2019/09/10 00:04:59 [/shop/shopping/load_payment_module.php] SendRequest:https://p01.mul-pay.jp/payment/SearchMember.idPass from 81.164.191.10
2019/09/10 00:04:59 [/shop/shopping/load_payment_module.php] Array
(
    [SiteID] => mst0000007602
    [SitePass] => ******
    [MemberID] => 6387
)
 from 81.164.191.10
2019/09/10 00:04:59 [/shop/shopping/load_payment_module.php] ErrCode=E01&ErrInfo=E01390002 from 81.164.191.10
2019/09/10 00:04:59 [/shop/shopping/load_payment_module.php] Array
(
    [0] => Array
        (
            [ErrCode] => E01
            [ErrInfo] => E01390002
        )

)
 from 81.164.191.10
2019/09/10 00:04:59 [/shop/shopping/load_payment_module.php] SendRequest:https://p01.mul-pay.jp/payment/SearchCard.idPass from 81.164.191.10
2019/09/10 00:04:59 [/shop/shopping/load_payment_module.php] Array
(
    [SiteID] => mst0000007602
    [SitePass] => ******
    [MemberID] => 6387
)
 from 81.164.191.10
2019/09/10 00:04:59 [/shop/shopping/load_payment_module.php] ErrCode=E01|E01&ErrInfo=E01390002|E01240002 from 81.164.191.10
2019/09/10 00:04:59 [/shop/shopping/load_payment_module.php] Array
(
    [0] => Array
        (
            [ErrCode] => E01
            [ErrInfo] => E01390002
        )

    [1] => Array
        (
            [ErrCode] => E01
            [ErrInfo] => E01240002
        )

)
 from 81.164.191.10
2019/09/10 00:05:49 [/shop/shopping/load_payment_module.php] SendRequest:https://p01.mul-pay.jp/payment/SearchMember.idPass from 81.164.191.10
2019/09/10 00:05:49 [/shop/shopping/load_payment_module.php] Array
(
    [SiteID] => mst0000007602
    [SitePass] => ******
    [MemberID] => 6387
)
 from 81.164.191.10
2019/09/10 00:05:49 [/shop/shopping/load_payment_module.php] ErrCode=E01&ErrInfo=E01390002 from 81.164.191.10
2019/09/10 00:05:49 [/shop/shopping/load_payment_module.php] Array
(
    [0] => Array
        (
            [ErrCode] => E01
            [ErrInfo] => E01390002
        )

)
 from 81.164.191.10
2019/09/10 00:05:49 [/shop/shopping/load_payment_module.php] SendRequest:https://p01.mul-pay.jp/payment/SearchCard.idPass from 81.164.191.10
2019/09/10 00:05:49 [/shop/shopping/load_payment_module.php] Array
(
    [SiteID] => mst0000007602
    [SitePass] => ******
    [MemberID] => 6387
)
 from 81.164.191.10
2019/09/10 00:05:49 [/shop/shopping/load_payment_module.php] ErrCode=E01|E01&ErrInfo=E01390002|E01240002 from 81.164.191.10
2019/09/10 00:05:50 [/shop/shopping/load_payment_module.php] Array
(
    [0] => Array
        (
            [ErrCode] => E01
            [ErrInfo] => E01390002
        )

    [1] => Array
        (
            [ErrCode] => E01
            [ErrInfo] => E01240002
        )

)
 from 81.164.191.10
2019/09/10 00:05:50 [/shop/shopping/load_payment_module.php] SendRequest:https://p01.mul-pay.jp/payment/EntryTran.idPass from 81.164.191.10
2019/09/10 00:05:50 [/shop/shopping/load_payment_module.php] Array
(
    [ShopID] => 9000034600950
    [ShopPass] => ******
    [OrderID] => 939981-10000550
    [JobCd] => CAPTURE
    [Amount] => 10881
    [TdFlag] => 0
    [TdTenantName] => 
)
 from 81.164.191.10
2019/09/10 00:05:50 [/shop/shopping/load_payment_module.php] AccessID=c28d0ada85b1a89b4a29500b5f227473&AccessPass=c88b288d79f6f1b22ad1af92ca45a1d5 from 81.164.191.10
2019/09/10 00:05:50 [/shop/shopping/load_payment_module.php] Array
(
    [0] => Array
        (
            [AccessID] => c28d0ada85b1a89b4a29500b5f227473
            [AccessPass] => c88b288d79f6f1b22ad1af92ca45a1d5
        )

)
 from 81.164.191.10
2019/09/10 00:05:50 [/shop/shopping/load_payment_module.php] load_payment_module.php set payment data:Array
(
    [AccessID] => c28d0ada85b1a89b4a29500b5f227473
    [AccessPass] => c88b288d79f6f1b22ad1af92ca45a1d5
    [OrderID] => 939981-10000550
    [Amount] => 10881
    [JobCd] => CAPTURE
    [action_status] => 1
    [pay_status] => 0
)
 from 81.164.191.10
2019/09/10 00:05:50 [/shop/shopping/load_payment_module.php] SendRequest:https://p01.mul-pay.jp/payment/ExecTran.idPass from 81.164.191.10
2019/09/10 00:05:50 [/shop/shopping/load_payment_module.php] Array
(
    [AccessID] => c28d0ada85b1a89b4a29500b5f227473
    [AccessPass] => c88b288d79f6f1b22ad1af92ca45a1d5
    [OrderID] => 939981-10000550
    [Method] => 1
    [Token] => 10cb91181a4f94d9db8b2f1e1c8a9e546261e991be1a49d911c6419d4b8b7a89
    [ClientField1] => 
    [ClientField2] => 
    [ClientField3] => EC-CUBE4.3.24
)
 from 81.164.191.10
2019/09/10 00:05:51 [/shop/shopping/load_payment_module.php] ACS=0&OrderID=939981-10000550&Forward=2a99661&Method=1&PayTimes=&Approve=0000018&TranID=1909100005602257210134111740&TranDate=20190910000551&CheckString=d2270734b498c0e05c6cbc774d83364d from 81.164.191.10
2019/09/10 00:05:51 [/shop/shopping/load_payment_module.php] Array
(
    [0] => Array
        (
            [ACS] => 0
            [OrderID] => 939981-10000550
            [Forward] => 2a99661
            [Method] => 1
            [PayTimes] => 
            [Approve] => 0000018
            [TranID] => 1909100005602257210134111740
            [TranDate] => 20190910000551
            [CheckString] => d2270734b498c0e05c6cbc774d83364d
        )

)
 from 81.164.191.10
2019/09/10 00:05:51 [/shop/shopping/load_payment_module.php] load_payment_module.php set payment data:Array
(
    [ACS] => 0
    [Forward] => 2a99661
    [Method] => 1
    [PayTimes] => 
    [Approve] => 0000018
    [TranID] => 1909100005602257210134111740
    [TranDate] => 20190910000551
    [CheckString] => d2270734b498c0e05c6cbc774d83364d
    [Amount] => 10881
    [JobCd] => CAPTURE
    [action_status] => 3
    [pay_status] => 13
)
 from 81.164.191.10
2019/09/10 00:05:51 [/shop/user_data/pg_mulpay_recv.php] ******* receiveer data start ******* from 210.175.7.20
2019/09/10 00:05:51 [/shop/user_data/pg_mulpay_recv.php] Array
(
    [ShopID] => 9000034600950
    [ShopPass] => **********
    [AccessID] => c28d0ada85b1a89b4a29500b5f227473
    [AccessPass] => ********************************
    [OrderID] => 939981-10000550
    [Status] => CAPTURE
    [JobCd] => CAPTURE
    [Amount] => 10881
    [Tax] => 0
    [Currency] => JPN
    [Forward] => 2a99661
    [Method] => 1
    [PayTimes] => 
    [TranID] => 1909100005602257210134111740
    [Approve] => 0000018
    [TranDate] => 20190910000551
    [ErrCode] => 
    [ErrInfo] => 
    [PayType] => 0
)
 from 210.175.7.20
2019/09/10 00:05:51 [/shop/user_data/pg_mulpay_recv.php] ******* receiveer data end ******* from 210.175.7.20
2019/09/10 00:05:56 [/shop/user_data/pg_mulpay_recv.php] update order status:1 order_id=939981 from 210.175.7.20
2019/09/10 00:05:56 [/shop/user_data/pg_mulpay_recv.php] pg_mulpay_recv.php set payment data:Array
(
    [ShopID] => 9000034600950
    [AccessID] => c28d0ada85b1a89b4a29500b5f227473
    [OrderID] => 939981-10000550
    [Status] => CAPTURE
    [JobCd] => CAPTURE
    [Amount] => 10881
    [Tax] => 0
    [Currency] => JPN
    [Forward] => 2a99661
    [Method] => 1
    [PayTimes] => 
    [TranID] => 1909100005602257210134111740
    [Approve] => 0000018
    [TranDate] => 20190910000551
    [ErrCode] => 
    [ErrInfo] => 
    [PayType] => 0
    [CvsCode] => 
    [CvsConfNo] => 
    [CvsReceiptNo] => 
    [EdyReceiptNo] => 
    [EdyOrderNo] => 
    [SuicaReceiptNo] => 
    [SuicaOrderNo] => 
    [CustID] => 
    [BkCode] => 
    [ConfNo] => 
    [PaymentTerm] => 
    [EncryptReceiptNo] => 
    [FinishDate] => 
    [ReceiptDate] => 
    [WebMoneyManagementNo] => 
    [WebMoneySettleCode] => 
    [AuPayInfoNo] => 
    [AuPayMethod] => 
    [AuCancelAmount] => 
    [AuCancelTax] => 
    [DocomoSettlementCode] => 
    [DocomoCancelAmount] => 
    [DocomoCancelTax] => 
    [pay_status] => 13
)
 from 210.175.7.20
2019/09/10 00:05:56 [/shop/user_data/pg_mulpay_recv.php] response:true from 210.175.7.20
2019/09/10 01:19:48 [/shop/shopping/load_payment_module.php] SendRequest:https://p01.mul-pay.jp/payment/EntryTran.idPass from 122.249.138.241
2019/09/10 01:19:48 [/shop/shopping/load_payment_module.php] Array
(
    [ShopID] => 9000034600950
    [ShopPass] => ******
    [OrderID] => 939982-10011948
    [JobCd] => CAPTURE
    [Amount] => 2190
    [TdFlag] => 0
    [TdTenantName] => 
)
 from 122.249.138.241
2019/09/10 01:19:48 [/shop/shopping/load_payment_module.php] AccessID=f6a973e5e93cf2e6db58358e4965e8e9&AccessPass=4336744945edd4db0f9d5f50273a2bbd from 122.249.138.241
2019/09/10 01:19:48 [/shop/shopping/load_payment_module.php] Array
(
    [0] => Array
        (
            [AccessID] => f6a973e5e93cf2e6db58358e4965e8e9
            [AccessPass] => 4336744945edd4db0f9d5f50273a2bbd
        )

)
 from 122.249.138.241
2019/09/10 01:19:48 [/shop/shopping/load_payment_module.php] load_payment_module.php set payment data:Array
(
    [AccessID] => f6a973e5e93cf2e6db58358e4965e8e9
    [AccessPass] => 4336744945edd4db0f9d5f50273a2bbd
    [OrderID] => 939982-10011948
    [Amount] => 2190
    [JobCd] => CAPTURE
    [action_status] => 1
    [pay_status] => 0
)
 from 122.249.138.241
2019/09/10 01:19:48 [/shop/shopping/load_payment_module.php] SendRequest:https://p01.mul-pay.jp/payment/ExecTran.idPass from 122.249.138.241
2019/09/10 01:19:48 [/shop/shopping/load_payment_module.php] Array
(
    [AccessID] => f6a973e5e93cf2e6db58358e4965e8e9
    [AccessPass] => 4336744945edd4db0f9d5f50273a2bbd
    [OrderID] => 939982-10011948
    [Method] => 1
    [Token] => c4aae9b082539c3539f3a1f1728555ce3c6311b8319add63d10ccf2dbb2befd6
    [ClientField1] => 
    [ClientField2] => 
    [ClientField3] => EC-CUBE4.3.24
)
 from 122.249.138.241
2019/09/10 01:19:49 [/shop/shopping/load_payment_module.php] ACS=0&OrderID=939982-10011948&Forward=2S49631&Method=1&PayTimes=&Approve=0840074&TranID=1909100119602257210134121708&TranDate=20190910011949&CheckString=1c1f623276830895c98d1707f0486922 from 122.249.138.241
2019/09/10 01:19:49 [/shop/shopping/load_payment_module.php] Array
(
    [0] => Array
        (
            [ACS] => 0
            [OrderID] => 939982-10011948
            [Forward] => 2S49631
            [Method] => 1
            [PayTimes] => 
            [Approve] => 0840074
            [TranID] => 1909100119602257210134121708
            [TranDate] => 20190910011949
            [CheckString] => 1c1f623276830895c98d1707f0486922
        )

)
 from 122.249.138.241
2019/09/10 01:19:49 [/shop/shopping/load_payment_module.php] load_payment_module.php set payment data:Array
(
    [ACS] => 0
    [Forward] => 2S49631
    [Method] => 1
    [PayTimes] => 
    [Approve] => 0840074
    [TranID] => 1909100119602257210134121708
    [TranDate] => 20190910011949
    [CheckString] => 1c1f623276830895c98d1707f0486922
    [Amount] => 2190
    [JobCd] => CAPTURE
    [action_status] => 3
    [pay_status] => 13
)
 from 122.249.138.241
2019/09/10 01:19:49 [/shop/user_data/pg_mulpay_recv.php] ******* receiveer data start ******* from 210.175.7.20
2019/09/10 01:19:49 [/shop/user_data/pg_mulpay_recv.php] Array
(
    [ShopID] => 9000034600950
    [ShopPass] => **********
    [AccessID] => f6a973e5e93cf2e6db58358e4965e8e9
    [AccessPass] => ********************************
    [OrderID] => 939982-10011948
    [Status] => CAPTURE
    [JobCd] => CAPTURE
    [Amount] => 2190
    [Tax] => 0
    [Currency] => JPN
    [Forward] => 2S49631
    [Method] => 1
    [PayTimes] => 
    [TranID] => 1909100119602257210134121708
    [Approve] => 0840074
    [TranDate] => 20190910011949
    [ErrCode] => 
    [ErrInfo] => 
    [PayType] => 0
)
 from 210.175.7.20
2019/09/10 01:19:49 [/shop/user_data/pg_mulpay_recv.php] ******* receiveer data end ******* from 210.175.7.20
2019/09/10 01:19:54 [/shop/user_data/pg_mulpay_recv.php] update order status:1 order_id=939982 from 210.175.7.20
2019/09/10 01:19:55 [/shop/user_data/pg_mulpay_recv.php] pg_mulpay_recv.php set payment data:Array
(
    [ShopID] => 9000034600950
    [AccessID] => f6a973e5e93cf2e6db58358e4965e8e9
    [OrderID] => 939982-10011948
    [Status] => CAPTURE
    [JobCd] => CAPTURE
    [Amount] => 2190
    [Tax] => 0
    [Currency] => JPN
    [Forward] => 2S49631
    [Method] => 1
    [PayTimes] => 
    [TranID] => 1909100119602257210134121708
    [Approve] => 0840074
    [TranDate] => 20190910011949
    [ErrCode] => 
    [ErrInfo] => 
    [PayType] => 0
    [CvsCode] => 
    [CvsConfNo] => 
    [CvsReceiptNo] => 
    [EdyReceiptNo] => 
    [EdyOrderNo] => 
    [SuicaReceiptNo] => 
    [SuicaOrderNo] => 
    [CustID] => 
    [BkCode] => 
    [ConfNo] => 
    [PaymentTerm] => 
    [EncryptReceiptNo] => 
    [FinishDate] => 
    [ReceiptDate] => 
    [WebMoneyManagementNo] => 
    [WebMoneySettleCode] => 
    [AuPayInfoNo] => 
    [AuPayMethod] => 
    [AuCancelAmount] => 
    [AuCancelTax] => 
    [DocomoSettlementCode] => 
    [DocomoCancelAmount] => 
    [DocomoCancelTax] => 
    [pay_status] => 13
)
 from 210.175.7.20
2019/09/10 01:19:55 [/shop/user_data/pg_mulpay_recv.php] response:true from 210.175.7.20
2019/09/10 02:35:45 [/shop/shopping/load_payment_module.php] SendRequest:https://p01.mul-pay.jp/payment/EntryTran.idPass from 61.123.96.185
2019/09/10 02:35:45 [/shop/shopping/load_payment_module.php] Array
(
    [ShopID] => 9000034600950
    [ShopPass] => ******
    [OrderID] => 939983-10023545
    [JobCd] => CAPTURE
    [Amount] => 4390
    [TdFlag] => 0
    [TdTenantName] => 
)
 from 61.123.96.185
2019/09/10 02:35:45 [/shop/shopping/load_payment_module.php] AccessID=bee45bd7877f8d05de6fa559f26e65c0&AccessPass=7143e2552f70c4db2e0279c13cbae18b from 61.123.96.185
2019/09/10 02:35:45 [/shop/shopping/load_payment_module.php] Array
(
    [0] => Array
        (
            [AccessID] => bee45bd7877f8d05de6fa559f26e65c0
            [AccessPass] => 7143e2552f70c4db2e0279c13cbae18b
        )

)
 from 61.123.96.185
2019/09/10 02:35:45 [/shop/shopping/load_payment_module.php] load_payment_module.php set payment data:Array
(
    [AccessID] => bee45bd7877f8d05de6fa559f26e65c0
    [AccessPass] => 7143e2552f70c4db2e0279c13cbae18b
    [OrderID] => 939983-10023545
    [Amount] => 4390
    [JobCd] => CAPTURE
    [action_status] => 1
    [pay_status] => 0
)
 from 61.123.96.185
2019/09/10 02:35:45 [/shop/shopping/load_payment_module.php] SendRequest:https://p01.mul-pay.jp/payment/ExecTran.idPass from 61.123.96.185
2019/09/10 02:35:45 [/shop/shopping/load_payment_module.php] Array
(
    [AccessID] => bee45bd7877f8d05de6fa559f26e65c0
    [AccessPass] => 7143e2552f70c4db2e0279c13cbae18b
    [OrderID] => 939983-10023545
    [Method] => 1
    [Token] => 59fb3fa7ecd32e78f5651a3619458381ba1fb8fd8fa02b3cca8eb8ea82252b56
    [ClientField1] => 
    [ClientField2] => 
    [ClientField3] => EC-CUBE4.3.24
)
 from 61.123.96.185
2019/09/10 02:35:46 [/shop/shopping/load_payment_module.php] ACS=0&OrderID=939983-10023545&Forward=2S49631&Method=1&PayTimes=&Approve=0063723&TranID=1909100235602257210134121709&TranDate=20190910023546&CheckString=d6bd1adaa035b1cf4eb5a05bfc092321 from 61.123.96.185
2019/09/10 02:35:46 [/shop/shopping/load_payment_module.php] Array
(
    [0] => Array
        (
            [ACS] => 0
            [OrderID] => 939983-10023545
            [Forward] => 2S49631
            [Method] => 1
            [PayTimes] => 
            [Approve] => 0063723
            [TranID] => 1909100235602257210134121709
            [TranDate] => 20190910023546
            [CheckString] => d6bd1adaa035b1cf4eb5a05bfc092321
        )

)
 from 61.123.96.185
2019/09/10 02:35:46 [/shop/shopping/load_payment_module.php] load_payment_module.php set payment data:Array
(
    [ACS] => 0
    [Forward] => 2S49631
    [Method] => 1
    [PayTimes] => 
    [Approve] => 0063723
    [TranID] => 1909100235602257210134121709
    [TranDate] => 20190910023546
    [CheckString] => d6bd1adaa035b1cf4eb5a05bfc092321
    [Amount] => 4390
    [JobCd] => CAPTURE
    [action_status] => 3
    [pay_status] => 13
)
 from 61.123.96.185
2019/09/10 02:35:46 [/shop/user_data/pg_mulpay_recv.php] ******* receiveer data start ******* from 210.175.7.20
2019/09/10 02:35:46 [/shop/user_data/pg_mulpay_recv.php] Array
(
    [ShopID] => 9000034600950
    [ShopPass] => **********
    [AccessID] => bee45bd7877f8d05de6fa559f26e65c0
    [AccessPass] => ********************************
    [OrderID] => 939983-10023545
    [Status] => CAPTURE
    [JobCd] => CAPTURE
    [Amount] => 4390
    [Tax] => 0
    [Currency] => JPN
    [Forward] => 2S49631
    [Method] => 1
    [PayTimes] => 
    [TranID] => 1909100235602257210134121709
    [Approve] => 0063723
    [TranDate] => 20190910023546
    [ErrCode] => 
    [ErrInfo] => 
    [PayType] => 0
)
 from 210.175.7.20
2019/09/10 02:35:46 [/shop/user_data/pg_mulpay_recv.php] ******* receiveer data end ******* from 210.175.7.20
2019/09/10 02:35:51 [/shop/user_data/pg_mulpay_recv.php] update order status:1 order_id=939983 from 210.175.7.20
2019/09/10 02:35:51 [/shop/user_data/pg_mulpay_recv.php] pg_mulpay_recv.php set payment data:Array
(
    [ShopID] => 9000034600950
    [AccessID] => bee45bd7877f8d05de6fa559f26e65c0
    [OrderID] => 939983-10023545
    [Status] => CAPTURE
    [JobCd] => CAPTURE
    [Amount] => 4390
    [Tax] => 0
    [Currency] => JPN
    [Forward] => 2S49631
    [Method] => 1
    [PayTimes] => 
    [TranID] => 1909100235602257210134121709
    [Approve] => 0063723
    [TranDate] => 20190910023546
    [ErrCode] => 
    [ErrInfo] => 
    [PayType] => 0
    [CvsCode] => 
    [CvsConfNo] => 
    [CvsReceiptNo] => 
    [EdyReceiptNo] => 
    [EdyOrderNo] => 
    [SuicaReceiptNo] => 
    [SuicaOrderNo] => 
    [CustID] => 
    [BkCode] => 
    [ConfNo] => 
    [PaymentTerm] => 
    [EncryptReceiptNo] => 
    [FinishDate] => 
    [ReceiptDate] => 
    [WebMoneyManagementNo] => 
    [WebMoneySettleCode] => 
    [AuPayInfoNo] => 
    [AuPayMethod] => 
    [AuCancelAmount] => 
    [AuCancelTax] => 
    [DocomoSettlementCode] => 
    [DocomoCancelAmount] => 
    [DocomoCancelTax] => 
    [pay_status] => 13
)
 from 210.175.7.20
2019/09/10 02:35:51 [/shop/user_data/pg_mulpay_recv.php] response:true from 210.175.7.20
2019/09/10 03:26:28 [/shop/shopping/load_payment_module.php] SendRequest:https://p01.mul-pay.jp/payment/SearchMember.idPass from 208.185.191.2
2019/09/10 03:26:28 [/shop/shopping/load_payment_module.php] Array
(
    [SiteID] => mst0000007602
    [SitePass] => ******
    [MemberID] => 1095
)
 from 208.185.191.2
2019/09/10 03:26:28 [/shop/shopping/load_payment_module.php] ErrCode=E01&ErrInfo=E01390002 from 208.185.191.2
2019/09/10 03:26:28 [/shop/shopping/load_payment_module.php] Array
(
    [0] => Array
        (
            [ErrCode] => E01
            [ErrInfo] => E01390002
        )

)
 from 208.185.191.2
2019/09/10 03:26:28 [/shop/shopping/load_payment_module.php] SendRequest:https://p01.mul-pay.jp/payment/SearchCard.idPass from 208.185.191.2
2019/09/10 03:26:28 [/shop/shopping/load_payment_module.php] Array
(
    [SiteID] => mst0000007602
    [SitePass] => ******
    [MemberID] => 1095
)
 from 208.185.191.2
2019/09/10 03:26:28 [/shop/shopping/load_payment_module.php] ErrCode=E01|E01&ErrInfo=E01390002|E01240002 from 208.185.191.2
2019/09/10 03:26:28 [/shop/shopping/load_payment_module.php] Array
(
    [0] => Array
        (
            [ErrCode] => E01
            [ErrInfo] => E01390002
        )

    [1] => Array
        (
            [ErrCode] => E01
            [ErrInfo] => E01240002
        )

)
 from 208.185.191.2
2019/09/10 03:27:43 [/shop/shopping/load_payment_module.php] SendRequest:https://p01.mul-pay.jp/payment/SearchMember.idPass from 208.185.191.2
2019/09/10 03:27:43 [/shop/shopping/load_payment_module.php] Array
(
    [SiteID] => mst0000007602
    [SitePass] => ******
    [MemberID] => 1095
)
 from 208.185.191.2
2019/09/10 03:27:43 [/shop/shopping/load_payment_module.php] ErrCode=E01&ErrInfo=E01390002 from 208.185.191.2
2019/09/10 03:27:43 [/shop/shopping/load_payment_module.php] Array
(
    [0] => Array
        (
            [ErrCode] => E01
            [ErrInfo] => E01390002
        )

)
 from 208.185.191.2
2019/09/10 03:27:43 [/shop/shopping/load_payment_module.php] SendRequest:https://p01.mul-pay.jp/payment/SearchCard.idPass from 208.185.191.2
2019/09/10 03:27:43 [/shop/shopping/load_payment_module.php] Array
(
    [SiteID] => mst0000007602
    [SitePass] => ******
    [MemberID] => 1095
)
 from 208.185.191.2
2019/09/10 03:27:43 [/shop/shopping/load_payment_module.php] ErrCode=E01|E01&ErrInfo=E01390002|E01240002 from 208.185.191.2
2019/09/10 03:27:43 [/shop/shopping/load_payment_module.php] Array
(
    [0] => Array
        (
            [ErrCode] => E01
            [ErrInfo] => E01390002
        )

    [1] => Array
        (
            [ErrCode] => E01
            [ErrInfo] => E01240002
        )

)
 from 208.185.191.2
2019/09/10 03:27:43 [/shop/shopping/load_payment_module.php] SendRequest:https://p01.mul-pay.jp/payment/EntryTran.idPass from 208.185.191.2
2019/09/10 03:27:43 [/shop/shopping/load_payment_module.php] Array
(
    [ShopID] => 9000034600950
    [ShopPass] => ******
    [OrderID] => 939984-10032743
    [JobCd] => CAPTURE
    [Amount] => 3270
    [TdFlag] => 0
    [TdTenantName] => 
)
 from 208.185.191.2
2019/09/10 03:27:43 [/shop/shopping/load_payment_module.php] AccessID=29593a3e5fcb233a16ab88e74661225b&AccessPass=ac622bcaa587b3a5f9fc164bf4c78cf9 from 208.185.191.2
2019/09/10 03:27:43 [/shop/shopping/load_payment_module.php] Array
(
    [0] => Array
        (
            [AccessID] => 29593a3e5fcb233a16ab88e74661225b
            [AccessPass] => ac622bcaa587b3a5f9fc164bf4c78cf9
        )

)
 from 208.185.191.2
2019/09/10 03:27:43 [/shop/shopping/load_payment_module.php] load_payment_module.php set payment data:Array
(
    [AccessID] => 29593a3e5fcb233a16ab88e74661225b
    [AccessPass] => ac622bcaa587b3a5f9fc164bf4c78cf9
    [OrderID] => 939984-10032743
    [Amount] => 3270
    [JobCd] => CAPTURE
    [action_status] => 1
    [pay_status] => 0
)
 from 208.185.191.2
2019/09/10 03:27:43 [/shop/shopping/load_payment_module.php] SendRequest:https://p01.mul-pay.jp/payment/ExecTran.idPass from 208.185.191.2
2019/09/10 03:27:43 [/shop/shopping/load_payment_module.php] Array
(
    [AccessID] => 29593a3e5fcb233a16ab88e74661225b
    [AccessPass] => ac622bcaa587b3a5f9fc164bf4c78cf9
    [OrderID] => 939984-10032743
    [Method] => 1
    [Token] => 0e48e9c689b29f0e20422f38032f3d782623de4e0fbbecb971af75a1e83cdcad
    [ClientField1] => 
    [ClientField2] => 
    [ClientField3] => EC-CUBE4.3.24
)
 from 208.185.191.2
2019/09/10 03:27:45 [/shop/shopping/load_payment_module.php] ACS=0&OrderID=939984-10032743&Forward=2a99661&Method=1&PayTimes=&Approve=0000050&TranID=1909100327602257210134121710&TranDate=20190910032745&CheckString=163834ada57db44b948c90f437a53840 from 208.185.191.2
2019/09/10 03:27:45 [/shop/shopping/load_payment_module.php] Array
(
    [0] => Array
        (
            [ACS] => 0
            [OrderID] => 939984-10032743
            [Forward] => 2a99661
            [Method] => 1
            [PayTimes] => 
            [Approve] => 0000050
            [TranID] => 1909100327602257210134121710
            [TranDate] => 20190910032745
            [CheckString] => 163834ada57db44b948c90f437a53840
        )

)
 from 208.185.191.2
2019/09/10 03:27:45 [/shop/shopping/load_payment_module.php] load_payment_module.php set payment data:Array
(
    [ACS] => 0
    [Forward] => 2a99661
    [Method] => 1
    [PayTimes] => 
    [Approve] => 0000050
    [TranID] => 1909100327602257210134121710
    [TranDate] => 20190910032745
    [CheckString] => 163834ada57db44b948c90f437a53840
    [Amount] => 3270
    [JobCd] => CAPTURE
    [action_status] => 3
    [pay_status] => 13
)
 from 208.185.191.2
2019/09/10 03:27:45 [/shop/user_data/pg_mulpay_recv.php] ******* receiveer data start ******* from 210.175.7.20
2019/09/10 03:27:45 [/shop/user_data/pg_mulpay_recv.php] Array
(
    [ShopID] => 9000034600950
    [ShopPass] => **********
    [AccessID] => 29593a3e5fcb233a16ab88e74661225b
    [AccessPass] => ********************************
    [OrderID] => 939984-10032743
    [Status] => CAPTURE
    [JobCd] => CAPTURE
    [Amount] => 3270
    [Tax] => 0
    [Currency] => JPN
    [Forward] => 2a99661
    [Method] => 1
    [PayTimes] => 
    [TranID] => 1909100327602257210134121710
    [Approve] => 0000050
    [TranDate] => 20190910032745
    [ErrCode] => 
    [ErrInfo] => 
    [PayType] => 0
)
 from 210.175.7.20
2019/09/10 03:27:45 [/shop/user_data/pg_mulpay_recv.php] ******* receiveer data end ******* from 210.175.7.20
2019/09/10 03:27:50 [/shop/user_data/pg_mulpay_recv.php] update order status:1 order_id=939984 from 210.175.7.20
2019/09/10 03:27:50 [/shop/user_data/pg_mulpay_recv.php] pg_mulpay_recv.php set payment data:Array
(
    [ShopID] => 9000034600950
    [AccessID] => 29593a3e5fcb233a16ab88e74661225b
    [OrderID] => 939984-10032743
    [Status] => CAPTURE
    [JobCd] => CAPTURE
    [Amount] => 3270
    [Tax] => 0
    [Currency] => JPN
    [Forward] => 2a99661
    [Method] => 1
    [PayTimes] => 
    [TranID] => 1909100327602257210134121710
    [Approve] => 0000050
    [TranDate] => 20190910032745
    [ErrCode] => 
    [ErrInfo] => 
    [PayType] => 0
    [CvsCode] => 
    [CvsConfNo] => 
    [CvsReceiptNo] => 
    [EdyReceiptNo] => 
    [EdyOrderNo] => 
    [SuicaReceiptNo] => 
    [SuicaOrderNo] => 
    [CustID] => 
    [BkCode] => 
    [ConfNo] => 
    [PaymentTerm] => 
    [EncryptReceiptNo] => 
    [FinishDate] => 
    [ReceiptDate] => 
    [WebMoneyManagementNo] => 
    [WebMoneySettleCode] => 
    [AuPayInfoNo] => 
    [AuPayMethod] => 
    [AuCancelAmount] => 
    [AuCancelTax] => 
    [DocomoSettlementCode] => 
    [DocomoCancelAmount] => 
    [DocomoCancelTax] => 
    [pay_status] => 13
)
 from 210.175.7.20
2019/09/10 03:27:50 [/shop/user_data/pg_mulpay_recv.php] response:true from 210.175.7.20
2019/09/10 05:48:42 [/shop/shopping/load_payment_module.php] SendRequest:https://p01.mul-pay.jp/payment/SearchMember.idPass from 189.146.117.96
2019/09/10 05:48:42 [/shop/shopping/load_payment_module.php] Array
(
    [SiteID] => mst0000007602
    [SitePass] => ******
    [MemberID] => 2231
)
 from 189.146.117.96
2019/09/10 05:48:42 [/shop/shopping/load_payment_module.php] ErrCode=E01&ErrInfo=E01390002 from 189.146.117.96
2019/09/10 05:48:42 [/shop/shopping/load_payment_module.php] Array
(
    [0] => Array
        (
            [ErrCode] => E01
            [ErrInfo] => E01390002
        )

)
 from 189.146.117.96
2019/09/10 05:48:42 [/shop/shopping/load_payment_module.php] SendRequest:https://p01.mul-pay.jp/payment/SearchCard.idPass from 189.146.117.96
2019/09/10 05:48:42 [/shop/shopping/load_payment_module.php] Array
(
    [SiteID] => mst0000007602
    [SitePass] => ******
    [MemberID] => 2231
)
 from 189.146.117.96
2019/09/10 05:48:42 [/shop/shopping/load_payment_module.php] ErrCode=E01|E01&ErrInfo=E01390002|E01240002 from 189.146.117.96
2019/09/10 05:48:42 [/shop/shopping/load_payment_module.php] Array
(
    [0] => Array
        (
            [ErrCode] => E01
            [ErrInfo] => E01390002
        )

    [1] => Array
        (
            [ErrCode] => E01
            [ErrInfo] => E01240002
        )

)
 from 189.146.117.96
2019/09/10 05:50:11 [/shop/shopping/load_payment_module.php] SendRequest:https://p01.mul-pay.jp/payment/SearchMember.idPass from 189.146.117.96
2019/09/10 05:50:11 [/shop/shopping/load_payment_module.php] Array
(
    [SiteID] => mst0000007602
    [SitePass] => ******
    [MemberID] => 2231
)
 from 189.146.117.96
2019/09/10 05:50:11 [/shop/shopping/load_payment_module.php] ErrCode=E01&ErrInfo=E01390002 from 189.146.117.96
2019/09/10 05:50:11 [/shop/shopping/load_payment_module.php] Array
(
    [0] => Array
        (
            [ErrCode] => E01
            [ErrInfo] => E01390002
        )

)
 from 189.146.117.96
2019/09/10 05:50:11 [/shop/shopping/load_payment_module.php] SendRequest:https://p01.mul-pay.jp/payment/SearchCard.idPass from 189.146.117.96
2019/09/10 05:50:11 [/shop/shopping/load_payment_module.php] Array
(
    [SiteID] => mst0000007602
    [SitePass] => ******
    [MemberID] => 2231
)
 from 189.146.117.96
2019/09/10 05:50:11 [/shop/shopping/load_payment_module.php] ErrCode=E01|E01&ErrInfo=E01390002|E01240002 from 189.146.117.96
2019/09/10 05:50:11 [/shop/shopping/load_payment_module.php] Array
(
    [0] => Array
        (
            [ErrCode] => E01
            [ErrInfo] => E01390002
        )

    [1] => Array
        (
            [ErrCode] => E01
            [ErrInfo] => E01240002
        )

)
 from 189.146.117.96
2019/09/10 05:50:11 [/shop/shopping/load_payment_module.php] SendRequest:https://p01.mul-pay.jp/payment/EntryTran.idPass from 189.146.117.96
2019/09/10 05:50:11 [/shop/shopping/load_payment_module.php] Array
(
    [ShopID] => 9000034600950
    [ShopPass] => ******
    [OrderID] => 939985-10055011
    [JobCd] => CAPTURE
    [Amount] => 12660
    [TdFlag] => 0
    [TdTenantName] => 
)
 from 189.146.117.96
2019/09/10 05:50:11 [/shop/shopping/load_payment_module.php] AccessID=f41ed61225573fe746161ccd0334536f&AccessPass=fa0ef7ed95b9219e5859196c6e019066 from 189.146.117.96
2019/09/10 05:50:11 [/shop/shopping/load_payment_module.php] Array
(
    [0] => Array
        (
            [AccessID] => f41ed61225573fe746161ccd0334536f
            [AccessPass] => fa0ef7ed95b9219e5859196c6e019066
        )

)
 from 189.146.117.96
2019/09/10 05:50:11 [/shop/shopping/load_payment_module.php] load_payment_module.php set payment data:Array
(
    [AccessID] => f41ed61225573fe746161ccd0334536f
    [AccessPass] => fa0ef7ed95b9219e5859196c6e019066
    [OrderID] => 939985-10055011
    [Amount] => 12660
    [JobCd] => CAPTURE
    [action_status] => 1
    [pay_status] => 0
)
 from 189.146.117.96
2019/09/10 05:50:11 [/shop/shopping/load_payment_module.php] SendRequest:https://p01.mul-pay.jp/payment/ExecTran.idPass from 189.146.117.96
2019/09/10 05:50:11 [/shop/shopping/load_payment_module.php] Array
(
    [AccessID] => f41ed61225573fe746161ccd0334536f
    [AccessPass] => fa0ef7ed95b9219e5859196c6e019066
    [OrderID] => 939985-10055011
    [Method] => 1
    [Token] => 9939a32829d5346efe2c2b3a1d8b5df403776abea2746bde2e94163fc047e5a8
    [ClientField1] => 
    [ClientField2] => 
    [ClientField3] => EC-CUBE4.3.24
)
 from 189.146.117.96
2019/09/10 05:50:12 [/shop/shopping/load_payment_module.php] ACS=0&OrderID=939985-10055011&Forward=2959876&Method=1&PayTimes=&Approve=0809820&TranID=1909100550602257210134111741&TranDate=20190910055012&CheckString=19dedfae80f30f9c1275912c80ad23f5 from 189.146.117.96
2019/09/10 05:50:12 [/shop/shopping/load_payment_module.php] Array
(
    [0] => Array
        (
            [ACS] => 0
            [OrderID] => 939985-10055011
            [Forward] => 2959876
            [Method] => 1
            [PayTimes] => 
            [Approve] => 0809820
            [TranID] => 1909100550602257210134111741
            [TranDate] => 20190910055012
            [CheckString] => 19dedfae80f30f9c1275912c80ad23f5
        )

)
 from 189.146.117.96
2019/09/10 05:50:12 [/shop/shopping/load_payment_module.php] load_payment_module.php set payment data:Array
(
    [ACS] => 0
    [Forward] => 2959876
    [Method] => 1
    [PayTimes] => 
    [Approve] => 0809820
    [TranID] => 1909100550602257210134111741
    [TranDate] => 20190910055012
    [CheckString] => 19dedfae80f30f9c1275912c80ad23f5
    [Amount] => 12660
    [JobCd] => CAPTURE
    [action_status] => 3
    [pay_status] => 13
)
 from 189.146.117.96
2019/09/10 05:50:12 [/shop/user_data/pg_mulpay_recv.php] ******* receiveer data start ******* from 210.175.7.20
2019/09/10 05:50:12 [/shop/user_data/pg_mulpay_recv.php] Array
(
    [ShopID] => 9000034600950
    [ShopPass] => **********
    [AccessID] => f41ed61225573fe746161ccd0334536f
    [AccessPass] => ********************************
    [OrderID] => 939985-10055011
    [Status] => CAPTURE
    [JobCd] => CAPTURE
    [Amount] => 12660
    [Tax] => 0
    [Currency] => JPN
    [Forward] => 2959876
    [Method] => 1
    [PayTimes] => 
    [TranID] => 1909100550602257210134111741
    [Approve] => 0809820
    [TranDate] => 20190910055012
    [ErrCode] => 
    [ErrInfo] => 
    [PayType] => 0
)
 from 210.175.7.20
2019/09/10 05:50:12 [/shop/user_data/pg_mulpay_recv.php] ******* receiveer data end ******* from 210.175.7.20
2019/09/10 05:50:17 [/shop/user_data/pg_mulpay_recv.php] update order status:1 order_id=939985 from 210.175.7.20
2019/09/10 05:50:17 [/shop/user_data/pg_mulpay_recv.php] pg_mulpay_recv.php set payment data:Array
(
    [ShopID] => 9000034600950
    [AccessID] => f41ed61225573fe746161ccd0334536f
    [OrderID] => 939985-10055011
    [Status] => CAPTURE
    [JobCd] => CAPTURE
    [Amount] => 12660
    [Tax] => 0
    [Currency] => JPN
    [Forward] => 2959876
    [Method] => 1
    [PayTimes] => 
    [TranID] => 1909100550602257210134111741
    [Approve] => 0809820
    [TranDate] => 20190910055012
    [ErrCode] => 
    [ErrInfo] => 
    [PayType] => 0
    [CvsCode] => 
    [CvsConfNo] => 
    [CvsReceiptNo] => 
    [EdyReceiptNo] => 
    [EdyOrderNo] => 
    [SuicaReceiptNo] => 
    [SuicaOrderNo] => 
    [CustID] => 
    [BkCode] => 
    [ConfNo] => 
    [PaymentTerm] => 
    [EncryptReceiptNo] => 
    [FinishDate] => 
    [ReceiptDate] => 
    [WebMoneyManagementNo] => 
    [WebMoneySettleCode] => 
    [AuPayInfoNo] => 
    [AuPayMethod] => 
    [AuCancelAmount] => 
    [AuCancelTax] => 
    [DocomoSettlementCode] => 
    [DocomoCancelAmount] => 
    [DocomoCancelTax] => 
    [pay_status] => 13
)
 from 210.175.7.20
2019/09/10 05:50:17 [/shop/user_data/pg_mulpay_recv.php] response:true from 210.175.7.20
2019/09/10 08:36:33 [/shop/shopping/load_payment_module.php] SendRequest:https://p01.mul-pay.jp/payment/EntryTran.idPass from 24.173.44.82
2019/09/10 08:36:33 [/shop/shopping/load_payment_module.php] Array
(
    [ShopID] => 9000034600950
    [ShopPass] => ******
    [OrderID] => 939986-10083633
    [JobCd] => CAPTURE
    [Amount] => 9870
    [TdFlag] => 0
    [TdTenantName] => 
)
 from 24.173.44.82
2019/09/10 08:36:33 [/shop/shopping/load_payment_module.php] AccessID=5419913eac937f783e3b2e70aac6823f&AccessPass=3de4bb46a846a428f87fd4752cf003aa from 24.173.44.82
2019/09/10 08:36:33 [/shop/shopping/load_payment_module.php] Array
(
    [0] => Array
        (
            [AccessID] => 5419913eac937f783e3b2e70aac6823f
            [AccessPass] => 3de4bb46a846a428f87fd4752cf003aa
        )

)
 from 24.173.44.82
2019/09/10 08:36:33 [/shop/shopping/load_payment_module.php] load_payment_module.php set payment data:Array
(
    [AccessID] => 5419913eac937f783e3b2e70aac6823f
    [AccessPass] => 3de4bb46a846a428f87fd4752cf003aa
    [OrderID] => 939986-10083633
    [Amount] => 9870
    [JobCd] => CAPTURE
    [action_status] => 1
    [pay_status] => 0
)
 from 24.173.44.82
2019/09/10 08:36:33 [/shop/shopping/load_payment_module.php] SendRequest:https://p01.mul-pay.jp/payment/ExecTran.idPass from 24.173.44.82
2019/09/10 08:36:33 [/shop/shopping/load_payment_module.php] Array
(
    [AccessID] => 5419913eac937f783e3b2e70aac6823f
    [AccessPass] => 3de4bb46a846a428f87fd4752cf003aa
    [OrderID] => 939986-10083633
    [Method] => 1
    [Token] => 27401aefeeba2ee052772058dbcc4eeea0524906513a97c764b816fe3cb9873a
    [ClientField1] => 
    [ClientField2] => 
    [ClientField3] => EC-CUBE4.3.24
)
 from 24.173.44.82
2019/09/10 08:36:34 [/shop/shopping/load_payment_module.php] ACS=0&OrderID=939986-10083633&Forward=2959876&Method=1&PayTimes=&Approve=0090402&TranID=1909100836602257210134111742&TranDate=20190910083634&CheckString=ab09cfb067d934f2d4b79f2fc9d9f4a9 from 24.173.44.82
2019/09/10 08:36:34 [/shop/shopping/load_payment_module.php] Array
(
    [0] => Array
        (
            [ACS] => 0
            [OrderID] => 939986-10083633
            [Forward] => 2959876
            [Method] => 1
            [PayTimes] => 
            [Approve] => 0090402
            [TranID] => 1909100836602257210134111742
            [TranDate] => 20190910083634
            [CheckString] => ab09cfb067d934f2d4b79f2fc9d9f4a9
        )

)
 from 24.173.44.82
2019/09/10 08:36:35 [/shop/shopping/load_payment_module.php] load_payment_module.php set payment data:Array
(
    [ACS] => 0
    [Forward] => 2959876
    [Method] => 1
    [PayTimes] => 
    [Approve] => 0090402
    [TranID] => 1909100836602257210134111742
    [TranDate] => 20190910083634
    [CheckString] => ab09cfb067d934f2d4b79f2fc9d9f4a9
    [Amount] => 9870
    [JobCd] => CAPTURE
    [action_status] => 3
    [pay_status] => 13
)
 from 24.173.44.82
2019/09/10 08:36:35 [/shop/user_data/pg_mulpay_recv.php] ******* receiveer data start ******* from 210.175.7.20
2019/09/10 08:36:35 [/shop/user_data/pg_mulpay_recv.php] Array
(
    [ShopID] => 9000034600950
    [ShopPass] => **********
    [AccessID] => 5419913eac937f783e3b2e70aac6823f
    [AccessPass] => ********************************
    [OrderID] => 939986-10083633
    [Status] => CAPTURE
    [JobCd] => CAPTURE
    [Amount] => 9870
    [Tax] => 0
    [Currency] => JPN
    [Forward] => 2959876
    [Method] => 1
    [PayTimes] => 
    [TranID] => 1909100836602257210134111742
    [Approve] => 0090402
    [TranDate] => 20190910083634
    [ErrCode] => 
    [ErrInfo] => 
    [PayType] => 0
)
 from 210.175.7.20
2019/09/10 08:36:35 [/shop/user_data/pg_mulpay_recv.php] ******* receiveer data end ******* from 210.175.7.20
2019/09/10 08:36:40 [/shop/user_data/pg_mulpay_recv.php] update order status:1 order_id=939986 from 210.175.7.20
2019/09/10 08:36:40 [/shop/user_data/pg_mulpay_recv.php] pg_mulpay_recv.php set payment data:Array
(
    [ShopID] => 9000034600950
    [AccessID] => 5419913eac937f783e3b2e70aac6823f
    [OrderID] => 939986-10083633
    [Status] => CAPTURE
    [JobCd] => CAPTURE
    [Amount] => 9870
    [Tax] => 0
    [Currency] => JPN
    [Forward] => 2959876
    [Method] => 1
    [PayTimes] => 
    [TranID] => 1909100836602257210134111742
    [Approve] => 0090402
    [TranDate] => 20190910083634
    [ErrCode] => 
    [ErrInfo] => 
    [PayType] => 0
    [CvsCode] => 
    [CvsConfNo] => 
    [CvsReceiptNo] => 
    [EdyReceiptNo] => 
    [EdyOrderNo] => 
    [SuicaReceiptNo] => 
    [SuicaOrderNo] => 
    [CustID] => 
    [BkCode] => 
    [ConfNo] => 
    [PaymentTerm] => 
    [EncryptReceiptNo] => 
    [FinishDate] => 
    [ReceiptDate] => 
    [WebMoneyManagementNo] => 
    [WebMoneySettleCode] => 
    [AuPayInfoNo] => 
    [AuPayMethod] => 
    [AuCancelAmount] => 
    [AuCancelTax] => 
    [DocomoSettlementCode] => 
    [DocomoCancelAmount] => 
    [DocomoCancelTax] => 
    [pay_status] => 13
)
 from 210.175.7.20
2019/09/10 08:36:40 [/shop/user_data/pg_mulpay_recv.php] response:true from 210.175.7.20
2019/09/10 09:23:22 [/shop/shopping/load_payment_module.php] SendRequest:https://p01.mul-pay.jp/payment/EntryTran.idPass from 24.108.139.98
2019/09/10 09:23:22 [/shop/shopping/load_payment_module.php] Array
(
    [ShopID] => 9000034600950
    [ShopPass] => ******
    [OrderID] => 939989-10092322
    [JobCd] => CAPTURE
    [Amount] => 8370
    [TdFlag] => 0
    [TdTenantName] => 
)
 from 24.108.139.98
2019/09/10 09:23:22 [/shop/shopping/load_payment_module.php] AccessID=fb260cfdc777279ba5c1ab1695699730&AccessPass=a78ba9f3f2e12825881b6568d19e5893 from 24.108.139.98
2019/09/10 09:23:22 [/shop/shopping/load_payment_module.php] Array
(
    [0] => Array
        (
            [AccessID] => fb260cfdc777279ba5c1ab1695699730
            [AccessPass] => a78ba9f3f2e12825881b6568d19e5893
        )

)
 from 24.108.139.98
2019/09/10 09:23:22 [/shop/shopping/load_payment_module.php] load_payment_module.php set payment data:Array
(
    [AccessID] => fb260cfdc777279ba5c1ab1695699730
    [AccessPass] => a78ba9f3f2e12825881b6568d19e5893
    [OrderID] => 939989-10092322
    [Amount] => 8370
    [JobCd] => CAPTURE
    [action_status] => 1
    [pay_status] => 0
)
 from 24.108.139.98
2019/09/10 09:23:22 [/shop/shopping/load_payment_module.php] SendRequest:https://p01.mul-pay.jp/payment/ExecTran.idPass from 24.108.139.98
2019/09/10 09:23:22 [/shop/shopping/load_payment_module.php] Array
(
    [AccessID] => fb260cfdc777279ba5c1ab1695699730
    [AccessPass] => a78ba9f3f2e12825881b6568d19e5893
    [OrderID] => 939989-10092322
    [Method] => 1
    [Token] => f9c029b9f1dfd012b635370c8a2530ffa34e0e995f48dc78eed592626804f385
    [ClientField1] => 
    [ClientField2] => 
    [ClientField3] => EC-CUBE4.3.24
)
 from 24.108.139.98
2019/09/10 09:23:23 [/shop/shopping/load_payment_module.php] ACS=0&OrderID=939989-10092322&Forward=2S49631&Method=1&PayTimes=&Approve=0097029&TranID=1909100923602257210134111743&TranDate=20190910092323&CheckString=7c982c11791ef01d848f620e9d269b64 from 24.108.139.98
2019/09/10 09:23:23 [/shop/shopping/load_payment_module.php] Array
(
    [0] => Array
        (
            [ACS] => 0
            [OrderID] => 939989-10092322
            [Forward] => 2S49631
            [Method] => 1
            [PayTimes] => 
            [Approve] => 0097029
            [TranID] => 1909100923602257210134111743
            [TranDate] => 20190910092323
            [CheckString] => 7c982c11791ef01d848f620e9d269b64
        )

)
 from 24.108.139.98
2019/09/10 09:23:23 [/shop/shopping/load_payment_module.php] load_payment_module.php set payment data:Array
(
    [ACS] => 0
    [Forward] => 2S49631
    [Method] => 1
    [PayTimes] => 
    [Approve] => 0097029
    [TranID] => 1909100923602257210134111743
    [TranDate] => 20190910092323
    [CheckString] => 7c982c11791ef01d848f620e9d269b64
    [Amount] => 8370
    [JobCd] => CAPTURE
    [action_status] => 3
    [pay_status] => 13
)
 from 24.108.139.98
2019/09/10 09:23:24 [/shop/user_data/pg_mulpay_recv.php] ******* receiveer data start ******* from 210.175.7.20
2019/09/10 09:23:24 [/shop/user_data/pg_mulpay_recv.php] Array
(
    [ShopID] => 9000034600950
    [ShopPass] => **********
    [AccessID] => fb260cfdc777279ba5c1ab1695699730
    [AccessPass] => ********************************
    [OrderID] => 939989-10092322
    [Status] => CAPTURE
    [JobCd] => CAPTURE
    [Amount] => 8370
    [Tax] => 0
    [Currency] => JPN
    [Forward] => 2S49631
    [Method] => 1
    [PayTimes] => 
    [TranID] => 1909100923602257210134111743
    [Approve] => 0097029
    [TranDate] => 20190910092323
    [ErrCode] => 
    [ErrInfo] => 
    [PayType] => 0
)
 from 210.175.7.20
2019/09/10 09:23:24 [/shop/user_data/pg_mulpay_recv.php] ******* receiveer data end ******* from 210.175.7.20
2019/09/10 09:23:29 [/shop/user_data/pg_mulpay_recv.php] update order status:1 order_id=939989 from 210.175.7.20
2019/09/10 09:23:29 [/shop/user_data/pg_mulpay_recv.php] pg_mulpay_recv.php set payment data:Array
(
    [ShopID] => 9000034600950
    [AccessID] => fb260cfdc777279ba5c1ab1695699730
    [OrderID] => 939989-10092322
    [Status] => CAPTURE
    [JobCd] => CAPTURE
    [Amount] => 8370
    [Tax] => 0
    [Currency] => JPN
    [Forward] => 2S49631
    [Method] => 1
    [PayTimes] => 
    [TranID] => 1909100923602257210134111743
    [Approve] => 0097029
    [TranDate] => 20190910092323
    [ErrCode] => 
    [ErrInfo] => 
    [PayType] => 0
    [CvsCode] => 
    [CvsConfNo] => 
    [CvsReceiptNo] => 
    [EdyReceiptNo] => 
    [EdyOrderNo] => 
    [SuicaReceiptNo] => 
    [SuicaOrderNo] => 
    [CustID] => 
    [BkCode] => 
    [ConfNo] => 
    [PaymentTerm] => 
    [EncryptReceiptNo] => 
    [FinishDate] => 
    [ReceiptDate] => 
    [WebMoneyManagementNo] => 
    [WebMoneySettleCode] => 
    [AuPayInfoNo] => 
    [AuPayMethod] => 
    [AuCancelAmount] => 
    [AuCancelTax] => 
    [DocomoSettlementCode] => 
    [DocomoCancelAmount] => 
    [DocomoCancelTax] => 
    [pay_status] => 13
)
 from 210.175.7.20
2019/09/10 09:23:29 [/shop/user_data/pg_mulpay_recv.php] response:true from 210.175.7.20
2019/09/10 09:41:37 [/shop/shopping/load_payment_module.php] SendRequest:https://p01.mul-pay.jp/payment/EntryTran.idPass from 133.254.5.52
2019/09/10 09:41:37 [/shop/shopping/load_payment_module.php] Array
(
    [ShopID] => 9000034600950
    [ShopPass] => ******
    [OrderID] => 939990-10094137
    [JobCd] => CAPTURE
    [Amount] => 5130
    [TdFlag] => 0
    [TdTenantName] => 
)
 from 133.254.5.52
2019/09/10 09:41:37 [/shop/shopping/load_payment_module.php] AccessID=bfcf92f035f4073f0c22bd2157a6aa9f&AccessPass=062fcb08a2893a6cfcf724069f88aafa from 133.254.5.52
2019/09/10 09:41:37 [/shop/shopping/load_payment_module.php] Array
(
    [0] => Array
        (
            [AccessID] => bfcf92f035f4073f0c22bd2157a6aa9f
            [AccessPass] => 062fcb08a2893a6cfcf724069f88aafa
        )

)
 from 133.254.5.52
2019/09/10 09:41:37 [/shop/shopping/load_payment_module.php] load_payment_module.php set payment data:Array
(
    [AccessID] => bfcf92f035f4073f0c22bd2157a6aa9f
    [AccessPass] => 062fcb08a2893a6cfcf724069f88aafa
    [OrderID] => 939990-10094137
    [Amount] => 5130
    [JobCd] => CAPTURE
    [action_status] => 1
    [pay_status] => 0
)
 from 133.254.5.52
2019/09/10 09:41:37 [/shop/shopping/load_payment_module.php] SendRequest:https://p01.mul-pay.jp/payment/ExecTran.idPass from 133.254.5.52
2019/09/10 09:41:37 [/shop/shopping/load_payment_module.php] Array
(
    [AccessID] => bfcf92f035f4073f0c22bd2157a6aa9f
    [AccessPass] => 062fcb08a2893a6cfcf724069f88aafa
    [OrderID] => 939990-10094137
    [Method] => 1
    [Token] => 9cf7ec6fec30c699e1171e7b9121569f554d5144ced431cf575652620519f763
    [ClientField1] => 
    [ClientField2] => 
    [ClientField3] => EC-CUBE4.3.24
)
 from 133.254.5.52
2019/09/10 09:41:38 [/shop/shopping/load_payment_module.php] ACS=0&OrderID=939990-10094137&Forward=2S49631&Method=1&PayTimes=&Approve=0025772&TranID=1909100941602257210134100418&TranDate=20190910094138&CheckString=ec1ad03fc5d57b389ff389cc654bbf7b from 133.254.5.52
2019/09/10 09:41:38 [/shop/shopping/load_payment_module.php] Array
(
    [0] => Array
        (
            [ACS] => 0
            [OrderID] => 939990-10094137
            [Forward] => 2S49631
            [Method] => 1
            [PayTimes] => 
            [Approve] => 0025772
            [TranID] => 1909100941602257210134100418
            [TranDate] => 20190910094138
            [CheckString] => ec1ad03fc5d57b389ff389cc654bbf7b
        )

)
 from 133.254.5.52
2019/09/10 09:41:38 [/shop/shopping/load_payment_module.php] load_payment_module.php set payment data:Array
(
    [ACS] => 0
    [Forward] => 2S49631
    [Method] => 1
    [PayTimes] => 
    [Approve] => 0025772
    [TranID] => 1909100941602257210134100418
    [TranDate] => 20190910094138
    [CheckString] => ec1ad03fc5d57b389ff389cc654bbf7b
    [Amount] => 5130
    [JobCd] => CAPTURE
    [action_status] => 3
    [pay_status] => 13
)
 from 133.254.5.52
2019/09/10 09:41:39 [/shop/user_data/pg_mulpay_recv.php] ******* receiveer data start ******* from 210.175.7.20
2019/09/10 09:41:39 [/shop/user_data/pg_mulpay_recv.php] Array
(
    [ShopID] => 9000034600950
    [ShopPass] => **********
    [AccessID] => bfcf92f035f4073f0c22bd2157a6aa9f
    [AccessPass] => ********************************
    [OrderID] => 939990-10094137
    [Status] => CAPTURE
    [JobCd] => CAPTURE
    [Amount] => 5130
    [Tax] => 0
    [Currency] => JPN
    [Forward] => 2S49631
    [Method] => 1
    [PayTimes] => 
    [TranID] => 1909100941602257210134100418
    [Approve] => 0025772
    [TranDate] => 20190910094138
    [ErrCode] => 
    [ErrInfo] => 
    [PayType] => 0
)
 from 210.175.7.20
2019/09/10 09:41:39 [/shop/user_data/pg_mulpay_recv.php] ******* receiveer data end ******* from 210.175.7.20
2019/09/10 09:41:44 [/shop/user_data/pg_mulpay_recv.php] update order status:1 order_id=939990 from 210.175.7.20
2019/09/10 09:41:44 [/shop/user_data/pg_mulpay_recv.php] pg_mulpay_recv.php set payment data:Array
(
    [ShopID] => 9000034600950
    [AccessID] => bfcf92f035f4073f0c22bd2157a6aa9f
    [OrderID] => 939990-10094137
    [Status] => CAPTURE
    [JobCd] => CAPTURE
    [Amount] => 5130
    [Tax] => 0
    [Currency] => JPN
    [Forward] => 2S49631
    [Method] => 1
    [PayTimes] => 
    [TranID] => 1909100941602257210134100418
    [Approve] => 0025772
    [TranDate] => 20190910094138
    [ErrCode] => 
    [ErrInfo] => 
    [PayType] => 0
    [CvsCode] => 
    [CvsConfNo] => 
    [CvsReceiptNo] => 
    [EdyReceiptNo] => 
    [EdyOrderNo] => 
    [SuicaReceiptNo] => 
    [SuicaOrderNo] => 
    [CustID] => 
    [BkCode] => 
    [ConfNo] => 
    [PaymentTerm] => 
    [EncryptReceiptNo] => 
    [FinishDate] => 
    [ReceiptDate] => 
    [WebMoneyManagementNo] => 
    [WebMoneySettleCode] => 
    [AuPayInfoNo] => 
    [AuPayMethod] => 
    [AuCancelAmount] => 
    [AuCancelTax] => 
    [DocomoSettlementCode] => 
    [DocomoCancelAmount] => 
    [DocomoCancelTax] => 
    [pay_status] => 13
)
 from 210.175.7.20
2019/09/10 09:41:44 [/shop/user_data/pg_mulpay_recv.php] response:true from 210.175.7.20
2019/09/10 09:45:16 [/shop/shopping/load_payment_module.php] SendRequest:https://p01.mul-pay.jp/payment/EntryTran.idPass from 126.196.59.192
2019/09/10 09:45:16 [/shop/shopping/load_payment_module.php] Array
(
    [ShopID] => 9000034600950
    [ShopPass] => ******
    [OrderID] => 939991-10094516
    [JobCd] => CAPTURE
    [Amount] => 1440
    [TdFlag] => 0
    [TdTenantName] => 
)
 from 126.196.59.192
2019/09/10 09:45:16 [/shop/shopping/load_payment_module.php] AccessID=ef4fdec5e1b874cf005c007230d7f70e&AccessPass=83d619ef8c818429efd2919ab1422ad5 from 126.196.59.192
2019/09/10 09:45:16 [/shop/shopping/load_payment_module.php] Array
(
    [0] => Array
        (
            [AccessID] => ef4fdec5e1b874cf005c007230d7f70e
            [AccessPass] => 83d619ef8c818429efd2919ab1422ad5
        )

)
 from 126.196.59.192
2019/09/10 09:45:16 [/shop/shopping/load_payment_module.php] load_payment_module.php set payment data:Array
(
    [AccessID] => ef4fdec5e1b874cf005c007230d7f70e
    [AccessPass] => 83d619ef8c818429efd2919ab1422ad5
    [OrderID] => 939991-10094516
    [Amount] => 1440
    [JobCd] => CAPTURE
    [action_status] => 1
    [pay_status] => 0
)
 from 126.196.59.192
2019/09/10 09:45:16 [/shop/shopping/load_payment_module.php] SendRequest:https://p01.mul-pay.jp/payment/ExecTran.idPass from 126.196.59.192
2019/09/10 09:45:16 [/shop/shopping/load_payment_module.php] Array
(
    [AccessID] => ef4fdec5e1b874cf005c007230d7f70e
    [AccessPass] => 83d619ef8c818429efd2919ab1422ad5
    [OrderID] => 939991-10094516
    [Method] => 1
    [Token] => 69951346ab564f52595d56a8a8a7aa850cf634026b83a35a620c6b083f45aebb
    [ClientField1] => 
    [ClientField2] => 
    [ClientField3] => EC-CUBE4.3.24
)
 from 126.196.59.192
2019/09/10 09:45:16 [/shop/shopping/load_payment_module.php] ErrCode=G65&ErrInfo=42G650000 from 126.196.59.192
2019/09/10 09:45:17 [/shop/shopping/load_payment_module.php] Array
(
    [0] => Array
        (
            [ErrCode] => G65
            [ErrInfo] => 42G650000
        )

)
 from 126.196.59.192
2019/09/10 09:45:17 [/shop/shopping/load_payment_module.php] load_payment_module.php set payment data:Array
(
    [request_error] => Array
        (
            [0] => カード番号に誤りがあるために、決済を完了する事が出来ませんでした。 (G65-42G650000)
        )

    [Amount] => 1440
    [JobCd] => CAPTURE
    [action_status] => 3
)
 from 126.196.59.192
2019/09/10 09:45:17 [/shop/user_data/pg_mulpay_recv.php] ******* receiveer data start ******* from 210.175.7.20
2019/09/10 09:45:17 [/shop/user_data/pg_mulpay_recv.php] Array
(
    [ShopID] => 9000034600950
    [ShopPass] => **********
    [AccessID] => ef4fdec5e1b874cf005c007230d7f70e
    [AccessPass] => ********************************
    [OrderID] => 939991-10094516
    [Status] => UNPROCESSED
    [JobCd] => CAPTURE
    [Amount] => 1440
    [Tax] => 0
    [Currency] => JPN
    [Forward] => 2S49631
    [Method] => 1
    [PayTimes] => 
    [TranID] => 1909100945602257210134111744
    [Approve] =>        
    [TranDate] => 20190910094516
    [ErrCode] => G65
    [ErrInfo] => 42G650000
    [PayType] => 0
)
 from 210.175.7.20
2019/09/10 09:45:17 [/shop/user_data/pg_mulpay_recv.php] ******* receiveer data end ******* from 210.175.7.20
2019/09/10 09:45:17 [/shop/user_data/pg_mulpay_recv.php] pg_mulpay_recv.php set payment data:Array
(
    [ShopID] => 9000034600950
    [AccessID] => ef4fdec5e1b874cf005c007230d7f70e
    [OrderID] => 939991-10094516
    [Status] => UNPROCESSED
    [JobCd] => CAPTURE
    [Amount] => 1440
    [Tax] => 0
    [Currency] => JPN
    [Forward] => 2S49631
    [Method] => 1
    [PayTimes] => 
    [TranID] => 1909100945602257210134111744
    [Approve] => 
    [TranDate] => 20190910094516
    [ErrCode] => G65
    [ErrInfo] => 42G650000
    [PayType] => 0
    [CvsCode] => 
    [CvsConfNo] => 
    [CvsReceiptNo] => 
    [EdyReceiptNo] => 
    [EdyOrderNo] => 
    [SuicaReceiptNo] => 
    [SuicaOrderNo] => 
    [CustID] => 
    [BkCode] => 
    [ConfNo] => 
    [PaymentTerm] => 
    [EncryptReceiptNo] => 
    [FinishDate] => 
    [ReceiptDate] => 
    [WebMoneyManagementNo] => 
    [WebMoneySettleCode] => 
    [AuPayInfoNo] => 
    [AuPayMethod] => 
    [AuCancelAmount] => 
    [AuCancelTax] => 
    [DocomoSettlementCode] => 
    [DocomoCancelAmount] => 
    [DocomoCancelTax] => 
    [pay_status] => 0
)
 from 210.175.7.20
2019/09/10 09:45:17 [/shop/user_data/pg_mulpay_recv.php] response:true from 210.175.7.20
2019/09/10 09:47:07 [/shop/shopping/load_payment_module.php] SendRequest:https://p01.mul-pay.jp/payment/ExecTran.idPass from 126.196.59.192
2019/09/10 09:47:07 [/shop/shopping/load_payment_module.php] Array
(
    [AccessID] => ef4fdec5e1b874cf005c007230d7f70e
    [AccessPass] => 83d619ef8c818429efd2919ab1422ad5
    [OrderID] => 939991-10094516
    [Method] => 1
    [PayTimes] => 
    [Token] => dfe578ef1e5850b928f399b0b4702155c7d11956b90d77fd4da020c98811bfa6
    [ClientField1] => 
    [ClientField2] => 
    [ClientField3] => EC-CUBE4.3.24
)
 from 126.196.59.192
2019/09/10 09:47:09 [/shop/shopping/load_payment_module.php] ACS=0&OrderID=939991-10094516&Forward=2S49631&Method=1&PayTimes=&Approve=0009261&TranID=1909100947602257210134121711&TranDate=20190910094709&CheckString=6fefa7cac81312ec3ba42b5a21ab7117 from 126.196.59.192
2019/09/10 09:47:09 [/shop/shopping/load_payment_module.php] Array
(
    [0] => Array
        (
            [ACS] => 0
            [OrderID] => 939991-10094516
            [Forward] => 2S49631
            [Method] => 1
            [PayTimes] => 
            [Approve] => 0009261
            [TranID] => 1909100947602257210134121711
            [TranDate] => 20190910094709
            [CheckString] => 6fefa7cac81312ec3ba42b5a21ab7117
        )

)
 from 126.196.59.192
2019/09/10 09:47:09 [/shop/shopping/load_payment_module.php] load_payment_module.php set payment data:Array
(
    [ACS] => 0
    [Forward] => 2S49631
    [Method] => 1
    [PayTimes] => 
    [Approve] => 0009261
    [TranID] => 1909100947602257210134121711
    [TranDate] => 20190910094709
    [CheckString] => 6fefa7cac81312ec3ba42b5a21ab7117
    [Amount] => 1440
    [JobCd] => CAPTURE
    [action_status] => 3
    [pay_status] => 13
)
 from 126.196.59.192
2019/09/10 09:47:09 [/shop/user_data/pg_mulpay_recv.php] ******* receiveer data start ******* from 210.175.7.20
2019/09/10 09:47:09 [/shop/user_data/pg_mulpay_recv.php] Array
(
    [ShopID] => 9000034600950
    [ShopPass] => **********
    [AccessID] => ef4fdec5e1b874cf005c007230d7f70e
    [AccessPass] => ********************************
    [OrderID] => 939991-10094516
    [Status] => CAPTURE
    [JobCd] => CAPTURE
    [Amount] => 1440
    [Tax] => 0
    [Currency] => JPN
    [Forward] => 2S49631
    [Method] => 1
    [PayTimes] => 
    [TranID] => 1909100947602257210134121711
    [Approve] => 0009261
    [TranDate] => 20190910094709
    [ErrCode] => 
    [ErrInfo] => 
    [PayType] => 0
)
 from 210.175.7.20
2019/09/10 09:47:09 [/shop/user_data/pg_mulpay_recv.php] ******* receiveer data end ******* from 210.175.7.20
2019/09/10 09:47:14 [/shop/user_data/pg_mulpay_recv.php] update order status:1 order_id=939991 from 210.175.7.20
2019/09/10 09:47:14 [/shop/user_data/pg_mulpay_recv.php] pg_mulpay_recv.php set payment data:Array
(
    [ShopID] => 9000034600950
    [AccessID] => ef4fdec5e1b874cf005c007230d7f70e
    [OrderID] => 939991-10094516
    [Status] => CAPTURE
    [JobCd] => CAPTURE
    [Amount] => 1440
    [Tax] => 0
    [Currency] => JPN
    [Forward] => 2S49631
    [Method] => 1
    [PayTimes] => 
    [TranID] => 1909100947602257210134121711
    [Approve] => 0009261
    [TranDate] => 20190910094709
    [PayType] => 0
    [CvsCode] => 
    [CvsConfNo] => 
    [CvsReceiptNo] => 
    [EdyReceiptNo] => 
    [EdyOrderNo] => 
    [SuicaReceiptNo] => 
    [SuicaOrderNo] => 
    [CustID] => 
    [BkCode] => 
    [ConfNo] => 
    [PaymentTerm] => 
    [EncryptReceiptNo] => 
    [FinishDate] => 
    [ReceiptDate] => 
    [WebMoneyManagementNo] => 
    [WebMoneySettleCode] => 
    [AuPayInfoNo] => 
    [AuPayMethod] => 
    [AuCancelAmount] => 
    [AuCancelTax] => 
    [DocomoSettlementCode] => 
    [DocomoCancelAmount] => 
    [DocomoCancelTax] => 
    [pay_status] => 13
)
 from 210.175.7.20
2019/09/10 09:47:14 [/shop/user_data/pg_mulpay_recv.php] response:true from 210.175.7.20
2019/09/10 10:08:32 [/shop/shopping/load_payment_module.php] SendRequest:https://p01.mul-pay.jp/payment/SearchMember.idPass from 202.52.158.62
2019/09/10 10:08:32 [/shop/shopping/load_payment_module.php] Array
(
    [SiteID] => mst0000007602
    [SitePass] => ******
    [MemberID] => 9690
)
 from 202.52.158.62
2019/09/10 10:08:32 [/shop/shopping/load_payment_module.php] ErrCode=E01&ErrInfo=E01390002 from 202.52.158.62
2019/09/10 10:08:32 [/shop/shopping/load_payment_module.php] Array
(
    [0] => Array
        (
            [ErrCode] => E01
            [ErrInfo] => E01390002
        )

)
 from 202.52.158.62
2019/09/10 10:08:32 [/shop/shopping/load_payment_module.php] SendRequest:https://p01.mul-pay.jp/payment/SearchCard.idPass from 202.52.158.62
2019/09/10 10:08:32 [/shop/shopping/load_payment_module.php] Array
(
    [SiteID] => mst0000007602
    [SitePass] => ******
    [MemberID] => 9690
)
 from 202.52.158.62
2019/09/10 10:08:32 [/shop/shopping/load_payment_module.php] ErrCode=E01|E01&ErrInfo=E01390002|E01240002 from 202.52.158.62
2019/09/10 10:08:32 [/shop/shopping/load_payment_module.php] Array
(
    [0] => Array
        (
            [ErrCode] => E01
            [ErrInfo] => E01390002
        )

    [1] => Array
        (
            [ErrCode] => E01
            [ErrInfo] => E01240002
        )

)
 from 202.52.158.62
2019/09/10 10:09:37 [/shop/shopping/load_payment_module.php] SendRequest:https://p01.mul-pay.jp/payment/SearchMember.idPass from 202.52.158.62
2019/09/10 10:09:37 [/shop/shopping/load_payment_module.php] Array
(
    [SiteID] => mst0000007602
    [SitePass] => ******
    [MemberID] => 9690
)
 from 202.52.158.62
2019/09/10 10:09:37 [/shop/shopping/load_payment_module.php] ErrCode=E01&ErrInfo=E01390002 from 202.52.158.62
2019/09/10 10:09:37 [/shop/shopping/load_payment_module.php] Array
(
    [0] => Array
        (
            [ErrCode] => E01
            [ErrInfo] => E01390002
        )

)
 from 202.52.158.62
2019/09/10 10:09:37 [/shop/shopping/load_payment_module.php] SendRequest:https://p01.mul-pay.jp/payment/SearchCard.idPass from 202.52.158.62
2019/09/10 10:09:37 [/shop/shopping/load_payment_module.php] Array
(
    [SiteID] => mst0000007602
    [SitePass] => ******
    [MemberID] => 9690
)
 from 202.52.158.62
2019/09/10 10:09:37 [/shop/shopping/load_payment_module.php] ErrCode=E01|E01&ErrInfo=E01390002|E01240002 from 202.52.158.62
2019/09/10 10:09:37 [/shop/shopping/load_payment_module.php] Array
(
    [0] => Array
        (
            [ErrCode] => E01
            [ErrInfo] => E01390002
        )

    [1] => Array
        (
            [ErrCode] => E01
            [ErrInfo] => E01240002
        )

)
 from 202.52.158.62
2019/09/10 10:09:37 [/shop/shopping/load_payment_module.php] SendRequest:https://p01.mul-pay.jp/payment/EntryTran.idPass from 202.52.158.62
2019/09/10 10:09:37 [/shop/shopping/load_payment_module.php] Array
(
    [ShopID] => 9000034600950
    [ShopPass] => ******
    [OrderID] => 939992-10100937
    [JobCd] => CAPTURE
    [Amount] => 7120
    [TdFlag] => 0
    [TdTenantName] => 
)
 from 202.52.158.62
2019/09/10 10:09:37 [/shop/shopping/load_payment_module.php] AccessID=c968a222df595ed57c43d475bed5424d&AccessPass=c9704a02440e615f15ab6140d3b10ddb from 202.52.158.62
2019/09/10 10:09:37 [/shop/shopping/load_payment_module.php] Array
(
    [0] => Array
        (
            [AccessID] => c968a222df595ed57c43d475bed5424d
            [AccessPass] => c9704a02440e615f15ab6140d3b10ddb
        )

)
 from 202.52.158.62
2019/09/10 10:09:37 [/shop/shopping/load_payment_module.php] load_payment_module.php set payment data:Array
(
    [AccessID] => c968a222df595ed57c43d475bed5424d
    [AccessPass] => c9704a02440e615f15ab6140d3b10ddb
    [OrderID] => 939992-10100937
    [Amount] => 7120
    [JobCd] => CAPTURE
    [action_status] => 1
    [pay_status] => 0
)
 from 202.52.158.62
2019/09/10 10:09:37 [/shop/shopping/load_payment_module.php] SendRequest:https://p01.mul-pay.jp/payment/ExecTran.idPass from 202.52.158.62
2019/09/10 10:09:37 [/shop/shopping/load_payment_module.php] Array
(
    [AccessID] => c968a222df595ed57c43d475bed5424d
    [AccessPass] => c9704a02440e615f15ab6140d3b10ddb
    [OrderID] => 939992-10100937
    [Method] => 1
    [Token] => 5ac2084f7dc05a56cd3c5807306f494d9d2f2dff40f6aba8f8ccbade7f8d1a1c
    [ClientField1] => 
    [ClientField2] => 
    [ClientField3] => EC-CUBE4.3.24
)
 from 202.52.158.62
2019/09/10 10:09:39 [/shop/shopping/load_payment_module.php] ACS=0&OrderID=939992-10100937&Forward=2959876&Method=1&PayTimes=&Approve=0931075&TranID=1909101009602257210134100419&TranDate=20190910100939&CheckString=bfd6cf14d79fe98acd6d2cf3e77a2776 from 202.52.158.62
2019/09/10 10:09:39 [/shop/shopping/load_payment_module.php] Array
(
    [0] => Array
        (
            [ACS] => 0
            [OrderID] => 939992-10100937
            [Forward] => 2959876
            [Method] => 1
            [PayTimes] => 
            [Approve] => 0931075
            [TranID] => 1909101009602257210134100419
            [TranDate] => 20190910100939
            [CheckString] => bfd6cf14d79fe98acd6d2cf3e77a2776
        )

)
 from 202.52.158.62
2019/09/10 10:09:39 [/shop/shopping/load_payment_module.php] load_payment_module.php set payment data:Array
(
    [ACS] => 0
    [Forward] => 2959876
    [Method] => 1
    [PayTimes] => 
    [Approve] => 0931075
    [TranID] => 1909101009602257210134100419
    [TranDate] => 20190910100939
    [CheckString] => bfd6cf14d79fe98acd6d2cf3e77a2776
    [Amount] => 7120
    [JobCd] => CAPTURE
    [action_status] => 3
    [pay_status] => 13
)
 from 202.52.158.62
2019/09/10 10:09:39 [/shop/user_data/pg_mulpay_recv.php] ******* receiveer data start ******* from 210.175.7.20
2019/09/10 10:09:39 [/shop/user_data/pg_mulpay_recv.php] Array
(
    [ShopID] => 9000034600950
    [ShopPass] => **********
    [AccessID] => c968a222df595ed57c43d475bed5424d
    [AccessPass] => ********************************
    [OrderID] => 939992-10100937
    [Status] => CAPTURE
    [JobCd] => CAPTURE
    [Amount] => 7120
    [Tax] => 0
    [Currency] => JPN
    [Forward] => 2959876
    [Method] => 1
    [PayTimes] => 
    [TranID] => 1909101009602257210134100419
    [Approve] => 0931075
    [TranDate] => 20190910100939
    [ErrCode] => 
    [ErrInfo] => 
    [PayType] => 0
)
 from 210.175.7.20
2019/09/10 10:09:39 [/shop/user_data/pg_mulpay_recv.php] ******* receiveer data end ******* from 210.175.7.20
2019/09/10 10:09:44 [/shop/user_data/pg_mulpay_recv.php] update order status:1 order_id=939992 from 210.175.7.20
2019/09/10 10:09:47 [/shop/user_data/pg_mulpay_recv.php] pg_mulpay_recv.php set payment data:Array
(
    [ShopID] => 9000034600950
    [AccessID] => c968a222df595ed57c43d475bed5424d
    [OrderID] => 939992-10100937
    [Status] => CAPTURE
    [JobCd] => CAPTURE
    [Amount] => 7120
    [Tax] => 0
    [Currency] => JPN
    [Forward] => 2959876
    [Method] => 1
    [PayTimes] => 
    [TranID] => 1909101009602257210134100419
    [Approve] => 0931075
    [TranDate] => 20190910100939
    [ErrCode] => 
    [ErrInfo] => 
    [PayType] => 0
    [CvsCode] => 
    [CvsConfNo] => 
    [CvsReceiptNo] => 
    [EdyReceiptNo] => 
    [EdyOrderNo] => 
    [SuicaReceiptNo] => 
    [SuicaOrderNo] => 
    [CustID] => 
    [BkCode] => 
    [ConfNo] => 
    [PaymentTerm] => 
    [EncryptReceiptNo] => 
    [FinishDate] => 
    [ReceiptDate] => 
    [WebMoneyManagementNo] => 
    [WebMoneySettleCode] => 
    [AuPayInfoNo] => 
    [AuPayMethod] => 
    [AuCancelAmount] => 
    [AuCancelTax] => 
    [DocomoSettlementCode] => 
    [DocomoCancelAmount] => 
    [DocomoCancelTax] => 
    [pay_status] => 13
)
 from 210.175.7.20
2019/09/10 10:09:47 [/shop/user_data/pg_mulpay_recv.php] response:true from 210.175.7.20
2019/09/10 10:14:42 [/shop/shopping/load_payment_module.php] SendRequest:https://p01.mul-pay.jp/payment/SearchMember.idPass from 202.45.129.181
2019/09/10 10:14:42 [/shop/shopping/load_payment_module.php] Array
(
    [SiteID] => mst0000007602
    [SitePass] => ******
    [MemberID] => 4195
)
 from 202.45.129.181
2019/09/10 10:14:42 [/shop/shopping/load_payment_module.php] ErrCode=E01&ErrInfo=E01390002 from 202.45.129.181
2019/09/10 10:14:42 [/shop/shopping/load_payment_module.php] Array
(
    [0] => Array
        (
            [ErrCode] => E01
            [ErrInfo] => E01390002
        )

)
 from 202.45.129.181
2019/09/10 10:14:42 [/shop/shopping/load_payment_module.php] SendRequest:https://p01.mul-pay.jp/payment/SearchCard.idPass from 202.45.129.181
2019/09/10 10:14:42 [/shop/shopping/load_payment_module.php] Array
(
    [SiteID] => mst0000007602
    [SitePass] => ******
    [MemberID] => 4195
)
 from 202.45.129.181
2019/09/10 10:14:42 [/shop/shopping/load_payment_module.php] ErrCode=E01|E01&ErrInfo=E01390002|E01240002 from 202.45.129.181
2019/09/10 10:14:42 [/shop/shopping/load_payment_module.php] Array
(
    [0] => Array
        (
            [ErrCode] => E01
            [ErrInfo] => E01390002
        )

    [1] => Array
        (
            [ErrCode] => E01
            [ErrInfo] => E01240002
        )

)
 from 202.45.129.181
2019/09/10 10:15:20 [/shop/shopping/load_payment_module.php] SendRequest:https://p01.mul-pay.jp/payment/SearchMember.idPass from 202.45.129.181
2019/09/10 10:15:20 [/shop/shopping/load_payment_module.php] Array
(
    [SiteID] => mst0000007602
    [SitePass] => ******
    [MemberID] => 4195
)
 from 202.45.129.181
2019/09/10 10:15:20 [/shop/shopping/load_payment_module.php] ErrCode=E01&ErrInfo=E01390002 from 202.45.129.181
2019/09/10 10:15:20 [/shop/shopping/load_payment_module.php] Array
(
    [0] => Array
        (
            [ErrCode] => E01
            [ErrInfo] => E01390002
        )

)
 from 202.45.129.181
2019/09/10 10:15:20 [/shop/shopping/load_payment_module.php] SendRequest:https://p01.mul-pay.jp/payment/SearchCard.idPass from 202.45.129.181
2019/09/10 10:15:20 [/shop/shopping/load_payment_module.php] Array
(
    [SiteID] => mst0000007602
    [SitePass] => ******
    [MemberID] => 4195
)
 from 202.45.129.181
2019/09/10 10:15:20 [/shop/shopping/load_payment_module.php] ErrCode=E01|E01&ErrInfo=E01390002|E01240002 from 202.45.129.181
2019/09/10 10:15:20 [/shop/shopping/load_payment_module.php] Array
(
    [0] => Array
        (
            [ErrCode] => E01
            [ErrInfo] => E01390002
        )

    [1] => Array
        (
            [ErrCode] => E01
            [ErrInfo] => E01240002
        )

)
 from 202.45.129.181
2019/09/10 10:15:20 [/shop/shopping/load_payment_module.php] SendRequest:https://p01.mul-pay.jp/payment/EntryTran.idPass from 202.45.129.181
2019/09/10 10:15:20 [/shop/shopping/load_payment_module.php] Array
(
    [ShopID] => 9000034600950
    [ShopPass] => ******
    [OrderID] => 939993-10101520
    [JobCd] => CAPTURE
    [Amount] => 6750
    [TdFlag] => 0
    [TdTenantName] => 
)
 from 202.45.129.181
2019/09/10 10:15:21 [/shop/shopping/load_payment_module.php] AccessID=45032a57a72c56eb30cbc41ffdf4ce76&AccessPass=3bb1d235be94555a4bcdf565b68ce938 from 202.45.129.181
2019/09/10 10:15:21 [/shop/shopping/load_payment_module.php] Array
(
    [0] => Array
        (
            [AccessID] => 45032a57a72c56eb30cbc41ffdf4ce76
            [AccessPass] => 3bb1d235be94555a4bcdf565b68ce938
        )

)
 from 202.45.129.181
2019/09/10 10:15:21 [/shop/shopping/load_payment_module.php] load_payment_module.php set payment data:Array
(
    [AccessID] => 45032a57a72c56eb30cbc41ffdf4ce76
    [AccessPass] => 3bb1d235be94555a4bcdf565b68ce938
    [OrderID] => 939993-10101520
    [Amount] => 6750
    [JobCd] => CAPTURE
    [action_status] => 1
    [pay_status] => 0
)
 from 202.45.129.181
2019/09/10 10:15:21 [/shop/shopping/load_payment_module.php] SendRequest:https://p01.mul-pay.jp/payment/ExecTran.idPass from 202.45.129.181
2019/09/10 10:15:21 [/shop/shopping/load_payment_module.php] Array
(
    [AccessID] => 45032a57a72c56eb30cbc41ffdf4ce76
    [AccessPass] => 3bb1d235be94555a4bcdf565b68ce938
    [OrderID] => 939993-10101520
    [Method] => 1
    [Token] => 88fca67fad5508a98b48bd82ee9ba3ece08c9695505a00b3da52f959c29a0868
    [ClientField1] => 
    [ClientField2] => 
    [ClientField3] => EC-CUBE4.3.24
)
 from 202.45.129.181
2019/09/10 10:15:22 [/shop/shopping/load_payment_module.php] ACS=0&OrderID=939993-10101520&Forward=2a99661&Method=1&PayTimes=&Approve=0000014&TranID=1909101015602257210134111745&TranDate=20190910101522&CheckString=e8589cc66a1ff21ff64fc89c7789ae59 from 202.45.129.181
2019/09/10 10:15:22 [/shop/shopping/load_payment_module.php] Array
(
    [0] => Array
        (
            [ACS] => 0
            [OrderID] => 939993-10101520
            [Forward] => 2a99661
            [Method] => 1
            [PayTimes] => 
            [Approve] => 0000014
            [TranID] => 1909101015602257210134111745
            [TranDate] => 20190910101522
            [CheckString] => e8589cc66a1ff21ff64fc89c7789ae59
        )

)
 from 202.45.129.181
2019/09/10 10:15:22 [/shop/shopping/load_payment_module.php] load_payment_module.php set payment data:Array
(
    [ACS] => 0
    [Forward] => 2a99661
    [Method] => 1
    [PayTimes] => 
    [Approve] => 0000014
    [TranID] => 1909101015602257210134111745
    [TranDate] => 20190910101522
    [CheckString] => e8589cc66a1ff21ff64fc89c7789ae59
    [Amount] => 6750
    [JobCd] => CAPTURE
    [action_status] => 3
    [pay_status] => 13
)
 from 202.45.129.181
2019/09/10 10:15:22 [/shop/user_data/pg_mulpay_recv.php] ******* receiveer data start ******* from 210.175.7.20
2019/09/10 10:15:22 [/shop/user_data/pg_mulpay_recv.php] Array
(
    [ShopID] => 9000034600950
    [ShopPass] => **********
    [AccessID] => 45032a57a72c56eb30cbc41ffdf4ce76
    [AccessPass] => ********************************
    [OrderID] => 939993-10101520
    [Status] => CAPTURE
    [JobCd] => CAPTURE
    [Amount] => 6750
    [Tax] => 0
    [Currency] => JPN
    [Forward] => 2a99661
    [Method] => 1
    [PayTimes] => 
    [TranID] => 1909101015602257210134111745
    [Approve] => 0000014
    [TranDate] => 20190910101522
    [ErrCode] => 
    [ErrInfo] => 
    [PayType] => 0
)
 from 210.175.7.20
2019/09/10 10:15:22 [/shop/user_data/pg_mulpay_recv.php] ******* receiveer data end ******* from 210.175.7.20
2019/09/10 10:15:27 [/shop/user_data/pg_mulpay_recv.php] update order status:1 order_id=939993 from 210.175.7.20
2019/09/10 10:15:27 [/shop/user_data/pg_mulpay_recv.php] pg_mulpay_recv.php set payment data:Array
(
    [ShopID] => 9000034600950
    [AccessID] => 45032a57a72c56eb30cbc41ffdf4ce76
    [OrderID] => 939993-10101520
    [Status] => CAPTURE
    [JobCd] => CAPTURE
    [Amount] => 6750
    [Tax] => 0
    [Currency] => JPN
    [Forward] => 2a99661
    [Method] => 1
    [PayTimes] => 
    [TranID] => 1909101015602257210134111745
    [Approve] => 0000014
    [TranDate] => 20190910101522
    [ErrCode] => 
    [ErrInfo] => 
    [PayType] => 0
    [CvsCode] => 
    [CvsConfNo] => 
    [CvsReceiptNo] => 
    [EdyReceiptNo] => 
    [EdyOrderNo] => 
    [SuicaReceiptNo] => 
    [SuicaOrderNo] => 
    [CustID] => 
    [BkCode] => 
    [ConfNo] => 
    [PaymentTerm] => 
    [EncryptReceiptNo] => 
    [FinishDate] => 
    [ReceiptDate] => 
    [WebMoneyManagementNo] => 
    [WebMoneySettleCode] => 
    [AuPayInfoNo] => 
    [AuPayMethod] => 
    [AuCancelAmount] => 
    [AuCancelTax] => 
    [DocomoSettlementCode] => 
    [DocomoCancelAmount] => 
    [DocomoCancelTax] => 
    [pay_status] => 13
)
 from 210.175.7.20
2019/09/10 10:15:27 [/shop/user_data/pg_mulpay_recv.php] response:true from 210.175.7.20
2019/09/10 10:27:31 [/shop/shopping/load_payment_module.php] SendRequest:https://p01.mul-pay.jp/payment/SearchMember.idPass from 14.0.165.6
2019/09/10 10:27:31 [/shop/shopping/load_payment_module.php] Array
(
    [SiteID] => mst0000007602
    [SitePass] => ******
    [MemberID] => 9691
)
 from 14.0.165.6
2019/09/10 10:27:31 [/shop/shopping/load_payment_module.php] ErrCode=E01&ErrInfo=E01390002 from 14.0.165.6
2019/09/10 10:27:31 [/shop/shopping/load_payment_module.php] Array
(
    [0] => Array
        (
            [ErrCode] => E01
            [ErrInfo] => E01390002
        )

)
 from 14.0.165.6
2019/09/10 10:27:31 [/shop/shopping/load_payment_module.php] SendRequest:https://p01.mul-pay.jp/payment/SearchCard.idPass from 14.0.165.6
2019/09/10 10:27:31 [/shop/shopping/load_payment_module.php] Array
(
    [SiteID] => mst0000007602
    [SitePass] => ******
    [MemberID] => 9691
)
 from 14.0.165.6
2019/09/10 10:27:31 [/shop/shopping/load_payment_module.php] ErrCode=E01|E01&ErrInfo=E01390002|E01240002 from 14.0.165.6
2019/09/10 10:27:31 [/shop/shopping/load_payment_module.php] Array
(
    [0] => Array
        (
            [ErrCode] => E01
            [ErrInfo] => E01390002
        )

    [1] => Array
        (
            [ErrCode] => E01
            [ErrInfo] => E01240002
        )

)
 from 14.0.165.6
2019/09/10 10:28:21 [/shop/shopping/load_payment_module.php] SendRequest:https://p01.mul-pay.jp/payment/SearchMember.idPass from 14.0.165.6
2019/09/10 10:28:21 [/shop/shopping/load_payment_module.php] Array
(
    [SiteID] => mst0000007602
    [SitePass] => ******
    [MemberID] => 9691
)
 from 14.0.165.6
2019/09/10 10:28:21 [/shop/shopping/load_payment_module.php] ErrCode=E01&ErrInfo=E01390002 from 14.0.165.6
2019/09/10 10:28:21 [/shop/shopping/load_payment_module.php] Array
(
    [0] => Array
        (
            [ErrCode] => E01
            [ErrInfo] => E01390002
        )

)
 from 14.0.165.6
2019/09/10 10:28:21 [/shop/shopping/load_payment_module.php] SendRequest:https://p01.mul-pay.jp/payment/SearchCard.idPass from 14.0.165.6
2019/09/10 10:28:21 [/shop/shopping/load_payment_module.php] Array
(
    [SiteID] => mst0000007602
    [SitePass] => ******
    [MemberID] => 9691
)
 from 14.0.165.6
2019/09/10 10:28:21 [/shop/shopping/load_payment_module.php] ErrCode=E01|E01&ErrInfo=E01390002|E01240002 from 14.0.165.6
2019/09/10 10:28:21 [/shop/shopping/load_payment_module.php] Array
(
    [0] => Array
        (
            [ErrCode] => E01
            [ErrInfo] => E01390002
        )

    [1] => Array
        (
            [ErrCode] => E01
            [ErrInfo] => E01240002
        )

)
 from 14.0.165.6
2019/09/10 10:28:21 [/shop/shopping/load_payment_module.php] SendRequest:https://p01.mul-pay.jp/payment/EntryTran.idPass from 14.0.165.6
2019/09/10 10:28:21 [/shop/shopping/load_payment_module.php] Array
(
    [ShopID] => 9000034600950
    [ShopPass] => ******
    [OrderID] => 939994-10102821
    [JobCd] => CAPTURE
    [Amount] => 8370
    [TdFlag] => 0
    [TdTenantName] => 
)
 from 14.0.165.6
2019/09/10 10:28:22 [/shop/shopping/load_payment_module.php] AccessID=ecc21271b8aa4bc93757979c4f384382&AccessPass=8b48e837a66006e9196d5b72cfb6e547 from 14.0.165.6
2019/09/10 10:28:22 [/shop/shopping/load_payment_module.php] Array
(
    [0] => Array
        (
            [AccessID] => ecc21271b8aa4bc93757979c4f384382
            [AccessPass] => 8b48e837a66006e9196d5b72cfb6e547
        )

)
 from 14.0.165.6
2019/09/10 10:28:22 [/shop/shopping/load_payment_module.php] load_payment_module.php set payment data:Array
(
    [AccessID] => ecc21271b8aa4bc93757979c4f384382
    [AccessPass] => 8b48e837a66006e9196d5b72cfb6e547
    [OrderID] => 939994-10102821
    [Amount] => 8370
    [JobCd] => CAPTURE
    [action_status] => 1
    [pay_status] => 0
)
 from 14.0.165.6
2019/09/10 10:28:22 [/shop/shopping/load_payment_module.php] SendRequest:https://p01.mul-pay.jp/payment/ExecTran.idPass from 14.0.165.6
2019/09/10 10:28:22 [/shop/shopping/load_payment_module.php] Array
(
    [AccessID] => ecc21271b8aa4bc93757979c4f384382
    [AccessPass] => 8b48e837a66006e9196d5b72cfb6e547
    [OrderID] => 939994-10102821
    [Method] => 1
    [Token] => 30ef276adc8b1ac5ddf0c1da2c5443720d5cfce0f92ab475299c223f505b9a9f
    [ClientField1] => 
    [ClientField2] => 
    [ClientField3] => EC-CUBE4.3.24
)
 from 14.0.165.6
2019/09/10 10:28:23 [/shop/shopping/load_payment_module.php] ACS=0&OrderID=939994-10102821&Forward=2S49631&Method=1&PayTimes=&Approve=0031753&TranID=1909101028602257210134121712&TranDate=20190910102823&CheckString=a0430a90c5e4b8b0c0faeaf30d441193 from 14.0.165.6
2019/09/10 10:28:23 [/shop/shopping/load_payment_module.php] Array
(
    [0] => Array
        (
            [ACS] => 0
            [OrderID] => 939994-10102821
            [Forward] => 2S49631
            [Method] => 1
            [PayTimes] => 
            [Approve] => 0031753
            [TranID] => 1909101028602257210134121712
            [TranDate] => 20190910102823
            [CheckString] => a0430a90c5e4b8b0c0faeaf30d441193
        )

)
 from 14.0.165.6
2019/09/10 10:28:23 [/shop/shopping/load_payment_module.php] load_payment_module.php set payment data:Array
(
    [ACS] => 0
    [Forward] => 2S49631
    [Method] => 1
    [PayTimes] => 
    [Approve] => 0031753
    [TranID] => 1909101028602257210134121712
    [TranDate] => 20190910102823
    [CheckString] => a0430a90c5e4b8b0c0faeaf30d441193
    [Amount] => 8370
    [JobCd] => CAPTURE
    [action_status] => 3
    [pay_status] => 13
)
 from 14.0.165.6
2019/09/10 10:28:23 [/shop/user_data/pg_mulpay_recv.php] ******* receiveer data start ******* from 210.175.7.20
2019/09/10 10:28:23 [/shop/user_data/pg_mulpay_recv.php] Array
(
    [ShopID] => 9000034600950
    [ShopPass] => **********
    [AccessID] => ecc21271b8aa4bc93757979c4f384382
    [AccessPass] => ********************************
    [OrderID] => 939994-10102821
    [Status] => CAPTURE
    [JobCd] => CAPTURE
    [Amount] => 8370
    [Tax] => 0
    [Currency] => JPN
    [Forward] => 2S49631
    [Method] => 1
    [PayTimes] => 
    [TranID] => 1909101028602257210134121712
    [Approve] => 0031753
    [TranDate] => 20190910102823
    [ErrCode] => 
    [ErrInfo] => 
    [PayType] => 0
)
 from 210.175.7.20
2019/09/10 10:28:23 [/shop/user_data/pg_mulpay_recv.php] ******* receiveer data end ******* from 210.175.7.20
2019/09/10 10:28:28 [/shop/user_data/pg_mulpay_recv.php] update order status:1 order_id=939994 from 210.175.7.20
2019/09/10 10:28:28 [/shop/user_data/pg_mulpay_recv.php] pg_mulpay_recv.php set payment data:Array
(
    [ShopID] => 9000034600950
    [AccessID] => ecc21271b8aa4bc93757979c4f384382
    [OrderID] => 939994-10102821
    [Status] => CAPTURE
    [JobCd] => CAPTURE
    [Amount] => 8370
    [Tax] => 0
    [Currency] => JPN
    [Forward] => 2S49631
    [Method] => 1
    [PayTimes] => 
    [TranID] => 1909101028602257210134121712
    [Approve] => 0031753
    [TranDate] => 20190910102823
    [ErrCode] => 
    [ErrInfo] => 
    [PayType] => 0
    [CvsCode] => 
    [CvsConfNo] => 
    [CvsReceiptNo] => 
    [EdyReceiptNo] => 
    [EdyOrderNo] => 
    [SuicaReceiptNo] => 
    [SuicaOrderNo] => 
    [CustID] => 
    [BkCode] => 
    [ConfNo] => 
    [PaymentTerm] => 
    [EncryptReceiptNo] => 
    [FinishDate] => 
    [ReceiptDate] => 
    [WebMoneyManagementNo] => 
    [WebMoneySettleCode] => 
    [AuPayInfoNo] => 
    [AuPayMethod] => 
    [AuCancelAmount] => 
    [AuCancelTax] => 
    [DocomoSettlementCode] => 
    [DocomoCancelAmount] => 
    [DocomoCancelTax] => 
    [pay_status] => 13
)
 from 210.175.7.20
2019/09/10 10:28:28 [/shop/user_data/pg_mulpay_recv.php] response:true from 210.175.7.20
2019/09/10 10:30:50 [/shop/shopping/load_payment_module.php] SendRequest:https://p01.mul-pay.jp/payment/EntryTran.idPass from 96.247.195.63
2019/09/10 10:30:50 [/shop/shopping/load_payment_module.php] Array
(
    [ShopID] => 9000034600950
    [ShopPass] => ******
    [OrderID] => 939995-10103050
    [JobCd] => CAPTURE
    [Amount] => 7660
    [TdFlag] => 0
    [TdTenantName] => 
)
 from 96.247.195.63
2019/09/10 10:30:51 [/shop/shopping/load_payment_module.php] AccessID=41434769be84b433b061ba2f1b495fca&AccessPass=8f847d3600fd454f9935438744725434 from 96.247.195.63
2019/09/10 10:30:51 [/shop/shopping/load_payment_module.php] Array
(
    [0] => Array
        (
            [AccessID] => 41434769be84b433b061ba2f1b495fca
            [AccessPass] => 8f847d3600fd454f9935438744725434
        )

)
 from 96.247.195.63
2019/09/10 10:30:51 [/shop/shopping/load_payment_module.php] load_payment_module.php set payment data:Array
(
    [AccessID] => 41434769be84b433b061ba2f1b495fca
    [AccessPass] => 8f847d3600fd454f9935438744725434
    [OrderID] => 939995-10103050
    [Amount] => 7660
    [JobCd] => CAPTURE
    [action_status] => 1
    [pay_status] => 0
)
 from 96.247.195.63
2019/09/10 10:30:51 [/shop/shopping/load_payment_module.php] SendRequest:https://p01.mul-pay.jp/payment/ExecTran.idPass from 96.247.195.63
2019/09/10 10:30:51 [/shop/shopping/load_payment_module.php] Array
(
    [AccessID] => 41434769be84b433b061ba2f1b495fca
    [AccessPass] => 8f847d3600fd454f9935438744725434
    [OrderID] => 939995-10103050
    [Method] => 1
    [Token] => d04b7f5ff960ffa635e1dc7d0fb731b622ac831df776302ca6ec8a924b2ff1d0
    [ClientField1] => 
    [ClientField2] => 
    [ClientField3] => EC-CUBE4.3.24
)
 from 96.247.195.63
2019/09/10 10:30:52 [/shop/shopping/load_payment_module.php] ACS=0&OrderID=939995-10103050&Forward=2S49631&Method=1&PayTimes=&Approve=0161970&TranID=1909101030602257210134100420&TranDate=20190910103052&CheckString=11db8c6d01f767f71f8fa945f30f876f from 96.247.195.63
2019/09/10 10:30:52 [/shop/shopping/load_payment_module.php] Array
(
    [0] => Array
        (
            [ACS] => 0
            [OrderID] => 939995-10103050
            [Forward] => 2S49631
            [Method] => 1
            [PayTimes] => 
            [Approve] => 0161970
            [TranID] => 1909101030602257210134100420
            [TranDate] => 20190910103052
            [CheckString] => 11db8c6d01f767f71f8fa945f30f876f
        )

)
 from 96.247.195.63
2019/09/10 10:30:52 [/shop/shopping/load_payment_module.php] load_payment_module.php set payment data:Array
(
    [ACS] => 0
    [Forward] => 2S49631
    [Method] => 1
    [PayTimes] => 
    [Approve] => 0161970
    [TranID] => 1909101030602257210134100420
    [TranDate] => 20190910103052
    [CheckString] => 11db8c6d01f767f71f8fa945f30f876f
    [Amount] => 7660
    [JobCd] => CAPTURE
    [action_status] => 3
    [pay_status] => 13
)
 from 96.247.195.63
2019/09/10 10:30:52 [/shop/user_data/pg_mulpay_recv.php] ******* receiveer data start ******* from 210.175.7.20
2019/09/10 10:30:52 [/shop/user_data/pg_mulpay_recv.php] Array
(
    [ShopID] => 9000034600950
    [ShopPass] => **********
    [AccessID] => 41434769be84b433b061ba2f1b495fca
    [AccessPass] => ********************************
    [OrderID] => 939995-10103050
    [Status] => CAPTURE
    [JobCd] => CAPTURE
    [Amount] => 7660
    [Tax] => 0
    [Currency] => JPN
    [Forward] => 2S49631
    [Method] => 1
    [PayTimes] => 
    [TranID] => 1909101030602257210134100420
    [Approve] => 0161970
    [TranDate] => 20190910103052
    [ErrCode] => 
    [ErrInfo] => 
    [PayType] => 0
)
 from 210.175.7.20
2019/09/10 10:30:52 [/shop/user_data/pg_mulpay_recv.php] ******* receiveer data end ******* from 210.175.7.20
2019/09/10 10:30:57 [/shop/user_data/pg_mulpay_recv.php] update order status:1 order_id=939995 from 210.175.7.20
2019/09/10 10:30:57 [/shop/user_data/pg_mulpay_recv.php] pg_mulpay_recv.php set payment data:Array
(
    [ShopID] => 9000034600950
    [AccessID] => 41434769be84b433b061ba2f1b495fca
    [OrderID] => 939995-10103050
    [Status] => CAPTURE
    [JobCd] => CAPTURE
    [Amount] => 7660
    [Tax] => 0
    [Currency] => JPN
    [Forward] => 2S49631
    [Method] => 1
    [PayTimes] => 
    [TranID] => 1909101030602257210134100420
    [Approve] => 0161970
    [TranDate] => 20190910103052
    [ErrCode] => 
    [ErrInfo] => 
    [PayType] => 0
    [CvsCode] => 
    [CvsConfNo] => 
    [CvsReceiptNo] => 
    [EdyReceiptNo] => 
    [EdyOrderNo] => 
    [SuicaReceiptNo] => 
    [SuicaOrderNo] => 
    [CustID] => 
    [BkCode] => 
    [ConfNo] => 
    [PaymentTerm] => 
    [EncryptReceiptNo] => 
    [FinishDate] => 
    [ReceiptDate] => 
    [WebMoneyManagementNo] => 
    [WebMoneySettleCode] => 
    [AuPayInfoNo] => 
    [AuPayMethod] => 
    [AuCancelAmount] => 
    [AuCancelTax] => 
    [DocomoSettlementCode] => 
    [DocomoCancelAmount] => 
    [DocomoCancelTax] => 
    [pay_status] => 13
)
 from 210.175.7.20
2019/09/10 10:30:57 [/shop/user_data/pg_mulpay_recv.php] response:true from 210.175.7.20
2019/09/10 10:42:45 [/shop/admin/order/edit.php] edit.php set payment data:Array
(
    [no_update_status_flg] => 1
)
 from 153.142.16.212
2019/09/10 10:42:46 [/shop/admin/order/edit.php] SendRequest:https://p01.mul-pay.jp/payment/ChangeTran.idPass from 153.142.16.212
2019/09/10 10:42:46 [/shop/admin/order/edit.php] Array
(
    [ShopID] => 9000034600950
    [ShopPass] => ******
    [AccessID] => 1575f3a95b66183bd6a447d6b0969849
    [AccessPass] => bd89104818dad865674c8389814fd76e
    [JobCd] => CAPTURE
    [Amount] => 4910
)
 from 153.142.16.212
2019/09/10 10:42:48 [/shop/admin/order/edit.php] AccessID=1575f3a95b66183bd6a447d6b0969849&AccessPass=bd89104818dad865674c8389814fd76e&Forward=2S49631&Approve=0006682&TranID=1909101042602257210134111747&TranDate=20190910104248 from 153.142.16.212
2019/09/10 10:42:48 [/shop/admin/order/edit.php] Array
(
    [0] => Array
        (
            [AccessID] => 1575f3a95b66183bd6a447d6b0969849
            [AccessPass] => bd89104818dad865674c8389814fd76e
            [Forward] => 2S49631
            [Approve] => 0006682
            [TranID] => 1909101042602257210134111747
            [TranDate] => 20190910104248
        )

)
 from 153.142.16.212
2019/09/10 10:42:48 [/shop/admin/order/edit.php] edit.php set payment data:Array
(
    [AccessID] => 1575f3a95b66183bd6a447d6b0969849
    [AccessPass] => bd89104818dad865674c8389814fd76e
    [Forward] => 2S49631
    [Approve] => 0006682
    [TranID] => 1909101042602257210134111747
    [TranDate] => 20190910104248
    [action_status] => 6
    [pay_status] => 13
    [JobCd] => CAPTURE
    [Amount] => 4910
)
 from 153.142.16.212
2019/09/10 10:42:48 [/shop/user_data/pg_mulpay_recv.php] ******* receiveer data start ******* from 210.175.7.20
2019/09/10 10:42:48 [/shop/user_data/pg_mulpay_recv.php] Array
(
    [ShopID] => 9000034600950
    [ShopPass] => **********
    [AccessID] => 1575f3a95b66183bd6a447d6b0969849
    [AccessPass] => ********************************
    [OrderID] => 939846-04123949
    [Status] => RETURN
    [JobCd] => RETURN
    [Amount] => 4370
    [Tax] => 0
    [Currency] => JPN
    [Forward] => 2S49631
    [Method] => 1
    [PayTimes] => 
    [TranID] => 1909101042602257210134111746
    [Approve] => 0017035
    [TranDate] => 20190910104248
    [ErrCode] => 
    [ErrInfo] => 
    [PayType] => 0
)
 from 210.175.7.20
2019/09/10 10:42:48 [/shop/user_data/pg_mulpay_recv.php] ******* receiveer data end ******* from 210.175.7.20
2019/09/10 10:42:48 [/shop/user_data/pg_mulpay_recv.php] pg_mulpay_recv.php set payment data:Array
(
    [ShopID] => 9000034600950
    [AccessID] => 1575f3a95b66183bd6a447d6b0969849
    [OrderID] => 939846-04123949
    [Status] => RETURN
    [JobCd] => RETURN
    [Amount] => 4370
    [Tax] => 0
    [Currency] => JPN
    [Forward] => 2S49631
    [Method] => 1
    [PayTimes] => 
    [TranID] => 1909101042602257210134111746
    [Approve] => 0017035
    [TranDate] => 20190910104248
    [PayType] => 0
    [CvsCode] => 
    [CvsConfNo] => 
    [CvsReceiptNo] => 
    [EdyReceiptNo] => 
    [EdyOrderNo] => 
    [SuicaReceiptNo] => 
    [SuicaOrderNo] => 
    [CustID] => 
    [BkCode] => 
    [ConfNo] => 
    [PaymentTerm] => 
    [EncryptReceiptNo] => 
    [FinishDate] => 
    [ReceiptDate] => 
    [WebMoneyManagementNo] => 
    [WebMoneySettleCode] => 
    [AuPayInfoNo] => 
    [AuPayMethod] => 
    [AuCancelAmount] => 
    [AuCancelTax] => 
    [DocomoSettlementCode] => 
    [DocomoCancelAmount] => 
    [DocomoCancelTax] => 
    [pay_status] => 15
)
 from 210.175.7.20
2019/09/10 10:42:48 [/shop/user_data/pg_mulpay_recv.php] response:true from 210.175.7.20
2019/09/10 10:42:48 [/shop/user_data/pg_mulpay_recv.php] ******* receiveer data start ******* from 210.175.7.20
2019/09/10 10:42:48 [/shop/user_data/pg_mulpay_recv.php] Array
(
    [ShopID] => 9000034600950
    [ShopPass] => **********
    [AccessID] => 1575f3a95b66183bd6a447d6b0969849
    [AccessPass] => ********************************
    [OrderID] => 939846-04123949
    [Status] => CAPTURE
    [JobCd] => CAPTURE
    [Amount] => 4910
    [Tax] => 0
    [Currency] => JPN
    [Forward] => 2S49631
    [Method] => 1
    [PayTimes] => 
    [TranID] => 1909101042602257210134111747
    [Approve] => 0006682
    [TranDate] => 20190910104248
    [ErrCode] => 
    [ErrInfo] => 
    [PayType] => 0
)
 from 210.175.7.20
2019/09/10 10:42:48 [/shop/user_data/pg_mulpay_recv.php] ******* receiveer data end ******* from 210.175.7.20
2019/09/10 10:42:53 [/shop/admin/order/edit.php] SendRequest:https://p01.mul-pay.jp/payment/SearchTrade.idPass from 153.142.16.212
2019/09/10 10:42:53 [/shop/admin/order/edit.php] Array
(
    [ShopID] => 9000034600950
    [ShopPass] => ******
    [OrderID] => 939846-04123949
)
 from 153.142.16.212
2019/09/10 10:42:53 [/shop/user_data/pg_mulpay_recv.php] no update order status order_id=939846 from 210.175.7.20
2019/09/10 10:42:53 [/shop/user_data/pg_mulpay_recv.php] pg_mulpay_recv.php set payment data:Array
(
    [ShopID] => 9000034600950
    [AccessID] => 1575f3a95b66183bd6a447d6b0969849
    [OrderID] => 939846-04123949
    [Status] => CAPTURE
    [JobCd] => CAPTURE
    [Amount] => 4910
    [Tax] => 0
    [Currency] => JPN
    [Forward] => 2S49631
    [Method] => 1
    [PayTimes] => 
    [TranID] => 1909101042602257210134111747
    [Approve] => 0006682
    [TranDate] => 20190910104248
    [PayType] => 0
    [CvsCode] => 
    [CvsConfNo] => 
    [CvsReceiptNo] => 
    [EdyReceiptNo] => 
    [EdyOrderNo] => 
    [SuicaReceiptNo] => 
    [SuicaOrderNo] => 
    [CustID] => 
    [BkCode] => 
    [ConfNo] => 
    [PaymentTerm] => 
    [EncryptReceiptNo] => 
    [FinishDate] => 
    [ReceiptDate] => 
    [WebMoneyManagementNo] => 
    [WebMoneySettleCode] => 
    [AuPayInfoNo] => 
    [AuPayMethod] => 
    [AuCancelAmount] => 
    [AuCancelTax] => 
    [DocomoSettlementCode] => 
    [DocomoCancelAmount] => 
    [DocomoCancelTax] => 
    [pay_status] => 13
    [no_update_status_flg] => 0
)
 from 210.175.7.20
2019/09/10 10:42:53 [/shop/user_data/pg_mulpay_recv.php] response:true from 210.175.7.20
2019/09/10 10:42:54 [/shop/admin/order/edit.php] OrderID=939846-04123949&Status=CAPTURE&ProcessDate=20190910104248&JobCd=CAPTURE&AccessID=1575f3a95b66183bd6a447d6b0969849&AccessPass=bd89104818dad865674c8389814fd76e&ItemCode=0000990&Amount=4910&Tax=0&SiteID=&MemberID=&CardNo=************8484&Expire=2111&Method=1&PayTimes=&Forward=2S49631&TranID=1909101042602257210134111747&Approve=0006682&ClientField1=&ClientField2=&ClientField3=EC-CUBE4.3.24 from 153.142.16.212
2019/09/10 10:42:54 [/shop/admin/order/edit.php] Array
(
    [0] => Array
        (
            [OrderID] => 939846-04123949
            [Status] => CAPTURE
            [ProcessDate] => 20190910104248
            [JobCd] => CAPTURE
            [AccessID] => 1575f3a95b66183bd6a447d6b0969849
            [AccessPass] => bd89104818dad865674c8389814fd76e
            [ItemCode] => 0000990
            [Amount] => 4910
            [Tax] => 0
            [SiteID] => 
            [MemberID] => 
            [CardNo] => ************8484
            [Expire] => 2111
            [Method] => 1
            [PayTimes] => 
            [Forward] => 2S49631
            [TranID] => 1909101042602257210134111747
            [Approve] => 0006682
            [ClientField1] => 
            [ClientField2] => 
            [ClientField3] => EC-CUBE4.3.24
        )

)
 from 153.142.16.212
2019/09/10 10:42:54 [/shop/admin/order/edit.php] edit.php set payment data:Array
(
    [OrderID] => 939846-04123949
    [Status] => CAPTURE
    [ProcessDate] => 20190910104248
    [JobCd] => CAPTURE
    [AccessID] => 1575f3a95b66183bd6a447d6b0969849
    [AccessPass] => bd89104818dad865674c8389814fd76e
    [ItemCode] => 0000990
    [Amount] => 4910
    [Tax] => 0
    [SiteID] => 
    [MemberID] => 
    [CardNo] => ************8484
    [Expire] => 2111
    [Method] => 1
    [PayTimes] => 
    [Forward] => 2S49631
    [TranID] => 1909101042602257210134111747
    [Approve] => 0006682
    [ClientField1] => 
    [ClientField2] => 
    [ClientField3] => EC-CUBE4.3.24
    [action_status] => 6
    [pay_status] => 13
)
 from 153.142.16.212
2019/09/10 11:54:16 [/shop/shopping/load_payment_module.php] SendRequest:https://p01.mul-pay.jp/payment/SearchMember.idPass from 126.196.59.192
2019/09/10 11:54:16 [/shop/shopping/load_payment_module.php] Array
(
    [SiteID] => mst0000007602
    [SitePass] => ******
    [MemberID] => 9692
)
 from 126.196.59.192
2019/09/10 11:54:16 [/shop/shopping/load_payment_module.php] ErrCode=E01&ErrInfo=E01390002 from 126.196.59.192
2019/09/10 11:54:16 [/shop/shopping/load_payment_module.php] Array
(
    [0] => Array
        (
            [ErrCode] => E01
            [ErrInfo] => E01390002
        )

)
 from 126.196.59.192
2019/09/10 11:54:16 [/shop/shopping/load_payment_module.php] SendRequest:https://p01.mul-pay.jp/payment/SearchCard.idPass from 126.196.59.192
2019/09/10 11:54:16 [/shop/shopping/load_payment_module.php] Array
(
    [SiteID] => mst0000007602
    [SitePass] => ******
    [MemberID] => 9692
)
 from 126.196.59.192
2019/09/10 11:54:16 [/shop/shopping/load_payment_module.php] ErrCode=E01|E01&ErrInfo=E01390002|E01240002 from 126.196.59.192
2019/09/10 11:54:16 [/shop/shopping/load_payment_module.php] Array
(
    [0] => Array
        (
            [ErrCode] => E01
            [ErrInfo] => E01390002
        )

    [1] => Array
        (
            [ErrCode] => E01
            [ErrInfo] => E01240002
        )

)
 from 126.196.59.192
2019/09/10 11:55:16 [/shop/shopping/load_payment_module.php] SendRequest:https://p01.mul-pay.jp/payment/EntryTran.idPass from 153.142.16.212
2019/09/10 11:55:16 [/shop/shopping/load_payment_module.php] Array
(
    [ShopID] => 9000034600950
    [ShopPass] => ******
    [OrderID] => 940000-10115516
    [JobCd] => CAPTURE
    [Amount] => 6580
    [TdFlag] => 0
    [TdTenantName] => 
)
 from 153.142.16.212
2019/09/10 11:55:16 [/shop/shopping/load_payment_module.php] AccessID=f81aa45f7372b6cda71848b3fa9ad635&AccessPass=36eb42438487d49d394bf589238936aa from 153.142.16.212
2019/09/10 11:55:16 [/shop/shopping/load_payment_module.php] Array
(
    [0] => Array
        (
            [AccessID] => f81aa45f7372b6cda71848b3fa9ad635
            [AccessPass] => 36eb42438487d49d394bf589238936aa
        )

)
 from 153.142.16.212
2019/09/10 11:55:16 [/shop/shopping/load_payment_module.php] load_payment_module.php set payment data:Array
(
    [AccessID] => f81aa45f7372b6cda71848b3fa9ad635
    [AccessPass] => 36eb42438487d49d394bf589238936aa
    [OrderID] => 940000-10115516
    [Amount] => 6580
    [JobCd] => CAPTURE
    [action_status] => 1
    [pay_status] => 0
)
 from 153.142.16.212
2019/09/10 11:55:16 [/shop/shopping/load_payment_module.php] SendRequest:https://p01.mul-pay.jp/payment/ExecTran.idPass from 153.142.16.212
2019/09/10 11:55:16 [/shop/shopping/load_payment_module.php] Array
(
    [AccessID] => f81aa45f7372b6cda71848b3fa9ad635
    [AccessPass] => 36eb42438487d49d394bf589238936aa
    [OrderID] => 940000-10115516
    [Method] => 1
    [Token] => e3546cd8d225488fb0f9285fe0533da867a437f5b893a71a9f45d37ccfb5f239
    [ClientField1] => 
    [ClientField2] => 
    [ClientField3] => EC-CUBE4.3.24
)
 from 153.142.16.212
2019/09/10 11:55:17 [/shop/shopping/load_payment_module.php] ACS=0&OrderID=940000-10115516&Forward=2959876&Method=1&PayTimes=&Approve=0134457&TranID=1909101155602257210134121713&TranDate=20190910115517&CheckString=601f8c3db40acbdaae5680f0d3fcd8a7 from 153.142.16.212
2019/09/10 11:55:17 [/shop/shopping/load_payment_module.php] Array
(
    [0] => Array
        (
            [ACS] => 0
            [OrderID] => 940000-10115516
            [Forward] => 2959876
            [Method] => 1
            [PayTimes] => 
            [Approve] => 0134457
            [TranID] => 1909101155602257210134121713
            [TranDate] => 20190910115517
            [CheckString] => 601f8c3db40acbdaae5680f0d3fcd8a7
        )

)
 from 153.142.16.212
2019/09/10 11:55:17 [/shop/shopping/load_payment_module.php] load_payment_module.php set payment data:Array
(
    [ACS] => 0
    [Forward] => 2959876
    [Method] => 1
    [PayTimes] => 
    [Approve] => 0134457
    [TranID] => 1909101155602257210134121713
    [TranDate] => 20190910115517
    [CheckString] => 601f8c3db40acbdaae5680f0d3fcd8a7
    [Amount] => 6580
    [JobCd] => CAPTURE
    [action_status] => 3
    [pay_status] => 13
)
 from 153.142.16.212
2019/09/10 11:55:17 [/shop/user_data/pg_mulpay_recv.php] ******* receiveer data start ******* from 210.175.7.20
2019/09/10 11:55:17 [/shop/user_data/pg_mulpay_recv.php] Array
(
    [ShopID] => 9000034600950
    [ShopPass] => **********
    [AccessID] => f81aa45f7372b6cda71848b3fa9ad635
    [AccessPass] => ********************************
    [OrderID] => 940000-10115516
    [Status] => CAPTURE
    [JobCd] => CAPTURE
    [Amount] => 6580
    [Tax] => 0
    [Currency] => JPN
    [Forward] => 2959876
    [Method] => 1
    [PayTimes] => 
    [TranID] => 1909101155602257210134121713
    [Approve] => 0134457
    [TranDate] => 20190910115517
    [ErrCode] => 
    [ErrInfo] => 
    [PayType] => 0
)
 from 210.175.7.20
2019/09/10 11:55:17 [/shop/user_data/pg_mulpay_recv.php] ******* receiveer data end ******* from 210.175.7.20
2019/09/10 11:55:22 [/shop/user_data/pg_mulpay_recv.php] update order status:1 order_id=940000 from 210.175.7.20
2019/09/10 11:55:22 [/shop/user_data/pg_mulpay_recv.php] pg_mulpay_recv.php set payment data:Array
(
    [ShopID] => 9000034600950
    [AccessID] => f81aa45f7372b6cda71848b3fa9ad635
    [OrderID] => 940000-10115516
    [Status] => CAPTURE
    [JobCd] => CAPTURE
    [Amount] => 6580
    [Tax] => 0
    [Currency] => JPN
    [Forward] => 2959876
    [Method] => 1
    [PayTimes] => 
    [TranID] => 1909101155602257210134121713
    [Approve] => 0134457
    [TranDate] => 20190910115517
    [ErrCode] => 
    [ErrInfo] => 
    [PayType] => 0
    [CvsCode] => 
    [CvsConfNo] => 
    [CvsReceiptNo] => 
    [EdyReceiptNo] => 
    [EdyOrderNo] => 
    [SuicaReceiptNo] => 
    [SuicaOrderNo] => 
    [CustID] => 
    [BkCode] => 
    [ConfNo] => 
    [PaymentTerm] => 
    [EncryptReceiptNo] => 
    [FinishDate] => 
    [ReceiptDate] => 
    [WebMoneyManagementNo] => 
    [WebMoneySettleCode] => 
    [AuPayInfoNo] => 
    [AuPayMethod] => 
    [AuCancelAmount] => 
    [AuCancelTax] => 
    [DocomoSettlementCode] => 
    [DocomoCancelAmount] => 
    [DocomoCancelTax] => 
    [pay_status] => 13
)
 from 210.175.7.20
2019/09/10 11:55:22 [/shop/user_data/pg_mulpay_recv.php] response:true from 210.175.7.20
2019/09/10 11:55:47 [/shop/shopping/load_payment_module.php] SendRequest:https://p01.mul-pay.jp/payment/SearchMember.idPass from 126.196.59.192
2019/09/10 11:55:47 [/shop/shopping/load_payment_module.php] Array
(
    [SiteID] => mst0000007602
    [SitePass] => ******
    [MemberID] => 9692
)
 from 126.196.59.192
2019/09/10 11:55:47 [/shop/shopping/load_payment_module.php] ErrCode=E01&ErrInfo=E01390002 from 126.196.59.192
2019/09/10 11:55:47 [/shop/shopping/load_payment_module.php] Array
(
    [0] => Array
        (
            [ErrCode] => E01
            [ErrInfo] => E01390002
        )

)
 from 126.196.59.192
2019/09/10 11:55:47 [/shop/shopping/load_payment_module.php] SendRequest:https://p01.mul-pay.jp/payment/SearchCard.idPass from 126.196.59.192
2019/09/10 11:55:47 [/shop/shopping/load_payment_module.php] Array
(
    [SiteID] => mst0000007602
    [SitePass] => ******
    [MemberID] => 9692
)
 from 126.196.59.192
2019/09/10 11:55:47 [/shop/shopping/load_payment_module.php] ErrCode=E01|E01&ErrInfo=E01390002|E01240002 from 126.196.59.192
2019/09/10 11:55:47 [/shop/shopping/load_payment_module.php] Array
(
    [0] => Array
        (
            [ErrCode] => E01
            [ErrInfo] => E01390002
        )

    [1] => Array
        (
            [ErrCode] => E01
            [ErrInfo] => E01240002
        )

)
 from 126.196.59.192
2019/09/10 11:55:47 [/shop/shopping/load_payment_module.php] SendRequest:https://p01.mul-pay.jp/payment/EntryTran.idPass from 126.196.59.192
2019/09/10 11:55:47 [/shop/shopping/load_payment_module.php] Array
(
    [ShopID] => 9000034600950
    [ShopPass] => ******
    [OrderID] => 939999-10115547
    [JobCd] => CAPTURE
    [Amount] => 6030
    [TdFlag] => 0
    [TdTenantName] => 
)
 from 126.196.59.192
2019/09/10 11:55:47 [/shop/shopping/load_payment_module.php] AccessID=1c259be78c417d98ab730ad018b0ff03&AccessPass=b98cde9111b2d2b1d9b0d04b809c0aa3 from 126.196.59.192
2019/09/10 11:55:47 [/shop/shopping/load_payment_module.php] Array
(
    [0] => Array
        (
            [AccessID] => 1c259be78c417d98ab730ad018b0ff03
            [AccessPass] => b98cde9111b2d2b1d9b0d04b809c0aa3
        )

)
 from 126.196.59.192
2019/09/10 11:55:47 [/shop/shopping/load_payment_module.php] load_payment_module.php set payment data:Array
(
    [AccessID] => 1c259be78c417d98ab730ad018b0ff03
    [AccessPass] => b98cde9111b2d2b1d9b0d04b809c0aa3
    [OrderID] => 939999-10115547
    [Amount] => 6030
    [JobCd] => CAPTURE
    [action_status] => 1
    [pay_status] => 0
)
 from 126.196.59.192
2019/09/10 11:55:47 [/shop/shopping/load_payment_module.php] SendRequest:https://p01.mul-pay.jp/payment/ExecTran.idPass from 126.196.59.192
2019/09/10 11:55:47 [/shop/shopping/load_payment_module.php] Array
(
    [AccessID] => 1c259be78c417d98ab730ad018b0ff03
    [AccessPass] => b98cde9111b2d2b1d9b0d04b809c0aa3
    [OrderID] => 939999-10115547
    [Method] => 1
    [Token] => 0f654d4f2ca2f56ec010f157a647e6547e1d01743068da0eec2ba07d3e164b2a
    [ClientField1] => 
    [ClientField2] => 
    [ClientField3] => EC-CUBE4.3.24
)
 from 126.196.59.192
2019/09/10 11:55:49 [/shop/shopping/load_payment_module.php] ACS=0&OrderID=939999-10115547&Forward=2959876&Method=1&PayTimes=&Approve=0179848&TranID=1909101155602257210134111748&TranDate=20190910115549&CheckString=ec4194af45a27cc445d958a15377f2f2 from 126.196.59.192
2019/09/10 11:55:49 [/shop/shopping/load_payment_module.php] Array
(
    [0] => Array
        (
            [ACS] => 0
            [OrderID] => 939999-10115547
            [Forward] => 2959876
            [Method] => 1
            [PayTimes] => 
            [Approve] => 0179848
            [TranID] => 1909101155602257210134111748
            [TranDate] => 20190910115549
            [CheckString] => ec4194af45a27cc445d958a15377f2f2
        )

)
 from 126.196.59.192
2019/09/10 11:55:49 [/shop/shopping/load_payment_module.php] load_payment_module.php set payment data:Array
(
    [ACS] => 0
    [Forward] => 2959876
    [Method] => 1
    [PayTimes] => 
    [Approve] => 0179848
    [TranID] => 1909101155602257210134111748
    [TranDate] => 20190910115549
    [CheckString] => ec4194af45a27cc445d958a15377f2f2
    [Amount] => 6030
    [JobCd] => CAPTURE
    [action_status] => 3
    [pay_status] => 13
)
 from 126.196.59.192
2019/09/10 11:55:49 [/shop/user_data/pg_mulpay_recv.php] ******* receiveer data start ******* from 210.175.7.20
2019/09/10 11:55:49 [/shop/user_data/pg_mulpay_recv.php] Array
(
    [ShopID] => 9000034600950
    [ShopPass] => **********
    [AccessID] => 1c259be78c417d98ab730ad018b0ff03
    [AccessPass] => ********************************
    [OrderID] => 939999-10115547
    [Status] => CAPTURE
    [JobCd] => CAPTURE
    [Amount] => 6030
    [Tax] => 0
    [Currency] => JPN
    [Forward] => 2959876
    [Method] => 1
    [PayTimes] => 
    [TranID] => 1909101155602257210134111748
    [Approve] => 0179848
    [TranDate] => 20190910115549
    [ErrCode] => 
    [ErrInfo] => 
    [PayType] => 0
)
 from 210.175.7.20
2019/09/10 11:55:49 [/shop/user_data/pg_mulpay_recv.php] ******* receiveer data end ******* from 210.175.7.20
2019/09/10 11:55:54 [/shop/user_data/pg_mulpay_recv.php] update order status:1 order_id=939999 from 210.175.7.20
2019/09/10 11:55:54 [/shop/user_data/pg_mulpay_recv.php] pg_mulpay_recv.php set payment data:Array
(
    [ShopID] => 9000034600950
    [AccessID] => 1c259be78c417d98ab730ad018b0ff03
    [OrderID] => 939999-10115547
    [Status] => CAPTURE
    [JobCd] => CAPTURE
    [Amount] => 6030
    [Tax] => 0
    [Currency] => JPN
    [Forward] => 2959876
    [Method] => 1
    [PayTimes] => 
    [TranID] => 1909101155602257210134111748
    [Approve] => 0179848
    [TranDate] => 20190910115549
    [ErrCode] => 
    [ErrInfo] => 
    [PayType] => 0
    [CvsCode] => 
    [CvsConfNo] => 
    [CvsReceiptNo] => 
    [EdyReceiptNo] => 
    [EdyOrderNo] => 
    [SuicaReceiptNo] => 
    [SuicaOrderNo] => 
    [CustID] => 
    [BkCode] => 
    [ConfNo] => 
    [PaymentTerm] => 
    [EncryptReceiptNo] => 
    [FinishDate] => 
    [ReceiptDate] => 
    [WebMoneyManagementNo] => 
    [WebMoneySettleCode] => 
    [AuPayInfoNo] => 
    [AuPayMethod] => 
    [AuCancelAmount] => 
    [AuCancelTax] => 
    [DocomoSettlementCode] => 
    [DocomoCancelAmount] => 
    [DocomoCancelTax] => 
    [pay_status] => 13
)
 from 210.175.7.20
2019/09/10 11:55:54 [/shop/user_data/pg_mulpay_recv.php] response:true from 210.175.7.20
2019/09/10 11:57:23 [/shop/shopping/load_payment_module.php] SendRequest:https://p01.mul-pay.jp/payment/SearchMember.idPass from 126.196.59.192
2019/09/10 11:57:23 [/shop/shopping/load_payment_module.php] Array
(
    [SiteID] => mst0000007602
    [SitePass] => ******
    [MemberID] => 9693
)
 from 126.196.59.192
2019/09/10 11:57:23 [/shop/shopping/load_payment_module.php] ErrCode=E01&ErrInfo=E01390002 from 126.196.59.192
2019/09/10 11:57:23 [/shop/shopping/load_payment_module.php] Array
(
    [0] => Array
        (
            [ErrCode] => E01
            [ErrInfo] => E01390002
        )

)
 from 126.196.59.192
2019/09/10 11:57:23 [/shop/shopping/load_payment_module.php] SendRequest:https://p01.mul-pay.jp/payment/SearchCard.idPass from 126.196.59.192
2019/09/10 11:57:23 [/shop/shopping/load_payment_module.php] Array
(
    [SiteID] => mst0000007602
    [SitePass] => ******
    [MemberID] => 9693
)
 from 126.196.59.192
2019/09/10 11:57:23 [/shop/shopping/load_payment_module.php] ErrCode=E01|E01&ErrInfo=E01390002|E01240002 from 126.196.59.192
2019/09/10 11:57:23 [/shop/shopping/load_payment_module.php] Array
(
    [0] => Array
        (
            [ErrCode] => E01
            [ErrInfo] => E01390002
        )

    [1] => Array
        (
            [ErrCode] => E01
            [ErrInfo] => E01240002
        )

)
 from 126.196.59.192
2019/09/10 12:00:10 [/shop/shopping/load_payment_module.php] SendRequest:https://p01.mul-pay.jp/payment/SearchMember.idPass from 126.196.59.192
2019/09/10 12:00:10 [/shop/shopping/load_payment_module.php] Array
(
    [SiteID] => mst0000007602
    [SitePass] => ******
    [MemberID] => 9693
)
 from 126.196.59.192
2019/09/10 12:00:10 [/shop/shopping/load_payment_module.php] ErrCode=E01&ErrInfo=E01390002 from 126.196.59.192
2019/09/10 12:00:10 [/shop/shopping/load_payment_module.php] Array
(
    [0] => Array
        (
            [ErrCode] => E01
            [ErrInfo] => E01390002
        )

)
 from 126.196.59.192
2019/09/10 12:00:10 [/shop/shopping/load_payment_module.php] SendRequest:https://p01.mul-pay.jp/payment/SearchCard.idPass from 126.196.59.192
2019/09/10 12:00:10 [/shop/shopping/load_payment_module.php] Array
(
    [SiteID] => mst0000007602
    [SitePass] => ******
    [MemberID] => 9693
)
 from 126.196.59.192
2019/09/10 12:00:11 [/shop/shopping/load_payment_module.php] ErrCode=E01|E01&ErrInfo=E01390002|E01240002 from 126.196.59.192
2019/09/10 12:00:11 [/shop/shopping/load_payment_module.php] Array
(
    [0] => Array
        (
            [ErrCode] => E01
            [ErrInfo] => E01390002
        )

    [1] => Array
        (
            [ErrCode] => E01
            [ErrInfo] => E01240002
        )

)
 from 126.196.59.192
2019/09/10 12:00:11 [/shop/shopping/load_payment_module.php] SendRequest:https://p01.mul-pay.jp/payment/EntryTran.idPass from 126.196.59.192
2019/09/10 12:00:11 [/shop/shopping/load_payment_module.php] Array
(
    [ShopID] => 9000034600950
    [ShopPass] => ******
    [OrderID] => 940001-10120011
    [JobCd] => CAPTURE
    [Amount] => 6030
    [TdFlag] => 0
    [TdTenantName] => 
)
 from 126.196.59.192
2019/09/10 12:00:11 [/shop/shopping/load_payment_module.php] AccessID=f61989f9fcf6d5c014d47840dc913471&AccessPass=02327b4baa3896f327b838cb4d5b886d from 126.196.59.192
2019/09/10 12:00:11 [/shop/shopping/load_payment_module.php] Array
(
    [0] => Array
        (
            [AccessID] => f61989f9fcf6d5c014d47840dc913471
            [AccessPass] => 02327b4baa3896f327b838cb4d5b886d
        )

)
 from 126.196.59.192
2019/09/10 12:00:11 [/shop/shopping/load_payment_module.php] load_payment_module.php set payment data:Array
(
    [AccessID] => f61989f9fcf6d5c014d47840dc913471
    [AccessPass] => 02327b4baa3896f327b838cb4d5b886d
    [OrderID] => 940001-10120011
    [Amount] => 6030
    [JobCd] => CAPTURE
    [action_status] => 1
    [pay_status] => 0
)
 from 126.196.59.192
2019/09/10 12:00:11 [/shop/shopping/load_payment_module.php] SendRequest:https://p01.mul-pay.jp/payment/ExecTran.idPass from 126.196.59.192
2019/09/10 12:00:11 [/shop/shopping/load_payment_module.php] Array
(
    [AccessID] => f61989f9fcf6d5c014d47840dc913471
    [AccessPass] => 02327b4baa3896f327b838cb4d5b886d
    [OrderID] => 940001-10120011
    [Method] => 1
    [Token] => 2bdb9eb084bc144682f11ff7f6fa14a2e709df843de60e063577f54c02d85eda
    [ClientField1] => 
    [ClientField2] => 
    [ClientField3] => EC-CUBE4.3.24
)
 from 126.196.59.192
2019/09/10 12:00:12 [/shop/shopping/load_payment_module.php] ACS=0&OrderID=940001-10120011&Forward=2959876&Method=1&PayTimes=&Approve=0154954&TranID=1909101200602257210134100421&TranDate=20190910120012&CheckString=a628ec95fa3b180a94a019fbf0010291 from 126.196.59.192
2019/09/10 12:00:12 [/shop/shopping/load_payment_module.php] Array
(
    [0] => Array
        (
            [ACS] => 0
            [OrderID] => 940001-10120011
            [Forward] => 2959876
            [Method] => 1
            [PayTimes] => 
            [Approve] => 0154954
            [TranID] => 1909101200602257210134100421
            [TranDate] => 20190910120012
            [CheckString] => a628ec95fa3b180a94a019fbf0010291
        )

)
 from 126.196.59.192
2019/09/10 12:00:12 [/shop/shopping/load_payment_module.php] load_payment_module.php set payment data:Array
(
    [ACS] => 0
    [Forward] => 2959876
    [Method] => 1
    [PayTimes] => 
    [Approve] => 0154954
    [TranID] => 1909101200602257210134100421
    [TranDate] => 20190910120012
    [CheckString] => a628ec95fa3b180a94a019fbf0010291
    [Amount] => 6030
    [JobCd] => CAPTURE
    [action_status] => 3
    [pay_status] => 13
)
 from 126.196.59.192
2019/09/10 12:00:13 [/shop/user_data/pg_mulpay_recv.php] ******* receiveer data start ******* from 210.175.7.20
2019/09/10 12:00:13 [/shop/user_data/pg_mulpay_recv.php] Array
(
    [ShopID] => 9000034600950
    [ShopPass] => **********
    [AccessID] => f61989f9fcf6d5c014d47840dc913471
    [AccessPass] => ********************************
    [OrderID] => 940001-10120011
    [Status] => CAPTURE
    [JobCd] => CAPTURE
    [Amount] => 6030
    [Tax] => 0
    [Currency] => JPN
    [Forward] => 2959876
    [Method] => 1
    [PayTimes] => 
    [TranID] => 1909101200602257210134100421
    [Approve] => 0154954
    [TranDate] => 20190910120012
    [ErrCode] => 
    [ErrInfo] => 
    [PayType] => 0
)
 from 210.175.7.20
2019/09/10 12:00:13 [/shop/user_data/pg_mulpay_recv.php] ******* receiveer data end ******* from 210.175.7.20
2019/09/10 12:00:18 [/shop/user_data/pg_mulpay_recv.php] update order status:1 order_id=940001 from 210.175.7.20
2019/09/10 12:00:18 [/shop/user_data/pg_mulpay_recv.php] pg_mulpay_recv.php set payment data:Array
(
    [ShopID] => 9000034600950
    [AccessID] => f61989f9fcf6d5c014d47840dc913471
    [OrderID] => 940001-10120011
    [Status] => CAPTURE
    [JobCd] => CAPTURE
    [Amount] => 6030
    [Tax] => 0
    [Currency] => JPN
    [Forward] => 2959876
    [Method] => 1
    [PayTimes] => 
    [TranID] => 1909101200602257210134100421
    [Approve] => 0154954
    [TranDate] => 20190910120012
    [ErrCode] => 
    [ErrInfo] => 
    [PayType] => 0
    [CvsCode] => 
    [CvsConfNo] => 
    [CvsReceiptNo] => 
    [EdyReceiptNo] => 
    [EdyOrderNo] => 
    [SuicaReceiptNo] => 
    [SuicaOrderNo] => 
    [CustID] => 
    [BkCode] => 
    [ConfNo] => 
    [PaymentTerm] => 
    [EncryptReceiptNo] => 
    [FinishDate] => 
    [ReceiptDate] => 
    [WebMoneyManagementNo] => 
    [WebMoneySettleCode] => 
    [AuPayInfoNo] => 
    [AuPayMethod] => 
    [AuCancelAmount] => 
    [AuCancelTax] => 
    [DocomoSettlementCode] => 
    [DocomoCancelAmount] => 
    [DocomoCancelTax] => 
    [pay_status] => 13
)
 from 210.175.7.20
2019/09/10 12:00:18 [/shop/user_data/pg_mulpay_recv.php] response:true from 210.175.7.20
2019/09/10 12:07:08 [/shop/shopping/load_payment_module.php] SendRequest:https://p01.mul-pay.jp/payment/EntryTran.idPass from 216.154.47.15
2019/09/10 12:07:08 [/shop/shopping/load_payment_module.php] Array
(
    [ShopID] => 9000034600950
    [ShopPass] => ******
    [OrderID] => 940002-10120708
    [JobCd] => CAPTURE
    [Amount] => 5130
    [TdFlag] => 0
    [TdTenantName] => 
)
 from 216.154.47.15
2019/09/10 12:07:09 [/shop/shopping/load_payment_module.php] AccessID=093a09e663d019708a7e72d2138f782f&AccessPass=50b251e036b5c2f572dc89393d7d068d from 216.154.47.15
2019/09/10 12:07:09 [/shop/shopping/load_payment_module.php] Array
(
    [0] => Array
        (
            [AccessID] => 093a09e663d019708a7e72d2138f782f
            [AccessPass] => 50b251e036b5c2f572dc89393d7d068d
        )

)
 from 216.154.47.15
2019/09/10 12:07:09 [/shop/shopping/load_payment_module.php] load_payment_module.php set payment data:Array
(
    [AccessID] => 093a09e663d019708a7e72d2138f782f
    [AccessPass] => 50b251e036b5c2f572dc89393d7d068d
    [OrderID] => 940002-10120708
    [Amount] => 5130
    [JobCd] => CAPTURE
    [action_status] => 1
    [pay_status] => 0
)
 from 216.154.47.15
2019/09/10 12:07:09 [/shop/shopping/load_payment_module.php] SendRequest:https://p01.mul-pay.jp/payment/ExecTran.idPass from 216.154.47.15
2019/09/10 12:07:09 [/shop/shopping/load_payment_module.php] Array
(
    [AccessID] => 093a09e663d019708a7e72d2138f782f
    [AccessPass] => 50b251e036b5c2f572dc89393d7d068d
    [OrderID] => 940002-10120708
    [Method] => 1
    [Token] => 2a418df083376cbb1d096a1b70ccc4d4594a164db6b68938c00f306f96d79bef
    [ClientField1] => 
    [ClientField2] => 
    [ClientField3] => EC-CUBE4.3.24
)
 from 216.154.47.15
2019/09/10 12:07:09 [/shop/shopping/load_payment_module.php] ACS=0&OrderID=940002-10120708&Forward=2S49631&Method=1&PayTimes=&Approve=0012895&TranID=1909101207602257210134121714&TranDate=20190910120709&CheckString=5d45357a761e5ee861ddfc6f104da442 from 216.154.47.15
2019/09/10 12:07:09 [/shop/shopping/load_payment_module.php] Array
(
    [0] => Array
        (
            [ACS] => 0
            [OrderID] => 940002-10120708
            [Forward] => 2S49631
            [Method] => 1
            [PayTimes] => 
            [Approve] => 0012895
            [TranID] => 1909101207602257210134121714
            [TranDate] => 20190910120709
            [CheckString] => 5d45357a761e5ee861ddfc6f104da442
        )

)
 from 216.154.47.15
2019/09/10 12:07:09 [/shop/shopping/load_payment_module.php] load_payment_module.php set payment data:Array
(
    [ACS] => 0
    [Forward] => 2S49631
    [Method] => 1
    [PayTimes] => 
    [Approve] => 0012895
    [TranID] => 1909101207602257210134121714
    [TranDate] => 20190910120709
    [CheckString] => 5d45357a761e5ee861ddfc6f104da442
    [Amount] => 5130
    [JobCd] => CAPTURE
    [action_status] => 3
    [pay_status] => 13
)
 from 216.154.47.15
2019/09/10 12:07:10 [/shop/user_data/pg_mulpay_recv.php] ******* receiveer data start ******* from 210.175.7.20
2019/09/10 12:07:10 [/shop/user_data/pg_mulpay_recv.php] Array
(
    [ShopID] => 9000034600950
    [ShopPass] => **********
    [AccessID] => 093a09e663d019708a7e72d2138f782f
    [AccessPass] => ********************************
    [OrderID] => 940002-10120708
    [Status] => CAPTURE
    [JobCd] => CAPTURE
    [Amount] => 5130
    [Tax] => 0
    [Currency] => JPN
    [Forward] => 2S49631
    [Method] => 1
    [PayTimes] => 
    [TranID] => 1909101207602257210134121714
    [Approve] => 0012895
    [TranDate] => 20190910120709
    [ErrCode] => 
    [ErrInfo] => 
    [PayType] => 0
)
 from 210.175.7.20
2019/09/10 12:07:10 [/shop/user_data/pg_mulpay_recv.php] ******* receiveer data end ******* from 210.175.7.20
2019/09/10 12:07:15 [/shop/user_data/pg_mulpay_recv.php] update order status:1 order_id=940002 from 210.175.7.20
2019/09/10 12:07:15 [/shop/user_data/pg_mulpay_recv.php] pg_mulpay_recv.php set payment data:Array
(
    [ShopID] => 9000034600950
    [AccessID] => 093a09e663d019708a7e72d2138f782f
    [OrderID] => 940002-10120708
    [Status] => CAPTURE
    [JobCd] => CAPTURE
    [Amount] => 5130
    [Tax] => 0
    [Currency] => JPN
    [Forward] => 2S49631
    [Method] => 1
    [PayTimes] => 
    [TranID] => 1909101207602257210134121714
    [Approve] => 0012895
    [TranDate] => 20190910120709
    [ErrCode] => 
    [ErrInfo] => 
    [PayType] => 0
    [CvsCode] => 
    [CvsConfNo] => 
    [CvsReceiptNo] => 
    [EdyReceiptNo] => 
    [EdyOrderNo] => 
    [SuicaReceiptNo] => 
    [SuicaOrderNo] => 
    [CustID] => 
    [BkCode] => 
    [ConfNo] => 
    [PaymentTerm] => 
    [EncryptReceiptNo] => 
    [FinishDate] => 
    [ReceiptDate] => 
    [WebMoneyManagementNo] => 
    [WebMoneySettleCode] => 
    [AuPayInfoNo] => 
    [AuPayMethod] => 
    [AuCancelAmount] => 
    [AuCancelTax] => 
    [DocomoSettlementCode] => 
    [DocomoCancelAmount] => 
    [DocomoCancelTax] => 
    [pay_status] => 13
)
 from 210.175.7.20
2019/09/10 12:07:15 [/shop/user_data/pg_mulpay_recv.php] response:true from 210.175.7.20
2019/09/10 12:12:57 [/shop/shopping/load_payment_module.php] SendRequest:https://p01.mul-pay.jp/payment/SearchMember.idPass from 153.246.129.25
2019/09/10 12:12:57 [/shop/shopping/load_payment_module.php] Array
(
    [SiteID] => mst0000007602
    [SitePass] => ******
    [MemberID] => 3947
)
 from 153.246.129.25
2019/09/10 12:12:58 [/shop/shopping/load_payment_module.php] ErrCode=E01&ErrInfo=E01390002 from 153.246.129.25
2019/09/10 12:12:58 [/shop/shopping/load_payment_module.php] Array
(
    [0] => Array
        (
            [ErrCode] => E01
            [ErrInfo] => E01390002
        )

)
 from 153.246.129.25
2019/09/10 12:12:58 [/shop/shopping/load_payment_module.php] SendRequest:https://p01.mul-pay.jp/payment/SearchCard.idPass from 153.246.129.25
2019/09/10 12:12:58 [/shop/shopping/load_payment_module.php] Array
(
    [SiteID] => mst0000007602
    [SitePass] => ******
    [MemberID] => 3947
)
 from 153.246.129.25
2019/09/10 12:12:58 [/shop/shopping/load_payment_module.php] ErrCode=E01|E01&ErrInfo=E01390002|E01240002 from 153.246.129.25
2019/09/10 12:12:58 [/shop/shopping/load_payment_module.php] Array
(
    [0] => Array
        (
            [ErrCode] => E01
            [ErrInfo] => E01390002
        )

    [1] => Array
        (
            [ErrCode] => E01
            [ErrInfo] => E01240002
        )

)
 from 153.246.129.25
2019/09/10 12:13:54 [/shop/shopping/load_payment_module.php] SendRequest:https://p01.mul-pay.jp/payment/SearchMember.idPass from 153.246.129.25
2019/09/10 12:13:54 [/shop/shopping/load_payment_module.php] Array
(
    [SiteID] => mst0000007602
    [SitePass] => ******
    [MemberID] => 3947
)
 from 153.246.129.25
2019/09/10 12:13:54 [/shop/shopping/load_payment_module.php] ErrCode=E01&ErrInfo=E01390002 from 153.246.129.25
2019/09/10 12:13:54 [/shop/shopping/load_payment_module.php] Array
(
    [0] => Array
        (
            [ErrCode] => E01
            [ErrInfo] => E01390002
        )

)
 from 153.246.129.25
2019/09/10 12:13:54 [/shop/shopping/load_payment_module.php] SendRequest:https://p01.mul-pay.jp/payment/SearchCard.idPass from 153.246.129.25
2019/09/10 12:13:54 [/shop/shopping/load_payment_module.php] Array
(
    [SiteID] => mst0000007602
    [SitePass] => ******
    [MemberID] => 3947
)
 from 153.246.129.25
2019/09/10 12:13:54 [/shop/shopping/load_payment_module.php] ErrCode=E01|E01&ErrInfo=E01390002|E01240002 from 153.246.129.25
2019/09/10 12:13:54 [/shop/shopping/load_payment_module.php] Array
(
    [0] => Array
        (
            [ErrCode] => E01
            [ErrInfo] => E01390002
        )

    [1] => Array
        (
            [ErrCode] => E01
            [ErrInfo] => E01240002
        )

)
 from 153.246.129.25
2019/09/10 12:13:54 [/shop/shopping/load_payment_module.php] SendRequest:https://p01.mul-pay.jp/payment/EntryTran.idPass from 153.246.129.25
2019/09/10 12:13:54 [/shop/shopping/load_payment_module.php] Array
(
    [ShopID] => 9000034600950
    [ShopPass] => ******
    [OrderID] => 940003-10121354
    [JobCd] => CAPTURE
    [Amount] => 24398
    [TdFlag] => 0
    [TdTenantName] => 
)
 from 153.246.129.25
2019/09/10 12:13:55 [/shop/shopping/load_payment_module.php] AccessID=8724975c36e61f0e053987fe847a3c88&AccessPass=32b74534408f1454c8321a97c50e406c from 153.246.129.25
2019/09/10 12:13:55 [/shop/shopping/load_payment_module.php] Array
(
    [0] => Array
        (
            [AccessID] => 8724975c36e61f0e053987fe847a3c88
            [AccessPass] => 32b74534408f1454c8321a97c50e406c
        )

)
 from 153.246.129.25
2019/09/10 12:13:55 [/shop/shopping/load_payment_module.php] load_payment_module.php set payment data:Array
(
    [AccessID] => 8724975c36e61f0e053987fe847a3c88
    [AccessPass] => 32b74534408f1454c8321a97c50e406c
    [OrderID] => 940003-10121354
    [Amount] => 24398
    [JobCd] => CAPTURE
    [action_status] => 1
    [pay_status] => 0
)
 from 153.246.129.25
2019/09/10 12:13:55 [/shop/shopping/load_payment_module.php] SendRequest:https://p01.mul-pay.jp/payment/ExecTran.idPass from 153.246.129.25
2019/09/10 12:13:55 [/shop/shopping/load_payment_module.php] Array
(
    [AccessID] => 8724975c36e61f0e053987fe847a3c88
    [AccessPass] => 32b74534408f1454c8321a97c50e406c
    [OrderID] => 940003-10121354
    [Method] => 1
    [Token] => 7b09feb76cf161bd8a4c8a2d4f0c3ab16ef39c3c46fb973a245d5c1b72842ee1
    [ClientField1] => 
    [ClientField2] => 
    [ClientField3] => EC-CUBE4.3.24
)
 from 153.246.129.25
2019/09/10 12:13:56 [/shop/shopping/load_payment_module.php] ACS=0&OrderID=940003-10121354&Forward=2S49631&Method=1&PayTimes=&Approve=0026254&TranID=1909101213602257210134111749&TranDate=20190910121356&CheckString=bd1adb17218e58e3a4492e952ddf07ba from 153.246.129.25
2019/09/10 12:13:56 [/shop/shopping/load_payment_module.php] Array
(
    [0] => Array
        (
            [ACS] => 0
            [OrderID] => 940003-10121354
            [Forward] => 2S49631
            [Method] => 1
            [PayTimes] => 
            [Approve] => 0026254
            [TranID] => 1909101213602257210134111749
            [TranDate] => 20190910121356
            [CheckString] => bd1adb17218e58e3a4492e952ddf07ba
        )

)
 from 153.246.129.25
2019/09/10 12:13:56 [/shop/shopping/load_payment_module.php] load_payment_module.php set payment data:Array
(
    [ACS] => 0
    [Forward] => 2S49631
    [Method] => 1
    [PayTimes] => 
    [Approve] => 0026254
    [TranID] => 1909101213602257210134111749
    [TranDate] => 20190910121356
    [CheckString] => bd1adb17218e58e3a4492e952ddf07ba
    [Amount] => 24398
    [JobCd] => CAPTURE
    [action_status] => 3
    [pay_status] => 13
)
 from 153.246.129.25
2019/09/10 12:13:56 [/shop/user_data/pg_mulpay_recv.php] ******* receiveer data start ******* from 210.175.7.20
2019/09/10 12:13:56 [/shop/user_data/pg_mulpay_recv.php] Array
(
    [ShopID] => 9000034600950
    [ShopPass] => **********
    [AccessID] => 8724975c36e61f0e053987fe847a3c88
    [AccessPass] => ********************************
    [OrderID] => 940003-10121354
    [Status] => CAPTURE
    [JobCd] => CAPTURE
    [Amount] => 24398
    [Tax] => 0
    [Currency] => JPN
    [Forward] => 2S49631
    [Method] => 1
    [PayTimes] => 
    [TranID] => 1909101213602257210134111749
    [Approve] => 0026254
    [TranDate] => 20190910121356
    [ErrCode] => 
    [ErrInfo] => 
    [PayType] => 0
)
 from 210.175.7.20
2019/09/10 12:13:56 [/shop/user_data/pg_mulpay_recv.php] ******* receiveer data end ******* from 210.175.7.20
2019/09/10 12:14:01 [/shop/user_data/pg_mulpay_recv.php] update order status:1 order_id=940003 from 210.175.7.20
2019/09/10 12:14:01 [/shop/user_data/pg_mulpay_recv.php] pg_mulpay_recv.php set payment data:Array
(
    [ShopID] => 9000034600950
    [AccessID] => 8724975c36e61f0e053987fe847a3c88
    [OrderID] => 940003-10121354
    [Status] => CAPTURE
    [JobCd] => CAPTURE
    [Amount] => 24398
    [Tax] => 0
    [Currency] => JPN
    [Forward] => 2S49631
    [Method] => 1
    [PayTimes] => 
    [TranID] => 1909101213602257210134111749
    [Approve] => 0026254
    [TranDate] => 20190910121356
    [ErrCode] => 
    [ErrInfo] => 
    [PayType] => 0
    [CvsCode] => 
    [CvsConfNo] => 
    [CvsReceiptNo] => 
    [EdyReceiptNo] => 
    [EdyOrderNo] => 
    [SuicaReceiptNo] => 
    [SuicaOrderNo] => 
    [CustID] => 
    [BkCode] => 
    [ConfNo] => 
    [PaymentTerm] => 
    [EncryptReceiptNo] => 
    [FinishDate] => 
    [ReceiptDate] => 
    [WebMoneyManagementNo] => 
    [WebMoneySettleCode] => 
    [AuPayInfoNo] => 
    [AuPayMethod] => 
    [AuCancelAmount] => 
    [AuCancelTax] => 
    [DocomoSettlementCode] => 
    [DocomoCancelAmount] => 
    [DocomoCancelTax] => 
    [pay_status] => 13
)
 from 210.175.7.20
2019/09/10 12:14:01 [/shop/user_data/pg_mulpay_recv.php] response:true from 210.175.7.20
2019/09/10 12:17:45 [/shop/shopping/load_payment_module.php] SendRequest:https://p01.mul-pay.jp/payment/SearchMember.idPass from 130.105.186.5
2019/09/10 12:17:45 [/shop/shopping/load_payment_module.php] Array
(
    [SiteID] => mst0000007602
    [SitePass] => ******
    [MemberID] => 5699
)
 from 130.105.186.5
2019/09/10 12:17:45 [/shop/shopping/load_payment_module.php] ErrCode=E01&ErrInfo=E01390002 from 130.105.186.5
2019/09/10 12:17:45 [/shop/shopping/load_payment_module.php] Array
(
    [0] => Array
        (
            [ErrCode] => E01
            [ErrInfo] => E01390002
        )

)
 from 130.105.186.5
2019/09/10 12:17:45 [/shop/shopping/load_payment_module.php] SendRequest:https://p01.mul-pay.jp/payment/SearchCard.idPass from 130.105.186.5
2019/09/10 12:17:45 [/shop/shopping/load_payment_module.php] Array
(
    [SiteID] => mst0000007602
    [SitePass] => ******
    [MemberID] => 5699
)
 from 130.105.186.5
2019/09/10 12:17:46 [/shop/shopping/load_payment_module.php] ErrCode=E01|E01&ErrInfo=E01390002|E01240002 from 130.105.186.5
2019/09/10 12:17:46 [/shop/shopping/load_payment_module.php] Array
(
    [0] => Array
        (
            [ErrCode] => E01
            [ErrInfo] => E01390002
        )

    [1] => Array
        (
            [ErrCode] => E01
            [ErrInfo] => E01240002
        )

)
 from 130.105.186.5
2019/09/10 12:18:51 [/shop/shopping/load_payment_module.php] SendRequest:https://p01.mul-pay.jp/payment/SearchMember.idPass from 130.105.186.5
2019/09/10 12:18:51 [/shop/shopping/load_payment_module.php] Array
(
    [SiteID] => mst0000007602
    [SitePass] => ******
    [MemberID] => 5699
)
 from 130.105.186.5
2019/09/10 12:18:51 [/shop/shopping/load_payment_module.php] ErrCode=E01&ErrInfo=E01390002 from 130.105.186.5
2019/09/10 12:18:51 [/shop/shopping/load_payment_module.php] Array
(
    [0] => Array
        (
            [ErrCode] => E01
            [ErrInfo] => E01390002
        )

)
 from 130.105.186.5
2019/09/10 12:18:51 [/shop/shopping/load_payment_module.php] SendRequest:https://p01.mul-pay.jp/payment/SearchCard.idPass from 130.105.186.5
2019/09/10 12:18:51 [/shop/shopping/load_payment_module.php] Array
(
    [SiteID] => mst0000007602
    [SitePass] => ******
    [MemberID] => 5699
)
 from 130.105.186.5
2019/09/10 12:18:51 [/shop/shopping/load_payment_module.php] ErrCode=E01|E01&ErrInfo=E01390002|E01240002 from 130.105.186.5
2019/09/10 12:18:51 [/shop/shopping/load_payment_module.php] Array
(
    [0] => Array
        (
            [ErrCode] => E01
            [ErrInfo] => E01390002
        )

    [1] => Array
        (
            [ErrCode] => E01
            [ErrInfo] => E01240002
        )

)
 from 130.105.186.5
2019/09/10 12:19:18 [/shop/shopping/load_payment_module.php] SendRequest:https://p01.mul-pay.jp/payment/SearchMember.idPass from 130.105.186.5
2019/09/10 12:19:18 [/shop/shopping/load_payment_module.php] Array
(
    [SiteID] => mst0000007602
    [SitePass] => ******
    [MemberID] => 5699
)
 from 130.105.186.5
2019/09/10 12:19:18 [/shop/shopping/load_payment_module.php] ErrCode=E01&ErrInfo=E01390002 from 130.105.186.5
2019/09/10 12:19:18 [/shop/shopping/load_payment_module.php] Array
(
    [0] => Array
        (
            [ErrCode] => E01
            [ErrInfo] => E01390002
        )

)
 from 130.105.186.5
2019/09/10 12:19:18 [/shop/shopping/load_payment_module.php] SendRequest:https://p01.mul-pay.jp/payment/SearchCard.idPass from 130.105.186.5
2019/09/10 12:19:18 [/shop/shopping/load_payment_module.php] Array
(
    [SiteID] => mst0000007602
    [SitePass] => ******
    [MemberID] => 5699
)
 from 130.105.186.5
2019/09/10 12:19:18 [/shop/shopping/load_payment_module.php] ErrCode=E01|E01&ErrInfo=E01390002|E01240002 from 130.105.186.5
2019/09/10 12:19:18 [/shop/shopping/load_payment_module.php] Array
(
    [0] => Array
        (
            [ErrCode] => E01
            [ErrInfo] => E01390002
        )

    [1] => Array
        (
            [ErrCode] => E01
            [ErrInfo] => E01240002
        )

)
 from 130.105.186.5
2019/09/10 12:19:18 [/shop/shopping/load_payment_module.php] SendRequest:https://p01.mul-pay.jp/payment/EntryTran.idPass from 130.105.186.5
2019/09/10 12:19:18 [/shop/shopping/load_payment_module.php] Array
(
    [ShopID] => 9000034600950
    [ShopPass] => ******
    [OrderID] => 940005-10121918
    [JobCd] => CAPTURE
    [Amount] => 3606
    [TdFlag] => 0
    [TdTenantName] => 
)
 from 130.105.186.5
2019/09/10 12:19:19 [/shop/shopping/load_payment_module.php] AccessID=6dd21b81592de6a85ad3de7d681f34f3&AccessPass=c2fd790362b03869b04d1fd0521810ae from 130.105.186.5
2019/09/10 12:19:19 [/shop/shopping/load_payment_module.php] Array
(
    [0] => Array
        (
            [AccessID] => 6dd21b81592de6a85ad3de7d681f34f3
            [AccessPass] => c2fd790362b03869b04d1fd0521810ae
        )

)
 from 130.105.186.5
2019/09/10 12:19:19 [/shop/shopping/load_payment_module.php] load_payment_module.php set payment data:Array
(
    [AccessID] => 6dd21b81592de6a85ad3de7d681f34f3
    [AccessPass] => c2fd790362b03869b04d1fd0521810ae
    [OrderID] => 940005-10121918
    [Amount] => 3606
    [JobCd] => CAPTURE
    [action_status] => 1
    [pay_status] => 0
)
 from 130.105.186.5
2019/09/10 12:19:19 [/shop/shopping/load_payment_module.php] SendRequest:https://p01.mul-pay.jp/payment/ExecTran.idPass from 130.105.186.5
2019/09/10 12:19:19 [/shop/shopping/load_payment_module.php] Array
(
    [AccessID] => 6dd21b81592de6a85ad3de7d681f34f3
    [AccessPass] => c2fd790362b03869b04d1fd0521810ae
    [OrderID] => 940005-10121918
    [Method] => 1
    [Token] => 9e6264edb3435c0a22197e5cf2e36c37e253627e29bceb3dbf596b2f6a413ad6
    [ClientField1] => 
    [ClientField2] => 
    [ClientField3] => EC-CUBE4.3.24
)
 from 130.105.186.5
2019/09/10 12:19:20 [/shop/shopping/load_payment_module.php] ACS=0&OrderID=940005-10121918&Forward=2S49631&Method=1&PayTimes=&Approve=0041384&TranID=1909101219602257210134111750&TranDate=20190910121920&CheckString=b89aac271c30ac44713c25b6326ea86a from 130.105.186.5
2019/09/10 12:19:20 [/shop/shopping/load_payment_module.php] Array
(
    [0] => Array
        (
            [ACS] => 0
            [OrderID] => 940005-10121918
            [Forward] => 2S49631
            [Method] => 1
            [PayTimes] => 
            [Approve] => 0041384
            [TranID] => 1909101219602257210134111750
            [TranDate] => 20190910121920
            [CheckString] => b89aac271c30ac44713c25b6326ea86a
        )

)
 from 130.105.186.5
2019/09/10 12:19:20 [/shop/shopping/load_payment_module.php] load_payment_module.php set payment data:Array
(
    [ACS] => 0
    [Forward] => 2S49631
    [Method] => 1
    [PayTimes] => 
    [Approve] => 0041384
    [TranID] => 1909101219602257210134111750
    [TranDate] => 20190910121920
    [CheckString] => b89aac271c30ac44713c25b6326ea86a
    [Amount] => 3606
    [JobCd] => CAPTURE
    [action_status] => 3
    [pay_status] => 13
)
 from 130.105.186.5
2019/09/10 12:19:20 [/shop/user_data/pg_mulpay_recv.php] ******* receiveer data start ******* from 210.175.7.20
2019/09/10 12:19:20 [/shop/user_data/pg_mulpay_recv.php] Array
(
    [ShopID] => 9000034600950
    [ShopPass] => **********
    [AccessID] => 6dd21b81592de6a85ad3de7d681f34f3
    [AccessPass] => ********************************
    [OrderID] => 940005-10121918
    [Status] => CAPTURE
    [JobCd] => CAPTURE
    [Amount] => 3606
    [Tax] => 0
    [Currency] => JPN
    [Forward] => 2S49631
    [Method] => 1
    [PayTimes] => 
    [TranID] => 1909101219602257210134111750
    [Approve] => 0041384
    [TranDate] => 20190910121920
    [ErrCode] => 
    [ErrInfo] => 
    [PayType] => 0
)
 from 210.175.7.20
2019/09/10 12:19:20 [/shop/user_data/pg_mulpay_recv.php] ******* receiveer data end ******* from 210.175.7.20
2019/09/10 12:19:25 [/shop/user_data/pg_mulpay_recv.php] update order status:1 order_id=940005 from 210.175.7.20
2019/09/10 12:19:25 [/shop/user_data/pg_mulpay_recv.php] pg_mulpay_recv.php set payment data:Array
(
    [ShopID] => 9000034600950
    [AccessID] => 6dd21b81592de6a85ad3de7d681f34f3
    [OrderID] => 940005-10121918
    [Status] => CAPTURE
    [JobCd] => CAPTURE
    [Amount] => 3606
    [Tax] => 0
    [Currency] => JPN
    [Forward] => 2S49631
    [Method] => 1
    [PayTimes] => 
    [TranID] => 1909101219602257210134111750
    [Approve] => 0041384
    [TranDate] => 20190910121920
    [ErrCode] => 
    [ErrInfo] => 
    [PayType] => 0
    [CvsCode] => 
    [CvsConfNo] => 
    [CvsReceiptNo] => 
    [EdyReceiptNo] => 
    [EdyOrderNo] => 
    [SuicaReceiptNo] => 
    [SuicaOrderNo] => 
    [CustID] => 
    [BkCode] => 
    [ConfNo] => 
    [PaymentTerm] => 
    [EncryptReceiptNo] => 
    [FinishDate] => 
    [ReceiptDate] => 
    [WebMoneyManagementNo] => 
    [WebMoneySettleCode] => 
    [AuPayInfoNo] => 
    [AuPayMethod] => 
    [AuCancelAmount] => 
    [AuCancelTax] => 
    [DocomoSettlementCode] => 
    [DocomoCancelAmount] => 
    [DocomoCancelTax] => 
    [pay_status] => 13
)
 from 210.175.7.20
2019/09/10 12:19:25 [/shop/user_data/pg_mulpay_recv.php] response:true from 210.175.7.20
2019/09/10 13:57:03 [/shop/shopping/load_payment_module.php] SendRequest:https://p01.mul-pay.jp/payment/SearchMember.idPass from 185.221.69.46
2019/09/10 13:57:03 [/shop/shopping/load_payment_module.php] Array
(
    [SiteID] => mst0000007602
    [SitePass] => ******
    [MemberID] => 9694
)
 from 185.221.69.46
2019/09/10 13:57:04 [/shop/shopping/load_payment_module.php] ErrCode=E01&ErrInfo=E01390002 from 185.221.69.46
2019/09/10 13:57:04 [/shop/shopping/load_payment_module.php] Array
(
    [0] => Array
        (
            [ErrCode] => E01
            [ErrInfo] => E01390002
        )

)
 from 185.221.69.46
2019/09/10 13:57:04 [/shop/shopping/load_payment_module.php] SendRequest:https://p01.mul-pay.jp/payment/SearchCard.idPass from 185.221.69.46
2019/09/10 13:57:04 [/shop/shopping/load_payment_module.php] Array
(
    [SiteID] => mst0000007602
    [SitePass] => ******
    [MemberID] => 9694
)
 from 185.221.69.46
2019/09/10 13:57:04 [/shop/shopping/load_payment_module.php] ErrCode=E01|E01&ErrInfo=E01390002|E01240002 from 185.221.69.46
2019/09/10 13:57:04 [/shop/shopping/load_payment_module.php] Array
(
    [0] => Array
        (
            [ErrCode] => E01
            [ErrInfo] => E01390002
        )

    [1] => Array
        (
            [ErrCode] => E01
            [ErrInfo] => E01240002
        )

)
 from 185.221.69.46
2019/09/10 13:58:08 [/shop/shopping/load_payment_module.php] SendRequest:https://p01.mul-pay.jp/payment/SearchMember.idPass from 185.221.69.46
2019/09/10 13:58:08 [/shop/shopping/load_payment_module.php] Array
(
    [SiteID] => mst0000007602
    [SitePass] => ******
    [MemberID] => 9694
)
 from 185.221.69.46
2019/09/10 13:58:08 [/shop/shopping/load_payment_module.php] ErrCode=E01&ErrInfo=E01390002 from 185.221.69.46
2019/09/10 13:58:08 [/shop/shopping/load_payment_module.php] Array
(
    [0] => Array
        (
            [ErrCode] => E01
            [ErrInfo] => E01390002
        )

)
 from 185.221.69.46
2019/09/10 13:58:08 [/shop/shopping/load_payment_module.php] SendRequest:https://p01.mul-pay.jp/payment/SearchCard.idPass from 185.221.69.46
2019/09/10 13:58:08 [/shop/shopping/load_payment_module.php] Array
(
    [SiteID] => mst0000007602
    [SitePass] => ******
    [MemberID] => 9694
)
 from 185.221.69.46
2019/09/10 13:58:08 [/shop/shopping/load_payment_module.php] ErrCode=E01|E01&ErrInfo=E01390002|E01240002 from 185.221.69.46
2019/09/10 13:58:08 [/shop/shopping/load_payment_module.php] Array
(
    [0] => Array
        (
            [ErrCode] => E01
            [ErrInfo] => E01390002
        )

    [1] => Array
        (
            [ErrCode] => E01
            [ErrInfo] => E01240002
        )

)
 from 185.221.69.46
2019/09/10 13:58:08 [/shop/shopping/load_payment_module.php] SendRequest:https://p01.mul-pay.jp/payment/EntryTran.idPass from 185.221.69.46
2019/09/10 13:58:08 [/shop/shopping/load_payment_module.php] Array
(
    [ShopID] => 9000034600950
    [ShopPass] => ******
    [OrderID] => 940006-10135808
    [JobCd] => CAPTURE
    [Amount] => 8370
    [TdFlag] => 0
    [TdTenantName] => 
)
 from 185.221.69.46
2019/09/10 13:58:08 [/shop/shopping/load_payment_module.php] AccessID=ca25250c81ba009fbf2261d2c8184797&AccessPass=54a8ab9b6754e9fb217c13a1efe7b4cf from 185.221.69.46
2019/09/10 13:58:08 [/shop/shopping/load_payment_module.php] Array
(
    [0] => Array
        (
            [AccessID] => ca25250c81ba009fbf2261d2c8184797
            [AccessPass] => 54a8ab9b6754e9fb217c13a1efe7b4cf
        )

)
 from 185.221.69.46
2019/09/10 13:58:08 [/shop/shopping/load_payment_module.php] load_payment_module.php set payment data:Array
(
    [AccessID] => ca25250c81ba009fbf2261d2c8184797
    [AccessPass] => 54a8ab9b6754e9fb217c13a1efe7b4cf
    [OrderID] => 940006-10135808
    [Amount] => 8370
    [JobCd] => CAPTURE
    [action_status] => 1
    [pay_status] => 0
)
 from 185.221.69.46
2019/09/10 13:58:08 [/shop/shopping/load_payment_module.php] SendRequest:https://p01.mul-pay.jp/payment/ExecTran.idPass from 185.221.69.46
2019/09/10 13:58:08 [/shop/shopping/load_payment_module.php] Array
(
    [AccessID] => ca25250c81ba009fbf2261d2c8184797
    [AccessPass] => 54a8ab9b6754e9fb217c13a1efe7b4cf
    [OrderID] => 940006-10135808
    [Method] => 1
    [Token] => 25561a2c1dd1539bfadd7cb74b2a801df79ff11530295ceaf32d8abe7a5327b9
    [ClientField1] => 
    [ClientField2] => 
    [ClientField3] => EC-CUBE4.3.24
)
 from 185.221.69.46
2019/09/10 13:58:11 [/shop/shopping/load_payment_module.php] ACS=0&OrderID=940006-10135808&Forward=2S49631&Method=1&PayTimes=&Approve=0836924&TranID=1909101358602257210134111751&TranDate=20190910135810&CheckString=faae2f96f27235a3fb991e857856d0a0 from 185.221.69.46
2019/09/10 13:58:11 [/shop/shopping/load_payment_module.php] Array
(
    [0] => Array
        (
            [ACS] => 0
            [OrderID] => 940006-10135808
            [Forward] => 2S49631
            [Method] => 1
            [PayTimes] => 
            [Approve] => 0836924
            [TranID] => 1909101358602257210134111751
            [TranDate] => 20190910135810
            [CheckString] => faae2f96f27235a3fb991e857856d0a0
        )

)
 from 185.221.69.46
2019/09/10 13:58:11 [/shop/shopping/load_payment_module.php] load_payment_module.php set payment data:Array
(
    [ACS] => 0
    [Forward] => 2S49631
    [Method] => 1
    [PayTimes] => 
    [Approve] => 0836924
    [TranID] => 1909101358602257210134111751
    [TranDate] => 20190910135810
    [CheckString] => faae2f96f27235a3fb991e857856d0a0
    [Amount] => 8370
    [JobCd] => CAPTURE
    [action_status] => 3
    [pay_status] => 13
)
 from 185.221.69.46
2019/09/10 13:58:11 [/shop/user_data/pg_mulpay_recv.php] ******* receiveer data start ******* from 210.175.7.20
2019/09/10 13:58:11 [/shop/user_data/pg_mulpay_recv.php] Array
(
    [ShopID] => 9000034600950
    [ShopPass] => **********
    [AccessID] => ca25250c81ba009fbf2261d2c8184797
    [AccessPass] => ********************************
    [OrderID] => 940006-10135808
    [Status] => CAPTURE
    [JobCd] => CAPTURE
    [Amount] => 8370
    [Tax] => 0
    [Currency] => JPN
    [Forward] => 2S49631
    [Method] => 1
    [PayTimes] => 
    [TranID] => 1909101358602257210134111751
    [Approve] => 0836924
    [TranDate] => 20190910135810
    [ErrCode] => 
    [ErrInfo] => 
    [PayType] => 0
)
 from 210.175.7.20
2019/09/10 13:58:11 [/shop/user_data/pg_mulpay_recv.php] ******* receiveer data end ******* from 210.175.7.20
2019/09/10 13:58:16 [/shop/user_data/pg_mulpay_recv.php] update order status:1 order_id=940006 from 210.175.7.20
2019/09/10 13:58:16 [/shop/user_data/pg_mulpay_recv.php] pg_mulpay_recv.php set payment data:Array
(
    [ShopID] => 9000034600950
    [AccessID] => ca25250c81ba009fbf2261d2c8184797
    [OrderID] => 940006-10135808
    [Status] => CAPTURE
    [JobCd] => CAPTURE
    [Amount] => 8370
    [Tax] => 0
    [Currency] => JPN
    [Forward] => 2S49631
    [Method] => 1
    [PayTimes] => 
    [TranID] => 1909101358602257210134111751
    [Approve] => 0836924
    [TranDate] => 20190910135810
    [ErrCode] => 
    [ErrInfo] => 
    [PayType] => 0
    [CvsCode] => 
    [CvsConfNo] => 
    [CvsReceiptNo] => 
    [EdyReceiptNo] => 
    [EdyOrderNo] => 
    [SuicaReceiptNo] => 
    [SuicaOrderNo] => 
    [CustID] => 
    [BkCode] => 
    [ConfNo] => 
    [PaymentTerm] => 
    [EncryptReceiptNo] => 
    [FinishDate] => 
    [ReceiptDate] => 
    [WebMoneyManagementNo] => 
    [WebMoneySettleCode] => 
    [AuPayInfoNo] => 
    [AuPayMethod] => 
    [AuCancelAmount] => 
    [AuCancelTax] => 
    [DocomoSettlementCode] => 
    [DocomoCancelAmount] => 
    [DocomoCancelTax] => 
    [pay_status] => 13
)
 from 210.175.7.20
2019/09/10 13:58:16 [/shop/user_data/pg_mulpay_recv.php] response:true from 210.175.7.20
2019/09/10 14:08:12 [/shop/shopping/load_payment_module.php] SendRequest:https://p01.mul-pay.jp/payment/SearchMember.idPass from 61.28.175.34
2019/09/10 14:08:12 [/shop/shopping/load_payment_module.php] Array
(
    [SiteID] => mst0000007602
    [SitePass] => ******
    [MemberID] => 3721
)
 from 61.28.175.34
2019/09/10 14:08:12 [/shop/shopping/load_payment_module.php] ErrCode=E01&ErrInfo=E01390002 from 61.28.175.34
2019/09/10 14:08:12 [/shop/shopping/load_payment_module.php] Array
(
    [0] => Array
        (
            [ErrCode] => E01
            [ErrInfo] => E01390002
        )

)
 from 61.28.175.34
2019/09/10 14:08:12 [/shop/shopping/load_payment_module.php] SendRequest:https://p01.mul-pay.jp/payment/SearchCard.idPass from 61.28.175.34
2019/09/10 14:08:12 [/shop/shopping/load_payment_module.php] Array
(
    [SiteID] => mst0000007602
    [SitePass] => ******
    [MemberID] => 3721
)
 from 61.28.175.34
2019/09/10 14:08:12 [/shop/shopping/load_payment_module.php] ErrCode=E01|E01&ErrInfo=E01390002|E01240002 from 61.28.175.34
2019/09/10 14:08:12 [/shop/shopping/load_payment_module.php] Array
(
    [0] => Array
        (
            [ErrCode] => E01
            [ErrInfo] => E01390002
        )

    [1] => Array
        (
            [ErrCode] => E01
            [ErrInfo] => E01240002
        )

)
 from 61.28.175.34
2019/09/10 14:08:42 [/shop/shopping/load_payment_module.php] SendRequest:https://p01.mul-pay.jp/payment/SearchMember.idPass from 61.28.175.34
2019/09/10 14:08:42 [/shop/shopping/load_payment_module.php] Array
(
    [SiteID] => mst0000007602
    [SitePass] => ******
    [MemberID] => 3721
)
 from 61.28.175.34
2019/09/10 14:08:43 [/shop/shopping/load_payment_module.php] ErrCode=E01&ErrInfo=E01390002 from 61.28.175.34
2019/09/10 14:08:43 [/shop/shopping/load_payment_module.php] Array
(
    [0] => Array
        (
            [ErrCode] => E01
            [ErrInfo] => E01390002
        )

)
 from 61.28.175.34
2019/09/10 14:08:43 [/shop/shopping/load_payment_module.php] SendRequest:https://p01.mul-pay.jp/payment/SearchCard.idPass from 61.28.175.34
2019/09/10 14:08:43 [/shop/shopping/load_payment_module.php] Array
(
    [SiteID] => mst0000007602
    [SitePass] => ******
    [MemberID] => 3721
)
 from 61.28.175.34
2019/09/10 14:08:43 [/shop/shopping/load_payment_module.php] ErrCode=E01|E01&ErrInfo=E01390002|E01240002 from 61.28.175.34
2019/09/10 14:08:43 [/shop/shopping/load_payment_module.php] Array
(
    [0] => Array
        (
            [ErrCode] => E01
            [ErrInfo] => E01390002
        )

    [1] => Array
        (
            [ErrCode] => E01
            [ErrInfo] => E01240002
        )

)
 from 61.28.175.34
2019/09/10 14:08:43 [/shop/shopping/load_payment_module.php] SendRequest:https://p01.mul-pay.jp/payment/EntryTran.idPass from 61.28.175.34
2019/09/10 14:08:43 [/shop/shopping/load_payment_module.php] Array
(
    [ShopID] => 9000034600950
    [ShopPass] => ******
    [OrderID] => 940007-10140843
    [JobCd] => CAPTURE
    [Amount] => 3716
    [TdFlag] => 0
    [TdTenantName] => 
)
 from 61.28.175.34
2019/09/10 14:08:43 [/shop/shopping/load_payment_module.php] AccessID=0d3de6c188eada6512295e7b3a331b2d&AccessPass=378d4e2a6dd3e9fe13aeb7b35f7a571b from 61.28.175.34
2019/09/10 14:08:43 [/shop/shopping/load_payment_module.php] Array
(
    [0] => Array
        (
            [AccessID] => 0d3de6c188eada6512295e7b3a331b2d
            [AccessPass] => 378d4e2a6dd3e9fe13aeb7b35f7a571b
        )

)
 from 61.28.175.34
2019/09/10 14:08:43 [/shop/shopping/load_payment_module.php] load_payment_module.php set payment data:Array
(
    [AccessID] => 0d3de6c188eada6512295e7b3a331b2d
    [AccessPass] => 378d4e2a6dd3e9fe13aeb7b35f7a571b
    [OrderID] => 940007-10140843
    [Amount] => 3716
    [JobCd] => CAPTURE
    [action_status] => 1
    [pay_status] => 0
)
 from 61.28.175.34
2019/09/10 14:08:43 [/shop/shopping/load_payment_module.php] SendRequest:https://p01.mul-pay.jp/payment/ExecTran.idPass from 61.28.175.34
2019/09/10 14:08:43 [/shop/shopping/load_payment_module.php] Array
(
    [AccessID] => 0d3de6c188eada6512295e7b3a331b2d
    [AccessPass] => 378d4e2a6dd3e9fe13aeb7b35f7a571b
    [OrderID] => 940007-10140843
    [Method] => 1
    [Token] => 390d692d676ae46efbba90af3be05cd07efda64fe45554a0df877d79daf563f5
    [ClientField1] => 
    [ClientField2] => 
    [ClientField3] => EC-CUBE4.3.24
)
 from 61.28.175.34
2019/09/10 14:08:45 [/shop/shopping/load_payment_module.php] ACS=0&OrderID=940007-10140843&Forward=2959876&Method=1&PayTimes=&Approve=0303596&TranID=1909101408602257210134111752&TranDate=20190910140845&CheckString=670d43a31d1c3945d9277924cb026f87 from 61.28.175.34
2019/09/10 14:08:45 [/shop/shopping/load_payment_module.php] Array
(
    [0] => Array
        (
            [ACS] => 0
            [OrderID] => 940007-10140843
            [Forward] => 2959876
            [Method] => 1
            [PayTimes] => 
            [Approve] => 0303596
            [TranID] => 1909101408602257210134111752
            [TranDate] => 20190910140845
            [CheckString] => 670d43a31d1c3945d9277924cb026f87
        )

)
 from 61.28.175.34
2019/09/10 14:08:45 [/shop/shopping/load_payment_module.php] load_payment_module.php set payment data:Array
(
    [ACS] => 0
    [Forward] => 2959876
    [Method] => 1
    [PayTimes] => 
    [Approve] => 0303596
    [TranID] => 1909101408602257210134111752
    [TranDate] => 20190910140845
    [CheckString] => 670d43a31d1c3945d9277924cb026f87
    [Amount] => 3716
    [JobCd] => CAPTURE
    [action_status] => 3
    [pay_status] => 13
)
 from 61.28.175.34
2019/09/10 14:08:46 [/shop/user_data/pg_mulpay_recv.php] ******* receiveer data start ******* from 210.175.7.20
2019/09/10 14:08:46 [/shop/user_data/pg_mulpay_recv.php] Array
(
    [ShopID] => 9000034600950
    [ShopPass] => **********
    [AccessID] => 0d3de6c188eada6512295e7b3a331b2d
    [AccessPass] => ********************************
    [OrderID] => 940007-10140843
    [Status] => CAPTURE
    [JobCd] => CAPTURE
    [Amount] => 3716
    [Tax] => 0
    [Currency] => JPN
    [Forward] => 2959876
    [Method] => 1
    [PayTimes] => 
    [TranID] => 1909101408602257210134111752
    [Approve] => 0303596
    [TranDate] => 20190910140845
    [ErrCode] => 
    [ErrInfo] => 
    [PayType] => 0
)
 from 210.175.7.20
2019/09/10 14:08:46 [/shop/user_data/pg_mulpay_recv.php] ******* receiveer data end ******* from 210.175.7.20
2019/09/10 14:08:51 [/shop/user_data/pg_mulpay_recv.php] update order status:1 order_id=940007 from 210.175.7.20
2019/09/10 14:08:51 [/shop/user_data/pg_mulpay_recv.php] pg_mulpay_recv.php set payment data:Array
(
    [ShopID] => 9000034600950
    [AccessID] => 0d3de6c188eada6512295e7b3a331b2d
    [OrderID] => 940007-10140843
    [Status] => CAPTURE
    [JobCd] => CAPTURE
    [Amount] => 3716
    [Tax] => 0
    [Currency] => JPN
    [Forward] => 2959876
    [Method] => 1
    [PayTimes] => 
    [TranID] => 1909101408602257210134111752
    [Approve] => 0303596
    [TranDate] => 20190910140845
    [ErrCode] => 
    [ErrInfo] => 
    [PayType] => 0
    [CvsCode] => 
    [CvsConfNo] => 
    [CvsReceiptNo] => 
    [EdyReceiptNo] => 
    [EdyOrderNo] => 
    [SuicaReceiptNo] => 
    [SuicaOrderNo] => 
    [CustID] => 
    [BkCode] => 
    [ConfNo] => 
    [PaymentTerm] => 
    [EncryptReceiptNo] => 
    [FinishDate] => 
    [ReceiptDate] => 
    [WebMoneyManagementNo] => 
    [WebMoneySettleCode] => 
    [AuPayInfoNo] => 
    [AuPayMethod] => 
    [AuCancelAmount] => 
    [AuCancelTax] => 
    [DocomoSettlementCode] => 
    [DocomoCancelAmount] => 
    [DocomoCancelTax] => 
    [pay_status] => 13
)
 from 210.175.7.20
2019/09/10 14:08:51 [/shop/user_data/pg_mulpay_recv.php] response:true from 210.175.7.20
2019/09/10 14:23:04 [/shop/shopping/load_payment_module.php] SendRequest:https://p01.mul-pay.jp/payment/SearchMember.idPass from 180.44.46.91
2019/09/10 14:23:04 [/shop/shopping/load_payment_module.php] Array
(
    [SiteID] => mst0000007602
    [SitePass] => ******
    [MemberID] => 2949
)
 from 180.44.46.91
2019/09/10 14:23:05 [/shop/shopping/load_payment_module.php] ErrCode=E01&ErrInfo=E01390002 from 180.44.46.91
2019/09/10 14:23:05 [/shop/shopping/load_payment_module.php] Array
(
    [0] => Array
        (
            [ErrCode] => E01
            [ErrInfo] => E01390002
        )

)
 from 180.44.46.91
2019/09/10 14:23:05 [/shop/shopping/load_payment_module.php] SendRequest:https://p01.mul-pay.jp/payment/SearchCard.idPass from 180.44.46.91
2019/09/10 14:23:05 [/shop/shopping/load_payment_module.php] Array
(
    [SiteID] => mst0000007602
    [SitePass] => ******
    [MemberID] => 2949
)
 from 180.44.46.91
2019/09/10 14:23:05 [/shop/shopping/load_payment_module.php] ErrCode=E01|E01&ErrInfo=E01390002|E01240002 from 180.44.46.91
2019/09/10 14:23:05 [/shop/shopping/load_payment_module.php] Array
(
    [0] => Array
        (
            [ErrCode] => E01
            [ErrInfo] => E01390002
        )

    [1] => Array
        (
            [ErrCode] => E01
            [ErrInfo] => E01240002
        )

)
 from 180.44.46.91
2019/09/10 14:24:19 [/shop/shopping/load_payment_module.php] SendRequest:https://p01.mul-pay.jp/payment/SearchMember.idPass from 180.44.46.91
2019/09/10 14:24:19 [/shop/shopping/load_payment_module.php] Array
(
    [SiteID] => mst0000007602
    [SitePass] => ******
    [MemberID] => 2949
)
 from 180.44.46.91
2019/09/10 14:24:19 [/shop/shopping/load_payment_module.php] ErrCode=E01&ErrInfo=E01390002 from 180.44.46.91
2019/09/10 14:24:19 [/shop/shopping/load_payment_module.php] Array
(
    [0] => Array
        (
            [ErrCode] => E01
            [ErrInfo] => E01390002
        )

)
 from 180.44.46.91
2019/09/10 14:24:19 [/shop/shopping/load_payment_module.php] SendRequest:https://p01.mul-pay.jp/payment/SearchCard.idPass from 180.44.46.91
2019/09/10 14:24:19 [/shop/shopping/load_payment_module.php] Array
(
    [SiteID] => mst0000007602
    [SitePass] => ******
    [MemberID] => 2949
)
 from 180.44.46.91
2019/09/10 14:24:19 [/shop/shopping/load_payment_module.php] ErrCode=E01|E01&ErrInfo=E01390002|E01240002 from 180.44.46.91
2019/09/10 14:24:19 [/shop/shopping/load_payment_module.php] Array
(
    [0] => Array
        (
            [ErrCode] => E01
            [ErrInfo] => E01390002
        )

    [1] => Array
        (
            [ErrCode] => E01
            [ErrInfo] => E01240002
        )

)
 from 180.44.46.91
2019/09/10 14:24:19 [/shop/shopping/load_payment_module.php] SendRequest:https://p01.mul-pay.jp/payment/EntryTran.idPass from 180.44.46.91
2019/09/10 14:24:19 [/shop/shopping/load_payment_module.php] Array
(
    [ShopID] => 9000034600950
    [ShopPass] => ******
    [OrderID] => 940008-10142419
    [JobCd] => CAPTURE
    [Amount] => 796
    [TdFlag] => 0
    [TdTenantName] => 
)
 from 180.44.46.91
2019/09/10 14:24:20 [/shop/shopping/load_payment_module.php] AccessID=dec950b059af05cbf3ebff4858fa2d8f&AccessPass=52b4bed5cf500d0703ec445d8a9d32ad from 180.44.46.91
2019/09/10 14:24:20 [/shop/shopping/load_payment_module.php] Array
(
    [0] => Array
        (
            [AccessID] => dec950b059af05cbf3ebff4858fa2d8f
            [AccessPass] => 52b4bed5cf500d0703ec445d8a9d32ad
        )

)
 from 180.44.46.91
2019/09/10 14:24:20 [/shop/shopping/load_payment_module.php] load_payment_module.php set payment data:Array
(
    [AccessID] => dec950b059af05cbf3ebff4858fa2d8f
    [AccessPass] => 52b4bed5cf500d0703ec445d8a9d32ad
    [OrderID] => 940008-10142419
    [Amount] => 796
    [JobCd] => CAPTURE
    [action_status] => 1
    [pay_status] => 0
)
 from 180.44.46.91
2019/09/10 14:24:20 [/shop/shopping/load_payment_module.php] SendRequest:https://p01.mul-pay.jp/payment/ExecTran.idPass from 180.44.46.91
2019/09/10 14:24:20 [/shop/shopping/load_payment_module.php] Array
(
    [AccessID] => dec950b059af05cbf3ebff4858fa2d8f
    [AccessPass] => 52b4bed5cf500d0703ec445d8a9d32ad
    [OrderID] => 940008-10142419
    [Method] => 1
    [Token] => 4371796c42846f4b9707d891730b03a9e098f9a6a241cfc84e4c9ade07b7dfc5
    [ClientField1] => 
    [ClientField2] => 
    [ClientField3] => EC-CUBE4.3.24
)
 from 180.44.46.91
2019/09/10 14:24:21 [/shop/shopping/load_payment_module.php] ErrCode=G97&ErrInfo=42G970000 from 180.44.46.91
2019/09/10 14:24:21 [/shop/shopping/load_payment_module.php] Array
(
    [0] => Array
        (
            [ErrCode] => G97
            [ErrInfo] => 42G970000
        )

)
 from 180.44.46.91
2019/09/10 14:24:21 [/shop/shopping/load_payment_module.php] load_payment_module.php set payment data:Array
(
    [request_error] => Array
        (
            [0] => このカードでは取引をする事が出来ません。 (G97-42G970000)
        )

    [Amount] => 796
    [JobCd] => CAPTURE
    [action_status] => 3
)
 from 180.44.46.91
2019/09/10 14:24:21 [/shop/user_data/pg_mulpay_recv.php] ******* receiveer data start ******* from 210.175.7.20
2019/09/10 14:24:21 [/shop/user_data/pg_mulpay_recv.php] Array
(
    [ShopID] => 9000034600950
    [ShopPass] => **********
    [AccessID] => dec950b059af05cbf3ebff4858fa2d8f
    [AccessPass] => ********************************
    [OrderID] => 940008-10142419
    [Status] => UNPROCESSED
    [JobCd] => CAPTURE
    [Amount] => 796
    [Tax] => 0
    [Currency] => JPN
    [Forward] => 2959876
    [Method] => 1
    [PayTimes] => 
    [TranID] => 1909101424602257210134100422
    [Approve] =>        
    [TranDate] => 20190910142421
    [ErrCode] => G97
    [ErrInfo] => 42G970000
    [PayType] => 0
)
 from 210.175.7.20
2019/09/10 14:24:21 [/shop/user_data/pg_mulpay_recv.php] ******* receiveer data end ******* from 210.175.7.20
2019/09/10 14:24:21 [/shop/user_data/pg_mulpay_recv.php] pg_mulpay_recv.php set payment data:Array
(
    [ShopID] => 9000034600950
    [AccessID] => dec950b059af05cbf3ebff4858fa2d8f
    [OrderID] => 940008-10142419
    [Status] => UNPROCESSED
    [JobCd] => CAPTURE
    [Amount] => 796
    [Tax] => 0
    [Currency] => JPN
    [Forward] => 2959876
    [Method] => 1
    [PayTimes] => 
    [TranID] => 1909101424602257210134100422
    [Approve] => 
    [TranDate] => 20190910142421
    [ErrCode] => G97
    [ErrInfo] => 42G970000
    [PayType] => 0
    [CvsCode] => 
    [CvsConfNo] => 
    [CvsReceiptNo] => 
    [EdyReceiptNo] => 
    [EdyOrderNo] => 
    [SuicaReceiptNo] => 
    [SuicaOrderNo] => 
    [CustID] => 
    [BkCode] => 
    [ConfNo] => 
    [PaymentTerm] => 
    [EncryptReceiptNo] => 
    [FinishDate] => 
    [ReceiptDate] => 
    [WebMoneyManagementNo] => 
    [WebMoneySettleCode] => 
    [AuPayInfoNo] => 
    [AuPayMethod] => 
    [AuCancelAmount] => 
    [AuCancelTax] => 
    [DocomoSettlementCode] => 
    [DocomoCancelAmount] => 
    [DocomoCancelTax] => 
    [pay_status] => 0
)
 from 210.175.7.20
2019/09/10 14:24:21 [/shop/user_data/pg_mulpay_recv.php] response:true from 210.175.7.20
2019/09/10 14:25:41 [/shop/shopping/load_payment_module.php] SendRequest:https://p01.mul-pay.jp/payment/SearchMember.idPass from 180.44.46.91
2019/09/10 14:25:41 [/shop/shopping/load_payment_module.php] Array
(
    [SiteID] => mst0000007602
    [SitePass] => ******
    [MemberID] => 2949
)
 from 180.44.46.91
2019/09/10 14:25:42 [/shop/shopping/load_payment_module.php] ErrCode=E01&ErrInfo=E01390002 from 180.44.46.91
2019/09/10 14:25:42 [/shop/shopping/load_payment_module.php] Array
(
    [0] => Array
        (
            [ErrCode] => E01
            [ErrInfo] => E01390002
        )

)
 from 180.44.46.91
2019/09/10 14:25:42 [/shop/shopping/load_payment_module.php] SendRequest:https://p01.mul-pay.jp/payment/SearchCard.idPass from 180.44.46.91
2019/09/10 14:25:42 [/shop/shopping/load_payment_module.php] Array
(
    [SiteID] => mst0000007602
    [SitePass] => ******
    [MemberID] => 2949
)
 from 180.44.46.91
2019/09/10 14:25:42 [/shop/shopping/load_payment_module.php] ErrCode=E01|E01&ErrInfo=E01390002|E01240002 from 180.44.46.91
2019/09/10 14:25:42 [/shop/shopping/load_payment_module.php] Array
(
    [0] => Array
        (
            [ErrCode] => E01
            [ErrInfo] => E01390002
        )

    [1] => Array
        (
            [ErrCode] => E01
            [ErrInfo] => E01240002
        )

)
 from 180.44.46.91
2019/09/10 14:25:42 [/shop/shopping/load_payment_module.php] SendRequest:https://p01.mul-pay.jp/payment/ExecTran.idPass from 180.44.46.91
2019/09/10 14:25:42 [/shop/shopping/load_payment_module.php] Array
(
    [AccessID] => dec950b059af05cbf3ebff4858fa2d8f
    [AccessPass] => 52b4bed5cf500d0703ec445d8a9d32ad
    [OrderID] => 940008-10142419
    [Method] => 1
    [PayTimes] => 
    [Token] => c52eb84196180f1113e6f2b4f6f39a6c4a33c6de56842034dd058e98739c6e6b
    [ClientField1] => 
    [ClientField2] => 
    [ClientField3] => EC-CUBE4.3.24
)
 from 180.44.46.91
2019/09/10 14:25:43 [/shop/shopping/load_payment_module.php] ErrCode=G97&ErrInfo=42G970000 from 180.44.46.91
2019/09/10 14:25:43 [/shop/shopping/load_payment_module.php] Array
(
    [0] => Array
        (
            [ErrCode] => G97
            [ErrInfo] => 42G970000
        )

)
 from 180.44.46.91
2019/09/10 14:25:43 [/shop/shopping/load_payment_module.php] load_payment_module.php set payment data:Array
(
    [request_error] => Array
        (
            [0] => このカードでは取引をする事が出来ません。 (G97-42G970000)
        )

    [Amount] => 796
    [JobCd] => CAPTURE
    [action_status] => 3
)
 from 180.44.46.91
2019/09/10 14:25:43 [/shop/user_data/pg_mulpay_recv.php] ******* receiveer data start ******* from 210.175.7.20
2019/09/10 14:25:43 [/shop/user_data/pg_mulpay_recv.php] Array
(
    [ShopID] => 9000034600950
    [ShopPass] => **********
    [AccessID] => dec950b059af05cbf3ebff4858fa2d8f
    [AccessPass] => ********************************
    [OrderID] => 940008-10142419
    [Status] => UNPROCESSED
    [JobCd] => CAPTURE
    [Amount] => 796
    [Tax] => 0
    [Currency] => JPN
    [Forward] => 2959876
    [Method] => 1
    [PayTimes] => 
    [TranID] => 1909101425602257210134111753
    [Approve] =>        
    [TranDate] => 20190910142543
    [ErrCode] => G97
    [ErrInfo] => 42G970000
    [PayType] => 0
)
 from 210.175.7.20
2019/09/10 14:25:43 [/shop/user_data/pg_mulpay_recv.php] ******* receiveer data end ******* from 210.175.7.20
2019/09/10 14:25:43 [/shop/user_data/pg_mulpay_recv.php] pg_mulpay_recv.php set payment data:Array
(
    [ShopID] => 9000034600950
    [AccessID] => dec950b059af05cbf3ebff4858fa2d8f
    [OrderID] => 940008-10142419
    [Status] => UNPROCESSED
    [JobCd] => CAPTURE
    [Amount] => 796
    [Tax] => 0
    [Currency] => JPN
    [Forward] => 2959876
    [Method] => 1
    [PayTimes] => 
    [TranID] => 1909101425602257210134111753
    [Approve] => 
    [TranDate] => 20190910142543
    [ErrCode] => G97
    [ErrInfo] => 42G970000
    [PayType] => 0
    [CvsCode] => 
    [CvsConfNo] => 
    [CvsReceiptNo] => 
    [EdyReceiptNo] => 
    [EdyOrderNo] => 
    [SuicaReceiptNo] => 
    [SuicaOrderNo] => 
    [CustID] => 
    [BkCode] => 
    [ConfNo] => 
    [PaymentTerm] => 
    [EncryptReceiptNo] => 
    [FinishDate] => 
    [ReceiptDate] => 
    [WebMoneyManagementNo] => 
    [WebMoneySettleCode] => 
    [AuPayInfoNo] => 
    [AuPayMethod] => 
    [AuCancelAmount] => 
    [AuCancelTax] => 
    [DocomoSettlementCode] => 
    [DocomoCancelAmount] => 
    [DocomoCancelTax] => 
    [pay_status] => 0
)
 from 210.175.7.20
2019/09/10 14:25:43 [/shop/user_data/pg_mulpay_recv.php] response:true from 210.175.7.20
2019/09/10 15:29:50 [/shop/shopping/load_payment_module.php] SendRequest:https://p01.mul-pay.jp/payment/EntryTran.idPass from 126.196.59.192
2019/09/10 15:29:50 [/shop/shopping/load_payment_module.php] Array
(
    [ShopID] => 9000034600950
    [ShopPass] => ******
    [OrderID] => 940009-10152950
    [JobCd] => CAPTURE
    [Amount] => 2340
    [TdFlag] => 0
    [TdTenantName] => 
)
 from 126.196.59.192
2019/09/10 15:29:50 [/shop/shopping/load_payment_module.php] AccessID=4e00f4dc366dd28eac000db861e2c665&AccessPass=1507480750acfd8925356e712f41cb18 from 126.196.59.192
2019/09/10 15:29:50 [/shop/shopping/load_payment_module.php] Array
(
    [0] => Array
        (
            [AccessID] => 4e00f4dc366dd28eac000db861e2c665
            [AccessPass] => 1507480750acfd8925356e712f41cb18
        )

)
 from 126.196.59.192
2019/09/10 15:29:51 [/shop/shopping/load_payment_module.php] load_payment_module.php set payment data:Array
(
    [AccessID] => 4e00f4dc366dd28eac000db861e2c665
    [AccessPass] => 1507480750acfd8925356e712f41cb18
    [OrderID] => 940009-10152950
    [Amount] => 2340
    [JobCd] => CAPTURE
    [action_status] => 1
    [pay_status] => 0
)
 from 126.196.59.192
2019/09/10 15:29:51 [/shop/shopping/load_payment_module.php] SendRequest:https://p01.mul-pay.jp/payment/ExecTran.idPass from 126.196.59.192
2019/09/10 15:29:51 [/shop/shopping/load_payment_module.php] Array
(
    [AccessID] => 4e00f4dc366dd28eac000db861e2c665
    [AccessPass] => 1507480750acfd8925356e712f41cb18
    [OrderID] => 940009-10152950
    [Method] => 1
    [Token] => c06a1092ff41cafd3d076dd2b18af68312a981bc14bf232131a2dad16442f876
    [ClientField1] => 
    [ClientField2] => 
    [ClientField3] => EC-CUBE4.3.24
)
 from 126.196.59.192
2019/09/10 15:29:52 [/shop/shopping/load_payment_module.php] ACS=0&OrderID=940009-10152950&Forward=2959876&Method=1&PayTimes=&Approve=0300020&TranID=1909101529602257210134111754&TranDate=20190910152952&CheckString=590e27e45624a7388e31a352cc7f713e from 126.196.59.192
2019/09/10 15:29:52 [/shop/shopping/load_payment_module.php] Array
(
    [0] => Array
        (
            [ACS] => 0
            [OrderID] => 940009-10152950
            [Forward] => 2959876
            [Method] => 1
            [PayTimes] => 
            [Approve] => 0300020
            [TranID] => 1909101529602257210134111754
            [TranDate] => 20190910152952
            [CheckString] => 590e27e45624a7388e31a352cc7f713e
        )

)
 from 126.196.59.192
2019/09/10 15:29:52 [/shop/shopping/load_payment_module.php] load_payment_module.php set payment data:Array
(
    [ACS] => 0
    [Forward] => 2959876
    [Method] => 1
    [PayTimes] => 
    [Approve] => 0300020
    [TranID] => 1909101529602257210134111754
    [TranDate] => 20190910152952
    [CheckString] => 590e27e45624a7388e31a352cc7f713e
    [Amount] => 2340
    [JobCd] => CAPTURE
    [action_status] => 3
    [pay_status] => 13
)
 from 126.196.59.192
2019/09/10 15:29:53 [/shop/user_data/pg_mulpay_recv.php] ******* receiveer data start ******* from 210.175.7.20
2019/09/10 15:29:53 [/shop/user_data/pg_mulpay_recv.php] Array
(
    [ShopID] => 9000034600950
    [ShopPass] => **********
    [AccessID] => 4e00f4dc366dd28eac000db861e2c665
    [AccessPass] => ********************************
    [OrderID] => 940009-10152950
    [Status] => CAPTURE
    [JobCd] => CAPTURE
    [Amount] => 2340
    [Tax] => 0
    [Currency] => JPN
    [Forward] => 2959876
    [Method] => 1
    [PayTimes] => 
    [TranID] => 1909101529602257210134111754
    [Approve] => 0300020
    [TranDate] => 20190910152952
    [ErrCode] => 
    [ErrInfo] => 
    [PayType] => 0
)
 from 210.175.7.20
2019/09/10 15:29:53 [/shop/user_data/pg_mulpay_recv.php] ******* receiveer data end ******* from 210.175.7.20
2019/09/10 15:29:58 [/shop/user_data/pg_mulpay_recv.php] update order status:1 order_id=940009 from 210.175.7.20
2019/09/10 15:29:58 [/shop/user_data/pg_mulpay_recv.php] pg_mulpay_recv.php set payment data:Array
(
    [ShopID] => 9000034600950
    [AccessID] => 4e00f4dc366dd28eac000db861e2c665
    [OrderID] => 940009-10152950
    [Status] => CAPTURE
    [JobCd] => CAPTURE
    [Amount] => 2340
    [Tax] => 0
    [Currency] => JPN
    [Forward] => 2959876
    [Method] => 1
    [PayTimes] => 
    [TranID] => 1909101529602257210134111754
    [Approve] => 0300020
    [TranDate] => 20190910152952
    [ErrCode] => 
    [ErrInfo] => 
    [PayType] => 0
    [CvsCode] => 
    [CvsConfNo] => 
    [CvsReceiptNo] => 
    [EdyReceiptNo] => 
    [EdyOrderNo] => 
    [SuicaReceiptNo] => 
    [SuicaOrderNo] => 
    [CustID] => 
    [BkCode] => 
    [ConfNo] => 
    [PaymentTerm] => 
    [EncryptReceiptNo] => 
    [FinishDate] => 
    [ReceiptDate] => 
    [WebMoneyManagementNo] => 
    [WebMoneySettleCode] => 
    [AuPayInfoNo] => 
    [AuPayMethod] => 
    [AuCancelAmount] => 
    [AuCancelTax] => 
    [DocomoSettlementCode] => 
    [DocomoCancelAmount] => 
    [DocomoCancelTax] => 
    [pay_status] => 13
)
 from 210.175.7.20
2019/09/10 15:29:58 [/shop/user_data/pg_mulpay_recv.php] response:true from 210.175.7.20
2019/09/10 16:15:36 [/shop/admin/order/edit.php] SendRequest:https://p01.mul-pay.jp/payment/AlterTran.idPass from 153.142.16.212
2019/09/10 16:15:36 [/shop/admin/order/edit.php] Array
(
    [ShopID] => 9000034600950
    [ShopPass] => ******
    [AccessID] => 69fb99cf08f061c52ba673080788474f
    [AccessPass] => 6f253b428270bbf9b6e36ec8ea1ec78d
    [JobCd] => RETURNX
)
 from 153.142.16.212
2019/09/10 16:15:37 [/shop/admin/order/edit.php] AccessID=69fb99cf08f061c52ba673080788474f&AccessPass=6f253b428270bbf9b6e36ec8ea1ec78d&Forward=2959876&Approve=0017078&TranID=1909101615602257210134100423&TranDate=20190910161537 from 153.142.16.212
2019/09/10 16:15:37 [/shop/admin/order/edit.php] Array
(
    [0] => Array
        (
            [AccessID] => 69fb99cf08f061c52ba673080788474f
            [AccessPass] => 6f253b428270bbf9b6e36ec8ea1ec78d
            [Forward] => 2959876
            [Approve] => 0017078
            [TranID] => 1909101615602257210134100423
            [TranDate] => 20190910161537
        )

)
 from 153.142.16.212
2019/09/10 16:15:37 [/shop/admin/order/edit.php] edit.php set payment data:Array
(
    [AccessID] => 69fb99cf08f061c52ba673080788474f
    [AccessPass] => 6f253b428270bbf9b6e36ec8ea1ec78d
    [Forward] => 2959876
    [Approve] => 0017078
    [TranID] => 1909101615602257210134100423
    [TranDate] => 20190910161537
    [JobCd] => RETURNX
    [action_status] => 6
    [pay_status] => 16
)
 from 153.142.16.212
2019/09/10 16:15:38 [/shop/user_data/pg_mulpay_recv.php] ******* receiveer data start ******* from 210.175.7.20
2019/09/10 16:15:38 [/shop/user_data/pg_mulpay_recv.php] Array
(
    [ShopID] => 9000034600950
    [ShopPass] => **********
    [AccessID] => 69fb99cf08f061c52ba673080788474f
    [AccessPass] => ********************************
    [OrderID] => 939366-13225403
    [Status] => RETURNX
    [JobCd] => RETURNX
    [Amount] => 2880
    [Tax] => 0
    [Currency] => JPN
    [Forward] => 2959876
    [Method] => 1
    [PayTimes] => 
    [TranID] => 1909101615602257210134100423
    [Approve] => 0017078
    [TranDate] => 20190910161537
    [ErrCode] => 
    [ErrInfo] => 
    [PayType] => 0
)
 from 210.175.7.20
2019/09/10 16:15:38 [/shop/user_data/pg_mulpay_recv.php] ******* receiveer data end ******* from 210.175.7.20
2019/09/10 16:15:38 [/shop/user_data/pg_mulpay_recv.php] pg_mulpay_recv.php set payment data:Array
(
    [ShopID] => 9000034600950
    [AccessID] => 69fb99cf08f061c52ba673080788474f
    [OrderID] => 939366-13225403
    [Status] => RETURNX
    [JobCd] => RETURNX
    [Amount] => 2880
    [Tax] => 0
    [Currency] => JPN
    [Forward] => 2959876
    [Method] => 1
    [PayTimes] => 
    [TranID] => 1909101615602257210134100423
    [Approve] => 0017078
    [TranDate] => 20190910161537
    [ErrCode] => 
    [ErrInfo] => 
    [PayType] => 0
    [CvsCode] => 
    [CvsConfNo] => 
    [CvsReceiptNo] => 
    [EdyReceiptNo] => 
    [EdyOrderNo] => 
    [SuicaReceiptNo] => 
    [SuicaOrderNo] => 
    [CustID] => 
    [BkCode] => 
    [ConfNo] => 
    [PaymentTerm] => 
    [EncryptReceiptNo] => 
    [FinishDate] => 
    [ReceiptDate] => 
    [WebMoneyManagementNo] => 
    [WebMoneySettleCode] => 
    [AuPayInfoNo] => 
    [AuPayMethod] => 
    [AuCancelAmount] => 
    [AuCancelTax] => 
    [DocomoSettlementCode] => 
    [DocomoCancelAmount] => 
    [DocomoCancelTax] => 
    [pay_status] => 16
)
 from 210.175.7.20
2019/09/10 16:15:38 [/shop/user_data/pg_mulpay_recv.php] response:true from 210.175.7.20
2019/09/10 16:26:40 [/shop/shopping/load_payment_module.php] SendRequest:https://p01.mul-pay.jp/payment/EntryTran.idPass from 121.114.59.241
2019/09/10 16:26:40 [/shop/shopping/load_payment_module.php] Array
(
    [ShopID] => 9000034600950
    [ShopPass] => ******
    [OrderID] => 940010-10162640
    [JobCd] => CAPTURE
    [Amount] => 28230
    [TdFlag] => 0
    [TdTenantName] => 
)
 from 121.114.59.241
2019/09/10 16:26:41 [/shop/shopping/load_payment_module.php] AccessID=1fd2e3f52fde2d82e51b1db53a084080&AccessPass=3f861b5cd5fd569b1c7a899e7884f72a from 121.114.59.241
2019/09/10 16:26:41 [/shop/shopping/load_payment_module.php] Array
(
    [0] => Array
        (
            [AccessID] => 1fd2e3f52fde2d82e51b1db53a084080
            [AccessPass] => 3f861b5cd5fd569b1c7a899e7884f72a
        )

)
 from 121.114.59.241
2019/09/10 16:26:41 [/shop/shopping/load_payment_module.php] load_payment_module.php set payment data:Array
(
    [AccessID] => 1fd2e3f52fde2d82e51b1db53a084080
    [AccessPass] => 3f861b5cd5fd569b1c7a899e7884f72a
    [OrderID] => 940010-10162640
    [Amount] => 28230
    [JobCd] => CAPTURE
    [action_status] => 1
    [pay_status] => 0
)
 from 121.114.59.241
2019/09/10 16:26:41 [/shop/shopping/load_payment_module.php] SendRequest:https://p01.mul-pay.jp/payment/ExecTran.idPass from 121.114.59.241
2019/09/10 16:26:41 [/shop/shopping/load_payment_module.php] Array
(
    [AccessID] => 1fd2e3f52fde2d82e51b1db53a084080
    [AccessPass] => 3f861b5cd5fd569b1c7a899e7884f72a
    [OrderID] => 940010-10162640
    [Method] => 1
    [Token] => 1054ca13939aa1d74a4aebd0d6c8d357bdc3957d283d4feb24555b84b6094137
    [ClientField1] => 
    [ClientField2] => 
    [ClientField3] => EC-CUBE4.3.24
)
 from 121.114.59.241
2019/09/10 16:26:42 [/shop/shopping/load_payment_module.php] ACS=0&OrderID=940010-10162640&Forward=2S49631&Method=1&PayTimes=&Approve=0428339&TranID=1909101626602257210134100424&TranDate=20190910162642&CheckString=a14229f568d6ab9eb2e3dbb4cee0e228 from 121.114.59.241
2019/09/10 16:26:42 [/shop/shopping/load_payment_module.php] Array
(
    [0] => Array
        (
            [ACS] => 0
            [OrderID] => 940010-10162640
            [Forward] => 2S49631
            [Method] => 1
            [PayTimes] => 
            [Approve] => 0428339
            [TranID] => 1909101626602257210134100424
            [TranDate] => 20190910162642
            [CheckString] => a14229f568d6ab9eb2e3dbb4cee0e228
        )

)
 from 121.114.59.241
2019/09/10 16:26:42 [/shop/shopping/load_payment_module.php] load_payment_module.php set payment data:Array
(
    [ACS] => 0
    [Forward] => 2S49631
    [Method] => 1
    [PayTimes] => 
    [Approve] => 0428339
    [TranID] => 1909101626602257210134100424
    [TranDate] => 20190910162642
    [CheckString] => a14229f568d6ab9eb2e3dbb4cee0e228
    [Amount] => 28230
    [JobCd] => CAPTURE
    [action_status] => 3
    [pay_status] => 13
)
 from 121.114.59.241
2019/09/10 16:26:42 [/shop/user_data/pg_mulpay_recv.php] ******* receiveer data start ******* from 210.175.7.20
2019/09/10 16:26:42 [/shop/user_data/pg_mulpay_recv.php] Array
(
    [ShopID] => 9000034600950
    [ShopPass] => **********
    [AccessID] => 1fd2e3f52fde2d82e51b1db53a084080
    [AccessPass] => ********************************
    [OrderID] => 940010-10162640
    [Status] => CAPTURE
    [JobCd] => CAPTURE
    [Amount] => 28230
    [Tax] => 0
    [Currency] => JPN
    [Forward] => 2S49631
    [Method] => 1
    [PayTimes] => 
    [TranID] => 1909101626602257210134100424
    [Approve] => 0428339
    [TranDate] => 20190910162642
    [ErrCode] => 
    [ErrInfo] => 
    [PayType] => 0
)
 from 210.175.7.20
2019/09/10 16:26:42 [/shop/user_data/pg_mulpay_recv.php] ******* receiveer data end ******* from 210.175.7.20
2019/09/10 16:26:47 [/shop/user_data/pg_mulpay_recv.php] update order status:1 order_id=940010 from 210.175.7.20
2019/09/10 16:26:47 [/shop/user_data/pg_mulpay_recv.php] pg_mulpay_recv.php set payment data:Array
(
    [ShopID] => 9000034600950
    [AccessID] => 1fd2e3f52fde2d82e51b1db53a084080
    [OrderID] => 940010-10162640
    [Status] => CAPTURE
    [JobCd] => CAPTURE
    [Amount] => 28230
    [Tax] => 0
    [Currency] => JPN
    [Forward] => 2S49631
    [Method] => 1
    [PayTimes] => 
    [TranID] => 1909101626602257210134100424
    [Approve] => 0428339
    [TranDate] => 20190910162642
    [ErrCode] => 
    [ErrInfo] => 
    [PayType] => 0
    [CvsCode] => 
    [CvsConfNo] => 
    [CvsReceiptNo] => 
    [EdyReceiptNo] => 
    [EdyOrderNo] => 
    [SuicaReceiptNo] => 
    [SuicaOrderNo] => 
    [CustID] => 
    [BkCode] => 
    [ConfNo] => 
    [PaymentTerm] => 
    [EncryptReceiptNo] => 
    [FinishDate] => 
    [ReceiptDate] => 
    [WebMoneyManagementNo] => 
    [WebMoneySettleCode] => 
    [AuPayInfoNo] => 
    [AuPayMethod] => 
    [AuCancelAmount] => 
    [AuCancelTax] => 
    [DocomoSettlementCode] => 
    [DocomoCancelAmount] => 
    [DocomoCancelTax] => 
    [pay_status] => 13
)
 from 210.175.7.20
2019/09/10 16:26:47 [/shop/user_data/pg_mulpay_recv.php] response:true from 210.175.7.20
2019/09/10 17:41:54 [/shop/admin/order/edit.php] edit.php set payment data:Array
(
    [no_update_status_flg] => 1
)
 from 153.142.16.212
2019/09/10 17:41:54 [/shop/admin/order/edit.php] SendRequest:https://p01.mul-pay.jp/payment/ChangeTran.idPass from 153.142.16.212
2019/09/10 17:41:54 [/shop/admin/order/edit.php] Array
(
    [ShopID] => 9000034600950
    [ShopPass] => ******
    [AccessID] => a2f9972708da0c2eaac467008aeb7a6d
    [AccessPass] => b2e15c068edbf383b92b030db8bc1e78
    [JobCd] => CAPTURE
    [Amount] => 6490
)
 from 153.142.16.212
2019/09/10 17:41:57 [/shop/admin/order/edit.php] AccessID=a2f9972708da0c2eaac467008aeb7a6d&AccessPass=b2e15c068edbf383b92b030db8bc1e78&Forward=2S49631&Approve=0177814&TranID=1909101741602257210134121715&TranDate=20190910174156 from 153.142.16.212
2019/09/10 17:41:57 [/shop/admin/order/edit.php] Array
(
    [0] => Array
        (
            [AccessID] => a2f9972708da0c2eaac467008aeb7a6d
            [AccessPass] => b2e15c068edbf383b92b030db8bc1e78
            [Forward] => 2S49631
            [Approve] => 0177814
            [TranID] => 1909101741602257210134121715
            [TranDate] => 20190910174156
        )

)
 from 153.142.16.212
2019/09/10 17:41:57 [/shop/admin/order/edit.php] edit.php set payment data:Array
(
    [AccessID] => a2f9972708da0c2eaac467008aeb7a6d
    [AccessPass] => b2e15c068edbf383b92b030db8bc1e78
    [Forward] => 2S49631
    [Approve] => 0177814
    [TranID] => 1909101741602257210134121715
    [TranDate] => 20190910174156
    [action_status] => 6
    [pay_status] => 13
    [JobCd] => CAPTURE
    [Amount] => 6490
)
 from 153.142.16.212
2019/09/10 17:41:57 [/shop/user_data/pg_mulpay_recv.php] ******* receiveer data start ******* from 210.175.7.20
2019/09/10 17:41:57 [/shop/user_data/pg_mulpay_recv.php] Array
(
    [ShopID] => 9000034600950
    [ShopPass] => **********
    [AccessID] => a2f9972708da0c2eaac467008aeb7a6d
    [AccessPass] => ********************************
    [OrderID] => 938888-22155137
    [Status] => CAPTURE
    [JobCd] => CAPTURE
    [Amount] => 6490
    [Tax] => 0
    [Currency] => JPN
    [Forward] => 2S49631
    [Method] => 1
    [PayTimes] => 
    [TranID] => 1909101741602257210134121715
    [Approve] => 0177814
    [TranDate] => 20190910174156
    [ErrCode] => 
    [ErrInfo] => 
    [PayType] => 0
)
 from 210.175.7.20
2019/09/10 17:41:57 [/shop/user_data/pg_mulpay_recv.php] ******* receiveer data end ******* from 210.175.7.20
2019/09/10 17:41:57 [/shop/user_data/pg_mulpay_recv.php] ******* receiveer data start ******* from 210.175.7.20
2019/09/10 17:41:57 [/shop/user_data/pg_mulpay_recv.php] Array
(
    [ShopID] => 9000034600950
    [ShopPass] => **********
    [AccessID] => a2f9972708da0c2eaac467008aeb7a6d
    [AccessPass] => ********************************
    [OrderID] => 938888-22155137
    [Status] => RETURNX
    [JobCd] => RETURNX
    [Amount] => 4330
    [Tax] => 0
    [Currency] => JPN
    [Forward] => 2S49631
    [Method] => 1
    [PayTimes] => 
    [TranID] => 1909101741602257210134100425
    [Approve] =>        
    [TranDate] => 20190910174156
    [ErrCode] => 
    [ErrInfo] => 
    [PayType] => 0
)
 from 210.175.7.20
2019/09/10 17:41:57 [/shop/user_data/pg_mulpay_recv.php] ******* receiveer data end ******* from 210.175.7.20
2019/09/10 17:41:57 [/shop/user_data/pg_mulpay_recv.php] pg_mulpay_recv.php set payment data:Array
(
    [ShopID] => 9000034600950
    [AccessID] => a2f9972708da0c2eaac467008aeb7a6d
    [OrderID] => 938888-22155137
    [Status] => RETURNX
    [JobCd] => RETURNX
    [Amount] => 4330
    [Tax] => 0
    [Currency] => JPN
    [Forward] => 2S49631
    [Method] => 1
    [PayTimes] => 
    [TranID] => 1909101741602257210134100425
    [TranDate] => 20190910174156
    [ErrCode] => 
    [ErrInfo] => 
    [PayType] => 0
    [CvsCode] => 
    [CvsConfNo] => 
    [CvsReceiptNo] => 
    [EdyReceiptNo] => 
    [EdyOrderNo] => 
    [SuicaReceiptNo] => 
    [SuicaOrderNo] => 
    [CustID] => 
    [BkCode] => 
    [ConfNo] => 
    [PaymentTerm] => 
    [EncryptReceiptNo] => 
    [FinishDate] => 
    [ReceiptDate] => 
    [WebMoneyManagementNo] => 
    [WebMoneySettleCode] => 
    [AuPayInfoNo] => 
    [AuPayMethod] => 
    [AuCancelAmount] => 
    [AuCancelTax] => 
    [DocomoSettlementCode] => 
    [DocomoCancelAmount] => 
    [DocomoCancelTax] => 
    [pay_status] => 16
)
 from 210.175.7.20
2019/09/10 17:41:57 [/shop/user_data/pg_mulpay_recv.php] response:true from 210.175.7.20
2019/09/10 17:42:01 [/shop/admin/order/edit.php] SendRequest:https://p01.mul-pay.jp/payment/SearchTrade.idPass from 153.142.16.212
2019/09/10 17:42:01 [/shop/admin/order/edit.php] Array
(
    [ShopID] => 9000034600950
    [ShopPass] => ******
    [OrderID] => 938888-22155137
)
 from 153.142.16.212
2019/09/10 17:42:01 [/shop/admin/order/edit.php] OrderID=938888-22155137&Status=CAPTURE&ProcessDate=20190910174156&JobCd=CAPTURE&AccessID=a2f9972708da0c2eaac467008aeb7a6d&AccessPass=b2e15c068edbf383b92b030db8bc1e78&ItemCode=0000990&Amount=6490&Tax=0&SiteID=&MemberID=&CardNo=************5165&Expire=2002&Method=1&PayTimes=&Forward=2S49631&TranID=1909101741602257210134121715&Approve=0177814&ClientField1=&ClientField2=&ClientField3=EC-CUBE4.3.24 from 153.142.16.212
2019/09/10 17:42:01 [/shop/admin/order/edit.php] Array
(
    [0] => Array
        (
            [OrderID] => 938888-22155137
            [Status] => CAPTURE
            [ProcessDate] => 20190910174156
            [JobCd] => CAPTURE
            [AccessID] => a2f9972708da0c2eaac467008aeb7a6d
            [AccessPass] => b2e15c068edbf383b92b030db8bc1e78
            [ItemCode] => 0000990
            [Amount] => 6490
            [Tax] => 0
            [SiteID] => 
            [MemberID] => 
            [CardNo] => ************5165
            [Expire] => 2002
            [Method] => 1
            [PayTimes] => 
            [Forward] => 2S49631
            [TranID] => 1909101741602257210134121715
            [Approve] => 0177814
            [ClientField1] => 
            [ClientField2] => 
            [ClientField3] => EC-CUBE4.3.24
        )

)
 from 153.142.16.212
2019/09/10 17:42:01 [/shop/admin/order/edit.php] edit.php set payment data:Array
(
    [OrderID] => 938888-22155137
    [Status] => CAPTURE
    [ProcessDate] => 20190910174156
    [JobCd] => CAPTURE
    [AccessID] => a2f9972708da0c2eaac467008aeb7a6d
    [AccessPass] => b2e15c068edbf383b92b030db8bc1e78
    [ItemCode] => 0000990
    [Amount] => 6490
    [Tax] => 0
    [SiteID] => 
    [MemberID] => 
    [CardNo] => ************5165
    [Expire] => 2002
    [Method] => 1
    [PayTimes] => 
    [Forward] => 2S49631
    [TranID] => 1909101741602257210134121715
    [Approve] => 0177814
    [ClientField1] => 
    [ClientField2] => 
    [ClientField3] => EC-CUBE4.3.24
    [action_status] => 6
    [pay_status] => 13
)
 from 153.142.16.212
2019/09/10 17:42:02 [/shop/user_data/pg_mulpay_recv.php] no update order status order_id=938888 from 210.175.7.20
2019/09/10 17:42:02 [/shop/user_data/pg_mulpay_recv.php] pg_mulpay_recv.php set payment data:Array
(
    [ShopID] => 9000034600950
    [AccessID] => a2f9972708da0c2eaac467008aeb7a6d
    [OrderID] => 938888-22155137
    [Status] => CAPTURE
    [JobCd] => CAPTURE
    [Amount] => 6490
    [Tax] => 0
    [Currency] => JPN
    [Forward] => 2S49631
    [Method] => 1
    [PayTimes] => 
    [TranID] => 1909101741602257210134121715
    [Approve] => 0177814
    [TranDate] => 20190910174156
    [ErrCode] => 
    [ErrInfo] => 
    [PayType] => 0
    [CvsCode] => 
    [CvsConfNo] => 
    [CvsReceiptNo] => 
    [EdyReceiptNo] => 
    [EdyOrderNo] => 
    [SuicaReceiptNo] => 
    [SuicaOrderNo] => 
    [CustID] => 
    [BkCode] => 
    [ConfNo] => 
    [PaymentTerm] => 
    [EncryptReceiptNo] => 
    [FinishDate] => 
    [ReceiptDate] => 
    [WebMoneyManagementNo] => 
    [WebMoneySettleCode] => 
    [AuPayInfoNo] => 
    [AuPayMethod] => 
    [AuCancelAmount] => 
    [AuCancelTax] => 
    [DocomoSettlementCode] => 
    [DocomoCancelAmount] => 
    [DocomoCancelTax] => 
    [pay_status] => 13
    [no_update_status_flg] => 0
)
 from 210.175.7.20
2019/09/10 17:42:02 [/shop/user_data/pg_mulpay_recv.php] response:true from 210.175.7.20
2019/09/10 17:50:13 [/shop/admin/order/edit.php] edit.php set payment data:Array
(
    [no_update_status_flg] => 1
)
 from 153.142.16.212
2019/09/10 17:50:13 [/shop/admin/order/edit.php] SendRequest:https://p01.mul-pay.jp/payment/ChangeTran.idPass from 153.142.16.212
2019/09/10 17:50:13 [/shop/admin/order/edit.php] Array
(
    [ShopID] => 9000034600950
    [ShopPass] => ******
    [AccessID] => 942389465589803e59cf6f1aba380514
    [AccessPass] => 776ff3ded6de13303b55d2a43061a8d5
    [JobCd] => CAPTURE
    [Amount] => 6490
)
 from 153.142.16.212
2019/09/10 17:50:15 [/shop/admin/order/edit.php] AccessID=942389465589803e59cf6f1aba380514&AccessPass=776ff3ded6de13303b55d2a43061a8d5&Forward=2S49631&Approve=0473686&TranID=1909101750602257210134121716&TranDate=20190910175015 from 153.142.16.212
2019/09/10 17:50:15 [/shop/admin/order/edit.php] Array
(
    [0] => Array
        (
            [AccessID] => 942389465589803e59cf6f1aba380514
            [AccessPass] => 776ff3ded6de13303b55d2a43061a8d5
            [Forward] => 2S49631
            [Approve] => 0473686
            [TranID] => 1909101750602257210134121716
            [TranDate] => 20190910175015
        )

)
 from 153.142.16.212
2019/09/10 17:50:15 [/shop/admin/order/edit.php] edit.php set payment data:Array
(
    [AccessID] => 942389465589803e59cf6f1aba380514
    [AccessPass] => 776ff3ded6de13303b55d2a43061a8d5
    [Forward] => 2S49631
    [Approve] => 0473686
    [TranID] => 1909101750602257210134121716
    [TranDate] => 20190910175015
    [action_status] => 6
    [pay_status] => 13
    [JobCd] => CAPTURE
    [Amount] => 6490
)
 from 153.142.16.212
2019/09/10 17:50:15 [/shop/user_data/pg_mulpay_recv.php] ******* receiveer data start ******* from 210.175.7.20
2019/09/10 17:50:15 [/shop/user_data/pg_mulpay_recv.php] Array
(
    [ShopID] => 9000034600950
    [ShopPass] => **********
    [AccessID] => 942389465589803e59cf6f1aba380514
    [AccessPass] => ********************************
    [OrderID] => 938203-28095741
    [Status] => RETURNX
    [JobCd] => RETURNX
    [Amount] => 4330
    [Tax] => 0
    [Currency] => JPN
    [Forward] => 2S49631
    [Method] => 1
    [PayTimes] => 
    [TranID] => 1909101750602257210134100426
    [Approve] =>        
    [TranDate] => 20190910175015
    [ErrCode] => 
    [ErrInfo] => 
    [PayType] => 0
)
 from 210.175.7.20
2019/09/10 17:50:15 [/shop/user_data/pg_mulpay_recv.php] ******* receiveer data end ******* from 210.175.7.20
2019/09/10 17:50:15 [/shop/user_data/pg_mulpay_recv.php] pg_mulpay_recv.php set payment data:Array
(
    [ShopID] => 9000034600950
    [AccessID] => 942389465589803e59cf6f1aba380514
    [OrderID] => 938203-28095741
    [Status] => RETURNX
    [JobCd] => RETURNX
    [Amount] => 4330
    [Tax] => 0
    [Currency] => JPN
    [Forward] => 2S49631
    [Method] => 1
    [PayTimes] => 
    [TranID] => 1909101750602257210134100426
    [TranDate] => 20190910175015
    [ErrCode] => 
    [ErrInfo] => 
    [PayType] => 0
    [CvsCode] => 
    [CvsConfNo] => 
    [CvsReceiptNo] => 
    [EdyReceiptNo] => 
    [EdyOrderNo] => 
    [SuicaReceiptNo] => 
    [SuicaOrderNo] => 
    [CustID] => 
    [BkCode] => 
    [ConfNo] => 
    [PaymentTerm] => 
    [EncryptReceiptNo] => 
    [FinishDate] => 
    [ReceiptDate] => 
    [WebMoneyManagementNo] => 
    [WebMoneySettleCode] => 
    [AuPayInfoNo] => 
    [AuPayMethod] => 
    [AuCancelAmount] => 
    [AuCancelTax] => 
    [DocomoSettlementCode] => 
    [DocomoCancelAmount] => 
    [DocomoCancelTax] => 
    [pay_status] => 16
)
 from 210.175.7.20
2019/09/10 17:50:15 [/shop/user_data/pg_mulpay_recv.php] response:true from 210.175.7.20
2019/09/10 17:50:16 [/shop/user_data/pg_mulpay_recv.php] ******* receiveer data start ******* from 210.175.7.20
2019/09/10 17:50:16 [/shop/user_data/pg_mulpay_recv.php] Array
(
    [ShopID] => 9000034600950
    [ShopPass] => **********
    [AccessID] => 942389465589803e59cf6f1aba380514
    [AccessPass] => ********************************
    [OrderID] => 938203-28095741
    [Status] => CAPTURE
    [JobCd] => CAPTURE
    [Amount] => 6490
    [Tax] => 0
    [Currency] => JPN
    [Forward] => 2S49631
    [Method] => 1
    [PayTimes] => 
    [TranID] => 1909101750602257210134121716
    [Approve] => 0473686
    [TranDate] => 20190910175015
    [ErrCode] => 
    [ErrInfo] => 
    [PayType] => 0
)
 from 210.175.7.20
2019/09/10 17:50:16 [/shop/user_data/pg_mulpay_recv.php] ******* receiveer data end ******* from 210.175.7.20
2019/09/10 17:50:20 [/shop/admin/order/edit.php] SendRequest:https://p01.mul-pay.jp/payment/SearchTrade.idPass from 153.142.16.212
2019/09/10 17:50:20 [/shop/admin/order/edit.php] Array
(
    [ShopID] => 9000034600950
    [ShopPass] => ******
    [OrderID] => 938203-28095741
)
 from 153.142.16.212
2019/09/10 17:50:20 [/shop/admin/order/edit.php] OrderID=938203-28095741&Status=CAPTURE&ProcessDate=20190910175015&JobCd=CAPTURE&AccessID=942389465589803e59cf6f1aba380514&AccessPass=776ff3ded6de13303b55d2a43061a8d5&ItemCode=0000990&Amount=6490&Tax=0&SiteID=&MemberID=&CardNo=************9068&Expire=2002&Method=1&PayTimes=&Forward=2S49631&TranID=1909101750602257210134121716&Approve=0473686&ClientField1=&ClientField2=&ClientField3=EC-CUBE4.3.24 from 153.142.16.212
2019/09/10 17:50:20 [/shop/admin/order/edit.php] Array
(
    [0] => Array
        (
            [OrderID] => 938203-28095741
            [Status] => CAPTURE
            [ProcessDate] => 20190910175015
            [JobCd] => CAPTURE
            [AccessID] => 942389465589803e59cf6f1aba380514
            [AccessPass] => 776ff3ded6de13303b55d2a43061a8d5
            [ItemCode] => 0000990
            [Amount] => 6490
            [Tax] => 0
            [SiteID] => 
            [MemberID] => 
            [CardNo] => ************9068
            [Expire] => 2002
            [Method] => 1
            [PayTimes] => 
            [Forward] => 2S49631
            [TranID] => 1909101750602257210134121716
            [Approve] => 0473686
            [ClientField1] => 
            [ClientField2] => 
            [ClientField3] => EC-CUBE4.3.24
        )

)
 from 153.142.16.212
2019/09/10 17:50:20 [/shop/admin/order/edit.php] edit.php set payment data:Array
(
    [OrderID] => 938203-28095741
    [Status] => CAPTURE
    [ProcessDate] => 20190910175015
    [JobCd] => CAPTURE
    [AccessID] => 942389465589803e59cf6f1aba380514
    [AccessPass] => 776ff3ded6de13303b55d2a43061a8d5
    [ItemCode] => 0000990
    [Amount] => 6490
    [Tax] => 0
    [SiteID] => 
    [MemberID] => 
    [CardNo] => ************9068
    [Expire] => 2002
    [Method] => 1
    [PayTimes] => 
    [Forward] => 2S49631
    [TranID] => 1909101750602257210134121716
    [Approve] => 0473686
    [ClientField1] => 
    [ClientField2] => 
    [ClientField3] => EC-CUBE4.3.24
    [action_status] => 6
    [pay_status] => 13
)
 from 153.142.16.212
2019/09/10 17:50:21 [/shop/user_data/pg_mulpay_recv.php] no update order status order_id=938203 from 210.175.7.20
2019/09/10 17:50:21 [/shop/user_data/pg_mulpay_recv.php] pg_mulpay_recv.php set payment data:Array
(
    [ShopID] => 9000034600950
    [AccessID] => 942389465589803e59cf6f1aba380514
    [OrderID] => 938203-28095741
    [Status] => CAPTURE
    [JobCd] => CAPTURE
    [Amount] => 6490
    [Tax] => 0
    [Currency] => JPN
    [Forward] => 2S49631
    [Method] => 1
    [PayTimes] => 
    [TranID] => 1909101750602257210134121716
    [Approve] => 0473686
    [TranDate] => 20190910175015
    [ErrCode] => 
    [ErrInfo] => 
    [PayType] => 0
    [CvsCode] => 
    [CvsConfNo] => 
    [CvsReceiptNo] => 
    [EdyReceiptNo] => 
    [EdyOrderNo] => 
    [SuicaReceiptNo] => 
    [SuicaOrderNo] => 
    [CustID] => 
    [BkCode] => 
    [ConfNo] => 
    [PaymentTerm] => 
    [EncryptReceiptNo] => 
    [FinishDate] => 
    [ReceiptDate] => 
    [WebMoneyManagementNo] => 
    [WebMoneySettleCode] => 
    [AuPayInfoNo] => 
    [AuPayMethod] => 
    [AuCancelAmount] => 
    [AuCancelTax] => 
    [DocomoSettlementCode] => 
    [DocomoCancelAmount] => 
    [DocomoCancelTax] => 
    [pay_status] => 13
    [no_update_status_flg] => 0
)
 from 210.175.7.20
2019/09/10 17:50:21 [/shop/user_data/pg_mulpay_recv.php] response:true from 210.175.7.20
2019/09/10 18:43:24 [/shop/shopping/load_payment_module.php] SendRequest:https://p01.mul-pay.jp/payment/EntryTran.idPass from 126.196.59.192
2019/09/10 18:43:24 [/shop/shopping/load_payment_module.php] Array
(
    [ShopID] => 9000034600950
    [ShopPass] => ******
    [OrderID] => 940011-10184324
    [JobCd] => CAPTURE
    [Amount] => 4940
    [TdFlag] => 0
    [TdTenantName] => 
)
 from 126.196.59.192
2019/09/10 18:43:25 [/shop/shopping/load_payment_module.php] AccessID=39ebeab2cf64289335290d5628fed89b&AccessPass=b95f92aa1e2cfbaeee47932553b3e90c from 126.196.59.192
2019/09/10 18:43:25 [/shop/shopping/load_payment_module.php] Array
(
    [0] => Array
        (
            [AccessID] => 39ebeab2cf64289335290d5628fed89b
            [AccessPass] => b95f92aa1e2cfbaeee47932553b3e90c
        )

)
 from 126.196.59.192
2019/09/10 18:43:25 [/shop/shopping/load_payment_module.php] load_payment_module.php set payment data:Array
(
    [AccessID] => 39ebeab2cf64289335290d5628fed89b
    [AccessPass] => b95f92aa1e2cfbaeee47932553b3e90c
    [OrderID] => 940011-10184324
    [Amount] => 4940
    [JobCd] => CAPTURE
    [action_status] => 1
    [pay_status] => 0
)
 from 126.196.59.192
2019/09/10 18:43:25 [/shop/shopping/load_payment_module.php] SendRequest:https://p01.mul-pay.jp/payment/ExecTran.idPass from 126.196.59.192
2019/09/10 18:43:25 [/shop/shopping/load_payment_module.php] Array
(
    [AccessID] => 39ebeab2cf64289335290d5628fed89b
    [AccessPass] => b95f92aa1e2cfbaeee47932553b3e90c
    [OrderID] => 940011-10184324
    [Method] => 1
    [Token] => 3492643f4c1a4e737a466dde1f6df61ec3c0ec9dfca660ff436b7ab0155587a6
    [ClientField1] => 
    [ClientField2] => 
    [ClientField3] => EC-CUBE4.3.24
)
 from 126.196.59.192
2019/09/10 18:43:26 [/shop/shopping/load_payment_module.php] ACS=0&OrderID=940011-10184324&Forward=2S49631&Method=1&PayTimes=&Approve=0103722&TranID=1909101843602257210134111755&TranDate=20190910184326&CheckString=fbd76e06fc4a9d691e855f483da34df0 from 126.196.59.192
2019/09/10 18:43:26 [/shop/shopping/load_payment_module.php] Array
(
    [0] => Array
        (
            [ACS] => 0
            [OrderID] => 940011-10184324
            [Forward] => 2S49631
            [Method] => 1
            [PayTimes] => 
            [Approve] => 0103722
            [TranID] => 1909101843602257210134111755
            [TranDate] => 20190910184326
            [CheckString] => fbd76e06fc4a9d691e855f483da34df0
        )

)
 from 126.196.59.192
2019/09/10 18:43:26 [/shop/shopping/load_payment_module.php] load_payment_module.php set payment data:Array
(
    [ACS] => 0
    [Forward] => 2S49631
    [Method] => 1
    [PayTimes] => 
    [Approve] => 0103722
    [TranID] => 1909101843602257210134111755
    [TranDate] => 20190910184326
    [CheckString] => fbd76e06fc4a9d691e855f483da34df0
    [Amount] => 4940
    [JobCd] => CAPTURE
    [action_status] => 3
    [pay_status] => 13
)
 from 126.196.59.192
2019/09/10 18:43:26 [/shop/user_data/pg_mulpay_recv.php] ******* receiveer data start ******* from 210.175.7.20
2019/09/10 18:43:26 [/shop/user_data/pg_mulpay_recv.php] Array
(
    [ShopID] => 9000034600950
    [ShopPass] => **********
    [AccessID] => 39ebeab2cf64289335290d5628fed89b
    [AccessPass] => ********************************
    [OrderID] => 940011-10184324
    [Status] => CAPTURE
    [JobCd] => CAPTURE
    [Amount] => 4940
    [Tax] => 0
    [Currency] => JPN
    [Forward] => 2S49631
    [Method] => 1
    [PayTimes] => 
    [TranID] => 1909101843602257210134111755
    [Approve] => 0103722
    [TranDate] => 20190910184326
    [ErrCode] => 
    [ErrInfo] => 
    [PayType] => 0
)
 from 210.175.7.20
2019/09/10 18:43:26 [/shop/user_data/pg_mulpay_recv.php] ******* receiveer data end ******* from 210.175.7.20
2019/09/10 18:43:31 [/shop/user_data/pg_mulpay_recv.php] update order status:1 order_id=940011 from 210.175.7.20
2019/09/10 18:43:31 [/shop/user_data/pg_mulpay_recv.php] pg_mulpay_recv.php set payment data:Array
(
    [ShopID] => 9000034600950
    [AccessID] => 39ebeab2cf64289335290d5628fed89b
    [OrderID] => 940011-10184324
    [Status] => CAPTURE
    [JobCd] => CAPTURE
    [Amount] => 4940
    [Tax] => 0
    [Currency] => JPN
    [Forward] => 2S49631
    [Method] => 1
    [PayTimes] => 
    [TranID] => 1909101843602257210134111755
    [Approve] => 0103722
    [TranDate] => 20190910184326
    [ErrCode] => 
    [ErrInfo] => 
    [PayType] => 0
    [CvsCode] => 
    [CvsConfNo] => 
    [CvsReceiptNo] => 
    [EdyReceiptNo] => 
    [EdyOrderNo] => 
    [SuicaReceiptNo] => 
    [SuicaOrderNo] => 
    [CustID] => 
    [BkCode] => 
    [ConfNo] => 
    [PaymentTerm] => 
    [EncryptReceiptNo] => 
    [FinishDate] => 
    [ReceiptDate] => 
    [WebMoneyManagementNo] => 
    [WebMoneySettleCode] => 
    [AuPayInfoNo] => 
    [AuPayMethod] => 
    [AuCancelAmount] => 
    [AuCancelTax] => 
    [DocomoSettlementCode] => 
    [DocomoCancelAmount] => 
    [DocomoCancelTax] => 
    [pay_status] => 13
)
 from 210.175.7.20
2019/09/10 18:43:31 [/shop/user_data/pg_mulpay_recv.php] response:true from 210.175.7.20
2019/09/10 19:33:58 [/shop/shopping/load_payment_module.php] SendRequest:https://p01.mul-pay.jp/payment/SearchMember.idPass from 150.66.78.136
2019/09/10 19:33:58 [/shop/shopping/load_payment_module.php] Array
(
    [SiteID] => mst0000007602
    [SitePass] => ******
    [MemberID] => 9695
)
 from 150.66.78.136
2019/09/10 19:33:58 [/shop/shopping/load_payment_module.php] ErrCode=E01&ErrInfo=E01390002 from 150.66.78.136
2019/09/10 19:33:58 [/shop/shopping/load_payment_module.php] Array
(
    [0] => Array
        (
            [ErrCode] => E01
            [ErrInfo] => E01390002
        )

)
 from 150.66.78.136
2019/09/10 19:33:58 [/shop/shopping/load_payment_module.php] SendRequest:https://p01.mul-pay.jp/payment/SearchCard.idPass from 150.66.78.136
2019/09/10 19:33:58 [/shop/shopping/load_payment_module.php] Array
(
    [SiteID] => mst0000007602
    [SitePass] => ******
    [MemberID] => 9695
)
 from 150.66.78.136
2019/09/10 19:33:59 [/shop/shopping/load_payment_module.php] ErrCode=E01|E01&ErrInfo=E01390002|E01240002 from 150.66.78.136
2019/09/10 19:33:59 [/shop/shopping/load_payment_module.php] Array
(
    [0] => Array
        (
            [ErrCode] => E01
            [ErrInfo] => E01390002
        )

    [1] => Array
        (
            [ErrCode] => E01
            [ErrInfo] => E01240002
        )

)
 from 150.66.78.136
2019/09/10 19:53:48 [/shop/shopping/load_payment_module.php] SendRequest:https://p01.mul-pay.jp/payment/SearchMember.idPass from 124.39.163.205
2019/09/10 19:53:48 [/shop/shopping/load_payment_module.php] Array
(
    [SiteID] => mst0000007602
    [SitePass] => ******
    [MemberID] => 9203
)
 from 124.39.163.205
2019/09/10 19:53:48 [/shop/shopping/load_payment_module.php] ErrCode=E01&ErrInfo=E01390002 from 124.39.163.205
2019/09/10 19:53:49 [/shop/shopping/load_payment_module.php] Array
(
    [0] => Array
        (
            [ErrCode] => E01
            [ErrInfo] => E01390002
        )

)
 from 124.39.163.205
2019/09/10 19:53:49 [/shop/shopping/load_payment_module.php] SendRequest:https://p01.mul-pay.jp/payment/SearchCard.idPass from 124.39.163.205
2019/09/10 19:53:49 [/shop/shopping/load_payment_module.php] Array
(
    [SiteID] => mst0000007602
    [SitePass] => ******
    [MemberID] => 9203
)
 from 124.39.163.205
2019/09/10 19:53:49 [/shop/shopping/load_payment_module.php] ErrCode=E01|E01&ErrInfo=E01390002|E01240002 from 124.39.163.205
2019/09/10 19:53:49 [/shop/shopping/load_payment_module.php] Array
(
    [0] => Array
        (
            [ErrCode] => E01
            [ErrInfo] => E01390002
        )

    [1] => Array
        (
            [ErrCode] => E01
            [ErrInfo] => E01240002
        )

)
 from 124.39.163.205
2019/09/10 19:54:49 [/shop/shopping/load_payment_module.php] SendRequest:https://p01.mul-pay.jp/payment/SearchMember.idPass from 124.39.163.205
2019/09/10 19:54:49 [/shop/shopping/load_payment_module.php] Array
(
    [SiteID] => mst0000007602
    [SitePass] => ******
    [MemberID] => 9203
)
 from 124.39.163.205
2019/09/10 19:54:49 [/shop/shopping/load_payment_module.php] ErrCode=E01&ErrInfo=E01390002 from 124.39.163.205
2019/09/10 19:54:49 [/shop/shopping/load_payment_module.php] Array
(
    [0] => Array
        (
            [ErrCode] => E01
            [ErrInfo] => E01390002
        )

)
 from 124.39.163.205
2019/09/10 19:54:49 [/shop/shopping/load_payment_module.php] SendRequest:https://p01.mul-pay.jp/payment/SearchCard.idPass from 124.39.163.205
2019/09/10 19:54:49 [/shop/shopping/load_payment_module.php] Array
(
    [SiteID] => mst0000007602
    [SitePass] => ******
    [MemberID] => 9203
)
 from 124.39.163.205
2019/09/10 19:54:49 [/shop/shopping/load_payment_module.php] ErrCode=E01|E01&ErrInfo=E01390002|E01240002 from 124.39.163.205
2019/09/10 19:54:49 [/shop/shopping/load_payment_module.php] Array
(
    [0] => Array
        (
            [ErrCode] => E01
            [ErrInfo] => E01390002
        )

    [1] => Array
        (
            [ErrCode] => E01
            [ErrInfo] => E01240002
        )

)
 from 124.39.163.205
2019/09/10 19:54:49 [/shop/shopping/load_payment_module.php] SendRequest:https://p01.mul-pay.jp/payment/EntryTran.idPass from 124.39.163.205
2019/09/10 19:54:49 [/shop/shopping/load_payment_module.php] Array
(
    [ShopID] => 9000034600950
    [ShopPass] => ******
    [OrderID] => 940013-10195449
    [JobCd] => CAPTURE
    [Amount] => 23709
    [TdFlag] => 0
    [TdTenantName] => 
)
 from 124.39.163.205
2019/09/10 19:54:49 [/shop/shopping/load_payment_module.php] AccessID=3f980a76e41134a74df8ce9614b4cc63&AccessPass=71ec50f4b5e31dbdfce3a5d72c1d68de from 124.39.163.205
2019/09/10 19:54:49 [/shop/shopping/load_payment_module.php] Array
(
    [0] => Array
        (
            [AccessID] => 3f980a76e41134a74df8ce9614b4cc63
            [AccessPass] => 71ec50f4b5e31dbdfce3a5d72c1d68de
        )

)
 from 124.39.163.205
2019/09/10 19:54:49 [/shop/shopping/load_payment_module.php] load_payment_module.php set payment data:Array
(
    [AccessID] => 3f980a76e41134a74df8ce9614b4cc63
    [AccessPass] => 71ec50f4b5e31dbdfce3a5d72c1d68de
    [OrderID] => 940013-10195449
    [Amount] => 23709
    [JobCd] => CAPTURE
    [action_status] => 1
    [pay_status] => 0
)
 from 124.39.163.205
2019/09/10 19:54:50 [/shop/shopping/load_payment_module.php] SendRequest:https://p01.mul-pay.jp/payment/ExecTran.idPass from 124.39.163.205
2019/09/10 19:54:50 [/shop/shopping/load_payment_module.php] Array
(
    [AccessID] => 3f980a76e41134a74df8ce9614b4cc63
    [AccessPass] => 71ec50f4b5e31dbdfce3a5d72c1d68de
    [OrderID] => 940013-10195449
    [Method] => 1
    [Token] => 33b8f3298052231838e4f1e52b8d6ddb717e09ea309034e088e589b5f053772f
    [ClientField1] => 
    [ClientField2] => 
    [ClientField3] => EC-CUBE4.3.24
)
 from 124.39.163.205
2019/09/10 19:54:51 [/shop/shopping/load_payment_module.php] ACS=0&OrderID=940013-10195449&Forward=2959876&Method=1&PayTimes=&Approve=0943028&TranID=1909101954602257210134111756&TranDate=20190910195451&CheckString=4f26bedcb21fd3a1fc20d541dd260e50 from 124.39.163.205
2019/09/10 19:54:51 [/shop/shopping/load_payment_module.php] Array
(
    [0] => Array
        (
            [ACS] => 0
            [OrderID] => 940013-10195449
            [Forward] => 2959876
            [Method] => 1
            [PayTimes] => 
            [Approve] => 0943028
            [TranID] => 1909101954602257210134111756
            [TranDate] => 20190910195451
            [CheckString] => 4f26bedcb21fd3a1fc20d541dd260e50
        )

)
 from 124.39.163.205
2019/09/10 19:54:51 [/shop/shopping/load_payment_module.php] load_payment_module.php set payment data:Array
(
    [ACS] => 0
    [Forward] => 2959876
    [Method] => 1
    [PayTimes] => 
    [Approve] => 0943028
    [TranID] => 1909101954602257210134111756
    [TranDate] => 20190910195451
    [CheckString] => 4f26bedcb21fd3a1fc20d541dd260e50
    [Amount] => 23709
    [JobCd] => CAPTURE
    [action_status] => 3
    [pay_status] => 13
)
 from 124.39.163.205
2019/09/10 19:54:51 [/shop/user_data/pg_mulpay_recv.php] ******* receiveer data start ******* from 210.175.7.20
2019/09/10 19:54:51 [/shop/user_data/pg_mulpay_recv.php] Array
(
    [ShopID] => 9000034600950
    [ShopPass] => **********
    [AccessID] => 3f980a76e41134a74df8ce9614b4cc63
    [AccessPass] => ********************************
    [OrderID] => 940013-10195449
    [Status] => CAPTURE
    [JobCd] => CAPTURE
    [Amount] => 23709
    [Tax] => 0
    [Currency] => JPN
    [Forward] => 2959876
    [Method] => 1
    [PayTimes] => 
    [TranID] => 1909101954602257210134111756
    [Approve] => 0943028
    [TranDate] => 20190910195451
    [ErrCode] => 
    [ErrInfo] => 
    [PayType] => 0
)
 from 210.175.7.20
2019/09/10 19:54:51 [/shop/user_data/pg_mulpay_recv.php] ******* receiveer data end ******* from 210.175.7.20
2019/09/10 19:54:56 [/shop/user_data/pg_mulpay_recv.php] update order status:1 order_id=940013 from 210.175.7.20
2019/09/10 19:54:57 [/shop/user_data/pg_mulpay_recv.php] pg_mulpay_recv.php set payment data:Array
(
    [ShopID] => 9000034600950
    [AccessID] => 3f980a76e41134a74df8ce9614b4cc63
    [OrderID] => 940013-10195449
    [Status] => CAPTURE
    [JobCd] => CAPTURE
    [Amount] => 23709
    [Tax] => 0
    [Currency] => JPN
    [Forward] => 2959876
    [Method] => 1
    [PayTimes] => 
    [TranID] => 1909101954602257210134111756
    [Approve] => 0943028
    [TranDate] => 20190910195451
    [ErrCode] => 
    [ErrInfo] => 
    [PayType] => 0
    [CvsCode] => 
    [CvsConfNo] => 
    [CvsReceiptNo] => 
    [EdyReceiptNo] => 
    [EdyOrderNo] => 
    [SuicaReceiptNo] => 
    [SuicaOrderNo] => 
    [CustID] => 
    [BkCode] => 
    [ConfNo] => 
    [PaymentTerm] => 
    [EncryptReceiptNo] => 
    [FinishDate] => 
    [ReceiptDate] => 
    [WebMoneyManagementNo] => 
    [WebMoneySettleCode] => 
    [AuPayInfoNo] => 
    [AuPayMethod] => 
    [AuCancelAmount] => 
    [AuCancelTax] => 
    [DocomoSettlementCode] => 
    [DocomoCancelAmount] => 
    [DocomoCancelTax] => 
    [pay_status] => 13
)
 from 210.175.7.20
2019/09/10 19:54:57 [/shop/user_data/pg_mulpay_recv.php] response:true from 210.175.7.20
2019/09/10 20:24:32 [/shop/shopping/load_payment_module.php] SendRequest:https://p01.mul-pay.jp/payment/SearchMember.idPass from 114.145.142.114
2019/09/10 20:24:32 [/shop/shopping/load_payment_module.php] Array
(
    [SiteID] => mst0000007602
    [SitePass] => ******
    [MemberID] => 9695
)
 from 114.145.142.114
2019/09/10 20:24:32 [/shop/shopping/load_payment_module.php] ErrCode=E01&ErrInfo=E01390002 from 114.145.142.114
2019/09/10 20:24:32 [/shop/shopping/load_payment_module.php] Array
(
    [0] => Array
        (
            [ErrCode] => E01
            [ErrInfo] => E01390002
        )

)
 from 114.145.142.114
2019/09/10 20:24:32 [/shop/shopping/load_payment_module.php] SendRequest:https://p01.mul-pay.jp/payment/SearchCard.idPass from 114.145.142.114
2019/09/10 20:24:32 [/shop/shopping/load_payment_module.php] Array
(
    [SiteID] => mst0000007602
    [SitePass] => ******
    [MemberID] => 9695
)
 from 114.145.142.114
2019/09/10 20:24:32 [/shop/shopping/load_payment_module.php] ErrCode=E01|E01&ErrInfo=E01390002|E01240002 from 114.145.142.114
2019/09/10 20:24:32 [/shop/shopping/load_payment_module.php] Array
(
    [0] => Array
        (
            [ErrCode] => E01
            [ErrInfo] => E01390002
        )

    [1] => Array
        (
            [ErrCode] => E01
            [ErrInfo] => E01240002
        )

)
 from 114.145.142.114
2019/09/10 20:25:24 [/shop/shopping/load_payment_module.php] SendRequest:https://p01.mul-pay.jp/payment/SearchMember.idPass from 114.145.142.114
2019/09/10 20:25:24 [/shop/shopping/load_payment_module.php] Array
(
    [SiteID] => mst0000007602
    [SitePass] => ******
    [MemberID] => 9695
)
 from 114.145.142.114
2019/09/10 20:25:24 [/shop/shopping/load_payment_module.php] ErrCode=E01&ErrInfo=E01390002 from 114.145.142.114
2019/09/10 20:25:24 [/shop/shopping/load_payment_module.php] Array
(
    [0] => Array
        (
            [ErrCode] => E01
            [ErrInfo] => E01390002
        )

)
 from 114.145.142.114
2019/09/10 20:25:24 [/shop/shopping/load_payment_module.php] SendRequest:https://p01.mul-pay.jp/payment/SearchCard.idPass from 114.145.142.114
2019/09/10 20:25:24 [/shop/shopping/load_payment_module.php] Array
(
    [SiteID] => mst0000007602
    [SitePass] => ******
    [MemberID] => 9695
)
 from 114.145.142.114
2019/09/10 20:25:24 [/shop/shopping/load_payment_module.php] ErrCode=E01|E01&ErrInfo=E01390002|E01240002 from 114.145.142.114
2019/09/10 20:25:24 [/shop/shopping/load_payment_module.php] Array
(
    [0] => Array
        (
            [ErrCode] => E01
            [ErrInfo] => E01390002
        )

    [1] => Array
        (
            [ErrCode] => E01
            [ErrInfo] => E01240002
        )

)
 from 114.145.142.114
2019/09/10 20:25:24 [/shop/shopping/load_payment_module.php] SendRequest:https://p01.mul-pay.jp/payment/EntryTran.idPass from 114.145.142.114
2019/09/10 20:25:24 [/shop/shopping/load_payment_module.php] Array
(
    [ShopID] => 9000034600950
    [ShopPass] => ******
    [OrderID] => 940014-10202524
    [JobCd] => CAPTURE
    [Amount] => 7830
    [TdFlag] => 0
    [TdTenantName] => 
)
 from 114.145.142.114
2019/09/10 20:25:24 [/shop/shopping/load_payment_module.php] AccessID=ef19086c8c1db94ec07739b27e43ca90&AccessPass=77b2a1b4f5913badf60467d2fc4379b3 from 114.145.142.114
2019/09/10 20:25:24 [/shop/shopping/load_payment_module.php] Array
(
    [0] => Array
        (
            [AccessID] => ef19086c8c1db94ec07739b27e43ca90
            [AccessPass] => 77b2a1b4f5913badf60467d2fc4379b3
        )

)
 from 114.145.142.114
2019/09/10 20:25:24 [/shop/shopping/load_payment_module.php] load_payment_module.php set payment data:Array
(
    [AccessID] => ef19086c8c1db94ec07739b27e43ca90
    [AccessPass] => 77b2a1b4f5913badf60467d2fc4379b3
    [OrderID] => 940014-10202524
    [Amount] => 7830
    [JobCd] => CAPTURE
    [action_status] => 1
    [pay_status] => 0
)
 from 114.145.142.114
2019/09/10 20:25:24 [/shop/shopping/load_payment_module.php] SendRequest:https://p01.mul-pay.jp/payment/ExecTran.idPass from 114.145.142.114
2019/09/10 20:25:24 [/shop/shopping/load_payment_module.php] Array
(
    [AccessID] => ef19086c8c1db94ec07739b27e43ca90
    [AccessPass] => 77b2a1b4f5913badf60467d2fc4379b3
    [OrderID] => 940014-10202524
    [Method] => 1
    [Token] => c8e52f924cb75e80c1ac2c89bb1f59067df4cc7a3bd6b0eb5be552c4c971c0df
    [ClientField1] => 
    [ClientField2] => 
    [ClientField3] => EC-CUBE4.3.24
)
 from 114.145.142.114
2019/09/10 20:25:26 [/shop/shopping/load_payment_module.php] ACS=0&OrderID=940014-10202524&Forward=2S49631&Method=1&PayTimes=&Approve=0009079&TranID=1909102025602257210134100427&TranDate=20190910202526&CheckString=4b804d310bce2e46bb83919f7cfdfd1e from 114.145.142.114
2019/09/10 20:25:26 [/shop/shopping/load_payment_module.php] Array
(
    [0] => Array
        (
            [ACS] => 0
            [OrderID] => 940014-10202524
            [Forward] => 2S49631
            [Method] => 1
            [PayTimes] => 
            [Approve] => 0009079
            [TranID] => 1909102025602257210134100427
            [TranDate] => 20190910202526
            [CheckString] => 4b804d310bce2e46bb83919f7cfdfd1e
        )

)
 from 114.145.142.114
2019/09/10 20:25:26 [/shop/shopping/load_payment_module.php] load_payment_module.php set payment data:Array
(
    [ACS] => 0
    [Forward] => 2S49631
    [Method] => 1
    [PayTimes] => 
    [Approve] => 0009079
    [TranID] => 1909102025602257210134100427
    [TranDate] => 20190910202526
    [CheckString] => 4b804d310bce2e46bb83919f7cfdfd1e
    [Amount] => 7830
    [JobCd] => CAPTURE
    [action_status] => 3
    [pay_status] => 13
)
 from 114.145.142.114
2019/09/10 20:25:26 [/shop/user_data/pg_mulpay_recv.php] ******* receiveer data start ******* from 210.175.7.20
2019/09/10 20:25:26 [/shop/user_data/pg_mulpay_recv.php] Array
(
    [ShopID] => 9000034600950
    [ShopPass] => **********
    [AccessID] => ef19086c8c1db94ec07739b27e43ca90
    [AccessPass] => ********************************
    [OrderID] => 940014-10202524
    [Status] => CAPTURE
    [JobCd] => CAPTURE
    [Amount] => 7830
    [Tax] => 0
    [Currency] => JPN
    [Forward] => 2S49631
    [Method] => 1
    [PayTimes] => 
    [TranID] => 1909102025602257210134100427
    [Approve] => 0009079
    [TranDate] => 20190910202526
    [ErrCode] => 
    [ErrInfo] => 
    [PayType] => 0
)
 from 210.175.7.20
2019/09/10 20:25:26 [/shop/user_data/pg_mulpay_recv.php] ******* receiveer data end ******* from 210.175.7.20
2019/09/10 20:25:31 [/shop/user_data/pg_mulpay_recv.php] update order status:1 order_id=940014 from 210.175.7.20
2019/09/10 20:25:31 [/shop/user_data/pg_mulpay_recv.php] pg_mulpay_recv.php set payment data:Array
(
    [ShopID] => 9000034600950
    [AccessID] => ef19086c8c1db94ec07739b27e43ca90
    [OrderID] => 940014-10202524
    [Status] => CAPTURE
    [JobCd] => CAPTURE
    [Amount] => 7830
    [Tax] => 0
    [Currency] => JPN
    [Forward] => 2S49631
    [Method] => 1
    [PayTimes] => 
    [TranID] => 1909102025602257210134100427
    [Approve] => 0009079
    [TranDate] => 20190910202526
    [ErrCode] => 
    [ErrInfo] => 
    [PayType] => 0
    [CvsCode] => 
    [CvsConfNo] => 
    [CvsReceiptNo] => 
    [EdyReceiptNo] => 
    [EdyOrderNo] => 
    [SuicaReceiptNo] => 
    [SuicaOrderNo] => 
    [CustID] => 
    [BkCode] => 
    [ConfNo] => 
    [PaymentTerm] => 
    [EncryptReceiptNo] => 
    [FinishDate] => 
    [ReceiptDate] => 
    [WebMoneyManagementNo] => 
    [WebMoneySettleCode] => 
    [AuPayInfoNo] => 
    [AuPayMethod] => 
    [AuCancelAmount] => 
    [AuCancelTax] => 
    [DocomoSettlementCode] => 
    [DocomoCancelAmount] => 
    [DocomoCancelTax] => 
    [pay_status] => 13
)
 from 210.175.7.20
2019/09/10 20:25:31 [/shop/user_data/pg_mulpay_recv.php] response:true from 210.175.7.20
2019/09/10 20:31:29 [/shop/shopping/load_payment_module.php] SendRequest:https://p01.mul-pay.jp/payment/SearchMember.idPass from 126.149.38.63
2019/09/10 20:31:29 [/shop/shopping/load_payment_module.php] Array
(
    [SiteID] => mst0000007602
    [SitePass] => ******
    [MemberID] => 2949
)
 from 126.149.38.63
2019/09/10 20:31:29 [/shop/shopping/load_payment_module.php] ErrCode=E01&ErrInfo=E01390002 from 126.149.38.63
2019/09/10 20:31:29 [/shop/shopping/load_payment_module.php] Array
(
    [0] => Array
        (
            [ErrCode] => E01
            [ErrInfo] => E01390002
        )

)
 from 126.149.38.63
2019/09/10 20:31:29 [/shop/shopping/load_payment_module.php] SendRequest:https://p01.mul-pay.jp/payment/SearchCard.idPass from 126.149.38.63
2019/09/10 20:31:29 [/shop/shopping/load_payment_module.php] Array
(
    [SiteID] => mst0000007602
    [SitePass] => ******
    [MemberID] => 2949
)
 from 126.149.38.63
2019/09/10 20:31:29 [/shop/shopping/load_payment_module.php] ErrCode=E01|E01&ErrInfo=E01390002|E01240002 from 126.149.38.63
2019/09/10 20:31:29 [/shop/shopping/load_payment_module.php] Array
(
    [0] => Array
        (
            [ErrCode] => E01
            [ErrInfo] => E01390002
        )

    [1] => Array
        (
            [ErrCode] => E01
            [ErrInfo] => E01240002
        )

)
 from 126.149.38.63
2019/09/10 20:32:09 [/shop/shopping/load_payment_module.php] SendRequest:https://p01.mul-pay.jp/payment/SearchMember.idPass from 126.149.38.63
2019/09/10 20:32:09 [/shop/shopping/load_payment_module.php] Array
(
    [SiteID] => mst0000007602
    [SitePass] => ******
    [MemberID] => 2949
)
 from 126.149.38.63
2019/09/10 20:32:09 [/shop/shopping/load_payment_module.php] ErrCode=E01&ErrInfo=E01390002 from 126.149.38.63
2019/09/10 20:32:09 [/shop/shopping/load_payment_module.php] Array
(
    [0] => Array
        (
            [ErrCode] => E01
            [ErrInfo] => E01390002
        )

)
 from 126.149.38.63
2019/09/10 20:32:09 [/shop/shopping/load_payment_module.php] SendRequest:https://p01.mul-pay.jp/payment/SearchCard.idPass from 126.149.38.63
2019/09/10 20:32:09 [/shop/shopping/load_payment_module.php] Array
(
    [SiteID] => mst0000007602
    [SitePass] => ******
    [MemberID] => 2949
)
 from 126.149.38.63
2019/09/10 20:32:10 [/shop/shopping/load_payment_module.php] ErrCode=E01|E01&ErrInfo=E01390002|E01240002 from 126.149.38.63
2019/09/10 20:32:10 [/shop/shopping/load_payment_module.php] Array
(
    [0] => Array
        (
            [ErrCode] => E01
            [ErrInfo] => E01390002
        )

    [1] => Array
        (
            [ErrCode] => E01
            [ErrInfo] => E01240002
        )

)
 from 126.149.38.63
2019/09/10 20:32:10 [/shop/shopping/load_payment_module.php] SendRequest:https://p01.mul-pay.jp/payment/EntryTran.idPass from 126.149.38.63
2019/09/10 20:32:10 [/shop/shopping/load_payment_module.php] Array
(
    [ShopID] => 9000034600950
    [ShopPass] => ******
    [OrderID] => 940015-10203210
    [JobCd] => CAPTURE
    [Amount] => 796
    [TdFlag] => 0
    [TdTenantName] => 
)
 from 126.149.38.63
2019/09/10 20:32:10 [/shop/shopping/load_payment_module.php] AccessID=c6d74c784174c9c51c8579335058a9fa&AccessPass=3b9d0be6c98417148f21e989edd31567 from 126.149.38.63
2019/09/10 20:32:10 [/shop/shopping/load_payment_module.php] Array
(
    [0] => Array
        (
            [AccessID] => c6d74c784174c9c51c8579335058a9fa
            [AccessPass] => 3b9d0be6c98417148f21e989edd31567
        )

)
 from 126.149.38.63
2019/09/10 20:32:10 [/shop/shopping/load_payment_module.php] load_payment_module.php set payment data:Array
(
    [AccessID] => c6d74c784174c9c51c8579335058a9fa
    [AccessPass] => 3b9d0be6c98417148f21e989edd31567
    [OrderID] => 940015-10203210
    [Amount] => 796
    [JobCd] => CAPTURE
    [action_status] => 1
    [pay_status] => 0
)
 from 126.149.38.63
2019/09/10 20:32:10 [/shop/shopping/load_payment_module.php] SendRequest:https://p01.mul-pay.jp/payment/ExecTran.idPass from 126.149.38.63
2019/09/10 20:32:10 [/shop/shopping/load_payment_module.php] Array
(
    [AccessID] => c6d74c784174c9c51c8579335058a9fa
    [AccessPass] => 3b9d0be6c98417148f21e989edd31567
    [OrderID] => 940015-10203210
    [Method] => 1
    [Token] => 44aebdd0cf0da183e9ca30a7db7c30c7e9c277aa3e2a79cb74f18e1d41c095af
    [ClientField1] => 
    [ClientField2] => 
    [ClientField3] => EC-CUBE4.3.24
)
 from 126.149.38.63
2019/09/10 20:32:11 [/shop/shopping/load_payment_module.php] ACS=0&OrderID=940015-10203210&Forward=2S49631&Method=1&PayTimes=&Approve=0190100&TranID=1909102032602257210134121717&TranDate=20190910203211&CheckString=33b2d70fd3ace15a820fe884c2bf54a6 from 126.149.38.63
2019/09/10 20:32:11 [/shop/shopping/load_payment_module.php] Array
(
    [0] => Array
        (
            [ACS] => 0
            [OrderID] => 940015-10203210
            [Forward] => 2S49631
            [Method] => 1
            [PayTimes] => 
            [Approve] => 0190100
            [TranID] => 1909102032602257210134121717
            [TranDate] => 20190910203211
            [CheckString] => 33b2d70fd3ace15a820fe884c2bf54a6
        )

)
 from 126.149.38.63
2019/09/10 20:32:11 [/shop/shopping/load_payment_module.php] load_payment_module.php set payment data:Array
(
    [ACS] => 0
    [Forward] => 2S49631
    [Method] => 1
    [PayTimes] => 
    [Approve] => 0190100
    [TranID] => 1909102032602257210134121717
    [TranDate] => 20190910203211
    [CheckString] => 33b2d70fd3ace15a820fe884c2bf54a6
    [Amount] => 796
    [JobCd] => CAPTURE
    [action_status] => 3
    [pay_status] => 13
)
 from 126.149.38.63
2019/09/10 20:32:11 [/shop/user_data/pg_mulpay_recv.php] ******* receiveer data start ******* from 210.175.7.20
2019/09/10 20:32:11 [/shop/user_data/pg_mulpay_recv.php] Array
(
    [ShopID] => 9000034600950
    [ShopPass] => **********
    [AccessID] => c6d74c784174c9c51c8579335058a9fa
    [AccessPass] => ********************************
    [OrderID] => 940015-10203210
    [Status] => CAPTURE
    [JobCd] => CAPTURE
    [Amount] => 796
    [Tax] => 0
    [Currency] => JPN
    [Forward] => 2S49631
    [Method] => 1
    [PayTimes] => 
    [TranID] => 1909102032602257210134121717
    [Approve] => 0190100
    [TranDate] => 20190910203211
    [ErrCode] => 
    [ErrInfo] => 
    [PayType] => 0
)
 from 210.175.7.20
2019/09/10 20:32:11 [/shop/user_data/pg_mulpay_recv.php] ******* receiveer data end ******* from 210.175.7.20
2019/09/10 20:32:16 [/shop/user_data/pg_mulpay_recv.php] update order status:1 order_id=940015 from 210.175.7.20
2019/09/10 20:32:16 [/shop/user_data/pg_mulpay_recv.php] pg_mulpay_recv.php set payment data:Array
(
    [ShopID] => 9000034600950
    [AccessID] => c6d74c784174c9c51c8579335058a9fa
    [OrderID] => 940015-10203210
    [Status] => CAPTURE
    [JobCd] => CAPTURE
    [Amount] => 796
    [Tax] => 0
    [Currency] => JPN
    [Forward] => 2S49631
    [Method] => 1
    [PayTimes] => 
    [TranID] => 1909102032602257210134121717
    [Approve] => 0190100
    [TranDate] => 20190910203211
    [ErrCode] => 
    [ErrInfo] => 
    [PayType] => 0
    [CvsCode] => 
    [CvsConfNo] => 
    [CvsReceiptNo] => 
    [EdyReceiptNo] => 
    [EdyOrderNo] => 
    [SuicaReceiptNo] => 
    [SuicaOrderNo] => 
    [CustID] => 
    [BkCode] => 
    [ConfNo] => 
    [PaymentTerm] => 
    [EncryptReceiptNo] => 
    [FinishDate] => 
    [ReceiptDate] => 
    [WebMoneyManagementNo] => 
    [WebMoneySettleCode] => 
    [AuPayInfoNo] => 
    [AuPayMethod] => 
    [AuCancelAmount] => 
    [AuCancelTax] => 
    [DocomoSettlementCode] => 
    [DocomoCancelAmount] => 
    [DocomoCancelTax] => 
    [pay_status] => 13
)
 from 210.175.7.20
2019/09/10 20:32:16 [/shop/user_data/pg_mulpay_recv.php] response:true from 210.175.7.20
2019/09/10 21:45:44 [/shop/shopping/load_payment_module.php] SendRequest:https://p01.mul-pay.jp/payment/EntryTran.idPass from 50.197.110.3
2019/09/10 21:45:44 [/shop/shopping/load_payment_module.php] Array
(
    [ShopID] => 9000034600950
    [ShopPass] => ******
    [OrderID] => 940016-10214544
    [JobCd] => CAPTURE
    [Amount] => 2180
    [TdFlag] => 0
    [TdTenantName] => 
)
 from 50.197.110.3
2019/09/10 21:45:45 [/shop/shopping/load_payment_module.php] AccessID=901229b64ad8f129cdb83a1be55584d0&AccessPass=ad84bbe4fab4f147147c3c305b8255ee from 50.197.110.3
2019/09/10 21:45:45 [/shop/shopping/load_payment_module.php] Array
(
    [0] => Array
        (
            [AccessID] => 901229b64ad8f129cdb83a1be55584d0
            [AccessPass] => ad84bbe4fab4f147147c3c305b8255ee
        )

)
 from 50.197.110.3
2019/09/10 21:45:45 [/shop/shopping/load_payment_module.php] load_payment_module.php set payment data:Array
(
    [AccessID] => 901229b64ad8f129cdb83a1be55584d0
    [AccessPass] => ad84bbe4fab4f147147c3c305b8255ee
    [OrderID] => 940016-10214544
    [Amount] => 2180
    [JobCd] => CAPTURE
    [action_status] => 1
    [pay_status] => 0
)
 from 50.197.110.3
2019/09/10 21:45:45 [/shop/shopping/load_payment_module.php] SendRequest:https://p01.mul-pay.jp/payment/ExecTran.idPass from 50.197.110.3
2019/09/10 21:45:45 [/shop/shopping/load_payment_module.php] Array
(
    [AccessID] => 901229b64ad8f129cdb83a1be55584d0
    [AccessPass] => ad84bbe4fab4f147147c3c305b8255ee
    [OrderID] => 940016-10214544
    [Method] => 1
    [Token] => 6c493ec8818732671289e016263dc7be0bd13d3388385a5f74a66e6d4e40062c
    [ClientField1] => 
    [ClientField2] => 
    [ClientField3] => EC-CUBE4.3.24
)
 from 50.197.110.3
2019/09/10 21:45:46 [/shop/shopping/load_payment_module.php] ACS=0&OrderID=940016-10214544&Forward=2a99661&Method=1&PayTimes=&Approve=0000011&TranID=1909102145602257210134121718&TranDate=20190910214546&CheckString=f5c5ad2bdc6fdbd8061bc2dbb1ee618c from 50.197.110.3
2019/09/10 21:45:46 [/shop/shopping/load_payment_module.php] Array
(
    [0] => Array
        (
            [ACS] => 0
            [OrderID] => 940016-10214544
            [Forward] => 2a99661
            [Method] => 1
            [PayTimes] => 
            [Approve] => 0000011
            [TranID] => 1909102145602257210134121718
            [TranDate] => 20190910214546
            [CheckString] => f5c5ad2bdc6fdbd8061bc2dbb1ee618c
        )

)
 from 50.197.110.3
2019/09/10 21:45:46 [/shop/shopping/load_payment_module.php] load_payment_module.php set payment data:Array
(
    [ACS] => 0
    [Forward] => 2a99661
    [Method] => 1
    [PayTimes] => 
    [Approve] => 0000011
    [TranID] => 1909102145602257210134121718
    [TranDate] => 20190910214546
    [CheckString] => f5c5ad2bdc6fdbd8061bc2dbb1ee618c
    [Amount] => 2180
    [JobCd] => CAPTURE
    [action_status] => 3
    [pay_status] => 13
)
 from 50.197.110.3
2019/09/10 21:45:46 [/shop/user_data/pg_mulpay_recv.php] ******* receiveer data start ******* from 210.175.7.20
2019/09/10 21:45:46 [/shop/user_data/pg_mulpay_recv.php] Array
(
    [ShopID] => 9000034600950
    [ShopPass] => **********
    [AccessID] => 901229b64ad8f129cdb83a1be55584d0
    [AccessPass] => ********************************
    [OrderID] => 940016-10214544
    [Status] => CAPTURE
    [JobCd] => CAPTURE
    [Amount] => 2180
    [Tax] => 0
    [Currency] => JPN
    [Forward] => 2a99661
    [Method] => 1
    [PayTimes] => 
    [TranID] => 1909102145602257210134121718
    [Approve] => 0000011
    [TranDate] => 20190910214546
    [ErrCode] => 
    [ErrInfo] => 
    [PayType] => 0
)
 from 210.175.7.20
2019/09/10 21:45:46 [/shop/user_data/pg_mulpay_recv.php] ******* receiveer data end ******* from 210.175.7.20
2019/09/10 21:45:51 [/shop/user_data/pg_mulpay_recv.php] update order status:1 order_id=940016 from 210.175.7.20
2019/09/10 21:45:51 [/shop/user_data/pg_mulpay_recv.php] pg_mulpay_recv.php set payment data:Array
(
    [ShopID] => 9000034600950
    [AccessID] => 901229b64ad8f129cdb83a1be55584d0
    [OrderID] => 940016-10214544
    [Status] => CAPTURE
    [JobCd] => CAPTURE
    [Amount] => 2180
    [Tax] => 0
    [Currency] => JPN
    [Forward] => 2a99661
    [Method] => 1
    [PayTimes] => 
    [TranID] => 1909102145602257210134121718
    [Approve] => 0000011
    [TranDate] => 20190910214546
    [ErrCode] => 
    [ErrInfo] => 
    [PayType] => 0
    [CvsCode] => 
    [CvsConfNo] => 
    [CvsReceiptNo] => 
    [EdyReceiptNo] => 
    [EdyOrderNo] => 
    [SuicaReceiptNo] => 
    [SuicaOrderNo] => 
    [CustID] => 
    [BkCode] => 
    [ConfNo] => 
    [PaymentTerm] => 
    [EncryptReceiptNo] => 
    [FinishDate] => 
    [ReceiptDate] => 
    [WebMoneyManagementNo] => 
    [WebMoneySettleCode] => 
    [AuPayInfoNo] => 
    [AuPayMethod] => 
    [AuCancelAmount] => 
    [AuCancelTax] => 
    [DocomoSettlementCode] => 
    [DocomoCancelAmount] => 
    [DocomoCancelTax] => 
    [pay_status] => 13
)
 from 210.175.7.20
2019/09/10 21:45:51 [/shop/user_data/pg_mulpay_recv.php] response:true from 210.175.7.20
2019/09/10 21:50:44 [/shop/shopping/load_payment_module.php] SendRequest:https://p01.mul-pay.jp/payment/EntryTran.idPass from 154.59.142.187
2019/09/10 21:50:44 [/shop/shopping/load_payment_module.php] Array
(
    [ShopID] => 9000034600950
    [ShopPass] => ******
    [OrderID] => 940017-10215044
    [JobCd] => CAPTURE
    [Amount] => 6420
    [TdFlag] => 0
    [TdTenantName] => 
)
 from 154.59.142.187
2019/09/10 21:50:45 [/shop/shopping/load_payment_module.php] AccessID=a308f8ecfc519acc44ac4facfb06f457&AccessPass=3520db9768c62f3cbb8a4bd9bc4ebbcf from 154.59.142.187
2019/09/10 21:50:45 [/shop/shopping/load_payment_module.php] Array
(
    [0] => Array
        (
            [AccessID] => a308f8ecfc519acc44ac4facfb06f457
            [AccessPass] => 3520db9768c62f3cbb8a4bd9bc4ebbcf
        )

)
 from 154.59.142.187
2019/09/10 21:50:45 [/shop/shopping/load_payment_module.php] load_payment_module.php set payment data:Array
(
    [AccessID] => a308f8ecfc519acc44ac4facfb06f457
    [AccessPass] => 3520db9768c62f3cbb8a4bd9bc4ebbcf
    [OrderID] => 940017-10215044
    [Amount] => 6420
    [JobCd] => CAPTURE
    [action_status] => 1
    [pay_status] => 0
)
 from 154.59.142.187
2019/09/10 21:50:45 [/shop/shopping/load_payment_module.php] SendRequest:https://p01.mul-pay.jp/payment/ExecTran.idPass from 154.59.142.187
2019/09/10 21:50:45 [/shop/shopping/load_payment_module.php] Array
(
    [AccessID] => a308f8ecfc519acc44ac4facfb06f457
    [AccessPass] => 3520db9768c62f3cbb8a4bd9bc4ebbcf
    [OrderID] => 940017-10215044
    [Method] => 1
    [Token] => 699050bfcbbabd7b9233a078eda627be60b0cd8bd6b05c1091b22f8c831eda65
    [ClientField1] => 
    [ClientField2] => 
    [ClientField3] => EC-CUBE4.3.24
)
 from 154.59.142.187
2019/09/10 21:50:46 [/shop/shopping/load_payment_module.php] ACS=0&OrderID=940017-10215044&Forward=2959876&Method=1&PayTimes=&Approve=0025494&TranID=1909102150602257210134100428&TranDate=20190910215046&CheckString=9c219d566fed36458550e4407949e66d from 154.59.142.187
2019/09/10 21:50:46 [/shop/shopping/load_payment_module.php] Array
(
    [0] => Array
        (
            [ACS] => 0
            [OrderID] => 940017-10215044
            [Forward] => 2959876
            [Method] => 1
            [PayTimes] => 
            [Approve] => 0025494
            [TranID] => 1909102150602257210134100428
            [TranDate] => 20190910215046
            [CheckString] => 9c219d566fed36458550e4407949e66d
        )

)
 from 154.59.142.187
2019/09/10 21:50:46 [/shop/shopping/load_payment_module.php] load_payment_module.php set payment data:Array
(
    [ACS] => 0
    [Forward] => 2959876
    [Method] => 1
    [PayTimes] => 
    [Approve] => 0025494
    [TranID] => 1909102150602257210134100428
    [TranDate] => 20190910215046
    [CheckString] => 9c219d566fed36458550e4407949e66d
    [Amount] => 6420
    [JobCd] => CAPTURE
    [action_status] => 3
    [pay_status] => 13
)
 from 154.59.142.187
2019/09/10 21:50:46 [/shop/user_data/pg_mulpay_recv.php] ******* receiveer data start ******* from 210.175.7.20
2019/09/10 21:50:46 [/shop/user_data/pg_mulpay_recv.php] Array
(
    [ShopID] => 9000034600950
    [ShopPass] => **********
    [AccessID] => a308f8ecfc519acc44ac4facfb06f457
    [AccessPass] => ********************************
    [OrderID] => 940017-10215044
    [Status] => CAPTURE
    [JobCd] => CAPTURE
    [Amount] => 6420
    [Tax] => 0
    [Currency] => JPN
    [Forward] => 2959876
    [Method] => 1
    [PayTimes] => 
    [TranID] => 1909102150602257210134100428
    [Approve] => 0025494
    [TranDate] => 20190910215046
    [ErrCode] => 
    [ErrInfo] => 
    [PayType] => 0
)
 from 210.175.7.20
2019/09/10 21:50:46 [/shop/user_data/pg_mulpay_recv.php] ******* receiveer data end ******* from 210.175.7.20
2019/09/10 21:50:51 [/shop/user_data/pg_mulpay_recv.php] update order status:1 order_id=940017 from 210.175.7.20
2019/09/10 21:50:51 [/shop/user_data/pg_mulpay_recv.php] pg_mulpay_recv.php set payment data:Array
(
    [ShopID] => 9000034600950
    [AccessID] => a308f8ecfc519acc44ac4facfb06f457
    [OrderID] => 940017-10215044
    [Status] => CAPTURE
    [JobCd] => CAPTURE
    [Amount] => 6420
    [Tax] => 0
    [Currency] => JPN
    [Forward] => 2959876
    [Method] => 1
    [PayTimes] => 
    [TranID] => 1909102150602257210134100428
    [Approve] => 0025494
    [TranDate] => 20190910215046
    [ErrCode] => 
    [ErrInfo] => 
    [PayType] => 0
    [CvsCode] => 
    [CvsConfNo] => 
    [CvsReceiptNo] => 
    [EdyReceiptNo] => 
    [EdyOrderNo] => 
    [SuicaReceiptNo] => 
    [SuicaOrderNo] => 
    [CustID] => 
    [BkCode] => 
    [ConfNo] => 
    [PaymentTerm] => 
    [EncryptReceiptNo] => 
    [FinishDate] => 
    [ReceiptDate] => 
    [WebMoneyManagementNo] => 
    [WebMoneySettleCode] => 
    [AuPayInfoNo] => 
    [AuPayMethod] => 
    [AuCancelAmount] => 
    [AuCancelTax] => 
    [DocomoSettlementCode] => 
    [DocomoCancelAmount] => 
    [DocomoCancelTax] => 
    [pay_status] => 13
)
 from 210.175.7.20
2019/09/10 21:50:51 [/shop/user_data/pg_mulpay_recv.php] response:true from 210.175.7.20
2019/09/10 22:35:22 [/shop/shopping/load_payment_module.php] SendRequest:https://p01.mul-pay.jp/payment/EntryTran.idPass from 62.232.168.172
2019/09/10 22:35:22 [/shop/shopping/load_payment_module.php] Array
(
    [ShopID] => 9000034600950
    [ShopPass] => ******
    [OrderID] => 940018-10223522
    [JobCd] => CAPTURE
    [Amount] => 3780
    [TdFlag] => 0
    [TdTenantName] => 
)
 from 62.232.168.172
2019/09/10 22:35:23 [/shop/shopping/load_payment_module.php] AccessID=69d37bee175497ad51276509ef76c4e9&AccessPass=6c5721cfe36994e111dabf374a32b03a from 62.232.168.172
2019/09/10 22:35:23 [/shop/shopping/load_payment_module.php] Array
(
    [0] => Array
        (
            [AccessID] => 69d37bee175497ad51276509ef76c4e9
            [AccessPass] => 6c5721cfe36994e111dabf374a32b03a
        )

)
 from 62.232.168.172
2019/09/10 22:35:23 [/shop/shopping/load_payment_module.php] load_payment_module.php set payment data:Array
(
    [AccessID] => 69d37bee175497ad51276509ef76c4e9
    [AccessPass] => 6c5721cfe36994e111dabf374a32b03a
    [OrderID] => 940018-10223522
    [Amount] => 3780
    [JobCd] => CAPTURE
    [action_status] => 1
    [pay_status] => 0
)
 from 62.232.168.172
2019/09/10 22:35:23 [/shop/shopping/load_payment_module.php] SendRequest:https://p01.mul-pay.jp/payment/ExecTran.idPass from 62.232.168.172
2019/09/10 22:35:23 [/shop/shopping/load_payment_module.php] Array
(
    [AccessID] => 69d37bee175497ad51276509ef76c4e9
    [AccessPass] => 6c5721cfe36994e111dabf374a32b03a
    [OrderID] => 940018-10223522
    [Method] => 1
    [Token] => 37fc17218c309a309c7d48c8ae5493e3bbfdf3f37a2b3ad432e8c4ea11a2b501
    [ClientField1] => 
    [ClientField2] => 
    [ClientField3] => EC-CUBE4.3.24
)
 from 62.232.168.172
2019/09/10 22:35:24 [/shop/shopping/load_payment_module.php] ACS=0&OrderID=940018-10223522&Forward=2a99661&Method=1&PayTimes=&Approve=0000089&TranID=1909102235602257210134100429&TranDate=20190910223523&CheckString=7a60927c114b1e6cb0f0a65ceba3b39d from 62.232.168.172
2019/09/10 22:35:24 [/shop/shopping/load_payment_module.php] Array
(
    [0] => Array
        (
            [ACS] => 0
            [OrderID] => 940018-10223522
            [Forward] => 2a99661
            [Method] => 1
            [PayTimes] => 
            [Approve] => 0000089
            [TranID] => 1909102235602257210134100429
            [TranDate] => 20190910223523
            [CheckString] => 7a60927c114b1e6cb0f0a65ceba3b39d
        )

)
 from 62.232.168.172
2019/09/10 22:35:24 [/shop/shopping/load_payment_module.php] load_payment_module.php set payment data:Array
(
    [ACS] => 0
    [Forward] => 2a99661
    [Method] => 1
    [PayTimes] => 
    [Approve] => 0000089
    [TranID] => 1909102235602257210134100429
    [TranDate] => 20190910223523
    [CheckString] => 7a60927c114b1e6cb0f0a65ceba3b39d
    [Amount] => 3780
    [JobCd] => CAPTURE
    [action_status] => 3
    [pay_status] => 13
)
 from 62.232.168.172
2019/09/10 22:35:24 [/shop/user_data/pg_mulpay_recv.php] ******* receiveer data start ******* from 210.175.7.20
2019/09/10 22:35:24 [/shop/user_data/pg_mulpay_recv.php] Array
(
    [ShopID] => 9000034600950
    [ShopPass] => **********
    [AccessID] => 69d37bee175497ad51276509ef76c4e9
    [AccessPass] => ********************************
    [OrderID] => 940018-10223522
    [Status] => CAPTURE
    [JobCd] => CAPTURE
    [Amount] => 3780
    [Tax] => 0
    [Currency] => JPN
    [Forward] => 2a99661
    [Method] => 1
    [PayTimes] => 
    [TranID] => 1909102235602257210134100429
    [Approve] => 0000089
    [TranDate] => 20190910223523
    [ErrCode] => 
    [ErrInfo] => 
    [PayType] => 0
)
 from 210.175.7.20
2019/09/10 22:35:24 [/shop/user_data/pg_mulpay_recv.php] ******* receiveer data end ******* from 210.175.7.20
2019/09/10 22:35:29 [/shop/user_data/pg_mulpay_recv.php] update order status:1 order_id=940018 from 210.175.7.20
2019/09/10 22:35:29 [/shop/user_data/pg_mulpay_recv.php] pg_mulpay_recv.php set payment data:Array
(
    [ShopID] => 9000034600950
    [AccessID] => 69d37bee175497ad51276509ef76c4e9
    [OrderID] => 940018-10223522
    [Status] => CAPTURE
    [JobCd] => CAPTURE
    [Amount] => 3780
    [Tax] => 0
    [Currency] => JPN
    [Forward] => 2a99661
    [Method] => 1
    [PayTimes] => 
    [TranID] => 1909102235602257210134100429
    [Approve] => 0000089
    [TranDate] => 20190910223523
    [ErrCode] => 
    [ErrInfo] => 
    [PayType] => 0
    [CvsCode] => 
    [CvsConfNo] => 
    [CvsReceiptNo] => 
    [EdyReceiptNo] => 
    [EdyOrderNo] => 
    [SuicaReceiptNo] => 
    [SuicaOrderNo] => 
    [CustID] => 
    [BkCode] => 
    [ConfNo] => 
    [PaymentTerm] => 
    [EncryptReceiptNo] => 
    [FinishDate] => 
    [ReceiptDate] => 
    [WebMoneyManagementNo] => 
    [WebMoneySettleCode] => 
    [AuPayInfoNo] => 
    [AuPayMethod] => 
    [AuCancelAmount] => 
    [AuCancelTax] => 
    [DocomoSettlementCode] => 
    [DocomoCancelAmount] => 
    [DocomoCancelTax] => 
    [pay_status] => 13
)
 from 210.175.7.20
2019/09/10 22:35:29 [/shop/user_data/pg_mulpay_recv.php] response:true from 210.175.7.20
2019/09/10 23:36:34 [/shop/shopping/load_payment_module.php] SendRequest:https://p01.mul-pay.jp/payment/EntryTran.idPass from 126.208.183.135
2019/09/10 23:36:34 [/shop/shopping/load_payment_module.php] Array
(
    [ShopID] => 9000034600950
    [ShopPass] => ******
    [OrderID] => 940019-10233634
    [JobCd] => CAPTURE
    [Amount] => 5130
    [TdFlag] => 0
    [TdTenantName] => 
)
 from 126.208.183.135
2019/09/10 23:36:34 [/shop/shopping/load_payment_module.php] AccessID=d75ba0bcea78c9443a4737e0cf355dbf&AccessPass=3e720de6881f5cb5c64baeb76aa39722 from 126.208.183.135
2019/09/10 23:36:34 [/shop/shopping/load_payment_module.php] Array
(
    [0] => Array
        (
            [AccessID] => d75ba0bcea78c9443a4737e0cf355dbf
            [AccessPass] => 3e720de6881f5cb5c64baeb76aa39722
        )

)
 from 126.208.183.135
2019/09/10 23:36:34 [/shop/shopping/load_payment_module.php] load_payment_module.php set payment data:Array
(
    [AccessID] => d75ba0bcea78c9443a4737e0cf355dbf
    [AccessPass] => 3e720de6881f5cb5c64baeb76aa39722
    [OrderID] => 940019-10233634
    [Amount] => 5130
    [JobCd] => CAPTURE
    [action_status] => 1
    [pay_status] => 0
)
 from 126.208.183.135
2019/09/10 23:36:34 [/shop/shopping/load_payment_module.php] SendRequest:https://p01.mul-pay.jp/payment/ExecTran.idPass from 126.208.183.135
2019/09/10 23:36:34 [/shop/shopping/load_payment_module.php] Array
(
    [AccessID] => d75ba0bcea78c9443a4737e0cf355dbf
    [AccessPass] => 3e720de6881f5cb5c64baeb76aa39722
    [OrderID] => 940019-10233634
    [Method] => 1
    [Token] => 16da344bc76546a68fcc163cb0e5b841a7d671279f93d966075952e28c7446ec
    [ClientField1] => 
    [ClientField2] => 
    [ClientField3] => EC-CUBE4.3.24
)
 from 126.208.183.135
2019/09/10 23:36:35 [/shop/shopping/load_payment_module.php] ACS=0&OrderID=940019-10233634&Forward=2S49631&Method=1&PayTimes=&Approve=0109224&TranID=1909102336602257210134121719&TranDate=20190910233635&CheckString=af79dcca017fd979c11f6fdd39dcee8c from 126.208.183.135
2019/09/10 23:36:35 [/shop/shopping/load_payment_module.php] Array
(
    [0] => Array
        (
            [ACS] => 0
            [OrderID] => 940019-10233634
            [Forward] => 2S49631
            [Method] => 1
            [PayTimes] => 
            [Approve] => 0109224
            [TranID] => 1909102336602257210134121719
            [TranDate] => 20190910233635
            [CheckString] => af79dcca017fd979c11f6fdd39dcee8c
        )

)
 from 126.208.183.135
2019/09/10 23:36:35 [/shop/shopping/load_payment_module.php] load_payment_module.php set payment data:Array
(
    [ACS] => 0
    [Forward] => 2S49631
    [Method] => 1
    [PayTimes] => 
    [Approve] => 0109224
    [TranID] => 1909102336602257210134121719
    [TranDate] => 20190910233635
    [CheckString] => af79dcca017fd979c11f6fdd39dcee8c
    [Amount] => 5130
    [JobCd] => CAPTURE
    [action_status] => 3
    [pay_status] => 13
)
 from 126.208.183.135
2019/09/10 23:36:35 [/shop/user_data/pg_mulpay_recv.php] ******* receiveer data start ******* from 210.175.7.20
2019/09/10 23:36:35 [/shop/user_data/pg_mulpay_recv.php] Array
(
    [ShopID] => 9000034600950
    [ShopPass] => **********
    [AccessID] => d75ba0bcea78c9443a4737e0cf355dbf
    [AccessPass] => ********************************
    [OrderID] => 940019-10233634
    [Status] => CAPTURE
    [JobCd] => CAPTURE
    [Amount] => 5130
    [Tax] => 0
    [Currency] => JPN
    [Forward] => 2S49631
    [Method] => 1
    [PayTimes] => 
    [TranID] => 1909102336602257210134121719
    [Approve] => 0109224
    [TranDate] => 20190910233635
    [ErrCode] => 
    [ErrInfo] => 
    [PayType] => 0
)
 from 210.175.7.20
2019/09/10 23:36:35 [/shop/user_data/pg_mulpay_recv.php] ******* receiveer data end ******* from 210.175.7.20
2019/09/10 23:36:40 [/shop/user_data/pg_mulpay_recv.php] update order status:1 order_id=940019 from 210.175.7.20
2019/09/10 23:36:40 [/shop/user_data/pg_mulpay_recv.php] pg_mulpay_recv.php set payment data:Array
(
    [ShopID] => 9000034600950
    [AccessID] => d75ba0bcea78c9443a4737e0cf355dbf
    [OrderID] => 940019-10233634
    [Status] => CAPTURE
    [JobCd] => CAPTURE
    [Amount] => 5130
    [Tax] => 0
    [Currency] => JPN
    [Forward] => 2S49631
    [Method] => 1
    [PayTimes] => 
    [TranID] => 1909102336602257210134121719
    [Approve] => 0109224
    [TranDate] => 20190910233635
    [ErrCode] => 
    [ErrInfo] => 
    [PayType] => 0
    [CvsCode] => 
    [CvsConfNo] => 
    [CvsReceiptNo] => 
    [EdyReceiptNo] => 
    [EdyOrderNo] => 
    [SuicaReceiptNo] => 
    [SuicaOrderNo] => 
    [CustID] => 
    [BkCode] => 
    [ConfNo] => 
    [PaymentTerm] => 
    [EncryptReceiptNo] => 
    [FinishDate] => 
    [ReceiptDate] => 
    [WebMoneyManagementNo] => 
    [WebMoneySettleCode] => 
    [AuPayInfoNo] => 
    [AuPayMethod] => 
    [AuCancelAmount] => 
    [AuCancelTax] => 
    [DocomoSettlementCode] => 
    [DocomoCancelAmount] => 
    [DocomoCancelTax] => 
    [pay_status] => 13
)
 from 210.175.7.20
2019/09/10 23:36:40 [/shop/user_data/pg_mulpay_recv.php] response:true from 210.175.7.20
2019/09/10 23:59:02 [/shop/shopping/load_payment_module.php] SendRequest:https://p01.mul-pay.jp/payment/EntryTran.idPass from 179.100.41.96
2019/09/10 23:59:02 [/shop/shopping/load_payment_module.php] Array
(
    [ShopID] => 9000034600950
    [ShopPass] => ******
    [OrderID] => 940020-10235902
    [JobCd] => CAPTURE
    [Amount] => 11370
    [TdFlag] => 0
    [TdTenantName] => 
)
 from 179.100.41.96
2019/09/10 23:59:03 [/shop/shopping/load_payment_module.php] AccessID=7f5de42b1e10e5c71630d678e181c51c&AccessPass=5d5b538bde3fc2963acce6e6c54fb1b4 from 179.100.41.96
2019/09/10 23:59:03 [/shop/shopping/load_payment_module.php] Array
(
    [0] => Array
        (
            [AccessID] => 7f5de42b1e10e5c71630d678e181c51c
            [AccessPass] => 5d5b538bde3fc2963acce6e6c54fb1b4
        )

)
 from 179.100.41.96
2019/09/10 23:59:03 [/shop/shopping/load_payment_module.php] load_payment_module.php set payment data:Array
(
    [AccessID] => 7f5de42b1e10e5c71630d678e181c51c
    [AccessPass] => 5d5b538bde3fc2963acce6e6c54fb1b4
    [OrderID] => 940020-10235902
    [Amount] => 11370
    [JobCd] => CAPTURE
    [action_status] => 1
    [pay_status] => 0
)
 from 179.100.41.96
2019/09/10 23:59:03 [/shop/shopping/load_payment_module.php] SendRequest:https://p01.mul-pay.jp/payment/ExecTran.idPass from 179.100.41.96
2019/09/10 23:59:03 [/shop/shopping/load_payment_module.php] Array
(
    [AccessID] => 7f5de42b1e10e5c71630d678e181c51c
    [AccessPass] => 5d5b538bde3fc2963acce6e6c54fb1b4
    [OrderID] => 940020-10235902
    [Method] => 1
    [Token] => 3cd067ed4f97b0cb23e9f171c8ad2432adbbbe351a331598433033f05df166ee
    [ClientField1] => 
    [ClientField2] => 
    [ClientField3] => EC-CUBE4.3.24
)
 from 179.100.41.96
2019/09/10 23:59:03 [/shop/shopping/load_payment_module.php] ErrCode=G12&ErrInfo=42G120000 from 179.100.41.96
2019/09/10 23:59:03 [/shop/shopping/load_payment_module.php] Array
(
    [0] => Array
        (
            [ErrCode] => G12
            [ErrInfo] => 42G120000
        )

)
 from 179.100.41.96
2019/09/10 23:59:03 [/shop/shopping/load_payment_module.php] load_payment_module.php set payment data:Array
(
    [request_error] => Array
        (
            [0] => このカードでは取引をする事が出来ません。 (G12-42G120000)
        )

    [Amount] => 11370
    [JobCd] => CAPTURE
    [action_status] => 3
)
 from 179.100.41.96
2019/09/10 23:59:04 [/shop/user_data/pg_mulpay_recv.php] ******* receiveer data start ******* from 210.175.7.20
2019/09/10 23:59:04 [/shop/user_data/pg_mulpay_recv.php] Array
(
    [ShopID] => 9000034600950
    [ShopPass] => **********
    [AccessID] => 7f5de42b1e10e5c71630d678e181c51c
    [AccessPass] => ********************************
    [OrderID] => 940020-10235902
    [Status] => UNPROCESSED
    [JobCd] => CAPTURE
    [Amount] => 11370
    [Tax] => 0
    [Currency] => JPN
    [Forward] => 2S49631
    [Method] => 1
    [PayTimes] => 
    [TranID] => 1909102359602257210134121720
    [Approve] =>        
    [TranDate] => 20190910235903
    [ErrCode] => G12
    [ErrInfo] => 42G120000
    [PayType] => 0
)
 from 210.175.7.20
2019/09/10 23:59:04 [/shop/user_data/pg_mulpay_recv.php] ******* receiveer data end ******* from 210.175.7.20
2019/09/10 23:59:04 [/shop/user_data/pg_mulpay_recv.php] pg_mulpay_recv.php set payment data:Array
(
    [ShopID] => 9000034600950
    [AccessID] => 7f5de42b1e10e5c71630d678e181c51c
    [OrderID] => 940020-10235902
    [Status] => UNPROCESSED
    [JobCd] => CAPTURE
    [Amount] => 11370
    [Tax] => 0
    [Currency] => JPN
    [Forward] => 2S49631
    [Method] => 1
    [PayTimes] => 
    [TranID] => 1909102359602257210134121720
    [Approve] => 
    [TranDate] => 20190910235903
    [ErrCode] => G12
    [ErrInfo] => 42G120000
    [PayType] => 0
    [CvsCode] => 
    [CvsConfNo] => 
    [CvsReceiptNo] => 
    [EdyReceiptNo] => 
    [EdyOrderNo] => 
    [SuicaReceiptNo] => 
    [SuicaOrderNo] => 
    [CustID] => 
    [BkCode] => 
    [ConfNo] => 
    [PaymentTerm] => 
    [EncryptReceiptNo] => 
    [FinishDate] => 
    [ReceiptDate] => 
    [WebMoneyManagementNo] => 
    [WebMoneySettleCode] => 
    [AuPayInfoNo] => 
    [AuPayMethod] => 
    [AuCancelAmount] => 
    [AuCancelTax] => 
    [DocomoSettlementCode] => 
    [DocomoCancelAmount] => 
    [DocomoCancelTax] => 
    [pay_status] => 0
)
 from 210.175.7.20
2019/09/10 23:59:04 [/shop/user_data/pg_mulpay_recv.php] response:true from 210.175.7.20
2019/09/10 23:59:31 [/shop/shopping/load_payment_module.php] SendRequest:https://p01.mul-pay.jp/payment/ExecTran.idPass from 179.100.41.96
2019/09/10 23:59:31 [/shop/shopping/load_payment_module.php] Array
(
    [AccessID] => 7f5de42b1e10e5c71630d678e181c51c
    [AccessPass] => 5d5b538bde3fc2963acce6e6c54fb1b4
    [OrderID] => 940020-10235902
    [Method] => 1
    [PayTimes] => 
    [Token] => 348d547afb074a3f75e0f47dbd9e2e64834ef2c59cd1d5b22b616c678fe096bd
    [ClientField1] => 
    [ClientField2] => 
    [ClientField3] => EC-CUBE4.3.24
)
 from 179.100.41.96
2019/09/10 23:59:32 [/shop/shopping/load_payment_module.php] ErrCode=G12&ErrInfo=42G120000 from 179.100.41.96
2019/09/10 23:59:32 [/shop/shopping/load_payment_module.php] Array
(
    [0] => Array
        (
            [ErrCode] => G12
            [ErrInfo] => 42G120000
        )

)
 from 179.100.41.96
2019/09/10 23:59:32 [/shop/shopping/load_payment_module.php] load_payment_module.php set payment data:Array
(
    [request_error] => Array
        (
            [0] => このカードでは取引をする事が出来ません。 (G12-42G120000)
        )

    [Amount] => 11370
    [JobCd] => CAPTURE
    [action_status] => 3
)
 from 179.100.41.96
2019/09/10 23:59:33 [/shop/user_data/pg_mulpay_recv.php] ******* receiveer data start ******* from 210.175.7.20
2019/09/10 23:59:33 [/shop/user_data/pg_mulpay_recv.php] Array
(
    [ShopID] => 9000034600950
    [ShopPass] => **********
    [AccessID] => 7f5de42b1e10e5c71630d678e181c51c
    [AccessPass] => ********************************
    [OrderID] => 940020-10235902
    [Status] => UNPROCESSED
    [JobCd] => CAPTURE
    [Amount] => 11370
    [Tax] => 0
    [Currency] => JPN
    [Forward] => 2S49631
    [Method] => 1
    [PayTimes] => 
    [TranID] => 1909102359602257210134111757
    [Approve] =>        
    [TranDate] => 20190910235932
    [ErrCode] => G12
    [ErrInfo] => 42G120000
    [PayType] => 0
)
 from 210.175.7.20
2019/09/10 23:59:33 [/shop/user_data/pg_mulpay_recv.php] ******* receiveer data end ******* from 210.175.7.20
2019/09/10 23:59:33 [/shop/user_data/pg_mulpay_recv.php] pg_mulpay_recv.php set payment data:Array
(
    [ShopID] => 9000034600950
    [AccessID] => 7f5de42b1e10e5c71630d678e181c51c
    [OrderID] => 940020-10235902
    [Status] => UNPROCESSED
    [JobCd] => CAPTURE
    [Amount] => 11370
    [Tax] => 0
    [Currency] => JPN
    [Forward] => 2S49631
    [Method] => 1
    [PayTimes] => 
    [TranID] => 1909102359602257210134111757
    [Approve] => 
    [TranDate] => 20190910235932
    [ErrCode] => G12
    [ErrInfo] => 42G120000
    [PayType] => 0
    [CvsCode] => 
    [CvsConfNo] => 
    [CvsReceiptNo] => 
    [EdyReceiptNo] => 
    [EdyOrderNo] => 
    [SuicaReceiptNo] => 
    [SuicaOrderNo] => 
    [CustID] => 
    [BkCode] => 
    [ConfNo] => 
    [PaymentTerm] => 
    [EncryptReceiptNo] => 
    [FinishDate] => 
    [ReceiptDate] => 
    [WebMoneyManagementNo] => 
    [WebMoneySettleCode] => 
    [AuPayInfoNo] => 
    [AuPayMethod] => 
    [AuCancelAmount] => 
    [AuCancelTax] => 
    [DocomoSettlementCode] => 
    [DocomoCancelAmount] => 
    [DocomoCancelTax] => 
    [pay_status] => 0
)
 from 210.175.7.20
2019/09/10 23:59:33 [/shop/user_data/pg_mulpay_recv.php] response:true from 210.175.7.20
