2018/09/03 00:55:03 [/shop/shopping/load_payment_module.php] SendRequest:https://p01.mul-pay.jp/payment/SearchMember.idPass from 118.241.250.211
2018/09/03 00:55:03 [/shop/shopping/load_payment_module.php] Array
(
    [SiteID] => mst0000007602
    [SitePass] => ******
    [MemberID] => 7760
)
 from 118.241.250.211
2018/09/03 00:55:03 [/shop/shopping/load_payment_module.php] ErrCode=E01&ErrInfo=E01390002 from 118.241.250.211
2018/09/03 00:55:03 [/shop/shopping/load_payment_module.php] Array
(
    [0] => Array
        (
            [ErrCode] => E01
            [ErrInfo] => E01390002
        )

)
 from 118.241.250.211
2018/09/03 00:55:03 [/shop/shopping/load_payment_module.php] SendRequest:https://p01.mul-pay.jp/payment/SearchCard.idPass from 118.241.250.211
2018/09/03 00:55:03 [/shop/shopping/load_payment_module.php] Array
(
    [SiteID] => mst0000007602
    [SitePass] => ******
    [MemberID] => 7760
)
 from 118.241.250.211
2018/09/03 00:55:03 [/shop/shopping/load_payment_module.php] ErrCode=E01|E01&ErrInfo=E01390002|E01240002 from 118.241.250.211
2018/09/03 00:55:03 [/shop/shopping/load_payment_module.php] Array
(
    [0] => Array
        (
            [ErrCode] => E01
            [ErrInfo] => E01390002
        )

    [1] => Array
        (
            [ErrCode] => E01
            [ErrInfo] => E01240002
        )

)
 from 118.241.250.211
2018/09/03 00:56:48 [/shop/shopping/load_payment_module.php] SendRequest:https://p01.mul-pay.jp/payment/EntryTran.idPass from 96.52.63.120
2018/09/03 00:56:48 [/shop/shopping/load_payment_module.php] Array
(
    [ShopID] => 9000034600950
    [ShopPass] => ******
    [OrderID] => 928887-03005648
    [JobCd] => CAPTURE
    [Amount] => 7920
    [TdFlag] => 0
    [TdTenantName] => 
)
 from 96.52.63.120
2018/09/03 00:56:48 [/shop/shopping/load_payment_module.php] AccessID=fe952cc87321def409be794a24782247&AccessPass=d4b5b24074dddaa99490b40fc0def157 from 96.52.63.120
2018/09/03 00:56:48 [/shop/shopping/load_payment_module.php] Array
(
    [0] => Array
        (
            [AccessID] => fe952cc87321def409be794a24782247
            [AccessPass] => d4b5b24074dddaa99490b40fc0def157
        )

)
 from 96.52.63.120
2018/09/03 00:56:48 [/shop/shopping/load_payment_module.php] load_payment_module.php set payment data:Array
(
    [AccessID] => fe952cc87321def409be794a24782247
    [AccessPass] => d4b5b24074dddaa99490b40fc0def157
    [OrderID] => 928887-03005648
    [Amount] => 7920
    [JobCd] => CAPTURE
    [action_status] => 1
    [pay_status] => 0
)
 from 96.52.63.120
2018/09/03 00:56:48 [/shop/shopping/load_payment_module.php] SendRequest:https://p01.mul-pay.jp/payment/ExecTran.idPass from 96.52.63.120
2018/09/03 00:56:48 [/shop/shopping/load_payment_module.php] Array
(
    [AccessID] => fe952cc87321def409be794a24782247
    [AccessPass] => d4b5b24074dddaa99490b40fc0def157
    [OrderID] => 928887-03005648
    [Method] => 1
    [Token] => fef3a5fd08bdd552dc6d69a58a77fbae864d3dc954bf389522fae03a3d23d76e
    [ClientField1] => 
    [ClientField2] => 
    [ClientField3] => EC-CUBE4.3.24
)
 from 96.52.63.120
2018/09/03 00:56:49 [/shop/shopping/load_payment_module.php] SendRequest:https://p01.mul-pay.jp/payment/SearchMember.idPass from 118.241.250.211
2018/09/03 00:56:49 [/shop/shopping/load_payment_module.php] Array
(
    [SiteID] => mst0000007602
    [SitePass] => ******
    [MemberID] => 7760
)
 from 118.241.250.211
2018/09/03 00:56:49 [/shop/shopping/load_payment_module.php] ErrCode=E01&ErrInfo=E01390002 from 118.241.250.211
2018/09/03 00:56:49 [/shop/shopping/load_payment_module.php] Array
(
    [0] => Array
        (
            [ErrCode] => E01
            [ErrInfo] => E01390002
        )

)
 from 118.241.250.211
2018/09/03 00:56:49 [/shop/shopping/load_payment_module.php] SendRequest:https://p01.mul-pay.jp/payment/SearchCard.idPass from 118.241.250.211
2018/09/03 00:56:49 [/shop/shopping/load_payment_module.php] Array
(
    [SiteID] => mst0000007602
    [SitePass] => ******
    [MemberID] => 7760
)
 from 118.241.250.211
2018/09/03 00:56:49 [/shop/shopping/load_payment_module.php] ErrCode=E01|E01&ErrInfo=E01390002|E01240002 from 118.241.250.211
2018/09/03 00:56:49 [/shop/shopping/load_payment_module.php] Array
(
    [0] => Array
        (
            [ErrCode] => E01
            [ErrInfo] => E01390002
        )

    [1] => Array
        (
            [ErrCode] => E01
            [ErrInfo] => E01240002
        )

)
 from 118.241.250.211
2018/09/03 00:56:49 [/shop/shopping/load_payment_module.php] SendRequest:https://p01.mul-pay.jp/payment/EntryTran.idPass from 118.241.250.211
2018/09/03 00:56:49 [/shop/shopping/load_payment_module.php] Array
(
    [ShopID] => 9000034600950
    [ShopPass] => ******
    [OrderID] => 928886-03005649
    [JobCd] => CAPTURE
    [Amount] => 25820
    [TdFlag] => 0
    [TdTenantName] => 
)
 from 118.241.250.211
2018/09/03 00:56:49 [/shop/shopping/load_payment_module.php] AccessID=a7c99bb63377d13f77bfbab2249def30&AccessPass=e901582e02876bac9b70ad41d92ded79 from 118.241.250.211
2018/09/03 00:56:49 [/shop/shopping/load_payment_module.php] Array
(
    [0] => Array
        (
            [AccessID] => a7c99bb63377d13f77bfbab2249def30
            [AccessPass] => e901582e02876bac9b70ad41d92ded79
        )

)
 from 118.241.250.211
2018/09/03 00:56:49 [/shop/shopping/load_payment_module.php] load_payment_module.php set payment data:Array
(
    [AccessID] => a7c99bb63377d13f77bfbab2249def30
    [AccessPass] => e901582e02876bac9b70ad41d92ded79
    [OrderID] => 928886-03005649
    [Amount] => 25820
    [JobCd] => CAPTURE
    [action_status] => 1
    [pay_status] => 0
)
 from 118.241.250.211
2018/09/03 00:56:49 [/shop/shopping/load_payment_module.php] SendRequest:https://p01.mul-pay.jp/payment/ExecTran.idPass from 118.241.250.211
2018/09/03 00:56:49 [/shop/shopping/load_payment_module.php] Array
(
    [AccessID] => a7c99bb63377d13f77bfbab2249def30
    [AccessPass] => e901582e02876bac9b70ad41d92ded79
    [OrderID] => 928886-03005649
    [Method] => 1
    [Token] => 5d00e2c99aade31aef7d34ac28a10eefe0039281051b049804a382e5a4559b59
    [ClientField1] => 
    [ClientField2] => 
    [ClientField3] => EC-CUBE4.3.24
)
 from 118.241.250.211
2018/09/03 00:56:49 [/shop/shopping/load_payment_module.php] ACS=0&OrderID=928887-03005648&Forward=2S49631&Method=1&PayTimes=&Approve=0094378&TranID=1809030056602257210134117624&TranDate=20180903005649&CheckString=cb393959ce8ad4f29933794015cd3a41 from 96.52.63.120
2018/09/03 00:56:49 [/shop/shopping/load_payment_module.php] Array
(
    [0] => Array
        (
            [ACS] => 0
            [OrderID] => 928887-03005648
            [Forward] => 2S49631
            [Method] => 1
            [PayTimes] => 
            [Approve] => 0094378
            [TranID] => 1809030056602257210134117624
            [TranDate] => 20180903005649
            [CheckString] => cb393959ce8ad4f29933794015cd3a41
        )

)
 from 96.52.63.120
2018/09/03 00:56:49 [/shop/shopping/load_payment_module.php] load_payment_module.php set payment data:Array
(
    [ACS] => 0
    [Forward] => 2S49631
    [Method] => 1
    [PayTimes] => 
    [Approve] => 0094378
    [TranID] => 1809030056602257210134117624
    [TranDate] => 20180903005649
    [CheckString] => cb393959ce8ad4f29933794015cd3a41
    [Amount] => 7920
    [JobCd] => CAPTURE
    [action_status] => 3
    [pay_status] => 13
)
 from 96.52.63.120
2018/09/03 00:56:50 [/shop/shopping/load_payment_module.php] ACS=0&OrderID=928886-03005649&Forward=2S49631&Method=1&PayTimes=&Approve=0542548&TranID=1809030056602257210134127682&TranDate=20180903005650&CheckString=0fcb922452f28a46fe5063582097b7d3 from 118.241.250.211
2018/09/03 00:56:50 [/shop/shopping/load_payment_module.php] Array
(
    [0] => Array
        (
            [ACS] => 0
            [OrderID] => 928886-03005649
            [Forward] => 2S49631
            [Method] => 1
            [PayTimes] => 
            [Approve] => 0542548
            [TranID] => 1809030056602257210134127682
            [TranDate] => 20180903005650
            [CheckString] => 0fcb922452f28a46fe5063582097b7d3
        )

)
 from 118.241.250.211
2018/09/03 00:56:50 [/shop/shopping/load_payment_module.php] load_payment_module.php set payment data:Array
(
    [ACS] => 0
    [Forward] => 2S49631
    [Method] => 1
    [PayTimes] => 
    [Approve] => 0542548
    [TranID] => 1809030056602257210134127682
    [TranDate] => 20180903005650
    [CheckString] => 0fcb922452f28a46fe5063582097b7d3
    [Amount] => 25820
    [JobCd] => CAPTURE
    [action_status] => 3
    [pay_status] => 13
)
 from 118.241.250.211
2018/09/03 01:03:33 [/shop/shopping/load_payment_module.php] SendRequest:https://p01.mul-pay.jp/payment/EntryTran.idPass from 92.5.95.230
2018/09/03 01:03:33 [/shop/shopping/load_payment_module.php] Array
(
    [ShopID] => 9000034600950
    [ShopPass] => ******
    [OrderID] => 928888-03010333
    [JobCd] => CAPTURE
    [Amount] => 8460
    [TdFlag] => 0
    [TdTenantName] => 
)
 from 92.5.95.230
2018/09/03 01:03:34 [/shop/shopping/load_payment_module.php] AccessID=9d93a9bc39cac912550050eeb0f0c332&AccessPass=9a16a66ad1c4b07889f9a7a4b3c8947f from 92.5.95.230
2018/09/03 01:03:34 [/shop/shopping/load_payment_module.php] Array
(
    [0] => Array
        (
            [AccessID] => 9d93a9bc39cac912550050eeb0f0c332
            [AccessPass] => 9a16a66ad1c4b07889f9a7a4b3c8947f
        )

)
 from 92.5.95.230
2018/09/03 01:03:34 [/shop/shopping/load_payment_module.php] load_payment_module.php set payment data:Array
(
    [AccessID] => 9d93a9bc39cac912550050eeb0f0c332
    [AccessPass] => 9a16a66ad1c4b07889f9a7a4b3c8947f
    [OrderID] => 928888-03010333
    [Amount] => 8460
    [JobCd] => CAPTURE
    [action_status] => 1
    [pay_status] => 0
)
 from 92.5.95.230
2018/09/03 01:03:34 [/shop/shopping/load_payment_module.php] SendRequest:https://p01.mul-pay.jp/payment/ExecTran.idPass from 92.5.95.230
2018/09/03 01:03:34 [/shop/shopping/load_payment_module.php] Array
(
    [AccessID] => 9d93a9bc39cac912550050eeb0f0c332
    [AccessPass] => 9a16a66ad1c4b07889f9a7a4b3c8947f
    [OrderID] => 928888-03010333
    [Method] => 1
    [Token] => 8ce67568f51b2652089e021f1e1d7c994552c1026a93170e3d092dbd253a0363
    [ClientField1] => 
    [ClientField2] => 
    [ClientField3] => EC-CUBE4.3.24
)
 from 92.5.95.230
2018/09/03 01:03:35 [/shop/shopping/load_payment_module.php] ACS=0&OrderID=928888-03010333&Forward=2959876&Method=1&PayTimes=&Approve=0319561&TranID=1809030103602257210134127683&TranDate=20180903010335&CheckString=895acec155f970ad09e9c57199b17536 from 92.5.95.230
2018/09/03 01:03:35 [/shop/shopping/load_payment_module.php] Array
(
    [0] => Array
        (
            [ACS] => 0
            [OrderID] => 928888-03010333
            [Forward] => 2959876
            [Method] => 1
            [PayTimes] => 
            [Approve] => 0319561
            [TranID] => 1809030103602257210134127683
            [TranDate] => 20180903010335
            [CheckString] => 895acec155f970ad09e9c57199b17536
        )

)
 from 92.5.95.230
2018/09/03 01:03:35 [/shop/shopping/load_payment_module.php] load_payment_module.php set payment data:Array
(
    [ACS] => 0
    [Forward] => 2959876
    [Method] => 1
    [PayTimes] => 
    [Approve] => 0319561
    [TranID] => 1809030103602257210134127683
    [TranDate] => 20180903010335
    [CheckString] => 895acec155f970ad09e9c57199b17536
    [Amount] => 8460
    [JobCd] => CAPTURE
    [action_status] => 3
    [pay_status] => 13
)
 from 92.5.95.230
2018/09/03 01:39:43 [/shop/shopping/load_payment_module.php] SendRequest:https://p01.mul-pay.jp/payment/EntryTran.idPass from 37.37.118.175
2018/09/03 01:39:43 [/shop/shopping/load_payment_module.php] Array
(
    [ShopID] => 9000034600950
    [ShopPass] => ******
    [OrderID] => 928889-03013943
    [JobCd] => CAPTURE
    [Amount] => 17560
    [TdFlag] => 0
    [TdTenantName] => 
)
 from 37.37.118.175
2018/09/03 01:39:43 [/shop/shopping/load_payment_module.php] AccessID=fad145e8b1f35ab464aaa7ae2c80bf86&AccessPass=574aeefa4dd2a9387ad88b9bc2023805 from 37.37.118.175
2018/09/03 01:39:43 [/shop/shopping/load_payment_module.php] Array
(
    [0] => Array
        (
            [AccessID] => fad145e8b1f35ab464aaa7ae2c80bf86
            [AccessPass] => 574aeefa4dd2a9387ad88b9bc2023805
        )

)
 from 37.37.118.175
2018/09/03 01:39:43 [/shop/shopping/load_payment_module.php] load_payment_module.php set payment data:Array
(
    [AccessID] => fad145e8b1f35ab464aaa7ae2c80bf86
    [AccessPass] => 574aeefa4dd2a9387ad88b9bc2023805
    [OrderID] => 928889-03013943
    [Amount] => 17560
    [JobCd] => CAPTURE
    [action_status] => 1
    [pay_status] => 0
)
 from 37.37.118.175
2018/09/03 01:39:43 [/shop/shopping/load_payment_module.php] SendRequest:https://p01.mul-pay.jp/payment/ExecTran.idPass from 37.37.118.175
2018/09/03 01:39:43 [/shop/shopping/load_payment_module.php] Array
(
    [AccessID] => fad145e8b1f35ab464aaa7ae2c80bf86
    [AccessPass] => 574aeefa4dd2a9387ad88b9bc2023805
    [OrderID] => 928889-03013943
    [Method] => 1
    [Token] => 921bf010fefa321633f94e8ededea958f89fee60a39f714d5b9bc70731220524
    [ClientField1] => 
    [ClientField2] => 
    [ClientField3] => EC-CUBE4.3.24
)
 from 37.37.118.175
2018/09/03 01:39:44 [/shop/shopping/load_payment_module.php] ACS=0&OrderID=928889-03013943&Forward=2S49631&Method=1&PayTimes=&Approve=0828178&TranID=1809030139602257210134127684&TranDate=20180903013944&CheckString=9792695d935cc59d1879223044208374 from 37.37.118.175
2018/09/03 01:39:44 [/shop/shopping/load_payment_module.php] Array
(
    [0] => Array
        (
            [ACS] => 0
            [OrderID] => 928889-03013943
            [Forward] => 2S49631
            [Method] => 1
            [PayTimes] => 
            [Approve] => 0828178
            [TranID] => 1809030139602257210134127684
            [TranDate] => 20180903013944
            [CheckString] => 9792695d935cc59d1879223044208374
        )

)
 from 37.37.118.175
2018/09/03 01:39:44 [/shop/shopping/load_payment_module.php] load_payment_module.php set payment data:Array
(
    [ACS] => 0
    [Forward] => 2S49631
    [Method] => 1
    [PayTimes] => 
    [Approve] => 0828178
    [TranID] => 1809030139602257210134127684
    [TranDate] => 20180903013944
    [CheckString] => 9792695d935cc59d1879223044208374
    [Amount] => 17560
    [JobCd] => CAPTURE
    [action_status] => 3
    [pay_status] => 13
)
 from 37.37.118.175
2018/09/03 04:00:07 [/shop/shopping/load_payment_module.php] SendRequest:https://p01.mul-pay.jp/payment/EntryTran.idPass from 5.244.154.15
2018/09/03 04:00:07 [/shop/shopping/load_payment_module.php] Array
(
    [ShopID] => 9000034600950
    [ShopPass] => ******
    [OrderID] => 928890-03040007
    [JobCd] => CAPTURE
    [Amount] => 6750
    [TdFlag] => 0
    [TdTenantName] => 
)
 from 5.244.154.15
2018/09/03 04:00:07 [/shop/shopping/load_payment_module.php] AccessID=26dcd3387c19b19690b2539f257d5207&AccessPass=2a5d56907ec470d3e6e39d9d066ec65d from 5.244.154.15
2018/09/03 04:00:07 [/shop/shopping/load_payment_module.php] Array
(
    [0] => Array
        (
            [AccessID] => 26dcd3387c19b19690b2539f257d5207
            [AccessPass] => 2a5d56907ec470d3e6e39d9d066ec65d
        )

)
 from 5.244.154.15
2018/09/03 04:00:07 [/shop/shopping/load_payment_module.php] load_payment_module.php set payment data:Array
(
    [AccessID] => 26dcd3387c19b19690b2539f257d5207
    [AccessPass] => 2a5d56907ec470d3e6e39d9d066ec65d
    [OrderID] => 928890-03040007
    [Amount] => 6750
    [JobCd] => CAPTURE
    [action_status] => 1
    [pay_status] => 0
)
 from 5.244.154.15
2018/09/03 04:00:07 [/shop/shopping/load_payment_module.php] SendRequest:https://p01.mul-pay.jp/payment/ExecTran.idPass from 5.244.154.15
2018/09/03 04:00:07 [/shop/shopping/load_payment_module.php] Array
(
    [AccessID] => 26dcd3387c19b19690b2539f257d5207
    [AccessPass] => 2a5d56907ec470d3e6e39d9d066ec65d
    [OrderID] => 928890-03040007
    [Method] => 1
    [Token] => 5e40bea93998a5746cc7fb8fd884ad1e09752197d1fe15bab5442f1aa91b69de
    [ClientField1] => 
    [ClientField2] => 
    [ClientField3] => EC-CUBE4.3.24
)
 from 5.244.154.15
2018/09/03 04:00:08 [/shop/shopping/load_payment_module.php] ACS=0&OrderID=928890-03040007&Forward=2S49631&Method=1&PayTimes=&Approve=0035455&TranID=1809030400602257210134137622&TranDate=20180903040008&CheckString=f2229b12ede7d47f9b08bc529df13ae9 from 5.244.154.15
2018/09/03 04:00:08 [/shop/shopping/load_payment_module.php] Array
(
    [0] => Array
        (
            [ACS] => 0
            [OrderID] => 928890-03040007
            [Forward] => 2S49631
            [Method] => 1
            [PayTimes] => 
            [Approve] => 0035455
            [TranID] => 1809030400602257210134137622
            [TranDate] => 20180903040008
            [CheckString] => f2229b12ede7d47f9b08bc529df13ae9
        )

)
 from 5.244.154.15
2018/09/03 04:00:08 [/shop/shopping/load_payment_module.php] load_payment_module.php set payment data:Array
(
    [ACS] => 0
    [Forward] => 2S49631
    [Method] => 1
    [PayTimes] => 
    [Approve] => 0035455
    [TranID] => 1809030400602257210134137622
    [TranDate] => 20180903040008
    [CheckString] => f2229b12ede7d47f9b08bc529df13ae9
    [Amount] => 6750
    [JobCd] => CAPTURE
    [action_status] => 3
    [pay_status] => 13
)
 from 5.244.154.15
2018/09/03 08:11:52 [/shop/shopping/load_payment_module.php] SendRequest:https://p01.mul-pay.jp/payment/SearchMember.idPass from 148.76.43.71
2018/09/03 08:11:52 [/shop/shopping/load_payment_module.php] Array
(
    [SiteID] => mst0000007602
    [SitePass] => ******
    [MemberID] => 7761
)
 from 148.76.43.71
2018/09/03 08:11:52 [/shop/shopping/load_payment_module.php] ErrCode=E01&ErrInfo=E01390002 from 148.76.43.71
2018/09/03 08:11:52 [/shop/shopping/load_payment_module.php] Array
(
    [0] => Array
        (
            [ErrCode] => E01
            [ErrInfo] => E01390002
        )

)
 from 148.76.43.71
2018/09/03 08:11:52 [/shop/shopping/load_payment_module.php] SendRequest:https://p01.mul-pay.jp/payment/SearchCard.idPass from 148.76.43.71
2018/09/03 08:11:52 [/shop/shopping/load_payment_module.php] Array
(
    [SiteID] => mst0000007602
    [SitePass] => ******
    [MemberID] => 7761
)
 from 148.76.43.71
2018/09/03 08:11:52 [/shop/shopping/load_payment_module.php] ErrCode=E01|E01&ErrInfo=E01390002|E01240002 from 148.76.43.71
2018/09/03 08:11:52 [/shop/shopping/load_payment_module.php] Array
(
    [0] => Array
        (
            [ErrCode] => E01
            [ErrInfo] => E01390002
        )

    [1] => Array
        (
            [ErrCode] => E01
            [ErrInfo] => E01240002
        )

)
 from 148.76.43.71
2018/09/03 08:22:34 [/shop/shopping/load_payment_module.php] SendRequest:https://p01.mul-pay.jp/payment/SearchMember.idPass from 148.76.43.71
2018/09/03 08:22:34 [/shop/shopping/load_payment_module.php] Array
(
    [SiteID] => mst0000007602
    [SitePass] => ******
    [MemberID] => 7761
)
 from 148.76.43.71
2018/09/03 08:22:34 [/shop/shopping/load_payment_module.php] ErrCode=E01&ErrInfo=E01390002 from 148.76.43.71
2018/09/03 08:22:34 [/shop/shopping/load_payment_module.php] Array
(
    [0] => Array
        (
            [ErrCode] => E01
            [ErrInfo] => E01390002
        )

)
 from 148.76.43.71
2018/09/03 08:22:34 [/shop/shopping/load_payment_module.php] SendRequest:https://p01.mul-pay.jp/payment/SearchCard.idPass from 148.76.43.71
2018/09/03 08:22:34 [/shop/shopping/load_payment_module.php] Array
(
    [SiteID] => mst0000007602
    [SitePass] => ******
    [MemberID] => 7761
)
 from 148.76.43.71
2018/09/03 08:22:34 [/shop/shopping/load_payment_module.php] ErrCode=E01|E01&ErrInfo=E01390002|E01240002 from 148.76.43.71
2018/09/03 08:22:34 [/shop/shopping/load_payment_module.php] Array
(
    [0] => Array
        (
            [ErrCode] => E01
            [ErrInfo] => E01390002
        )

    [1] => Array
        (
            [ErrCode] => E01
            [ErrInfo] => E01240002
        )

)
 from 148.76.43.71
2018/09/03 08:23:16 [/shop/shopping/load_payment_module.php] SendRequest:https://p01.mul-pay.jp/payment/SearchMember.idPass from 148.76.43.71
2018/09/03 08:23:16 [/shop/shopping/load_payment_module.php] Array
(
    [SiteID] => mst0000007602
    [SitePass] => ******
    [MemberID] => 7761
)
 from 148.76.43.71
2018/09/03 08:23:16 [/shop/shopping/load_payment_module.php] ErrCode=E01&ErrInfo=E01390002 from 148.76.43.71
2018/09/03 08:23:16 [/shop/shopping/load_payment_module.php] Array
(
    [0] => Array
        (
            [ErrCode] => E01
            [ErrInfo] => E01390002
        )

)
 from 148.76.43.71
2018/09/03 08:23:16 [/shop/shopping/load_payment_module.php] SendRequest:https://p01.mul-pay.jp/payment/SearchCard.idPass from 148.76.43.71
2018/09/03 08:23:16 [/shop/shopping/load_payment_module.php] Array
(
    [SiteID] => mst0000007602
    [SitePass] => ******
    [MemberID] => 7761
)
 from 148.76.43.71
2018/09/03 08:23:16 [/shop/shopping/load_payment_module.php] ErrCode=E01|E01&ErrInfo=E01390002|E01240002 from 148.76.43.71
2018/09/03 08:23:16 [/shop/shopping/load_payment_module.php] Array
(
    [0] => Array
        (
            [ErrCode] => E01
            [ErrInfo] => E01390002
        )

    [1] => Array
        (
            [ErrCode] => E01
            [ErrInfo] => E01240002
        )

)
 from 148.76.43.71
2018/09/03 08:26:38 [/shop/shopping/load_payment_module.php] SendRequest:https://p01.mul-pay.jp/payment/SearchMember.idPass from 148.76.43.71
2018/09/03 08:26:38 [/shop/shopping/load_payment_module.php] Array
(
    [SiteID] => mst0000007602
    [SitePass] => ******
    [MemberID] => 7761
)
 from 148.76.43.71
2018/09/03 08:26:38 [/shop/shopping/load_payment_module.php] ErrCode=E01&ErrInfo=E01390002 from 148.76.43.71
2018/09/03 08:26:38 [/shop/shopping/load_payment_module.php] Array
(
    [0] => Array
        (
            [ErrCode] => E01
            [ErrInfo] => E01390002
        )

)
 from 148.76.43.71
2018/09/03 08:26:38 [/shop/shopping/load_payment_module.php] SendRequest:https://p01.mul-pay.jp/payment/SearchCard.idPass from 148.76.43.71
2018/09/03 08:26:38 [/shop/shopping/load_payment_module.php] Array
(
    [SiteID] => mst0000007602
    [SitePass] => ******
    [MemberID] => 7761
)
 from 148.76.43.71
2018/09/03 08:26:38 [/shop/shopping/load_payment_module.php] ErrCode=E01|E01&ErrInfo=E01390002|E01240002 from 148.76.43.71
2018/09/03 08:26:38 [/shop/shopping/load_payment_module.php] Array
(
    [0] => Array
        (
            [ErrCode] => E01
            [ErrInfo] => E01390002
        )

    [1] => Array
        (
            [ErrCode] => E01
            [ErrInfo] => E01240002
        )

)
 from 148.76.43.71
2018/09/03 08:26:38 [/shop/shopping/load_payment_module.php] SendRequest:https://p01.mul-pay.jp/payment/EntryTran.idPass from 148.76.43.71
2018/09/03 08:26:38 [/shop/shopping/load_payment_module.php] Array
(
    [ShopID] => 9000034600950
    [ShopPass] => ******
    [OrderID] => 928892-03082638
    [JobCd] => CAPTURE
    [Amount] => 7020
    [TdFlag] => 0
    [TdTenantName] => 
)
 from 148.76.43.71
2018/09/03 08:26:39 [/shop/shopping/load_payment_module.php] AccessID=7c2baf8a3a503d9f1cccc98fddf2690c&AccessPass=4dd69ac6be3fea9a3699cba1d2c27338 from 148.76.43.71
2018/09/03 08:26:39 [/shop/shopping/load_payment_module.php] Array
(
    [0] => Array
        (
            [AccessID] => 7c2baf8a3a503d9f1cccc98fddf2690c
            [AccessPass] => 4dd69ac6be3fea9a3699cba1d2c27338
        )

)
 from 148.76.43.71
2018/09/03 08:26:39 [/shop/shopping/load_payment_module.php] load_payment_module.php set payment data:Array
(
    [AccessID] => 7c2baf8a3a503d9f1cccc98fddf2690c
    [AccessPass] => 4dd69ac6be3fea9a3699cba1d2c27338
    [OrderID] => 928892-03082638
    [Amount] => 7020
    [JobCd] => CAPTURE
    [action_status] => 1
    [pay_status] => 0
)
 from 148.76.43.71
2018/09/03 08:26:39 [/shop/shopping/load_payment_module.php] SendRequest:https://p01.mul-pay.jp/payment/ExecTran.idPass from 148.76.43.71
2018/09/03 08:26:39 [/shop/shopping/load_payment_module.php] Array
(
    [AccessID] => 7c2baf8a3a503d9f1cccc98fddf2690c
    [AccessPass] => 4dd69ac6be3fea9a3699cba1d2c27338
    [OrderID] => 928892-03082638
    [Method] => 1
    [Token] => 2f0fdafbc34b18b4225963bab7c30ca6732850db6e3d6373d3664f2726ea6847
    [ClientField1] => 
    [ClientField2] => 
    [ClientField3] => EC-CUBE4.3.24
)
 from 148.76.43.71
2018/09/03 08:26:40 [/shop/shopping/load_payment_module.php] ACS=0&OrderID=928892-03082638&Forward=2959876&Method=1&PayTimes=&Approve=0200190&TranID=1809030826602257210134117625&TranDate=20180903082640&CheckString=99c00fc811a52263620bf35339020b47 from 148.76.43.71
2018/09/03 08:26:40 [/shop/shopping/load_payment_module.php] Array
(
    [0] => Array
        (
            [ACS] => 0
            [OrderID] => 928892-03082638
            [Forward] => 2959876
            [Method] => 1
            [PayTimes] => 
            [Approve] => 0200190
            [TranID] => 1809030826602257210134117625
            [TranDate] => 20180903082640
            [CheckString] => 99c00fc811a52263620bf35339020b47
        )

)
 from 148.76.43.71
2018/09/03 08:26:40 [/shop/shopping/load_payment_module.php] load_payment_module.php set payment data:Array
(
    [ACS] => 0
    [Forward] => 2959876
    [Method] => 1
    [PayTimes] => 
    [Approve] => 0200190
    [TranID] => 1809030826602257210134117625
    [TranDate] => 20180903082640
    [CheckString] => 99c00fc811a52263620bf35339020b47
    [Amount] => 7020
    [JobCd] => CAPTURE
    [action_status] => 3
    [pay_status] => 13
)
 from 148.76.43.71
2018/09/03 08:31:18 [/shop/shopping/load_payment_module.php] SendRequest:https://p01.mul-pay.jp/payment/SearchMember.idPass from 126.170.78.146
2018/09/03 08:31:18 [/shop/shopping/load_payment_module.php] Array
(
    [SiteID] => mst0000007602
    [SitePass] => ******
    [MemberID] => 7691
)
 from 126.170.78.146
2018/09/03 08:31:18 [/shop/shopping/load_payment_module.php] ErrCode=E01&ErrInfo=E01390002 from 126.170.78.146
2018/09/03 08:31:18 [/shop/shopping/load_payment_module.php] Array
(
    [0] => Array
        (
            [ErrCode] => E01
            [ErrInfo] => E01390002
        )

)
 from 126.170.78.146
2018/09/03 08:31:18 [/shop/shopping/load_payment_module.php] SendRequest:https://p01.mul-pay.jp/payment/SearchCard.idPass from 126.170.78.146
2018/09/03 08:31:18 [/shop/shopping/load_payment_module.php] Array
(
    [SiteID] => mst0000007602
    [SitePass] => ******
    [MemberID] => 7691
)
 from 126.170.78.146
2018/09/03 08:31:18 [/shop/shopping/load_payment_module.php] ErrCode=E01|E01&ErrInfo=E01390002|E01240002 from 126.170.78.146
2018/09/03 08:31:18 [/shop/shopping/load_payment_module.php] Array
(
    [0] => Array
        (
            [ErrCode] => E01
            [ErrInfo] => E01390002
        )

    [1] => Array
        (
            [ErrCode] => E01
            [ErrInfo] => E01240002
        )

)
 from 126.170.78.146
2018/09/03 08:31:25 [/shop/shopping/load_payment_module.php] SendRequest:https://p01.mul-pay.jp/payment/SearchMember.idPass from 126.170.78.146
2018/09/03 08:31:25 [/shop/shopping/load_payment_module.php] Array
(
    [SiteID] => mst0000007602
    [SitePass] => ******
    [MemberID] => 7691
)
 from 126.170.78.146
2018/09/03 08:31:25 [/shop/shopping/load_payment_module.php] ErrCode=E01&ErrInfo=E01390002 from 126.170.78.146
2018/09/03 08:31:25 [/shop/shopping/load_payment_module.php] Array
(
    [0] => Array
        (
            [ErrCode] => E01
            [ErrInfo] => E01390002
        )

)
 from 126.170.78.146
2018/09/03 08:31:25 [/shop/shopping/load_payment_module.php] SendRequest:https://p01.mul-pay.jp/payment/SearchCard.idPass from 126.170.78.146
2018/09/03 08:31:25 [/shop/shopping/load_payment_module.php] Array
(
    [SiteID] => mst0000007602
    [SitePass] => ******
    [MemberID] => 7691
)
 from 126.170.78.146
2018/09/03 08:31:25 [/shop/shopping/load_payment_module.php] ErrCode=E01|E01&ErrInfo=E01390002|E01240002 from 126.170.78.146
2018/09/03 08:31:25 [/shop/shopping/load_payment_module.php] Array
(
    [0] => Array
        (
            [ErrCode] => E01
            [ErrInfo] => E01390002
        )

    [1] => Array
        (
            [ErrCode] => E01
            [ErrInfo] => E01240002
        )

)
 from 126.170.78.146
2018/09/03 08:31:25 [/shop/shopping/load_payment_module.php] SendRequest:https://p01.mul-pay.jp/payment/EntryTran.idPass from 126.170.78.146
2018/09/03 08:31:25 [/shop/shopping/load_payment_module.php] Array
(
    [ShopID] => 9000034600950
    [ShopPass] => ******
    [OrderID] => 928893-03083125
    [JobCd] => CAPTURE
    [Amount] => 17300
    [TdFlag] => 0
    [TdTenantName] => 
)
 from 126.170.78.146
2018/09/03 08:31:25 [/shop/shopping/load_payment_module.php] AccessID=635783478a13f3039a34f06f8bac8b20&AccessPass=ef2ef36a3261f85f7289c9aa30e08342 from 126.170.78.146
2018/09/03 08:31:25 [/shop/shopping/load_payment_module.php] Array
(
    [0] => Array
        (
            [AccessID] => 635783478a13f3039a34f06f8bac8b20
            [AccessPass] => ef2ef36a3261f85f7289c9aa30e08342
        )

)
 from 126.170.78.146
2018/09/03 08:31:25 [/shop/shopping/load_payment_module.php] load_payment_module.php set payment data:Array
(
    [AccessID] => 635783478a13f3039a34f06f8bac8b20
    [AccessPass] => ef2ef36a3261f85f7289c9aa30e08342
    [OrderID] => 928893-03083125
    [Amount] => 17300
    [JobCd] => CAPTURE
    [action_status] => 1
    [pay_status] => 0
)
 from 126.170.78.146
2018/09/03 08:31:25 [/shop/shopping/load_payment_module.php] SendRequest:https://p01.mul-pay.jp/payment/ExecTran.idPass from 126.170.78.146
2018/09/03 08:31:25 [/shop/shopping/load_payment_module.php] Array
(
    [AccessID] => 635783478a13f3039a34f06f8bac8b20
    [AccessPass] => ef2ef36a3261f85f7289c9aa30e08342
    [OrderID] => 928893-03083125
    [Method] => 1
    [Token] => 000768ce9fc589d283dbad18d03af32a2ed450e6305d5a7e710c0925512e8fdd
    [ClientField1] => 
    [ClientField2] => 
    [ClientField3] => EC-CUBE4.3.24
)
 from 126.170.78.146
2018/09/03 08:31:26 [/shop/shopping/load_payment_module.php] ACS=0&OrderID=928893-03083125&Forward=2S49631&Method=1&PayTimes=&Approve=0416121&TranID=1809030831602257210134127685&TranDate=20180903083126&CheckString=6c69bc38309f49fb378bf27c8fe9c641 from 126.170.78.146
2018/09/03 08:31:26 [/shop/shopping/load_payment_module.php] Array
(
    [0] => Array
        (
            [ACS] => 0
            [OrderID] => 928893-03083125
            [Forward] => 2S49631
            [Method] => 1
            [PayTimes] => 
            [Approve] => 0416121
            [TranID] => 1809030831602257210134127685
            [TranDate] => 20180903083126
            [CheckString] => 6c69bc38309f49fb378bf27c8fe9c641
        )

)
 from 126.170.78.146
2018/09/03 08:31:26 [/shop/shopping/load_payment_module.php] load_payment_module.php set payment data:Array
(
    [ACS] => 0
    [Forward] => 2S49631
    [Method] => 1
    [PayTimes] => 
    [Approve] => 0416121
    [TranID] => 1809030831602257210134127685
    [TranDate] => 20180903083126
    [CheckString] => 6c69bc38309f49fb378bf27c8fe9c641
    [Amount] => 17300
    [JobCd] => CAPTURE
    [action_status] => 3
    [pay_status] => 13
)
 from 126.170.78.146
2018/09/03 09:18:40 [/shop/shopping/load_payment_module.php] SendRequest:https://p01.mul-pay.jp/payment/EntryTran.idPass from 58.107.6.172
2018/09/03 09:18:40 [/shop/shopping/load_payment_module.php] Array
(
    [ShopID] => 9000034600950
    [ShopPass] => ******
    [OrderID] => 928894-03091840
    [JobCd] => CAPTURE
    [Amount] => 5220
    [TdFlag] => 0
    [TdTenantName] => 
)
 from 58.107.6.172
2018/09/03 09:18:40 [/shop/shopping/load_payment_module.php] AccessID=6a37ad6f3b1a5353de183b3458a39671&AccessPass=791ea8f4bf0fe1362bb1b7995a4225f7 from 58.107.6.172
2018/09/03 09:18:40 [/shop/shopping/load_payment_module.php] Array
(
    [0] => Array
        (
            [AccessID] => 6a37ad6f3b1a5353de183b3458a39671
            [AccessPass] => 791ea8f4bf0fe1362bb1b7995a4225f7
        )

)
 from 58.107.6.172
2018/09/03 09:18:40 [/shop/shopping/load_payment_module.php] load_payment_module.php set payment data:Array
(
    [AccessID] => 6a37ad6f3b1a5353de183b3458a39671
    [AccessPass] => 791ea8f4bf0fe1362bb1b7995a4225f7
    [OrderID] => 928894-03091840
    [Amount] => 5220
    [JobCd] => CAPTURE
    [action_status] => 1
    [pay_status] => 0
)
 from 58.107.6.172
2018/09/03 09:18:41 [/shop/shopping/load_payment_module.php] SendRequest:https://p01.mul-pay.jp/payment/ExecTran.idPass from 58.107.6.172
2018/09/03 09:18:41 [/shop/shopping/load_payment_module.php] Array
(
    [AccessID] => 6a37ad6f3b1a5353de183b3458a39671
    [AccessPass] => 791ea8f4bf0fe1362bb1b7995a4225f7
    [OrderID] => 928894-03091840
    [Method] => 1
    [Token] => 2257ee104ff08d028d77bd145deb32458c586f40a0d4deab5d5ff00874dbddb1
    [ClientField1] => 
    [ClientField2] => 
    [ClientField3] => EC-CUBE4.3.24
)
 from 58.107.6.172
2018/09/03 09:18:42 [/shop/shopping/load_payment_module.php] ACS=0&OrderID=928894-03091840&Forward=2S49631&Method=1&PayTimes=&Approve=0082587&TranID=1809030918602257210134137623&TranDate=20180903091842&CheckString=1b3192e3db2fec45c0b6f24dff75404f from 58.107.6.172
2018/09/03 09:18:42 [/shop/shopping/load_payment_module.php] Array
(
    [0] => Array
        (
            [ACS] => 0
            [OrderID] => 928894-03091840
            [Forward] => 2S49631
            [Method] => 1
            [PayTimes] => 
            [Approve] => 0082587
            [TranID] => 1809030918602257210134137623
            [TranDate] => 20180903091842
            [CheckString] => 1b3192e3db2fec45c0b6f24dff75404f
        )

)
 from 58.107.6.172
2018/09/03 09:18:42 [/shop/shopping/load_payment_module.php] load_payment_module.php set payment data:Array
(
    [ACS] => 0
    [Forward] => 2S49631
    [Method] => 1
    [PayTimes] => 
    [Approve] => 0082587
    [TranID] => 1809030918602257210134137623
    [TranDate] => 20180903091842
    [CheckString] => 1b3192e3db2fec45c0b6f24dff75404f
    [Amount] => 5220
    [JobCd] => CAPTURE
    [action_status] => 3
    [pay_status] => 13
)
 from 58.107.6.172
2018/09/03 10:01:56 [/shop/admin/order/edit.php] edit.php set payment data:Array
(
    [no_update_status_flg] => 1
)
 from 153.142.16.212
2018/09/03 10:01:56 [/shop/admin/order/edit.php] SendRequest:https://p01.mul-pay.jp/payment/ChangeTran.idPass from 153.142.16.212
2018/09/03 10:01:56 [/shop/admin/order/edit.php] Array
(
    [ShopID] => 9000034600950
    [ShopPass] => ******
    [AccessID] => 5c424ef425a1b885cc91cd96c7a212ea
    [AccessPass] => 17689f1bda8a8a57d57610defa7fe429
    [JobCd] => CAPTURE
    [Amount] => 13490
)
 from 153.142.16.212
2018/09/03 10:01:58 [/shop/admin/order/edit.php] AccessID=5c424ef425a1b885cc91cd96c7a212ea&AccessPass=17689f1bda8a8a57d57610defa7fe429&Forward=2S49631&Approve=0002152&TranID=1809031001602257210134137624&TranDate=20180903100157 from 153.142.16.212
2018/09/03 10:01:58 [/shop/admin/order/edit.php] Array
(
    [0] => Array
        (
            [AccessID] => 5c424ef425a1b885cc91cd96c7a212ea
            [AccessPass] => 17689f1bda8a8a57d57610defa7fe429
            [Forward] => 2S49631
            [Approve] => 0002152
            [TranID] => 1809031001602257210134137624
            [TranDate] => 20180903100157
        )

)
 from 153.142.16.212
2018/09/03 10:01:58 [/shop/admin/order/edit.php] edit.php set payment data:Array
(
    [AccessID] => 5c424ef425a1b885cc91cd96c7a212ea
    [AccessPass] => 17689f1bda8a8a57d57610defa7fe429
    [Forward] => 2S49631
    [Approve] => 0002152
    [TranID] => 1809031001602257210134137624
    [TranDate] => 20180903100157
    [action_status] => 6
    [pay_status] => 13
    [JobCd] => CAPTURE
    [Amount] => 13490
)
 from 153.142.16.212
2018/09/03 10:54:58 [/shop/shopping/load_payment_module.php] SendRequest:https://p01.mul-pay.jp/payment/SearchMember.idPass from 202.62.19.210
2018/09/03 10:54:58 [/shop/shopping/load_payment_module.php] Array
(
    [SiteID] => mst0000007602
    [SitePass] => ******
    [MemberID] => 3541
)
 from 202.62.19.210
2018/09/03 10:54:58 [/shop/shopping/load_payment_module.php] ErrCode=E01&ErrInfo=E01390002 from 202.62.19.210
2018/09/03 10:54:58 [/shop/shopping/load_payment_module.php] Array
(
    [0] => Array
        (
            [ErrCode] => E01
            [ErrInfo] => E01390002
        )

)
 from 202.62.19.210
2018/09/03 10:54:58 [/shop/shopping/load_payment_module.php] SendRequest:https://p01.mul-pay.jp/payment/SearchCard.idPass from 202.62.19.210
2018/09/03 10:54:58 [/shop/shopping/load_payment_module.php] Array
(
    [SiteID] => mst0000007602
    [SitePass] => ******
    [MemberID] => 3541
)
 from 202.62.19.210
2018/09/03 10:54:58 [/shop/shopping/load_payment_module.php] ErrCode=E01|E01&ErrInfo=E01390002|E01240002 from 202.62.19.210
2018/09/03 10:54:58 [/shop/shopping/load_payment_module.php] Array
(
    [0] => Array
        (
            [ErrCode] => E01
            [ErrInfo] => E01390002
        )

    [1] => Array
        (
            [ErrCode] => E01
            [ErrInfo] => E01240002
        )

)
 from 202.62.19.210
2018/09/03 10:55:42 [/shop/shopping/load_payment_module.php] SendRequest:https://p01.mul-pay.jp/payment/SearchMember.idPass from 202.62.19.210
2018/09/03 10:55:42 [/shop/shopping/load_payment_module.php] Array
(
    [SiteID] => mst0000007602
    [SitePass] => ******
    [MemberID] => 3541
)
 from 202.62.19.210
2018/09/03 10:55:43 [/shop/shopping/load_payment_module.php] ErrCode=E01&ErrInfo=E01390002 from 202.62.19.210
2018/09/03 10:55:43 [/shop/shopping/load_payment_module.php] Array
(
    [0] => Array
        (
            [ErrCode] => E01
            [ErrInfo] => E01390002
        )

)
 from 202.62.19.210
2018/09/03 10:55:43 [/shop/shopping/load_payment_module.php] SendRequest:https://p01.mul-pay.jp/payment/SearchCard.idPass from 202.62.19.210
2018/09/03 10:55:43 [/shop/shopping/load_payment_module.php] Array
(
    [SiteID] => mst0000007602
    [SitePass] => ******
    [MemberID] => 3541
)
 from 202.62.19.210
2018/09/03 10:55:43 [/shop/shopping/load_payment_module.php] ErrCode=E01|E01&ErrInfo=E01390002|E01240002 from 202.62.19.210
2018/09/03 10:55:43 [/shop/shopping/load_payment_module.php] Array
(
    [0] => Array
        (
            [ErrCode] => E01
            [ErrInfo] => E01390002
        )

    [1] => Array
        (
            [ErrCode] => E01
            [ErrInfo] => E01240002
        )

)
 from 202.62.19.210
2018/09/03 10:55:43 [/shop/shopping/load_payment_module.php] SendRequest:https://p01.mul-pay.jp/payment/EntryTran.idPass from 202.62.19.210
2018/09/03 10:55:43 [/shop/shopping/load_payment_module.php] Array
(
    [ShopID] => 9000034600950
    [ShopPass] => ******
    [OrderID] => 928895-03105543
    [JobCd] => CAPTURE
    [Amount] => 8500
    [TdFlag] => 0
    [TdTenantName] => 
)
 from 202.62.19.210
2018/09/03 10:55:43 [/shop/shopping/load_payment_module.php] AccessID=eafe6a9ec85c66d3f6be3d72dbb51117&AccessPass=293d5a3de21e7d33fb3b1a48e8dcc954 from 202.62.19.210
2018/09/03 10:55:43 [/shop/shopping/load_payment_module.php] Array
(
    [0] => Array
        (
            [AccessID] => eafe6a9ec85c66d3f6be3d72dbb51117
            [AccessPass] => 293d5a3de21e7d33fb3b1a48e8dcc954
        )

)
 from 202.62.19.210
2018/09/03 10:55:43 [/shop/shopping/load_payment_module.php] load_payment_module.php set payment data:Array
(
    [AccessID] => eafe6a9ec85c66d3f6be3d72dbb51117
    [AccessPass] => 293d5a3de21e7d33fb3b1a48e8dcc954
    [OrderID] => 928895-03105543
    [Amount] => 8500
    [JobCd] => CAPTURE
    [action_status] => 1
    [pay_status] => 0
)
 from 202.62.19.210
2018/09/03 10:55:43 [/shop/shopping/load_payment_module.php] SendRequest:https://p01.mul-pay.jp/payment/ExecTran.idPass from 202.62.19.210
2018/09/03 10:55:43 [/shop/shopping/load_payment_module.php] Array
(
    [AccessID] => eafe6a9ec85c66d3f6be3d72dbb51117
    [AccessPass] => 293d5a3de21e7d33fb3b1a48e8dcc954
    [OrderID] => 928895-03105543
    [Method] => 1
    [Token] => 46437202b0764051d5c7bd5b240da04010cd833371fc9ee2b1883e942fc2a430
    [ClientField1] => 
    [ClientField2] => 
    [ClientField3] => EC-CUBE4.3.24
)
 from 202.62.19.210
2018/09/03 10:55:45 [/shop/shopping/load_payment_module.php] ACS=0&OrderID=928895-03105543&Forward=2959876&Method=1&PayTimes=&Approve=0360351&TranID=1809031055602257210134127687&TranDate=20180903105545&CheckString=762f537683f61c944877c08d50c96c46 from 202.62.19.210
2018/09/03 10:55:45 [/shop/shopping/load_payment_module.php] Array
(
    [0] => Array
        (
            [ACS] => 0
            [OrderID] => 928895-03105543
            [Forward] => 2959876
            [Method] => 1
            [PayTimes] => 
            [Approve] => 0360351
            [TranID] => 1809031055602257210134127687
            [TranDate] => 20180903105545
            [CheckString] => 762f537683f61c944877c08d50c96c46
        )

)
 from 202.62.19.210
2018/09/03 10:55:45 [/shop/shopping/load_payment_module.php] load_payment_module.php set payment data:Array
(
    [ACS] => 0
    [Forward] => 2959876
    [Method] => 1
    [PayTimes] => 
    [Approve] => 0360351
    [TranID] => 1809031055602257210134127687
    [TranDate] => 20180903105545
    [CheckString] => 762f537683f61c944877c08d50c96c46
    [Amount] => 8500
    [JobCd] => CAPTURE
    [action_status] => 3
    [pay_status] => 13
)
 from 202.62.19.210
2018/09/03 12:05:23 [/shop/shopping/load_payment_module.php] SendRequest:https://p01.mul-pay.jp/payment/SearchMember.idPass from 126.116.123.22
2018/09/03 12:05:23 [/shop/shopping/load_payment_module.php] Array
(
    [SiteID] => mst0000007602
    [SitePass] => ******
    [MemberID] => 7762
)
 from 126.116.123.22
2018/09/03 12:05:23 [/shop/shopping/load_payment_module.php] ErrCode=E01&ErrInfo=E01390002 from 126.116.123.22
2018/09/03 12:05:23 [/shop/shopping/load_payment_module.php] Array
(
    [0] => Array
        (
            [ErrCode] => E01
            [ErrInfo] => E01390002
        )

)
 from 126.116.123.22
2018/09/03 12:05:23 [/shop/shopping/load_payment_module.php] SendRequest:https://p01.mul-pay.jp/payment/SearchCard.idPass from 126.116.123.22
2018/09/03 12:05:23 [/shop/shopping/load_payment_module.php] Array
(
    [SiteID] => mst0000007602
    [SitePass] => ******
    [MemberID] => 7762
)
 from 126.116.123.22
2018/09/03 12:05:23 [/shop/shopping/load_payment_module.php] ErrCode=E01|E01&ErrInfo=E01390002|E01240002 from 126.116.123.22
2018/09/03 12:05:23 [/shop/shopping/load_payment_module.php] Array
(
    [0] => Array
        (
            [ErrCode] => E01
            [ErrInfo] => E01390002
        )

    [1] => Array
        (
            [ErrCode] => E01
            [ErrInfo] => E01240002
        )

)
 from 126.116.123.22
2018/09/03 12:05:53 [/shop/shopping/load_payment_module.php] SendRequest:https://p01.mul-pay.jp/payment/SearchMember.idPass from 126.116.123.22
2018/09/03 12:05:53 [/shop/shopping/load_payment_module.php] Array
(
    [SiteID] => mst0000007602
    [SitePass] => ******
    [MemberID] => 7762
)
 from 126.116.123.22
2018/09/03 12:05:53 [/shop/shopping/load_payment_module.php] ErrCode=E01&ErrInfo=E01390002 from 126.116.123.22
2018/09/03 12:05:53 [/shop/shopping/load_payment_module.php] Array
(
    [0] => Array
        (
            [ErrCode] => E01
            [ErrInfo] => E01390002
        )

)
 from 126.116.123.22
2018/09/03 12:05:53 [/shop/shopping/load_payment_module.php] SendRequest:https://p01.mul-pay.jp/payment/SearchCard.idPass from 126.116.123.22
2018/09/03 12:05:53 [/shop/shopping/load_payment_module.php] Array
(
    [SiteID] => mst0000007602
    [SitePass] => ******
    [MemberID] => 7762
)
 from 126.116.123.22
2018/09/03 12:05:54 [/shop/shopping/load_payment_module.php] ErrCode=E01|E01&ErrInfo=E01390002|E01240002 from 126.116.123.22
2018/09/03 12:05:54 [/shop/shopping/load_payment_module.php] Array
(
    [0] => Array
        (
            [ErrCode] => E01
            [ErrInfo] => E01390002
        )

    [1] => Array
        (
            [ErrCode] => E01
            [ErrInfo] => E01240002
        )

)
 from 126.116.123.22
2018/09/03 12:05:54 [/shop/shopping/load_payment_module.php] SendRequest:https://p01.mul-pay.jp/payment/EntryTran.idPass from 126.116.123.22
2018/09/03 12:05:54 [/shop/shopping/load_payment_module.php] Array
(
    [ShopID] => 9000034600950
    [ShopPass] => ******
    [OrderID] => 928896-03120554
    [JobCd] => CAPTURE
    [Amount] => 7830
    [TdFlag] => 0
    [TdTenantName] => 
)
 from 126.116.123.22
2018/09/03 12:05:54 [/shop/shopping/load_payment_module.php] AccessID=d371f0dd951b987f208670442b4fc530&AccessPass=b2398632546277c2e2cc60db5de6cc38 from 126.116.123.22
2018/09/03 12:05:54 [/shop/shopping/load_payment_module.php] Array
(
    [0] => Array
        (
            [AccessID] => d371f0dd951b987f208670442b4fc530
            [AccessPass] => b2398632546277c2e2cc60db5de6cc38
        )

)
 from 126.116.123.22
2018/09/03 12:05:54 [/shop/shopping/load_payment_module.php] load_payment_module.php set payment data:Array
(
    [AccessID] => d371f0dd951b987f208670442b4fc530
    [AccessPass] => b2398632546277c2e2cc60db5de6cc38
    [OrderID] => 928896-03120554
    [Amount] => 7830
    [JobCd] => CAPTURE
    [action_status] => 1
    [pay_status] => 0
)
 from 126.116.123.22
2018/09/03 12:05:54 [/shop/shopping/load_payment_module.php] SendRequest:https://p01.mul-pay.jp/payment/ExecTran.idPass from 126.116.123.22
2018/09/03 12:05:54 [/shop/shopping/load_payment_module.php] Array
(
    [AccessID] => d371f0dd951b987f208670442b4fc530
    [AccessPass] => b2398632546277c2e2cc60db5de6cc38
    [OrderID] => 928896-03120554
    [Method] => 1
    [Token] => c8021ee9f1d654e347d5fd6c06847e0541c75bf00fd5f83870350111a5e754ba
    [ClientField1] => 
    [ClientField2] => 
    [ClientField3] => EC-CUBE4.3.24
)
 from 126.116.123.22
2018/09/03 12:05:55 [/shop/shopping/load_payment_module.php] ACS=0&OrderID=928896-03120554&Forward=2S49631&Method=1&PayTimes=&Approve=0005488&TranID=1809031205602257210134127688&TranDate=20180903120555&CheckString=44375bb777448190cfc992e3523af55c from 126.116.123.22
2018/09/03 12:05:55 [/shop/shopping/load_payment_module.php] Array
(
    [0] => Array
        (
            [ACS] => 0
            [OrderID] => 928896-03120554
            [Forward] => 2S49631
            [Method] => 1
            [PayTimes] => 
            [Approve] => 0005488
            [TranID] => 1809031205602257210134127688
            [TranDate] => 20180903120555
            [CheckString] => 44375bb777448190cfc992e3523af55c
        )

)
 from 126.116.123.22
2018/09/03 12:05:55 [/shop/shopping/load_payment_module.php] load_payment_module.php set payment data:Array
(
    [ACS] => 0
    [Forward] => 2S49631
    [Method] => 1
    [PayTimes] => 
    [Approve] => 0005488
    [TranID] => 1809031205602257210134127688
    [TranDate] => 20180903120555
    [CheckString] => 44375bb777448190cfc992e3523af55c
    [Amount] => 7830
    [JobCd] => CAPTURE
    [action_status] => 3
    [pay_status] => 13
)
 from 126.116.123.22
2018/09/03 12:38:48 [/shop/admin/order/edit.php] SendRequest:https://p01.mul-pay.jp/payment/AlterTran.idPass from 153.142.16.212
2018/09/03 12:38:48 [/shop/admin/order/edit.php] Array
(
    [ShopID] => 9000034600950
    [ShopPass] => ******
    [AccessID] => 4b4574e051a8ca048cac50bb52c3765f
    [AccessPass] => e07bb09d0f38a142d28bb6e31278be59
    [JobCd] => RETURNX
)
 from 153.142.16.212
2018/09/03 12:38:49 [/shop/admin/order/edit.php] AccessID=4b4574e051a8ca048cac50bb52c3765f&AccessPass=e07bb09d0f38a142d28bb6e31278be59&Forward=2S49631&Approve=0014433&TranID=1809031238602257210134117626&TranDate=20180903123849 from 153.142.16.212
2018/09/03 12:38:49 [/shop/admin/order/edit.php] Array
(
    [0] => Array
        (
            [AccessID] => 4b4574e051a8ca048cac50bb52c3765f
            [AccessPass] => e07bb09d0f38a142d28bb6e31278be59
            [Forward] => 2S49631
            [Approve] => 0014433
            [TranID] => 1809031238602257210134117626
            [TranDate] => 20180903123849
        )

)
 from 153.142.16.212
2018/09/03 12:38:49 [/shop/admin/order/edit.php] edit.php set payment data:Array
(
    [AccessID] => 4b4574e051a8ca048cac50bb52c3765f
    [AccessPass] => e07bb09d0f38a142d28bb6e31278be59
    [Forward] => 2S49631
    [Approve] => 0014433
    [TranID] => 1809031238602257210134117626
    [TranDate] => 20180903123849
    [JobCd] => RETURNX
    [action_status] => 6
    [pay_status] => 16
)
 from 153.142.16.212
2018/09/03 14:26:46 [/shop/shopping/load_payment_module.php] SendRequest:https://p01.mul-pay.jp/payment/EntryTran.idPass from 182.251.54.221
2018/09/03 14:26:46 [/shop/shopping/load_payment_module.php] Array
(
    [ShopID] => 9000034600950
    [ShopPass] => ******
    [OrderID] => 928897-03142646
    [JobCd] => CAPTURE
    [Amount] => 4590
    [TdFlag] => 0
    [TdTenantName] => 
)
 from 182.251.54.221
2018/09/03 14:26:46 [/shop/shopping/load_payment_module.php] AccessID=16642e6643e85115961e6ddd6bd11b50&AccessPass=68855cfa158ee8bd7fb034a24e666987 from 182.251.54.221
2018/09/03 14:26:46 [/shop/shopping/load_payment_module.php] Array
(
    [0] => Array
        (
            [AccessID] => 16642e6643e85115961e6ddd6bd11b50
            [AccessPass] => 68855cfa158ee8bd7fb034a24e666987
        )

)
 from 182.251.54.221
2018/09/03 14:26:46 [/shop/shopping/load_payment_module.php] load_payment_module.php set payment data:Array
(
    [AccessID] => 16642e6643e85115961e6ddd6bd11b50
    [AccessPass] => 68855cfa158ee8bd7fb034a24e666987
    [OrderID] => 928897-03142646
    [Amount] => 4590
    [JobCd] => CAPTURE
    [action_status] => 1
    [pay_status] => 0
)
 from 182.251.54.221
2018/09/03 14:26:46 [/shop/shopping/load_payment_module.php] SendRequest:https://p01.mul-pay.jp/payment/ExecTran.idPass from 182.251.54.221
2018/09/03 14:26:46 [/shop/shopping/load_payment_module.php] Array
(
    [AccessID] => 16642e6643e85115961e6ddd6bd11b50
    [AccessPass] => 68855cfa158ee8bd7fb034a24e666987
    [OrderID] => 928897-03142646
    [Method] => 1
    [Token] => 00ad1970cc0df6adaacbc08e0544528758ff8c3418aebfc3ea37d55d838f1190
    [ClientField1] => 
    [ClientField2] => 
    [ClientField3] => EC-CUBE4.3.24
)
 from 182.251.54.221
2018/09/03 14:26:48 [/shop/shopping/load_payment_module.php] ACS=0&OrderID=928897-03142646&Forward=2S49631&Method=1&PayTimes=&Approve=0001183&TranID=1809031426602257210134127689&TranDate=20180903142648&CheckString=b7c7f8e15f85db09184a91b640a3974f from 182.251.54.221
2018/09/03 14:26:48 [/shop/shopping/load_payment_module.php] Array
(
    [0] => Array
        (
            [ACS] => 0
            [OrderID] => 928897-03142646
            [Forward] => 2S49631
            [Method] => 1
            [PayTimes] => 
            [Approve] => 0001183
            [TranID] => 1809031426602257210134127689
            [TranDate] => 20180903142648
            [CheckString] => b7c7f8e15f85db09184a91b640a3974f
        )

)
 from 182.251.54.221
2018/09/03 14:26:48 [/shop/shopping/load_payment_module.php] load_payment_module.php set payment data:Array
(
    [ACS] => 0
    [Forward] => 2S49631
    [Method] => 1
    [PayTimes] => 
    [Approve] => 0001183
    [TranID] => 1809031426602257210134127689
    [TranDate] => 20180903142648
    [CheckString] => b7c7f8e15f85db09184a91b640a3974f
    [Amount] => 4590
    [JobCd] => CAPTURE
    [action_status] => 3
    [pay_status] => 13
)
 from 182.251.54.221
2018/09/03 14:44:00 [/shop/shopping/load_payment_module.php] SendRequest:https://p01.mul-pay.jp/payment/EntryTran.idPass from 23.241.250.175
2018/09/03 14:44:00 [/shop/shopping/load_payment_module.php] Array
(
    [ShopID] => 9000034600950
    [ShopPass] => ******
    [OrderID] => 928898-03144400
    [JobCd] => CAPTURE
    [Amount] => 10180
    [TdFlag] => 0
    [TdTenantName] => 
)
 from 23.241.250.175
2018/09/03 14:44:01 [/shop/shopping/load_payment_module.php] AccessID=b67a58d3caaff1fabef762b72f562596&AccessPass=0d2a075f4c24c1769eb0427b07994a03 from 23.241.250.175
2018/09/03 14:44:01 [/shop/shopping/load_payment_module.php] Array
(
    [0] => Array
        (
            [AccessID] => b67a58d3caaff1fabef762b72f562596
            [AccessPass] => 0d2a075f4c24c1769eb0427b07994a03
        )

)
 from 23.241.250.175
2018/09/03 14:44:01 [/shop/shopping/load_payment_module.php] load_payment_module.php set payment data:Array
(
    [AccessID] => b67a58d3caaff1fabef762b72f562596
    [AccessPass] => 0d2a075f4c24c1769eb0427b07994a03
    [OrderID] => 928898-03144400
    [Amount] => 10180
    [JobCd] => CAPTURE
    [action_status] => 1
    [pay_status] => 0
)
 from 23.241.250.175
2018/09/03 14:44:01 [/shop/shopping/load_payment_module.php] SendRequest:https://p01.mul-pay.jp/payment/ExecTran.idPass from 23.241.250.175
2018/09/03 14:44:01 [/shop/shopping/load_payment_module.php] Array
(
    [AccessID] => b67a58d3caaff1fabef762b72f562596
    [AccessPass] => 0d2a075f4c24c1769eb0427b07994a03
    [OrderID] => 928898-03144400
    [Method] => 1
    [Token] => 74649ee5c580cd50aaa657928a7060bc35a6c81994442eca6dc4cfa1ac5886d4
    [ClientField1] => 
    [ClientField2] => 
    [ClientField3] => EC-CUBE4.3.24
)
 from 23.241.250.175
2018/09/03 14:44:02 [/shop/shopping/load_payment_module.php] ACS=0&OrderID=928898-03144400&Forward=2S49631&Method=1&PayTimes=&Approve=0124343&TranID=1809031444602257210134137625&TranDate=20180903144402&CheckString=97a019907c4ebe63be500faefda05504 from 23.241.250.175
2018/09/03 14:44:02 [/shop/shopping/load_payment_module.php] Array
(
    [0] => Array
        (
            [ACS] => 0
            [OrderID] => 928898-03144400
            [Forward] => 2S49631
            [Method] => 1
            [PayTimes] => 
            [Approve] => 0124343
            [TranID] => 1809031444602257210134137625
            [TranDate] => 20180903144402
            [CheckString] => 97a019907c4ebe63be500faefda05504
        )

)
 from 23.241.250.175
2018/09/03 14:44:02 [/shop/shopping/load_payment_module.php] load_payment_module.php set payment data:Array
(
    [ACS] => 0
    [Forward] => 2S49631
    [Method] => 1
    [PayTimes] => 
    [Approve] => 0124343
    [TranID] => 1809031444602257210134137625
    [TranDate] => 20180903144402
    [CheckString] => 97a019907c4ebe63be500faefda05504
    [Amount] => 10180
    [JobCd] => CAPTURE
    [action_status] => 3
    [pay_status] => 13
)
 from 23.241.250.175
2018/09/03 14:48:19 [/shop/shopping/load_payment_module.php] SendRequest:https://p01.mul-pay.jp/payment/EntryTran.idPass from 153.214.108.232
2018/09/03 14:48:19 [/shop/shopping/load_payment_module.php] Array
(
    [ShopID] => 9000034600950
    [ShopPass] => ******
    [OrderID] => 928899-03144819
    [JobCd] => CAPTURE
    [Amount] => 2430
    [TdFlag] => 0
    [TdTenantName] => 
)
 from 153.214.108.232
2018/09/03 14:48:19 [/shop/shopping/load_payment_module.php] AccessID=fbab034ce6d120190b7fcea1f0d7f597&AccessPass=1243c7e0a69cb2df103f2783c9028fc2 from 153.214.108.232
2018/09/03 14:48:19 [/shop/shopping/load_payment_module.php] Array
(
    [0] => Array
        (
            [AccessID] => fbab034ce6d120190b7fcea1f0d7f597
            [AccessPass] => 1243c7e0a69cb2df103f2783c9028fc2
        )

)
 from 153.214.108.232
2018/09/03 14:48:19 [/shop/shopping/load_payment_module.php] load_payment_module.php set payment data:Array
(
    [AccessID] => fbab034ce6d120190b7fcea1f0d7f597
    [AccessPass] => 1243c7e0a69cb2df103f2783c9028fc2
    [OrderID] => 928899-03144819
    [Amount] => 2430
    [JobCd] => CAPTURE
    [action_status] => 1
    [pay_status] => 0
)
 from 153.214.108.232
2018/09/03 14:48:19 [/shop/shopping/load_payment_module.php] SendRequest:https://p01.mul-pay.jp/payment/ExecTran.idPass from 153.214.108.232
2018/09/03 14:48:19 [/shop/shopping/load_payment_module.php] Array
(
    [AccessID] => fbab034ce6d120190b7fcea1f0d7f597
    [AccessPass] => 1243c7e0a69cb2df103f2783c9028fc2
    [OrderID] => 928899-03144819
    [Method] => 1
    [Token] => 512577c9e70a65ca233c24e4c70457fe05e7b7da81461e43cede1a1e4bdcd756
    [ClientField1] => 
    [ClientField2] => 
    [ClientField3] => EC-CUBE4.3.24
)
 from 153.214.108.232
2018/09/03 14:48:21 [/shop/shopping/load_payment_module.php] ACS=0&OrderID=928899-03144819&Forward=2959876&Method=1&PayTimes=&Approve=0112765&TranID=1809031448602257210134127690&TranDate=20180903144821&CheckString=a9c8badd315632cc99b7040ec3ca09a4 from 153.214.108.232
2018/09/03 14:48:21 [/shop/shopping/load_payment_module.php] Array
(
    [0] => Array
        (
            [ACS] => 0
            [OrderID] => 928899-03144819
            [Forward] => 2959876
            [Method] => 1
            [PayTimes] => 
            [Approve] => 0112765
            [TranID] => 1809031448602257210134127690
            [TranDate] => 20180903144821
            [CheckString] => a9c8badd315632cc99b7040ec3ca09a4
        )

)
 from 153.214.108.232
2018/09/03 14:48:21 [/shop/shopping/load_payment_module.php] load_payment_module.php set payment data:Array
(
    [ACS] => 0
    [Forward] => 2959876
    [Method] => 1
    [PayTimes] => 
    [Approve] => 0112765
    [TranID] => 1809031448602257210134127690
    [TranDate] => 20180903144821
    [CheckString] => a9c8badd315632cc99b7040ec3ca09a4
    [Amount] => 2430
    [JobCd] => CAPTURE
    [action_status] => 3
    [pay_status] => 13
)
 from 153.214.108.232
2018/09/03 14:59:06 [/shop/shopping/load_payment_module.php] SendRequest:https://p01.mul-pay.jp/payment/SearchMember.idPass from 112.198.227.80
2018/09/03 14:59:06 [/shop/shopping/load_payment_module.php] Array
(
    [SiteID] => mst0000007602
    [SitePass] => ******
    [MemberID] => 348
)
 from 112.198.227.80
2018/09/03 14:59:06 [/shop/shopping/load_payment_module.php] ErrCode=E01&ErrInfo=E01390002 from 112.198.227.80
2018/09/03 14:59:06 [/shop/shopping/load_payment_module.php] Array
(
    [0] => Array
        (
            [ErrCode] => E01
            [ErrInfo] => E01390002
        )

)
 from 112.198.227.80
2018/09/03 14:59:06 [/shop/shopping/load_payment_module.php] SendRequest:https://p01.mul-pay.jp/payment/SearchCard.idPass from 112.198.227.80
2018/09/03 14:59:06 [/shop/shopping/load_payment_module.php] Array
(
    [SiteID] => mst0000007602
    [SitePass] => ******
    [MemberID] => 348
)
 from 112.198.227.80
2018/09/03 14:59:06 [/shop/shopping/load_payment_module.php] ErrCode=E01|E01&ErrInfo=E01390002|E01240002 from 112.198.227.80
2018/09/03 14:59:06 [/shop/shopping/load_payment_module.php] Array
(
    [0] => Array
        (
            [ErrCode] => E01
            [ErrInfo] => E01390002
        )

    [1] => Array
        (
            [ErrCode] => E01
            [ErrInfo] => E01240002
        )

)
 from 112.198.227.80
2018/09/03 15:00:30 [/shop/shopping/load_payment_module.php] SendRequest:https://p01.mul-pay.jp/payment/SearchMember.idPass from 112.198.227.80
2018/09/03 15:00:30 [/shop/shopping/load_payment_module.php] Array
(
    [SiteID] => mst0000007602
    [SitePass] => ******
    [MemberID] => 348
)
 from 112.198.227.80
2018/09/03 15:00:30 [/shop/shopping/load_payment_module.php] ErrCode=E01&ErrInfo=E01390002 from 112.198.227.80
2018/09/03 15:00:30 [/shop/shopping/load_payment_module.php] Array
(
    [0] => Array
        (
            [ErrCode] => E01
            [ErrInfo] => E01390002
        )

)
 from 112.198.227.80
2018/09/03 15:00:30 [/shop/shopping/load_payment_module.php] SendRequest:https://p01.mul-pay.jp/payment/SearchCard.idPass from 112.198.227.80
2018/09/03 15:00:30 [/shop/shopping/load_payment_module.php] Array
(
    [SiteID] => mst0000007602
    [SitePass] => ******
    [MemberID] => 348
)
 from 112.198.227.80
2018/09/03 15:00:30 [/shop/shopping/load_payment_module.php] ErrCode=E01|E01&ErrInfo=E01390002|E01240002 from 112.198.227.80
2018/09/03 15:00:30 [/shop/shopping/load_payment_module.php] Array
(
    [0] => Array
        (
            [ErrCode] => E01
            [ErrInfo] => E01390002
        )

    [1] => Array
        (
            [ErrCode] => E01
            [ErrInfo] => E01240002
        )

)
 from 112.198.227.80
2018/09/03 15:00:30 [/shop/shopping/load_payment_module.php] SendRequest:https://p01.mul-pay.jp/payment/EntryTran.idPass from 112.198.227.80
2018/09/03 15:00:30 [/shop/shopping/load_payment_module.php] Array
(
    [ShopID] => 9000034600950
    [ShopPass] => ******
    [OrderID] => 928900-03150030
    [JobCd] => CAPTURE
    [Amount] => 5534
    [TdFlag] => 0
    [TdTenantName] => 
)
 from 112.198.227.80
2018/09/03 15:00:31 [/shop/shopping/load_payment_module.php] AccessID=d79caed74c2a960fb0ab4f3660c70afa&AccessPass=b74d12e3c8cce5368f106a5d2e909426 from 112.198.227.80
2018/09/03 15:00:31 [/shop/shopping/load_payment_module.php] Array
(
    [0] => Array
        (
            [AccessID] => d79caed74c2a960fb0ab4f3660c70afa
            [AccessPass] => b74d12e3c8cce5368f106a5d2e909426
        )

)
 from 112.198.227.80
2018/09/03 15:00:31 [/shop/shopping/load_payment_module.php] load_payment_module.php set payment data:Array
(
    [AccessID] => d79caed74c2a960fb0ab4f3660c70afa
    [AccessPass] => b74d12e3c8cce5368f106a5d2e909426
    [OrderID] => 928900-03150030
    [Amount] => 5534
    [JobCd] => CAPTURE
    [action_status] => 1
    [pay_status] => 0
)
 from 112.198.227.80
2018/09/03 15:00:31 [/shop/shopping/load_payment_module.php] SendRequest:https://p01.mul-pay.jp/payment/ExecTran.idPass from 112.198.227.80
2018/09/03 15:00:31 [/shop/shopping/load_payment_module.php] Array
(
    [AccessID] => d79caed74c2a960fb0ab4f3660c70afa
    [AccessPass] => b74d12e3c8cce5368f106a5d2e909426
    [OrderID] => 928900-03150030
    [Method] => 1
    [Token] => 5237d14ad7b10c3a9aa552b2e46ea350f276ec5fd444f6161694f2f2df9a0145
    [ClientField1] => 
    [ClientField2] => 
    [ClientField3] => EC-CUBE4.3.24
)
 from 112.198.227.80
2018/09/03 15:00:32 [/shop/shopping/load_payment_module.php] ACS=0&OrderID=928900-03150030&Forward=2S49631&Method=1&PayTimes=&Approve=0003854&TranID=1809031500602257210134127691&TranDate=20180903150032&CheckString=9c4a136ba6cd7d7af31e6fa427062204 from 112.198.227.80
2018/09/03 15:00:32 [/shop/shopping/load_payment_module.php] Array
(
    [0] => Array
        (
            [ACS] => 0
            [OrderID] => 928900-03150030
            [Forward] => 2S49631
            [Method] => 1
            [PayTimes] => 
            [Approve] => 0003854
            [TranID] => 1809031500602257210134127691
            [TranDate] => 20180903150032
            [CheckString] => 9c4a136ba6cd7d7af31e6fa427062204
        )

)
 from 112.198.227.80
2018/09/03 15:00:32 [/shop/shopping/load_payment_module.php] load_payment_module.php set payment data:Array
(
    [ACS] => 0
    [Forward] => 2S49631
    [Method] => 1
    [PayTimes] => 
    [Approve] => 0003854
    [TranID] => 1809031500602257210134127691
    [TranDate] => 20180903150032
    [CheckString] => 9c4a136ba6cd7d7af31e6fa427062204
    [Amount] => 5534
    [JobCd] => CAPTURE
    [action_status] => 3
    [pay_status] => 13
)
 from 112.198.227.80
2018/09/03 15:24:35 [/shop/admin/order/edit.php] edit.php set payment data:Array
(
    [no_update_status_flg] => 1
)
 from 153.142.16.212
2018/09/03 15:24:35 [/shop/admin/order/edit.php] SendRequest:https://p01.mul-pay.jp/payment/ChangeTran.idPass from 153.142.16.212
2018/09/03 15:24:35 [/shop/admin/order/edit.php] Array
(
    [ShopID] => 9000034600950
    [ShopPass] => ******
    [AccessID] => e65ad3622d8bbf4f72972f4ec0c26943
    [AccessPass] => 819beb17dd4170b469c916d82d2acdd0
    [JobCd] => CAPTURE
    [Amount] => 11826
)
 from 153.142.16.212
2018/09/03 15:24:37 [/shop/admin/order/edit.php] AccessID=e65ad3622d8bbf4f72972f4ec0c26943&AccessPass=819beb17dd4170b469c916d82d2acdd0&Forward=2S49631&Approve=0001031&TranID=1809031524602257210134127693&TranDate=20180903152436 from 153.142.16.212
2018/09/03 15:24:37 [/shop/admin/order/edit.php] Array
(
    [0] => Array
        (
            [AccessID] => e65ad3622d8bbf4f72972f4ec0c26943
            [AccessPass] => 819beb17dd4170b469c916d82d2acdd0
            [Forward] => 2S49631
            [Approve] => 0001031
            [TranID] => 1809031524602257210134127693
            [TranDate] => 20180903152436
        )

)
 from 153.142.16.212
2018/09/03 15:24:37 [/shop/admin/order/edit.php] edit.php set payment data:Array
(
    [AccessID] => e65ad3622d8bbf4f72972f4ec0c26943
    [AccessPass] => 819beb17dd4170b469c916d82d2acdd0
    [Forward] => 2S49631
    [Approve] => 0001031
    [TranID] => 1809031524602257210134127693
    [TranDate] => 20180903152436
    [action_status] => 6
    [pay_status] => 13
    [JobCd] => CAPTURE
    [Amount] => 11826
)
 from 153.142.16.212
2018/09/03 15:51:15 [/shop/admin/order/edit.php] edit.php set payment data:Array
(
    [no_update_status_flg] => 1
)
 from 153.142.16.212
2018/09/03 15:51:15 [/shop/admin/order/edit.php] SendRequest:https://p01.mul-pay.jp/payment/ChangeTran.idPass from 153.142.16.212
2018/09/03 15:51:15 [/shop/admin/order/edit.php] Array
(
    [ShopID] => 9000034600950
    [ShopPass] => ******
    [AccessID] => dff650f305b7f18cbec66e5969c9b734
    [AccessPass] => ce65bddb941a8399ebf52ef9de2ba702
    [JobCd] => CAPTURE
    [Amount] => 4284
)
 from 153.142.16.212
2018/09/03 15:51:17 [/shop/admin/order/edit.php] AccessID=dff650f305b7f18cbec66e5969c9b734&AccessPass=ce65bddb941a8399ebf52ef9de2ba702&Forward=2S49631&Approve=0483994&TranID=1809031551602257210134137627&TranDate=20180903155116 from 153.142.16.212
2018/09/03 15:51:17 [/shop/admin/order/edit.php] Array
(
    [0] => Array
        (
            [AccessID] => dff650f305b7f18cbec66e5969c9b734
            [AccessPass] => ce65bddb941a8399ebf52ef9de2ba702
            [Forward] => 2S49631
            [Approve] => 0483994
            [TranID] => 1809031551602257210134137627
            [TranDate] => 20180903155116
        )

)
 from 153.142.16.212
2018/09/03 15:51:17 [/shop/admin/order/edit.php] edit.php set payment data:Array
(
    [AccessID] => dff650f305b7f18cbec66e5969c9b734
    [AccessPass] => ce65bddb941a8399ebf52ef9de2ba702
    [Forward] => 2S49631
    [Approve] => 0483994
    [TranID] => 1809031551602257210134137627
    [TranDate] => 20180903155116
    [action_status] => 6
    [pay_status] => 13
    [JobCd] => CAPTURE
    [Amount] => 4284
)
 from 153.142.16.212
2018/09/03 17:13:08 [/shop/admin/order/edit.php] edit.php set payment data:Array
(
    [no_update_status_flg] => 1
)
 from 153.142.16.212
2018/09/03 17:13:08 [/shop/admin/order/edit.php] SendRequest:https://p01.mul-pay.jp/payment/ChangeTran.idPass from 153.142.16.212
2018/09/03 17:13:08 [/shop/admin/order/edit.php] Array
(
    [ShopID] => 9000034600950
    [ShopPass] => ******
    [AccessID] => 20b9b033c8a49e158d9685317238fdb4
    [AccessPass] => 41ca991b5719f74a7fdda578eb94fa3a
    [JobCd] => CAPTURE
    [Amount] => 44400
)
 from 153.142.16.212
2018/09/03 17:13:10 [/shop/admin/order/edit.php] ErrCode=G55&ErrInfo=42G550000 from 153.142.16.212
2018/09/03 17:13:10 [/shop/admin/order/edit.php] Array
(
    [0] => Array
        (
            [ErrCode] => G55
            [ErrInfo] => 42G550000
        )

)
 from 153.142.16.212
2018/09/03 17:13:16 [/shop/admin/order/edit.php] SendRequest:https://p01.mul-pay.jp/payment/SearchTrade.idPass from 153.142.16.212
2018/09/03 17:13:16 [/shop/admin/order/edit.php] Array
(
    [ShopID] => 9000034600950
    [ShopPass] => ******
    [OrderID] => 927143-09121940
)
 from 153.142.16.212
2018/09/03 17:13:16 [/shop/admin/order/edit.php] OrderID=927143-09121940&Status=CAPTURE&ProcessDate=20180709121942&JobCd=CAPTURE&AccessID=20b9b033c8a49e158d9685317238fdb4&AccessPass=41ca991b5719f74a7fdda578eb94fa3a&ItemCode=0000990&Amount=9750&Tax=0&SiteID=&MemberID=&CardNo=************3120&Expire=2307&Method=1&PayTimes=&Forward=2S49631&TranID=1807091219602257210134136951&Approve=0736951&ClientField1=&ClientField2=&ClientField3=EC-CUBE4.3.24 from 153.142.16.212
2018/09/03 17:13:16 [/shop/admin/order/edit.php] Array
(
    [0] => Array
        (
            [OrderID] => 927143-09121940
            [Status] => CAPTURE
            [ProcessDate] => 20180709121942
            [JobCd] => CAPTURE
            [AccessID] => 20b9b033c8a49e158d9685317238fdb4
            [AccessPass] => 41ca991b5719f74a7fdda578eb94fa3a
            [ItemCode] => 0000990
            [Amount] => 9750
            [Tax] => 0
            [SiteID] => 
            [MemberID] => 
            [CardNo] => ************3120
            [Expire] => 2307
            [Method] => 1
            [PayTimes] => 
            [Forward] => 2S49631
            [TranID] => 1807091219602257210134136951
            [Approve] => 0736951
            [ClientField1] => 
            [ClientField2] => 
            [ClientField3] => EC-CUBE4.3.24
        )

)
 from 153.142.16.212
2018/09/03 17:13:16 [/shop/admin/order/edit.php] edit.php set payment data:Array
(
    [OrderID] => 927143-09121940
    [Status] => CAPTURE
    [ProcessDate] => 20180709121942
    [JobCd] => CAPTURE
    [AccessID] => 20b9b033c8a49e158d9685317238fdb4
    [AccessPass] => 41ca991b5719f74a7fdda578eb94fa3a
    [ItemCode] => 0000990
    [Amount] => 9750
    [Tax] => 0
    [SiteID] => 
    [MemberID] => 
    [CardNo] => ************3120
    [Expire] => 2307
    [Method] => 1
    [PayTimes] => 
    [Forward] => 2S49631
    [TranID] => 1807091219602257210134136951
    [Approve] => 0736951
    [ClientField1] => 
    [ClientField2] => 
    [ClientField3] => EC-CUBE4.3.24
    [action_status] => 6
    [pay_status] => 13
)
 from 153.142.16.212
2018/09/03 17:20:49 [/shop/shopping/load_payment_module.php] SendRequest:https://p01.mul-pay.jp/payment/SearchMember.idPass from 12.226.98.2
2018/09/03 17:20:49 [/shop/shopping/load_payment_module.php] Array
(
    [SiteID] => mst0000007602
    [SitePass] => ******
    [MemberID] => 7763
)
 from 12.226.98.2
2018/09/03 17:20:49 [/shop/shopping/load_payment_module.php] ErrCode=E01&ErrInfo=E01390002 from 12.226.98.2
2018/09/03 17:20:49 [/shop/shopping/load_payment_module.php] Array
(
    [0] => Array
        (
            [ErrCode] => E01
            [ErrInfo] => E01390002
        )

)
 from 12.226.98.2
2018/09/03 17:20:49 [/shop/shopping/load_payment_module.php] SendRequest:https://p01.mul-pay.jp/payment/SearchCard.idPass from 12.226.98.2
2018/09/03 17:20:49 [/shop/shopping/load_payment_module.php] Array
(
    [SiteID] => mst0000007602
    [SitePass] => ******
    [MemberID] => 7763
)
 from 12.226.98.2
2018/09/03 17:20:49 [/shop/shopping/load_payment_module.php] ErrCode=E01|E01&ErrInfo=E01390002|E01240002 from 12.226.98.2
2018/09/03 17:20:49 [/shop/shopping/load_payment_module.php] Array
(
    [0] => Array
        (
            [ErrCode] => E01
            [ErrInfo] => E01390002
        )

    [1] => Array
        (
            [ErrCode] => E01
            [ErrInfo] => E01240002
        )

)
 from 12.226.98.2
2018/09/03 17:23:05 [/shop/shopping/load_payment_module.php] SendRequest:https://p01.mul-pay.jp/payment/SearchMember.idPass from 12.226.98.2
2018/09/03 17:23:05 [/shop/shopping/load_payment_module.php] Array
(
    [SiteID] => mst0000007602
    [SitePass] => ******
    [MemberID] => 7763
)
 from 12.226.98.2
2018/09/03 17:23:05 [/shop/shopping/load_payment_module.php] ErrCode=E01&ErrInfo=E01390002 from 12.226.98.2
2018/09/03 17:23:05 [/shop/shopping/load_payment_module.php] Array
(
    [0] => Array
        (
            [ErrCode] => E01
            [ErrInfo] => E01390002
        )

)
 from 12.226.98.2
2018/09/03 17:23:05 [/shop/shopping/load_payment_module.php] SendRequest:https://p01.mul-pay.jp/payment/SearchCard.idPass from 12.226.98.2
2018/09/03 17:23:05 [/shop/shopping/load_payment_module.php] Array
(
    [SiteID] => mst0000007602
    [SitePass] => ******
    [MemberID] => 7763
)
 from 12.226.98.2
2018/09/03 17:23:05 [/shop/shopping/load_payment_module.php] ErrCode=E01|E01&ErrInfo=E01390002|E01240002 from 12.226.98.2
2018/09/03 17:23:05 [/shop/shopping/load_payment_module.php] Array
(
    [0] => Array
        (
            [ErrCode] => E01
            [ErrInfo] => E01390002
        )

    [1] => Array
        (
            [ErrCode] => E01
            [ErrInfo] => E01240002
        )

)
 from 12.226.98.2
2018/09/03 17:24:02 [/shop/shopping/load_payment_module.php] SendRequest:https://p01.mul-pay.jp/payment/SearchMember.idPass from 12.226.98.2
2018/09/03 17:24:02 [/shop/shopping/load_payment_module.php] Array
(
    [SiteID] => mst0000007602
    [SitePass] => ******
    [MemberID] => 7763
)
 from 12.226.98.2
2018/09/03 17:24:03 [/shop/shopping/load_payment_module.php] ErrCode=E01&ErrInfo=E01390002 from 12.226.98.2
2018/09/03 17:24:03 [/shop/shopping/load_payment_module.php] Array
(
    [0] => Array
        (
            [ErrCode] => E01
            [ErrInfo] => E01390002
        )

)
 from 12.226.98.2
2018/09/03 17:24:03 [/shop/shopping/load_payment_module.php] SendRequest:https://p01.mul-pay.jp/payment/SearchCard.idPass from 12.226.98.2
2018/09/03 17:24:03 [/shop/shopping/load_payment_module.php] Array
(
    [SiteID] => mst0000007602
    [SitePass] => ******
    [MemberID] => 7763
)
 from 12.226.98.2
2018/09/03 17:24:03 [/shop/shopping/load_payment_module.php] ErrCode=E01|E01&ErrInfo=E01390002|E01240002 from 12.226.98.2
2018/09/03 17:24:03 [/shop/shopping/load_payment_module.php] Array
(
    [0] => Array
        (
            [ErrCode] => E01
            [ErrInfo] => E01390002
        )

    [1] => Array
        (
            [ErrCode] => E01
            [ErrInfo] => E01240002
        )

)
 from 12.226.98.2
2018/09/03 17:24:03 [/shop/shopping/load_payment_module.php] SendRequest:https://p01.mul-pay.jp/payment/EntryTran.idPass from 12.226.98.2
2018/09/03 17:24:03 [/shop/shopping/load_payment_module.php] Array
(
    [ShopID] => 9000034600950
    [ShopPass] => ******
    [OrderID] => 928902-03172403
    [JobCd] => CAPTURE
    [Amount] => 4910
    [TdFlag] => 0
    [TdTenantName] => 
)
 from 12.226.98.2
2018/09/03 17:24:03 [/shop/shopping/load_payment_module.php] AccessID=01dc9cba58e4be4a01547701f1855643&AccessPass=1457627606fd36e717db0cf5a13f9edd from 12.226.98.2
2018/09/03 17:24:03 [/shop/shopping/load_payment_module.php] Array
(
    [0] => Array
        (
            [AccessID] => 01dc9cba58e4be4a01547701f1855643
            [AccessPass] => 1457627606fd36e717db0cf5a13f9edd
        )

)
 from 12.226.98.2
2018/09/03 17:24:03 [/shop/shopping/load_payment_module.php] load_payment_module.php set payment data:Array
(
    [AccessID] => 01dc9cba58e4be4a01547701f1855643
    [AccessPass] => 1457627606fd36e717db0cf5a13f9edd
    [OrderID] => 928902-03172403
    [Amount] => 4910
    [JobCd] => CAPTURE
    [action_status] => 1
    [pay_status] => 0
)
 from 12.226.98.2
2018/09/03 17:24:03 [/shop/shopping/load_payment_module.php] SendRequest:https://p01.mul-pay.jp/payment/ExecTran.idPass from 12.226.98.2
2018/09/03 17:24:03 [/shop/shopping/load_payment_module.php] Array
(
    [AccessID] => 01dc9cba58e4be4a01547701f1855643
    [AccessPass] => 1457627606fd36e717db0cf5a13f9edd
    [OrderID] => 928902-03172403
    [Method] => 1
    [Token] => dddd685616188fef618cbf5542fbe8dcab1c52ecf1cf65106ed137cae5a8132b
    [ClientField1] => 
    [ClientField2] => 
    [ClientField3] => EC-CUBE4.3.24
)
 from 12.226.98.2
2018/09/03 17:24:03 [/shop/shopping/load_payment_module.php] ErrCode=E01&ErrInfo=E01260010 from 12.226.98.2
2018/09/03 17:24:03 [/shop/shopping/load_payment_module.php] Array
(
    [0] => Array
        (
            [ErrCode] => E01
            [ErrInfo] => E01260010
        )

)
 from 12.226.98.2
2018/09/03 17:24:03 [/shop/shopping/load_payment_module.php] load_payment_module.php set payment data:Array
(
    [request_error] => Array
        (
            [0] => 指定された支払方法はご利用できません。 (E01-E01260010)
        )

    [Amount] => 4910
    [JobCd] => CAPTURE
    [action_status] => 3
)
 from 12.226.98.2
2018/09/03 17:25:15 [/shop/shopping/load_payment_module.php] SendRequest:https://p01.mul-pay.jp/payment/SearchMember.idPass from 12.226.98.2
2018/09/03 17:25:15 [/shop/shopping/load_payment_module.php] Array
(
    [SiteID] => mst0000007602
    [SitePass] => ******
    [MemberID] => 7763
)
 from 12.226.98.2
2018/09/03 17:25:15 [/shop/shopping/load_payment_module.php] ErrCode=E01&ErrInfo=E01390002 from 12.226.98.2
2018/09/03 17:25:15 [/shop/shopping/load_payment_module.php] Array
(
    [0] => Array
        (
            [ErrCode] => E01
            [ErrInfo] => E01390002
        )

)
 from 12.226.98.2
2018/09/03 17:25:15 [/shop/shopping/load_payment_module.php] SendRequest:https://p01.mul-pay.jp/payment/SearchCard.idPass from 12.226.98.2
2018/09/03 17:25:15 [/shop/shopping/load_payment_module.php] Array
(
    [SiteID] => mst0000007602
    [SitePass] => ******
    [MemberID] => 7763
)
 from 12.226.98.2
2018/09/03 17:25:15 [/shop/shopping/load_payment_module.php] ErrCode=E01|E01&ErrInfo=E01390002|E01240002 from 12.226.98.2
2018/09/03 17:25:15 [/shop/shopping/load_payment_module.php] Array
(
    [0] => Array
        (
            [ErrCode] => E01
            [ErrInfo] => E01390002
        )

    [1] => Array
        (
            [ErrCode] => E01
            [ErrInfo] => E01240002
        )

)
 from 12.226.98.2
2018/09/03 17:25:15 [/shop/shopping/load_payment_module.php] SendRequest:https://p01.mul-pay.jp/payment/ExecTran.idPass from 12.226.98.2
2018/09/03 17:25:15 [/shop/shopping/load_payment_module.php] Array
(
    [AccessID] => 01dc9cba58e4be4a01547701f1855643
    [AccessPass] => 1457627606fd36e717db0cf5a13f9edd
    [OrderID] => 928902-03172403
    [Method] => 1
    [Token] => f1bab0aef1097ec26076e742c74fd12d16818ef9c31975b32c600f8bc583eecd
    [ClientField1] => 
    [ClientField2] => 
    [ClientField3] => EC-CUBE4.3.24
)
 from 12.226.98.2
2018/09/03 17:25:16 [/shop/shopping/load_payment_module.php] ACS=0&OrderID=928902-03172403&Forward=2S49631&Method=1&PayTimes=&Approve=0715775&TranID=1809031725602257210134117627&TranDate=20180903172516&CheckString=f0f644985a18bc1d803bcefddb976420 from 12.226.98.2
2018/09/03 17:25:16 [/shop/shopping/load_payment_module.php] Array
(
    [0] => Array
        (
            [ACS] => 0
            [OrderID] => 928902-03172403
            [Forward] => 2S49631
            [Method] => 1
            [PayTimes] => 
            [Approve] => 0715775
            [TranID] => 1809031725602257210134117627
            [TranDate] => 20180903172516
            [CheckString] => f0f644985a18bc1d803bcefddb976420
        )

)
 from 12.226.98.2
2018/09/03 17:25:16 [/shop/shopping/load_payment_module.php] load_payment_module.php set payment data:Array
(
    [ACS] => 0
    [Forward] => 2S49631
    [Method] => 1
    [PayTimes] => 
    [Approve] => 0715775
    [TranID] => 1809031725602257210134117627
    [TranDate] => 20180903172516
    [CheckString] => f0f644985a18bc1d803bcefddb976420
    [Amount] => 4910
    [JobCd] => CAPTURE
    [action_status] => 3
    [pay_status] => 13
)
 from 12.226.98.2
2018/09/03 17:28:47 [/shop/shopping/load_payment_module.php] SendRequest:https://p01.mul-pay.jp/payment/SearchMember.idPass from 125.103.220.45
2018/09/03 17:28:47 [/shop/shopping/load_payment_module.php] Array
(
    [SiteID] => mst0000007602
    [SitePass] => ******
    [MemberID] => 3060
)
 from 125.103.220.45
2018/09/03 17:28:47 [/shop/shopping/load_payment_module.php] ErrCode=E01&ErrInfo=E01390002 from 125.103.220.45
2018/09/03 17:28:47 [/shop/shopping/load_payment_module.php] Array
(
    [0] => Array
        (
            [ErrCode] => E01
            [ErrInfo] => E01390002
        )

)
 from 125.103.220.45
2018/09/03 17:28:47 [/shop/shopping/load_payment_module.php] SendRequest:https://p01.mul-pay.jp/payment/SearchCard.idPass from 125.103.220.45
2018/09/03 17:28:47 [/shop/shopping/load_payment_module.php] Array
(
    [SiteID] => mst0000007602
    [SitePass] => ******
    [MemberID] => 3060
)
 from 125.103.220.45
2018/09/03 17:28:48 [/shop/shopping/load_payment_module.php] ErrCode=E01|E01&ErrInfo=E01390002|E01240002 from 125.103.220.45
2018/09/03 17:28:48 [/shop/shopping/load_payment_module.php] Array
(
    [0] => Array
        (
            [ErrCode] => E01
            [ErrInfo] => E01390002
        )

    [1] => Array
        (
            [ErrCode] => E01
            [ErrInfo] => E01240002
        )

)
 from 125.103.220.45
2018/09/03 17:30:26 [/shop/shopping/load_payment_module.php] SendRequest:https://p01.mul-pay.jp/payment/SearchMember.idPass from 125.103.220.45
2018/09/03 17:30:26 [/shop/shopping/load_payment_module.php] Array
(
    [SiteID] => mst0000007602
    [SitePass] => ******
    [MemberID] => 3060
)
 from 125.103.220.45
2018/09/03 17:30:26 [/shop/shopping/load_payment_module.php] ErrCode=E01&ErrInfo=E01390002 from 125.103.220.45
2018/09/03 17:30:26 [/shop/shopping/load_payment_module.php] Array
(
    [0] => Array
        (
            [ErrCode] => E01
            [ErrInfo] => E01390002
        )

)
 from 125.103.220.45
2018/09/03 17:30:26 [/shop/shopping/load_payment_module.php] SendRequest:https://p01.mul-pay.jp/payment/SearchCard.idPass from 125.103.220.45
2018/09/03 17:30:26 [/shop/shopping/load_payment_module.php] Array
(
    [SiteID] => mst0000007602
    [SitePass] => ******
    [MemberID] => 3060
)
 from 125.103.220.45
2018/09/03 17:30:27 [/shop/shopping/load_payment_module.php] ErrCode=E01|E01&ErrInfo=E01390002|E01240002 from 125.103.220.45
2018/09/03 17:30:27 [/shop/shopping/load_payment_module.php] Array
(
    [0] => Array
        (
            [ErrCode] => E01
            [ErrInfo] => E01390002
        )

    [1] => Array
        (
            [ErrCode] => E01
            [ErrInfo] => E01240002
        )

)
 from 125.103.220.45
2018/09/03 17:30:27 [/shop/shopping/load_payment_module.php] SendRequest:https://p01.mul-pay.jp/payment/EntryTran.idPass from 125.103.220.45
2018/09/03 17:30:27 [/shop/shopping/load_payment_module.php] Array
(
    [ShopID] => 9000034600950
    [ShopPass] => ******
    [OrderID] => 928903-03173027
    [JobCd] => CAPTURE
    [Amount] => 93219
    [TdFlag] => 0
    [TdTenantName] => 
)
 from 125.103.220.45
2018/09/03 17:30:27 [/shop/shopping/load_payment_module.php] AccessID=01bb1c8965f3e37fd1a3b928efc5dbe0&AccessPass=a224ed15a7f9c0016acd4355cde83219 from 125.103.220.45
2018/09/03 17:30:27 [/shop/shopping/load_payment_module.php] Array
(
    [0] => Array
        (
            [AccessID] => 01bb1c8965f3e37fd1a3b928efc5dbe0
            [AccessPass] => a224ed15a7f9c0016acd4355cde83219
        )

)
 from 125.103.220.45
2018/09/03 17:30:27 [/shop/shopping/load_payment_module.php] load_payment_module.php set payment data:Array
(
    [AccessID] => 01bb1c8965f3e37fd1a3b928efc5dbe0
    [AccessPass] => a224ed15a7f9c0016acd4355cde83219
    [OrderID] => 928903-03173027
    [Amount] => 93219
    [JobCd] => CAPTURE
    [action_status] => 1
    [pay_status] => 0
)
 from 125.103.220.45
2018/09/03 17:30:27 [/shop/shopping/load_payment_module.php] SendRequest:https://p01.mul-pay.jp/payment/ExecTran.idPass from 125.103.220.45
2018/09/03 17:30:27 [/shop/shopping/load_payment_module.php] Array
(
    [AccessID] => 01bb1c8965f3e37fd1a3b928efc5dbe0
    [AccessPass] => a224ed15a7f9c0016acd4355cde83219
    [OrderID] => 928903-03173027
    [Method] => 1
    [Token] => 359c4def4766eb689e8517150ae1993ff41a418142671bd468c7efe81c38459e
    [ClientField1] => 
    [ClientField2] => 
    [ClientField3] => EC-CUBE4.3.24
)
 from 125.103.220.45
2018/09/03 17:30:28 [/shop/shopping/load_payment_module.php] ACS=0&OrderID=928903-03173027&Forward=2S49631&Method=1&PayTimes=&Approve=0001801&TranID=1809031730602257210134137630&TranDate=20180903173028&CheckString=4018d3ef551e3578634e3e07b60af909 from 125.103.220.45
2018/09/03 17:30:28 [/shop/shopping/load_payment_module.php] Array
(
    [0] => Array
        (
            [ACS] => 0
            [OrderID] => 928903-03173027
            [Forward] => 2S49631
            [Method] => 1
            [PayTimes] => 
            [Approve] => 0001801
            [TranID] => 1809031730602257210134137630
            [TranDate] => 20180903173028
            [CheckString] => 4018d3ef551e3578634e3e07b60af909
        )

)
 from 125.103.220.45
2018/09/03 17:30:28 [/shop/shopping/load_payment_module.php] load_payment_module.php set payment data:Array
(
    [ACS] => 0
    [Forward] => 2S49631
    [Method] => 1
    [PayTimes] => 
    [Approve] => 0001801
    [TranID] => 1809031730602257210134137630
    [TranDate] => 20180903173028
    [CheckString] => 4018d3ef551e3578634e3e07b60af909
    [Amount] => 93219
    [JobCd] => CAPTURE
    [action_status] => 3
    [pay_status] => 13
)
 from 125.103.220.45
2018/09/03 17:33:44 [/shop/shopping/load_payment_module.php] SendRequest:https://p01.mul-pay.jp/payment/SearchMember.idPass from 112.200.231.97
2018/09/03 17:33:44 [/shop/shopping/load_payment_module.php] Array
(
    [SiteID] => mst0000007602
    [SitePass] => ******
    [MemberID] => 7308
)
 from 112.200.231.97
2018/09/03 17:33:44 [/shop/shopping/load_payment_module.php] ErrCode=E01&ErrInfo=E01390002 from 112.200.231.97
2018/09/03 17:33:44 [/shop/shopping/load_payment_module.php] Array
(
    [0] => Array
        (
            [ErrCode] => E01
            [ErrInfo] => E01390002
        )

)
 from 112.200.231.97
2018/09/03 17:33:44 [/shop/shopping/load_payment_module.php] SendRequest:https://p01.mul-pay.jp/payment/SearchCard.idPass from 112.200.231.97
2018/09/03 17:33:44 [/shop/shopping/load_payment_module.php] Array
(
    [SiteID] => mst0000007602
    [SitePass] => ******
    [MemberID] => 7308
)
 from 112.200.231.97
2018/09/03 17:33:44 [/shop/shopping/load_payment_module.php] ErrCode=E01|E01&ErrInfo=E01390002|E01240002 from 112.200.231.97
2018/09/03 17:33:44 [/shop/shopping/load_payment_module.php] Array
(
    [0] => Array
        (
            [ErrCode] => E01
            [ErrInfo] => E01390002
        )

    [1] => Array
        (
            [ErrCode] => E01
            [ErrInfo] => E01240002
        )

)
 from 112.200.231.97
2018/09/03 17:34:25 [/shop/shopping/load_payment_module.php] SendRequest:https://p01.mul-pay.jp/payment/SearchMember.idPass from 112.200.231.97
2018/09/03 17:34:25 [/shop/shopping/load_payment_module.php] Array
(
    [SiteID] => mst0000007602
    [SitePass] => ******
    [MemberID] => 7308
)
 from 112.200.231.97
2018/09/03 17:34:25 [/shop/shopping/load_payment_module.php] ErrCode=E01&ErrInfo=E01390002 from 112.200.231.97
2018/09/03 17:34:25 [/shop/shopping/load_payment_module.php] Array
(
    [0] => Array
        (
            [ErrCode] => E01
            [ErrInfo] => E01390002
        )

)
 from 112.200.231.97
2018/09/03 17:34:25 [/shop/shopping/load_payment_module.php] SendRequest:https://p01.mul-pay.jp/payment/SearchCard.idPass from 112.200.231.97
2018/09/03 17:34:25 [/shop/shopping/load_payment_module.php] Array
(
    [SiteID] => mst0000007602
    [SitePass] => ******
    [MemberID] => 7308
)
 from 112.200.231.97
2018/09/03 17:34:25 [/shop/shopping/load_payment_module.php] ErrCode=E01|E01&ErrInfo=E01390002|E01240002 from 112.200.231.97
2018/09/03 17:34:25 [/shop/shopping/load_payment_module.php] Array
(
    [0] => Array
        (
            [ErrCode] => E01
            [ErrInfo] => E01390002
        )

    [1] => Array
        (
            [ErrCode] => E01
            [ErrInfo] => E01240002
        )

)
 from 112.200.231.97
2018/09/03 17:34:25 [/shop/shopping/load_payment_module.php] SendRequest:https://p01.mul-pay.jp/payment/EntryTran.idPass from 112.200.231.97
2018/09/03 17:34:25 [/shop/shopping/load_payment_module.php] Array
(
    [ShopID] => 9000034600950
    [ShopPass] => ******
    [OrderID] => 928904-03173425
    [JobCd] => CAPTURE
    [Amount] => 6818
    [TdFlag] => 0
    [TdTenantName] => 
)
 from 112.200.231.97
2018/09/03 17:34:25 [/shop/shopping/load_payment_module.php] AccessID=ea25e70ce577008c4fe2e0f39aa071db&AccessPass=dbcc5c868df35e12af8a0215ff075b4a from 112.200.231.97
2018/09/03 17:34:25 [/shop/shopping/load_payment_module.php] Array
(
    [0] => Array
        (
            [AccessID] => ea25e70ce577008c4fe2e0f39aa071db
            [AccessPass] => dbcc5c868df35e12af8a0215ff075b4a
        )

)
 from 112.200.231.97
2018/09/03 17:34:25 [/shop/shopping/load_payment_module.php] load_payment_module.php set payment data:Array
(
    [AccessID] => ea25e70ce577008c4fe2e0f39aa071db
    [AccessPass] => dbcc5c868df35e12af8a0215ff075b4a
    [OrderID] => 928904-03173425
    [Amount] => 6818
    [JobCd] => CAPTURE
    [action_status] => 1
    [pay_status] => 0
)
 from 112.200.231.97
2018/09/03 17:34:25 [/shop/shopping/load_payment_module.php] SendRequest:https://p01.mul-pay.jp/payment/ExecTran.idPass from 112.200.231.97
2018/09/03 17:34:25 [/shop/shopping/load_payment_module.php] Array
(
    [AccessID] => ea25e70ce577008c4fe2e0f39aa071db
    [AccessPass] => dbcc5c868df35e12af8a0215ff075b4a
    [OrderID] => 928904-03173425
    [Method] => 1
    [Token] => 329f0a33349af8950b1b48a1e518ecbccfec774e262c86a00a956a7a8c1f32f4
    [ClientField1] => 
    [ClientField2] => 
    [ClientField3] => EC-CUBE4.3.24
)
 from 112.200.231.97
2018/09/03 17:34:28 [/shop/shopping/load_payment_module.php] ACS=0&OrderID=928904-03173425&Forward=2959876&Method=1&PayTimes=&Approve=0363020&TranID=1809031734602257210134117628&TranDate=20180903173428&CheckString=1c66384426d1b143fdfe897674f33c52 from 112.200.231.97
2018/09/03 17:34:28 [/shop/shopping/load_payment_module.php] Array
(
    [0] => Array
        (
            [ACS] => 0
            [OrderID] => 928904-03173425
            [Forward] => 2959876
            [Method] => 1
            [PayTimes] => 
            [Approve] => 0363020
            [TranID] => 1809031734602257210134117628
            [TranDate] => 20180903173428
            [CheckString] => 1c66384426d1b143fdfe897674f33c52
        )

)
 from 112.200.231.97
2018/09/03 17:34:28 [/shop/shopping/load_payment_module.php] load_payment_module.php set payment data:Array
(
    [ACS] => 0
    [Forward] => 2959876
    [Method] => 1
    [PayTimes] => 
    [Approve] => 0363020
    [TranID] => 1809031734602257210134117628
    [TranDate] => 20180903173428
    [CheckString] => 1c66384426d1b143fdfe897674f33c52
    [Amount] => 6818
    [JobCd] => CAPTURE
    [action_status] => 3
    [pay_status] => 13
)
 from 112.200.231.97
2018/09/03 17:38:39 [/shop/shopping/load_payment_module.php] SendRequest:https://p01.mul-pay.jp/payment/SearchMember.idPass from 219.164.21.77
2018/09/03 17:38:39 [/shop/shopping/load_payment_module.php] Array
(
    [SiteID] => mst0000007602
    [SitePass] => ******
    [MemberID] => 7708
)
 from 219.164.21.77
2018/09/03 17:38:39 [/shop/shopping/load_payment_module.php] ErrCode=E01&ErrInfo=E01390002 from 219.164.21.77
2018/09/03 17:38:39 [/shop/shopping/load_payment_module.php] Array
(
    [0] => Array
        (
            [ErrCode] => E01
            [ErrInfo] => E01390002
        )

)
 from 219.164.21.77
2018/09/03 17:38:39 [/shop/shopping/load_payment_module.php] SendRequest:https://p01.mul-pay.jp/payment/SearchCard.idPass from 219.164.21.77
2018/09/03 17:38:39 [/shop/shopping/load_payment_module.php] Array
(
    [SiteID] => mst0000007602
    [SitePass] => ******
    [MemberID] => 7708
)
 from 219.164.21.77
2018/09/03 17:38:39 [/shop/shopping/load_payment_module.php] ErrCode=E01|E01&ErrInfo=E01390002|E01240002 from 219.164.21.77
2018/09/03 17:38:39 [/shop/shopping/load_payment_module.php] Array
(
    [0] => Array
        (
            [ErrCode] => E01
            [ErrInfo] => E01390002
        )

    [1] => Array
        (
            [ErrCode] => E01
            [ErrInfo] => E01240002
        )

)
 from 219.164.21.77
2018/09/03 17:39:36 [/shop/shopping/load_payment_module.php] SendRequest:https://p01.mul-pay.jp/payment/SearchMember.idPass from 219.164.21.77
2018/09/03 17:39:36 [/shop/shopping/load_payment_module.php] Array
(
    [SiteID] => mst0000007602
    [SitePass] => ******
    [MemberID] => 7708
)
 from 219.164.21.77
2018/09/03 17:39:36 [/shop/shopping/load_payment_module.php] ErrCode=E01&ErrInfo=E01390002 from 219.164.21.77
2018/09/03 17:39:36 [/shop/shopping/load_payment_module.php] Array
(
    [0] => Array
        (
            [ErrCode] => E01
            [ErrInfo] => E01390002
        )

)
 from 219.164.21.77
2018/09/03 17:39:36 [/shop/shopping/load_payment_module.php] SendRequest:https://p01.mul-pay.jp/payment/SearchCard.idPass from 219.164.21.77
2018/09/03 17:39:36 [/shop/shopping/load_payment_module.php] Array
(
    [SiteID] => mst0000007602
    [SitePass] => ******
    [MemberID] => 7708
)
 from 219.164.21.77
2018/09/03 17:39:36 [/shop/shopping/load_payment_module.php] ErrCode=E01|E01&ErrInfo=E01390002|E01240002 from 219.164.21.77
2018/09/03 17:39:36 [/shop/shopping/load_payment_module.php] Array
(
    [0] => Array
        (
            [ErrCode] => E01
            [ErrInfo] => E01390002
        )

    [1] => Array
        (
            [ErrCode] => E01
            [ErrInfo] => E01240002
        )

)
 from 219.164.21.77
2018/09/03 17:39:36 [/shop/shopping/load_payment_module.php] SendRequest:https://p01.mul-pay.jp/payment/EntryTran.idPass from 219.164.21.77
2018/09/03 17:39:36 [/shop/shopping/load_payment_module.php] Array
(
    [ShopID] => 9000034600950
    [ShopPass] => ******
    [OrderID] => 928905-03173936
    [JobCd] => CAPTURE
    [Amount] => 4343
    [TdFlag] => 0
    [TdTenantName] => 
)
 from 219.164.21.77
2018/09/03 17:39:36 [/shop/shopping/load_payment_module.php] AccessID=5f587e79b828fb8dda3a40b57910386a&AccessPass=ccc366a20d55bb912f31fd8cbad8f2c5 from 219.164.21.77
2018/09/03 17:39:36 [/shop/shopping/load_payment_module.php] Array
(
    [0] => Array
        (
            [AccessID] => 5f587e79b828fb8dda3a40b57910386a
            [AccessPass] => ccc366a20d55bb912f31fd8cbad8f2c5
        )

)
 from 219.164.21.77
2018/09/03 17:39:36 [/shop/shopping/load_payment_module.php] load_payment_module.php set payment data:Array
(
    [AccessID] => 5f587e79b828fb8dda3a40b57910386a
    [AccessPass] => ccc366a20d55bb912f31fd8cbad8f2c5
    [OrderID] => 928905-03173936
    [Amount] => 4343
    [JobCd] => CAPTURE
    [action_status] => 1
    [pay_status] => 0
)
 from 219.164.21.77
2018/09/03 17:39:36 [/shop/shopping/load_payment_module.php] SendRequest:https://p01.mul-pay.jp/payment/ExecTran.idPass from 219.164.21.77
2018/09/03 17:39:36 [/shop/shopping/load_payment_module.php] Array
(
    [AccessID] => 5f587e79b828fb8dda3a40b57910386a
    [AccessPass] => ccc366a20d55bb912f31fd8cbad8f2c5
    [OrderID] => 928905-03173936
    [Method] => 1
    [Token] => fe93cc5f59ee00a1c5db75b39886ee142bb43e0df60ca22d8f32e2be3ea30773
    [ClientField1] => 
    [ClientField2] => 
    [ClientField3] => EC-CUBE4.3.24
)
 from 219.164.21.77
2018/09/03 17:39:37 [/shop/shopping/load_payment_module.php] ACS=0&OrderID=928905-03173936&Forward=2S49631&Method=1&PayTimes=&Approve=0045442&TranID=1809031739602257210134127694&TranDate=20180903173937&CheckString=14777a11a8719dbd800a705b7ec60957 from 219.164.21.77
2018/09/03 17:39:37 [/shop/shopping/load_payment_module.php] Array
(
    [0] => Array
        (
            [ACS] => 0
            [OrderID] => 928905-03173936
            [Forward] => 2S49631
            [Method] => 1
            [PayTimes] => 
            [Approve] => 0045442
            [TranID] => 1809031739602257210134127694
            [TranDate] => 20180903173937
            [CheckString] => 14777a11a8719dbd800a705b7ec60957
        )

)
 from 219.164.21.77
2018/09/03 17:39:37 [/shop/shopping/load_payment_module.php] load_payment_module.php set payment data:Array
(
    [ACS] => 0
    [Forward] => 2S49631
    [Method] => 1
    [PayTimes] => 
    [Approve] => 0045442
    [TranID] => 1809031739602257210134127694
    [TranDate] => 20180903173937
    [CheckString] => 14777a11a8719dbd800a705b7ec60957
    [Amount] => 4343
    [JobCd] => CAPTURE
    [action_status] => 3
    [pay_status] => 13
)
 from 219.164.21.77
2018/09/03 18:16:35 [/shop/shopping/load_payment_module.php] SendRequest:https://p01.mul-pay.jp/payment/SearchMember.idPass from 118.243.235.36
2018/09/03 18:16:35 [/shop/shopping/load_payment_module.php] Array
(
    [SiteID] => mst0000007602
    [SitePass] => ******
    [MemberID] => 1759
)
 from 118.243.235.36
2018/09/03 18:16:35 [/shop/shopping/load_payment_module.php] ErrCode=E01&ErrInfo=E01390002 from 118.243.235.36
2018/09/03 18:16:35 [/shop/shopping/load_payment_module.php] Array
(
    [0] => Array
        (
            [ErrCode] => E01
            [ErrInfo] => E01390002
        )

)
 from 118.243.235.36
2018/09/03 18:16:35 [/shop/shopping/load_payment_module.php] SendRequest:https://p01.mul-pay.jp/payment/SearchCard.idPass from 118.243.235.36
2018/09/03 18:16:35 [/shop/shopping/load_payment_module.php] Array
(
    [SiteID] => mst0000007602
    [SitePass] => ******
    [MemberID] => 1759
)
 from 118.243.235.36
2018/09/03 18:16:35 [/shop/shopping/load_payment_module.php] ErrCode=E01|E01&ErrInfo=E01390002|E01240002 from 118.243.235.36
2018/09/03 18:16:35 [/shop/shopping/load_payment_module.php] Array
(
    [0] => Array
        (
            [ErrCode] => E01
            [ErrInfo] => E01390002
        )

    [1] => Array
        (
            [ErrCode] => E01
            [ErrInfo] => E01240002
        )

)
 from 118.243.235.36
2018/09/03 18:17:23 [/shop/shopping/load_payment_module.php] SendRequest:https://p01.mul-pay.jp/payment/SearchMember.idPass from 118.243.235.36
2018/09/03 18:17:23 [/shop/shopping/load_payment_module.php] Array
(
    [SiteID] => mst0000007602
    [SitePass] => ******
    [MemberID] => 1759
)
 from 118.243.235.36
2018/09/03 18:17:23 [/shop/shopping/load_payment_module.php] ErrCode=E01&ErrInfo=E01390002 from 118.243.235.36
2018/09/03 18:17:23 [/shop/shopping/load_payment_module.php] Array
(
    [0] => Array
        (
            [ErrCode] => E01
            [ErrInfo] => E01390002
        )

)
 from 118.243.235.36
2018/09/03 18:17:23 [/shop/shopping/load_payment_module.php] SendRequest:https://p01.mul-pay.jp/payment/SearchCard.idPass from 118.243.235.36
2018/09/03 18:17:23 [/shop/shopping/load_payment_module.php] Array
(
    [SiteID] => mst0000007602
    [SitePass] => ******
    [MemberID] => 1759
)
 from 118.243.235.36
2018/09/03 18:17:24 [/shop/shopping/load_payment_module.php] ErrCode=E01|E01&ErrInfo=E01390002|E01240002 from 118.243.235.36
2018/09/03 18:17:24 [/shop/shopping/load_payment_module.php] Array
(
    [0] => Array
        (
            [ErrCode] => E01
            [ErrInfo] => E01390002
        )

    [1] => Array
        (
            [ErrCode] => E01
            [ErrInfo] => E01240002
        )

)
 from 118.243.235.36
2018/09/03 18:17:24 [/shop/shopping/load_payment_module.php] SendRequest:https://p01.mul-pay.jp/payment/EntryTran.idPass from 118.243.235.36
2018/09/03 18:17:24 [/shop/shopping/load_payment_module.php] Array
(
    [ShopID] => 9000034600950
    [ShopPass] => ******
    [OrderID] => 928907-03181724
    [JobCd] => CAPTURE
    [Amount] => 1
    [TdFlag] => 0
    [TdTenantName] => 
)
 from 118.243.235.36
2018/09/03 18:17:24 [/shop/shopping/load_payment_module.php] AccessID=01221baae9320f8980820ea30ea26375&AccessPass=259a0b7c16c46fe072581c99f0e97e5a from 118.243.235.36
2018/09/03 18:17:24 [/shop/shopping/load_payment_module.php] Array
(
    [0] => Array
        (
            [AccessID] => 01221baae9320f8980820ea30ea26375
            [AccessPass] => 259a0b7c16c46fe072581c99f0e97e5a
        )

)
 from 118.243.235.36
2018/09/03 18:17:24 [/shop/shopping/load_payment_module.php] load_payment_module.php set payment data:Array
(
    [AccessID] => 01221baae9320f8980820ea30ea26375
    [AccessPass] => 259a0b7c16c46fe072581c99f0e97e5a
    [OrderID] => 928907-03181724
    [Amount] => 1
    [JobCd] => CAPTURE
    [action_status] => 1
    [pay_status] => 0
)
 from 118.243.235.36
2018/09/03 18:17:24 [/shop/shopping/load_payment_module.php] SendRequest:https://p01.mul-pay.jp/payment/ExecTran.idPass from 118.243.235.36
2018/09/03 18:17:24 [/shop/shopping/load_payment_module.php] Array
(
    [AccessID] => 01221baae9320f8980820ea30ea26375
    [AccessPass] => 259a0b7c16c46fe072581c99f0e97e5a
    [OrderID] => 928907-03181724
    [Method] => 1
    [Token] => c265bb5547cd8cb55d207a875351de83be4c9d2dd3de04e91048d04dbf86cc14
    [ClientField1] => 
    [ClientField2] => 
    [ClientField3] => EC-CUBE4.3.24
)
 from 118.243.235.36
2018/09/03 18:17:25 [/shop/shopping/load_payment_module.php] ACS=0&OrderID=928907-03181724&Forward=2a99661&Method=1&PayTimes=&Approve=0354587&TranID=1809031817602257210134137631&TranDate=20180903181725&CheckString=9342d5cb70aa495034d122ace1e428ef from 118.243.235.36
2018/09/03 18:17:25 [/shop/shopping/load_payment_module.php] Array
(
    [0] => Array
        (
            [ACS] => 0
            [OrderID] => 928907-03181724
            [Forward] => 2a99661
            [Method] => 1
            [PayTimes] => 
            [Approve] => 0354587
            [TranID] => 1809031817602257210134137631
            [TranDate] => 20180903181725
            [CheckString] => 9342d5cb70aa495034d122ace1e428ef
        )

)
 from 118.243.235.36
2018/09/03 18:17:25 [/shop/shopping/load_payment_module.php] load_payment_module.php set payment data:Array
(
    [ACS] => 0
    [Forward] => 2a99661
    [Method] => 1
    [PayTimes] => 
    [Approve] => 0354587
    [TranID] => 1809031817602257210134137631
    [TranDate] => 20180903181725
    [CheckString] => 9342d5cb70aa495034d122ace1e428ef
    [Amount] => 1
    [JobCd] => CAPTURE
    [action_status] => 3
    [pay_status] => 13
)
 from 118.243.235.36
2018/09/03 18:47:11 [/shop/shopping/load_payment_module.php] SendRequest:https://p01.mul-pay.jp/payment/SearchMember.idPass from 88.25.113.94
2018/09/03 18:47:11 [/shop/shopping/load_payment_module.php] Array
(
    [SiteID] => mst0000007602
    [SitePass] => ******
    [MemberID] => 6425
)
 from 88.25.113.94
2018/09/03 18:47:11 [/shop/shopping/load_payment_module.php] ErrCode=E01&ErrInfo=E01390002 from 88.25.113.94
2018/09/03 18:47:11 [/shop/shopping/load_payment_module.php] Array
(
    [0] => Array
        (
            [ErrCode] => E01
            [ErrInfo] => E01390002
        )

)
 from 88.25.113.94
2018/09/03 18:47:11 [/shop/shopping/load_payment_module.php] SendRequest:https://p01.mul-pay.jp/payment/SearchCard.idPass from 88.25.113.94
2018/09/03 18:47:11 [/shop/shopping/load_payment_module.php] Array
(
    [SiteID] => mst0000007602
    [SitePass] => ******
    [MemberID] => 6425
)
 from 88.25.113.94
2018/09/03 18:47:11 [/shop/shopping/load_payment_module.php] ErrCode=E01|E01&ErrInfo=E01390002|E01240002 from 88.25.113.94
2018/09/03 18:47:11 [/shop/shopping/load_payment_module.php] Array
(
    [0] => Array
        (
            [ErrCode] => E01
            [ErrInfo] => E01390002
        )

    [1] => Array
        (
            [ErrCode] => E01
            [ErrInfo] => E01240002
        )

)
 from 88.25.113.94
2018/09/03 18:48:45 [/shop/shopping/load_payment_module.php] SendRequest:https://p01.mul-pay.jp/payment/SearchMember.idPass from 88.25.113.94
2018/09/03 18:48:45 [/shop/shopping/load_payment_module.php] Array
(
    [SiteID] => mst0000007602
    [SitePass] => ******
    [MemberID] => 6425
)
 from 88.25.113.94
2018/09/03 18:48:45 [/shop/shopping/load_payment_module.php] ErrCode=E01&ErrInfo=E01390002 from 88.25.113.94
2018/09/03 18:48:45 [/shop/shopping/load_payment_module.php] Array
(
    [0] => Array
        (
            [ErrCode] => E01
            [ErrInfo] => E01390002
        )

)
 from 88.25.113.94
2018/09/03 18:48:45 [/shop/shopping/load_payment_module.php] SendRequest:https://p01.mul-pay.jp/payment/SearchCard.idPass from 88.25.113.94
2018/09/03 18:48:45 [/shop/shopping/load_payment_module.php] Array
(
    [SiteID] => mst0000007602
    [SitePass] => ******
    [MemberID] => 6425
)
 from 88.25.113.94
2018/09/03 18:48:45 [/shop/shopping/load_payment_module.php] ErrCode=E01|E01&ErrInfo=E01390002|E01240002 from 88.25.113.94
2018/09/03 18:48:45 [/shop/shopping/load_payment_module.php] Array
(
    [0] => Array
        (
            [ErrCode] => E01
            [ErrInfo] => E01390002
        )

    [1] => Array
        (
            [ErrCode] => E01
            [ErrInfo] => E01240002
        )

)
 from 88.25.113.94
2018/09/03 18:48:45 [/shop/shopping/load_payment_module.php] SendRequest:https://p01.mul-pay.jp/payment/EntryTran.idPass from 88.25.113.94
2018/09/03 18:48:45 [/shop/shopping/load_payment_module.php] Array
(
    [ShopID] => 9000034600950
    [ShopPass] => ******
    [OrderID] => 928908-03184845
    [JobCd] => CAPTURE
    [Amount] => 1350
    [TdFlag] => 0
    [TdTenantName] => 
)
 from 88.25.113.94
2018/09/03 18:48:46 [/shop/shopping/load_payment_module.php] AccessID=dc564e579c7be3ce3c1f54cef3d9883c&AccessPass=fa11fd47b15c01fa8f8de1329b5de596 from 88.25.113.94
2018/09/03 18:48:46 [/shop/shopping/load_payment_module.php] Array
(
    [0] => Array
        (
            [AccessID] => dc564e579c7be3ce3c1f54cef3d9883c
            [AccessPass] => fa11fd47b15c01fa8f8de1329b5de596
        )

)
 from 88.25.113.94
2018/09/03 18:48:46 [/shop/shopping/load_payment_module.php] load_payment_module.php set payment data:Array
(
    [AccessID] => dc564e579c7be3ce3c1f54cef3d9883c
    [AccessPass] => fa11fd47b15c01fa8f8de1329b5de596
    [OrderID] => 928908-03184845
    [Amount] => 1350
    [JobCd] => CAPTURE
    [action_status] => 1
    [pay_status] => 0
)
 from 88.25.113.94
2018/09/03 18:48:46 [/shop/shopping/load_payment_module.php] SendRequest:https://p01.mul-pay.jp/payment/ExecTran.idPass from 88.25.113.94
2018/09/03 18:48:46 [/shop/shopping/load_payment_module.php] Array
(
    [AccessID] => dc564e579c7be3ce3c1f54cef3d9883c
    [AccessPass] => fa11fd47b15c01fa8f8de1329b5de596
    [OrderID] => 928908-03184845
    [Method] => 1
    [Token] => 0109be88010f19812c1effcd78f415f4aa12f4715e0642a1cf503974fc6e74f8
    [ClientField1] => 
    [ClientField2] => 
    [ClientField3] => EC-CUBE4.3.24
)
 from 88.25.113.94
2018/09/03 18:48:47 [/shop/shopping/load_payment_module.php] ACS=0&OrderID=928908-03184845&Forward=2S49631&Method=1&PayTimes=&Approve=0180173&TranID=1809031848602257210134127695&TranDate=20180903184847&CheckString=c2b3998f5635df4378b0574acbfb967d from 88.25.113.94
2018/09/03 18:48:47 [/shop/shopping/load_payment_module.php] Array
(
    [0] => Array
        (
            [ACS] => 0
            [OrderID] => 928908-03184845
            [Forward] => 2S49631
            [Method] => 1
            [PayTimes] => 
            [Approve] => 0180173
            [TranID] => 1809031848602257210134127695
            [TranDate] => 20180903184847
            [CheckString] => c2b3998f5635df4378b0574acbfb967d
        )

)
 from 88.25.113.94
2018/09/03 18:48:47 [/shop/shopping/load_payment_module.php] load_payment_module.php set payment data:Array
(
    [ACS] => 0
    [Forward] => 2S49631
    [Method] => 1
    [PayTimes] => 
    [Approve] => 0180173
    [TranID] => 1809031848602257210134127695
    [TranDate] => 20180903184847
    [CheckString] => c2b3998f5635df4378b0574acbfb967d
    [Amount] => 1350
    [JobCd] => CAPTURE
    [action_status] => 3
    [pay_status] => 13
)
 from 88.25.113.94
2018/09/03 20:28:38 [/shop/shopping/load_payment_module.php] SendRequest:https://p01.mul-pay.jp/payment/EntryTran.idPass from 110.140.187.75
2018/09/03 20:28:38 [/shop/shopping/load_payment_module.php] Array
(
    [ShopID] => 9000034600950
    [ShopPass] => ******
    [OrderID] => 928909-03202838
    [JobCd] => CAPTURE
    [Amount] => 7470
    [TdFlag] => 0
    [TdTenantName] => 
)
 from 110.140.187.75
2018/09/03 20:28:38 [/shop/shopping/load_payment_module.php] AccessID=38f380b7a25c12bffd0e342b1896020f&AccessPass=e302f436bf58f00cafaaf87c9126f55d from 110.140.187.75
2018/09/03 20:28:38 [/shop/shopping/load_payment_module.php] Array
(
    [0] => Array
        (
            [AccessID] => 38f380b7a25c12bffd0e342b1896020f
            [AccessPass] => e302f436bf58f00cafaaf87c9126f55d
        )

)
 from 110.140.187.75
2018/09/03 20:28:38 [/shop/shopping/load_payment_module.php] load_payment_module.php set payment data:Array
(
    [AccessID] => 38f380b7a25c12bffd0e342b1896020f
    [AccessPass] => e302f436bf58f00cafaaf87c9126f55d
    [OrderID] => 928909-03202838
    [Amount] => 7470
    [JobCd] => CAPTURE
    [action_status] => 1
    [pay_status] => 0
)
 from 110.140.187.75
2018/09/03 20:28:38 [/shop/shopping/load_payment_module.php] SendRequest:https://p01.mul-pay.jp/payment/ExecTran.idPass from 110.140.187.75
2018/09/03 20:28:38 [/shop/shopping/load_payment_module.php] Array
(
    [AccessID] => 38f380b7a25c12bffd0e342b1896020f
    [AccessPass] => e302f436bf58f00cafaaf87c9126f55d
    [OrderID] => 928909-03202838
    [Method] => 1
    [Token] => 6ece882faad0ed8aa36a9a55e4c7c055a8f64138445c5a2ff1ea98818ade6dc9
    [ClientField1] => 
    [ClientField2] => 
    [ClientField3] => EC-CUBE4.3.24
)
 from 110.140.187.75
2018/09/03 20:28:39 [/shop/shopping/load_payment_module.php] ACS=0&OrderID=928909-03202838&Forward=2959876&Method=1&PayTimes=&Approve=0231253&TranID=1809032028602257210134117629&TranDate=20180903202839&CheckString=e8dbb0d2e0d1d8d8e50b321c26ca8c4d from 110.140.187.75
2018/09/03 20:28:39 [/shop/shopping/load_payment_module.php] Array
(
    [0] => Array
        (
            [ACS] => 0
            [OrderID] => 928909-03202838
            [Forward] => 2959876
            [Method] => 1
            [PayTimes] => 
            [Approve] => 0231253
            [TranID] => 1809032028602257210134117629
            [TranDate] => 20180903202839
            [CheckString] => e8dbb0d2e0d1d8d8e50b321c26ca8c4d
        )

)
 from 110.140.187.75
2018/09/03 20:28:39 [/shop/shopping/load_payment_module.php] load_payment_module.php set payment data:Array
(
    [ACS] => 0
    [Forward] => 2959876
    [Method] => 1
    [PayTimes] => 
    [Approve] => 0231253
    [TranID] => 1809032028602257210134117629
    [TranDate] => 20180903202839
    [CheckString] => e8dbb0d2e0d1d8d8e50b321c26ca8c4d
    [Amount] => 7470
    [JobCd] => CAPTURE
    [action_status] => 3
    [pay_status] => 13
)
 from 110.140.187.75
2018/09/03 21:22:19 [/shop/shopping/load_payment_module.php] SendRequest:https://p01.mul-pay.jp/payment/EntryTran.idPass from 203.63.186.88
2018/09/03 21:22:19 [/shop/shopping/load_payment_module.php] Array
(
    [ShopID] => 9000034600950
    [ShopPass] => ******
    [OrderID] => 928911-03212219
    [JobCd] => CAPTURE
    [Amount] => 6660
    [TdFlag] => 0
    [TdTenantName] => 
)
 from 203.63.186.88
2018/09/03 21:22:20 [/shop/shopping/load_payment_module.php] AccessID=1a62a085c5c6301aa02249acc3c0e54b&AccessPass=986a8c01b1de0102f624aa52292f9a28 from 203.63.186.88
2018/09/03 21:22:20 [/shop/shopping/load_payment_module.php] Array
(
    [0] => Array
        (
            [AccessID] => 1a62a085c5c6301aa02249acc3c0e54b
            [AccessPass] => 986a8c01b1de0102f624aa52292f9a28
        )

)
 from 203.63.186.88
2018/09/03 21:22:20 [/shop/shopping/load_payment_module.php] load_payment_module.php set payment data:Array
(
    [AccessID] => 1a62a085c5c6301aa02249acc3c0e54b
    [AccessPass] => 986a8c01b1de0102f624aa52292f9a28
    [OrderID] => 928911-03212219
    [Amount] => 6660
    [JobCd] => CAPTURE
    [action_status] => 1
    [pay_status] => 0
)
 from 203.63.186.88
2018/09/03 21:22:20 [/shop/shopping/load_payment_module.php] SendRequest:https://p01.mul-pay.jp/payment/ExecTran.idPass from 203.63.186.88
2018/09/03 21:22:20 [/shop/shopping/load_payment_module.php] Array
(
    [AccessID] => 1a62a085c5c6301aa02249acc3c0e54b
    [AccessPass] => 986a8c01b1de0102f624aa52292f9a28
    [OrderID] => 928911-03212219
    [Method] => 1
    [Token] => 755d8899fc8bc2c48c1b67fbe60674f1e67acc5e23a0952fda9ed636b653ec17
    [ClientField1] => 
    [ClientField2] => 
    [ClientField3] => EC-CUBE4.3.24
)
 from 203.63.186.88
2018/09/03 21:22:21 [/shop/shopping/load_payment_module.php] ACS=0&OrderID=928911-03212219&Forward=2959876&Method=1&PayTimes=&Approve=0915682&TranID=1809032122602257210134117630&TranDate=20180903212221&CheckString=b818856b468c4f8ae6f835a1efa8dc1f from 203.63.186.88
2018/09/03 21:22:21 [/shop/shopping/load_payment_module.php] Array
(
    [0] => Array
        (
            [ACS] => 0
            [OrderID] => 928911-03212219
            [Forward] => 2959876
            [Method] => 1
            [PayTimes] => 
            [Approve] => 0915682
            [TranID] => 1809032122602257210134117630
            [TranDate] => 20180903212221
            [CheckString] => b818856b468c4f8ae6f835a1efa8dc1f
        )

)
 from 203.63.186.88
2018/09/03 21:22:21 [/shop/shopping/load_payment_module.php] load_payment_module.php set payment data:Array
(
    [ACS] => 0
    [Forward] => 2959876
    [Method] => 1
    [PayTimes] => 
    [Approve] => 0915682
    [TranID] => 1809032122602257210134117630
    [TranDate] => 20180903212221
    [CheckString] => b818856b468c4f8ae6f835a1efa8dc1f
    [Amount] => 6660
    [JobCd] => CAPTURE
    [action_status] => 3
    [pay_status] => 13
)
 from 203.63.186.88
2018/09/03 21:39:29 [/shop/shopping/load_payment_module.php] SendRequest:https://p01.mul-pay.jp/payment/SearchMember.idPass from 105.235.144.58
2018/09/03 21:39:29 [/shop/shopping/load_payment_module.php] Array
(
    [SiteID] => mst0000007602
    [SitePass] => ******
    [MemberID] => 5305
)
 from 105.235.144.58
2018/09/03 21:39:29 [/shop/shopping/load_payment_module.php] ErrCode=E01&ErrInfo=E01390002 from 105.235.144.58
2018/09/03 21:39:29 [/shop/shopping/load_payment_module.php] Array
(
    [0] => Array
        (
            [ErrCode] => E01
            [ErrInfo] => E01390002
        )

)
 from 105.235.144.58
2018/09/03 21:39:29 [/shop/shopping/load_payment_module.php] SendRequest:https://p01.mul-pay.jp/payment/SearchCard.idPass from 105.235.144.58
2018/09/03 21:39:29 [/shop/shopping/load_payment_module.php] Array
(
    [SiteID] => mst0000007602
    [SitePass] => ******
    [MemberID] => 5305
)
 from 105.235.144.58
2018/09/03 21:39:29 [/shop/shopping/load_payment_module.php] ErrCode=E01|E01&ErrInfo=E01390002|E01240002 from 105.235.144.58
2018/09/03 21:39:29 [/shop/shopping/load_payment_module.php] Array
(
    [0] => Array
        (
            [ErrCode] => E01
            [ErrInfo] => E01390002
        )

    [1] => Array
        (
            [ErrCode] => E01
            [ErrInfo] => E01240002
        )

)
 from 105.235.144.58
2018/09/03 21:41:04 [/shop/shopping/load_payment_module.php] SendRequest:https://p01.mul-pay.jp/payment/SearchMember.idPass from 105.235.144.58
2018/09/03 21:41:04 [/shop/shopping/load_payment_module.php] Array
(
    [SiteID] => mst0000007602
    [SitePass] => ******
    [MemberID] => 5305
)
 from 105.235.144.58
2018/09/03 21:41:04 [/shop/shopping/load_payment_module.php] ErrCode=E01&ErrInfo=E01390002 from 105.235.144.58
2018/09/03 21:41:04 [/shop/shopping/load_payment_module.php] Array
(
    [0] => Array
        (
            [ErrCode] => E01
            [ErrInfo] => E01390002
        )

)
 from 105.235.144.58
2018/09/03 21:41:04 [/shop/shopping/load_payment_module.php] SendRequest:https://p01.mul-pay.jp/payment/SearchCard.idPass from 105.235.144.58
2018/09/03 21:41:04 [/shop/shopping/load_payment_module.php] Array
(
    [SiteID] => mst0000007602
    [SitePass] => ******
    [MemberID] => 5305
)
 from 105.235.144.58
2018/09/03 21:41:05 [/shop/shopping/load_payment_module.php] ErrCode=E01|E01&ErrInfo=E01390002|E01240002 from 105.235.144.58
2018/09/03 21:41:05 [/shop/shopping/load_payment_module.php] Array
(
    [0] => Array
        (
            [ErrCode] => E01
            [ErrInfo] => E01390002
        )

    [1] => Array
        (
            [ErrCode] => E01
            [ErrInfo] => E01240002
        )

)
 from 105.235.144.58
2018/09/03 21:41:05 [/shop/shopping/load_payment_module.php] SendRequest:https://p01.mul-pay.jp/payment/EntryTran.idPass from 105.235.144.58
2018/09/03 21:41:05 [/shop/shopping/load_payment_module.php] Array
(
    [ShopID] => 9000034600950
    [ShopPass] => ******
    [OrderID] => 928912-03214105
    [JobCd] => CAPTURE
    [Amount] => 6560
    [TdFlag] => 0
    [TdTenantName] => 
)
 from 105.235.144.58
2018/09/03 21:41:05 [/shop/shopping/load_payment_module.php] AccessID=06e22ec1708816bc16e0493381c48f82&AccessPass=b2fd2c7dcc3e5a00568463cb74bc043f from 105.235.144.58
2018/09/03 21:41:05 [/shop/shopping/load_payment_module.php] Array
(
    [0] => Array
        (
            [AccessID] => 06e22ec1708816bc16e0493381c48f82
            [AccessPass] => b2fd2c7dcc3e5a00568463cb74bc043f
        )

)
 from 105.235.144.58
2018/09/03 21:41:05 [/shop/shopping/load_payment_module.php] load_payment_module.php set payment data:Array
(
    [AccessID] => 06e22ec1708816bc16e0493381c48f82
    [AccessPass] => b2fd2c7dcc3e5a00568463cb74bc043f
    [OrderID] => 928912-03214105
    [Amount] => 6560
    [JobCd] => CAPTURE
    [action_status] => 1
    [pay_status] => 0
)
 from 105.235.144.58
2018/09/03 21:41:05 [/shop/shopping/load_payment_module.php] SendRequest:https://p01.mul-pay.jp/payment/ExecTran.idPass from 105.235.144.58
2018/09/03 21:41:05 [/shop/shopping/load_payment_module.php] Array
(
    [AccessID] => 06e22ec1708816bc16e0493381c48f82
    [AccessPass] => b2fd2c7dcc3e5a00568463cb74bc043f
    [OrderID] => 928912-03214105
    [Method] => 1
    [Token] => fcca1f89004e258d8b32d346a02736f9658c0db5dc5043ebb5ea29d83ec51941
    [ClientField1] => 
    [ClientField2] => 
    [ClientField3] => EC-CUBE4.3.24
)
 from 105.235.144.58
2018/09/03 21:41:07 [/shop/shopping/load_payment_module.php] ACS=0&OrderID=928912-03214105&Forward=2S49631&Method=1&PayTimes=&Approve=0008600&TranID=1809032141602257210134117631&TranDate=20180903214107&CheckString=15e427e882205075e2d1a2ec4ff8924c from 105.235.144.58
2018/09/03 21:41:07 [/shop/shopping/load_payment_module.php] Array
(
    [0] => Array
        (
            [ACS] => 0
            [OrderID] => 928912-03214105
            [Forward] => 2S49631
            [Method] => 1
            [PayTimes] => 
            [Approve] => 0008600
            [TranID] => 1809032141602257210134117631
            [TranDate] => 20180903214107
            [CheckString] => 15e427e882205075e2d1a2ec4ff8924c
        )

)
 from 105.235.144.58
2018/09/03 21:41:07 [/shop/shopping/load_payment_module.php] load_payment_module.php set payment data:Array
(
    [ACS] => 0
    [Forward] => 2S49631
    [Method] => 1
    [PayTimes] => 
    [Approve] => 0008600
    [TranID] => 1809032141602257210134117631
    [TranDate] => 20180903214107
    [CheckString] => 15e427e882205075e2d1a2ec4ff8924c
    [Amount] => 6560
    [JobCd] => CAPTURE
    [action_status] => 3
    [pay_status] => 13
)
 from 105.235.144.58
2018/09/03 22:05:47 [/shop/shopping/load_payment_module.php] SendRequest:https://p01.mul-pay.jp/payment/EntryTran.idPass from 106.161.232.138
2018/09/03 22:05:47 [/shop/shopping/load_payment_module.php] Array
(
    [ShopID] => 9000034600950
    [ShopPass] => ******
    [OrderID] => 928913-03220547
    [JobCd] => CAPTURE
    [Amount] => 2340
    [TdFlag] => 0
    [TdTenantName] => 
)
 from 106.161.232.138
2018/09/03 22:05:47 [/shop/shopping/load_payment_module.php] AccessID=920c42764ca541d29112cab1e8cbc0c5&AccessPass=393fabdda7b136ee9a554c373008c40b from 106.161.232.138
2018/09/03 22:05:47 [/shop/shopping/load_payment_module.php] Array
(
    [0] => Array
        (
            [AccessID] => 920c42764ca541d29112cab1e8cbc0c5
            [AccessPass] => 393fabdda7b136ee9a554c373008c40b
        )

)
 from 106.161.232.138
2018/09/03 22:05:47 [/shop/shopping/load_payment_module.php] load_payment_module.php set payment data:Array
(
    [AccessID] => 920c42764ca541d29112cab1e8cbc0c5
    [AccessPass] => 393fabdda7b136ee9a554c373008c40b
    [OrderID] => 928913-03220547
    [Amount] => 2340
    [JobCd] => CAPTURE
    [action_status] => 1
    [pay_status] => 0
)
 from 106.161.232.138
2018/09/03 22:05:47 [/shop/shopping/load_payment_module.php] SendRequest:https://p01.mul-pay.jp/payment/ExecTran.idPass from 106.161.232.138
2018/09/03 22:05:47 [/shop/shopping/load_payment_module.php] Array
(
    [AccessID] => 920c42764ca541d29112cab1e8cbc0c5
    [AccessPass] => 393fabdda7b136ee9a554c373008c40b
    [OrderID] => 928913-03220547
    [Method] => 1
    [Token] => 6d6c44a520347b1aa5245f6ad1d243112703e14bb30622e8249cf72404eb9a74
    [ClientField1] => 
    [ClientField2] => 
    [ClientField3] => EC-CUBE4.3.24
)
 from 106.161.232.138
2018/09/03 22:05:50 [/shop/shopping/load_payment_module.php] ACS=0&OrderID=928913-03220547&Forward=2S49631&Method=1&PayTimes=&Approve=0749083&TranID=1809032205602257210134127696&TranDate=20180903220550&CheckString=7c2b180aa8ec1e348078cc400c9ef1cf from 106.161.232.138
2018/09/03 22:05:50 [/shop/shopping/load_payment_module.php] Array
(
    [0] => Array
        (
            [ACS] => 0
            [OrderID] => 928913-03220547
            [Forward] => 2S49631
            [Method] => 1
            [PayTimes] => 
            [Approve] => 0749083
            [TranID] => 1809032205602257210134127696
            [TranDate] => 20180903220550
            [CheckString] => 7c2b180aa8ec1e348078cc400c9ef1cf
        )

)
 from 106.161.232.138
2018/09/03 22:05:50 [/shop/shopping/load_payment_module.php] load_payment_module.php set payment data:Array
(
    [ACS] => 0
    [Forward] => 2S49631
    [Method] => 1
    [PayTimes] => 
    [Approve] => 0749083
    [TranID] => 1809032205602257210134127696
    [TranDate] => 20180903220550
    [CheckString] => 7c2b180aa8ec1e348078cc400c9ef1cf
    [Amount] => 2340
    [JobCd] => CAPTURE
    [action_status] => 3
    [pay_status] => 13
)
 from 106.161.232.138
2018/09/03 22:29:05 [/shop/shopping/load_payment_module.php] SendRequest:https://p01.mul-pay.jp/payment/EntryTran.idPass from 31.10.166.109
2018/09/03 22:29:05 [/shop/shopping/load_payment_module.php] Array
(
    [ShopID] => 9000034600950
    [ShopPass] => ******
    [OrderID] => 928914-03222905
    [JobCd] => CAPTURE
    [Amount] => 8370
    [TdFlag] => 0
    [TdTenantName] => 
)
 from 31.10.166.109
2018/09/03 22:29:05 [/shop/shopping/load_payment_module.php] AccessID=a083152d2f691ba332c2f9dc12062b22&AccessPass=bc05730ed10ee8b9d3895b7cd7485d48 from 31.10.166.109
2018/09/03 22:29:05 [/shop/shopping/load_payment_module.php] Array
(
    [0] => Array
        (
            [AccessID] => a083152d2f691ba332c2f9dc12062b22
            [AccessPass] => bc05730ed10ee8b9d3895b7cd7485d48
        )

)
 from 31.10.166.109
2018/09/03 22:29:05 [/shop/shopping/load_payment_module.php] load_payment_module.php set payment data:Array
(
    [AccessID] => a083152d2f691ba332c2f9dc12062b22
    [AccessPass] => bc05730ed10ee8b9d3895b7cd7485d48
    [OrderID] => 928914-03222905
    [Amount] => 8370
    [JobCd] => CAPTURE
    [action_status] => 1
    [pay_status] => 0
)
 from 31.10.166.109
2018/09/03 22:29:05 [/shop/shopping/load_payment_module.php] SendRequest:https://p01.mul-pay.jp/payment/ExecTran.idPass from 31.10.166.109
2018/09/03 22:29:05 [/shop/shopping/load_payment_module.php] Array
(
    [AccessID] => a083152d2f691ba332c2f9dc12062b22
    [AccessPass] => bc05730ed10ee8b9d3895b7cd7485d48
    [OrderID] => 928914-03222905
    [Method] => 1
    [Token] => 1f889f4bb15a5a41b16b9cb0d267b1ef0fed406f614acd23024dfeb931178934
    [ClientField1] => 
    [ClientField2] => 
    [ClientField3] => EC-CUBE4.3.24
)
 from 31.10.166.109
2018/09/03 22:29:07 [/shop/shopping/load_payment_module.php] ACS=0&OrderID=928914-03222905&Forward=2959876&Method=1&PayTimes=&Approve=0414539&TranID=1809032229602257210134127697&TranDate=20180903222907&CheckString=4839b34b1b15de288806db0ec28a879a from 31.10.166.109
2018/09/03 22:29:07 [/shop/shopping/load_payment_module.php] Array
(
    [0] => Array
        (
            [ACS] => 0
            [OrderID] => 928914-03222905
            [Forward] => 2959876
            [Method] => 1
            [PayTimes] => 
            [Approve] => 0414539
            [TranID] => 1809032229602257210134127697
            [TranDate] => 20180903222907
            [CheckString] => 4839b34b1b15de288806db0ec28a879a
        )

)
 from 31.10.166.109
2018/09/03 22:29:07 [/shop/shopping/load_payment_module.php] load_payment_module.php set payment data:Array
(
    [ACS] => 0
    [Forward] => 2959876
    [Method] => 1
    [PayTimes] => 
    [Approve] => 0414539
    [TranID] => 1809032229602257210134127697
    [TranDate] => 20180903222907
    [CheckString] => 4839b34b1b15de288806db0ec28a879a
    [Amount] => 8370
    [JobCd] => CAPTURE
    [action_status] => 3
    [pay_status] => 13
)
 from 31.10.166.109
