2019/07/03 01:51:26 [/shop/shopping/load_payment_module.php] SendRequest:https://p01.mul-pay.jp/payment/EntryTran.idPass from 4.30.79.129
2019/07/03 01:51:26 [/shop/shopping/load_payment_module.php] Array
(
    [ShopID] => 9000034600950
    [ShopPass] => ******
    [OrderID] => 938337-03015126
    [JobCd] => CAPTURE
    [Amount] => 7110
    [TdFlag] => 0
    [TdTenantName] => 
)
 from 4.30.79.129
2019/07/03 01:51:27 [/shop/shopping/load_payment_module.php] AccessID=27e2e7ecb14ad9338477488671c2e1fc&AccessPass=da025e9e0ae161d634de957ab6c192ab from 4.30.79.129
2019/07/03 01:51:27 [/shop/shopping/load_payment_module.php] Array
(
    [0] => Array
        (
            [AccessID] => 27e2e7ecb14ad9338477488671c2e1fc
            [AccessPass] => da025e9e0ae161d634de957ab6c192ab
        )

)
 from 4.30.79.129
2019/07/03 01:51:27 [/shop/shopping/load_payment_module.php] load_payment_module.php set payment data:Array
(
    [AccessID] => 27e2e7ecb14ad9338477488671c2e1fc
    [AccessPass] => da025e9e0ae161d634de957ab6c192ab
    [OrderID] => 938337-03015126
    [Amount] => 7110
    [JobCd] => CAPTURE
    [action_status] => 1
    [pay_status] => 0
)
 from 4.30.79.129
2019/07/03 01:51:27 [/shop/shopping/load_payment_module.php] SendRequest:https://p01.mul-pay.jp/payment/ExecTran.idPass from 4.30.79.129
2019/07/03 01:51:27 [/shop/shopping/load_payment_module.php] Array
(
    [AccessID] => 27e2e7ecb14ad9338477488671c2e1fc
    [AccessPass] => da025e9e0ae161d634de957ab6c192ab
    [OrderID] => 938337-03015126
    [Method] => 1
    [Token] => 0d0748a7872d3cac51e561e4dae07fba78e7b6663de401af0e2f96cb534c0b16
    [ClientField1] => 
    [ClientField2] => 
    [ClientField3] => EC-CUBE4.3.24
)
 from 4.30.79.129
2019/07/03 01:51:27 [/shop/shopping/load_payment_module.php] ACS=0&OrderID=938337-03015126&Forward=2S49631&Method=1&PayTimes=&Approve=0001036&TranID=1907030151602257210134111073&TranDate=20190703015127&CheckString=467c53396d043c745b3155aea343bd1f from 4.30.79.129
2019/07/03 01:51:27 [/shop/shopping/load_payment_module.php] Array
(
    [0] => Array
        (
            [ACS] => 0
            [OrderID] => 938337-03015126
            [Forward] => 2S49631
            [Method] => 1
            [PayTimes] => 
            [Approve] => 0001036
            [TranID] => 1907030151602257210134111073
            [TranDate] => 20190703015127
            [CheckString] => 467c53396d043c745b3155aea343bd1f
        )

)
 from 4.30.79.129
2019/07/03 01:51:27 [/shop/shopping/load_payment_module.php] load_payment_module.php set payment data:Array
(
    [ACS] => 0
    [Forward] => 2S49631
    [Method] => 1
    [PayTimes] => 
    [Approve] => 0001036
    [TranID] => 1907030151602257210134111073
    [TranDate] => 20190703015127
    [CheckString] => 467c53396d043c745b3155aea343bd1f
    [Amount] => 7110
    [JobCd] => CAPTURE
    [action_status] => 3
    [pay_status] => 13
)
 from 4.30.79.129
2019/07/03 03:12:52 [/shop/shopping/load_payment_module.php] SendRequest:https://p01.mul-pay.jp/payment/EntryTran.idPass from 12.171.88.10
2019/07/03 03:12:52 [/shop/shopping/load_payment_module.php] Array
(
    [ShopID] => 9000034600950
    [ShopPass] => ******
    [OrderID] => 938338-03031252
    [JobCd] => CAPTURE
    [Amount] => 3830
    [TdFlag] => 0
    [TdTenantName] => 
)
 from 12.171.88.10
2019/07/03 03:12:53 [/shop/shopping/load_payment_module.php] AccessID=5e0756647877e6b282ba428990316e50&AccessPass=63fd6a7a41501cd09ea5648cf3679540 from 12.171.88.10
2019/07/03 03:12:53 [/shop/shopping/load_payment_module.php] Array
(
    [0] => Array
        (
            [AccessID] => 5e0756647877e6b282ba428990316e50
            [AccessPass] => 63fd6a7a41501cd09ea5648cf3679540
        )

)
 from 12.171.88.10
2019/07/03 03:12:53 [/shop/shopping/load_payment_module.php] load_payment_module.php set payment data:Array
(
    [AccessID] => 5e0756647877e6b282ba428990316e50
    [AccessPass] => 63fd6a7a41501cd09ea5648cf3679540
    [OrderID] => 938338-03031252
    [Amount] => 3830
    [JobCd] => CAPTURE
    [action_status] => 1
    [pay_status] => 0
)
 from 12.171.88.10
2019/07/03 03:12:53 [/shop/shopping/load_payment_module.php] SendRequest:https://p01.mul-pay.jp/payment/ExecTran.idPass from 12.171.88.10
2019/07/03 03:12:53 [/shop/shopping/load_payment_module.php] Array
(
    [AccessID] => 5e0756647877e6b282ba428990316e50
    [AccessPass] => 63fd6a7a41501cd09ea5648cf3679540
    [OrderID] => 938338-03031252
    [Method] => 1
    [Token] => 811d29eaf5ebd2e8d272973359cc126e8a115e36de0d1436620e24cb1ca3729e
    [ClientField1] => 
    [ClientField2] => 
    [ClientField3] => EC-CUBE4.3.24
)
 from 12.171.88.10
2019/07/03 03:12:54 [/shop/shopping/load_payment_module.php] ACS=0&OrderID=938338-03031252&Forward=2a99661&Method=1&PayTimes=&Approve=0000059&TranID=1907030312602257210134111074&TranDate=20190703031254&CheckString=be5d7a9c644d3292e80eb0a4d2fe452d from 12.171.88.10
2019/07/03 03:12:54 [/shop/shopping/load_payment_module.php] Array
(
    [0] => Array
        (
            [ACS] => 0
            [OrderID] => 938338-03031252
            [Forward] => 2a99661
            [Method] => 1
            [PayTimes] => 
            [Approve] => 0000059
            [TranID] => 1907030312602257210134111074
            [TranDate] => 20190703031254
            [CheckString] => be5d7a9c644d3292e80eb0a4d2fe452d
        )

)
 from 12.171.88.10
2019/07/03 03:12:54 [/shop/shopping/load_payment_module.php] load_payment_module.php set payment data:Array
(
    [ACS] => 0
    [Forward] => 2a99661
    [Method] => 1
    [PayTimes] => 
    [Approve] => 0000059
    [TranID] => 1907030312602257210134111074
    [TranDate] => 20190703031254
    [CheckString] => be5d7a9c644d3292e80eb0a4d2fe452d
    [Amount] => 3830
    [JobCd] => CAPTURE
    [action_status] => 3
    [pay_status] => 13
)
 from 12.171.88.10
2019/07/03 03:15:23 [/shop/shopping/load_payment_module.php] SendRequest:https://p01.mul-pay.jp/payment/SearchMember.idPass from 64.47.22.18
2019/07/03 03:15:23 [/shop/shopping/load_payment_module.php] Array
(
    [SiteID] => mst0000007602
    [SitePass] => ******
    [MemberID] => 8960
)
 from 64.47.22.18
2019/07/03 03:15:23 [/shop/shopping/load_payment_module.php] ErrCode=E01&ErrInfo=E01390002 from 64.47.22.18
2019/07/03 03:15:23 [/shop/shopping/load_payment_module.php] Array
(
    [0] => Array
        (
            [ErrCode] => E01
            [ErrInfo] => E01390002
        )

)
 from 64.47.22.18
2019/07/03 03:15:23 [/shop/shopping/load_payment_module.php] SendRequest:https://p01.mul-pay.jp/payment/SearchCard.idPass from 64.47.22.18
2019/07/03 03:15:23 [/shop/shopping/load_payment_module.php] Array
(
    [SiteID] => mst0000007602
    [SitePass] => ******
    [MemberID] => 8960
)
 from 64.47.22.18
2019/07/03 03:15:23 [/shop/shopping/load_payment_module.php] ErrCode=E01|E01&ErrInfo=E01390002|E01240002 from 64.47.22.18
2019/07/03 03:15:23 [/shop/shopping/load_payment_module.php] Array
(
    [0] => Array
        (
            [ErrCode] => E01
            [ErrInfo] => E01390002
        )

    [1] => Array
        (
            [ErrCode] => E01
            [ErrInfo] => E01240002
        )

)
 from 64.47.22.18
2019/07/03 03:16:04 [/shop/shopping/load_payment_module.php] SendRequest:https://p01.mul-pay.jp/payment/SearchMember.idPass from 64.47.22.18
2019/07/03 03:16:04 [/shop/shopping/load_payment_module.php] Array
(
    [SiteID] => mst0000007602
    [SitePass] => ******
    [MemberID] => 8960
)
 from 64.47.22.18
2019/07/03 03:16:04 [/shop/shopping/load_payment_module.php] ErrCode=E01&ErrInfo=E01390002 from 64.47.22.18
2019/07/03 03:16:04 [/shop/shopping/load_payment_module.php] Array
(
    [0] => Array
        (
            [ErrCode] => E01
            [ErrInfo] => E01390002
        )

)
 from 64.47.22.18
2019/07/03 03:16:04 [/shop/shopping/load_payment_module.php] SendRequest:https://p01.mul-pay.jp/payment/SearchCard.idPass from 64.47.22.18
2019/07/03 03:16:04 [/shop/shopping/load_payment_module.php] Array
(
    [SiteID] => mst0000007602
    [SitePass] => ******
    [MemberID] => 8960
)
 from 64.47.22.18
2019/07/03 03:16:04 [/shop/shopping/load_payment_module.php] ErrCode=E01|E01&ErrInfo=E01390002|E01240002 from 64.47.22.18
2019/07/03 03:16:04 [/shop/shopping/load_payment_module.php] Array
(
    [0] => Array
        (
            [ErrCode] => E01
            [ErrInfo] => E01390002
        )

    [1] => Array
        (
            [ErrCode] => E01
            [ErrInfo] => E01240002
        )

)
 from 64.47.22.18
2019/07/03 03:16:04 [/shop/shopping/load_payment_module.php] SendRequest:https://p01.mul-pay.jp/payment/EntryTran.idPass from 64.47.22.18
2019/07/03 03:16:04 [/shop/shopping/load_payment_module.php] Array
(
    [ShopID] => 9000034600950
    [ShopPass] => ******
    [OrderID] => 938339-03031604
    [JobCd] => CAPTURE
    [Amount] => 9870
    [TdFlag] => 0
    [TdTenantName] => 
)
 from 64.47.22.18
2019/07/03 03:16:04 [/shop/shopping/load_payment_module.php] AccessID=1afe1c0c041b76406403083021fe3ba4&AccessPass=f1cd593f08cfd835f45cb683cbf5bf00 from 64.47.22.18
2019/07/03 03:16:04 [/shop/shopping/load_payment_module.php] Array
(
    [0] => Array
        (
            [AccessID] => 1afe1c0c041b76406403083021fe3ba4
            [AccessPass] => f1cd593f08cfd835f45cb683cbf5bf00
        )

)
 from 64.47.22.18
2019/07/03 03:16:04 [/shop/shopping/load_payment_module.php] load_payment_module.php set payment data:Array
(
    [AccessID] => 1afe1c0c041b76406403083021fe3ba4
    [AccessPass] => f1cd593f08cfd835f45cb683cbf5bf00
    [OrderID] => 938339-03031604
    [Amount] => 9870
    [JobCd] => CAPTURE
    [action_status] => 1
    [pay_status] => 0
)
 from 64.47.22.18
2019/07/03 03:16:04 [/shop/shopping/load_payment_module.php] SendRequest:https://p01.mul-pay.jp/payment/ExecTran.idPass from 64.47.22.18
2019/07/03 03:16:04 [/shop/shopping/load_payment_module.php] Array
(
    [AccessID] => 1afe1c0c041b76406403083021fe3ba4
    [AccessPass] => f1cd593f08cfd835f45cb683cbf5bf00
    [OrderID] => 938339-03031604
    [Method] => 1
    [Token] => cd34ac0bc2bb5e2e07f0c69e5d40629a27d20fd0d22636b4132db3265c033099
    [ClientField1] => 
    [ClientField2] => 
    [ClientField3] => EC-CUBE4.3.24
)
 from 64.47.22.18
2019/07/03 03:16:06 [/shop/shopping/load_payment_module.php] ACS=0&OrderID=938339-03031604&Forward=2a99661&Method=1&PayTimes=&Approve=0000063&TranID=1907030316602257210134131038&TranDate=20190703031606&CheckString=aeb92c9e4973d4ec64db2d57b3fcb0f4 from 64.47.22.18
2019/07/03 03:16:06 [/shop/shopping/load_payment_module.php] Array
(
    [0] => Array
        (
            [ACS] => 0
            [OrderID] => 938339-03031604
            [Forward] => 2a99661
            [Method] => 1
            [PayTimes] => 
            [Approve] => 0000063
            [TranID] => 1907030316602257210134131038
            [TranDate] => 20190703031606
            [CheckString] => aeb92c9e4973d4ec64db2d57b3fcb0f4
        )

)
 from 64.47.22.18
2019/07/03 03:16:06 [/shop/shopping/load_payment_module.php] load_payment_module.php set payment data:Array
(
    [ACS] => 0
    [Forward] => 2a99661
    [Method] => 1
    [PayTimes] => 
    [Approve] => 0000063
    [TranID] => 1907030316602257210134131038
    [TranDate] => 20190703031606
    [CheckString] => aeb92c9e4973d4ec64db2d57b3fcb0f4
    [Amount] => 9870
    [JobCd] => CAPTURE
    [action_status] => 3
    [pay_status] => 13
)
 from 64.47.22.18
2019/07/03 03:26:16 [/shop/shopping/load_payment_module.php] SendRequest:https://p01.mul-pay.jp/payment/EntryTran.idPass from 187.37.196.60
2019/07/03 03:26:16 [/shop/shopping/load_payment_module.php] Array
(
    [ShopID] => 9000034600950
    [ShopPass] => ******
    [OrderID] => 938340-03032616
    [JobCd] => CAPTURE
    [Amount] => 11370
    [TdFlag] => 0
    [TdTenantName] => 
)
 from 187.37.196.60
2019/07/03 03:26:16 [/shop/shopping/load_payment_module.php] AccessID=f60a1599013dc90e47f22d7fff57f0c6&AccessPass=33c2c6b86985f18e431d431f8b621c9e from 187.37.196.60
2019/07/03 03:26:16 [/shop/shopping/load_payment_module.php] Array
(
    [0] => Array
        (
            [AccessID] => f60a1599013dc90e47f22d7fff57f0c6
            [AccessPass] => 33c2c6b86985f18e431d431f8b621c9e
        )

)
 from 187.37.196.60
2019/07/03 03:26:16 [/shop/shopping/load_payment_module.php] load_payment_module.php set payment data:Array
(
    [AccessID] => f60a1599013dc90e47f22d7fff57f0c6
    [AccessPass] => 33c2c6b86985f18e431d431f8b621c9e
    [OrderID] => 938340-03032616
    [Amount] => 11370
    [JobCd] => CAPTURE
    [action_status] => 1
    [pay_status] => 0
)
 from 187.37.196.60
2019/07/03 03:26:16 [/shop/shopping/load_payment_module.php] SendRequest:https://p01.mul-pay.jp/payment/ExecTran.idPass from 187.37.196.60
2019/07/03 03:26:16 [/shop/shopping/load_payment_module.php] Array
(
    [AccessID] => f60a1599013dc90e47f22d7fff57f0c6
    [AccessPass] => 33c2c6b86985f18e431d431f8b621c9e
    [OrderID] => 938340-03032616
    [Method] => 1
    [Token] => 467f0565ab136017482269a337959e337daf7d6ab72ec3dbd88b7f63d254e4e1
    [ClientField1] => 
    [ClientField2] => 
    [ClientField3] => EC-CUBE4.3.24
)
 from 187.37.196.60
2019/07/03 03:26:17 [/shop/shopping/load_payment_module.php] ACS=0&OrderID=938340-03032616&Forward=2959876&Method=1&PayTimes=&Approve=0261765&TranID=1907030326602257210134121114&TranDate=20190703032617&CheckString=e75dabb9145a514b12871428327e1f4e from 187.37.196.60
2019/07/03 03:26:17 [/shop/shopping/load_payment_module.php] Array
(
    [0] => Array
        (
            [ACS] => 0
            [OrderID] => 938340-03032616
            [Forward] => 2959876
            [Method] => 1
            [PayTimes] => 
            [Approve] => 0261765
            [TranID] => 1907030326602257210134121114
            [TranDate] => 20190703032617
            [CheckString] => e75dabb9145a514b12871428327e1f4e
        )

)
 from 187.37.196.60
2019/07/03 03:26:17 [/shop/shopping/load_payment_module.php] load_payment_module.php set payment data:Array
(
    [ACS] => 0
    [Forward] => 2959876
    [Method] => 1
    [PayTimes] => 
    [Approve] => 0261765
    [TranID] => 1907030326602257210134121114
    [TranDate] => 20190703032617
    [CheckString] => e75dabb9145a514b12871428327e1f4e
    [Amount] => 11370
    [JobCd] => CAPTURE
    [action_status] => 3
    [pay_status] => 13
)
 from 187.37.196.60
2019/07/03 04:39:32 [/shop/shopping/load_payment_module.php] SendRequest:https://p01.mul-pay.jp/payment/EntryTran.idPass from 158.181.96.106
2019/07/03 04:39:32 [/shop/shopping/load_payment_module.php] Array
(
    [ShopID] => 9000034600950
    [ShopPass] => ******
    [OrderID] => 938341-03043932
    [JobCd] => CAPTURE
    [Amount] => 9320
    [TdFlag] => 0
    [TdTenantName] => 
)
 from 158.181.96.106
2019/07/03 04:39:32 [/shop/shopping/load_payment_module.php] AccessID=d09cd1eed2f05c2bc8633fa8300bb588&AccessPass=671363f979ddf1e354f24b439f3f56e5 from 158.181.96.106
2019/07/03 04:39:32 [/shop/shopping/load_payment_module.php] Array
(
    [0] => Array
        (
            [AccessID] => d09cd1eed2f05c2bc8633fa8300bb588
            [AccessPass] => 671363f979ddf1e354f24b439f3f56e5
        )

)
 from 158.181.96.106
2019/07/03 04:39:32 [/shop/shopping/load_payment_module.php] load_payment_module.php set payment data:Array
(
    [AccessID] => d09cd1eed2f05c2bc8633fa8300bb588
    [AccessPass] => 671363f979ddf1e354f24b439f3f56e5
    [OrderID] => 938341-03043932
    [Amount] => 9320
    [JobCd] => CAPTURE
    [action_status] => 1
    [pay_status] => 0
)
 from 158.181.96.106
2019/07/03 04:39:32 [/shop/shopping/load_payment_module.php] SendRequest:https://p01.mul-pay.jp/payment/ExecTran.idPass from 158.181.96.106
2019/07/03 04:39:32 [/shop/shopping/load_payment_module.php] Array
(
    [AccessID] => d09cd1eed2f05c2bc8633fa8300bb588
    [AccessPass] => 671363f979ddf1e354f24b439f3f56e5
    [OrderID] => 938341-03043932
    [Method] => 1
    [Token] => 6e396e00bd702dbad795dc08b171037af302f08ef0a66dacbad7409f9e8135f4
    [ClientField1] => 
    [ClientField2] => 
    [ClientField3] => EC-CUBE4.3.24
)
 from 158.181.96.106
2019/07/03 04:39:33 [/shop/shopping/load_payment_module.php] ACS=0&OrderID=938341-03043932&Forward=2959876&Method=1&PayTimes=&Approve=0959688&TranID=1907030439602257210134121115&TranDate=20190703043933&CheckString=5d68961caa6aec324d61b2204f80e151 from 158.181.96.106
2019/07/03 04:39:33 [/shop/shopping/load_payment_module.php] Array
(
    [0] => Array
        (
            [ACS] => 0
            [OrderID] => 938341-03043932
            [Forward] => 2959876
            [Method] => 1
            [PayTimes] => 
            [Approve] => 0959688
            [TranID] => 1907030439602257210134121115
            [TranDate] => 20190703043933
            [CheckString] => 5d68961caa6aec324d61b2204f80e151
        )

)
 from 158.181.96.106
2019/07/03 04:39:33 [/shop/shopping/load_payment_module.php] load_payment_module.php set payment data:Array
(
    [ACS] => 0
    [Forward] => 2959876
    [Method] => 1
    [PayTimes] => 
    [Approve] => 0959688
    [TranID] => 1907030439602257210134121115
    [TranDate] => 20190703043933
    [CheckString] => 5d68961caa6aec324d61b2204f80e151
    [Amount] => 9320
    [JobCd] => CAPTURE
    [action_status] => 3
    [pay_status] => 13
)
 from 158.181.96.106
2019/07/03 05:25:55 [/shop/shopping/load_payment_module.php] SendRequest:https://p01.mul-pay.jp/payment/EntryTran.idPass from 82.42.78.70
2019/07/03 05:25:55 [/shop/shopping/load_payment_module.php] Array
(
    [ShopID] => 9000034600950
    [ShopPass] => ******
    [OrderID] => 938342-03052555
    [JobCd] => CAPTURE
    [Amount] => 9870
    [TdFlag] => 0
    [TdTenantName] => 
)
 from 82.42.78.70
2019/07/03 05:25:55 [/shop/shopping/load_payment_module.php] AccessID=0522bdb09da9a3aa27df6570017a0f6d&AccessPass=5b0ca06c9b8d58d19a304f80d73a2751 from 82.42.78.70
2019/07/03 05:25:55 [/shop/shopping/load_payment_module.php] Array
(
    [0] => Array
        (
            [AccessID] => 0522bdb09da9a3aa27df6570017a0f6d
            [AccessPass] => 5b0ca06c9b8d58d19a304f80d73a2751
        )

)
 from 82.42.78.70
2019/07/03 05:25:55 [/shop/shopping/load_payment_module.php] load_payment_module.php set payment data:Array
(
    [AccessID] => 0522bdb09da9a3aa27df6570017a0f6d
    [AccessPass] => 5b0ca06c9b8d58d19a304f80d73a2751
    [OrderID] => 938342-03052555
    [Amount] => 9870
    [JobCd] => CAPTURE
    [action_status] => 1
    [pay_status] => 0
)
 from 82.42.78.70
2019/07/03 05:25:55 [/shop/shopping/load_payment_module.php] SendRequest:https://p01.mul-pay.jp/payment/ExecTran.idPass from 82.42.78.70
2019/07/03 05:25:55 [/shop/shopping/load_payment_module.php] Array
(
    [AccessID] => 0522bdb09da9a3aa27df6570017a0f6d
    [AccessPass] => 5b0ca06c9b8d58d19a304f80d73a2751
    [OrderID] => 938342-03052555
    [Method] => 1
    [Token] => ace5c4af2b5cdfac314b5f6281b731bdcb4466db7d06d5d3a9e87cc73a3d5a40
    [ClientField1] => 
    [ClientField2] => 
    [ClientField3] => EC-CUBE4.3.24
)
 from 82.42.78.70
2019/07/03 05:25:56 [/shop/shopping/load_payment_module.php] ACS=0&OrderID=938342-03052555&Forward=2a99661&Method=1&PayTimes=&Approve=0000049&TranID=1907030525602257210134111075&TranDate=20190703052556&CheckString=e493445dc668cff818f28b5c64566a4d from 82.42.78.70
2019/07/03 05:25:56 [/shop/shopping/load_payment_module.php] Array
(
    [0] => Array
        (
            [ACS] => 0
            [OrderID] => 938342-03052555
            [Forward] => 2a99661
            [Method] => 1
            [PayTimes] => 
            [Approve] => 0000049
            [TranID] => 1907030525602257210134111075
            [TranDate] => 20190703052556
            [CheckString] => e493445dc668cff818f28b5c64566a4d
        )

)
 from 82.42.78.70
2019/07/03 05:25:56 [/shop/shopping/load_payment_module.php] load_payment_module.php set payment data:Array
(
    [ACS] => 0
    [Forward] => 2a99661
    [Method] => 1
    [PayTimes] => 
    [Approve] => 0000049
    [TranID] => 1907030525602257210134111075
    [TranDate] => 20190703052556
    [CheckString] => e493445dc668cff818f28b5c64566a4d
    [Amount] => 9870
    [JobCd] => CAPTURE
    [action_status] => 3
    [pay_status] => 13
)
 from 82.42.78.70
2019/07/03 05:32:58 [/shop/shopping/load_payment_module.php] SendRequest:https://p01.mul-pay.jp/payment/SearchMember.idPass from 165.225.34.186
2019/07/03 05:32:58 [/shop/shopping/load_payment_module.php] Array
(
    [SiteID] => mst0000007602
    [SitePass] => ******
    [MemberID] => 5739
)
 from 165.225.34.186
2019/07/03 05:32:58 [/shop/shopping/load_payment_module.php] ErrCode=E01&ErrInfo=E01390002 from 165.225.34.186
2019/07/03 05:32:58 [/shop/shopping/load_payment_module.php] Array
(
    [0] => Array
        (
            [ErrCode] => E01
            [ErrInfo] => E01390002
        )

)
 from 165.225.34.186
2019/07/03 05:32:58 [/shop/shopping/load_payment_module.php] SendRequest:https://p01.mul-pay.jp/payment/SearchCard.idPass from 165.225.34.186
2019/07/03 05:32:58 [/shop/shopping/load_payment_module.php] Array
(
    [SiteID] => mst0000007602
    [SitePass] => ******
    [MemberID] => 5739
)
 from 165.225.34.186
2019/07/03 05:32:58 [/shop/shopping/load_payment_module.php] ErrCode=E01|E01&ErrInfo=E01390002|E01240002 from 165.225.34.186
2019/07/03 05:32:58 [/shop/shopping/load_payment_module.php] Array
(
    [0] => Array
        (
            [ErrCode] => E01
            [ErrInfo] => E01390002
        )

    [1] => Array
        (
            [ErrCode] => E01
            [ErrInfo] => E01240002
        )

)
 from 165.225.34.186
2019/07/03 05:33:30 [/shop/shopping/load_payment_module.php] SendRequest:https://p01.mul-pay.jp/payment/SearchMember.idPass from 165.225.34.186
2019/07/03 05:33:30 [/shop/shopping/load_payment_module.php] Array
(
    [SiteID] => mst0000007602
    [SitePass] => ******
    [MemberID] => 5739
)
 from 165.225.34.186
2019/07/03 05:33:30 [/shop/shopping/load_payment_module.php] ErrCode=E01&ErrInfo=E01390002 from 165.225.34.186
2019/07/03 05:33:30 [/shop/shopping/load_payment_module.php] Array
(
    [0] => Array
        (
            [ErrCode] => E01
            [ErrInfo] => E01390002
        )

)
 from 165.225.34.186
2019/07/03 05:33:30 [/shop/shopping/load_payment_module.php] SendRequest:https://p01.mul-pay.jp/payment/SearchCard.idPass from 165.225.34.186
2019/07/03 05:33:30 [/shop/shopping/load_payment_module.php] Array
(
    [SiteID] => mst0000007602
    [SitePass] => ******
    [MemberID] => 5739
)
 from 165.225.34.186
2019/07/03 05:33:30 [/shop/shopping/load_payment_module.php] ErrCode=E01|E01&ErrInfo=E01390002|E01240002 from 165.225.34.186
2019/07/03 05:33:30 [/shop/shopping/load_payment_module.php] Array
(
    [0] => Array
        (
            [ErrCode] => E01
            [ErrInfo] => E01390002
        )

    [1] => Array
        (
            [ErrCode] => E01
            [ErrInfo] => E01240002
        )

)
 from 165.225.34.186
2019/07/03 05:33:30 [/shop/shopping/load_payment_module.php] SendRequest:https://p01.mul-pay.jp/payment/EntryTran.idPass from 165.225.34.186
2019/07/03 05:33:30 [/shop/shopping/load_payment_module.php] Array
(
    [ShopID] => 9000034600950
    [ShopPass] => ******
    [OrderID] => 938343-03053330
    [JobCd] => CAPTURE
    [Amount] => 9943
    [TdFlag] => 0
    [TdTenantName] => 
)
 from 165.225.34.186
2019/07/03 05:33:30 [/shop/shopping/load_payment_module.php] AccessID=08cd59399cce38dea9994218c6794879&AccessPass=bdc23d0f8eec4dbe47d78b299d02323e from 165.225.34.186
2019/07/03 05:33:30 [/shop/shopping/load_payment_module.php] Array
(
    [0] => Array
        (
            [AccessID] => 08cd59399cce38dea9994218c6794879
            [AccessPass] => bdc23d0f8eec4dbe47d78b299d02323e
        )

)
 from 165.225.34.186
2019/07/03 05:33:30 [/shop/shopping/load_payment_module.php] load_payment_module.php set payment data:Array
(
    [AccessID] => 08cd59399cce38dea9994218c6794879
    [AccessPass] => bdc23d0f8eec4dbe47d78b299d02323e
    [OrderID] => 938343-03053330
    [Amount] => 9943
    [JobCd] => CAPTURE
    [action_status] => 1
    [pay_status] => 0
)
 from 165.225.34.186
2019/07/03 05:33:30 [/shop/shopping/load_payment_module.php] SendRequest:https://p01.mul-pay.jp/payment/ExecTran.idPass from 165.225.34.186
2019/07/03 05:33:30 [/shop/shopping/load_payment_module.php] Array
(
    [AccessID] => 08cd59399cce38dea9994218c6794879
    [AccessPass] => bdc23d0f8eec4dbe47d78b299d02323e
    [OrderID] => 938343-03053330
    [Method] => 1
    [Token] => 33ea36ec955f92478dbdad65590b7a83c10ed8df3ceeff6db0f3c6d507f1f993
    [ClientField1] => 
    [ClientField2] => 
    [ClientField3] => EC-CUBE4.3.24
)
 from 165.225.34.186
2019/07/03 05:33:31 [/shop/shopping/load_payment_module.php] ACS=0&OrderID=938343-03053330&Forward=2S49631&Method=1&PayTimes=&Approve=0167904&TranID=1907030533602257210134131039&TranDate=20190703053331&CheckString=622d6afd8868512de206e971ab11a2ed from 165.225.34.186
2019/07/03 05:33:31 [/shop/shopping/load_payment_module.php] Array
(
    [0] => Array
        (
            [ACS] => 0
            [OrderID] => 938343-03053330
            [Forward] => 2S49631
            [Method] => 1
            [PayTimes] => 
            [Approve] => 0167904
            [TranID] => 1907030533602257210134131039
            [TranDate] => 20190703053331
            [CheckString] => 622d6afd8868512de206e971ab11a2ed
        )

)
 from 165.225.34.186
2019/07/03 05:33:31 [/shop/shopping/load_payment_module.php] load_payment_module.php set payment data:Array
(
    [ACS] => 0
    [Forward] => 2S49631
    [Method] => 1
    [PayTimes] => 
    [Approve] => 0167904
    [TranID] => 1907030533602257210134131039
    [TranDate] => 20190703053331
    [CheckString] => 622d6afd8868512de206e971ab11a2ed
    [Amount] => 9943
    [JobCd] => CAPTURE
    [action_status] => 3
    [pay_status] => 13
)
 from 165.225.34.186
2019/07/03 05:38:00 [/shop/shopping/load_payment_module.php] SendRequest:https://p01.mul-pay.jp/payment/EntryTran.idPass from 82.42.78.70
2019/07/03 05:38:00 [/shop/shopping/load_payment_module.php] Array
(
    [ShopID] => 9000034600950
    [ShopPass] => ******
    [OrderID] => 938344-03053800
    [JobCd] => CAPTURE
    [Amount] => 10410
    [TdFlag] => 0
    [TdTenantName] => 
)
 from 82.42.78.70
2019/07/03 05:38:00 [/shop/shopping/load_payment_module.php] AccessID=60c06ee2c8b34fc81a13b8119685d3c0&AccessPass=da6150c82eac6c9b1fb37f9c94241073 from 82.42.78.70
2019/07/03 05:38:00 [/shop/shopping/load_payment_module.php] Array
(
    [0] => Array
        (
            [AccessID] => 60c06ee2c8b34fc81a13b8119685d3c0
            [AccessPass] => da6150c82eac6c9b1fb37f9c94241073
        )

)
 from 82.42.78.70
2019/07/03 05:38:00 [/shop/shopping/load_payment_module.php] load_payment_module.php set payment data:Array
(
    [AccessID] => 60c06ee2c8b34fc81a13b8119685d3c0
    [AccessPass] => da6150c82eac6c9b1fb37f9c94241073
    [OrderID] => 938344-03053800
    [Amount] => 10410
    [JobCd] => CAPTURE
    [action_status] => 1
    [pay_status] => 0
)
 from 82.42.78.70
2019/07/03 05:38:00 [/shop/shopping/load_payment_module.php] SendRequest:https://p01.mul-pay.jp/payment/ExecTran.idPass from 82.42.78.70
2019/07/03 05:38:00 [/shop/shopping/load_payment_module.php] Array
(
    [AccessID] => 60c06ee2c8b34fc81a13b8119685d3c0
    [AccessPass] => da6150c82eac6c9b1fb37f9c94241073
    [OrderID] => 938344-03053800
    [Method] => 1
    [Token] => 10c85fa7ef76a988163fa8a44af137beb40186e1377ae4ea6562de2b3e95ead7
    [ClientField1] => 
    [ClientField2] => 
    [ClientField3] => EC-CUBE4.3.24
)
 from 82.42.78.70
2019/07/03 05:38:01 [/shop/shopping/load_payment_module.php] ACS=0&OrderID=938344-03053800&Forward=2a99661&Method=1&PayTimes=&Approve=0000053&TranID=1907030538602257210134121116&TranDate=20190703053801&CheckString=13a378b9c7b8228a422a92de0bdfdb50 from 82.42.78.70
2019/07/03 05:38:01 [/shop/shopping/load_payment_module.php] Array
(
    [0] => Array
        (
            [ACS] => 0
            [OrderID] => 938344-03053800
            [Forward] => 2a99661
            [Method] => 1
            [PayTimes] => 
            [Approve] => 0000053
            [TranID] => 1907030538602257210134121116
            [TranDate] => 20190703053801
            [CheckString] => 13a378b9c7b8228a422a92de0bdfdb50
        )

)
 from 82.42.78.70
2019/07/03 05:38:01 [/shop/shopping/load_payment_module.php] load_payment_module.php set payment data:Array
(
    [ACS] => 0
    [Forward] => 2a99661
    [Method] => 1
    [PayTimes] => 
    [Approve] => 0000053
    [TranID] => 1907030538602257210134121116
    [TranDate] => 20190703053801
    [CheckString] => 13a378b9c7b8228a422a92de0bdfdb50
    [Amount] => 10410
    [JobCd] => CAPTURE
    [action_status] => 3
    [pay_status] => 13
)
 from 82.42.78.70
2019/07/03 07:24:33 [/shop/shopping/load_payment_module.php] SendRequest:https://p01.mul-pay.jp/payment/SearchMember.idPass from 199.229.250.186
2019/07/03 07:24:33 [/shop/shopping/load_payment_module.php] Array
(
    [SiteID] => mst0000007602
    [SitePass] => ******
    [MemberID] => 8944
)
 from 199.229.250.186
2019/07/03 07:24:33 [/shop/shopping/load_payment_module.php] ErrCode=E01&ErrInfo=E01390002 from 199.229.250.186
2019/07/03 07:24:33 [/shop/shopping/load_payment_module.php] Array
(
    [0] => Array
        (
            [ErrCode] => E01
            [ErrInfo] => E01390002
        )

)
 from 199.229.250.186
2019/07/03 07:24:33 [/shop/shopping/load_payment_module.php] SendRequest:https://p01.mul-pay.jp/payment/SearchCard.idPass from 199.229.250.186
2019/07/03 07:24:33 [/shop/shopping/load_payment_module.php] Array
(
    [SiteID] => mst0000007602
    [SitePass] => ******
    [MemberID] => 8944
)
 from 199.229.250.186
2019/07/03 07:24:33 [/shop/shopping/load_payment_module.php] ErrCode=E01|E01&ErrInfo=E01390002|E01240002 from 199.229.250.186
2019/07/03 07:24:33 [/shop/shopping/load_payment_module.php] Array
(
    [0] => Array
        (
            [ErrCode] => E01
            [ErrInfo] => E01390002
        )

    [1] => Array
        (
            [ErrCode] => E01
            [ErrInfo] => E01240002
        )

)
 from 199.229.250.186
2019/07/03 07:24:41 [/shop/shopping/load_payment_module.php] SendRequest:https://p01.mul-pay.jp/payment/SearchMember.idPass from 199.229.250.186
2019/07/03 07:24:41 [/shop/shopping/load_payment_module.php] Array
(
    [SiteID] => mst0000007602
    [SitePass] => ******
    [MemberID] => 8944
)
 from 199.229.250.186
2019/07/03 07:24:41 [/shop/shopping/load_payment_module.php] ErrCode=E01&ErrInfo=E01390002 from 199.229.250.186
2019/07/03 07:24:41 [/shop/shopping/load_payment_module.php] Array
(
    [0] => Array
        (
            [ErrCode] => E01
            [ErrInfo] => E01390002
        )

)
 from 199.229.250.186
2019/07/03 07:24:41 [/shop/shopping/load_payment_module.php] SendRequest:https://p01.mul-pay.jp/payment/SearchCard.idPass from 199.229.250.186
2019/07/03 07:24:41 [/shop/shopping/load_payment_module.php] Array
(
    [SiteID] => mst0000007602
    [SitePass] => ******
    [MemberID] => 8944
)
 from 199.229.250.186
2019/07/03 07:24:41 [/shop/shopping/load_payment_module.php] ErrCode=E01|E01&ErrInfo=E01390002|E01240002 from 199.229.250.186
2019/07/03 07:24:41 [/shop/shopping/load_payment_module.php] Array
(
    [0] => Array
        (
            [ErrCode] => E01
            [ErrInfo] => E01390002
        )

    [1] => Array
        (
            [ErrCode] => E01
            [ErrInfo] => E01240002
        )

)
 from 199.229.250.186
2019/07/03 07:24:41 [/shop/shopping/load_payment_module.php] SendRequest:https://p01.mul-pay.jp/payment/EntryTran.idPass from 199.229.250.186
2019/07/03 07:24:41 [/shop/shopping/load_payment_module.php] Array
(
    [ShopID] => 9000034600950
    [ShopPass] => ******
    [OrderID] => 938345-03072441
    [JobCd] => CAPTURE
    [Amount] => 5081
    [TdFlag] => 0
    [TdTenantName] => 
)
 from 199.229.250.186
2019/07/03 07:24:41 [/shop/shopping/load_payment_module.php] AccessID=7f6103de2970c78ca8040b83786012e9&AccessPass=9ab02781ac4fd76bb6c3ae34d7c4088b from 199.229.250.186
2019/07/03 07:24:41 [/shop/shopping/load_payment_module.php] Array
(
    [0] => Array
        (
            [AccessID] => 7f6103de2970c78ca8040b83786012e9
            [AccessPass] => 9ab02781ac4fd76bb6c3ae34d7c4088b
        )

)
 from 199.229.250.186
2019/07/03 07:24:41 [/shop/shopping/load_payment_module.php] load_payment_module.php set payment data:Array
(
    [AccessID] => 7f6103de2970c78ca8040b83786012e9
    [AccessPass] => 9ab02781ac4fd76bb6c3ae34d7c4088b
    [OrderID] => 938345-03072441
    [Amount] => 5081
    [JobCd] => CAPTURE
    [action_status] => 1
    [pay_status] => 0
)
 from 199.229.250.186
2019/07/03 07:24:41 [/shop/shopping/load_payment_module.php] SendRequest:https://p01.mul-pay.jp/payment/ExecTran.idPass from 199.229.250.186
2019/07/03 07:24:41 [/shop/shopping/load_payment_module.php] Array
(
    [AccessID] => 7f6103de2970c78ca8040b83786012e9
    [AccessPass] => 9ab02781ac4fd76bb6c3ae34d7c4088b
    [OrderID] => 938345-03072441
    [Method] => 1
    [Token] => 6c2a82ac86c12720998efce20e6f6c35b5e03facc0e732933dda72ea85fa9b7b
    [ClientField1] => 
    [ClientField2] => 
    [ClientField3] => EC-CUBE4.3.24
)
 from 199.229.250.186
2019/07/03 07:24:43 [/shop/shopping/load_payment_module.php] ACS=0&OrderID=938345-03072441&Forward=2a99661&Method=1&PayTimes=&Approve=0000098&TranID=1907030724602257210134121117&TranDate=20190703072442&CheckString=71a7dd1a21bd9ffe45625009b2e93404 from 199.229.250.186
2019/07/03 07:24:43 [/shop/shopping/load_payment_module.php] Array
(
    [0] => Array
        (
            [ACS] => 0
            [OrderID] => 938345-03072441
            [Forward] => 2a99661
            [Method] => 1
            [PayTimes] => 
            [Approve] => 0000098
            [TranID] => 1907030724602257210134121117
            [TranDate] => 20190703072442
            [CheckString] => 71a7dd1a21bd9ffe45625009b2e93404
        )

)
 from 199.229.250.186
2019/07/03 07:24:43 [/shop/shopping/load_payment_module.php] load_payment_module.php set payment data:Array
(
    [ACS] => 0
    [Forward] => 2a99661
    [Method] => 1
    [PayTimes] => 
    [Approve] => 0000098
    [TranID] => 1907030724602257210134121117
    [TranDate] => 20190703072442
    [CheckString] => 71a7dd1a21bd9ffe45625009b2e93404
    [Amount] => 5081
    [JobCd] => CAPTURE
    [action_status] => 3
    [pay_status] => 13
)
 from 199.229.250.186
2019/07/03 07:35:42 [/shop/shopping/load_payment_module.php] SendRequest:https://p01.mul-pay.jp/payment/EntryTran.idPass from 14.203.37.149
2019/07/03 07:35:42 [/shop/shopping/load_payment_module.php] Array
(
    [ShopID] => 9000034600950
    [ShopPass] => ******
    [OrderID] => 938346-03073542
    [JobCd] => CAPTURE
    [Amount] => 9860
    [TdFlag] => 0
    [TdTenantName] => 
)
 from 14.203.37.149
2019/07/03 07:35:42 [/shop/shopping/load_payment_module.php] AccessID=b45d739f410109f373c4b4b0b48116e0&AccessPass=b47106274e8ddfea86b662500d86cf51 from 14.203.37.149
2019/07/03 07:35:42 [/shop/shopping/load_payment_module.php] Array
(
    [0] => Array
        (
            [AccessID] => b45d739f410109f373c4b4b0b48116e0
            [AccessPass] => b47106274e8ddfea86b662500d86cf51
        )

)
 from 14.203.37.149
2019/07/03 07:35:42 [/shop/shopping/load_payment_module.php] load_payment_module.php set payment data:Array
(
    [AccessID] => b45d739f410109f373c4b4b0b48116e0
    [AccessPass] => b47106274e8ddfea86b662500d86cf51
    [OrderID] => 938346-03073542
    [Amount] => 9860
    [JobCd] => CAPTURE
    [action_status] => 1
    [pay_status] => 0
)
 from 14.203.37.149
2019/07/03 07:35:42 [/shop/shopping/load_payment_module.php] SendRequest:https://p01.mul-pay.jp/payment/ExecTran.idPass from 14.203.37.149
2019/07/03 07:35:42 [/shop/shopping/load_payment_module.php] Array
(
    [AccessID] => b45d739f410109f373c4b4b0b48116e0
    [AccessPass] => b47106274e8ddfea86b662500d86cf51
    [OrderID] => 938346-03073542
    [Method] => 1
    [Token] => 10adb871da1991083c33b9f5c1ece1753a1b42dcd4e41d723acfa026a54f5475
    [ClientField1] => 
    [ClientField2] => 
    [ClientField3] => EC-CUBE4.3.24
)
 from 14.203.37.149
2019/07/03 07:35:44 [/shop/shopping/load_payment_module.php] ACS=0&OrderID=938346-03073542&Forward=2S49631&Method=1&PayTimes=&Approve=0037349&TranID=1907030735602257210134111076&TranDate=20190703073544&CheckString=5f5b0f80f67dde8b7e038b4945484fc2 from 14.203.37.149
2019/07/03 07:35:44 [/shop/shopping/load_payment_module.php] Array
(
    [0] => Array
        (
            [ACS] => 0
            [OrderID] => 938346-03073542
            [Forward] => 2S49631
            [Method] => 1
            [PayTimes] => 
            [Approve] => 0037349
            [TranID] => 1907030735602257210134111076
            [TranDate] => 20190703073544
            [CheckString] => 5f5b0f80f67dde8b7e038b4945484fc2
        )

)
 from 14.203.37.149
2019/07/03 07:35:44 [/shop/shopping/load_payment_module.php] load_payment_module.php set payment data:Array
(
    [ACS] => 0
    [Forward] => 2S49631
    [Method] => 1
    [PayTimes] => 
    [Approve] => 0037349
    [TranID] => 1907030735602257210134111076
    [TranDate] => 20190703073544
    [CheckString] => 5f5b0f80f67dde8b7e038b4945484fc2
    [Amount] => 9860
    [JobCd] => CAPTURE
    [action_status] => 3
    [pay_status] => 13
)
 from 14.203.37.149
2019/07/03 08:20:51 [/shop/shopping/load_payment_module.php] SendRequest:https://p01.mul-pay.jp/payment/EntryTran.idPass from 219.59.84.30
2019/07/03 08:20:51 [/shop/shopping/load_payment_module.php] Array
(
    [ShopID] => 9000034600950
    [ShopPass] => ******
    [OrderID] => 938347-03082051
    [JobCd] => CAPTURE
    [Amount] => 5040
    [TdFlag] => 0
    [TdTenantName] => 
)
 from 219.59.84.30
2019/07/03 08:20:52 [/shop/shopping/load_payment_module.php] AccessID=4dc35fa0038dca81a21607b232279999&AccessPass=3eead82746d60f34a4b3ef89899563e2 from 219.59.84.30
2019/07/03 08:20:52 [/shop/shopping/load_payment_module.php] Array
(
    [0] => Array
        (
            [AccessID] => 4dc35fa0038dca81a21607b232279999
            [AccessPass] => 3eead82746d60f34a4b3ef89899563e2
        )

)
 from 219.59.84.30
2019/07/03 08:20:52 [/shop/shopping/load_payment_module.php] load_payment_module.php set payment data:Array
(
    [AccessID] => 4dc35fa0038dca81a21607b232279999
    [AccessPass] => 3eead82746d60f34a4b3ef89899563e2
    [OrderID] => 938347-03082051
    [Amount] => 5040
    [JobCd] => CAPTURE
    [action_status] => 1
    [pay_status] => 0
)
 from 219.59.84.30
2019/07/03 08:20:52 [/shop/shopping/load_payment_module.php] SendRequest:https://p01.mul-pay.jp/payment/ExecTran.idPass from 219.59.84.30
2019/07/03 08:20:52 [/shop/shopping/load_payment_module.php] Array
(
    [AccessID] => 4dc35fa0038dca81a21607b232279999
    [AccessPass] => 3eead82746d60f34a4b3ef89899563e2
    [OrderID] => 938347-03082051
    [Method] => 1
    [Token] => 01c75cda84b48ab3ec64c9cb4d7dc91a9937501803569505d6da7ecd6afdaa8b
    [ClientField1] => 
    [ClientField2] => 
    [ClientField3] => EC-CUBE4.3.24
)
 from 219.59.84.30
2019/07/03 08:20:52 [/shop/shopping/load_payment_module.php] ErrCode=E01&ErrInfo=E01260010 from 219.59.84.30
2019/07/03 08:20:52 [/shop/shopping/load_payment_module.php] Array
(
    [0] => Array
        (
            [ErrCode] => E01
            [ErrInfo] => E01260010
        )

)
 from 219.59.84.30
2019/07/03 08:20:52 [/shop/shopping/load_payment_module.php] load_payment_module.php set payment data:Array
(
    [request_error] => Array
        (
            [0] => 指定された支払方法はご利用できません。 (E01-E01260010)
        )

    [Amount] => 5040
    [JobCd] => CAPTURE
    [action_status] => 3
)
 from 219.59.84.30
2019/07/03 08:22:04 [/shop/shopping/load_payment_module.php] SendRequest:https://p01.mul-pay.jp/payment/ExecTran.idPass from 219.59.84.30
2019/07/03 08:22:04 [/shop/shopping/load_payment_module.php] Array
(
    [AccessID] => 4dc35fa0038dca81a21607b232279999
    [AccessPass] => 3eead82746d60f34a4b3ef89899563e2
    [OrderID] => 938347-03082051
    [Method] => 1
    [Token] => 6795cc22705c293ed2e2d8359c66a25c59f7c08e815c7fbf44af975bec6121d7
    [ClientField1] => 
    [ClientField2] => 
    [ClientField3] => EC-CUBE4.3.24
)
 from 219.59.84.30
2019/07/03 08:22:05 [/shop/shopping/load_payment_module.php] ACS=0&OrderID=938347-03082051&Forward=2S49631&Method=1&PayTimes=&Approve=0036706&TranID=1907030822602257210134121118&TranDate=20190703082205&CheckString=8a281b011362dd138d669386757714f2 from 219.59.84.30
2019/07/03 08:22:05 [/shop/shopping/load_payment_module.php] Array
(
    [0] => Array
        (
            [ACS] => 0
            [OrderID] => 938347-03082051
            [Forward] => 2S49631
            [Method] => 1
            [PayTimes] => 
            [Approve] => 0036706
            [TranID] => 1907030822602257210134121118
            [TranDate] => 20190703082205
            [CheckString] => 8a281b011362dd138d669386757714f2
        )

)
 from 219.59.84.30
2019/07/03 08:22:05 [/shop/shopping/load_payment_module.php] load_payment_module.php set payment data:Array
(
    [ACS] => 0
    [Forward] => 2S49631
    [Method] => 1
    [PayTimes] => 
    [Approve] => 0036706
    [TranID] => 1907030822602257210134121118
    [TranDate] => 20190703082205
    [CheckString] => 8a281b011362dd138d669386757714f2
    [Amount] => 5040
    [JobCd] => CAPTURE
    [action_status] => 3
    [pay_status] => 13
)
 from 219.59.84.30
2019/07/03 08:33:27 [/shop/shopping/load_payment_module.php] SendRequest:https://p01.mul-pay.jp/payment/EntryTran.idPass from 125.30.92.12
2019/07/03 08:33:27 [/shop/shopping/load_payment_module.php] Array
(
    [ShopID] => 9000034600950
    [ShopPass] => ******
    [OrderID] => 938348-03083327
    [JobCd] => CAPTURE
    [Amount] => 8370
    [TdFlag] => 0
    [TdTenantName] => 
)
 from 125.30.92.12
2019/07/03 08:33:27 [/shop/shopping/load_payment_module.php] AccessID=04460ea42e530ba7f720b3169996cb51&AccessPass=dbc63d389da1fc045591e470ce8b6529 from 125.30.92.12
2019/07/03 08:33:27 [/shop/shopping/load_payment_module.php] Array
(
    [0] => Array
        (
            [AccessID] => 04460ea42e530ba7f720b3169996cb51
            [AccessPass] => dbc63d389da1fc045591e470ce8b6529
        )

)
 from 125.30.92.12
2019/07/03 08:33:27 [/shop/shopping/load_payment_module.php] load_payment_module.php set payment data:Array
(
    [AccessID] => 04460ea42e530ba7f720b3169996cb51
    [AccessPass] => dbc63d389da1fc045591e470ce8b6529
    [OrderID] => 938348-03083327
    [Amount] => 8370
    [JobCd] => CAPTURE
    [action_status] => 1
    [pay_status] => 0
)
 from 125.30.92.12
2019/07/03 08:33:27 [/shop/shopping/load_payment_module.php] SendRequest:https://p01.mul-pay.jp/payment/ExecTran.idPass from 125.30.92.12
2019/07/03 08:33:27 [/shop/shopping/load_payment_module.php] Array
(
    [AccessID] => 04460ea42e530ba7f720b3169996cb51
    [AccessPass] => dbc63d389da1fc045591e470ce8b6529
    [OrderID] => 938348-03083327
    [Method] => 1
    [Token] => c67bb462c1df14b95bad1f3cb56e2332029cacae30afc1fc318f10f7fc51bf97
    [ClientField1] => 
    [ClientField2] => 
    [ClientField3] => EC-CUBE4.3.24
)
 from 125.30.92.12
2019/07/03 08:33:29 [/shop/shopping/load_payment_module.php] ACS=0&OrderID=938348-03083327&Forward=2959876&Method=1&PayTimes=&Approve=0804364&TranID=1907030833602257210134121119&TranDate=20190703083329&CheckString=498f0094d0e3cbb27e3042ccbefd5113 from 125.30.92.12
2019/07/03 08:33:29 [/shop/shopping/load_payment_module.php] Array
(
    [0] => Array
        (
            [ACS] => 0
            [OrderID] => 938348-03083327
            [Forward] => 2959876
            [Method] => 1
            [PayTimes] => 
            [Approve] => 0804364
            [TranID] => 1907030833602257210134121119
            [TranDate] => 20190703083329
            [CheckString] => 498f0094d0e3cbb27e3042ccbefd5113
        )

)
 from 125.30.92.12
2019/07/03 08:33:29 [/shop/shopping/load_payment_module.php] load_payment_module.php set payment data:Array
(
    [ACS] => 0
    [Forward] => 2959876
    [Method] => 1
    [PayTimes] => 
    [Approve] => 0804364
    [TranID] => 1907030833602257210134121119
    [TranDate] => 20190703083329
    [CheckString] => 498f0094d0e3cbb27e3042ccbefd5113
    [Amount] => 8370
    [JobCd] => CAPTURE
    [action_status] => 3
    [pay_status] => 13
)
 from 125.30.92.12
2019/07/03 08:49:37 [/shop/shopping/load_payment_module.php] SendRequest:https://p01.mul-pay.jp/payment/EntryTran.idPass from 49.106.217.246
2019/07/03 08:49:37 [/shop/shopping/load_payment_module.php] Array
(
    [ShopID] => 9000034600950
    [ShopPass] => ******
    [OrderID] => 938349-03084937
    [JobCd] => CAPTURE
    [Amount] => 8780
    [TdFlag] => 0
    [TdTenantName] => 
)
 from 49.106.217.246
2019/07/03 08:49:38 [/shop/shopping/load_payment_module.php] AccessID=818a2fb89107f171c2f641741410ec05&AccessPass=f28201faf5846e04d4c0943acef91075 from 49.106.217.246
2019/07/03 08:49:38 [/shop/shopping/load_payment_module.php] Array
(
    [0] => Array
        (
            [AccessID] => 818a2fb89107f171c2f641741410ec05
            [AccessPass] => f28201faf5846e04d4c0943acef91075
        )

)
 from 49.106.217.246
2019/07/03 08:49:38 [/shop/shopping/load_payment_module.php] load_payment_module.php set payment data:Array
(
    [AccessID] => 818a2fb89107f171c2f641741410ec05
    [AccessPass] => f28201faf5846e04d4c0943acef91075
    [OrderID] => 938349-03084937
    [Amount] => 8780
    [JobCd] => CAPTURE
    [action_status] => 1
    [pay_status] => 0
)
 from 49.106.217.246
2019/07/03 08:49:38 [/shop/shopping/load_payment_module.php] SendRequest:https://p01.mul-pay.jp/payment/ExecTran.idPass from 49.106.217.246
2019/07/03 08:49:38 [/shop/shopping/load_payment_module.php] Array
(
    [AccessID] => 818a2fb89107f171c2f641741410ec05
    [AccessPass] => f28201faf5846e04d4c0943acef91075
    [OrderID] => 938349-03084937
    [Method] => 1
    [Token] => 915f217ac0830b20cc71fa295bd7833d879f4aa9417caa200a83ad6f529eb000
    [ClientField1] => 
    [ClientField2] => 
    [ClientField3] => EC-CUBE4.3.24
)
 from 49.106.217.246
2019/07/03 08:49:38 [/shop/shopping/load_payment_module.php] ACS=0&OrderID=938349-03084937&Forward=2a99661&Method=1&PayTimes=&Approve=0231578&TranID=1907030849602257210134131040&TranDate=20190703084938&CheckString=bd5ced3da3924627d5fb843ec300cfb2 from 49.106.217.246
2019/07/03 08:49:38 [/shop/shopping/load_payment_module.php] Array
(
    [0] => Array
        (
            [ACS] => 0
            [OrderID] => 938349-03084937
            [Forward] => 2a99661
            [Method] => 1
            [PayTimes] => 
            [Approve] => 0231578
            [TranID] => 1907030849602257210134131040
            [TranDate] => 20190703084938
            [CheckString] => bd5ced3da3924627d5fb843ec300cfb2
        )

)
 from 49.106.217.246
2019/07/03 08:49:38 [/shop/shopping/load_payment_module.php] load_payment_module.php set payment data:Array
(
    [ACS] => 0
    [Forward] => 2a99661
    [Method] => 1
    [PayTimes] => 
    [Approve] => 0231578
    [TranID] => 1907030849602257210134131040
    [TranDate] => 20190703084938
    [CheckString] => bd5ced3da3924627d5fb843ec300cfb2
    [Amount] => 8780
    [JobCd] => CAPTURE
    [action_status] => 3
    [pay_status] => 13
)
 from 49.106.217.246
2019/07/03 10:14:06 [/shop/shopping/load_payment_module.php] SendRequest:https://p01.mul-pay.jp/payment/SearchMember.idPass from 86.141.12.92
2019/07/03 10:14:06 [/shop/shopping/load_payment_module.php] Array
(
    [SiteID] => mst0000007602
    [SitePass] => ******
    [MemberID] => 9414
)
 from 86.141.12.92
2019/07/03 10:14:06 [/shop/shopping/load_payment_module.php] ErrCode=E01&ErrInfo=E01390002 from 86.141.12.92
2019/07/03 10:14:06 [/shop/shopping/load_payment_module.php] Array
(
    [0] => Array
        (
            [ErrCode] => E01
            [ErrInfo] => E01390002
        )

)
 from 86.141.12.92
2019/07/03 10:14:06 [/shop/shopping/load_payment_module.php] SendRequest:https://p01.mul-pay.jp/payment/SearchCard.idPass from 86.141.12.92
2019/07/03 10:14:06 [/shop/shopping/load_payment_module.php] Array
(
    [SiteID] => mst0000007602
    [SitePass] => ******
    [MemberID] => 9414
)
 from 86.141.12.92
2019/07/03 10:14:06 [/shop/shopping/load_payment_module.php] ErrCode=E01|E01&ErrInfo=E01390002|E01240002 from 86.141.12.92
2019/07/03 10:14:06 [/shop/shopping/load_payment_module.php] Array
(
    [0] => Array
        (
            [ErrCode] => E01
            [ErrInfo] => E01390002
        )

    [1] => Array
        (
            [ErrCode] => E01
            [ErrInfo] => E01240002
        )

)
 from 86.141.12.92
2019/07/03 10:26:45 [/shop/shopping/load_payment_module.php] SendRequest:https://p01.mul-pay.jp/payment/SearchMember.idPass from 24.235.36.109
2019/07/03 10:26:45 [/shop/shopping/load_payment_module.php] Array
(
    [SiteID] => mst0000007602
    [SitePass] => ******
    [MemberID] => 9369
)
 from 24.235.36.109
2019/07/03 10:26:45 [/shop/shopping/load_payment_module.php] ErrCode=E01&ErrInfo=E01390002 from 24.235.36.109
2019/07/03 10:26:45 [/shop/shopping/load_payment_module.php] Array
(
    [0] => Array
        (
            [ErrCode] => E01
            [ErrInfo] => E01390002
        )

)
 from 24.235.36.109
2019/07/03 10:26:45 [/shop/shopping/load_payment_module.php] SendRequest:https://p01.mul-pay.jp/payment/SearchCard.idPass from 24.235.36.109
2019/07/03 10:26:45 [/shop/shopping/load_payment_module.php] Array
(
    [SiteID] => mst0000007602
    [SitePass] => ******
    [MemberID] => 9369
)
 from 24.235.36.109
2019/07/03 10:26:45 [/shop/shopping/load_payment_module.php] ErrCode=E01|E01&ErrInfo=E01390002|E01240002 from 24.235.36.109
2019/07/03 10:26:45 [/shop/shopping/load_payment_module.php] Array
(
    [0] => Array
        (
            [ErrCode] => E01
            [ErrInfo] => E01390002
        )

    [1] => Array
        (
            [ErrCode] => E01
            [ErrInfo] => E01240002
        )

)
 from 24.235.36.109
2019/07/03 10:27:39 [/shop/shopping/load_payment_module.php] SendRequest:https://p01.mul-pay.jp/payment/SearchMember.idPass from 24.235.36.109
2019/07/03 10:27:39 [/shop/shopping/load_payment_module.php] Array
(
    [SiteID] => mst0000007602
    [SitePass] => ******
    [MemberID] => 9369
)
 from 24.235.36.109
2019/07/03 10:27:39 [/shop/shopping/load_payment_module.php] ErrCode=E01&ErrInfo=E01390002 from 24.235.36.109
2019/07/03 10:27:39 [/shop/shopping/load_payment_module.php] Array
(
    [0] => Array
        (
            [ErrCode] => E01
            [ErrInfo] => E01390002
        )

)
 from 24.235.36.109
2019/07/03 10:27:39 [/shop/shopping/load_payment_module.php] SendRequest:https://p01.mul-pay.jp/payment/SearchCard.idPass from 24.235.36.109
2019/07/03 10:27:39 [/shop/shopping/load_payment_module.php] Array
(
    [SiteID] => mst0000007602
    [SitePass] => ******
    [MemberID] => 9369
)
 from 24.235.36.109
2019/07/03 10:27:39 [/shop/shopping/load_payment_module.php] ErrCode=E01|E01&ErrInfo=E01390002|E01240002 from 24.235.36.109
2019/07/03 10:27:39 [/shop/shopping/load_payment_module.php] Array
(
    [0] => Array
        (
            [ErrCode] => E01
            [ErrInfo] => E01390002
        )

    [1] => Array
        (
            [ErrCode] => E01
            [ErrInfo] => E01240002
        )

)
 from 24.235.36.109
2019/07/03 10:27:39 [/shop/shopping/load_payment_module.php] SendRequest:https://p01.mul-pay.jp/payment/EntryTran.idPass from 24.235.36.109
2019/07/03 10:27:39 [/shop/shopping/load_payment_module.php] Array
(
    [ShopID] => 9000034600950
    [ShopPass] => ******
    [OrderID] => 938351-03102739
    [JobCd] => CAPTURE
    [Amount] => 6030
    [TdFlag] => 0
    [TdTenantName] => 
)
 from 24.235.36.109
2019/07/03 10:27:39 [/shop/shopping/load_payment_module.php] AccessID=383ed23d424ba65a3ec8f17463cdea9e&AccessPass=33e475f842941dbacff14e876a51974b from 24.235.36.109
2019/07/03 10:27:39 [/shop/shopping/load_payment_module.php] Array
(
    [0] => Array
        (
            [AccessID] => 383ed23d424ba65a3ec8f17463cdea9e
            [AccessPass] => 33e475f842941dbacff14e876a51974b
        )

)
 from 24.235.36.109
2019/07/03 10:27:39 [/shop/shopping/load_payment_module.php] load_payment_module.php set payment data:Array
(
    [AccessID] => 383ed23d424ba65a3ec8f17463cdea9e
    [AccessPass] => 33e475f842941dbacff14e876a51974b
    [OrderID] => 938351-03102739
    [Amount] => 6030
    [JobCd] => CAPTURE
    [action_status] => 1
    [pay_status] => 0
)
 from 24.235.36.109
2019/07/03 10:27:39 [/shop/shopping/load_payment_module.php] SendRequest:https://p01.mul-pay.jp/payment/ExecTran.idPass from 24.235.36.109
2019/07/03 10:27:39 [/shop/shopping/load_payment_module.php] Array
(
    [AccessID] => 383ed23d424ba65a3ec8f17463cdea9e
    [AccessPass] => 33e475f842941dbacff14e876a51974b
    [OrderID] => 938351-03102739
    [Method] => 1
    [Token] => 29fa24cde3333f07db573ba44fa9e138ad13d1cac22c29c0173bc16feb97e7ab
    [ClientField1] => 
    [ClientField2] => 
    [ClientField3] => EC-CUBE4.3.24
)
 from 24.235.36.109
2019/07/03 10:27:40 [/shop/shopping/load_payment_module.php] ACS=0&OrderID=938351-03102739&Forward=2S49631&Method=1&PayTimes=&Approve=0236187&TranID=1907031027602257210134111077&TranDate=20190703102740&CheckString=e4a1b1e5f2470ef4a6e8044543e44ece from 24.235.36.109
2019/07/03 10:27:40 [/shop/shopping/load_payment_module.php] Array
(
    [0] => Array
        (
            [ACS] => 0
            [OrderID] => 938351-03102739
            [Forward] => 2S49631
            [Method] => 1
            [PayTimes] => 
            [Approve] => 0236187
            [TranID] => 1907031027602257210134111077
            [TranDate] => 20190703102740
            [CheckString] => e4a1b1e5f2470ef4a6e8044543e44ece
        )

)
 from 24.235.36.109
2019/07/03 10:27:40 [/shop/shopping/load_payment_module.php] load_payment_module.php set payment data:Array
(
    [ACS] => 0
    [Forward] => 2S49631
    [Method] => 1
    [PayTimes] => 
    [Approve] => 0236187
    [TranID] => 1907031027602257210134111077
    [TranDate] => 20190703102740
    [CheckString] => e4a1b1e5f2470ef4a6e8044543e44ece
    [Amount] => 6030
    [JobCd] => CAPTURE
    [action_status] => 3
    [pay_status] => 13
)
 from 24.235.36.109
2019/07/03 10:36:07 [/shop/shopping/load_payment_module.php] SendRequest:https://p01.mul-pay.jp/payment/SearchMember.idPass from 110.54.199.220
2019/07/03 10:36:07 [/shop/shopping/load_payment_module.php] Array
(
    [SiteID] => mst0000007602
    [SitePass] => ******
    [MemberID] => 9390
)
 from 110.54.199.220
2019/07/03 10:36:07 [/shop/shopping/load_payment_module.php] ErrCode=E01&ErrInfo=E01390002 from 110.54.199.220
2019/07/03 10:36:07 [/shop/shopping/load_payment_module.php] Array
(
    [0] => Array
        (
            [ErrCode] => E01
            [ErrInfo] => E01390002
        )

)
 from 110.54.199.220
2019/07/03 10:36:07 [/shop/shopping/load_payment_module.php] SendRequest:https://p01.mul-pay.jp/payment/SearchCard.idPass from 110.54.199.220
2019/07/03 10:36:07 [/shop/shopping/load_payment_module.php] Array
(
    [SiteID] => mst0000007602
    [SitePass] => ******
    [MemberID] => 9390
)
 from 110.54.199.220
2019/07/03 10:36:07 [/shop/shopping/load_payment_module.php] ErrCode=E01|E01&ErrInfo=E01390002|E01240002 from 110.54.199.220
2019/07/03 10:36:07 [/shop/shopping/load_payment_module.php] Array
(
    [0] => Array
        (
            [ErrCode] => E01
            [ErrInfo] => E01390002
        )

    [1] => Array
        (
            [ErrCode] => E01
            [ErrInfo] => E01240002
        )

)
 from 110.54.199.220
2019/07/03 10:38:49 [/shop/shopping/load_payment_module.php] SendRequest:https://p01.mul-pay.jp/payment/SearchMember.idPass from 110.54.199.220
2019/07/03 10:38:49 [/shop/shopping/load_payment_module.php] Array
(
    [SiteID] => mst0000007602
    [SitePass] => ******
    [MemberID] => 9390
)
 from 110.54.199.220
2019/07/03 10:38:49 [/shop/shopping/load_payment_module.php] ErrCode=E01&ErrInfo=E01390002 from 110.54.199.220
2019/07/03 10:38:49 [/shop/shopping/load_payment_module.php] Array
(
    [0] => Array
        (
            [ErrCode] => E01
            [ErrInfo] => E01390002
        )

)
 from 110.54.199.220
2019/07/03 10:38:49 [/shop/shopping/load_payment_module.php] SendRequest:https://p01.mul-pay.jp/payment/SearchCard.idPass from 110.54.199.220
2019/07/03 10:38:49 [/shop/shopping/load_payment_module.php] Array
(
    [SiteID] => mst0000007602
    [SitePass] => ******
    [MemberID] => 9390
)
 from 110.54.199.220
2019/07/03 10:38:49 [/shop/shopping/load_payment_module.php] ErrCode=E01|E01&ErrInfo=E01390002|E01240002 from 110.54.199.220
2019/07/03 10:38:49 [/shop/shopping/load_payment_module.php] Array
(
    [0] => Array
        (
            [ErrCode] => E01
            [ErrInfo] => E01390002
        )

    [1] => Array
        (
            [ErrCode] => E01
            [ErrInfo] => E01240002
        )

)
 from 110.54.199.220
2019/07/03 10:38:49 [/shop/shopping/load_payment_module.php] SendRequest:https://p01.mul-pay.jp/payment/EntryTran.idPass from 110.54.199.220
2019/07/03 10:38:49 [/shop/shopping/load_payment_module.php] Array
(
    [ShopID] => 9000034600950
    [ShopPass] => ******
    [OrderID] => 938352-03103849
    [JobCd] => CAPTURE
    [Amount] => 6390
    [TdFlag] => 0
    [TdTenantName] => 
)
 from 110.54.199.220
2019/07/03 10:38:49 [/shop/shopping/load_payment_module.php] AccessID=f53caed99add6621ed344a67fa90a651&AccessPass=f6ddb9b17696f30bd3fc4b09f631a94e from 110.54.199.220
2019/07/03 10:38:49 [/shop/shopping/load_payment_module.php] Array
(
    [0] => Array
        (
            [AccessID] => f53caed99add6621ed344a67fa90a651
            [AccessPass] => f6ddb9b17696f30bd3fc4b09f631a94e
        )

)
 from 110.54.199.220
2019/07/03 10:38:49 [/shop/shopping/load_payment_module.php] load_payment_module.php set payment data:Array
(
    [AccessID] => f53caed99add6621ed344a67fa90a651
    [AccessPass] => f6ddb9b17696f30bd3fc4b09f631a94e
    [OrderID] => 938352-03103849
    [Amount] => 6390
    [JobCd] => CAPTURE
    [action_status] => 1
    [pay_status] => 0
)
 from 110.54.199.220
2019/07/03 10:38:49 [/shop/shopping/load_payment_module.php] SendRequest:https://p01.mul-pay.jp/payment/ExecTran.idPass from 110.54.199.220
2019/07/03 10:38:49 [/shop/shopping/load_payment_module.php] Array
(
    [AccessID] => f53caed99add6621ed344a67fa90a651
    [AccessPass] => f6ddb9b17696f30bd3fc4b09f631a94e
    [OrderID] => 938352-03103849
    [Method] => 1
    [Token] => 58e41f2057676e1f2dc94c8d258a5b80e575f518988b964a5dd54b2173a6cfe0
    [ClientField1] => 
    [ClientField2] => 
    [ClientField3] => EC-CUBE4.3.24
)
 from 110.54.199.220
2019/07/03 10:38:51 [/shop/shopping/load_payment_module.php] ACS=0&OrderID=938352-03103849&Forward=2959876&Method=1&PayTimes=&Approve=0319860&TranID=1907031038602257210134121120&TranDate=20190703103850&CheckString=5fa2c754052c06c3b0b00026030c3586 from 110.54.199.220
2019/07/03 10:38:51 [/shop/shopping/load_payment_module.php] Array
(
    [0] => Array
        (
            [ACS] => 0
            [OrderID] => 938352-03103849
            [Forward] => 2959876
            [Method] => 1
            [PayTimes] => 
            [Approve] => 0319860
            [TranID] => 1907031038602257210134121120
            [TranDate] => 20190703103850
            [CheckString] => 5fa2c754052c06c3b0b00026030c3586
        )

)
 from 110.54.199.220
2019/07/03 10:38:51 [/shop/shopping/load_payment_module.php] load_payment_module.php set payment data:Array
(
    [ACS] => 0
    [Forward] => 2959876
    [Method] => 1
    [PayTimes] => 
    [Approve] => 0319860
    [TranID] => 1907031038602257210134121120
    [TranDate] => 20190703103850
    [CheckString] => 5fa2c754052c06c3b0b00026030c3586
    [Amount] => 6390
    [JobCd] => CAPTURE
    [action_status] => 3
    [pay_status] => 13
)
 from 110.54.199.220
2019/07/03 10:40:38 [/shop/shopping/load_payment_module.php] SendRequest:https://p01.mul-pay.jp/payment/SearchMember.idPass from 86.141.12.92
2019/07/03 10:40:38 [/shop/shopping/load_payment_module.php] Array
(
    [SiteID] => mst0000007602
    [SitePass] => ******
    [MemberID] => 9414
)
 from 86.141.12.92
2019/07/03 10:40:38 [/shop/shopping/load_payment_module.php] ErrCode=E01&ErrInfo=E01390002 from 86.141.12.92
2019/07/03 10:40:38 [/shop/shopping/load_payment_module.php] Array
(
    [0] => Array
        (
            [ErrCode] => E01
            [ErrInfo] => E01390002
        )

)
 from 86.141.12.92
2019/07/03 10:40:38 [/shop/shopping/load_payment_module.php] SendRequest:https://p01.mul-pay.jp/payment/SearchCard.idPass from 86.141.12.92
2019/07/03 10:40:38 [/shop/shopping/load_payment_module.php] Array
(
    [SiteID] => mst0000007602
    [SitePass] => ******
    [MemberID] => 9414
)
 from 86.141.12.92
2019/07/03 10:40:38 [/shop/shopping/load_payment_module.php] ErrCode=E01|E01&ErrInfo=E01390002|E01240002 from 86.141.12.92
2019/07/03 10:40:38 [/shop/shopping/load_payment_module.php] Array
(
    [0] => Array
        (
            [ErrCode] => E01
            [ErrInfo] => E01390002
        )

    [1] => Array
        (
            [ErrCode] => E01
            [ErrInfo] => E01240002
        )

)
 from 86.141.12.92
2019/07/03 10:40:42 [/shop/shopping/load_payment_module.php] SendRequest:https://p01.mul-pay.jp/payment/SearchMember.idPass from 86.141.12.92
2019/07/03 10:40:42 [/shop/shopping/load_payment_module.php] Array
(
    [SiteID] => mst0000007602
    [SitePass] => ******
    [MemberID] => 9414
)
 from 86.141.12.92
2019/07/03 10:40:42 [/shop/shopping/load_payment_module.php] ErrCode=E01&ErrInfo=E01390002 from 86.141.12.92
2019/07/03 10:40:42 [/shop/shopping/load_payment_module.php] Array
(
    [0] => Array
        (
            [ErrCode] => E01
            [ErrInfo] => E01390002
        )

)
 from 86.141.12.92
2019/07/03 10:40:42 [/shop/shopping/load_payment_module.php] SendRequest:https://p01.mul-pay.jp/payment/SearchCard.idPass from 86.141.12.92
2019/07/03 10:40:42 [/shop/shopping/load_payment_module.php] Array
(
    [SiteID] => mst0000007602
    [SitePass] => ******
    [MemberID] => 9414
)
 from 86.141.12.92
2019/07/03 10:40:42 [/shop/shopping/load_payment_module.php] ErrCode=E01|E01&ErrInfo=E01390002|E01240002 from 86.141.12.92
2019/07/03 10:40:42 [/shop/shopping/load_payment_module.php] Array
(
    [0] => Array
        (
            [ErrCode] => E01
            [ErrInfo] => E01390002
        )

    [1] => Array
        (
            [ErrCode] => E01
            [ErrInfo] => E01240002
        )

)
 from 86.141.12.92
2019/07/03 10:44:57 [/shop/shopping/load_payment_module.php] SendRequest:https://p01.mul-pay.jp/payment/SearchMember.idPass from 86.141.12.92
2019/07/03 10:44:57 [/shop/shopping/load_payment_module.php] Array
(
    [SiteID] => mst0000007602
    [SitePass] => ******
    [MemberID] => 9414
)
 from 86.141.12.92
2019/07/03 10:44:57 [/shop/shopping/load_payment_module.php] ErrCode=E01&ErrInfo=E01390002 from 86.141.12.92
2019/07/03 10:44:57 [/shop/shopping/load_payment_module.php] Array
(
    [0] => Array
        (
            [ErrCode] => E01
            [ErrInfo] => E01390002
        )

)
 from 86.141.12.92
2019/07/03 10:44:57 [/shop/shopping/load_payment_module.php] SendRequest:https://p01.mul-pay.jp/payment/SearchCard.idPass from 86.141.12.92
2019/07/03 10:44:57 [/shop/shopping/load_payment_module.php] Array
(
    [SiteID] => mst0000007602
    [SitePass] => ******
    [MemberID] => 9414
)
 from 86.141.12.92
2019/07/03 10:44:57 [/shop/shopping/load_payment_module.php] ErrCode=E01|E01&ErrInfo=E01390002|E01240002 from 86.141.12.92
2019/07/03 10:44:57 [/shop/shopping/load_payment_module.php] Array
(
    [0] => Array
        (
            [ErrCode] => E01
            [ErrInfo] => E01390002
        )

    [1] => Array
        (
            [ErrCode] => E01
            [ErrInfo] => E01240002
        )

)
 from 86.141.12.92
2019/07/03 10:49:00 [/shop/shopping/load_payment_module.php] SendRequest:https://p01.mul-pay.jp/payment/SearchMember.idPass from 86.141.12.92
2019/07/03 10:49:00 [/shop/shopping/load_payment_module.php] Array
(
    [SiteID] => mst0000007602
    [SitePass] => ******
    [MemberID] => 9414
)
 from 86.141.12.92
2019/07/03 10:49:00 [/shop/shopping/load_payment_module.php] ErrCode=E01&ErrInfo=E01390002 from 86.141.12.92
2019/07/03 10:49:00 [/shop/shopping/load_payment_module.php] Array
(
    [0] => Array
        (
            [ErrCode] => E01
            [ErrInfo] => E01390002
        )

)
 from 86.141.12.92
2019/07/03 10:49:00 [/shop/shopping/load_payment_module.php] SendRequest:https://p01.mul-pay.jp/payment/SearchCard.idPass from 86.141.12.92
2019/07/03 10:49:00 [/shop/shopping/load_payment_module.php] Array
(
    [SiteID] => mst0000007602
    [SitePass] => ******
    [MemberID] => 9414
)
 from 86.141.12.92
2019/07/03 10:49:00 [/shop/shopping/load_payment_module.php] ErrCode=E01|E01&ErrInfo=E01390002|E01240002 from 86.141.12.92
2019/07/03 10:49:00 [/shop/shopping/load_payment_module.php] Array
(
    [0] => Array
        (
            [ErrCode] => E01
            [ErrInfo] => E01390002
        )

    [1] => Array
        (
            [ErrCode] => E01
            [ErrInfo] => E01240002
        )

)
 from 86.141.12.92
2019/07/03 10:49:04 [/shop/shopping/load_payment_module.php] SendRequest:https://p01.mul-pay.jp/payment/SearchMember.idPass from 86.141.12.92
2019/07/03 10:49:04 [/shop/shopping/load_payment_module.php] Array
(
    [SiteID] => mst0000007602
    [SitePass] => ******
    [MemberID] => 9414
)
 from 86.141.12.92
2019/07/03 10:49:04 [/shop/shopping/load_payment_module.php] ErrCode=E01&ErrInfo=E01390002 from 86.141.12.92
2019/07/03 10:49:04 [/shop/shopping/load_payment_module.php] Array
(
    [0] => Array
        (
            [ErrCode] => E01
            [ErrInfo] => E01390002
        )

)
 from 86.141.12.92
2019/07/03 10:49:04 [/shop/shopping/load_payment_module.php] SendRequest:https://p01.mul-pay.jp/payment/SearchCard.idPass from 86.141.12.92
2019/07/03 10:49:04 [/shop/shopping/load_payment_module.php] Array
(
    [SiteID] => mst0000007602
    [SitePass] => ******
    [MemberID] => 9414
)
 from 86.141.12.92
2019/07/03 10:49:04 [/shop/shopping/load_payment_module.php] ErrCode=E01|E01&ErrInfo=E01390002|E01240002 from 86.141.12.92
2019/07/03 10:49:04 [/shop/shopping/load_payment_module.php] Array
(
    [0] => Array
        (
            [ErrCode] => E01
            [ErrInfo] => E01390002
        )

    [1] => Array
        (
            [ErrCode] => E01
            [ErrInfo] => E01240002
        )

)
 from 86.141.12.92
2019/07/03 10:51:41 [/shop/shopping/load_payment_module.php] SendRequest:https://p01.mul-pay.jp/payment/SearchMember.idPass from 86.141.12.92
2019/07/03 10:51:41 [/shop/shopping/load_payment_module.php] Array
(
    [SiteID] => mst0000007602
    [SitePass] => ******
    [MemberID] => 9414
)
 from 86.141.12.92
2019/07/03 10:51:41 [/shop/shopping/load_payment_module.php] ErrCode=E01&ErrInfo=E01390002 from 86.141.12.92
2019/07/03 10:51:41 [/shop/shopping/load_payment_module.php] Array
(
    [0] => Array
        (
            [ErrCode] => E01
            [ErrInfo] => E01390002
        )

)
 from 86.141.12.92
2019/07/03 10:51:41 [/shop/shopping/load_payment_module.php] SendRequest:https://p01.mul-pay.jp/payment/SearchCard.idPass from 86.141.12.92
2019/07/03 10:51:41 [/shop/shopping/load_payment_module.php] Array
(
    [SiteID] => mst0000007602
    [SitePass] => ******
    [MemberID] => 9414
)
 from 86.141.12.92
2019/07/03 10:51:42 [/shop/shopping/load_payment_module.php] ErrCode=E01|E01&ErrInfo=E01390002|E01240002 from 86.141.12.92
2019/07/03 10:51:42 [/shop/shopping/load_payment_module.php] Array
(
    [0] => Array
        (
            [ErrCode] => E01
            [ErrInfo] => E01390002
        )

    [1] => Array
        (
            [ErrCode] => E01
            [ErrInfo] => E01240002
        )

)
 from 86.141.12.92
2019/07/03 10:52:37 [/shop/shopping/load_payment_module.php] SendRequest:https://p01.mul-pay.jp/payment/SearchMember.idPass from 86.141.12.92
2019/07/03 10:52:37 [/shop/shopping/load_payment_module.php] Array
(
    [SiteID] => mst0000007602
    [SitePass] => ******
    [MemberID] => 9414
)
 from 86.141.12.92
2019/07/03 10:52:37 [/shop/shopping/load_payment_module.php] ErrCode=E01&ErrInfo=E01390002 from 86.141.12.92
2019/07/03 10:52:37 [/shop/shopping/load_payment_module.php] Array
(
    [0] => Array
        (
            [ErrCode] => E01
            [ErrInfo] => E01390002
        )

)
 from 86.141.12.92
2019/07/03 10:52:37 [/shop/shopping/load_payment_module.php] SendRequest:https://p01.mul-pay.jp/payment/SearchCard.idPass from 86.141.12.92
2019/07/03 10:52:37 [/shop/shopping/load_payment_module.php] Array
(
    [SiteID] => mst0000007602
    [SitePass] => ******
    [MemberID] => 9414
)
 from 86.141.12.92
2019/07/03 10:52:37 [/shop/shopping/load_payment_module.php] ErrCode=E01|E01&ErrInfo=E01390002|E01240002 from 86.141.12.92
2019/07/03 10:52:37 [/shop/shopping/load_payment_module.php] Array
(
    [0] => Array
        (
            [ErrCode] => E01
            [ErrInfo] => E01390002
        )

    [1] => Array
        (
            [ErrCode] => E01
            [ErrInfo] => E01240002
        )

)
 from 86.141.12.92
2019/07/03 10:52:37 [/shop/shopping/load_payment_module.php] SendRequest:https://p01.mul-pay.jp/payment/EntryTran.idPass from 86.141.12.92
2019/07/03 10:52:37 [/shop/shopping/load_payment_module.php] Array
(
    [ShopID] => 9000034600950
    [ShopPass] => ******
    [OrderID] => 938356-03105237
    [JobCd] => CAPTURE
    [Amount] => 14160
    [TdFlag] => 0
    [TdTenantName] => 
)
 from 86.141.12.92
2019/07/03 10:52:37 [/shop/shopping/load_payment_module.php] AccessID=f70a7b71a69f461bab4872aa05c99eab&AccessPass=997bd8f54296883d2e51eca6c0dcaa34 from 86.141.12.92
2019/07/03 10:52:37 [/shop/shopping/load_payment_module.php] Array
(
    [0] => Array
        (
            [AccessID] => f70a7b71a69f461bab4872aa05c99eab
            [AccessPass] => 997bd8f54296883d2e51eca6c0dcaa34
        )

)
 from 86.141.12.92
2019/07/03 10:52:37 [/shop/shopping/load_payment_module.php] load_payment_module.php set payment data:Array
(
    [AccessID] => f70a7b71a69f461bab4872aa05c99eab
    [AccessPass] => 997bd8f54296883d2e51eca6c0dcaa34
    [OrderID] => 938356-03105237
    [Amount] => 14160
    [JobCd] => CAPTURE
    [action_status] => 1
    [pay_status] => 0
)
 from 86.141.12.92
2019/07/03 10:52:37 [/shop/shopping/load_payment_module.php] SendRequest:https://p01.mul-pay.jp/payment/ExecTran.idPass from 86.141.12.92
2019/07/03 10:52:37 [/shop/shopping/load_payment_module.php] Array
(
    [AccessID] => f70a7b71a69f461bab4872aa05c99eab
    [AccessPass] => 997bd8f54296883d2e51eca6c0dcaa34
    [OrderID] => 938356-03105237
    [Method] => 1
    [Token] => aace17d6f0ded66a6b2bad79c25478dd57b114d10e7b74abb6a7fe8de6f503a9
    [ClientField1] => 
    [ClientField2] => 
    [ClientField3] => EC-CUBE4.3.24
)
 from 86.141.12.92
2019/07/03 10:52:38 [/shop/shopping/load_payment_module.php] ErrCode=G12&ErrInfo=42G120000 from 86.141.12.92
2019/07/03 10:52:38 [/shop/shopping/load_payment_module.php] Array
(
    [0] => Array
        (
            [ErrCode] => G12
            [ErrInfo] => 42G120000
        )

)
 from 86.141.12.92
2019/07/03 10:52:38 [/shop/shopping/load_payment_module.php] load_payment_module.php set payment data:Array
(
    [request_error] => Array
        (
            [0] => このカードでは取引をする事が出来ません。 (G12-42G120000)
        )

    [Amount] => 14160
    [JobCd] => CAPTURE
    [action_status] => 3
)
 from 86.141.12.92
2019/07/03 10:56:58 [/shop/shopping/load_payment_module.php] SendRequest:https://p01.mul-pay.jp/payment/SearchMember.idPass from 86.141.12.92
2019/07/03 10:56:58 [/shop/shopping/load_payment_module.php] Array
(
    [SiteID] => mst0000007602
    [SitePass] => ******
    [MemberID] => 9414
)
 from 86.141.12.92
2019/07/03 10:56:58 [/shop/shopping/load_payment_module.php] ErrCode=E01&ErrInfo=E01390002 from 86.141.12.92
2019/07/03 10:56:58 [/shop/shopping/load_payment_module.php] Array
(
    [0] => Array
        (
            [ErrCode] => E01
            [ErrInfo] => E01390002
        )

)
 from 86.141.12.92
2019/07/03 10:56:58 [/shop/shopping/load_payment_module.php] SendRequest:https://p01.mul-pay.jp/payment/SearchCard.idPass from 86.141.12.92
2019/07/03 10:56:58 [/shop/shopping/load_payment_module.php] Array
(
    [SiteID] => mst0000007602
    [SitePass] => ******
    [MemberID] => 9414
)
 from 86.141.12.92
2019/07/03 10:56:58 [/shop/shopping/load_payment_module.php] ErrCode=E01|E01&ErrInfo=E01390002|E01240002 from 86.141.12.92
2019/07/03 10:56:58 [/shop/shopping/load_payment_module.php] Array
(
    [0] => Array
        (
            [ErrCode] => E01
            [ErrInfo] => E01390002
        )

    [1] => Array
        (
            [ErrCode] => E01
            [ErrInfo] => E01240002
        )

)
 from 86.141.12.92
2019/07/03 10:56:58 [/shop/shopping/load_payment_module.php] SendRequest:https://p01.mul-pay.jp/payment/ExecTran.idPass from 86.141.12.92
2019/07/03 10:56:58 [/shop/shopping/load_payment_module.php] Array
(
    [AccessID] => f70a7b71a69f461bab4872aa05c99eab
    [AccessPass] => 997bd8f54296883d2e51eca6c0dcaa34
    [OrderID] => 938356-03105237
    [Method] => 1
    [Token] => 2d98d8e323942f3c4f177e4feda1f34f6725ce15ec2e0c3985ceec9455e2583e
    [ClientField1] => 
    [ClientField2] => 
    [ClientField3] => EC-CUBE4.3.24
)
 from 86.141.12.92
2019/07/03 10:56:59 [/shop/shopping/load_payment_module.php] ACS=0&OrderID=938356-03105237&Forward=2S49631&Method=1&PayTimes=&Approve=0056580&TranID=1907031056602257210134121122&TranDate=20190703105659&CheckString=604e8cceed71695fa5d36c2ea04abec6 from 86.141.12.92
2019/07/03 10:56:59 [/shop/shopping/load_payment_module.php] Array
(
    [0] => Array
        (
            [ACS] => 0
            [OrderID] => 938356-03105237
            [Forward] => 2S49631
            [Method] => 1
            [PayTimes] => 
            [Approve] => 0056580
            [TranID] => 1907031056602257210134121122
            [TranDate] => 20190703105659
            [CheckString] => 604e8cceed71695fa5d36c2ea04abec6
        )

)
 from 86.141.12.92
2019/07/03 10:56:59 [/shop/shopping/load_payment_module.php] load_payment_module.php set payment data:Array
(
    [ACS] => 0
    [Forward] => 2S49631
    [Method] => 1
    [PayTimes] => 
    [Approve] => 0056580
    [TranID] => 1907031056602257210134121122
    [TranDate] => 20190703105659
    [CheckString] => 604e8cceed71695fa5d36c2ea04abec6
    [Amount] => 14160
    [JobCd] => CAPTURE
    [action_status] => 3
    [pay_status] => 13
)
 from 86.141.12.92
2019/07/03 11:58:09 [/shop/shopping/load_payment_module.php] SendRequest:https://p01.mul-pay.jp/payment/EntryTran.idPass from 153.142.16.212
2019/07/03 11:58:09 [/shop/shopping/load_payment_module.php] Array
(
    [ShopID] => 9000034600950
    [ShopPass] => ******
    [OrderID] => 938357-03115809
    [JobCd] => CAPTURE
    [Amount] => 8790
    [TdFlag] => 0
    [TdTenantName] => 
)
 from 153.142.16.212
2019/07/03 11:58:09 [/shop/shopping/load_payment_module.php] AccessID=d17771d220d18831b933a83b8ed67b72&AccessPass=79052cf0c1de07f6e50b5462bf592529 from 153.142.16.212
2019/07/03 11:58:09 [/shop/shopping/load_payment_module.php] Array
(
    [0] => Array
        (
            [AccessID] => d17771d220d18831b933a83b8ed67b72
            [AccessPass] => 79052cf0c1de07f6e50b5462bf592529
        )

)
 from 153.142.16.212
2019/07/03 11:58:09 [/shop/shopping/load_payment_module.php] load_payment_module.php set payment data:Array
(
    [AccessID] => d17771d220d18831b933a83b8ed67b72
    [AccessPass] => 79052cf0c1de07f6e50b5462bf592529
    [OrderID] => 938357-03115809
    [Amount] => 8790
    [JobCd] => CAPTURE
    [action_status] => 1
    [pay_status] => 0
)
 from 153.142.16.212
2019/07/03 11:58:09 [/shop/shopping/load_payment_module.php] SendRequest:https://p01.mul-pay.jp/payment/ExecTran.idPass from 153.142.16.212
2019/07/03 11:58:09 [/shop/shopping/load_payment_module.php] Array
(
    [AccessID] => d17771d220d18831b933a83b8ed67b72
    [AccessPass] => 79052cf0c1de07f6e50b5462bf592529
    [OrderID] => 938357-03115809
    [Method] => 1
    [Token] => e71e44551b1a56c32eec7c1362daf283031ad273280293898062f6a46d34a131
    [ClientField1] => 
    [ClientField2] => 
    [ClientField3] => EC-CUBE4.3.24
)
 from 153.142.16.212
2019/07/03 11:58:11 [/shop/shopping/load_payment_module.php] ACS=0&OrderID=938357-03115809&Forward=2959876&Method=1&PayTimes=&Approve=0305758&TranID=1907031158602257210134111078&TranDate=20190703115811&CheckString=81d34dff975684542c0fb320a01b8fe8 from 153.142.16.212
2019/07/03 11:58:11 [/shop/shopping/load_payment_module.php] Array
(
    [0] => Array
        (
            [ACS] => 0
            [OrderID] => 938357-03115809
            [Forward] => 2959876
            [Method] => 1
            [PayTimes] => 
            [Approve] => 0305758
            [TranID] => 1907031158602257210134111078
            [TranDate] => 20190703115811
            [CheckString] => 81d34dff975684542c0fb320a01b8fe8
        )

)
 from 153.142.16.212
2019/07/03 11:58:11 [/shop/shopping/load_payment_module.php] load_payment_module.php set payment data:Array
(
    [ACS] => 0
    [Forward] => 2959876
    [Method] => 1
    [PayTimes] => 
    [Approve] => 0305758
    [TranID] => 1907031158602257210134111078
    [TranDate] => 20190703115811
    [CheckString] => 81d34dff975684542c0fb320a01b8fe8
    [Amount] => 8790
    [JobCd] => CAPTURE
    [action_status] => 3
    [pay_status] => 13
)
 from 153.142.16.212
2019/07/03 12:48:31 [/shop/shopping/load_payment_module.php] SendRequest:https://p01.mul-pay.jp/payment/EntryTran.idPass from 106.147.212.137
2019/07/03 12:48:31 [/shop/shopping/load_payment_module.php] Array
(
    [ShopID] => 9000034600950
    [ShopPass] => ******
    [OrderID] => 938358-03124831
    [JobCd] => CAPTURE
    [Amount] => 4550
    [TdFlag] => 0
    [TdTenantName] => 
)
 from 106.147.212.137
2019/07/03 12:48:31 [/shop/shopping/load_payment_module.php] AccessID=c8653274ff85ac30481f4438bb05c52a&AccessPass=9b7d7e2c2ffff2ce396d7b05c2b9ccfb from 106.147.212.137
2019/07/03 12:48:31 [/shop/shopping/load_payment_module.php] Array
(
    [0] => Array
        (
            [AccessID] => c8653274ff85ac30481f4438bb05c52a
            [AccessPass] => 9b7d7e2c2ffff2ce396d7b05c2b9ccfb
        )

)
 from 106.147.212.137
2019/07/03 12:48:31 [/shop/shopping/load_payment_module.php] load_payment_module.php set payment data:Array
(
    [AccessID] => c8653274ff85ac30481f4438bb05c52a
    [AccessPass] => 9b7d7e2c2ffff2ce396d7b05c2b9ccfb
    [OrderID] => 938358-03124831
    [Amount] => 4550
    [JobCd] => CAPTURE
    [action_status] => 1
    [pay_status] => 0
)
 from 106.147.212.137
2019/07/03 12:48:31 [/shop/shopping/load_payment_module.php] SendRequest:https://p01.mul-pay.jp/payment/ExecTran.idPass from 106.147.212.137
2019/07/03 12:48:31 [/shop/shopping/load_payment_module.php] Array
(
    [AccessID] => c8653274ff85ac30481f4438bb05c52a
    [AccessPass] => 9b7d7e2c2ffff2ce396d7b05c2b9ccfb
    [OrderID] => 938358-03124831
    [Method] => 1
    [Token] => 3b193aff967e76c517ed18e0b6a88fd4f289667b25150faa1bdde34ba6a7cec2
    [ClientField1] => 
    [ClientField2] => 
    [ClientField3] => EC-CUBE4.3.24
)
 from 106.147.212.137
2019/07/03 12:48:32 [/shop/shopping/load_payment_module.php] ACS=0&OrderID=938358-03124831&Forward=2S49631&Method=1&PayTimes=&Approve=0797033&TranID=1907031248602257210134111079&TranDate=20190703124832&CheckString=80914220af9d13a65e391a28be0a32b0 from 106.147.212.137
2019/07/03 12:48:32 [/shop/shopping/load_payment_module.php] Array
(
    [0] => Array
        (
            [ACS] => 0
            [OrderID] => 938358-03124831
            [Forward] => 2S49631
            [Method] => 1
            [PayTimes] => 
            [Approve] => 0797033
            [TranID] => 1907031248602257210134111079
            [TranDate] => 20190703124832
            [CheckString] => 80914220af9d13a65e391a28be0a32b0
        )

)
 from 106.147.212.137
2019/07/03 12:48:32 [/shop/shopping/load_payment_module.php] load_payment_module.php set payment data:Array
(
    [ACS] => 0
    [Forward] => 2S49631
    [Method] => 1
    [PayTimes] => 
    [Approve] => 0797033
    [TranID] => 1907031248602257210134111079
    [TranDate] => 20190703124832
    [CheckString] => 80914220af9d13a65e391a28be0a32b0
    [Amount] => 4550
    [JobCd] => CAPTURE
    [action_status] => 3
    [pay_status] => 13
)
 from 106.147.212.137
2019/07/03 14:28:20 [/shop/shopping/load_payment_module.php] SendRequest:https://p01.mul-pay.jp/payment/EntryTran.idPass from 83.110.248.101
2019/07/03 14:28:20 [/shop/shopping/load_payment_module.php] Array
(
    [ShopID] => 9000034600950
    [ShopPass] => ******
    [OrderID] => 938359-03142820
    [JobCd] => CAPTURE
    [Amount] => 10070
    [TdFlag] => 0
    [TdTenantName] => 
)
 from 83.110.248.101
2019/07/03 14:28:20 [/shop/shopping/load_payment_module.php] AccessID=0e5f7e25dd75cb5fe46d85106b919cda&AccessPass=f11c45259043dbe132ef13edc892eb32 from 83.110.248.101
2019/07/03 14:28:20 [/shop/shopping/load_payment_module.php] Array
(
    [0] => Array
        (
            [AccessID] => 0e5f7e25dd75cb5fe46d85106b919cda
            [AccessPass] => f11c45259043dbe132ef13edc892eb32
        )

)
 from 83.110.248.101
2019/07/03 14:28:20 [/shop/shopping/load_payment_module.php] load_payment_module.php set payment data:Array
(
    [AccessID] => 0e5f7e25dd75cb5fe46d85106b919cda
    [AccessPass] => f11c45259043dbe132ef13edc892eb32
    [OrderID] => 938359-03142820
    [Amount] => 10070
    [JobCd] => CAPTURE
    [action_status] => 1
    [pay_status] => 0
)
 from 83.110.248.101
2019/07/03 14:28:20 [/shop/shopping/load_payment_module.php] SendRequest:https://p01.mul-pay.jp/payment/ExecTran.idPass from 83.110.248.101
2019/07/03 14:28:20 [/shop/shopping/load_payment_module.php] Array
(
    [AccessID] => 0e5f7e25dd75cb5fe46d85106b919cda
    [AccessPass] => f11c45259043dbe132ef13edc892eb32
    [OrderID] => 938359-03142820
    [Method] => 1
    [Token] => 78adfe6ec37d1f92c5c33d4d90f0eb2e58bf5b04eede829954865bf43af69250
    [ClientField1] => 
    [ClientField2] => 
    [ClientField3] => EC-CUBE4.3.24
)
 from 83.110.248.101
2019/07/03 14:28:22 [/shop/shopping/load_payment_module.php] ACS=0&OrderID=938359-03142820&Forward=2S49631&Method=1&PayTimes=&Approve=0143446&TranID=1907031428602257210134121123&TranDate=20190703142822&CheckString=889fcf9cdde637edcbbea785abc49f2c from 83.110.248.101
2019/07/03 14:28:22 [/shop/shopping/load_payment_module.php] Array
(
    [0] => Array
        (
            [ACS] => 0
            [OrderID] => 938359-03142820
            [Forward] => 2S49631
            [Method] => 1
            [PayTimes] => 
            [Approve] => 0143446
            [TranID] => 1907031428602257210134121123
            [TranDate] => 20190703142822
            [CheckString] => 889fcf9cdde637edcbbea785abc49f2c
        )

)
 from 83.110.248.101
2019/07/03 14:28:22 [/shop/shopping/load_payment_module.php] load_payment_module.php set payment data:Array
(
    [ACS] => 0
    [Forward] => 2S49631
    [Method] => 1
    [PayTimes] => 
    [Approve] => 0143446
    [TranID] => 1907031428602257210134121123
    [TranDate] => 20190703142822
    [CheckString] => 889fcf9cdde637edcbbea785abc49f2c
    [Amount] => 10070
    [JobCd] => CAPTURE
    [action_status] => 3
    [pay_status] => 13
)
 from 83.110.248.101
2019/07/03 15:44:30 [/shop/admin/order/edit.php] edit.php set payment data:Array
(
    [no_update_status_flg] => 1
)
 from 153.142.16.212
2019/07/03 15:44:30 [/shop/admin/order/edit.php] SendRequest:https://p01.mul-pay.jp/payment/ChangeTran.idPass from 153.142.16.212
2019/07/03 15:44:30 [/shop/admin/order/edit.php] Array
(
    [ShopID] => 9000034600950
    [ShopPass] => ******
    [AccessID] => 3a3d9dffe93418dab9914c07f89fc33f
    [AccessPass] => ea5c1b83347f15d69468a8d28cd223c1
    [JobCd] => CAPTURE
    [Amount] => 123020
)
 from 153.142.16.212
2019/07/03 15:44:32 [/shop/admin/order/edit.php] ErrCode=G12&ErrInfo=42G120000 from 153.142.16.212
2019/07/03 15:44:32 [/shop/admin/order/edit.php] Array
(
    [0] => Array
        (
            [ErrCode] => G12
            [ErrInfo] => 42G120000
        )

)
 from 153.142.16.212
2019/07/03 15:51:26 [/shop/admin/order/edit.php] edit.php set payment data:Array
(
    [no_update_status_flg] => 1
)
 from 153.142.16.212
2019/07/03 15:51:26 [/shop/admin/order/edit.php] SendRequest:https://p01.mul-pay.jp/payment/ChangeTran.idPass from 153.142.16.212
2019/07/03 15:51:26 [/shop/admin/order/edit.php] Array
(
    [ShopID] => 9000034600950
    [ShopPass] => ******
    [AccessID] => e69c02507d320db06dda537ec81e2cc6
    [AccessPass] => 147bc500a13a076bd74bea505ad7fcd0
    [JobCd] => CAPTURE
    [Amount] => 10480
)
 from 153.142.16.212
2019/07/03 15:51:28 [/shop/admin/order/edit.php] AccessID=e69c02507d320db06dda537ec81e2cc6&AccessPass=147bc500a13a076bd74bea505ad7fcd0&Forward=2S49631&Approve=0006332&TranID=1907031551602257210134121125&TranDate=20190703155127 from 153.142.16.212
2019/07/03 15:51:28 [/shop/admin/order/edit.php] Array
(
    [0] => Array
        (
            [AccessID] => e69c02507d320db06dda537ec81e2cc6
            [AccessPass] => 147bc500a13a076bd74bea505ad7fcd0
            [Forward] => 2S49631
            [Approve] => 0006332
            [TranID] => 1907031551602257210134121125
            [TranDate] => 20190703155127
        )

)
 from 153.142.16.212
2019/07/03 15:51:28 [/shop/admin/order/edit.php] edit.php set payment data:Array
(
    [AccessID] => e69c02507d320db06dda537ec81e2cc6
    [AccessPass] => 147bc500a13a076bd74bea505ad7fcd0
    [Forward] => 2S49631
    [Approve] => 0006332
    [TranID] => 1907031551602257210134121125
    [TranDate] => 20190703155127
    [action_status] => 6
    [pay_status] => 13
    [JobCd] => CAPTURE
    [Amount] => 10480
)
 from 153.142.16.212
2019/07/03 15:57:43 [/shop/admin/order/edit.php] edit.php set payment data:Array
(
    [no_update_status_flg] => 1
)
 from 153.142.16.212
2019/07/03 15:57:43 [/shop/admin/order/edit.php] SendRequest:https://p01.mul-pay.jp/payment/ChangeTran.idPass from 153.142.16.212
2019/07/03 15:57:43 [/shop/admin/order/edit.php] Array
(
    [ShopID] => 9000034600950
    [ShopPass] => ******
    [AccessID] => 37f07094d89e9c6be7286edd21f4e059
    [AccessPass] => 3367cf10ef07365dc639f437bcc93f7d
    [JobCd] => CAPTURE
    [Amount] => 16399
)
 from 153.142.16.212
2019/07/03 15:57:44 [/shop/admin/order/edit.php] AccessID=37f07094d89e9c6be7286edd21f4e059&AccessPass=3367cf10ef07365dc639f437bcc93f7d&Forward=2a99661&Approve=0000070&TranID=1907031557602257210134131041&TranDate=20190703155743 from 153.142.16.212
2019/07/03 15:57:44 [/shop/admin/order/edit.php] Array
(
    [0] => Array
        (
            [AccessID] => 37f07094d89e9c6be7286edd21f4e059
            [AccessPass] => 3367cf10ef07365dc639f437bcc93f7d
            [Forward] => 2a99661
            [Approve] => 0000070
            [TranID] => 1907031557602257210134131041
            [TranDate] => 20190703155743
        )

)
 from 153.142.16.212
2019/07/03 15:57:44 [/shop/admin/order/edit.php] edit.php set payment data:Array
(
    [AccessID] => 37f07094d89e9c6be7286edd21f4e059
    [AccessPass] => 3367cf10ef07365dc639f437bcc93f7d
    [Forward] => 2a99661
    [Approve] => 0000070
    [TranID] => 1907031557602257210134131041
    [TranDate] => 20190703155743
    [action_status] => 6
    [pay_status] => 13
    [JobCd] => CAPTURE
    [Amount] => 16399
)
 from 153.142.16.212
2019/07/03 16:02:56 [/shop/shopping/load_payment_module.php] SendRequest:https://p01.mul-pay.jp/payment/SearchMember.idPass from 126.196.1.133
2019/07/03 16:02:56 [/shop/shopping/load_payment_module.php] Array
(
    [SiteID] => mst0000007602
    [SitePass] => ******
    [MemberID] => 7809
)
 from 126.196.1.133
2019/07/03 16:02:56 [/shop/shopping/load_payment_module.php] ErrCode=E01&ErrInfo=E01390002 from 126.196.1.133
2019/07/03 16:02:56 [/shop/shopping/load_payment_module.php] Array
(
    [0] => Array
        (
            [ErrCode] => E01
            [ErrInfo] => E01390002
        )

)
 from 126.196.1.133
2019/07/03 16:02:56 [/shop/shopping/load_payment_module.php] SendRequest:https://p01.mul-pay.jp/payment/SearchCard.idPass from 126.196.1.133
2019/07/03 16:02:56 [/shop/shopping/load_payment_module.php] Array
(
    [SiteID] => mst0000007602
    [SitePass] => ******
    [MemberID] => 7809
)
 from 126.196.1.133
2019/07/03 16:02:56 [/shop/shopping/load_payment_module.php] ErrCode=E01|E01&ErrInfo=E01390002|E01240002 from 126.196.1.133
2019/07/03 16:02:56 [/shop/shopping/load_payment_module.php] Array
(
    [0] => Array
        (
            [ErrCode] => E01
            [ErrInfo] => E01390002
        )

    [1] => Array
        (
            [ErrCode] => E01
            [ErrInfo] => E01240002
        )

)
 from 126.196.1.133
2019/07/03 16:03:42 [/shop/shopping/load_payment_module.php] SendRequest:https://p01.mul-pay.jp/payment/SearchMember.idPass from 126.196.1.133
2019/07/03 16:03:42 [/shop/shopping/load_payment_module.php] Array
(
    [SiteID] => mst0000007602
    [SitePass] => ******
    [MemberID] => 7809
)
 from 126.196.1.133
2019/07/03 16:03:42 [/shop/shopping/load_payment_module.php] ErrCode=E01&ErrInfo=E01390002 from 126.196.1.133
2019/07/03 16:03:42 [/shop/shopping/load_payment_module.php] Array
(
    [0] => Array
        (
            [ErrCode] => E01
            [ErrInfo] => E01390002
        )

)
 from 126.196.1.133
2019/07/03 16:03:42 [/shop/shopping/load_payment_module.php] SendRequest:https://p01.mul-pay.jp/payment/SearchCard.idPass from 126.196.1.133
2019/07/03 16:03:42 [/shop/shopping/load_payment_module.php] Array
(
    [SiteID] => mst0000007602
    [SitePass] => ******
    [MemberID] => 7809
)
 from 126.196.1.133
2019/07/03 16:03:42 [/shop/shopping/load_payment_module.php] ErrCode=E01|E01&ErrInfo=E01390002|E01240002 from 126.196.1.133
2019/07/03 16:03:42 [/shop/shopping/load_payment_module.php] Array
(
    [0] => Array
        (
            [ErrCode] => E01
            [ErrInfo] => E01390002
        )

    [1] => Array
        (
            [ErrCode] => E01
            [ErrInfo] => E01240002
        )

)
 from 126.196.1.133
2019/07/03 16:03:42 [/shop/shopping/load_payment_module.php] SendRequest:https://p01.mul-pay.jp/payment/EntryTran.idPass from 126.196.1.133
2019/07/03 16:03:42 [/shop/shopping/load_payment_module.php] Array
(
    [ShopID] => 9000034600950
    [ShopPass] => ******
    [OrderID] => 938361-03160342
    [JobCd] => CAPTURE
    [Amount] => 19800
    [TdFlag] => 0
    [TdTenantName] => 
)
 from 126.196.1.133
2019/07/03 16:03:43 [/shop/shopping/load_payment_module.php] AccessID=dfce36518d12807df8adf11bb1d1e257&AccessPass=edac50832c609c6589f78b3a7285884b from 126.196.1.133
2019/07/03 16:03:43 [/shop/shopping/load_payment_module.php] Array
(
    [0] => Array
        (
            [AccessID] => dfce36518d12807df8adf11bb1d1e257
            [AccessPass] => edac50832c609c6589f78b3a7285884b
        )

)
 from 126.196.1.133
2019/07/03 16:03:43 [/shop/shopping/load_payment_module.php] load_payment_module.php set payment data:Array
(
    [AccessID] => dfce36518d12807df8adf11bb1d1e257
    [AccessPass] => edac50832c609c6589f78b3a7285884b
    [OrderID] => 938361-03160342
    [Amount] => 19800
    [JobCd] => CAPTURE
    [action_status] => 1
    [pay_status] => 0
)
 from 126.196.1.133
2019/07/03 16:03:43 [/shop/shopping/load_payment_module.php] SendRequest:https://p01.mul-pay.jp/payment/ExecTran.idPass from 126.196.1.133
2019/07/03 16:03:43 [/shop/shopping/load_payment_module.php] Array
(
    [AccessID] => dfce36518d12807df8adf11bb1d1e257
    [AccessPass] => edac50832c609c6589f78b3a7285884b
    [OrderID] => 938361-03160342
    [Method] => 1
    [Token] => 048c93f3ebcba6ca8343de0336c2652825cdbd31303588df405174428f0f63fe
    [ClientField1] => 
    [ClientField2] => 
    [ClientField3] => EC-CUBE4.3.24
)
 from 126.196.1.133
2019/07/03 16:03:44 [/shop/shopping/load_payment_module.php] ACS=0&OrderID=938361-03160342&Forward=2S49631&Method=1&PayTimes=&Approve=0190930&TranID=1907031603602257210134121127&TranDate=20190703160344&CheckString=8fb65a21f21f401d3697aea2a2248c96 from 126.196.1.133
2019/07/03 16:03:44 [/shop/shopping/load_payment_module.php] Array
(
    [0] => Array
        (
            [ACS] => 0
            [OrderID] => 938361-03160342
            [Forward] => 2S49631
            [Method] => 1
            [PayTimes] => 
            [Approve] => 0190930
            [TranID] => 1907031603602257210134121127
            [TranDate] => 20190703160344
            [CheckString] => 8fb65a21f21f401d3697aea2a2248c96
        )

)
 from 126.196.1.133
2019/07/03 16:03:44 [/shop/shopping/load_payment_module.php] load_payment_module.php set payment data:Array
(
    [ACS] => 0
    [Forward] => 2S49631
    [Method] => 1
    [PayTimes] => 
    [Approve] => 0190930
    [TranID] => 1907031603602257210134121127
    [TranDate] => 20190703160344
    [CheckString] => 8fb65a21f21f401d3697aea2a2248c96
    [Amount] => 19800
    [JobCd] => CAPTURE
    [action_status] => 3
    [pay_status] => 13
)
 from 126.196.1.133
2019/07/03 16:04:14 [/shop/admin/order/edit.php] edit.php set payment data:Array
(
    [no_update_status_flg] => 1
)
 from 153.142.16.212
2019/07/03 16:04:14 [/shop/admin/order/edit.php] SendRequest:https://p01.mul-pay.jp/payment/ChangeTran.idPass from 153.142.16.212
2019/07/03 16:04:14 [/shop/admin/order/edit.php] Array
(
    [ShopID] => 9000034600950
    [ShopPass] => ******
    [AccessID] => d5a3079294e27ec6a8a1f5de1aa1257c
    [AccessPass] => de2166ed5088468fcd1dd56176747e57
    [JobCd] => CAPTURE
    [Amount] => 10410
)
 from 153.142.16.212
2019/07/03 16:04:16 [/shop/admin/order/edit.php] AccessID=d5a3079294e27ec6a8a1f5de1aa1257c&AccessPass=de2166ed5088468fcd1dd56176747e57&Forward=2S49631&Approve=0024783&TranID=1907031604602257210134111083&TranDate=20190703160415 from 153.142.16.212
2019/07/03 16:04:16 [/shop/admin/order/edit.php] Array
(
    [0] => Array
        (
            [AccessID] => d5a3079294e27ec6a8a1f5de1aa1257c
            [AccessPass] => de2166ed5088468fcd1dd56176747e57
            [Forward] => 2S49631
            [Approve] => 0024783
            [TranID] => 1907031604602257210134111083
            [TranDate] => 20190703160415
        )

)
 from 153.142.16.212
2019/07/03 16:04:16 [/shop/admin/order/edit.php] edit.php set payment data:Array
(
    [AccessID] => d5a3079294e27ec6a8a1f5de1aa1257c
    [AccessPass] => de2166ed5088468fcd1dd56176747e57
    [Forward] => 2S49631
    [Approve] => 0024783
    [TranID] => 1907031604602257210134111083
    [TranDate] => 20190703160415
    [action_status] => 6
    [pay_status] => 13
    [JobCd] => CAPTURE
    [Amount] => 10410
)
 from 153.142.16.212
2019/07/03 16:07:04 [/shop/shopping/load_payment_module.php] SendRequest:https://p01.mul-pay.jp/payment/SearchMember.idPass from 122.16.109.184
2019/07/03 16:07:04 [/shop/shopping/load_payment_module.php] Array
(
    [SiteID] => mst0000007602
    [SitePass] => ******
    [MemberID] => 9415
)
 from 122.16.109.184
2019/07/03 16:07:04 [/shop/shopping/load_payment_module.php] ErrCode=E01&ErrInfo=E01390002 from 122.16.109.184
2019/07/03 16:07:04 [/shop/shopping/load_payment_module.php] Array
(
    [0] => Array
        (
            [ErrCode] => E01
            [ErrInfo] => E01390002
        )

)
 from 122.16.109.184
2019/07/03 16:07:04 [/shop/shopping/load_payment_module.php] SendRequest:https://p01.mul-pay.jp/payment/SearchCard.idPass from 122.16.109.184
2019/07/03 16:07:04 [/shop/shopping/load_payment_module.php] Array
(
    [SiteID] => mst0000007602
    [SitePass] => ******
    [MemberID] => 9415
)
 from 122.16.109.184
2019/07/03 16:07:04 [/shop/shopping/load_payment_module.php] ErrCode=E01|E01&ErrInfo=E01390002|E01240002 from 122.16.109.184
2019/07/03 16:07:04 [/shop/shopping/load_payment_module.php] Array
(
    [0] => Array
        (
            [ErrCode] => E01
            [ErrInfo] => E01390002
        )

    [1] => Array
        (
            [ErrCode] => E01
            [ErrInfo] => E01240002
        )

)
 from 122.16.109.184
2019/07/03 16:07:59 [/shop/shopping/load_payment_module.php] SendRequest:https://p01.mul-pay.jp/payment/SearchMember.idPass from 122.16.109.184
2019/07/03 16:07:59 [/shop/shopping/load_payment_module.php] Array
(
    [SiteID] => mst0000007602
    [SitePass] => ******
    [MemberID] => 9415
)
 from 122.16.109.184
2019/07/03 16:07:59 [/shop/shopping/load_payment_module.php] ErrCode=E01&ErrInfo=E01390002 from 122.16.109.184
2019/07/03 16:07:59 [/shop/shopping/load_payment_module.php] Array
(
    [0] => Array
        (
            [ErrCode] => E01
            [ErrInfo] => E01390002
        )

)
 from 122.16.109.184
2019/07/03 16:07:59 [/shop/shopping/load_payment_module.php] SendRequest:https://p01.mul-pay.jp/payment/SearchCard.idPass from 122.16.109.184
2019/07/03 16:07:59 [/shop/shopping/load_payment_module.php] Array
(
    [SiteID] => mst0000007602
    [SitePass] => ******
    [MemberID] => 9415
)
 from 122.16.109.184
2019/07/03 16:07:59 [/shop/shopping/load_payment_module.php] ErrCode=E01|E01&ErrInfo=E01390002|E01240002 from 122.16.109.184
2019/07/03 16:07:59 [/shop/shopping/load_payment_module.php] Array
(
    [0] => Array
        (
            [ErrCode] => E01
            [ErrInfo] => E01390002
        )

    [1] => Array
        (
            [ErrCode] => E01
            [ErrInfo] => E01240002
        )

)
 from 122.16.109.184
2019/07/03 16:07:59 [/shop/shopping/load_payment_module.php] SendRequest:https://p01.mul-pay.jp/payment/EntryTran.idPass from 122.16.109.184
2019/07/03 16:07:59 [/shop/shopping/load_payment_module.php] Array
(
    [ShopID] => 9000034600950
    [ShopPass] => ******
    [OrderID] => 938362-03160759
    [JobCd] => CAPTURE
    [Amount] => 7830
    [TdFlag] => 0
    [TdTenantName] => 
)
 from 122.16.109.184
2019/07/03 16:07:59 [/shop/shopping/load_payment_module.php] AccessID=d22ce621ae037ea3d28ce2351cc06c61&AccessPass=f86c85b19a2f731b8d0c93507fe4e8b5 from 122.16.109.184
2019/07/03 16:07:59 [/shop/shopping/load_payment_module.php] Array
(
    [0] => Array
        (
            [AccessID] => d22ce621ae037ea3d28ce2351cc06c61
            [AccessPass] => f86c85b19a2f731b8d0c93507fe4e8b5
        )

)
 from 122.16.109.184
2019/07/03 16:07:59 [/shop/shopping/load_payment_module.php] load_payment_module.php set payment data:Array
(
    [AccessID] => d22ce621ae037ea3d28ce2351cc06c61
    [AccessPass] => f86c85b19a2f731b8d0c93507fe4e8b5
    [OrderID] => 938362-03160759
    [Amount] => 7830
    [JobCd] => CAPTURE
    [action_status] => 1
    [pay_status] => 0
)
 from 122.16.109.184
2019/07/03 16:07:59 [/shop/shopping/load_payment_module.php] SendRequest:https://p01.mul-pay.jp/payment/ExecTran.idPass from 122.16.109.184
2019/07/03 16:07:59 [/shop/shopping/load_payment_module.php] Array
(
    [AccessID] => d22ce621ae037ea3d28ce2351cc06c61
    [AccessPass] => f86c85b19a2f731b8d0c93507fe4e8b5
    [OrderID] => 938362-03160759
    [Method] => 1
    [Token] => ce22e836078455a952daca4f46dd9bef939272c6926fc18672572e75aab4e3a1
    [ClientField1] => 
    [ClientField2] => 
    [ClientField3] => EC-CUBE4.3.24
)
 from 122.16.109.184
2019/07/03 16:08:00 [/shop/shopping/load_payment_module.php] ACS=0&OrderID=938362-03160759&Forward=2S49631&Method=1&PayTimes=&Approve=0031978&TranID=1907031607602257210134121128&TranDate=20190703160800&CheckString=a2653ebe01ed7d699d2cafb5220b332e from 122.16.109.184
2019/07/03 16:08:00 [/shop/shopping/load_payment_module.php] Array
(
    [0] => Array
        (
            [ACS] => 0
            [OrderID] => 938362-03160759
            [Forward] => 2S49631
            [Method] => 1
            [PayTimes] => 
            [Approve] => 0031978
            [TranID] => 1907031607602257210134121128
            [TranDate] => 20190703160800
            [CheckString] => a2653ebe01ed7d699d2cafb5220b332e
        )

)
 from 122.16.109.184
2019/07/03 16:08:00 [/shop/shopping/load_payment_module.php] load_payment_module.php set payment data:Array
(
    [ACS] => 0
    [Forward] => 2S49631
    [Method] => 1
    [PayTimes] => 
    [Approve] => 0031978
    [TranID] => 1907031607602257210134121128
    [TranDate] => 20190703160800
    [CheckString] => a2653ebe01ed7d699d2cafb5220b332e
    [Amount] => 7830
    [JobCd] => CAPTURE
    [action_status] => 3
    [pay_status] => 13
)
 from 122.16.109.184
2019/07/03 16:08:37 [/shop/shopping/load_payment_module.php] SendRequest:https://p01.mul-pay.jp/payment/SearchMember.idPass from 72.253.90.114
2019/07/03 16:08:37 [/shop/shopping/load_payment_module.php] Array
(
    [SiteID] => mst0000007602
    [SitePass] => ******
    [MemberID] => 9416
)
 from 72.253.90.114
2019/07/03 16:08:37 [/shop/shopping/load_payment_module.php] ErrCode=E01&ErrInfo=E01390002 from 72.253.90.114
2019/07/03 16:08:37 [/shop/shopping/load_payment_module.php] Array
(
    [0] => Array
        (
            [ErrCode] => E01
            [ErrInfo] => E01390002
        )

)
 from 72.253.90.114
2019/07/03 16:08:37 [/shop/shopping/load_payment_module.php] SendRequest:https://p01.mul-pay.jp/payment/SearchCard.idPass from 72.253.90.114
2019/07/03 16:08:37 [/shop/shopping/load_payment_module.php] Array
(
    [SiteID] => mst0000007602
    [SitePass] => ******
    [MemberID] => 9416
)
 from 72.253.90.114
2019/07/03 16:08:37 [/shop/shopping/load_payment_module.php] ErrCode=E01|E01&ErrInfo=E01390002|E01240002 from 72.253.90.114
2019/07/03 16:08:37 [/shop/shopping/load_payment_module.php] Array
(
    [0] => Array
        (
            [ErrCode] => E01
            [ErrInfo] => E01390002
        )

    [1] => Array
        (
            [ErrCode] => E01
            [ErrInfo] => E01240002
        )

)
 from 72.253.90.114
2019/07/03 16:08:49 [/shop/shopping/load_payment_module.php] SendRequest:https://p01.mul-pay.jp/payment/SearchMember.idPass from 72.253.90.114
2019/07/03 16:08:49 [/shop/shopping/load_payment_module.php] Array
(
    [SiteID] => mst0000007602
    [SitePass] => ******
    [MemberID] => 9416
)
 from 72.253.90.114
2019/07/03 16:08:49 [/shop/shopping/load_payment_module.php] ErrCode=E01&ErrInfo=E01390002 from 72.253.90.114
2019/07/03 16:08:49 [/shop/shopping/load_payment_module.php] Array
(
    [0] => Array
        (
            [ErrCode] => E01
            [ErrInfo] => E01390002
        )

)
 from 72.253.90.114
2019/07/03 16:08:49 [/shop/shopping/load_payment_module.php] SendRequest:https://p01.mul-pay.jp/payment/SearchCard.idPass from 72.253.90.114
2019/07/03 16:08:49 [/shop/shopping/load_payment_module.php] Array
(
    [SiteID] => mst0000007602
    [SitePass] => ******
    [MemberID] => 9416
)
 from 72.253.90.114
2019/07/03 16:08:49 [/shop/shopping/load_payment_module.php] ErrCode=E01|E01&ErrInfo=E01390002|E01240002 from 72.253.90.114
2019/07/03 16:08:49 [/shop/shopping/load_payment_module.php] Array
(
    [0] => Array
        (
            [ErrCode] => E01
            [ErrInfo] => E01390002
        )

    [1] => Array
        (
            [ErrCode] => E01
            [ErrInfo] => E01240002
        )

)
 from 72.253.90.114
2019/07/03 16:08:49 [/shop/shopping/load_payment_module.php] SendRequest:https://p01.mul-pay.jp/payment/EntryTran.idPass from 72.253.90.114
2019/07/03 16:08:49 [/shop/shopping/load_payment_module.php] Array
(
    [ShopID] => 9000034600950
    [ShopPass] => ******
    [OrderID] => 938363-03160849
    [JobCd] => CAPTURE
    [Amount] => 5160
    [TdFlag] => 0
    [TdTenantName] => 
)
 from 72.253.90.114
2019/07/03 16:08:49 [/shop/shopping/load_payment_module.php] AccessID=0d3f9bd469042c5718450a98a712a9e6&AccessPass=1dd5f93f4c46fd209f1b6842ddf46d65 from 72.253.90.114
2019/07/03 16:08:49 [/shop/shopping/load_payment_module.php] Array
(
    [0] => Array
        (
            [AccessID] => 0d3f9bd469042c5718450a98a712a9e6
            [AccessPass] => 1dd5f93f4c46fd209f1b6842ddf46d65
        )

)
 from 72.253.90.114
2019/07/03 16:08:49 [/shop/shopping/load_payment_module.php] load_payment_module.php set payment data:Array
(
    [AccessID] => 0d3f9bd469042c5718450a98a712a9e6
    [AccessPass] => 1dd5f93f4c46fd209f1b6842ddf46d65
    [OrderID] => 938363-03160849
    [Amount] => 5160
    [JobCd] => CAPTURE
    [action_status] => 1
    [pay_status] => 0
)
 from 72.253.90.114
2019/07/03 16:08:49 [/shop/shopping/load_payment_module.php] SendRequest:https://p01.mul-pay.jp/payment/ExecTran.idPass from 72.253.90.114
2019/07/03 16:08:49 [/shop/shopping/load_payment_module.php] Array
(
    [AccessID] => 0d3f9bd469042c5718450a98a712a9e6
    [AccessPass] => 1dd5f93f4c46fd209f1b6842ddf46d65
    [OrderID] => 938363-03160849
    [Method] => 1
    [Token] => 40d63e549be65ec2417d741fab3b96cdf92108465f3949678ed0f2f6b9f85ada
    [ClientField1] => 
    [ClientField2] => 
    [ClientField3] => EC-CUBE4.3.24
)
 from 72.253.90.114
2019/07/03 16:08:51 [/shop/shopping/load_payment_module.php] ACS=0&OrderID=938363-03160849&Forward=2959876&Method=1&PayTimes=&Approve=0055359&TranID=1907031608602257210134131042&TranDate=20190703160851&CheckString=97c35a3c3baef2bc9261eca437c2b5c9 from 72.253.90.114
2019/07/03 16:08:51 [/shop/shopping/load_payment_module.php] Array
(
    [0] => Array
        (
            [ACS] => 0
            [OrderID] => 938363-03160849
            [Forward] => 2959876
            [Method] => 1
            [PayTimes] => 
            [Approve] => 0055359
            [TranID] => 1907031608602257210134131042
            [TranDate] => 20190703160851
            [CheckString] => 97c35a3c3baef2bc9261eca437c2b5c9
        )

)
 from 72.253.90.114
2019/07/03 16:08:51 [/shop/shopping/load_payment_module.php] load_payment_module.php set payment data:Array
(
    [ACS] => 0
    [Forward] => 2959876
    [Method] => 1
    [PayTimes] => 
    [Approve] => 0055359
    [TranID] => 1907031608602257210134131042
    [TranDate] => 20190703160851
    [CheckString] => 97c35a3c3baef2bc9261eca437c2b5c9
    [Amount] => 5160
    [JobCd] => CAPTURE
    [action_status] => 3
    [pay_status] => 13
)
 from 72.253.90.114
2019/07/03 16:11:15 [/shop/shopping/load_payment_module.php] SendRequest:https://p01.mul-pay.jp/payment/EntryTran.idPass from 112.205.141.17
2019/07/03 16:11:15 [/shop/shopping/load_payment_module.php] Array
(
    [ShopID] => 9000034600950
    [ShopPass] => ******
    [OrderID] => 938364-03161115
    [JobCd] => CAPTURE
    [Amount] => 7110
    [TdFlag] => 0
    [TdTenantName] => 
)
 from 112.205.141.17
2019/07/03 16:11:15 [/shop/shopping/load_payment_module.php] AccessID=a48a9cfb372a1dbb31af806ab4b73973&AccessPass=ea0a5d8e4294997d07abf083d7e9c1a1 from 112.205.141.17
2019/07/03 16:11:15 [/shop/shopping/load_payment_module.php] Array
(
    [0] => Array
        (
            [AccessID] => a48a9cfb372a1dbb31af806ab4b73973
            [AccessPass] => ea0a5d8e4294997d07abf083d7e9c1a1
        )

)
 from 112.205.141.17
2019/07/03 16:11:15 [/shop/shopping/load_payment_module.php] load_payment_module.php set payment data:Array
(
    [AccessID] => a48a9cfb372a1dbb31af806ab4b73973
    [AccessPass] => ea0a5d8e4294997d07abf083d7e9c1a1
    [OrderID] => 938364-03161115
    [Amount] => 7110
    [JobCd] => CAPTURE
    [action_status] => 1
    [pay_status] => 0
)
 from 112.205.141.17
2019/07/03 16:11:15 [/shop/shopping/load_payment_module.php] SendRequest:https://p01.mul-pay.jp/payment/ExecTran.idPass from 112.205.141.17
2019/07/03 16:11:15 [/shop/shopping/load_payment_module.php] Array
(
    [AccessID] => a48a9cfb372a1dbb31af806ab4b73973
    [AccessPass] => ea0a5d8e4294997d07abf083d7e9c1a1
    [OrderID] => 938364-03161115
    [Method] => 1
    [Token] => e8527e68e555c095c29bde82f908e70202c5e531d0a22f94e6a35fa593f241d1
    [ClientField1] => 
    [ClientField2] => 
    [ClientField3] => EC-CUBE4.3.24
)
 from 112.205.141.17
2019/07/03 16:11:17 [/shop/shopping/load_payment_module.php] ACS=0&OrderID=938364-03161115&Forward=2959876&Method=1&PayTimes=&Approve=0336855&TranID=1907031611602257210134111084&TranDate=20190703161117&CheckString=42ab9244ea0453d94897c2bcc617c0a4 from 112.205.141.17
2019/07/03 16:11:17 [/shop/shopping/load_payment_module.php] Array
(
    [0] => Array
        (
            [ACS] => 0
            [OrderID] => 938364-03161115
            [Forward] => 2959876
            [Method] => 1
            [PayTimes] => 
            [Approve] => 0336855
            [TranID] => 1907031611602257210134111084
            [TranDate] => 20190703161117
            [CheckString] => 42ab9244ea0453d94897c2bcc617c0a4
        )

)
 from 112.205.141.17
2019/07/03 16:11:17 [/shop/shopping/load_payment_module.php] load_payment_module.php set payment data:Array
(
    [ACS] => 0
    [Forward] => 2959876
    [Method] => 1
    [PayTimes] => 
    [Approve] => 0336855
    [TranID] => 1907031611602257210134111084
    [TranDate] => 20190703161117
    [CheckString] => 42ab9244ea0453d94897c2bcc617c0a4
    [Amount] => 7110
    [JobCd] => CAPTURE
    [action_status] => 3
    [pay_status] => 13
)
 from 112.205.141.17
2019/07/03 16:11:51 [/shop/admin/order/edit.php] edit.php set payment data:Array
(
    [no_update_status_flg] => 1
)
 from 153.142.16.212
2019/07/03 16:11:51 [/shop/admin/order/edit.php] SendRequest:https://p01.mul-pay.jp/payment/ChangeTran.idPass from 153.142.16.212
2019/07/03 16:11:51 [/shop/admin/order/edit.php] Array
(
    [ShopID] => 9000034600950
    [ShopPass] => ******
    [AccessID] => 883f40293291ed00d3478612b05c4a73
    [AccessPass] => 7ab576774dc36bfb4c663af4b21e3ded
    [JobCd] => CAPTURE
    [Amount] => 8610
)
 from 153.142.16.212
2019/07/03 16:11:54 [/shop/admin/order/edit.php] AccessID=883f40293291ed00d3478612b05c4a73&AccessPass=7ab576774dc36bfb4c663af4b21e3ded&Forward=2959876&Approve=0742577&TranID=1907031611602257210134111085&TranDate=20190703161153 from 153.142.16.212
2019/07/03 16:11:54 [/shop/admin/order/edit.php] Array
(
    [0] => Array
        (
            [AccessID] => 883f40293291ed00d3478612b05c4a73
            [AccessPass] => 7ab576774dc36bfb4c663af4b21e3ded
            [Forward] => 2959876
            [Approve] => 0742577
            [TranID] => 1907031611602257210134111085
            [TranDate] => 20190703161153
        )

)
 from 153.142.16.212
2019/07/03 16:11:54 [/shop/admin/order/edit.php] edit.php set payment data:Array
(
    [AccessID] => 883f40293291ed00d3478612b05c4a73
    [AccessPass] => 7ab576774dc36bfb4c663af4b21e3ded
    [Forward] => 2959876
    [Approve] => 0742577
    [TranID] => 1907031611602257210134111085
    [TranDate] => 20190703161153
    [action_status] => 6
    [pay_status] => 13
    [JobCd] => CAPTURE
    [Amount] => 8610
)
 from 153.142.16.212
2019/07/03 16:15:25 [/shop/admin/order/edit.php] edit.php set payment data:Array
(
    [no_update_status_flg] => 1
)
 from 153.142.16.212
2019/07/03 16:15:25 [/shop/admin/order/edit.php] SendRequest:https://p01.mul-pay.jp/payment/ChangeTran.idPass from 153.142.16.212
2019/07/03 16:15:25 [/shop/admin/order/edit.php] Array
(
    [ShopID] => 9000034600950
    [ShopPass] => ******
    [AccessID] => 2aa53c4265ce29fd64d524a1ae6b9dc8
    [AccessPass] => 6cfb88363a9903b21f04cf4b887beb7a
    [JobCd] => CAPTURE
    [Amount] => 17010
)
 from 153.142.16.212
2019/07/03 16:15:28 [/shop/admin/order/edit.php] AccessID=2aa53c4265ce29fd64d524a1ae6b9dc8&AccessPass=6cfb88363a9903b21f04cf4b887beb7a&Forward=2S49631&Approve=0744588&TranID=1907031615602257210134111086&TranDate=20190703161527 from 153.142.16.212
2019/07/03 16:15:28 [/shop/admin/order/edit.php] Array
(
    [0] => Array
        (
            [AccessID] => 2aa53c4265ce29fd64d524a1ae6b9dc8
            [AccessPass] => 6cfb88363a9903b21f04cf4b887beb7a
            [Forward] => 2S49631
            [Approve] => 0744588
            [TranID] => 1907031615602257210134111086
            [TranDate] => 20190703161527
        )

)
 from 153.142.16.212
2019/07/03 16:15:28 [/shop/admin/order/edit.php] edit.php set payment data:Array
(
    [AccessID] => 2aa53c4265ce29fd64d524a1ae6b9dc8
    [AccessPass] => 6cfb88363a9903b21f04cf4b887beb7a
    [Forward] => 2S49631
    [Approve] => 0744588
    [TranID] => 1907031615602257210134111086
    [TranDate] => 20190703161527
    [action_status] => 6
    [pay_status] => 13
    [JobCd] => CAPTURE
    [Amount] => 17010
)
 from 153.142.16.212
2019/07/03 16:18:29 [/shop/admin/order/edit.php] edit.php set payment data:Array
(
    [no_update_status_flg] => 1
)
 from 153.142.16.212
2019/07/03 16:18:29 [/shop/admin/order/edit.php] SendRequest:https://p01.mul-pay.jp/payment/ChangeTran.idPass from 153.142.16.212
2019/07/03 16:18:29 [/shop/admin/order/edit.php] Array
(
    [ShopID] => 9000034600950
    [ShopPass] => ******
    [AccessID] => bfe5d7750ae596d5217e380a0d5c78ac
    [AccessPass] => eaee7b700e939ea1322fb021136352a5
    [JobCd] => CAPTURE
    [Amount] => 317046
)
 from 153.142.16.212
2019/07/03 16:18:32 [/shop/admin/order/edit.php] ErrCode=G54&ErrInfo=42G540000 from 153.142.16.212
2019/07/03 16:18:32 [/shop/admin/order/edit.php] Array
(
    [0] => Array
        (
            [ErrCode] => G54
            [ErrInfo] => 42G540000
        )

)
 from 153.142.16.212
2019/07/03 16:25:16 [/shop/shopping/load_payment_module.php] SendRequest:https://p01.mul-pay.jp/payment/EntryTran.idPass from 153.156.46.198
2019/07/03 16:25:16 [/shop/shopping/load_payment_module.php] Array
(
    [ShopID] => 9000034600950
    [ShopPass] => ******
    [OrderID] => 938365-03162516
    [JobCd] => CAPTURE
    [Amount] => 18420
    [TdFlag] => 0
    [TdTenantName] => 
)
 from 153.156.46.198
2019/07/03 16:25:16 [/shop/shopping/load_payment_module.php] AccessID=2964847263ecd8db1dbbb396fd36d478&AccessPass=cb37321a1890385721558e35744a06c8 from 153.156.46.198
2019/07/03 16:25:16 [/shop/shopping/load_payment_module.php] Array
(
    [0] => Array
        (
            [AccessID] => 2964847263ecd8db1dbbb396fd36d478
            [AccessPass] => cb37321a1890385721558e35744a06c8
        )

)
 from 153.156.46.198
2019/07/03 16:25:16 [/shop/shopping/load_payment_module.php] load_payment_module.php set payment data:Array
(
    [AccessID] => 2964847263ecd8db1dbbb396fd36d478
    [AccessPass] => cb37321a1890385721558e35744a06c8
    [OrderID] => 938365-03162516
    [Amount] => 18420
    [JobCd] => CAPTURE
    [action_status] => 1
    [pay_status] => 0
)
 from 153.156.46.198
2019/07/03 16:25:16 [/shop/shopping/load_payment_module.php] SendRequest:https://p01.mul-pay.jp/payment/ExecTran.idPass from 153.156.46.198
2019/07/03 16:25:16 [/shop/shopping/load_payment_module.php] Array
(
    [AccessID] => 2964847263ecd8db1dbbb396fd36d478
    [AccessPass] => cb37321a1890385721558e35744a06c8
    [OrderID] => 938365-03162516
    [Method] => 1
    [Token] => a1345aa683fe4963f4f0908f9e798829b236d6d47273b3482a2806592641eedb
    [ClientField1] => 
    [ClientField2] => 
    [ClientField3] => EC-CUBE4.3.24
)
 from 153.156.46.198
2019/07/03 16:25:17 [/shop/shopping/load_payment_module.php] ErrCode=G12&ErrInfo=42G120000 from 153.156.46.198
2019/07/03 16:25:17 [/shop/shopping/load_payment_module.php] Array
(
    [0] => Array
        (
            [ErrCode] => G12
            [ErrInfo] => 42G120000
        )

)
 from 153.156.46.198
2019/07/03 16:25:17 [/shop/shopping/load_payment_module.php] load_payment_module.php set payment data:Array
(
    [request_error] => Array
        (
            [0] => このカードでは取引をする事が出来ません。 (G12-42G120000)
        )

    [Amount] => 18420
    [JobCd] => CAPTURE
    [action_status] => 3
)
 from 153.156.46.198
2019/07/03 17:52:03 [/shop/shopping/load_payment_module.php] SendRequest:https://p01.mul-pay.jp/payment/EntryTran.idPass from 125.103.220.45
2019/07/03 17:52:03 [/shop/shopping/load_payment_module.php] Array
(
    [ShopID] => 9000034600950
    [ShopPass] => ******
    [OrderID] => 938366-03175203
    [JobCd] => CAPTURE
    [Amount] => 35640
    [TdFlag] => 0
    [TdTenantName] => 
)
 from 125.103.220.45
2019/07/03 17:52:03 [/shop/shopping/load_payment_module.php] AccessID=1d497737544877eb7fe75014069e7467&AccessPass=c6ed0291933065f67e8f302f322b4285 from 125.103.220.45
2019/07/03 17:52:03 [/shop/shopping/load_payment_module.php] Array
(
    [0] => Array
        (
            [AccessID] => 1d497737544877eb7fe75014069e7467
            [AccessPass] => c6ed0291933065f67e8f302f322b4285
        )

)
 from 125.103.220.45
2019/07/03 17:52:03 [/shop/shopping/load_payment_module.php] load_payment_module.php set payment data:Array
(
    [AccessID] => 1d497737544877eb7fe75014069e7467
    [AccessPass] => c6ed0291933065f67e8f302f322b4285
    [OrderID] => 938366-03175203
    [Amount] => 35640
    [JobCd] => CAPTURE
    [action_status] => 1
    [pay_status] => 0
)
 from 125.103.220.45
2019/07/03 17:52:03 [/shop/shopping/load_payment_module.php] SendRequest:https://p01.mul-pay.jp/payment/ExecTran.idPass from 125.103.220.45
2019/07/03 17:52:03 [/shop/shopping/load_payment_module.php] Array
(
    [AccessID] => 1d497737544877eb7fe75014069e7467
    [AccessPass] => c6ed0291933065f67e8f302f322b4285
    [OrderID] => 938366-03175203
    [Method] => 1
    [Token] => d21e487b3d4c47c6d32d0aadaf743fd48e3cb218b9f1546dcdeb72be5843ef33
    [ClientField1] => 
    [ClientField2] => 
    [ClientField3] => EC-CUBE4.3.24
)
 from 125.103.220.45
2019/07/03 17:52:04 [/shop/shopping/load_payment_module.php] ACS=0&OrderID=938366-03175203&Forward=2a99661&Method=1&PayTimes=&Approve=0000012&TranID=1907031752602257210134131044&TranDate=20190703175204&CheckString=6d0e1bea1432842df6d74fea780e3604 from 125.103.220.45
2019/07/03 17:52:04 [/shop/shopping/load_payment_module.php] Array
(
    [0] => Array
        (
            [ACS] => 0
            [OrderID] => 938366-03175203
            [Forward] => 2a99661
            [Method] => 1
            [PayTimes] => 
            [Approve] => 0000012
            [TranID] => 1907031752602257210134131044
            [TranDate] => 20190703175204
            [CheckString] => 6d0e1bea1432842df6d74fea780e3604
        )

)
 from 125.103.220.45
2019/07/03 17:52:04 [/shop/shopping/load_payment_module.php] load_payment_module.php set payment data:Array
(
    [ACS] => 0
    [Forward] => 2a99661
    [Method] => 1
    [PayTimes] => 
    [Approve] => 0000012
    [TranID] => 1907031752602257210134131044
    [TranDate] => 20190703175204
    [CheckString] => 6d0e1bea1432842df6d74fea780e3604
    [Amount] => 35640
    [JobCd] => CAPTURE
    [action_status] => 3
    [pay_status] => 13
)
 from 125.103.220.45
2019/07/03 18:18:20 [/shop/shopping/load_payment_module.php] SendRequest:https://p01.mul-pay.jp/payment/EntryTran.idPass from 63.247.1.245
2019/07/03 18:18:20 [/shop/shopping/load_payment_module.php] Array
(
    [ShopID] => 9000034600950
    [ShopPass] => ******
    [OrderID] => 938368-03181820
    [JobCd] => CAPTURE
    [Amount] => 11910
    [TdFlag] => 0
    [TdTenantName] => 
)
 from 63.247.1.245
2019/07/03 18:18:20 [/shop/shopping/load_payment_module.php] AccessID=90310ed319b0fd8cda5eec5c041cf82f&AccessPass=d8379f1d314b6e9727eb4fb0b92b8efc from 63.247.1.245
2019/07/03 18:18:20 [/shop/shopping/load_payment_module.php] Array
(
    [0] => Array
        (
            [AccessID] => 90310ed319b0fd8cda5eec5c041cf82f
            [AccessPass] => d8379f1d314b6e9727eb4fb0b92b8efc
        )

)
 from 63.247.1.245
2019/07/03 18:18:20 [/shop/shopping/load_payment_module.php] load_payment_module.php set payment data:Array
(
    [AccessID] => 90310ed319b0fd8cda5eec5c041cf82f
    [AccessPass] => d8379f1d314b6e9727eb4fb0b92b8efc
    [OrderID] => 938368-03181820
    [Amount] => 11910
    [JobCd] => CAPTURE
    [action_status] => 1
    [pay_status] => 0
)
 from 63.247.1.245
2019/07/03 18:18:20 [/shop/shopping/load_payment_module.php] SendRequest:https://p01.mul-pay.jp/payment/ExecTran.idPass from 63.247.1.245
2019/07/03 18:18:20 [/shop/shopping/load_payment_module.php] Array
(
    [AccessID] => 90310ed319b0fd8cda5eec5c041cf82f
    [AccessPass] => d8379f1d314b6e9727eb4fb0b92b8efc
    [OrderID] => 938368-03181820
    [Method] => 1
    [Token] => 5868cf47e3fbe2992d7936c96f69f6dc5a7d18391b10d51c71137c8df7d5ad71
    [ClientField1] => 
    [ClientField2] => 
    [ClientField3] => EC-CUBE4.3.24
)
 from 63.247.1.245
2019/07/03 18:18:21 [/shop/shopping/load_payment_module.php] ACS=0&OrderID=938368-03181820&Forward=2S49631&Method=1&PayTimes=&Approve=0046383&TranID=1907031818602257210134121131&TranDate=20190703181821&CheckString=68f94eea534f4417a2265abc88dc397b from 63.247.1.245
2019/07/03 18:18:21 [/shop/shopping/load_payment_module.php] Array
(
    [0] => Array
        (
            [ACS] => 0
            [OrderID] => 938368-03181820
            [Forward] => 2S49631
            [Method] => 1
            [PayTimes] => 
            [Approve] => 0046383
            [TranID] => 1907031818602257210134121131
            [TranDate] => 20190703181821
            [CheckString] => 68f94eea534f4417a2265abc88dc397b
        )

)
 from 63.247.1.245
2019/07/03 18:18:21 [/shop/shopping/load_payment_module.php] load_payment_module.php set payment data:Array
(
    [ACS] => 0
    [Forward] => 2S49631
    [Method] => 1
    [PayTimes] => 
    [Approve] => 0046383
    [TranID] => 1907031818602257210134121131
    [TranDate] => 20190703181821
    [CheckString] => 68f94eea534f4417a2265abc88dc397b
    [Amount] => 11910
    [JobCd] => CAPTURE
    [action_status] => 3
    [pay_status] => 13
)
 from 63.247.1.245
2019/07/03 19:45:49 [/shop/shopping/load_payment_module.php] SendRequest:https://p01.mul-pay.jp/payment/SearchMember.idPass from 61.40.163.130
2019/07/03 19:45:49 [/shop/shopping/load_payment_module.php] Array
(
    [SiteID] => mst0000007602
    [SitePass] => ******
    [MemberID] => 9417
)
 from 61.40.163.130
2019/07/03 19:45:49 [/shop/shopping/load_payment_module.php] ErrCode=E01&ErrInfo=E01390002 from 61.40.163.130
2019/07/03 19:45:49 [/shop/shopping/load_payment_module.php] Array
(
    [0] => Array
        (
            [ErrCode] => E01
            [ErrInfo] => E01390002
        )

)
 from 61.40.163.130
2019/07/03 19:45:49 [/shop/shopping/load_payment_module.php] SendRequest:https://p01.mul-pay.jp/payment/SearchCard.idPass from 61.40.163.130
2019/07/03 19:45:49 [/shop/shopping/load_payment_module.php] Array
(
    [SiteID] => mst0000007602
    [SitePass] => ******
    [MemberID] => 9417
)
 from 61.40.163.130
2019/07/03 19:45:49 [/shop/shopping/load_payment_module.php] ErrCode=E01|E01&ErrInfo=E01390002|E01240002 from 61.40.163.130
2019/07/03 19:45:49 [/shop/shopping/load_payment_module.php] Array
(
    [0] => Array
        (
            [ErrCode] => E01
            [ErrInfo] => E01390002
        )

    [1] => Array
        (
            [ErrCode] => E01
            [ErrInfo] => E01240002
        )

)
 from 61.40.163.130
2019/07/03 19:46:53 [/shop/shopping/load_payment_module.php] SendRequest:https://p01.mul-pay.jp/payment/SearchMember.idPass from 61.40.163.130
2019/07/03 19:46:53 [/shop/shopping/load_payment_module.php] Array
(
    [SiteID] => mst0000007602
    [SitePass] => ******
    [MemberID] => 9417
)
 from 61.40.163.130
2019/07/03 19:46:53 [/shop/shopping/load_payment_module.php] ErrCode=E01&ErrInfo=E01390002 from 61.40.163.130
2019/07/03 19:46:53 [/shop/shopping/load_payment_module.php] Array
(
    [0] => Array
        (
            [ErrCode] => E01
            [ErrInfo] => E01390002
        )

)
 from 61.40.163.130
2019/07/03 19:46:53 [/shop/shopping/load_payment_module.php] SendRequest:https://p01.mul-pay.jp/payment/SearchCard.idPass from 61.40.163.130
2019/07/03 19:46:53 [/shop/shopping/load_payment_module.php] Array
(
    [SiteID] => mst0000007602
    [SitePass] => ******
    [MemberID] => 9417
)
 from 61.40.163.130
2019/07/03 19:46:53 [/shop/shopping/load_payment_module.php] ErrCode=E01|E01&ErrInfo=E01390002|E01240002 from 61.40.163.130
2019/07/03 19:46:53 [/shop/shopping/load_payment_module.php] Array
(
    [0] => Array
        (
            [ErrCode] => E01
            [ErrInfo] => E01390002
        )

    [1] => Array
        (
            [ErrCode] => E01
            [ErrInfo] => E01240002
        )

)
 from 61.40.163.130
2019/07/03 19:46:53 [/shop/shopping/load_payment_module.php] SendRequest:https://p01.mul-pay.jp/payment/EntryTran.idPass from 61.40.163.130
2019/07/03 19:46:53 [/shop/shopping/load_payment_module.php] Array
(
    [ShopID] => 9000034600950
    [ShopPass] => ******
    [OrderID] => 938369-03194653
    [JobCd] => CAPTURE
    [Amount] => 29080
    [TdFlag] => 0
    [TdTenantName] => 
)
 from 61.40.163.130
2019/07/03 19:46:53 [/shop/shopping/load_payment_module.php] AccessID=464e334eeab27a69eacb940e811c1355&AccessPass=7ce00c3dff14f3a29ced6e4634b1881f from 61.40.163.130
2019/07/03 19:46:53 [/shop/shopping/load_payment_module.php] Array
(
    [0] => Array
        (
            [AccessID] => 464e334eeab27a69eacb940e811c1355
            [AccessPass] => 7ce00c3dff14f3a29ced6e4634b1881f
        )

)
 from 61.40.163.130
2019/07/03 19:46:53 [/shop/shopping/load_payment_module.php] load_payment_module.php set payment data:Array
(
    [AccessID] => 464e334eeab27a69eacb940e811c1355
    [AccessPass] => 7ce00c3dff14f3a29ced6e4634b1881f
    [OrderID] => 938369-03194653
    [Amount] => 29080
    [JobCd] => CAPTURE
    [action_status] => 1
    [pay_status] => 0
)
 from 61.40.163.130
2019/07/03 19:46:53 [/shop/shopping/load_payment_module.php] SendRequest:https://p01.mul-pay.jp/payment/ExecTran.idPass from 61.40.163.130
2019/07/03 19:46:53 [/shop/shopping/load_payment_module.php] Array
(
    [AccessID] => 464e334eeab27a69eacb940e811c1355
    [AccessPass] => 7ce00c3dff14f3a29ced6e4634b1881f
    [OrderID] => 938369-03194653
    [Method] => 1
    [Token] => dd0a1627a4ac82e1f696dd1cfad2011b9aaab368e08a3c8d1be6a4b4ee12aad6
    [ClientField1] => 
    [ClientField2] => 
    [ClientField3] => EC-CUBE4.3.24
)
 from 61.40.163.130
2019/07/03 19:46:55 [/shop/shopping/load_payment_module.php] ACS=0&OrderID=938369-03194653&Forward=2959876&Method=1&PayTimes=&Approve=0597998&TranID=1907031946602257210134131045&TranDate=20190703194654&CheckString=05ed1eadb94777de4cf15049c3be39ce from 61.40.163.130
2019/07/03 19:46:55 [/shop/shopping/load_payment_module.php] Array
(
    [0] => Array
        (
            [ACS] => 0
            [OrderID] => 938369-03194653
            [Forward] => 2959876
            [Method] => 1
            [PayTimes] => 
            [Approve] => 0597998
            [TranID] => 1907031946602257210134131045
            [TranDate] => 20190703194654
            [CheckString] => 05ed1eadb94777de4cf15049c3be39ce
        )

)
 from 61.40.163.130
2019/07/03 19:46:55 [/shop/shopping/load_payment_module.php] load_payment_module.php set payment data:Array
(
    [ACS] => 0
    [Forward] => 2959876
    [Method] => 1
    [PayTimes] => 
    [Approve] => 0597998
    [TranID] => 1907031946602257210134131045
    [TranDate] => 20190703194654
    [CheckString] => 05ed1eadb94777de4cf15049c3be39ce
    [Amount] => 29080
    [JobCd] => CAPTURE
    [action_status] => 3
    [pay_status] => 13
)
 from 61.40.163.130
2019/07/03 20:22:09 [/shop/shopping/load_payment_module.php] SendRequest:https://p01.mul-pay.jp/payment/SearchMember.idPass from 124.197.13.154
2019/07/03 20:22:09 [/shop/shopping/load_payment_module.php] Array
(
    [SiteID] => mst0000007602
    [SitePass] => ******
    [MemberID] => 3412
)
 from 124.197.13.154
2019/07/03 20:22:10 [/shop/shopping/load_payment_module.php] ErrCode=E01&ErrInfo=E01390002 from 124.197.13.154
2019/07/03 20:22:10 [/shop/shopping/load_payment_module.php] Array
(
    [0] => Array
        (
            [ErrCode] => E01
            [ErrInfo] => E01390002
        )

)
 from 124.197.13.154
2019/07/03 20:22:10 [/shop/shopping/load_payment_module.php] SendRequest:https://p01.mul-pay.jp/payment/SearchCard.idPass from 124.197.13.154
2019/07/03 20:22:10 [/shop/shopping/load_payment_module.php] Array
(
    [SiteID] => mst0000007602
    [SitePass] => ******
    [MemberID] => 3412
)
 from 124.197.13.154
2019/07/03 20:22:10 [/shop/shopping/load_payment_module.php] ErrCode=E01|E01&ErrInfo=E01390002|E01240002 from 124.197.13.154
2019/07/03 20:22:10 [/shop/shopping/load_payment_module.php] Array
(
    [0] => Array
        (
            [ErrCode] => E01
            [ErrInfo] => E01390002
        )

    [1] => Array
        (
            [ErrCode] => E01
            [ErrInfo] => E01240002
        )

)
 from 124.197.13.154
2019/07/03 20:22:51 [/shop/shopping/load_payment_module.php] SendRequest:https://p01.mul-pay.jp/payment/SearchMember.idPass from 124.197.13.154
2019/07/03 20:22:51 [/shop/shopping/load_payment_module.php] Array
(
    [SiteID] => mst0000007602
    [SitePass] => ******
    [MemberID] => 3412
)
 from 124.197.13.154
2019/07/03 20:22:51 [/shop/shopping/load_payment_module.php] ErrCode=E01&ErrInfo=E01390002 from 124.197.13.154
2019/07/03 20:22:51 [/shop/shopping/load_payment_module.php] Array
(
    [0] => Array
        (
            [ErrCode] => E01
            [ErrInfo] => E01390002
        )

)
 from 124.197.13.154
2019/07/03 20:22:51 [/shop/shopping/load_payment_module.php] SendRequest:https://p01.mul-pay.jp/payment/SearchCard.idPass from 124.197.13.154
2019/07/03 20:22:51 [/shop/shopping/load_payment_module.php] Array
(
    [SiteID] => mst0000007602
    [SitePass] => ******
    [MemberID] => 3412
)
 from 124.197.13.154
2019/07/03 20:22:51 [/shop/shopping/load_payment_module.php] ErrCode=E01|E01&ErrInfo=E01390002|E01240002 from 124.197.13.154
2019/07/03 20:22:51 [/shop/shopping/load_payment_module.php] Array
(
    [0] => Array
        (
            [ErrCode] => E01
            [ErrInfo] => E01390002
        )

    [1] => Array
        (
            [ErrCode] => E01
            [ErrInfo] => E01240002
        )

)
 from 124.197.13.154
2019/07/03 20:22:51 [/shop/shopping/load_payment_module.php] SendRequest:https://p01.mul-pay.jp/payment/EntryTran.idPass from 124.197.13.154
2019/07/03 20:22:51 [/shop/shopping/load_payment_module.php] Array
(
    [ShopID] => 9000034600950
    [ShopPass] => ******
    [OrderID] => 938370-03202251
    [JobCd] => CAPTURE
    [Amount] => 8932
    [TdFlag] => 0
    [TdTenantName] => 
)
 from 124.197.13.154
2019/07/03 20:22:51 [/shop/shopping/load_payment_module.php] AccessID=26a8c82d28449cb35f5e03a4d244d6f3&AccessPass=1f88ae41ead2b123a8f9696a4d4e36c7 from 124.197.13.154
2019/07/03 20:22:51 [/shop/shopping/load_payment_module.php] Array
(
    [0] => Array
        (
            [AccessID] => 26a8c82d28449cb35f5e03a4d244d6f3
            [AccessPass] => 1f88ae41ead2b123a8f9696a4d4e36c7
        )

)
 from 124.197.13.154
2019/07/03 20:22:51 [/shop/shopping/load_payment_module.php] load_payment_module.php set payment data:Array
(
    [AccessID] => 26a8c82d28449cb35f5e03a4d244d6f3
    [AccessPass] => 1f88ae41ead2b123a8f9696a4d4e36c7
    [OrderID] => 938370-03202251
    [Amount] => 8932
    [JobCd] => CAPTURE
    [action_status] => 1
    [pay_status] => 0
)
 from 124.197.13.154
2019/07/03 20:22:51 [/shop/shopping/load_payment_module.php] SendRequest:https://p01.mul-pay.jp/payment/ExecTran.idPass from 124.197.13.154
2019/07/03 20:22:51 [/shop/shopping/load_payment_module.php] Array
(
    [AccessID] => 26a8c82d28449cb35f5e03a4d244d6f3
    [AccessPass] => 1f88ae41ead2b123a8f9696a4d4e36c7
    [OrderID] => 938370-03202251
    [Method] => 1
    [Token] => c5dfcf7c1d98f039b820fac9227268db3e07a464bfd7394b324d0c4a66344d24
    [ClientField1] => 
    [ClientField2] => 
    [ClientField3] => EC-CUBE4.3.24
)
 from 124.197.13.154
2019/07/03 20:22:52 [/shop/shopping/load_payment_module.php] ACS=0&OrderID=938370-03202251&Forward=2S49631&Method=1&PayTimes=&Approve=0020848&TranID=1907032022602257210134131046&TranDate=20190703202252&CheckString=cc6ef6f2c2d08b7cfad3e96d1ceda5f5 from 124.197.13.154
2019/07/03 20:22:52 [/shop/shopping/load_payment_module.php] Array
(
    [0] => Array
        (
            [ACS] => 0
            [OrderID] => 938370-03202251
            [Forward] => 2S49631
            [Method] => 1
            [PayTimes] => 
            [Approve] => 0020848
            [TranID] => 1907032022602257210134131046
            [TranDate] => 20190703202252
            [CheckString] => cc6ef6f2c2d08b7cfad3e96d1ceda5f5
        )

)
 from 124.197.13.154
2019/07/03 20:22:52 [/shop/shopping/load_payment_module.php] load_payment_module.php set payment data:Array
(
    [ACS] => 0
    [Forward] => 2S49631
    [Method] => 1
    [PayTimes] => 
    [Approve] => 0020848
    [TranID] => 1907032022602257210134131046
    [TranDate] => 20190703202252
    [CheckString] => cc6ef6f2c2d08b7cfad3e96d1ceda5f5
    [Amount] => 8932
    [JobCd] => CAPTURE
    [action_status] => 3
    [pay_status] => 13
)
 from 124.197.13.154
2019/07/03 20:43:04 [/shop/shopping/load_payment_module.php] SendRequest:https://p01.mul-pay.jp/payment/SearchMember.idPass from 141.239.151.79
2019/07/03 20:43:04 [/shop/shopping/load_payment_module.php] Array
(
    [SiteID] => mst0000007602
    [SitePass] => ******
    [MemberID] => 982
)
 from 141.239.151.79
2019/07/03 20:43:04 [/shop/shopping/load_payment_module.php] ErrCode=E01&ErrInfo=E01390002 from 141.239.151.79
2019/07/03 20:43:04 [/shop/shopping/load_payment_module.php] Array
(
    [0] => Array
        (
            [ErrCode] => E01
            [ErrInfo] => E01390002
        )

)
 from 141.239.151.79
2019/07/03 20:43:04 [/shop/shopping/load_payment_module.php] SendRequest:https://p01.mul-pay.jp/payment/SearchCard.idPass from 141.239.151.79
2019/07/03 20:43:04 [/shop/shopping/load_payment_module.php] Array
(
    [SiteID] => mst0000007602
    [SitePass] => ******
    [MemberID] => 982
)
 from 141.239.151.79
2019/07/03 20:43:04 [/shop/shopping/load_payment_module.php] ErrCode=E01|E01&ErrInfo=E01390002|E01240002 from 141.239.151.79
2019/07/03 20:43:04 [/shop/shopping/load_payment_module.php] Array
(
    [0] => Array
        (
            [ErrCode] => E01
            [ErrInfo] => E01390002
        )

    [1] => Array
        (
            [ErrCode] => E01
            [ErrInfo] => E01240002
        )

)
 from 141.239.151.79
2019/07/03 20:44:33 [/shop/shopping/load_payment_module.php] SendRequest:https://p01.mul-pay.jp/payment/SearchMember.idPass from 141.239.151.79
2019/07/03 20:44:33 [/shop/shopping/load_payment_module.php] Array
(
    [SiteID] => mst0000007602
    [SitePass] => ******
    [MemberID] => 982
)
 from 141.239.151.79
2019/07/03 20:44:33 [/shop/shopping/load_payment_module.php] ErrCode=E01&ErrInfo=E01390002 from 141.239.151.79
2019/07/03 20:44:33 [/shop/shopping/load_payment_module.php] Array
(
    [0] => Array
        (
            [ErrCode] => E01
            [ErrInfo] => E01390002
        )

)
 from 141.239.151.79
2019/07/03 20:44:33 [/shop/shopping/load_payment_module.php] SendRequest:https://p01.mul-pay.jp/payment/SearchCard.idPass from 141.239.151.79
2019/07/03 20:44:33 [/shop/shopping/load_payment_module.php] Array
(
    [SiteID] => mst0000007602
    [SitePass] => ******
    [MemberID] => 982
)
 from 141.239.151.79
2019/07/03 20:44:33 [/shop/shopping/load_payment_module.php] ErrCode=E01|E01&ErrInfo=E01390002|E01240002 from 141.239.151.79
2019/07/03 20:44:33 [/shop/shopping/load_payment_module.php] Array
(
    [0] => Array
        (
            [ErrCode] => E01
            [ErrInfo] => E01390002
        )

    [1] => Array
        (
            [ErrCode] => E01
            [ErrInfo] => E01240002
        )

)
 from 141.239.151.79
2019/07/03 20:44:33 [/shop/shopping/load_payment_module.php] SendRequest:https://p01.mul-pay.jp/payment/EntryTran.idPass from 141.239.151.79
2019/07/03 20:44:33 [/shop/shopping/load_payment_module.php] Array
(
    [ShopID] => 9000034600950
    [ShopPass] => ******
    [OrderID] => 938371-03204433
    [JobCd] => CAPTURE
    [Amount] => 8910
    [TdFlag] => 0
    [TdTenantName] => 
)
 from 141.239.151.79
2019/07/03 20:44:34 [/shop/shopping/load_payment_module.php] AccessID=6133c330ce9a3de9f1d94e1ee44432bc&AccessPass=2f13dd9051d0cb3d61e16b99f8dd5ab3 from 141.239.151.79
2019/07/03 20:44:34 [/shop/shopping/load_payment_module.php] Array
(
    [0] => Array
        (
            [AccessID] => 6133c330ce9a3de9f1d94e1ee44432bc
            [AccessPass] => 2f13dd9051d0cb3d61e16b99f8dd5ab3
        )

)
 from 141.239.151.79
2019/07/03 20:44:34 [/shop/shopping/load_payment_module.php] load_payment_module.php set payment data:Array
(
    [AccessID] => 6133c330ce9a3de9f1d94e1ee44432bc
    [AccessPass] => 2f13dd9051d0cb3d61e16b99f8dd5ab3
    [OrderID] => 938371-03204433
    [Amount] => 8910
    [JobCd] => CAPTURE
    [action_status] => 1
    [pay_status] => 0
)
 from 141.239.151.79
2019/07/03 20:44:34 [/shop/shopping/load_payment_module.php] SendRequest:https://p01.mul-pay.jp/payment/ExecTran.idPass from 141.239.151.79
2019/07/03 20:44:34 [/shop/shopping/load_payment_module.php] Array
(
    [AccessID] => 6133c330ce9a3de9f1d94e1ee44432bc
    [AccessPass] => 2f13dd9051d0cb3d61e16b99f8dd5ab3
    [OrderID] => 938371-03204433
    [Method] => 1
    [Token] => b4a7cc4b47ea677b62211e2677c95139d5a6d01bca432f6b3571a45b0ef292a6
    [ClientField1] => 
    [ClientField2] => 
    [ClientField3] => EC-CUBE4.3.24
)
 from 141.239.151.79
2019/07/03 20:44:35 [/shop/shopping/load_payment_module.php] ACS=0&OrderID=938371-03204433&Forward=2S49631&Method=1&PayTimes=&Approve=0030380&TranID=1907032044602257210134131047&TranDate=20190703204434&CheckString=4973df6372b57f330159cabdbe97f253 from 141.239.151.79
2019/07/03 20:44:35 [/shop/shopping/load_payment_module.php] Array
(
    [0] => Array
        (
            [ACS] => 0
            [OrderID] => 938371-03204433
            [Forward] => 2S49631
            [Method] => 1
            [PayTimes] => 
            [Approve] => 0030380
            [TranID] => 1907032044602257210134131047
            [TranDate] => 20190703204434
            [CheckString] => 4973df6372b57f330159cabdbe97f253
        )

)
 from 141.239.151.79
2019/07/03 20:44:35 [/shop/shopping/load_payment_module.php] load_payment_module.php set payment data:Array
(
    [ACS] => 0
    [Forward] => 2S49631
    [Method] => 1
    [PayTimes] => 
    [Approve] => 0030380
    [TranID] => 1907032044602257210134131047
    [TranDate] => 20190703204434
    [CheckString] => 4973df6372b57f330159cabdbe97f253
    [Amount] => 8910
    [JobCd] => CAPTURE
    [action_status] => 3
    [pay_status] => 13
)
 from 141.239.151.79
2019/07/03 21:03:12 [/shop/shopping/load_payment_module.php] SendRequest:https://p01.mul-pay.jp/payment/EntryTran.idPass from 126.200.123.104
2019/07/03 21:03:12 [/shop/shopping/load_payment_module.php] Array
(
    [ShopID] => 9000034600950
    [ShopPass] => ******
    [OrderID] => 938372-03210312
    [JobCd] => CAPTURE
    [Amount] => 23470
    [TdFlag] => 0
    [TdTenantName] => 
)
 from 126.200.123.104
2019/07/03 21:03:12 [/shop/shopping/load_payment_module.php] AccessID=8017e2c5f9f7ba08b5ee27f44eae8f9d&AccessPass=776521dbfb44b7b271e5b257b04e5ed1 from 126.200.123.104
2019/07/03 21:03:12 [/shop/shopping/load_payment_module.php] Array
(
    [0] => Array
        (
            [AccessID] => 8017e2c5f9f7ba08b5ee27f44eae8f9d
            [AccessPass] => 776521dbfb44b7b271e5b257b04e5ed1
        )

)
 from 126.200.123.104
2019/07/03 21:03:12 [/shop/shopping/load_payment_module.php] load_payment_module.php set payment data:Array
(
    [AccessID] => 8017e2c5f9f7ba08b5ee27f44eae8f9d
    [AccessPass] => 776521dbfb44b7b271e5b257b04e5ed1
    [OrderID] => 938372-03210312
    [Amount] => 23470
    [JobCd] => CAPTURE
    [action_status] => 1
    [pay_status] => 0
)
 from 126.200.123.104
2019/07/03 21:03:12 [/shop/shopping/load_payment_module.php] SendRequest:https://p01.mul-pay.jp/payment/ExecTran.idPass from 126.200.123.104
2019/07/03 21:03:12 [/shop/shopping/load_payment_module.php] Array
(
    [AccessID] => 8017e2c5f9f7ba08b5ee27f44eae8f9d
    [AccessPass] => 776521dbfb44b7b271e5b257b04e5ed1
    [OrderID] => 938372-03210312
    [Method] => 1
    [Token] => fd5820a92d46bd4aebf31b7fb2227ac2c5892fda9ebbf92be502d673ebea462e
    [ClientField1] => 
    [ClientField2] => 
    [ClientField3] => EC-CUBE4.3.24
)
 from 126.200.123.104
2019/07/03 21:03:14 [/shop/shopping/load_payment_module.php] ACS=0&OrderID=938372-03210312&Forward=2959876&Method=1&PayTimes=&Approve=0508857&TranID=1907032103602257210134111089&TranDate=20190703210313&CheckString=378bbf5d85a689d31c88e7d6b646a381 from 126.200.123.104
2019/07/03 21:03:14 [/shop/shopping/load_payment_module.php] Array
(
    [0] => Array
        (
            [ACS] => 0
            [OrderID] => 938372-03210312
            [Forward] => 2959876
            [Method] => 1
            [PayTimes] => 
            [Approve] => 0508857
            [TranID] => 1907032103602257210134111089
            [TranDate] => 20190703210313
            [CheckString] => 378bbf5d85a689d31c88e7d6b646a381
        )

)
 from 126.200.123.104
2019/07/03 21:03:14 [/shop/shopping/load_payment_module.php] load_payment_module.php set payment data:Array
(
    [ACS] => 0
    [Forward] => 2959876
    [Method] => 1
    [PayTimes] => 
    [Approve] => 0508857
    [TranID] => 1907032103602257210134111089
    [TranDate] => 20190703210313
    [CheckString] => 378bbf5d85a689d31c88e7d6b646a381
    [Amount] => 23470
    [JobCd] => CAPTURE
    [action_status] => 3
    [pay_status] => 13
)
 from 126.200.123.104
2019/07/03 22:07:16 [/shop/shopping/load_payment_module.php] SendRequest:https://p01.mul-pay.jp/payment/EntryTran.idPass from 83.78.87.110
2019/07/03 22:07:16 [/shop/shopping/load_payment_module.php] Array
(
    [ShopID] => 9000034600950
    [ShopPass] => ******
    [OrderID] => 938376-03220716
    [JobCd] => CAPTURE
    [Amount] => 16810
    [TdFlag] => 0
    [TdTenantName] => 
)
 from 83.78.87.110
2019/07/03 22:07:17 [/shop/shopping/load_payment_module.php] AccessID=b45deb074d69c8b0765de36a0d10bcb5&AccessPass=aa8c9b8fdc963a1a2e74f34193a433fa from 83.78.87.110
2019/07/03 22:07:17 [/shop/shopping/load_payment_module.php] Array
(
    [0] => Array
        (
            [AccessID] => b45deb074d69c8b0765de36a0d10bcb5
            [AccessPass] => aa8c9b8fdc963a1a2e74f34193a433fa
        )

)
 from 83.78.87.110
2019/07/03 22:07:17 [/shop/shopping/load_payment_module.php] load_payment_module.php set payment data:Array
(
    [AccessID] => b45deb074d69c8b0765de36a0d10bcb5
    [AccessPass] => aa8c9b8fdc963a1a2e74f34193a433fa
    [OrderID] => 938376-03220716
    [Amount] => 16810
    [JobCd] => CAPTURE
    [action_status] => 1
    [pay_status] => 0
)
 from 83.78.87.110
2019/07/03 22:07:17 [/shop/shopping/load_payment_module.php] SendRequest:https://p01.mul-pay.jp/payment/ExecTran.idPass from 83.78.87.110
2019/07/03 22:07:17 [/shop/shopping/load_payment_module.php] Array
(
    [AccessID] => b45deb074d69c8b0765de36a0d10bcb5
    [AccessPass] => aa8c9b8fdc963a1a2e74f34193a433fa
    [OrderID] => 938376-03220716
    [Method] => 1
    [Token] => 78e9412abfa2a70c4f7cf1bf3ea3756a6f5091990c3242b83d5f17345b89de31
    [ClientField1] => 
    [ClientField2] => 
    [ClientField3] => EC-CUBE4.3.24
)
 from 83.78.87.110
2019/07/03 22:07:18 [/shop/shopping/load_payment_module.php] ACS=0&OrderID=938376-03220716&Forward=2959876&Method=1&PayTimes=&Approve=0510805&TranID=1907032207602257210134131048&TranDate=20190703220718&CheckString=44222b5a67ab004f81a320a12b1252dc from 83.78.87.110
2019/07/03 22:07:18 [/shop/shopping/load_payment_module.php] Array
(
    [0] => Array
        (
            [ACS] => 0
            [OrderID] => 938376-03220716
            [Forward] => 2959876
            [Method] => 1
            [PayTimes] => 
            [Approve] => 0510805
            [TranID] => 1907032207602257210134131048
            [TranDate] => 20190703220718
            [CheckString] => 44222b5a67ab004f81a320a12b1252dc
        )

)
 from 83.78.87.110
2019/07/03 22:07:18 [/shop/shopping/load_payment_module.php] load_payment_module.php set payment data:Array
(
    [ACS] => 0
    [Forward] => 2959876
    [Method] => 1
    [PayTimes] => 
    [Approve] => 0510805
    [TranID] => 1907032207602257210134131048
    [TranDate] => 20190703220718
    [CheckString] => 44222b5a67ab004f81a320a12b1252dc
    [Amount] => 16810
    [JobCd] => CAPTURE
    [action_status] => 3
    [pay_status] => 13
)
 from 83.78.87.110
2019/07/03 22:34:48 [/shop/shopping/load_payment_module.php] SendRequest:https://p01.mul-pay.jp/payment/EntryTran.idPass from 111.239.159.56
2019/07/03 22:34:48 [/shop/shopping/load_payment_module.php] Array
(
    [ShopID] => 9000034600950
    [ShopPass] => ******
    [OrderID] => 938377-03223448
    [JobCd] => CAPTURE
    [Amount] => 2790
    [TdFlag] => 0
    [TdTenantName] => 
)
 from 111.239.159.56
2019/07/03 22:34:48 [/shop/shopping/load_payment_module.php] AccessID=162455d1533777863ccaffa0e09f750b&AccessPass=c31e48d746854ec38cc303a496f9c259 from 111.239.159.56
2019/07/03 22:34:48 [/shop/shopping/load_payment_module.php] Array
(
    [0] => Array
        (
            [AccessID] => 162455d1533777863ccaffa0e09f750b
            [AccessPass] => c31e48d746854ec38cc303a496f9c259
        )

)
 from 111.239.159.56
2019/07/03 22:34:48 [/shop/shopping/load_payment_module.php] load_payment_module.php set payment data:Array
(
    [AccessID] => 162455d1533777863ccaffa0e09f750b
    [AccessPass] => c31e48d746854ec38cc303a496f9c259
    [OrderID] => 938377-03223448
    [Amount] => 2790
    [JobCd] => CAPTURE
    [action_status] => 1
    [pay_status] => 0
)
 from 111.239.159.56
2019/07/03 22:34:48 [/shop/shopping/load_payment_module.php] SendRequest:https://p01.mul-pay.jp/payment/ExecTran.idPass from 111.239.159.56
2019/07/03 22:34:48 [/shop/shopping/load_payment_module.php] Array
(
    [AccessID] => 162455d1533777863ccaffa0e09f750b
    [AccessPass] => c31e48d746854ec38cc303a496f9c259
    [OrderID] => 938377-03223448
    [Method] => 1
    [Token] => e475030d2ed29322893c5d9d1d94c3bc1c261e3ca8bd28bf2810fd6f15b9e535
    [ClientField1] => 
    [ClientField2] => 
    [ClientField3] => EC-CUBE4.3.24
)
 from 111.239.159.56
2019/07/03 22:34:50 [/shop/shopping/load_payment_module.php] ACS=0&OrderID=938377-03223448&Forward=2959876&Method=1&PayTimes=&Approve=0760636&TranID=1907032234602257210134131049&TranDate=20190703223450&CheckString=051bd9e150337f027a519548455b9d81 from 111.239.159.56
2019/07/03 22:34:50 [/shop/shopping/load_payment_module.php] Array
(
    [0] => Array
        (
            [ACS] => 0
            [OrderID] => 938377-03223448
            [Forward] => 2959876
            [Method] => 1
            [PayTimes] => 
            [Approve] => 0760636
            [TranID] => 1907032234602257210134131049
            [TranDate] => 20190703223450
            [CheckString] => 051bd9e150337f027a519548455b9d81
        )

)
 from 111.239.159.56
2019/07/03 22:34:50 [/shop/shopping/load_payment_module.php] load_payment_module.php set payment data:Array
(
    [ACS] => 0
    [Forward] => 2959876
    [Method] => 1
    [PayTimes] => 
    [Approve] => 0760636
    [TranID] => 1907032234602257210134131049
    [TranDate] => 20190703223450
    [CheckString] => 051bd9e150337f027a519548455b9d81
    [Amount] => 2790
    [JobCd] => CAPTURE
    [action_status] => 3
    [pay_status] => 13
)
 from 111.239.159.56
2019/07/03 22:58:34 [/shop/shopping/load_payment_module.php] SendRequest:https://p01.mul-pay.jp/payment/EntryTran.idPass from 176.165.88.247
2019/07/03 22:58:34 [/shop/shopping/load_payment_module.php] Array
(
    [ShopID] => 9000034600950
    [ShopPass] => ******
    [OrderID] => 938378-03225834
    [JobCd] => CAPTURE
    [Amount] => 11910
    [TdFlag] => 0
    [TdTenantName] => 
)
 from 176.165.88.247
2019/07/03 22:58:34 [/shop/shopping/load_payment_module.php] AccessID=2e29e6108bdeed835de1dc83e6e3c172&AccessPass=41d0bf3ea9f88cc9267a41408413d243 from 176.165.88.247
2019/07/03 22:58:34 [/shop/shopping/load_payment_module.php] Array
(
    [0] => Array
        (
            [AccessID] => 2e29e6108bdeed835de1dc83e6e3c172
            [AccessPass] => 41d0bf3ea9f88cc9267a41408413d243
        )

)
 from 176.165.88.247
2019/07/03 22:58:34 [/shop/shopping/load_payment_module.php] load_payment_module.php set payment data:Array
(
    [AccessID] => 2e29e6108bdeed835de1dc83e6e3c172
    [AccessPass] => 41d0bf3ea9f88cc9267a41408413d243
    [OrderID] => 938378-03225834
    [Amount] => 11910
    [JobCd] => CAPTURE
    [action_status] => 1
    [pay_status] => 0
)
 from 176.165.88.247
2019/07/03 22:58:34 [/shop/shopping/load_payment_module.php] SendRequest:https://p01.mul-pay.jp/payment/ExecTran.idPass from 176.165.88.247
2019/07/03 22:58:34 [/shop/shopping/load_payment_module.php] Array
(
    [AccessID] => 2e29e6108bdeed835de1dc83e6e3c172
    [AccessPass] => 41d0bf3ea9f88cc9267a41408413d243
    [OrderID] => 938378-03225834
    [Method] => 1
    [Token] => 8fabbab63e96b08dad9282993267aa5e4542fbe43a277eb4916889ac8ff57f56
    [ClientField1] => 
    [ClientField2] => 
    [ClientField3] => EC-CUBE4.3.24
)
 from 176.165.88.247
2019/07/03 22:58:35 [/shop/shopping/load_payment_module.php] ACS=0&OrderID=938378-03225834&Forward=2S49631&Method=1&PayTimes=&Approve=0083766&TranID=1907032258602257210134131050&TranDate=20190703225835&CheckString=9696b87e6b6b5ee1c536e398019fde8d from 176.165.88.247
2019/07/03 22:58:35 [/shop/shopping/load_payment_module.php] Array
(
    [0] => Array
        (
            [ACS] => 0
            [OrderID] => 938378-03225834
            [Forward] => 2S49631
            [Method] => 1
            [PayTimes] => 
            [Approve] => 0083766
            [TranID] => 1907032258602257210134131050
            [TranDate] => 20190703225835
            [CheckString] => 9696b87e6b6b5ee1c536e398019fde8d
        )

)
 from 176.165.88.247
2019/07/03 22:58:35 [/shop/shopping/load_payment_module.php] load_payment_module.php set payment data:Array
(
    [ACS] => 0
    [Forward] => 2S49631
    [Method] => 1
    [PayTimes] => 
    [Approve] => 0083766
    [TranID] => 1907032258602257210134131050
    [TranDate] => 20190703225835
    [CheckString] => 9696b87e6b6b5ee1c536e398019fde8d
    [Amount] => 11910
    [JobCd] => CAPTURE
    [action_status] => 3
    [pay_status] => 13
)
 from 176.165.88.247
2019/07/03 23:03:04 [/shop/shopping/load_payment_module.php] SendRequest:https://p01.mul-pay.jp/payment/SearchMember.idPass from 165.225.35.17
2019/07/03 23:03:04 [/shop/shopping/load_payment_module.php] Array
(
    [SiteID] => mst0000007602
    [SitePass] => ******
    [MemberID] => 5004
)
 from 165.225.35.17
2019/07/03 23:03:04 [/shop/shopping/load_payment_module.php] ErrCode=E01&ErrInfo=E01390002 from 165.225.35.17
2019/07/03 23:03:04 [/shop/shopping/load_payment_module.php] Array
(
    [0] => Array
        (
            [ErrCode] => E01
            [ErrInfo] => E01390002
        )

)
 from 165.225.35.17
2019/07/03 23:03:04 [/shop/shopping/load_payment_module.php] SendRequest:https://p01.mul-pay.jp/payment/SearchCard.idPass from 165.225.35.17
2019/07/03 23:03:04 [/shop/shopping/load_payment_module.php] Array
(
    [SiteID] => mst0000007602
    [SitePass] => ******
    [MemberID] => 5004
)
 from 165.225.35.17
2019/07/03 23:03:04 [/shop/shopping/load_payment_module.php] ErrCode=E01|E01&ErrInfo=E01390002|E01240002 from 165.225.35.17
2019/07/03 23:03:04 [/shop/shopping/load_payment_module.php] Array
(
    [0] => Array
        (
            [ErrCode] => E01
            [ErrInfo] => E01390002
        )

    [1] => Array
        (
            [ErrCode] => E01
            [ErrInfo] => E01240002
        )

)
 from 165.225.35.17
2019/07/03 23:03:58 [/shop/shopping/load_payment_module.php] SendRequest:https://p01.mul-pay.jp/payment/SearchMember.idPass from 165.225.35.17
2019/07/03 23:03:58 [/shop/shopping/load_payment_module.php] Array
(
    [SiteID] => mst0000007602
    [SitePass] => ******
    [MemberID] => 5004
)
 from 165.225.35.17
2019/07/03 23:03:59 [/shop/shopping/load_payment_module.php] ErrCode=E01&ErrInfo=E01390002 from 165.225.35.17
2019/07/03 23:03:59 [/shop/shopping/load_payment_module.php] Array
(
    [0] => Array
        (
            [ErrCode] => E01
            [ErrInfo] => E01390002
        )

)
 from 165.225.35.17
2019/07/03 23:03:59 [/shop/shopping/load_payment_module.php] SendRequest:https://p01.mul-pay.jp/payment/SearchCard.idPass from 165.225.35.17
2019/07/03 23:03:59 [/shop/shopping/load_payment_module.php] Array
(
    [SiteID] => mst0000007602
    [SitePass] => ******
    [MemberID] => 5004
)
 from 165.225.35.17
2019/07/03 23:03:59 [/shop/shopping/load_payment_module.php] ErrCode=E01|E01&ErrInfo=E01390002|E01240002 from 165.225.35.17
2019/07/03 23:03:59 [/shop/shopping/load_payment_module.php] Array
(
    [0] => Array
        (
            [ErrCode] => E01
            [ErrInfo] => E01390002
        )

    [1] => Array
        (
            [ErrCode] => E01
            [ErrInfo] => E01240002
        )

)
 from 165.225.35.17
2019/07/03 23:03:59 [/shop/shopping/load_payment_module.php] SendRequest:https://p01.mul-pay.jp/payment/EntryTran.idPass from 165.225.35.17
2019/07/03 23:03:59 [/shop/shopping/load_payment_module.php] Array
(
    [ShopID] => 9000034600950
    [ShopPass] => ******
    [OrderID] => 938380-03230359
    [JobCd] => CAPTURE
    [Amount] => 6820
    [TdFlag] => 0
    [TdTenantName] => 
)
 from 165.225.35.17
2019/07/03 23:03:59 [/shop/shopping/load_payment_module.php] AccessID=e5ada588dd5d820652aa5d5ff6b0dc81&AccessPass=8e202f8e66e955f37068e9d27fa53d4d from 165.225.35.17
2019/07/03 23:03:59 [/shop/shopping/load_payment_module.php] Array
(
    [0] => Array
        (
            [AccessID] => e5ada588dd5d820652aa5d5ff6b0dc81
            [AccessPass] => 8e202f8e66e955f37068e9d27fa53d4d
        )

)
 from 165.225.35.17
2019/07/03 23:03:59 [/shop/shopping/load_payment_module.php] load_payment_module.php set payment data:Array
(
    [AccessID] => e5ada588dd5d820652aa5d5ff6b0dc81
    [AccessPass] => 8e202f8e66e955f37068e9d27fa53d4d
    [OrderID] => 938380-03230359
    [Amount] => 6820
    [JobCd] => CAPTURE
    [action_status] => 1
    [pay_status] => 0
)
 from 165.225.35.17
2019/07/03 23:03:59 [/shop/shopping/load_payment_module.php] SendRequest:https://p01.mul-pay.jp/payment/ExecTran.idPass from 165.225.35.17
2019/07/03 23:03:59 [/shop/shopping/load_payment_module.php] Array
(
    [AccessID] => e5ada588dd5d820652aa5d5ff6b0dc81
    [AccessPass] => 8e202f8e66e955f37068e9d27fa53d4d
    [OrderID] => 938380-03230359
    [Method] => 1
    [Token] => c569dc6f8075916a7dc9e884e79fb116cf8fd894650b042fef5c95a8e0991e51
    [ClientField1] => 
    [ClientField2] => 
    [ClientField3] => EC-CUBE4.3.24
)
 from 165.225.35.17
2019/07/03 23:04:00 [/shop/shopping/load_payment_module.php] ACS=0&OrderID=938380-03230359&Forward=2S49631&Method=1&PayTimes=&Approve=0086053&TranID=1907032303602257210134121132&TranDate=20190703230400&CheckString=761ec0c9407327001156db10a98d98ec from 165.225.35.17
2019/07/03 23:04:00 [/shop/shopping/load_payment_module.php] Array
(
    [0] => Array
        (
            [ACS] => 0
            [OrderID] => 938380-03230359
            [Forward] => 2S49631
            [Method] => 1
            [PayTimes] => 
            [Approve] => 0086053
            [TranID] => 1907032303602257210134121132
            [TranDate] => 20190703230400
            [CheckString] => 761ec0c9407327001156db10a98d98ec
        )

)
 from 165.225.35.17
2019/07/03 23:04:00 [/shop/shopping/load_payment_module.php] load_payment_module.php set payment data:Array
(
    [ACS] => 0
    [Forward] => 2S49631
    [Method] => 1
    [PayTimes] => 
    [Approve] => 0086053
    [TranID] => 1907032303602257210134121132
    [TranDate] => 20190703230400
    [CheckString] => 761ec0c9407327001156db10a98d98ec
    [Amount] => 6820
    [JobCd] => CAPTURE
    [action_status] => 3
    [pay_status] => 13
)
 from 165.225.35.17
2019/07/03 23:04:19 [/shop/shopping/load_payment_module.php] SendRequest:https://p01.mul-pay.jp/payment/EntryTran.idPass from 122.103.208.85
2019/07/03 23:04:19 [/shop/shopping/load_payment_module.php] Array
(
    [ShopID] => 9000034600950
    [ShopPass] => ******
    [OrderID] => 938379-03230419
    [JobCd] => CAPTURE
    [Amount] => 7830
    [TdFlag] => 0
    [TdTenantName] => 
)
 from 122.103.208.85
2019/07/03 23:04:19 [/shop/shopping/load_payment_module.php] AccessID=e91b059fdaa677f9363fb1d2c673abe5&AccessPass=d69c629bd3d50c871e4fb3a6602ff11c from 122.103.208.85
2019/07/03 23:04:19 [/shop/shopping/load_payment_module.php] Array
(
    [0] => Array
        (
            [AccessID] => e91b059fdaa677f9363fb1d2c673abe5
            [AccessPass] => d69c629bd3d50c871e4fb3a6602ff11c
        )

)
 from 122.103.208.85
2019/07/03 23:04:19 [/shop/shopping/load_payment_module.php] load_payment_module.php set payment data:Array
(
    [AccessID] => e91b059fdaa677f9363fb1d2c673abe5
    [AccessPass] => d69c629bd3d50c871e4fb3a6602ff11c
    [OrderID] => 938379-03230419
    [Amount] => 7830
    [JobCd] => CAPTURE
    [action_status] => 1
    [pay_status] => 0
)
 from 122.103.208.85
2019/07/03 23:04:19 [/shop/shopping/load_payment_module.php] SendRequest:https://p01.mul-pay.jp/payment/ExecTran.idPass from 122.103.208.85
2019/07/03 23:04:19 [/shop/shopping/load_payment_module.php] Array
(
    [AccessID] => e91b059fdaa677f9363fb1d2c673abe5
    [AccessPass] => d69c629bd3d50c871e4fb3a6602ff11c
    [OrderID] => 938379-03230419
    [Method] => 1
    [Token] => 2ef322823aeee288ec0333702a3bf3cae95da5f375f269125c1bbf6efa3be741
    [ClientField1] => 
    [ClientField2] => 
    [ClientField3] => EC-CUBE4.3.24
)
 from 122.103.208.85
2019/07/03 23:04:20 [/shop/shopping/load_payment_module.php] ACS=0&OrderID=938379-03230419&Forward=2959876&Method=1&PayTimes=&Approve=0026179&TranID=1907032304602257210134111090&TranDate=20190703230420&CheckString=863ce71f8c0085e10c70fadce714d4c8 from 122.103.208.85
2019/07/03 23:04:20 [/shop/shopping/load_payment_module.php] Array
(
    [0] => Array
        (
            [ACS] => 0
            [OrderID] => 938379-03230419
            [Forward] => 2959876
            [Method] => 1
            [PayTimes] => 
            [Approve] => 0026179
            [TranID] => 1907032304602257210134111090
            [TranDate] => 20190703230420
            [CheckString] => 863ce71f8c0085e10c70fadce714d4c8
        )

)
 from 122.103.208.85
2019/07/03 23:04:20 [/shop/shopping/load_payment_module.php] load_payment_module.php set payment data:Array
(
    [ACS] => 0
    [Forward] => 2959876
    [Method] => 1
    [PayTimes] => 
    [Approve] => 0026179
    [TranID] => 1907032304602257210134111090
    [TranDate] => 20190703230420
    [CheckString] => 863ce71f8c0085e10c70fadce714d4c8
    [Amount] => 7830
    [JobCd] => CAPTURE
    [action_status] => 3
    [pay_status] => 13
)
 from 122.103.208.85
2019/07/03 23:39:18 [/shop/shopping/load_payment_module.php] SendRequest:https://p01.mul-pay.jp/payment/SearchMember.idPass from 201.103.36.207
2019/07/03 23:39:18 [/shop/shopping/load_payment_module.php] Array
(
    [SiteID] => mst0000007602
    [SitePass] => ******
    [MemberID] => 2231
)
 from 201.103.36.207
2019/07/03 23:39:18 [/shop/shopping/load_payment_module.php] ErrCode=E01&ErrInfo=E01390002 from 201.103.36.207
2019/07/03 23:39:18 [/shop/shopping/load_payment_module.php] Array
(
    [0] => Array
        (
            [ErrCode] => E01
            [ErrInfo] => E01390002
        )

)
 from 201.103.36.207
2019/07/03 23:39:18 [/shop/shopping/load_payment_module.php] SendRequest:https://p01.mul-pay.jp/payment/SearchCard.idPass from 201.103.36.207
2019/07/03 23:39:18 [/shop/shopping/load_payment_module.php] Array
(
    [SiteID] => mst0000007602
    [SitePass] => ******
    [MemberID] => 2231
)
 from 201.103.36.207
2019/07/03 23:39:18 [/shop/shopping/load_payment_module.php] ErrCode=E01|E01&ErrInfo=E01390002|E01240002 from 201.103.36.207
2019/07/03 23:39:18 [/shop/shopping/load_payment_module.php] Array
(
    [0] => Array
        (
            [ErrCode] => E01
            [ErrInfo] => E01390002
        )

    [1] => Array
        (
            [ErrCode] => E01
            [ErrInfo] => E01240002
        )

)
 from 201.103.36.207
2019/07/03 23:39:42 [/shop/shopping/load_payment_module.php] SendRequest:https://p01.mul-pay.jp/payment/SearchMember.idPass from 201.103.36.207
2019/07/03 23:39:42 [/shop/shopping/load_payment_module.php] Array
(
    [SiteID] => mst0000007602
    [SitePass] => ******
    [MemberID] => 2231
)
 from 201.103.36.207
2019/07/03 23:39:42 [/shop/shopping/load_payment_module.php] ErrCode=E01&ErrInfo=E01390002 from 201.103.36.207
2019/07/03 23:39:42 [/shop/shopping/load_payment_module.php] Array
(
    [0] => Array
        (
            [ErrCode] => E01
            [ErrInfo] => E01390002
        )

)
 from 201.103.36.207
2019/07/03 23:39:42 [/shop/shopping/load_payment_module.php] SendRequest:https://p01.mul-pay.jp/payment/SearchCard.idPass from 201.103.36.207
2019/07/03 23:39:42 [/shop/shopping/load_payment_module.php] Array
(
    [SiteID] => mst0000007602
    [SitePass] => ******
    [MemberID] => 2231
)
 from 201.103.36.207
2019/07/03 23:39:42 [/shop/shopping/load_payment_module.php] ErrCode=E01|E01&ErrInfo=E01390002|E01240002 from 201.103.36.207
2019/07/03 23:39:42 [/shop/shopping/load_payment_module.php] Array
(
    [0] => Array
        (
            [ErrCode] => E01
            [ErrInfo] => E01390002
        )

    [1] => Array
        (
            [ErrCode] => E01
            [ErrInfo] => E01240002
        )

)
 from 201.103.36.207
2019/07/03 23:39:42 [/shop/shopping/load_payment_module.php] SendRequest:https://p01.mul-pay.jp/payment/EntryTran.idPass from 201.103.36.207
2019/07/03 23:39:42 [/shop/shopping/load_payment_module.php] Array
(
    [ShopID] => 9000034600950
    [ShopPass] => ******
    [OrderID] => 938381-03233942
    [JobCd] => CAPTURE
    [Amount] => 11910
    [TdFlag] => 0
    [TdTenantName] => 
)
 from 201.103.36.207
2019/07/03 23:39:42 [/shop/shopping/load_payment_module.php] AccessID=533495b9bb5ceb4b11e79397c69dcc7c&AccessPass=f0200c76e03a8b4a324525b754d7b080 from 201.103.36.207
2019/07/03 23:39:42 [/shop/shopping/load_payment_module.php] Array
(
    [0] => Array
        (
            [AccessID] => 533495b9bb5ceb4b11e79397c69dcc7c
            [AccessPass] => f0200c76e03a8b4a324525b754d7b080
        )

)
 from 201.103.36.207
2019/07/03 23:39:42 [/shop/shopping/load_payment_module.php] load_payment_module.php set payment data:Array
(
    [AccessID] => 533495b9bb5ceb4b11e79397c69dcc7c
    [AccessPass] => f0200c76e03a8b4a324525b754d7b080
    [OrderID] => 938381-03233942
    [Amount] => 11910
    [JobCd] => CAPTURE
    [action_status] => 1
    [pay_status] => 0
)
 from 201.103.36.207
2019/07/03 23:39:42 [/shop/shopping/load_payment_module.php] SendRequest:https://p01.mul-pay.jp/payment/ExecTran.idPass from 201.103.36.207
2019/07/03 23:39:42 [/shop/shopping/load_payment_module.php] Array
(
    [AccessID] => 533495b9bb5ceb4b11e79397c69dcc7c
    [AccessPass] => f0200c76e03a8b4a324525b754d7b080
    [OrderID] => 938381-03233942
    [Method] => 1
    [Token] => 0ce7517edad4489ee26466e881b0dc8e6b6c3a4bee4ff81204b1c06f20c7fe5b
    [ClientField1] => 
    [ClientField2] => 
    [ClientField3] => EC-CUBE4.3.24
)
 from 201.103.36.207
2019/07/03 23:39:43 [/shop/shopping/load_payment_module.php] ACS=0&OrderID=938381-03233942&Forward=2S49631&Method=1&PayTimes=&Approve=0758880&TranID=1907032339602257210134121133&TranDate=20190703233943&CheckString=c0a295212428569ba7d94bba4869a188 from 201.103.36.207
2019/07/03 23:39:43 [/shop/shopping/load_payment_module.php] Array
(
    [0] => Array
        (
            [ACS] => 0
            [OrderID] => 938381-03233942
            [Forward] => 2S49631
            [Method] => 1
            [PayTimes] => 
            [Approve] => 0758880
            [TranID] => 1907032339602257210134121133
            [TranDate] => 20190703233943
            [CheckString] => c0a295212428569ba7d94bba4869a188
        )

)
 from 201.103.36.207
2019/07/03 23:39:43 [/shop/shopping/load_payment_module.php] load_payment_module.php set payment data:Array
(
    [ACS] => 0
    [Forward] => 2S49631
    [Method] => 1
    [PayTimes] => 
    [Approve] => 0758880
    [TranID] => 1907032339602257210134121133
    [TranDate] => 20190703233943
    [CheckString] => c0a295212428569ba7d94bba4869a188
    [Amount] => 11910
    [JobCd] => CAPTURE
    [action_status] => 3
    [pay_status] => 13
)
 from 201.103.36.207
2019/07/03 23:42:11 [/shop/shopping/load_payment_module.php] SendRequest:https://p01.mul-pay.jp/payment/SearchMember.idPass from 201.103.36.207
2019/07/03 23:42:11 [/shop/shopping/load_payment_module.php] Array
(
    [SiteID] => mst0000007602
    [SitePass] => ******
    [MemberID] => 2231
)
 from 201.103.36.207
2019/07/03 23:42:11 [/shop/shopping/load_payment_module.php] ErrCode=E01&ErrInfo=E01390002 from 201.103.36.207
2019/07/03 23:42:11 [/shop/shopping/load_payment_module.php] Array
(
    [0] => Array
        (
            [ErrCode] => E01
            [ErrInfo] => E01390002
        )

)
 from 201.103.36.207
2019/07/03 23:42:11 [/shop/shopping/load_payment_module.php] SendRequest:https://p01.mul-pay.jp/payment/SearchCard.idPass from 201.103.36.207
2019/07/03 23:42:11 [/shop/shopping/load_payment_module.php] Array
(
    [SiteID] => mst0000007602
    [SitePass] => ******
    [MemberID] => 2231
)
 from 201.103.36.207
2019/07/03 23:42:11 [/shop/shopping/load_payment_module.php] ErrCode=E01|E01&ErrInfo=E01390002|E01240002 from 201.103.36.207
2019/07/03 23:42:11 [/shop/shopping/load_payment_module.php] Array
(
    [0] => Array
        (
            [ErrCode] => E01
            [ErrInfo] => E01390002
        )

    [1] => Array
        (
            [ErrCode] => E01
            [ErrInfo] => E01240002
        )

)
 from 201.103.36.207
2019/07/03 23:42:32 [/shop/shopping/load_payment_module.php] SendRequest:https://p01.mul-pay.jp/payment/SearchMember.idPass from 201.103.36.207
2019/07/03 23:42:32 [/shop/shopping/load_payment_module.php] Array
(
    [SiteID] => mst0000007602
    [SitePass] => ******
    [MemberID] => 2231
)
 from 201.103.36.207
2019/07/03 23:42:33 [/shop/shopping/load_payment_module.php] ErrCode=E01&ErrInfo=E01390002 from 201.103.36.207
2019/07/03 23:42:33 [/shop/shopping/load_payment_module.php] Array
(
    [0] => Array
        (
            [ErrCode] => E01
            [ErrInfo] => E01390002
        )

)
 from 201.103.36.207
2019/07/03 23:42:33 [/shop/shopping/load_payment_module.php] SendRequest:https://p01.mul-pay.jp/payment/SearchCard.idPass from 201.103.36.207
2019/07/03 23:42:33 [/shop/shopping/load_payment_module.php] Array
(
    [SiteID] => mst0000007602
    [SitePass] => ******
    [MemberID] => 2231
)
 from 201.103.36.207
2019/07/03 23:42:33 [/shop/shopping/load_payment_module.php] ErrCode=E01|E01&ErrInfo=E01390002|E01240002 from 201.103.36.207
2019/07/03 23:42:33 [/shop/shopping/load_payment_module.php] Array
(
    [0] => Array
        (
            [ErrCode] => E01
            [ErrInfo] => E01390002
        )

    [1] => Array
        (
            [ErrCode] => E01
            [ErrInfo] => E01240002
        )

)
 from 201.103.36.207
2019/07/03 23:42:33 [/shop/shopping/load_payment_module.php] SendRequest:https://p01.mul-pay.jp/payment/EntryTran.idPass from 201.103.36.207
2019/07/03 23:42:33 [/shop/shopping/load_payment_module.php] Array
(
    [ShopID] => 9000034600950
    [ShopPass] => ******
    [OrderID] => 938382-03234233
    [JobCd] => CAPTURE
    [Amount] => 11910
    [TdFlag] => 0
    [TdTenantName] => 
)
 from 201.103.36.207
2019/07/03 23:42:33 [/shop/shopping/load_payment_module.php] AccessID=ecc96b573cbf73d62b8edcce96fe81d3&AccessPass=a6f492afe1e6f3cc99d8f223b4e3e66d from 201.103.36.207
2019/07/03 23:42:33 [/shop/shopping/load_payment_module.php] Array
(
    [0] => Array
        (
            [AccessID] => ecc96b573cbf73d62b8edcce96fe81d3
            [AccessPass] => a6f492afe1e6f3cc99d8f223b4e3e66d
        )

)
 from 201.103.36.207
2019/07/03 23:42:33 [/shop/shopping/load_payment_module.php] load_payment_module.php set payment data:Array
(
    [AccessID] => ecc96b573cbf73d62b8edcce96fe81d3
    [AccessPass] => a6f492afe1e6f3cc99d8f223b4e3e66d
    [OrderID] => 938382-03234233
    [Amount] => 11910
    [JobCd] => CAPTURE
    [action_status] => 1
    [pay_status] => 0
)
 from 201.103.36.207
2019/07/03 23:42:33 [/shop/shopping/load_payment_module.php] SendRequest:https://p01.mul-pay.jp/payment/ExecTran.idPass from 201.103.36.207
2019/07/03 23:42:33 [/shop/shopping/load_payment_module.php] Array
(
    [AccessID] => ecc96b573cbf73d62b8edcce96fe81d3
    [AccessPass] => a6f492afe1e6f3cc99d8f223b4e3e66d
    [OrderID] => 938382-03234233
    [Method] => 1
    [Token] => 617c0223d6d29ca2843bde7d97e4ec7a837a165c07b6bb5d57d5ddff1f377ee6
    [ClientField1] => 
    [ClientField2] => 
    [ClientField3] => EC-CUBE4.3.24
)
 from 201.103.36.207
2019/07/03 23:42:34 [/shop/shopping/load_payment_module.php] ACS=0&OrderID=938382-03234233&Forward=2S49631&Method=1&PayTimes=&Approve=0777976&TranID=1907032342602257210134131051&TranDate=20190703234234&CheckString=0638a548add64d948889c0d102dcd9cb from 201.103.36.207
2019/07/03 23:42:34 [/shop/shopping/load_payment_module.php] Array
(
    [0] => Array
        (
            [ACS] => 0
            [OrderID] => 938382-03234233
            [Forward] => 2S49631
            [Method] => 1
            [PayTimes] => 
            [Approve] => 0777976
            [TranID] => 1907032342602257210134131051
            [TranDate] => 20190703234234
            [CheckString] => 0638a548add64d948889c0d102dcd9cb
        )

)
 from 201.103.36.207
2019/07/03 23:42:34 [/shop/shopping/load_payment_module.php] load_payment_module.php set payment data:Array
(
    [ACS] => 0
    [Forward] => 2S49631
    [Method] => 1
    [PayTimes] => 
    [Approve] => 0777976
    [TranID] => 1907032342602257210134131051
    [TranDate] => 20190703234234
    [CheckString] => 0638a548add64d948889c0d102dcd9cb
    [Amount] => 11910
    [JobCd] => CAPTURE
    [action_status] => 3
    [pay_status] => 13
)
 from 201.103.36.207
