2023/09/21 00:51:57 [/shop/shopping/load_payment_module.php] SendRequest:https://p01.mul-pay.jp/payment/EntryTran.idPass from 94.2.84.190
2023/09/21 00:51:57 [/shop/shopping/load_payment_module.php] Array
(
    [ShopID] => 9000034600950
    [ShopPass] => ******
    [OrderID] => 953930-21005157
    [JobCd] => CAPTURE
    [Amount] => 10500
    [TdFlag] => 0
    [TdTenantName] => 
)
 from 94.2.84.190
2023/09/21 00:51:57 [/shop/shopping/load_payment_module.php] AccessID=f9c408d52f4eddfa51ee427dc02eb788&AccessPass=bba22f33e736640a68ec196af652dfe7 from 94.2.84.190
2023/09/21 00:51:57 [/shop/shopping/load_payment_module.php] Array
(
    [0] => Array
        (
            [AccessID] => f9c408d52f4eddfa51ee427dc02eb788
            [AccessPass] => bba22f33e736640a68ec196af652dfe7
        )

)
 from 94.2.84.190
2023/09/21 00:51:57 [/shop/shopping/load_payment_module.php] load_payment_module.php set payment data:Array
(
    [AccessID] => f9c408d52f4eddfa51ee427dc02eb788
    [AccessPass] => bba22f33e736640a68ec196af652dfe7
    [OrderID] => 953930-21005157
    [Amount] => 10500
    [JobCd] => CAPTURE
    [action_status] => 1
    [pay_status] => 0
)
 from 94.2.84.190
2023/09/21 00:51:57 [/shop/shopping/load_payment_module.php] SendRequest:https://p01.mul-pay.jp/payment/ExecTran.idPass from 94.2.84.190
2023/09/21 00:51:57 [/shop/shopping/load_payment_module.php] Array
(
    [AccessID] => f9c408d52f4eddfa51ee427dc02eb788
    [AccessPass] => bba22f33e736640a68ec196af652dfe7
    [OrderID] => 953930-21005157
    [Method] => 1
    [Token] => 2b21cd74ff2b11f9e63e053adb44a2c80a52f18b38ce9a6e2604dab722d38133
    [ClientField1] => 
    [ClientField2] => 
    [ClientField3] => EC-CUBE4.3.35
)
 from 94.2.84.190
2023/09/21 00:51:59 [/shop/shopping/load_payment_module.php] ACS=0&OrderID=953930-21005157&Forward=2959876&Method=1&PayTimes=&Approve=0449426&TranID=2309210051602257210134152137&TranDate=20230921005159&CheckString=2a6242ee0d980c6f833475de9691fd54 from 94.2.84.190
2023/09/21 00:51:59 [/shop/shopping/load_payment_module.php] Array
(
    [0] => Array
        (
            [ACS] => 0
            [OrderID] => 953930-21005157
            [Forward] => 2959876
            [Method] => 1
            [PayTimes] => 
            [Approve] => 0449426
            [TranID] => 2309210051602257210134152137
            [TranDate] => 20230921005159
            [CheckString] => 2a6242ee0d980c6f833475de9691fd54
        )

)
 from 94.2.84.190
2023/09/21 00:51:59 [/shop/shopping/load_payment_module.php] load_payment_module.php set payment data:Array
(
    [ACS] => 0
    [Forward] => 2959876
    [Method] => 1
    [PayTimes] => 
    [Approve] => 0449426
    [TranID] => 2309210051602257210134152137
    [TranDate] => 20230921005159
    [CheckString] => 2a6242ee0d980c6f833475de9691fd54
    [Amount] => 10500
    [JobCd] => CAPTURE
    [action_status] => 3
    [pay_status] => 13
)
 from 94.2.84.190
2023/09/21 00:51:59 [/shop/user_data/pg_mulpay_recv.php] ******* receiveer data start ******* from 210.175.7.20
2023/09/21 00:51:59 [/shop/user_data/pg_mulpay_recv.php] Array
(
    [ShopID] => 9000034600950
    [ShopPass] => **********
    [AccessID] => f9c408d52f4eddfa51ee427dc02eb788
    [AccessPass] => ********************************
    [OrderID] => 953930-21005157
    [Status] => CAPTURE
    [JobCd] => CAPTURE
    [Amount] => 10500
    [Tax] => 0
    [Currency] => JPN
    [Forward] => 2959876
    [Method] => 1
    [PayTimes] => 
    [TranID] => 2309210051602257210134152137
    [Approve] => 0449426
    [TranDate] => 20230921005159
    [ErrCode] => 
    [ErrInfo] => 
    [PayType] => 0
)
 from 210.175.7.20
2023/09/21 00:51:59 [/shop/user_data/pg_mulpay_recv.php] ******* receiveer data end ******* from 210.175.7.20
2023/09/21 00:52:04 [/shop/user_data/pg_mulpay_recv.php] update order status:1 order_id=953930 from 210.175.7.20
2023/09/21 00:52:04 [/shop/user_data/pg_mulpay_recv.php] pg_mulpay_recv.php set payment data:Array
(
    [ShopID] => 9000034600950
    [AccessID] => f9c408d52f4eddfa51ee427dc02eb788
    [OrderID] => 953930-21005157
    [Status] => CAPTURE
    [JobCd] => CAPTURE
    [Amount] => 10500
    [Tax] => 0
    [Currency] => JPN
    [Forward] => 2959876
    [Method] => 1
    [PayTimes] => 
    [TranID] => 2309210051602257210134152137
    [Approve] => 0449426
    [TranDate] => 20230921005159
    [ErrCode] => 
    [ErrInfo] => 
    [PayType] => 0
    [CvsCode] => 
    [CvsConfNo] => 
    [CvsReceiptNo] => 
    [EdyReceiptNo] => 
    [EdyOrderNo] => 
    [SuicaReceiptNo] => 
    [SuicaOrderNo] => 
    [CustID] => 
    [BkCode] => 
    [ConfNo] => 
    [PaymentTerm] => 
    [EncryptReceiptNo] => 
    [FinishDate] => 
    [ReceiptDate] => 
    [WebMoneyManagementNo] => 
    [WebMoneySettleCode] => 
    [AuPayInfoNo] => 
    [AuPayMethod] => 
    [AuCancelAmount] => 
    [AuCancelTax] => 
    [DocomoSettlementCode] => 
    [DocomoCancelAmount] => 
    [DocomoCancelTax] => 
    [pay_status] => 13
)
 from 210.175.7.20
2023/09/21 00:52:04 [/shop/user_data/pg_mulpay_recv.php] response:true from 210.175.7.20
2023/09/21 02:25:50 [/shop/shopping/load_payment_module.php] SendRequest:https://p01.mul-pay.jp/payment/EntryTran.idPass from 179.118.193.230
2023/09/21 02:25:50 [/shop/shopping/load_payment_module.php] Array
(
    [ShopID] => 9000034600950
    [ShopPass] => ******
    [OrderID] => 953931-21022550
    [JobCd] => CAPTURE
    [Amount] => 11050
    [TdFlag] => 0
    [TdTenantName] => 
)
 from 179.118.193.230
2023/09/21 02:25:50 [/shop/shopping/load_payment_module.php] AccessID=4818dc973186ad4c749aadebb3fe4b03&AccessPass=b8dce2a8d8b65629cc80d7a2c34c267d from 179.118.193.230
2023/09/21 02:25:50 [/shop/shopping/load_payment_module.php] Array
(
    [0] => Array
        (
            [AccessID] => 4818dc973186ad4c749aadebb3fe4b03
            [AccessPass] => b8dce2a8d8b65629cc80d7a2c34c267d
        )

)
 from 179.118.193.230
2023/09/21 02:25:50 [/shop/shopping/load_payment_module.php] load_payment_module.php set payment data:Array
(
    [AccessID] => 4818dc973186ad4c749aadebb3fe4b03
    [AccessPass] => b8dce2a8d8b65629cc80d7a2c34c267d
    [OrderID] => 953931-21022550
    [Amount] => 11050
    [JobCd] => CAPTURE
    [action_status] => 1
    [pay_status] => 0
)
 from 179.118.193.230
2023/09/21 02:25:50 [/shop/shopping/load_payment_module.php] SendRequest:https://p01.mul-pay.jp/payment/ExecTran.idPass from 179.118.193.230
2023/09/21 02:25:50 [/shop/shopping/load_payment_module.php] Array
(
    [AccessID] => 4818dc973186ad4c749aadebb3fe4b03
    [AccessPass] => b8dce2a8d8b65629cc80d7a2c34c267d
    [OrderID] => 953931-21022550
    [Method] => 1
    [Token] => 457a0a314e7f1fca14e85cb0dbad1e31b0d489e82c4375571e185011901e66c2
    [ClientField1] => 
    [ClientField2] => 
    [ClientField3] => EC-CUBE4.3.35
)
 from 179.118.193.230
2023/09/21 02:25:52 [/shop/shopping/load_payment_module.php] ACS=0&OrderID=953931-21022550&Forward=2959876&Method=1&PayTimes=&Approve=0128055&TranID=2309210225602257210134162137&TranDate=20230921022552&CheckString=cbc9b9afc347c42091917724cc8f30ff from 179.118.193.230
2023/09/21 02:25:52 [/shop/shopping/load_payment_module.php] Array
(
    [0] => Array
        (
            [ACS] => 0
            [OrderID] => 953931-21022550
            [Forward] => 2959876
            [Method] => 1
            [PayTimes] => 
            [Approve] => 0128055
            [TranID] => 2309210225602257210134162137
            [TranDate] => 20230921022552
            [CheckString] => cbc9b9afc347c42091917724cc8f30ff
        )

)
 from 179.118.193.230
2023/09/21 02:25:52 [/shop/shopping/load_payment_module.php] load_payment_module.php set payment data:Array
(
    [ACS] => 0
    [Forward] => 2959876
    [Method] => 1
    [PayTimes] => 
    [Approve] => 0128055
    [TranID] => 2309210225602257210134162137
    [TranDate] => 20230921022552
    [CheckString] => cbc9b9afc347c42091917724cc8f30ff
    [Amount] => 11050
    [JobCd] => CAPTURE
    [action_status] => 3
    [pay_status] => 13
)
 from 179.118.193.230
2023/09/21 02:25:52 [/shop/user_data/pg_mulpay_recv.php] ******* receiveer data start ******* from 210.175.7.20
2023/09/21 02:25:52 [/shop/user_data/pg_mulpay_recv.php] Array
(
    [ShopID] => 9000034600950
    [ShopPass] => **********
    [AccessID] => 4818dc973186ad4c749aadebb3fe4b03
    [AccessPass] => ********************************
    [OrderID] => 953931-21022550
    [Status] => CAPTURE
    [JobCd] => CAPTURE
    [Amount] => 11050
    [Tax] => 0
    [Currency] => JPN
    [Forward] => 2959876
    [Method] => 1
    [PayTimes] => 
    [TranID] => 2309210225602257210134162137
    [Approve] => 0128055
    [TranDate] => 20230921022552
    [ErrCode] => 
    [ErrInfo] => 
    [PayType] => 0
)
 from 210.175.7.20
2023/09/21 02:25:52 [/shop/user_data/pg_mulpay_recv.php] ******* receiveer data end ******* from 210.175.7.20
2023/09/21 02:25:57 [/shop/user_data/pg_mulpay_recv.php] update order status:1 order_id=953931 from 210.175.7.20
2023/09/21 02:25:57 [/shop/user_data/pg_mulpay_recv.php] pg_mulpay_recv.php set payment data:Array
(
    [ShopID] => 9000034600950
    [AccessID] => 4818dc973186ad4c749aadebb3fe4b03
    [OrderID] => 953931-21022550
    [Status] => CAPTURE
    [JobCd] => CAPTURE
    [Amount] => 11050
    [Tax] => 0
    [Currency] => JPN
    [Forward] => 2959876
    [Method] => 1
    [PayTimes] => 
    [TranID] => 2309210225602257210134162137
    [Approve] => 0128055
    [TranDate] => 20230921022552
    [ErrCode] => 
    [ErrInfo] => 
    [PayType] => 0
    [CvsCode] => 
    [CvsConfNo] => 
    [CvsReceiptNo] => 
    [EdyReceiptNo] => 
    [EdyOrderNo] => 
    [SuicaReceiptNo] => 
    [SuicaOrderNo] => 
    [CustID] => 
    [BkCode] => 
    [ConfNo] => 
    [PaymentTerm] => 
    [EncryptReceiptNo] => 
    [FinishDate] => 
    [ReceiptDate] => 
    [WebMoneyManagementNo] => 
    [WebMoneySettleCode] => 
    [AuPayInfoNo] => 
    [AuPayMethod] => 
    [AuCancelAmount] => 
    [AuCancelTax] => 
    [DocomoSettlementCode] => 
    [DocomoCancelAmount] => 
    [DocomoCancelTax] => 
    [pay_status] => 13
)
 from 210.175.7.20
2023/09/21 02:25:57 [/shop/user_data/pg_mulpay_recv.php] response:true from 210.175.7.20
2023/09/21 02:31:30 [/shop/shopping/load_payment_module.php] SendRequest:https://p01.mul-pay.jp/payment/SearchMember.idPass from 182.21.130.17
2023/09/21 02:31:30 [/shop/shopping/load_payment_module.php] Array
(
    [SiteID] => mst0000007602
    [SitePass] => ******
    [MemberID] => 11802
)
 from 182.21.130.17
2023/09/21 02:31:30 [/shop/shopping/load_payment_module.php] ErrCode=E01&ErrInfo=E01390002 from 182.21.130.17
2023/09/21 02:31:30 [/shop/shopping/load_payment_module.php] Array
(
    [0] => Array
        (
            [ErrCode] => E01
            [ErrInfo] => E01390002
        )

)
 from 182.21.130.17
2023/09/21 02:31:30 [/shop/shopping/load_payment_module.php] SendRequest:https://p01.mul-pay.jp/payment/SearchCard.idPass from 182.21.130.17
2023/09/21 02:31:30 [/shop/shopping/load_payment_module.php] Array
(
    [SiteID] => mst0000007602
    [SitePass] => ******
    [MemberID] => 11802
)
 from 182.21.130.17
2023/09/21 02:31:30 [/shop/shopping/load_payment_module.php] ErrCode=E01|E01&ErrInfo=E01390002|E01240002 from 182.21.130.17
2023/09/21 02:31:30 [/shop/shopping/load_payment_module.php] Array
(
    [0] => Array
        (
            [ErrCode] => E01
            [ErrInfo] => E01390002
        )

    [1] => Array
        (
            [ErrCode] => E01
            [ErrInfo] => E01240002
        )

)
 from 182.21.130.17
2023/09/21 02:32:30 [/shop/shopping/load_payment_module.php] SendRequest:https://p01.mul-pay.jp/payment/SearchMember.idPass from 182.21.130.17
2023/09/21 02:32:30 [/shop/shopping/load_payment_module.php] Array
(
    [SiteID] => mst0000007602
    [SitePass] => ******
    [MemberID] => 11802
)
 from 182.21.130.17
2023/09/21 02:32:30 [/shop/shopping/load_payment_module.php] ErrCode=E01&ErrInfo=E01390002 from 182.21.130.17
2023/09/21 02:32:30 [/shop/shopping/load_payment_module.php] Array
(
    [0] => Array
        (
            [ErrCode] => E01
            [ErrInfo] => E01390002
        )

)
 from 182.21.130.17
2023/09/21 02:32:30 [/shop/shopping/load_payment_module.php] SendRequest:https://p01.mul-pay.jp/payment/SearchCard.idPass from 182.21.130.17
2023/09/21 02:32:30 [/shop/shopping/load_payment_module.php] Array
(
    [SiteID] => mst0000007602
    [SitePass] => ******
    [MemberID] => 11802
)
 from 182.21.130.17
2023/09/21 02:32:30 [/shop/shopping/load_payment_module.php] ErrCode=E01|E01&ErrInfo=E01390002|E01240002 from 182.21.130.17
2023/09/21 02:32:30 [/shop/shopping/load_payment_module.php] Array
(
    [0] => Array
        (
            [ErrCode] => E01
            [ErrInfo] => E01390002
        )

    [1] => Array
        (
            [ErrCode] => E01
            [ErrInfo] => E01240002
        )

)
 from 182.21.130.17
2023/09/21 02:32:30 [/shop/shopping/load_payment_module.php] SendRequest:https://p01.mul-pay.jp/payment/EntryTran.idPass from 182.21.130.17
2023/09/21 02:32:30 [/shop/shopping/load_payment_module.php] Array
(
    [ShopID] => 9000034600950
    [ShopPass] => ******
    [OrderID] => 953932-21023230
    [JobCd] => CAPTURE
    [Amount] => 5339
    [TdFlag] => 0
    [TdTenantName] => 
)
 from 182.21.130.17
2023/09/21 02:32:30 [/shop/shopping/load_payment_module.php] AccessID=49b041acaa5e673244eae7d89299b576&AccessPass=5298e7f4ff2d5fb7de2af2e9eb195847 from 182.21.130.17
2023/09/21 02:32:30 [/shop/shopping/load_payment_module.php] Array
(
    [0] => Array
        (
            [AccessID] => 49b041acaa5e673244eae7d89299b576
            [AccessPass] => 5298e7f4ff2d5fb7de2af2e9eb195847
        )

)
 from 182.21.130.17
2023/09/21 02:32:30 [/shop/shopping/load_payment_module.php] load_payment_module.php set payment data:Array
(
    [AccessID] => 49b041acaa5e673244eae7d89299b576
    [AccessPass] => 5298e7f4ff2d5fb7de2af2e9eb195847
    [OrderID] => 953932-21023230
    [Amount] => 5339
    [JobCd] => CAPTURE
    [action_status] => 1
    [pay_status] => 0
)
 from 182.21.130.17
2023/09/21 02:32:30 [/shop/shopping/load_payment_module.php] SendRequest:https://p01.mul-pay.jp/payment/ExecTran.idPass from 182.21.130.17
2023/09/21 02:32:30 [/shop/shopping/load_payment_module.php] Array
(
    [AccessID] => 49b041acaa5e673244eae7d89299b576
    [AccessPass] => 5298e7f4ff2d5fb7de2af2e9eb195847
    [OrderID] => 953932-21023230
    [Method] => 1
    [Token] => f2c808b195d7c025c86a90c330a6b77a02d008f58ea50ef429d2b2f34b2e63bc
    [ClientField1] => 
    [ClientField2] => 
    [ClientField3] => EC-CUBE4.3.35
)
 from 182.21.130.17
2023/09/21 02:32:31 [/shop/shopping/load_payment_module.php] ACS=0&OrderID=953932-21023230&Forward=2S49631&Method=1&PayTimes=&Approve=0069373&TranID=2309210232602257210134182129&TranDate=20230921023231&CheckString=0324ea1e6b180121867c4351cdbd2345 from 182.21.130.17
2023/09/21 02:32:31 [/shop/shopping/load_payment_module.php] Array
(
    [0] => Array
        (
            [ACS] => 0
            [OrderID] => 953932-21023230
            [Forward] => 2S49631
            [Method] => 1
            [PayTimes] => 
            [Approve] => 0069373
            [TranID] => 2309210232602257210134182129
            [TranDate] => 20230921023231
            [CheckString] => 0324ea1e6b180121867c4351cdbd2345
        )

)
 from 182.21.130.17
2023/09/21 02:32:31 [/shop/shopping/load_payment_module.php] load_payment_module.php set payment data:Array
(
    [ACS] => 0
    [Forward] => 2S49631
    [Method] => 1
    [PayTimes] => 
    [Approve] => 0069373
    [TranID] => 2309210232602257210134182129
    [TranDate] => 20230921023231
    [CheckString] => 0324ea1e6b180121867c4351cdbd2345
    [Amount] => 5339
    [JobCd] => CAPTURE
    [action_status] => 3
    [pay_status] => 13
)
 from 182.21.130.17
2023/09/21 02:32:31 [/shop/user_data/pg_mulpay_recv.php] ******* receiveer data start ******* from 210.175.7.20
2023/09/21 02:32:31 [/shop/user_data/pg_mulpay_recv.php] Array
(
    [ShopID] => 9000034600950
    [ShopPass] => **********
    [AccessID] => 49b041acaa5e673244eae7d89299b576
    [AccessPass] => ********************************
    [OrderID] => 953932-21023230
    [Status] => CAPTURE
    [JobCd] => CAPTURE
    [Amount] => 5339
    [Tax] => 0
    [Currency] => JPN
    [Forward] => 2S49631
    [Method] => 1
    [PayTimes] => 
    [TranID] => 2309210232602257210134182129
    [Approve] => 0069373
    [TranDate] => 20230921023231
    [ErrCode] => 
    [ErrInfo] => 
    [PayType] => 0
)
 from 210.175.7.20
2023/09/21 02:32:31 [/shop/user_data/pg_mulpay_recv.php] ******* receiveer data end ******* from 210.175.7.20
2023/09/21 02:32:36 [/shop/user_data/pg_mulpay_recv.php] update order status:1 order_id=953932 from 210.175.7.20
2023/09/21 02:32:36 [/shop/user_data/pg_mulpay_recv.php] pg_mulpay_recv.php set payment data:Array
(
    [ShopID] => 9000034600950
    [AccessID] => 49b041acaa5e673244eae7d89299b576
    [OrderID] => 953932-21023230
    [Status] => CAPTURE
    [JobCd] => CAPTURE
    [Amount] => 5339
    [Tax] => 0
    [Currency] => JPN
    [Forward] => 2S49631
    [Method] => 1
    [PayTimes] => 
    [TranID] => 2309210232602257210134182129
    [Approve] => 0069373
    [TranDate] => 20230921023231
    [ErrCode] => 
    [ErrInfo] => 
    [PayType] => 0
    [CvsCode] => 
    [CvsConfNo] => 
    [CvsReceiptNo] => 
    [EdyReceiptNo] => 
    [EdyOrderNo] => 
    [SuicaReceiptNo] => 
    [SuicaOrderNo] => 
    [CustID] => 
    [BkCode] => 
    [ConfNo] => 
    [PaymentTerm] => 
    [EncryptReceiptNo] => 
    [FinishDate] => 
    [ReceiptDate] => 
    [WebMoneyManagementNo] => 
    [WebMoneySettleCode] => 
    [AuPayInfoNo] => 
    [AuPayMethod] => 
    [AuCancelAmount] => 
    [AuCancelTax] => 
    [DocomoSettlementCode] => 
    [DocomoCancelAmount] => 
    [DocomoCancelTax] => 
    [pay_status] => 13
)
 from 210.175.7.20
2023/09/21 02:32:36 [/shop/user_data/pg_mulpay_recv.php] response:true from 210.175.7.20
2023/09/21 04:47:25 [/shop/shopping/load_payment_module.php] SendRequest:https://p01.mul-pay.jp/payment/EntryTran.idPass from 89.1.59.252
2023/09/21 04:47:25 [/shop/shopping/load_payment_module.php] Array
(
    [ShopID] => 9000034600950
    [ShopPass] => ******
    [OrderID] => 953933-21044725
    [JobCd] => CAPTURE
    [Amount] => 8050
    [TdFlag] => 0
    [TdTenantName] => 
)
 from 89.1.59.252
2023/09/21 04:47:25 [/shop/shopping/load_payment_module.php] AccessID=2b1bc11b8441788376fc85b9cc1a3ca5&AccessPass=eaced6919a0951a87d21f9900cf889a8 from 89.1.59.252
2023/09/21 04:47:25 [/shop/shopping/load_payment_module.php] Array
(
    [0] => Array
        (
            [AccessID] => 2b1bc11b8441788376fc85b9cc1a3ca5
            [AccessPass] => eaced6919a0951a87d21f9900cf889a8
        )

)
 from 89.1.59.252
2023/09/21 04:47:25 [/shop/shopping/load_payment_module.php] load_payment_module.php set payment data:Array
(
    [AccessID] => 2b1bc11b8441788376fc85b9cc1a3ca5
    [AccessPass] => eaced6919a0951a87d21f9900cf889a8
    [OrderID] => 953933-21044725
    [Amount] => 8050
    [JobCd] => CAPTURE
    [action_status] => 1
    [pay_status] => 0
)
 from 89.1.59.252
2023/09/21 04:47:25 [/shop/shopping/load_payment_module.php] SendRequest:https://p01.mul-pay.jp/payment/ExecTran.idPass from 89.1.59.252
2023/09/21 04:47:25 [/shop/shopping/load_payment_module.php] Array
(
    [AccessID] => 2b1bc11b8441788376fc85b9cc1a3ca5
    [AccessPass] => eaced6919a0951a87d21f9900cf889a8
    [OrderID] => 953933-21044725
    [Method] => 1
    [Token] => 6599df24f7fd7bf42570e1a78a978e92e35accafb3c88dfe94be19188af7406e
    [ClientField1] => 
    [ClientField2] => 
    [ClientField3] => EC-CUBE4.3.35
)
 from 89.1.59.252
2023/09/21 04:47:25 [/shop/shopping/load_payment_module.php] ACS=0&OrderID=953933-21044725&Forward=2S49631&Method=1&PayTimes=&Approve=0214725&TranID=2309210447602257210134162138&TranDate=20230921044725&CheckString=87662101344f4bd851208466742df1a1 from 89.1.59.252
2023/09/21 04:47:25 [/shop/shopping/load_payment_module.php] Array
(
    [0] => Array
        (
            [ACS] => 0
            [OrderID] => 953933-21044725
            [Forward] => 2S49631
            [Method] => 1
            [PayTimes] => 
            [Approve] => 0214725
            [TranID] => 2309210447602257210134162138
            [TranDate] => 20230921044725
            [CheckString] => 87662101344f4bd851208466742df1a1
        )

)
 from 89.1.59.252
2023/09/21 04:47:25 [/shop/shopping/load_payment_module.php] load_payment_module.php set payment data:Array
(
    [ACS] => 0
    [Forward] => 2S49631
    [Method] => 1
    [PayTimes] => 
    [Approve] => 0214725
    [TranID] => 2309210447602257210134162138
    [TranDate] => 20230921044725
    [CheckString] => 87662101344f4bd851208466742df1a1
    [Amount] => 8050
    [JobCd] => CAPTURE
    [action_status] => 3
    [pay_status] => 13
)
 from 89.1.59.252
2023/09/21 04:47:26 [/shop/user_data/pg_mulpay_recv.php] ******* receiveer data start ******* from 210.175.7.20
2023/09/21 04:47:26 [/shop/user_data/pg_mulpay_recv.php] Array
(
    [ShopID] => 9000034600950
    [ShopPass] => **********
    [AccessID] => 2b1bc11b8441788376fc85b9cc1a3ca5
    [AccessPass] => ********************************
    [OrderID] => 953933-21044725
    [Status] => CAPTURE
    [JobCd] => CAPTURE
    [Amount] => 8050
    [Tax] => 0
    [Currency] => JPN
    [Forward] => 2S49631
    [Method] => 1
    [PayTimes] => 
    [TranID] => 2309210447602257210134162138
    [Approve] => 0214725
    [TranDate] => 20230921044725
    [ErrCode] => 
    [ErrInfo] => 
    [PayType] => 0
)
 from 210.175.7.20
2023/09/21 04:47:26 [/shop/user_data/pg_mulpay_recv.php] ******* receiveer data end ******* from 210.175.7.20
2023/09/21 04:47:31 [/shop/user_data/pg_mulpay_recv.php] update order status:1 order_id=953933 from 210.175.7.20
2023/09/21 04:47:31 [/shop/user_data/pg_mulpay_recv.php] pg_mulpay_recv.php set payment data:Array
(
    [ShopID] => 9000034600950
    [AccessID] => 2b1bc11b8441788376fc85b9cc1a3ca5
    [OrderID] => 953933-21044725
    [Status] => CAPTURE
    [JobCd] => CAPTURE
    [Amount] => 8050
    [Tax] => 0
    [Currency] => JPN
    [Forward] => 2S49631
    [Method] => 1
    [PayTimes] => 
    [TranID] => 2309210447602257210134162138
    [Approve] => 0214725
    [TranDate] => 20230921044725
    [ErrCode] => 
    [ErrInfo] => 
    [PayType] => 0
    [CvsCode] => 
    [CvsConfNo] => 
    [CvsReceiptNo] => 
    [EdyReceiptNo] => 
    [EdyOrderNo] => 
    [SuicaReceiptNo] => 
    [SuicaOrderNo] => 
    [CustID] => 
    [BkCode] => 
    [ConfNo] => 
    [PaymentTerm] => 
    [EncryptReceiptNo] => 
    [FinishDate] => 
    [ReceiptDate] => 
    [WebMoneyManagementNo] => 
    [WebMoneySettleCode] => 
    [AuPayInfoNo] => 
    [AuPayMethod] => 
    [AuCancelAmount] => 
    [AuCancelTax] => 
    [DocomoSettlementCode] => 
    [DocomoCancelAmount] => 
    [DocomoCancelTax] => 
    [pay_status] => 13
)
 from 210.175.7.20
2023/09/21 04:47:31 [/shop/user_data/pg_mulpay_recv.php] response:true from 210.175.7.20
2023/09/21 04:58:02 [/shop/shopping/load_payment_module.php] SendRequest:https://p01.mul-pay.jp/payment/SearchMember.idPass from 216.68.72.62
2023/09/21 04:58:02 [/shop/shopping/load_payment_module.php] Array
(
    [SiteID] => mst0000007602
    [SitePass] => ******
    [MemberID] => 11961
)
 from 216.68.72.62
2023/09/21 04:58:02 [/shop/shopping/load_payment_module.php] ErrCode=E01&ErrInfo=E01390002 from 216.68.72.62
2023/09/21 04:58:02 [/shop/shopping/load_payment_module.php] Array
(
    [0] => Array
        (
            [ErrCode] => E01
            [ErrInfo] => E01390002
        )

)
 from 216.68.72.62
2023/09/21 04:58:02 [/shop/shopping/load_payment_module.php] SendRequest:https://p01.mul-pay.jp/payment/SearchCard.idPass from 216.68.72.62
2023/09/21 04:58:02 [/shop/shopping/load_payment_module.php] Array
(
    [SiteID] => mst0000007602
    [SitePass] => ******
    [MemberID] => 11961
)
 from 216.68.72.62
2023/09/21 04:58:02 [/shop/shopping/load_payment_module.php] ErrCode=E01|E01&ErrInfo=E01390002|E01240002 from 216.68.72.62
2023/09/21 04:58:02 [/shop/shopping/load_payment_module.php] Array
(
    [0] => Array
        (
            [ErrCode] => E01
            [ErrInfo] => E01390002
        )

    [1] => Array
        (
            [ErrCode] => E01
            [ErrInfo] => E01240002
        )

)
 from 216.68.72.62
2023/09/21 04:58:52 [/shop/shopping/load_payment_module.php] SendRequest:https://p01.mul-pay.jp/payment/SearchMember.idPass from 216.68.72.62
2023/09/21 04:58:52 [/shop/shopping/load_payment_module.php] Array
(
    [SiteID] => mst0000007602
    [SitePass] => ******
    [MemberID] => 11961
)
 from 216.68.72.62
2023/09/21 04:58:52 [/shop/shopping/load_payment_module.php] ErrCode=E01&ErrInfo=E01390002 from 216.68.72.62
2023/09/21 04:58:52 [/shop/shopping/load_payment_module.php] Array
(
    [0] => Array
        (
            [ErrCode] => E01
            [ErrInfo] => E01390002
        )

)
 from 216.68.72.62
2023/09/21 04:58:52 [/shop/shopping/load_payment_module.php] SendRequest:https://p01.mul-pay.jp/payment/SearchCard.idPass from 216.68.72.62
2023/09/21 04:58:52 [/shop/shopping/load_payment_module.php] Array
(
    [SiteID] => mst0000007602
    [SitePass] => ******
    [MemberID] => 11961
)
 from 216.68.72.62
2023/09/21 04:58:52 [/shop/shopping/load_payment_module.php] ErrCode=E01|E01&ErrInfo=E01390002|E01240002 from 216.68.72.62
2023/09/21 04:58:52 [/shop/shopping/load_payment_module.php] Array
(
    [0] => Array
        (
            [ErrCode] => E01
            [ErrInfo] => E01390002
        )

    [1] => Array
        (
            [ErrCode] => E01
            [ErrInfo] => E01240002
        )

)
 from 216.68.72.62
2023/09/21 04:58:52 [/shop/shopping/load_payment_module.php] SendRequest:https://p01.mul-pay.jp/payment/EntryTran.idPass from 216.68.72.62
2023/09/21 04:58:52 [/shop/shopping/load_payment_module.php] Array
(
    [ShopID] => 9000034600950
    [ShopPass] => ******
    [OrderID] => 953934-21045852
    [JobCd] => CAPTURE
    [Amount] => 27650
    [TdFlag] => 0
    [TdTenantName] => 
)
 from 216.68.72.62
2023/09/21 04:58:52 [/shop/shopping/load_payment_module.php] AccessID=0673e3f9f53ee331ba9c8e4521cf7bbf&AccessPass=b7845aab88f32c0a348bc682c9b1356f from 216.68.72.62
2023/09/21 04:58:52 [/shop/shopping/load_payment_module.php] Array
(
    [0] => Array
        (
            [AccessID] => 0673e3f9f53ee331ba9c8e4521cf7bbf
            [AccessPass] => b7845aab88f32c0a348bc682c9b1356f
        )

)
 from 216.68.72.62
2023/09/21 04:58:52 [/shop/shopping/load_payment_module.php] load_payment_module.php set payment data:Array
(
    [AccessID] => 0673e3f9f53ee331ba9c8e4521cf7bbf
    [AccessPass] => b7845aab88f32c0a348bc682c9b1356f
    [OrderID] => 953934-21045852
    [Amount] => 27650
    [JobCd] => CAPTURE
    [action_status] => 1
    [pay_status] => 0
)
 from 216.68.72.62
2023/09/21 04:58:52 [/shop/shopping/load_payment_module.php] SendRequest:https://p01.mul-pay.jp/payment/ExecTran.idPass from 216.68.72.62
2023/09/21 04:58:52 [/shop/shopping/load_payment_module.php] Array
(
    [AccessID] => 0673e3f9f53ee331ba9c8e4521cf7bbf
    [AccessPass] => b7845aab88f32c0a348bc682c9b1356f
    [OrderID] => 953934-21045852
    [Method] => 1
    [Token] => f40b3c66625caf8ac81bcd4796b86255843c7267a56921ada516e171c8527102
    [ClientField1] => 
    [ClientField2] => 
    [ClientField3] => EC-CUBE4.3.35
)
 from 216.68.72.62
2023/09/21 04:58:53 [/shop/shopping/load_payment_module.php] ACS=0&OrderID=953934-21045852&Forward=2S49631&Method=1&PayTimes=&Approve=0048143&TranID=2309210458602257210134172078&TranDate=20230921045853&CheckString=9da6e29b8d03354b53e5f4be9d7850d3 from 216.68.72.62
2023/09/21 04:58:53 [/shop/shopping/load_payment_module.php] Array
(
    [0] => Array
        (
            [ACS] => 0
            [OrderID] => 953934-21045852
            [Forward] => 2S49631
            [Method] => 1
            [PayTimes] => 
            [Approve] => 0048143
            [TranID] => 2309210458602257210134172078
            [TranDate] => 20230921045853
            [CheckString] => 9da6e29b8d03354b53e5f4be9d7850d3
        )

)
 from 216.68.72.62
2023/09/21 04:58:53 [/shop/shopping/load_payment_module.php] load_payment_module.php set payment data:Array
(
    [ACS] => 0
    [Forward] => 2S49631
    [Method] => 1
    [PayTimes] => 
    [Approve] => 0048143
    [TranID] => 2309210458602257210134172078
    [TranDate] => 20230921045853
    [CheckString] => 9da6e29b8d03354b53e5f4be9d7850d3
    [Amount] => 27650
    [JobCd] => CAPTURE
    [action_status] => 3
    [pay_status] => 13
)
 from 216.68.72.62
2023/09/21 04:58:53 [/shop/user_data/pg_mulpay_recv.php] ******* receiveer data start ******* from 210.175.7.20
2023/09/21 04:58:53 [/shop/user_data/pg_mulpay_recv.php] Array
(
    [ShopID] => 9000034600950
    [ShopPass] => **********
    [AccessID] => 0673e3f9f53ee331ba9c8e4521cf7bbf
    [AccessPass] => ********************************
    [OrderID] => 953934-21045852
    [Status] => CAPTURE
    [JobCd] => CAPTURE
    [Amount] => 27650
    [Tax] => 0
    [Currency] => JPN
    [Forward] => 2S49631
    [Method] => 1
    [PayTimes] => 
    [TranID] => 2309210458602257210134172078
    [Approve] => 0048143
    [TranDate] => 20230921045853
    [ErrCode] => 
    [ErrInfo] => 
    [PayType] => 0
)
 from 210.175.7.20
2023/09/21 04:58:53 [/shop/user_data/pg_mulpay_recv.php] ******* receiveer data end ******* from 210.175.7.20
2023/09/21 04:58:58 [/shop/user_data/pg_mulpay_recv.php] update order status:1 order_id=953934 from 210.175.7.20
2023/09/21 04:58:58 [/shop/user_data/pg_mulpay_recv.php] pg_mulpay_recv.php set payment data:Array
(
    [ShopID] => 9000034600950
    [AccessID] => 0673e3f9f53ee331ba9c8e4521cf7bbf
    [OrderID] => 953934-21045852
    [Status] => CAPTURE
    [JobCd] => CAPTURE
    [Amount] => 27650
    [Tax] => 0
    [Currency] => JPN
    [Forward] => 2S49631
    [Method] => 1
    [PayTimes] => 
    [TranID] => 2309210458602257210134172078
    [Approve] => 0048143
    [TranDate] => 20230921045853
    [ErrCode] => 
    [ErrInfo] => 
    [PayType] => 0
    [CvsCode] => 
    [CvsConfNo] => 
    [CvsReceiptNo] => 
    [EdyReceiptNo] => 
    [EdyOrderNo] => 
    [SuicaReceiptNo] => 
    [SuicaOrderNo] => 
    [CustID] => 
    [BkCode] => 
    [ConfNo] => 
    [PaymentTerm] => 
    [EncryptReceiptNo] => 
    [FinishDate] => 
    [ReceiptDate] => 
    [WebMoneyManagementNo] => 
    [WebMoneySettleCode] => 
    [AuPayInfoNo] => 
    [AuPayMethod] => 
    [AuCancelAmount] => 
    [AuCancelTax] => 
    [DocomoSettlementCode] => 
    [DocomoCancelAmount] => 
    [DocomoCancelTax] => 
    [pay_status] => 13
)
 from 210.175.7.20
2023/09/21 04:58:58 [/shop/user_data/pg_mulpay_recv.php] response:true from 210.175.7.20
2023/09/21 09:47:44 [/shop/shopping/load_payment_module.php] SendRequest:https://p01.mul-pay.jp/payment/SearchMember.idPass from 92.203.18.218
2023/09/21 09:47:44 [/shop/shopping/load_payment_module.php] Array
(
    [SiteID] => mst0000007602
    [SitePass] => ******
    [MemberID] => 3060
)
 from 92.203.18.218
2023/09/21 09:47:44 [/shop/shopping/load_payment_module.php] ErrCode=E01&ErrInfo=E01390002 from 92.203.18.218
2023/09/21 09:47:44 [/shop/shopping/load_payment_module.php] Array
(
    [0] => Array
        (
            [ErrCode] => E01
            [ErrInfo] => E01390002
        )

)
 from 92.203.18.218
2023/09/21 09:47:44 [/shop/shopping/load_payment_module.php] SendRequest:https://p01.mul-pay.jp/payment/SearchCard.idPass from 92.203.18.218
2023/09/21 09:47:44 [/shop/shopping/load_payment_module.php] Array
(
    [SiteID] => mst0000007602
    [SitePass] => ******
    [MemberID] => 3060
)
 from 92.203.18.218
2023/09/21 09:47:44 [/shop/shopping/load_payment_module.php] ErrCode=E01|E01&ErrInfo=E01390002|E01240002 from 92.203.18.218
2023/09/21 09:47:44 [/shop/shopping/load_payment_module.php] Array
(
    [0] => Array
        (
            [ErrCode] => E01
            [ErrInfo] => E01390002
        )

    [1] => Array
        (
            [ErrCode] => E01
            [ErrInfo] => E01240002
        )

)
 from 92.203.18.218
2023/09/21 09:48:28 [/shop/shopping/load_payment_module.php] SendRequest:https://p01.mul-pay.jp/payment/SearchMember.idPass from 92.203.18.218
2023/09/21 09:48:28 [/shop/shopping/load_payment_module.php] Array
(
    [SiteID] => mst0000007602
    [SitePass] => ******
    [MemberID] => 3060
)
 from 92.203.18.218
2023/09/21 09:48:28 [/shop/shopping/load_payment_module.php] ErrCode=E01&ErrInfo=E01390002 from 92.203.18.218
2023/09/21 09:48:28 [/shop/shopping/load_payment_module.php] Array
(
    [0] => Array
        (
            [ErrCode] => E01
            [ErrInfo] => E01390002
        )

)
 from 92.203.18.218
2023/09/21 09:48:28 [/shop/shopping/load_payment_module.php] SendRequest:https://p01.mul-pay.jp/payment/SearchCard.idPass from 92.203.18.218
2023/09/21 09:48:28 [/shop/shopping/load_payment_module.php] Array
(
    [SiteID] => mst0000007602
    [SitePass] => ******
    [MemberID] => 3060
)
 from 92.203.18.218
2023/09/21 09:48:28 [/shop/shopping/load_payment_module.php] ErrCode=E01|E01&ErrInfo=E01390002|E01240002 from 92.203.18.218
2023/09/21 09:48:28 [/shop/shopping/load_payment_module.php] Array
(
    [0] => Array
        (
            [ErrCode] => E01
            [ErrInfo] => E01390002
        )

    [1] => Array
        (
            [ErrCode] => E01
            [ErrInfo] => E01240002
        )

)
 from 92.203.18.218
2023/09/21 09:48:28 [/shop/shopping/load_payment_module.php] SendRequest:https://p01.mul-pay.jp/payment/EntryTran.idPass from 92.203.18.218
2023/09/21 09:48:28 [/shop/shopping/load_payment_module.php] Array
(
    [ShopID] => 9000034600950
    [ShopPass] => ******
    [OrderID] => 953935-21094828
    [JobCd] => CAPTURE
    [Amount] => 44000
    [TdFlag] => 0
    [TdTenantName] => 
)
 from 92.203.18.218
2023/09/21 09:48:28 [/shop/shopping/load_payment_module.php] AccessID=165474f16b31ce5ebe51d2d6beb9f270&AccessPass=5a7e2a1cec8e6780e9060150095d2964 from 92.203.18.218
2023/09/21 09:48:28 [/shop/shopping/load_payment_module.php] Array
(
    [0] => Array
        (
            [AccessID] => 165474f16b31ce5ebe51d2d6beb9f270
            [AccessPass] => 5a7e2a1cec8e6780e9060150095d2964
        )

)
 from 92.203.18.218
2023/09/21 09:48:28 [/shop/shopping/load_payment_module.php] load_payment_module.php set payment data:Array
(
    [AccessID] => 165474f16b31ce5ebe51d2d6beb9f270
    [AccessPass] => 5a7e2a1cec8e6780e9060150095d2964
    [OrderID] => 953935-21094828
    [Amount] => 44000
    [JobCd] => CAPTURE
    [action_status] => 1
    [pay_status] => 0
)
 from 92.203.18.218
2023/09/21 09:48:28 [/shop/shopping/load_payment_module.php] SendRequest:https://p01.mul-pay.jp/payment/ExecTran.idPass from 92.203.18.218
2023/09/21 09:48:28 [/shop/shopping/load_payment_module.php] Array
(
    [AccessID] => 165474f16b31ce5ebe51d2d6beb9f270
    [AccessPass] => 5a7e2a1cec8e6780e9060150095d2964
    [OrderID] => 953935-21094828
    [Method] => 1
    [Token] => bb5a0b91bd80b1ba28cbe93f5cb2e1281094093735332e4ca0c92c4a9dddb5e9
    [ClientField1] => 
    [ClientField2] => 
    [ClientField3] => EC-CUBE4.3.35
)
 from 92.203.18.218
2023/09/21 09:48:29 [/shop/shopping/load_payment_module.php] ACS=0&OrderID=953935-21094828&Forward=2S49631&Method=1&PayTimes=&Approve=0196004&TranID=2309210948602257210134162139&TranDate=20230921094829&CheckString=890395e096ab57f620be15ad92d9e142 from 92.203.18.218
2023/09/21 09:48:29 [/shop/shopping/load_payment_module.php] Array
(
    [0] => Array
        (
            [ACS] => 0
            [OrderID] => 953935-21094828
            [Forward] => 2S49631
            [Method] => 1
            [PayTimes] => 
            [Approve] => 0196004
            [TranID] => 2309210948602257210134162139
            [TranDate] => 20230921094829
            [CheckString] => 890395e096ab57f620be15ad92d9e142
        )

)
 from 92.203.18.218
2023/09/21 09:48:29 [/shop/shopping/load_payment_module.php] load_payment_module.php set payment data:Array
(
    [ACS] => 0
    [Forward] => 2S49631
    [Method] => 1
    [PayTimes] => 
    [Approve] => 0196004
    [TranID] => 2309210948602257210134162139
    [TranDate] => 20230921094829
    [CheckString] => 890395e096ab57f620be15ad92d9e142
    [Amount] => 44000
    [JobCd] => CAPTURE
    [action_status] => 3
    [pay_status] => 13
)
 from 92.203.18.218
2023/09/21 09:48:29 [/shop/user_data/pg_mulpay_recv.php] ******* receiveer data start ******* from 210.175.7.20
2023/09/21 09:48:29 [/shop/user_data/pg_mulpay_recv.php] Array
(
    [ShopID] => 9000034600950
    [ShopPass] => **********
    [AccessID] => 165474f16b31ce5ebe51d2d6beb9f270
    [AccessPass] => ********************************
    [OrderID] => 953935-21094828
    [Status] => CAPTURE
    [JobCd] => CAPTURE
    [Amount] => 44000
    [Tax] => 0
    [Currency] => JPN
    [Forward] => 2S49631
    [Method] => 1
    [PayTimes] => 
    [TranID] => 2309210948602257210134162139
    [Approve] => 0196004
    [TranDate] => 20230921094829
    [ErrCode] => 
    [ErrInfo] => 
    [PayType] => 0
)
 from 210.175.7.20
2023/09/21 09:48:29 [/shop/user_data/pg_mulpay_recv.php] ******* receiveer data end ******* from 210.175.7.20
2023/09/21 09:48:34 [/shop/user_data/pg_mulpay_recv.php] update order status:1 order_id=953935 from 210.175.7.20
2023/09/21 09:48:35 [/shop/user_data/pg_mulpay_recv.php] pg_mulpay_recv.php set payment data:Array
(
    [ShopID] => 9000034600950
    [AccessID] => 165474f16b31ce5ebe51d2d6beb9f270
    [OrderID] => 953935-21094828
    [Status] => CAPTURE
    [JobCd] => CAPTURE
    [Amount] => 44000
    [Tax] => 0
    [Currency] => JPN
    [Forward] => 2S49631
    [Method] => 1
    [PayTimes] => 
    [TranID] => 2309210948602257210134162139
    [Approve] => 0196004
    [TranDate] => 20230921094829
    [ErrCode] => 
    [ErrInfo] => 
    [PayType] => 0
    [CvsCode] => 
    [CvsConfNo] => 
    [CvsReceiptNo] => 
    [EdyReceiptNo] => 
    [EdyOrderNo] => 
    [SuicaReceiptNo] => 
    [SuicaOrderNo] => 
    [CustID] => 
    [BkCode] => 
    [ConfNo] => 
    [PaymentTerm] => 
    [EncryptReceiptNo] => 
    [FinishDate] => 
    [ReceiptDate] => 
    [WebMoneyManagementNo] => 
    [WebMoneySettleCode] => 
    [AuPayInfoNo] => 
    [AuPayMethod] => 
    [AuCancelAmount] => 
    [AuCancelTax] => 
    [DocomoSettlementCode] => 
    [DocomoCancelAmount] => 
    [DocomoCancelTax] => 
    [pay_status] => 13
)
 from 210.175.7.20
2023/09/21 09:48:35 [/shop/user_data/pg_mulpay_recv.php] response:true from 210.175.7.20
2023/09/21 09:53:11 [/shop/shopping/load_payment_module.php] SendRequest:https://p01.mul-pay.jp/payment/SearchMember.idPass from 72.104.121.16
2023/09/21 09:53:11 [/shop/shopping/load_payment_module.php] Array
(
    [SiteID] => mst0000007602
    [SitePass] => ******
    [MemberID] => 12130
)
 from 72.104.121.16
2023/09/21 09:53:11 [/shop/shopping/load_payment_module.php] ErrCode=E01&ErrInfo=E01390002 from 72.104.121.16
2023/09/21 09:53:11 [/shop/shopping/load_payment_module.php] Array
(
    [0] => Array
        (
            [ErrCode] => E01
            [ErrInfo] => E01390002
        )

)
 from 72.104.121.16
2023/09/21 09:53:11 [/shop/shopping/load_payment_module.php] SendRequest:https://p01.mul-pay.jp/payment/SearchCard.idPass from 72.104.121.16
2023/09/21 09:53:11 [/shop/shopping/load_payment_module.php] Array
(
    [SiteID] => mst0000007602
    [SitePass] => ******
    [MemberID] => 12130
)
 from 72.104.121.16
2023/09/21 09:53:11 [/shop/shopping/load_payment_module.php] ErrCode=E01|E01&ErrInfo=E01390002|E01240002 from 72.104.121.16
2023/09/21 09:53:11 [/shop/shopping/load_payment_module.php] Array
(
    [0] => Array
        (
            [ErrCode] => E01
            [ErrInfo] => E01390002
        )

    [1] => Array
        (
            [ErrCode] => E01
            [ErrInfo] => E01240002
        )

)
 from 72.104.121.16
2023/09/21 09:53:32 [/shop/shopping/load_payment_module.php] SendRequest:https://p01.mul-pay.jp/payment/SearchMember.idPass from 72.104.121.16
2023/09/21 09:53:32 [/shop/shopping/load_payment_module.php] Array
(
    [SiteID] => mst0000007602
    [SitePass] => ******
    [MemberID] => 12130
)
 from 72.104.121.16
2023/09/21 09:53:32 [/shop/shopping/load_payment_module.php] ErrCode=E01&ErrInfo=E01390002 from 72.104.121.16
2023/09/21 09:53:32 [/shop/shopping/load_payment_module.php] Array
(
    [0] => Array
        (
            [ErrCode] => E01
            [ErrInfo] => E01390002
        )

)
 from 72.104.121.16
2023/09/21 09:53:32 [/shop/shopping/load_payment_module.php] SendRequest:https://p01.mul-pay.jp/payment/SearchCard.idPass from 72.104.121.16
2023/09/21 09:53:32 [/shop/shopping/load_payment_module.php] Array
(
    [SiteID] => mst0000007602
    [SitePass] => ******
    [MemberID] => 12130
)
 from 72.104.121.16
2023/09/21 09:53:32 [/shop/shopping/load_payment_module.php] ErrCode=E01|E01&ErrInfo=E01390002|E01240002 from 72.104.121.16
2023/09/21 09:53:32 [/shop/shopping/load_payment_module.php] Array
(
    [0] => Array
        (
            [ErrCode] => E01
            [ErrInfo] => E01390002
        )

    [1] => Array
        (
            [ErrCode] => E01
            [ErrInfo] => E01240002
        )

)
 from 72.104.121.16
2023/09/21 09:53:32 [/shop/shopping/load_payment_module.php] SendRequest:https://p01.mul-pay.jp/payment/EntryTran.idPass from 72.104.121.16
2023/09/21 09:53:32 [/shop/shopping/load_payment_module.php] Array
(
    [ShopID] => 9000034600950
    [ShopPass] => ******
    [OrderID] => 953936-21095332
    [JobCd] => CAPTURE
    [Amount] => 13900
    [TdFlag] => 0
    [TdTenantName] => 
)
 from 72.104.121.16
2023/09/21 09:53:32 [/shop/shopping/load_payment_module.php] AccessID=40d3c7d97c40c8403f28c80dec685ae1&AccessPass=9cd54a78b7f255dedb07ab0b590b6ec2 from 72.104.121.16
2023/09/21 09:53:32 [/shop/shopping/load_payment_module.php] Array
(
    [0] => Array
        (
            [AccessID] => 40d3c7d97c40c8403f28c80dec685ae1
            [AccessPass] => 9cd54a78b7f255dedb07ab0b590b6ec2
        )

)
 from 72.104.121.16
2023/09/21 09:53:32 [/shop/shopping/load_payment_module.php] load_payment_module.php set payment data:Array
(
    [AccessID] => 40d3c7d97c40c8403f28c80dec685ae1
    [AccessPass] => 9cd54a78b7f255dedb07ab0b590b6ec2
    [OrderID] => 953936-21095332
    [Amount] => 13900
    [JobCd] => CAPTURE
    [action_status] => 1
    [pay_status] => 0
)
 from 72.104.121.16
2023/09/21 09:53:32 [/shop/shopping/load_payment_module.php] SendRequest:https://p01.mul-pay.jp/payment/ExecTran.idPass from 72.104.121.16
2023/09/21 09:53:32 [/shop/shopping/load_payment_module.php] Array
(
    [AccessID] => 40d3c7d97c40c8403f28c80dec685ae1
    [AccessPass] => 9cd54a78b7f255dedb07ab0b590b6ec2
    [OrderID] => 953936-21095332
    [Method] => 1
    [Token] => e548716b49964658f6528e972354e845a33ab15051e59bc8b8b642e14d5304e4
    [ClientField1] => 
    [ClientField2] => 
    [ClientField3] => EC-CUBE4.3.35
)
 from 72.104.121.16
2023/09/21 09:53:32 [/shop/shopping/load_payment_module.php] ACS=0&OrderID=953936-21095332&Forward=2S49631&Method=1&PayTimes=&Approve=0099813&TranID=2309210953602257210134162140&TranDate=20230921095332&CheckString=54fbb212812bc568aaa18ac48f9f68cf from 72.104.121.16
2023/09/21 09:53:32 [/shop/shopping/load_payment_module.php] Array
(
    [0] => Array
        (
            [ACS] => 0
            [OrderID] => 953936-21095332
            [Forward] => 2S49631
            [Method] => 1
            [PayTimes] => 
            [Approve] => 0099813
            [TranID] => 2309210953602257210134162140
            [TranDate] => 20230921095332
            [CheckString] => 54fbb212812bc568aaa18ac48f9f68cf
        )

)
 from 72.104.121.16
2023/09/21 09:53:32 [/shop/shopping/load_payment_module.php] load_payment_module.php set payment data:Array
(
    [ACS] => 0
    [Forward] => 2S49631
    [Method] => 1
    [PayTimes] => 
    [Approve] => 0099813
    [TranID] => 2309210953602257210134162140
    [TranDate] => 20230921095332
    [CheckString] => 54fbb212812bc568aaa18ac48f9f68cf
    [Amount] => 13900
    [JobCd] => CAPTURE
    [action_status] => 3
    [pay_status] => 13
)
 from 72.104.121.16
2023/09/21 09:53:33 [/shop/user_data/pg_mulpay_recv.php] ******* receiveer data start ******* from 210.175.7.20
2023/09/21 09:53:33 [/shop/user_data/pg_mulpay_recv.php] Array
(
    [ShopID] => 9000034600950
    [ShopPass] => **********
    [AccessID] => 40d3c7d97c40c8403f28c80dec685ae1
    [AccessPass] => ********************************
    [OrderID] => 953936-21095332
    [Status] => CAPTURE
    [JobCd] => CAPTURE
    [Amount] => 13900
    [Tax] => 0
    [Currency] => JPN
    [Forward] => 2S49631
    [Method] => 1
    [PayTimes] => 
    [TranID] => 2309210953602257210134162140
    [Approve] => 0099813
    [TranDate] => 20230921095332
    [ErrCode] => 
    [ErrInfo] => 
    [PayType] => 0
)
 from 210.175.7.20
2023/09/21 09:53:33 [/shop/user_data/pg_mulpay_recv.php] ******* receiveer data end ******* from 210.175.7.20
2023/09/21 09:53:38 [/shop/user_data/pg_mulpay_recv.php] update order status:1 order_id=953936 from 210.175.7.20
2023/09/21 09:53:38 [/shop/user_data/pg_mulpay_recv.php] pg_mulpay_recv.php set payment data:Array
(
    [ShopID] => 9000034600950
    [AccessID] => 40d3c7d97c40c8403f28c80dec685ae1
    [OrderID] => 953936-21095332
    [Status] => CAPTURE
    [JobCd] => CAPTURE
    [Amount] => 13900
    [Tax] => 0
    [Currency] => JPN
    [Forward] => 2S49631
    [Method] => 1
    [PayTimes] => 
    [TranID] => 2309210953602257210134162140
    [Approve] => 0099813
    [TranDate] => 20230921095332
    [ErrCode] => 
    [ErrInfo] => 
    [PayType] => 0
    [CvsCode] => 
    [CvsConfNo] => 
    [CvsReceiptNo] => 
    [EdyReceiptNo] => 
    [EdyOrderNo] => 
    [SuicaReceiptNo] => 
    [SuicaOrderNo] => 
    [CustID] => 
    [BkCode] => 
    [ConfNo] => 
    [PaymentTerm] => 
    [EncryptReceiptNo] => 
    [FinishDate] => 
    [ReceiptDate] => 
    [WebMoneyManagementNo] => 
    [WebMoneySettleCode] => 
    [AuPayInfoNo] => 
    [AuPayMethod] => 
    [AuCancelAmount] => 
    [AuCancelTax] => 
    [DocomoSettlementCode] => 
    [DocomoCancelAmount] => 
    [DocomoCancelTax] => 
    [pay_status] => 13
)
 from 210.175.7.20
2023/09/21 09:53:38 [/shop/user_data/pg_mulpay_recv.php] response:true from 210.175.7.20
2023/09/21 09:54:28 [/shop/shopping/load_payment_module.php] SendRequest:https://p01.mul-pay.jp/payment/SearchMember.idPass from 92.203.18.218
2023/09/21 09:54:28 [/shop/shopping/load_payment_module.php] Array
(
    [SiteID] => mst0000007602
    [SitePass] => ******
    [MemberID] => 3060
)
 from 92.203.18.218
2023/09/21 09:54:28 [/shop/shopping/load_payment_module.php] ErrCode=E01&ErrInfo=E01390002 from 92.203.18.218
2023/09/21 09:54:28 [/shop/shopping/load_payment_module.php] Array
(
    [0] => Array
        (
            [ErrCode] => E01
            [ErrInfo] => E01390002
        )

)
 from 92.203.18.218
2023/09/21 09:54:28 [/shop/shopping/load_payment_module.php] SendRequest:https://p01.mul-pay.jp/payment/SearchCard.idPass from 92.203.18.218
2023/09/21 09:54:28 [/shop/shopping/load_payment_module.php] Array
(
    [SiteID] => mst0000007602
    [SitePass] => ******
    [MemberID] => 3060
)
 from 92.203.18.218
2023/09/21 09:54:28 [/shop/shopping/load_payment_module.php] ErrCode=E01|E01&ErrInfo=E01390002|E01240002 from 92.203.18.218
2023/09/21 09:54:28 [/shop/shopping/load_payment_module.php] Array
(
    [0] => Array
        (
            [ErrCode] => E01
            [ErrInfo] => E01390002
        )

    [1] => Array
        (
            [ErrCode] => E01
            [ErrInfo] => E01240002
        )

)
 from 92.203.18.218
2023/09/21 09:54:56 [/shop/shopping/load_payment_module.php] SendRequest:https://p01.mul-pay.jp/payment/SearchMember.idPass from 92.203.18.218
2023/09/21 09:54:56 [/shop/shopping/load_payment_module.php] Array
(
    [SiteID] => mst0000007602
    [SitePass] => ******
    [MemberID] => 3060
)
 from 92.203.18.218
2023/09/21 09:54:56 [/shop/shopping/load_payment_module.php] ErrCode=E01&ErrInfo=E01390002 from 92.203.18.218
2023/09/21 09:54:56 [/shop/shopping/load_payment_module.php] Array
(
    [0] => Array
        (
            [ErrCode] => E01
            [ErrInfo] => E01390002
        )

)
 from 92.203.18.218
2023/09/21 09:54:56 [/shop/shopping/load_payment_module.php] SendRequest:https://p01.mul-pay.jp/payment/SearchCard.idPass from 92.203.18.218
2023/09/21 09:54:56 [/shop/shopping/load_payment_module.php] Array
(
    [SiteID] => mst0000007602
    [SitePass] => ******
    [MemberID] => 3060
)
 from 92.203.18.218
2023/09/21 09:54:56 [/shop/shopping/load_payment_module.php] ErrCode=E01|E01&ErrInfo=E01390002|E01240002 from 92.203.18.218
2023/09/21 09:54:56 [/shop/shopping/load_payment_module.php] Array
(
    [0] => Array
        (
            [ErrCode] => E01
            [ErrInfo] => E01390002
        )

    [1] => Array
        (
            [ErrCode] => E01
            [ErrInfo] => E01240002
        )

)
 from 92.203.18.218
2023/09/21 09:54:56 [/shop/shopping/load_payment_module.php] SendRequest:https://p01.mul-pay.jp/payment/EntryTran.idPass from 92.203.18.218
2023/09/21 09:54:56 [/shop/shopping/load_payment_module.php] Array
(
    [ShopID] => 9000034600950
    [ShopPass] => ******
    [OrderID] => 953937-21095456
    [JobCd] => CAPTURE
    [Amount] => 22000
    [TdFlag] => 0
    [TdTenantName] => 
)
 from 92.203.18.218
2023/09/21 09:54:56 [/shop/shopping/load_payment_module.php] AccessID=eed2e28d40ef45070c9cc1a8056218af&AccessPass=915e00d8dcdb16ce8bdd6b0734796e16 from 92.203.18.218
2023/09/21 09:54:56 [/shop/shopping/load_payment_module.php] Array
(
    [0] => Array
        (
            [AccessID] => eed2e28d40ef45070c9cc1a8056218af
            [AccessPass] => 915e00d8dcdb16ce8bdd6b0734796e16
        )

)
 from 92.203.18.218
2023/09/21 09:54:56 [/shop/shopping/load_payment_module.php] load_payment_module.php set payment data:Array
(
    [AccessID] => eed2e28d40ef45070c9cc1a8056218af
    [AccessPass] => 915e00d8dcdb16ce8bdd6b0734796e16
    [OrderID] => 953937-21095456
    [Amount] => 22000
    [JobCd] => CAPTURE
    [action_status] => 1
    [pay_status] => 0
)
 from 92.203.18.218
2023/09/21 09:54:56 [/shop/shopping/load_payment_module.php] SendRequest:https://p01.mul-pay.jp/payment/ExecTran.idPass from 92.203.18.218
2023/09/21 09:54:56 [/shop/shopping/load_payment_module.php] Array
(
    [AccessID] => eed2e28d40ef45070c9cc1a8056218af
    [AccessPass] => 915e00d8dcdb16ce8bdd6b0734796e16
    [OrderID] => 953937-21095456
    [Method] => 1
    [Token] => 77a88eab513aa64f9c3c167a2f26c5fab169389bf11008360fd960d7ae73ab7f
    [ClientField1] => 
    [ClientField2] => 
    [ClientField3] => EC-CUBE4.3.35
)
 from 92.203.18.218
2023/09/21 09:54:57 [/shop/shopping/load_payment_module.php] ACS=0&OrderID=953937-21095456&Forward=2S49631&Method=1&PayTimes=&Approve=0361057&TranID=2309210954602257210134162141&TranDate=20230921095457&CheckString=1e8b28b79dd28b1707a8543cf78d3225 from 92.203.18.218
2023/09/21 09:54:57 [/shop/shopping/load_payment_module.php] Array
(
    [0] => Array
        (
            [ACS] => 0
            [OrderID] => 953937-21095456
            [Forward] => 2S49631
            [Method] => 1
            [PayTimes] => 
            [Approve] => 0361057
            [TranID] => 2309210954602257210134162141
            [TranDate] => 20230921095457
            [CheckString] => 1e8b28b79dd28b1707a8543cf78d3225
        )

)
 from 92.203.18.218
2023/09/21 09:54:57 [/shop/shopping/load_payment_module.php] load_payment_module.php set payment data:Array
(
    [ACS] => 0
    [Forward] => 2S49631
    [Method] => 1
    [PayTimes] => 
    [Approve] => 0361057
    [TranID] => 2309210954602257210134162141
    [TranDate] => 20230921095457
    [CheckString] => 1e8b28b79dd28b1707a8543cf78d3225
    [Amount] => 22000
    [JobCd] => CAPTURE
    [action_status] => 3
    [pay_status] => 13
)
 from 92.203.18.218
2023/09/21 09:54:57 [/shop/user_data/pg_mulpay_recv.php] ******* receiveer data start ******* from 210.175.7.20
2023/09/21 09:54:57 [/shop/user_data/pg_mulpay_recv.php] Array
(
    [ShopID] => 9000034600950
    [ShopPass] => **********
    [AccessID] => eed2e28d40ef45070c9cc1a8056218af
    [AccessPass] => ********************************
    [OrderID] => 953937-21095456
    [Status] => CAPTURE
    [JobCd] => CAPTURE
    [Amount] => 22000
    [Tax] => 0
    [Currency] => JPN
    [Forward] => 2S49631
    [Method] => 1
    [PayTimes] => 
    [TranID] => 2309210954602257210134162141
    [Approve] => 0361057
    [TranDate] => 20230921095457
    [ErrCode] => 
    [ErrInfo] => 
    [PayType] => 0
)
 from 210.175.7.20
2023/09/21 09:54:57 [/shop/user_data/pg_mulpay_recv.php] ******* receiveer data end ******* from 210.175.7.20
2023/09/21 09:55:02 [/shop/user_data/pg_mulpay_recv.php] update order status:1 order_id=953937 from 210.175.7.20
2023/09/21 09:55:02 [/shop/user_data/pg_mulpay_recv.php] pg_mulpay_recv.php set payment data:Array
(
    [ShopID] => 9000034600950
    [AccessID] => eed2e28d40ef45070c9cc1a8056218af
    [OrderID] => 953937-21095456
    [Status] => CAPTURE
    [JobCd] => CAPTURE
    [Amount] => 22000
    [Tax] => 0
    [Currency] => JPN
    [Forward] => 2S49631
    [Method] => 1
    [PayTimes] => 
    [TranID] => 2309210954602257210134162141
    [Approve] => 0361057
    [TranDate] => 20230921095457
    [ErrCode] => 
    [ErrInfo] => 
    [PayType] => 0
    [CvsCode] => 
    [CvsConfNo] => 
    [CvsReceiptNo] => 
    [EdyReceiptNo] => 
    [EdyOrderNo] => 
    [SuicaReceiptNo] => 
    [SuicaOrderNo] => 
    [CustID] => 
    [BkCode] => 
    [ConfNo] => 
    [PaymentTerm] => 
    [EncryptReceiptNo] => 
    [FinishDate] => 
    [ReceiptDate] => 
    [WebMoneyManagementNo] => 
    [WebMoneySettleCode] => 
    [AuPayInfoNo] => 
    [AuPayMethod] => 
    [AuCancelAmount] => 
    [AuCancelTax] => 
    [DocomoSettlementCode] => 
    [DocomoCancelAmount] => 
    [DocomoCancelTax] => 
    [pay_status] => 13
)
 from 210.175.7.20
2023/09/21 09:55:02 [/shop/user_data/pg_mulpay_recv.php] response:true from 210.175.7.20
2023/09/21 11:10:14 [/shop/shopping/load_payment_module.php] SendRequest:https://p01.mul-pay.jp/payment/EntryTran.idPass from 24.85.246.1
2023/09/21 11:10:14 [/shop/shopping/load_payment_module.php] Array
(
    [ShopID] => 9000034600950
    [ShopPass] => ******
    [OrderID] => 953939-21111014
    [JobCd] => CAPTURE
    [Amount] => 8080
    [TdFlag] => 0
    [TdTenantName] => 
)
 from 24.85.246.1
2023/09/21 11:10:14 [/shop/shopping/load_payment_module.php] AccessID=3d9ff389896e57fa0ac005e6b893b487&AccessPass=1b233dee370157c961deaed1b4e7eb2e from 24.85.246.1
2023/09/21 11:10:14 [/shop/shopping/load_payment_module.php] Array
(
    [0] => Array
        (
            [AccessID] => 3d9ff389896e57fa0ac005e6b893b487
            [AccessPass] => 1b233dee370157c961deaed1b4e7eb2e
        )

)
 from 24.85.246.1
2023/09/21 11:10:14 [/shop/shopping/load_payment_module.php] load_payment_module.php set payment data:Array
(
    [AccessID] => 3d9ff389896e57fa0ac005e6b893b487
    [AccessPass] => 1b233dee370157c961deaed1b4e7eb2e
    [OrderID] => 953939-21111014
    [Amount] => 8080
    [JobCd] => CAPTURE
    [action_status] => 1
    [pay_status] => 0
)
 from 24.85.246.1
2023/09/21 11:10:14 [/shop/shopping/load_payment_module.php] SendRequest:https://p01.mul-pay.jp/payment/ExecTran.idPass from 24.85.246.1
2023/09/21 11:10:14 [/shop/shopping/load_payment_module.php] Array
(
    [AccessID] => 3d9ff389896e57fa0ac005e6b893b487
    [AccessPass] => 1b233dee370157c961deaed1b4e7eb2e
    [OrderID] => 953939-21111014
    [Method] => 1
    [Token] => 2a5c13e3f3694aeb54b7584033233b82b90b5270d0d3caa638cb8ec8ab872d76
    [ClientField1] => 
    [ClientField2] => 
    [ClientField3] => EC-CUBE4.3.35
)
 from 24.85.246.1
2023/09/21 11:10:15 [/shop/shopping/load_payment_module.php] ACS=0&OrderID=953939-21111014&Forward=2959876&Method=1&PayTimes=&Approve=0368811&TranID=2309211110602257210134182130&TranDate=20230921111015&CheckString=7b3f4eb23f30b03ca965a7473ea89f85 from 24.85.246.1
2023/09/21 11:10:15 [/shop/shopping/load_payment_module.php] Array
(
    [0] => Array
        (
            [ACS] => 0
            [OrderID] => 953939-21111014
            [Forward] => 2959876
            [Method] => 1
            [PayTimes] => 
            [Approve] => 0368811
            [TranID] => 2309211110602257210134182130
            [TranDate] => 20230921111015
            [CheckString] => 7b3f4eb23f30b03ca965a7473ea89f85
        )

)
 from 24.85.246.1
2023/09/21 11:10:15 [/shop/shopping/load_payment_module.php] load_payment_module.php set payment data:Array
(
    [ACS] => 0
    [Forward] => 2959876
    [Method] => 1
    [PayTimes] => 
    [Approve] => 0368811
    [TranID] => 2309211110602257210134182130
    [TranDate] => 20230921111015
    [CheckString] => 7b3f4eb23f30b03ca965a7473ea89f85
    [Amount] => 8080
    [JobCd] => CAPTURE
    [action_status] => 3
    [pay_status] => 13
)
 from 24.85.246.1
2023/09/21 11:10:15 [/shop/user_data/pg_mulpay_recv.php] ******* receiveer data start ******* from 210.175.7.20
2023/09/21 11:10:15 [/shop/user_data/pg_mulpay_recv.php] Array
(
    [ShopID] => 9000034600950
    [ShopPass] => **********
    [AccessID] => 3d9ff389896e57fa0ac005e6b893b487
    [AccessPass] => ********************************
    [OrderID] => 953939-21111014
    [Status] => CAPTURE
    [JobCd] => CAPTURE
    [Amount] => 8080
    [Tax] => 0
    [Currency] => JPN
    [Forward] => 2959876
    [Method] => 1
    [PayTimes] => 
    [TranID] => 2309211110602257210134182130
    [Approve] => 0368811
    [TranDate] => 20230921111015
    [ErrCode] => 
    [ErrInfo] => 
    [PayType] => 0
)
 from 210.175.7.20
2023/09/21 11:10:15 [/shop/user_data/pg_mulpay_recv.php] ******* receiveer data end ******* from 210.175.7.20
2023/09/21 11:10:20 [/shop/user_data/pg_mulpay_recv.php] update order status:1 order_id=953939 from 210.175.7.20
2023/09/21 11:10:20 [/shop/user_data/pg_mulpay_recv.php] pg_mulpay_recv.php set payment data:Array
(
    [ShopID] => 9000034600950
    [AccessID] => 3d9ff389896e57fa0ac005e6b893b487
    [OrderID] => 953939-21111014
    [Status] => CAPTURE
    [JobCd] => CAPTURE
    [Amount] => 8080
    [Tax] => 0
    [Currency] => JPN
    [Forward] => 2959876
    [Method] => 1
    [PayTimes] => 
    [TranID] => 2309211110602257210134182130
    [Approve] => 0368811
    [TranDate] => 20230921111015
    [ErrCode] => 
    [ErrInfo] => 
    [PayType] => 0
    [CvsCode] => 
    [CvsConfNo] => 
    [CvsReceiptNo] => 
    [EdyReceiptNo] => 
    [EdyOrderNo] => 
    [SuicaReceiptNo] => 
    [SuicaOrderNo] => 
    [CustID] => 
    [BkCode] => 
    [ConfNo] => 
    [PaymentTerm] => 
    [EncryptReceiptNo] => 
    [FinishDate] => 
    [ReceiptDate] => 
    [WebMoneyManagementNo] => 
    [WebMoneySettleCode] => 
    [AuPayInfoNo] => 
    [AuPayMethod] => 
    [AuCancelAmount] => 
    [AuCancelTax] => 
    [DocomoSettlementCode] => 
    [DocomoCancelAmount] => 
    [DocomoCancelTax] => 
    [pay_status] => 13
)
 from 210.175.7.20
2023/09/21 11:10:20 [/shop/user_data/pg_mulpay_recv.php] response:true from 210.175.7.20
2023/09/21 11:31:29 [/shop/shopping/load_payment_module.php] SendRequest:https://p01.mul-pay.jp/payment/SearchMember.idPass from 199.48.94.125
2023/09/21 11:31:29 [/shop/shopping/load_payment_module.php] Array
(
    [SiteID] => mst0000007602
    [SitePass] => ******
    [MemberID] => 12132
)
 from 199.48.94.125
2023/09/21 11:31:29 [/shop/shopping/load_payment_module.php] ErrCode=E01&ErrInfo=E01390002 from 199.48.94.125
2023/09/21 11:31:29 [/shop/shopping/load_payment_module.php] Array
(
    [0] => Array
        (
            [ErrCode] => E01
            [ErrInfo] => E01390002
        )

)
 from 199.48.94.125
2023/09/21 11:31:29 [/shop/shopping/load_payment_module.php] SendRequest:https://p01.mul-pay.jp/payment/SearchCard.idPass from 199.48.94.125
2023/09/21 11:31:29 [/shop/shopping/load_payment_module.php] Array
(
    [SiteID] => mst0000007602
    [SitePass] => ******
    [MemberID] => 12132
)
 from 199.48.94.125
2023/09/21 11:31:29 [/shop/shopping/load_payment_module.php] ErrCode=E01|E01&ErrInfo=E01390002|E01240002 from 199.48.94.125
2023/09/21 11:31:29 [/shop/shopping/load_payment_module.php] Array
(
    [0] => Array
        (
            [ErrCode] => E01
            [ErrInfo] => E01390002
        )

    [1] => Array
        (
            [ErrCode] => E01
            [ErrInfo] => E01240002
        )

)
 from 199.48.94.125
2023/09/21 11:32:32 [/shop/shopping/load_payment_module.php] SendRequest:https://p01.mul-pay.jp/payment/SearchMember.idPass from 199.48.94.125
2023/09/21 11:32:32 [/shop/shopping/load_payment_module.php] Array
(
    [SiteID] => mst0000007602
    [SitePass] => ******
    [MemberID] => 12132
)
 from 199.48.94.125
2023/09/21 11:32:32 [/shop/shopping/load_payment_module.php] ErrCode=E01&ErrInfo=E01390002 from 199.48.94.125
2023/09/21 11:32:32 [/shop/shopping/load_payment_module.php] Array
(
    [0] => Array
        (
            [ErrCode] => E01
            [ErrInfo] => E01390002
        )

)
 from 199.48.94.125
2023/09/21 11:32:32 [/shop/shopping/load_payment_module.php] SendRequest:https://p01.mul-pay.jp/payment/SearchCard.idPass from 199.48.94.125
2023/09/21 11:32:32 [/shop/shopping/load_payment_module.php] Array
(
    [SiteID] => mst0000007602
    [SitePass] => ******
    [MemberID] => 12132
)
 from 199.48.94.125
2023/09/21 11:32:32 [/shop/shopping/load_payment_module.php] ErrCode=E01|E01&ErrInfo=E01390002|E01240002 from 199.48.94.125
2023/09/21 11:32:32 [/shop/shopping/load_payment_module.php] Array
(
    [0] => Array
        (
            [ErrCode] => E01
            [ErrInfo] => E01390002
        )

    [1] => Array
        (
            [ErrCode] => E01
            [ErrInfo] => E01240002
        )

)
 from 199.48.94.125
2023/09/21 11:32:32 [/shop/shopping/load_payment_module.php] SendRequest:https://p01.mul-pay.jp/payment/EntryTran.idPass from 199.48.94.125
2023/09/21 11:32:32 [/shop/shopping/load_payment_module.php] Array
(
    [ShopID] => 9000034600950
    [ShopPass] => ******
    [OrderID] => 953940-21113232
    [JobCd] => CAPTURE
    [Amount] => 81450
    [TdFlag] => 0
    [TdTenantName] => 
)
 from 199.48.94.125
2023/09/21 11:32:32 [/shop/shopping/load_payment_module.php] AccessID=90e087e93051989b854f12209535752b&AccessPass=44349543d4b5535a64693bbb2bd7f85a from 199.48.94.125
2023/09/21 11:32:32 [/shop/shopping/load_payment_module.php] Array
(
    [0] => Array
        (
            [AccessID] => 90e087e93051989b854f12209535752b
            [AccessPass] => 44349543d4b5535a64693bbb2bd7f85a
        )

)
 from 199.48.94.125
2023/09/21 11:32:32 [/shop/shopping/load_payment_module.php] load_payment_module.php set payment data:Array
(
    [AccessID] => 90e087e93051989b854f12209535752b
    [AccessPass] => 44349543d4b5535a64693bbb2bd7f85a
    [OrderID] => 953940-21113232
    [Amount] => 81450
    [JobCd] => CAPTURE
    [action_status] => 1
    [pay_status] => 0
)
 from 199.48.94.125
2023/09/21 11:32:32 [/shop/shopping/load_payment_module.php] SendRequest:https://p01.mul-pay.jp/payment/ExecTran.idPass from 199.48.94.125
2023/09/21 11:32:32 [/shop/shopping/load_payment_module.php] Array
(
    [AccessID] => 90e087e93051989b854f12209535752b
    [AccessPass] => 44349543d4b5535a64693bbb2bd7f85a
    [OrderID] => 953940-21113232
    [Method] => 1
    [Token] => c8a2b8d635d4bbeec19bd27375135628b714b4a3ff72e6c6eefe394ca854a34f
    [ClientField1] => 
    [ClientField2] => 
    [ClientField3] => EC-CUBE4.3.35
)
 from 199.48.94.125
2023/09/21 11:32:33 [/shop/shopping/load_payment_module.php] ACS=0&OrderID=953940-21113232&Forward=2S49631&Method=1&PayTimes=&Approve=0020535&TranID=2309211132602257210134162142&TranDate=20230921113233&CheckString=823007f4c264c0500c1df22bc60892d3 from 199.48.94.125
2023/09/21 11:32:33 [/shop/shopping/load_payment_module.php] Array
(
    [0] => Array
        (
            [ACS] => 0
            [OrderID] => 953940-21113232
            [Forward] => 2S49631
            [Method] => 1
            [PayTimes] => 
            [Approve] => 0020535
            [TranID] => 2309211132602257210134162142
            [TranDate] => 20230921113233
            [CheckString] => 823007f4c264c0500c1df22bc60892d3
        )

)
 from 199.48.94.125
2023/09/21 11:32:33 [/shop/shopping/load_payment_module.php] load_payment_module.php set payment data:Array
(
    [ACS] => 0
    [Forward] => 2S49631
    [Method] => 1
    [PayTimes] => 
    [Approve] => 0020535
    [TranID] => 2309211132602257210134162142
    [TranDate] => 20230921113233
    [CheckString] => 823007f4c264c0500c1df22bc60892d3
    [Amount] => 81450
    [JobCd] => CAPTURE
    [action_status] => 3
    [pay_status] => 13
)
 from 199.48.94.125
2023/09/21 11:32:33 [/shop/user_data/pg_mulpay_recv.php] ******* receiveer data start ******* from 210.175.7.20
2023/09/21 11:32:33 [/shop/user_data/pg_mulpay_recv.php] Array
(
    [ShopID] => 9000034600950
    [ShopPass] => **********
    [AccessID] => 90e087e93051989b854f12209535752b
    [AccessPass] => ********************************
    [OrderID] => 953940-21113232
    [Status] => CAPTURE
    [JobCd] => CAPTURE
    [Amount] => 81450
    [Tax] => 0
    [Currency] => JPN
    [Forward] => 2S49631
    [Method] => 1
    [PayTimes] => 
    [TranID] => 2309211132602257210134162142
    [Approve] => 0020535
    [TranDate] => 20230921113233
    [ErrCode] => 
    [ErrInfo] => 
    [PayType] => 0
)
 from 210.175.7.20
2023/09/21 11:32:33 [/shop/user_data/pg_mulpay_recv.php] ******* receiveer data end ******* from 210.175.7.20
2023/09/21 11:32:38 [/shop/user_data/pg_mulpay_recv.php] update order status:1 order_id=953940 from 210.175.7.20
2023/09/21 11:32:38 [/shop/user_data/pg_mulpay_recv.php] pg_mulpay_recv.php set payment data:Array
(
    [ShopID] => 9000034600950
    [AccessID] => 90e087e93051989b854f12209535752b
    [OrderID] => 953940-21113232
    [Status] => CAPTURE
    [JobCd] => CAPTURE
    [Amount] => 81450
    [Tax] => 0
    [Currency] => JPN
    [Forward] => 2S49631
    [Method] => 1
    [PayTimes] => 
    [TranID] => 2309211132602257210134162142
    [Approve] => 0020535
    [TranDate] => 20230921113233
    [ErrCode] => 
    [ErrInfo] => 
    [PayType] => 0
    [CvsCode] => 
    [CvsConfNo] => 
    [CvsReceiptNo] => 
    [EdyReceiptNo] => 
    [EdyOrderNo] => 
    [SuicaReceiptNo] => 
    [SuicaOrderNo] => 
    [CustID] => 
    [BkCode] => 
    [ConfNo] => 
    [PaymentTerm] => 
    [EncryptReceiptNo] => 
    [FinishDate] => 
    [ReceiptDate] => 
    [WebMoneyManagementNo] => 
    [WebMoneySettleCode] => 
    [AuPayInfoNo] => 
    [AuPayMethod] => 
    [AuCancelAmount] => 
    [AuCancelTax] => 
    [DocomoSettlementCode] => 
    [DocomoCancelAmount] => 
    [DocomoCancelTax] => 
    [pay_status] => 13
)
 from 210.175.7.20
2023/09/21 11:32:38 [/shop/user_data/pg_mulpay_recv.php] response:true from 210.175.7.20
2023/09/21 12:45:17 [/shop/shopping/load_payment_module.php] SendRequest:https://p01.mul-pay.jp/payment/EntryTran.idPass from 119.234.8.195
2023/09/21 12:45:17 [/shop/shopping/load_payment_module.php] Array
(
    [ShopID] => 9000034600950
    [ShopPass] => ******
    [OrderID] => 953941-21124517
    [JobCd] => CAPTURE
    [Amount] => 10500
    [TdFlag] => 0
    [TdTenantName] => 
)
 from 119.234.8.195
2023/09/21 12:45:17 [/shop/shopping/load_payment_module.php] AccessID=e1df2cf182bf3ce7f23c850e5bfd59b2&AccessPass=1db18ac0dabfd2139abab37028b2ebb1 from 119.234.8.195
2023/09/21 12:45:17 [/shop/shopping/load_payment_module.php] Array
(
    [0] => Array
        (
            [AccessID] => e1df2cf182bf3ce7f23c850e5bfd59b2
            [AccessPass] => 1db18ac0dabfd2139abab37028b2ebb1
        )

)
 from 119.234.8.195
2023/09/21 12:45:17 [/shop/shopping/load_payment_module.php] load_payment_module.php set payment data:Array
(
    [AccessID] => e1df2cf182bf3ce7f23c850e5bfd59b2
    [AccessPass] => 1db18ac0dabfd2139abab37028b2ebb1
    [OrderID] => 953941-21124517
    [Amount] => 10500
    [JobCd] => CAPTURE
    [action_status] => 1
    [pay_status] => 0
)
 from 119.234.8.195
2023/09/21 12:45:17 [/shop/shopping/load_payment_module.php] SendRequest:https://p01.mul-pay.jp/payment/ExecTran.idPass from 119.234.8.195
2023/09/21 12:45:17 [/shop/shopping/load_payment_module.php] Array
(
    [AccessID] => e1df2cf182bf3ce7f23c850e5bfd59b2
    [AccessPass] => 1db18ac0dabfd2139abab37028b2ebb1
    [OrderID] => 953941-21124517
    [Method] => 1
    [Token] => a3ddd5d4185d22050bad423f67fd505bf9dd783b6397827815d896975a007040
    [ClientField1] => 
    [ClientField2] => 
    [ClientField3] => EC-CUBE4.3.35
)
 from 119.234.8.195
2023/09/21 12:45:18 [/shop/shopping/load_payment_module.php] ACS=0&OrderID=953941-21124517&Forward=2959876&Method=1&PayTimes=&Approve=0055549&TranID=2309211245602257210134182131&TranDate=20230921124518&CheckString=8d9d3c84fcf5597e708b46d8e9ff356f from 119.234.8.195
2023/09/21 12:45:18 [/shop/shopping/load_payment_module.php] Array
(
    [0] => Array
        (
            [ACS] => 0
            [OrderID] => 953941-21124517
            [Forward] => 2959876
            [Method] => 1
            [PayTimes] => 
            [Approve] => 0055549
            [TranID] => 2309211245602257210134182131
            [TranDate] => 20230921124518
            [CheckString] => 8d9d3c84fcf5597e708b46d8e9ff356f
        )

)
 from 119.234.8.195
2023/09/21 12:45:18 [/shop/shopping/load_payment_module.php] load_payment_module.php set payment data:Array
(
    [ACS] => 0
    [Forward] => 2959876
    [Method] => 1
    [PayTimes] => 
    [Approve] => 0055549
    [TranID] => 2309211245602257210134182131
    [TranDate] => 20230921124518
    [CheckString] => 8d9d3c84fcf5597e708b46d8e9ff356f
    [Amount] => 10500
    [JobCd] => CAPTURE
    [action_status] => 3
    [pay_status] => 13
)
 from 119.234.8.195
2023/09/21 12:45:18 [/shop/user_data/pg_mulpay_recv.php] ******* receiveer data start ******* from 210.175.7.20
2023/09/21 12:45:18 [/shop/user_data/pg_mulpay_recv.php] Array
(
    [ShopID] => 9000034600950
    [ShopPass] => **********
    [AccessID] => e1df2cf182bf3ce7f23c850e5bfd59b2
    [AccessPass] => ********************************
    [OrderID] => 953941-21124517
    [Status] => CAPTURE
    [JobCd] => CAPTURE
    [Amount] => 10500
    [Tax] => 0
    [Currency] => JPN
    [Forward] => 2959876
    [Method] => 1
    [PayTimes] => 
    [TranID] => 2309211245602257210134182131
    [Approve] => 0055549
    [TranDate] => 20230921124518
    [ErrCode] => 
    [ErrInfo] => 
    [PayType] => 0
)
 from 210.175.7.20
2023/09/21 12:45:18 [/shop/user_data/pg_mulpay_recv.php] ******* receiveer data end ******* from 210.175.7.20
2023/09/21 12:45:23 [/shop/user_data/pg_mulpay_recv.php] update order status:1 order_id=953941 from 210.175.7.20
2023/09/21 12:45:23 [/shop/user_data/pg_mulpay_recv.php] pg_mulpay_recv.php set payment data:Array
(
    [ShopID] => 9000034600950
    [AccessID] => e1df2cf182bf3ce7f23c850e5bfd59b2
    [OrderID] => 953941-21124517
    [Status] => CAPTURE
    [JobCd] => CAPTURE
    [Amount] => 10500
    [Tax] => 0
    [Currency] => JPN
    [Forward] => 2959876
    [Method] => 1
    [PayTimes] => 
    [TranID] => 2309211245602257210134182131
    [Approve] => 0055549
    [TranDate] => 20230921124518
    [ErrCode] => 
    [ErrInfo] => 
    [PayType] => 0
    [CvsCode] => 
    [CvsConfNo] => 
    [CvsReceiptNo] => 
    [EdyReceiptNo] => 
    [EdyOrderNo] => 
    [SuicaReceiptNo] => 
    [SuicaOrderNo] => 
    [CustID] => 
    [BkCode] => 
    [ConfNo] => 
    [PaymentTerm] => 
    [EncryptReceiptNo] => 
    [FinishDate] => 
    [ReceiptDate] => 
    [WebMoneyManagementNo] => 
    [WebMoneySettleCode] => 
    [AuPayInfoNo] => 
    [AuPayMethod] => 
    [AuCancelAmount] => 
    [AuCancelTax] => 
    [DocomoSettlementCode] => 
    [DocomoCancelAmount] => 
    [DocomoCancelTax] => 
    [pay_status] => 13
)
 from 210.175.7.20
2023/09/21 12:45:23 [/shop/user_data/pg_mulpay_recv.php] response:true from 210.175.7.20
2023/09/21 14:08:34 [/shop/shopping/load_payment_module.php] SendRequest:https://p01.mul-pay.jp/payment/SearchMember.idPass from 111.106.90.198
2023/09/21 14:08:34 [/shop/shopping/load_payment_module.php] Array
(
    [SiteID] => mst0000007602
    [SitePass] => ******
    [MemberID] => 12133
)
 from 111.106.90.198
2023/09/21 14:08:34 [/shop/shopping/load_payment_module.php] ErrCode=E01&ErrInfo=E01390002 from 111.106.90.198
2023/09/21 14:08:35 [/shop/shopping/load_payment_module.php] Array
(
    [0] => Array
        (
            [ErrCode] => E01
            [ErrInfo] => E01390002
        )

)
 from 111.106.90.198
2023/09/21 14:08:35 [/shop/shopping/load_payment_module.php] SendRequest:https://p01.mul-pay.jp/payment/SearchCard.idPass from 111.106.90.198
2023/09/21 14:08:35 [/shop/shopping/load_payment_module.php] Array
(
    [SiteID] => mst0000007602
    [SitePass] => ******
    [MemberID] => 12133
)
 from 111.106.90.198
2023/09/21 14:08:35 [/shop/shopping/load_payment_module.php] ErrCode=E01|E01&ErrInfo=E01390002|E01240002 from 111.106.90.198
2023/09/21 14:08:35 [/shop/shopping/load_payment_module.php] Array
(
    [0] => Array
        (
            [ErrCode] => E01
            [ErrInfo] => E01390002
        )

    [1] => Array
        (
            [ErrCode] => E01
            [ErrInfo] => E01240002
        )

)
 from 111.106.90.198
2023/09/21 14:09:39 [/shop/shopping/load_payment_module.php] SendRequest:https://p01.mul-pay.jp/payment/SearchMember.idPass from 111.106.90.198
2023/09/21 14:09:39 [/shop/shopping/load_payment_module.php] Array
(
    [SiteID] => mst0000007602
    [SitePass] => ******
    [MemberID] => 12133
)
 from 111.106.90.198
2023/09/21 14:09:39 [/shop/shopping/load_payment_module.php] ErrCode=E01&ErrInfo=E01390002 from 111.106.90.198
2023/09/21 14:09:39 [/shop/shopping/load_payment_module.php] Array
(
    [0] => Array
        (
            [ErrCode] => E01
            [ErrInfo] => E01390002
        )

)
 from 111.106.90.198
2023/09/21 14:09:39 [/shop/shopping/load_payment_module.php] SendRequest:https://p01.mul-pay.jp/payment/SearchCard.idPass from 111.106.90.198
2023/09/21 14:09:39 [/shop/shopping/load_payment_module.php] Array
(
    [SiteID] => mst0000007602
    [SitePass] => ******
    [MemberID] => 12133
)
 from 111.106.90.198
2023/09/21 14:09:39 [/shop/shopping/load_payment_module.php] ErrCode=E01|E01&ErrInfo=E01390002|E01240002 from 111.106.90.198
2023/09/21 14:09:39 [/shop/shopping/load_payment_module.php] Array
(
    [0] => Array
        (
            [ErrCode] => E01
            [ErrInfo] => E01390002
        )

    [1] => Array
        (
            [ErrCode] => E01
            [ErrInfo] => E01240002
        )

)
 from 111.106.90.198
2023/09/21 14:09:39 [/shop/shopping/load_payment_module.php] SendRequest:https://p01.mul-pay.jp/payment/EntryTran.idPass from 111.106.90.198
2023/09/21 14:09:39 [/shop/shopping/load_payment_module.php] Array
(
    [ShopID] => 9000034600950
    [ShopPass] => ******
    [OrderID] => 953942-21140939
    [JobCd] => CAPTURE
    [Amount] => 15150
    [TdFlag] => 0
    [TdTenantName] => 
)
 from 111.106.90.198
2023/09/21 14:09:39 [/shop/shopping/load_payment_module.php] AccessID=fe2912b0ea1c10e4bae6dd0241a0759c&AccessPass=4ced79717f20ae8efeeccda730a07ee0 from 111.106.90.198
2023/09/21 14:09:39 [/shop/shopping/load_payment_module.php] Array
(
    [0] => Array
        (
            [AccessID] => fe2912b0ea1c10e4bae6dd0241a0759c
            [AccessPass] => 4ced79717f20ae8efeeccda730a07ee0
        )

)
 from 111.106.90.198
2023/09/21 14:09:39 [/shop/shopping/load_payment_module.php] load_payment_module.php set payment data:Array
(
    [AccessID] => fe2912b0ea1c10e4bae6dd0241a0759c
    [AccessPass] => 4ced79717f20ae8efeeccda730a07ee0
    [OrderID] => 953942-21140939
    [Amount] => 15150
    [JobCd] => CAPTURE
    [action_status] => 1
    [pay_status] => 0
)
 from 111.106.90.198
2023/09/21 14:09:39 [/shop/shopping/load_payment_module.php] SendRequest:https://p01.mul-pay.jp/payment/ExecTran.idPass from 111.106.90.198
2023/09/21 14:09:39 [/shop/shopping/load_payment_module.php] Array
(
    [AccessID] => fe2912b0ea1c10e4bae6dd0241a0759c
    [AccessPass] => 4ced79717f20ae8efeeccda730a07ee0
    [OrderID] => 953942-21140939
    [Method] => 1
    [Token] => 26da34fc68b3c046335fa7781e6e2facc312e7b38c20cf6c149cdad2d4179c3c
    [ClientField1] => 
    [ClientField2] => 
    [ClientField3] => EC-CUBE4.3.35
)
 from 111.106.90.198
2023/09/21 14:09:40 [/shop/shopping/load_payment_module.php] ACS=0&OrderID=953942-21140939&Forward=2S49631&Method=1&PayTimes=&Approve=0493336&TranID=2309211409602257210134172079&TranDate=20230921140940&CheckString=1572cad0c7f2d8bf2827ced472e07583 from 111.106.90.198
2023/09/21 14:09:40 [/shop/shopping/load_payment_module.php] Array
(
    [0] => Array
        (
            [ACS] => 0
            [OrderID] => 953942-21140939
            [Forward] => 2S49631
            [Method] => 1
            [PayTimes] => 
            [Approve] => 0493336
            [TranID] => 2309211409602257210134172079
            [TranDate] => 20230921140940
            [CheckString] => 1572cad0c7f2d8bf2827ced472e07583
        )

)
 from 111.106.90.198
2023/09/21 14:09:40 [/shop/shopping/load_payment_module.php] load_payment_module.php set payment data:Array
(
    [ACS] => 0
    [Forward] => 2S49631
    [Method] => 1
    [PayTimes] => 
    [Approve] => 0493336
    [TranID] => 2309211409602257210134172079
    [TranDate] => 20230921140940
    [CheckString] => 1572cad0c7f2d8bf2827ced472e07583
    [Amount] => 15150
    [JobCd] => CAPTURE
    [action_status] => 3
    [pay_status] => 13
)
 from 111.106.90.198
2023/09/21 14:09:40 [/shop/user_data/pg_mulpay_recv.php] ******* receiveer data start ******* from 210.175.7.20
2023/09/21 14:09:40 [/shop/user_data/pg_mulpay_recv.php] Array
(
    [ShopID] => 9000034600950
    [ShopPass] => **********
    [AccessID] => fe2912b0ea1c10e4bae6dd0241a0759c
    [AccessPass] => ********************************
    [OrderID] => 953942-21140939
    [Status] => CAPTURE
    [JobCd] => CAPTURE
    [Amount] => 15150
    [Tax] => 0
    [Currency] => JPN
    [Forward] => 2S49631
    [Method] => 1
    [PayTimes] => 
    [TranID] => 2309211409602257210134172079
    [Approve] => 0493336
    [TranDate] => 20230921140940
    [ErrCode] => 
    [ErrInfo] => 
    [PayType] => 0
)
 from 210.175.7.20
2023/09/21 14:09:40 [/shop/user_data/pg_mulpay_recv.php] ******* receiveer data end ******* from 210.175.7.20
2023/09/21 14:09:45 [/shop/user_data/pg_mulpay_recv.php] update order status:1 order_id=953942 from 210.175.7.20
2023/09/21 14:09:45 [/shop/user_data/pg_mulpay_recv.php] pg_mulpay_recv.php set payment data:Array
(
    [ShopID] => 9000034600950
    [AccessID] => fe2912b0ea1c10e4bae6dd0241a0759c
    [OrderID] => 953942-21140939
    [Status] => CAPTURE
    [JobCd] => CAPTURE
    [Amount] => 15150
    [Tax] => 0
    [Currency] => JPN
    [Forward] => 2S49631
    [Method] => 1
    [PayTimes] => 
    [TranID] => 2309211409602257210134172079
    [Approve] => 0493336
    [TranDate] => 20230921140940
    [ErrCode] => 
    [ErrInfo] => 
    [PayType] => 0
    [CvsCode] => 
    [CvsConfNo] => 
    [CvsReceiptNo] => 
    [EdyReceiptNo] => 
    [EdyOrderNo] => 
    [SuicaReceiptNo] => 
    [SuicaOrderNo] => 
    [CustID] => 
    [BkCode] => 
    [ConfNo] => 
    [PaymentTerm] => 
    [EncryptReceiptNo] => 
    [FinishDate] => 
    [ReceiptDate] => 
    [WebMoneyManagementNo] => 
    [WebMoneySettleCode] => 
    [AuPayInfoNo] => 
    [AuPayMethod] => 
    [AuCancelAmount] => 
    [AuCancelTax] => 
    [DocomoSettlementCode] => 
    [DocomoCancelAmount] => 
    [DocomoCancelTax] => 
    [pay_status] => 13
)
 from 210.175.7.20
2023/09/21 14:09:45 [/shop/user_data/pg_mulpay_recv.php] response:true from 210.175.7.20
2023/09/21 14:40:54 [/shop/shopping/load_payment_module.php] SendRequest:https://p01.mul-pay.jp/payment/EntryTran.idPass from 72.220.240.32
2023/09/21 14:40:54 [/shop/shopping/load_payment_module.php] Array
(
    [ShopID] => 9000034600950
    [ShopPass] => ******
    [OrderID] => 953943-21144054
    [JobCd] => CAPTURE
    [Amount] => 6330
    [TdFlag] => 0
    [TdTenantName] => 
)
 from 72.220.240.32
2023/09/21 14:40:54 [/shop/shopping/load_payment_module.php] AccessID=404daafb03d8263da243993aac4f73c0&AccessPass=c0a069f9146f09d069c7464236eeb2a8 from 72.220.240.32
2023/09/21 14:40:54 [/shop/shopping/load_payment_module.php] Array
(
    [0] => Array
        (
            [AccessID] => 404daafb03d8263da243993aac4f73c0
            [AccessPass] => c0a069f9146f09d069c7464236eeb2a8
        )

)
 from 72.220.240.32
2023/09/21 14:40:54 [/shop/shopping/load_payment_module.php] load_payment_module.php set payment data:Array
(
    [AccessID] => 404daafb03d8263da243993aac4f73c0
    [AccessPass] => c0a069f9146f09d069c7464236eeb2a8
    [OrderID] => 953943-21144054
    [Amount] => 6330
    [JobCd] => CAPTURE
    [action_status] => 1
    [pay_status] => 0
)
 from 72.220.240.32
2023/09/21 14:40:54 [/shop/shopping/load_payment_module.php] SendRequest:https://p01.mul-pay.jp/payment/ExecTran.idPass from 72.220.240.32
2023/09/21 14:40:54 [/shop/shopping/load_payment_module.php] Array
(
    [AccessID] => 404daafb03d8263da243993aac4f73c0
    [AccessPass] => c0a069f9146f09d069c7464236eeb2a8
    [OrderID] => 953943-21144054
    [Method] => 1
    [Token] => 804459c6a1ceb9798e3fee75ad4731f11492470f8b0a53ad869e1cc82cba1a36
    [ClientField1] => 
    [ClientField2] => 
    [ClientField3] => EC-CUBE4.3.35
)
 from 72.220.240.32
2023/09/21 14:40:55 [/shop/shopping/load_payment_module.php] ACS=0&OrderID=953943-21144054&Forward=2959876&Method=1&PayTimes=&Approve=0024055&TranID=2309211440602257210134182132&TranDate=20230921144055&CheckString=747cac7153f088c3f43eefcb409a9657 from 72.220.240.32
2023/09/21 14:40:55 [/shop/shopping/load_payment_module.php] Array
(
    [0] => Array
        (
            [ACS] => 0
            [OrderID] => 953943-21144054
            [Forward] => 2959876
            [Method] => 1
            [PayTimes] => 
            [Approve] => 0024055
            [TranID] => 2309211440602257210134182132
            [TranDate] => 20230921144055
            [CheckString] => 747cac7153f088c3f43eefcb409a9657
        )

)
 from 72.220.240.32
2023/09/21 14:40:55 [/shop/shopping/load_payment_module.php] load_payment_module.php set payment data:Array
(
    [ACS] => 0
    [Forward] => 2959876
    [Method] => 1
    [PayTimes] => 
    [Approve] => 0024055
    [TranID] => 2309211440602257210134182132
    [TranDate] => 20230921144055
    [CheckString] => 747cac7153f088c3f43eefcb409a9657
    [Amount] => 6330
    [JobCd] => CAPTURE
    [action_status] => 3
    [pay_status] => 13
)
 from 72.220.240.32
2023/09/21 14:40:55 [/shop/user_data/pg_mulpay_recv.php] ******* receiveer data start ******* from 210.175.7.20
2023/09/21 14:40:55 [/shop/user_data/pg_mulpay_recv.php] Array
(
    [ShopID] => 9000034600950
    [ShopPass] => **********
    [AccessID] => 404daafb03d8263da243993aac4f73c0
    [AccessPass] => ********************************
    [OrderID] => 953943-21144054
    [Status] => CAPTURE
    [JobCd] => CAPTURE
    [Amount] => 6330
    [Tax] => 0
    [Currency] => JPN
    [Forward] => 2959876
    [Method] => 1
    [PayTimes] => 
    [TranID] => 2309211440602257210134182132
    [Approve] => 0024055
    [TranDate] => 20230921144055
    [ErrCode] => 
    [ErrInfo] => 
    [PayType] => 0
)
 from 210.175.7.20
2023/09/21 14:40:55 [/shop/user_data/pg_mulpay_recv.php] ******* receiveer data end ******* from 210.175.7.20
2023/09/21 14:41:00 [/shop/user_data/pg_mulpay_recv.php] update order status:1 order_id=953943 from 210.175.7.20
2023/09/21 14:41:00 [/shop/user_data/pg_mulpay_recv.php] pg_mulpay_recv.php set payment data:Array
(
    [ShopID] => 9000034600950
    [AccessID] => 404daafb03d8263da243993aac4f73c0
    [OrderID] => 953943-21144054
    [Status] => CAPTURE
    [JobCd] => CAPTURE
    [Amount] => 6330
    [Tax] => 0
    [Currency] => JPN
    [Forward] => 2959876
    [Method] => 1
    [PayTimes] => 
    [TranID] => 2309211440602257210134182132
    [Approve] => 0024055
    [TranDate] => 20230921144055
    [ErrCode] => 
    [ErrInfo] => 
    [PayType] => 0
    [CvsCode] => 
    [CvsConfNo] => 
    [CvsReceiptNo] => 
    [EdyReceiptNo] => 
    [EdyOrderNo] => 
    [SuicaReceiptNo] => 
    [SuicaOrderNo] => 
    [CustID] => 
    [BkCode] => 
    [ConfNo] => 
    [PaymentTerm] => 
    [EncryptReceiptNo] => 
    [FinishDate] => 
    [ReceiptDate] => 
    [WebMoneyManagementNo] => 
    [WebMoneySettleCode] => 
    [AuPayInfoNo] => 
    [AuPayMethod] => 
    [AuCancelAmount] => 
    [AuCancelTax] => 
    [DocomoSettlementCode] => 
    [DocomoCancelAmount] => 
    [DocomoCancelTax] => 
    [pay_status] => 13
)
 from 210.175.7.20
2023/09/21 14:41:00 [/shop/user_data/pg_mulpay_recv.php] response:true from 210.175.7.20
2023/09/21 16:33:26 [/shop/master/order/edit.php] edit.php set payment data:Array
(
    [no_update_status_flg] => 1
)
 from 114.160.216.147
2023/09/21 16:33:26 [/shop/master/order/edit.php] SendRequest:https://p01.mul-pay.jp/payment/ChangeTran.idPass from 114.160.216.147
2023/09/21 16:33:26 [/shop/master/order/edit.php] Array
(
    [ShopID] => 9000034600950
    [ShopPass] => ******
    [AccessID] => 98be63e3c8917fce4229ec7a9d7976cc
    [AccessPass] => e47318cca361a215bd517758df5fd2ed
    [JobCd] => CAPTURE
    [Amount] => 7500
)
 from 114.160.216.147
2023/09/21 16:33:28 [/shop/master/order/edit.php] AccessID=98be63e3c8917fce4229ec7a9d7976cc&AccessPass=e47318cca361a215bd517758df5fd2ed&Forward=2S49631&Approve=0060751&TranID=2309211633602257210134162143&TranDate=20230921163328 from 114.160.216.147
2023/09/21 16:33:28 [/shop/master/order/edit.php] Array
(
    [0] => Array
        (
            [AccessID] => 98be63e3c8917fce4229ec7a9d7976cc
            [AccessPass] => e47318cca361a215bd517758df5fd2ed
            [Forward] => 2S49631
            [Approve] => 0060751
            [TranID] => 2309211633602257210134162143
            [TranDate] => 20230921163328
        )

)
 from 114.160.216.147
2023/09/21 16:33:28 [/shop/master/order/edit.php] edit.php set payment data:Array
(
    [AccessID] => 98be63e3c8917fce4229ec7a9d7976cc
    [AccessPass] => e47318cca361a215bd517758df5fd2ed
    [Forward] => 2S49631
    [Approve] => 0060751
    [TranID] => 2309211633602257210134162143
    [TranDate] => 20230921163328
    [action_status] => 6
    [pay_status] => 13
    [JobCd] => CAPTURE
    [Amount] => 7500
)
 from 114.160.216.147
2023/09/21 16:33:28 [/shop/user_data/pg_mulpay_recv.php] ******* receiveer data start ******* from 210.175.7.20
2023/09/21 16:33:28 [/shop/user_data/pg_mulpay_recv.php] Array
(
    [ShopID] => 9000034600950
    [ShopPass] => **********
    [AccessID] => 98be63e3c8917fce4229ec7a9d7976cc
    [AccessPass] => ********************************
    [OrderID] => 953756-10121849
    [Status] => RETURN
    [JobCd] => RETURN
    [Amount] => 8050
    [Tax] => 0
    [Currency] => JPN
    [Forward] => 2S49631
    [Method] => 1
    [PayTimes] => 
    [TranID] => 2309211633602257210134152138
    [Approve] => 0014894
    [TranDate] => 20230921163328
    [ErrCode] => 
    [ErrInfo] => 
    [PayType] => 0
)
 from 210.175.7.20
2023/09/21 16:33:28 [/shop/user_data/pg_mulpay_recv.php] ******* receiveer data end ******* from 210.175.7.20
2023/09/21 16:33:28 [/shop/user_data/pg_mulpay_recv.php] pg_mulpay_recv.php set payment data:Array
(
    [ShopID] => 9000034600950
    [AccessID] => 98be63e3c8917fce4229ec7a9d7976cc
    [OrderID] => 953756-10121849
    [Status] => RETURN
    [JobCd] => RETURN
    [Amount] => 8050
    [Tax] => 0
    [Currency] => JPN
    [Forward] => 2S49631
    [Method] => 1
    [PayTimes] => 
    [TranID] => 2309211633602257210134152138
    [Approve] => 0014894
    [TranDate] => 20230921163328
    [ErrCode] => 
    [ErrInfo] => 
    [PayType] => 0
    [CvsCode] => 
    [CvsConfNo] => 
    [CvsReceiptNo] => 
    [EdyReceiptNo] => 
    [EdyOrderNo] => 
    [SuicaReceiptNo] => 
    [SuicaOrderNo] => 
    [CustID] => 
    [BkCode] => 
    [ConfNo] => 
    [PaymentTerm] => 
    [EncryptReceiptNo] => 
    [FinishDate] => 
    [ReceiptDate] => 
    [WebMoneyManagementNo] => 
    [WebMoneySettleCode] => 
    [AuPayInfoNo] => 
    [AuPayMethod] => 
    [AuCancelAmount] => 
    [AuCancelTax] => 
    [DocomoSettlementCode] => 
    [DocomoCancelAmount] => 
    [DocomoCancelTax] => 
    [pay_status] => 15
)
 from 210.175.7.20
2023/09/21 16:33:28 [/shop/user_data/pg_mulpay_recv.php] response:true from 210.175.7.20
2023/09/21 16:33:28 [/shop/user_data/pg_mulpay_recv.php] ******* receiveer data start ******* from 210.175.7.20
2023/09/21 16:33:28 [/shop/user_data/pg_mulpay_recv.php] Array
(
    [ShopID] => 9000034600950
    [ShopPass] => **********
    [AccessID] => 98be63e3c8917fce4229ec7a9d7976cc
    [AccessPass] => ********************************
    [OrderID] => 953756-10121849
    [Status] => CAPTURE
    [JobCd] => CAPTURE
    [Amount] => 7500
    [Tax] => 0
    [Currency] => JPN
    [Forward] => 2S49631
    [Method] => 1
    [PayTimes] => 
    [TranID] => 2309211633602257210134162143
    [Approve] => 0060751
    [TranDate] => 20230921163328
    [ErrCode] => 
    [ErrInfo] => 
    [PayType] => 0
)
 from 210.175.7.20
2023/09/21 16:33:28 [/shop/user_data/pg_mulpay_recv.php] ******* receiveer data end ******* from 210.175.7.20
2023/09/21 16:33:33 [/shop/user_data/pg_mulpay_recv.php] no update order status order_id=953756 from 210.175.7.20
2023/09/21 16:33:33 [/shop/user_data/pg_mulpay_recv.php] pg_mulpay_recv.php set payment data:Array
(
    [ShopID] => 9000034600950
    [AccessID] => 98be63e3c8917fce4229ec7a9d7976cc
    [OrderID] => 953756-10121849
    [Status] => CAPTURE
    [JobCd] => CAPTURE
    [Amount] => 7500
    [Tax] => 0
    [Currency] => JPN
    [Forward] => 2S49631
    [Method] => 1
    [PayTimes] => 
    [TranID] => 2309211633602257210134162143
    [Approve] => 0060751
    [TranDate] => 20230921163328
    [ErrCode] => 
    [ErrInfo] => 
    [PayType] => 0
    [CvsCode] => 
    [CvsConfNo] => 
    [CvsReceiptNo] => 
    [EdyReceiptNo] => 
    [EdyOrderNo] => 
    [SuicaReceiptNo] => 
    [SuicaOrderNo] => 
    [CustID] => 
    [BkCode] => 
    [ConfNo] => 
    [PaymentTerm] => 
    [EncryptReceiptNo] => 
    [FinishDate] => 
    [ReceiptDate] => 
    [WebMoneyManagementNo] => 
    [WebMoneySettleCode] => 
    [AuPayInfoNo] => 
    [AuPayMethod] => 
    [AuCancelAmount] => 
    [AuCancelTax] => 
    [DocomoSettlementCode] => 
    [DocomoCancelAmount] => 
    [DocomoCancelTax] => 
    [pay_status] => 13
    [no_update_status_flg] => 0
)
 from 210.175.7.20
2023/09/21 16:33:33 [/shop/user_data/pg_mulpay_recv.php] response:true from 210.175.7.20
2023/09/21 16:33:34 [/shop/master/order/edit.php] SendRequest:https://p01.mul-pay.jp/payment/SearchTrade.idPass from 114.160.216.147
2023/09/21 16:33:34 [/shop/master/order/edit.php] Array
(
    [ShopID] => 9000034600950
    [ShopPass] => ******
    [OrderID] => 953756-10121849
)
 from 114.160.216.147
2023/09/21 16:33:34 [/shop/master/order/edit.php] OrderID=953756-10121849&Status=CAPTURE&ProcessDate=20230921163328&JobCd=CAPTURE&AccessID=98be63e3c8917fce4229ec7a9d7976cc&AccessPass=e47318cca361a215bd517758df5fd2ed&ItemCode=0000990&Amount=7500&Tax=0&SiteID=&MemberID=&CardNo=************9566&Expire=2704&Method=1&PayTimes=&Forward=2S49631&TranID=2309211633602257210134162143&Approve=0060751&ClientField1=&ClientField2=&ClientField3=EC-CUBE4.3.35 from 114.160.216.147
2023/09/21 16:33:34 [/shop/master/order/edit.php] Array
(
    [0] => Array
        (
            [OrderID] => 953756-10121849
            [Status] => CAPTURE
            [ProcessDate] => 20230921163328
            [JobCd] => CAPTURE
            [AccessID] => 98be63e3c8917fce4229ec7a9d7976cc
            [AccessPass] => e47318cca361a215bd517758df5fd2ed
            [ItemCode] => 0000990
            [Amount] => 7500
            [Tax] => 0
            [SiteID] => 
            [MemberID] => 
            [CardNo] => ************9566
            [Expire] => 2704
            [Method] => 1
            [PayTimes] => 
            [Forward] => 2S49631
            [TranID] => 2309211633602257210134162143
            [Approve] => 0060751
            [ClientField1] => 
            [ClientField2] => 
            [ClientField3] => EC-CUBE4.3.35
        )

)
 from 114.160.216.147
2023/09/21 16:33:34 [/shop/master/order/edit.php] edit.php set payment data:Array
(
    [OrderID] => 953756-10121849
    [Status] => CAPTURE
    [ProcessDate] => 20230921163328
    [JobCd] => CAPTURE
    [AccessID] => 98be63e3c8917fce4229ec7a9d7976cc
    [AccessPass] => e47318cca361a215bd517758df5fd2ed
    [ItemCode] => 0000990
    [Amount] => 7500
    [Tax] => 0
    [SiteID] => 
    [MemberID] => 
    [CardNo] => ************9566
    [Expire] => 2704
    [Method] => 1
    [PayTimes] => 
    [Forward] => 2S49631
    [TranID] => 2309211633602257210134162143
    [Approve] => 0060751
    [ClientField1] => 
    [ClientField2] => 
    [ClientField3] => EC-CUBE4.3.35
    [action_status] => 6
    [pay_status] => 13
)
 from 114.160.216.147
2023/09/21 16:55:35 [/shop/shopping/load_payment_module.php] SendRequest:https://p01.mul-pay.jp/payment/EntryTran.idPass from 24.24.134.104
2023/09/21 16:55:35 [/shop/shopping/load_payment_module.php] Array
(
    [ShopID] => 9000034600950
    [ShopPass] => ******
    [OrderID] => 953944-21165535
    [JobCd] => CAPTURE
    [Amount] => 5550
    [TdFlag] => 0
    [TdTenantName] => 
)
 from 24.24.134.104
2023/09/21 16:55:35 [/shop/shopping/load_payment_module.php] AccessID=1e1f7e89b50f6e64a820d540c5026c47&AccessPass=bad41311813157e00e1608b44c0bed86 from 24.24.134.104
2023/09/21 16:55:35 [/shop/shopping/load_payment_module.php] Array
(
    [0] => Array
        (
            [AccessID] => 1e1f7e89b50f6e64a820d540c5026c47
            [AccessPass] => bad41311813157e00e1608b44c0bed86
        )

)
 from 24.24.134.104
2023/09/21 16:55:35 [/shop/shopping/load_payment_module.php] load_payment_module.php set payment data:Array
(
    [AccessID] => 1e1f7e89b50f6e64a820d540c5026c47
    [AccessPass] => bad41311813157e00e1608b44c0bed86
    [OrderID] => 953944-21165535
    [Amount] => 5550
    [JobCd] => CAPTURE
    [action_status] => 1
    [pay_status] => 0
)
 from 24.24.134.104
2023/09/21 16:55:35 [/shop/shopping/load_payment_module.php] SendRequest:https://p01.mul-pay.jp/payment/ExecTran.idPass from 24.24.134.104
2023/09/21 16:55:35 [/shop/shopping/load_payment_module.php] Array
(
    [AccessID] => 1e1f7e89b50f6e64a820d540c5026c47
    [AccessPass] => bad41311813157e00e1608b44c0bed86
    [OrderID] => 953944-21165535
    [Method] => 1
    [Token] => 93f5392e04c4ce0e4df149fc75877a3e753adaf9ed7f6ac0ae714edcd9a4d00f
    [ClientField1] => 
    [ClientField2] => 
    [ClientField3] => EC-CUBE4.3.35
)
 from 24.24.134.104
2023/09/21 16:55:36 [/shop/shopping/load_payment_module.php] ACS=0&OrderID=953944-21165535&Forward=2S49631&Method=1&PayTimes=&Approve=0060773&TranID=2309211655602257210134172080&TranDate=20230921165536&CheckString=d6132d3ae9331c0ff8f24818b47a7c5f from 24.24.134.104
2023/09/21 16:55:36 [/shop/shopping/load_payment_module.php] Array
(
    [0] => Array
        (
            [ACS] => 0
            [OrderID] => 953944-21165535
            [Forward] => 2S49631
            [Method] => 1
            [PayTimes] => 
            [Approve] => 0060773
            [TranID] => 2309211655602257210134172080
            [TranDate] => 20230921165536
            [CheckString] => d6132d3ae9331c0ff8f24818b47a7c5f
        )

)
 from 24.24.134.104
2023/09/21 16:55:36 [/shop/shopping/load_payment_module.php] load_payment_module.php set payment data:Array
(
    [ACS] => 0
    [Forward] => 2S49631
    [Method] => 1
    [PayTimes] => 
    [Approve] => 0060773
    [TranID] => 2309211655602257210134172080
    [TranDate] => 20230921165536
    [CheckString] => d6132d3ae9331c0ff8f24818b47a7c5f
    [Amount] => 5550
    [JobCd] => CAPTURE
    [action_status] => 3
    [pay_status] => 13
)
 from 24.24.134.104
2023/09/21 16:55:36 [/shop/user_data/pg_mulpay_recv.php] ******* receiveer data start ******* from 210.175.7.20
2023/09/21 16:55:36 [/shop/user_data/pg_mulpay_recv.php] Array
(
    [ShopID] => 9000034600950
    [ShopPass] => **********
    [AccessID] => 1e1f7e89b50f6e64a820d540c5026c47
    [AccessPass] => ********************************
    [OrderID] => 953944-21165535
    [Status] => CAPTURE
    [JobCd] => CAPTURE
    [Amount] => 5550
    [Tax] => 0
    [Currency] => JPN
    [Forward] => 2S49631
    [Method] => 1
    [PayTimes] => 
    [TranID] => 2309211655602257210134172080
    [Approve] => 0060773
    [TranDate] => 20230921165536
    [ErrCode] => 
    [ErrInfo] => 
    [PayType] => 0
)
 from 210.175.7.20
2023/09/21 16:55:36 [/shop/user_data/pg_mulpay_recv.php] ******* receiveer data end ******* from 210.175.7.20
2023/09/21 16:55:41 [/shop/user_data/pg_mulpay_recv.php] update order status:1 order_id=953944 from 210.175.7.20
2023/09/21 16:55:41 [/shop/user_data/pg_mulpay_recv.php] pg_mulpay_recv.php set payment data:Array
(
    [ShopID] => 9000034600950
    [AccessID] => 1e1f7e89b50f6e64a820d540c5026c47
    [OrderID] => 953944-21165535
    [Status] => CAPTURE
    [JobCd] => CAPTURE
    [Amount] => 5550
    [Tax] => 0
    [Currency] => JPN
    [Forward] => 2S49631
    [Method] => 1
    [PayTimes] => 
    [TranID] => 2309211655602257210134172080
    [Approve] => 0060773
    [TranDate] => 20230921165536
    [ErrCode] => 
    [ErrInfo] => 
    [PayType] => 0
    [CvsCode] => 
    [CvsConfNo] => 
    [CvsReceiptNo] => 
    [EdyReceiptNo] => 
    [EdyOrderNo] => 
    [SuicaReceiptNo] => 
    [SuicaOrderNo] => 
    [CustID] => 
    [BkCode] => 
    [ConfNo] => 
    [PaymentTerm] => 
    [EncryptReceiptNo] => 
    [FinishDate] => 
    [ReceiptDate] => 
    [WebMoneyManagementNo] => 
    [WebMoneySettleCode] => 
    [AuPayInfoNo] => 
    [AuPayMethod] => 
    [AuCancelAmount] => 
    [AuCancelTax] => 
    [DocomoSettlementCode] => 
    [DocomoCancelAmount] => 
    [DocomoCancelTax] => 
    [pay_status] => 13
)
 from 210.175.7.20
2023/09/21 16:55:41 [/shop/user_data/pg_mulpay_recv.php] response:true from 210.175.7.20
2023/09/21 17:03:02 [/shop/shopping/load_payment_module.php] SendRequest:https://p01.mul-pay.jp/payment/EntryTran.idPass from 150.241.2.67
2023/09/21 17:03:02 [/shop/shopping/load_payment_module.php] Array
(
    [ShopID] => 9000034600950
    [ShopPass] => ******
    [OrderID] => 953945-21170302
    [JobCd] => CAPTURE
    [Amount] => 9000
    [TdFlag] => 0
    [TdTenantName] => 
)
 from 150.241.2.67
2023/09/21 17:03:02 [/shop/shopping/load_payment_module.php] AccessID=047d3ebab953e635f57a26a4ff87b8f4&AccessPass=cb69433c47b451e0e3fa41eec7c3a494 from 150.241.2.67
2023/09/21 17:03:02 [/shop/shopping/load_payment_module.php] Array
(
    [0] => Array
        (
            [AccessID] => 047d3ebab953e635f57a26a4ff87b8f4
            [AccessPass] => cb69433c47b451e0e3fa41eec7c3a494
        )

)
 from 150.241.2.67
2023/09/21 17:03:02 [/shop/shopping/load_payment_module.php] load_payment_module.php set payment data:Array
(
    [AccessID] => 047d3ebab953e635f57a26a4ff87b8f4
    [AccessPass] => cb69433c47b451e0e3fa41eec7c3a494
    [OrderID] => 953945-21170302
    [Amount] => 9000
    [JobCd] => CAPTURE
    [action_status] => 1
    [pay_status] => 0
)
 from 150.241.2.67
2023/09/21 17:03:02 [/shop/shopping/load_payment_module.php] SendRequest:https://p01.mul-pay.jp/payment/ExecTran.idPass from 150.241.2.67
2023/09/21 17:03:02 [/shop/shopping/load_payment_module.php] Array
(
    [AccessID] => 047d3ebab953e635f57a26a4ff87b8f4
    [AccessPass] => cb69433c47b451e0e3fa41eec7c3a494
    [OrderID] => 953945-21170302
    [Method] => 1
    [Token] => 3ae1ef2fde7ce4e98bca7860ebdb28e9ce396987a9db94fb2728ef719b45435c
    [ClientField1] => 
    [ClientField2] => 
    [ClientField3] => EC-CUBE4.3.35
)
 from 150.241.2.67
2023/09/21 17:03:03 [/shop/shopping/load_payment_module.php] ACS=0&OrderID=953945-21170302&Forward=2959876&Method=1&PayTimes=&Approve=0382751&TranID=2309211703602257210134182133&TranDate=20230921170303&CheckString=8e4ad5b3e4491d964bc7f9652abf93f1 from 150.241.2.67
2023/09/21 17:03:03 [/shop/shopping/load_payment_module.php] Array
(
    [0] => Array
        (
            [ACS] => 0
            [OrderID] => 953945-21170302
            [Forward] => 2959876
            [Method] => 1
            [PayTimes] => 
            [Approve] => 0382751
            [TranID] => 2309211703602257210134182133
            [TranDate] => 20230921170303
            [CheckString] => 8e4ad5b3e4491d964bc7f9652abf93f1
        )

)
 from 150.241.2.67
2023/09/21 17:03:03 [/shop/shopping/load_payment_module.php] load_payment_module.php set payment data:Array
(
    [ACS] => 0
    [Forward] => 2959876
    [Method] => 1
    [PayTimes] => 
    [Approve] => 0382751
    [TranID] => 2309211703602257210134182133
    [TranDate] => 20230921170303
    [CheckString] => 8e4ad5b3e4491d964bc7f9652abf93f1
    [Amount] => 9000
    [JobCd] => CAPTURE
    [action_status] => 3
    [pay_status] => 13
)
 from 150.241.2.67
2023/09/21 17:03:03 [/shop/user_data/pg_mulpay_recv.php] ******* receiveer data start ******* from 210.175.7.20
2023/09/21 17:03:03 [/shop/user_data/pg_mulpay_recv.php] Array
(
    [ShopID] => 9000034600950
    [ShopPass] => **********
    [AccessID] => 047d3ebab953e635f57a26a4ff87b8f4
    [AccessPass] => ********************************
    [OrderID] => 953945-21170302
    [Status] => CAPTURE
    [JobCd] => CAPTURE
    [Amount] => 9000
    [Tax] => 0
    [Currency] => JPN
    [Forward] => 2959876
    [Method] => 1
    [PayTimes] => 
    [TranID] => 2309211703602257210134182133
    [Approve] => 0382751
    [TranDate] => 20230921170303
    [ErrCode] => 
    [ErrInfo] => 
    [PayType] => 0
)
 from 210.175.7.20
2023/09/21 17:03:03 [/shop/user_data/pg_mulpay_recv.php] ******* receiveer data end ******* from 210.175.7.20
2023/09/21 17:03:08 [/shop/user_data/pg_mulpay_recv.php] update order status:1 order_id=953945 from 210.175.7.20
2023/09/21 17:03:08 [/shop/user_data/pg_mulpay_recv.php] pg_mulpay_recv.php set payment data:Array
(
    [ShopID] => 9000034600950
    [AccessID] => 047d3ebab953e635f57a26a4ff87b8f4
    [OrderID] => 953945-21170302
    [Status] => CAPTURE
    [JobCd] => CAPTURE
    [Amount] => 9000
    [Tax] => 0
    [Currency] => JPN
    [Forward] => 2959876
    [Method] => 1
    [PayTimes] => 
    [TranID] => 2309211703602257210134182133
    [Approve] => 0382751
    [TranDate] => 20230921170303
    [ErrCode] => 
    [ErrInfo] => 
    [PayType] => 0
    [CvsCode] => 
    [CvsConfNo] => 
    [CvsReceiptNo] => 
    [EdyReceiptNo] => 
    [EdyOrderNo] => 
    [SuicaReceiptNo] => 
    [SuicaOrderNo] => 
    [CustID] => 
    [BkCode] => 
    [ConfNo] => 
    [PaymentTerm] => 
    [EncryptReceiptNo] => 
    [FinishDate] => 
    [ReceiptDate] => 
    [WebMoneyManagementNo] => 
    [WebMoneySettleCode] => 
    [AuPayInfoNo] => 
    [AuPayMethod] => 
    [AuCancelAmount] => 
    [AuCancelTax] => 
    [DocomoSettlementCode] => 
    [DocomoCancelAmount] => 
    [DocomoCancelTax] => 
    [pay_status] => 13
)
 from 210.175.7.20
2023/09/21 17:03:08 [/shop/user_data/pg_mulpay_recv.php] response:true from 210.175.7.20
2023/09/21 18:01:31 [/shop/shopping/load_payment_module.php] SendRequest:https://p01.mul-pay.jp/payment/SearchMember.idPass from 46.24.96.75
2023/09/21 18:01:31 [/shop/shopping/load_payment_module.php] Array
(
    [SiteID] => mst0000007602
    [SitePass] => ******
    [MemberID] => 9243
)
 from 46.24.96.75
2023/09/21 18:01:31 [/shop/shopping/load_payment_module.php] ErrCode=E01&ErrInfo=E01390002 from 46.24.96.75
2023/09/21 18:01:31 [/shop/shopping/load_payment_module.php] Array
(
    [0] => Array
        (
            [ErrCode] => E01
            [ErrInfo] => E01390002
        )

)
 from 46.24.96.75
2023/09/21 18:01:31 [/shop/shopping/load_payment_module.php] SendRequest:https://p01.mul-pay.jp/payment/SearchCard.idPass from 46.24.96.75
2023/09/21 18:01:31 [/shop/shopping/load_payment_module.php] Array
(
    [SiteID] => mst0000007602
    [SitePass] => ******
    [MemberID] => 9243
)
 from 46.24.96.75
2023/09/21 18:01:31 [/shop/shopping/load_payment_module.php] ErrCode=E01|E01&ErrInfo=E01390002|E01240002 from 46.24.96.75
2023/09/21 18:01:31 [/shop/shopping/load_payment_module.php] Array
(
    [0] => Array
        (
            [ErrCode] => E01
            [ErrInfo] => E01390002
        )

    [1] => Array
        (
            [ErrCode] => E01
            [ErrInfo] => E01240002
        )

)
 from 46.24.96.75
2023/09/21 18:02:44 [/shop/shopping/load_payment_module.php] SendRequest:https://p01.mul-pay.jp/payment/SearchMember.idPass from 46.24.96.75
2023/09/21 18:02:44 [/shop/shopping/load_payment_module.php] Array
(
    [SiteID] => mst0000007602
    [SitePass] => ******
    [MemberID] => 9243
)
 from 46.24.96.75
2023/09/21 18:02:44 [/shop/shopping/load_payment_module.php] ErrCode=E01&ErrInfo=E01390002 from 46.24.96.75
2023/09/21 18:02:44 [/shop/shopping/load_payment_module.php] Array
(
    [0] => Array
        (
            [ErrCode] => E01
            [ErrInfo] => E01390002
        )

)
 from 46.24.96.75
2023/09/21 18:02:44 [/shop/shopping/load_payment_module.php] SendRequest:https://p01.mul-pay.jp/payment/SearchCard.idPass from 46.24.96.75
2023/09/21 18:02:44 [/shop/shopping/load_payment_module.php] Array
(
    [SiteID] => mst0000007602
    [SitePass] => ******
    [MemberID] => 9243
)
 from 46.24.96.75
2023/09/21 18:02:44 [/shop/shopping/load_payment_module.php] ErrCode=E01|E01&ErrInfo=E01390002|E01240002 from 46.24.96.75
2023/09/21 18:02:44 [/shop/shopping/load_payment_module.php] Array
(
    [0] => Array
        (
            [ErrCode] => E01
            [ErrInfo] => E01390002
        )

    [1] => Array
        (
            [ErrCode] => E01
            [ErrInfo] => E01240002
        )

)
 from 46.24.96.75
2023/09/21 18:02:44 [/shop/shopping/load_payment_module.php] SendRequest:https://p01.mul-pay.jp/payment/EntryTran.idPass from 46.24.96.75
2023/09/21 18:02:44 [/shop/shopping/load_payment_module.php] Array
(
    [ShopID] => 9000034600950
    [ShopPass] => ******
    [OrderID] => 953946-21180244
    [JobCd] => CAPTURE
    [Amount] => 9750
    [TdFlag] => 0
    [TdTenantName] => 
)
 from 46.24.96.75
2023/09/21 18:02:44 [/shop/shopping/load_payment_module.php] AccessID=8196c501b9f2205ee1a3d710d783808b&AccessPass=6a15403920cc2f46dfa84df3fe82195d from 46.24.96.75
2023/09/21 18:02:44 [/shop/shopping/load_payment_module.php] Array
(
    [0] => Array
        (
            [AccessID] => 8196c501b9f2205ee1a3d710d783808b
            [AccessPass] => 6a15403920cc2f46dfa84df3fe82195d
        )

)
 from 46.24.96.75
2023/09/21 18:02:44 [/shop/shopping/load_payment_module.php] load_payment_module.php set payment data:Array
(
    [AccessID] => 8196c501b9f2205ee1a3d710d783808b
    [AccessPass] => 6a15403920cc2f46dfa84df3fe82195d
    [OrderID] => 953946-21180244
    [Amount] => 9750
    [JobCd] => CAPTURE
    [action_status] => 1
    [pay_status] => 0
)
 from 46.24.96.75
2023/09/21 18:02:44 [/shop/shopping/load_payment_module.php] SendRequest:https://p01.mul-pay.jp/payment/ExecTran.idPass from 46.24.96.75
2023/09/21 18:02:44 [/shop/shopping/load_payment_module.php] Array
(
    [AccessID] => 8196c501b9f2205ee1a3d710d783808b
    [AccessPass] => 6a15403920cc2f46dfa84df3fe82195d
    [OrderID] => 953946-21180244
    [Method] => 1
    [Token] => 632288e006dfc9fc9bd6fe6ff94d4b718c7127aaa347c4a7b05794a2adada0cd
    [ClientField1] => 
    [ClientField2] => 
    [ClientField3] => EC-CUBE4.3.35
)
 from 46.24.96.75
2023/09/21 18:02:45 [/shop/shopping/load_payment_module.php] ACS=0&OrderID=953946-21180244&Forward=2S49631&Method=1&PayTimes=&Approve=0059623&TranID=2309211802602257210134172081&TranDate=20230921180245&CheckString=829cf079a73fa3f665d10a9f8c7f320a from 46.24.96.75
2023/09/21 18:02:45 [/shop/shopping/load_payment_module.php] Array
(
    [0] => Array
        (
            [ACS] => 0
            [OrderID] => 953946-21180244
            [Forward] => 2S49631
            [Method] => 1
            [PayTimes] => 
            [Approve] => 0059623
            [TranID] => 2309211802602257210134172081
            [TranDate] => 20230921180245
            [CheckString] => 829cf079a73fa3f665d10a9f8c7f320a
        )

)
 from 46.24.96.75
2023/09/21 18:02:45 [/shop/shopping/load_payment_module.php] load_payment_module.php set payment data:Array
(
    [ACS] => 0
    [Forward] => 2S49631
    [Method] => 1
    [PayTimes] => 
    [Approve] => 0059623
    [TranID] => 2309211802602257210134172081
    [TranDate] => 20230921180245
    [CheckString] => 829cf079a73fa3f665d10a9f8c7f320a
    [Amount] => 9750
    [JobCd] => CAPTURE
    [action_status] => 3
    [pay_status] => 13
)
 from 46.24.96.75
2023/09/21 18:02:45 [/shop/user_data/pg_mulpay_recv.php] ******* receiveer data start ******* from 210.175.7.20
2023/09/21 18:02:45 [/shop/user_data/pg_mulpay_recv.php] Array
(
    [ShopID] => 9000034600950
    [ShopPass] => **********
    [AccessID] => 8196c501b9f2205ee1a3d710d783808b
    [AccessPass] => ********************************
    [OrderID] => 953946-21180244
    [Status] => CAPTURE
    [JobCd] => CAPTURE
    [Amount] => 9750
    [Tax] => 0
    [Currency] => JPN
    [Forward] => 2S49631
    [Method] => 1
    [PayTimes] => 
    [TranID] => 2309211802602257210134172081
    [Approve] => 0059623
    [TranDate] => 20230921180245
    [ErrCode] => 
    [ErrInfo] => 
    [PayType] => 0
)
 from 210.175.7.20
2023/09/21 18:02:45 [/shop/user_data/pg_mulpay_recv.php] ******* receiveer data end ******* from 210.175.7.20
2023/09/21 18:02:50 [/shop/user_data/pg_mulpay_recv.php] update order status:1 order_id=953946 from 210.175.7.20
2023/09/21 18:02:50 [/shop/user_data/pg_mulpay_recv.php] pg_mulpay_recv.php set payment data:Array
(
    [ShopID] => 9000034600950
    [AccessID] => 8196c501b9f2205ee1a3d710d783808b
    [OrderID] => 953946-21180244
    [Status] => CAPTURE
    [JobCd] => CAPTURE
    [Amount] => 9750
    [Tax] => 0
    [Currency] => JPN
    [Forward] => 2S49631
    [Method] => 1
    [PayTimes] => 
    [TranID] => 2309211802602257210134172081
    [Approve] => 0059623
    [TranDate] => 20230921180245
    [ErrCode] => 
    [ErrInfo] => 
    [PayType] => 0
    [CvsCode] => 
    [CvsConfNo] => 
    [CvsReceiptNo] => 
    [EdyReceiptNo] => 
    [EdyOrderNo] => 
    [SuicaReceiptNo] => 
    [SuicaOrderNo] => 
    [CustID] => 
    [BkCode] => 
    [ConfNo] => 
    [PaymentTerm] => 
    [EncryptReceiptNo] => 
    [FinishDate] => 
    [ReceiptDate] => 
    [WebMoneyManagementNo] => 
    [WebMoneySettleCode] => 
    [AuPayInfoNo] => 
    [AuPayMethod] => 
    [AuCancelAmount] => 
    [AuCancelTax] => 
    [DocomoSettlementCode] => 
    [DocomoCancelAmount] => 
    [DocomoCancelTax] => 
    [pay_status] => 13
)
 from 210.175.7.20
2023/09/21 18:02:50 [/shop/user_data/pg_mulpay_recv.php] response:true from 210.175.7.20
2023/09/21 18:11:05 [/shop/shopping/load_payment_module.php] SendRequest:https://p01.mul-pay.jp/payment/SearchMember.idPass from 46.24.96.75
2023/09/21 18:11:05 [/shop/shopping/load_payment_module.php] Array
(
    [SiteID] => mst0000007602
    [SitePass] => ******
    [MemberID] => 9243
)
 from 46.24.96.75
2023/09/21 18:11:05 [/shop/shopping/load_payment_module.php] ErrCode=E01&ErrInfo=E01390002 from 46.24.96.75
2023/09/21 18:11:05 [/shop/shopping/load_payment_module.php] Array
(
    [0] => Array
        (
            [ErrCode] => E01
            [ErrInfo] => E01390002
        )

)
 from 46.24.96.75
2023/09/21 18:11:05 [/shop/shopping/load_payment_module.php] SendRequest:https://p01.mul-pay.jp/payment/SearchCard.idPass from 46.24.96.75
2023/09/21 18:11:05 [/shop/shopping/load_payment_module.php] Array
(
    [SiteID] => mst0000007602
    [SitePass] => ******
    [MemberID] => 9243
)
 from 46.24.96.75
2023/09/21 18:11:05 [/shop/shopping/load_payment_module.php] ErrCode=E01|E01&ErrInfo=E01390002|E01240002 from 46.24.96.75
2023/09/21 18:11:05 [/shop/shopping/load_payment_module.php] Array
(
    [0] => Array
        (
            [ErrCode] => E01
            [ErrInfo] => E01390002
        )

    [1] => Array
        (
            [ErrCode] => E01
            [ErrInfo] => E01240002
        )

)
 from 46.24.96.75
2023/09/21 18:12:04 [/shop/shopping/load_payment_module.php] SendRequest:https://p01.mul-pay.jp/payment/SearchMember.idPass from 46.24.96.75
2023/09/21 18:12:04 [/shop/shopping/load_payment_module.php] Array
(
    [SiteID] => mst0000007602
    [SitePass] => ******
    [MemberID] => 9243
)
 from 46.24.96.75
2023/09/21 18:12:04 [/shop/shopping/load_payment_module.php] ErrCode=E01&ErrInfo=E01390002 from 46.24.96.75
2023/09/21 18:12:04 [/shop/shopping/load_payment_module.php] Array
(
    [0] => Array
        (
            [ErrCode] => E01
            [ErrInfo] => E01390002
        )

)
 from 46.24.96.75
2023/09/21 18:12:04 [/shop/shopping/load_payment_module.php] SendRequest:https://p01.mul-pay.jp/payment/SearchCard.idPass from 46.24.96.75
2023/09/21 18:12:04 [/shop/shopping/load_payment_module.php] Array
(
    [SiteID] => mst0000007602
    [SitePass] => ******
    [MemberID] => 9243
)
 from 46.24.96.75
2023/09/21 18:12:04 [/shop/shopping/load_payment_module.php] ErrCode=E01|E01&ErrInfo=E01390002|E01240002 from 46.24.96.75
2023/09/21 18:12:04 [/shop/shopping/load_payment_module.php] Array
(
    [0] => Array
        (
            [ErrCode] => E01
            [ErrInfo] => E01390002
        )

    [1] => Array
        (
            [ErrCode] => E01
            [ErrInfo] => E01240002
        )

)
 from 46.24.96.75
2023/09/21 18:12:04 [/shop/shopping/load_payment_module.php] SendRequest:https://p01.mul-pay.jp/payment/EntryTran.idPass from 46.24.96.75
2023/09/21 18:12:04 [/shop/shopping/load_payment_module.php] Array
(
    [ShopID] => 9000034600950
    [ShopPass] => ******
    [OrderID] => 953947-21181204
    [JobCd] => CAPTURE
    [Amount] => 8130
    [TdFlag] => 0
    [TdTenantName] => 
)
 from 46.24.96.75
2023/09/21 18:12:04 [/shop/shopping/load_payment_module.php] AccessID=55716a3a3d18807ef6dbc9a34e07ad2d&AccessPass=20470b5634819131fe61a86223a97089 from 46.24.96.75
2023/09/21 18:12:04 [/shop/shopping/load_payment_module.php] Array
(
    [0] => Array
        (
            [AccessID] => 55716a3a3d18807ef6dbc9a34e07ad2d
            [AccessPass] => 20470b5634819131fe61a86223a97089
        )

)
 from 46.24.96.75
2023/09/21 18:12:04 [/shop/shopping/load_payment_module.php] load_payment_module.php set payment data:Array
(
    [AccessID] => 55716a3a3d18807ef6dbc9a34e07ad2d
    [AccessPass] => 20470b5634819131fe61a86223a97089
    [OrderID] => 953947-21181204
    [Amount] => 8130
    [JobCd] => CAPTURE
    [action_status] => 1
    [pay_status] => 0
)
 from 46.24.96.75
2023/09/21 18:12:04 [/shop/shopping/load_payment_module.php] SendRequest:https://p01.mul-pay.jp/payment/ExecTran.idPass from 46.24.96.75
2023/09/21 18:12:04 [/shop/shopping/load_payment_module.php] Array
(
    [AccessID] => 55716a3a3d18807ef6dbc9a34e07ad2d
    [AccessPass] => 20470b5634819131fe61a86223a97089
    [OrderID] => 953947-21181204
    [Method] => 1
    [Token] => a5d40aba833e132f224b920bd2d8dfbb1a1034a1d3d06c547e34dbeed0a92243
    [ClientField1] => 
    [ClientField2] => 
    [ClientField3] => EC-CUBE4.3.35
)
 from 46.24.96.75
2023/09/21 18:12:05 [/shop/shopping/load_payment_module.php] ACS=0&OrderID=953947-21181204&Forward=2S49631&Method=1&PayTimes=&Approve=0876427&TranID=2309211812602257210134182134&TranDate=20230921181205&CheckString=87337d796aa5f2126bd3bacc98d0ea33 from 46.24.96.75
2023/09/21 18:12:05 [/shop/shopping/load_payment_module.php] Array
(
    [0] => Array
        (
            [ACS] => 0
            [OrderID] => 953947-21181204
            [Forward] => 2S49631
            [Method] => 1
            [PayTimes] => 
            [Approve] => 0876427
            [TranID] => 2309211812602257210134182134
            [TranDate] => 20230921181205
            [CheckString] => 87337d796aa5f2126bd3bacc98d0ea33
        )

)
 from 46.24.96.75
2023/09/21 18:12:05 [/shop/shopping/load_payment_module.php] load_payment_module.php set payment data:Array
(
    [ACS] => 0
    [Forward] => 2S49631
    [Method] => 1
    [PayTimes] => 
    [Approve] => 0876427
    [TranID] => 2309211812602257210134182134
    [TranDate] => 20230921181205
    [CheckString] => 87337d796aa5f2126bd3bacc98d0ea33
    [Amount] => 8130
    [JobCd] => CAPTURE
    [action_status] => 3
    [pay_status] => 13
)
 from 46.24.96.75
2023/09/21 18:12:05 [/shop/user_data/pg_mulpay_recv.php] ******* receiveer data start ******* from 210.175.7.20
2023/09/21 18:12:05 [/shop/user_data/pg_mulpay_recv.php] Array
(
    [ShopID] => 9000034600950
    [ShopPass] => **********
    [AccessID] => 55716a3a3d18807ef6dbc9a34e07ad2d
    [AccessPass] => ********************************
    [OrderID] => 953947-21181204
    [Status] => CAPTURE
    [JobCd] => CAPTURE
    [Amount] => 8130
    [Tax] => 0
    [Currency] => JPN
    [Forward] => 2S49631
    [Method] => 1
    [PayTimes] => 
    [TranID] => 2309211812602257210134182134
    [Approve] => 0876427
    [TranDate] => 20230921181205
    [ErrCode] => 
    [ErrInfo] => 
    [PayType] => 0
)
 from 210.175.7.20
2023/09/21 18:12:05 [/shop/user_data/pg_mulpay_recv.php] ******* receiveer data end ******* from 210.175.7.20
2023/09/21 18:12:10 [/shop/user_data/pg_mulpay_recv.php] update order status:1 order_id=953947 from 210.175.7.20
2023/09/21 18:12:10 [/shop/user_data/pg_mulpay_recv.php] pg_mulpay_recv.php set payment data:Array
(
    [ShopID] => 9000034600950
    [AccessID] => 55716a3a3d18807ef6dbc9a34e07ad2d
    [OrderID] => 953947-21181204
    [Status] => CAPTURE
    [JobCd] => CAPTURE
    [Amount] => 8130
    [Tax] => 0
    [Currency] => JPN
    [Forward] => 2S49631
    [Method] => 1
    [PayTimes] => 
    [TranID] => 2309211812602257210134182134
    [Approve] => 0876427
    [TranDate] => 20230921181205
    [ErrCode] => 
    [ErrInfo] => 
    [PayType] => 0
    [CvsCode] => 
    [CvsConfNo] => 
    [CvsReceiptNo] => 
    [EdyReceiptNo] => 
    [EdyOrderNo] => 
    [SuicaReceiptNo] => 
    [SuicaOrderNo] => 
    [CustID] => 
    [BkCode] => 
    [ConfNo] => 
    [PaymentTerm] => 
    [EncryptReceiptNo] => 
    [FinishDate] => 
    [ReceiptDate] => 
    [WebMoneyManagementNo] => 
    [WebMoneySettleCode] => 
    [AuPayInfoNo] => 
    [AuPayMethod] => 
    [AuCancelAmount] => 
    [AuCancelTax] => 
    [DocomoSettlementCode] => 
    [DocomoCancelAmount] => 
    [DocomoCancelTax] => 
    [pay_status] => 13
)
 from 210.175.7.20
2023/09/21 18:12:10 [/shop/user_data/pg_mulpay_recv.php] response:true from 210.175.7.20
2023/09/21 18:47:25 [/shop/shopping/load_payment_module.php] SendRequest:https://p01.mul-pay.jp/payment/EntryTran.idPass from 111.106.90.198
2023/09/21 18:47:25 [/shop/shopping/load_payment_module.php] Array
(
    [ShopID] => 9000034600950
    [ShopPass] => ******
    [OrderID] => 953948-21184725
    [JobCd] => CAPTURE
    [Amount] => 3440
    [TdFlag] => 0
    [TdTenantName] => 
)
 from 111.106.90.198
2023/09/21 18:47:25 [/shop/shopping/load_payment_module.php] AccessID=95329101f036b5f51c3739300b76d7f9&AccessPass=8fb778f26bf126d03a06ae69a0b6cc4a from 111.106.90.198
2023/09/21 18:47:25 [/shop/shopping/load_payment_module.php] Array
(
    [0] => Array
        (
            [AccessID] => 95329101f036b5f51c3739300b76d7f9
            [AccessPass] => 8fb778f26bf126d03a06ae69a0b6cc4a
        )

)
 from 111.106.90.198
2023/09/21 18:47:25 [/shop/shopping/load_payment_module.php] load_payment_module.php set payment data:Array
(
    [AccessID] => 95329101f036b5f51c3739300b76d7f9
    [AccessPass] => 8fb778f26bf126d03a06ae69a0b6cc4a
    [OrderID] => 953948-21184725
    [Amount] => 3440
    [JobCd] => CAPTURE
    [action_status] => 1
    [pay_status] => 0
)
 from 111.106.90.198
2023/09/21 18:47:25 [/shop/shopping/load_payment_module.php] SendRequest:https://p01.mul-pay.jp/payment/ExecTran.idPass from 111.106.90.198
2023/09/21 18:47:25 [/shop/shopping/load_payment_module.php] Array
(
    [AccessID] => 95329101f036b5f51c3739300b76d7f9
    [AccessPass] => 8fb778f26bf126d03a06ae69a0b6cc4a
    [OrderID] => 953948-21184725
    [Method] => 1
    [Token] => 664ac8d2a3fbe25d71d2f63cceb32c89efdc6374463c3beb2864a30a4c4a6e88
    [ClientField1] => 
    [ClientField2] => 
    [ClientField3] => EC-CUBE4.3.35
)
 from 111.106.90.198
2023/09/21 18:47:26 [/shop/shopping/load_payment_module.php] ErrCode=G30&ErrInfo=42G300000 from 111.106.90.198
2023/09/21 18:47:26 [/shop/shopping/load_payment_module.php] Array
(
    [0] => Array
        (
            [ErrCode] => G30
            [ErrInfo] => 42G300000
        )

)
 from 111.106.90.198
2023/09/21 18:47:26 [/shop/shopping/load_payment_module.php] load_payment_module.php set payment data:Array
(
    [request_error] => Array
        (
            [0] => このカードでは取引をする事が出来ません。 (G30-42G300000)
        )

    [Amount] => 3440
    [JobCd] => CAPTURE
    [action_status] => 3
)
 from 111.106.90.198
2023/09/21 18:47:26 [/shop/user_data/pg_mulpay_recv.php] ******* receiveer data start ******* from 210.175.7.20
2023/09/21 18:47:26 [/shop/user_data/pg_mulpay_recv.php] Array
(
    [ShopID] => 9000034600950
    [ShopPass] => **********
    [AccessID] => 95329101f036b5f51c3739300b76d7f9
    [AccessPass] => ********************************
    [OrderID] => 953948-21184725
    [Status] => UNPROCESSED
    [JobCd] => CAPTURE
    [Amount] => 3440
    [Tax] => 0
    [Currency] => JPN
    [Forward] => 2S49631
    [Method] => 1
    [PayTimes] => 
    [TranID] => 2309211847602257210134182135
    [Approve] =>        
    [TranDate] => 20230921184726
    [ErrCode] => G30
    [ErrInfo] => 42G300000
    [PayType] => 0
)
 from 210.175.7.20
2023/09/21 18:47:26 [/shop/user_data/pg_mulpay_recv.php] ******* receiveer data end ******* from 210.175.7.20
2023/09/21 18:47:26 [/shop/user_data/pg_mulpay_recv.php] pg_mulpay_recv.php set payment data:Array
(
    [ShopID] => 9000034600950
    [AccessID] => 95329101f036b5f51c3739300b76d7f9
    [OrderID] => 953948-21184725
    [Status] => UNPROCESSED
    [JobCd] => CAPTURE
    [Amount] => 3440
    [Tax] => 0
    [Currency] => JPN
    [Forward] => 2S49631
    [Method] => 1
    [PayTimes] => 
    [TranID] => 2309211847602257210134182135
    [Approve] => 
    [TranDate] => 20230921184726
    [ErrCode] => G30
    [ErrInfo] => 42G300000
    [PayType] => 0
    [CvsCode] => 
    [CvsConfNo] => 
    [CvsReceiptNo] => 
    [EdyReceiptNo] => 
    [EdyOrderNo] => 
    [SuicaReceiptNo] => 
    [SuicaOrderNo] => 
    [CustID] => 
    [BkCode] => 
    [ConfNo] => 
    [PaymentTerm] => 
    [EncryptReceiptNo] => 
    [FinishDate] => 
    [ReceiptDate] => 
    [WebMoneyManagementNo] => 
    [WebMoneySettleCode] => 
    [AuPayInfoNo] => 
    [AuPayMethod] => 
    [AuCancelAmount] => 
    [AuCancelTax] => 
    [DocomoSettlementCode] => 
    [DocomoCancelAmount] => 
    [DocomoCancelTax] => 
    [pay_status] => 0
)
 from 210.175.7.20
2023/09/21 18:47:26 [/shop/user_data/pg_mulpay_recv.php] response:true from 210.175.7.20
2023/09/21 18:48:20 [/shop/shopping/load_payment_module.php] SendRequest:https://p01.mul-pay.jp/payment/ExecTran.idPass from 111.106.90.198
2023/09/21 18:48:20 [/shop/shopping/load_payment_module.php] Array
(
    [AccessID] => 95329101f036b5f51c3739300b76d7f9
    [AccessPass] => 8fb778f26bf126d03a06ae69a0b6cc4a
    [OrderID] => 953948-21184725
    [Method] => 1
    [PayTimes] => 
    [Token] => 07ddbea180c2a62f18144ef8f5288315a8710d6cf4fb22eb7eac931343b4a014
    [ClientField1] => 
    [ClientField2] => 
    [ClientField3] => EC-CUBE4.3.35
)
 from 111.106.90.198
2023/09/21 18:48:20 [/shop/shopping/load_payment_module.php] ErrCode=E01&ErrInfo=E01260010 from 111.106.90.198
2023/09/21 18:48:20 [/shop/shopping/load_payment_module.php] Array
(
    [0] => Array
        (
            [ErrCode] => E01
            [ErrInfo] => E01260010
        )

)
 from 111.106.90.198
2023/09/21 18:48:20 [/shop/shopping/load_payment_module.php] load_payment_module.php set payment data:Array
(
    [request_error] => Array
        (
            [0] => 指定された支払方法はご利用できません。 (E01-E01260010)
        )

    [Amount] => 3440
    [JobCd] => CAPTURE
    [action_status] => 3
)
 from 111.106.90.198
2023/09/21 18:49:36 [/shop/shopping/load_payment_module.php] SendRequest:https://p01.mul-pay.jp/payment/ExecTran.idPass from 111.106.90.198
2023/09/21 18:49:36 [/shop/shopping/load_payment_module.php] Array
(
    [AccessID] => 95329101f036b5f51c3739300b76d7f9
    [AccessPass] => 8fb778f26bf126d03a06ae69a0b6cc4a
    [OrderID] => 953948-21184725
    [Method] => 1
    [PayTimes] => 
    [Token] => c86eecd183ca3377cca396e9b49fee02616c89643758469627d731dbd00c455c
    [ClientField1] => 
    [ClientField2] => 
    [ClientField3] => EC-CUBE4.3.35
)
 from 111.106.90.198
2023/09/21 18:49:37 [/shop/shopping/load_payment_module.php] ACS=0&OrderID=953948-21184725&Forward=2959876&Method=1&PayTimes=&Approve=0044936&TranID=2309211849602257210134182136&TranDate=20230921184937&CheckString=141150422113fdb043efeb6d2a0120cc from 111.106.90.198
2023/09/21 18:49:37 [/shop/shopping/load_payment_module.php] Array
(
    [0] => Array
        (
            [ACS] => 0
            [OrderID] => 953948-21184725
            [Forward] => 2959876
            [Method] => 1
            [PayTimes] => 
            [Approve] => 0044936
            [TranID] => 2309211849602257210134182136
            [TranDate] => 20230921184937
            [CheckString] => 141150422113fdb043efeb6d2a0120cc
        )

)
 from 111.106.90.198
2023/09/21 18:49:37 [/shop/shopping/load_payment_module.php] load_payment_module.php set payment data:Array
(
    [ACS] => 0
    [Forward] => 2959876
    [Method] => 1
    [PayTimes] => 
    [Approve] => 0044936
    [TranID] => 2309211849602257210134182136
    [TranDate] => 20230921184937
    [CheckString] => 141150422113fdb043efeb6d2a0120cc
    [Amount] => 3440
    [JobCd] => CAPTURE
    [action_status] => 3
    [pay_status] => 13
)
 from 111.106.90.198
2023/09/21 18:49:37 [/shop/user_data/pg_mulpay_recv.php] ******* receiveer data start ******* from 210.175.7.20
2023/09/21 18:49:37 [/shop/user_data/pg_mulpay_recv.php] Array
(
    [ShopID] => 9000034600950
    [ShopPass] => **********
    [AccessID] => 95329101f036b5f51c3739300b76d7f9
    [AccessPass] => ********************************
    [OrderID] => 953948-21184725
    [Status] => CAPTURE
    [JobCd] => CAPTURE
    [Amount] => 3440
    [Tax] => 0
    [Currency] => JPN
    [Forward] => 2959876
    [Method] => 1
    [PayTimes] => 
    [TranID] => 2309211849602257210134182136
    [Approve] => 0044936
    [TranDate] => 20230921184937
    [ErrCode] => 
    [ErrInfo] => 
    [PayType] => 0
)
 from 210.175.7.20
2023/09/21 18:49:37 [/shop/user_data/pg_mulpay_recv.php] ******* receiveer data end ******* from 210.175.7.20
2023/09/21 18:49:42 [/shop/user_data/pg_mulpay_recv.php] update order status:1 order_id=953948 from 210.175.7.20
2023/09/21 18:49:42 [/shop/user_data/pg_mulpay_recv.php] pg_mulpay_recv.php set payment data:Array
(
    [ShopID] => 9000034600950
    [AccessID] => 95329101f036b5f51c3739300b76d7f9
    [OrderID] => 953948-21184725
    [Status] => CAPTURE
    [JobCd] => CAPTURE
    [Amount] => 3440
    [Tax] => 0
    [Currency] => JPN
    [Forward] => 2959876
    [Method] => 1
    [PayTimes] => 
    [TranID] => 2309211849602257210134182136
    [Approve] => 0044936
    [TranDate] => 20230921184937
    [PayType] => 0
    [CvsCode] => 
    [CvsConfNo] => 
    [CvsReceiptNo] => 
    [EdyReceiptNo] => 
    [EdyOrderNo] => 
    [SuicaReceiptNo] => 
    [SuicaOrderNo] => 
    [CustID] => 
    [BkCode] => 
    [ConfNo] => 
    [PaymentTerm] => 
    [EncryptReceiptNo] => 
    [FinishDate] => 
    [ReceiptDate] => 
    [WebMoneyManagementNo] => 
    [WebMoneySettleCode] => 
    [AuPayInfoNo] => 
    [AuPayMethod] => 
    [AuCancelAmount] => 
    [AuCancelTax] => 
    [DocomoSettlementCode] => 
    [DocomoCancelAmount] => 
    [DocomoCancelTax] => 
    [pay_status] => 13
)
 from 210.175.7.20
2023/09/21 18:49:42 [/shop/user_data/pg_mulpay_recv.php] response:true from 210.175.7.20
2023/09/21 23:21:20 [/shop/shopping/load_payment_module.php] SendRequest:https://p01.mul-pay.jp/payment/SearchMember.idPass from 129.222.188.1
2023/09/21 23:21:20 [/shop/shopping/load_payment_module.php] Array
(
    [SiteID] => mst0000007602
    [SitePass] => ******
    [MemberID] => 12134
)
 from 129.222.188.1
2023/09/21 23:21:21 [/shop/shopping/load_payment_module.php] ErrCode=E01&ErrInfo=E01390002 from 129.222.188.1
2023/09/21 23:21:21 [/shop/shopping/load_payment_module.php] Array
(
    [0] => Array
        (
            [ErrCode] => E01
            [ErrInfo] => E01390002
        )

)
 from 129.222.188.1
2023/09/21 23:21:21 [/shop/shopping/load_payment_module.php] SendRequest:https://p01.mul-pay.jp/payment/SearchCard.idPass from 129.222.188.1
2023/09/21 23:21:21 [/shop/shopping/load_payment_module.php] Array
(
    [SiteID] => mst0000007602
    [SitePass] => ******
    [MemberID] => 12134
)
 from 129.222.188.1
2023/09/21 23:21:21 [/shop/shopping/load_payment_module.php] ErrCode=E01|E01&ErrInfo=E01390002|E01240002 from 129.222.188.1
2023/09/21 23:21:21 [/shop/shopping/load_payment_module.php] Array
(
    [0] => Array
        (
            [ErrCode] => E01
            [ErrInfo] => E01390002
        )

    [1] => Array
        (
            [ErrCode] => E01
            [ErrInfo] => E01240002
        )

)
 from 129.222.188.1
2023/09/21 23:22:02 [/shop/shopping/load_payment_module.php] SendRequest:https://p01.mul-pay.jp/payment/SearchMember.idPass from 129.222.188.1
2023/09/21 23:22:02 [/shop/shopping/load_payment_module.php] Array
(
    [SiteID] => mst0000007602
    [SitePass] => ******
    [MemberID] => 12134
)
 from 129.222.188.1
2023/09/21 23:22:02 [/shop/shopping/load_payment_module.php] ErrCode=E01&ErrInfo=E01390002 from 129.222.188.1
2023/09/21 23:22:02 [/shop/shopping/load_payment_module.php] Array
(
    [0] => Array
        (
            [ErrCode] => E01
            [ErrInfo] => E01390002
        )

)
 from 129.222.188.1
2023/09/21 23:22:02 [/shop/shopping/load_payment_module.php] SendRequest:https://p01.mul-pay.jp/payment/SearchCard.idPass from 129.222.188.1
2023/09/21 23:22:02 [/shop/shopping/load_payment_module.php] Array
(
    [SiteID] => mst0000007602
    [SitePass] => ******
    [MemberID] => 12134
)
 from 129.222.188.1
2023/09/21 23:22:02 [/shop/shopping/load_payment_module.php] ErrCode=E01|E01&ErrInfo=E01390002|E01240002 from 129.222.188.1
2023/09/21 23:22:02 [/shop/shopping/load_payment_module.php] Array
(
    [0] => Array
        (
            [ErrCode] => E01
            [ErrInfo] => E01390002
        )

    [1] => Array
        (
            [ErrCode] => E01
            [ErrInfo] => E01240002
        )

)
 from 129.222.188.1
2023/09/21 23:22:02 [/shop/shopping/load_payment_module.php] SendRequest:https://p01.mul-pay.jp/payment/EntryTran.idPass from 129.222.188.1
2023/09/21 23:22:02 [/shop/shopping/load_payment_module.php] Array
(
    [ShopID] => 9000034600950
    [ShopPass] => ******
    [OrderID] => 953949-21232202
    [JobCd] => CAPTURE
    [Amount] => 8450
    [TdFlag] => 0
    [TdTenantName] => 
)
 from 129.222.188.1
2023/09/21 23:22:02 [/shop/shopping/load_payment_module.php] AccessID=b28394a8ce9faf99850ecfcfcd2a2442&AccessPass=e5c00111df40c91782c08fe63de935f6 from 129.222.188.1
2023/09/21 23:22:02 [/shop/shopping/load_payment_module.php] Array
(
    [0] => Array
        (
            [AccessID] => b28394a8ce9faf99850ecfcfcd2a2442
            [AccessPass] => e5c00111df40c91782c08fe63de935f6
        )

)
 from 129.222.188.1
2023/09/21 23:22:02 [/shop/shopping/load_payment_module.php] load_payment_module.php set payment data:Array
(
    [AccessID] => b28394a8ce9faf99850ecfcfcd2a2442
    [AccessPass] => e5c00111df40c91782c08fe63de935f6
    [OrderID] => 953949-21232202
    [Amount] => 8450
    [JobCd] => CAPTURE
    [action_status] => 1
    [pay_status] => 0
)
 from 129.222.188.1
2023/09/21 23:22:02 [/shop/shopping/load_payment_module.php] SendRequest:https://p01.mul-pay.jp/payment/ExecTran.idPass from 129.222.188.1
2023/09/21 23:22:02 [/shop/shopping/load_payment_module.php] Array
(
    [AccessID] => b28394a8ce9faf99850ecfcfcd2a2442
    [AccessPass] => e5c00111df40c91782c08fe63de935f6
    [OrderID] => 953949-21232202
    [Method] => 1
    [Token] => 4090cc01de970f36f3740e838fb2d903fac8e238672f72d29e48799b40139020
    [ClientField1] => 
    [ClientField2] => 
    [ClientField3] => EC-CUBE4.3.35
)
 from 129.222.188.1
2023/09/21 23:22:03 [/shop/shopping/load_payment_module.php] ACS=0&OrderID=953949-21232202&Forward=2S49631&Method=1&PayTimes=&Approve=0836945&TranID=2309212322602257210134162144&TranDate=20230921232203&CheckString=237a068a9108adee0f833b782d1cc2f4 from 129.222.188.1
2023/09/21 23:22:03 [/shop/shopping/load_payment_module.php] Array
(
    [0] => Array
        (
            [ACS] => 0
            [OrderID] => 953949-21232202
            [Forward] => 2S49631
            [Method] => 1
            [PayTimes] => 
            [Approve] => 0836945
            [TranID] => 2309212322602257210134162144
            [TranDate] => 20230921232203
            [CheckString] => 237a068a9108adee0f833b782d1cc2f4
        )

)
 from 129.222.188.1
2023/09/21 23:22:03 [/shop/shopping/load_payment_module.php] load_payment_module.php set payment data:Array
(
    [ACS] => 0
    [Forward] => 2S49631
    [Method] => 1
    [PayTimes] => 
    [Approve] => 0836945
    [TranID] => 2309212322602257210134162144
    [TranDate] => 20230921232203
    [CheckString] => 237a068a9108adee0f833b782d1cc2f4
    [Amount] => 8450
    [JobCd] => CAPTURE
    [action_status] => 3
    [pay_status] => 13
)
 from 129.222.188.1
2023/09/21 23:22:03 [/shop/user_data/pg_mulpay_recv.php] ******* receiveer data start ******* from 210.175.7.20
2023/09/21 23:22:03 [/shop/user_data/pg_mulpay_recv.php] Array
(
    [ShopID] => 9000034600950
    [ShopPass] => **********
    [AccessID] => b28394a8ce9faf99850ecfcfcd2a2442
    [AccessPass] => ********************************
    [OrderID] => 953949-21232202
    [Status] => CAPTURE
    [JobCd] => CAPTURE
    [Amount] => 8450
    [Tax] => 0
    [Currency] => JPN
    [Forward] => 2S49631
    [Method] => 1
    [PayTimes] => 
    [TranID] => 2309212322602257210134162144
    [Approve] => 0836945
    [TranDate] => 20230921232203
    [ErrCode] => 
    [ErrInfo] => 
    [PayType] => 0
)
 from 210.175.7.20
2023/09/21 23:22:03 [/shop/user_data/pg_mulpay_recv.php] ******* receiveer data end ******* from 210.175.7.20
2023/09/21 23:22:08 [/shop/user_data/pg_mulpay_recv.php] update order status:1 order_id=953949 from 210.175.7.20
2023/09/21 23:22:08 [/shop/user_data/pg_mulpay_recv.php] pg_mulpay_recv.php set payment data:Array
(
    [ShopID] => 9000034600950
    [AccessID] => b28394a8ce9faf99850ecfcfcd2a2442
    [OrderID] => 953949-21232202
    [Status] => CAPTURE
    [JobCd] => CAPTURE
    [Amount] => 8450
    [Tax] => 0
    [Currency] => JPN
    [Forward] => 2S49631
    [Method] => 1
    [PayTimes] => 
    [TranID] => 2309212322602257210134162144
    [Approve] => 0836945
    [TranDate] => 20230921232203
    [ErrCode] => 
    [ErrInfo] => 
    [PayType] => 0
    [CvsCode] => 
    [CvsConfNo] => 
    [CvsReceiptNo] => 
    [EdyReceiptNo] => 
    [EdyOrderNo] => 
    [SuicaReceiptNo] => 
    [SuicaOrderNo] => 
    [CustID] => 
    [BkCode] => 
    [ConfNo] => 
    [PaymentTerm] => 
    [EncryptReceiptNo] => 
    [FinishDate] => 
    [ReceiptDate] => 
    [WebMoneyManagementNo] => 
    [WebMoneySettleCode] => 
    [AuPayInfoNo] => 
    [AuPayMethod] => 
    [AuCancelAmount] => 
    [AuCancelTax] => 
    [DocomoSettlementCode] => 
    [DocomoCancelAmount] => 
    [DocomoCancelTax] => 
    [pay_status] => 13
)
 from 210.175.7.20
2023/09/21 23:22:08 [/shop/user_data/pg_mulpay_recv.php] response:true from 210.175.7.20
