2023/08/17 01:12:27 [/shop/shopping/load_payment_module.php] SendRequest:https://p01.mul-pay.jp/payment/SearchMember.idPass from 97.103.141.13
2023/08/17 01:12:27 [/shop/shopping/load_payment_module.php] Array
(
    [SiteID] => mst0000007602
    [SitePass] => ******
    [MemberID] => 11167
)
 from 97.103.141.13
2023/08/17 01:12:27 [/shop/shopping/load_payment_module.php] ErrCode=E01&ErrInfo=E01390002 from 97.103.141.13
2023/08/17 01:12:27 [/shop/shopping/load_payment_module.php] Array
(
    [0] => Array
        (
            [ErrCode] => E01
            [ErrInfo] => E01390002
        )

)
 from 97.103.141.13
2023/08/17 01:12:27 [/shop/shopping/load_payment_module.php] SendRequest:https://p01.mul-pay.jp/payment/SearchCard.idPass from 97.103.141.13
2023/08/17 01:12:27 [/shop/shopping/load_payment_module.php] Array
(
    [SiteID] => mst0000007602
    [SitePass] => ******
    [MemberID] => 11167
)
 from 97.103.141.13
2023/08/17 01:12:27 [/shop/shopping/load_payment_module.php] ErrCode=E01|E01&ErrInfo=E01390002|E01240002 from 97.103.141.13
2023/08/17 01:12:27 [/shop/shopping/load_payment_module.php] Array
(
    [0] => Array
        (
            [ErrCode] => E01
            [ErrInfo] => E01390002
        )

    [1] => Array
        (
            [ErrCode] => E01
            [ErrInfo] => E01240002
        )

)
 from 97.103.141.13
2023/08/17 01:13:23 [/shop/shopping/load_payment_module.php] SendRequest:https://p01.mul-pay.jp/payment/SearchMember.idPass from 97.103.141.13
2023/08/17 01:13:23 [/shop/shopping/load_payment_module.php] Array
(
    [SiteID] => mst0000007602
    [SitePass] => ******
    [MemberID] => 11167
)
 from 97.103.141.13
2023/08/17 01:13:23 [/shop/shopping/load_payment_module.php] ErrCode=E01&ErrInfo=E01390002 from 97.103.141.13
2023/08/17 01:13:23 [/shop/shopping/load_payment_module.php] Array
(
    [0] => Array
        (
            [ErrCode] => E01
            [ErrInfo] => E01390002
        )

)
 from 97.103.141.13
2023/08/17 01:13:23 [/shop/shopping/load_payment_module.php] SendRequest:https://p01.mul-pay.jp/payment/SearchCard.idPass from 97.103.141.13
2023/08/17 01:13:23 [/shop/shopping/load_payment_module.php] Array
(
    [SiteID] => mst0000007602
    [SitePass] => ******
    [MemberID] => 11167
)
 from 97.103.141.13
2023/08/17 01:13:23 [/shop/shopping/load_payment_module.php] ErrCode=E01|E01&ErrInfo=E01390002|E01240002 from 97.103.141.13
2023/08/17 01:13:23 [/shop/shopping/load_payment_module.php] Array
(
    [0] => Array
        (
            [ErrCode] => E01
            [ErrInfo] => E01390002
        )

    [1] => Array
        (
            [ErrCode] => E01
            [ErrInfo] => E01240002
        )

)
 from 97.103.141.13
2023/08/17 01:13:23 [/shop/shopping/load_payment_module.php] SendRequest:https://p01.mul-pay.jp/payment/EntryTran.idPass from 97.103.141.13
2023/08/17 01:13:23 [/shop/shopping/load_payment_module.php] Array
(
    [ShopID] => 9000034600950
    [ShopPass] => ******
    [OrderID] => 953335-17011323
    [JobCd] => CAPTURE
    [Amount] => 34673
    [TdFlag] => 0
    [TdTenantName] => 
)
 from 97.103.141.13
2023/08/17 01:13:23 [/shop/shopping/load_payment_module.php] AccessID=3c4bf33472d052d35ff10dde77c14519&AccessPass=5931f2aca8da3968398ce87c694eb038 from 97.103.141.13
2023/08/17 01:13:23 [/shop/shopping/load_payment_module.php] Array
(
    [0] => Array
        (
            [AccessID] => 3c4bf33472d052d35ff10dde77c14519
            [AccessPass] => 5931f2aca8da3968398ce87c694eb038
        )

)
 from 97.103.141.13
2023/08/17 01:13:23 [/shop/shopping/load_payment_module.php] load_payment_module.php set payment data:Array
(
    [AccessID] => 3c4bf33472d052d35ff10dde77c14519
    [AccessPass] => 5931f2aca8da3968398ce87c694eb038
    [OrderID] => 953335-17011323
    [Amount] => 34673
    [JobCd] => CAPTURE
    [action_status] => 1
    [pay_status] => 0
)
 from 97.103.141.13
2023/08/17 01:13:23 [/shop/shopping/load_payment_module.php] SendRequest:https://p01.mul-pay.jp/payment/ExecTran.idPass from 97.103.141.13
2023/08/17 01:13:23 [/shop/shopping/load_payment_module.php] Array
(
    [AccessID] => 3c4bf33472d052d35ff10dde77c14519
    [AccessPass] => 5931f2aca8da3968398ce87c694eb038
    [OrderID] => 953335-17011323
    [Method] => 1
    [Token] => d8508ac5e0bbafb1488fc5d27b8c32dac49f97225b3a50bc536dc0e51ab849be
    [ClientField1] => 
    [ClientField2] => 
    [ClientField3] => EC-CUBE4.3.35
)
 from 97.103.141.13
2023/08/17 01:13:24 [/shop/shopping/load_payment_module.php] ACS=0&OrderID=953335-17011323&Forward=2S49631&Method=1&PayTimes=&Approve=0097194&TranID=2308170113602257210134151960&TranDate=20230817011324&CheckString=9b8e1b64505fc9dd90f228880b1f6816 from 97.103.141.13
2023/08/17 01:13:24 [/shop/shopping/load_payment_module.php] Array
(
    [0] => Array
        (
            [ACS] => 0
            [OrderID] => 953335-17011323
            [Forward] => 2S49631
            [Method] => 1
            [PayTimes] => 
            [Approve] => 0097194
            [TranID] => 2308170113602257210134151960
            [TranDate] => 20230817011324
            [CheckString] => 9b8e1b64505fc9dd90f228880b1f6816
        )

)
 from 97.103.141.13
2023/08/17 01:13:24 [/shop/shopping/load_payment_module.php] load_payment_module.php set payment data:Array
(
    [ACS] => 0
    [Forward] => 2S49631
    [Method] => 1
    [PayTimes] => 
    [Approve] => 0097194
    [TranID] => 2308170113602257210134151960
    [TranDate] => 20230817011324
    [CheckString] => 9b8e1b64505fc9dd90f228880b1f6816
    [Amount] => 34673
    [JobCd] => CAPTURE
    [action_status] => 3
    [pay_status] => 13
)
 from 97.103.141.13
2023/08/17 01:13:24 [/shop/user_data/pg_mulpay_recv.php] ******* receiveer data start ******* from 210.175.7.20
2023/08/17 01:13:24 [/shop/user_data/pg_mulpay_recv.php] Array
(
    [ShopID] => 9000034600950
    [ShopPass] => **********
    [AccessID] => 3c4bf33472d052d35ff10dde77c14519
    [AccessPass] => ********************************
    [OrderID] => 953335-17011323
    [Status] => CAPTURE
    [JobCd] => CAPTURE
    [Amount] => 34673
    [Tax] => 0
    [Currency] => JPN
    [Forward] => 2S49631
    [Method] => 1
    [PayTimes] => 
    [TranID] => 2308170113602257210134151960
    [Approve] => 0097194
    [TranDate] => 20230817011324
    [ErrCode] => 
    [ErrInfo] => 
    [PayType] => 0
)
 from 210.175.7.20
2023/08/17 01:13:24 [/shop/user_data/pg_mulpay_recv.php] ******* receiveer data end ******* from 210.175.7.20
2023/08/17 01:13:29 [/shop/user_data/pg_mulpay_recv.php] update order status:1 order_id=953335 from 210.175.7.20
2023/08/17 01:13:29 [/shop/user_data/pg_mulpay_recv.php] pg_mulpay_recv.php set payment data:Array
(
    [ShopID] => 9000034600950
    [AccessID] => 3c4bf33472d052d35ff10dde77c14519
    [OrderID] => 953335-17011323
    [Status] => CAPTURE
    [JobCd] => CAPTURE
    [Amount] => 34673
    [Tax] => 0
    [Currency] => JPN
    [Forward] => 2S49631
    [Method] => 1
    [PayTimes] => 
    [TranID] => 2308170113602257210134151960
    [Approve] => 0097194
    [TranDate] => 20230817011324
    [ErrCode] => 
    [ErrInfo] => 
    [PayType] => 0
    [CvsCode] => 
    [CvsConfNo] => 
    [CvsReceiptNo] => 
    [EdyReceiptNo] => 
    [EdyOrderNo] => 
    [SuicaReceiptNo] => 
    [SuicaOrderNo] => 
    [CustID] => 
    [BkCode] => 
    [ConfNo] => 
    [PaymentTerm] => 
    [EncryptReceiptNo] => 
    [FinishDate] => 
    [ReceiptDate] => 
    [WebMoneyManagementNo] => 
    [WebMoneySettleCode] => 
    [AuPayInfoNo] => 
    [AuPayMethod] => 
    [AuCancelAmount] => 
    [AuCancelTax] => 
    [DocomoSettlementCode] => 
    [DocomoCancelAmount] => 
    [DocomoCancelTax] => 
    [pay_status] => 13
)
 from 210.175.7.20
2023/08/17 01:13:29 [/shop/user_data/pg_mulpay_recv.php] response:true from 210.175.7.20
2023/08/17 03:27:53 [/shop/shopping/load_payment_module.php] SendRequest:https://p01.mul-pay.jp/payment/EntryTran.idPass from 179.113.166.202
2023/08/17 03:27:53 [/shop/shopping/load_payment_module.php] Array
(
    [ShopID] => 9000034600950
    [ShopPass] => ******
    [OrderID] => 953336-17032753
    [JobCd] => CAPTURE
    [Amount] => 10500
    [TdFlag] => 0
    [TdTenantName] => 
)
 from 179.113.166.202
2023/08/17 03:27:54 [/shop/shopping/load_payment_module.php] AccessID=91fb4a7db8525cdf38d5196bf0964502&AccessPass=c361a7c4fb7b3d5a0484e5aa5513f945 from 179.113.166.202
2023/08/17 03:27:54 [/shop/shopping/load_payment_module.php] Array
(
    [0] => Array
        (
            [AccessID] => 91fb4a7db8525cdf38d5196bf0964502
            [AccessPass] => c361a7c4fb7b3d5a0484e5aa5513f945
        )

)
 from 179.113.166.202
2023/08/17 03:27:54 [/shop/shopping/load_payment_module.php] load_payment_module.php set payment data:Array
(
    [AccessID] => 91fb4a7db8525cdf38d5196bf0964502
    [AccessPass] => c361a7c4fb7b3d5a0484e5aa5513f945
    [OrderID] => 953336-17032753
    [Amount] => 10500
    [JobCd] => CAPTURE
    [action_status] => 1
    [pay_status] => 0
)
 from 179.113.166.202
2023/08/17 03:27:54 [/shop/shopping/load_payment_module.php] SendRequest:https://p01.mul-pay.jp/payment/ExecTran.idPass from 179.113.166.202
2023/08/17 03:27:54 [/shop/shopping/load_payment_module.php] Array
(
    [AccessID] => 91fb4a7db8525cdf38d5196bf0964502
    [AccessPass] => c361a7c4fb7b3d5a0484e5aa5513f945
    [OrderID] => 953336-17032753
    [Method] => 1
    [Token] => 65a10b62342ea03fc6d94510fd2bc7e1dce121b3d67ffdaada427bf799dcbc03
    [ClientField1] => 
    [ClientField2] => 
    [ClientField3] => EC-CUBE4.3.35
)
 from 179.113.166.202
2023/08/17 03:27:54 [/shop/shopping/load_payment_module.php] ErrCode=G97&ErrInfo=42G970000 from 179.113.166.202
2023/08/17 03:27:54 [/shop/shopping/load_payment_module.php] Array
(
    [0] => Array
        (
            [ErrCode] => G97
            [ErrInfo] => 42G970000
        )

)
 from 179.113.166.202
2023/08/17 03:27:54 [/shop/shopping/load_payment_module.php] load_payment_module.php set payment data:Array
(
    [request_error] => Array
        (
            [0] => このカードでは取引をする事が出来ません。 (G97-42G970000)
        )

    [Amount] => 10500
    [JobCd] => CAPTURE
    [action_status] => 3
)
 from 179.113.166.202
2023/08/17 03:27:54 [/shop/user_data/pg_mulpay_recv.php] ******* receiveer data start ******* from 210.175.7.20
2023/08/17 03:27:54 [/shop/user_data/pg_mulpay_recv.php] Array
(
    [ShopID] => 9000034600950
    [ShopPass] => **********
    [AccessID] => 91fb4a7db8525cdf38d5196bf0964502
    [AccessPass] => ********************************
    [OrderID] => 953336-17032753
    [Status] => UNPROCESSED
    [JobCd] => CAPTURE
    [Amount] => 10500
    [Tax] => 0
    [Currency] => JPN
    [Forward] => 2S49631
    [Method] => 1
    [PayTimes] => 
    [TranID] => 2308170327602257210134151961
    [Approve] =>        
    [TranDate] => 20230817032754
    [ErrCode] => G97
    [ErrInfo] => 42G970000
    [PayType] => 0
)
 from 210.175.7.20
2023/08/17 03:27:54 [/shop/user_data/pg_mulpay_recv.php] ******* receiveer data end ******* from 210.175.7.20
2023/08/17 03:27:54 [/shop/user_data/pg_mulpay_recv.php] pg_mulpay_recv.php set payment data:Array
(
    [ShopID] => 9000034600950
    [AccessID] => 91fb4a7db8525cdf38d5196bf0964502
    [OrderID] => 953336-17032753
    [Status] => UNPROCESSED
    [JobCd] => CAPTURE
    [Amount] => 10500
    [Tax] => 0
    [Currency] => JPN
    [Forward] => 2S49631
    [Method] => 1
    [PayTimes] => 
    [TranID] => 2308170327602257210134151961
    [Approve] => 
    [TranDate] => 20230817032754
    [ErrCode] => G97
    [ErrInfo] => 42G970000
    [PayType] => 0
    [CvsCode] => 
    [CvsConfNo] => 
    [CvsReceiptNo] => 
    [EdyReceiptNo] => 
    [EdyOrderNo] => 
    [SuicaReceiptNo] => 
    [SuicaOrderNo] => 
    [CustID] => 
    [BkCode] => 
    [ConfNo] => 
    [PaymentTerm] => 
    [EncryptReceiptNo] => 
    [FinishDate] => 
    [ReceiptDate] => 
    [WebMoneyManagementNo] => 
    [WebMoneySettleCode] => 
    [AuPayInfoNo] => 
    [AuPayMethod] => 
    [AuCancelAmount] => 
    [AuCancelTax] => 
    [DocomoSettlementCode] => 
    [DocomoCancelAmount] => 
    [DocomoCancelTax] => 
    [pay_status] => 0
)
 from 210.175.7.20
2023/08/17 03:27:54 [/shop/user_data/pg_mulpay_recv.php] response:true from 210.175.7.20
2023/08/17 03:29:33 [/shop/shopping/load_payment_module.php] SendRequest:https://p01.mul-pay.jp/payment/ExecTran.idPass from 179.113.166.202
2023/08/17 03:29:33 [/shop/shopping/load_payment_module.php] Array
(
    [AccessID] => 91fb4a7db8525cdf38d5196bf0964502
    [AccessPass] => c361a7c4fb7b3d5a0484e5aa5513f945
    [OrderID] => 953336-17032753
    [Method] => 1
    [PayTimes] => 
    [Token] => 3aa2a341c7aa6b40ee7a48ba64efea6d5d8dcc6b634625f2450d9982342fd113
    [ClientField1] => 
    [ClientField2] => 
    [ClientField3] => EC-CUBE4.3.35
)
 from 179.113.166.202
2023/08/17 03:29:33 [/shop/shopping/load_payment_module.php] ACS=0&OrderID=953336-17032753&Forward=2S49631&Method=1&PayTimes=&Approve=0293359&TranID=2308170329602257210134151962&TranDate=20230817032933&CheckString=77f59c58319d91aa2a43aa7268eece5a from 179.113.166.202
2023/08/17 03:29:33 [/shop/shopping/load_payment_module.php] Array
(
    [0] => Array
        (
            [ACS] => 0
            [OrderID] => 953336-17032753
            [Forward] => 2S49631
            [Method] => 1
            [PayTimes] => 
            [Approve] => 0293359
            [TranID] => 2308170329602257210134151962
            [TranDate] => 20230817032933
            [CheckString] => 77f59c58319d91aa2a43aa7268eece5a
        )

)
 from 179.113.166.202
2023/08/17 03:29:33 [/shop/shopping/load_payment_module.php] load_payment_module.php set payment data:Array
(
    [ACS] => 0
    [Forward] => 2S49631
    [Method] => 1
    [PayTimes] => 
    [Approve] => 0293359
    [TranID] => 2308170329602257210134151962
    [TranDate] => 20230817032933
    [CheckString] => 77f59c58319d91aa2a43aa7268eece5a
    [Amount] => 10500
    [JobCd] => CAPTURE
    [action_status] => 3
    [pay_status] => 13
)
 from 179.113.166.202
2023/08/17 03:29:33 [/shop/user_data/pg_mulpay_recv.php] ******* receiveer data start ******* from 210.175.7.20
2023/08/17 03:29:33 [/shop/user_data/pg_mulpay_recv.php] Array
(
    [ShopID] => 9000034600950
    [ShopPass] => **********
    [AccessID] => 91fb4a7db8525cdf38d5196bf0964502
    [AccessPass] => ********************************
    [OrderID] => 953336-17032753
    [Status] => CAPTURE
    [JobCd] => CAPTURE
    [Amount] => 10500
    [Tax] => 0
    [Currency] => JPN
    [Forward] => 2S49631
    [Method] => 1
    [PayTimes] => 
    [TranID] => 2308170329602257210134151962
    [Approve] => 0293359
    [TranDate] => 20230817032933
    [ErrCode] => 
    [ErrInfo] => 
    [PayType] => 0
)
 from 210.175.7.20
2023/08/17 03:29:33 [/shop/user_data/pg_mulpay_recv.php] ******* receiveer data end ******* from 210.175.7.20
2023/08/17 03:29:38 [/shop/user_data/pg_mulpay_recv.php] update order status:1 order_id=953336 from 210.175.7.20
2023/08/17 03:29:38 [/shop/user_data/pg_mulpay_recv.php] pg_mulpay_recv.php set payment data:Array
(
    [ShopID] => 9000034600950
    [AccessID] => 91fb4a7db8525cdf38d5196bf0964502
    [OrderID] => 953336-17032753
    [Status] => CAPTURE
    [JobCd] => CAPTURE
    [Amount] => 10500
    [Tax] => 0
    [Currency] => JPN
    [Forward] => 2S49631
    [Method] => 1
    [PayTimes] => 
    [TranID] => 2308170329602257210134151962
    [Approve] => 0293359
    [TranDate] => 20230817032933
    [PayType] => 0
    [CvsCode] => 
    [CvsConfNo] => 
    [CvsReceiptNo] => 
    [EdyReceiptNo] => 
    [EdyOrderNo] => 
    [SuicaReceiptNo] => 
    [SuicaOrderNo] => 
    [CustID] => 
    [BkCode] => 
    [ConfNo] => 
    [PaymentTerm] => 
    [EncryptReceiptNo] => 
    [FinishDate] => 
    [ReceiptDate] => 
    [WebMoneyManagementNo] => 
    [WebMoneySettleCode] => 
    [AuPayInfoNo] => 
    [AuPayMethod] => 
    [AuCancelAmount] => 
    [AuCancelTax] => 
    [DocomoSettlementCode] => 
    [DocomoCancelAmount] => 
    [DocomoCancelTax] => 
    [pay_status] => 13
)
 from 210.175.7.20
2023/08/17 03:29:38 [/shop/user_data/pg_mulpay_recv.php] response:true from 210.175.7.20
2023/08/17 03:31:01 [/shop/shopping/load_payment_module.php] SendRequest:https://p01.mul-pay.jp/payment/EntryTran.idPass from 179.113.166.202
2023/08/17 03:31:01 [/shop/shopping/load_payment_module.php] Array
(
    [ShopID] => 9000034600950
    [ShopPass] => ******
    [OrderID] => 953337-17033101
    [JobCd] => CAPTURE
    [Amount] => 11050
    [TdFlag] => 0
    [TdTenantName] => 
)
 from 179.113.166.202
2023/08/17 03:31:02 [/shop/shopping/load_payment_module.php] AccessID=9b8e4ff66f65c5a8e50e4003ee753ee7&AccessPass=03edfa46aca2b0f22f684d0d38a8664a from 179.113.166.202
2023/08/17 03:31:02 [/shop/shopping/load_payment_module.php] Array
(
    [0] => Array
        (
            [AccessID] => 9b8e4ff66f65c5a8e50e4003ee753ee7
            [AccessPass] => 03edfa46aca2b0f22f684d0d38a8664a
        )

)
 from 179.113.166.202
2023/08/17 03:31:02 [/shop/shopping/load_payment_module.php] load_payment_module.php set payment data:Array
(
    [AccessID] => 9b8e4ff66f65c5a8e50e4003ee753ee7
    [AccessPass] => 03edfa46aca2b0f22f684d0d38a8664a
    [OrderID] => 953337-17033101
    [Amount] => 11050
    [JobCd] => CAPTURE
    [action_status] => 1
    [pay_status] => 0
)
 from 179.113.166.202
2023/08/17 03:31:02 [/shop/shopping/load_payment_module.php] SendRequest:https://p01.mul-pay.jp/payment/ExecTran.idPass from 179.113.166.202
2023/08/17 03:31:02 [/shop/shopping/load_payment_module.php] Array
(
    [AccessID] => 9b8e4ff66f65c5a8e50e4003ee753ee7
    [AccessPass] => 03edfa46aca2b0f22f684d0d38a8664a
    [OrderID] => 953337-17033101
    [Method] => 1
    [Token] => f1c9f1e83842e7203fcc7be125b32043e0fac139b2b095141d69b6db6035dfab
    [ClientField1] => 
    [ClientField2] => 
    [ClientField3] => EC-CUBE4.3.35
)
 from 179.113.166.202
2023/08/17 03:31:02 [/shop/shopping/load_payment_module.php] ErrCode=G97&ErrInfo=42G970000 from 179.113.166.202
2023/08/17 03:31:02 [/shop/shopping/load_payment_module.php] Array
(
    [0] => Array
        (
            [ErrCode] => G97
            [ErrInfo] => 42G970000
        )

)
 from 179.113.166.202
2023/08/17 03:31:02 [/shop/shopping/load_payment_module.php] load_payment_module.php set payment data:Array
(
    [request_error] => Array
        (
            [0] => このカードでは取引をする事が出来ません。 (G97-42G970000)
        )

    [Amount] => 11050
    [JobCd] => CAPTURE
    [action_status] => 3
)
 from 179.113.166.202
2023/08/17 03:31:02 [/shop/user_data/pg_mulpay_recv.php] ******* receiveer data start ******* from 210.175.7.20
2023/08/17 03:31:02 [/shop/user_data/pg_mulpay_recv.php] Array
(
    [ShopID] => 9000034600950
    [ShopPass] => **********
    [AccessID] => 9b8e4ff66f65c5a8e50e4003ee753ee7
    [AccessPass] => ********************************
    [OrderID] => 953337-17033101
    [Status] => UNPROCESSED
    [JobCd] => CAPTURE
    [Amount] => 11050
    [Tax] => 0
    [Currency] => JPN
    [Forward] => 2959876
    [Method] => 1
    [PayTimes] => 
    [TranID] => 2308170331602257210134171917
    [Approve] =>        
    [TranDate] => 20230817033102
    [ErrCode] => G97
    [ErrInfo] => 42G970000
    [PayType] => 0
)
 from 210.175.7.20
2023/08/17 03:31:02 [/shop/user_data/pg_mulpay_recv.php] ******* receiveer data end ******* from 210.175.7.20
2023/08/17 03:31:02 [/shop/user_data/pg_mulpay_recv.php] pg_mulpay_recv.php set payment data:Array
(
    [ShopID] => 9000034600950
    [AccessID] => 9b8e4ff66f65c5a8e50e4003ee753ee7
    [OrderID] => 953337-17033101
    [Status] => UNPROCESSED
    [JobCd] => CAPTURE
    [Amount] => 11050
    [Tax] => 0
    [Currency] => JPN
    [Forward] => 2959876
    [Method] => 1
    [PayTimes] => 
    [TranID] => 2308170331602257210134171917
    [Approve] => 
    [TranDate] => 20230817033102
    [ErrCode] => G97
    [ErrInfo] => 42G970000
    [PayType] => 0
    [CvsCode] => 
    [CvsConfNo] => 
    [CvsReceiptNo] => 
    [EdyReceiptNo] => 
    [EdyOrderNo] => 
    [SuicaReceiptNo] => 
    [SuicaOrderNo] => 
    [CustID] => 
    [BkCode] => 
    [ConfNo] => 
    [PaymentTerm] => 
    [EncryptReceiptNo] => 
    [FinishDate] => 
    [ReceiptDate] => 
    [WebMoneyManagementNo] => 
    [WebMoneySettleCode] => 
    [AuPayInfoNo] => 
    [AuPayMethod] => 
    [AuCancelAmount] => 
    [AuCancelTax] => 
    [DocomoSettlementCode] => 
    [DocomoCancelAmount] => 
    [DocomoCancelTax] => 
    [pay_status] => 0
)
 from 210.175.7.20
2023/08/17 03:31:02 [/shop/user_data/pg_mulpay_recv.php] response:true from 210.175.7.20
2023/08/17 03:32:35 [/shop/shopping/load_payment_module.php] SendRequest:https://p01.mul-pay.jp/payment/ExecTran.idPass from 179.113.166.202
2023/08/17 03:32:35 [/shop/shopping/load_payment_module.php] Array
(
    [AccessID] => 9b8e4ff66f65c5a8e50e4003ee753ee7
    [AccessPass] => 03edfa46aca2b0f22f684d0d38a8664a
    [OrderID] => 953337-17033101
    [Method] => 1
    [PayTimes] => 
    [Token] => 3a1b94f6a8ead6de07c6eb6f38f83cf94c6e8f6e436a9a94e53fbc043170775d
    [ClientField1] => 
    [ClientField2] => 
    [ClientField3] => EC-CUBE4.3.35
)
 from 179.113.166.202
2023/08/17 03:32:36 [/shop/shopping/load_payment_module.php] ErrCode=G97&ErrInfo=42G970000 from 179.113.166.202
2023/08/17 03:32:36 [/shop/shopping/load_payment_module.php] Array
(
    [0] => Array
        (
            [ErrCode] => G97
            [ErrInfo] => 42G970000
        )

)
 from 179.113.166.202
2023/08/17 03:32:36 [/shop/shopping/load_payment_module.php] load_payment_module.php set payment data:Array
(
    [request_error] => Array
        (
            [0] => このカードでは取引をする事が出来ません。 (G97-42G970000)
        )

    [Amount] => 11050
    [JobCd] => CAPTURE
    [action_status] => 3
)
 from 179.113.166.202
2023/08/17 03:32:36 [/shop/user_data/pg_mulpay_recv.php] ******* receiveer data start ******* from 210.175.7.20
2023/08/17 03:32:36 [/shop/user_data/pg_mulpay_recv.php] Array
(
    [ShopID] => 9000034600950
    [ShopPass] => **********
    [AccessID] => 9b8e4ff66f65c5a8e50e4003ee753ee7
    [AccessPass] => ********************************
    [OrderID] => 953337-17033101
    [Status] => UNPROCESSED
    [JobCd] => CAPTURE
    [Amount] => 11050
    [Tax] => 0
    [Currency] => JPN
    [Forward] => 2959876
    [Method] => 1
    [PayTimes] => 
    [TranID] => 2308170332602257210134171918
    [Approve] =>        
    [TranDate] => 20230817033236
    [ErrCode] => G97
    [ErrInfo] => 42G970000
    [PayType] => 0
)
 from 210.175.7.20
2023/08/17 03:32:36 [/shop/user_data/pg_mulpay_recv.php] ******* receiveer data end ******* from 210.175.7.20
2023/08/17 03:32:36 [/shop/user_data/pg_mulpay_recv.php] pg_mulpay_recv.php set payment data:Array
(
    [ShopID] => 9000034600950
    [AccessID] => 9b8e4ff66f65c5a8e50e4003ee753ee7
    [OrderID] => 953337-17033101
    [Status] => UNPROCESSED
    [JobCd] => CAPTURE
    [Amount] => 11050
    [Tax] => 0
    [Currency] => JPN
    [Forward] => 2959876
    [Method] => 1
    [PayTimes] => 
    [TranID] => 2308170332602257210134171918
    [Approve] => 
    [TranDate] => 20230817033236
    [ErrCode] => G97
    [ErrInfo] => 42G970000
    [PayType] => 0
    [CvsCode] => 
    [CvsConfNo] => 
    [CvsReceiptNo] => 
    [EdyReceiptNo] => 
    [EdyOrderNo] => 
    [SuicaReceiptNo] => 
    [SuicaOrderNo] => 
    [CustID] => 
    [BkCode] => 
    [ConfNo] => 
    [PaymentTerm] => 
    [EncryptReceiptNo] => 
    [FinishDate] => 
    [ReceiptDate] => 
    [WebMoneyManagementNo] => 
    [WebMoneySettleCode] => 
    [AuPayInfoNo] => 
    [AuPayMethod] => 
    [AuCancelAmount] => 
    [AuCancelTax] => 
    [DocomoSettlementCode] => 
    [DocomoCancelAmount] => 
    [DocomoCancelTax] => 
    [pay_status] => 0
)
 from 210.175.7.20
2023/08/17 03:32:36 [/shop/user_data/pg_mulpay_recv.php] response:true from 210.175.7.20
2023/08/17 03:33:53 [/shop/shopping/load_payment_module.php] SendRequest:https://p01.mul-pay.jp/payment/ExecTran.idPass from 179.113.166.202
2023/08/17 03:33:53 [/shop/shopping/load_payment_module.php] Array
(
    [AccessID] => 9b8e4ff66f65c5a8e50e4003ee753ee7
    [AccessPass] => 03edfa46aca2b0f22f684d0d38a8664a
    [OrderID] => 953337-17033101
    [Method] => 1
    [PayTimes] => 
    [Token] => bca57e9d89f0aef9bbee31c102b215cd82c0d49ad81b1196d462f33b6d26d4f1
    [ClientField1] => 
    [ClientField2] => 
    [ClientField3] => EC-CUBE4.3.35
)
 from 179.113.166.202
2023/08/17 03:33:54 [/shop/shopping/load_payment_module.php] ErrCode=G97&ErrInfo=42G970000 from 179.113.166.202
2023/08/17 03:33:54 [/shop/shopping/load_payment_module.php] Array
(
    [0] => Array
        (
            [ErrCode] => G97
            [ErrInfo] => 42G970000
        )

)
 from 179.113.166.202
2023/08/17 03:33:54 [/shop/shopping/load_payment_module.php] load_payment_module.php set payment data:Array
(
    [request_error] => Array
        (
            [0] => このカードでは取引をする事が出来ません。 (G97-42G970000)
        )

    [Amount] => 11050
    [JobCd] => CAPTURE
    [action_status] => 3
)
 from 179.113.166.202
2023/08/17 03:33:54 [/shop/user_data/pg_mulpay_recv.php] ******* receiveer data start ******* from 210.175.7.20
2023/08/17 03:33:54 [/shop/user_data/pg_mulpay_recv.php] Array
(
    [ShopID] => 9000034600950
    [ShopPass] => **********
    [AccessID] => 9b8e4ff66f65c5a8e50e4003ee753ee7
    [AccessPass] => ********************************
    [OrderID] => 953337-17033101
    [Status] => UNPROCESSED
    [JobCd] => CAPTURE
    [Amount] => 11050
    [Tax] => 0
    [Currency] => JPN
    [Forward] => 2959876
    [Method] => 1
    [PayTimes] => 
    [TranID] => 2308170333602257210134161980
    [Approve] =>        
    [TranDate] => 20230817033354
    [ErrCode] => G97
    [ErrInfo] => 42G970000
    [PayType] => 0
)
 from 210.175.7.20
2023/08/17 03:33:54 [/shop/user_data/pg_mulpay_recv.php] ******* receiveer data end ******* from 210.175.7.20
2023/08/17 03:33:54 [/shop/user_data/pg_mulpay_recv.php] pg_mulpay_recv.php set payment data:Array
(
    [ShopID] => 9000034600950
    [AccessID] => 9b8e4ff66f65c5a8e50e4003ee753ee7
    [OrderID] => 953337-17033101
    [Status] => UNPROCESSED
    [JobCd] => CAPTURE
    [Amount] => 11050
    [Tax] => 0
    [Currency] => JPN
    [Forward] => 2959876
    [Method] => 1
    [PayTimes] => 
    [TranID] => 2308170333602257210134161980
    [Approve] => 
    [TranDate] => 20230817033354
    [ErrCode] => G97
    [ErrInfo] => 42G970000
    [PayType] => 0
    [CvsCode] => 
    [CvsConfNo] => 
    [CvsReceiptNo] => 
    [EdyReceiptNo] => 
    [EdyOrderNo] => 
    [SuicaReceiptNo] => 
    [SuicaOrderNo] => 
    [CustID] => 
    [BkCode] => 
    [ConfNo] => 
    [PaymentTerm] => 
    [EncryptReceiptNo] => 
    [FinishDate] => 
    [ReceiptDate] => 
    [WebMoneyManagementNo] => 
    [WebMoneySettleCode] => 
    [AuPayInfoNo] => 
    [AuPayMethod] => 
    [AuCancelAmount] => 
    [AuCancelTax] => 
    [DocomoSettlementCode] => 
    [DocomoCancelAmount] => 
    [DocomoCancelTax] => 
    [pay_status] => 0
)
 from 210.175.7.20
2023/08/17 03:33:54 [/shop/user_data/pg_mulpay_recv.php] response:true from 210.175.7.20
2023/08/17 03:35:19 [/shop/shopping/load_payment_module.php] SendRequest:https://p01.mul-pay.jp/payment/ExecTran.idPass from 179.113.166.202
2023/08/17 03:35:19 [/shop/shopping/load_payment_module.php] Array
(
    [AccessID] => 9b8e4ff66f65c5a8e50e4003ee753ee7
    [AccessPass] => 03edfa46aca2b0f22f684d0d38a8664a
    [OrderID] => 953337-17033101
    [Method] => 1
    [PayTimes] => 
    [Token] => e6c2230ef72971993a92208ac12ee6edd89862415904cd40de5d9d9802e098df
    [ClientField1] => 
    [ClientField2] => 
    [ClientField3] => EC-CUBE4.3.35
)
 from 179.113.166.202
2023/08/17 03:35:20 [/shop/shopping/load_payment_module.php] ErrCode=G97&ErrInfo=42G970000 from 179.113.166.202
2023/08/17 03:35:20 [/shop/shopping/load_payment_module.php] Array
(
    [0] => Array
        (
            [ErrCode] => G97
            [ErrInfo] => 42G970000
        )

)
 from 179.113.166.202
2023/08/17 03:35:20 [/shop/shopping/load_payment_module.php] load_payment_module.php set payment data:Array
(
    [request_error] => Array
        (
            [0] => このカードでは取引をする事が出来ません。 (G97-42G970000)
        )

    [Amount] => 11050
    [JobCd] => CAPTURE
    [action_status] => 3
)
 from 179.113.166.202
2023/08/17 03:35:20 [/shop/user_data/pg_mulpay_recv.php] ******* receiveer data start ******* from 210.175.7.20
2023/08/17 03:35:20 [/shop/user_data/pg_mulpay_recv.php] Array
(
    [ShopID] => 9000034600950
    [ShopPass] => **********
    [AccessID] => 9b8e4ff66f65c5a8e50e4003ee753ee7
    [AccessPass] => ********************************
    [OrderID] => 953337-17033101
    [Status] => UNPROCESSED
    [JobCd] => CAPTURE
    [Amount] => 11050
    [Tax] => 0
    [Currency] => JPN
    [Forward] => 2959876
    [Method] => 1
    [PayTimes] => 
    [TranID] => 2308170335602257210134151963
    [Approve] =>        
    [TranDate] => 20230817033520
    [ErrCode] => G97
    [ErrInfo] => 42G970000
    [PayType] => 0
)
 from 210.175.7.20
2023/08/17 03:35:20 [/shop/user_data/pg_mulpay_recv.php] ******* receiveer data end ******* from 210.175.7.20
2023/08/17 03:35:20 [/shop/user_data/pg_mulpay_recv.php] pg_mulpay_recv.php set payment data:Array
(
    [ShopID] => 9000034600950
    [AccessID] => 9b8e4ff66f65c5a8e50e4003ee753ee7
    [OrderID] => 953337-17033101
    [Status] => UNPROCESSED
    [JobCd] => CAPTURE
    [Amount] => 11050
    [Tax] => 0
    [Currency] => JPN
    [Forward] => 2959876
    [Method] => 1
    [PayTimes] => 
    [TranID] => 2308170335602257210134151963
    [Approve] => 
    [TranDate] => 20230817033520
    [ErrCode] => G97
    [ErrInfo] => 42G970000
    [PayType] => 0
    [CvsCode] => 
    [CvsConfNo] => 
    [CvsReceiptNo] => 
    [EdyReceiptNo] => 
    [EdyOrderNo] => 
    [SuicaReceiptNo] => 
    [SuicaOrderNo] => 
    [CustID] => 
    [BkCode] => 
    [ConfNo] => 
    [PaymentTerm] => 
    [EncryptReceiptNo] => 
    [FinishDate] => 
    [ReceiptDate] => 
    [WebMoneyManagementNo] => 
    [WebMoneySettleCode] => 
    [AuPayInfoNo] => 
    [AuPayMethod] => 
    [AuCancelAmount] => 
    [AuCancelTax] => 
    [DocomoSettlementCode] => 
    [DocomoCancelAmount] => 
    [DocomoCancelTax] => 
    [pay_status] => 0
)
 from 210.175.7.20
2023/08/17 03:35:20 [/shop/user_data/pg_mulpay_recv.php] response:true from 210.175.7.20
2023/08/17 03:36:27 [/shop/shopping/load_payment_module.php] SendRequest:https://p01.mul-pay.jp/payment/ExecTran.idPass from 179.113.166.202
2023/08/17 03:36:27 [/shop/shopping/load_payment_module.php] Array
(
    [AccessID] => 9b8e4ff66f65c5a8e50e4003ee753ee7
    [AccessPass] => 03edfa46aca2b0f22f684d0d38a8664a
    [OrderID] => 953337-17033101
    [Method] => 1
    [PayTimes] => 
    [Token] => 104a5531a9a04c085b116f143bc4d5f8531b4d361edd14e5b031e91390b0205a
    [ClientField1] => 
    [ClientField2] => 
    [ClientField3] => EC-CUBE4.3.35
)
 from 179.113.166.202
2023/08/17 03:36:28 [/shop/shopping/load_payment_module.php] ErrCode=G97&ErrInfo=42G970000 from 179.113.166.202
2023/08/17 03:36:28 [/shop/shopping/load_payment_module.php] Array
(
    [0] => Array
        (
            [ErrCode] => G97
            [ErrInfo] => 42G970000
        )

)
 from 179.113.166.202
2023/08/17 03:36:28 [/shop/shopping/load_payment_module.php] load_payment_module.php set payment data:Array
(
    [request_error] => Array
        (
            [0] => このカードでは取引をする事が出来ません。 (G97-42G970000)
        )

    [Amount] => 11050
    [JobCd] => CAPTURE
    [action_status] => 3
)
 from 179.113.166.202
2023/08/17 03:36:28 [/shop/user_data/pg_mulpay_recv.php] ******* receiveer data start ******* from 210.175.7.20
2023/08/17 03:36:28 [/shop/user_data/pg_mulpay_recv.php] Array
(
    [ShopID] => 9000034600950
    [ShopPass] => **********
    [AccessID] => 9b8e4ff66f65c5a8e50e4003ee753ee7
    [AccessPass] => ********************************
    [OrderID] => 953337-17033101
    [Status] => UNPROCESSED
    [JobCd] => CAPTURE
    [Amount] => 11050
    [Tax] => 0
    [Currency] => JPN
    [Forward] => 2959876
    [Method] => 1
    [PayTimes] => 
    [TranID] => 2308170336602257210134161981
    [Approve] =>        
    [TranDate] => 20230817033628
    [ErrCode] => G97
    [ErrInfo] => 42G970000
    [PayType] => 0
)
 from 210.175.7.20
2023/08/17 03:36:28 [/shop/user_data/pg_mulpay_recv.php] ******* receiveer data end ******* from 210.175.7.20
2023/08/17 03:36:28 [/shop/user_data/pg_mulpay_recv.php] pg_mulpay_recv.php set payment data:Array
(
    [ShopID] => 9000034600950
    [AccessID] => 9b8e4ff66f65c5a8e50e4003ee753ee7
    [OrderID] => 953337-17033101
    [Status] => UNPROCESSED
    [JobCd] => CAPTURE
    [Amount] => 11050
    [Tax] => 0
    [Currency] => JPN
    [Forward] => 2959876
    [Method] => 1
    [PayTimes] => 
    [TranID] => 2308170336602257210134161981
    [Approve] => 
    [TranDate] => 20230817033628
    [ErrCode] => G97
    [ErrInfo] => 42G970000
    [PayType] => 0
    [CvsCode] => 
    [CvsConfNo] => 
    [CvsReceiptNo] => 
    [EdyReceiptNo] => 
    [EdyOrderNo] => 
    [SuicaReceiptNo] => 
    [SuicaOrderNo] => 
    [CustID] => 
    [BkCode] => 
    [ConfNo] => 
    [PaymentTerm] => 
    [EncryptReceiptNo] => 
    [FinishDate] => 
    [ReceiptDate] => 
    [WebMoneyManagementNo] => 
    [WebMoneySettleCode] => 
    [AuPayInfoNo] => 
    [AuPayMethod] => 
    [AuCancelAmount] => 
    [AuCancelTax] => 
    [DocomoSettlementCode] => 
    [DocomoCancelAmount] => 
    [DocomoCancelTax] => 
    [pay_status] => 0
)
 from 210.175.7.20
2023/08/17 03:36:28 [/shop/user_data/pg_mulpay_recv.php] response:true from 210.175.7.20
2023/08/17 03:38:06 [/shop/shopping/load_payment_module.php] SendRequest:https://p01.mul-pay.jp/payment/EntryTran.idPass from 179.113.166.202
2023/08/17 03:38:06 [/shop/shopping/load_payment_module.php] Array
(
    [ShopID] => 9000034600950
    [ShopPass] => ******
    [OrderID] => 953338-17033806
    [JobCd] => CAPTURE
    [Amount] => 11050
    [TdFlag] => 0
    [TdTenantName] => 
)
 from 179.113.166.202
2023/08/17 03:38:06 [/shop/shopping/load_payment_module.php] AccessID=778352a9a0ae3d388cb53ad5bf1e9ae0&AccessPass=4990f637873152f4c8176a78a5ede5d8 from 179.113.166.202
2023/08/17 03:38:06 [/shop/shopping/load_payment_module.php] Array
(
    [0] => Array
        (
            [AccessID] => 778352a9a0ae3d388cb53ad5bf1e9ae0
            [AccessPass] => 4990f637873152f4c8176a78a5ede5d8
        )

)
 from 179.113.166.202
2023/08/17 03:38:06 [/shop/shopping/load_payment_module.php] load_payment_module.php set payment data:Array
(
    [AccessID] => 778352a9a0ae3d388cb53ad5bf1e9ae0
    [AccessPass] => 4990f637873152f4c8176a78a5ede5d8
    [OrderID] => 953338-17033806
    [Amount] => 11050
    [JobCd] => CAPTURE
    [action_status] => 1
    [pay_status] => 0
)
 from 179.113.166.202
2023/08/17 03:38:06 [/shop/shopping/load_payment_module.php] SendRequest:https://p01.mul-pay.jp/payment/ExecTran.idPass from 179.113.166.202
2023/08/17 03:38:06 [/shop/shopping/load_payment_module.php] Array
(
    [AccessID] => 778352a9a0ae3d388cb53ad5bf1e9ae0
    [AccessPass] => 4990f637873152f4c8176a78a5ede5d8
    [OrderID] => 953338-17033806
    [Method] => 1
    [Token] => 70f7fab4fe4173d7461c10c0a802dd158c42ff20d0717a1c3150150ba7fd0245
    [ClientField1] => 
    [ClientField2] => 
    [ClientField3] => EC-CUBE4.3.35
)
 from 179.113.166.202
2023/08/17 03:38:06 [/shop/shopping/load_payment_module.php] ErrCode=G97&ErrInfo=42G970000 from 179.113.166.202
2023/08/17 03:38:06 [/shop/shopping/load_payment_module.php] Array
(
    [0] => Array
        (
            [ErrCode] => G97
            [ErrInfo] => 42G970000
        )

)
 from 179.113.166.202
2023/08/17 03:38:06 [/shop/shopping/load_payment_module.php] load_payment_module.php set payment data:Array
(
    [request_error] => Array
        (
            [0] => このカードでは取引をする事が出来ません。 (G97-42G970000)
        )

    [Amount] => 11050
    [JobCd] => CAPTURE
    [action_status] => 3
)
 from 179.113.166.202
2023/08/17 03:38:07 [/shop/user_data/pg_mulpay_recv.php] ******* receiveer data start ******* from 210.175.7.20
2023/08/17 03:38:07 [/shop/user_data/pg_mulpay_recv.php] Array
(
    [ShopID] => 9000034600950
    [ShopPass] => **********
    [AccessID] => 778352a9a0ae3d388cb53ad5bf1e9ae0
    [AccessPass] => ********************************
    [OrderID] => 953338-17033806
    [Status] => UNPROCESSED
    [JobCd] => CAPTURE
    [Amount] => 11050
    [Tax] => 0
    [Currency] => JPN
    [Forward] => 2959876
    [Method] => 1
    [PayTimes] => 
    [TranID] => 2308170338602257210134161982
    [Approve] =>        
    [TranDate] => 20230817033806
    [ErrCode] => G97
    [ErrInfo] => 42G970000
    [PayType] => 0
)
 from 210.175.7.20
2023/08/17 03:38:07 [/shop/user_data/pg_mulpay_recv.php] ******* receiveer data end ******* from 210.175.7.20
2023/08/17 03:38:07 [/shop/user_data/pg_mulpay_recv.php] pg_mulpay_recv.php set payment data:Array
(
    [ShopID] => 9000034600950
    [AccessID] => 778352a9a0ae3d388cb53ad5bf1e9ae0
    [OrderID] => 953338-17033806
    [Status] => UNPROCESSED
    [JobCd] => CAPTURE
    [Amount] => 11050
    [Tax] => 0
    [Currency] => JPN
    [Forward] => 2959876
    [Method] => 1
    [PayTimes] => 
    [TranID] => 2308170338602257210134161982
    [Approve] => 
    [TranDate] => 20230817033806
    [ErrCode] => G97
    [ErrInfo] => 42G970000
    [PayType] => 0
    [CvsCode] => 
    [CvsConfNo] => 
    [CvsReceiptNo] => 
    [EdyReceiptNo] => 
    [EdyOrderNo] => 
    [SuicaReceiptNo] => 
    [SuicaOrderNo] => 
    [CustID] => 
    [BkCode] => 
    [ConfNo] => 
    [PaymentTerm] => 
    [EncryptReceiptNo] => 
    [FinishDate] => 
    [ReceiptDate] => 
    [WebMoneyManagementNo] => 
    [WebMoneySettleCode] => 
    [AuPayInfoNo] => 
    [AuPayMethod] => 
    [AuCancelAmount] => 
    [AuCancelTax] => 
    [DocomoSettlementCode] => 
    [DocomoCancelAmount] => 
    [DocomoCancelTax] => 
    [pay_status] => 0
)
 from 210.175.7.20
2023/08/17 03:38:07 [/shop/user_data/pg_mulpay_recv.php] response:true from 210.175.7.20
2023/08/17 06:41:46 [/shop/shopping/load_payment_module.php] SendRequest:https://p01.mul-pay.jp/payment/EntryTran.idPass from 72.199.202.178
2023/08/17 06:41:46 [/shop/shopping/load_payment_module.php] Array
(
    [ShopID] => 9000034600950
    [ShopPass] => ******
    [OrderID] => 953339-17064146
    [JobCd] => CAPTURE
    [Amount] => 7480
    [TdFlag] => 0
    [TdTenantName] => 
)
 from 72.199.202.178
2023/08/17 06:41:46 [/shop/shopping/load_payment_module.php] AccessID=46aefae5e896569d7a7326b278825950&AccessPass=809811ea6bbc4e696569b6f44e417b7b from 72.199.202.178
2023/08/17 06:41:46 [/shop/shopping/load_payment_module.php] Array
(
    [0] => Array
        (
            [AccessID] => 46aefae5e896569d7a7326b278825950
            [AccessPass] => 809811ea6bbc4e696569b6f44e417b7b
        )

)
 from 72.199.202.178
2023/08/17 06:41:46 [/shop/shopping/load_payment_module.php] load_payment_module.php set payment data:Array
(
    [AccessID] => 46aefae5e896569d7a7326b278825950
    [AccessPass] => 809811ea6bbc4e696569b6f44e417b7b
    [OrderID] => 953339-17064146
    [Amount] => 7480
    [JobCd] => CAPTURE
    [action_status] => 1
    [pay_status] => 0
)
 from 72.199.202.178
2023/08/17 06:41:46 [/shop/shopping/load_payment_module.php] SendRequest:https://p01.mul-pay.jp/payment/ExecTran.idPass from 72.199.202.178
2023/08/17 06:41:46 [/shop/shopping/load_payment_module.php] Array
(
    [AccessID] => 46aefae5e896569d7a7326b278825950
    [AccessPass] => 809811ea6bbc4e696569b6f44e417b7b
    [OrderID] => 953339-17064146
    [Method] => 1
    [Token] => 0705e68b5ddeca2c29ca3bf18528efe0a0492dae79f70338ebae01614d5b6c97
    [ClientField1] => 
    [ClientField2] => 
    [ClientField3] => EC-CUBE4.3.35
)
 from 72.199.202.178
2023/08/17 06:41:46 [/shop/shopping/load_payment_module.php] ACS=0&OrderID=953339-17064146&Forward=2959876&Method=1&PayTimes=&Approve=0044029&TranID=2308170641602257210134161983&TranDate=20230817064146&CheckString=5b8dd89dd914c5c2824f3bbfed4d9ac4 from 72.199.202.178
2023/08/17 06:41:46 [/shop/shopping/load_payment_module.php] Array
(
    [0] => Array
        (
            [ACS] => 0
            [OrderID] => 953339-17064146
            [Forward] => 2959876
            [Method] => 1
            [PayTimes] => 
            [Approve] => 0044029
            [TranID] => 2308170641602257210134161983
            [TranDate] => 20230817064146
            [CheckString] => 5b8dd89dd914c5c2824f3bbfed4d9ac4
        )

)
 from 72.199.202.178
2023/08/17 06:41:46 [/shop/shopping/load_payment_module.php] load_payment_module.php set payment data:Array
(
    [ACS] => 0
    [Forward] => 2959876
    [Method] => 1
    [PayTimes] => 
    [Approve] => 0044029
    [TranID] => 2308170641602257210134161983
    [TranDate] => 20230817064146
    [CheckString] => 5b8dd89dd914c5c2824f3bbfed4d9ac4
    [Amount] => 7480
    [JobCd] => CAPTURE
    [action_status] => 3
    [pay_status] => 13
)
 from 72.199.202.178
2023/08/17 06:41:47 [/shop/user_data/pg_mulpay_recv.php] ******* receiveer data start ******* from 210.175.7.20
2023/08/17 06:41:47 [/shop/user_data/pg_mulpay_recv.php] Array
(
    [ShopID] => 9000034600950
    [ShopPass] => **********
    [AccessID] => 46aefae5e896569d7a7326b278825950
    [AccessPass] => ********************************
    [OrderID] => 953339-17064146
    [Status] => CAPTURE
    [JobCd] => CAPTURE
    [Amount] => 7480
    [Tax] => 0
    [Currency] => JPN
    [Forward] => 2959876
    [Method] => 1
    [PayTimes] => 
    [TranID] => 2308170641602257210134161983
    [Approve] => 0044029
    [TranDate] => 20230817064146
    [ErrCode] => 
    [ErrInfo] => 
    [PayType] => 0
)
 from 210.175.7.20
2023/08/17 06:41:47 [/shop/user_data/pg_mulpay_recv.php] ******* receiveer data end ******* from 210.175.7.20
2023/08/17 06:41:52 [/shop/user_data/pg_mulpay_recv.php] update order status:1 order_id=953339 from 210.175.7.20
2023/08/17 06:41:52 [/shop/user_data/pg_mulpay_recv.php] pg_mulpay_recv.php set payment data:Array
(
    [ShopID] => 9000034600950
    [AccessID] => 46aefae5e896569d7a7326b278825950
    [OrderID] => 953339-17064146
    [Status] => CAPTURE
    [JobCd] => CAPTURE
    [Amount] => 7480
    [Tax] => 0
    [Currency] => JPN
    [Forward] => 2959876
    [Method] => 1
    [PayTimes] => 
    [TranID] => 2308170641602257210134161983
    [Approve] => 0044029
    [TranDate] => 20230817064146
    [ErrCode] => 
    [ErrInfo] => 
    [PayType] => 0
    [CvsCode] => 
    [CvsConfNo] => 
    [CvsReceiptNo] => 
    [EdyReceiptNo] => 
    [EdyOrderNo] => 
    [SuicaReceiptNo] => 
    [SuicaOrderNo] => 
    [CustID] => 
    [BkCode] => 
    [ConfNo] => 
    [PaymentTerm] => 
    [EncryptReceiptNo] => 
    [FinishDate] => 
    [ReceiptDate] => 
    [WebMoneyManagementNo] => 
    [WebMoneySettleCode] => 
    [AuPayInfoNo] => 
    [AuPayMethod] => 
    [AuCancelAmount] => 
    [AuCancelTax] => 
    [DocomoSettlementCode] => 
    [DocomoCancelAmount] => 
    [DocomoCancelTax] => 
    [pay_status] => 13
)
 from 210.175.7.20
2023/08/17 06:41:52 [/shop/user_data/pg_mulpay_recv.php] response:true from 210.175.7.20
2023/08/17 08:30:23 [/shop/shopping/load_payment_module.php] SendRequest:https://p01.mul-pay.jp/payment/EntryTran.idPass from 125.9.33.58
2023/08/17 08:30:23 [/shop/shopping/load_payment_module.php] Array
(
    [ShopID] => 9000034600950
    [ShopPass] => ******
    [OrderID] => 953340-17083023
    [JobCd] => CAPTURE
    [Amount] => 9460
    [TdFlag] => 0
    [TdTenantName] => 
)
 from 125.9.33.58
2023/08/17 08:30:23 [/shop/shopping/load_payment_module.php] AccessID=afb181c02d6b991f6efe622003dd9649&AccessPass=622b6692a08aa8b0b1b1941927bddf46 from 125.9.33.58
2023/08/17 08:30:23 [/shop/shopping/load_payment_module.php] Array
(
    [0] => Array
        (
            [AccessID] => afb181c02d6b991f6efe622003dd9649
            [AccessPass] => 622b6692a08aa8b0b1b1941927bddf46
        )

)
 from 125.9.33.58
2023/08/17 08:30:23 [/shop/shopping/load_payment_module.php] load_payment_module.php set payment data:Array
(
    [AccessID] => afb181c02d6b991f6efe622003dd9649
    [AccessPass] => 622b6692a08aa8b0b1b1941927bddf46
    [OrderID] => 953340-17083023
    [Amount] => 9460
    [JobCd] => CAPTURE
    [action_status] => 1
    [pay_status] => 0
)
 from 125.9.33.58
2023/08/17 08:30:23 [/shop/shopping/load_payment_module.php] SendRequest:https://p01.mul-pay.jp/payment/ExecTran.idPass from 125.9.33.58
2023/08/17 08:30:23 [/shop/shopping/load_payment_module.php] Array
(
    [AccessID] => afb181c02d6b991f6efe622003dd9649
    [AccessPass] => 622b6692a08aa8b0b1b1941927bddf46
    [OrderID] => 953340-17083023
    [Method] => 1
    [Token] => 048b015cf5fab304a17c0a1c0249e77b2fc061aee2731555e87b6a4496f28579
    [ClientField1] => 
    [ClientField2] => 
    [ClientField3] => EC-CUBE4.3.35
)
 from 125.9.33.58
2023/08/17 08:30:24 [/shop/shopping/load_payment_module.php] ACS=0&OrderID=953340-17083023&Forward=2S49631&Method=1&PayTimes=&Approve=0054847&TranID=2308170830602257210134171919&TranDate=20230817083024&CheckString=5908637c00be272a5ce33908542d6cf7 from 125.9.33.58
2023/08/17 08:30:24 [/shop/shopping/load_payment_module.php] Array
(
    [0] => Array
        (
            [ACS] => 0
            [OrderID] => 953340-17083023
            [Forward] => 2S49631
            [Method] => 1
            [PayTimes] => 
            [Approve] => 0054847
            [TranID] => 2308170830602257210134171919
            [TranDate] => 20230817083024
            [CheckString] => 5908637c00be272a5ce33908542d6cf7
        )

)
 from 125.9.33.58
2023/08/17 08:30:24 [/shop/shopping/load_payment_module.php] load_payment_module.php set payment data:Array
(
    [ACS] => 0
    [Forward] => 2S49631
    [Method] => 1
    [PayTimes] => 
    [Approve] => 0054847
    [TranID] => 2308170830602257210134171919
    [TranDate] => 20230817083024
    [CheckString] => 5908637c00be272a5ce33908542d6cf7
    [Amount] => 9460
    [JobCd] => CAPTURE
    [action_status] => 3
    [pay_status] => 13
)
 from 125.9.33.58
2023/08/17 08:30:24 [/shop/user_data/pg_mulpay_recv.php] ******* receiveer data start ******* from 210.175.7.20
2023/08/17 08:30:24 [/shop/user_data/pg_mulpay_recv.php] Array
(
    [ShopID] => 9000034600950
    [ShopPass] => **********
    [AccessID] => afb181c02d6b991f6efe622003dd9649
    [AccessPass] => ********************************
    [OrderID] => 953340-17083023
    [Status] => CAPTURE
    [JobCd] => CAPTURE
    [Amount] => 9460
    [Tax] => 0
    [Currency] => JPN
    [Forward] => 2S49631
    [Method] => 1
    [PayTimes] => 
    [TranID] => 2308170830602257210134171919
    [Approve] => 0054847
    [TranDate] => 20230817083024
    [ErrCode] => 
    [ErrInfo] => 
    [PayType] => 0
)
 from 210.175.7.20
2023/08/17 08:30:24 [/shop/user_data/pg_mulpay_recv.php] ******* receiveer data end ******* from 210.175.7.20
2023/08/17 08:30:29 [/shop/user_data/pg_mulpay_recv.php] update order status:1 order_id=953340 from 210.175.7.20
2023/08/17 08:30:29 [/shop/user_data/pg_mulpay_recv.php] pg_mulpay_recv.php set payment data:Array
(
    [ShopID] => 9000034600950
    [AccessID] => afb181c02d6b991f6efe622003dd9649
    [OrderID] => 953340-17083023
    [Status] => CAPTURE
    [JobCd] => CAPTURE
    [Amount] => 9460
    [Tax] => 0
    [Currency] => JPN
    [Forward] => 2S49631
    [Method] => 1
    [PayTimes] => 
    [TranID] => 2308170830602257210134171919
    [Approve] => 0054847
    [TranDate] => 20230817083024
    [ErrCode] => 
    [ErrInfo] => 
    [PayType] => 0
    [CvsCode] => 
    [CvsConfNo] => 
    [CvsReceiptNo] => 
    [EdyReceiptNo] => 
    [EdyOrderNo] => 
    [SuicaReceiptNo] => 
    [SuicaOrderNo] => 
    [CustID] => 
    [BkCode] => 
    [ConfNo] => 
    [PaymentTerm] => 
    [EncryptReceiptNo] => 
    [FinishDate] => 
    [ReceiptDate] => 
    [WebMoneyManagementNo] => 
    [WebMoneySettleCode] => 
    [AuPayInfoNo] => 
    [AuPayMethod] => 
    [AuCancelAmount] => 
    [AuCancelTax] => 
    [DocomoSettlementCode] => 
    [DocomoCancelAmount] => 
    [DocomoCancelTax] => 
    [pay_status] => 13
)
 from 210.175.7.20
2023/08/17 08:30:29 [/shop/user_data/pg_mulpay_recv.php] response:true from 210.175.7.20
2023/08/17 12:17:54 [/shop/shopping/load_payment_module.php] SendRequest:https://p01.mul-pay.jp/payment/EntryTran.idPass from 126.166.176.116
2023/08/17 12:17:54 [/shop/shopping/load_payment_module.php] Array
(
    [ShopID] => 9000034600950
    [ShopPass] => ******
    [OrderID] => 953341-17121754
    [JobCd] => CAPTURE
    [Amount] => 9950
    [TdFlag] => 0
    [TdTenantName] => 
)
 from 126.166.176.116
2023/08/17 12:17:54 [/shop/shopping/load_payment_module.php] AccessID=6f2558f6bbb6c03f9e6c74743a180c41&AccessPass=b838473bccf34d478cad6876905030a1 from 126.166.176.116
2023/08/17 12:17:54 [/shop/shopping/load_payment_module.php] Array
(
    [0] => Array
        (
            [AccessID] => 6f2558f6bbb6c03f9e6c74743a180c41
            [AccessPass] => b838473bccf34d478cad6876905030a1
        )

)
 from 126.166.176.116
2023/08/17 12:17:54 [/shop/shopping/load_payment_module.php] load_payment_module.php set payment data:Array
(
    [AccessID] => 6f2558f6bbb6c03f9e6c74743a180c41
    [AccessPass] => b838473bccf34d478cad6876905030a1
    [OrderID] => 953341-17121754
    [Amount] => 9950
    [JobCd] => CAPTURE
    [action_status] => 1
    [pay_status] => 0
)
 from 126.166.176.116
2023/08/17 12:17:54 [/shop/shopping/load_payment_module.php] SendRequest:https://p01.mul-pay.jp/payment/ExecTran.idPass from 126.166.176.116
2023/08/17 12:17:54 [/shop/shopping/load_payment_module.php] Array
(
    [AccessID] => 6f2558f6bbb6c03f9e6c74743a180c41
    [AccessPass] => b838473bccf34d478cad6876905030a1
    [OrderID] => 953341-17121754
    [Method] => 1
    [Token] => 846083b29736c8d905dc751d73cafbe20b957fd483004f0755308b04af90ec59
    [ClientField1] => 
    [ClientField2] => 
    [ClientField3] => EC-CUBE4.3.35
)
 from 126.166.176.116
2023/08/17 12:17:54 [/shop/shopping/load_payment_module.php] ACS=0&OrderID=953341-17121754&Forward=2S49631&Method=1&PayTimes=&Approve=0398722&TranID=2308171217602257210134181985&TranDate=20230817121754&CheckString=a3b7268b7cb73f8a58df63b45e7e00d5 from 126.166.176.116
2023/08/17 12:17:54 [/shop/shopping/load_payment_module.php] Array
(
    [0] => Array
        (
            [ACS] => 0
            [OrderID] => 953341-17121754
            [Forward] => 2S49631
            [Method] => 1
            [PayTimes] => 
            [Approve] => 0398722
            [TranID] => 2308171217602257210134181985
            [TranDate] => 20230817121754
            [CheckString] => a3b7268b7cb73f8a58df63b45e7e00d5
        )

)
 from 126.166.176.116
2023/08/17 12:17:54 [/shop/shopping/load_payment_module.php] load_payment_module.php set payment data:Array
(
    [ACS] => 0
    [Forward] => 2S49631
    [Method] => 1
    [PayTimes] => 
    [Approve] => 0398722
    [TranID] => 2308171217602257210134181985
    [TranDate] => 20230817121754
    [CheckString] => a3b7268b7cb73f8a58df63b45e7e00d5
    [Amount] => 9950
    [JobCd] => CAPTURE
    [action_status] => 3
    [pay_status] => 13
)
 from 126.166.176.116
2023/08/17 12:17:54 [/shop/user_data/pg_mulpay_recv.php] ******* receiveer data start ******* from 210.175.7.20
2023/08/17 12:17:54 [/shop/user_data/pg_mulpay_recv.php] Array
(
    [ShopID] => 9000034600950
    [ShopPass] => **********
    [AccessID] => 6f2558f6bbb6c03f9e6c74743a180c41
    [AccessPass] => ********************************
    [OrderID] => 953341-17121754
    [Status] => CAPTURE
    [JobCd] => CAPTURE
    [Amount] => 9950
    [Tax] => 0
    [Currency] => JPN
    [Forward] => 2S49631
    [Method] => 1
    [PayTimes] => 
    [TranID] => 2308171217602257210134181985
    [Approve] => 0398722
    [TranDate] => 20230817121754
    [ErrCode] => 
    [ErrInfo] => 
    [PayType] => 0
)
 from 210.175.7.20
2023/08/17 12:17:54 [/shop/user_data/pg_mulpay_recv.php] ******* receiveer data end ******* from 210.175.7.20
2023/08/17 12:17:59 [/shop/user_data/pg_mulpay_recv.php] update order status:1 order_id=953341 from 210.175.7.20
2023/08/17 12:17:59 [/shop/user_data/pg_mulpay_recv.php] pg_mulpay_recv.php set payment data:Array
(
    [ShopID] => 9000034600950
    [AccessID] => 6f2558f6bbb6c03f9e6c74743a180c41
    [OrderID] => 953341-17121754
    [Status] => CAPTURE
    [JobCd] => CAPTURE
    [Amount] => 9950
    [Tax] => 0
    [Currency] => JPN
    [Forward] => 2S49631
    [Method] => 1
    [PayTimes] => 
    [TranID] => 2308171217602257210134181985
    [Approve] => 0398722
    [TranDate] => 20230817121754
    [ErrCode] => 
    [ErrInfo] => 
    [PayType] => 0
    [CvsCode] => 
    [CvsConfNo] => 
    [CvsReceiptNo] => 
    [EdyReceiptNo] => 
    [EdyOrderNo] => 
    [SuicaReceiptNo] => 
    [SuicaOrderNo] => 
    [CustID] => 
    [BkCode] => 
    [ConfNo] => 
    [PaymentTerm] => 
    [EncryptReceiptNo] => 
    [FinishDate] => 
    [ReceiptDate] => 
    [WebMoneyManagementNo] => 
    [WebMoneySettleCode] => 
    [AuPayInfoNo] => 
    [AuPayMethod] => 
    [AuCancelAmount] => 
    [AuCancelTax] => 
    [DocomoSettlementCode] => 
    [DocomoCancelAmount] => 
    [DocomoCancelTax] => 
    [pay_status] => 13
)
 from 210.175.7.20
2023/08/17 12:17:59 [/shop/user_data/pg_mulpay_recv.php] response:true from 210.175.7.20
2023/08/17 12:44:55 [/shop/shopping/load_payment_module.php] SendRequest:https://p01.mul-pay.jp/payment/EntryTran.idPass from 164.97.245.84
2023/08/17 12:44:55 [/shop/shopping/load_payment_module.php] Array
(
    [ShopID] => 9000034600950
    [ShopPass] => ******
    [OrderID] => 953342-17124455
    [JobCd] => CAPTURE
    [Amount] => 5960
    [TdFlag] => 0
    [TdTenantName] => 
)
 from 164.97.245.84
2023/08/17 12:44:55 [/shop/shopping/load_payment_module.php] AccessID=693a6ac0cb4bdfce368a067d7b8a884c&AccessPass=e6169c3fbef6d38750ccae33e112aef6 from 164.97.245.84
2023/08/17 12:44:55 [/shop/shopping/load_payment_module.php] Array
(
    [0] => Array
        (
            [AccessID] => 693a6ac0cb4bdfce368a067d7b8a884c
            [AccessPass] => e6169c3fbef6d38750ccae33e112aef6
        )

)
 from 164.97.245.84
2023/08/17 12:44:55 [/shop/shopping/load_payment_module.php] load_payment_module.php set payment data:Array
(
    [AccessID] => 693a6ac0cb4bdfce368a067d7b8a884c
    [AccessPass] => e6169c3fbef6d38750ccae33e112aef6
    [OrderID] => 953342-17124455
    [Amount] => 5960
    [JobCd] => CAPTURE
    [action_status] => 1
    [pay_status] => 0
)
 from 164.97.245.84
2023/08/17 12:44:55 [/shop/shopping/load_payment_module.php] SendRequest:https://p01.mul-pay.jp/payment/ExecTran.idPass from 164.97.245.84
2023/08/17 12:44:55 [/shop/shopping/load_payment_module.php] Array
(
    [AccessID] => 693a6ac0cb4bdfce368a067d7b8a884c
    [AccessPass] => e6169c3fbef6d38750ccae33e112aef6
    [OrderID] => 953342-17124455
    [Method] => 1
    [Token] => ae74927f538c1fb36613dfbd6bc93735081159719523878e3ce4d666364a48e9
    [ClientField1] => 
    [ClientField2] => 
    [ClientField3] => EC-CUBE4.3.35
)
 from 164.97.245.84
2023/08/17 12:44:56 [/shop/shopping/load_payment_module.php] ErrCode=G54&ErrInfo=42G540000 from 164.97.245.84
2023/08/17 12:44:56 [/shop/shopping/load_payment_module.php] Array
(
    [0] => Array
        (
            [ErrCode] => G54
            [ErrInfo] => 42G540000
        )

)
 from 164.97.245.84
2023/08/17 12:44:56 [/shop/shopping/load_payment_module.php] load_payment_module.php set payment data:Array
(
    [request_error] => Array
        (
            [0] => このカードでは取引をする事が出来ません。 (G54-42G540000)
        )

    [Amount] => 5960
    [JobCd] => CAPTURE
    [action_status] => 3
)
 from 164.97.245.84
2023/08/17 12:44:56 [/shop/user_data/pg_mulpay_recv.php] ******* receiveer data start ******* from 210.175.7.20
2023/08/17 12:44:56 [/shop/user_data/pg_mulpay_recv.php] Array
(
    [ShopID] => 9000034600950
    [ShopPass] => **********
    [AccessID] => 693a6ac0cb4bdfce368a067d7b8a884c
    [AccessPass] => ********************************
    [OrderID] => 953342-17124455
    [Status] => UNPROCESSED
    [JobCd] => CAPTURE
    [Amount] => 5960
    [Tax] => 0
    [Currency] => JPN
    [Forward] => 2S49631
    [Method] => 1
    [PayTimes] => 
    [TranID] => 2308171244602257210134171920
    [Approve] =>        
    [TranDate] => 20230817124456
    [ErrCode] => G54
    [ErrInfo] => 42G540000
    [PayType] => 0
)
 from 210.175.7.20
2023/08/17 12:44:56 [/shop/user_data/pg_mulpay_recv.php] ******* receiveer data end ******* from 210.175.7.20
2023/08/17 12:44:56 [/shop/user_data/pg_mulpay_recv.php] pg_mulpay_recv.php set payment data:Array
(
    [ShopID] => 9000034600950
    [AccessID] => 693a6ac0cb4bdfce368a067d7b8a884c
    [OrderID] => 953342-17124455
    [Status] => UNPROCESSED
    [JobCd] => CAPTURE
    [Amount] => 5960
    [Tax] => 0
    [Currency] => JPN
    [Forward] => 2S49631
    [Method] => 1
    [PayTimes] => 
    [TranID] => 2308171244602257210134171920
    [Approve] => 
    [TranDate] => 20230817124456
    [ErrCode] => G54
    [ErrInfo] => 42G540000
    [PayType] => 0
    [CvsCode] => 
    [CvsConfNo] => 
    [CvsReceiptNo] => 
    [EdyReceiptNo] => 
    [EdyOrderNo] => 
    [SuicaReceiptNo] => 
    [SuicaOrderNo] => 
    [CustID] => 
    [BkCode] => 
    [ConfNo] => 
    [PaymentTerm] => 
    [EncryptReceiptNo] => 
    [FinishDate] => 
    [ReceiptDate] => 
    [WebMoneyManagementNo] => 
    [WebMoneySettleCode] => 
    [AuPayInfoNo] => 
    [AuPayMethod] => 
    [AuCancelAmount] => 
    [AuCancelTax] => 
    [DocomoSettlementCode] => 
    [DocomoCancelAmount] => 
    [DocomoCancelTax] => 
    [pay_status] => 0
)
 from 210.175.7.20
2023/08/17 12:44:56 [/shop/user_data/pg_mulpay_recv.php] response:true from 210.175.7.20
2023/08/17 12:46:09 [/shop/shopping/load_payment_module.php] SendRequest:https://p01.mul-pay.jp/payment/ExecTran.idPass from 164.97.245.84
2023/08/17 12:46:09 [/shop/shopping/load_payment_module.php] Array
(
    [AccessID] => 693a6ac0cb4bdfce368a067d7b8a884c
    [AccessPass] => e6169c3fbef6d38750ccae33e112aef6
    [OrderID] => 953342-17124455
    [Method] => 1
    [PayTimes] => 
    [Token] => 7506e02f66d4ce84d13707e736cfa6c4b47f906e43dfcb2da98025f672fcadcd
    [ClientField1] => 
    [ClientField2] => 
    [ClientField3] => EC-CUBE4.3.35
)
 from 164.97.245.84
2023/08/17 12:46:10 [/shop/shopping/load_payment_module.php] ACS=0&OrderID=953342-17124455&Forward=2S49631&Method=1&PayTimes=&Approve=0097651&TranID=2308171246602257210134161984&TranDate=20230817124610&CheckString=deb31c85296f8315afa6822cad991290 from 164.97.245.84
2023/08/17 12:46:10 [/shop/shopping/load_payment_module.php] Array
(
    [0] => Array
        (
            [ACS] => 0
            [OrderID] => 953342-17124455
            [Forward] => 2S49631
            [Method] => 1
            [PayTimes] => 
            [Approve] => 0097651
            [TranID] => 2308171246602257210134161984
            [TranDate] => 20230817124610
            [CheckString] => deb31c85296f8315afa6822cad991290
        )

)
 from 164.97.245.84
2023/08/17 12:46:10 [/shop/shopping/load_payment_module.php] load_payment_module.php set payment data:Array
(
    [ACS] => 0
    [Forward] => 2S49631
    [Method] => 1
    [PayTimes] => 
    [Approve] => 0097651
    [TranID] => 2308171246602257210134161984
    [TranDate] => 20230817124610
    [CheckString] => deb31c85296f8315afa6822cad991290
    [Amount] => 5960
    [JobCd] => CAPTURE
    [action_status] => 3
    [pay_status] => 13
)
 from 164.97.245.84
2023/08/17 12:46:10 [/shop/user_data/pg_mulpay_recv.php] ******* receiveer data start ******* from 210.175.7.20
2023/08/17 12:46:10 [/shop/user_data/pg_mulpay_recv.php] Array
(
    [ShopID] => 9000034600950
    [ShopPass] => **********
    [AccessID] => 693a6ac0cb4bdfce368a067d7b8a884c
    [AccessPass] => ********************************
    [OrderID] => 953342-17124455
    [Status] => CAPTURE
    [JobCd] => CAPTURE
    [Amount] => 5960
    [Tax] => 0
    [Currency] => JPN
    [Forward] => 2S49631
    [Method] => 1
    [PayTimes] => 
    [TranID] => 2308171246602257210134161984
    [Approve] => 0097651
    [TranDate] => 20230817124610
    [ErrCode] => 
    [ErrInfo] => 
    [PayType] => 0
)
 from 210.175.7.20
2023/08/17 12:46:10 [/shop/user_data/pg_mulpay_recv.php] ******* receiveer data end ******* from 210.175.7.20
2023/08/17 12:46:15 [/shop/user_data/pg_mulpay_recv.php] update order status:1 order_id=953342 from 210.175.7.20
2023/08/17 12:46:15 [/shop/user_data/pg_mulpay_recv.php] pg_mulpay_recv.php set payment data:Array
(
    [ShopID] => 9000034600950
    [AccessID] => 693a6ac0cb4bdfce368a067d7b8a884c
    [OrderID] => 953342-17124455
    [Status] => CAPTURE
    [JobCd] => CAPTURE
    [Amount] => 5960
    [Tax] => 0
    [Currency] => JPN
    [Forward] => 2S49631
    [Method] => 1
    [PayTimes] => 
    [TranID] => 2308171246602257210134161984
    [Approve] => 0097651
    [TranDate] => 20230817124610
    [PayType] => 0
    [CvsCode] => 
    [CvsConfNo] => 
    [CvsReceiptNo] => 
    [EdyReceiptNo] => 
    [EdyOrderNo] => 
    [SuicaReceiptNo] => 
    [SuicaOrderNo] => 
    [CustID] => 
    [BkCode] => 
    [ConfNo] => 
    [PaymentTerm] => 
    [EncryptReceiptNo] => 
    [FinishDate] => 
    [ReceiptDate] => 
    [WebMoneyManagementNo] => 
    [WebMoneySettleCode] => 
    [AuPayInfoNo] => 
    [AuPayMethod] => 
    [AuCancelAmount] => 
    [AuCancelTax] => 
    [DocomoSettlementCode] => 
    [DocomoCancelAmount] => 
    [DocomoCancelTax] => 
    [pay_status] => 13
)
 from 210.175.7.20
2023/08/17 12:46:15 [/shop/user_data/pg_mulpay_recv.php] response:true from 210.175.7.20
2023/08/17 14:02:13 [/shop/shopping/load_payment_module.php] SendRequest:https://p01.mul-pay.jp/payment/EntryTran.idPass from 149.167.34.180
2023/08/17 14:02:13 [/shop/shopping/load_payment_module.php] Array
(
    [ShopID] => 9000034600950
    [ShopPass] => ******
    [OrderID] => 953343-17140213
    [JobCd] => CAPTURE
    [Amount] => 6510
    [TdFlag] => 0
    [TdTenantName] => 
)
 from 149.167.34.180
2023/08/17 14:02:13 [/shop/shopping/load_payment_module.php] AccessID=5c67a081ec0af2914adf0f725002b831&AccessPass=2f8fbf0ef4ec6d403d2815c45f18363a from 149.167.34.180
2023/08/17 14:02:13 [/shop/shopping/load_payment_module.php] Array
(
    [0] => Array
        (
            [AccessID] => 5c67a081ec0af2914adf0f725002b831
            [AccessPass] => 2f8fbf0ef4ec6d403d2815c45f18363a
        )

)
 from 149.167.34.180
2023/08/17 14:02:13 [/shop/shopping/load_payment_module.php] load_payment_module.php set payment data:Array
(
    [AccessID] => 5c67a081ec0af2914adf0f725002b831
    [AccessPass] => 2f8fbf0ef4ec6d403d2815c45f18363a
    [OrderID] => 953343-17140213
    [Amount] => 6510
    [JobCd] => CAPTURE
    [action_status] => 1
    [pay_status] => 0
)
 from 149.167.34.180
2023/08/17 14:02:13 [/shop/shopping/load_payment_module.php] SendRequest:https://p01.mul-pay.jp/payment/ExecTran.idPass from 149.167.34.180
2023/08/17 14:02:13 [/shop/shopping/load_payment_module.php] Array
(
    [AccessID] => 5c67a081ec0af2914adf0f725002b831
    [AccessPass] => 2f8fbf0ef4ec6d403d2815c45f18363a
    [OrderID] => 953343-17140213
    [Method] => 1
    [Token] => 94b17804504bde18e304a4bb33de0b1040caa2405c0c669c1108ea259ec283c7
    [ClientField1] => 
    [ClientField2] => 
    [ClientField3] => EC-CUBE4.3.35
)
 from 149.167.34.180
2023/08/17 14:02:14 [/shop/shopping/load_payment_module.php] ACS=0&OrderID=953343-17140213&Forward=2959876&Method=1&PayTimes=&Approve=0955964&TranID=2308171402602257210134181986&TranDate=20230817140214&CheckString=d64e1a28e28f54afed9217eead171bc4 from 149.167.34.180
2023/08/17 14:02:14 [/shop/shopping/load_payment_module.php] Array
(
    [0] => Array
        (
            [ACS] => 0
            [OrderID] => 953343-17140213
            [Forward] => 2959876
            [Method] => 1
            [PayTimes] => 
            [Approve] => 0955964
            [TranID] => 2308171402602257210134181986
            [TranDate] => 20230817140214
            [CheckString] => d64e1a28e28f54afed9217eead171bc4
        )

)
 from 149.167.34.180
2023/08/17 14:02:14 [/shop/shopping/load_payment_module.php] load_payment_module.php set payment data:Array
(
    [ACS] => 0
    [Forward] => 2959876
    [Method] => 1
    [PayTimes] => 
    [Approve] => 0955964
    [TranID] => 2308171402602257210134181986
    [TranDate] => 20230817140214
    [CheckString] => d64e1a28e28f54afed9217eead171bc4
    [Amount] => 6510
    [JobCd] => CAPTURE
    [action_status] => 3
    [pay_status] => 13
)
 from 149.167.34.180
2023/08/17 14:02:14 [/shop/user_data/pg_mulpay_recv.php] ******* receiveer data start ******* from 210.175.7.20
2023/08/17 14:02:14 [/shop/user_data/pg_mulpay_recv.php] Array
(
    [ShopID] => 9000034600950
    [ShopPass] => **********
    [AccessID] => 5c67a081ec0af2914adf0f725002b831
    [AccessPass] => ********************************
    [OrderID] => 953343-17140213
    [Status] => CAPTURE
    [JobCd] => CAPTURE
    [Amount] => 6510
    [Tax] => 0
    [Currency] => JPN
    [Forward] => 2959876
    [Method] => 1
    [PayTimes] => 
    [TranID] => 2308171402602257210134181986
    [Approve] => 0955964
    [TranDate] => 20230817140214
    [ErrCode] => 
    [ErrInfo] => 
    [PayType] => 0
)
 from 210.175.7.20
2023/08/17 14:02:14 [/shop/user_data/pg_mulpay_recv.php] ******* receiveer data end ******* from 210.175.7.20
2023/08/17 14:02:19 [/shop/user_data/pg_mulpay_recv.php] update order status:1 order_id=953343 from 210.175.7.20
2023/08/17 14:02:19 [/shop/user_data/pg_mulpay_recv.php] pg_mulpay_recv.php set payment data:Array
(
    [ShopID] => 9000034600950
    [AccessID] => 5c67a081ec0af2914adf0f725002b831
    [OrderID] => 953343-17140213
    [Status] => CAPTURE
    [JobCd] => CAPTURE
    [Amount] => 6510
    [Tax] => 0
    [Currency] => JPN
    [Forward] => 2959876
    [Method] => 1
    [PayTimes] => 
    [TranID] => 2308171402602257210134181986
    [Approve] => 0955964
    [TranDate] => 20230817140214
    [ErrCode] => 
    [ErrInfo] => 
    [PayType] => 0
    [CvsCode] => 
    [CvsConfNo] => 
    [CvsReceiptNo] => 
    [EdyReceiptNo] => 
    [EdyOrderNo] => 
    [SuicaReceiptNo] => 
    [SuicaOrderNo] => 
    [CustID] => 
    [BkCode] => 
    [ConfNo] => 
    [PaymentTerm] => 
    [EncryptReceiptNo] => 
    [FinishDate] => 
    [ReceiptDate] => 
    [WebMoneyManagementNo] => 
    [WebMoneySettleCode] => 
    [AuPayInfoNo] => 
    [AuPayMethod] => 
    [AuCancelAmount] => 
    [AuCancelTax] => 
    [DocomoSettlementCode] => 
    [DocomoCancelAmount] => 
    [DocomoCancelTax] => 
    [pay_status] => 13
)
 from 210.175.7.20
2023/08/17 14:02:19 [/shop/user_data/pg_mulpay_recv.php] response:true from 210.175.7.20
2023/08/17 14:24:32 [/shop/shopping/load_payment_module.php] SendRequest:https://p01.mul-pay.jp/payment/EntryTran.idPass from 180.58.198.73
2023/08/17 14:24:32 [/shop/shopping/load_payment_module.php] Array
(
    [ShopID] => 9000034600950
    [ShopPass] => ******
    [OrderID] => 953344-17142432
    [JobCd] => CAPTURE
    [Amount] => 23000
    [TdFlag] => 0
    [TdTenantName] => 
)
 from 180.58.198.73
2023/08/17 14:24:32 [/shop/shopping/load_payment_module.php] AccessID=11cea75bd62a54f9f313c8fb73a2419f&AccessPass=437c1aadd0afc67b6a94baf7aa75b91b from 180.58.198.73
2023/08/17 14:24:32 [/shop/shopping/load_payment_module.php] Array
(
    [0] => Array
        (
            [AccessID] => 11cea75bd62a54f9f313c8fb73a2419f
            [AccessPass] => 437c1aadd0afc67b6a94baf7aa75b91b
        )

)
 from 180.58.198.73
2023/08/17 14:24:32 [/shop/shopping/load_payment_module.php] load_payment_module.php set payment data:Array
(
    [AccessID] => 11cea75bd62a54f9f313c8fb73a2419f
    [AccessPass] => 437c1aadd0afc67b6a94baf7aa75b91b
    [OrderID] => 953344-17142432
    [Amount] => 23000
    [JobCd] => CAPTURE
    [action_status] => 1
    [pay_status] => 0
)
 from 180.58.198.73
2023/08/17 14:24:32 [/shop/shopping/load_payment_module.php] SendRequest:https://p01.mul-pay.jp/payment/ExecTran.idPass from 180.58.198.73
2023/08/17 14:24:32 [/shop/shopping/load_payment_module.php] Array
(
    [AccessID] => 11cea75bd62a54f9f313c8fb73a2419f
    [AccessPass] => 437c1aadd0afc67b6a94baf7aa75b91b
    [OrderID] => 953344-17142432
    [Method] => 1
    [Token] => b26f3f0288736e3afda93b254bf0ba03ec313f2816c389210e2eb21ffed3a522
    [ClientField1] => 
    [ClientField2] => 
    [ClientField3] => EC-CUBE4.3.35
)
 from 180.58.198.73
2023/08/17 14:24:32 [/shop/shopping/load_payment_module.php] ACS=0&OrderID=953344-17142432&Forward=2S49631&Method=1&PayTimes=&Approve=0017172&TranID=2308171424602257210134181987&TranDate=20230817142432&CheckString=c98e2efc6dfab136b010f8870336b8a6 from 180.58.198.73
2023/08/17 14:24:32 [/shop/shopping/load_payment_module.php] Array
(
    [0] => Array
        (
            [ACS] => 0
            [OrderID] => 953344-17142432
            [Forward] => 2S49631
            [Method] => 1
            [PayTimes] => 
            [Approve] => 0017172
            [TranID] => 2308171424602257210134181987
            [TranDate] => 20230817142432
            [CheckString] => c98e2efc6dfab136b010f8870336b8a6
        )

)
 from 180.58.198.73
2023/08/17 14:24:32 [/shop/shopping/load_payment_module.php] load_payment_module.php set payment data:Array
(
    [ACS] => 0
    [Forward] => 2S49631
    [Method] => 1
    [PayTimes] => 
    [Approve] => 0017172
    [TranID] => 2308171424602257210134181987
    [TranDate] => 20230817142432
    [CheckString] => c98e2efc6dfab136b010f8870336b8a6
    [Amount] => 23000
    [JobCd] => CAPTURE
    [action_status] => 3
    [pay_status] => 13
)
 from 180.58.198.73
2023/08/17 14:24:33 [/shop/user_data/pg_mulpay_recv.php] ******* receiveer data start ******* from 210.175.7.20
2023/08/17 14:24:33 [/shop/user_data/pg_mulpay_recv.php] Array
(
    [ShopID] => 9000034600950
    [ShopPass] => **********
    [AccessID] => 11cea75bd62a54f9f313c8fb73a2419f
    [AccessPass] => ********************************
    [OrderID] => 953344-17142432
    [Status] => CAPTURE
    [JobCd] => CAPTURE
    [Amount] => 23000
    [Tax] => 0
    [Currency] => JPN
    [Forward] => 2S49631
    [Method] => 1
    [PayTimes] => 
    [TranID] => 2308171424602257210134181987
    [Approve] => 0017172
    [TranDate] => 20230817142432
    [ErrCode] => 
    [ErrInfo] => 
    [PayType] => 0
)
 from 210.175.7.20
2023/08/17 14:24:33 [/shop/user_data/pg_mulpay_recv.php] ******* receiveer data end ******* from 210.175.7.20
2023/08/17 14:24:38 [/shop/user_data/pg_mulpay_recv.php] update order status:1 order_id=953344 from 210.175.7.20
2023/08/17 14:24:38 [/shop/user_data/pg_mulpay_recv.php] pg_mulpay_recv.php set payment data:Array
(
    [ShopID] => 9000034600950
    [AccessID] => 11cea75bd62a54f9f313c8fb73a2419f
    [OrderID] => 953344-17142432
    [Status] => CAPTURE
    [JobCd] => CAPTURE
    [Amount] => 23000
    [Tax] => 0
    [Currency] => JPN
    [Forward] => 2S49631
    [Method] => 1
    [PayTimes] => 
    [TranID] => 2308171424602257210134181987
    [Approve] => 0017172
    [TranDate] => 20230817142432
    [ErrCode] => 
    [ErrInfo] => 
    [PayType] => 0
    [CvsCode] => 
    [CvsConfNo] => 
    [CvsReceiptNo] => 
    [EdyReceiptNo] => 
    [EdyOrderNo] => 
    [SuicaReceiptNo] => 
    [SuicaOrderNo] => 
    [CustID] => 
    [BkCode] => 
    [ConfNo] => 
    [PaymentTerm] => 
    [EncryptReceiptNo] => 
    [FinishDate] => 
    [ReceiptDate] => 
    [WebMoneyManagementNo] => 
    [WebMoneySettleCode] => 
    [AuPayInfoNo] => 
    [AuPayMethod] => 
    [AuCancelAmount] => 
    [AuCancelTax] => 
    [DocomoSettlementCode] => 
    [DocomoCancelAmount] => 
    [DocomoCancelTax] => 
    [pay_status] => 13
)
 from 210.175.7.20
2023/08/17 14:24:38 [/shop/user_data/pg_mulpay_recv.php] response:true from 210.175.7.20
2023/08/17 15:50:51 [/shop/shopping/load_payment_module.php] SendRequest:https://p01.mul-pay.jp/payment/SearchMember.idPass from 126.250.72.120
2023/08/17 15:50:51 [/shop/shopping/load_payment_module.php] Array
(
    [SiteID] => mst0000007602
    [SitePass] => ******
    [MemberID] => 11962
)
 from 126.250.72.120
2023/08/17 15:50:51 [/shop/shopping/load_payment_module.php] ErrCode=E01&ErrInfo=E01390002 from 126.250.72.120
2023/08/17 15:50:51 [/shop/shopping/load_payment_module.php] Array
(
    [0] => Array
        (
            [ErrCode] => E01
            [ErrInfo] => E01390002
        )

)
 from 126.250.72.120
2023/08/17 15:50:51 [/shop/shopping/load_payment_module.php] SendRequest:https://p01.mul-pay.jp/payment/SearchCard.idPass from 126.250.72.120
2023/08/17 15:50:51 [/shop/shopping/load_payment_module.php] Array
(
    [SiteID] => mst0000007602
    [SitePass] => ******
    [MemberID] => 11962
)
 from 126.250.72.120
2023/08/17 15:50:51 [/shop/shopping/load_payment_module.php] ErrCode=E01|E01&ErrInfo=E01390002|E01240002 from 126.250.72.120
2023/08/17 15:50:51 [/shop/shopping/load_payment_module.php] Array
(
    [0] => Array
        (
            [ErrCode] => E01
            [ErrInfo] => E01390002
        )

    [1] => Array
        (
            [ErrCode] => E01
            [ErrInfo] => E01240002
        )

)
 from 126.250.72.120
2023/08/17 15:52:35 [/shop/shopping/load_payment_module.php] SendRequest:https://p01.mul-pay.jp/payment/SearchMember.idPass from 126.250.72.120
2023/08/17 15:52:35 [/shop/shopping/load_payment_module.php] Array
(
    [SiteID] => mst0000007602
    [SitePass] => ******
    [MemberID] => 11962
)
 from 126.250.72.120
2023/08/17 15:52:35 [/shop/shopping/load_payment_module.php] ErrCode=E01&ErrInfo=E01390002 from 126.250.72.120
2023/08/17 15:52:35 [/shop/shopping/load_payment_module.php] Array
(
    [0] => Array
        (
            [ErrCode] => E01
            [ErrInfo] => E01390002
        )

)
 from 126.250.72.120
2023/08/17 15:52:35 [/shop/shopping/load_payment_module.php] SendRequest:https://p01.mul-pay.jp/payment/SearchCard.idPass from 126.250.72.120
2023/08/17 15:52:35 [/shop/shopping/load_payment_module.php] Array
(
    [SiteID] => mst0000007602
    [SitePass] => ******
    [MemberID] => 11962
)
 from 126.250.72.120
2023/08/17 15:52:35 [/shop/shopping/load_payment_module.php] ErrCode=E01|E01&ErrInfo=E01390002|E01240002 from 126.250.72.120
2023/08/17 15:52:35 [/shop/shopping/load_payment_module.php] Array
(
    [0] => Array
        (
            [ErrCode] => E01
            [ErrInfo] => E01390002
        )

    [1] => Array
        (
            [ErrCode] => E01
            [ErrInfo] => E01240002
        )

)
 from 126.250.72.120
2023/08/17 15:52:35 [/shop/shopping/load_payment_module.php] SendRequest:https://p01.mul-pay.jp/payment/EntryTran.idPass from 126.250.72.120
2023/08/17 15:52:35 [/shop/shopping/load_payment_module.php] Array
(
    [ShopID] => 9000034600950
    [ShopPass] => ******
    [OrderID] => 953345-17155235
    [JobCd] => CAPTURE
    [Amount] => 9583
    [TdFlag] => 0
    [TdTenantName] => 
)
 from 126.250.72.120
2023/08/17 15:52:35 [/shop/shopping/load_payment_module.php] AccessID=09f2b9cc8c9d68592db7288bad4f0804&AccessPass=5030eafa3254db88d03633bebf2a8c48 from 126.250.72.120
2023/08/17 15:52:35 [/shop/shopping/load_payment_module.php] Array
(
    [0] => Array
        (
            [AccessID] => 09f2b9cc8c9d68592db7288bad4f0804
            [AccessPass] => 5030eafa3254db88d03633bebf2a8c48
        )

)
 from 126.250.72.120
2023/08/17 15:52:35 [/shop/shopping/load_payment_module.php] load_payment_module.php set payment data:Array
(
    [AccessID] => 09f2b9cc8c9d68592db7288bad4f0804
    [AccessPass] => 5030eafa3254db88d03633bebf2a8c48
    [OrderID] => 953345-17155235
    [Amount] => 9583
    [JobCd] => CAPTURE
    [action_status] => 1
    [pay_status] => 0
)
 from 126.250.72.120
2023/08/17 15:52:35 [/shop/shopping/load_payment_module.php] SendRequest:https://p01.mul-pay.jp/payment/ExecTran.idPass from 126.250.72.120
2023/08/17 15:52:35 [/shop/shopping/load_payment_module.php] Array
(
    [AccessID] => 09f2b9cc8c9d68592db7288bad4f0804
    [AccessPass] => 5030eafa3254db88d03633bebf2a8c48
    [OrderID] => 953345-17155235
    [Method] => 1
    [Token] => 4457a2d9e2c851de6556c7b878069438c53d58f77193df2c598a7ebb13378c94
    [ClientField1] => 
    [ClientField2] => 
    [ClientField3] => EC-CUBE4.3.35
)
 from 126.250.72.120
2023/08/17 15:52:36 [/shop/shopping/load_payment_module.php] ACS=0&OrderID=953345-17155235&Forward=2S49631&Method=1&PayTimes=&Approve=0125629&TranID=2308171552602257210134181988&TranDate=20230817155236&CheckString=89fb398a2daf446f9512423ec9811a44 from 126.250.72.120
2023/08/17 15:52:36 [/shop/shopping/load_payment_module.php] Array
(
    [0] => Array
        (
            [ACS] => 0
            [OrderID] => 953345-17155235
            [Forward] => 2S49631
            [Method] => 1
            [PayTimes] => 
            [Approve] => 0125629
            [TranID] => 2308171552602257210134181988
            [TranDate] => 20230817155236
            [CheckString] => 89fb398a2daf446f9512423ec9811a44
        )

)
 from 126.250.72.120
2023/08/17 15:52:36 [/shop/shopping/load_payment_module.php] load_payment_module.php set payment data:Array
(
    [ACS] => 0
    [Forward] => 2S49631
    [Method] => 1
    [PayTimes] => 
    [Approve] => 0125629
    [TranID] => 2308171552602257210134181988
    [TranDate] => 20230817155236
    [CheckString] => 89fb398a2daf446f9512423ec9811a44
    [Amount] => 9583
    [JobCd] => CAPTURE
    [action_status] => 3
    [pay_status] => 13
)
 from 126.250.72.120
2023/08/17 15:52:36 [/shop/user_data/pg_mulpay_recv.php] ******* receiveer data start ******* from 210.175.7.20
2023/08/17 15:52:36 [/shop/user_data/pg_mulpay_recv.php] Array
(
    [ShopID] => 9000034600950
    [ShopPass] => **********
    [AccessID] => 09f2b9cc8c9d68592db7288bad4f0804
    [AccessPass] => ********************************
    [OrderID] => 953345-17155235
    [Status] => CAPTURE
    [JobCd] => CAPTURE
    [Amount] => 9583
    [Tax] => 0
    [Currency] => JPN
    [Forward] => 2S49631
    [Method] => 1
    [PayTimes] => 
    [TranID] => 2308171552602257210134181988
    [Approve] => 0125629
    [TranDate] => 20230817155236
    [ErrCode] => 
    [ErrInfo] => 
    [PayType] => 0
)
 from 210.175.7.20
2023/08/17 15:52:36 [/shop/user_data/pg_mulpay_recv.php] ******* receiveer data end ******* from 210.175.7.20
2023/08/17 15:52:41 [/shop/user_data/pg_mulpay_recv.php] update order status:1 order_id=953345 from 210.175.7.20
2023/08/17 15:52:41 [/shop/user_data/pg_mulpay_recv.php] pg_mulpay_recv.php set payment data:Array
(
    [ShopID] => 9000034600950
    [AccessID] => 09f2b9cc8c9d68592db7288bad4f0804
    [OrderID] => 953345-17155235
    [Status] => CAPTURE
    [JobCd] => CAPTURE
    [Amount] => 9583
    [Tax] => 0
    [Currency] => JPN
    [Forward] => 2S49631
    [Method] => 1
    [PayTimes] => 
    [TranID] => 2308171552602257210134181988
    [Approve] => 0125629
    [TranDate] => 20230817155236
    [ErrCode] => 
    [ErrInfo] => 
    [PayType] => 0
    [CvsCode] => 
    [CvsConfNo] => 
    [CvsReceiptNo] => 
    [EdyReceiptNo] => 
    [EdyOrderNo] => 
    [SuicaReceiptNo] => 
    [SuicaOrderNo] => 
    [CustID] => 
    [BkCode] => 
    [ConfNo] => 
    [PaymentTerm] => 
    [EncryptReceiptNo] => 
    [FinishDate] => 
    [ReceiptDate] => 
    [WebMoneyManagementNo] => 
    [WebMoneySettleCode] => 
    [AuPayInfoNo] => 
    [AuPayMethod] => 
    [AuCancelAmount] => 
    [AuCancelTax] => 
    [DocomoSettlementCode] => 
    [DocomoCancelAmount] => 
    [DocomoCancelTax] => 
    [pay_status] => 13
)
 from 210.175.7.20
2023/08/17 15:52:41 [/shop/user_data/pg_mulpay_recv.php] response:true from 210.175.7.20
2023/08/17 15:55:32 [/shop/shopping/load_payment_module.php] SendRequest:https://p01.mul-pay.jp/payment/EntryTran.idPass from 126.164.219.105
2023/08/17 15:55:32 [/shop/shopping/load_payment_module.php] Array
(
    [ShopID] => 9000034600950
    [ShopPass] => ******
    [OrderID] => 953346-17155532
    [JobCd] => CAPTURE
    [Amount] => 3110
    [TdFlag] => 0
    [TdTenantName] => 
)
 from 126.164.219.105
2023/08/17 15:55:32 [/shop/shopping/load_payment_module.php] AccessID=5c2ee45a28a1637cc97ba822cb05dfb7&AccessPass=f0d4a0f35d7058ce37212f2f5b0fd580 from 126.164.219.105
2023/08/17 15:55:32 [/shop/shopping/load_payment_module.php] Array
(
    [0] => Array
        (
            [AccessID] => 5c2ee45a28a1637cc97ba822cb05dfb7
            [AccessPass] => f0d4a0f35d7058ce37212f2f5b0fd580
        )

)
 from 126.164.219.105
2023/08/17 15:55:32 [/shop/shopping/load_payment_module.php] load_payment_module.php set payment data:Array
(
    [AccessID] => 5c2ee45a28a1637cc97ba822cb05dfb7
    [AccessPass] => f0d4a0f35d7058ce37212f2f5b0fd580
    [OrderID] => 953346-17155532
    [Amount] => 3110
    [JobCd] => CAPTURE
    [action_status] => 1
    [pay_status] => 0
)
 from 126.164.219.105
2023/08/17 15:55:32 [/shop/shopping/load_payment_module.php] SendRequest:https://p01.mul-pay.jp/payment/ExecTran.idPass from 126.164.219.105
2023/08/17 15:55:32 [/shop/shopping/load_payment_module.php] Array
(
    [AccessID] => 5c2ee45a28a1637cc97ba822cb05dfb7
    [AccessPass] => f0d4a0f35d7058ce37212f2f5b0fd580
    [OrderID] => 953346-17155532
    [Method] => 1
    [Token] => 84a3c0350804f2110d939b02c43f709c2309b92c61b1d2ff0991ac5a3602978d
    [ClientField1] => 
    [ClientField2] => 
    [ClientField3] => EC-CUBE4.3.35
)
 from 126.164.219.105
2023/08/17 15:55:33 [/shop/shopping/load_payment_module.php] ErrCode=G97&ErrInfo=42G970000 from 126.164.219.105
2023/08/17 15:55:33 [/shop/shopping/load_payment_module.php] Array
(
    [0] => Array
        (
            [ErrCode] => G97
            [ErrInfo] => 42G970000
        )

)
 from 126.164.219.105
2023/08/17 15:55:33 [/shop/shopping/load_payment_module.php] load_payment_module.php set payment data:Array
(
    [request_error] => Array
        (
            [0] => このカードでは取引をする事が出来ません。 (G97-42G970000)
        )

    [Amount] => 3110
    [JobCd] => CAPTURE
    [action_status] => 3
)
 from 126.164.219.105
2023/08/17 15:55:33 [/shop/user_data/pg_mulpay_recv.php] ******* receiveer data start ******* from 210.175.7.20
2023/08/17 15:55:33 [/shop/user_data/pg_mulpay_recv.php] Array
(
    [ShopID] => 9000034600950
    [ShopPass] => **********
    [AccessID] => 5c2ee45a28a1637cc97ba822cb05dfb7
    [AccessPass] => ********************************
    [OrderID] => 953346-17155532
    [Status] => UNPROCESSED
    [JobCd] => CAPTURE
    [Amount] => 3110
    [Tax] => 0
    [Currency] => JPN
    [Forward] => 2959876
    [Method] => 1
    [PayTimes] => 
    [TranID] => 2308171555602257210134161985
    [Approve] =>        
    [TranDate] => 20230817155533
    [ErrCode] => G97
    [ErrInfo] => 42G970000
    [PayType] => 0
)
 from 210.175.7.20
2023/08/17 15:55:33 [/shop/user_data/pg_mulpay_recv.php] ******* receiveer data end ******* from 210.175.7.20
2023/08/17 15:55:33 [/shop/user_data/pg_mulpay_recv.php] pg_mulpay_recv.php set payment data:Array
(
    [ShopID] => 9000034600950
    [AccessID] => 5c2ee45a28a1637cc97ba822cb05dfb7
    [OrderID] => 953346-17155532
    [Status] => UNPROCESSED
    [JobCd] => CAPTURE
    [Amount] => 3110
    [Tax] => 0
    [Currency] => JPN
    [Forward] => 2959876
    [Method] => 1
    [PayTimes] => 
    [TranID] => 2308171555602257210134161985
    [Approve] => 
    [TranDate] => 20230817155533
    [ErrCode] => G97
    [ErrInfo] => 42G970000
    [PayType] => 0
    [CvsCode] => 
    [CvsConfNo] => 
    [CvsReceiptNo] => 
    [EdyReceiptNo] => 
    [EdyOrderNo] => 
    [SuicaReceiptNo] => 
    [SuicaOrderNo] => 
    [CustID] => 
    [BkCode] => 
    [ConfNo] => 
    [PaymentTerm] => 
    [EncryptReceiptNo] => 
    [FinishDate] => 
    [ReceiptDate] => 
    [WebMoneyManagementNo] => 
    [WebMoneySettleCode] => 
    [AuPayInfoNo] => 
    [AuPayMethod] => 
    [AuCancelAmount] => 
    [AuCancelTax] => 
    [DocomoSettlementCode] => 
    [DocomoCancelAmount] => 
    [DocomoCancelTax] => 
    [pay_status] => 0
)
 from 210.175.7.20
2023/08/17 15:55:33 [/shop/user_data/pg_mulpay_recv.php] response:true from 210.175.7.20
2023/08/17 15:56:29 [/shop/shopping/load_payment_module.php] SendRequest:https://p01.mul-pay.jp/payment/ExecTran.idPass from 126.164.219.105
2023/08/17 15:56:29 [/shop/shopping/load_payment_module.php] Array
(
    [AccessID] => 5c2ee45a28a1637cc97ba822cb05dfb7
    [AccessPass] => f0d4a0f35d7058ce37212f2f5b0fd580
    [OrderID] => 953346-17155532
    [Method] => 1
    [PayTimes] => 
    [Token] => 03def3e0886de6b3d11b10c1e56d152124d194cb21c3bc39ef5f342042a28bcb
    [ClientField1] => 
    [ClientField2] => 
    [ClientField3] => EC-CUBE4.3.35
)
 from 126.164.219.105
2023/08/17 15:56:30 [/shop/shopping/load_payment_module.php] ErrCode=G97&ErrInfo=42G970000 from 126.164.219.105
2023/08/17 15:56:30 [/shop/shopping/load_payment_module.php] Array
(
    [0] => Array
        (
            [ErrCode] => G97
            [ErrInfo] => 42G970000
        )

)
 from 126.164.219.105
2023/08/17 15:56:30 [/shop/shopping/load_payment_module.php] load_payment_module.php set payment data:Array
(
    [request_error] => Array
        (
            [0] => このカードでは取引をする事が出来ません。 (G97-42G970000)
        )

    [Amount] => 3110
    [JobCd] => CAPTURE
    [action_status] => 3
)
 from 126.164.219.105
2023/08/17 15:56:30 [/shop/user_data/pg_mulpay_recv.php] ******* receiveer data start ******* from 210.175.7.20
2023/08/17 15:56:30 [/shop/user_data/pg_mulpay_recv.php] Array
(
    [ShopID] => 9000034600950
    [ShopPass] => **********
    [AccessID] => 5c2ee45a28a1637cc97ba822cb05dfb7
    [AccessPass] => ********************************
    [OrderID] => 953346-17155532
    [Status] => UNPROCESSED
    [JobCd] => CAPTURE
    [Amount] => 3110
    [Tax] => 0
    [Currency] => JPN
    [Forward] => 2959876
    [Method] => 1
    [PayTimes] => 
    [TranID] => 2308171556602257210134171921
    [Approve] =>        
    [TranDate] => 20230817155630
    [ErrCode] => G97
    [ErrInfo] => 42G970000
    [PayType] => 0
)
 from 210.175.7.20
2023/08/17 15:56:30 [/shop/user_data/pg_mulpay_recv.php] ******* receiveer data end ******* from 210.175.7.20
2023/08/17 15:56:30 [/shop/user_data/pg_mulpay_recv.php] pg_mulpay_recv.php set payment data:Array
(
    [ShopID] => 9000034600950
    [AccessID] => 5c2ee45a28a1637cc97ba822cb05dfb7
    [OrderID] => 953346-17155532
    [Status] => UNPROCESSED
    [JobCd] => CAPTURE
    [Amount] => 3110
    [Tax] => 0
    [Currency] => JPN
    [Forward] => 2959876
    [Method] => 1
    [PayTimes] => 
    [TranID] => 2308171556602257210134171921
    [Approve] => 
    [TranDate] => 20230817155630
    [ErrCode] => G97
    [ErrInfo] => 42G970000
    [PayType] => 0
    [CvsCode] => 
    [CvsConfNo] => 
    [CvsReceiptNo] => 
    [EdyReceiptNo] => 
    [EdyOrderNo] => 
    [SuicaReceiptNo] => 
    [SuicaOrderNo] => 
    [CustID] => 
    [BkCode] => 
    [ConfNo] => 
    [PaymentTerm] => 
    [EncryptReceiptNo] => 
    [FinishDate] => 
    [ReceiptDate] => 
    [WebMoneyManagementNo] => 
    [WebMoneySettleCode] => 
    [AuPayInfoNo] => 
    [AuPayMethod] => 
    [AuCancelAmount] => 
    [AuCancelTax] => 
    [DocomoSettlementCode] => 
    [DocomoCancelAmount] => 
    [DocomoCancelTax] => 
    [pay_status] => 0
)
 from 210.175.7.20
2023/08/17 15:56:30 [/shop/user_data/pg_mulpay_recv.php] response:true from 210.175.7.20
2023/08/17 16:04:09 [/shop/shopping/load_payment_module.php] SendRequest:https://p01.mul-pay.jp/payment/ExecTran.idPass from 126.164.219.105
2023/08/17 16:04:09 [/shop/shopping/load_payment_module.php] Array
(
    [AccessID] => 5c2ee45a28a1637cc97ba822cb05dfb7
    [AccessPass] => f0d4a0f35d7058ce37212f2f5b0fd580
    [OrderID] => 953346-17155532
    [Method] => 1
    [PayTimes] => 
    [Token] => b75ef2b1226d7e8c9fce116b2037695529bc18c55d1ec88c58bfb73338cf34f8
    [ClientField1] => 
    [ClientField2] => 
    [ClientField3] => EC-CUBE4.3.35
)
 from 126.164.219.105
2023/08/17 16:04:10 [/shop/shopping/load_payment_module.php] ACS=0&OrderID=953346-17155532&Forward=2S49631&Method=1&PayTimes=&Approve=0100036&TranID=2308171604602257210134151964&TranDate=20230817160410&CheckString=794ec62ebffa8a8465718c5498614398 from 126.164.219.105
2023/08/17 16:04:10 [/shop/shopping/load_payment_module.php] Array
(
    [0] => Array
        (
            [ACS] => 0
            [OrderID] => 953346-17155532
            [Forward] => 2S49631
            [Method] => 1
            [PayTimes] => 
            [Approve] => 0100036
            [TranID] => 2308171604602257210134151964
            [TranDate] => 20230817160410
            [CheckString] => 794ec62ebffa8a8465718c5498614398
        )

)
 from 126.164.219.105
2023/08/17 16:04:10 [/shop/shopping/load_payment_module.php] load_payment_module.php set payment data:Array
(
    [ACS] => 0
    [Forward] => 2S49631
    [Method] => 1
    [PayTimes] => 
    [Approve] => 0100036
    [TranID] => 2308171604602257210134151964
    [TranDate] => 20230817160410
    [CheckString] => 794ec62ebffa8a8465718c5498614398
    [Amount] => 3110
    [JobCd] => CAPTURE
    [action_status] => 3
    [pay_status] => 13
)
 from 126.164.219.105
2023/08/17 16:04:10 [/shop/user_data/pg_mulpay_recv.php] ******* receiveer data start ******* from 210.175.7.20
2023/08/17 16:04:10 [/shop/user_data/pg_mulpay_recv.php] Array
(
    [ShopID] => 9000034600950
    [ShopPass] => **********
    [AccessID] => 5c2ee45a28a1637cc97ba822cb05dfb7
    [AccessPass] => ********************************
    [OrderID] => 953346-17155532
    [Status] => CAPTURE
    [JobCd] => CAPTURE
    [Amount] => 3110
    [Tax] => 0
    [Currency] => JPN
    [Forward] => 2S49631
    [Method] => 1
    [PayTimes] => 
    [TranID] => 2308171604602257210134151964
    [Approve] => 0100036
    [TranDate] => 20230817160410
    [ErrCode] => 
    [ErrInfo] => 
    [PayType] => 0
)
 from 210.175.7.20
2023/08/17 16:04:10 [/shop/user_data/pg_mulpay_recv.php] ******* receiveer data end ******* from 210.175.7.20
2023/08/17 16:04:15 [/shop/user_data/pg_mulpay_recv.php] update order status:1 order_id=953346 from 210.175.7.20
2023/08/17 16:04:15 [/shop/user_data/pg_mulpay_recv.php] pg_mulpay_recv.php set payment data:Array
(
    [ShopID] => 9000034600950
    [AccessID] => 5c2ee45a28a1637cc97ba822cb05dfb7
    [OrderID] => 953346-17155532
    [Status] => CAPTURE
    [JobCd] => CAPTURE
    [Amount] => 3110
    [Tax] => 0
    [Currency] => JPN
    [Forward] => 2S49631
    [Method] => 1
    [PayTimes] => 
    [TranID] => 2308171604602257210134151964
    [Approve] => 0100036
    [TranDate] => 20230817160410
    [PayType] => 0
    [CvsCode] => 
    [CvsConfNo] => 
    [CvsReceiptNo] => 
    [EdyReceiptNo] => 
    [EdyOrderNo] => 
    [SuicaReceiptNo] => 
    [SuicaOrderNo] => 
    [CustID] => 
    [BkCode] => 
    [ConfNo] => 
    [PaymentTerm] => 
    [EncryptReceiptNo] => 
    [FinishDate] => 
    [ReceiptDate] => 
    [WebMoneyManagementNo] => 
    [WebMoneySettleCode] => 
    [AuPayInfoNo] => 
    [AuPayMethod] => 
    [AuCancelAmount] => 
    [AuCancelTax] => 
    [DocomoSettlementCode] => 
    [DocomoCancelAmount] => 
    [DocomoCancelTax] => 
    [pay_status] => 13
)
 from 210.175.7.20
2023/08/17 16:04:15 [/shop/user_data/pg_mulpay_recv.php] response:true from 210.175.7.20
2023/08/17 16:20:34 [/shop/shopping/load_payment_module.php] SendRequest:https://p01.mul-pay.jp/payment/SearchMember.idPass from 126.149.91.35
2023/08/17 16:20:34 [/shop/shopping/load_payment_module.php] Array
(
    [SiteID] => mst0000007602
    [SitePass] => ******
    [MemberID] => 10331
)
 from 126.149.91.35
2023/08/17 16:20:35 [/shop/shopping/load_payment_module.php] ErrCode=E01&ErrInfo=E01390002 from 126.149.91.35
2023/08/17 16:20:35 [/shop/shopping/load_payment_module.php] Array
(
    [0] => Array
        (
            [ErrCode] => E01
            [ErrInfo] => E01390002
        )

)
 from 126.149.91.35
2023/08/17 16:20:35 [/shop/shopping/load_payment_module.php] SendRequest:https://p01.mul-pay.jp/payment/SearchCard.idPass from 126.149.91.35
2023/08/17 16:20:35 [/shop/shopping/load_payment_module.php] Array
(
    [SiteID] => mst0000007602
    [SitePass] => ******
    [MemberID] => 10331
)
 from 126.149.91.35
2023/08/17 16:20:35 [/shop/shopping/load_payment_module.php] ErrCode=E01|E01&ErrInfo=E01390002|E01240002 from 126.149.91.35
2023/08/17 16:20:35 [/shop/shopping/load_payment_module.php] Array
(
    [0] => Array
        (
            [ErrCode] => E01
            [ErrInfo] => E01390002
        )

    [1] => Array
        (
            [ErrCode] => E01
            [ErrInfo] => E01240002
        )

)
 from 126.149.91.35
2023/08/17 16:21:08 [/shop/shopping/load_payment_module.php] SendRequest:https://p01.mul-pay.jp/payment/SearchMember.idPass from 126.149.91.35
2023/08/17 16:21:08 [/shop/shopping/load_payment_module.php] Array
(
    [SiteID] => mst0000007602
    [SitePass] => ******
    [MemberID] => 10331
)
 from 126.149.91.35
2023/08/17 16:21:08 [/shop/shopping/load_payment_module.php] ErrCode=E01&ErrInfo=E01390002 from 126.149.91.35
2023/08/17 16:21:08 [/shop/shopping/load_payment_module.php] Array
(
    [0] => Array
        (
            [ErrCode] => E01
            [ErrInfo] => E01390002
        )

)
 from 126.149.91.35
2023/08/17 16:21:08 [/shop/shopping/load_payment_module.php] SendRequest:https://p01.mul-pay.jp/payment/SearchCard.idPass from 126.149.91.35
2023/08/17 16:21:08 [/shop/shopping/load_payment_module.php] Array
(
    [SiteID] => mst0000007602
    [SitePass] => ******
    [MemberID] => 10331
)
 from 126.149.91.35
2023/08/17 16:21:08 [/shop/shopping/load_payment_module.php] ErrCode=E01|E01&ErrInfo=E01390002|E01240002 from 126.149.91.35
2023/08/17 16:21:08 [/shop/shopping/load_payment_module.php] Array
(
    [0] => Array
        (
            [ErrCode] => E01
            [ErrInfo] => E01390002
        )

    [1] => Array
        (
            [ErrCode] => E01
            [ErrInfo] => E01240002
        )

)
 from 126.149.91.35
2023/08/17 16:21:08 [/shop/shopping/load_payment_module.php] SendRequest:https://p01.mul-pay.jp/payment/EntryTran.idPass from 126.149.91.35
2023/08/17 16:21:08 [/shop/shopping/load_payment_module.php] Array
(
    [ShopID] => 9000034600950
    [ShopPass] => ******
    [OrderID] => 953347-17162108
    [JobCd] => CAPTURE
    [Amount] => 7330
    [TdFlag] => 0
    [TdTenantName] => 
)
 from 126.149.91.35
2023/08/17 16:21:08 [/shop/shopping/load_payment_module.php] AccessID=99dde638d228b6552434170e91472acd&AccessPass=59534791d7104c354e302f8f50991daf from 126.149.91.35
2023/08/17 16:21:08 [/shop/shopping/load_payment_module.php] Array
(
    [0] => Array
        (
            [AccessID] => 99dde638d228b6552434170e91472acd
            [AccessPass] => 59534791d7104c354e302f8f50991daf
        )

)
 from 126.149.91.35
2023/08/17 16:21:08 [/shop/shopping/load_payment_module.php] load_payment_module.php set payment data:Array
(
    [AccessID] => 99dde638d228b6552434170e91472acd
    [AccessPass] => 59534791d7104c354e302f8f50991daf
    [OrderID] => 953347-17162108
    [Amount] => 7330
    [JobCd] => CAPTURE
    [action_status] => 1
    [pay_status] => 0
)
 from 126.149.91.35
2023/08/17 16:21:08 [/shop/shopping/load_payment_module.php] SendRequest:https://p01.mul-pay.jp/payment/ExecTran.idPass from 126.149.91.35
2023/08/17 16:21:08 [/shop/shopping/load_payment_module.php] Array
(
    [AccessID] => 99dde638d228b6552434170e91472acd
    [AccessPass] => 59534791d7104c354e302f8f50991daf
    [OrderID] => 953347-17162108
    [Method] => 1
    [Token] => 6466655c6a6ae40c75c739bd71b2a8452bc4b3a6f45c66b591a444aac35e2fd4
    [ClientField1] => 
    [ClientField2] => 
    [ClientField3] => EC-CUBE4.3.35
)
 from 126.149.91.35
2023/08/17 16:21:09 [/shop/shopping/load_payment_module.php] ACS=0&OrderID=953347-17162108&Forward=2S49631&Method=1&PayTimes=&Approve=0017047&TranID=2308171621602257210134181989&TranDate=20230817162109&CheckString=20d7abe63a561b7796361807b499a333 from 126.149.91.35
2023/08/17 16:21:09 [/shop/shopping/load_payment_module.php] Array
(
    [0] => Array
        (
            [ACS] => 0
            [OrderID] => 953347-17162108
            [Forward] => 2S49631
            [Method] => 1
            [PayTimes] => 
            [Approve] => 0017047
            [TranID] => 2308171621602257210134181989
            [TranDate] => 20230817162109
            [CheckString] => 20d7abe63a561b7796361807b499a333
        )

)
 from 126.149.91.35
2023/08/17 16:21:09 [/shop/shopping/load_payment_module.php] load_payment_module.php set payment data:Array
(
    [ACS] => 0
    [Forward] => 2S49631
    [Method] => 1
    [PayTimes] => 
    [Approve] => 0017047
    [TranID] => 2308171621602257210134181989
    [TranDate] => 20230817162109
    [CheckString] => 20d7abe63a561b7796361807b499a333
    [Amount] => 7330
    [JobCd] => CAPTURE
    [action_status] => 3
    [pay_status] => 13
)
 from 126.149.91.35
2023/08/17 16:21:09 [/shop/user_data/pg_mulpay_recv.php] ******* receiveer data start ******* from 210.175.7.20
2023/08/17 16:21:09 [/shop/user_data/pg_mulpay_recv.php] Array
(
    [ShopID] => 9000034600950
    [ShopPass] => **********
    [AccessID] => 99dde638d228b6552434170e91472acd
    [AccessPass] => ********************************
    [OrderID] => 953347-17162108
    [Status] => CAPTURE
    [JobCd] => CAPTURE
    [Amount] => 7330
    [Tax] => 0
    [Currency] => JPN
    [Forward] => 2S49631
    [Method] => 1
    [PayTimes] => 
    [TranID] => 2308171621602257210134181989
    [Approve] => 0017047
    [TranDate] => 20230817162109
    [ErrCode] => 
    [ErrInfo] => 
    [PayType] => 0
)
 from 210.175.7.20
2023/08/17 16:21:09 [/shop/user_data/pg_mulpay_recv.php] ******* receiveer data end ******* from 210.175.7.20
2023/08/17 16:21:14 [/shop/user_data/pg_mulpay_recv.php] update order status:1 order_id=953347 from 210.175.7.20
2023/08/17 16:21:14 [/shop/user_data/pg_mulpay_recv.php] pg_mulpay_recv.php set payment data:Array
(
    [ShopID] => 9000034600950
    [AccessID] => 99dde638d228b6552434170e91472acd
    [OrderID] => 953347-17162108
    [Status] => CAPTURE
    [JobCd] => CAPTURE
    [Amount] => 7330
    [Tax] => 0
    [Currency] => JPN
    [Forward] => 2S49631
    [Method] => 1
    [PayTimes] => 
    [TranID] => 2308171621602257210134181989
    [Approve] => 0017047
    [TranDate] => 20230817162109
    [ErrCode] => 
    [ErrInfo] => 
    [PayType] => 0
    [CvsCode] => 
    [CvsConfNo] => 
    [CvsReceiptNo] => 
    [EdyReceiptNo] => 
    [EdyOrderNo] => 
    [SuicaReceiptNo] => 
    [SuicaOrderNo] => 
    [CustID] => 
    [BkCode] => 
    [ConfNo] => 
    [PaymentTerm] => 
    [EncryptReceiptNo] => 
    [FinishDate] => 
    [ReceiptDate] => 
    [WebMoneyManagementNo] => 
    [WebMoneySettleCode] => 
    [AuPayInfoNo] => 
    [AuPayMethod] => 
    [AuCancelAmount] => 
    [AuCancelTax] => 
    [DocomoSettlementCode] => 
    [DocomoCancelAmount] => 
    [DocomoCancelTax] => 
    [pay_status] => 13
)
 from 210.175.7.20
2023/08/17 16:21:14 [/shop/user_data/pg_mulpay_recv.php] response:true from 210.175.7.20
2023/08/17 18:29:44 [/shop/shopping/load_payment_module.php] SendRequest:https://p01.mul-pay.jp/payment/SearchMember.idPass from 108.185.122.131
2023/08/17 18:29:44 [/shop/shopping/load_payment_module.php] Array
(
    [SiteID] => mst0000007602
    [SitePass] => ******
    [MemberID] => 11889
)
 from 108.185.122.131
2023/08/17 18:29:44 [/shop/shopping/load_payment_module.php] ErrCode=E01&ErrInfo=E01390002 from 108.185.122.131
2023/08/17 18:29:44 [/shop/shopping/load_payment_module.php] Array
(
    [0] => Array
        (
            [ErrCode] => E01
            [ErrInfo] => E01390002
        )

)
 from 108.185.122.131
2023/08/17 18:29:44 [/shop/shopping/load_payment_module.php] SendRequest:https://p01.mul-pay.jp/payment/SearchCard.idPass from 108.185.122.131
2023/08/17 18:29:44 [/shop/shopping/load_payment_module.php] Array
(
    [SiteID] => mst0000007602
    [SitePass] => ******
    [MemberID] => 11889
)
 from 108.185.122.131
2023/08/17 18:29:44 [/shop/shopping/load_payment_module.php] ErrCode=E01|E01&ErrInfo=E01390002|E01240002 from 108.185.122.131
2023/08/17 18:29:44 [/shop/shopping/load_payment_module.php] Array
(
    [0] => Array
        (
            [ErrCode] => E01
            [ErrInfo] => E01390002
        )

    [1] => Array
        (
            [ErrCode] => E01
            [ErrInfo] => E01240002
        )

)
 from 108.185.122.131
2023/08/17 18:30:33 [/shop/shopping/load_payment_module.php] SendRequest:https://p01.mul-pay.jp/payment/SearchMember.idPass from 108.185.122.131
2023/08/17 18:30:33 [/shop/shopping/load_payment_module.php] Array
(
    [SiteID] => mst0000007602
    [SitePass] => ******
    [MemberID] => 11889
)
 from 108.185.122.131
2023/08/17 18:30:33 [/shop/shopping/load_payment_module.php] ErrCode=E01&ErrInfo=E01390002 from 108.185.122.131
2023/08/17 18:30:33 [/shop/shopping/load_payment_module.php] Array
(
    [0] => Array
        (
            [ErrCode] => E01
            [ErrInfo] => E01390002
        )

)
 from 108.185.122.131
2023/08/17 18:30:33 [/shop/shopping/load_payment_module.php] SendRequest:https://p01.mul-pay.jp/payment/SearchCard.idPass from 108.185.122.131
2023/08/17 18:30:33 [/shop/shopping/load_payment_module.php] Array
(
    [SiteID] => mst0000007602
    [SitePass] => ******
    [MemberID] => 11889
)
 from 108.185.122.131
2023/08/17 18:30:33 [/shop/shopping/load_payment_module.php] ErrCode=E01|E01&ErrInfo=E01390002|E01240002 from 108.185.122.131
2023/08/17 18:30:33 [/shop/shopping/load_payment_module.php] Array
(
    [0] => Array
        (
            [ErrCode] => E01
            [ErrInfo] => E01390002
        )

    [1] => Array
        (
            [ErrCode] => E01
            [ErrInfo] => E01240002
        )

)
 from 108.185.122.131
2023/08/17 18:30:33 [/shop/shopping/load_payment_module.php] SendRequest:https://p01.mul-pay.jp/payment/EntryTran.idPass from 108.185.122.131
2023/08/17 18:30:33 [/shop/shopping/load_payment_module.php] Array
(
    [ShopID] => 9000034600950
    [ShopPass] => ******
    [OrderID] => 953348-17183033
    [JobCd] => CAPTURE
    [Amount] => 4380
    [TdFlag] => 0
    [TdTenantName] => 
)
 from 108.185.122.131
2023/08/17 18:30:33 [/shop/shopping/load_payment_module.php] AccessID=cc9c73e6ff0c707addddc3f0eb65c02e&AccessPass=d7e35e89fedd2bf85d32431341420114 from 108.185.122.131
2023/08/17 18:30:33 [/shop/shopping/load_payment_module.php] Array
(
    [0] => Array
        (
            [AccessID] => cc9c73e6ff0c707addddc3f0eb65c02e
            [AccessPass] => d7e35e89fedd2bf85d32431341420114
        )

)
 from 108.185.122.131
2023/08/17 18:30:33 [/shop/shopping/load_payment_module.php] load_payment_module.php set payment data:Array
(
    [AccessID] => cc9c73e6ff0c707addddc3f0eb65c02e
    [AccessPass] => d7e35e89fedd2bf85d32431341420114
    [OrderID] => 953348-17183033
    [Amount] => 4380
    [JobCd] => CAPTURE
    [action_status] => 1
    [pay_status] => 0
)
 from 108.185.122.131
2023/08/17 18:30:33 [/shop/shopping/load_payment_module.php] SendRequest:https://p01.mul-pay.jp/payment/ExecTran.idPass from 108.185.122.131
2023/08/17 18:30:33 [/shop/shopping/load_payment_module.php] Array
(
    [AccessID] => cc9c73e6ff0c707addddc3f0eb65c02e
    [AccessPass] => d7e35e89fedd2bf85d32431341420114
    [OrderID] => 953348-17183033
    [Method] => 1
    [Token] => 471e9ea1c10a1cbc4ce419797a4c429f8395bb96c03460ee564e47b192ca0094
    [ClientField1] => 
    [ClientField2] => 
    [ClientField3] => EC-CUBE4.3.35
)
 from 108.185.122.131
2023/08/17 18:30:34 [/shop/shopping/load_payment_module.php] ACS=0&OrderID=953348-17183033&Forward=2S49631&Method=1&PayTimes=&Approve=0010184&TranID=2308171830602257210134181990&TranDate=20230817183034&CheckString=41b73701d3b47bb42b84fa0c7f7d3468 from 108.185.122.131
2023/08/17 18:30:34 [/shop/shopping/load_payment_module.php] Array
(
    [0] => Array
        (
            [ACS] => 0
            [OrderID] => 953348-17183033
            [Forward] => 2S49631
            [Method] => 1
            [PayTimes] => 
            [Approve] => 0010184
            [TranID] => 2308171830602257210134181990
            [TranDate] => 20230817183034
            [CheckString] => 41b73701d3b47bb42b84fa0c7f7d3468
        )

)
 from 108.185.122.131
2023/08/17 18:30:34 [/shop/shopping/load_payment_module.php] load_payment_module.php set payment data:Array
(
    [ACS] => 0
    [Forward] => 2S49631
    [Method] => 1
    [PayTimes] => 
    [Approve] => 0010184
    [TranID] => 2308171830602257210134181990
    [TranDate] => 20230817183034
    [CheckString] => 41b73701d3b47bb42b84fa0c7f7d3468
    [Amount] => 4380
    [JobCd] => CAPTURE
    [action_status] => 3
    [pay_status] => 13
)
 from 108.185.122.131
2023/08/17 18:30:34 [/shop/user_data/pg_mulpay_recv.php] ******* receiveer data start ******* from 210.175.7.20
2023/08/17 18:30:34 [/shop/user_data/pg_mulpay_recv.php] Array
(
    [ShopID] => 9000034600950
    [ShopPass] => **********
    [AccessID] => cc9c73e6ff0c707addddc3f0eb65c02e
    [AccessPass] => ********************************
    [OrderID] => 953348-17183033
    [Status] => CAPTURE
    [JobCd] => CAPTURE
    [Amount] => 4380
    [Tax] => 0
    [Currency] => JPN
    [Forward] => 2S49631
    [Method] => 1
    [PayTimes] => 
    [TranID] => 2308171830602257210134181990
    [Approve] => 0010184
    [TranDate] => 20230817183034
    [ErrCode] => 
    [ErrInfo] => 
    [PayType] => 0
)
 from 210.175.7.20
2023/08/17 18:30:34 [/shop/user_data/pg_mulpay_recv.php] ******* receiveer data end ******* from 210.175.7.20
2023/08/17 18:30:39 [/shop/user_data/pg_mulpay_recv.php] update order status:1 order_id=953348 from 210.175.7.20
2023/08/17 18:30:39 [/shop/user_data/pg_mulpay_recv.php] pg_mulpay_recv.php set payment data:Array
(
    [ShopID] => 9000034600950
    [AccessID] => cc9c73e6ff0c707addddc3f0eb65c02e
    [OrderID] => 953348-17183033
    [Status] => CAPTURE
    [JobCd] => CAPTURE
    [Amount] => 4380
    [Tax] => 0
    [Currency] => JPN
    [Forward] => 2S49631
    [Method] => 1
    [PayTimes] => 
    [TranID] => 2308171830602257210134181990
    [Approve] => 0010184
    [TranDate] => 20230817183034
    [ErrCode] => 
    [ErrInfo] => 
    [PayType] => 0
    [CvsCode] => 
    [CvsConfNo] => 
    [CvsReceiptNo] => 
    [EdyReceiptNo] => 
    [EdyOrderNo] => 
    [SuicaReceiptNo] => 
    [SuicaOrderNo] => 
    [CustID] => 
    [BkCode] => 
    [ConfNo] => 
    [PaymentTerm] => 
    [EncryptReceiptNo] => 
    [FinishDate] => 
    [ReceiptDate] => 
    [WebMoneyManagementNo] => 
    [WebMoneySettleCode] => 
    [AuPayInfoNo] => 
    [AuPayMethod] => 
    [AuCancelAmount] => 
    [AuCancelTax] => 
    [DocomoSettlementCode] => 
    [DocomoCancelAmount] => 
    [DocomoCancelTax] => 
    [pay_status] => 13
)
 from 210.175.7.20
2023/08/17 18:30:39 [/shop/user_data/pg_mulpay_recv.php] response:true from 210.175.7.20
2023/08/17 19:31:11 [/shop/shopping/load_payment_module.php] SendRequest:https://p01.mul-pay.jp/payment/SearchMember.idPass from 185.83.69.72
2023/08/17 19:31:11 [/shop/shopping/load_payment_module.php] Array
(
    [SiteID] => mst0000007602
    [SitePass] => ******
    [MemberID] => 7699
)
 from 185.83.69.72
2023/08/17 19:31:11 [/shop/shopping/load_payment_module.php] ErrCode=E01&ErrInfo=E01390002 from 185.83.69.72
2023/08/17 19:31:11 [/shop/shopping/load_payment_module.php] Array
(
    [0] => Array
        (
            [ErrCode] => E01
            [ErrInfo] => E01390002
        )

)
 from 185.83.69.72
2023/08/17 19:31:11 [/shop/shopping/load_payment_module.php] SendRequest:https://p01.mul-pay.jp/payment/SearchCard.idPass from 185.83.69.72
2023/08/17 19:31:11 [/shop/shopping/load_payment_module.php] Array
(
    [SiteID] => mst0000007602
    [SitePass] => ******
    [MemberID] => 7699
)
 from 185.83.69.72
2023/08/17 19:31:11 [/shop/shopping/load_payment_module.php] ErrCode=E01|E01&ErrInfo=E01390002|E01240002 from 185.83.69.72
2023/08/17 19:31:11 [/shop/shopping/load_payment_module.php] Array
(
    [0] => Array
        (
            [ErrCode] => E01
            [ErrInfo] => E01390002
        )

    [1] => Array
        (
            [ErrCode] => E01
            [ErrInfo] => E01240002
        )

)
 from 185.83.69.72
2023/08/17 19:32:41 [/shop/shopping/load_payment_module.php] SendRequest:https://p01.mul-pay.jp/payment/SearchMember.idPass from 185.83.69.72
2023/08/17 19:32:41 [/shop/shopping/load_payment_module.php] Array
(
    [SiteID] => mst0000007602
    [SitePass] => ******
    [MemberID] => 7699
)
 from 185.83.69.72
2023/08/17 19:32:41 [/shop/shopping/load_payment_module.php] ErrCode=E01&ErrInfo=E01390002 from 185.83.69.72
2023/08/17 19:32:41 [/shop/shopping/load_payment_module.php] Array
(
    [0] => Array
        (
            [ErrCode] => E01
            [ErrInfo] => E01390002
        )

)
 from 185.83.69.72
2023/08/17 19:32:41 [/shop/shopping/load_payment_module.php] SendRequest:https://p01.mul-pay.jp/payment/SearchCard.idPass from 185.83.69.72
2023/08/17 19:32:41 [/shop/shopping/load_payment_module.php] Array
(
    [SiteID] => mst0000007602
    [SitePass] => ******
    [MemberID] => 7699
)
 from 185.83.69.72
2023/08/17 19:32:41 [/shop/shopping/load_payment_module.php] ErrCode=E01|E01&ErrInfo=E01390002|E01240002 from 185.83.69.72
2023/08/17 19:32:41 [/shop/shopping/load_payment_module.php] Array
(
    [0] => Array
        (
            [ErrCode] => E01
            [ErrInfo] => E01390002
        )

    [1] => Array
        (
            [ErrCode] => E01
            [ErrInfo] => E01240002
        )

)
 from 185.83.69.72
2023/08/17 19:32:41 [/shop/shopping/load_payment_module.php] SendRequest:https://p01.mul-pay.jp/payment/EntryTran.idPass from 185.83.69.72
2023/08/17 19:32:41 [/shop/shopping/load_payment_module.php] Array
(
    [ShopID] => 9000034600950
    [ShopPass] => ******
    [OrderID] => 953349-17193241
    [JobCd] => CAPTURE
    [Amount] => 5160
    [TdFlag] => 0
    [TdTenantName] => 
)
 from 185.83.69.72
2023/08/17 19:32:41 [/shop/shopping/load_payment_module.php] AccessID=0b515c568fb96434e747ea486fc4d7e2&AccessPass=7e3af0a41bbda79503aca6119b13412c from 185.83.69.72
2023/08/17 19:32:41 [/shop/shopping/load_payment_module.php] Array
(
    [0] => Array
        (
            [AccessID] => 0b515c568fb96434e747ea486fc4d7e2
            [AccessPass] => 7e3af0a41bbda79503aca6119b13412c
        )

)
 from 185.83.69.72
2023/08/17 19:32:41 [/shop/shopping/load_payment_module.php] load_payment_module.php set payment data:Array
(
    [AccessID] => 0b515c568fb96434e747ea486fc4d7e2
    [AccessPass] => 7e3af0a41bbda79503aca6119b13412c
    [OrderID] => 953349-17193241
    [Amount] => 5160
    [JobCd] => CAPTURE
    [action_status] => 1
    [pay_status] => 0
)
 from 185.83.69.72
2023/08/17 19:32:41 [/shop/shopping/load_payment_module.php] SendRequest:https://p01.mul-pay.jp/payment/ExecTran.idPass from 185.83.69.72
2023/08/17 19:32:41 [/shop/shopping/load_payment_module.php] Array
(
    [AccessID] => 0b515c568fb96434e747ea486fc4d7e2
    [AccessPass] => 7e3af0a41bbda79503aca6119b13412c
    [OrderID] => 953349-17193241
    [Method] => 1
    [Token] => 86a147ebad7278acb4dd03a80f34c9401c244f880f4e6c29a4dc1e443ecb925e
    [ClientField1] => 
    [ClientField2] => 
    [ClientField3] => EC-CUBE4.3.35
)
 from 185.83.69.72
2023/08/17 19:32:42 [/shop/shopping/load_payment_module.php] ACS=0&OrderID=953349-17193241&Forward=2959876&Method=1&PayTimes=&Approve=0762075&TranID=2308171932602257210134171922&TranDate=20230817193242&CheckString=fe91bdf6f523283e1417b48fae2a116c from 185.83.69.72
2023/08/17 19:32:42 [/shop/shopping/load_payment_module.php] Array
(
    [0] => Array
        (
            [ACS] => 0
            [OrderID] => 953349-17193241
            [Forward] => 2959876
            [Method] => 1
            [PayTimes] => 
            [Approve] => 0762075
            [TranID] => 2308171932602257210134171922
            [TranDate] => 20230817193242
            [CheckString] => fe91bdf6f523283e1417b48fae2a116c
        )

)
 from 185.83.69.72
2023/08/17 19:32:42 [/shop/shopping/load_payment_module.php] load_payment_module.php set payment data:Array
(
    [ACS] => 0
    [Forward] => 2959876
    [Method] => 1
    [PayTimes] => 
    [Approve] => 0762075
    [TranID] => 2308171932602257210134171922
    [TranDate] => 20230817193242
    [CheckString] => fe91bdf6f523283e1417b48fae2a116c
    [Amount] => 5160
    [JobCd] => CAPTURE
    [action_status] => 3
    [pay_status] => 13
)
 from 185.83.69.72
2023/08/17 19:32:42 [/shop/user_data/pg_mulpay_recv.php] ******* receiveer data start ******* from 210.175.7.20
2023/08/17 19:32:42 [/shop/user_data/pg_mulpay_recv.php] Array
(
    [ShopID] => 9000034600950
    [ShopPass] => **********
    [AccessID] => 0b515c568fb96434e747ea486fc4d7e2
    [AccessPass] => ********************************
    [OrderID] => 953349-17193241
    [Status] => CAPTURE
    [JobCd] => CAPTURE
    [Amount] => 5160
    [Tax] => 0
    [Currency] => JPN
    [Forward] => 2959876
    [Method] => 1
    [PayTimes] => 
    [TranID] => 2308171932602257210134171922
    [Approve] => 0762075
    [TranDate] => 20230817193242
    [ErrCode] => 
    [ErrInfo] => 
    [PayType] => 0
)
 from 210.175.7.20
2023/08/17 19:32:42 [/shop/user_data/pg_mulpay_recv.php] ******* receiveer data end ******* from 210.175.7.20
2023/08/17 19:32:47 [/shop/user_data/pg_mulpay_recv.php] update order status:1 order_id=953349 from 210.175.7.20
2023/08/17 19:32:47 [/shop/user_data/pg_mulpay_recv.php] pg_mulpay_recv.php set payment data:Array
(
    [ShopID] => 9000034600950
    [AccessID] => 0b515c568fb96434e747ea486fc4d7e2
    [OrderID] => 953349-17193241
    [Status] => CAPTURE
    [JobCd] => CAPTURE
    [Amount] => 5160
    [Tax] => 0
    [Currency] => JPN
    [Forward] => 2959876
    [Method] => 1
    [PayTimes] => 
    [TranID] => 2308171932602257210134171922
    [Approve] => 0762075
    [TranDate] => 20230817193242
    [ErrCode] => 
    [ErrInfo] => 
    [PayType] => 0
    [CvsCode] => 
    [CvsConfNo] => 
    [CvsReceiptNo] => 
    [EdyReceiptNo] => 
    [EdyOrderNo] => 
    [SuicaReceiptNo] => 
    [SuicaOrderNo] => 
    [CustID] => 
    [BkCode] => 
    [ConfNo] => 
    [PaymentTerm] => 
    [EncryptReceiptNo] => 
    [FinishDate] => 
    [ReceiptDate] => 
    [WebMoneyManagementNo] => 
    [WebMoneySettleCode] => 
    [AuPayInfoNo] => 
    [AuPayMethod] => 
    [AuCancelAmount] => 
    [AuCancelTax] => 
    [DocomoSettlementCode] => 
    [DocomoCancelAmount] => 
    [DocomoCancelTax] => 
    [pay_status] => 13
)
 from 210.175.7.20
2023/08/17 19:32:47 [/shop/user_data/pg_mulpay_recv.php] response:true from 210.175.7.20
2023/08/17 20:31:56 [/shop/shopping/load_payment_module.php] SendRequest:https://p01.mul-pay.jp/payment/EntryTran.idPass from 91.156.84.210
2023/08/17 20:31:56 [/shop/shopping/load_payment_module.php] Array
(
    [ShopID] => 9000034600950
    [ShopPass] => ******
    [OrderID] => 953350-17203156
    [JobCd] => CAPTURE
    [Amount] => 8100
    [TdFlag] => 0
    [TdTenantName] => 
)
 from 91.156.84.210
2023/08/17 20:31:57 [/shop/shopping/load_payment_module.php] AccessID=f913afab7ad125356a2c2f625cf99380&AccessPass=995abefc6b63d921a3a45ccc48115856 from 91.156.84.210
2023/08/17 20:31:57 [/shop/shopping/load_payment_module.php] Array
(
    [0] => Array
        (
            [AccessID] => f913afab7ad125356a2c2f625cf99380
            [AccessPass] => 995abefc6b63d921a3a45ccc48115856
        )

)
 from 91.156.84.210
2023/08/17 20:31:57 [/shop/shopping/load_payment_module.php] load_payment_module.php set payment data:Array
(
    [AccessID] => f913afab7ad125356a2c2f625cf99380
    [AccessPass] => 995abefc6b63d921a3a45ccc48115856
    [OrderID] => 953350-17203156
    [Amount] => 8100
    [JobCd] => CAPTURE
    [action_status] => 1
    [pay_status] => 0
)
 from 91.156.84.210
2023/08/17 20:31:57 [/shop/shopping/load_payment_module.php] SendRequest:https://p01.mul-pay.jp/payment/ExecTran.idPass from 91.156.84.210
2023/08/17 20:31:57 [/shop/shopping/load_payment_module.php] Array
(
    [AccessID] => f913afab7ad125356a2c2f625cf99380
    [AccessPass] => 995abefc6b63d921a3a45ccc48115856
    [OrderID] => 953350-17203156
    [Method] => 1
    [Token] => 808bbcb27074f3d027e7153d1ac014e4a27dca5b3030ef779807715135b6c796
    [ClientField1] => 
    [ClientField2] => 
    [ClientField3] => EC-CUBE4.3.35
)
 from 91.156.84.210
2023/08/17 20:31:57 [/shop/shopping/load_payment_module.php] ACS=0&OrderID=953350-17203156&Forward=2959876&Method=1&PayTimes=&Approve=0561076&TranID=2308172031602257210134151965&TranDate=20230817203157&CheckString=2e884401bfb52cc4dcb5eccb2c2fe239 from 91.156.84.210
2023/08/17 20:31:57 [/shop/shopping/load_payment_module.php] Array
(
    [0] => Array
        (
            [ACS] => 0
            [OrderID] => 953350-17203156
            [Forward] => 2959876
            [Method] => 1
            [PayTimes] => 
            [Approve] => 0561076
            [TranID] => 2308172031602257210134151965
            [TranDate] => 20230817203157
            [CheckString] => 2e884401bfb52cc4dcb5eccb2c2fe239
        )

)
 from 91.156.84.210
2023/08/17 20:31:57 [/shop/shopping/load_payment_module.php] load_payment_module.php set payment data:Array
(
    [ACS] => 0
    [Forward] => 2959876
    [Method] => 1
    [PayTimes] => 
    [Approve] => 0561076
    [TranID] => 2308172031602257210134151965
    [TranDate] => 20230817203157
    [CheckString] => 2e884401bfb52cc4dcb5eccb2c2fe239
    [Amount] => 8100
    [JobCd] => CAPTURE
    [action_status] => 3
    [pay_status] => 13
)
 from 91.156.84.210
2023/08/17 20:31:58 [/shop/user_data/pg_mulpay_recv.php] ******* receiveer data start ******* from 210.175.7.20
2023/08/17 20:31:58 [/shop/user_data/pg_mulpay_recv.php] Array
(
    [ShopID] => 9000034600950
    [ShopPass] => **********
    [AccessID] => f913afab7ad125356a2c2f625cf99380
    [AccessPass] => ********************************
    [OrderID] => 953350-17203156
    [Status] => CAPTURE
    [JobCd] => CAPTURE
    [Amount] => 8100
    [Tax] => 0
    [Currency] => JPN
    [Forward] => 2959876
    [Method] => 1
    [PayTimes] => 
    [TranID] => 2308172031602257210134151965
    [Approve] => 0561076
    [TranDate] => 20230817203157
    [ErrCode] => 
    [ErrInfo] => 
    [PayType] => 0
)
 from 210.175.7.20
2023/08/17 20:31:58 [/shop/user_data/pg_mulpay_recv.php] ******* receiveer data end ******* from 210.175.7.20
2023/08/17 20:32:03 [/shop/user_data/pg_mulpay_recv.php] update order status:1 order_id=953350 from 210.175.7.20
2023/08/17 20:32:03 [/shop/user_data/pg_mulpay_recv.php] pg_mulpay_recv.php set payment data:Array
(
    [ShopID] => 9000034600950
    [AccessID] => f913afab7ad125356a2c2f625cf99380
    [OrderID] => 953350-17203156
    [Status] => CAPTURE
    [JobCd] => CAPTURE
    [Amount] => 8100
    [Tax] => 0
    [Currency] => JPN
    [Forward] => 2959876
    [Method] => 1
    [PayTimes] => 
    [TranID] => 2308172031602257210134151965
    [Approve] => 0561076
    [TranDate] => 20230817203157
    [ErrCode] => 
    [ErrInfo] => 
    [PayType] => 0
    [CvsCode] => 
    [CvsConfNo] => 
    [CvsReceiptNo] => 
    [EdyReceiptNo] => 
    [EdyOrderNo] => 
    [SuicaReceiptNo] => 
    [SuicaOrderNo] => 
    [CustID] => 
    [BkCode] => 
    [ConfNo] => 
    [PaymentTerm] => 
    [EncryptReceiptNo] => 
    [FinishDate] => 
    [ReceiptDate] => 
    [WebMoneyManagementNo] => 
    [WebMoneySettleCode] => 
    [AuPayInfoNo] => 
    [AuPayMethod] => 
    [AuCancelAmount] => 
    [AuCancelTax] => 
    [DocomoSettlementCode] => 
    [DocomoCancelAmount] => 
    [DocomoCancelTax] => 
    [pay_status] => 13
)
 from 210.175.7.20
2023/08/17 20:32:03 [/shop/user_data/pg_mulpay_recv.php] response:true from 210.175.7.20
2023/08/17 22:16:04 [/shop/shopping/load_payment_module.php] SendRequest:https://p01.mul-pay.jp/payment/EntryTran.idPass from 179.113.166.202
2023/08/17 22:16:04 [/shop/shopping/load_payment_module.php] Array
(
    [ShopID] => 9000034600950
    [ShopPass] => ******
    [OrderID] => 953351-17221604
    [JobCd] => CAPTURE
    [Amount] => 10500
    [TdFlag] => 0
    [TdTenantName] => 
)
 from 179.113.166.202
2023/08/17 22:16:05 [/shop/shopping/load_payment_module.php] AccessID=bdbcbd8a607ba50afbe9d60c4f562e8f&AccessPass=c1407a5036d0b6318cbef91cd54e679b from 179.113.166.202
2023/08/17 22:16:05 [/shop/shopping/load_payment_module.php] Array
(
    [0] => Array
        (
            [AccessID] => bdbcbd8a607ba50afbe9d60c4f562e8f
            [AccessPass] => c1407a5036d0b6318cbef91cd54e679b
        )

)
 from 179.113.166.202
2023/08/17 22:16:05 [/shop/shopping/load_payment_module.php] load_payment_module.php set payment data:Array
(
    [AccessID] => bdbcbd8a607ba50afbe9d60c4f562e8f
    [AccessPass] => c1407a5036d0b6318cbef91cd54e679b
    [OrderID] => 953351-17221604
    [Amount] => 10500
    [JobCd] => CAPTURE
    [action_status] => 1
    [pay_status] => 0
)
 from 179.113.166.202
2023/08/17 22:16:05 [/shop/shopping/load_payment_module.php] SendRequest:https://p01.mul-pay.jp/payment/ExecTran.idPass from 179.113.166.202
2023/08/17 22:16:05 [/shop/shopping/load_payment_module.php] Array
(
    [AccessID] => bdbcbd8a607ba50afbe9d60c4f562e8f
    [AccessPass] => c1407a5036d0b6318cbef91cd54e679b
    [OrderID] => 953351-17221604
    [Method] => 1
    [Token] => 5e6a91289f0fe71fa54edece57baeb1b0807e986ee0e578845c9c7bc5fc49b74
    [ClientField1] => 
    [ClientField2] => 
    [ClientField3] => EC-CUBE4.3.35
)
 from 179.113.166.202
2023/08/17 22:16:05 [/shop/shopping/load_payment_module.php] ACS=0&OrderID=953351-17221604&Forward=2S49631&Method=1&PayTimes=&Approve=0041718&TranID=2308172216602257210134181991&TranDate=20230817221605&CheckString=283f97b92f4d49230823456191bf5e64 from 179.113.166.202
2023/08/17 22:16:05 [/shop/shopping/load_payment_module.php] Array
(
    [0] => Array
        (
            [ACS] => 0
            [OrderID] => 953351-17221604
            [Forward] => 2S49631
            [Method] => 1
            [PayTimes] => 
            [Approve] => 0041718
            [TranID] => 2308172216602257210134181991
            [TranDate] => 20230817221605
            [CheckString] => 283f97b92f4d49230823456191bf5e64
        )

)
 from 179.113.166.202
2023/08/17 22:16:05 [/shop/shopping/load_payment_module.php] load_payment_module.php set payment data:Array
(
    [ACS] => 0
    [Forward] => 2S49631
    [Method] => 1
    [PayTimes] => 
    [Approve] => 0041718
    [TranID] => 2308172216602257210134181991
    [TranDate] => 20230817221605
    [CheckString] => 283f97b92f4d49230823456191bf5e64
    [Amount] => 10500
    [JobCd] => CAPTURE
    [action_status] => 3
    [pay_status] => 13
)
 from 179.113.166.202
2023/08/17 22:16:05 [/shop/user_data/pg_mulpay_recv.php] ******* receiveer data start ******* from 210.175.7.20
2023/08/17 22:16:05 [/shop/user_data/pg_mulpay_recv.php] Array
(
    [ShopID] => 9000034600950
    [ShopPass] => **********
    [AccessID] => bdbcbd8a607ba50afbe9d60c4f562e8f
    [AccessPass] => ********************************
    [OrderID] => 953351-17221604
    [Status] => CAPTURE
    [JobCd] => CAPTURE
    [Amount] => 10500
    [Tax] => 0
    [Currency] => JPN
    [Forward] => 2S49631
    [Method] => 1
    [PayTimes] => 
    [TranID] => 2308172216602257210134181991
    [Approve] => 0041718
    [TranDate] => 20230817221605
    [ErrCode] => 
    [ErrInfo] => 
    [PayType] => 0
)
 from 210.175.7.20
2023/08/17 22:16:05 [/shop/user_data/pg_mulpay_recv.php] ******* receiveer data end ******* from 210.175.7.20
2023/08/17 22:16:10 [/shop/user_data/pg_mulpay_recv.php] update order status:1 order_id=953351 from 210.175.7.20
2023/08/17 22:16:10 [/shop/user_data/pg_mulpay_recv.php] pg_mulpay_recv.php set payment data:Array
(
    [ShopID] => 9000034600950
    [AccessID] => bdbcbd8a607ba50afbe9d60c4f562e8f
    [OrderID] => 953351-17221604
    [Status] => CAPTURE
    [JobCd] => CAPTURE
    [Amount] => 10500
    [Tax] => 0
    [Currency] => JPN
    [Forward] => 2S49631
    [Method] => 1
    [PayTimes] => 
    [TranID] => 2308172216602257210134181991
    [Approve] => 0041718
    [TranDate] => 20230817221605
    [ErrCode] => 
    [ErrInfo] => 
    [PayType] => 0
    [CvsCode] => 
    [CvsConfNo] => 
    [CvsReceiptNo] => 
    [EdyReceiptNo] => 
    [EdyOrderNo] => 
    [SuicaReceiptNo] => 
    [SuicaOrderNo] => 
    [CustID] => 
    [BkCode] => 
    [ConfNo] => 
    [PaymentTerm] => 
    [EncryptReceiptNo] => 
    [FinishDate] => 
    [ReceiptDate] => 
    [WebMoneyManagementNo] => 
    [WebMoneySettleCode] => 
    [AuPayInfoNo] => 
    [AuPayMethod] => 
    [AuCancelAmount] => 
    [AuCancelTax] => 
    [DocomoSettlementCode] => 
    [DocomoCancelAmount] => 
    [DocomoCancelTax] => 
    [pay_status] => 13
)
 from 210.175.7.20
2023/08/17 22:16:10 [/shop/user_data/pg_mulpay_recv.php] response:true from 210.175.7.20
2023/08/17 23:58:30 [/shop/shopping/load_payment_module.php] SendRequest:https://p01.mul-pay.jp/payment/SearchMember.idPass from 1.75.155.10
2023/08/17 23:58:30 [/shop/shopping/load_payment_module.php] Array
(
    [SiteID] => mst0000007602
    [SitePass] => ******
    [MemberID] => 9488
)
 from 1.75.155.10
2023/08/17 23:58:31 [/shop/shopping/load_payment_module.php] ErrCode=E01&ErrInfo=E01390002 from 1.75.155.10
2023/08/17 23:58:31 [/shop/shopping/load_payment_module.php] Array
(
    [0] => Array
        (
            [ErrCode] => E01
            [ErrInfo] => E01390002
        )

)
 from 1.75.155.10
2023/08/17 23:58:31 [/shop/shopping/load_payment_module.php] SendRequest:https://p01.mul-pay.jp/payment/SearchCard.idPass from 1.75.155.10
2023/08/17 23:58:31 [/shop/shopping/load_payment_module.php] Array
(
    [SiteID] => mst0000007602
    [SitePass] => ******
    [MemberID] => 9488
)
 from 1.75.155.10
2023/08/17 23:58:31 [/shop/shopping/load_payment_module.php] ErrCode=E01|E01&ErrInfo=E01390002|E01240002 from 1.75.155.10
2023/08/17 23:58:31 [/shop/shopping/load_payment_module.php] Array
(
    [0] => Array
        (
            [ErrCode] => E01
            [ErrInfo] => E01390002
        )

    [1] => Array
        (
            [ErrCode] => E01
            [ErrInfo] => E01240002
        )

)
 from 1.75.155.10
2023/08/17 23:59:38 [/shop/shopping/load_payment_module.php] SendRequest:https://p01.mul-pay.jp/payment/SearchMember.idPass from 1.75.155.10
2023/08/17 23:59:38 [/shop/shopping/load_payment_module.php] Array
(
    [SiteID] => mst0000007602
    [SitePass] => ******
    [MemberID] => 9488
)
 from 1.75.155.10
2023/08/17 23:59:38 [/shop/shopping/load_payment_module.php] ErrCode=E01&ErrInfo=E01390002 from 1.75.155.10
2023/08/17 23:59:38 [/shop/shopping/load_payment_module.php] Array
(
    [0] => Array
        (
            [ErrCode] => E01
            [ErrInfo] => E01390002
        )

)
 from 1.75.155.10
2023/08/17 23:59:38 [/shop/shopping/load_payment_module.php] SendRequest:https://p01.mul-pay.jp/payment/SearchCard.idPass from 1.75.155.10
2023/08/17 23:59:38 [/shop/shopping/load_payment_module.php] Array
(
    [SiteID] => mst0000007602
    [SitePass] => ******
    [MemberID] => 9488
)
 from 1.75.155.10
2023/08/17 23:59:38 [/shop/shopping/load_payment_module.php] ErrCode=E01|E01&ErrInfo=E01390002|E01240002 from 1.75.155.10
2023/08/17 23:59:38 [/shop/shopping/load_payment_module.php] Array
(
    [0] => Array
        (
            [ErrCode] => E01
            [ErrInfo] => E01390002
        )

    [1] => Array
        (
            [ErrCode] => E01
            [ErrInfo] => E01240002
        )

)
 from 1.75.155.10
2023/08/17 23:59:38 [/shop/shopping/load_payment_module.php] SendRequest:https://p01.mul-pay.jp/payment/EntryTran.idPass from 1.75.155.10
2023/08/17 23:59:38 [/shop/shopping/load_payment_module.php] Array
(
    [ShopID] => 9000034600950
    [ShopPass] => ******
    [OrderID] => 953352-17235938
    [JobCd] => CAPTURE
    [Amount] => 9144
    [TdFlag] => 0
    [TdTenantName] => 
)
 from 1.75.155.10
2023/08/17 23:59:38 [/shop/shopping/load_payment_module.php] AccessID=d642c4a50d4baeb68db5566a85a7dac2&AccessPass=86155c584b03f85e3b5549c89e6dbe9f from 1.75.155.10
2023/08/17 23:59:38 [/shop/shopping/load_payment_module.php] Array
(
    [0] => Array
        (
            [AccessID] => d642c4a50d4baeb68db5566a85a7dac2
            [AccessPass] => 86155c584b03f85e3b5549c89e6dbe9f
        )

)
 from 1.75.155.10
2023/08/17 23:59:38 [/shop/shopping/load_payment_module.php] load_payment_module.php set payment data:Array
(
    [AccessID] => d642c4a50d4baeb68db5566a85a7dac2
    [AccessPass] => 86155c584b03f85e3b5549c89e6dbe9f
    [OrderID] => 953352-17235938
    [Amount] => 9144
    [JobCd] => CAPTURE
    [action_status] => 1
    [pay_status] => 0
)
 from 1.75.155.10
2023/08/17 23:59:38 [/shop/shopping/load_payment_module.php] SendRequest:https://p01.mul-pay.jp/payment/ExecTran.idPass from 1.75.155.10
2023/08/17 23:59:38 [/shop/shopping/load_payment_module.php] Array
(
    [AccessID] => d642c4a50d4baeb68db5566a85a7dac2
    [AccessPass] => 86155c584b03f85e3b5549c89e6dbe9f
    [OrderID] => 953352-17235938
    [Method] => 1
    [Token] => 1cb5ca96340bc16c3338a9555a568c6e1b220b422ecc54b8d2b6d718a177dac3
    [ClientField1] => 
    [ClientField2] => 
    [ClientField3] => EC-CUBE4.3.35
)
 from 1.75.155.10
2023/08/17 23:59:39 [/shop/shopping/load_payment_module.php] ACS=0&OrderID=953352-17235938&Forward=2a99661&Method=1&PayTimes=&Approve=0240278&TranID=2308172359602257210134161986&TranDate=20230817235939&CheckString=adc66848669d78c69a19d01ceec900e5 from 1.75.155.10
2023/08/17 23:59:39 [/shop/shopping/load_payment_module.php] Array
(
    [0] => Array
        (
            [ACS] => 0
            [OrderID] => 953352-17235938
            [Forward] => 2a99661
            [Method] => 1
            [PayTimes] => 
            [Approve] => 0240278
            [TranID] => 2308172359602257210134161986
            [TranDate] => 20230817235939
            [CheckString] => adc66848669d78c69a19d01ceec900e5
        )

)
 from 1.75.155.10
2023/08/17 23:59:39 [/shop/shopping/load_payment_module.php] load_payment_module.php set payment data:Array
(
    [ACS] => 0
    [Forward] => 2a99661
    [Method] => 1
    [PayTimes] => 
    [Approve] => 0240278
    [TranID] => 2308172359602257210134161986
    [TranDate] => 20230817235939
    [CheckString] => adc66848669d78c69a19d01ceec900e5
    [Amount] => 9144
    [JobCd] => CAPTURE
    [action_status] => 3
    [pay_status] => 13
)
 from 1.75.155.10
2023/08/17 23:59:40 [/shop/user_data/pg_mulpay_recv.php] ******* receiveer data start ******* from 210.175.7.20
2023/08/17 23:59:40 [/shop/user_data/pg_mulpay_recv.php] Array
(
    [ShopID] => 9000034600950
    [ShopPass] => **********
    [AccessID] => d642c4a50d4baeb68db5566a85a7dac2
    [AccessPass] => ********************************
    [OrderID] => 953352-17235938
    [Status] => CAPTURE
    [JobCd] => CAPTURE
    [Amount] => 9144
    [Tax] => 0
    [Currency] => JPN
    [Forward] => 2a99661
    [Method] => 1
    [PayTimes] => 
    [TranID] => 2308172359602257210134161986
    [Approve] => 0240278
    [TranDate] => 20230817235939
    [ErrCode] => 
    [ErrInfo] => 
    [PayType] => 0
)
 from 210.175.7.20
2023/08/17 23:59:40 [/shop/user_data/pg_mulpay_recv.php] ******* receiveer data end ******* from 210.175.7.20
2023/08/17 23:59:45 [/shop/user_data/pg_mulpay_recv.php] update order status:1 order_id=953352 from 210.175.7.20
2023/08/17 23:59:45 [/shop/user_data/pg_mulpay_recv.php] pg_mulpay_recv.php set payment data:Array
(
    [ShopID] => 9000034600950
    [AccessID] => d642c4a50d4baeb68db5566a85a7dac2
    [OrderID] => 953352-17235938
    [Status] => CAPTURE
    [JobCd] => CAPTURE
    [Amount] => 9144
    [Tax] => 0
    [Currency] => JPN
    [Forward] => 2a99661
    [Method] => 1
    [PayTimes] => 
    [TranID] => 2308172359602257210134161986
    [Approve] => 0240278
    [TranDate] => 20230817235939
    [ErrCode] => 
    [ErrInfo] => 
    [PayType] => 0
    [CvsCode] => 
    [CvsConfNo] => 
    [CvsReceiptNo] => 
    [EdyReceiptNo] => 
    [EdyOrderNo] => 
    [SuicaReceiptNo] => 
    [SuicaOrderNo] => 
    [CustID] => 
    [BkCode] => 
    [ConfNo] => 
    [PaymentTerm] => 
    [EncryptReceiptNo] => 
    [FinishDate] => 
    [ReceiptDate] => 
    [WebMoneyManagementNo] => 
    [WebMoneySettleCode] => 
    [AuPayInfoNo] => 
    [AuPayMethod] => 
    [AuCancelAmount] => 
    [AuCancelTax] => 
    [DocomoSettlementCode] => 
    [DocomoCancelAmount] => 
    [DocomoCancelTax] => 
    [pay_status] => 13
)
 from 210.175.7.20
2023/08/17 23:59:45 [/shop/user_data/pg_mulpay_recv.php] response:true from 210.175.7.20
