2023/01/21 00:02:20 [/shop/shopping/load_payment_module.php] SendRequest:https://p01.mul-pay.jp/payment/EntryTran.idPass from 180.22.62.151
2023/01/21 00:02:20 [/shop/shopping/load_payment_module.php] Array
(
    [ShopID] => 9000034600950
    [ShopPass] => ******
    [OrderID] => 949269-21000220
    [JobCd] => CAPTURE
    [Amount] => 4450
    [TdFlag] => 0
    [TdTenantName] => 
)
 from 180.22.62.151
2023/01/21 00:02:20 [/shop/shopping/load_payment_module.php] AccessID=cbd78124dd8c26cbbc11352dfb9c3c5d&AccessPass=490a05cacd0c94ef125ba9d5cda79bdf from 180.22.62.151
2023/01/21 00:02:20 [/shop/shopping/load_payment_module.php] Array
(
    [0] => Array
        (
            [AccessID] => cbd78124dd8c26cbbc11352dfb9c3c5d
            [AccessPass] => 490a05cacd0c94ef125ba9d5cda79bdf
        )

)
 from 180.22.62.151
2023/01/21 00:02:20 [/shop/shopping/load_payment_module.php] load_payment_module.php set payment data:Array
(
    [AccessID] => cbd78124dd8c26cbbc11352dfb9c3c5d
    [AccessPass] => 490a05cacd0c94ef125ba9d5cda79bdf
    [OrderID] => 949269-21000220
    [Amount] => 4450
    [JobCd] => CAPTURE
    [action_status] => 1
    [pay_status] => 0
)
 from 180.22.62.151
2023/01/21 00:02:20 [/shop/shopping/load_payment_module.php] SendRequest:https://p01.mul-pay.jp/payment/ExecTran.idPass from 180.22.62.151
2023/01/21 00:02:20 [/shop/shopping/load_payment_module.php] Array
(
    [AccessID] => cbd78124dd8c26cbbc11352dfb9c3c5d
    [AccessPass] => 490a05cacd0c94ef125ba9d5cda79bdf
    [OrderID] => 949269-21000220
    [Method] => 1
    [Token] => 7ef37ad439de8f0f6d03d7a760055af94c9410068b9c7b0f2bf691d9e775e09d
    [ClientField1] => 
    [ClientField2] => 
    [ClientField3] => EC-CUBE4.3.35
)
 from 180.22.62.151
2023/01/21 00:02:21 [/shop/shopping/load_payment_module.php] ACS=0&OrderID=949269-21000220&Forward=2S49631&Method=1&PayTimes=&Approve=0106590&TranID=2301210002602257210134170826&TranDate=20230121000221&CheckString=8e9acc4f03432288444e55c8c631ebaa from 180.22.62.151
2023/01/21 00:02:21 [/shop/shopping/load_payment_module.php] Array
(
    [0] => Array
        (
            [ACS] => 0
            [OrderID] => 949269-21000220
            [Forward] => 2S49631
            [Method] => 1
            [PayTimes] => 
            [Approve] => 0106590
            [TranID] => 2301210002602257210134170826
            [TranDate] => 20230121000221
            [CheckString] => 8e9acc4f03432288444e55c8c631ebaa
        )

)
 from 180.22.62.151
2023/01/21 00:02:21 [/shop/shopping/load_payment_module.php] load_payment_module.php set payment data:Array
(
    [ACS] => 0
    [Forward] => 2S49631
    [Method] => 1
    [PayTimes] => 
    [Approve] => 0106590
    [TranID] => 2301210002602257210134170826
    [TranDate] => 20230121000221
    [CheckString] => 8e9acc4f03432288444e55c8c631ebaa
    [Amount] => 4450
    [JobCd] => CAPTURE
    [action_status] => 3
    [pay_status] => 13
)
 from 180.22.62.151
2023/01/21 00:02:21 [/shop/user_data/pg_mulpay_recv.php] ******* receiveer data start ******* from 210.175.7.20
2023/01/21 00:02:21 [/shop/user_data/pg_mulpay_recv.php] Array
(
    [ShopID] => 9000034600950
    [ShopPass] => **********
    [AccessID] => cbd78124dd8c26cbbc11352dfb9c3c5d
    [AccessPass] => ********************************
    [OrderID] => 949269-21000220
    [Status] => CAPTURE
    [JobCd] => CAPTURE
    [Amount] => 4450
    [Tax] => 0
    [Currency] => JPN
    [Forward] => 2S49631
    [Method] => 1
    [PayTimes] => 
    [TranID] => 2301210002602257210134170826
    [Approve] => 0106590
    [TranDate] => 20230121000221
    [ErrCode] => 
    [ErrInfo] => 
    [PayType] => 0
)
 from 210.175.7.20
2023/01/21 00:02:21 [/shop/user_data/pg_mulpay_recv.php] ******* receiveer data end ******* from 210.175.7.20
2023/01/21 00:02:26 [/shop/user_data/pg_mulpay_recv.php] update order status:1 order_id=949269 from 210.175.7.20
2023/01/21 00:02:26 [/shop/user_data/pg_mulpay_recv.php] pg_mulpay_recv.php set payment data:Array
(
    [ShopID] => 9000034600950
    [AccessID] => cbd78124dd8c26cbbc11352dfb9c3c5d
    [OrderID] => 949269-21000220
    [Status] => CAPTURE
    [JobCd] => CAPTURE
    [Amount] => 4450
    [Tax] => 0
    [Currency] => JPN
    [Forward] => 2S49631
    [Method] => 1
    [PayTimes] => 
    [TranID] => 2301210002602257210134170826
    [Approve] => 0106590
    [TranDate] => 20230121000221
    [ErrCode] => 
    [ErrInfo] => 
    [PayType] => 0
    [CvsCode] => 
    [CvsConfNo] => 
    [CvsReceiptNo] => 
    [EdyReceiptNo] => 
    [EdyOrderNo] => 
    [SuicaReceiptNo] => 
    [SuicaOrderNo] => 
    [CustID] => 
    [BkCode] => 
    [ConfNo] => 
    [PaymentTerm] => 
    [EncryptReceiptNo] => 
    [FinishDate] => 
    [ReceiptDate] => 
    [WebMoneyManagementNo] => 
    [WebMoneySettleCode] => 
    [AuPayInfoNo] => 
    [AuPayMethod] => 
    [AuCancelAmount] => 
    [AuCancelTax] => 
    [DocomoSettlementCode] => 
    [DocomoCancelAmount] => 
    [DocomoCancelTax] => 
    [pay_status] => 13
)
 from 210.175.7.20
2023/01/21 00:02:26 [/shop/user_data/pg_mulpay_recv.php] response:true from 210.175.7.20
2023/01/21 00:27:40 [/shop/shopping/load_payment_module.php] SendRequest:https://p01.mul-pay.jp/payment/EntryTran.idPass from 118.137.136.171
2023/01/21 00:27:40 [/shop/shopping/load_payment_module.php] Array
(
    [ShopID] => 9000034600950
    [ShopPass] => ******
    [OrderID] => 949270-21002740
    [JobCd] => CAPTURE
    [Amount] => 8600
    [TdFlag] => 0
    [TdTenantName] => 
)
 from 118.137.136.171
2023/01/21 00:27:40 [/shop/shopping/load_payment_module.php] AccessID=db4c2cfa2c1c746023c1fdde689e3d56&AccessPass=2e2b2fcab22f8167942b118ebe024596 from 118.137.136.171
2023/01/21 00:27:40 [/shop/shopping/load_payment_module.php] Array
(
    [0] => Array
        (
            [AccessID] => db4c2cfa2c1c746023c1fdde689e3d56
            [AccessPass] => 2e2b2fcab22f8167942b118ebe024596
        )

)
 from 118.137.136.171
2023/01/21 00:27:40 [/shop/shopping/load_payment_module.php] load_payment_module.php set payment data:Array
(
    [AccessID] => db4c2cfa2c1c746023c1fdde689e3d56
    [AccessPass] => 2e2b2fcab22f8167942b118ebe024596
    [OrderID] => 949270-21002740
    [Amount] => 8600
    [JobCd] => CAPTURE
    [action_status] => 1
    [pay_status] => 0
)
 from 118.137.136.171
2023/01/21 00:27:40 [/shop/shopping/load_payment_module.php] SendRequest:https://p01.mul-pay.jp/payment/ExecTran.idPass from 118.137.136.171
2023/01/21 00:27:40 [/shop/shopping/load_payment_module.php] Array
(
    [AccessID] => db4c2cfa2c1c746023c1fdde689e3d56
    [AccessPass] => 2e2b2fcab22f8167942b118ebe024596
    [OrderID] => 949270-21002740
    [Method] => 1
    [Token] => 6470c713c92dd3dac143babdd4591812583b6f6199f8d77bcbff5a6913cac450
    [ClientField1] => 
    [ClientField2] => 
    [ClientField3] => EC-CUBE4.3.35
)
 from 118.137.136.171
2023/01/21 00:27:42 [/shop/shopping/load_payment_module.php] ACS=0&OrderID=949270-21002740&Forward=2S49631&Method=1&PayTimes=&Approve=0002594&TranID=2301210027602257210134160863&TranDate=20230121002742&CheckString=6bbd751084f218ac825ac88a8b036202 from 118.137.136.171
2023/01/21 00:27:42 [/shop/shopping/load_payment_module.php] Array
(
    [0] => Array
        (
            [ACS] => 0
            [OrderID] => 949270-21002740
            [Forward] => 2S49631
            [Method] => 1
            [PayTimes] => 
            [Approve] => 0002594
            [TranID] => 2301210027602257210134160863
            [TranDate] => 20230121002742
            [CheckString] => 6bbd751084f218ac825ac88a8b036202
        )

)
 from 118.137.136.171
2023/01/21 00:27:42 [/shop/shopping/load_payment_module.php] load_payment_module.php set payment data:Array
(
    [ACS] => 0
    [Forward] => 2S49631
    [Method] => 1
    [PayTimes] => 
    [Approve] => 0002594
    [TranID] => 2301210027602257210134160863
    [TranDate] => 20230121002742
    [CheckString] => 6bbd751084f218ac825ac88a8b036202
    [Amount] => 8600
    [JobCd] => CAPTURE
    [action_status] => 3
    [pay_status] => 13
)
 from 118.137.136.171
2023/01/21 00:27:42 [/shop/user_data/pg_mulpay_recv.php] ******* receiveer data start ******* from 210.175.7.20
2023/01/21 00:27:42 [/shop/user_data/pg_mulpay_recv.php] Array
(
    [ShopID] => 9000034600950
    [ShopPass] => **********
    [AccessID] => db4c2cfa2c1c746023c1fdde689e3d56
    [AccessPass] => ********************************
    [OrderID] => 949270-21002740
    [Status] => CAPTURE
    [JobCd] => CAPTURE
    [Amount] => 8600
    [Tax] => 0
    [Currency] => JPN
    [Forward] => 2S49631
    [Method] => 1
    [PayTimes] => 
    [TranID] => 2301210027602257210134160863
    [Approve] => 0002594
    [TranDate] => 20230121002742
    [ErrCode] => 
    [ErrInfo] => 
    [PayType] => 0
)
 from 210.175.7.20
2023/01/21 00:27:42 [/shop/user_data/pg_mulpay_recv.php] ******* receiveer data end ******* from 210.175.7.20
2023/01/21 00:27:47 [/shop/user_data/pg_mulpay_recv.php] update order status:1 order_id=949270 from 210.175.7.20
2023/01/21 00:27:47 [/shop/user_data/pg_mulpay_recv.php] pg_mulpay_recv.php set payment data:Array
(
    [ShopID] => 9000034600950
    [AccessID] => db4c2cfa2c1c746023c1fdde689e3d56
    [OrderID] => 949270-21002740
    [Status] => CAPTURE
    [JobCd] => CAPTURE
    [Amount] => 8600
    [Tax] => 0
    [Currency] => JPN
    [Forward] => 2S49631
    [Method] => 1
    [PayTimes] => 
    [TranID] => 2301210027602257210134160863
    [Approve] => 0002594
    [TranDate] => 20230121002742
    [ErrCode] => 
    [ErrInfo] => 
    [PayType] => 0
    [CvsCode] => 
    [CvsConfNo] => 
    [CvsReceiptNo] => 
    [EdyReceiptNo] => 
    [EdyOrderNo] => 
    [SuicaReceiptNo] => 
    [SuicaOrderNo] => 
    [CustID] => 
    [BkCode] => 
    [ConfNo] => 
    [PaymentTerm] => 
    [EncryptReceiptNo] => 
    [FinishDate] => 
    [ReceiptDate] => 
    [WebMoneyManagementNo] => 
    [WebMoneySettleCode] => 
    [AuPayInfoNo] => 
    [AuPayMethod] => 
    [AuCancelAmount] => 
    [AuCancelTax] => 
    [DocomoSettlementCode] => 
    [DocomoCancelAmount] => 
    [DocomoCancelTax] => 
    [pay_status] => 13
)
 from 210.175.7.20
2023/01/21 00:27:47 [/shop/user_data/pg_mulpay_recv.php] response:true from 210.175.7.20
2023/01/21 02:36:19 [/shop/shopping/load_payment_module.php] SendRequest:https://p01.mul-pay.jp/payment/SearchMember.idPass from 126.213.153.143
2023/01/21 02:36:19 [/shop/shopping/load_payment_module.php] Array
(
    [SiteID] => mst0000007602
    [SitePass] => ******
    [MemberID] => 6644
)
 from 126.213.153.143
2023/01/21 02:36:19 [/shop/shopping/load_payment_module.php] ErrCode=E01&ErrInfo=E01390002 from 126.213.153.143
2023/01/21 02:36:19 [/shop/shopping/load_payment_module.php] Array
(
    [0] => Array
        (
            [ErrCode] => E01
            [ErrInfo] => E01390002
        )

)
 from 126.213.153.143
2023/01/21 02:36:19 [/shop/shopping/load_payment_module.php] SendRequest:https://p01.mul-pay.jp/payment/SearchCard.idPass from 126.213.153.143
2023/01/21 02:36:19 [/shop/shopping/load_payment_module.php] Array
(
    [SiteID] => mst0000007602
    [SitePass] => ******
    [MemberID] => 6644
)
 from 126.213.153.143
2023/01/21 02:36:19 [/shop/shopping/load_payment_module.php] ErrCode=E01|E01&ErrInfo=E01390002|E01240002 from 126.213.153.143
2023/01/21 02:36:19 [/shop/shopping/load_payment_module.php] Array
(
    [0] => Array
        (
            [ErrCode] => E01
            [ErrInfo] => E01390002
        )

    [1] => Array
        (
            [ErrCode] => E01
            [ErrInfo] => E01240002
        )

)
 from 126.213.153.143
2023/01/21 02:36:44 [/shop/shopping/load_payment_module.php] SendRequest:https://p01.mul-pay.jp/payment/SearchMember.idPass from 126.213.153.143
2023/01/21 02:36:44 [/shop/shopping/load_payment_module.php] Array
(
    [SiteID] => mst0000007602
    [SitePass] => ******
    [MemberID] => 6644
)
 from 126.213.153.143
2023/01/21 02:36:44 [/shop/shopping/load_payment_module.php] ErrCode=E01&ErrInfo=E01390002 from 126.213.153.143
2023/01/21 02:36:44 [/shop/shopping/load_payment_module.php] Array
(
    [0] => Array
        (
            [ErrCode] => E01
            [ErrInfo] => E01390002
        )

)
 from 126.213.153.143
2023/01/21 02:36:44 [/shop/shopping/load_payment_module.php] SendRequest:https://p01.mul-pay.jp/payment/SearchCard.idPass from 126.213.153.143
2023/01/21 02:36:44 [/shop/shopping/load_payment_module.php] Array
(
    [SiteID] => mst0000007602
    [SitePass] => ******
    [MemberID] => 6644
)
 from 126.213.153.143
2023/01/21 02:36:44 [/shop/shopping/load_payment_module.php] ErrCode=E01|E01&ErrInfo=E01390002|E01240002 from 126.213.153.143
2023/01/21 02:36:44 [/shop/shopping/load_payment_module.php] Array
(
    [0] => Array
        (
            [ErrCode] => E01
            [ErrInfo] => E01390002
        )

    [1] => Array
        (
            [ErrCode] => E01
            [ErrInfo] => E01240002
        )

)
 from 126.213.153.143
2023/01/21 02:36:44 [/shop/shopping/load_payment_module.php] SendRequest:https://p01.mul-pay.jp/payment/EntryTran.idPass from 126.213.153.143
2023/01/21 02:36:44 [/shop/shopping/load_payment_module.php] Array
(
    [ShopID] => 9000034600950
    [ShopPass] => ******
    [OrderID] => 949271-21023644
    [JobCd] => CAPTURE
    [Amount] => 6338
    [TdFlag] => 0
    [TdTenantName] => 
)
 from 126.213.153.143
2023/01/21 02:36:44 [/shop/shopping/load_payment_module.php] AccessID=2cd324110ad18834b8dd446b5c7ab8e1&AccessPass=56701abafbf54bfee3569ae176271d79 from 126.213.153.143
2023/01/21 02:36:44 [/shop/shopping/load_payment_module.php] Array
(
    [0] => Array
        (
            [AccessID] => 2cd324110ad18834b8dd446b5c7ab8e1
            [AccessPass] => 56701abafbf54bfee3569ae176271d79
        )

)
 from 126.213.153.143
2023/01/21 02:36:44 [/shop/shopping/load_payment_module.php] load_payment_module.php set payment data:Array
(
    [AccessID] => 2cd324110ad18834b8dd446b5c7ab8e1
    [AccessPass] => 56701abafbf54bfee3569ae176271d79
    [OrderID] => 949271-21023644
    [Amount] => 6338
    [JobCd] => CAPTURE
    [action_status] => 1
    [pay_status] => 0
)
 from 126.213.153.143
2023/01/21 02:36:44 [/shop/shopping/load_payment_module.php] SendRequest:https://p01.mul-pay.jp/payment/ExecTran.idPass from 126.213.153.143
2023/01/21 02:36:44 [/shop/shopping/load_payment_module.php] Array
(
    [AccessID] => 2cd324110ad18834b8dd446b5c7ab8e1
    [AccessPass] => 56701abafbf54bfee3569ae176271d79
    [OrderID] => 949271-21023644
    [Method] => 1
    [Token] => 4dfc61f8bac6cb95acc4d7c9f6972d7aea785d8764be51afc79c0bd5a15d19c9
    [ClientField1] => 
    [ClientField2] => 
    [ClientField3] => EC-CUBE4.3.35
)
 from 126.213.153.143
2023/01/21 02:36:45 [/shop/shopping/load_payment_module.php] ACS=0&OrderID=949271-21023644&Forward=2S49631&Method=1&PayTimes=&Approve=0643102&TranID=2301210236602257210134150854&TranDate=20230121023645&CheckString=40e5c809bfd500055defe1bbf9e1df8b from 126.213.153.143
2023/01/21 02:36:45 [/shop/shopping/load_payment_module.php] Array
(
    [0] => Array
        (
            [ACS] => 0
            [OrderID] => 949271-21023644
            [Forward] => 2S49631
            [Method] => 1
            [PayTimes] => 
            [Approve] => 0643102
            [TranID] => 2301210236602257210134150854
            [TranDate] => 20230121023645
            [CheckString] => 40e5c809bfd500055defe1bbf9e1df8b
        )

)
 from 126.213.153.143
2023/01/21 02:36:45 [/shop/shopping/load_payment_module.php] load_payment_module.php set payment data:Array
(
    [ACS] => 0
    [Forward] => 2S49631
    [Method] => 1
    [PayTimes] => 
    [Approve] => 0643102
    [TranID] => 2301210236602257210134150854
    [TranDate] => 20230121023645
    [CheckString] => 40e5c809bfd500055defe1bbf9e1df8b
    [Amount] => 6338
    [JobCd] => CAPTURE
    [action_status] => 3
    [pay_status] => 13
)
 from 126.213.153.143
2023/01/21 02:36:45 [/shop/user_data/pg_mulpay_recv.php] ******* receiveer data start ******* from 210.175.7.20
2023/01/21 02:36:45 [/shop/user_data/pg_mulpay_recv.php] Array
(
    [ShopID] => 9000034600950
    [ShopPass] => **********
    [AccessID] => 2cd324110ad18834b8dd446b5c7ab8e1
    [AccessPass] => ********************************
    [OrderID] => 949271-21023644
    [Status] => CAPTURE
    [JobCd] => CAPTURE
    [Amount] => 6338
    [Tax] => 0
    [Currency] => JPN
    [Forward] => 2S49631
    [Method] => 1
    [PayTimes] => 
    [TranID] => 2301210236602257210134150854
    [Approve] => 0643102
    [TranDate] => 20230121023645
    [ErrCode] => 
    [ErrInfo] => 
    [PayType] => 0
)
 from 210.175.7.20
2023/01/21 02:36:45 [/shop/user_data/pg_mulpay_recv.php] ******* receiveer data end ******* from 210.175.7.20
2023/01/21 02:36:50 [/shop/user_data/pg_mulpay_recv.php] update order status:1 order_id=949271 from 210.175.7.20
2023/01/21 02:36:50 [/shop/user_data/pg_mulpay_recv.php] pg_mulpay_recv.php set payment data:Array
(
    [ShopID] => 9000034600950
    [AccessID] => 2cd324110ad18834b8dd446b5c7ab8e1
    [OrderID] => 949271-21023644
    [Status] => CAPTURE
    [JobCd] => CAPTURE
    [Amount] => 6338
    [Tax] => 0
    [Currency] => JPN
    [Forward] => 2S49631
    [Method] => 1
    [PayTimes] => 
    [TranID] => 2301210236602257210134150854
    [Approve] => 0643102
    [TranDate] => 20230121023645
    [ErrCode] => 
    [ErrInfo] => 
    [PayType] => 0
    [CvsCode] => 
    [CvsConfNo] => 
    [CvsReceiptNo] => 
    [EdyReceiptNo] => 
    [EdyOrderNo] => 
    [SuicaReceiptNo] => 
    [SuicaOrderNo] => 
    [CustID] => 
    [BkCode] => 
    [ConfNo] => 
    [PaymentTerm] => 
    [EncryptReceiptNo] => 
    [FinishDate] => 
    [ReceiptDate] => 
    [WebMoneyManagementNo] => 
    [WebMoneySettleCode] => 
    [AuPayInfoNo] => 
    [AuPayMethod] => 
    [AuCancelAmount] => 
    [AuCancelTax] => 
    [DocomoSettlementCode] => 
    [DocomoCancelAmount] => 
    [DocomoCancelTax] => 
    [pay_status] => 13
)
 from 210.175.7.20
2023/01/21 02:36:50 [/shop/user_data/pg_mulpay_recv.php] response:true from 210.175.7.20
2023/01/21 02:46:27 [/shop/shopping/load_payment_module.php] SendRequest:https://p01.mul-pay.jp/payment/SearchMember.idPass from 79.21.71.181
2023/01/21 02:46:27 [/shop/shopping/load_payment_module.php] Array
(
    [SiteID] => mst0000007602
    [SitePass] => ******
    [MemberID] => 11177
)
 from 79.21.71.181
2023/01/21 02:46:27 [/shop/shopping/load_payment_module.php] ErrCode=E01&ErrInfo=E01390002 from 79.21.71.181
2023/01/21 02:46:27 [/shop/shopping/load_payment_module.php] Array
(
    [0] => Array
        (
            [ErrCode] => E01
            [ErrInfo] => E01390002
        )

)
 from 79.21.71.181
2023/01/21 02:46:27 [/shop/shopping/load_payment_module.php] SendRequest:https://p01.mul-pay.jp/payment/SearchCard.idPass from 79.21.71.181
2023/01/21 02:46:27 [/shop/shopping/load_payment_module.php] Array
(
    [SiteID] => mst0000007602
    [SitePass] => ******
    [MemberID] => 11177
)
 from 79.21.71.181
2023/01/21 02:46:27 [/shop/shopping/load_payment_module.php] ErrCode=E01|E01&ErrInfo=E01390002|E01240002 from 79.21.71.181
2023/01/21 02:46:27 [/shop/shopping/load_payment_module.php] Array
(
    [0] => Array
        (
            [ErrCode] => E01
            [ErrInfo] => E01390002
        )

    [1] => Array
        (
            [ErrCode] => E01
            [ErrInfo] => E01240002
        )

)
 from 79.21.71.181
2023/01/21 02:48:09 [/shop/shopping/load_payment_module.php] SendRequest:https://p01.mul-pay.jp/payment/SearchMember.idPass from 79.21.71.181
2023/01/21 02:48:09 [/shop/shopping/load_payment_module.php] Array
(
    [SiteID] => mst0000007602
    [SitePass] => ******
    [MemberID] => 11177
)
 from 79.21.71.181
2023/01/21 02:48:09 [/shop/shopping/load_payment_module.php] ErrCode=E01&ErrInfo=E01390002 from 79.21.71.181
2023/01/21 02:48:09 [/shop/shopping/load_payment_module.php] Array
(
    [0] => Array
        (
            [ErrCode] => E01
            [ErrInfo] => E01390002
        )

)
 from 79.21.71.181
2023/01/21 02:48:09 [/shop/shopping/load_payment_module.php] SendRequest:https://p01.mul-pay.jp/payment/SearchCard.idPass from 79.21.71.181
2023/01/21 02:48:09 [/shop/shopping/load_payment_module.php] Array
(
    [SiteID] => mst0000007602
    [SitePass] => ******
    [MemberID] => 11177
)
 from 79.21.71.181
2023/01/21 02:48:09 [/shop/shopping/load_payment_module.php] ErrCode=E01|E01&ErrInfo=E01390002|E01240002 from 79.21.71.181
2023/01/21 02:48:09 [/shop/shopping/load_payment_module.php] Array
(
    [0] => Array
        (
            [ErrCode] => E01
            [ErrInfo] => E01390002
        )

    [1] => Array
        (
            [ErrCode] => E01
            [ErrInfo] => E01240002
        )

)
 from 79.21.71.181
2023/01/21 02:48:09 [/shop/shopping/load_payment_module.php] SendRequest:https://p01.mul-pay.jp/payment/EntryTran.idPass from 79.21.71.181
2023/01/21 02:48:09 [/shop/shopping/load_payment_module.php] Array
(
    [ShopID] => 9000034600950
    [ShopPass] => ******
    [OrderID] => 949272-21024809
    [JobCd] => CAPTURE
    [Amount] => 5490
    [TdFlag] => 0
    [TdTenantName] => 
)
 from 79.21.71.181
2023/01/21 02:48:09 [/shop/shopping/load_payment_module.php] AccessID=21d3076cee15164060a85c21fb093a57&AccessPass=527ca14577d189bbe6e57fc55e0e9207 from 79.21.71.181
2023/01/21 02:48:09 [/shop/shopping/load_payment_module.php] Array
(
    [0] => Array
        (
            [AccessID] => 21d3076cee15164060a85c21fb093a57
            [AccessPass] => 527ca14577d189bbe6e57fc55e0e9207
        )

)
 from 79.21.71.181
2023/01/21 02:48:09 [/shop/shopping/load_payment_module.php] load_payment_module.php set payment data:Array
(
    [AccessID] => 21d3076cee15164060a85c21fb093a57
    [AccessPass] => 527ca14577d189bbe6e57fc55e0e9207
    [OrderID] => 949272-21024809
    [Amount] => 5490
    [JobCd] => CAPTURE
    [action_status] => 1
    [pay_status] => 0
)
 from 79.21.71.181
2023/01/21 02:48:09 [/shop/shopping/load_payment_module.php] SendRequest:https://p01.mul-pay.jp/payment/ExecTran.idPass from 79.21.71.181
2023/01/21 02:48:09 [/shop/shopping/load_payment_module.php] Array
(
    [AccessID] => 21d3076cee15164060a85c21fb093a57
    [AccessPass] => 527ca14577d189bbe6e57fc55e0e9207
    [OrderID] => 949272-21024809
    [Method] => 1
    [Token] => f90fae768672838c3ce3e90a44acd5fce42ba3c05f4de54fdd64a4696232aa8b
    [ClientField1] => 
    [ClientField2] => 
    [ClientField3] => EC-CUBE4.3.35
)
 from 79.21.71.181
2023/01/21 02:48:10 [/shop/shopping/load_payment_module.php] ACS=0&OrderID=949272-21024809&Forward=2S49631&Method=1&PayTimes=&Approve=0288900&TranID=2301210248602257210134170827&TranDate=20230121024810&CheckString=7c5504848be019f0f6130f6aff6f966f from 79.21.71.181
2023/01/21 02:48:10 [/shop/shopping/load_payment_module.php] Array
(
    [0] => Array
        (
            [ACS] => 0
            [OrderID] => 949272-21024809
            [Forward] => 2S49631
            [Method] => 1
            [PayTimes] => 
            [Approve] => 0288900
            [TranID] => 2301210248602257210134170827
            [TranDate] => 20230121024810
            [CheckString] => 7c5504848be019f0f6130f6aff6f966f
        )

)
 from 79.21.71.181
2023/01/21 02:48:10 [/shop/shopping/load_payment_module.php] load_payment_module.php set payment data:Array
(
    [ACS] => 0
    [Forward] => 2S49631
    [Method] => 1
    [PayTimes] => 
    [Approve] => 0288900
    [TranID] => 2301210248602257210134170827
    [TranDate] => 20230121024810
    [CheckString] => 7c5504848be019f0f6130f6aff6f966f
    [Amount] => 5490
    [JobCd] => CAPTURE
    [action_status] => 3
    [pay_status] => 13
)
 from 79.21.71.181
2023/01/21 02:48:10 [/shop/user_data/pg_mulpay_recv.php] ******* receiveer data start ******* from 210.175.7.20
2023/01/21 02:48:10 [/shop/user_data/pg_mulpay_recv.php] Array
(
    [ShopID] => 9000034600950
    [ShopPass] => **********
    [AccessID] => 21d3076cee15164060a85c21fb093a57
    [AccessPass] => ********************************
    [OrderID] => 949272-21024809
    [Status] => CAPTURE
    [JobCd] => CAPTURE
    [Amount] => 5490
    [Tax] => 0
    [Currency] => JPN
    [Forward] => 2S49631
    [Method] => 1
    [PayTimes] => 
    [TranID] => 2301210248602257210134170827
    [Approve] => 0288900
    [TranDate] => 20230121024810
    [ErrCode] => 
    [ErrInfo] => 
    [PayType] => 0
)
 from 210.175.7.20
2023/01/21 02:48:10 [/shop/user_data/pg_mulpay_recv.php] ******* receiveer data end ******* from 210.175.7.20
2023/01/21 02:48:15 [/shop/user_data/pg_mulpay_recv.php] update order status:1 order_id=949272 from 210.175.7.20
2023/01/21 02:48:15 [/shop/user_data/pg_mulpay_recv.php] pg_mulpay_recv.php set payment data:Array
(
    [ShopID] => 9000034600950
    [AccessID] => 21d3076cee15164060a85c21fb093a57
    [OrderID] => 949272-21024809
    [Status] => CAPTURE
    [JobCd] => CAPTURE
    [Amount] => 5490
    [Tax] => 0
    [Currency] => JPN
    [Forward] => 2S49631
    [Method] => 1
    [PayTimes] => 
    [TranID] => 2301210248602257210134170827
    [Approve] => 0288900
    [TranDate] => 20230121024810
    [ErrCode] => 
    [ErrInfo] => 
    [PayType] => 0
    [CvsCode] => 
    [CvsConfNo] => 
    [CvsReceiptNo] => 
    [EdyReceiptNo] => 
    [EdyOrderNo] => 
    [SuicaReceiptNo] => 
    [SuicaOrderNo] => 
    [CustID] => 
    [BkCode] => 
    [ConfNo] => 
    [PaymentTerm] => 
    [EncryptReceiptNo] => 
    [FinishDate] => 
    [ReceiptDate] => 
    [WebMoneyManagementNo] => 
    [WebMoneySettleCode] => 
    [AuPayInfoNo] => 
    [AuPayMethod] => 
    [AuCancelAmount] => 
    [AuCancelTax] => 
    [DocomoSettlementCode] => 
    [DocomoCancelAmount] => 
    [DocomoCancelTax] => 
    [pay_status] => 13
)
 from 210.175.7.20
2023/01/21 02:48:15 [/shop/user_data/pg_mulpay_recv.php] response:true from 210.175.7.20
2023/01/21 05:14:18 [/shop/shopping/load_payment_module.php] SendRequest:https://p01.mul-pay.jp/payment/SearchMember.idPass from 66.214.12.66
2023/01/21 05:14:18 [/shop/shopping/load_payment_module.php] Array
(
    [SiteID] => mst0000007602
    [SitePass] => ******
    [MemberID] => 7532
)
 from 66.214.12.66
2023/01/21 05:14:18 [/shop/shopping/load_payment_module.php] ErrCode=E01&ErrInfo=E01390002 from 66.214.12.66
2023/01/21 05:14:18 [/shop/shopping/load_payment_module.php] Array
(
    [0] => Array
        (
            [ErrCode] => E01
            [ErrInfo] => E01390002
        )

)
 from 66.214.12.66
2023/01/21 05:14:18 [/shop/shopping/load_payment_module.php] SendRequest:https://p01.mul-pay.jp/payment/SearchCard.idPass from 66.214.12.66
2023/01/21 05:14:18 [/shop/shopping/load_payment_module.php] Array
(
    [SiteID] => mst0000007602
    [SitePass] => ******
    [MemberID] => 7532
)
 from 66.214.12.66
2023/01/21 05:14:18 [/shop/shopping/load_payment_module.php] ErrCode=E01|E01&ErrInfo=E01390002|E01240002 from 66.214.12.66
2023/01/21 05:14:18 [/shop/shopping/load_payment_module.php] Array
(
    [0] => Array
        (
            [ErrCode] => E01
            [ErrInfo] => E01390002
        )

    [1] => Array
        (
            [ErrCode] => E01
            [ErrInfo] => E01240002
        )

)
 from 66.214.12.66
2023/01/21 05:14:47 [/shop/shopping/load_payment_module.php] SendRequest:https://p01.mul-pay.jp/payment/SearchMember.idPass from 66.214.12.66
2023/01/21 05:14:47 [/shop/shopping/load_payment_module.php] Array
(
    [SiteID] => mst0000007602
    [SitePass] => ******
    [MemberID] => 7532
)
 from 66.214.12.66
2023/01/21 05:14:47 [/shop/shopping/load_payment_module.php] ErrCode=E01&ErrInfo=E01390002 from 66.214.12.66
2023/01/21 05:14:47 [/shop/shopping/load_payment_module.php] Array
(
    [0] => Array
        (
            [ErrCode] => E01
            [ErrInfo] => E01390002
        )

)
 from 66.214.12.66
2023/01/21 05:14:47 [/shop/shopping/load_payment_module.php] SendRequest:https://p01.mul-pay.jp/payment/SearchCard.idPass from 66.214.12.66
2023/01/21 05:14:47 [/shop/shopping/load_payment_module.php] Array
(
    [SiteID] => mst0000007602
    [SitePass] => ******
    [MemberID] => 7532
)
 from 66.214.12.66
2023/01/21 05:14:47 [/shop/shopping/load_payment_module.php] ErrCode=E01|E01&ErrInfo=E01390002|E01240002 from 66.214.12.66
2023/01/21 05:14:47 [/shop/shopping/load_payment_module.php] Array
(
    [0] => Array
        (
            [ErrCode] => E01
            [ErrInfo] => E01390002
        )

    [1] => Array
        (
            [ErrCode] => E01
            [ErrInfo] => E01240002
        )

)
 from 66.214.12.66
2023/01/21 05:14:47 [/shop/shopping/load_payment_module.php] SendRequest:https://p01.mul-pay.jp/payment/EntryTran.idPass from 66.214.12.66
2023/01/21 05:14:47 [/shop/shopping/load_payment_module.php] Array
(
    [ShopID] => 9000034600950
    [ShopPass] => ******
    [OrderID] => 949273-21051447
    [JobCd] => CAPTURE
    [Amount] => 12050
    [TdFlag] => 0
    [TdTenantName] => 
)
 from 66.214.12.66
2023/01/21 05:14:47 [/shop/shopping/load_payment_module.php] AccessID=3bb4ba7c56160a0618dbb23dbc9f9eda&AccessPass=807df2a8e52adcd0c4957770f2ef2d2b from 66.214.12.66
2023/01/21 05:14:47 [/shop/shopping/load_payment_module.php] Array
(
    [0] => Array
        (
            [AccessID] => 3bb4ba7c56160a0618dbb23dbc9f9eda
            [AccessPass] => 807df2a8e52adcd0c4957770f2ef2d2b
        )

)
 from 66.214.12.66
2023/01/21 05:14:47 [/shop/shopping/load_payment_module.php] load_payment_module.php set payment data:Array
(
    [AccessID] => 3bb4ba7c56160a0618dbb23dbc9f9eda
    [AccessPass] => 807df2a8e52adcd0c4957770f2ef2d2b
    [OrderID] => 949273-21051447
    [Amount] => 12050
    [JobCd] => CAPTURE
    [action_status] => 1
    [pay_status] => 0
)
 from 66.214.12.66
2023/01/21 05:14:47 [/shop/shopping/load_payment_module.php] SendRequest:https://p01.mul-pay.jp/payment/ExecTran.idPass from 66.214.12.66
2023/01/21 05:14:47 [/shop/shopping/load_payment_module.php] Array
(
    [AccessID] => 3bb4ba7c56160a0618dbb23dbc9f9eda
    [AccessPass] => 807df2a8e52adcd0c4957770f2ef2d2b
    [OrderID] => 949273-21051447
    [Method] => 1
    [Token] => a9baf992c70ea97782319515b244c693077281dc3ee82e68d3cc1b1ee7a1adfd
    [ClientField1] => 
    [ClientField2] => 
    [ClientField3] => EC-CUBE4.3.35
)
 from 66.214.12.66
2023/01/21 05:14:48 [/shop/shopping/load_payment_module.php] ACS=0&OrderID=949273-21051447&Forward=2S49631&Method=1&PayTimes=&Approve=0034393&TranID=2301210514602257210134180886&TranDate=20230121051448&CheckString=51646a96688d0ebf6d2f5be71a8470a5 from 66.214.12.66
2023/01/21 05:14:48 [/shop/shopping/load_payment_module.php] Array
(
    [0] => Array
        (
            [ACS] => 0
            [OrderID] => 949273-21051447
            [Forward] => 2S49631
            [Method] => 1
            [PayTimes] => 
            [Approve] => 0034393
            [TranID] => 2301210514602257210134180886
            [TranDate] => 20230121051448
            [CheckString] => 51646a96688d0ebf6d2f5be71a8470a5
        )

)
 from 66.214.12.66
2023/01/21 05:14:48 [/shop/shopping/load_payment_module.php] load_payment_module.php set payment data:Array
(
    [ACS] => 0
    [Forward] => 2S49631
    [Method] => 1
    [PayTimes] => 
    [Approve] => 0034393
    [TranID] => 2301210514602257210134180886
    [TranDate] => 20230121051448
    [CheckString] => 51646a96688d0ebf6d2f5be71a8470a5
    [Amount] => 12050
    [JobCd] => CAPTURE
    [action_status] => 3
    [pay_status] => 13
)
 from 66.214.12.66
2023/01/21 05:14:48 [/shop/user_data/pg_mulpay_recv.php] ******* receiveer data start ******* from 210.175.7.20
2023/01/21 05:14:48 [/shop/user_data/pg_mulpay_recv.php] Array
(
    [ShopID] => 9000034600950
    [ShopPass] => **********
    [AccessID] => 3bb4ba7c56160a0618dbb23dbc9f9eda
    [AccessPass] => ********************************
    [OrderID] => 949273-21051447
    [Status] => CAPTURE
    [JobCd] => CAPTURE
    [Amount] => 12050
    [Tax] => 0
    [Currency] => JPN
    [Forward] => 2S49631
    [Method] => 1
    [PayTimes] => 
    [TranID] => 2301210514602257210134180886
    [Approve] => 0034393
    [TranDate] => 20230121051448
    [ErrCode] => 
    [ErrInfo] => 
    [PayType] => 0
)
 from 210.175.7.20
2023/01/21 05:14:48 [/shop/user_data/pg_mulpay_recv.php] ******* receiveer data end ******* from 210.175.7.20
2023/01/21 05:14:53 [/shop/user_data/pg_mulpay_recv.php] update order status:1 order_id=949273 from 210.175.7.20
2023/01/21 05:14:53 [/shop/user_data/pg_mulpay_recv.php] pg_mulpay_recv.php set payment data:Array
(
    [ShopID] => 9000034600950
    [AccessID] => 3bb4ba7c56160a0618dbb23dbc9f9eda
    [OrderID] => 949273-21051447
    [Status] => CAPTURE
    [JobCd] => CAPTURE
    [Amount] => 12050
    [Tax] => 0
    [Currency] => JPN
    [Forward] => 2S49631
    [Method] => 1
    [PayTimes] => 
    [TranID] => 2301210514602257210134180886
    [Approve] => 0034393
    [TranDate] => 20230121051448
    [ErrCode] => 
    [ErrInfo] => 
    [PayType] => 0
    [CvsCode] => 
    [CvsConfNo] => 
    [CvsReceiptNo] => 
    [EdyReceiptNo] => 
    [EdyOrderNo] => 
    [SuicaReceiptNo] => 
    [SuicaOrderNo] => 
    [CustID] => 
    [BkCode] => 
    [ConfNo] => 
    [PaymentTerm] => 
    [EncryptReceiptNo] => 
    [FinishDate] => 
    [ReceiptDate] => 
    [WebMoneyManagementNo] => 
    [WebMoneySettleCode] => 
    [AuPayInfoNo] => 
    [AuPayMethod] => 
    [AuCancelAmount] => 
    [AuCancelTax] => 
    [DocomoSettlementCode] => 
    [DocomoCancelAmount] => 
    [DocomoCancelTax] => 
    [pay_status] => 13
)
 from 210.175.7.20
2023/01/21 05:14:53 [/shop/user_data/pg_mulpay_recv.php] response:true from 210.175.7.20
2023/01/21 06:22:38 [/shop/shopping/load_payment_module.php] SendRequest:https://p01.mul-pay.jp/payment/SearchMember.idPass from 35.168.146.209
2023/01/21 06:22:38 [/shop/shopping/load_payment_module.php] Array
(
    [SiteID] => mst0000007602
    [SitePass] => ******
    [MemberID] => 10755
)
 from 35.168.146.209
2023/01/21 06:22:38 [/shop/shopping/load_payment_module.php] ErrCode=E01&ErrInfo=E01390002 from 35.168.146.209
2023/01/21 06:22:38 [/shop/shopping/load_payment_module.php] Array
(
    [0] => Array
        (
            [ErrCode] => E01
            [ErrInfo] => E01390002
        )

)
 from 35.168.146.209
2023/01/21 06:22:38 [/shop/shopping/load_payment_module.php] SendRequest:https://p01.mul-pay.jp/payment/SearchCard.idPass from 35.168.146.209
2023/01/21 06:22:38 [/shop/shopping/load_payment_module.php] Array
(
    [SiteID] => mst0000007602
    [SitePass] => ******
    [MemberID] => 10755
)
 from 35.168.146.209
2023/01/21 06:22:38 [/shop/shopping/load_payment_module.php] ErrCode=E01|E01&ErrInfo=E01390002|E01240002 from 35.168.146.209
2023/01/21 06:22:38 [/shop/shopping/load_payment_module.php] Array
(
    [0] => Array
        (
            [ErrCode] => E01
            [ErrInfo] => E01390002
        )

    [1] => Array
        (
            [ErrCode] => E01
            [ErrInfo] => E01240002
        )

)
 from 35.168.146.209
2023/01/21 06:23:30 [/shop/shopping/load_payment_module.php] SendRequest:https://p01.mul-pay.jp/payment/SearchMember.idPass from 35.168.146.209
2023/01/21 06:23:30 [/shop/shopping/load_payment_module.php] Array
(
    [SiteID] => mst0000007602
    [SitePass] => ******
    [MemberID] => 10755
)
 from 35.168.146.209
2023/01/21 06:23:30 [/shop/shopping/load_payment_module.php] ErrCode=E01&ErrInfo=E01390002 from 35.168.146.209
2023/01/21 06:23:30 [/shop/shopping/load_payment_module.php] Array
(
    [0] => Array
        (
            [ErrCode] => E01
            [ErrInfo] => E01390002
        )

)
 from 35.168.146.209
2023/01/21 06:23:30 [/shop/shopping/load_payment_module.php] SendRequest:https://p01.mul-pay.jp/payment/SearchCard.idPass from 35.168.146.209
2023/01/21 06:23:30 [/shop/shopping/load_payment_module.php] Array
(
    [SiteID] => mst0000007602
    [SitePass] => ******
    [MemberID] => 10755
)
 from 35.168.146.209
2023/01/21 06:23:30 [/shop/shopping/load_payment_module.php] ErrCode=E01|E01&ErrInfo=E01390002|E01240002 from 35.168.146.209
2023/01/21 06:23:30 [/shop/shopping/load_payment_module.php] Array
(
    [0] => Array
        (
            [ErrCode] => E01
            [ErrInfo] => E01390002
        )

    [1] => Array
        (
            [ErrCode] => E01
            [ErrInfo] => E01240002
        )

)
 from 35.168.146.209
2023/01/21 06:23:30 [/shop/shopping/load_payment_module.php] SendRequest:https://p01.mul-pay.jp/payment/EntryTran.idPass from 35.168.146.209
2023/01/21 06:23:30 [/shop/shopping/load_payment_module.php] Array
(
    [ShopID] => 9000034600950
    [ShopPass] => ******
    [OrderID] => 949274-21062330
    [JobCd] => CAPTURE
    [Amount] => 8245
    [TdFlag] => 0
    [TdTenantName] => 
)
 from 35.168.146.209
2023/01/21 06:23:30 [/shop/shopping/load_payment_module.php] AccessID=eb2d7cb4d5835f263a086f5f546a1e22&AccessPass=787164ff67e2f10159c92090d7ba1e7a from 35.168.146.209
2023/01/21 06:23:30 [/shop/shopping/load_payment_module.php] Array
(
    [0] => Array
        (
            [AccessID] => eb2d7cb4d5835f263a086f5f546a1e22
            [AccessPass] => 787164ff67e2f10159c92090d7ba1e7a
        )

)
 from 35.168.146.209
2023/01/21 06:23:30 [/shop/shopping/load_payment_module.php] load_payment_module.php set payment data:Array
(
    [AccessID] => eb2d7cb4d5835f263a086f5f546a1e22
    [AccessPass] => 787164ff67e2f10159c92090d7ba1e7a
    [OrderID] => 949274-21062330
    [Amount] => 8245
    [JobCd] => CAPTURE
    [action_status] => 1
    [pay_status] => 0
)
 from 35.168.146.209
2023/01/21 06:23:30 [/shop/shopping/load_payment_module.php] SendRequest:https://p01.mul-pay.jp/payment/ExecTran.idPass from 35.168.146.209
2023/01/21 06:23:30 [/shop/shopping/load_payment_module.php] Array
(
    [AccessID] => eb2d7cb4d5835f263a086f5f546a1e22
    [AccessPass] => 787164ff67e2f10159c92090d7ba1e7a
    [OrderID] => 949274-21062330
    [Method] => 1
    [Token] => e0c310e7ff4a9816c5308512eae37953cabb7c0829ef6dd7fd52fbc62e1ffd81
    [ClientField1] => 
    [ClientField2] => 
    [ClientField3] => EC-CUBE4.3.35
)
 from 35.168.146.209
2023/01/21 06:23:31 [/shop/shopping/load_payment_module.php] ACS=0&OrderID=949274-21062330&Forward=2S49631&Method=1&PayTimes=&Approve=0099274&TranID=2301210623602257210134160864&TranDate=20230121062331&CheckString=bfd29d1de4ee3dff4b313783a1e640bb from 35.168.146.209
2023/01/21 06:23:31 [/shop/shopping/load_payment_module.php] Array
(
    [0] => Array
        (
            [ACS] => 0
            [OrderID] => 949274-21062330
            [Forward] => 2S49631
            [Method] => 1
            [PayTimes] => 
            [Approve] => 0099274
            [TranID] => 2301210623602257210134160864
            [TranDate] => 20230121062331
            [CheckString] => bfd29d1de4ee3dff4b313783a1e640bb
        )

)
 from 35.168.146.209
2023/01/21 06:23:31 [/shop/shopping/load_payment_module.php] load_payment_module.php set payment data:Array
(
    [ACS] => 0
    [Forward] => 2S49631
    [Method] => 1
    [PayTimes] => 
    [Approve] => 0099274
    [TranID] => 2301210623602257210134160864
    [TranDate] => 20230121062331
    [CheckString] => bfd29d1de4ee3dff4b313783a1e640bb
    [Amount] => 8245
    [JobCd] => CAPTURE
    [action_status] => 3
    [pay_status] => 13
)
 from 35.168.146.209
2023/01/21 06:23:31 [/shop/user_data/pg_mulpay_recv.php] ******* receiveer data start ******* from 210.175.7.20
2023/01/21 06:23:31 [/shop/user_data/pg_mulpay_recv.php] Array
(
    [ShopID] => 9000034600950
    [ShopPass] => **********
    [AccessID] => eb2d7cb4d5835f263a086f5f546a1e22
    [AccessPass] => ********************************
    [OrderID] => 949274-21062330
    [Status] => CAPTURE
    [JobCd] => CAPTURE
    [Amount] => 8245
    [Tax] => 0
    [Currency] => JPN
    [Forward] => 2S49631
    [Method] => 1
    [PayTimes] => 
    [TranID] => 2301210623602257210134160864
    [Approve] => 0099274
    [TranDate] => 20230121062331
    [ErrCode] => 
    [ErrInfo] => 
    [PayType] => 0
)
 from 210.175.7.20
2023/01/21 06:23:31 [/shop/user_data/pg_mulpay_recv.php] ******* receiveer data end ******* from 210.175.7.20
2023/01/21 06:23:36 [/shop/user_data/pg_mulpay_recv.php] update order status:1 order_id=949274 from 210.175.7.20
2023/01/21 06:23:36 [/shop/user_data/pg_mulpay_recv.php] pg_mulpay_recv.php set payment data:Array
(
    [ShopID] => 9000034600950
    [AccessID] => eb2d7cb4d5835f263a086f5f546a1e22
    [OrderID] => 949274-21062330
    [Status] => CAPTURE
    [JobCd] => CAPTURE
    [Amount] => 8245
    [Tax] => 0
    [Currency] => JPN
    [Forward] => 2S49631
    [Method] => 1
    [PayTimes] => 
    [TranID] => 2301210623602257210134160864
    [Approve] => 0099274
    [TranDate] => 20230121062331
    [ErrCode] => 
    [ErrInfo] => 
    [PayType] => 0
    [CvsCode] => 
    [CvsConfNo] => 
    [CvsReceiptNo] => 
    [EdyReceiptNo] => 
    [EdyOrderNo] => 
    [SuicaReceiptNo] => 
    [SuicaOrderNo] => 
    [CustID] => 
    [BkCode] => 
    [ConfNo] => 
    [PaymentTerm] => 
    [EncryptReceiptNo] => 
    [FinishDate] => 
    [ReceiptDate] => 
    [WebMoneyManagementNo] => 
    [WebMoneySettleCode] => 
    [AuPayInfoNo] => 
    [AuPayMethod] => 
    [AuCancelAmount] => 
    [AuCancelTax] => 
    [DocomoSettlementCode] => 
    [DocomoCancelAmount] => 
    [DocomoCancelTax] => 
    [pay_status] => 13
)
 from 210.175.7.20
2023/01/21 06:23:36 [/shop/user_data/pg_mulpay_recv.php] response:true from 210.175.7.20
2023/01/21 07:10:46 [/shop/shopping/load_payment_module.php] SendRequest:https://p01.mul-pay.jp/payment/SearchMember.idPass from 108.185.7.99
2023/01/21 07:10:46 [/shop/shopping/load_payment_module.php] Array
(
    [SiteID] => mst0000007602
    [SitePass] => ******
    [MemberID] => 9100
)
 from 108.185.7.99
2023/01/21 07:10:46 [/shop/shopping/load_payment_module.php] ErrCode=E01&ErrInfo=E01390002 from 108.185.7.99
2023/01/21 07:10:46 [/shop/shopping/load_payment_module.php] Array
(
    [0] => Array
        (
            [ErrCode] => E01
            [ErrInfo] => E01390002
        )

)
 from 108.185.7.99
2023/01/21 07:10:46 [/shop/shopping/load_payment_module.php] SendRequest:https://p01.mul-pay.jp/payment/SearchCard.idPass from 108.185.7.99
2023/01/21 07:10:46 [/shop/shopping/load_payment_module.php] Array
(
    [SiteID] => mst0000007602
    [SitePass] => ******
    [MemberID] => 9100
)
 from 108.185.7.99
2023/01/21 07:10:46 [/shop/shopping/load_payment_module.php] ErrCode=E01|E01&ErrInfo=E01390002|E01240002 from 108.185.7.99
2023/01/21 07:10:46 [/shop/shopping/load_payment_module.php] Array
(
    [0] => Array
        (
            [ErrCode] => E01
            [ErrInfo] => E01390002
        )

    [1] => Array
        (
            [ErrCode] => E01
            [ErrInfo] => E01240002
        )

)
 from 108.185.7.99
2023/01/21 07:12:26 [/shop/shopping/load_payment_module.php] SendRequest:https://p01.mul-pay.jp/payment/SearchMember.idPass from 108.185.7.99
2023/01/21 07:12:26 [/shop/shopping/load_payment_module.php] Array
(
    [SiteID] => mst0000007602
    [SitePass] => ******
    [MemberID] => 9100
)
 from 108.185.7.99
2023/01/21 07:12:26 [/shop/shopping/load_payment_module.php] ErrCode=E01&ErrInfo=E01390002 from 108.185.7.99
2023/01/21 07:12:26 [/shop/shopping/load_payment_module.php] Array
(
    [0] => Array
        (
            [ErrCode] => E01
            [ErrInfo] => E01390002
        )

)
 from 108.185.7.99
2023/01/21 07:12:26 [/shop/shopping/load_payment_module.php] SendRequest:https://p01.mul-pay.jp/payment/SearchCard.idPass from 108.185.7.99
2023/01/21 07:12:26 [/shop/shopping/load_payment_module.php] Array
(
    [SiteID] => mst0000007602
    [SitePass] => ******
    [MemberID] => 9100
)
 from 108.185.7.99
2023/01/21 07:12:26 [/shop/shopping/load_payment_module.php] ErrCode=E01|E01&ErrInfo=E01390002|E01240002 from 108.185.7.99
2023/01/21 07:12:26 [/shop/shopping/load_payment_module.php] Array
(
    [0] => Array
        (
            [ErrCode] => E01
            [ErrInfo] => E01390002
        )

    [1] => Array
        (
            [ErrCode] => E01
            [ErrInfo] => E01240002
        )

)
 from 108.185.7.99
2023/01/21 07:12:26 [/shop/shopping/load_payment_module.php] SendRequest:https://p01.mul-pay.jp/payment/EntryTran.idPass from 108.185.7.99
2023/01/21 07:12:26 [/shop/shopping/load_payment_module.php] Array
(
    [ShopID] => 9000034600950
    [ShopPass] => ******
    [OrderID] => 949275-21071226
    [JobCd] => CAPTURE
    [Amount] => 9550
    [TdFlag] => 0
    [TdTenantName] => 
)
 from 108.185.7.99
2023/01/21 07:12:26 [/shop/shopping/load_payment_module.php] AccessID=81797df4f77204f5aaea684d15ca9739&AccessPass=e48777bb76bdc6ca89f9ec3553a0ee13 from 108.185.7.99
2023/01/21 07:12:26 [/shop/shopping/load_payment_module.php] Array
(
    [0] => Array
        (
            [AccessID] => 81797df4f77204f5aaea684d15ca9739
            [AccessPass] => e48777bb76bdc6ca89f9ec3553a0ee13
        )

)
 from 108.185.7.99
2023/01/21 07:12:26 [/shop/shopping/load_payment_module.php] load_payment_module.php set payment data:Array
(
    [AccessID] => 81797df4f77204f5aaea684d15ca9739
    [AccessPass] => e48777bb76bdc6ca89f9ec3553a0ee13
    [OrderID] => 949275-21071226
    [Amount] => 9550
    [JobCd] => CAPTURE
    [action_status] => 1
    [pay_status] => 0
)
 from 108.185.7.99
2023/01/21 07:12:26 [/shop/shopping/load_payment_module.php] SendRequest:https://p01.mul-pay.jp/payment/ExecTran.idPass from 108.185.7.99
2023/01/21 07:12:26 [/shop/shopping/load_payment_module.php] Array
(
    [AccessID] => 81797df4f77204f5aaea684d15ca9739
    [AccessPass] => e48777bb76bdc6ca89f9ec3553a0ee13
    [OrderID] => 949275-21071226
    [Method] => 1
    [Token] => f051d2a648af13ca65e4c2bab8caecba739750fa3bfd4ed246ca156405b0efe7
    [ClientField1] => 
    [ClientField2] => 
    [ClientField3] => EC-CUBE4.3.35
)
 from 108.185.7.99
2023/01/21 07:12:26 [/shop/shopping/load_payment_module.php] ACS=0&OrderID=949275-21071226&Forward=2S49631&Method=1&PayTimes=&Approve=0156524&TranID=2301210712602257210134180887&TranDate=20230121071226&CheckString=fc444d951b1379a1d12e408af6271840 from 108.185.7.99
2023/01/21 07:12:26 [/shop/shopping/load_payment_module.php] Array
(
    [0] => Array
        (
            [ACS] => 0
            [OrderID] => 949275-21071226
            [Forward] => 2S49631
            [Method] => 1
            [PayTimes] => 
            [Approve] => 0156524
            [TranID] => 2301210712602257210134180887
            [TranDate] => 20230121071226
            [CheckString] => fc444d951b1379a1d12e408af6271840
        )

)
 from 108.185.7.99
2023/01/21 07:12:26 [/shop/shopping/load_payment_module.php] load_payment_module.php set payment data:Array
(
    [ACS] => 0
    [Forward] => 2S49631
    [Method] => 1
    [PayTimes] => 
    [Approve] => 0156524
    [TranID] => 2301210712602257210134180887
    [TranDate] => 20230121071226
    [CheckString] => fc444d951b1379a1d12e408af6271840
    [Amount] => 9550
    [JobCd] => CAPTURE
    [action_status] => 3
    [pay_status] => 13
)
 from 108.185.7.99
2023/01/21 07:12:27 [/shop/user_data/pg_mulpay_recv.php] ******* receiveer data start ******* from 210.175.7.20
2023/01/21 07:12:27 [/shop/user_data/pg_mulpay_recv.php] Array
(
    [ShopID] => 9000034600950
    [ShopPass] => **********
    [AccessID] => 81797df4f77204f5aaea684d15ca9739
    [AccessPass] => ********************************
    [OrderID] => 949275-21071226
    [Status] => CAPTURE
    [JobCd] => CAPTURE
    [Amount] => 9550
    [Tax] => 0
    [Currency] => JPN
    [Forward] => 2S49631
    [Method] => 1
    [PayTimes] => 
    [TranID] => 2301210712602257210134180887
    [Approve] => 0156524
    [TranDate] => 20230121071226
    [ErrCode] => 
    [ErrInfo] => 
    [PayType] => 0
)
 from 210.175.7.20
2023/01/21 07:12:27 [/shop/user_data/pg_mulpay_recv.php] ******* receiveer data end ******* from 210.175.7.20
2023/01/21 07:12:32 [/shop/user_data/pg_mulpay_recv.php] update order status:1 order_id=949275 from 210.175.7.20
2023/01/21 07:12:32 [/shop/user_data/pg_mulpay_recv.php] pg_mulpay_recv.php set payment data:Array
(
    [ShopID] => 9000034600950
    [AccessID] => 81797df4f77204f5aaea684d15ca9739
    [OrderID] => 949275-21071226
    [Status] => CAPTURE
    [JobCd] => CAPTURE
    [Amount] => 9550
    [Tax] => 0
    [Currency] => JPN
    [Forward] => 2S49631
    [Method] => 1
    [PayTimes] => 
    [TranID] => 2301210712602257210134180887
    [Approve] => 0156524
    [TranDate] => 20230121071226
    [ErrCode] => 
    [ErrInfo] => 
    [PayType] => 0
    [CvsCode] => 
    [CvsConfNo] => 
    [CvsReceiptNo] => 
    [EdyReceiptNo] => 
    [EdyOrderNo] => 
    [SuicaReceiptNo] => 
    [SuicaOrderNo] => 
    [CustID] => 
    [BkCode] => 
    [ConfNo] => 
    [PaymentTerm] => 
    [EncryptReceiptNo] => 
    [FinishDate] => 
    [ReceiptDate] => 
    [WebMoneyManagementNo] => 
    [WebMoneySettleCode] => 
    [AuPayInfoNo] => 
    [AuPayMethod] => 
    [AuCancelAmount] => 
    [AuCancelTax] => 
    [DocomoSettlementCode] => 
    [DocomoCancelAmount] => 
    [DocomoCancelTax] => 
    [pay_status] => 13
)
 from 210.175.7.20
2023/01/21 07:12:32 [/shop/user_data/pg_mulpay_recv.php] response:true from 210.175.7.20
2023/01/21 07:19:30 [/shop/shopping/load_payment_module.php] SendRequest:https://p01.mul-pay.jp/payment/EntryTran.idPass from 136.226.3.102
2023/01/21 07:19:30 [/shop/shopping/load_payment_module.php] Array
(
    [ShopID] => 9000034600950
    [ShopPass] => ******
    [OrderID] => 949276-21071930
    [JobCd] => CAPTURE
    [Amount] => 14080
    [TdFlag] => 0
    [TdTenantName] => 
)
 from 136.226.3.102
2023/01/21 07:19:30 [/shop/shopping/load_payment_module.php] AccessID=6657c3146b3655bb397a4f814516ace3&AccessPass=c460a0d94c1ec68602c335924fdc8a56 from 136.226.3.102
2023/01/21 07:19:30 [/shop/shopping/load_payment_module.php] Array
(
    [0] => Array
        (
            [AccessID] => 6657c3146b3655bb397a4f814516ace3
            [AccessPass] => c460a0d94c1ec68602c335924fdc8a56
        )

)
 from 136.226.3.102
2023/01/21 07:19:30 [/shop/shopping/load_payment_module.php] load_payment_module.php set payment data:Array
(
    [AccessID] => 6657c3146b3655bb397a4f814516ace3
    [AccessPass] => c460a0d94c1ec68602c335924fdc8a56
    [OrderID] => 949276-21071930
    [Amount] => 14080
    [JobCd] => CAPTURE
    [action_status] => 1
    [pay_status] => 0
)
 from 136.226.3.102
2023/01/21 07:19:30 [/shop/shopping/load_payment_module.php] SendRequest:https://p01.mul-pay.jp/payment/ExecTran.idPass from 136.226.3.102
2023/01/21 07:19:30 [/shop/shopping/load_payment_module.php] Array
(
    [AccessID] => 6657c3146b3655bb397a4f814516ace3
    [AccessPass] => c460a0d94c1ec68602c335924fdc8a56
    [OrderID] => 949276-21071930
    [Method] => 1
    [Token] => 57b25b9dd2a3410bde4164b06f23c1544bc071e56ad3554de49c57c3f865807f
    [ClientField1] => 
    [ClientField2] => 
    [ClientField3] => EC-CUBE4.3.35
)
 from 136.226.3.102
2023/01/21 07:19:31 [/shop/shopping/load_payment_module.php] ACS=0&OrderID=949276-21071930&Forward=2S49631&Method=1&PayTimes=&Approve=0079174&TranID=2301210719602257210134170828&TranDate=20230121071931&CheckString=4088fe039c10c4e46844d66506d2e808 from 136.226.3.102
2023/01/21 07:19:31 [/shop/shopping/load_payment_module.php] Array
(
    [0] => Array
        (
            [ACS] => 0
            [OrderID] => 949276-21071930
            [Forward] => 2S49631
            [Method] => 1
            [PayTimes] => 
            [Approve] => 0079174
            [TranID] => 2301210719602257210134170828
            [TranDate] => 20230121071931
            [CheckString] => 4088fe039c10c4e46844d66506d2e808
        )

)
 from 136.226.3.102
2023/01/21 07:19:31 [/shop/shopping/load_payment_module.php] load_payment_module.php set payment data:Array
(
    [ACS] => 0
    [Forward] => 2S49631
    [Method] => 1
    [PayTimes] => 
    [Approve] => 0079174
    [TranID] => 2301210719602257210134170828
    [TranDate] => 20230121071931
    [CheckString] => 4088fe039c10c4e46844d66506d2e808
    [Amount] => 14080
    [JobCd] => CAPTURE
    [action_status] => 3
    [pay_status] => 13
)
 from 136.226.3.102
2023/01/21 07:19:31 [/shop/user_data/pg_mulpay_recv.php] ******* receiveer data start ******* from 210.175.7.20
2023/01/21 07:19:31 [/shop/user_data/pg_mulpay_recv.php] Array
(
    [ShopID] => 9000034600950
    [ShopPass] => **********
    [AccessID] => 6657c3146b3655bb397a4f814516ace3
    [AccessPass] => ********************************
    [OrderID] => 949276-21071930
    [Status] => CAPTURE
    [JobCd] => CAPTURE
    [Amount] => 14080
    [Tax] => 0
    [Currency] => JPN
    [Forward] => 2S49631
    [Method] => 1
    [PayTimes] => 
    [TranID] => 2301210719602257210134170828
    [Approve] => 0079174
    [TranDate] => 20230121071931
    [ErrCode] => 
    [ErrInfo] => 
    [PayType] => 0
)
 from 210.175.7.20
2023/01/21 07:19:31 [/shop/user_data/pg_mulpay_recv.php] ******* receiveer data end ******* from 210.175.7.20
2023/01/21 07:19:36 [/shop/user_data/pg_mulpay_recv.php] update order status:1 order_id=949276 from 210.175.7.20
2023/01/21 07:19:36 [/shop/user_data/pg_mulpay_recv.php] pg_mulpay_recv.php set payment data:Array
(
    [ShopID] => 9000034600950
    [AccessID] => 6657c3146b3655bb397a4f814516ace3
    [OrderID] => 949276-21071930
    [Status] => CAPTURE
    [JobCd] => CAPTURE
    [Amount] => 14080
    [Tax] => 0
    [Currency] => JPN
    [Forward] => 2S49631
    [Method] => 1
    [PayTimes] => 
    [TranID] => 2301210719602257210134170828
    [Approve] => 0079174
    [TranDate] => 20230121071931
    [ErrCode] => 
    [ErrInfo] => 
    [PayType] => 0
    [CvsCode] => 
    [CvsConfNo] => 
    [CvsReceiptNo] => 
    [EdyReceiptNo] => 
    [EdyOrderNo] => 
    [SuicaReceiptNo] => 
    [SuicaOrderNo] => 
    [CustID] => 
    [BkCode] => 
    [ConfNo] => 
    [PaymentTerm] => 
    [EncryptReceiptNo] => 
    [FinishDate] => 
    [ReceiptDate] => 
    [WebMoneyManagementNo] => 
    [WebMoneySettleCode] => 
    [AuPayInfoNo] => 
    [AuPayMethod] => 
    [AuCancelAmount] => 
    [AuCancelTax] => 
    [DocomoSettlementCode] => 
    [DocomoCancelAmount] => 
    [DocomoCancelTax] => 
    [pay_status] => 13
)
 from 210.175.7.20
2023/01/21 07:19:36 [/shop/user_data/pg_mulpay_recv.php] response:true from 210.175.7.20
2023/01/21 09:36:57 [/shop/mypage/change_card.php] SendRequest:https://p01.mul-pay.jp/payment/SearchMember.idPass from 199.21.125.118
2023/01/21 09:36:57 [/shop/mypage/change_card.php] Array
(
    [SiteID] => mst0000007602
    [SitePass] => ******
    [MemberID] => 11063
)
 from 199.21.125.118
2023/01/21 09:36:57 [/shop/mypage/change_card.php] ErrCode=E01&ErrInfo=E01390002 from 199.21.125.118
2023/01/21 09:36:57 [/shop/mypage/change_card.php] Array
(
    [0] => Array
        (
            [ErrCode] => E01
            [ErrInfo] => E01390002
        )

)
 from 199.21.125.118
2023/01/21 09:36:57 [/shop/mypage/change_card.php] SendRequest:https://p01.mul-pay.jp/payment/SaveMember.idPass from 199.21.125.118
2023/01/21 09:36:57 [/shop/mypage/change_card.php] Array
(
    [SiteID] => mst0000007602
    [SitePass] => ******
    [MemberID] => 11063
    [MemberName] => ******
)
 from 199.21.125.118
2023/01/21 09:36:57 [/shop/mypage/change_card.php] MemberID=11063 from 199.21.125.118
2023/01/21 09:36:57 [/shop/mypage/change_card.php] Array
(
    [0] => Array
        (
            [MemberID] => 11063
        )

)
 from 199.21.125.118
2023/01/21 09:38:52 [/shop/shopping/load_payment_module.php] SendRequest:https://p01.mul-pay.jp/payment/SearchMember.idPass from 199.21.125.118
2023/01/21 09:38:52 [/shop/shopping/load_payment_module.php] Array
(
    [SiteID] => mst0000007602
    [SitePass] => ******
    [MemberID] => 11063
)
 from 199.21.125.118
2023/01/21 09:38:52 [/shop/shopping/load_payment_module.php] MemberID=11063&MemberName=r639bb736403dfQMavTg3n&DeleteFlag=0 from 199.21.125.118
2023/01/21 09:38:52 [/shop/shopping/load_payment_module.php] Array
(
    [0] => Array
        (
            [MemberID] => 11063
            [MemberName] => r639bb736403dfQMavTg3n
            [DeleteFlag] => 0
        )

)
 from 199.21.125.118
2023/01/21 09:38:52 [/shop/shopping/load_payment_module.php] SendRequest:https://p01.mul-pay.jp/payment/SearchCard.idPass from 199.21.125.118
2023/01/21 09:38:52 [/shop/shopping/load_payment_module.php] Array
(
    [SiteID] => mst0000007602
    [SitePass] => ******
    [MemberID] => 11063
)
 from 199.21.125.118
2023/01/21 09:38:52 [/shop/shopping/load_payment_module.php] ErrCode=E01&ErrInfo=E01240002 from 199.21.125.118
2023/01/21 09:38:52 [/shop/shopping/load_payment_module.php] Array
(
    [0] => Array
        (
            [ErrCode] => E01
            [ErrInfo] => E01240002
        )

)
 from 199.21.125.118
2023/01/21 09:39:42 [/shop/shopping/load_payment_module.php] SendRequest:https://p01.mul-pay.jp/payment/SearchMember.idPass from 199.21.125.118
2023/01/21 09:39:42 [/shop/shopping/load_payment_module.php] Array
(
    [SiteID] => mst0000007602
    [SitePass] => ******
    [MemberID] => 11063
)
 from 199.21.125.118
2023/01/21 09:39:42 [/shop/shopping/load_payment_module.php] MemberID=11063&MemberName=r639bb736403dfQMavTg3n&DeleteFlag=0 from 199.21.125.118
2023/01/21 09:39:42 [/shop/shopping/load_payment_module.php] Array
(
    [0] => Array
        (
            [MemberID] => 11063
            [MemberName] => r639bb736403dfQMavTg3n
            [DeleteFlag] => 0
        )

)
 from 199.21.125.118
2023/01/21 09:39:42 [/shop/shopping/load_payment_module.php] SendRequest:https://p01.mul-pay.jp/payment/SearchCard.idPass from 199.21.125.118
2023/01/21 09:39:42 [/shop/shopping/load_payment_module.php] Array
(
    [SiteID] => mst0000007602
    [SitePass] => ******
    [MemberID] => 11063
)
 from 199.21.125.118
2023/01/21 09:39:42 [/shop/shopping/load_payment_module.php] ErrCode=E01&ErrInfo=E01240002 from 199.21.125.118
2023/01/21 09:39:42 [/shop/shopping/load_payment_module.php] Array
(
    [0] => Array
        (
            [ErrCode] => E01
            [ErrInfo] => E01240002
        )

)
 from 199.21.125.118
2023/01/21 09:39:42 [/shop/shopping/load_payment_module.php] SendRequest:https://p01.mul-pay.jp/payment/EntryTran.idPass from 199.21.125.118
2023/01/21 09:39:42 [/shop/shopping/load_payment_module.php] Array
(
    [ShopID] => 9000034600950
    [ShopPass] => ******
    [OrderID] => 949277-21093942
    [JobCd] => CAPTURE
    [Amount] => 896
    [TdFlag] => 0
    [TdTenantName] => 
)
 from 199.21.125.118
2023/01/21 09:39:42 [/shop/shopping/load_payment_module.php] AccessID=c3fdca8b4e47a75441d9fe8ba59f22e2&AccessPass=0d6614c7d6f558f228ba5e783cccf7df from 199.21.125.118
2023/01/21 09:39:42 [/shop/shopping/load_payment_module.php] Array
(
    [0] => Array
        (
            [AccessID] => c3fdca8b4e47a75441d9fe8ba59f22e2
            [AccessPass] => 0d6614c7d6f558f228ba5e783cccf7df
        )

)
 from 199.21.125.118
2023/01/21 09:39:42 [/shop/shopping/load_payment_module.php] load_payment_module.php set payment data:Array
(
    [AccessID] => c3fdca8b4e47a75441d9fe8ba59f22e2
    [AccessPass] => 0d6614c7d6f558f228ba5e783cccf7df
    [OrderID] => 949277-21093942
    [Amount] => 896
    [JobCd] => CAPTURE
    [action_status] => 1
    [pay_status] => 0
)
 from 199.21.125.118
2023/01/21 09:39:42 [/shop/shopping/load_payment_module.php] SendRequest:https://p01.mul-pay.jp/payment/ExecTran.idPass from 199.21.125.118
2023/01/21 09:39:42 [/shop/shopping/load_payment_module.php] Array
(
    [AccessID] => c3fdca8b4e47a75441d9fe8ba59f22e2
    [AccessPass] => 0d6614c7d6f558f228ba5e783cccf7df
    [OrderID] => 949277-21093942
    [Method] => 1
    [Token] => 2d0fb1d8af9e77adead92a3bd6d4ea54e6dfa640ab62a8d6e1593066061c2aa3
    [ClientField1] => 
    [ClientField2] => 
    [ClientField3] => EC-CUBE4.3.35
)
 from 199.21.125.118
2023/01/21 09:39:43 [/shop/shopping/load_payment_module.php] ACS=0&OrderID=949277-21093942&Forward=2959876&Method=1&PayTimes=&Approve=0020641&TranID=2301210939602257210134180888&TranDate=20230121093943&CheckString=93d7cb03890cf85dc3d7c597d1ab51cc from 199.21.125.118
2023/01/21 09:39:43 [/shop/shopping/load_payment_module.php] Array
(
    [0] => Array
        (
            [ACS] => 0
            [OrderID] => 949277-21093942
            [Forward] => 2959876
            [Method] => 1
            [PayTimes] => 
            [Approve] => 0020641
            [TranID] => 2301210939602257210134180888
            [TranDate] => 20230121093943
            [CheckString] => 93d7cb03890cf85dc3d7c597d1ab51cc
        )

)
 from 199.21.125.118
2023/01/21 09:39:43 [/shop/shopping/load_payment_module.php] load_payment_module.php set payment data:Array
(
    [ACS] => 0
    [Forward] => 2959876
    [Method] => 1
    [PayTimes] => 
    [Approve] => 0020641
    [TranID] => 2301210939602257210134180888
    [TranDate] => 20230121093943
    [CheckString] => 93d7cb03890cf85dc3d7c597d1ab51cc
    [Amount] => 896
    [JobCd] => CAPTURE
    [action_status] => 3
    [pay_status] => 13
)
 from 199.21.125.118
2023/01/21 09:39:43 [/shop/user_data/pg_mulpay_recv.php] ******* receiveer data start ******* from 210.175.7.20
2023/01/21 09:39:43 [/shop/user_data/pg_mulpay_recv.php] Array
(
    [ShopID] => 9000034600950
    [ShopPass] => **********
    [AccessID] => c3fdca8b4e47a75441d9fe8ba59f22e2
    [AccessPass] => ********************************
    [OrderID] => 949277-21093942
    [Status] => CAPTURE
    [JobCd] => CAPTURE
    [Amount] => 896
    [Tax] => 0
    [Currency] => JPN
    [Forward] => 2959876
    [Method] => 1
    [PayTimes] => 
    [TranID] => 2301210939602257210134180888
    [Approve] => 0020641
    [TranDate] => 20230121093943
    [ErrCode] => 
    [ErrInfo] => 
    [PayType] => 0
)
 from 210.175.7.20
2023/01/21 09:39:43 [/shop/user_data/pg_mulpay_recv.php] ******* receiveer data end ******* from 210.175.7.20
2023/01/21 09:39:48 [/shop/user_data/pg_mulpay_recv.php] update order status:1 order_id=949277 from 210.175.7.20
2023/01/21 09:39:48 [/shop/user_data/pg_mulpay_recv.php] pg_mulpay_recv.php set payment data:Array
(
    [ShopID] => 9000034600950
    [AccessID] => c3fdca8b4e47a75441d9fe8ba59f22e2
    [OrderID] => 949277-21093942
    [Status] => CAPTURE
    [JobCd] => CAPTURE
    [Amount] => 896
    [Tax] => 0
    [Currency] => JPN
    [Forward] => 2959876
    [Method] => 1
    [PayTimes] => 
    [TranID] => 2301210939602257210134180888
    [Approve] => 0020641
    [TranDate] => 20230121093943
    [ErrCode] => 
    [ErrInfo] => 
    [PayType] => 0
    [CvsCode] => 
    [CvsConfNo] => 
    [CvsReceiptNo] => 
    [EdyReceiptNo] => 
    [EdyOrderNo] => 
    [SuicaReceiptNo] => 
    [SuicaOrderNo] => 
    [CustID] => 
    [BkCode] => 
    [ConfNo] => 
    [PaymentTerm] => 
    [EncryptReceiptNo] => 
    [FinishDate] => 
    [ReceiptDate] => 
    [WebMoneyManagementNo] => 
    [WebMoneySettleCode] => 
    [AuPayInfoNo] => 
    [AuPayMethod] => 
    [AuCancelAmount] => 
    [AuCancelTax] => 
    [DocomoSettlementCode] => 
    [DocomoCancelAmount] => 
    [DocomoCancelTax] => 
    [pay_status] => 13
)
 from 210.175.7.20
2023/01/21 09:39:48 [/shop/user_data/pg_mulpay_recv.php] response:true from 210.175.7.20
2023/01/21 09:41:07 [/shop/shopping/load_payment_module.php] SendRequest:https://p01.mul-pay.jp/payment/SearchMember.idPass from 199.21.125.118
2023/01/21 09:41:07 [/shop/shopping/load_payment_module.php] Array
(
    [SiteID] => mst0000007602
    [SitePass] => ******
    [MemberID] => 11063
)
 from 199.21.125.118
2023/01/21 09:41:07 [/shop/shopping/load_payment_module.php] MemberID=11063&MemberName=r639bb736403dfQMavTg3n&DeleteFlag=0 from 199.21.125.118
2023/01/21 09:41:07 [/shop/shopping/load_payment_module.php] Array
(
    [0] => Array
        (
            [MemberID] => 11063
            [MemberName] => r639bb736403dfQMavTg3n
            [DeleteFlag] => 0
        )

)
 from 199.21.125.118
2023/01/21 09:41:07 [/shop/shopping/load_payment_module.php] SendRequest:https://p01.mul-pay.jp/payment/SearchCard.idPass from 199.21.125.118
2023/01/21 09:41:07 [/shop/shopping/load_payment_module.php] Array
(
    [SiteID] => mst0000007602
    [SitePass] => ******
    [MemberID] => 11063
)
 from 199.21.125.118
2023/01/21 09:41:07 [/shop/shopping/load_payment_module.php] ErrCode=E01&ErrInfo=E01240002 from 199.21.125.118
2023/01/21 09:41:07 [/shop/shopping/load_payment_module.php] Array
(
    [0] => Array
        (
            [ErrCode] => E01
            [ErrInfo] => E01240002
        )

)
 from 199.21.125.118
2023/01/21 09:41:41 [/shop/shopping/load_payment_module.php] SendRequest:https://p01.mul-pay.jp/payment/SearchMember.idPass from 199.21.125.118
2023/01/21 09:41:41 [/shop/shopping/load_payment_module.php] Array
(
    [SiteID] => mst0000007602
    [SitePass] => ******
    [MemberID] => 11063
)
 from 199.21.125.118
2023/01/21 09:41:41 [/shop/shopping/load_payment_module.php] MemberID=11063&MemberName=r639bb736403dfQMavTg3n&DeleteFlag=0 from 199.21.125.118
2023/01/21 09:41:41 [/shop/shopping/load_payment_module.php] Array
(
    [0] => Array
        (
            [MemberID] => 11063
            [MemberName] => r639bb736403dfQMavTg3n
            [DeleteFlag] => 0
        )

)
 from 199.21.125.118
2023/01/21 09:41:41 [/shop/shopping/load_payment_module.php] SendRequest:https://p01.mul-pay.jp/payment/SearchCard.idPass from 199.21.125.118
2023/01/21 09:41:41 [/shop/shopping/load_payment_module.php] Array
(
    [SiteID] => mst0000007602
    [SitePass] => ******
    [MemberID] => 11063
)
 from 199.21.125.118
2023/01/21 09:41:41 [/shop/shopping/load_payment_module.php] ErrCode=E01&ErrInfo=E01240002 from 199.21.125.118
2023/01/21 09:41:41 [/shop/shopping/load_payment_module.php] Array
(
    [0] => Array
        (
            [ErrCode] => E01
            [ErrInfo] => E01240002
        )

)
 from 199.21.125.118
2023/01/21 09:41:41 [/shop/shopping/load_payment_module.php] SendRequest:https://p01.mul-pay.jp/payment/EntryTran.idPass from 199.21.125.118
2023/01/21 09:41:41 [/shop/shopping/load_payment_module.php] Array
(
    [ShopID] => 9000034600950
    [ShopPass] => ******
    [OrderID] => 949278-21094141
    [JobCd] => CAPTURE
    [Amount] => 1920
    [TdFlag] => 0
    [TdTenantName] => 
)
 from 199.21.125.118
2023/01/21 09:41:41 [/shop/shopping/load_payment_module.php] AccessID=be49b128daa3160fdaefa74f6cdcd7fa&AccessPass=c424c21696cda23f85a337d1e133ccef from 199.21.125.118
2023/01/21 09:41:41 [/shop/shopping/load_payment_module.php] Array
(
    [0] => Array
        (
            [AccessID] => be49b128daa3160fdaefa74f6cdcd7fa
            [AccessPass] => c424c21696cda23f85a337d1e133ccef
        )

)
 from 199.21.125.118
2023/01/21 09:41:41 [/shop/shopping/load_payment_module.php] load_payment_module.php set payment data:Array
(
    [AccessID] => be49b128daa3160fdaefa74f6cdcd7fa
    [AccessPass] => c424c21696cda23f85a337d1e133ccef
    [OrderID] => 949278-21094141
    [Amount] => 1920
    [JobCd] => CAPTURE
    [action_status] => 1
    [pay_status] => 0
)
 from 199.21.125.118
2023/01/21 09:41:41 [/shop/shopping/load_payment_module.php] SendRequest:https://p01.mul-pay.jp/payment/ExecTran.idPass from 199.21.125.118
2023/01/21 09:41:41 [/shop/shopping/load_payment_module.php] Array
(
    [AccessID] => be49b128daa3160fdaefa74f6cdcd7fa
    [AccessPass] => c424c21696cda23f85a337d1e133ccef
    [OrderID] => 949278-21094141
    [Method] => 1
    [Token] => 9c685559d3c830f836a1b120da81ad855a5ab9a18b03bc55aabb689c56475d12
    [ClientField1] => 
    [ClientField2] => 
    [ClientField3] => EC-CUBE4.3.35
)
 from 199.21.125.118
2023/01/21 09:41:42 [/shop/shopping/load_payment_module.php] ACS=0&OrderID=949278-21094141&Forward=2959876&Method=1&PayTimes=&Approve=0020072&TranID=2301210941602257210134150855&TranDate=20230121094142&CheckString=1b76af534d08110f94e41469b31dec77 from 199.21.125.118
2023/01/21 09:41:42 [/shop/shopping/load_payment_module.php] Array
(
    [0] => Array
        (
            [ACS] => 0
            [OrderID] => 949278-21094141
            [Forward] => 2959876
            [Method] => 1
            [PayTimes] => 
            [Approve] => 0020072
            [TranID] => 2301210941602257210134150855
            [TranDate] => 20230121094142
            [CheckString] => 1b76af534d08110f94e41469b31dec77
        )

)
 from 199.21.125.118
2023/01/21 09:41:42 [/shop/shopping/load_payment_module.php] load_payment_module.php set payment data:Array
(
    [ACS] => 0
    [Forward] => 2959876
    [Method] => 1
    [PayTimes] => 
    [Approve] => 0020072
    [TranID] => 2301210941602257210134150855
    [TranDate] => 20230121094142
    [CheckString] => 1b76af534d08110f94e41469b31dec77
    [Amount] => 1920
    [JobCd] => CAPTURE
    [action_status] => 3
    [pay_status] => 13
)
 from 199.21.125.118
2023/01/21 09:41:42 [/shop/user_data/pg_mulpay_recv.php] ******* receiveer data start ******* from 210.175.7.20
2023/01/21 09:41:42 [/shop/user_data/pg_mulpay_recv.php] Array
(
    [ShopID] => 9000034600950
    [ShopPass] => **********
    [AccessID] => be49b128daa3160fdaefa74f6cdcd7fa
    [AccessPass] => ********************************
    [OrderID] => 949278-21094141
    [Status] => CAPTURE
    [JobCd] => CAPTURE
    [Amount] => 1920
    [Tax] => 0
    [Currency] => JPN
    [Forward] => 2959876
    [Method] => 1
    [PayTimes] => 
    [TranID] => 2301210941602257210134150855
    [Approve] => 0020072
    [TranDate] => 20230121094142
    [ErrCode] => 
    [ErrInfo] => 
    [PayType] => 0
)
 from 210.175.7.20
2023/01/21 09:41:42 [/shop/user_data/pg_mulpay_recv.php] ******* receiveer data end ******* from 210.175.7.20
2023/01/21 09:41:47 [/shop/user_data/pg_mulpay_recv.php] update order status:1 order_id=949278 from 210.175.7.20
2023/01/21 09:41:47 [/shop/user_data/pg_mulpay_recv.php] pg_mulpay_recv.php set payment data:Array
(
    [ShopID] => 9000034600950
    [AccessID] => be49b128daa3160fdaefa74f6cdcd7fa
    [OrderID] => 949278-21094141
    [Status] => CAPTURE
    [JobCd] => CAPTURE
    [Amount] => 1920
    [Tax] => 0
    [Currency] => JPN
    [Forward] => 2959876
    [Method] => 1
    [PayTimes] => 
    [TranID] => 2301210941602257210134150855
    [Approve] => 0020072
    [TranDate] => 20230121094142
    [ErrCode] => 
    [ErrInfo] => 
    [PayType] => 0
    [CvsCode] => 
    [CvsConfNo] => 
    [CvsReceiptNo] => 
    [EdyReceiptNo] => 
    [EdyOrderNo] => 
    [SuicaReceiptNo] => 
    [SuicaOrderNo] => 
    [CustID] => 
    [BkCode] => 
    [ConfNo] => 
    [PaymentTerm] => 
    [EncryptReceiptNo] => 
    [FinishDate] => 
    [ReceiptDate] => 
    [WebMoneyManagementNo] => 
    [WebMoneySettleCode] => 
    [AuPayInfoNo] => 
    [AuPayMethod] => 
    [AuCancelAmount] => 
    [AuCancelTax] => 
    [DocomoSettlementCode] => 
    [DocomoCancelAmount] => 
    [DocomoCancelTax] => 
    [pay_status] => 13
)
 from 210.175.7.20
2023/01/21 09:41:47 [/shop/user_data/pg_mulpay_recv.php] response:true from 210.175.7.20
2023/01/21 10:26:53 [/shop/shopping/load_payment_module.php] SendRequest:https://p01.mul-pay.jp/payment/EntryTran.idPass from 113.211.210.85
2023/01/21 10:26:53 [/shop/shopping/load_payment_module.php] Array
(
    [ShopID] => 9000034600950
    [ShopPass] => ******
    [OrderID] => 949279-21102653
    [JobCd] => CAPTURE
    [Amount] => 4040
    [TdFlag] => 0
    [TdTenantName] => 
)
 from 113.211.210.85
2023/01/21 10:26:53 [/shop/shopping/load_payment_module.php] AccessID=fa4c6076a603ae0460a93522ef2a5638&AccessPass=21c9703abd0247bcd6e718d5b7e23cb3 from 113.211.210.85
2023/01/21 10:26:53 [/shop/shopping/load_payment_module.php] Array
(
    [0] => Array
        (
            [AccessID] => fa4c6076a603ae0460a93522ef2a5638
            [AccessPass] => 21c9703abd0247bcd6e718d5b7e23cb3
        )

)
 from 113.211.210.85
2023/01/21 10:26:53 [/shop/shopping/load_payment_module.php] load_payment_module.php set payment data:Array
(
    [AccessID] => fa4c6076a603ae0460a93522ef2a5638
    [AccessPass] => 21c9703abd0247bcd6e718d5b7e23cb3
    [OrderID] => 949279-21102653
    [Amount] => 4040
    [JobCd] => CAPTURE
    [action_status] => 1
    [pay_status] => 0
)
 from 113.211.210.85
2023/01/21 10:26:53 [/shop/shopping/load_payment_module.php] SendRequest:https://p01.mul-pay.jp/payment/ExecTran.idPass from 113.211.210.85
2023/01/21 10:26:53 [/shop/shopping/load_payment_module.php] Array
(
    [AccessID] => fa4c6076a603ae0460a93522ef2a5638
    [AccessPass] => 21c9703abd0247bcd6e718d5b7e23cb3
    [OrderID] => 949279-21102653
    [Method] => 1
    [Token] => 42b455af08907a4097a7f4c8546330082746a577c2cc9aa033f328f496493d07
    [ClientField1] => 
    [ClientField2] => 
    [ClientField3] => EC-CUBE4.3.35
)
 from 113.211.210.85
2023/01/21 10:26:54 [/shop/shopping/load_payment_module.php] ACS=0&OrderID=949279-21102653&Forward=2959876&Method=1&PayTimes=&Approve=0358689&TranID=2301211026602257210134160865&TranDate=20230121102654&CheckString=ab2528f7b513e0f2dea1c2dc957862d7 from 113.211.210.85
2023/01/21 10:26:54 [/shop/shopping/load_payment_module.php] Array
(
    [0] => Array
        (
            [ACS] => 0
            [OrderID] => 949279-21102653
            [Forward] => 2959876
            [Method] => 1
            [PayTimes] => 
            [Approve] => 0358689
            [TranID] => 2301211026602257210134160865
            [TranDate] => 20230121102654
            [CheckString] => ab2528f7b513e0f2dea1c2dc957862d7
        )

)
 from 113.211.210.85
2023/01/21 10:26:54 [/shop/shopping/load_payment_module.php] load_payment_module.php set payment data:Array
(
    [ACS] => 0
    [Forward] => 2959876
    [Method] => 1
    [PayTimes] => 
    [Approve] => 0358689
    [TranID] => 2301211026602257210134160865
    [TranDate] => 20230121102654
    [CheckString] => ab2528f7b513e0f2dea1c2dc957862d7
    [Amount] => 4040
    [JobCd] => CAPTURE
    [action_status] => 3
    [pay_status] => 13
)
 from 113.211.210.85
2023/01/21 10:26:54 [/shop/user_data/pg_mulpay_recv.php] ******* receiveer data start ******* from 210.175.7.20
2023/01/21 10:26:54 [/shop/user_data/pg_mulpay_recv.php] Array
(
    [ShopID] => 9000034600950
    [ShopPass] => **********
    [AccessID] => fa4c6076a603ae0460a93522ef2a5638
    [AccessPass] => ********************************
    [OrderID] => 949279-21102653
    [Status] => CAPTURE
    [JobCd] => CAPTURE
    [Amount] => 4040
    [Tax] => 0
    [Currency] => JPN
    [Forward] => 2959876
    [Method] => 1
    [PayTimes] => 
    [TranID] => 2301211026602257210134160865
    [Approve] => 0358689
    [TranDate] => 20230121102654
    [ErrCode] => 
    [ErrInfo] => 
    [PayType] => 0
)
 from 210.175.7.20
2023/01/21 10:26:54 [/shop/user_data/pg_mulpay_recv.php] ******* receiveer data end ******* from 210.175.7.20
2023/01/21 10:26:59 [/shop/user_data/pg_mulpay_recv.php] update order status:1 order_id=949279 from 210.175.7.20
2023/01/21 10:26:59 [/shop/user_data/pg_mulpay_recv.php] pg_mulpay_recv.php set payment data:Array
(
    [ShopID] => 9000034600950
    [AccessID] => fa4c6076a603ae0460a93522ef2a5638
    [OrderID] => 949279-21102653
    [Status] => CAPTURE
    [JobCd] => CAPTURE
    [Amount] => 4040
    [Tax] => 0
    [Currency] => JPN
    [Forward] => 2959876
    [Method] => 1
    [PayTimes] => 
    [TranID] => 2301211026602257210134160865
    [Approve] => 0358689
    [TranDate] => 20230121102654
    [ErrCode] => 
    [ErrInfo] => 
    [PayType] => 0
    [CvsCode] => 
    [CvsConfNo] => 
    [CvsReceiptNo] => 
    [EdyReceiptNo] => 
    [EdyOrderNo] => 
    [SuicaReceiptNo] => 
    [SuicaOrderNo] => 
    [CustID] => 
    [BkCode] => 
    [ConfNo] => 
    [PaymentTerm] => 
    [EncryptReceiptNo] => 
    [FinishDate] => 
    [ReceiptDate] => 
    [WebMoneyManagementNo] => 
    [WebMoneySettleCode] => 
    [AuPayInfoNo] => 
    [AuPayMethod] => 
    [AuCancelAmount] => 
    [AuCancelTax] => 
    [DocomoSettlementCode] => 
    [DocomoCancelAmount] => 
    [DocomoCancelTax] => 
    [pay_status] => 13
)
 from 210.175.7.20
2023/01/21 10:26:59 [/shop/user_data/pg_mulpay_recv.php] response:true from 210.175.7.20
2023/01/21 10:36:10 [/shop/shopping/load_payment_module.php] SendRequest:https://p01.mul-pay.jp/payment/EntryTran.idPass from 163.116.132.119
2023/01/21 10:36:10 [/shop/shopping/load_payment_module.php] Array
(
    [ShopID] => 9000034600950
    [ShopPass] => ******
    [OrderID] => 949280-21103610
    [JobCd] => CAPTURE
    [Amount] => 5430
    [TdFlag] => 0
    [TdTenantName] => 
)
 from 163.116.132.119
2023/01/21 10:36:10 [/shop/shopping/load_payment_module.php] AccessID=bf19b70670d096a61097ce3f77b07757&AccessPass=dc771e92f625b4c16fb3d440f12399d7 from 163.116.132.119
2023/01/21 10:36:10 [/shop/shopping/load_payment_module.php] Array
(
    [0] => Array
        (
            [AccessID] => bf19b70670d096a61097ce3f77b07757
            [AccessPass] => dc771e92f625b4c16fb3d440f12399d7
        )

)
 from 163.116.132.119
2023/01/21 10:36:10 [/shop/shopping/load_payment_module.php] load_payment_module.php set payment data:Array
(
    [AccessID] => bf19b70670d096a61097ce3f77b07757
    [AccessPass] => dc771e92f625b4c16fb3d440f12399d7
    [OrderID] => 949280-21103610
    [Amount] => 5430
    [JobCd] => CAPTURE
    [action_status] => 1
    [pay_status] => 0
)
 from 163.116.132.119
2023/01/21 10:36:10 [/shop/shopping/load_payment_module.php] SendRequest:https://p01.mul-pay.jp/payment/ExecTran.idPass from 163.116.132.119
2023/01/21 10:36:10 [/shop/shopping/load_payment_module.php] Array
(
    [AccessID] => bf19b70670d096a61097ce3f77b07757
    [AccessPass] => dc771e92f625b4c16fb3d440f12399d7
    [OrderID] => 949280-21103610
    [Method] => 1
    [Token] => b94f5c8683890b599a5dd3ce01bc61f4bf1106493b7ebb496825f1d8c8165e1e
    [ClientField1] => 
    [ClientField2] => 
    [ClientField3] => EC-CUBE4.3.35
)
 from 163.116.132.119
2023/01/21 10:36:11 [/shop/shopping/load_payment_module.php] ACS=0&OrderID=949280-21103610&Forward=2S49631&Method=1&PayTimes=&Approve=0093610&TranID=2301211036602257210134180889&TranDate=20230121103611&CheckString=4cce702b9ebcd2e1a27c01584a357a2c from 163.116.132.119
2023/01/21 10:36:11 [/shop/shopping/load_payment_module.php] Array
(
    [0] => Array
        (
            [ACS] => 0
            [OrderID] => 949280-21103610
            [Forward] => 2S49631
            [Method] => 1
            [PayTimes] => 
            [Approve] => 0093610
            [TranID] => 2301211036602257210134180889
            [TranDate] => 20230121103611
            [CheckString] => 4cce702b9ebcd2e1a27c01584a357a2c
        )

)
 from 163.116.132.119
2023/01/21 10:36:11 [/shop/shopping/load_payment_module.php] load_payment_module.php set payment data:Array
(
    [ACS] => 0
    [Forward] => 2S49631
    [Method] => 1
    [PayTimes] => 
    [Approve] => 0093610
    [TranID] => 2301211036602257210134180889
    [TranDate] => 20230121103611
    [CheckString] => 4cce702b9ebcd2e1a27c01584a357a2c
    [Amount] => 5430
    [JobCd] => CAPTURE
    [action_status] => 3
    [pay_status] => 13
)
 from 163.116.132.119
2023/01/21 10:36:11 [/shop/user_data/pg_mulpay_recv.php] ******* receiveer data start ******* from 210.175.7.20
2023/01/21 10:36:11 [/shop/user_data/pg_mulpay_recv.php] Array
(
    [ShopID] => 9000034600950
    [ShopPass] => **********
    [AccessID] => bf19b70670d096a61097ce3f77b07757
    [AccessPass] => ********************************
    [OrderID] => 949280-21103610
    [Status] => CAPTURE
    [JobCd] => CAPTURE
    [Amount] => 5430
    [Tax] => 0
    [Currency] => JPN
    [Forward] => 2S49631
    [Method] => 1
    [PayTimes] => 
    [TranID] => 2301211036602257210134180889
    [Approve] => 0093610
    [TranDate] => 20230121103611
    [ErrCode] => 
    [ErrInfo] => 
    [PayType] => 0
)
 from 210.175.7.20
2023/01/21 10:36:11 [/shop/user_data/pg_mulpay_recv.php] ******* receiveer data end ******* from 210.175.7.20
2023/01/21 10:36:16 [/shop/user_data/pg_mulpay_recv.php] update order status:1 order_id=949280 from 210.175.7.20
2023/01/21 10:36:16 [/shop/user_data/pg_mulpay_recv.php] pg_mulpay_recv.php set payment data:Array
(
    [ShopID] => 9000034600950
    [AccessID] => bf19b70670d096a61097ce3f77b07757
    [OrderID] => 949280-21103610
    [Status] => CAPTURE
    [JobCd] => CAPTURE
    [Amount] => 5430
    [Tax] => 0
    [Currency] => JPN
    [Forward] => 2S49631
    [Method] => 1
    [PayTimes] => 
    [TranID] => 2301211036602257210134180889
    [Approve] => 0093610
    [TranDate] => 20230121103611
    [ErrCode] => 
    [ErrInfo] => 
    [PayType] => 0
    [CvsCode] => 
    [CvsConfNo] => 
    [CvsReceiptNo] => 
    [EdyReceiptNo] => 
    [EdyOrderNo] => 
    [SuicaReceiptNo] => 
    [SuicaOrderNo] => 
    [CustID] => 
    [BkCode] => 
    [ConfNo] => 
    [PaymentTerm] => 
    [EncryptReceiptNo] => 
    [FinishDate] => 
    [ReceiptDate] => 
    [WebMoneyManagementNo] => 
    [WebMoneySettleCode] => 
    [AuPayInfoNo] => 
    [AuPayMethod] => 
    [AuCancelAmount] => 
    [AuCancelTax] => 
    [DocomoSettlementCode] => 
    [DocomoCancelAmount] => 
    [DocomoCancelTax] => 
    [pay_status] => 13
)
 from 210.175.7.20
2023/01/21 10:36:16 [/shop/user_data/pg_mulpay_recv.php] response:true from 210.175.7.20
2023/01/21 11:08:22 [/shop/master/order/edit.php] SendRequest:https://p01.mul-pay.jp/payment/AlterTran.idPass from 114.160.216.147
2023/01/21 11:08:22 [/shop/master/order/edit.php] Array
(
    [ShopID] => 9000034600950
    [ShopPass] => ******
    [AccessID] => 684e7d71a885004a75e408b405a29d56
    [AccessPass] => da88dfc6e354bf3b9dc2dc33fdbc4f49
    [JobCd] => RETURN
)
 from 114.160.216.147
2023/01/21 11:08:23 [/shop/master/order/edit.php] AccessID=684e7d71a885004a75e408b405a29d56&AccessPass=da88dfc6e354bf3b9dc2dc33fdbc4f49&Forward=2a99661&Approve=0000001&TranID=2301211108602257210134160866&TranDate=20230121110823 from 114.160.216.147
2023/01/21 11:08:23 [/shop/master/order/edit.php] Array
(
    [0] => Array
        (
            [AccessID] => 684e7d71a885004a75e408b405a29d56
            [AccessPass] => da88dfc6e354bf3b9dc2dc33fdbc4f49
            [Forward] => 2a99661
            [Approve] => 0000001
            [TranID] => 2301211108602257210134160866
            [TranDate] => 20230121110823
        )

)
 from 114.160.216.147
2023/01/21 11:08:23 [/shop/master/order/edit.php] edit.php set payment data:Array
(
    [AccessID] => 684e7d71a885004a75e408b405a29d56
    [AccessPass] => da88dfc6e354bf3b9dc2dc33fdbc4f49
    [Forward] => 2a99661
    [Approve] => 0000001
    [TranID] => 2301211108602257210134160866
    [TranDate] => 20230121110823
    [JobCd] => RETURN
    [action_status] => 6
    [pay_status] => 15
)
 from 114.160.216.147
2023/01/21 11:08:23 [/shop/user_data/pg_mulpay_recv.php] ******* receiveer data start ******* from 210.175.7.20
2023/01/21 11:08:23 [/shop/user_data/pg_mulpay_recv.php] Array
(
    [ShopID] => 9000034600950
    [ShopPass] => **********
    [AccessID] => 684e7d71a885004a75e408b405a29d56
    [AccessPass] => ********************************
    [OrderID] => 949247-20063214
    [Status] => RETURN
    [JobCd] => RETURN
    [Amount] => 5160
    [Tax] => 0
    [Currency] => JPN
    [Forward] => 2a99661
    [Method] => 1
    [PayTimes] => 
    [TranID] => 2301211108602257210134160866
    [Approve] => 0000001
    [TranDate] => 20230121110823
    [ErrCode] => 
    [ErrInfo] => 
    [PayType] => 0
)
 from 210.175.7.20
2023/01/21 11:08:23 [/shop/user_data/pg_mulpay_recv.php] ******* receiveer data end ******* from 210.175.7.20
2023/01/21 11:08:23 [/shop/user_data/pg_mulpay_recv.php] pg_mulpay_recv.php set payment data:Array
(
    [ShopID] => 9000034600950
    [AccessID] => 684e7d71a885004a75e408b405a29d56
    [OrderID] => 949247-20063214
    [Status] => RETURN
    [JobCd] => RETURN
    [Amount] => 5160
    [Tax] => 0
    [Currency] => JPN
    [Forward] => 2a99661
    [Method] => 1
    [PayTimes] => 
    [TranID] => 2301211108602257210134160866
    [Approve] => 0000001
    [TranDate] => 20230121110823
    [ErrCode] => 
    [ErrInfo] => 
    [PayType] => 0
    [CvsCode] => 
    [CvsConfNo] => 
    [CvsReceiptNo] => 
    [EdyReceiptNo] => 
    [EdyOrderNo] => 
    [SuicaReceiptNo] => 
    [SuicaOrderNo] => 
    [CustID] => 
    [BkCode] => 
    [ConfNo] => 
    [PaymentTerm] => 
    [EncryptReceiptNo] => 
    [FinishDate] => 
    [ReceiptDate] => 
    [WebMoneyManagementNo] => 
    [WebMoneySettleCode] => 
    [AuPayInfoNo] => 
    [AuPayMethod] => 
    [AuCancelAmount] => 
    [AuCancelTax] => 
    [DocomoSettlementCode] => 
    [DocomoCancelAmount] => 
    [DocomoCancelTax] => 
    [pay_status] => 15
)
 from 210.175.7.20
2023/01/21 11:08:23 [/shop/user_data/pg_mulpay_recv.php] response:true from 210.175.7.20
2023/01/21 11:08:31 [/shop/master/order/edit.php] SendRequest:https://p01.mul-pay.jp/payment/SearchTrade.idPass from 114.160.216.147
2023/01/21 11:08:31 [/shop/master/order/edit.php] Array
(
    [ShopID] => 9000034600950
    [ShopPass] => ******
    [OrderID] => 949247-20063214
)
 from 114.160.216.147
2023/01/21 11:08:31 [/shop/master/order/edit.php] OrderID=949247-20063214&Status=RETURN&ProcessDate=20230121110823&JobCd=RETURN&AccessID=684e7d71a885004a75e408b405a29d56&AccessPass=da88dfc6e354bf3b9dc2dc33fdbc4f49&ItemCode=0000990&Amount=5160&Tax=0&SiteID=&MemberID=&CardNo=***********1001&Expire=2401&Method=1&PayTimes=&Forward=2a99661&TranID=2301211108602257210134160866&Approve=0000001&ClientField1=&ClientField2=&ClientField3=EC-CUBE4.3.35 from 114.160.216.147
2023/01/21 11:08:31 [/shop/master/order/edit.php] Array
(
    [0] => Array
        (
            [OrderID] => 949247-20063214
            [Status] => RETURN
            [ProcessDate] => 20230121110823
            [JobCd] => RETURN
            [AccessID] => 684e7d71a885004a75e408b405a29d56
            [AccessPass] => da88dfc6e354bf3b9dc2dc33fdbc4f49
            [ItemCode] => 0000990
            [Amount] => 5160
            [Tax] => 0
            [SiteID] => 
            [MemberID] => 
            [CardNo] => ***********1001
            [Expire] => 2401
            [Method] => 1
            [PayTimes] => 
            [Forward] => 2a99661
            [TranID] => 2301211108602257210134160866
            [Approve] => 0000001
            [ClientField1] => 
            [ClientField2] => 
            [ClientField3] => EC-CUBE4.3.35
        )

)
 from 114.160.216.147
2023/01/21 11:08:31 [/shop/master/order/edit.php] edit.php set payment data:Array
(
    [OrderID] => 949247-20063214
    [Status] => RETURN
    [ProcessDate] => 20230121110823
    [JobCd] => RETURN
    [AccessID] => 684e7d71a885004a75e408b405a29d56
    [AccessPass] => da88dfc6e354bf3b9dc2dc33fdbc4f49
    [ItemCode] => 0000990
    [Amount] => 5160
    [Tax] => 0
    [SiteID] => 
    [MemberID] => 
    [CardNo] => ***********1001
    [Expire] => 2401
    [Method] => 1
    [PayTimes] => 
    [Forward] => 2a99661
    [TranID] => 2301211108602257210134160866
    [Approve] => 0000001
    [ClientField1] => 
    [ClientField2] => 
    [ClientField3] => EC-CUBE4.3.35
    [action_status] => 6
    [pay_status] => 15
)
 from 114.160.216.147
2023/01/21 11:15:42 [/shop/shopping/load_payment_module.php] SendRequest:https://p01.mul-pay.jp/payment/SearchMember.idPass from 113.211.211.11
2023/01/21 11:15:42 [/shop/shopping/load_payment_module.php] Array
(
    [SiteID] => mst0000007602
    [SitePass] => ******
    [MemberID] => 3138
)
 from 113.211.211.11
2023/01/21 11:15:42 [/shop/shopping/load_payment_module.php] ErrCode=E01&ErrInfo=E01390002 from 113.211.211.11
2023/01/21 11:15:42 [/shop/shopping/load_payment_module.php] Array
(
    [0] => Array
        (
            [ErrCode] => E01
            [ErrInfo] => E01390002
        )

)
 from 113.211.211.11
2023/01/21 11:15:42 [/shop/shopping/load_payment_module.php] SendRequest:https://p01.mul-pay.jp/payment/SearchCard.idPass from 113.211.211.11
2023/01/21 11:15:42 [/shop/shopping/load_payment_module.php] Array
(
    [SiteID] => mst0000007602
    [SitePass] => ******
    [MemberID] => 3138
)
 from 113.211.211.11
2023/01/21 11:15:42 [/shop/shopping/load_payment_module.php] ErrCode=E01|E01&ErrInfo=E01390002|E01240002 from 113.211.211.11
2023/01/21 11:15:42 [/shop/shopping/load_payment_module.php] Array
(
    [0] => Array
        (
            [ErrCode] => E01
            [ErrInfo] => E01390002
        )

    [1] => Array
        (
            [ErrCode] => E01
            [ErrInfo] => E01240002
        )

)
 from 113.211.211.11
2023/01/21 11:17:09 [/shop/shopping/load_payment_module.php] SendRequest:https://p01.mul-pay.jp/payment/SearchMember.idPass from 113.211.211.11
2023/01/21 11:17:09 [/shop/shopping/load_payment_module.php] Array
(
    [SiteID] => mst0000007602
    [SitePass] => ******
    [MemberID] => 3138
)
 from 113.211.211.11
2023/01/21 11:17:09 [/shop/shopping/load_payment_module.php] ErrCode=E01&ErrInfo=E01390002 from 113.211.211.11
2023/01/21 11:17:09 [/shop/shopping/load_payment_module.php] Array
(
    [0] => Array
        (
            [ErrCode] => E01
            [ErrInfo] => E01390002
        )

)
 from 113.211.211.11
2023/01/21 11:17:09 [/shop/shopping/load_payment_module.php] SendRequest:https://p01.mul-pay.jp/payment/SearchCard.idPass from 113.211.211.11
2023/01/21 11:17:09 [/shop/shopping/load_payment_module.php] Array
(
    [SiteID] => mst0000007602
    [SitePass] => ******
    [MemberID] => 3138
)
 from 113.211.211.11
2023/01/21 11:17:09 [/shop/shopping/load_payment_module.php] ErrCode=E01|E01&ErrInfo=E01390002|E01240002 from 113.211.211.11
2023/01/21 11:17:09 [/shop/shopping/load_payment_module.php] Array
(
    [0] => Array
        (
            [ErrCode] => E01
            [ErrInfo] => E01390002
        )

    [1] => Array
        (
            [ErrCode] => E01
            [ErrInfo] => E01240002
        )

)
 from 113.211.211.11
2023/01/21 11:17:09 [/shop/shopping/load_payment_module.php] SendRequest:https://p01.mul-pay.jp/payment/EntryTran.idPass from 113.211.211.11
2023/01/21 11:17:09 [/shop/shopping/load_payment_module.php] Array
(
    [ShopID] => 9000034600950
    [ShopPass] => ******
    [OrderID] => 949281-21111709
    [JobCd] => CAPTURE
    [Amount] => 2970
    [TdFlag] => 0
    [TdTenantName] => 
)
 from 113.211.211.11
2023/01/21 11:17:09 [/shop/shopping/load_payment_module.php] AccessID=42d320771d90adc6e278ef9e5faa9142&AccessPass=61553914a911110ba7e0914f52be4436 from 113.211.211.11
2023/01/21 11:17:09 [/shop/shopping/load_payment_module.php] Array
(
    [0] => Array
        (
            [AccessID] => 42d320771d90adc6e278ef9e5faa9142
            [AccessPass] => 61553914a911110ba7e0914f52be4436
        )

)
 from 113.211.211.11
2023/01/21 11:17:09 [/shop/shopping/load_payment_module.php] load_payment_module.php set payment data:Array
(
    [AccessID] => 42d320771d90adc6e278ef9e5faa9142
    [AccessPass] => 61553914a911110ba7e0914f52be4436
    [OrderID] => 949281-21111709
    [Amount] => 2970
    [JobCd] => CAPTURE
    [action_status] => 1
    [pay_status] => 0
)
 from 113.211.211.11
2023/01/21 11:17:09 [/shop/shopping/load_payment_module.php] SendRequest:https://p01.mul-pay.jp/payment/ExecTran.idPass from 113.211.211.11
2023/01/21 11:17:09 [/shop/shopping/load_payment_module.php] Array
(
    [AccessID] => 42d320771d90adc6e278ef9e5faa9142
    [AccessPass] => 61553914a911110ba7e0914f52be4436
    [OrderID] => 949281-21111709
    [Method] => 1
    [Token] => b528b3e58150e9e109f037b290ccffe488faf75a02d47d86f0817dbdc607b178
    [ClientField1] => 
    [ClientField2] => 
    [ClientField3] => EC-CUBE4.3.35
)
 from 113.211.211.11
2023/01/21 11:17:10 [/shop/shopping/load_payment_module.php] ACS=0&OrderID=949281-21111709&Forward=2S49631&Method=1&PayTimes=&Approve=0466419&TranID=2301211117602257210134150856&TranDate=20230121111710&CheckString=7ee4a984151c0cb6c46c75b58bdb319d from 113.211.211.11
2023/01/21 11:17:10 [/shop/shopping/load_payment_module.php] Array
(
    [0] => Array
        (
            [ACS] => 0
            [OrderID] => 949281-21111709
            [Forward] => 2S49631
            [Method] => 1
            [PayTimes] => 
            [Approve] => 0466419
            [TranID] => 2301211117602257210134150856
            [TranDate] => 20230121111710
            [CheckString] => 7ee4a984151c0cb6c46c75b58bdb319d
        )

)
 from 113.211.211.11
2023/01/21 11:17:10 [/shop/shopping/load_payment_module.php] load_payment_module.php set payment data:Array
(
    [ACS] => 0
    [Forward] => 2S49631
    [Method] => 1
    [PayTimes] => 
    [Approve] => 0466419
    [TranID] => 2301211117602257210134150856
    [TranDate] => 20230121111710
    [CheckString] => 7ee4a984151c0cb6c46c75b58bdb319d
    [Amount] => 2970
    [JobCd] => CAPTURE
    [action_status] => 3
    [pay_status] => 13
)
 from 113.211.211.11
2023/01/21 11:17:10 [/shop/user_data/pg_mulpay_recv.php] ******* receiveer data start ******* from 210.175.7.20
2023/01/21 11:17:10 [/shop/user_data/pg_mulpay_recv.php] Array
(
    [ShopID] => 9000034600950
    [ShopPass] => **********
    [AccessID] => 42d320771d90adc6e278ef9e5faa9142
    [AccessPass] => ********************************
    [OrderID] => 949281-21111709
    [Status] => CAPTURE
    [JobCd] => CAPTURE
    [Amount] => 2970
    [Tax] => 0
    [Currency] => JPN
    [Forward] => 2S49631
    [Method] => 1
    [PayTimes] => 
    [TranID] => 2301211117602257210134150856
    [Approve] => 0466419
    [TranDate] => 20230121111710
    [ErrCode] => 
    [ErrInfo] => 
    [PayType] => 0
)
 from 210.175.7.20
2023/01/21 11:17:10 [/shop/user_data/pg_mulpay_recv.php] ******* receiveer data end ******* from 210.175.7.20
2023/01/21 11:17:15 [/shop/user_data/pg_mulpay_recv.php] update order status:1 order_id=949281 from 210.175.7.20
2023/01/21 11:17:15 [/shop/user_data/pg_mulpay_recv.php] pg_mulpay_recv.php set payment data:Array
(
    [ShopID] => 9000034600950
    [AccessID] => 42d320771d90adc6e278ef9e5faa9142
    [OrderID] => 949281-21111709
    [Status] => CAPTURE
    [JobCd] => CAPTURE
    [Amount] => 2970
    [Tax] => 0
    [Currency] => JPN
    [Forward] => 2S49631
    [Method] => 1
    [PayTimes] => 
    [TranID] => 2301211117602257210134150856
    [Approve] => 0466419
    [TranDate] => 20230121111710
    [ErrCode] => 
    [ErrInfo] => 
    [PayType] => 0
    [CvsCode] => 
    [CvsConfNo] => 
    [CvsReceiptNo] => 
    [EdyReceiptNo] => 
    [EdyOrderNo] => 
    [SuicaReceiptNo] => 
    [SuicaOrderNo] => 
    [CustID] => 
    [BkCode] => 
    [ConfNo] => 
    [PaymentTerm] => 
    [EncryptReceiptNo] => 
    [FinishDate] => 
    [ReceiptDate] => 
    [WebMoneyManagementNo] => 
    [WebMoneySettleCode] => 
    [AuPayInfoNo] => 
    [AuPayMethod] => 
    [AuCancelAmount] => 
    [AuCancelTax] => 
    [DocomoSettlementCode] => 
    [DocomoCancelAmount] => 
    [DocomoCancelTax] => 
    [pay_status] => 13
)
 from 210.175.7.20
2023/01/21 11:17:15 [/shop/user_data/pg_mulpay_recv.php] response:true from 210.175.7.20
2023/01/21 11:25:53 [/shop/master/order/edit.php] SendRequest:https://p01.mul-pay.jp/payment/AlterTran.idPass from 114.160.216.147
2023/01/21 11:25:53 [/shop/master/order/edit.php] Array
(
    [ShopID] => 9000034600950
    [ShopPass] => ******
    [AccessID] => 45aaf5e47bbca9c9a721ac6d0b89fcfe
    [AccessPass] => 3304f9b4f179d0abccd27eef1278deaf
    [JobCd] => RETURN
)
 from 114.160.216.147
2023/01/21 11:25:54 [/shop/master/order/edit.php] AccessID=45aaf5e47bbca9c9a721ac6d0b89fcfe&AccessPass=3304f9b4f179d0abccd27eef1278deaf&Forward=2S49631&Approve=0010021&TranID=2301211125602257210134160867&TranDate=20230121112554 from 114.160.216.147
2023/01/21 11:25:54 [/shop/master/order/edit.php] Array
(
    [0] => Array
        (
            [AccessID] => 45aaf5e47bbca9c9a721ac6d0b89fcfe
            [AccessPass] => 3304f9b4f179d0abccd27eef1278deaf
            [Forward] => 2S49631
            [Approve] => 0010021
            [TranID] => 2301211125602257210134160867
            [TranDate] => 20230121112554
        )

)
 from 114.160.216.147
2023/01/21 11:25:54 [/shop/master/order/edit.php] edit.php set payment data:Array
(
    [AccessID] => 45aaf5e47bbca9c9a721ac6d0b89fcfe
    [AccessPass] => 3304f9b4f179d0abccd27eef1278deaf
    [Forward] => 2S49631
    [Approve] => 0010021
    [TranID] => 2301211125602257210134160867
    [TranDate] => 20230121112554
    [JobCd] => RETURN
    [action_status] => 6
    [pay_status] => 15
)
 from 114.160.216.147
2023/01/21 11:25:54 [/shop/user_data/pg_mulpay_recv.php] ******* receiveer data start ******* from 210.175.7.20
2023/01/21 11:25:54 [/shop/user_data/pg_mulpay_recv.php] Array
(
    [ShopID] => 9000034600950
    [ShopPass] => **********
    [AccessID] => 45aaf5e47bbca9c9a721ac6d0b89fcfe
    [AccessPass] => ********************************
    [OrderID] => 949248-20064152
    [Status] => RETURN
    [JobCd] => RETURN
    [Amount] => 5160
    [Tax] => 0
    [Currency] => JPN
    [Forward] => 2S49631
    [Method] => 1
    [PayTimes] => 
    [TranID] => 2301211125602257210134160867
    [Approve] => 0010021
    [TranDate] => 20230121112554
    [ErrCode] => 
    [ErrInfo] => 
    [PayType] => 0
)
 from 210.175.7.20
2023/01/21 11:25:54 [/shop/user_data/pg_mulpay_recv.php] ******* receiveer data end ******* from 210.175.7.20
2023/01/21 11:25:54 [/shop/user_data/pg_mulpay_recv.php] pg_mulpay_recv.php set payment data:Array
(
    [ShopID] => 9000034600950
    [AccessID] => 45aaf5e47bbca9c9a721ac6d0b89fcfe
    [OrderID] => 949248-20064152
    [Status] => RETURN
    [JobCd] => RETURN
    [Amount] => 5160
    [Tax] => 0
    [Currency] => JPN
    [Forward] => 2S49631
    [Method] => 1
    [PayTimes] => 
    [TranID] => 2301211125602257210134160867
    [Approve] => 0010021
    [TranDate] => 20230121112554
    [PayType] => 0
    [CvsCode] => 
    [CvsConfNo] => 
    [CvsReceiptNo] => 
    [EdyReceiptNo] => 
    [EdyOrderNo] => 
    [SuicaReceiptNo] => 
    [SuicaOrderNo] => 
    [CustID] => 
    [BkCode] => 
    [ConfNo] => 
    [PaymentTerm] => 
    [EncryptReceiptNo] => 
    [FinishDate] => 
    [ReceiptDate] => 
    [WebMoneyManagementNo] => 
    [WebMoneySettleCode] => 
    [AuPayInfoNo] => 
    [AuPayMethod] => 
    [AuCancelAmount] => 
    [AuCancelTax] => 
    [DocomoSettlementCode] => 
    [DocomoCancelAmount] => 
    [DocomoCancelTax] => 
    [pay_status] => 15
)
 from 210.175.7.20
2023/01/21 11:25:54 [/shop/user_data/pg_mulpay_recv.php] response:true from 210.175.7.20
2023/01/21 11:26:01 [/shop/master/order/edit.php] SendRequest:https://p01.mul-pay.jp/payment/SearchTrade.idPass from 114.160.216.147
2023/01/21 11:26:01 [/shop/master/order/edit.php] Array
(
    [ShopID] => 9000034600950
    [ShopPass] => ******
    [OrderID] => 949248-20064152
)
 from 114.160.216.147
2023/01/21 11:26:01 [/shop/master/order/edit.php] OrderID=949248-20064152&Status=RETURN&ProcessDate=20230121112554&JobCd=RETURN&AccessID=45aaf5e47bbca9c9a721ac6d0b89fcfe&AccessPass=3304f9b4f179d0abccd27eef1278deaf&ItemCode=0000990&Amount=5160&Tax=0&SiteID=&MemberID=&CardNo=************1571&Expire=2610&Method=1&PayTimes=&Forward=2S49631&TranID=2301211125602257210134160867&Approve=0010021&ClientField1=&ClientField2=&ClientField3=EC-CUBE4.3.35 from 114.160.216.147
2023/01/21 11:26:01 [/shop/master/order/edit.php] Array
(
    [0] => Array
        (
            [OrderID] => 949248-20064152
            [Status] => RETURN
            [ProcessDate] => 20230121112554
            [JobCd] => RETURN
            [AccessID] => 45aaf5e47bbca9c9a721ac6d0b89fcfe
            [AccessPass] => 3304f9b4f179d0abccd27eef1278deaf
            [ItemCode] => 0000990
            [Amount] => 5160
            [Tax] => 0
            [SiteID] => 
            [MemberID] => 
            [CardNo] => ************1571
            [Expire] => 2610
            [Method] => 1
            [PayTimes] => 
            [Forward] => 2S49631
            [TranID] => 2301211125602257210134160867
            [Approve] => 0010021
            [ClientField1] => 
            [ClientField2] => 
            [ClientField3] => EC-CUBE4.3.35
        )

)
 from 114.160.216.147
2023/01/21 11:26:01 [/shop/master/order/edit.php] edit.php set payment data:Array
(
    [OrderID] => 949248-20064152
    [Status] => RETURN
    [ProcessDate] => 20230121112554
    [JobCd] => RETURN
    [AccessID] => 45aaf5e47bbca9c9a721ac6d0b89fcfe
    [AccessPass] => 3304f9b4f179d0abccd27eef1278deaf
    [ItemCode] => 0000990
    [Amount] => 5160
    [Tax] => 0
    [SiteID] => 
    [MemberID] => 
    [CardNo] => ************1571
    [Expire] => 2610
    [Method] => 1
    [PayTimes] => 
    [Forward] => 2S49631
    [TranID] => 2301211125602257210134160867
    [Approve] => 0010021
    [ClientField1] => 
    [ClientField2] => 
    [ClientField3] => EC-CUBE4.3.35
    [action_status] => 6
    [pay_status] => 15
)
 from 114.160.216.147
2023/01/21 11:26:29 [/shop/shopping/load_payment_module.php] SendRequest:https://p01.mul-pay.jp/payment/EntryTran.idPass from 106.154.142.89
2023/01/21 11:26:29 [/shop/shopping/load_payment_module.php] Array
(
    [ShopID] => 9000034600950
    [ShopPass] => ******
    [OrderID] => 949282-21112629
    [JobCd] => CAPTURE
    [Amount] => 10540
    [TdFlag] => 0
    [TdTenantName] => 
)
 from 106.154.142.89
2023/01/21 11:26:29 [/shop/shopping/load_payment_module.php] AccessID=cbb6bc6cc50d1ffc2201bc2f91cf48a6&AccessPass=2b76d9227f9a855484c3e8b5a0cfa765 from 106.154.142.89
2023/01/21 11:26:29 [/shop/shopping/load_payment_module.php] Array
(
    [0] => Array
        (
            [AccessID] => cbb6bc6cc50d1ffc2201bc2f91cf48a6
            [AccessPass] => 2b76d9227f9a855484c3e8b5a0cfa765
        )

)
 from 106.154.142.89
2023/01/21 11:26:29 [/shop/shopping/load_payment_module.php] load_payment_module.php set payment data:Array
(
    [AccessID] => cbb6bc6cc50d1ffc2201bc2f91cf48a6
    [AccessPass] => 2b76d9227f9a855484c3e8b5a0cfa765
    [OrderID] => 949282-21112629
    [Amount] => 10540
    [JobCd] => CAPTURE
    [action_status] => 1
    [pay_status] => 0
)
 from 106.154.142.89
2023/01/21 11:26:29 [/shop/shopping/load_payment_module.php] SendRequest:https://p01.mul-pay.jp/payment/ExecTran.idPass from 106.154.142.89
2023/01/21 11:26:29 [/shop/shopping/load_payment_module.php] Array
(
    [AccessID] => cbb6bc6cc50d1ffc2201bc2f91cf48a6
    [AccessPass] => 2b76d9227f9a855484c3e8b5a0cfa765
    [OrderID] => 949282-21112629
    [Method] => 1
    [Token] => 229be868757fd579c0e79c73f33ac221b1a7c34838f6a210d4e88d2686aa0066
    [ClientField1] => 
    [ClientField2] => 
    [ClientField3] => EC-CUBE4.3.35
)
 from 106.154.142.89
2023/01/21 11:26:30 [/shop/shopping/load_payment_module.php] ACS=0&OrderID=949282-21112629&Forward=2a99661&Method=1&PayTimes=&Approve=0223761&TranID=2301211126602257210134150857&TranDate=20230121112630&CheckString=e5d896d93a08720013459b5f3f2bf3fd from 106.154.142.89
2023/01/21 11:26:30 [/shop/shopping/load_payment_module.php] Array
(
    [0] => Array
        (
            [ACS] => 0
            [OrderID] => 949282-21112629
            [Forward] => 2a99661
            [Method] => 1
            [PayTimes] => 
            [Approve] => 0223761
            [TranID] => 2301211126602257210134150857
            [TranDate] => 20230121112630
            [CheckString] => e5d896d93a08720013459b5f3f2bf3fd
        )

)
 from 106.154.142.89
2023/01/21 11:26:30 [/shop/shopping/load_payment_module.php] load_payment_module.php set payment data:Array
(
    [ACS] => 0
    [Forward] => 2a99661
    [Method] => 1
    [PayTimes] => 
    [Approve] => 0223761
    [TranID] => 2301211126602257210134150857
    [TranDate] => 20230121112630
    [CheckString] => e5d896d93a08720013459b5f3f2bf3fd
    [Amount] => 10540
    [JobCd] => CAPTURE
    [action_status] => 3
    [pay_status] => 13
)
 from 106.154.142.89
2023/01/21 11:26:30 [/shop/user_data/pg_mulpay_recv.php] ******* receiveer data start ******* from 210.175.7.20
2023/01/21 11:26:30 [/shop/user_data/pg_mulpay_recv.php] Array
(
    [ShopID] => 9000034600950
    [ShopPass] => **********
    [AccessID] => cbb6bc6cc50d1ffc2201bc2f91cf48a6
    [AccessPass] => ********************************
    [OrderID] => 949282-21112629
    [Status] => CAPTURE
    [JobCd] => CAPTURE
    [Amount] => 10540
    [Tax] => 0
    [Currency] => JPN
    [Forward] => 2a99661
    [Method] => 1
    [PayTimes] => 
    [TranID] => 2301211126602257210134150857
    [Approve] => 0223761
    [TranDate] => 20230121112630
    [ErrCode] => 
    [ErrInfo] => 
    [PayType] => 0
)
 from 210.175.7.20
2023/01/21 11:26:30 [/shop/user_data/pg_mulpay_recv.php] ******* receiveer data end ******* from 210.175.7.20
2023/01/21 11:26:35 [/shop/user_data/pg_mulpay_recv.php] update order status:1 order_id=949282 from 210.175.7.20
2023/01/21 11:26:35 [/shop/user_data/pg_mulpay_recv.php] pg_mulpay_recv.php set payment data:Array
(
    [ShopID] => 9000034600950
    [AccessID] => cbb6bc6cc50d1ffc2201bc2f91cf48a6
    [OrderID] => 949282-21112629
    [Status] => CAPTURE
    [JobCd] => CAPTURE
    [Amount] => 10540
    [Tax] => 0
    [Currency] => JPN
    [Forward] => 2a99661
    [Method] => 1
    [PayTimes] => 
    [TranID] => 2301211126602257210134150857
    [Approve] => 0223761
    [TranDate] => 20230121112630
    [ErrCode] => 
    [ErrInfo] => 
    [PayType] => 0
    [CvsCode] => 
    [CvsConfNo] => 
    [CvsReceiptNo] => 
    [EdyReceiptNo] => 
    [EdyOrderNo] => 
    [SuicaReceiptNo] => 
    [SuicaOrderNo] => 
    [CustID] => 
    [BkCode] => 
    [ConfNo] => 
    [PaymentTerm] => 
    [EncryptReceiptNo] => 
    [FinishDate] => 
    [ReceiptDate] => 
    [WebMoneyManagementNo] => 
    [WebMoneySettleCode] => 
    [AuPayInfoNo] => 
    [AuPayMethod] => 
    [AuCancelAmount] => 
    [AuCancelTax] => 
    [DocomoSettlementCode] => 
    [DocomoCancelAmount] => 
    [DocomoCancelTax] => 
    [pay_status] => 13
)
 from 210.175.7.20
2023/01/21 11:26:35 [/shop/user_data/pg_mulpay_recv.php] response:true from 210.175.7.20
2023/01/21 14:57:32 [/shop/shopping/load_payment_module.php] SendRequest:https://p01.mul-pay.jp/payment/EntryTran.idPass from 175.176.55.8
2023/01/21 14:57:32 [/shop/shopping/load_payment_module.php] Array
(
    [ShopID] => 9000034600950
    [ShopPass] => ******
    [OrderID] => 949283-21145732
    [JobCd] => CAPTURE
    [Amount] => 2500
    [TdFlag] => 0
    [TdTenantName] => 
)
 from 175.176.55.8
2023/01/21 14:57:32 [/shop/shopping/load_payment_module.php] AccessID=d1a0558c09816fd7710da4fd3f826ba7&AccessPass=748337ec28a60c5a78ebad1ecfbe682f from 175.176.55.8
2023/01/21 14:57:32 [/shop/shopping/load_payment_module.php] Array
(
    [0] => Array
        (
            [AccessID] => d1a0558c09816fd7710da4fd3f826ba7
            [AccessPass] => 748337ec28a60c5a78ebad1ecfbe682f
        )

)
 from 175.176.55.8
2023/01/21 14:57:32 [/shop/shopping/load_payment_module.php] load_payment_module.php set payment data:Array
(
    [AccessID] => d1a0558c09816fd7710da4fd3f826ba7
    [AccessPass] => 748337ec28a60c5a78ebad1ecfbe682f
    [OrderID] => 949283-21145732
    [Amount] => 2500
    [JobCd] => CAPTURE
    [action_status] => 1
    [pay_status] => 0
)
 from 175.176.55.8
2023/01/21 14:57:32 [/shop/shopping/load_payment_module.php] SendRequest:https://p01.mul-pay.jp/payment/ExecTran.idPass from 175.176.55.8
2023/01/21 14:57:32 [/shop/shopping/load_payment_module.php] Array
(
    [AccessID] => d1a0558c09816fd7710da4fd3f826ba7
    [AccessPass] => 748337ec28a60c5a78ebad1ecfbe682f
    [OrderID] => 949283-21145732
    [Method] => 1
    [Token] => 1f07ac8f7035465ce5a01ec249d7587cd7f5f6c9f92f75f63940fd3ef169281b
    [ClientField1] => 
    [ClientField2] => 
    [ClientField3] => EC-CUBE4.3.35
)
 from 175.176.55.8
2023/01/21 14:57:34 [/shop/shopping/load_payment_module.php] ACS=0&OrderID=949283-21145732&Forward=2959876&Method=1&PayTimes=&Approve=0357321&TranID=2301211457602257210134170829&TranDate=20230121145734&CheckString=e729f7e57290d91866929c0e157d42a7 from 175.176.55.8
2023/01/21 14:57:34 [/shop/shopping/load_payment_module.php] Array
(
    [0] => Array
        (
            [ACS] => 0
            [OrderID] => 949283-21145732
            [Forward] => 2959876
            [Method] => 1
            [PayTimes] => 
            [Approve] => 0357321
            [TranID] => 2301211457602257210134170829
            [TranDate] => 20230121145734
            [CheckString] => e729f7e57290d91866929c0e157d42a7
        )

)
 from 175.176.55.8
2023/01/21 14:57:34 [/shop/shopping/load_payment_module.php] load_payment_module.php set payment data:Array
(
    [ACS] => 0
    [Forward] => 2959876
    [Method] => 1
    [PayTimes] => 
    [Approve] => 0357321
    [TranID] => 2301211457602257210134170829
    [TranDate] => 20230121145734
    [CheckString] => e729f7e57290d91866929c0e157d42a7
    [Amount] => 2500
    [JobCd] => CAPTURE
    [action_status] => 3
    [pay_status] => 13
)
 from 175.176.55.8
2023/01/21 14:57:34 [/shop/user_data/pg_mulpay_recv.php] ******* receiveer data start ******* from 210.175.7.20
2023/01/21 14:57:34 [/shop/user_data/pg_mulpay_recv.php] Array
(
    [ShopID] => 9000034600950
    [ShopPass] => **********
    [AccessID] => d1a0558c09816fd7710da4fd3f826ba7
    [AccessPass] => ********************************
    [OrderID] => 949283-21145732
    [Status] => CAPTURE
    [JobCd] => CAPTURE
    [Amount] => 2500
    [Tax] => 0
    [Currency] => JPN
    [Forward] => 2959876
    [Method] => 1
    [PayTimes] => 
    [TranID] => 2301211457602257210134170829
    [Approve] => 0357321
    [TranDate] => 20230121145734
    [ErrCode] => 
    [ErrInfo] => 
    [PayType] => 0
)
 from 210.175.7.20
2023/01/21 14:57:34 [/shop/user_data/pg_mulpay_recv.php] ******* receiveer data end ******* from 210.175.7.20
2023/01/21 14:57:39 [/shop/user_data/pg_mulpay_recv.php] update order status:1 order_id=949283 from 210.175.7.20
2023/01/21 14:57:39 [/shop/user_data/pg_mulpay_recv.php] pg_mulpay_recv.php set payment data:Array
(
    [ShopID] => 9000034600950
    [AccessID] => d1a0558c09816fd7710da4fd3f826ba7
    [OrderID] => 949283-21145732
    [Status] => CAPTURE
    [JobCd] => CAPTURE
    [Amount] => 2500
    [Tax] => 0
    [Currency] => JPN
    [Forward] => 2959876
    [Method] => 1
    [PayTimes] => 
    [TranID] => 2301211457602257210134170829
    [Approve] => 0357321
    [TranDate] => 20230121145734
    [ErrCode] => 
    [ErrInfo] => 
    [PayType] => 0
    [CvsCode] => 
    [CvsConfNo] => 
    [CvsReceiptNo] => 
    [EdyReceiptNo] => 
    [EdyOrderNo] => 
    [SuicaReceiptNo] => 
    [SuicaOrderNo] => 
    [CustID] => 
    [BkCode] => 
    [ConfNo] => 
    [PaymentTerm] => 
    [EncryptReceiptNo] => 
    [FinishDate] => 
    [ReceiptDate] => 
    [WebMoneyManagementNo] => 
    [WebMoneySettleCode] => 
    [AuPayInfoNo] => 
    [AuPayMethod] => 
    [AuCancelAmount] => 
    [AuCancelTax] => 
    [DocomoSettlementCode] => 
    [DocomoCancelAmount] => 
    [DocomoCancelTax] => 
    [pay_status] => 13
)
 from 210.175.7.20
2023/01/21 14:57:39 [/shop/user_data/pg_mulpay_recv.php] response:true from 210.175.7.20
2023/01/21 15:18:56 [/shop/shopping/load_payment_module.php] SendRequest:https://p01.mul-pay.jp/payment/SearchMember.idPass from 174.164.147.56
2023/01/21 15:18:56 [/shop/shopping/load_payment_module.php] Array
(
    [SiteID] => mst0000007602
    [SitePass] => ******
    [MemberID] => 11180
)
 from 174.164.147.56
2023/01/21 15:18:56 [/shop/shopping/load_payment_module.php] ErrCode=E01&ErrInfo=E01390002 from 174.164.147.56
2023/01/21 15:18:56 [/shop/shopping/load_payment_module.php] Array
(
    [0] => Array
        (
            [ErrCode] => E01
            [ErrInfo] => E01390002
        )

)
 from 174.164.147.56
2023/01/21 15:18:56 [/shop/shopping/load_payment_module.php] SendRequest:https://p01.mul-pay.jp/payment/SearchCard.idPass from 174.164.147.56
2023/01/21 15:18:56 [/shop/shopping/load_payment_module.php] Array
(
    [SiteID] => mst0000007602
    [SitePass] => ******
    [MemberID] => 11180
)
 from 174.164.147.56
2023/01/21 15:18:57 [/shop/shopping/load_payment_module.php] ErrCode=E01|E01&ErrInfo=E01390002|E01240002 from 174.164.147.56
2023/01/21 15:18:57 [/shop/shopping/load_payment_module.php] Array
(
    [0] => Array
        (
            [ErrCode] => E01
            [ErrInfo] => E01390002
        )

    [1] => Array
        (
            [ErrCode] => E01
            [ErrInfo] => E01240002
        )

)
 from 174.164.147.56
2023/01/21 15:19:27 [/shop/shopping/load_payment_module.php] SendRequest:https://p01.mul-pay.jp/payment/SearchMember.idPass from 174.164.147.56
2023/01/21 15:19:27 [/shop/shopping/load_payment_module.php] Array
(
    [SiteID] => mst0000007602
    [SitePass] => ******
    [MemberID] => 11180
)
 from 174.164.147.56
2023/01/21 15:19:27 [/shop/shopping/load_payment_module.php] ErrCode=E01&ErrInfo=E01390002 from 174.164.147.56
2023/01/21 15:19:27 [/shop/shopping/load_payment_module.php] Array
(
    [0] => Array
        (
            [ErrCode] => E01
            [ErrInfo] => E01390002
        )

)
 from 174.164.147.56
2023/01/21 15:19:27 [/shop/shopping/load_payment_module.php] SendRequest:https://p01.mul-pay.jp/payment/SearchCard.idPass from 174.164.147.56
2023/01/21 15:19:27 [/shop/shopping/load_payment_module.php] Array
(
    [SiteID] => mst0000007602
    [SitePass] => ******
    [MemberID] => 11180
)
 from 174.164.147.56
2023/01/21 15:19:28 [/shop/shopping/load_payment_module.php] ErrCode=E01|E01&ErrInfo=E01390002|E01240002 from 174.164.147.56
2023/01/21 15:19:28 [/shop/shopping/load_payment_module.php] Array
(
    [0] => Array
        (
            [ErrCode] => E01
            [ErrInfo] => E01390002
        )

    [1] => Array
        (
            [ErrCode] => E01
            [ErrInfo] => E01240002
        )

)
 from 174.164.147.56
2023/01/21 15:19:28 [/shop/shopping/load_payment_module.php] SendRequest:https://p01.mul-pay.jp/payment/EntryTran.idPass from 174.164.147.56
2023/01/21 15:19:28 [/shop/shopping/load_payment_module.php] Array
(
    [ShopID] => 9000034600950
    [ShopPass] => ******
    [OrderID] => 949284-21151928
    [JobCd] => CAPTURE
    [Amount] => 11050
    [TdFlag] => 0
    [TdTenantName] => 
)
 from 174.164.147.56
2023/01/21 15:19:28 [/shop/shopping/load_payment_module.php] AccessID=7b9d61a371cf641bde3464daffaf429e&AccessPass=aad569699a8efd0c1457ee50b537a5d0 from 174.164.147.56
2023/01/21 15:19:28 [/shop/shopping/load_payment_module.php] Array
(
    [0] => Array
        (
            [AccessID] => 7b9d61a371cf641bde3464daffaf429e
            [AccessPass] => aad569699a8efd0c1457ee50b537a5d0
        )

)
 from 174.164.147.56
2023/01/21 15:19:28 [/shop/shopping/load_payment_module.php] load_payment_module.php set payment data:Array
(
    [AccessID] => 7b9d61a371cf641bde3464daffaf429e
    [AccessPass] => aad569699a8efd0c1457ee50b537a5d0
    [OrderID] => 949284-21151928
    [Amount] => 11050
    [JobCd] => CAPTURE
    [action_status] => 1
    [pay_status] => 0
)
 from 174.164.147.56
2023/01/21 15:19:28 [/shop/shopping/load_payment_module.php] SendRequest:https://p01.mul-pay.jp/payment/ExecTran.idPass from 174.164.147.56
2023/01/21 15:19:28 [/shop/shopping/load_payment_module.php] Array
(
    [AccessID] => 7b9d61a371cf641bde3464daffaf429e
    [AccessPass] => aad569699a8efd0c1457ee50b537a5d0
    [OrderID] => 949284-21151928
    [Method] => 1
    [Token] => e6ea3bab02c57deb5f7ee8aa2a844a9ccc0f17ec81f04593f0263d80cbec9548
    [ClientField1] => 
    [ClientField2] => 
    [ClientField3] => EC-CUBE4.3.35
)
 from 174.164.147.56
2023/01/21 15:19:28 [/shop/shopping/load_payment_module.php] ACS=0&OrderID=949284-21151928&Forward=2S49631&Method=1&PayTimes=&Approve=0007510&TranID=2301211519602257210134160868&TranDate=20230121151928&CheckString=73764f61249e585426ea053ba687cafd from 174.164.147.56
2023/01/21 15:19:28 [/shop/shopping/load_payment_module.php] Array
(
    [0] => Array
        (
            [ACS] => 0
            [OrderID] => 949284-21151928
            [Forward] => 2S49631
            [Method] => 1
            [PayTimes] => 
            [Approve] => 0007510
            [TranID] => 2301211519602257210134160868
            [TranDate] => 20230121151928
            [CheckString] => 73764f61249e585426ea053ba687cafd
        )

)
 from 174.164.147.56
2023/01/21 15:19:28 [/shop/shopping/load_payment_module.php] load_payment_module.php set payment data:Array
(
    [ACS] => 0
    [Forward] => 2S49631
    [Method] => 1
    [PayTimes] => 
    [Approve] => 0007510
    [TranID] => 2301211519602257210134160868
    [TranDate] => 20230121151928
    [CheckString] => 73764f61249e585426ea053ba687cafd
    [Amount] => 11050
    [JobCd] => CAPTURE
    [action_status] => 3
    [pay_status] => 13
)
 from 174.164.147.56
2023/01/21 15:19:29 [/shop/user_data/pg_mulpay_recv.php] ******* receiveer data start ******* from 210.175.7.20
2023/01/21 15:19:29 [/shop/user_data/pg_mulpay_recv.php] Array
(
    [ShopID] => 9000034600950
    [ShopPass] => **********
    [AccessID] => 7b9d61a371cf641bde3464daffaf429e
    [AccessPass] => ********************************
    [OrderID] => 949284-21151928
    [Status] => CAPTURE
    [JobCd] => CAPTURE
    [Amount] => 11050
    [Tax] => 0
    [Currency] => JPN
    [Forward] => 2S49631
    [Method] => 1
    [PayTimes] => 
    [TranID] => 2301211519602257210134160868
    [Approve] => 0007510
    [TranDate] => 20230121151928
    [ErrCode] => 
    [ErrInfo] => 
    [PayType] => 0
)
 from 210.175.7.20
2023/01/21 15:19:29 [/shop/user_data/pg_mulpay_recv.php] ******* receiveer data end ******* from 210.175.7.20
2023/01/21 15:19:34 [/shop/user_data/pg_mulpay_recv.php] update order status:1 order_id=949284 from 210.175.7.20
2023/01/21 15:19:34 [/shop/user_data/pg_mulpay_recv.php] pg_mulpay_recv.php set payment data:Array
(
    [ShopID] => 9000034600950
    [AccessID] => 7b9d61a371cf641bde3464daffaf429e
    [OrderID] => 949284-21151928
    [Status] => CAPTURE
    [JobCd] => CAPTURE
    [Amount] => 11050
    [Tax] => 0
    [Currency] => JPN
    [Forward] => 2S49631
    [Method] => 1
    [PayTimes] => 
    [TranID] => 2301211519602257210134160868
    [Approve] => 0007510
    [TranDate] => 20230121151928
    [ErrCode] => 
    [ErrInfo] => 
    [PayType] => 0
    [CvsCode] => 
    [CvsConfNo] => 
    [CvsReceiptNo] => 
    [EdyReceiptNo] => 
    [EdyOrderNo] => 
    [SuicaReceiptNo] => 
    [SuicaOrderNo] => 
    [CustID] => 
    [BkCode] => 
    [ConfNo] => 
    [PaymentTerm] => 
    [EncryptReceiptNo] => 
    [FinishDate] => 
    [ReceiptDate] => 
    [WebMoneyManagementNo] => 
    [WebMoneySettleCode] => 
    [AuPayInfoNo] => 
    [AuPayMethod] => 
    [AuCancelAmount] => 
    [AuCancelTax] => 
    [DocomoSettlementCode] => 
    [DocomoCancelAmount] => 
    [DocomoCancelTax] => 
    [pay_status] => 13
)
 from 210.175.7.20
2023/01/21 15:19:34 [/shop/user_data/pg_mulpay_recv.php] response:true from 210.175.7.20
2023/01/21 15:25:20 [/shop/shopping/load_payment_module.php] SendRequest:https://p01.mul-pay.jp/payment/EntryTran.idPass from 98.151.51.10
2023/01/21 15:25:20 [/shop/shopping/load_payment_module.php] Array
(
    [ShopID] => 9000034600950
    [ShopPass] => ******
    [OrderID] => 949285-21152520
    [JobCd] => CAPTURE
    [Amount] => 8020
    [TdFlag] => 0
    [TdTenantName] => 
)
 from 98.151.51.10
2023/01/21 15:25:20 [/shop/shopping/load_payment_module.php] AccessID=c1896ce6bf6e5f182af99919256598aa&AccessPass=5f49cf4c51565fdf00b7cc30360476fb from 98.151.51.10
2023/01/21 15:25:20 [/shop/shopping/load_payment_module.php] Array
(
    [0] => Array
        (
            [AccessID] => c1896ce6bf6e5f182af99919256598aa
            [AccessPass] => 5f49cf4c51565fdf00b7cc30360476fb
        )

)
 from 98.151.51.10
2023/01/21 15:25:20 [/shop/shopping/load_payment_module.php] load_payment_module.php set payment data:Array
(
    [AccessID] => c1896ce6bf6e5f182af99919256598aa
    [AccessPass] => 5f49cf4c51565fdf00b7cc30360476fb
    [OrderID] => 949285-21152520
    [Amount] => 8020
    [JobCd] => CAPTURE
    [action_status] => 1
    [pay_status] => 0
)
 from 98.151.51.10
2023/01/21 15:25:20 [/shop/shopping/load_payment_module.php] SendRequest:https://p01.mul-pay.jp/payment/ExecTran.idPass from 98.151.51.10
2023/01/21 15:25:20 [/shop/shopping/load_payment_module.php] Array
(
    [AccessID] => c1896ce6bf6e5f182af99919256598aa
    [AccessPass] => 5f49cf4c51565fdf00b7cc30360476fb
    [OrderID] => 949285-21152520
    [Method] => 1
    [Token] => 9df8c30164ee4a5932bb65177b05aaea0a8391ebbea15382575c5592acb5aeac
    [ClientField1] => 
    [ClientField2] => 
    [ClientField3] => EC-CUBE4.3.35
)
 from 98.151.51.10
2023/01/21 15:25:21 [/shop/shopping/load_payment_module.php] ACS=0&OrderID=949285-21152520&Forward=2959876&Method=1&PayTimes=&Approve=0056349&TranID=2301211525602257210134180890&TranDate=20230121152521&CheckString=454b12f54fe33a152dcf6534e0745dc9 from 98.151.51.10
2023/01/21 15:25:21 [/shop/shopping/load_payment_module.php] Array
(
    [0] => Array
        (
            [ACS] => 0
            [OrderID] => 949285-21152520
            [Forward] => 2959876
            [Method] => 1
            [PayTimes] => 
            [Approve] => 0056349
            [TranID] => 2301211525602257210134180890
            [TranDate] => 20230121152521
            [CheckString] => 454b12f54fe33a152dcf6534e0745dc9
        )

)
 from 98.151.51.10
2023/01/21 15:25:21 [/shop/shopping/load_payment_module.php] load_payment_module.php set payment data:Array
(
    [ACS] => 0
    [Forward] => 2959876
    [Method] => 1
    [PayTimes] => 
    [Approve] => 0056349
    [TranID] => 2301211525602257210134180890
    [TranDate] => 20230121152521
    [CheckString] => 454b12f54fe33a152dcf6534e0745dc9
    [Amount] => 8020
    [JobCd] => CAPTURE
    [action_status] => 3
    [pay_status] => 13
)
 from 98.151.51.10
2023/01/21 15:25:21 [/shop/user_data/pg_mulpay_recv.php] ******* receiveer data start ******* from 210.175.7.20
2023/01/21 15:25:21 [/shop/user_data/pg_mulpay_recv.php] Array
(
    [ShopID] => 9000034600950
    [ShopPass] => **********
    [AccessID] => c1896ce6bf6e5f182af99919256598aa
    [AccessPass] => ********************************
    [OrderID] => 949285-21152520
    [Status] => CAPTURE
    [JobCd] => CAPTURE
    [Amount] => 8020
    [Tax] => 0
    [Currency] => JPN
    [Forward] => 2959876
    [Method] => 1
    [PayTimes] => 
    [TranID] => 2301211525602257210134180890
    [Approve] => 0056349
    [TranDate] => 20230121152521
    [ErrCode] => 
    [ErrInfo] => 
    [PayType] => 0
)
 from 210.175.7.20
2023/01/21 15:25:21 [/shop/user_data/pg_mulpay_recv.php] ******* receiveer data end ******* from 210.175.7.20
2023/01/21 15:25:26 [/shop/user_data/pg_mulpay_recv.php] update order status:1 order_id=949285 from 210.175.7.20
2023/01/21 15:25:26 [/shop/user_data/pg_mulpay_recv.php] pg_mulpay_recv.php set payment data:Array
(
    [ShopID] => 9000034600950
    [AccessID] => c1896ce6bf6e5f182af99919256598aa
    [OrderID] => 949285-21152520
    [Status] => CAPTURE
    [JobCd] => CAPTURE
    [Amount] => 8020
    [Tax] => 0
    [Currency] => JPN
    [Forward] => 2959876
    [Method] => 1
    [PayTimes] => 
    [TranID] => 2301211525602257210134180890
    [Approve] => 0056349
    [TranDate] => 20230121152521
    [ErrCode] => 
    [ErrInfo] => 
    [PayType] => 0
    [CvsCode] => 
    [CvsConfNo] => 
    [CvsReceiptNo] => 
    [EdyReceiptNo] => 
    [EdyOrderNo] => 
    [SuicaReceiptNo] => 
    [SuicaOrderNo] => 
    [CustID] => 
    [BkCode] => 
    [ConfNo] => 
    [PaymentTerm] => 
    [EncryptReceiptNo] => 
    [FinishDate] => 
    [ReceiptDate] => 
    [WebMoneyManagementNo] => 
    [WebMoneySettleCode] => 
    [AuPayInfoNo] => 
    [AuPayMethod] => 
    [AuCancelAmount] => 
    [AuCancelTax] => 
    [DocomoSettlementCode] => 
    [DocomoCancelAmount] => 
    [DocomoCancelTax] => 
    [pay_status] => 13
)
 from 210.175.7.20
2023/01/21 15:25:26 [/shop/user_data/pg_mulpay_recv.php] response:true from 210.175.7.20
2023/01/21 16:36:57 [/shop/shopping/load_payment_module.php] SendRequest:https://p01.mul-pay.jp/payment/SearchMember.idPass from 220.146.163.176
2023/01/21 16:36:57 [/shop/shopping/load_payment_module.php] Array
(
    [SiteID] => mst0000007602
    [SitePass] => ******
    [MemberID] => 7262
)
 from 220.146.163.176
2023/01/21 16:36:57 [/shop/shopping/load_payment_module.php] ErrCode=E01&ErrInfo=E01390002 from 220.146.163.176
2023/01/21 16:36:57 [/shop/shopping/load_payment_module.php] Array
(
    [0] => Array
        (
            [ErrCode] => E01
            [ErrInfo] => E01390002
        )

)
 from 220.146.163.176
2023/01/21 16:36:57 [/shop/shopping/load_payment_module.php] SendRequest:https://p01.mul-pay.jp/payment/SearchCard.idPass from 220.146.163.176
2023/01/21 16:36:57 [/shop/shopping/load_payment_module.php] Array
(
    [SiteID] => mst0000007602
    [SitePass] => ******
    [MemberID] => 7262
)
 from 220.146.163.176
2023/01/21 16:36:57 [/shop/shopping/load_payment_module.php] ErrCode=E01|E01&ErrInfo=E01390002|E01240002 from 220.146.163.176
2023/01/21 16:36:57 [/shop/shopping/load_payment_module.php] Array
(
    [0] => Array
        (
            [ErrCode] => E01
            [ErrInfo] => E01390002
        )

    [1] => Array
        (
            [ErrCode] => E01
            [ErrInfo] => E01240002
        )

)
 from 220.146.163.176
2023/01/21 16:37:19 [/shop/shopping/load_payment_module.php] SendRequest:https://p01.mul-pay.jp/payment/SearchMember.idPass from 220.146.163.176
2023/01/21 16:37:19 [/shop/shopping/load_payment_module.php] Array
(
    [SiteID] => mst0000007602
    [SitePass] => ******
    [MemberID] => 7262
)
 from 220.146.163.176
2023/01/21 16:37:19 [/shop/shopping/load_payment_module.php] ErrCode=E01&ErrInfo=E01390002 from 220.146.163.176
2023/01/21 16:37:19 [/shop/shopping/load_payment_module.php] Array
(
    [0] => Array
        (
            [ErrCode] => E01
            [ErrInfo] => E01390002
        )

)
 from 220.146.163.176
2023/01/21 16:37:19 [/shop/shopping/load_payment_module.php] SendRequest:https://p01.mul-pay.jp/payment/SearchCard.idPass from 220.146.163.176
2023/01/21 16:37:19 [/shop/shopping/load_payment_module.php] Array
(
    [SiteID] => mst0000007602
    [SitePass] => ******
    [MemberID] => 7262
)
 from 220.146.163.176
2023/01/21 16:37:19 [/shop/shopping/load_payment_module.php] ErrCode=E01|E01&ErrInfo=E01390002|E01240002 from 220.146.163.176
2023/01/21 16:37:19 [/shop/shopping/load_payment_module.php] Array
(
    [0] => Array
        (
            [ErrCode] => E01
            [ErrInfo] => E01390002
        )

    [1] => Array
        (
            [ErrCode] => E01
            [ErrInfo] => E01240002
        )

)
 from 220.146.163.176
2023/01/21 16:37:19 [/shop/shopping/load_payment_module.php] SendRequest:https://p01.mul-pay.jp/payment/EntryTran.idPass from 220.146.163.176
2023/01/21 16:37:19 [/shop/shopping/load_payment_module.php] Array
(
    [ShopID] => 9000034600950
    [ShopPass] => ******
    [OrderID] => 949286-21163719
    [JobCd] => CAPTURE
    [Amount] => 10396
    [TdFlag] => 0
    [TdTenantName] => 
)
 from 220.146.163.176
2023/01/21 16:37:19 [/shop/shopping/load_payment_module.php] AccessID=b6e75bd78a58c7d9c2a12c0c4efc102c&AccessPass=ea20a5191c70de5a65a06a5b549e6b0e from 220.146.163.176
2023/01/21 16:37:19 [/shop/shopping/load_payment_module.php] Array
(
    [0] => Array
        (
            [AccessID] => b6e75bd78a58c7d9c2a12c0c4efc102c
            [AccessPass] => ea20a5191c70de5a65a06a5b549e6b0e
        )

)
 from 220.146.163.176
2023/01/21 16:37:19 [/shop/shopping/load_payment_module.php] load_payment_module.php set payment data:Array
(
    [AccessID] => b6e75bd78a58c7d9c2a12c0c4efc102c
    [AccessPass] => ea20a5191c70de5a65a06a5b549e6b0e
    [OrderID] => 949286-21163719
    [Amount] => 10396
    [JobCd] => CAPTURE
    [action_status] => 1
    [pay_status] => 0
)
 from 220.146.163.176
2023/01/21 16:37:19 [/shop/shopping/load_payment_module.php] SendRequest:https://p01.mul-pay.jp/payment/ExecTran.idPass from 220.146.163.176
2023/01/21 16:37:19 [/shop/shopping/load_payment_module.php] Array
(
    [AccessID] => b6e75bd78a58c7d9c2a12c0c4efc102c
    [AccessPass] => ea20a5191c70de5a65a06a5b549e6b0e
    [OrderID] => 949286-21163719
    [Method] => 1
    [Token] => e5d56fdf04ce498b124b78720ca2f342847184914cffe6bdcc48d328ea6ba92f
    [ClientField1] => 
    [ClientField2] => 
    [ClientField3] => EC-CUBE4.3.35
)
 from 220.146.163.176
2023/01/21 16:37:20 [/shop/shopping/load_payment_module.php] ACS=0&OrderID=949286-21163719&Forward=2S49631&Method=1&PayTimes=&Approve=0807387&TranID=2301211637602257210134160869&TranDate=20230121163720&CheckString=dada3106bdafc915cb692cd886014cc6 from 220.146.163.176
2023/01/21 16:37:20 [/shop/shopping/load_payment_module.php] Array
(
    [0] => Array
        (
            [ACS] => 0
            [OrderID] => 949286-21163719
            [Forward] => 2S49631
            [Method] => 1
            [PayTimes] => 
            [Approve] => 0807387
            [TranID] => 2301211637602257210134160869
            [TranDate] => 20230121163720
            [CheckString] => dada3106bdafc915cb692cd886014cc6
        )

)
 from 220.146.163.176
2023/01/21 16:37:20 [/shop/shopping/load_payment_module.php] load_payment_module.php set payment data:Array
(
    [ACS] => 0
    [Forward] => 2S49631
    [Method] => 1
    [PayTimes] => 
    [Approve] => 0807387
    [TranID] => 2301211637602257210134160869
    [TranDate] => 20230121163720
    [CheckString] => dada3106bdafc915cb692cd886014cc6
    [Amount] => 10396
    [JobCd] => CAPTURE
    [action_status] => 3
    [pay_status] => 13
)
 from 220.146.163.176
2023/01/21 16:37:20 [/shop/user_data/pg_mulpay_recv.php] ******* receiveer data start ******* from 210.175.7.20
2023/01/21 16:37:20 [/shop/user_data/pg_mulpay_recv.php] Array
(
    [ShopID] => 9000034600950
    [ShopPass] => **********
    [AccessID] => b6e75bd78a58c7d9c2a12c0c4efc102c
    [AccessPass] => ********************************
    [OrderID] => 949286-21163719
    [Status] => CAPTURE
    [JobCd] => CAPTURE
    [Amount] => 10396
    [Tax] => 0
    [Currency] => JPN
    [Forward] => 2S49631
    [Method] => 1
    [PayTimes] => 
    [TranID] => 2301211637602257210134160869
    [Approve] => 0807387
    [TranDate] => 20230121163720
    [ErrCode] => 
    [ErrInfo] => 
    [PayType] => 0
)
 from 210.175.7.20
2023/01/21 16:37:20 [/shop/user_data/pg_mulpay_recv.php] ******* receiveer data end ******* from 210.175.7.20
2023/01/21 16:37:25 [/shop/user_data/pg_mulpay_recv.php] update order status:1 order_id=949286 from 210.175.7.20
2023/01/21 16:37:25 [/shop/user_data/pg_mulpay_recv.php] pg_mulpay_recv.php set payment data:Array
(
    [ShopID] => 9000034600950
    [AccessID] => b6e75bd78a58c7d9c2a12c0c4efc102c
    [OrderID] => 949286-21163719
    [Status] => CAPTURE
    [JobCd] => CAPTURE
    [Amount] => 10396
    [Tax] => 0
    [Currency] => JPN
    [Forward] => 2S49631
    [Method] => 1
    [PayTimes] => 
    [TranID] => 2301211637602257210134160869
    [Approve] => 0807387
    [TranDate] => 20230121163720
    [ErrCode] => 
    [ErrInfo] => 
    [PayType] => 0
    [CvsCode] => 
    [CvsConfNo] => 
    [CvsReceiptNo] => 
    [EdyReceiptNo] => 
    [EdyOrderNo] => 
    [SuicaReceiptNo] => 
    [SuicaOrderNo] => 
    [CustID] => 
    [BkCode] => 
    [ConfNo] => 
    [PaymentTerm] => 
    [EncryptReceiptNo] => 
    [FinishDate] => 
    [ReceiptDate] => 
    [WebMoneyManagementNo] => 
    [WebMoneySettleCode] => 
    [AuPayInfoNo] => 
    [AuPayMethod] => 
    [AuCancelAmount] => 
    [AuCancelTax] => 
    [DocomoSettlementCode] => 
    [DocomoCancelAmount] => 
    [DocomoCancelTax] => 
    [pay_status] => 13
)
 from 210.175.7.20
2023/01/21 16:37:25 [/shop/user_data/pg_mulpay_recv.php] response:true from 210.175.7.20
2023/01/21 17:59:23 [/shop/shopping/load_payment_module.php] SendRequest:https://p01.mul-pay.jp/payment/SearchMember.idPass from 126.158.128.65
2023/01/21 17:59:23 [/shop/shopping/load_payment_module.php] Array
(
    [SiteID] => mst0000007602
    [SitePass] => ******
    [MemberID] => 2732
)
 from 126.158.128.65
2023/01/21 17:59:23 [/shop/shopping/load_payment_module.php] ErrCode=E01&ErrInfo=E01390002 from 126.158.128.65
2023/01/21 17:59:23 [/shop/shopping/load_payment_module.php] Array
(
    [0] => Array
        (
            [ErrCode] => E01
            [ErrInfo] => E01390002
        )

)
 from 126.158.128.65
2023/01/21 17:59:23 [/shop/shopping/load_payment_module.php] SendRequest:https://p01.mul-pay.jp/payment/SearchCard.idPass from 126.158.128.65
2023/01/21 17:59:23 [/shop/shopping/load_payment_module.php] Array
(
    [SiteID] => mst0000007602
    [SitePass] => ******
    [MemberID] => 2732
)
 from 126.158.128.65
2023/01/21 17:59:23 [/shop/shopping/load_payment_module.php] ErrCode=E01|E01&ErrInfo=E01390002|E01240002 from 126.158.128.65
2023/01/21 17:59:23 [/shop/shopping/load_payment_module.php] Array
(
    [0] => Array
        (
            [ErrCode] => E01
            [ErrInfo] => E01390002
        )

    [1] => Array
        (
            [ErrCode] => E01
            [ErrInfo] => E01240002
        )

)
 from 126.158.128.65
2023/01/21 18:00:43 [/shop/shopping/load_payment_module.php] SendRequest:https://p01.mul-pay.jp/payment/SearchMember.idPass from 126.158.128.65
2023/01/21 18:00:43 [/shop/shopping/load_payment_module.php] Array
(
    [SiteID] => mst0000007602
    [SitePass] => ******
    [MemberID] => 2732
)
 from 126.158.128.65
2023/01/21 18:00:43 [/shop/shopping/load_payment_module.php] ErrCode=E01&ErrInfo=E01390002 from 126.158.128.65
2023/01/21 18:00:43 [/shop/shopping/load_payment_module.php] Array
(
    [0] => Array
        (
            [ErrCode] => E01
            [ErrInfo] => E01390002
        )

)
 from 126.158.128.65
2023/01/21 18:00:43 [/shop/shopping/load_payment_module.php] SendRequest:https://p01.mul-pay.jp/payment/SearchCard.idPass from 126.158.128.65
2023/01/21 18:00:43 [/shop/shopping/load_payment_module.php] Array
(
    [SiteID] => mst0000007602
    [SitePass] => ******
    [MemberID] => 2732
)
 from 126.158.128.65
2023/01/21 18:00:43 [/shop/shopping/load_payment_module.php] ErrCode=E01|E01&ErrInfo=E01390002|E01240002 from 126.158.128.65
2023/01/21 18:00:43 [/shop/shopping/load_payment_module.php] Array
(
    [0] => Array
        (
            [ErrCode] => E01
            [ErrInfo] => E01390002
        )

    [1] => Array
        (
            [ErrCode] => E01
            [ErrInfo] => E01240002
        )

)
 from 126.158.128.65
2023/01/21 18:00:43 [/shop/shopping/load_payment_module.php] SendRequest:https://p01.mul-pay.jp/payment/EntryTran.idPass from 126.158.128.65
2023/01/21 18:00:43 [/shop/shopping/load_payment_module.php] Array
(
    [ShopID] => 9000034600950
    [ShopPass] => ******
    [OrderID] => 949287-21180043
    [JobCd] => CAPTURE
    [Amount] => 6695
    [TdFlag] => 0
    [TdTenantName] => 
)
 from 126.158.128.65
2023/01/21 18:00:43 [/shop/shopping/load_payment_module.php] AccessID=2b61097738c4734d417057116df1e2ec&AccessPass=ff6372a68dfebe34e0d5afa6f672f3cd from 126.158.128.65
2023/01/21 18:00:43 [/shop/shopping/load_payment_module.php] Array
(
    [0] => Array
        (
            [AccessID] => 2b61097738c4734d417057116df1e2ec
            [AccessPass] => ff6372a68dfebe34e0d5afa6f672f3cd
        )

)
 from 126.158.128.65
2023/01/21 18:00:43 [/shop/shopping/load_payment_module.php] load_payment_module.php set payment data:Array
(
    [AccessID] => 2b61097738c4734d417057116df1e2ec
    [AccessPass] => ff6372a68dfebe34e0d5afa6f672f3cd
    [OrderID] => 949287-21180043
    [Amount] => 6695
    [JobCd] => CAPTURE
    [action_status] => 1
    [pay_status] => 0
)
 from 126.158.128.65
2023/01/21 18:00:43 [/shop/shopping/load_payment_module.php] SendRequest:https://p01.mul-pay.jp/payment/ExecTran.idPass from 126.158.128.65
2023/01/21 18:00:43 [/shop/shopping/load_payment_module.php] Array
(
    [AccessID] => 2b61097738c4734d417057116df1e2ec
    [AccessPass] => ff6372a68dfebe34e0d5afa6f672f3cd
    [OrderID] => 949287-21180043
    [Method] => 1
    [Token] => 072ba8b431fc8597fc7b18490af10a30393d545bbd591ce9e30d2bd472c2b0ba
    [ClientField1] => 
    [ClientField2] => 
    [ClientField3] => EC-CUBE4.3.35
)
 from 126.158.128.65
2023/01/21 18:00:44 [/shop/shopping/load_payment_module.php] ACS=0&OrderID=949287-21180043&Forward=2S49631&Method=1&PayTimes=&Approve=0298280&TranID=2301211800602257210134150858&TranDate=20230121180044&CheckString=61b324cd496cb70d24ec91332ac71d8a from 126.158.128.65
2023/01/21 18:00:44 [/shop/shopping/load_payment_module.php] Array
(
    [0] => Array
        (
            [ACS] => 0
            [OrderID] => 949287-21180043
            [Forward] => 2S49631
            [Method] => 1
            [PayTimes] => 
            [Approve] => 0298280
            [TranID] => 2301211800602257210134150858
            [TranDate] => 20230121180044
            [CheckString] => 61b324cd496cb70d24ec91332ac71d8a
        )

)
 from 126.158.128.65
2023/01/21 18:00:44 [/shop/shopping/load_payment_module.php] load_payment_module.php set payment data:Array
(
    [ACS] => 0
    [Forward] => 2S49631
    [Method] => 1
    [PayTimes] => 
    [Approve] => 0298280
    [TranID] => 2301211800602257210134150858
    [TranDate] => 20230121180044
    [CheckString] => 61b324cd496cb70d24ec91332ac71d8a
    [Amount] => 6695
    [JobCd] => CAPTURE
    [action_status] => 3
    [pay_status] => 13
)
 from 126.158.128.65
2023/01/21 18:00:44 [/shop/user_data/pg_mulpay_recv.php] ******* receiveer data start ******* from 210.175.7.20
2023/01/21 18:00:44 [/shop/user_data/pg_mulpay_recv.php] Array
(
    [ShopID] => 9000034600950
    [ShopPass] => **********
    [AccessID] => 2b61097738c4734d417057116df1e2ec
    [AccessPass] => ********************************
    [OrderID] => 949287-21180043
    [Status] => CAPTURE
    [JobCd] => CAPTURE
    [Amount] => 6695
    [Tax] => 0
    [Currency] => JPN
    [Forward] => 2S49631
    [Method] => 1
    [PayTimes] => 
    [TranID] => 2301211800602257210134150858
    [Approve] => 0298280
    [TranDate] => 20230121180044
    [ErrCode] => 
    [ErrInfo] => 
    [PayType] => 0
)
 from 210.175.7.20
2023/01/21 18:00:44 [/shop/user_data/pg_mulpay_recv.php] ******* receiveer data end ******* from 210.175.7.20
2023/01/21 18:00:49 [/shop/user_data/pg_mulpay_recv.php] update order status:1 order_id=949287 from 210.175.7.20
2023/01/21 18:00:49 [/shop/user_data/pg_mulpay_recv.php] pg_mulpay_recv.php set payment data:Array
(
    [ShopID] => 9000034600950
    [AccessID] => 2b61097738c4734d417057116df1e2ec
    [OrderID] => 949287-21180043
    [Status] => CAPTURE
    [JobCd] => CAPTURE
    [Amount] => 6695
    [Tax] => 0
    [Currency] => JPN
    [Forward] => 2S49631
    [Method] => 1
    [PayTimes] => 
    [TranID] => 2301211800602257210134150858
    [Approve] => 0298280
    [TranDate] => 20230121180044
    [ErrCode] => 
    [ErrInfo] => 
    [PayType] => 0
    [CvsCode] => 
    [CvsConfNo] => 
    [CvsReceiptNo] => 
    [EdyReceiptNo] => 
    [EdyOrderNo] => 
    [SuicaReceiptNo] => 
    [SuicaOrderNo] => 
    [CustID] => 
    [BkCode] => 
    [ConfNo] => 
    [PaymentTerm] => 
    [EncryptReceiptNo] => 
    [FinishDate] => 
    [ReceiptDate] => 
    [WebMoneyManagementNo] => 
    [WebMoneySettleCode] => 
    [AuPayInfoNo] => 
    [AuPayMethod] => 
    [AuCancelAmount] => 
    [AuCancelTax] => 
    [DocomoSettlementCode] => 
    [DocomoCancelAmount] => 
    [DocomoCancelTax] => 
    [pay_status] => 13
)
 from 210.175.7.20
2023/01/21 18:00:49 [/shop/user_data/pg_mulpay_recv.php] response:true from 210.175.7.20
2023/01/21 21:07:01 [/shop/shopping/load_payment_module.php] SendRequest:https://p01.mul-pay.jp/payment/SearchMember.idPass from 217.123.91.212
2023/01/21 21:07:01 [/shop/shopping/load_payment_module.php] Array
(
    [SiteID] => mst0000007602
    [SitePass] => ******
    [MemberID] => 11182
)
 from 217.123.91.212
2023/01/21 21:07:01 [/shop/shopping/load_payment_module.php] ErrCode=E01&ErrInfo=E01390002 from 217.123.91.212
2023/01/21 21:07:01 [/shop/shopping/load_payment_module.php] Array
(
    [0] => Array
        (
            [ErrCode] => E01
            [ErrInfo] => E01390002
        )

)
 from 217.123.91.212
2023/01/21 21:07:01 [/shop/shopping/load_payment_module.php] SendRequest:https://p01.mul-pay.jp/payment/SearchCard.idPass from 217.123.91.212
2023/01/21 21:07:01 [/shop/shopping/load_payment_module.php] Array
(
    [SiteID] => mst0000007602
    [SitePass] => ******
    [MemberID] => 11182
)
 from 217.123.91.212
2023/01/21 21:07:01 [/shop/shopping/load_payment_module.php] ErrCode=E01|E01&ErrInfo=E01390002|E01240002 from 217.123.91.212
2023/01/21 21:07:01 [/shop/shopping/load_payment_module.php] Array
(
    [0] => Array
        (
            [ErrCode] => E01
            [ErrInfo] => E01390002
        )

    [1] => Array
        (
            [ErrCode] => E01
            [ErrInfo] => E01240002
        )

)
 from 217.123.91.212
2023/01/21 21:07:45 [/shop/shopping/load_payment_module.php] SendRequest:https://p01.mul-pay.jp/payment/SearchMember.idPass from 217.123.91.212
2023/01/21 21:07:45 [/shop/shopping/load_payment_module.php] Array
(
    [SiteID] => mst0000007602
    [SitePass] => ******
    [MemberID] => 11182
)
 from 217.123.91.212
2023/01/21 21:07:45 [/shop/shopping/load_payment_module.php] ErrCode=E01&ErrInfo=E01390002 from 217.123.91.212
2023/01/21 21:07:45 [/shop/shopping/load_payment_module.php] Array
(
    [0] => Array
        (
            [ErrCode] => E01
            [ErrInfo] => E01390002
        )

)
 from 217.123.91.212
2023/01/21 21:07:45 [/shop/shopping/load_payment_module.php] SendRequest:https://p01.mul-pay.jp/payment/SearchCard.idPass from 217.123.91.212
2023/01/21 21:07:45 [/shop/shopping/load_payment_module.php] Array
(
    [SiteID] => mst0000007602
    [SitePass] => ******
    [MemberID] => 11182
)
 from 217.123.91.212
2023/01/21 21:07:45 [/shop/shopping/load_payment_module.php] ErrCode=E01|E01&ErrInfo=E01390002|E01240002 from 217.123.91.212
2023/01/21 21:07:45 [/shop/shopping/load_payment_module.php] Array
(
    [0] => Array
        (
            [ErrCode] => E01
            [ErrInfo] => E01390002
        )

    [1] => Array
        (
            [ErrCode] => E01
            [ErrInfo] => E01240002
        )

)
 from 217.123.91.212
2023/01/21 21:09:13 [/shop/shopping/load_payment_module.php] SendRequest:https://p01.mul-pay.jp/payment/SearchMember.idPass from 217.123.91.212
2023/01/21 21:09:13 [/shop/shopping/load_payment_module.php] Array
(
    [SiteID] => mst0000007602
    [SitePass] => ******
    [MemberID] => 11182
)
 from 217.123.91.212
2023/01/21 21:09:13 [/shop/shopping/load_payment_module.php] ErrCode=E01&ErrInfo=E01390002 from 217.123.91.212
2023/01/21 21:09:13 [/shop/shopping/load_payment_module.php] Array
(
    [0] => Array
        (
            [ErrCode] => E01
            [ErrInfo] => E01390002
        )

)
 from 217.123.91.212
2023/01/21 21:09:13 [/shop/shopping/load_payment_module.php] SendRequest:https://p01.mul-pay.jp/payment/SearchCard.idPass from 217.123.91.212
2023/01/21 21:09:13 [/shop/shopping/load_payment_module.php] Array
(
    [SiteID] => mst0000007602
    [SitePass] => ******
    [MemberID] => 11182
)
 from 217.123.91.212
2023/01/21 21:09:13 [/shop/shopping/load_payment_module.php] ErrCode=E01|E01&ErrInfo=E01390002|E01240002 from 217.123.91.212
2023/01/21 21:09:13 [/shop/shopping/load_payment_module.php] Array
(
    [0] => Array
        (
            [ErrCode] => E01
            [ErrInfo] => E01390002
        )

    [1] => Array
        (
            [ErrCode] => E01
            [ErrInfo] => E01240002
        )

)
 from 217.123.91.212
2023/01/21 21:09:13 [/shop/shopping/load_payment_module.php] SendRequest:https://p01.mul-pay.jp/payment/EntryTran.idPass from 217.123.91.212
2023/01/21 21:09:13 [/shop/shopping/load_payment_module.php] Array
(
    [ShopID] => 9000034600950
    [ShopPass] => ******
    [OrderID] => 949288-21210913
    [JobCd] => CAPTURE
    [Amount] => 13720
    [TdFlag] => 0
    [TdTenantName] => 
)
 from 217.123.91.212
2023/01/21 21:09:13 [/shop/shopping/load_payment_module.php] AccessID=173ad7d80299234f31a12c95d6ae2cd9&AccessPass=70c7c0451dc7bb1dc0e8aa4354ca1e62 from 217.123.91.212
2023/01/21 21:09:13 [/shop/shopping/load_payment_module.php] Array
(
    [0] => Array
        (
            [AccessID] => 173ad7d80299234f31a12c95d6ae2cd9
            [AccessPass] => 70c7c0451dc7bb1dc0e8aa4354ca1e62
        )

)
 from 217.123.91.212
2023/01/21 21:09:13 [/shop/shopping/load_payment_module.php] load_payment_module.php set payment data:Array
(
    [AccessID] => 173ad7d80299234f31a12c95d6ae2cd9
    [AccessPass] => 70c7c0451dc7bb1dc0e8aa4354ca1e62
    [OrderID] => 949288-21210913
    [Amount] => 13720
    [JobCd] => CAPTURE
    [action_status] => 1
    [pay_status] => 0
)
 from 217.123.91.212
2023/01/21 21:09:13 [/shop/shopping/load_payment_module.php] SendRequest:https://p01.mul-pay.jp/payment/ExecTran.idPass from 217.123.91.212
2023/01/21 21:09:13 [/shop/shopping/load_payment_module.php] Array
(
    [AccessID] => 173ad7d80299234f31a12c95d6ae2cd9
    [AccessPass] => 70c7c0451dc7bb1dc0e8aa4354ca1e62
    [OrderID] => 949288-21210913
    [Method] => 1
    [Token] => 8f6b8aef76afa8034120082dc6307cc5fb41409a44deafcaf31b5724aa84c09d
    [ClientField1] => 
    [ClientField2] => 
    [ClientField3] => EC-CUBE4.3.35
)
 from 217.123.91.212
2023/01/21 21:09:14 [/shop/shopping/load_payment_module.php] ACS=0&OrderID=949288-21210913&Forward=2S49631&Method=1&PayTimes=&Approve=0002613&TranID=2301212109602257210134150859&TranDate=20230121210914&CheckString=787eef952e46232aeb2d57720d3bcd61 from 217.123.91.212
2023/01/21 21:09:14 [/shop/shopping/load_payment_module.php] Array
(
    [0] => Array
        (
            [ACS] => 0
            [OrderID] => 949288-21210913
            [Forward] => 2S49631
            [Method] => 1
            [PayTimes] => 
            [Approve] => 0002613
            [TranID] => 2301212109602257210134150859
            [TranDate] => 20230121210914
            [CheckString] => 787eef952e46232aeb2d57720d3bcd61
        )

)
 from 217.123.91.212
2023/01/21 21:09:14 [/shop/shopping/load_payment_module.php] load_payment_module.php set payment data:Array
(
    [ACS] => 0
    [Forward] => 2S49631
    [Method] => 1
    [PayTimes] => 
    [Approve] => 0002613
    [TranID] => 2301212109602257210134150859
    [TranDate] => 20230121210914
    [CheckString] => 787eef952e46232aeb2d57720d3bcd61
    [Amount] => 13720
    [JobCd] => CAPTURE
    [action_status] => 3
    [pay_status] => 13
)
 from 217.123.91.212
2023/01/21 21:09:14 [/shop/user_data/pg_mulpay_recv.php] ******* receiveer data start ******* from 210.175.7.20
2023/01/21 21:09:14 [/shop/user_data/pg_mulpay_recv.php] Array
(
    [ShopID] => 9000034600950
    [ShopPass] => **********
    [AccessID] => 173ad7d80299234f31a12c95d6ae2cd9
    [AccessPass] => ********************************
    [OrderID] => 949288-21210913
    [Status] => CAPTURE
    [JobCd] => CAPTURE
    [Amount] => 13720
    [Tax] => 0
    [Currency] => JPN
    [Forward] => 2S49631
    [Method] => 1
    [PayTimes] => 
    [TranID] => 2301212109602257210134150859
    [Approve] => 0002613
    [TranDate] => 20230121210914
    [ErrCode] => 
    [ErrInfo] => 
    [PayType] => 0
)
 from 210.175.7.20
2023/01/21 21:09:14 [/shop/user_data/pg_mulpay_recv.php] ******* receiveer data end ******* from 210.175.7.20
2023/01/21 21:09:19 [/shop/user_data/pg_mulpay_recv.php] update order status:1 order_id=949288 from 210.175.7.20
2023/01/21 21:09:19 [/shop/user_data/pg_mulpay_recv.php] pg_mulpay_recv.php set payment data:Array
(
    [ShopID] => 9000034600950
    [AccessID] => 173ad7d80299234f31a12c95d6ae2cd9
    [OrderID] => 949288-21210913
    [Status] => CAPTURE
    [JobCd] => CAPTURE
    [Amount] => 13720
    [Tax] => 0
    [Currency] => JPN
    [Forward] => 2S49631
    [Method] => 1
    [PayTimes] => 
    [TranID] => 2301212109602257210134150859
    [Approve] => 0002613
    [TranDate] => 20230121210914
    [ErrCode] => 
    [ErrInfo] => 
    [PayType] => 0
    [CvsCode] => 
    [CvsConfNo] => 
    [CvsReceiptNo] => 
    [EdyReceiptNo] => 
    [EdyOrderNo] => 
    [SuicaReceiptNo] => 
    [SuicaOrderNo] => 
    [CustID] => 
    [BkCode] => 
    [ConfNo] => 
    [PaymentTerm] => 
    [EncryptReceiptNo] => 
    [FinishDate] => 
    [ReceiptDate] => 
    [WebMoneyManagementNo] => 
    [WebMoneySettleCode] => 
    [AuPayInfoNo] => 
    [AuPayMethod] => 
    [AuCancelAmount] => 
    [AuCancelTax] => 
    [DocomoSettlementCode] => 
    [DocomoCancelAmount] => 
    [DocomoCancelTax] => 
    [pay_status] => 13
)
 from 210.175.7.20
2023/01/21 21:09:19 [/shop/user_data/pg_mulpay_recv.php] response:true from 210.175.7.20
