2018/01/26 00:30:57 [/shop/shopping/load_payment_module.php] SendRequest:https://p01.mul-pay.jp/payment/SearchMember.idPass from 1.200.210.34
2018/01/26 00:30:57 [/shop/shopping/load_payment_module.php] Array
(
    [SiteID] => mst0000007602
    [SitePass] => ******
    [MemberID] => 5557
)
 from 1.200.210.34
2018/01/26 00:30:57 [/shop/shopping/load_payment_module.php] ErrCode=E01&ErrInfo=E01390002 from 1.200.210.34
2018/01/26 00:30:57 [/shop/shopping/load_payment_module.php] Array
(
    [0] => Array
        (
            [ErrCode] => E01
            [ErrInfo] => E01390002
        )

)
 from 1.200.210.34
2018/01/26 00:30:57 [/shop/shopping/load_payment_module.php] SendRequest:https://p01.mul-pay.jp/payment/SearchCard.idPass from 1.200.210.34
2018/01/26 00:30:57 [/shop/shopping/load_payment_module.php] Array
(
    [SiteID] => mst0000007602
    [SitePass] => ******
    [MemberID] => 5557
)
 from 1.200.210.34
2018/01/26 00:30:57 [/shop/shopping/load_payment_module.php] ErrCode=E01|E01&ErrInfo=E01390002|E01240002 from 1.200.210.34
2018/01/26 00:30:57 [/shop/shopping/load_payment_module.php] Array
(
    [0] => Array
        (
            [ErrCode] => E01
            [ErrInfo] => E01390002
        )

    [1] => Array
        (
            [ErrCode] => E01
            [ErrInfo] => E01240002
        )

)
 from 1.200.210.34
2018/01/26 00:34:25 [/shop/shopping/load_payment_module.php] SendRequest:https://p01.mul-pay.jp/payment/SearchMember.idPass from 1.200.210.34
2018/01/26 00:34:25 [/shop/shopping/load_payment_module.php] Array
(
    [SiteID] => mst0000007602
    [SitePass] => ******
    [MemberID] => 5557
)
 from 1.200.210.34
2018/01/26 00:34:25 [/shop/shopping/load_payment_module.php] ErrCode=E01&ErrInfo=E01390002 from 1.200.210.34
2018/01/26 00:34:25 [/shop/shopping/load_payment_module.php] Array
(
    [0] => Array
        (
            [ErrCode] => E01
            [ErrInfo] => E01390002
        )

)
 from 1.200.210.34
2018/01/26 00:34:25 [/shop/shopping/load_payment_module.php] SendRequest:https://p01.mul-pay.jp/payment/SearchCard.idPass from 1.200.210.34
2018/01/26 00:34:25 [/shop/shopping/load_payment_module.php] Array
(
    [SiteID] => mst0000007602
    [SitePass] => ******
    [MemberID] => 5557
)
 from 1.200.210.34
2018/01/26 00:34:25 [/shop/shopping/load_payment_module.php] ErrCode=E01|E01&ErrInfo=E01390002|E01240002 from 1.200.210.34
2018/01/26 00:34:25 [/shop/shopping/load_payment_module.php] Array
(
    [0] => Array
        (
            [ErrCode] => E01
            [ErrInfo] => E01390002
        )

    [1] => Array
        (
            [ErrCode] => E01
            [ErrInfo] => E01240002
        )

)
 from 1.200.210.34
2018/01/26 00:34:25 [/shop/shopping/load_payment_module.php] SendRequest:https://p01.mul-pay.jp/payment/EntryTran.idPass from 1.200.210.34
2018/01/26 00:34:25 [/shop/shopping/load_payment_module.php] Array
(
    [ShopID] => 9000034600950
    [ShopPass] => ******
    [OrderID] => 920308-26003425
    [JobCd] => CAPTURE
    [Amount] => 9189
    [TdFlag] => 0
    [TdTenantName] => 
)
 from 1.200.210.34
2018/01/26 00:34:25 [/shop/shopping/load_payment_module.php] AccessID=b26f089be8a4a84abb5c720b8677791f&AccessPass=3cfae02f926389a4b55c4487504d7e90 from 1.200.210.34
2018/01/26 00:34:25 [/shop/shopping/load_payment_module.php] Array
(
    [0] => Array
        (
            [AccessID] => b26f089be8a4a84abb5c720b8677791f
            [AccessPass] => 3cfae02f926389a4b55c4487504d7e90
        )

)
 from 1.200.210.34
2018/01/26 00:34:25 [/shop/shopping/load_payment_module.php] load_payment_module.php set payment data:Array
(
    [AccessID] => b26f089be8a4a84abb5c720b8677791f
    [AccessPass] => 3cfae02f926389a4b55c4487504d7e90
    [OrderID] => 920308-26003425
    [Amount] => 9189
    [JobCd] => CAPTURE
    [action_status] => 1
    [pay_status] => 0
)
 from 1.200.210.34
2018/01/26 00:34:25 [/shop/shopping/load_payment_module.php] SendRequest:https://p01.mul-pay.jp/payment/ExecTran.idPass from 1.200.210.34
2018/01/26 00:34:25 [/shop/shopping/load_payment_module.php] Array
(
    [AccessID] => b26f089be8a4a84abb5c720b8677791f
    [AccessPass] => 3cfae02f926389a4b55c4487504d7e90
    [OrderID] => 920308-26003425
    [Method] => 1
    [CardNo] => *************843
    [Expire] => 1909
    [ClientField1] => 
    [ClientField2] => 
    [ClientField3] => EC-CUBE4.1.5
    [ClientFieldFlag] => 1
)
 from 1.200.210.34
2018/01/26 00:34:26 [/shop/shopping/load_payment_module.php] ErrCode=G12&ErrInfo=42G120000 from 1.200.210.34
2018/01/26 00:34:26 [/shop/shopping/load_payment_module.php] Array
(
    [0] => Array
        (
            [ErrCode] => G12
            [ErrInfo] => 42G120000
        )

)
 from 1.200.210.34
2018/01/26 00:34:26 [/shop/shopping/load_payment_module.php] load_payment_module.php set payment data:Array
(
    [request_error] => Array
        (
            [0] => このカードでは取引をする事が出来ません。 (G12-42G120000)
        )

    [Amount] => 9189
    [JobCd] => CAPTURE
    [action_status] => 3
)
 from 1.200.210.34
2018/01/26 00:36:44 [/shop/shopping/load_payment_module.php] SendRequest:https://p01.mul-pay.jp/payment/SearchMember.idPass from 1.200.210.34
2018/01/26 00:36:44 [/shop/shopping/load_payment_module.php] Array
(
    [SiteID] => mst0000007602
    [SitePass] => ******
    [MemberID] => 5557
)
 from 1.200.210.34
2018/01/26 00:36:44 [/shop/shopping/load_payment_module.php] ErrCode=E01&ErrInfo=E01390002 from 1.200.210.34
2018/01/26 00:36:44 [/shop/shopping/load_payment_module.php] Array
(
    [0] => Array
        (
            [ErrCode] => E01
            [ErrInfo] => E01390002
        )

)
 from 1.200.210.34
2018/01/26 00:36:44 [/shop/shopping/load_payment_module.php] SendRequest:https://p01.mul-pay.jp/payment/SearchCard.idPass from 1.200.210.34
2018/01/26 00:36:44 [/shop/shopping/load_payment_module.php] Array
(
    [SiteID] => mst0000007602
    [SitePass] => ******
    [MemberID] => 5557
)
 from 1.200.210.34
2018/01/26 00:36:44 [/shop/shopping/load_payment_module.php] ErrCode=E01|E01&ErrInfo=E01390002|E01240002 from 1.200.210.34
2018/01/26 00:36:44 [/shop/shopping/load_payment_module.php] Array
(
    [0] => Array
        (
            [ErrCode] => E01
            [ErrInfo] => E01390002
        )

    [1] => Array
        (
            [ErrCode] => E01
            [ErrInfo] => E01240002
        )

)
 from 1.200.210.34
2018/01/26 00:36:44 [/shop/shopping/load_payment_module.php] SendRequest:https://p01.mul-pay.jp/payment/ExecTran.idPass from 1.200.210.34
2018/01/26 00:36:44 [/shop/shopping/load_payment_module.php] Array
(
    [AccessID] => b26f089be8a4a84abb5c720b8677791f
    [AccessPass] => 3cfae02f926389a4b55c4487504d7e90
    [OrderID] => 920308-26003425
    [Method] => 1
    [CardNo] => *************843
    [Expire] => 1909
    [ClientField1] => 
    [ClientField2] => 
    [ClientField3] => EC-CUBE4.1.5
    [ClientFieldFlag] => 1
)
 from 1.200.210.34
2018/01/26 00:36:45 [/shop/shopping/load_payment_module.php] ErrCode=G12&ErrInfo=42G120000 from 1.200.210.34
2018/01/26 00:36:45 [/shop/shopping/load_payment_module.php] Array
(
    [0] => Array
        (
            [ErrCode] => G12
            [ErrInfo] => 42G120000
        )

)
 from 1.200.210.34
2018/01/26 00:36:45 [/shop/shopping/load_payment_module.php] load_payment_module.php set payment data:Array
(
    [request_error] => Array
        (
            [0] => このカードでは取引をする事が出来ません。 (G12-42G120000)
        )

    [Amount] => 9189
    [JobCd] => CAPTURE
    [action_status] => 3
)
 from 1.200.210.34
2018/01/26 00:38:12 [/shop/shopping/load_payment_module.php] SendRequest:https://p01.mul-pay.jp/payment/SearchMember.idPass from 1.200.210.34
2018/01/26 00:38:12 [/shop/shopping/load_payment_module.php] Array
(
    [SiteID] => mst0000007602
    [SitePass] => ******
    [MemberID] => 5557
)
 from 1.200.210.34
2018/01/26 00:38:12 [/shop/shopping/load_payment_module.php] ErrCode=E01&ErrInfo=E01390002 from 1.200.210.34
2018/01/26 00:38:12 [/shop/shopping/load_payment_module.php] Array
(
    [0] => Array
        (
            [ErrCode] => E01
            [ErrInfo] => E01390002
        )

)
 from 1.200.210.34
2018/01/26 00:38:12 [/shop/shopping/load_payment_module.php] SendRequest:https://p01.mul-pay.jp/payment/SearchCard.idPass from 1.200.210.34
2018/01/26 00:38:12 [/shop/shopping/load_payment_module.php] Array
(
    [SiteID] => mst0000007602
    [SitePass] => ******
    [MemberID] => 5557
)
 from 1.200.210.34
2018/01/26 00:38:12 [/shop/shopping/load_payment_module.php] ErrCode=E01|E01&ErrInfo=E01390002|E01240002 from 1.200.210.34
2018/01/26 00:38:12 [/shop/shopping/load_payment_module.php] Array
(
    [0] => Array
        (
            [ErrCode] => E01
            [ErrInfo] => E01390002
        )

    [1] => Array
        (
            [ErrCode] => E01
            [ErrInfo] => E01240002
        )

)
 from 1.200.210.34
2018/01/26 00:38:12 [/shop/shopping/load_payment_module.php] SendRequest:https://p01.mul-pay.jp/payment/ExecTran.idPass from 1.200.210.34
2018/01/26 00:38:12 [/shop/shopping/load_payment_module.php] Array
(
    [AccessID] => b26f089be8a4a84abb5c720b8677791f
    [AccessPass] => 3cfae02f926389a4b55c4487504d7e90
    [OrderID] => 920308-26003425
    [Method] => 1
    [CardNo] => *************516
    [Expire] => 2108
    [ClientField1] => 
    [ClientField2] => 
    [ClientField3] => EC-CUBE4.1.5
    [ClientFieldFlag] => 1
)
 from 1.200.210.34
2018/01/26 00:38:13 [/shop/shopping/load_payment_module.php] ACS=0&OrderID=920308-26003425&Forward=2S49631&Method=1&PayTimes=&Approve=0354619&TranID=1801260038602257210134114361&TranDate=20180126003813&CheckString=8ee100ca51329f0a6c71d8a3e5a86418&ClientField1=&ClientField2=&ClientField3=EC-CUBE4.1.5 from 1.200.210.34
2018/01/26 00:38:13 [/shop/shopping/load_payment_module.php] Array
(
    [0] => Array
        (
            [ACS] => 0
            [OrderID] => 920308-26003425
            [Forward] => 2S49631
            [Method] => 1
            [PayTimes] => 
            [Approve] => 0354619
            [TranID] => 1801260038602257210134114361
            [TranDate] => 20180126003813
            [CheckString] => 8ee100ca51329f0a6c71d8a3e5a86418
            [ClientField1] => 
            [ClientField2] => 
            [ClientField3] => EC-CUBE4.1.5
        )

)
 from 1.200.210.34
2018/01/26 00:38:13 [/shop/shopping/load_payment_module.php] load_payment_module.php set payment data:Array
(
    [ACS] => 0
    [Forward] => 2S49631
    [Method] => 1
    [PayTimes] => 
    [Approve] => 0354619
    [TranID] => 1801260038602257210134114361
    [TranDate] => 20180126003813
    [CheckString] => 8ee100ca51329f0a6c71d8a3e5a86418
    [ClientField1] => 
    [ClientField2] => 
    [ClientField3] => EC-CUBE4.1.5
    [Amount] => 9189
    [JobCd] => CAPTURE
    [action_status] => 3
    [pay_status] => 13
)
 from 1.200.210.34
2018/01/26 01:44:00 [/shop/shopping/load_payment_module.php] SendRequest:https://p01.mul-pay.jp/payment/EntryTran.idPass from 126.170.54.235
2018/01/26 01:44:00 [/shop/shopping/load_payment_module.php] Array
(
    [ShopID] => 9000034600950
    [ShopPass] => ******
    [OrderID] => 920309-26014400
    [JobCd] => CAPTURE
    [Amount] => 8250
    [TdFlag] => 0
    [TdTenantName] => 
)
 from 126.170.54.235
2018/01/26 01:44:00 [/shop/shopping/load_payment_module.php] AccessID=7d09982b48fa7eb02108ea25b1697fb9&AccessPass=cf481353f781a65f03638f5d5634d03e from 126.170.54.235
2018/01/26 01:44:00 [/shop/shopping/load_payment_module.php] Array
(
    [0] => Array
        (
            [AccessID] => 7d09982b48fa7eb02108ea25b1697fb9
            [AccessPass] => cf481353f781a65f03638f5d5634d03e
        )

)
 from 126.170.54.235
2018/01/26 01:44:00 [/shop/shopping/load_payment_module.php] load_payment_module.php set payment data:Array
(
    [AccessID] => 7d09982b48fa7eb02108ea25b1697fb9
    [AccessPass] => cf481353f781a65f03638f5d5634d03e
    [OrderID] => 920309-26014400
    [Amount] => 8250
    [JobCd] => CAPTURE
    [action_status] => 1
    [pay_status] => 0
)
 from 126.170.54.235
2018/01/26 01:44:00 [/shop/shopping/load_payment_module.php] SendRequest:https://p01.mul-pay.jp/payment/ExecTran.idPass from 126.170.54.235
2018/01/26 01:44:00 [/shop/shopping/load_payment_module.php] Array
(
    [AccessID] => 7d09982b48fa7eb02108ea25b1697fb9
    [AccessPass] => cf481353f781a65f03638f5d5634d03e
    [OrderID] => 920309-26014400
    [Method] => 1
    [CardNo] => *************442
    [Expire] => 1910
    [ClientField1] => 
    [ClientField2] => 
    [ClientField3] => EC-CUBE4.1.5
    [ClientFieldFlag] => 1
)
 from 126.170.54.235
2018/01/26 01:44:01 [/shop/shopping/load_payment_module.php] ACS=0&OrderID=920309-26014400&Forward=2959876&Method=1&PayTimes=&Approve=0455248&TranID=1801260144602257210134124500&TranDate=20180126014401&CheckString=81e85b9cffd1a8e4056aca98addaadea&ClientField1=&ClientField2=&ClientField3=EC-CUBE4.1.5 from 126.170.54.235
2018/01/26 01:44:01 [/shop/shopping/load_payment_module.php] Array
(
    [0] => Array
        (
            [ACS] => 0
            [OrderID] => 920309-26014400
            [Forward] => 2959876
            [Method] => 1
            [PayTimes] => 
            [Approve] => 0455248
            [TranID] => 1801260144602257210134124500
            [TranDate] => 20180126014401
            [CheckString] => 81e85b9cffd1a8e4056aca98addaadea
            [ClientField1] => 
            [ClientField2] => 
            [ClientField3] => EC-CUBE4.1.5
        )

)
 from 126.170.54.235
2018/01/26 01:44:01 [/shop/shopping/load_payment_module.php] load_payment_module.php set payment data:Array
(
    [ACS] => 0
    [Forward] => 2959876
    [Method] => 1
    [PayTimes] => 
    [Approve] => 0455248
    [TranID] => 1801260144602257210134124500
    [TranDate] => 20180126014401
    [CheckString] => 81e85b9cffd1a8e4056aca98addaadea
    [ClientField1] => 
    [ClientField2] => 
    [ClientField3] => EC-CUBE4.1.5
    [Amount] => 8250
    [JobCd] => CAPTURE
    [action_status] => 3
    [pay_status] => 13
)
 from 126.170.54.235
2018/01/26 02:16:03 [/shop/shopping/load_payment_module.php] SendRequest:https://p01.mul-pay.jp/payment/SearchMember.idPass from 98.144.141.221
2018/01/26 02:16:03 [/shop/shopping/load_payment_module.php] Array
(
    [SiteID] => mst0000007602
    [SitePass] => ******
    [MemberID] => 6280
)
 from 98.144.141.221
2018/01/26 02:16:03 [/shop/shopping/load_payment_module.php] ErrCode=E01&ErrInfo=E01390002 from 98.144.141.221
2018/01/26 02:16:03 [/shop/shopping/load_payment_module.php] Array
(
    [0] => Array
        (
            [ErrCode] => E01
            [ErrInfo] => E01390002
        )

)
 from 98.144.141.221
2018/01/26 02:16:03 [/shop/shopping/load_payment_module.php] SendRequest:https://p01.mul-pay.jp/payment/SearchCard.idPass from 98.144.141.221
2018/01/26 02:16:03 [/shop/shopping/load_payment_module.php] Array
(
    [SiteID] => mst0000007602
    [SitePass] => ******
    [MemberID] => 6280
)
 from 98.144.141.221
2018/01/26 02:16:03 [/shop/shopping/load_payment_module.php] ErrCode=E01|E01&ErrInfo=E01390002|E01240002 from 98.144.141.221
2018/01/26 02:16:03 [/shop/shopping/load_payment_module.php] Array
(
    [0] => Array
        (
            [ErrCode] => E01
            [ErrInfo] => E01390002
        )

    [1] => Array
        (
            [ErrCode] => E01
            [ErrInfo] => E01240002
        )

)
 from 98.144.141.221
2018/01/26 02:17:27 [/shop/shopping/load_payment_module.php] SendRequest:https://p01.mul-pay.jp/payment/SearchMember.idPass from 98.144.141.221
2018/01/26 02:17:27 [/shop/shopping/load_payment_module.php] Array
(
    [SiteID] => mst0000007602
    [SitePass] => ******
    [MemberID] => 6280
)
 from 98.144.141.221
2018/01/26 02:17:27 [/shop/shopping/load_payment_module.php] ErrCode=E01&ErrInfo=E01390002 from 98.144.141.221
2018/01/26 02:17:27 [/shop/shopping/load_payment_module.php] Array
(
    [0] => Array
        (
            [ErrCode] => E01
            [ErrInfo] => E01390002
        )

)
 from 98.144.141.221
2018/01/26 02:17:27 [/shop/shopping/load_payment_module.php] SendRequest:https://p01.mul-pay.jp/payment/SearchCard.idPass from 98.144.141.221
2018/01/26 02:17:27 [/shop/shopping/load_payment_module.php] Array
(
    [SiteID] => mst0000007602
    [SitePass] => ******
    [MemberID] => 6280
)
 from 98.144.141.221
2018/01/26 02:17:27 [/shop/shopping/load_payment_module.php] ErrCode=E01|E01&ErrInfo=E01390002|E01240002 from 98.144.141.221
2018/01/26 02:17:27 [/shop/shopping/load_payment_module.php] Array
(
    [0] => Array
        (
            [ErrCode] => E01
            [ErrInfo] => E01390002
        )

    [1] => Array
        (
            [ErrCode] => E01
            [ErrInfo] => E01240002
        )

)
 from 98.144.141.221
2018/01/26 02:17:27 [/shop/shopping/load_payment_module.php] SendRequest:https://p01.mul-pay.jp/payment/EntryTran.idPass from 98.144.141.221
2018/01/26 02:17:27 [/shop/shopping/load_payment_module.php] Array
(
    [ShopID] => 9000034600950
    [ShopPass] => ******
    [OrderID] => 920310-26021727
    [JobCd] => CAPTURE
    [Amount] => 7670
    [TdFlag] => 0
    [TdTenantName] => 
)
 from 98.144.141.221
2018/01/26 02:17:27 [/shop/shopping/load_payment_module.php] AccessID=fa922f1ad0dfaf9e211d9cafe38ef2b2&AccessPass=9d6e8ee8be16251ce4dc0a6495d8da77 from 98.144.141.221
2018/01/26 02:17:27 [/shop/shopping/load_payment_module.php] Array
(
    [0] => Array
        (
            [AccessID] => fa922f1ad0dfaf9e211d9cafe38ef2b2
            [AccessPass] => 9d6e8ee8be16251ce4dc0a6495d8da77
        )

)
 from 98.144.141.221
2018/01/26 02:17:27 [/shop/shopping/load_payment_module.php] load_payment_module.php set payment data:Array
(
    [AccessID] => fa922f1ad0dfaf9e211d9cafe38ef2b2
    [AccessPass] => 9d6e8ee8be16251ce4dc0a6495d8da77
    [OrderID] => 920310-26021727
    [Amount] => 7670
    [JobCd] => CAPTURE
    [action_status] => 1
    [pay_status] => 0
)
 from 98.144.141.221
2018/01/26 02:17:27 [/shop/shopping/load_payment_module.php] SendRequest:https://p01.mul-pay.jp/payment/ExecTran.idPass from 98.144.141.221
2018/01/26 02:17:27 [/shop/shopping/load_payment_module.php] Array
(
    [AccessID] => fa922f1ad0dfaf9e211d9cafe38ef2b2
    [AccessPass] => 9d6e8ee8be16251ce4dc0a6495d8da77
    [OrderID] => 920310-26021727
    [Method] => 1
    [CardNo] => *************276
    [Expire] => 2008
    [ClientField1] => 
    [ClientField2] => 
    [ClientField3] => EC-CUBE4.1.5
    [ClientFieldFlag] => 1
)
 from 98.144.141.221
2018/01/26 02:17:28 [/shop/shopping/load_payment_module.php] ACS=0&OrderID=920310-26021727&Forward=2S49631&Method=1&PayTimes=&Approve=0018501&TranID=1801260217602257210134134513&TranDate=20180126021728&CheckString=877e886d420ba4803dc4e3e4b66803eb&ClientField1=&ClientField2=&ClientField3=EC-CUBE4.1.5 from 98.144.141.221
2018/01/26 02:17:28 [/shop/shopping/load_payment_module.php] Array
(
    [0] => Array
        (
            [ACS] => 0
            [OrderID] => 920310-26021727
            [Forward] => 2S49631
            [Method] => 1
            [PayTimes] => 
            [Approve] => 0018501
            [TranID] => 1801260217602257210134134513
            [TranDate] => 20180126021728
            [CheckString] => 877e886d420ba4803dc4e3e4b66803eb
            [ClientField1] => 
            [ClientField2] => 
            [ClientField3] => EC-CUBE4.1.5
        )

)
 from 98.144.141.221
2018/01/26 02:17:28 [/shop/shopping/load_payment_module.php] load_payment_module.php set payment data:Array
(
    [ACS] => 0
    [Forward] => 2S49631
    [Method] => 1
    [PayTimes] => 
    [Approve] => 0018501
    [TranID] => 1801260217602257210134134513
    [TranDate] => 20180126021728
    [CheckString] => 877e886d420ba4803dc4e3e4b66803eb
    [ClientField1] => 
    [ClientField2] => 
    [ClientField3] => EC-CUBE4.1.5
    [Amount] => 7670
    [JobCd] => CAPTURE
    [action_status] => 3
    [pay_status] => 13
)
 from 98.144.141.221
2018/01/26 04:02:29 [/shop/shopping/load_payment_module.php] SendRequest:https://p01.mul-pay.jp/payment/EntryTran.idPass from 216.68.230.74
2018/01/26 04:02:29 [/shop/shopping/load_payment_module.php] Array
(
    [ShopID] => 9000034600950
    [ShopPass] => ******
    [OrderID] => 920312-26040229
    [JobCd] => CAPTURE
    [Amount] => 10080
    [TdFlag] => 0
    [TdTenantName] => 
)
 from 216.68.230.74
2018/01/26 04:02:29 [/shop/shopping/load_payment_module.php] AccessID=e719924203ef8f48c25e1c29faaa4343&AccessPass=5eb9a5b91c12dbbf426f4a87c64b2803 from 216.68.230.74
2018/01/26 04:02:29 [/shop/shopping/load_payment_module.php] Array
(
    [0] => Array
        (
            [AccessID] => e719924203ef8f48c25e1c29faaa4343
            [AccessPass] => 5eb9a5b91c12dbbf426f4a87c64b2803
        )

)
 from 216.68.230.74
2018/01/26 04:02:29 [/shop/shopping/load_payment_module.php] load_payment_module.php set payment data:Array
(
    [AccessID] => e719924203ef8f48c25e1c29faaa4343
    [AccessPass] => 5eb9a5b91c12dbbf426f4a87c64b2803
    [OrderID] => 920312-26040229
    [Amount] => 10080
    [JobCd] => CAPTURE
    [action_status] => 1
    [pay_status] => 0
)
 from 216.68.230.74
2018/01/26 04:02:29 [/shop/shopping/load_payment_module.php] SendRequest:https://p01.mul-pay.jp/payment/ExecTran.idPass from 216.68.230.74
2018/01/26 04:02:29 [/shop/shopping/load_payment_module.php] Array
(
    [AccessID] => e719924203ef8f48c25e1c29faaa4343
    [AccessPass] => 5eb9a5b91c12dbbf426f4a87c64b2803
    [OrderID] => 920312-26040229
    [Method] => 1
    [CardNo] => *************008
    [Expire] => 1904
    [ClientField1] => 
    [ClientField2] => 
    [ClientField3] => EC-CUBE4.1.5
    [ClientFieldFlag] => 1
)
 from 216.68.230.74
2018/01/26 04:02:31 [/shop/shopping/load_payment_module.php] ACS=0&OrderID=920312-26040229&Forward=2a99661&Method=1&PayTimes=&Approve=0000011&TranID=1801260402602257210134124501&TranDate=20180126040231&CheckString=c3d2b95f5e2c5a8fa988930c347cfc35&ClientField1=&ClientField2=&ClientField3=EC-CUBE4.1.5 from 216.68.230.74
2018/01/26 04:02:31 [/shop/shopping/load_payment_module.php] Array
(
    [0] => Array
        (
            [ACS] => 0
            [OrderID] => 920312-26040229
            [Forward] => 2a99661
            [Method] => 1
            [PayTimes] => 
            [Approve] => 0000011
            [TranID] => 1801260402602257210134124501
            [TranDate] => 20180126040231
            [CheckString] => c3d2b95f5e2c5a8fa988930c347cfc35
            [ClientField1] => 
            [ClientField2] => 
            [ClientField3] => EC-CUBE4.1.5
        )

)
 from 216.68.230.74
2018/01/26 04:02:31 [/shop/shopping/load_payment_module.php] load_payment_module.php set payment data:Array
(
    [ACS] => 0
    [Forward] => 2a99661
    [Method] => 1
    [PayTimes] => 
    [Approve] => 0000011
    [TranID] => 1801260402602257210134124501
    [TranDate] => 20180126040231
    [CheckString] => c3d2b95f5e2c5a8fa988930c347cfc35
    [ClientField1] => 
    [ClientField2] => 
    [ClientField3] => EC-CUBE4.1.5
    [Amount] => 10080
    [JobCd] => CAPTURE
    [action_status] => 3
    [pay_status] => 13
)
 from 216.68.230.74
2018/01/26 05:45:39 [/shop/shopping/load_payment_module.php] SendRequest:https://p01.mul-pay.jp/payment/SearchMember.idPass from 207.61.188.42
2018/01/26 05:45:39 [/shop/shopping/load_payment_module.php] Array
(
    [SiteID] => mst0000007602
    [SitePass] => ******
    [MemberID] => 4275
)
 from 207.61.188.42
2018/01/26 05:45:39 [/shop/shopping/load_payment_module.php] ErrCode=E01&ErrInfo=E01390002 from 207.61.188.42
2018/01/26 05:45:39 [/shop/shopping/load_payment_module.php] Array
(
    [0] => Array
        (
            [ErrCode] => E01
            [ErrInfo] => E01390002
        )

)
 from 207.61.188.42
2018/01/26 05:45:39 [/shop/shopping/load_payment_module.php] SendRequest:https://p01.mul-pay.jp/payment/SearchCard.idPass from 207.61.188.42
2018/01/26 05:45:39 [/shop/shopping/load_payment_module.php] Array
(
    [SiteID] => mst0000007602
    [SitePass] => ******
    [MemberID] => 4275
)
 from 207.61.188.42
2018/01/26 05:45:39 [/shop/shopping/load_payment_module.php] ErrCode=E01|E01&ErrInfo=E01390002|E01240002 from 207.61.188.42
2018/01/26 05:45:39 [/shop/shopping/load_payment_module.php] Array
(
    [0] => Array
        (
            [ErrCode] => E01
            [ErrInfo] => E01390002
        )

    [1] => Array
        (
            [ErrCode] => E01
            [ErrInfo] => E01240002
        )

)
 from 207.61.188.42
2018/01/26 05:45:46 [/shop/shopping/load_payment_module.php] SendRequest:https://p01.mul-pay.jp/payment/SearchMember.idPass from 207.61.188.42
2018/01/26 05:45:46 [/shop/shopping/load_payment_module.php] Array
(
    [SiteID] => mst0000007602
    [SitePass] => ******
    [MemberID] => 4275
)
 from 207.61.188.42
2018/01/26 05:45:46 [/shop/shopping/load_payment_module.php] ErrCode=E01&ErrInfo=E01390002 from 207.61.188.42
2018/01/26 05:45:46 [/shop/shopping/load_payment_module.php] Array
(
    [0] => Array
        (
            [ErrCode] => E01
            [ErrInfo] => E01390002
        )

)
 from 207.61.188.42
2018/01/26 05:45:46 [/shop/shopping/load_payment_module.php] SendRequest:https://p01.mul-pay.jp/payment/SearchCard.idPass from 207.61.188.42
2018/01/26 05:45:46 [/shop/shopping/load_payment_module.php] Array
(
    [SiteID] => mst0000007602
    [SitePass] => ******
    [MemberID] => 4275
)
 from 207.61.188.42
2018/01/26 05:45:46 [/shop/shopping/load_payment_module.php] ErrCode=E01|E01&ErrInfo=E01390002|E01240002 from 207.61.188.42
2018/01/26 05:45:46 [/shop/shopping/load_payment_module.php] Array
(
    [0] => Array
        (
            [ErrCode] => E01
            [ErrInfo] => E01390002
        )

    [1] => Array
        (
            [ErrCode] => E01
            [ErrInfo] => E01240002
        )

)
 from 207.61.188.42
2018/01/26 05:46:46 [/shop/shopping/load_payment_module.php] SendRequest:https://p01.mul-pay.jp/payment/SearchMember.idPass from 207.61.188.42
2018/01/26 05:46:46 [/shop/shopping/load_payment_module.php] Array
(
    [SiteID] => mst0000007602
    [SitePass] => ******
    [MemberID] => 4275
)
 from 207.61.188.42
2018/01/26 05:46:46 [/shop/shopping/load_payment_module.php] ErrCode=E01&ErrInfo=E01390002 from 207.61.188.42
2018/01/26 05:46:46 [/shop/shopping/load_payment_module.php] Array
(
    [0] => Array
        (
            [ErrCode] => E01
            [ErrInfo] => E01390002
        )

)
 from 207.61.188.42
2018/01/26 05:46:46 [/shop/shopping/load_payment_module.php] SendRequest:https://p01.mul-pay.jp/payment/SearchCard.idPass from 207.61.188.42
2018/01/26 05:46:46 [/shop/shopping/load_payment_module.php] Array
(
    [SiteID] => mst0000007602
    [SitePass] => ******
    [MemberID] => 4275
)
 from 207.61.188.42
2018/01/26 05:46:46 [/shop/shopping/load_payment_module.php] ErrCode=E01|E01&ErrInfo=E01390002|E01240002 from 207.61.188.42
2018/01/26 05:46:46 [/shop/shopping/load_payment_module.php] Array
(
    [0] => Array
        (
            [ErrCode] => E01
            [ErrInfo] => E01390002
        )

    [1] => Array
        (
            [ErrCode] => E01
            [ErrInfo] => E01240002
        )

)
 from 207.61.188.42
2018/01/26 05:47:33 [/shop/shopping/load_payment_module.php] SendRequest:https://p01.mul-pay.jp/payment/SearchMember.idPass from 207.61.188.42
2018/01/26 05:47:33 [/shop/shopping/load_payment_module.php] Array
(
    [SiteID] => mst0000007602
    [SitePass] => ******
    [MemberID] => 4275
)
 from 207.61.188.42
2018/01/26 05:47:33 [/shop/shopping/load_payment_module.php] ErrCode=E01&ErrInfo=E01390002 from 207.61.188.42
2018/01/26 05:47:33 [/shop/shopping/load_payment_module.php] Array
(
    [0] => Array
        (
            [ErrCode] => E01
            [ErrInfo] => E01390002
        )

)
 from 207.61.188.42
2018/01/26 05:47:33 [/shop/shopping/load_payment_module.php] SendRequest:https://p01.mul-pay.jp/payment/SearchCard.idPass from 207.61.188.42
2018/01/26 05:47:33 [/shop/shopping/load_payment_module.php] Array
(
    [SiteID] => mst0000007602
    [SitePass] => ******
    [MemberID] => 4275
)
 from 207.61.188.42
2018/01/26 05:47:33 [/shop/shopping/load_payment_module.php] ErrCode=E01|E01&ErrInfo=E01390002|E01240002 from 207.61.188.42
2018/01/26 05:47:33 [/shop/shopping/load_payment_module.php] Array
(
    [0] => Array
        (
            [ErrCode] => E01
            [ErrInfo] => E01390002
        )

    [1] => Array
        (
            [ErrCode] => E01
            [ErrInfo] => E01240002
        )

)
 from 207.61.188.42
2018/01/26 05:47:33 [/shop/shopping/load_payment_module.php] SendRequest:https://p01.mul-pay.jp/payment/EntryTran.idPass from 207.61.188.42
2018/01/26 05:47:33 [/shop/shopping/load_payment_module.php] Array
(
    [ShopID] => 9000034600950
    [ShopPass] => ******
    [OrderID] => 920314-26054733
    [JobCd] => CAPTURE
    [Amount] => 5630
    [TdFlag] => 0
    [TdTenantName] => 
)
 from 207.61.188.42
2018/01/26 05:47:34 [/shop/shopping/load_payment_module.php] AccessID=fe90f51446064ac3866f959bede0a636&AccessPass=d9b5b981705008e3a1649014a59c990e from 207.61.188.42
2018/01/26 05:47:34 [/shop/shopping/load_payment_module.php] Array
(
    [0] => Array
        (
            [AccessID] => fe90f51446064ac3866f959bede0a636
            [AccessPass] => d9b5b981705008e3a1649014a59c990e
        )

)
 from 207.61.188.42
2018/01/26 05:47:34 [/shop/shopping/load_payment_module.php] load_payment_module.php set payment data:Array
(
    [AccessID] => fe90f51446064ac3866f959bede0a636
    [AccessPass] => d9b5b981705008e3a1649014a59c990e
    [OrderID] => 920314-26054733
    [Amount] => 5630
    [JobCd] => CAPTURE
    [action_status] => 1
    [pay_status] => 0
)
 from 207.61.188.42
2018/01/26 05:47:34 [/shop/shopping/load_payment_module.php] SendRequest:https://p01.mul-pay.jp/payment/ExecTran.idPass from 207.61.188.42
2018/01/26 05:47:34 [/shop/shopping/load_payment_module.php] Array
(
    [AccessID] => fe90f51446064ac3866f959bede0a636
    [AccessPass] => d9b5b981705008e3a1649014a59c990e
    [OrderID] => 920314-26054733
    [Method] => 1
    [CardNo] => *************350
    [Expire] => 1910
    [ClientField1] => 
    [ClientField2] => 
    [ClientField3] => EC-CUBE4.1.5
    [ClientFieldFlag] => 1
)
 from 207.61.188.42
2018/01/26 05:47:34 [/shop/shopping/load_payment_module.php] ACS=0&OrderID=920314-26054733&Forward=2S49631&Method=1&PayTimes=&Approve=0050035&TranID=1801260547602257210134124502&TranDate=20180126054734&CheckString=db5a5582a8395cb89d533d3654c389d4&ClientField1=&ClientField2=&ClientField3=EC-CUBE4.1.5 from 207.61.188.42
2018/01/26 05:47:34 [/shop/shopping/load_payment_module.php] Array
(
    [0] => Array
        (
            [ACS] => 0
            [OrderID] => 920314-26054733
            [Forward] => 2S49631
            [Method] => 1
            [PayTimes] => 
            [Approve] => 0050035
            [TranID] => 1801260547602257210134124502
            [TranDate] => 20180126054734
            [CheckString] => db5a5582a8395cb89d533d3654c389d4
            [ClientField1] => 
            [ClientField2] => 
            [ClientField3] => EC-CUBE4.1.5
        )

)
 from 207.61.188.42
2018/01/26 05:47:34 [/shop/shopping/load_payment_module.php] load_payment_module.php set payment data:Array
(
    [ACS] => 0
    [Forward] => 2S49631
    [Method] => 1
    [PayTimes] => 
    [Approve] => 0050035
    [TranID] => 1801260547602257210134124502
    [TranDate] => 20180126054734
    [CheckString] => db5a5582a8395cb89d533d3654c389d4
    [ClientField1] => 
    [ClientField2] => 
    [ClientField3] => EC-CUBE4.1.5
    [Amount] => 5630
    [JobCd] => CAPTURE
    [action_status] => 3
    [pay_status] => 13
)
 from 207.61.188.42
2018/01/26 06:04:45 [/shop/shopping/load_payment_module.php] SendRequest:https://p01.mul-pay.jp/payment/SearchMember.idPass from 12.232.154.162
2018/01/26 06:04:45 [/shop/shopping/load_payment_module.php] Array
(
    [SiteID] => mst0000007602
    [SitePass] => ******
    [MemberID] => 6048
)
 from 12.232.154.162
2018/01/26 06:04:45 [/shop/shopping/load_payment_module.php] ErrCode=E01&ErrInfo=E01390002 from 12.232.154.162
2018/01/26 06:04:45 [/shop/shopping/load_payment_module.php] Array
(
    [0] => Array
        (
            [ErrCode] => E01
            [ErrInfo] => E01390002
        )

)
 from 12.232.154.162
2018/01/26 06:04:45 [/shop/shopping/load_payment_module.php] SendRequest:https://p01.mul-pay.jp/payment/SearchCard.idPass from 12.232.154.162
2018/01/26 06:04:45 [/shop/shopping/load_payment_module.php] Array
(
    [SiteID] => mst0000007602
    [SitePass] => ******
    [MemberID] => 6048
)
 from 12.232.154.162
2018/01/26 06:04:46 [/shop/shopping/load_payment_module.php] ErrCode=E01|E01&ErrInfo=E01390002|E01240002 from 12.232.154.162
2018/01/26 06:04:46 [/shop/shopping/load_payment_module.php] Array
(
    [0] => Array
        (
            [ErrCode] => E01
            [ErrInfo] => E01390002
        )

    [1] => Array
        (
            [ErrCode] => E01
            [ErrInfo] => E01240002
        )

)
 from 12.232.154.162
2018/01/26 06:06:20 [/shop/shopping/load_payment_module.php] SendRequest:https://p01.mul-pay.jp/payment/SearchMember.idPass from 12.232.154.162
2018/01/26 06:06:20 [/shop/shopping/load_payment_module.php] Array
(
    [SiteID] => mst0000007602
    [SitePass] => ******
    [MemberID] => 6048
)
 from 12.232.154.162
2018/01/26 06:06:20 [/shop/shopping/load_payment_module.php] ErrCode=E01&ErrInfo=E01390002 from 12.232.154.162
2018/01/26 06:06:20 [/shop/shopping/load_payment_module.php] Array
(
    [0] => Array
        (
            [ErrCode] => E01
            [ErrInfo] => E01390002
        )

)
 from 12.232.154.162
2018/01/26 06:06:20 [/shop/shopping/load_payment_module.php] SendRequest:https://p01.mul-pay.jp/payment/SearchCard.idPass from 12.232.154.162
2018/01/26 06:06:20 [/shop/shopping/load_payment_module.php] Array
(
    [SiteID] => mst0000007602
    [SitePass] => ******
    [MemberID] => 6048
)
 from 12.232.154.162
2018/01/26 06:06:20 [/shop/shopping/load_payment_module.php] ErrCode=E01|E01&ErrInfo=E01390002|E01240002 from 12.232.154.162
2018/01/26 06:06:20 [/shop/shopping/load_payment_module.php] Array
(
    [0] => Array
        (
            [ErrCode] => E01
            [ErrInfo] => E01390002
        )

    [1] => Array
        (
            [ErrCode] => E01
            [ErrInfo] => E01240002
        )

)
 from 12.232.154.162
2018/01/26 06:06:20 [/shop/shopping/load_payment_module.php] SendRequest:https://p01.mul-pay.jp/payment/EntryTran.idPass from 12.232.154.162
2018/01/26 06:06:20 [/shop/shopping/load_payment_module.php] Array
(
    [ShopID] => 9000034600950
    [ShopPass] => ******
    [OrderID] => 920315-26060620
    [JobCd] => CAPTURE
    [Amount] => 4770
    [TdFlag] => 0
    [TdTenantName] => 
)
 from 12.232.154.162
2018/01/26 06:06:20 [/shop/shopping/load_payment_module.php] AccessID=61fff8e62e4bed41ddcb097a974532e4&AccessPass=66333d49bb01fe43aa93a72f81384cca from 12.232.154.162
2018/01/26 06:06:20 [/shop/shopping/load_payment_module.php] Array
(
    [0] => Array
        (
            [AccessID] => 61fff8e62e4bed41ddcb097a974532e4
            [AccessPass] => 66333d49bb01fe43aa93a72f81384cca
        )

)
 from 12.232.154.162
2018/01/26 06:06:20 [/shop/shopping/load_payment_module.php] load_payment_module.php set payment data:Array
(
    [AccessID] => 61fff8e62e4bed41ddcb097a974532e4
    [AccessPass] => 66333d49bb01fe43aa93a72f81384cca
    [OrderID] => 920315-26060620
    [Amount] => 4770
    [JobCd] => CAPTURE
    [action_status] => 1
    [pay_status] => 0
)
 from 12.232.154.162
2018/01/26 06:06:20 [/shop/shopping/load_payment_module.php] SendRequest:https://p01.mul-pay.jp/payment/ExecTran.idPass from 12.232.154.162
2018/01/26 06:06:20 [/shop/shopping/load_payment_module.php] Array
(
    [AccessID] => 61fff8e62e4bed41ddcb097a974532e4
    [AccessPass] => 66333d49bb01fe43aa93a72f81384cca
    [OrderID] => 920315-26060620
    [Method] => 1
    [CardNo] => *************791
    [Expire] => 1901
    [ClientField1] => 
    [ClientField2] => 
    [ClientField3] => EC-CUBE4.1.5
    [ClientFieldFlag] => 1
)
 from 12.232.154.162
2018/01/26 06:06:22 [/shop/shopping/load_payment_module.php] ACS=0&OrderID=920315-26060620&Forward=2959876&Method=1&PayTimes=&Approve=0948227&TranID=1801260606602257210134114362&TranDate=20180126060622&CheckString=b0a1808f4f9f675eb468fb59c4dcb3c2&ClientField1=&ClientField2=&ClientField3=EC-CUBE4.1.5 from 12.232.154.162
2018/01/26 06:06:22 [/shop/shopping/load_payment_module.php] Array
(
    [0] => Array
        (
            [ACS] => 0
            [OrderID] => 920315-26060620
            [Forward] => 2959876
            [Method] => 1
            [PayTimes] => 
            [Approve] => 0948227
            [TranID] => 1801260606602257210134114362
            [TranDate] => 20180126060622
            [CheckString] => b0a1808f4f9f675eb468fb59c4dcb3c2
            [ClientField1] => 
            [ClientField2] => 
            [ClientField3] => EC-CUBE4.1.5
        )

)
 from 12.232.154.162
2018/01/26 06:06:22 [/shop/shopping/load_payment_module.php] load_payment_module.php set payment data:Array
(
    [ACS] => 0
    [Forward] => 2959876
    [Method] => 1
    [PayTimes] => 
    [Approve] => 0948227
    [TranID] => 1801260606602257210134114362
    [TranDate] => 20180126060622
    [CheckString] => b0a1808f4f9f675eb468fb59c4dcb3c2
    [ClientField1] => 
    [ClientField2] => 
    [ClientField3] => EC-CUBE4.1.5
    [Amount] => 4770
    [JobCd] => CAPTURE
    [action_status] => 3
    [pay_status] => 13
)
 from 12.232.154.162
2018/01/26 06:45:12 [/shop/shopping/load_payment_module.php] SendRequest:https://p01.mul-pay.jp/payment/EntryTran.idPass from 207.61.188.42
2018/01/26 06:45:12 [/shop/shopping/load_payment_module.php] Array
(
    [ShopID] => 9000034600950
    [ShopPass] => ******
    [OrderID] => 920316-26064512
    [JobCd] => CAPTURE
    [Amount] => 11370
    [TdFlag] => 0
    [TdTenantName] => 
)
 from 207.61.188.42
2018/01/26 06:45:12 [/shop/shopping/load_payment_module.php] AccessID=9570b44d961afb1de262751c978e99ca&AccessPass=a2a84765c7ee7c1162fb9280e3b0206f from 207.61.188.42
2018/01/26 06:45:12 [/shop/shopping/load_payment_module.php] Array
(
    [0] => Array
        (
            [AccessID] => 9570b44d961afb1de262751c978e99ca
            [AccessPass] => a2a84765c7ee7c1162fb9280e3b0206f
        )

)
 from 207.61.188.42
2018/01/26 06:45:12 [/shop/shopping/load_payment_module.php] load_payment_module.php set payment data:Array
(
    [AccessID] => 9570b44d961afb1de262751c978e99ca
    [AccessPass] => a2a84765c7ee7c1162fb9280e3b0206f
    [OrderID] => 920316-26064512
    [Amount] => 11370
    [JobCd] => CAPTURE
    [action_status] => 1
    [pay_status] => 0
)
 from 207.61.188.42
2018/01/26 06:45:12 [/shop/shopping/load_payment_module.php] SendRequest:https://p01.mul-pay.jp/payment/ExecTran.idPass from 207.61.188.42
2018/01/26 06:45:12 [/shop/shopping/load_payment_module.php] Array
(
    [AccessID] => 9570b44d961afb1de262751c978e99ca
    [AccessPass] => a2a84765c7ee7c1162fb9280e3b0206f
    [OrderID] => 920316-26064512
    [Method] => 1
    [CardNo] => *************401
    [Expire] => 1909
    [ClientField1] => 
    [ClientField2] => 
    [ClientField3] => EC-CUBE4.1.5
    [ClientFieldFlag] => 1
)
 from 207.61.188.42
2018/01/26 06:45:13 [/shop/shopping/load_payment_module.php] ACS=0&OrderID=920316-26064512&Forward=2S49631&Method=1&PayTimes=&Approve=0087931&TranID=1801260645602257210134124503&TranDate=20180126064513&CheckString=967c4c26ac3885817b9c1731c8b31c6b&ClientField1=&ClientField2=&ClientField3=EC-CUBE4.1.5 from 207.61.188.42
2018/01/26 06:45:13 [/shop/shopping/load_payment_module.php] Array
(
    [0] => Array
        (
            [ACS] => 0
            [OrderID] => 920316-26064512
            [Forward] => 2S49631
            [Method] => 1
            [PayTimes] => 
            [Approve] => 0087931
            [TranID] => 1801260645602257210134124503
            [TranDate] => 20180126064513
            [CheckString] => 967c4c26ac3885817b9c1731c8b31c6b
            [ClientField1] => 
            [ClientField2] => 
            [ClientField3] => EC-CUBE4.1.5
        )

)
 from 207.61.188.42
2018/01/26 06:45:13 [/shop/shopping/load_payment_module.php] load_payment_module.php set payment data:Array
(
    [ACS] => 0
    [Forward] => 2S49631
    [Method] => 1
    [PayTimes] => 
    [Approve] => 0087931
    [TranID] => 1801260645602257210134124503
    [TranDate] => 20180126064513
    [CheckString] => 967c4c26ac3885817b9c1731c8b31c6b
    [ClientField1] => 
    [ClientField2] => 
    [ClientField3] => EC-CUBE4.1.5
    [Amount] => 11370
    [JobCd] => CAPTURE
    [action_status] => 3
    [pay_status] => 13
)
 from 207.61.188.42
2018/01/26 08:15:27 [/shop/shopping/load_payment_module.php] SendRequest:https://p01.mul-pay.jp/payment/EntryTran.idPass from 216.68.230.74
2018/01/26 08:15:27 [/shop/shopping/load_payment_module.php] Array
(
    [ShopID] => 9000034600950
    [ShopPass] => ******
    [OrderID] => 920317-26081527
    [JobCd] => CAPTURE
    [Amount] => 5470
    [TdFlag] => 0
    [TdTenantName] => 
)
 from 216.68.230.74
2018/01/26 08:15:27 [/shop/shopping/load_payment_module.php] AccessID=dc7ba5c9bb8825aab738b7f232977071&AccessPass=0ddb9ebaf0f54df1e64e250adceed7e4 from 216.68.230.74
2018/01/26 08:15:27 [/shop/shopping/load_payment_module.php] Array
(
    [0] => Array
        (
            [AccessID] => dc7ba5c9bb8825aab738b7f232977071
            [AccessPass] => 0ddb9ebaf0f54df1e64e250adceed7e4
        )

)
 from 216.68.230.74
2018/01/26 08:15:27 [/shop/shopping/load_payment_module.php] load_payment_module.php set payment data:Array
(
    [AccessID] => dc7ba5c9bb8825aab738b7f232977071
    [AccessPass] => 0ddb9ebaf0f54df1e64e250adceed7e4
    [OrderID] => 920317-26081527
    [Amount] => 5470
    [JobCd] => CAPTURE
    [action_status] => 1
    [pay_status] => 0
)
 from 216.68.230.74
2018/01/26 08:15:27 [/shop/shopping/load_payment_module.php] SendRequest:https://p01.mul-pay.jp/payment/ExecTran.idPass from 216.68.230.74
2018/01/26 08:15:27 [/shop/shopping/load_payment_module.php] Array
(
    [AccessID] => dc7ba5c9bb8825aab738b7f232977071
    [AccessPass] => 0ddb9ebaf0f54df1e64e250adceed7e4
    [OrderID] => 920317-26081527
    [Method] => 1
    [CardNo] => *************981
    [Expire] => 2205
    [ClientField1] => 
    [ClientField2] => 
    [ClientField3] => EC-CUBE4.1.5
    [ClientFieldFlag] => 1
)
 from 216.68.230.74
2018/01/26 08:15:28 [/shop/shopping/load_payment_module.php] ACS=0&OrderID=920317-26081527&Forward=2S49631&Method=1&PayTimes=&Approve=0058384&TranID=1801260815602257210134134514&TranDate=20180126081528&CheckString=37e478ae1d0dab7859ae61c5dfbcb14e&ClientField1=&ClientField2=&ClientField3=EC-CUBE4.1.5 from 216.68.230.74
2018/01/26 08:15:28 [/shop/shopping/load_payment_module.php] Array
(
    [0] => Array
        (
            [ACS] => 0
            [OrderID] => 920317-26081527
            [Forward] => 2S49631
            [Method] => 1
            [PayTimes] => 
            [Approve] => 0058384
            [TranID] => 1801260815602257210134134514
            [TranDate] => 20180126081528
            [CheckString] => 37e478ae1d0dab7859ae61c5dfbcb14e
            [ClientField1] => 
            [ClientField2] => 
            [ClientField3] => EC-CUBE4.1.5
        )

)
 from 216.68.230.74
2018/01/26 08:15:28 [/shop/shopping/load_payment_module.php] load_payment_module.php set payment data:Array
(
    [ACS] => 0
    [Forward] => 2S49631
    [Method] => 1
    [PayTimes] => 
    [Approve] => 0058384
    [TranID] => 1801260815602257210134134514
    [TranDate] => 20180126081528
    [CheckString] => 37e478ae1d0dab7859ae61c5dfbcb14e
    [ClientField1] => 
    [ClientField2] => 
    [ClientField3] => EC-CUBE4.1.5
    [Amount] => 5470
    [JobCd] => CAPTURE
    [action_status] => 3
    [pay_status] => 13
)
 from 216.68.230.74
2018/01/26 09:56:07 [/shop/shopping/load_payment_module.php] SendRequest:https://p01.mul-pay.jp/payment/EntryTran.idPass from 122.104.158.140
2018/01/26 09:56:07 [/shop/shopping/load_payment_module.php] Array
(
    [ShopID] => 9000034600950
    [ShopPass] => ******
    [OrderID] => 920318-26095607
    [JobCd] => CAPTURE
    [Amount] => 9330
    [TdFlag] => 0
    [TdTenantName] => 
)
 from 122.104.158.140
2018/01/26 09:56:07 [/shop/shopping/load_payment_module.php] AccessID=38e4bcc3a4e275a00068b8a3ef68fa3f&AccessPass=300e69844a4e03c75b63cc9880875101 from 122.104.158.140
2018/01/26 09:56:07 [/shop/shopping/load_payment_module.php] Array
(
    [0] => Array
        (
            [AccessID] => 38e4bcc3a4e275a00068b8a3ef68fa3f
            [AccessPass] => 300e69844a4e03c75b63cc9880875101
        )

)
 from 122.104.158.140
2018/01/26 09:56:07 [/shop/shopping/load_payment_module.php] load_payment_module.php set payment data:Array
(
    [AccessID] => 38e4bcc3a4e275a00068b8a3ef68fa3f
    [AccessPass] => 300e69844a4e03c75b63cc9880875101
    [OrderID] => 920318-26095607
    [Amount] => 9330
    [JobCd] => CAPTURE
    [action_status] => 1
    [pay_status] => 0
)
 from 122.104.158.140
2018/01/26 09:56:07 [/shop/shopping/load_payment_module.php] SendRequest:https://p01.mul-pay.jp/payment/ExecTran.idPass from 122.104.158.140
2018/01/26 09:56:07 [/shop/shopping/load_payment_module.php] Array
(
    [AccessID] => 38e4bcc3a4e275a00068b8a3ef68fa3f
    [AccessPass] => 300e69844a4e03c75b63cc9880875101
    [OrderID] => 920318-26095607
    [Method] => 1
    [CardNo] => *************034
    [Expire] => 2001
    [ClientField1] => 
    [ClientField2] => 
    [ClientField3] => EC-CUBE4.1.5
    [ClientFieldFlag] => 1
)
 from 122.104.158.140
2018/01/26 09:56:09 [/shop/shopping/load_payment_module.php] ACS=0&OrderID=920318-26095607&Forward=2S49631&Method=1&PayTimes=&Approve=0144532&TranID=1801260956602257210134124504&TranDate=20180126095609&CheckString=ae4728376ce1a0999ae9b46732c34bba&ClientField1=&ClientField2=&ClientField3=EC-CUBE4.1.5 from 122.104.158.140
2018/01/26 09:56:09 [/shop/shopping/load_payment_module.php] Array
(
    [0] => Array
        (
            [ACS] => 0
            [OrderID] => 920318-26095607
            [Forward] => 2S49631
            [Method] => 1
            [PayTimes] => 
            [Approve] => 0144532
            [TranID] => 1801260956602257210134124504
            [TranDate] => 20180126095609
            [CheckString] => ae4728376ce1a0999ae9b46732c34bba
            [ClientField1] => 
            [ClientField2] => 
            [ClientField3] => EC-CUBE4.1.5
        )

)
 from 122.104.158.140
2018/01/26 09:56:09 [/shop/shopping/load_payment_module.php] load_payment_module.php set payment data:Array
(
    [ACS] => 0
    [Forward] => 2S49631
    [Method] => 1
    [PayTimes] => 
    [Approve] => 0144532
    [TranID] => 1801260956602257210134124504
    [TranDate] => 20180126095609
    [CheckString] => ae4728376ce1a0999ae9b46732c34bba
    [ClientField1] => 
    [ClientField2] => 
    [ClientField3] => EC-CUBE4.1.5
    [Amount] => 9330
    [JobCd] => CAPTURE
    [action_status] => 3
    [pay_status] => 13
)
 from 122.104.158.140
2018/01/26 10:12:34 [/shop/shopping/load_payment_module.php] SendRequest:https://p01.mul-pay.jp/payment/EntryTran.idPass from 119.104.81.236
2018/01/26 10:12:34 [/shop/shopping/load_payment_module.php] Array
(
    [ShopID] => 9000034600950
    [ShopPass] => ******
    [OrderID] => 920319-26101234
    [JobCd] => CAPTURE
    [Amount] => 1640
    [TdFlag] => 0
    [TdTenantName] => 
)
 from 119.104.81.236
2018/01/26 10:12:35 [/shop/shopping/load_payment_module.php] AccessID=cc0a1a634d311e33cbda62dfa8b40fee&AccessPass=934ab32e26cca89e0dd7602a79d6348b from 119.104.81.236
2018/01/26 10:12:35 [/shop/shopping/load_payment_module.php] Array
(
    [0] => Array
        (
            [AccessID] => cc0a1a634d311e33cbda62dfa8b40fee
            [AccessPass] => 934ab32e26cca89e0dd7602a79d6348b
        )

)
 from 119.104.81.236
2018/01/26 10:12:35 [/shop/shopping/load_payment_module.php] load_payment_module.php set payment data:Array
(
    [AccessID] => cc0a1a634d311e33cbda62dfa8b40fee
    [AccessPass] => 934ab32e26cca89e0dd7602a79d6348b
    [OrderID] => 920319-26101234
    [Amount] => 1640
    [JobCd] => CAPTURE
    [action_status] => 1
    [pay_status] => 0
)
 from 119.104.81.236
2018/01/26 10:12:35 [/shop/shopping/load_payment_module.php] SendRequest:https://p01.mul-pay.jp/payment/ExecTran.idPass from 119.104.81.236
2018/01/26 10:12:35 [/shop/shopping/load_payment_module.php] Array
(
    [AccessID] => cc0a1a634d311e33cbda62dfa8b40fee
    [AccessPass] => 934ab32e26cca89e0dd7602a79d6348b
    [OrderID] => 920319-26101234
    [Method] => 1
    [CardNo] => *************170
    [Expire] => 1903
    [ClientField1] => 
    [ClientField2] => 
    [ClientField3] => EC-CUBE4.1.5
    [ClientFieldFlag] => 1
)
 from 119.104.81.236
2018/01/26 10:12:36 [/shop/shopping/load_payment_module.php] ACS=0&OrderID=920319-26101234&Forward=2S49631&Method=1&PayTimes=&Approve=0001753&TranID=1801261012602257210134124505&TranDate=20180126101236&CheckString=aae977ab6e97902e08ff92c131448ac9&ClientField1=&ClientField2=&ClientField3=EC-CUBE4.1.5 from 119.104.81.236
2018/01/26 10:12:36 [/shop/shopping/load_payment_module.php] Array
(
    [0] => Array
        (
            [ACS] => 0
            [OrderID] => 920319-26101234
            [Forward] => 2S49631
            [Method] => 1
            [PayTimes] => 
            [Approve] => 0001753
            [TranID] => 1801261012602257210134124505
            [TranDate] => 20180126101236
            [CheckString] => aae977ab6e97902e08ff92c131448ac9
            [ClientField1] => 
            [ClientField2] => 
            [ClientField3] => EC-CUBE4.1.5
        )

)
 from 119.104.81.236
2018/01/26 10:12:36 [/shop/shopping/load_payment_module.php] load_payment_module.php set payment data:Array
(
    [ACS] => 0
    [Forward] => 2S49631
    [Method] => 1
    [PayTimes] => 
    [Approve] => 0001753
    [TranID] => 1801261012602257210134124505
    [TranDate] => 20180126101236
    [CheckString] => aae977ab6e97902e08ff92c131448ac9
    [ClientField1] => 
    [ClientField2] => 
    [ClientField3] => EC-CUBE4.1.5
    [Amount] => 1640
    [JobCd] => CAPTURE
    [action_status] => 3
    [pay_status] => 13
)
 from 119.104.81.236
2018/01/26 10:24:52 [/shop/shopping/load_payment_module.php] SendRequest:https://p01.mul-pay.jp/payment/SearchMember.idPass from 121.202.99.90
2018/01/26 10:24:52 [/shop/shopping/load_payment_module.php] Array
(
    [SiteID] => mst0000007602
    [SitePass] => ******
    [MemberID] => 1771
)
 from 121.202.99.90
2018/01/26 10:24:52 [/shop/shopping/load_payment_module.php] ErrCode=E01&ErrInfo=E01390002 from 121.202.99.90
2018/01/26 10:24:52 [/shop/shopping/load_payment_module.php] Array
(
    [0] => Array
        (
            [ErrCode] => E01
            [ErrInfo] => E01390002
        )

)
 from 121.202.99.90
2018/01/26 10:24:52 [/shop/shopping/load_payment_module.php] SendRequest:https://p01.mul-pay.jp/payment/SearchCard.idPass from 121.202.99.90
2018/01/26 10:24:52 [/shop/shopping/load_payment_module.php] Array
(
    [SiteID] => mst0000007602
    [SitePass] => ******
    [MemberID] => 1771
)
 from 121.202.99.90
2018/01/26 10:24:52 [/shop/shopping/load_payment_module.php] ErrCode=E01|E01&ErrInfo=E01390002|E01240002 from 121.202.99.90
2018/01/26 10:24:52 [/shop/shopping/load_payment_module.php] Array
(
    [0] => Array
        (
            [ErrCode] => E01
            [ErrInfo] => E01390002
        )

    [1] => Array
        (
            [ErrCode] => E01
            [ErrInfo] => E01240002
        )

)
 from 121.202.99.90
2018/01/26 10:25:50 [/shop/shopping/load_payment_module.php] SendRequest:https://p01.mul-pay.jp/payment/SearchMember.idPass from 121.202.99.90
2018/01/26 10:25:50 [/shop/shopping/load_payment_module.php] Array
(
    [SiteID] => mst0000007602
    [SitePass] => ******
    [MemberID] => 1771
)
 from 121.202.99.90
2018/01/26 10:25:50 [/shop/shopping/load_payment_module.php] ErrCode=E01&ErrInfo=E01390002 from 121.202.99.90
2018/01/26 10:25:50 [/shop/shopping/load_payment_module.php] Array
(
    [0] => Array
        (
            [ErrCode] => E01
            [ErrInfo] => E01390002
        )

)
 from 121.202.99.90
2018/01/26 10:25:50 [/shop/shopping/load_payment_module.php] SendRequest:https://p01.mul-pay.jp/payment/SearchCard.idPass from 121.202.99.90
2018/01/26 10:25:50 [/shop/shopping/load_payment_module.php] Array
(
    [SiteID] => mst0000007602
    [SitePass] => ******
    [MemberID] => 1771
)
 from 121.202.99.90
2018/01/26 10:25:50 [/shop/shopping/load_payment_module.php] ErrCode=E01|E01&ErrInfo=E01390002|E01240002 from 121.202.99.90
2018/01/26 10:25:50 [/shop/shopping/load_payment_module.php] Array
(
    [0] => Array
        (
            [ErrCode] => E01
            [ErrInfo] => E01390002
        )

    [1] => Array
        (
            [ErrCode] => E01
            [ErrInfo] => E01240002
        )

)
 from 121.202.99.90
2018/01/26 10:25:50 [/shop/shopping/load_payment_module.php] SendRequest:https://p01.mul-pay.jp/payment/EntryTran.idPass from 121.202.99.90
2018/01/26 10:25:50 [/shop/shopping/load_payment_module.php] Array
(
    [ShopID] => 9000034600950
    [ShopPass] => ******
    [OrderID] => 920321-26102550
    [JobCd] => CAPTURE
    [Amount] => 2200
    [TdFlag] => 0
    [TdTenantName] => 
)
 from 121.202.99.90
2018/01/26 10:25:50 [/shop/shopping/load_payment_module.php] AccessID=e52a2bd6a65be6d74b59efc363022a4b&AccessPass=2ca44b9b46b7b20e5eb5d2b99a992785 from 121.202.99.90
2018/01/26 10:25:50 [/shop/shopping/load_payment_module.php] Array
(
    [0] => Array
        (
            [AccessID] => e52a2bd6a65be6d74b59efc363022a4b
            [AccessPass] => 2ca44b9b46b7b20e5eb5d2b99a992785
        )

)
 from 121.202.99.90
2018/01/26 10:25:50 [/shop/shopping/load_payment_module.php] load_payment_module.php set payment data:Array
(
    [AccessID] => e52a2bd6a65be6d74b59efc363022a4b
    [AccessPass] => 2ca44b9b46b7b20e5eb5d2b99a992785
    [OrderID] => 920321-26102550
    [Amount] => 2200
    [JobCd] => CAPTURE
    [action_status] => 1
    [pay_status] => 0
)
 from 121.202.99.90
2018/01/26 10:25:50 [/shop/shopping/load_payment_module.php] SendRequest:https://p01.mul-pay.jp/payment/ExecTran.idPass from 121.202.99.90
2018/01/26 10:25:50 [/shop/shopping/load_payment_module.php] Array
(
    [AccessID] => e52a2bd6a65be6d74b59efc363022a4b
    [AccessPass] => 2ca44b9b46b7b20e5eb5d2b99a992785
    [OrderID] => 920321-26102550
    [Method] => 1
    [CardNo] => *************780
    [Expire] => 2201
    [ClientField1] => 
    [ClientField2] => 
    [ClientField3] => EC-CUBE4.1.5
    [ClientFieldFlag] => 1
)
 from 121.202.99.90
2018/01/26 10:25:51 [/shop/shopping/load_payment_module.php] ACS=0&OrderID=920321-26102550&Forward=2S49631&Method=1&PayTimes=&Approve=0065409&TranID=1801261025602257210134134515&TranDate=20180126102551&CheckString=600bc835f21729ac6dde78dba5806e4c&ClientField1=&ClientField2=&ClientField3=EC-CUBE4.1.5 from 121.202.99.90
2018/01/26 10:25:51 [/shop/shopping/load_payment_module.php] Array
(
    [0] => Array
        (
            [ACS] => 0
            [OrderID] => 920321-26102550
            [Forward] => 2S49631
            [Method] => 1
            [PayTimes] => 
            [Approve] => 0065409
            [TranID] => 1801261025602257210134134515
            [TranDate] => 20180126102551
            [CheckString] => 600bc835f21729ac6dde78dba5806e4c
            [ClientField1] => 
            [ClientField2] => 
            [ClientField3] => EC-CUBE4.1.5
        )

)
 from 121.202.99.90
2018/01/26 10:25:51 [/shop/shopping/load_payment_module.php] load_payment_module.php set payment data:Array
(
    [ACS] => 0
    [Forward] => 2S49631
    [Method] => 1
    [PayTimes] => 
    [Approve] => 0065409
    [TranID] => 1801261025602257210134134515
    [TranDate] => 20180126102551
    [CheckString] => 600bc835f21729ac6dde78dba5806e4c
    [ClientField1] => 
    [ClientField2] => 
    [ClientField3] => EC-CUBE4.1.5
    [Amount] => 2200
    [JobCd] => CAPTURE
    [action_status] => 3
    [pay_status] => 13
)
 from 121.202.99.90
2018/01/26 10:29:13 [/shop/shopping/load_payment_module.php] SendRequest:https://p01.mul-pay.jp/payment/EntryTran.idPass from 116.6.208.97
2018/01/26 10:29:13 [/shop/shopping/load_payment_module.php] Array
(
    [ShopID] => 9000034600950
    [ShopPass] => ******
    [OrderID] => 920320-26102913
    [JobCd] => CAPTURE
    [Amount] => 5630
    [TdFlag] => 0
    [TdTenantName] => 
)
 from 116.6.208.97
2018/01/26 10:29:13 [/shop/shopping/load_payment_module.php] AccessID=bd4c5963513e9540011ff704f0b8f903&AccessPass=4cfab2c07fe997662cf266697ee94ea7 from 116.6.208.97
2018/01/26 10:29:13 [/shop/shopping/load_payment_module.php] Array
(
    [0] => Array
        (
            [AccessID] => bd4c5963513e9540011ff704f0b8f903
            [AccessPass] => 4cfab2c07fe997662cf266697ee94ea7
        )

)
 from 116.6.208.97
2018/01/26 10:29:13 [/shop/shopping/load_payment_module.php] load_payment_module.php set payment data:Array
(
    [AccessID] => bd4c5963513e9540011ff704f0b8f903
    [AccessPass] => 4cfab2c07fe997662cf266697ee94ea7
    [OrderID] => 920320-26102913
    [Amount] => 5630
    [JobCd] => CAPTURE
    [action_status] => 1
    [pay_status] => 0
)
 from 116.6.208.97
2018/01/26 10:29:13 [/shop/shopping/load_payment_module.php] SendRequest:https://p01.mul-pay.jp/payment/ExecTran.idPass from 116.6.208.97
2018/01/26 10:29:13 [/shop/shopping/load_payment_module.php] Array
(
    [AccessID] => bd4c5963513e9540011ff704f0b8f903
    [AccessPass] => 4cfab2c07fe997662cf266697ee94ea7
    [OrderID] => 920320-26102913
    [Method] => 1
    [CardNo] => *************370
    [Expire] => 2009
    [ClientField1] => 
    [ClientField2] => 
    [ClientField3] => EC-CUBE4.1.5
    [ClientFieldFlag] => 1
)
 from 116.6.208.97
2018/01/26 10:29:15 [/shop/shopping/load_payment_module.php] ACS=0&OrderID=920320-26102913&Forward=2S49631&Method=1&PayTimes=&Approve=0811024&TranID=1801261029602257210134134516&TranDate=20180126102915&CheckString=065b6a9f2e9de39b784e7a71a3cfbe1a&ClientField1=&ClientField2=&ClientField3=EC-CUBE4.1.5 from 116.6.208.97
2018/01/26 10:29:15 [/shop/shopping/load_payment_module.php] Array
(
    [0] => Array
        (
            [ACS] => 0
            [OrderID] => 920320-26102913
            [Forward] => 2S49631
            [Method] => 1
            [PayTimes] => 
            [Approve] => 0811024
            [TranID] => 1801261029602257210134134516
            [TranDate] => 20180126102915
            [CheckString] => 065b6a9f2e9de39b784e7a71a3cfbe1a
            [ClientField1] => 
            [ClientField2] => 
            [ClientField3] => EC-CUBE4.1.5
        )

)
 from 116.6.208.97
2018/01/26 10:29:15 [/shop/shopping/load_payment_module.php] load_payment_module.php set payment data:Array
(
    [ACS] => 0
    [Forward] => 2S49631
    [Method] => 1
    [PayTimes] => 
    [Approve] => 0811024
    [TranID] => 1801261029602257210134134516
    [TranDate] => 20180126102915
    [CheckString] => 065b6a9f2e9de39b784e7a71a3cfbe1a
    [ClientField1] => 
    [ClientField2] => 
    [ClientField3] => EC-CUBE4.1.5
    [Amount] => 5630
    [JobCd] => CAPTURE
    [action_status] => 3
    [pay_status] => 13
)
 from 116.6.208.97
2018/01/26 10:48:14 [/shop/admin/order/edit.php] edit.php set payment data:Array
(
    [no_update_status_flg] => 1
)
 from 153.142.16.212
2018/01/26 10:48:14 [/shop/admin/order/edit.php] SendRequest:https://p01.mul-pay.jp/payment/ChangeTran.idPass from 153.142.16.212
2018/01/26 10:48:14 [/shop/admin/order/edit.php] Array
(
    [ShopID] => 9000034600950
    [ShopPass] => ******
    [AccessID] => 636f3dda142b62ab3f5b8f39c3a8f881
    [AccessPass] => d7efc66685abf658fcb17ff0a63036bf
    [JobCd] => CAPTURE
    [Amount] => 1890
)
 from 153.142.16.212
2018/01/26 10:48:18 [/shop/admin/order/edit.php] AccessID=636f3dda142b62ab3f5b8f39c3a8f881&AccessPass=d7efc66685abf658fcb17ff0a63036bf&Forward=2S49631&Approve=0085430&TranID=1801261048602257210134124506&TranDate=20180126104815 from 153.142.16.212
2018/01/26 10:48:18 [/shop/admin/order/edit.php] Array
(
    [0] => Array
        (
            [AccessID] => 636f3dda142b62ab3f5b8f39c3a8f881
            [AccessPass] => d7efc66685abf658fcb17ff0a63036bf
            [Forward] => 2S49631
            [Approve] => 0085430
            [TranID] => 1801261048602257210134124506
            [TranDate] => 20180126104815
        )

)
 from 153.142.16.212
2018/01/26 10:48:18 [/shop/admin/order/edit.php] edit.php set payment data:Array
(
    [AccessID] => 636f3dda142b62ab3f5b8f39c3a8f881
    [AccessPass] => d7efc66685abf658fcb17ff0a63036bf
    [Forward] => 2S49631
    [Approve] => 0085430
    [TranID] => 1801261048602257210134124506
    [TranDate] => 20180126104815
    [action_status] => 6
    [pay_status] => 13
    [JobCd] => CAPTURE
    [Amount] => 1890
)
 from 153.142.16.212
2018/01/26 10:48:22 [/shop/admin/order/edit.php] SendRequest:https://p01.mul-pay.jp/payment/SearchTrade.idPass from 153.142.16.212
2018/01/26 10:48:22 [/shop/admin/order/edit.php] Array
(
    [ShopID] => 9000034600950
    [ShopPass] => ******
    [OrderID] => 920183-21205608
)
 from 153.142.16.212
2018/01/26 10:48:22 [/shop/admin/order/edit.php] OrderID=920183-21205608&Status=CAPTURE&ProcessDate=20180126104815&JobCd=CAPTURE&AccessID=636f3dda142b62ab3f5b8f39c3a8f881&AccessPass=d7efc66685abf658fcb17ff0a63036bf&ItemCode=0000990&Amount=1890&Tax=0&SiteID=&MemberID=&CardNo=************3646&Expire=2304&Method=1&PayTimes=&Forward=2S49631&TranID=1801261048602257210134124506&Approve=0085430&ClientField1=&ClientField2=&ClientField3=EC-CUBE4.1.5 from 153.142.16.212
2018/01/26 10:48:22 [/shop/admin/order/edit.php] Array
(
    [0] => Array
        (
            [OrderID] => 920183-21205608
            [Status] => CAPTURE
            [ProcessDate] => 20180126104815
            [JobCd] => CAPTURE
            [AccessID] => 636f3dda142b62ab3f5b8f39c3a8f881
            [AccessPass] => d7efc66685abf658fcb17ff0a63036bf
            [ItemCode] => 0000990
            [Amount] => 1890
            [Tax] => 0
            [SiteID] => 
            [MemberID] => 
            [CardNo] => ************3646
            [Expire] => 2304
            [Method] => 1
            [PayTimes] => 
            [Forward] => 2S49631
            [TranID] => 1801261048602257210134124506
            [Approve] => 0085430
            [ClientField1] => 
            [ClientField2] => 
            [ClientField3] => EC-CUBE4.1.5
        )

)
 from 153.142.16.212
2018/01/26 10:48:22 [/shop/admin/order/edit.php] edit.php set payment data:Array
(
    [OrderID] => 920183-21205608
    [Status] => CAPTURE
    [ProcessDate] => 20180126104815
    [JobCd] => CAPTURE
    [AccessID] => 636f3dda142b62ab3f5b8f39c3a8f881
    [AccessPass] => d7efc66685abf658fcb17ff0a63036bf
    [ItemCode] => 0000990
    [Amount] => 1890
    [Tax] => 0
    [SiteID] => 
    [MemberID] => 
    [CardNo] => ************3646
    [Expire] => 2304
    [Method] => 1
    [PayTimes] => 
    [Forward] => 2S49631
    [TranID] => 1801261048602257210134124506
    [Approve] => 0085430
    [ClientField1] => 
    [ClientField2] => 
    [ClientField3] => EC-CUBE4.1.5
    [action_status] => 6
    [pay_status] => 13
)
 from 153.142.16.212
2018/01/26 11:22:23 [/shop/shopping/load_payment_module.php] SendRequest:https://p01.mul-pay.jp/payment/SearchMember.idPass from 116.88.49.71
2018/01/26 11:22:23 [/shop/shopping/load_payment_module.php] Array
(
    [SiteID] => mst0000007602
    [SitePass] => ******
    [MemberID] => 6284
)
 from 116.88.49.71
2018/01/26 11:22:23 [/shop/shopping/load_payment_module.php] ErrCode=E01&ErrInfo=E01390002 from 116.88.49.71
2018/01/26 11:22:23 [/shop/shopping/load_payment_module.php] Array
(
    [0] => Array
        (
            [ErrCode] => E01
            [ErrInfo] => E01390002
        )

)
 from 116.88.49.71
2018/01/26 11:22:23 [/shop/shopping/load_payment_module.php] SendRequest:https://p01.mul-pay.jp/payment/SearchCard.idPass from 116.88.49.71
2018/01/26 11:22:23 [/shop/shopping/load_payment_module.php] Array
(
    [SiteID] => mst0000007602
    [SitePass] => ******
    [MemberID] => 6284
)
 from 116.88.49.71
2018/01/26 11:22:23 [/shop/shopping/load_payment_module.php] ErrCode=E01|E01&ErrInfo=E01390002|E01240002 from 116.88.49.71
2018/01/26 11:22:23 [/shop/shopping/load_payment_module.php] Array
(
    [0] => Array
        (
            [ErrCode] => E01
            [ErrInfo] => E01390002
        )

    [1] => Array
        (
            [ErrCode] => E01
            [ErrInfo] => E01240002
        )

)
 from 116.88.49.71
2018/01/26 11:23:25 [/shop/shopping/load_payment_module.php] SendRequest:https://p01.mul-pay.jp/payment/SearchMember.idPass from 116.88.49.71
2018/01/26 11:23:25 [/shop/shopping/load_payment_module.php] Array
(
    [SiteID] => mst0000007602
    [SitePass] => ******
    [MemberID] => 6284
)
 from 116.88.49.71
2018/01/26 11:23:25 [/shop/shopping/load_payment_module.php] ErrCode=E01&ErrInfo=E01390002 from 116.88.49.71
2018/01/26 11:23:25 [/shop/shopping/load_payment_module.php] Array
(
    [0] => Array
        (
            [ErrCode] => E01
            [ErrInfo] => E01390002
        )

)
 from 116.88.49.71
2018/01/26 11:23:25 [/shop/shopping/load_payment_module.php] SendRequest:https://p01.mul-pay.jp/payment/SearchCard.idPass from 116.88.49.71
2018/01/26 11:23:25 [/shop/shopping/load_payment_module.php] Array
(
    [SiteID] => mst0000007602
    [SitePass] => ******
    [MemberID] => 6284
)
 from 116.88.49.71
2018/01/26 11:23:25 [/shop/shopping/load_payment_module.php] ErrCode=E01|E01&ErrInfo=E01390002|E01240002 from 116.88.49.71
2018/01/26 11:23:25 [/shop/shopping/load_payment_module.php] Array
(
    [0] => Array
        (
            [ErrCode] => E01
            [ErrInfo] => E01390002
        )

    [1] => Array
        (
            [ErrCode] => E01
            [ErrInfo] => E01240002
        )

)
 from 116.88.49.71
2018/01/26 11:23:25 [/shop/shopping/load_payment_module.php] SendRequest:https://p01.mul-pay.jp/payment/EntryTran.idPass from 116.88.49.71
2018/01/26 11:23:25 [/shop/shopping/load_payment_module.php] Array
(
    [ShopID] => 9000034600950
    [ShopPass] => ******
    [OrderID] => 920322-26112325
    [JobCd] => CAPTURE
    [Amount] => 11910
    [TdFlag] => 0
    [TdTenantName] => 
)
 from 116.88.49.71
2018/01/26 11:23:25 [/shop/shopping/load_payment_module.php] AccessID=3b5b64140fbf68be7019bf4ea71184f6&AccessPass=8902c6aef95d5cfc2391d08da2b24fc6 from 116.88.49.71
2018/01/26 11:23:25 [/shop/shopping/load_payment_module.php] Array
(
    [0] => Array
        (
            [AccessID] => 3b5b64140fbf68be7019bf4ea71184f6
            [AccessPass] => 8902c6aef95d5cfc2391d08da2b24fc6
        )

)
 from 116.88.49.71
2018/01/26 11:23:25 [/shop/shopping/load_payment_module.php] load_payment_module.php set payment data:Array
(
    [AccessID] => 3b5b64140fbf68be7019bf4ea71184f6
    [AccessPass] => 8902c6aef95d5cfc2391d08da2b24fc6
    [OrderID] => 920322-26112325
    [Amount] => 11910
    [JobCd] => CAPTURE
    [action_status] => 1
    [pay_status] => 0
)
 from 116.88.49.71
2018/01/26 11:23:25 [/shop/shopping/load_payment_module.php] SendRequest:https://p01.mul-pay.jp/payment/ExecTran.idPass from 116.88.49.71
2018/01/26 11:23:25 [/shop/shopping/load_payment_module.php] Array
(
    [AccessID] => 3b5b64140fbf68be7019bf4ea71184f6
    [AccessPass] => 8902c6aef95d5cfc2391d08da2b24fc6
    [OrderID] => 920322-26112325
    [Method] => 1
    [CardNo] => *************553
    [Expire] => 2003
    [ClientField1] => 
    [ClientField2] => 
    [ClientField3] => EC-CUBE4.1.5
    [ClientFieldFlag] => 1
)
 from 116.88.49.71
2018/01/26 11:23:26 [/shop/shopping/load_payment_module.php] ACS=0&OrderID=920322-26112325&Forward=2S49631&Method=1&PayTimes=&Approve=0002608&TranID=1801261123602257210134124507&TranDate=20180126112326&CheckString=f60ee6091497fd0c0ce1087662b9f484&ClientField1=&ClientField2=&ClientField3=EC-CUBE4.1.5 from 116.88.49.71
2018/01/26 11:23:26 [/shop/shopping/load_payment_module.php] Array
(
    [0] => Array
        (
            [ACS] => 0
            [OrderID] => 920322-26112325
            [Forward] => 2S49631
            [Method] => 1
            [PayTimes] => 
            [Approve] => 0002608
            [TranID] => 1801261123602257210134124507
            [TranDate] => 20180126112326
            [CheckString] => f60ee6091497fd0c0ce1087662b9f484
            [ClientField1] => 
            [ClientField2] => 
            [ClientField3] => EC-CUBE4.1.5
        )

)
 from 116.88.49.71
2018/01/26 11:23:26 [/shop/shopping/load_payment_module.php] load_payment_module.php set payment data:Array
(
    [ACS] => 0
    [Forward] => 2S49631
    [Method] => 1
    [PayTimes] => 
    [Approve] => 0002608
    [TranID] => 1801261123602257210134124507
    [TranDate] => 20180126112326
    [CheckString] => f60ee6091497fd0c0ce1087662b9f484
    [ClientField1] => 
    [ClientField2] => 
    [ClientField3] => EC-CUBE4.1.5
    [Amount] => 11910
    [JobCd] => CAPTURE
    [action_status] => 3
    [pay_status] => 13
)
 from 116.88.49.71
2018/01/26 12:01:51 [/shop/shopping/load_payment_module.php] SendRequest:https://p01.mul-pay.jp/payment/EntryTran.idPass from 119.104.81.236
2018/01/26 12:01:51 [/shop/shopping/load_payment_module.php] Array
(
    [ShopID] => 9000034600950
    [ShopPass] => ******
    [OrderID] => 920323-26120151
    [JobCd] => CAPTURE
    [Amount] => 4380
    [TdFlag] => 0
    [TdTenantName] => 
)
 from 119.104.81.236
2018/01/26 12:01:51 [/shop/shopping/load_payment_module.php] AccessID=beda8c29ca6be01c6aa5b0c83b38c1bb&AccessPass=5a5cff38d4a641c1dc921a061ac7310e from 119.104.81.236
2018/01/26 12:01:51 [/shop/shopping/load_payment_module.php] Array
(
    [0] => Array
        (
            [AccessID] => beda8c29ca6be01c6aa5b0c83b38c1bb
            [AccessPass] => 5a5cff38d4a641c1dc921a061ac7310e
        )

)
 from 119.104.81.236
2018/01/26 12:01:51 [/shop/shopping/load_payment_module.php] load_payment_module.php set payment data:Array
(
    [AccessID] => beda8c29ca6be01c6aa5b0c83b38c1bb
    [AccessPass] => 5a5cff38d4a641c1dc921a061ac7310e
    [OrderID] => 920323-26120151
    [Amount] => 4380
    [JobCd] => CAPTURE
    [action_status] => 1
    [pay_status] => 0
)
 from 119.104.81.236
2018/01/26 12:01:51 [/shop/shopping/load_payment_module.php] SendRequest:https://p01.mul-pay.jp/payment/ExecTran.idPass from 119.104.81.236
2018/01/26 12:01:51 [/shop/shopping/load_payment_module.php] Array
(
    [AccessID] => beda8c29ca6be01c6aa5b0c83b38c1bb
    [AccessPass] => 5a5cff38d4a641c1dc921a061ac7310e
    [OrderID] => 920323-26120151
    [Method] => 1
    [CardNo] => *************852
    [Expire] => 1911
    [ClientField1] => 
    [ClientField2] => 
    [ClientField3] => EC-CUBE4.1.5
    [ClientFieldFlag] => 1
)
 from 119.104.81.236
2018/01/26 12:01:53 [/shop/shopping/load_payment_module.php] ACS=0&OrderID=920323-26120151&Forward=2S49631&Method=1&PayTimes=&Approve=0066101&TranID=1801261201602257210134124508&TranDate=20180126120152&CheckString=4c0cded2e351d230bd36c95f73d82c78&ClientField1=&ClientField2=&ClientField3=EC-CUBE4.1.5 from 119.104.81.236
2018/01/26 12:01:53 [/shop/shopping/load_payment_module.php] Array
(
    [0] => Array
        (
            [ACS] => 0
            [OrderID] => 920323-26120151
            [Forward] => 2S49631
            [Method] => 1
            [PayTimes] => 
            [Approve] => 0066101
            [TranID] => 1801261201602257210134124508
            [TranDate] => 20180126120152
            [CheckString] => 4c0cded2e351d230bd36c95f73d82c78
            [ClientField1] => 
            [ClientField2] => 
            [ClientField3] => EC-CUBE4.1.5
        )

)
 from 119.104.81.236
2018/01/26 12:01:53 [/shop/shopping/load_payment_module.php] load_payment_module.php set payment data:Array
(
    [ACS] => 0
    [Forward] => 2S49631
    [Method] => 1
    [PayTimes] => 
    [Approve] => 0066101
    [TranID] => 1801261201602257210134124508
    [TranDate] => 20180126120152
    [CheckString] => 4c0cded2e351d230bd36c95f73d82c78
    [ClientField1] => 
    [ClientField2] => 
    [ClientField3] => EC-CUBE4.1.5
    [Amount] => 4380
    [JobCd] => CAPTURE
    [action_status] => 3
    [pay_status] => 13
)
 from 119.104.81.236
2018/01/26 12:48:51 [/shop/shopping/load_payment_module.php] SendRequest:https://p01.mul-pay.jp/payment/EntryTran.idPass from 172.56.6.1
2018/01/26 12:48:51 [/shop/shopping/load_payment_module.php] Array
(
    [ShopID] => 9000034600950
    [ShopPass] => ******
    [OrderID] => 920324-26124851
    [JobCd] => CAPTURE
    [Amount] => 31870
    [TdFlag] => 0
    [TdTenantName] => 
)
 from 172.56.6.1
2018/01/26 12:48:51 [/shop/shopping/load_payment_module.php] AccessID=cf4f214ed7b2ca23438eaf46cc0c919d&AccessPass=19d727e05076a1411522b6dd5271e5b3 from 172.56.6.1
2018/01/26 12:48:51 [/shop/shopping/load_payment_module.php] Array
(
    [0] => Array
        (
            [AccessID] => cf4f214ed7b2ca23438eaf46cc0c919d
            [AccessPass] => 19d727e05076a1411522b6dd5271e5b3
        )

)
 from 172.56.6.1
2018/01/26 12:48:51 [/shop/shopping/load_payment_module.php] load_payment_module.php set payment data:Array
(
    [AccessID] => cf4f214ed7b2ca23438eaf46cc0c919d
    [AccessPass] => 19d727e05076a1411522b6dd5271e5b3
    [OrderID] => 920324-26124851
    [Amount] => 31870
    [JobCd] => CAPTURE
    [action_status] => 1
    [pay_status] => 0
)
 from 172.56.6.1
2018/01/26 12:48:51 [/shop/shopping/load_payment_module.php] SendRequest:https://p01.mul-pay.jp/payment/ExecTran.idPass from 172.56.6.1
2018/01/26 12:48:51 [/shop/shopping/load_payment_module.php] Array
(
    [AccessID] => cf4f214ed7b2ca23438eaf46cc0c919d
    [AccessPass] => 19d727e05076a1411522b6dd5271e5b3
    [OrderID] => 920324-26124851
    [Method] => 1
    [CardNo] => *************367
    [Expire] => 1905
    [ClientField1] => 
    [ClientField2] => 
    [ClientField3] => EC-CUBE4.1.5
    [ClientFieldFlag] => 1
)
 from 172.56.6.1
2018/01/26 12:48:53 [/shop/shopping/load_payment_module.php] ACS=0&OrderID=920324-26124851&Forward=2959876&Method=1&PayTimes=&Approve=0031171&TranID=1801261248602257210134124509&TranDate=20180126124853&CheckString=95991212778de665ed835af7ebf41ab5&ClientField1=&ClientField2=&ClientField3=EC-CUBE4.1.5 from 172.56.6.1
2018/01/26 12:48:53 [/shop/shopping/load_payment_module.php] Array
(
    [0] => Array
        (
            [ACS] => 0
            [OrderID] => 920324-26124851
            [Forward] => 2959876
            [Method] => 1
            [PayTimes] => 
            [Approve] => 0031171
            [TranID] => 1801261248602257210134124509
            [TranDate] => 20180126124853
            [CheckString] => 95991212778de665ed835af7ebf41ab5
            [ClientField1] => 
            [ClientField2] => 
            [ClientField3] => EC-CUBE4.1.5
        )

)
 from 172.56.6.1
2018/01/26 12:48:53 [/shop/shopping/load_payment_module.php] load_payment_module.php set payment data:Array
(
    [ACS] => 0
    [Forward] => 2959876
    [Method] => 1
    [PayTimes] => 
    [Approve] => 0031171
    [TranID] => 1801261248602257210134124509
    [TranDate] => 20180126124853
    [CheckString] => 95991212778de665ed835af7ebf41ab5
    [ClientField1] => 
    [ClientField2] => 
    [ClientField3] => EC-CUBE4.1.5
    [Amount] => 31870
    [JobCd] => CAPTURE
    [action_status] => 3
    [pay_status] => 13
)
 from 172.56.6.1
2018/01/26 12:50:12 [/shop/admin/order/edit.php] edit.php set payment data:Array
(
    [no_update_status_flg] => 1
)
 from 153.142.16.212
2018/01/26 12:50:12 [/shop/admin/order/edit.php] SendRequest:https://p01.mul-pay.jp/payment/ChangeTran.idPass from 153.142.16.212
2018/01/26 12:50:12 [/shop/admin/order/edit.php] Array
(
    [ShopID] => 9000034600950
    [ShopPass] => ******
    [AccessID] => 165dc4f2f28ca50259bcaa0eaa862d2e
    [AccessPass] => 87e354e36b857028532c2e11fd23ac79
    [JobCd] => CAPTURE
    [Amount] => 540
)
 from 153.142.16.212
2018/01/26 12:50:14 [/shop/admin/order/edit.php] AccessID=165dc4f2f28ca50259bcaa0eaa862d2e&AccessPass=87e354e36b857028532c2e11fd23ac79&Forward=2S49631&Approve=0023131&TranID=1801261250602257210134114364&TranDate=20180126125013 from 153.142.16.212
2018/01/26 12:50:14 [/shop/admin/order/edit.php] Array
(
    [0] => Array
        (
            [AccessID] => 165dc4f2f28ca50259bcaa0eaa862d2e
            [AccessPass] => 87e354e36b857028532c2e11fd23ac79
            [Forward] => 2S49631
            [Approve] => 0023131
            [TranID] => 1801261250602257210134114364
            [TranDate] => 20180126125013
        )

)
 from 153.142.16.212
2018/01/26 12:50:14 [/shop/admin/order/edit.php] edit.php set payment data:Array
(
    [AccessID] => 165dc4f2f28ca50259bcaa0eaa862d2e
    [AccessPass] => 87e354e36b857028532c2e11fd23ac79
    [Forward] => 2S49631
    [Approve] => 0023131
    [TranID] => 1801261250602257210134114364
    [TranDate] => 20180126125013
    [action_status] => 6
    [pay_status] => 13
    [JobCd] => CAPTURE
    [Amount] => 540
)
 from 153.142.16.212
2018/01/26 12:50:20 [/shop/admin/order/edit.php] SendRequest:https://p01.mul-pay.jp/payment/SearchTrade.idPass from 153.142.16.212
2018/01/26 12:50:20 [/shop/admin/order/edit.php] Array
(
    [ShopID] => 9000034600950
    [ShopPass] => ******
    [OrderID] => 919927-12235851
)
 from 153.142.16.212
2018/01/26 12:50:20 [/shop/admin/order/edit.php] OrderID=919927-12235851&Status=CAPTURE&ProcessDate=20180126125013&JobCd=CAPTURE&AccessID=165dc4f2f28ca50259bcaa0eaa862d2e&AccessPass=87e354e36b857028532c2e11fd23ac79&ItemCode=0000990&Amount=540&Tax=0&SiteID=&MemberID=&CardNo=************3996&Expire=2003&Method=1&PayTimes=&Forward=2S49631&TranID=1801261250602257210134114364&Approve=0023131&ClientField1=&ClientField2=&ClientField3=EC-CUBE4.1.5 from 153.142.16.212
2018/01/26 12:50:20 [/shop/admin/order/edit.php] Array
(
    [0] => Array
        (
            [OrderID] => 919927-12235851
            [Status] => CAPTURE
            [ProcessDate] => 20180126125013
            [JobCd] => CAPTURE
            [AccessID] => 165dc4f2f28ca50259bcaa0eaa862d2e
            [AccessPass] => 87e354e36b857028532c2e11fd23ac79
            [ItemCode] => 0000990
            [Amount] => 540
            [Tax] => 0
            [SiteID] => 
            [MemberID] => 
            [CardNo] => ************3996
            [Expire] => 2003
            [Method] => 1
            [PayTimes] => 
            [Forward] => 2S49631
            [TranID] => 1801261250602257210134114364
            [Approve] => 0023131
            [ClientField1] => 
            [ClientField2] => 
            [ClientField3] => EC-CUBE4.1.5
        )

)
 from 153.142.16.212
2018/01/26 12:50:20 [/shop/admin/order/edit.php] edit.php set payment data:Array
(
    [OrderID] => 919927-12235851
    [Status] => CAPTURE
    [ProcessDate] => 20180126125013
    [JobCd] => CAPTURE
    [AccessID] => 165dc4f2f28ca50259bcaa0eaa862d2e
    [AccessPass] => 87e354e36b857028532c2e11fd23ac79
    [ItemCode] => 0000990
    [Amount] => 540
    [Tax] => 0
    [SiteID] => 
    [MemberID] => 
    [CardNo] => ************3996
    [Expire] => 2003
    [Method] => 1
    [PayTimes] => 
    [Forward] => 2S49631
    [TranID] => 1801261250602257210134114364
    [Approve] => 0023131
    [ClientField1] => 
    [ClientField2] => 
    [ClientField3] => EC-CUBE4.1.5
    [action_status] => 6
    [pay_status] => 13
)
 from 153.142.16.212
2018/01/26 13:10:40 [/shop/shopping/load_payment_module.php] SendRequest:https://p01.mul-pay.jp/payment/EntryTran.idPass from 104.162.239.37
2018/01/26 13:10:40 [/shop/shopping/load_payment_module.php] Array
(
    [ShopID] => 9000034600950
    [ShopPass] => ******
    [OrderID] => 920326-26131040
    [JobCd] => CAPTURE
    [Amount] => 7920
    [TdFlag] => 0
    [TdTenantName] => 
)
 from 104.162.239.37
2018/01/26 13:10:40 [/shop/shopping/load_payment_module.php] AccessID=9dcec3c01c928970294ba9d92e66ef65&AccessPass=4da312cf8fc1bc6b34ddbb0cb13b75fe from 104.162.239.37
2018/01/26 13:10:40 [/shop/shopping/load_payment_module.php] Array
(
    [0] => Array
        (
            [AccessID] => 9dcec3c01c928970294ba9d92e66ef65
            [AccessPass] => 4da312cf8fc1bc6b34ddbb0cb13b75fe
        )

)
 from 104.162.239.37
2018/01/26 13:10:40 [/shop/shopping/load_payment_module.php] load_payment_module.php set payment data:Array
(
    [AccessID] => 9dcec3c01c928970294ba9d92e66ef65
    [AccessPass] => 4da312cf8fc1bc6b34ddbb0cb13b75fe
    [OrderID] => 920326-26131040
    [Amount] => 7920
    [JobCd] => CAPTURE
    [action_status] => 1
    [pay_status] => 0
)
 from 104.162.239.37
2018/01/26 13:10:40 [/shop/shopping/load_payment_module.php] SendRequest:https://p01.mul-pay.jp/payment/ExecTran.idPass from 104.162.239.37
2018/01/26 13:10:40 [/shop/shopping/load_payment_module.php] Array
(
    [AccessID] => 9dcec3c01c928970294ba9d92e66ef65
    [AccessPass] => 4da312cf8fc1bc6b34ddbb0cb13b75fe
    [OrderID] => 920326-26131040
    [Method] => 1
    [CardNo] => *************108
    [Expire] => 2203
    [ClientField1] => 
    [ClientField2] => 
    [ClientField3] => EC-CUBE4.1.5
    [ClientFieldFlag] => 1
)
 from 104.162.239.37
2018/01/26 13:10:40 [/shop/shopping/load_payment_module.php] ErrCode=E01&ErrInfo=E01260010 from 104.162.239.37
2018/01/26 13:10:41 [/shop/shopping/load_payment_module.php] Array
(
    [0] => Array
        (
            [ErrCode] => E01
            [ErrInfo] => E01260010
        )

)
 from 104.162.239.37
2018/01/26 13:10:41 [/shop/shopping/load_payment_module.php] load_payment_module.php set payment data:Array
(
    [request_error] => Array
        (
            [0] => 指定された支払方法はご利用できません。 (E01-E01260010)
        )

    [Amount] => 7920
    [JobCd] => CAPTURE
    [action_status] => 3
)
 from 104.162.239.37
2018/01/26 13:11:01 [/shop/shopping/load_payment_module.php] SendRequest:https://p01.mul-pay.jp/payment/EntryTran.idPass from 119.104.87.181
2018/01/26 13:11:01 [/shop/shopping/load_payment_module.php] Array
(
    [ShopID] => 9000034600950
    [ShopPass] => ******
    [OrderID] => 920325-26131101
    [JobCd] => CAPTURE
    [Amount] => 9330
    [TdFlag] => 0
    [TdTenantName] => 
)
 from 119.104.87.181
2018/01/26 13:11:02 [/shop/shopping/load_payment_module.php] AccessID=5800f15520d8186e9be1447d320c1779&AccessPass=f9923f47333712f31eeb2f5396c4e158 from 119.104.87.181
2018/01/26 13:11:02 [/shop/shopping/load_payment_module.php] Array
(
    [0] => Array
        (
            [AccessID] => 5800f15520d8186e9be1447d320c1779
            [AccessPass] => f9923f47333712f31eeb2f5396c4e158
        )

)
 from 119.104.87.181
2018/01/26 13:11:02 [/shop/shopping/load_payment_module.php] load_payment_module.php set payment data:Array
(
    [AccessID] => 5800f15520d8186e9be1447d320c1779
    [AccessPass] => f9923f47333712f31eeb2f5396c4e158
    [OrderID] => 920325-26131101
    [Amount] => 9330
    [JobCd] => CAPTURE
    [action_status] => 1
    [pay_status] => 0
)
 from 119.104.87.181
2018/01/26 13:11:02 [/shop/shopping/load_payment_module.php] SendRequest:https://p01.mul-pay.jp/payment/ExecTran.idPass from 119.104.87.181
2018/01/26 13:11:02 [/shop/shopping/load_payment_module.php] Array
(
    [AccessID] => 5800f15520d8186e9be1447d320c1779
    [AccessPass] => f9923f47333712f31eeb2f5396c4e158
    [OrderID] => 920325-26131101
    [Method] => 1
    [CardNo] => *************588
    [Expire] => 2101
    [ClientField1] => 
    [ClientField2] => 
    [ClientField3] => EC-CUBE4.1.5
    [ClientFieldFlag] => 1
)
 from 119.104.87.181
2018/01/26 13:11:03 [/shop/shopping/load_payment_module.php] ACS=0&OrderID=920325-26131101&Forward=2959876&Method=1&PayTimes=&Approve=0005903&TranID=1801261311602257210134124510&TranDate=20180126131103&CheckString=f213518efb8b8756ff9b7fe9916b3c38&ClientField1=&ClientField2=&ClientField3=EC-CUBE4.1.5 from 119.104.87.181
2018/01/26 13:11:03 [/shop/shopping/load_payment_module.php] Array
(
    [0] => Array
        (
            [ACS] => 0
            [OrderID] => 920325-26131101
            [Forward] => 2959876
            [Method] => 1
            [PayTimes] => 
            [Approve] => 0005903
            [TranID] => 1801261311602257210134124510
            [TranDate] => 20180126131103
            [CheckString] => f213518efb8b8756ff9b7fe9916b3c38
            [ClientField1] => 
            [ClientField2] => 
            [ClientField3] => EC-CUBE4.1.5
        )

)
 from 119.104.87.181
2018/01/26 13:11:03 [/shop/shopping/load_payment_module.php] load_payment_module.php set payment data:Array
(
    [ACS] => 0
    [Forward] => 2959876
    [Method] => 1
    [PayTimes] => 
    [Approve] => 0005903
    [TranID] => 1801261311602257210134124510
    [TranDate] => 20180126131103
    [CheckString] => f213518efb8b8756ff9b7fe9916b3c38
    [ClientField1] => 
    [ClientField2] => 
    [ClientField3] => EC-CUBE4.1.5
    [Amount] => 9330
    [JobCd] => CAPTURE
    [action_status] => 3
    [pay_status] => 13
)
 from 119.104.87.181
2018/01/26 13:12:07 [/shop/shopping/load_payment_module.php] SendRequest:https://p01.mul-pay.jp/payment/ExecTran.idPass from 104.162.239.37
2018/01/26 13:12:07 [/shop/shopping/load_payment_module.php] Array
(
    [AccessID] => 9dcec3c01c928970294ba9d92e66ef65
    [AccessPass] => 4da312cf8fc1bc6b34ddbb0cb13b75fe
    [OrderID] => 920326-26131040
    [Method] => 1
    [CardNo] => *************431
    [Expire] => 2003
    [ClientField1] => 
    [ClientField2] => 
    [ClientField3] => EC-CUBE4.1.5
    [ClientFieldFlag] => 1
)
 from 104.162.239.37
2018/01/26 13:12:08 [/shop/shopping/load_payment_module.php] ACS=0&OrderID=920326-26131040&Forward=2S49631&Method=1&PayTimes=&Approve=0141529&TranID=1801261312602257210134134518&TranDate=20180126131208&CheckString=4a6c047a81159f5d3efe9474bb8867b6&ClientField1=&ClientField2=&ClientField3=EC-CUBE4.1.5 from 104.162.239.37
2018/01/26 13:12:08 [/shop/shopping/load_payment_module.php] Array
(
    [0] => Array
        (
            [ACS] => 0
            [OrderID] => 920326-26131040
            [Forward] => 2S49631
            [Method] => 1
            [PayTimes] => 
            [Approve] => 0141529
            [TranID] => 1801261312602257210134134518
            [TranDate] => 20180126131208
            [CheckString] => 4a6c047a81159f5d3efe9474bb8867b6
            [ClientField1] => 
            [ClientField2] => 
            [ClientField3] => EC-CUBE4.1.5
        )

)
 from 104.162.239.37
2018/01/26 13:12:08 [/shop/shopping/load_payment_module.php] load_payment_module.php set payment data:Array
(
    [ACS] => 0
    [Forward] => 2S49631
    [Method] => 1
    [PayTimes] => 
    [Approve] => 0141529
    [TranID] => 1801261312602257210134134518
    [TranDate] => 20180126131208
    [CheckString] => 4a6c047a81159f5d3efe9474bb8867b6
    [ClientField1] => 
    [ClientField2] => 
    [ClientField3] => EC-CUBE4.1.5
    [Amount] => 7920
    [JobCd] => CAPTURE
    [action_status] => 3
    [pay_status] => 13
)
 from 104.162.239.37
2018/01/26 13:17:53 [/shop/shopping/load_payment_module.php] SendRequest:https://p01.mul-pay.jp/payment/EntryTran.idPass from 111.118.217.188
2018/01/26 13:17:53 [/shop/shopping/load_payment_module.php] Array
(
    [ShopID] => 9000034600950
    [ShopPass] => ******
    [OrderID] => 920327-26131753
    [JobCd] => CAPTURE
    [Amount] => 4390
    [TdFlag] => 0
    [TdTenantName] => 
)
 from 111.118.217.188
2018/01/26 13:17:53 [/shop/shopping/load_payment_module.php] AccessID=377b37138121e47f4bad9f48bdf42029&AccessPass=c087679022a89aaeb8a8a9d5e6540860 from 111.118.217.188
2018/01/26 13:17:53 [/shop/shopping/load_payment_module.php] Array
(
    [0] => Array
        (
            [AccessID] => 377b37138121e47f4bad9f48bdf42029
            [AccessPass] => c087679022a89aaeb8a8a9d5e6540860
        )

)
 from 111.118.217.188
2018/01/26 13:17:53 [/shop/shopping/load_payment_module.php] load_payment_module.php set payment data:Array
(
    [AccessID] => 377b37138121e47f4bad9f48bdf42029
    [AccessPass] => c087679022a89aaeb8a8a9d5e6540860
    [OrderID] => 920327-26131753
    [Amount] => 4390
    [JobCd] => CAPTURE
    [action_status] => 1
    [pay_status] => 0
)
 from 111.118.217.188
2018/01/26 13:17:53 [/shop/shopping/load_payment_module.php] SendRequest:https://p01.mul-pay.jp/payment/ExecTran.idPass from 111.118.217.188
2018/01/26 13:17:53 [/shop/shopping/load_payment_module.php] Array
(
    [AccessID] => 377b37138121e47f4bad9f48bdf42029
    [AccessPass] => c087679022a89aaeb8a8a9d5e6540860
    [OrderID] => 920327-26131753
    [Method] => 1
    [CardNo] => *************396
    [Expire] => 2007
    [ClientField1] => 
    [ClientField2] => 
    [ClientField3] => EC-CUBE4.1.5
    [ClientFieldFlag] => 1
)
 from 111.118.217.188
2018/01/26 13:17:55 [/shop/shopping/load_payment_module.php] ACS=0&OrderID=920327-26131753&Forward=2S49631&Method=1&PayTimes=&Approve=0054737&TranID=1801261317602257210134124511&TranDate=20180126131755&CheckString=9738fded43f585d9efb5bcddf1a224ba&ClientField1=&ClientField2=&ClientField3=EC-CUBE4.1.5 from 111.118.217.188
2018/01/26 13:17:55 [/shop/shopping/load_payment_module.php] Array
(
    [0] => Array
        (
            [ACS] => 0
            [OrderID] => 920327-26131753
            [Forward] => 2S49631
            [Method] => 1
            [PayTimes] => 
            [Approve] => 0054737
            [TranID] => 1801261317602257210134124511
            [TranDate] => 20180126131755
            [CheckString] => 9738fded43f585d9efb5bcddf1a224ba
            [ClientField1] => 
            [ClientField2] => 
            [ClientField3] => EC-CUBE4.1.5
        )

)
 from 111.118.217.188
2018/01/26 13:17:55 [/shop/shopping/load_payment_module.php] load_payment_module.php set payment data:Array
(
    [ACS] => 0
    [Forward] => 2S49631
    [Method] => 1
    [PayTimes] => 
    [Approve] => 0054737
    [TranID] => 1801261317602257210134124511
    [TranDate] => 20180126131755
    [CheckString] => 9738fded43f585d9efb5bcddf1a224ba
    [ClientField1] => 
    [ClientField2] => 
    [ClientField3] => EC-CUBE4.1.5
    [Amount] => 4390
    [JobCd] => CAPTURE
    [action_status] => 3
    [pay_status] => 13
)
 from 111.118.217.188
2018/01/26 13:50:33 [/shop/shopping/load_payment_module.php] SendRequest:https://p01.mul-pay.jp/payment/SearchMember.idPass from 60.122.57.51
2018/01/26 13:50:33 [/shop/shopping/load_payment_module.php] Array
(
    [SiteID] => mst0000007602
    [SitePass] => ******
    [MemberID] => 6084
)
 from 60.122.57.51
2018/01/26 13:50:33 [/shop/shopping/load_payment_module.php] ErrCode=E01&ErrInfo=E01390002 from 60.122.57.51
2018/01/26 13:50:33 [/shop/shopping/load_payment_module.php] Array
(
    [0] => Array
        (
            [ErrCode] => E01
            [ErrInfo] => E01390002
        )

)
 from 60.122.57.51
2018/01/26 13:50:33 [/shop/shopping/load_payment_module.php] SendRequest:https://p01.mul-pay.jp/payment/SearchCard.idPass from 60.122.57.51
2018/01/26 13:50:33 [/shop/shopping/load_payment_module.php] Array
(
    [SiteID] => mst0000007602
    [SitePass] => ******
    [MemberID] => 6084
)
 from 60.122.57.51
2018/01/26 13:50:33 [/shop/shopping/load_payment_module.php] ErrCode=E01|E01&ErrInfo=E01390002|E01240002 from 60.122.57.51
2018/01/26 13:50:33 [/shop/shopping/load_payment_module.php] Array
(
    [0] => Array
        (
            [ErrCode] => E01
            [ErrInfo] => E01390002
        )

    [1] => Array
        (
            [ErrCode] => E01
            [ErrInfo] => E01240002
        )

)
 from 60.122.57.51
2018/01/26 13:51:09 [/shop/shopping/load_payment_module.php] SendRequest:https://p01.mul-pay.jp/payment/SearchMember.idPass from 60.122.57.51
2018/01/26 13:51:09 [/shop/shopping/load_payment_module.php] Array
(
    [SiteID] => mst0000007602
    [SitePass] => ******
    [MemberID] => 6084
)
 from 60.122.57.51
2018/01/26 13:51:09 [/shop/shopping/load_payment_module.php] ErrCode=E01&ErrInfo=E01390002 from 60.122.57.51
2018/01/26 13:51:09 [/shop/shopping/load_payment_module.php] Array
(
    [0] => Array
        (
            [ErrCode] => E01
            [ErrInfo] => E01390002
        )

)
 from 60.122.57.51
2018/01/26 13:51:09 [/shop/shopping/load_payment_module.php] SendRequest:https://p01.mul-pay.jp/payment/SearchCard.idPass from 60.122.57.51
2018/01/26 13:51:09 [/shop/shopping/load_payment_module.php] Array
(
    [SiteID] => mst0000007602
    [SitePass] => ******
    [MemberID] => 6084
)
 from 60.122.57.51
2018/01/26 13:51:09 [/shop/shopping/load_payment_module.php] ErrCode=E01|E01&ErrInfo=E01390002|E01240002 from 60.122.57.51
2018/01/26 13:51:09 [/shop/shopping/load_payment_module.php] Array
(
    [0] => Array
        (
            [ErrCode] => E01
            [ErrInfo] => E01390002
        )

    [1] => Array
        (
            [ErrCode] => E01
            [ErrInfo] => E01240002
        )

)
 from 60.122.57.51
2018/01/26 13:52:03 [/shop/shopping/load_payment_module.php] SendRequest:https://p01.mul-pay.jp/payment/SearchMember.idPass from 60.122.57.51
2018/01/26 13:52:03 [/shop/shopping/load_payment_module.php] Array
(
    [SiteID] => mst0000007602
    [SitePass] => ******
    [MemberID] => 6084
)
 from 60.122.57.51
2018/01/26 13:52:03 [/shop/shopping/load_payment_module.php] ErrCode=E01&ErrInfo=E01390002 from 60.122.57.51
2018/01/26 13:52:04 [/shop/shopping/load_payment_module.php] Array
(
    [0] => Array
        (
            [ErrCode] => E01
            [ErrInfo] => E01390002
        )

)
 from 60.122.57.51
2018/01/26 13:52:04 [/shop/shopping/load_payment_module.php] SendRequest:https://p01.mul-pay.jp/payment/SearchCard.idPass from 60.122.57.51
2018/01/26 13:52:04 [/shop/shopping/load_payment_module.php] Array
(
    [SiteID] => mst0000007602
    [SitePass] => ******
    [MemberID] => 6084
)
 from 60.122.57.51
2018/01/26 13:52:04 [/shop/shopping/load_payment_module.php] ErrCode=E01|E01&ErrInfo=E01390002|E01240002 from 60.122.57.51
2018/01/26 13:52:04 [/shop/shopping/load_payment_module.php] Array
(
    [0] => Array
        (
            [ErrCode] => E01
            [ErrInfo] => E01390002
        )

    [1] => Array
        (
            [ErrCode] => E01
            [ErrInfo] => E01240002
        )

)
 from 60.122.57.51
2018/01/26 13:53:17 [/shop/shopping/load_payment_module.php] SendRequest:https://p01.mul-pay.jp/payment/SearchMember.idPass from 60.122.57.51
2018/01/26 13:53:17 [/shop/shopping/load_payment_module.php] Array
(
    [SiteID] => mst0000007602
    [SitePass] => ******
    [MemberID] => 6084
)
 from 60.122.57.51
2018/01/26 13:53:17 [/shop/shopping/load_payment_module.php] ErrCode=E01&ErrInfo=E01390002 from 60.122.57.51
2018/01/26 13:53:17 [/shop/shopping/load_payment_module.php] Array
(
    [0] => Array
        (
            [ErrCode] => E01
            [ErrInfo] => E01390002
        )

)
 from 60.122.57.51
2018/01/26 13:53:17 [/shop/shopping/load_payment_module.php] SendRequest:https://p01.mul-pay.jp/payment/SearchCard.idPass from 60.122.57.51
2018/01/26 13:53:17 [/shop/shopping/load_payment_module.php] Array
(
    [SiteID] => mst0000007602
    [SitePass] => ******
    [MemberID] => 6084
)
 from 60.122.57.51
2018/01/26 13:53:17 [/shop/shopping/load_payment_module.php] ErrCode=E01|E01&ErrInfo=E01390002|E01240002 from 60.122.57.51
2018/01/26 13:53:17 [/shop/shopping/load_payment_module.php] Array
(
    [0] => Array
        (
            [ErrCode] => E01
            [ErrInfo] => E01390002
        )

    [1] => Array
        (
            [ErrCode] => E01
            [ErrInfo] => E01240002
        )

)
 from 60.122.57.51
2018/01/26 13:53:17 [/shop/shopping/load_payment_module.php] SendRequest:https://p01.mul-pay.jp/payment/EntryTran.idPass from 60.122.57.51
2018/01/26 13:53:17 [/shop/shopping/load_payment_module.php] Array
(
    [ShopID] => 9000034600950
    [ShopPass] => ******
    [OrderID] => 920329-26135317
    [JobCd] => CAPTURE
    [Amount] => 6580
    [TdFlag] => 0
    [TdTenantName] => 
)
 from 60.122.57.51
2018/01/26 13:53:17 [/shop/shopping/load_payment_module.php] AccessID=2b1c82a4621f742be4c9c22e2382a1ab&AccessPass=c1c2bea8e468ae6a6114a6aa85129b0a from 60.122.57.51
2018/01/26 13:53:17 [/shop/shopping/load_payment_module.php] Array
(
    [0] => Array
        (
            [AccessID] => 2b1c82a4621f742be4c9c22e2382a1ab
            [AccessPass] => c1c2bea8e468ae6a6114a6aa85129b0a
        )

)
 from 60.122.57.51
2018/01/26 13:53:17 [/shop/shopping/load_payment_module.php] load_payment_module.php set payment data:Array
(
    [AccessID] => 2b1c82a4621f742be4c9c22e2382a1ab
    [AccessPass] => c1c2bea8e468ae6a6114a6aa85129b0a
    [OrderID] => 920329-26135317
    [Amount] => 6580
    [JobCd] => CAPTURE
    [action_status] => 1
    [pay_status] => 0
)
 from 60.122.57.51
2018/01/26 13:53:18 [/shop/shopping/load_payment_module.php] SendRequest:https://p01.mul-pay.jp/payment/ExecTran.idPass from 60.122.57.51
2018/01/26 13:53:18 [/shop/shopping/load_payment_module.php] Array
(
    [AccessID] => 2b1c82a4621f742be4c9c22e2382a1ab
    [AccessPass] => c1c2bea8e468ae6a6114a6aa85129b0a
    [OrderID] => 920329-26135317
    [Method] => 1
    [CardNo] => *************483
    [Expire] => 1902
    [ClientField1] => 
    [ClientField2] => 
    [ClientField3] => EC-CUBE4.1.5
    [ClientFieldFlag] => 1
)
 from 60.122.57.51
2018/01/26 13:53:19 [/shop/shopping/load_payment_module.php] ACS=0&OrderID=920329-26135317&Forward=2a99661&Method=1&PayTimes=&Approve=0714365&TranID=1801261353602257210134114365&TranDate=20180126135319&CheckString=5b9512ffed813350d191c26f15e07406&ClientField1=&ClientField2=&ClientField3=EC-CUBE4.1.5 from 60.122.57.51
2018/01/26 13:53:19 [/shop/shopping/load_payment_module.php] Array
(
    [0] => Array
        (
            [ACS] => 0
            [OrderID] => 920329-26135317
            [Forward] => 2a99661
            [Method] => 1
            [PayTimes] => 
            [Approve] => 0714365
            [TranID] => 1801261353602257210134114365
            [TranDate] => 20180126135319
            [CheckString] => 5b9512ffed813350d191c26f15e07406
            [ClientField1] => 
            [ClientField2] => 
            [ClientField3] => EC-CUBE4.1.5
        )

)
 from 60.122.57.51
2018/01/26 13:53:19 [/shop/shopping/load_payment_module.php] load_payment_module.php set payment data:Array
(
    [ACS] => 0
    [Forward] => 2a99661
    [Method] => 1
    [PayTimes] => 
    [Approve] => 0714365
    [TranID] => 1801261353602257210134114365
    [TranDate] => 20180126135319
    [CheckString] => 5b9512ffed813350d191c26f15e07406
    [ClientField1] => 
    [ClientField2] => 
    [ClientField3] => EC-CUBE4.1.5
    [Amount] => 6580
    [JobCd] => CAPTURE
    [action_status] => 3
    [pay_status] => 13
)
 from 60.122.57.51
2018/01/26 14:08:56 [/shop/shopping/load_payment_module.php] SendRequest:https://p01.mul-pay.jp/payment/EntryTran.idPass from 202.43.138.128
2018/01/26 14:08:56 [/shop/shopping/load_payment_module.php] Array
(
    [ShopID] => 9000034600950
    [ShopPass] => ******
    [OrderID] => 920330-26140856
    [JobCd] => CAPTURE
    [Amount] => 4380
    [TdFlag] => 0
    [TdTenantName] => 
)
 from 202.43.138.128
2018/01/26 14:08:56 [/shop/shopping/load_payment_module.php] AccessID=f485eaf551d0053ea52d2ba7fe2ba230&AccessPass=444da2030688f53c474b64fb3cf12c5b from 202.43.138.128
2018/01/26 14:08:56 [/shop/shopping/load_payment_module.php] Array
(
    [0] => Array
        (
            [AccessID] => f485eaf551d0053ea52d2ba7fe2ba230
            [AccessPass] => 444da2030688f53c474b64fb3cf12c5b
        )

)
 from 202.43.138.128
2018/01/26 14:08:56 [/shop/shopping/load_payment_module.php] load_payment_module.php set payment data:Array
(
    [AccessID] => f485eaf551d0053ea52d2ba7fe2ba230
    [AccessPass] => 444da2030688f53c474b64fb3cf12c5b
    [OrderID] => 920330-26140856
    [Amount] => 4380
    [JobCd] => CAPTURE
    [action_status] => 1
    [pay_status] => 0
)
 from 202.43.138.128
2018/01/26 14:08:56 [/shop/shopping/load_payment_module.php] SendRequest:https://p01.mul-pay.jp/payment/ExecTran.idPass from 202.43.138.128
2018/01/26 14:08:56 [/shop/shopping/load_payment_module.php] Array
(
    [AccessID] => f485eaf551d0053ea52d2ba7fe2ba230
    [AccessPass] => 444da2030688f53c474b64fb3cf12c5b
    [OrderID] => 920330-26140856
    [Method] => 1
    [CardNo] => *************077
    [Expire] => 1801
    [ClientField1] => 
    [ClientField2] => 
    [ClientField3] => EC-CUBE4.1.5
    [ClientFieldFlag] => 1
)
 from 202.43.138.128
2018/01/26 14:08:57 [/shop/shopping/load_payment_module.php] ACS=0&OrderID=920330-26140856&Forward=2S49631&Method=1&PayTimes=&Approve=0006903&TranID=1801261408602257210134114366&TranDate=20180126140857&CheckString=69cd0524111757fab728d780cd513153&ClientField1=&ClientField2=&ClientField3=EC-CUBE4.1.5 from 202.43.138.128
2018/01/26 14:08:57 [/shop/shopping/load_payment_module.php] Array
(
    [0] => Array
        (
            [ACS] => 0
            [OrderID] => 920330-26140856
            [Forward] => 2S49631
            [Method] => 1
            [PayTimes] => 
            [Approve] => 0006903
            [TranID] => 1801261408602257210134114366
            [TranDate] => 20180126140857
            [CheckString] => 69cd0524111757fab728d780cd513153
            [ClientField1] => 
            [ClientField2] => 
            [ClientField3] => EC-CUBE4.1.5
        )

)
 from 202.43.138.128
2018/01/26 14:08:57 [/shop/shopping/load_payment_module.php] load_payment_module.php set payment data:Array
(
    [ACS] => 0
    [Forward] => 2S49631
    [Method] => 1
    [PayTimes] => 
    [Approve] => 0006903
    [TranID] => 1801261408602257210134114366
    [TranDate] => 20180126140857
    [CheckString] => 69cd0524111757fab728d780cd513153
    [ClientField1] => 
    [ClientField2] => 
    [ClientField3] => EC-CUBE4.1.5
    [Amount] => 4380
    [JobCd] => CAPTURE
    [action_status] => 3
    [pay_status] => 13
)
 from 202.43.138.128
2018/01/26 15:40:46 [/shop/shopping/load_payment_module.php] SendRequest:https://p01.mul-pay.jp/payment/EntryTran.idPass from 180.190.35.224
2018/01/26 15:40:46 [/shop/shopping/load_payment_module.php] Array
(
    [ShopID] => 9000034600950
    [ShopPass] => ******
    [OrderID] => 920331-26154046
    [JobCd] => CAPTURE
    [Amount] => 5580
    [TdFlag] => 0
    [TdTenantName] => 
)
 from 180.190.35.224
2018/01/26 15:40:46 [/shop/shopping/load_payment_module.php] AccessID=83fe87857dc09398646d4dfbb334b5d7&AccessPass=6b207a535224aac3f8ed3b46812a65ef from 180.190.35.224
2018/01/26 15:40:46 [/shop/shopping/load_payment_module.php] Array
(
    [0] => Array
        (
            [AccessID] => 83fe87857dc09398646d4dfbb334b5d7
            [AccessPass] => 6b207a535224aac3f8ed3b46812a65ef
        )

)
 from 180.190.35.224
2018/01/26 15:40:46 [/shop/shopping/load_payment_module.php] load_payment_module.php set payment data:Array
(
    [AccessID] => 83fe87857dc09398646d4dfbb334b5d7
    [AccessPass] => 6b207a535224aac3f8ed3b46812a65ef
    [OrderID] => 920331-26154046
    [Amount] => 5580
    [JobCd] => CAPTURE
    [action_status] => 1
    [pay_status] => 0
)
 from 180.190.35.224
2018/01/26 15:40:46 [/shop/shopping/load_payment_module.php] SendRequest:https://p01.mul-pay.jp/payment/ExecTran.idPass from 180.190.35.224
2018/01/26 15:40:46 [/shop/shopping/load_payment_module.php] Array
(
    [AccessID] => 83fe87857dc09398646d4dfbb334b5d7
    [AccessPass] => 6b207a535224aac3f8ed3b46812a65ef
    [OrderID] => 920331-26154046
    [Method] => 1
    [CardNo] => *************503
    [Expire] => 2005
    [ClientField1] => 
    [ClientField2] => 
    [ClientField3] => EC-CUBE4.1.5
    [ClientFieldFlag] => 1
)
 from 180.190.35.224
2018/01/26 15:40:47 [/shop/shopping/load_payment_module.php] ACS=0&OrderID=920331-26154046&Forward=2959876&Method=1&PayTimes=&Approve=0137752&TranID=1801261540602257210134134519&TranDate=20180126154047&CheckString=44c6926a2a1ece74861f7d9b23181ebc&ClientField1=&ClientField2=&ClientField3=EC-CUBE4.1.5 from 180.190.35.224
2018/01/26 15:40:47 [/shop/shopping/load_payment_module.php] Array
(
    [0] => Array
        (
            [ACS] => 0
            [OrderID] => 920331-26154046
            [Forward] => 2959876
            [Method] => 1
            [PayTimes] => 
            [Approve] => 0137752
            [TranID] => 1801261540602257210134134519
            [TranDate] => 20180126154047
            [CheckString] => 44c6926a2a1ece74861f7d9b23181ebc
            [ClientField1] => 
            [ClientField2] => 
            [ClientField3] => EC-CUBE4.1.5
        )

)
 from 180.190.35.224
2018/01/26 15:40:47 [/shop/shopping/load_payment_module.php] load_payment_module.php set payment data:Array
(
    [ACS] => 0
    [Forward] => 2959876
    [Method] => 1
    [PayTimes] => 
    [Approve] => 0137752
    [TranID] => 1801261540602257210134134519
    [TranDate] => 20180126154047
    [CheckString] => 44c6926a2a1ece74861f7d9b23181ebc
    [ClientField1] => 
    [ClientField2] => 
    [ClientField3] => EC-CUBE4.1.5
    [Amount] => 5580
    [JobCd] => CAPTURE
    [action_status] => 3
    [pay_status] => 13
)
 from 180.190.35.224
2018/01/26 15:55:36 [/shop/shopping/load_payment_module.php] SendRequest:https://p01.mul-pay.jp/payment/SearchMember.idPass from 76.173.235.62
2018/01/26 15:55:36 [/shop/shopping/load_payment_module.php] Array
(
    [SiteID] => mst0000007602
    [SitePass] => ******
    [MemberID] => 3360
)
 from 76.173.235.62
2018/01/26 15:55:36 [/shop/shopping/load_payment_module.php] ErrCode=E01&ErrInfo=E01390002 from 76.173.235.62
2018/01/26 15:55:36 [/shop/shopping/load_payment_module.php] Array
(
    [0] => Array
        (
            [ErrCode] => E01
            [ErrInfo] => E01390002
        )

)
 from 76.173.235.62
2018/01/26 15:55:36 [/shop/shopping/load_payment_module.php] SendRequest:https://p01.mul-pay.jp/payment/SearchCard.idPass from 76.173.235.62
2018/01/26 15:55:36 [/shop/shopping/load_payment_module.php] Array
(
    [SiteID] => mst0000007602
    [SitePass] => ******
    [MemberID] => 3360
)
 from 76.173.235.62
2018/01/26 15:55:36 [/shop/shopping/load_payment_module.php] ErrCode=E01|E01&ErrInfo=E01390002|E01240002 from 76.173.235.62
2018/01/26 15:55:36 [/shop/shopping/load_payment_module.php] Array
(
    [0] => Array
        (
            [ErrCode] => E01
            [ErrInfo] => E01390002
        )

    [1] => Array
        (
            [ErrCode] => E01
            [ErrInfo] => E01240002
        )

)
 from 76.173.235.62
2018/01/26 15:56:00 [/shop/shopping/load_payment_module.php] SendRequest:https://p01.mul-pay.jp/payment/SearchMember.idPass from 76.173.235.62
2018/01/26 15:56:00 [/shop/shopping/load_payment_module.php] Array
(
    [SiteID] => mst0000007602
    [SitePass] => ******
    [MemberID] => 3360
)
 from 76.173.235.62
2018/01/26 15:56:00 [/shop/shopping/load_payment_module.php] ErrCode=E01&ErrInfo=E01390002 from 76.173.235.62
2018/01/26 15:56:00 [/shop/shopping/load_payment_module.php] Array
(
    [0] => Array
        (
            [ErrCode] => E01
            [ErrInfo] => E01390002
        )

)
 from 76.173.235.62
2018/01/26 15:56:00 [/shop/shopping/load_payment_module.php] SendRequest:https://p01.mul-pay.jp/payment/SearchCard.idPass from 76.173.235.62
2018/01/26 15:56:00 [/shop/shopping/load_payment_module.php] Array
(
    [SiteID] => mst0000007602
    [SitePass] => ******
    [MemberID] => 3360
)
 from 76.173.235.62
2018/01/26 15:56:00 [/shop/shopping/load_payment_module.php] ErrCode=E01|E01&ErrInfo=E01390002|E01240002 from 76.173.235.62
2018/01/26 15:56:00 [/shop/shopping/load_payment_module.php] Array
(
    [0] => Array
        (
            [ErrCode] => E01
            [ErrInfo] => E01390002
        )

    [1] => Array
        (
            [ErrCode] => E01
            [ErrInfo] => E01240002
        )

)
 from 76.173.235.62
2018/01/26 15:56:00 [/shop/shopping/load_payment_module.php] SendRequest:https://p01.mul-pay.jp/payment/EntryTran.idPass from 76.173.235.62
2018/01/26 15:56:00 [/shop/shopping/load_payment_module.php] Array
(
    [ShopID] => 9000034600950
    [ShopPass] => ******
    [OrderID] => 920332-26155600
    [JobCd] => CAPTURE
    [Amount] => 5470
    [TdFlag] => 0
    [TdTenantName] => 
)
 from 76.173.235.62
2018/01/26 15:56:00 [/shop/shopping/load_payment_module.php] AccessID=636a5e990aafb3943a68d0ab6ae70d9a&AccessPass=e7d23d84a98fbd31903d16d81617266a from 76.173.235.62
2018/01/26 15:56:00 [/shop/shopping/load_payment_module.php] Array
(
    [0] => Array
        (
            [AccessID] => 636a5e990aafb3943a68d0ab6ae70d9a
            [AccessPass] => e7d23d84a98fbd31903d16d81617266a
        )

)
 from 76.173.235.62
2018/01/26 15:56:00 [/shop/shopping/load_payment_module.php] load_payment_module.php set payment data:Array
(
    [AccessID] => 636a5e990aafb3943a68d0ab6ae70d9a
    [AccessPass] => e7d23d84a98fbd31903d16d81617266a
    [OrderID] => 920332-26155600
    [Amount] => 5470
    [JobCd] => CAPTURE
    [action_status] => 1
    [pay_status] => 0
)
 from 76.173.235.62
2018/01/26 15:56:00 [/shop/shopping/load_payment_module.php] SendRequest:https://p01.mul-pay.jp/payment/ExecTran.idPass from 76.173.235.62
2018/01/26 15:56:00 [/shop/shopping/load_payment_module.php] Array
(
    [AccessID] => 636a5e990aafb3943a68d0ab6ae70d9a
    [AccessPass] => e7d23d84a98fbd31903d16d81617266a
    [OrderID] => 920332-26155600
    [Method] => 1
    [CardNo] => *************442
    [Expire] => 2003
    [ClientField1] => 
    [ClientField2] => 
    [ClientField3] => EC-CUBE4.1.5
    [ClientFieldFlag] => 1
)
 from 76.173.235.62
2018/01/26 15:56:01 [/shop/shopping/load_payment_module.php] ACS=0&OrderID=920332-26155600&Forward=2S49631&Method=1&PayTimes=&Approve=0012613&TranID=1801261556602257210134124512&TranDate=20180126155601&CheckString=806bf0b3b54f574e3174cc8be206a25b&ClientField1=&ClientField2=&ClientField3=EC-CUBE4.1.5 from 76.173.235.62
2018/01/26 15:56:01 [/shop/shopping/load_payment_module.php] Array
(
    [0] => Array
        (
            [ACS] => 0
            [OrderID] => 920332-26155600
            [Forward] => 2S49631
            [Method] => 1
            [PayTimes] => 
            [Approve] => 0012613
            [TranID] => 1801261556602257210134124512
            [TranDate] => 20180126155601
            [CheckString] => 806bf0b3b54f574e3174cc8be206a25b
            [ClientField1] => 
            [ClientField2] => 
            [ClientField3] => EC-CUBE4.1.5
        )

)
 from 76.173.235.62
2018/01/26 15:56:01 [/shop/shopping/load_payment_module.php] load_payment_module.php set payment data:Array
(
    [ACS] => 0
    [Forward] => 2S49631
    [Method] => 1
    [PayTimes] => 
    [Approve] => 0012613
    [TranID] => 1801261556602257210134124512
    [TranDate] => 20180126155601
    [CheckString] => 806bf0b3b54f574e3174cc8be206a25b
    [ClientField1] => 
    [ClientField2] => 
    [ClientField3] => EC-CUBE4.1.5
    [Amount] => 5470
    [JobCd] => CAPTURE
    [action_status] => 3
    [pay_status] => 13
)
 from 76.173.235.62
2018/01/26 16:02:24 [/shop/shopping/load_payment_module.php] SendRequest:https://p01.mul-pay.jp/payment/SearchMember.idPass from 185.221.69.10
2018/01/26 16:02:24 [/shop/shopping/load_payment_module.php] Array
(
    [SiteID] => mst0000007602
    [SitePass] => ******
    [MemberID] => 4125
)
 from 185.221.69.10
2018/01/26 16:02:24 [/shop/shopping/load_payment_module.php] ErrCode=E01&ErrInfo=E01390002 from 185.221.69.10
2018/01/26 16:02:24 [/shop/shopping/load_payment_module.php] Array
(
    [0] => Array
        (
            [ErrCode] => E01
            [ErrInfo] => E01390002
        )

)
 from 185.221.69.10
2018/01/26 16:02:24 [/shop/shopping/load_payment_module.php] SendRequest:https://p01.mul-pay.jp/payment/SearchCard.idPass from 185.221.69.10
2018/01/26 16:02:24 [/shop/shopping/load_payment_module.php] Array
(
    [SiteID] => mst0000007602
    [SitePass] => ******
    [MemberID] => 4125
)
 from 185.221.69.10
2018/01/26 16:02:25 [/shop/shopping/load_payment_module.php] ErrCode=E01|E01&ErrInfo=E01390002|E01240002 from 185.221.69.10
2018/01/26 16:02:25 [/shop/shopping/load_payment_module.php] Array
(
    [0] => Array
        (
            [ErrCode] => E01
            [ErrInfo] => E01390002
        )

    [1] => Array
        (
            [ErrCode] => E01
            [ErrInfo] => E01240002
        )

)
 from 185.221.69.10
2018/01/26 16:02:49 [/shop/shopping/load_payment_module.php] SendRequest:https://p01.mul-pay.jp/payment/SearchMember.idPass from 185.221.69.12
2018/01/26 16:02:49 [/shop/shopping/load_payment_module.php] Array
(
    [SiteID] => mst0000007602
    [SitePass] => ******
    [MemberID] => 4125
)
 from 185.221.69.12
2018/01/26 16:02:49 [/shop/shopping/load_payment_module.php] ErrCode=E01&ErrInfo=E01390002 from 185.221.69.12
2018/01/26 16:02:49 [/shop/shopping/load_payment_module.php] Array
(
    [0] => Array
        (
            [ErrCode] => E01
            [ErrInfo] => E01390002
        )

)
 from 185.221.69.12
2018/01/26 16:02:49 [/shop/shopping/load_payment_module.php] SendRequest:https://p01.mul-pay.jp/payment/SearchCard.idPass from 185.221.69.12
2018/01/26 16:02:49 [/shop/shopping/load_payment_module.php] Array
(
    [SiteID] => mst0000007602
    [SitePass] => ******
    [MemberID] => 4125
)
 from 185.221.69.12
2018/01/26 16:02:49 [/shop/shopping/load_payment_module.php] ErrCode=E01|E01&ErrInfo=E01390002|E01240002 from 185.221.69.12
2018/01/26 16:02:49 [/shop/shopping/load_payment_module.php] Array
(
    [0] => Array
        (
            [ErrCode] => E01
            [ErrInfo] => E01390002
        )

    [1] => Array
        (
            [ErrCode] => E01
            [ErrInfo] => E01240002
        )

)
 from 185.221.69.12
2018/01/26 16:02:49 [/shop/shopping/load_payment_module.php] SendRequest:https://p01.mul-pay.jp/payment/EntryTran.idPass from 185.221.69.12
2018/01/26 16:02:49 [/shop/shopping/load_payment_module.php] Array
(
    [ShopID] => 9000034600950
    [ShopPass] => ******
    [OrderID] => 920333-26160249
    [JobCd] => CAPTURE
    [Amount] => 3870
    [TdFlag] => 0
    [TdTenantName] => 
)
 from 185.221.69.12
2018/01/26 16:02:50 [/shop/shopping/load_payment_module.php] AccessID=4ad2aff20d0743eb99fa1493faa40aa7&AccessPass=267134f27e76e78b5a29caac610a501a from 185.221.69.12
2018/01/26 16:02:50 [/shop/shopping/load_payment_module.php] Array
(
    [0] => Array
        (
            [AccessID] => 4ad2aff20d0743eb99fa1493faa40aa7
            [AccessPass] => 267134f27e76e78b5a29caac610a501a
        )

)
 from 185.221.69.12
2018/01/26 16:02:50 [/shop/shopping/load_payment_module.php] load_payment_module.php set payment data:Array
(
    [AccessID] => 4ad2aff20d0743eb99fa1493faa40aa7
    [AccessPass] => 267134f27e76e78b5a29caac610a501a
    [OrderID] => 920333-26160249
    [Amount] => 3870
    [JobCd] => CAPTURE
    [action_status] => 1
    [pay_status] => 0
)
 from 185.221.69.12
2018/01/26 16:02:50 [/shop/shopping/load_payment_module.php] SendRequest:https://p01.mul-pay.jp/payment/ExecTran.idPass from 185.221.69.12
2018/01/26 16:02:50 [/shop/shopping/load_payment_module.php] Array
(
    [AccessID] => 4ad2aff20d0743eb99fa1493faa40aa7
    [AccessPass] => 267134f27e76e78b5a29caac610a501a
    [OrderID] => 920333-26160249
    [Method] => 1
    [CardNo] => *************582
    [Expire] => 2001
    [ClientField1] => 
    [ClientField2] => 
    [ClientField3] => EC-CUBE4.1.5
    [ClientFieldFlag] => 1
)
 from 185.221.69.12
2018/01/26 16:02:51 [/shop/admin/order/edit.php] edit.php set payment data:Array
(
    [no_update_status_flg] => 1
)
 from 153.142.16.212
2018/01/26 16:02:51 [/shop/admin/order/edit.php] SendRequest:https://p01.mul-pay.jp/payment/ChangeTran.idPass from 153.142.16.212
2018/01/26 16:02:51 [/shop/admin/order/edit.php] Array
(
    [ShopID] => 9000034600950
    [ShopPass] => ******
    [AccessID] => febea418c1ab5af4aba18c2f3567f041
    [AccessPass] => 009f8aac9736f8bd85b1cf1e5ab07347
    [JobCd] => CAPTURE
    [Amount] => 52302
)
 from 153.142.16.212
2018/01/26 16:02:52 [/shop/shopping/load_payment_module.php] ACS=0&OrderID=920333-26160249&Forward=2959876&Method=1&PayTimes=&Approve=0967852&TranID=1801261602602257210134134520&TranDate=20180126160251&CheckString=0f01cdb9030a4e0c3d5bc42fd3cdc14d&ClientField1=&ClientField2=&ClientField3=EC-CUBE4.1.5 from 185.221.69.12
2018/01/26 16:02:52 [/shop/shopping/load_payment_module.php] Array
(
    [0] => Array
        (
            [ACS] => 0
            [OrderID] => 920333-26160249
            [Forward] => 2959876
            [Method] => 1
            [PayTimes] => 
            [Approve] => 0967852
            [TranID] => 1801261602602257210134134520
            [TranDate] => 20180126160251
            [CheckString] => 0f01cdb9030a4e0c3d5bc42fd3cdc14d
            [ClientField1] => 
            [ClientField2] => 
            [ClientField3] => EC-CUBE4.1.5
        )

)
 from 185.221.69.12
2018/01/26 16:02:52 [/shop/shopping/load_payment_module.php] load_payment_module.php set payment data:Array
(
    [ACS] => 0
    [Forward] => 2959876
    [Method] => 1
    [PayTimes] => 
    [Approve] => 0967852
    [TranID] => 1801261602602257210134134520
    [TranDate] => 20180126160251
    [CheckString] => 0f01cdb9030a4e0c3d5bc42fd3cdc14d
    [ClientField1] => 
    [ClientField2] => 
    [ClientField3] => EC-CUBE4.1.5
    [Amount] => 3870
    [JobCd] => CAPTURE
    [action_status] => 3
    [pay_status] => 13
)
 from 185.221.69.12
2018/01/26 16:02:53 [/shop/admin/order/edit.php] AccessID=febea418c1ab5af4aba18c2f3567f041&AccessPass=009f8aac9736f8bd85b1cf1e5ab07347&Forward=2S49631&Approve=0006644&TranID=1801261602602257210134124514&TranDate=20180126160252 from 153.142.16.212
2018/01/26 16:02:53 [/shop/admin/order/edit.php] Array
(
    [0] => Array
        (
            [AccessID] => febea418c1ab5af4aba18c2f3567f041
            [AccessPass] => 009f8aac9736f8bd85b1cf1e5ab07347
            [Forward] => 2S49631
            [Approve] => 0006644
            [TranID] => 1801261602602257210134124514
            [TranDate] => 20180126160252
        )

)
 from 153.142.16.212
2018/01/26 16:02:53 [/shop/admin/order/edit.php] edit.php set payment data:Array
(
    [AccessID] => febea418c1ab5af4aba18c2f3567f041
    [AccessPass] => 009f8aac9736f8bd85b1cf1e5ab07347
    [Forward] => 2S49631
    [Approve] => 0006644
    [TranID] => 1801261602602257210134124514
    [TranDate] => 20180126160252
    [action_status] => 6
    [pay_status] => 13
    [JobCd] => CAPTURE
    [Amount] => 52302
)
 from 153.142.16.212
2018/01/26 16:04:52 [/shop/shopping/load_payment_module.php] SendRequest:https://p01.mul-pay.jp/payment/EntryTran.idPass from 192.50.24.38
2018/01/26 16:04:52 [/shop/shopping/load_payment_module.php] Array
(
    [ShopID] => 9000034600950
    [ShopPass] => ******
    [OrderID] => 920334-26160452
    [JobCd] => CAPTURE
    [Amount] => 18920
    [TdFlag] => 0
    [TdTenantName] => 
)
 from 192.50.24.38
2018/01/26 16:04:52 [/shop/shopping/load_payment_module.php] AccessID=003871a7320e64a307c207497983a853&AccessPass=3b104507c5a8cb40a27c1a32ade5cb5c from 192.50.24.38
2018/01/26 16:04:52 [/shop/shopping/load_payment_module.php] Array
(
    [0] => Array
        (
            [AccessID] => 003871a7320e64a307c207497983a853
            [AccessPass] => 3b104507c5a8cb40a27c1a32ade5cb5c
        )

)
 from 192.50.24.38
2018/01/26 16:04:52 [/shop/shopping/load_payment_module.php] load_payment_module.php set payment data:Array
(
    [AccessID] => 003871a7320e64a307c207497983a853
    [AccessPass] => 3b104507c5a8cb40a27c1a32ade5cb5c
    [OrderID] => 920334-26160452
    [Amount] => 18920
    [JobCd] => CAPTURE
    [action_status] => 1
    [pay_status] => 0
)
 from 192.50.24.38
2018/01/26 16:04:52 [/shop/shopping/load_payment_module.php] SendRequest:https://p01.mul-pay.jp/payment/ExecTran.idPass from 192.50.24.38
2018/01/26 16:04:52 [/shop/shopping/load_payment_module.php] Array
(
    [AccessID] => 003871a7320e64a307c207497983a853
    [AccessPass] => 3b104507c5a8cb40a27c1a32ade5cb5c
    [OrderID] => 920334-26160452
    [Method] => 1
    [CardNo] => *************416
    [Expire] => 1912
    [ClientField1] => 
    [ClientField2] => 
    [ClientField3] => EC-CUBE4.1.5
    [ClientFieldFlag] => 1
)
 from 192.50.24.38
2018/01/26 16:04:54 [/shop/shopping/load_payment_module.php] ACS=0&OrderID=920334-26160452&Forward=2959876&Method=1&PayTimes=&Approve=0356712&TranID=1801261604602257210134124515&TranDate=20180126160453&CheckString=e37b3418cb7622d46deecb1335885be9&ClientField1=&ClientField2=&ClientField3=EC-CUBE4.1.5 from 192.50.24.38
2018/01/26 16:04:54 [/shop/shopping/load_payment_module.php] Array
(
    [0] => Array
        (
            [ACS] => 0
            [OrderID] => 920334-26160452
            [Forward] => 2959876
            [Method] => 1
            [PayTimes] => 
            [Approve] => 0356712
            [TranID] => 1801261604602257210134124515
            [TranDate] => 20180126160453
            [CheckString] => e37b3418cb7622d46deecb1335885be9
            [ClientField1] => 
            [ClientField2] => 
            [ClientField3] => EC-CUBE4.1.5
        )

)
 from 192.50.24.38
2018/01/26 16:04:54 [/shop/shopping/load_payment_module.php] load_payment_module.php set payment data:Array
(
    [ACS] => 0
    [Forward] => 2959876
    [Method] => 1
    [PayTimes] => 
    [Approve] => 0356712
    [TranID] => 1801261604602257210134124515
    [TranDate] => 20180126160453
    [CheckString] => e37b3418cb7622d46deecb1335885be9
    [ClientField1] => 
    [ClientField2] => 
    [ClientField3] => EC-CUBE4.1.5
    [Amount] => 18920
    [JobCd] => CAPTURE
    [action_status] => 3
    [pay_status] => 13
)
 from 192.50.24.38
2018/01/26 17:53:17 [/shop/shopping/load_payment_module.php] SendRequest:https://p01.mul-pay.jp/payment/EntryTran.idPass from 1.115.197.215
2018/01/26 17:53:17 [/shop/shopping/load_payment_module.php] Array
(
    [ShopID] => 9000034600950
    [ShopPass] => ******
    [OrderID] => 920335-26175317
    [JobCd] => CAPTURE
    [Amount] => 450
    [TdFlag] => 0
    [TdTenantName] => 
)
 from 1.115.197.215
2018/01/26 17:53:17 [/shop/shopping/load_payment_module.php] AccessID=f5c360e599f3f7eb2c108df46d77b33a&AccessPass=808f9d3879aa8b998dc96b5a3b5c4d14 from 1.115.197.215
2018/01/26 17:53:17 [/shop/shopping/load_payment_module.php] Array
(
    [0] => Array
        (
            [AccessID] => f5c360e599f3f7eb2c108df46d77b33a
            [AccessPass] => 808f9d3879aa8b998dc96b5a3b5c4d14
        )

)
 from 1.115.197.215
2018/01/26 17:53:17 [/shop/shopping/load_payment_module.php] load_payment_module.php set payment data:Array
(
    [AccessID] => f5c360e599f3f7eb2c108df46d77b33a
    [AccessPass] => 808f9d3879aa8b998dc96b5a3b5c4d14
    [OrderID] => 920335-26175317
    [Amount] => 450
    [JobCd] => CAPTURE
    [action_status] => 1
    [pay_status] => 0
)
 from 1.115.197.215
2018/01/26 17:53:17 [/shop/shopping/load_payment_module.php] SendRequest:https://p01.mul-pay.jp/payment/ExecTran.idPass from 1.115.197.215
2018/01/26 17:53:17 [/shop/shopping/load_payment_module.php] Array
(
    [AccessID] => f5c360e599f3f7eb2c108df46d77b33a
    [AccessPass] => 808f9d3879aa8b998dc96b5a3b5c4d14
    [OrderID] => 920335-26175317
    [Method] => 1
    [CardNo] => *************007
    [Expire] => 2106
    [ClientField1] => 
    [ClientField2] => 
    [ClientField3] => EC-CUBE4.1.5
    [ClientFieldFlag] => 1
)
 from 1.115.197.215
2018/01/26 17:53:18 [/shop/shopping/load_payment_module.php] ACS=0&OrderID=920335-26175317&Forward=2a99661&Method=1&PayTimes=&Approve=0000053&TranID=1801261753602257210134114367&TranDate=20180126175318&CheckString=c407daa183d01574ac809c26fbff9ac3&ClientField1=&ClientField2=&ClientField3=EC-CUBE4.1.5 from 1.115.197.215
2018/01/26 17:53:18 [/shop/shopping/load_payment_module.php] Array
(
    [0] => Array
        (
            [ACS] => 0
            [OrderID] => 920335-26175317
            [Forward] => 2a99661
            [Method] => 1
            [PayTimes] => 
            [Approve] => 0000053
            [TranID] => 1801261753602257210134114367
            [TranDate] => 20180126175318
            [CheckString] => c407daa183d01574ac809c26fbff9ac3
            [ClientField1] => 
            [ClientField2] => 
            [ClientField3] => EC-CUBE4.1.5
        )

)
 from 1.115.197.215
2018/01/26 17:53:18 [/shop/shopping/load_payment_module.php] load_payment_module.php set payment data:Array
(
    [ACS] => 0
    [Forward] => 2a99661
    [Method] => 1
    [PayTimes] => 
    [Approve] => 0000053
    [TranID] => 1801261753602257210134114367
    [TranDate] => 20180126175318
    [CheckString] => c407daa183d01574ac809c26fbff9ac3
    [ClientField1] => 
    [ClientField2] => 
    [ClientField3] => EC-CUBE4.1.5
    [Amount] => 450
    [JobCd] => CAPTURE
    [action_status] => 3
    [pay_status] => 13
)
 from 1.115.197.215
2018/01/26 18:32:43 [/shop/shopping/load_payment_module.php] SendRequest:https://p01.mul-pay.jp/payment/EntryTran.idPass from 203.198.125.107
2018/01/26 18:32:43 [/shop/shopping/load_payment_module.php] Array
(
    [ShopID] => 9000034600950
    [ShopPass] => ******
    [OrderID] => 920336-26183243
    [JobCd] => CAPTURE
    [Amount] => 10960
    [TdFlag] => 0
    [TdTenantName] => 
)
 from 203.198.125.107
2018/01/26 18:32:43 [/shop/shopping/load_payment_module.php] AccessID=e9775b84382b20934c20ef92e3256c32&AccessPass=305f41a371de68c2f9ff9e70b51a6677 from 203.198.125.107
2018/01/26 18:32:43 [/shop/shopping/load_payment_module.php] Array
(
    [0] => Array
        (
            [AccessID] => e9775b84382b20934c20ef92e3256c32
            [AccessPass] => 305f41a371de68c2f9ff9e70b51a6677
        )

)
 from 203.198.125.107
2018/01/26 18:32:43 [/shop/shopping/load_payment_module.php] load_payment_module.php set payment data:Array
(
    [AccessID] => e9775b84382b20934c20ef92e3256c32
    [AccessPass] => 305f41a371de68c2f9ff9e70b51a6677
    [OrderID] => 920336-26183243
    [Amount] => 10960
    [JobCd] => CAPTURE
    [action_status] => 1
    [pay_status] => 0
)
 from 203.198.125.107
2018/01/26 18:32:43 [/shop/shopping/load_payment_module.php] SendRequest:https://p01.mul-pay.jp/payment/ExecTran.idPass from 203.198.125.107
2018/01/26 18:32:43 [/shop/shopping/load_payment_module.php] Array
(
    [AccessID] => e9775b84382b20934c20ef92e3256c32
    [AccessPass] => 305f41a371de68c2f9ff9e70b51a6677
    [OrderID] => 920336-26183243
    [Method] => 1
    [CardNo] => *************212
    [Expire] => 2104
    [ClientField1] => 
    [ClientField2] => 
    [ClientField3] => EC-CUBE4.1.5
    [ClientFieldFlag] => 1
)
 from 203.198.125.107
2018/01/26 18:32:47 [/shop/shopping/load_payment_module.php] ACS=0&OrderID=920336-26183243&Forward=2S49631&Method=1&PayTimes=&Approve=0006149&TranID=1801261832602257210134134521&TranDate=20180126183247&CheckString=6e292e84af338ad93561e18c2a86cbe7&ClientField1=&ClientField2=&ClientField3=EC-CUBE4.1.5 from 203.198.125.107
2018/01/26 18:32:47 [/shop/shopping/load_payment_module.php] Array
(
    [0] => Array
        (
            [ACS] => 0
            [OrderID] => 920336-26183243
            [Forward] => 2S49631
            [Method] => 1
            [PayTimes] => 
            [Approve] => 0006149
            [TranID] => 1801261832602257210134134521
            [TranDate] => 20180126183247
            [CheckString] => 6e292e84af338ad93561e18c2a86cbe7
            [ClientField1] => 
            [ClientField2] => 
            [ClientField3] => EC-CUBE4.1.5
        )

)
 from 203.198.125.107
2018/01/26 18:32:47 [/shop/shopping/load_payment_module.php] load_payment_module.php set payment data:Array
(
    [ACS] => 0
    [Forward] => 2S49631
    [Method] => 1
    [PayTimes] => 
    [Approve] => 0006149
    [TranID] => 1801261832602257210134134521
    [TranDate] => 20180126183247
    [CheckString] => 6e292e84af338ad93561e18c2a86cbe7
    [ClientField1] => 
    [ClientField2] => 
    [ClientField3] => EC-CUBE4.1.5
    [Amount] => 10960
    [JobCd] => CAPTURE
    [action_status] => 3
    [pay_status] => 13
)
 from 203.198.125.107
2018/01/26 20:29:38 [/shop/shopping/load_payment_module.php] SendRequest:https://p01.mul-pay.jp/payment/EntryTran.idPass from 126.177.160.74
2018/01/26 20:29:38 [/shop/shopping/load_payment_module.php] Array
(
    [ShopID] => 9000034600950
    [ShopPass] => ******
    [OrderID] => 920337-26202938
    [JobCd] => CAPTURE
    [Amount] => 9870
    [TdFlag] => 0
    [TdTenantName] => 
)
 from 126.177.160.74
2018/01/26 20:29:38 [/shop/shopping/load_payment_module.php] AccessID=e1e14eab8873c8a6e5a9487f99226ec0&AccessPass=23c1656a50d230a5d62373c957efb3e5 from 126.177.160.74
2018/01/26 20:29:38 [/shop/shopping/load_payment_module.php] Array
(
    [0] => Array
        (
            [AccessID] => e1e14eab8873c8a6e5a9487f99226ec0
            [AccessPass] => 23c1656a50d230a5d62373c957efb3e5
        )

)
 from 126.177.160.74
2018/01/26 20:29:38 [/shop/shopping/load_payment_module.php] load_payment_module.php set payment data:Array
(
    [AccessID] => e1e14eab8873c8a6e5a9487f99226ec0
    [AccessPass] => 23c1656a50d230a5d62373c957efb3e5
    [OrderID] => 920337-26202938
    [Amount] => 9870
    [JobCd] => CAPTURE
    [action_status] => 1
    [pay_status] => 0
)
 from 126.177.160.74
2018/01/26 20:29:38 [/shop/shopping/load_payment_module.php] SendRequest:https://p01.mul-pay.jp/payment/ExecTran.idPass from 126.177.160.74
2018/01/26 20:29:38 [/shop/shopping/load_payment_module.php] Array
(
    [AccessID] => e1e14eab8873c8a6e5a9487f99226ec0
    [AccessPass] => 23c1656a50d230a5d62373c957efb3e5
    [OrderID] => 920337-26202938
    [Method] => 1
    [CardNo] => *************003
    [Expire] => 1810
    [ClientField1] => 
    [ClientField2] => 
    [ClientField3] => EC-CUBE4.1.5
    [ClientFieldFlag] => 1
)
 from 126.177.160.74
2018/01/26 20:29:39 [/shop/shopping/load_payment_module.php] ACS=0&OrderID=920337-26202938&Forward=2a99661&Method=1&PayTimes=&Approve=0000012&TranID=1801262029602257210134134522&TranDate=20180126202939&CheckString=2d25642bf6d97f7d1d56cc176509a2d3&ClientField1=&ClientField2=&ClientField3=EC-CUBE4.1.5 from 126.177.160.74
2018/01/26 20:29:39 [/shop/shopping/load_payment_module.php] Array
(
    [0] => Array
        (
            [ACS] => 0
            [OrderID] => 920337-26202938
            [Forward] => 2a99661
            [Method] => 1
            [PayTimes] => 
            [Approve] => 0000012
            [TranID] => 1801262029602257210134134522
            [TranDate] => 20180126202939
            [CheckString] => 2d25642bf6d97f7d1d56cc176509a2d3
            [ClientField1] => 
            [ClientField2] => 
            [ClientField3] => EC-CUBE4.1.5
        )

)
 from 126.177.160.74
2018/01/26 20:29:39 [/shop/shopping/load_payment_module.php] load_payment_module.php set payment data:Array
(
    [ACS] => 0
    [Forward] => 2a99661
    [Method] => 1
    [PayTimes] => 
    [Approve] => 0000012
    [TranID] => 1801262029602257210134134522
    [TranDate] => 20180126202939
    [CheckString] => 2d25642bf6d97f7d1d56cc176509a2d3
    [ClientField1] => 
    [ClientField2] => 
    [ClientField3] => EC-CUBE4.1.5
    [Amount] => 9870
    [JobCd] => CAPTURE
    [action_status] => 3
    [pay_status] => 13
)
 from 126.177.160.74
2018/01/26 20:51:44 [/shop/shopping/load_payment_module.php] SendRequest:https://p01.mul-pay.jp/payment/EntryTran.idPass from 124.83.118.31
2018/01/26 20:51:44 [/shop/shopping/load_payment_module.php] Array
(
    [ShopID] => 9000034600950
    [ShopPass] => ******
    [OrderID] => 920338-26205144
    [JobCd] => CAPTURE
    [Amount] => 11370
    [TdFlag] => 0
    [TdTenantName] => 
)
 from 124.83.118.31
2018/01/26 20:51:44 [/shop/shopping/load_payment_module.php] AccessID=ebde371c9a48969fa15a1a9b2d5dbb23&AccessPass=56fbc4b90f38f1ad879c056a7cf36ff8 from 124.83.118.31
2018/01/26 20:51:44 [/shop/shopping/load_payment_module.php] Array
(
    [0] => Array
        (
            [AccessID] => ebde371c9a48969fa15a1a9b2d5dbb23
            [AccessPass] => 56fbc4b90f38f1ad879c056a7cf36ff8
        )

)
 from 124.83.118.31
2018/01/26 20:51:44 [/shop/shopping/load_payment_module.php] load_payment_module.php set payment data:Array
(
    [AccessID] => ebde371c9a48969fa15a1a9b2d5dbb23
    [AccessPass] => 56fbc4b90f38f1ad879c056a7cf36ff8
    [OrderID] => 920338-26205144
    [Amount] => 11370
    [JobCd] => CAPTURE
    [action_status] => 1
    [pay_status] => 0
)
 from 124.83.118.31
2018/01/26 20:51:44 [/shop/shopping/load_payment_module.php] SendRequest:https://p01.mul-pay.jp/payment/ExecTran.idPass from 124.83.118.31
2018/01/26 20:51:44 [/shop/shopping/load_payment_module.php] Array
(
    [AccessID] => ebde371c9a48969fa15a1a9b2d5dbb23
    [AccessPass] => 56fbc4b90f38f1ad879c056a7cf36ff8
    [OrderID] => 920338-26205144
    [Method] => 1
    [CardNo] => *************405
    [Expire] => 2111
    [ClientField1] => 
    [ClientField2] => 
    [ClientField3] => EC-CUBE4.1.5
    [ClientFieldFlag] => 1
)
 from 124.83.118.31
2018/01/26 20:51:46 [/shop/shopping/load_payment_module.php] ACS=0&OrderID=920338-26205144&Forward=2959876&Method=1&PayTimes=&Approve=0998625&TranID=1801262051602257210134124516&TranDate=20180126205145&CheckString=a473e59061c21a5b34bc427aabffef34&ClientField1=&ClientField2=&ClientField3=EC-CUBE4.1.5 from 124.83.118.31
2018/01/26 20:51:46 [/shop/shopping/load_payment_module.php] Array
(
    [0] => Array
        (
            [ACS] => 0
            [OrderID] => 920338-26205144
            [Forward] => 2959876
            [Method] => 1
            [PayTimes] => 
            [Approve] => 0998625
            [TranID] => 1801262051602257210134124516
            [TranDate] => 20180126205145
            [CheckString] => a473e59061c21a5b34bc427aabffef34
            [ClientField1] => 
            [ClientField2] => 
            [ClientField3] => EC-CUBE4.1.5
        )

)
 from 124.83.118.31
2018/01/26 20:51:46 [/shop/shopping/load_payment_module.php] load_payment_module.php set payment data:Array
(
    [ACS] => 0
    [Forward] => 2959876
    [Method] => 1
    [PayTimes] => 
    [Approve] => 0998625
    [TranID] => 1801262051602257210134124516
    [TranDate] => 20180126205145
    [CheckString] => a473e59061c21a5b34bc427aabffef34
    [ClientField1] => 
    [ClientField2] => 
    [ClientField3] => EC-CUBE4.1.5
    [Amount] => 11370
    [JobCd] => CAPTURE
    [action_status] => 3
    [pay_status] => 13
)
 from 124.83.118.31
2018/01/26 21:42:02 [/shop/shopping/load_payment_module.php] SendRequest:https://p01.mul-pay.jp/payment/SearchMember.idPass from 42.2.82.53
2018/01/26 21:42:02 [/shop/shopping/load_payment_module.php] Array
(
    [SiteID] => mst0000007602
    [SitePass] => ******
    [MemberID] => 2150
)
 from 42.2.82.53
2018/01/26 21:42:02 [/shop/shopping/load_payment_module.php] ErrCode=E01&ErrInfo=E01390002 from 42.2.82.53
2018/01/26 21:42:02 [/shop/shopping/load_payment_module.php] Array
(
    [0] => Array
        (
            [ErrCode] => E01
            [ErrInfo] => E01390002
        )

)
 from 42.2.82.53
2018/01/26 21:42:02 [/shop/shopping/load_payment_module.php] SendRequest:https://p01.mul-pay.jp/payment/SearchCard.idPass from 42.2.82.53
2018/01/26 21:42:02 [/shop/shopping/load_payment_module.php] Array
(
    [SiteID] => mst0000007602
    [SitePass] => ******
    [MemberID] => 2150
)
 from 42.2.82.53
2018/01/26 21:42:02 [/shop/shopping/load_payment_module.php] ErrCode=E01|E01&ErrInfo=E01390002|E01240002 from 42.2.82.53
2018/01/26 21:42:02 [/shop/shopping/load_payment_module.php] Array
(
    [0] => Array
        (
            [ErrCode] => E01
            [ErrInfo] => E01390002
        )

    [1] => Array
        (
            [ErrCode] => E01
            [ErrInfo] => E01240002
        )

)
 from 42.2.82.53
2018/01/26 21:42:19 [/shop/shopping/load_payment_module.php] SendRequest:https://p01.mul-pay.jp/payment/SearchMember.idPass from 211.132.59.225
2018/01/26 21:42:19 [/shop/shopping/load_payment_module.php] Array
(
    [SiteID] => mst0000007602
    [SitePass] => ******
    [MemberID] => 6246
)
 from 211.132.59.225
2018/01/26 21:42:19 [/shop/shopping/load_payment_module.php] ErrCode=E01&ErrInfo=E01390002 from 211.132.59.225
2018/01/26 21:42:19 [/shop/shopping/load_payment_module.php] Array
(
    [0] => Array
        (
            [ErrCode] => E01
            [ErrInfo] => E01390002
        )

)
 from 211.132.59.225
2018/01/26 21:42:19 [/shop/shopping/load_payment_module.php] SendRequest:https://p01.mul-pay.jp/payment/SearchCard.idPass from 211.132.59.225
2018/01/26 21:42:19 [/shop/shopping/load_payment_module.php] Array
(
    [SiteID] => mst0000007602
    [SitePass] => ******
    [MemberID] => 6246
)
 from 211.132.59.225
2018/01/26 21:42:19 [/shop/shopping/load_payment_module.php] ErrCode=E01|E01&ErrInfo=E01390002|E01240002 from 211.132.59.225
2018/01/26 21:42:19 [/shop/shopping/load_payment_module.php] Array
(
    [0] => Array
        (
            [ErrCode] => E01
            [ErrInfo] => E01390002
        )

    [1] => Array
        (
            [ErrCode] => E01
            [ErrInfo] => E01240002
        )

)
 from 211.132.59.225
2018/01/26 21:43:34 [/shop/shopping/load_payment_module.php] SendRequest:https://p01.mul-pay.jp/payment/SearchMember.idPass from 42.2.82.53
2018/01/26 21:43:34 [/shop/shopping/load_payment_module.php] Array
(
    [SiteID] => mst0000007602
    [SitePass] => ******
    [MemberID] => 2150
)
 from 42.2.82.53
2018/01/26 21:43:34 [/shop/shopping/load_payment_module.php] ErrCode=E01&ErrInfo=E01390002 from 42.2.82.53
2018/01/26 21:43:34 [/shop/shopping/load_payment_module.php] Array
(
    [0] => Array
        (
            [ErrCode] => E01
            [ErrInfo] => E01390002
        )

)
 from 42.2.82.53
2018/01/26 21:43:34 [/shop/shopping/load_payment_module.php] SendRequest:https://p01.mul-pay.jp/payment/SearchCard.idPass from 42.2.82.53
2018/01/26 21:43:34 [/shop/shopping/load_payment_module.php] Array
(
    [SiteID] => mst0000007602
    [SitePass] => ******
    [MemberID] => 2150
)
 from 42.2.82.53
2018/01/26 21:43:34 [/shop/shopping/load_payment_module.php] ErrCode=E01|E01&ErrInfo=E01390002|E01240002 from 42.2.82.53
2018/01/26 21:43:34 [/shop/shopping/load_payment_module.php] Array
(
    [0] => Array
        (
            [ErrCode] => E01
            [ErrInfo] => E01390002
        )

    [1] => Array
        (
            [ErrCode] => E01
            [ErrInfo] => E01240002
        )

)
 from 42.2.82.53
2018/01/26 21:43:34 [/shop/shopping/load_payment_module.php] SendRequest:https://p01.mul-pay.jp/payment/EntryTran.idPass from 42.2.82.53
2018/01/26 21:43:34 [/shop/shopping/load_payment_module.php] Array
(
    [ShopID] => 9000034600950
    [ShopPass] => ******
    [OrderID] => 920339-26214334
    [JobCd] => CAPTURE
    [Amount] => 3870
    [TdFlag] => 0
    [TdTenantName] => 
)
 from 42.2.82.53
2018/01/26 21:43:34 [/shop/shopping/load_payment_module.php] AccessID=0af96af6074494ecd742ddb75e35d12b&AccessPass=f811e1be218b903f03c4309c4b60d9d7 from 42.2.82.53
2018/01/26 21:43:34 [/shop/shopping/load_payment_module.php] Array
(
    [0] => Array
        (
            [AccessID] => 0af96af6074494ecd742ddb75e35d12b
            [AccessPass] => f811e1be218b903f03c4309c4b60d9d7
        )

)
 from 42.2.82.53
2018/01/26 21:43:34 [/shop/shopping/load_payment_module.php] load_payment_module.php set payment data:Array
(
    [AccessID] => 0af96af6074494ecd742ddb75e35d12b
    [AccessPass] => f811e1be218b903f03c4309c4b60d9d7
    [OrderID] => 920339-26214334
    [Amount] => 3870
    [JobCd] => CAPTURE
    [action_status] => 1
    [pay_status] => 0
)
 from 42.2.82.53
2018/01/26 21:43:34 [/shop/shopping/load_payment_module.php] SendRequest:https://p01.mul-pay.jp/payment/ExecTran.idPass from 42.2.82.53
2018/01/26 21:43:34 [/shop/shopping/load_payment_module.php] Array
(
    [AccessID] => 0af96af6074494ecd742ddb75e35d12b
    [AccessPass] => f811e1be218b903f03c4309c4b60d9d7
    [OrderID] => 920339-26214334
    [Method] => 1
    [CardNo] => *************794
    [Expire] => 2101
    [ClientField1] => 
    [ClientField2] => 
    [ClientField3] => EC-CUBE4.1.5
    [ClientFieldFlag] => 1
)
 from 42.2.82.53
2018/01/26 21:43:35 [/shop/shopping/load_payment_module.php] ACS=0&OrderID=920339-26214334&Forward=2S49631&Method=1&PayTimes=&Approve=0107701&TranID=1801262143602257210134124517&TranDate=20180126214335&CheckString=444d73242936be654ee1dc5eecd73da9&ClientField1=&ClientField2=&ClientField3=EC-CUBE4.1.5 from 42.2.82.53
2018/01/26 21:43:35 [/shop/shopping/load_payment_module.php] Array
(
    [0] => Array
        (
            [ACS] => 0
            [OrderID] => 920339-26214334
            [Forward] => 2S49631
            [Method] => 1
            [PayTimes] => 
            [Approve] => 0107701
            [TranID] => 1801262143602257210134124517
            [TranDate] => 20180126214335
            [CheckString] => 444d73242936be654ee1dc5eecd73da9
            [ClientField1] => 
            [ClientField2] => 
            [ClientField3] => EC-CUBE4.1.5
        )

)
 from 42.2.82.53
2018/01/26 21:43:35 [/shop/shopping/load_payment_module.php] load_payment_module.php set payment data:Array
(
    [ACS] => 0
    [Forward] => 2S49631
    [Method] => 1
    [PayTimes] => 
    [Approve] => 0107701
    [TranID] => 1801262143602257210134124517
    [TranDate] => 20180126214335
    [CheckString] => 444d73242936be654ee1dc5eecd73da9
    [ClientField1] => 
    [ClientField2] => 
    [ClientField3] => EC-CUBE4.1.5
    [Amount] => 3870
    [JobCd] => CAPTURE
    [action_status] => 3
    [pay_status] => 13
)
 from 42.2.82.53
2018/01/26 21:43:46 [/shop/shopping/load_payment_module.php] SendRequest:https://p01.mul-pay.jp/payment/SearchMember.idPass from 211.132.59.225
2018/01/26 21:43:46 [/shop/shopping/load_payment_module.php] Array
(
    [SiteID] => mst0000007602
    [SitePass] => ******
    [MemberID] => 6246
)
 from 211.132.59.225
2018/01/26 21:43:47 [/shop/shopping/load_payment_module.php] ErrCode=E01&ErrInfo=E01390002 from 211.132.59.225
2018/01/26 21:43:47 [/shop/shopping/load_payment_module.php] Array
(
    [0] => Array
        (
            [ErrCode] => E01
            [ErrInfo] => E01390002
        )

)
 from 211.132.59.225
2018/01/26 21:43:47 [/shop/shopping/load_payment_module.php] SendRequest:https://p01.mul-pay.jp/payment/SearchCard.idPass from 211.132.59.225
2018/01/26 21:43:47 [/shop/shopping/load_payment_module.php] Array
(
    [SiteID] => mst0000007602
    [SitePass] => ******
    [MemberID] => 6246
)
 from 211.132.59.225
2018/01/26 21:43:47 [/shop/shopping/load_payment_module.php] ErrCode=E01|E01&ErrInfo=E01390002|E01240002 from 211.132.59.225
2018/01/26 21:43:47 [/shop/shopping/load_payment_module.php] Array
(
    [0] => Array
        (
            [ErrCode] => E01
            [ErrInfo] => E01390002
        )

    [1] => Array
        (
            [ErrCode] => E01
            [ErrInfo] => E01240002
        )

)
 from 211.132.59.225
2018/01/26 21:43:47 [/shop/shopping/load_payment_module.php] SendRequest:https://p01.mul-pay.jp/payment/EntryTran.idPass from 211.132.59.225
2018/01/26 21:43:47 [/shop/shopping/load_payment_module.php] Array
(
    [ShopID] => 9000034600950
    [ShopPass] => ******
    [OrderID] => 920340-26214347
    [JobCd] => CAPTURE
    [Amount] => 2966
    [TdFlag] => 0
    [TdTenantName] => 
)
 from 211.132.59.225
2018/01/26 21:43:47 [/shop/shopping/load_payment_module.php] AccessID=17cc8818229fc6f079db72ad58d313dd&AccessPass=54ead7fe92e69687ea441c2d1efbb9b0 from 211.132.59.225
2018/01/26 21:43:47 [/shop/shopping/load_payment_module.php] Array
(
    [0] => Array
        (
            [AccessID] => 17cc8818229fc6f079db72ad58d313dd
            [AccessPass] => 54ead7fe92e69687ea441c2d1efbb9b0
        )

)
 from 211.132.59.225
2018/01/26 21:43:47 [/shop/shopping/load_payment_module.php] load_payment_module.php set payment data:Array
(
    [AccessID] => 17cc8818229fc6f079db72ad58d313dd
    [AccessPass] => 54ead7fe92e69687ea441c2d1efbb9b0
    [OrderID] => 920340-26214347
    [Amount] => 2966
    [JobCd] => CAPTURE
    [action_status] => 1
    [pay_status] => 0
)
 from 211.132.59.225
2018/01/26 21:43:47 [/shop/shopping/load_payment_module.php] SendRequest:https://p01.mul-pay.jp/payment/ExecTran.idPass from 211.132.59.225
2018/01/26 21:43:47 [/shop/shopping/load_payment_module.php] Array
(
    [AccessID] => 17cc8818229fc6f079db72ad58d313dd
    [AccessPass] => 54ead7fe92e69687ea441c2d1efbb9b0
    [OrderID] => 920340-26214347
    [Method] => 1
    [CardNo] => *************541
    [Expire] => 2005
    [ClientField1] => 
    [ClientField2] => 
    [ClientField3] => EC-CUBE4.1.5
    [ClientFieldFlag] => 1
)
 from 211.132.59.225
2018/01/26 21:43:48 [/shop/shopping/load_payment_module.php] ACS=0&OrderID=920340-26214347&Forward=2S49631&Method=1&PayTimes=&Approve=0004343&TranID=1801262143602257210134124518&TranDate=20180126214348&CheckString=ce2a838fda3fbf6088df868ab786df65&ClientField1=&ClientField2=&ClientField3=EC-CUBE4.1.5 from 211.132.59.225
2018/01/26 21:43:48 [/shop/shopping/load_payment_module.php] Array
(
    [0] => Array
        (
            [ACS] => 0
            [OrderID] => 920340-26214347
            [Forward] => 2S49631
            [Method] => 1
            [PayTimes] => 
            [Approve] => 0004343
            [TranID] => 1801262143602257210134124518
            [TranDate] => 20180126214348
            [CheckString] => ce2a838fda3fbf6088df868ab786df65
            [ClientField1] => 
            [ClientField2] => 
            [ClientField3] => EC-CUBE4.1.5
        )

)
 from 211.132.59.225
2018/01/26 21:43:48 [/shop/shopping/load_payment_module.php] load_payment_module.php set payment data:Array
(
    [ACS] => 0
    [Forward] => 2S49631
    [Method] => 1
    [PayTimes] => 
    [Approve] => 0004343
    [TranID] => 1801262143602257210134124518
    [TranDate] => 20180126214348
    [CheckString] => ce2a838fda3fbf6088df868ab786df65
    [ClientField1] => 
    [ClientField2] => 
    [ClientField3] => EC-CUBE4.1.5
    [Amount] => 2966
    [JobCd] => CAPTURE
    [action_status] => 3
    [pay_status] => 13
)
 from 211.132.59.225
2018/01/26 22:24:17 [/shop/shopping/load_payment_module.php] SendRequest:https://p01.mul-pay.jp/payment/EntryTran.idPass from 68.42.125.242
2018/01/26 22:24:17 [/shop/shopping/load_payment_module.php] Array
(
    [ShopID] => 9000034600950
    [ShopPass] => ******
    [OrderID] => 920341-26222417
    [JobCd] => CAPTURE
    [Amount] => 6020
    [TdFlag] => 0
    [TdTenantName] => 
)
 from 68.42.125.242
2018/01/26 22:24:17 [/shop/shopping/load_payment_module.php] AccessID=e215be66badaf17984cb9d62a542e8d5&AccessPass=d64d6e0814f1fe31180fce7f82062a6a from 68.42.125.242
2018/01/26 22:24:17 [/shop/shopping/load_payment_module.php] Array
(
    [0] => Array
        (
            [AccessID] => e215be66badaf17984cb9d62a542e8d5
            [AccessPass] => d64d6e0814f1fe31180fce7f82062a6a
        )

)
 from 68.42.125.242
2018/01/26 22:24:17 [/shop/shopping/load_payment_module.php] load_payment_module.php set payment data:Array
(
    [AccessID] => e215be66badaf17984cb9d62a542e8d5
    [AccessPass] => d64d6e0814f1fe31180fce7f82062a6a
    [OrderID] => 920341-26222417
    [Amount] => 6020
    [JobCd] => CAPTURE
    [action_status] => 1
    [pay_status] => 0
)
 from 68.42.125.242
2018/01/26 22:24:17 [/shop/shopping/load_payment_module.php] SendRequest:https://p01.mul-pay.jp/payment/ExecTran.idPass from 68.42.125.242
2018/01/26 22:24:17 [/shop/shopping/load_payment_module.php] Array
(
    [AccessID] => e215be66badaf17984cb9d62a542e8d5
    [AccessPass] => d64d6e0814f1fe31180fce7f82062a6a
    [OrderID] => 920341-26222417
    [Method] => 1
    [CardNo] => *************937
    [Expire] => 2011
    [ClientField1] => 
    [ClientField2] => 
    [ClientField3] => EC-CUBE4.1.5
    [ClientFieldFlag] => 1
)
 from 68.42.125.242
2018/01/26 22:24:19 [/shop/shopping/load_payment_module.php] ACS=0&OrderID=920341-26222417&Forward=2959876&Method=1&PayTimes=&Approve=0607157&TranID=1801262224602257210134124519&TranDate=20180126222419&CheckString=b10c6d186a5a2a1b1ff766f6b3aa5d89&ClientField1=&ClientField2=&ClientField3=EC-CUBE4.1.5 from 68.42.125.242
2018/01/26 22:24:19 [/shop/shopping/load_payment_module.php] Array
(
    [0] => Array
        (
            [ACS] => 0
            [OrderID] => 920341-26222417
            [Forward] => 2959876
            [Method] => 1
            [PayTimes] => 
            [Approve] => 0607157
            [TranID] => 1801262224602257210134124519
            [TranDate] => 20180126222419
            [CheckString] => b10c6d186a5a2a1b1ff766f6b3aa5d89
            [ClientField1] => 
            [ClientField2] => 
            [ClientField3] => EC-CUBE4.1.5
        )

)
 from 68.42.125.242
2018/01/26 22:24:19 [/shop/shopping/load_payment_module.php] load_payment_module.php set payment data:Array
(
    [ACS] => 0
    [Forward] => 2959876
    [Method] => 1
    [PayTimes] => 
    [Approve] => 0607157
    [TranID] => 1801262224602257210134124519
    [TranDate] => 20180126222419
    [CheckString] => b10c6d186a5a2a1b1ff766f6b3aa5d89
    [ClientField1] => 
    [ClientField2] => 
    [ClientField3] => EC-CUBE4.1.5
    [Amount] => 6020
    [JobCd] => CAPTURE
    [action_status] => 3
    [pay_status] => 13
)
 from 68.42.125.242
2018/01/26 23:17:16 [/shop/shopping/load_payment_module.php] SendRequest:https://p01.mul-pay.jp/payment/EntryTran.idPass from 206.47.102.162
2018/01/26 23:17:16 [/shop/shopping/load_payment_module.php] Array
(
    [ShopID] => 9000034600950
    [ShopPass] => ******
    [OrderID] => 920342-26231716
    [JobCd] => CAPTURE
    [Amount] => 6820
    [TdFlag] => 0
    [TdTenantName] => 
)
 from 206.47.102.162
2018/01/26 23:17:17 [/shop/shopping/load_payment_module.php] AccessID=803fb7178ef3ac2aaf549cf9401cd36d&AccessPass=2b17522776a23790b3554ebc6e2a0bd4 from 206.47.102.162
2018/01/26 23:17:17 [/shop/shopping/load_payment_module.php] Array
(
    [0] => Array
        (
            [AccessID] => 803fb7178ef3ac2aaf549cf9401cd36d
            [AccessPass] => 2b17522776a23790b3554ebc6e2a0bd4
        )

)
 from 206.47.102.162
2018/01/26 23:17:17 [/shop/shopping/load_payment_module.php] load_payment_module.php set payment data:Array
(
    [AccessID] => 803fb7178ef3ac2aaf549cf9401cd36d
    [AccessPass] => 2b17522776a23790b3554ebc6e2a0bd4
    [OrderID] => 920342-26231716
    [Amount] => 6820
    [JobCd] => CAPTURE
    [action_status] => 1
    [pay_status] => 0
)
 from 206.47.102.162
2018/01/26 23:17:17 [/shop/shopping/load_payment_module.php] SendRequest:https://p01.mul-pay.jp/payment/ExecTran.idPass from 206.47.102.162
2018/01/26 23:17:17 [/shop/shopping/load_payment_module.php] Array
(
    [AccessID] => 803fb7178ef3ac2aaf549cf9401cd36d
    [AccessPass] => 2b17522776a23790b3554ebc6e2a0bd4
    [OrderID] => 920342-26231716
    [Method] => 1
    [CardNo] => *************995
    [Expire] => 1908
    [ClientField1] => 
    [ClientField2] => 
    [ClientField3] => EC-CUBE4.1.5
    [ClientFieldFlag] => 1
)
 from 206.47.102.162
2018/01/26 23:17:18 [/shop/shopping/load_payment_module.php] ACS=0&OrderID=920342-26231716&Forward=2S49631&Method=1&PayTimes=&Approve=0075409&TranID=1801262317602257210134134523&TranDate=20180126231718&CheckString=de4edb894f23aa1d932b77ffa5a1fd21&ClientField1=&ClientField2=&ClientField3=EC-CUBE4.1.5 from 206.47.102.162
2018/01/26 23:17:18 [/shop/shopping/load_payment_module.php] Array
(
    [0] => Array
        (
            [ACS] => 0
            [OrderID] => 920342-26231716
            [Forward] => 2S49631
            [Method] => 1
            [PayTimes] => 
            [Approve] => 0075409
            [TranID] => 1801262317602257210134134523
            [TranDate] => 20180126231718
            [CheckString] => de4edb894f23aa1d932b77ffa5a1fd21
            [ClientField1] => 
            [ClientField2] => 
            [ClientField3] => EC-CUBE4.1.5
        )

)
 from 206.47.102.162
2018/01/26 23:17:18 [/shop/shopping/load_payment_module.php] load_payment_module.php set payment data:Array
(
    [ACS] => 0
    [Forward] => 2S49631
    [Method] => 1
    [PayTimes] => 
    [Approve] => 0075409
    [TranID] => 1801262317602257210134134523
    [TranDate] => 20180126231718
    [CheckString] => de4edb894f23aa1d932b77ffa5a1fd21
    [ClientField1] => 
    [ClientField2] => 
    [ClientField3] => EC-CUBE4.1.5
    [Amount] => 6820
    [JobCd] => CAPTURE
    [action_status] => 3
    [pay_status] => 13
)
 from 206.47.102.162
2018/01/26 23:25:50 [/shop/shopping/load_payment_module.php] SendRequest:https://p01.mul-pay.jp/payment/SearchMember.idPass from 147.47.251.202
2018/01/26 23:25:50 [/shop/shopping/load_payment_module.php] Array
(
    [SiteID] => mst0000007602
    [SitePass] => ******
    [MemberID] => 6288
)
 from 147.47.251.202
2018/01/26 23:25:50 [/shop/shopping/load_payment_module.php] ErrCode=E01&ErrInfo=E01390002 from 147.47.251.202
2018/01/26 23:25:50 [/shop/shopping/load_payment_module.php] Array
(
    [0] => Array
        (
            [ErrCode] => E01
            [ErrInfo] => E01390002
        )

)
 from 147.47.251.202
2018/01/26 23:25:50 [/shop/shopping/load_payment_module.php] SendRequest:https://p01.mul-pay.jp/payment/SearchCard.idPass from 147.47.251.202
2018/01/26 23:25:50 [/shop/shopping/load_payment_module.php] Array
(
    [SiteID] => mst0000007602
    [SitePass] => ******
    [MemberID] => 6288
)
 from 147.47.251.202
2018/01/26 23:25:50 [/shop/shopping/load_payment_module.php] ErrCode=E01|E01&ErrInfo=E01390002|E01240002 from 147.47.251.202
2018/01/26 23:25:50 [/shop/shopping/load_payment_module.php] Array
(
    [0] => Array
        (
            [ErrCode] => E01
            [ErrInfo] => E01390002
        )

    [1] => Array
        (
            [ErrCode] => E01
            [ErrInfo] => E01240002
        )

)
 from 147.47.251.202
2018/01/26 23:26:28 [/shop/shopping/load_payment_module.php] SendRequest:https://p01.mul-pay.jp/payment/SearchMember.idPass from 147.47.251.202
2018/01/26 23:26:28 [/shop/shopping/load_payment_module.php] Array
(
    [SiteID] => mst0000007602
    [SitePass] => ******
    [MemberID] => 6288
)
 from 147.47.251.202
2018/01/26 23:26:28 [/shop/shopping/load_payment_module.php] ErrCode=E01&ErrInfo=E01390002 from 147.47.251.202
2018/01/26 23:26:28 [/shop/shopping/load_payment_module.php] Array
(
    [0] => Array
        (
            [ErrCode] => E01
            [ErrInfo] => E01390002
        )

)
 from 147.47.251.202
2018/01/26 23:26:28 [/shop/shopping/load_payment_module.php] SendRequest:https://p01.mul-pay.jp/payment/SearchCard.idPass from 147.47.251.202
2018/01/26 23:26:28 [/shop/shopping/load_payment_module.php] Array
(
    [SiteID] => mst0000007602
    [SitePass] => ******
    [MemberID] => 6288
)
 from 147.47.251.202
2018/01/26 23:26:28 [/shop/shopping/load_payment_module.php] ErrCode=E01|E01&ErrInfo=E01390002|E01240002 from 147.47.251.202
2018/01/26 23:26:28 [/shop/shopping/load_payment_module.php] Array
(
    [0] => Array
        (
            [ErrCode] => E01
            [ErrInfo] => E01390002
        )

    [1] => Array
        (
            [ErrCode] => E01
            [ErrInfo] => E01240002
        )

)
 from 147.47.251.202
2018/01/26 23:26:28 [/shop/shopping/load_payment_module.php] SendRequest:https://p01.mul-pay.jp/payment/EntryTran.idPass from 147.47.251.202
2018/01/26 23:26:28 [/shop/shopping/load_payment_module.php] Array
(
    [ShopID] => 9000034600950
    [ShopPass] => ******
    [OrderID] => 920343-26232628
    [JobCd] => CAPTURE
    [Amount] => 6570
    [TdFlag] => 0
    [TdTenantName] => 
)
 from 147.47.251.202
2018/01/26 23:26:28 [/shop/shopping/load_payment_module.php] AccessID=b63402ccdf1d40945bf74edd52d50f5f&AccessPass=57bd24ea407aa3f6b00f123a56362ebc from 147.47.251.202
2018/01/26 23:26:28 [/shop/shopping/load_payment_module.php] Array
(
    [0] => Array
        (
            [AccessID] => b63402ccdf1d40945bf74edd52d50f5f
            [AccessPass] => 57bd24ea407aa3f6b00f123a56362ebc
        )

)
 from 147.47.251.202
2018/01/26 23:26:28 [/shop/shopping/load_payment_module.php] load_payment_module.php set payment data:Array
(
    [AccessID] => b63402ccdf1d40945bf74edd52d50f5f
    [AccessPass] => 57bd24ea407aa3f6b00f123a56362ebc
    [OrderID] => 920343-26232628
    [Amount] => 6570
    [JobCd] => CAPTURE
    [action_status] => 1
    [pay_status] => 0
)
 from 147.47.251.202
2018/01/26 23:26:28 [/shop/shopping/load_payment_module.php] SendRequest:https://p01.mul-pay.jp/payment/ExecTran.idPass from 147.47.251.202
2018/01/26 23:26:28 [/shop/shopping/load_payment_module.php] Array
(
    [AccessID] => b63402ccdf1d40945bf74edd52d50f5f
    [AccessPass] => 57bd24ea407aa3f6b00f123a56362ebc
    [OrderID] => 920343-26232628
    [Method] => 1
    [CardNo] => *************497
    [Expire] => 2203
    [ClientField1] => 
    [ClientField2] => 
    [ClientField3] => EC-CUBE4.1.5
    [ClientFieldFlag] => 1
)
 from 147.47.251.202
2018/01/26 23:26:30 [/shop/shopping/load_payment_module.php] ACS=0&OrderID=920343-26232628&Forward=2959876&Method=1&PayTimes=&Approve=0343512&TranID=1801262326602257210134124520&TranDate=20180126232630&CheckString=13770a5e01c84d6c651839212fc59362&ClientField1=&ClientField2=&ClientField3=EC-CUBE4.1.5 from 147.47.251.202
2018/01/26 23:26:30 [/shop/shopping/load_payment_module.php] Array
(
    [0] => Array
        (
            [ACS] => 0
            [OrderID] => 920343-26232628
            [Forward] => 2959876
            [Method] => 1
            [PayTimes] => 
            [Approve] => 0343512
            [TranID] => 1801262326602257210134124520
            [TranDate] => 20180126232630
            [CheckString] => 13770a5e01c84d6c651839212fc59362
            [ClientField1] => 
            [ClientField2] => 
            [ClientField3] => EC-CUBE4.1.5
        )

)
 from 147.47.251.202
2018/01/26 23:26:30 [/shop/shopping/load_payment_module.php] load_payment_module.php set payment data:Array
(
    [ACS] => 0
    [Forward] => 2959876
    [Method] => 1
    [PayTimes] => 
    [Approve] => 0343512
    [TranID] => 1801262326602257210134124520
    [TranDate] => 20180126232630
    [CheckString] => 13770a5e01c84d6c651839212fc59362
    [ClientField1] => 
    [ClientField2] => 
    [ClientField3] => EC-CUBE4.1.5
    [Amount] => 6570
    [JobCd] => CAPTURE
    [action_status] => 3
    [pay_status] => 13
)
 from 147.47.251.202
