2018/10/22 00:31:31 [/shop/shopping/load_payment_module.php] SendRequest:https://p01.mul-pay.jp/payment/EntryTran.idPass from 203.165.204.7
2018/10/22 00:31:31 [/shop/shopping/load_payment_module.php] Array
(
    [ShopID] => 9000034600950
    [ShopPass] => ******
    [OrderID] => 930585-22003131
    [JobCd] => CAPTURE
    [Amount] => 8370
    [TdFlag] => 0
    [TdTenantName] => 
)
 from 203.165.204.7
2018/10/22 00:31:31 [/shop/shopping/load_payment_module.php] AccessID=a0465fff491f1c5b31701d7c4ab210c5&AccessPass=232b80d8548fe3eb77385696c65a501b from 203.165.204.7
2018/10/22 00:31:31 [/shop/shopping/load_payment_module.php] Array
(
    [0] => Array
        (
            [AccessID] => a0465fff491f1c5b31701d7c4ab210c5
            [AccessPass] => 232b80d8548fe3eb77385696c65a501b
        )

)
 from 203.165.204.7
2018/10/22 00:31:31 [/shop/shopping/load_payment_module.php] load_payment_module.php set payment data:Array
(
    [AccessID] => a0465fff491f1c5b31701d7c4ab210c5
    [AccessPass] => 232b80d8548fe3eb77385696c65a501b
    [OrderID] => 930585-22003131
    [Amount] => 8370
    [JobCd] => CAPTURE
    [action_status] => 1
    [pay_status] => 0
)
 from 203.165.204.7
2018/10/22 00:31:31 [/shop/shopping/load_payment_module.php] SendRequest:https://p01.mul-pay.jp/payment/ExecTran.idPass from 203.165.204.7
2018/10/22 00:31:31 [/shop/shopping/load_payment_module.php] Array
(
    [AccessID] => a0465fff491f1c5b31701d7c4ab210c5
    [AccessPass] => 232b80d8548fe3eb77385696c65a501b
    [OrderID] => 930585-22003131
    [Method] => 1
    [Token] => 9e7e31ef2ccc3e52d660c85ea82ec703339c4a695f745659eb64d4579eb34493
    [ClientField1] => 
    [ClientField2] => 
    [ClientField3] => EC-CUBE4.3.24
)
 from 203.165.204.7
2018/10/22 00:31:32 [/shop/shopping/load_payment_module.php] ACS=0&OrderID=930585-22003131&Forward=2S49631&Method=1&PayTimes=&Approve=0300943&TranID=1810220031602257210134128299&TranDate=20181022003132&CheckString=0d375f0ee9a6c5e75573e815ff5ade1a from 203.165.204.7
2018/10/22 00:31:32 [/shop/shopping/load_payment_module.php] Array
(
    [0] => Array
        (
            [ACS] => 0
            [OrderID] => 930585-22003131
            [Forward] => 2S49631
            [Method] => 1
            [PayTimes] => 
            [Approve] => 0300943
            [TranID] => 1810220031602257210134128299
            [TranDate] => 20181022003132
            [CheckString] => 0d375f0ee9a6c5e75573e815ff5ade1a
        )

)
 from 203.165.204.7
2018/10/22 00:31:32 [/shop/shopping/load_payment_module.php] load_payment_module.php set payment data:Array
(
    [ACS] => 0
    [Forward] => 2S49631
    [Method] => 1
    [PayTimes] => 
    [Approve] => 0300943
    [TranID] => 1810220031602257210134128299
    [TranDate] => 20181022003132
    [CheckString] => 0d375f0ee9a6c5e75573e815ff5ade1a
    [Amount] => 8370
    [JobCd] => CAPTURE
    [action_status] => 3
    [pay_status] => 13
)
 from 203.165.204.7
2018/10/22 01:31:06 [/shop/shopping/load_payment_module.php] SendRequest:https://p01.mul-pay.jp/payment/EntryTran.idPass from 37.231.45.222
2018/10/22 01:31:06 [/shop/shopping/load_payment_module.php] Array
(
    [ShopID] => 9000034600950
    [ShopPass] => ******
    [OrderID] => 930586-22013106
    [JobCd] => CAPTURE
    [Amount] => 10980
    [TdFlag] => 0
    [TdTenantName] => 
)
 from 37.231.45.222
2018/10/22 01:31:06 [/shop/shopping/load_payment_module.php] AccessID=1a15b766353f0d680b10bdc0ae157970&AccessPass=8beb97bf0601dd1e6b050f36e4eea5ad from 37.231.45.222
2018/10/22 01:31:06 [/shop/shopping/load_payment_module.php] Array
(
    [0] => Array
        (
            [AccessID] => 1a15b766353f0d680b10bdc0ae157970
            [AccessPass] => 8beb97bf0601dd1e6b050f36e4eea5ad
        )

)
 from 37.231.45.222
2018/10/22 01:31:06 [/shop/shopping/load_payment_module.php] load_payment_module.php set payment data:Array
(
    [AccessID] => 1a15b766353f0d680b10bdc0ae157970
    [AccessPass] => 8beb97bf0601dd1e6b050f36e4eea5ad
    [OrderID] => 930586-22013106
    [Amount] => 10980
    [JobCd] => CAPTURE
    [action_status] => 1
    [pay_status] => 0
)
 from 37.231.45.222
2018/10/22 01:31:06 [/shop/shopping/load_payment_module.php] SendRequest:https://p01.mul-pay.jp/payment/ExecTran.idPass from 37.231.45.222
2018/10/22 01:31:06 [/shop/shopping/load_payment_module.php] Array
(
    [AccessID] => 1a15b766353f0d680b10bdc0ae157970
    [AccessPass] => 8beb97bf0601dd1e6b050f36e4eea5ad
    [OrderID] => 930586-22013106
    [Method] => 1
    [Token] => d9f8b0b372babf7905ea20c15d13e9cca9c8d3d44abd2d50b19523edab40f69e
    [ClientField1] => 
    [ClientField2] => 
    [ClientField3] => EC-CUBE4.3.24
)
 from 37.231.45.222
2018/10/22 01:31:07 [/shop/shopping/load_payment_module.php] ACS=0&OrderID=930586-22013106&Forward=2S49631&Method=1&PayTimes=&Approve=0252542&TranID=1810220131602257210134118257&TranDate=20181022013107&CheckString=32b84808cda8e62c5130afb854346ea2 from 37.231.45.222
2018/10/22 01:31:07 [/shop/shopping/load_payment_module.php] Array
(
    [0] => Array
        (
            [ACS] => 0
            [OrderID] => 930586-22013106
            [Forward] => 2S49631
            [Method] => 1
            [PayTimes] => 
            [Approve] => 0252542
            [TranID] => 1810220131602257210134118257
            [TranDate] => 20181022013107
            [CheckString] => 32b84808cda8e62c5130afb854346ea2
        )

)
 from 37.231.45.222
2018/10/22 01:31:07 [/shop/shopping/load_payment_module.php] load_payment_module.php set payment data:Array
(
    [ACS] => 0
    [Forward] => 2S49631
    [Method] => 1
    [PayTimes] => 
    [Approve] => 0252542
    [TranID] => 1810220131602257210134118257
    [TranDate] => 20181022013107
    [CheckString] => 32b84808cda8e62c5130afb854346ea2
    [Amount] => 10980
    [JobCd] => CAPTURE
    [action_status] => 3
    [pay_status] => 13
)
 from 37.231.45.222
2018/10/22 05:52:22 [/shop/shopping/load_payment_module.php] SendRequest:https://p01.mul-pay.jp/payment/EntryTran.idPass from 94.12.85.135
2018/10/22 05:52:22 [/shop/shopping/load_payment_module.php] Array
(
    [ShopID] => 9000034600950
    [ShopPass] => ******
    [OrderID] => 930587-22055222
    [JobCd] => CAPTURE
    [Amount] => 14160
    [TdFlag] => 0
    [TdTenantName] => 
)
 from 94.12.85.135
2018/10/22 05:52:22 [/shop/shopping/load_payment_module.php] AccessID=735cf64020672b0b6189e57f096f9f8f&AccessPass=a179349eb27c5af65bf45c2b006474b6 from 94.12.85.135
2018/10/22 05:52:22 [/shop/shopping/load_payment_module.php] Array
(
    [0] => Array
        (
            [AccessID] => 735cf64020672b0b6189e57f096f9f8f
            [AccessPass] => a179349eb27c5af65bf45c2b006474b6
        )

)
 from 94.12.85.135
2018/10/22 05:52:22 [/shop/shopping/load_payment_module.php] load_payment_module.php set payment data:Array
(
    [AccessID] => 735cf64020672b0b6189e57f096f9f8f
    [AccessPass] => a179349eb27c5af65bf45c2b006474b6
    [OrderID] => 930587-22055222
    [Amount] => 14160
    [JobCd] => CAPTURE
    [action_status] => 1
    [pay_status] => 0
)
 from 94.12.85.135
2018/10/22 05:52:23 [/shop/shopping/load_payment_module.php] SendRequest:https://p01.mul-pay.jp/payment/ExecTran.idPass from 94.12.85.135
2018/10/22 05:52:23 [/shop/shopping/load_payment_module.php] Array
(
    [AccessID] => 735cf64020672b0b6189e57f096f9f8f
    [AccessPass] => a179349eb27c5af65bf45c2b006474b6
    [OrderID] => 930587-22055222
    [Method] => 1
    [Token] => 52903d314000f0f3b8ea27387e111ac40466b78b1635766f510e930d0b6aab83
    [ClientField1] => 
    [ClientField2] => 
    [ClientField3] => EC-CUBE4.3.24
)
 from 94.12.85.135
2018/10/22 05:52:24 [/shop/shopping/load_payment_module.php] ACS=0&OrderID=930587-22055222&Forward=2S49631&Method=1&PayTimes=&Approve=0000249&TranID=1810220552602257210134128300&TranDate=20181022055223&CheckString=f008a34b78df87e791e906f347ae6f9d from 94.12.85.135
2018/10/22 05:52:24 [/shop/shopping/load_payment_module.php] Array
(
    [0] => Array
        (
            [ACS] => 0
            [OrderID] => 930587-22055222
            [Forward] => 2S49631
            [Method] => 1
            [PayTimes] => 
            [Approve] => 0000249
            [TranID] => 1810220552602257210134128300
            [TranDate] => 20181022055223
            [CheckString] => f008a34b78df87e791e906f347ae6f9d
        )

)
 from 94.12.85.135
2018/10/22 05:52:24 [/shop/shopping/load_payment_module.php] load_payment_module.php set payment data:Array
(
    [ACS] => 0
    [Forward] => 2S49631
    [Method] => 1
    [PayTimes] => 
    [Approve] => 0000249
    [TranID] => 1810220552602257210134128300
    [TranDate] => 20181022055223
    [CheckString] => f008a34b78df87e791e906f347ae6f9d
    [Amount] => 14160
    [JobCd] => CAPTURE
    [action_status] => 3
    [pay_status] => 13
)
 from 94.12.85.135
2018/10/22 05:54:42 [/shop/shopping/load_payment_module.php] SendRequest:https://p01.mul-pay.jp/payment/SearchMember.idPass from 157.238.222.66
2018/10/22 05:54:42 [/shop/shopping/load_payment_module.php] Array
(
    [SiteID] => mst0000007602
    [SitePass] => ******
    [MemberID] => 3723
)
 from 157.238.222.66
2018/10/22 05:54:42 [/shop/shopping/load_payment_module.php] ErrCode=E01&ErrInfo=E01390002 from 157.238.222.66
2018/10/22 05:54:42 [/shop/shopping/load_payment_module.php] Array
(
    [0] => Array
        (
            [ErrCode] => E01
            [ErrInfo] => E01390002
        )

)
 from 157.238.222.66
2018/10/22 05:54:42 [/shop/shopping/load_payment_module.php] SendRequest:https://p01.mul-pay.jp/payment/SearchCard.idPass from 157.238.222.66
2018/10/22 05:54:42 [/shop/shopping/load_payment_module.php] Array
(
    [SiteID] => mst0000007602
    [SitePass] => ******
    [MemberID] => 3723
)
 from 157.238.222.66
2018/10/22 05:54:42 [/shop/shopping/load_payment_module.php] ErrCode=E01|E01&ErrInfo=E01390002|E01240002 from 157.238.222.66
2018/10/22 05:54:42 [/shop/shopping/load_payment_module.php] Array
(
    [0] => Array
        (
            [ErrCode] => E01
            [ErrInfo] => E01390002
        )

    [1] => Array
        (
            [ErrCode] => E01
            [ErrInfo] => E01240002
        )

)
 from 157.238.222.66
2018/10/22 05:55:31 [/shop/shopping/load_payment_module.php] SendRequest:https://p01.mul-pay.jp/payment/SearchMember.idPass from 157.238.222.66
2018/10/22 05:55:31 [/shop/shopping/load_payment_module.php] Array
(
    [SiteID] => mst0000007602
    [SitePass] => ******
    [MemberID] => 3723
)
 from 157.238.222.66
2018/10/22 05:55:31 [/shop/shopping/load_payment_module.php] ErrCode=E01&ErrInfo=E01390002 from 157.238.222.66
2018/10/22 05:55:31 [/shop/shopping/load_payment_module.php] Array
(
    [0] => Array
        (
            [ErrCode] => E01
            [ErrInfo] => E01390002
        )

)
 from 157.238.222.66
2018/10/22 05:55:31 [/shop/shopping/load_payment_module.php] SendRequest:https://p01.mul-pay.jp/payment/SearchCard.idPass from 157.238.222.66
2018/10/22 05:55:31 [/shop/shopping/load_payment_module.php] Array
(
    [SiteID] => mst0000007602
    [SitePass] => ******
    [MemberID] => 3723
)
 from 157.238.222.66
2018/10/22 05:55:31 [/shop/shopping/load_payment_module.php] ErrCode=E01|E01&ErrInfo=E01390002|E01240002 from 157.238.222.66
2018/10/22 05:55:31 [/shop/shopping/load_payment_module.php] Array
(
    [0] => Array
        (
            [ErrCode] => E01
            [ErrInfo] => E01390002
        )

    [1] => Array
        (
            [ErrCode] => E01
            [ErrInfo] => E01240002
        )

)
 from 157.238.222.66
2018/10/22 05:55:31 [/shop/shopping/load_payment_module.php] SendRequest:https://p01.mul-pay.jp/payment/EntryTran.idPass from 157.238.222.66
2018/10/22 05:55:31 [/shop/shopping/load_payment_module.php] Array
(
    [ShopID] => 9000034600950
    [ShopPass] => ******
    [OrderID] => 930588-22055531
    [JobCd] => CAPTURE
    [Amount] => 3603
    [TdFlag] => 0
    [TdTenantName] => 
)
 from 157.238.222.66
2018/10/22 05:55:31 [/shop/shopping/load_payment_module.php] AccessID=f222fff7e09c7205754c2730086f8b34&AccessPass=39e0c17c2bb757f5525f3817973db8d7 from 157.238.222.66
2018/10/22 05:55:31 [/shop/shopping/load_payment_module.php] Array
(
    [0] => Array
        (
            [AccessID] => f222fff7e09c7205754c2730086f8b34
            [AccessPass] => 39e0c17c2bb757f5525f3817973db8d7
        )

)
 from 157.238.222.66
2018/10/22 05:55:31 [/shop/shopping/load_payment_module.php] load_payment_module.php set payment data:Array
(
    [AccessID] => f222fff7e09c7205754c2730086f8b34
    [AccessPass] => 39e0c17c2bb757f5525f3817973db8d7
    [OrderID] => 930588-22055531
    [Amount] => 3603
    [JobCd] => CAPTURE
    [action_status] => 1
    [pay_status] => 0
)
 from 157.238.222.66
2018/10/22 05:55:31 [/shop/shopping/load_payment_module.php] SendRequest:https://p01.mul-pay.jp/payment/ExecTran.idPass from 157.238.222.66
2018/10/22 05:55:31 [/shop/shopping/load_payment_module.php] Array
(
    [AccessID] => f222fff7e09c7205754c2730086f8b34
    [AccessPass] => 39e0c17c2bb757f5525f3817973db8d7
    [OrderID] => 930588-22055531
    [Method] => 1
    [Token] => 66dd4eb0495eba07598054e9963f452fcb6455d124623c092d9cf3a81369fac0
    [ClientField1] => 
    [ClientField2] => 
    [ClientField3] => EC-CUBE4.3.24
)
 from 157.238.222.66
2018/10/22 05:55:33 [/shop/shopping/load_payment_module.php] ACS=0&OrderID=930588-22055531&Forward=2959876&Method=1&PayTimes=&Approve=0059809&TranID=1810220555602257210134138235&TranDate=20181022055533&CheckString=01da16373b588921a7107c46b37cfdc9 from 157.238.222.66
2018/10/22 05:55:33 [/shop/shopping/load_payment_module.php] Array
(
    [0] => Array
        (
            [ACS] => 0
            [OrderID] => 930588-22055531
            [Forward] => 2959876
            [Method] => 1
            [PayTimes] => 
            [Approve] => 0059809
            [TranID] => 1810220555602257210134138235
            [TranDate] => 20181022055533
            [CheckString] => 01da16373b588921a7107c46b37cfdc9
        )

)
 from 157.238.222.66
2018/10/22 05:55:33 [/shop/shopping/load_payment_module.php] load_payment_module.php set payment data:Array
(
    [ACS] => 0
    [Forward] => 2959876
    [Method] => 1
    [PayTimes] => 
    [Approve] => 0059809
    [TranID] => 1810220555602257210134138235
    [TranDate] => 20181022055533
    [CheckString] => 01da16373b588921a7107c46b37cfdc9
    [Amount] => 3603
    [JobCd] => CAPTURE
    [action_status] => 3
    [pay_status] => 13
)
 from 157.238.222.66
2018/10/22 06:36:43 [/shop/shopping/load_payment_module.php] SendRequest:https://p01.mul-pay.jp/payment/SearchMember.idPass from 24.113.67.7
2018/10/22 06:36:43 [/shop/shopping/load_payment_module.php] Array
(
    [SiteID] => mst0000007602
    [SitePass] => ******
    [MemberID] => 5411
)
 from 24.113.67.7
2018/10/22 06:36:44 [/shop/shopping/load_payment_module.php] ErrCode=E01&ErrInfo=E01390002 from 24.113.67.7
2018/10/22 06:36:44 [/shop/shopping/load_payment_module.php] Array
(
    [0] => Array
        (
            [ErrCode] => E01
            [ErrInfo] => E01390002
        )

)
 from 24.113.67.7
2018/10/22 06:36:44 [/shop/shopping/load_payment_module.php] SendRequest:https://p01.mul-pay.jp/payment/SearchCard.idPass from 24.113.67.7
2018/10/22 06:36:44 [/shop/shopping/load_payment_module.php] Array
(
    [SiteID] => mst0000007602
    [SitePass] => ******
    [MemberID] => 5411
)
 from 24.113.67.7
2018/10/22 06:36:44 [/shop/shopping/load_payment_module.php] ErrCode=E01|E01&ErrInfo=E01390002|E01240002 from 24.113.67.7
2018/10/22 06:36:44 [/shop/shopping/load_payment_module.php] Array
(
    [0] => Array
        (
            [ErrCode] => E01
            [ErrInfo] => E01390002
        )

    [1] => Array
        (
            [ErrCode] => E01
            [ErrInfo] => E01240002
        )

)
 from 24.113.67.7
2018/10/22 06:38:11 [/shop/shopping/load_payment_module.php] SendRequest:https://p01.mul-pay.jp/payment/SearchMember.idPass from 24.113.67.7
2018/10/22 06:38:11 [/shop/shopping/load_payment_module.php] Array
(
    [SiteID] => mst0000007602
    [SitePass] => ******
    [MemberID] => 5411
)
 from 24.113.67.7
2018/10/22 06:38:11 [/shop/shopping/load_payment_module.php] ErrCode=E01&ErrInfo=E01390002 from 24.113.67.7
2018/10/22 06:38:11 [/shop/shopping/load_payment_module.php] Array
(
    [0] => Array
        (
            [ErrCode] => E01
            [ErrInfo] => E01390002
        )

)
 from 24.113.67.7
2018/10/22 06:38:11 [/shop/shopping/load_payment_module.php] SendRequest:https://p01.mul-pay.jp/payment/SearchCard.idPass from 24.113.67.7
2018/10/22 06:38:11 [/shop/shopping/load_payment_module.php] Array
(
    [SiteID] => mst0000007602
    [SitePass] => ******
    [MemberID] => 5411
)
 from 24.113.67.7
2018/10/22 06:38:11 [/shop/shopping/load_payment_module.php] ErrCode=E01|E01&ErrInfo=E01390002|E01240002 from 24.113.67.7
2018/10/22 06:38:11 [/shop/shopping/load_payment_module.php] Array
(
    [0] => Array
        (
            [ErrCode] => E01
            [ErrInfo] => E01390002
        )

    [1] => Array
        (
            [ErrCode] => E01
            [ErrInfo] => E01240002
        )

)
 from 24.113.67.7
2018/10/22 06:38:11 [/shop/shopping/load_payment_module.php] SendRequest:https://p01.mul-pay.jp/payment/EntryTran.idPass from 24.113.67.7
2018/10/22 06:38:11 [/shop/shopping/load_payment_module.php] Array
(
    [ShopID] => 9000034600950
    [ShopPass] => ******
    [OrderID] => 930589-22063811
    [JobCd] => CAPTURE
    [Amount] => 7071
    [TdFlag] => 0
    [TdTenantName] => 
)
 from 24.113.67.7
2018/10/22 06:38:11 [/shop/shopping/load_payment_module.php] AccessID=f6ad6d8642f4dd2b8cc3469ce968a19a&AccessPass=09512bd3fc0760a1173d5a3160e90061 from 24.113.67.7
2018/10/22 06:38:11 [/shop/shopping/load_payment_module.php] Array
(
    [0] => Array
        (
            [AccessID] => f6ad6d8642f4dd2b8cc3469ce968a19a
            [AccessPass] => 09512bd3fc0760a1173d5a3160e90061
        )

)
 from 24.113.67.7
2018/10/22 06:38:11 [/shop/shopping/load_payment_module.php] load_payment_module.php set payment data:Array
(
    [AccessID] => f6ad6d8642f4dd2b8cc3469ce968a19a
    [AccessPass] => 09512bd3fc0760a1173d5a3160e90061
    [OrderID] => 930589-22063811
    [Amount] => 7071
    [JobCd] => CAPTURE
    [action_status] => 1
    [pay_status] => 0
)
 from 24.113.67.7
2018/10/22 06:38:11 [/shop/shopping/load_payment_module.php] SendRequest:https://p01.mul-pay.jp/payment/ExecTran.idPass from 24.113.67.7
2018/10/22 06:38:11 [/shop/shopping/load_payment_module.php] Array
(
    [AccessID] => f6ad6d8642f4dd2b8cc3469ce968a19a
    [AccessPass] => 09512bd3fc0760a1173d5a3160e90061
    [OrderID] => 930589-22063811
    [Method] => 1
    [Token] => 318becbbc7e35a4e6b9aae4c5a554e376ed1f6bc3f91c1713123bf9b5e897e46
    [ClientField1] => 
    [ClientField2] => 
    [ClientField3] => EC-CUBE4.3.24
)
 from 24.113.67.7
2018/10/22 06:38:12 [/shop/shopping/load_payment_module.php] ACS=0&OrderID=930589-22063811&Forward=2S49631&Method=1&PayTimes=&Approve=0021440&TranID=1810220638602257210134128301&TranDate=20181022063812&CheckString=1e4371ff367dc82242a10623b1b4dd1e from 24.113.67.7
2018/10/22 06:38:12 [/shop/shopping/load_payment_module.php] Array
(
    [0] => Array
        (
            [ACS] => 0
            [OrderID] => 930589-22063811
            [Forward] => 2S49631
            [Method] => 1
            [PayTimes] => 
            [Approve] => 0021440
            [TranID] => 1810220638602257210134128301
            [TranDate] => 20181022063812
            [CheckString] => 1e4371ff367dc82242a10623b1b4dd1e
        )

)
 from 24.113.67.7
2018/10/22 06:38:12 [/shop/shopping/load_payment_module.php] load_payment_module.php set payment data:Array
(
    [ACS] => 0
    [Forward] => 2S49631
    [Method] => 1
    [PayTimes] => 
    [Approve] => 0021440
    [TranID] => 1810220638602257210134128301
    [TranDate] => 20181022063812
    [CheckString] => 1e4371ff367dc82242a10623b1b4dd1e
    [Amount] => 7071
    [JobCd] => CAPTURE
    [action_status] => 3
    [pay_status] => 13
)
 from 24.113.67.7
2018/10/22 06:53:17 [/shop/shopping/load_payment_module.php] SendRequest:https://p01.mul-pay.jp/payment/SearchMember.idPass from 172.2.175.242
2018/10/22 06:53:17 [/shop/shopping/load_payment_module.php] Array
(
    [SiteID] => mst0000007602
    [SitePass] => ******
    [MemberID] => 6498
)
 from 172.2.175.242
2018/10/22 06:53:17 [/shop/shopping/load_payment_module.php] ErrCode=E01&ErrInfo=E01390002 from 172.2.175.242
2018/10/22 06:53:17 [/shop/shopping/load_payment_module.php] Array
(
    [0] => Array
        (
            [ErrCode] => E01
            [ErrInfo] => E01390002
        )

)
 from 172.2.175.242
2018/10/22 06:53:17 [/shop/shopping/load_payment_module.php] SendRequest:https://p01.mul-pay.jp/payment/SearchCard.idPass from 172.2.175.242
2018/10/22 06:53:17 [/shop/shopping/load_payment_module.php] Array
(
    [SiteID] => mst0000007602
    [SitePass] => ******
    [MemberID] => 6498
)
 from 172.2.175.242
2018/10/22 06:53:17 [/shop/shopping/load_payment_module.php] ErrCode=E01|E01&ErrInfo=E01390002|E01240002 from 172.2.175.242
2018/10/22 06:53:17 [/shop/shopping/load_payment_module.php] Array
(
    [0] => Array
        (
            [ErrCode] => E01
            [ErrInfo] => E01390002
        )

    [1] => Array
        (
            [ErrCode] => E01
            [ErrInfo] => E01240002
        )

)
 from 172.2.175.242
2018/10/22 06:54:33 [/shop/shopping/load_payment_module.php] SendRequest:https://p01.mul-pay.jp/payment/SearchMember.idPass from 172.2.175.242
2018/10/22 06:54:33 [/shop/shopping/load_payment_module.php] Array
(
    [SiteID] => mst0000007602
    [SitePass] => ******
    [MemberID] => 6498
)
 from 172.2.175.242
2018/10/22 06:54:33 [/shop/shopping/load_payment_module.php] ErrCode=E01&ErrInfo=E01390002 from 172.2.175.242
2018/10/22 06:54:33 [/shop/shopping/load_payment_module.php] Array
(
    [0] => Array
        (
            [ErrCode] => E01
            [ErrInfo] => E01390002
        )

)
 from 172.2.175.242
2018/10/22 06:54:33 [/shop/shopping/load_payment_module.php] SendRequest:https://p01.mul-pay.jp/payment/SearchCard.idPass from 172.2.175.242
2018/10/22 06:54:33 [/shop/shopping/load_payment_module.php] Array
(
    [SiteID] => mst0000007602
    [SitePass] => ******
    [MemberID] => 6498
)
 from 172.2.175.242
2018/10/22 06:54:33 [/shop/shopping/load_payment_module.php] ErrCode=E01|E01&ErrInfo=E01390002|E01240002 from 172.2.175.242
2018/10/22 06:54:33 [/shop/shopping/load_payment_module.php] Array
(
    [0] => Array
        (
            [ErrCode] => E01
            [ErrInfo] => E01390002
        )

    [1] => Array
        (
            [ErrCode] => E01
            [ErrInfo] => E01240002
        )

)
 from 172.2.175.242
2018/10/22 06:54:33 [/shop/shopping/load_payment_module.php] SendRequest:https://p01.mul-pay.jp/payment/EntryTran.idPass from 172.2.175.242
2018/10/22 06:54:33 [/shop/shopping/load_payment_module.php] Array
(
    [ShopID] => 9000034600950
    [ShopPass] => ******
    [OrderID] => 930590-22065433
    [JobCd] => CAPTURE
    [Amount] => 4402
    [TdFlag] => 0
    [TdTenantName] => 
)
 from 172.2.175.242
2018/10/22 06:54:33 [/shop/shopping/load_payment_module.php] AccessID=34d14b54c1602a0c4b792eea120ea457&AccessPass=08e7300f4d4aa980afeb6f0234fb9fd3 from 172.2.175.242
2018/10/22 06:54:33 [/shop/shopping/load_payment_module.php] Array
(
    [0] => Array
        (
            [AccessID] => 34d14b54c1602a0c4b792eea120ea457
            [AccessPass] => 08e7300f4d4aa980afeb6f0234fb9fd3
        )

)
 from 172.2.175.242
2018/10/22 06:54:33 [/shop/shopping/load_payment_module.php] load_payment_module.php set payment data:Array
(
    [AccessID] => 34d14b54c1602a0c4b792eea120ea457
    [AccessPass] => 08e7300f4d4aa980afeb6f0234fb9fd3
    [OrderID] => 930590-22065433
    [Amount] => 4402
    [JobCd] => CAPTURE
    [action_status] => 1
    [pay_status] => 0
)
 from 172.2.175.242
2018/10/22 06:54:33 [/shop/shopping/load_payment_module.php] SendRequest:https://p01.mul-pay.jp/payment/ExecTran.idPass from 172.2.175.242
2018/10/22 06:54:33 [/shop/shopping/load_payment_module.php] Array
(
    [AccessID] => 34d14b54c1602a0c4b792eea120ea457
    [AccessPass] => 08e7300f4d4aa980afeb6f0234fb9fd3
    [OrderID] => 930590-22065433
    [Method] => 1
    [Token] => c34eebc260af79d13d7e57839e2fbd7a676e2c393283293bc67faadc9b66d2a0
    [ClientField1] => 
    [ClientField2] => 
    [ClientField3] => EC-CUBE4.3.24
)
 from 172.2.175.242
2018/10/22 06:54:34 [/shop/shopping/load_payment_module.php] ACS=0&OrderID=930590-22065433&Forward=2S49631&Method=1&PayTimes=&Approve=0030264&TranID=1810220654602257210134118258&TranDate=20181022065434&CheckString=f42fee768676b6a4b0268854f0164e1c from 172.2.175.242
2018/10/22 06:54:34 [/shop/shopping/load_payment_module.php] Array
(
    [0] => Array
        (
            [ACS] => 0
            [OrderID] => 930590-22065433
            [Forward] => 2S49631
            [Method] => 1
            [PayTimes] => 
            [Approve] => 0030264
            [TranID] => 1810220654602257210134118258
            [TranDate] => 20181022065434
            [CheckString] => f42fee768676b6a4b0268854f0164e1c
        )

)
 from 172.2.175.242
2018/10/22 06:54:34 [/shop/shopping/load_payment_module.php] load_payment_module.php set payment data:Array
(
    [ACS] => 0
    [Forward] => 2S49631
    [Method] => 1
    [PayTimes] => 
    [Approve] => 0030264
    [TranID] => 1810220654602257210134118258
    [TranDate] => 20181022065434
    [CheckString] => f42fee768676b6a4b0268854f0164e1c
    [Amount] => 4402
    [JobCd] => CAPTURE
    [action_status] => 3
    [pay_status] => 13
)
 from 172.2.175.242
2018/10/22 11:31:32 [/shop/shopping/load_payment_module.php] SendRequest:https://p01.mul-pay.jp/payment/EntryTran.idPass from 122.103.208.86
2018/10/22 11:31:32 [/shop/shopping/load_payment_module.php] Array
(
    [ShopID] => 9000034600950
    [ShopPass] => ******
    [OrderID] => 930592-22113132
    [JobCd] => CAPTURE
    [Amount] => 4370
    [TdFlag] => 0
    [TdTenantName] => 
)
 from 122.103.208.86
2018/10/22 11:31:33 [/shop/shopping/load_payment_module.php] AccessID=2836380f16390faee92d1ea6c990162f&AccessPass=141ac0b194473889935256770933fa4a from 122.103.208.86
2018/10/22 11:31:33 [/shop/shopping/load_payment_module.php] Array
(
    [0] => Array
        (
            [AccessID] => 2836380f16390faee92d1ea6c990162f
            [AccessPass] => 141ac0b194473889935256770933fa4a
        )

)
 from 122.103.208.86
2018/10/22 11:31:33 [/shop/shopping/load_payment_module.php] load_payment_module.php set payment data:Array
(
    [AccessID] => 2836380f16390faee92d1ea6c990162f
    [AccessPass] => 141ac0b194473889935256770933fa4a
    [OrderID] => 930592-22113132
    [Amount] => 4370
    [JobCd] => CAPTURE
    [action_status] => 1
    [pay_status] => 0
)
 from 122.103.208.86
2018/10/22 11:31:33 [/shop/shopping/load_payment_module.php] SendRequest:https://p01.mul-pay.jp/payment/ExecTran.idPass from 122.103.208.86
2018/10/22 11:31:33 [/shop/shopping/load_payment_module.php] Array
(
    [AccessID] => 2836380f16390faee92d1ea6c990162f
    [AccessPass] => 141ac0b194473889935256770933fa4a
    [OrderID] => 930592-22113132
    [Method] => 1
    [Token] => 69d43c48bfb1187b8fce073597e73773db2d1244179159b3228978dc0540add6
    [ClientField1] => 
    [ClientField2] => 
    [ClientField3] => EC-CUBE4.3.24
)
 from 122.103.208.86
2018/10/22 11:31:35 [/shop/shopping/load_payment_module.php] ACS=0&OrderID=930592-22113132&Forward=2959876&Method=1&PayTimes=&Approve=0879252&TranID=1810221131602257210134138236&TranDate=20181022113135&CheckString=577e707445341e5d2ed9de3627268ee0 from 122.103.208.86
2018/10/22 11:31:35 [/shop/shopping/load_payment_module.php] Array
(
    [0] => Array
        (
            [ACS] => 0
            [OrderID] => 930592-22113132
            [Forward] => 2959876
            [Method] => 1
            [PayTimes] => 
            [Approve] => 0879252
            [TranID] => 1810221131602257210134138236
            [TranDate] => 20181022113135
            [CheckString] => 577e707445341e5d2ed9de3627268ee0
        )

)
 from 122.103.208.86
2018/10/22 11:31:35 [/shop/shopping/load_payment_module.php] load_payment_module.php set payment data:Array
(
    [ACS] => 0
    [Forward] => 2959876
    [Method] => 1
    [PayTimes] => 
    [Approve] => 0879252
    [TranID] => 1810221131602257210134138236
    [TranDate] => 20181022113135
    [CheckString] => 577e707445341e5d2ed9de3627268ee0
    [Amount] => 4370
    [JobCd] => CAPTURE
    [action_status] => 3
    [pay_status] => 13
)
 from 122.103.208.86
2018/10/22 13:03:38 [/shop/shopping/load_payment_module.php] SendRequest:https://p01.mul-pay.jp/payment/EntryTran.idPass from 110.233.110.225
2018/10/22 13:03:38 [/shop/shopping/load_payment_module.php] Array
(
    [ShopID] => 9000034600950
    [ShopPass] => ******
    [OrderID] => 930593-22130338
    [JobCd] => CAPTURE
    [Amount] => 900
    [TdFlag] => 0
    [TdTenantName] => 
)
 from 110.233.110.225
2018/10/22 13:03:38 [/shop/shopping/load_payment_module.php] AccessID=a4d73e6a7983ce35e04dd0547a33ba98&AccessPass=c6777ff98d425266b5b9b8ca293cb369 from 110.233.110.225
2018/10/22 13:03:38 [/shop/shopping/load_payment_module.php] Array
(
    [0] => Array
        (
            [AccessID] => a4d73e6a7983ce35e04dd0547a33ba98
            [AccessPass] => c6777ff98d425266b5b9b8ca293cb369
        )

)
 from 110.233.110.225
2018/10/22 13:03:38 [/shop/shopping/load_payment_module.php] load_payment_module.php set payment data:Array
(
    [AccessID] => a4d73e6a7983ce35e04dd0547a33ba98
    [AccessPass] => c6777ff98d425266b5b9b8ca293cb369
    [OrderID] => 930593-22130338
    [Amount] => 900
    [JobCd] => CAPTURE
    [action_status] => 1
    [pay_status] => 0
)
 from 110.233.110.225
2018/10/22 13:03:38 [/shop/shopping/load_payment_module.php] SendRequest:https://p01.mul-pay.jp/payment/ExecTran.idPass from 110.233.110.225
2018/10/22 13:03:38 [/shop/shopping/load_payment_module.php] Array
(
    [AccessID] => a4d73e6a7983ce35e04dd0547a33ba98
    [AccessPass] => c6777ff98d425266b5b9b8ca293cb369
    [OrderID] => 930593-22130338
    [Method] => 1
    [Token] => 41aab2b2ed1401858723ae310f2d45a7f8fb36ccee629a0b65ed42446b4c7ac8
    [ClientField1] => 
    [ClientField2] => 
    [ClientField3] => EC-CUBE4.3.24
)
 from 110.233.110.225
2018/10/22 13:03:39 [/shop/shopping/load_payment_module.php] ACS=0&OrderID=930593-22130338&Forward=2S49631&Method=1&PayTimes=&Approve=0837813&TranID=1810221303602257210134128302&TranDate=20181022130339&CheckString=911b5301d0c475b066c456b715754965 from 110.233.110.225
2018/10/22 13:03:39 [/shop/shopping/load_payment_module.php] Array
(
    [0] => Array
        (
            [ACS] => 0
            [OrderID] => 930593-22130338
            [Forward] => 2S49631
            [Method] => 1
            [PayTimes] => 
            [Approve] => 0837813
            [TranID] => 1810221303602257210134128302
            [TranDate] => 20181022130339
            [CheckString] => 911b5301d0c475b066c456b715754965
        )

)
 from 110.233.110.225
2018/10/22 13:03:39 [/shop/shopping/load_payment_module.php] load_payment_module.php set payment data:Array
(
    [ACS] => 0
    [Forward] => 2S49631
    [Method] => 1
    [PayTimes] => 
    [Approve] => 0837813
    [TranID] => 1810221303602257210134128302
    [TranDate] => 20181022130339
    [CheckString] => 911b5301d0c475b066c456b715754965
    [Amount] => 900
    [JobCd] => CAPTURE
    [action_status] => 3
    [pay_status] => 13
)
 from 110.233.110.225
2018/10/22 14:17:17 [/shop/admin/order/edit.php] edit.php set payment data:Array
(
    [no_update_status_flg] => 1
)
 from 153.142.16.212
2018/10/22 14:17:17 [/shop/admin/order/edit.php] SendRequest:https://p01.mul-pay.jp/payment/ChangeTran.idPass from 153.142.16.212
2018/10/22 14:17:17 [/shop/admin/order/edit.php] Array
(
    [ShopID] => 9000034600950
    [ShopPass] => ******
    [AccessID] => a4d73e6a7983ce35e04dd0547a33ba98
    [AccessPass] => c6777ff98d425266b5b9b8ca293cb369
    [JobCd] => CAPTURE
    [Amount] => 1000
)
 from 153.142.16.212
2018/10/22 14:17:20 [/shop/admin/order/edit.php] AccessID=a4d73e6a7983ce35e04dd0547a33ba98&AccessPass=c6777ff98d425266b5b9b8ca293cb369&Forward=2S49631&Approve=0016462&TranID=1810221417602257210134118259&TranDate=20181022141719 from 153.142.16.212
2018/10/22 14:17:20 [/shop/admin/order/edit.php] Array
(
    [0] => Array
        (
            [AccessID] => a4d73e6a7983ce35e04dd0547a33ba98
            [AccessPass] => c6777ff98d425266b5b9b8ca293cb369
            [Forward] => 2S49631
            [Approve] => 0016462
            [TranID] => 1810221417602257210134118259
            [TranDate] => 20181022141719
        )

)
 from 153.142.16.212
2018/10/22 14:17:20 [/shop/admin/order/edit.php] edit.php set payment data:Array
(
    [AccessID] => a4d73e6a7983ce35e04dd0547a33ba98
    [AccessPass] => c6777ff98d425266b5b9b8ca293cb369
    [Forward] => 2S49631
    [Approve] => 0016462
    [TranID] => 1810221417602257210134118259
    [TranDate] => 20181022141719
    [action_status] => 6
    [pay_status] => 13
    [JobCd] => CAPTURE
    [Amount] => 1000
)
 from 153.142.16.212
2018/10/22 14:17:24 [/shop/admin/order/edit.php] SendRequest:https://p01.mul-pay.jp/payment/SearchTrade.idPass from 153.142.16.212
2018/10/22 14:17:24 [/shop/admin/order/edit.php] Array
(
    [ShopID] => 9000034600950
    [ShopPass] => ******
    [OrderID] => 930593-22130338
)
 from 153.142.16.212
2018/10/22 14:17:24 [/shop/admin/order/edit.php] OrderID=930593-22130338&Status=CAPTURE&ProcessDate=20181022141719&JobCd=CAPTURE&AccessID=a4d73e6a7983ce35e04dd0547a33ba98&AccessPass=c6777ff98d425266b5b9b8ca293cb369&ItemCode=0000990&Amount=1000&Tax=0&SiteID=&MemberID=&CardNo=************0873&Expire=2209&Method=1&PayTimes=&Forward=2S49631&TranID=1810221417602257210134118259&Approve=0016462&ClientField1=&ClientField2=&ClientField3=EC-CUBE4.3.24 from 153.142.16.212
2018/10/22 14:17:24 [/shop/admin/order/edit.php] Array
(
    [0] => Array
        (
            [OrderID] => 930593-22130338
            [Status] => CAPTURE
            [ProcessDate] => 20181022141719
            [JobCd] => CAPTURE
            [AccessID] => a4d73e6a7983ce35e04dd0547a33ba98
            [AccessPass] => c6777ff98d425266b5b9b8ca293cb369
            [ItemCode] => 0000990
            [Amount] => 1000
            [Tax] => 0
            [SiteID] => 
            [MemberID] => 
            [CardNo] => ************0873
            [Expire] => 2209
            [Method] => 1
            [PayTimes] => 
            [Forward] => 2S49631
            [TranID] => 1810221417602257210134118259
            [Approve] => 0016462
            [ClientField1] => 
            [ClientField2] => 
            [ClientField3] => EC-CUBE4.3.24
        )

)
 from 153.142.16.212
2018/10/22 14:17:24 [/shop/admin/order/edit.php] edit.php set payment data:Array
(
    [OrderID] => 930593-22130338
    [Status] => CAPTURE
    [ProcessDate] => 20181022141719
    [JobCd] => CAPTURE
    [AccessID] => a4d73e6a7983ce35e04dd0547a33ba98
    [AccessPass] => c6777ff98d425266b5b9b8ca293cb369
    [ItemCode] => 0000990
    [Amount] => 1000
    [Tax] => 0
    [SiteID] => 
    [MemberID] => 
    [CardNo] => ************0873
    [Expire] => 2209
    [Method] => 1
    [PayTimes] => 
    [Forward] => 2S49631
    [TranID] => 1810221417602257210134118259
    [Approve] => 0016462
    [ClientField1] => 
    [ClientField2] => 
    [ClientField3] => EC-CUBE4.3.24
    [action_status] => 6
    [pay_status] => 13
)
 from 153.142.16.212
2018/10/22 14:23:19 [/shop/shopping/load_payment_module.php] SendRequest:https://p01.mul-pay.jp/payment/SearchMember.idPass from 47.155.58.145
2018/10/22 14:23:19 [/shop/shopping/load_payment_module.php] Array
(
    [SiteID] => mst0000007602
    [SitePass] => ******
    [MemberID] => 6247
)
 from 47.155.58.145
2018/10/22 14:23:20 [/shop/shopping/load_payment_module.php] ErrCode=E01&ErrInfo=E01390002 from 47.155.58.145
2018/10/22 14:23:20 [/shop/shopping/load_payment_module.php] Array
(
    [0] => Array
        (
            [ErrCode] => E01
            [ErrInfo] => E01390002
        )

)
 from 47.155.58.145
2018/10/22 14:23:20 [/shop/shopping/load_payment_module.php] SendRequest:https://p01.mul-pay.jp/payment/SearchCard.idPass from 47.155.58.145
2018/10/22 14:23:20 [/shop/shopping/load_payment_module.php] Array
(
    [SiteID] => mst0000007602
    [SitePass] => ******
    [MemberID] => 6247
)
 from 47.155.58.145
2018/10/22 14:23:20 [/shop/shopping/load_payment_module.php] ErrCode=E01|E01&ErrInfo=E01390002|E01240002 from 47.155.58.145
2018/10/22 14:23:20 [/shop/shopping/load_payment_module.php] Array
(
    [0] => Array
        (
            [ErrCode] => E01
            [ErrInfo] => E01390002
        )

    [1] => Array
        (
            [ErrCode] => E01
            [ErrInfo] => E01240002
        )

)
 from 47.155.58.145
2018/10/22 14:25:19 [/shop/shopping/load_payment_module.php] SendRequest:https://p01.mul-pay.jp/payment/SearchMember.idPass from 47.155.58.145
2018/10/22 14:25:19 [/shop/shopping/load_payment_module.php] Array
(
    [SiteID] => mst0000007602
    [SitePass] => ******
    [MemberID] => 6247
)
 from 47.155.58.145
2018/10/22 14:25:19 [/shop/shopping/load_payment_module.php] ErrCode=E01&ErrInfo=E01390002 from 47.155.58.145
2018/10/22 14:25:19 [/shop/shopping/load_payment_module.php] Array
(
    [0] => Array
        (
            [ErrCode] => E01
            [ErrInfo] => E01390002
        )

)
 from 47.155.58.145
2018/10/22 14:25:19 [/shop/shopping/load_payment_module.php] SendRequest:https://p01.mul-pay.jp/payment/SearchCard.idPass from 47.155.58.145
2018/10/22 14:25:19 [/shop/shopping/load_payment_module.php] Array
(
    [SiteID] => mst0000007602
    [SitePass] => ******
    [MemberID] => 6247
)
 from 47.155.58.145
2018/10/22 14:25:19 [/shop/shopping/load_payment_module.php] ErrCode=E01|E01&ErrInfo=E01390002|E01240002 from 47.155.58.145
2018/10/22 14:25:19 [/shop/shopping/load_payment_module.php] Array
(
    [0] => Array
        (
            [ErrCode] => E01
            [ErrInfo] => E01390002
        )

    [1] => Array
        (
            [ErrCode] => E01
            [ErrInfo] => E01240002
        )

)
 from 47.155.58.145
2018/10/22 14:25:19 [/shop/shopping/load_payment_module.php] SendRequest:https://p01.mul-pay.jp/payment/EntryTran.idPass from 47.155.58.145
2018/10/22 14:25:19 [/shop/shopping/load_payment_module.php] Array
(
    [ShopID] => 9000034600950
    [ShopPass] => ******
    [OrderID] => 930594-22142519
    [JobCd] => CAPTURE
    [Amount] => 7373
    [TdFlag] => 0
    [TdTenantName] => 
)
 from 47.155.58.145
2018/10/22 14:25:19 [/shop/shopping/load_payment_module.php] AccessID=346e1a12708ac02a554653250956280e&AccessPass=ba6a46ef17690234dc5ddd4de84ac8eb from 47.155.58.145
2018/10/22 14:25:19 [/shop/shopping/load_payment_module.php] Array
(
    [0] => Array
        (
            [AccessID] => 346e1a12708ac02a554653250956280e
            [AccessPass] => ba6a46ef17690234dc5ddd4de84ac8eb
        )

)
 from 47.155.58.145
2018/10/22 14:25:19 [/shop/shopping/load_payment_module.php] load_payment_module.php set payment data:Array
(
    [AccessID] => 346e1a12708ac02a554653250956280e
    [AccessPass] => ba6a46ef17690234dc5ddd4de84ac8eb
    [OrderID] => 930594-22142519
    [Amount] => 7373
    [JobCd] => CAPTURE
    [action_status] => 1
    [pay_status] => 0
)
 from 47.155.58.145
2018/10/22 14:25:19 [/shop/shopping/load_payment_module.php] SendRequest:https://p01.mul-pay.jp/payment/ExecTran.idPass from 47.155.58.145
2018/10/22 14:25:19 [/shop/shopping/load_payment_module.php] Array
(
    [AccessID] => 346e1a12708ac02a554653250956280e
    [AccessPass] => ba6a46ef17690234dc5ddd4de84ac8eb
    [OrderID] => 930594-22142519
    [Method] => 1
    [Token] => dde6d11119962f6b439e50054382a3218f589dd4f014bc0975368cff78691908
    [ClientField1] => 
    [ClientField2] => 
    [ClientField3] => EC-CUBE4.3.24
)
 from 47.155.58.145
2018/10/22 14:25:21 [/shop/shopping/load_payment_module.php] ACS=0&OrderID=930594-22142519&Forward=2a99661&Method=1&PayTimes=&Approve=0000023&TranID=1810221425602257210134138237&TranDate=20181022142521&CheckString=ee216b6cfa708930d62f36b58e7469ac from 47.155.58.145
2018/10/22 14:25:21 [/shop/shopping/load_payment_module.php] Array
(
    [0] => Array
        (
            [ACS] => 0
            [OrderID] => 930594-22142519
            [Forward] => 2a99661
            [Method] => 1
            [PayTimes] => 
            [Approve] => 0000023
            [TranID] => 1810221425602257210134138237
            [TranDate] => 20181022142521
            [CheckString] => ee216b6cfa708930d62f36b58e7469ac
        )

)
 from 47.155.58.145
2018/10/22 14:25:21 [/shop/shopping/load_payment_module.php] load_payment_module.php set payment data:Array
(
    [ACS] => 0
    [Forward] => 2a99661
    [Method] => 1
    [PayTimes] => 
    [Approve] => 0000023
    [TranID] => 1810221425602257210134138237
    [TranDate] => 20181022142521
    [CheckString] => ee216b6cfa708930d62f36b58e7469ac
    [Amount] => 7373
    [JobCd] => CAPTURE
    [action_status] => 3
    [pay_status] => 13
)
 from 47.155.58.145
2018/10/22 14:32:12 [/shop/shopping/load_payment_module.php] SendRequest:https://p01.mul-pay.jp/payment/SearchMember.idPass from 49.151.63.119
2018/10/22 14:32:12 [/shop/shopping/load_payment_module.php] Array
(
    [SiteID] => mst0000007602
    [SitePass] => ******
    [MemberID] => 8055
)
 from 49.151.63.119
2018/10/22 14:32:12 [/shop/shopping/load_payment_module.php] ErrCode=E01&ErrInfo=E01390002 from 49.151.63.119
2018/10/22 14:32:12 [/shop/shopping/load_payment_module.php] Array
(
    [0] => Array
        (
            [ErrCode] => E01
            [ErrInfo] => E01390002
        )

)
 from 49.151.63.119
2018/10/22 14:32:12 [/shop/shopping/load_payment_module.php] SendRequest:https://p01.mul-pay.jp/payment/SearchCard.idPass from 49.151.63.119
2018/10/22 14:32:12 [/shop/shopping/load_payment_module.php] Array
(
    [SiteID] => mst0000007602
    [SitePass] => ******
    [MemberID] => 8055
)
 from 49.151.63.119
2018/10/22 14:32:12 [/shop/shopping/load_payment_module.php] ErrCode=E01|E01&ErrInfo=E01390002|E01240002 from 49.151.63.119
2018/10/22 14:32:12 [/shop/shopping/load_payment_module.php] Array
(
    [0] => Array
        (
            [ErrCode] => E01
            [ErrInfo] => E01390002
        )

    [1] => Array
        (
            [ErrCode] => E01
            [ErrInfo] => E01240002
        )

)
 from 49.151.63.119
2018/10/22 14:33:13 [/shop/shopping/load_payment_module.php] SendRequest:https://p01.mul-pay.jp/payment/SearchMember.idPass from 211.122.24.78
2018/10/22 14:33:13 [/shop/shopping/load_payment_module.php] Array
(
    [SiteID] => mst0000007602
    [SitePass] => ******
    [MemberID] => 7721
)
 from 211.122.24.78
2018/10/22 14:33:14 [/shop/shopping/load_payment_module.php] ErrCode=E01&ErrInfo=E01390002 from 211.122.24.78
2018/10/22 14:33:14 [/shop/shopping/load_payment_module.php] Array
(
    [0] => Array
        (
            [ErrCode] => E01
            [ErrInfo] => E01390002
        )

)
 from 211.122.24.78
2018/10/22 14:33:14 [/shop/shopping/load_payment_module.php] SendRequest:https://p01.mul-pay.jp/payment/SearchCard.idPass from 211.122.24.78
2018/10/22 14:33:14 [/shop/shopping/load_payment_module.php] Array
(
    [SiteID] => mst0000007602
    [SitePass] => ******
    [MemberID] => 7721
)
 from 211.122.24.78
2018/10/22 14:33:14 [/shop/shopping/load_payment_module.php] ErrCode=E01|E01&ErrInfo=E01390002|E01240002 from 211.122.24.78
2018/10/22 14:33:14 [/shop/shopping/load_payment_module.php] Array
(
    [0] => Array
        (
            [ErrCode] => E01
            [ErrInfo] => E01390002
        )

    [1] => Array
        (
            [ErrCode] => E01
            [ErrInfo] => E01240002
        )

)
 from 211.122.24.78
2018/10/22 14:33:14 [/shop/shopping/load_payment_module.php] SendRequest:https://p01.mul-pay.jp/payment/SearchMember.idPass from 49.151.63.119
2018/10/22 14:33:14 [/shop/shopping/load_payment_module.php] Array
(
    [SiteID] => mst0000007602
    [SitePass] => ******
    [MemberID] => 8055
)
 from 49.151.63.119
2018/10/22 14:33:15 [/shop/shopping/load_payment_module.php] ErrCode=E01&ErrInfo=E01390002 from 49.151.63.119
2018/10/22 14:33:15 [/shop/shopping/load_payment_module.php] Array
(
    [0] => Array
        (
            [ErrCode] => E01
            [ErrInfo] => E01390002
        )

)
 from 49.151.63.119
2018/10/22 14:33:15 [/shop/shopping/load_payment_module.php] SendRequest:https://p01.mul-pay.jp/payment/SearchCard.idPass from 49.151.63.119
2018/10/22 14:33:15 [/shop/shopping/load_payment_module.php] Array
(
    [SiteID] => mst0000007602
    [SitePass] => ******
    [MemberID] => 8055
)
 from 49.151.63.119
2018/10/22 14:33:15 [/shop/shopping/load_payment_module.php] ErrCode=E01|E01&ErrInfo=E01390002|E01240002 from 49.151.63.119
2018/10/22 14:33:15 [/shop/shopping/load_payment_module.php] Array
(
    [0] => Array
        (
            [ErrCode] => E01
            [ErrInfo] => E01390002
        )

    [1] => Array
        (
            [ErrCode] => E01
            [ErrInfo] => E01240002
        )

)
 from 49.151.63.119
2018/10/22 14:33:15 [/shop/shopping/load_payment_module.php] SendRequest:https://p01.mul-pay.jp/payment/EntryTran.idPass from 49.151.63.119
2018/10/22 14:33:15 [/shop/shopping/load_payment_module.php] Array
(
    [ShopID] => 9000034600950
    [ShopPass] => ******
    [OrderID] => 930595-22143315
    [JobCd] => CAPTURE
    [Amount] => 6560
    [TdFlag] => 0
    [TdTenantName] => 
)
 from 49.151.63.119
2018/10/22 14:33:15 [/shop/shopping/load_payment_module.php] AccessID=dc549c5a390bd7ec5f3d4bc0fa24bead&AccessPass=8e263d05b474778e16f6a861d558a1aa from 49.151.63.119
2018/10/22 14:33:15 [/shop/shopping/load_payment_module.php] Array
(
    [0] => Array
        (
            [AccessID] => dc549c5a390bd7ec5f3d4bc0fa24bead
            [AccessPass] => 8e263d05b474778e16f6a861d558a1aa
        )

)
 from 49.151.63.119
2018/10/22 14:33:15 [/shop/shopping/load_payment_module.php] load_payment_module.php set payment data:Array
(
    [AccessID] => dc549c5a390bd7ec5f3d4bc0fa24bead
    [AccessPass] => 8e263d05b474778e16f6a861d558a1aa
    [OrderID] => 930595-22143315
    [Amount] => 6560
    [JobCd] => CAPTURE
    [action_status] => 1
    [pay_status] => 0
)
 from 49.151.63.119
2018/10/22 14:33:15 [/shop/shopping/load_payment_module.php] SendRequest:https://p01.mul-pay.jp/payment/ExecTran.idPass from 49.151.63.119
2018/10/22 14:33:15 [/shop/shopping/load_payment_module.php] Array
(
    [AccessID] => dc549c5a390bd7ec5f3d4bc0fa24bead
    [AccessPass] => 8e263d05b474778e16f6a861d558a1aa
    [OrderID] => 930595-22143315
    [Method] => 1
    [Token] => d7837da1cb8e2b585998aae643d5a35c3a617a19862c0d14411211282422db9f
    [ClientField1] => 
    [ClientField2] => 
    [ClientField3] => EC-CUBE4.3.24
)
 from 49.151.63.119
2018/10/22 14:33:16 [/shop/shopping/load_payment_module.php] ACS=0&OrderID=930595-22143315&Forward=2S49631&Method=1&PayTimes=&Approve=0833836&TranID=1810221433602257210134138238&TranDate=20181022143316&CheckString=398d2946cc80c2f12534ed8943bf3a85 from 49.151.63.119
2018/10/22 14:33:16 [/shop/shopping/load_payment_module.php] Array
(
    [0] => Array
        (
            [ACS] => 0
            [OrderID] => 930595-22143315
            [Forward] => 2S49631
            [Method] => 1
            [PayTimes] => 
            [Approve] => 0833836
            [TranID] => 1810221433602257210134138238
            [TranDate] => 20181022143316
            [CheckString] => 398d2946cc80c2f12534ed8943bf3a85
        )

)
 from 49.151.63.119
2018/10/22 14:33:16 [/shop/shopping/load_payment_module.php] load_payment_module.php set payment data:Array
(
    [ACS] => 0
    [Forward] => 2S49631
    [Method] => 1
    [PayTimes] => 
    [Approve] => 0833836
    [TranID] => 1810221433602257210134138238
    [TranDate] => 20181022143316
    [CheckString] => 398d2946cc80c2f12534ed8943bf3a85
    [Amount] => 6560
    [JobCd] => CAPTURE
    [action_status] => 3
    [pay_status] => 13
)
 from 49.151.63.119
2018/10/22 14:33:51 [/shop/shopping/load_payment_module.php] SendRequest:https://p01.mul-pay.jp/payment/SearchMember.idPass from 211.122.24.78
2018/10/22 14:33:51 [/shop/shopping/load_payment_module.php] Array
(
    [SiteID] => mst0000007602
    [SitePass] => ******
    [MemberID] => 7721
)
 from 211.122.24.78
2018/10/22 14:33:52 [/shop/shopping/load_payment_module.php] ErrCode=E01&ErrInfo=E01390002 from 211.122.24.78
2018/10/22 14:33:52 [/shop/shopping/load_payment_module.php] Array
(
    [0] => Array
        (
            [ErrCode] => E01
            [ErrInfo] => E01390002
        )

)
 from 211.122.24.78
2018/10/22 14:33:52 [/shop/shopping/load_payment_module.php] SendRequest:https://p01.mul-pay.jp/payment/SearchCard.idPass from 211.122.24.78
2018/10/22 14:33:52 [/shop/shopping/load_payment_module.php] Array
(
    [SiteID] => mst0000007602
    [SitePass] => ******
    [MemberID] => 7721
)
 from 211.122.24.78
2018/10/22 14:33:52 [/shop/shopping/load_payment_module.php] ErrCode=E01|E01&ErrInfo=E01390002|E01240002 from 211.122.24.78
2018/10/22 14:33:52 [/shop/shopping/load_payment_module.php] Array
(
    [0] => Array
        (
            [ErrCode] => E01
            [ErrInfo] => E01390002
        )

    [1] => Array
        (
            [ErrCode] => E01
            [ErrInfo] => E01240002
        )

)
 from 211.122.24.78
2018/10/22 14:33:52 [/shop/shopping/load_payment_module.php] SendRequest:https://p01.mul-pay.jp/payment/EntryTran.idPass from 211.122.24.78
2018/10/22 14:33:52 [/shop/shopping/load_payment_module.php] Array
(
    [ShopID] => 9000034600950
    [ShopPass] => ******
    [OrderID] => 930596-22143352
    [JobCd] => CAPTURE
    [Amount] => 2750
    [TdFlag] => 0
    [TdTenantName] => 
)
 from 211.122.24.78
2018/10/22 14:33:52 [/shop/shopping/load_payment_module.php] AccessID=7decebb4878adbce257f4e439537ffe2&AccessPass=0b893c8bcbbbf7f3d97ea114fab028de from 211.122.24.78
2018/10/22 14:33:52 [/shop/shopping/load_payment_module.php] Array
(
    [0] => Array
        (
            [AccessID] => 7decebb4878adbce257f4e439537ffe2
            [AccessPass] => 0b893c8bcbbbf7f3d97ea114fab028de
        )

)
 from 211.122.24.78
2018/10/22 14:33:52 [/shop/shopping/load_payment_module.php] load_payment_module.php set payment data:Array
(
    [AccessID] => 7decebb4878adbce257f4e439537ffe2
    [AccessPass] => 0b893c8bcbbbf7f3d97ea114fab028de
    [OrderID] => 930596-22143352
    [Amount] => 2750
    [JobCd] => CAPTURE
    [action_status] => 1
    [pay_status] => 0
)
 from 211.122.24.78
2018/10/22 14:33:52 [/shop/shopping/load_payment_module.php] SendRequest:https://p01.mul-pay.jp/payment/ExecTran.idPass from 211.122.24.78
2018/10/22 14:33:52 [/shop/shopping/load_payment_module.php] Array
(
    [AccessID] => 7decebb4878adbce257f4e439537ffe2
    [AccessPass] => 0b893c8bcbbbf7f3d97ea114fab028de
    [OrderID] => 930596-22143352
    [Method] => 1
    [Token] => 5db2e966b8a6ce4aae5930fee5c1943e7f8890f81e68c3b35f67b7aad32e943a
    [ClientField1] => 
    [ClientField2] => 
    [ClientField3] => EC-CUBE4.3.24
)
 from 211.122.24.78
2018/10/22 14:33:54 [/shop/shopping/load_payment_module.php] ACS=0&OrderID=930596-22143352&Forward=2a99661&Method=1&PayTimes=&Approve=0427375&TranID=1810221433602257210134118260&TranDate=20181022143354&CheckString=38fd52ec4f9c233633d2bd3063c8d1cc from 211.122.24.78
2018/10/22 14:33:54 [/shop/shopping/load_payment_module.php] Array
(
    [0] => Array
        (
            [ACS] => 0
            [OrderID] => 930596-22143352
            [Forward] => 2a99661
            [Method] => 1
            [PayTimes] => 
            [Approve] => 0427375
            [TranID] => 1810221433602257210134118260
            [TranDate] => 20181022143354
            [CheckString] => 38fd52ec4f9c233633d2bd3063c8d1cc
        )

)
 from 211.122.24.78
2018/10/22 14:33:54 [/shop/shopping/load_payment_module.php] load_payment_module.php set payment data:Array
(
    [ACS] => 0
    [Forward] => 2a99661
    [Method] => 1
    [PayTimes] => 
    [Approve] => 0427375
    [TranID] => 1810221433602257210134118260
    [TranDate] => 20181022143354
    [CheckString] => 38fd52ec4f9c233633d2bd3063c8d1cc
    [Amount] => 2750
    [JobCd] => CAPTURE
    [action_status] => 3
    [pay_status] => 13
)
 from 211.122.24.78
2018/10/22 14:44:23 [/shop/shopping/load_payment_module.php] SendRequest:https://p01.mul-pay.jp/payment/SearchMember.idPass from 115.133.102.244
2018/10/22 14:44:23 [/shop/shopping/load_payment_module.php] Array
(
    [SiteID] => mst0000007602
    [SitePass] => ******
    [MemberID] => 3138
)
 from 115.133.102.244
2018/10/22 14:44:23 [/shop/shopping/load_payment_module.php] ErrCode=E01&ErrInfo=E01390002 from 115.133.102.244
2018/10/22 14:44:23 [/shop/shopping/load_payment_module.php] Array
(
    [0] => Array
        (
            [ErrCode] => E01
            [ErrInfo] => E01390002
        )

)
 from 115.133.102.244
2018/10/22 14:44:23 [/shop/shopping/load_payment_module.php] SendRequest:https://p01.mul-pay.jp/payment/SearchCard.idPass from 115.133.102.244
2018/10/22 14:44:23 [/shop/shopping/load_payment_module.php] Array
(
    [SiteID] => mst0000007602
    [SitePass] => ******
    [MemberID] => 3138
)
 from 115.133.102.244
2018/10/22 14:44:23 [/shop/shopping/load_payment_module.php] ErrCode=E01|E01&ErrInfo=E01390002|E01240002 from 115.133.102.244
2018/10/22 14:44:23 [/shop/shopping/load_payment_module.php] Array
(
    [0] => Array
        (
            [ErrCode] => E01
            [ErrInfo] => E01390002
        )

    [1] => Array
        (
            [ErrCode] => E01
            [ErrInfo] => E01240002
        )

)
 from 115.133.102.244
2018/10/22 14:44:34 [/shop/shopping/load_payment_module.php] SendRequest:https://p01.mul-pay.jp/payment/SearchMember.idPass from 115.133.102.244
2018/10/22 14:44:34 [/shop/shopping/load_payment_module.php] Array
(
    [SiteID] => mst0000007602
    [SitePass] => ******
    [MemberID] => 3138
)
 from 115.133.102.244
2018/10/22 14:44:34 [/shop/shopping/load_payment_module.php] ErrCode=E01&ErrInfo=E01390002 from 115.133.102.244
2018/10/22 14:44:34 [/shop/shopping/load_payment_module.php] Array
(
    [0] => Array
        (
            [ErrCode] => E01
            [ErrInfo] => E01390002
        )

)
 from 115.133.102.244
2018/10/22 14:44:34 [/shop/shopping/load_payment_module.php] SendRequest:https://p01.mul-pay.jp/payment/SearchCard.idPass from 115.133.102.244
2018/10/22 14:44:34 [/shop/shopping/load_payment_module.php] Array
(
    [SiteID] => mst0000007602
    [SitePass] => ******
    [MemberID] => 3138
)
 from 115.133.102.244
2018/10/22 14:44:34 [/shop/shopping/load_payment_module.php] ErrCode=E01|E01&ErrInfo=E01390002|E01240002 from 115.133.102.244
2018/10/22 14:44:34 [/shop/shopping/load_payment_module.php] Array
(
    [0] => Array
        (
            [ErrCode] => E01
            [ErrInfo] => E01390002
        )

    [1] => Array
        (
            [ErrCode] => E01
            [ErrInfo] => E01240002
        )

)
 from 115.133.102.244
2018/10/22 14:44:34 [/shop/shopping/load_payment_module.php] SendRequest:https://p01.mul-pay.jp/payment/EntryTran.idPass from 115.133.102.244
2018/10/22 14:44:34 [/shop/shopping/load_payment_module.php] Array
(
    [ShopID] => 9000034600950
    [ShopPass] => ******
    [OrderID] => 930597-22144434
    [JobCd] => CAPTURE
    [Amount] => 12216
    [TdFlag] => 0
    [TdTenantName] => 
)
 from 115.133.102.244
2018/10/22 14:44:34 [/shop/shopping/load_payment_module.php] AccessID=5dbd9b9e9db22c4a5e7c7fd6c2497dd2&AccessPass=b8230a9b6304671a9ac19f0df1e6c5d7 from 115.133.102.244
2018/10/22 14:44:34 [/shop/shopping/load_payment_module.php] Array
(
    [0] => Array
        (
            [AccessID] => 5dbd9b9e9db22c4a5e7c7fd6c2497dd2
            [AccessPass] => b8230a9b6304671a9ac19f0df1e6c5d7
        )

)
 from 115.133.102.244
2018/10/22 14:44:34 [/shop/shopping/load_payment_module.php] load_payment_module.php set payment data:Array
(
    [AccessID] => 5dbd9b9e9db22c4a5e7c7fd6c2497dd2
    [AccessPass] => b8230a9b6304671a9ac19f0df1e6c5d7
    [OrderID] => 930597-22144434
    [Amount] => 12216
    [JobCd] => CAPTURE
    [action_status] => 1
    [pay_status] => 0
)
 from 115.133.102.244
2018/10/22 14:44:34 [/shop/shopping/load_payment_module.php] SendRequest:https://p01.mul-pay.jp/payment/ExecTran.idPass from 115.133.102.244
2018/10/22 14:44:34 [/shop/shopping/load_payment_module.php] Array
(
    [AccessID] => 5dbd9b9e9db22c4a5e7c7fd6c2497dd2
    [AccessPass] => b8230a9b6304671a9ac19f0df1e6c5d7
    [OrderID] => 930597-22144434
    [Method] => 1
    [Token] => 81e4734bcb59b2abf73c96588d96f116cda0cad261c9a9bea36afb0d76e990c1
    [ClientField1] => 
    [ClientField2] => 
    [ClientField3] => EC-CUBE4.3.24
)
 from 115.133.102.244
2018/10/22 14:44:36 [/shop/shopping/load_payment_module.php] ACS=0&OrderID=930597-22144434&Forward=2959876&Method=1&PayTimes=&Approve=0776185&TranID=1810221444602257210134118261&TranDate=20181022144436&CheckString=8bdf2d5ef2e3a67af540f89ae4bcdf50 from 115.133.102.244
2018/10/22 14:44:36 [/shop/shopping/load_payment_module.php] Array
(
    [0] => Array
        (
            [ACS] => 0
            [OrderID] => 930597-22144434
            [Forward] => 2959876
            [Method] => 1
            [PayTimes] => 
            [Approve] => 0776185
            [TranID] => 1810221444602257210134118261
            [TranDate] => 20181022144436
            [CheckString] => 8bdf2d5ef2e3a67af540f89ae4bcdf50
        )

)
 from 115.133.102.244
2018/10/22 14:44:36 [/shop/shopping/load_payment_module.php] load_payment_module.php set payment data:Array
(
    [ACS] => 0
    [Forward] => 2959876
    [Method] => 1
    [PayTimes] => 
    [Approve] => 0776185
    [TranID] => 1810221444602257210134118261
    [TranDate] => 20181022144436
    [CheckString] => 8bdf2d5ef2e3a67af540f89ae4bcdf50
    [Amount] => 12216
    [JobCd] => CAPTURE
    [action_status] => 3
    [pay_status] => 13
)
 from 115.133.102.244
2018/10/22 15:44:12 [/shop/shopping/load_payment_module.php] SendRequest:https://p01.mul-pay.jp/payment/SearchMember.idPass from 165.225.34.136
2018/10/22 15:44:12 [/shop/shopping/load_payment_module.php] Array
(
    [SiteID] => mst0000007602
    [SitePass] => ******
    [MemberID] => 2239
)
 from 165.225.34.136
2018/10/22 15:44:12 [/shop/shopping/load_payment_module.php] ErrCode=E01&ErrInfo=E01390002 from 165.225.34.136
2018/10/22 15:44:12 [/shop/shopping/load_payment_module.php] Array
(
    [0] => Array
        (
            [ErrCode] => E01
            [ErrInfo] => E01390002
        )

)
 from 165.225.34.136
2018/10/22 15:44:12 [/shop/shopping/load_payment_module.php] SendRequest:https://p01.mul-pay.jp/payment/SearchCard.idPass from 165.225.34.136
2018/10/22 15:44:12 [/shop/shopping/load_payment_module.php] Array
(
    [SiteID] => mst0000007602
    [SitePass] => ******
    [MemberID] => 2239
)
 from 165.225.34.136
2018/10/22 15:44:13 [/shop/shopping/load_payment_module.php] ErrCode=E01|E01&ErrInfo=E01390002|E01240002 from 165.225.34.136
2018/10/22 15:44:13 [/shop/shopping/load_payment_module.php] Array
(
    [0] => Array
        (
            [ErrCode] => E01
            [ErrInfo] => E01390002
        )

    [1] => Array
        (
            [ErrCode] => E01
            [ErrInfo] => E01240002
        )

)
 from 165.225.34.136
2018/10/22 15:45:41 [/shop/shopping/load_payment_module.php] SendRequest:https://p01.mul-pay.jp/payment/SearchMember.idPass from 165.225.34.136
2018/10/22 15:45:41 [/shop/shopping/load_payment_module.php] Array
(
    [SiteID] => mst0000007602
    [SitePass] => ******
    [MemberID] => 2239
)
 from 165.225.34.136
2018/10/22 15:45:41 [/shop/shopping/load_payment_module.php] ErrCode=E01&ErrInfo=E01390002 from 165.225.34.136
2018/10/22 15:45:41 [/shop/shopping/load_payment_module.php] Array
(
    [0] => Array
        (
            [ErrCode] => E01
            [ErrInfo] => E01390002
        )

)
 from 165.225.34.136
2018/10/22 15:45:41 [/shop/shopping/load_payment_module.php] SendRequest:https://p01.mul-pay.jp/payment/SearchCard.idPass from 165.225.34.136
2018/10/22 15:45:41 [/shop/shopping/load_payment_module.php] Array
(
    [SiteID] => mst0000007602
    [SitePass] => ******
    [MemberID] => 2239
)
 from 165.225.34.136
2018/10/22 15:45:41 [/shop/shopping/load_payment_module.php] ErrCode=E01|E01&ErrInfo=E01390002|E01240002 from 165.225.34.136
2018/10/22 15:45:41 [/shop/shopping/load_payment_module.php] Array
(
    [0] => Array
        (
            [ErrCode] => E01
            [ErrInfo] => E01390002
        )

    [1] => Array
        (
            [ErrCode] => E01
            [ErrInfo] => E01240002
        )

)
 from 165.225.34.136
2018/10/22 15:45:41 [/shop/shopping/load_payment_module.php] SendRequest:https://p01.mul-pay.jp/payment/EntryTran.idPass from 165.225.34.136
2018/10/22 15:45:41 [/shop/shopping/load_payment_module.php] Array
(
    [ShopID] => 9000034600950
    [ShopPass] => ******
    [OrderID] => 930598-22154541
    [JobCd] => CAPTURE
    [Amount] => 700
    [TdFlag] => 0
    [TdTenantName] => 
)
 from 165.225.34.136
2018/10/22 15:45:41 [/shop/shopping/load_payment_module.php] AccessID=462c5d04d03892a56f74bf2c078308a0&AccessPass=5880a30ac47bad1fd57efb2b87573c18 from 165.225.34.136
2018/10/22 15:45:41 [/shop/shopping/load_payment_module.php] Array
(
    [0] => Array
        (
            [AccessID] => 462c5d04d03892a56f74bf2c078308a0
            [AccessPass] => 5880a30ac47bad1fd57efb2b87573c18
        )

)
 from 165.225.34.136
2018/10/22 15:45:41 [/shop/shopping/load_payment_module.php] load_payment_module.php set payment data:Array
(
    [AccessID] => 462c5d04d03892a56f74bf2c078308a0
    [AccessPass] => 5880a30ac47bad1fd57efb2b87573c18
    [OrderID] => 930598-22154541
    [Amount] => 700
    [JobCd] => CAPTURE
    [action_status] => 1
    [pay_status] => 0
)
 from 165.225.34.136
2018/10/22 15:45:41 [/shop/shopping/load_payment_module.php] SendRequest:https://p01.mul-pay.jp/payment/ExecTran.idPass from 165.225.34.136
2018/10/22 15:45:41 [/shop/shopping/load_payment_module.php] Array
(
    [AccessID] => 462c5d04d03892a56f74bf2c078308a0
    [AccessPass] => 5880a30ac47bad1fd57efb2b87573c18
    [OrderID] => 930598-22154541
    [Method] => 1
    [Token] => 954e0c50e424ce0abe2a1b5d54e13d8190e2a316189553a76d93863040046a52
    [ClientField1] => 
    [ClientField2] => 
    [ClientField3] => EC-CUBE4.3.24
)
 from 165.225.34.136
2018/10/22 15:45:43 [/shop/shopping/load_payment_module.php] ACS=0&OrderID=930598-22154541&Forward=2a99661&Method=1&PayTimes=&Approve=0000094&TranID=1810221545602257210134118262&TranDate=20181022154543&CheckString=b966baf53725aad1ca7eaabf3c535891 from 165.225.34.136
2018/10/22 15:45:43 [/shop/shopping/load_payment_module.php] Array
(
    [0] => Array
        (
            [ACS] => 0
            [OrderID] => 930598-22154541
            [Forward] => 2a99661
            [Method] => 1
            [PayTimes] => 
            [Approve] => 0000094
            [TranID] => 1810221545602257210134118262
            [TranDate] => 20181022154543
            [CheckString] => b966baf53725aad1ca7eaabf3c535891
        )

)
 from 165.225.34.136
2018/10/22 15:45:43 [/shop/shopping/load_payment_module.php] load_payment_module.php set payment data:Array
(
    [ACS] => 0
    [Forward] => 2a99661
    [Method] => 1
    [PayTimes] => 
    [Approve] => 0000094
    [TranID] => 1810221545602257210134118262
    [TranDate] => 20181022154543
    [CheckString] => b966baf53725aad1ca7eaabf3c535891
    [Amount] => 700
    [JobCd] => CAPTURE
    [action_status] => 3
    [pay_status] => 13
)
 from 165.225.34.136
2018/10/22 15:52:00 [/shop/shopping/load_payment_module.php] SendRequest:https://p01.mul-pay.jp/payment/SearchMember.idPass from 98.151.61.132
2018/10/22 15:52:00 [/shop/shopping/load_payment_module.php] Array
(
    [SiteID] => mst0000007602
    [SitePass] => ******
    [MemberID] => 2632
)
 from 98.151.61.132
2018/10/22 15:52:00 [/shop/shopping/load_payment_module.php] ErrCode=E01&ErrInfo=E01390002 from 98.151.61.132
2018/10/22 15:52:00 [/shop/shopping/load_payment_module.php] Array
(
    [0] => Array
        (
            [ErrCode] => E01
            [ErrInfo] => E01390002
        )

)
 from 98.151.61.132
2018/10/22 15:52:00 [/shop/shopping/load_payment_module.php] SendRequest:https://p01.mul-pay.jp/payment/SearchCard.idPass from 98.151.61.132
2018/10/22 15:52:00 [/shop/shopping/load_payment_module.php] Array
(
    [SiteID] => mst0000007602
    [SitePass] => ******
    [MemberID] => 2632
)
 from 98.151.61.132
2018/10/22 15:52:00 [/shop/shopping/load_payment_module.php] ErrCode=E01|E01&ErrInfo=E01390002|E01240002 from 98.151.61.132
2018/10/22 15:52:00 [/shop/shopping/load_payment_module.php] Array
(
    [0] => Array
        (
            [ErrCode] => E01
            [ErrInfo] => E01390002
        )

    [1] => Array
        (
            [ErrCode] => E01
            [ErrInfo] => E01240002
        )

)
 from 98.151.61.132
2018/10/22 15:53:00 [/shop/shopping/load_payment_module.php] SendRequest:https://p01.mul-pay.jp/payment/SearchMember.idPass from 85.203.47.187
2018/10/22 15:53:00 [/shop/shopping/load_payment_module.php] Array
(
    [SiteID] => mst0000007602
    [SitePass] => ******
    [MemberID] => 8056
)
 from 85.203.47.187
2018/10/22 15:53:00 [/shop/shopping/load_payment_module.php] ErrCode=E01&ErrInfo=E01390002 from 85.203.47.187
2018/10/22 15:53:00 [/shop/shopping/load_payment_module.php] Array
(
    [0] => Array
        (
            [ErrCode] => E01
            [ErrInfo] => E01390002
        )

)
 from 85.203.47.187
2018/10/22 15:53:00 [/shop/shopping/load_payment_module.php] SendRequest:https://p01.mul-pay.jp/payment/SearchCard.idPass from 85.203.47.187
2018/10/22 15:53:00 [/shop/shopping/load_payment_module.php] Array
(
    [SiteID] => mst0000007602
    [SitePass] => ******
    [MemberID] => 8056
)
 from 85.203.47.187
2018/10/22 15:53:00 [/shop/shopping/load_payment_module.php] ErrCode=E01|E01&ErrInfo=E01390002|E01240002 from 85.203.47.187
2018/10/22 15:53:00 [/shop/shopping/load_payment_module.php] Array
(
    [0] => Array
        (
            [ErrCode] => E01
            [ErrInfo] => E01390002
        )

    [1] => Array
        (
            [ErrCode] => E01
            [ErrInfo] => E01240002
        )

)
 from 85.203.47.187
2018/10/22 15:53:41 [/shop/shopping/load_payment_module.php] SendRequest:https://p01.mul-pay.jp/payment/SearchMember.idPass from 98.151.61.132
2018/10/22 15:53:41 [/shop/shopping/load_payment_module.php] Array
(
    [SiteID] => mst0000007602
    [SitePass] => ******
    [MemberID] => 2632
)
 from 98.151.61.132
2018/10/22 15:53:41 [/shop/shopping/load_payment_module.php] ErrCode=E01&ErrInfo=E01390002 from 98.151.61.132
2018/10/22 15:53:41 [/shop/shopping/load_payment_module.php] Array
(
    [0] => Array
        (
            [ErrCode] => E01
            [ErrInfo] => E01390002
        )

)
 from 98.151.61.132
2018/10/22 15:53:41 [/shop/shopping/load_payment_module.php] SendRequest:https://p01.mul-pay.jp/payment/SearchCard.idPass from 98.151.61.132
2018/10/22 15:53:41 [/shop/shopping/load_payment_module.php] Array
(
    [SiteID] => mst0000007602
    [SitePass] => ******
    [MemberID] => 2632
)
 from 98.151.61.132
2018/10/22 15:53:41 [/shop/shopping/load_payment_module.php] ErrCode=E01|E01&ErrInfo=E01390002|E01240002 from 98.151.61.132
2018/10/22 15:53:41 [/shop/shopping/load_payment_module.php] Array
(
    [0] => Array
        (
            [ErrCode] => E01
            [ErrInfo] => E01390002
        )

    [1] => Array
        (
            [ErrCode] => E01
            [ErrInfo] => E01240002
        )

)
 from 98.151.61.132
2018/10/22 15:53:41 [/shop/shopping/load_payment_module.php] SendRequest:https://p01.mul-pay.jp/payment/EntryTran.idPass from 98.151.61.132
2018/10/22 15:53:41 [/shop/shopping/load_payment_module.php] Array
(
    [ShopID] => 9000034600950
    [ShopPass] => ******
    [OrderID] => 930599-22155341
    [JobCd] => CAPTURE
    [Amount] => 2733
    [TdFlag] => 0
    [TdTenantName] => 
)
 from 98.151.61.132
2018/10/22 15:53:42 [/shop/shopping/load_payment_module.php] AccessID=f0c68dc654b19dcb97f39fd45b1bf76c&AccessPass=ccce05c00c06ebc6d49af0662be3d39b from 98.151.61.132
2018/10/22 15:53:42 [/shop/shopping/load_payment_module.php] Array
(
    [0] => Array
        (
            [AccessID] => f0c68dc654b19dcb97f39fd45b1bf76c
            [AccessPass] => ccce05c00c06ebc6d49af0662be3d39b
        )

)
 from 98.151.61.132
2018/10/22 15:53:42 [/shop/shopping/load_payment_module.php] load_payment_module.php set payment data:Array
(
    [AccessID] => f0c68dc654b19dcb97f39fd45b1bf76c
    [AccessPass] => ccce05c00c06ebc6d49af0662be3d39b
    [OrderID] => 930599-22155341
    [Amount] => 2733
    [JobCd] => CAPTURE
    [action_status] => 1
    [pay_status] => 0
)
 from 98.151.61.132
2018/10/22 15:53:42 [/shop/shopping/load_payment_module.php] SendRequest:https://p01.mul-pay.jp/payment/ExecTran.idPass from 98.151.61.132
2018/10/22 15:53:42 [/shop/shopping/load_payment_module.php] Array
(
    [AccessID] => f0c68dc654b19dcb97f39fd45b1bf76c
    [AccessPass] => ccce05c00c06ebc6d49af0662be3d39b
    [OrderID] => 930599-22155341
    [Method] => 1
    [Token] => 0ed2baccb396a9b7c413edeb5744ce3b6745577cbf7f42ffcd198aa71f24468a
    [ClientField1] => 
    [ClientField2] => 
    [ClientField3] => EC-CUBE4.3.24
)
 from 98.151.61.132
2018/10/22 15:53:43 [/shop/shopping/load_payment_module.php] ACS=0&OrderID=930599-22155341&Forward=2a99661&Method=1&PayTimes=&Approve=0000022&TranID=1810221553602257210134118263&TranDate=20181022155343&CheckString=38ad331b056a9d7c0c9b70933f580596 from 98.151.61.132
2018/10/22 15:53:43 [/shop/shopping/load_payment_module.php] Array
(
    [0] => Array
        (
            [ACS] => 0
            [OrderID] => 930599-22155341
            [Forward] => 2a99661
            [Method] => 1
            [PayTimes] => 
            [Approve] => 0000022
            [TranID] => 1810221553602257210134118263
            [TranDate] => 20181022155343
            [CheckString] => 38ad331b056a9d7c0c9b70933f580596
        )

)
 from 98.151.61.132
2018/10/22 15:53:43 [/shop/shopping/load_payment_module.php] load_payment_module.php set payment data:Array
(
    [ACS] => 0
    [Forward] => 2a99661
    [Method] => 1
    [PayTimes] => 
    [Approve] => 0000022
    [TranID] => 1810221553602257210134118263
    [TranDate] => 20181022155343
    [CheckString] => 38ad331b056a9d7c0c9b70933f580596
    [Amount] => 2733
    [JobCd] => CAPTURE
    [action_status] => 3
    [pay_status] => 13
)
 from 98.151.61.132
2018/10/22 15:54:59 [/shop/shopping/load_payment_module.php] SendRequest:https://p01.mul-pay.jp/payment/SearchMember.idPass from 165.225.34.136
2018/10/22 15:54:59 [/shop/shopping/load_payment_module.php] Array
(
    [SiteID] => mst0000007602
    [SitePass] => ******
    [MemberID] => 7771
)
 from 165.225.34.136
2018/10/22 15:54:59 [/shop/shopping/load_payment_module.php] ErrCode=E01&ErrInfo=E01390002 from 165.225.34.136
2018/10/22 15:54:59 [/shop/shopping/load_payment_module.php] Array
(
    [0] => Array
        (
            [ErrCode] => E01
            [ErrInfo] => E01390002
        )

)
 from 165.225.34.136
2018/10/22 15:54:59 [/shop/shopping/load_payment_module.php] SendRequest:https://p01.mul-pay.jp/payment/SearchCard.idPass from 165.225.34.136
2018/10/22 15:54:59 [/shop/shopping/load_payment_module.php] Array
(
    [SiteID] => mst0000007602
    [SitePass] => ******
    [MemberID] => 7771
)
 from 165.225.34.136
2018/10/22 15:54:59 [/shop/shopping/load_payment_module.php] ErrCode=E01|E01&ErrInfo=E01390002|E01240002 from 165.225.34.136
2018/10/22 15:54:59 [/shop/shopping/load_payment_module.php] Array
(
    [0] => Array
        (
            [ErrCode] => E01
            [ErrInfo] => E01390002
        )

    [1] => Array
        (
            [ErrCode] => E01
            [ErrInfo] => E01240002
        )

)
 from 165.225.34.136
2018/10/22 15:55:51 [/shop/shopping/load_payment_module.php] SendRequest:https://p01.mul-pay.jp/payment/SearchMember.idPass from 165.225.34.136
2018/10/22 15:55:51 [/shop/shopping/load_payment_module.php] Array
(
    [SiteID] => mst0000007602
    [SitePass] => ******
    [MemberID] => 7771
)
 from 165.225.34.136
2018/10/22 15:55:51 [/shop/shopping/load_payment_module.php] ErrCode=E01&ErrInfo=E01390002 from 165.225.34.136
2018/10/22 15:55:51 [/shop/shopping/load_payment_module.php] Array
(
    [0] => Array
        (
            [ErrCode] => E01
            [ErrInfo] => E01390002
        )

)
 from 165.225.34.136
2018/10/22 15:55:51 [/shop/shopping/load_payment_module.php] SendRequest:https://p01.mul-pay.jp/payment/SearchCard.idPass from 165.225.34.136
2018/10/22 15:55:51 [/shop/shopping/load_payment_module.php] Array
(
    [SiteID] => mst0000007602
    [SitePass] => ******
    [MemberID] => 7771
)
 from 165.225.34.136
2018/10/22 15:55:51 [/shop/shopping/load_payment_module.php] ErrCode=E01|E01&ErrInfo=E01390002|E01240002 from 165.225.34.136
2018/10/22 15:55:51 [/shop/shopping/load_payment_module.php] Array
(
    [0] => Array
        (
            [ErrCode] => E01
            [ErrInfo] => E01390002
        )

    [1] => Array
        (
            [ErrCode] => E01
            [ErrInfo] => E01240002
        )

)
 from 165.225.34.136
2018/10/22 15:55:51 [/shop/shopping/load_payment_module.php] SendRequest:https://p01.mul-pay.jp/payment/EntryTran.idPass from 165.225.34.136
2018/10/22 15:55:51 [/shop/shopping/load_payment_module.php] Array
(
    [ShopID] => 9000034600950
    [ShopPass] => ******
    [OrderID] => 930601-22155551
    [JobCd] => CAPTURE
    [Amount] => 700
    [TdFlag] => 0
    [TdTenantName] => 
)
 from 165.225.34.136
2018/10/22 15:55:51 [/shop/shopping/load_payment_module.php] AccessID=3fd9a6621382bfa1054cd890251b2f2f&AccessPass=dd1b6a4886c4e2b2205fc6a95c894ee3 from 165.225.34.136
2018/10/22 15:55:51 [/shop/shopping/load_payment_module.php] Array
(
    [0] => Array
        (
            [AccessID] => 3fd9a6621382bfa1054cd890251b2f2f
            [AccessPass] => dd1b6a4886c4e2b2205fc6a95c894ee3
        )

)
 from 165.225.34.136
2018/10/22 15:55:51 [/shop/shopping/load_payment_module.php] load_payment_module.php set payment data:Array
(
    [AccessID] => 3fd9a6621382bfa1054cd890251b2f2f
    [AccessPass] => dd1b6a4886c4e2b2205fc6a95c894ee3
    [OrderID] => 930601-22155551
    [Amount] => 700
    [JobCd] => CAPTURE
    [action_status] => 1
    [pay_status] => 0
)
 from 165.225.34.136
2018/10/22 15:55:51 [/shop/shopping/load_payment_module.php] SendRequest:https://p01.mul-pay.jp/payment/ExecTran.idPass from 165.225.34.136
2018/10/22 15:55:51 [/shop/shopping/load_payment_module.php] Array
(
    [AccessID] => 3fd9a6621382bfa1054cd890251b2f2f
    [AccessPass] => dd1b6a4886c4e2b2205fc6a95c894ee3
    [OrderID] => 930601-22155551
    [Method] => 1
    [Token] => a4950e29a14a26619f52654be4f132a6bb0307273345d3a73402cc4863c1a3e7
    [ClientField1] => 
    [ClientField2] => 
    [ClientField3] => EC-CUBE4.3.24
)
 from 165.225.34.136
2018/10/22 15:55:53 [/shop/shopping/load_payment_module.php] ACS=0&OrderID=930601-22155551&Forward=2a99661&Method=1&PayTimes=&Approve=0000062&TranID=1810221555602257210134128304&TranDate=20181022155553&CheckString=7c84b074986f9ce43c60c8bec77bb746 from 165.225.34.136
2018/10/22 15:55:53 [/shop/shopping/load_payment_module.php] Array
(
    [0] => Array
        (
            [ACS] => 0
            [OrderID] => 930601-22155551
            [Forward] => 2a99661
            [Method] => 1
            [PayTimes] => 
            [Approve] => 0000062
            [TranID] => 1810221555602257210134128304
            [TranDate] => 20181022155553
            [CheckString] => 7c84b074986f9ce43c60c8bec77bb746
        )

)
 from 165.225.34.136
2018/10/22 15:55:53 [/shop/shopping/load_payment_module.php] load_payment_module.php set payment data:Array
(
    [ACS] => 0
    [Forward] => 2a99661
    [Method] => 1
    [PayTimes] => 
    [Approve] => 0000062
    [TranID] => 1810221555602257210134128304
    [TranDate] => 20181022155553
    [CheckString] => 7c84b074986f9ce43c60c8bec77bb746
    [Amount] => 700
    [JobCd] => CAPTURE
    [action_status] => 3
    [pay_status] => 13
)
 from 165.225.34.136
2018/10/22 15:57:03 [/shop/shopping/load_payment_module.php] SendRequest:https://p01.mul-pay.jp/payment/SearchMember.idPass from 85.203.47.187
2018/10/22 15:57:03 [/shop/shopping/load_payment_module.php] Array
(
    [SiteID] => mst0000007602
    [SitePass] => ******
    [MemberID] => 8056
)
 from 85.203.47.187
2018/10/22 15:57:03 [/shop/shopping/load_payment_module.php] ErrCode=E01&ErrInfo=E01390002 from 85.203.47.187
2018/10/22 15:57:03 [/shop/shopping/load_payment_module.php] Array
(
    [0] => Array
        (
            [ErrCode] => E01
            [ErrInfo] => E01390002
        )

)
 from 85.203.47.187
2018/10/22 15:57:03 [/shop/shopping/load_payment_module.php] SendRequest:https://p01.mul-pay.jp/payment/SearchCard.idPass from 85.203.47.187
2018/10/22 15:57:03 [/shop/shopping/load_payment_module.php] Array
(
    [SiteID] => mst0000007602
    [SitePass] => ******
    [MemberID] => 8056
)
 from 85.203.47.187
2018/10/22 15:57:03 [/shop/shopping/load_payment_module.php] ErrCode=E01|E01&ErrInfo=E01390002|E01240002 from 85.203.47.187
2018/10/22 15:57:03 [/shop/shopping/load_payment_module.php] Array
(
    [0] => Array
        (
            [ErrCode] => E01
            [ErrInfo] => E01390002
        )

    [1] => Array
        (
            [ErrCode] => E01
            [ErrInfo] => E01240002
        )

)
 from 85.203.47.187
2018/10/22 15:58:02 [/shop/shopping/load_payment_module.php] SendRequest:https://p01.mul-pay.jp/payment/SearchMember.idPass from 85.203.47.187
2018/10/22 15:58:02 [/shop/shopping/load_payment_module.php] Array
(
    [SiteID] => mst0000007602
    [SitePass] => ******
    [MemberID] => 8056
)
 from 85.203.47.187
2018/10/22 15:58:02 [/shop/shopping/load_payment_module.php] ErrCode=E01&ErrInfo=E01390002 from 85.203.47.187
2018/10/22 15:58:02 [/shop/shopping/load_payment_module.php] Array
(
    [0] => Array
        (
            [ErrCode] => E01
            [ErrInfo] => E01390002
        )

)
 from 85.203.47.187
2018/10/22 15:58:02 [/shop/shopping/load_payment_module.php] SendRequest:https://p01.mul-pay.jp/payment/SearchCard.idPass from 85.203.47.187
2018/10/22 15:58:02 [/shop/shopping/load_payment_module.php] Array
(
    [SiteID] => mst0000007602
    [SitePass] => ******
    [MemberID] => 8056
)
 from 85.203.47.187
2018/10/22 15:58:03 [/shop/shopping/load_payment_module.php] ErrCode=E01|E01&ErrInfo=E01390002|E01240002 from 85.203.47.187
2018/10/22 15:58:03 [/shop/shopping/load_payment_module.php] Array
(
    [0] => Array
        (
            [ErrCode] => E01
            [ErrInfo] => E01390002
        )

    [1] => Array
        (
            [ErrCode] => E01
            [ErrInfo] => E01240002
        )

)
 from 85.203.47.187
2018/10/22 15:58:16 [/shop/shopping/load_payment_module.php] SendRequest:https://p01.mul-pay.jp/payment/SearchMember.idPass from 85.203.47.187
2018/10/22 15:58:16 [/shop/shopping/load_payment_module.php] Array
(
    [SiteID] => mst0000007602
    [SitePass] => ******
    [MemberID] => 8056
)
 from 85.203.47.187
2018/10/22 15:58:17 [/shop/shopping/load_payment_module.php] ErrCode=E01&ErrInfo=E01390002 from 85.203.47.187
2018/10/22 15:58:17 [/shop/shopping/load_payment_module.php] Array
(
    [0] => Array
        (
            [ErrCode] => E01
            [ErrInfo] => E01390002
        )

)
 from 85.203.47.187
2018/10/22 15:58:17 [/shop/shopping/load_payment_module.php] SendRequest:https://p01.mul-pay.jp/payment/SearchCard.idPass from 85.203.47.187
2018/10/22 15:58:17 [/shop/shopping/load_payment_module.php] Array
(
    [SiteID] => mst0000007602
    [SitePass] => ******
    [MemberID] => 8056
)
 from 85.203.47.187
2018/10/22 15:58:17 [/shop/shopping/load_payment_module.php] ErrCode=E01|E01&ErrInfo=E01390002|E01240002 from 85.203.47.187
2018/10/22 15:58:17 [/shop/shopping/load_payment_module.php] Array
(
    [0] => Array
        (
            [ErrCode] => E01
            [ErrInfo] => E01390002
        )

    [1] => Array
        (
            [ErrCode] => E01
            [ErrInfo] => E01240002
        )

)
 from 85.203.47.187
2018/10/22 15:59:22 [/shop/shopping/load_payment_module.php] SendRequest:https://p01.mul-pay.jp/payment/SearchMember.idPass from 85.203.47.187
2018/10/22 15:59:22 [/shop/shopping/load_payment_module.php] Array
(
    [SiteID] => mst0000007602
    [SitePass] => ******
    [MemberID] => 8056
)
 from 85.203.47.187
2018/10/22 15:59:22 [/shop/shopping/load_payment_module.php] ErrCode=E01&ErrInfo=E01390002 from 85.203.47.187
2018/10/22 15:59:22 [/shop/shopping/load_payment_module.php] Array
(
    [0] => Array
        (
            [ErrCode] => E01
            [ErrInfo] => E01390002
        )

)
 from 85.203.47.187
2018/10/22 15:59:22 [/shop/shopping/load_payment_module.php] SendRequest:https://p01.mul-pay.jp/payment/SearchCard.idPass from 85.203.47.187
2018/10/22 15:59:22 [/shop/shopping/load_payment_module.php] Array
(
    [SiteID] => mst0000007602
    [SitePass] => ******
    [MemberID] => 8056
)
 from 85.203.47.187
2018/10/22 15:59:23 [/shop/shopping/load_payment_module.php] ErrCode=E01|E01&ErrInfo=E01390002|E01240002 from 85.203.47.187
2018/10/22 15:59:23 [/shop/shopping/load_payment_module.php] Array
(
    [0] => Array
        (
            [ErrCode] => E01
            [ErrInfo] => E01390002
        )

    [1] => Array
        (
            [ErrCode] => E01
            [ErrInfo] => E01240002
        )

)
 from 85.203.47.187
2018/10/22 16:00:04 [/shop/shopping/load_payment_module.php] SendRequest:https://p01.mul-pay.jp/payment/SearchMember.idPass from 85.203.47.187
2018/10/22 16:00:04 [/shop/shopping/load_payment_module.php] Array
(
    [SiteID] => mst0000007602
    [SitePass] => ******
    [MemberID] => 8056
)
 from 85.203.47.187
2018/10/22 16:00:05 [/shop/shopping/load_payment_module.php] ErrCode=E01&ErrInfo=E01390002 from 85.203.47.187
2018/10/22 16:00:05 [/shop/shopping/load_payment_module.php] Array
(
    [0] => Array
        (
            [ErrCode] => E01
            [ErrInfo] => E01390002
        )

)
 from 85.203.47.187
2018/10/22 16:00:05 [/shop/shopping/load_payment_module.php] SendRequest:https://p01.mul-pay.jp/payment/SearchCard.idPass from 85.203.47.187
2018/10/22 16:00:05 [/shop/shopping/load_payment_module.php] Array
(
    [SiteID] => mst0000007602
    [SitePass] => ******
    [MemberID] => 8056
)
 from 85.203.47.187
2018/10/22 16:00:05 [/shop/shopping/load_payment_module.php] ErrCode=E01|E01&ErrInfo=E01390002|E01240002 from 85.203.47.187
2018/10/22 16:00:05 [/shop/shopping/load_payment_module.php] Array
(
    [0] => Array
        (
            [ErrCode] => E01
            [ErrInfo] => E01390002
        )

    [1] => Array
        (
            [ErrCode] => E01
            [ErrInfo] => E01240002
        )

)
 from 85.203.47.187
2018/10/22 16:00:05 [/shop/shopping/load_payment_module.php] SendRequest:https://p01.mul-pay.jp/payment/EntryTran.idPass from 85.203.47.187
2018/10/22 16:00:05 [/shop/shopping/load_payment_module.php] Array
(
    [ShopID] => 9000034600950
    [ShopPass] => ******
    [OrderID] => 930603-22160005
    [JobCd] => CAPTURE
    [Amount] => 3870
    [TdFlag] => 0
    [TdTenantName] => 
)
 from 85.203.47.187
2018/10/22 16:00:05 [/shop/shopping/load_payment_module.php] AccessID=271fc38734fd6ea40eaff7e5cada2b4e&AccessPass=d7b7fccdd33aad744eb5c0672e231a84 from 85.203.47.187
2018/10/22 16:00:05 [/shop/shopping/load_payment_module.php] Array
(
    [0] => Array
        (
            [AccessID] => 271fc38734fd6ea40eaff7e5cada2b4e
            [AccessPass] => d7b7fccdd33aad744eb5c0672e231a84
        )

)
 from 85.203.47.187
2018/10/22 16:00:05 [/shop/shopping/load_payment_module.php] load_payment_module.php set payment data:Array
(
    [AccessID] => 271fc38734fd6ea40eaff7e5cada2b4e
    [AccessPass] => d7b7fccdd33aad744eb5c0672e231a84
    [OrderID] => 930603-22160005
    [Amount] => 3870
    [JobCd] => CAPTURE
    [action_status] => 1
    [pay_status] => 0
)
 from 85.203.47.187
2018/10/22 16:00:06 [/shop/shopping/load_payment_module.php] SendRequest:https://p01.mul-pay.jp/payment/ExecTran.idPass from 85.203.47.187
2018/10/22 16:00:06 [/shop/shopping/load_payment_module.php] Array
(
    [AccessID] => 271fc38734fd6ea40eaff7e5cada2b4e
    [AccessPass] => d7b7fccdd33aad744eb5c0672e231a84
    [OrderID] => 930603-22160005
    [Method] => 1
    [Token] => 9d13b3cdafe0e0735c0b4686730ac4f4e63b502d0c9f4e80770841579385b307
    [ClientField1] => 
    [ClientField2] => 
    [ClientField3] => EC-CUBE4.3.24
)
 from 85.203.47.187
2018/10/22 16:00:07 [/shop/shopping/load_payment_module.php] ACS=0&OrderID=930603-22160005&Forward=2S49631&Method=1&PayTimes=&Approve=0070003&TranID=1810221600602257210134138239&TranDate=20181022160007&CheckString=95ca4cec3337b72e080df8edd64118d8 from 85.203.47.187
2018/10/22 16:00:07 [/shop/shopping/load_payment_module.php] Array
(
    [0] => Array
        (
            [ACS] => 0
            [OrderID] => 930603-22160005
            [Forward] => 2S49631
            [Method] => 1
            [PayTimes] => 
            [Approve] => 0070003
            [TranID] => 1810221600602257210134138239
            [TranDate] => 20181022160007
            [CheckString] => 95ca4cec3337b72e080df8edd64118d8
        )

)
 from 85.203.47.187
2018/10/22 16:00:07 [/shop/shopping/load_payment_module.php] load_payment_module.php set payment data:Array
(
    [ACS] => 0
    [Forward] => 2S49631
    [Method] => 1
    [PayTimes] => 
    [Approve] => 0070003
    [TranID] => 1810221600602257210134138239
    [TranDate] => 20181022160007
    [CheckString] => 95ca4cec3337b72e080df8edd64118d8
    [Amount] => 3870
    [JobCd] => CAPTURE
    [action_status] => 3
    [pay_status] => 13
)
 from 85.203.47.187
2018/10/22 16:15:28 [/shop/shopping/load_payment_module.php] SendRequest:https://p01.mul-pay.jp/payment/SearchMember.idPass from 126.227.192.3
2018/10/22 16:15:28 [/shop/shopping/load_payment_module.php] Array
(
    [SiteID] => mst0000007602
    [SitePass] => ******
    [MemberID] => 282
)
 from 126.227.192.3
2018/10/22 16:15:28 [/shop/shopping/load_payment_module.php] ErrCode=E01&ErrInfo=E01390002 from 126.227.192.3
2018/10/22 16:15:28 [/shop/shopping/load_payment_module.php] Array
(
    [0] => Array
        (
            [ErrCode] => E01
            [ErrInfo] => E01390002
        )

)
 from 126.227.192.3
2018/10/22 16:15:28 [/shop/shopping/load_payment_module.php] SendRequest:https://p01.mul-pay.jp/payment/SearchCard.idPass from 126.227.192.3
2018/10/22 16:15:28 [/shop/shopping/load_payment_module.php] Array
(
    [SiteID] => mst0000007602
    [SitePass] => ******
    [MemberID] => 282
)
 from 126.227.192.3
2018/10/22 16:15:28 [/shop/shopping/load_payment_module.php] ErrCode=E01|E01&ErrInfo=E01390002|E01240002 from 126.227.192.3
2018/10/22 16:15:28 [/shop/shopping/load_payment_module.php] Array
(
    [0] => Array
        (
            [ErrCode] => E01
            [ErrInfo] => E01390002
        )

    [1] => Array
        (
            [ErrCode] => E01
            [ErrInfo] => E01240002
        )

)
 from 126.227.192.3
2018/10/22 16:16:19 [/shop/shopping/load_payment_module.php] SendRequest:https://p01.mul-pay.jp/payment/SearchMember.idPass from 126.227.192.3
2018/10/22 16:16:19 [/shop/shopping/load_payment_module.php] Array
(
    [SiteID] => mst0000007602
    [SitePass] => ******
    [MemberID] => 282
)
 from 126.227.192.3
2018/10/22 16:16:19 [/shop/shopping/load_payment_module.php] ErrCode=E01&ErrInfo=E01390002 from 126.227.192.3
2018/10/22 16:16:19 [/shop/shopping/load_payment_module.php] Array
(
    [0] => Array
        (
            [ErrCode] => E01
            [ErrInfo] => E01390002
        )

)
 from 126.227.192.3
2018/10/22 16:16:19 [/shop/shopping/load_payment_module.php] SendRequest:https://p01.mul-pay.jp/payment/SearchCard.idPass from 126.227.192.3
2018/10/22 16:16:19 [/shop/shopping/load_payment_module.php] Array
(
    [SiteID] => mst0000007602
    [SitePass] => ******
    [MemberID] => 282
)
 from 126.227.192.3
2018/10/22 16:16:19 [/shop/shopping/load_payment_module.php] ErrCode=E01|E01&ErrInfo=E01390002|E01240002 from 126.227.192.3
2018/10/22 16:16:19 [/shop/shopping/load_payment_module.php] Array
(
    [0] => Array
        (
            [ErrCode] => E01
            [ErrInfo] => E01390002
        )

    [1] => Array
        (
            [ErrCode] => E01
            [ErrInfo] => E01240002
        )

)
 from 126.227.192.3
2018/10/22 16:16:19 [/shop/shopping/load_payment_module.php] SendRequest:https://p01.mul-pay.jp/payment/EntryTran.idPass from 126.227.192.3
2018/10/22 16:16:19 [/shop/shopping/load_payment_module.php] Array
(
    [ShopID] => 9000034600950
    [ShopPass] => ******
    [OrderID] => 930605-22161619
    [JobCd] => CAPTURE
    [Amount] => 9662
    [TdFlag] => 0
    [TdTenantName] => 
)
 from 126.227.192.3
2018/10/22 16:16:19 [/shop/shopping/load_payment_module.php] AccessID=833b8047383dd9a4bb67f7f7c65e0461&AccessPass=8617bbaafcb05df3530b1b29837bf956 from 126.227.192.3
2018/10/22 16:16:19 [/shop/shopping/load_payment_module.php] Array
(
    [0] => Array
        (
            [AccessID] => 833b8047383dd9a4bb67f7f7c65e0461
            [AccessPass] => 8617bbaafcb05df3530b1b29837bf956
        )

)
 from 126.227.192.3
2018/10/22 16:16:19 [/shop/shopping/load_payment_module.php] load_payment_module.php set payment data:Array
(
    [AccessID] => 833b8047383dd9a4bb67f7f7c65e0461
    [AccessPass] => 8617bbaafcb05df3530b1b29837bf956
    [OrderID] => 930605-22161619
    [Amount] => 9662
    [JobCd] => CAPTURE
    [action_status] => 1
    [pay_status] => 0
)
 from 126.227.192.3
2018/10/22 16:16:19 [/shop/shopping/load_payment_module.php] SendRequest:https://p01.mul-pay.jp/payment/ExecTran.idPass from 126.227.192.3
2018/10/22 16:16:19 [/shop/shopping/load_payment_module.php] Array
(
    [AccessID] => 833b8047383dd9a4bb67f7f7c65e0461
    [AccessPass] => 8617bbaafcb05df3530b1b29837bf956
    [OrderID] => 930605-22161619
    [Method] => 1
    [Token] => 0a89a8e4c5d7d6b5575ce48ffb8cf93849e9b54f64e3c243c88016265d95f89b
    [ClientField1] => 
    [ClientField2] => 
    [ClientField3] => EC-CUBE4.3.24
)
 from 126.227.192.3
2018/10/22 16:16:21 [/shop/shopping/load_payment_module.php] ACS=0&OrderID=930605-22161619&Forward=2S49631&Method=1&PayTimes=&Approve=0009789&TranID=1810221616602257210134138240&TranDate=20181022161621&CheckString=047eab30711b63f37b496d07d7c231d0 from 126.227.192.3
2018/10/22 16:16:21 [/shop/shopping/load_payment_module.php] Array
(
    [0] => Array
        (
            [ACS] => 0
            [OrderID] => 930605-22161619
            [Forward] => 2S49631
            [Method] => 1
            [PayTimes] => 
            [Approve] => 0009789
            [TranID] => 1810221616602257210134138240
            [TranDate] => 20181022161621
            [CheckString] => 047eab30711b63f37b496d07d7c231d0
        )

)
 from 126.227.192.3
2018/10/22 16:16:21 [/shop/shopping/load_payment_module.php] load_payment_module.php set payment data:Array
(
    [ACS] => 0
    [Forward] => 2S49631
    [Method] => 1
    [PayTimes] => 
    [Approve] => 0009789
    [TranID] => 1810221616602257210134138240
    [TranDate] => 20181022161621
    [CheckString] => 047eab30711b63f37b496d07d7c231d0
    [Amount] => 9662
    [JobCd] => CAPTURE
    [action_status] => 3
    [pay_status] => 13
)
 from 126.227.192.3
2018/10/22 16:43:03 [/shop/shopping/load_payment_module.php] SendRequest:https://p01.mul-pay.jp/payment/EntryTran.idPass from 49.197.189.83
2018/10/22 16:43:03 [/shop/shopping/load_payment_module.php] Array
(
    [ShopID] => 9000034600950
    [ShopPass] => ******
    [OrderID] => 930606-22164303
    [JobCd] => CAPTURE
    [Amount] => 4580
    [TdFlag] => 0
    [TdTenantName] => 
)
 from 49.197.189.83
2018/10/22 16:43:04 [/shop/shopping/load_payment_module.php] AccessID=61293e4050dce653d2847b7ca18c5cc8&AccessPass=ebf7ffa86e253bac40d3316c15415f98 from 49.197.189.83
2018/10/22 16:43:04 [/shop/shopping/load_payment_module.php] Array
(
    [0] => Array
        (
            [AccessID] => 61293e4050dce653d2847b7ca18c5cc8
            [AccessPass] => ebf7ffa86e253bac40d3316c15415f98
        )

)
 from 49.197.189.83
2018/10/22 16:43:04 [/shop/shopping/load_payment_module.php] load_payment_module.php set payment data:Array
(
    [AccessID] => 61293e4050dce653d2847b7ca18c5cc8
    [AccessPass] => ebf7ffa86e253bac40d3316c15415f98
    [OrderID] => 930606-22164303
    [Amount] => 4580
    [JobCd] => CAPTURE
    [action_status] => 1
    [pay_status] => 0
)
 from 49.197.189.83
2018/10/22 16:43:04 [/shop/shopping/load_payment_module.php] SendRequest:https://p01.mul-pay.jp/payment/ExecTran.idPass from 49.197.189.83
2018/10/22 16:43:04 [/shop/shopping/load_payment_module.php] Array
(
    [AccessID] => 61293e4050dce653d2847b7ca18c5cc8
    [AccessPass] => ebf7ffa86e253bac40d3316c15415f98
    [OrderID] => 930606-22164303
    [Method] => 1
    [Token] => 3da32ca887f4d12f16bc8d1820d5159c22b549f516974e749d2051f84718bdfb
    [ClientField1] => 
    [ClientField2] => 
    [ClientField3] => EC-CUBE4.3.24
)
 from 49.197.189.83
2018/10/22 16:43:05 [/shop/shopping/load_payment_module.php] ACS=0&OrderID=930606-22164303&Forward=2S49631&Method=1&PayTimes=&Approve=0051862&TranID=1810221643602257210134118264&TranDate=20181022164305&CheckString=ecdd8989eee096779cf0cd86f1477341 from 49.197.189.83
2018/10/22 16:43:05 [/shop/shopping/load_payment_module.php] Array
(
    [0] => Array
        (
            [ACS] => 0
            [OrderID] => 930606-22164303
            [Forward] => 2S49631
            [Method] => 1
            [PayTimes] => 
            [Approve] => 0051862
            [TranID] => 1810221643602257210134118264
            [TranDate] => 20181022164305
            [CheckString] => ecdd8989eee096779cf0cd86f1477341
        )

)
 from 49.197.189.83
2018/10/22 16:43:05 [/shop/shopping/load_payment_module.php] load_payment_module.php set payment data:Array
(
    [ACS] => 0
    [Forward] => 2S49631
    [Method] => 1
    [PayTimes] => 
    [Approve] => 0051862
    [TranID] => 1810221643602257210134118264
    [TranDate] => 20181022164305
    [CheckString] => ecdd8989eee096779cf0cd86f1477341
    [Amount] => 4580
    [JobCd] => CAPTURE
    [action_status] => 3
    [pay_status] => 13
)
 from 49.197.189.83
2018/10/22 18:00:50 [/shop/admin/order/edit.php] edit.php set payment data:Array
(
    [no_update_status_flg] => 1
)
 from 153.142.16.212
2018/10/22 18:00:50 [/shop/admin/order/edit.php] SendRequest:https://p01.mul-pay.jp/payment/ChangeTran.idPass from 153.142.16.212
2018/10/22 18:00:50 [/shop/admin/order/edit.php] Array
(
    [ShopID] => 9000034600950
    [ShopPass] => ******
    [AccessID] => 7c343a70974ac29c4c391205d6676d8c
    [AccessPass] => 2291173b9dc9fb321d8395dc71aca8a5
    [JobCd] => CAPTURE
    [Amount] => 62244
)
 from 153.142.16.212
2018/10/22 18:00:52 [/shop/admin/order/edit.php] AccessID=7c343a70974ac29c4c391205d6676d8c&AccessPass=2291173b9dc9fb321d8395dc71aca8a5&Forward=2S49631&Approve=0344935&TranID=1810221800602257210134128305&TranDate=20181022180051 from 153.142.16.212
2018/10/22 18:00:52 [/shop/admin/order/edit.php] Array
(
    [0] => Array
        (
            [AccessID] => 7c343a70974ac29c4c391205d6676d8c
            [AccessPass] => 2291173b9dc9fb321d8395dc71aca8a5
            [Forward] => 2S49631
            [Approve] => 0344935
            [TranID] => 1810221800602257210134128305
            [TranDate] => 20181022180051
        )

)
 from 153.142.16.212
2018/10/22 18:00:52 [/shop/admin/order/edit.php] edit.php set payment data:Array
(
    [AccessID] => 7c343a70974ac29c4c391205d6676d8c
    [AccessPass] => 2291173b9dc9fb321d8395dc71aca8a5
    [Forward] => 2S49631
    [Approve] => 0344935
    [TranID] => 1810221800602257210134128305
    [TranDate] => 20181022180051
    [action_status] => 6
    [pay_status] => 13
    [JobCd] => CAPTURE
    [Amount] => 62244
)
 from 153.142.16.212
2018/10/22 18:00:58 [/shop/admin/order/edit.php] SendRequest:https://p01.mul-pay.jp/payment/SearchTrade.idPass from 153.142.16.212
2018/10/22 18:00:58 [/shop/admin/order/edit.php] Array
(
    [ShopID] => 9000034600950
    [ShopPass] => ******
    [OrderID] => 929490-21132658
)
 from 153.142.16.212
2018/10/22 18:00:58 [/shop/admin/order/edit.php] OrderID=929490-21132658&Status=CAPTURE&ProcessDate=20181022180051&JobCd=CAPTURE&AccessID=7c343a70974ac29c4c391205d6676d8c&AccessPass=2291173b9dc9fb321d8395dc71aca8a5&ItemCode=0000990&Amount=62244&Tax=0&SiteID=&MemberID=&CardNo=************2162&Expire=2205&Method=1&PayTimes=&Forward=2S49631&TranID=1810221800602257210134128305&Approve=0344935&ClientField1=&ClientField2=&ClientField3=EC-CUBE4.3.24 from 153.142.16.212
2018/10/22 18:00:58 [/shop/admin/order/edit.php] Array
(
    [0] => Array
        (
            [OrderID] => 929490-21132658
            [Status] => CAPTURE
            [ProcessDate] => 20181022180051
            [JobCd] => CAPTURE
            [AccessID] => 7c343a70974ac29c4c391205d6676d8c
            [AccessPass] => 2291173b9dc9fb321d8395dc71aca8a5
            [ItemCode] => 0000990
            [Amount] => 62244
            [Tax] => 0
            [SiteID] => 
            [MemberID] => 
            [CardNo] => ************2162
            [Expire] => 2205
            [Method] => 1
            [PayTimes] => 
            [Forward] => 2S49631
            [TranID] => 1810221800602257210134128305
            [Approve] => 0344935
            [ClientField1] => 
            [ClientField2] => 
            [ClientField3] => EC-CUBE4.3.24
        )

)
 from 153.142.16.212
2018/10/22 18:00:58 [/shop/admin/order/edit.php] edit.php set payment data:Array
(
    [OrderID] => 929490-21132658
    [Status] => CAPTURE
    [ProcessDate] => 20181022180051
    [JobCd] => CAPTURE
    [AccessID] => 7c343a70974ac29c4c391205d6676d8c
    [AccessPass] => 2291173b9dc9fb321d8395dc71aca8a5
    [ItemCode] => 0000990
    [Amount] => 62244
    [Tax] => 0
    [SiteID] => 
    [MemberID] => 
    [CardNo] => ************2162
    [Expire] => 2205
    [Method] => 1
    [PayTimes] => 
    [Forward] => 2S49631
    [TranID] => 1810221800602257210134128305
    [Approve] => 0344935
    [ClientField1] => 
    [ClientField2] => 
    [ClientField3] => EC-CUBE4.3.24
    [action_status] => 6
    [pay_status] => 13
)
 from 153.142.16.212
2018/10/22 18:09:14 [/shop/shopping/load_payment_module.php] SendRequest:https://p01.mul-pay.jp/payment/EntryTran.idPass from 188.120.90.4
2018/10/22 18:09:14 [/shop/shopping/load_payment_module.php] Array
(
    [ShopID] => 9000034600950
    [ShopPass] => ******
    [OrderID] => 930607-22180914
    [JobCd] => CAPTURE
    [Amount] => 4220
    [TdFlag] => 0
    [TdTenantName] => 
)
 from 188.120.90.4
2018/10/22 18:09:15 [/shop/shopping/load_payment_module.php] AccessID=0d1cc08b46157c2c134b6bfe1d328870&AccessPass=8771e72ea2471a19c8c63cfc14f038d2 from 188.120.90.4
2018/10/22 18:09:15 [/shop/shopping/load_payment_module.php] Array
(
    [0] => Array
        (
            [AccessID] => 0d1cc08b46157c2c134b6bfe1d328870
            [AccessPass] => 8771e72ea2471a19c8c63cfc14f038d2
        )

)
 from 188.120.90.4
2018/10/22 18:09:15 [/shop/shopping/load_payment_module.php] load_payment_module.php set payment data:Array
(
    [AccessID] => 0d1cc08b46157c2c134b6bfe1d328870
    [AccessPass] => 8771e72ea2471a19c8c63cfc14f038d2
    [OrderID] => 930607-22180914
    [Amount] => 4220
    [JobCd] => CAPTURE
    [action_status] => 1
    [pay_status] => 0
)
 from 188.120.90.4
2018/10/22 18:09:15 [/shop/shopping/load_payment_module.php] SendRequest:https://p01.mul-pay.jp/payment/ExecTran.idPass from 188.120.90.4
2018/10/22 18:09:15 [/shop/shopping/load_payment_module.php] Array
(
    [AccessID] => 0d1cc08b46157c2c134b6bfe1d328870
    [AccessPass] => 8771e72ea2471a19c8c63cfc14f038d2
    [OrderID] => 930607-22180914
    [Method] => 1
    [Token] => 0b1c7964d83807636db635b37a4c5cab4e5b1af43ebac46988f8c39b5a1ff2b7
    [ClientField1] => 
    [ClientField2] => 
    [ClientField3] => EC-CUBE4.3.24
)
 from 188.120.90.4
2018/10/22 18:09:16 [/shop/shopping/load_payment_module.php] ACS=0&OrderID=930607-22180914&Forward=2959876&Method=1&PayTimes=&Approve=0601605&TranID=1810221809602257210134138242&TranDate=20181022180916&CheckString=6f55ba00392175ac2c5538c61fbd7b4e from 188.120.90.4
2018/10/22 18:09:16 [/shop/shopping/load_payment_module.php] Array
(
    [0] => Array
        (
            [ACS] => 0
            [OrderID] => 930607-22180914
            [Forward] => 2959876
            [Method] => 1
            [PayTimes] => 
            [Approve] => 0601605
            [TranID] => 1810221809602257210134138242
            [TranDate] => 20181022180916
            [CheckString] => 6f55ba00392175ac2c5538c61fbd7b4e
        )

)
 from 188.120.90.4
2018/10/22 18:09:16 [/shop/shopping/load_payment_module.php] load_payment_module.php set payment data:Array
(
    [ACS] => 0
    [Forward] => 2959876
    [Method] => 1
    [PayTimes] => 
    [Approve] => 0601605
    [TranID] => 1810221809602257210134138242
    [TranDate] => 20181022180916
    [CheckString] => 6f55ba00392175ac2c5538c61fbd7b4e
    [Amount] => 4220
    [JobCd] => CAPTURE
    [action_status] => 3
    [pay_status] => 13
)
 from 188.120.90.4
2018/10/22 18:23:46 [/shop/shopping/load_payment_module.php] SendRequest:https://p01.mul-pay.jp/payment/EntryTran.idPass from 188.120.90.4
2018/10/22 18:23:46 [/shop/shopping/load_payment_module.php] Array
(
    [ShopID] => 9000034600950
    [ShopPass] => ******
    [OrderID] => 930608-22182346
    [JobCd] => CAPTURE
    [Amount] => 5520
    [TdFlag] => 0
    [TdTenantName] => 
)
 from 188.120.90.4
2018/10/22 18:23:47 [/shop/shopping/load_payment_module.php] AccessID=f82bc3c66303a9d67dfd4b47fa6dfced&AccessPass=396b67d407ff4c1b99db7fa4bee9a953 from 188.120.90.4
2018/10/22 18:23:47 [/shop/shopping/load_payment_module.php] Array
(
    [0] => Array
        (
            [AccessID] => f82bc3c66303a9d67dfd4b47fa6dfced
            [AccessPass] => 396b67d407ff4c1b99db7fa4bee9a953
        )

)
 from 188.120.90.4
2018/10/22 18:23:47 [/shop/shopping/load_payment_module.php] load_payment_module.php set payment data:Array
(
    [AccessID] => f82bc3c66303a9d67dfd4b47fa6dfced
    [AccessPass] => 396b67d407ff4c1b99db7fa4bee9a953
    [OrderID] => 930608-22182346
    [Amount] => 5520
    [JobCd] => CAPTURE
    [action_status] => 1
    [pay_status] => 0
)
 from 188.120.90.4
2018/10/22 18:23:47 [/shop/shopping/load_payment_module.php] SendRequest:https://p01.mul-pay.jp/payment/ExecTran.idPass from 188.120.90.4
2018/10/22 18:23:47 [/shop/shopping/load_payment_module.php] Array
(
    [AccessID] => f82bc3c66303a9d67dfd4b47fa6dfced
    [AccessPass] => 396b67d407ff4c1b99db7fa4bee9a953
    [OrderID] => 930608-22182346
    [Method] => 1
    [Token] => a6714f470fe33b83e65cbe8310c569c8685c7d3ad25a3c17189f7c6d91a1cd40
    [ClientField1] => 
    [ClientField2] => 
    [ClientField3] => EC-CUBE4.3.24
)
 from 188.120.90.4
2018/10/22 18:23:49 [/shop/shopping/load_payment_module.php] ACS=0&OrderID=930608-22182346&Forward=2959876&Method=1&PayTimes=&Approve=0658871&TranID=1810221823602257210134118265&TranDate=20181022182349&CheckString=06f74f98b6cbfd10640f99539dc546e5 from 188.120.90.4
2018/10/22 18:23:49 [/shop/shopping/load_payment_module.php] Array
(
    [0] => Array
        (
            [ACS] => 0
            [OrderID] => 930608-22182346
            [Forward] => 2959876
            [Method] => 1
            [PayTimes] => 
            [Approve] => 0658871
            [TranID] => 1810221823602257210134118265
            [TranDate] => 20181022182349
            [CheckString] => 06f74f98b6cbfd10640f99539dc546e5
        )

)
 from 188.120.90.4
2018/10/22 18:23:49 [/shop/shopping/load_payment_module.php] load_payment_module.php set payment data:Array
(
    [ACS] => 0
    [Forward] => 2959876
    [Method] => 1
    [PayTimes] => 
    [Approve] => 0658871
    [TranID] => 1810221823602257210134118265
    [TranDate] => 20181022182349
    [CheckString] => 06f74f98b6cbfd10640f99539dc546e5
    [Amount] => 5520
    [JobCd] => CAPTURE
    [action_status] => 3
    [pay_status] => 13
)
 from 188.120.90.4
2018/10/22 18:35:56 [/shop/admin/order/edit.php] edit.php set payment data:Array
(
    [no_update_status_flg] => 1
)
 from 153.142.16.212
2018/10/22 18:35:56 [/shop/admin/order/edit.php] SendRequest:https://p01.mul-pay.jp/payment/ChangeTran.idPass from 153.142.16.212
2018/10/22 18:35:56 [/shop/admin/order/edit.php] Array
(
    [ShopID] => 9000034600950
    [ShopPass] => ******
    [AccessID] => dadb9f28de3c3dfb10e37b92a4cdfb2e
    [AccessPass] => 81e1cd4e0d5070dc6b80207cc597621a
    [JobCd] => CAPTURE
    [Amount] => 1314
)
 from 153.142.16.212
2018/10/22 18:36:00 [/shop/admin/order/edit.php] AccessID=dadb9f28de3c3dfb10e37b92a4cdfb2e&AccessPass=81e1cd4e0d5070dc6b80207cc597621a&Forward=2959876&Approve=0645605&TranID=1810221835602257210134138243&TranDate=20181022183558 from 153.142.16.212
2018/10/22 18:36:00 [/shop/admin/order/edit.php] Array
(
    [0] => Array
        (
            [AccessID] => dadb9f28de3c3dfb10e37b92a4cdfb2e
            [AccessPass] => 81e1cd4e0d5070dc6b80207cc597621a
            [Forward] => 2959876
            [Approve] => 0645605
            [TranID] => 1810221835602257210134138243
            [TranDate] => 20181022183558
        )

)
 from 153.142.16.212
2018/10/22 18:36:00 [/shop/admin/order/edit.php] edit.php set payment data:Array
(
    [AccessID] => dadb9f28de3c3dfb10e37b92a4cdfb2e
    [AccessPass] => 81e1cd4e0d5070dc6b80207cc597621a
    [Forward] => 2959876
    [Approve] => 0645605
    [TranID] => 1810221835602257210134138243
    [TranDate] => 20181022183558
    [action_status] => 6
    [pay_status] => 13
    [JobCd] => CAPTURE
    [Amount] => 1314
)
 from 153.142.16.212
2018/10/22 18:45:49 [/shop/admin/order/edit.php] edit.php set payment data:Array
(
    [no_update_status_flg] => 1
)
 from 153.142.16.212
2018/10/22 18:45:49 [/shop/admin/order/edit.php] SendRequest:https://p01.mul-pay.jp/payment/ChangeTran.idPass from 153.142.16.212
2018/10/22 18:45:49 [/shop/admin/order/edit.php] Array
(
    [ShopID] => 9000034600950
    [ShopPass] => ******
    [AccessID] => cb684edbebad31fb553015f26539d39d
    [AccessPass] => 6f6d106311caaf65e1e6854da1b67a45
    [JobCd] => CAPTURE
    [Amount] => 26970
)
 from 153.142.16.212
2018/10/22 18:45:53 [/shop/admin/order/edit.php] AccessID=cb684edbebad31fb553015f26539d39d&AccessPass=6f6d106311caaf65e1e6854da1b67a45&Forward=2959876&Approve=0063185&TranID=1810221845602257210134128307&TranDate=20181022184551 from 153.142.16.212
2018/10/22 18:45:53 [/shop/admin/order/edit.php] Array
(
    [0] => Array
        (
            [AccessID] => cb684edbebad31fb553015f26539d39d
            [AccessPass] => 6f6d106311caaf65e1e6854da1b67a45
            [Forward] => 2959876
            [Approve] => 0063185
            [TranID] => 1810221845602257210134128307
            [TranDate] => 20181022184551
        )

)
 from 153.142.16.212
2018/10/22 18:45:53 [/shop/admin/order/edit.php] edit.php set payment data:Array
(
    [AccessID] => cb684edbebad31fb553015f26539d39d
    [AccessPass] => 6f6d106311caaf65e1e6854da1b67a45
    [Forward] => 2959876
    [Approve] => 0063185
    [TranID] => 1810221845602257210134128307
    [TranDate] => 20181022184551
    [action_status] => 6
    [pay_status] => 13
    [JobCd] => CAPTURE
    [Amount] => 26970
)
 from 153.142.16.212
2018/10/22 18:55:55 [/shop/admin/order/edit.php] edit.php set payment data:Array
(
    [no_update_status_flg] => 1
)
 from 153.142.16.212
2018/10/22 18:55:55 [/shop/admin/order/edit.php] SendRequest:https://p01.mul-pay.jp/payment/ChangeTran.idPass from 153.142.16.212
2018/10/22 18:55:55 [/shop/admin/order/edit.php] Array
(
    [ShopID] => 9000034600950
    [ShopPass] => ******
    [AccessID] => 041fa0d0d22c2bad5e34a1dfdf1de128
    [AccessPass] => 883d3fcf1db46dcf28be72aee9dc510d
    [JobCd] => CAPTURE
    [Amount] => 12798
)
 from 153.142.16.212
2018/10/22 18:55:57 [/shop/admin/order/edit.php] AccessID=041fa0d0d22c2bad5e34a1dfdf1de128&AccessPass=883d3fcf1db46dcf28be72aee9dc510d&Forward=2S49631&Approve=0022801&TranID=1810221855602257210134138245&TranDate=20181022185556 from 153.142.16.212
2018/10/22 18:55:57 [/shop/admin/order/edit.php] Array
(
    [0] => Array
        (
            [AccessID] => 041fa0d0d22c2bad5e34a1dfdf1de128
            [AccessPass] => 883d3fcf1db46dcf28be72aee9dc510d
            [Forward] => 2S49631
            [Approve] => 0022801
            [TranID] => 1810221855602257210134138245
            [TranDate] => 20181022185556
        )

)
 from 153.142.16.212
2018/10/22 18:55:57 [/shop/admin/order/edit.php] edit.php set payment data:Array
(
    [AccessID] => 041fa0d0d22c2bad5e34a1dfdf1de128
    [AccessPass] => 883d3fcf1db46dcf28be72aee9dc510d
    [Forward] => 2S49631
    [Approve] => 0022801
    [TranID] => 1810221855602257210134138245
    [TranDate] => 20181022185556
    [action_status] => 6
    [pay_status] => 13
    [JobCd] => CAPTURE
    [Amount] => 12798
)
 from 153.142.16.212
2018/10/22 18:57:52 [/shop/admin/order/edit.php] edit.php set payment data:Array
(
    [no_update_status_flg] => 1
)
 from 153.142.16.212
2018/10/22 18:57:52 [/shop/admin/order/edit.php] SendRequest:https://p01.mul-pay.jp/payment/ChangeTran.idPass from 153.142.16.212
2018/10/22 18:57:52 [/shop/admin/order/edit.php] Array
(
    [ShopID] => 9000034600950
    [ShopPass] => ******
    [AccessID] => 76970fb195e73536efc996a541170aa4
    [AccessPass] => b2e9fc1882e6374347721ea7f9af24fa
    [JobCd] => CAPTURE
    [Amount] => 3384
)
 from 153.142.16.212
2018/10/22 18:57:55 [/shop/admin/order/edit.php] AccessID=76970fb195e73536efc996a541170aa4&AccessPass=b2e9fc1882e6374347721ea7f9af24fa&Forward=2S49631&Approve=0593863&TranID=1810221857602257210134138246&TranDate=20181022185753 from 153.142.16.212
2018/10/22 18:57:55 [/shop/admin/order/edit.php] Array
(
    [0] => Array
        (
            [AccessID] => 76970fb195e73536efc996a541170aa4
            [AccessPass] => b2e9fc1882e6374347721ea7f9af24fa
            [Forward] => 2S49631
            [Approve] => 0593863
            [TranID] => 1810221857602257210134138246
            [TranDate] => 20181022185753
        )

)
 from 153.142.16.212
2018/10/22 18:57:55 [/shop/admin/order/edit.php] edit.php set payment data:Array
(
    [AccessID] => 76970fb195e73536efc996a541170aa4
    [AccessPass] => b2e9fc1882e6374347721ea7f9af24fa
    [Forward] => 2S49631
    [Approve] => 0593863
    [TranID] => 1810221857602257210134138246
    [TranDate] => 20181022185753
    [action_status] => 6
    [pay_status] => 13
    [JobCd] => CAPTURE
    [Amount] => 3384
)
 from 153.142.16.212
2018/10/22 20:06:26 [/shop/shopping/load_payment_module.php] SendRequest:https://p01.mul-pay.jp/payment/EntryTran.idPass from 178.250.167.12
2018/10/22 20:06:26 [/shop/shopping/load_payment_module.php] Array
(
    [ShopID] => 9000034600950
    [ShopPass] => ******
    [OrderID] => 930610-22200626
    [JobCd] => CAPTURE
    [Amount] => 10410
    [TdFlag] => 0
    [TdTenantName] => 
)
 from 178.250.167.12
2018/10/22 20:06:27 [/shop/shopping/load_payment_module.php] AccessID=41710cb797e13bce85b2f2026af47174&AccessPass=7dd690f2dd753fd2ebca7631548cc139 from 178.250.167.12
2018/10/22 20:06:27 [/shop/shopping/load_payment_module.php] Array
(
    [0] => Array
        (
            [AccessID] => 41710cb797e13bce85b2f2026af47174
            [AccessPass] => 7dd690f2dd753fd2ebca7631548cc139
        )

)
 from 178.250.167.12
2018/10/22 20:06:27 [/shop/shopping/load_payment_module.php] load_payment_module.php set payment data:Array
(
    [AccessID] => 41710cb797e13bce85b2f2026af47174
    [AccessPass] => 7dd690f2dd753fd2ebca7631548cc139
    [OrderID] => 930610-22200626
    [Amount] => 10410
    [JobCd] => CAPTURE
    [action_status] => 1
    [pay_status] => 0
)
 from 178.250.167.12
2018/10/22 20:06:27 [/shop/shopping/load_payment_module.php] SendRequest:https://p01.mul-pay.jp/payment/ExecTran.idPass from 178.250.167.12
2018/10/22 20:06:27 [/shop/shopping/load_payment_module.php] Array
(
    [AccessID] => 41710cb797e13bce85b2f2026af47174
    [AccessPass] => 7dd690f2dd753fd2ebca7631548cc139
    [OrderID] => 930610-22200626
    [Method] => 1
    [Token] => e7c456d2fcd92460ddb858cdd33389bc21b88aa74b79cda8eaaf30809a145600
    [ClientField1] => 
    [ClientField2] => 
    [ClientField3] => EC-CUBE4.3.24
)
 from 178.250.167.12
2018/10/22 20:06:28 [/shop/shopping/load_payment_module.php] ACS=0&OrderID=930610-22200626&Forward=2S49631&Method=1&PayTimes=&Approve=0151588&TranID=1810222006602257210134118267&TranDate=20181022200628&CheckString=f0f9b47cf045aa191eb57e8cd54a39a9 from 178.250.167.12
2018/10/22 20:06:28 [/shop/shopping/load_payment_module.php] Array
(
    [0] => Array
        (
            [ACS] => 0
            [OrderID] => 930610-22200626
            [Forward] => 2S49631
            [Method] => 1
            [PayTimes] => 
            [Approve] => 0151588
            [TranID] => 1810222006602257210134118267
            [TranDate] => 20181022200628
            [CheckString] => f0f9b47cf045aa191eb57e8cd54a39a9
        )

)
 from 178.250.167.12
2018/10/22 20:06:28 [/shop/shopping/load_payment_module.php] load_payment_module.php set payment data:Array
(
    [ACS] => 0
    [Forward] => 2S49631
    [Method] => 1
    [PayTimes] => 
    [Approve] => 0151588
    [TranID] => 1810222006602257210134118267
    [TranDate] => 20181022200628
    [CheckString] => f0f9b47cf045aa191eb57e8cd54a39a9
    [Amount] => 10410
    [JobCd] => CAPTURE
    [action_status] => 3
    [pay_status] => 13
)
 from 178.250.167.12
2018/10/22 20:10:17 [/shop/shopping/load_payment_module.php] SendRequest:https://p01.mul-pay.jp/payment/EntryTran.idPass from 46.235.65.144
2018/10/22 20:10:17 [/shop/shopping/load_payment_module.php] Array
(
    [ShopID] => 9000034600950
    [ShopPass] => ******
    [OrderID] => 930609-22201017
    [JobCd] => CAPTURE
    [Amount] => 6570
    [TdFlag] => 0
    [TdTenantName] => 
)
 from 46.235.65.144
2018/10/22 20:10:17 [/shop/shopping/load_payment_module.php] AccessID=b943d1b2b1a031dce3e68a7657b9d992&AccessPass=97056b8c11604b4b0f6aed042c67b560 from 46.235.65.144
2018/10/22 20:10:17 [/shop/shopping/load_payment_module.php] Array
(
    [0] => Array
        (
            [AccessID] => b943d1b2b1a031dce3e68a7657b9d992
            [AccessPass] => 97056b8c11604b4b0f6aed042c67b560
        )

)
 from 46.235.65.144
2018/10/22 20:10:17 [/shop/shopping/load_payment_module.php] load_payment_module.php set payment data:Array
(
    [AccessID] => b943d1b2b1a031dce3e68a7657b9d992
    [AccessPass] => 97056b8c11604b4b0f6aed042c67b560
    [OrderID] => 930609-22201017
    [Amount] => 6570
    [JobCd] => CAPTURE
    [action_status] => 1
    [pay_status] => 0
)
 from 46.235.65.144
2018/10/22 20:10:17 [/shop/shopping/load_payment_module.php] SendRequest:https://p01.mul-pay.jp/payment/ExecTran.idPass from 46.235.65.144
2018/10/22 20:10:17 [/shop/shopping/load_payment_module.php] Array
(
    [AccessID] => b943d1b2b1a031dce3e68a7657b9d992
    [AccessPass] => 97056b8c11604b4b0f6aed042c67b560
    [OrderID] => 930609-22201017
    [Method] => 1
    [Token] => 3c385faa0c50759adb5248d5d649c63d559a14bd8aeb182bd03433f38b1b2cf5
    [ClientField1] => 
    [ClientField2] => 
    [ClientField3] => EC-CUBE4.3.24
)
 from 46.235.65.144
2018/10/22 20:10:19 [/shop/shopping/load_payment_module.php] ACS=0&OrderID=930609-22201017&Forward=2S49631&Method=1&PayTimes=&Approve=0956285&TranID=1810222010602257210134118268&TranDate=20181022201019&CheckString=9caf21e434bb67cc56f5665bb2b188fb from 46.235.65.144
2018/10/22 20:10:19 [/shop/shopping/load_payment_module.php] Array
(
    [0] => Array
        (
            [ACS] => 0
            [OrderID] => 930609-22201017
            [Forward] => 2S49631
            [Method] => 1
            [PayTimes] => 
            [Approve] => 0956285
            [TranID] => 1810222010602257210134118268
            [TranDate] => 20181022201019
            [CheckString] => 9caf21e434bb67cc56f5665bb2b188fb
        )

)
 from 46.235.65.144
2018/10/22 20:10:19 [/shop/shopping/load_payment_module.php] load_payment_module.php set payment data:Array
(
    [ACS] => 0
    [Forward] => 2S49631
    [Method] => 1
    [PayTimes] => 
    [Approve] => 0956285
    [TranID] => 1810222010602257210134118268
    [TranDate] => 20181022201019
    [CheckString] => 9caf21e434bb67cc56f5665bb2b188fb
    [Amount] => 6570
    [JobCd] => CAPTURE
    [action_status] => 3
    [pay_status] => 13
)
 from 46.235.65.144
2018/10/22 20:31:23 [/shop/shopping/load_payment_module.php] SendRequest:https://p01.mul-pay.jp/payment/SearchMember.idPass from 165.225.35.9
2018/10/22 20:31:23 [/shop/shopping/load_payment_module.php] Array
(
    [SiteID] => mst0000007602
    [SitePass] => ******
    [MemberID] => 920
)
 from 165.225.35.9
2018/10/22 20:31:23 [/shop/shopping/load_payment_module.php] ErrCode=E01&ErrInfo=E01390002 from 165.225.35.9
2018/10/22 20:31:23 [/shop/shopping/load_payment_module.php] Array
(
    [0] => Array
        (
            [ErrCode] => E01
            [ErrInfo] => E01390002
        )

)
 from 165.225.35.9
2018/10/22 20:31:23 [/shop/shopping/load_payment_module.php] SendRequest:https://p01.mul-pay.jp/payment/SearchCard.idPass from 165.225.35.9
2018/10/22 20:31:23 [/shop/shopping/load_payment_module.php] Array
(
    [SiteID] => mst0000007602
    [SitePass] => ******
    [MemberID] => 920
)
 from 165.225.35.9
2018/10/22 20:31:24 [/shop/shopping/load_payment_module.php] ErrCode=E01|E01&ErrInfo=E01390002|E01240002 from 165.225.35.9
2018/10/22 20:31:24 [/shop/shopping/load_payment_module.php] Array
(
    [0] => Array
        (
            [ErrCode] => E01
            [ErrInfo] => E01390002
        )

    [1] => Array
        (
            [ErrCode] => E01
            [ErrInfo] => E01240002
        )

)
 from 165.225.35.9
2018/10/22 20:32:23 [/shop/shopping/load_payment_module.php] SendRequest:https://p01.mul-pay.jp/payment/SearchMember.idPass from 165.225.35.9
2018/10/22 20:32:23 [/shop/shopping/load_payment_module.php] Array
(
    [SiteID] => mst0000007602
    [SitePass] => ******
    [MemberID] => 920
)
 from 165.225.35.9
2018/10/22 20:32:24 [/shop/shopping/load_payment_module.php] ErrCode=E01&ErrInfo=E01390002 from 165.225.35.9
2018/10/22 20:32:24 [/shop/shopping/load_payment_module.php] Array
(
    [0] => Array
        (
            [ErrCode] => E01
            [ErrInfo] => E01390002
        )

)
 from 165.225.35.9
2018/10/22 20:32:24 [/shop/shopping/load_payment_module.php] SendRequest:https://p01.mul-pay.jp/payment/SearchCard.idPass from 165.225.35.9
2018/10/22 20:32:24 [/shop/shopping/load_payment_module.php] Array
(
    [SiteID] => mst0000007602
    [SitePass] => ******
    [MemberID] => 920
)
 from 165.225.35.9
2018/10/22 20:32:24 [/shop/shopping/load_payment_module.php] ErrCode=E01|E01&ErrInfo=E01390002|E01240002 from 165.225.35.9
2018/10/22 20:32:24 [/shop/shopping/load_payment_module.php] Array
(
    [0] => Array
        (
            [ErrCode] => E01
            [ErrInfo] => E01390002
        )

    [1] => Array
        (
            [ErrCode] => E01
            [ErrInfo] => E01240002
        )

)
 from 165.225.35.9
2018/10/22 20:32:24 [/shop/shopping/load_payment_module.php] SendRequest:https://p01.mul-pay.jp/payment/EntryTran.idPass from 165.225.35.9
2018/10/22 20:32:24 [/shop/shopping/load_payment_module.php] Array
(
    [ShopID] => 9000034600950
    [ShopPass] => ******
    [OrderID] => 930611-22203224
    [JobCd] => CAPTURE
    [Amount] => 4443
    [TdFlag] => 0
    [TdTenantName] => 
)
 from 165.225.35.9
2018/10/22 20:32:24 [/shop/shopping/load_payment_module.php] AccessID=0660c5de31516c2964566b7428e3ee0b&AccessPass=8fd7261e5cbe19b3be81152df136a99e from 165.225.35.9
2018/10/22 20:32:24 [/shop/shopping/load_payment_module.php] Array
(
    [0] => Array
        (
            [AccessID] => 0660c5de31516c2964566b7428e3ee0b
            [AccessPass] => 8fd7261e5cbe19b3be81152df136a99e
        )

)
 from 165.225.35.9
2018/10/22 20:32:24 [/shop/shopping/load_payment_module.php] load_payment_module.php set payment data:Array
(
    [AccessID] => 0660c5de31516c2964566b7428e3ee0b
    [AccessPass] => 8fd7261e5cbe19b3be81152df136a99e
    [OrderID] => 930611-22203224
    [Amount] => 4443
    [JobCd] => CAPTURE
    [action_status] => 1
    [pay_status] => 0
)
 from 165.225.35.9
2018/10/22 20:32:24 [/shop/shopping/load_payment_module.php] SendRequest:https://p01.mul-pay.jp/payment/ExecTran.idPass from 165.225.35.9
2018/10/22 20:32:24 [/shop/shopping/load_payment_module.php] Array
(
    [AccessID] => 0660c5de31516c2964566b7428e3ee0b
    [AccessPass] => 8fd7261e5cbe19b3be81152df136a99e
    [OrderID] => 930611-22203224
    [Method] => 1
    [Token] => dbe0be2c41800b9de0f7685e4376b50a6bb955880a4a976dcfe1b6593f47857f
    [ClientField1] => 
    [ClientField2] => 
    [ClientField3] => EC-CUBE4.3.24
)
 from 165.225.35.9
2018/10/22 20:32:26 [/shop/shopping/load_payment_module.php] ACS=0&OrderID=930611-22203224&Forward=2a99661&Method=1&PayTimes=&Approve=0000068&TranID=1810222032602257210134118269&TranDate=20181022203226&CheckString=57cce2496de38a722907418881b3d258 from 165.225.35.9
2018/10/22 20:32:26 [/shop/shopping/load_payment_module.php] Array
(
    [0] => Array
        (
            [ACS] => 0
            [OrderID] => 930611-22203224
            [Forward] => 2a99661
            [Method] => 1
            [PayTimes] => 
            [Approve] => 0000068
            [TranID] => 1810222032602257210134118269
            [TranDate] => 20181022203226
            [CheckString] => 57cce2496de38a722907418881b3d258
        )

)
 from 165.225.35.9
2018/10/22 20:32:26 [/shop/shopping/load_payment_module.php] load_payment_module.php set payment data:Array
(
    [ACS] => 0
    [Forward] => 2a99661
    [Method] => 1
    [PayTimes] => 
    [Approve] => 0000068
    [TranID] => 1810222032602257210134118269
    [TranDate] => 20181022203226
    [CheckString] => 57cce2496de38a722907418881b3d258
    [Amount] => 4443
    [JobCd] => CAPTURE
    [action_status] => 3
    [pay_status] => 13
)
 from 165.225.35.9
2018/10/22 20:40:44 [/shop/shopping/load_payment_module.php] SendRequest:https://p01.mul-pay.jp/payment/SearchMember.idPass from 126.161.116.102
2018/10/22 20:40:44 [/shop/shopping/load_payment_module.php] Array
(
    [SiteID] => mst0000007602
    [SitePass] => ******
    [MemberID] => 8057
)
 from 126.161.116.102
2018/10/22 20:40:44 [/shop/shopping/load_payment_module.php] ErrCode=E01&ErrInfo=E01390002 from 126.161.116.102
2018/10/22 20:40:44 [/shop/shopping/load_payment_module.php] Array
(
    [0] => Array
        (
            [ErrCode] => E01
            [ErrInfo] => E01390002
        )

)
 from 126.161.116.102
2018/10/22 20:40:44 [/shop/shopping/load_payment_module.php] SendRequest:https://p01.mul-pay.jp/payment/SearchCard.idPass from 126.161.116.102
2018/10/22 20:40:44 [/shop/shopping/load_payment_module.php] Array
(
    [SiteID] => mst0000007602
    [SitePass] => ******
    [MemberID] => 8057
)
 from 126.161.116.102
2018/10/22 20:40:44 [/shop/shopping/load_payment_module.php] ErrCode=E01|E01&ErrInfo=E01390002|E01240002 from 126.161.116.102
2018/10/22 20:40:44 [/shop/shopping/load_payment_module.php] Array
(
    [0] => Array
        (
            [ErrCode] => E01
            [ErrInfo] => E01390002
        )

    [1] => Array
        (
            [ErrCode] => E01
            [ErrInfo] => E01240002
        )

)
 from 126.161.116.102
2018/10/22 20:42:45 [/shop/shopping/load_payment_module.php] SendRequest:https://p01.mul-pay.jp/payment/SearchMember.idPass from 126.161.116.102
2018/10/22 20:42:45 [/shop/shopping/load_payment_module.php] Array
(
    [SiteID] => mst0000007602
    [SitePass] => ******
    [MemberID] => 8057
)
 from 126.161.116.102
2018/10/22 20:42:45 [/shop/shopping/load_payment_module.php] ErrCode=E01&ErrInfo=E01390002 from 126.161.116.102
2018/10/22 20:42:45 [/shop/shopping/load_payment_module.php] Array
(
    [0] => Array
        (
            [ErrCode] => E01
            [ErrInfo] => E01390002
        )

)
 from 126.161.116.102
2018/10/22 20:42:45 [/shop/shopping/load_payment_module.php] SendRequest:https://p01.mul-pay.jp/payment/SearchCard.idPass from 126.161.116.102
2018/10/22 20:42:45 [/shop/shopping/load_payment_module.php] Array
(
    [SiteID] => mst0000007602
    [SitePass] => ******
    [MemberID] => 8057
)
 from 126.161.116.102
2018/10/22 20:42:46 [/shop/shopping/load_payment_module.php] ErrCode=E01|E01&ErrInfo=E01390002|E01240002 from 126.161.116.102
2018/10/22 20:42:46 [/shop/shopping/load_payment_module.php] Array
(
    [0] => Array
        (
            [ErrCode] => E01
            [ErrInfo] => E01390002
        )

    [1] => Array
        (
            [ErrCode] => E01
            [ErrInfo] => E01240002
        )

)
 from 126.161.116.102
2018/10/22 20:42:46 [/shop/shopping/load_payment_module.php] SendRequest:https://p01.mul-pay.jp/payment/EntryTran.idPass from 126.161.116.102
2018/10/22 20:42:46 [/shop/shopping/load_payment_module.php] Array
(
    [ShopID] => 9000034600950
    [ShopPass] => ******
    [OrderID] => 930612-22204246
    [JobCd] => CAPTURE
    [Amount] => 29080
    [TdFlag] => 0
    [TdTenantName] => 
)
 from 126.161.116.102
2018/10/22 20:42:46 [/shop/shopping/load_payment_module.php] AccessID=7fa852713bafcb47a03462e4e27b0453&AccessPass=0256e0e34dc7a6a4495b864235c23ac7 from 126.161.116.102
2018/10/22 20:42:46 [/shop/shopping/load_payment_module.php] Array
(
    [0] => Array
        (
            [AccessID] => 7fa852713bafcb47a03462e4e27b0453
            [AccessPass] => 0256e0e34dc7a6a4495b864235c23ac7
        )

)
 from 126.161.116.102
2018/10/22 20:42:46 [/shop/shopping/load_payment_module.php] load_payment_module.php set payment data:Array
(
    [AccessID] => 7fa852713bafcb47a03462e4e27b0453
    [AccessPass] => 0256e0e34dc7a6a4495b864235c23ac7
    [OrderID] => 930612-22204246
    [Amount] => 29080
    [JobCd] => CAPTURE
    [action_status] => 1
    [pay_status] => 0
)
 from 126.161.116.102
2018/10/22 20:42:46 [/shop/shopping/load_payment_module.php] SendRequest:https://p01.mul-pay.jp/payment/ExecTran.idPass from 126.161.116.102
2018/10/22 20:42:46 [/shop/shopping/load_payment_module.php] Array
(
    [AccessID] => 7fa852713bafcb47a03462e4e27b0453
    [AccessPass] => 0256e0e34dc7a6a4495b864235c23ac7
    [OrderID] => 930612-22204246
    [Method] => 1
    [Token] => 9c7264e6bceb3e3ddfe2e2ae5b83324ed91dc6f98caf9b410d1e2bb521def305
    [ClientField1] => 
    [ClientField2] => 
    [ClientField3] => EC-CUBE4.3.24
)
 from 126.161.116.102
2018/10/22 20:42:48 [/shop/shopping/load_payment_module.php] ACS=0&OrderID=930612-22204246&Forward=2S49631&Method=1&PayTimes=&Approve=0427231&TranID=1810222042602257210134118270&TranDate=20181022204247&CheckString=a66f27c3eb900a5647b2be82c6a3e01d from 126.161.116.102
2018/10/22 20:42:48 [/shop/shopping/load_payment_module.php] Array
(
    [0] => Array
        (
            [ACS] => 0
            [OrderID] => 930612-22204246
            [Forward] => 2S49631
            [Method] => 1
            [PayTimes] => 
            [Approve] => 0427231
            [TranID] => 1810222042602257210134118270
            [TranDate] => 20181022204247
            [CheckString] => a66f27c3eb900a5647b2be82c6a3e01d
        )

)
 from 126.161.116.102
2018/10/22 20:42:48 [/shop/shopping/load_payment_module.php] load_payment_module.php set payment data:Array
(
    [ACS] => 0
    [Forward] => 2S49631
    [Method] => 1
    [PayTimes] => 
    [Approve] => 0427231
    [TranID] => 1810222042602257210134118270
    [TranDate] => 20181022204247
    [CheckString] => a66f27c3eb900a5647b2be82c6a3e01d
    [Amount] => 29080
    [JobCd] => CAPTURE
    [action_status] => 3
    [pay_status] => 13
)
 from 126.161.116.102
2018/10/22 21:30:25 [/shop/shopping/load_payment_module.php] SendRequest:https://p01.mul-pay.jp/payment/EntryTran.idPass from 207.61.188.42
2018/10/22 21:30:25 [/shop/shopping/load_payment_module.php] Array
(
    [ShopID] => 9000034600950
    [ShopPass] => ******
    [OrderID] => 930613-22213025
    [JobCd] => CAPTURE
    [Amount] => 10180
    [TdFlag] => 0
    [TdTenantName] => 
)
 from 207.61.188.42
2018/10/22 21:30:25 [/shop/shopping/load_payment_module.php] AccessID=8cee12963990a0d807ad7461e90bdd4c&AccessPass=e36c72b93d8f471a1883d14bd1848e2d from 207.61.188.42
2018/10/22 21:30:25 [/shop/shopping/load_payment_module.php] Array
(
    [0] => Array
        (
            [AccessID] => 8cee12963990a0d807ad7461e90bdd4c
            [AccessPass] => e36c72b93d8f471a1883d14bd1848e2d
        )

)
 from 207.61.188.42
2018/10/22 21:30:25 [/shop/shopping/load_payment_module.php] load_payment_module.php set payment data:Array
(
    [AccessID] => 8cee12963990a0d807ad7461e90bdd4c
    [AccessPass] => e36c72b93d8f471a1883d14bd1848e2d
    [OrderID] => 930613-22213025
    [Amount] => 10180
    [JobCd] => CAPTURE
    [action_status] => 1
    [pay_status] => 0
)
 from 207.61.188.42
2018/10/22 21:30:25 [/shop/shopping/load_payment_module.php] SendRequest:https://p01.mul-pay.jp/payment/ExecTran.idPass from 207.61.188.42
2018/10/22 21:30:25 [/shop/shopping/load_payment_module.php] Array
(
    [AccessID] => 8cee12963990a0d807ad7461e90bdd4c
    [AccessPass] => e36c72b93d8f471a1883d14bd1848e2d
    [OrderID] => 930613-22213025
    [Method] => 1
    [Token] => 99d436521f72e7fa077acba57f70ab42073a928c6c0ecf150f7d146183ca24c1
    [ClientField1] => 
    [ClientField2] => 
    [ClientField3] => EC-CUBE4.3.24
)
 from 207.61.188.42
2018/10/22 21:30:26 [/shop/shopping/load_payment_module.php] ErrCode=E01&ErrInfo=E01260010 from 207.61.188.42
2018/10/22 21:30:26 [/shop/shopping/load_payment_module.php] Array
(
    [0] => Array
        (
            [ErrCode] => E01
            [ErrInfo] => E01260010
        )

)
 from 207.61.188.42
2018/10/22 21:30:26 [/shop/shopping/load_payment_module.php] load_payment_module.php set payment data:Array
(
    [request_error] => Array
        (
            [0] => 指定された支払方法はご利用できません。 (E01-E01260010)
        )

    [Amount] => 10180
    [JobCd] => CAPTURE
    [action_status] => 3
)
 from 207.61.188.42
2018/10/22 21:31:33 [/shop/shopping/load_payment_module.php] SendRequest:https://p01.mul-pay.jp/payment/ExecTran.idPass from 207.61.188.42
2018/10/22 21:31:33 [/shop/shopping/load_payment_module.php] Array
(
    [AccessID] => 8cee12963990a0d807ad7461e90bdd4c
    [AccessPass] => e36c72b93d8f471a1883d14bd1848e2d
    [OrderID] => 930613-22213025
    [Method] => 1
    [Token] => 3b08027454c3eb3d49b690b34c202f0512dbc4ca435907d71d8e6662d13cb740
    [ClientField1] => 
    [ClientField2] => 
    [ClientField3] => EC-CUBE4.3.24
)
 from 207.61.188.42
2018/10/22 21:31:34 [/shop/shopping/load_payment_module.php] ErrCode=G12&ErrInfo=42G120000 from 207.61.188.42
2018/10/22 21:31:34 [/shop/shopping/load_payment_module.php] Array
(
    [0] => Array
        (
            [ErrCode] => G12
            [ErrInfo] => 42G120000
        )

)
 from 207.61.188.42
2018/10/22 21:31:34 [/shop/shopping/load_payment_module.php] load_payment_module.php set payment data:Array
(
    [request_error] => Array
        (
            [0] => このカードでは取引をする事が出来ません。 (G12-42G120000)
        )

    [Amount] => 10180
    [JobCd] => CAPTURE
    [action_status] => 3
)
 from 207.61.188.42
2018/10/22 21:49:12 [/shop/shopping/load_payment_module.php] SendRequest:https://p01.mul-pay.jp/payment/EntryTran.idPass from 60.125.70.142
2018/10/22 21:49:12 [/shop/shopping/load_payment_module.php] Array
(
    [ShopID] => 9000034600950
    [ShopPass] => ******
    [OrderID] => 930615-22214912
    [JobCd] => CAPTURE
    [Amount] => 5580
    [TdFlag] => 0
    [TdTenantName] => 
)
 from 60.125.70.142
2018/10/22 21:49:12 [/shop/shopping/load_payment_module.php] AccessID=b34fac5e2876547055c26ada7b32162e&AccessPass=06a2ee2355a54443b780e6da46b8d178 from 60.125.70.142
2018/10/22 21:49:12 [/shop/shopping/load_payment_module.php] Array
(
    [0] => Array
        (
            [AccessID] => b34fac5e2876547055c26ada7b32162e
            [AccessPass] => 06a2ee2355a54443b780e6da46b8d178
        )

)
 from 60.125.70.142
2018/10/22 21:49:12 [/shop/shopping/load_payment_module.php] load_payment_module.php set payment data:Array
(
    [AccessID] => b34fac5e2876547055c26ada7b32162e
    [AccessPass] => 06a2ee2355a54443b780e6da46b8d178
    [OrderID] => 930615-22214912
    [Amount] => 5580
    [JobCd] => CAPTURE
    [action_status] => 1
    [pay_status] => 0
)
 from 60.125.70.142
2018/10/22 21:49:12 [/shop/shopping/load_payment_module.php] SendRequest:https://p01.mul-pay.jp/payment/ExecTran.idPass from 60.125.70.142
2018/10/22 21:49:12 [/shop/shopping/load_payment_module.php] Array
(
    [AccessID] => b34fac5e2876547055c26ada7b32162e
    [AccessPass] => 06a2ee2355a54443b780e6da46b8d178
    [OrderID] => 930615-22214912
    [Method] => 1
    [Token] => 769a6eba8af149ac823c47b0ee0af533087a8e17911982af2693d809e093b671
    [ClientField1] => 
    [ClientField2] => 
    [ClientField3] => EC-CUBE4.3.24
)
 from 60.125.70.142
2018/10/22 21:49:13 [/shop/shopping/load_payment_module.php] ACS=0&OrderID=930615-22214912&Forward=2S49631&Method=1&PayTimes=&Approve=0738248&TranID=1810222149602257210134138248&TranDate=20181022214913&CheckString=57650782f3a5be538ad82020444ac68b from 60.125.70.142
2018/10/22 21:49:13 [/shop/shopping/load_payment_module.php] Array
(
    [0] => Array
        (
            [ACS] => 0
            [OrderID] => 930615-22214912
            [Forward] => 2S49631
            [Method] => 1
            [PayTimes] => 
            [Approve] => 0738248
            [TranID] => 1810222149602257210134138248
            [TranDate] => 20181022214913
            [CheckString] => 57650782f3a5be538ad82020444ac68b
        )

)
 from 60.125.70.142
2018/10/22 21:49:13 [/shop/shopping/load_payment_module.php] load_payment_module.php set payment data:Array
(
    [ACS] => 0
    [Forward] => 2S49631
    [Method] => 1
    [PayTimes] => 
    [Approve] => 0738248
    [TranID] => 1810222149602257210134138248
    [TranDate] => 20181022214913
    [CheckString] => 57650782f3a5be538ad82020444ac68b
    [Amount] => 5580
    [JobCd] => CAPTURE
    [action_status] => 3
    [pay_status] => 13
)
 from 60.125.70.142
2018/10/22 23:08:28 [/shop/shopping/load_payment_module.php] SendRequest:https://p01.mul-pay.jp/payment/SearchMember.idPass from 180.190.167.48
2018/10/22 23:08:28 [/shop/shopping/load_payment_module.php] Array
(
    [SiteID] => mst0000007602
    [SitePass] => ******
    [MemberID] => 3550
)
 from 180.190.167.48
2018/10/22 23:08:28 [/shop/shopping/load_payment_module.php] ErrCode=E01&ErrInfo=E01390002 from 180.190.167.48
2018/10/22 23:08:28 [/shop/shopping/load_payment_module.php] Array
(
    [0] => Array
        (
            [ErrCode] => E01
            [ErrInfo] => E01390002
        )

)
 from 180.190.167.48
2018/10/22 23:08:28 [/shop/shopping/load_payment_module.php] SendRequest:https://p01.mul-pay.jp/payment/SearchCard.idPass from 180.190.167.48
2018/10/22 23:08:28 [/shop/shopping/load_payment_module.php] Array
(
    [SiteID] => mst0000007602
    [SitePass] => ******
    [MemberID] => 3550
)
 from 180.190.167.48
2018/10/22 23:08:29 [/shop/shopping/load_payment_module.php] ErrCode=E01|E01&ErrInfo=E01390002|E01240002 from 180.190.167.48
2018/10/22 23:08:29 [/shop/shopping/load_payment_module.php] Array
(
    [0] => Array
        (
            [ErrCode] => E01
            [ErrInfo] => E01390002
        )

    [1] => Array
        (
            [ErrCode] => E01
            [ErrInfo] => E01240002
        )

)
 from 180.190.167.48
2018/10/22 23:09:38 [/shop/shopping/load_payment_module.php] SendRequest:https://p01.mul-pay.jp/payment/SearchMember.idPass from 180.190.167.48
2018/10/22 23:09:38 [/shop/shopping/load_payment_module.php] Array
(
    [SiteID] => mst0000007602
    [SitePass] => ******
    [MemberID] => 3550
)
 from 180.190.167.48
2018/10/22 23:09:39 [/shop/shopping/load_payment_module.php] ErrCode=E01&ErrInfo=E01390002 from 180.190.167.48
2018/10/22 23:09:39 [/shop/shopping/load_payment_module.php] Array
(
    [0] => Array
        (
            [ErrCode] => E01
            [ErrInfo] => E01390002
        )

)
 from 180.190.167.48
2018/10/22 23:09:39 [/shop/shopping/load_payment_module.php] SendRequest:https://p01.mul-pay.jp/payment/SearchCard.idPass from 180.190.167.48
2018/10/22 23:09:39 [/shop/shopping/load_payment_module.php] Array
(
    [SiteID] => mst0000007602
    [SitePass] => ******
    [MemberID] => 3550
)
 from 180.190.167.48
2018/10/22 23:09:39 [/shop/shopping/load_payment_module.php] ErrCode=E01|E01&ErrInfo=E01390002|E01240002 from 180.190.167.48
2018/10/22 23:09:39 [/shop/shopping/load_payment_module.php] Array
(
    [0] => Array
        (
            [ErrCode] => E01
            [ErrInfo] => E01390002
        )

    [1] => Array
        (
            [ErrCode] => E01
            [ErrInfo] => E01240002
        )

)
 from 180.190.167.48
2018/10/22 23:09:39 [/shop/shopping/load_payment_module.php] SendRequest:https://p01.mul-pay.jp/payment/EntryTran.idPass from 180.190.167.48
2018/10/22 23:09:39 [/shop/shopping/load_payment_module.php] Array
(
    [ShopID] => 9000034600950
    [ShopPass] => ******
    [OrderID] => 930616-22230939
    [JobCd] => CAPTURE
    [Amount] => 7120
    [TdFlag] => 0
    [TdTenantName] => 
)
 from 180.190.167.48
2018/10/22 23:09:39 [/shop/shopping/load_payment_module.php] AccessID=36d9a2d052840c0edcab6c8609bb87c0&AccessPass=bd2aa574adc66db1e2329eb9be0e8095 from 180.190.167.48
2018/10/22 23:09:39 [/shop/shopping/load_payment_module.php] Array
(
    [0] => Array
        (
            [AccessID] => 36d9a2d052840c0edcab6c8609bb87c0
            [AccessPass] => bd2aa574adc66db1e2329eb9be0e8095
        )

)
 from 180.190.167.48
2018/10/22 23:09:39 [/shop/shopping/load_payment_module.php] load_payment_module.php set payment data:Array
(
    [AccessID] => 36d9a2d052840c0edcab6c8609bb87c0
    [AccessPass] => bd2aa574adc66db1e2329eb9be0e8095
    [OrderID] => 930616-22230939
    [Amount] => 7120
    [JobCd] => CAPTURE
    [action_status] => 1
    [pay_status] => 0
)
 from 180.190.167.48
2018/10/22 23:09:39 [/shop/shopping/load_payment_module.php] SendRequest:https://p01.mul-pay.jp/payment/ExecTran.idPass from 180.190.167.48
2018/10/22 23:09:39 [/shop/shopping/load_payment_module.php] Array
(
    [AccessID] => 36d9a2d052840c0edcab6c8609bb87c0
    [AccessPass] => bd2aa574adc66db1e2329eb9be0e8095
    [OrderID] => 930616-22230939
    [Method] => 1
    [Token] => 7a828eaab850c3318bd656d1ef34c78f5dac4410cf339d4b118aa0961fbaee1d
    [ClientField1] => 
    [ClientField2] => 
    [ClientField3] => EC-CUBE4.3.24
)
 from 180.190.167.48
2018/10/22 23:09:41 [/shop/shopping/load_payment_module.php] ErrCode=G12&ErrInfo=42G120000 from 180.190.167.48
2018/10/22 23:09:41 [/shop/shopping/load_payment_module.php] Array
(
    [0] => Array
        (
            [ErrCode] => G12
            [ErrInfo] => 42G120000
        )

)
 from 180.190.167.48
2018/10/22 23:09:41 [/shop/shopping/load_payment_module.php] load_payment_module.php set payment data:Array
(
    [request_error] => Array
        (
            [0] => このカードでは取引をする事が出来ません。 (G12-42G120000)
        )

    [Amount] => 7120
    [JobCd] => CAPTURE
    [action_status] => 3
)
 from 180.190.167.48
2018/10/22 23:10:29 [/shop/shopping/load_payment_module.php] SendRequest:https://p01.mul-pay.jp/payment/SearchMember.idPass from 180.190.167.48
2018/10/22 23:10:29 [/shop/shopping/load_payment_module.php] Array
(
    [SiteID] => mst0000007602
    [SitePass] => ******
    [MemberID] => 3550
)
 from 180.190.167.48
2018/10/22 23:10:29 [/shop/shopping/load_payment_module.php] ErrCode=E01&ErrInfo=E01390002 from 180.190.167.48
2018/10/22 23:10:29 [/shop/shopping/load_payment_module.php] Array
(
    [0] => Array
        (
            [ErrCode] => E01
            [ErrInfo] => E01390002
        )

)
 from 180.190.167.48
2018/10/22 23:10:29 [/shop/shopping/load_payment_module.php] SendRequest:https://p01.mul-pay.jp/payment/SearchCard.idPass from 180.190.167.48
2018/10/22 23:10:29 [/shop/shopping/load_payment_module.php] Array
(
    [SiteID] => mst0000007602
    [SitePass] => ******
    [MemberID] => 3550
)
 from 180.190.167.48
2018/10/22 23:10:29 [/shop/shopping/load_payment_module.php] ErrCode=E01|E01&ErrInfo=E01390002|E01240002 from 180.190.167.48
2018/10/22 23:10:29 [/shop/shopping/load_payment_module.php] Array
(
    [0] => Array
        (
            [ErrCode] => E01
            [ErrInfo] => E01390002
        )

    [1] => Array
        (
            [ErrCode] => E01
            [ErrInfo] => E01240002
        )

)
 from 180.190.167.48
2018/10/22 23:10:29 [/shop/shopping/load_payment_module.php] SendRequest:https://p01.mul-pay.jp/payment/ExecTran.idPass from 180.190.167.48
2018/10/22 23:10:29 [/shop/shopping/load_payment_module.php] Array
(
    [AccessID] => 36d9a2d052840c0edcab6c8609bb87c0
    [AccessPass] => bd2aa574adc66db1e2329eb9be0e8095
    [OrderID] => 930616-22230939
    [Method] => 1
    [Token] => 4326f345243fd56e1d42c84b6cddb6a4f177723993f3fac3ac85bafa11f60d25
    [ClientField1] => 
    [ClientField2] => 
    [ClientField3] => EC-CUBE4.3.24
)
 from 180.190.167.48
2018/10/22 23:10:31 [/shop/shopping/load_payment_module.php] ACS=0&OrderID=930616-22230939&Forward=2959876&Method=1&PayTimes=&Approve=0742603&TranID=1810222310602257210134118271&TranDate=20181022231031&CheckString=78c2303a8173e1e9865441d25599d53b from 180.190.167.48
2018/10/22 23:10:31 [/shop/shopping/load_payment_module.php] Array
(
    [0] => Array
        (
            [ACS] => 0
            [OrderID] => 930616-22230939
            [Forward] => 2959876
            [Method] => 1
            [PayTimes] => 
            [Approve] => 0742603
            [TranID] => 1810222310602257210134118271
            [TranDate] => 20181022231031
            [CheckString] => 78c2303a8173e1e9865441d25599d53b
        )

)
 from 180.190.167.48
2018/10/22 23:10:31 [/shop/shopping/load_payment_module.php] load_payment_module.php set payment data:Array
(
    [ACS] => 0
    [Forward] => 2959876
    [Method] => 1
    [PayTimes] => 
    [Approve] => 0742603
    [TranID] => 1810222310602257210134118271
    [TranDate] => 20181022231031
    [CheckString] => 78c2303a8173e1e9865441d25599d53b
    [Amount] => 7120
    [JobCd] => CAPTURE
    [action_status] => 3
    [pay_status] => 13
)
 from 180.190.167.48
