2023/05/17 03:44:44 [/shop/shopping/load_payment_module.php] SendRequest:https://p01.mul-pay.jp/payment/EntryTran.idPass from 104.28.116.26
2023/05/17 03:44:44 [/shop/shopping/load_payment_module.php] Array
(
    [ShopID] => 9000034600950
    [ShopPass] => ******
    [OrderID] => 951773-17034444
    [JobCd] => CAPTURE
    [Amount] => 7500
    [TdFlag] => 0
    [TdTenantName] => 
)
 from 104.28.116.26
2023/05/17 03:44:44 [/shop/shopping/load_payment_module.php] AccessID=6fa34e790f2b311230f4c94702dbe6b2&AccessPass=2b8981bd226a75f0481572985b2a51a7 from 104.28.116.26
2023/05/17 03:44:44 [/shop/shopping/load_payment_module.php] Array
(
    [0] => Array
        (
            [AccessID] => 6fa34e790f2b311230f4c94702dbe6b2
            [AccessPass] => 2b8981bd226a75f0481572985b2a51a7
        )

)
 from 104.28.116.26
2023/05/17 03:44:44 [/shop/shopping/load_payment_module.php] load_payment_module.php set payment data:Array
(
    [AccessID] => 6fa34e790f2b311230f4c94702dbe6b2
    [AccessPass] => 2b8981bd226a75f0481572985b2a51a7
    [OrderID] => 951773-17034444
    [Amount] => 7500
    [JobCd] => CAPTURE
    [action_status] => 1
    [pay_status] => 0
)
 from 104.28.116.26
2023/05/17 03:44:44 [/shop/shopping/load_payment_module.php] SendRequest:https://p01.mul-pay.jp/payment/ExecTran.idPass from 104.28.116.26
2023/05/17 03:44:44 [/shop/shopping/load_payment_module.php] Array
(
    [AccessID] => 6fa34e790f2b311230f4c94702dbe6b2
    [AccessPass] => 2b8981bd226a75f0481572985b2a51a7
    [OrderID] => 951773-17034444
    [Method] => 1
    [Token] => ea536d149d8bd0eab16a35c6f73e1e9bc88c37b11c4e0c9e8352cc3376cbff3f
    [ClientField1] => 
    [ClientField2] => 
    [ClientField3] => EC-CUBE4.3.35
)
 from 104.28.116.26
2023/05/17 03:44:45 [/shop/shopping/load_payment_module.php] ACS=0&OrderID=951773-17034444&Forward=2959876&Method=1&PayTimes=&Approve=0669287&TranID=2305170344602257210134171504&TranDate=20230517034445&CheckString=b29a148fb05155ca112f21f01bc0f201 from 104.28.116.26
2023/05/17 03:44:45 [/shop/shopping/load_payment_module.php] Array
(
    [0] => Array
        (
            [ACS] => 0
            [OrderID] => 951773-17034444
            [Forward] => 2959876
            [Method] => 1
            [PayTimes] => 
            [Approve] => 0669287
            [TranID] => 2305170344602257210134171504
            [TranDate] => 20230517034445
            [CheckString] => b29a148fb05155ca112f21f01bc0f201
        )

)
 from 104.28.116.26
2023/05/17 03:44:45 [/shop/shopping/load_payment_module.php] load_payment_module.php set payment data:Array
(
    [ACS] => 0
    [Forward] => 2959876
    [Method] => 1
    [PayTimes] => 
    [Approve] => 0669287
    [TranID] => 2305170344602257210134171504
    [TranDate] => 20230517034445
    [CheckString] => b29a148fb05155ca112f21f01bc0f201
    [Amount] => 7500
    [JobCd] => CAPTURE
    [action_status] => 3
    [pay_status] => 13
)
 from 104.28.116.26
2023/05/17 03:44:46 [/shop/user_data/pg_mulpay_recv.php] ******* receiveer data start ******* from 210.175.7.20
2023/05/17 03:44:46 [/shop/user_data/pg_mulpay_recv.php] Array
(
    [ShopID] => 9000034600950
    [ShopPass] => **********
    [AccessID] => 6fa34e790f2b311230f4c94702dbe6b2
    [AccessPass] => ********************************
    [OrderID] => 951773-17034444
    [Status] => CAPTURE
    [JobCd] => CAPTURE
    [Amount] => 7500
    [Tax] => 0
    [Currency] => JPN
    [Forward] => 2959876
    [Method] => 1
    [PayTimes] => 
    [TranID] => 2305170344602257210134171504
    [Approve] => 0669287
    [TranDate] => 20230517034445
    [ErrCode] => 
    [ErrInfo] => 
    [PayType] => 0
)
 from 210.175.7.20
2023/05/17 03:44:46 [/shop/user_data/pg_mulpay_recv.php] ******* receiveer data end ******* from 210.175.7.20
2023/05/17 03:44:51 [/shop/user_data/pg_mulpay_recv.php] update order status:1 order_id=951773 from 210.175.7.20
2023/05/17 03:44:51 [/shop/user_data/pg_mulpay_recv.php] pg_mulpay_recv.php set payment data:Array
(
    [ShopID] => 9000034600950
    [AccessID] => 6fa34e790f2b311230f4c94702dbe6b2
    [OrderID] => 951773-17034444
    [Status] => CAPTURE
    [JobCd] => CAPTURE
    [Amount] => 7500
    [Tax] => 0
    [Currency] => JPN
    [Forward] => 2959876
    [Method] => 1
    [PayTimes] => 
    [TranID] => 2305170344602257210134171504
    [Approve] => 0669287
    [TranDate] => 20230517034445
    [ErrCode] => 
    [ErrInfo] => 
    [PayType] => 0
    [CvsCode] => 
    [CvsConfNo] => 
    [CvsReceiptNo] => 
    [EdyReceiptNo] => 
    [EdyOrderNo] => 
    [SuicaReceiptNo] => 
    [SuicaOrderNo] => 
    [CustID] => 
    [BkCode] => 
    [ConfNo] => 
    [PaymentTerm] => 
    [EncryptReceiptNo] => 
    [FinishDate] => 
    [ReceiptDate] => 
    [WebMoneyManagementNo] => 
    [WebMoneySettleCode] => 
    [AuPayInfoNo] => 
    [AuPayMethod] => 
    [AuCancelAmount] => 
    [AuCancelTax] => 
    [DocomoSettlementCode] => 
    [DocomoCancelAmount] => 
    [DocomoCancelTax] => 
    [pay_status] => 13
)
 from 210.175.7.20
2023/05/17 03:44:51 [/shop/user_data/pg_mulpay_recv.php] response:true from 210.175.7.20
2023/05/17 06:28:51 [/shop/shopping/load_payment_module.php] SendRequest:https://p01.mul-pay.jp/payment/EntryTran.idPass from 179.118.192.103
2023/05/17 06:28:51 [/shop/shopping/load_payment_module.php] Array
(
    [ShopID] => 9000034600950
    [ShopPass] => ******
    [OrderID] => 951774-17062851
    [JobCd] => CAPTURE
    [Amount] => 11050
    [TdFlag] => 0
    [TdTenantName] => 
)
 from 179.118.192.103
2023/05/17 06:28:51 [/shop/shopping/load_payment_module.php] AccessID=e7be8e5b48b6e7d2f17ad5dbd4150ee4&AccessPass=cc5052c455127fad301cf594685dca82 from 179.118.192.103
2023/05/17 06:28:51 [/shop/shopping/load_payment_module.php] Array
(
    [0] => Array
        (
            [AccessID] => e7be8e5b48b6e7d2f17ad5dbd4150ee4
            [AccessPass] => cc5052c455127fad301cf594685dca82
        )

)
 from 179.118.192.103
2023/05/17 06:28:51 [/shop/shopping/load_payment_module.php] load_payment_module.php set payment data:Array
(
    [AccessID] => e7be8e5b48b6e7d2f17ad5dbd4150ee4
    [AccessPass] => cc5052c455127fad301cf594685dca82
    [OrderID] => 951774-17062851
    [Amount] => 11050
    [JobCd] => CAPTURE
    [action_status] => 1
    [pay_status] => 0
)
 from 179.118.192.103
2023/05/17 06:28:51 [/shop/shopping/load_payment_module.php] SendRequest:https://p01.mul-pay.jp/payment/ExecTran.idPass from 179.118.192.103
2023/05/17 06:28:51 [/shop/shopping/load_payment_module.php] Array
(
    [AccessID] => e7be8e5b48b6e7d2f17ad5dbd4150ee4
    [AccessPass] => cc5052c455127fad301cf594685dca82
    [OrderID] => 951774-17062851
    [Method] => 1
    [Token] => d669e9fd4c52cb3a8ead8dfbcb1f7b525abc4cf6b312ccb2ecbd99d21fcd9efc
    [ClientField1] => 
    [ClientField2] => 
    [ClientField3] => EC-CUBE4.3.35
)
 from 179.118.192.103
2023/05/17 06:28:52 [/shop/shopping/load_payment_module.php] ACS=0&OrderID=951774-17062851&Forward=2959876&Method=1&PayTimes=&Approve=0045157&TranID=2305170628602257210134181556&TranDate=20230517062852&CheckString=fdda7bfb4985e4251d66343fb1141a74 from 179.118.192.103
2023/05/17 06:28:52 [/shop/shopping/load_payment_module.php] Array
(
    [0] => Array
        (
            [ACS] => 0
            [OrderID] => 951774-17062851
            [Forward] => 2959876
            [Method] => 1
            [PayTimes] => 
            [Approve] => 0045157
            [TranID] => 2305170628602257210134181556
            [TranDate] => 20230517062852
            [CheckString] => fdda7bfb4985e4251d66343fb1141a74
        )

)
 from 179.118.192.103
2023/05/17 06:28:52 [/shop/shopping/load_payment_module.php] load_payment_module.php set payment data:Array
(
    [ACS] => 0
    [Forward] => 2959876
    [Method] => 1
    [PayTimes] => 
    [Approve] => 0045157
    [TranID] => 2305170628602257210134181556
    [TranDate] => 20230517062852
    [CheckString] => fdda7bfb4985e4251d66343fb1141a74
    [Amount] => 11050
    [JobCd] => CAPTURE
    [action_status] => 3
    [pay_status] => 13
)
 from 179.118.192.103
2023/05/17 06:28:52 [/shop/user_data/pg_mulpay_recv.php] ******* receiveer data start ******* from 210.175.7.20
2023/05/17 06:28:52 [/shop/user_data/pg_mulpay_recv.php] Array
(
    [ShopID] => 9000034600950
    [ShopPass] => **********
    [AccessID] => e7be8e5b48b6e7d2f17ad5dbd4150ee4
    [AccessPass] => ********************************
    [OrderID] => 951774-17062851
    [Status] => CAPTURE
    [JobCd] => CAPTURE
    [Amount] => 11050
    [Tax] => 0
    [Currency] => JPN
    [Forward] => 2959876
    [Method] => 1
    [PayTimes] => 
    [TranID] => 2305170628602257210134181556
    [Approve] => 0045157
    [TranDate] => 20230517062852
    [ErrCode] => 
    [ErrInfo] => 
    [PayType] => 0
)
 from 210.175.7.20
2023/05/17 06:28:52 [/shop/user_data/pg_mulpay_recv.php] ******* receiveer data end ******* from 210.175.7.20
2023/05/17 06:28:57 [/shop/user_data/pg_mulpay_recv.php] update order status:1 order_id=951774 from 210.175.7.20
2023/05/17 06:28:57 [/shop/user_data/pg_mulpay_recv.php] pg_mulpay_recv.php set payment data:Array
(
    [ShopID] => 9000034600950
    [AccessID] => e7be8e5b48b6e7d2f17ad5dbd4150ee4
    [OrderID] => 951774-17062851
    [Status] => CAPTURE
    [JobCd] => CAPTURE
    [Amount] => 11050
    [Tax] => 0
    [Currency] => JPN
    [Forward] => 2959876
    [Method] => 1
    [PayTimes] => 
    [TranID] => 2305170628602257210134181556
    [Approve] => 0045157
    [TranDate] => 20230517062852
    [ErrCode] => 
    [ErrInfo] => 
    [PayType] => 0
    [CvsCode] => 
    [CvsConfNo] => 
    [CvsReceiptNo] => 
    [EdyReceiptNo] => 
    [EdyOrderNo] => 
    [SuicaReceiptNo] => 
    [SuicaOrderNo] => 
    [CustID] => 
    [BkCode] => 
    [ConfNo] => 
    [PaymentTerm] => 
    [EncryptReceiptNo] => 
    [FinishDate] => 
    [ReceiptDate] => 
    [WebMoneyManagementNo] => 
    [WebMoneySettleCode] => 
    [AuPayInfoNo] => 
    [AuPayMethod] => 
    [AuCancelAmount] => 
    [AuCancelTax] => 
    [DocomoSettlementCode] => 
    [DocomoCancelAmount] => 
    [DocomoCancelTax] => 
    [pay_status] => 13
)
 from 210.175.7.20
2023/05/17 06:28:57 [/shop/user_data/pg_mulpay_recv.php] response:true from 210.175.7.20
2023/05/17 07:30:13 [/shop/shopping/load_payment_module.php] SendRequest:https://p01.mul-pay.jp/payment/SearchMember.idPass from 47.39.85.89
2023/05/17 07:30:13 [/shop/shopping/load_payment_module.php] Array
(
    [SiteID] => mst0000007602
    [SitePass] => ******
    [MemberID] => 11722
)
 from 47.39.85.89
2023/05/17 07:30:13 [/shop/shopping/load_payment_module.php] ErrCode=E01&ErrInfo=E01390002 from 47.39.85.89
2023/05/17 07:30:13 [/shop/shopping/load_payment_module.php] Array
(
    [0] => Array
        (
            [ErrCode] => E01
            [ErrInfo] => E01390002
        )

)
 from 47.39.85.89
2023/05/17 07:30:13 [/shop/shopping/load_payment_module.php] SendRequest:https://p01.mul-pay.jp/payment/SearchCard.idPass from 47.39.85.89
2023/05/17 07:30:13 [/shop/shopping/load_payment_module.php] Array
(
    [SiteID] => mst0000007602
    [SitePass] => ******
    [MemberID] => 11722
)
 from 47.39.85.89
2023/05/17 07:30:13 [/shop/shopping/load_payment_module.php] ErrCode=E01|E01&ErrInfo=E01390002|E01240002 from 47.39.85.89
2023/05/17 07:30:13 [/shop/shopping/load_payment_module.php] Array
(
    [0] => Array
        (
            [ErrCode] => E01
            [ErrInfo] => E01390002
        )

    [1] => Array
        (
            [ErrCode] => E01
            [ErrInfo] => E01240002
        )

)
 from 47.39.85.89
2023/05/17 08:19:02 [/shop/shopping/load_payment_module.php] SendRequest:https://p01.mul-pay.jp/payment/SearchMember.idPass from 73.157.143.36
2023/05/17 08:19:02 [/shop/shopping/load_payment_module.php] Array
(
    [SiteID] => mst0000007602
    [SitePass] => ******
    [MemberID] => 11723
)
 from 73.157.143.36
2023/05/17 08:19:02 [/shop/shopping/load_payment_module.php] ErrCode=E01&ErrInfo=E01390002 from 73.157.143.36
2023/05/17 08:19:02 [/shop/shopping/load_payment_module.php] Array
(
    [0] => Array
        (
            [ErrCode] => E01
            [ErrInfo] => E01390002
        )

)
 from 73.157.143.36
2023/05/17 08:19:02 [/shop/shopping/load_payment_module.php] SendRequest:https://p01.mul-pay.jp/payment/SearchCard.idPass from 73.157.143.36
2023/05/17 08:19:02 [/shop/shopping/load_payment_module.php] Array
(
    [SiteID] => mst0000007602
    [SitePass] => ******
    [MemberID] => 11723
)
 from 73.157.143.36
2023/05/17 08:19:02 [/shop/shopping/load_payment_module.php] ErrCode=E01|E01&ErrInfo=E01390002|E01240002 from 73.157.143.36
2023/05/17 08:19:02 [/shop/shopping/load_payment_module.php] Array
(
    [0] => Array
        (
            [ErrCode] => E01
            [ErrInfo] => E01390002
        )

    [1] => Array
        (
            [ErrCode] => E01
            [ErrInfo] => E01240002
        )

)
 from 73.157.143.36
2023/05/17 08:20:27 [/shop/shopping/load_payment_module.php] SendRequest:https://p01.mul-pay.jp/payment/SearchMember.idPass from 73.157.143.36
2023/05/17 08:20:27 [/shop/shopping/load_payment_module.php] Array
(
    [SiteID] => mst0000007602
    [SitePass] => ******
    [MemberID] => 11723
)
 from 73.157.143.36
2023/05/17 08:20:27 [/shop/shopping/load_payment_module.php] ErrCode=E01&ErrInfo=E01390002 from 73.157.143.36
2023/05/17 08:20:27 [/shop/shopping/load_payment_module.php] Array
(
    [0] => Array
        (
            [ErrCode] => E01
            [ErrInfo] => E01390002
        )

)
 from 73.157.143.36
2023/05/17 08:20:27 [/shop/shopping/load_payment_module.php] SendRequest:https://p01.mul-pay.jp/payment/SearchCard.idPass from 73.157.143.36
2023/05/17 08:20:27 [/shop/shopping/load_payment_module.php] Array
(
    [SiteID] => mst0000007602
    [SitePass] => ******
    [MemberID] => 11723
)
 from 73.157.143.36
2023/05/17 08:20:27 [/shop/shopping/load_payment_module.php] ErrCode=E01|E01&ErrInfo=E01390002|E01240002 from 73.157.143.36
2023/05/17 08:20:27 [/shop/shopping/load_payment_module.php] Array
(
    [0] => Array
        (
            [ErrCode] => E01
            [ErrInfo] => E01390002
        )

    [1] => Array
        (
            [ErrCode] => E01
            [ErrInfo] => E01240002
        )

)
 from 73.157.143.36
2023/05/17 08:20:27 [/shop/shopping/load_payment_module.php] SendRequest:https://p01.mul-pay.jp/payment/EntryTran.idPass from 73.157.143.36
2023/05/17 08:20:27 [/shop/shopping/load_payment_module.php] Array
(
    [ShopID] => 9000034600950
    [ShopPass] => ******
    [OrderID] => 951776-17082027
    [JobCd] => CAPTURE
    [Amount] => 6170
    [TdFlag] => 0
    [TdTenantName] => 
)
 from 73.157.143.36
2023/05/17 08:20:27 [/shop/shopping/load_payment_module.php] AccessID=d51939a73271b2a0e766040e46000453&AccessPass=a9b0ee671c4bdc13bc875cd6a8732a70 from 73.157.143.36
2023/05/17 08:20:27 [/shop/shopping/load_payment_module.php] Array
(
    [0] => Array
        (
            [AccessID] => d51939a73271b2a0e766040e46000453
            [AccessPass] => a9b0ee671c4bdc13bc875cd6a8732a70
        )

)
 from 73.157.143.36
2023/05/17 08:20:27 [/shop/shopping/load_payment_module.php] load_payment_module.php set payment data:Array
(
    [AccessID] => d51939a73271b2a0e766040e46000453
    [AccessPass] => a9b0ee671c4bdc13bc875cd6a8732a70
    [OrderID] => 951776-17082027
    [Amount] => 6170
    [JobCd] => CAPTURE
    [action_status] => 1
    [pay_status] => 0
)
 from 73.157.143.36
2023/05/17 08:20:27 [/shop/shopping/load_payment_module.php] SendRequest:https://p01.mul-pay.jp/payment/ExecTran.idPass from 73.157.143.36
2023/05/17 08:20:27 [/shop/shopping/load_payment_module.php] Array
(
    [AccessID] => d51939a73271b2a0e766040e46000453
    [AccessPass] => a9b0ee671c4bdc13bc875cd6a8732a70
    [OrderID] => 951776-17082027
    [Method] => 1
    [Token] => f10834b2898cdd6058931ebbdfde61e090f2f2a3100cfd745dba9f7916ed4067
    [ClientField1] => 
    [ClientField2] => 
    [ClientField3] => EC-CUBE4.3.35
)
 from 73.157.143.36
2023/05/17 08:20:28 [/shop/shopping/load_payment_module.php] ACS=0&OrderID=951776-17082027&Forward=2a99661&Method=1&PayTimes=&Approve=0266988&TranID=2305170820602257210134171505&TranDate=20230517082028&CheckString=a80ce522801934a8594d469bfff08ebc from 73.157.143.36
2023/05/17 08:20:28 [/shop/shopping/load_payment_module.php] Array
(
    [0] => Array
        (
            [ACS] => 0
            [OrderID] => 951776-17082027
            [Forward] => 2a99661
            [Method] => 1
            [PayTimes] => 
            [Approve] => 0266988
            [TranID] => 2305170820602257210134171505
            [TranDate] => 20230517082028
            [CheckString] => a80ce522801934a8594d469bfff08ebc
        )

)
 from 73.157.143.36
2023/05/17 08:20:28 [/shop/shopping/load_payment_module.php] load_payment_module.php set payment data:Array
(
    [ACS] => 0
    [Forward] => 2a99661
    [Method] => 1
    [PayTimes] => 
    [Approve] => 0266988
    [TranID] => 2305170820602257210134171505
    [TranDate] => 20230517082028
    [CheckString] => a80ce522801934a8594d469bfff08ebc
    [Amount] => 6170
    [JobCd] => CAPTURE
    [action_status] => 3
    [pay_status] => 13
)
 from 73.157.143.36
2023/05/17 08:20:28 [/shop/user_data/pg_mulpay_recv.php] ******* receiveer data start ******* from 210.175.7.20
2023/05/17 08:20:28 [/shop/user_data/pg_mulpay_recv.php] Array
(
    [ShopID] => 9000034600950
    [ShopPass] => **********
    [AccessID] => d51939a73271b2a0e766040e46000453
    [AccessPass] => ********************************
    [OrderID] => 951776-17082027
    [Status] => CAPTURE
    [JobCd] => CAPTURE
    [Amount] => 6170
    [Tax] => 0
    [Currency] => JPN
    [Forward] => 2a99661
    [Method] => 1
    [PayTimes] => 
    [TranID] => 2305170820602257210134171505
    [Approve] => 0266988
    [TranDate] => 20230517082028
    [ErrCode] => 
    [ErrInfo] => 
    [PayType] => 0
)
 from 210.175.7.20
2023/05/17 08:20:28 [/shop/user_data/pg_mulpay_recv.php] ******* receiveer data end ******* from 210.175.7.20
2023/05/17 08:20:33 [/shop/user_data/pg_mulpay_recv.php] update order status:1 order_id=951776 from 210.175.7.20
2023/05/17 08:20:33 [/shop/user_data/pg_mulpay_recv.php] pg_mulpay_recv.php set payment data:Array
(
    [ShopID] => 9000034600950
    [AccessID] => d51939a73271b2a0e766040e46000453
    [OrderID] => 951776-17082027
    [Status] => CAPTURE
    [JobCd] => CAPTURE
    [Amount] => 6170
    [Tax] => 0
    [Currency] => JPN
    [Forward] => 2a99661
    [Method] => 1
    [PayTimes] => 
    [TranID] => 2305170820602257210134171505
    [Approve] => 0266988
    [TranDate] => 20230517082028
    [ErrCode] => 
    [ErrInfo] => 
    [PayType] => 0
    [CvsCode] => 
    [CvsConfNo] => 
    [CvsReceiptNo] => 
    [EdyReceiptNo] => 
    [EdyOrderNo] => 
    [SuicaReceiptNo] => 
    [SuicaOrderNo] => 
    [CustID] => 
    [BkCode] => 
    [ConfNo] => 
    [PaymentTerm] => 
    [EncryptReceiptNo] => 
    [FinishDate] => 
    [ReceiptDate] => 
    [WebMoneyManagementNo] => 
    [WebMoneySettleCode] => 
    [AuPayInfoNo] => 
    [AuPayMethod] => 
    [AuCancelAmount] => 
    [AuCancelTax] => 
    [DocomoSettlementCode] => 
    [DocomoCancelAmount] => 
    [DocomoCancelTax] => 
    [pay_status] => 13
)
 from 210.175.7.20
2023/05/17 08:20:34 [/shop/user_data/pg_mulpay_recv.php] response:true from 210.175.7.20
2023/05/17 08:51:03 [/shop/shopping/load_payment_module.php] SendRequest:https://p01.mul-pay.jp/payment/SearchMember.idPass from 123.225.119.135
2023/05/17 08:51:03 [/shop/shopping/load_payment_module.php] Array
(
    [SiteID] => mst0000007602
    [SitePass] => ******
    [MemberID] => 11724
)
 from 123.225.119.135
2023/05/17 08:51:03 [/shop/shopping/load_payment_module.php] ErrCode=E01&ErrInfo=E01390002 from 123.225.119.135
2023/05/17 08:51:03 [/shop/shopping/load_payment_module.php] Array
(
    [0] => Array
        (
            [ErrCode] => E01
            [ErrInfo] => E01390002
        )

)
 from 123.225.119.135
2023/05/17 08:51:03 [/shop/shopping/load_payment_module.php] SendRequest:https://p01.mul-pay.jp/payment/SearchCard.idPass from 123.225.119.135
2023/05/17 08:51:03 [/shop/shopping/load_payment_module.php] Array
(
    [SiteID] => mst0000007602
    [SitePass] => ******
    [MemberID] => 11724
)
 from 123.225.119.135
2023/05/17 08:51:03 [/shop/shopping/load_payment_module.php] ErrCode=E01|E01&ErrInfo=E01390002|E01240002 from 123.225.119.135
2023/05/17 08:51:03 [/shop/shopping/load_payment_module.php] Array
(
    [0] => Array
        (
            [ErrCode] => E01
            [ErrInfo] => E01390002
        )

    [1] => Array
        (
            [ErrCode] => E01
            [ErrInfo] => E01240002
        )

)
 from 123.225.119.135
2023/05/17 08:53:45 [/shop/shopping/load_payment_module.php] SendRequest:https://p01.mul-pay.jp/payment/SearchMember.idPass from 123.225.119.135
2023/05/17 08:53:45 [/shop/shopping/load_payment_module.php] Array
(
    [SiteID] => mst0000007602
    [SitePass] => ******
    [MemberID] => 11724
)
 from 123.225.119.135
2023/05/17 08:53:45 [/shop/shopping/load_payment_module.php] ErrCode=E01&ErrInfo=E01390002 from 123.225.119.135
2023/05/17 08:53:45 [/shop/shopping/load_payment_module.php] Array
(
    [0] => Array
        (
            [ErrCode] => E01
            [ErrInfo] => E01390002
        )

)
 from 123.225.119.135
2023/05/17 08:53:45 [/shop/shopping/load_payment_module.php] SendRequest:https://p01.mul-pay.jp/payment/SearchCard.idPass from 123.225.119.135
2023/05/17 08:53:45 [/shop/shopping/load_payment_module.php] Array
(
    [SiteID] => mst0000007602
    [SitePass] => ******
    [MemberID] => 11724
)
 from 123.225.119.135
2023/05/17 08:53:45 [/shop/shopping/load_payment_module.php] ErrCode=E01|E01&ErrInfo=E01390002|E01240002 from 123.225.119.135
2023/05/17 08:53:45 [/shop/shopping/load_payment_module.php] Array
(
    [0] => Array
        (
            [ErrCode] => E01
            [ErrInfo] => E01390002
        )

    [1] => Array
        (
            [ErrCode] => E01
            [ErrInfo] => E01240002
        )

)
 from 123.225.119.135
2023/05/17 08:54:39 [/shop/shopping/load_payment_module.php] SendRequest:https://p01.mul-pay.jp/payment/SearchMember.idPass from 123.225.119.135
2023/05/17 08:54:39 [/shop/shopping/load_payment_module.php] Array
(
    [SiteID] => mst0000007602
    [SitePass] => ******
    [MemberID] => 11724
)
 from 123.225.119.135
2023/05/17 08:54:39 [/shop/shopping/load_payment_module.php] ErrCode=E01&ErrInfo=E01390002 from 123.225.119.135
2023/05/17 08:54:39 [/shop/shopping/load_payment_module.php] Array
(
    [0] => Array
        (
            [ErrCode] => E01
            [ErrInfo] => E01390002
        )

)
 from 123.225.119.135
2023/05/17 08:54:39 [/shop/shopping/load_payment_module.php] SendRequest:https://p01.mul-pay.jp/payment/SearchCard.idPass from 123.225.119.135
2023/05/17 08:54:39 [/shop/shopping/load_payment_module.php] Array
(
    [SiteID] => mst0000007602
    [SitePass] => ******
    [MemberID] => 11724
)
 from 123.225.119.135
2023/05/17 08:54:39 [/shop/shopping/load_payment_module.php] ErrCode=E01|E01&ErrInfo=E01390002|E01240002 from 123.225.119.135
2023/05/17 08:54:39 [/shop/shopping/load_payment_module.php] Array
(
    [0] => Array
        (
            [ErrCode] => E01
            [ErrInfo] => E01390002
        )

    [1] => Array
        (
            [ErrCode] => E01
            [ErrInfo] => E01240002
        )

)
 from 123.225.119.135
2023/05/17 08:54:39 [/shop/shopping/load_payment_module.php] SendRequest:https://p01.mul-pay.jp/payment/EntryTran.idPass from 123.225.119.135
2023/05/17 08:54:39 [/shop/shopping/load_payment_module.php] Array
(
    [ShopID] => 9000034600950
    [ShopPass] => ******
    [OrderID] => 951777-17085439
    [JobCd] => CAPTURE
    [Amount] => 6950
    [TdFlag] => 0
    [TdTenantName] => 
)
 from 123.225.119.135
2023/05/17 08:54:39 [/shop/shopping/load_payment_module.php] AccessID=bda8234911ab5d2969c65eb3f782750b&AccessPass=c90cd9b4b28868e4213deb435c8cc91b from 123.225.119.135
2023/05/17 08:54:39 [/shop/shopping/load_payment_module.php] Array
(
    [0] => Array
        (
            [AccessID] => bda8234911ab5d2969c65eb3f782750b
            [AccessPass] => c90cd9b4b28868e4213deb435c8cc91b
        )

)
 from 123.225.119.135
2023/05/17 08:54:39 [/shop/shopping/load_payment_module.php] load_payment_module.php set payment data:Array
(
    [AccessID] => bda8234911ab5d2969c65eb3f782750b
    [AccessPass] => c90cd9b4b28868e4213deb435c8cc91b
    [OrderID] => 951777-17085439
    [Amount] => 6950
    [JobCd] => CAPTURE
    [action_status] => 1
    [pay_status] => 0
)
 from 123.225.119.135
2023/05/17 08:54:39 [/shop/shopping/load_payment_module.php] SendRequest:https://p01.mul-pay.jp/payment/ExecTran.idPass from 123.225.119.135
2023/05/17 08:54:39 [/shop/shopping/load_payment_module.php] Array
(
    [AccessID] => bda8234911ab5d2969c65eb3f782750b
    [AccessPass] => c90cd9b4b28868e4213deb435c8cc91b
    [OrderID] => 951777-17085439
    [Method] => 1
    [Token] => 13cbb68ebb0908b69935066afd96b867fc3123d98f08f77532188beef8eaa4af
    [ClientField1] => 
    [ClientField2] => 
    [ClientField3] => EC-CUBE4.3.35
)
 from 123.225.119.135
2023/05/17 08:54:39 [/shop/shopping/load_payment_module.php] ACS=0&OrderID=951777-17085439&Forward=2S49631&Method=1&PayTimes=&Approve=0031914&TranID=2305170854602257210134161504&TranDate=20230517085439&CheckString=ef7ef99498f8b026ab781ed6952fda84 from 123.225.119.135
2023/05/17 08:54:39 [/shop/shopping/load_payment_module.php] Array
(
    [0] => Array
        (
            [ACS] => 0
            [OrderID] => 951777-17085439
            [Forward] => 2S49631
            [Method] => 1
            [PayTimes] => 
            [Approve] => 0031914
            [TranID] => 2305170854602257210134161504
            [TranDate] => 20230517085439
            [CheckString] => ef7ef99498f8b026ab781ed6952fda84
        )

)
 from 123.225.119.135
2023/05/17 08:54:39 [/shop/shopping/load_payment_module.php] load_payment_module.php set payment data:Array
(
    [ACS] => 0
    [Forward] => 2S49631
    [Method] => 1
    [PayTimes] => 
    [Approve] => 0031914
    [TranID] => 2305170854602257210134161504
    [TranDate] => 20230517085439
    [CheckString] => ef7ef99498f8b026ab781ed6952fda84
    [Amount] => 6950
    [JobCd] => CAPTURE
    [action_status] => 3
    [pay_status] => 13
)
 from 123.225.119.135
2023/05/17 08:54:40 [/shop/user_data/pg_mulpay_recv.php] ******* receiveer data start ******* from 210.175.7.20
2023/05/17 08:54:40 [/shop/user_data/pg_mulpay_recv.php] Array
(
    [ShopID] => 9000034600950
    [ShopPass] => **********
    [AccessID] => bda8234911ab5d2969c65eb3f782750b
    [AccessPass] => ********************************
    [OrderID] => 951777-17085439
    [Status] => CAPTURE
    [JobCd] => CAPTURE
    [Amount] => 6950
    [Tax] => 0
    [Currency] => JPN
    [Forward] => 2S49631
    [Method] => 1
    [PayTimes] => 
    [TranID] => 2305170854602257210134161504
    [Approve] => 0031914
    [TranDate] => 20230517085439
    [ErrCode] => 
    [ErrInfo] => 
    [PayType] => 0
)
 from 210.175.7.20
2023/05/17 08:54:40 [/shop/user_data/pg_mulpay_recv.php] ******* receiveer data end ******* from 210.175.7.20
2023/05/17 08:54:45 [/shop/user_data/pg_mulpay_recv.php] update order status:1 order_id=951777 from 210.175.7.20
2023/05/17 08:54:45 [/shop/user_data/pg_mulpay_recv.php] pg_mulpay_recv.php set payment data:Array
(
    [ShopID] => 9000034600950
    [AccessID] => bda8234911ab5d2969c65eb3f782750b
    [OrderID] => 951777-17085439
    [Status] => CAPTURE
    [JobCd] => CAPTURE
    [Amount] => 6950
    [Tax] => 0
    [Currency] => JPN
    [Forward] => 2S49631
    [Method] => 1
    [PayTimes] => 
    [TranID] => 2305170854602257210134161504
    [Approve] => 0031914
    [TranDate] => 20230517085439
    [ErrCode] => 
    [ErrInfo] => 
    [PayType] => 0
    [CvsCode] => 
    [CvsConfNo] => 
    [CvsReceiptNo] => 
    [EdyReceiptNo] => 
    [EdyOrderNo] => 
    [SuicaReceiptNo] => 
    [SuicaOrderNo] => 
    [CustID] => 
    [BkCode] => 
    [ConfNo] => 
    [PaymentTerm] => 
    [EncryptReceiptNo] => 
    [FinishDate] => 
    [ReceiptDate] => 
    [WebMoneyManagementNo] => 
    [WebMoneySettleCode] => 
    [AuPayInfoNo] => 
    [AuPayMethod] => 
    [AuCancelAmount] => 
    [AuCancelTax] => 
    [DocomoSettlementCode] => 
    [DocomoCancelAmount] => 
    [DocomoCancelTax] => 
    [pay_status] => 13
)
 from 210.175.7.20
2023/05/17 08:54:45 [/shop/user_data/pg_mulpay_recv.php] response:true from 210.175.7.20
2023/05/17 09:41:09 [/shop/shopping/load_payment_module.php] SendRequest:https://p01.mul-pay.jp/payment/SearchMember.idPass from 172.250.238.205
2023/05/17 09:41:09 [/shop/shopping/load_payment_module.php] Array
(
    [SiteID] => mst0000007602
    [SitePass] => ******
    [MemberID] => 10258
)
 from 172.250.238.205
2023/05/17 09:41:09 [/shop/shopping/load_payment_module.php] ErrCode=E01&ErrInfo=E01390002 from 172.250.238.205
2023/05/17 09:41:09 [/shop/shopping/load_payment_module.php] Array
(
    [0] => Array
        (
            [ErrCode] => E01
            [ErrInfo] => E01390002
        )

)
 from 172.250.238.205
2023/05/17 09:41:09 [/shop/shopping/load_payment_module.php] SendRequest:https://p01.mul-pay.jp/payment/SearchCard.idPass from 172.250.238.205
2023/05/17 09:41:09 [/shop/shopping/load_payment_module.php] Array
(
    [SiteID] => mst0000007602
    [SitePass] => ******
    [MemberID] => 10258
)
 from 172.250.238.205
2023/05/17 09:41:09 [/shop/shopping/load_payment_module.php] ErrCode=E01|E01&ErrInfo=E01390002|E01240002 from 172.250.238.205
2023/05/17 09:41:09 [/shop/shopping/load_payment_module.php] Array
(
    [0] => Array
        (
            [ErrCode] => E01
            [ErrInfo] => E01390002
        )

    [1] => Array
        (
            [ErrCode] => E01
            [ErrInfo] => E01240002
        )

)
 from 172.250.238.205
2023/05/17 09:41:56 [/shop/shopping/load_payment_module.php] SendRequest:https://p01.mul-pay.jp/payment/SearchMember.idPass from 172.250.238.205
2023/05/17 09:41:56 [/shop/shopping/load_payment_module.php] Array
(
    [SiteID] => mst0000007602
    [SitePass] => ******
    [MemberID] => 10258
)
 from 172.250.238.205
2023/05/17 09:41:56 [/shop/shopping/load_payment_module.php] ErrCode=E01&ErrInfo=E01390002 from 172.250.238.205
2023/05/17 09:41:56 [/shop/shopping/load_payment_module.php] Array
(
    [0] => Array
        (
            [ErrCode] => E01
            [ErrInfo] => E01390002
        )

)
 from 172.250.238.205
2023/05/17 09:41:56 [/shop/shopping/load_payment_module.php] SendRequest:https://p01.mul-pay.jp/payment/SearchCard.idPass from 172.250.238.205
2023/05/17 09:41:56 [/shop/shopping/load_payment_module.php] Array
(
    [SiteID] => mst0000007602
    [SitePass] => ******
    [MemberID] => 10258
)
 from 172.250.238.205
2023/05/17 09:41:56 [/shop/shopping/load_payment_module.php] ErrCode=E01|E01&ErrInfo=E01390002|E01240002 from 172.250.238.205
2023/05/17 09:41:56 [/shop/shopping/load_payment_module.php] Array
(
    [0] => Array
        (
            [ErrCode] => E01
            [ErrInfo] => E01390002
        )

    [1] => Array
        (
            [ErrCode] => E01
            [ErrInfo] => E01240002
        )

)
 from 172.250.238.205
2023/05/17 09:41:56 [/shop/shopping/load_payment_module.php] SendRequest:https://p01.mul-pay.jp/payment/EntryTran.idPass from 172.250.238.205
2023/05/17 09:41:56 [/shop/shopping/load_payment_module.php] Array
(
    [ShopID] => 9000034600950
    [ShopPass] => ******
    [OrderID] => 951778-17094156
    [JobCd] => CAPTURE
    [Amount] => 4960
    [TdFlag] => 0
    [TdTenantName] => 
)
 from 172.250.238.205
2023/05/17 09:41:56 [/shop/shopping/load_payment_module.php] AccessID=4cecd929c35c24d3677f6366be80b1fe&AccessPass=60b804c788bf2504e1d9c7dca037be32 from 172.250.238.205
2023/05/17 09:41:56 [/shop/shopping/load_payment_module.php] Array
(
    [0] => Array
        (
            [AccessID] => 4cecd929c35c24d3677f6366be80b1fe
            [AccessPass] => 60b804c788bf2504e1d9c7dca037be32
        )

)
 from 172.250.238.205
2023/05/17 09:41:56 [/shop/shopping/load_payment_module.php] load_payment_module.php set payment data:Array
(
    [AccessID] => 4cecd929c35c24d3677f6366be80b1fe
    [AccessPass] => 60b804c788bf2504e1d9c7dca037be32
    [OrderID] => 951778-17094156
    [Amount] => 4960
    [JobCd] => CAPTURE
    [action_status] => 1
    [pay_status] => 0
)
 from 172.250.238.205
2023/05/17 09:41:56 [/shop/shopping/load_payment_module.php] SendRequest:https://p01.mul-pay.jp/payment/ExecTran.idPass from 172.250.238.205
2023/05/17 09:41:56 [/shop/shopping/load_payment_module.php] Array
(
    [AccessID] => 4cecd929c35c24d3677f6366be80b1fe
    [AccessPass] => 60b804c788bf2504e1d9c7dca037be32
    [OrderID] => 951778-17094156
    [Method] => 1
    [Token] => 9ed89ed7762951c862aa7c493e320028d1ce0045024281b3ce7ef291bdd99907
    [ClientField1] => 
    [ClientField2] => 
    [ClientField3] => EC-CUBE4.3.35
)
 from 172.250.238.205
2023/05/17 09:41:57 [/shop/shopping/load_payment_module.php] ACS=0&OrderID=951778-17094156&Forward=2S49631&Method=1&PayTimes=&Approve=0466124&TranID=2305170941602257210134151552&TranDate=20230517094157&CheckString=a05d9b5be0fe131c20e104517cc3c5b8 from 172.250.238.205
2023/05/17 09:41:57 [/shop/shopping/load_payment_module.php] Array
(
    [0] => Array
        (
            [ACS] => 0
            [OrderID] => 951778-17094156
            [Forward] => 2S49631
            [Method] => 1
            [PayTimes] => 
            [Approve] => 0466124
            [TranID] => 2305170941602257210134151552
            [TranDate] => 20230517094157
            [CheckString] => a05d9b5be0fe131c20e104517cc3c5b8
        )

)
 from 172.250.238.205
2023/05/17 09:41:57 [/shop/shopping/load_payment_module.php] load_payment_module.php set payment data:Array
(
    [ACS] => 0
    [Forward] => 2S49631
    [Method] => 1
    [PayTimes] => 
    [Approve] => 0466124
    [TranID] => 2305170941602257210134151552
    [TranDate] => 20230517094157
    [CheckString] => a05d9b5be0fe131c20e104517cc3c5b8
    [Amount] => 4960
    [JobCd] => CAPTURE
    [action_status] => 3
    [pay_status] => 13
)
 from 172.250.238.205
2023/05/17 09:41:57 [/shop/user_data/pg_mulpay_recv.php] ******* receiveer data start ******* from 210.175.7.20
2023/05/17 09:41:57 [/shop/user_data/pg_mulpay_recv.php] Array
(
    [ShopID] => 9000034600950
    [ShopPass] => **********
    [AccessID] => 4cecd929c35c24d3677f6366be80b1fe
    [AccessPass] => ********************************
    [OrderID] => 951778-17094156
    [Status] => CAPTURE
    [JobCd] => CAPTURE
    [Amount] => 4960
    [Tax] => 0
    [Currency] => JPN
    [Forward] => 2S49631
    [Method] => 1
    [PayTimes] => 
    [TranID] => 2305170941602257210134151552
    [Approve] => 0466124
    [TranDate] => 20230517094157
    [ErrCode] => 
    [ErrInfo] => 
    [PayType] => 0
)
 from 210.175.7.20
2023/05/17 09:41:57 [/shop/user_data/pg_mulpay_recv.php] ******* receiveer data end ******* from 210.175.7.20
2023/05/17 09:42:02 [/shop/user_data/pg_mulpay_recv.php] update order status:1 order_id=951778 from 210.175.7.20
2023/05/17 09:42:02 [/shop/user_data/pg_mulpay_recv.php] pg_mulpay_recv.php set payment data:Array
(
    [ShopID] => 9000034600950
    [AccessID] => 4cecd929c35c24d3677f6366be80b1fe
    [OrderID] => 951778-17094156
    [Status] => CAPTURE
    [JobCd] => CAPTURE
    [Amount] => 4960
    [Tax] => 0
    [Currency] => JPN
    [Forward] => 2S49631
    [Method] => 1
    [PayTimes] => 
    [TranID] => 2305170941602257210134151552
    [Approve] => 0466124
    [TranDate] => 20230517094157
    [ErrCode] => 
    [ErrInfo] => 
    [PayType] => 0
    [CvsCode] => 
    [CvsConfNo] => 
    [CvsReceiptNo] => 
    [EdyReceiptNo] => 
    [EdyOrderNo] => 
    [SuicaReceiptNo] => 
    [SuicaOrderNo] => 
    [CustID] => 
    [BkCode] => 
    [ConfNo] => 
    [PaymentTerm] => 
    [EncryptReceiptNo] => 
    [FinishDate] => 
    [ReceiptDate] => 
    [WebMoneyManagementNo] => 
    [WebMoneySettleCode] => 
    [AuPayInfoNo] => 
    [AuPayMethod] => 
    [AuCancelAmount] => 
    [AuCancelTax] => 
    [DocomoSettlementCode] => 
    [DocomoCancelAmount] => 
    [DocomoCancelTax] => 
    [pay_status] => 13
)
 from 210.175.7.20
2023/05/17 09:42:02 [/shop/user_data/pg_mulpay_recv.php] response:true from 210.175.7.20
2023/05/17 10:57:29 [/shop/shopping/load_payment_module.php] SendRequest:https://p01.mul-pay.jp/payment/SearchMember.idPass from 203.140.149.170
2023/05/17 10:57:29 [/shop/shopping/load_payment_module.php] Array
(
    [SiteID] => mst0000007602
    [SitePass] => ******
    [MemberID] => 11721
)
 from 203.140.149.170
2023/05/17 10:57:29 [/shop/shopping/load_payment_module.php] ErrCode=E01&ErrInfo=E01390002 from 203.140.149.170
2023/05/17 10:57:29 [/shop/shopping/load_payment_module.php] Array
(
    [0] => Array
        (
            [ErrCode] => E01
            [ErrInfo] => E01390002
        )

)
 from 203.140.149.170
2023/05/17 10:57:29 [/shop/shopping/load_payment_module.php] SendRequest:https://p01.mul-pay.jp/payment/SearchCard.idPass from 203.140.149.170
2023/05/17 10:57:29 [/shop/shopping/load_payment_module.php] Array
(
    [SiteID] => mst0000007602
    [SitePass] => ******
    [MemberID] => 11721
)
 from 203.140.149.170
2023/05/17 10:57:29 [/shop/shopping/load_payment_module.php] ErrCode=E01|E01&ErrInfo=E01390002|E01240002 from 203.140.149.170
2023/05/17 10:57:29 [/shop/shopping/load_payment_module.php] Array
(
    [0] => Array
        (
            [ErrCode] => E01
            [ErrInfo] => E01390002
        )

    [1] => Array
        (
            [ErrCode] => E01
            [ErrInfo] => E01240002
        )

)
 from 203.140.149.170
2023/05/17 10:59:11 [/shop/shopping/load_payment_module.php] SendRequest:https://p01.mul-pay.jp/payment/SearchMember.idPass from 203.140.149.170
2023/05/17 10:59:11 [/shop/shopping/load_payment_module.php] Array
(
    [SiteID] => mst0000007602
    [SitePass] => ******
    [MemberID] => 11721
)
 from 203.140.149.170
2023/05/17 10:59:11 [/shop/shopping/load_payment_module.php] ErrCode=E01&ErrInfo=E01390002 from 203.140.149.170
2023/05/17 10:59:11 [/shop/shopping/load_payment_module.php] Array
(
    [0] => Array
        (
            [ErrCode] => E01
            [ErrInfo] => E01390002
        )

)
 from 203.140.149.170
2023/05/17 10:59:11 [/shop/shopping/load_payment_module.php] SendRequest:https://p01.mul-pay.jp/payment/SearchCard.idPass from 203.140.149.170
2023/05/17 10:59:11 [/shop/shopping/load_payment_module.php] Array
(
    [SiteID] => mst0000007602
    [SitePass] => ******
    [MemberID] => 11721
)
 from 203.140.149.170
2023/05/17 10:59:11 [/shop/shopping/load_payment_module.php] ErrCode=E01|E01&ErrInfo=E01390002|E01240002 from 203.140.149.170
2023/05/17 10:59:11 [/shop/shopping/load_payment_module.php] Array
(
    [0] => Array
        (
            [ErrCode] => E01
            [ErrInfo] => E01390002
        )

    [1] => Array
        (
            [ErrCode] => E01
            [ErrInfo] => E01240002
        )

)
 from 203.140.149.170
2023/05/17 10:59:11 [/shop/shopping/load_payment_module.php] SendRequest:https://p01.mul-pay.jp/payment/EntryTran.idPass from 203.140.149.170
2023/05/17 10:59:11 [/shop/shopping/load_payment_module.php] Array
(
    [ShopID] => 9000034600950
    [ShopPass] => ******
    [OrderID] => 951779-17105911
    [JobCd] => CAPTURE
    [Amount] => 6950
    [TdFlag] => 0
    [TdTenantName] => 
)
 from 203.140.149.170
2023/05/17 10:59:11 [/shop/shopping/load_payment_module.php] AccessID=ddfb78bebc00d4d9b4f4aa67096e35c0&AccessPass=8398e66545b37104fef799c6d36ffc20 from 203.140.149.170
2023/05/17 10:59:11 [/shop/shopping/load_payment_module.php] Array
(
    [0] => Array
        (
            [AccessID] => ddfb78bebc00d4d9b4f4aa67096e35c0
            [AccessPass] => 8398e66545b37104fef799c6d36ffc20
        )

)
 from 203.140.149.170
2023/05/17 10:59:11 [/shop/shopping/load_payment_module.php] load_payment_module.php set payment data:Array
(
    [AccessID] => ddfb78bebc00d4d9b4f4aa67096e35c0
    [AccessPass] => 8398e66545b37104fef799c6d36ffc20
    [OrderID] => 951779-17105911
    [Amount] => 6950
    [JobCd] => CAPTURE
    [action_status] => 1
    [pay_status] => 0
)
 from 203.140.149.170
2023/05/17 10:59:11 [/shop/shopping/load_payment_module.php] SendRequest:https://p01.mul-pay.jp/payment/ExecTran.idPass from 203.140.149.170
2023/05/17 10:59:11 [/shop/shopping/load_payment_module.php] Array
(
    [AccessID] => ddfb78bebc00d4d9b4f4aa67096e35c0
    [AccessPass] => 8398e66545b37104fef799c6d36ffc20
    [OrderID] => 951779-17105911
    [Method] => 1
    [Token] => 48a1ccc6ea601a773522a5e62a7a31c9b1f00b96437197ad1b88f17cd72ac97e
    [ClientField1] => 
    [ClientField2] => 
    [ClientField3] => EC-CUBE4.3.35
)
 from 203.140.149.170
2023/05/17 10:59:12 [/shop/shopping/load_payment_module.php] ACS=0&OrderID=951779-17105911&Forward=2a99661&Method=1&PayTimes=&Approve=0264624&TranID=2305171059602257210134151553&TranDate=20230517105912&CheckString=a17a2ed70c5528ad7cab2a47d9697ce5 from 203.140.149.170
2023/05/17 10:59:12 [/shop/shopping/load_payment_module.php] Array
(
    [0] => Array
        (
            [ACS] => 0
            [OrderID] => 951779-17105911
            [Forward] => 2a99661
            [Method] => 1
            [PayTimes] => 
            [Approve] => 0264624
            [TranID] => 2305171059602257210134151553
            [TranDate] => 20230517105912
            [CheckString] => a17a2ed70c5528ad7cab2a47d9697ce5
        )

)
 from 203.140.149.170
2023/05/17 10:59:12 [/shop/shopping/load_payment_module.php] load_payment_module.php set payment data:Array
(
    [ACS] => 0
    [Forward] => 2a99661
    [Method] => 1
    [PayTimes] => 
    [Approve] => 0264624
    [TranID] => 2305171059602257210134151553
    [TranDate] => 20230517105912
    [CheckString] => a17a2ed70c5528ad7cab2a47d9697ce5
    [Amount] => 6950
    [JobCd] => CAPTURE
    [action_status] => 3
    [pay_status] => 13
)
 from 203.140.149.170
2023/05/17 10:59:12 [/shop/user_data/pg_mulpay_recv.php] ******* receiveer data start ******* from 210.175.7.20
2023/05/17 10:59:12 [/shop/user_data/pg_mulpay_recv.php] Array
(
    [ShopID] => 9000034600950
    [ShopPass] => **********
    [AccessID] => ddfb78bebc00d4d9b4f4aa67096e35c0
    [AccessPass] => ********************************
    [OrderID] => 951779-17105911
    [Status] => CAPTURE
    [JobCd] => CAPTURE
    [Amount] => 6950
    [Tax] => 0
    [Currency] => JPN
    [Forward] => 2a99661
    [Method] => 1
    [PayTimes] => 
    [TranID] => 2305171059602257210134151553
    [Approve] => 0264624
    [TranDate] => 20230517105912
    [ErrCode] => 
    [ErrInfo] => 
    [PayType] => 0
)
 from 210.175.7.20
2023/05/17 10:59:12 [/shop/user_data/pg_mulpay_recv.php] ******* receiveer data end ******* from 210.175.7.20
2023/05/17 10:59:17 [/shop/user_data/pg_mulpay_recv.php] update order status:1 order_id=951779 from 210.175.7.20
2023/05/17 10:59:17 [/shop/user_data/pg_mulpay_recv.php] pg_mulpay_recv.php set payment data:Array
(
    [ShopID] => 9000034600950
    [AccessID] => ddfb78bebc00d4d9b4f4aa67096e35c0
    [OrderID] => 951779-17105911
    [Status] => CAPTURE
    [JobCd] => CAPTURE
    [Amount] => 6950
    [Tax] => 0
    [Currency] => JPN
    [Forward] => 2a99661
    [Method] => 1
    [PayTimes] => 
    [TranID] => 2305171059602257210134151553
    [Approve] => 0264624
    [TranDate] => 20230517105912
    [ErrCode] => 
    [ErrInfo] => 
    [PayType] => 0
    [CvsCode] => 
    [CvsConfNo] => 
    [CvsReceiptNo] => 
    [EdyReceiptNo] => 
    [EdyOrderNo] => 
    [SuicaReceiptNo] => 
    [SuicaOrderNo] => 
    [CustID] => 
    [BkCode] => 
    [ConfNo] => 
    [PaymentTerm] => 
    [EncryptReceiptNo] => 
    [FinishDate] => 
    [ReceiptDate] => 
    [WebMoneyManagementNo] => 
    [WebMoneySettleCode] => 
    [AuPayInfoNo] => 
    [AuPayMethod] => 
    [AuCancelAmount] => 
    [AuCancelTax] => 
    [DocomoSettlementCode] => 
    [DocomoCancelAmount] => 
    [DocomoCancelTax] => 
    [pay_status] => 13
)
 from 210.175.7.20
2023/05/17 10:59:17 [/shop/user_data/pg_mulpay_recv.php] response:true from 210.175.7.20
2023/05/17 13:32:53 [/shop/shopping/load_payment_module.php] SendRequest:https://p01.mul-pay.jp/payment/SearchMember.idPass from 59.124.2.199
2023/05/17 13:32:53 [/shop/shopping/load_payment_module.php] Array
(
    [SiteID] => mst0000007602
    [SitePass] => ******
    [MemberID] => 11484
)
 from 59.124.2.199
2023/05/17 13:32:53 [/shop/shopping/load_payment_module.php] ErrCode=E01&ErrInfo=E01390002 from 59.124.2.199
2023/05/17 13:32:53 [/shop/shopping/load_payment_module.php] Array
(
    [0] => Array
        (
            [ErrCode] => E01
            [ErrInfo] => E01390002
        )

)
 from 59.124.2.199
2023/05/17 13:32:53 [/shop/shopping/load_payment_module.php] SendRequest:https://p01.mul-pay.jp/payment/SearchCard.idPass from 59.124.2.199
2023/05/17 13:32:53 [/shop/shopping/load_payment_module.php] Array
(
    [SiteID] => mst0000007602
    [SitePass] => ******
    [MemberID] => 11484
)
 from 59.124.2.199
2023/05/17 13:32:53 [/shop/shopping/load_payment_module.php] ErrCode=E01|E01&ErrInfo=E01390002|E01240002 from 59.124.2.199
2023/05/17 13:32:53 [/shop/shopping/load_payment_module.php] Array
(
    [0] => Array
        (
            [ErrCode] => E01
            [ErrInfo] => E01390002
        )

    [1] => Array
        (
            [ErrCode] => E01
            [ErrInfo] => E01240002
        )

)
 from 59.124.2.199
2023/05/17 13:33:05 [/shop/shopping/load_payment_module.php] SendRequest:https://p01.mul-pay.jp/payment/SearchMember.idPass from 59.124.2.199
2023/05/17 13:33:05 [/shop/shopping/load_payment_module.php] Array
(
    [SiteID] => mst0000007602
    [SitePass] => ******
    [MemberID] => 11484
)
 from 59.124.2.199
2023/05/17 13:33:05 [/shop/shopping/load_payment_module.php] ErrCode=E01&ErrInfo=E01390002 from 59.124.2.199
2023/05/17 13:33:05 [/shop/shopping/load_payment_module.php] Array
(
    [0] => Array
        (
            [ErrCode] => E01
            [ErrInfo] => E01390002
        )

)
 from 59.124.2.199
2023/05/17 13:33:05 [/shop/shopping/load_payment_module.php] SendRequest:https://p01.mul-pay.jp/payment/SearchCard.idPass from 59.124.2.199
2023/05/17 13:33:05 [/shop/shopping/load_payment_module.php] Array
(
    [SiteID] => mst0000007602
    [SitePass] => ******
    [MemberID] => 11484
)
 from 59.124.2.199
2023/05/17 13:33:05 [/shop/shopping/load_payment_module.php] ErrCode=E01|E01&ErrInfo=E01390002|E01240002 from 59.124.2.199
2023/05/17 13:33:05 [/shop/shopping/load_payment_module.php] Array
(
    [0] => Array
        (
            [ErrCode] => E01
            [ErrInfo] => E01390002
        )

    [1] => Array
        (
            [ErrCode] => E01
            [ErrInfo] => E01240002
        )

)
 from 59.124.2.199
2023/05/17 13:33:05 [/shop/shopping/load_payment_module.php] SendRequest:https://p01.mul-pay.jp/payment/EntryTran.idPass from 59.124.2.199
2023/05/17 13:33:05 [/shop/shopping/load_payment_module.php] Array
(
    [ShopID] => 9000034600950
    [ShopPass] => ******
    [OrderID] => 951780-17133305
    [JobCd] => CAPTURE
    [Amount] => 2820
    [TdFlag] => 0
    [TdTenantName] => 
)
 from 59.124.2.199
2023/05/17 13:33:05 [/shop/shopping/load_payment_module.php] AccessID=864565050b1c88f8dd6a716b9fc52973&AccessPass=a4c4f387f2f61452645c663be5210207 from 59.124.2.199
2023/05/17 13:33:05 [/shop/shopping/load_payment_module.php] Array
(
    [0] => Array
        (
            [AccessID] => 864565050b1c88f8dd6a716b9fc52973
            [AccessPass] => a4c4f387f2f61452645c663be5210207
        )

)
 from 59.124.2.199
2023/05/17 13:33:05 [/shop/shopping/load_payment_module.php] load_payment_module.php set payment data:Array
(
    [AccessID] => 864565050b1c88f8dd6a716b9fc52973
    [AccessPass] => a4c4f387f2f61452645c663be5210207
    [OrderID] => 951780-17133305
    [Amount] => 2820
    [JobCd] => CAPTURE
    [action_status] => 1
    [pay_status] => 0
)
 from 59.124.2.199
2023/05/17 13:33:05 [/shop/shopping/load_payment_module.php] SendRequest:https://p01.mul-pay.jp/payment/ExecTran.idPass from 59.124.2.199
2023/05/17 13:33:05 [/shop/shopping/load_payment_module.php] Array
(
    [AccessID] => 864565050b1c88f8dd6a716b9fc52973
    [AccessPass] => a4c4f387f2f61452645c663be5210207
    [OrderID] => 951780-17133305
    [Method] => 1
    [Token] => 82bb83e575b5f7a537d4288a36cc3976d017ec9221cb40ac6ff5c0a5d91a0d7f
    [ClientField1] => 
    [ClientField2] => 
    [ClientField3] => EC-CUBE4.3.35
)
 from 59.124.2.199
2023/05/17 13:33:06 [/shop/shopping/load_payment_module.php] ACS=0&OrderID=951780-17133305&Forward=2959876&Method=1&PayTimes=&Approve=0383042&TranID=2305171333602257210134181557&TranDate=20230517133306&CheckString=cb249d6cb710da78a5c1b0b521cc2a95 from 59.124.2.199
2023/05/17 13:33:06 [/shop/shopping/load_payment_module.php] Array
(
    [0] => Array
        (
            [ACS] => 0
            [OrderID] => 951780-17133305
            [Forward] => 2959876
            [Method] => 1
            [PayTimes] => 
            [Approve] => 0383042
            [TranID] => 2305171333602257210134181557
            [TranDate] => 20230517133306
            [CheckString] => cb249d6cb710da78a5c1b0b521cc2a95
        )

)
 from 59.124.2.199
2023/05/17 13:33:06 [/shop/shopping/load_payment_module.php] load_payment_module.php set payment data:Array
(
    [ACS] => 0
    [Forward] => 2959876
    [Method] => 1
    [PayTimes] => 
    [Approve] => 0383042
    [TranID] => 2305171333602257210134181557
    [TranDate] => 20230517133306
    [CheckString] => cb249d6cb710da78a5c1b0b521cc2a95
    [Amount] => 2820
    [JobCd] => CAPTURE
    [action_status] => 3
    [pay_status] => 13
)
 from 59.124.2.199
2023/05/17 13:33:06 [/shop/user_data/pg_mulpay_recv.php] ******* receiveer data start ******* from 210.175.7.20
2023/05/17 13:33:06 [/shop/user_data/pg_mulpay_recv.php] Array
(
    [ShopID] => 9000034600950
    [ShopPass] => **********
    [AccessID] => 864565050b1c88f8dd6a716b9fc52973
    [AccessPass] => ********************************
    [OrderID] => 951780-17133305
    [Status] => CAPTURE
    [JobCd] => CAPTURE
    [Amount] => 2820
    [Tax] => 0
    [Currency] => JPN
    [Forward] => 2959876
    [Method] => 1
    [PayTimes] => 
    [TranID] => 2305171333602257210134181557
    [Approve] => 0383042
    [TranDate] => 20230517133306
    [ErrCode] => 
    [ErrInfo] => 
    [PayType] => 0
)
 from 210.175.7.20
2023/05/17 13:33:06 [/shop/user_data/pg_mulpay_recv.php] ******* receiveer data end ******* from 210.175.7.20
2023/05/17 13:33:11 [/shop/user_data/pg_mulpay_recv.php] update order status:1 order_id=951780 from 210.175.7.20
2023/05/17 13:33:11 [/shop/user_data/pg_mulpay_recv.php] pg_mulpay_recv.php set payment data:Array
(
    [ShopID] => 9000034600950
    [AccessID] => 864565050b1c88f8dd6a716b9fc52973
    [OrderID] => 951780-17133305
    [Status] => CAPTURE
    [JobCd] => CAPTURE
    [Amount] => 2820
    [Tax] => 0
    [Currency] => JPN
    [Forward] => 2959876
    [Method] => 1
    [PayTimes] => 
    [TranID] => 2305171333602257210134181557
    [Approve] => 0383042
    [TranDate] => 20230517133306
    [ErrCode] => 
    [ErrInfo] => 
    [PayType] => 0
    [CvsCode] => 
    [CvsConfNo] => 
    [CvsReceiptNo] => 
    [EdyReceiptNo] => 
    [EdyOrderNo] => 
    [SuicaReceiptNo] => 
    [SuicaOrderNo] => 
    [CustID] => 
    [BkCode] => 
    [ConfNo] => 
    [PaymentTerm] => 
    [EncryptReceiptNo] => 
    [FinishDate] => 
    [ReceiptDate] => 
    [WebMoneyManagementNo] => 
    [WebMoneySettleCode] => 
    [AuPayInfoNo] => 
    [AuPayMethod] => 
    [AuCancelAmount] => 
    [AuCancelTax] => 
    [DocomoSettlementCode] => 
    [DocomoCancelAmount] => 
    [DocomoCancelTax] => 
    [pay_status] => 13
)
 from 210.175.7.20
2023/05/17 13:33:11 [/shop/user_data/pg_mulpay_recv.php] response:true from 210.175.7.20
2023/05/17 14:04:26 [/shop/shopping/load_payment_module.php] SendRequest:https://p01.mul-pay.jp/payment/SearchMember.idPass from 73.170.89.164
2023/05/17 14:04:26 [/shop/shopping/load_payment_module.php] Array
(
    [SiteID] => mst0000007602
    [SitePass] => ******
    [MemberID] => 11725
)
 from 73.170.89.164
2023/05/17 14:04:26 [/shop/shopping/load_payment_module.php] ErrCode=E01&ErrInfo=E01390002 from 73.170.89.164
2023/05/17 14:04:26 [/shop/shopping/load_payment_module.php] Array
(
    [0] => Array
        (
            [ErrCode] => E01
            [ErrInfo] => E01390002
        )

)
 from 73.170.89.164
2023/05/17 14:04:26 [/shop/shopping/load_payment_module.php] SendRequest:https://p01.mul-pay.jp/payment/SearchCard.idPass from 73.170.89.164
2023/05/17 14:04:26 [/shop/shopping/load_payment_module.php] Array
(
    [SiteID] => mst0000007602
    [SitePass] => ******
    [MemberID] => 11725
)
 from 73.170.89.164
2023/05/17 14:04:27 [/shop/shopping/load_payment_module.php] ErrCode=E01|E01&ErrInfo=E01390002|E01240002 from 73.170.89.164
2023/05/17 14:04:27 [/shop/shopping/load_payment_module.php] Array
(
    [0] => Array
        (
            [ErrCode] => E01
            [ErrInfo] => E01390002
        )

    [1] => Array
        (
            [ErrCode] => E01
            [ErrInfo] => E01240002
        )

)
 from 73.170.89.164
2023/05/17 14:05:20 [/shop/shopping/load_payment_module.php] SendRequest:https://p01.mul-pay.jp/payment/SearchMember.idPass from 73.170.89.164
2023/05/17 14:05:20 [/shop/shopping/load_payment_module.php] Array
(
    [SiteID] => mst0000007602
    [SitePass] => ******
    [MemberID] => 11725
)
 from 73.170.89.164
2023/05/17 14:05:20 [/shop/shopping/load_payment_module.php] ErrCode=E01&ErrInfo=E01390002 from 73.170.89.164
2023/05/17 14:05:20 [/shop/shopping/load_payment_module.php] Array
(
    [0] => Array
        (
            [ErrCode] => E01
            [ErrInfo] => E01390002
        )

)
 from 73.170.89.164
2023/05/17 14:05:20 [/shop/shopping/load_payment_module.php] SendRequest:https://p01.mul-pay.jp/payment/SearchCard.idPass from 73.170.89.164
2023/05/17 14:05:20 [/shop/shopping/load_payment_module.php] Array
(
    [SiteID] => mst0000007602
    [SitePass] => ******
    [MemberID] => 11725
)
 from 73.170.89.164
2023/05/17 14:05:20 [/shop/shopping/load_payment_module.php] ErrCode=E01|E01&ErrInfo=E01390002|E01240002 from 73.170.89.164
2023/05/17 14:05:21 [/shop/shopping/load_payment_module.php] Array
(
    [0] => Array
        (
            [ErrCode] => E01
            [ErrInfo] => E01390002
        )

    [1] => Array
        (
            [ErrCode] => E01
            [ErrInfo] => E01240002
        )

)
 from 73.170.89.164
2023/05/17 14:05:21 [/shop/shopping/load_payment_module.php] SendRequest:https://p01.mul-pay.jp/payment/EntryTran.idPass from 73.170.89.164
2023/05/17 14:05:21 [/shop/shopping/load_payment_module.php] Array
(
    [ShopID] => 9000034600950
    [ShopPass] => ******
    [OrderID] => 951781-17140521
    [JobCd] => CAPTURE
    [Amount] => 5940
    [TdFlag] => 0
    [TdTenantName] => 
)
 from 73.170.89.164
2023/05/17 14:05:21 [/shop/shopping/load_payment_module.php] AccessID=be7688068c88b095b2032000d5706ad4&AccessPass=a212385726b22bc8b8f23eaf499243b3 from 73.170.89.164
2023/05/17 14:05:21 [/shop/shopping/load_payment_module.php] Array
(
    [0] => Array
        (
            [AccessID] => be7688068c88b095b2032000d5706ad4
            [AccessPass] => a212385726b22bc8b8f23eaf499243b3
        )

)
 from 73.170.89.164
2023/05/17 14:05:21 [/shop/shopping/load_payment_module.php] load_payment_module.php set payment data:Array
(
    [AccessID] => be7688068c88b095b2032000d5706ad4
    [AccessPass] => a212385726b22bc8b8f23eaf499243b3
    [OrderID] => 951781-17140521
    [Amount] => 5940
    [JobCd] => CAPTURE
    [action_status] => 1
    [pay_status] => 0
)
 from 73.170.89.164
2023/05/17 14:05:21 [/shop/shopping/load_payment_module.php] SendRequest:https://p01.mul-pay.jp/payment/ExecTran.idPass from 73.170.89.164
2023/05/17 14:05:21 [/shop/shopping/load_payment_module.php] Array
(
    [AccessID] => be7688068c88b095b2032000d5706ad4
    [AccessPass] => a212385726b22bc8b8f23eaf499243b3
    [OrderID] => 951781-17140521
    [Method] => 1
    [Token] => e1f0d94329878a0c446a0fa523f1254ad9fe827fb6e2449ba94c13596286d252
    [ClientField1] => 
    [ClientField2] => 
    [ClientField3] => EC-CUBE4.3.35
)
 from 73.170.89.164
2023/05/17 14:05:21 [/shop/shopping/load_payment_module.php] ACS=0&OrderID=951781-17140521&Forward=2S49631&Method=1&PayTimes=&Approve=0017242&TranID=2305171405602257210134171506&TranDate=20230517140521&CheckString=02c3da3dddc1f731f396f5284408dbf1 from 73.170.89.164
2023/05/17 14:05:21 [/shop/shopping/load_payment_module.php] Array
(
    [0] => Array
        (
            [ACS] => 0
            [OrderID] => 951781-17140521
            [Forward] => 2S49631
            [Method] => 1
            [PayTimes] => 
            [Approve] => 0017242
            [TranID] => 2305171405602257210134171506
            [TranDate] => 20230517140521
            [CheckString] => 02c3da3dddc1f731f396f5284408dbf1
        )

)
 from 73.170.89.164
2023/05/17 14:05:21 [/shop/shopping/load_payment_module.php] load_payment_module.php set payment data:Array
(
    [ACS] => 0
    [Forward] => 2S49631
    [Method] => 1
    [PayTimes] => 
    [Approve] => 0017242
    [TranID] => 2305171405602257210134171506
    [TranDate] => 20230517140521
    [CheckString] => 02c3da3dddc1f731f396f5284408dbf1
    [Amount] => 5940
    [JobCd] => CAPTURE
    [action_status] => 3
    [pay_status] => 13
)
 from 73.170.89.164
2023/05/17 14:05:21 [/shop/user_data/pg_mulpay_recv.php] ******* receiveer data start ******* from 210.175.7.20
2023/05/17 14:05:21 [/shop/user_data/pg_mulpay_recv.php] Array
(
    [ShopID] => 9000034600950
    [ShopPass] => **********
    [AccessID] => be7688068c88b095b2032000d5706ad4
    [AccessPass] => ********************************
    [OrderID] => 951781-17140521
    [Status] => CAPTURE
    [JobCd] => CAPTURE
    [Amount] => 5940
    [Tax] => 0
    [Currency] => JPN
    [Forward] => 2S49631
    [Method] => 1
    [PayTimes] => 
    [TranID] => 2305171405602257210134171506
    [Approve] => 0017242
    [TranDate] => 20230517140521
    [ErrCode] => 
    [ErrInfo] => 
    [PayType] => 0
)
 from 210.175.7.20
2023/05/17 14:05:21 [/shop/user_data/pg_mulpay_recv.php] ******* receiveer data end ******* from 210.175.7.20
2023/05/17 14:05:26 [/shop/user_data/pg_mulpay_recv.php] update order status:1 order_id=951781 from 210.175.7.20
2023/05/17 14:05:26 [/shop/user_data/pg_mulpay_recv.php] pg_mulpay_recv.php set payment data:Array
(
    [ShopID] => 9000034600950
    [AccessID] => be7688068c88b095b2032000d5706ad4
    [OrderID] => 951781-17140521
    [Status] => CAPTURE
    [JobCd] => CAPTURE
    [Amount] => 5940
    [Tax] => 0
    [Currency] => JPN
    [Forward] => 2S49631
    [Method] => 1
    [PayTimes] => 
    [TranID] => 2305171405602257210134171506
    [Approve] => 0017242
    [TranDate] => 20230517140521
    [ErrCode] => 
    [ErrInfo] => 
    [PayType] => 0
    [CvsCode] => 
    [CvsConfNo] => 
    [CvsReceiptNo] => 
    [EdyReceiptNo] => 
    [EdyOrderNo] => 
    [SuicaReceiptNo] => 
    [SuicaOrderNo] => 
    [CustID] => 
    [BkCode] => 
    [ConfNo] => 
    [PaymentTerm] => 
    [EncryptReceiptNo] => 
    [FinishDate] => 
    [ReceiptDate] => 
    [WebMoneyManagementNo] => 
    [WebMoneySettleCode] => 
    [AuPayInfoNo] => 
    [AuPayMethod] => 
    [AuCancelAmount] => 
    [AuCancelTax] => 
    [DocomoSettlementCode] => 
    [DocomoCancelAmount] => 
    [DocomoCancelTax] => 
    [pay_status] => 13
)
 from 210.175.7.20
2023/05/17 14:05:26 [/shop/user_data/pg_mulpay_recv.php] response:true from 210.175.7.20
2023/05/17 15:20:25 [/shop/shopping/load_payment_module.php] SendRequest:https://p01.mul-pay.jp/payment/EntryTran.idPass from 136.52.71.101
2023/05/17 15:20:25 [/shop/shopping/load_payment_module.php] Array
(
    [ShopID] => 9000034600950
    [ShopPass] => ******
    [OrderID] => 951782-17152025
    [JobCd] => CAPTURE
    [Amount] => 10850
    [TdFlag] => 0
    [TdTenantName] => 
)
 from 136.52.71.101
2023/05/17 15:20:25 [/shop/shopping/load_payment_module.php] AccessID=cbdaf1ec2f7775a3a189850b42eb1b30&AccessPass=d6c09d45eca20bf9eeb06e5faf5929de from 136.52.71.101
2023/05/17 15:20:25 [/shop/shopping/load_payment_module.php] Array
(
    [0] => Array
        (
            [AccessID] => cbdaf1ec2f7775a3a189850b42eb1b30
            [AccessPass] => d6c09d45eca20bf9eeb06e5faf5929de
        )

)
 from 136.52.71.101
2023/05/17 15:20:25 [/shop/shopping/load_payment_module.php] load_payment_module.php set payment data:Array
(
    [AccessID] => cbdaf1ec2f7775a3a189850b42eb1b30
    [AccessPass] => d6c09d45eca20bf9eeb06e5faf5929de
    [OrderID] => 951782-17152025
    [Amount] => 10850
    [JobCd] => CAPTURE
    [action_status] => 1
    [pay_status] => 0
)
 from 136.52.71.101
2023/05/17 15:20:25 [/shop/shopping/load_payment_module.php] SendRequest:https://p01.mul-pay.jp/payment/ExecTran.idPass from 136.52.71.101
2023/05/17 15:20:25 [/shop/shopping/load_payment_module.php] Array
(
    [AccessID] => cbdaf1ec2f7775a3a189850b42eb1b30
    [AccessPass] => d6c09d45eca20bf9eeb06e5faf5929de
    [OrderID] => 951782-17152025
    [Method] => 1
    [Token] => a6e34c508da32901d2400e4243c5403a14e2d3358925576e3515416270da48e6
    [ClientField1] => 
    [ClientField2] => 
    [ClientField3] => EC-CUBE4.3.35
)
 from 136.52.71.101
2023/05/17 15:20:26 [/shop/shopping/load_payment_module.php] ACS=0&OrderID=951782-17152025&Forward=2959876&Method=1&PayTimes=&Approve=0301395&TranID=2305171520602257210134161505&TranDate=20230517152026&CheckString=350570c6d9f2d386b49a0251079e33ce from 136.52.71.101
2023/05/17 15:20:26 [/shop/shopping/load_payment_module.php] Array
(
    [0] => Array
        (
            [ACS] => 0
            [OrderID] => 951782-17152025
            [Forward] => 2959876
            [Method] => 1
            [PayTimes] => 
            [Approve] => 0301395
            [TranID] => 2305171520602257210134161505
            [TranDate] => 20230517152026
            [CheckString] => 350570c6d9f2d386b49a0251079e33ce
        )

)
 from 136.52.71.101
2023/05/17 15:20:26 [/shop/shopping/load_payment_module.php] load_payment_module.php set payment data:Array
(
    [ACS] => 0
    [Forward] => 2959876
    [Method] => 1
    [PayTimes] => 
    [Approve] => 0301395
    [TranID] => 2305171520602257210134161505
    [TranDate] => 20230517152026
    [CheckString] => 350570c6d9f2d386b49a0251079e33ce
    [Amount] => 10850
    [JobCd] => CAPTURE
    [action_status] => 3
    [pay_status] => 13
)
 from 136.52.71.101
2023/05/17 15:20:26 [/shop/user_data/pg_mulpay_recv.php] ******* receiveer data start ******* from 210.175.7.20
2023/05/17 15:20:26 [/shop/user_data/pg_mulpay_recv.php] Array
(
    [ShopID] => 9000034600950
    [ShopPass] => **********
    [AccessID] => cbdaf1ec2f7775a3a189850b42eb1b30
    [AccessPass] => ********************************
    [OrderID] => 951782-17152025
    [Status] => CAPTURE
    [JobCd] => CAPTURE
    [Amount] => 10850
    [Tax] => 0
    [Currency] => JPN
    [Forward] => 2959876
    [Method] => 1
    [PayTimes] => 
    [TranID] => 2305171520602257210134161505
    [Approve] => 0301395
    [TranDate] => 20230517152026
    [ErrCode] => 
    [ErrInfo] => 
    [PayType] => 0
)
 from 210.175.7.20
2023/05/17 15:20:26 [/shop/user_data/pg_mulpay_recv.php] ******* receiveer data end ******* from 210.175.7.20
2023/05/17 15:20:31 [/shop/user_data/pg_mulpay_recv.php] update order status:1 order_id=951782 from 210.175.7.20
2023/05/17 15:20:31 [/shop/user_data/pg_mulpay_recv.php] pg_mulpay_recv.php set payment data:Array
(
    [ShopID] => 9000034600950
    [AccessID] => cbdaf1ec2f7775a3a189850b42eb1b30
    [OrderID] => 951782-17152025
    [Status] => CAPTURE
    [JobCd] => CAPTURE
    [Amount] => 10850
    [Tax] => 0
    [Currency] => JPN
    [Forward] => 2959876
    [Method] => 1
    [PayTimes] => 
    [TranID] => 2305171520602257210134161505
    [Approve] => 0301395
    [TranDate] => 20230517152026
    [ErrCode] => 
    [ErrInfo] => 
    [PayType] => 0
    [CvsCode] => 
    [CvsConfNo] => 
    [CvsReceiptNo] => 
    [EdyReceiptNo] => 
    [EdyOrderNo] => 
    [SuicaReceiptNo] => 
    [SuicaOrderNo] => 
    [CustID] => 
    [BkCode] => 
    [ConfNo] => 
    [PaymentTerm] => 
    [EncryptReceiptNo] => 
    [FinishDate] => 
    [ReceiptDate] => 
    [WebMoneyManagementNo] => 
    [WebMoneySettleCode] => 
    [AuPayInfoNo] => 
    [AuPayMethod] => 
    [AuCancelAmount] => 
    [AuCancelTax] => 
    [DocomoSettlementCode] => 
    [DocomoCancelAmount] => 
    [DocomoCancelTax] => 
    [pay_status] => 13
)
 from 210.175.7.20
2023/05/17 15:20:31 [/shop/user_data/pg_mulpay_recv.php] response:true from 210.175.7.20
2023/05/17 16:34:55 [/shop/shopping/load_payment_module.php] SendRequest:https://p01.mul-pay.jp/payment/EntryTran.idPass from 126.162.103.198
2023/05/17 16:34:55 [/shop/shopping/load_payment_module.php] Array
(
    [ShopID] => 9000034600950
    [ShopPass] => ******
    [OrderID] => 951783-17163455
    [JobCd] => CAPTURE
    [Amount] => 8850
    [TdFlag] => 0
    [TdTenantName] => 
)
 from 126.162.103.198
2023/05/17 16:34:56 [/shop/shopping/load_payment_module.php] AccessID=91aa888c926e7bd61b76b5ac6cae2c9e&AccessPass=8b045c93574b3879fcdb83bf81cfc7ad from 126.162.103.198
2023/05/17 16:34:56 [/shop/shopping/load_payment_module.php] Array
(
    [0] => Array
        (
            [AccessID] => 91aa888c926e7bd61b76b5ac6cae2c9e
            [AccessPass] => 8b045c93574b3879fcdb83bf81cfc7ad
        )

)
 from 126.162.103.198
2023/05/17 16:34:56 [/shop/shopping/load_payment_module.php] load_payment_module.php set payment data:Array
(
    [AccessID] => 91aa888c926e7bd61b76b5ac6cae2c9e
    [AccessPass] => 8b045c93574b3879fcdb83bf81cfc7ad
    [OrderID] => 951783-17163455
    [Amount] => 8850
    [JobCd] => CAPTURE
    [action_status] => 1
    [pay_status] => 0
)
 from 126.162.103.198
2023/05/17 16:34:56 [/shop/shopping/load_payment_module.php] SendRequest:https://p01.mul-pay.jp/payment/ExecTran.idPass from 126.162.103.198
2023/05/17 16:34:56 [/shop/shopping/load_payment_module.php] Array
(
    [AccessID] => 91aa888c926e7bd61b76b5ac6cae2c9e
    [AccessPass] => 8b045c93574b3879fcdb83bf81cfc7ad
    [OrderID] => 951783-17163455
    [Method] => 1
    [Token] => ef0a6351d95d638206c47472f05a7bcfe17db0a662879892256441e56f8dc438
    [ClientField1] => 
    [ClientField2] => 
    [ClientField3] => EC-CUBE4.3.35
)
 from 126.162.103.198
2023/05/17 16:34:56 [/shop/shopping/load_payment_module.php] ACS=0&OrderID=951783-17163455&Forward=2S49631&Method=1&PayTimes=&Approve=0113849&TranID=2305171634602257210134181558&TranDate=20230517163456&CheckString=1746fade6c95792c2ca8da3022242315 from 126.162.103.198
2023/05/17 16:34:56 [/shop/shopping/load_payment_module.php] Array
(
    [0] => Array
        (
            [ACS] => 0
            [OrderID] => 951783-17163455
            [Forward] => 2S49631
            [Method] => 1
            [PayTimes] => 
            [Approve] => 0113849
            [TranID] => 2305171634602257210134181558
            [TranDate] => 20230517163456
            [CheckString] => 1746fade6c95792c2ca8da3022242315
        )

)
 from 126.162.103.198
2023/05/17 16:34:56 [/shop/shopping/load_payment_module.php] load_payment_module.php set payment data:Array
(
    [ACS] => 0
    [Forward] => 2S49631
    [Method] => 1
    [PayTimes] => 
    [Approve] => 0113849
    [TranID] => 2305171634602257210134181558
    [TranDate] => 20230517163456
    [CheckString] => 1746fade6c95792c2ca8da3022242315
    [Amount] => 8850
    [JobCd] => CAPTURE
    [action_status] => 3
    [pay_status] => 13
)
 from 126.162.103.198
2023/05/17 16:34:56 [/shop/user_data/pg_mulpay_recv.php] ******* receiveer data start ******* from 210.175.7.20
2023/05/17 16:34:56 [/shop/user_data/pg_mulpay_recv.php] Array
(
    [ShopID] => 9000034600950
    [ShopPass] => **********
    [AccessID] => 91aa888c926e7bd61b76b5ac6cae2c9e
    [AccessPass] => ********************************
    [OrderID] => 951783-17163455
    [Status] => CAPTURE
    [JobCd] => CAPTURE
    [Amount] => 8850
    [Tax] => 0
    [Currency] => JPN
    [Forward] => 2S49631
    [Method] => 1
    [PayTimes] => 
    [TranID] => 2305171634602257210134181558
    [Approve] => 0113849
    [TranDate] => 20230517163456
    [ErrCode] => 
    [ErrInfo] => 
    [PayType] => 0
)
 from 210.175.7.20
2023/05/17 16:34:56 [/shop/user_data/pg_mulpay_recv.php] ******* receiveer data end ******* from 210.175.7.20
2023/05/17 16:35:01 [/shop/user_data/pg_mulpay_recv.php] update order status:1 order_id=951783 from 210.175.7.20
2023/05/17 16:35:01 [/shop/user_data/pg_mulpay_recv.php] pg_mulpay_recv.php set payment data:Array
(
    [ShopID] => 9000034600950
    [AccessID] => 91aa888c926e7bd61b76b5ac6cae2c9e
    [OrderID] => 951783-17163455
    [Status] => CAPTURE
    [JobCd] => CAPTURE
    [Amount] => 8850
    [Tax] => 0
    [Currency] => JPN
    [Forward] => 2S49631
    [Method] => 1
    [PayTimes] => 
    [TranID] => 2305171634602257210134181558
    [Approve] => 0113849
    [TranDate] => 20230517163456
    [ErrCode] => 
    [ErrInfo] => 
    [PayType] => 0
    [CvsCode] => 
    [CvsConfNo] => 
    [CvsReceiptNo] => 
    [EdyReceiptNo] => 
    [EdyOrderNo] => 
    [SuicaReceiptNo] => 
    [SuicaOrderNo] => 
    [CustID] => 
    [BkCode] => 
    [ConfNo] => 
    [PaymentTerm] => 
    [EncryptReceiptNo] => 
    [FinishDate] => 
    [ReceiptDate] => 
    [WebMoneyManagementNo] => 
    [WebMoneySettleCode] => 
    [AuPayInfoNo] => 
    [AuPayMethod] => 
    [AuCancelAmount] => 
    [AuCancelTax] => 
    [DocomoSettlementCode] => 
    [DocomoCancelAmount] => 
    [DocomoCancelTax] => 
    [pay_status] => 13
)
 from 210.175.7.20
2023/05/17 16:35:01 [/shop/user_data/pg_mulpay_recv.php] response:true from 210.175.7.20
2023/05/17 16:54:14 [/shop/master/order/edit.php] edit.php set payment data:Array
(
    [no_update_status_flg] => 1
)
 from 114.160.216.147
2023/05/17 16:54:14 [/shop/master/order/edit.php] SendRequest:https://p01.mul-pay.jp/payment/ChangeTran.idPass from 114.160.216.147
2023/05/17 16:54:14 [/shop/master/order/edit.php] Array
(
    [ShopID] => 9000034600950
    [ShopPass] => ******
    [AccessID] => 9f5808b4858c3cbef4964e43e2b93f7e
    [AccessPass] => b0847bdafc8de6985b2f4bbe0beaa74f
    [JobCd] => CAPTURE
    [Amount] => 590
)
 from 114.160.216.147
2023/05/17 16:54:17 [/shop/master/order/edit.php] AccessID=9f5808b4858c3cbef4964e43e2b93f7e&AccessPass=b0847bdafc8de6985b2f4bbe0beaa74f&Forward=2S49631&Approve=0014602&TranID=2305171654602257210134171507&TranDate=20230517165416 from 114.160.216.147
2023/05/17 16:54:17 [/shop/master/order/edit.php] Array
(
    [0] => Array
        (
            [AccessID] => 9f5808b4858c3cbef4964e43e2b93f7e
            [AccessPass] => b0847bdafc8de6985b2f4bbe0beaa74f
            [Forward] => 2S49631
            [Approve] => 0014602
            [TranID] => 2305171654602257210134171507
            [TranDate] => 20230517165416
        )

)
 from 114.160.216.147
2023/05/17 16:54:17 [/shop/master/order/edit.php] edit.php set payment data:Array
(
    [AccessID] => 9f5808b4858c3cbef4964e43e2b93f7e
    [AccessPass] => b0847bdafc8de6985b2f4bbe0beaa74f
    [Forward] => 2S49631
    [Approve] => 0014602
    [TranID] => 2305171654602257210134171507
    [TranDate] => 20230517165416
    [action_status] => 6
    [pay_status] => 13
    [JobCd] => CAPTURE
    [Amount] => 590
)
 from 114.160.216.147
2023/05/17 16:54:17 [/shop/user_data/pg_mulpay_recv.php] ******* receiveer data start ******* from 210.175.7.20
2023/05/17 16:54:17 [/shop/user_data/pg_mulpay_recv.php] Array
(
    [ShopID] => 9000034600950
    [ShopPass] => **********
    [AccessID] => 9f5808b4858c3cbef4964e43e2b93f7e
    [AccessPass] => ********************************
    [OrderID] => 951771-16185040
    [Status] => RETURN
    [JobCd] => RETURN
    [Amount] => 1180
    [Tax] => 0
    [Currency] => JPN
    [Forward] => 2S49631
    [Method] => 1
    [PayTimes] => 
    [TranID] => 2305171654602257210134151554
    [Approve] => 0010083
    [TranDate] => 20230517165416
    [ErrCode] => 
    [ErrInfo] => 
    [PayType] => 0
)
 from 210.175.7.20
2023/05/17 16:54:17 [/shop/user_data/pg_mulpay_recv.php] ******* receiveer data end ******* from 210.175.7.20
2023/05/17 16:54:17 [/shop/user_data/pg_mulpay_recv.php] pg_mulpay_recv.php set payment data:Array
(
    [ShopID] => 9000034600950
    [AccessID] => 9f5808b4858c3cbef4964e43e2b93f7e
    [OrderID] => 951771-16185040
    [Status] => RETURN
    [JobCd] => RETURN
    [Amount] => 1180
    [Tax] => 0
    [Currency] => JPN
    [Forward] => 2S49631
    [Method] => 1
    [PayTimes] => 
    [TranID] => 2305171654602257210134151554
    [Approve] => 0010083
    [TranDate] => 20230517165416
    [ErrCode] => 
    [ErrInfo] => 
    [PayType] => 0
    [CvsCode] => 
    [CvsConfNo] => 
    [CvsReceiptNo] => 
    [EdyReceiptNo] => 
    [EdyOrderNo] => 
    [SuicaReceiptNo] => 
    [SuicaOrderNo] => 
    [CustID] => 
    [BkCode] => 
    [ConfNo] => 
    [PaymentTerm] => 
    [EncryptReceiptNo] => 
    [FinishDate] => 
    [ReceiptDate] => 
    [WebMoneyManagementNo] => 
    [WebMoneySettleCode] => 
    [AuPayInfoNo] => 
    [AuPayMethod] => 
    [AuCancelAmount] => 
    [AuCancelTax] => 
    [DocomoSettlementCode] => 
    [DocomoCancelAmount] => 
    [DocomoCancelTax] => 
    [pay_status] => 15
)
 from 210.175.7.20
2023/05/17 16:54:17 [/shop/user_data/pg_mulpay_recv.php] response:true from 210.175.7.20
2023/05/17 16:54:17 [/shop/user_data/pg_mulpay_recv.php] ******* receiveer data start ******* from 210.175.7.20
2023/05/17 16:54:17 [/shop/user_data/pg_mulpay_recv.php] Array
(
    [ShopID] => 9000034600950
    [ShopPass] => **********
    [AccessID] => 9f5808b4858c3cbef4964e43e2b93f7e
    [AccessPass] => ********************************
    [OrderID] => 951771-16185040
    [Status] => CAPTURE
    [JobCd] => CAPTURE
    [Amount] => 590
    [Tax] => 0
    [Currency] => JPN
    [Forward] => 2S49631
    [Method] => 1
    [PayTimes] => 
    [TranID] => 2305171654602257210134171507
    [Approve] => 0014602
    [TranDate] => 20230517165416
    [ErrCode] => 
    [ErrInfo] => 
    [PayType] => 0
)
 from 210.175.7.20
2023/05/17 16:54:17 [/shop/user_data/pg_mulpay_recv.php] ******* receiveer data end ******* from 210.175.7.20
2023/05/17 16:54:22 [/shop/user_data/pg_mulpay_recv.php] no update order status order_id=951771 from 210.175.7.20
2023/05/17 16:54:22 [/shop/user_data/pg_mulpay_recv.php] pg_mulpay_recv.php set payment data:Array
(
    [ShopID] => 9000034600950
    [AccessID] => 9f5808b4858c3cbef4964e43e2b93f7e
    [OrderID] => 951771-16185040
    [Status] => CAPTURE
    [JobCd] => CAPTURE
    [Amount] => 590
    [Tax] => 0
    [Currency] => JPN
    [Forward] => 2S49631
    [Method] => 1
    [PayTimes] => 
    [TranID] => 2305171654602257210134171507
    [Approve] => 0014602
    [TranDate] => 20230517165416
    [ErrCode] => 
    [ErrInfo] => 
    [PayType] => 0
    [CvsCode] => 
    [CvsConfNo] => 
    [CvsReceiptNo] => 
    [EdyReceiptNo] => 
    [EdyOrderNo] => 
    [SuicaReceiptNo] => 
    [SuicaOrderNo] => 
    [CustID] => 
    [BkCode] => 
    [ConfNo] => 
    [PaymentTerm] => 
    [EncryptReceiptNo] => 
    [FinishDate] => 
    [ReceiptDate] => 
    [WebMoneyManagementNo] => 
    [WebMoneySettleCode] => 
    [AuPayInfoNo] => 
    [AuPayMethod] => 
    [AuCancelAmount] => 
    [AuCancelTax] => 
    [DocomoSettlementCode] => 
    [DocomoCancelAmount] => 
    [DocomoCancelTax] => 
    [pay_status] => 13
    [no_update_status_flg] => 0
)
 from 210.175.7.20
2023/05/17 16:54:22 [/shop/user_data/pg_mulpay_recv.php] response:true from 210.175.7.20
2023/05/17 16:54:24 [/shop/master/order/edit.php] SendRequest:https://p01.mul-pay.jp/payment/SearchTrade.idPass from 114.160.216.147
2023/05/17 16:54:24 [/shop/master/order/edit.php] Array
(
    [ShopID] => 9000034600950
    [ShopPass] => ******
    [OrderID] => 951771-16185040
)
 from 114.160.216.147
2023/05/17 16:54:24 [/shop/master/order/edit.php] OrderID=951771-16185040&Status=CAPTURE&ProcessDate=20230517165416&JobCd=CAPTURE&AccessID=9f5808b4858c3cbef4964e43e2b93f7e&AccessPass=b0847bdafc8de6985b2f4bbe0beaa74f&ItemCode=0000990&Amount=590&Tax=0&SiteID=&MemberID=&CardNo=************8430&Expire=3001&Method=1&PayTimes=&Forward=2S49631&TranID=2305171654602257210134171507&Approve=0014602&ClientField1=&ClientField2=&ClientField3=EC-CUBE4.3.35 from 114.160.216.147
2023/05/17 16:54:24 [/shop/master/order/edit.php] Array
(
    [0] => Array
        (
            [OrderID] => 951771-16185040
            [Status] => CAPTURE
            [ProcessDate] => 20230517165416
            [JobCd] => CAPTURE
            [AccessID] => 9f5808b4858c3cbef4964e43e2b93f7e
            [AccessPass] => b0847bdafc8de6985b2f4bbe0beaa74f
            [ItemCode] => 0000990
            [Amount] => 590
            [Tax] => 0
            [SiteID] => 
            [MemberID] => 
            [CardNo] => ************8430
            [Expire] => 3001
            [Method] => 1
            [PayTimes] => 
            [Forward] => 2S49631
            [TranID] => 2305171654602257210134171507
            [Approve] => 0014602
            [ClientField1] => 
            [ClientField2] => 
            [ClientField3] => EC-CUBE4.3.35
        )

)
 from 114.160.216.147
2023/05/17 16:54:24 [/shop/master/order/edit.php] edit.php set payment data:Array
(
    [OrderID] => 951771-16185040
    [Status] => CAPTURE
    [ProcessDate] => 20230517165416
    [JobCd] => CAPTURE
    [AccessID] => 9f5808b4858c3cbef4964e43e2b93f7e
    [AccessPass] => b0847bdafc8de6985b2f4bbe0beaa74f
    [ItemCode] => 0000990
    [Amount] => 590
    [Tax] => 0
    [SiteID] => 
    [MemberID] => 
    [CardNo] => ************8430
    [Expire] => 3001
    [Method] => 1
    [PayTimes] => 
    [Forward] => 2S49631
    [TranID] => 2305171654602257210134171507
    [Approve] => 0014602
    [ClientField1] => 
    [ClientField2] => 
    [ClientField3] => EC-CUBE4.3.35
    [action_status] => 6
    [pay_status] => 13
)
 from 114.160.216.147
2023/05/17 17:16:29 [/shop/shopping/load_payment_module.php] SendRequest:https://p01.mul-pay.jp/payment/EntryTran.idPass from 110.54.208.79
2023/05/17 17:16:29 [/shop/shopping/load_payment_module.php] Array
(
    [ShopID] => 9000034600950
    [ShopPass] => ******
    [OrderID] => 951784-17171629
    [JobCd] => CAPTURE
    [Amount] => 7500
    [TdFlag] => 0
    [TdTenantName] => 
)
 from 110.54.208.79
2023/05/17 17:16:29 [/shop/shopping/load_payment_module.php] AccessID=48987041098bc139132d105d0c74b47f&AccessPass=4d417a7dea803f05016f5282e0c3f446 from 110.54.208.79
2023/05/17 17:16:29 [/shop/shopping/load_payment_module.php] Array
(
    [0] => Array
        (
            [AccessID] => 48987041098bc139132d105d0c74b47f
            [AccessPass] => 4d417a7dea803f05016f5282e0c3f446
        )

)
 from 110.54.208.79
2023/05/17 17:16:29 [/shop/shopping/load_payment_module.php] load_payment_module.php set payment data:Array
(
    [AccessID] => 48987041098bc139132d105d0c74b47f
    [AccessPass] => 4d417a7dea803f05016f5282e0c3f446
    [OrderID] => 951784-17171629
    [Amount] => 7500
    [JobCd] => CAPTURE
    [action_status] => 1
    [pay_status] => 0
)
 from 110.54.208.79
2023/05/17 17:16:29 [/shop/shopping/load_payment_module.php] SendRequest:https://p01.mul-pay.jp/payment/ExecTran.idPass from 110.54.208.79
2023/05/17 17:16:29 [/shop/shopping/load_payment_module.php] Array
(
    [AccessID] => 48987041098bc139132d105d0c74b47f
    [AccessPass] => 4d417a7dea803f05016f5282e0c3f446
    [OrderID] => 951784-17171629
    [Method] => 1
    [Token] => 91d51005493c3829e23d06e03fa5911f4de58571aeb9797a0a0fecc9a7b3c381
    [ClientField1] => 
    [ClientField2] => 
    [ClientField3] => EC-CUBE4.3.35
)
 from 110.54.208.79
2023/05/17 17:16:31 [/shop/shopping/load_payment_module.php] ACS=0&OrderID=951784-17171629&Forward=2S49631&Method=1&PayTimes=&Approve=0080242&TranID=2305171716602257210134181559&TranDate=20230517171631&CheckString=4f556a6eeec889b1ed3d02f9fa72972f from 110.54.208.79
2023/05/17 17:16:31 [/shop/shopping/load_payment_module.php] Array
(
    [0] => Array
        (
            [ACS] => 0
            [OrderID] => 951784-17171629
            [Forward] => 2S49631
            [Method] => 1
            [PayTimes] => 
            [Approve] => 0080242
            [TranID] => 2305171716602257210134181559
            [TranDate] => 20230517171631
            [CheckString] => 4f556a6eeec889b1ed3d02f9fa72972f
        )

)
 from 110.54.208.79
2023/05/17 17:16:31 [/shop/shopping/load_payment_module.php] load_payment_module.php set payment data:Array
(
    [ACS] => 0
    [Forward] => 2S49631
    [Method] => 1
    [PayTimes] => 
    [Approve] => 0080242
    [TranID] => 2305171716602257210134181559
    [TranDate] => 20230517171631
    [CheckString] => 4f556a6eeec889b1ed3d02f9fa72972f
    [Amount] => 7500
    [JobCd] => CAPTURE
    [action_status] => 3
    [pay_status] => 13
)
 from 110.54.208.79
2023/05/17 17:16:31 [/shop/user_data/pg_mulpay_recv.php] ******* receiveer data start ******* from 210.175.7.20
2023/05/17 17:16:31 [/shop/user_data/pg_mulpay_recv.php] Array
(
    [ShopID] => 9000034600950
    [ShopPass] => **********
    [AccessID] => 48987041098bc139132d105d0c74b47f
    [AccessPass] => ********************************
    [OrderID] => 951784-17171629
    [Status] => CAPTURE
    [JobCd] => CAPTURE
    [Amount] => 7500
    [Tax] => 0
    [Currency] => JPN
    [Forward] => 2S49631
    [Method] => 1
    [PayTimes] => 
    [TranID] => 2305171716602257210134181559
    [Approve] => 0080242
    [TranDate] => 20230517171631
    [ErrCode] => 
    [ErrInfo] => 
    [PayType] => 0
)
 from 210.175.7.20
2023/05/17 17:16:31 [/shop/user_data/pg_mulpay_recv.php] ******* receiveer data end ******* from 210.175.7.20
2023/05/17 17:16:36 [/shop/user_data/pg_mulpay_recv.php] update order status:1 order_id=951784 from 210.175.7.20
2023/05/17 17:16:36 [/shop/user_data/pg_mulpay_recv.php] pg_mulpay_recv.php set payment data:Array
(
    [ShopID] => 9000034600950
    [AccessID] => 48987041098bc139132d105d0c74b47f
    [OrderID] => 951784-17171629
    [Status] => CAPTURE
    [JobCd] => CAPTURE
    [Amount] => 7500
    [Tax] => 0
    [Currency] => JPN
    [Forward] => 2S49631
    [Method] => 1
    [PayTimes] => 
    [TranID] => 2305171716602257210134181559
    [Approve] => 0080242
    [TranDate] => 20230517171631
    [ErrCode] => 
    [ErrInfo] => 
    [PayType] => 0
    [CvsCode] => 
    [CvsConfNo] => 
    [CvsReceiptNo] => 
    [EdyReceiptNo] => 
    [EdyOrderNo] => 
    [SuicaReceiptNo] => 
    [SuicaOrderNo] => 
    [CustID] => 
    [BkCode] => 
    [ConfNo] => 
    [PaymentTerm] => 
    [EncryptReceiptNo] => 
    [FinishDate] => 
    [ReceiptDate] => 
    [WebMoneyManagementNo] => 
    [WebMoneySettleCode] => 
    [AuPayInfoNo] => 
    [AuPayMethod] => 
    [AuCancelAmount] => 
    [AuCancelTax] => 
    [DocomoSettlementCode] => 
    [DocomoCancelAmount] => 
    [DocomoCancelTax] => 
    [pay_status] => 13
)
 from 210.175.7.20
2023/05/17 17:16:36 [/shop/user_data/pg_mulpay_recv.php] response:true from 210.175.7.20
2023/05/17 17:24:51 [/shop/master/order/edit.php] edit.php set payment data:Array
(
    [no_update_status_flg] => 1
)
 from 114.160.216.147
2023/05/17 17:24:51 [/shop/master/order/edit.php] SendRequest:https://p01.mul-pay.jp/payment/ChangeTran.idPass from 114.160.216.147
2023/05/17 17:24:51 [/shop/master/order/edit.php] Array
(
    [ShopID] => 9000034600950
    [ShopPass] => ******
    [AccessID] => 16126d0f7d569d88506c9d7f9150ebb7
    [AccessPass] => 054bc68e5451cad124ef028740a2aab1
    [JobCd] => CAPTURE
    [Amount] => 10580
)
 from 114.160.216.147
2023/05/17 17:24:52 [/shop/master/order/edit.php] AccessID=16126d0f7d569d88506c9d7f9150ebb7&AccessPass=054bc68e5451cad124ef028740a2aab1&Forward=2S49631&Approve=0017976&TranID=2305171724602257210134171508&TranDate=20230517172452 from 114.160.216.147
2023/05/17 17:24:52 [/shop/master/order/edit.php] Array
(
    [0] => Array
        (
            [AccessID] => 16126d0f7d569d88506c9d7f9150ebb7
            [AccessPass] => 054bc68e5451cad124ef028740a2aab1
            [Forward] => 2S49631
            [Approve] => 0017976
            [TranID] => 2305171724602257210134171508
            [TranDate] => 20230517172452
        )

)
 from 114.160.216.147
2023/05/17 17:24:52 [/shop/master/order/edit.php] edit.php set payment data:Array
(
    [AccessID] => 16126d0f7d569d88506c9d7f9150ebb7
    [AccessPass] => 054bc68e5451cad124ef028740a2aab1
    [Forward] => 2S49631
    [Approve] => 0017976
    [TranID] => 2305171724602257210134171508
    [TranDate] => 20230517172452
    [action_status] => 6
    [pay_status] => 13
    [JobCd] => CAPTURE
    [Amount] => 10580
)
 from 114.160.216.147
2023/05/17 17:24:52 [/shop/user_data/pg_mulpay_recv.php] ******* receiveer data start ******* from 210.175.7.20
2023/05/17 17:24:52 [/shop/user_data/pg_mulpay_recv.php] Array
(
    [ShopID] => 9000034600950
    [ShopPass] => **********
    [AccessID] => 16126d0f7d569d88506c9d7f9150ebb7
    [AccessPass] => ********************************
    [OrderID] => 951440-01134154
    [Status] => RETURN
    [JobCd] => RETURN
    [Amount] => 5820
    [Tax] => 0
    [Currency] => JPN
    [Forward] => 2S49631
    [Method] => 1
    [PayTimes] => 
    [TranID] => 2305171724602257210134161506
    [Approve] => 0016135
    [TranDate] => 20230517172452
    [ErrCode] => 
    [ErrInfo] => 
    [PayType] => 0
)
 from 210.175.7.20
2023/05/17 17:24:52 [/shop/user_data/pg_mulpay_recv.php] ******* receiveer data end ******* from 210.175.7.20
2023/05/17 17:24:52 [/shop/user_data/pg_mulpay_recv.php] pg_mulpay_recv.php set payment data:Array
(
    [ShopID] => 9000034600950
    [AccessID] => 16126d0f7d569d88506c9d7f9150ebb7
    [OrderID] => 951440-01134154
    [Status] => RETURN
    [JobCd] => RETURN
    [Amount] => 5820
    [Tax] => 0
    [Currency] => JPN
    [Forward] => 2S49631
    [Method] => 1
    [PayTimes] => 
    [TranID] => 2305171724602257210134161506
    [Approve] => 0016135
    [TranDate] => 20230517172452
    [ErrCode] => 
    [ErrInfo] => 
    [PayType] => 0
    [CvsCode] => 
    [CvsConfNo] => 
    [CvsReceiptNo] => 
    [EdyReceiptNo] => 
    [EdyOrderNo] => 
    [SuicaReceiptNo] => 
    [SuicaOrderNo] => 
    [CustID] => 
    [BkCode] => 
    [ConfNo] => 
    [PaymentTerm] => 
    [EncryptReceiptNo] => 
    [FinishDate] => 
    [ReceiptDate] => 
    [WebMoneyManagementNo] => 
    [WebMoneySettleCode] => 
    [AuPayInfoNo] => 
    [AuPayMethod] => 
    [AuCancelAmount] => 
    [AuCancelTax] => 
    [DocomoSettlementCode] => 
    [DocomoCancelAmount] => 
    [DocomoCancelTax] => 
    [pay_status] => 15
)
 from 210.175.7.20
2023/05/17 17:24:52 [/shop/user_data/pg_mulpay_recv.php] response:true from 210.175.7.20
2023/05/17 17:24:52 [/shop/user_data/pg_mulpay_recv.php] ******* receiveer data start ******* from 210.175.7.20
2023/05/17 17:24:52 [/shop/user_data/pg_mulpay_recv.php] Array
(
    [ShopID] => 9000034600950
    [ShopPass] => **********
    [AccessID] => 16126d0f7d569d88506c9d7f9150ebb7
    [AccessPass] => ********************************
    [OrderID] => 951440-01134154
    [Status] => CAPTURE
    [JobCd] => CAPTURE
    [Amount] => 10580
    [Tax] => 0
    [Currency] => JPN
    [Forward] => 2S49631
    [Method] => 1
    [PayTimes] => 
    [TranID] => 2305171724602257210134171508
    [Approve] => 0017976
    [TranDate] => 20230517172452
    [ErrCode] => 
    [ErrInfo] => 
    [PayType] => 0
)
 from 210.175.7.20
2023/05/17 17:24:52 [/shop/user_data/pg_mulpay_recv.php] ******* receiveer data end ******* from 210.175.7.20
2023/05/17 17:24:57 [/shop/user_data/pg_mulpay_recv.php] no update order status order_id=951440 from 210.175.7.20
2023/05/17 17:24:57 [/shop/user_data/pg_mulpay_recv.php] pg_mulpay_recv.php set payment data:Array
(
    [ShopID] => 9000034600950
    [AccessID] => 16126d0f7d569d88506c9d7f9150ebb7
    [OrderID] => 951440-01134154
    [Status] => CAPTURE
    [JobCd] => CAPTURE
    [Amount] => 10580
    [Tax] => 0
    [Currency] => JPN
    [Forward] => 2S49631
    [Method] => 1
    [PayTimes] => 
    [TranID] => 2305171724602257210134171508
    [Approve] => 0017976
    [TranDate] => 20230517172452
    [ErrCode] => 
    [ErrInfo] => 
    [PayType] => 0
    [CvsCode] => 
    [CvsConfNo] => 
    [CvsReceiptNo] => 
    [EdyReceiptNo] => 
    [EdyOrderNo] => 
    [SuicaReceiptNo] => 
    [SuicaOrderNo] => 
    [CustID] => 
    [BkCode] => 
    [ConfNo] => 
    [PaymentTerm] => 
    [EncryptReceiptNo] => 
    [FinishDate] => 
    [ReceiptDate] => 
    [WebMoneyManagementNo] => 
    [WebMoneySettleCode] => 
    [AuPayInfoNo] => 
    [AuPayMethod] => 
    [AuCancelAmount] => 
    [AuCancelTax] => 
    [DocomoSettlementCode] => 
    [DocomoCancelAmount] => 
    [DocomoCancelTax] => 
    [pay_status] => 13
    [no_update_status_flg] => 0
)
 from 210.175.7.20
2023/05/17 17:24:57 [/shop/user_data/pg_mulpay_recv.php] response:true from 210.175.7.20
2023/05/17 17:25:05 [/shop/master/order/edit.php] SendRequest:https://p01.mul-pay.jp/payment/SearchTrade.idPass from 114.160.216.147
2023/05/17 17:25:05 [/shop/master/order/edit.php] Array
(
    [ShopID] => 9000034600950
    [ShopPass] => ******
    [OrderID] => 951440-01134154
)
 from 114.160.216.147
2023/05/17 17:25:05 [/shop/master/order/edit.php] OrderID=951440-01134154&Status=CAPTURE&ProcessDate=20230517172452&JobCd=CAPTURE&AccessID=16126d0f7d569d88506c9d7f9150ebb7&AccessPass=054bc68e5451cad124ef028740a2aab1&ItemCode=0000990&Amount=10580&Tax=0&SiteID=&MemberID=&CardNo=************3960&Expire=2504&Method=1&PayTimes=&Forward=2S49631&TranID=2305171724602257210134171508&Approve=0017976&ClientField1=&ClientField2=&ClientField3=EC-CUBE4.3.35 from 114.160.216.147
2023/05/17 17:25:05 [/shop/master/order/edit.php] Array
(
    [0] => Array
        (
            [OrderID] => 951440-01134154
            [Status] => CAPTURE
            [ProcessDate] => 20230517172452
            [JobCd] => CAPTURE
            [AccessID] => 16126d0f7d569d88506c9d7f9150ebb7
            [AccessPass] => 054bc68e5451cad124ef028740a2aab1
            [ItemCode] => 0000990
            [Amount] => 10580
            [Tax] => 0
            [SiteID] => 
            [MemberID] => 
            [CardNo] => ************3960
            [Expire] => 2504
            [Method] => 1
            [PayTimes] => 
            [Forward] => 2S49631
            [TranID] => 2305171724602257210134171508
            [Approve] => 0017976
            [ClientField1] => 
            [ClientField2] => 
            [ClientField3] => EC-CUBE4.3.35
        )

)
 from 114.160.216.147
2023/05/17 17:25:05 [/shop/master/order/edit.php] edit.php set payment data:Array
(
    [OrderID] => 951440-01134154
    [Status] => CAPTURE
    [ProcessDate] => 20230517172452
    [JobCd] => CAPTURE
    [AccessID] => 16126d0f7d569d88506c9d7f9150ebb7
    [AccessPass] => 054bc68e5451cad124ef028740a2aab1
    [ItemCode] => 0000990
    [Amount] => 10580
    [Tax] => 0
    [SiteID] => 
    [MemberID] => 
    [CardNo] => ************3960
    [Expire] => 2504
    [Method] => 1
    [PayTimes] => 
    [Forward] => 2S49631
    [TranID] => 2305171724602257210134171508
    [Approve] => 0017976
    [ClientField1] => 
    [ClientField2] => 
    [ClientField3] => EC-CUBE4.3.35
    [action_status] => 6
    [pay_status] => 13
)
 from 114.160.216.147
2023/05/17 18:11:09 [/shop/shopping/load_payment_module.php] SendRequest:https://p01.mul-pay.jp/payment/EntryTran.idPass from 139.47.38.232
2023/05/17 18:11:09 [/shop/shopping/load_payment_module.php] Array
(
    [ShopID] => 9000034600950
    [ShopPass] => ******
    [OrderID] => 951786-17181109
    [JobCd] => CAPTURE
    [Amount] => 8050
    [TdFlag] => 0
    [TdTenantName] => 
)
 from 139.47.38.232
2023/05/17 18:11:10 [/shop/shopping/load_payment_module.php] AccessID=abd8e479dbc332e8f1f47a052158b2cf&AccessPass=f73e8be622067df46afdce79c09b0c7d from 139.47.38.232
2023/05/17 18:11:10 [/shop/shopping/load_payment_module.php] Array
(
    [0] => Array
        (
            [AccessID] => abd8e479dbc332e8f1f47a052158b2cf
            [AccessPass] => f73e8be622067df46afdce79c09b0c7d
        )

)
 from 139.47.38.232
2023/05/17 18:11:10 [/shop/shopping/load_payment_module.php] load_payment_module.php set payment data:Array
(
    [AccessID] => abd8e479dbc332e8f1f47a052158b2cf
    [AccessPass] => f73e8be622067df46afdce79c09b0c7d
    [OrderID] => 951786-17181109
    [Amount] => 8050
    [JobCd] => CAPTURE
    [action_status] => 1
    [pay_status] => 0
)
 from 139.47.38.232
2023/05/17 18:11:10 [/shop/shopping/load_payment_module.php] SendRequest:https://p01.mul-pay.jp/payment/ExecTran.idPass from 139.47.38.232
2023/05/17 18:11:10 [/shop/shopping/load_payment_module.php] Array
(
    [AccessID] => abd8e479dbc332e8f1f47a052158b2cf
    [AccessPass] => f73e8be622067df46afdce79c09b0c7d
    [OrderID] => 951786-17181109
    [Method] => 1
    [Token] => c9dc358db0c69a5237ae199981ce1cf4f7bc6b2e733ba21b25a70b59634c2c95
    [ClientField1] => 
    [ClientField2] => 
    [ClientField3] => EC-CUBE4.3.35
)
 from 139.47.38.232
2023/05/17 18:11:10 [/shop/shopping/load_payment_module.php] ACS=0&OrderID=951786-17181109&Forward=2S49631&Method=1&PayTimes=&Approve=0219136&TranID=2305171811602257210134161507&TranDate=20230517181110&CheckString=8bf21de9efdbbf7eb27bd3fbda84d6b5 from 139.47.38.232
2023/05/17 18:11:10 [/shop/shopping/load_payment_module.php] Array
(
    [0] => Array
        (
            [ACS] => 0
            [OrderID] => 951786-17181109
            [Forward] => 2S49631
            [Method] => 1
            [PayTimes] => 
            [Approve] => 0219136
            [TranID] => 2305171811602257210134161507
            [TranDate] => 20230517181110
            [CheckString] => 8bf21de9efdbbf7eb27bd3fbda84d6b5
        )

)
 from 139.47.38.232
2023/05/17 18:11:10 [/shop/shopping/load_payment_module.php] load_payment_module.php set payment data:Array
(
    [ACS] => 0
    [Forward] => 2S49631
    [Method] => 1
    [PayTimes] => 
    [Approve] => 0219136
    [TranID] => 2305171811602257210134161507
    [TranDate] => 20230517181110
    [CheckString] => 8bf21de9efdbbf7eb27bd3fbda84d6b5
    [Amount] => 8050
    [JobCd] => CAPTURE
    [action_status] => 3
    [pay_status] => 13
)
 from 139.47.38.232
2023/05/17 18:11:11 [/shop/user_data/pg_mulpay_recv.php] ******* receiveer data start ******* from 210.175.7.20
2023/05/17 18:11:11 [/shop/user_data/pg_mulpay_recv.php] Array
(
    [ShopID] => 9000034600950
    [ShopPass] => **********
    [AccessID] => abd8e479dbc332e8f1f47a052158b2cf
    [AccessPass] => ********************************
    [OrderID] => 951786-17181109
    [Status] => CAPTURE
    [JobCd] => CAPTURE
    [Amount] => 8050
    [Tax] => 0
    [Currency] => JPN
    [Forward] => 2S49631
    [Method] => 1
    [PayTimes] => 
    [TranID] => 2305171811602257210134161507
    [Approve] => 0219136
    [TranDate] => 20230517181110
    [ErrCode] => 
    [ErrInfo] => 
    [PayType] => 0
)
 from 210.175.7.20
2023/05/17 18:11:11 [/shop/user_data/pg_mulpay_recv.php] ******* receiveer data end ******* from 210.175.7.20
2023/05/17 18:11:16 [/shop/user_data/pg_mulpay_recv.php] update order status:1 order_id=951786 from 210.175.7.20
2023/05/17 18:11:16 [/shop/user_data/pg_mulpay_recv.php] pg_mulpay_recv.php set payment data:Array
(
    [ShopID] => 9000034600950
    [AccessID] => abd8e479dbc332e8f1f47a052158b2cf
    [OrderID] => 951786-17181109
    [Status] => CAPTURE
    [JobCd] => CAPTURE
    [Amount] => 8050
    [Tax] => 0
    [Currency] => JPN
    [Forward] => 2S49631
    [Method] => 1
    [PayTimes] => 
    [TranID] => 2305171811602257210134161507
    [Approve] => 0219136
    [TranDate] => 20230517181110
    [ErrCode] => 
    [ErrInfo] => 
    [PayType] => 0
    [CvsCode] => 
    [CvsConfNo] => 
    [CvsReceiptNo] => 
    [EdyReceiptNo] => 
    [EdyOrderNo] => 
    [SuicaReceiptNo] => 
    [SuicaOrderNo] => 
    [CustID] => 
    [BkCode] => 
    [ConfNo] => 
    [PaymentTerm] => 
    [EncryptReceiptNo] => 
    [FinishDate] => 
    [ReceiptDate] => 
    [WebMoneyManagementNo] => 
    [WebMoneySettleCode] => 
    [AuPayInfoNo] => 
    [AuPayMethod] => 
    [AuCancelAmount] => 
    [AuCancelTax] => 
    [DocomoSettlementCode] => 
    [DocomoCancelAmount] => 
    [DocomoCancelTax] => 
    [pay_status] => 13
)
 from 210.175.7.20
2023/05/17 18:11:16 [/shop/user_data/pg_mulpay_recv.php] response:true from 210.175.7.20
2023/05/17 18:43:31 [/shop/shopping/load_payment_module.php] SendRequest:https://p01.mul-pay.jp/payment/SearchMember.idPass from 60.70.173.88
2023/05/17 18:43:31 [/shop/shopping/load_payment_module.php] Array
(
    [SiteID] => mst0000007602
    [SitePass] => ******
    [MemberID] => 3060
)
 from 60.70.173.88
2023/05/17 18:43:31 [/shop/shopping/load_payment_module.php] ErrCode=E01&ErrInfo=E01390002 from 60.70.173.88
2023/05/17 18:43:31 [/shop/shopping/load_payment_module.php] Array
(
    [0] => Array
        (
            [ErrCode] => E01
            [ErrInfo] => E01390002
        )

)
 from 60.70.173.88
2023/05/17 18:43:31 [/shop/shopping/load_payment_module.php] SendRequest:https://p01.mul-pay.jp/payment/SearchCard.idPass from 60.70.173.88
2023/05/17 18:43:31 [/shop/shopping/load_payment_module.php] Array
(
    [SiteID] => mst0000007602
    [SitePass] => ******
    [MemberID] => 3060
)
 from 60.70.173.88
2023/05/17 18:43:31 [/shop/shopping/load_payment_module.php] ErrCode=E01|E01&ErrInfo=E01390002|E01240002 from 60.70.173.88
2023/05/17 18:43:31 [/shop/shopping/load_payment_module.php] Array
(
    [0] => Array
        (
            [ErrCode] => E01
            [ErrInfo] => E01390002
        )

    [1] => Array
        (
            [ErrCode] => E01
            [ErrInfo] => E01240002
        )

)
 from 60.70.173.88
2023/05/17 18:45:04 [/shop/shopping/load_payment_module.php] SendRequest:https://p01.mul-pay.jp/payment/SearchMember.idPass from 60.70.173.88
2023/05/17 18:45:04 [/shop/shopping/load_payment_module.php] Array
(
    [SiteID] => mst0000007602
    [SitePass] => ******
    [MemberID] => 3060
)
 from 60.70.173.88
2023/05/17 18:45:04 [/shop/shopping/load_payment_module.php] ErrCode=E01&ErrInfo=E01390002 from 60.70.173.88
2023/05/17 18:45:04 [/shop/shopping/load_payment_module.php] Array
(
    [0] => Array
        (
            [ErrCode] => E01
            [ErrInfo] => E01390002
        )

)
 from 60.70.173.88
2023/05/17 18:45:04 [/shop/shopping/load_payment_module.php] SendRequest:https://p01.mul-pay.jp/payment/SearchCard.idPass from 60.70.173.88
2023/05/17 18:45:04 [/shop/shopping/load_payment_module.php] Array
(
    [SiteID] => mst0000007602
    [SitePass] => ******
    [MemberID] => 3060
)
 from 60.70.173.88
2023/05/17 18:45:04 [/shop/shopping/load_payment_module.php] ErrCode=E01|E01&ErrInfo=E01390002|E01240002 from 60.70.173.88
2023/05/17 18:45:04 [/shop/shopping/load_payment_module.php] Array
(
    [0] => Array
        (
            [ErrCode] => E01
            [ErrInfo] => E01390002
        )

    [1] => Array
        (
            [ErrCode] => E01
            [ErrInfo] => E01240002
        )

)
 from 60.70.173.88
2023/05/17 18:45:04 [/shop/shopping/load_payment_module.php] SendRequest:https://p01.mul-pay.jp/payment/EntryTran.idPass from 60.70.173.88
2023/05/17 18:45:04 [/shop/shopping/load_payment_module.php] Array
(
    [ShopID] => 9000034600950
    [ShopPass] => ******
    [OrderID] => 951787-17184504
    [JobCd] => CAPTURE
    [Amount] => 22000
    [TdFlag] => 0
    [TdTenantName] => 
)
 from 60.70.173.88
2023/05/17 18:45:04 [/shop/shopping/load_payment_module.php] AccessID=5076aa1c170b3f2dc7f87533fbbfb6a1&AccessPass=59d5f773cd318ff2cf8732dd6b32207c from 60.70.173.88
2023/05/17 18:45:04 [/shop/shopping/load_payment_module.php] Array
(
    [0] => Array
        (
            [AccessID] => 5076aa1c170b3f2dc7f87533fbbfb6a1
            [AccessPass] => 59d5f773cd318ff2cf8732dd6b32207c
        )

)
 from 60.70.173.88
2023/05/17 18:45:04 [/shop/shopping/load_payment_module.php] load_payment_module.php set payment data:Array
(
    [AccessID] => 5076aa1c170b3f2dc7f87533fbbfb6a1
    [AccessPass] => 59d5f773cd318ff2cf8732dd6b32207c
    [OrderID] => 951787-17184504
    [Amount] => 22000
    [JobCd] => CAPTURE
    [action_status] => 1
    [pay_status] => 0
)
 from 60.70.173.88
2023/05/17 18:45:04 [/shop/shopping/load_payment_module.php] SendRequest:https://p01.mul-pay.jp/payment/ExecTran.idPass from 60.70.173.88
2023/05/17 18:45:04 [/shop/shopping/load_payment_module.php] Array
(
    [AccessID] => 5076aa1c170b3f2dc7f87533fbbfb6a1
    [AccessPass] => 59d5f773cd318ff2cf8732dd6b32207c
    [OrderID] => 951787-17184504
    [Method] => 1
    [Token] => 3b06fd94e6c46aa9e6b00d65f1f3521443a7a402bc7847371e1a4fc57f586bd9
    [ClientField1] => 
    [ClientField2] => 
    [ClientField3] => EC-CUBE4.3.35
)
 from 60.70.173.88
2023/05/17 18:45:05 [/shop/shopping/load_payment_module.php] ACS=0&OrderID=951787-17184504&Forward=2S49631&Method=1&PayTimes=&Approve=0559388&TranID=2305171845602257210134161508&TranDate=20230517184505&CheckString=2b50222c941018bd445f9dc12c7fb73e from 60.70.173.88
2023/05/17 18:45:05 [/shop/shopping/load_payment_module.php] Array
(
    [0] => Array
        (
            [ACS] => 0
            [OrderID] => 951787-17184504
            [Forward] => 2S49631
            [Method] => 1
            [PayTimes] => 
            [Approve] => 0559388
            [TranID] => 2305171845602257210134161508
            [TranDate] => 20230517184505
            [CheckString] => 2b50222c941018bd445f9dc12c7fb73e
        )

)
 from 60.70.173.88
2023/05/17 18:45:05 [/shop/shopping/load_payment_module.php] load_payment_module.php set payment data:Array
(
    [ACS] => 0
    [Forward] => 2S49631
    [Method] => 1
    [PayTimes] => 
    [Approve] => 0559388
    [TranID] => 2305171845602257210134161508
    [TranDate] => 20230517184505
    [CheckString] => 2b50222c941018bd445f9dc12c7fb73e
    [Amount] => 22000
    [JobCd] => CAPTURE
    [action_status] => 3
    [pay_status] => 13
)
 from 60.70.173.88
2023/05/17 18:45:05 [/shop/user_data/pg_mulpay_recv.php] ******* receiveer data start ******* from 210.175.7.20
2023/05/17 18:45:05 [/shop/user_data/pg_mulpay_recv.php] Array
(
    [ShopID] => 9000034600950
    [ShopPass] => **********
    [AccessID] => 5076aa1c170b3f2dc7f87533fbbfb6a1
    [AccessPass] => ********************************
    [OrderID] => 951787-17184504
    [Status] => CAPTURE
    [JobCd] => CAPTURE
    [Amount] => 22000
    [Tax] => 0
    [Currency] => JPN
    [Forward] => 2S49631
    [Method] => 1
    [PayTimes] => 
    [TranID] => 2305171845602257210134161508
    [Approve] => 0559388
    [TranDate] => 20230517184505
    [ErrCode] => 
    [ErrInfo] => 
    [PayType] => 0
)
 from 210.175.7.20
2023/05/17 18:45:05 [/shop/user_data/pg_mulpay_recv.php] ******* receiveer data end ******* from 210.175.7.20
2023/05/17 18:45:10 [/shop/user_data/pg_mulpay_recv.php] update order status:1 order_id=951787 from 210.175.7.20
2023/05/17 18:45:10 [/shop/user_data/pg_mulpay_recv.php] pg_mulpay_recv.php set payment data:Array
(
    [ShopID] => 9000034600950
    [AccessID] => 5076aa1c170b3f2dc7f87533fbbfb6a1
    [OrderID] => 951787-17184504
    [Status] => CAPTURE
    [JobCd] => CAPTURE
    [Amount] => 22000
    [Tax] => 0
    [Currency] => JPN
    [Forward] => 2S49631
    [Method] => 1
    [PayTimes] => 
    [TranID] => 2305171845602257210134161508
    [Approve] => 0559388
    [TranDate] => 20230517184505
    [ErrCode] => 
    [ErrInfo] => 
    [PayType] => 0
    [CvsCode] => 
    [CvsConfNo] => 
    [CvsReceiptNo] => 
    [EdyReceiptNo] => 
    [EdyOrderNo] => 
    [SuicaReceiptNo] => 
    [SuicaOrderNo] => 
    [CustID] => 
    [BkCode] => 
    [ConfNo] => 
    [PaymentTerm] => 
    [EncryptReceiptNo] => 
    [FinishDate] => 
    [ReceiptDate] => 
    [WebMoneyManagementNo] => 
    [WebMoneySettleCode] => 
    [AuPayInfoNo] => 
    [AuPayMethod] => 
    [AuCancelAmount] => 
    [AuCancelTax] => 
    [DocomoSettlementCode] => 
    [DocomoCancelAmount] => 
    [DocomoCancelTax] => 
    [pay_status] => 13
)
 from 210.175.7.20
2023/05/17 18:45:10 [/shop/user_data/pg_mulpay_recv.php] response:true from 210.175.7.20
2023/05/17 19:17:07 [/shop/shopping/load_payment_module.php] SendRequest:https://p01.mul-pay.jp/payment/EntryTran.idPass from 137.189.109.149
2023/05/17 19:17:07 [/shop/shopping/load_payment_module.php] Array
(
    [ShopID] => 9000034600950
    [ShopPass] => ******
    [OrderID] => 951788-17191707
    [JobCd] => CAPTURE
    [Amount] => 4590
    [TdFlag] => 0
    [TdTenantName] => 
)
 from 137.189.109.149
2023/05/17 19:17:07 [/shop/shopping/load_payment_module.php] AccessID=1ff86d00e6d9d4d5ecc2f5aabbc69cc7&AccessPass=c2f6a4edef2c098b55be2e380b2195a9 from 137.189.109.149
2023/05/17 19:17:07 [/shop/shopping/load_payment_module.php] Array
(
    [0] => Array
        (
            [AccessID] => 1ff86d00e6d9d4d5ecc2f5aabbc69cc7
            [AccessPass] => c2f6a4edef2c098b55be2e380b2195a9
        )

)
 from 137.189.109.149
2023/05/17 19:17:07 [/shop/shopping/load_payment_module.php] load_payment_module.php set payment data:Array
(
    [AccessID] => 1ff86d00e6d9d4d5ecc2f5aabbc69cc7
    [AccessPass] => c2f6a4edef2c098b55be2e380b2195a9
    [OrderID] => 951788-17191707
    [Amount] => 4590
    [JobCd] => CAPTURE
    [action_status] => 1
    [pay_status] => 0
)
 from 137.189.109.149
2023/05/17 19:17:07 [/shop/shopping/load_payment_module.php] SendRequest:https://p01.mul-pay.jp/payment/ExecTran.idPass from 137.189.109.149
2023/05/17 19:17:07 [/shop/shopping/load_payment_module.php] Array
(
    [AccessID] => 1ff86d00e6d9d4d5ecc2f5aabbc69cc7
    [AccessPass] => c2f6a4edef2c098b55be2e380b2195a9
    [OrderID] => 951788-17191707
    [Method] => 1
    [Token] => ba662486afa9870a734d6f51a052ea58e22ecd8ca0cb8aaaf75bdac7525c7234
    [ClientField1] => 
    [ClientField2] => 
    [ClientField3] => EC-CUBE4.3.35
)
 from 137.189.109.149
2023/05/17 19:17:08 [/shop/shopping/load_payment_module.php] ACS=0&OrderID=951788-17191707&Forward=2S49631&Method=1&PayTimes=&Approve=0326623&TranID=2305171917602257210134151555&TranDate=20230517191708&CheckString=b16731f8a2d09a6e8757ca7744f19ad3 from 137.189.109.149
2023/05/17 19:17:08 [/shop/shopping/load_payment_module.php] Array
(
    [0] => Array
        (
            [ACS] => 0
            [OrderID] => 951788-17191707
            [Forward] => 2S49631
            [Method] => 1
            [PayTimes] => 
            [Approve] => 0326623
            [TranID] => 2305171917602257210134151555
            [TranDate] => 20230517191708
            [CheckString] => b16731f8a2d09a6e8757ca7744f19ad3
        )

)
 from 137.189.109.149
2023/05/17 19:17:08 [/shop/shopping/load_payment_module.php] load_payment_module.php set payment data:Array
(
    [ACS] => 0
    [Forward] => 2S49631
    [Method] => 1
    [PayTimes] => 
    [Approve] => 0326623
    [TranID] => 2305171917602257210134151555
    [TranDate] => 20230517191708
    [CheckString] => b16731f8a2d09a6e8757ca7744f19ad3
    [Amount] => 4590
    [JobCd] => CAPTURE
    [action_status] => 3
    [pay_status] => 13
)
 from 137.189.109.149
2023/05/17 19:17:08 [/shop/user_data/pg_mulpay_recv.php] ******* receiveer data start ******* from 210.175.7.20
2023/05/17 19:17:08 [/shop/user_data/pg_mulpay_recv.php] Array
(
    [ShopID] => 9000034600950
    [ShopPass] => **********
    [AccessID] => 1ff86d00e6d9d4d5ecc2f5aabbc69cc7
    [AccessPass] => ********************************
    [OrderID] => 951788-17191707
    [Status] => CAPTURE
    [JobCd] => CAPTURE
    [Amount] => 4590
    [Tax] => 0
    [Currency] => JPN
    [Forward] => 2S49631
    [Method] => 1
    [PayTimes] => 
    [TranID] => 2305171917602257210134151555
    [Approve] => 0326623
    [TranDate] => 20230517191708
    [ErrCode] => 
    [ErrInfo] => 
    [PayType] => 0
)
 from 210.175.7.20
2023/05/17 19:17:08 [/shop/user_data/pg_mulpay_recv.php] ******* receiveer data end ******* from 210.175.7.20
2023/05/17 19:17:13 [/shop/user_data/pg_mulpay_recv.php] update order status:1 order_id=951788 from 210.175.7.20
2023/05/17 19:17:13 [/shop/user_data/pg_mulpay_recv.php] pg_mulpay_recv.php set payment data:Array
(
    [ShopID] => 9000034600950
    [AccessID] => 1ff86d00e6d9d4d5ecc2f5aabbc69cc7
    [OrderID] => 951788-17191707
    [Status] => CAPTURE
    [JobCd] => CAPTURE
    [Amount] => 4590
    [Tax] => 0
    [Currency] => JPN
    [Forward] => 2S49631
    [Method] => 1
    [PayTimes] => 
    [TranID] => 2305171917602257210134151555
    [Approve] => 0326623
    [TranDate] => 20230517191708
    [ErrCode] => 
    [ErrInfo] => 
    [PayType] => 0
    [CvsCode] => 
    [CvsConfNo] => 
    [CvsReceiptNo] => 
    [EdyReceiptNo] => 
    [EdyOrderNo] => 
    [SuicaReceiptNo] => 
    [SuicaOrderNo] => 
    [CustID] => 
    [BkCode] => 
    [ConfNo] => 
    [PaymentTerm] => 
    [EncryptReceiptNo] => 
    [FinishDate] => 
    [ReceiptDate] => 
    [WebMoneyManagementNo] => 
    [WebMoneySettleCode] => 
    [AuPayInfoNo] => 
    [AuPayMethod] => 
    [AuCancelAmount] => 
    [AuCancelTax] => 
    [DocomoSettlementCode] => 
    [DocomoCancelAmount] => 
    [DocomoCancelTax] => 
    [pay_status] => 13
)
 from 210.175.7.20
2023/05/17 19:17:13 [/shop/user_data/pg_mulpay_recv.php] response:true from 210.175.7.20
2023/05/17 20:18:55 [/shop/shopping/load_payment_module.php] SendRequest:https://p01.mul-pay.jp/payment/SearchMember.idPass from 152.32.99.106
2023/05/17 20:18:55 [/shop/shopping/load_payment_module.php] Array
(
    [SiteID] => mst0000007602
    [SitePass] => ******
    [MemberID] => 10006
)
 from 152.32.99.106
2023/05/17 20:18:55 [/shop/shopping/load_payment_module.php] ErrCode=E01&ErrInfo=E01390002 from 152.32.99.106
2023/05/17 20:18:55 [/shop/shopping/load_payment_module.php] Array
(
    [0] => Array
        (
            [ErrCode] => E01
            [ErrInfo] => E01390002
        )

)
 from 152.32.99.106
2023/05/17 20:18:55 [/shop/shopping/load_payment_module.php] SendRequest:https://p01.mul-pay.jp/payment/SearchCard.idPass from 152.32.99.106
2023/05/17 20:18:55 [/shop/shopping/load_payment_module.php] Array
(
    [SiteID] => mst0000007602
    [SitePass] => ******
    [MemberID] => 10006
)
 from 152.32.99.106
2023/05/17 20:18:55 [/shop/shopping/load_payment_module.php] ErrCode=E01|E01&ErrInfo=E01390002|E01240002 from 152.32.99.106
2023/05/17 20:18:55 [/shop/shopping/load_payment_module.php] Array
(
    [0] => Array
        (
            [ErrCode] => E01
            [ErrInfo] => E01390002
        )

    [1] => Array
        (
            [ErrCode] => E01
            [ErrInfo] => E01240002
        )

)
 from 152.32.99.106
2023/05/17 20:19:40 [/shop/shopping/load_payment_module.php] SendRequest:https://p01.mul-pay.jp/payment/SearchMember.idPass from 152.32.99.106
2023/05/17 20:19:40 [/shop/shopping/load_payment_module.php] Array
(
    [SiteID] => mst0000007602
    [SitePass] => ******
    [MemberID] => 10006
)
 from 152.32.99.106
2023/05/17 20:19:40 [/shop/shopping/load_payment_module.php] ErrCode=E01&ErrInfo=E01390002 from 152.32.99.106
2023/05/17 20:19:40 [/shop/shopping/load_payment_module.php] Array
(
    [0] => Array
        (
            [ErrCode] => E01
            [ErrInfo] => E01390002
        )

)
 from 152.32.99.106
2023/05/17 20:19:40 [/shop/shopping/load_payment_module.php] SendRequest:https://p01.mul-pay.jp/payment/SearchCard.idPass from 152.32.99.106
2023/05/17 20:19:40 [/shop/shopping/load_payment_module.php] Array
(
    [SiteID] => mst0000007602
    [SitePass] => ******
    [MemberID] => 10006
)
 from 152.32.99.106
2023/05/17 20:19:40 [/shop/shopping/load_payment_module.php] ErrCode=E01|E01&ErrInfo=E01390002|E01240002 from 152.32.99.106
2023/05/17 20:19:40 [/shop/shopping/load_payment_module.php] Array
(
    [0] => Array
        (
            [ErrCode] => E01
            [ErrInfo] => E01390002
        )

    [1] => Array
        (
            [ErrCode] => E01
            [ErrInfo] => E01240002
        )

)
 from 152.32.99.106
2023/05/17 20:19:40 [/shop/shopping/load_payment_module.php] SendRequest:https://p01.mul-pay.jp/payment/EntryTran.idPass from 152.32.99.106
2023/05/17 20:19:40 [/shop/shopping/load_payment_module.php] Array
(
    [ShopID] => 9000034600950
    [ShopPass] => ******
    [OrderID] => 951789-17201940
    [JobCd] => CAPTURE
    [Amount] => 1930
    [TdFlag] => 0
    [TdTenantName] => 
)
 from 152.32.99.106
2023/05/17 20:19:40 [/shop/shopping/load_payment_module.php] AccessID=c7d2dfc35f64f1a6dbceb461da0675d6&AccessPass=dd92dcbff40d74c607b11dc943324d2b from 152.32.99.106
2023/05/17 20:19:40 [/shop/shopping/load_payment_module.php] Array
(
    [0] => Array
        (
            [AccessID] => c7d2dfc35f64f1a6dbceb461da0675d6
            [AccessPass] => dd92dcbff40d74c607b11dc943324d2b
        )

)
 from 152.32.99.106
2023/05/17 20:19:40 [/shop/shopping/load_payment_module.php] load_payment_module.php set payment data:Array
(
    [AccessID] => c7d2dfc35f64f1a6dbceb461da0675d6
    [AccessPass] => dd92dcbff40d74c607b11dc943324d2b
    [OrderID] => 951789-17201940
    [Amount] => 1930
    [JobCd] => CAPTURE
    [action_status] => 1
    [pay_status] => 0
)
 from 152.32.99.106
2023/05/17 20:19:40 [/shop/shopping/load_payment_module.php] SendRequest:https://p01.mul-pay.jp/payment/ExecTran.idPass from 152.32.99.106
2023/05/17 20:19:40 [/shop/shopping/load_payment_module.php] Array
(
    [AccessID] => c7d2dfc35f64f1a6dbceb461da0675d6
    [AccessPass] => dd92dcbff40d74c607b11dc943324d2b
    [OrderID] => 951789-17201940
    [Method] => 1
    [Token] => 4c6055ec93ab50540be7bb91f28e8069a9283a2b24f00533ffcf2c76e2738dc4
    [ClientField1] => 
    [ClientField2] => 
    [ClientField3] => EC-CUBE4.3.35
)
 from 152.32.99.106
2023/05/17 20:19:42 [/shop/shopping/load_payment_module.php] ACS=0&OrderID=951789-17201940&Forward=2959876&Method=1&PayTimes=&Approve=0300744&TranID=2305172019602257210134181560&TranDate=20230517201942&CheckString=07d4f78b2cc6cab67de3e539a9aa0098 from 152.32.99.106
2023/05/17 20:19:42 [/shop/shopping/load_payment_module.php] Array
(
    [0] => Array
        (
            [ACS] => 0
            [OrderID] => 951789-17201940
            [Forward] => 2959876
            [Method] => 1
            [PayTimes] => 
            [Approve] => 0300744
            [TranID] => 2305172019602257210134181560
            [TranDate] => 20230517201942
            [CheckString] => 07d4f78b2cc6cab67de3e539a9aa0098
        )

)
 from 152.32.99.106
2023/05/17 20:19:42 [/shop/shopping/load_payment_module.php] load_payment_module.php set payment data:Array
(
    [ACS] => 0
    [Forward] => 2959876
    [Method] => 1
    [PayTimes] => 
    [Approve] => 0300744
    [TranID] => 2305172019602257210134181560
    [TranDate] => 20230517201942
    [CheckString] => 07d4f78b2cc6cab67de3e539a9aa0098
    [Amount] => 1930
    [JobCd] => CAPTURE
    [action_status] => 3
    [pay_status] => 13
)
 from 152.32.99.106
2023/05/17 20:19:42 [/shop/user_data/pg_mulpay_recv.php] ******* receiveer data start ******* from 210.175.7.20
2023/05/17 20:19:42 [/shop/user_data/pg_mulpay_recv.php] Array
(
    [ShopID] => 9000034600950
    [ShopPass] => **********
    [AccessID] => c7d2dfc35f64f1a6dbceb461da0675d6
    [AccessPass] => ********************************
    [OrderID] => 951789-17201940
    [Status] => CAPTURE
    [JobCd] => CAPTURE
    [Amount] => 1930
    [Tax] => 0
    [Currency] => JPN
    [Forward] => 2959876
    [Method] => 1
    [PayTimes] => 
    [TranID] => 2305172019602257210134181560
    [Approve] => 0300744
    [TranDate] => 20230517201942
    [ErrCode] => 
    [ErrInfo] => 
    [PayType] => 0
)
 from 210.175.7.20
2023/05/17 20:19:42 [/shop/user_data/pg_mulpay_recv.php] ******* receiveer data end ******* from 210.175.7.20
2023/05/17 20:19:47 [/shop/user_data/pg_mulpay_recv.php] update order status:1 order_id=951789 from 210.175.7.20
2023/05/17 20:19:47 [/shop/user_data/pg_mulpay_recv.php] pg_mulpay_recv.php set payment data:Array
(
    [ShopID] => 9000034600950
    [AccessID] => c7d2dfc35f64f1a6dbceb461da0675d6
    [OrderID] => 951789-17201940
    [Status] => CAPTURE
    [JobCd] => CAPTURE
    [Amount] => 1930
    [Tax] => 0
    [Currency] => JPN
    [Forward] => 2959876
    [Method] => 1
    [PayTimes] => 
    [TranID] => 2305172019602257210134181560
    [Approve] => 0300744
    [TranDate] => 20230517201942
    [ErrCode] => 
    [ErrInfo] => 
    [PayType] => 0
    [CvsCode] => 
    [CvsConfNo] => 
    [CvsReceiptNo] => 
    [EdyReceiptNo] => 
    [EdyOrderNo] => 
    [SuicaReceiptNo] => 
    [SuicaOrderNo] => 
    [CustID] => 
    [BkCode] => 
    [ConfNo] => 
    [PaymentTerm] => 
    [EncryptReceiptNo] => 
    [FinishDate] => 
    [ReceiptDate] => 
    [WebMoneyManagementNo] => 
    [WebMoneySettleCode] => 
    [AuPayInfoNo] => 
    [AuPayMethod] => 
    [AuCancelAmount] => 
    [AuCancelTax] => 
    [DocomoSettlementCode] => 
    [DocomoCancelAmount] => 
    [DocomoCancelTax] => 
    [pay_status] => 13
)
 from 210.175.7.20
2023/05/17 20:19:47 [/shop/user_data/pg_mulpay_recv.php] response:true from 210.175.7.20
