2023/07/11 00:14:59 [/shop/shopping/load_payment_module.php] SendRequest:https://p01.mul-pay.jp/payment/EntryTran.idPass from 50.206.12.100
2023/07/11 00:14:59 [/shop/shopping/load_payment_module.php] Array
(
    [ShopID] => 9000034600950
    [ShopPass] => ******
    [OrderID] => 952817-11001459
    [JobCd] => CAPTURE
    [Amount] => 5550
    [TdFlag] => 0
    [TdTenantName] => 
)
 from 50.206.12.100
2023/07/11 00:14:59 [/shop/shopping/load_payment_module.php] AccessID=a4a8124d843e611549cad587dd35e54e&AccessPass=3d5ca5dcb71023eed16d6ab7707acee9 from 50.206.12.100
2023/07/11 00:14:59 [/shop/shopping/load_payment_module.php] Array
(
    [0] => Array
        (
            [AccessID] => a4a8124d843e611549cad587dd35e54e
            [AccessPass] => 3d5ca5dcb71023eed16d6ab7707acee9
        )

)
 from 50.206.12.100
2023/07/11 00:14:59 [/shop/shopping/load_payment_module.php] load_payment_module.php set payment data:Array
(
    [AccessID] => a4a8124d843e611549cad587dd35e54e
    [AccessPass] => 3d5ca5dcb71023eed16d6ab7707acee9
    [OrderID] => 952817-11001459
    [Amount] => 5550
    [JobCd] => CAPTURE
    [action_status] => 1
    [pay_status] => 0
)
 from 50.206.12.100
2023/07/11 00:14:59 [/shop/shopping/load_payment_module.php] SendRequest:https://p01.mul-pay.jp/payment/ExecTran.idPass from 50.206.12.100
2023/07/11 00:14:59 [/shop/shopping/load_payment_module.php] Array
(
    [AccessID] => a4a8124d843e611549cad587dd35e54e
    [AccessPass] => 3d5ca5dcb71023eed16d6ab7707acee9
    [OrderID] => 952817-11001459
    [Method] => 1
    [Token] => c2346a6216e689404223c12203a52e31de24fdbc05a40fcc007f465c14a0530c
    [ClientField1] => 
    [ClientField2] => 
    [ClientField3] => EC-CUBE4.3.35
)
 from 50.206.12.100
2023/07/11 00:14:59 [/shop/shopping/load_payment_module.php] ErrCode=E01&ErrInfo=E01260010 from 50.206.12.100
2023/07/11 00:14:59 [/shop/shopping/load_payment_module.php] Array
(
    [0] => Array
        (
            [ErrCode] => E01
            [ErrInfo] => E01260010
        )

)
 from 50.206.12.100
2023/07/11 00:14:59 [/shop/shopping/load_payment_module.php] load_payment_module.php set payment data:Array
(
    [request_error] => Array
        (
            [0] => 指定された支払方法はご利用できません。 (E01-E01260010)
        )

    [Amount] => 5550
    [JobCd] => CAPTURE
    [action_status] => 3
)
 from 50.206.12.100
2023/07/11 00:16:01 [/shop/shopping/load_payment_module.php] SendRequest:https://p01.mul-pay.jp/payment/ExecTran.idPass from 50.206.12.100
2023/07/11 00:16:01 [/shop/shopping/load_payment_module.php] Array
(
    [AccessID] => a4a8124d843e611549cad587dd35e54e
    [AccessPass] => 3d5ca5dcb71023eed16d6ab7707acee9
    [OrderID] => 952817-11001459
    [Method] => 1
    [Token] => 3afc8d92b14697a3631a5db844014762dc2064e3685322c988f4aa705ff8ec70
    [ClientField1] => 
    [ClientField2] => 
    [ClientField3] => EC-CUBE4.3.35
)
 from 50.206.12.100
2023/07/11 00:16:02 [/shop/shopping/load_payment_module.php] ACS=0&OrderID=952817-11001459&Forward=2S49631&Method=1&PayTimes=&Approve=0671878&TranID=2307110016602257210134181843&TranDate=20230711001602&CheckString=012a6a9e0e7c112e913977281eb2c239 from 50.206.12.100
2023/07/11 00:16:02 [/shop/shopping/load_payment_module.php] Array
(
    [0] => Array
        (
            [ACS] => 0
            [OrderID] => 952817-11001459
            [Forward] => 2S49631
            [Method] => 1
            [PayTimes] => 
            [Approve] => 0671878
            [TranID] => 2307110016602257210134181843
            [TranDate] => 20230711001602
            [CheckString] => 012a6a9e0e7c112e913977281eb2c239
        )

)
 from 50.206.12.100
2023/07/11 00:16:02 [/shop/shopping/load_payment_module.php] load_payment_module.php set payment data:Array
(
    [ACS] => 0
    [Forward] => 2S49631
    [Method] => 1
    [PayTimes] => 
    [Approve] => 0671878
    [TranID] => 2307110016602257210134181843
    [TranDate] => 20230711001602
    [CheckString] => 012a6a9e0e7c112e913977281eb2c239
    [Amount] => 5550
    [JobCd] => CAPTURE
    [action_status] => 3
    [pay_status] => 13
)
 from 50.206.12.100
2023/07/11 00:16:02 [/shop/user_data/pg_mulpay_recv.php] ******* receiveer data start ******* from 210.175.7.20
2023/07/11 00:16:02 [/shop/user_data/pg_mulpay_recv.php] Array
(
    [ShopID] => 9000034600950
    [ShopPass] => **********
    [AccessID] => a4a8124d843e611549cad587dd35e54e
    [AccessPass] => ********************************
    [OrderID] => 952817-11001459
    [Status] => CAPTURE
    [JobCd] => CAPTURE
    [Amount] => 5550
    [Tax] => 0
    [Currency] => JPN
    [Forward] => 2S49631
    [Method] => 1
    [PayTimes] => 
    [TranID] => 2307110016602257210134181843
    [Approve] => 0671878
    [TranDate] => 20230711001602
    [ErrCode] => 
    [ErrInfo] => 
    [PayType] => 0
)
 from 210.175.7.20
2023/07/11 00:16:02 [/shop/user_data/pg_mulpay_recv.php] ******* receiveer data end ******* from 210.175.7.20
2023/07/11 00:16:07 [/shop/user_data/pg_mulpay_recv.php] update order status:1 order_id=952817 from 210.175.7.20
2023/07/11 00:16:07 [/shop/user_data/pg_mulpay_recv.php] pg_mulpay_recv.php set payment data:Array
(
    [ShopID] => 9000034600950
    [AccessID] => a4a8124d843e611549cad587dd35e54e
    [OrderID] => 952817-11001459
    [Status] => CAPTURE
    [JobCd] => CAPTURE
    [Amount] => 5550
    [Tax] => 0
    [Currency] => JPN
    [Forward] => 2S49631
    [Method] => 1
    [PayTimes] => 
    [TranID] => 2307110016602257210134181843
    [Approve] => 0671878
    [TranDate] => 20230711001602
    [ErrCode] => 
    [ErrInfo] => 
    [PayType] => 0
    [CvsCode] => 
    [CvsConfNo] => 
    [CvsReceiptNo] => 
    [EdyReceiptNo] => 
    [EdyOrderNo] => 
    [SuicaReceiptNo] => 
    [SuicaOrderNo] => 
    [CustID] => 
    [BkCode] => 
    [ConfNo] => 
    [PaymentTerm] => 
    [EncryptReceiptNo] => 
    [FinishDate] => 
    [ReceiptDate] => 
    [WebMoneyManagementNo] => 
    [WebMoneySettleCode] => 
    [AuPayInfoNo] => 
    [AuPayMethod] => 
    [AuCancelAmount] => 
    [AuCancelTax] => 
    [DocomoSettlementCode] => 
    [DocomoCancelAmount] => 
    [DocomoCancelTax] => 
    [pay_status] => 13
)
 from 210.175.7.20
2023/07/11 00:16:07 [/shop/user_data/pg_mulpay_recv.php] response:true from 210.175.7.20
2023/07/11 03:25:56 [/shop/shopping/load_payment_module.php] SendRequest:https://p01.mul-pay.jp/payment/SearchMember.idPass from 187.251.245.178
2023/07/11 03:25:56 [/shop/shopping/load_payment_module.php] Array
(
    [SiteID] => mst0000007602
    [SitePass] => ******
    [MemberID] => 2231
)
 from 187.251.245.178
2023/07/11 03:25:56 [/shop/shopping/load_payment_module.php] ErrCode=E01&ErrInfo=E01390002 from 187.251.245.178
2023/07/11 03:25:56 [/shop/shopping/load_payment_module.php] Array
(
    [0] => Array
        (
            [ErrCode] => E01
            [ErrInfo] => E01390002
        )

)
 from 187.251.245.178
2023/07/11 03:25:56 [/shop/shopping/load_payment_module.php] SendRequest:https://p01.mul-pay.jp/payment/SearchCard.idPass from 187.251.245.178
2023/07/11 03:25:56 [/shop/shopping/load_payment_module.php] Array
(
    [SiteID] => mst0000007602
    [SitePass] => ******
    [MemberID] => 2231
)
 from 187.251.245.178
2023/07/11 03:25:56 [/shop/shopping/load_payment_module.php] ErrCode=E01|E01&ErrInfo=E01390002|E01240002 from 187.251.245.178
2023/07/11 03:25:56 [/shop/shopping/load_payment_module.php] Array
(
    [0] => Array
        (
            [ErrCode] => E01
            [ErrInfo] => E01390002
        )

    [1] => Array
        (
            [ErrCode] => E01
            [ErrInfo] => E01240002
        )

)
 from 187.251.245.178
2023/07/11 03:29:05 [/shop/shopping/load_payment_module.php] SendRequest:https://p01.mul-pay.jp/payment/SearchMember.idPass from 187.251.245.178
2023/07/11 03:29:05 [/shop/shopping/load_payment_module.php] Array
(
    [SiteID] => mst0000007602
    [SitePass] => ******
    [MemberID] => 2231
)
 from 187.251.245.178
2023/07/11 03:29:05 [/shop/shopping/load_payment_module.php] ErrCode=E01&ErrInfo=E01390002 from 187.251.245.178
2023/07/11 03:29:05 [/shop/shopping/load_payment_module.php] Array
(
    [0] => Array
        (
            [ErrCode] => E01
            [ErrInfo] => E01390002
        )

)
 from 187.251.245.178
2023/07/11 03:29:05 [/shop/shopping/load_payment_module.php] SendRequest:https://p01.mul-pay.jp/payment/SearchCard.idPass from 187.251.245.178
2023/07/11 03:29:05 [/shop/shopping/load_payment_module.php] Array
(
    [SiteID] => mst0000007602
    [SitePass] => ******
    [MemberID] => 2231
)
 from 187.251.245.178
2023/07/11 03:29:05 [/shop/shopping/load_payment_module.php] ErrCode=E01|E01&ErrInfo=E01390002|E01240002 from 187.251.245.178
2023/07/11 03:29:05 [/shop/shopping/load_payment_module.php] Array
(
    [0] => Array
        (
            [ErrCode] => E01
            [ErrInfo] => E01390002
        )

    [1] => Array
        (
            [ErrCode] => E01
            [ErrInfo] => E01240002
        )

)
 from 187.251.245.178
2023/07/11 03:31:18 [/shop/shopping/load_payment_module.php] SendRequest:https://p01.mul-pay.jp/payment/SearchMember.idPass from 187.251.245.178
2023/07/11 03:31:18 [/shop/shopping/load_payment_module.php] Array
(
    [SiteID] => mst0000007602
    [SitePass] => ******
    [MemberID] => 2231
)
 from 187.251.245.178
2023/07/11 03:31:18 [/shop/shopping/load_payment_module.php] ErrCode=E01&ErrInfo=E01390002 from 187.251.245.178
2023/07/11 03:31:18 [/shop/shopping/load_payment_module.php] Array
(
    [0] => Array
        (
            [ErrCode] => E01
            [ErrInfo] => E01390002
        )

)
 from 187.251.245.178
2023/07/11 03:31:18 [/shop/shopping/load_payment_module.php] SendRequest:https://p01.mul-pay.jp/payment/SearchCard.idPass from 187.251.245.178
2023/07/11 03:31:18 [/shop/shopping/load_payment_module.php] Array
(
    [SiteID] => mst0000007602
    [SitePass] => ******
    [MemberID] => 2231
)
 from 187.251.245.178
2023/07/11 03:31:18 [/shop/shopping/load_payment_module.php] ErrCode=E01|E01&ErrInfo=E01390002|E01240002 from 187.251.245.178
2023/07/11 03:31:18 [/shop/shopping/load_payment_module.php] Array
(
    [0] => Array
        (
            [ErrCode] => E01
            [ErrInfo] => E01390002
        )

    [1] => Array
        (
            [ErrCode] => E01
            [ErrInfo] => E01240002
        )

)
 from 187.251.245.178
2023/07/11 03:31:18 [/shop/shopping/load_payment_module.php] SendRequest:https://p01.mul-pay.jp/payment/EntryTran.idPass from 187.251.245.178
2023/07/11 03:31:18 [/shop/shopping/load_payment_module.php] Array
(
    [ShopID] => 9000034600950
    [ShopPass] => ******
    [OrderID] => 952819-11033118
    [JobCd] => CAPTURE
    [Amount] => 11800
    [TdFlag] => 0
    [TdTenantName] => 
)
 from 187.251.245.178
2023/07/11 03:31:18 [/shop/shopping/load_payment_module.php] AccessID=4b09fe5e3279c55599da64acff6e6eec&AccessPass=118464aa5e4ceeb4b031b73efcc27b57 from 187.251.245.178
2023/07/11 03:31:18 [/shop/shopping/load_payment_module.php] Array
(
    [0] => Array
        (
            [AccessID] => 4b09fe5e3279c55599da64acff6e6eec
            [AccessPass] => 118464aa5e4ceeb4b031b73efcc27b57
        )

)
 from 187.251.245.178
2023/07/11 03:31:18 [/shop/shopping/load_payment_module.php] load_payment_module.php set payment data:Array
(
    [AccessID] => 4b09fe5e3279c55599da64acff6e6eec
    [AccessPass] => 118464aa5e4ceeb4b031b73efcc27b57
    [OrderID] => 952819-11033118
    [Amount] => 11800
    [JobCd] => CAPTURE
    [action_status] => 1
    [pay_status] => 0
)
 from 187.251.245.178
2023/07/11 03:31:18 [/shop/shopping/load_payment_module.php] SendRequest:https://p01.mul-pay.jp/payment/ExecTran.idPass from 187.251.245.178
2023/07/11 03:31:18 [/shop/shopping/load_payment_module.php] Array
(
    [AccessID] => 4b09fe5e3279c55599da64acff6e6eec
    [AccessPass] => 118464aa5e4ceeb4b031b73efcc27b57
    [OrderID] => 952819-11033118
    [Method] => 1
    [Token] => a573d8017ddf4949f46bb723d977fc857b36e14eff716e432a9c359ddf8b83b0
    [ClientField1] => 
    [ClientField2] => 
    [ClientField3] => EC-CUBE4.3.35
)
 from 187.251.245.178
2023/07/11 03:31:19 [/shop/shopping/load_payment_module.php] ACS=0&OrderID=952819-11033118&Forward=2959876&Method=1&PayTimes=&Approve=0775187&TranID=2307110331602257210134171769&TranDate=20230711033119&CheckString=6fe47c93d0110c480c29e715e47a5cbb from 187.251.245.178
2023/07/11 03:31:19 [/shop/shopping/load_payment_module.php] Array
(
    [0] => Array
        (
            [ACS] => 0
            [OrderID] => 952819-11033118
            [Forward] => 2959876
            [Method] => 1
            [PayTimes] => 
            [Approve] => 0775187
            [TranID] => 2307110331602257210134171769
            [TranDate] => 20230711033119
            [CheckString] => 6fe47c93d0110c480c29e715e47a5cbb
        )

)
 from 187.251.245.178
2023/07/11 03:31:19 [/shop/shopping/load_payment_module.php] load_payment_module.php set payment data:Array
(
    [ACS] => 0
    [Forward] => 2959876
    [Method] => 1
    [PayTimes] => 
    [Approve] => 0775187
    [TranID] => 2307110331602257210134171769
    [TranDate] => 20230711033119
    [CheckString] => 6fe47c93d0110c480c29e715e47a5cbb
    [Amount] => 11800
    [JobCd] => CAPTURE
    [action_status] => 3
    [pay_status] => 13
)
 from 187.251.245.178
2023/07/11 03:31:19 [/shop/user_data/pg_mulpay_recv.php] ******* receiveer data start ******* from 210.175.7.20
2023/07/11 03:31:19 [/shop/user_data/pg_mulpay_recv.php] Array
(
    [ShopID] => 9000034600950
    [ShopPass] => **********
    [AccessID] => 4b09fe5e3279c55599da64acff6e6eec
    [AccessPass] => ********************************
    [OrderID] => 952819-11033118
    [Status] => CAPTURE
    [JobCd] => CAPTURE
    [Amount] => 11800
    [Tax] => 0
    [Currency] => JPN
    [Forward] => 2959876
    [Method] => 1
    [PayTimes] => 
    [TranID] => 2307110331602257210134171769
    [Approve] => 0775187
    [TranDate] => 20230711033119
    [ErrCode] => 
    [ErrInfo] => 
    [PayType] => 0
)
 from 210.175.7.20
2023/07/11 03:31:19 [/shop/user_data/pg_mulpay_recv.php] ******* receiveer data end ******* from 210.175.7.20
2023/07/11 03:31:24 [/shop/user_data/pg_mulpay_recv.php] update order status:1 order_id=952819 from 210.175.7.20
2023/07/11 03:31:24 [/shop/user_data/pg_mulpay_recv.php] pg_mulpay_recv.php set payment data:Array
(
    [ShopID] => 9000034600950
    [AccessID] => 4b09fe5e3279c55599da64acff6e6eec
    [OrderID] => 952819-11033118
    [Status] => CAPTURE
    [JobCd] => CAPTURE
    [Amount] => 11800
    [Tax] => 0
    [Currency] => JPN
    [Forward] => 2959876
    [Method] => 1
    [PayTimes] => 
    [TranID] => 2307110331602257210134171769
    [Approve] => 0775187
    [TranDate] => 20230711033119
    [ErrCode] => 
    [ErrInfo] => 
    [PayType] => 0
    [CvsCode] => 
    [CvsConfNo] => 
    [CvsReceiptNo] => 
    [EdyReceiptNo] => 
    [EdyOrderNo] => 
    [SuicaReceiptNo] => 
    [SuicaOrderNo] => 
    [CustID] => 
    [BkCode] => 
    [ConfNo] => 
    [PaymentTerm] => 
    [EncryptReceiptNo] => 
    [FinishDate] => 
    [ReceiptDate] => 
    [WebMoneyManagementNo] => 
    [WebMoneySettleCode] => 
    [AuPayInfoNo] => 
    [AuPayMethod] => 
    [AuCancelAmount] => 
    [AuCancelTax] => 
    [DocomoSettlementCode] => 
    [DocomoCancelAmount] => 
    [DocomoCancelTax] => 
    [pay_status] => 13
)
 from 210.175.7.20
2023/07/11 03:31:24 [/shop/user_data/pg_mulpay_recv.php] response:true from 210.175.7.20
2023/07/11 07:46:24 [/shop/shopping/load_payment_module.php] SendRequest:https://p01.mul-pay.jp/payment/SearchMember.idPass from 113.37.56.170
2023/07/11 07:46:24 [/shop/shopping/load_payment_module.php] Array
(
    [SiteID] => mst0000007602
    [SitePass] => ******
    [MemberID] => 11922
)
 from 113.37.56.170
2023/07/11 07:46:24 [/shop/shopping/load_payment_module.php] ErrCode=E01&ErrInfo=E01390002 from 113.37.56.170
2023/07/11 07:46:24 [/shop/shopping/load_payment_module.php] Array
(
    [0] => Array
        (
            [ErrCode] => E01
            [ErrInfo] => E01390002
        )

)
 from 113.37.56.170
2023/07/11 07:46:24 [/shop/shopping/load_payment_module.php] SendRequest:https://p01.mul-pay.jp/payment/SearchCard.idPass from 113.37.56.170
2023/07/11 07:46:24 [/shop/shopping/load_payment_module.php] Array
(
    [SiteID] => mst0000007602
    [SitePass] => ******
    [MemberID] => 11922
)
 from 113.37.56.170
2023/07/11 07:46:24 [/shop/shopping/load_payment_module.php] ErrCode=E01|E01&ErrInfo=E01390002|E01240002 from 113.37.56.170
2023/07/11 07:46:24 [/shop/shopping/load_payment_module.php] Array
(
    [0] => Array
        (
            [ErrCode] => E01
            [ErrInfo] => E01390002
        )

    [1] => Array
        (
            [ErrCode] => E01
            [ErrInfo] => E01240002
        )

)
 from 113.37.56.170
2023/07/11 07:48:00 [/shop/shopping/load_payment_module.php] SendRequest:https://p01.mul-pay.jp/payment/SearchMember.idPass from 113.37.56.170
2023/07/11 07:48:00 [/shop/shopping/load_payment_module.php] Array
(
    [SiteID] => mst0000007602
    [SitePass] => ******
    [MemberID] => 11922
)
 from 113.37.56.170
2023/07/11 07:48:00 [/shop/shopping/load_payment_module.php] ErrCode=E01&ErrInfo=E01390002 from 113.37.56.170
2023/07/11 07:48:00 [/shop/shopping/load_payment_module.php] Array
(
    [0] => Array
        (
            [ErrCode] => E01
            [ErrInfo] => E01390002
        )

)
 from 113.37.56.170
2023/07/11 07:48:00 [/shop/shopping/load_payment_module.php] SendRequest:https://p01.mul-pay.jp/payment/SearchCard.idPass from 113.37.56.170
2023/07/11 07:48:00 [/shop/shopping/load_payment_module.php] Array
(
    [SiteID] => mst0000007602
    [SitePass] => ******
    [MemberID] => 11922
)
 from 113.37.56.170
2023/07/11 07:48:00 [/shop/shopping/load_payment_module.php] ErrCode=E01|E01&ErrInfo=E01390002|E01240002 from 113.37.56.170
2023/07/11 07:48:00 [/shop/shopping/load_payment_module.php] Array
(
    [0] => Array
        (
            [ErrCode] => E01
            [ErrInfo] => E01390002
        )

    [1] => Array
        (
            [ErrCode] => E01
            [ErrInfo] => E01240002
        )

)
 from 113.37.56.170
2023/07/11 07:48:00 [/shop/shopping/load_payment_module.php] SendRequest:https://p01.mul-pay.jp/payment/EntryTran.idPass from 113.37.56.170
2023/07/11 07:48:00 [/shop/shopping/load_payment_module.php] Array
(
    [ShopID] => 9000034600950
    [ShopPass] => ******
    [OrderID] => 952820-11074800
    [JobCd] => CAPTURE
    [Amount] => 5420
    [TdFlag] => 0
    [TdTenantName] => 
)
 from 113.37.56.170
2023/07/11 07:48:00 [/shop/shopping/load_payment_module.php] AccessID=f5ec5b7378aeec25891969e5877d70c5&AccessPass=c234fa5f526a565c17739c33bac587dd from 113.37.56.170
2023/07/11 07:48:00 [/shop/shopping/load_payment_module.php] Array
(
    [0] => Array
        (
            [AccessID] => f5ec5b7378aeec25891969e5877d70c5
            [AccessPass] => c234fa5f526a565c17739c33bac587dd
        )

)
 from 113.37.56.170
2023/07/11 07:48:00 [/shop/shopping/load_payment_module.php] load_payment_module.php set payment data:Array
(
    [AccessID] => f5ec5b7378aeec25891969e5877d70c5
    [AccessPass] => c234fa5f526a565c17739c33bac587dd
    [OrderID] => 952820-11074800
    [Amount] => 5420
    [JobCd] => CAPTURE
    [action_status] => 1
    [pay_status] => 0
)
 from 113.37.56.170
2023/07/11 07:48:00 [/shop/shopping/load_payment_module.php] SendRequest:https://p01.mul-pay.jp/payment/ExecTran.idPass from 113.37.56.170
2023/07/11 07:48:00 [/shop/shopping/load_payment_module.php] Array
(
    [AccessID] => f5ec5b7378aeec25891969e5877d70c5
    [AccessPass] => c234fa5f526a565c17739c33bac587dd
    [OrderID] => 952820-11074800
    [Method] => 1
    [Token] => 7ef029057857022e7c8fa207404b1c050fe51ae6c5ed61e4be9564a4d1c54ccb
    [ClientField1] => 
    [ClientField2] => 
    [ClientField3] => EC-CUBE4.3.35
)
 from 113.37.56.170
2023/07/11 07:48:01 [/shop/shopping/load_payment_module.php] ACS=0&OrderID=952820-11074800&Forward=2S49631&Method=1&PayTimes=&Approve=0949574&TranID=2307110748602257210134151828&TranDate=20230711074801&CheckString=4dd2dcc7b7a38830c28bfd867d9a0bae from 113.37.56.170
2023/07/11 07:48:01 [/shop/shopping/load_payment_module.php] Array
(
    [0] => Array
        (
            [ACS] => 0
            [OrderID] => 952820-11074800
            [Forward] => 2S49631
            [Method] => 1
            [PayTimes] => 
            [Approve] => 0949574
            [TranID] => 2307110748602257210134151828
            [TranDate] => 20230711074801
            [CheckString] => 4dd2dcc7b7a38830c28bfd867d9a0bae
        )

)
 from 113.37.56.170
2023/07/11 07:48:01 [/shop/shopping/load_payment_module.php] load_payment_module.php set payment data:Array
(
    [ACS] => 0
    [Forward] => 2S49631
    [Method] => 1
    [PayTimes] => 
    [Approve] => 0949574
    [TranID] => 2307110748602257210134151828
    [TranDate] => 20230711074801
    [CheckString] => 4dd2dcc7b7a38830c28bfd867d9a0bae
    [Amount] => 5420
    [JobCd] => CAPTURE
    [action_status] => 3
    [pay_status] => 13
)
 from 113.37.56.170
2023/07/11 07:48:01 [/shop/user_data/pg_mulpay_recv.php] ******* receiveer data start ******* from 210.175.7.20
2023/07/11 07:48:01 [/shop/user_data/pg_mulpay_recv.php] Array
(
    [ShopID] => 9000034600950
    [ShopPass] => **********
    [AccessID] => f5ec5b7378aeec25891969e5877d70c5
    [AccessPass] => ********************************
    [OrderID] => 952820-11074800
    [Status] => CAPTURE
    [JobCd] => CAPTURE
    [Amount] => 5420
    [Tax] => 0
    [Currency] => JPN
    [Forward] => 2S49631
    [Method] => 1
    [PayTimes] => 
    [TranID] => 2307110748602257210134151828
    [Approve] => 0949574
    [TranDate] => 20230711074801
    [ErrCode] => 
    [ErrInfo] => 
    [PayType] => 0
)
 from 210.175.7.20
2023/07/11 07:48:01 [/shop/user_data/pg_mulpay_recv.php] ******* receiveer data end ******* from 210.175.7.20
2023/07/11 07:48:06 [/shop/user_data/pg_mulpay_recv.php] update order status:1 order_id=952820 from 210.175.7.20
2023/07/11 07:48:06 [/shop/user_data/pg_mulpay_recv.php] pg_mulpay_recv.php set payment data:Array
(
    [ShopID] => 9000034600950
    [AccessID] => f5ec5b7378aeec25891969e5877d70c5
    [OrderID] => 952820-11074800
    [Status] => CAPTURE
    [JobCd] => CAPTURE
    [Amount] => 5420
    [Tax] => 0
    [Currency] => JPN
    [Forward] => 2S49631
    [Method] => 1
    [PayTimes] => 
    [TranID] => 2307110748602257210134151828
    [Approve] => 0949574
    [TranDate] => 20230711074801
    [ErrCode] => 
    [ErrInfo] => 
    [PayType] => 0
    [CvsCode] => 
    [CvsConfNo] => 
    [CvsReceiptNo] => 
    [EdyReceiptNo] => 
    [EdyOrderNo] => 
    [SuicaReceiptNo] => 
    [SuicaOrderNo] => 
    [CustID] => 
    [BkCode] => 
    [ConfNo] => 
    [PaymentTerm] => 
    [EncryptReceiptNo] => 
    [FinishDate] => 
    [ReceiptDate] => 
    [WebMoneyManagementNo] => 
    [WebMoneySettleCode] => 
    [AuPayInfoNo] => 
    [AuPayMethod] => 
    [AuCancelAmount] => 
    [AuCancelTax] => 
    [DocomoSettlementCode] => 
    [DocomoCancelAmount] => 
    [DocomoCancelTax] => 
    [pay_status] => 13
)
 from 210.175.7.20
2023/07/11 07:48:06 [/shop/user_data/pg_mulpay_recv.php] response:true from 210.175.7.20
2023/07/11 10:45:36 [/shop/shopping/load_payment_module.php] SendRequest:https://p01.mul-pay.jp/payment/EntryTran.idPass from 114.160.216.147
2023/07/11 10:45:36 [/shop/shopping/load_payment_module.php] Array
(
    [ShopID] => 9000034600950
    [ShopPass] => ******
    [OrderID] => 952821-11104536
    [JobCd] => CAPTURE
    [Amount] => 1980
    [TdFlag] => 0
    [TdTenantName] => 
)
 from 114.160.216.147
2023/07/11 10:45:36 [/shop/shopping/load_payment_module.php] AccessID=461bfa93f92e1f41f524dad54908d250&AccessPass=dd50138f39988b56516dcc44e6aef248 from 114.160.216.147
2023/07/11 10:45:36 [/shop/shopping/load_payment_module.php] Array
(
    [0] => Array
        (
            [AccessID] => 461bfa93f92e1f41f524dad54908d250
            [AccessPass] => dd50138f39988b56516dcc44e6aef248
        )

)
 from 114.160.216.147
2023/07/11 10:45:36 [/shop/shopping/load_payment_module.php] load_payment_module.php set payment data:Array
(
    [AccessID] => 461bfa93f92e1f41f524dad54908d250
    [AccessPass] => dd50138f39988b56516dcc44e6aef248
    [OrderID] => 952821-11104536
    [Amount] => 1980
    [JobCd] => CAPTURE
    [action_status] => 1
    [pay_status] => 0
)
 from 114.160.216.147
2023/07/11 10:45:36 [/shop/shopping/load_payment_module.php] SendRequest:https://p01.mul-pay.jp/payment/ExecTran.idPass from 114.160.216.147
2023/07/11 10:45:36 [/shop/shopping/load_payment_module.php] Array
(
    [AccessID] => 461bfa93f92e1f41f524dad54908d250
    [AccessPass] => dd50138f39988b56516dcc44e6aef248
    [OrderID] => 952821-11104536
    [Method] => 1
    [Token] => be4bb911351f41f2b295c445639055c6abfe6c35c97acb2dc1f5fc2987eacabf
    [ClientField1] => 
    [ClientField2] => 
    [ClientField3] => EC-CUBE4.3.35
)
 from 114.160.216.147
2023/07/11 10:45:36 [/shop/shopping/load_payment_module.php] ACS=0&OrderID=952821-11104536&Forward=2S49631&Method=1&PayTimes=&Approve=0896631&TranID=2307111045602257210134171770&TranDate=20230711104536&CheckString=9e4b22fc21b36f85c12e3fccb54f6f6d from 114.160.216.147
2023/07/11 10:45:36 [/shop/shopping/load_payment_module.php] Array
(
    [0] => Array
        (
            [ACS] => 0
            [OrderID] => 952821-11104536
            [Forward] => 2S49631
            [Method] => 1
            [PayTimes] => 
            [Approve] => 0896631
            [TranID] => 2307111045602257210134171770
            [TranDate] => 20230711104536
            [CheckString] => 9e4b22fc21b36f85c12e3fccb54f6f6d
        )

)
 from 114.160.216.147
2023/07/11 10:45:36 [/shop/shopping/load_payment_module.php] load_payment_module.php set payment data:Array
(
    [ACS] => 0
    [Forward] => 2S49631
    [Method] => 1
    [PayTimes] => 
    [Approve] => 0896631
    [TranID] => 2307111045602257210134171770
    [TranDate] => 20230711104536
    [CheckString] => 9e4b22fc21b36f85c12e3fccb54f6f6d
    [Amount] => 1980
    [JobCd] => CAPTURE
    [action_status] => 3
    [pay_status] => 13
)
 from 114.160.216.147
2023/07/11 10:45:37 [/shop/user_data/pg_mulpay_recv.php] ******* receiveer data start ******* from 210.175.7.20
2023/07/11 10:45:37 [/shop/user_data/pg_mulpay_recv.php] Array
(
    [ShopID] => 9000034600950
    [ShopPass] => **********
    [AccessID] => 461bfa93f92e1f41f524dad54908d250
    [AccessPass] => ********************************
    [OrderID] => 952821-11104536
    [Status] => CAPTURE
    [JobCd] => CAPTURE
    [Amount] => 1980
    [Tax] => 0
    [Currency] => JPN
    [Forward] => 2S49631
    [Method] => 1
    [PayTimes] => 
    [TranID] => 2307111045602257210134171770
    [Approve] => 0896631
    [TranDate] => 20230711104536
    [ErrCode] => 
    [ErrInfo] => 
    [PayType] => 0
)
 from 210.175.7.20
2023/07/11 10:45:37 [/shop/user_data/pg_mulpay_recv.php] ******* receiveer data end ******* from 210.175.7.20
2023/07/11 10:45:42 [/shop/user_data/pg_mulpay_recv.php] update order status:1 order_id=952821 from 210.175.7.20
2023/07/11 10:45:42 [/shop/user_data/pg_mulpay_recv.php] pg_mulpay_recv.php set payment data:Array
(
    [ShopID] => 9000034600950
    [AccessID] => 461bfa93f92e1f41f524dad54908d250
    [OrderID] => 952821-11104536
    [Status] => CAPTURE
    [JobCd] => CAPTURE
    [Amount] => 1980
    [Tax] => 0
    [Currency] => JPN
    [Forward] => 2S49631
    [Method] => 1
    [PayTimes] => 
    [TranID] => 2307111045602257210134171770
    [Approve] => 0896631
    [TranDate] => 20230711104536
    [ErrCode] => 
    [ErrInfo] => 
    [PayType] => 0
    [CvsCode] => 
    [CvsConfNo] => 
    [CvsReceiptNo] => 
    [EdyReceiptNo] => 
    [EdyOrderNo] => 
    [SuicaReceiptNo] => 
    [SuicaOrderNo] => 
    [CustID] => 
    [BkCode] => 
    [ConfNo] => 
    [PaymentTerm] => 
    [EncryptReceiptNo] => 
    [FinishDate] => 
    [ReceiptDate] => 
    [WebMoneyManagementNo] => 
    [WebMoneySettleCode] => 
    [AuPayInfoNo] => 
    [AuPayMethod] => 
    [AuCancelAmount] => 
    [AuCancelTax] => 
    [DocomoSettlementCode] => 
    [DocomoCancelAmount] => 
    [DocomoCancelTax] => 
    [pay_status] => 13
)
 from 210.175.7.20
2023/07/11 10:45:42 [/shop/user_data/pg_mulpay_recv.php] response:true from 210.175.7.20
2023/07/11 10:51:39 [/shop/shopping/load_payment_module.php] SendRequest:https://p01.mul-pay.jp/payment/SearchMember.idPass from 92.203.18.218
2023/07/11 10:51:39 [/shop/shopping/load_payment_module.php] Array
(
    [SiteID] => mst0000007602
    [SitePass] => ******
    [MemberID] => 3060
)
 from 92.203.18.218
2023/07/11 10:51:39 [/shop/shopping/load_payment_module.php] ErrCode=E01&ErrInfo=E01390002 from 92.203.18.218
2023/07/11 10:51:39 [/shop/shopping/load_payment_module.php] Array
(
    [0] => Array
        (
            [ErrCode] => E01
            [ErrInfo] => E01390002
        )

)
 from 92.203.18.218
2023/07/11 10:51:39 [/shop/shopping/load_payment_module.php] SendRequest:https://p01.mul-pay.jp/payment/SearchCard.idPass from 92.203.18.218
2023/07/11 10:51:39 [/shop/shopping/load_payment_module.php] Array
(
    [SiteID] => mst0000007602
    [SitePass] => ******
    [MemberID] => 3060
)
 from 92.203.18.218
2023/07/11 10:51:39 [/shop/shopping/load_payment_module.php] ErrCode=E01|E01&ErrInfo=E01390002|E01240002 from 92.203.18.218
2023/07/11 10:51:39 [/shop/shopping/load_payment_module.php] Array
(
    [0] => Array
        (
            [ErrCode] => E01
            [ErrInfo] => E01390002
        )

    [1] => Array
        (
            [ErrCode] => E01
            [ErrInfo] => E01240002
        )

)
 from 92.203.18.218
2023/07/11 10:53:14 [/shop/shopping/load_payment_module.php] SendRequest:https://p01.mul-pay.jp/payment/EntryTran.idPass from 114.160.216.147
2023/07/11 10:53:14 [/shop/shopping/load_payment_module.php] Array
(
    [ShopID] => 9000034600950
    [ShopPass] => ******
    [OrderID] => 952823-11105314
    [JobCd] => CAPTURE
    [Amount] => 1980
    [TdFlag] => 0
    [TdTenantName] => 
)
 from 114.160.216.147
2023/07/11 10:53:14 [/shop/shopping/load_payment_module.php] AccessID=cc8a689cb82ae7d2c73e6947ec523f62&AccessPass=a75d7cc1037b75fecdcd2a1022275f02 from 114.160.216.147
2023/07/11 10:53:14 [/shop/shopping/load_payment_module.php] Array
(
    [0] => Array
        (
            [AccessID] => cc8a689cb82ae7d2c73e6947ec523f62
            [AccessPass] => a75d7cc1037b75fecdcd2a1022275f02
        )

)
 from 114.160.216.147
2023/07/11 10:53:14 [/shop/shopping/load_payment_module.php] load_payment_module.php set payment data:Array
(
    [AccessID] => cc8a689cb82ae7d2c73e6947ec523f62
    [AccessPass] => a75d7cc1037b75fecdcd2a1022275f02
    [OrderID] => 952823-11105314
    [Amount] => 1980
    [JobCd] => CAPTURE
    [action_status] => 1
    [pay_status] => 0
)
 from 114.160.216.147
2023/07/11 10:53:14 [/shop/shopping/load_payment_module.php] SendRequest:https://p01.mul-pay.jp/payment/ExecTran.idPass from 114.160.216.147
2023/07/11 10:53:14 [/shop/shopping/load_payment_module.php] Array
(
    [AccessID] => cc8a689cb82ae7d2c73e6947ec523f62
    [AccessPass] => a75d7cc1037b75fecdcd2a1022275f02
    [OrderID] => 952823-11105314
    [Method] => 1
    [Token] => 91d58aee0abdc148483b646db277348667d05e9ebd11c091bb386401b4c85898
    [ClientField1] => 
    [ClientField2] => 
    [ClientField3] => EC-CUBE4.3.35
)
 from 114.160.216.147
2023/07/11 10:53:15 [/shop/shopping/load_payment_module.php] ACS=0&OrderID=952823-11105314&Forward=2S49631&Method=1&PayTimes=&Approve=0124010&TranID=2307111053602257210134161829&TranDate=20230711105315&CheckString=09d015f9125968bfbb17ca1f7b11ce70 from 114.160.216.147
2023/07/11 10:53:15 [/shop/shopping/load_payment_module.php] Array
(
    [0] => Array
        (
            [ACS] => 0
            [OrderID] => 952823-11105314
            [Forward] => 2S49631
            [Method] => 1
            [PayTimes] => 
            [Approve] => 0124010
            [TranID] => 2307111053602257210134161829
            [TranDate] => 20230711105315
            [CheckString] => 09d015f9125968bfbb17ca1f7b11ce70
        )

)
 from 114.160.216.147
2023/07/11 10:53:15 [/shop/shopping/load_payment_module.php] load_payment_module.php set payment data:Array
(
    [ACS] => 0
    [Forward] => 2S49631
    [Method] => 1
    [PayTimes] => 
    [Approve] => 0124010
    [TranID] => 2307111053602257210134161829
    [TranDate] => 20230711105315
    [CheckString] => 09d015f9125968bfbb17ca1f7b11ce70
    [Amount] => 1980
    [JobCd] => CAPTURE
    [action_status] => 3
    [pay_status] => 13
)
 from 114.160.216.147
2023/07/11 10:53:15 [/shop/user_data/pg_mulpay_recv.php] ******* receiveer data start ******* from 210.175.7.20
2023/07/11 10:53:15 [/shop/user_data/pg_mulpay_recv.php] Array
(
    [ShopID] => 9000034600950
    [ShopPass] => **********
    [AccessID] => cc8a689cb82ae7d2c73e6947ec523f62
    [AccessPass] => ********************************
    [OrderID] => 952823-11105314
    [Status] => CAPTURE
    [JobCd] => CAPTURE
    [Amount] => 1980
    [Tax] => 0
    [Currency] => JPN
    [Forward] => 2S49631
    [Method] => 1
    [PayTimes] => 
    [TranID] => 2307111053602257210134161829
    [Approve] => 0124010
    [TranDate] => 20230711105315
    [ErrCode] => 
    [ErrInfo] => 
    [PayType] => 0
)
 from 210.175.7.20
2023/07/11 10:53:15 [/shop/user_data/pg_mulpay_recv.php] ******* receiveer data end ******* from 210.175.7.20
2023/07/11 10:53:20 [/shop/user_data/pg_mulpay_recv.php] update order status:1 order_id=952823 from 210.175.7.20
2023/07/11 10:53:20 [/shop/user_data/pg_mulpay_recv.php] pg_mulpay_recv.php set payment data:Array
(
    [ShopID] => 9000034600950
    [AccessID] => cc8a689cb82ae7d2c73e6947ec523f62
    [OrderID] => 952823-11105314
    [Status] => CAPTURE
    [JobCd] => CAPTURE
    [Amount] => 1980
    [Tax] => 0
    [Currency] => JPN
    [Forward] => 2S49631
    [Method] => 1
    [PayTimes] => 
    [TranID] => 2307111053602257210134161829
    [Approve] => 0124010
    [TranDate] => 20230711105315
    [ErrCode] => 
    [ErrInfo] => 
    [PayType] => 0
    [CvsCode] => 
    [CvsConfNo] => 
    [CvsReceiptNo] => 
    [EdyReceiptNo] => 
    [EdyOrderNo] => 
    [SuicaReceiptNo] => 
    [SuicaOrderNo] => 
    [CustID] => 
    [BkCode] => 
    [ConfNo] => 
    [PaymentTerm] => 
    [EncryptReceiptNo] => 
    [FinishDate] => 
    [ReceiptDate] => 
    [WebMoneyManagementNo] => 
    [WebMoneySettleCode] => 
    [AuPayInfoNo] => 
    [AuPayMethod] => 
    [AuCancelAmount] => 
    [AuCancelTax] => 
    [DocomoSettlementCode] => 
    [DocomoCancelAmount] => 
    [DocomoCancelTax] => 
    [pay_status] => 13
)
 from 210.175.7.20
2023/07/11 10:53:20 [/shop/user_data/pg_mulpay_recv.php] response:true from 210.175.7.20
2023/07/11 10:55:21 [/shop/shopping/load_payment_module.php] SendRequest:https://p01.mul-pay.jp/payment/SearchMember.idPass from 92.203.18.218
2023/07/11 10:55:21 [/shop/shopping/load_payment_module.php] Array
(
    [SiteID] => mst0000007602
    [SitePass] => ******
    [MemberID] => 3060
)
 from 92.203.18.218
2023/07/11 10:55:21 [/shop/shopping/load_payment_module.php] ErrCode=E01&ErrInfo=E01390002 from 92.203.18.218
2023/07/11 10:55:21 [/shop/shopping/load_payment_module.php] Array
(
    [0] => Array
        (
            [ErrCode] => E01
            [ErrInfo] => E01390002
        )

)
 from 92.203.18.218
2023/07/11 10:55:21 [/shop/shopping/load_payment_module.php] SendRequest:https://p01.mul-pay.jp/payment/SearchCard.idPass from 92.203.18.218
2023/07/11 10:55:21 [/shop/shopping/load_payment_module.php] Array
(
    [SiteID] => mst0000007602
    [SitePass] => ******
    [MemberID] => 3060
)
 from 92.203.18.218
2023/07/11 10:55:21 [/shop/shopping/load_payment_module.php] ErrCode=E01|E01&ErrInfo=E01390002|E01240002 from 92.203.18.218
2023/07/11 10:55:21 [/shop/shopping/load_payment_module.php] Array
(
    [0] => Array
        (
            [ErrCode] => E01
            [ErrInfo] => E01390002
        )

    [1] => Array
        (
            [ErrCode] => E01
            [ErrInfo] => E01240002
        )

)
 from 92.203.18.218
2023/07/11 10:55:21 [/shop/shopping/load_payment_module.php] SendRequest:https://p01.mul-pay.jp/payment/EntryTran.idPass from 92.203.18.218
2023/07/11 10:55:21 [/shop/shopping/load_payment_module.php] Array
(
    [ShopID] => 9000034600950
    [ShopPass] => ******
    [OrderID] => 952822-11105521
    [JobCd] => CAPTURE
    [Amount] => 44000
    [TdFlag] => 0
    [TdTenantName] => 
)
 from 92.203.18.218
2023/07/11 10:55:21 [/shop/shopping/load_payment_module.php] AccessID=bb50214380e745198ff9b76981a99faf&AccessPass=7a0d098bb1233b68be25d358eb0f980d from 92.203.18.218
2023/07/11 10:55:21 [/shop/shopping/load_payment_module.php] Array
(
    [0] => Array
        (
            [AccessID] => bb50214380e745198ff9b76981a99faf
            [AccessPass] => 7a0d098bb1233b68be25d358eb0f980d
        )

)
 from 92.203.18.218
2023/07/11 10:55:21 [/shop/shopping/load_payment_module.php] load_payment_module.php set payment data:Array
(
    [AccessID] => bb50214380e745198ff9b76981a99faf
    [AccessPass] => 7a0d098bb1233b68be25d358eb0f980d
    [OrderID] => 952822-11105521
    [Amount] => 44000
    [JobCd] => CAPTURE
    [action_status] => 1
    [pay_status] => 0
)
 from 92.203.18.218
2023/07/11 10:55:21 [/shop/shopping/load_payment_module.php] SendRequest:https://p01.mul-pay.jp/payment/ExecTran.idPass from 92.203.18.218
2023/07/11 10:55:21 [/shop/shopping/load_payment_module.php] Array
(
    [AccessID] => bb50214380e745198ff9b76981a99faf
    [AccessPass] => 7a0d098bb1233b68be25d358eb0f980d
    [OrderID] => 952822-11105521
    [Method] => 1
    [Token] => cd18d8e3b6405472215deea30f8859c90ee9df753450b18ad699af1c3ad4174f
    [ClientField1] => 
    [ClientField2] => 
    [ClientField3] => EC-CUBE4.3.35
)
 from 92.203.18.218
2023/07/11 10:55:22 [/shop/shopping/load_payment_module.php] ACS=0&OrderID=952822-11105521&Forward=2S49631&Method=1&PayTimes=&Approve=0124807&TranID=2307111055602257210134181844&TranDate=20230711105522&CheckString=b44018ce7753bddcc7b065bfdf5fae54 from 92.203.18.218
2023/07/11 10:55:22 [/shop/shopping/load_payment_module.php] Array
(
    [0] => Array
        (
            [ACS] => 0
            [OrderID] => 952822-11105521
            [Forward] => 2S49631
            [Method] => 1
            [PayTimes] => 
            [Approve] => 0124807
            [TranID] => 2307111055602257210134181844
            [TranDate] => 20230711105522
            [CheckString] => b44018ce7753bddcc7b065bfdf5fae54
        )

)
 from 92.203.18.218
2023/07/11 10:55:22 [/shop/shopping/load_payment_module.php] load_payment_module.php set payment data:Array
(
    [ACS] => 0
    [Forward] => 2S49631
    [Method] => 1
    [PayTimes] => 
    [Approve] => 0124807
    [TranID] => 2307111055602257210134181844
    [TranDate] => 20230711105522
    [CheckString] => b44018ce7753bddcc7b065bfdf5fae54
    [Amount] => 44000
    [JobCd] => CAPTURE
    [action_status] => 3
    [pay_status] => 13
)
 from 92.203.18.218
2023/07/11 10:55:22 [/shop/user_data/pg_mulpay_recv.php] ******* receiveer data start ******* from 210.175.7.20
2023/07/11 10:55:22 [/shop/user_data/pg_mulpay_recv.php] Array
(
    [ShopID] => 9000034600950
    [ShopPass] => **********
    [AccessID] => bb50214380e745198ff9b76981a99faf
    [AccessPass] => ********************************
    [OrderID] => 952822-11105521
    [Status] => CAPTURE
    [JobCd] => CAPTURE
    [Amount] => 44000
    [Tax] => 0
    [Currency] => JPN
    [Forward] => 2S49631
    [Method] => 1
    [PayTimes] => 
    [TranID] => 2307111055602257210134181844
    [Approve] => 0124807
    [TranDate] => 20230711105522
    [ErrCode] => 
    [ErrInfo] => 
    [PayType] => 0
)
 from 210.175.7.20
2023/07/11 10:55:22 [/shop/user_data/pg_mulpay_recv.php] ******* receiveer data end ******* from 210.175.7.20
2023/07/11 10:55:27 [/shop/user_data/pg_mulpay_recv.php] update order status:1 order_id=952822 from 210.175.7.20
2023/07/11 10:55:28 [/shop/user_data/pg_mulpay_recv.php] pg_mulpay_recv.php set payment data:Array
(
    [ShopID] => 9000034600950
    [AccessID] => bb50214380e745198ff9b76981a99faf
    [OrderID] => 952822-11105521
    [Status] => CAPTURE
    [JobCd] => CAPTURE
    [Amount] => 44000
    [Tax] => 0
    [Currency] => JPN
    [Forward] => 2S49631
    [Method] => 1
    [PayTimes] => 
    [TranID] => 2307111055602257210134181844
    [Approve] => 0124807
    [TranDate] => 20230711105522
    [ErrCode] => 
    [ErrInfo] => 
    [PayType] => 0
    [CvsCode] => 
    [CvsConfNo] => 
    [CvsReceiptNo] => 
    [EdyReceiptNo] => 
    [EdyOrderNo] => 
    [SuicaReceiptNo] => 
    [SuicaOrderNo] => 
    [CustID] => 
    [BkCode] => 
    [ConfNo] => 
    [PaymentTerm] => 
    [EncryptReceiptNo] => 
    [FinishDate] => 
    [ReceiptDate] => 
    [WebMoneyManagementNo] => 
    [WebMoneySettleCode] => 
    [AuPayInfoNo] => 
    [AuPayMethod] => 
    [AuCancelAmount] => 
    [AuCancelTax] => 
    [DocomoSettlementCode] => 
    [DocomoCancelAmount] => 
    [DocomoCancelTax] => 
    [pay_status] => 13
)
 from 210.175.7.20
2023/07/11 10:55:28 [/shop/user_data/pg_mulpay_recv.php] response:true from 210.175.7.20
2023/07/11 11:04:09 [/shop/shopping/load_payment_module.php] SendRequest:https://p01.mul-pay.jp/payment/EntryTran.idPass from 106.183.87.138
2023/07/11 11:04:09 [/shop/shopping/load_payment_module.php] Array
(
    [ShopID] => 9000034600950
    [ShopPass] => ******
    [OrderID] => 952824-11110409
    [JobCd] => CAPTURE
    [Amount] => 9400
    [TdFlag] => 0
    [TdTenantName] => 
)
 from 106.183.87.138
2023/07/11 11:04:09 [/shop/shopping/load_payment_module.php] AccessID=b5c0dfeca7718f6961b86285adcc8fb2&AccessPass=c1da335c8ebd9cbf1c60aec4705efdd5 from 106.183.87.138
2023/07/11 11:04:09 [/shop/shopping/load_payment_module.php] Array
(
    [0] => Array
        (
            [AccessID] => b5c0dfeca7718f6961b86285adcc8fb2
            [AccessPass] => c1da335c8ebd9cbf1c60aec4705efdd5
        )

)
 from 106.183.87.138
2023/07/11 11:04:09 [/shop/shopping/load_payment_module.php] load_payment_module.php set payment data:Array
(
    [AccessID] => b5c0dfeca7718f6961b86285adcc8fb2
    [AccessPass] => c1da335c8ebd9cbf1c60aec4705efdd5
    [OrderID] => 952824-11110409
    [Amount] => 9400
    [JobCd] => CAPTURE
    [action_status] => 1
    [pay_status] => 0
)
 from 106.183.87.138
2023/07/11 11:04:09 [/shop/shopping/load_payment_module.php] SendRequest:https://p01.mul-pay.jp/payment/ExecTran.idPass from 106.183.87.138
2023/07/11 11:04:09 [/shop/shopping/load_payment_module.php] Array
(
    [AccessID] => b5c0dfeca7718f6961b86285adcc8fb2
    [AccessPass] => c1da335c8ebd9cbf1c60aec4705efdd5
    [OrderID] => 952824-11110409
    [Method] => 1
    [Token] => 628305f3ea138cb4c9a052518f9e068e1592b74b6b5b2658d343864da185f116
    [ClientField1] => 
    [ClientField2] => 
    [ClientField3] => EC-CUBE4.3.35
)
 from 106.183.87.138
2023/07/11 11:04:10 [/shop/shopping/load_payment_module.php] ACS=0&OrderID=952824-11110409&Forward=2959876&Method=1&PayTimes=&Approve=0022062&TranID=2307111104602257210134171771&TranDate=20230711110410&CheckString=c5fcf4fd493cc07a445f1cae405993bc from 106.183.87.138
2023/07/11 11:04:10 [/shop/shopping/load_payment_module.php] Array
(
    [0] => Array
        (
            [ACS] => 0
            [OrderID] => 952824-11110409
            [Forward] => 2959876
            [Method] => 1
            [PayTimes] => 
            [Approve] => 0022062
            [TranID] => 2307111104602257210134171771
            [TranDate] => 20230711110410
            [CheckString] => c5fcf4fd493cc07a445f1cae405993bc
        )

)
 from 106.183.87.138
2023/07/11 11:04:10 [/shop/shopping/load_payment_module.php] load_payment_module.php set payment data:Array
(
    [ACS] => 0
    [Forward] => 2959876
    [Method] => 1
    [PayTimes] => 
    [Approve] => 0022062
    [TranID] => 2307111104602257210134171771
    [TranDate] => 20230711110410
    [CheckString] => c5fcf4fd493cc07a445f1cae405993bc
    [Amount] => 9400
    [JobCd] => CAPTURE
    [action_status] => 3
    [pay_status] => 13
)
 from 106.183.87.138
2023/07/11 11:04:10 [/shop/user_data/pg_mulpay_recv.php] ******* receiveer data start ******* from 210.175.7.20
2023/07/11 11:04:10 [/shop/user_data/pg_mulpay_recv.php] Array
(
    [ShopID] => 9000034600950
    [ShopPass] => **********
    [AccessID] => b5c0dfeca7718f6961b86285adcc8fb2
    [AccessPass] => ********************************
    [OrderID] => 952824-11110409
    [Status] => CAPTURE
    [JobCd] => CAPTURE
    [Amount] => 9400
    [Tax] => 0
    [Currency] => JPN
    [Forward] => 2959876
    [Method] => 1
    [PayTimes] => 
    [TranID] => 2307111104602257210134171771
    [Approve] => 0022062
    [TranDate] => 20230711110410
    [ErrCode] => 
    [ErrInfo] => 
    [PayType] => 0
)
 from 210.175.7.20
2023/07/11 11:04:10 [/shop/user_data/pg_mulpay_recv.php] ******* receiveer data end ******* from 210.175.7.20
2023/07/11 11:04:15 [/shop/user_data/pg_mulpay_recv.php] update order status:1 order_id=952824 from 210.175.7.20
2023/07/11 11:04:15 [/shop/user_data/pg_mulpay_recv.php] pg_mulpay_recv.php set payment data:Array
(
    [ShopID] => 9000034600950
    [AccessID] => b5c0dfeca7718f6961b86285adcc8fb2
    [OrderID] => 952824-11110409
    [Status] => CAPTURE
    [JobCd] => CAPTURE
    [Amount] => 9400
    [Tax] => 0
    [Currency] => JPN
    [Forward] => 2959876
    [Method] => 1
    [PayTimes] => 
    [TranID] => 2307111104602257210134171771
    [Approve] => 0022062
    [TranDate] => 20230711110410
    [ErrCode] => 
    [ErrInfo] => 
    [PayType] => 0
    [CvsCode] => 
    [CvsConfNo] => 
    [CvsReceiptNo] => 
    [EdyReceiptNo] => 
    [EdyOrderNo] => 
    [SuicaReceiptNo] => 
    [SuicaOrderNo] => 
    [CustID] => 
    [BkCode] => 
    [ConfNo] => 
    [PaymentTerm] => 
    [EncryptReceiptNo] => 
    [FinishDate] => 
    [ReceiptDate] => 
    [WebMoneyManagementNo] => 
    [WebMoneySettleCode] => 
    [AuPayInfoNo] => 
    [AuPayMethod] => 
    [AuCancelAmount] => 
    [AuCancelTax] => 
    [DocomoSettlementCode] => 
    [DocomoCancelAmount] => 
    [DocomoCancelTax] => 
    [pay_status] => 13
)
 from 210.175.7.20
2023/07/11 11:04:15 [/shop/user_data/pg_mulpay_recv.php] response:true from 210.175.7.20
2023/07/11 11:26:04 [/shop/master/order/edit.php] SendRequest:https://p01.mul-pay.jp/payment/AlterTran.idPass from 114.160.216.147
2023/07/11 11:26:04 [/shop/master/order/edit.php] Array
(
    [ShopID] => 9000034600950
    [ShopPass] => ******
    [AccessID] => cc8a689cb82ae7d2c73e6947ec523f62
    [AccessPass] => a75d7cc1037b75fecdcd2a1022275f02
    [JobCd] => VOID
)
 from 114.160.216.147
2023/07/11 11:26:05 [/shop/master/order/edit.php] AccessID=cc8a689cb82ae7d2c73e6947ec523f62&AccessPass=a75d7cc1037b75fecdcd2a1022275f02&Forward=2S49631&Approve=0019453&TranID=2307111126602257210134181845&TranDate=20230711112605 from 114.160.216.147
2023/07/11 11:26:05 [/shop/master/order/edit.php] Array
(
    [0] => Array
        (
            [AccessID] => cc8a689cb82ae7d2c73e6947ec523f62
            [AccessPass] => a75d7cc1037b75fecdcd2a1022275f02
            [Forward] => 2S49631
            [Approve] => 0019453
            [TranID] => 2307111126602257210134181845
            [TranDate] => 20230711112605
        )

)
 from 114.160.216.147
2023/07/11 11:26:05 [/shop/master/order/edit.php] edit.php set payment data:Array
(
    [AccessID] => cc8a689cb82ae7d2c73e6947ec523f62
    [AccessPass] => a75d7cc1037b75fecdcd2a1022275f02
    [Forward] => 2S49631
    [Approve] => 0019453
    [TranID] => 2307111126602257210134181845
    [TranDate] => 20230711112605
    [JobCd] => VOID
    [action_status] => 6
    [pay_status] => 14
)
 from 114.160.216.147
2023/07/11 11:26:05 [/shop/user_data/pg_mulpay_recv.php] ******* receiveer data start ******* from 210.175.7.20
2023/07/11 11:26:05 [/shop/user_data/pg_mulpay_recv.php] Array
(
    [ShopID] => 9000034600950
    [ShopPass] => **********
    [AccessID] => cc8a689cb82ae7d2c73e6947ec523f62
    [AccessPass] => ********************************
    [OrderID] => 952823-11105314
    [Status] => VOID
    [JobCd] => VOID
    [Amount] => 1980
    [Tax] => 0
    [Currency] => JPN
    [Forward] => 2S49631
    [Method] => 1
    [PayTimes] => 
    [TranID] => 2307111126602257210134181845
    [Approve] => 0019453
    [TranDate] => 20230711112605
    [ErrCode] => 
    [ErrInfo] => 
    [PayType] => 0
)
 from 210.175.7.20
2023/07/11 11:26:05 [/shop/user_data/pg_mulpay_recv.php] ******* receiveer data end ******* from 210.175.7.20
2023/07/11 11:26:05 [/shop/user_data/pg_mulpay_recv.php] pg_mulpay_recv.php set payment data:Array
(
    [ShopID] => 9000034600950
    [AccessID] => cc8a689cb82ae7d2c73e6947ec523f62
    [OrderID] => 952823-11105314
    [Status] => VOID
    [JobCd] => VOID
    [Amount] => 1980
    [Tax] => 0
    [Currency] => JPN
    [Forward] => 2S49631
    [Method] => 1
    [PayTimes] => 
    [TranID] => 2307111126602257210134181845
    [Approve] => 0019453
    [TranDate] => 20230711112605
    [ErrCode] => 
    [ErrInfo] => 
    [PayType] => 0
    [CvsCode] => 
    [CvsConfNo] => 
    [CvsReceiptNo] => 
    [EdyReceiptNo] => 
    [EdyOrderNo] => 
    [SuicaReceiptNo] => 
    [SuicaOrderNo] => 
    [CustID] => 
    [BkCode] => 
    [ConfNo] => 
    [PaymentTerm] => 
    [EncryptReceiptNo] => 
    [FinishDate] => 
    [ReceiptDate] => 
    [WebMoneyManagementNo] => 
    [WebMoneySettleCode] => 
    [AuPayInfoNo] => 
    [AuPayMethod] => 
    [AuCancelAmount] => 
    [AuCancelTax] => 
    [DocomoSettlementCode] => 
    [DocomoCancelAmount] => 
    [DocomoCancelTax] => 
    [pay_status] => 14
)
 from 210.175.7.20
2023/07/11 11:26:05 [/shop/user_data/pg_mulpay_recv.php] response:true from 210.175.7.20
2023/07/11 11:26:39 [/shop/master/order/edit.php] SendRequest:https://p01.mul-pay.jp/payment/AlterTran.idPass from 114.160.216.147
2023/07/11 11:26:39 [/shop/master/order/edit.php] Array
(
    [ShopID] => 9000034600950
    [ShopPass] => ******
    [AccessID] => 461bfa93f92e1f41f524dad54908d250
    [AccessPass] => dd50138f39988b56516dcc44e6aef248
    [JobCd] => VOID
)
 from 114.160.216.147
2023/07/11 11:26:40 [/shop/master/order/edit.php] AccessID=461bfa93f92e1f41f524dad54908d250&AccessPass=dd50138f39988b56516dcc44e6aef248&Forward=2S49631&Approve=0019579&TranID=2307111126602257210134171772&TranDate=20230711112640 from 114.160.216.147
2023/07/11 11:26:40 [/shop/master/order/edit.php] Array
(
    [0] => Array
        (
            [AccessID] => 461bfa93f92e1f41f524dad54908d250
            [AccessPass] => dd50138f39988b56516dcc44e6aef248
            [Forward] => 2S49631
            [Approve] => 0019579
            [TranID] => 2307111126602257210134171772
            [TranDate] => 20230711112640
        )

)
 from 114.160.216.147
2023/07/11 11:26:40 [/shop/master/order/edit.php] edit.php set payment data:Array
(
    [AccessID] => 461bfa93f92e1f41f524dad54908d250
    [AccessPass] => dd50138f39988b56516dcc44e6aef248
    [Forward] => 2S49631
    [Approve] => 0019579
    [TranID] => 2307111126602257210134171772
    [TranDate] => 20230711112640
    [JobCd] => VOID
    [action_status] => 6
    [pay_status] => 14
)
 from 114.160.216.147
2023/07/11 11:26:40 [/shop/user_data/pg_mulpay_recv.php] ******* receiveer data start ******* from 210.175.7.20
2023/07/11 11:26:40 [/shop/user_data/pg_mulpay_recv.php] Array
(
    [ShopID] => 9000034600950
    [ShopPass] => **********
    [AccessID] => 461bfa93f92e1f41f524dad54908d250
    [AccessPass] => ********************************
    [OrderID] => 952821-11104536
    [Status] => VOID
    [JobCd] => VOID
    [Amount] => 1980
    [Tax] => 0
    [Currency] => JPN
    [Forward] => 2S49631
    [Method] => 1
    [PayTimes] => 
    [TranID] => 2307111126602257210134171772
    [Approve] => 0019579
    [TranDate] => 20230711112640
    [ErrCode] => 
    [ErrInfo] => 
    [PayType] => 0
)
 from 210.175.7.20
2023/07/11 11:26:40 [/shop/user_data/pg_mulpay_recv.php] ******* receiveer data end ******* from 210.175.7.20
2023/07/11 11:26:40 [/shop/user_data/pg_mulpay_recv.php] pg_mulpay_recv.php set payment data:Array
(
    [ShopID] => 9000034600950
    [AccessID] => 461bfa93f92e1f41f524dad54908d250
    [OrderID] => 952821-11104536
    [Status] => VOID
    [JobCd] => VOID
    [Amount] => 1980
    [Tax] => 0
    [Currency] => JPN
    [Forward] => 2S49631
    [Method] => 1
    [PayTimes] => 
    [TranID] => 2307111126602257210134171772
    [Approve] => 0019579
    [TranDate] => 20230711112640
    [ErrCode] => 
    [ErrInfo] => 
    [PayType] => 0
    [CvsCode] => 
    [CvsConfNo] => 
    [CvsReceiptNo] => 
    [EdyReceiptNo] => 
    [EdyOrderNo] => 
    [SuicaReceiptNo] => 
    [SuicaOrderNo] => 
    [CustID] => 
    [BkCode] => 
    [ConfNo] => 
    [PaymentTerm] => 
    [EncryptReceiptNo] => 
    [FinishDate] => 
    [ReceiptDate] => 
    [WebMoneyManagementNo] => 
    [WebMoneySettleCode] => 
    [AuPayInfoNo] => 
    [AuPayMethod] => 
    [AuCancelAmount] => 
    [AuCancelTax] => 
    [DocomoSettlementCode] => 
    [DocomoCancelAmount] => 
    [DocomoCancelTax] => 
    [pay_status] => 14
)
 from 210.175.7.20
2023/07/11 11:26:40 [/shop/user_data/pg_mulpay_recv.php] response:true from 210.175.7.20
2023/07/11 11:29:31 [/shop/shopping/load_payment_module.php] SendRequest:https://p01.mul-pay.jp/payment/EntryTran.idPass from 114.160.216.147
2023/07/11 11:29:31 [/shop/shopping/load_payment_module.php] Array
(
    [ShopID] => 9000034600950
    [ShopPass] => ******
    [OrderID] => 952827-11112931
    [JobCd] => CAPTURE
    [Amount] => 3080
    [TdFlag] => 0
    [TdTenantName] => 
)
 from 114.160.216.147
2023/07/11 11:29:31 [/shop/shopping/load_payment_module.php] AccessID=32e51c5532140c692d036ebae3cd8159&AccessPass=a6509a25c439892ee4e34855d2157e2c from 114.160.216.147
2023/07/11 11:29:31 [/shop/shopping/load_payment_module.php] Array
(
    [0] => Array
        (
            [AccessID] => 32e51c5532140c692d036ebae3cd8159
            [AccessPass] => a6509a25c439892ee4e34855d2157e2c
        )

)
 from 114.160.216.147
2023/07/11 11:29:31 [/shop/shopping/load_payment_module.php] load_payment_module.php set payment data:Array
(
    [AccessID] => 32e51c5532140c692d036ebae3cd8159
    [AccessPass] => a6509a25c439892ee4e34855d2157e2c
    [OrderID] => 952827-11112931
    [Amount] => 3080
    [JobCd] => CAPTURE
    [action_status] => 1
    [pay_status] => 0
)
 from 114.160.216.147
2023/07/11 11:29:31 [/shop/shopping/load_payment_module.php] SendRequest:https://p01.mul-pay.jp/payment/ExecTran.idPass from 114.160.216.147
2023/07/11 11:29:31 [/shop/shopping/load_payment_module.php] Array
(
    [AccessID] => 32e51c5532140c692d036ebae3cd8159
    [AccessPass] => a6509a25c439892ee4e34855d2157e2c
    [OrderID] => 952827-11112931
    [Method] => 1
    [Token] => 3914b67143d675f2c938c7f3e79ae847a8672afa5e7f1c61057667b711e9fcd0
    [ClientField1] => 
    [ClientField2] => 
    [ClientField3] => EC-CUBE4.3.35
)
 from 114.160.216.147
2023/07/11 11:29:32 [/shop/shopping/load_payment_module.php] ACS=0&OrderID=952827-11112931&Forward=2S49631&Method=1&PayTimes=&Approve=0273427&TranID=2307111129602257210134161830&TranDate=20230711112932&CheckString=f9bdd4d95b88329d0db94202f2b371c9 from 114.160.216.147
2023/07/11 11:29:32 [/shop/shopping/load_payment_module.php] Array
(
    [0] => Array
        (
            [ACS] => 0
            [OrderID] => 952827-11112931
            [Forward] => 2S49631
            [Method] => 1
            [PayTimes] => 
            [Approve] => 0273427
            [TranID] => 2307111129602257210134161830
            [TranDate] => 20230711112932
            [CheckString] => f9bdd4d95b88329d0db94202f2b371c9
        )

)
 from 114.160.216.147
2023/07/11 11:29:32 [/shop/shopping/load_payment_module.php] load_payment_module.php set payment data:Array
(
    [ACS] => 0
    [Forward] => 2S49631
    [Method] => 1
    [PayTimes] => 
    [Approve] => 0273427
    [TranID] => 2307111129602257210134161830
    [TranDate] => 20230711112932
    [CheckString] => f9bdd4d95b88329d0db94202f2b371c9
    [Amount] => 3080
    [JobCd] => CAPTURE
    [action_status] => 3
    [pay_status] => 13
)
 from 114.160.216.147
2023/07/11 11:29:32 [/shop/user_data/pg_mulpay_recv.php] ******* receiveer data start ******* from 210.175.7.20
2023/07/11 11:29:32 [/shop/user_data/pg_mulpay_recv.php] Array
(
    [ShopID] => 9000034600950
    [ShopPass] => **********
    [AccessID] => 32e51c5532140c692d036ebae3cd8159
    [AccessPass] => ********************************
    [OrderID] => 952827-11112931
    [Status] => CAPTURE
    [JobCd] => CAPTURE
    [Amount] => 3080
    [Tax] => 0
    [Currency] => JPN
    [Forward] => 2S49631
    [Method] => 1
    [PayTimes] => 
    [TranID] => 2307111129602257210134161830
    [Approve] => 0273427
    [TranDate] => 20230711112932
    [ErrCode] => 
    [ErrInfo] => 
    [PayType] => 0
)
 from 210.175.7.20
2023/07/11 11:29:32 [/shop/user_data/pg_mulpay_recv.php] ******* receiveer data end ******* from 210.175.7.20
2023/07/11 11:29:37 [/shop/user_data/pg_mulpay_recv.php] update order status:1 order_id=952827 from 210.175.7.20
2023/07/11 11:29:37 [/shop/user_data/pg_mulpay_recv.php] pg_mulpay_recv.php set payment data:Array
(
    [ShopID] => 9000034600950
    [AccessID] => 32e51c5532140c692d036ebae3cd8159
    [OrderID] => 952827-11112931
    [Status] => CAPTURE
    [JobCd] => CAPTURE
    [Amount] => 3080
    [Tax] => 0
    [Currency] => JPN
    [Forward] => 2S49631
    [Method] => 1
    [PayTimes] => 
    [TranID] => 2307111129602257210134161830
    [Approve] => 0273427
    [TranDate] => 20230711112932
    [ErrCode] => 
    [ErrInfo] => 
    [PayType] => 0
    [CvsCode] => 
    [CvsConfNo] => 
    [CvsReceiptNo] => 
    [EdyReceiptNo] => 
    [EdyOrderNo] => 
    [SuicaReceiptNo] => 
    [SuicaOrderNo] => 
    [CustID] => 
    [BkCode] => 
    [ConfNo] => 
    [PaymentTerm] => 
    [EncryptReceiptNo] => 
    [FinishDate] => 
    [ReceiptDate] => 
    [WebMoneyManagementNo] => 
    [WebMoneySettleCode] => 
    [AuPayInfoNo] => 
    [AuPayMethod] => 
    [AuCancelAmount] => 
    [AuCancelTax] => 
    [DocomoSettlementCode] => 
    [DocomoCancelAmount] => 
    [DocomoCancelTax] => 
    [pay_status] => 13
)
 from 210.175.7.20
2023/07/11 11:29:37 [/shop/user_data/pg_mulpay_recv.php] response:true from 210.175.7.20
2023/07/11 11:38:04 [/shop/shopping/load_payment_module.php] SendRequest:https://p01.mul-pay.jp/payment/SearchMember.idPass from 92.203.18.218
2023/07/11 11:38:04 [/shop/shopping/load_payment_module.php] Array
(
    [SiteID] => mst0000007602
    [SitePass] => ******
    [MemberID] => 3060
)
 from 92.203.18.218
2023/07/11 11:38:04 [/shop/shopping/load_payment_module.php] ErrCode=E01&ErrInfo=E01390002 from 92.203.18.218
2023/07/11 11:38:04 [/shop/shopping/load_payment_module.php] Array
(
    [0] => Array
        (
            [ErrCode] => E01
            [ErrInfo] => E01390002
        )

)
 from 92.203.18.218
2023/07/11 11:38:04 [/shop/shopping/load_payment_module.php] SendRequest:https://p01.mul-pay.jp/payment/SearchCard.idPass from 92.203.18.218
2023/07/11 11:38:04 [/shop/shopping/load_payment_module.php] Array
(
    [SiteID] => mst0000007602
    [SitePass] => ******
    [MemberID] => 3060
)
 from 92.203.18.218
2023/07/11 11:38:04 [/shop/shopping/load_payment_module.php] ErrCode=E01|E01&ErrInfo=E01390002|E01240002 from 92.203.18.218
2023/07/11 11:38:04 [/shop/shopping/load_payment_module.php] Array
(
    [0] => Array
        (
            [ErrCode] => E01
            [ErrInfo] => E01390002
        )

    [1] => Array
        (
            [ErrCode] => E01
            [ErrInfo] => E01240002
        )

)
 from 92.203.18.218
2023/07/11 11:38:33 [/shop/shopping/load_payment_module.php] SendRequest:https://p01.mul-pay.jp/payment/SearchMember.idPass from 92.203.18.218
2023/07/11 11:38:33 [/shop/shopping/load_payment_module.php] Array
(
    [SiteID] => mst0000007602
    [SitePass] => ******
    [MemberID] => 3060
)
 from 92.203.18.218
2023/07/11 11:38:33 [/shop/shopping/load_payment_module.php] ErrCode=E01&ErrInfo=E01390002 from 92.203.18.218
2023/07/11 11:38:33 [/shop/shopping/load_payment_module.php] Array
(
    [0] => Array
        (
            [ErrCode] => E01
            [ErrInfo] => E01390002
        )

)
 from 92.203.18.218
2023/07/11 11:38:33 [/shop/shopping/load_payment_module.php] SendRequest:https://p01.mul-pay.jp/payment/SearchCard.idPass from 92.203.18.218
2023/07/11 11:38:33 [/shop/shopping/load_payment_module.php] Array
(
    [SiteID] => mst0000007602
    [SitePass] => ******
    [MemberID] => 3060
)
 from 92.203.18.218
2023/07/11 11:38:33 [/shop/shopping/load_payment_module.php] ErrCode=E01|E01&ErrInfo=E01390002|E01240002 from 92.203.18.218
2023/07/11 11:38:33 [/shop/shopping/load_payment_module.php] Array
(
    [0] => Array
        (
            [ErrCode] => E01
            [ErrInfo] => E01390002
        )

    [1] => Array
        (
            [ErrCode] => E01
            [ErrInfo] => E01240002
        )

)
 from 92.203.18.218
2023/07/11 11:38:33 [/shop/shopping/load_payment_module.php] SendRequest:https://p01.mul-pay.jp/payment/EntryTran.idPass from 92.203.18.218
2023/07/11 11:38:33 [/shop/shopping/load_payment_module.php] Array
(
    [ShopID] => 9000034600950
    [ShopPass] => ******
    [OrderID] => 952828-11113833
    [JobCd] => CAPTURE
    [Amount] => 22000
    [TdFlag] => 0
    [TdTenantName] => 
)
 from 92.203.18.218
2023/07/11 11:38:33 [/shop/shopping/load_payment_module.php] AccessID=2f1deadff89b07ec6eb8b41790dd35cd&AccessPass=531cbb4fe065a4cf15ef92a2d4a08c6d from 92.203.18.218
2023/07/11 11:38:33 [/shop/shopping/load_payment_module.php] Array
(
    [0] => Array
        (
            [AccessID] => 2f1deadff89b07ec6eb8b41790dd35cd
            [AccessPass] => 531cbb4fe065a4cf15ef92a2d4a08c6d
        )

)
 from 92.203.18.218
2023/07/11 11:38:33 [/shop/shopping/load_payment_module.php] load_payment_module.php set payment data:Array
(
    [AccessID] => 2f1deadff89b07ec6eb8b41790dd35cd
    [AccessPass] => 531cbb4fe065a4cf15ef92a2d4a08c6d
    [OrderID] => 952828-11113833
    [Amount] => 22000
    [JobCd] => CAPTURE
    [action_status] => 1
    [pay_status] => 0
)
 from 92.203.18.218
2023/07/11 11:38:33 [/shop/shopping/load_payment_module.php] SendRequest:https://p01.mul-pay.jp/payment/ExecTran.idPass from 92.203.18.218
2023/07/11 11:38:33 [/shop/shopping/load_payment_module.php] Array
(
    [AccessID] => 2f1deadff89b07ec6eb8b41790dd35cd
    [AccessPass] => 531cbb4fe065a4cf15ef92a2d4a08c6d
    [OrderID] => 952828-11113833
    [Method] => 1
    [Token] => 1245d188cac28087cce2238bb55e788880cc017b216c2bf4a04f490600f31e8a
    [ClientField1] => 
    [ClientField2] => 
    [ClientField3] => EC-CUBE4.3.35
)
 from 92.203.18.218
2023/07/11 11:38:34 [/shop/shopping/load_payment_module.php] ACS=0&OrderID=952828-11113833&Forward=2S49631&Method=1&PayTimes=&Approve=0766284&TranID=2307111138602257210134161831&TranDate=20230711113834&CheckString=93938e9041c35b5b1bf5848d369041bf from 92.203.18.218
2023/07/11 11:38:34 [/shop/shopping/load_payment_module.php] Array
(
    [0] => Array
        (
            [ACS] => 0
            [OrderID] => 952828-11113833
            [Forward] => 2S49631
            [Method] => 1
            [PayTimes] => 
            [Approve] => 0766284
            [TranID] => 2307111138602257210134161831
            [TranDate] => 20230711113834
            [CheckString] => 93938e9041c35b5b1bf5848d369041bf
        )

)
 from 92.203.18.218
2023/07/11 11:38:34 [/shop/shopping/load_payment_module.php] load_payment_module.php set payment data:Array
(
    [ACS] => 0
    [Forward] => 2S49631
    [Method] => 1
    [PayTimes] => 
    [Approve] => 0766284
    [TranID] => 2307111138602257210134161831
    [TranDate] => 20230711113834
    [CheckString] => 93938e9041c35b5b1bf5848d369041bf
    [Amount] => 22000
    [JobCd] => CAPTURE
    [action_status] => 3
    [pay_status] => 13
)
 from 92.203.18.218
2023/07/11 11:38:34 [/shop/user_data/pg_mulpay_recv.php] ******* receiveer data start ******* from 210.175.7.20
2023/07/11 11:38:34 [/shop/user_data/pg_mulpay_recv.php] Array
(
    [ShopID] => 9000034600950
    [ShopPass] => **********
    [AccessID] => 2f1deadff89b07ec6eb8b41790dd35cd
    [AccessPass] => ********************************
    [OrderID] => 952828-11113833
    [Status] => CAPTURE
    [JobCd] => CAPTURE
    [Amount] => 22000
    [Tax] => 0
    [Currency] => JPN
    [Forward] => 2S49631
    [Method] => 1
    [PayTimes] => 
    [TranID] => 2307111138602257210134161831
    [Approve] => 0766284
    [TranDate] => 20230711113834
    [ErrCode] => 
    [ErrInfo] => 
    [PayType] => 0
)
 from 210.175.7.20
2023/07/11 11:38:34 [/shop/user_data/pg_mulpay_recv.php] ******* receiveer data end ******* from 210.175.7.20
2023/07/11 11:38:39 [/shop/user_data/pg_mulpay_recv.php] update order status:1 order_id=952828 from 210.175.7.20
2023/07/11 11:38:39 [/shop/user_data/pg_mulpay_recv.php] pg_mulpay_recv.php set payment data:Array
(
    [ShopID] => 9000034600950
    [AccessID] => 2f1deadff89b07ec6eb8b41790dd35cd
    [OrderID] => 952828-11113833
    [Status] => CAPTURE
    [JobCd] => CAPTURE
    [Amount] => 22000
    [Tax] => 0
    [Currency] => JPN
    [Forward] => 2S49631
    [Method] => 1
    [PayTimes] => 
    [TranID] => 2307111138602257210134161831
    [Approve] => 0766284
    [TranDate] => 20230711113834
    [ErrCode] => 
    [ErrInfo] => 
    [PayType] => 0
    [CvsCode] => 
    [CvsConfNo] => 
    [CvsReceiptNo] => 
    [EdyReceiptNo] => 
    [EdyOrderNo] => 
    [SuicaReceiptNo] => 
    [SuicaOrderNo] => 
    [CustID] => 
    [BkCode] => 
    [ConfNo] => 
    [PaymentTerm] => 
    [EncryptReceiptNo] => 
    [FinishDate] => 
    [ReceiptDate] => 
    [WebMoneyManagementNo] => 
    [WebMoneySettleCode] => 
    [AuPayInfoNo] => 
    [AuPayMethod] => 
    [AuCancelAmount] => 
    [AuCancelTax] => 
    [DocomoSettlementCode] => 
    [DocomoCancelAmount] => 
    [DocomoCancelTax] => 
    [pay_status] => 13
)
 from 210.175.7.20
2023/07/11 11:38:39 [/shop/user_data/pg_mulpay_recv.php] response:true from 210.175.7.20
2023/07/11 11:58:42 [/shop/shopping/load_payment_module.php] SendRequest:https://p01.mul-pay.jp/payment/SearchMember.idPass from 92.203.18.218
2023/07/11 11:58:42 [/shop/shopping/load_payment_module.php] Array
(
    [SiteID] => mst0000007602
    [SitePass] => ******
    [MemberID] => 3060
)
 from 92.203.18.218
2023/07/11 11:58:42 [/shop/shopping/load_payment_module.php] ErrCode=E01&ErrInfo=E01390002 from 92.203.18.218
2023/07/11 11:58:42 [/shop/shopping/load_payment_module.php] Array
(
    [0] => Array
        (
            [ErrCode] => E01
            [ErrInfo] => E01390002
        )

)
 from 92.203.18.218
2023/07/11 11:58:42 [/shop/shopping/load_payment_module.php] SendRequest:https://p01.mul-pay.jp/payment/SearchCard.idPass from 92.203.18.218
2023/07/11 11:58:42 [/shop/shopping/load_payment_module.php] Array
(
    [SiteID] => mst0000007602
    [SitePass] => ******
    [MemberID] => 3060
)
 from 92.203.18.218
2023/07/11 11:58:42 [/shop/shopping/load_payment_module.php] ErrCode=E01|E01&ErrInfo=E01390002|E01240002 from 92.203.18.218
2023/07/11 11:58:42 [/shop/shopping/load_payment_module.php] Array
(
    [0] => Array
        (
            [ErrCode] => E01
            [ErrInfo] => E01390002
        )

    [1] => Array
        (
            [ErrCode] => E01
            [ErrInfo] => E01240002
        )

)
 from 92.203.18.218
2023/07/11 11:59:10 [/shop/shopping/load_payment_module.php] SendRequest:https://p01.mul-pay.jp/payment/SearchMember.idPass from 92.203.18.218
2023/07/11 11:59:10 [/shop/shopping/load_payment_module.php] Array
(
    [SiteID] => mst0000007602
    [SitePass] => ******
    [MemberID] => 3060
)
 from 92.203.18.218
2023/07/11 11:59:11 [/shop/shopping/load_payment_module.php] ErrCode=E01&ErrInfo=E01390002 from 92.203.18.218
2023/07/11 11:59:11 [/shop/shopping/load_payment_module.php] Array
(
    [0] => Array
        (
            [ErrCode] => E01
            [ErrInfo] => E01390002
        )

)
 from 92.203.18.218
2023/07/11 11:59:11 [/shop/shopping/load_payment_module.php] SendRequest:https://p01.mul-pay.jp/payment/SearchCard.idPass from 92.203.18.218
2023/07/11 11:59:11 [/shop/shopping/load_payment_module.php] Array
(
    [SiteID] => mst0000007602
    [SitePass] => ******
    [MemberID] => 3060
)
 from 92.203.18.218
2023/07/11 11:59:11 [/shop/shopping/load_payment_module.php] ErrCode=E01|E01&ErrInfo=E01390002|E01240002 from 92.203.18.218
2023/07/11 11:59:11 [/shop/shopping/load_payment_module.php] Array
(
    [0] => Array
        (
            [ErrCode] => E01
            [ErrInfo] => E01390002
        )

    [1] => Array
        (
            [ErrCode] => E01
            [ErrInfo] => E01240002
        )

)
 from 92.203.18.218
2023/07/11 11:59:11 [/shop/shopping/load_payment_module.php] SendRequest:https://p01.mul-pay.jp/payment/EntryTran.idPass from 92.203.18.218
2023/07/11 11:59:11 [/shop/shopping/load_payment_module.php] Array
(
    [ShopID] => 9000034600950
    [ShopPass] => ******
    [OrderID] => 952829-11115911
    [JobCd] => CAPTURE
    [Amount] => 18300
    [TdFlag] => 0
    [TdTenantName] => 
)
 from 92.203.18.218
2023/07/11 11:59:11 [/shop/shopping/load_payment_module.php] AccessID=c242462994204a56274c032a4388454a&AccessPass=6934eb322305140cb06f0777123b72ee from 92.203.18.218
2023/07/11 11:59:11 [/shop/shopping/load_payment_module.php] Array
(
    [0] => Array
        (
            [AccessID] => c242462994204a56274c032a4388454a
            [AccessPass] => 6934eb322305140cb06f0777123b72ee
        )

)
 from 92.203.18.218
2023/07/11 11:59:11 [/shop/shopping/load_payment_module.php] load_payment_module.php set payment data:Array
(
    [AccessID] => c242462994204a56274c032a4388454a
    [AccessPass] => 6934eb322305140cb06f0777123b72ee
    [OrderID] => 952829-11115911
    [Amount] => 18300
    [JobCd] => CAPTURE
    [action_status] => 1
    [pay_status] => 0
)
 from 92.203.18.218
2023/07/11 11:59:11 [/shop/shopping/load_payment_module.php] SendRequest:https://p01.mul-pay.jp/payment/ExecTran.idPass from 92.203.18.218
2023/07/11 11:59:11 [/shop/shopping/load_payment_module.php] Array
(
    [AccessID] => c242462994204a56274c032a4388454a
    [AccessPass] => 6934eb322305140cb06f0777123b72ee
    [OrderID] => 952829-11115911
    [Method] => 1
    [Token] => d58b8d1d87f816629ad05e8a5b8e84921e222de29a3b5a19e50034e103111866
    [ClientField1] => 
    [ClientField2] => 
    [ClientField3] => EC-CUBE4.3.35
)
 from 92.203.18.218
2023/07/11 11:59:12 [/shop/shopping/load_payment_module.php] ACS=0&OrderID=952829-11115911&Forward=2S49631&Method=1&PayTimes=&Approve=0425797&TranID=2307111159602257210134181846&TranDate=20230711115912&CheckString=1fe4f00984190d34c596558fcc7f7b13 from 92.203.18.218
2023/07/11 11:59:12 [/shop/shopping/load_payment_module.php] Array
(
    [0] => Array
        (
            [ACS] => 0
            [OrderID] => 952829-11115911
            [Forward] => 2S49631
            [Method] => 1
            [PayTimes] => 
            [Approve] => 0425797
            [TranID] => 2307111159602257210134181846
            [TranDate] => 20230711115912
            [CheckString] => 1fe4f00984190d34c596558fcc7f7b13
        )

)
 from 92.203.18.218
2023/07/11 11:59:12 [/shop/shopping/load_payment_module.php] load_payment_module.php set payment data:Array
(
    [ACS] => 0
    [Forward] => 2S49631
    [Method] => 1
    [PayTimes] => 
    [Approve] => 0425797
    [TranID] => 2307111159602257210134181846
    [TranDate] => 20230711115912
    [CheckString] => 1fe4f00984190d34c596558fcc7f7b13
    [Amount] => 18300
    [JobCd] => CAPTURE
    [action_status] => 3
    [pay_status] => 13
)
 from 92.203.18.218
2023/07/11 11:59:12 [/shop/user_data/pg_mulpay_recv.php] ******* receiveer data start ******* from 210.175.7.20
2023/07/11 11:59:12 [/shop/user_data/pg_mulpay_recv.php] Array
(
    [ShopID] => 9000034600950
    [ShopPass] => **********
    [AccessID] => c242462994204a56274c032a4388454a
    [AccessPass] => ********************************
    [OrderID] => 952829-11115911
    [Status] => CAPTURE
    [JobCd] => CAPTURE
    [Amount] => 18300
    [Tax] => 0
    [Currency] => JPN
    [Forward] => 2S49631
    [Method] => 1
    [PayTimes] => 
    [TranID] => 2307111159602257210134181846
    [Approve] => 0425797
    [TranDate] => 20230711115912
    [ErrCode] => 
    [ErrInfo] => 
    [PayType] => 0
)
 from 210.175.7.20
2023/07/11 11:59:12 [/shop/user_data/pg_mulpay_recv.php] ******* receiveer data end ******* from 210.175.7.20
2023/07/11 11:59:17 [/shop/user_data/pg_mulpay_recv.php] update order status:1 order_id=952829 from 210.175.7.20
2023/07/11 11:59:17 [/shop/user_data/pg_mulpay_recv.php] pg_mulpay_recv.php set payment data:Array
(
    [ShopID] => 9000034600950
    [AccessID] => c242462994204a56274c032a4388454a
    [OrderID] => 952829-11115911
    [Status] => CAPTURE
    [JobCd] => CAPTURE
    [Amount] => 18300
    [Tax] => 0
    [Currency] => JPN
    [Forward] => 2S49631
    [Method] => 1
    [PayTimes] => 
    [TranID] => 2307111159602257210134181846
    [Approve] => 0425797
    [TranDate] => 20230711115912
    [ErrCode] => 
    [ErrInfo] => 
    [PayType] => 0
    [CvsCode] => 
    [CvsConfNo] => 
    [CvsReceiptNo] => 
    [EdyReceiptNo] => 
    [EdyOrderNo] => 
    [SuicaReceiptNo] => 
    [SuicaOrderNo] => 
    [CustID] => 
    [BkCode] => 
    [ConfNo] => 
    [PaymentTerm] => 
    [EncryptReceiptNo] => 
    [FinishDate] => 
    [ReceiptDate] => 
    [WebMoneyManagementNo] => 
    [WebMoneySettleCode] => 
    [AuPayInfoNo] => 
    [AuPayMethod] => 
    [AuCancelAmount] => 
    [AuCancelTax] => 
    [DocomoSettlementCode] => 
    [DocomoCancelAmount] => 
    [DocomoCancelTax] => 
    [pay_status] => 13
)
 from 210.175.7.20
2023/07/11 11:59:17 [/shop/user_data/pg_mulpay_recv.php] response:true from 210.175.7.20
2023/07/11 12:05:53 [/shop/shopping/load_payment_module.php] SendRequest:https://p01.mul-pay.jp/payment/SearchMember.idPass from 92.203.18.218
2023/07/11 12:05:53 [/shop/shopping/load_payment_module.php] Array
(
    [SiteID] => mst0000007602
    [SitePass] => ******
    [MemberID] => 3060
)
 from 92.203.18.218
2023/07/11 12:05:53 [/shop/shopping/load_payment_module.php] ErrCode=E01&ErrInfo=E01390002 from 92.203.18.218
2023/07/11 12:05:53 [/shop/shopping/load_payment_module.php] Array
(
    [0] => Array
        (
            [ErrCode] => E01
            [ErrInfo] => E01390002
        )

)
 from 92.203.18.218
2023/07/11 12:05:53 [/shop/shopping/load_payment_module.php] SendRequest:https://p01.mul-pay.jp/payment/SearchCard.idPass from 92.203.18.218
2023/07/11 12:05:53 [/shop/shopping/load_payment_module.php] Array
(
    [SiteID] => mst0000007602
    [SitePass] => ******
    [MemberID] => 3060
)
 from 92.203.18.218
2023/07/11 12:05:53 [/shop/shopping/load_payment_module.php] ErrCode=E01|E01&ErrInfo=E01390002|E01240002 from 92.203.18.218
2023/07/11 12:05:53 [/shop/shopping/load_payment_module.php] Array
(
    [0] => Array
        (
            [ErrCode] => E01
            [ErrInfo] => E01390002
        )

    [1] => Array
        (
            [ErrCode] => E01
            [ErrInfo] => E01240002
        )

)
 from 92.203.18.218
2023/07/11 12:06:32 [/shop/shopping/load_payment_module.php] SendRequest:https://p01.mul-pay.jp/payment/SearchMember.idPass from 92.203.18.218
2023/07/11 12:06:32 [/shop/shopping/load_payment_module.php] Array
(
    [SiteID] => mst0000007602
    [SitePass] => ******
    [MemberID] => 3060
)
 from 92.203.18.218
2023/07/11 12:06:32 [/shop/shopping/load_payment_module.php] ErrCode=E01&ErrInfo=E01390002 from 92.203.18.218
2023/07/11 12:06:32 [/shop/shopping/load_payment_module.php] Array
(
    [0] => Array
        (
            [ErrCode] => E01
            [ErrInfo] => E01390002
        )

)
 from 92.203.18.218
2023/07/11 12:06:32 [/shop/shopping/load_payment_module.php] SendRequest:https://p01.mul-pay.jp/payment/SearchCard.idPass from 92.203.18.218
2023/07/11 12:06:32 [/shop/shopping/load_payment_module.php] Array
(
    [SiteID] => mst0000007602
    [SitePass] => ******
    [MemberID] => 3060
)
 from 92.203.18.218
2023/07/11 12:06:32 [/shop/shopping/load_payment_module.php] ErrCode=E01|E01&ErrInfo=E01390002|E01240002 from 92.203.18.218
2023/07/11 12:06:32 [/shop/shopping/load_payment_module.php] Array
(
    [0] => Array
        (
            [ErrCode] => E01
            [ErrInfo] => E01390002
        )

    [1] => Array
        (
            [ErrCode] => E01
            [ErrInfo] => E01240002
        )

)
 from 92.203.18.218
2023/07/11 12:06:32 [/shop/shopping/load_payment_module.php] SendRequest:https://p01.mul-pay.jp/payment/EntryTran.idPass from 92.203.18.218
2023/07/11 12:06:32 [/shop/shopping/load_payment_module.php] Array
(
    [ShopID] => 9000034600950
    [ShopPass] => ******
    [OrderID] => 952830-11120632
    [JobCd] => CAPTURE
    [Amount] => 7350
    [TdFlag] => 0
    [TdTenantName] => 
)
 from 92.203.18.218
2023/07/11 12:06:32 [/shop/shopping/load_payment_module.php] AccessID=013ef1d790ce995ae9936f7beee14df9&AccessPass=9faaf74c12ecca2e3607400e6af3bbbd from 92.203.18.218
2023/07/11 12:06:32 [/shop/shopping/load_payment_module.php] Array
(
    [0] => Array
        (
            [AccessID] => 013ef1d790ce995ae9936f7beee14df9
            [AccessPass] => 9faaf74c12ecca2e3607400e6af3bbbd
        )

)
 from 92.203.18.218
2023/07/11 12:06:32 [/shop/shopping/load_payment_module.php] load_payment_module.php set payment data:Array
(
    [AccessID] => 013ef1d790ce995ae9936f7beee14df9
    [AccessPass] => 9faaf74c12ecca2e3607400e6af3bbbd
    [OrderID] => 952830-11120632
    [Amount] => 7350
    [JobCd] => CAPTURE
    [action_status] => 1
    [pay_status] => 0
)
 from 92.203.18.218
2023/07/11 12:06:32 [/shop/shopping/load_payment_module.php] SendRequest:https://p01.mul-pay.jp/payment/ExecTran.idPass from 92.203.18.218
2023/07/11 12:06:32 [/shop/shopping/load_payment_module.php] Array
(
    [AccessID] => 013ef1d790ce995ae9936f7beee14df9
    [AccessPass] => 9faaf74c12ecca2e3607400e6af3bbbd
    [OrderID] => 952830-11120632
    [Method] => 1
    [Token] => b572cee29756d918b4bd5d5a2e2a144cf1920277ad59140736bf2116bab1b7f8
    [ClientField1] => 
    [ClientField2] => 
    [ClientField3] => EC-CUBE4.3.35
)
 from 92.203.18.218
2023/07/11 12:06:33 [/shop/shopping/load_payment_module.php] ACS=0&OrderID=952830-11120632&Forward=2S49631&Method=1&PayTimes=&Approve=0483007&TranID=2307111206602257210134171773&TranDate=20230711120633&CheckString=0d88a434ee86273af794cd3cef0fff48 from 92.203.18.218
2023/07/11 12:06:33 [/shop/shopping/load_payment_module.php] Array
(
    [0] => Array
        (
            [ACS] => 0
            [OrderID] => 952830-11120632
            [Forward] => 2S49631
            [Method] => 1
            [PayTimes] => 
            [Approve] => 0483007
            [TranID] => 2307111206602257210134171773
            [TranDate] => 20230711120633
            [CheckString] => 0d88a434ee86273af794cd3cef0fff48
        )

)
 from 92.203.18.218
2023/07/11 12:06:33 [/shop/shopping/load_payment_module.php] load_payment_module.php set payment data:Array
(
    [ACS] => 0
    [Forward] => 2S49631
    [Method] => 1
    [PayTimes] => 
    [Approve] => 0483007
    [TranID] => 2307111206602257210134171773
    [TranDate] => 20230711120633
    [CheckString] => 0d88a434ee86273af794cd3cef0fff48
    [Amount] => 7350
    [JobCd] => CAPTURE
    [action_status] => 3
    [pay_status] => 13
)
 from 92.203.18.218
2023/07/11 12:06:33 [/shop/user_data/pg_mulpay_recv.php] ******* receiveer data start ******* from 210.175.7.20
2023/07/11 12:06:33 [/shop/user_data/pg_mulpay_recv.php] Array
(
    [ShopID] => 9000034600950
    [ShopPass] => **********
    [AccessID] => 013ef1d790ce995ae9936f7beee14df9
    [AccessPass] => ********************************
    [OrderID] => 952830-11120632
    [Status] => CAPTURE
    [JobCd] => CAPTURE
    [Amount] => 7350
    [Tax] => 0
    [Currency] => JPN
    [Forward] => 2S49631
    [Method] => 1
    [PayTimes] => 
    [TranID] => 2307111206602257210134171773
    [Approve] => 0483007
    [TranDate] => 20230711120633
    [ErrCode] => 
    [ErrInfo] => 
    [PayType] => 0
)
 from 210.175.7.20
2023/07/11 12:06:33 [/shop/user_data/pg_mulpay_recv.php] ******* receiveer data end ******* from 210.175.7.20
2023/07/11 12:06:38 [/shop/user_data/pg_mulpay_recv.php] update order status:1 order_id=952830 from 210.175.7.20
2023/07/11 12:06:38 [/shop/user_data/pg_mulpay_recv.php] pg_mulpay_recv.php set payment data:Array
(
    [ShopID] => 9000034600950
    [AccessID] => 013ef1d790ce995ae9936f7beee14df9
    [OrderID] => 952830-11120632
    [Status] => CAPTURE
    [JobCd] => CAPTURE
    [Amount] => 7350
    [Tax] => 0
    [Currency] => JPN
    [Forward] => 2S49631
    [Method] => 1
    [PayTimes] => 
    [TranID] => 2307111206602257210134171773
    [Approve] => 0483007
    [TranDate] => 20230711120633
    [ErrCode] => 
    [ErrInfo] => 
    [PayType] => 0
    [CvsCode] => 
    [CvsConfNo] => 
    [CvsReceiptNo] => 
    [EdyReceiptNo] => 
    [EdyOrderNo] => 
    [SuicaReceiptNo] => 
    [SuicaOrderNo] => 
    [CustID] => 
    [BkCode] => 
    [ConfNo] => 
    [PaymentTerm] => 
    [EncryptReceiptNo] => 
    [FinishDate] => 
    [ReceiptDate] => 
    [WebMoneyManagementNo] => 
    [WebMoneySettleCode] => 
    [AuPayInfoNo] => 
    [AuPayMethod] => 
    [AuCancelAmount] => 
    [AuCancelTax] => 
    [DocomoSettlementCode] => 
    [DocomoCancelAmount] => 
    [DocomoCancelTax] => 
    [pay_status] => 13
)
 from 210.175.7.20
2023/07/11 12:06:38 [/shop/user_data/pg_mulpay_recv.php] response:true from 210.175.7.20
2023/07/11 13:10:16 [/shop/shopping/load_payment_module.php] SendRequest:https://p01.mul-pay.jp/payment/SearchMember.idPass from 142.184.125.172
2023/07/11 13:10:16 [/shop/shopping/load_payment_module.php] Array
(
    [SiteID] => mst0000007602
    [SitePass] => ******
    [MemberID] => 11923
)
 from 142.184.125.172
2023/07/11 13:10:16 [/shop/shopping/load_payment_module.php] ErrCode=E01&ErrInfo=E01390002 from 142.184.125.172
2023/07/11 13:10:16 [/shop/shopping/load_payment_module.php] Array
(
    [0] => Array
        (
            [ErrCode] => E01
            [ErrInfo] => E01390002
        )

)
 from 142.184.125.172
2023/07/11 13:10:16 [/shop/shopping/load_payment_module.php] SendRequest:https://p01.mul-pay.jp/payment/SearchCard.idPass from 142.184.125.172
2023/07/11 13:10:16 [/shop/shopping/load_payment_module.php] Array
(
    [SiteID] => mst0000007602
    [SitePass] => ******
    [MemberID] => 11923
)
 from 142.184.125.172
2023/07/11 13:10:16 [/shop/shopping/load_payment_module.php] ErrCode=E01|E01&ErrInfo=E01390002|E01240002 from 142.184.125.172
2023/07/11 13:10:16 [/shop/shopping/load_payment_module.php] Array
(
    [0] => Array
        (
            [ErrCode] => E01
            [ErrInfo] => E01390002
        )

    [1] => Array
        (
            [ErrCode] => E01
            [ErrInfo] => E01240002
        )

)
 from 142.184.125.172
2023/07/11 13:10:56 [/shop/shopping/load_payment_module.php] SendRequest:https://p01.mul-pay.jp/payment/SearchMember.idPass from 142.184.125.172
2023/07/11 13:10:56 [/shop/shopping/load_payment_module.php] Array
(
    [SiteID] => mst0000007602
    [SitePass] => ******
    [MemberID] => 11923
)
 from 142.184.125.172
2023/07/11 13:10:56 [/shop/shopping/load_payment_module.php] ErrCode=E01&ErrInfo=E01390002 from 142.184.125.172
2023/07/11 13:10:56 [/shop/shopping/load_payment_module.php] Array
(
    [0] => Array
        (
            [ErrCode] => E01
            [ErrInfo] => E01390002
        )

)
 from 142.184.125.172
2023/07/11 13:10:56 [/shop/shopping/load_payment_module.php] SendRequest:https://p01.mul-pay.jp/payment/SearchCard.idPass from 142.184.125.172
2023/07/11 13:10:56 [/shop/shopping/load_payment_module.php] Array
(
    [SiteID] => mst0000007602
    [SitePass] => ******
    [MemberID] => 11923
)
 from 142.184.125.172
2023/07/11 13:10:56 [/shop/shopping/load_payment_module.php] ErrCode=E01|E01&ErrInfo=E01390002|E01240002 from 142.184.125.172
2023/07/11 13:10:56 [/shop/shopping/load_payment_module.php] Array
(
    [0] => Array
        (
            [ErrCode] => E01
            [ErrInfo] => E01390002
        )

    [1] => Array
        (
            [ErrCode] => E01
            [ErrInfo] => E01240002
        )

)
 from 142.184.125.172
2023/07/11 13:10:56 [/shop/shopping/load_payment_module.php] SendRequest:https://p01.mul-pay.jp/payment/EntryTran.idPass from 142.184.125.172
2023/07/11 13:10:56 [/shop/shopping/load_payment_module.php] Array
(
    [ShopID] => 9000034600950
    [ShopPass] => ******
    [OrderID] => 952832-11131056
    [JobCd] => CAPTURE
    [Amount] => 9200
    [TdFlag] => 0
    [TdTenantName] => 
)
 from 142.184.125.172
2023/07/11 13:10:56 [/shop/shopping/load_payment_module.php] AccessID=02174bc09f8a872af605a0db30b362ba&AccessPass=67fcd36a31fb6a782b4326b097a621a9 from 142.184.125.172
2023/07/11 13:10:56 [/shop/shopping/load_payment_module.php] Array
(
    [0] => Array
        (
            [AccessID] => 02174bc09f8a872af605a0db30b362ba
            [AccessPass] => 67fcd36a31fb6a782b4326b097a621a9
        )

)
 from 142.184.125.172
2023/07/11 13:10:56 [/shop/shopping/load_payment_module.php] load_payment_module.php set payment data:Array
(
    [AccessID] => 02174bc09f8a872af605a0db30b362ba
    [AccessPass] => 67fcd36a31fb6a782b4326b097a621a9
    [OrderID] => 952832-11131056
    [Amount] => 9200
    [JobCd] => CAPTURE
    [action_status] => 1
    [pay_status] => 0
)
 from 142.184.125.172
2023/07/11 13:10:56 [/shop/shopping/load_payment_module.php] SendRequest:https://p01.mul-pay.jp/payment/ExecTran.idPass from 142.184.125.172
2023/07/11 13:10:56 [/shop/shopping/load_payment_module.php] Array
(
    [AccessID] => 02174bc09f8a872af605a0db30b362ba
    [AccessPass] => 67fcd36a31fb6a782b4326b097a621a9
    [OrderID] => 952832-11131056
    [Method] => 1
    [Token] => d6a6c5eeec75c33895a41a40d5f03bdb66c588a3184e9e27944638609ebad352
    [ClientField1] => 
    [ClientField2] => 
    [ClientField3] => EC-CUBE4.3.35
)
 from 142.184.125.172
2023/07/11 13:10:57 [/shop/shopping/load_payment_module.php] ACS=0&OrderID=952832-11131056&Forward=2S49631&Method=1&PayTimes=&Approve=0001653&TranID=2307111310602257210134151829&TranDate=20230711131057&CheckString=42ee2c390d3c507eafb09239c8ef1223 from 142.184.125.172
2023/07/11 13:10:57 [/shop/shopping/load_payment_module.php] Array
(
    [0] => Array
        (
            [ACS] => 0
            [OrderID] => 952832-11131056
            [Forward] => 2S49631
            [Method] => 1
            [PayTimes] => 
            [Approve] => 0001653
            [TranID] => 2307111310602257210134151829
            [TranDate] => 20230711131057
            [CheckString] => 42ee2c390d3c507eafb09239c8ef1223
        )

)
 from 142.184.125.172
2023/07/11 13:10:57 [/shop/shopping/load_payment_module.php] load_payment_module.php set payment data:Array
(
    [ACS] => 0
    [Forward] => 2S49631
    [Method] => 1
    [PayTimes] => 
    [Approve] => 0001653
    [TranID] => 2307111310602257210134151829
    [TranDate] => 20230711131057
    [CheckString] => 42ee2c390d3c507eafb09239c8ef1223
    [Amount] => 9200
    [JobCd] => CAPTURE
    [action_status] => 3
    [pay_status] => 13
)
 from 142.184.125.172
2023/07/11 13:10:57 [/shop/user_data/pg_mulpay_recv.php] ******* receiveer data start ******* from 210.175.7.20
2023/07/11 13:10:57 [/shop/user_data/pg_mulpay_recv.php] Array
(
    [ShopID] => 9000034600950
    [ShopPass] => **********
    [AccessID] => 02174bc09f8a872af605a0db30b362ba
    [AccessPass] => ********************************
    [OrderID] => 952832-11131056
    [Status] => CAPTURE
    [JobCd] => CAPTURE
    [Amount] => 9200
    [Tax] => 0
    [Currency] => JPN
    [Forward] => 2S49631
    [Method] => 1
    [PayTimes] => 
    [TranID] => 2307111310602257210134151829
    [Approve] => 0001653
    [TranDate] => 20230711131057
    [ErrCode] => 
    [ErrInfo] => 
    [PayType] => 0
)
 from 210.175.7.20
2023/07/11 13:10:57 [/shop/user_data/pg_mulpay_recv.php] ******* receiveer data end ******* from 210.175.7.20
2023/07/11 13:11:02 [/shop/user_data/pg_mulpay_recv.php] update order status:1 order_id=952832 from 210.175.7.20
2023/07/11 13:11:02 [/shop/user_data/pg_mulpay_recv.php] pg_mulpay_recv.php set payment data:Array
(
    [ShopID] => 9000034600950
    [AccessID] => 02174bc09f8a872af605a0db30b362ba
    [OrderID] => 952832-11131056
    [Status] => CAPTURE
    [JobCd] => CAPTURE
    [Amount] => 9200
    [Tax] => 0
    [Currency] => JPN
    [Forward] => 2S49631
    [Method] => 1
    [PayTimes] => 
    [TranID] => 2307111310602257210134151829
    [Approve] => 0001653
    [TranDate] => 20230711131057
    [ErrCode] => 
    [ErrInfo] => 
    [PayType] => 0
    [CvsCode] => 
    [CvsConfNo] => 
    [CvsReceiptNo] => 
    [EdyReceiptNo] => 
    [EdyOrderNo] => 
    [SuicaReceiptNo] => 
    [SuicaOrderNo] => 
    [CustID] => 
    [BkCode] => 
    [ConfNo] => 
    [PaymentTerm] => 
    [EncryptReceiptNo] => 
    [FinishDate] => 
    [ReceiptDate] => 
    [WebMoneyManagementNo] => 
    [WebMoneySettleCode] => 
    [AuPayInfoNo] => 
    [AuPayMethod] => 
    [AuCancelAmount] => 
    [AuCancelTax] => 
    [DocomoSettlementCode] => 
    [DocomoCancelAmount] => 
    [DocomoCancelTax] => 
    [pay_status] => 13
)
 from 210.175.7.20
2023/07/11 13:11:02 [/shop/user_data/pg_mulpay_recv.php] response:true from 210.175.7.20
2023/07/11 13:35:13 [/shop/shopping/load_payment_module.php] SendRequest:https://p01.mul-pay.jp/payment/SearchMember.idPass from 153.242.8.0
2023/07/11 13:35:13 [/shop/shopping/load_payment_module.php] Array
(
    [SiteID] => mst0000007602
    [SitePass] => ******
    [MemberID] => 11924
)
 from 153.242.8.0
2023/07/11 13:35:13 [/shop/shopping/load_payment_module.php] ErrCode=E01&ErrInfo=E01390002 from 153.242.8.0
2023/07/11 13:35:13 [/shop/shopping/load_payment_module.php] Array
(
    [0] => Array
        (
            [ErrCode] => E01
            [ErrInfo] => E01390002
        )

)
 from 153.242.8.0
2023/07/11 13:35:13 [/shop/shopping/load_payment_module.php] SendRequest:https://p01.mul-pay.jp/payment/SearchCard.idPass from 153.242.8.0
2023/07/11 13:35:13 [/shop/shopping/load_payment_module.php] Array
(
    [SiteID] => mst0000007602
    [SitePass] => ******
    [MemberID] => 11924
)
 from 153.242.8.0
2023/07/11 13:35:13 [/shop/shopping/load_payment_module.php] ErrCode=E01|E01&ErrInfo=E01390002|E01240002 from 153.242.8.0
2023/07/11 13:35:13 [/shop/shopping/load_payment_module.php] Array
(
    [0] => Array
        (
            [ErrCode] => E01
            [ErrInfo] => E01390002
        )

    [1] => Array
        (
            [ErrCode] => E01
            [ErrInfo] => E01240002
        )

)
 from 153.242.8.0
2023/07/11 13:57:05 [/shop/shopping/load_payment_module.php] SendRequest:https://p01.mul-pay.jp/payment/SearchMember.idPass from 123.223.228.166
2023/07/11 13:57:05 [/shop/shopping/load_payment_module.php] Array
(
    [SiteID] => mst0000007602
    [SitePass] => ******
    [MemberID] => 11925
)
 from 123.223.228.166
2023/07/11 13:57:05 [/shop/shopping/load_payment_module.php] ErrCode=E01&ErrInfo=E01390002 from 123.223.228.166
2023/07/11 13:57:05 [/shop/shopping/load_payment_module.php] Array
(
    [0] => Array
        (
            [ErrCode] => E01
            [ErrInfo] => E01390002
        )

)
 from 123.223.228.166
2023/07/11 13:57:05 [/shop/shopping/load_payment_module.php] SendRequest:https://p01.mul-pay.jp/payment/SearchCard.idPass from 123.223.228.166
2023/07/11 13:57:05 [/shop/shopping/load_payment_module.php] Array
(
    [SiteID] => mst0000007602
    [SitePass] => ******
    [MemberID] => 11925
)
 from 123.223.228.166
2023/07/11 13:57:05 [/shop/shopping/load_payment_module.php] ErrCode=E01|E01&ErrInfo=E01390002|E01240002 from 123.223.228.166
2023/07/11 13:57:05 [/shop/shopping/load_payment_module.php] Array
(
    [0] => Array
        (
            [ErrCode] => E01
            [ErrInfo] => E01390002
        )

    [1] => Array
        (
            [ErrCode] => E01
            [ErrInfo] => E01240002
        )

)
 from 123.223.228.166
2023/07/11 13:59:07 [/shop/shopping/load_payment_module.php] SendRequest:https://p01.mul-pay.jp/payment/SearchMember.idPass from 123.223.228.166
2023/07/11 13:59:07 [/shop/shopping/load_payment_module.php] Array
(
    [SiteID] => mst0000007602
    [SitePass] => ******
    [MemberID] => 11925
)
 from 123.223.228.166
2023/07/11 13:59:07 [/shop/shopping/load_payment_module.php] ErrCode=E01&ErrInfo=E01390002 from 123.223.228.166
2023/07/11 13:59:07 [/shop/shopping/load_payment_module.php] Array
(
    [0] => Array
        (
            [ErrCode] => E01
            [ErrInfo] => E01390002
        )

)
 from 123.223.228.166
2023/07/11 13:59:07 [/shop/shopping/load_payment_module.php] SendRequest:https://p01.mul-pay.jp/payment/SearchCard.idPass from 123.223.228.166
2023/07/11 13:59:07 [/shop/shopping/load_payment_module.php] Array
(
    [SiteID] => mst0000007602
    [SitePass] => ******
    [MemberID] => 11925
)
 from 123.223.228.166
2023/07/11 13:59:07 [/shop/shopping/load_payment_module.php] ErrCode=E01|E01&ErrInfo=E01390002|E01240002 from 123.223.228.166
2023/07/11 13:59:07 [/shop/shopping/load_payment_module.php] Array
(
    [0] => Array
        (
            [ErrCode] => E01
            [ErrInfo] => E01390002
        )

    [1] => Array
        (
            [ErrCode] => E01
            [ErrInfo] => E01240002
        )

)
 from 123.223.228.166
2023/07/11 14:00:38 [/shop/shopping/load_payment_module.php] SendRequest:https://p01.mul-pay.jp/payment/SearchMember.idPass from 123.223.228.166
2023/07/11 14:00:38 [/shop/shopping/load_payment_module.php] Array
(
    [SiteID] => mst0000007602
    [SitePass] => ******
    [MemberID] => 11925
)
 from 123.223.228.166
2023/07/11 14:00:38 [/shop/shopping/load_payment_module.php] ErrCode=E01&ErrInfo=E01390002 from 123.223.228.166
2023/07/11 14:00:38 [/shop/shopping/load_payment_module.php] Array
(
    [0] => Array
        (
            [ErrCode] => E01
            [ErrInfo] => E01390002
        )

)
 from 123.223.228.166
2023/07/11 14:00:38 [/shop/shopping/load_payment_module.php] SendRequest:https://p01.mul-pay.jp/payment/SearchCard.idPass from 123.223.228.166
2023/07/11 14:00:38 [/shop/shopping/load_payment_module.php] Array
(
    [SiteID] => mst0000007602
    [SitePass] => ******
    [MemberID] => 11925
)
 from 123.223.228.166
2023/07/11 14:00:38 [/shop/shopping/load_payment_module.php] ErrCode=E01|E01&ErrInfo=E01390002|E01240002 from 123.223.228.166
2023/07/11 14:00:38 [/shop/shopping/load_payment_module.php] Array
(
    [0] => Array
        (
            [ErrCode] => E01
            [ErrInfo] => E01390002
        )

    [1] => Array
        (
            [ErrCode] => E01
            [ErrInfo] => E01240002
        )

)
 from 123.223.228.166
2023/07/11 14:03:37 [/shop/shopping/load_payment_module.php] SendRequest:https://p01.mul-pay.jp/payment/SearchMember.idPass from 123.223.228.166
2023/07/11 14:03:37 [/shop/shopping/load_payment_module.php] Array
(
    [SiteID] => mst0000007602
    [SitePass] => ******
    [MemberID] => 11925
)
 from 123.223.228.166
2023/07/11 14:03:37 [/shop/shopping/load_payment_module.php] ErrCode=E01&ErrInfo=E01390002 from 123.223.228.166
2023/07/11 14:03:37 [/shop/shopping/load_payment_module.php] Array
(
    [0] => Array
        (
            [ErrCode] => E01
            [ErrInfo] => E01390002
        )

)
 from 123.223.228.166
2023/07/11 14:03:37 [/shop/shopping/load_payment_module.php] SendRequest:https://p01.mul-pay.jp/payment/SearchCard.idPass from 123.223.228.166
2023/07/11 14:03:37 [/shop/shopping/load_payment_module.php] Array
(
    [SiteID] => mst0000007602
    [SitePass] => ******
    [MemberID] => 11925
)
 from 123.223.228.166
2023/07/11 14:03:37 [/shop/shopping/load_payment_module.php] ErrCode=E01|E01&ErrInfo=E01390002|E01240002 from 123.223.228.166
2023/07/11 14:03:37 [/shop/shopping/load_payment_module.php] Array
(
    [0] => Array
        (
            [ErrCode] => E01
            [ErrInfo] => E01390002
        )

    [1] => Array
        (
            [ErrCode] => E01
            [ErrInfo] => E01240002
        )

)
 from 123.223.228.166
2023/07/11 14:09:19 [/shop/shopping/load_payment_module.php] SendRequest:https://p01.mul-pay.jp/payment/EntryTran.idPass from 119.111.250.150
2023/07/11 14:09:19 [/shop/shopping/load_payment_module.php] Array
(
    [ShopID] => 9000034600950
    [ShopPass] => ******
    [OrderID] => 952835-11140919
    [JobCd] => CAPTURE
    [Amount] => 6600
    [TdFlag] => 0
    [TdTenantName] => 
)
 from 119.111.250.150
2023/07/11 14:09:19 [/shop/shopping/load_payment_module.php] AccessID=a3a51c0a2b24904f9d772c38711158ae&AccessPass=7eb9603a63e49ea00704fbbcd55b6d20 from 119.111.250.150
2023/07/11 14:09:19 [/shop/shopping/load_payment_module.php] Array
(
    [0] => Array
        (
            [AccessID] => a3a51c0a2b24904f9d772c38711158ae
            [AccessPass] => 7eb9603a63e49ea00704fbbcd55b6d20
        )

)
 from 119.111.250.150
2023/07/11 14:09:19 [/shop/shopping/load_payment_module.php] load_payment_module.php set payment data:Array
(
    [AccessID] => a3a51c0a2b24904f9d772c38711158ae
    [AccessPass] => 7eb9603a63e49ea00704fbbcd55b6d20
    [OrderID] => 952835-11140919
    [Amount] => 6600
    [JobCd] => CAPTURE
    [action_status] => 1
    [pay_status] => 0
)
 from 119.111.250.150
2023/07/11 14:09:19 [/shop/shopping/load_payment_module.php] SendRequest:https://p01.mul-pay.jp/payment/ExecTran.idPass from 119.111.250.150
2023/07/11 14:09:19 [/shop/shopping/load_payment_module.php] Array
(
    [AccessID] => a3a51c0a2b24904f9d772c38711158ae
    [AccessPass] => 7eb9603a63e49ea00704fbbcd55b6d20
    [OrderID] => 952835-11140919
    [Method] => 1
    [Token] => 0a425c6598d3b57c7590c91c306de8e04d1382a075af412b84feb510e1e8062e
    [ClientField1] => 
    [ClientField2] => 
    [ClientField3] => EC-CUBE4.3.35
)
 from 119.111.250.150
2023/07/11 14:09:21 [/shop/shopping/load_payment_module.php] ACS=0&OrderID=952835-11140919&Forward=2959876&Method=1&PayTimes=&Approve=0383445&TranID=2307111409602257210134161832&TranDate=20230711140921&CheckString=2379eb3e4da690799234fa9781c9f1b0 from 119.111.250.150
2023/07/11 14:09:21 [/shop/shopping/load_payment_module.php] Array
(
    [0] => Array
        (
            [ACS] => 0
            [OrderID] => 952835-11140919
            [Forward] => 2959876
            [Method] => 1
            [PayTimes] => 
            [Approve] => 0383445
            [TranID] => 2307111409602257210134161832
            [TranDate] => 20230711140921
            [CheckString] => 2379eb3e4da690799234fa9781c9f1b0
        )

)
 from 119.111.250.150
2023/07/11 14:09:21 [/shop/shopping/load_payment_module.php] load_payment_module.php set payment data:Array
(
    [ACS] => 0
    [Forward] => 2959876
    [Method] => 1
    [PayTimes] => 
    [Approve] => 0383445
    [TranID] => 2307111409602257210134161832
    [TranDate] => 20230711140921
    [CheckString] => 2379eb3e4da690799234fa9781c9f1b0
    [Amount] => 6600
    [JobCd] => CAPTURE
    [action_status] => 3
    [pay_status] => 13
)
 from 119.111.250.150
2023/07/11 14:09:21 [/shop/user_data/pg_mulpay_recv.php] ******* receiveer data start ******* from 210.175.7.20
2023/07/11 14:09:21 [/shop/user_data/pg_mulpay_recv.php] Array
(
    [ShopID] => 9000034600950
    [ShopPass] => **********
    [AccessID] => a3a51c0a2b24904f9d772c38711158ae
    [AccessPass] => ********************************
    [OrderID] => 952835-11140919
    [Status] => CAPTURE
    [JobCd] => CAPTURE
    [Amount] => 6600
    [Tax] => 0
    [Currency] => JPN
    [Forward] => 2959876
    [Method] => 1
    [PayTimes] => 
    [TranID] => 2307111409602257210134161832
    [Approve] => 0383445
    [TranDate] => 20230711140921
    [ErrCode] => 
    [ErrInfo] => 
    [PayType] => 0
)
 from 210.175.7.20
2023/07/11 14:09:21 [/shop/user_data/pg_mulpay_recv.php] ******* receiveer data end ******* from 210.175.7.20
2023/07/11 14:09:26 [/shop/user_data/pg_mulpay_recv.php] update order status:1 order_id=952835 from 210.175.7.20
2023/07/11 14:09:26 [/shop/user_data/pg_mulpay_recv.php] pg_mulpay_recv.php set payment data:Array
(
    [ShopID] => 9000034600950
    [AccessID] => a3a51c0a2b24904f9d772c38711158ae
    [OrderID] => 952835-11140919
    [Status] => CAPTURE
    [JobCd] => CAPTURE
    [Amount] => 6600
    [Tax] => 0
    [Currency] => JPN
    [Forward] => 2959876
    [Method] => 1
    [PayTimes] => 
    [TranID] => 2307111409602257210134161832
    [Approve] => 0383445
    [TranDate] => 20230711140921
    [ErrCode] => 
    [ErrInfo] => 
    [PayType] => 0
    [CvsCode] => 
    [CvsConfNo] => 
    [CvsReceiptNo] => 
    [EdyReceiptNo] => 
    [EdyOrderNo] => 
    [SuicaReceiptNo] => 
    [SuicaOrderNo] => 
    [CustID] => 
    [BkCode] => 
    [ConfNo] => 
    [PaymentTerm] => 
    [EncryptReceiptNo] => 
    [FinishDate] => 
    [ReceiptDate] => 
    [WebMoneyManagementNo] => 
    [WebMoneySettleCode] => 
    [AuPayInfoNo] => 
    [AuPayMethod] => 
    [AuCancelAmount] => 
    [AuCancelTax] => 
    [DocomoSettlementCode] => 
    [DocomoCancelAmount] => 
    [DocomoCancelTax] => 
    [pay_status] => 13
)
 from 210.175.7.20
2023/07/11 14:09:26 [/shop/user_data/pg_mulpay_recv.php] response:true from 210.175.7.20
2023/07/11 15:45:09 [/shop/shopping/load_payment_module.php] SendRequest:https://p01.mul-pay.jp/payment/SearchMember.idPass from 153.121.43.182
2023/07/11 15:45:09 [/shop/shopping/load_payment_module.php] Array
(
    [SiteID] => mst0000007602
    [SitePass] => ******
    [MemberID] => 11027
)
 from 153.121.43.182
2023/07/11 15:45:09 [/shop/shopping/load_payment_module.php] ErrCode=E01&ErrInfo=E01390002 from 153.121.43.182
2023/07/11 15:45:09 [/shop/shopping/load_payment_module.php] Array
(
    [0] => Array
        (
            [ErrCode] => E01
            [ErrInfo] => E01390002
        )

)
 from 153.121.43.182
2023/07/11 15:45:09 [/shop/shopping/load_payment_module.php] SendRequest:https://p01.mul-pay.jp/payment/SearchCard.idPass from 153.121.43.182
2023/07/11 15:45:09 [/shop/shopping/load_payment_module.php] Array
(
    [SiteID] => mst0000007602
    [SitePass] => ******
    [MemberID] => 11027
)
 from 153.121.43.182
2023/07/11 15:45:09 [/shop/shopping/load_payment_module.php] ErrCode=E01|E01&ErrInfo=E01390002|E01240002 from 153.121.43.182
2023/07/11 15:45:09 [/shop/shopping/load_payment_module.php] Array
(
    [0] => Array
        (
            [ErrCode] => E01
            [ErrInfo] => E01390002
        )

    [1] => Array
        (
            [ErrCode] => E01
            [ErrInfo] => E01240002
        )

)
 from 153.121.43.182
2023/07/11 15:45:30 [/shop/shopping/load_payment_module.php] SendRequest:https://p01.mul-pay.jp/payment/SearchMember.idPass from 153.121.43.182
2023/07/11 15:45:30 [/shop/shopping/load_payment_module.php] Array
(
    [SiteID] => mst0000007602
    [SitePass] => ******
    [MemberID] => 11027
)
 from 153.121.43.182
2023/07/11 15:45:30 [/shop/shopping/load_payment_module.php] ErrCode=E01&ErrInfo=E01390002 from 153.121.43.182
2023/07/11 15:45:30 [/shop/shopping/load_payment_module.php] Array
(
    [0] => Array
        (
            [ErrCode] => E01
            [ErrInfo] => E01390002
        )

)
 from 153.121.43.182
2023/07/11 15:45:30 [/shop/shopping/load_payment_module.php] SendRequest:https://p01.mul-pay.jp/payment/SearchCard.idPass from 153.121.43.182
2023/07/11 15:45:30 [/shop/shopping/load_payment_module.php] Array
(
    [SiteID] => mst0000007602
    [SitePass] => ******
    [MemberID] => 11027
)
 from 153.121.43.182
2023/07/11 15:45:30 [/shop/shopping/load_payment_module.php] ErrCode=E01|E01&ErrInfo=E01390002|E01240002 from 153.121.43.182
2023/07/11 15:45:30 [/shop/shopping/load_payment_module.php] Array
(
    [0] => Array
        (
            [ErrCode] => E01
            [ErrInfo] => E01390002
        )

    [1] => Array
        (
            [ErrCode] => E01
            [ErrInfo] => E01240002
        )

)
 from 153.121.43.182
2023/07/11 15:45:30 [/shop/shopping/load_payment_module.php] SendRequest:https://p01.mul-pay.jp/payment/EntryTran.idPass from 153.121.43.182
2023/07/11 15:45:30 [/shop/shopping/load_payment_module.php] Array
(
    [ShopID] => 9000034600950
    [ShopPass] => ******
    [OrderID] => 952836-11154530
    [JobCd] => CAPTURE
    [Amount] => 3546
    [TdFlag] => 0
    [TdTenantName] => 
)
 from 153.121.43.182
2023/07/11 15:45:30 [/shop/shopping/load_payment_module.php] AccessID=e9c3afc722a0afa2929ced8d0dee7218&AccessPass=49fdbfb3fde17202f44d614f110d1c94 from 153.121.43.182
2023/07/11 15:45:30 [/shop/shopping/load_payment_module.php] Array
(
    [0] => Array
        (
            [AccessID] => e9c3afc722a0afa2929ced8d0dee7218
            [AccessPass] => 49fdbfb3fde17202f44d614f110d1c94
        )

)
 from 153.121.43.182
2023/07/11 15:45:30 [/shop/shopping/load_payment_module.php] load_payment_module.php set payment data:Array
(
    [AccessID] => e9c3afc722a0afa2929ced8d0dee7218
    [AccessPass] => 49fdbfb3fde17202f44d614f110d1c94
    [OrderID] => 952836-11154530
    [Amount] => 3546
    [JobCd] => CAPTURE
    [action_status] => 1
    [pay_status] => 0
)
 from 153.121.43.182
2023/07/11 15:45:30 [/shop/shopping/load_payment_module.php] SendRequest:https://p01.mul-pay.jp/payment/ExecTran.idPass from 153.121.43.182
2023/07/11 15:45:30 [/shop/shopping/load_payment_module.php] Array
(
    [AccessID] => e9c3afc722a0afa2929ced8d0dee7218
    [AccessPass] => 49fdbfb3fde17202f44d614f110d1c94
    [OrderID] => 952836-11154530
    [Method] => 1
    [Token] => 2ebc3cdca7c8f5fa51274c6ce2ab83303be4acedb2b4908b2fe38326192953ab
    [ClientField1] => 
    [ClientField2] => 
    [ClientField3] => EC-CUBE4.3.35
)
 from 153.121.43.182
2023/07/11 15:45:31 [/shop/shopping/load_payment_module.php] ACS=0&OrderID=952836-11154530&Forward=2a99661&Method=1&PayTimes=&Approve=0268445&TranID=2307111545602257210134161833&TranDate=20230711154531&CheckString=62cd51452664d0f72f4922f817b664a7 from 153.121.43.182
2023/07/11 15:45:31 [/shop/shopping/load_payment_module.php] Array
(
    [0] => Array
        (
            [ACS] => 0
            [OrderID] => 952836-11154530
            [Forward] => 2a99661
            [Method] => 1
            [PayTimes] => 
            [Approve] => 0268445
            [TranID] => 2307111545602257210134161833
            [TranDate] => 20230711154531
            [CheckString] => 62cd51452664d0f72f4922f817b664a7
        )

)
 from 153.121.43.182
2023/07/11 15:45:31 [/shop/shopping/load_payment_module.php] load_payment_module.php set payment data:Array
(
    [ACS] => 0
    [Forward] => 2a99661
    [Method] => 1
    [PayTimes] => 
    [Approve] => 0268445
    [TranID] => 2307111545602257210134161833
    [TranDate] => 20230711154531
    [CheckString] => 62cd51452664d0f72f4922f817b664a7
    [Amount] => 3546
    [JobCd] => CAPTURE
    [action_status] => 3
    [pay_status] => 13
)
 from 153.121.43.182
2023/07/11 15:45:31 [/shop/user_data/pg_mulpay_recv.php] ******* receiveer data start ******* from 210.175.7.20
2023/07/11 15:45:31 [/shop/user_data/pg_mulpay_recv.php] Array
(
    [ShopID] => 9000034600950
    [ShopPass] => **********
    [AccessID] => e9c3afc722a0afa2929ced8d0dee7218
    [AccessPass] => ********************************
    [OrderID] => 952836-11154530
    [Status] => CAPTURE
    [JobCd] => CAPTURE
    [Amount] => 3546
    [Tax] => 0
    [Currency] => JPN
    [Forward] => 2a99661
    [Method] => 1
    [PayTimes] => 
    [TranID] => 2307111545602257210134161833
    [Approve] => 0268445
    [TranDate] => 20230711154531
    [ErrCode] => 
    [ErrInfo] => 
    [PayType] => 0
)
 from 210.175.7.20
2023/07/11 15:45:31 [/shop/user_data/pg_mulpay_recv.php] ******* receiveer data end ******* from 210.175.7.20
2023/07/11 15:45:36 [/shop/user_data/pg_mulpay_recv.php] update order status:1 order_id=952836 from 210.175.7.20
2023/07/11 15:45:36 [/shop/user_data/pg_mulpay_recv.php] pg_mulpay_recv.php set payment data:Array
(
    [ShopID] => 9000034600950
    [AccessID] => e9c3afc722a0afa2929ced8d0dee7218
    [OrderID] => 952836-11154530
    [Status] => CAPTURE
    [JobCd] => CAPTURE
    [Amount] => 3546
    [Tax] => 0
    [Currency] => JPN
    [Forward] => 2a99661
    [Method] => 1
    [PayTimes] => 
    [TranID] => 2307111545602257210134161833
    [Approve] => 0268445
    [TranDate] => 20230711154531
    [ErrCode] => 
    [ErrInfo] => 
    [PayType] => 0
    [CvsCode] => 
    [CvsConfNo] => 
    [CvsReceiptNo] => 
    [EdyReceiptNo] => 
    [EdyOrderNo] => 
    [SuicaReceiptNo] => 
    [SuicaOrderNo] => 
    [CustID] => 
    [BkCode] => 
    [ConfNo] => 
    [PaymentTerm] => 
    [EncryptReceiptNo] => 
    [FinishDate] => 
    [ReceiptDate] => 
    [WebMoneyManagementNo] => 
    [WebMoneySettleCode] => 
    [AuPayInfoNo] => 
    [AuPayMethod] => 
    [AuCancelAmount] => 
    [AuCancelTax] => 
    [DocomoSettlementCode] => 
    [DocomoCancelAmount] => 
    [DocomoCancelTax] => 
    [pay_status] => 13
)
 from 210.175.7.20
2023/07/11 15:45:36 [/shop/user_data/pg_mulpay_recv.php] response:true from 210.175.7.20
2023/07/11 18:18:16 [/shop/master/order/edit.php] SendRequest:https://p01.mul-pay.jp/payment/AlterTran.idPass from 114.160.216.147
2023/07/11 18:18:16 [/shop/master/order/edit.php] Array
(
    [ShopID] => 9000034600950
    [ShopPass] => ******
    [AccessID] => 32e51c5532140c692d036ebae3cd8159
    [AccessPass] => a6509a25c439892ee4e34855d2157e2c
    [JobCd] => VOID
)
 from 114.160.216.147
2023/07/11 18:18:17 [/shop/master/order/edit.php] AccessID=32e51c5532140c692d036ebae3cd8159&AccessPass=a6509a25c439892ee4e34855d2157e2c&Forward=2S49631&Approve=0017149&TranID=2307111818602257210134161834&TranDate=20230711181817 from 114.160.216.147
2023/07/11 18:18:17 [/shop/master/order/edit.php] Array
(
    [0] => Array
        (
            [AccessID] => 32e51c5532140c692d036ebae3cd8159
            [AccessPass] => a6509a25c439892ee4e34855d2157e2c
            [Forward] => 2S49631
            [Approve] => 0017149
            [TranID] => 2307111818602257210134161834
            [TranDate] => 20230711181817
        )

)
 from 114.160.216.147
2023/07/11 18:18:17 [/shop/master/order/edit.php] edit.php set payment data:Array
(
    [AccessID] => 32e51c5532140c692d036ebae3cd8159
    [AccessPass] => a6509a25c439892ee4e34855d2157e2c
    [Forward] => 2S49631
    [Approve] => 0017149
    [TranID] => 2307111818602257210134161834
    [TranDate] => 20230711181817
    [JobCd] => VOID
    [action_status] => 6
    [pay_status] => 14
)
 from 114.160.216.147
2023/07/11 18:18:17 [/shop/user_data/pg_mulpay_recv.php] ******* receiveer data start ******* from 210.175.7.20
2023/07/11 18:18:17 [/shop/user_data/pg_mulpay_recv.php] Array
(
    [ShopID] => 9000034600950
    [ShopPass] => **********
    [AccessID] => 32e51c5532140c692d036ebae3cd8159
    [AccessPass] => ********************************
    [OrderID] => 952827-11112931
    [Status] => VOID
    [JobCd] => VOID
    [Amount] => 3080
    [Tax] => 0
    [Currency] => JPN
    [Forward] => 2S49631
    [Method] => 1
    [PayTimes] => 
    [TranID] => 2307111818602257210134161834
    [Approve] => 0017149
    [TranDate] => 20230711181817
    [ErrCode] => 
    [ErrInfo] => 
    [PayType] => 0
)
 from 210.175.7.20
2023/07/11 18:18:17 [/shop/user_data/pg_mulpay_recv.php] ******* receiveer data end ******* from 210.175.7.20
2023/07/11 18:18:17 [/shop/user_data/pg_mulpay_recv.php] pg_mulpay_recv.php set payment data:Array
(
    [ShopID] => 9000034600950
    [AccessID] => 32e51c5532140c692d036ebae3cd8159
    [OrderID] => 952827-11112931
    [Status] => VOID
    [JobCd] => VOID
    [Amount] => 3080
    [Tax] => 0
    [Currency] => JPN
    [Forward] => 2S49631
    [Method] => 1
    [PayTimes] => 
    [TranID] => 2307111818602257210134161834
    [Approve] => 0017149
    [TranDate] => 20230711181817
    [ErrCode] => 
    [ErrInfo] => 
    [PayType] => 0
    [CvsCode] => 
    [CvsConfNo] => 
    [CvsReceiptNo] => 
    [EdyReceiptNo] => 
    [EdyOrderNo] => 
    [SuicaReceiptNo] => 
    [SuicaOrderNo] => 
    [CustID] => 
    [BkCode] => 
    [ConfNo] => 
    [PaymentTerm] => 
    [EncryptReceiptNo] => 
    [FinishDate] => 
    [ReceiptDate] => 
    [WebMoneyManagementNo] => 
    [WebMoneySettleCode] => 
    [AuPayInfoNo] => 
    [AuPayMethod] => 
    [AuCancelAmount] => 
    [AuCancelTax] => 
    [DocomoSettlementCode] => 
    [DocomoCancelAmount] => 
    [DocomoCancelTax] => 
    [pay_status] => 14
)
 from 210.175.7.20
2023/07/11 18:18:17 [/shop/user_data/pg_mulpay_recv.php] response:true from 210.175.7.20
2023/07/11 18:49:17 [/shop/shopping/load_payment_module.php] SendRequest:https://p01.mul-pay.jp/payment/SearchMember.idPass from 80.187.72.144
2023/07/11 18:49:17 [/shop/shopping/load_payment_module.php] Array
(
    [SiteID] => mst0000007602
    [SitePass] => ******
    [MemberID] => 11926
)
 from 80.187.72.144
2023/07/11 18:49:17 [/shop/shopping/load_payment_module.php] ErrCode=E01&ErrInfo=E01390002 from 80.187.72.144
2023/07/11 18:49:17 [/shop/shopping/load_payment_module.php] Array
(
    [0] => Array
        (
            [ErrCode] => E01
            [ErrInfo] => E01390002
        )

)
 from 80.187.72.144
2023/07/11 18:49:17 [/shop/shopping/load_payment_module.php] SendRequest:https://p01.mul-pay.jp/payment/SearchCard.idPass from 80.187.72.144
2023/07/11 18:49:17 [/shop/shopping/load_payment_module.php] Array
(
    [SiteID] => mst0000007602
    [SitePass] => ******
    [MemberID] => 11926
)
 from 80.187.72.144
2023/07/11 18:49:17 [/shop/shopping/load_payment_module.php] ErrCode=E01|E01&ErrInfo=E01390002|E01240002 from 80.187.72.144
2023/07/11 18:49:17 [/shop/shopping/load_payment_module.php] Array
(
    [0] => Array
        (
            [ErrCode] => E01
            [ErrInfo] => E01390002
        )

    [1] => Array
        (
            [ErrCode] => E01
            [ErrInfo] => E01240002
        )

)
 from 80.187.72.144
2023/07/11 18:51:33 [/shop/shopping/load_payment_module.php] SendRequest:https://p01.mul-pay.jp/payment/SearchMember.idPass from 80.187.72.144
2023/07/11 18:51:33 [/shop/shopping/load_payment_module.php] Array
(
    [SiteID] => mst0000007602
    [SitePass] => ******
    [MemberID] => 11926
)
 from 80.187.72.144
2023/07/11 18:51:33 [/shop/shopping/load_payment_module.php] ErrCode=E01&ErrInfo=E01390002 from 80.187.72.144
2023/07/11 18:51:33 [/shop/shopping/load_payment_module.php] Array
(
    [0] => Array
        (
            [ErrCode] => E01
            [ErrInfo] => E01390002
        )

)
 from 80.187.72.144
2023/07/11 18:51:33 [/shop/shopping/load_payment_module.php] SendRequest:https://p01.mul-pay.jp/payment/SearchCard.idPass from 80.187.72.144
2023/07/11 18:51:33 [/shop/shopping/load_payment_module.php] Array
(
    [SiteID] => mst0000007602
    [SitePass] => ******
    [MemberID] => 11926
)
 from 80.187.72.144
2023/07/11 18:51:33 [/shop/shopping/load_payment_module.php] ErrCode=E01|E01&ErrInfo=E01390002|E01240002 from 80.187.72.144
2023/07/11 18:51:33 [/shop/shopping/load_payment_module.php] Array
(
    [0] => Array
        (
            [ErrCode] => E01
            [ErrInfo] => E01390002
        )

    [1] => Array
        (
            [ErrCode] => E01
            [ErrInfo] => E01240002
        )

)
 from 80.187.72.144
2023/07/11 18:51:33 [/shop/shopping/load_payment_module.php] SendRequest:https://p01.mul-pay.jp/payment/EntryTran.idPass from 80.187.72.144
2023/07/11 18:51:33 [/shop/shopping/load_payment_module.php] Array
(
    [ShopID] => 9000034600950
    [ShopPass] => ******
    [OrderID] => 952837-11185133
    [JobCd] => CAPTURE
    [Amount] => 9000
    [TdFlag] => 0
    [TdTenantName] => 
)
 from 80.187.72.144
2023/07/11 18:51:33 [/shop/shopping/load_payment_module.php] AccessID=92c0725e0d93c71b8f570bbafac8f845&AccessPass=ce948e6d4cfd4b26238e614bb51424c8 from 80.187.72.144
2023/07/11 18:51:33 [/shop/shopping/load_payment_module.php] Array
(
    [0] => Array
        (
            [AccessID] => 92c0725e0d93c71b8f570bbafac8f845
            [AccessPass] => ce948e6d4cfd4b26238e614bb51424c8
        )

)
 from 80.187.72.144
2023/07/11 18:51:33 [/shop/shopping/load_payment_module.php] load_payment_module.php set payment data:Array
(
    [AccessID] => 92c0725e0d93c71b8f570bbafac8f845
    [AccessPass] => ce948e6d4cfd4b26238e614bb51424c8
    [OrderID] => 952837-11185133
    [Amount] => 9000
    [JobCd] => CAPTURE
    [action_status] => 1
    [pay_status] => 0
)
 from 80.187.72.144
2023/07/11 18:51:33 [/shop/shopping/load_payment_module.php] SendRequest:https://p01.mul-pay.jp/payment/ExecTran.idPass from 80.187.72.144
2023/07/11 18:51:33 [/shop/shopping/load_payment_module.php] Array
(
    [AccessID] => 92c0725e0d93c71b8f570bbafac8f845
    [AccessPass] => ce948e6d4cfd4b26238e614bb51424c8
    [OrderID] => 952837-11185133
    [Method] => 1
    [Token] => 761d323c11f53ba9978b5348c72d6bb03a62ac0df6c0e348c807a84ccfabdc33
    [ClientField1] => 
    [ClientField2] => 
    [ClientField3] => EC-CUBE4.3.35
)
 from 80.187.72.144
2023/07/11 18:51:34 [/shop/shopping/load_payment_module.php] ACS=0&OrderID=952837-11185133&Forward=2959876&Method=1&PayTimes=&Approve=0747160&TranID=2307111851602257210134151830&TranDate=20230711185134&CheckString=e313ba621fd69f81ac3bcdd5a5e26493 from 80.187.72.144
2023/07/11 18:51:34 [/shop/shopping/load_payment_module.php] Array
(
    [0] => Array
        (
            [ACS] => 0
            [OrderID] => 952837-11185133
            [Forward] => 2959876
            [Method] => 1
            [PayTimes] => 
            [Approve] => 0747160
            [TranID] => 2307111851602257210134151830
            [TranDate] => 20230711185134
            [CheckString] => e313ba621fd69f81ac3bcdd5a5e26493
        )

)
 from 80.187.72.144
2023/07/11 18:51:34 [/shop/shopping/load_payment_module.php] load_payment_module.php set payment data:Array
(
    [ACS] => 0
    [Forward] => 2959876
    [Method] => 1
    [PayTimes] => 
    [Approve] => 0747160
    [TranID] => 2307111851602257210134151830
    [TranDate] => 20230711185134
    [CheckString] => e313ba621fd69f81ac3bcdd5a5e26493
    [Amount] => 9000
    [JobCd] => CAPTURE
    [action_status] => 3
    [pay_status] => 13
)
 from 80.187.72.144
2023/07/11 18:51:34 [/shop/user_data/pg_mulpay_recv.php] ******* receiveer data start ******* from 210.175.7.20
2023/07/11 18:51:34 [/shop/user_data/pg_mulpay_recv.php] Array
(
    [ShopID] => 9000034600950
    [ShopPass] => **********
    [AccessID] => 92c0725e0d93c71b8f570bbafac8f845
    [AccessPass] => ********************************
    [OrderID] => 952837-11185133
    [Status] => CAPTURE
    [JobCd] => CAPTURE
    [Amount] => 9000
    [Tax] => 0
    [Currency] => JPN
    [Forward] => 2959876
    [Method] => 1
    [PayTimes] => 
    [TranID] => 2307111851602257210134151830
    [Approve] => 0747160
    [TranDate] => 20230711185134
    [ErrCode] => 
    [ErrInfo] => 
    [PayType] => 0
)
 from 210.175.7.20
2023/07/11 18:51:34 [/shop/user_data/pg_mulpay_recv.php] ******* receiveer data end ******* from 210.175.7.20
2023/07/11 18:51:39 [/shop/user_data/pg_mulpay_recv.php] update order status:1 order_id=952837 from 210.175.7.20
2023/07/11 18:51:39 [/shop/user_data/pg_mulpay_recv.php] pg_mulpay_recv.php set payment data:Array
(
    [ShopID] => 9000034600950
    [AccessID] => 92c0725e0d93c71b8f570bbafac8f845
    [OrderID] => 952837-11185133
    [Status] => CAPTURE
    [JobCd] => CAPTURE
    [Amount] => 9000
    [Tax] => 0
    [Currency] => JPN
    [Forward] => 2959876
    [Method] => 1
    [PayTimes] => 
    [TranID] => 2307111851602257210134151830
    [Approve] => 0747160
    [TranDate] => 20230711185134
    [ErrCode] => 
    [ErrInfo] => 
    [PayType] => 0
    [CvsCode] => 
    [CvsConfNo] => 
    [CvsReceiptNo] => 
    [EdyReceiptNo] => 
    [EdyOrderNo] => 
    [SuicaReceiptNo] => 
    [SuicaOrderNo] => 
    [CustID] => 
    [BkCode] => 
    [ConfNo] => 
    [PaymentTerm] => 
    [EncryptReceiptNo] => 
    [FinishDate] => 
    [ReceiptDate] => 
    [WebMoneyManagementNo] => 
    [WebMoneySettleCode] => 
    [AuPayInfoNo] => 
    [AuPayMethod] => 
    [AuCancelAmount] => 
    [AuCancelTax] => 
    [DocomoSettlementCode] => 
    [DocomoCancelAmount] => 
    [DocomoCancelTax] => 
    [pay_status] => 13
)
 from 210.175.7.20
2023/07/11 18:51:39 [/shop/user_data/pg_mulpay_recv.php] response:true from 210.175.7.20
2023/07/11 19:06:22 [/shop/shopping/load_payment_module.php] SendRequest:https://p01.mul-pay.jp/payment/EntryTran.idPass from 86.156.161.41
2023/07/11 19:06:22 [/shop/shopping/load_payment_module.php] Array
(
    [ShopID] => 9000034600950
    [ShopPass] => ******
    [OrderID] => 952838-11190622
    [JobCd] => CAPTURE
    [Amount] => 3210
    [TdFlag] => 0
    [TdTenantName] => 
)
 from 86.156.161.41
2023/07/11 19:06:22 [/shop/shopping/load_payment_module.php] AccessID=6a47ff6cc332e6bebfd0e9434c672466&AccessPass=c09c8e8fde5bf791c2c7784588a2d4e9 from 86.156.161.41
2023/07/11 19:06:22 [/shop/shopping/load_payment_module.php] Array
(
    [0] => Array
        (
            [AccessID] => 6a47ff6cc332e6bebfd0e9434c672466
            [AccessPass] => c09c8e8fde5bf791c2c7784588a2d4e9
        )

)
 from 86.156.161.41
2023/07/11 19:06:22 [/shop/shopping/load_payment_module.php] load_payment_module.php set payment data:Array
(
    [AccessID] => 6a47ff6cc332e6bebfd0e9434c672466
    [AccessPass] => c09c8e8fde5bf791c2c7784588a2d4e9
    [OrderID] => 952838-11190622
    [Amount] => 3210
    [JobCd] => CAPTURE
    [action_status] => 1
    [pay_status] => 0
)
 from 86.156.161.41
2023/07/11 19:06:22 [/shop/shopping/load_payment_module.php] SendRequest:https://p01.mul-pay.jp/payment/ExecTran.idPass from 86.156.161.41
2023/07/11 19:06:22 [/shop/shopping/load_payment_module.php] Array
(
    [AccessID] => 6a47ff6cc332e6bebfd0e9434c672466
    [AccessPass] => c09c8e8fde5bf791c2c7784588a2d4e9
    [OrderID] => 952838-11190622
    [Method] => 1
    [Token] => 4a3b8f1420c49117bf78c052493e124e30f095834a917d46146fdaf5370d0709
    [ClientField1] => 
    [ClientField2] => 
    [ClientField3] => EC-CUBE4.3.35
)
 from 86.156.161.41
2023/07/11 19:06:24 [/shop/shopping/load_payment_module.php] ACS=0&OrderID=952838-11190622&Forward=2a99661&Method=1&PayTimes=&Approve=0225642&TranID=2307111906602257210134151831&TranDate=20230711190624&CheckString=fad91bd1e3724348b9f9fb78f569cf57 from 86.156.161.41
2023/07/11 19:06:24 [/shop/shopping/load_payment_module.php] Array
(
    [0] => Array
        (
            [ACS] => 0
            [OrderID] => 952838-11190622
            [Forward] => 2a99661
            [Method] => 1
            [PayTimes] => 
            [Approve] => 0225642
            [TranID] => 2307111906602257210134151831
            [TranDate] => 20230711190624
            [CheckString] => fad91bd1e3724348b9f9fb78f569cf57
        )

)
 from 86.156.161.41
2023/07/11 19:06:24 [/shop/shopping/load_payment_module.php] load_payment_module.php set payment data:Array
(
    [ACS] => 0
    [Forward] => 2a99661
    [Method] => 1
    [PayTimes] => 
    [Approve] => 0225642
    [TranID] => 2307111906602257210134151831
    [TranDate] => 20230711190624
    [CheckString] => fad91bd1e3724348b9f9fb78f569cf57
    [Amount] => 3210
    [JobCd] => CAPTURE
    [action_status] => 3
    [pay_status] => 13
)
 from 86.156.161.41
2023/07/11 19:06:24 [/shop/user_data/pg_mulpay_recv.php] ******* receiveer data start ******* from 210.175.7.20
2023/07/11 19:06:24 [/shop/user_data/pg_mulpay_recv.php] Array
(
    [ShopID] => 9000034600950
    [ShopPass] => **********
    [AccessID] => 6a47ff6cc332e6bebfd0e9434c672466
    [AccessPass] => ********************************
    [OrderID] => 952838-11190622
    [Status] => CAPTURE
    [JobCd] => CAPTURE
    [Amount] => 3210
    [Tax] => 0
    [Currency] => JPN
    [Forward] => 2a99661
    [Method] => 1
    [PayTimes] => 
    [TranID] => 2307111906602257210134151831
    [Approve] => 0225642
    [TranDate] => 20230711190624
    [ErrCode] => 
    [ErrInfo] => 
    [PayType] => 0
)
 from 210.175.7.20
2023/07/11 19:06:24 [/shop/user_data/pg_mulpay_recv.php] ******* receiveer data end ******* from 210.175.7.20
2023/07/11 19:06:29 [/shop/user_data/pg_mulpay_recv.php] update order status:1 order_id=952838 from 210.175.7.20
2023/07/11 19:06:29 [/shop/user_data/pg_mulpay_recv.php] pg_mulpay_recv.php set payment data:Array
(
    [ShopID] => 9000034600950
    [AccessID] => 6a47ff6cc332e6bebfd0e9434c672466
    [OrderID] => 952838-11190622
    [Status] => CAPTURE
    [JobCd] => CAPTURE
    [Amount] => 3210
    [Tax] => 0
    [Currency] => JPN
    [Forward] => 2a99661
    [Method] => 1
    [PayTimes] => 
    [TranID] => 2307111906602257210134151831
    [Approve] => 0225642
    [TranDate] => 20230711190624
    [ErrCode] => 
    [ErrInfo] => 
    [PayType] => 0
    [CvsCode] => 
    [CvsConfNo] => 
    [CvsReceiptNo] => 
    [EdyReceiptNo] => 
    [EdyOrderNo] => 
    [SuicaReceiptNo] => 
    [SuicaOrderNo] => 
    [CustID] => 
    [BkCode] => 
    [ConfNo] => 
    [PaymentTerm] => 
    [EncryptReceiptNo] => 
    [FinishDate] => 
    [ReceiptDate] => 
    [WebMoneyManagementNo] => 
    [WebMoneySettleCode] => 
    [AuPayInfoNo] => 
    [AuPayMethod] => 
    [AuCancelAmount] => 
    [AuCancelTax] => 
    [DocomoSettlementCode] => 
    [DocomoCancelAmount] => 
    [DocomoCancelTax] => 
    [pay_status] => 13
)
 from 210.175.7.20
2023/07/11 19:06:29 [/shop/user_data/pg_mulpay_recv.php] response:true from 210.175.7.20
2023/07/11 19:57:29 [/shop/shopping/load_payment_module.php] SendRequest:https://p01.mul-pay.jp/payment/EntryTran.idPass from 92.180.9.2
2023/07/11 19:57:29 [/shop/shopping/load_payment_module.php] Array
(
    [ShopID] => 9000034600950
    [ShopPass] => ******
    [OrderID] => 952839-11195729
    [JobCd] => CAPTURE
    [Amount] => 9320
    [TdFlag] => 0
    [TdTenantName] => 
)
 from 92.180.9.2
2023/07/11 19:57:29 [/shop/shopping/load_payment_module.php] AccessID=90e16258b0510a9de8adae0bca7b2492&AccessPass=c9c967e29d834ba2d18db615c698ec5c from 92.180.9.2
2023/07/11 19:57:29 [/shop/shopping/load_payment_module.php] Array
(
    [0] => Array
        (
            [AccessID] => 90e16258b0510a9de8adae0bca7b2492
            [AccessPass] => c9c967e29d834ba2d18db615c698ec5c
        )

)
 from 92.180.9.2
2023/07/11 19:57:29 [/shop/shopping/load_payment_module.php] load_payment_module.php set payment data:Array
(
    [AccessID] => 90e16258b0510a9de8adae0bca7b2492
    [AccessPass] => c9c967e29d834ba2d18db615c698ec5c
    [OrderID] => 952839-11195729
    [Amount] => 9320
    [JobCd] => CAPTURE
    [action_status] => 1
    [pay_status] => 0
)
 from 92.180.9.2
2023/07/11 19:57:29 [/shop/shopping/load_payment_module.php] SendRequest:https://p01.mul-pay.jp/payment/ExecTran.idPass from 92.180.9.2
2023/07/11 19:57:29 [/shop/shopping/load_payment_module.php] Array
(
    [AccessID] => 90e16258b0510a9de8adae0bca7b2492
    [AccessPass] => c9c967e29d834ba2d18db615c698ec5c
    [OrderID] => 952839-11195729
    [Method] => 1
    [Token] => 6272d39900bb5ed84087f15d4baa4af52a5bef70526aa36fd44e347c5a843c58
    [ClientField1] => 
    [ClientField2] => 
    [ClientField3] => EC-CUBE4.3.35
)
 from 92.180.9.2
2023/07/11 19:57:30 [/shop/shopping/load_payment_module.php] ACS=0&OrderID=952839-11195729&Forward=2S49631&Method=1&PayTimes=&Approve=0551850&TranID=2307111957602257210134161835&TranDate=20230711195730&CheckString=64aa22b84902ea2989c03eca4361632e from 92.180.9.2
2023/07/11 19:57:30 [/shop/shopping/load_payment_module.php] Array
(
    [0] => Array
        (
            [ACS] => 0
            [OrderID] => 952839-11195729
            [Forward] => 2S49631
            [Method] => 1
            [PayTimes] => 
            [Approve] => 0551850
            [TranID] => 2307111957602257210134161835
            [TranDate] => 20230711195730
            [CheckString] => 64aa22b84902ea2989c03eca4361632e
        )

)
 from 92.180.9.2
2023/07/11 19:57:30 [/shop/shopping/load_payment_module.php] load_payment_module.php set payment data:Array
(
    [ACS] => 0
    [Forward] => 2S49631
    [Method] => 1
    [PayTimes] => 
    [Approve] => 0551850
    [TranID] => 2307111957602257210134161835
    [TranDate] => 20230711195730
    [CheckString] => 64aa22b84902ea2989c03eca4361632e
    [Amount] => 9320
    [JobCd] => CAPTURE
    [action_status] => 3
    [pay_status] => 13
)
 from 92.180.9.2
2023/07/11 19:57:30 [/shop/user_data/pg_mulpay_recv.php] ******* receiveer data start ******* from 210.175.7.20
2023/07/11 19:57:30 [/shop/user_data/pg_mulpay_recv.php] Array
(
    [ShopID] => 9000034600950
    [ShopPass] => **********
    [AccessID] => 90e16258b0510a9de8adae0bca7b2492
    [AccessPass] => ********************************
    [OrderID] => 952839-11195729
    [Status] => CAPTURE
    [JobCd] => CAPTURE
    [Amount] => 9320
    [Tax] => 0
    [Currency] => JPN
    [Forward] => 2S49631
    [Method] => 1
    [PayTimes] => 
    [TranID] => 2307111957602257210134161835
    [Approve] => 0551850
    [TranDate] => 20230711195730
    [ErrCode] => 
    [ErrInfo] => 
    [PayType] => 0
)
 from 210.175.7.20
2023/07/11 19:57:30 [/shop/user_data/pg_mulpay_recv.php] ******* receiveer data end ******* from 210.175.7.20
2023/07/11 19:57:35 [/shop/user_data/pg_mulpay_recv.php] update order status:1 order_id=952839 from 210.175.7.20
2023/07/11 19:57:35 [/shop/user_data/pg_mulpay_recv.php] pg_mulpay_recv.php set payment data:Array
(
    [ShopID] => 9000034600950
    [AccessID] => 90e16258b0510a9de8adae0bca7b2492
    [OrderID] => 952839-11195729
    [Status] => CAPTURE
    [JobCd] => CAPTURE
    [Amount] => 9320
    [Tax] => 0
    [Currency] => JPN
    [Forward] => 2S49631
    [Method] => 1
    [PayTimes] => 
    [TranID] => 2307111957602257210134161835
    [Approve] => 0551850
    [TranDate] => 20230711195730
    [ErrCode] => 
    [ErrInfo] => 
    [PayType] => 0
    [CvsCode] => 
    [CvsConfNo] => 
    [CvsReceiptNo] => 
    [EdyReceiptNo] => 
    [EdyOrderNo] => 
    [SuicaReceiptNo] => 
    [SuicaOrderNo] => 
    [CustID] => 
    [BkCode] => 
    [ConfNo] => 
    [PaymentTerm] => 
    [EncryptReceiptNo] => 
    [FinishDate] => 
    [ReceiptDate] => 
    [WebMoneyManagementNo] => 
    [WebMoneySettleCode] => 
    [AuPayInfoNo] => 
    [AuPayMethod] => 
    [AuCancelAmount] => 
    [AuCancelTax] => 
    [DocomoSettlementCode] => 
    [DocomoCancelAmount] => 
    [DocomoCancelTax] => 
    [pay_status] => 13
)
 from 210.175.7.20
2023/07/11 19:57:35 [/shop/user_data/pg_mulpay_recv.php] response:true from 210.175.7.20
2023/07/11 21:35:55 [/shop/shopping/load_payment_module.php] SendRequest:https://p01.mul-pay.jp/payment/EntryTran.idPass from 208.127.61.208
2023/07/11 21:35:55 [/shop/shopping/load_payment_module.php] Array
(
    [ShopID] => 9000034600950
    [ShopPass] => ******
    [OrderID] => 952840-11213555
    [JobCd] => CAPTURE
    [Amount] => 10520
    [TdFlag] => 0
    [TdTenantName] => 
)
 from 208.127.61.208
2023/07/11 21:35:55 [/shop/shopping/load_payment_module.php] AccessID=817d78ab2266a25e2c8f24ca38469c5c&AccessPass=067cdd47ab49fa2bde693db1863632e2 from 208.127.61.208
2023/07/11 21:35:55 [/shop/shopping/load_payment_module.php] Array
(
    [0] => Array
        (
            [AccessID] => 817d78ab2266a25e2c8f24ca38469c5c
            [AccessPass] => 067cdd47ab49fa2bde693db1863632e2
        )

)
 from 208.127.61.208
2023/07/11 21:35:55 [/shop/shopping/load_payment_module.php] load_payment_module.php set payment data:Array
(
    [AccessID] => 817d78ab2266a25e2c8f24ca38469c5c
    [AccessPass] => 067cdd47ab49fa2bde693db1863632e2
    [OrderID] => 952840-11213555
    [Amount] => 10520
    [JobCd] => CAPTURE
    [action_status] => 1
    [pay_status] => 0
)
 from 208.127.61.208
2023/07/11 21:35:55 [/shop/shopping/load_payment_module.php] SendRequest:https://p01.mul-pay.jp/payment/ExecTran.idPass from 208.127.61.208
2023/07/11 21:35:55 [/shop/shopping/load_payment_module.php] Array
(
    [AccessID] => 817d78ab2266a25e2c8f24ca38469c5c
    [AccessPass] => 067cdd47ab49fa2bde693db1863632e2
    [OrderID] => 952840-11213555
    [Method] => 1
    [Token] => 62cc750da59d11ff349ec1c6efe4c4f9c303bf4c8349d7fdfb54fe9b39a6d945
    [ClientField1] => 
    [ClientField2] => 
    [ClientField3] => EC-CUBE4.3.35
)
 from 208.127.61.208
2023/07/11 21:35:56 [/shop/shopping/load_payment_module.php] ACS=0&OrderID=952840-11213555&Forward=2S49631&Method=1&PayTimes=&Approve=0521164&TranID=2307112135602257210134181847&TranDate=20230711213556&CheckString=6071b536163ed4363eae6a6a2af61d76 from 208.127.61.208
2023/07/11 21:35:56 [/shop/shopping/load_payment_module.php] Array
(
    [0] => Array
        (
            [ACS] => 0
            [OrderID] => 952840-11213555
            [Forward] => 2S49631
            [Method] => 1
            [PayTimes] => 
            [Approve] => 0521164
            [TranID] => 2307112135602257210134181847
            [TranDate] => 20230711213556
            [CheckString] => 6071b536163ed4363eae6a6a2af61d76
        )

)
 from 208.127.61.208
2023/07/11 21:35:56 [/shop/shopping/load_payment_module.php] load_payment_module.php set payment data:Array
(
    [ACS] => 0
    [Forward] => 2S49631
    [Method] => 1
    [PayTimes] => 
    [Approve] => 0521164
    [TranID] => 2307112135602257210134181847
    [TranDate] => 20230711213556
    [CheckString] => 6071b536163ed4363eae6a6a2af61d76
    [Amount] => 10520
    [JobCd] => CAPTURE
    [action_status] => 3
    [pay_status] => 13
)
 from 208.127.61.208
2023/07/11 21:35:56 [/shop/user_data/pg_mulpay_recv.php] ******* receiveer data start ******* from 210.175.7.20
2023/07/11 21:35:56 [/shop/user_data/pg_mulpay_recv.php] Array
(
    [ShopID] => 9000034600950
    [ShopPass] => **********
    [AccessID] => 817d78ab2266a25e2c8f24ca38469c5c
    [AccessPass] => ********************************
    [OrderID] => 952840-11213555
    [Status] => CAPTURE
    [JobCd] => CAPTURE
    [Amount] => 10520
    [Tax] => 0
    [Currency] => JPN
    [Forward] => 2S49631
    [Method] => 1
    [PayTimes] => 
    [TranID] => 2307112135602257210134181847
    [Approve] => 0521164
    [TranDate] => 20230711213556
    [ErrCode] => 
    [ErrInfo] => 
    [PayType] => 0
)
 from 210.175.7.20
2023/07/11 21:35:56 [/shop/user_data/pg_mulpay_recv.php] ******* receiveer data end ******* from 210.175.7.20
2023/07/11 21:36:01 [/shop/user_data/pg_mulpay_recv.php] update order status:1 order_id=952840 from 210.175.7.20
2023/07/11 21:36:01 [/shop/user_data/pg_mulpay_recv.php] pg_mulpay_recv.php set payment data:Array
(
    [ShopID] => 9000034600950
    [AccessID] => 817d78ab2266a25e2c8f24ca38469c5c
    [OrderID] => 952840-11213555
    [Status] => CAPTURE
    [JobCd] => CAPTURE
    [Amount] => 10520
    [Tax] => 0
    [Currency] => JPN
    [Forward] => 2S49631
    [Method] => 1
    [PayTimes] => 
    [TranID] => 2307112135602257210134181847
    [Approve] => 0521164
    [TranDate] => 20230711213556
    [ErrCode] => 
    [ErrInfo] => 
    [PayType] => 0
    [CvsCode] => 
    [CvsConfNo] => 
    [CvsReceiptNo] => 
    [EdyReceiptNo] => 
    [EdyOrderNo] => 
    [SuicaReceiptNo] => 
    [SuicaOrderNo] => 
    [CustID] => 
    [BkCode] => 
    [ConfNo] => 
    [PaymentTerm] => 
    [EncryptReceiptNo] => 
    [FinishDate] => 
    [ReceiptDate] => 
    [WebMoneyManagementNo] => 
    [WebMoneySettleCode] => 
    [AuPayInfoNo] => 
    [AuPayMethod] => 
    [AuCancelAmount] => 
    [AuCancelTax] => 
    [DocomoSettlementCode] => 
    [DocomoCancelAmount] => 
    [DocomoCancelTax] => 
    [pay_status] => 13
)
 from 210.175.7.20
2023/07/11 21:36:01 [/shop/user_data/pg_mulpay_recv.php] response:true from 210.175.7.20
2023/07/11 22:28:58 [/shop/shopping/load_payment_module.php] SendRequest:https://p01.mul-pay.jp/payment/EntryTran.idPass from 158.106.220.38
2023/07/11 22:28:58 [/shop/shopping/load_payment_module.php] Array
(
    [ShopID] => 9000034600950
    [ShopPass] => ******
    [OrderID] => 952841-11222858
    [JobCd] => CAPTURE
    [Amount] => 10500
    [TdFlag] => 0
    [TdTenantName] => 
)
 from 158.106.220.38
2023/07/11 22:28:58 [/shop/shopping/load_payment_module.php] AccessID=cf2c7e837ead9eede36d2ad1bc1c4edb&AccessPass=47005cfe442fe17757468b689afbfb68 from 158.106.220.38
2023/07/11 22:28:58 [/shop/shopping/load_payment_module.php] Array
(
    [0] => Array
        (
            [AccessID] => cf2c7e837ead9eede36d2ad1bc1c4edb
            [AccessPass] => 47005cfe442fe17757468b689afbfb68
        )

)
 from 158.106.220.38
2023/07/11 22:28:58 [/shop/shopping/load_payment_module.php] load_payment_module.php set payment data:Array
(
    [AccessID] => cf2c7e837ead9eede36d2ad1bc1c4edb
    [AccessPass] => 47005cfe442fe17757468b689afbfb68
    [OrderID] => 952841-11222858
    [Amount] => 10500
    [JobCd] => CAPTURE
    [action_status] => 1
    [pay_status] => 0
)
 from 158.106.220.38
2023/07/11 22:28:58 [/shop/shopping/load_payment_module.php] SendRequest:https://p01.mul-pay.jp/payment/ExecTran.idPass from 158.106.220.38
2023/07/11 22:28:58 [/shop/shopping/load_payment_module.php] Array
(
    [AccessID] => cf2c7e837ead9eede36d2ad1bc1c4edb
    [AccessPass] => 47005cfe442fe17757468b689afbfb68
    [OrderID] => 952841-11222858
    [Method] => 1
    [Token] => 42053f2dd7628123eb2b2a195c6dda8c82f3b5616a412ed49471035876ebf54e
    [ClientField1] => 
    [ClientField2] => 
    [ClientField3] => EC-CUBE4.3.35
)
 from 158.106.220.38
2023/07/11 22:28:59 [/shop/shopping/load_payment_module.php] ACS=0&OrderID=952841-11222858&Forward=2S49631&Method=1&PayTimes=&Approve=0057824&TranID=2307112228602257210134161836&TranDate=20230711222859&CheckString=4a929dfcec399958316eb5e9edcd0ee3 from 158.106.220.38
2023/07/11 22:28:59 [/shop/shopping/load_payment_module.php] Array
(
    [0] => Array
        (
            [ACS] => 0
            [OrderID] => 952841-11222858
            [Forward] => 2S49631
            [Method] => 1
            [PayTimes] => 
            [Approve] => 0057824
            [TranID] => 2307112228602257210134161836
            [TranDate] => 20230711222859
            [CheckString] => 4a929dfcec399958316eb5e9edcd0ee3
        )

)
 from 158.106.220.38
2023/07/11 22:28:59 [/shop/shopping/load_payment_module.php] load_payment_module.php set payment data:Array
(
    [ACS] => 0
    [Forward] => 2S49631
    [Method] => 1
    [PayTimes] => 
    [Approve] => 0057824
    [TranID] => 2307112228602257210134161836
    [TranDate] => 20230711222859
    [CheckString] => 4a929dfcec399958316eb5e9edcd0ee3
    [Amount] => 10500
    [JobCd] => CAPTURE
    [action_status] => 3
    [pay_status] => 13
)
 from 158.106.220.38
2023/07/11 22:28:59 [/shop/user_data/pg_mulpay_recv.php] ******* receiveer data start ******* from 210.175.7.20
2023/07/11 22:28:59 [/shop/user_data/pg_mulpay_recv.php] Array
(
    [ShopID] => 9000034600950
    [ShopPass] => **********
    [AccessID] => cf2c7e837ead9eede36d2ad1bc1c4edb
    [AccessPass] => ********************************
    [OrderID] => 952841-11222858
    [Status] => CAPTURE
    [JobCd] => CAPTURE
    [Amount] => 10500
    [Tax] => 0
    [Currency] => JPN
    [Forward] => 2S49631
    [Method] => 1
    [PayTimes] => 
    [TranID] => 2307112228602257210134161836
    [Approve] => 0057824
    [TranDate] => 20230711222859
    [ErrCode] => 
    [ErrInfo] => 
    [PayType] => 0
)
 from 210.175.7.20
2023/07/11 22:28:59 [/shop/user_data/pg_mulpay_recv.php] ******* receiveer data end ******* from 210.175.7.20
2023/07/11 22:29:04 [/shop/user_data/pg_mulpay_recv.php] update order status:1 order_id=952841 from 210.175.7.20
2023/07/11 22:29:04 [/shop/user_data/pg_mulpay_recv.php] pg_mulpay_recv.php set payment data:Array
(
    [ShopID] => 9000034600950
    [AccessID] => cf2c7e837ead9eede36d2ad1bc1c4edb
    [OrderID] => 952841-11222858
    [Status] => CAPTURE
    [JobCd] => CAPTURE
    [Amount] => 10500
    [Tax] => 0
    [Currency] => JPN
    [Forward] => 2S49631
    [Method] => 1
    [PayTimes] => 
    [TranID] => 2307112228602257210134161836
    [Approve] => 0057824
    [TranDate] => 20230711222859
    [ErrCode] => 
    [ErrInfo] => 
    [PayType] => 0
    [CvsCode] => 
    [CvsConfNo] => 
    [CvsReceiptNo] => 
    [EdyReceiptNo] => 
    [EdyOrderNo] => 
    [SuicaReceiptNo] => 
    [SuicaOrderNo] => 
    [CustID] => 
    [BkCode] => 
    [ConfNo] => 
    [PaymentTerm] => 
    [EncryptReceiptNo] => 
    [FinishDate] => 
    [ReceiptDate] => 
    [WebMoneyManagementNo] => 
    [WebMoneySettleCode] => 
    [AuPayInfoNo] => 
    [AuPayMethod] => 
    [AuCancelAmount] => 
    [AuCancelTax] => 
    [DocomoSettlementCode] => 
    [DocomoCancelAmount] => 
    [DocomoCancelTax] => 
    [pay_status] => 13
)
 from 210.175.7.20
2023/07/11 22:29:04 [/shop/user_data/pg_mulpay_recv.php] response:true from 210.175.7.20
