2023/03/11 00:46:15 [/shop/shopping/load_payment_module.php] SendRequest:https://p01.mul-pay.jp/payment/SearchMember.idPass from 71.233.151.168
2023/03/11 00:46:15 [/shop/shopping/load_payment_module.php] Array
(
    [SiteID] => mst0000007602
    [SitePass] => ******
    [MemberID] => 2687
)
 from 71.233.151.168
2023/03/11 00:46:15 [/shop/shopping/load_payment_module.php] ErrCode=E01&ErrInfo=E01390002 from 71.233.151.168
2023/03/11 00:46:15 [/shop/shopping/load_payment_module.php] Array
(
    [0] => Array
        (
            [ErrCode] => E01
            [ErrInfo] => E01390002
        )

)
 from 71.233.151.168
2023/03/11 00:46:15 [/shop/shopping/load_payment_module.php] SendRequest:https://p01.mul-pay.jp/payment/SearchCard.idPass from 71.233.151.168
2023/03/11 00:46:15 [/shop/shopping/load_payment_module.php] Array
(
    [SiteID] => mst0000007602
    [SitePass] => ******
    [MemberID] => 2687
)
 from 71.233.151.168
2023/03/11 00:46:15 [/shop/shopping/load_payment_module.php] ErrCode=E01|E01&ErrInfo=E01390002|E01240002 from 71.233.151.168
2023/03/11 00:46:15 [/shop/shopping/load_payment_module.php] Array
(
    [0] => Array
        (
            [ErrCode] => E01
            [ErrInfo] => E01390002
        )

    [1] => Array
        (
            [ErrCode] => E01
            [ErrInfo] => E01240002
        )

)
 from 71.233.151.168
2023/03/11 00:49:00 [/shop/shopping/load_payment_module.php] SendRequest:https://p01.mul-pay.jp/payment/SearchMember.idPass from 71.233.151.168
2023/03/11 00:49:00 [/shop/shopping/load_payment_module.php] Array
(
    [SiteID] => mst0000007602
    [SitePass] => ******
    [MemberID] => 2687
)
 from 71.233.151.168
2023/03/11 00:49:00 [/shop/shopping/load_payment_module.php] ErrCode=E01&ErrInfo=E01390002 from 71.233.151.168
2023/03/11 00:49:00 [/shop/shopping/load_payment_module.php] Array
(
    [0] => Array
        (
            [ErrCode] => E01
            [ErrInfo] => E01390002
        )

)
 from 71.233.151.168
2023/03/11 00:49:00 [/shop/shopping/load_payment_module.php] SendRequest:https://p01.mul-pay.jp/payment/SearchCard.idPass from 71.233.151.168
2023/03/11 00:49:00 [/shop/shopping/load_payment_module.php] Array
(
    [SiteID] => mst0000007602
    [SitePass] => ******
    [MemberID] => 2687
)
 from 71.233.151.168
2023/03/11 00:49:00 [/shop/shopping/load_payment_module.php] ErrCode=E01|E01&ErrInfo=E01390002|E01240002 from 71.233.151.168
2023/03/11 00:49:00 [/shop/shopping/load_payment_module.php] Array
(
    [0] => Array
        (
            [ErrCode] => E01
            [ErrInfo] => E01390002
        )

    [1] => Array
        (
            [ErrCode] => E01
            [ErrInfo] => E01240002
        )

)
 from 71.233.151.168
2023/03/11 00:49:00 [/shop/shopping/load_payment_module.php] SendRequest:https://p01.mul-pay.jp/payment/EntryTran.idPass from 71.233.151.168
2023/03/11 00:49:00 [/shop/shopping/load_payment_module.php] Array
(
    [ShopID] => 9000034600950
    [ShopPass] => ******
    [OrderID] => 950148-11004900
    [JobCd] => CAPTURE
    [Amount] => 11640
    [TdFlag] => 0
    [TdTenantName] => 
)
 from 71.233.151.168
2023/03/11 00:49:00 [/shop/shopping/load_payment_module.php] AccessID=1a2f5b199870f0ed593793f92db9bd8c&AccessPass=15cdd2b335ccd547e2d88f8663cf5d15 from 71.233.151.168
2023/03/11 00:49:00 [/shop/shopping/load_payment_module.php] Array
(
    [0] => Array
        (
            [AccessID] => 1a2f5b199870f0ed593793f92db9bd8c
            [AccessPass] => 15cdd2b335ccd547e2d88f8663cf5d15
        )

)
 from 71.233.151.168
2023/03/11 00:49:00 [/shop/shopping/load_payment_module.php] load_payment_module.php set payment data:Array
(
    [AccessID] => 1a2f5b199870f0ed593793f92db9bd8c
    [AccessPass] => 15cdd2b335ccd547e2d88f8663cf5d15
    [OrderID] => 950148-11004900
    [Amount] => 11640
    [JobCd] => CAPTURE
    [action_status] => 1
    [pay_status] => 0
)
 from 71.233.151.168
2023/03/11 00:49:00 [/shop/shopping/load_payment_module.php] SendRequest:https://p01.mul-pay.jp/payment/ExecTran.idPass from 71.233.151.168
2023/03/11 00:49:00 [/shop/shopping/load_payment_module.php] Array
(
    [AccessID] => 1a2f5b199870f0ed593793f92db9bd8c
    [AccessPass] => 15cdd2b335ccd547e2d88f8663cf5d15
    [OrderID] => 950148-11004900
    [Method] => 1
    [Token] => 53f74f266bc4142732a862fe066dab5e648f381328ed38d2abc297656ca27aba
    [ClientField1] => 
    [ClientField2] => 
    [ClientField3] => EC-CUBE4.3.35
)
 from 71.233.151.168
2023/03/11 00:49:01 [/shop/shopping/load_payment_module.php] ErrCode=G12&ErrInfo=42G120000 from 71.233.151.168
2023/03/11 00:49:01 [/shop/shopping/load_payment_module.php] Array
(
    [0] => Array
        (
            [ErrCode] => G12
            [ErrInfo] => 42G120000
        )

)
 from 71.233.151.168
2023/03/11 00:49:01 [/shop/shopping/load_payment_module.php] load_payment_module.php set payment data:Array
(
    [request_error] => Array
        (
            [0] => このカードでは取引をする事が出来ません。 (G12-42G120000)
        )

    [Amount] => 11640
    [JobCd] => CAPTURE
    [action_status] => 3
)
 from 71.233.151.168
2023/03/11 00:49:02 [/shop/user_data/pg_mulpay_recv.php] ******* receiveer data start ******* from 210.175.7.20
2023/03/11 00:49:02 [/shop/user_data/pg_mulpay_recv.php] Array
(
    [ShopID] => 9000034600950
    [ShopPass] => **********
    [AccessID] => 1a2f5b199870f0ed593793f92db9bd8c
    [AccessPass] => ********************************
    [OrderID] => 950148-11004900
    [Status] => UNPROCESSED
    [JobCd] => CAPTURE
    [Amount] => 11640
    [Tax] => 0
    [Currency] => JPN
    [Forward] => 2S49631
    [Method] => 1
    [PayTimes] => 
    [TranID] => 2303110049602257210134151110
    [Approve] =>        
    [TranDate] => 20230311004901
    [ErrCode] => G12
    [ErrInfo] => 42G120000
    [PayType] => 0
)
 from 210.175.7.20
2023/03/11 00:49:02 [/shop/user_data/pg_mulpay_recv.php] ******* receiveer data end ******* from 210.175.7.20
2023/03/11 00:49:02 [/shop/user_data/pg_mulpay_recv.php] pg_mulpay_recv.php set payment data:Array
(
    [ShopID] => 9000034600950
    [AccessID] => 1a2f5b199870f0ed593793f92db9bd8c
    [OrderID] => 950148-11004900
    [Status] => UNPROCESSED
    [JobCd] => CAPTURE
    [Amount] => 11640
    [Tax] => 0
    [Currency] => JPN
    [Forward] => 2S49631
    [Method] => 1
    [PayTimes] => 
    [TranID] => 2303110049602257210134151110
    [Approve] => 
    [TranDate] => 20230311004901
    [ErrCode] => G12
    [ErrInfo] => 42G120000
    [PayType] => 0
    [CvsCode] => 
    [CvsConfNo] => 
    [CvsReceiptNo] => 
    [EdyReceiptNo] => 
    [EdyOrderNo] => 
    [SuicaReceiptNo] => 
    [SuicaOrderNo] => 
    [CustID] => 
    [BkCode] => 
    [ConfNo] => 
    [PaymentTerm] => 
    [EncryptReceiptNo] => 
    [FinishDate] => 
    [ReceiptDate] => 
    [WebMoneyManagementNo] => 
    [WebMoneySettleCode] => 
    [AuPayInfoNo] => 
    [AuPayMethod] => 
    [AuCancelAmount] => 
    [AuCancelTax] => 
    [DocomoSettlementCode] => 
    [DocomoCancelAmount] => 
    [DocomoCancelTax] => 
    [pay_status] => 0
)
 from 210.175.7.20
2023/03/11 00:49:02 [/shop/user_data/pg_mulpay_recv.php] response:true from 210.175.7.20
2023/03/11 00:52:58 [/shop/shopping/load_payment_module.php] SendRequest:https://p01.mul-pay.jp/payment/SearchMember.idPass from 71.233.151.168
2023/03/11 00:52:58 [/shop/shopping/load_payment_module.php] Array
(
    [SiteID] => mst0000007602
    [SitePass] => ******
    [MemberID] => 2687
)
 from 71.233.151.168
2023/03/11 00:52:58 [/shop/shopping/load_payment_module.php] ErrCode=E01&ErrInfo=E01390002 from 71.233.151.168
2023/03/11 00:52:58 [/shop/shopping/load_payment_module.php] Array
(
    [0] => Array
        (
            [ErrCode] => E01
            [ErrInfo] => E01390002
        )

)
 from 71.233.151.168
2023/03/11 00:52:58 [/shop/shopping/load_payment_module.php] SendRequest:https://p01.mul-pay.jp/payment/SearchCard.idPass from 71.233.151.168
2023/03/11 00:52:58 [/shop/shopping/load_payment_module.php] Array
(
    [SiteID] => mst0000007602
    [SitePass] => ******
    [MemberID] => 2687
)
 from 71.233.151.168
2023/03/11 00:52:58 [/shop/shopping/load_payment_module.php] ErrCode=E01|E01&ErrInfo=E01390002|E01240002 from 71.233.151.168
2023/03/11 00:52:58 [/shop/shopping/load_payment_module.php] Array
(
    [0] => Array
        (
            [ErrCode] => E01
            [ErrInfo] => E01390002
        )

    [1] => Array
        (
            [ErrCode] => E01
            [ErrInfo] => E01240002
        )

)
 from 71.233.151.168
2023/03/11 00:52:58 [/shop/shopping/load_payment_module.php] SendRequest:https://p01.mul-pay.jp/payment/ExecTran.idPass from 71.233.151.168
2023/03/11 00:52:58 [/shop/shopping/load_payment_module.php] Array
(
    [AccessID] => 1a2f5b199870f0ed593793f92db9bd8c
    [AccessPass] => 15cdd2b335ccd547e2d88f8663cf5d15
    [OrderID] => 950148-11004900
    [Method] => 1
    [PayTimes] => 
    [Token] => 0a6a8e752656bb22c892dbdd7ce20171715f879d6f7a01568b2c9ad386ae28ae
    [ClientField1] => 
    [ClientField2] => 
    [ClientField3] => EC-CUBE4.3.35
)
 from 71.233.151.168
2023/03/11 00:52:59 [/shop/shopping/load_payment_module.php] ACS=0&OrderID=950148-11004900&Forward=2959876&Method=1&PayTimes=&Approve=0256685&TranID=2303110052602257210134181139&TranDate=20230311005259&CheckString=6d9f4d48ffd02866ed8e11b96950e370 from 71.233.151.168
2023/03/11 00:52:59 [/shop/shopping/load_payment_module.php] Array
(
    [0] => Array
        (
            [ACS] => 0
            [OrderID] => 950148-11004900
            [Forward] => 2959876
            [Method] => 1
            [PayTimes] => 
            [Approve] => 0256685
            [TranID] => 2303110052602257210134181139
            [TranDate] => 20230311005259
            [CheckString] => 6d9f4d48ffd02866ed8e11b96950e370
        )

)
 from 71.233.151.168
2023/03/11 00:52:59 [/shop/shopping/load_payment_module.php] load_payment_module.php set payment data:Array
(
    [ACS] => 0
    [Forward] => 2959876
    [Method] => 1
    [PayTimes] => 
    [Approve] => 0256685
    [TranID] => 2303110052602257210134181139
    [TranDate] => 20230311005259
    [CheckString] => 6d9f4d48ffd02866ed8e11b96950e370
    [Amount] => 11640
    [JobCd] => CAPTURE
    [action_status] => 3
    [pay_status] => 13
)
 from 71.233.151.168
2023/03/11 00:52:59 [/shop/user_data/pg_mulpay_recv.php] ******* receiveer data start ******* from 210.175.7.20
2023/03/11 00:52:59 [/shop/user_data/pg_mulpay_recv.php] Array
(
    [ShopID] => 9000034600950
    [ShopPass] => **********
    [AccessID] => 1a2f5b199870f0ed593793f92db9bd8c
    [AccessPass] => ********************************
    [OrderID] => 950148-11004900
    [Status] => CAPTURE
    [JobCd] => CAPTURE
    [Amount] => 11640
    [Tax] => 0
    [Currency] => JPN
    [Forward] => 2959876
    [Method] => 1
    [PayTimes] => 
    [TranID] => 2303110052602257210134181139
    [Approve] => 0256685
    [TranDate] => 20230311005259
    [ErrCode] => 
    [ErrInfo] => 
    [PayType] => 0
)
 from 210.175.7.20
2023/03/11 00:52:59 [/shop/user_data/pg_mulpay_recv.php] ******* receiveer data end ******* from 210.175.7.20
2023/03/11 00:53:04 [/shop/user_data/pg_mulpay_recv.php] update order status:1 order_id=950148 from 210.175.7.20
2023/03/11 00:53:04 [/shop/user_data/pg_mulpay_recv.php] pg_mulpay_recv.php set payment data:Array
(
    [ShopID] => 9000034600950
    [AccessID] => 1a2f5b199870f0ed593793f92db9bd8c
    [OrderID] => 950148-11004900
    [Status] => CAPTURE
    [JobCd] => CAPTURE
    [Amount] => 11640
    [Tax] => 0
    [Currency] => JPN
    [Forward] => 2959876
    [Method] => 1
    [PayTimes] => 
    [TranID] => 2303110052602257210134181139
    [Approve] => 0256685
    [TranDate] => 20230311005259
    [PayType] => 0
    [CvsCode] => 
    [CvsConfNo] => 
    [CvsReceiptNo] => 
    [EdyReceiptNo] => 
    [EdyOrderNo] => 
    [SuicaReceiptNo] => 
    [SuicaOrderNo] => 
    [CustID] => 
    [BkCode] => 
    [ConfNo] => 
    [PaymentTerm] => 
    [EncryptReceiptNo] => 
    [FinishDate] => 
    [ReceiptDate] => 
    [WebMoneyManagementNo] => 
    [WebMoneySettleCode] => 
    [AuPayInfoNo] => 
    [AuPayMethod] => 
    [AuCancelAmount] => 
    [AuCancelTax] => 
    [DocomoSettlementCode] => 
    [DocomoCancelAmount] => 
    [DocomoCancelTax] => 
    [pay_status] => 13
)
 from 210.175.7.20
2023/03/11 00:53:04 [/shop/user_data/pg_mulpay_recv.php] response:true from 210.175.7.20
2023/03/11 00:55:34 [/shop/shopping/load_payment_module.php] SendRequest:https://p01.mul-pay.jp/payment/SearchMember.idPass from 136.226.3.70
2023/03/11 00:55:34 [/shop/shopping/load_payment_module.php] Array
(
    [SiteID] => mst0000007602
    [SitePass] => ******
    [MemberID] => 3405
)
 from 136.226.3.70
2023/03/11 00:55:34 [/shop/shopping/load_payment_module.php] ErrCode=E01&ErrInfo=E01390002 from 136.226.3.70
2023/03/11 00:55:34 [/shop/shopping/load_payment_module.php] Array
(
    [0] => Array
        (
            [ErrCode] => E01
            [ErrInfo] => E01390002
        )

)
 from 136.226.3.70
2023/03/11 00:55:34 [/shop/shopping/load_payment_module.php] SendRequest:https://p01.mul-pay.jp/payment/SearchCard.idPass from 136.226.3.70
2023/03/11 00:55:34 [/shop/shopping/load_payment_module.php] Array
(
    [SiteID] => mst0000007602
    [SitePass] => ******
    [MemberID] => 3405
)
 from 136.226.3.70
2023/03/11 00:55:34 [/shop/shopping/load_payment_module.php] ErrCode=E01|E01&ErrInfo=E01390002|E01240002 from 136.226.3.70
2023/03/11 00:55:34 [/shop/shopping/load_payment_module.php] Array
(
    [0] => Array
        (
            [ErrCode] => E01
            [ErrInfo] => E01390002
        )

    [1] => Array
        (
            [ErrCode] => E01
            [ErrInfo] => E01240002
        )

)
 from 136.226.3.70
2023/03/11 00:56:12 [/shop/shopping/load_payment_module.php] SendRequest:https://p01.mul-pay.jp/payment/SearchMember.idPass from 136.226.3.70
2023/03/11 00:56:12 [/shop/shopping/load_payment_module.php] Array
(
    [SiteID] => mst0000007602
    [SitePass] => ******
    [MemberID] => 3405
)
 from 136.226.3.70
2023/03/11 00:56:12 [/shop/shopping/load_payment_module.php] ErrCode=E01&ErrInfo=E01390002 from 136.226.3.70
2023/03/11 00:56:12 [/shop/shopping/load_payment_module.php] Array
(
    [0] => Array
        (
            [ErrCode] => E01
            [ErrInfo] => E01390002
        )

)
 from 136.226.3.70
2023/03/11 00:56:12 [/shop/shopping/load_payment_module.php] SendRequest:https://p01.mul-pay.jp/payment/SearchCard.idPass from 136.226.3.70
2023/03/11 00:56:12 [/shop/shopping/load_payment_module.php] Array
(
    [SiteID] => mst0000007602
    [SitePass] => ******
    [MemberID] => 3405
)
 from 136.226.3.70
2023/03/11 00:56:12 [/shop/shopping/load_payment_module.php] ErrCode=E01|E01&ErrInfo=E01390002|E01240002 from 136.226.3.70
2023/03/11 00:56:12 [/shop/shopping/load_payment_module.php] Array
(
    [0] => Array
        (
            [ErrCode] => E01
            [ErrInfo] => E01390002
        )

    [1] => Array
        (
            [ErrCode] => E01
            [ErrInfo] => E01240002
        )

)
 from 136.226.3.70
2023/03/11 00:56:12 [/shop/shopping/load_payment_module.php] SendRequest:https://p01.mul-pay.jp/payment/EntryTran.idPass from 136.226.3.70
2023/03/11 00:56:12 [/shop/shopping/load_payment_module.php] Array
(
    [ShopID] => 9000034600950
    [ShopPass] => ******
    [OrderID] => 950149-11005612
    [JobCd] => CAPTURE
    [Amount] => 9870
    [TdFlag] => 0
    [TdTenantName] => 
)
 from 136.226.3.70
2023/03/11 00:56:12 [/shop/shopping/load_payment_module.php] AccessID=e568758031f78b11b805d4dd4dfb2c1b&AccessPass=b178c36dde3655aa1063e4622b6d1e92 from 136.226.3.70
2023/03/11 00:56:12 [/shop/shopping/load_payment_module.php] Array
(
    [0] => Array
        (
            [AccessID] => e568758031f78b11b805d4dd4dfb2c1b
            [AccessPass] => b178c36dde3655aa1063e4622b6d1e92
        )

)
 from 136.226.3.70
2023/03/11 00:56:12 [/shop/shopping/load_payment_module.php] load_payment_module.php set payment data:Array
(
    [AccessID] => e568758031f78b11b805d4dd4dfb2c1b
    [AccessPass] => b178c36dde3655aa1063e4622b6d1e92
    [OrderID] => 950149-11005612
    [Amount] => 9870
    [JobCd] => CAPTURE
    [action_status] => 1
    [pay_status] => 0
)
 from 136.226.3.70
2023/03/11 00:56:12 [/shop/shopping/load_payment_module.php] SendRequest:https://p01.mul-pay.jp/payment/ExecTran.idPass from 136.226.3.70
2023/03/11 00:56:12 [/shop/shopping/load_payment_module.php] Array
(
    [AccessID] => e568758031f78b11b805d4dd4dfb2c1b
    [AccessPass] => b178c36dde3655aa1063e4622b6d1e92
    [OrderID] => 950149-11005612
    [Method] => 1
    [Token] => ce528a701d39517de172c4575e92100fb0b20ef05137d132991f0b05de6b2e24
    [ClientField1] => 
    [ClientField2] => 
    [ClientField3] => EC-CUBE4.3.35
)
 from 136.226.3.70
2023/03/11 00:56:13 [/shop/shopping/load_payment_module.php] ACS=0&OrderID=950149-11005612&Forward=2959876&Method=1&PayTimes=&Approve=0818209&TranID=2303110056602257210134151111&TranDate=20230311005613&CheckString=efcb330c39b7b33e769ee7405ffe51f7 from 136.226.3.70
2023/03/11 00:56:13 [/shop/shopping/load_payment_module.php] Array
(
    [0] => Array
        (
            [ACS] => 0
            [OrderID] => 950149-11005612
            [Forward] => 2959876
            [Method] => 1
            [PayTimes] => 
            [Approve] => 0818209
            [TranID] => 2303110056602257210134151111
            [TranDate] => 20230311005613
            [CheckString] => efcb330c39b7b33e769ee7405ffe51f7
        )

)
 from 136.226.3.70
2023/03/11 00:56:13 [/shop/shopping/load_payment_module.php] load_payment_module.php set payment data:Array
(
    [ACS] => 0
    [Forward] => 2959876
    [Method] => 1
    [PayTimes] => 
    [Approve] => 0818209
    [TranID] => 2303110056602257210134151111
    [TranDate] => 20230311005613
    [CheckString] => efcb330c39b7b33e769ee7405ffe51f7
    [Amount] => 9870
    [JobCd] => CAPTURE
    [action_status] => 3
    [pay_status] => 13
)
 from 136.226.3.70
2023/03/11 00:56:13 [/shop/user_data/pg_mulpay_recv.php] ******* receiveer data start ******* from 210.175.7.20
2023/03/11 00:56:13 [/shop/user_data/pg_mulpay_recv.php] Array
(
    [ShopID] => 9000034600950
    [ShopPass] => **********
    [AccessID] => e568758031f78b11b805d4dd4dfb2c1b
    [AccessPass] => ********************************
    [OrderID] => 950149-11005612
    [Status] => CAPTURE
    [JobCd] => CAPTURE
    [Amount] => 9870
    [Tax] => 0
    [Currency] => JPN
    [Forward] => 2959876
    [Method] => 1
    [PayTimes] => 
    [TranID] => 2303110056602257210134151111
    [Approve] => 0818209
    [TranDate] => 20230311005613
    [ErrCode] => 
    [ErrInfo] => 
    [PayType] => 0
)
 from 210.175.7.20
2023/03/11 00:56:13 [/shop/user_data/pg_mulpay_recv.php] ******* receiveer data end ******* from 210.175.7.20
2023/03/11 00:56:18 [/shop/user_data/pg_mulpay_recv.php] update order status:1 order_id=950149 from 210.175.7.20
2023/03/11 00:56:18 [/shop/user_data/pg_mulpay_recv.php] pg_mulpay_recv.php set payment data:Array
(
    [ShopID] => 9000034600950
    [AccessID] => e568758031f78b11b805d4dd4dfb2c1b
    [OrderID] => 950149-11005612
    [Status] => CAPTURE
    [JobCd] => CAPTURE
    [Amount] => 9870
    [Tax] => 0
    [Currency] => JPN
    [Forward] => 2959876
    [Method] => 1
    [PayTimes] => 
    [TranID] => 2303110056602257210134151111
    [Approve] => 0818209
    [TranDate] => 20230311005613
    [ErrCode] => 
    [ErrInfo] => 
    [PayType] => 0
    [CvsCode] => 
    [CvsConfNo] => 
    [CvsReceiptNo] => 
    [EdyReceiptNo] => 
    [EdyOrderNo] => 
    [SuicaReceiptNo] => 
    [SuicaOrderNo] => 
    [CustID] => 
    [BkCode] => 
    [ConfNo] => 
    [PaymentTerm] => 
    [EncryptReceiptNo] => 
    [FinishDate] => 
    [ReceiptDate] => 
    [WebMoneyManagementNo] => 
    [WebMoneySettleCode] => 
    [AuPayInfoNo] => 
    [AuPayMethod] => 
    [AuCancelAmount] => 
    [AuCancelTax] => 
    [DocomoSettlementCode] => 
    [DocomoCancelAmount] => 
    [DocomoCancelTax] => 
    [pay_status] => 13
)
 from 210.175.7.20
2023/03/11 00:56:18 [/shop/user_data/pg_mulpay_recv.php] response:true from 210.175.7.20
2023/03/11 01:28:09 [/shop/shopping/load_payment_module.php] SendRequest:https://p01.mul-pay.jp/payment/EntryTran.idPass from 148.64.26.5
2023/03/11 01:28:09 [/shop/shopping/load_payment_module.php] Array
(
    [ShopID] => 9000034600950
    [ShopPass] => ******
    [OrderID] => 950150-11012809
    [JobCd] => CAPTURE
    [Amount] => 38150
    [TdFlag] => 0
    [TdTenantName] => 
)
 from 148.64.26.5
2023/03/11 01:28:09 [/shop/shopping/load_payment_module.php] AccessID=3eb1b1ff40d4e79901f06d9db0ae183b&AccessPass=bdc648bee2eaf0b12a10841311533464 from 148.64.26.5
2023/03/11 01:28:09 [/shop/shopping/load_payment_module.php] Array
(
    [0] => Array
        (
            [AccessID] => 3eb1b1ff40d4e79901f06d9db0ae183b
            [AccessPass] => bdc648bee2eaf0b12a10841311533464
        )

)
 from 148.64.26.5
2023/03/11 01:28:09 [/shop/shopping/load_payment_module.php] load_payment_module.php set payment data:Array
(
    [AccessID] => 3eb1b1ff40d4e79901f06d9db0ae183b
    [AccessPass] => bdc648bee2eaf0b12a10841311533464
    [OrderID] => 950150-11012809
    [Amount] => 38150
    [JobCd] => CAPTURE
    [action_status] => 1
    [pay_status] => 0
)
 from 148.64.26.5
2023/03/11 01:28:09 [/shop/shopping/load_payment_module.php] SendRequest:https://p01.mul-pay.jp/payment/ExecTran.idPass from 148.64.26.5
2023/03/11 01:28:09 [/shop/shopping/load_payment_module.php] Array
(
    [AccessID] => 3eb1b1ff40d4e79901f06d9db0ae183b
    [AccessPass] => bdc648bee2eaf0b12a10841311533464
    [OrderID] => 950150-11012809
    [Method] => 1
    [Token] => 281836eac1d2b23c8eedfd341ca0ee46d224022a0d1eb2ca1382cbae3531f51f
    [ClientField1] => 
    [ClientField2] => 
    [ClientField3] => EC-CUBE4.3.35
)
 from 148.64.26.5
2023/03/11 01:28:10 [/shop/shopping/load_payment_module.php] ACS=0&OrderID=950150-11012809&Forward=2S49631&Method=1&PayTimes=&Approve=0010613&TranID=2303110128602257210134161118&TranDate=20230311012810&CheckString=387eb895cb1a404362c42165e3051307 from 148.64.26.5
2023/03/11 01:28:10 [/shop/shopping/load_payment_module.php] Array
(
    [0] => Array
        (
            [ACS] => 0
            [OrderID] => 950150-11012809
            [Forward] => 2S49631
            [Method] => 1
            [PayTimes] => 
            [Approve] => 0010613
            [TranID] => 2303110128602257210134161118
            [TranDate] => 20230311012810
            [CheckString] => 387eb895cb1a404362c42165e3051307
        )

)
 from 148.64.26.5
2023/03/11 01:28:10 [/shop/shopping/load_payment_module.php] load_payment_module.php set payment data:Array
(
    [ACS] => 0
    [Forward] => 2S49631
    [Method] => 1
    [PayTimes] => 
    [Approve] => 0010613
    [TranID] => 2303110128602257210134161118
    [TranDate] => 20230311012810
    [CheckString] => 387eb895cb1a404362c42165e3051307
    [Amount] => 38150
    [JobCd] => CAPTURE
    [action_status] => 3
    [pay_status] => 13
)
 from 148.64.26.5
2023/03/11 01:28:10 [/shop/user_data/pg_mulpay_recv.php] ******* receiveer data start ******* from 210.175.7.20
2023/03/11 01:28:10 [/shop/user_data/pg_mulpay_recv.php] Array
(
    [ShopID] => 9000034600950
    [ShopPass] => **********
    [AccessID] => 3eb1b1ff40d4e79901f06d9db0ae183b
    [AccessPass] => ********************************
    [OrderID] => 950150-11012809
    [Status] => CAPTURE
    [JobCd] => CAPTURE
    [Amount] => 38150
    [Tax] => 0
    [Currency] => JPN
    [Forward] => 2S49631
    [Method] => 1
    [PayTimes] => 
    [TranID] => 2303110128602257210134161118
    [Approve] => 0010613
    [TranDate] => 20230311012810
    [ErrCode] => 
    [ErrInfo] => 
    [PayType] => 0
)
 from 210.175.7.20
2023/03/11 01:28:10 [/shop/user_data/pg_mulpay_recv.php] ******* receiveer data end ******* from 210.175.7.20
2023/03/11 01:28:15 [/shop/user_data/pg_mulpay_recv.php] update order status:1 order_id=950150 from 210.175.7.20
2023/03/11 01:28:15 [/shop/user_data/pg_mulpay_recv.php] pg_mulpay_recv.php set payment data:Array
(
    [ShopID] => 9000034600950
    [AccessID] => 3eb1b1ff40d4e79901f06d9db0ae183b
    [OrderID] => 950150-11012809
    [Status] => CAPTURE
    [JobCd] => CAPTURE
    [Amount] => 38150
    [Tax] => 0
    [Currency] => JPN
    [Forward] => 2S49631
    [Method] => 1
    [PayTimes] => 
    [TranID] => 2303110128602257210134161118
    [Approve] => 0010613
    [TranDate] => 20230311012810
    [ErrCode] => 
    [ErrInfo] => 
    [PayType] => 0
    [CvsCode] => 
    [CvsConfNo] => 
    [CvsReceiptNo] => 
    [EdyReceiptNo] => 
    [EdyOrderNo] => 
    [SuicaReceiptNo] => 
    [SuicaOrderNo] => 
    [CustID] => 
    [BkCode] => 
    [ConfNo] => 
    [PaymentTerm] => 
    [EncryptReceiptNo] => 
    [FinishDate] => 
    [ReceiptDate] => 
    [WebMoneyManagementNo] => 
    [WebMoneySettleCode] => 
    [AuPayInfoNo] => 
    [AuPayMethod] => 
    [AuCancelAmount] => 
    [AuCancelTax] => 
    [DocomoSettlementCode] => 
    [DocomoCancelAmount] => 
    [DocomoCancelTax] => 
    [pay_status] => 13
)
 from 210.175.7.20
2023/03/11 01:28:15 [/shop/user_data/pg_mulpay_recv.php] response:true from 210.175.7.20
2023/03/11 01:40:29 [/shop/shopping/load_payment_module.php] SendRequest:https://p01.mul-pay.jp/payment/EntryTran.idPass from 217.225.58.34
2023/03/11 01:40:29 [/shop/shopping/load_payment_module.php] Array
(
    [ShopID] => 9000034600950
    [ShopPass] => ******
    [OrderID] => 950151-11014029
    [JobCd] => CAPTURE
    [Amount] => 6950
    [TdFlag] => 0
    [TdTenantName] => 
)
 from 217.225.58.34
2023/03/11 01:40:29 [/shop/shopping/load_payment_module.php] AccessID=32d2b816002da19fb56c5fcd9515cd97&AccessPass=ad759af74768068e28f0f780ea6c9928 from 217.225.58.34
2023/03/11 01:40:29 [/shop/shopping/load_payment_module.php] Array
(
    [0] => Array
        (
            [AccessID] => 32d2b816002da19fb56c5fcd9515cd97
            [AccessPass] => ad759af74768068e28f0f780ea6c9928
        )

)
 from 217.225.58.34
2023/03/11 01:40:29 [/shop/shopping/load_payment_module.php] load_payment_module.php set payment data:Array
(
    [AccessID] => 32d2b816002da19fb56c5fcd9515cd97
    [AccessPass] => ad759af74768068e28f0f780ea6c9928
    [OrderID] => 950151-11014029
    [Amount] => 6950
    [JobCd] => CAPTURE
    [action_status] => 1
    [pay_status] => 0
)
 from 217.225.58.34
2023/03/11 01:40:29 [/shop/shopping/load_payment_module.php] SendRequest:https://p01.mul-pay.jp/payment/ExecTran.idPass from 217.225.58.34
2023/03/11 01:40:29 [/shop/shopping/load_payment_module.php] Array
(
    [AccessID] => 32d2b816002da19fb56c5fcd9515cd97
    [AccessPass] => ad759af74768068e28f0f780ea6c9928
    [OrderID] => 950151-11014029
    [Method] => 1
    [Token] => 040626e255f022e1394a1cfaddd8cebc907fafdcf9cd9a36b79dcd35b55089d3
    [ClientField1] => 
    [ClientField2] => 
    [ClientField3] => EC-CUBE4.3.35
)
 from 217.225.58.34
2023/03/11 01:40:30 [/shop/shopping/load_payment_module.php] ACS=0&OrderID=950151-11014029&Forward=2S49631&Method=1&PayTimes=&Approve=0008085&TranID=2303110140602257210134181140&TranDate=20230311014030&CheckString=34641bc50020b18c679c0faab4fc8eb8 from 217.225.58.34
2023/03/11 01:40:30 [/shop/shopping/load_payment_module.php] Array
(
    [0] => Array
        (
            [ACS] => 0
            [OrderID] => 950151-11014029
            [Forward] => 2S49631
            [Method] => 1
            [PayTimes] => 
            [Approve] => 0008085
            [TranID] => 2303110140602257210134181140
            [TranDate] => 20230311014030
            [CheckString] => 34641bc50020b18c679c0faab4fc8eb8
        )

)
 from 217.225.58.34
2023/03/11 01:40:30 [/shop/shopping/load_payment_module.php] load_payment_module.php set payment data:Array
(
    [ACS] => 0
    [Forward] => 2S49631
    [Method] => 1
    [PayTimes] => 
    [Approve] => 0008085
    [TranID] => 2303110140602257210134181140
    [TranDate] => 20230311014030
    [CheckString] => 34641bc50020b18c679c0faab4fc8eb8
    [Amount] => 6950
    [JobCd] => CAPTURE
    [action_status] => 3
    [pay_status] => 13
)
 from 217.225.58.34
2023/03/11 01:40:30 [/shop/user_data/pg_mulpay_recv.php] ******* receiveer data start ******* from 210.175.7.20
2023/03/11 01:40:30 [/shop/user_data/pg_mulpay_recv.php] Array
(
    [ShopID] => 9000034600950
    [ShopPass] => **********
    [AccessID] => 32d2b816002da19fb56c5fcd9515cd97
    [AccessPass] => ********************************
    [OrderID] => 950151-11014029
    [Status] => CAPTURE
    [JobCd] => CAPTURE
    [Amount] => 6950
    [Tax] => 0
    [Currency] => JPN
    [Forward] => 2S49631
    [Method] => 1
    [PayTimes] => 
    [TranID] => 2303110140602257210134181140
    [Approve] => 0008085
    [TranDate] => 20230311014030
    [ErrCode] => 
    [ErrInfo] => 
    [PayType] => 0
)
 from 210.175.7.20
2023/03/11 01:40:30 [/shop/user_data/pg_mulpay_recv.php] ******* receiveer data end ******* from 210.175.7.20
2023/03/11 01:40:35 [/shop/user_data/pg_mulpay_recv.php] update order status:1 order_id=950151 from 210.175.7.20
2023/03/11 01:40:35 [/shop/user_data/pg_mulpay_recv.php] pg_mulpay_recv.php set payment data:Array
(
    [ShopID] => 9000034600950
    [AccessID] => 32d2b816002da19fb56c5fcd9515cd97
    [OrderID] => 950151-11014029
    [Status] => CAPTURE
    [JobCd] => CAPTURE
    [Amount] => 6950
    [Tax] => 0
    [Currency] => JPN
    [Forward] => 2S49631
    [Method] => 1
    [PayTimes] => 
    [TranID] => 2303110140602257210134181140
    [Approve] => 0008085
    [TranDate] => 20230311014030
    [ErrCode] => 
    [ErrInfo] => 
    [PayType] => 0
    [CvsCode] => 
    [CvsConfNo] => 
    [CvsReceiptNo] => 
    [EdyReceiptNo] => 
    [EdyOrderNo] => 
    [SuicaReceiptNo] => 
    [SuicaOrderNo] => 
    [CustID] => 
    [BkCode] => 
    [ConfNo] => 
    [PaymentTerm] => 
    [EncryptReceiptNo] => 
    [FinishDate] => 
    [ReceiptDate] => 
    [WebMoneyManagementNo] => 
    [WebMoneySettleCode] => 
    [AuPayInfoNo] => 
    [AuPayMethod] => 
    [AuCancelAmount] => 
    [AuCancelTax] => 
    [DocomoSettlementCode] => 
    [DocomoCancelAmount] => 
    [DocomoCancelTax] => 
    [pay_status] => 13
)
 from 210.175.7.20
2023/03/11 01:40:35 [/shop/user_data/pg_mulpay_recv.php] response:true from 210.175.7.20
2023/03/11 02:40:48 [/shop/shopping/load_payment_module.php] SendRequest:https://p01.mul-pay.jp/payment/EntryTran.idPass from 179.228.59.145
2023/03/11 02:40:48 [/shop/shopping/load_payment_module.php] Array
(
    [ShopID] => 9000034600950
    [ShopPass] => ******
    [OrderID] => 950152-11024048
    [JobCd] => CAPTURE
    [Amount] => 10500
    [TdFlag] => 0
    [TdTenantName] => 
)
 from 179.228.59.145
2023/03/11 02:40:48 [/shop/shopping/load_payment_module.php] AccessID=3a2f2919790ff845b3db4fc19d0159f3&AccessPass=72e9b785d621d5f554979d8bb950868e from 179.228.59.145
2023/03/11 02:40:48 [/shop/shopping/load_payment_module.php] Array
(
    [0] => Array
        (
            [AccessID] => 3a2f2919790ff845b3db4fc19d0159f3
            [AccessPass] => 72e9b785d621d5f554979d8bb950868e
        )

)
 from 179.228.59.145
2023/03/11 02:40:48 [/shop/shopping/load_payment_module.php] load_payment_module.php set payment data:Array
(
    [AccessID] => 3a2f2919790ff845b3db4fc19d0159f3
    [AccessPass] => 72e9b785d621d5f554979d8bb950868e
    [OrderID] => 950152-11024048
    [Amount] => 10500
    [JobCd] => CAPTURE
    [action_status] => 1
    [pay_status] => 0
)
 from 179.228.59.145
2023/03/11 02:40:48 [/shop/shopping/load_payment_module.php] SendRequest:https://p01.mul-pay.jp/payment/ExecTran.idPass from 179.228.59.145
2023/03/11 02:40:48 [/shop/shopping/load_payment_module.php] Array
(
    [AccessID] => 3a2f2919790ff845b3db4fc19d0159f3
    [AccessPass] => 72e9b785d621d5f554979d8bb950868e
    [OrderID] => 950152-11024048
    [Method] => 1
    [Token] => 29f7fe90c67eae5e1b7f26e911a2d61fa914af137bd93c1eda7230024789a605
    [ClientField1] => 
    [ClientField2] => 
    [ClientField3] => EC-CUBE4.3.35
)
 from 179.228.59.145
2023/03/11 02:40:48 [/shop/shopping/load_payment_module.php] ACS=0&OrderID=950152-11024048&Forward=2959876&Method=1&PayTimes=&Approve=0089125&TranID=2303110240602257210134171023&TranDate=20230311024048&CheckString=fddcb4cfcde8b4b64479cd2cb16984d8 from 179.228.59.145
2023/03/11 02:40:48 [/shop/shopping/load_payment_module.php] Array
(
    [0] => Array
        (
            [ACS] => 0
            [OrderID] => 950152-11024048
            [Forward] => 2959876
            [Method] => 1
            [PayTimes] => 
            [Approve] => 0089125
            [TranID] => 2303110240602257210134171023
            [TranDate] => 20230311024048
            [CheckString] => fddcb4cfcde8b4b64479cd2cb16984d8
        )

)
 from 179.228.59.145
2023/03/11 02:40:48 [/shop/shopping/load_payment_module.php] load_payment_module.php set payment data:Array
(
    [ACS] => 0
    [Forward] => 2959876
    [Method] => 1
    [PayTimes] => 
    [Approve] => 0089125
    [TranID] => 2303110240602257210134171023
    [TranDate] => 20230311024048
    [CheckString] => fddcb4cfcde8b4b64479cd2cb16984d8
    [Amount] => 10500
    [JobCd] => CAPTURE
    [action_status] => 3
    [pay_status] => 13
)
 from 179.228.59.145
2023/03/11 02:40:49 [/shop/user_data/pg_mulpay_recv.php] ******* receiveer data start ******* from 210.175.7.20
2023/03/11 02:40:49 [/shop/user_data/pg_mulpay_recv.php] Array
(
    [ShopID] => 9000034600950
    [ShopPass] => **********
    [AccessID] => 3a2f2919790ff845b3db4fc19d0159f3
    [AccessPass] => ********************************
    [OrderID] => 950152-11024048
    [Status] => CAPTURE
    [JobCd] => CAPTURE
    [Amount] => 10500
    [Tax] => 0
    [Currency] => JPN
    [Forward] => 2959876
    [Method] => 1
    [PayTimes] => 
    [TranID] => 2303110240602257210134171023
    [Approve] => 0089125
    [TranDate] => 20230311024048
    [ErrCode] => 
    [ErrInfo] => 
    [PayType] => 0
)
 from 210.175.7.20
2023/03/11 02:40:49 [/shop/user_data/pg_mulpay_recv.php] ******* receiveer data end ******* from 210.175.7.20
2023/03/11 02:40:54 [/shop/user_data/pg_mulpay_recv.php] update order status:1 order_id=950152 from 210.175.7.20
2023/03/11 02:40:54 [/shop/user_data/pg_mulpay_recv.php] pg_mulpay_recv.php set payment data:Array
(
    [ShopID] => 9000034600950
    [AccessID] => 3a2f2919790ff845b3db4fc19d0159f3
    [OrderID] => 950152-11024048
    [Status] => CAPTURE
    [JobCd] => CAPTURE
    [Amount] => 10500
    [Tax] => 0
    [Currency] => JPN
    [Forward] => 2959876
    [Method] => 1
    [PayTimes] => 
    [TranID] => 2303110240602257210134171023
    [Approve] => 0089125
    [TranDate] => 20230311024048
    [ErrCode] => 
    [ErrInfo] => 
    [PayType] => 0
    [CvsCode] => 
    [CvsConfNo] => 
    [CvsReceiptNo] => 
    [EdyReceiptNo] => 
    [EdyOrderNo] => 
    [SuicaReceiptNo] => 
    [SuicaOrderNo] => 
    [CustID] => 
    [BkCode] => 
    [ConfNo] => 
    [PaymentTerm] => 
    [EncryptReceiptNo] => 
    [FinishDate] => 
    [ReceiptDate] => 
    [WebMoneyManagementNo] => 
    [WebMoneySettleCode] => 
    [AuPayInfoNo] => 
    [AuPayMethod] => 
    [AuCancelAmount] => 
    [AuCancelTax] => 
    [DocomoSettlementCode] => 
    [DocomoCancelAmount] => 
    [DocomoCancelTax] => 
    [pay_status] => 13
)
 from 210.175.7.20
2023/03/11 02:40:54 [/shop/user_data/pg_mulpay_recv.php] response:true from 210.175.7.20
2023/03/11 05:41:01 [/shop/shopping/load_payment_module.php] SendRequest:https://p01.mul-pay.jp/payment/EntryTran.idPass from 124.33.211.130
2023/03/11 05:41:01 [/shop/shopping/load_payment_module.php] Array
(
    [ShopID] => 9000034600950
    [ShopPass] => ******
    [OrderID] => 950153-11054101
    [JobCd] => CAPTURE
    [Amount] => 6410
    [TdFlag] => 0
    [TdTenantName] => 
)
 from 124.33.211.130
2023/03/11 05:41:01 [/shop/shopping/load_payment_module.php] AccessID=2ee0086b788ea37fb915b96110b78d70&AccessPass=e3dda8e23cde378872e6490459d6f2f5 from 124.33.211.130
2023/03/11 05:41:01 [/shop/shopping/load_payment_module.php] Array
(
    [0] => Array
        (
            [AccessID] => 2ee0086b788ea37fb915b96110b78d70
            [AccessPass] => e3dda8e23cde378872e6490459d6f2f5
        )

)
 from 124.33.211.130
2023/03/11 05:41:01 [/shop/shopping/load_payment_module.php] load_payment_module.php set payment data:Array
(
    [AccessID] => 2ee0086b788ea37fb915b96110b78d70
    [AccessPass] => e3dda8e23cde378872e6490459d6f2f5
    [OrderID] => 950153-11054101
    [Amount] => 6410
    [JobCd] => CAPTURE
    [action_status] => 1
    [pay_status] => 0
)
 from 124.33.211.130
2023/03/11 05:41:01 [/shop/shopping/load_payment_module.php] SendRequest:https://p01.mul-pay.jp/payment/ExecTran.idPass from 124.33.211.130
2023/03/11 05:41:01 [/shop/shopping/load_payment_module.php] Array
(
    [AccessID] => 2ee0086b788ea37fb915b96110b78d70
    [AccessPass] => e3dda8e23cde378872e6490459d6f2f5
    [OrderID] => 950153-11054101
    [Method] => 1
    [Token] => d4e39890a13a95360c962a8cf48b64eed9c7745ba36d625a743f747bec48c120
    [ClientField1] => 
    [ClientField2] => 
    [ClientField3] => EC-CUBE4.3.35
)
 from 124.33.211.130
2023/03/11 05:41:01 [/shop/shopping/load_payment_module.php] ACS=0&OrderID=950153-11054101&Forward=2S49631&Method=1&PayTimes=&Approve=0467618&TranID=2303110541602257210134161119&TranDate=20230311054101&CheckString=8c1ebe8539a5c347d94e718b43b35721 from 124.33.211.130
2023/03/11 05:41:01 [/shop/shopping/load_payment_module.php] Array
(
    [0] => Array
        (
            [ACS] => 0
            [OrderID] => 950153-11054101
            [Forward] => 2S49631
            [Method] => 1
            [PayTimes] => 
            [Approve] => 0467618
            [TranID] => 2303110541602257210134161119
            [TranDate] => 20230311054101
            [CheckString] => 8c1ebe8539a5c347d94e718b43b35721
        )

)
 from 124.33.211.130
2023/03/11 05:41:01 [/shop/shopping/load_payment_module.php] load_payment_module.php set payment data:Array
(
    [ACS] => 0
    [Forward] => 2S49631
    [Method] => 1
    [PayTimes] => 
    [Approve] => 0467618
    [TranID] => 2303110541602257210134161119
    [TranDate] => 20230311054101
    [CheckString] => 8c1ebe8539a5c347d94e718b43b35721
    [Amount] => 6410
    [JobCd] => CAPTURE
    [action_status] => 3
    [pay_status] => 13
)
 from 124.33.211.130
2023/03/11 05:41:02 [/shop/user_data/pg_mulpay_recv.php] ******* receiveer data start ******* from 210.175.7.20
2023/03/11 05:41:02 [/shop/user_data/pg_mulpay_recv.php] Array
(
    [ShopID] => 9000034600950
    [ShopPass] => **********
    [AccessID] => 2ee0086b788ea37fb915b96110b78d70
    [AccessPass] => ********************************
    [OrderID] => 950153-11054101
    [Status] => CAPTURE
    [JobCd] => CAPTURE
    [Amount] => 6410
    [Tax] => 0
    [Currency] => JPN
    [Forward] => 2S49631
    [Method] => 1
    [PayTimes] => 
    [TranID] => 2303110541602257210134161119
    [Approve] => 0467618
    [TranDate] => 20230311054101
    [ErrCode] => 
    [ErrInfo] => 
    [PayType] => 0
)
 from 210.175.7.20
2023/03/11 05:41:02 [/shop/user_data/pg_mulpay_recv.php] ******* receiveer data end ******* from 210.175.7.20
2023/03/11 05:41:07 [/shop/user_data/pg_mulpay_recv.php] update order status:1 order_id=950153 from 210.175.7.20
2023/03/11 05:41:07 [/shop/user_data/pg_mulpay_recv.php] pg_mulpay_recv.php set payment data:Array
(
    [ShopID] => 9000034600950
    [AccessID] => 2ee0086b788ea37fb915b96110b78d70
    [OrderID] => 950153-11054101
    [Status] => CAPTURE
    [JobCd] => CAPTURE
    [Amount] => 6410
    [Tax] => 0
    [Currency] => JPN
    [Forward] => 2S49631
    [Method] => 1
    [PayTimes] => 
    [TranID] => 2303110541602257210134161119
    [Approve] => 0467618
    [TranDate] => 20230311054101
    [ErrCode] => 
    [ErrInfo] => 
    [PayType] => 0
    [CvsCode] => 
    [CvsConfNo] => 
    [CvsReceiptNo] => 
    [EdyReceiptNo] => 
    [EdyOrderNo] => 
    [SuicaReceiptNo] => 
    [SuicaOrderNo] => 
    [CustID] => 
    [BkCode] => 
    [ConfNo] => 
    [PaymentTerm] => 
    [EncryptReceiptNo] => 
    [FinishDate] => 
    [ReceiptDate] => 
    [WebMoneyManagementNo] => 
    [WebMoneySettleCode] => 
    [AuPayInfoNo] => 
    [AuPayMethod] => 
    [AuCancelAmount] => 
    [AuCancelTax] => 
    [DocomoSettlementCode] => 
    [DocomoCancelAmount] => 
    [DocomoCancelTax] => 
    [pay_status] => 13
)
 from 210.175.7.20
2023/03/11 05:41:07 [/shop/user_data/pg_mulpay_recv.php] response:true from 210.175.7.20
2023/03/11 07:22:02 [/shop/shopping/load_payment_module.php] SendRequest:https://p01.mul-pay.jp/payment/SearchMember.idPass from 70.180.228.204
2023/03/11 07:22:02 [/shop/shopping/load_payment_module.php] Array
(
    [SiteID] => mst0000007602
    [SitePass] => ******
    [MemberID] => 11373
)
 from 70.180.228.204
2023/03/11 07:22:02 [/shop/shopping/load_payment_module.php] ErrCode=E01&ErrInfo=E01390002 from 70.180.228.204
2023/03/11 07:22:03 [/shop/shopping/load_payment_module.php] Array
(
    [0] => Array
        (
            [ErrCode] => E01
            [ErrInfo] => E01390002
        )

)
 from 70.180.228.204
2023/03/11 07:22:03 [/shop/shopping/load_payment_module.php] SendRequest:https://p01.mul-pay.jp/payment/SearchCard.idPass from 70.180.228.204
2023/03/11 07:22:03 [/shop/shopping/load_payment_module.php] Array
(
    [SiteID] => mst0000007602
    [SitePass] => ******
    [MemberID] => 11373
)
 from 70.180.228.204
2023/03/11 07:22:03 [/shop/shopping/load_payment_module.php] ErrCode=E01|E01&ErrInfo=E01390002|E01240002 from 70.180.228.204
2023/03/11 07:22:03 [/shop/shopping/load_payment_module.php] Array
(
    [0] => Array
        (
            [ErrCode] => E01
            [ErrInfo] => E01390002
        )

    [1] => Array
        (
            [ErrCode] => E01
            [ErrInfo] => E01240002
        )

)
 from 70.180.228.204
2023/03/11 07:22:21 [/shop/shopping/load_payment_module.php] SendRequest:https://p01.mul-pay.jp/payment/SearchMember.idPass from 70.180.228.204
2023/03/11 07:22:21 [/shop/shopping/load_payment_module.php] Array
(
    [SiteID] => mst0000007602
    [SitePass] => ******
    [MemberID] => 11373
)
 from 70.180.228.204
2023/03/11 07:22:21 [/shop/shopping/load_payment_module.php] ErrCode=E01&ErrInfo=E01390002 from 70.180.228.204
2023/03/11 07:22:21 [/shop/shopping/load_payment_module.php] Array
(
    [0] => Array
        (
            [ErrCode] => E01
            [ErrInfo] => E01390002
        )

)
 from 70.180.228.204
2023/03/11 07:22:21 [/shop/shopping/load_payment_module.php] SendRequest:https://p01.mul-pay.jp/payment/SearchCard.idPass from 70.180.228.204
2023/03/11 07:22:21 [/shop/shopping/load_payment_module.php] Array
(
    [SiteID] => mst0000007602
    [SitePass] => ******
    [MemberID] => 11373
)
 from 70.180.228.204
2023/03/11 07:22:21 [/shop/shopping/load_payment_module.php] ErrCode=E01|E01&ErrInfo=E01390002|E01240002 from 70.180.228.204
2023/03/11 07:22:21 [/shop/shopping/load_payment_module.php] Array
(
    [0] => Array
        (
            [ErrCode] => E01
            [ErrInfo] => E01390002
        )

    [1] => Array
        (
            [ErrCode] => E01
            [ErrInfo] => E01240002
        )

)
 from 70.180.228.204
2023/03/11 07:22:21 [/shop/shopping/load_payment_module.php] SendRequest:https://p01.mul-pay.jp/payment/EntryTran.idPass from 70.180.228.204
2023/03/11 07:22:21 [/shop/shopping/load_payment_module.php] Array
(
    [ShopID] => 9000034600950
    [ShopPass] => ******
    [OrderID] => 950154-11072221
    [JobCd] => CAPTURE
    [Amount] => 8690
    [TdFlag] => 0
    [TdTenantName] => 
)
 from 70.180.228.204
2023/03/11 07:22:21 [/shop/shopping/load_payment_module.php] AccessID=7397232e069747186733ad217342702f&AccessPass=346f69c0b451fb45bab70ca6f5dda807 from 70.180.228.204
2023/03/11 07:22:21 [/shop/shopping/load_payment_module.php] Array
(
    [0] => Array
        (
            [AccessID] => 7397232e069747186733ad217342702f
            [AccessPass] => 346f69c0b451fb45bab70ca6f5dda807
        )

)
 from 70.180.228.204
2023/03/11 07:22:21 [/shop/shopping/load_payment_module.php] load_payment_module.php set payment data:Array
(
    [AccessID] => 7397232e069747186733ad217342702f
    [AccessPass] => 346f69c0b451fb45bab70ca6f5dda807
    [OrderID] => 950154-11072221
    [Amount] => 8690
    [JobCd] => CAPTURE
    [action_status] => 1
    [pay_status] => 0
)
 from 70.180.228.204
2023/03/11 07:22:21 [/shop/shopping/load_payment_module.php] SendRequest:https://p01.mul-pay.jp/payment/ExecTran.idPass from 70.180.228.204
2023/03/11 07:22:21 [/shop/shopping/load_payment_module.php] Array
(
    [AccessID] => 7397232e069747186733ad217342702f
    [AccessPass] => 346f69c0b451fb45bab70ca6f5dda807
    [OrderID] => 950154-11072221
    [Method] => 1
    [Token] => 9c134def3dfb68021a375538c8e0470ffb60172741fc2e8c919eb2ec61018455
    [ClientField1] => 
    [ClientField2] => 
    [ClientField3] => EC-CUBE4.3.35
)
 from 70.180.228.204
2023/03/11 07:22:22 [/shop/shopping/load_payment_module.php] ACS=0&OrderID=950154-11072221&Forward=2S49631&Method=1&PayTimes=&Approve=0066639&TranID=2303110722602257210134171024&TranDate=20230311072222&CheckString=44ef51d3025d071093b80851ded314f5 from 70.180.228.204
2023/03/11 07:22:22 [/shop/shopping/load_payment_module.php] Array
(
    [0] => Array
        (
            [ACS] => 0
            [OrderID] => 950154-11072221
            [Forward] => 2S49631
            [Method] => 1
            [PayTimes] => 
            [Approve] => 0066639
            [TranID] => 2303110722602257210134171024
            [TranDate] => 20230311072222
            [CheckString] => 44ef51d3025d071093b80851ded314f5
        )

)
 from 70.180.228.204
2023/03/11 07:22:22 [/shop/shopping/load_payment_module.php] load_payment_module.php set payment data:Array
(
    [ACS] => 0
    [Forward] => 2S49631
    [Method] => 1
    [PayTimes] => 
    [Approve] => 0066639
    [TranID] => 2303110722602257210134171024
    [TranDate] => 20230311072222
    [CheckString] => 44ef51d3025d071093b80851ded314f5
    [Amount] => 8690
    [JobCd] => CAPTURE
    [action_status] => 3
    [pay_status] => 13
)
 from 70.180.228.204
2023/03/11 07:22:22 [/shop/user_data/pg_mulpay_recv.php] ******* receiveer data start ******* from 210.175.7.20
2023/03/11 07:22:22 [/shop/user_data/pg_mulpay_recv.php] Array
(
    [ShopID] => 9000034600950
    [ShopPass] => **********
    [AccessID] => 7397232e069747186733ad217342702f
    [AccessPass] => ********************************
    [OrderID] => 950154-11072221
    [Status] => CAPTURE
    [JobCd] => CAPTURE
    [Amount] => 8690
    [Tax] => 0
    [Currency] => JPN
    [Forward] => 2S49631
    [Method] => 1
    [PayTimes] => 
    [TranID] => 2303110722602257210134171024
    [Approve] => 0066639
    [TranDate] => 20230311072222
    [ErrCode] => 
    [ErrInfo] => 
    [PayType] => 0
)
 from 210.175.7.20
2023/03/11 07:22:22 [/shop/user_data/pg_mulpay_recv.php] ******* receiveer data end ******* from 210.175.7.20
2023/03/11 07:22:27 [/shop/user_data/pg_mulpay_recv.php] update order status:1 order_id=950154 from 210.175.7.20
2023/03/11 07:22:27 [/shop/user_data/pg_mulpay_recv.php] pg_mulpay_recv.php set payment data:Array
(
    [ShopID] => 9000034600950
    [AccessID] => 7397232e069747186733ad217342702f
    [OrderID] => 950154-11072221
    [Status] => CAPTURE
    [JobCd] => CAPTURE
    [Amount] => 8690
    [Tax] => 0
    [Currency] => JPN
    [Forward] => 2S49631
    [Method] => 1
    [PayTimes] => 
    [TranID] => 2303110722602257210134171024
    [Approve] => 0066639
    [TranDate] => 20230311072222
    [ErrCode] => 
    [ErrInfo] => 
    [PayType] => 0
    [CvsCode] => 
    [CvsConfNo] => 
    [CvsReceiptNo] => 
    [EdyReceiptNo] => 
    [EdyOrderNo] => 
    [SuicaReceiptNo] => 
    [SuicaOrderNo] => 
    [CustID] => 
    [BkCode] => 
    [ConfNo] => 
    [PaymentTerm] => 
    [EncryptReceiptNo] => 
    [FinishDate] => 
    [ReceiptDate] => 
    [WebMoneyManagementNo] => 
    [WebMoneySettleCode] => 
    [AuPayInfoNo] => 
    [AuPayMethod] => 
    [AuCancelAmount] => 
    [AuCancelTax] => 
    [DocomoSettlementCode] => 
    [DocomoCancelAmount] => 
    [DocomoCancelTax] => 
    [pay_status] => 13
)
 from 210.175.7.20
2023/03/11 07:22:27 [/shop/user_data/pg_mulpay_recv.php] response:true from 210.175.7.20
2023/03/11 07:53:06 [/shop/shopping/load_payment_module.php] SendRequest:https://p01.mul-pay.jp/payment/SearchMember.idPass from 98.51.8.55
2023/03/11 07:53:06 [/shop/shopping/load_payment_module.php] Array
(
    [SiteID] => mst0000007602
    [SitePass] => ******
    [MemberID] => 11375
)
 from 98.51.8.55
2023/03/11 07:53:06 [/shop/shopping/load_payment_module.php] ErrCode=E01&ErrInfo=E01390002 from 98.51.8.55
2023/03/11 07:53:06 [/shop/shopping/load_payment_module.php] Array
(
    [0] => Array
        (
            [ErrCode] => E01
            [ErrInfo] => E01390002
        )

)
 from 98.51.8.55
2023/03/11 07:53:06 [/shop/shopping/load_payment_module.php] SendRequest:https://p01.mul-pay.jp/payment/SearchCard.idPass from 98.51.8.55
2023/03/11 07:53:06 [/shop/shopping/load_payment_module.php] Array
(
    [SiteID] => mst0000007602
    [SitePass] => ******
    [MemberID] => 11375
)
 from 98.51.8.55
2023/03/11 07:53:06 [/shop/shopping/load_payment_module.php] ErrCode=E01|E01&ErrInfo=E01390002|E01240002 from 98.51.8.55
2023/03/11 07:53:06 [/shop/shopping/load_payment_module.php] Array
(
    [0] => Array
        (
            [ErrCode] => E01
            [ErrInfo] => E01390002
        )

    [1] => Array
        (
            [ErrCode] => E01
            [ErrInfo] => E01240002
        )

)
 from 98.51.8.55
2023/03/11 07:53:22 [/shop/shopping/load_payment_module.php] SendRequest:https://p01.mul-pay.jp/payment/SearchMember.idPass from 98.51.8.55
2023/03/11 07:53:22 [/shop/shopping/load_payment_module.php] Array
(
    [SiteID] => mst0000007602
    [SitePass] => ******
    [MemberID] => 11375
)
 from 98.51.8.55
2023/03/11 07:53:22 [/shop/shopping/load_payment_module.php] ErrCode=E01&ErrInfo=E01390002 from 98.51.8.55
2023/03/11 07:53:22 [/shop/shopping/load_payment_module.php] Array
(
    [0] => Array
        (
            [ErrCode] => E01
            [ErrInfo] => E01390002
        )

)
 from 98.51.8.55
2023/03/11 07:53:22 [/shop/shopping/load_payment_module.php] SendRequest:https://p01.mul-pay.jp/payment/SearchCard.idPass from 98.51.8.55
2023/03/11 07:53:22 [/shop/shopping/load_payment_module.php] Array
(
    [SiteID] => mst0000007602
    [SitePass] => ******
    [MemberID] => 11375
)
 from 98.51.8.55
2023/03/11 07:53:22 [/shop/shopping/load_payment_module.php] ErrCode=E01|E01&ErrInfo=E01390002|E01240002 from 98.51.8.55
2023/03/11 07:53:22 [/shop/shopping/load_payment_module.php] Array
(
    [0] => Array
        (
            [ErrCode] => E01
            [ErrInfo] => E01390002
        )

    [1] => Array
        (
            [ErrCode] => E01
            [ErrInfo] => E01240002
        )

)
 from 98.51.8.55
2023/03/11 07:53:22 [/shop/shopping/load_payment_module.php] SendRequest:https://p01.mul-pay.jp/payment/EntryTran.idPass from 98.51.8.55
2023/03/11 07:53:22 [/shop/shopping/load_payment_module.php] Array
(
    [ShopID] => 9000034600950
    [ShopPass] => ******
    [OrderID] => 950155-11075322
    [JobCd] => CAPTURE
    [Amount] => 8140
    [TdFlag] => 0
    [TdTenantName] => 
)
 from 98.51.8.55
2023/03/11 07:53:22 [/shop/shopping/load_payment_module.php] AccessID=7c3920ca653388fe939c8eafce08ec2c&AccessPass=b2d2e3dc64e7defb0d3d9a0d350cd26c from 98.51.8.55
2023/03/11 07:53:22 [/shop/shopping/load_payment_module.php] Array
(
    [0] => Array
        (
            [AccessID] => 7c3920ca653388fe939c8eafce08ec2c
            [AccessPass] => b2d2e3dc64e7defb0d3d9a0d350cd26c
        )

)
 from 98.51.8.55
2023/03/11 07:53:22 [/shop/shopping/load_payment_module.php] load_payment_module.php set payment data:Array
(
    [AccessID] => 7c3920ca653388fe939c8eafce08ec2c
    [AccessPass] => b2d2e3dc64e7defb0d3d9a0d350cd26c
    [OrderID] => 950155-11075322
    [Amount] => 8140
    [JobCd] => CAPTURE
    [action_status] => 1
    [pay_status] => 0
)
 from 98.51.8.55
2023/03/11 07:53:22 [/shop/shopping/load_payment_module.php] SendRequest:https://p01.mul-pay.jp/payment/ExecTran.idPass from 98.51.8.55
2023/03/11 07:53:22 [/shop/shopping/load_payment_module.php] Array
(
    [AccessID] => 7c3920ca653388fe939c8eafce08ec2c
    [AccessPass] => b2d2e3dc64e7defb0d3d9a0d350cd26c
    [OrderID] => 950155-11075322
    [Method] => 1
    [Token] => 5d816bc737780435f158d0a6fd5808d8d809da0dbf9cc75994b1cde6720cb3e2
    [ClientField1] => 
    [ClientField2] => 
    [ClientField3] => EC-CUBE4.3.35
)
 from 98.51.8.55
2023/03/11 07:53:22 [/shop/shopping/load_payment_module.php] ErrCode=E01&ErrInfo=E01260010 from 98.51.8.55
2023/03/11 07:53:22 [/shop/shopping/load_payment_module.php] Array
(
    [0] => Array
        (
            [ErrCode] => E01
            [ErrInfo] => E01260010
        )

)
 from 98.51.8.55
2023/03/11 07:53:22 [/shop/shopping/load_payment_module.php] load_payment_module.php set payment data:Array
(
    [request_error] => Array
        (
            [0] => 指定された支払方法はご利用できません。 (E01-E01260010)
        )

    [Amount] => 8140
    [JobCd] => CAPTURE
    [action_status] => 3
)
 from 98.51.8.55
2023/03/11 07:54:09 [/shop/shopping/load_payment_module.php] SendRequest:https://p01.mul-pay.jp/payment/SearchMember.idPass from 98.51.8.55
2023/03/11 07:54:09 [/shop/shopping/load_payment_module.php] Array
(
    [SiteID] => mst0000007602
    [SitePass] => ******
    [MemberID] => 11375
)
 from 98.51.8.55
2023/03/11 07:54:09 [/shop/shopping/load_payment_module.php] ErrCode=E01&ErrInfo=E01390002 from 98.51.8.55
2023/03/11 07:54:09 [/shop/shopping/load_payment_module.php] Array
(
    [0] => Array
        (
            [ErrCode] => E01
            [ErrInfo] => E01390002
        )

)
 from 98.51.8.55
2023/03/11 07:54:09 [/shop/shopping/load_payment_module.php] SendRequest:https://p01.mul-pay.jp/payment/SearchCard.idPass from 98.51.8.55
2023/03/11 07:54:09 [/shop/shopping/load_payment_module.php] Array
(
    [SiteID] => mst0000007602
    [SitePass] => ******
    [MemberID] => 11375
)
 from 98.51.8.55
2023/03/11 07:54:09 [/shop/shopping/load_payment_module.php] ErrCode=E01|E01&ErrInfo=E01390002|E01240002 from 98.51.8.55
2023/03/11 07:54:09 [/shop/shopping/load_payment_module.php] Array
(
    [0] => Array
        (
            [ErrCode] => E01
            [ErrInfo] => E01390002
        )

    [1] => Array
        (
            [ErrCode] => E01
            [ErrInfo] => E01240002
        )

)
 from 98.51.8.55
2023/03/11 07:54:09 [/shop/shopping/load_payment_module.php] SendRequest:https://p01.mul-pay.jp/payment/ExecTran.idPass from 98.51.8.55
2023/03/11 07:54:09 [/shop/shopping/load_payment_module.php] Array
(
    [AccessID] => 7c3920ca653388fe939c8eafce08ec2c
    [AccessPass] => b2d2e3dc64e7defb0d3d9a0d350cd26c
    [OrderID] => 950155-11075322
    [Method] => 1
    [Token] => 65066228fe49699a1864abec2c59a5aae2fd013f276b8954348b49a5c1e63ea6
    [ClientField1] => 
    [ClientField2] => 
    [ClientField3] => EC-CUBE4.3.35
)
 from 98.51.8.55
2023/03/11 07:54:09 [/shop/shopping/load_payment_module.php] ACS=0&OrderID=950155-11075322&Forward=2S49631&Method=1&PayTimes=&Approve=0051514&TranID=2303110754602257210134161120&TranDate=20230311075409&CheckString=b91adf075685daca6a33b0b5dcb1097b from 98.51.8.55
2023/03/11 07:54:09 [/shop/shopping/load_payment_module.php] Array
(
    [0] => Array
        (
            [ACS] => 0
            [OrderID] => 950155-11075322
            [Forward] => 2S49631
            [Method] => 1
            [PayTimes] => 
            [Approve] => 0051514
            [TranID] => 2303110754602257210134161120
            [TranDate] => 20230311075409
            [CheckString] => b91adf075685daca6a33b0b5dcb1097b
        )

)
 from 98.51.8.55
2023/03/11 07:54:09 [/shop/shopping/load_payment_module.php] load_payment_module.php set payment data:Array
(
    [ACS] => 0
    [Forward] => 2S49631
    [Method] => 1
    [PayTimes] => 
    [Approve] => 0051514
    [TranID] => 2303110754602257210134161120
    [TranDate] => 20230311075409
    [CheckString] => b91adf075685daca6a33b0b5dcb1097b
    [Amount] => 8140
    [JobCd] => CAPTURE
    [action_status] => 3
    [pay_status] => 13
)
 from 98.51.8.55
2023/03/11 07:54:09 [/shop/user_data/pg_mulpay_recv.php] ******* receiveer data start ******* from 210.175.7.20
2023/03/11 07:54:09 [/shop/user_data/pg_mulpay_recv.php] Array
(
    [ShopID] => 9000034600950
    [ShopPass] => **********
    [AccessID] => 7c3920ca653388fe939c8eafce08ec2c
    [AccessPass] => ********************************
    [OrderID] => 950155-11075322
    [Status] => CAPTURE
    [JobCd] => CAPTURE
    [Amount] => 8140
    [Tax] => 0
    [Currency] => JPN
    [Forward] => 2S49631
    [Method] => 1
    [PayTimes] => 
    [TranID] => 2303110754602257210134161120
    [Approve] => 0051514
    [TranDate] => 20230311075409
    [ErrCode] => 
    [ErrInfo] => 
    [PayType] => 0
)
 from 210.175.7.20
2023/03/11 07:54:09 [/shop/user_data/pg_mulpay_recv.php] ******* receiveer data end ******* from 210.175.7.20
2023/03/11 07:54:15 [/shop/user_data/pg_mulpay_recv.php] update order status:1 order_id=950155 from 210.175.7.20
2023/03/11 07:54:15 [/shop/user_data/pg_mulpay_recv.php] pg_mulpay_recv.php set payment data:Array
(
    [ShopID] => 9000034600950
    [AccessID] => 7c3920ca653388fe939c8eafce08ec2c
    [OrderID] => 950155-11075322
    [Status] => CAPTURE
    [JobCd] => CAPTURE
    [Amount] => 8140
    [Tax] => 0
    [Currency] => JPN
    [Forward] => 2S49631
    [Method] => 1
    [PayTimes] => 
    [TranID] => 2303110754602257210134161120
    [Approve] => 0051514
    [TranDate] => 20230311075409
    [ErrCode] => 
    [ErrInfo] => 
    [PayType] => 0
    [CvsCode] => 
    [CvsConfNo] => 
    [CvsReceiptNo] => 
    [EdyReceiptNo] => 
    [EdyOrderNo] => 
    [SuicaReceiptNo] => 
    [SuicaOrderNo] => 
    [CustID] => 
    [BkCode] => 
    [ConfNo] => 
    [PaymentTerm] => 
    [EncryptReceiptNo] => 
    [FinishDate] => 
    [ReceiptDate] => 
    [WebMoneyManagementNo] => 
    [WebMoneySettleCode] => 
    [AuPayInfoNo] => 
    [AuPayMethod] => 
    [AuCancelAmount] => 
    [AuCancelTax] => 
    [DocomoSettlementCode] => 
    [DocomoCancelAmount] => 
    [DocomoCancelTax] => 
    [pay_status] => 13
)
 from 210.175.7.20
2023/03/11 07:54:15 [/shop/user_data/pg_mulpay_recv.php] response:true from 210.175.7.20
2023/03/11 08:45:37 [/shop/shopping/load_payment_module.php] SendRequest:https://p01.mul-pay.jp/payment/EntryTran.idPass from 84.64.211.167
2023/03/11 08:45:37 [/shop/shopping/load_payment_module.php] Array
(
    [ShopID] => 9000034600950
    [ShopPass] => ******
    [OrderID] => 950156-11084537
    [JobCd] => CAPTURE
    [Amount] => 8050
    [TdFlag] => 0
    [TdTenantName] => 
)
 from 84.64.211.167
2023/03/11 08:45:37 [/shop/shopping/load_payment_module.php] AccessID=e7527b40d14d371e1b976a6d43c14f44&AccessPass=ff891b3a31eeccb637a3a38ef0a07322 from 84.64.211.167
2023/03/11 08:45:37 [/shop/shopping/load_payment_module.php] Array
(
    [0] => Array
        (
            [AccessID] => e7527b40d14d371e1b976a6d43c14f44
            [AccessPass] => ff891b3a31eeccb637a3a38ef0a07322
        )

)
 from 84.64.211.167
2023/03/11 08:45:37 [/shop/shopping/load_payment_module.php] load_payment_module.php set payment data:Array
(
    [AccessID] => e7527b40d14d371e1b976a6d43c14f44
    [AccessPass] => ff891b3a31eeccb637a3a38ef0a07322
    [OrderID] => 950156-11084537
    [Amount] => 8050
    [JobCd] => CAPTURE
    [action_status] => 1
    [pay_status] => 0
)
 from 84.64.211.167
2023/03/11 08:45:37 [/shop/shopping/load_payment_module.php] SendRequest:https://p01.mul-pay.jp/payment/ExecTran.idPass from 84.64.211.167
2023/03/11 08:45:37 [/shop/shopping/load_payment_module.php] Array
(
    [AccessID] => e7527b40d14d371e1b976a6d43c14f44
    [AccessPass] => ff891b3a31eeccb637a3a38ef0a07322
    [OrderID] => 950156-11084537
    [Method] => 1
    [Token] => 3836b43d9b6aeab1c54d71344f473ef01b90a48d7df9d382bcb5fc7cde02f2ed
    [ClientField1] => 
    [ClientField2] => 
    [ClientField3] => EC-CUBE4.3.35
)
 from 84.64.211.167
2023/03/11 08:45:38 [/shop/shopping/load_payment_module.php] ACS=0&OrderID=950156-11084537&Forward=2S49631&Method=1&PayTimes=&Approve=0431305&TranID=2303110845602257210134161121&TranDate=20230311084538&CheckString=02c243faaba27255b67188d1f63cf55c from 84.64.211.167
2023/03/11 08:45:38 [/shop/shopping/load_payment_module.php] Array
(
    [0] => Array
        (
            [ACS] => 0
            [OrderID] => 950156-11084537
            [Forward] => 2S49631
            [Method] => 1
            [PayTimes] => 
            [Approve] => 0431305
            [TranID] => 2303110845602257210134161121
            [TranDate] => 20230311084538
            [CheckString] => 02c243faaba27255b67188d1f63cf55c
        )

)
 from 84.64.211.167
2023/03/11 08:45:38 [/shop/shopping/load_payment_module.php] load_payment_module.php set payment data:Array
(
    [ACS] => 0
    [Forward] => 2S49631
    [Method] => 1
    [PayTimes] => 
    [Approve] => 0431305
    [TranID] => 2303110845602257210134161121
    [TranDate] => 20230311084538
    [CheckString] => 02c243faaba27255b67188d1f63cf55c
    [Amount] => 8050
    [JobCd] => CAPTURE
    [action_status] => 3
    [pay_status] => 13
)
 from 84.64.211.167
2023/03/11 08:45:38 [/shop/user_data/pg_mulpay_recv.php] ******* receiveer data start ******* from 210.175.7.20
2023/03/11 08:45:38 [/shop/user_data/pg_mulpay_recv.php] Array
(
    [ShopID] => 9000034600950
    [ShopPass] => **********
    [AccessID] => e7527b40d14d371e1b976a6d43c14f44
    [AccessPass] => ********************************
    [OrderID] => 950156-11084537
    [Status] => CAPTURE
    [JobCd] => CAPTURE
    [Amount] => 8050
    [Tax] => 0
    [Currency] => JPN
    [Forward] => 2S49631
    [Method] => 1
    [PayTimes] => 
    [TranID] => 2303110845602257210134161121
    [Approve] => 0431305
    [TranDate] => 20230311084538
    [ErrCode] => 
    [ErrInfo] => 
    [PayType] => 0
)
 from 210.175.7.20
2023/03/11 08:45:38 [/shop/user_data/pg_mulpay_recv.php] ******* receiveer data end ******* from 210.175.7.20
2023/03/11 08:45:43 [/shop/user_data/pg_mulpay_recv.php] update order status:1 order_id=950156 from 210.175.7.20
2023/03/11 08:45:43 [/shop/user_data/pg_mulpay_recv.php] pg_mulpay_recv.php set payment data:Array
(
    [ShopID] => 9000034600950
    [AccessID] => e7527b40d14d371e1b976a6d43c14f44
    [OrderID] => 950156-11084537
    [Status] => CAPTURE
    [JobCd] => CAPTURE
    [Amount] => 8050
    [Tax] => 0
    [Currency] => JPN
    [Forward] => 2S49631
    [Method] => 1
    [PayTimes] => 
    [TranID] => 2303110845602257210134161121
    [Approve] => 0431305
    [TranDate] => 20230311084538
    [ErrCode] => 
    [ErrInfo] => 
    [PayType] => 0
    [CvsCode] => 
    [CvsConfNo] => 
    [CvsReceiptNo] => 
    [EdyReceiptNo] => 
    [EdyOrderNo] => 
    [SuicaReceiptNo] => 
    [SuicaOrderNo] => 
    [CustID] => 
    [BkCode] => 
    [ConfNo] => 
    [PaymentTerm] => 
    [EncryptReceiptNo] => 
    [FinishDate] => 
    [ReceiptDate] => 
    [WebMoneyManagementNo] => 
    [WebMoneySettleCode] => 
    [AuPayInfoNo] => 
    [AuPayMethod] => 
    [AuCancelAmount] => 
    [AuCancelTax] => 
    [DocomoSettlementCode] => 
    [DocomoCancelAmount] => 
    [DocomoCancelTax] => 
    [pay_status] => 13
)
 from 210.175.7.20
2023/03/11 08:45:43 [/shop/user_data/pg_mulpay_recv.php] response:true from 210.175.7.20
2023/03/11 09:38:19 [/shop/shopping/load_payment_module.php] SendRequest:https://p01.mul-pay.jp/payment/EntryTran.idPass from 158.62.11.242
2023/03/11 09:38:19 [/shop/shopping/load_payment_module.php] Array
(
    [ShopID] => 9000034600950
    [ShopPass] => ******
    [OrderID] => 950157-11093819
    [JobCd] => CAPTURE
    [Amount] => 3600
    [TdFlag] => 0
    [TdTenantName] => 
)
 from 158.62.11.242
2023/03/11 09:38:19 [/shop/shopping/load_payment_module.php] AccessID=2780fbfcb0e0443442aabe04d1e21fcd&AccessPass=4f8cb9a0af693221dbc5eedf06ec9f03 from 158.62.11.242
2023/03/11 09:38:19 [/shop/shopping/load_payment_module.php] Array
(
    [0] => Array
        (
            [AccessID] => 2780fbfcb0e0443442aabe04d1e21fcd
            [AccessPass] => 4f8cb9a0af693221dbc5eedf06ec9f03
        )

)
 from 158.62.11.242
2023/03/11 09:38:19 [/shop/shopping/load_payment_module.php] load_payment_module.php set payment data:Array
(
    [AccessID] => 2780fbfcb0e0443442aabe04d1e21fcd
    [AccessPass] => 4f8cb9a0af693221dbc5eedf06ec9f03
    [OrderID] => 950157-11093819
    [Amount] => 3600
    [JobCd] => CAPTURE
    [action_status] => 1
    [pay_status] => 0
)
 from 158.62.11.242
2023/03/11 09:38:19 [/shop/shopping/load_payment_module.php] SendRequest:https://p01.mul-pay.jp/payment/ExecTran.idPass from 158.62.11.242
2023/03/11 09:38:19 [/shop/shopping/load_payment_module.php] Array
(
    [AccessID] => 2780fbfcb0e0443442aabe04d1e21fcd
    [AccessPass] => 4f8cb9a0af693221dbc5eedf06ec9f03
    [OrderID] => 950157-11093819
    [Method] => 1
    [Token] => f8aafaef3b3f07f04fa01e58213646586bb3f8865dec13c0d285be21014f524c
    [ClientField1] => 
    [ClientField2] => 
    [ClientField3] => EC-CUBE4.3.35
)
 from 158.62.11.242
2023/03/11 09:38:20 [/shop/shopping/load_payment_module.php] ACS=0&OrderID=950157-11093819&Forward=2959876&Method=1&PayTimes=&Approve=0336092&TranID=2303110938602257210134161122&TranDate=20230311093820&CheckString=fa2f9d749f768cd262b6f48d91be9aeb from 158.62.11.242
2023/03/11 09:38:20 [/shop/shopping/load_payment_module.php] Array
(
    [0] => Array
        (
            [ACS] => 0
            [OrderID] => 950157-11093819
            [Forward] => 2959876
            [Method] => 1
            [PayTimes] => 
            [Approve] => 0336092
            [TranID] => 2303110938602257210134161122
            [TranDate] => 20230311093820
            [CheckString] => fa2f9d749f768cd262b6f48d91be9aeb
        )

)
 from 158.62.11.242
2023/03/11 09:38:20 [/shop/shopping/load_payment_module.php] load_payment_module.php set payment data:Array
(
    [ACS] => 0
    [Forward] => 2959876
    [Method] => 1
    [PayTimes] => 
    [Approve] => 0336092
    [TranID] => 2303110938602257210134161122
    [TranDate] => 20230311093820
    [CheckString] => fa2f9d749f768cd262b6f48d91be9aeb
    [Amount] => 3600
    [JobCd] => CAPTURE
    [action_status] => 3
    [pay_status] => 13
)
 from 158.62.11.242
2023/03/11 09:38:20 [/shop/user_data/pg_mulpay_recv.php] ******* receiveer data start ******* from 210.175.7.20
2023/03/11 09:38:20 [/shop/user_data/pg_mulpay_recv.php] Array
(
    [ShopID] => 9000034600950
    [ShopPass] => **********
    [AccessID] => 2780fbfcb0e0443442aabe04d1e21fcd
    [AccessPass] => ********************************
    [OrderID] => 950157-11093819
    [Status] => CAPTURE
    [JobCd] => CAPTURE
    [Amount] => 3600
    [Tax] => 0
    [Currency] => JPN
    [Forward] => 2959876
    [Method] => 1
    [PayTimes] => 
    [TranID] => 2303110938602257210134161122
    [Approve] => 0336092
    [TranDate] => 20230311093820
    [ErrCode] => 
    [ErrInfo] => 
    [PayType] => 0
)
 from 210.175.7.20
2023/03/11 09:38:20 [/shop/user_data/pg_mulpay_recv.php] ******* receiveer data end ******* from 210.175.7.20
2023/03/11 09:38:26 [/shop/user_data/pg_mulpay_recv.php] update order status:1 order_id=950157 from 210.175.7.20
2023/03/11 09:38:26 [/shop/user_data/pg_mulpay_recv.php] pg_mulpay_recv.php set payment data:Array
(
    [ShopID] => 9000034600950
    [AccessID] => 2780fbfcb0e0443442aabe04d1e21fcd
    [OrderID] => 950157-11093819
    [Status] => CAPTURE
    [JobCd] => CAPTURE
    [Amount] => 3600
    [Tax] => 0
    [Currency] => JPN
    [Forward] => 2959876
    [Method] => 1
    [PayTimes] => 
    [TranID] => 2303110938602257210134161122
    [Approve] => 0336092
    [TranDate] => 20230311093820
    [ErrCode] => 
    [ErrInfo] => 
    [PayType] => 0
    [CvsCode] => 
    [CvsConfNo] => 
    [CvsReceiptNo] => 
    [EdyReceiptNo] => 
    [EdyOrderNo] => 
    [SuicaReceiptNo] => 
    [SuicaOrderNo] => 
    [CustID] => 
    [BkCode] => 
    [ConfNo] => 
    [PaymentTerm] => 
    [EncryptReceiptNo] => 
    [FinishDate] => 
    [ReceiptDate] => 
    [WebMoneyManagementNo] => 
    [WebMoneySettleCode] => 
    [AuPayInfoNo] => 
    [AuPayMethod] => 
    [AuCancelAmount] => 
    [AuCancelTax] => 
    [DocomoSettlementCode] => 
    [DocomoCancelAmount] => 
    [DocomoCancelTax] => 
    [pay_status] => 13
)
 from 210.175.7.20
2023/03/11 09:38:26 [/shop/user_data/pg_mulpay_recv.php] response:true from 210.175.7.20
2023/03/11 09:55:52 [/shop/shopping/load_payment_module.php] SendRequest:https://p01.mul-pay.jp/payment/SearchMember.idPass from 98.234.176.36
2023/03/11 09:55:52 [/shop/shopping/load_payment_module.php] Array
(
    [SiteID] => mst0000007602
    [SitePass] => ******
    [MemberID] => 11374
)
 from 98.234.176.36
2023/03/11 09:55:52 [/shop/shopping/load_payment_module.php] ErrCode=E01&ErrInfo=E01390002 from 98.234.176.36
2023/03/11 09:55:52 [/shop/shopping/load_payment_module.php] Array
(
    [0] => Array
        (
            [ErrCode] => E01
            [ErrInfo] => E01390002
        )

)
 from 98.234.176.36
2023/03/11 09:55:52 [/shop/shopping/load_payment_module.php] SendRequest:https://p01.mul-pay.jp/payment/SearchCard.idPass from 98.234.176.36
2023/03/11 09:55:52 [/shop/shopping/load_payment_module.php] Array
(
    [SiteID] => mst0000007602
    [SitePass] => ******
    [MemberID] => 11374
)
 from 98.234.176.36
2023/03/11 09:55:52 [/shop/shopping/load_payment_module.php] ErrCode=E01|E01&ErrInfo=E01390002|E01240002 from 98.234.176.36
2023/03/11 09:55:52 [/shop/shopping/load_payment_module.php] Array
(
    [0] => Array
        (
            [ErrCode] => E01
            [ErrInfo] => E01390002
        )

    [1] => Array
        (
            [ErrCode] => E01
            [ErrInfo] => E01240002
        )

)
 from 98.234.176.36
2023/03/11 10:03:46 [/shop/shopping/load_payment_module.php] SendRequest:https://p01.mul-pay.jp/payment/SearchMember.idPass from 98.234.176.36
2023/03/11 10:03:46 [/shop/shopping/load_payment_module.php] Array
(
    [SiteID] => mst0000007602
    [SitePass] => ******
    [MemberID] => 11374
)
 from 98.234.176.36
2023/03/11 10:03:46 [/shop/shopping/load_payment_module.php] ErrCode=E01&ErrInfo=E01390002 from 98.234.176.36
2023/03/11 10:03:46 [/shop/shopping/load_payment_module.php] Array
(
    [0] => Array
        (
            [ErrCode] => E01
            [ErrInfo] => E01390002
        )

)
 from 98.234.176.36
2023/03/11 10:03:46 [/shop/shopping/load_payment_module.php] SendRequest:https://p01.mul-pay.jp/payment/SearchCard.idPass from 98.234.176.36
2023/03/11 10:03:46 [/shop/shopping/load_payment_module.php] Array
(
    [SiteID] => mst0000007602
    [SitePass] => ******
    [MemberID] => 11374
)
 from 98.234.176.36
2023/03/11 10:03:46 [/shop/shopping/load_payment_module.php] ErrCode=E01|E01&ErrInfo=E01390002|E01240002 from 98.234.176.36
2023/03/11 10:03:46 [/shop/shopping/load_payment_module.php] Array
(
    [0] => Array
        (
            [ErrCode] => E01
            [ErrInfo] => E01390002
        )

    [1] => Array
        (
            [ErrCode] => E01
            [ErrInfo] => E01240002
        )

)
 from 98.234.176.36
2023/03/11 10:03:46 [/shop/shopping/load_payment_module.php] SendRequest:https://p01.mul-pay.jp/payment/EntryTran.idPass from 98.234.176.36
2023/03/11 10:03:46 [/shop/shopping/load_payment_module.php] Array
(
    [ShopID] => 9000034600950
    [ShopPass] => ******
    [OrderID] => 950158-11100346
    [JobCd] => CAPTURE
    [Amount] => 7500
    [TdFlag] => 0
    [TdTenantName] => 
)
 from 98.234.176.36
2023/03/11 10:03:46 [/shop/shopping/load_payment_module.php] AccessID=63a2cf48da32dbad9071c11daa3fdb19&AccessPass=78ab24003be5f2f4a9e4e9f1f9f32f57 from 98.234.176.36
2023/03/11 10:03:46 [/shop/shopping/load_payment_module.php] Array
(
    [0] => Array
        (
            [AccessID] => 63a2cf48da32dbad9071c11daa3fdb19
            [AccessPass] => 78ab24003be5f2f4a9e4e9f1f9f32f57
        )

)
 from 98.234.176.36
2023/03/11 10:03:46 [/shop/shopping/load_payment_module.php] load_payment_module.php set payment data:Array
(
    [AccessID] => 63a2cf48da32dbad9071c11daa3fdb19
    [AccessPass] => 78ab24003be5f2f4a9e4e9f1f9f32f57
    [OrderID] => 950158-11100346
    [Amount] => 7500
    [JobCd] => CAPTURE
    [action_status] => 1
    [pay_status] => 0
)
 from 98.234.176.36
2023/03/11 10:03:46 [/shop/shopping/load_payment_module.php] SendRequest:https://p01.mul-pay.jp/payment/ExecTran.idPass from 98.234.176.36
2023/03/11 10:03:46 [/shop/shopping/load_payment_module.php] Array
(
    [AccessID] => 63a2cf48da32dbad9071c11daa3fdb19
    [AccessPass] => 78ab24003be5f2f4a9e4e9f1f9f32f57
    [OrderID] => 950158-11100346
    [Method] => 1
    [Token] => 861e4f1323eb82c9b78af6bc256897905f575fffcd2d718540e8d8f372251226
    [ClientField1] => 
    [ClientField2] => 
    [ClientField3] => EC-CUBE4.3.35
)
 from 98.234.176.36
2023/03/11 10:03:47 [/shop/shopping/load_payment_module.php] ACS=0&OrderID=950158-11100346&Forward=2959876&Method=1&PayTimes=&Approve=0010396&TranID=2303111003602257210134181141&TranDate=20230311100347&CheckString=2baad515a98e5d07cc2cee3511caec44 from 98.234.176.36
2023/03/11 10:03:47 [/shop/shopping/load_payment_module.php] Array
(
    [0] => Array
        (
            [ACS] => 0
            [OrderID] => 950158-11100346
            [Forward] => 2959876
            [Method] => 1
            [PayTimes] => 
            [Approve] => 0010396
            [TranID] => 2303111003602257210134181141
            [TranDate] => 20230311100347
            [CheckString] => 2baad515a98e5d07cc2cee3511caec44
        )

)
 from 98.234.176.36
2023/03/11 10:03:47 [/shop/shopping/load_payment_module.php] load_payment_module.php set payment data:Array
(
    [ACS] => 0
    [Forward] => 2959876
    [Method] => 1
    [PayTimes] => 
    [Approve] => 0010396
    [TranID] => 2303111003602257210134181141
    [TranDate] => 20230311100347
    [CheckString] => 2baad515a98e5d07cc2cee3511caec44
    [Amount] => 7500
    [JobCd] => CAPTURE
    [action_status] => 3
    [pay_status] => 13
)
 from 98.234.176.36
2023/03/11 10:03:47 [/shop/user_data/pg_mulpay_recv.php] ******* receiveer data start ******* from 210.175.7.20
2023/03/11 10:03:47 [/shop/user_data/pg_mulpay_recv.php] Array
(
    [ShopID] => 9000034600950
    [ShopPass] => **********
    [AccessID] => 63a2cf48da32dbad9071c11daa3fdb19
    [AccessPass] => ********************************
    [OrderID] => 950158-11100346
    [Status] => CAPTURE
    [JobCd] => CAPTURE
    [Amount] => 7500
    [Tax] => 0
    [Currency] => JPN
    [Forward] => 2959876
    [Method] => 1
    [PayTimes] => 
    [TranID] => 2303111003602257210134181141
    [Approve] => 0010396
    [TranDate] => 20230311100347
    [ErrCode] => 
    [ErrInfo] => 
    [PayType] => 0
)
 from 210.175.7.20
2023/03/11 10:03:47 [/shop/user_data/pg_mulpay_recv.php] ******* receiveer data end ******* from 210.175.7.20
2023/03/11 10:03:52 [/shop/user_data/pg_mulpay_recv.php] update order status:1 order_id=950158 from 210.175.7.20
2023/03/11 10:03:52 [/shop/user_data/pg_mulpay_recv.php] pg_mulpay_recv.php set payment data:Array
(
    [ShopID] => 9000034600950
    [AccessID] => 63a2cf48da32dbad9071c11daa3fdb19
    [OrderID] => 950158-11100346
    [Status] => CAPTURE
    [JobCd] => CAPTURE
    [Amount] => 7500
    [Tax] => 0
    [Currency] => JPN
    [Forward] => 2959876
    [Method] => 1
    [PayTimes] => 
    [TranID] => 2303111003602257210134181141
    [Approve] => 0010396
    [TranDate] => 20230311100347
    [ErrCode] => 
    [ErrInfo] => 
    [PayType] => 0
    [CvsCode] => 
    [CvsConfNo] => 
    [CvsReceiptNo] => 
    [EdyReceiptNo] => 
    [EdyOrderNo] => 
    [SuicaReceiptNo] => 
    [SuicaOrderNo] => 
    [CustID] => 
    [BkCode] => 
    [ConfNo] => 
    [PaymentTerm] => 
    [EncryptReceiptNo] => 
    [FinishDate] => 
    [ReceiptDate] => 
    [WebMoneyManagementNo] => 
    [WebMoneySettleCode] => 
    [AuPayInfoNo] => 
    [AuPayMethod] => 
    [AuCancelAmount] => 
    [AuCancelTax] => 
    [DocomoSettlementCode] => 
    [DocomoCancelAmount] => 
    [DocomoCancelTax] => 
    [pay_status] => 13
)
 from 210.175.7.20
2023/03/11 10:03:52 [/shop/user_data/pg_mulpay_recv.php] response:true from 210.175.7.20
2023/03/11 10:44:05 [/shop/shopping/load_payment_module.php] SendRequest:https://p01.mul-pay.jp/payment/EntryTran.idPass from 47.232.170.113
2023/03/11 10:44:05 [/shop/shopping/load_payment_module.php] Array
(
    [ShopID] => 9000034600950
    [ShopPass] => ******
    [OrderID] => 950159-11104405
    [JobCd] => CAPTURE
    [Amount] => 8600
    [TdFlag] => 0
    [TdTenantName] => 
)
 from 47.232.170.113
2023/03/11 10:44:05 [/shop/shopping/load_payment_module.php] AccessID=7c8cb55b344c32c2e395288b986c5e04&AccessPass=c5ce757e70bd5dbab3c6d41ca0faffa4 from 47.232.170.113
2023/03/11 10:44:05 [/shop/shopping/load_payment_module.php] Array
(
    [0] => Array
        (
            [AccessID] => 7c8cb55b344c32c2e395288b986c5e04
            [AccessPass] => c5ce757e70bd5dbab3c6d41ca0faffa4
        )

)
 from 47.232.170.113
2023/03/11 10:44:05 [/shop/shopping/load_payment_module.php] load_payment_module.php set payment data:Array
(
    [AccessID] => 7c8cb55b344c32c2e395288b986c5e04
    [AccessPass] => c5ce757e70bd5dbab3c6d41ca0faffa4
    [OrderID] => 950159-11104405
    [Amount] => 8600
    [JobCd] => CAPTURE
    [action_status] => 1
    [pay_status] => 0
)
 from 47.232.170.113
2023/03/11 10:44:05 [/shop/shopping/load_payment_module.php] SendRequest:https://p01.mul-pay.jp/payment/ExecTran.idPass from 47.232.170.113
2023/03/11 10:44:05 [/shop/shopping/load_payment_module.php] Array
(
    [AccessID] => 7c8cb55b344c32c2e395288b986c5e04
    [AccessPass] => c5ce757e70bd5dbab3c6d41ca0faffa4
    [OrderID] => 950159-11104405
    [Method] => 1
    [Token] => 7a13c9d0cb30966e78fe02f931d467f6ba59d4037a616f154c9dda3394f33e8e
    [ClientField1] => 
    [ClientField2] => 
    [ClientField3] => EC-CUBE4.3.35
)
 from 47.232.170.113
2023/03/11 10:44:06 [/shop/shopping/load_payment_module.php] ACS=0&OrderID=950159-11104405&Forward=2S49631&Method=1&PayTimes=&Approve=0021827&TranID=2303111044602257210134171025&TranDate=20230311104406&CheckString=c509861c0a8f918021116191e86647f2 from 47.232.170.113
2023/03/11 10:44:06 [/shop/shopping/load_payment_module.php] Array
(
    [0] => Array
        (
            [ACS] => 0
            [OrderID] => 950159-11104405
            [Forward] => 2S49631
            [Method] => 1
            [PayTimes] => 
            [Approve] => 0021827
            [TranID] => 2303111044602257210134171025
            [TranDate] => 20230311104406
            [CheckString] => c509861c0a8f918021116191e86647f2
        )

)
 from 47.232.170.113
2023/03/11 10:44:06 [/shop/shopping/load_payment_module.php] load_payment_module.php set payment data:Array
(
    [ACS] => 0
    [Forward] => 2S49631
    [Method] => 1
    [PayTimes] => 
    [Approve] => 0021827
    [TranID] => 2303111044602257210134171025
    [TranDate] => 20230311104406
    [CheckString] => c509861c0a8f918021116191e86647f2
    [Amount] => 8600
    [JobCd] => CAPTURE
    [action_status] => 3
    [pay_status] => 13
)
 from 47.232.170.113
2023/03/11 10:44:06 [/shop/user_data/pg_mulpay_recv.php] ******* receiveer data start ******* from 210.175.7.20
2023/03/11 10:44:06 [/shop/user_data/pg_mulpay_recv.php] Array
(
    [ShopID] => 9000034600950
    [ShopPass] => **********
    [AccessID] => 7c8cb55b344c32c2e395288b986c5e04
    [AccessPass] => ********************************
    [OrderID] => 950159-11104405
    [Status] => CAPTURE
    [JobCd] => CAPTURE
    [Amount] => 8600
    [Tax] => 0
    [Currency] => JPN
    [Forward] => 2S49631
    [Method] => 1
    [PayTimes] => 
    [TranID] => 2303111044602257210134171025
    [Approve] => 0021827
    [TranDate] => 20230311104406
    [ErrCode] => 
    [ErrInfo] => 
    [PayType] => 0
)
 from 210.175.7.20
2023/03/11 10:44:06 [/shop/user_data/pg_mulpay_recv.php] ******* receiveer data end ******* from 210.175.7.20
2023/03/11 10:44:11 [/shop/user_data/pg_mulpay_recv.php] update order status:1 order_id=950159 from 210.175.7.20
2023/03/11 10:44:11 [/shop/user_data/pg_mulpay_recv.php] pg_mulpay_recv.php set payment data:Array
(
    [ShopID] => 9000034600950
    [AccessID] => 7c8cb55b344c32c2e395288b986c5e04
    [OrderID] => 950159-11104405
    [Status] => CAPTURE
    [JobCd] => CAPTURE
    [Amount] => 8600
    [Tax] => 0
    [Currency] => JPN
    [Forward] => 2S49631
    [Method] => 1
    [PayTimes] => 
    [TranID] => 2303111044602257210134171025
    [Approve] => 0021827
    [TranDate] => 20230311104406
    [ErrCode] => 
    [ErrInfo] => 
    [PayType] => 0
    [CvsCode] => 
    [CvsConfNo] => 
    [CvsReceiptNo] => 
    [EdyReceiptNo] => 
    [EdyOrderNo] => 
    [SuicaReceiptNo] => 
    [SuicaOrderNo] => 
    [CustID] => 
    [BkCode] => 
    [ConfNo] => 
    [PaymentTerm] => 
    [EncryptReceiptNo] => 
    [FinishDate] => 
    [ReceiptDate] => 
    [WebMoneyManagementNo] => 
    [WebMoneySettleCode] => 
    [AuPayInfoNo] => 
    [AuPayMethod] => 
    [AuCancelAmount] => 
    [AuCancelTax] => 
    [DocomoSettlementCode] => 
    [DocomoCancelAmount] => 
    [DocomoCancelTax] => 
    [pay_status] => 13
)
 from 210.175.7.20
2023/03/11 10:44:11 [/shop/user_data/pg_mulpay_recv.php] response:true from 210.175.7.20
2023/03/11 11:18:25 [/shop/shopping/load_payment_module.php] SendRequest:https://p01.mul-pay.jp/payment/SearchMember.idPass from 47.157.40.67
2023/03/11 11:18:25 [/shop/shopping/load_payment_module.php] Array
(
    [SiteID] => mst0000007602
    [SitePass] => ******
    [MemberID] => 11376
)
 from 47.157.40.67
2023/03/11 11:18:25 [/shop/shopping/load_payment_module.php] ErrCode=E01&ErrInfo=E01390002 from 47.157.40.67
2023/03/11 11:18:25 [/shop/shopping/load_payment_module.php] Array
(
    [0] => Array
        (
            [ErrCode] => E01
            [ErrInfo] => E01390002
        )

)
 from 47.157.40.67
2023/03/11 11:18:25 [/shop/shopping/load_payment_module.php] SendRequest:https://p01.mul-pay.jp/payment/SearchCard.idPass from 47.157.40.67
2023/03/11 11:18:25 [/shop/shopping/load_payment_module.php] Array
(
    [SiteID] => mst0000007602
    [SitePass] => ******
    [MemberID] => 11376
)
 from 47.157.40.67
2023/03/11 11:18:25 [/shop/shopping/load_payment_module.php] ErrCode=E01|E01&ErrInfo=E01390002|E01240002 from 47.157.40.67
2023/03/11 11:18:25 [/shop/shopping/load_payment_module.php] Array
(
    [0] => Array
        (
            [ErrCode] => E01
            [ErrInfo] => E01390002
        )

    [1] => Array
        (
            [ErrCode] => E01
            [ErrInfo] => E01240002
        )

)
 from 47.157.40.67
2023/03/11 11:19:33 [/shop/shopping/load_payment_module.php] SendRequest:https://p01.mul-pay.jp/payment/SearchMember.idPass from 47.157.40.67
2023/03/11 11:19:33 [/shop/shopping/load_payment_module.php] Array
(
    [SiteID] => mst0000007602
    [SitePass] => ******
    [MemberID] => 11376
)
 from 47.157.40.67
2023/03/11 11:19:33 [/shop/shopping/load_payment_module.php] ErrCode=E01&ErrInfo=E01390002 from 47.157.40.67
2023/03/11 11:19:33 [/shop/shopping/load_payment_module.php] Array
(
    [0] => Array
        (
            [ErrCode] => E01
            [ErrInfo] => E01390002
        )

)
 from 47.157.40.67
2023/03/11 11:19:33 [/shop/shopping/load_payment_module.php] SendRequest:https://p01.mul-pay.jp/payment/SearchCard.idPass from 47.157.40.67
2023/03/11 11:19:33 [/shop/shopping/load_payment_module.php] Array
(
    [SiteID] => mst0000007602
    [SitePass] => ******
    [MemberID] => 11376
)
 from 47.157.40.67
2023/03/11 11:19:33 [/shop/shopping/load_payment_module.php] ErrCode=E01|E01&ErrInfo=E01390002|E01240002 from 47.157.40.67
2023/03/11 11:19:33 [/shop/shopping/load_payment_module.php] Array
(
    [0] => Array
        (
            [ErrCode] => E01
            [ErrInfo] => E01390002
        )

    [1] => Array
        (
            [ErrCode] => E01
            [ErrInfo] => E01240002
        )

)
 from 47.157.40.67
2023/03/11 11:19:33 [/shop/shopping/load_payment_module.php] SendRequest:https://p01.mul-pay.jp/payment/EntryTran.idPass from 47.157.40.67
2023/03/11 11:19:33 [/shop/shopping/load_payment_module.php] Array
(
    [ShopID] => 9000034600950
    [ShopPass] => ******
    [OrderID] => 950160-11111933
    [JobCd] => CAPTURE
    [Amount] => 15730
    [TdFlag] => 0
    [TdTenantName] => 
)
 from 47.157.40.67
2023/03/11 11:19:33 [/shop/shopping/load_payment_module.php] AccessID=0028c68d05dc8bff291be529e191f319&AccessPass=ed3dacaeda366709338899be238eb3cf from 47.157.40.67
2023/03/11 11:19:33 [/shop/shopping/load_payment_module.php] Array
(
    [0] => Array
        (
            [AccessID] => 0028c68d05dc8bff291be529e191f319
            [AccessPass] => ed3dacaeda366709338899be238eb3cf
        )

)
 from 47.157.40.67
2023/03/11 11:19:33 [/shop/shopping/load_payment_module.php] load_payment_module.php set payment data:Array
(
    [AccessID] => 0028c68d05dc8bff291be529e191f319
    [AccessPass] => ed3dacaeda366709338899be238eb3cf
    [OrderID] => 950160-11111933
    [Amount] => 15730
    [JobCd] => CAPTURE
    [action_status] => 1
    [pay_status] => 0
)
 from 47.157.40.67
2023/03/11 11:19:33 [/shop/shopping/load_payment_module.php] SendRequest:https://p01.mul-pay.jp/payment/ExecTran.idPass from 47.157.40.67
2023/03/11 11:19:33 [/shop/shopping/load_payment_module.php] Array
(
    [AccessID] => 0028c68d05dc8bff291be529e191f319
    [AccessPass] => ed3dacaeda366709338899be238eb3cf
    [OrderID] => 950160-11111933
    [Method] => 1
    [Token] => 5fea49058b1af6dc96de7a4086614840251965eb43bfdae19d3ff677ea0d1df7
    [ClientField1] => 
    [ClientField2] => 
    [ClientField3] => EC-CUBE4.3.35
)
 from 47.157.40.67
2023/03/11 11:19:34 [/shop/shopping/load_payment_module.php] ACS=0&OrderID=950160-11111933&Forward=2S49631&Method=1&PayTimes=&Approve=0080089&TranID=2303111119602257210134181142&TranDate=20230311111934&CheckString=ffb038a6ce0b9440d19a5a2a19bf811b from 47.157.40.67
2023/03/11 11:19:34 [/shop/shopping/load_payment_module.php] Array
(
    [0] => Array
        (
            [ACS] => 0
            [OrderID] => 950160-11111933
            [Forward] => 2S49631
            [Method] => 1
            [PayTimes] => 
            [Approve] => 0080089
            [TranID] => 2303111119602257210134181142
            [TranDate] => 20230311111934
            [CheckString] => ffb038a6ce0b9440d19a5a2a19bf811b
        )

)
 from 47.157.40.67
2023/03/11 11:19:34 [/shop/shopping/load_payment_module.php] load_payment_module.php set payment data:Array
(
    [ACS] => 0
    [Forward] => 2S49631
    [Method] => 1
    [PayTimes] => 
    [Approve] => 0080089
    [TranID] => 2303111119602257210134181142
    [TranDate] => 20230311111934
    [CheckString] => ffb038a6ce0b9440d19a5a2a19bf811b
    [Amount] => 15730
    [JobCd] => CAPTURE
    [action_status] => 3
    [pay_status] => 13
)
 from 47.157.40.67
2023/03/11 11:19:34 [/shop/user_data/pg_mulpay_recv.php] ******* receiveer data start ******* from 210.175.7.20
2023/03/11 11:19:34 [/shop/user_data/pg_mulpay_recv.php] Array
(
    [ShopID] => 9000034600950
    [ShopPass] => **********
    [AccessID] => 0028c68d05dc8bff291be529e191f319
    [AccessPass] => ********************************
    [OrderID] => 950160-11111933
    [Status] => CAPTURE
    [JobCd] => CAPTURE
    [Amount] => 15730
    [Tax] => 0
    [Currency] => JPN
    [Forward] => 2S49631
    [Method] => 1
    [PayTimes] => 
    [TranID] => 2303111119602257210134181142
    [Approve] => 0080089
    [TranDate] => 20230311111934
    [ErrCode] => 
    [ErrInfo] => 
    [PayType] => 0
)
 from 210.175.7.20
2023/03/11 11:19:34 [/shop/user_data/pg_mulpay_recv.php] ******* receiveer data end ******* from 210.175.7.20
2023/03/11 11:19:39 [/shop/user_data/pg_mulpay_recv.php] update order status:1 order_id=950160 from 210.175.7.20
2023/03/11 11:19:39 [/shop/user_data/pg_mulpay_recv.php] pg_mulpay_recv.php set payment data:Array
(
    [ShopID] => 9000034600950
    [AccessID] => 0028c68d05dc8bff291be529e191f319
    [OrderID] => 950160-11111933
    [Status] => CAPTURE
    [JobCd] => CAPTURE
    [Amount] => 15730
    [Tax] => 0
    [Currency] => JPN
    [Forward] => 2S49631
    [Method] => 1
    [PayTimes] => 
    [TranID] => 2303111119602257210134181142
    [Approve] => 0080089
    [TranDate] => 20230311111934
    [ErrCode] => 
    [ErrInfo] => 
    [PayType] => 0
    [CvsCode] => 
    [CvsConfNo] => 
    [CvsReceiptNo] => 
    [EdyReceiptNo] => 
    [EdyOrderNo] => 
    [SuicaReceiptNo] => 
    [SuicaOrderNo] => 
    [CustID] => 
    [BkCode] => 
    [ConfNo] => 
    [PaymentTerm] => 
    [EncryptReceiptNo] => 
    [FinishDate] => 
    [ReceiptDate] => 
    [WebMoneyManagementNo] => 
    [WebMoneySettleCode] => 
    [AuPayInfoNo] => 
    [AuPayMethod] => 
    [AuCancelAmount] => 
    [AuCancelTax] => 
    [DocomoSettlementCode] => 
    [DocomoCancelAmount] => 
    [DocomoCancelTax] => 
    [pay_status] => 13
)
 from 210.175.7.20
2023/03/11 11:19:39 [/shop/user_data/pg_mulpay_recv.php] response:true from 210.175.7.20
2023/03/11 13:05:38 [/shop/shopping/load_payment_module.php] SendRequest:https://p01.mul-pay.jp/payment/EntryTran.idPass from 190.218.31.69
2023/03/11 13:05:38 [/shop/shopping/load_payment_module.php] Array
(
    [ShopID] => 9000034600950
    [ShopPass] => ******
    [OrderID] => 950162-11130538
    [JobCd] => CAPTURE
    [Amount] => 11050
    [TdFlag] => 0
    [TdTenantName] => 
)
 from 190.218.31.69
2023/03/11 13:05:38 [/shop/shopping/load_payment_module.php] AccessID=8e1b5d1b17c5407dfe244ae99d7f0ce8&AccessPass=3b0cc8559a04459647d6ba41c4c4850c from 190.218.31.69
2023/03/11 13:05:38 [/shop/shopping/load_payment_module.php] Array
(
    [0] => Array
        (
            [AccessID] => 8e1b5d1b17c5407dfe244ae99d7f0ce8
            [AccessPass] => 3b0cc8559a04459647d6ba41c4c4850c
        )

)
 from 190.218.31.69
2023/03/11 13:05:38 [/shop/shopping/load_payment_module.php] load_payment_module.php set payment data:Array
(
    [AccessID] => 8e1b5d1b17c5407dfe244ae99d7f0ce8
    [AccessPass] => 3b0cc8559a04459647d6ba41c4c4850c
    [OrderID] => 950162-11130538
    [Amount] => 11050
    [JobCd] => CAPTURE
    [action_status] => 1
    [pay_status] => 0
)
 from 190.218.31.69
2023/03/11 13:05:38 [/shop/shopping/load_payment_module.php] SendRequest:https://p01.mul-pay.jp/payment/ExecTran.idPass from 190.218.31.69
2023/03/11 13:05:38 [/shop/shopping/load_payment_module.php] Array
(
    [AccessID] => 8e1b5d1b17c5407dfe244ae99d7f0ce8
    [AccessPass] => 3b0cc8559a04459647d6ba41c4c4850c
    [OrderID] => 950162-11130538
    [Method] => 1
    [Token] => 2596242ebb01eb196dcd69881a6b05632c8c49c4171ea45cb7c5dc48f6690b33
    [ClientField1] => 
    [ClientField2] => 
    [ClientField3] => EC-CUBE4.3.35
)
 from 190.218.31.69
2023/03/11 13:05:39 [/shop/shopping/load_payment_module.php] ACS=0&OrderID=950162-11130538&Forward=2S49631&Method=1&PayTimes=&Approve=0016680&TranID=2303111305602257210134161123&TranDate=20230311130539&CheckString=23d1d3de451639989afaa0dc3be03aed from 190.218.31.69
2023/03/11 13:05:39 [/shop/shopping/load_payment_module.php] Array
(
    [0] => Array
        (
            [ACS] => 0
            [OrderID] => 950162-11130538
            [Forward] => 2S49631
            [Method] => 1
            [PayTimes] => 
            [Approve] => 0016680
            [TranID] => 2303111305602257210134161123
            [TranDate] => 20230311130539
            [CheckString] => 23d1d3de451639989afaa0dc3be03aed
        )

)
 from 190.218.31.69
2023/03/11 13:05:39 [/shop/shopping/load_payment_module.php] load_payment_module.php set payment data:Array
(
    [ACS] => 0
    [Forward] => 2S49631
    [Method] => 1
    [PayTimes] => 
    [Approve] => 0016680
    [TranID] => 2303111305602257210134161123
    [TranDate] => 20230311130539
    [CheckString] => 23d1d3de451639989afaa0dc3be03aed
    [Amount] => 11050
    [JobCd] => CAPTURE
    [action_status] => 3
    [pay_status] => 13
)
 from 190.218.31.69
2023/03/11 13:05:39 [/shop/user_data/pg_mulpay_recv.php] ******* receiveer data start ******* from 210.175.7.20
2023/03/11 13:05:39 [/shop/user_data/pg_mulpay_recv.php] Array
(
    [ShopID] => 9000034600950
    [ShopPass] => **********
    [AccessID] => 8e1b5d1b17c5407dfe244ae99d7f0ce8
    [AccessPass] => ********************************
    [OrderID] => 950162-11130538
    [Status] => CAPTURE
    [JobCd] => CAPTURE
    [Amount] => 11050
    [Tax] => 0
    [Currency] => JPN
    [Forward] => 2S49631
    [Method] => 1
    [PayTimes] => 
    [TranID] => 2303111305602257210134161123
    [Approve] => 0016680
    [TranDate] => 20230311130539
    [ErrCode] => 
    [ErrInfo] => 
    [PayType] => 0
)
 from 210.175.7.20
2023/03/11 13:05:39 [/shop/user_data/pg_mulpay_recv.php] ******* receiveer data end ******* from 210.175.7.20
2023/03/11 13:05:44 [/shop/user_data/pg_mulpay_recv.php] update order status:1 order_id=950162 from 210.175.7.20
2023/03/11 13:05:44 [/shop/user_data/pg_mulpay_recv.php] pg_mulpay_recv.php set payment data:Array
(
    [ShopID] => 9000034600950
    [AccessID] => 8e1b5d1b17c5407dfe244ae99d7f0ce8
    [OrderID] => 950162-11130538
    [Status] => CAPTURE
    [JobCd] => CAPTURE
    [Amount] => 11050
    [Tax] => 0
    [Currency] => JPN
    [Forward] => 2S49631
    [Method] => 1
    [PayTimes] => 
    [TranID] => 2303111305602257210134161123
    [Approve] => 0016680
    [TranDate] => 20230311130539
    [ErrCode] => 
    [ErrInfo] => 
    [PayType] => 0
    [CvsCode] => 
    [CvsConfNo] => 
    [CvsReceiptNo] => 
    [EdyReceiptNo] => 
    [EdyOrderNo] => 
    [SuicaReceiptNo] => 
    [SuicaOrderNo] => 
    [CustID] => 
    [BkCode] => 
    [ConfNo] => 
    [PaymentTerm] => 
    [EncryptReceiptNo] => 
    [FinishDate] => 
    [ReceiptDate] => 
    [WebMoneyManagementNo] => 
    [WebMoneySettleCode] => 
    [AuPayInfoNo] => 
    [AuPayMethod] => 
    [AuCancelAmount] => 
    [AuCancelTax] => 
    [DocomoSettlementCode] => 
    [DocomoCancelAmount] => 
    [DocomoCancelTax] => 
    [pay_status] => 13
)
 from 210.175.7.20
2023/03/11 13:05:44 [/shop/user_data/pg_mulpay_recv.php] response:true from 210.175.7.20
2023/03/11 13:50:21 [/shop/shopping/load_payment_module.php] SendRequest:https://p01.mul-pay.jp/payment/EntryTran.idPass from 72.229.35.175
2023/03/11 13:50:21 [/shop/shopping/load_payment_module.php] Array
(
    [ShopID] => 9000034600950
    [ShopPass] => ******
    [OrderID] => 950163-11135021
    [JobCd] => CAPTURE
    [Amount] => 8450
    [TdFlag] => 0
    [TdTenantName] => 
)
 from 72.229.35.175
2023/03/11 13:50:21 [/shop/shopping/load_payment_module.php] AccessID=ca53f7b4ceddfd6315aa2db6119a1a47&AccessPass=6b254e5213560c4d12597efbbc5920fd from 72.229.35.175
2023/03/11 13:50:21 [/shop/shopping/load_payment_module.php] Array
(
    [0] => Array
        (
            [AccessID] => ca53f7b4ceddfd6315aa2db6119a1a47
            [AccessPass] => 6b254e5213560c4d12597efbbc5920fd
        )

)
 from 72.229.35.175
2023/03/11 13:50:21 [/shop/shopping/load_payment_module.php] load_payment_module.php set payment data:Array
(
    [AccessID] => ca53f7b4ceddfd6315aa2db6119a1a47
    [AccessPass] => 6b254e5213560c4d12597efbbc5920fd
    [OrderID] => 950163-11135021
    [Amount] => 8450
    [JobCd] => CAPTURE
    [action_status] => 1
    [pay_status] => 0
)
 from 72.229.35.175
2023/03/11 13:50:21 [/shop/shopping/load_payment_module.php] SendRequest:https://p01.mul-pay.jp/payment/ExecTran.idPass from 72.229.35.175
2023/03/11 13:50:21 [/shop/shopping/load_payment_module.php] Array
(
    [AccessID] => ca53f7b4ceddfd6315aa2db6119a1a47
    [AccessPass] => 6b254e5213560c4d12597efbbc5920fd
    [OrderID] => 950163-11135021
    [Method] => 1
    [Token] => 94bce789be4e2f3b581cf25f45e671ce9537cab8a588f097e0e597f29b2ffbc0
    [ClientField1] => 
    [ClientField2] => 
    [ClientField3] => EC-CUBE4.3.35
)
 from 72.229.35.175
2023/03/11 13:50:21 [/shop/shopping/load_payment_module.php] ACS=0&OrderID=950163-11135021&Forward=2S49631&Method=1&PayTimes=&Approve=0006533&TranID=2303111350602257210134151112&TranDate=20230311135021&CheckString=728ce1a5007a8ec126c0e3cad45e22e5 from 72.229.35.175
2023/03/11 13:50:21 [/shop/shopping/load_payment_module.php] Array
(
    [0] => Array
        (
            [ACS] => 0
            [OrderID] => 950163-11135021
            [Forward] => 2S49631
            [Method] => 1
            [PayTimes] => 
            [Approve] => 0006533
            [TranID] => 2303111350602257210134151112
            [TranDate] => 20230311135021
            [CheckString] => 728ce1a5007a8ec126c0e3cad45e22e5
        )

)
 from 72.229.35.175
2023/03/11 13:50:21 [/shop/shopping/load_payment_module.php] load_payment_module.php set payment data:Array
(
    [ACS] => 0
    [Forward] => 2S49631
    [Method] => 1
    [PayTimes] => 
    [Approve] => 0006533
    [TranID] => 2303111350602257210134151112
    [TranDate] => 20230311135021
    [CheckString] => 728ce1a5007a8ec126c0e3cad45e22e5
    [Amount] => 8450
    [JobCd] => CAPTURE
    [action_status] => 3
    [pay_status] => 13
)
 from 72.229.35.175
2023/03/11 13:50:22 [/shop/user_data/pg_mulpay_recv.php] ******* receiveer data start ******* from 210.175.7.20
2023/03/11 13:50:22 [/shop/user_data/pg_mulpay_recv.php] Array
(
    [ShopID] => 9000034600950
    [ShopPass] => **********
    [AccessID] => ca53f7b4ceddfd6315aa2db6119a1a47
    [AccessPass] => ********************************
    [OrderID] => 950163-11135021
    [Status] => CAPTURE
    [JobCd] => CAPTURE
    [Amount] => 8450
    [Tax] => 0
    [Currency] => JPN
    [Forward] => 2S49631
    [Method] => 1
    [PayTimes] => 
    [TranID] => 2303111350602257210134151112
    [Approve] => 0006533
    [TranDate] => 20230311135021
    [ErrCode] => 
    [ErrInfo] => 
    [PayType] => 0
)
 from 210.175.7.20
2023/03/11 13:50:22 [/shop/user_data/pg_mulpay_recv.php] ******* receiveer data end ******* from 210.175.7.20
2023/03/11 13:50:27 [/shop/user_data/pg_mulpay_recv.php] update order status:1 order_id=950163 from 210.175.7.20
2023/03/11 13:50:27 [/shop/user_data/pg_mulpay_recv.php] pg_mulpay_recv.php set payment data:Array
(
    [ShopID] => 9000034600950
    [AccessID] => ca53f7b4ceddfd6315aa2db6119a1a47
    [OrderID] => 950163-11135021
    [Status] => CAPTURE
    [JobCd] => CAPTURE
    [Amount] => 8450
    [Tax] => 0
    [Currency] => JPN
    [Forward] => 2S49631
    [Method] => 1
    [PayTimes] => 
    [TranID] => 2303111350602257210134151112
    [Approve] => 0006533
    [TranDate] => 20230311135021
    [ErrCode] => 
    [ErrInfo] => 
    [PayType] => 0
    [CvsCode] => 
    [CvsConfNo] => 
    [CvsReceiptNo] => 
    [EdyReceiptNo] => 
    [EdyOrderNo] => 
    [SuicaReceiptNo] => 
    [SuicaOrderNo] => 
    [CustID] => 
    [BkCode] => 
    [ConfNo] => 
    [PaymentTerm] => 
    [EncryptReceiptNo] => 
    [FinishDate] => 
    [ReceiptDate] => 
    [WebMoneyManagementNo] => 
    [WebMoneySettleCode] => 
    [AuPayInfoNo] => 
    [AuPayMethod] => 
    [AuCancelAmount] => 
    [AuCancelTax] => 
    [DocomoSettlementCode] => 
    [DocomoCancelAmount] => 
    [DocomoCancelTax] => 
    [pay_status] => 13
)
 from 210.175.7.20
2023/03/11 13:50:27 [/shop/user_data/pg_mulpay_recv.php] response:true from 210.175.7.20
2023/03/11 13:53:25 [/shop/shopping/load_payment_module.php] SendRequest:https://p01.mul-pay.jp/payment/EntryTran.idPass from 72.229.35.175
2023/03/11 13:53:25 [/shop/shopping/load_payment_module.php] Array
(
    [ShopID] => 9000034600950
    [ShopPass] => ******
    [OrderID] => 950164-11135325
    [JobCd] => CAPTURE
    [Amount] => 6950
    [TdFlag] => 0
    [TdTenantName] => 
)
 from 72.229.35.175
2023/03/11 13:53:25 [/shop/shopping/load_payment_module.php] AccessID=52e12e96b9700a2685ab74f662da9b09&AccessPass=9d024e94c490747603d19b895524691d from 72.229.35.175
2023/03/11 13:53:25 [/shop/shopping/load_payment_module.php] Array
(
    [0] => Array
        (
            [AccessID] => 52e12e96b9700a2685ab74f662da9b09
            [AccessPass] => 9d024e94c490747603d19b895524691d
        )

)
 from 72.229.35.175
2023/03/11 13:53:25 [/shop/shopping/load_payment_module.php] load_payment_module.php set payment data:Array
(
    [AccessID] => 52e12e96b9700a2685ab74f662da9b09
    [AccessPass] => 9d024e94c490747603d19b895524691d
    [OrderID] => 950164-11135325
    [Amount] => 6950
    [JobCd] => CAPTURE
    [action_status] => 1
    [pay_status] => 0
)
 from 72.229.35.175
2023/03/11 13:53:25 [/shop/shopping/load_payment_module.php] SendRequest:https://p01.mul-pay.jp/payment/ExecTran.idPass from 72.229.35.175
2023/03/11 13:53:25 [/shop/shopping/load_payment_module.php] Array
(
    [AccessID] => 52e12e96b9700a2685ab74f662da9b09
    [AccessPass] => 9d024e94c490747603d19b895524691d
    [OrderID] => 950164-11135325
    [Method] => 1
    [Token] => b8c40229f491e585f3e26a1230a83660ab139925ec25b20597570ca0c3f4b675
    [ClientField1] => 
    [ClientField2] => 
    [ClientField3] => EC-CUBE4.3.35
)
 from 72.229.35.175
2023/03/11 13:53:27 [/shop/shopping/load_payment_module.php] ACS=0&OrderID=950164-11135325&Forward=2959876&Method=1&PayTimes=&Approve=0098107&TranID=2303111353602257210134151113&TranDate=20230311135327&CheckString=d2a4ef8d54f8964c59bbb6c989a70c00 from 72.229.35.175
2023/03/11 13:53:27 [/shop/shopping/load_payment_module.php] Array
(
    [0] => Array
        (
            [ACS] => 0
            [OrderID] => 950164-11135325
            [Forward] => 2959876
            [Method] => 1
            [PayTimes] => 
            [Approve] => 0098107
            [TranID] => 2303111353602257210134151113
            [TranDate] => 20230311135327
            [CheckString] => d2a4ef8d54f8964c59bbb6c989a70c00
        )

)
 from 72.229.35.175
2023/03/11 13:53:27 [/shop/shopping/load_payment_module.php] load_payment_module.php set payment data:Array
(
    [ACS] => 0
    [Forward] => 2959876
    [Method] => 1
    [PayTimes] => 
    [Approve] => 0098107
    [TranID] => 2303111353602257210134151113
    [TranDate] => 20230311135327
    [CheckString] => d2a4ef8d54f8964c59bbb6c989a70c00
    [Amount] => 6950
    [JobCd] => CAPTURE
    [action_status] => 3
    [pay_status] => 13
)
 from 72.229.35.175
2023/03/11 13:53:27 [/shop/user_data/pg_mulpay_recv.php] ******* receiveer data start ******* from 210.175.7.20
2023/03/11 13:53:27 [/shop/user_data/pg_mulpay_recv.php] Array
(
    [ShopID] => 9000034600950
    [ShopPass] => **********
    [AccessID] => 52e12e96b9700a2685ab74f662da9b09
    [AccessPass] => ********************************
    [OrderID] => 950164-11135325
    [Status] => CAPTURE
    [JobCd] => CAPTURE
    [Amount] => 6950
    [Tax] => 0
    [Currency] => JPN
    [Forward] => 2959876
    [Method] => 1
    [PayTimes] => 
    [TranID] => 2303111353602257210134151113
    [Approve] => 0098107
    [TranDate] => 20230311135327
    [ErrCode] => 
    [ErrInfo] => 
    [PayType] => 0
)
 from 210.175.7.20
2023/03/11 13:53:27 [/shop/user_data/pg_mulpay_recv.php] ******* receiveer data end ******* from 210.175.7.20
2023/03/11 13:53:32 [/shop/user_data/pg_mulpay_recv.php] update order status:1 order_id=950164 from 210.175.7.20
2023/03/11 13:53:32 [/shop/user_data/pg_mulpay_recv.php] pg_mulpay_recv.php set payment data:Array
(
    [ShopID] => 9000034600950
    [AccessID] => 52e12e96b9700a2685ab74f662da9b09
    [OrderID] => 950164-11135325
    [Status] => CAPTURE
    [JobCd] => CAPTURE
    [Amount] => 6950
    [Tax] => 0
    [Currency] => JPN
    [Forward] => 2959876
    [Method] => 1
    [PayTimes] => 
    [TranID] => 2303111353602257210134151113
    [Approve] => 0098107
    [TranDate] => 20230311135327
    [ErrCode] => 
    [ErrInfo] => 
    [PayType] => 0
    [CvsCode] => 
    [CvsConfNo] => 
    [CvsReceiptNo] => 
    [EdyReceiptNo] => 
    [EdyOrderNo] => 
    [SuicaReceiptNo] => 
    [SuicaOrderNo] => 
    [CustID] => 
    [BkCode] => 
    [ConfNo] => 
    [PaymentTerm] => 
    [EncryptReceiptNo] => 
    [FinishDate] => 
    [ReceiptDate] => 
    [WebMoneyManagementNo] => 
    [WebMoneySettleCode] => 
    [AuPayInfoNo] => 
    [AuPayMethod] => 
    [AuCancelAmount] => 
    [AuCancelTax] => 
    [DocomoSettlementCode] => 
    [DocomoCancelAmount] => 
    [DocomoCancelTax] => 
    [pay_status] => 13
)
 from 210.175.7.20
2023/03/11 13:53:32 [/shop/user_data/pg_mulpay_recv.php] response:true from 210.175.7.20
2023/03/11 15:26:47 [/shop/shopping/load_payment_module.php] SendRequest:https://p01.mul-pay.jp/payment/SearchMember.idPass from 45.132.159.169
2023/03/11 15:26:47 [/shop/shopping/load_payment_module.php] Array
(
    [SiteID] => mst0000007602
    [SitePass] => ******
    [MemberID] => 11377
)
 from 45.132.159.169
2023/03/11 15:26:47 [/shop/shopping/load_payment_module.php] ErrCode=E01&ErrInfo=E01390002 from 45.132.159.169
2023/03/11 15:26:47 [/shop/shopping/load_payment_module.php] Array
(
    [0] => Array
        (
            [ErrCode] => E01
            [ErrInfo] => E01390002
        )

)
 from 45.132.159.169
2023/03/11 15:26:47 [/shop/shopping/load_payment_module.php] SendRequest:https://p01.mul-pay.jp/payment/SearchCard.idPass from 45.132.159.169
2023/03/11 15:26:47 [/shop/shopping/load_payment_module.php] Array
(
    [SiteID] => mst0000007602
    [SitePass] => ******
    [MemberID] => 11377
)
 from 45.132.159.169
2023/03/11 15:26:47 [/shop/shopping/load_payment_module.php] ErrCode=E01|E01&ErrInfo=E01390002|E01240002 from 45.132.159.169
2023/03/11 15:26:47 [/shop/shopping/load_payment_module.php] Array
(
    [0] => Array
        (
            [ErrCode] => E01
            [ErrInfo] => E01390002
        )

    [1] => Array
        (
            [ErrCode] => E01
            [ErrInfo] => E01240002
        )

)
 from 45.132.159.169
2023/03/11 15:27:43 [/shop/shopping/load_payment_module.php] SendRequest:https://p01.mul-pay.jp/payment/SearchMember.idPass from 45.132.159.169
2023/03/11 15:27:43 [/shop/shopping/load_payment_module.php] Array
(
    [SiteID] => mst0000007602
    [SitePass] => ******
    [MemberID] => 11377
)
 from 45.132.159.169
2023/03/11 15:27:43 [/shop/shopping/load_payment_module.php] ErrCode=E01&ErrInfo=E01390002 from 45.132.159.169
2023/03/11 15:27:43 [/shop/shopping/load_payment_module.php] Array
(
    [0] => Array
        (
            [ErrCode] => E01
            [ErrInfo] => E01390002
        )

)
 from 45.132.159.169
2023/03/11 15:27:43 [/shop/shopping/load_payment_module.php] SendRequest:https://p01.mul-pay.jp/payment/SearchCard.idPass from 45.132.159.169
2023/03/11 15:27:43 [/shop/shopping/load_payment_module.php] Array
(
    [SiteID] => mst0000007602
    [SitePass] => ******
    [MemberID] => 11377
)
 from 45.132.159.169
2023/03/11 15:27:43 [/shop/shopping/load_payment_module.php] ErrCode=E01|E01&ErrInfo=E01390002|E01240002 from 45.132.159.169
2023/03/11 15:27:43 [/shop/shopping/load_payment_module.php] Array
(
    [0] => Array
        (
            [ErrCode] => E01
            [ErrInfo] => E01390002
        )

    [1] => Array
        (
            [ErrCode] => E01
            [ErrInfo] => E01240002
        )

)
 from 45.132.159.169
2023/03/11 15:27:43 [/shop/shopping/load_payment_module.php] SendRequest:https://p01.mul-pay.jp/payment/EntryTran.idPass from 45.132.159.169
2023/03/11 15:27:43 [/shop/shopping/load_payment_module.php] Array
(
    [ShopID] => 9000034600950
    [ShopPass] => ******
    [OrderID] => 950165-11152743
    [JobCd] => CAPTURE
    [Amount] => 8690
    [TdFlag] => 0
    [TdTenantName] => 
)
 from 45.132.159.169
2023/03/11 15:27:43 [/shop/shopping/load_payment_module.php] AccessID=467dc20a0193bd9a673890d56c7454fe&AccessPass=127b37c701092cbd113c45f87d460d3c from 45.132.159.169
2023/03/11 15:27:43 [/shop/shopping/load_payment_module.php] Array
(
    [0] => Array
        (
            [AccessID] => 467dc20a0193bd9a673890d56c7454fe
            [AccessPass] => 127b37c701092cbd113c45f87d460d3c
        )

)
 from 45.132.159.169
2023/03/11 15:27:43 [/shop/shopping/load_payment_module.php] load_payment_module.php set payment data:Array
(
    [AccessID] => 467dc20a0193bd9a673890d56c7454fe
    [AccessPass] => 127b37c701092cbd113c45f87d460d3c
    [OrderID] => 950165-11152743
    [Amount] => 8690
    [JobCd] => CAPTURE
    [action_status] => 1
    [pay_status] => 0
)
 from 45.132.159.169
2023/03/11 15:27:43 [/shop/shopping/load_payment_module.php] SendRequest:https://p01.mul-pay.jp/payment/ExecTran.idPass from 45.132.159.169
2023/03/11 15:27:43 [/shop/shopping/load_payment_module.php] Array
(
    [AccessID] => 467dc20a0193bd9a673890d56c7454fe
    [AccessPass] => 127b37c701092cbd113c45f87d460d3c
    [OrderID] => 950165-11152743
    [Method] => 1
    [Token] => 0e6f9d5a9678ca6fb73405897607f50d58b6cc6e4b2afe746a169f6c850320b9
    [ClientField1] => 
    [ClientField2] => 
    [ClientField3] => EC-CUBE4.3.35
)
 from 45.132.159.169
2023/03/11 15:27:44 [/shop/shopping/load_payment_module.php] ACS=0&OrderID=950165-11152743&Forward=2S49631&Method=1&PayTimes=&Approve=0068446&TranID=2303111527602257210134181143&TranDate=20230311152744&CheckString=6e18e60872bfeec9a2196cca22e7407b from 45.132.159.169
2023/03/11 15:27:44 [/shop/shopping/load_payment_module.php] Array
(
    [0] => Array
        (
            [ACS] => 0
            [OrderID] => 950165-11152743
            [Forward] => 2S49631
            [Method] => 1
            [PayTimes] => 
            [Approve] => 0068446
            [TranID] => 2303111527602257210134181143
            [TranDate] => 20230311152744
            [CheckString] => 6e18e60872bfeec9a2196cca22e7407b
        )

)
 from 45.132.159.169
2023/03/11 15:27:44 [/shop/shopping/load_payment_module.php] load_payment_module.php set payment data:Array
(
    [ACS] => 0
    [Forward] => 2S49631
    [Method] => 1
    [PayTimes] => 
    [Approve] => 0068446
    [TranID] => 2303111527602257210134181143
    [TranDate] => 20230311152744
    [CheckString] => 6e18e60872bfeec9a2196cca22e7407b
    [Amount] => 8690
    [JobCd] => CAPTURE
    [action_status] => 3
    [pay_status] => 13
)
 from 45.132.159.169
2023/03/11 15:27:44 [/shop/user_data/pg_mulpay_recv.php] ******* receiveer data start ******* from 210.175.7.20
2023/03/11 15:27:44 [/shop/user_data/pg_mulpay_recv.php] Array
(
    [ShopID] => 9000034600950
    [ShopPass] => **********
    [AccessID] => 467dc20a0193bd9a673890d56c7454fe
    [AccessPass] => ********************************
    [OrderID] => 950165-11152743
    [Status] => CAPTURE
    [JobCd] => CAPTURE
    [Amount] => 8690
    [Tax] => 0
    [Currency] => JPN
    [Forward] => 2S49631
    [Method] => 1
    [PayTimes] => 
    [TranID] => 2303111527602257210134181143
    [Approve] => 0068446
    [TranDate] => 20230311152744
    [ErrCode] => 
    [ErrInfo] => 
    [PayType] => 0
)
 from 210.175.7.20
2023/03/11 15:27:44 [/shop/user_data/pg_mulpay_recv.php] ******* receiveer data end ******* from 210.175.7.20
2023/03/11 15:27:49 [/shop/user_data/pg_mulpay_recv.php] update order status:1 order_id=950165 from 210.175.7.20
2023/03/11 15:27:49 [/shop/user_data/pg_mulpay_recv.php] pg_mulpay_recv.php set payment data:Array
(
    [ShopID] => 9000034600950
    [AccessID] => 467dc20a0193bd9a673890d56c7454fe
    [OrderID] => 950165-11152743
    [Status] => CAPTURE
    [JobCd] => CAPTURE
    [Amount] => 8690
    [Tax] => 0
    [Currency] => JPN
    [Forward] => 2S49631
    [Method] => 1
    [PayTimes] => 
    [TranID] => 2303111527602257210134181143
    [Approve] => 0068446
    [TranDate] => 20230311152744
    [ErrCode] => 
    [ErrInfo] => 
    [PayType] => 0
    [CvsCode] => 
    [CvsConfNo] => 
    [CvsReceiptNo] => 
    [EdyReceiptNo] => 
    [EdyOrderNo] => 
    [SuicaReceiptNo] => 
    [SuicaOrderNo] => 
    [CustID] => 
    [BkCode] => 
    [ConfNo] => 
    [PaymentTerm] => 
    [EncryptReceiptNo] => 
    [FinishDate] => 
    [ReceiptDate] => 
    [WebMoneyManagementNo] => 
    [WebMoneySettleCode] => 
    [AuPayInfoNo] => 
    [AuPayMethod] => 
    [AuCancelAmount] => 
    [AuCancelTax] => 
    [DocomoSettlementCode] => 
    [DocomoCancelAmount] => 
    [DocomoCancelTax] => 
    [pay_status] => 13
)
 from 210.175.7.20
2023/03/11 15:27:49 [/shop/user_data/pg_mulpay_recv.php] response:true from 210.175.7.20
2023/03/11 16:25:06 [/shop/shopping/load_payment_module.php] SendRequest:https://p01.mul-pay.jp/payment/SearchMember.idPass from 99.199.149.159
2023/03/11 16:25:06 [/shop/shopping/load_payment_module.php] Array
(
    [SiteID] => mst0000007602
    [SitePass] => ******
    [MemberID] => 11378
)
 from 99.199.149.159
2023/03/11 16:25:06 [/shop/shopping/load_payment_module.php] ErrCode=E01&ErrInfo=E01390002 from 99.199.149.159
2023/03/11 16:25:06 [/shop/shopping/load_payment_module.php] Array
(
    [0] => Array
        (
            [ErrCode] => E01
            [ErrInfo] => E01390002
        )

)
 from 99.199.149.159
2023/03/11 16:25:06 [/shop/shopping/load_payment_module.php] SendRequest:https://p01.mul-pay.jp/payment/SearchCard.idPass from 99.199.149.159
2023/03/11 16:25:06 [/shop/shopping/load_payment_module.php] Array
(
    [SiteID] => mst0000007602
    [SitePass] => ******
    [MemberID] => 11378
)
 from 99.199.149.159
2023/03/11 16:25:06 [/shop/shopping/load_payment_module.php] ErrCode=E01|E01&ErrInfo=E01390002|E01240002 from 99.199.149.159
2023/03/11 16:25:07 [/shop/shopping/load_payment_module.php] Array
(
    [0] => Array
        (
            [ErrCode] => E01
            [ErrInfo] => E01390002
        )

    [1] => Array
        (
            [ErrCode] => E01
            [ErrInfo] => E01240002
        )

)
 from 99.199.149.159
2023/03/11 16:26:53 [/shop/shopping/load_payment_module.php] SendRequest:https://p01.mul-pay.jp/payment/SearchMember.idPass from 99.199.149.159
2023/03/11 16:26:53 [/shop/shopping/load_payment_module.php] Array
(
    [SiteID] => mst0000007602
    [SitePass] => ******
    [MemberID] => 11378
)
 from 99.199.149.159
2023/03/11 16:26:53 [/shop/shopping/load_payment_module.php] ErrCode=E01&ErrInfo=E01390002 from 99.199.149.159
2023/03/11 16:26:53 [/shop/shopping/load_payment_module.php] Array
(
    [0] => Array
        (
            [ErrCode] => E01
            [ErrInfo] => E01390002
        )

)
 from 99.199.149.159
2023/03/11 16:26:53 [/shop/shopping/load_payment_module.php] SendRequest:https://p01.mul-pay.jp/payment/SearchCard.idPass from 99.199.149.159
2023/03/11 16:26:53 [/shop/shopping/load_payment_module.php] Array
(
    [SiteID] => mst0000007602
    [SitePass] => ******
    [MemberID] => 11378
)
 from 99.199.149.159
2023/03/11 16:26:53 [/shop/shopping/load_payment_module.php] ErrCode=E01|E01&ErrInfo=E01390002|E01240002 from 99.199.149.159
2023/03/11 16:26:53 [/shop/shopping/load_payment_module.php] Array
(
    [0] => Array
        (
            [ErrCode] => E01
            [ErrInfo] => E01390002
        )

    [1] => Array
        (
            [ErrCode] => E01
            [ErrInfo] => E01240002
        )

)
 from 99.199.149.159
2023/03/11 16:26:53 [/shop/shopping/load_payment_module.php] SendRequest:https://p01.mul-pay.jp/payment/EntryTran.idPass from 99.199.149.159
2023/03/11 16:26:53 [/shop/shopping/load_payment_module.php] Array
(
    [ShopID] => 9000034600950
    [ShopPass] => ******
    [OrderID] => 950166-11162653
    [JobCd] => CAPTURE
    [Amount] => 5570
    [TdFlag] => 0
    [TdTenantName] => 
)
 from 99.199.149.159
2023/03/11 16:26:53 [/shop/shopping/load_payment_module.php] AccessID=2497e776111eb00a51b485f06d79b58c&AccessPass=587f532de0bd56d1b80f0985799218d5 from 99.199.149.159
2023/03/11 16:26:53 [/shop/shopping/load_payment_module.php] Array
(
    [0] => Array
        (
            [AccessID] => 2497e776111eb00a51b485f06d79b58c
            [AccessPass] => 587f532de0bd56d1b80f0985799218d5
        )

)
 from 99.199.149.159
2023/03/11 16:26:53 [/shop/shopping/load_payment_module.php] load_payment_module.php set payment data:Array
(
    [AccessID] => 2497e776111eb00a51b485f06d79b58c
    [AccessPass] => 587f532de0bd56d1b80f0985799218d5
    [OrderID] => 950166-11162653
    [Amount] => 5570
    [JobCd] => CAPTURE
    [action_status] => 1
    [pay_status] => 0
)
 from 99.199.149.159
2023/03/11 16:26:53 [/shop/shopping/load_payment_module.php] SendRequest:https://p01.mul-pay.jp/payment/ExecTran.idPass from 99.199.149.159
2023/03/11 16:26:53 [/shop/shopping/load_payment_module.php] Array
(
    [AccessID] => 2497e776111eb00a51b485f06d79b58c
    [AccessPass] => 587f532de0bd56d1b80f0985799218d5
    [OrderID] => 950166-11162653
    [Method] => 1
    [Token] => c263f2d5407a9c93408d8e1295d4a66c347ca5a40bf430dbdb37dc6443fbafa1
    [ClientField1] => 
    [ClientField2] => 
    [ClientField3] => EC-CUBE4.3.35
)
 from 99.199.149.159
2023/03/11 16:26:54 [/shop/shopping/load_payment_module.php] ACS=0&OrderID=950166-11162653&Forward=2S49631&Method=1&PayTimes=&Approve=0096199&TranID=2303111626602257210134161124&TranDate=20230311162654&CheckString=c120571581369f9e7e235858a5270700 from 99.199.149.159
2023/03/11 16:26:54 [/shop/shopping/load_payment_module.php] Array
(
    [0] => Array
        (
            [ACS] => 0
            [OrderID] => 950166-11162653
            [Forward] => 2S49631
            [Method] => 1
            [PayTimes] => 
            [Approve] => 0096199
            [TranID] => 2303111626602257210134161124
            [TranDate] => 20230311162654
            [CheckString] => c120571581369f9e7e235858a5270700
        )

)
 from 99.199.149.159
2023/03/11 16:26:54 [/shop/shopping/load_payment_module.php] load_payment_module.php set payment data:Array
(
    [ACS] => 0
    [Forward] => 2S49631
    [Method] => 1
    [PayTimes] => 
    [Approve] => 0096199
    [TranID] => 2303111626602257210134161124
    [TranDate] => 20230311162654
    [CheckString] => c120571581369f9e7e235858a5270700
    [Amount] => 5570
    [JobCd] => CAPTURE
    [action_status] => 3
    [pay_status] => 13
)
 from 99.199.149.159
2023/03/11 16:26:54 [/shop/user_data/pg_mulpay_recv.php] ******* receiveer data start ******* from 210.175.7.20
2023/03/11 16:26:54 [/shop/user_data/pg_mulpay_recv.php] Array
(
    [ShopID] => 9000034600950
    [ShopPass] => **********
    [AccessID] => 2497e776111eb00a51b485f06d79b58c
    [AccessPass] => ********************************
    [OrderID] => 950166-11162653
    [Status] => CAPTURE
    [JobCd] => CAPTURE
    [Amount] => 5570
    [Tax] => 0
    [Currency] => JPN
    [Forward] => 2S49631
    [Method] => 1
    [PayTimes] => 
    [TranID] => 2303111626602257210134161124
    [Approve] => 0096199
    [TranDate] => 20230311162654
    [ErrCode] => 
    [ErrInfo] => 
    [PayType] => 0
)
 from 210.175.7.20
2023/03/11 16:26:54 [/shop/user_data/pg_mulpay_recv.php] ******* receiveer data end ******* from 210.175.7.20
2023/03/11 16:26:59 [/shop/user_data/pg_mulpay_recv.php] update order status:1 order_id=950166 from 210.175.7.20
2023/03/11 16:26:59 [/shop/user_data/pg_mulpay_recv.php] pg_mulpay_recv.php set payment data:Array
(
    [ShopID] => 9000034600950
    [AccessID] => 2497e776111eb00a51b485f06d79b58c
    [OrderID] => 950166-11162653
    [Status] => CAPTURE
    [JobCd] => CAPTURE
    [Amount] => 5570
    [Tax] => 0
    [Currency] => JPN
    [Forward] => 2S49631
    [Method] => 1
    [PayTimes] => 
    [TranID] => 2303111626602257210134161124
    [Approve] => 0096199
    [TranDate] => 20230311162654
    [ErrCode] => 
    [ErrInfo] => 
    [PayType] => 0
    [CvsCode] => 
    [CvsConfNo] => 
    [CvsReceiptNo] => 
    [EdyReceiptNo] => 
    [EdyOrderNo] => 
    [SuicaReceiptNo] => 
    [SuicaOrderNo] => 
    [CustID] => 
    [BkCode] => 
    [ConfNo] => 
    [PaymentTerm] => 
    [EncryptReceiptNo] => 
    [FinishDate] => 
    [ReceiptDate] => 
    [WebMoneyManagementNo] => 
    [WebMoneySettleCode] => 
    [AuPayInfoNo] => 
    [AuPayMethod] => 
    [AuCancelAmount] => 
    [AuCancelTax] => 
    [DocomoSettlementCode] => 
    [DocomoCancelAmount] => 
    [DocomoCancelTax] => 
    [pay_status] => 13
)
 from 210.175.7.20
2023/03/11 16:26:59 [/shop/user_data/pg_mulpay_recv.php] response:true from 210.175.7.20
2023/03/11 16:41:20 [/shop/shopping/load_payment_module.php] SendRequest:https://p01.mul-pay.jp/payment/EntryTran.idPass from 210.18.197.34
2023/03/11 16:41:20 [/shop/shopping/load_payment_module.php] Array
(
    [ShopID] => 9000034600950
    [ShopPass] => ******
    [OrderID] => 950167-11164120
    [JobCd] => CAPTURE
    [Amount] => 8050
    [TdFlag] => 0
    [TdTenantName] => 
)
 from 210.18.197.34
2023/03/11 16:41:20 [/shop/shopping/load_payment_module.php] AccessID=29ddc040222f094f73392a0bdada397f&AccessPass=63955cd16fb419a82755af32ec7454e3 from 210.18.197.34
2023/03/11 16:41:20 [/shop/shopping/load_payment_module.php] Array
(
    [0] => Array
        (
            [AccessID] => 29ddc040222f094f73392a0bdada397f
            [AccessPass] => 63955cd16fb419a82755af32ec7454e3
        )

)
 from 210.18.197.34
2023/03/11 16:41:20 [/shop/shopping/load_payment_module.php] load_payment_module.php set payment data:Array
(
    [AccessID] => 29ddc040222f094f73392a0bdada397f
    [AccessPass] => 63955cd16fb419a82755af32ec7454e3
    [OrderID] => 950167-11164120
    [Amount] => 8050
    [JobCd] => CAPTURE
    [action_status] => 1
    [pay_status] => 0
)
 from 210.18.197.34
2023/03/11 16:41:20 [/shop/shopping/load_payment_module.php] SendRequest:https://p01.mul-pay.jp/payment/ExecTran.idPass from 210.18.197.34
2023/03/11 16:41:20 [/shop/shopping/load_payment_module.php] Array
(
    [AccessID] => 29ddc040222f094f73392a0bdada397f
    [AccessPass] => 63955cd16fb419a82755af32ec7454e3
    [OrderID] => 950167-11164120
    [Method] => 1
    [Token] => d647abd118ad4e427a62dd8b8600372fbc074f1c9bea3bd8c550481ad7721fdd
    [ClientField1] => 
    [ClientField2] => 
    [ClientField3] => EC-CUBE4.3.35
)
 from 210.18.197.34
2023/03/11 16:41:21 [/shop/shopping/load_payment_module.php] ACS=0&OrderID=950167-11164120&Forward=2S49631&Method=1&PayTimes=&Approve=0616343&TranID=2303111641602257210134161125&TranDate=20230311164121&CheckString=f4d92963698f7952a99250b3aae75307 from 210.18.197.34
2023/03/11 16:41:21 [/shop/shopping/load_payment_module.php] Array
(
    [0] => Array
        (
            [ACS] => 0
            [OrderID] => 950167-11164120
            [Forward] => 2S49631
            [Method] => 1
            [PayTimes] => 
            [Approve] => 0616343
            [TranID] => 2303111641602257210134161125
            [TranDate] => 20230311164121
            [CheckString] => f4d92963698f7952a99250b3aae75307
        )

)
 from 210.18.197.34
2023/03/11 16:41:21 [/shop/shopping/load_payment_module.php] load_payment_module.php set payment data:Array
(
    [ACS] => 0
    [Forward] => 2S49631
    [Method] => 1
    [PayTimes] => 
    [Approve] => 0616343
    [TranID] => 2303111641602257210134161125
    [TranDate] => 20230311164121
    [CheckString] => f4d92963698f7952a99250b3aae75307
    [Amount] => 8050
    [JobCd] => CAPTURE
    [action_status] => 3
    [pay_status] => 13
)
 from 210.18.197.34
2023/03/11 16:41:21 [/shop/user_data/pg_mulpay_recv.php] ******* receiveer data start ******* from 210.175.7.20
2023/03/11 16:41:21 [/shop/user_data/pg_mulpay_recv.php] Array
(
    [ShopID] => 9000034600950
    [ShopPass] => **********
    [AccessID] => 29ddc040222f094f73392a0bdada397f
    [AccessPass] => ********************************
    [OrderID] => 950167-11164120
    [Status] => CAPTURE
    [JobCd] => CAPTURE
    [Amount] => 8050
    [Tax] => 0
    [Currency] => JPN
    [Forward] => 2S49631
    [Method] => 1
    [PayTimes] => 
    [TranID] => 2303111641602257210134161125
    [Approve] => 0616343
    [TranDate] => 20230311164121
    [ErrCode] => 
    [ErrInfo] => 
    [PayType] => 0
)
 from 210.175.7.20
2023/03/11 16:41:21 [/shop/user_data/pg_mulpay_recv.php] ******* receiveer data end ******* from 210.175.7.20
2023/03/11 16:41:26 [/shop/user_data/pg_mulpay_recv.php] update order status:1 order_id=950167 from 210.175.7.20
2023/03/11 16:41:26 [/shop/user_data/pg_mulpay_recv.php] pg_mulpay_recv.php set payment data:Array
(
    [ShopID] => 9000034600950
    [AccessID] => 29ddc040222f094f73392a0bdada397f
    [OrderID] => 950167-11164120
    [Status] => CAPTURE
    [JobCd] => CAPTURE
    [Amount] => 8050
    [Tax] => 0
    [Currency] => JPN
    [Forward] => 2S49631
    [Method] => 1
    [PayTimes] => 
    [TranID] => 2303111641602257210134161125
    [Approve] => 0616343
    [TranDate] => 20230311164121
    [ErrCode] => 
    [ErrInfo] => 
    [PayType] => 0
    [CvsCode] => 
    [CvsConfNo] => 
    [CvsReceiptNo] => 
    [EdyReceiptNo] => 
    [EdyOrderNo] => 
    [SuicaReceiptNo] => 
    [SuicaOrderNo] => 
    [CustID] => 
    [BkCode] => 
    [ConfNo] => 
    [PaymentTerm] => 
    [EncryptReceiptNo] => 
    [FinishDate] => 
    [ReceiptDate] => 
    [WebMoneyManagementNo] => 
    [WebMoneySettleCode] => 
    [AuPayInfoNo] => 
    [AuPayMethod] => 
    [AuCancelAmount] => 
    [AuCancelTax] => 
    [DocomoSettlementCode] => 
    [DocomoCancelAmount] => 
    [DocomoCancelTax] => 
    [pay_status] => 13
)
 from 210.175.7.20
2023/03/11 16:41:26 [/shop/user_data/pg_mulpay_recv.php] response:true from 210.175.7.20
2023/03/11 17:14:03 [/shop/shopping/load_payment_module.php] SendRequest:https://p01.mul-pay.jp/payment/EntryTran.idPass from 148.252.140.200
2023/03/11 17:14:03 [/shop/shopping/load_payment_module.php] Array
(
    [ShopID] => 9000034600950
    [ShopPass] => ******
    [OrderID] => 950168-11171403
    [JobCd] => CAPTURE
    [Amount] => 6720
    [TdFlag] => 0
    [TdTenantName] => 
)
 from 148.252.140.200
2023/03/11 17:14:04 [/shop/shopping/load_payment_module.php] AccessID=1b08298327e7bd303a541dbcb5a0c24e&AccessPass=34b02a92f29c3839a05d0408df815e2f from 148.252.140.200
2023/03/11 17:14:04 [/shop/shopping/load_payment_module.php] Array
(
    [0] => Array
        (
            [AccessID] => 1b08298327e7bd303a541dbcb5a0c24e
            [AccessPass] => 34b02a92f29c3839a05d0408df815e2f
        )

)
 from 148.252.140.200
2023/03/11 17:14:04 [/shop/shopping/load_payment_module.php] load_payment_module.php set payment data:Array
(
    [AccessID] => 1b08298327e7bd303a541dbcb5a0c24e
    [AccessPass] => 34b02a92f29c3839a05d0408df815e2f
    [OrderID] => 950168-11171403
    [Amount] => 6720
    [JobCd] => CAPTURE
    [action_status] => 1
    [pay_status] => 0
)
 from 148.252.140.200
2023/03/11 17:14:04 [/shop/shopping/load_payment_module.php] SendRequest:https://p01.mul-pay.jp/payment/ExecTran.idPass from 148.252.140.200
2023/03/11 17:14:04 [/shop/shopping/load_payment_module.php] Array
(
    [AccessID] => 1b08298327e7bd303a541dbcb5a0c24e
    [AccessPass] => 34b02a92f29c3839a05d0408df815e2f
    [OrderID] => 950168-11171403
    [Method] => 1
    [Token] => 49e3be14c9e99ad04480e316beb28f3d03ef316f6cddf06ad1b986fde69413a3
    [ClientField1] => 
    [ClientField2] => 
    [ClientField3] => EC-CUBE4.3.35
)
 from 148.252.140.200
2023/03/11 17:14:04 [/shop/shopping/load_payment_module.php] ACS=0&OrderID=950168-11171403&Forward=2959876&Method=1&PayTimes=&Approve=0690410&TranID=2303111714602257210134151114&TranDate=20230311171404&CheckString=2f131dc6147d16cbe38c23e0004428b4 from 148.252.140.200
2023/03/11 17:14:04 [/shop/shopping/load_payment_module.php] Array
(
    [0] => Array
        (
            [ACS] => 0
            [OrderID] => 950168-11171403
            [Forward] => 2959876
            [Method] => 1
            [PayTimes] => 
            [Approve] => 0690410
            [TranID] => 2303111714602257210134151114
            [TranDate] => 20230311171404
            [CheckString] => 2f131dc6147d16cbe38c23e0004428b4
        )

)
 from 148.252.140.200
2023/03/11 17:14:04 [/shop/shopping/load_payment_module.php] load_payment_module.php set payment data:Array
(
    [ACS] => 0
    [Forward] => 2959876
    [Method] => 1
    [PayTimes] => 
    [Approve] => 0690410
    [TranID] => 2303111714602257210134151114
    [TranDate] => 20230311171404
    [CheckString] => 2f131dc6147d16cbe38c23e0004428b4
    [Amount] => 6720
    [JobCd] => CAPTURE
    [action_status] => 3
    [pay_status] => 13
)
 from 148.252.140.200
2023/03/11 17:14:05 [/shop/user_data/pg_mulpay_recv.php] ******* receiveer data start ******* from 210.175.7.20
2023/03/11 17:14:05 [/shop/user_data/pg_mulpay_recv.php] Array
(
    [ShopID] => 9000034600950
    [ShopPass] => **********
    [AccessID] => 1b08298327e7bd303a541dbcb5a0c24e
    [AccessPass] => ********************************
    [OrderID] => 950168-11171403
    [Status] => CAPTURE
    [JobCd] => CAPTURE
    [Amount] => 6720
    [Tax] => 0
    [Currency] => JPN
    [Forward] => 2959876
    [Method] => 1
    [PayTimes] => 
    [TranID] => 2303111714602257210134151114
    [Approve] => 0690410
    [TranDate] => 20230311171404
    [ErrCode] => 
    [ErrInfo] => 
    [PayType] => 0
)
 from 210.175.7.20
2023/03/11 17:14:05 [/shop/user_data/pg_mulpay_recv.php] ******* receiveer data end ******* from 210.175.7.20
2023/03/11 17:14:10 [/shop/user_data/pg_mulpay_recv.php] update order status:1 order_id=950168 from 210.175.7.20
2023/03/11 17:14:10 [/shop/user_data/pg_mulpay_recv.php] pg_mulpay_recv.php set payment data:Array
(
    [ShopID] => 9000034600950
    [AccessID] => 1b08298327e7bd303a541dbcb5a0c24e
    [OrderID] => 950168-11171403
    [Status] => CAPTURE
    [JobCd] => CAPTURE
    [Amount] => 6720
    [Tax] => 0
    [Currency] => JPN
    [Forward] => 2959876
    [Method] => 1
    [PayTimes] => 
    [TranID] => 2303111714602257210134151114
    [Approve] => 0690410
    [TranDate] => 20230311171404
    [ErrCode] => 
    [ErrInfo] => 
    [PayType] => 0
    [CvsCode] => 
    [CvsConfNo] => 
    [CvsReceiptNo] => 
    [EdyReceiptNo] => 
    [EdyOrderNo] => 
    [SuicaReceiptNo] => 
    [SuicaOrderNo] => 
    [CustID] => 
    [BkCode] => 
    [ConfNo] => 
    [PaymentTerm] => 
    [EncryptReceiptNo] => 
    [FinishDate] => 
    [ReceiptDate] => 
    [WebMoneyManagementNo] => 
    [WebMoneySettleCode] => 
    [AuPayInfoNo] => 
    [AuPayMethod] => 
    [AuCancelAmount] => 
    [AuCancelTax] => 
    [DocomoSettlementCode] => 
    [DocomoCancelAmount] => 
    [DocomoCancelTax] => 
    [pay_status] => 13
)
 from 210.175.7.20
2023/03/11 17:14:10 [/shop/user_data/pg_mulpay_recv.php] response:true from 210.175.7.20
2023/03/11 17:19:06 [/shop/shopping/load_payment_module.php] SendRequest:https://p01.mul-pay.jp/payment/EntryTran.idPass from 98.155.210.9
2023/03/11 17:19:06 [/shop/shopping/load_payment_module.php] Array
(
    [ShopID] => 9000034600950
    [ShopPass] => ******
    [OrderID] => 950169-11171906
    [JobCd] => CAPTURE
    [Amount] => 9880
    [TdFlag] => 0
    [TdTenantName] => 
)
 from 98.155.210.9
2023/03/11 17:19:06 [/shop/shopping/load_payment_module.php] AccessID=ff10ee98d02d150d67d6e0382a7a89d8&AccessPass=951d34940662df547320cd9014b1d9bb from 98.155.210.9
2023/03/11 17:19:06 [/shop/shopping/load_payment_module.php] Array
(
    [0] => Array
        (
            [AccessID] => ff10ee98d02d150d67d6e0382a7a89d8
            [AccessPass] => 951d34940662df547320cd9014b1d9bb
        )

)
 from 98.155.210.9
2023/03/11 17:19:06 [/shop/shopping/load_payment_module.php] load_payment_module.php set payment data:Array
(
    [AccessID] => ff10ee98d02d150d67d6e0382a7a89d8
    [AccessPass] => 951d34940662df547320cd9014b1d9bb
    [OrderID] => 950169-11171906
    [Amount] => 9880
    [JobCd] => CAPTURE
    [action_status] => 1
    [pay_status] => 0
)
 from 98.155.210.9
2023/03/11 17:19:06 [/shop/shopping/load_payment_module.php] SendRequest:https://p01.mul-pay.jp/payment/ExecTran.idPass from 98.155.210.9
2023/03/11 17:19:06 [/shop/shopping/load_payment_module.php] Array
(
    [AccessID] => ff10ee98d02d150d67d6e0382a7a89d8
    [AccessPass] => 951d34940662df547320cd9014b1d9bb
    [OrderID] => 950169-11171906
    [Method] => 1
    [Token] => cd395781c6ecb20368864cce2cb105759bcc28c442b494cab3f42c79caf0c111
    [ClientField1] => 
    [ClientField2] => 
    [ClientField3] => EC-CUBE4.3.35
)
 from 98.155.210.9
2023/03/11 17:19:07 [/shop/shopping/load_payment_module.php] ACS=0&OrderID=950169-11171906&Forward=2S49631&Method=1&PayTimes=&Approve=0690660&TranID=2303111719602257210134181144&TranDate=20230311171907&CheckString=5d96f4be7782d292eb481de696b977b3 from 98.155.210.9
2023/03/11 17:19:07 [/shop/shopping/load_payment_module.php] Array
(
    [0] => Array
        (
            [ACS] => 0
            [OrderID] => 950169-11171906
            [Forward] => 2S49631
            [Method] => 1
            [PayTimes] => 
            [Approve] => 0690660
            [TranID] => 2303111719602257210134181144
            [TranDate] => 20230311171907
            [CheckString] => 5d96f4be7782d292eb481de696b977b3
        )

)
 from 98.155.210.9
2023/03/11 17:19:07 [/shop/shopping/load_payment_module.php] load_payment_module.php set payment data:Array
(
    [ACS] => 0
    [Forward] => 2S49631
    [Method] => 1
    [PayTimes] => 
    [Approve] => 0690660
    [TranID] => 2303111719602257210134181144
    [TranDate] => 20230311171907
    [CheckString] => 5d96f4be7782d292eb481de696b977b3
    [Amount] => 9880
    [JobCd] => CAPTURE
    [action_status] => 3
    [pay_status] => 13
)
 from 98.155.210.9
2023/03/11 17:19:07 [/shop/user_data/pg_mulpay_recv.php] ******* receiveer data start ******* from 210.175.7.20
2023/03/11 17:19:07 [/shop/user_data/pg_mulpay_recv.php] Array
(
    [ShopID] => 9000034600950
    [ShopPass] => **********
    [AccessID] => ff10ee98d02d150d67d6e0382a7a89d8
    [AccessPass] => ********************************
    [OrderID] => 950169-11171906
    [Status] => CAPTURE
    [JobCd] => CAPTURE
    [Amount] => 9880
    [Tax] => 0
    [Currency] => JPN
    [Forward] => 2S49631
    [Method] => 1
    [PayTimes] => 
    [TranID] => 2303111719602257210134181144
    [Approve] => 0690660
    [TranDate] => 20230311171907
    [ErrCode] => 
    [ErrInfo] => 
    [PayType] => 0
)
 from 210.175.7.20
2023/03/11 17:19:07 [/shop/user_data/pg_mulpay_recv.php] ******* receiveer data end ******* from 210.175.7.20
2023/03/11 17:19:12 [/shop/user_data/pg_mulpay_recv.php] update order status:1 order_id=950169 from 210.175.7.20
2023/03/11 17:19:12 [/shop/user_data/pg_mulpay_recv.php] pg_mulpay_recv.php set payment data:Array
(
    [ShopID] => 9000034600950
    [AccessID] => ff10ee98d02d150d67d6e0382a7a89d8
    [OrderID] => 950169-11171906
    [Status] => CAPTURE
    [JobCd] => CAPTURE
    [Amount] => 9880
    [Tax] => 0
    [Currency] => JPN
    [Forward] => 2S49631
    [Method] => 1
    [PayTimes] => 
    [TranID] => 2303111719602257210134181144
    [Approve] => 0690660
    [TranDate] => 20230311171907
    [ErrCode] => 
    [ErrInfo] => 
    [PayType] => 0
    [CvsCode] => 
    [CvsConfNo] => 
    [CvsReceiptNo] => 
    [EdyReceiptNo] => 
    [EdyOrderNo] => 
    [SuicaReceiptNo] => 
    [SuicaOrderNo] => 
    [CustID] => 
    [BkCode] => 
    [ConfNo] => 
    [PaymentTerm] => 
    [EncryptReceiptNo] => 
    [FinishDate] => 
    [ReceiptDate] => 
    [WebMoneyManagementNo] => 
    [WebMoneySettleCode] => 
    [AuPayInfoNo] => 
    [AuPayMethod] => 
    [AuCancelAmount] => 
    [AuCancelTax] => 
    [DocomoSettlementCode] => 
    [DocomoCancelAmount] => 
    [DocomoCancelTax] => 
    [pay_status] => 13
)
 from 210.175.7.20
2023/03/11 17:19:12 [/shop/user_data/pg_mulpay_recv.php] response:true from 210.175.7.20
2023/03/11 17:31:58 [/shop/shopping/load_payment_module.php] SendRequest:https://p01.mul-pay.jp/payment/EntryTran.idPass from 119.94.228.39
2023/03/11 17:31:58 [/shop/shopping/load_payment_module.php] Array
(
    [ShopID] => 9000034600950
    [ShopPass] => ******
    [OrderID] => 950170-11173158
    [JobCd] => CAPTURE
    [Amount] => 7110
    [TdFlag] => 0
    [TdTenantName] => 
)
 from 119.94.228.39
2023/03/11 17:31:58 [/shop/shopping/load_payment_module.php] AccessID=a18bd1df776a60d6dfa5966a998f66be&AccessPass=bcf77ce07efd4b1df9cb26e90c7c4d4b from 119.94.228.39
2023/03/11 17:31:58 [/shop/shopping/load_payment_module.php] Array
(
    [0] => Array
        (
            [AccessID] => a18bd1df776a60d6dfa5966a998f66be
            [AccessPass] => bcf77ce07efd4b1df9cb26e90c7c4d4b
        )

)
 from 119.94.228.39
2023/03/11 17:31:58 [/shop/shopping/load_payment_module.php] load_payment_module.php set payment data:Array
(
    [AccessID] => a18bd1df776a60d6dfa5966a998f66be
    [AccessPass] => bcf77ce07efd4b1df9cb26e90c7c4d4b
    [OrderID] => 950170-11173158
    [Amount] => 7110
    [JobCd] => CAPTURE
    [action_status] => 1
    [pay_status] => 0
)
 from 119.94.228.39
2023/03/11 17:31:58 [/shop/shopping/load_payment_module.php] SendRequest:https://p01.mul-pay.jp/payment/ExecTran.idPass from 119.94.228.39
2023/03/11 17:31:58 [/shop/shopping/load_payment_module.php] Array
(
    [AccessID] => a18bd1df776a60d6dfa5966a998f66be
    [AccessPass] => bcf77ce07efd4b1df9cb26e90c7c4d4b
    [OrderID] => 950170-11173158
    [Method] => 1
    [Token] => 31f2ed6a5ea1ad9a99518ea59111881c1aa65fb0385ff2bdebcd83153fd8644c
    [ClientField1] => 
    [ClientField2] => 
    [ClientField3] => EC-CUBE4.3.35
)
 from 119.94.228.39
2023/03/11 17:31:59 [/shop/shopping/load_payment_module.php] ACS=0&OrderID=950170-11173158&Forward=2S49631&Method=1&PayTimes=&Approve=0008151&TranID=2303111731602257210134171026&TranDate=20230311173159&CheckString=2dab401c57f42a9cf5a6dfbf9340eb7c from 119.94.228.39
2023/03/11 17:31:59 [/shop/shopping/load_payment_module.php] Array
(
    [0] => Array
        (
            [ACS] => 0
            [OrderID] => 950170-11173158
            [Forward] => 2S49631
            [Method] => 1
            [PayTimes] => 
            [Approve] => 0008151
            [TranID] => 2303111731602257210134171026
            [TranDate] => 20230311173159
            [CheckString] => 2dab401c57f42a9cf5a6dfbf9340eb7c
        )

)
 from 119.94.228.39
2023/03/11 17:31:59 [/shop/shopping/load_payment_module.php] load_payment_module.php set payment data:Array
(
    [ACS] => 0
    [Forward] => 2S49631
    [Method] => 1
    [PayTimes] => 
    [Approve] => 0008151
    [TranID] => 2303111731602257210134171026
    [TranDate] => 20230311173159
    [CheckString] => 2dab401c57f42a9cf5a6dfbf9340eb7c
    [Amount] => 7110
    [JobCd] => CAPTURE
    [action_status] => 3
    [pay_status] => 13
)
 from 119.94.228.39
2023/03/11 17:31:59 [/shop/user_data/pg_mulpay_recv.php] ******* receiveer data start ******* from 210.175.7.20
2023/03/11 17:31:59 [/shop/user_data/pg_mulpay_recv.php] Array
(
    [ShopID] => 9000034600950
    [ShopPass] => **********
    [AccessID] => a18bd1df776a60d6dfa5966a998f66be
    [AccessPass] => ********************************
    [OrderID] => 950170-11173158
    [Status] => CAPTURE
    [JobCd] => CAPTURE
    [Amount] => 7110
    [Tax] => 0
    [Currency] => JPN
    [Forward] => 2S49631
    [Method] => 1
    [PayTimes] => 
    [TranID] => 2303111731602257210134171026
    [Approve] => 0008151
    [TranDate] => 20230311173159
    [ErrCode] => 
    [ErrInfo] => 
    [PayType] => 0
)
 from 210.175.7.20
2023/03/11 17:31:59 [/shop/user_data/pg_mulpay_recv.php] ******* receiveer data end ******* from 210.175.7.20
2023/03/11 17:32:04 [/shop/user_data/pg_mulpay_recv.php] update order status:1 order_id=950170 from 210.175.7.20
2023/03/11 17:32:04 [/shop/user_data/pg_mulpay_recv.php] pg_mulpay_recv.php set payment data:Array
(
    [ShopID] => 9000034600950
    [AccessID] => a18bd1df776a60d6dfa5966a998f66be
    [OrderID] => 950170-11173158
    [Status] => CAPTURE
    [JobCd] => CAPTURE
    [Amount] => 7110
    [Tax] => 0
    [Currency] => JPN
    [Forward] => 2S49631
    [Method] => 1
    [PayTimes] => 
    [TranID] => 2303111731602257210134171026
    [Approve] => 0008151
    [TranDate] => 20230311173159
    [ErrCode] => 
    [ErrInfo] => 
    [PayType] => 0
    [CvsCode] => 
    [CvsConfNo] => 
    [CvsReceiptNo] => 
    [EdyReceiptNo] => 
    [EdyOrderNo] => 
    [SuicaReceiptNo] => 
    [SuicaOrderNo] => 
    [CustID] => 
    [BkCode] => 
    [ConfNo] => 
    [PaymentTerm] => 
    [EncryptReceiptNo] => 
    [FinishDate] => 
    [ReceiptDate] => 
    [WebMoneyManagementNo] => 
    [WebMoneySettleCode] => 
    [AuPayInfoNo] => 
    [AuPayMethod] => 
    [AuCancelAmount] => 
    [AuCancelTax] => 
    [DocomoSettlementCode] => 
    [DocomoCancelAmount] => 
    [DocomoCancelTax] => 
    [pay_status] => 13
)
 from 210.175.7.20
2023/03/11 17:32:04 [/shop/user_data/pg_mulpay_recv.php] response:true from 210.175.7.20
2023/03/11 18:35:06 [/shop/shopping/load_payment_module.php] SendRequest:https://p01.mul-pay.jp/payment/SearchMember.idPass from 46.244.219.252
2023/03/11 18:35:06 [/shop/shopping/load_payment_module.php] Array
(
    [SiteID] => mst0000007602
    [SitePass] => ******
    [MemberID] => 10654
)
 from 46.244.219.252
2023/03/11 18:35:06 [/shop/shopping/load_payment_module.php] ErrCode=E01&ErrInfo=E01390002 from 46.244.219.252
2023/03/11 18:35:06 [/shop/shopping/load_payment_module.php] Array
(
    [0] => Array
        (
            [ErrCode] => E01
            [ErrInfo] => E01390002
        )

)
 from 46.244.219.252
2023/03/11 18:35:06 [/shop/shopping/load_payment_module.php] SendRequest:https://p01.mul-pay.jp/payment/SearchCard.idPass from 46.244.219.252
2023/03/11 18:35:06 [/shop/shopping/load_payment_module.php] Array
(
    [SiteID] => mst0000007602
    [SitePass] => ******
    [MemberID] => 10654
)
 from 46.244.219.252
2023/03/11 18:35:06 [/shop/shopping/load_payment_module.php] ErrCode=E01|E01&ErrInfo=E01390002|E01240002 from 46.244.219.252
2023/03/11 18:35:06 [/shop/shopping/load_payment_module.php] Array
(
    [0] => Array
        (
            [ErrCode] => E01
            [ErrInfo] => E01390002
        )

    [1] => Array
        (
            [ErrCode] => E01
            [ErrInfo] => E01240002
        )

)
 from 46.244.219.252
2023/03/11 18:38:58 [/shop/shopping/load_payment_module.php] SendRequest:https://p01.mul-pay.jp/payment/SearchMember.idPass from 46.244.219.252
2023/03/11 18:38:58 [/shop/shopping/load_payment_module.php] Array
(
    [SiteID] => mst0000007602
    [SitePass] => ******
    [MemberID] => 10654
)
 from 46.244.219.252
2023/03/11 18:38:58 [/shop/shopping/load_payment_module.php] ErrCode=E01&ErrInfo=E01390002 from 46.244.219.252
2023/03/11 18:38:58 [/shop/shopping/load_payment_module.php] Array
(
    [0] => Array
        (
            [ErrCode] => E01
            [ErrInfo] => E01390002
        )

)
 from 46.244.219.252
2023/03/11 18:38:58 [/shop/shopping/load_payment_module.php] SendRequest:https://p01.mul-pay.jp/payment/SearchCard.idPass from 46.244.219.252
2023/03/11 18:38:58 [/shop/shopping/load_payment_module.php] Array
(
    [SiteID] => mst0000007602
    [SitePass] => ******
    [MemberID] => 10654
)
 from 46.244.219.252
2023/03/11 18:38:58 [/shop/shopping/load_payment_module.php] ErrCode=E01|E01&ErrInfo=E01390002|E01240002 from 46.244.219.252
2023/03/11 18:38:58 [/shop/shopping/load_payment_module.php] Array
(
    [0] => Array
        (
            [ErrCode] => E01
            [ErrInfo] => E01390002
        )

    [1] => Array
        (
            [ErrCode] => E01
            [ErrInfo] => E01240002
        )

)
 from 46.244.219.252
2023/03/11 18:40:18 [/shop/shopping/load_payment_module.php] SendRequest:https://p01.mul-pay.jp/payment/SearchMember.idPass from 46.244.219.252
2023/03/11 18:40:18 [/shop/shopping/load_payment_module.php] Array
(
    [SiteID] => mst0000007602
    [SitePass] => ******
    [MemberID] => 10654
)
 from 46.244.219.252
2023/03/11 18:40:18 [/shop/shopping/load_payment_module.php] ErrCode=E01&ErrInfo=E01390002 from 46.244.219.252
2023/03/11 18:40:18 [/shop/shopping/load_payment_module.php] Array
(
    [0] => Array
        (
            [ErrCode] => E01
            [ErrInfo] => E01390002
        )

)
 from 46.244.219.252
2023/03/11 18:40:18 [/shop/shopping/load_payment_module.php] SendRequest:https://p01.mul-pay.jp/payment/SearchCard.idPass from 46.244.219.252
2023/03/11 18:40:18 [/shop/shopping/load_payment_module.php] Array
(
    [SiteID] => mst0000007602
    [SitePass] => ******
    [MemberID] => 10654
)
 from 46.244.219.252
2023/03/11 18:40:18 [/shop/shopping/load_payment_module.php] ErrCode=E01|E01&ErrInfo=E01390002|E01240002 from 46.244.219.252
2023/03/11 18:40:18 [/shop/shopping/load_payment_module.php] Array
(
    [0] => Array
        (
            [ErrCode] => E01
            [ErrInfo] => E01390002
        )

    [1] => Array
        (
            [ErrCode] => E01
            [ErrInfo] => E01240002
        )

)
 from 46.244.219.252
2023/03/11 18:40:18 [/shop/shopping/load_payment_module.php] SendRequest:https://p01.mul-pay.jp/payment/EntryTran.idPass from 46.244.219.252
2023/03/11 18:40:18 [/shop/shopping/load_payment_module.php] Array
(
    [ShopID] => 9000034600950
    [ShopPass] => ******
    [OrderID] => 950171-11184018
    [JobCd] => CAPTURE
    [Amount] => 19950
    [TdFlag] => 0
    [TdTenantName] => 
)
 from 46.244.219.252
2023/03/11 18:40:18 [/shop/shopping/load_payment_module.php] AccessID=d7dabe62f26c135559a88be97deeed62&AccessPass=cfb5a71894d64b50f7e8253faa25c12c from 46.244.219.252
2023/03/11 18:40:18 [/shop/shopping/load_payment_module.php] Array
(
    [0] => Array
        (
            [AccessID] => d7dabe62f26c135559a88be97deeed62
            [AccessPass] => cfb5a71894d64b50f7e8253faa25c12c
        )

)
 from 46.244.219.252
2023/03/11 18:40:18 [/shop/shopping/load_payment_module.php] load_payment_module.php set payment data:Array
(
    [AccessID] => d7dabe62f26c135559a88be97deeed62
    [AccessPass] => cfb5a71894d64b50f7e8253faa25c12c
    [OrderID] => 950171-11184018
    [Amount] => 19950
    [JobCd] => CAPTURE
    [action_status] => 1
    [pay_status] => 0
)
 from 46.244.219.252
2023/03/11 18:40:18 [/shop/shopping/load_payment_module.php] SendRequest:https://p01.mul-pay.jp/payment/ExecTran.idPass from 46.244.219.252
2023/03/11 18:40:18 [/shop/shopping/load_payment_module.php] Array
(
    [AccessID] => d7dabe62f26c135559a88be97deeed62
    [AccessPass] => cfb5a71894d64b50f7e8253faa25c12c
    [OrderID] => 950171-11184018
    [Method] => 1
    [Token] => 17a950772135c9c301a9868beb1733728379336ef267f9e067969bb7ff701ac3
    [ClientField1] => 
    [ClientField2] => 
    [ClientField3] => EC-CUBE4.3.35
)
 from 46.244.219.252
2023/03/11 18:40:19 [/shop/shopping/load_payment_module.php] ACS=0&OrderID=950171-11184018&Forward=2959876&Method=1&PayTimes=&Approve=0098316&TranID=2303111840602257210134171027&TranDate=20230311184019&CheckString=b5016572ee00c6ec83b44049627515f9 from 46.244.219.252
2023/03/11 18:40:19 [/shop/shopping/load_payment_module.php] Array
(
    [0] => Array
        (
            [ACS] => 0
            [OrderID] => 950171-11184018
            [Forward] => 2959876
            [Method] => 1
            [PayTimes] => 
            [Approve] => 0098316
            [TranID] => 2303111840602257210134171027
            [TranDate] => 20230311184019
            [CheckString] => b5016572ee00c6ec83b44049627515f9
        )

)
 from 46.244.219.252
2023/03/11 18:40:19 [/shop/shopping/load_payment_module.php] load_payment_module.php set payment data:Array
(
    [ACS] => 0
    [Forward] => 2959876
    [Method] => 1
    [PayTimes] => 
    [Approve] => 0098316
    [TranID] => 2303111840602257210134171027
    [TranDate] => 20230311184019
    [CheckString] => b5016572ee00c6ec83b44049627515f9
    [Amount] => 19950
    [JobCd] => CAPTURE
    [action_status] => 3
    [pay_status] => 13
)
 from 46.244.219.252
2023/03/11 18:40:19 [/shop/user_data/pg_mulpay_recv.php] ******* receiveer data start ******* from 210.175.7.20
2023/03/11 18:40:19 [/shop/user_data/pg_mulpay_recv.php] Array
(
    [ShopID] => 9000034600950
    [ShopPass] => **********
    [AccessID] => d7dabe62f26c135559a88be97deeed62
    [AccessPass] => ********************************
    [OrderID] => 950171-11184018
    [Status] => CAPTURE
    [JobCd] => CAPTURE
    [Amount] => 19950
    [Tax] => 0
    [Currency] => JPN
    [Forward] => 2959876
    [Method] => 1
    [PayTimes] => 
    [TranID] => 2303111840602257210134171027
    [Approve] => 0098316
    [TranDate] => 20230311184019
    [ErrCode] => 
    [ErrInfo] => 
    [PayType] => 0
)
 from 210.175.7.20
2023/03/11 18:40:19 [/shop/user_data/pg_mulpay_recv.php] ******* receiveer data end ******* from 210.175.7.20
2023/03/11 18:40:24 [/shop/user_data/pg_mulpay_recv.php] update order status:1 order_id=950171 from 210.175.7.20
2023/03/11 18:40:24 [/shop/user_data/pg_mulpay_recv.php] pg_mulpay_recv.php set payment data:Array
(
    [ShopID] => 9000034600950
    [AccessID] => d7dabe62f26c135559a88be97deeed62
    [OrderID] => 950171-11184018
    [Status] => CAPTURE
    [JobCd] => CAPTURE
    [Amount] => 19950
    [Tax] => 0
    [Currency] => JPN
    [Forward] => 2959876
    [Method] => 1
    [PayTimes] => 
    [TranID] => 2303111840602257210134171027
    [Approve] => 0098316
    [TranDate] => 20230311184019
    [ErrCode] => 
    [ErrInfo] => 
    [PayType] => 0
    [CvsCode] => 
    [CvsConfNo] => 
    [CvsReceiptNo] => 
    [EdyReceiptNo] => 
    [EdyOrderNo] => 
    [SuicaReceiptNo] => 
    [SuicaOrderNo] => 
    [CustID] => 
    [BkCode] => 
    [ConfNo] => 
    [PaymentTerm] => 
    [EncryptReceiptNo] => 
    [FinishDate] => 
    [ReceiptDate] => 
    [WebMoneyManagementNo] => 
    [WebMoneySettleCode] => 
    [AuPayInfoNo] => 
    [AuPayMethod] => 
    [AuCancelAmount] => 
    [AuCancelTax] => 
    [DocomoSettlementCode] => 
    [DocomoCancelAmount] => 
    [DocomoCancelTax] => 
    [pay_status] => 13
)
 from 210.175.7.20
2023/03/11 18:40:24 [/shop/user_data/pg_mulpay_recv.php] response:true from 210.175.7.20
2023/03/11 19:16:19 [/shop/shopping/load_payment_module.php] SendRequest:https://p01.mul-pay.jp/payment/EntryTran.idPass from 118.238.219.221
2023/03/11 19:16:19 [/shop/shopping/load_payment_module.php] Array
(
    [ShopID] => 9000034600950
    [ShopPass] => ******
    [OrderID] => 950172-11191619
    [JobCd] => CAPTURE
    [Amount] => 4380
    [TdFlag] => 0
    [TdTenantName] => 
)
 from 118.238.219.221
2023/03/11 19:16:19 [/shop/shopping/load_payment_module.php] AccessID=f9295debb2c088a8671f817e9632bb92&AccessPass=5ddadc641cec835b1a882579c9ea2314 from 118.238.219.221
2023/03/11 19:16:19 [/shop/shopping/load_payment_module.php] Array
(
    [0] => Array
        (
            [AccessID] => f9295debb2c088a8671f817e9632bb92
            [AccessPass] => 5ddadc641cec835b1a882579c9ea2314
        )

)
 from 118.238.219.221
2023/03/11 19:16:19 [/shop/shopping/load_payment_module.php] load_payment_module.php set payment data:Array
(
    [AccessID] => f9295debb2c088a8671f817e9632bb92
    [AccessPass] => 5ddadc641cec835b1a882579c9ea2314
    [OrderID] => 950172-11191619
    [Amount] => 4380
    [JobCd] => CAPTURE
    [action_status] => 1
    [pay_status] => 0
)
 from 118.238.219.221
2023/03/11 19:16:19 [/shop/shopping/load_payment_module.php] SendRequest:https://p01.mul-pay.jp/payment/ExecTran.idPass from 118.238.219.221
2023/03/11 19:16:19 [/shop/shopping/load_payment_module.php] Array
(
    [AccessID] => f9295debb2c088a8671f817e9632bb92
    [AccessPass] => 5ddadc641cec835b1a882579c9ea2314
    [OrderID] => 950172-11191619
    [Method] => 1
    [Token] => c2ad5325b4295f6e4cd18423e1a53f29e2c3925c77ababe5a1a4bc838bda1924
    [ClientField1] => 
    [ClientField2] => 
    [ClientField3] => EC-CUBE4.3.35
)
 from 118.238.219.221
2023/03/11 19:16:20 [/shop/shopping/load_payment_module.php] ACS=0&OrderID=950172-11191619&Forward=2S49631&Method=1&PayTimes=&Approve=0085934&TranID=2303111916602257210134181145&TranDate=20230311191620&CheckString=4514a4601f26710ccd474a4d502240b3 from 118.238.219.221
2023/03/11 19:16:20 [/shop/shopping/load_payment_module.php] Array
(
    [0] => Array
        (
            [ACS] => 0
            [OrderID] => 950172-11191619
            [Forward] => 2S49631
            [Method] => 1
            [PayTimes] => 
            [Approve] => 0085934
            [TranID] => 2303111916602257210134181145
            [TranDate] => 20230311191620
            [CheckString] => 4514a4601f26710ccd474a4d502240b3
        )

)
 from 118.238.219.221
2023/03/11 19:16:20 [/shop/shopping/load_payment_module.php] load_payment_module.php set payment data:Array
(
    [ACS] => 0
    [Forward] => 2S49631
    [Method] => 1
    [PayTimes] => 
    [Approve] => 0085934
    [TranID] => 2303111916602257210134181145
    [TranDate] => 20230311191620
    [CheckString] => 4514a4601f26710ccd474a4d502240b3
    [Amount] => 4380
    [JobCd] => CAPTURE
    [action_status] => 3
    [pay_status] => 13
)
 from 118.238.219.221
2023/03/11 19:16:20 [/shop/user_data/pg_mulpay_recv.php] ******* receiveer data start ******* from 210.175.7.20
2023/03/11 19:16:20 [/shop/user_data/pg_mulpay_recv.php] Array
(
    [ShopID] => 9000034600950
    [ShopPass] => **********
    [AccessID] => f9295debb2c088a8671f817e9632bb92
    [AccessPass] => ********************************
    [OrderID] => 950172-11191619
    [Status] => CAPTURE
    [JobCd] => CAPTURE
    [Amount] => 4380
    [Tax] => 0
    [Currency] => JPN
    [Forward] => 2S49631
    [Method] => 1
    [PayTimes] => 
    [TranID] => 2303111916602257210134181145
    [Approve] => 0085934
    [TranDate] => 20230311191620
    [ErrCode] => 
    [ErrInfo] => 
    [PayType] => 0
)
 from 210.175.7.20
2023/03/11 19:16:20 [/shop/user_data/pg_mulpay_recv.php] ******* receiveer data end ******* from 210.175.7.20
2023/03/11 19:16:25 [/shop/user_data/pg_mulpay_recv.php] update order status:1 order_id=950172 from 210.175.7.20
2023/03/11 19:16:25 [/shop/user_data/pg_mulpay_recv.php] pg_mulpay_recv.php set payment data:Array
(
    [ShopID] => 9000034600950
    [AccessID] => f9295debb2c088a8671f817e9632bb92
    [OrderID] => 950172-11191619
    [Status] => CAPTURE
    [JobCd] => CAPTURE
    [Amount] => 4380
    [Tax] => 0
    [Currency] => JPN
    [Forward] => 2S49631
    [Method] => 1
    [PayTimes] => 
    [TranID] => 2303111916602257210134181145
    [Approve] => 0085934
    [TranDate] => 20230311191620
    [ErrCode] => 
    [ErrInfo] => 
    [PayType] => 0
    [CvsCode] => 
    [CvsConfNo] => 
    [CvsReceiptNo] => 
    [EdyReceiptNo] => 
    [EdyOrderNo] => 
    [SuicaReceiptNo] => 
    [SuicaOrderNo] => 
    [CustID] => 
    [BkCode] => 
    [ConfNo] => 
    [PaymentTerm] => 
    [EncryptReceiptNo] => 
    [FinishDate] => 
    [ReceiptDate] => 
    [WebMoneyManagementNo] => 
    [WebMoneySettleCode] => 
    [AuPayInfoNo] => 
    [AuPayMethod] => 
    [AuCancelAmount] => 
    [AuCancelTax] => 
    [DocomoSettlementCode] => 
    [DocomoCancelAmount] => 
    [DocomoCancelTax] => 
    [pay_status] => 13
)
 from 210.175.7.20
2023/03/11 19:16:25 [/shop/user_data/pg_mulpay_recv.php] response:true from 210.175.7.20
2023/03/11 21:31:23 [/shop/shopping/load_payment_module.php] SendRequest:https://p01.mul-pay.jp/payment/SearchMember.idPass from 126.255.78.215
2023/03/11 21:31:24 [/shop/shopping/load_payment_module.php] Array
(
    [SiteID] => mst0000007602
    [SitePass] => ******
    [MemberID] => 11331
)
 from 126.255.78.215
2023/03/11 21:31:24 [/shop/shopping/load_payment_module.php] ErrCode=E01&ErrInfo=E01390002 from 126.255.78.215
2023/03/11 21:31:24 [/shop/shopping/load_payment_module.php] Array
(
    [0] => Array
        (
            [ErrCode] => E01
            [ErrInfo] => E01390002
        )

)
 from 126.255.78.215
2023/03/11 21:31:24 [/shop/shopping/load_payment_module.php] SendRequest:https://p01.mul-pay.jp/payment/SearchCard.idPass from 126.255.78.215
2023/03/11 21:31:24 [/shop/shopping/load_payment_module.php] Array
(
    [SiteID] => mst0000007602
    [SitePass] => ******
    [MemberID] => 11331
)
 from 126.255.78.215
2023/03/11 21:31:24 [/shop/shopping/load_payment_module.php] ErrCode=E01|E01&ErrInfo=E01390002|E01240002 from 126.255.78.215
2023/03/11 21:31:24 [/shop/shopping/load_payment_module.php] Array
(
    [0] => Array
        (
            [ErrCode] => E01
            [ErrInfo] => E01390002
        )

    [1] => Array
        (
            [ErrCode] => E01
            [ErrInfo] => E01240002
        )

)
 from 126.255.78.215
2023/03/11 21:31:44 [/shop/shopping/load_payment_module.php] SendRequest:https://p01.mul-pay.jp/payment/SearchMember.idPass from 126.255.78.215
2023/03/11 21:31:44 [/shop/shopping/load_payment_module.php] Array
(
    [SiteID] => mst0000007602
    [SitePass] => ******
    [MemberID] => 11331
)
 from 126.255.78.215
2023/03/11 21:31:44 [/shop/shopping/load_payment_module.php] ErrCode=E01&ErrInfo=E01390002 from 126.255.78.215
2023/03/11 21:31:44 [/shop/shopping/load_payment_module.php] Array
(
    [0] => Array
        (
            [ErrCode] => E01
            [ErrInfo] => E01390002
        )

)
 from 126.255.78.215
2023/03/11 21:31:44 [/shop/shopping/load_payment_module.php] SendRequest:https://p01.mul-pay.jp/payment/SearchCard.idPass from 126.255.78.215
2023/03/11 21:31:44 [/shop/shopping/load_payment_module.php] Array
(
    [SiteID] => mst0000007602
    [SitePass] => ******
    [MemberID] => 11331
)
 from 126.255.78.215
2023/03/11 21:31:44 [/shop/shopping/load_payment_module.php] ErrCode=E01|E01&ErrInfo=E01390002|E01240002 from 126.255.78.215
2023/03/11 21:31:44 [/shop/shopping/load_payment_module.php] Array
(
    [0] => Array
        (
            [ErrCode] => E01
            [ErrInfo] => E01390002
        )

    [1] => Array
        (
            [ErrCode] => E01
            [ErrInfo] => E01240002
        )

)
 from 126.255.78.215
2023/03/11 21:31:44 [/shop/shopping/load_payment_module.php] SendRequest:https://p01.mul-pay.jp/payment/EntryTran.idPass from 126.255.78.215
2023/03/11 21:31:44 [/shop/shopping/load_payment_module.php] Array
(
    [ShopID] => 9000034600950
    [ShopPass] => ******
    [OrderID] => 950173-11213144
    [JobCd] => CAPTURE
    [Amount] => 1330
    [TdFlag] => 0
    [TdTenantName] => 
)
 from 126.255.78.215
2023/03/11 21:31:44 [/shop/shopping/load_payment_module.php] AccessID=3ac78f284194433ee92d9aefba80dfbf&AccessPass=c3ff1b86bc5d27ebb639a5da43209d6e from 126.255.78.215
2023/03/11 21:31:44 [/shop/shopping/load_payment_module.php] Array
(
    [0] => Array
        (
            [AccessID] => 3ac78f284194433ee92d9aefba80dfbf
            [AccessPass] => c3ff1b86bc5d27ebb639a5da43209d6e
        )

)
 from 126.255.78.215
2023/03/11 21:31:44 [/shop/shopping/load_payment_module.php] load_payment_module.php set payment data:Array
(
    [AccessID] => 3ac78f284194433ee92d9aefba80dfbf
    [AccessPass] => c3ff1b86bc5d27ebb639a5da43209d6e
    [OrderID] => 950173-11213144
    [Amount] => 1330
    [JobCd] => CAPTURE
    [action_status] => 1
    [pay_status] => 0
)
 from 126.255.78.215
2023/03/11 21:31:44 [/shop/shopping/load_payment_module.php] SendRequest:https://p01.mul-pay.jp/payment/ExecTran.idPass from 126.255.78.215
2023/03/11 21:31:44 [/shop/shopping/load_payment_module.php] Array
(
    [AccessID] => 3ac78f284194433ee92d9aefba80dfbf
    [AccessPass] => c3ff1b86bc5d27ebb639a5da43209d6e
    [OrderID] => 950173-11213144
    [Method] => 1
    [Token] => 1719f0ce9ceef40a47288a1230ebb24b83185e50f12e46ac59e2e49f7b27da37
    [ClientField1] => 
    [ClientField2] => 
    [ClientField3] => EC-CUBE4.3.35
)
 from 126.255.78.215
2023/03/11 21:31:45 [/shop/shopping/load_payment_module.php] ACS=0&OrderID=950173-11213144&Forward=2S49631&Method=1&PayTimes=&Approve=0832076&TranID=2303112131602257210134151115&TranDate=20230311213145&CheckString=11e3b1ead4dd6826a8e243824b308f33 from 126.255.78.215
2023/03/11 21:31:45 [/shop/shopping/load_payment_module.php] Array
(
    [0] => Array
        (
            [ACS] => 0
            [OrderID] => 950173-11213144
            [Forward] => 2S49631
            [Method] => 1
            [PayTimes] => 
            [Approve] => 0832076
            [TranID] => 2303112131602257210134151115
            [TranDate] => 20230311213145
            [CheckString] => 11e3b1ead4dd6826a8e243824b308f33
        )

)
 from 126.255.78.215
2023/03/11 21:31:45 [/shop/shopping/load_payment_module.php] load_payment_module.php set payment data:Array
(
    [ACS] => 0
    [Forward] => 2S49631
    [Method] => 1
    [PayTimes] => 
    [Approve] => 0832076
    [TranID] => 2303112131602257210134151115
    [TranDate] => 20230311213145
    [CheckString] => 11e3b1ead4dd6826a8e243824b308f33
    [Amount] => 1330
    [JobCd] => CAPTURE
    [action_status] => 3
    [pay_status] => 13
)
 from 126.255.78.215
2023/03/11 21:31:45 [/shop/user_data/pg_mulpay_recv.php] ******* receiveer data start ******* from 210.175.7.20
2023/03/11 21:31:45 [/shop/user_data/pg_mulpay_recv.php] Array
(
    [ShopID] => 9000034600950
    [ShopPass] => **********
    [AccessID] => 3ac78f284194433ee92d9aefba80dfbf
    [AccessPass] => ********************************
    [OrderID] => 950173-11213144
    [Status] => CAPTURE
    [JobCd] => CAPTURE
    [Amount] => 1330
    [Tax] => 0
    [Currency] => JPN
    [Forward] => 2S49631
    [Method] => 1
    [PayTimes] => 
    [TranID] => 2303112131602257210134151115
    [Approve] => 0832076
    [TranDate] => 20230311213145
    [ErrCode] => 
    [ErrInfo] => 
    [PayType] => 0
)
 from 210.175.7.20
2023/03/11 21:31:45 [/shop/user_data/pg_mulpay_recv.php] ******* receiveer data end ******* from 210.175.7.20
2023/03/11 21:31:50 [/shop/user_data/pg_mulpay_recv.php] update order status:1 order_id=950173 from 210.175.7.20
2023/03/11 21:31:51 [/shop/user_data/pg_mulpay_recv.php] pg_mulpay_recv.php set payment data:Array
(
    [ShopID] => 9000034600950
    [AccessID] => 3ac78f284194433ee92d9aefba80dfbf
    [OrderID] => 950173-11213144
    [Status] => CAPTURE
    [JobCd] => CAPTURE
    [Amount] => 1330
    [Tax] => 0
    [Currency] => JPN
    [Forward] => 2S49631
    [Method] => 1
    [PayTimes] => 
    [TranID] => 2303112131602257210134151115
    [Approve] => 0832076
    [TranDate] => 20230311213145
    [ErrCode] => 
    [ErrInfo] => 
    [PayType] => 0
    [CvsCode] => 
    [CvsConfNo] => 
    [CvsReceiptNo] => 
    [EdyReceiptNo] => 
    [EdyOrderNo] => 
    [SuicaReceiptNo] => 
    [SuicaOrderNo] => 
    [CustID] => 
    [BkCode] => 
    [ConfNo] => 
    [PaymentTerm] => 
    [EncryptReceiptNo] => 
    [FinishDate] => 
    [ReceiptDate] => 
    [WebMoneyManagementNo] => 
    [WebMoneySettleCode] => 
    [AuPayInfoNo] => 
    [AuPayMethod] => 
    [AuCancelAmount] => 
    [AuCancelTax] => 
    [DocomoSettlementCode] => 
    [DocomoCancelAmount] => 
    [DocomoCancelTax] => 
    [pay_status] => 13
)
 from 210.175.7.20
2023/03/11 21:31:51 [/shop/user_data/pg_mulpay_recv.php] response:true from 210.175.7.20
