2019/12/28 02:40:58 [/shop/shopping/load_payment_module.php] SendRequest:https://p01.mul-pay.jp/payment/EntryTran.idPass from 206.47.102.162
2019/12/28 02:40:58 [/shop/shopping/load_payment_module.php] Array
(
    [ShopID] => 9000034600950
    [ShopPass] => ******
    [OrderID] => 942763-28024058
    [JobCd] => CAPTURE
    [Amount] => 6050
    [TdFlag] => 0
    [TdTenantName] => 
)
 from 206.47.102.162
2019/12/28 02:40:58 [/shop/shopping/load_payment_module.php] AccessID=fbe71e1c2e584021cbd515555197a76a&AccessPass=7d8cb985b12e13748f1113df3dcdb21b from 206.47.102.162
2019/12/28 02:40:58 [/shop/shopping/load_payment_module.php] Array
(
    [0] => Array
        (
            [AccessID] => fbe71e1c2e584021cbd515555197a76a
            [AccessPass] => 7d8cb985b12e13748f1113df3dcdb21b
        )

)
 from 206.47.102.162
2019/12/28 02:40:58 [/shop/shopping/load_payment_module.php] load_payment_module.php set payment data:Array
(
    [AccessID] => fbe71e1c2e584021cbd515555197a76a
    [AccessPass] => 7d8cb985b12e13748f1113df3dcdb21b
    [OrderID] => 942763-28024058
    [Amount] => 6050
    [JobCd] => CAPTURE
    [action_status] => 1
    [pay_status] => 0
)
 from 206.47.102.162
2019/12/28 02:40:58 [/shop/shopping/load_payment_module.php] SendRequest:https://p01.mul-pay.jp/payment/ExecTran.idPass from 206.47.102.162
2019/12/28 02:40:58 [/shop/shopping/load_payment_module.php] Array
(
    [AccessID] => fbe71e1c2e584021cbd515555197a76a
    [AccessPass] => 7d8cb985b12e13748f1113df3dcdb21b
    [OrderID] => 942763-28024058
    [Method] => 1
    [Token] => d2638ca130d54db7e20c56ba83f02634b7de550cdb901cb7dd7f1626a8cf314d
    [ClientField1] => 
    [ClientField2] => 
    [ClientField3] => EC-CUBE4.3.24
)
 from 206.47.102.162
2019/12/28 02:40:59 [/shop/shopping/load_payment_module.php] ACS=0&OrderID=942763-28024058&Forward=2S49631&Method=1&PayTimes=&Approve=0026480&TranID=1912280240602257210134112750&TranDate=20191228024059&CheckString=6195ec990c0982b55dc91e365765d2b3 from 206.47.102.162
2019/12/28 02:40:59 [/shop/shopping/load_payment_module.php] Array
(
    [0] => Array
        (
            [ACS] => 0
            [OrderID] => 942763-28024058
            [Forward] => 2S49631
            [Method] => 1
            [PayTimes] => 
            [Approve] => 0026480
            [TranID] => 1912280240602257210134112750
            [TranDate] => 20191228024059
            [CheckString] => 6195ec990c0982b55dc91e365765d2b3
        )

)
 from 206.47.102.162
2019/12/28 02:40:59 [/shop/shopping/load_payment_module.php] load_payment_module.php set payment data:Array
(
    [ACS] => 0
    [Forward] => 2S49631
    [Method] => 1
    [PayTimes] => 
    [Approve] => 0026480
    [TranID] => 1912280240602257210134112750
    [TranDate] => 20191228024059
    [CheckString] => 6195ec990c0982b55dc91e365765d2b3
    [Amount] => 6050
    [JobCd] => CAPTURE
    [action_status] => 3
    [pay_status] => 13
)
 from 206.47.102.162
2019/12/28 02:40:59 [/shop/user_data/pg_mulpay_recv.php] ******* receiveer data start ******* from 210.175.7.20
2019/12/28 02:40:59 [/shop/user_data/pg_mulpay_recv.php] Array
(
    [ShopID] => 9000034600950
    [ShopPass] => **********
    [AccessID] => fbe71e1c2e584021cbd515555197a76a
    [AccessPass] => ********************************
    [OrderID] => 942763-28024058
    [Status] => CAPTURE
    [JobCd] => CAPTURE
    [Amount] => 6050
    [Tax] => 0
    [Currency] => JPN
    [Forward] => 2S49631
    [Method] => 1
    [PayTimes] => 
    [TranID] => 1912280240602257210134112750
    [Approve] => 0026480
    [TranDate] => 20191228024059
    [ErrCode] => 
    [ErrInfo] => 
    [PayType] => 0
)
 from 210.175.7.20
2019/12/28 02:40:59 [/shop/user_data/pg_mulpay_recv.php] ******* receiveer data end ******* from 210.175.7.20
2019/12/28 02:41:04 [/shop/user_data/pg_mulpay_recv.php] update order status:1 order_id=942763 from 210.175.7.20
2019/12/28 02:41:04 [/shop/user_data/pg_mulpay_recv.php] pg_mulpay_recv.php set payment data:Array
(
    [ShopID] => 9000034600950
    [AccessID] => fbe71e1c2e584021cbd515555197a76a
    [OrderID] => 942763-28024058
    [Status] => CAPTURE
    [JobCd] => CAPTURE
    [Amount] => 6050
    [Tax] => 0
    [Currency] => JPN
    [Forward] => 2S49631
    [Method] => 1
    [PayTimes] => 
    [TranID] => 1912280240602257210134112750
    [Approve] => 0026480
    [TranDate] => 20191228024059
    [ErrCode] => 
    [ErrInfo] => 
    [PayType] => 0
    [CvsCode] => 
    [CvsConfNo] => 
    [CvsReceiptNo] => 
    [EdyReceiptNo] => 
    [EdyOrderNo] => 
    [SuicaReceiptNo] => 
    [SuicaOrderNo] => 
    [CustID] => 
    [BkCode] => 
    [ConfNo] => 
    [PaymentTerm] => 
    [EncryptReceiptNo] => 
    [FinishDate] => 
    [ReceiptDate] => 
    [WebMoneyManagementNo] => 
    [WebMoneySettleCode] => 
    [AuPayInfoNo] => 
    [AuPayMethod] => 
    [AuCancelAmount] => 
    [AuCancelTax] => 
    [DocomoSettlementCode] => 
    [DocomoCancelAmount] => 
    [DocomoCancelTax] => 
    [pay_status] => 13
)
 from 210.175.7.20
2019/12/28 02:41:04 [/shop/user_data/pg_mulpay_recv.php] response:true from 210.175.7.20
2019/12/28 03:43:54 [/shop/shopping/load_payment_module.php] SendRequest:https://p01.mul-pay.jp/payment/SearchMember.idPass from 126.244.24.159
2019/12/28 03:43:54 [/shop/shopping/load_payment_module.php] Array
(
    [SiteID] => mst0000007602
    [SitePass] => ******
    [MemberID] => 9838
)
 from 126.244.24.159
2019/12/28 03:43:54 [/shop/shopping/load_payment_module.php] ErrCode=E01&ErrInfo=E01390002 from 126.244.24.159
2019/12/28 03:43:54 [/shop/shopping/load_payment_module.php] Array
(
    [0] => Array
        (
            [ErrCode] => E01
            [ErrInfo] => E01390002
        )

)
 from 126.244.24.159
2019/12/28 03:43:54 [/shop/shopping/load_payment_module.php] SendRequest:https://p01.mul-pay.jp/payment/SearchCard.idPass from 126.244.24.159
2019/12/28 03:43:54 [/shop/shopping/load_payment_module.php] Array
(
    [SiteID] => mst0000007602
    [SitePass] => ******
    [MemberID] => 9838
)
 from 126.244.24.159
2019/12/28 03:43:54 [/shop/shopping/load_payment_module.php] ErrCode=E01|E01&ErrInfo=E01390002|E01240002 from 126.244.24.159
2019/12/28 03:43:54 [/shop/shopping/load_payment_module.php] Array
(
    [0] => Array
        (
            [ErrCode] => E01
            [ErrInfo] => E01390002
        )

    [1] => Array
        (
            [ErrCode] => E01
            [ErrInfo] => E01240002
        )

)
 from 126.244.24.159
2019/12/28 03:44:39 [/shop/shopping/load_payment_module.php] SendRequest:https://p01.mul-pay.jp/payment/SearchMember.idPass from 126.244.24.159
2019/12/28 03:44:39 [/shop/shopping/load_payment_module.php] Array
(
    [SiteID] => mst0000007602
    [SitePass] => ******
    [MemberID] => 9838
)
 from 126.244.24.159
2019/12/28 03:44:39 [/shop/shopping/load_payment_module.php] ErrCode=E01&ErrInfo=E01390002 from 126.244.24.159
2019/12/28 03:44:39 [/shop/shopping/load_payment_module.php] Array
(
    [0] => Array
        (
            [ErrCode] => E01
            [ErrInfo] => E01390002
        )

)
 from 126.244.24.159
2019/12/28 03:44:39 [/shop/shopping/load_payment_module.php] SendRequest:https://p01.mul-pay.jp/payment/SearchCard.idPass from 126.244.24.159
2019/12/28 03:44:39 [/shop/shopping/load_payment_module.php] Array
(
    [SiteID] => mst0000007602
    [SitePass] => ******
    [MemberID] => 9838
)
 from 126.244.24.159
2019/12/28 03:44:39 [/shop/shopping/load_payment_module.php] ErrCode=E01|E01&ErrInfo=E01390002|E01240002 from 126.244.24.159
2019/12/28 03:44:39 [/shop/shopping/load_payment_module.php] Array
(
    [0] => Array
        (
            [ErrCode] => E01
            [ErrInfo] => E01390002
        )

    [1] => Array
        (
            [ErrCode] => E01
            [ErrInfo] => E01240002
        )

)
 from 126.244.24.159
2019/12/28 03:44:39 [/shop/shopping/load_payment_module.php] SendRequest:https://p01.mul-pay.jp/payment/EntryTran.idPass from 126.244.24.159
2019/12/28 03:44:39 [/shop/shopping/load_payment_module.php] Array
(
    [ShopID] => 9000034600950
    [ShopPass] => ******
    [OrderID] => 942764-28034439
    [JobCd] => CAPTURE
    [Amount] => 3118
    [TdFlag] => 0
    [TdTenantName] => 
)
 from 126.244.24.159
2019/12/28 03:44:39 [/shop/shopping/load_payment_module.php] AccessID=b18c73df805838d01aeaffaccd4b1bee&AccessPass=abab8973b487af7100986bd52f13bfe4 from 126.244.24.159
2019/12/28 03:44:39 [/shop/shopping/load_payment_module.php] Array
(
    [0] => Array
        (
            [AccessID] => b18c73df805838d01aeaffaccd4b1bee
            [AccessPass] => abab8973b487af7100986bd52f13bfe4
        )

)
 from 126.244.24.159
2019/12/28 03:44:39 [/shop/shopping/load_payment_module.php] load_payment_module.php set payment data:Array
(
    [AccessID] => b18c73df805838d01aeaffaccd4b1bee
    [AccessPass] => abab8973b487af7100986bd52f13bfe4
    [OrderID] => 942764-28034439
    [Amount] => 3118
    [JobCd] => CAPTURE
    [action_status] => 1
    [pay_status] => 0
)
 from 126.244.24.159
2019/12/28 03:44:39 [/shop/shopping/load_payment_module.php] SendRequest:https://p01.mul-pay.jp/payment/ExecTran.idPass from 126.244.24.159
2019/12/28 03:44:39 [/shop/shopping/load_payment_module.php] Array
(
    [AccessID] => b18c73df805838d01aeaffaccd4b1bee
    [AccessPass] => abab8973b487af7100986bd52f13bfe4
    [OrderID] => 942764-28034439
    [Method] => 1
    [Token] => ad32aceb246b5f24e68405e602084cc15fc2d8be8e060fb4c6e2e7221df0793c
    [ClientField1] => 
    [ClientField2] => 
    [ClientField3] => EC-CUBE4.3.24
)
 from 126.244.24.159
2019/12/28 03:44:40 [/shop/shopping/load_payment_module.php] ErrCode=G54&ErrInfo=42G540000 from 126.244.24.159
2019/12/28 03:44:40 [/shop/shopping/load_payment_module.php] Array
(
    [0] => Array
        (
            [ErrCode] => G54
            [ErrInfo] => 42G540000
        )

)
 from 126.244.24.159
2019/12/28 03:44:40 [/shop/shopping/load_payment_module.php] load_payment_module.php set payment data:Array
(
    [request_error] => Array
        (
            [0] => このカードでは取引をする事が出来ません。 (G54-42G540000)
        )

    [Amount] => 3118
    [JobCd] => CAPTURE
    [action_status] => 3
)
 from 126.244.24.159
2019/12/28 03:44:40 [/shop/user_data/pg_mulpay_recv.php] ******* receiveer data start ******* from 210.175.7.20
2019/12/28 03:44:40 [/shop/user_data/pg_mulpay_recv.php] Array
(
    [ShopID] => 9000034600950
    [ShopPass] => **********
    [AccessID] => b18c73df805838d01aeaffaccd4b1bee
    [AccessPass] => ********************************
    [OrderID] => 942764-28034439
    [Status] => UNPROCESSED
    [JobCd] => CAPTURE
    [Amount] => 3118
    [Tax] => 0
    [Currency] => JPN
    [Forward] => 2959876
    [Method] => 1
    [PayTimes] => 
    [TranID] => 1912280344602257210134112751
    [Approve] =>        
    [TranDate] => 20191228034440
    [ErrCode] => G54
    [ErrInfo] => 42G540000
    [PayType] => 0
)
 from 210.175.7.20
2019/12/28 03:44:40 [/shop/user_data/pg_mulpay_recv.php] ******* receiveer data end ******* from 210.175.7.20
2019/12/28 03:44:40 [/shop/user_data/pg_mulpay_recv.php] pg_mulpay_recv.php set payment data:Array
(
    [ShopID] => 9000034600950
    [AccessID] => b18c73df805838d01aeaffaccd4b1bee
    [OrderID] => 942764-28034439
    [Status] => UNPROCESSED
    [JobCd] => CAPTURE
    [Amount] => 3118
    [Tax] => 0
    [Currency] => JPN
    [Forward] => 2959876
    [Method] => 1
    [PayTimes] => 
    [TranID] => 1912280344602257210134112751
    [Approve] => 
    [TranDate] => 20191228034440
    [ErrCode] => G54
    [ErrInfo] => 42G540000
    [PayType] => 0
    [CvsCode] => 
    [CvsConfNo] => 
    [CvsReceiptNo] => 
    [EdyReceiptNo] => 
    [EdyOrderNo] => 
    [SuicaReceiptNo] => 
    [SuicaOrderNo] => 
    [CustID] => 
    [BkCode] => 
    [ConfNo] => 
    [PaymentTerm] => 
    [EncryptReceiptNo] => 
    [FinishDate] => 
    [ReceiptDate] => 
    [WebMoneyManagementNo] => 
    [WebMoneySettleCode] => 
    [AuPayInfoNo] => 
    [AuPayMethod] => 
    [AuCancelAmount] => 
    [AuCancelTax] => 
    [DocomoSettlementCode] => 
    [DocomoCancelAmount] => 
    [DocomoCancelTax] => 
    [pay_status] => 0
)
 from 210.175.7.20
2019/12/28 03:44:40 [/shop/user_data/pg_mulpay_recv.php] response:true from 210.175.7.20
2019/12/28 03:45:53 [/shop/shopping/load_payment_module.php] SendRequest:https://p01.mul-pay.jp/payment/SearchMember.idPass from 126.244.24.159
2019/12/28 03:45:53 [/shop/shopping/load_payment_module.php] Array
(
    [SiteID] => mst0000007602
    [SitePass] => ******
    [MemberID] => 9838
)
 from 126.244.24.159
2019/12/28 03:45:53 [/shop/shopping/load_payment_module.php] ErrCode=E01&ErrInfo=E01390002 from 126.244.24.159
2019/12/28 03:45:53 [/shop/shopping/load_payment_module.php] Array
(
    [0] => Array
        (
            [ErrCode] => E01
            [ErrInfo] => E01390002
        )

)
 from 126.244.24.159
2019/12/28 03:45:53 [/shop/shopping/load_payment_module.php] SendRequest:https://p01.mul-pay.jp/payment/SearchCard.idPass from 126.244.24.159
2019/12/28 03:45:53 [/shop/shopping/load_payment_module.php] Array
(
    [SiteID] => mst0000007602
    [SitePass] => ******
    [MemberID] => 9838
)
 from 126.244.24.159
2019/12/28 03:45:53 [/shop/shopping/load_payment_module.php] ErrCode=E01|E01&ErrInfo=E01390002|E01240002 from 126.244.24.159
2019/12/28 03:45:53 [/shop/shopping/load_payment_module.php] Array
(
    [0] => Array
        (
            [ErrCode] => E01
            [ErrInfo] => E01390002
        )

    [1] => Array
        (
            [ErrCode] => E01
            [ErrInfo] => E01240002
        )

)
 from 126.244.24.159
2019/12/28 03:45:53 [/shop/shopping/load_payment_module.php] SendRequest:https://p01.mul-pay.jp/payment/ExecTran.idPass from 126.244.24.159
2019/12/28 03:45:53 [/shop/shopping/load_payment_module.php] Array
(
    [AccessID] => b18c73df805838d01aeaffaccd4b1bee
    [AccessPass] => abab8973b487af7100986bd52f13bfe4
    [OrderID] => 942764-28034439
    [Method] => 1
    [PayTimes] => 
    [Token] => a047015c42a8bdde3f85eb969ecfe26b3ade93b9735ae2d17091add112357a3d
    [ClientField1] => 
    [ClientField2] => 
    [ClientField3] => EC-CUBE4.3.24
)
 from 126.244.24.159
2019/12/28 03:45:54 [/shop/shopping/load_payment_module.php] ACS=0&OrderID=942764-28034439&Forward=2959876&Method=1&PayTimes=&Approve=0119976&TranID=1912280345602257210134112752&TranDate=20191228034554&CheckString=b28ae9ebb6080fd8c01f7da130e72bc6 from 126.244.24.159
2019/12/28 03:45:54 [/shop/shopping/load_payment_module.php] Array
(
    [0] => Array
        (
            [ACS] => 0
            [OrderID] => 942764-28034439
            [Forward] => 2959876
            [Method] => 1
            [PayTimes] => 
            [Approve] => 0119976
            [TranID] => 1912280345602257210134112752
            [TranDate] => 20191228034554
            [CheckString] => b28ae9ebb6080fd8c01f7da130e72bc6
        )

)
 from 126.244.24.159
2019/12/28 03:45:54 [/shop/shopping/load_payment_module.php] load_payment_module.php set payment data:Array
(
    [ACS] => 0
    [Forward] => 2959876
    [Method] => 1
    [PayTimes] => 
    [Approve] => 0119976
    [TranID] => 1912280345602257210134112752
    [TranDate] => 20191228034554
    [CheckString] => b28ae9ebb6080fd8c01f7da130e72bc6
    [Amount] => 3118
    [JobCd] => CAPTURE
    [action_status] => 3
    [pay_status] => 13
)
 from 126.244.24.159
2019/12/28 03:45:55 [/shop/user_data/pg_mulpay_recv.php] ******* receiveer data start ******* from 210.175.7.20
2019/12/28 03:45:55 [/shop/user_data/pg_mulpay_recv.php] Array
(
    [ShopID] => 9000034600950
    [ShopPass] => **********
    [AccessID] => b18c73df805838d01aeaffaccd4b1bee
    [AccessPass] => ********************************
    [OrderID] => 942764-28034439
    [Status] => CAPTURE
    [JobCd] => CAPTURE
    [Amount] => 3118
    [Tax] => 0
    [Currency] => JPN
    [Forward] => 2959876
    [Method] => 1
    [PayTimes] => 
    [TranID] => 1912280345602257210134112752
    [Approve] => 0119976
    [TranDate] => 20191228034554
    [ErrCode] => 
    [ErrInfo] => 
    [PayType] => 0
)
 from 210.175.7.20
2019/12/28 03:45:55 [/shop/user_data/pg_mulpay_recv.php] ******* receiveer data end ******* from 210.175.7.20
2019/12/28 03:46:00 [/shop/user_data/pg_mulpay_recv.php] update order status:1 order_id=942764 from 210.175.7.20
2019/12/28 03:46:00 [/shop/user_data/pg_mulpay_recv.php] pg_mulpay_recv.php set payment data:Array
(
    [ShopID] => 9000034600950
    [AccessID] => b18c73df805838d01aeaffaccd4b1bee
    [OrderID] => 942764-28034439
    [Status] => CAPTURE
    [JobCd] => CAPTURE
    [Amount] => 3118
    [Tax] => 0
    [Currency] => JPN
    [Forward] => 2959876
    [Method] => 1
    [PayTimes] => 
    [TranID] => 1912280345602257210134112752
    [Approve] => 0119976
    [TranDate] => 20191228034554
    [PayType] => 0
    [CvsCode] => 
    [CvsConfNo] => 
    [CvsReceiptNo] => 
    [EdyReceiptNo] => 
    [EdyOrderNo] => 
    [SuicaReceiptNo] => 
    [SuicaOrderNo] => 
    [CustID] => 
    [BkCode] => 
    [ConfNo] => 
    [PaymentTerm] => 
    [EncryptReceiptNo] => 
    [FinishDate] => 
    [ReceiptDate] => 
    [WebMoneyManagementNo] => 
    [WebMoneySettleCode] => 
    [AuPayInfoNo] => 
    [AuPayMethod] => 
    [AuCancelAmount] => 
    [AuCancelTax] => 
    [DocomoSettlementCode] => 
    [DocomoCancelAmount] => 
    [DocomoCancelTax] => 
    [pay_status] => 13
)
 from 210.175.7.20
2019/12/28 03:46:00 [/shop/user_data/pg_mulpay_recv.php] response:true from 210.175.7.20
2019/12/28 08:12:21 [/shop/shopping/load_payment_module.php] SendRequest:https://p01.mul-pay.jp/payment/SearchMember.idPass from 179.125.229.5
2019/12/28 08:12:21 [/shop/shopping/load_payment_module.php] Array
(
    [SiteID] => mst0000007602
    [SitePass] => ******
    [MemberID] => 10125
)
 from 179.125.229.5
2019/12/28 08:12:21 [/shop/shopping/load_payment_module.php] ErrCode=E01&ErrInfo=E01390002 from 179.125.229.5
2019/12/28 08:12:22 [/shop/shopping/load_payment_module.php] Array
(
    [0] => Array
        (
            [ErrCode] => E01
            [ErrInfo] => E01390002
        )

)
 from 179.125.229.5
2019/12/28 08:12:22 [/shop/shopping/load_payment_module.php] SendRequest:https://p01.mul-pay.jp/payment/SearchCard.idPass from 179.125.229.5
2019/12/28 08:12:22 [/shop/shopping/load_payment_module.php] Array
(
    [SiteID] => mst0000007602
    [SitePass] => ******
    [MemberID] => 10125
)
 from 179.125.229.5
2019/12/28 08:12:22 [/shop/shopping/load_payment_module.php] ErrCode=E01|E01&ErrInfo=E01390002|E01240002 from 179.125.229.5
2019/12/28 08:12:22 [/shop/shopping/load_payment_module.php] Array
(
    [0] => Array
        (
            [ErrCode] => E01
            [ErrInfo] => E01390002
        )

    [1] => Array
        (
            [ErrCode] => E01
            [ErrInfo] => E01240002
        )

)
 from 179.125.229.5
2019/12/28 08:22:05 [/shop/shopping/load_payment_module.php] SendRequest:https://p01.mul-pay.jp/payment/SearchMember.idPass from 179.125.229.5
2019/12/28 08:22:05 [/shop/shopping/load_payment_module.php] Array
(
    [SiteID] => mst0000007602
    [SitePass] => ******
    [MemberID] => 10125
)
 from 179.125.229.5
2019/12/28 08:22:05 [/shop/shopping/load_payment_module.php] ErrCode=E01&ErrInfo=E01390002 from 179.125.229.5
2019/12/28 08:22:05 [/shop/shopping/load_payment_module.php] Array
(
    [0] => Array
        (
            [ErrCode] => E01
            [ErrInfo] => E01390002
        )

)
 from 179.125.229.5
2019/12/28 08:22:05 [/shop/shopping/load_payment_module.php] SendRequest:https://p01.mul-pay.jp/payment/SearchCard.idPass from 179.125.229.5
2019/12/28 08:22:05 [/shop/shopping/load_payment_module.php] Array
(
    [SiteID] => mst0000007602
    [SitePass] => ******
    [MemberID] => 10125
)
 from 179.125.229.5
2019/12/28 08:22:05 [/shop/shopping/load_payment_module.php] ErrCode=E01|E01&ErrInfo=E01390002|E01240002 from 179.125.229.5
2019/12/28 08:22:05 [/shop/shopping/load_payment_module.php] Array
(
    [0] => Array
        (
            [ErrCode] => E01
            [ErrInfo] => E01390002
        )

    [1] => Array
        (
            [ErrCode] => E01
            [ErrInfo] => E01240002
        )

)
 from 179.125.229.5
2019/12/28 08:22:05 [/shop/shopping/load_payment_module.php] SendRequest:https://p01.mul-pay.jp/payment/EntryTran.idPass from 179.125.229.5
2019/12/28 08:22:05 [/shop/shopping/load_payment_module.php] Array
(
    [ShopID] => 9000034600950
    [ShopPass] => ******
    [OrderID] => 942765-28082205
    [JobCd] => CAPTURE
    [Amount] => 7700
    [TdFlag] => 0
    [TdTenantName] => 
)
 from 179.125.229.5
2019/12/28 08:22:05 [/shop/shopping/load_payment_module.php] AccessID=2431ec91dfd21161d24cc5fd498e1bdd&AccessPass=0e9feedd93870622c7bf0466868541e9 from 179.125.229.5
2019/12/28 08:22:05 [/shop/shopping/load_payment_module.php] Array
(
    [0] => Array
        (
            [AccessID] => 2431ec91dfd21161d24cc5fd498e1bdd
            [AccessPass] => 0e9feedd93870622c7bf0466868541e9
        )

)
 from 179.125.229.5
2019/12/28 08:22:05 [/shop/shopping/load_payment_module.php] load_payment_module.php set payment data:Array
(
    [AccessID] => 2431ec91dfd21161d24cc5fd498e1bdd
    [AccessPass] => 0e9feedd93870622c7bf0466868541e9
    [OrderID] => 942765-28082205
    [Amount] => 7700
    [JobCd] => CAPTURE
    [action_status] => 1
    [pay_status] => 0
)
 from 179.125.229.5
2019/12/28 08:22:05 [/shop/shopping/load_payment_module.php] SendRequest:https://p01.mul-pay.jp/payment/ExecTran.idPass from 179.125.229.5
2019/12/28 08:22:05 [/shop/shopping/load_payment_module.php] Array
(
    [AccessID] => 2431ec91dfd21161d24cc5fd498e1bdd
    [AccessPass] => 0e9feedd93870622c7bf0466868541e9
    [OrderID] => 942765-28082205
    [Method] => 1
    [Token] => eae6149bfa2a2313bbf0f3129b8588730a9699de3c56ba56a407478ada64400e
    [ClientField1] => 
    [ClientField2] => 
    [ClientField3] => EC-CUBE4.3.24
)
 from 179.125.229.5
2019/12/28 08:22:06 [/shop/shopping/load_payment_module.php] ACS=0&OrderID=942765-28082205&Forward=2959876&Method=1&PayTimes=&Approve=0220652&TranID=1912280822602257210134112753&TranDate=20191228082206&CheckString=80ba43acd377c4c101e055dd2f5715ce from 179.125.229.5
2019/12/28 08:22:06 [/shop/shopping/load_payment_module.php] Array
(
    [0] => Array
        (
            [ACS] => 0
            [OrderID] => 942765-28082205
            [Forward] => 2959876
            [Method] => 1
            [PayTimes] => 
            [Approve] => 0220652
            [TranID] => 1912280822602257210134112753
            [TranDate] => 20191228082206
            [CheckString] => 80ba43acd377c4c101e055dd2f5715ce
        )

)
 from 179.125.229.5
2019/12/28 08:22:06 [/shop/shopping/load_payment_module.php] load_payment_module.php set payment data:Array
(
    [ACS] => 0
    [Forward] => 2959876
    [Method] => 1
    [PayTimes] => 
    [Approve] => 0220652
    [TranID] => 1912280822602257210134112753
    [TranDate] => 20191228082206
    [CheckString] => 80ba43acd377c4c101e055dd2f5715ce
    [Amount] => 7700
    [JobCd] => CAPTURE
    [action_status] => 3
    [pay_status] => 13
)
 from 179.125.229.5
2019/12/28 08:22:07 [/shop/user_data/pg_mulpay_recv.php] ******* receiveer data start ******* from 210.175.7.20
2019/12/28 08:22:07 [/shop/user_data/pg_mulpay_recv.php] Array
(
    [ShopID] => 9000034600950
    [ShopPass] => **********
    [AccessID] => 2431ec91dfd21161d24cc5fd498e1bdd
    [AccessPass] => ********************************
    [OrderID] => 942765-28082205
    [Status] => CAPTURE
    [JobCd] => CAPTURE
    [Amount] => 7700
    [Tax] => 0
    [Currency] => JPN
    [Forward] => 2959876
    [Method] => 1
    [PayTimes] => 
    [TranID] => 1912280822602257210134112753
    [Approve] => 0220652
    [TranDate] => 20191228082206
    [ErrCode] => 
    [ErrInfo] => 
    [PayType] => 0
)
 from 210.175.7.20
2019/12/28 08:22:07 [/shop/user_data/pg_mulpay_recv.php] ******* receiveer data end ******* from 210.175.7.20
2019/12/28 08:22:12 [/shop/user_data/pg_mulpay_recv.php] update order status:1 order_id=942765 from 210.175.7.20
2019/12/28 08:22:12 [/shop/user_data/pg_mulpay_recv.php] pg_mulpay_recv.php set payment data:Array
(
    [ShopID] => 9000034600950
    [AccessID] => 2431ec91dfd21161d24cc5fd498e1bdd
    [OrderID] => 942765-28082205
    [Status] => CAPTURE
    [JobCd] => CAPTURE
    [Amount] => 7700
    [Tax] => 0
    [Currency] => JPN
    [Forward] => 2959876
    [Method] => 1
    [PayTimes] => 
    [TranID] => 1912280822602257210134112753
    [Approve] => 0220652
    [TranDate] => 20191228082206
    [ErrCode] => 
    [ErrInfo] => 
    [PayType] => 0
    [CvsCode] => 
    [CvsConfNo] => 
    [CvsReceiptNo] => 
    [EdyReceiptNo] => 
    [EdyOrderNo] => 
    [SuicaReceiptNo] => 
    [SuicaOrderNo] => 
    [CustID] => 
    [BkCode] => 
    [ConfNo] => 
    [PaymentTerm] => 
    [EncryptReceiptNo] => 
    [FinishDate] => 
    [ReceiptDate] => 
    [WebMoneyManagementNo] => 
    [WebMoneySettleCode] => 
    [AuPayInfoNo] => 
    [AuPayMethod] => 
    [AuCancelAmount] => 
    [AuCancelTax] => 
    [DocomoSettlementCode] => 
    [DocomoCancelAmount] => 
    [DocomoCancelTax] => 
    [pay_status] => 13
)
 from 210.175.7.20
2019/12/28 08:22:12 [/shop/user_data/pg_mulpay_recv.php] response:true from 210.175.7.20
2019/12/28 09:17:50 [/shop/shopping/load_payment_module.php] SendRequest:https://p01.mul-pay.jp/payment/EntryTran.idPass from 223.134.103.179
2019/12/28 09:17:50 [/shop/shopping/load_payment_module.php] Array
(
    [ShopID] => 9000034600950
    [ShopPass] => ******
    [OrderID] => 942766-28091750
    [JobCd] => CAPTURE
    [Amount] => 550
    [TdFlag] => 0
    [TdTenantName] => 
)
 from 223.134.103.179
2019/12/28 09:17:50 [/shop/shopping/load_payment_module.php] AccessID=8cf506610b12f09fe7ff9f118ea254b7&AccessPass=b28b3d67b7ab172a68a1140c45058c53 from 223.134.103.179
2019/12/28 09:17:50 [/shop/shopping/load_payment_module.php] Array
(
    [0] => Array
        (
            [AccessID] => 8cf506610b12f09fe7ff9f118ea254b7
            [AccessPass] => b28b3d67b7ab172a68a1140c45058c53
        )

)
 from 223.134.103.179
2019/12/28 09:17:50 [/shop/shopping/load_payment_module.php] load_payment_module.php set payment data:Array
(
    [AccessID] => 8cf506610b12f09fe7ff9f118ea254b7
    [AccessPass] => b28b3d67b7ab172a68a1140c45058c53
    [OrderID] => 942766-28091750
    [Amount] => 550
    [JobCd] => CAPTURE
    [action_status] => 1
    [pay_status] => 0
)
 from 223.134.103.179
2019/12/28 09:17:50 [/shop/shopping/load_payment_module.php] SendRequest:https://p01.mul-pay.jp/payment/ExecTran.idPass from 223.134.103.179
2019/12/28 09:17:50 [/shop/shopping/load_payment_module.php] Array
(
    [AccessID] => 8cf506610b12f09fe7ff9f118ea254b7
    [AccessPass] => b28b3d67b7ab172a68a1140c45058c53
    [OrderID] => 942766-28091750
    [Method] => 1
    [Token] => 8c2a6d4586e6fc4fc08e2b933797ddd29405f786b7cb3685cad37f363a20d65a
    [ClientField1] => 
    [ClientField2] => 
    [ClientField3] => EC-CUBE4.3.24
)
 from 223.134.103.179
2019/12/28 09:17:51 [/shop/shopping/load_payment_module.php] ACS=0&OrderID=942766-28091750&Forward=2S49631&Method=1&PayTimes=&Approve=0514463&TranID=1912280917602257210134122811&TranDate=20191228091751&CheckString=57c5ddeb569f0855ed63a22d935f437d from 223.134.103.179
2019/12/28 09:17:51 [/shop/shopping/load_payment_module.php] Array
(
    [0] => Array
        (
            [ACS] => 0
            [OrderID] => 942766-28091750
            [Forward] => 2S49631
            [Method] => 1
            [PayTimes] => 
            [Approve] => 0514463
            [TranID] => 1912280917602257210134122811
            [TranDate] => 20191228091751
            [CheckString] => 57c5ddeb569f0855ed63a22d935f437d
        )

)
 from 223.134.103.179
2019/12/28 09:17:51 [/shop/shopping/load_payment_module.php] load_payment_module.php set payment data:Array
(
    [ACS] => 0
    [Forward] => 2S49631
    [Method] => 1
    [PayTimes] => 
    [Approve] => 0514463
    [TranID] => 1912280917602257210134122811
    [TranDate] => 20191228091751
    [CheckString] => 57c5ddeb569f0855ed63a22d935f437d
    [Amount] => 550
    [JobCd] => CAPTURE
    [action_status] => 3
    [pay_status] => 13
)
 from 223.134.103.179
2019/12/28 09:17:51 [/shop/user_data/pg_mulpay_recv.php] ******* receiveer data start ******* from 210.175.7.20
2019/12/28 09:17:51 [/shop/user_data/pg_mulpay_recv.php] Array
(
    [ShopID] => 9000034600950
    [ShopPass] => **********
    [AccessID] => 8cf506610b12f09fe7ff9f118ea254b7
    [AccessPass] => ********************************
    [OrderID] => 942766-28091750
    [Status] => CAPTURE
    [JobCd] => CAPTURE
    [Amount] => 550
    [Tax] => 0
    [Currency] => JPN
    [Forward] => 2S49631
    [Method] => 1
    [PayTimes] => 
    [TranID] => 1912280917602257210134122811
    [Approve] => 0514463
    [TranDate] => 20191228091751
    [ErrCode] => 
    [ErrInfo] => 
    [PayType] => 0
)
 from 210.175.7.20
2019/12/28 09:17:51 [/shop/user_data/pg_mulpay_recv.php] ******* receiveer data end ******* from 210.175.7.20
2019/12/28 09:17:56 [/shop/user_data/pg_mulpay_recv.php] update order status:1 order_id=942766 from 210.175.7.20
2019/12/28 09:17:56 [/shop/user_data/pg_mulpay_recv.php] pg_mulpay_recv.php set payment data:Array
(
    [ShopID] => 9000034600950
    [AccessID] => 8cf506610b12f09fe7ff9f118ea254b7
    [OrderID] => 942766-28091750
    [Status] => CAPTURE
    [JobCd] => CAPTURE
    [Amount] => 550
    [Tax] => 0
    [Currency] => JPN
    [Forward] => 2S49631
    [Method] => 1
    [PayTimes] => 
    [TranID] => 1912280917602257210134122811
    [Approve] => 0514463
    [TranDate] => 20191228091751
    [ErrCode] => 
    [ErrInfo] => 
    [PayType] => 0
    [CvsCode] => 
    [CvsConfNo] => 
    [CvsReceiptNo] => 
    [EdyReceiptNo] => 
    [EdyOrderNo] => 
    [SuicaReceiptNo] => 
    [SuicaOrderNo] => 
    [CustID] => 
    [BkCode] => 
    [ConfNo] => 
    [PaymentTerm] => 
    [EncryptReceiptNo] => 
    [FinishDate] => 
    [ReceiptDate] => 
    [WebMoneyManagementNo] => 
    [WebMoneySettleCode] => 
    [AuPayInfoNo] => 
    [AuPayMethod] => 
    [AuCancelAmount] => 
    [AuCancelTax] => 
    [DocomoSettlementCode] => 
    [DocomoCancelAmount] => 
    [DocomoCancelTax] => 
    [pay_status] => 13
)
 from 210.175.7.20
2019/12/28 09:17:56 [/shop/user_data/pg_mulpay_recv.php] response:true from 210.175.7.20
2019/12/28 10:14:56 [/shop/shopping/load_payment_module.php] SendRequest:https://p01.mul-pay.jp/payment/SearchMember.idPass from 36.75.140.159
2019/12/28 10:14:56 [/shop/shopping/load_payment_module.php] Array
(
    [SiteID] => mst0000007602
    [SitePass] => ******
    [MemberID] => 4830
)
 from 36.75.140.159
2019/12/28 10:14:56 [/shop/shopping/load_payment_module.php] ErrCode=E01&ErrInfo=E01390002 from 36.75.140.159
2019/12/28 10:14:56 [/shop/shopping/load_payment_module.php] Array
(
    [0] => Array
        (
            [ErrCode] => E01
            [ErrInfo] => E01390002
        )

)
 from 36.75.140.159
2019/12/28 10:14:56 [/shop/shopping/load_payment_module.php] SendRequest:https://p01.mul-pay.jp/payment/SearchCard.idPass from 36.75.140.159
2019/12/28 10:14:56 [/shop/shopping/load_payment_module.php] Array
(
    [SiteID] => mst0000007602
    [SitePass] => ******
    [MemberID] => 4830
)
 from 36.75.140.159
2019/12/28 10:14:56 [/shop/shopping/load_payment_module.php] ErrCode=E01|E01&ErrInfo=E01390002|E01240002 from 36.75.140.159
2019/12/28 10:14:56 [/shop/shopping/load_payment_module.php] Array
(
    [0] => Array
        (
            [ErrCode] => E01
            [ErrInfo] => E01390002
        )

    [1] => Array
        (
            [ErrCode] => E01
            [ErrInfo] => E01240002
        )

)
 from 36.75.140.159
2019/12/28 10:56:05 [/shop/shopping/load_payment_module.php] SendRequest:https://p01.mul-pay.jp/payment/SearchMember.idPass from 36.75.140.159
2019/12/28 10:56:05 [/shop/shopping/load_payment_module.php] Array
(
    [SiteID] => mst0000007602
    [SitePass] => ******
    [MemberID] => 4830
)
 from 36.75.140.159
2019/12/28 10:56:05 [/shop/shopping/load_payment_module.php] ErrCode=E01&ErrInfo=E01390002 from 36.75.140.159
2019/12/28 10:56:05 [/shop/shopping/load_payment_module.php] Array
(
    [0] => Array
        (
            [ErrCode] => E01
            [ErrInfo] => E01390002
        )

)
 from 36.75.140.159
2019/12/28 10:56:05 [/shop/shopping/load_payment_module.php] SendRequest:https://p01.mul-pay.jp/payment/SearchCard.idPass from 36.75.140.159
2019/12/28 10:56:05 [/shop/shopping/load_payment_module.php] Array
(
    [SiteID] => mst0000007602
    [SitePass] => ******
    [MemberID] => 4830
)
 from 36.75.140.159
2019/12/28 10:56:05 [/shop/shopping/load_payment_module.php] ErrCode=E01|E01&ErrInfo=E01390002|E01240002 from 36.75.140.159
2019/12/28 10:56:05 [/shop/shopping/load_payment_module.php] Array
(
    [0] => Array
        (
            [ErrCode] => E01
            [ErrInfo] => E01390002
        )

    [1] => Array
        (
            [ErrCode] => E01
            [ErrInfo] => E01240002
        )

)
 from 36.75.140.159
2019/12/28 10:58:00 [/shop/shopping/load_payment_module.php] SendRequest:https://p01.mul-pay.jp/payment/SearchMember.idPass from 36.75.140.159
2019/12/28 10:58:00 [/shop/shopping/load_payment_module.php] Array
(
    [SiteID] => mst0000007602
    [SitePass] => ******
    [MemberID] => 4830
)
 from 36.75.140.159
2019/12/28 10:58:00 [/shop/shopping/load_payment_module.php] ErrCode=E01&ErrInfo=E01390002 from 36.75.140.159
2019/12/28 10:58:00 [/shop/shopping/load_payment_module.php] Array
(
    [0] => Array
        (
            [ErrCode] => E01
            [ErrInfo] => E01390002
        )

)
 from 36.75.140.159
2019/12/28 10:58:00 [/shop/shopping/load_payment_module.php] SendRequest:https://p01.mul-pay.jp/payment/SearchCard.idPass from 36.75.140.159
2019/12/28 10:58:00 [/shop/shopping/load_payment_module.php] Array
(
    [SiteID] => mst0000007602
    [SitePass] => ******
    [MemberID] => 4830
)
 from 36.75.140.159
2019/12/28 10:58:00 [/shop/shopping/load_payment_module.php] ErrCode=E01|E01&ErrInfo=E01390002|E01240002 from 36.75.140.159
2019/12/28 10:58:00 [/shop/shopping/load_payment_module.php] Array
(
    [0] => Array
        (
            [ErrCode] => E01
            [ErrInfo] => E01390002
        )

    [1] => Array
        (
            [ErrCode] => E01
            [ErrInfo] => E01240002
        )

)
 from 36.75.140.159
2019/12/28 10:58:00 [/shop/shopping/load_payment_module.php] SendRequest:https://p01.mul-pay.jp/payment/EntryTran.idPass from 36.75.140.159
2019/12/28 10:58:00 [/shop/shopping/load_payment_module.php] Array
(
    [ShopID] => 9000034600950
    [ShopPass] => ******
    [OrderID] => 942768-28105800
    [JobCd] => CAPTURE
    [Amount] => 7500
    [TdFlag] => 0
    [TdTenantName] => 
)
 from 36.75.140.159
2019/12/28 10:58:00 [/shop/shopping/load_payment_module.php] AccessID=8dddc7f709ed05d909711d632bec3d75&AccessPass=03fb3e22bd8b7dc2154885597fe28721 from 36.75.140.159
2019/12/28 10:58:00 [/shop/shopping/load_payment_module.php] Array
(
    [0] => Array
        (
            [AccessID] => 8dddc7f709ed05d909711d632bec3d75
            [AccessPass] => 03fb3e22bd8b7dc2154885597fe28721
        )

)
 from 36.75.140.159
2019/12/28 10:58:00 [/shop/shopping/load_payment_module.php] load_payment_module.php set payment data:Array
(
    [AccessID] => 8dddc7f709ed05d909711d632bec3d75
    [AccessPass] => 03fb3e22bd8b7dc2154885597fe28721
    [OrderID] => 942768-28105800
    [Amount] => 7500
    [JobCd] => CAPTURE
    [action_status] => 1
    [pay_status] => 0
)
 from 36.75.140.159
2019/12/28 10:58:00 [/shop/shopping/load_payment_module.php] SendRequest:https://p01.mul-pay.jp/payment/ExecTran.idPass from 36.75.140.159
2019/12/28 10:58:00 [/shop/shopping/load_payment_module.php] Array
(
    [AccessID] => 8dddc7f709ed05d909711d632bec3d75
    [AccessPass] => 03fb3e22bd8b7dc2154885597fe28721
    [OrderID] => 942768-28105800
    [Method] => 1
    [Token] => e8f5f04ea0e2effb480314da07751b40e576d21d653f50f35d09f72c37e115f9
    [ClientField1] => 
    [ClientField2] => 
    [ClientField3] => EC-CUBE4.3.24
)
 from 36.75.140.159
2019/12/28 10:58:02 [/shop/shopping/load_payment_module.php] ACS=0&OrderID=942768-28105800&Forward=2959876&Method=1&PayTimes=&Approve=0884988&TranID=1912281058602257210134112754&TranDate=20191228105802&CheckString=6eea79e768a4ec938de2a257568a01cf from 36.75.140.159
2019/12/28 10:58:02 [/shop/shopping/load_payment_module.php] Array
(
    [0] => Array
        (
            [ACS] => 0
            [OrderID] => 942768-28105800
            [Forward] => 2959876
            [Method] => 1
            [PayTimes] => 
            [Approve] => 0884988
            [TranID] => 1912281058602257210134112754
            [TranDate] => 20191228105802
            [CheckString] => 6eea79e768a4ec938de2a257568a01cf
        )

)
 from 36.75.140.159
2019/12/28 10:58:02 [/shop/shopping/load_payment_module.php] load_payment_module.php set payment data:Array
(
    [ACS] => 0
    [Forward] => 2959876
    [Method] => 1
    [PayTimes] => 
    [Approve] => 0884988
    [TranID] => 1912281058602257210134112754
    [TranDate] => 20191228105802
    [CheckString] => 6eea79e768a4ec938de2a257568a01cf
    [Amount] => 7500
    [JobCd] => CAPTURE
    [action_status] => 3
    [pay_status] => 13
)
 from 36.75.140.159
2019/12/28 10:58:02 [/shop/user_data/pg_mulpay_recv.php] ******* receiveer data start ******* from 210.175.7.20
2019/12/28 10:58:02 [/shop/user_data/pg_mulpay_recv.php] Array
(
    [ShopID] => 9000034600950
    [ShopPass] => **********
    [AccessID] => 8dddc7f709ed05d909711d632bec3d75
    [AccessPass] => ********************************
    [OrderID] => 942768-28105800
    [Status] => CAPTURE
    [JobCd] => CAPTURE
    [Amount] => 7500
    [Tax] => 0
    [Currency] => JPN
    [Forward] => 2959876
    [Method] => 1
    [PayTimes] => 
    [TranID] => 1912281058602257210134112754
    [Approve] => 0884988
    [TranDate] => 20191228105802
    [ErrCode] => 
    [ErrInfo] => 
    [PayType] => 0
)
 from 210.175.7.20
2019/12/28 10:58:02 [/shop/user_data/pg_mulpay_recv.php] ******* receiveer data end ******* from 210.175.7.20
2019/12/28 10:58:07 [/shop/user_data/pg_mulpay_recv.php] update order status:1 order_id=942768 from 210.175.7.20
2019/12/28 10:58:07 [/shop/user_data/pg_mulpay_recv.php] pg_mulpay_recv.php set payment data:Array
(
    [ShopID] => 9000034600950
    [AccessID] => 8dddc7f709ed05d909711d632bec3d75
    [OrderID] => 942768-28105800
    [Status] => CAPTURE
    [JobCd] => CAPTURE
    [Amount] => 7500
    [Tax] => 0
    [Currency] => JPN
    [Forward] => 2959876
    [Method] => 1
    [PayTimes] => 
    [TranID] => 1912281058602257210134112754
    [Approve] => 0884988
    [TranDate] => 20191228105802
    [ErrCode] => 
    [ErrInfo] => 
    [PayType] => 0
    [CvsCode] => 
    [CvsConfNo] => 
    [CvsReceiptNo] => 
    [EdyReceiptNo] => 
    [EdyOrderNo] => 
    [SuicaReceiptNo] => 
    [SuicaOrderNo] => 
    [CustID] => 
    [BkCode] => 
    [ConfNo] => 
    [PaymentTerm] => 
    [EncryptReceiptNo] => 
    [FinishDate] => 
    [ReceiptDate] => 
    [WebMoneyManagementNo] => 
    [WebMoneySettleCode] => 
    [AuPayInfoNo] => 
    [AuPayMethod] => 
    [AuCancelAmount] => 
    [AuCancelTax] => 
    [DocomoSettlementCode] => 
    [DocomoCancelAmount] => 
    [DocomoCancelTax] => 
    [pay_status] => 13
)
 from 210.175.7.20
2019/12/28 10:58:07 [/shop/user_data/pg_mulpay_recv.php] response:true from 210.175.7.20
2019/12/28 11:14:44 [/shop/shopping/load_payment_module.php] SendRequest:https://p01.mul-pay.jp/payment/EntryTran.idPass from 153.155.124.116
2019/12/28 11:14:44 [/shop/shopping/load_payment_module.php] Array
(
    [ShopID] => 9000034600950
    [ShopPass] => ******
    [OrderID] => 942769-28111444
    [JobCd] => CAPTURE
    [Amount] => 4150
    [TdFlag] => 0
    [TdTenantName] => 
)
 from 153.155.124.116
2019/12/28 11:14:44 [/shop/shopping/load_payment_module.php] AccessID=b0f9fd52aeec3eb95f7b4349cabdf2b3&AccessPass=7171a08765ea63683d3d1cc412cc452c from 153.155.124.116
2019/12/28 11:14:44 [/shop/shopping/load_payment_module.php] Array
(
    [0] => Array
        (
            [AccessID] => b0f9fd52aeec3eb95f7b4349cabdf2b3
            [AccessPass] => 7171a08765ea63683d3d1cc412cc452c
        )

)
 from 153.155.124.116
2019/12/28 11:14:44 [/shop/shopping/load_payment_module.php] load_payment_module.php set payment data:Array
(
    [AccessID] => b0f9fd52aeec3eb95f7b4349cabdf2b3
    [AccessPass] => 7171a08765ea63683d3d1cc412cc452c
    [OrderID] => 942769-28111444
    [Amount] => 4150
    [JobCd] => CAPTURE
    [action_status] => 1
    [pay_status] => 0
)
 from 153.155.124.116
2019/12/28 11:14:44 [/shop/shopping/load_payment_module.php] SendRequest:https://p01.mul-pay.jp/payment/ExecTran.idPass from 153.155.124.116
2019/12/28 11:14:44 [/shop/shopping/load_payment_module.php] Array
(
    [AccessID] => b0f9fd52aeec3eb95f7b4349cabdf2b3
    [AccessPass] => 7171a08765ea63683d3d1cc412cc452c
    [OrderID] => 942769-28111444
    [Method] => 1
    [Token] => 0e641b0f898aeee87d200269171ce3760a0e55bc821a5e09687d54a0d57dd3ba
    [ClientField1] => 
    [ClientField2] => 
    [ClientField3] => EC-CUBE4.3.24
)
 from 153.155.124.116
2019/12/28 11:14:45 [/shop/shopping/load_payment_module.php] ACS=0&OrderID=942769-28111444&Forward=2S49631&Method=1&PayTimes=&Approve=0093474&TranID=1912281114602257210134122812&TranDate=20191228111445&CheckString=1939a0c779efee0f9220693519f0fc10 from 153.155.124.116
2019/12/28 11:14:45 [/shop/shopping/load_payment_module.php] Array
(
    [0] => Array
        (
            [ACS] => 0
            [OrderID] => 942769-28111444
            [Forward] => 2S49631
            [Method] => 1
            [PayTimes] => 
            [Approve] => 0093474
            [TranID] => 1912281114602257210134122812
            [TranDate] => 20191228111445
            [CheckString] => 1939a0c779efee0f9220693519f0fc10
        )

)
 from 153.155.124.116
2019/12/28 11:14:45 [/shop/shopping/load_payment_module.php] load_payment_module.php set payment data:Array
(
    [ACS] => 0
    [Forward] => 2S49631
    [Method] => 1
    [PayTimes] => 
    [Approve] => 0093474
    [TranID] => 1912281114602257210134122812
    [TranDate] => 20191228111445
    [CheckString] => 1939a0c779efee0f9220693519f0fc10
    [Amount] => 4150
    [JobCd] => CAPTURE
    [action_status] => 3
    [pay_status] => 13
)
 from 153.155.124.116
2019/12/28 11:14:45 [/shop/user_data/pg_mulpay_recv.php] ******* receiveer data start ******* from 210.175.7.20
2019/12/28 11:14:45 [/shop/user_data/pg_mulpay_recv.php] Array
(
    [ShopID] => 9000034600950
    [ShopPass] => **********
    [AccessID] => b0f9fd52aeec3eb95f7b4349cabdf2b3
    [AccessPass] => ********************************
    [OrderID] => 942769-28111444
    [Status] => CAPTURE
    [JobCd] => CAPTURE
    [Amount] => 4150
    [Tax] => 0
    [Currency] => JPN
    [Forward] => 2S49631
    [Method] => 1
    [PayTimes] => 
    [TranID] => 1912281114602257210134122812
    [Approve] => 0093474
    [TranDate] => 20191228111445
    [ErrCode] => 
    [ErrInfo] => 
    [PayType] => 0
)
 from 210.175.7.20
2019/12/28 11:14:45 [/shop/user_data/pg_mulpay_recv.php] ******* receiveer data end ******* from 210.175.7.20
2019/12/28 11:14:50 [/shop/user_data/pg_mulpay_recv.php] update order status:1 order_id=942769 from 210.175.7.20
2019/12/28 11:14:50 [/shop/user_data/pg_mulpay_recv.php] pg_mulpay_recv.php set payment data:Array
(
    [ShopID] => 9000034600950
    [AccessID] => b0f9fd52aeec3eb95f7b4349cabdf2b3
    [OrderID] => 942769-28111444
    [Status] => CAPTURE
    [JobCd] => CAPTURE
    [Amount] => 4150
    [Tax] => 0
    [Currency] => JPN
    [Forward] => 2S49631
    [Method] => 1
    [PayTimes] => 
    [TranID] => 1912281114602257210134122812
    [Approve] => 0093474
    [TranDate] => 20191228111445
    [ErrCode] => 
    [ErrInfo] => 
    [PayType] => 0
    [CvsCode] => 
    [CvsConfNo] => 
    [CvsReceiptNo] => 
    [EdyReceiptNo] => 
    [EdyOrderNo] => 
    [SuicaReceiptNo] => 
    [SuicaOrderNo] => 
    [CustID] => 
    [BkCode] => 
    [ConfNo] => 
    [PaymentTerm] => 
    [EncryptReceiptNo] => 
    [FinishDate] => 
    [ReceiptDate] => 
    [WebMoneyManagementNo] => 
    [WebMoneySettleCode] => 
    [AuPayInfoNo] => 
    [AuPayMethod] => 
    [AuCancelAmount] => 
    [AuCancelTax] => 
    [DocomoSettlementCode] => 
    [DocomoCancelAmount] => 
    [DocomoCancelTax] => 
    [pay_status] => 13
)
 from 210.175.7.20
2019/12/28 11:14:50 [/shop/user_data/pg_mulpay_recv.php] response:true from 210.175.7.20
2019/12/28 11:19:32 [/shop/master/order/edit.php] edit.php set payment data:Array
(
    [no_update_status_flg] => 1
)
 from 114.160.216.147
2019/12/28 11:19:32 [/shop/master/order/edit.php] SendRequest:https://p01.mul-pay.jp/payment/ChangeTran.idPass from 114.160.216.147
2019/12/28 11:19:32 [/shop/master/order/edit.php] Array
(
    [ShopID] => 9000034600950
    [ShopPass] => ******
    [AccessID] => af120af4c2eabadb79df98afeb27e3a7
    [AccessPass] => 8a1a85304eeaeb0b034d9ad00d0cd769
    [JobCd] => CAPTURE
    [Amount] => 2000
)
 from 114.160.216.147
2019/12/28 11:19:34 [/shop/master/order/edit.php] AccessID=af120af4c2eabadb79df98afeb27e3a7&AccessPass=8a1a85304eeaeb0b034d9ad00d0cd769&Forward=2959876&Approve=0080222&TranID=1912281119602257210134122813&TranDate=20191228111934 from 114.160.216.147
2019/12/28 11:19:34 [/shop/master/order/edit.php] Array
(
    [0] => Array
        (
            [AccessID] => af120af4c2eabadb79df98afeb27e3a7
            [AccessPass] => 8a1a85304eeaeb0b034d9ad00d0cd769
            [Forward] => 2959876
            [Approve] => 0080222
            [TranID] => 1912281119602257210134122813
            [TranDate] => 20191228111934
        )

)
 from 114.160.216.147
2019/12/28 11:19:34 [/shop/master/order/edit.php] edit.php set payment data:Array
(
    [AccessID] => af120af4c2eabadb79df98afeb27e3a7
    [AccessPass] => 8a1a85304eeaeb0b034d9ad00d0cd769
    [Forward] => 2959876
    [Approve] => 0080222
    [TranID] => 1912281119602257210134122813
    [TranDate] => 20191228111934
    [action_status] => 6
    [pay_status] => 13
    [JobCd] => CAPTURE
    [Amount] => 2000
)
 from 114.160.216.147
2019/12/28 11:19:34 [/shop/user_data/pg_mulpay_recv.php] ******* receiveer data start ******* from 210.175.7.20
2019/12/28 11:19:34 [/shop/user_data/pg_mulpay_recv.php] Array
(
    [ShopID] => 9000034600950
    [ShopPass] => **********
    [AccessID] => af120af4c2eabadb79df98afeb27e3a7
    [AccessPass] => ********************************
    [OrderID] => 942662-23084008
    [Status] => RETURN
    [JobCd] => RETURN
    [Amount] => 4280
    [Tax] => 0
    [Currency] => JPN
    [Forward] => 2959876
    [Method] => 1
    [PayTimes] => 
    [TranID] => 1912281119602257210134112755
    [Approve] => 0013537
    [TranDate] => 20191228111934
    [ErrCode] => 
    [ErrInfo] => 
    [PayType] => 0
)
 from 210.175.7.20
2019/12/28 11:19:34 [/shop/user_data/pg_mulpay_recv.php] ******* receiveer data end ******* from 210.175.7.20
2019/12/28 11:19:34 [/shop/user_data/pg_mulpay_recv.php] pg_mulpay_recv.php set payment data:Array
(
    [ShopID] => 9000034600950
    [AccessID] => af120af4c2eabadb79df98afeb27e3a7
    [OrderID] => 942662-23084008
    [Status] => RETURN
    [JobCd] => RETURN
    [Amount] => 4280
    [Tax] => 0
    [Currency] => JPN
    [Forward] => 2959876
    [Method] => 1
    [PayTimes] => 
    [TranID] => 1912281119602257210134112755
    [Approve] => 0013537
    [TranDate] => 20191228111934
    [ErrCode] => 
    [ErrInfo] => 
    [PayType] => 0
    [CvsCode] => 
    [CvsConfNo] => 
    [CvsReceiptNo] => 
    [EdyReceiptNo] => 
    [EdyOrderNo] => 
    [SuicaReceiptNo] => 
    [SuicaOrderNo] => 
    [CustID] => 
    [BkCode] => 
    [ConfNo] => 
    [PaymentTerm] => 
    [EncryptReceiptNo] => 
    [FinishDate] => 
    [ReceiptDate] => 
    [WebMoneyManagementNo] => 
    [WebMoneySettleCode] => 
    [AuPayInfoNo] => 
    [AuPayMethod] => 
    [AuCancelAmount] => 
    [AuCancelTax] => 
    [DocomoSettlementCode] => 
    [DocomoCancelAmount] => 
    [DocomoCancelTax] => 
    [pay_status] => 15
)
 from 210.175.7.20
2019/12/28 11:19:34 [/shop/user_data/pg_mulpay_recv.php] response:true from 210.175.7.20
2019/12/28 11:19:34 [/shop/user_data/pg_mulpay_recv.php] ******* receiveer data start ******* from 210.175.7.20
2019/12/28 11:19:34 [/shop/user_data/pg_mulpay_recv.php] Array
(
    [ShopID] => 9000034600950
    [ShopPass] => **********
    [AccessID] => af120af4c2eabadb79df98afeb27e3a7
    [AccessPass] => ********************************
    [OrderID] => 942662-23084008
    [Status] => CAPTURE
    [JobCd] => CAPTURE
    [Amount] => 2000
    [Tax] => 0
    [Currency] => JPN
    [Forward] => 2959876
    [Method] => 1
    [PayTimes] => 
    [TranID] => 1912281119602257210134122813
    [Approve] => 0080222
    [TranDate] => 20191228111934
    [ErrCode] => 
    [ErrInfo] => 
    [PayType] => 0
)
 from 210.175.7.20
2019/12/28 11:19:34 [/shop/user_data/pg_mulpay_recv.php] ******* receiveer data end ******* from 210.175.7.20
2019/12/28 11:19:36 [/shop/shopping/load_payment_module.php] SendRequest:https://p01.mul-pay.jp/payment/EntryTran.idPass from 14.3.151.76
2019/12/28 11:19:36 [/shop/shopping/load_payment_module.php] Array
(
    [ShopID] => 9000034600950
    [ShopPass] => ******
    [OrderID] => 942770-28111936
    [JobCd] => CAPTURE
    [Amount] => 4950
    [TdFlag] => 0
    [TdTenantName] => 
)
 from 14.3.151.76
2019/12/28 11:19:37 [/shop/shopping/load_payment_module.php] AccessID=e894bc9a2a36e1c3850b58ae11663450&AccessPass=fbc48f67ca1ae2fb1c5d059dd7290237 from 14.3.151.76
2019/12/28 11:19:37 [/shop/shopping/load_payment_module.php] Array
(
    [0] => Array
        (
            [AccessID] => e894bc9a2a36e1c3850b58ae11663450
            [AccessPass] => fbc48f67ca1ae2fb1c5d059dd7290237
        )

)
 from 14.3.151.76
2019/12/28 11:19:37 [/shop/shopping/load_payment_module.php] load_payment_module.php set payment data:Array
(
    [AccessID] => e894bc9a2a36e1c3850b58ae11663450
    [AccessPass] => fbc48f67ca1ae2fb1c5d059dd7290237
    [OrderID] => 942770-28111936
    [Amount] => 4950
    [JobCd] => CAPTURE
    [action_status] => 1
    [pay_status] => 0
)
 from 14.3.151.76
2019/12/28 11:19:37 [/shop/shopping/load_payment_module.php] SendRequest:https://p01.mul-pay.jp/payment/ExecTran.idPass from 14.3.151.76
2019/12/28 11:19:37 [/shop/shopping/load_payment_module.php] Array
(
    [AccessID] => e894bc9a2a36e1c3850b58ae11663450
    [AccessPass] => fbc48f67ca1ae2fb1c5d059dd7290237
    [OrderID] => 942770-28111936
    [Method] => 1
    [Token] => c9b15fdee5d51968aea766e49db906668fbbdaaf9c72897ca423c539b1e6baae
    [ClientField1] => 
    [ClientField2] => 
    [ClientField3] => EC-CUBE4.3.24
)
 from 14.3.151.76
2019/12/28 11:19:37 [/shop/shopping/load_payment_module.php] ACS=0&OrderID=942770-28111936&Forward=2a99661&Method=1&PayTimes=&Approve=0136372&TranID=1912281119602257210134132502&TranDate=20191228111937&CheckString=5b4671875d622ddcf5e619eaf66c788a from 14.3.151.76
2019/12/28 11:19:37 [/shop/shopping/load_payment_module.php] Array
(
    [0] => Array
        (
            [ACS] => 0
            [OrderID] => 942770-28111936
            [Forward] => 2a99661
            [Method] => 1
            [PayTimes] => 
            [Approve] => 0136372
            [TranID] => 1912281119602257210134132502
            [TranDate] => 20191228111937
            [CheckString] => 5b4671875d622ddcf5e619eaf66c788a
        )

)
 from 14.3.151.76
2019/12/28 11:19:37 [/shop/shopping/load_payment_module.php] load_payment_module.php set payment data:Array
(
    [ACS] => 0
    [Forward] => 2a99661
    [Method] => 1
    [PayTimes] => 
    [Approve] => 0136372
    [TranID] => 1912281119602257210134132502
    [TranDate] => 20191228111937
    [CheckString] => 5b4671875d622ddcf5e619eaf66c788a
    [Amount] => 4950
    [JobCd] => CAPTURE
    [action_status] => 3
    [pay_status] => 13
)
 from 14.3.151.76
2019/12/28 11:19:37 [/shop/user_data/pg_mulpay_recv.php] ******* receiveer data start ******* from 210.175.7.20
2019/12/28 11:19:37 [/shop/user_data/pg_mulpay_recv.php] Array
(
    [ShopID] => 9000034600950
    [ShopPass] => **********
    [AccessID] => e894bc9a2a36e1c3850b58ae11663450
    [AccessPass] => ********************************
    [OrderID] => 942770-28111936
    [Status] => CAPTURE
    [JobCd] => CAPTURE
    [Amount] => 4950
    [Tax] => 0
    [Currency] => JPN
    [Forward] => 2a99661
    [Method] => 1
    [PayTimes] => 
    [TranID] => 1912281119602257210134132502
    [Approve] => 0136372
    [TranDate] => 20191228111937
    [ErrCode] => 
    [ErrInfo] => 
    [PayType] => 0
)
 from 210.175.7.20
2019/12/28 11:19:37 [/shop/user_data/pg_mulpay_recv.php] ******* receiveer data end ******* from 210.175.7.20
2019/12/28 11:19:38 [/shop/master/order/edit.php] SendRequest:https://p01.mul-pay.jp/payment/SearchTrade.idPass from 114.160.216.147
2019/12/28 11:19:38 [/shop/master/order/edit.php] Array
(
    [ShopID] => 9000034600950
    [ShopPass] => ******
    [OrderID] => 942662-23084008
)
 from 114.160.216.147
2019/12/28 11:19:39 [/shop/master/order/edit.php] OrderID=942662-23084008&Status=CAPTURE&ProcessDate=20191228111934&JobCd=CAPTURE&AccessID=af120af4c2eabadb79df98afeb27e3a7&AccessPass=8a1a85304eeaeb0b034d9ad00d0cd769&ItemCode=0000990&Amount=2000&Tax=0&SiteID=&MemberID=&CardNo=************9383&Expire=2110&Method=1&PayTimes=&Forward=2959876&TranID=1912281119602257210134122813&Approve=0080222&ClientField1=&ClientField2=&ClientField3=EC-CUBE4.3.24 from 114.160.216.147
2019/12/28 11:19:39 [/shop/master/order/edit.php] Array
(
    [0] => Array
        (
            [OrderID] => 942662-23084008
            [Status] => CAPTURE
            [ProcessDate] => 20191228111934
            [JobCd] => CAPTURE
            [AccessID] => af120af4c2eabadb79df98afeb27e3a7
            [AccessPass] => 8a1a85304eeaeb0b034d9ad00d0cd769
            [ItemCode] => 0000990
            [Amount] => 2000
            [Tax] => 0
            [SiteID] => 
            [MemberID] => 
            [CardNo] => ************9383
            [Expire] => 2110
            [Method] => 1
            [PayTimes] => 
            [Forward] => 2959876
            [TranID] => 1912281119602257210134122813
            [Approve] => 0080222
            [ClientField1] => 
            [ClientField2] => 
            [ClientField3] => EC-CUBE4.3.24
        )

)
 from 114.160.216.147
2019/12/28 11:19:39 [/shop/master/order/edit.php] edit.php set payment data:Array
(
    [OrderID] => 942662-23084008
    [Status] => CAPTURE
    [ProcessDate] => 20191228111934
    [JobCd] => CAPTURE
    [AccessID] => af120af4c2eabadb79df98afeb27e3a7
    [AccessPass] => 8a1a85304eeaeb0b034d9ad00d0cd769
    [ItemCode] => 0000990
    [Amount] => 2000
    [Tax] => 0
    [SiteID] => 
    [MemberID] => 
    [CardNo] => ************9383
    [Expire] => 2110
    [Method] => 1
    [PayTimes] => 
    [Forward] => 2959876
    [TranID] => 1912281119602257210134122813
    [Approve] => 0080222
    [ClientField1] => 
    [ClientField2] => 
    [ClientField3] => EC-CUBE4.3.24
    [action_status] => 6
    [pay_status] => 13
)
 from 114.160.216.147
2019/12/28 11:19:39 [/shop/user_data/pg_mulpay_recv.php] no update order status order_id=942662 from 210.175.7.20
2019/12/28 11:19:39 [/shop/user_data/pg_mulpay_recv.php] pg_mulpay_recv.php set payment data:Array
(
    [ShopID] => 9000034600950
    [AccessID] => af120af4c2eabadb79df98afeb27e3a7
    [OrderID] => 942662-23084008
    [Status] => CAPTURE
    [JobCd] => CAPTURE
    [Amount] => 2000
    [Tax] => 0
    [Currency] => JPN
    [Forward] => 2959876
    [Method] => 1
    [PayTimes] => 
    [TranID] => 1912281119602257210134122813
    [Approve] => 0080222
    [TranDate] => 20191228111934
    [ErrCode] => 
    [ErrInfo] => 
    [PayType] => 0
    [CvsCode] => 
    [CvsConfNo] => 
    [CvsReceiptNo] => 
    [EdyReceiptNo] => 
    [EdyOrderNo] => 
    [SuicaReceiptNo] => 
    [SuicaOrderNo] => 
    [CustID] => 
    [BkCode] => 
    [ConfNo] => 
    [PaymentTerm] => 
    [EncryptReceiptNo] => 
    [FinishDate] => 
    [ReceiptDate] => 
    [WebMoneyManagementNo] => 
    [WebMoneySettleCode] => 
    [AuPayInfoNo] => 
    [AuPayMethod] => 
    [AuCancelAmount] => 
    [AuCancelTax] => 
    [DocomoSettlementCode] => 
    [DocomoCancelAmount] => 
    [DocomoCancelTax] => 
    [pay_status] => 13
    [no_update_status_flg] => 0
)
 from 210.175.7.20
2019/12/28 11:19:39 [/shop/user_data/pg_mulpay_recv.php] response:true from 210.175.7.20
2019/12/28 11:19:42 [/shop/user_data/pg_mulpay_recv.php] update order status:1 order_id=942770 from 210.175.7.20
2019/12/28 11:19:42 [/shop/user_data/pg_mulpay_recv.php] pg_mulpay_recv.php set payment data:Array
(
    [ShopID] => 9000034600950
    [AccessID] => e894bc9a2a36e1c3850b58ae11663450
    [OrderID] => 942770-28111936
    [Status] => CAPTURE
    [JobCd] => CAPTURE
    [Amount] => 4950
    [Tax] => 0
    [Currency] => JPN
    [Forward] => 2a99661
    [Method] => 1
    [PayTimes] => 
    [TranID] => 1912281119602257210134132502
    [Approve] => 0136372
    [TranDate] => 20191228111937
    [ErrCode] => 
    [ErrInfo] => 
    [PayType] => 0
    [CvsCode] => 
    [CvsConfNo] => 
    [CvsReceiptNo] => 
    [EdyReceiptNo] => 
    [EdyOrderNo] => 
    [SuicaReceiptNo] => 
    [SuicaOrderNo] => 
    [CustID] => 
    [BkCode] => 
    [ConfNo] => 
    [PaymentTerm] => 
    [EncryptReceiptNo] => 
    [FinishDate] => 
    [ReceiptDate] => 
    [WebMoneyManagementNo] => 
    [WebMoneySettleCode] => 
    [AuPayInfoNo] => 
    [AuPayMethod] => 
    [AuCancelAmount] => 
    [AuCancelTax] => 
    [DocomoSettlementCode] => 
    [DocomoCancelAmount] => 
    [DocomoCancelTax] => 
    [pay_status] => 13
)
 from 210.175.7.20
2019/12/28 11:19:42 [/shop/user_data/pg_mulpay_recv.php] response:true from 210.175.7.20
2019/12/28 11:37:05 [/shop/shopping/load_payment_module.php] SendRequest:https://p01.mul-pay.jp/payment/SearchMember.idPass from 126.149.87.26
2019/12/28 11:37:05 [/shop/shopping/load_payment_module.php] Array
(
    [SiteID] => mst0000007602
    [SitePass] => ******
    [MemberID] => 10129
)
 from 126.149.87.26
2019/12/28 11:37:05 [/shop/shopping/load_payment_module.php] ErrCode=E01&ErrInfo=E01390002 from 126.149.87.26
2019/12/28 11:37:05 [/shop/shopping/load_payment_module.php] Array
(
    [0] => Array
        (
            [ErrCode] => E01
            [ErrInfo] => E01390002
        )

)
 from 126.149.87.26
2019/12/28 11:37:05 [/shop/shopping/load_payment_module.php] SendRequest:https://p01.mul-pay.jp/payment/SearchCard.idPass from 126.149.87.26
2019/12/28 11:37:05 [/shop/shopping/load_payment_module.php] Array
(
    [SiteID] => mst0000007602
    [SitePass] => ******
    [MemberID] => 10129
)
 from 126.149.87.26
2019/12/28 11:37:05 [/shop/shopping/load_payment_module.php] ErrCode=E01|E01&ErrInfo=E01390002|E01240002 from 126.149.87.26
2019/12/28 11:37:05 [/shop/shopping/load_payment_module.php] Array
(
    [0] => Array
        (
            [ErrCode] => E01
            [ErrInfo] => E01390002
        )

    [1] => Array
        (
            [ErrCode] => E01
            [ErrInfo] => E01240002
        )

)
 from 126.149.87.26
2019/12/28 11:37:50 [/shop/shopping/load_payment_module.php] SendRequest:https://p01.mul-pay.jp/payment/SearchMember.idPass from 126.149.87.26
2019/12/28 11:37:50 [/shop/shopping/load_payment_module.php] Array
(
    [SiteID] => mst0000007602
    [SitePass] => ******
    [MemberID] => 10129
)
 from 126.149.87.26
2019/12/28 11:37:51 [/shop/shopping/load_payment_module.php] ErrCode=E01&ErrInfo=E01390002 from 126.149.87.26
2019/12/28 11:37:51 [/shop/shopping/load_payment_module.php] Array
(
    [0] => Array
        (
            [ErrCode] => E01
            [ErrInfo] => E01390002
        )

)
 from 126.149.87.26
2019/12/28 11:37:51 [/shop/shopping/load_payment_module.php] SendRequest:https://p01.mul-pay.jp/payment/SearchCard.idPass from 126.149.87.26
2019/12/28 11:37:51 [/shop/shopping/load_payment_module.php] Array
(
    [SiteID] => mst0000007602
    [SitePass] => ******
    [MemberID] => 10129
)
 from 126.149.87.26
2019/12/28 11:37:51 [/shop/shopping/load_payment_module.php] ErrCode=E01|E01&ErrInfo=E01390002|E01240002 from 126.149.87.26
2019/12/28 11:37:51 [/shop/shopping/load_payment_module.php] Array
(
    [0] => Array
        (
            [ErrCode] => E01
            [ErrInfo] => E01390002
        )

    [1] => Array
        (
            [ErrCode] => E01
            [ErrInfo] => E01240002
        )

)
 from 126.149.87.26
2019/12/28 11:38:41 [/shop/shopping/load_payment_module.php] SendRequest:https://p01.mul-pay.jp/payment/SearchMember.idPass from 126.149.87.26
2019/12/28 11:38:41 [/shop/shopping/load_payment_module.php] Array
(
    [SiteID] => mst0000007602
    [SitePass] => ******
    [MemberID] => 10129
)
 from 126.149.87.26
2019/12/28 11:38:41 [/shop/shopping/load_payment_module.php] ErrCode=E01&ErrInfo=E01390002 from 126.149.87.26
2019/12/28 11:38:41 [/shop/shopping/load_payment_module.php] Array
(
    [0] => Array
        (
            [ErrCode] => E01
            [ErrInfo] => E01390002
        )

)
 from 126.149.87.26
2019/12/28 11:38:41 [/shop/shopping/load_payment_module.php] SendRequest:https://p01.mul-pay.jp/payment/SearchCard.idPass from 126.149.87.26
2019/12/28 11:38:41 [/shop/shopping/load_payment_module.php] Array
(
    [SiteID] => mst0000007602
    [SitePass] => ******
    [MemberID] => 10129
)
 from 126.149.87.26
2019/12/28 11:38:41 [/shop/shopping/load_payment_module.php] ErrCode=E01|E01&ErrInfo=E01390002|E01240002 from 126.149.87.26
2019/12/28 11:38:41 [/shop/shopping/load_payment_module.php] Array
(
    [0] => Array
        (
            [ErrCode] => E01
            [ErrInfo] => E01390002
        )

    [1] => Array
        (
            [ErrCode] => E01
            [ErrInfo] => E01240002
        )

)
 from 126.149.87.26
2019/12/28 11:39:18 [/shop/shopping/load_payment_module.php] SendRequest:https://p01.mul-pay.jp/payment/SearchMember.idPass from 126.149.87.26
2019/12/28 11:39:18 [/shop/shopping/load_payment_module.php] Array
(
    [SiteID] => mst0000007602
    [SitePass] => ******
    [MemberID] => 10129
)
 from 126.149.87.26
2019/12/28 11:39:18 [/shop/shopping/load_payment_module.php] ErrCode=E01&ErrInfo=E01390002 from 126.149.87.26
2019/12/28 11:39:18 [/shop/shopping/load_payment_module.php] Array
(
    [0] => Array
        (
            [ErrCode] => E01
            [ErrInfo] => E01390002
        )

)
 from 126.149.87.26
2019/12/28 11:39:18 [/shop/shopping/load_payment_module.php] SendRequest:https://p01.mul-pay.jp/payment/SearchCard.idPass from 126.149.87.26
2019/12/28 11:39:18 [/shop/shopping/load_payment_module.php] Array
(
    [SiteID] => mst0000007602
    [SitePass] => ******
    [MemberID] => 10129
)
 from 126.149.87.26
2019/12/28 11:39:19 [/shop/shopping/load_payment_module.php] ErrCode=E01|E01&ErrInfo=E01390002|E01240002 from 126.149.87.26
2019/12/28 11:39:19 [/shop/shopping/load_payment_module.php] Array
(
    [0] => Array
        (
            [ErrCode] => E01
            [ErrInfo] => E01390002
        )

    [1] => Array
        (
            [ErrCode] => E01
            [ErrInfo] => E01240002
        )

)
 from 126.149.87.26
2019/12/28 11:39:33 [/shop/shopping/load_payment_module.php] SendRequest:https://p01.mul-pay.jp/payment/SearchMember.idPass from 126.149.87.26
2019/12/28 11:39:33 [/shop/shopping/load_payment_module.php] Array
(
    [SiteID] => mst0000007602
    [SitePass] => ******
    [MemberID] => 10129
)
 from 126.149.87.26
2019/12/28 11:39:33 [/shop/shopping/load_payment_module.php] ErrCode=E01&ErrInfo=E01390002 from 126.149.87.26
2019/12/28 11:39:33 [/shop/shopping/load_payment_module.php] Array
(
    [0] => Array
        (
            [ErrCode] => E01
            [ErrInfo] => E01390002
        )

)
 from 126.149.87.26
2019/12/28 11:39:33 [/shop/shopping/load_payment_module.php] SendRequest:https://p01.mul-pay.jp/payment/SearchCard.idPass from 126.149.87.26
2019/12/28 11:39:33 [/shop/shopping/load_payment_module.php] Array
(
    [SiteID] => mst0000007602
    [SitePass] => ******
    [MemberID] => 10129
)
 from 126.149.87.26
2019/12/28 11:39:33 [/shop/shopping/load_payment_module.php] ErrCode=E01|E01&ErrInfo=E01390002|E01240002 from 126.149.87.26
2019/12/28 11:39:33 [/shop/shopping/load_payment_module.php] Array
(
    [0] => Array
        (
            [ErrCode] => E01
            [ErrInfo] => E01390002
        )

    [1] => Array
        (
            [ErrCode] => E01
            [ErrInfo] => E01240002
        )

)
 from 126.149.87.26
2019/12/28 11:42:02 [/shop/shopping/load_payment_module.php] SendRequest:https://p01.mul-pay.jp/payment/SearchMember.idPass from 126.149.87.26
2019/12/28 11:42:02 [/shop/shopping/load_payment_module.php] Array
(
    [SiteID] => mst0000007602
    [SitePass] => ******
    [MemberID] => 10129
)
 from 126.149.87.26
2019/12/28 11:42:02 [/shop/shopping/load_payment_module.php] ErrCode=E01&ErrInfo=E01390002 from 126.149.87.26
2019/12/28 11:42:02 [/shop/shopping/load_payment_module.php] Array
(
    [0] => Array
        (
            [ErrCode] => E01
            [ErrInfo] => E01390002
        )

)
 from 126.149.87.26
2019/12/28 11:42:02 [/shop/shopping/load_payment_module.php] SendRequest:https://p01.mul-pay.jp/payment/SearchCard.idPass from 126.149.87.26
2019/12/28 11:42:02 [/shop/shopping/load_payment_module.php] Array
(
    [SiteID] => mst0000007602
    [SitePass] => ******
    [MemberID] => 10129
)
 from 126.149.87.26
2019/12/28 11:42:02 [/shop/shopping/load_payment_module.php] ErrCode=E01|E01&ErrInfo=E01390002|E01240002 from 126.149.87.26
2019/12/28 11:42:02 [/shop/shopping/load_payment_module.php] Array
(
    [0] => Array
        (
            [ErrCode] => E01
            [ErrInfo] => E01390002
        )

    [1] => Array
        (
            [ErrCode] => E01
            [ErrInfo] => E01240002
        )

)
 from 126.149.87.26
2019/12/28 11:42:38 [/shop/shopping/load_payment_module.php] SendRequest:https://p01.mul-pay.jp/payment/SearchMember.idPass from 126.149.87.26
2019/12/28 11:42:38 [/shop/shopping/load_payment_module.php] Array
(
    [SiteID] => mst0000007602
    [SitePass] => ******
    [MemberID] => 10129
)
 from 126.149.87.26
2019/12/28 11:42:39 [/shop/shopping/load_payment_module.php] ErrCode=E01&ErrInfo=E01390002 from 126.149.87.26
2019/12/28 11:42:39 [/shop/shopping/load_payment_module.php] Array
(
    [0] => Array
        (
            [ErrCode] => E01
            [ErrInfo] => E01390002
        )

)
 from 126.149.87.26
2019/12/28 11:42:39 [/shop/shopping/load_payment_module.php] SendRequest:https://p01.mul-pay.jp/payment/SearchCard.idPass from 126.149.87.26
2019/12/28 11:42:39 [/shop/shopping/load_payment_module.php] Array
(
    [SiteID] => mst0000007602
    [SitePass] => ******
    [MemberID] => 10129
)
 from 126.149.87.26
2019/12/28 11:42:39 [/shop/shopping/load_payment_module.php] ErrCode=E01|E01&ErrInfo=E01390002|E01240002 from 126.149.87.26
2019/12/28 11:42:39 [/shop/shopping/load_payment_module.php] Array
(
    [0] => Array
        (
            [ErrCode] => E01
            [ErrInfo] => E01390002
        )

    [1] => Array
        (
            [ErrCode] => E01
            [ErrInfo] => E01240002
        )

)
 from 126.149.87.26
2019/12/28 11:42:39 [/shop/shopping/load_payment_module.php] SendRequest:https://p01.mul-pay.jp/payment/EntryTran.idPass from 126.149.87.26
2019/12/28 11:42:39 [/shop/shopping/load_payment_module.php] Array
(
    [ShopID] => 9000034600950
    [ShopPass] => ******
    [OrderID] => 942773-28114239
    [JobCd] => CAPTURE
    [Amount] => 22650
    [TdFlag] => 0
    [TdTenantName] => 
)
 from 126.149.87.26
2019/12/28 11:42:39 [/shop/shopping/load_payment_module.php] AccessID=487842d36459907898198164ee20518a&AccessPass=a825dc3c5910f24239398ddc8148f70b from 126.149.87.26
2019/12/28 11:42:39 [/shop/shopping/load_payment_module.php] Array
(
    [0] => Array
        (
            [AccessID] => 487842d36459907898198164ee20518a
            [AccessPass] => a825dc3c5910f24239398ddc8148f70b
        )

)
 from 126.149.87.26
2019/12/28 11:42:39 [/shop/shopping/load_payment_module.php] load_payment_module.php set payment data:Array
(
    [AccessID] => 487842d36459907898198164ee20518a
    [AccessPass] => a825dc3c5910f24239398ddc8148f70b
    [OrderID] => 942773-28114239
    [Amount] => 22650
    [JobCd] => CAPTURE
    [action_status] => 1
    [pay_status] => 0
)
 from 126.149.87.26
2019/12/28 11:42:39 [/shop/shopping/load_payment_module.php] SendRequest:https://p01.mul-pay.jp/payment/ExecTran.idPass from 126.149.87.26
2019/12/28 11:42:39 [/shop/shopping/load_payment_module.php] Array
(
    [AccessID] => 487842d36459907898198164ee20518a
    [AccessPass] => a825dc3c5910f24239398ddc8148f70b
    [OrderID] => 942773-28114239
    [Method] => 1
    [Token] => f8175878702284e42b7e8f5a93a8a2214392dabfc5c71b2a80c0df6777730e26
    [ClientField1] => 
    [ClientField2] => 
    [ClientField3] => EC-CUBE4.3.24
)
 from 126.149.87.26
2019/12/28 11:42:40 [/shop/shopping/load_payment_module.php] ACS=0&OrderID=942773-28114239&Forward=2S49631&Method=1&PayTimes=&Approve=0004221&TranID=1912281142602257210134132503&TranDate=20191228114240&CheckString=fe78efec03c8857e00c692b513dcb6ff from 126.149.87.26
2019/12/28 11:42:40 [/shop/shopping/load_payment_module.php] Array
(
    [0] => Array
        (
            [ACS] => 0
            [OrderID] => 942773-28114239
            [Forward] => 2S49631
            [Method] => 1
            [PayTimes] => 
            [Approve] => 0004221
            [TranID] => 1912281142602257210134132503
            [TranDate] => 20191228114240
            [CheckString] => fe78efec03c8857e00c692b513dcb6ff
        )

)
 from 126.149.87.26
2019/12/28 11:42:40 [/shop/shopping/load_payment_module.php] load_payment_module.php set payment data:Array
(
    [ACS] => 0
    [Forward] => 2S49631
    [Method] => 1
    [PayTimes] => 
    [Approve] => 0004221
    [TranID] => 1912281142602257210134132503
    [TranDate] => 20191228114240
    [CheckString] => fe78efec03c8857e00c692b513dcb6ff
    [Amount] => 22650
    [JobCd] => CAPTURE
    [action_status] => 3
    [pay_status] => 13
)
 from 126.149.87.26
2019/12/28 11:42:41 [/shop/user_data/pg_mulpay_recv.php] ******* receiveer data start ******* from 210.175.7.20
2019/12/28 11:42:41 [/shop/user_data/pg_mulpay_recv.php] Array
(
    [ShopID] => 9000034600950
    [ShopPass] => **********
    [AccessID] => 487842d36459907898198164ee20518a
    [AccessPass] => ********************************
    [OrderID] => 942773-28114239
    [Status] => CAPTURE
    [JobCd] => CAPTURE
    [Amount] => 22650
    [Tax] => 0
    [Currency] => JPN
    [Forward] => 2S49631
    [Method] => 1
    [PayTimes] => 
    [TranID] => 1912281142602257210134132503
    [Approve] => 0004221
    [TranDate] => 20191228114240
    [ErrCode] => 
    [ErrInfo] => 
    [PayType] => 0
)
 from 210.175.7.20
2019/12/28 11:42:41 [/shop/user_data/pg_mulpay_recv.php] ******* receiveer data end ******* from 210.175.7.20
2019/12/28 11:42:46 [/shop/user_data/pg_mulpay_recv.php] update order status:1 order_id=942773 from 210.175.7.20
2019/12/28 11:42:46 [/shop/user_data/pg_mulpay_recv.php] pg_mulpay_recv.php set payment data:Array
(
    [ShopID] => 9000034600950
    [AccessID] => 487842d36459907898198164ee20518a
    [OrderID] => 942773-28114239
    [Status] => CAPTURE
    [JobCd] => CAPTURE
    [Amount] => 22650
    [Tax] => 0
    [Currency] => JPN
    [Forward] => 2S49631
    [Method] => 1
    [PayTimes] => 
    [TranID] => 1912281142602257210134132503
    [Approve] => 0004221
    [TranDate] => 20191228114240
    [ErrCode] => 
    [ErrInfo] => 
    [PayType] => 0
    [CvsCode] => 
    [CvsConfNo] => 
    [CvsReceiptNo] => 
    [EdyReceiptNo] => 
    [EdyOrderNo] => 
    [SuicaReceiptNo] => 
    [SuicaOrderNo] => 
    [CustID] => 
    [BkCode] => 
    [ConfNo] => 
    [PaymentTerm] => 
    [EncryptReceiptNo] => 
    [FinishDate] => 
    [ReceiptDate] => 
    [WebMoneyManagementNo] => 
    [WebMoneySettleCode] => 
    [AuPayInfoNo] => 
    [AuPayMethod] => 
    [AuCancelAmount] => 
    [AuCancelTax] => 
    [DocomoSettlementCode] => 
    [DocomoCancelAmount] => 
    [DocomoCancelTax] => 
    [pay_status] => 13
)
 from 210.175.7.20
2019/12/28 11:42:46 [/shop/user_data/pg_mulpay_recv.php] response:true from 210.175.7.20
2019/12/28 11:44:01 [/shop/master/order/edit.php] edit.php set payment data:Array
(
    [no_update_status_flg] => 1
)
 from 114.160.216.147
2019/12/28 11:44:02 [/shop/master/order/edit.php] SendRequest:https://p01.mul-pay.jp/payment/ChangeTran.idPass from 114.160.216.147
2019/12/28 11:44:02 [/shop/master/order/edit.php] Array
(
    [ShopID] => 9000034600950
    [ShopPass] => ******
    [AccessID] => 8dddc7f709ed05d909711d632bec3d75
    [AccessPass] => 03fb3e22bd8b7dc2154885597fe28721
    [JobCd] => CAPTURE
    [Amount] => 8050
)
 from 114.160.216.147
2019/12/28 11:44:04 [/shop/master/order/edit.php] AccessID=8dddc7f709ed05d909711d632bec3d75&AccessPass=03fb3e22bd8b7dc2154885597fe28721&Forward=2959876&Approve=0437591&TranID=1912281144602257210134122814&TranDate=20191228114404 from 114.160.216.147
2019/12/28 11:44:04 [/shop/master/order/edit.php] Array
(
    [0] => Array
        (
            [AccessID] => 8dddc7f709ed05d909711d632bec3d75
            [AccessPass] => 03fb3e22bd8b7dc2154885597fe28721
            [Forward] => 2959876
            [Approve] => 0437591
            [TranID] => 1912281144602257210134122814
            [TranDate] => 20191228114404
        )

)
 from 114.160.216.147
2019/12/28 11:44:04 [/shop/master/order/edit.php] edit.php set payment data:Array
(
    [AccessID] => 8dddc7f709ed05d909711d632bec3d75
    [AccessPass] => 03fb3e22bd8b7dc2154885597fe28721
    [Forward] => 2959876
    [Approve] => 0437591
    [TranID] => 1912281144602257210134122814
    [TranDate] => 20191228114404
    [action_status] => 6
    [pay_status] => 13
    [JobCd] => CAPTURE
    [Amount] => 8050
)
 from 114.160.216.147
2019/12/28 11:44:04 [/shop/user_data/pg_mulpay_recv.php] ******* receiveer data start ******* from 210.175.7.20
2019/12/28 11:44:04 [/shop/user_data/pg_mulpay_recv.php] Array
(
    [ShopID] => 9000034600950
    [ShopPass] => **********
    [AccessID] => 8dddc7f709ed05d909711d632bec3d75
    [AccessPass] => ********************************
    [OrderID] => 942768-28105800
    [Status] => CAPTURE
    [JobCd] => CAPTURE
    [Amount] => 8050
    [Tax] => 0
    [Currency] => JPN
    [Forward] => 2959876
    [Method] => 1
    [PayTimes] => 
    [TranID] => 1912281144602257210134122814
    [Approve] => 0437591
    [TranDate] => 20191228114404
    [ErrCode] => 
    [ErrInfo] => 
    [PayType] => 0
)
 from 210.175.7.20
2019/12/28 11:44:04 [/shop/user_data/pg_mulpay_recv.php] ******* receiveer data end ******* from 210.175.7.20
2019/12/28 11:44:05 [/shop/user_data/pg_mulpay_recv.php] ******* receiveer data start ******* from 210.175.7.20
2019/12/28 11:44:05 [/shop/user_data/pg_mulpay_recv.php] Array
(
    [ShopID] => 9000034600950
    [ShopPass] => **********
    [AccessID] => 8dddc7f709ed05d909711d632bec3d75
    [AccessPass] => ********************************
    [OrderID] => 942768-28105800
    [Status] => VOID
    [JobCd] => VOID
    [Amount] => 7500
    [Tax] => 0
    [Currency] => JPN
    [Forward] => 2959876
    [Method] => 1
    [PayTimes] => 
    [TranID] => 1912281144602257210134112756
    [Approve] => 0017347
    [TranDate] => 20191228114404
    [ErrCode] => 
    [ErrInfo] => 
    [PayType] => 0
)
 from 210.175.7.20
2019/12/28 11:44:05 [/shop/user_data/pg_mulpay_recv.php] ******* receiveer data end ******* from 210.175.7.20
2019/12/28 11:44:05 [/shop/user_data/pg_mulpay_recv.php] pg_mulpay_recv.php set payment data:Array
(
    [ShopID] => 9000034600950
    [AccessID] => 8dddc7f709ed05d909711d632bec3d75
    [OrderID] => 942768-28105800
    [Status] => VOID
    [JobCd] => VOID
    [Amount] => 7500
    [Tax] => 0
    [Currency] => JPN
    [Forward] => 2959876
    [Method] => 1
    [PayTimes] => 
    [TranID] => 1912281144602257210134112756
    [Approve] => 0017347
    [TranDate] => 20191228114404
    [ErrCode] => 
    [ErrInfo] => 
    [PayType] => 0
    [CvsCode] => 
    [CvsConfNo] => 
    [CvsReceiptNo] => 
    [EdyReceiptNo] => 
    [EdyOrderNo] => 
    [SuicaReceiptNo] => 
    [SuicaOrderNo] => 
    [CustID] => 
    [BkCode] => 
    [ConfNo] => 
    [PaymentTerm] => 
    [EncryptReceiptNo] => 
    [FinishDate] => 
    [ReceiptDate] => 
    [WebMoneyManagementNo] => 
    [WebMoneySettleCode] => 
    [AuPayInfoNo] => 
    [AuPayMethod] => 
    [AuCancelAmount] => 
    [AuCancelTax] => 
    [DocomoSettlementCode] => 
    [DocomoCancelAmount] => 
    [DocomoCancelTax] => 
    [pay_status] => 14
)
 from 210.175.7.20
2019/12/28 11:44:05 [/shop/user_data/pg_mulpay_recv.php] response:true from 210.175.7.20
2019/12/28 11:44:09 [/shop/user_data/pg_mulpay_recv.php] no update order status order_id=942768 from 210.175.7.20
2019/12/28 11:44:09 [/shop/user_data/pg_mulpay_recv.php] pg_mulpay_recv.php set payment data:Array
(
    [ShopID] => 9000034600950
    [AccessID] => 8dddc7f709ed05d909711d632bec3d75
    [OrderID] => 942768-28105800
    [Status] => CAPTURE
    [JobCd] => CAPTURE
    [Amount] => 8050
    [Tax] => 0
    [Currency] => JPN
    [Forward] => 2959876
    [Method] => 1
    [PayTimes] => 
    [TranID] => 1912281144602257210134122814
    [Approve] => 0437591
    [TranDate] => 20191228114404
    [ErrCode] => 
    [ErrInfo] => 
    [PayType] => 0
    [CvsCode] => 
    [CvsConfNo] => 
    [CvsReceiptNo] => 
    [EdyReceiptNo] => 
    [EdyOrderNo] => 
    [SuicaReceiptNo] => 
    [SuicaOrderNo] => 
    [CustID] => 
    [BkCode] => 
    [ConfNo] => 
    [PaymentTerm] => 
    [EncryptReceiptNo] => 
    [FinishDate] => 
    [ReceiptDate] => 
    [WebMoneyManagementNo] => 
    [WebMoneySettleCode] => 
    [AuPayInfoNo] => 
    [AuPayMethod] => 
    [AuCancelAmount] => 
    [AuCancelTax] => 
    [DocomoSettlementCode] => 
    [DocomoCancelAmount] => 
    [DocomoCancelTax] => 
    [pay_status] => 13
    [no_update_status_flg] => 0
)
 from 210.175.7.20
2019/12/28 11:44:09 [/shop/user_data/pg_mulpay_recv.php] response:true from 210.175.7.20
2019/12/28 11:45:10 [/shop/master/order/edit.php] SendRequest:https://p01.mul-pay.jp/payment/SearchTrade.idPass from 114.160.216.147
2019/12/28 11:45:10 [/shop/master/order/edit.php] Array
(
    [ShopID] => 9000034600950
    [ShopPass] => ******
    [OrderID] => 942768-28105800
)
 from 114.160.216.147
2019/12/28 11:45:10 [/shop/master/order/edit.php] OrderID=942768-28105800&Status=CAPTURE&ProcessDate=20191228114404&JobCd=CAPTURE&AccessID=8dddc7f709ed05d909711d632bec3d75&AccessPass=03fb3e22bd8b7dc2154885597fe28721&ItemCode=0000990&Amount=8050&Tax=0&SiteID=&MemberID=&CardNo=************5185&Expire=2303&Method=1&PayTimes=&Forward=2959876&TranID=1912281144602257210134122814&Approve=0437591&ClientField1=&ClientField2=&ClientField3=EC-CUBE4.3.24 from 114.160.216.147
2019/12/28 11:45:10 [/shop/master/order/edit.php] Array
(
    [0] => Array
        (
            [OrderID] => 942768-28105800
            [Status] => CAPTURE
            [ProcessDate] => 20191228114404
            [JobCd] => CAPTURE
            [AccessID] => 8dddc7f709ed05d909711d632bec3d75
            [AccessPass] => 03fb3e22bd8b7dc2154885597fe28721
            [ItemCode] => 0000990
            [Amount] => 8050
            [Tax] => 0
            [SiteID] => 
            [MemberID] => 
            [CardNo] => ************5185
            [Expire] => 2303
            [Method] => 1
            [PayTimes] => 
            [Forward] => 2959876
            [TranID] => 1912281144602257210134122814
            [Approve] => 0437591
            [ClientField1] => 
            [ClientField2] => 
            [ClientField3] => EC-CUBE4.3.24
        )

)
 from 114.160.216.147
2019/12/28 11:45:10 [/shop/master/order/edit.php] edit.php set payment data:Array
(
    [OrderID] => 942768-28105800
    [Status] => CAPTURE
    [ProcessDate] => 20191228114404
    [JobCd] => CAPTURE
    [AccessID] => 8dddc7f709ed05d909711d632bec3d75
    [AccessPass] => 03fb3e22bd8b7dc2154885597fe28721
    [ItemCode] => 0000990
    [Amount] => 8050
    [Tax] => 0
    [SiteID] => 
    [MemberID] => 
    [CardNo] => ************5185
    [Expire] => 2303
    [Method] => 1
    [PayTimes] => 
    [Forward] => 2959876
    [TranID] => 1912281144602257210134122814
    [Approve] => 0437591
    [ClientField1] => 
    [ClientField2] => 
    [ClientField3] => EC-CUBE4.3.24
    [action_status] => 6
    [pay_status] => 13
)
 from 114.160.216.147
2019/12/28 12:30:43 [/shop/shopping/load_payment_module.php] SendRequest:https://p01.mul-pay.jp/payment/SearchMember.idPass from 92.203.98.82
2019/12/28 12:30:43 [/shop/shopping/load_payment_module.php] Array
(
    [SiteID] => mst0000007602
    [SitePass] => ******
    [MemberID] => 3060
)
 from 92.203.98.82
2019/12/28 12:30:43 [/shop/shopping/load_payment_module.php] ErrCode=E01&ErrInfo=E01390002 from 92.203.98.82
2019/12/28 12:30:43 [/shop/shopping/load_payment_module.php] Array
(
    [0] => Array
        (
            [ErrCode] => E01
            [ErrInfo] => E01390002
        )

)
 from 92.203.98.82
2019/12/28 12:30:43 [/shop/shopping/load_payment_module.php] SendRequest:https://p01.mul-pay.jp/payment/SearchCard.idPass from 92.203.98.82
2019/12/28 12:30:43 [/shop/shopping/load_payment_module.php] Array
(
    [SiteID] => mst0000007602
    [SitePass] => ******
    [MemberID] => 3060
)
 from 92.203.98.82
2019/12/28 12:30:43 [/shop/shopping/load_payment_module.php] ErrCode=E01|E01&ErrInfo=E01390002|E01240002 from 92.203.98.82
2019/12/28 12:30:43 [/shop/shopping/load_payment_module.php] Array
(
    [0] => Array
        (
            [ErrCode] => E01
            [ErrInfo] => E01390002
        )

    [1] => Array
        (
            [ErrCode] => E01
            [ErrInfo] => E01240002
        )

)
 from 92.203.98.82
2019/12/28 12:32:43 [/shop/shopping/load_payment_module.php] SendRequest:https://p01.mul-pay.jp/payment/SearchMember.idPass from 92.203.98.82
2019/12/28 12:32:43 [/shop/shopping/load_payment_module.php] Array
(
    [SiteID] => mst0000007602
    [SitePass] => ******
    [MemberID] => 3060
)
 from 92.203.98.82
2019/12/28 12:32:43 [/shop/shopping/load_payment_module.php] ErrCode=E01&ErrInfo=E01390002 from 92.203.98.82
2019/12/28 12:32:43 [/shop/shopping/load_payment_module.php] Array
(
    [0] => Array
        (
            [ErrCode] => E01
            [ErrInfo] => E01390002
        )

)
 from 92.203.98.82
2019/12/28 12:32:43 [/shop/shopping/load_payment_module.php] SendRequest:https://p01.mul-pay.jp/payment/SearchCard.idPass from 92.203.98.82
2019/12/28 12:32:43 [/shop/shopping/load_payment_module.php] Array
(
    [SiteID] => mst0000007602
    [SitePass] => ******
    [MemberID] => 3060
)
 from 92.203.98.82
2019/12/28 12:32:43 [/shop/shopping/load_payment_module.php] ErrCode=E01|E01&ErrInfo=E01390002|E01240002 from 92.203.98.82
2019/12/28 12:32:43 [/shop/shopping/load_payment_module.php] Array
(
    [0] => Array
        (
            [ErrCode] => E01
            [ErrInfo] => E01390002
        )

    [1] => Array
        (
            [ErrCode] => E01
            [ErrInfo] => E01240002
        )

)
 from 92.203.98.82
2019/12/28 12:32:43 [/shop/shopping/load_payment_module.php] SendRequest:https://p01.mul-pay.jp/payment/EntryTran.idPass from 92.203.98.82
2019/12/28 12:32:43 [/shop/shopping/load_payment_module.php] Array
(
    [ShopID] => 9000034600950
    [ShopPass] => ******
    [OrderID] => 942774-28123243
    [JobCd] => CAPTURE
    [Amount] => 41188
    [TdFlag] => 0
    [TdTenantName] => 
)
 from 92.203.98.82
2019/12/28 12:32:43 [/shop/shopping/load_payment_module.php] AccessID=ead704b65b204d61976327f9a826507b&AccessPass=4946d440b4217334399fd436fa1a466f from 92.203.98.82
2019/12/28 12:32:43 [/shop/shopping/load_payment_module.php] Array
(
    [0] => Array
        (
            [AccessID] => ead704b65b204d61976327f9a826507b
            [AccessPass] => 4946d440b4217334399fd436fa1a466f
        )

)
 from 92.203.98.82
2019/12/28 12:32:43 [/shop/shopping/load_payment_module.php] load_payment_module.php set payment data:Array
(
    [AccessID] => ead704b65b204d61976327f9a826507b
    [AccessPass] => 4946d440b4217334399fd436fa1a466f
    [OrderID] => 942774-28123243
    [Amount] => 41188
    [JobCd] => CAPTURE
    [action_status] => 1
    [pay_status] => 0
)
 from 92.203.98.82
2019/12/28 12:32:43 [/shop/shopping/load_payment_module.php] SendRequest:https://p01.mul-pay.jp/payment/ExecTran.idPass from 92.203.98.82
2019/12/28 12:32:43 [/shop/shopping/load_payment_module.php] Array
(
    [AccessID] => ead704b65b204d61976327f9a826507b
    [AccessPass] => 4946d440b4217334399fd436fa1a466f
    [OrderID] => 942774-28123243
    [Method] => 1
    [Token] => 48c2c4c2afcc201b318b0cfda73979d026fb7f404b43f51c5bd87f6fb19122be
    [ClientField1] => 
    [ClientField2] => 
    [ClientField3] => EC-CUBE4.3.24
)
 from 92.203.98.82
2019/12/28 12:32:44 [/shop/shopping/load_payment_module.php] ACS=0&OrderID=942774-28123243&Forward=2S49631&Method=1&PayTimes=&Approve=0001270&TranID=1912281232602257210134122815&TranDate=20191228123244&CheckString=6d113050b01c93e3495d5669cfff4658 from 92.203.98.82
2019/12/28 12:32:44 [/shop/shopping/load_payment_module.php] Array
(
    [0] => Array
        (
            [ACS] => 0
            [OrderID] => 942774-28123243
            [Forward] => 2S49631
            [Method] => 1
            [PayTimes] => 
            [Approve] => 0001270
            [TranID] => 1912281232602257210134122815
            [TranDate] => 20191228123244
            [CheckString] => 6d113050b01c93e3495d5669cfff4658
        )

)
 from 92.203.98.82
2019/12/28 12:32:44 [/shop/shopping/load_payment_module.php] load_payment_module.php set payment data:Array
(
    [ACS] => 0
    [Forward] => 2S49631
    [Method] => 1
    [PayTimes] => 
    [Approve] => 0001270
    [TranID] => 1912281232602257210134122815
    [TranDate] => 20191228123244
    [CheckString] => 6d113050b01c93e3495d5669cfff4658
    [Amount] => 41188
    [JobCd] => CAPTURE
    [action_status] => 3
    [pay_status] => 13
)
 from 92.203.98.82
2019/12/28 12:32:45 [/shop/user_data/pg_mulpay_recv.php] ******* receiveer data start ******* from 210.175.7.20
2019/12/28 12:32:45 [/shop/user_data/pg_mulpay_recv.php] Array
(
    [ShopID] => 9000034600950
    [ShopPass] => **********
    [AccessID] => ead704b65b204d61976327f9a826507b
    [AccessPass] => ********************************
    [OrderID] => 942774-28123243
    [Status] => CAPTURE
    [JobCd] => CAPTURE
    [Amount] => 41188
    [Tax] => 0
    [Currency] => JPN
    [Forward] => 2S49631
    [Method] => 1
    [PayTimes] => 
    [TranID] => 1912281232602257210134122815
    [Approve] => 0001270
    [TranDate] => 20191228123244
    [ErrCode] => 
    [ErrInfo] => 
    [PayType] => 0
)
 from 210.175.7.20
2019/12/28 12:32:45 [/shop/user_data/pg_mulpay_recv.php] ******* receiveer data end ******* from 210.175.7.20
2019/12/28 12:32:50 [/shop/user_data/pg_mulpay_recv.php] update order status:1 order_id=942774 from 210.175.7.20
2019/12/28 12:32:50 [/shop/user_data/pg_mulpay_recv.php] pg_mulpay_recv.php set payment data:Array
(
    [ShopID] => 9000034600950
    [AccessID] => ead704b65b204d61976327f9a826507b
    [OrderID] => 942774-28123243
    [Status] => CAPTURE
    [JobCd] => CAPTURE
    [Amount] => 41188
    [Tax] => 0
    [Currency] => JPN
    [Forward] => 2S49631
    [Method] => 1
    [PayTimes] => 
    [TranID] => 1912281232602257210134122815
    [Approve] => 0001270
    [TranDate] => 20191228123244
    [ErrCode] => 
    [ErrInfo] => 
    [PayType] => 0
    [CvsCode] => 
    [CvsConfNo] => 
    [CvsReceiptNo] => 
    [EdyReceiptNo] => 
    [EdyOrderNo] => 
    [SuicaReceiptNo] => 
    [SuicaOrderNo] => 
    [CustID] => 
    [BkCode] => 
    [ConfNo] => 
    [PaymentTerm] => 
    [EncryptReceiptNo] => 
    [FinishDate] => 
    [ReceiptDate] => 
    [WebMoneyManagementNo] => 
    [WebMoneySettleCode] => 
    [AuPayInfoNo] => 
    [AuPayMethod] => 
    [AuCancelAmount] => 
    [AuCancelTax] => 
    [DocomoSettlementCode] => 
    [DocomoCancelAmount] => 
    [DocomoCancelTax] => 
    [pay_status] => 13
)
 from 210.175.7.20
2019/12/28 12:32:50 [/shop/user_data/pg_mulpay_recv.php] response:true from 210.175.7.20
2019/12/28 15:09:17 [/shop/shopping/load_payment_module.php] SendRequest:https://p01.mul-pay.jp/payment/EntryTran.idPass from 192.0.250.147
2019/12/28 15:09:17 [/shop/shopping/load_payment_module.php] Array
(
    [ShopID] => 9000034600950
    [ShopPass] => ******
    [OrderID] => 942775-28150917
    [JobCd] => CAPTURE
    [Amount] => 6950
    [TdFlag] => 0
    [TdTenantName] => 
)
 from 192.0.250.147
2019/12/28 15:09:17 [/shop/shopping/load_payment_module.php] AccessID=6ac1eef91c4073bd12bd6217706c0566&AccessPass=d35c921e953e4d578cc82af0261c87d3 from 192.0.250.147
2019/12/28 15:09:17 [/shop/shopping/load_payment_module.php] Array
(
    [0] => Array
        (
            [AccessID] => 6ac1eef91c4073bd12bd6217706c0566
            [AccessPass] => d35c921e953e4d578cc82af0261c87d3
        )

)
 from 192.0.250.147
2019/12/28 15:09:17 [/shop/shopping/load_payment_module.php] load_payment_module.php set payment data:Array
(
    [AccessID] => 6ac1eef91c4073bd12bd6217706c0566
    [AccessPass] => d35c921e953e4d578cc82af0261c87d3
    [OrderID] => 942775-28150917
    [Amount] => 6950
    [JobCd] => CAPTURE
    [action_status] => 1
    [pay_status] => 0
)
 from 192.0.250.147
2019/12/28 15:09:17 [/shop/shopping/load_payment_module.php] SendRequest:https://p01.mul-pay.jp/payment/ExecTran.idPass from 192.0.250.147
2019/12/28 15:09:17 [/shop/shopping/load_payment_module.php] Array
(
    [AccessID] => 6ac1eef91c4073bd12bd6217706c0566
    [AccessPass] => d35c921e953e4d578cc82af0261c87d3
    [OrderID] => 942775-28150917
    [Method] => 1
    [Token] => ed3e1c014fe84eded6aae02489fd7b8f00d49b6404bfff7d7fecb36d2a668847
    [ClientField1] => 
    [ClientField2] => 
    [ClientField3] => EC-CUBE4.3.24
)
 from 192.0.250.147
2019/12/28 15:09:18 [/shop/shopping/load_payment_module.php] ACS=0&OrderID=942775-28150917&Forward=2959876&Method=1&PayTimes=&Approve=0075479&TranID=1912281509602257210134122816&TranDate=20191228150918&CheckString=8f7cdd4fd974cf3981c8148a610b63e0 from 192.0.250.147
2019/12/28 15:09:18 [/shop/shopping/load_payment_module.php] Array
(
    [0] => Array
        (
            [ACS] => 0
            [OrderID] => 942775-28150917
            [Forward] => 2959876
            [Method] => 1
            [PayTimes] => 
            [Approve] => 0075479
            [TranID] => 1912281509602257210134122816
            [TranDate] => 20191228150918
            [CheckString] => 8f7cdd4fd974cf3981c8148a610b63e0
        )

)
 from 192.0.250.147
2019/12/28 15:09:18 [/shop/shopping/load_payment_module.php] load_payment_module.php set payment data:Array
(
    [ACS] => 0
    [Forward] => 2959876
    [Method] => 1
    [PayTimes] => 
    [Approve] => 0075479
    [TranID] => 1912281509602257210134122816
    [TranDate] => 20191228150918
    [CheckString] => 8f7cdd4fd974cf3981c8148a610b63e0
    [Amount] => 6950
    [JobCd] => CAPTURE
    [action_status] => 3
    [pay_status] => 13
)
 from 192.0.250.147
2019/12/28 15:09:18 [/shop/user_data/pg_mulpay_recv.php] ******* receiveer data start ******* from 210.175.7.20
2019/12/28 15:09:18 [/shop/user_data/pg_mulpay_recv.php] Array
(
    [ShopID] => 9000034600950
    [ShopPass] => **********
    [AccessID] => 6ac1eef91c4073bd12bd6217706c0566
    [AccessPass] => ********************************
    [OrderID] => 942775-28150917
    [Status] => CAPTURE
    [JobCd] => CAPTURE
    [Amount] => 6950
    [Tax] => 0
    [Currency] => JPN
    [Forward] => 2959876
    [Method] => 1
    [PayTimes] => 
    [TranID] => 1912281509602257210134122816
    [Approve] => 0075479
    [TranDate] => 20191228150918
    [ErrCode] => 
    [ErrInfo] => 
    [PayType] => 0
)
 from 210.175.7.20
2019/12/28 15:09:18 [/shop/user_data/pg_mulpay_recv.php] ******* receiveer data end ******* from 210.175.7.20
2019/12/28 15:09:23 [/shop/user_data/pg_mulpay_recv.php] update order status:1 order_id=942775 from 210.175.7.20
2019/12/28 15:09:24 [/shop/user_data/pg_mulpay_recv.php] pg_mulpay_recv.php set payment data:Array
(
    [ShopID] => 9000034600950
    [AccessID] => 6ac1eef91c4073bd12bd6217706c0566
    [OrderID] => 942775-28150917
    [Status] => CAPTURE
    [JobCd] => CAPTURE
    [Amount] => 6950
    [Tax] => 0
    [Currency] => JPN
    [Forward] => 2959876
    [Method] => 1
    [PayTimes] => 
    [TranID] => 1912281509602257210134122816
    [Approve] => 0075479
    [TranDate] => 20191228150918
    [ErrCode] => 
    [ErrInfo] => 
    [PayType] => 0
    [CvsCode] => 
    [CvsConfNo] => 
    [CvsReceiptNo] => 
    [EdyReceiptNo] => 
    [EdyOrderNo] => 
    [SuicaReceiptNo] => 
    [SuicaOrderNo] => 
    [CustID] => 
    [BkCode] => 
    [ConfNo] => 
    [PaymentTerm] => 
    [EncryptReceiptNo] => 
    [FinishDate] => 
    [ReceiptDate] => 
    [WebMoneyManagementNo] => 
    [WebMoneySettleCode] => 
    [AuPayInfoNo] => 
    [AuPayMethod] => 
    [AuCancelAmount] => 
    [AuCancelTax] => 
    [DocomoSettlementCode] => 
    [DocomoCancelAmount] => 
    [DocomoCancelTax] => 
    [pay_status] => 13
)
 from 210.175.7.20
2019/12/28 15:09:24 [/shop/user_data/pg_mulpay_recv.php] response:true from 210.175.7.20
2019/12/28 17:09:09 [/shop/shopping/load_payment_module.php] SendRequest:https://p01.mul-pay.jp/payment/SearchMember.idPass from 60.117.100.254
2019/12/28 17:09:09 [/shop/shopping/load_payment_module.php] Array
(
    [SiteID] => mst0000007602
    [SitePass] => ******
    [MemberID] => 10130
)
 from 60.117.100.254
2019/12/28 17:09:09 [/shop/shopping/load_payment_module.php] ErrCode=E01&ErrInfo=E01390002 from 60.117.100.254
2019/12/28 17:09:09 [/shop/shopping/load_payment_module.php] Array
(
    [0] => Array
        (
            [ErrCode] => E01
            [ErrInfo] => E01390002
        )

)
 from 60.117.100.254
2019/12/28 17:09:09 [/shop/shopping/load_payment_module.php] SendRequest:https://p01.mul-pay.jp/payment/SearchCard.idPass from 60.117.100.254
2019/12/28 17:09:09 [/shop/shopping/load_payment_module.php] Array
(
    [SiteID] => mst0000007602
    [SitePass] => ******
    [MemberID] => 10130
)
 from 60.117.100.254
2019/12/28 17:09:09 [/shop/shopping/load_payment_module.php] ErrCode=E01|E01&ErrInfo=E01390002|E01240002 from 60.117.100.254
2019/12/28 17:09:09 [/shop/shopping/load_payment_module.php] Array
(
    [0] => Array
        (
            [ErrCode] => E01
            [ErrInfo] => E01390002
        )

    [1] => Array
        (
            [ErrCode] => E01
            [ErrInfo] => E01240002
        )

)
 from 60.117.100.254
2019/12/28 19:02:07 [/shop/shopping/load_payment_module.php] SendRequest:https://p01.mul-pay.jp/payment/SearchMember.idPass from 180.150.80.246
2019/12/28 19:02:07 [/shop/shopping/load_payment_module.php] Array
(
    [SiteID] => mst0000007602
    [SitePass] => ******
    [MemberID] => 10131
)
 from 180.150.80.246
2019/12/28 19:02:08 [/shop/shopping/load_payment_module.php] ErrCode=E01&ErrInfo=E01390002 from 180.150.80.246
2019/12/28 19:02:08 [/shop/shopping/load_payment_module.php] Array
(
    [0] => Array
        (
            [ErrCode] => E01
            [ErrInfo] => E01390002
        )

)
 from 180.150.80.246
2019/12/28 19:02:08 [/shop/shopping/load_payment_module.php] SendRequest:https://p01.mul-pay.jp/payment/SearchCard.idPass from 180.150.80.246
2019/12/28 19:02:08 [/shop/shopping/load_payment_module.php] Array
(
    [SiteID] => mst0000007602
    [SitePass] => ******
    [MemberID] => 10131
)
 from 180.150.80.246
2019/12/28 19:02:08 [/shop/shopping/load_payment_module.php] ErrCode=E01|E01&ErrInfo=E01390002|E01240002 from 180.150.80.246
2019/12/28 19:02:08 [/shop/shopping/load_payment_module.php] Array
(
    [0] => Array
        (
            [ErrCode] => E01
            [ErrInfo] => E01390002
        )

    [1] => Array
        (
            [ErrCode] => E01
            [ErrInfo] => E01240002
        )

)
 from 180.150.80.246
2019/12/28 19:03:11 [/shop/shopping/load_payment_module.php] SendRequest:https://p01.mul-pay.jp/payment/SearchMember.idPass from 180.150.80.246
2019/12/28 19:03:11 [/shop/shopping/load_payment_module.php] Array
(
    [SiteID] => mst0000007602
    [SitePass] => ******
    [MemberID] => 10131
)
 from 180.150.80.246
2019/12/28 19:03:11 [/shop/shopping/load_payment_module.php] ErrCode=E01&ErrInfo=E01390002 from 180.150.80.246
2019/12/28 19:03:11 [/shop/shopping/load_payment_module.php] Array
(
    [0] => Array
        (
            [ErrCode] => E01
            [ErrInfo] => E01390002
        )

)
 from 180.150.80.246
2019/12/28 19:03:11 [/shop/shopping/load_payment_module.php] SendRequest:https://p01.mul-pay.jp/payment/SearchCard.idPass from 180.150.80.246
2019/12/28 19:03:11 [/shop/shopping/load_payment_module.php] Array
(
    [SiteID] => mst0000007602
    [SitePass] => ******
    [MemberID] => 10131
)
 from 180.150.80.246
2019/12/28 19:03:11 [/shop/shopping/load_payment_module.php] ErrCode=E01|E01&ErrInfo=E01390002|E01240002 from 180.150.80.246
2019/12/28 19:03:11 [/shop/shopping/load_payment_module.php] Array
(
    [0] => Array
        (
            [ErrCode] => E01
            [ErrInfo] => E01390002
        )

    [1] => Array
        (
            [ErrCode] => E01
            [ErrInfo] => E01240002
        )

)
 from 180.150.80.246
2019/12/28 19:03:11 [/shop/shopping/load_payment_module.php] SendRequest:https://p01.mul-pay.jp/payment/EntryTran.idPass from 180.150.80.246
2019/12/28 19:03:11 [/shop/shopping/load_payment_module.php] Array
(
    [ShopID] => 9000034600950
    [ShopPass] => ******
    [OrderID] => 942777-28190311
    [JobCd] => CAPTURE
    [Amount] => 8400
    [TdFlag] => 0
    [TdTenantName] => 
)
 from 180.150.80.246
2019/12/28 19:03:11 [/shop/shopping/load_payment_module.php] AccessID=2b562018d7b3c25b572a10976ae4491e&AccessPass=4859b9b80d408929e48634b19014a16a from 180.150.80.246
2019/12/28 19:03:11 [/shop/shopping/load_payment_module.php] Array
(
    [0] => Array
        (
            [AccessID] => 2b562018d7b3c25b572a10976ae4491e
            [AccessPass] => 4859b9b80d408929e48634b19014a16a
        )

)
 from 180.150.80.246
2019/12/28 19:03:11 [/shop/shopping/load_payment_module.php] load_payment_module.php set payment data:Array
(
    [AccessID] => 2b562018d7b3c25b572a10976ae4491e
    [AccessPass] => 4859b9b80d408929e48634b19014a16a
    [OrderID] => 942777-28190311
    [Amount] => 8400
    [JobCd] => CAPTURE
    [action_status] => 1
    [pay_status] => 0
)
 from 180.150.80.246
2019/12/28 19:03:11 [/shop/shopping/load_payment_module.php] SendRequest:https://p01.mul-pay.jp/payment/ExecTran.idPass from 180.150.80.246
2019/12/28 19:03:11 [/shop/shopping/load_payment_module.php] Array
(
    [AccessID] => 2b562018d7b3c25b572a10976ae4491e
    [AccessPass] => 4859b9b80d408929e48634b19014a16a
    [OrderID] => 942777-28190311
    [Method] => 1
    [Token] => 0cd9ef20e1d0f00f4c1cc4b4fde6165eea6d10e1a3997ae96651ed06a5d230c5
    [ClientField1] => 
    [ClientField2] => 
    [ClientField3] => EC-CUBE4.3.24
)
 from 180.150.80.246
2019/12/28 19:03:13 [/shop/shopping/load_payment_module.php] ACS=0&OrderID=942777-28190311&Forward=2959876&Method=1&PayTimes=&Approve=0324451&TranID=1912281903602257210134132504&TranDate=20191228190313&CheckString=2dddd310b2c04795b00ae1944e700531 from 180.150.80.246
2019/12/28 19:03:13 [/shop/shopping/load_payment_module.php] Array
(
    [0] => Array
        (
            [ACS] => 0
            [OrderID] => 942777-28190311
            [Forward] => 2959876
            [Method] => 1
            [PayTimes] => 
            [Approve] => 0324451
            [TranID] => 1912281903602257210134132504
            [TranDate] => 20191228190313
            [CheckString] => 2dddd310b2c04795b00ae1944e700531
        )

)
 from 180.150.80.246
2019/12/28 19:03:13 [/shop/shopping/load_payment_module.php] load_payment_module.php set payment data:Array
(
    [ACS] => 0
    [Forward] => 2959876
    [Method] => 1
    [PayTimes] => 
    [Approve] => 0324451
    [TranID] => 1912281903602257210134132504
    [TranDate] => 20191228190313
    [CheckString] => 2dddd310b2c04795b00ae1944e700531
    [Amount] => 8400
    [JobCd] => CAPTURE
    [action_status] => 3
    [pay_status] => 13
)
 from 180.150.80.246
2019/12/28 19:03:13 [/shop/user_data/pg_mulpay_recv.php] ******* receiveer data start ******* from 210.175.7.20
2019/12/28 19:03:13 [/shop/user_data/pg_mulpay_recv.php] Array
(
    [ShopID] => 9000034600950
    [ShopPass] => **********
    [AccessID] => 2b562018d7b3c25b572a10976ae4491e
    [AccessPass] => ********************************
    [OrderID] => 942777-28190311
    [Status] => CAPTURE
    [JobCd] => CAPTURE
    [Amount] => 8400
    [Tax] => 0
    [Currency] => JPN
    [Forward] => 2959876
    [Method] => 1
    [PayTimes] => 
    [TranID] => 1912281903602257210134132504
    [Approve] => 0324451
    [TranDate] => 20191228190313
    [ErrCode] => 
    [ErrInfo] => 
    [PayType] => 0
)
 from 210.175.7.20
2019/12/28 19:03:13 [/shop/user_data/pg_mulpay_recv.php] ******* receiveer data end ******* from 210.175.7.20
2019/12/28 19:03:18 [/shop/user_data/pg_mulpay_recv.php] update order status:1 order_id=942777 from 210.175.7.20
2019/12/28 19:03:18 [/shop/user_data/pg_mulpay_recv.php] pg_mulpay_recv.php set payment data:Array
(
    [ShopID] => 9000034600950
    [AccessID] => 2b562018d7b3c25b572a10976ae4491e
    [OrderID] => 942777-28190311
    [Status] => CAPTURE
    [JobCd] => CAPTURE
    [Amount] => 8400
    [Tax] => 0
    [Currency] => JPN
    [Forward] => 2959876
    [Method] => 1
    [PayTimes] => 
    [TranID] => 1912281903602257210134132504
    [Approve] => 0324451
    [TranDate] => 20191228190313
    [ErrCode] => 
    [ErrInfo] => 
    [PayType] => 0
    [CvsCode] => 
    [CvsConfNo] => 
    [CvsReceiptNo] => 
    [EdyReceiptNo] => 
    [EdyOrderNo] => 
    [SuicaReceiptNo] => 
    [SuicaOrderNo] => 
    [CustID] => 
    [BkCode] => 
    [ConfNo] => 
    [PaymentTerm] => 
    [EncryptReceiptNo] => 
    [FinishDate] => 
    [ReceiptDate] => 
    [WebMoneyManagementNo] => 
    [WebMoneySettleCode] => 
    [AuPayInfoNo] => 
    [AuPayMethod] => 
    [AuCancelAmount] => 
    [AuCancelTax] => 
    [DocomoSettlementCode] => 
    [DocomoCancelAmount] => 
    [DocomoCancelTax] => 
    [pay_status] => 13
)
 from 210.175.7.20
2019/12/28 19:03:18 [/shop/user_data/pg_mulpay_recv.php] response:true from 210.175.7.20
2019/12/28 19:42:18 [/shop/shopping/load_payment_module.php] SendRequest:https://p01.mul-pay.jp/payment/EntryTran.idPass from 111.239.171.189
2019/12/28 19:42:19 [/shop/shopping/load_payment_module.php] Array
(
    [ShopID] => 9000034600950
    [ShopPass] => ******
    [OrderID] => 942779-28194218
    [JobCd] => CAPTURE
    [Amount] => 2000
    [TdFlag] => 0
    [TdTenantName] => 
)
 from 111.239.171.189
2019/12/28 19:42:19 [/shop/shopping/load_payment_module.php] AccessID=1a769674c1e8a73f45c15621711f2cd3&AccessPass=db39dc35dcf3d7a3cd43f0f5d515aeb4 from 111.239.171.189
2019/12/28 19:42:19 [/shop/shopping/load_payment_module.php] Array
(
    [0] => Array
        (
            [AccessID] => 1a769674c1e8a73f45c15621711f2cd3
            [AccessPass] => db39dc35dcf3d7a3cd43f0f5d515aeb4
        )

)
 from 111.239.171.189
2019/12/28 19:42:19 [/shop/shopping/load_payment_module.php] load_payment_module.php set payment data:Array
(
    [AccessID] => 1a769674c1e8a73f45c15621711f2cd3
    [AccessPass] => db39dc35dcf3d7a3cd43f0f5d515aeb4
    [OrderID] => 942779-28194218
    [Amount] => 2000
    [JobCd] => CAPTURE
    [action_status] => 1
    [pay_status] => 0
)
 from 111.239.171.189
2019/12/28 19:42:19 [/shop/shopping/load_payment_module.php] SendRequest:https://p01.mul-pay.jp/payment/ExecTran.idPass from 111.239.171.189
2019/12/28 19:42:19 [/shop/shopping/load_payment_module.php] Array
(
    [AccessID] => 1a769674c1e8a73f45c15621711f2cd3
    [AccessPass] => db39dc35dcf3d7a3cd43f0f5d515aeb4
    [OrderID] => 942779-28194218
    [Method] => 1
    [Token] => ab1034727b1d8f6adc0ea2fc500be586c0760844387b1d259a2b371dc6d7ae10
    [ClientField1] => 
    [ClientField2] => 
    [ClientField3] => EC-CUBE4.3.24
)
 from 111.239.171.189
2019/12/28 19:42:19 [/shop/shopping/load_payment_module.php] ACS=0&OrderID=942779-28194218&Forward=2a99661&Method=1&PayTimes=&Approve=0772648&TranID=1912281942602257210134112757&TranDate=20191228194219&CheckString=92bf3051fd0e7de866d5261e3fc8d7dc from 111.239.171.189
2019/12/28 19:42:19 [/shop/shopping/load_payment_module.php] Array
(
    [0] => Array
        (
            [ACS] => 0
            [OrderID] => 942779-28194218
            [Forward] => 2a99661
            [Method] => 1
            [PayTimes] => 
            [Approve] => 0772648
            [TranID] => 1912281942602257210134112757
            [TranDate] => 20191228194219
            [CheckString] => 92bf3051fd0e7de866d5261e3fc8d7dc
        )

)
 from 111.239.171.189
2019/12/28 19:42:19 [/shop/shopping/load_payment_module.php] load_payment_module.php set payment data:Array
(
    [ACS] => 0
    [Forward] => 2a99661
    [Method] => 1
    [PayTimes] => 
    [Approve] => 0772648
    [TranID] => 1912281942602257210134112757
    [TranDate] => 20191228194219
    [CheckString] => 92bf3051fd0e7de866d5261e3fc8d7dc
    [Amount] => 2000
    [JobCd] => CAPTURE
    [action_status] => 3
    [pay_status] => 13
)
 from 111.239.171.189
2019/12/28 19:42:20 [/shop/user_data/pg_mulpay_recv.php] ******* receiveer data start ******* from 210.175.7.20
2019/12/28 19:42:20 [/shop/user_data/pg_mulpay_recv.php] Array
(
    [ShopID] => 9000034600950
    [ShopPass] => **********
    [AccessID] => 1a769674c1e8a73f45c15621711f2cd3
    [AccessPass] => ********************************
    [OrderID] => 942779-28194218
    [Status] => CAPTURE
    [JobCd] => CAPTURE
    [Amount] => 2000
    [Tax] => 0
    [Currency] => JPN
    [Forward] => 2a99661
    [Method] => 1
    [PayTimes] => 
    [TranID] => 1912281942602257210134112757
    [Approve] => 0772648
    [TranDate] => 20191228194219
    [ErrCode] => 
    [ErrInfo] => 
    [PayType] => 0
)
 from 210.175.7.20
2019/12/28 19:42:20 [/shop/user_data/pg_mulpay_recv.php] ******* receiveer data end ******* from 210.175.7.20
2019/12/28 19:42:25 [/shop/user_data/pg_mulpay_recv.php] update order status:1 order_id=942779 from 210.175.7.20
2019/12/28 19:42:25 [/shop/user_data/pg_mulpay_recv.php] pg_mulpay_recv.php set payment data:Array
(
    [ShopID] => 9000034600950
    [AccessID] => 1a769674c1e8a73f45c15621711f2cd3
    [OrderID] => 942779-28194218
    [Status] => CAPTURE
    [JobCd] => CAPTURE
    [Amount] => 2000
    [Tax] => 0
    [Currency] => JPN
    [Forward] => 2a99661
    [Method] => 1
    [PayTimes] => 
    [TranID] => 1912281942602257210134112757
    [Approve] => 0772648
    [TranDate] => 20191228194219
    [ErrCode] => 
    [ErrInfo] => 
    [PayType] => 0
    [CvsCode] => 
    [CvsConfNo] => 
    [CvsReceiptNo] => 
    [EdyReceiptNo] => 
    [EdyOrderNo] => 
    [SuicaReceiptNo] => 
    [SuicaOrderNo] => 
    [CustID] => 
    [BkCode] => 
    [ConfNo] => 
    [PaymentTerm] => 
    [EncryptReceiptNo] => 
    [FinishDate] => 
    [ReceiptDate] => 
    [WebMoneyManagementNo] => 
    [WebMoneySettleCode] => 
    [AuPayInfoNo] => 
    [AuPayMethod] => 
    [AuCancelAmount] => 
    [AuCancelTax] => 
    [DocomoSettlementCode] => 
    [DocomoCancelAmount] => 
    [DocomoCancelTax] => 
    [pay_status] => 13
)
 from 210.175.7.20
2019/12/28 19:42:25 [/shop/user_data/pg_mulpay_recv.php] response:true from 210.175.7.20
