2019/09/06 00:07:37 [/shop/shopping/load_payment_module.php] SendRequest:https://p01.mul-pay.jp/payment/SearchMember.idPass from 137.122.64.200
2019/09/06 00:07:37 [/shop/shopping/load_payment_module.php] Array
(
    [SiteID] => mst0000007602
    [SitePass] => ******
    [MemberID] => 6019
)
 from 137.122.64.200
2019/09/06 00:07:37 [/shop/shopping/load_payment_module.php] ErrCode=E01&ErrInfo=E01390002 from 137.122.64.200
2019/09/06 00:07:37 [/shop/shopping/load_payment_module.php] Array
(
    [0] => Array
        (
            [ErrCode] => E01
            [ErrInfo] => E01390002
        )

)
 from 137.122.64.200
2019/09/06 00:07:37 [/shop/shopping/load_payment_module.php] SendRequest:https://p01.mul-pay.jp/payment/SearchCard.idPass from 137.122.64.200
2019/09/06 00:07:37 [/shop/shopping/load_payment_module.php] Array
(
    [SiteID] => mst0000007602
    [SitePass] => ******
    [MemberID] => 6019
)
 from 137.122.64.200
2019/09/06 00:07:38 [/shop/shopping/load_payment_module.php] ErrCode=E01|E01&ErrInfo=E01390002|E01240002 from 137.122.64.200
2019/09/06 00:07:38 [/shop/shopping/load_payment_module.php] Array
(
    [0] => Array
        (
            [ErrCode] => E01
            [ErrInfo] => E01390002
        )

    [1] => Array
        (
            [ErrCode] => E01
            [ErrInfo] => E01240002
        )

)
 from 137.122.64.200
2019/09/06 00:08:38 [/shop/shopping/load_payment_module.php] SendRequest:https://p01.mul-pay.jp/payment/SearchMember.idPass from 137.122.64.200
2019/09/06 00:08:38 [/shop/shopping/load_payment_module.php] Array
(
    [SiteID] => mst0000007602
    [SitePass] => ******
    [MemberID] => 6019
)
 from 137.122.64.200
2019/09/06 00:08:38 [/shop/shopping/load_payment_module.php] ErrCode=E01&ErrInfo=E01390002 from 137.122.64.200
2019/09/06 00:08:38 [/shop/shopping/load_payment_module.php] Array
(
    [0] => Array
        (
            [ErrCode] => E01
            [ErrInfo] => E01390002
        )

)
 from 137.122.64.200
2019/09/06 00:08:38 [/shop/shopping/load_payment_module.php] SendRequest:https://p01.mul-pay.jp/payment/SearchCard.idPass from 137.122.64.200
2019/09/06 00:08:38 [/shop/shopping/load_payment_module.php] Array
(
    [SiteID] => mst0000007602
    [SitePass] => ******
    [MemberID] => 6019
)
 from 137.122.64.200
2019/09/06 00:08:38 [/shop/shopping/load_payment_module.php] ErrCode=E01|E01&ErrInfo=E01390002|E01240002 from 137.122.64.200
2019/09/06 00:08:38 [/shop/shopping/load_payment_module.php] Array
(
    [0] => Array
        (
            [ErrCode] => E01
            [ErrInfo] => E01390002
        )

    [1] => Array
        (
            [ErrCode] => E01
            [ErrInfo] => E01240002
        )

)
 from 137.122.64.200
2019/09/06 00:08:38 [/shop/shopping/load_payment_module.php] SendRequest:https://p01.mul-pay.jp/payment/EntryTran.idPass from 137.122.64.200
2019/09/06 00:08:38 [/shop/shopping/load_payment_module.php] Array
(
    [ShopID] => 9000034600950
    [ShopPass] => ******
    [OrderID] => 939882-06000838
    [JobCd] => CAPTURE
    [Amount] => 7830
    [TdFlag] => 0
    [TdTenantName] => 
)
 from 137.122.64.200
2019/09/06 00:08:38 [/shop/shopping/load_payment_module.php] AccessID=2e7f1bd74e402ae218c29bf852a513a0&AccessPass=aa2497cdd13f6da1b60ba0c4cdd64da1 from 137.122.64.200
2019/09/06 00:08:38 [/shop/shopping/load_payment_module.php] Array
(
    [0] => Array
        (
            [AccessID] => 2e7f1bd74e402ae218c29bf852a513a0
            [AccessPass] => aa2497cdd13f6da1b60ba0c4cdd64da1
        )

)
 from 137.122.64.200
2019/09/06 00:08:38 [/shop/shopping/load_payment_module.php] load_payment_module.php set payment data:Array
(
    [AccessID] => 2e7f1bd74e402ae218c29bf852a513a0
    [AccessPass] => aa2497cdd13f6da1b60ba0c4cdd64da1
    [OrderID] => 939882-06000838
    [Amount] => 7830
    [JobCd] => CAPTURE
    [action_status] => 1
    [pay_status] => 0
)
 from 137.122.64.200
2019/09/06 00:08:38 [/shop/shopping/load_payment_module.php] SendRequest:https://p01.mul-pay.jp/payment/ExecTran.idPass from 137.122.64.200
2019/09/06 00:08:38 [/shop/shopping/load_payment_module.php] Array
(
    [AccessID] => 2e7f1bd74e402ae218c29bf852a513a0
    [AccessPass] => aa2497cdd13f6da1b60ba0c4cdd64da1
    [OrderID] => 939882-06000838
    [Method] => 1
    [Token] => 4a6d54e91c3a63eb4adf1c0c884629fc46211e707bd7d0023a4834779c36c594
    [ClientField1] => 
    [ClientField2] => 
    [ClientField3] => EC-CUBE4.3.24
)
 from 137.122.64.200
2019/09/06 00:08:39 [/shop/shopping/load_payment_module.php] ACS=0&OrderID=939882-06000838&Forward=2S49631&Method=1&PayTimes=&Approve=0051810&TranID=1909060008602257210134121678&TranDate=20190906000839&CheckString=34739572cb8f7001464315c16b8517dd from 137.122.64.200
2019/09/06 00:08:39 [/shop/shopping/load_payment_module.php] Array
(
    [0] => Array
        (
            [ACS] => 0
            [OrderID] => 939882-06000838
            [Forward] => 2S49631
            [Method] => 1
            [PayTimes] => 
            [Approve] => 0051810
            [TranID] => 1909060008602257210134121678
            [TranDate] => 20190906000839
            [CheckString] => 34739572cb8f7001464315c16b8517dd
        )

)
 from 137.122.64.200
2019/09/06 00:08:39 [/shop/shopping/load_payment_module.php] load_payment_module.php set payment data:Array
(
    [ACS] => 0
    [Forward] => 2S49631
    [Method] => 1
    [PayTimes] => 
    [Approve] => 0051810
    [TranID] => 1909060008602257210134121678
    [TranDate] => 20190906000839
    [CheckString] => 34739572cb8f7001464315c16b8517dd
    [Amount] => 7830
    [JobCd] => CAPTURE
    [action_status] => 3
    [pay_status] => 13
)
 from 137.122.64.200
2019/09/06 00:08:39 [/shop/user_data/pg_mulpay_recv.php] ******* receiveer data start ******* from 210.175.7.20
2019/09/06 00:08:39 [/shop/user_data/pg_mulpay_recv.php] Array
(
    [ShopID] => 9000034600950
    [ShopPass] => **********
    [AccessID] => 2e7f1bd74e402ae218c29bf852a513a0
    [AccessPass] => ********************************
    [OrderID] => 939882-06000838
    [Status] => CAPTURE
    [JobCd] => CAPTURE
    [Amount] => 7830
    [Tax] => 0
    [Currency] => JPN
    [Forward] => 2S49631
    [Method] => 1
    [PayTimes] => 
    [TranID] => 1909060008602257210134121678
    [Approve] => 0051810
    [TranDate] => 20190906000839
    [ErrCode] => 
    [ErrInfo] => 
    [PayType] => 0
)
 from 210.175.7.20
2019/09/06 00:08:39 [/shop/user_data/pg_mulpay_recv.php] ******* receiveer data end ******* from 210.175.7.20
2019/09/06 00:08:44 [/shop/user_data/pg_mulpay_recv.php] update order status:1 order_id=939882 from 210.175.7.20
2019/09/06 00:08:44 [/shop/user_data/pg_mulpay_recv.php] pg_mulpay_recv.php set payment data:Array
(
    [ShopID] => 9000034600950
    [AccessID] => 2e7f1bd74e402ae218c29bf852a513a0
    [OrderID] => 939882-06000838
    [Status] => CAPTURE
    [JobCd] => CAPTURE
    [Amount] => 7830
    [Tax] => 0
    [Currency] => JPN
    [Forward] => 2S49631
    [Method] => 1
    [PayTimes] => 
    [TranID] => 1909060008602257210134121678
    [Approve] => 0051810
    [TranDate] => 20190906000839
    [ErrCode] => 
    [ErrInfo] => 
    [PayType] => 0
    [CvsCode] => 
    [CvsConfNo] => 
    [CvsReceiptNo] => 
    [EdyReceiptNo] => 
    [EdyOrderNo] => 
    [SuicaReceiptNo] => 
    [SuicaOrderNo] => 
    [CustID] => 
    [BkCode] => 
    [ConfNo] => 
    [PaymentTerm] => 
    [EncryptReceiptNo] => 
    [FinishDate] => 
    [ReceiptDate] => 
    [WebMoneyManagementNo] => 
    [WebMoneySettleCode] => 
    [AuPayInfoNo] => 
    [AuPayMethod] => 
    [AuCancelAmount] => 
    [AuCancelTax] => 
    [DocomoSettlementCode] => 
    [DocomoCancelAmount] => 
    [DocomoCancelTax] => 
    [pay_status] => 13
)
 from 210.175.7.20
2019/09/06 00:08:44 [/shop/user_data/pg_mulpay_recv.php] response:true from 210.175.7.20
2019/09/06 00:28:48 [/shop/shopping/load_payment_module.php] SendRequest:https://p01.mul-pay.jp/payment/SearchMember.idPass from 165.225.81.26
2019/09/06 00:28:48 [/shop/shopping/load_payment_module.php] Array
(
    [SiteID] => mst0000007602
    [SitePass] => ******
    [MemberID] => 9677
)
 from 165.225.81.26
2019/09/06 00:28:48 [/shop/shopping/load_payment_module.php] ErrCode=E01&ErrInfo=E01390002 from 165.225.81.26
2019/09/06 00:28:48 [/shop/shopping/load_payment_module.php] Array
(
    [0] => Array
        (
            [ErrCode] => E01
            [ErrInfo] => E01390002
        )

)
 from 165.225.81.26
2019/09/06 00:28:48 [/shop/shopping/load_payment_module.php] SendRequest:https://p01.mul-pay.jp/payment/SearchCard.idPass from 165.225.81.26
2019/09/06 00:28:48 [/shop/shopping/load_payment_module.php] Array
(
    [SiteID] => mst0000007602
    [SitePass] => ******
    [MemberID] => 9677
)
 from 165.225.81.26
2019/09/06 00:28:48 [/shop/shopping/load_payment_module.php] ErrCode=E01|E01&ErrInfo=E01390002|E01240002 from 165.225.81.26
2019/09/06 00:28:48 [/shop/shopping/load_payment_module.php] Array
(
    [0] => Array
        (
            [ErrCode] => E01
            [ErrInfo] => E01390002
        )

    [1] => Array
        (
            [ErrCode] => E01
            [ErrInfo] => E01240002
        )

)
 from 165.225.81.26
2019/09/06 00:29:57 [/shop/shopping/load_payment_module.php] SendRequest:https://p01.mul-pay.jp/payment/SearchMember.idPass from 165.225.81.26
2019/09/06 00:29:57 [/shop/shopping/load_payment_module.php] Array
(
    [SiteID] => mst0000007602
    [SitePass] => ******
    [MemberID] => 9677
)
 from 165.225.81.26
2019/09/06 00:29:57 [/shop/shopping/load_payment_module.php] ErrCode=E01&ErrInfo=E01390002 from 165.225.81.26
2019/09/06 00:29:57 [/shop/shopping/load_payment_module.php] Array
(
    [0] => Array
        (
            [ErrCode] => E01
            [ErrInfo] => E01390002
        )

)
 from 165.225.81.26
2019/09/06 00:29:57 [/shop/shopping/load_payment_module.php] SendRequest:https://p01.mul-pay.jp/payment/SearchCard.idPass from 165.225.81.26
2019/09/06 00:29:57 [/shop/shopping/load_payment_module.php] Array
(
    [SiteID] => mst0000007602
    [SitePass] => ******
    [MemberID] => 9677
)
 from 165.225.81.26
2019/09/06 00:29:57 [/shop/shopping/load_payment_module.php] ErrCode=E01|E01&ErrInfo=E01390002|E01240002 from 165.225.81.26
2019/09/06 00:29:58 [/shop/shopping/load_payment_module.php] Array
(
    [0] => Array
        (
            [ErrCode] => E01
            [ErrInfo] => E01390002
        )

    [1] => Array
        (
            [ErrCode] => E01
            [ErrInfo] => E01240002
        )

)
 from 165.225.81.26
2019/09/06 00:29:58 [/shop/shopping/load_payment_module.php] SendRequest:https://p01.mul-pay.jp/payment/EntryTran.idPass from 165.225.81.26
2019/09/06 00:29:58 [/shop/shopping/load_payment_module.php] Array
(
    [ShopID] => 9000034600950
    [ShopPass] => ******
    [OrderID] => 939883-06002958
    [JobCd] => CAPTURE
    [Amount] => 8370
    [TdFlag] => 0
    [TdTenantName] => 
)
 from 165.225.81.26
2019/09/06 00:29:58 [/shop/shopping/load_payment_module.php] AccessID=c966a9b39b4955f1a83f6a6de7279f6c&AccessPass=aa22ea7375bbc7412bf8f9de05d6c32a from 165.225.81.26
2019/09/06 00:29:58 [/shop/shopping/load_payment_module.php] Array
(
    [0] => Array
        (
            [AccessID] => c966a9b39b4955f1a83f6a6de7279f6c
            [AccessPass] => aa22ea7375bbc7412bf8f9de05d6c32a
        )

)
 from 165.225.81.26
2019/09/06 00:29:58 [/shop/shopping/load_payment_module.php] load_payment_module.php set payment data:Array
(
    [AccessID] => c966a9b39b4955f1a83f6a6de7279f6c
    [AccessPass] => aa22ea7375bbc7412bf8f9de05d6c32a
    [OrderID] => 939883-06002958
    [Amount] => 8370
    [JobCd] => CAPTURE
    [action_status] => 1
    [pay_status] => 0
)
 from 165.225.81.26
2019/09/06 00:29:58 [/shop/shopping/load_payment_module.php] SendRequest:https://p01.mul-pay.jp/payment/ExecTran.idPass from 165.225.81.26
2019/09/06 00:29:58 [/shop/shopping/load_payment_module.php] Array
(
    [AccessID] => c966a9b39b4955f1a83f6a6de7279f6c
    [AccessPass] => aa22ea7375bbc7412bf8f9de05d6c32a
    [OrderID] => 939883-06002958
    [Method] => 1
    [Token] => d0a5d2be416f56f21b749c863c07cc4ae304e80e356d344db1f796f056c3aea9
    [ClientField1] => 
    [ClientField2] => 
    [ClientField3] => EC-CUBE4.3.24
)
 from 165.225.81.26
2019/09/06 00:29:59 [/shop/shopping/load_payment_module.php] ACS=0&OrderID=939883-06002958&Forward=2S49631&Method=1&PayTimes=&Approve=0147435&TranID=1909060029602257210134131555&TranDate=20190906002959&CheckString=15f6d6fd8596ab79e6493cbc5a05b628 from 165.225.81.26
2019/09/06 00:29:59 [/shop/shopping/load_payment_module.php] Array
(
    [0] => Array
        (
            [ACS] => 0
            [OrderID] => 939883-06002958
            [Forward] => 2S49631
            [Method] => 1
            [PayTimes] => 
            [Approve] => 0147435
            [TranID] => 1909060029602257210134131555
            [TranDate] => 20190906002959
            [CheckString] => 15f6d6fd8596ab79e6493cbc5a05b628
        )

)
 from 165.225.81.26
2019/09/06 00:29:59 [/shop/shopping/load_payment_module.php] load_payment_module.php set payment data:Array
(
    [ACS] => 0
    [Forward] => 2S49631
    [Method] => 1
    [PayTimes] => 
    [Approve] => 0147435
    [TranID] => 1909060029602257210134131555
    [TranDate] => 20190906002959
    [CheckString] => 15f6d6fd8596ab79e6493cbc5a05b628
    [Amount] => 8370
    [JobCd] => CAPTURE
    [action_status] => 3
    [pay_status] => 13
)
 from 165.225.81.26
2019/09/06 00:29:59 [/shop/user_data/pg_mulpay_recv.php] ******* receiveer data start ******* from 210.175.7.20
2019/09/06 00:29:59 [/shop/user_data/pg_mulpay_recv.php] Array
(
    [ShopID] => 9000034600950
    [ShopPass] => **********
    [AccessID] => c966a9b39b4955f1a83f6a6de7279f6c
    [AccessPass] => ********************************
    [OrderID] => 939883-06002958
    [Status] => CAPTURE
    [JobCd] => CAPTURE
    [Amount] => 8370
    [Tax] => 0
    [Currency] => JPN
    [Forward] => 2S49631
    [Method] => 1
    [PayTimes] => 
    [TranID] => 1909060029602257210134131555
    [Approve] => 0147435
    [TranDate] => 20190906002959
    [ErrCode] => 
    [ErrInfo] => 
    [PayType] => 0
)
 from 210.175.7.20
2019/09/06 00:29:59 [/shop/user_data/pg_mulpay_recv.php] ******* receiveer data end ******* from 210.175.7.20
2019/09/06 00:30:04 [/shop/user_data/pg_mulpay_recv.php] update order status:1 order_id=939883 from 210.175.7.20
2019/09/06 00:30:04 [/shop/user_data/pg_mulpay_recv.php] pg_mulpay_recv.php set payment data:Array
(
    [ShopID] => 9000034600950
    [AccessID] => c966a9b39b4955f1a83f6a6de7279f6c
    [OrderID] => 939883-06002958
    [Status] => CAPTURE
    [JobCd] => CAPTURE
    [Amount] => 8370
    [Tax] => 0
    [Currency] => JPN
    [Forward] => 2S49631
    [Method] => 1
    [PayTimes] => 
    [TranID] => 1909060029602257210134131555
    [Approve] => 0147435
    [TranDate] => 20190906002959
    [ErrCode] => 
    [ErrInfo] => 
    [PayType] => 0
    [CvsCode] => 
    [CvsConfNo] => 
    [CvsReceiptNo] => 
    [EdyReceiptNo] => 
    [EdyOrderNo] => 
    [SuicaReceiptNo] => 
    [SuicaOrderNo] => 
    [CustID] => 
    [BkCode] => 
    [ConfNo] => 
    [PaymentTerm] => 
    [EncryptReceiptNo] => 
    [FinishDate] => 
    [ReceiptDate] => 
    [WebMoneyManagementNo] => 
    [WebMoneySettleCode] => 
    [AuPayInfoNo] => 
    [AuPayMethod] => 
    [AuCancelAmount] => 
    [AuCancelTax] => 
    [DocomoSettlementCode] => 
    [DocomoCancelAmount] => 
    [DocomoCancelTax] => 
    [pay_status] => 13
)
 from 210.175.7.20
2019/09/06 00:30:05 [/shop/user_data/pg_mulpay_recv.php] response:true from 210.175.7.20
2019/09/06 02:10:17 [/shop/shopping/load_payment_module.php] SendRequest:https://p01.mul-pay.jp/payment/EntryTran.idPass from 177.118.175.96
2019/09/06 02:10:17 [/shop/shopping/load_payment_module.php] Array
(
    [ShopID] => 9000034600950
    [ShopPass] => ******
    [OrderID] => 939884-06021017
    [JobCd] => CAPTURE
    [Amount] => 11910
    [TdFlag] => 0
    [TdTenantName] => 
)
 from 177.118.175.96
2019/09/06 02:10:17 [/shop/shopping/load_payment_module.php] AccessID=fa06a1a32354fbf6dc0d5c55f9ae029b&AccessPass=208ace6285d83dc74f3f1b7dd9b55fc0 from 177.118.175.96
2019/09/06 02:10:17 [/shop/shopping/load_payment_module.php] Array
(
    [0] => Array
        (
            [AccessID] => fa06a1a32354fbf6dc0d5c55f9ae029b
            [AccessPass] => 208ace6285d83dc74f3f1b7dd9b55fc0
        )

)
 from 177.118.175.96
2019/09/06 02:10:17 [/shop/shopping/load_payment_module.php] load_payment_module.php set payment data:Array
(
    [AccessID] => fa06a1a32354fbf6dc0d5c55f9ae029b
    [AccessPass] => 208ace6285d83dc74f3f1b7dd9b55fc0
    [OrderID] => 939884-06021017
    [Amount] => 11910
    [JobCd] => CAPTURE
    [action_status] => 1
    [pay_status] => 0
)
 from 177.118.175.96
2019/09/06 02:10:17 [/shop/shopping/load_payment_module.php] SendRequest:https://p01.mul-pay.jp/payment/ExecTran.idPass from 177.118.175.96
2019/09/06 02:10:17 [/shop/shopping/load_payment_module.php] Array
(
    [AccessID] => fa06a1a32354fbf6dc0d5c55f9ae029b
    [AccessPass] => 208ace6285d83dc74f3f1b7dd9b55fc0
    [OrderID] => 939884-06021017
    [Method] => 1
    [Token] => 5f5770141e36376fda81870235e42af7d1239bce9494da086b07446cc8f1c788
    [ClientField1] => 
    [ClientField2] => 
    [ClientField3] => EC-CUBE4.3.24
)
 from 177.118.175.96
2019/09/06 02:10:19 [/shop/shopping/load_payment_module.php] ErrCode=G97&ErrInfo=42G970000 from 177.118.175.96
2019/09/06 02:10:19 [/shop/shopping/load_payment_module.php] Array
(
    [0] => Array
        (
            [ErrCode] => G97
            [ErrInfo] => 42G970000
        )

)
 from 177.118.175.96
2019/09/06 02:10:19 [/shop/shopping/load_payment_module.php] load_payment_module.php set payment data:Array
(
    [request_error] => Array
        (
            [0] => このカードでは取引をする事が出来ません。 (G97-42G970000)
        )

    [Amount] => 11910
    [JobCd] => CAPTURE
    [action_status] => 3
)
 from 177.118.175.96
2019/09/06 02:10:19 [/shop/user_data/pg_mulpay_recv.php] ******* receiveer data start ******* from 210.175.7.20
2019/09/06 02:10:19 [/shop/user_data/pg_mulpay_recv.php] Array
(
    [ShopID] => 9000034600950
    [ShopPass] => **********
    [AccessID] => fa06a1a32354fbf6dc0d5c55f9ae029b
    [AccessPass] => ********************************
    [OrderID] => 939884-06021017
    [Status] => UNPROCESSED
    [JobCd] => CAPTURE
    [Amount] => 11910
    [Tax] => 0
    [Currency] => JPN
    [Forward] => 2959876
    [Method] => 1
    [PayTimes] => 
    [TranID] => 1909060210602257210134111700
    [Approve] =>        
    [TranDate] => 20190906021019
    [ErrCode] => G97
    [ErrInfo] => 42G970000
    [PayType] => 0
)
 from 210.175.7.20
2019/09/06 02:10:19 [/shop/user_data/pg_mulpay_recv.php] ******* receiveer data end ******* from 210.175.7.20
2019/09/06 02:10:19 [/shop/user_data/pg_mulpay_recv.php] pg_mulpay_recv.php set payment data:Array
(
    [ShopID] => 9000034600950
    [AccessID] => fa06a1a32354fbf6dc0d5c55f9ae029b
    [OrderID] => 939884-06021017
    [Status] => UNPROCESSED
    [JobCd] => CAPTURE
    [Amount] => 11910
    [Tax] => 0
    [Currency] => JPN
    [Forward] => 2959876
    [Method] => 1
    [PayTimes] => 
    [TranID] => 1909060210602257210134111700
    [Approve] => 
    [TranDate] => 20190906021019
    [ErrCode] => G97
    [ErrInfo] => 42G970000
    [PayType] => 0
    [CvsCode] => 
    [CvsConfNo] => 
    [CvsReceiptNo] => 
    [EdyReceiptNo] => 
    [EdyOrderNo] => 
    [SuicaReceiptNo] => 
    [SuicaOrderNo] => 
    [CustID] => 
    [BkCode] => 
    [ConfNo] => 
    [PaymentTerm] => 
    [EncryptReceiptNo] => 
    [FinishDate] => 
    [ReceiptDate] => 
    [WebMoneyManagementNo] => 
    [WebMoneySettleCode] => 
    [AuPayInfoNo] => 
    [AuPayMethod] => 
    [AuCancelAmount] => 
    [AuCancelTax] => 
    [DocomoSettlementCode] => 
    [DocomoCancelAmount] => 
    [DocomoCancelTax] => 
    [pay_status] => 0
)
 from 210.175.7.20
2019/09/06 02:10:19 [/shop/user_data/pg_mulpay_recv.php] response:true from 210.175.7.20
2019/09/06 02:12:04 [/shop/shopping/load_payment_module.php] SendRequest:https://p01.mul-pay.jp/payment/ExecTran.idPass from 177.118.175.96
2019/09/06 02:12:04 [/shop/shopping/load_payment_module.php] Array
(
    [AccessID] => fa06a1a32354fbf6dc0d5c55f9ae029b
    [AccessPass] => 208ace6285d83dc74f3f1b7dd9b55fc0
    [OrderID] => 939884-06021017
    [Method] => 1
    [PayTimes] => 
    [Token] => 81a4bbbb068468b25bce685f2fc979af1f05cca1d8bbbac9bfe32a03486ab8e7
    [ClientField1] => 
    [ClientField2] => 
    [ClientField3] => EC-CUBE4.3.24
)
 from 177.118.175.96
2019/09/06 02:12:05 [/shop/shopping/load_payment_module.php] ErrCode=G97&ErrInfo=42G970000 from 177.118.175.96
2019/09/06 02:12:05 [/shop/shopping/load_payment_module.php] Array
(
    [0] => Array
        (
            [ErrCode] => G97
            [ErrInfo] => 42G970000
        )

)
 from 177.118.175.96
2019/09/06 02:12:05 [/shop/shopping/load_payment_module.php] load_payment_module.php set payment data:Array
(
    [request_error] => Array
        (
            [0] => このカードでは取引をする事が出来ません。 (G97-42G970000)
        )

    [Amount] => 11910
    [JobCd] => CAPTURE
    [action_status] => 3
)
 from 177.118.175.96
2019/09/06 02:12:05 [/shop/user_data/pg_mulpay_recv.php] ******* receiveer data start ******* from 210.175.7.20
2019/09/06 02:12:05 [/shop/user_data/pg_mulpay_recv.php] Array
(
    [ShopID] => 9000034600950
    [ShopPass] => **********
    [AccessID] => fa06a1a32354fbf6dc0d5c55f9ae029b
    [AccessPass] => ********************************
    [OrderID] => 939884-06021017
    [Status] => UNPROCESSED
    [JobCd] => CAPTURE
    [Amount] => 11910
    [Tax] => 0
    [Currency] => JPN
    [Forward] => 2959876
    [Method] => 1
    [PayTimes] => 
    [TranID] => 1909060212602257210134111701
    [Approve] =>        
    [TranDate] => 20190906021205
    [ErrCode] => G97
    [ErrInfo] => 42G970000
    [PayType] => 0
)
 from 210.175.7.20
2019/09/06 02:12:05 [/shop/user_data/pg_mulpay_recv.php] ******* receiveer data end ******* from 210.175.7.20
2019/09/06 02:12:05 [/shop/user_data/pg_mulpay_recv.php] pg_mulpay_recv.php set payment data:Array
(
    [ShopID] => 9000034600950
    [AccessID] => fa06a1a32354fbf6dc0d5c55f9ae029b
    [OrderID] => 939884-06021017
    [Status] => UNPROCESSED
    [JobCd] => CAPTURE
    [Amount] => 11910
    [Tax] => 0
    [Currency] => JPN
    [Forward] => 2959876
    [Method] => 1
    [PayTimes] => 
    [TranID] => 1909060212602257210134111701
    [Approve] => 
    [TranDate] => 20190906021205
    [ErrCode] => G97
    [ErrInfo] => 42G970000
    [PayType] => 0
    [CvsCode] => 
    [CvsConfNo] => 
    [CvsReceiptNo] => 
    [EdyReceiptNo] => 
    [EdyOrderNo] => 
    [SuicaReceiptNo] => 
    [SuicaOrderNo] => 
    [CustID] => 
    [BkCode] => 
    [ConfNo] => 
    [PaymentTerm] => 
    [EncryptReceiptNo] => 
    [FinishDate] => 
    [ReceiptDate] => 
    [WebMoneyManagementNo] => 
    [WebMoneySettleCode] => 
    [AuPayInfoNo] => 
    [AuPayMethod] => 
    [AuCancelAmount] => 
    [AuCancelTax] => 
    [DocomoSettlementCode] => 
    [DocomoCancelAmount] => 
    [DocomoCancelTax] => 
    [pay_status] => 0
)
 from 210.175.7.20
2019/09/06 02:12:05 [/shop/user_data/pg_mulpay_recv.php] response:true from 210.175.7.20
2019/09/06 02:37:22 [/shop/shopping/load_payment_module.php] SendRequest:https://p01.mul-pay.jp/payment/EntryTran.idPass from 78.56.85.5
2019/09/06 02:37:22 [/shop/shopping/load_payment_module.php] Array
(
    [ShopID] => 9000034600950
    [ShopPass] => ******
    [OrderID] => 939885-06023722
    [JobCd] => CAPTURE
    [Amount] => 8910
    [TdFlag] => 0
    [TdTenantName] => 
)
 from 78.56.85.5
2019/09/06 02:37:22 [/shop/shopping/load_payment_module.php] AccessID=1eebab9a26227febefa16e367e320be2&AccessPass=c69c2bb7d62c0241969f7d14188c8b68 from 78.56.85.5
2019/09/06 02:37:22 [/shop/shopping/load_payment_module.php] Array
(
    [0] => Array
        (
            [AccessID] => 1eebab9a26227febefa16e367e320be2
            [AccessPass] => c69c2bb7d62c0241969f7d14188c8b68
        )

)
 from 78.56.85.5
2019/09/06 02:37:22 [/shop/shopping/load_payment_module.php] load_payment_module.php set payment data:Array
(
    [AccessID] => 1eebab9a26227febefa16e367e320be2
    [AccessPass] => c69c2bb7d62c0241969f7d14188c8b68
    [OrderID] => 939885-06023722
    [Amount] => 8910
    [JobCd] => CAPTURE
    [action_status] => 1
    [pay_status] => 0
)
 from 78.56.85.5
2019/09/06 02:37:22 [/shop/shopping/load_payment_module.php] SendRequest:https://p01.mul-pay.jp/payment/ExecTran.idPass from 78.56.85.5
2019/09/06 02:37:22 [/shop/shopping/load_payment_module.php] Array
(
    [AccessID] => 1eebab9a26227febefa16e367e320be2
    [AccessPass] => c69c2bb7d62c0241969f7d14188c8b68
    [OrderID] => 939885-06023722
    [Method] => 1
    [Token] => 7a50ba6af7588df713caed91e169cf07e7b5de18da80e2dfe1ba0cfd2dcfb959
    [ClientField1] => 
    [ClientField2] => 
    [ClientField3] => EC-CUBE4.3.24
)
 from 78.56.85.5
2019/09/06 02:37:24 [/shop/shopping/load_payment_module.php] ACS=0&OrderID=939885-06023722&Forward=2959876&Method=1&PayTimes=&Approve=0452688&TranID=1909060237602257210134131556&TranDate=20190906023724&CheckString=71eab1b35514c392613055fa3445d18d from 78.56.85.5
2019/09/06 02:37:24 [/shop/shopping/load_payment_module.php] Array
(
    [0] => Array
        (
            [ACS] => 0
            [OrderID] => 939885-06023722
            [Forward] => 2959876
            [Method] => 1
            [PayTimes] => 
            [Approve] => 0452688
            [TranID] => 1909060237602257210134131556
            [TranDate] => 20190906023724
            [CheckString] => 71eab1b35514c392613055fa3445d18d
        )

)
 from 78.56.85.5
2019/09/06 02:37:24 [/shop/shopping/load_payment_module.php] load_payment_module.php set payment data:Array
(
    [ACS] => 0
    [Forward] => 2959876
    [Method] => 1
    [PayTimes] => 
    [Approve] => 0452688
    [TranID] => 1909060237602257210134131556
    [TranDate] => 20190906023724
    [CheckString] => 71eab1b35514c392613055fa3445d18d
    [Amount] => 8910
    [JobCd] => CAPTURE
    [action_status] => 3
    [pay_status] => 13
)
 from 78.56.85.5
2019/09/06 02:37:24 [/shop/user_data/pg_mulpay_recv.php] ******* receiveer data start ******* from 210.175.7.20
2019/09/06 02:37:24 [/shop/user_data/pg_mulpay_recv.php] Array
(
    [ShopID] => 9000034600950
    [ShopPass] => **********
    [AccessID] => 1eebab9a26227febefa16e367e320be2
    [AccessPass] => ********************************
    [OrderID] => 939885-06023722
    [Status] => CAPTURE
    [JobCd] => CAPTURE
    [Amount] => 8910
    [Tax] => 0
    [Currency] => JPN
    [Forward] => 2959876
    [Method] => 1
    [PayTimes] => 
    [TranID] => 1909060237602257210134131556
    [Approve] => 0452688
    [TranDate] => 20190906023724
    [ErrCode] => 
    [ErrInfo] => 
    [PayType] => 0
)
 from 210.175.7.20
2019/09/06 02:37:24 [/shop/user_data/pg_mulpay_recv.php] ******* receiveer data end ******* from 210.175.7.20
2019/09/06 02:37:29 [/shop/user_data/pg_mulpay_recv.php] update order status:1 order_id=939885 from 210.175.7.20
2019/09/06 02:37:29 [/shop/user_data/pg_mulpay_recv.php] pg_mulpay_recv.php set payment data:Array
(
    [ShopID] => 9000034600950
    [AccessID] => 1eebab9a26227febefa16e367e320be2
    [OrderID] => 939885-06023722
    [Status] => CAPTURE
    [JobCd] => CAPTURE
    [Amount] => 8910
    [Tax] => 0
    [Currency] => JPN
    [Forward] => 2959876
    [Method] => 1
    [PayTimes] => 
    [TranID] => 1909060237602257210134131556
    [Approve] => 0452688
    [TranDate] => 20190906023724
    [ErrCode] => 
    [ErrInfo] => 
    [PayType] => 0
    [CvsCode] => 
    [CvsConfNo] => 
    [CvsReceiptNo] => 
    [EdyReceiptNo] => 
    [EdyOrderNo] => 
    [SuicaReceiptNo] => 
    [SuicaOrderNo] => 
    [CustID] => 
    [BkCode] => 
    [ConfNo] => 
    [PaymentTerm] => 
    [EncryptReceiptNo] => 
    [FinishDate] => 
    [ReceiptDate] => 
    [WebMoneyManagementNo] => 
    [WebMoneySettleCode] => 
    [AuPayInfoNo] => 
    [AuPayMethod] => 
    [AuCancelAmount] => 
    [AuCancelTax] => 
    [DocomoSettlementCode] => 
    [DocomoCancelAmount] => 
    [DocomoCancelTax] => 
    [pay_status] => 13
)
 from 210.175.7.20
2019/09/06 02:37:29 [/shop/user_data/pg_mulpay_recv.php] response:true from 210.175.7.20
2019/09/06 02:47:41 [/shop/shopping/load_payment_module.php] SendRequest:https://p01.mul-pay.jp/payment/EntryTran.idPass from 177.118.175.96
2019/09/06 02:47:41 [/shop/shopping/load_payment_module.php] Array
(
    [ShopID] => 9000034600950
    [ShopPass] => ******
    [OrderID] => 939886-06024741
    [JobCd] => CAPTURE
    [Amount] => 11910
    [TdFlag] => 0
    [TdTenantName] => 
)
 from 177.118.175.96
2019/09/06 02:47:41 [/shop/shopping/load_payment_module.php] AccessID=cc34435159d05a436c44033df99ab607&AccessPass=41313dd138d0ad6f2ff4b69d08cbadb4 from 177.118.175.96
2019/09/06 02:47:41 [/shop/shopping/load_payment_module.php] Array
(
    [0] => Array
        (
            [AccessID] => cc34435159d05a436c44033df99ab607
            [AccessPass] => 41313dd138d0ad6f2ff4b69d08cbadb4
        )

)
 from 177.118.175.96
2019/09/06 02:47:41 [/shop/shopping/load_payment_module.php] load_payment_module.php set payment data:Array
(
    [AccessID] => cc34435159d05a436c44033df99ab607
    [AccessPass] => 41313dd138d0ad6f2ff4b69d08cbadb4
    [OrderID] => 939886-06024741
    [Amount] => 11910
    [JobCd] => CAPTURE
    [action_status] => 1
    [pay_status] => 0
)
 from 177.118.175.96
2019/09/06 02:47:41 [/shop/shopping/load_payment_module.php] SendRequest:https://p01.mul-pay.jp/payment/ExecTran.idPass from 177.118.175.96
2019/09/06 02:47:41 [/shop/shopping/load_payment_module.php] Array
(
    [AccessID] => cc34435159d05a436c44033df99ab607
    [AccessPass] => 41313dd138d0ad6f2ff4b69d08cbadb4
    [OrderID] => 939886-06024741
    [Method] => 1
    [Token] => 5703098c5338e2a2c20c92b8c93bac6c44e4c2fe30038e21b02e5b5fc1fe117b
    [ClientField1] => 
    [ClientField2] => 
    [ClientField3] => EC-CUBE4.3.24
)
 from 177.118.175.96
2019/09/06 02:47:42 [/shop/shopping/load_payment_module.php] ErrCode=G97&ErrInfo=42G970000 from 177.118.175.96
2019/09/06 02:47:42 [/shop/shopping/load_payment_module.php] Array
(
    [0] => Array
        (
            [ErrCode] => G97
            [ErrInfo] => 42G970000
        )

)
 from 177.118.175.96
2019/09/06 02:47:42 [/shop/shopping/load_payment_module.php] load_payment_module.php set payment data:Array
(
    [request_error] => Array
        (
            [0] => このカードでは取引をする事が出来ません。 (G97-42G970000)
        )

    [Amount] => 11910
    [JobCd] => CAPTURE
    [action_status] => 3
)
 from 177.118.175.96
2019/09/06 02:47:42 [/shop/user_data/pg_mulpay_recv.php] ******* receiveer data start ******* from 210.175.7.20
2019/09/06 02:47:42 [/shop/user_data/pg_mulpay_recv.php] Array
(
    [ShopID] => 9000034600950
    [ShopPass] => **********
    [AccessID] => cc34435159d05a436c44033df99ab607
    [AccessPass] => ********************************
    [OrderID] => 939886-06024741
    [Status] => UNPROCESSED
    [JobCd] => CAPTURE
    [Amount] => 11910
    [Tax] => 0
    [Currency] => JPN
    [Forward] => 2959876
    [Method] => 1
    [PayTimes] => 
    [TranID] => 1909060247602257210134121679
    [Approve] =>        
    [TranDate] => 20190906024742
    [ErrCode] => G97
    [ErrInfo] => 42G970000
    [PayType] => 0
)
 from 210.175.7.20
2019/09/06 02:47:42 [/shop/user_data/pg_mulpay_recv.php] ******* receiveer data end ******* from 210.175.7.20
2019/09/06 02:47:42 [/shop/user_data/pg_mulpay_recv.php] pg_mulpay_recv.php set payment data:Array
(
    [ShopID] => 9000034600950
    [AccessID] => cc34435159d05a436c44033df99ab607
    [OrderID] => 939886-06024741
    [Status] => UNPROCESSED
    [JobCd] => CAPTURE
    [Amount] => 11910
    [Tax] => 0
    [Currency] => JPN
    [Forward] => 2959876
    [Method] => 1
    [PayTimes] => 
    [TranID] => 1909060247602257210134121679
    [Approve] => 
    [TranDate] => 20190906024742
    [ErrCode] => G97
    [ErrInfo] => 42G970000
    [PayType] => 0
    [CvsCode] => 
    [CvsConfNo] => 
    [CvsReceiptNo] => 
    [EdyReceiptNo] => 
    [EdyOrderNo] => 
    [SuicaReceiptNo] => 
    [SuicaOrderNo] => 
    [CustID] => 
    [BkCode] => 
    [ConfNo] => 
    [PaymentTerm] => 
    [EncryptReceiptNo] => 
    [FinishDate] => 
    [ReceiptDate] => 
    [WebMoneyManagementNo] => 
    [WebMoneySettleCode] => 
    [AuPayInfoNo] => 
    [AuPayMethod] => 
    [AuCancelAmount] => 
    [AuCancelTax] => 
    [DocomoSettlementCode] => 
    [DocomoCancelAmount] => 
    [DocomoCancelTax] => 
    [pay_status] => 0
)
 from 210.175.7.20
2019/09/06 02:47:42 [/shop/user_data/pg_mulpay_recv.php] response:true from 210.175.7.20
2019/09/06 02:50:25 [/shop/shopping/load_payment_module.php] SendRequest:https://p01.mul-pay.jp/payment/EntryTran.idPass from 94.119.64.12
2019/09/06 02:50:25 [/shop/shopping/load_payment_module.php] Array
(
    [ShopID] => 9000034600950
    [ShopPass] => ******
    [OrderID] => 939887-06025025
    [JobCd] => CAPTURE
    [Amount] => 8370
    [TdFlag] => 0
    [TdTenantName] => 
)
 from 94.119.64.12
2019/09/06 02:50:25 [/shop/shopping/load_payment_module.php] AccessID=be9f31205d457339f469ab40515f0406&AccessPass=0e97404c89e5df1c957017a595165471 from 94.119.64.12
2019/09/06 02:50:25 [/shop/shopping/load_payment_module.php] Array
(
    [0] => Array
        (
            [AccessID] => be9f31205d457339f469ab40515f0406
            [AccessPass] => 0e97404c89e5df1c957017a595165471
        )

)
 from 94.119.64.12
2019/09/06 02:50:25 [/shop/shopping/load_payment_module.php] load_payment_module.php set payment data:Array
(
    [AccessID] => be9f31205d457339f469ab40515f0406
    [AccessPass] => 0e97404c89e5df1c957017a595165471
    [OrderID] => 939887-06025025
    [Amount] => 8370
    [JobCd] => CAPTURE
    [action_status] => 1
    [pay_status] => 0
)
 from 94.119.64.12
2019/09/06 02:50:25 [/shop/shopping/load_payment_module.php] SendRequest:https://p01.mul-pay.jp/payment/ExecTran.idPass from 94.119.64.12
2019/09/06 02:50:25 [/shop/shopping/load_payment_module.php] Array
(
    [AccessID] => be9f31205d457339f469ab40515f0406
    [AccessPass] => 0e97404c89e5df1c957017a595165471
    [OrderID] => 939887-06025025
    [Method] => 1
    [Token] => a2408aeb0ad0811a133331397ef71f65002e8206b10857cf3f2d0c458150820a
    [ClientField1] => 
    [ClientField2] => 
    [ClientField3] => EC-CUBE4.3.24
)
 from 94.119.64.12
2019/09/06 02:50:26 [/shop/shopping/load_payment_module.php] ACS=0&OrderID=939887-06025025&Forward=2S49631&Method=1&PayTimes=&Approve=0226195&TranID=1909060250602257210134111702&TranDate=20190906025026&CheckString=06395ac8e2b83fe700c68f34bc744cc5 from 94.119.64.12
2019/09/06 02:50:26 [/shop/shopping/load_payment_module.php] Array
(
    [0] => Array
        (
            [ACS] => 0
            [OrderID] => 939887-06025025
            [Forward] => 2S49631
            [Method] => 1
            [PayTimes] => 
            [Approve] => 0226195
            [TranID] => 1909060250602257210134111702
            [TranDate] => 20190906025026
            [CheckString] => 06395ac8e2b83fe700c68f34bc744cc5
        )

)
 from 94.119.64.12
2019/09/06 02:50:26 [/shop/shopping/load_payment_module.php] load_payment_module.php set payment data:Array
(
    [ACS] => 0
    [Forward] => 2S49631
    [Method] => 1
    [PayTimes] => 
    [Approve] => 0226195
    [TranID] => 1909060250602257210134111702
    [TranDate] => 20190906025026
    [CheckString] => 06395ac8e2b83fe700c68f34bc744cc5
    [Amount] => 8370
    [JobCd] => CAPTURE
    [action_status] => 3
    [pay_status] => 13
)
 from 94.119.64.12
2019/09/06 02:50:27 [/shop/user_data/pg_mulpay_recv.php] ******* receiveer data start ******* from 210.175.7.20
2019/09/06 02:50:27 [/shop/user_data/pg_mulpay_recv.php] Array
(
    [ShopID] => 9000034600950
    [ShopPass] => **********
    [AccessID] => be9f31205d457339f469ab40515f0406
    [AccessPass] => ********************************
    [OrderID] => 939887-06025025
    [Status] => CAPTURE
    [JobCd] => CAPTURE
    [Amount] => 8370
    [Tax] => 0
    [Currency] => JPN
    [Forward] => 2S49631
    [Method] => 1
    [PayTimes] => 
    [TranID] => 1909060250602257210134111702
    [Approve] => 0226195
    [TranDate] => 20190906025026
    [ErrCode] => 
    [ErrInfo] => 
    [PayType] => 0
)
 from 210.175.7.20
2019/09/06 02:50:27 [/shop/user_data/pg_mulpay_recv.php] ******* receiveer data end ******* from 210.175.7.20
2019/09/06 02:50:32 [/shop/user_data/pg_mulpay_recv.php] update order status:1 order_id=939887 from 210.175.7.20
2019/09/06 02:50:32 [/shop/user_data/pg_mulpay_recv.php] pg_mulpay_recv.php set payment data:Array
(
    [ShopID] => 9000034600950
    [AccessID] => be9f31205d457339f469ab40515f0406
    [OrderID] => 939887-06025025
    [Status] => CAPTURE
    [JobCd] => CAPTURE
    [Amount] => 8370
    [Tax] => 0
    [Currency] => JPN
    [Forward] => 2S49631
    [Method] => 1
    [PayTimes] => 
    [TranID] => 1909060250602257210134111702
    [Approve] => 0226195
    [TranDate] => 20190906025026
    [ErrCode] => 
    [ErrInfo] => 
    [PayType] => 0
    [CvsCode] => 
    [CvsConfNo] => 
    [CvsReceiptNo] => 
    [EdyReceiptNo] => 
    [EdyOrderNo] => 
    [SuicaReceiptNo] => 
    [SuicaOrderNo] => 
    [CustID] => 
    [BkCode] => 
    [ConfNo] => 
    [PaymentTerm] => 
    [EncryptReceiptNo] => 
    [FinishDate] => 
    [ReceiptDate] => 
    [WebMoneyManagementNo] => 
    [WebMoneySettleCode] => 
    [AuPayInfoNo] => 
    [AuPayMethod] => 
    [AuCancelAmount] => 
    [AuCancelTax] => 
    [DocomoSettlementCode] => 
    [DocomoCancelAmount] => 
    [DocomoCancelTax] => 
    [pay_status] => 13
)
 from 210.175.7.20
2019/09/06 02:50:32 [/shop/user_data/pg_mulpay_recv.php] response:true from 210.175.7.20
2019/09/06 03:01:13 [/shop/shopping/load_payment_module.php] SendRequest:https://p01.mul-pay.jp/payment/EntryTran.idPass from 73.187.131.245
2019/09/06 03:01:13 [/shop/shopping/load_payment_module.php] Array
(
    [ShopID] => 9000034600950
    [ShopPass] => ******
    [OrderID] => 939888-06030113
    [JobCd] => CAPTURE
    [Amount] => 25820
    [TdFlag] => 0
    [TdTenantName] => 
)
 from 73.187.131.245
2019/09/06 03:01:13 [/shop/shopping/load_payment_module.php] AccessID=fe45df77ec26532a43ba0c60a403223d&AccessPass=ac4637fb5ac02201fe6ea1058cc24906 from 73.187.131.245
2019/09/06 03:01:13 [/shop/shopping/load_payment_module.php] Array
(
    [0] => Array
        (
            [AccessID] => fe45df77ec26532a43ba0c60a403223d
            [AccessPass] => ac4637fb5ac02201fe6ea1058cc24906
        )

)
 from 73.187.131.245
2019/09/06 03:01:13 [/shop/shopping/load_payment_module.php] load_payment_module.php set payment data:Array
(
    [AccessID] => fe45df77ec26532a43ba0c60a403223d
    [AccessPass] => ac4637fb5ac02201fe6ea1058cc24906
    [OrderID] => 939888-06030113
    [Amount] => 25820
    [JobCd] => CAPTURE
    [action_status] => 1
    [pay_status] => 0
)
 from 73.187.131.245
2019/09/06 03:01:14 [/shop/shopping/load_payment_module.php] SendRequest:https://p01.mul-pay.jp/payment/ExecTran.idPass from 73.187.131.245
2019/09/06 03:01:14 [/shop/shopping/load_payment_module.php] Array
(
    [AccessID] => fe45df77ec26532a43ba0c60a403223d
    [AccessPass] => ac4637fb5ac02201fe6ea1058cc24906
    [OrderID] => 939888-06030113
    [Method] => 1
    [Token] => f28843ea250e0b3a6bb4be865b8eac80bb61563df09b9836c8cd49bd9905401e
    [ClientField1] => 
    [ClientField2] => 
    [ClientField3] => EC-CUBE4.3.24
)
 from 73.187.131.245
2019/09/06 03:01:16 [/shop/shopping/load_payment_module.php] ACS=0&OrderID=939888-06030113&Forward=2959876&Method=1&PayTimes=&Approve=0034849&TranID=1909060301602257210134121680&TranDate=20190906030116&CheckString=52b7c55095e913003aa522421a230911 from 73.187.131.245
2019/09/06 03:01:16 [/shop/shopping/load_payment_module.php] Array
(
    [0] => Array
        (
            [ACS] => 0
            [OrderID] => 939888-06030113
            [Forward] => 2959876
            [Method] => 1
            [PayTimes] => 
            [Approve] => 0034849
            [TranID] => 1909060301602257210134121680
            [TranDate] => 20190906030116
            [CheckString] => 52b7c55095e913003aa522421a230911
        )

)
 from 73.187.131.245
2019/09/06 03:01:16 [/shop/shopping/load_payment_module.php] load_payment_module.php set payment data:Array
(
    [ACS] => 0
    [Forward] => 2959876
    [Method] => 1
    [PayTimes] => 
    [Approve] => 0034849
    [TranID] => 1909060301602257210134121680
    [TranDate] => 20190906030116
    [CheckString] => 52b7c55095e913003aa522421a230911
    [Amount] => 25820
    [JobCd] => CAPTURE
    [action_status] => 3
    [pay_status] => 13
)
 from 73.187.131.245
2019/09/06 03:01:16 [/shop/user_data/pg_mulpay_recv.php] ******* receiveer data start ******* from 210.175.7.20
2019/09/06 03:01:16 [/shop/user_data/pg_mulpay_recv.php] Array
(
    [ShopID] => 9000034600950
    [ShopPass] => **********
    [AccessID] => fe45df77ec26532a43ba0c60a403223d
    [AccessPass] => ********************************
    [OrderID] => 939888-06030113
    [Status] => CAPTURE
    [JobCd] => CAPTURE
    [Amount] => 25820
    [Tax] => 0
    [Currency] => JPN
    [Forward] => 2959876
    [Method] => 1
    [PayTimes] => 
    [TranID] => 1909060301602257210134121680
    [Approve] => 0034849
    [TranDate] => 20190906030116
    [ErrCode] => 
    [ErrInfo] => 
    [PayType] => 0
)
 from 210.175.7.20
2019/09/06 03:01:16 [/shop/user_data/pg_mulpay_recv.php] ******* receiveer data end ******* from 210.175.7.20
2019/09/06 03:01:21 [/shop/user_data/pg_mulpay_recv.php] update order status:1 order_id=939888 from 210.175.7.20
2019/09/06 03:01:24 [/shop/user_data/pg_mulpay_recv.php] pg_mulpay_recv.php set payment data:Array
(
    [ShopID] => 9000034600950
    [AccessID] => fe45df77ec26532a43ba0c60a403223d
    [OrderID] => 939888-06030113
    [Status] => CAPTURE
    [JobCd] => CAPTURE
    [Amount] => 25820
    [Tax] => 0
    [Currency] => JPN
    [Forward] => 2959876
    [Method] => 1
    [PayTimes] => 
    [TranID] => 1909060301602257210134121680
    [Approve] => 0034849
    [TranDate] => 20190906030116
    [ErrCode] => 
    [ErrInfo] => 
    [PayType] => 0
    [CvsCode] => 
    [CvsConfNo] => 
    [CvsReceiptNo] => 
    [EdyReceiptNo] => 
    [EdyOrderNo] => 
    [SuicaReceiptNo] => 
    [SuicaOrderNo] => 
    [CustID] => 
    [BkCode] => 
    [ConfNo] => 
    [PaymentTerm] => 
    [EncryptReceiptNo] => 
    [FinishDate] => 
    [ReceiptDate] => 
    [WebMoneyManagementNo] => 
    [WebMoneySettleCode] => 
    [AuPayInfoNo] => 
    [AuPayMethod] => 
    [AuCancelAmount] => 
    [AuCancelTax] => 
    [DocomoSettlementCode] => 
    [DocomoCancelAmount] => 
    [DocomoCancelTax] => 
    [pay_status] => 13
)
 from 210.175.7.20
2019/09/06 03:01:27 [/shop/user_data/pg_mulpay_recv.php] response:true from 210.175.7.20
2019/09/06 03:45:04 [/shop/shopping/load_payment_module.php] SendRequest:https://p01.mul-pay.jp/payment/SearchMember.idPass from 128.97.81.4
2019/09/06 03:45:04 [/shop/shopping/load_payment_module.php] Array
(
    [SiteID] => mst0000007602
    [SitePass] => ******
    [MemberID] => 9679
)
 from 128.97.81.4
2019/09/06 03:45:05 [/shop/shopping/load_payment_module.php] ErrCode=E01&ErrInfo=E01390002 from 128.97.81.4
2019/09/06 03:45:05 [/shop/shopping/load_payment_module.php] Array
(
    [0] => Array
        (
            [ErrCode] => E01
            [ErrInfo] => E01390002
        )

)
 from 128.97.81.4
2019/09/06 03:45:05 [/shop/shopping/load_payment_module.php] SendRequest:https://p01.mul-pay.jp/payment/SearchCard.idPass from 128.97.81.4
2019/09/06 03:45:05 [/shop/shopping/load_payment_module.php] Array
(
    [SiteID] => mst0000007602
    [SitePass] => ******
    [MemberID] => 9679
)
 from 128.97.81.4
2019/09/06 03:45:05 [/shop/shopping/load_payment_module.php] ErrCode=E01|E01&ErrInfo=E01390002|E01240002 from 128.97.81.4
2019/09/06 03:45:05 [/shop/shopping/load_payment_module.php] Array
(
    [0] => Array
        (
            [ErrCode] => E01
            [ErrInfo] => E01390002
        )

    [1] => Array
        (
            [ErrCode] => E01
            [ErrInfo] => E01240002
        )

)
 from 128.97.81.4
2019/09/06 03:45:10 [/shop/shopping/load_payment_module.php] SendRequest:https://p01.mul-pay.jp/payment/SearchMember.idPass from 128.97.81.4
2019/09/06 03:45:10 [/shop/shopping/load_payment_module.php] Array
(
    [SiteID] => mst0000007602
    [SitePass] => ******
    [MemberID] => 9679
)
 from 128.97.81.4
2019/09/06 03:45:10 [/shop/shopping/load_payment_module.php] ErrCode=E01&ErrInfo=E01390002 from 128.97.81.4
2019/09/06 03:45:10 [/shop/shopping/load_payment_module.php] Array
(
    [0] => Array
        (
            [ErrCode] => E01
            [ErrInfo] => E01390002
        )

)
 from 128.97.81.4
2019/09/06 03:45:10 [/shop/shopping/load_payment_module.php] SendRequest:https://p01.mul-pay.jp/payment/SearchCard.idPass from 128.97.81.4
2019/09/06 03:45:10 [/shop/shopping/load_payment_module.php] Array
(
    [SiteID] => mst0000007602
    [SitePass] => ******
    [MemberID] => 9679
)
 from 128.97.81.4
2019/09/06 03:45:10 [/shop/shopping/load_payment_module.php] ErrCode=E01|E01&ErrInfo=E01390002|E01240002 from 128.97.81.4
2019/09/06 03:45:10 [/shop/shopping/load_payment_module.php] Array
(
    [0] => Array
        (
            [ErrCode] => E01
            [ErrInfo] => E01390002
        )

    [1] => Array
        (
            [ErrCode] => E01
            [ErrInfo] => E01240002
        )

)
 from 128.97.81.4
2019/09/06 03:45:47 [/shop/shopping/load_payment_module.php] SendRequest:https://p01.mul-pay.jp/payment/SearchMember.idPass from 128.97.81.4
2019/09/06 03:45:47 [/shop/shopping/load_payment_module.php] Array
(
    [SiteID] => mst0000007602
    [SitePass] => ******
    [MemberID] => 9679
)
 from 128.97.81.4
2019/09/06 03:45:47 [/shop/shopping/load_payment_module.php] ErrCode=E01&ErrInfo=E01390002 from 128.97.81.4
2019/09/06 03:45:47 [/shop/shopping/load_payment_module.php] Array
(
    [0] => Array
        (
            [ErrCode] => E01
            [ErrInfo] => E01390002
        )

)
 from 128.97.81.4
2019/09/06 03:45:47 [/shop/shopping/load_payment_module.php] SendRequest:https://p01.mul-pay.jp/payment/SearchCard.idPass from 128.97.81.4
2019/09/06 03:45:47 [/shop/shopping/load_payment_module.php] Array
(
    [SiteID] => mst0000007602
    [SitePass] => ******
    [MemberID] => 9679
)
 from 128.97.81.4
2019/09/06 03:45:47 [/shop/shopping/load_payment_module.php] ErrCode=E01|E01&ErrInfo=E01390002|E01240002 from 128.97.81.4
2019/09/06 03:45:47 [/shop/shopping/load_payment_module.php] Array
(
    [0] => Array
        (
            [ErrCode] => E01
            [ErrInfo] => E01390002
        )

    [1] => Array
        (
            [ErrCode] => E01
            [ErrInfo] => E01240002
        )

)
 from 128.97.81.4
2019/09/06 03:46:23 [/shop/shopping/load_payment_module.php] SendRequest:https://p01.mul-pay.jp/payment/SearchMember.idPass from 128.97.81.4
2019/09/06 03:46:23 [/shop/shopping/load_payment_module.php] Array
(
    [SiteID] => mst0000007602
    [SitePass] => ******
    [MemberID] => 9679
)
 from 128.97.81.4
2019/09/06 03:46:23 [/shop/shopping/load_payment_module.php] ErrCode=E01&ErrInfo=E01390002 from 128.97.81.4
2019/09/06 03:46:23 [/shop/shopping/load_payment_module.php] Array
(
    [0] => Array
        (
            [ErrCode] => E01
            [ErrInfo] => E01390002
        )

)
 from 128.97.81.4
2019/09/06 03:46:23 [/shop/shopping/load_payment_module.php] SendRequest:https://p01.mul-pay.jp/payment/SearchCard.idPass from 128.97.81.4
2019/09/06 03:46:23 [/shop/shopping/load_payment_module.php] Array
(
    [SiteID] => mst0000007602
    [SitePass] => ******
    [MemberID] => 9679
)
 from 128.97.81.4
2019/09/06 03:46:24 [/shop/shopping/load_payment_module.php] ErrCode=E01|E01&ErrInfo=E01390002|E01240002 from 128.97.81.4
2019/09/06 03:46:24 [/shop/shopping/load_payment_module.php] Array
(
    [0] => Array
        (
            [ErrCode] => E01
            [ErrInfo] => E01390002
        )

    [1] => Array
        (
            [ErrCode] => E01
            [ErrInfo] => E01240002
        )

)
 from 128.97.81.4
2019/09/06 03:46:24 [/shop/shopping/load_payment_module.php] SendRequest:https://p01.mul-pay.jp/payment/EntryTran.idPass from 128.97.81.4
2019/09/06 03:46:24 [/shop/shopping/load_payment_module.php] Array
(
    [ShopID] => 9000034600950
    [ShopPass] => ******
    [OrderID] => 939890-06034624
    [JobCd] => CAPTURE
    [Amount] => 7120
    [TdFlag] => 0
    [TdTenantName] => 
)
 from 128.97.81.4
2019/09/06 03:46:24 [/shop/shopping/load_payment_module.php] AccessID=7453f8249eaaf4ceab635efdacb28164&AccessPass=e5fb8dd6ffb98e856f5540c7d8ccb09d from 128.97.81.4
2019/09/06 03:46:24 [/shop/shopping/load_payment_module.php] Array
(
    [0] => Array
        (
            [AccessID] => 7453f8249eaaf4ceab635efdacb28164
            [AccessPass] => e5fb8dd6ffb98e856f5540c7d8ccb09d
        )

)
 from 128.97.81.4
2019/09/06 03:46:24 [/shop/shopping/load_payment_module.php] load_payment_module.php set payment data:Array
(
    [AccessID] => 7453f8249eaaf4ceab635efdacb28164
    [AccessPass] => e5fb8dd6ffb98e856f5540c7d8ccb09d
    [OrderID] => 939890-06034624
    [Amount] => 7120
    [JobCd] => CAPTURE
    [action_status] => 1
    [pay_status] => 0
)
 from 128.97.81.4
2019/09/06 03:46:24 [/shop/shopping/load_payment_module.php] SendRequest:https://p01.mul-pay.jp/payment/ExecTran.idPass from 128.97.81.4
2019/09/06 03:46:24 [/shop/shopping/load_payment_module.php] Array
(
    [AccessID] => 7453f8249eaaf4ceab635efdacb28164
    [AccessPass] => e5fb8dd6ffb98e856f5540c7d8ccb09d
    [OrderID] => 939890-06034624
    [Method] => 1
    [Token] => e96b44a8604fc87fda91586c6de7eb3b394ec3e97f5d5b04da896a498318f4a2
    [ClientField1] => 
    [ClientField2] => 
    [ClientField3] => EC-CUBE4.3.24
)
 from 128.97.81.4
2019/09/06 03:46:25 [/shop/shopping/load_payment_module.php] ACS=0&OrderID=939890-06034624&Forward=2S49631&Method=1&PayTimes=&Approve=0071984&TranID=1909060346602257210134111703&TranDate=20190906034625&CheckString=140910a1464dc6ae5e9eed0dd0878ec8 from 128.97.81.4
2019/09/06 03:46:25 [/shop/shopping/load_payment_module.php] Array
(
    [0] => Array
        (
            [ACS] => 0
            [OrderID] => 939890-06034624
            [Forward] => 2S49631
            [Method] => 1
            [PayTimes] => 
            [Approve] => 0071984
            [TranID] => 1909060346602257210134111703
            [TranDate] => 20190906034625
            [CheckString] => 140910a1464dc6ae5e9eed0dd0878ec8
        )

)
 from 128.97.81.4
2019/09/06 03:46:25 [/shop/shopping/load_payment_module.php] load_payment_module.php set payment data:Array
(
    [ACS] => 0
    [Forward] => 2S49631
    [Method] => 1
    [PayTimes] => 
    [Approve] => 0071984
    [TranID] => 1909060346602257210134111703
    [TranDate] => 20190906034625
    [CheckString] => 140910a1464dc6ae5e9eed0dd0878ec8
    [Amount] => 7120
    [JobCd] => CAPTURE
    [action_status] => 3
    [pay_status] => 13
)
 from 128.97.81.4
2019/09/06 03:46:25 [/shop/user_data/pg_mulpay_recv.php] ******* receiveer data start ******* from 210.175.7.20
2019/09/06 03:46:25 [/shop/user_data/pg_mulpay_recv.php] Array
(
    [ShopID] => 9000034600950
    [ShopPass] => **********
    [AccessID] => 7453f8249eaaf4ceab635efdacb28164
    [AccessPass] => ********************************
    [OrderID] => 939890-06034624
    [Status] => CAPTURE
    [JobCd] => CAPTURE
    [Amount] => 7120
    [Tax] => 0
    [Currency] => JPN
    [Forward] => 2S49631
    [Method] => 1
    [PayTimes] => 
    [TranID] => 1909060346602257210134111703
    [Approve] => 0071984
    [TranDate] => 20190906034625
    [ErrCode] => 
    [ErrInfo] => 
    [PayType] => 0
)
 from 210.175.7.20
2019/09/06 03:46:25 [/shop/user_data/pg_mulpay_recv.php] ******* receiveer data end ******* from 210.175.7.20
2019/09/06 03:46:30 [/shop/user_data/pg_mulpay_recv.php] update order status:1 order_id=939890 from 210.175.7.20
2019/09/06 03:46:30 [/shop/user_data/pg_mulpay_recv.php] pg_mulpay_recv.php set payment data:Array
(
    [ShopID] => 9000034600950
    [AccessID] => 7453f8249eaaf4ceab635efdacb28164
    [OrderID] => 939890-06034624
    [Status] => CAPTURE
    [JobCd] => CAPTURE
    [Amount] => 7120
    [Tax] => 0
    [Currency] => JPN
    [Forward] => 2S49631
    [Method] => 1
    [PayTimes] => 
    [TranID] => 1909060346602257210134111703
    [Approve] => 0071984
    [TranDate] => 20190906034625
    [ErrCode] => 
    [ErrInfo] => 
    [PayType] => 0
    [CvsCode] => 
    [CvsConfNo] => 
    [CvsReceiptNo] => 
    [EdyReceiptNo] => 
    [EdyOrderNo] => 
    [SuicaReceiptNo] => 
    [SuicaOrderNo] => 
    [CustID] => 
    [BkCode] => 
    [ConfNo] => 
    [PaymentTerm] => 
    [EncryptReceiptNo] => 
    [FinishDate] => 
    [ReceiptDate] => 
    [WebMoneyManagementNo] => 
    [WebMoneySettleCode] => 
    [AuPayInfoNo] => 
    [AuPayMethod] => 
    [AuCancelAmount] => 
    [AuCancelTax] => 
    [DocomoSettlementCode] => 
    [DocomoCancelAmount] => 
    [DocomoCancelTax] => 
    [pay_status] => 13
)
 from 210.175.7.20
2019/09/06 03:46:30 [/shop/user_data/pg_mulpay_recv.php] response:true from 210.175.7.20
2019/09/06 04:05:06 [/shop/user_data/pg_mulpay_recv.php] ******* receiveer data start ******* from 210.175.7.20
2019/09/06 04:05:06 [/shop/user_data/pg_mulpay_recv.php] Array
(
    [ShopID] => 9000034600950
    [ShopPass] => **********
    [AccessID] => fe45df77ec26532a43ba0c60a403223d
    [AccessPass] => ********************************
    [OrderID] => 939888-06030113
    [Status] => CAPTURE
    [JobCd] => CAPTURE
    [Amount] => 25820
    [Tax] => 0
    [Currency] => JPN
    [Forward] => 2959876
    [Method] => 1
    [PayTimes] => 
    [TranID] => 1909060301602257210134121680
    [Approve] => 0034849
    [TranDate] => 20190906030116
    [ErrCode] => 
    [ErrInfo] => 
    [PayType] => 0
)
 from 210.175.7.20
2019/09/06 04:05:06 [/shop/user_data/pg_mulpay_recv.php] ******* receiveer data end ******* from 210.175.7.20
2019/09/06 04:05:11 [/shop/user_data/pg_mulpay_recv.php] CHECK TIME Over TranDate=20190906030116(1567706476:1567710311) from 210.175.7.20
2019/09/06 04:05:11 [/shop/user_data/pg_mulpay_recv.php] SendRequest:https://p01.mul-pay.jp/payment/SearchTrade.idPass from 210.175.7.20
2019/09/06 04:05:11 [/shop/user_data/pg_mulpay_recv.php] Array
(
    [ShopID] => 9000034600950
    [ShopPass] => ******
    [OrderID] => 939888-06030113
)
 from 210.175.7.20
2019/09/06 04:05:11 [/shop/user_data/pg_mulpay_recv.php] OrderID=939888-06030113&Status=CAPTURE&ProcessDate=20190906030116&JobCd=CAPTURE&AccessID=fe45df77ec26532a43ba0c60a403223d&AccessPass=ac4637fb5ac02201fe6ea1058cc24906&ItemCode=0000990&Amount=25820&Tax=0&SiteID=&MemberID=&CardNo=************6172&Expire=2208&Method=1&PayTimes=&Forward=2959876&TranID=1909060301602257210134121680&Approve=0034849&ClientField1=&ClientField2=&ClientField3=EC-CUBE4.3.24 from 210.175.7.20
2019/09/06 04:05:11 [/shop/user_data/pg_mulpay_recv.php] Array
(
    [0] => Array
        (
            [OrderID] => 939888-06030113
            [Status] => CAPTURE
            [ProcessDate] => 20190906030116
            [JobCd] => CAPTURE
            [AccessID] => fe45df77ec26532a43ba0c60a403223d
            [AccessPass] => ac4637fb5ac02201fe6ea1058cc24906
            [ItemCode] => 0000990
            [Amount] => 25820
            [Tax] => 0
            [SiteID] => 
            [MemberID] => 
            [CardNo] => ************6172
            [Expire] => 2208
            [Method] => 1
            [PayTimes] => 
            [Forward] => 2959876
            [TranID] => 1909060301602257210134121680
            [Approve] => 0034849
            [ClientField1] => 
            [ClientField2] => 
            [ClientField3] => EC-CUBE4.3.24
        )

)
 from 210.175.7.20
2019/09/06 04:05:11 [/shop/user_data/pg_mulpay_recv.php] pg_mulpay_recv.php set payment data:Array
(
    [OrderID] => 939888-06030113
    [Status] => CAPTURE
    [ProcessDate] => 20190906030116
    [JobCd] => CAPTURE
    [AccessID] => fe45df77ec26532a43ba0c60a403223d
    [AccessPass] => ac4637fb5ac02201fe6ea1058cc24906
    [ItemCode] => 0000990
    [Amount] => 25820
    [Tax] => 0
    [SiteID] => 
    [MemberID] => 
    [CardNo] => ************6172
    [Expire] => 2208
    [Method] => 1
    [PayTimes] => 
    [Forward] => 2959876
    [TranID] => 1909060301602257210134121680
    [Approve] => 0034849
    [ClientField1] => 
    [ClientField2] => 
    [ClientField3] => EC-CUBE4.3.24
    [action_status] => 6
    [pay_status] => 13
)
 from 210.175.7.20
2019/09/06 04:05:11 [/shop/user_data/pg_mulpay_recv.php] update order status:1 order_id=939888 from 210.175.7.20
2019/09/06 04:05:11 [/shop/user_data/pg_mulpay_recv.php] pg_mulpay_recv.php set payment data:Array
(
    [ShopID] => 9000034600950
    [AccessID] => fe45df77ec26532a43ba0c60a403223d
    [OrderID] => 939888-06030113
    [Status] => CAPTURE
    [JobCd] => CAPTURE
    [Amount] => 25820
    [Tax] => 0
    [Currency] => JPN
    [Forward] => 2959876
    [Method] => 1
    [PayTimes] => 
    [TranID] => 1909060301602257210134121680
    [Approve] => 0034849
    [TranDate] => 20190906030116
    [ErrCode] => 
    [ErrInfo] => 
    [PayType] => 0
    [CvsCode] => 
    [CvsConfNo] => 
    [CvsReceiptNo] => 
    [EdyReceiptNo] => 
    [EdyOrderNo] => 
    [SuicaReceiptNo] => 
    [SuicaOrderNo] => 
    [CustID] => 
    [BkCode] => 
    [ConfNo] => 
    [PaymentTerm] => 
    [EncryptReceiptNo] => 
    [FinishDate] => 
    [ReceiptDate] => 
    [WebMoneyManagementNo] => 
    [WebMoneySettleCode] => 
    [AuPayInfoNo] => 
    [AuPayMethod] => 
    [AuCancelAmount] => 
    [AuCancelTax] => 
    [DocomoSettlementCode] => 
    [DocomoCancelAmount] => 
    [DocomoCancelTax] => 
    [pay_status] => 13
)
 from 210.175.7.20
2019/09/06 04:05:11 [/shop/user_data/pg_mulpay_recv.php] response:true from 210.175.7.20
2019/09/06 06:17:38 [/shop/shopping/load_payment_module.php] SendRequest:https://p01.mul-pay.jp/payment/EntryTran.idPass from 86.3.208.165
2019/09/06 06:17:38 [/shop/shopping/load_payment_module.php] Array
(
    [ShopID] => 9000034600950
    [ShopPass] => ******
    [OrderID] => 939891-06061738
    [JobCd] => CAPTURE
    [Amount] => 7920
    [TdFlag] => 0
    [TdTenantName] => 
)
 from 86.3.208.165
2019/09/06 06:17:38 [/shop/shopping/load_payment_module.php] AccessID=43ffefb6730d1157b31ce066579d692a&AccessPass=581507c245535e3eca2c0021e6b7b129 from 86.3.208.165
2019/09/06 06:17:38 [/shop/shopping/load_payment_module.php] Array
(
    [0] => Array
        (
            [AccessID] => 43ffefb6730d1157b31ce066579d692a
            [AccessPass] => 581507c245535e3eca2c0021e6b7b129
        )

)
 from 86.3.208.165
2019/09/06 06:17:38 [/shop/shopping/load_payment_module.php] load_payment_module.php set payment data:Array
(
    [AccessID] => 43ffefb6730d1157b31ce066579d692a
    [AccessPass] => 581507c245535e3eca2c0021e6b7b129
    [OrderID] => 939891-06061738
    [Amount] => 7920
    [JobCd] => CAPTURE
    [action_status] => 1
    [pay_status] => 0
)
 from 86.3.208.165
2019/09/06 06:17:38 [/shop/shopping/load_payment_module.php] SendRequest:https://p01.mul-pay.jp/payment/ExecTran.idPass from 86.3.208.165
2019/09/06 06:17:38 [/shop/shopping/load_payment_module.php] Array
(
    [AccessID] => 43ffefb6730d1157b31ce066579d692a
    [AccessPass] => 581507c245535e3eca2c0021e6b7b129
    [OrderID] => 939891-06061738
    [Method] => 1
    [Token] => 8081c4a47b0340d3053bea44b1fe8882a7946ceea44d253874fd3f51f224df34
    [ClientField1] => 
    [ClientField2] => 
    [ClientField3] => EC-CUBE4.3.24
)
 from 86.3.208.165
2019/09/06 06:17:39 [/shop/shopping/load_payment_module.php] ACS=0&OrderID=939891-06061738&Forward=2S49631&Method=1&PayTimes=&Approve=0017392&TranID=1909060617602257210134131557&TranDate=20190906061739&CheckString=36e271fc4895949405687652ae1e6617 from 86.3.208.165
2019/09/06 06:17:39 [/shop/shopping/load_payment_module.php] Array
(
    [0] => Array
        (
            [ACS] => 0
            [OrderID] => 939891-06061738
            [Forward] => 2S49631
            [Method] => 1
            [PayTimes] => 
            [Approve] => 0017392
            [TranID] => 1909060617602257210134131557
            [TranDate] => 20190906061739
            [CheckString] => 36e271fc4895949405687652ae1e6617
        )

)
 from 86.3.208.165
2019/09/06 06:17:39 [/shop/shopping/load_payment_module.php] load_payment_module.php set payment data:Array
(
    [ACS] => 0
    [Forward] => 2S49631
    [Method] => 1
    [PayTimes] => 
    [Approve] => 0017392
    [TranID] => 1909060617602257210134131557
    [TranDate] => 20190906061739
    [CheckString] => 36e271fc4895949405687652ae1e6617
    [Amount] => 7920
    [JobCd] => CAPTURE
    [action_status] => 3
    [pay_status] => 13
)
 from 86.3.208.165
2019/09/06 06:17:39 [/shop/user_data/pg_mulpay_recv.php] ******* receiveer data start ******* from 210.175.7.20
2019/09/06 06:17:39 [/shop/user_data/pg_mulpay_recv.php] Array
(
    [ShopID] => 9000034600950
    [ShopPass] => **********
    [AccessID] => 43ffefb6730d1157b31ce066579d692a
    [AccessPass] => ********************************
    [OrderID] => 939891-06061738
    [Status] => CAPTURE
    [JobCd] => CAPTURE
    [Amount] => 7920
    [Tax] => 0
    [Currency] => JPN
    [Forward] => 2S49631
    [Method] => 1
    [PayTimes] => 
    [TranID] => 1909060617602257210134131557
    [Approve] => 0017392
    [TranDate] => 20190906061739
    [ErrCode] => 
    [ErrInfo] => 
    [PayType] => 0
)
 from 210.175.7.20
2019/09/06 06:17:39 [/shop/user_data/pg_mulpay_recv.php] ******* receiveer data end ******* from 210.175.7.20
2019/09/06 06:17:44 [/shop/user_data/pg_mulpay_recv.php] update order status:1 order_id=939891 from 210.175.7.20
2019/09/06 06:17:44 [/shop/user_data/pg_mulpay_recv.php] pg_mulpay_recv.php set payment data:Array
(
    [ShopID] => 9000034600950
    [AccessID] => 43ffefb6730d1157b31ce066579d692a
    [OrderID] => 939891-06061738
    [Status] => CAPTURE
    [JobCd] => CAPTURE
    [Amount] => 7920
    [Tax] => 0
    [Currency] => JPN
    [Forward] => 2S49631
    [Method] => 1
    [PayTimes] => 
    [TranID] => 1909060617602257210134131557
    [Approve] => 0017392
    [TranDate] => 20190906061739
    [ErrCode] => 
    [ErrInfo] => 
    [PayType] => 0
    [CvsCode] => 
    [CvsConfNo] => 
    [CvsReceiptNo] => 
    [EdyReceiptNo] => 
    [EdyOrderNo] => 
    [SuicaReceiptNo] => 
    [SuicaOrderNo] => 
    [CustID] => 
    [BkCode] => 
    [ConfNo] => 
    [PaymentTerm] => 
    [EncryptReceiptNo] => 
    [FinishDate] => 
    [ReceiptDate] => 
    [WebMoneyManagementNo] => 
    [WebMoneySettleCode] => 
    [AuPayInfoNo] => 
    [AuPayMethod] => 
    [AuCancelAmount] => 
    [AuCancelTax] => 
    [DocomoSettlementCode] => 
    [DocomoCancelAmount] => 
    [DocomoCancelTax] => 
    [pay_status] => 13
)
 from 210.175.7.20
2019/09/06 06:17:44 [/shop/user_data/pg_mulpay_recv.php] response:true from 210.175.7.20
2019/09/06 06:23:19 [/shop/shopping/load_payment_module.php] SendRequest:https://p01.mul-pay.jp/payment/SearchMember.idPass from 203.42.220.251
2019/09/06 06:23:19 [/shop/shopping/load_payment_module.php] Array
(
    [SiteID] => mst0000007602
    [SitePass] => ******
    [MemberID] => 3022
)
 from 203.42.220.251
2019/09/06 06:23:19 [/shop/shopping/load_payment_module.php] ErrCode=E01&ErrInfo=E01390002 from 203.42.220.251
2019/09/06 06:23:19 [/shop/shopping/load_payment_module.php] Array
(
    [0] => Array
        (
            [ErrCode] => E01
            [ErrInfo] => E01390002
        )

)
 from 203.42.220.251
2019/09/06 06:23:19 [/shop/shopping/load_payment_module.php] SendRequest:https://p01.mul-pay.jp/payment/SearchCard.idPass from 203.42.220.251
2019/09/06 06:23:19 [/shop/shopping/load_payment_module.php] Array
(
    [SiteID] => mst0000007602
    [SitePass] => ******
    [MemberID] => 3022
)
 from 203.42.220.251
2019/09/06 06:23:19 [/shop/shopping/load_payment_module.php] ErrCode=E01|E01&ErrInfo=E01390002|E01240002 from 203.42.220.251
2019/09/06 06:23:19 [/shop/shopping/load_payment_module.php] Array
(
    [0] => Array
        (
            [ErrCode] => E01
            [ErrInfo] => E01390002
        )

    [1] => Array
        (
            [ErrCode] => E01
            [ErrInfo] => E01240002
        )

)
 from 203.42.220.251
2019/09/06 06:24:08 [/shop/shopping/load_payment_module.php] SendRequest:https://p01.mul-pay.jp/payment/SearchMember.idPass from 203.42.220.251
2019/09/06 06:24:08 [/shop/shopping/load_payment_module.php] Array
(
    [SiteID] => mst0000007602
    [SitePass] => ******
    [MemberID] => 3022
)
 from 203.42.220.251
2019/09/06 06:24:08 [/shop/shopping/load_payment_module.php] ErrCode=E01&ErrInfo=E01390002 from 203.42.220.251
2019/09/06 06:24:08 [/shop/shopping/load_payment_module.php] Array
(
    [0] => Array
        (
            [ErrCode] => E01
            [ErrInfo] => E01390002
        )

)
 from 203.42.220.251
2019/09/06 06:24:08 [/shop/shopping/load_payment_module.php] SendRequest:https://p01.mul-pay.jp/payment/SearchCard.idPass from 203.42.220.251
2019/09/06 06:24:08 [/shop/shopping/load_payment_module.php] Array
(
    [SiteID] => mst0000007602
    [SitePass] => ******
    [MemberID] => 3022
)
 from 203.42.220.251
2019/09/06 06:24:08 [/shop/shopping/load_payment_module.php] ErrCode=E01|E01&ErrInfo=E01390002|E01240002 from 203.42.220.251
2019/09/06 06:24:08 [/shop/shopping/load_payment_module.php] Array
(
    [0] => Array
        (
            [ErrCode] => E01
            [ErrInfo] => E01390002
        )

    [1] => Array
        (
            [ErrCode] => E01
            [ErrInfo] => E01240002
        )

)
 from 203.42.220.251
2019/09/06 06:24:08 [/shop/shopping/load_payment_module.php] SendRequest:https://p01.mul-pay.jp/payment/EntryTran.idPass from 203.42.220.251
2019/09/06 06:24:08 [/shop/shopping/load_payment_module.php] Array
(
    [ShopID] => 9000034600950
    [ShopPass] => ******
    [OrderID] => 939892-06062408
    [JobCd] => CAPTURE
    [Amount] => 4930
    [TdFlag] => 0
    [TdTenantName] => 
)
 from 203.42.220.251
2019/09/06 06:24:08 [/shop/shopping/load_payment_module.php] AccessID=daabb17ef53f08fb32a19086a0568a9e&AccessPass=1e2a143658a51d8afe51de3deee1da2c from 203.42.220.251
2019/09/06 06:24:08 [/shop/shopping/load_payment_module.php] Array
(
    [0] => Array
        (
            [AccessID] => daabb17ef53f08fb32a19086a0568a9e
            [AccessPass] => 1e2a143658a51d8afe51de3deee1da2c
        )

)
 from 203.42.220.251
2019/09/06 06:24:08 [/shop/shopping/load_payment_module.php] load_payment_module.php set payment data:Array
(
    [AccessID] => daabb17ef53f08fb32a19086a0568a9e
    [AccessPass] => 1e2a143658a51d8afe51de3deee1da2c
    [OrderID] => 939892-06062408
    [Amount] => 4930
    [JobCd] => CAPTURE
    [action_status] => 1
    [pay_status] => 0
)
 from 203.42.220.251
2019/09/06 06:24:08 [/shop/shopping/load_payment_module.php] SendRequest:https://p01.mul-pay.jp/payment/ExecTran.idPass from 203.42.220.251
2019/09/06 06:24:08 [/shop/shopping/load_payment_module.php] Array
(
    [AccessID] => daabb17ef53f08fb32a19086a0568a9e
    [AccessPass] => 1e2a143658a51d8afe51de3deee1da2c
    [OrderID] => 939892-06062408
    [Method] => 1
    [Token] => d7491fa07e0b1ddaf6735fea4b4c79b148988f01e3ab661066c6975fb88b1f23
    [ClientField1] => 
    [ClientField2] => 
    [ClientField3] => EC-CUBE4.3.24
)
 from 203.42.220.251
2019/09/06 06:24:09 [/shop/shopping/load_payment_module.php] ACS=0&OrderID=939892-06062408&Forward=2S49631&Method=1&PayTimes=&Approve=0044579&TranID=1909060624602257210134111704&TranDate=20190906062409&CheckString=076470fc5fed2a1e5e54755a5d12f320 from 203.42.220.251
2019/09/06 06:24:09 [/shop/shopping/load_payment_module.php] Array
(
    [0] => Array
        (
            [ACS] => 0
            [OrderID] => 939892-06062408
            [Forward] => 2S49631
            [Method] => 1
            [PayTimes] => 
            [Approve] => 0044579
            [TranID] => 1909060624602257210134111704
            [TranDate] => 20190906062409
            [CheckString] => 076470fc5fed2a1e5e54755a5d12f320
        )

)
 from 203.42.220.251
2019/09/06 06:24:09 [/shop/shopping/load_payment_module.php] load_payment_module.php set payment data:Array
(
    [ACS] => 0
    [Forward] => 2S49631
    [Method] => 1
    [PayTimes] => 
    [Approve] => 0044579
    [TranID] => 1909060624602257210134111704
    [TranDate] => 20190906062409
    [CheckString] => 076470fc5fed2a1e5e54755a5d12f320
    [Amount] => 4930
    [JobCd] => CAPTURE
    [action_status] => 3
    [pay_status] => 13
)
 from 203.42.220.251
2019/09/06 06:24:09 [/shop/user_data/pg_mulpay_recv.php] ******* receiveer data start ******* from 210.175.7.20
2019/09/06 06:24:09 [/shop/user_data/pg_mulpay_recv.php] Array
(
    [ShopID] => 9000034600950
    [ShopPass] => **********
    [AccessID] => daabb17ef53f08fb32a19086a0568a9e
    [AccessPass] => ********************************
    [OrderID] => 939892-06062408
    [Status] => CAPTURE
    [JobCd] => CAPTURE
    [Amount] => 4930
    [Tax] => 0
    [Currency] => JPN
    [Forward] => 2S49631
    [Method] => 1
    [PayTimes] => 
    [TranID] => 1909060624602257210134111704
    [Approve] => 0044579
    [TranDate] => 20190906062409
    [ErrCode] => 
    [ErrInfo] => 
    [PayType] => 0
)
 from 210.175.7.20
2019/09/06 06:24:09 [/shop/user_data/pg_mulpay_recv.php] ******* receiveer data end ******* from 210.175.7.20
2019/09/06 06:24:14 [/shop/user_data/pg_mulpay_recv.php] update order status:1 order_id=939892 from 210.175.7.20
2019/09/06 06:24:14 [/shop/user_data/pg_mulpay_recv.php] pg_mulpay_recv.php set payment data:Array
(
    [ShopID] => 9000034600950
    [AccessID] => daabb17ef53f08fb32a19086a0568a9e
    [OrderID] => 939892-06062408
    [Status] => CAPTURE
    [JobCd] => CAPTURE
    [Amount] => 4930
    [Tax] => 0
    [Currency] => JPN
    [Forward] => 2S49631
    [Method] => 1
    [PayTimes] => 
    [TranID] => 1909060624602257210134111704
    [Approve] => 0044579
    [TranDate] => 20190906062409
    [ErrCode] => 
    [ErrInfo] => 
    [PayType] => 0
    [CvsCode] => 
    [CvsConfNo] => 
    [CvsReceiptNo] => 
    [EdyReceiptNo] => 
    [EdyOrderNo] => 
    [SuicaReceiptNo] => 
    [SuicaOrderNo] => 
    [CustID] => 
    [BkCode] => 
    [ConfNo] => 
    [PaymentTerm] => 
    [EncryptReceiptNo] => 
    [FinishDate] => 
    [ReceiptDate] => 
    [WebMoneyManagementNo] => 
    [WebMoneySettleCode] => 
    [AuPayInfoNo] => 
    [AuPayMethod] => 
    [AuCancelAmount] => 
    [AuCancelTax] => 
    [DocomoSettlementCode] => 
    [DocomoCancelAmount] => 
    [DocomoCancelTax] => 
    [pay_status] => 13
)
 from 210.175.7.20
2019/09/06 06:24:14 [/shop/user_data/pg_mulpay_recv.php] response:true from 210.175.7.20
2019/09/06 07:50:29 [/shop/shopping/load_payment_module.php] SendRequest:https://p01.mul-pay.jp/payment/EntryTran.idPass from 126.162.9.137
2019/09/06 07:50:29 [/shop/shopping/load_payment_module.php] Array
(
    [ShopID] => 9000034600950
    [ShopPass] => ******
    [OrderID] => 939894-06075029
    [JobCd] => CAPTURE
    [Amount] => 1650
    [TdFlag] => 0
    [TdTenantName] => 
)
 from 126.162.9.137
2019/09/06 07:50:29 [/shop/shopping/load_payment_module.php] AccessID=edb64d1dc390c038ea49b16d5534b2d4&AccessPass=2945a411e24256e23a08051345df440c from 126.162.9.137
2019/09/06 07:50:29 [/shop/shopping/load_payment_module.php] Array
(
    [0] => Array
        (
            [AccessID] => edb64d1dc390c038ea49b16d5534b2d4
            [AccessPass] => 2945a411e24256e23a08051345df440c
        )

)
 from 126.162.9.137
2019/09/06 07:50:29 [/shop/shopping/load_payment_module.php] load_payment_module.php set payment data:Array
(
    [AccessID] => edb64d1dc390c038ea49b16d5534b2d4
    [AccessPass] => 2945a411e24256e23a08051345df440c
    [OrderID] => 939894-06075029
    [Amount] => 1650
    [JobCd] => CAPTURE
    [action_status] => 1
    [pay_status] => 0
)
 from 126.162.9.137
2019/09/06 07:50:29 [/shop/shopping/load_payment_module.php] SendRequest:https://p01.mul-pay.jp/payment/ExecTran.idPass from 126.162.9.137
2019/09/06 07:50:29 [/shop/shopping/load_payment_module.php] Array
(
    [AccessID] => edb64d1dc390c038ea49b16d5534b2d4
    [AccessPass] => 2945a411e24256e23a08051345df440c
    [OrderID] => 939894-06075029
    [Method] => 1
    [Token] => 9e874fb54c659f41e33759449f4190de4227aa1f79b3b114c7e2e89f98115a78
    [ClientField1] => 
    [ClientField2] => 
    [ClientField3] => EC-CUBE4.3.24
)
 from 126.162.9.137
2019/09/06 07:50:30 [/shop/shopping/load_payment_module.php] ACS=0&OrderID=939894-06075029&Forward=2S49631&Method=1&PayTimes=&Approve=0689595&TranID=1909060750602257210134131558&TranDate=20190906075030&CheckString=217aac7a891bab46dc38c4c5b258d76f from 126.162.9.137
2019/09/06 07:50:30 [/shop/shopping/load_payment_module.php] Array
(
    [0] => Array
        (
            [ACS] => 0
            [OrderID] => 939894-06075029
            [Forward] => 2S49631
            [Method] => 1
            [PayTimes] => 
            [Approve] => 0689595
            [TranID] => 1909060750602257210134131558
            [TranDate] => 20190906075030
            [CheckString] => 217aac7a891bab46dc38c4c5b258d76f
        )

)
 from 126.162.9.137
2019/09/06 07:50:30 [/shop/shopping/load_payment_module.php] load_payment_module.php set payment data:Array
(
    [ACS] => 0
    [Forward] => 2S49631
    [Method] => 1
    [PayTimes] => 
    [Approve] => 0689595
    [TranID] => 1909060750602257210134131558
    [TranDate] => 20190906075030
    [CheckString] => 217aac7a891bab46dc38c4c5b258d76f
    [Amount] => 1650
    [JobCd] => CAPTURE
    [action_status] => 3
    [pay_status] => 13
)
 from 126.162.9.137
2019/09/06 07:50:31 [/shop/user_data/pg_mulpay_recv.php] ******* receiveer data start ******* from 210.175.7.20
2019/09/06 07:50:31 [/shop/user_data/pg_mulpay_recv.php] Array
(
    [ShopID] => 9000034600950
    [ShopPass] => **********
    [AccessID] => edb64d1dc390c038ea49b16d5534b2d4
    [AccessPass] => ********************************
    [OrderID] => 939894-06075029
    [Status] => CAPTURE
    [JobCd] => CAPTURE
    [Amount] => 1650
    [Tax] => 0
    [Currency] => JPN
    [Forward] => 2S49631
    [Method] => 1
    [PayTimes] => 
    [TranID] => 1909060750602257210134131558
    [Approve] => 0689595
    [TranDate] => 20190906075030
    [ErrCode] => 
    [ErrInfo] => 
    [PayType] => 0
)
 from 210.175.7.20
2019/09/06 07:50:31 [/shop/user_data/pg_mulpay_recv.php] ******* receiveer data end ******* from 210.175.7.20
2019/09/06 07:50:36 [/shop/user_data/pg_mulpay_recv.php] update order status:1 order_id=939894 from 210.175.7.20
2019/09/06 07:50:36 [/shop/user_data/pg_mulpay_recv.php] pg_mulpay_recv.php set payment data:Array
(
    [ShopID] => 9000034600950
    [AccessID] => edb64d1dc390c038ea49b16d5534b2d4
    [OrderID] => 939894-06075029
    [Status] => CAPTURE
    [JobCd] => CAPTURE
    [Amount] => 1650
    [Tax] => 0
    [Currency] => JPN
    [Forward] => 2S49631
    [Method] => 1
    [PayTimes] => 
    [TranID] => 1909060750602257210134131558
    [Approve] => 0689595
    [TranDate] => 20190906075030
    [ErrCode] => 
    [ErrInfo] => 
    [PayType] => 0
    [CvsCode] => 
    [CvsConfNo] => 
    [CvsReceiptNo] => 
    [EdyReceiptNo] => 
    [EdyOrderNo] => 
    [SuicaReceiptNo] => 
    [SuicaOrderNo] => 
    [CustID] => 
    [BkCode] => 
    [ConfNo] => 
    [PaymentTerm] => 
    [EncryptReceiptNo] => 
    [FinishDate] => 
    [ReceiptDate] => 
    [WebMoneyManagementNo] => 
    [WebMoneySettleCode] => 
    [AuPayInfoNo] => 
    [AuPayMethod] => 
    [AuCancelAmount] => 
    [AuCancelTax] => 
    [DocomoSettlementCode] => 
    [DocomoCancelAmount] => 
    [DocomoCancelTax] => 
    [pay_status] => 13
)
 from 210.175.7.20
2019/09/06 07:50:36 [/shop/user_data/pg_mulpay_recv.php] response:true from 210.175.7.20
2019/09/06 08:51:06 [/shop/shopping/load_payment_module.php] SendRequest:https://p01.mul-pay.jp/payment/SearchMember.idPass from 126.246.151.146
2019/09/06 08:51:06 [/shop/shopping/load_payment_module.php] Array
(
    [SiteID] => mst0000007602
    [SitePass] => ******
    [MemberID] => 8048
)
 from 126.246.151.146
2019/09/06 08:51:06 [/shop/shopping/load_payment_module.php] ErrCode=E01&ErrInfo=E01390002 from 126.246.151.146
2019/09/06 08:51:06 [/shop/shopping/load_payment_module.php] Array
(
    [0] => Array
        (
            [ErrCode] => E01
            [ErrInfo] => E01390002
        )

)
 from 126.246.151.146
2019/09/06 08:51:06 [/shop/shopping/load_payment_module.php] SendRequest:https://p01.mul-pay.jp/payment/SearchCard.idPass from 126.246.151.146
2019/09/06 08:51:06 [/shop/shopping/load_payment_module.php] Array
(
    [SiteID] => mst0000007602
    [SitePass] => ******
    [MemberID] => 8048
)
 from 126.246.151.146
2019/09/06 08:51:06 [/shop/shopping/load_payment_module.php] ErrCode=E01|E01&ErrInfo=E01390002|E01240002 from 126.246.151.146
2019/09/06 08:51:06 [/shop/shopping/load_payment_module.php] Array
(
    [0] => Array
        (
            [ErrCode] => E01
            [ErrInfo] => E01390002
        )

    [1] => Array
        (
            [ErrCode] => E01
            [ErrInfo] => E01240002
        )

)
 from 126.246.151.146
2019/09/06 08:51:10 [/shop/shopping/load_payment_module.php] SendRequest:https://p01.mul-pay.jp/payment/SearchMember.idPass from 126.246.151.146
2019/09/06 08:51:10 [/shop/shopping/load_payment_module.php] Array
(
    [SiteID] => mst0000007602
    [SitePass] => ******
    [MemberID] => 8048
)
 from 126.246.151.146
2019/09/06 08:51:10 [/shop/shopping/load_payment_module.php] ErrCode=E01&ErrInfo=E01390002 from 126.246.151.146
2019/09/06 08:51:10 [/shop/shopping/load_payment_module.php] Array
(
    [0] => Array
        (
            [ErrCode] => E01
            [ErrInfo] => E01390002
        )

)
 from 126.246.151.146
2019/09/06 08:51:10 [/shop/shopping/load_payment_module.php] SendRequest:https://p01.mul-pay.jp/payment/SearchCard.idPass from 126.246.151.146
2019/09/06 08:51:10 [/shop/shopping/load_payment_module.php] Array
(
    [SiteID] => mst0000007602
    [SitePass] => ******
    [MemberID] => 8048
)
 from 126.246.151.146
2019/09/06 08:51:10 [/shop/shopping/load_payment_module.php] ErrCode=E01|E01&ErrInfo=E01390002|E01240002 from 126.246.151.146
2019/09/06 08:51:10 [/shop/shopping/load_payment_module.php] Array
(
    [0] => Array
        (
            [ErrCode] => E01
            [ErrInfo] => E01390002
        )

    [1] => Array
        (
            [ErrCode] => E01
            [ErrInfo] => E01240002
        )

)
 from 126.246.151.146
2019/09/06 09:37:14 [/shop/shopping/load_payment_module.php] SendRequest:https://p01.mul-pay.jp/payment/EntryTran.idPass from 126.196.59.192
2019/09/06 09:37:14 [/shop/shopping/load_payment_module.php] Array
(
    [ShopID] => 9000034600950
    [ShopPass] => ******
    [OrderID] => 939896-06093714
    [JobCd] => CAPTURE
    [Amount] => 5490
    [TdFlag] => 0
    [TdTenantName] => 
)
 from 126.196.59.192
2019/09/06 09:37:14 [/shop/shopping/load_payment_module.php] AccessID=ca51630241382fca49a50ed93207e657&AccessPass=8d037d3d820f798d22a7ea8c49175bb7 from 126.196.59.192
2019/09/06 09:37:14 [/shop/shopping/load_payment_module.php] Array
(
    [0] => Array
        (
            [AccessID] => ca51630241382fca49a50ed93207e657
            [AccessPass] => 8d037d3d820f798d22a7ea8c49175bb7
        )

)
 from 126.196.59.192
2019/09/06 09:37:14 [/shop/shopping/load_payment_module.php] load_payment_module.php set payment data:Array
(
    [AccessID] => ca51630241382fca49a50ed93207e657
    [AccessPass] => 8d037d3d820f798d22a7ea8c49175bb7
    [OrderID] => 939896-06093714
    [Amount] => 5490
    [JobCd] => CAPTURE
    [action_status] => 1
    [pay_status] => 0
)
 from 126.196.59.192
2019/09/06 09:37:14 [/shop/shopping/load_payment_module.php] SendRequest:https://p01.mul-pay.jp/payment/ExecTran.idPass from 126.196.59.192
2019/09/06 09:37:14 [/shop/shopping/load_payment_module.php] Array
(
    [AccessID] => ca51630241382fca49a50ed93207e657
    [AccessPass] => 8d037d3d820f798d22a7ea8c49175bb7
    [OrderID] => 939896-06093714
    [Method] => 1
    [Token] => c7be0e32675f26e61eedc9165fb4fc900f2a9a5042f14300872d8162833687d0
    [ClientField1] => 
    [ClientField2] => 
    [ClientField3] => EC-CUBE4.3.24
)
 from 126.196.59.192
2019/09/06 09:37:16 [/shop/shopping/load_payment_module.php] ACS=0&OrderID=939896-06093714&Forward=2959876&Method=1&PayTimes=&Approve=0683404&TranID=1909060937602257210134131559&TranDate=20190906093716&CheckString=f19535f87fdbe17495bdb6e3261baf9b from 126.196.59.192
2019/09/06 09:37:16 [/shop/shopping/load_payment_module.php] Array
(
    [0] => Array
        (
            [ACS] => 0
            [OrderID] => 939896-06093714
            [Forward] => 2959876
            [Method] => 1
            [PayTimes] => 
            [Approve] => 0683404
            [TranID] => 1909060937602257210134131559
            [TranDate] => 20190906093716
            [CheckString] => f19535f87fdbe17495bdb6e3261baf9b
        )

)
 from 126.196.59.192
2019/09/06 09:37:16 [/shop/shopping/load_payment_module.php] load_payment_module.php set payment data:Array
(
    [ACS] => 0
    [Forward] => 2959876
    [Method] => 1
    [PayTimes] => 
    [Approve] => 0683404
    [TranID] => 1909060937602257210134131559
    [TranDate] => 20190906093716
    [CheckString] => f19535f87fdbe17495bdb6e3261baf9b
    [Amount] => 5490
    [JobCd] => CAPTURE
    [action_status] => 3
    [pay_status] => 13
)
 from 126.196.59.192
2019/09/06 09:37:16 [/shop/user_data/pg_mulpay_recv.php] ******* receiveer data start ******* from 210.175.7.20
2019/09/06 09:37:16 [/shop/user_data/pg_mulpay_recv.php] Array
(
    [ShopID] => 9000034600950
    [ShopPass] => **********
    [AccessID] => ca51630241382fca49a50ed93207e657
    [AccessPass] => ********************************
    [OrderID] => 939896-06093714
    [Status] => CAPTURE
    [JobCd] => CAPTURE
    [Amount] => 5490
    [Tax] => 0
    [Currency] => JPN
    [Forward] => 2959876
    [Method] => 1
    [PayTimes] => 
    [TranID] => 1909060937602257210134131559
    [Approve] => 0683404
    [TranDate] => 20190906093716
    [ErrCode] => 
    [ErrInfo] => 
    [PayType] => 0
)
 from 210.175.7.20
2019/09/06 09:37:16 [/shop/user_data/pg_mulpay_recv.php] ******* receiveer data end ******* from 210.175.7.20
2019/09/06 09:37:21 [/shop/user_data/pg_mulpay_recv.php] update order status:1 order_id=939896 from 210.175.7.20
2019/09/06 09:37:21 [/shop/user_data/pg_mulpay_recv.php] pg_mulpay_recv.php set payment data:Array
(
    [ShopID] => 9000034600950
    [AccessID] => ca51630241382fca49a50ed93207e657
    [OrderID] => 939896-06093714
    [Status] => CAPTURE
    [JobCd] => CAPTURE
    [Amount] => 5490
    [Tax] => 0
    [Currency] => JPN
    [Forward] => 2959876
    [Method] => 1
    [PayTimes] => 
    [TranID] => 1909060937602257210134131559
    [Approve] => 0683404
    [TranDate] => 20190906093716
    [ErrCode] => 
    [ErrInfo] => 
    [PayType] => 0
    [CvsCode] => 
    [CvsConfNo] => 
    [CvsReceiptNo] => 
    [EdyReceiptNo] => 
    [EdyOrderNo] => 
    [SuicaReceiptNo] => 
    [SuicaOrderNo] => 
    [CustID] => 
    [BkCode] => 
    [ConfNo] => 
    [PaymentTerm] => 
    [EncryptReceiptNo] => 
    [FinishDate] => 
    [ReceiptDate] => 
    [WebMoneyManagementNo] => 
    [WebMoneySettleCode] => 
    [AuPayInfoNo] => 
    [AuPayMethod] => 
    [AuCancelAmount] => 
    [AuCancelTax] => 
    [DocomoSettlementCode] => 
    [DocomoCancelAmount] => 
    [DocomoCancelTax] => 
    [pay_status] => 13
)
 from 210.175.7.20
2019/09/06 09:37:21 [/shop/user_data/pg_mulpay_recv.php] response:true from 210.175.7.20
2019/09/06 10:14:10 [/shop/shopping/load_payment_module.php] SendRequest:https://p01.mul-pay.jp/payment/SearchMember.idPass from 126.246.151.146
2019/09/06 10:14:10 [/shop/shopping/load_payment_module.php] Array
(
    [SiteID] => mst0000007602
    [SitePass] => ******
    [MemberID] => 8048
)
 from 126.246.151.146
2019/09/06 10:14:10 [/shop/shopping/load_payment_module.php] ErrCode=E01&ErrInfo=E01390002 from 126.246.151.146
2019/09/06 10:14:10 [/shop/shopping/load_payment_module.php] Array
(
    [0] => Array
        (
            [ErrCode] => E01
            [ErrInfo] => E01390002
        )

)
 from 126.246.151.146
2019/09/06 10:14:10 [/shop/shopping/load_payment_module.php] SendRequest:https://p01.mul-pay.jp/payment/SearchCard.idPass from 126.246.151.146
2019/09/06 10:14:10 [/shop/shopping/load_payment_module.php] Array
(
    [SiteID] => mst0000007602
    [SitePass] => ******
    [MemberID] => 8048
)
 from 126.246.151.146
2019/09/06 10:14:10 [/shop/shopping/load_payment_module.php] ErrCode=E01|E01&ErrInfo=E01390002|E01240002 from 126.246.151.146
2019/09/06 10:14:10 [/shop/shopping/load_payment_module.php] Array
(
    [0] => Array
        (
            [ErrCode] => E01
            [ErrInfo] => E01390002
        )

    [1] => Array
        (
            [ErrCode] => E01
            [ErrInfo] => E01240002
        )

)
 from 126.246.151.146
2019/09/06 10:14:14 [/shop/shopping/load_payment_module.php] SendRequest:https://p01.mul-pay.jp/payment/SearchMember.idPass from 126.246.151.146
2019/09/06 10:14:14 [/shop/shopping/load_payment_module.php] Array
(
    [SiteID] => mst0000007602
    [SitePass] => ******
    [MemberID] => 8048
)
 from 126.246.151.146
2019/09/06 10:14:15 [/shop/shopping/load_payment_module.php] ErrCode=E01&ErrInfo=E01390002 from 126.246.151.146
2019/09/06 10:14:15 [/shop/shopping/load_payment_module.php] Array
(
    [0] => Array
        (
            [ErrCode] => E01
            [ErrInfo] => E01390002
        )

)
 from 126.246.151.146
2019/09/06 10:14:15 [/shop/shopping/load_payment_module.php] SendRequest:https://p01.mul-pay.jp/payment/SearchCard.idPass from 126.246.151.146
2019/09/06 10:14:15 [/shop/shopping/load_payment_module.php] Array
(
    [SiteID] => mst0000007602
    [SitePass] => ******
    [MemberID] => 8048
)
 from 126.246.151.146
2019/09/06 10:14:15 [/shop/shopping/load_payment_module.php] ErrCode=E01|E01&ErrInfo=E01390002|E01240002 from 126.246.151.146
2019/09/06 10:14:15 [/shop/shopping/load_payment_module.php] Array
(
    [0] => Array
        (
            [ErrCode] => E01
            [ErrInfo] => E01390002
        )

    [1] => Array
        (
            [ErrCode] => E01
            [ErrInfo] => E01240002
        )

)
 from 126.246.151.146
2019/09/06 10:20:22 [/shop/shopping/load_payment_module.php] SendRequest:https://p01.mul-pay.jp/payment/SearchMember.idPass from 126.246.151.146
2019/09/06 10:20:22 [/shop/shopping/load_payment_module.php] Array
(
    [SiteID] => mst0000007602
    [SitePass] => ******
    [MemberID] => 8048
)
 from 126.246.151.146
2019/09/06 10:20:22 [/shop/shopping/load_payment_module.php] ErrCode=E01&ErrInfo=E01390002 from 126.246.151.146
2019/09/06 10:20:22 [/shop/shopping/load_payment_module.php] Array
(
    [0] => Array
        (
            [ErrCode] => E01
            [ErrInfo] => E01390002
        )

)
 from 126.246.151.146
2019/09/06 10:20:22 [/shop/shopping/load_payment_module.php] SendRequest:https://p01.mul-pay.jp/payment/SearchCard.idPass from 126.246.151.146
2019/09/06 10:20:22 [/shop/shopping/load_payment_module.php] Array
(
    [SiteID] => mst0000007602
    [SitePass] => ******
    [MemberID] => 8048
)
 from 126.246.151.146
2019/09/06 10:20:22 [/shop/shopping/load_payment_module.php] ErrCode=E01|E01&ErrInfo=E01390002|E01240002 from 126.246.151.146
2019/09/06 10:20:22 [/shop/shopping/load_payment_module.php] Array
(
    [0] => Array
        (
            [ErrCode] => E01
            [ErrInfo] => E01390002
        )

    [1] => Array
        (
            [ErrCode] => E01
            [ErrInfo] => E01240002
        )

)
 from 126.246.151.146
2019/09/06 10:21:27 [/shop/shopping/load_payment_module.php] SendRequest:https://p01.mul-pay.jp/payment/SearchMember.idPass from 126.246.151.146
2019/09/06 10:21:27 [/shop/shopping/load_payment_module.php] Array
(
    [SiteID] => mst0000007602
    [SitePass] => ******
    [MemberID] => 8048
)
 from 126.246.151.146
2019/09/06 10:21:28 [/shop/shopping/load_payment_module.php] ErrCode=E01&ErrInfo=E01390002 from 126.246.151.146
2019/09/06 10:21:28 [/shop/shopping/load_payment_module.php] Array
(
    [0] => Array
        (
            [ErrCode] => E01
            [ErrInfo] => E01390002
        )

)
 from 126.246.151.146
2019/09/06 10:21:28 [/shop/shopping/load_payment_module.php] SendRequest:https://p01.mul-pay.jp/payment/SearchCard.idPass from 126.246.151.146
2019/09/06 10:21:28 [/shop/shopping/load_payment_module.php] Array
(
    [SiteID] => mst0000007602
    [SitePass] => ******
    [MemberID] => 8048
)
 from 126.246.151.146
2019/09/06 10:21:28 [/shop/shopping/load_payment_module.php] ErrCode=E01|E01&ErrInfo=E01390002|E01240002 from 126.246.151.146
2019/09/06 10:21:28 [/shop/shopping/load_payment_module.php] Array
(
    [0] => Array
        (
            [ErrCode] => E01
            [ErrInfo] => E01390002
        )

    [1] => Array
        (
            [ErrCode] => E01
            [ErrInfo] => E01240002
        )

)
 from 126.246.151.146
2019/09/06 10:21:28 [/shop/shopping/load_payment_module.php] SendRequest:https://p01.mul-pay.jp/payment/EntryTran.idPass from 126.246.151.146
2019/09/06 10:21:28 [/shop/shopping/load_payment_module.php] Array
(
    [ShopID] => 9000034600950
    [ShopPass] => ******
    [OrderID] => 939898-06102128
    [JobCd] => CAPTURE
    [Amount] => 10290
    [TdFlag] => 0
    [TdTenantName] => 
)
 from 126.246.151.146
2019/09/06 10:21:28 [/shop/shopping/load_payment_module.php] AccessID=11acab5ccd59f75779705f44d1d507ca&AccessPass=6b5affedf358ea4f8a2253a0d524b3af from 126.246.151.146
2019/09/06 10:21:28 [/shop/shopping/load_payment_module.php] Array
(
    [0] => Array
        (
            [AccessID] => 11acab5ccd59f75779705f44d1d507ca
            [AccessPass] => 6b5affedf358ea4f8a2253a0d524b3af
        )

)
 from 126.246.151.146
2019/09/06 10:21:28 [/shop/shopping/load_payment_module.php] load_payment_module.php set payment data:Array
(
    [AccessID] => 11acab5ccd59f75779705f44d1d507ca
    [AccessPass] => 6b5affedf358ea4f8a2253a0d524b3af
    [OrderID] => 939898-06102128
    [Amount] => 10290
    [JobCd] => CAPTURE
    [action_status] => 1
    [pay_status] => 0
)
 from 126.246.151.146
2019/09/06 10:21:28 [/shop/shopping/load_payment_module.php] SendRequest:https://p01.mul-pay.jp/payment/ExecTran.idPass from 126.246.151.146
2019/09/06 10:21:28 [/shop/shopping/load_payment_module.php] Array
(
    [AccessID] => 11acab5ccd59f75779705f44d1d507ca
    [AccessPass] => 6b5affedf358ea4f8a2253a0d524b3af
    [OrderID] => 939898-06102128
    [Method] => 1
    [Token] => d3ef5005ddc7e6d21ed6eaec8f47b0379e86fc2a5ea4382b459f2b99b2840d90
    [ClientField1] => 
    [ClientField2] => 
    [ClientField3] => EC-CUBE4.3.24
)
 from 126.246.151.146
2019/09/06 10:21:29 [/shop/shopping/load_payment_module.php] ACS=0&OrderID=939898-06102128&Forward=2S49631&Method=1&PayTimes=&Approve=0731560&TranID=1909061021602257210134131560&TranDate=20190906102129&CheckString=3c38ad0d29c104de428af302573a42be from 126.246.151.146
2019/09/06 10:21:29 [/shop/shopping/load_payment_module.php] Array
(
    [0] => Array
        (
            [ACS] => 0
            [OrderID] => 939898-06102128
            [Forward] => 2S49631
            [Method] => 1
            [PayTimes] => 
            [Approve] => 0731560
            [TranID] => 1909061021602257210134131560
            [TranDate] => 20190906102129
            [CheckString] => 3c38ad0d29c104de428af302573a42be
        )

)
 from 126.246.151.146
2019/09/06 10:21:29 [/shop/shopping/load_payment_module.php] load_payment_module.php set payment data:Array
(
    [ACS] => 0
    [Forward] => 2S49631
    [Method] => 1
    [PayTimes] => 
    [Approve] => 0731560
    [TranID] => 1909061021602257210134131560
    [TranDate] => 20190906102129
    [CheckString] => 3c38ad0d29c104de428af302573a42be
    [Amount] => 10290
    [JobCd] => CAPTURE
    [action_status] => 3
    [pay_status] => 13
)
 from 126.246.151.146
2019/09/06 10:21:29 [/shop/user_data/pg_mulpay_recv.php] ******* receiveer data start ******* from 210.175.7.20
2019/09/06 10:21:29 [/shop/user_data/pg_mulpay_recv.php] Array
(
    [ShopID] => 9000034600950
    [ShopPass] => **********
    [AccessID] => 11acab5ccd59f75779705f44d1d507ca
    [AccessPass] => ********************************
    [OrderID] => 939898-06102128
    [Status] => CAPTURE
    [JobCd] => CAPTURE
    [Amount] => 10290
    [Tax] => 0
    [Currency] => JPN
    [Forward] => 2S49631
    [Method] => 1
    [PayTimes] => 
    [TranID] => 1909061021602257210134131560
    [Approve] => 0731560
    [TranDate] => 20190906102129
    [ErrCode] => 
    [ErrInfo] => 
    [PayType] => 0
)
 from 210.175.7.20
2019/09/06 10:21:29 [/shop/user_data/pg_mulpay_recv.php] ******* receiveer data end ******* from 210.175.7.20
2019/09/06 10:21:34 [/shop/user_data/pg_mulpay_recv.php] update order status:1 order_id=939898 from 210.175.7.20
2019/09/06 10:21:34 [/shop/user_data/pg_mulpay_recv.php] pg_mulpay_recv.php set payment data:Array
(
    [ShopID] => 9000034600950
    [AccessID] => 11acab5ccd59f75779705f44d1d507ca
    [OrderID] => 939898-06102128
    [Status] => CAPTURE
    [JobCd] => CAPTURE
    [Amount] => 10290
    [Tax] => 0
    [Currency] => JPN
    [Forward] => 2S49631
    [Method] => 1
    [PayTimes] => 
    [TranID] => 1909061021602257210134131560
    [Approve] => 0731560
    [TranDate] => 20190906102129
    [ErrCode] => 
    [ErrInfo] => 
    [PayType] => 0
    [CvsCode] => 
    [CvsConfNo] => 
    [CvsReceiptNo] => 
    [EdyReceiptNo] => 
    [EdyOrderNo] => 
    [SuicaReceiptNo] => 
    [SuicaOrderNo] => 
    [CustID] => 
    [BkCode] => 
    [ConfNo] => 
    [PaymentTerm] => 
    [EncryptReceiptNo] => 
    [FinishDate] => 
    [ReceiptDate] => 
    [WebMoneyManagementNo] => 
    [WebMoneySettleCode] => 
    [AuPayInfoNo] => 
    [AuPayMethod] => 
    [AuCancelAmount] => 
    [AuCancelTax] => 
    [DocomoSettlementCode] => 
    [DocomoCancelAmount] => 
    [DocomoCancelTax] => 
    [pay_status] => 13
)
 from 210.175.7.20
2019/09/06 10:21:34 [/shop/user_data/pg_mulpay_recv.php] response:true from 210.175.7.20
2019/09/06 10:32:37 [/shop/shopping/load_payment_module.php] SendRequest:https://p01.mul-pay.jp/payment/EntryTran.idPass from 126.196.59.192
2019/09/06 10:32:37 [/shop/shopping/load_payment_module.php] Array
(
    [ShopID] => 9000034600950
    [ShopPass] => ******
    [OrderID] => 939899-06103237
    [JobCd] => CAPTURE
    [Amount] => 4380
    [TdFlag] => 0
    [TdTenantName] => 
)
 from 126.196.59.192
2019/09/06 10:32:37 [/shop/shopping/load_payment_module.php] AccessID=1f2f4b557e95ee82b73072c3d5bad972&AccessPass=1974c21f238f89c61a4e28f3f9c9410d from 126.196.59.192
2019/09/06 10:32:37 [/shop/shopping/load_payment_module.php] Array
(
    [0] => Array
        (
            [AccessID] => 1f2f4b557e95ee82b73072c3d5bad972
            [AccessPass] => 1974c21f238f89c61a4e28f3f9c9410d
        )

)
 from 126.196.59.192
2019/09/06 10:32:37 [/shop/shopping/load_payment_module.php] load_payment_module.php set payment data:Array
(
    [AccessID] => 1f2f4b557e95ee82b73072c3d5bad972
    [AccessPass] => 1974c21f238f89c61a4e28f3f9c9410d
    [OrderID] => 939899-06103237
    [Amount] => 4380
    [JobCd] => CAPTURE
    [action_status] => 1
    [pay_status] => 0
)
 from 126.196.59.192
2019/09/06 10:32:37 [/shop/shopping/load_payment_module.php] SendRequest:https://p01.mul-pay.jp/payment/ExecTran.idPass from 126.196.59.192
2019/09/06 10:32:37 [/shop/shopping/load_payment_module.php] Array
(
    [AccessID] => 1f2f4b557e95ee82b73072c3d5bad972
    [AccessPass] => 1974c21f238f89c61a4e28f3f9c9410d
    [OrderID] => 939899-06103237
    [Method] => 1
    [Token] => 00ae23e2e7641156d71a8e824e6046bc8c0d41e628d574797dea7697a7203552
    [ClientField1] => 
    [ClientField2] => 
    [ClientField3] => EC-CUBE4.3.24
)
 from 126.196.59.192
2019/09/06 10:32:39 [/shop/shopping/load_payment_module.php] ACS=0&OrderID=939899-06103237&Forward=2S49631&Method=1&PayTimes=&Approve=0793252&TranID=1909061032602257210134111705&TranDate=20190906103239&CheckString=79413834283c7ba3353ba7df778395c0 from 126.196.59.192
2019/09/06 10:32:39 [/shop/shopping/load_payment_module.php] Array
(
    [0] => Array
        (
            [ACS] => 0
            [OrderID] => 939899-06103237
            [Forward] => 2S49631
            [Method] => 1
            [PayTimes] => 
            [Approve] => 0793252
            [TranID] => 1909061032602257210134111705
            [TranDate] => 20190906103239
            [CheckString] => 79413834283c7ba3353ba7df778395c0
        )

)
 from 126.196.59.192
2019/09/06 10:32:39 [/shop/shopping/load_payment_module.php] load_payment_module.php set payment data:Array
(
    [ACS] => 0
    [Forward] => 2S49631
    [Method] => 1
    [PayTimes] => 
    [Approve] => 0793252
    [TranID] => 1909061032602257210134111705
    [TranDate] => 20190906103239
    [CheckString] => 79413834283c7ba3353ba7df778395c0
    [Amount] => 4380
    [JobCd] => CAPTURE
    [action_status] => 3
    [pay_status] => 13
)
 from 126.196.59.192
2019/09/06 10:32:39 [/shop/user_data/pg_mulpay_recv.php] ******* receiveer data start ******* from 210.175.7.20
2019/09/06 10:32:39 [/shop/user_data/pg_mulpay_recv.php] Array
(
    [ShopID] => 9000034600950
    [ShopPass] => **********
    [AccessID] => 1f2f4b557e95ee82b73072c3d5bad972
    [AccessPass] => ********************************
    [OrderID] => 939899-06103237
    [Status] => CAPTURE
    [JobCd] => CAPTURE
    [Amount] => 4380
    [Tax] => 0
    [Currency] => JPN
    [Forward] => 2S49631
    [Method] => 1
    [PayTimes] => 
    [TranID] => 1909061032602257210134111705
    [Approve] => 0793252
    [TranDate] => 20190906103239
    [ErrCode] => 
    [ErrInfo] => 
    [PayType] => 0
)
 from 210.175.7.20
2019/09/06 10:32:39 [/shop/user_data/pg_mulpay_recv.php] ******* receiveer data end ******* from 210.175.7.20
2019/09/06 10:32:44 [/shop/user_data/pg_mulpay_recv.php] update order status:1 order_id=939899 from 210.175.7.20
2019/09/06 10:32:44 [/shop/user_data/pg_mulpay_recv.php] pg_mulpay_recv.php set payment data:Array
(
    [ShopID] => 9000034600950
    [AccessID] => 1f2f4b557e95ee82b73072c3d5bad972
    [OrderID] => 939899-06103237
    [Status] => CAPTURE
    [JobCd] => CAPTURE
    [Amount] => 4380
    [Tax] => 0
    [Currency] => JPN
    [Forward] => 2S49631
    [Method] => 1
    [PayTimes] => 
    [TranID] => 1909061032602257210134111705
    [Approve] => 0793252
    [TranDate] => 20190906103239
    [ErrCode] => 
    [ErrInfo] => 
    [PayType] => 0
    [CvsCode] => 
    [CvsConfNo] => 
    [CvsReceiptNo] => 
    [EdyReceiptNo] => 
    [EdyOrderNo] => 
    [SuicaReceiptNo] => 
    [SuicaOrderNo] => 
    [CustID] => 
    [BkCode] => 
    [ConfNo] => 
    [PaymentTerm] => 
    [EncryptReceiptNo] => 
    [FinishDate] => 
    [ReceiptDate] => 
    [WebMoneyManagementNo] => 
    [WebMoneySettleCode] => 
    [AuPayInfoNo] => 
    [AuPayMethod] => 
    [AuCancelAmount] => 
    [AuCancelTax] => 
    [DocomoSettlementCode] => 
    [DocomoCancelAmount] => 
    [DocomoCancelTax] => 
    [pay_status] => 13
)
 from 210.175.7.20
2019/09/06 10:32:44 [/shop/user_data/pg_mulpay_recv.php] response:true from 210.175.7.20
2019/09/06 10:43:39 [/shop/shopping/load_payment_module.php] SendRequest:https://p01.mul-pay.jp/payment/EntryTran.idPass from 73.42.212.89
2019/09/06 10:43:39 [/shop/shopping/load_payment_module.php] Array
(
    [ShopID] => 9000034600950
    [ShopPass] => ******
    [OrderID] => 939900-06104339
    [JobCd] => CAPTURE
    [Amount] => 4320
    [TdFlag] => 0
    [TdTenantName] => 
)
 from 73.42.212.89
2019/09/06 10:43:39 [/shop/shopping/load_payment_module.php] AccessID=2bd6359a38021d80caa5f5405f438288&AccessPass=fd7f075007e5f248463f4b00076ae8f8 from 73.42.212.89
2019/09/06 10:43:39 [/shop/shopping/load_payment_module.php] Array
(
    [0] => Array
        (
            [AccessID] => 2bd6359a38021d80caa5f5405f438288
            [AccessPass] => fd7f075007e5f248463f4b00076ae8f8
        )

)
 from 73.42.212.89
2019/09/06 10:43:39 [/shop/shopping/load_payment_module.php] load_payment_module.php set payment data:Array
(
    [AccessID] => 2bd6359a38021d80caa5f5405f438288
    [AccessPass] => fd7f075007e5f248463f4b00076ae8f8
    [OrderID] => 939900-06104339
    [Amount] => 4320
    [JobCd] => CAPTURE
    [action_status] => 1
    [pay_status] => 0
)
 from 73.42.212.89
2019/09/06 10:43:39 [/shop/shopping/load_payment_module.php] SendRequest:https://p01.mul-pay.jp/payment/ExecTran.idPass from 73.42.212.89
2019/09/06 10:43:39 [/shop/shopping/load_payment_module.php] Array
(
    [AccessID] => 2bd6359a38021d80caa5f5405f438288
    [AccessPass] => fd7f075007e5f248463f4b00076ae8f8
    [OrderID] => 939900-06104339
    [Method] => 1
    [Token] => 61aebba032ee29c020d86a73de93b14114e83cbc1c65251a37b9ba3d2c02a0e8
    [ClientField1] => 
    [ClientField2] => 
    [ClientField3] => EC-CUBE4.3.24
)
 from 73.42.212.89
2019/09/06 10:43:40 [/shop/shopping/load_payment_module.php] ACS=0&OrderID=939900-06104339&Forward=2S49631&Method=1&PayTimes=&Approve=0005467&TranID=1909061043602257210134131561&TranDate=20190906104340&CheckString=3dccbb7563c97a394b78e6960c511625 from 73.42.212.89
2019/09/06 10:43:40 [/shop/shopping/load_payment_module.php] Array
(
    [0] => Array
        (
            [ACS] => 0
            [OrderID] => 939900-06104339
            [Forward] => 2S49631
            [Method] => 1
            [PayTimes] => 
            [Approve] => 0005467
            [TranID] => 1909061043602257210134131561
            [TranDate] => 20190906104340
            [CheckString] => 3dccbb7563c97a394b78e6960c511625
        )

)
 from 73.42.212.89
2019/09/06 10:43:40 [/shop/shopping/load_payment_module.php] load_payment_module.php set payment data:Array
(
    [ACS] => 0
    [Forward] => 2S49631
    [Method] => 1
    [PayTimes] => 
    [Approve] => 0005467
    [TranID] => 1909061043602257210134131561
    [TranDate] => 20190906104340
    [CheckString] => 3dccbb7563c97a394b78e6960c511625
    [Amount] => 4320
    [JobCd] => CAPTURE
    [action_status] => 3
    [pay_status] => 13
)
 from 73.42.212.89
2019/09/06 10:43:41 [/shop/user_data/pg_mulpay_recv.php] ******* receiveer data start ******* from 210.175.7.20
2019/09/06 10:43:41 [/shop/user_data/pg_mulpay_recv.php] Array
(
    [ShopID] => 9000034600950
    [ShopPass] => **********
    [AccessID] => 2bd6359a38021d80caa5f5405f438288
    [AccessPass] => ********************************
    [OrderID] => 939900-06104339
    [Status] => CAPTURE
    [JobCd] => CAPTURE
    [Amount] => 4320
    [Tax] => 0
    [Currency] => JPN
    [Forward] => 2S49631
    [Method] => 1
    [PayTimes] => 
    [TranID] => 1909061043602257210134131561
    [Approve] => 0005467
    [TranDate] => 20190906104340
    [ErrCode] => 
    [ErrInfo] => 
    [PayType] => 0
)
 from 210.175.7.20
2019/09/06 10:43:41 [/shop/user_data/pg_mulpay_recv.php] ******* receiveer data end ******* from 210.175.7.20
2019/09/06 10:43:46 [/shop/user_data/pg_mulpay_recv.php] update order status:1 order_id=939900 from 210.175.7.20
2019/09/06 10:43:46 [/shop/user_data/pg_mulpay_recv.php] pg_mulpay_recv.php set payment data:Array
(
    [ShopID] => 9000034600950
    [AccessID] => 2bd6359a38021d80caa5f5405f438288
    [OrderID] => 939900-06104339
    [Status] => CAPTURE
    [JobCd] => CAPTURE
    [Amount] => 4320
    [Tax] => 0
    [Currency] => JPN
    [Forward] => 2S49631
    [Method] => 1
    [PayTimes] => 
    [TranID] => 1909061043602257210134131561
    [Approve] => 0005467
    [TranDate] => 20190906104340
    [ErrCode] => 
    [ErrInfo] => 
    [PayType] => 0
    [CvsCode] => 
    [CvsConfNo] => 
    [CvsReceiptNo] => 
    [EdyReceiptNo] => 
    [EdyOrderNo] => 
    [SuicaReceiptNo] => 
    [SuicaOrderNo] => 
    [CustID] => 
    [BkCode] => 
    [ConfNo] => 
    [PaymentTerm] => 
    [EncryptReceiptNo] => 
    [FinishDate] => 
    [ReceiptDate] => 
    [WebMoneyManagementNo] => 
    [WebMoneySettleCode] => 
    [AuPayInfoNo] => 
    [AuPayMethod] => 
    [AuCancelAmount] => 
    [AuCancelTax] => 
    [DocomoSettlementCode] => 
    [DocomoCancelAmount] => 
    [DocomoCancelTax] => 
    [pay_status] => 13
)
 from 210.175.7.20
2019/09/06 10:43:46 [/shop/user_data/pg_mulpay_recv.php] response:true from 210.175.7.20
2019/09/06 11:04:49 [/shop/shopping/load_payment_module.php] SendRequest:https://p01.mul-pay.jp/payment/EntryTran.idPass from 110.50.68.100
2019/09/06 11:04:49 [/shop/shopping/load_payment_module.php] Array
(
    [ShopID] => 9000034600950
    [ShopPass] => ******
    [OrderID] => 939901-06110449
    [JobCd] => CAPTURE
    [Amount] => 10290
    [TdFlag] => 0
    [TdTenantName] => 
)
 from 110.50.68.100
2019/09/06 11:04:49 [/shop/shopping/load_payment_module.php] AccessID=c9b35d9e0801e248f15bc7eab5777b28&AccessPass=0e0814419837eaf9e3a3a33fd742e94d from 110.50.68.100
2019/09/06 11:04:49 [/shop/shopping/load_payment_module.php] Array
(
    [0] => Array
        (
            [AccessID] => c9b35d9e0801e248f15bc7eab5777b28
            [AccessPass] => 0e0814419837eaf9e3a3a33fd742e94d
        )

)
 from 110.50.68.100
2019/09/06 11:04:49 [/shop/shopping/load_payment_module.php] load_payment_module.php set payment data:Array
(
    [AccessID] => c9b35d9e0801e248f15bc7eab5777b28
    [AccessPass] => 0e0814419837eaf9e3a3a33fd742e94d
    [OrderID] => 939901-06110449
    [Amount] => 10290
    [JobCd] => CAPTURE
    [action_status] => 1
    [pay_status] => 0
)
 from 110.50.68.100
2019/09/06 11:04:49 [/shop/shopping/load_payment_module.php] SendRequest:https://p01.mul-pay.jp/payment/ExecTran.idPass from 110.50.68.100
2019/09/06 11:04:49 [/shop/shopping/load_payment_module.php] Array
(
    [AccessID] => c9b35d9e0801e248f15bc7eab5777b28
    [AccessPass] => 0e0814419837eaf9e3a3a33fd742e94d
    [OrderID] => 939901-06110449
    [Method] => 1
    [Token] => ab34a93c3fc254da8c073d236c1efa1c8dcbda08da03ab2d192bee0dbba17d36
    [ClientField1] => 
    [ClientField2] => 
    [ClientField3] => EC-CUBE4.3.24
)
 from 110.50.68.100
2019/09/06 11:04:50 [/shop/shopping/load_payment_module.php] ACS=0&OrderID=939901-06110449&Forward=2S49631&Method=1&PayTimes=&Approve=0021184&TranID=1909061104602257210134111706&TranDate=20190906110450&CheckString=312db49583d8123c2830cf4682abaff2 from 110.50.68.100
2019/09/06 11:04:50 [/shop/shopping/load_payment_module.php] Array
(
    [0] => Array
        (
            [ACS] => 0
            [OrderID] => 939901-06110449
            [Forward] => 2S49631
            [Method] => 1
            [PayTimes] => 
            [Approve] => 0021184
            [TranID] => 1909061104602257210134111706
            [TranDate] => 20190906110450
            [CheckString] => 312db49583d8123c2830cf4682abaff2
        )

)
 from 110.50.68.100
2019/09/06 11:04:50 [/shop/shopping/load_payment_module.php] load_payment_module.php set payment data:Array
(
    [ACS] => 0
    [Forward] => 2S49631
    [Method] => 1
    [PayTimes] => 
    [Approve] => 0021184
    [TranID] => 1909061104602257210134111706
    [TranDate] => 20190906110450
    [CheckString] => 312db49583d8123c2830cf4682abaff2
    [Amount] => 10290
    [JobCd] => CAPTURE
    [action_status] => 3
    [pay_status] => 13
)
 from 110.50.68.100
2019/09/06 11:04:51 [/shop/user_data/pg_mulpay_recv.php] ******* receiveer data start ******* from 210.175.7.20
2019/09/06 11:04:51 [/shop/user_data/pg_mulpay_recv.php] Array
(
    [ShopID] => 9000034600950
    [ShopPass] => **********
    [AccessID] => c9b35d9e0801e248f15bc7eab5777b28
    [AccessPass] => ********************************
    [OrderID] => 939901-06110449
    [Status] => CAPTURE
    [JobCd] => CAPTURE
    [Amount] => 10290
    [Tax] => 0
    [Currency] => JPN
    [Forward] => 2S49631
    [Method] => 1
    [PayTimes] => 
    [TranID] => 1909061104602257210134111706
    [Approve] => 0021184
    [TranDate] => 20190906110450
    [ErrCode] => 
    [ErrInfo] => 
    [PayType] => 0
)
 from 210.175.7.20
2019/09/06 11:04:51 [/shop/user_data/pg_mulpay_recv.php] ******* receiveer data end ******* from 210.175.7.20
2019/09/06 11:04:56 [/shop/user_data/pg_mulpay_recv.php] update order status:1 order_id=939901 from 210.175.7.20
2019/09/06 11:04:56 [/shop/user_data/pg_mulpay_recv.php] pg_mulpay_recv.php set payment data:Array
(
    [ShopID] => 9000034600950
    [AccessID] => c9b35d9e0801e248f15bc7eab5777b28
    [OrderID] => 939901-06110449
    [Status] => CAPTURE
    [JobCd] => CAPTURE
    [Amount] => 10290
    [Tax] => 0
    [Currency] => JPN
    [Forward] => 2S49631
    [Method] => 1
    [PayTimes] => 
    [TranID] => 1909061104602257210134111706
    [Approve] => 0021184
    [TranDate] => 20190906110450
    [ErrCode] => 
    [ErrInfo] => 
    [PayType] => 0
    [CvsCode] => 
    [CvsConfNo] => 
    [CvsReceiptNo] => 
    [EdyReceiptNo] => 
    [EdyOrderNo] => 
    [SuicaReceiptNo] => 
    [SuicaOrderNo] => 
    [CustID] => 
    [BkCode] => 
    [ConfNo] => 
    [PaymentTerm] => 
    [EncryptReceiptNo] => 
    [FinishDate] => 
    [ReceiptDate] => 
    [WebMoneyManagementNo] => 
    [WebMoneySettleCode] => 
    [AuPayInfoNo] => 
    [AuPayMethod] => 
    [AuCancelAmount] => 
    [AuCancelTax] => 
    [DocomoSettlementCode] => 
    [DocomoCancelAmount] => 
    [DocomoCancelTax] => 
    [pay_status] => 13
)
 from 210.175.7.20
2019/09/06 11:04:56 [/shop/user_data/pg_mulpay_recv.php] response:true from 210.175.7.20
2019/09/06 13:45:50 [/shop/shopping/load_payment_module.php] SendRequest:https://p01.mul-pay.jp/payment/SearchMember.idPass from 76.104.181.146
2019/09/06 13:45:50 [/shop/shopping/load_payment_module.php] Array
(
    [SiteID] => mst0000007602
    [SitePass] => ******
    [MemberID] => 7810
)
 from 76.104.181.146
2019/09/06 13:45:50 [/shop/shopping/load_payment_module.php] ErrCode=E01&ErrInfo=E01390002 from 76.104.181.146
2019/09/06 13:45:50 [/shop/shopping/load_payment_module.php] Array
(
    [0] => Array
        (
            [ErrCode] => E01
            [ErrInfo] => E01390002
        )

)
 from 76.104.181.146
2019/09/06 13:45:50 [/shop/shopping/load_payment_module.php] SendRequest:https://p01.mul-pay.jp/payment/SearchCard.idPass from 76.104.181.146
2019/09/06 13:45:50 [/shop/shopping/load_payment_module.php] Array
(
    [SiteID] => mst0000007602
    [SitePass] => ******
    [MemberID] => 7810
)
 from 76.104.181.146
2019/09/06 13:45:50 [/shop/shopping/load_payment_module.php] ErrCode=E01|E01&ErrInfo=E01390002|E01240002 from 76.104.181.146
2019/09/06 13:45:50 [/shop/shopping/load_payment_module.php] Array
(
    [0] => Array
        (
            [ErrCode] => E01
            [ErrInfo] => E01390002
        )

    [1] => Array
        (
            [ErrCode] => E01
            [ErrInfo] => E01240002
        )

)
 from 76.104.181.146
2019/09/06 13:53:53 [/shop/shopping/load_payment_module.php] SendRequest:https://p01.mul-pay.jp/payment/SearchMember.idPass from 76.104.181.146
2019/09/06 13:53:53 [/shop/shopping/load_payment_module.php] Array
(
    [SiteID] => mst0000007602
    [SitePass] => ******
    [MemberID] => 7810
)
 from 76.104.181.146
2019/09/06 13:53:53 [/shop/shopping/load_payment_module.php] ErrCode=E01&ErrInfo=E01390002 from 76.104.181.146
2019/09/06 13:53:53 [/shop/shopping/load_payment_module.php] Array
(
    [0] => Array
        (
            [ErrCode] => E01
            [ErrInfo] => E01390002
        )

)
 from 76.104.181.146
2019/09/06 13:53:53 [/shop/shopping/load_payment_module.php] SendRequest:https://p01.mul-pay.jp/payment/SearchCard.idPass from 76.104.181.146
2019/09/06 13:53:53 [/shop/shopping/load_payment_module.php] Array
(
    [SiteID] => mst0000007602
    [SitePass] => ******
    [MemberID] => 7810
)
 from 76.104.181.146
2019/09/06 13:53:53 [/shop/shopping/load_payment_module.php] ErrCode=E01|E01&ErrInfo=E01390002|E01240002 from 76.104.181.146
2019/09/06 13:53:53 [/shop/shopping/load_payment_module.php] Array
(
    [0] => Array
        (
            [ErrCode] => E01
            [ErrInfo] => E01390002
        )

    [1] => Array
        (
            [ErrCode] => E01
            [ErrInfo] => E01240002
        )

)
 from 76.104.181.146
2019/09/06 13:53:53 [/shop/shopping/load_payment_module.php] SendRequest:https://p01.mul-pay.jp/payment/EntryTran.idPass from 76.104.181.146
2019/09/06 13:53:53 [/shop/shopping/load_payment_module.php] Array
(
    [ShopID] => 9000034600950
    [ShopPass] => ******
    [OrderID] => 939902-06135353
    [JobCd] => CAPTURE
    [Amount] => 6261
    [TdFlag] => 0
    [TdTenantName] => 
)
 from 76.104.181.146
2019/09/06 13:53:53 [/shop/shopping/load_payment_module.php] AccessID=b1175b2fedef55ec4df3678637c15a01&AccessPass=24575501e193f7312e5cf498c8c4530b from 76.104.181.146
2019/09/06 13:53:53 [/shop/shopping/load_payment_module.php] Array
(
    [0] => Array
        (
            [AccessID] => b1175b2fedef55ec4df3678637c15a01
            [AccessPass] => 24575501e193f7312e5cf498c8c4530b
        )

)
 from 76.104.181.146
2019/09/06 13:53:53 [/shop/shopping/load_payment_module.php] load_payment_module.php set payment data:Array
(
    [AccessID] => b1175b2fedef55ec4df3678637c15a01
    [AccessPass] => 24575501e193f7312e5cf498c8c4530b
    [OrderID] => 939902-06135353
    [Amount] => 6261
    [JobCd] => CAPTURE
    [action_status] => 1
    [pay_status] => 0
)
 from 76.104.181.146
2019/09/06 13:53:53 [/shop/shopping/load_payment_module.php] SendRequest:https://p01.mul-pay.jp/payment/ExecTran.idPass from 76.104.181.146
2019/09/06 13:53:53 [/shop/shopping/load_payment_module.php] Array
(
    [AccessID] => b1175b2fedef55ec4df3678637c15a01
    [AccessPass] => 24575501e193f7312e5cf498c8c4530b
    [OrderID] => 939902-06135353
    [Method] => 1
    [Token] => 5ee1132dbe69fe0764a77d45f895fdabcf4dee6b31d6f76e24ef151d9118f35a
    [ClientField1] => 
    [ClientField2] => 
    [ClientField3] => EC-CUBE4.3.24
)
 from 76.104.181.146
2019/09/06 13:53:54 [/shop/shopping/load_payment_module.php] ACS=0&OrderID=939902-06135353&Forward=2S49631&Method=1&PayTimes=&Approve=0096544&TranID=1909061353602257210134111707&TranDate=20190906135354&CheckString=86a817af5fe4627f3f96d1e09fac9564 from 76.104.181.146
2019/09/06 13:53:54 [/shop/shopping/load_payment_module.php] Array
(
    [0] => Array
        (
            [ACS] => 0
            [OrderID] => 939902-06135353
            [Forward] => 2S49631
            [Method] => 1
            [PayTimes] => 
            [Approve] => 0096544
            [TranID] => 1909061353602257210134111707
            [TranDate] => 20190906135354
            [CheckString] => 86a817af5fe4627f3f96d1e09fac9564
        )

)
 from 76.104.181.146
2019/09/06 13:53:54 [/shop/shopping/load_payment_module.php] load_payment_module.php set payment data:Array
(
    [ACS] => 0
    [Forward] => 2S49631
    [Method] => 1
    [PayTimes] => 
    [Approve] => 0096544
    [TranID] => 1909061353602257210134111707
    [TranDate] => 20190906135354
    [CheckString] => 86a817af5fe4627f3f96d1e09fac9564
    [Amount] => 6261
    [JobCd] => CAPTURE
    [action_status] => 3
    [pay_status] => 13
)
 from 76.104.181.146
2019/09/06 13:53:54 [/shop/user_data/pg_mulpay_recv.php] ******* receiveer data start ******* from 210.175.7.20
2019/09/06 13:53:54 [/shop/user_data/pg_mulpay_recv.php] Array
(
    [ShopID] => 9000034600950
    [ShopPass] => **********
    [AccessID] => b1175b2fedef55ec4df3678637c15a01
    [AccessPass] => ********************************
    [OrderID] => 939902-06135353
    [Status] => CAPTURE
    [JobCd] => CAPTURE
    [Amount] => 6261
    [Tax] => 0
    [Currency] => JPN
    [Forward] => 2S49631
    [Method] => 1
    [PayTimes] => 
    [TranID] => 1909061353602257210134111707
    [Approve] => 0096544
    [TranDate] => 20190906135354
    [ErrCode] => 
    [ErrInfo] => 
    [PayType] => 0
)
 from 210.175.7.20
2019/09/06 13:53:54 [/shop/user_data/pg_mulpay_recv.php] ******* receiveer data end ******* from 210.175.7.20
2019/09/06 13:53:59 [/shop/user_data/pg_mulpay_recv.php] update order status:1 order_id=939902 from 210.175.7.20
2019/09/06 13:53:59 [/shop/user_data/pg_mulpay_recv.php] pg_mulpay_recv.php set payment data:Array
(
    [ShopID] => 9000034600950
    [AccessID] => b1175b2fedef55ec4df3678637c15a01
    [OrderID] => 939902-06135353
    [Status] => CAPTURE
    [JobCd] => CAPTURE
    [Amount] => 6261
    [Tax] => 0
    [Currency] => JPN
    [Forward] => 2S49631
    [Method] => 1
    [PayTimes] => 
    [TranID] => 1909061353602257210134111707
    [Approve] => 0096544
    [TranDate] => 20190906135354
    [ErrCode] => 
    [ErrInfo] => 
    [PayType] => 0
    [CvsCode] => 
    [CvsConfNo] => 
    [CvsReceiptNo] => 
    [EdyReceiptNo] => 
    [EdyOrderNo] => 
    [SuicaReceiptNo] => 
    [SuicaOrderNo] => 
    [CustID] => 
    [BkCode] => 
    [ConfNo] => 
    [PaymentTerm] => 
    [EncryptReceiptNo] => 
    [FinishDate] => 
    [ReceiptDate] => 
    [WebMoneyManagementNo] => 
    [WebMoneySettleCode] => 
    [AuPayInfoNo] => 
    [AuPayMethod] => 
    [AuCancelAmount] => 
    [AuCancelTax] => 
    [DocomoSettlementCode] => 
    [DocomoCancelAmount] => 
    [DocomoCancelTax] => 
    [pay_status] => 13
)
 from 210.175.7.20
2019/09/06 13:53:59 [/shop/user_data/pg_mulpay_recv.php] response:true from 210.175.7.20
2019/09/06 14:58:39 [/shop/shopping/load_payment_module.php] SendRequest:https://p01.mul-pay.jp/payment/SearchMember.idPass from 98.151.83.69
2019/09/06 14:58:39 [/shop/shopping/load_payment_module.php] Array
(
    [SiteID] => mst0000007602
    [SitePass] => ******
    [MemberID] => 7908
)
 from 98.151.83.69
2019/09/06 14:58:39 [/shop/shopping/load_payment_module.php] ErrCode=E01&ErrInfo=E01390002 from 98.151.83.69
2019/09/06 14:58:40 [/shop/shopping/load_payment_module.php] Array
(
    [0] => Array
        (
            [ErrCode] => E01
            [ErrInfo] => E01390002
        )

)
 from 98.151.83.69
2019/09/06 14:58:40 [/shop/shopping/load_payment_module.php] SendRequest:https://p01.mul-pay.jp/payment/SearchCard.idPass from 98.151.83.69
2019/09/06 14:58:40 [/shop/shopping/load_payment_module.php] Array
(
    [SiteID] => mst0000007602
    [SitePass] => ******
    [MemberID] => 7908
)
 from 98.151.83.69
2019/09/06 14:58:40 [/shop/shopping/load_payment_module.php] ErrCode=E01|E01&ErrInfo=E01390002|E01240002 from 98.151.83.69
2019/09/06 14:58:40 [/shop/shopping/load_payment_module.php] Array
(
    [0] => Array
        (
            [ErrCode] => E01
            [ErrInfo] => E01390002
        )

    [1] => Array
        (
            [ErrCode] => E01
            [ErrInfo] => E01240002
        )

)
 from 98.151.83.69
2019/09/06 14:59:51 [/shop/shopping/load_payment_module.php] SendRequest:https://p01.mul-pay.jp/payment/SearchMember.idPass from 98.151.83.69
2019/09/06 14:59:51 [/shop/shopping/load_payment_module.php] Array
(
    [SiteID] => mst0000007602
    [SitePass] => ******
    [MemberID] => 7908
)
 from 98.151.83.69
2019/09/06 14:59:51 [/shop/shopping/load_payment_module.php] ErrCode=E01&ErrInfo=E01390002 from 98.151.83.69
2019/09/06 14:59:51 [/shop/shopping/load_payment_module.php] Array
(
    [0] => Array
        (
            [ErrCode] => E01
            [ErrInfo] => E01390002
        )

)
 from 98.151.83.69
2019/09/06 14:59:51 [/shop/shopping/load_payment_module.php] SendRequest:https://p01.mul-pay.jp/payment/SearchCard.idPass from 98.151.83.69
2019/09/06 14:59:51 [/shop/shopping/load_payment_module.php] Array
(
    [SiteID] => mst0000007602
    [SitePass] => ******
    [MemberID] => 7908
)
 from 98.151.83.69
2019/09/06 14:59:51 [/shop/shopping/load_payment_module.php] ErrCode=E01|E01&ErrInfo=E01390002|E01240002 from 98.151.83.69
2019/09/06 14:59:51 [/shop/shopping/load_payment_module.php] Array
(
    [0] => Array
        (
            [ErrCode] => E01
            [ErrInfo] => E01390002
        )

    [1] => Array
        (
            [ErrCode] => E01
            [ErrInfo] => E01240002
        )

)
 from 98.151.83.69
2019/09/06 14:59:51 [/shop/shopping/load_payment_module.php] SendRequest:https://p01.mul-pay.jp/payment/EntryTran.idPass from 98.151.83.69
2019/09/06 14:59:51 [/shop/shopping/load_payment_module.php] Array
(
    [ShopID] => 9000034600950
    [ShopPass] => ******
    [OrderID] => 939903-06145951
    [JobCd] => CAPTURE
    [Amount] => 4680
    [TdFlag] => 0
    [TdTenantName] => 
)
 from 98.151.83.69
2019/09/06 14:59:51 [/shop/shopping/load_payment_module.php] AccessID=317be8e7e61c3816e3a4049191e58882&AccessPass=e463d8d75dbeb2a7bfd1c4bf8f0f6603 from 98.151.83.69
2019/09/06 14:59:51 [/shop/shopping/load_payment_module.php] Array
(
    [0] => Array
        (
            [AccessID] => 317be8e7e61c3816e3a4049191e58882
            [AccessPass] => e463d8d75dbeb2a7bfd1c4bf8f0f6603
        )

)
 from 98.151.83.69
2019/09/06 14:59:51 [/shop/shopping/load_payment_module.php] load_payment_module.php set payment data:Array
(
    [AccessID] => 317be8e7e61c3816e3a4049191e58882
    [AccessPass] => e463d8d75dbeb2a7bfd1c4bf8f0f6603
    [OrderID] => 939903-06145951
    [Amount] => 4680
    [JobCd] => CAPTURE
    [action_status] => 1
    [pay_status] => 0
)
 from 98.151.83.69
2019/09/06 14:59:51 [/shop/shopping/load_payment_module.php] SendRequest:https://p01.mul-pay.jp/payment/ExecTran.idPass from 98.151.83.69
2019/09/06 14:59:51 [/shop/shopping/load_payment_module.php] Array
(
    [AccessID] => 317be8e7e61c3816e3a4049191e58882
    [AccessPass] => e463d8d75dbeb2a7bfd1c4bf8f0f6603
    [OrderID] => 939903-06145951
    [Method] => 1
    [Token] => 394195ac196c8bb060a98a3bf2ecaef472078c7a57d3bdf407f3ca7f211a8191
    [ClientField1] => 
    [ClientField2] => 
    [ClientField3] => EC-CUBE4.3.24
)
 from 98.151.83.69
2019/09/06 14:59:53 [/shop/shopping/load_payment_module.php] ACS=0&OrderID=939903-06145951&Forward=2959876&Method=1&PayTimes=&Approve=0085849&TranID=1909061459602257210134111708&TranDate=20190906145953&CheckString=5e3c5e67f9792493347f412178031d9f from 98.151.83.69
2019/09/06 14:59:53 [/shop/shopping/load_payment_module.php] Array
(
    [0] => Array
        (
            [ACS] => 0
            [OrderID] => 939903-06145951
            [Forward] => 2959876
            [Method] => 1
            [PayTimes] => 
            [Approve] => 0085849
            [TranID] => 1909061459602257210134111708
            [TranDate] => 20190906145953
            [CheckString] => 5e3c5e67f9792493347f412178031d9f
        )

)
 from 98.151.83.69
2019/09/06 14:59:53 [/shop/shopping/load_payment_module.php] load_payment_module.php set payment data:Array
(
    [ACS] => 0
    [Forward] => 2959876
    [Method] => 1
    [PayTimes] => 
    [Approve] => 0085849
    [TranID] => 1909061459602257210134111708
    [TranDate] => 20190906145953
    [CheckString] => 5e3c5e67f9792493347f412178031d9f
    [Amount] => 4680
    [JobCd] => CAPTURE
    [action_status] => 3
    [pay_status] => 13
)
 from 98.151.83.69
2019/09/06 14:59:53 [/shop/user_data/pg_mulpay_recv.php] ******* receiveer data start ******* from 210.175.7.20
2019/09/06 14:59:53 [/shop/user_data/pg_mulpay_recv.php] Array
(
    [ShopID] => 9000034600950
    [ShopPass] => **********
    [AccessID] => 317be8e7e61c3816e3a4049191e58882
    [AccessPass] => ********************************
    [OrderID] => 939903-06145951
    [Status] => CAPTURE
    [JobCd] => CAPTURE
    [Amount] => 4680
    [Tax] => 0
    [Currency] => JPN
    [Forward] => 2959876
    [Method] => 1
    [PayTimes] => 
    [TranID] => 1909061459602257210134111708
    [Approve] => 0085849
    [TranDate] => 20190906145953
    [ErrCode] => 
    [ErrInfo] => 
    [PayType] => 0
)
 from 210.175.7.20
2019/09/06 14:59:53 [/shop/user_data/pg_mulpay_recv.php] ******* receiveer data end ******* from 210.175.7.20
2019/09/06 14:59:58 [/shop/user_data/pg_mulpay_recv.php] update order status:1 order_id=939903 from 210.175.7.20
2019/09/06 14:59:58 [/shop/user_data/pg_mulpay_recv.php] pg_mulpay_recv.php set payment data:Array
(
    [ShopID] => 9000034600950
    [AccessID] => 317be8e7e61c3816e3a4049191e58882
    [OrderID] => 939903-06145951
    [Status] => CAPTURE
    [JobCd] => CAPTURE
    [Amount] => 4680
    [Tax] => 0
    [Currency] => JPN
    [Forward] => 2959876
    [Method] => 1
    [PayTimes] => 
    [TranID] => 1909061459602257210134111708
    [Approve] => 0085849
    [TranDate] => 20190906145953
    [ErrCode] => 
    [ErrInfo] => 
    [PayType] => 0
    [CvsCode] => 
    [CvsConfNo] => 
    [CvsReceiptNo] => 
    [EdyReceiptNo] => 
    [EdyOrderNo] => 
    [SuicaReceiptNo] => 
    [SuicaOrderNo] => 
    [CustID] => 
    [BkCode] => 
    [ConfNo] => 
    [PaymentTerm] => 
    [EncryptReceiptNo] => 
    [FinishDate] => 
    [ReceiptDate] => 
    [WebMoneyManagementNo] => 
    [WebMoneySettleCode] => 
    [AuPayInfoNo] => 
    [AuPayMethod] => 
    [AuCancelAmount] => 
    [AuCancelTax] => 
    [DocomoSettlementCode] => 
    [DocomoCancelAmount] => 
    [DocomoCancelTax] => 
    [pay_status] => 13
)
 from 210.175.7.20
2019/09/06 14:59:58 [/shop/user_data/pg_mulpay_recv.php] response:true from 210.175.7.20
2019/09/06 15:17:08 [/shop/shopping/load_payment_module.php] SendRequest:https://p01.mul-pay.jp/payment/SearchMember.idPass from 113.210.101.30
2019/09/06 15:17:08 [/shop/shopping/load_payment_module.php] Array
(
    [SiteID] => mst0000007602
    [SitePass] => ******
    [MemberID] => 2564
)
 from 113.210.101.30
2019/09/06 15:17:08 [/shop/shopping/load_payment_module.php] ErrCode=E01&ErrInfo=E01390002 from 113.210.101.30
2019/09/06 15:17:08 [/shop/shopping/load_payment_module.php] Array
(
    [0] => Array
        (
            [ErrCode] => E01
            [ErrInfo] => E01390002
        )

)
 from 113.210.101.30
2019/09/06 15:17:08 [/shop/shopping/load_payment_module.php] SendRequest:https://p01.mul-pay.jp/payment/SearchCard.idPass from 113.210.101.30
2019/09/06 15:17:08 [/shop/shopping/load_payment_module.php] Array
(
    [SiteID] => mst0000007602
    [SitePass] => ******
    [MemberID] => 2564
)
 from 113.210.101.30
2019/09/06 15:17:08 [/shop/shopping/load_payment_module.php] ErrCode=E01|E01&ErrInfo=E01390002|E01240002 from 113.210.101.30
2019/09/06 15:17:09 [/shop/shopping/load_payment_module.php] Array
(
    [0] => Array
        (
            [ErrCode] => E01
            [ErrInfo] => E01390002
        )

    [1] => Array
        (
            [ErrCode] => E01
            [ErrInfo] => E01240002
        )

)
 from 113.210.101.30
2019/09/06 15:17:33 [/shop/shopping/load_payment_module.php] SendRequest:https://p01.mul-pay.jp/payment/SearchMember.idPass from 113.210.101.30
2019/09/06 15:17:33 [/shop/shopping/load_payment_module.php] Array
(
    [SiteID] => mst0000007602
    [SitePass] => ******
    [MemberID] => 2564
)
 from 113.210.101.30
2019/09/06 15:17:33 [/shop/shopping/load_payment_module.php] ErrCode=E01&ErrInfo=E01390002 from 113.210.101.30
2019/09/06 15:17:33 [/shop/shopping/load_payment_module.php] Array
(
    [0] => Array
        (
            [ErrCode] => E01
            [ErrInfo] => E01390002
        )

)
 from 113.210.101.30
2019/09/06 15:17:33 [/shop/shopping/load_payment_module.php] SendRequest:https://p01.mul-pay.jp/payment/SearchCard.idPass from 113.210.101.30
2019/09/06 15:17:33 [/shop/shopping/load_payment_module.php] Array
(
    [SiteID] => mst0000007602
    [SitePass] => ******
    [MemberID] => 2564
)
 from 113.210.101.30
2019/09/06 15:17:33 [/shop/shopping/load_payment_module.php] ErrCode=E01|E01&ErrInfo=E01390002|E01240002 from 113.210.101.30
2019/09/06 15:17:33 [/shop/shopping/load_payment_module.php] Array
(
    [0] => Array
        (
            [ErrCode] => E01
            [ErrInfo] => E01390002
        )

    [1] => Array
        (
            [ErrCode] => E01
            [ErrInfo] => E01240002
        )

)
 from 113.210.101.30
2019/09/06 15:17:33 [/shop/shopping/load_payment_module.php] SendRequest:https://p01.mul-pay.jp/payment/EntryTran.idPass from 113.210.101.30
2019/09/06 15:17:33 [/shop/shopping/load_payment_module.php] Array
(
    [ShopID] => 9000034600950
    [ShopPass] => ******
    [OrderID] => 939904-06151733
    [JobCd] => CAPTURE
    [Amount] => 7574
    [TdFlag] => 0
    [TdTenantName] => 
)
 from 113.210.101.30
2019/09/06 15:17:34 [/shop/shopping/load_payment_module.php] AccessID=b86b34de7662d5f997ea0a6f359284d4&AccessPass=8b843224beb988af97225409cf3f1dbf from 113.210.101.30
2019/09/06 15:17:34 [/shop/shopping/load_payment_module.php] Array
(
    [0] => Array
        (
            [AccessID] => b86b34de7662d5f997ea0a6f359284d4
            [AccessPass] => 8b843224beb988af97225409cf3f1dbf
        )

)
 from 113.210.101.30
2019/09/06 15:17:34 [/shop/shopping/load_payment_module.php] load_payment_module.php set payment data:Array
(
    [AccessID] => b86b34de7662d5f997ea0a6f359284d4
    [AccessPass] => 8b843224beb988af97225409cf3f1dbf
    [OrderID] => 939904-06151733
    [Amount] => 7574
    [JobCd] => CAPTURE
    [action_status] => 1
    [pay_status] => 0
)
 from 113.210.101.30
2019/09/06 15:17:34 [/shop/shopping/load_payment_module.php] SendRequest:https://p01.mul-pay.jp/payment/ExecTran.idPass from 113.210.101.30
2019/09/06 15:17:34 [/shop/shopping/load_payment_module.php] Array
(
    [AccessID] => b86b34de7662d5f997ea0a6f359284d4
    [AccessPass] => 8b843224beb988af97225409cf3f1dbf
    [OrderID] => 939904-06151733
    [Method] => 1
    [Token] => 98d27de9425ab73bf14dbf60183d8580835435678238c41c0d46292fac5198f0
    [ClientField1] => 
    [ClientField2] => 
    [ClientField3] => EC-CUBE4.3.24
)
 from 113.210.101.30
2019/09/06 15:17:34 [/shop/shopping/load_payment_module.php] ACS=0&OrderID=939904-06151733&Forward=2S49631&Method=1&PayTimes=&Approve=0081508&TranID=1909061517602257210134111709&TranDate=20190906151734&CheckString=4bf0265310b75737551a6635f490842f from 113.210.101.30
2019/09/06 15:17:34 [/shop/shopping/load_payment_module.php] Array
(
    [0] => Array
        (
            [ACS] => 0
            [OrderID] => 939904-06151733
            [Forward] => 2S49631
            [Method] => 1
            [PayTimes] => 
            [Approve] => 0081508
            [TranID] => 1909061517602257210134111709
            [TranDate] => 20190906151734
            [CheckString] => 4bf0265310b75737551a6635f490842f
        )

)
 from 113.210.101.30
2019/09/06 15:17:34 [/shop/shopping/load_payment_module.php] load_payment_module.php set payment data:Array
(
    [ACS] => 0
    [Forward] => 2S49631
    [Method] => 1
    [PayTimes] => 
    [Approve] => 0081508
    [TranID] => 1909061517602257210134111709
    [TranDate] => 20190906151734
    [CheckString] => 4bf0265310b75737551a6635f490842f
    [Amount] => 7574
    [JobCd] => CAPTURE
    [action_status] => 3
    [pay_status] => 13
)
 from 113.210.101.30
2019/09/06 15:17:35 [/shop/user_data/pg_mulpay_recv.php] ******* receiveer data start ******* from 210.175.7.20
2019/09/06 15:17:35 [/shop/user_data/pg_mulpay_recv.php] Array
(
    [ShopID] => 9000034600950
    [ShopPass] => **********
    [AccessID] => b86b34de7662d5f997ea0a6f359284d4
    [AccessPass] => ********************************
    [OrderID] => 939904-06151733
    [Status] => CAPTURE
    [JobCd] => CAPTURE
    [Amount] => 7574
    [Tax] => 0
    [Currency] => JPN
    [Forward] => 2S49631
    [Method] => 1
    [PayTimes] => 
    [TranID] => 1909061517602257210134111709
    [Approve] => 0081508
    [TranDate] => 20190906151734
    [ErrCode] => 
    [ErrInfo] => 
    [PayType] => 0
)
 from 210.175.7.20
2019/09/06 15:17:35 [/shop/user_data/pg_mulpay_recv.php] ******* receiveer data end ******* from 210.175.7.20
2019/09/06 15:17:40 [/shop/user_data/pg_mulpay_recv.php] update order status:1 order_id=939904 from 210.175.7.20
2019/09/06 15:17:40 [/shop/user_data/pg_mulpay_recv.php] pg_mulpay_recv.php set payment data:Array
(
    [ShopID] => 9000034600950
    [AccessID] => b86b34de7662d5f997ea0a6f359284d4
    [OrderID] => 939904-06151733
    [Status] => CAPTURE
    [JobCd] => CAPTURE
    [Amount] => 7574
    [Tax] => 0
    [Currency] => JPN
    [Forward] => 2S49631
    [Method] => 1
    [PayTimes] => 
    [TranID] => 1909061517602257210134111709
    [Approve] => 0081508
    [TranDate] => 20190906151734
    [ErrCode] => 
    [ErrInfo] => 
    [PayType] => 0
    [CvsCode] => 
    [CvsConfNo] => 
    [CvsReceiptNo] => 
    [EdyReceiptNo] => 
    [EdyOrderNo] => 
    [SuicaReceiptNo] => 
    [SuicaOrderNo] => 
    [CustID] => 
    [BkCode] => 
    [ConfNo] => 
    [PaymentTerm] => 
    [EncryptReceiptNo] => 
    [FinishDate] => 
    [ReceiptDate] => 
    [WebMoneyManagementNo] => 
    [WebMoneySettleCode] => 
    [AuPayInfoNo] => 
    [AuPayMethod] => 
    [AuCancelAmount] => 
    [AuCancelTax] => 
    [DocomoSettlementCode] => 
    [DocomoCancelAmount] => 
    [DocomoCancelTax] => 
    [pay_status] => 13
)
 from 210.175.7.20
2019/09/06 15:17:40 [/shop/user_data/pg_mulpay_recv.php] response:true from 210.175.7.20
2019/09/06 15:59:25 [/shop/shopping/load_payment_module.php] SendRequest:https://p01.mul-pay.jp/payment/EntryTran.idPass from 126.162.4.137
2019/09/06 15:59:25 [/shop/shopping/load_payment_module.php] Array
(
    [ShopID] => 9000034600950
    [ShopPass] => ******
    [OrderID] => 939905-06155925
    [JobCd] => CAPTURE
    [Amount] => 6750
    [TdFlag] => 0
    [TdTenantName] => 
)
 from 126.162.4.137
2019/09/06 15:59:25 [/shop/shopping/load_payment_module.php] AccessID=a7573034c863ce11c568b2ba8baf49ef&AccessPass=b3d48de26cd4867a47b9f2ca686c382b from 126.162.4.137
2019/09/06 15:59:25 [/shop/shopping/load_payment_module.php] Array
(
    [0] => Array
        (
            [AccessID] => a7573034c863ce11c568b2ba8baf49ef
            [AccessPass] => b3d48de26cd4867a47b9f2ca686c382b
        )

)
 from 126.162.4.137
2019/09/06 15:59:25 [/shop/shopping/load_payment_module.php] load_payment_module.php set payment data:Array
(
    [AccessID] => a7573034c863ce11c568b2ba8baf49ef
    [AccessPass] => b3d48de26cd4867a47b9f2ca686c382b
    [OrderID] => 939905-06155925
    [Amount] => 6750
    [JobCd] => CAPTURE
    [action_status] => 1
    [pay_status] => 0
)
 from 126.162.4.137
2019/09/06 15:59:25 [/shop/shopping/load_payment_module.php] SendRequest:https://p01.mul-pay.jp/payment/ExecTran.idPass from 126.162.4.137
2019/09/06 15:59:25 [/shop/shopping/load_payment_module.php] Array
(
    [AccessID] => a7573034c863ce11c568b2ba8baf49ef
    [AccessPass] => b3d48de26cd4867a47b9f2ca686c382b
    [OrderID] => 939905-06155925
    [Method] => 1
    [Token] => 7f0175e7c3fd6e82224c6cc58421c61bab9e9832e301b375d84029aa61e026a2
    [ClientField1] => 
    [ClientField2] => 
    [ClientField3] => EC-CUBE4.3.24
)
 from 126.162.4.137
2019/09/06 15:59:26 [/shop/shopping/load_payment_module.php] ACS=0&OrderID=939905-06155925&Forward=2S49631&Method=1&PayTimes=&Approve=0790426&TranID=1909061559602257210134121681&TranDate=20190906155926&CheckString=30fb8f0805e8dc8a2448979c052f237f from 126.162.4.137
2019/09/06 15:59:26 [/shop/shopping/load_payment_module.php] Array
(
    [0] => Array
        (
            [ACS] => 0
            [OrderID] => 939905-06155925
            [Forward] => 2S49631
            [Method] => 1
            [PayTimes] => 
            [Approve] => 0790426
            [TranID] => 1909061559602257210134121681
            [TranDate] => 20190906155926
            [CheckString] => 30fb8f0805e8dc8a2448979c052f237f
        )

)
 from 126.162.4.137
2019/09/06 15:59:26 [/shop/shopping/load_payment_module.php] load_payment_module.php set payment data:Array
(
    [ACS] => 0
    [Forward] => 2S49631
    [Method] => 1
    [PayTimes] => 
    [Approve] => 0790426
    [TranID] => 1909061559602257210134121681
    [TranDate] => 20190906155926
    [CheckString] => 30fb8f0805e8dc8a2448979c052f237f
    [Amount] => 6750
    [JobCd] => CAPTURE
    [action_status] => 3
    [pay_status] => 13
)
 from 126.162.4.137
2019/09/06 15:59:27 [/shop/user_data/pg_mulpay_recv.php] ******* receiveer data start ******* from 210.175.7.20
2019/09/06 15:59:27 [/shop/user_data/pg_mulpay_recv.php] Array
(
    [ShopID] => 9000034600950
    [ShopPass] => **********
    [AccessID] => a7573034c863ce11c568b2ba8baf49ef
    [AccessPass] => ********************************
    [OrderID] => 939905-06155925
    [Status] => CAPTURE
    [JobCd] => CAPTURE
    [Amount] => 6750
    [Tax] => 0
    [Currency] => JPN
    [Forward] => 2S49631
    [Method] => 1
    [PayTimes] => 
    [TranID] => 1909061559602257210134121681
    [Approve] => 0790426
    [TranDate] => 20190906155926
    [ErrCode] => 
    [ErrInfo] => 
    [PayType] => 0
)
 from 210.175.7.20
2019/09/06 15:59:27 [/shop/user_data/pg_mulpay_recv.php] ******* receiveer data end ******* from 210.175.7.20
2019/09/06 15:59:32 [/shop/user_data/pg_mulpay_recv.php] update order status:1 order_id=939905 from 210.175.7.20
2019/09/06 15:59:32 [/shop/user_data/pg_mulpay_recv.php] pg_mulpay_recv.php set payment data:Array
(
    [ShopID] => 9000034600950
    [AccessID] => a7573034c863ce11c568b2ba8baf49ef
    [OrderID] => 939905-06155925
    [Status] => CAPTURE
    [JobCd] => CAPTURE
    [Amount] => 6750
    [Tax] => 0
    [Currency] => JPN
    [Forward] => 2S49631
    [Method] => 1
    [PayTimes] => 
    [TranID] => 1909061559602257210134121681
    [Approve] => 0790426
    [TranDate] => 20190906155926
    [ErrCode] => 
    [ErrInfo] => 
    [PayType] => 0
    [CvsCode] => 
    [CvsConfNo] => 
    [CvsReceiptNo] => 
    [EdyReceiptNo] => 
    [EdyOrderNo] => 
    [SuicaReceiptNo] => 
    [SuicaOrderNo] => 
    [CustID] => 
    [BkCode] => 
    [ConfNo] => 
    [PaymentTerm] => 
    [EncryptReceiptNo] => 
    [FinishDate] => 
    [ReceiptDate] => 
    [WebMoneyManagementNo] => 
    [WebMoneySettleCode] => 
    [AuPayInfoNo] => 
    [AuPayMethod] => 
    [AuCancelAmount] => 
    [AuCancelTax] => 
    [DocomoSettlementCode] => 
    [DocomoCancelAmount] => 
    [DocomoCancelTax] => 
    [pay_status] => 13
)
 from 210.175.7.20
2019/09/06 15:59:32 [/shop/user_data/pg_mulpay_recv.php] response:true from 210.175.7.20
2019/09/06 16:01:28 [/shop/shopping/load_payment_module.php] SendRequest:https://p01.mul-pay.jp/payment/SearchMember.idPass from 93.39.25.104
2019/09/06 16:01:28 [/shop/shopping/load_payment_module.php] Array
(
    [SiteID] => mst0000007602
    [SitePass] => ******
    [MemberID] => 9680
)
 from 93.39.25.104
2019/09/06 16:01:28 [/shop/shopping/load_payment_module.php] ErrCode=E01&ErrInfo=E01390002 from 93.39.25.104
2019/09/06 16:01:29 [/shop/shopping/load_payment_module.php] Array
(
    [0] => Array
        (
            [ErrCode] => E01
            [ErrInfo] => E01390002
        )

)
 from 93.39.25.104
2019/09/06 16:01:29 [/shop/shopping/load_payment_module.php] SendRequest:https://p01.mul-pay.jp/payment/SearchCard.idPass from 93.39.25.104
2019/09/06 16:01:29 [/shop/shopping/load_payment_module.php] Array
(
    [SiteID] => mst0000007602
    [SitePass] => ******
    [MemberID] => 9680
)
 from 93.39.25.104
2019/09/06 16:01:29 [/shop/shopping/load_payment_module.php] ErrCode=E01|E01&ErrInfo=E01390002|E01240002 from 93.39.25.104
2019/09/06 16:01:29 [/shop/shopping/load_payment_module.php] Array
(
    [0] => Array
        (
            [ErrCode] => E01
            [ErrInfo] => E01390002
        )

    [1] => Array
        (
            [ErrCode] => E01
            [ErrInfo] => E01240002
        )

)
 from 93.39.25.104
2019/09/06 16:02:19 [/shop/shopping/load_payment_module.php] SendRequest:https://p01.mul-pay.jp/payment/SearchMember.idPass from 93.39.25.104
2019/09/06 16:02:19 [/shop/shopping/load_payment_module.php] Array
(
    [SiteID] => mst0000007602
    [SitePass] => ******
    [MemberID] => 9680
)
 from 93.39.25.104
2019/09/06 16:02:19 [/shop/shopping/load_payment_module.php] ErrCode=E01&ErrInfo=E01390002 from 93.39.25.104
2019/09/06 16:02:19 [/shop/shopping/load_payment_module.php] Array
(
    [0] => Array
        (
            [ErrCode] => E01
            [ErrInfo] => E01390002
        )

)
 from 93.39.25.104
2019/09/06 16:02:19 [/shop/shopping/load_payment_module.php] SendRequest:https://p01.mul-pay.jp/payment/SearchCard.idPass from 93.39.25.104
2019/09/06 16:02:19 [/shop/shopping/load_payment_module.php] Array
(
    [SiteID] => mst0000007602
    [SitePass] => ******
    [MemberID] => 9680
)
 from 93.39.25.104
2019/09/06 16:02:19 [/shop/shopping/load_payment_module.php] ErrCode=E01|E01&ErrInfo=E01390002|E01240002 from 93.39.25.104
2019/09/06 16:02:19 [/shop/shopping/load_payment_module.php] Array
(
    [0] => Array
        (
            [ErrCode] => E01
            [ErrInfo] => E01390002
        )

    [1] => Array
        (
            [ErrCode] => E01
            [ErrInfo] => E01240002
        )

)
 from 93.39.25.104
2019/09/06 16:02:19 [/shop/shopping/load_payment_module.php] SendRequest:https://p01.mul-pay.jp/payment/EntryTran.idPass from 93.39.25.104
2019/09/06 16:02:19 [/shop/shopping/load_payment_module.php] Array
(
    [ShopID] => 9000034600950
    [ShopPass] => ******
    [OrderID] => 939906-06160219
    [JobCd] => CAPTURE
    [Amount] => 6020
    [TdFlag] => 0
    [TdTenantName] => 
)
 from 93.39.25.104
2019/09/06 16:02:19 [/shop/shopping/load_payment_module.php] AccessID=b5daea023c23b8824c12387e25b38dba&AccessPass=fb1ef434e2a758fb73550b3edcc6c5d9 from 93.39.25.104
2019/09/06 16:02:19 [/shop/shopping/load_payment_module.php] Array
(
    [0] => Array
        (
            [AccessID] => b5daea023c23b8824c12387e25b38dba
            [AccessPass] => fb1ef434e2a758fb73550b3edcc6c5d9
        )

)
 from 93.39.25.104
2019/09/06 16:02:19 [/shop/shopping/load_payment_module.php] load_payment_module.php set payment data:Array
(
    [AccessID] => b5daea023c23b8824c12387e25b38dba
    [AccessPass] => fb1ef434e2a758fb73550b3edcc6c5d9
    [OrderID] => 939906-06160219
    [Amount] => 6020
    [JobCd] => CAPTURE
    [action_status] => 1
    [pay_status] => 0
)
 from 93.39.25.104
2019/09/06 16:02:19 [/shop/shopping/load_payment_module.php] SendRequest:https://p01.mul-pay.jp/payment/ExecTran.idPass from 93.39.25.104
2019/09/06 16:02:19 [/shop/shopping/load_payment_module.php] Array
(
    [AccessID] => b5daea023c23b8824c12387e25b38dba
    [AccessPass] => fb1ef434e2a758fb73550b3edcc6c5d9
    [OrderID] => 939906-06160219
    [Method] => 1
    [Token] => 500ac99995b91aa29a2105f7633d3873d91775c2ee395d9f21c70ef0f57eaf7a
    [ClientField1] => 
    [ClientField2] => 
    [ClientField3] => EC-CUBE4.3.24
)
 from 93.39.25.104
2019/09/06 16:02:21 [/shop/shopping/load_payment_module.php] ACS=0&OrderID=939906-06160219&Forward=2959876&Method=1&PayTimes=&Approve=0131582&TranID=1909061602602257210134121682&TranDate=20190906160220&CheckString=293003763bd4bb4ce89dd5fc726bee98 from 93.39.25.104
2019/09/06 16:02:21 [/shop/shopping/load_payment_module.php] Array
(
    [0] => Array
        (
            [ACS] => 0
            [OrderID] => 939906-06160219
            [Forward] => 2959876
            [Method] => 1
            [PayTimes] => 
            [Approve] => 0131582
            [TranID] => 1909061602602257210134121682
            [TranDate] => 20190906160220
            [CheckString] => 293003763bd4bb4ce89dd5fc726bee98
        )

)
 from 93.39.25.104
2019/09/06 16:02:21 [/shop/shopping/load_payment_module.php] load_payment_module.php set payment data:Array
(
    [ACS] => 0
    [Forward] => 2959876
    [Method] => 1
    [PayTimes] => 
    [Approve] => 0131582
    [TranID] => 1909061602602257210134121682
    [TranDate] => 20190906160220
    [CheckString] => 293003763bd4bb4ce89dd5fc726bee98
    [Amount] => 6020
    [JobCd] => CAPTURE
    [action_status] => 3
    [pay_status] => 13
)
 from 93.39.25.104
2019/09/06 16:02:21 [/shop/user_data/pg_mulpay_recv.php] ******* receiveer data start ******* from 210.175.7.20
2019/09/06 16:02:21 [/shop/user_data/pg_mulpay_recv.php] Array
(
    [ShopID] => 9000034600950
    [ShopPass] => **********
    [AccessID] => b5daea023c23b8824c12387e25b38dba
    [AccessPass] => ********************************
    [OrderID] => 939906-06160219
    [Status] => CAPTURE
    [JobCd] => CAPTURE
    [Amount] => 6020
    [Tax] => 0
    [Currency] => JPN
    [Forward] => 2959876
    [Method] => 1
    [PayTimes] => 
    [TranID] => 1909061602602257210134121682
    [Approve] => 0131582
    [TranDate] => 20190906160220
    [ErrCode] => 
    [ErrInfo] => 
    [PayType] => 0
)
 from 210.175.7.20
2019/09/06 16:02:21 [/shop/user_data/pg_mulpay_recv.php] ******* receiveer data end ******* from 210.175.7.20
2019/09/06 16:02:26 [/shop/user_data/pg_mulpay_recv.php] update order status:1 order_id=939906 from 210.175.7.20
2019/09/06 16:02:26 [/shop/user_data/pg_mulpay_recv.php] pg_mulpay_recv.php set payment data:Array
(
    [ShopID] => 9000034600950
    [AccessID] => b5daea023c23b8824c12387e25b38dba
    [OrderID] => 939906-06160219
    [Status] => CAPTURE
    [JobCd] => CAPTURE
    [Amount] => 6020
    [Tax] => 0
    [Currency] => JPN
    [Forward] => 2959876
    [Method] => 1
    [PayTimes] => 
    [TranID] => 1909061602602257210134121682
    [Approve] => 0131582
    [TranDate] => 20190906160220
    [ErrCode] => 
    [ErrInfo] => 
    [PayType] => 0
    [CvsCode] => 
    [CvsConfNo] => 
    [CvsReceiptNo] => 
    [EdyReceiptNo] => 
    [EdyOrderNo] => 
    [SuicaReceiptNo] => 
    [SuicaOrderNo] => 
    [CustID] => 
    [BkCode] => 
    [ConfNo] => 
    [PaymentTerm] => 
    [EncryptReceiptNo] => 
    [FinishDate] => 
    [ReceiptDate] => 
    [WebMoneyManagementNo] => 
    [WebMoneySettleCode] => 
    [AuPayInfoNo] => 
    [AuPayMethod] => 
    [AuCancelAmount] => 
    [AuCancelTax] => 
    [DocomoSettlementCode] => 
    [DocomoCancelAmount] => 
    [DocomoCancelTax] => 
    [pay_status] => 13
)
 from 210.175.7.20
2019/09/06 16:02:26 [/shop/user_data/pg_mulpay_recv.php] response:true from 210.175.7.20
2019/09/06 16:39:57 [/shop/shopping/load_payment_module.php] SendRequest:https://p01.mul-pay.jp/payment/SearchMember.idPass from 126.196.59.192
2019/09/06 16:39:57 [/shop/shopping/load_payment_module.php] Array
(
    [SiteID] => mst0000007602
    [SitePass] => ******
    [MemberID] => 9681
)
 from 126.196.59.192
2019/09/06 16:39:57 [/shop/shopping/load_payment_module.php] ErrCode=E01&ErrInfo=E01390002 from 126.196.59.192
2019/09/06 16:39:57 [/shop/shopping/load_payment_module.php] Array
(
    [0] => Array
        (
            [ErrCode] => E01
            [ErrInfo] => E01390002
        )

)
 from 126.196.59.192
2019/09/06 16:39:57 [/shop/shopping/load_payment_module.php] SendRequest:https://p01.mul-pay.jp/payment/SearchCard.idPass from 126.196.59.192
2019/09/06 16:39:57 [/shop/shopping/load_payment_module.php] Array
(
    [SiteID] => mst0000007602
    [SitePass] => ******
    [MemberID] => 9681
)
 from 126.196.59.192
2019/09/06 16:39:57 [/shop/shopping/load_payment_module.php] ErrCode=E01|E01&ErrInfo=E01390002|E01240002 from 126.196.59.192
2019/09/06 16:39:57 [/shop/shopping/load_payment_module.php] Array
(
    [0] => Array
        (
            [ErrCode] => E01
            [ErrInfo] => E01390002
        )

    [1] => Array
        (
            [ErrCode] => E01
            [ErrInfo] => E01240002
        )

)
 from 126.196.59.192
2019/09/06 16:40:59 [/shop/shopping/load_payment_module.php] SendRequest:https://p01.mul-pay.jp/payment/SearchMember.idPass from 126.196.59.192
2019/09/06 16:40:59 [/shop/shopping/load_payment_module.php] Array
(
    [SiteID] => mst0000007602
    [SitePass] => ******
    [MemberID] => 9681
)
 from 126.196.59.192
2019/09/06 16:40:59 [/shop/shopping/load_payment_module.php] ErrCode=E01&ErrInfo=E01390002 from 126.196.59.192
2019/09/06 16:40:59 [/shop/shopping/load_payment_module.php] Array
(
    [0] => Array
        (
            [ErrCode] => E01
            [ErrInfo] => E01390002
        )

)
 from 126.196.59.192
2019/09/06 16:40:59 [/shop/shopping/load_payment_module.php] SendRequest:https://p01.mul-pay.jp/payment/SearchCard.idPass from 126.196.59.192
2019/09/06 16:40:59 [/shop/shopping/load_payment_module.php] Array
(
    [SiteID] => mst0000007602
    [SitePass] => ******
    [MemberID] => 9681
)
 from 126.196.59.192
2019/09/06 16:40:59 [/shop/shopping/load_payment_module.php] ErrCode=E01|E01&ErrInfo=E01390002|E01240002 from 126.196.59.192
2019/09/06 16:40:59 [/shop/shopping/load_payment_module.php] Array
(
    [0] => Array
        (
            [ErrCode] => E01
            [ErrInfo] => E01390002
        )

    [1] => Array
        (
            [ErrCode] => E01
            [ErrInfo] => E01240002
        )

)
 from 126.196.59.192
2019/09/06 16:40:59 [/shop/shopping/load_payment_module.php] SendRequest:https://p01.mul-pay.jp/payment/EntryTran.idPass from 126.196.59.192
2019/09/06 16:40:59 [/shop/shopping/load_payment_module.php] Array
(
    [ShopID] => 9000034600950
    [ShopPass] => ******
    [OrderID] => 939907-06164059
    [JobCd] => CAPTURE
    [Amount] => 29080
    [TdFlag] => 0
    [TdTenantName] => 
)
 from 126.196.59.192
2019/09/06 16:40:59 [/shop/shopping/load_payment_module.php] AccessID=8f2a2cf5aee1c66308d74af1d72d4720&AccessPass=809a84e555c36f5c97aa85ca51d1bcd5 from 126.196.59.192
2019/09/06 16:40:59 [/shop/shopping/load_payment_module.php] Array
(
    [0] => Array
        (
            [AccessID] => 8f2a2cf5aee1c66308d74af1d72d4720
            [AccessPass] => 809a84e555c36f5c97aa85ca51d1bcd5
        )

)
 from 126.196.59.192
2019/09/06 16:40:59 [/shop/shopping/load_payment_module.php] load_payment_module.php set payment data:Array
(
    [AccessID] => 8f2a2cf5aee1c66308d74af1d72d4720
    [AccessPass] => 809a84e555c36f5c97aa85ca51d1bcd5
    [OrderID] => 939907-06164059
    [Amount] => 29080
    [JobCd] => CAPTURE
    [action_status] => 1
    [pay_status] => 0
)
 from 126.196.59.192
2019/09/06 16:40:59 [/shop/shopping/load_payment_module.php] SendRequest:https://p01.mul-pay.jp/payment/ExecTran.idPass from 126.196.59.192
2019/09/06 16:40:59 [/shop/shopping/load_payment_module.php] Array
(
    [AccessID] => 8f2a2cf5aee1c66308d74af1d72d4720
    [AccessPass] => 809a84e555c36f5c97aa85ca51d1bcd5
    [OrderID] => 939907-06164059
    [Method] => 1
    [Token] => d54fd1f9ea3a4a9544f386427a78e8a5eef53bb89d0ec75c950d91017c4663a5
    [ClientField1] => 
    [ClientField2] => 
    [ClientField3] => EC-CUBE4.3.24
)
 from 126.196.59.192
2019/09/06 16:41:00 [/shop/shopping/load_payment_module.php] ErrCode=G12&ErrInfo=42G120000 from 126.196.59.192
2019/09/06 16:41:00 [/shop/shopping/load_payment_module.php] Array
(
    [0] => Array
        (
            [ErrCode] => G12
            [ErrInfo] => 42G120000
        )

)
 from 126.196.59.192
2019/09/06 16:41:00 [/shop/shopping/load_payment_module.php] load_payment_module.php set payment data:Array
(
    [request_error] => Array
        (
            [0] => このカードでは取引をする事が出来ません。 (G12-42G120000)
        )

    [Amount] => 29080
    [JobCd] => CAPTURE
    [action_status] => 3
)
 from 126.196.59.192
2019/09/06 16:41:00 [/shop/user_data/pg_mulpay_recv.php] ******* receiveer data start ******* from 210.175.7.20
2019/09/06 16:41:00 [/shop/user_data/pg_mulpay_recv.php] Array
(
    [ShopID] => 9000034600950
    [ShopPass] => **********
    [AccessID] => 8f2a2cf5aee1c66308d74af1d72d4720
    [AccessPass] => ********************************
    [OrderID] => 939907-06164059
    [Status] => UNPROCESSED
    [JobCd] => CAPTURE
    [Amount] => 29080
    [Tax] => 0
    [Currency] => JPN
    [Forward] => 2S49631
    [Method] => 1
    [PayTimes] => 
    [TranID] => 1909061640602257210134121683
    [Approve] =>        
    [TranDate] => 20190906164100
    [ErrCode] => G12
    [ErrInfo] => 42G120000
    [PayType] => 0
)
 from 210.175.7.20
2019/09/06 16:41:00 [/shop/user_data/pg_mulpay_recv.php] ******* receiveer data end ******* from 210.175.7.20
2019/09/06 16:41:00 [/shop/user_data/pg_mulpay_recv.php] pg_mulpay_recv.php set payment data:Array
(
    [ShopID] => 9000034600950
    [AccessID] => 8f2a2cf5aee1c66308d74af1d72d4720
    [OrderID] => 939907-06164059
    [Status] => UNPROCESSED
    [JobCd] => CAPTURE
    [Amount] => 29080
    [Tax] => 0
    [Currency] => JPN
    [Forward] => 2S49631
    [Method] => 1
    [PayTimes] => 
    [TranID] => 1909061640602257210134121683
    [Approve] => 
    [TranDate] => 20190906164100
    [ErrCode] => G12
    [ErrInfo] => 42G120000
    [PayType] => 0
    [CvsCode] => 
    [CvsConfNo] => 
    [CvsReceiptNo] => 
    [EdyReceiptNo] => 
    [EdyOrderNo] => 
    [SuicaReceiptNo] => 
    [SuicaOrderNo] => 
    [CustID] => 
    [BkCode] => 
    [ConfNo] => 
    [PaymentTerm] => 
    [EncryptReceiptNo] => 
    [FinishDate] => 
    [ReceiptDate] => 
    [WebMoneyManagementNo] => 
    [WebMoneySettleCode] => 
    [AuPayInfoNo] => 
    [AuPayMethod] => 
    [AuCancelAmount] => 
    [AuCancelTax] => 
    [DocomoSettlementCode] => 
    [DocomoCancelAmount] => 
    [DocomoCancelTax] => 
    [pay_status] => 0
)
 from 210.175.7.20
2019/09/06 16:41:00 [/shop/user_data/pg_mulpay_recv.php] response:true from 210.175.7.20
2019/09/06 16:42:28 [/shop/shopping/load_payment_module.php] SendRequest:https://p01.mul-pay.jp/payment/SearchMember.idPass from 126.196.59.192
2019/09/06 16:42:28 [/shop/shopping/load_payment_module.php] Array
(
    [SiteID] => mst0000007602
    [SitePass] => ******
    [MemberID] => 9681
)
 from 126.196.59.192
2019/09/06 16:42:29 [/shop/shopping/load_payment_module.php] ErrCode=E01&ErrInfo=E01390002 from 126.196.59.192
2019/09/06 16:42:29 [/shop/shopping/load_payment_module.php] Array
(
    [0] => Array
        (
            [ErrCode] => E01
            [ErrInfo] => E01390002
        )

)
 from 126.196.59.192
2019/09/06 16:42:29 [/shop/shopping/load_payment_module.php] SendRequest:https://p01.mul-pay.jp/payment/SearchCard.idPass from 126.196.59.192
2019/09/06 16:42:29 [/shop/shopping/load_payment_module.php] Array
(
    [SiteID] => mst0000007602
    [SitePass] => ******
    [MemberID] => 9681
)
 from 126.196.59.192
2019/09/06 16:42:29 [/shop/shopping/load_payment_module.php] ErrCode=E01|E01&ErrInfo=E01390002|E01240002 from 126.196.59.192
2019/09/06 16:42:29 [/shop/shopping/load_payment_module.php] Array
(
    [0] => Array
        (
            [ErrCode] => E01
            [ErrInfo] => E01390002
        )

    [1] => Array
        (
            [ErrCode] => E01
            [ErrInfo] => E01240002
        )

)
 from 126.196.59.192
2019/09/06 16:42:29 [/shop/shopping/load_payment_module.php] SendRequest:https://p01.mul-pay.jp/payment/ExecTran.idPass from 126.196.59.192
2019/09/06 16:42:29 [/shop/shopping/load_payment_module.php] Array
(
    [AccessID] => 8f2a2cf5aee1c66308d74af1d72d4720
    [AccessPass] => 809a84e555c36f5c97aa85ca51d1bcd5
    [OrderID] => 939907-06164059
    [Method] => 1
    [PayTimes] => 
    [Token] => c4fd4db9eeca81d8074cbf3f240e56408231f2c3744249cbd86865f46e297ae7
    [ClientField1] => 
    [ClientField2] => 
    [ClientField3] => EC-CUBE4.3.24
)
 from 126.196.59.192
2019/09/06 16:42:30 [/shop/shopping/load_payment_module.php] ErrCode=G12&ErrInfo=42G120000 from 126.196.59.192
2019/09/06 16:42:30 [/shop/shopping/load_payment_module.php] Array
(
    [0] => Array
        (
            [ErrCode] => G12
            [ErrInfo] => 42G120000
        )

)
 from 126.196.59.192
2019/09/06 16:42:30 [/shop/shopping/load_payment_module.php] load_payment_module.php set payment data:Array
(
    [request_error] => Array
        (
            [0] => このカードでは取引をする事が出来ません。 (G12-42G120000)
        )

    [Amount] => 29080
    [JobCd] => CAPTURE
    [action_status] => 3
)
 from 126.196.59.192
2019/09/06 16:42:31 [/shop/user_data/pg_mulpay_recv.php] ******* receiveer data start ******* from 210.175.7.20
2019/09/06 16:42:31 [/shop/user_data/pg_mulpay_recv.php] Array
(
    [ShopID] => 9000034600950
    [ShopPass] => **********
    [AccessID] => 8f2a2cf5aee1c66308d74af1d72d4720
    [AccessPass] => ********************************
    [OrderID] => 939907-06164059
    [Status] => UNPROCESSED
    [JobCd] => CAPTURE
    [Amount] => 29080
    [Tax] => 0
    [Currency] => JPN
    [Forward] => 2S49631
    [Method] => 1
    [PayTimes] => 
    [TranID] => 1909061642602257210134131562
    [Approve] =>        
    [TranDate] => 20190906164230
    [ErrCode] => G12
    [ErrInfo] => 42G120000
    [PayType] => 0
)
 from 210.175.7.20
2019/09/06 16:42:31 [/shop/user_data/pg_mulpay_recv.php] ******* receiveer data end ******* from 210.175.7.20
2019/09/06 16:42:31 [/shop/user_data/pg_mulpay_recv.php] pg_mulpay_recv.php set payment data:Array
(
    [ShopID] => 9000034600950
    [AccessID] => 8f2a2cf5aee1c66308d74af1d72d4720
    [OrderID] => 939907-06164059
    [Status] => UNPROCESSED
    [JobCd] => CAPTURE
    [Amount] => 29080
    [Tax] => 0
    [Currency] => JPN
    [Forward] => 2S49631
    [Method] => 1
    [PayTimes] => 
    [TranID] => 1909061642602257210134131562
    [Approve] => 
    [TranDate] => 20190906164230
    [ErrCode] => G12
    [ErrInfo] => 42G120000
    [PayType] => 0
    [CvsCode] => 
    [CvsConfNo] => 
    [CvsReceiptNo] => 
    [EdyReceiptNo] => 
    [EdyOrderNo] => 
    [SuicaReceiptNo] => 
    [SuicaOrderNo] => 
    [CustID] => 
    [BkCode] => 
    [ConfNo] => 
    [PaymentTerm] => 
    [EncryptReceiptNo] => 
    [FinishDate] => 
    [ReceiptDate] => 
    [WebMoneyManagementNo] => 
    [WebMoneySettleCode] => 
    [AuPayInfoNo] => 
    [AuPayMethod] => 
    [AuCancelAmount] => 
    [AuCancelTax] => 
    [DocomoSettlementCode] => 
    [DocomoCancelAmount] => 
    [DocomoCancelTax] => 
    [pay_status] => 0
)
 from 210.175.7.20
2019/09/06 16:42:31 [/shop/user_data/pg_mulpay_recv.php] response:true from 210.175.7.20
2019/09/06 16:46:36 [/shop/shopping/load_payment_module.php] SendRequest:https://p01.mul-pay.jp/payment/SearchMember.idPass from 126.196.59.192
2019/09/06 16:46:36 [/shop/shopping/load_payment_module.php] Array
(
    [SiteID] => mst0000007602
    [SitePass] => ******
    [MemberID] => 9681
)
 from 126.196.59.192
2019/09/06 16:46:36 [/shop/shopping/load_payment_module.php] ErrCode=E01&ErrInfo=E01390002 from 126.196.59.192
2019/09/06 16:46:36 [/shop/shopping/load_payment_module.php] Array
(
    [0] => Array
        (
            [ErrCode] => E01
            [ErrInfo] => E01390002
        )

)
 from 126.196.59.192
2019/09/06 16:46:36 [/shop/shopping/load_payment_module.php] SendRequest:https://p01.mul-pay.jp/payment/SearchCard.idPass from 126.196.59.192
2019/09/06 16:46:36 [/shop/shopping/load_payment_module.php] Array
(
    [SiteID] => mst0000007602
    [SitePass] => ******
    [MemberID] => 9681
)
 from 126.196.59.192
2019/09/06 16:46:36 [/shop/shopping/load_payment_module.php] ErrCode=E01|E01&ErrInfo=E01390002|E01240002 from 126.196.59.192
2019/09/06 16:46:36 [/shop/shopping/load_payment_module.php] Array
(
    [0] => Array
        (
            [ErrCode] => E01
            [ErrInfo] => E01390002
        )

    [1] => Array
        (
            [ErrCode] => E01
            [ErrInfo] => E01240002
        )

)
 from 126.196.59.192
2019/09/06 16:46:36 [/shop/shopping/load_payment_module.php] SendRequest:https://p01.mul-pay.jp/payment/ExecTran.idPass from 126.196.59.192
2019/09/06 16:46:36 [/shop/shopping/load_payment_module.php] Array
(
    [AccessID] => 8f2a2cf5aee1c66308d74af1d72d4720
    [AccessPass] => 809a84e555c36f5c97aa85ca51d1bcd5
    [OrderID] => 939907-06164059
    [Method] => 1
    [PayTimes] => 
    [Token] => 52c3dfbb5eefc787ba56ce87e5bf0e5aa0463cc1c614aa85b5708373e08395a9
    [ClientField1] => 
    [ClientField2] => 
    [ClientField3] => EC-CUBE4.3.24
)
 from 126.196.59.192
2019/09/06 16:46:37 [/shop/shopping/load_payment_module.php] ErrCode=G12&ErrInfo=42G120000 from 126.196.59.192
2019/09/06 16:46:37 [/shop/shopping/load_payment_module.php] Array
(
    [0] => Array
        (
            [ErrCode] => G12
            [ErrInfo] => 42G120000
        )

)
 from 126.196.59.192
2019/09/06 16:46:37 [/shop/shopping/load_payment_module.php] load_payment_module.php set payment data:Array
(
    [request_error] => Array
        (
            [0] => このカードでは取引をする事が出来ません。 (G12-42G120000)
        )

    [Amount] => 29080
    [JobCd] => CAPTURE
    [action_status] => 3
)
 from 126.196.59.192
2019/09/06 16:46:38 [/shop/user_data/pg_mulpay_recv.php] ******* receiveer data start ******* from 210.175.7.20
2019/09/06 16:46:38 [/shop/user_data/pg_mulpay_recv.php] Array
(
    [ShopID] => 9000034600950
    [ShopPass] => **********
    [AccessID] => 8f2a2cf5aee1c66308d74af1d72d4720
    [AccessPass] => ********************************
    [OrderID] => 939907-06164059
    [Status] => UNPROCESSED
    [JobCd] => CAPTURE
    [Amount] => 29080
    [Tax] => 0
    [Currency] => JPN
    [Forward] => 2S49631
    [Method] => 1
    [PayTimes] => 
    [TranID] => 1909061646602257210134111710
    [Approve] =>        
    [TranDate] => 20190906164637
    [ErrCode] => G12
    [ErrInfo] => 42G120000
    [PayType] => 0
)
 from 210.175.7.20
2019/09/06 16:46:38 [/shop/user_data/pg_mulpay_recv.php] ******* receiveer data end ******* from 210.175.7.20
2019/09/06 16:46:38 [/shop/user_data/pg_mulpay_recv.php] pg_mulpay_recv.php set payment data:Array
(
    [ShopID] => 9000034600950
    [AccessID] => 8f2a2cf5aee1c66308d74af1d72d4720
    [OrderID] => 939907-06164059
    [Status] => UNPROCESSED
    [JobCd] => CAPTURE
    [Amount] => 29080
    [Tax] => 0
    [Currency] => JPN
    [Forward] => 2S49631
    [Method] => 1
    [PayTimes] => 
    [TranID] => 1909061646602257210134111710
    [Approve] => 
    [TranDate] => 20190906164637
    [ErrCode] => G12
    [ErrInfo] => 42G120000
    [PayType] => 0
    [CvsCode] => 
    [CvsConfNo] => 
    [CvsReceiptNo] => 
    [EdyReceiptNo] => 
    [EdyOrderNo] => 
    [SuicaReceiptNo] => 
    [SuicaOrderNo] => 
    [CustID] => 
    [BkCode] => 
    [ConfNo] => 
    [PaymentTerm] => 
    [EncryptReceiptNo] => 
    [FinishDate] => 
    [ReceiptDate] => 
    [WebMoneyManagementNo] => 
    [WebMoneySettleCode] => 
    [AuPayInfoNo] => 
    [AuPayMethod] => 
    [AuCancelAmount] => 
    [AuCancelTax] => 
    [DocomoSettlementCode] => 
    [DocomoCancelAmount] => 
    [DocomoCancelTax] => 
    [pay_status] => 0
)
 from 210.175.7.20
2019/09/06 16:46:38 [/shop/user_data/pg_mulpay_recv.php] response:true from 210.175.7.20
2019/09/06 16:47:26 [/shop/shopping/load_payment_module.php] SendRequest:https://p01.mul-pay.jp/payment/SearchMember.idPass from 126.196.59.192
2019/09/06 16:47:26 [/shop/shopping/load_payment_module.php] Array
(
    [SiteID] => mst0000007602
    [SitePass] => ******
    [MemberID] => 9681
)
 from 126.196.59.192
2019/09/06 16:47:26 [/shop/shopping/load_payment_module.php] ErrCode=E01&ErrInfo=E01390002 from 126.196.59.192
2019/09/06 16:47:26 [/shop/shopping/load_payment_module.php] Array
(
    [0] => Array
        (
            [ErrCode] => E01
            [ErrInfo] => E01390002
        )

)
 from 126.196.59.192
2019/09/06 16:47:26 [/shop/shopping/load_payment_module.php] SendRequest:https://p01.mul-pay.jp/payment/SearchCard.idPass from 126.196.59.192
2019/09/06 16:47:26 [/shop/shopping/load_payment_module.php] Array
(
    [SiteID] => mst0000007602
    [SitePass] => ******
    [MemberID] => 9681
)
 from 126.196.59.192
2019/09/06 16:47:26 [/shop/shopping/load_payment_module.php] ErrCode=E01|E01&ErrInfo=E01390002|E01240002 from 126.196.59.192
2019/09/06 16:47:26 [/shop/shopping/load_payment_module.php] Array
(
    [0] => Array
        (
            [ErrCode] => E01
            [ErrInfo] => E01390002
        )

    [1] => Array
        (
            [ErrCode] => E01
            [ErrInfo] => E01240002
        )

)
 from 126.196.59.192
2019/09/06 16:47:26 [/shop/shopping/load_payment_module.php] SendRequest:https://p01.mul-pay.jp/payment/ExecTran.idPass from 126.196.59.192
2019/09/06 16:47:26 [/shop/shopping/load_payment_module.php] Array
(
    [AccessID] => 8f2a2cf5aee1c66308d74af1d72d4720
    [AccessPass] => 809a84e555c36f5c97aa85ca51d1bcd5
    [OrderID] => 939907-06164059
    [Method] => 1
    [PayTimes] => 
    [Token] => 4433515b147d9661b2d9b56a02cf3e907f827dd36fec7fc250ee83f9c13bf275
    [ClientField1] => 
    [ClientField2] => 
    [ClientField3] => EC-CUBE4.3.24
)
 from 126.196.59.192
2019/09/06 16:47:27 [/shop/shopping/load_payment_module.php] ACS=0&OrderID=939907-06164059&Forward=2959876&Method=1&PayTimes=&Approve=0948219&TranID=1909061647602257210134121684&TranDate=20190906164727&CheckString=a23c47b5fbf8198cf76b0a0c149de149 from 126.196.59.192
2019/09/06 16:47:27 [/shop/shopping/load_payment_module.php] Array
(
    [0] => Array
        (
            [ACS] => 0
            [OrderID] => 939907-06164059
            [Forward] => 2959876
            [Method] => 1
            [PayTimes] => 
            [Approve] => 0948219
            [TranID] => 1909061647602257210134121684
            [TranDate] => 20190906164727
            [CheckString] => a23c47b5fbf8198cf76b0a0c149de149
        )

)
 from 126.196.59.192
2019/09/06 16:47:27 [/shop/shopping/load_payment_module.php] load_payment_module.php set payment data:Array
(
    [ACS] => 0
    [Forward] => 2959876
    [Method] => 1
    [PayTimes] => 
    [Approve] => 0948219
    [TranID] => 1909061647602257210134121684
    [TranDate] => 20190906164727
    [CheckString] => a23c47b5fbf8198cf76b0a0c149de149
    [Amount] => 29080
    [JobCd] => CAPTURE
    [action_status] => 3
    [pay_status] => 13
)
 from 126.196.59.192
2019/09/06 16:47:27 [/shop/user_data/pg_mulpay_recv.php] ******* receiveer data start ******* from 210.175.7.20
2019/09/06 16:47:27 [/shop/user_data/pg_mulpay_recv.php] Array
(
    [ShopID] => 9000034600950
    [ShopPass] => **********
    [AccessID] => 8f2a2cf5aee1c66308d74af1d72d4720
    [AccessPass] => ********************************
    [OrderID] => 939907-06164059
    [Status] => CAPTURE
    [JobCd] => CAPTURE
    [Amount] => 29080
    [Tax] => 0
    [Currency] => JPN
    [Forward] => 2959876
    [Method] => 1
    [PayTimes] => 
    [TranID] => 1909061647602257210134121684
    [Approve] => 0948219
    [TranDate] => 20190906164727
    [ErrCode] => 
    [ErrInfo] => 
    [PayType] => 0
)
 from 210.175.7.20
2019/09/06 16:47:27 [/shop/user_data/pg_mulpay_recv.php] ******* receiveer data end ******* from 210.175.7.20
2019/09/06 16:47:32 [/shop/user_data/pg_mulpay_recv.php] update order status:1 order_id=939907 from 210.175.7.20
2019/09/06 16:47:32 [/shop/user_data/pg_mulpay_recv.php] pg_mulpay_recv.php set payment data:Array
(
    [ShopID] => 9000034600950
    [AccessID] => 8f2a2cf5aee1c66308d74af1d72d4720
    [OrderID] => 939907-06164059
    [Status] => CAPTURE
    [JobCd] => CAPTURE
    [Amount] => 29080
    [Tax] => 0
    [Currency] => JPN
    [Forward] => 2959876
    [Method] => 1
    [PayTimes] => 
    [TranID] => 1909061647602257210134121684
    [Approve] => 0948219
    [TranDate] => 20190906164727
    [PayType] => 0
    [CvsCode] => 
    [CvsConfNo] => 
    [CvsReceiptNo] => 
    [EdyReceiptNo] => 
    [EdyOrderNo] => 
    [SuicaReceiptNo] => 
    [SuicaOrderNo] => 
    [CustID] => 
    [BkCode] => 
    [ConfNo] => 
    [PaymentTerm] => 
    [EncryptReceiptNo] => 
    [FinishDate] => 
    [ReceiptDate] => 
    [WebMoneyManagementNo] => 
    [WebMoneySettleCode] => 
    [AuPayInfoNo] => 
    [AuPayMethod] => 
    [AuCancelAmount] => 
    [AuCancelTax] => 
    [DocomoSettlementCode] => 
    [DocomoCancelAmount] => 
    [DocomoCancelTax] => 
    [pay_status] => 13
)
 from 210.175.7.20
2019/09/06 16:47:32 [/shop/user_data/pg_mulpay_recv.php] response:true from 210.175.7.20
2019/09/06 17:45:06 [/shop/shopping/load_payment_module.php] SendRequest:https://p01.mul-pay.jp/payment/EntryTran.idPass from 88.152.9.185
2019/09/06 17:45:06 [/shop/shopping/load_payment_module.php] Array
(
    [ShopID] => 9000034600950
    [ShopPass] => ******
    [OrderID] => 939908-06174506
    [JobCd] => CAPTURE
    [Amount] => 8910
    [TdFlag] => 0
    [TdTenantName] => 
)
 from 88.152.9.185
2019/09/06 17:45:07 [/shop/shopping/load_payment_module.php] AccessID=1ffd0cdc6ad303429f3e8bbc6b89f051&AccessPass=7aeba00783d341df994f455386fe08cb from 88.152.9.185
2019/09/06 17:45:07 [/shop/shopping/load_payment_module.php] Array
(
    [0] => Array
        (
            [AccessID] => 1ffd0cdc6ad303429f3e8bbc6b89f051
            [AccessPass] => 7aeba00783d341df994f455386fe08cb
        )

)
 from 88.152.9.185
2019/09/06 17:45:07 [/shop/shopping/load_payment_module.php] load_payment_module.php set payment data:Array
(
    [AccessID] => 1ffd0cdc6ad303429f3e8bbc6b89f051
    [AccessPass] => 7aeba00783d341df994f455386fe08cb
    [OrderID] => 939908-06174506
    [Amount] => 8910
    [JobCd] => CAPTURE
    [action_status] => 1
    [pay_status] => 0
)
 from 88.152.9.185
2019/09/06 17:45:07 [/shop/shopping/load_payment_module.php] SendRequest:https://p01.mul-pay.jp/payment/ExecTran.idPass from 88.152.9.185
2019/09/06 17:45:07 [/shop/shopping/load_payment_module.php] Array
(
    [AccessID] => 1ffd0cdc6ad303429f3e8bbc6b89f051
    [AccessPass] => 7aeba00783d341df994f455386fe08cb
    [OrderID] => 939908-06174506
    [Method] => 1
    [Token] => 9ec041f57326620dd6a983839d042c9537405db64f6ae69221d18ce4f9978d28
    [ClientField1] => 
    [ClientField2] => 
    [ClientField3] => EC-CUBE4.3.24
)
 from 88.152.9.185
2019/09/06 17:45:08 [/shop/shopping/load_payment_module.php] ACS=0&OrderID=939908-06174506&Forward=2S49631&Method=1&PayTimes=&Approve=0104507&TranID=1909061745602257210134121685&TranDate=20190906174508&CheckString=671a07fcf54d9f13d2f6c49704a549c9 from 88.152.9.185
2019/09/06 17:45:08 [/shop/shopping/load_payment_module.php] Array
(
    [0] => Array
        (
            [ACS] => 0
            [OrderID] => 939908-06174506
            [Forward] => 2S49631
            [Method] => 1
            [PayTimes] => 
            [Approve] => 0104507
            [TranID] => 1909061745602257210134121685
            [TranDate] => 20190906174508
            [CheckString] => 671a07fcf54d9f13d2f6c49704a549c9
        )

)
 from 88.152.9.185
2019/09/06 17:45:08 [/shop/shopping/load_payment_module.php] load_payment_module.php set payment data:Array
(
    [ACS] => 0
    [Forward] => 2S49631
    [Method] => 1
    [PayTimes] => 
    [Approve] => 0104507
    [TranID] => 1909061745602257210134121685
    [TranDate] => 20190906174508
    [CheckString] => 671a07fcf54d9f13d2f6c49704a549c9
    [Amount] => 8910
    [JobCd] => CAPTURE
    [action_status] => 3
    [pay_status] => 13
)
 from 88.152.9.185
2019/09/06 17:45:09 [/shop/user_data/pg_mulpay_recv.php] ******* receiveer data start ******* from 210.175.7.20
2019/09/06 17:45:09 [/shop/user_data/pg_mulpay_recv.php] Array
(
    [ShopID] => 9000034600950
    [ShopPass] => **********
    [AccessID] => 1ffd0cdc6ad303429f3e8bbc6b89f051
    [AccessPass] => ********************************
    [OrderID] => 939908-06174506
    [Status] => CAPTURE
    [JobCd] => CAPTURE
    [Amount] => 8910
    [Tax] => 0
    [Currency] => JPN
    [Forward] => 2S49631
    [Method] => 1
    [PayTimes] => 
    [TranID] => 1909061745602257210134121685
    [Approve] => 0104507
    [TranDate] => 20190906174508
    [ErrCode] => 
    [ErrInfo] => 
    [PayType] => 0
)
 from 210.175.7.20
2019/09/06 17:45:09 [/shop/user_data/pg_mulpay_recv.php] ******* receiveer data end ******* from 210.175.7.20
2019/09/06 17:45:12 [/shop/shopping/load_payment_module.php] SendRequest:https://p01.mul-pay.jp/payment/SearchMember.idPass from 101.87.30.45
2019/09/06 17:45:12 [/shop/shopping/load_payment_module.php] Array
(
    [SiteID] => mst0000007602
    [SitePass] => ******
    [MemberID] => 9682
)
 from 101.87.30.45
2019/09/06 17:45:12 [/shop/shopping/load_payment_module.php] ErrCode=E01&ErrInfo=E01390002 from 101.87.30.45
2019/09/06 17:45:12 [/shop/shopping/load_payment_module.php] Array
(
    [0] => Array
        (
            [ErrCode] => E01
            [ErrInfo] => E01390002
        )

)
 from 101.87.30.45
2019/09/06 17:45:12 [/shop/shopping/load_payment_module.php] SendRequest:https://p01.mul-pay.jp/payment/SearchCard.idPass from 101.87.30.45
2019/09/06 17:45:12 [/shop/shopping/load_payment_module.php] Array
(
    [SiteID] => mst0000007602
    [SitePass] => ******
    [MemberID] => 9682
)
 from 101.87.30.45
2019/09/06 17:45:12 [/shop/shopping/load_payment_module.php] ErrCode=E01|E01&ErrInfo=E01390002|E01240002 from 101.87.30.45
2019/09/06 17:45:12 [/shop/shopping/load_payment_module.php] Array
(
    [0] => Array
        (
            [ErrCode] => E01
            [ErrInfo] => E01390002
        )

    [1] => Array
        (
            [ErrCode] => E01
            [ErrInfo] => E01240002
        )

)
 from 101.87.30.45
2019/09/06 17:45:14 [/shop/user_data/pg_mulpay_recv.php] update order status:1 order_id=939908 from 210.175.7.20
2019/09/06 17:45:14 [/shop/user_data/pg_mulpay_recv.php] pg_mulpay_recv.php set payment data:Array
(
    [ShopID] => 9000034600950
    [AccessID] => 1ffd0cdc6ad303429f3e8bbc6b89f051
    [OrderID] => 939908-06174506
    [Status] => CAPTURE
    [JobCd] => CAPTURE
    [Amount] => 8910
    [Tax] => 0
    [Currency] => JPN
    [Forward] => 2S49631
    [Method] => 1
    [PayTimes] => 
    [TranID] => 1909061745602257210134121685
    [Approve] => 0104507
    [TranDate] => 20190906174508
    [ErrCode] => 
    [ErrInfo] => 
    [PayType] => 0
    [CvsCode] => 
    [CvsConfNo] => 
    [CvsReceiptNo] => 
    [EdyReceiptNo] => 
    [EdyOrderNo] => 
    [SuicaReceiptNo] => 
    [SuicaOrderNo] => 
    [CustID] => 
    [BkCode] => 
    [ConfNo] => 
    [PaymentTerm] => 
    [EncryptReceiptNo] => 
    [FinishDate] => 
    [ReceiptDate] => 
    [WebMoneyManagementNo] => 
    [WebMoneySettleCode] => 
    [AuPayInfoNo] => 
    [AuPayMethod] => 
    [AuCancelAmount] => 
    [AuCancelTax] => 
    [DocomoSettlementCode] => 
    [DocomoCancelAmount] => 
    [DocomoCancelTax] => 
    [pay_status] => 13
)
 from 210.175.7.20
2019/09/06 17:45:14 [/shop/user_data/pg_mulpay_recv.php] response:true from 210.175.7.20
2019/09/06 17:47:11 [/shop/shopping/load_payment_module.php] SendRequest:https://p01.mul-pay.jp/payment/SearchMember.idPass from 101.87.30.45
2019/09/06 17:47:11 [/shop/shopping/load_payment_module.php] Array
(
    [SiteID] => mst0000007602
    [SitePass] => ******
    [MemberID] => 9682
)
 from 101.87.30.45
2019/09/06 17:47:11 [/shop/shopping/load_payment_module.php] ErrCode=E01&ErrInfo=E01390002 from 101.87.30.45
2019/09/06 17:47:11 [/shop/shopping/load_payment_module.php] Array
(
    [0] => Array
        (
            [ErrCode] => E01
            [ErrInfo] => E01390002
        )

)
 from 101.87.30.45
2019/09/06 17:47:11 [/shop/shopping/load_payment_module.php] SendRequest:https://p01.mul-pay.jp/payment/SearchCard.idPass from 101.87.30.45
2019/09/06 17:47:11 [/shop/shopping/load_payment_module.php] Array
(
    [SiteID] => mst0000007602
    [SitePass] => ******
    [MemberID] => 9682
)
 from 101.87.30.45
2019/09/06 17:47:12 [/shop/shopping/load_payment_module.php] ErrCode=E01|E01&ErrInfo=E01390002|E01240002 from 101.87.30.45
2019/09/06 17:47:12 [/shop/shopping/load_payment_module.php] Array
(
    [0] => Array
        (
            [ErrCode] => E01
            [ErrInfo] => E01390002
        )

    [1] => Array
        (
            [ErrCode] => E01
            [ErrInfo] => E01240002
        )

)
 from 101.87.30.45
2019/09/06 17:47:12 [/shop/shopping/load_payment_module.php] SendRequest:https://p01.mul-pay.jp/payment/EntryTran.idPass from 101.87.30.45
2019/09/06 17:47:12 [/shop/shopping/load_payment_module.php] Array
(
    [ShopID] => 9000034600950
    [ShopPass] => ******
    [OrderID] => 939909-06174712
    [JobCd] => CAPTURE
    [Amount] => 3150
    [TdFlag] => 0
    [TdTenantName] => 
)
 from 101.87.30.45
2019/09/06 17:47:12 [/shop/shopping/load_payment_module.php] AccessID=6c28feb6a23ca68d6904b27d9ac7aae5&AccessPass=1e70691f3f0129addadc21a6f8febd36 from 101.87.30.45
2019/09/06 17:47:12 [/shop/shopping/load_payment_module.php] Array
(
    [0] => Array
        (
            [AccessID] => 6c28feb6a23ca68d6904b27d9ac7aae5
            [AccessPass] => 1e70691f3f0129addadc21a6f8febd36
        )

)
 from 101.87.30.45
2019/09/06 17:47:12 [/shop/shopping/load_payment_module.php] load_payment_module.php set payment data:Array
(
    [AccessID] => 6c28feb6a23ca68d6904b27d9ac7aae5
    [AccessPass] => 1e70691f3f0129addadc21a6f8febd36
    [OrderID] => 939909-06174712
    [Amount] => 3150
    [JobCd] => CAPTURE
    [action_status] => 1
    [pay_status] => 0
)
 from 101.87.30.45
2019/09/06 17:47:12 [/shop/shopping/load_payment_module.php] SendRequest:https://p01.mul-pay.jp/payment/ExecTran.idPass from 101.87.30.45
2019/09/06 17:47:12 [/shop/shopping/load_payment_module.php] Array
(
    [AccessID] => 6c28feb6a23ca68d6904b27d9ac7aae5
    [AccessPass] => 1e70691f3f0129addadc21a6f8febd36
    [OrderID] => 939909-06174712
    [Method] => 1
    [Token] => 8fe3fb13164ce6da8da1ae5f927f3100422c4473456606ed2d95c025704e67c3
    [ClientField1] => 
    [ClientField2] => 
    [ClientField3] => EC-CUBE4.3.24
)
 from 101.87.30.45
2019/09/06 17:47:13 [/shop/shopping/load_payment_module.php] ACS=0&OrderID=939909-06174712&Forward=2S49631&Method=1&PayTimes=&Approve=0724337&TranID=1909061747602257210134121686&TranDate=20190906174713&CheckString=75dab2d2bc341ecdbf63a7efb6583bdd from 101.87.30.45
2019/09/06 17:47:13 [/shop/shopping/load_payment_module.php] Array
(
    [0] => Array
        (
            [ACS] => 0
            [OrderID] => 939909-06174712
            [Forward] => 2S49631
            [Method] => 1
            [PayTimes] => 
            [Approve] => 0724337
            [TranID] => 1909061747602257210134121686
            [TranDate] => 20190906174713
            [CheckString] => 75dab2d2bc341ecdbf63a7efb6583bdd
        )

)
 from 101.87.30.45
2019/09/06 17:47:13 [/shop/shopping/load_payment_module.php] load_payment_module.php set payment data:Array
(
    [ACS] => 0
    [Forward] => 2S49631
    [Method] => 1
    [PayTimes] => 
    [Approve] => 0724337
    [TranID] => 1909061747602257210134121686
    [TranDate] => 20190906174713
    [CheckString] => 75dab2d2bc341ecdbf63a7efb6583bdd
    [Amount] => 3150
    [JobCd] => CAPTURE
    [action_status] => 3
    [pay_status] => 13
)
 from 101.87.30.45
2019/09/06 17:47:13 [/shop/user_data/pg_mulpay_recv.php] ******* receiveer data start ******* from 210.175.7.20
2019/09/06 17:47:13 [/shop/user_data/pg_mulpay_recv.php] Array
(
    [ShopID] => 9000034600950
    [ShopPass] => **********
    [AccessID] => 6c28feb6a23ca68d6904b27d9ac7aae5
    [AccessPass] => ********************************
    [OrderID] => 939909-06174712
    [Status] => CAPTURE
    [JobCd] => CAPTURE
    [Amount] => 3150
    [Tax] => 0
    [Currency] => JPN
    [Forward] => 2S49631
    [Method] => 1
    [PayTimes] => 
    [TranID] => 1909061747602257210134121686
    [Approve] => 0724337
    [TranDate] => 20190906174713
    [ErrCode] => 
    [ErrInfo] => 
    [PayType] => 0
)
 from 210.175.7.20
2019/09/06 17:47:13 [/shop/user_data/pg_mulpay_recv.php] ******* receiveer data end ******* from 210.175.7.20
2019/09/06 17:47:18 [/shop/user_data/pg_mulpay_recv.php] update order status:1 order_id=939909 from 210.175.7.20
2019/09/06 17:47:18 [/shop/user_data/pg_mulpay_recv.php] pg_mulpay_recv.php set payment data:Array
(
    [ShopID] => 9000034600950
    [AccessID] => 6c28feb6a23ca68d6904b27d9ac7aae5
    [OrderID] => 939909-06174712
    [Status] => CAPTURE
    [JobCd] => CAPTURE
    [Amount] => 3150
    [Tax] => 0
    [Currency] => JPN
    [Forward] => 2S49631
    [Method] => 1
    [PayTimes] => 
    [TranID] => 1909061747602257210134121686
    [Approve] => 0724337
    [TranDate] => 20190906174713
    [ErrCode] => 
    [ErrInfo] => 
    [PayType] => 0
    [CvsCode] => 
    [CvsConfNo] => 
    [CvsReceiptNo] => 
    [EdyReceiptNo] => 
    [EdyOrderNo] => 
    [SuicaReceiptNo] => 
    [SuicaOrderNo] => 
    [CustID] => 
    [BkCode] => 
    [ConfNo] => 
    [PaymentTerm] => 
    [EncryptReceiptNo] => 
    [FinishDate] => 
    [ReceiptDate] => 
    [WebMoneyManagementNo] => 
    [WebMoneySettleCode] => 
    [AuPayInfoNo] => 
    [AuPayMethod] => 
    [AuCancelAmount] => 
    [AuCancelTax] => 
    [DocomoSettlementCode] => 
    [DocomoCancelAmount] => 
    [DocomoCancelTax] => 
    [pay_status] => 13
)
 from 210.175.7.20
2019/09/06 17:47:18 [/shop/user_data/pg_mulpay_recv.php] response:true from 210.175.7.20
2019/09/06 18:01:24 [/shop/shopping/load_payment_module.php] SendRequest:https://p01.mul-pay.jp/payment/EntryTran.idPass from 188.71.231.13
2019/09/06 18:01:24 [/shop/shopping/load_payment_module.php] Array
(
    [ShopID] => 9000034600950
    [ShopPass] => ******
    [OrderID] => 939910-06180124
    [JobCd] => CAPTURE
    [Amount] => 10720
    [TdFlag] => 0
    [TdTenantName] => 
)
 from 188.71.231.13
2019/09/06 18:01:24 [/shop/shopping/load_payment_module.php] AccessID=55e587c869c1f3d90a6f5a5ba744555e&AccessPass=02071dc152b83a8335a3f068e64f5dca from 188.71.231.13
2019/09/06 18:01:24 [/shop/shopping/load_payment_module.php] Array
(
    [0] => Array
        (
            [AccessID] => 55e587c869c1f3d90a6f5a5ba744555e
            [AccessPass] => 02071dc152b83a8335a3f068e64f5dca
        )

)
 from 188.71.231.13
2019/09/06 18:01:24 [/shop/shopping/load_payment_module.php] load_payment_module.php set payment data:Array
(
    [AccessID] => 55e587c869c1f3d90a6f5a5ba744555e
    [AccessPass] => 02071dc152b83a8335a3f068e64f5dca
    [OrderID] => 939910-06180124
    [Amount] => 10720
    [JobCd] => CAPTURE
    [action_status] => 1
    [pay_status] => 0
)
 from 188.71.231.13
2019/09/06 18:01:24 [/shop/shopping/load_payment_module.php] SendRequest:https://p01.mul-pay.jp/payment/ExecTran.idPass from 188.71.231.13
2019/09/06 18:01:24 [/shop/shopping/load_payment_module.php] Array
(
    [AccessID] => 55e587c869c1f3d90a6f5a5ba744555e
    [AccessPass] => 02071dc152b83a8335a3f068e64f5dca
    [OrderID] => 939910-06180124
    [Method] => 1
    [Token] => 6315cfbc7a1c7c2e09f0df756190299c0cf3ebafd45c2daf9d4e7573ff911c2d
    [ClientField1] => 
    [ClientField2] => 
    [ClientField3] => EC-CUBE4.3.24
)
 from 188.71.231.13
2019/09/06 18:01:26 [/shop/shopping/load_payment_module.php] ErrCode=G12&ErrInfo=42G120000 from 188.71.231.13
2019/09/06 18:01:26 [/shop/shopping/load_payment_module.php] Array
(
    [0] => Array
        (
            [ErrCode] => G12
            [ErrInfo] => 42G120000
        )

)
 from 188.71.231.13
2019/09/06 18:01:26 [/shop/shopping/load_payment_module.php] load_payment_module.php set payment data:Array
(
    [request_error] => Array
        (
            [0] => このカードでは取引をする事が出来ません。 (G12-42G120000)
        )

    [Amount] => 10720
    [JobCd] => CAPTURE
    [action_status] => 3
)
 from 188.71.231.13
2019/09/06 18:01:26 [/shop/user_data/pg_mulpay_recv.php] ******* receiveer data start ******* from 210.175.7.20
2019/09/06 18:01:26 [/shop/user_data/pg_mulpay_recv.php] Array
(
    [ShopID] => 9000034600950
    [ShopPass] => **********
    [AccessID] => 55e587c869c1f3d90a6f5a5ba744555e
    [AccessPass] => ********************************
    [OrderID] => 939910-06180124
    [Status] => UNPROCESSED
    [JobCd] => CAPTURE
    [Amount] => 10720
    [Tax] => 0
    [Currency] => JPN
    [Forward] => 2959876
    [Method] => 1
    [PayTimes] => 
    [TranID] => 1909061801602257210134131563
    [Approve] =>        
    [TranDate] => 20190906180126
    [ErrCode] => G12
    [ErrInfo] => 42G120000
    [PayType] => 0
)
 from 210.175.7.20
2019/09/06 18:01:26 [/shop/user_data/pg_mulpay_recv.php] ******* receiveer data end ******* from 210.175.7.20
2019/09/06 18:01:26 [/shop/user_data/pg_mulpay_recv.php] pg_mulpay_recv.php set payment data:Array
(
    [ShopID] => 9000034600950
    [AccessID] => 55e587c869c1f3d90a6f5a5ba744555e
    [OrderID] => 939910-06180124
    [Status] => UNPROCESSED
    [JobCd] => CAPTURE
    [Amount] => 10720
    [Tax] => 0
    [Currency] => JPN
    [Forward] => 2959876
    [Method] => 1
    [PayTimes] => 
    [TranID] => 1909061801602257210134131563
    [Approve] => 
    [TranDate] => 20190906180126
    [ErrCode] => G12
    [ErrInfo] => 42G120000
    [PayType] => 0
    [CvsCode] => 
    [CvsConfNo] => 
    [CvsReceiptNo] => 
    [EdyReceiptNo] => 
    [EdyOrderNo] => 
    [SuicaReceiptNo] => 
    [SuicaOrderNo] => 
    [CustID] => 
    [BkCode] => 
    [ConfNo] => 
    [PaymentTerm] => 
    [EncryptReceiptNo] => 
    [FinishDate] => 
    [ReceiptDate] => 
    [WebMoneyManagementNo] => 
    [WebMoneySettleCode] => 
    [AuPayInfoNo] => 
    [AuPayMethod] => 
    [AuCancelAmount] => 
    [AuCancelTax] => 
    [DocomoSettlementCode] => 
    [DocomoCancelAmount] => 
    [DocomoCancelTax] => 
    [pay_status] => 0
)
 from 210.175.7.20
2019/09/06 18:01:26 [/shop/user_data/pg_mulpay_recv.php] response:true from 210.175.7.20
2019/09/06 18:04:19 [/shop/shopping/load_payment_module.php] SendRequest:https://p01.mul-pay.jp/payment/ExecTran.idPass from 188.71.231.13
2019/09/06 18:04:19 [/shop/shopping/load_payment_module.php] Array
(
    [AccessID] => 55e587c869c1f3d90a6f5a5ba744555e
    [AccessPass] => 02071dc152b83a8335a3f068e64f5dca
    [OrderID] => 939910-06180124
    [Method] => 1
    [PayTimes] => 
    [Token] => f2133d29514504bcc5d506961b72643db64727b14b2269ccfb48eabe669c4445
    [ClientField1] => 
    [ClientField2] => 
    [ClientField3] => EC-CUBE4.3.24
)
 from 188.71.231.13
2019/09/06 18:04:21 [/shop/shopping/load_payment_module.php] ErrCode=G12&ErrInfo=42G120000 from 188.71.231.13
2019/09/06 18:04:21 [/shop/shopping/load_payment_module.php] Array
(
    [0] => Array
        (
            [ErrCode] => G12
            [ErrInfo] => 42G120000
        )

)
 from 188.71.231.13
2019/09/06 18:04:21 [/shop/shopping/load_payment_module.php] load_payment_module.php set payment data:Array
(
    [request_error] => Array
        (
            [0] => このカードでは取引をする事が出来ません。 (G12-42G120000)
        )

    [Amount] => 10720
    [JobCd] => CAPTURE
    [action_status] => 3
)
 from 188.71.231.13
2019/09/06 18:04:21 [/shop/user_data/pg_mulpay_recv.php] ******* receiveer data start ******* from 210.175.7.20
2019/09/06 18:04:21 [/shop/user_data/pg_mulpay_recv.php] Array
(
    [ShopID] => 9000034600950
    [ShopPass] => **********
    [AccessID] => 55e587c869c1f3d90a6f5a5ba744555e
    [AccessPass] => ********************************
    [OrderID] => 939910-06180124
    [Status] => UNPROCESSED
    [JobCd] => CAPTURE
    [Amount] => 10720
    [Tax] => 0
    [Currency] => JPN
    [Forward] => 2959876
    [Method] => 1
    [PayTimes] => 
    [TranID] => 1909061804602257210134131564
    [Approve] =>        
    [TranDate] => 20190906180421
    [ErrCode] => G12
    [ErrInfo] => 42G120000
    [PayType] => 0
)
 from 210.175.7.20
2019/09/06 18:04:21 [/shop/user_data/pg_mulpay_recv.php] ******* receiveer data end ******* from 210.175.7.20
2019/09/06 18:04:21 [/shop/user_data/pg_mulpay_recv.php] pg_mulpay_recv.php set payment data:Array
(
    [ShopID] => 9000034600950
    [AccessID] => 55e587c869c1f3d90a6f5a5ba744555e
    [OrderID] => 939910-06180124
    [Status] => UNPROCESSED
    [JobCd] => CAPTURE
    [Amount] => 10720
    [Tax] => 0
    [Currency] => JPN
    [Forward] => 2959876
    [Method] => 1
    [PayTimes] => 
    [TranID] => 1909061804602257210134131564
    [Approve] => 
    [TranDate] => 20190906180421
    [ErrCode] => G12
    [ErrInfo] => 42G120000
    [PayType] => 0
    [CvsCode] => 
    [CvsConfNo] => 
    [CvsReceiptNo] => 
    [EdyReceiptNo] => 
    [EdyOrderNo] => 
    [SuicaReceiptNo] => 
    [SuicaOrderNo] => 
    [CustID] => 
    [BkCode] => 
    [ConfNo] => 
    [PaymentTerm] => 
    [EncryptReceiptNo] => 
    [FinishDate] => 
    [ReceiptDate] => 
    [WebMoneyManagementNo] => 
    [WebMoneySettleCode] => 
    [AuPayInfoNo] => 
    [AuPayMethod] => 
    [AuCancelAmount] => 
    [AuCancelTax] => 
    [DocomoSettlementCode] => 
    [DocomoCancelAmount] => 
    [DocomoCancelTax] => 
    [pay_status] => 0
)
 from 210.175.7.20
2019/09/06 18:04:21 [/shop/user_data/pg_mulpay_recv.php] response:true from 210.175.7.20
2019/09/06 18:06:45 [/shop/shopping/load_payment_module.php] SendRequest:https://p01.mul-pay.jp/payment/ExecTran.idPass from 188.71.231.13
2019/09/06 18:06:45 [/shop/shopping/load_payment_module.php] Array
(
    [AccessID] => 55e587c869c1f3d90a6f5a5ba744555e
    [AccessPass] => 02071dc152b83a8335a3f068e64f5dca
    [OrderID] => 939910-06180124
    [Method] => 1
    [PayTimes] => 
    [Token] => 4c7f9e0d8e5050e3e5ac6dd7946a15944689b5c8b94409e27e01daa11fe5763a
    [ClientField1] => 
    [ClientField2] => 
    [ClientField3] => EC-CUBE4.3.24
)
 from 188.71.231.13
2019/09/06 18:06:46 [/shop/shopping/load_payment_module.php] ACS=0&OrderID=939910-06180124&Forward=2959876&Method=1&PayTimes=&Approve=0336297&TranID=1909061806602257210134111711&TranDate=20190906180646&CheckString=4f761185c4e9c60de5952966b7e34733 from 188.71.231.13
2019/09/06 18:06:46 [/shop/shopping/load_payment_module.php] Array
(
    [0] => Array
        (
            [ACS] => 0
            [OrderID] => 939910-06180124
            [Forward] => 2959876
            [Method] => 1
            [PayTimes] => 
            [Approve] => 0336297
            [TranID] => 1909061806602257210134111711
            [TranDate] => 20190906180646
            [CheckString] => 4f761185c4e9c60de5952966b7e34733
        )

)
 from 188.71.231.13
2019/09/06 18:06:46 [/shop/shopping/load_payment_module.php] load_payment_module.php set payment data:Array
(
    [ACS] => 0
    [Forward] => 2959876
    [Method] => 1
    [PayTimes] => 
    [Approve] => 0336297
    [TranID] => 1909061806602257210134111711
    [TranDate] => 20190906180646
    [CheckString] => 4f761185c4e9c60de5952966b7e34733
    [Amount] => 10720
    [JobCd] => CAPTURE
    [action_status] => 3
    [pay_status] => 13
)
 from 188.71.231.13
2019/09/06 18:06:46 [/shop/user_data/pg_mulpay_recv.php] ******* receiveer data start ******* from 210.175.7.20
2019/09/06 18:06:46 [/shop/user_data/pg_mulpay_recv.php] Array
(
    [ShopID] => 9000034600950
    [ShopPass] => **********
    [AccessID] => 55e587c869c1f3d90a6f5a5ba744555e
    [AccessPass] => ********************************
    [OrderID] => 939910-06180124
    [Status] => CAPTURE
    [JobCd] => CAPTURE
    [Amount] => 10720
    [Tax] => 0
    [Currency] => JPN
    [Forward] => 2959876
    [Method] => 1
    [PayTimes] => 
    [TranID] => 1909061806602257210134111711
    [Approve] => 0336297
    [TranDate] => 20190906180646
    [ErrCode] => 
    [ErrInfo] => 
    [PayType] => 0
)
 from 210.175.7.20
2019/09/06 18:06:46 [/shop/user_data/pg_mulpay_recv.php] ******* receiveer data end ******* from 210.175.7.20
2019/09/06 18:06:51 [/shop/user_data/pg_mulpay_recv.php] update order status:1 order_id=939910 from 210.175.7.20
2019/09/06 18:06:51 [/shop/user_data/pg_mulpay_recv.php] pg_mulpay_recv.php set payment data:Array
(
    [ShopID] => 9000034600950
    [AccessID] => 55e587c869c1f3d90a6f5a5ba744555e
    [OrderID] => 939910-06180124
    [Status] => CAPTURE
    [JobCd] => CAPTURE
    [Amount] => 10720
    [Tax] => 0
    [Currency] => JPN
    [Forward] => 2959876
    [Method] => 1
    [PayTimes] => 
    [TranID] => 1909061806602257210134111711
    [Approve] => 0336297
    [TranDate] => 20190906180646
    [PayType] => 0
    [CvsCode] => 
    [CvsConfNo] => 
    [CvsReceiptNo] => 
    [EdyReceiptNo] => 
    [EdyOrderNo] => 
    [SuicaReceiptNo] => 
    [SuicaOrderNo] => 
    [CustID] => 
    [BkCode] => 
    [ConfNo] => 
    [PaymentTerm] => 
    [EncryptReceiptNo] => 
    [FinishDate] => 
    [ReceiptDate] => 
    [WebMoneyManagementNo] => 
    [WebMoneySettleCode] => 
    [AuPayInfoNo] => 
    [AuPayMethod] => 
    [AuCancelAmount] => 
    [AuCancelTax] => 
    [DocomoSettlementCode] => 
    [DocomoCancelAmount] => 
    [DocomoCancelTax] => 
    [pay_status] => 13
)
 from 210.175.7.20
2019/09/06 18:06:51 [/shop/user_data/pg_mulpay_recv.php] response:true from 210.175.7.20
2019/09/06 21:06:01 [/shop/shopping/load_payment_module.php] SendRequest:https://p01.mul-pay.jp/payment/EntryTran.idPass from 177.118.175.96
2019/09/06 21:06:01 [/shop/shopping/load_payment_module.php] Array
(
    [ShopID] => 9000034600950
    [ShopPass] => ******
    [OrderID] => 939911-06210601
    [JobCd] => CAPTURE
    [Amount] => 11910
    [TdFlag] => 0
    [TdTenantName] => 
)
 from 177.118.175.96
2019/09/06 21:06:01 [/shop/shopping/load_payment_module.php] AccessID=274242372e51dbeb880528a3952276b0&AccessPass=881018a28898bbc8a143237539160003 from 177.118.175.96
2019/09/06 21:06:01 [/shop/shopping/load_payment_module.php] Array
(
    [0] => Array
        (
            [AccessID] => 274242372e51dbeb880528a3952276b0
            [AccessPass] => 881018a28898bbc8a143237539160003
        )

)
 from 177.118.175.96
2019/09/06 21:06:01 [/shop/shopping/load_payment_module.php] load_payment_module.php set payment data:Array
(
    [AccessID] => 274242372e51dbeb880528a3952276b0
    [AccessPass] => 881018a28898bbc8a143237539160003
    [OrderID] => 939911-06210601
    [Amount] => 11910
    [JobCd] => CAPTURE
    [action_status] => 1
    [pay_status] => 0
)
 from 177.118.175.96
2019/09/06 21:06:01 [/shop/shopping/load_payment_module.php] SendRequest:https://p01.mul-pay.jp/payment/ExecTran.idPass from 177.118.175.96
2019/09/06 21:06:01 [/shop/shopping/load_payment_module.php] Array
(
    [AccessID] => 274242372e51dbeb880528a3952276b0
    [AccessPass] => 881018a28898bbc8a143237539160003
    [OrderID] => 939911-06210601
    [Method] => 1
    [Token] => f34a48fe01676be4dc3c7fecb6e14c467620f932f31079dce0a9e76332f4b2c8
    [ClientField1] => 
    [ClientField2] => 
    [ClientField3] => EC-CUBE4.3.24
)
 from 177.118.175.96
2019/09/06 21:06:02 [/shop/shopping/load_payment_module.php] ErrCode=G97&ErrInfo=42G970000 from 177.118.175.96
2019/09/06 21:06:02 [/shop/shopping/load_payment_module.php] Array
(
    [0] => Array
        (
            [ErrCode] => G97
            [ErrInfo] => 42G970000
        )

)
 from 177.118.175.96
2019/09/06 21:06:02 [/shop/shopping/load_payment_module.php] load_payment_module.php set payment data:Array
(
    [request_error] => Array
        (
            [0] => このカードでは取引をする事が出来ません。 (G97-42G970000)
        )

    [Amount] => 11910
    [JobCd] => CAPTURE
    [action_status] => 3
)
 from 177.118.175.96
2019/09/06 21:06:02 [/shop/user_data/pg_mulpay_recv.php] ******* receiveer data start ******* from 210.175.7.20
2019/09/06 21:06:02 [/shop/user_data/pg_mulpay_recv.php] Array
(
    [ShopID] => 9000034600950
    [ShopPass] => **********
    [AccessID] => 274242372e51dbeb880528a3952276b0
    [AccessPass] => ********************************
    [OrderID] => 939911-06210601
    [Status] => UNPROCESSED
    [JobCd] => CAPTURE
    [Amount] => 11910
    [Tax] => 0
    [Currency] => JPN
    [Forward] => 2959876
    [Method] => 1
    [PayTimes] => 
    [TranID] => 1909062106602257210134121687
    [Approve] =>        
    [TranDate] => 20190906210602
    [ErrCode] => G97
    [ErrInfo] => 42G970000
    [PayType] => 0
)
 from 210.175.7.20
2019/09/06 21:06:02 [/shop/user_data/pg_mulpay_recv.php] ******* receiveer data end ******* from 210.175.7.20
2019/09/06 21:06:02 [/shop/user_data/pg_mulpay_recv.php] pg_mulpay_recv.php set payment data:Array
(
    [ShopID] => 9000034600950
    [AccessID] => 274242372e51dbeb880528a3952276b0
    [OrderID] => 939911-06210601
    [Status] => UNPROCESSED
    [JobCd] => CAPTURE
    [Amount] => 11910
    [Tax] => 0
    [Currency] => JPN
    [Forward] => 2959876
    [Method] => 1
    [PayTimes] => 
    [TranID] => 1909062106602257210134121687
    [Approve] => 
    [TranDate] => 20190906210602
    [ErrCode] => G97
    [ErrInfo] => 42G970000
    [PayType] => 0
    [CvsCode] => 
    [CvsConfNo] => 
    [CvsReceiptNo] => 
    [EdyReceiptNo] => 
    [EdyOrderNo] => 
    [SuicaReceiptNo] => 
    [SuicaOrderNo] => 
    [CustID] => 
    [BkCode] => 
    [ConfNo] => 
    [PaymentTerm] => 
    [EncryptReceiptNo] => 
    [FinishDate] => 
    [ReceiptDate] => 
    [WebMoneyManagementNo] => 
    [WebMoneySettleCode] => 
    [AuPayInfoNo] => 
    [AuPayMethod] => 
    [AuCancelAmount] => 
    [AuCancelTax] => 
    [DocomoSettlementCode] => 
    [DocomoCancelAmount] => 
    [DocomoCancelTax] => 
    [pay_status] => 0
)
 from 210.175.7.20
2019/09/06 21:06:02 [/shop/user_data/pg_mulpay_recv.php] response:true from 210.175.7.20
2019/09/06 21:27:24 [/shop/shopping/load_payment_module.php] SendRequest:https://p01.mul-pay.jp/payment/EntryTran.idPass from 46.24.96.75
2019/09/06 21:27:24 [/shop/shopping/load_payment_module.php] Array
(
    [ShopID] => 9000034600950
    [ShopPass] => ******
    [OrderID] => 939913-06212724
    [JobCd] => CAPTURE
    [Amount] => 7920
    [TdFlag] => 0
    [TdTenantName] => 
)
 from 46.24.96.75
2019/09/06 21:27:24 [/shop/shopping/load_payment_module.php] AccessID=e3bc3da518712b36f5a3b6b74a3719dd&AccessPass=c7a073dc8f979b1d8b58cc201fc7241a from 46.24.96.75
2019/09/06 21:27:24 [/shop/shopping/load_payment_module.php] Array
(
    [0] => Array
        (
            [AccessID] => e3bc3da518712b36f5a3b6b74a3719dd
            [AccessPass] => c7a073dc8f979b1d8b58cc201fc7241a
        )

)
 from 46.24.96.75
2019/09/06 21:27:24 [/shop/shopping/load_payment_module.php] load_payment_module.php set payment data:Array
(
    [AccessID] => e3bc3da518712b36f5a3b6b74a3719dd
    [AccessPass] => c7a073dc8f979b1d8b58cc201fc7241a
    [OrderID] => 939913-06212724
    [Amount] => 7920
    [JobCd] => CAPTURE
    [action_status] => 1
    [pay_status] => 0
)
 from 46.24.96.75
2019/09/06 21:27:24 [/shop/shopping/load_payment_module.php] SendRequest:https://p01.mul-pay.jp/payment/ExecTran.idPass from 46.24.96.75
2019/09/06 21:27:24 [/shop/shopping/load_payment_module.php] Array
(
    [AccessID] => e3bc3da518712b36f5a3b6b74a3719dd
    [AccessPass] => c7a073dc8f979b1d8b58cc201fc7241a
    [OrderID] => 939913-06212724
    [Method] => 1
    [Token] => 3ca0249340c6ebbbabd8aa8dee76e9e121cdd958e0ad35f0b5bd6a7fe53a6507
    [ClientField1] => 
    [ClientField2] => 
    [ClientField3] => EC-CUBE4.3.24
)
 from 46.24.96.75
2019/09/06 21:27:25 [/shop/shopping/load_payment_module.php] ACS=0&OrderID=939913-06212724&Forward=2S49631&Method=1&PayTimes=&Approve=0261216&TranID=1909062127602257210134111712&TranDate=20190906212725&CheckString=0c6a0f40c26b377f1028d55bdb51ee70 from 46.24.96.75
2019/09/06 21:27:25 [/shop/shopping/load_payment_module.php] Array
(
    [0] => Array
        (
            [ACS] => 0
            [OrderID] => 939913-06212724
            [Forward] => 2S49631
            [Method] => 1
            [PayTimes] => 
            [Approve] => 0261216
            [TranID] => 1909062127602257210134111712
            [TranDate] => 20190906212725
            [CheckString] => 0c6a0f40c26b377f1028d55bdb51ee70
        )

)
 from 46.24.96.75
2019/09/06 21:27:25 [/shop/shopping/load_payment_module.php] load_payment_module.php set payment data:Array
(
    [ACS] => 0
    [Forward] => 2S49631
    [Method] => 1
    [PayTimes] => 
    [Approve] => 0261216
    [TranID] => 1909062127602257210134111712
    [TranDate] => 20190906212725
    [CheckString] => 0c6a0f40c26b377f1028d55bdb51ee70
    [Amount] => 7920
    [JobCd] => CAPTURE
    [action_status] => 3
    [pay_status] => 13
)
 from 46.24.96.75
2019/09/06 21:27:25 [/shop/user_data/pg_mulpay_recv.php] ******* receiveer data start ******* from 210.175.7.20
2019/09/06 21:27:25 [/shop/user_data/pg_mulpay_recv.php] Array
(
    [ShopID] => 9000034600950
    [ShopPass] => **********
    [AccessID] => e3bc3da518712b36f5a3b6b74a3719dd
    [AccessPass] => ********************************
    [OrderID] => 939913-06212724
    [Status] => CAPTURE
    [JobCd] => CAPTURE
    [Amount] => 7920
    [Tax] => 0
    [Currency] => JPN
    [Forward] => 2S49631
    [Method] => 1
    [PayTimes] => 
    [TranID] => 1909062127602257210134111712
    [Approve] => 0261216
    [TranDate] => 20190906212725
    [ErrCode] => 
    [ErrInfo] => 
    [PayType] => 0
)
 from 210.175.7.20
2019/09/06 21:27:25 [/shop/user_data/pg_mulpay_recv.php] ******* receiveer data end ******* from 210.175.7.20
2019/09/06 21:27:30 [/shop/user_data/pg_mulpay_recv.php] update order status:1 order_id=939913 from 210.175.7.20
2019/09/06 21:27:30 [/shop/user_data/pg_mulpay_recv.php] pg_mulpay_recv.php set payment data:Array
(
    [ShopID] => 9000034600950
    [AccessID] => e3bc3da518712b36f5a3b6b74a3719dd
    [OrderID] => 939913-06212724
    [Status] => CAPTURE
    [JobCd] => CAPTURE
    [Amount] => 7920
    [Tax] => 0
    [Currency] => JPN
    [Forward] => 2S49631
    [Method] => 1
    [PayTimes] => 
    [TranID] => 1909062127602257210134111712
    [Approve] => 0261216
    [TranDate] => 20190906212725
    [ErrCode] => 
    [ErrInfo] => 
    [PayType] => 0
    [CvsCode] => 
    [CvsConfNo] => 
    [CvsReceiptNo] => 
    [EdyReceiptNo] => 
    [EdyOrderNo] => 
    [SuicaReceiptNo] => 
    [SuicaOrderNo] => 
    [CustID] => 
    [BkCode] => 
    [ConfNo] => 
    [PaymentTerm] => 
    [EncryptReceiptNo] => 
    [FinishDate] => 
    [ReceiptDate] => 
    [WebMoneyManagementNo] => 
    [WebMoneySettleCode] => 
    [AuPayInfoNo] => 
    [AuPayMethod] => 
    [AuCancelAmount] => 
    [AuCancelTax] => 
    [DocomoSettlementCode] => 
    [DocomoCancelAmount] => 
    [DocomoCancelTax] => 
    [pay_status] => 13
)
 from 210.175.7.20
2019/09/06 21:27:30 [/shop/user_data/pg_mulpay_recv.php] response:true from 210.175.7.20
2019/09/06 22:24:56 [/shop/shopping/load_payment_module.php] SendRequest:https://p01.mul-pay.jp/payment/EntryTran.idPass from 219.79.112.203
2019/09/06 22:24:56 [/shop/shopping/load_payment_module.php] Array
(
    [ShopID] => 9000034600950
    [ShopPass] => ******
    [OrderID] => 939914-06222456
    [JobCd] => CAPTURE
    [Amount] => 4410
    [TdFlag] => 0
    [TdTenantName] => 
)
 from 219.79.112.203
2019/09/06 22:24:56 [/shop/shopping/load_payment_module.php] AccessID=b42acc6c4de43c3e44df85d9b4cecf1f&AccessPass=bc0dd710e79fee1bde65b3b4a479e279 from 219.79.112.203
2019/09/06 22:24:56 [/shop/shopping/load_payment_module.php] Array
(
    [0] => Array
        (
            [AccessID] => b42acc6c4de43c3e44df85d9b4cecf1f
            [AccessPass] => bc0dd710e79fee1bde65b3b4a479e279
        )

)
 from 219.79.112.203
2019/09/06 22:24:56 [/shop/shopping/load_payment_module.php] load_payment_module.php set payment data:Array
(
    [AccessID] => b42acc6c4de43c3e44df85d9b4cecf1f
    [AccessPass] => bc0dd710e79fee1bde65b3b4a479e279
    [OrderID] => 939914-06222456
    [Amount] => 4410
    [JobCd] => CAPTURE
    [action_status] => 1
    [pay_status] => 0
)
 from 219.79.112.203
2019/09/06 22:24:56 [/shop/shopping/load_payment_module.php] SendRequest:https://p01.mul-pay.jp/payment/ExecTran.idPass from 219.79.112.203
2019/09/06 22:24:56 [/shop/shopping/load_payment_module.php] Array
(
    [AccessID] => b42acc6c4de43c3e44df85d9b4cecf1f
    [AccessPass] => bc0dd710e79fee1bde65b3b4a479e279
    [OrderID] => 939914-06222456
    [Method] => 1
    [Token] => e57a016b2886f7c449bf352ca3c9790934a71bd3f5cf579f932e00cc433ca449
    [ClientField1] => 
    [ClientField2] => 
    [ClientField3] => EC-CUBE4.3.24
)
 from 219.79.112.203
2019/09/06 22:24:57 [/shop/shopping/load_payment_module.php] ACS=0&OrderID=939914-06222456&Forward=2a99661&Method=1&PayTimes=&Approve=0000023&TranID=1909062224602257210134121688&TranDate=20190906222457&CheckString=ea2281a1fde1c33f722b31654689651e from 219.79.112.203
2019/09/06 22:24:57 [/shop/shopping/load_payment_module.php] Array
(
    [0] => Array
        (
            [ACS] => 0
            [OrderID] => 939914-06222456
            [Forward] => 2a99661
            [Method] => 1
            [PayTimes] => 
            [Approve] => 0000023
            [TranID] => 1909062224602257210134121688
            [TranDate] => 20190906222457
            [CheckString] => ea2281a1fde1c33f722b31654689651e
        )

)
 from 219.79.112.203
2019/09/06 22:24:57 [/shop/shopping/load_payment_module.php] load_payment_module.php set payment data:Array
(
    [ACS] => 0
    [Forward] => 2a99661
    [Method] => 1
    [PayTimes] => 
    [Approve] => 0000023
    [TranID] => 1909062224602257210134121688
    [TranDate] => 20190906222457
    [CheckString] => ea2281a1fde1c33f722b31654689651e
    [Amount] => 4410
    [JobCd] => CAPTURE
    [action_status] => 3
    [pay_status] => 13
)
 from 219.79.112.203
2019/09/06 22:24:58 [/shop/user_data/pg_mulpay_recv.php] ******* receiveer data start ******* from 210.175.7.20
2019/09/06 22:24:58 [/shop/user_data/pg_mulpay_recv.php] Array
(
    [ShopID] => 9000034600950
    [ShopPass] => **********
    [AccessID] => b42acc6c4de43c3e44df85d9b4cecf1f
    [AccessPass] => ********************************
    [OrderID] => 939914-06222456
    [Status] => CAPTURE
    [JobCd] => CAPTURE
    [Amount] => 4410
    [Tax] => 0
    [Currency] => JPN
    [Forward] => 2a99661
    [Method] => 1
    [PayTimes] => 
    [TranID] => 1909062224602257210134121688
    [Approve] => 0000023
    [TranDate] => 20190906222457
    [ErrCode] => 
    [ErrInfo] => 
    [PayType] => 0
)
 from 210.175.7.20
2019/09/06 22:24:58 [/shop/user_data/pg_mulpay_recv.php] ******* receiveer data end ******* from 210.175.7.20
2019/09/06 22:25:03 [/shop/user_data/pg_mulpay_recv.php] update order status:1 order_id=939914 from 210.175.7.20
2019/09/06 22:25:03 [/shop/user_data/pg_mulpay_recv.php] pg_mulpay_recv.php set payment data:Array
(
    [ShopID] => 9000034600950
    [AccessID] => b42acc6c4de43c3e44df85d9b4cecf1f
    [OrderID] => 939914-06222456
    [Status] => CAPTURE
    [JobCd] => CAPTURE
    [Amount] => 4410
    [Tax] => 0
    [Currency] => JPN
    [Forward] => 2a99661
    [Method] => 1
    [PayTimes] => 
    [TranID] => 1909062224602257210134121688
    [Approve] => 0000023
    [TranDate] => 20190906222457
    [ErrCode] => 
    [ErrInfo] => 
    [PayType] => 0
    [CvsCode] => 
    [CvsConfNo] => 
    [CvsReceiptNo] => 
    [EdyReceiptNo] => 
    [EdyOrderNo] => 
    [SuicaReceiptNo] => 
    [SuicaOrderNo] => 
    [CustID] => 
    [BkCode] => 
    [ConfNo] => 
    [PaymentTerm] => 
    [EncryptReceiptNo] => 
    [FinishDate] => 
    [ReceiptDate] => 
    [WebMoneyManagementNo] => 
    [WebMoneySettleCode] => 
    [AuPayInfoNo] => 
    [AuPayMethod] => 
    [AuCancelAmount] => 
    [AuCancelTax] => 
    [DocomoSettlementCode] => 
    [DocomoCancelAmount] => 
    [DocomoCancelTax] => 
    [pay_status] => 13
)
 from 210.175.7.20
2019/09/06 22:25:03 [/shop/user_data/pg_mulpay_recv.php] response:true from 210.175.7.20
2019/09/06 22:26:42 [/shop/shopping/load_payment_module.php] SendRequest:https://p01.mul-pay.jp/payment/SearchMember.idPass from 123.252.133.230
2019/09/06 22:26:42 [/shop/shopping/load_payment_module.php] Array
(
    [SiteID] => mst0000007602
    [SitePass] => ******
    [MemberID] => 6607
)
 from 123.252.133.230
2019/09/06 22:26:42 [/shop/shopping/load_payment_module.php] ErrCode=E01&ErrInfo=E01390002 from 123.252.133.230
2019/09/06 22:26:42 [/shop/shopping/load_payment_module.php] Array
(
    [0] => Array
        (
            [ErrCode] => E01
            [ErrInfo] => E01390002
        )

)
 from 123.252.133.230
2019/09/06 22:26:42 [/shop/shopping/load_payment_module.php] SendRequest:https://p01.mul-pay.jp/payment/SearchCard.idPass from 123.252.133.230
2019/09/06 22:26:42 [/shop/shopping/load_payment_module.php] Array
(
    [SiteID] => mst0000007602
    [SitePass] => ******
    [MemberID] => 6607
)
 from 123.252.133.230
2019/09/06 22:26:43 [/shop/shopping/load_payment_module.php] ErrCode=E01|E01&ErrInfo=E01390002|E01240002 from 123.252.133.230
2019/09/06 22:26:43 [/shop/shopping/load_payment_module.php] Array
(
    [0] => Array
        (
            [ErrCode] => E01
            [ErrInfo] => E01390002
        )

    [1] => Array
        (
            [ErrCode] => E01
            [ErrInfo] => E01240002
        )

)
 from 123.252.133.230
2019/09/06 22:27:16 [/shop/shopping/load_payment_module.php] SendRequest:https://p01.mul-pay.jp/payment/SearchMember.idPass from 49.248.117.102
2019/09/06 22:27:16 [/shop/shopping/load_payment_module.php] Array
(
    [SiteID] => mst0000007602
    [SitePass] => ******
    [MemberID] => 6607
)
 from 49.248.117.102
2019/09/06 22:27:16 [/shop/shopping/load_payment_module.php] ErrCode=E01&ErrInfo=E01390002 from 49.248.117.102
2019/09/06 22:27:16 [/shop/shopping/load_payment_module.php] Array
(
    [0] => Array
        (
            [ErrCode] => E01
            [ErrInfo] => E01390002
        )

)
 from 49.248.117.102
2019/09/06 22:27:16 [/shop/shopping/load_payment_module.php] SendRequest:https://p01.mul-pay.jp/payment/SearchCard.idPass from 49.248.117.102
2019/09/06 22:27:16 [/shop/shopping/load_payment_module.php] Array
(
    [SiteID] => mst0000007602
    [SitePass] => ******
    [MemberID] => 6607
)
 from 49.248.117.102
2019/09/06 22:27:16 [/shop/shopping/load_payment_module.php] ErrCode=E01|E01&ErrInfo=E01390002|E01240002 from 49.248.117.102
2019/09/06 22:27:16 [/shop/shopping/load_payment_module.php] Array
(
    [0] => Array
        (
            [ErrCode] => E01
            [ErrInfo] => E01390002
        )

    [1] => Array
        (
            [ErrCode] => E01
            [ErrInfo] => E01240002
        )

)
 from 49.248.117.102
2019/09/06 22:27:16 [/shop/shopping/load_payment_module.php] SendRequest:https://p01.mul-pay.jp/payment/EntryTran.idPass from 49.248.117.102
2019/09/06 22:27:16 [/shop/shopping/load_payment_module.php] Array
(
    [ShopID] => 9000034600950
    [ShopPass] => ******
    [OrderID] => 939915-06222716
    [JobCd] => CAPTURE
    [Amount] => 21158
    [TdFlag] => 0
    [TdTenantName] => 
)
 from 49.248.117.102
2019/09/06 22:27:16 [/shop/shopping/load_payment_module.php] AccessID=83182e5104252138f95490301f803a0c&AccessPass=c8b1cb5f4f643ae56b2359179591e183 from 49.248.117.102
2019/09/06 22:27:16 [/shop/shopping/load_payment_module.php] Array
(
    [0] => Array
        (
            [AccessID] => 83182e5104252138f95490301f803a0c
            [AccessPass] => c8b1cb5f4f643ae56b2359179591e183
        )

)
 from 49.248.117.102
2019/09/06 22:27:16 [/shop/shopping/load_payment_module.php] load_payment_module.php set payment data:Array
(
    [AccessID] => 83182e5104252138f95490301f803a0c
    [AccessPass] => c8b1cb5f4f643ae56b2359179591e183
    [OrderID] => 939915-06222716
    [Amount] => 21158
    [JobCd] => CAPTURE
    [action_status] => 1
    [pay_status] => 0
)
 from 49.248.117.102
2019/09/06 22:27:16 [/shop/shopping/load_payment_module.php] SendRequest:https://p01.mul-pay.jp/payment/ExecTran.idPass from 49.248.117.102
2019/09/06 22:27:16 [/shop/shopping/load_payment_module.php] Array
(
    [AccessID] => 83182e5104252138f95490301f803a0c
    [AccessPass] => c8b1cb5f4f643ae56b2359179591e183
    [OrderID] => 939915-06222716
    [Method] => 1
    [Token] => 6caa8024c9eaeafd1ba7b38e4863e55b656212f99b89a436115305a8be76bf93
    [ClientField1] => 
    [ClientField2] => 
    [ClientField3] => EC-CUBE4.3.24
)
 from 49.248.117.102
2019/09/06 22:27:18 [/shop/shopping/load_payment_module.php] ACS=0&OrderID=939915-06222716&Forward=2S49631&Method=1&PayTimes=&Approve=0009938&TranID=1909062227602257210134111713&TranDate=20190906222717&CheckString=78b75e42cf4568586c575eea7905243b from 49.248.117.102
2019/09/06 22:27:18 [/shop/shopping/load_payment_module.php] Array
(
    [0] => Array
        (
            [ACS] => 0
            [OrderID] => 939915-06222716
            [Forward] => 2S49631
            [Method] => 1
            [PayTimes] => 
            [Approve] => 0009938
            [TranID] => 1909062227602257210134111713
            [TranDate] => 20190906222717
            [CheckString] => 78b75e42cf4568586c575eea7905243b
        )

)
 from 49.248.117.102
2019/09/06 22:27:18 [/shop/shopping/load_payment_module.php] load_payment_module.php set payment data:Array
(
    [ACS] => 0
    [Forward] => 2S49631
    [Method] => 1
    [PayTimes] => 
    [Approve] => 0009938
    [TranID] => 1909062227602257210134111713
    [TranDate] => 20190906222717
    [CheckString] => 78b75e42cf4568586c575eea7905243b
    [Amount] => 21158
    [JobCd] => CAPTURE
    [action_status] => 3
    [pay_status] => 13
)
 from 49.248.117.102
2019/09/06 22:27:18 [/shop/user_data/pg_mulpay_recv.php] ******* receiveer data start ******* from 210.175.7.20
2019/09/06 22:27:18 [/shop/user_data/pg_mulpay_recv.php] Array
(
    [ShopID] => 9000034600950
    [ShopPass] => **********
    [AccessID] => 83182e5104252138f95490301f803a0c
    [AccessPass] => ********************************
    [OrderID] => 939915-06222716
    [Status] => CAPTURE
    [JobCd] => CAPTURE
    [Amount] => 21158
    [Tax] => 0
    [Currency] => JPN
    [Forward] => 2S49631
    [Method] => 1
    [PayTimes] => 
    [TranID] => 1909062227602257210134111713
    [Approve] => 0009938
    [TranDate] => 20190906222717
    [ErrCode] => 
    [ErrInfo] => 
    [PayType] => 0
)
 from 210.175.7.20
2019/09/06 22:27:18 [/shop/user_data/pg_mulpay_recv.php] ******* receiveer data end ******* from 210.175.7.20
2019/09/06 22:27:23 [/shop/user_data/pg_mulpay_recv.php] update order status:1 order_id=939915 from 210.175.7.20
2019/09/06 22:27:23 [/shop/user_data/pg_mulpay_recv.php] pg_mulpay_recv.php set payment data:Array
(
    [ShopID] => 9000034600950
    [AccessID] => 83182e5104252138f95490301f803a0c
    [OrderID] => 939915-06222716
    [Status] => CAPTURE
    [JobCd] => CAPTURE
    [Amount] => 21158
    [Tax] => 0
    [Currency] => JPN
    [Forward] => 2S49631
    [Method] => 1
    [PayTimes] => 
    [TranID] => 1909062227602257210134111713
    [Approve] => 0009938
    [TranDate] => 20190906222717
    [ErrCode] => 
    [ErrInfo] => 
    [PayType] => 0
    [CvsCode] => 
    [CvsConfNo] => 
    [CvsReceiptNo] => 
    [EdyReceiptNo] => 
    [EdyOrderNo] => 
    [SuicaReceiptNo] => 
    [SuicaOrderNo] => 
    [CustID] => 
    [BkCode] => 
    [ConfNo] => 
    [PaymentTerm] => 
    [EncryptReceiptNo] => 
    [FinishDate] => 
    [ReceiptDate] => 
    [WebMoneyManagementNo] => 
    [WebMoneySettleCode] => 
    [AuPayInfoNo] => 
    [AuPayMethod] => 
    [AuCancelAmount] => 
    [AuCancelTax] => 
    [DocomoSettlementCode] => 
    [DocomoCancelAmount] => 
    [DocomoCancelTax] => 
    [pay_status] => 13
)
 from 210.175.7.20
2019/09/06 22:27:23 [/shop/user_data/pg_mulpay_recv.php] response:true from 210.175.7.20
