商品ID,商品規格ID,親規格分類ID,規格分類ID,親規格分類名,規格分類名,メーカーID,メーカー名,商品名,表示ステータス(公開・非公開),メーカーURL(コメント1),コメント2,検索ワード(コメント3),コメント4,コメント5,コメント6,備考欄(SHOP専用),一覧-メインコメント,一覧-メイン画像,詳細-メインコメント,詳細-メイン画像,詳細-メイン拡大画像,詳細-サブタイトル(1),詳細-サブコメント(1),詳細-サブ画像(1),詳細-サブ拡大画像(1),詳細-サブタイトル(2),詳細-サブコメント(2),詳細-サブ画像(2),詳細-サブ拡大画像(2),詳細-サブタイトル(3),詳細-サブコメント(3),詳細-サブ画像(3),詳細-サブ拡大画像(3),詳細-サブタイトル(4),詳細-サブコメント(4),詳細-サブ画像(4),詳細-サブ拡大画像(4),詳細-サブタイトル(5),詳細-サブコメント(5),詳細-サブ画像(5),詳細-サブ拡大画像(5),発送日目安ID,削除フラグ,商品種別ID,商品コード,在庫数,在庫無制限フラグ,販売制限数,通常価格,販売価格,送料,ポイント付与率,ダウンロードファイル名,ダウンロード実ファイル,関連商品ID(1),関連商品コメント(1),関連商品ID(2),関連商品コメント(2),関連商品ID(3),関連商品コメント(3),関連商品ID(4),関連商品コメント(4),関連商品ID(5),関連商品コメント(5),関連商品ID(6),関連商品コメント(6),商品ステータス,商品ステータス名,カテゴリID,カテゴリ名
1662,5442,377,13,Insurance [NONE] / Additional Battery [NONE],1,1,カート用通常フラグ,SoftBank 601HW [BLACK] Standard 20GB,1,,,,,,,,*,sk/img001.jpg,*,sk/img001.jpg,,,,,,,,,,,,,,,,,,,,,,,0,1,en_sk_001,,1,,780,780,,5,,,,,,,,,,,,,,,,,"21,22","NEW rental,SoftBank 601HW 20GB"
1662,5446,377,14,Insurance [NONE] / Additional Battery [NONE],2,1,カート用通常フラグ,SoftBank 601HW [BLACK] Standard 20GB,1,,,,,,,,*,sk/img001.jpg,*,sk/img001.jpg,,,,,,,,,,,,,,,,,,,,,,,0,1,en_sk_002,,1,,1170,1170,,5,,,,,,,,,,,,,,,,,"21,22","NEW rental,SoftBank 601HW 20GB"
1662,5450,377,15,Insurance [NONE] / Additional Battery [NONE],3,1,カート用通常フラグ,SoftBank 601HW [BLACK] Standard 20GB,1,,,,,,,,*,sk/img001.jpg,*,sk/img001.jpg,,,,,,,,,,,,,,,,,,,,,,,0,1,en_sk_003,,1,,1560,1560,,5,,,,,,,,,,,,,,,,,"21,22","NEW rental,SoftBank 601HW 20GB"
1662,5454,377,16,Insurance [NONE] / Additional Battery [NONE],4,1,カート用通常フラグ,SoftBank 601HW [BLACK] Standard 20GB,1,,,,,,,,*,sk/img001.jpg,*,sk/img001.jpg,,,,,,,,,,,,,,,,,,,,,,,0,1,en_sk_004,,1,,1950,1950,,5,,,,,,,,,,,,,,,,,"21,22","NEW rental,SoftBank 601HW 20GB"
1662,5458,377,17,Insurance [NONE] / Additional Battery [NONE],5,1,カート用通常フラグ,SoftBank 601HW [BLACK] Standard 20GB,1,,,,,,,,*,sk/img001.jpg,*,sk/img001.jpg,,,,,,,,,,,,,,,,,,,,,,,0,1,en_sk_005,,1,,2340,2340,,5,,,,,,,,,,,,,,,,,"21,22","NEW rental,SoftBank 601HW 20GB"
1662,5462,377,18,Insurance [NONE] / Additional Battery [NONE],6,1,カート用通常フラグ,SoftBank 601HW [BLACK] Standard 20GB,1,,,,,,,,*,sk/img001.jpg,*,sk/img001.jpg,,,,,,,,,,,,,,,,,,,,,,,0,1,en_sk_006,,1,,2730,2730,,5,,,,,,,,,,,,,,,,,"21,22","NEW rental,SoftBank 601HW 20GB"
1662,5466,377,19,Insurance [NONE] / Additional Battery [NONE],7,1,カート用通常フラグ,SoftBank 601HW [BLACK] Standard 20GB,1,,,,,,,,*,sk/img001.jpg,*,sk/img001.jpg,,,,,,,,,,,,,,,,,,,,,,,0,1,en_sk_007,,1,,3120,3120,,5,,,,,,,,,,,,,,,,,"21,22","NEW rental,SoftBank 601HW 20GB"
1662,5470,377,20,Insurance [NONE] / Additional Battery [NONE],8,1,カート用通常フラグ,SoftBank 601HW [BLACK] Standard 20GB,1,,,,,,,,*,sk/img001.jpg,*,sk/img001.jpg,,,,,,,,,,,,,,,,,,,,,,,0,1,en_sk_008,,1,,3510,3510,,5,,,,,,,,,,,,,,,,,"21,22","NEW rental,SoftBank 601HW 20GB"
1662,5474,377,21,Insurance [NONE] / Additional Battery [NONE],9,1,カート用通常フラグ,SoftBank 601HW [BLACK] Standard 20GB,1,,,,,,,,*,sk/img001.jpg,*,sk/img001.jpg,,,,,,,,,,,,,,,,,,,,,,,0,1,en_sk_009,,1,,3900,3900,,5,,,,,,,,,,,,,,,,,"21,22","NEW rental,SoftBank 601HW 20GB"
1662,5478,377,22,Insurance [NONE] / Additional Battery [NONE],10,1,カート用通常フラグ,SoftBank 601HW [BLACK] Standard 20GB,1,,,,,,,,*,sk/img001.jpg,*,sk/img001.jpg,,,,,,,,,,,,,,,,,,,,,,,0,1,en_sk_010,,1,,4290,4290,,5,,,,,,,,,,,,,,,,,"21,22","NEW rental,SoftBank 601HW 20GB"
1662,5482,377,23,Insurance [NONE] / Additional Battery [NONE],11,1,カート用通常フラグ,SoftBank 601HW [BLACK] Standard 20GB,1,,,,,,,,*,sk/img001.jpg,*,sk/img001.jpg,,,,,,,,,,,,,,,,,,,,,,,0,1,en_sk_011,,1,,4680,4680,,5,,,,,,,,,,,,,,,,,"21,22","NEW rental,SoftBank 601HW 20GB"
1662,5486,377,24,Insurance [NONE] / Additional Battery [NONE],12,1,カート用通常フラグ,SoftBank 601HW [BLACK] Standard 20GB,1,,,,,,,,*,sk/img001.jpg,*,sk/img001.jpg,,,,,,,,,,,,,,,,,,,,,,,0,1,en_sk_012,,1,,5070,5070,,5,,,,,,,,,,,,,,,,,"21,22","NEW rental,SoftBank 601HW 20GB"
1662,5490,377,25,Insurance [NONE] / Additional Battery [NONE],13,1,カート用通常フラグ,SoftBank 601HW [BLACK] Standard 20GB,1,,,,,,,,*,sk/img001.jpg,*,sk/img001.jpg,,,,,,,,,,,,,,,,,,,,,,,0,1,en_sk_013,,1,,5460,5460,,5,,,,,,,,,,,,,,,,,"21,22","NEW rental,SoftBank 601HW 20GB"
1662,5494,377,26,Insurance [NONE] / Additional Battery [NONE],14,1,カート用通常フラグ,SoftBank 601HW [BLACK] Standard 20GB,1,,,,,,,,*,sk/img001.jpg,*,sk/img001.jpg,,,,,,,,,,,,,,,,,,,,,,,0,1,en_sk_014,,1,,5850,5850,,5,,,,,,,,,,,,,,,,,"21,22","NEW rental,SoftBank 601HW 20GB"
1662,5498,377,27,Insurance [NONE] / Additional Battery [NONE],15,1,カート用通常フラグ,SoftBank 601HW [BLACK] Standard 20GB,1,,,,,,,,*,sk/img001.jpg,*,sk/img001.jpg,,,,,,,,,,,,,,,,,,,,,,,0,1,en_sk_015,,1,,5850,5850,,5,,,,,,,,,,,,,,,,,"21,22","NEW rental,SoftBank 601HW 20GB"
1662,5502,377,28,Insurance [NONE] / Additional Battery [NONE],16,1,カート用通常フラグ,SoftBank 601HW [BLACK] Standard 20GB,1,,,,,,,,*,sk/img001.jpg,*,sk/img001.jpg,,,,,,,,,,,,,,,,,,,,,,,0,1,en_sk_016,,1,,5850,5850,,5,,,,,,,,,,,,,,,,,"21,22","NEW rental,SoftBank 601HW 20GB"
1662,5506,377,29,Insurance [NONE] / Additional Battery [NONE],17,1,カート用通常フラグ,SoftBank 601HW [BLACK] Standard 20GB,1,,,,,,,,*,sk/img001.jpg,*,sk/img001.jpg,,,,,,,,,,,,,,,,,,,,,,,0,1,en_sk_017,,1,,5850,5850,,5,,,,,,,,,,,,,,,,,"21,22","NEW rental,SoftBank 601HW 20GB"
1662,5510,377,30,Insurance [NONE] / Additional Battery [NONE],18,1,カート用通常フラグ,SoftBank 601HW [BLACK] Standard 20GB,1,,,,,,,,*,sk/img001.jpg,*,sk/img001.jpg,,,,,,,,,,,,,,,,,,,,,,,0,1,en_sk_018,,1,,5850,5850,,5,,,,,,,,,,,,,,,,,"21,22","NEW rental,SoftBank 601HW 20GB"
1662,5514,377,31,Insurance [NONE] / Additional Battery [NONE],19,1,カート用通常フラグ,SoftBank 601HW [BLACK] Standard 20GB,1,,,,,,,,*,sk/img001.jpg,*,sk/img001.jpg,,,,,,,,,,,,,,,,,,,,,,,0,1,en_sk_019,,1,,5850,5850,,5,,,,,,,,,,,,,,,,,"21,22","NEW rental,SoftBank 601HW 20GB"
1662,5518,377,32,Insurance [NONE] / Additional Battery [NONE],20,1,カート用通常フラグ,SoftBank 601HW [BLACK] Standard 20GB,1,,,,,,,,*,sk/img001.jpg,*,sk/img001.jpg,,,,,,,,,,,,,,,,,,,,,,,0,1,en_sk_020,,1,,5850,5850,,5,,,,,,,,,,,,,,,,,"21,22","NEW rental,SoftBank 601HW 20GB"
1662,5522,377,33,Insurance [NONE] / Additional Battery [NONE],21,1,カート用通常フラグ,SoftBank 601HW [BLACK] Standard 20GB,1,,,,,,,,*,sk/img001.jpg,*,sk/img001.jpg,,,,,,,,,,,,,,,,,,,,,,,0,1,en_sk_021,,1,,5850,5850,,5,,,,,,,,,,,,,,,,,"21,22","NEW rental,SoftBank 601HW 20GB"
1662,5526,377,34,Insurance [NONE] / Additional Battery [NONE],22,1,カート用通常フラグ,SoftBank 601HW [BLACK] Standard 20GB,1,,,,,,,,*,sk/img001.jpg,*,sk/img001.jpg,,,,,,,,,,,,,,,,,,,,,,,0,1,en_sk_022,,1,,5850,5850,,5,,,,,,,,,,,,,,,,,"21,22","NEW rental,SoftBank 601HW 20GB"
1662,5530,377,35,Insurance [NONE] / Additional Battery [NONE],23,1,カート用通常フラグ,SoftBank 601HW [BLACK] Standard 20GB,1,,,,,,,,*,sk/img001.jpg,*,sk/img001.jpg,,,,,,,,,,,,,,,,,,,,,,,0,1,en_sk_023,,1,,5850,5850,,5,,,,,,,,,,,,,,,,,"21,22","NEW rental,SoftBank 601HW 20GB"
1662,5534,377,36,Insurance [NONE] / Additional Battery [NONE],24,1,カート用通常フラグ,SoftBank 601HW [BLACK] Standard 20GB,1,,,,,,,,*,sk/img001.jpg,*,sk/img001.jpg,,,,,,,,,,,,,,,,,,,,,,,0,1,en_sk_024,,1,,5850,5850,,5,,,,,,,,,,,,,,,,,"21,22","NEW rental,SoftBank 601HW 20GB"
1662,5538,377,37,Insurance [NONE] / Additional Battery [NONE],25,1,カート用通常フラグ,SoftBank 601HW [BLACK] Standard 20GB,1,,,,,,,,*,sk/img001.jpg,*,sk/img001.jpg,,,,,,,,,,,,,,,,,,,,,,,0,1,en_sk_025,,1,,5850,5850,,5,,,,,,,,,,,,,,,,,"21,22","NEW rental,SoftBank 601HW 20GB"
1662,5542,377,38,Insurance [NONE] / Additional Battery [NONE],26,1,カート用通常フラグ,SoftBank 601HW [BLACK] Standard 20GB,1,,,,,,,,*,sk/img001.jpg,*,sk/img001.jpg,,,,,,,,,,,,,,,,,,,,,,,0,1,en_sk_026,,1,,5850,5850,,5,,,,,,,,,,,,,,,,,"21,22","NEW rental,SoftBank 601HW 20GB"
1662,5546,377,39,Insurance [NONE] / Additional Battery [NONE],27,1,カート用通常フラグ,SoftBank 601HW [BLACK] Standard 20GB,1,,,,,,,,*,sk/img001.jpg,*,sk/img001.jpg,,,,,,,,,,,,,,,,,,,,,,,0,1,en_sk_027,,1,,5850,5850,,5,,,,,,,,,,,,,,,,,"21,22","NEW rental,SoftBank 601HW 20GB"
1662,5550,377,40,Insurance [NONE] / Additional Battery [NONE],28,1,カート用通常フラグ,SoftBank 601HW [BLACK] Standard 20GB,1,,,,,,,,*,sk/img001.jpg,*,sk/img001.jpg,,,,,,,,,,,,,,,,,,,,,,,0,1,en_sk_028,,1,,5850,5850,,5,,,,,,,,,,,,,,,,,"21,22","NEW rental,SoftBank 601HW 20GB"
1662,5554,377,41,Insurance [NONE] / Additional Battery [NONE],29,1,カート用通常フラグ,SoftBank 601HW [BLACK] Standard 20GB,1,,,,,,,,*,sk/img001.jpg,*,sk/img001.jpg,,,,,,,,,,,,,,,,,,,,,,,0,1,en_sk_029,,1,,5850,5850,,5,,,,,,,,,,,,,,,,,"21,22","NEW rental,SoftBank 601HW 20GB"
1662,5558,377,42,Insurance [NONE] / Additional Battery [NONE],30,1,カート用通常フラグ,SoftBank 601HW [BLACK] Standard 20GB,1,,,,,,,,*,sk/img001.jpg,*,sk/img001.jpg,,,,,,,,,,,,,,,,,,,,,,,0,1,en_sk_030,,1,,5850,5850,,5,,,,,,,,,,,,,,,,,"21,22","NEW rental,SoftBank 601HW 20GB"
1662,5562,377,43,Insurance [NONE] / Additional Battery [NONE],31,1,カート用通常フラグ,SoftBank 601HW [BLACK] Standard 20GB,1,,,,,,,,*,sk/img001.jpg,*,sk/img001.jpg,,,,,,,,,,,,,,,,,,,,,,,0,1,en_sk_031,,1,,6240,6240,,5,,,,,,,,,,,,,,,,,"21,22","NEW rental,SoftBank 601HW 20GB"
1662,5566,377,44,Insurance [NONE] / Additional Battery [NONE],32,1,カート用通常フラグ,SoftBank 601HW [BLACK] Standard 20GB,1,,,,,,,,*,sk/img001.jpg,*,sk/img001.jpg,,,,,,,,,,,,,,,,,,,,,,,0,1,en_sk_032,,1,,6630,6630,,5,,,,,,,,,,,,,,,,,"21,22","NEW rental,SoftBank 601HW 20GB"
1662,5570,377,45,Insurance [NONE] / Additional Battery [NONE],33,1,カート用通常フラグ,SoftBank 601HW [BLACK] Standard 20GB,1,,,,,,,,*,sk/img001.jpg,*,sk/img001.jpg,,,,,,,,,,,,,,,,,,,,,,,0,1,en_sk_033,,1,,7020,7020,,5,,,,,,,,,,,,,,,,,"21,22","NEW rental,SoftBank 601HW 20GB"
1662,5574,377,46,Insurance [NONE] / Additional Battery [NONE],34,1,カート用通常フラグ,SoftBank 601HW [BLACK] Standard 20GB,1,,,,,,,,*,sk/img001.jpg,*,sk/img001.jpg,,,,,,,,,,,,,,,,,,,,,,,0,1,en_sk_034,,1,,7410,7410,,5,,,,,,,,,,,,,,,,,"21,22","NEW rental,SoftBank 601HW 20GB"
1662,5578,377,47,Insurance [NONE] / Additional Battery [NONE],35,1,カート用通常フラグ,SoftBank 601HW [BLACK] Standard 20GB,1,,,,,,,,*,sk/img001.jpg,*,sk/img001.jpg,,,,,,,,,,,,,,,,,,,,,,,0,1,en_sk_035,,1,,7800,7800,,5,,,,,,,,,,,,,,,,,"21,22","NEW rental,SoftBank 601HW 20GB"
1662,5582,377,48,Insurance [NONE] / Additional Battery [NONE],36,1,カート用通常フラグ,SoftBank 601HW [BLACK] Standard 20GB,1,,,,,,,,*,sk/img001.jpg,*,sk/img001.jpg,,,,,,,,,,,,,,,,,,,,,,,0,1,en_sk_036,,1,,8190,8190,,5,,,,,,,,,,,,,,,,,"21,22","NEW rental,SoftBank 601HW 20GB"
1662,5586,377,49,Insurance [NONE] / Additional Battery [NONE],37,1,カート用通常フラグ,SoftBank 601HW [BLACK] Standard 20GB,1,,,,,,,,*,sk/img001.jpg,*,sk/img001.jpg,,,,,,,,,,,,,,,,,,,,,,,0,1,en_sk_037,,1,,8580,8580,,5,,,,,,,,,,,,,,,,,"21,22","NEW rental,SoftBank 601HW 20GB"
1662,5590,377,50,Insurance [NONE] / Additional Battery [NONE],38,1,カート用通常フラグ,SoftBank 601HW [BLACK] Standard 20GB,1,,,,,,,,*,sk/img001.jpg,*,sk/img001.jpg,,,,,,,,,,,,,,,,,,,,,,,0,1,en_sk_038,,1,,8970,8970,,5,,,,,,,,,,,,,,,,,"21,22","NEW rental,SoftBank 601HW 20GB"
1662,5594,377,51,Insurance [NONE] / Additional Battery [NONE],39,1,カート用通常フラグ,SoftBank 601HW [BLACK] Standard 20GB,1,,,,,,,,*,sk/img001.jpg,*,sk/img001.jpg,,,,,,,,,,,,,,,,,,,,,,,0,1,en_sk_039,,1,,9360,9360,,5,,,,,,,,,,,,,,,,,"21,22","NEW rental,SoftBank 601HW 20GB"
1662,5598,377,52,Insurance [NONE] / Additional Battery [NONE],40,1,カート用通常フラグ,SoftBank 601HW [BLACK] Standard 20GB,1,,,,,,,,*,sk/img001.jpg,*,sk/img001.jpg,,,,,,,,,,,,,,,,,,,,,,,0,1,en_sk_040,,1,,9750,9750,,5,,,,,,,,,,,,,,,,,"21,22","NEW rental,SoftBank 601HW 20GB"
1662,5602,377,53,Insurance [NONE] / Additional Battery [NONE],41,1,カート用通常フラグ,SoftBank 601HW [BLACK] Standard 20GB,1,,,,,,,,*,sk/img001.jpg,*,sk/img001.jpg,,,,,,,,,,,,,,,,,,,,,,,0,1,en_sk_041,,1,,10140,10140,,5,,,,,,,,,,,,,,,,,"21,22","NEW rental,SoftBank 601HW 20GB"
1662,5606,377,54,Insurance [NONE] / Additional Battery [NONE],42,1,カート用通常フラグ,SoftBank 601HW [BLACK] Standard 20GB,1,,,,,,,,*,sk/img001.jpg,*,sk/img001.jpg,,,,,,,,,,,,,,,,,,,,,,,0,1,en_sk_042,,1,,10400,10400,,5,,,,,,,,,,,,,,,,,"21,22","NEW rental,SoftBank 601HW 20GB"
1662,5610,377,55,Insurance [NONE] / Additional Battery [NONE],43,1,カート用通常フラグ,SoftBank 601HW [BLACK] Standard 20GB,1,,,,,,,,*,sk/img001.jpg,*,sk/img001.jpg,,,,,,,,,,,,,,,,,,,,,,,0,1,en_sk_043,,1,,10400,10400,,5,,,,,,,,,,,,,,,,,"21,22","NEW rental,SoftBank 601HW 20GB"
1662,5614,377,56,Insurance [NONE] / Additional Battery [NONE],44,1,カート用通常フラグ,SoftBank 601HW [BLACK] Standard 20GB,1,,,,,,,,*,sk/img001.jpg,*,sk/img001.jpg,,,,,,,,,,,,,,,,,,,,,,,0,1,en_sk_044,,1,,10400,10400,,5,,,,,,,,,,,,,,,,,"21,22","NEW rental,SoftBank 601HW 20GB"
1662,5618,377,57,Insurance [NONE] / Additional Battery [NONE],45,1,カート用通常フラグ,SoftBank 601HW [BLACK] Standard 20GB,1,,,,,,,,*,sk/img001.jpg,*,sk/img001.jpg,,,,,,,,,,,,,,,,,,,,,,,0,1,en_sk_045,,1,,10400,10400,,5,,,,,,,,,,,,,,,,,"21,22","NEW rental,SoftBank 601HW 20GB"
1662,5622,377,58,Insurance [NONE] / Additional Battery [NONE],46,1,カート用通常フラグ,SoftBank 601HW [BLACK] Standard 20GB,1,,,,,,,,*,sk/img001.jpg,*,sk/img001.jpg,,,,,,,,,,,,,,,,,,,,,,,0,1,en_sk_046,,1,,10400,10400,,5,,,,,,,,,,,,,,,,,"21,22","NEW rental,SoftBank 601HW 20GB"
1662,5626,377,59,Insurance [NONE] / Additional Battery [NONE],47,1,カート用通常フラグ,SoftBank 601HW [BLACK] Standard 20GB,1,,,,,,,,*,sk/img001.jpg,*,sk/img001.jpg,,,,,,,,,,,,,,,,,,,,,,,0,1,en_sk_047,,1,,10400,10400,,5,,,,,,,,,,,,,,,,,"21,22","NEW rental,SoftBank 601HW 20GB"
1662,5630,377,60,Insurance [NONE] / Additional Battery [NONE],48,1,カート用通常フラグ,SoftBank 601HW [BLACK] Standard 20GB,1,,,,,,,,*,sk/img001.jpg,*,sk/img001.jpg,,,,,,,,,,,,,,,,,,,,,,,0,1,en_sk_048,,1,,10400,10400,,5,,,,,,,,,,,,,,,,,"21,22","NEW rental,SoftBank 601HW 20GB"
1662,5634,377,61,Insurance [NONE] / Additional Battery [NONE],49,1,カート用通常フラグ,SoftBank 601HW [BLACK] Standard 20GB,1,,,,,,,,*,sk/img001.jpg,*,sk/img001.jpg,,,,,,,,,,,,,,,,,,,,,,,0,1,en_sk_049,,1,,10400,10400,,5,,,,,,,,,,,,,,,,,"21,22","NEW rental,SoftBank 601HW 20GB"
1662,5638,377,62,Insurance [NONE] / Additional Battery [NONE],50,1,カート用通常フラグ,SoftBank 601HW [BLACK] Standard 20GB,1,,,,,,,,*,sk/img001.jpg,*,sk/img001.jpg,,,,,,,,,,,,,,,,,,,,,,,0,1,en_sk_050,,1,,10400,10400,,5,,,,,,,,,,,,,,,,,"21,22","NEW rental,SoftBank 601HW 20GB"
1662,5642,377,63,Insurance [NONE] / Additional Battery [NONE],51,1,カート用通常フラグ,SoftBank 601HW [BLACK] Standard 20GB,1,,,,,,,,*,sk/img001.jpg,*,sk/img001.jpg,,,,,,,,,,,,,,,,,,,,,,,0,1,en_sk_051,,1,,10400,10400,,5,,,,,,,,,,,,,,,,,"21,22","NEW rental,SoftBank 601HW 20GB"
1662,5646,377,64,Insurance [NONE] / Additional Battery [NONE],52,1,カート用通常フラグ,SoftBank 601HW [BLACK] Standard 20GB,1,,,,,,,,*,sk/img001.jpg,*,sk/img001.jpg,,,,,,,,,,,,,,,,,,,,,,,0,1,en_sk_052,,1,,10400,10400,,5,,,,,,,,,,,,,,,,,"21,22","NEW rental,SoftBank 601HW 20GB"
1662,5650,377,65,Insurance [NONE] / Additional Battery [NONE],53,1,カート用通常フラグ,SoftBank 601HW [BLACK] Standard 20GB,1,,,,,,,,*,sk/img001.jpg,*,sk/img001.jpg,,,,,,,,,,,,,,,,,,,,,,,0,1,en_sk_053,,1,,10400,10400,,5,,,,,,,,,,,,,,,,,"21,22","NEW rental,SoftBank 601HW 20GB"
1662,5654,377,66,Insurance [NONE] / Additional Battery [NONE],54,1,カート用通常フラグ,SoftBank 601HW [BLACK] Standard 20GB,1,,,,,,,,*,sk/img001.jpg,*,sk/img001.jpg,,,,,,,,,,,,,,,,,,,,,,,0,1,en_sk_054,,1,,10400,10400,,5,,,,,,,,,,,,,,,,,"21,22","NEW rental,SoftBank 601HW 20GB"
1662,5658,377,67,Insurance [NONE] / Additional Battery [NONE],55,1,カート用通常フラグ,SoftBank 601HW [BLACK] Standard 20GB,1,,,,,,,,*,sk/img001.jpg,*,sk/img001.jpg,,,,,,,,,,,,,,,,,,,,,,,0,1,en_sk_055,,1,,10400,10400,,5,,,,,,,,,,,,,,,,,"21,22","NEW rental,SoftBank 601HW 20GB"
1662,5662,377,68,Insurance [NONE] / Additional Battery [NONE],56,1,カート用通常フラグ,SoftBank 601HW [BLACK] Standard 20GB,1,,,,,,,,*,sk/img001.jpg,*,sk/img001.jpg,,,,,,,,,,,,,,,,,,,,,,,0,1,en_sk_056,,1,,10400,10400,,5,,,,,,,,,,,,,,,,,"21,22","NEW rental,SoftBank 601HW 20GB"
1662,5666,377,69,Insurance [NONE] / Additional Battery [NONE],57,1,カート用通常フラグ,SoftBank 601HW [BLACK] Standard 20GB,1,,,,,,,,*,sk/img001.jpg,*,sk/img001.jpg,,,,,,,,,,,,,,,,,,,,,,,0,1,en_sk_057,,1,,10400,10400,,5,,,,,,,,,,,,,,,,,"21,22","NEW rental,SoftBank 601HW 20GB"
1662,5670,377,70,Insurance [NONE] / Additional Battery [NONE],58,1,カート用通常フラグ,SoftBank 601HW [BLACK] Standard 20GB,1,,,,,,,,*,sk/img001.jpg,*,sk/img001.jpg,,,,,,,,,,,,,,,,,,,,,,,0,1,en_sk_058,,1,,10400,10400,,5,,,,,,,,,,,,,,,,,"21,22","NEW rental,SoftBank 601HW 20GB"
1662,5674,377,71,Insurance [NONE] / Additional Battery [NONE],59,1,カート用通常フラグ,SoftBank 601HW [BLACK] Standard 20GB,1,,,,,,,,*,sk/img001.jpg,*,sk/img001.jpg,,,,,,,,,,,,,,,,,,,,,,,0,1,en_sk_059,,1,,10400,10400,,5,,,,,,,,,,,,,,,,,"21,22","NEW rental,SoftBank 601HW 20GB"
1662,5678,377,72,Insurance [NONE] / Additional Battery [NONE],60,1,カート用通常フラグ,SoftBank 601HW [BLACK] Standard 20GB,1,,,,,,,,*,sk/img001.jpg,*,sk/img001.jpg,,,,,,,,,,,,,,,,,,,,,,,0,1,en_sk_060,,1,,10400,10400,,5,,,,,,,,,,,,,,,,,"21,22","NEW rental,SoftBank 601HW 20GB"
1662,5682,377,73,Insurance [NONE] / Additional Battery [NONE],61,1,カート用通常フラグ,SoftBank 601HW [BLACK] Standard 20GB,1,,,,,,,,*,sk/img001.jpg,*,sk/img001.jpg,,,,,,,,,,,,,,,,,,,,,,,0,1,en_sk_061,,1,,10790,10790,,5,,,,,,,,,,,,,,,,,"21,22","NEW rental,SoftBank 601HW 20GB"
1662,5686,377,74,Insurance [NONE] / Additional Battery [NONE],62,1,カート用通常フラグ,SoftBank 601HW [BLACK] Standard 20GB,1,,,,,,,,*,sk/img001.jpg,*,sk/img001.jpg,,,,,,,,,,,,,,,,,,,,,,,0,1,en_sk_062,,1,,11180,11180,,5,,,,,,,,,,,,,,,,,"21,22","NEW rental,SoftBank 601HW 20GB"
1662,5690,377,75,Insurance [NONE] / Additional Battery [NONE],63,1,カート用通常フラグ,SoftBank 601HW [BLACK] Standard 20GB,1,,,,,,,,*,sk/img001.jpg,*,sk/img001.jpg,,,,,,,,,,,,,,,,,,,,,,,0,1,en_sk_063,,1,,11570,11570,,5,,,,,,,,,,,,,,,,,"21,22","NEW rental,SoftBank 601HW 20GB"
1662,5694,377,76,Insurance [NONE] / Additional Battery [NONE],64,1,カート用通常フラグ,SoftBank 601HW [BLACK] Standard 20GB,1,,,,,,,,*,sk/img001.jpg,*,sk/img001.jpg,,,,,,,,,,,,,,,,,,,,,,,0,1,en_sk_064,,1,,11960,11960,,5,,,,,,,,,,,,,,,,,"21,22","NEW rental,SoftBank 601HW 20GB"
1662,5698,377,77,Insurance [NONE] / Additional Battery [NONE],65,1,カート用通常フラグ,SoftBank 601HW [BLACK] Standard 20GB,1,,,,,,,,*,sk/img001.jpg,*,sk/img001.jpg,,,,,,,,,,,,,,,,,,,,,,,0,1,en_sk_065,,1,,12350,12350,,5,,,,,,,,,,,,,,,,,"21,22","NEW rental,SoftBank 601HW 20GB"
1662,5702,377,78,Insurance [NONE] / Additional Battery [NONE],66,1,カート用通常フラグ,SoftBank 601HW [BLACK] Standard 20GB,1,,,,,,,,*,sk/img001.jpg,*,sk/img001.jpg,,,,,,,,,,,,,,,,,,,,,,,0,1,en_sk_066,,1,,12740,12740,,5,,,,,,,,,,,,,,,,,"21,22","NEW rental,SoftBank 601HW 20GB"
1662,5706,377,79,Insurance [NONE] / Additional Battery [NONE],67,1,カート用通常フラグ,SoftBank 601HW [BLACK] Standard 20GB,1,,,,,,,,*,sk/img001.jpg,*,sk/img001.jpg,,,,,,,,,,,,,,,,,,,,,,,0,1,en_sk_067,,1,,13130,13130,,5,,,,,,,,,,,,,,,,,"21,22","NEW rental,SoftBank 601HW 20GB"
1662,5710,377,80,Insurance [NONE] / Additional Battery [NONE],68,1,カート用通常フラグ,SoftBank 601HW [BLACK] Standard 20GB,1,,,,,,,,*,sk/img001.jpg,*,sk/img001.jpg,,,,,,,,,,,,,,,,,,,,,,,0,1,en_sk_068,,1,,13520,13520,,5,,,,,,,,,,,,,,,,,"21,22","NEW rental,SoftBank 601HW 20GB"
1662,5714,377,81,Insurance [NONE] / Additional Battery [NONE],69,1,カート用通常フラグ,SoftBank 601HW [BLACK] Standard 20GB,1,,,,,,,,*,sk/img001.jpg,*,sk/img001.jpg,,,,,,,,,,,,,,,,,,,,,,,0,1,en_sk_069,,1,,13910,13910,,5,,,,,,,,,,,,,,,,,"21,22","NEW rental,SoftBank 601HW 20GB"
1662,5718,377,82,Insurance [NONE] / Additional Battery [NONE],70,1,カート用通常フラグ,SoftBank 601HW [BLACK] Standard 20GB,1,,,,,,,,*,sk/img001.jpg,*,sk/img001.jpg,,,,,,,,,,,,,,,,,,,,,,,0,1,en_sk_070,,1,,14300,14300,,5,,,,,,,,,,,,,,,,,"21,22","NEW rental,SoftBank 601HW 20GB"
1662,5722,377,83,Insurance [NONE] / Additional Battery [NONE],71,1,カート用通常フラグ,SoftBank 601HW [BLACK] Standard 20GB,1,,,,,,,,*,sk/img001.jpg,*,sk/img001.jpg,,,,,,,,,,,,,,,,,,,,,,,0,1,en_sk_071,,1,,14600,14600,,5,,,,,,,,,,,,,,,,,"21,22","NEW rental,SoftBank 601HW 20GB"
1662,5726,377,84,Insurance [NONE] / Additional Battery [NONE],72,1,カート用通常フラグ,SoftBank 601HW [BLACK] Standard 20GB,1,,,,,,,,*,sk/img001.jpg,*,sk/img001.jpg,,,,,,,,,,,,,,,,,,,,,,,0,1,en_sk_072,,1,,14600,14600,,5,,,,,,,,,,,,,,,,,"21,22","NEW rental,SoftBank 601HW 20GB"
1662,5730,377,85,Insurance [NONE] / Additional Battery [NONE],73,1,カート用通常フラグ,SoftBank 601HW [BLACK] Standard 20GB,1,,,,,,,,*,sk/img001.jpg,*,sk/img001.jpg,,,,,,,,,,,,,,,,,,,,,,,0,1,en_sk_073,,1,,14600,14600,,5,,,,,,,,,,,,,,,,,"21,22","NEW rental,SoftBank 601HW 20GB"
1662,5734,377,86,Insurance [NONE] / Additional Battery [NONE],74,1,カート用通常フラグ,SoftBank 601HW [BLACK] Standard 20GB,1,,,,,,,,*,sk/img001.jpg,*,sk/img001.jpg,,,,,,,,,,,,,,,,,,,,,,,0,1,en_sk_074,,1,,14600,14600,,5,,,,,,,,,,,,,,,,,"21,22","NEW rental,SoftBank 601HW 20GB"
1662,5738,377,87,Insurance [NONE] / Additional Battery [NONE],75,1,カート用通常フラグ,SoftBank 601HW [BLACK] Standard 20GB,1,,,,,,,,*,sk/img001.jpg,*,sk/img001.jpg,,,,,,,,,,,,,,,,,,,,,,,0,1,en_sk_075,,1,,14600,14600,,5,,,,,,,,,,,,,,,,,"21,22","NEW rental,SoftBank 601HW 20GB"
1662,5742,377,88,Insurance [NONE] / Additional Battery [NONE],76,1,カート用通常フラグ,SoftBank 601HW [BLACK] Standard 20GB,1,,,,,,,,*,sk/img001.jpg,*,sk/img001.jpg,,,,,,,,,,,,,,,,,,,,,,,0,1,en_sk_076,,1,,14600,14600,,5,,,,,,,,,,,,,,,,,"21,22","NEW rental,SoftBank 601HW 20GB"
1662,5746,377,89,Insurance [NONE] / Additional Battery [NONE],77,1,カート用通常フラグ,SoftBank 601HW [BLACK] Standard 20GB,1,,,,,,,,*,sk/img001.jpg,*,sk/img001.jpg,,,,,,,,,,,,,,,,,,,,,,,0,1,en_sk_077,,1,,14600,14600,,5,,,,,,,,,,,,,,,,,"21,22","NEW rental,SoftBank 601HW 20GB"
1662,5750,377,90,Insurance [NONE] / Additional Battery [NONE],78,1,カート用通常フラグ,SoftBank 601HW [BLACK] Standard 20GB,1,,,,,,,,*,sk/img001.jpg,*,sk/img001.jpg,,,,,,,,,,,,,,,,,,,,,,,0,1,en_sk_078,,1,,14600,14600,,5,,,,,,,,,,,,,,,,,"21,22","NEW rental,SoftBank 601HW 20GB"
1662,5754,377,91,Insurance [NONE] / Additional Battery [NONE],79,1,カート用通常フラグ,SoftBank 601HW [BLACK] Standard 20GB,1,,,,,,,,*,sk/img001.jpg,*,sk/img001.jpg,,,,,,,,,,,,,,,,,,,,,,,0,1,en_sk_079,,1,,14600,14600,,5,,,,,,,,,,,,,,,,,"21,22","NEW rental,SoftBank 601HW 20GB"
1662,5758,377,92,Insurance [NONE] / Additional Battery [NONE],80,1,カート用通常フラグ,SoftBank 601HW [BLACK] Standard 20GB,1,,,,,,,,*,sk/img001.jpg,*,sk/img001.jpg,,,,,,,,,,,,,,,,,,,,,,,0,1,en_sk_080,,1,,14600,14600,,5,,,,,,,,,,,,,,,,,"21,22","NEW rental,SoftBank 601HW 20GB"
1662,5762,377,93,Insurance [NONE] / Additional Battery [NONE],81,1,カート用通常フラグ,SoftBank 601HW [BLACK] Standard 20GB,1,,,,,,,,*,sk/img001.jpg,*,sk/img001.jpg,,,,,,,,,,,,,,,,,,,,,,,0,1,en_sk_081,,1,,14600,14600,,5,,,,,,,,,,,,,,,,,"21,22","NEW rental,SoftBank 601HW 20GB"
1662,5766,377,94,Insurance [NONE] / Additional Battery [NONE],82,1,カート用通常フラグ,SoftBank 601HW [BLACK] Standard 20GB,1,,,,,,,,*,sk/img001.jpg,*,sk/img001.jpg,,,,,,,,,,,,,,,,,,,,,,,0,1,en_sk_082,,1,,14600,14600,,5,,,,,,,,,,,,,,,,,"21,22","NEW rental,SoftBank 601HW 20GB"
1662,5770,377,95,Insurance [NONE] / Additional Battery [NONE],83,1,カート用通常フラグ,SoftBank 601HW [BLACK] Standard 20GB,1,,,,,,,,*,sk/img001.jpg,*,sk/img001.jpg,,,,,,,,,,,,,,,,,,,,,,,0,1,en_sk_083,,1,,14600,14600,,5,,,,,,,,,,,,,,,,,"21,22","NEW rental,SoftBank 601HW 20GB"
1662,5774,377,96,Insurance [NONE] / Additional Battery [NONE],84,1,カート用通常フラグ,SoftBank 601HW [BLACK] Standard 20GB,1,,,,,,,,*,sk/img001.jpg,*,sk/img001.jpg,,,,,,,,,,,,,,,,,,,,,,,0,1,en_sk_084,,1,,14600,14600,,5,,,,,,,,,,,,,,,,,"21,22","NEW rental,SoftBank 601HW 20GB"
1662,5778,377,97,Insurance [NONE] / Additional Battery [NONE],85,1,カート用通常フラグ,SoftBank 601HW [BLACK] Standard 20GB,1,,,,,,,,*,sk/img001.jpg,*,sk/img001.jpg,,,,,,,,,,,,,,,,,,,,,,,0,1,en_sk_085,,1,,14600,14600,,5,,,,,,,,,,,,,,,,,"21,22","NEW rental,SoftBank 601HW 20GB"
1662,5782,377,98,Insurance [NONE] / Additional Battery [NONE],86,1,カート用通常フラグ,SoftBank 601HW [BLACK] Standard 20GB,1,,,,,,,,*,sk/img001.jpg,*,sk/img001.jpg,,,,,,,,,,,,,,,,,,,,,,,0,1,en_sk_086,,1,,14600,14600,,5,,,,,,,,,,,,,,,,,"21,22","NEW rental,SoftBank 601HW 20GB"
1662,5786,377,99,Insurance [NONE] / Additional Battery [NONE],87,1,カート用通常フラグ,SoftBank 601HW [BLACK] Standard 20GB,1,,,,,,,,*,sk/img001.jpg,*,sk/img001.jpg,,,,,,,,,,,,,,,,,,,,,,,0,1,en_sk_087,,1,,14600,14600,,5,,,,,,,,,,,,,,,,,"21,22","NEW rental,SoftBank 601HW 20GB"
1662,5790,377,100,Insurance [NONE] / Additional Battery [NONE],88,1,カート用通常フラグ,SoftBank 601HW [BLACK] Standard 20GB,1,,,,,,,,*,sk/img001.jpg,*,sk/img001.jpg,,,,,,,,,,,,,,,,,,,,,,,0,1,en_sk_088,,1,,14600,14600,,5,,,,,,,,,,,,,,,,,"21,22","NEW rental,SoftBank 601HW 20GB"
1662,5794,377,101,Insurance [NONE] / Additional Battery [NONE],89,1,カート用通常フラグ,SoftBank 601HW [BLACK] Standard 20GB,1,,,,,,,,*,sk/img001.jpg,*,sk/img001.jpg,,,,,,,,,,,,,,,,,,,,,,,0,1,en_sk_089,,1,,14600,14600,,5,,,,,,,,,,,,,,,,,"21,22","NEW rental,SoftBank 601HW 20GB"
1662,5798,377,102,Insurance [NONE] / Additional Battery [NONE],90,1,カート用通常フラグ,SoftBank 601HW [BLACK] Standard 20GB,1,,,,,,,,*,sk/img001.jpg,*,sk/img001.jpg,,,,,,,,,,,,,,,,,,,,,,,0,1,en_sk_090,,1,,14600,14600,,5,,,,,,,,,,,,,,,,,"21,22","NEW rental,SoftBank 601HW 20GB"
1662,5802,377,103,Insurance [NONE] / Additional Battery [NONE],91,1,カート用通常フラグ,SoftBank 601HW [BLACK] Standard 20GB,1,,,,,,,,*,sk/img001.jpg,*,sk/img001.jpg,,,,,,,,,,,,,,,,,,,,,,,0,1,en_sk_091,,1,,14990,14990,,5,,,,,,,,,,,,,,,,,"21,22","NEW rental,SoftBank 601HW 20GB"
1662,5806,377,104,Insurance [NONE] / Additional Battery [NONE],92,1,カート用通常フラグ,SoftBank 601HW [BLACK] Standard 20GB,1,,,,,,,,*,sk/img001.jpg,*,sk/img001.jpg,,,,,,,,,,,,,,,,,,,,,,,0,1,en_sk_092,,1,,15380,15380,,5,,,,,,,,,,,,,,,,,"21,22","NEW rental,SoftBank 601HW 20GB"
1662,5810,377,105,Insurance [NONE] / Additional Battery [NONE],93,1,カート用通常フラグ,SoftBank 601HW [BLACK] Standard 20GB,1,,,,,,,,*,sk/img001.jpg,*,sk/img001.jpg,,,,,,,,,,,,,,,,,,,,,,,0,1,en_sk_093,,1,,15770,15770,,5,,,,,,,,,,,,,,,,,"21,22","NEW rental,SoftBank 601HW 20GB"
1662,5814,377,106,Insurance [NONE] / Additional Battery [NONE],94,1,カート用通常フラグ,SoftBank 601HW [BLACK] Standard 20GB,1,,,,,,,,*,sk/img001.jpg,*,sk/img001.jpg,,,,,,,,,,,,,,,,,,,,,,,0,1,en_sk_094,,1,,16160,16160,,5,,,,,,,,,,,,,,,,,"21,22","NEW rental,SoftBank 601HW 20GB"
1662,5818,377,107,Insurance [NONE] / Additional Battery [NONE],95,1,カート用通常フラグ,SoftBank 601HW [BLACK] Standard 20GB,1,,,,,,,,*,sk/img001.jpg,*,sk/img001.jpg,,,,,,,,,,,,,,,,,,,,,,,0,1,en_sk_095,,1,,16550,16550,,5,,,,,,,,,,,,,,,,,"21,22","NEW rental,SoftBank 601HW 20GB"
1662,5822,377,108,Insurance [NONE] / Additional Battery [NONE],96,1,カート用通常フラグ,SoftBank 601HW [BLACK] Standard 20GB,1,,,,,,,,*,sk/img001.jpg,*,sk/img001.jpg,,,,,,,,,,,,,,,,,,,,,,,0,1,en_sk_096,,1,,16940,16940,,5,,,,,,,,,,,,,,,,,"21,22","NEW rental,SoftBank 601HW 20GB"
1662,5826,377,109,Insurance [NONE] / Additional Battery [NONE],97,1,カート用通常フラグ,SoftBank 601HW [BLACK] Standard 20GB,1,,,,,,,,*,sk/img001.jpg,*,sk/img001.jpg,,,,,,,,,,,,,,,,,,,,,,,0,1,en_sk_097,,1,,17330,17330,,5,,,,,,,,,,,,,,,,,"21,22","NEW rental,SoftBank 601HW 20GB"
1662,5830,377,110,Insurance [NONE] / Additional Battery [NONE],98,1,カート用通常フラグ,SoftBank 601HW [BLACK] Standard 20GB,1,,,,,,,,*,sk/img001.jpg,*,sk/img001.jpg,,,,,,,,,,,,,,,,,,,,,,,0,1,en_sk_098,,1,,17720,17720,,5,,,,,,,,,,,,,,,,,"21,22","NEW rental,SoftBank 601HW 20GB"
1662,5834,377,111,Insurance [NONE] / Additional Battery [NONE],99,1,カート用通常フラグ,SoftBank 601HW [BLACK] Standard 20GB,1,,,,,,,,*,sk/img001.jpg,*,sk/img001.jpg,,,,,,,,,,,,,,,,,,,,,,,0,1,en_sk_099,,1,,18110,18110,,5,,,,,,,,,,,,,,,,,"21,22","NEW rental,SoftBank 601HW 20GB"
1662,5838,377,112,Insurance [NONE] / Additional Battery [NONE],100,1,カート用通常フラグ,SoftBank 601HW [BLACK] Standard 20GB,1,,,,,,,,*,sk/img001.jpg,*,sk/img001.jpg,,,,,,,,,,,,,,,,,,,,,,,0,1,en_sk_100,,1,,18500,18500,,5,,,,,,,,,,,,,,,,,"21,22","NEW rental,SoftBank 601HW 20GB"
1662,5842,377,113,Insurance [NONE] / Additional Battery [NONE],101,1,カート用通常フラグ,SoftBank 601HW [BLACK] Standard 20GB,1,,,,,,,,*,sk/img001.jpg,*,sk/img001.jpg,,,,,,,,,,,,,,,,,,,,,,,0,1,en_sk_101,,1,,18800,18800,,5,,,,,,,,,,,,,,,,,"21,22","NEW rental,SoftBank 601HW 20GB"
1662,5846,377,114,Insurance [NONE] / Additional Battery [NONE],102,1,カート用通常フラグ,SoftBank 601HW [BLACK] Standard 20GB,1,,,,,,,,*,sk/img001.jpg,*,sk/img001.jpg,,,,,,,,,,,,,,,,,,,,,,,0,1,en_sk_102,,1,,18800,18800,,5,,,,,,,,,,,,,,,,,"21,22","NEW rental,SoftBank 601HW 20GB"
1662,5850,377,115,Insurance [NONE] / Additional Battery [NONE],103,1,カート用通常フラグ,SoftBank 601HW [BLACK] Standard 20GB,1,,,,,,,,*,sk/img001.jpg,*,sk/img001.jpg,,,,,,,,,,,,,,,,,,,,,,,0,1,en_sk_103,,1,,18800,18800,,5,,,,,,,,,,,,,,,,,"21,22","NEW rental,SoftBank 601HW 20GB"
1662,5854,377,116,Insurance [NONE] / Additional Battery [NONE],104,1,カート用通常フラグ,SoftBank 601HW [BLACK] Standard 20GB,1,,,,,,,,*,sk/img001.jpg,*,sk/img001.jpg,,,,,,,,,,,,,,,,,,,,,,,0,1,en_sk_104,,1,,18800,18800,,5,,,,,,,,,,,,,,,,,"21,22","NEW rental,SoftBank 601HW 20GB"
1662,5858,377,117,Insurance [NONE] / Additional Battery [NONE],105,1,カート用通常フラグ,SoftBank 601HW [BLACK] Standard 20GB,1,,,,,,,,*,sk/img001.jpg,*,sk/img001.jpg,,,,,,,,,,,,,,,,,,,,,,,0,1,en_sk_105,,1,,18800,18800,,5,,,,,,,,,,,,,,,,,"21,22","NEW rental,SoftBank 601HW 20GB"
1662,5862,377,118,Insurance [NONE] / Additional Battery [NONE],106,1,カート用通常フラグ,SoftBank 601HW [BLACK] Standard 20GB,1,,,,,,,,*,sk/img001.jpg,*,sk/img001.jpg,,,,,,,,,,,,,,,,,,,,,,,0,1,en_sk_106,,1,,18800,18800,,5,,,,,,,,,,,,,,,,,"21,22","NEW rental,SoftBank 601HW 20GB"
1662,5866,377,119,Insurance [NONE] / Additional Battery [NONE],107,1,カート用通常フラグ,SoftBank 601HW [BLACK] Standard 20GB,1,,,,,,,,*,sk/img001.jpg,*,sk/img001.jpg,,,,,,,,,,,,,,,,,,,,,,,0,1,en_sk_107,,1,,18800,18800,,5,,,,,,,,,,,,,,,,,"21,22","NEW rental,SoftBank 601HW 20GB"
1662,5870,377,120,Insurance [NONE] / Additional Battery [NONE],108,1,カート用通常フラグ,SoftBank 601HW [BLACK] Standard 20GB,1,,,,,,,,*,sk/img001.jpg,*,sk/img001.jpg,,,,,,,,,,,,,,,,,,,,,,,0,1,en_sk_108,,1,,18800,18800,,5,,,,,,,,,,,,,,,,,"21,22","NEW rental,SoftBank 601HW 20GB"
1662,5874,377,121,Insurance [NONE] / Additional Battery [NONE],109,1,カート用通常フラグ,SoftBank 601HW [BLACK] Standard 20GB,1,,,,,,,,*,sk/img001.jpg,*,sk/img001.jpg,,,,,,,,,,,,,,,,,,,,,,,0,1,en_sk_109,,1,,18800,18800,,5,,,,,,,,,,,,,,,,,"21,22","NEW rental,SoftBank 601HW 20GB"
1662,5878,377,122,Insurance [NONE] / Additional Battery [NONE],110,1,カート用通常フラグ,SoftBank 601HW [BLACK] Standard 20GB,1,,,,,,,,*,sk/img001.jpg,*,sk/img001.jpg,,,,,,,,,,,,,,,,,,,,,,,0,1,en_sk_110,,1,,18800,18800,,5,,,,,,,,,,,,,,,,,"21,22","NEW rental,SoftBank 601HW 20GB"
1662,5882,377,123,Insurance [NONE] / Additional Battery [NONE],111,1,カート用通常フラグ,SoftBank 601HW [BLACK] Standard 20GB,1,,,,,,,,*,sk/img001.jpg,*,sk/img001.jpg,,,,,,,,,,,,,,,,,,,,,,,0,1,en_sk_111,,1,,18800,18800,,5,,,,,,,,,,,,,,,,,"21,22","NEW rental,SoftBank 601HW 20GB"
1662,5886,377,124,Insurance [NONE] / Additional Battery [NONE],112,1,カート用通常フラグ,SoftBank 601HW [BLACK] Standard 20GB,1,,,,,,,,*,sk/img001.jpg,*,sk/img001.jpg,,,,,,,,,,,,,,,,,,,,,,,0,1,en_sk_112,,1,,18800,18800,,5,,,,,,,,,,,,,,,,,"21,22","NEW rental,SoftBank 601HW 20GB"
1662,5890,377,125,Insurance [NONE] / Additional Battery [NONE],113,1,カート用通常フラグ,SoftBank 601HW [BLACK] Standard 20GB,1,,,,,,,,*,sk/img001.jpg,*,sk/img001.jpg,,,,,,,,,,,,,,,,,,,,,,,0,1,en_sk_113,,1,,18800,18800,,5,,,,,,,,,,,,,,,,,"21,22","NEW rental,SoftBank 601HW 20GB"
1662,5894,377,126,Insurance [NONE] / Additional Battery [NONE],114,1,カート用通常フラグ,SoftBank 601HW [BLACK] Standard 20GB,1,,,,,,,,*,sk/img001.jpg,*,sk/img001.jpg,,,,,,,,,,,,,,,,,,,,,,,0,1,en_sk_114,,1,,18800,18800,,5,,,,,,,,,,,,,,,,,"21,22","NEW rental,SoftBank 601HW 20GB"
1662,5898,377,127,Insurance [NONE] / Additional Battery [NONE],115,1,カート用通常フラグ,SoftBank 601HW [BLACK] Standard 20GB,1,,,,,,,,*,sk/img001.jpg,*,sk/img001.jpg,,,,,,,,,,,,,,,,,,,,,,,0,1,en_sk_115,,1,,18800,18800,,5,,,,,,,,,,,,,,,,,"21,22","NEW rental,SoftBank 601HW 20GB"
1662,5902,377,128,Insurance [NONE] / Additional Battery [NONE],116,1,カート用通常フラグ,SoftBank 601HW [BLACK] Standard 20GB,1,,,,,,,,*,sk/img001.jpg,*,sk/img001.jpg,,,,,,,,,,,,,,,,,,,,,,,0,1,en_sk_116,,1,,18800,18800,,5,,,,,,,,,,,,,,,,,"21,22","NEW rental,SoftBank 601HW 20GB"
1662,5906,377,129,Insurance [NONE] / Additional Battery [NONE],117,1,カート用通常フラグ,SoftBank 601HW [BLACK] Standard 20GB,1,,,,,,,,*,sk/img001.jpg,*,sk/img001.jpg,,,,,,,,,,,,,,,,,,,,,,,0,1,en_sk_117,,1,,18800,18800,,5,,,,,,,,,,,,,,,,,"21,22","NEW rental,SoftBank 601HW 20GB"
1662,5910,377,130,Insurance [NONE] / Additional Battery [NONE],118,1,カート用通常フラグ,SoftBank 601HW [BLACK] Standard 20GB,1,,,,,,,,*,sk/img001.jpg,*,sk/img001.jpg,,,,,,,,,,,,,,,,,,,,,,,0,1,en_sk_118,,1,,18800,18800,,5,,,,,,,,,,,,,,,,,"21,22","NEW rental,SoftBank 601HW 20GB"
1662,5914,377,131,Insurance [NONE] / Additional Battery [NONE],119,1,カート用通常フラグ,SoftBank 601HW [BLACK] Standard 20GB,1,,,,,,,,*,sk/img001.jpg,*,sk/img001.jpg,,,,,,,,,,,,,,,,,,,,,,,0,1,en_sk_119,,1,,18800,18800,,5,,,,,,,,,,,,,,,,,"21,22","NEW rental,SoftBank 601HW 20GB"
1662,5918,377,132,Insurance [NONE] / Additional Battery [NONE],120,1,カート用通常フラグ,SoftBank 601HW [BLACK] Standard 20GB,1,,,,,,,,*,sk/img001.jpg,*,sk/img001.jpg,,,,,,,,,,,,,,,,,,,,,,,0,1,en_sk_120,,1,,18800,18800,,5,,,,,,,,,,,,,,,,,"21,22","NEW rental,SoftBank 601HW 20GB"
1662,5922,377,133,Insurance [NONE] / Additional Battery [NONE],121,1,カート用通常フラグ,SoftBank 601HW [BLACK] Standard 20GB,1,,,,,,,,*,sk/img001.jpg,*,sk/img001.jpg,,,,,,,,,,,,,,,,,,,,,,,0,1,en_sk_121,,1,,19190,19190,,5,,,,,,,,,,,,,,,,,"21,22","NEW rental,SoftBank 601HW 20GB"
1662,5926,377,134,Insurance [NONE] / Additional Battery [NONE],122,1,カート用通常フラグ,SoftBank 601HW [BLACK] Standard 20GB,1,,,,,,,,*,sk/img001.jpg,*,sk/img001.jpg,,,,,,,,,,,,,,,,,,,,,,,0,1,en_sk_122,,1,,19580,19580,,5,,,,,,,,,,,,,,,,,"21,22","NEW rental,SoftBank 601HW 20GB"
1662,5930,377,135,Insurance [NONE] / Additional Battery [NONE],123,1,カート用通常フラグ,SoftBank 601HW [BLACK] Standard 20GB,1,,,,,,,,*,sk/img001.jpg,*,sk/img001.jpg,,,,,,,,,,,,,,,,,,,,,,,0,1,en_sk_123,,1,,19970,19970,,5,,,,,,,,,,,,,,,,,"21,22","NEW rental,SoftBank 601HW 20GB"
1662,5934,377,136,Insurance [NONE] / Additional Battery [NONE],124,1,カート用通常フラグ,SoftBank 601HW [BLACK] Standard 20GB,1,,,,,,,,*,sk/img001.jpg,*,sk/img001.jpg,,,,,,,,,,,,,,,,,,,,,,,0,1,en_sk_124,,1,,20360,20360,,5,,,,,,,,,,,,,,,,,"21,22","NEW rental,SoftBank 601HW 20GB"
1662,5938,377,137,Insurance [NONE] / Additional Battery [NONE],125,1,カート用通常フラグ,SoftBank 601HW [BLACK] Standard 20GB,1,,,,,,,,*,sk/img001.jpg,*,sk/img001.jpg,,,,,,,,,,,,,,,,,,,,,,,0,1,en_sk_125,,1,,20750,20750,,5,,,,,,,,,,,,,,,,,"21,22","NEW rental,SoftBank 601HW 20GB"
1662,5942,377,138,Insurance [NONE] / Additional Battery [NONE],126,1,カート用通常フラグ,SoftBank 601HW [BLACK] Standard 20GB,1,,,,,,,,*,sk/img001.jpg,*,sk/img001.jpg,,,,,,,,,,,,,,,,,,,,,,,0,1,en_sk_126,,1,,20800,20800,,5,,,,,,,,,,,,,,,,,"21,22","NEW rental,SoftBank 601HW 20GB"
1662,5946,377,139,Insurance [NONE] / Additional Battery [NONE],127,1,カート用通常フラグ,SoftBank 601HW [BLACK] Standard 20GB,1,,,,,,,,*,sk/img001.jpg,*,sk/img001.jpg,,,,,,,,,,,,,,,,,,,,,,,0,1,en_sk_127,,1,,20800,20800,,5,,,,,,,,,,,,,,,,,"21,22","NEW rental,SoftBank 601HW 20GB"
1662,5950,377,140,Insurance [NONE] / Additional Battery [NONE],128,1,カート用通常フラグ,SoftBank 601HW [BLACK] Standard 20GB,1,,,,,,,,*,sk/img001.jpg,*,sk/img001.jpg,,,,,,,,,,,,,,,,,,,,,,,0,1,en_sk_128,,1,,20800,20800,,5,,,,,,,,,,,,,,,,,"21,22","NEW rental,SoftBank 601HW 20GB"
1662,5954,377,141,Insurance [NONE] / Additional Battery [NONE],129,1,カート用通常フラグ,SoftBank 601HW [BLACK] Standard 20GB,1,,,,,,,,*,sk/img001.jpg,*,sk/img001.jpg,,,,,,,,,,,,,,,,,,,,,,,0,1,en_sk_129,,1,,20800,20800,,5,,,,,,,,,,,,,,,,,"21,22","NEW rental,SoftBank 601HW 20GB"
1662,5958,377,142,Insurance [NONE] / Additional Battery [NONE],130,1,カート用通常フラグ,SoftBank 601HW [BLACK] Standard 20GB,1,,,,,,,,*,sk/img001.jpg,*,sk/img001.jpg,,,,,,,,,,,,,,,,,,,,,,,0,1,en_sk_130,,1,,20800,20800,,5,,,,,,,,,,,,,,,,,"21,22","NEW rental,SoftBank 601HW 20GB"
1662,5962,377,143,Insurance [NONE] / Additional Battery [NONE],131,1,カート用通常フラグ,SoftBank 601HW [BLACK] Standard 20GB,1,,,,,,,,*,sk/img001.jpg,*,sk/img001.jpg,,,,,,,,,,,,,,,,,,,,,,,0,1,en_sk_131,,1,,20800,20800,,5,,,,,,,,,,,,,,,,,"21,22","NEW rental,SoftBank 601HW 20GB"
1662,5966,377,144,Insurance [NONE] / Additional Battery [NONE],132,1,カート用通常フラグ,SoftBank 601HW [BLACK] Standard 20GB,1,,,,,,,,*,sk/img001.jpg,*,sk/img001.jpg,,,,,,,,,,,,,,,,,,,,,,,0,1,en_sk_132,,1,,20800,20800,,5,,,,,,,,,,,,,,,,,"21,22","NEW rental,SoftBank 601HW 20GB"
1662,5970,377,145,Insurance [NONE] / Additional Battery [NONE],133,1,カート用通常フラグ,SoftBank 601HW [BLACK] Standard 20GB,1,,,,,,,,*,sk/img001.jpg,*,sk/img001.jpg,,,,,,,,,,,,,,,,,,,,,,,0,1,en_sk_133,,1,,20800,20800,,5,,,,,,,,,,,,,,,,,"21,22","NEW rental,SoftBank 601HW 20GB"
1662,5974,377,146,Insurance [NONE] / Additional Battery [NONE],134,1,カート用通常フラグ,SoftBank 601HW [BLACK] Standard 20GB,1,,,,,,,,*,sk/img001.jpg,*,sk/img001.jpg,,,,,,,,,,,,,,,,,,,,,,,0,1,en_sk_134,,1,,20800,20800,,5,,,,,,,,,,,,,,,,,"21,22","NEW rental,SoftBank 601HW 20GB"
1662,5978,377,147,Insurance [NONE] / Additional Battery [NONE],135,1,カート用通常フラグ,SoftBank 601HW [BLACK] Standard 20GB,1,,,,,,,,*,sk/img001.jpg,*,sk/img001.jpg,,,,,,,,,,,,,,,,,,,,,,,0,1,en_sk_135,,1,,20800,20800,,5,,,,,,,,,,,,,,,,,"21,22","NEW rental,SoftBank 601HW 20GB"
1662,5982,377,148,Insurance [NONE] / Additional Battery [NONE],136,1,カート用通常フラグ,SoftBank 601HW [BLACK] Standard 20GB,1,,,,,,,,*,sk/img001.jpg,*,sk/img001.jpg,,,,,,,,,,,,,,,,,,,,,,,0,1,en_sk_136,,1,,20800,20800,,5,,,,,,,,,,,,,,,,,"21,22","NEW rental,SoftBank 601HW 20GB"
1662,5986,377,149,Insurance [NONE] / Additional Battery [NONE],137,1,カート用通常フラグ,SoftBank 601HW [BLACK] Standard 20GB,1,,,,,,,,*,sk/img001.jpg,*,sk/img001.jpg,,,,,,,,,,,,,,,,,,,,,,,0,1,en_sk_137,,1,,20800,20800,,5,,,,,,,,,,,,,,,,,"21,22","NEW rental,SoftBank 601HW 20GB"
1662,5990,377,150,Insurance [NONE] / Additional Battery [NONE],138,1,カート用通常フラグ,SoftBank 601HW [BLACK] Standard 20GB,1,,,,,,,,*,sk/img001.jpg,*,sk/img001.jpg,,,,,,,,,,,,,,,,,,,,,,,0,1,en_sk_138,,1,,20800,20800,,5,,,,,,,,,,,,,,,,,"21,22","NEW rental,SoftBank 601HW 20GB"
1662,5994,377,151,Insurance [NONE] / Additional Battery [NONE],139,1,カート用通常フラグ,SoftBank 601HW [BLACK] Standard 20GB,1,,,,,,,,*,sk/img001.jpg,*,sk/img001.jpg,,,,,,,,,,,,,,,,,,,,,,,0,1,en_sk_139,,1,,20800,20800,,5,,,,,,,,,,,,,,,,,"21,22","NEW rental,SoftBank 601HW 20GB"
1662,5998,377,152,Insurance [NONE] / Additional Battery [NONE],140,1,カート用通常フラグ,SoftBank 601HW [BLACK] Standard 20GB,1,,,,,,,,*,sk/img001.jpg,*,sk/img001.jpg,,,,,,,,,,,,,,,,,,,,,,,0,1,en_sk_140,,1,,20800,20800,,5,,,,,,,,,,,,,,,,,"21,22","NEW rental,SoftBank 601HW 20GB"
1662,6002,377,153,Insurance [NONE] / Additional Battery [NONE],141,1,カート用通常フラグ,SoftBank 601HW [BLACK] Standard 20GB,1,,,,,,,,*,sk/img001.jpg,*,sk/img001.jpg,,,,,,,,,,,,,,,,,,,,,,,0,1,en_sk_141,,1,,20800,20800,,5,,,,,,,,,,,,,,,,,"21,22","NEW rental,SoftBank 601HW 20GB"
1662,6006,377,154,Insurance [NONE] / Additional Battery [NONE],142,1,カート用通常フラグ,SoftBank 601HW [BLACK] Standard 20GB,1,,,,,,,,*,sk/img001.jpg,*,sk/img001.jpg,,,,,,,,,,,,,,,,,,,,,,,0,1,en_sk_142,,1,,20800,20800,,5,,,,,,,,,,,,,,,,,"21,22","NEW rental,SoftBank 601HW 20GB"
1662,6010,377,155,Insurance [NONE] / Additional Battery [NONE],143,1,カート用通常フラグ,SoftBank 601HW [BLACK] Standard 20GB,1,,,,,,,,*,sk/img001.jpg,*,sk/img001.jpg,,,,,,,,,,,,,,,,,,,,,,,0,1,en_sk_143,,1,,20800,20800,,5,,,,,,,,,,,,,,,,,"21,22","NEW rental,SoftBank 601HW 20GB"
1662,6014,377,156,Insurance [NONE] / Additional Battery [NONE],144,1,カート用通常フラグ,SoftBank 601HW [BLACK] Standard 20GB,1,,,,,,,,*,sk/img001.jpg,*,sk/img001.jpg,,,,,,,,,,,,,,,,,,,,,,,0,1,en_sk_144,,1,,20800,20800,,5,,,,,,,,,,,,,,,,,"21,22","NEW rental,SoftBank 601HW 20GB"
1662,6018,377,157,Insurance [NONE] / Additional Battery [NONE],145,1,カート用通常フラグ,SoftBank 601HW [BLACK] Standard 20GB,1,,,,,,,,*,sk/img001.jpg,*,sk/img001.jpg,,,,,,,,,,,,,,,,,,,,,,,0,1,en_sk_145,,1,,20800,20800,,5,,,,,,,,,,,,,,,,,"21,22","NEW rental,SoftBank 601HW 20GB"
1662,6022,377,158,Insurance [NONE] / Additional Battery [NONE],146,1,カート用通常フラグ,SoftBank 601HW [BLACK] Standard 20GB,1,,,,,,,,*,sk/img001.jpg,*,sk/img001.jpg,,,,,,,,,,,,,,,,,,,,,,,0,1,en_sk_146,,1,,20800,20800,,5,,,,,,,,,,,,,,,,,"21,22","NEW rental,SoftBank 601HW 20GB"
1662,6026,377,159,Insurance [NONE] / Additional Battery [NONE],147,1,カート用通常フラグ,SoftBank 601HW [BLACK] Standard 20GB,1,,,,,,,,*,sk/img001.jpg,*,sk/img001.jpg,,,,,,,,,,,,,,,,,,,,,,,0,1,en_sk_147,,1,,20800,20800,,5,,,,,,,,,,,,,,,,,"21,22","NEW rental,SoftBank 601HW 20GB"
1662,6030,377,160,Insurance [NONE] / Additional Battery [NONE],148,1,カート用通常フラグ,SoftBank 601HW [BLACK] Standard 20GB,1,,,,,,,,*,sk/img001.jpg,*,sk/img001.jpg,,,,,,,,,,,,,,,,,,,,,,,0,1,en_sk_148,,1,,20800,20800,,5,,,,,,,,,,,,,,,,,"21,22","NEW rental,SoftBank 601HW 20GB"
1662,6034,377,161,Insurance [NONE] / Additional Battery [NONE],149,1,カート用通常フラグ,SoftBank 601HW [BLACK] Standard 20GB,1,,,,,,,,*,sk/img001.jpg,*,sk/img001.jpg,,,,,,,,,,,,,,,,,,,,,,,0,1,en_sk_149,,1,,20800,20800,,5,,,,,,,,,,,,,,,,,"21,22","NEW rental,SoftBank 601HW 20GB"
1662,6038,377,162,Insurance [NONE] / Additional Battery [NONE],150,1,カート用通常フラグ,SoftBank 601HW [BLACK] Standard 20GB,1,,,,,,,,*,sk/img001.jpg,*,sk/img001.jpg,,,,,,,,,,,,,,,,,,,,,,,0,1,en_sk_150,,1,,20800,20800,,5,,,,,,,,,,,,,,,,,"21,22","NEW rental,SoftBank 601HW 20GB"
1662,6042,377,163,Insurance [NONE] / Additional Battery [NONE],151,1,カート用通常フラグ,SoftBank 601HW [BLACK] Standard 20GB,1,,,,,,,,*,sk/img001.jpg,*,sk/img001.jpg,,,,,,,,,,,,,,,,,,,,,,,0,1,en_sk_151,,1,,21190,21190,,5,,,,,,,,,,,,,,,,,"21,22","NEW rental,SoftBank 601HW 20GB"
1662,6046,377,164,Insurance [NONE] / Additional Battery [NONE],152,1,カート用通常フラグ,SoftBank 601HW [BLACK] Standard 20GB,1,,,,,,,,*,sk/img001.jpg,*,sk/img001.jpg,,,,,,,,,,,,,,,,,,,,,,,0,1,en_sk_152,,1,,21580,21580,,5,,,,,,,,,,,,,,,,,"21,22","NEW rental,SoftBank 601HW 20GB"
1662,6050,377,165,Insurance [NONE] / Additional Battery [NONE],153,1,カート用通常フラグ,SoftBank 601HW [BLACK] Standard 20GB,1,,,,,,,,*,sk/img001.jpg,*,sk/img001.jpg,,,,,,,,,,,,,,,,,,,,,,,0,1,en_sk_153,,1,,21970,21970,,5,,,,,,,,,,,,,,,,,"21,22","NEW rental,SoftBank 601HW 20GB"
1662,6054,377,166,Insurance [NONE] / Additional Battery [NONE],154,1,カート用通常フラグ,SoftBank 601HW [BLACK] Standard 20GB,1,,,,,,,,*,sk/img001.jpg,*,sk/img001.jpg,,,,,,,,,,,,,,,,,,,,,,,0,1,en_sk_154,,1,,22360,22360,,5,,,,,,,,,,,,,,,,,"21,22","NEW rental,SoftBank 601HW 20GB"
1662,6058,377,167,Insurance [NONE] / Additional Battery [NONE],155,1,カート用通常フラグ,SoftBank 601HW [BLACK] Standard 20GB,1,,,,,,,,*,sk/img001.jpg,*,sk/img001.jpg,,,,,,,,,,,,,,,,,,,,,,,0,1,en_sk_155,,1,,22750,22750,,5,,,,,,,,,,,,,,,,,"21,22","NEW rental,SoftBank 601HW 20GB"
1662,6062,377,168,Insurance [NONE] / Additional Battery [NONE],156,1,カート用通常フラグ,SoftBank 601HW [BLACK] Standard 20GB,1,,,,,,,,*,sk/img001.jpg,*,sk/img001.jpg,,,,,,,,,,,,,,,,,,,,,,,0,1,en_sk_156,,1,,22800,22800,,5,,,,,,,,,,,,,,,,,"21,22","NEW rental,SoftBank 601HW 20GB"
1662,6066,377,169,Insurance [NONE] / Additional Battery [NONE],157,1,カート用通常フラグ,SoftBank 601HW [BLACK] Standard 20GB,1,,,,,,,,*,sk/img001.jpg,*,sk/img001.jpg,,,,,,,,,,,,,,,,,,,,,,,0,1,en_sk_157,,1,,22800,22800,,5,,,,,,,,,,,,,,,,,"21,22","NEW rental,SoftBank 601HW 20GB"
1662,6070,377,170,Insurance [NONE] / Additional Battery [NONE],158,1,カート用通常フラグ,SoftBank 601HW [BLACK] Standard 20GB,1,,,,,,,,*,sk/img001.jpg,*,sk/img001.jpg,,,,,,,,,,,,,,,,,,,,,,,0,1,en_sk_158,,1,,22800,22800,,5,,,,,,,,,,,,,,,,,"21,22","NEW rental,SoftBank 601HW 20GB"
1662,6074,377,171,Insurance [NONE] / Additional Battery [NONE],159,1,カート用通常フラグ,SoftBank 601HW [BLACK] Standard 20GB,1,,,,,,,,*,sk/img001.jpg,*,sk/img001.jpg,,,,,,,,,,,,,,,,,,,,,,,0,1,en_sk_159,,1,,22800,22800,,5,,,,,,,,,,,,,,,,,"21,22","NEW rental,SoftBank 601HW 20GB"
1662,6078,377,172,Insurance [NONE] / Additional Battery [NONE],160,1,カート用通常フラグ,SoftBank 601HW [BLACK] Standard 20GB,1,,,,,,,,*,sk/img001.jpg,*,sk/img001.jpg,,,,,,,,,,,,,,,,,,,,,,,0,1,en_sk_160,,1,,22800,22800,,5,,,,,,,,,,,,,,,,,"21,22","NEW rental,SoftBank 601HW 20GB"
1662,6082,377,173,Insurance [NONE] / Additional Battery [NONE],161,1,カート用通常フラグ,SoftBank 601HW [BLACK] Standard 20GB,1,,,,,,,,*,sk/img001.jpg,*,sk/img001.jpg,,,,,,,,,,,,,,,,,,,,,,,0,1,en_sk_161,,1,,22800,22800,,5,,,,,,,,,,,,,,,,,"21,22","NEW rental,SoftBank 601HW 20GB"
1662,6086,377,174,Insurance [NONE] / Additional Battery [NONE],162,1,カート用通常フラグ,SoftBank 601HW [BLACK] Standard 20GB,1,,,,,,,,*,sk/img001.jpg,*,sk/img001.jpg,,,,,,,,,,,,,,,,,,,,,,,0,1,en_sk_162,,1,,22800,22800,,5,,,,,,,,,,,,,,,,,"21,22","NEW rental,SoftBank 601HW 20GB"
1662,6090,377,175,Insurance [NONE] / Additional Battery [NONE],163,1,カート用通常フラグ,SoftBank 601HW [BLACK] Standard 20GB,1,,,,,,,,*,sk/img001.jpg,*,sk/img001.jpg,,,,,,,,,,,,,,,,,,,,,,,0,1,en_sk_163,,1,,22800,22800,,5,,,,,,,,,,,,,,,,,"21,22","NEW rental,SoftBank 601HW 20GB"
1662,6094,377,176,Insurance [NONE] / Additional Battery [NONE],164,1,カート用通常フラグ,SoftBank 601HW [BLACK] Standard 20GB,1,,,,,,,,*,sk/img001.jpg,*,sk/img001.jpg,,,,,,,,,,,,,,,,,,,,,,,0,1,en_sk_164,,1,,22800,22800,,5,,,,,,,,,,,,,,,,,"21,22","NEW rental,SoftBank 601HW 20GB"
1662,6098,377,177,Insurance [NONE] / Additional Battery [NONE],165,1,カート用通常フラグ,SoftBank 601HW [BLACK] Standard 20GB,1,,,,,,,,*,sk/img001.jpg,*,sk/img001.jpg,,,,,,,,,,,,,,,,,,,,,,,0,1,en_sk_165,,1,,22800,22800,,5,,,,,,,,,,,,,,,,,"21,22","NEW rental,SoftBank 601HW 20GB"
1662,6102,377,178,Insurance [NONE] / Additional Battery [NONE],166,1,カート用通常フラグ,SoftBank 601HW [BLACK] Standard 20GB,1,,,,,,,,*,sk/img001.jpg,*,sk/img001.jpg,,,,,,,,,,,,,,,,,,,,,,,0,1,en_sk_166,,1,,22800,22800,,5,,,,,,,,,,,,,,,,,"21,22","NEW rental,SoftBank 601HW 20GB"
1662,6106,377,179,Insurance [NONE] / Additional Battery [NONE],167,1,カート用通常フラグ,SoftBank 601HW [BLACK] Standard 20GB,1,,,,,,,,*,sk/img001.jpg,*,sk/img001.jpg,,,,,,,,,,,,,,,,,,,,,,,0,1,en_sk_167,,1,,22800,22800,,5,,,,,,,,,,,,,,,,,"21,22","NEW rental,SoftBank 601HW 20GB"
1662,6110,377,180,Insurance [NONE] / Additional Battery [NONE],168,1,カート用通常フラグ,SoftBank 601HW [BLACK] Standard 20GB,1,,,,,,,,*,sk/img001.jpg,*,sk/img001.jpg,,,,,,,,,,,,,,,,,,,,,,,0,1,en_sk_168,,1,,22800,22800,,5,,,,,,,,,,,,,,,,,"21,22","NEW rental,SoftBank 601HW 20GB"
1662,6114,377,181,Insurance [NONE] / Additional Battery [NONE],169,1,カート用通常フラグ,SoftBank 601HW [BLACK] Standard 20GB,1,,,,,,,,*,sk/img001.jpg,*,sk/img001.jpg,,,,,,,,,,,,,,,,,,,,,,,0,1,en_sk_169,,1,,22800,22800,,5,,,,,,,,,,,,,,,,,"21,22","NEW rental,SoftBank 601HW 20GB"
1662,6118,377,182,Insurance [NONE] / Additional Battery [NONE],170,1,カート用通常フラグ,SoftBank 601HW [BLACK] Standard 20GB,1,,,,,,,,*,sk/img001.jpg,*,sk/img001.jpg,,,,,,,,,,,,,,,,,,,,,,,0,1,en_sk_170,,1,,22800,22800,,5,,,,,,,,,,,,,,,,,"21,22","NEW rental,SoftBank 601HW 20GB"
1662,6122,377,183,Insurance [NONE] / Additional Battery [NONE],171,1,カート用通常フラグ,SoftBank 601HW [BLACK] Standard 20GB,1,,,,,,,,*,sk/img001.jpg,*,sk/img001.jpg,,,,,,,,,,,,,,,,,,,,,,,0,1,en_sk_171,,1,,22800,22800,,5,,,,,,,,,,,,,,,,,"21,22","NEW rental,SoftBank 601HW 20GB"
1662,6126,377,184,Insurance [NONE] / Additional Battery [NONE],172,1,カート用通常フラグ,SoftBank 601HW [BLACK] Standard 20GB,1,,,,,,,,*,sk/img001.jpg,*,sk/img001.jpg,,,,,,,,,,,,,,,,,,,,,,,0,1,en_sk_172,,1,,22800,22800,,5,,,,,,,,,,,,,,,,,"21,22","NEW rental,SoftBank 601HW 20GB"
1662,6130,377,185,Insurance [NONE] / Additional Battery [NONE],173,1,カート用通常フラグ,SoftBank 601HW [BLACK] Standard 20GB,1,,,,,,,,*,sk/img001.jpg,*,sk/img001.jpg,,,,,,,,,,,,,,,,,,,,,,,0,1,en_sk_173,,1,,22800,22800,,5,,,,,,,,,,,,,,,,,"21,22","NEW rental,SoftBank 601HW 20GB"
1662,6134,377,186,Insurance [NONE] / Additional Battery [NONE],174,1,カート用通常フラグ,SoftBank 601HW [BLACK] Standard 20GB,1,,,,,,,,*,sk/img001.jpg,*,sk/img001.jpg,,,,,,,,,,,,,,,,,,,,,,,0,1,en_sk_174,,1,,22800,22800,,5,,,,,,,,,,,,,,,,,"21,22","NEW rental,SoftBank 601HW 20GB"
1662,6138,377,187,Insurance [NONE] / Additional Battery [NONE],175,1,カート用通常フラグ,SoftBank 601HW [BLACK] Standard 20GB,1,,,,,,,,*,sk/img001.jpg,*,sk/img001.jpg,,,,,,,,,,,,,,,,,,,,,,,0,1,en_sk_175,,1,,22800,22800,,5,,,,,,,,,,,,,,,,,"21,22","NEW rental,SoftBank 601HW 20GB"
1662,6142,377,188,Insurance [NONE] / Additional Battery [NONE],176,1,カート用通常フラグ,SoftBank 601HW [BLACK] Standard 20GB,1,,,,,,,,*,sk/img001.jpg,*,sk/img001.jpg,,,,,,,,,,,,,,,,,,,,,,,0,1,en_sk_176,,1,,22800,22800,,5,,,,,,,,,,,,,,,,,"21,22","NEW rental,SoftBank 601HW 20GB"
1662,6146,377,189,Insurance [NONE] / Additional Battery [NONE],177,1,カート用通常フラグ,SoftBank 601HW [BLACK] Standard 20GB,1,,,,,,,,*,sk/img001.jpg,*,sk/img001.jpg,,,,,,,,,,,,,,,,,,,,,,,0,1,en_sk_177,,1,,22800,22800,,5,,,,,,,,,,,,,,,,,"21,22","NEW rental,SoftBank 601HW 20GB"
1662,6150,377,190,Insurance [NONE] / Additional Battery [NONE],178,1,カート用通常フラグ,SoftBank 601HW [BLACK] Standard 20GB,1,,,,,,,,*,sk/img001.jpg,*,sk/img001.jpg,,,,,,,,,,,,,,,,,,,,,,,0,1,en_sk_178,,1,,22800,22800,,5,,,,,,,,,,,,,,,,,"21,22","NEW rental,SoftBank 601HW 20GB"
1662,6154,377,191,Insurance [NONE] / Additional Battery [NONE],179,1,カート用通常フラグ,SoftBank 601HW [BLACK] Standard 20GB,1,,,,,,,,*,sk/img001.jpg,*,sk/img001.jpg,,,,,,,,,,,,,,,,,,,,,,,0,1,en_sk_179,,1,,22800,22800,,5,,,,,,,,,,,,,,,,,"21,22","NEW rental,SoftBank 601HW 20GB"
1662,6158,377,192,Insurance [NONE] / Additional Battery [NONE],180,1,カート用通常フラグ,SoftBank 601HW [BLACK] Standard 20GB,1,,,,,,,,*,sk/img001.jpg,*,sk/img001.jpg,,,,,,,,,,,,,,,,,,,,,,,0,1,en_sk_180,,1,,22800,22800,,5,,,,,,,,,,,,,,,,,"21,22","NEW rental,SoftBank 601HW 20GB"
1662,6162,377,193,Insurance [NONE] / Additional Battery [NONE],181,1,カート用通常フラグ,SoftBank 601HW [BLACK] Standard 20GB,1,,,,,,,,*,sk/img001.jpg,*,sk/img001.jpg,,,,,,,,,,,,,,,,,,,,,,,0,1,en_sk_181,,1,,23190,23190,,5,,,,,,,,,,,,,,,,,"21,22","NEW rental,SoftBank 601HW 20GB"
1662,6166,377,194,Insurance [NONE] / Additional Battery [NONE],182,1,カート用通常フラグ,SoftBank 601HW [BLACK] Standard 20GB,1,,,,,,,,*,sk/img001.jpg,*,sk/img001.jpg,,,,,,,,,,,,,,,,,,,,,,,0,1,en_sk_182,,1,,23580,23580,,5,,,,,,,,,,,,,,,,,"21,22","NEW rental,SoftBank 601HW 20GB"
1662,6170,377,195,Insurance [NONE] / Additional Battery [NONE],183,1,カート用通常フラグ,SoftBank 601HW [BLACK] Standard 20GB,1,,,,,,,,*,sk/img001.jpg,*,sk/img001.jpg,,,,,,,,,,,,,,,,,,,,,,,0,1,en_sk_183,,1,,23970,23970,,5,,,,,,,,,,,,,,,,,"21,22","NEW rental,SoftBank 601HW 20GB"
1662,6174,377,196,Insurance [NONE] / Additional Battery [NONE],184,1,カート用通常フラグ,SoftBank 601HW [BLACK] Standard 20GB,1,,,,,,,,*,sk/img001.jpg,*,sk/img001.jpg,,,,,,,,,,,,,,,,,,,,,,,0,1,en_sk_184,,1,,24360,24360,,5,,,,,,,,,,,,,,,,,"21,22","NEW rental,SoftBank 601HW 20GB"
1662,6178,377,197,Insurance [NONE] / Additional Battery [NONE],185,1,カート用通常フラグ,SoftBank 601HW [BLACK] Standard 20GB,1,,,,,,,,*,sk/img001.jpg,*,sk/img001.jpg,,,,,,,,,,,,,,,,,,,,,,,0,1,en_sk_185,,1,,24750,24750,,5,,,,,,,,,,,,,,,,,"21,22","NEW rental,SoftBank 601HW 20GB"
1662,6182,377,198,Insurance [NONE] / Additional Battery [NONE],186,1,カート用通常フラグ,SoftBank 601HW [BLACK] Standard 20GB,1,,,,,,,,*,sk/img001.jpg,*,sk/img001.jpg,,,,,,,,,,,,,,,,,,,,,,,0,1,en_sk_186,,1,,25140,25140,,5,,,,,,,,,,,,,,,,,"21,22","NEW rental,SoftBank 601HW 20GB"
1662,6186,377,199,Insurance [NONE] / Additional Battery [NONE],187,1,カート用通常フラグ,SoftBank 601HW [BLACK] Standard 20GB,1,,,,,,,,*,sk/img001.jpg,*,sk/img001.jpg,,,,,,,,,,,,,,,,,,,,,,,0,1,en_sk_187,,1,,25530,25530,,5,,,,,,,,,,,,,,,,,"21,22","NEW rental,SoftBank 601HW 20GB"
1662,6190,377,200,Insurance [NONE] / Additional Battery [NONE],188,1,カート用通常フラグ,SoftBank 601HW [BLACK] Standard 20GB,1,,,,,,,,*,sk/img001.jpg,*,sk/img001.jpg,,,,,,,,,,,,,,,,,,,,,,,0,1,en_sk_188,,1,,25920,25920,,5,,,,,,,,,,,,,,,,,"21,22","NEW rental,SoftBank 601HW 20GB"
1662,6194,377,201,Insurance [NONE] / Additional Battery [NONE],189,1,カート用通常フラグ,SoftBank 601HW [BLACK] Standard 20GB,1,,,,,,,,*,sk/img001.jpg,*,sk/img001.jpg,,,,,,,,,,,,,,,,,,,,,,,0,1,en_sk_189,,1,,26310,26310,,5,,,,,,,,,,,,,,,,,"21,22","NEW rental,SoftBank 601HW 20GB"
1662,6198,377,202,Insurance [NONE] / Additional Battery [NONE],190,1,カート用通常フラグ,SoftBank 601HW [BLACK] Standard 20GB,1,,,,,,,,*,sk/img001.jpg,*,sk/img001.jpg,,,,,,,,,,,,,,,,,,,,,,,0,1,en_sk_190,,1,,26700,26700,,5,,,,,,,,,,,,,,,,,"21,22","NEW rental,SoftBank 601HW 20GB"
1662,6202,377,203,Insurance [NONE] / Additional Battery [NONE],191,1,カート用通常フラグ,SoftBank 601HW [BLACK] Standard 20GB,1,,,,,,,,*,sk/img001.jpg,*,sk/img001.jpg,,,,,,,,,,,,,,,,,,,,,,,0,1,en_sk_191,,1,,27090,27090,,5,,,,,,,,,,,,,,,,,"21,22","NEW rental,SoftBank 601HW 20GB"
1662,6206,377,204,Insurance [NONE] / Additional Battery [NONE],192,1,カート用通常フラグ,SoftBank 601HW [BLACK] Standard 20GB,1,,,,,,,,*,sk/img001.jpg,*,sk/img001.jpg,,,,,,,,,,,,,,,,,,,,,,,0,1,en_sk_192,,1,,27480,27480,,5,,,,,,,,,,,,,,,,,"21,22","NEW rental,SoftBank 601HW 20GB"
1662,6210,377,205,Insurance [NONE] / Additional Battery [NONE],193,1,カート用通常フラグ,SoftBank 601HW [BLACK] Standard 20GB,1,,,,,,,,*,sk/img001.jpg,*,sk/img001.jpg,,,,,,,,,,,,,,,,,,,,,,,0,1,en_sk_193,,1,,27870,27870,,5,,,,,,,,,,,,,,,,,"21,22","NEW rental,SoftBank 601HW 20GB"
1662,6214,377,206,Insurance [NONE] / Additional Battery [NONE],194,1,カート用通常フラグ,SoftBank 601HW [BLACK] Standard 20GB,1,,,,,,,,*,sk/img001.jpg,*,sk/img001.jpg,,,,,,,,,,,,,,,,,,,,,,,0,1,en_sk_194,,1,,28260,28260,,5,,,,,,,,,,,,,,,,,"21,22","NEW rental,SoftBank 601HW 20GB"
1662,6218,377,207,Insurance [NONE] / Additional Battery [NONE],195,1,カート用通常フラグ,SoftBank 601HW [BLACK] Standard 20GB,1,,,,,,,,*,sk/img001.jpg,*,sk/img001.jpg,,,,,,,,,,,,,,,,,,,,,,,0,1,en_sk_195,,1,,28650,28650,,5,,,,,,,,,,,,,,,,,"21,22","NEW rental,SoftBank 601HW 20GB"
1662,6222,377,208,Insurance [NONE] / Additional Battery [NONE],196,1,カート用通常フラグ,SoftBank 601HW [BLACK] Standard 20GB,1,,,,,,,,*,sk/img001.jpg,*,sk/img001.jpg,,,,,,,,,,,,,,,,,,,,,,,0,1,en_sk_196,,1,,28650,28650,,5,,,,,,,,,,,,,,,,,"21,22","NEW rental,SoftBank 601HW 20GB"
1662,6226,377,209,Insurance [NONE] / Additional Battery [NONE],197,1,カート用通常フラグ,SoftBank 601HW [BLACK] Standard 20GB,1,,,,,,,,*,sk/img001.jpg,*,sk/img001.jpg,,,,,,,,,,,,,,,,,,,,,,,0,1,en_sk_197,,1,,28650,28650,,5,,,,,,,,,,,,,,,,,"21,22","NEW rental,SoftBank 601HW 20GB"
1662,6230,377,210,Insurance [NONE] / Additional Battery [NONE],198,1,カート用通常フラグ,SoftBank 601HW [BLACK] Standard 20GB,1,,,,,,,,*,sk/img001.jpg,*,sk/img001.jpg,,,,,,,,,,,,,,,,,,,,,,,0,1,en_sk_198,,1,,28650,28650,,5,,,,,,,,,,,,,,,,,"21,22","NEW rental,SoftBank 601HW 20GB"
1662,6234,377,211,Insurance [NONE] / Additional Battery [NONE],199,1,カート用通常フラグ,SoftBank 601HW [BLACK] Standard 20GB,1,,,,,,,,*,sk/img001.jpg,*,sk/img001.jpg,,,,,,,,,,,,,,,,,,,,,,,0,1,en_sk_199,,1,,28650,28650,,5,,,,,,,,,,,,,,,,,"21,22","NEW rental,SoftBank 601HW 20GB"
1662,6238,377,212,Insurance [NONE] / Additional Battery [NONE],200,1,カート用通常フラグ,SoftBank 601HW [BLACK] Standard 20GB,1,,,,,,,,*,sk/img001.jpg,*,sk/img001.jpg,,,,,,,,,,,,,,,,,,,,,,,0,1,en_sk_200,,1,,28650,28650,,5,,,,,,,,,,,,,,,,,"21,22","NEW rental,SoftBank 601HW 20GB"
1662,6242,377,213,Insurance [NONE] / Additional Battery [NONE],201,1,カート用通常フラグ,SoftBank 601HW [BLACK] Standard 20GB,1,,,,,,,,*,sk/img001.jpg,*,sk/img001.jpg,,,,,,,,,,,,,,,,,,,,,,,0,1,en_sk_201,,1,,28650,28650,,5,,,,,,,,,,,,,,,,,"21,22","NEW rental,SoftBank 601HW 20GB"
1662,6246,377,214,Insurance [NONE] / Additional Battery [NONE],202,1,カート用通常フラグ,SoftBank 601HW [BLACK] Standard 20GB,1,,,,,,,,*,sk/img001.jpg,*,sk/img001.jpg,,,,,,,,,,,,,,,,,,,,,,,0,1,en_sk_202,,1,,28650,28650,,5,,,,,,,,,,,,,,,,,"21,22","NEW rental,SoftBank 601HW 20GB"
1662,6250,377,215,Insurance [NONE] / Additional Battery [NONE],203,1,カート用通常フラグ,SoftBank 601HW [BLACK] Standard 20GB,1,,,,,,,,*,sk/img001.jpg,*,sk/img001.jpg,,,,,,,,,,,,,,,,,,,,,,,0,1,en_sk_203,,1,,28650,28650,,5,,,,,,,,,,,,,,,,,"21,22","NEW rental,SoftBank 601HW 20GB"
1662,6254,377,216,Insurance [NONE] / Additional Battery [NONE],204,1,カート用通常フラグ,SoftBank 601HW [BLACK] Standard 20GB,1,,,,,,,,*,sk/img001.jpg,*,sk/img001.jpg,,,,,,,,,,,,,,,,,,,,,,,0,1,en_sk_204,,1,,28650,28650,,5,,,,,,,,,,,,,,,,,"21,22","NEW rental,SoftBank 601HW 20GB"
1662,6258,377,217,Insurance [NONE] / Additional Battery [NONE],205,1,カート用通常フラグ,SoftBank 601HW [BLACK] Standard 20GB,1,,,,,,,,*,sk/img001.jpg,*,sk/img001.jpg,,,,,,,,,,,,,,,,,,,,,,,0,1,en_sk_205,,1,,28650,28650,,5,,,,,,,,,,,,,,,,,"21,22","NEW rental,SoftBank 601HW 20GB"
1662,6262,377,218,Insurance [NONE] / Additional Battery [NONE],206,1,カート用通常フラグ,SoftBank 601HW [BLACK] Standard 20GB,1,,,,,,,,*,sk/img001.jpg,*,sk/img001.jpg,,,,,,,,,,,,,,,,,,,,,,,0,1,en_sk_206,,1,,28650,28650,,5,,,,,,,,,,,,,,,,,"21,22","NEW rental,SoftBank 601HW 20GB"
1662,6266,377,219,Insurance [NONE] / Additional Battery [NONE],207,1,カート用通常フラグ,SoftBank 601HW [BLACK] Standard 20GB,1,,,,,,,,*,sk/img001.jpg,*,sk/img001.jpg,,,,,,,,,,,,,,,,,,,,,,,0,1,en_sk_207,,1,,28650,28650,,5,,,,,,,,,,,,,,,,,"21,22","NEW rental,SoftBank 601HW 20GB"
1662,6270,377,220,Insurance [NONE] / Additional Battery [NONE],208,1,カート用通常フラグ,SoftBank 601HW [BLACK] Standard 20GB,1,,,,,,,,*,sk/img001.jpg,*,sk/img001.jpg,,,,,,,,,,,,,,,,,,,,,,,0,1,en_sk_208,,1,,28650,28650,,5,,,,,,,,,,,,,,,,,"21,22","NEW rental,SoftBank 601HW 20GB"
1662,6274,377,221,Insurance [NONE] / Additional Battery [NONE],209,1,カート用通常フラグ,SoftBank 601HW [BLACK] Standard 20GB,1,,,,,,,,*,sk/img001.jpg,*,sk/img001.jpg,,,,,,,,,,,,,,,,,,,,,,,0,1,en_sk_209,,1,,28650,28650,,5,,,,,,,,,,,,,,,,,"21,22","NEW rental,SoftBank 601HW 20GB"
1662,6278,377,222,Insurance [NONE] / Additional Battery [NONE],210,1,カート用通常フラグ,SoftBank 601HW [BLACK] Standard 20GB,1,,,,,,,,*,sk/img001.jpg,*,sk/img001.jpg,,,,,,,,,,,,,,,,,,,,,,,0,1,en_sk_210,,1,,28650,28650,,5,,,,,,,,,,,,,,,,,"21,22","NEW rental,SoftBank 601HW 20GB"
1662,6282,377,223,Insurance [NONE] / Additional Battery [NONE],211,1,カート用通常フラグ,SoftBank 601HW [BLACK] Standard 20GB,1,,,,,,,,*,sk/img001.jpg,*,sk/img001.jpg,,,,,,,,,,,,,,,,,,,,,,,0,1,en_sk_211,,1,,28650,28650,,5,,,,,,,,,,,,,,,,,"21,22","NEW rental,SoftBank 601HW 20GB"
1662,6286,377,224,Insurance [NONE] / Additional Battery [NONE],212,1,カート用通常フラグ,SoftBank 601HW [BLACK] Standard 20GB,1,,,,,,,,*,sk/img001.jpg,*,sk/img001.jpg,,,,,,,,,,,,,,,,,,,,,,,0,1,en_sk_212,,1,,29040,29040,,5,,,,,,,,,,,,,,,,,"21,22","NEW rental,SoftBank 601HW 20GB"
1662,6290,377,225,Insurance [NONE] / Additional Battery [NONE],213,1,カート用通常フラグ,SoftBank 601HW [BLACK] Standard 20GB,1,,,,,,,,*,sk/img001.jpg,*,sk/img001.jpg,,,,,,,,,,,,,,,,,,,,,,,0,1,en_sk_213,,1,,29430,29430,,5,,,,,,,,,,,,,,,,,"21,22","NEW rental,SoftBank 601HW 20GB"
1662,6294,377,226,Insurance [NONE] / Additional Battery [NONE],214,1,カート用通常フラグ,SoftBank 601HW [BLACK] Standard 20GB,1,,,,,,,,*,sk/img001.jpg,*,sk/img001.jpg,,,,,,,,,,,,,,,,,,,,,,,0,1,en_sk_214,,1,,29820,29820,,5,,,,,,,,,,,,,,,,,"21,22","NEW rental,SoftBank 601HW 20GB"
1662,6298,377,227,Insurance [NONE] / Additional Battery [NONE],215,1,カート用通常フラグ,SoftBank 601HW [BLACK] Standard 20GB,1,,,,,,,,*,sk/img001.jpg,*,sk/img001.jpg,,,,,,,,,,,,,,,,,,,,,,,0,1,en_sk_215,,1,,30210,30210,,5,,,,,,,,,,,,,,,,,"21,22","NEW rental,SoftBank 601HW 20GB"
1662,6302,377,228,Insurance [NONE] / Additional Battery [NONE],216,1,カート用通常フラグ,SoftBank 601HW [BLACK] Standard 20GB,1,,,,,,,,*,sk/img001.jpg,*,sk/img001.jpg,,,,,,,,,,,,,,,,,,,,,,,0,1,en_sk_216,,1,,30600,30600,,5,,,,,,,,,,,,,,,,,"21,22","NEW rental,SoftBank 601HW 20GB"
1662,6306,377,229,Insurance [NONE] / Additional Battery [NONE],217,1,カート用通常フラグ,SoftBank 601HW [BLACK] Standard 20GB,1,,,,,,,,*,sk/img001.jpg,*,sk/img001.jpg,,,,,,,,,,,,,,,,,,,,,,,0,1,en_sk_217,,1,,30990,30990,,5,,,,,,,,,,,,,,,,,"21,22","NEW rental,SoftBank 601HW 20GB"
1662,6310,377,230,Insurance [NONE] / Additional Battery [NONE],218,1,カート用通常フラグ,SoftBank 601HW [BLACK] Standard 20GB,1,,,,,,,,*,sk/img001.jpg,*,sk/img001.jpg,,,,,,,,,,,,,,,,,,,,,,,0,1,en_sk_218,,1,,31380,31380,,5,,,,,,,,,,,,,,,,,"21,22","NEW rental,SoftBank 601HW 20GB"
1662,6314,377,231,Insurance [NONE] / Additional Battery [NONE],219,1,カート用通常フラグ,SoftBank 601HW [BLACK] Standard 20GB,1,,,,,,,,*,sk/img001.jpg,*,sk/img001.jpg,,,,,,,,,,,,,,,,,,,,,,,0,1,en_sk_219,,1,,31770,31770,,5,,,,,,,,,,,,,,,,,"21,22","NEW rental,SoftBank 601HW 20GB"
1662,6318,377,232,Insurance [NONE] / Additional Battery [NONE],220,1,カート用通常フラグ,SoftBank 601HW [BLACK] Standard 20GB,1,,,,,,,,*,sk/img001.jpg,*,sk/img001.jpg,,,,,,,,,,,,,,,,,,,,,,,0,1,en_sk_220,,1,,32160,32160,,5,,,,,,,,,,,,,,,,,"21,22","NEW rental,SoftBank 601HW 20GB"
1662,6322,377,233,Insurance [NONE] / Additional Battery [NONE],221,1,カート用通常フラグ,SoftBank 601HW [BLACK] Standard 20GB,1,,,,,,,,*,sk/img001.jpg,*,sk/img001.jpg,,,,,,,,,,,,,,,,,,,,,,,0,1,en_sk_221,,1,,32550,32550,,5,,,,,,,,,,,,,,,,,"21,22","NEW rental,SoftBank 601HW 20GB"
1662,6326,377,234,Insurance [NONE] / Additional Battery [NONE],222,1,カート用通常フラグ,SoftBank 601HW [BLACK] Standard 20GB,1,,,,,,,,*,sk/img001.jpg,*,sk/img001.jpg,,,,,,,,,,,,,,,,,,,,,,,0,1,en_sk_222,,1,,32940,32940,,5,,,,,,,,,,,,,,,,,"21,22","NEW rental,SoftBank 601HW 20GB"
1662,6330,377,235,Insurance [NONE] / Additional Battery [NONE],223,1,カート用通常フラグ,SoftBank 601HW [BLACK] Standard 20GB,1,,,,,,,,*,sk/img001.jpg,*,sk/img001.jpg,,,,,,,,,,,,,,,,,,,,,,,0,1,en_sk_223,,1,,33200,33200,,5,,,,,,,,,,,,,,,,,"21,22","NEW rental,SoftBank 601HW 20GB"
1662,6334,377,236,Insurance [NONE] / Additional Battery [NONE],224,1,カート用通常フラグ,SoftBank 601HW [BLACK] Standard 20GB,1,,,,,,,,*,sk/img001.jpg,*,sk/img001.jpg,,,,,,,,,,,,,,,,,,,,,,,0,1,en_sk_224,,1,,33200,33200,,5,,,,,,,,,,,,,,,,,"21,22","NEW rental,SoftBank 601HW 20GB"
1662,6338,377,237,Insurance [NONE] / Additional Battery [NONE],225,1,カート用通常フラグ,SoftBank 601HW [BLACK] Standard 20GB,1,,,,,,,,*,sk/img001.jpg,*,sk/img001.jpg,,,,,,,,,,,,,,,,,,,,,,,0,1,en_sk_225,,1,,33200,33200,,5,,,,,,,,,,,,,,,,,"21,22","NEW rental,SoftBank 601HW 20GB"
1662,6342,377,238,Insurance [NONE] / Additional Battery [NONE],226,1,カート用通常フラグ,SoftBank 601HW [BLACK] Standard 20GB,1,,,,,,,,*,sk/img001.jpg,*,sk/img001.jpg,,,,,,,,,,,,,,,,,,,,,,,0,1,en_sk_226,,1,,33200,33200,,5,,,,,,,,,,,,,,,,,"21,22","NEW rental,SoftBank 601HW 20GB"
1662,6346,377,239,Insurance [NONE] / Additional Battery [NONE],227,1,カート用通常フラグ,SoftBank 601HW [BLACK] Standard 20GB,1,,,,,,,,*,sk/img001.jpg,*,sk/img001.jpg,,,,,,,,,,,,,,,,,,,,,,,0,1,en_sk_227,,1,,33200,33200,,5,,,,,,,,,,,,,,,,,"21,22","NEW rental,SoftBank 601HW 20GB"
1662,6350,377,240,Insurance [NONE] / Additional Battery [NONE],228,1,カート用通常フラグ,SoftBank 601HW [BLACK] Standard 20GB,1,,,,,,,,*,sk/img001.jpg,*,sk/img001.jpg,,,,,,,,,,,,,,,,,,,,,,,0,1,en_sk_228,,1,,33200,33200,,5,,,,,,,,,,,,,,,,,"21,22","NEW rental,SoftBank 601HW 20GB"
1662,6354,377,241,Insurance [NONE] / Additional Battery [NONE],229,1,カート用通常フラグ,SoftBank 601HW [BLACK] Standard 20GB,1,,,,,,,,*,sk/img001.jpg,*,sk/img001.jpg,,,,,,,,,,,,,,,,,,,,,,,0,1,en_sk_229,,1,,33200,33200,,5,,,,,,,,,,,,,,,,,"21,22","NEW rental,SoftBank 601HW 20GB"
1662,6358,377,242,Insurance [NONE] / Additional Battery [NONE],230,1,カート用通常フラグ,SoftBank 601HW [BLACK] Standard 20GB,1,,,,,,,,*,sk/img001.jpg,*,sk/img001.jpg,,,,,,,,,,,,,,,,,,,,,,,0,1,en_sk_230,,1,,33200,33200,,5,,,,,,,,,,,,,,,,,"21,22","NEW rental,SoftBank 601HW 20GB"
1662,6362,377,243,Insurance [NONE] / Additional Battery [NONE],231,1,カート用通常フラグ,SoftBank 601HW [BLACK] Standard 20GB,1,,,,,,,,*,sk/img001.jpg,*,sk/img001.jpg,,,,,,,,,,,,,,,,,,,,,,,0,1,en_sk_231,,1,,33200,33200,,5,,,,,,,,,,,,,,,,,"21,22","NEW rental,SoftBank 601HW 20GB"
1662,6366,377,244,Insurance [NONE] / Additional Battery [NONE],232,1,カート用通常フラグ,SoftBank 601HW [BLACK] Standard 20GB,1,,,,,,,,*,sk/img001.jpg,*,sk/img001.jpg,,,,,,,,,,,,,,,,,,,,,,,0,1,en_sk_232,,1,,33200,33200,,5,,,,,,,,,,,,,,,,,"21,22","NEW rental,SoftBank 601HW 20GB"
1662,6370,377,245,Insurance [NONE] / Additional Battery [NONE],233,1,カート用通常フラグ,SoftBank 601HW [BLACK] Standard 20GB,1,,,,,,,,*,sk/img001.jpg,*,sk/img001.jpg,,,,,,,,,,,,,,,,,,,,,,,0,1,en_sk_233,,1,,33200,33200,,5,,,,,,,,,,,,,,,,,"21,22","NEW rental,SoftBank 601HW 20GB"
1662,6374,377,246,Insurance [NONE] / Additional Battery [NONE],234,1,カート用通常フラグ,SoftBank 601HW [BLACK] Standard 20GB,1,,,,,,,,*,sk/img001.jpg,*,sk/img001.jpg,,,,,,,,,,,,,,,,,,,,,,,0,1,en_sk_234,,1,,33200,33200,,5,,,,,,,,,,,,,,,,,"21,22","NEW rental,SoftBank 601HW 20GB"
1662,6378,377,247,Insurance [NONE] / Additional Battery [NONE],235,1,カート用通常フラグ,SoftBank 601HW [BLACK] Standard 20GB,1,,,,,,,,*,sk/img001.jpg,*,sk/img001.jpg,,,,,,,,,,,,,,,,,,,,,,,0,1,en_sk_235,,1,,33200,33200,,5,,,,,,,,,,,,,,,,,"21,22","NEW rental,SoftBank 601HW 20GB"
1662,6382,377,248,Insurance [NONE] / Additional Battery [NONE],236,1,カート用通常フラグ,SoftBank 601HW [BLACK] Standard 20GB,1,,,,,,,,*,sk/img001.jpg,*,sk/img001.jpg,,,,,,,,,,,,,,,,,,,,,,,0,1,en_sk_236,,1,,33200,33200,,5,,,,,,,,,,,,,,,,,"21,22","NEW rental,SoftBank 601HW 20GB"
1662,6386,377,249,Insurance [NONE] / Additional Battery [NONE],237,1,カート用通常フラグ,SoftBank 601HW [BLACK] Standard 20GB,1,,,,,,,,*,sk/img001.jpg,*,sk/img001.jpg,,,,,,,,,,,,,,,,,,,,,,,0,1,en_sk_237,,1,,33200,33200,,5,,,,,,,,,,,,,,,,,"21,22","NEW rental,SoftBank 601HW 20GB"
1662,6390,377,250,Insurance [NONE] / Additional Battery [NONE],238,1,カート用通常フラグ,SoftBank 601HW [BLACK] Standard 20GB,1,,,,,,,,*,sk/img001.jpg,*,sk/img001.jpg,,,,,,,,,,,,,,,,,,,,,,,0,1,en_sk_238,,1,,33200,33200,,5,,,,,,,,,,,,,,,,,"21,22","NEW rental,SoftBank 601HW 20GB"
1662,6394,377,251,Insurance [NONE] / Additional Battery [NONE],239,1,カート用通常フラグ,SoftBank 601HW [BLACK] Standard 20GB,1,,,,,,,,*,sk/img001.jpg,*,sk/img001.jpg,,,,,,,,,,,,,,,,,,,,,,,0,1,en_sk_239,,1,,33200,33200,,5,,,,,,,,,,,,,,,,,"21,22","NEW rental,SoftBank 601HW 20GB"
1662,6398,377,252,Insurance [NONE] / Additional Battery [NONE],240,1,カート用通常フラグ,SoftBank 601HW [BLACK] Standard 20GB,1,,,,,,,,*,sk/img001.jpg,*,sk/img001.jpg,,,,,,,,,,,,,,,,,,,,,,,0,1,en_sk_240,,1,,33200,33200,,5,,,,,,,,,,,,,,,,,"21,22","NEW rental,SoftBank 601HW 20GB"
1662,6402,377,253,Insurance [NONE] / Additional Battery [NONE],241,1,カート用通常フラグ,SoftBank 601HW [BLACK] Standard 20GB,1,,,,,,,,*,sk/img001.jpg,*,sk/img001.jpg,,,,,,,,,,,,,,,,,,,,,,,0,1,en_sk_241,,1,,33200,33200,,5,,,,,,,,,,,,,,,,,"21,22","NEW rental,SoftBank 601HW 20GB"
1662,6406,377,254,Insurance [NONE] / Additional Battery [NONE],242,1,カート用通常フラグ,SoftBank 601HW [BLACK] Standard 20GB,1,,,,,,,,*,sk/img001.jpg,*,sk/img001.jpg,,,,,,,,,,,,,,,,,,,,,,,0,1,en_sk_242,,1,,33590,33590,,5,,,,,,,,,,,,,,,,,"21,22","NEW rental,SoftBank 601HW 20GB"
1662,6410,377,255,Insurance [NONE] / Additional Battery [NONE],243,1,カート用通常フラグ,SoftBank 601HW [BLACK] Standard 20GB,1,,,,,,,,*,sk/img001.jpg,*,sk/img001.jpg,,,,,,,,,,,,,,,,,,,,,,,0,1,en_sk_243,,1,,33980,33980,,5,,,,,,,,,,,,,,,,,"21,22","NEW rental,SoftBank 601HW 20GB"
1662,6414,377,256,Insurance [NONE] / Additional Battery [NONE],244,1,カート用通常フラグ,SoftBank 601HW [BLACK] Standard 20GB,1,,,,,,,,*,sk/img001.jpg,*,sk/img001.jpg,,,,,,,,,,,,,,,,,,,,,,,0,1,en_sk_244,,1,,34370,34370,,5,,,,,,,,,,,,,,,,,"21,22","NEW rental,SoftBank 601HW 20GB"
1662,6418,377,257,Insurance [NONE] / Additional Battery [NONE],245,1,カート用通常フラグ,SoftBank 601HW [BLACK] Standard 20GB,1,,,,,,,,*,sk/img001.jpg,*,sk/img001.jpg,,,,,,,,,,,,,,,,,,,,,,,0,1,en_sk_245,,1,,34760,34760,,5,,,,,,,,,,,,,,,,,"21,22","NEW rental,SoftBank 601HW 20GB"
1662,6422,377,258,Insurance [NONE] / Additional Battery [NONE],246,1,カート用通常フラグ,SoftBank 601HW [BLACK] Standard 20GB,1,,,,,,,,*,sk/img001.jpg,*,sk/img001.jpg,,,,,,,,,,,,,,,,,,,,,,,0,1,en_sk_246,,1,,35150,35150,,5,,,,,,,,,,,,,,,,,"21,22","NEW rental,SoftBank 601HW 20GB"
1662,6426,377,259,Insurance [NONE] / Additional Battery [NONE],247,1,カート用通常フラグ,SoftBank 601HW [BLACK] Standard 20GB,1,,,,,,,,*,sk/img001.jpg,*,sk/img001.jpg,,,,,,,,,,,,,,,,,,,,,,,0,1,en_sk_247,,1,,35540,35540,,5,,,,,,,,,,,,,,,,,"21,22","NEW rental,SoftBank 601HW 20GB"
1662,6430,377,260,Insurance [NONE] / Additional Battery [NONE],248,1,カート用通常フラグ,SoftBank 601HW [BLACK] Standard 20GB,1,,,,,,,,*,sk/img001.jpg,*,sk/img001.jpg,,,,,,,,,,,,,,,,,,,,,,,0,1,en_sk_248,,1,,35930,35930,,5,,,,,,,,,,,,,,,,,"21,22","NEW rental,SoftBank 601HW 20GB"
1662,6434,377,261,Insurance [NONE] / Additional Battery [NONE],249,1,カート用通常フラグ,SoftBank 601HW [BLACK] Standard 20GB,1,,,,,,,,*,sk/img001.jpg,*,sk/img001.jpg,,,,,,,,,,,,,,,,,,,,,,,0,1,en_sk_249,,1,,36320,36320,,5,,,,,,,,,,,,,,,,,"21,22","NEW rental,SoftBank 601HW 20GB"
1662,6438,377,262,Insurance [NONE] / Additional Battery [NONE],250,1,カート用通常フラグ,SoftBank 601HW [BLACK] Standard 20GB,1,,,,,,,,*,sk/img001.jpg,*,sk/img001.jpg,,,,,,,,,,,,,,,,,,,,,,,0,1,en_sk_250,,1,,36710,36710,,5,,,,,,,,,,,,,,,,,"21,22","NEW rental,SoftBank 601HW 20GB"
1662,6442,377,263,Insurance [NONE] / Additional Battery [NONE],251,1,カート用通常フラグ,SoftBank 601HW [BLACK] Standard 20GB,1,,,,,,,,*,sk/img001.jpg,*,sk/img001.jpg,,,,,,,,,,,,,,,,,,,,,,,0,1,en_sk_251,,1,,37100,37100,,5,,,,,,,,,,,,,,,,,"21,22","NEW rental,SoftBank 601HW 20GB"
1662,6446,377,264,Insurance [NONE] / Additional Battery [NONE],252,1,カート用通常フラグ,SoftBank 601HW [BLACK] Standard 20GB,1,,,,,,,,*,sk/img001.jpg,*,sk/img001.jpg,,,,,,,,,,,,,,,,,,,,,,,0,1,en_sk_252,,1,,37400,37400,,5,,,,,,,,,,,,,,,,,"21,22","NEW rental,SoftBank 601HW 20GB"
1662,6450,377,265,Insurance [NONE] / Additional Battery [NONE],253,1,カート用通常フラグ,SoftBank 601HW [BLACK] Standard 20GB,1,,,,,,,,*,sk/img001.jpg,*,sk/img001.jpg,,,,,,,,,,,,,,,,,,,,,,,0,1,en_sk_253,,1,,37400,37400,,5,,,,,,,,,,,,,,,,,"21,22","NEW rental,SoftBank 601HW 20GB"
1662,6454,377,266,Insurance [NONE] / Additional Battery [NONE],254,1,カート用通常フラグ,SoftBank 601HW [BLACK] Standard 20GB,1,,,,,,,,*,sk/img001.jpg,*,sk/img001.jpg,,,,,,,,,,,,,,,,,,,,,,,0,1,en_sk_254,,1,,37400,37400,,5,,,,,,,,,,,,,,,,,"21,22","NEW rental,SoftBank 601HW 20GB"
1662,6458,377,267,Insurance [NONE] / Additional Battery [NONE],255,1,カート用通常フラグ,SoftBank 601HW [BLACK] Standard 20GB,1,,,,,,,,*,sk/img001.jpg,*,sk/img001.jpg,,,,,,,,,,,,,,,,,,,,,,,0,1,en_sk_255,,1,,37400,37400,,5,,,,,,,,,,,,,,,,,"21,22","NEW rental,SoftBank 601HW 20GB"
1662,6462,377,268,Insurance [NONE] / Additional Battery [NONE],256,1,カート用通常フラグ,SoftBank 601HW [BLACK] Standard 20GB,1,,,,,,,,*,sk/img001.jpg,*,sk/img001.jpg,,,,,,,,,,,,,,,,,,,,,,,0,1,en_sk_256,,1,,37400,37400,,5,,,,,,,,,,,,,,,,,"21,22","NEW rental,SoftBank 601HW 20GB"
1662,6466,377,269,Insurance [NONE] / Additional Battery [NONE],257,1,カート用通常フラグ,SoftBank 601HW [BLACK] Standard 20GB,1,,,,,,,,*,sk/img001.jpg,*,sk/img001.jpg,,,,,,,,,,,,,,,,,,,,,,,0,1,en_sk_257,,1,,37400,37400,,5,,,,,,,,,,,,,,,,,"21,22","NEW rental,SoftBank 601HW 20GB"
1662,6470,377,270,Insurance [NONE] / Additional Battery [NONE],258,1,カート用通常フラグ,SoftBank 601HW [BLACK] Standard 20GB,1,,,,,,,,*,sk/img001.jpg,*,sk/img001.jpg,,,,,,,,,,,,,,,,,,,,,,,0,1,en_sk_258,,1,,37400,37400,,5,,,,,,,,,,,,,,,,,"21,22","NEW rental,SoftBank 601HW 20GB"
1662,6474,377,271,Insurance [NONE] / Additional Battery [NONE],259,1,カート用通常フラグ,SoftBank 601HW [BLACK] Standard 20GB,1,,,,,,,,*,sk/img001.jpg,*,sk/img001.jpg,,,,,,,,,,,,,,,,,,,,,,,0,1,en_sk_259,,1,,37400,37400,,5,,,,,,,,,,,,,,,,,"21,22","NEW rental,SoftBank 601HW 20GB"
1662,6478,377,272,Insurance [NONE] / Additional Battery [NONE],260,1,カート用通常フラグ,SoftBank 601HW [BLACK] Standard 20GB,1,,,,,,,,*,sk/img001.jpg,*,sk/img001.jpg,,,,,,,,,,,,,,,,,,,,,,,0,1,en_sk_260,,1,,37400,37400,,5,,,,,,,,,,,,,,,,,"21,22","NEW rental,SoftBank 601HW 20GB"
1662,6482,377,273,Insurance [NONE] / Additional Battery [NONE],261,1,カート用通常フラグ,SoftBank 601HW [BLACK] Standard 20GB,1,,,,,,,,*,sk/img001.jpg,*,sk/img001.jpg,,,,,,,,,,,,,,,,,,,,,,,0,1,en_sk_261,,1,,37400,37400,,5,,,,,,,,,,,,,,,,,"21,22","NEW rental,SoftBank 601HW 20GB"
1662,6486,377,274,Insurance [NONE] / Additional Battery [NONE],262,1,カート用通常フラグ,SoftBank 601HW [BLACK] Standard 20GB,1,,,,,,,,*,sk/img001.jpg,*,sk/img001.jpg,,,,,,,,,,,,,,,,,,,,,,,0,1,en_sk_262,,1,,37400,37400,,5,,,,,,,,,,,,,,,,,"21,22","NEW rental,SoftBank 601HW 20GB"
1662,6490,377,275,Insurance [NONE] / Additional Battery [NONE],263,1,カート用通常フラグ,SoftBank 601HW [BLACK] Standard 20GB,1,,,,,,,,*,sk/img001.jpg,*,sk/img001.jpg,,,,,,,,,,,,,,,,,,,,,,,0,1,en_sk_263,,1,,37400,37400,,5,,,,,,,,,,,,,,,,,"21,22","NEW rental,SoftBank 601HW 20GB"
1662,6494,377,276,Insurance [NONE] / Additional Battery [NONE],264,1,カート用通常フラグ,SoftBank 601HW [BLACK] Standard 20GB,1,,,,,,,,*,sk/img001.jpg,*,sk/img001.jpg,,,,,,,,,,,,,,,,,,,,,,,0,1,en_sk_264,,1,,37400,37400,,5,,,,,,,,,,,,,,,,,"21,22","NEW rental,SoftBank 601HW 20GB"
1662,6498,377,277,Insurance [NONE] / Additional Battery [NONE],265,1,カート用通常フラグ,SoftBank 601HW [BLACK] Standard 20GB,1,,,,,,,,*,sk/img001.jpg,*,sk/img001.jpg,,,,,,,,,,,,,,,,,,,,,,,0,1,en_sk_265,,1,,37400,37400,,5,,,,,,,,,,,,,,,,,"21,22","NEW rental,SoftBank 601HW 20GB"
1662,6502,377,278,Insurance [NONE] / Additional Battery [NONE],266,1,カート用通常フラグ,SoftBank 601HW [BLACK] Standard 20GB,1,,,,,,,,*,sk/img001.jpg,*,sk/img001.jpg,,,,,,,,,,,,,,,,,,,,,,,0,1,en_sk_266,,1,,37400,37400,,5,,,,,,,,,,,,,,,,,"21,22","NEW rental,SoftBank 601HW 20GB"
1662,6506,377,279,Insurance [NONE] / Additional Battery [NONE],267,1,カート用通常フラグ,SoftBank 601HW [BLACK] Standard 20GB,1,,,,,,,,*,sk/img001.jpg,*,sk/img001.jpg,,,,,,,,,,,,,,,,,,,,,,,0,1,en_sk_267,,1,,37400,37400,,5,,,,,,,,,,,,,,,,,"21,22","NEW rental,SoftBank 601HW 20GB"
1662,6510,377,280,Insurance [NONE] / Additional Battery [NONE],268,1,カート用通常フラグ,SoftBank 601HW [BLACK] Standard 20GB,1,,,,,,,,*,sk/img001.jpg,*,sk/img001.jpg,,,,,,,,,,,,,,,,,,,,,,,0,1,en_sk_268,,1,,37400,37400,,5,,,,,,,,,,,,,,,,,"21,22","NEW rental,SoftBank 601HW 20GB"
1662,6514,377,281,Insurance [NONE] / Additional Battery [NONE],269,1,カート用通常フラグ,SoftBank 601HW [BLACK] Standard 20GB,1,,,,,,,,*,sk/img001.jpg,*,sk/img001.jpg,,,,,,,,,,,,,,,,,,,,,,,0,1,en_sk_269,,1,,37400,37400,,5,,,,,,,,,,,,,,,,,"21,22","NEW rental,SoftBank 601HW 20GB"
1662,6518,377,282,Insurance [NONE] / Additional Battery [NONE],270,1,カート用通常フラグ,SoftBank 601HW [BLACK] Standard 20GB,1,,,,,,,,*,sk/img001.jpg,*,sk/img001.jpg,,,,,,,,,,,,,,,,,,,,,,,0,1,en_sk_270,,1,,37400,37400,,5,,,,,,,,,,,,,,,,,"21,22","NEW rental,SoftBank 601HW 20GB"
1662,6522,377,283,Insurance [NONE] / Additional Battery [NONE],271,1,カート用通常フラグ,SoftBank 601HW [BLACK] Standard 20GB,1,,,,,,,,*,sk/img001.jpg,*,sk/img001.jpg,,,,,,,,,,,,,,,,,,,,,,,0,1,en_sk_271,,1,,37400,37400,,5,,,,,,,,,,,,,,,,,"21,22","NEW rental,SoftBank 601HW 20GB"
1662,6526,377,284,Insurance [NONE] / Additional Battery [NONE],272,1,カート用通常フラグ,SoftBank 601HW [BLACK] Standard 20GB,1,,,,,,,,*,sk/img001.jpg,*,sk/img001.jpg,,,,,,,,,,,,,,,,,,,,,,,0,1,en_sk_272,,1,,37790,37790,,5,,,,,,,,,,,,,,,,,"21,22","NEW rental,SoftBank 601HW 20GB"
1662,6530,377,285,Insurance [NONE] / Additional Battery [NONE],273,1,カート用通常フラグ,SoftBank 601HW [BLACK] Standard 20GB,1,,,,,,,,*,sk/img001.jpg,*,sk/img001.jpg,,,,,,,,,,,,,,,,,,,,,,,0,1,en_sk_273,,1,,38180,38180,,5,,,,,,,,,,,,,,,,,"21,22","NEW rental,SoftBank 601HW 20GB"
1662,6534,377,286,Insurance [NONE] / Additional Battery [NONE],274,1,カート用通常フラグ,SoftBank 601HW [BLACK] Standard 20GB,1,,,,,,,,*,sk/img001.jpg,*,sk/img001.jpg,,,,,,,,,,,,,,,,,,,,,,,0,1,en_sk_274,,1,,38570,38570,,5,,,,,,,,,,,,,,,,,"21,22","NEW rental,SoftBank 601HW 20GB"
1662,6538,377,287,Insurance [NONE] / Additional Battery [NONE],275,1,カート用通常フラグ,SoftBank 601HW [BLACK] Standard 20GB,1,,,,,,,,*,sk/img001.jpg,*,sk/img001.jpg,,,,,,,,,,,,,,,,,,,,,,,0,1,en_sk_275,,1,,38960,38960,,5,,,,,,,,,,,,,,,,,"21,22","NEW rental,SoftBank 601HW 20GB"
1662,6542,377,288,Insurance [NONE] / Additional Battery [NONE],276,1,カート用通常フラグ,SoftBank 601HW [BLACK] Standard 20GB,1,,,,,,,,*,sk/img001.jpg,*,sk/img001.jpg,,,,,,,,,,,,,,,,,,,,,,,0,1,en_sk_276,,1,,39350,39350,,5,,,,,,,,,,,,,,,,,"21,22","NEW rental,SoftBank 601HW 20GB"
1662,6546,377,289,Insurance [NONE] / Additional Battery [NONE],277,1,カート用通常フラグ,SoftBank 601HW [BLACK] Standard 20GB,1,,,,,,,,*,sk/img001.jpg,*,sk/img001.jpg,,,,,,,,,,,,,,,,,,,,,,,0,1,en_sk_277,,1,,39740,39740,,5,,,,,,,,,,,,,,,,,"21,22","NEW rental,SoftBank 601HW 20GB"
1662,6550,377,290,Insurance [NONE] / Additional Battery [NONE],278,1,カート用通常フラグ,SoftBank 601HW [BLACK] Standard 20GB,1,,,,,,,,*,sk/img001.jpg,*,sk/img001.jpg,,,,,,,,,,,,,,,,,,,,,,,0,1,en_sk_278,,1,,40130,40130,,5,,,,,,,,,,,,,,,,,"21,22","NEW rental,SoftBank 601HW 20GB"
1662,6554,377,291,Insurance [NONE] / Additional Battery [NONE],279,1,カート用通常フラグ,SoftBank 601HW [BLACK] Standard 20GB,1,,,,,,,,*,sk/img001.jpg,*,sk/img001.jpg,,,,,,,,,,,,,,,,,,,,,,,0,1,en_sk_279,,1,,40520,40520,,5,,,,,,,,,,,,,,,,,"21,22","NEW rental,SoftBank 601HW 20GB"
1662,6558,377,292,Insurance [NONE] / Additional Battery [NONE],280,1,カート用通常フラグ,SoftBank 601HW [BLACK] Standard 20GB,1,,,,,,,,*,sk/img001.jpg,*,sk/img001.jpg,,,,,,,,,,,,,,,,,,,,,,,0,1,en_sk_280,,1,,40910,40910,,5,,,,,,,,,,,,,,,,,"21,22","NEW rental,SoftBank 601HW 20GB"
1662,6562,377,293,Insurance [NONE] / Additional Battery [NONE],281,1,カート用通常フラグ,SoftBank 601HW [BLACK] Standard 20GB,1,,,,,,,,*,sk/img001.jpg,*,sk/img001.jpg,,,,,,,,,,,,,,,,,,,,,,,0,1,en_sk_281,,1,,41300,41300,,5,,,,,,,,,,,,,,,,,"21,22","NEW rental,SoftBank 601HW 20GB"
1662,6566,377,294,Insurance [NONE] / Additional Battery [NONE],282,1,カート用通常フラグ,SoftBank 601HW [BLACK] Standard 20GB,1,,,,,,,,*,sk/img001.jpg,*,sk/img001.jpg,,,,,,,,,,,,,,,,,,,,,,,0,1,en_sk_282,,1,,41600,41600,,5,,,,,,,,,,,,,,,,,"21,22","NEW rental,SoftBank 601HW 20GB"
1662,6570,377,295,Insurance [NONE] / Additional Battery [NONE],283,1,カート用通常フラグ,SoftBank 601HW [BLACK] Standard 20GB,1,,,,,,,,*,sk/img001.jpg,*,sk/img001.jpg,,,,,,,,,,,,,,,,,,,,,,,0,1,en_sk_283,,1,,41600,41600,,5,,,,,,,,,,,,,,,,,"21,22","NEW rental,SoftBank 601HW 20GB"
1662,6574,377,296,Insurance [NONE] / Additional Battery [NONE],284,1,カート用通常フラグ,SoftBank 601HW [BLACK] Standard 20GB,1,,,,,,,,*,sk/img001.jpg,*,sk/img001.jpg,,,,,,,,,,,,,,,,,,,,,,,0,1,en_sk_284,,1,,41600,41600,,5,,,,,,,,,,,,,,,,,"21,22","NEW rental,SoftBank 601HW 20GB"
1662,6578,377,297,Insurance [NONE] / Additional Battery [NONE],285,1,カート用通常フラグ,SoftBank 601HW [BLACK] Standard 20GB,1,,,,,,,,*,sk/img001.jpg,*,sk/img001.jpg,,,,,,,,,,,,,,,,,,,,,,,0,1,en_sk_285,,1,,41600,41600,,5,,,,,,,,,,,,,,,,,"21,22","NEW rental,SoftBank 601HW 20GB"
1662,6582,377,298,Insurance [NONE] / Additional Battery [NONE],286,1,カート用通常フラグ,SoftBank 601HW [BLACK] Standard 20GB,1,,,,,,,,*,sk/img001.jpg,*,sk/img001.jpg,,,,,,,,,,,,,,,,,,,,,,,0,1,en_sk_286,,1,,41600,41600,,5,,,,,,,,,,,,,,,,,"21,22","NEW rental,SoftBank 601HW 20GB"
1662,6586,377,299,Insurance [NONE] / Additional Battery [NONE],287,1,カート用通常フラグ,SoftBank 601HW [BLACK] Standard 20GB,1,,,,,,,,*,sk/img001.jpg,*,sk/img001.jpg,,,,,,,,,,,,,,,,,,,,,,,0,1,en_sk_287,,1,,41600,41600,,5,,,,,,,,,,,,,,,,,"21,22","NEW rental,SoftBank 601HW 20GB"
1662,6590,377,300,Insurance [NONE] / Additional Battery [NONE],288,1,カート用通常フラグ,SoftBank 601HW [BLACK] Standard 20GB,1,,,,,,,,*,sk/img001.jpg,*,sk/img001.jpg,,,,,,,,,,,,,,,,,,,,,,,0,1,en_sk_288,,1,,41600,41600,,5,,,,,,,,,,,,,,,,,"21,22","NEW rental,SoftBank 601HW 20GB"
1662,6594,377,301,Insurance [NONE] / Additional Battery [NONE],289,1,カート用通常フラグ,SoftBank 601HW [BLACK] Standard 20GB,1,,,,,,,,*,sk/img001.jpg,*,sk/img001.jpg,,,,,,,,,,,,,,,,,,,,,,,0,1,en_sk_289,,1,,41600,41600,,5,,,,,,,,,,,,,,,,,"21,22","NEW rental,SoftBank 601HW 20GB"
1662,6598,377,302,Insurance [NONE] / Additional Battery [NONE],290,1,カート用通常フラグ,SoftBank 601HW [BLACK] Standard 20GB,1,,,,,,,,*,sk/img001.jpg,*,sk/img001.jpg,,,,,,,,,,,,,,,,,,,,,,,0,1,en_sk_290,,1,,41600,41600,,5,,,,,,,,,,,,,,,,,"21,22","NEW rental,SoftBank 601HW 20GB"
1662,6602,377,303,Insurance [NONE] / Additional Battery [NONE],291,1,カート用通常フラグ,SoftBank 601HW [BLACK] Standard 20GB,1,,,,,,,,*,sk/img001.jpg,*,sk/img001.jpg,,,,,,,,,,,,,,,,,,,,,,,0,1,en_sk_291,,1,,41600,41600,,5,,,,,,,,,,,,,,,,,"21,22","NEW rental,SoftBank 601HW 20GB"
1662,6606,377,304,Insurance [NONE] / Additional Battery [NONE],292,1,カート用通常フラグ,SoftBank 601HW [BLACK] Standard 20GB,1,,,,,,,,*,sk/img001.jpg,*,sk/img001.jpg,,,,,,,,,,,,,,,,,,,,,,,0,1,en_sk_292,,1,,41600,41600,,5,,,,,,,,,,,,,,,,,"21,22","NEW rental,SoftBank 601HW 20GB"
1662,6610,377,305,Insurance [NONE] / Additional Battery [NONE],293,1,カート用通常フラグ,SoftBank 601HW [BLACK] Standard 20GB,1,,,,,,,,*,sk/img001.jpg,*,sk/img001.jpg,,,,,,,,,,,,,,,,,,,,,,,0,1,en_sk_293,,1,,41600,41600,,5,,,,,,,,,,,,,,,,,"21,22","NEW rental,SoftBank 601HW 20GB"
1662,6614,377,306,Insurance [NONE] / Additional Battery [NONE],294,1,カート用通常フラグ,SoftBank 601HW [BLACK] Standard 20GB,1,,,,,,,,*,sk/img001.jpg,*,sk/img001.jpg,,,,,,,,,,,,,,,,,,,,,,,0,1,en_sk_294,,1,,41600,41600,,5,,,,,,,,,,,,,,,,,"21,22","NEW rental,SoftBank 601HW 20GB"
1662,6618,377,307,Insurance [NONE] / Additional Battery [NONE],295,1,カート用通常フラグ,SoftBank 601HW [BLACK] Standard 20GB,1,,,,,,,,*,sk/img001.jpg,*,sk/img001.jpg,,,,,,,,,,,,,,,,,,,,,,,0,1,en_sk_295,,1,,41600,41600,,5,,,,,,,,,,,,,,,,,"21,22","NEW rental,SoftBank 601HW 20GB"
1662,6622,377,308,Insurance [NONE] / Additional Battery [NONE],296,1,カート用通常フラグ,SoftBank 601HW [BLACK] Standard 20GB,1,,,,,,,,*,sk/img001.jpg,*,sk/img001.jpg,,,,,,,,,,,,,,,,,,,,,,,0,1,en_sk_296,,1,,41600,41600,,5,,,,,,,,,,,,,,,,,"21,22","NEW rental,SoftBank 601HW 20GB"
1662,6626,377,309,Insurance [NONE] / Additional Battery [NONE],297,1,カート用通常フラグ,SoftBank 601HW [BLACK] Standard 20GB,1,,,,,,,,*,sk/img001.jpg,*,sk/img001.jpg,,,,,,,,,,,,,,,,,,,,,,,0,1,en_sk_297,,1,,41600,41600,,5,,,,,,,,,,,,,,,,,"21,22","NEW rental,SoftBank 601HW 20GB"
1662,6630,377,310,Insurance [NONE] / Additional Battery [NONE],298,1,カート用通常フラグ,SoftBank 601HW [BLACK] Standard 20GB,1,,,,,,,,*,sk/img001.jpg,*,sk/img001.jpg,,,,,,,,,,,,,,,,,,,,,,,0,1,en_sk_298,,1,,41600,41600,,5,,,,,,,,,,,,,,,,,"21,22","NEW rental,SoftBank 601HW 20GB"
1662,6634,377,311,Insurance [NONE] / Additional Battery [NONE],299,1,カート用通常フラグ,SoftBank 601HW [BLACK] Standard 20GB,1,,,,,,,,*,sk/img001.jpg,*,sk/img001.jpg,,,,,,,,,,,,,,,,,,,,,,,0,1,en_sk_299,,1,,41600,41600,,5,,,,,,,,,,,,,,,,,"21,22","NEW rental,SoftBank 601HW 20GB"
1662,6638,377,312,Insurance [NONE] / Additional Battery [NONE],300,1,カート用通常フラグ,SoftBank 601HW [BLACK] Standard 20GB,1,,,,,,,,*,sk/img001.jpg,*,sk/img001.jpg,,,,,,,,,,,,,,,,,,,,,,,0,1,en_sk_300,,1,,41600,41600,,5,,,,,,,,,,,,,,,,,"21,22","NEW rental,SoftBank 601HW 20GB"
1662,6642,377,313,Insurance [NONE] / Additional Battery [NONE],301,1,カート用通常フラグ,SoftBank 601HW [BLACK] Standard 20GB,1,,,,,,,,*,sk/img001.jpg,*,sk/img001.jpg,,,,,,,,,,,,,,,,,,,,,,,0,1,en_sk_301,,1,,41600,41600,,5,,,,,,,,,,,,,,,,,"21,22","NEW rental,SoftBank 601HW 20GB"
1662,6646,377,314,Insurance [NONE] / Additional Battery [NONE],302,1,カート用通常フラグ,SoftBank 601HW [BLACK] Standard 20GB,1,,,,,,,,*,sk/img001.jpg,*,sk/img001.jpg,,,,,,,,,,,,,,,,,,,,,,,0,1,en_sk_302,,1,,41990,41990,,5,,,,,,,,,,,,,,,,,"21,22","NEW rental,SoftBank 601HW 20GB"
1662,6650,377,315,Insurance [NONE] / Additional Battery [NONE],303,1,カート用通常フラグ,SoftBank 601HW [BLACK] Standard 20GB,1,,,,,,,,*,sk/img001.jpg,*,sk/img001.jpg,,,,,,,,,,,,,,,,,,,,,,,0,1,en_sk_303,,1,,42380,42380,,5,,,,,,,,,,,,,,,,,"21,22","NEW rental,SoftBank 601HW 20GB"
1662,6654,377,316,Insurance [NONE] / Additional Battery [NONE],304,1,カート用通常フラグ,SoftBank 601HW [BLACK] Standard 20GB,1,,,,,,,,*,sk/img001.jpg,*,sk/img001.jpg,,,,,,,,,,,,,,,,,,,,,,,0,1,en_sk_304,,1,,42770,42770,,5,,,,,,,,,,,,,,,,,"21,22","NEW rental,SoftBank 601HW 20GB"
1662,6658,377,317,Insurance [NONE] / Additional Battery [NONE],305,1,カート用通常フラグ,SoftBank 601HW [BLACK] Standard 20GB,1,,,,,,,,*,sk/img001.jpg,*,sk/img001.jpg,,,,,,,,,,,,,,,,,,,,,,,0,1,en_sk_305,,1,,43160,43160,,5,,,,,,,,,,,,,,,,,"21,22","NEW rental,SoftBank 601HW 20GB"
1662,6662,377,318,Insurance [NONE] / Additional Battery [NONE],306,1,カート用通常フラグ,SoftBank 601HW [BLACK] Standard 20GB,1,,,,,,,,*,sk/img001.jpg,*,sk/img001.jpg,,,,,,,,,,,,,,,,,,,,,,,0,1,en_sk_306,,1,,43550,43550,,5,,,,,,,,,,,,,,,,,"21,22","NEW rental,SoftBank 601HW 20GB"
1662,6666,377,319,Insurance [NONE] / Additional Battery [NONE],307,1,カート用通常フラグ,SoftBank 601HW [BLACK] Standard 20GB,1,,,,,,,,*,sk/img001.jpg,*,sk/img001.jpg,,,,,,,,,,,,,,,,,,,,,,,0,1,en_sk_307,,1,,43600,43600,,5,,,,,,,,,,,,,,,,,"21,22","NEW rental,SoftBank 601HW 20GB"
1662,6670,377,320,Insurance [NONE] / Additional Battery [NONE],308,1,カート用通常フラグ,SoftBank 601HW [BLACK] Standard 20GB,1,,,,,,,,*,sk/img001.jpg,*,sk/img001.jpg,,,,,,,,,,,,,,,,,,,,,,,0,1,en_sk_308,,1,,43600,43600,,5,,,,,,,,,,,,,,,,,"21,22","NEW rental,SoftBank 601HW 20GB"
1662,6674,377,321,Insurance [NONE] / Additional Battery [NONE],309,1,カート用通常フラグ,SoftBank 601HW [BLACK] Standard 20GB,1,,,,,,,,*,sk/img001.jpg,*,sk/img001.jpg,,,,,,,,,,,,,,,,,,,,,,,0,1,en_sk_309,,1,,43600,43600,,5,,,,,,,,,,,,,,,,,"21,22","NEW rental,SoftBank 601HW 20GB"
1662,6678,377,322,Insurance [NONE] / Additional Battery [NONE],310,1,カート用通常フラグ,SoftBank 601HW [BLACK] Standard 20GB,1,,,,,,,,*,sk/img001.jpg,*,sk/img001.jpg,,,,,,,,,,,,,,,,,,,,,,,0,1,en_sk_310,,1,,43600,43600,,5,,,,,,,,,,,,,,,,,"21,22","NEW rental,SoftBank 601HW 20GB"
1662,6682,377,323,Insurance [NONE] / Additional Battery [NONE],311,1,カート用通常フラグ,SoftBank 601HW [BLACK] Standard 20GB,1,,,,,,,,*,sk/img001.jpg,*,sk/img001.jpg,,,,,,,,,,,,,,,,,,,,,,,0,1,en_sk_311,,1,,43600,43600,,5,,,,,,,,,,,,,,,,,"21,22","NEW rental,SoftBank 601HW 20GB"
1662,6686,377,324,Insurance [NONE] / Additional Battery [NONE],312,1,カート用通常フラグ,SoftBank 601HW [BLACK] Standard 20GB,1,,,,,,,,*,sk/img001.jpg,*,sk/img001.jpg,,,,,,,,,,,,,,,,,,,,,,,0,1,en_sk_312,,1,,43600,43600,,5,,,,,,,,,,,,,,,,,"21,22","NEW rental,SoftBank 601HW 20GB"
1662,6690,377,325,Insurance [NONE] / Additional Battery [NONE],313,1,カート用通常フラグ,SoftBank 601HW [BLACK] Standard 20GB,1,,,,,,,,*,sk/img001.jpg,*,sk/img001.jpg,,,,,,,,,,,,,,,,,,,,,,,0,1,en_sk_313,,1,,43600,43600,,5,,,,,,,,,,,,,,,,,"21,22","NEW rental,SoftBank 601HW 20GB"
1662,6694,377,326,Insurance [NONE] / Additional Battery [NONE],314,1,カート用通常フラグ,SoftBank 601HW [BLACK] Standard 20GB,1,,,,,,,,*,sk/img001.jpg,*,sk/img001.jpg,,,,,,,,,,,,,,,,,,,,,,,0,1,en_sk_314,,1,,43600,43600,,5,,,,,,,,,,,,,,,,,"21,22","NEW rental,SoftBank 601HW 20GB"
1662,6698,377,327,Insurance [NONE] / Additional Battery [NONE],315,1,カート用通常フラグ,SoftBank 601HW [BLACK] Standard 20GB,1,,,,,,,,*,sk/img001.jpg,*,sk/img001.jpg,,,,,,,,,,,,,,,,,,,,,,,0,1,en_sk_315,,1,,43600,43600,,5,,,,,,,,,,,,,,,,,"21,22","NEW rental,SoftBank 601HW 20GB"
1662,6702,377,328,Insurance [NONE] / Additional Battery [NONE],316,1,カート用通常フラグ,SoftBank 601HW [BLACK] Standard 20GB,1,,,,,,,,*,sk/img001.jpg,*,sk/img001.jpg,,,,,,,,,,,,,,,,,,,,,,,0,1,en_sk_316,,1,,43600,43600,,5,,,,,,,,,,,,,,,,,"21,22","NEW rental,SoftBank 601HW 20GB"
1662,6706,377,329,Insurance [NONE] / Additional Battery [NONE],317,1,カート用通常フラグ,SoftBank 601HW [BLACK] Standard 20GB,1,,,,,,,,*,sk/img001.jpg,*,sk/img001.jpg,,,,,,,,,,,,,,,,,,,,,,,0,1,en_sk_317,,1,,43600,43600,,5,,,,,,,,,,,,,,,,,"21,22","NEW rental,SoftBank 601HW 20GB"
1662,6710,377,330,Insurance [NONE] / Additional Battery [NONE],318,1,カート用通常フラグ,SoftBank 601HW [BLACK] Standard 20GB,1,,,,,,,,*,sk/img001.jpg,*,sk/img001.jpg,,,,,,,,,,,,,,,,,,,,,,,0,1,en_sk_318,,1,,43600,43600,,5,,,,,,,,,,,,,,,,,"21,22","NEW rental,SoftBank 601HW 20GB"
1662,6714,377,331,Insurance [NONE] / Additional Battery [NONE],319,1,カート用通常フラグ,SoftBank 601HW [BLACK] Standard 20GB,1,,,,,,,,*,sk/img001.jpg,*,sk/img001.jpg,,,,,,,,,,,,,,,,,,,,,,,0,1,en_sk_319,,1,,43600,43600,,5,,,,,,,,,,,,,,,,,"21,22","NEW rental,SoftBank 601HW 20GB"
1662,6718,377,332,Insurance [NONE] / Additional Battery [NONE],320,1,カート用通常フラグ,SoftBank 601HW [BLACK] Standard 20GB,1,,,,,,,,*,sk/img001.jpg,*,sk/img001.jpg,,,,,,,,,,,,,,,,,,,,,,,0,1,en_sk_320,,1,,43600,43600,,5,,,,,,,,,,,,,,,,,"21,22","NEW rental,SoftBank 601HW 20GB"
1662,6722,377,333,Insurance [NONE] / Additional Battery [NONE],321,1,カート用通常フラグ,SoftBank 601HW [BLACK] Standard 20GB,1,,,,,,,,*,sk/img001.jpg,*,sk/img001.jpg,,,,,,,,,,,,,,,,,,,,,,,0,1,en_sk_321,,1,,43600,43600,,5,,,,,,,,,,,,,,,,,"21,22","NEW rental,SoftBank 601HW 20GB"
1662,6726,377,334,Insurance [NONE] / Additional Battery [NONE],322,1,カート用通常フラグ,SoftBank 601HW [BLACK] Standard 20GB,1,,,,,,,,*,sk/img001.jpg,*,sk/img001.jpg,,,,,,,,,,,,,,,,,,,,,,,0,1,en_sk_322,,1,,43600,43600,,5,,,,,,,,,,,,,,,,,"21,22","NEW rental,SoftBank 601HW 20GB"
1662,6730,377,335,Insurance [NONE] / Additional Battery [NONE],323,1,カート用通常フラグ,SoftBank 601HW [BLACK] Standard 20GB,1,,,,,,,,*,sk/img001.jpg,*,sk/img001.jpg,,,,,,,,,,,,,,,,,,,,,,,0,1,en_sk_323,,1,,43600,43600,,5,,,,,,,,,,,,,,,,,"21,22","NEW rental,SoftBank 601HW 20GB"
1662,6734,377,336,Insurance [NONE] / Additional Battery [NONE],324,1,カート用通常フラグ,SoftBank 601HW [BLACK] Standard 20GB,1,,,,,,,,*,sk/img001.jpg,*,sk/img001.jpg,,,,,,,,,,,,,,,,,,,,,,,0,1,en_sk_324,,1,,43600,43600,,5,,,,,,,,,,,,,,,,,"21,22","NEW rental,SoftBank 601HW 20GB"
1662,6738,377,337,Insurance [NONE] / Additional Battery [NONE],325,1,カート用通常フラグ,SoftBank 601HW [BLACK] Standard 20GB,1,,,,,,,,*,sk/img001.jpg,*,sk/img001.jpg,,,,,,,,,,,,,,,,,,,,,,,0,1,en_sk_325,,1,,43600,43600,,5,,,,,,,,,,,,,,,,,"21,22","NEW rental,SoftBank 601HW 20GB"
1662,6742,377,338,Insurance [NONE] / Additional Battery [NONE],326,1,カート用通常フラグ,SoftBank 601HW [BLACK] Standard 20GB,1,,,,,,,,*,sk/img001.jpg,*,sk/img001.jpg,,,,,,,,,,,,,,,,,,,,,,,0,1,en_sk_326,,1,,43600,43600,,5,,,,,,,,,,,,,,,,,"21,22","NEW rental,SoftBank 601HW 20GB"
1662,6746,377,339,Insurance [NONE] / Additional Battery [NONE],327,1,カート用通常フラグ,SoftBank 601HW [BLACK] Standard 20GB,1,,,,,,,,*,sk/img001.jpg,*,sk/img001.jpg,,,,,,,,,,,,,,,,,,,,,,,0,1,en_sk_327,,1,,43600,43600,,5,,,,,,,,,,,,,,,,,"21,22","NEW rental,SoftBank 601HW 20GB"
1662,6750,377,340,Insurance [NONE] / Additional Battery [NONE],328,1,カート用通常フラグ,SoftBank 601HW [BLACK] Standard 20GB,1,,,,,,,,*,sk/img001.jpg,*,sk/img001.jpg,,,,,,,,,,,,,,,,,,,,,,,0,1,en_sk_328,,1,,43600,43600,,5,,,,,,,,,,,,,,,,,"21,22","NEW rental,SoftBank 601HW 20GB"
1662,6754,377,341,Insurance [NONE] / Additional Battery [NONE],329,1,カート用通常フラグ,SoftBank 601HW [BLACK] Standard 20GB,1,,,,,,,,*,sk/img001.jpg,*,sk/img001.jpg,,,,,,,,,,,,,,,,,,,,,,,0,1,en_sk_329,,1,,43600,43600,,5,,,,,,,,,,,,,,,,,"21,22","NEW rental,SoftBank 601HW 20GB"
1662,6758,377,342,Insurance [NONE] / Additional Battery [NONE],330,1,カート用通常フラグ,SoftBank 601HW [BLACK] Standard 20GB,1,,,,,,,,*,sk/img001.jpg,*,sk/img001.jpg,,,,,,,,,,,,,,,,,,,,,,,0,1,en_sk_330,,1,,43600,43600,,5,,,,,,,,,,,,,,,,,"21,22","NEW rental,SoftBank 601HW 20GB"
1662,6762,377,343,Insurance [NONE] / Additional Battery [NONE],331,1,カート用通常フラグ,SoftBank 601HW [BLACK] Standard 20GB,1,,,,,,,,*,sk/img001.jpg,*,sk/img001.jpg,,,,,,,,,,,,,,,,,,,,,,,0,1,en_sk_331,,1,,43600,43600,,5,,,,,,,,,,,,,,,,,"21,22","NEW rental,SoftBank 601HW 20GB"
1662,6766,377,344,Insurance [NONE] / Additional Battery [NONE],332,1,カート用通常フラグ,SoftBank 601HW [BLACK] Standard 20GB,1,,,,,,,,*,sk/img001.jpg,*,sk/img001.jpg,,,,,,,,,,,,,,,,,,,,,,,0,1,en_sk_332,,1,,43990,43990,,5,,,,,,,,,,,,,,,,,"21,22","NEW rental,SoftBank 601HW 20GB"
1662,6770,377,345,Insurance [NONE] / Additional Battery [NONE],333,1,カート用通常フラグ,SoftBank 601HW [BLACK] Standard 20GB,1,,,,,,,,*,sk/img001.jpg,*,sk/img001.jpg,,,,,,,,,,,,,,,,,,,,,,,0,1,en_sk_333,,1,,44380,44380,,5,,,,,,,,,,,,,,,,,"21,22","NEW rental,SoftBank 601HW 20GB"
1662,6774,377,346,Insurance [NONE] / Additional Battery [NONE],334,1,カート用通常フラグ,SoftBank 601HW [BLACK] Standard 20GB,1,,,,,,,,*,sk/img001.jpg,*,sk/img001.jpg,,,,,,,,,,,,,,,,,,,,,,,0,1,en_sk_334,,1,,44770,44770,,5,,,,,,,,,,,,,,,,,"21,22","NEW rental,SoftBank 601HW 20GB"
1662,6778,377,347,Insurance [NONE] / Additional Battery [NONE],335,1,カート用通常フラグ,SoftBank 601HW [BLACK] Standard 20GB,1,,,,,,,,*,sk/img001.jpg,*,sk/img001.jpg,,,,,,,,,,,,,,,,,,,,,,,0,1,en_sk_335,,1,,45160,45160,,5,,,,,,,,,,,,,,,,,"21,22","NEW rental,SoftBank 601HW 20GB"
1662,6782,377,348,Insurance [NONE] / Additional Battery [NONE],336,1,カート用通常フラグ,SoftBank 601HW [BLACK] Standard 20GB,1,,,,,,,,*,sk/img001.jpg,*,sk/img001.jpg,,,,,,,,,,,,,,,,,,,,,,,0,1,en_sk_336,,1,,45550,45550,,5,,,,,,,,,,,,,,,,,"21,22","NEW rental,SoftBank 601HW 20GB"
1662,6786,377,349,Insurance [NONE] / Additional Battery [NONE],337,1,カート用通常フラグ,SoftBank 601HW [BLACK] Standard 20GB,1,,,,,,,,*,sk/img001.jpg,*,sk/img001.jpg,,,,,,,,,,,,,,,,,,,,,,,0,1,en_sk_337,,1,,45600,45600,,5,,,,,,,,,,,,,,,,,"21,22","NEW rental,SoftBank 601HW 20GB"
1662,6790,377,350,Insurance [NONE] / Additional Battery [NONE],338,1,カート用通常フラグ,SoftBank 601HW [BLACK] Standard 20GB,1,,,,,,,,*,sk/img001.jpg,*,sk/img001.jpg,,,,,,,,,,,,,,,,,,,,,,,0,1,en_sk_338,,1,,45600,45600,,5,,,,,,,,,,,,,,,,,"21,22","NEW rental,SoftBank 601HW 20GB"
1662,6794,377,351,Insurance [NONE] / Additional Battery [NONE],339,1,カート用通常フラグ,SoftBank 601HW [BLACK] Standard 20GB,1,,,,,,,,*,sk/img001.jpg,*,sk/img001.jpg,,,,,,,,,,,,,,,,,,,,,,,0,1,en_sk_339,,1,,45600,45600,,5,,,,,,,,,,,,,,,,,"21,22","NEW rental,SoftBank 601HW 20GB"
1662,6798,377,352,Insurance [NONE] / Additional Battery [NONE],340,1,カート用通常フラグ,SoftBank 601HW [BLACK] Standard 20GB,1,,,,,,,,*,sk/img001.jpg,*,sk/img001.jpg,,,,,,,,,,,,,,,,,,,,,,,0,1,en_sk_340,,1,,45600,45600,,5,,,,,,,,,,,,,,,,,"21,22","NEW rental,SoftBank 601HW 20GB"
1662,6802,377,353,Insurance [NONE] / Additional Battery [NONE],341,1,カート用通常フラグ,SoftBank 601HW [BLACK] Standard 20GB,1,,,,,,,,*,sk/img001.jpg,*,sk/img001.jpg,,,,,,,,,,,,,,,,,,,,,,,0,1,en_sk_341,,1,,45600,45600,,5,,,,,,,,,,,,,,,,,"21,22","NEW rental,SoftBank 601HW 20GB"
1662,6806,377,354,Insurance [NONE] / Additional Battery [NONE],342,1,カート用通常フラグ,SoftBank 601HW [BLACK] Standard 20GB,1,,,,,,,,*,sk/img001.jpg,*,sk/img001.jpg,,,,,,,,,,,,,,,,,,,,,,,0,1,en_sk_342,,1,,45600,45600,,5,,,,,,,,,,,,,,,,,"21,22","NEW rental,SoftBank 601HW 20GB"
1662,6810,377,355,Insurance [NONE] / Additional Battery [NONE],343,1,カート用通常フラグ,SoftBank 601HW [BLACK] Standard 20GB,1,,,,,,,,*,sk/img001.jpg,*,sk/img001.jpg,,,,,,,,,,,,,,,,,,,,,,,0,1,en_sk_343,,1,,45600,45600,,5,,,,,,,,,,,,,,,,,"21,22","NEW rental,SoftBank 601HW 20GB"
1662,6814,377,356,Insurance [NONE] / Additional Battery [NONE],344,1,カート用通常フラグ,SoftBank 601HW [BLACK] Standard 20GB,1,,,,,,,,*,sk/img001.jpg,*,sk/img001.jpg,,,,,,,,,,,,,,,,,,,,,,,0,1,en_sk_344,,1,,45600,45600,,5,,,,,,,,,,,,,,,,,"21,22","NEW rental,SoftBank 601HW 20GB"
1662,6818,377,357,Insurance [NONE] / Additional Battery [NONE],345,1,カート用通常フラグ,SoftBank 601HW [BLACK] Standard 20GB,1,,,,,,,,*,sk/img001.jpg,*,sk/img001.jpg,,,,,,,,,,,,,,,,,,,,,,,0,1,en_sk_345,,1,,45600,45600,,5,,,,,,,,,,,,,,,,,"21,22","NEW rental,SoftBank 601HW 20GB"
1662,6822,377,358,Insurance [NONE] / Additional Battery [NONE],346,1,カート用通常フラグ,SoftBank 601HW [BLACK] Standard 20GB,1,,,,,,,,*,sk/img001.jpg,*,sk/img001.jpg,,,,,,,,,,,,,,,,,,,,,,,0,1,en_sk_346,,1,,45600,45600,,5,,,,,,,,,,,,,,,,,"21,22","NEW rental,SoftBank 601HW 20GB"
1662,6826,377,359,Insurance [NONE] / Additional Battery [NONE],347,1,カート用通常フラグ,SoftBank 601HW [BLACK] Standard 20GB,1,,,,,,,,*,sk/img001.jpg,*,sk/img001.jpg,,,,,,,,,,,,,,,,,,,,,,,0,1,en_sk_347,,1,,45600,45600,,5,,,,,,,,,,,,,,,,,"21,22","NEW rental,SoftBank 601HW 20GB"
1662,6830,377,360,Insurance [NONE] / Additional Battery [NONE],348,1,カート用通常フラグ,SoftBank 601HW [BLACK] Standard 20GB,1,,,,,,,,*,sk/img001.jpg,*,sk/img001.jpg,,,,,,,,,,,,,,,,,,,,,,,0,1,en_sk_348,,1,,45600,45600,,5,,,,,,,,,,,,,,,,,"21,22","NEW rental,SoftBank 601HW 20GB"
1662,6834,377,361,Insurance [NONE] / Additional Battery [NONE],349,1,カート用通常フラグ,SoftBank 601HW [BLACK] Standard 20GB,1,,,,,,,,*,sk/img001.jpg,*,sk/img001.jpg,,,,,,,,,,,,,,,,,,,,,,,0,1,en_sk_349,,1,,45600,45600,,5,,,,,,,,,,,,,,,,,"21,22","NEW rental,SoftBank 601HW 20GB"
1662,6838,377,362,Insurance [NONE] / Additional Battery [NONE],350,1,カート用通常フラグ,SoftBank 601HW [BLACK] Standard 20GB,1,,,,,,,,*,sk/img001.jpg,*,sk/img001.jpg,,,,,,,,,,,,,,,,,,,,,,,0,1,en_sk_350,,1,,45600,45600,,5,,,,,,,,,,,,,,,,,"21,22","NEW rental,SoftBank 601HW 20GB"
1662,6842,377,363,Insurance [NONE] / Additional Battery [NONE],351,1,カート用通常フラグ,SoftBank 601HW [BLACK] Standard 20GB,1,,,,,,,,*,sk/img001.jpg,*,sk/img001.jpg,,,,,,,,,,,,,,,,,,,,,,,0,1,en_sk_351,,1,,45600,45600,,5,,,,,,,,,,,,,,,,,"21,22","NEW rental,SoftBank 601HW 20GB"
1662,6846,377,364,Insurance [NONE] / Additional Battery [NONE],352,1,カート用通常フラグ,SoftBank 601HW [BLACK] Standard 20GB,1,,,,,,,,*,sk/img001.jpg,*,sk/img001.jpg,,,,,,,,,,,,,,,,,,,,,,,0,1,en_sk_352,,1,,45600,45600,,5,,,,,,,,,,,,,,,,,"21,22","NEW rental,SoftBank 601HW 20GB"
1662,6850,377,365,Insurance [NONE] / Additional Battery [NONE],353,1,カート用通常フラグ,SoftBank 601HW [BLACK] Standard 20GB,1,,,,,,,,*,sk/img001.jpg,*,sk/img001.jpg,,,,,,,,,,,,,,,,,,,,,,,0,1,en_sk_353,,1,,45600,45600,,5,,,,,,,,,,,,,,,,,"21,22","NEW rental,SoftBank 601HW 20GB"
1662,6854,377,366,Insurance [NONE] / Additional Battery [NONE],354,1,カート用通常フラグ,SoftBank 601HW [BLACK] Standard 20GB,1,,,,,,,,*,sk/img001.jpg,*,sk/img001.jpg,,,,,,,,,,,,,,,,,,,,,,,0,1,en_sk_354,,1,,45600,45600,,5,,,,,,,,,,,,,,,,,"21,22","NEW rental,SoftBank 601HW 20GB"
1662,6858,377,367,Insurance [NONE] / Additional Battery [NONE],355,1,カート用通常フラグ,SoftBank 601HW [BLACK] Standard 20GB,1,,,,,,,,*,sk/img001.jpg,*,sk/img001.jpg,,,,,,,,,,,,,,,,,,,,,,,0,1,en_sk_355,,1,,45600,45600,,5,,,,,,,,,,,,,,,,,"21,22","NEW rental,SoftBank 601HW 20GB"
1662,6862,377,368,Insurance [NONE] / Additional Battery [NONE],356,1,カート用通常フラグ,SoftBank 601HW [BLACK] Standard 20GB,1,,,,,,,,*,sk/img001.jpg,*,sk/img001.jpg,,,,,,,,,,,,,,,,,,,,,,,0,1,en_sk_356,,1,,45600,45600,,5,,,,,,,,,,,,,,,,,"21,22","NEW rental,SoftBank 601HW 20GB"
1662,6866,377,369,Insurance [NONE] / Additional Battery [NONE],357,1,カート用通常フラグ,SoftBank 601HW [BLACK] Standard 20GB,1,,,,,,,,*,sk/img001.jpg,*,sk/img001.jpg,,,,,,,,,,,,,,,,,,,,,,,0,1,en_sk_357,,1,,45600,45600,,5,,,,,,,,,,,,,,,,,"21,22","NEW rental,SoftBank 601HW 20GB"
1662,6870,377,370,Insurance [NONE] / Additional Battery [NONE],358,1,カート用通常フラグ,SoftBank 601HW [BLACK] Standard 20GB,1,,,,,,,,*,sk/img001.jpg,*,sk/img001.jpg,,,,,,,,,,,,,,,,,,,,,,,0,1,en_sk_358,,1,,45600,45600,,5,,,,,,,,,,,,,,,,,"21,22","NEW rental,SoftBank 601HW 20GB"
1662,6874,377,371,Insurance [NONE] / Additional Battery [NONE],359,1,カート用通常フラグ,SoftBank 601HW [BLACK] Standard 20GB,1,,,,,,,,*,sk/img001.jpg,*,sk/img001.jpg,,,,,,,,,,,,,,,,,,,,,,,0,1,en_sk_359,,1,,45600,45600,,5,,,,,,,,,,,,,,,,,"21,22","NEW rental,SoftBank 601HW 20GB"
1662,6878,377,372,Insurance [NONE] / Additional Battery [NONE],360,1,カート用通常フラグ,SoftBank 601HW [BLACK] Standard 20GB,1,,,,,,,,*,sk/img001.jpg,*,sk/img001.jpg,,,,,,,,,,,,,,,,,,,,,,,0,1,en_sk_360,,1,,45600,45600,,5,,,,,,,,,,,,,,,,,"21,22","NEW rental,SoftBank 601HW 20GB"
1662,6882,377,373,Insurance [NONE] / Additional Battery [NONE],361,1,カート用通常フラグ,SoftBank 601HW [BLACK] Standard 20GB,1,,,,,,,,*,sk/img001.jpg,*,sk/img001.jpg,,,,,,,,,,,,,,,,,,,,,,,0,1,en_sk_361,,1,,45600,45600,,5,,,,,,,,,,,,,,,,,"21,22","NEW rental,SoftBank 601HW 20GB"
1662,6886,377,374,Insurance [NONE] / Additional Battery [NONE],362,1,カート用通常フラグ,SoftBank 601HW [BLACK] Standard 20GB,1,,,,,,,,*,sk/img001.jpg,*,sk/img001.jpg,,,,,,,,,,,,,,,,,,,,,,,0,1,en_sk_362,,1,,45990,45990,,5,,,,,,,,,,,,,,,,,"21,22","NEW rental,SoftBank 601HW 20GB"
1662,6890,377,375,Insurance [NONE] / Additional Battery [NONE],363,1,カート用通常フラグ,SoftBank 601HW [BLACK] Standard 20GB,1,,,,,,,,*,sk/img001.jpg,*,sk/img001.jpg,,,,,,,,,,,,,,,,,,,,,,,0,1,en_sk_363,,1,,46380,46380,,5,,,,,,,,,,,,,,,,,"21,22","NEW rental,SoftBank 601HW 20GB"
1662,6894,377,376,Insurance [NONE] / Additional Battery [NONE],364,1,カート用通常フラグ,SoftBank 601HW [BLACK] Standard 20GB,1,,,,,,,,*,sk/img001.jpg,*,sk/img001.jpg,,,,,,,,,,,,,,,,,,,,,,,0,1,en_sk_364,,1,,46770,46770,,5,,,,,,,,,,,,,,,,,"21,22","NEW rental,SoftBank 601HW 20GB"
1662,5441,378,13,Insurance [NONE] / Additional Battery [YES],1,1,カート用通常フラグ,SoftBank 601HW [BLACK] Standard 20GB,1,,,,,,,,*,sk/img001.jpg,*,sk/img001.jpg,,,,,,,,,,,,,,,,,,,,,,,0,1,en_sk_001_bt,,1,,780,880,,5,,,,,,,,,,,,,,,,,"21,22","NEW rental,SoftBank 601HW 20GB"
1662,5445,378,14,Insurance [NONE] / Additional Battery [YES],2,1,カート用通常フラグ,SoftBank 601HW [BLACK] Standard 20GB,1,,,,,,,,*,sk/img001.jpg,*,sk/img001.jpg,,,,,,,,,,,,,,,,,,,,,,,0,1,en_sk_002_bt,,1,,1170,1320,,5,,,,,,,,,,,,,,,,,"21,22","NEW rental,SoftBank 601HW 20GB"
1662,5449,378,15,Insurance [NONE] / Additional Battery [YES],3,1,カート用通常フラグ,SoftBank 601HW [BLACK] Standard 20GB,1,,,,,,,,*,sk/img001.jpg,*,sk/img001.jpg,,,,,,,,,,,,,,,,,,,,,,,0,1,en_sk_003_bt,,1,,1560,1760,,5,,,,,,,,,,,,,,,,,"21,22","NEW rental,SoftBank 601HW 20GB"
1662,5453,378,16,Insurance [NONE] / Additional Battery [YES],4,1,カート用通常フラグ,SoftBank 601HW [BLACK] Standard 20GB,1,,,,,,,,*,sk/img001.jpg,*,sk/img001.jpg,,,,,,,,,,,,,,,,,,,,,,,0,1,en_sk_004_bt,,1,,1950,2200,,5,,,,,,,,,,,,,,,,,"21,22","NEW rental,SoftBank 601HW 20GB"
1662,5457,378,17,Insurance [NONE] / Additional Battery [YES],5,1,カート用通常フラグ,SoftBank 601HW [BLACK] Standard 20GB,1,,,,,,,,*,sk/img001.jpg,*,sk/img001.jpg,,,,,,,,,,,,,,,,,,,,,,,0,1,en_sk_005_bt,,1,,2340,2640,,5,,,,,,,,,,,,,,,,,"21,22","NEW rental,SoftBank 601HW 20GB"
1662,5461,378,18,Insurance [NONE] / Additional Battery [YES],6,1,カート用通常フラグ,SoftBank 601HW [BLACK] Standard 20GB,1,,,,,,,,*,sk/img001.jpg,*,sk/img001.jpg,,,,,,,,,,,,,,,,,,,,,,,0,1,en_sk_006_bt,,1,,2730,3080,,5,,,,,,,,,,,,,,,,,"21,22","NEW rental,SoftBank 601HW 20GB"
1662,5465,378,19,Insurance [NONE] / Additional Battery [YES],7,1,カート用通常フラグ,SoftBank 601HW [BLACK] Standard 20GB,1,,,,,,,,*,sk/img001.jpg,*,sk/img001.jpg,,,,,,,,,,,,,,,,,,,,,,,0,1,en_sk_007_bt,,1,,3120,3520,,5,,,,,,,,,,,,,,,,,"21,22","NEW rental,SoftBank 601HW 20GB"
1662,5469,378,20,Insurance [NONE] / Additional Battery [YES],8,1,カート用通常フラグ,SoftBank 601HW [BLACK] Standard 20GB,1,,,,,,,,*,sk/img001.jpg,*,sk/img001.jpg,,,,,,,,,,,,,,,,,,,,,,,0,1,en_sk_008_bt,,1,,3510,3960,,5,,,,,,,,,,,,,,,,,"21,22","NEW rental,SoftBank 601HW 20GB"
1662,5473,378,21,Insurance [NONE] / Additional Battery [YES],9,1,カート用通常フラグ,SoftBank 601HW [BLACK] Standard 20GB,1,,,,,,,,*,sk/img001.jpg,*,sk/img001.jpg,,,,,,,,,,,,,,,,,,,,,,,0,1,en_sk_009_bt,,1,,3900,4400,,5,,,,,,,,,,,,,,,,,"21,22","NEW rental,SoftBank 601HW 20GB"
1662,5477,378,22,Insurance [NONE] / Additional Battery [YES],10,1,カート用通常フラグ,SoftBank 601HW [BLACK] Standard 20GB,1,,,,,,,,*,sk/img001.jpg,*,sk/img001.jpg,,,,,,,,,,,,,,,,,,,,,,,0,1,en_sk_010_bt,,1,,4290,4840,,5,,,,,,,,,,,,,,,,,"21,22","NEW rental,SoftBank 601HW 20GB"
1662,5481,378,23,Insurance [NONE] / Additional Battery [YES],11,1,カート用通常フラグ,SoftBank 601HW [BLACK] Standard 20GB,1,,,,,,,,*,sk/img001.jpg,*,sk/img001.jpg,,,,,,,,,,,,,,,,,,,,,,,0,1,en_sk_011_bt,,1,,4680,5280,,5,,,,,,,,,,,,,,,,,"21,22","NEW rental,SoftBank 601HW 20GB"
1662,5485,378,24,Insurance [NONE] / Additional Battery [YES],12,1,カート用通常フラグ,SoftBank 601HW [BLACK] Standard 20GB,1,,,,,,,,*,sk/img001.jpg,*,sk/img001.jpg,,,,,,,,,,,,,,,,,,,,,,,0,1,en_sk_012_bt,,1,,5070,5720,,5,,,,,,,,,,,,,,,,,"21,22","NEW rental,SoftBank 601HW 20GB"
1662,5489,378,25,Insurance [NONE] / Additional Battery [YES],13,1,カート用通常フラグ,SoftBank 601HW [BLACK] Standard 20GB,1,,,,,,,,*,sk/img001.jpg,*,sk/img001.jpg,,,,,,,,,,,,,,,,,,,,,,,0,1,en_sk_013_bt,,1,,5460,6160,,5,,,,,,,,,,,,,,,,,"21,22","NEW rental,SoftBank 601HW 20GB"
1662,5493,378,26,Insurance [NONE] / Additional Battery [YES],14,1,カート用通常フラグ,SoftBank 601HW [BLACK] Standard 20GB,1,,,,,,,,*,sk/img001.jpg,*,sk/img001.jpg,,,,,,,,,,,,,,,,,,,,,,,0,1,en_sk_014_bt,,1,,5850,6600,,5,,,,,,,,,,,,,,,,,"21,22","NEW rental,SoftBank 601HW 20GB"
1662,5497,378,27,Insurance [NONE] / Additional Battery [YES],15,1,カート用通常フラグ,SoftBank 601HW [BLACK] Standard 20GB,1,,,,,,,,*,sk/img001.jpg,*,sk/img001.jpg,,,,,,,,,,,,,,,,,,,,,,,0,1,en_sk_015_bt,,1,,5850,6600,,5,,,,,,,,,,,,,,,,,"21,22","NEW rental,SoftBank 601HW 20GB"
1662,5501,378,28,Insurance [NONE] / Additional Battery [YES],16,1,カート用通常フラグ,SoftBank 601HW [BLACK] Standard 20GB,1,,,,,,,,*,sk/img001.jpg,*,sk/img001.jpg,,,,,,,,,,,,,,,,,,,,,,,0,1,en_sk_016_bt,,1,,5850,6600,,5,,,,,,,,,,,,,,,,,"21,22","NEW rental,SoftBank 601HW 20GB"
1662,5505,378,29,Insurance [NONE] / Additional Battery [YES],17,1,カート用通常フラグ,SoftBank 601HW [BLACK] Standard 20GB,1,,,,,,,,*,sk/img001.jpg,*,sk/img001.jpg,,,,,,,,,,,,,,,,,,,,,,,0,1,en_sk_017_bt,,1,,5850,6600,,5,,,,,,,,,,,,,,,,,"21,22","NEW rental,SoftBank 601HW 20GB"
1662,5509,378,30,Insurance [NONE] / Additional Battery [YES],18,1,カート用通常フラグ,SoftBank 601HW [BLACK] Standard 20GB,1,,,,,,,,*,sk/img001.jpg,*,sk/img001.jpg,,,,,,,,,,,,,,,,,,,,,,,0,1,en_sk_018_bt,,1,,5850,6600,,5,,,,,,,,,,,,,,,,,"21,22","NEW rental,SoftBank 601HW 20GB"
1662,5513,378,31,Insurance [NONE] / Additional Battery [YES],19,1,カート用通常フラグ,SoftBank 601HW [BLACK] Standard 20GB,1,,,,,,,,*,sk/img001.jpg,*,sk/img001.jpg,,,,,,,,,,,,,,,,,,,,,,,0,1,en_sk_019_bt,,1,,5850,6600,,5,,,,,,,,,,,,,,,,,"21,22","NEW rental,SoftBank 601HW 20GB"
1662,5517,378,32,Insurance [NONE] / Additional Battery [YES],20,1,カート用通常フラグ,SoftBank 601HW [BLACK] Standard 20GB,1,,,,,,,,*,sk/img001.jpg,*,sk/img001.jpg,,,,,,,,,,,,,,,,,,,,,,,0,1,en_sk_020_bt,,1,,5850,6600,,5,,,,,,,,,,,,,,,,,"21,22","NEW rental,SoftBank 601HW 20GB"
1662,5521,378,33,Insurance [NONE] / Additional Battery [YES],21,1,カート用通常フラグ,SoftBank 601HW [BLACK] Standard 20GB,1,,,,,,,,*,sk/img001.jpg,*,sk/img001.jpg,,,,,,,,,,,,,,,,,,,,,,,0,1,en_sk_021_bt,,1,,5850,6600,,5,,,,,,,,,,,,,,,,,"21,22","NEW rental,SoftBank 601HW 20GB"
1662,5525,378,34,Insurance [NONE] / Additional Battery [YES],22,1,カート用通常フラグ,SoftBank 601HW [BLACK] Standard 20GB,1,,,,,,,,*,sk/img001.jpg,*,sk/img001.jpg,,,,,,,,,,,,,,,,,,,,,,,0,1,en_sk_022_bt,,1,,5850,6600,,5,,,,,,,,,,,,,,,,,"21,22","NEW rental,SoftBank 601HW 20GB"
1662,5529,378,35,Insurance [NONE] / Additional Battery [YES],23,1,カート用通常フラグ,SoftBank 601HW [BLACK] Standard 20GB,1,,,,,,,,*,sk/img001.jpg,*,sk/img001.jpg,,,,,,,,,,,,,,,,,,,,,,,0,1,en_sk_023_bt,,1,,5850,6600,,5,,,,,,,,,,,,,,,,,"21,22","NEW rental,SoftBank 601HW 20GB"
1662,5533,378,36,Insurance [NONE] / Additional Battery [YES],24,1,カート用通常フラグ,SoftBank 601HW [BLACK] Standard 20GB,1,,,,,,,,*,sk/img001.jpg,*,sk/img001.jpg,,,,,,,,,,,,,,,,,,,,,,,0,1,en_sk_024_bt,,1,,5850,6600,,5,,,,,,,,,,,,,,,,,"21,22","NEW rental,SoftBank 601HW 20GB"
1662,5537,378,37,Insurance [NONE] / Additional Battery [YES],25,1,カート用通常フラグ,SoftBank 601HW [BLACK] Standard 20GB,1,,,,,,,,*,sk/img001.jpg,*,sk/img001.jpg,,,,,,,,,,,,,,,,,,,,,,,0,1,en_sk_025_bt,,1,,5850,6600,,5,,,,,,,,,,,,,,,,,"21,22","NEW rental,SoftBank 601HW 20GB"
1662,5541,378,38,Insurance [NONE] / Additional Battery [YES],26,1,カート用通常フラグ,SoftBank 601HW [BLACK] Standard 20GB,1,,,,,,,,*,sk/img001.jpg,*,sk/img001.jpg,,,,,,,,,,,,,,,,,,,,,,,0,1,en_sk_026_bt,,1,,5850,6600,,5,,,,,,,,,,,,,,,,,"21,22","NEW rental,SoftBank 601HW 20GB"
1662,5545,378,39,Insurance [NONE] / Additional Battery [YES],27,1,カート用通常フラグ,SoftBank 601HW [BLACK] Standard 20GB,1,,,,,,,,*,sk/img001.jpg,*,sk/img001.jpg,,,,,,,,,,,,,,,,,,,,,,,0,1,en_sk_027_bt,,1,,5850,6600,,5,,,,,,,,,,,,,,,,,"21,22","NEW rental,SoftBank 601HW 20GB"
1662,5549,378,40,Insurance [NONE] / Additional Battery [YES],28,1,カート用通常フラグ,SoftBank 601HW [BLACK] Standard 20GB,1,,,,,,,,*,sk/img001.jpg,*,sk/img001.jpg,,,,,,,,,,,,,,,,,,,,,,,0,1,en_sk_028_bt,,1,,5850,6600,,5,,,,,,,,,,,,,,,,,"21,22","NEW rental,SoftBank 601HW 20GB"
1662,5553,378,41,Insurance [NONE] / Additional Battery [YES],29,1,カート用通常フラグ,SoftBank 601HW [BLACK] Standard 20GB,1,,,,,,,,*,sk/img001.jpg,*,sk/img001.jpg,,,,,,,,,,,,,,,,,,,,,,,0,1,en_sk_029_bt,,1,,5850,6600,,5,,,,,,,,,,,,,,,,,"21,22","NEW rental,SoftBank 601HW 20GB"
1662,5557,378,42,Insurance [NONE] / Additional Battery [YES],30,1,カート用通常フラグ,SoftBank 601HW [BLACK] Standard 20GB,1,,,,,,,,*,sk/img001.jpg,*,sk/img001.jpg,,,,,,,,,,,,,,,,,,,,,,,0,1,en_sk_030_bt,,1,,5850,6600,,5,,,,,,,,,,,,,,,,,"21,22","NEW rental,SoftBank 601HW 20GB"
1662,5561,378,43,Insurance [NONE] / Additional Battery [YES],31,1,カート用通常フラグ,SoftBank 601HW [BLACK] Standard 20GB,1,,,,,,,,*,sk/img001.jpg,*,sk/img001.jpg,,,,,,,,,,,,,,,,,,,,,,,0,1,en_sk_031_bt,,1,,6240,7040,,5,,,,,,,,,,,,,,,,,"21,22","NEW rental,SoftBank 601HW 20GB"
1662,5565,378,44,Insurance [NONE] / Additional Battery [YES],32,1,カート用通常フラグ,SoftBank 601HW [BLACK] Standard 20GB,1,,,,,,,,*,sk/img001.jpg,*,sk/img001.jpg,,,,,,,,,,,,,,,,,,,,,,,0,1,en_sk_032_bt,,1,,6630,7480,,5,,,,,,,,,,,,,,,,,"21,22","NEW rental,SoftBank 601HW 20GB"
1662,5569,378,45,Insurance [NONE] / Additional Battery [YES],33,1,カート用通常フラグ,SoftBank 601HW [BLACK] Standard 20GB,1,,,,,,,,*,sk/img001.jpg,*,sk/img001.jpg,,,,,,,,,,,,,,,,,,,,,,,0,1,en_sk_033_bt,,1,,7020,7920,,5,,,,,,,,,,,,,,,,,"21,22","NEW rental,SoftBank 601HW 20GB"
1662,5573,378,46,Insurance [NONE] / Additional Battery [YES],34,1,カート用通常フラグ,SoftBank 601HW [BLACK] Standard 20GB,1,,,,,,,,*,sk/img001.jpg,*,sk/img001.jpg,,,,,,,,,,,,,,,,,,,,,,,0,1,en_sk_034_bt,,1,,7410,8360,,5,,,,,,,,,,,,,,,,,"21,22","NEW rental,SoftBank 601HW 20GB"
1662,5577,378,47,Insurance [NONE] / Additional Battery [YES],35,1,カート用通常フラグ,SoftBank 601HW [BLACK] Standard 20GB,1,,,,,,,,*,sk/img001.jpg,*,sk/img001.jpg,,,,,,,,,,,,,,,,,,,,,,,0,1,en_sk_035_bt,,1,,7800,8800,,5,,,,,,,,,,,,,,,,,"21,22","NEW rental,SoftBank 601HW 20GB"
1662,5581,378,48,Insurance [NONE] / Additional Battery [YES],36,1,カート用通常フラグ,SoftBank 601HW [BLACK] Standard 20GB,1,,,,,,,,*,sk/img001.jpg,*,sk/img001.jpg,,,,,,,,,,,,,,,,,,,,,,,0,1,en_sk_036_bt,,1,,8190,9240,,5,,,,,,,,,,,,,,,,,"21,22","NEW rental,SoftBank 601HW 20GB"
1662,5585,378,49,Insurance [NONE] / Additional Battery [YES],37,1,カート用通常フラグ,SoftBank 601HW [BLACK] Standard 20GB,1,,,,,,,,*,sk/img001.jpg,*,sk/img001.jpg,,,,,,,,,,,,,,,,,,,,,,,0,1,en_sk_037_bt,,1,,8580,9630,,5,,,,,,,,,,,,,,,,,"21,22","NEW rental,SoftBank 601HW 20GB"
1662,5589,378,50,Insurance [NONE] / Additional Battery [YES],38,1,カート用通常フラグ,SoftBank 601HW [BLACK] Standard 20GB,1,,,,,,,,*,sk/img001.jpg,*,sk/img001.jpg,,,,,,,,,,,,,,,,,,,,,,,0,1,en_sk_038_bt,,1,,8970,10020,,5,,,,,,,,,,,,,,,,,"21,22","NEW rental,SoftBank 601HW 20GB"
1662,5593,378,51,Insurance [NONE] / Additional Battery [YES],39,1,カート用通常フラグ,SoftBank 601HW [BLACK] Standard 20GB,1,,,,,,,,*,sk/img001.jpg,*,sk/img001.jpg,,,,,,,,,,,,,,,,,,,,,,,0,1,en_sk_039_bt,,1,,9360,10410,,5,,,,,,,,,,,,,,,,,"21,22","NEW rental,SoftBank 601HW 20GB"
1662,5597,378,52,Insurance [NONE] / Additional Battery [YES],40,1,カート用通常フラグ,SoftBank 601HW [BLACK] Standard 20GB,1,,,,,,,,*,sk/img001.jpg,*,sk/img001.jpg,,,,,,,,,,,,,,,,,,,,,,,0,1,en_sk_040_bt,,1,,9750,10800,,5,,,,,,,,,,,,,,,,,"21,22","NEW rental,SoftBank 601HW 20GB"
1662,5601,378,53,Insurance [NONE] / Additional Battery [YES],41,1,カート用通常フラグ,SoftBank 601HW [BLACK] Standard 20GB,1,,,,,,,,*,sk/img001.jpg,*,sk/img001.jpg,,,,,,,,,,,,,,,,,,,,,,,0,1,en_sk_041_bt,,1,,10140,11190,,5,,,,,,,,,,,,,,,,,"21,22","NEW rental,SoftBank 601HW 20GB"
1662,5605,378,54,Insurance [NONE] / Additional Battery [YES],42,1,カート用通常フラグ,SoftBank 601HW [BLACK] Standard 20GB,1,,,,,,,,*,sk/img001.jpg,*,sk/img001.jpg,,,,,,,,,,,,,,,,,,,,,,,0,1,en_sk_042_bt,,1,,10400,11450,,5,,,,,,,,,,,,,,,,,"21,22","NEW rental,SoftBank 601HW 20GB"
1662,5609,378,55,Insurance [NONE] / Additional Battery [YES],43,1,カート用通常フラグ,SoftBank 601HW [BLACK] Standard 20GB,1,,,,,,,,*,sk/img001.jpg,*,sk/img001.jpg,,,,,,,,,,,,,,,,,,,,,,,0,1,en_sk_043_bt,,1,,10400,11450,,5,,,,,,,,,,,,,,,,,"21,22","NEW rental,SoftBank 601HW 20GB"
1662,5613,378,56,Insurance [NONE] / Additional Battery [YES],44,1,カート用通常フラグ,SoftBank 601HW [BLACK] Standard 20GB,1,,,,,,,,*,sk/img001.jpg,*,sk/img001.jpg,,,,,,,,,,,,,,,,,,,,,,,0,1,en_sk_044_bt,,1,,10400,11450,,5,,,,,,,,,,,,,,,,,"21,22","NEW rental,SoftBank 601HW 20GB"
1662,5617,378,57,Insurance [NONE] / Additional Battery [YES],45,1,カート用通常フラグ,SoftBank 601HW [BLACK] Standard 20GB,1,,,,,,,,*,sk/img001.jpg,*,sk/img001.jpg,,,,,,,,,,,,,,,,,,,,,,,0,1,en_sk_045_bt,,1,,10400,11450,,5,,,,,,,,,,,,,,,,,"21,22","NEW rental,SoftBank 601HW 20GB"
1662,5621,378,58,Insurance [NONE] / Additional Battery [YES],46,1,カート用通常フラグ,SoftBank 601HW [BLACK] Standard 20GB,1,,,,,,,,*,sk/img001.jpg,*,sk/img001.jpg,,,,,,,,,,,,,,,,,,,,,,,0,1,en_sk_046_bt,,1,,10400,11450,,5,,,,,,,,,,,,,,,,,"21,22","NEW rental,SoftBank 601HW 20GB"
1662,5625,378,59,Insurance [NONE] / Additional Battery [YES],47,1,カート用通常フラグ,SoftBank 601HW [BLACK] Standard 20GB,1,,,,,,,,*,sk/img001.jpg,*,sk/img001.jpg,,,,,,,,,,,,,,,,,,,,,,,0,1,en_sk_047_bt,,1,,10400,11450,,5,,,,,,,,,,,,,,,,,"21,22","NEW rental,SoftBank 601HW 20GB"
1662,5629,378,60,Insurance [NONE] / Additional Battery [YES],48,1,カート用通常フラグ,SoftBank 601HW [BLACK] Standard 20GB,1,,,,,,,,*,sk/img001.jpg,*,sk/img001.jpg,,,,,,,,,,,,,,,,,,,,,,,0,1,en_sk_048_bt,,1,,10400,11450,,5,,,,,,,,,,,,,,,,,"21,22","NEW rental,SoftBank 601HW 20GB"
1662,5633,378,61,Insurance [NONE] / Additional Battery [YES],49,1,カート用通常フラグ,SoftBank 601HW [BLACK] Standard 20GB,1,,,,,,,,*,sk/img001.jpg,*,sk/img001.jpg,,,,,,,,,,,,,,,,,,,,,,,0,1,en_sk_049_bt,,1,,10400,11450,,5,,,,,,,,,,,,,,,,,"21,22","NEW rental,SoftBank 601HW 20GB"
1662,5637,378,62,Insurance [NONE] / Additional Battery [YES],50,1,カート用通常フラグ,SoftBank 601HW [BLACK] Standard 20GB,1,,,,,,,,*,sk/img001.jpg,*,sk/img001.jpg,,,,,,,,,,,,,,,,,,,,,,,0,1,en_sk_050_bt,,1,,10400,11450,,5,,,,,,,,,,,,,,,,,"21,22","NEW rental,SoftBank 601HW 20GB"
1662,5641,378,63,Insurance [NONE] / Additional Battery [YES],51,1,カート用通常フラグ,SoftBank 601HW [BLACK] Standard 20GB,1,,,,,,,,*,sk/img001.jpg,*,sk/img001.jpg,,,,,,,,,,,,,,,,,,,,,,,0,1,en_sk_051_bt,,1,,10400,11450,,5,,,,,,,,,,,,,,,,,"21,22","NEW rental,SoftBank 601HW 20GB"
1662,5645,378,64,Insurance [NONE] / Additional Battery [YES],52,1,カート用通常フラグ,SoftBank 601HW [BLACK] Standard 20GB,1,,,,,,,,*,sk/img001.jpg,*,sk/img001.jpg,,,,,,,,,,,,,,,,,,,,,,,0,1,en_sk_052_bt,,1,,10400,11450,,5,,,,,,,,,,,,,,,,,"21,22","NEW rental,SoftBank 601HW 20GB"
1662,5649,378,65,Insurance [NONE] / Additional Battery [YES],53,1,カート用通常フラグ,SoftBank 601HW [BLACK] Standard 20GB,1,,,,,,,,*,sk/img001.jpg,*,sk/img001.jpg,,,,,,,,,,,,,,,,,,,,,,,0,1,en_sk_053_bt,,1,,10400,11450,,5,,,,,,,,,,,,,,,,,"21,22","NEW rental,SoftBank 601HW 20GB"
1662,5653,378,66,Insurance [NONE] / Additional Battery [YES],54,1,カート用通常フラグ,SoftBank 601HW [BLACK] Standard 20GB,1,,,,,,,,*,sk/img001.jpg,*,sk/img001.jpg,,,,,,,,,,,,,,,,,,,,,,,0,1,en_sk_054_bt,,1,,10400,11450,,5,,,,,,,,,,,,,,,,,"21,22","NEW rental,SoftBank 601HW 20GB"
1662,5657,378,67,Insurance [NONE] / Additional Battery [YES],55,1,カート用通常フラグ,SoftBank 601HW [BLACK] Standard 20GB,1,,,,,,,,*,sk/img001.jpg,*,sk/img001.jpg,,,,,,,,,,,,,,,,,,,,,,,0,1,en_sk_055_bt,,1,,10400,11450,,5,,,,,,,,,,,,,,,,,"21,22","NEW rental,SoftBank 601HW 20GB"
1662,5661,378,68,Insurance [NONE] / Additional Battery [YES],56,1,カート用通常フラグ,SoftBank 601HW [BLACK] Standard 20GB,1,,,,,,,,*,sk/img001.jpg,*,sk/img001.jpg,,,,,,,,,,,,,,,,,,,,,,,0,1,en_sk_056_bt,,1,,10400,11450,,5,,,,,,,,,,,,,,,,,"21,22","NEW rental,SoftBank 601HW 20GB"
1662,5665,378,69,Insurance [NONE] / Additional Battery [YES],57,1,カート用通常フラグ,SoftBank 601HW [BLACK] Standard 20GB,1,,,,,,,,*,sk/img001.jpg,*,sk/img001.jpg,,,,,,,,,,,,,,,,,,,,,,,0,1,en_sk_057_bt,,1,,10400,11450,,5,,,,,,,,,,,,,,,,,"21,22","NEW rental,SoftBank 601HW 20GB"
1662,5669,378,70,Insurance [NONE] / Additional Battery [YES],58,1,カート用通常フラグ,SoftBank 601HW [BLACK] Standard 20GB,1,,,,,,,,*,sk/img001.jpg,*,sk/img001.jpg,,,,,,,,,,,,,,,,,,,,,,,0,1,en_sk_058_bt,,1,,10400,11450,,5,,,,,,,,,,,,,,,,,"21,22","NEW rental,SoftBank 601HW 20GB"
1662,5673,378,71,Insurance [NONE] / Additional Battery [YES],59,1,カート用通常フラグ,SoftBank 601HW [BLACK] Standard 20GB,1,,,,,,,,*,sk/img001.jpg,*,sk/img001.jpg,,,,,,,,,,,,,,,,,,,,,,,0,1,en_sk_059_bt,,1,,10400,11450,,5,,,,,,,,,,,,,,,,,"21,22","NEW rental,SoftBank 601HW 20GB"
1662,5677,378,72,Insurance [NONE] / Additional Battery [YES],60,1,カート用通常フラグ,SoftBank 601HW [BLACK] Standard 20GB,1,,,,,,,,*,sk/img001.jpg,*,sk/img001.jpg,,,,,,,,,,,,,,,,,,,,,,,0,1,en_sk_060_bt,,1,,10400,11450,,5,,,,,,,,,,,,,,,,,"21,22","NEW rental,SoftBank 601HW 20GB"
1662,5681,378,73,Insurance [NONE] / Additional Battery [YES],61,1,カート用通常フラグ,SoftBank 601HW [BLACK] Standard 20GB,1,,,,,,,,*,sk/img001.jpg,*,sk/img001.jpg,,,,,,,,,,,,,,,,,,,,,,,0,1,en_sk_061_bt,,1,,10790,11890,,5,,,,,,,,,,,,,,,,,"21,22","NEW rental,SoftBank 601HW 20GB"
1662,5685,378,74,Insurance [NONE] / Additional Battery [YES],62,1,カート用通常フラグ,SoftBank 601HW [BLACK] Standard 20GB,1,,,,,,,,*,sk/img001.jpg,*,sk/img001.jpg,,,,,,,,,,,,,,,,,,,,,,,0,1,en_sk_062_bt,,1,,11180,12330,,5,,,,,,,,,,,,,,,,,"21,22","NEW rental,SoftBank 601HW 20GB"
1662,5689,378,75,Insurance [NONE] / Additional Battery [YES],63,1,カート用通常フラグ,SoftBank 601HW [BLACK] Standard 20GB,1,,,,,,,,*,sk/img001.jpg,*,sk/img001.jpg,,,,,,,,,,,,,,,,,,,,,,,0,1,en_sk_063_bt,,1,,11570,12770,,5,,,,,,,,,,,,,,,,,"21,22","NEW rental,SoftBank 601HW 20GB"
1662,5693,378,76,Insurance [NONE] / Additional Battery [YES],64,1,カート用通常フラグ,SoftBank 601HW [BLACK] Standard 20GB,1,,,,,,,,*,sk/img001.jpg,*,sk/img001.jpg,,,,,,,,,,,,,,,,,,,,,,,0,1,en_sk_064_bt,,1,,11960,13210,,5,,,,,,,,,,,,,,,,,"21,22","NEW rental,SoftBank 601HW 20GB"
1662,5697,378,77,Insurance [NONE] / Additional Battery [YES],65,1,カート用通常フラグ,SoftBank 601HW [BLACK] Standard 20GB,1,,,,,,,,*,sk/img001.jpg,*,sk/img001.jpg,,,,,,,,,,,,,,,,,,,,,,,0,1,en_sk_065_bt,,1,,12350,13650,,5,,,,,,,,,,,,,,,,,"21,22","NEW rental,SoftBank 601HW 20GB"
1662,5701,378,78,Insurance [NONE] / Additional Battery [YES],66,1,カート用通常フラグ,SoftBank 601HW [BLACK] Standard 20GB,1,,,,,,,,*,sk/img001.jpg,*,sk/img001.jpg,,,,,,,,,,,,,,,,,,,,,,,0,1,en_sk_066_bt,,1,,12740,14090,,5,,,,,,,,,,,,,,,,,"21,22","NEW rental,SoftBank 601HW 20GB"
1662,5705,378,79,Insurance [NONE] / Additional Battery [YES],67,1,カート用通常フラグ,SoftBank 601HW [BLACK] Standard 20GB,1,,,,,,,,*,sk/img001.jpg,*,sk/img001.jpg,,,,,,,,,,,,,,,,,,,,,,,0,1,en_sk_067_bt,,1,,13130,14480,,5,,,,,,,,,,,,,,,,,"21,22","NEW rental,SoftBank 601HW 20GB"
1662,5709,378,80,Insurance [NONE] / Additional Battery [YES],68,1,カート用通常フラグ,SoftBank 601HW [BLACK] Standard 20GB,1,,,,,,,,*,sk/img001.jpg,*,sk/img001.jpg,,,,,,,,,,,,,,,,,,,,,,,0,1,en_sk_068_bt,,1,,13520,14870,,5,,,,,,,,,,,,,,,,,"21,22","NEW rental,SoftBank 601HW 20GB"
1662,5713,378,81,Insurance [NONE] / Additional Battery [YES],69,1,カート用通常フラグ,SoftBank 601HW [BLACK] Standard 20GB,1,,,,,,,,*,sk/img001.jpg,*,sk/img001.jpg,,,,,,,,,,,,,,,,,,,,,,,0,1,en_sk_069_bt,,1,,13910,15260,,5,,,,,,,,,,,,,,,,,"21,22","NEW rental,SoftBank 601HW 20GB"
1662,5717,378,82,Insurance [NONE] / Additional Battery [YES],70,1,カート用通常フラグ,SoftBank 601HW [BLACK] Standard 20GB,1,,,,,,,,*,sk/img001.jpg,*,sk/img001.jpg,,,,,,,,,,,,,,,,,,,,,,,0,1,en_sk_070_bt,,1,,14300,15650,,5,,,,,,,,,,,,,,,,,"21,22","NEW rental,SoftBank 601HW 20GB"
1662,5721,378,83,Insurance [NONE] / Additional Battery [YES],71,1,カート用通常フラグ,SoftBank 601HW [BLACK] Standard 20GB,1,,,,,,,,*,sk/img001.jpg,*,sk/img001.jpg,,,,,,,,,,,,,,,,,,,,,,,0,1,en_sk_071_bt,,1,,14600,15950,,5,,,,,,,,,,,,,,,,,"21,22","NEW rental,SoftBank 601HW 20GB"
1662,5725,378,84,Insurance [NONE] / Additional Battery [YES],72,1,カート用通常フラグ,SoftBank 601HW [BLACK] Standard 20GB,1,,,,,,,,*,sk/img001.jpg,*,sk/img001.jpg,,,,,,,,,,,,,,,,,,,,,,,0,1,en_sk_072_bt,,1,,14600,15950,,5,,,,,,,,,,,,,,,,,"21,22","NEW rental,SoftBank 601HW 20GB"
1662,5729,378,85,Insurance [NONE] / Additional Battery [YES],73,1,カート用通常フラグ,SoftBank 601HW [BLACK] Standard 20GB,1,,,,,,,,*,sk/img001.jpg,*,sk/img001.jpg,,,,,,,,,,,,,,,,,,,,,,,0,1,en_sk_073_bt,,1,,14600,15950,,5,,,,,,,,,,,,,,,,,"21,22","NEW rental,SoftBank 601HW 20GB"
1662,5733,378,86,Insurance [NONE] / Additional Battery [YES],74,1,カート用通常フラグ,SoftBank 601HW [BLACK] Standard 20GB,1,,,,,,,,*,sk/img001.jpg,*,sk/img001.jpg,,,,,,,,,,,,,,,,,,,,,,,0,1,en_sk_074_bt,,1,,14600,15950,,5,,,,,,,,,,,,,,,,,"21,22","NEW rental,SoftBank 601HW 20GB"
1662,5737,378,87,Insurance [NONE] / Additional Battery [YES],75,1,カート用通常フラグ,SoftBank 601HW [BLACK] Standard 20GB,1,,,,,,,,*,sk/img001.jpg,*,sk/img001.jpg,,,,,,,,,,,,,,,,,,,,,,,0,1,en_sk_075_bt,,1,,14600,15950,,5,,,,,,,,,,,,,,,,,"21,22","NEW rental,SoftBank 601HW 20GB"
1662,5741,378,88,Insurance [NONE] / Additional Battery [YES],76,1,カート用通常フラグ,SoftBank 601HW [BLACK] Standard 20GB,1,,,,,,,,*,sk/img001.jpg,*,sk/img001.jpg,,,,,,,,,,,,,,,,,,,,,,,0,1,en_sk_076_bt,,1,,14600,15950,,5,,,,,,,,,,,,,,,,,"21,22","NEW rental,SoftBank 601HW 20GB"
1662,5745,378,89,Insurance [NONE] / Additional Battery [YES],77,1,カート用通常フラグ,SoftBank 601HW [BLACK] Standard 20GB,1,,,,,,,,*,sk/img001.jpg,*,sk/img001.jpg,,,,,,,,,,,,,,,,,,,,,,,0,1,en_sk_077_bt,,1,,14600,15950,,5,,,,,,,,,,,,,,,,,"21,22","NEW rental,SoftBank 601HW 20GB"
1662,5749,378,90,Insurance [NONE] / Additional Battery [YES],78,1,カート用通常フラグ,SoftBank 601HW [BLACK] Standard 20GB,1,,,,,,,,*,sk/img001.jpg,*,sk/img001.jpg,,,,,,,,,,,,,,,,,,,,,,,0,1,en_sk_078_bt,,1,,14600,15950,,5,,,,,,,,,,,,,,,,,"21,22","NEW rental,SoftBank 601HW 20GB"
1662,5753,378,91,Insurance [NONE] / Additional Battery [YES],79,1,カート用通常フラグ,SoftBank 601HW [BLACK] Standard 20GB,1,,,,,,,,*,sk/img001.jpg,*,sk/img001.jpg,,,,,,,,,,,,,,,,,,,,,,,0,1,en_sk_079_bt,,1,,14600,15950,,5,,,,,,,,,,,,,,,,,"21,22","NEW rental,SoftBank 601HW 20GB"
1662,5757,378,92,Insurance [NONE] / Additional Battery [YES],80,1,カート用通常フラグ,SoftBank 601HW [BLACK] Standard 20GB,1,,,,,,,,*,sk/img001.jpg,*,sk/img001.jpg,,,,,,,,,,,,,,,,,,,,,,,0,1,en_sk_080_bt,,1,,14600,15950,,5,,,,,,,,,,,,,,,,,"21,22","NEW rental,SoftBank 601HW 20GB"
1662,5761,378,93,Insurance [NONE] / Additional Battery [YES],81,1,カート用通常フラグ,SoftBank 601HW [BLACK] Standard 20GB,1,,,,,,,,*,sk/img001.jpg,*,sk/img001.jpg,,,,,,,,,,,,,,,,,,,,,,,0,1,en_sk_081_bt,,1,,14600,15950,,5,,,,,,,,,,,,,,,,,"21,22","NEW rental,SoftBank 601HW 20GB"
1662,5765,378,94,Insurance [NONE] / Additional Battery [YES],82,1,カート用通常フラグ,SoftBank 601HW [BLACK] Standard 20GB,1,,,,,,,,*,sk/img001.jpg,*,sk/img001.jpg,,,,,,,,,,,,,,,,,,,,,,,0,1,en_sk_082_bt,,1,,14600,15950,,5,,,,,,,,,,,,,,,,,"21,22","NEW rental,SoftBank 601HW 20GB"
1662,5769,378,95,Insurance [NONE] / Additional Battery [YES],83,1,カート用通常フラグ,SoftBank 601HW [BLACK] Standard 20GB,1,,,,,,,,*,sk/img001.jpg,*,sk/img001.jpg,,,,,,,,,,,,,,,,,,,,,,,0,1,en_sk_083_bt,,1,,14600,15950,,5,,,,,,,,,,,,,,,,,"21,22","NEW rental,SoftBank 601HW 20GB"
1662,5773,378,96,Insurance [NONE] / Additional Battery [YES],84,1,カート用通常フラグ,SoftBank 601HW [BLACK] Standard 20GB,1,,,,,,,,*,sk/img001.jpg,*,sk/img001.jpg,,,,,,,,,,,,,,,,,,,,,,,0,1,en_sk_084_bt,,1,,14600,15950,,5,,,,,,,,,,,,,,,,,"21,22","NEW rental,SoftBank 601HW 20GB"
1662,5777,378,97,Insurance [NONE] / Additional Battery [YES],85,1,カート用通常フラグ,SoftBank 601HW [BLACK] Standard 20GB,1,,,,,,,,*,sk/img001.jpg,*,sk/img001.jpg,,,,,,,,,,,,,,,,,,,,,,,0,1,en_sk_085_bt,,1,,14600,15950,,5,,,,,,,,,,,,,,,,,"21,22","NEW rental,SoftBank 601HW 20GB"
1662,5781,378,98,Insurance [NONE] / Additional Battery [YES],86,1,カート用通常フラグ,SoftBank 601HW [BLACK] Standard 20GB,1,,,,,,,,*,sk/img001.jpg,*,sk/img001.jpg,,,,,,,,,,,,,,,,,,,,,,,0,1,en_sk_086_bt,,1,,14600,15950,,5,,,,,,,,,,,,,,,,,"21,22","NEW rental,SoftBank 601HW 20GB"
1662,5785,378,99,Insurance [NONE] / Additional Battery [YES],87,1,カート用通常フラグ,SoftBank 601HW [BLACK] Standard 20GB,1,,,,,,,,*,sk/img001.jpg,*,sk/img001.jpg,,,,,,,,,,,,,,,,,,,,,,,0,1,en_sk_087_bt,,1,,14600,15950,,5,,,,,,,,,,,,,,,,,"21,22","NEW rental,SoftBank 601HW 20GB"
1662,5789,378,100,Insurance [NONE] / Additional Battery [YES],88,1,カート用通常フラグ,SoftBank 601HW [BLACK] Standard 20GB,1,,,,,,,,*,sk/img001.jpg,*,sk/img001.jpg,,,,,,,,,,,,,,,,,,,,,,,0,1,en_sk_088_bt,,1,,14600,15950,,5,,,,,,,,,,,,,,,,,"21,22","NEW rental,SoftBank 601HW 20GB"
1662,5793,378,101,Insurance [NONE] / Additional Battery [YES],89,1,カート用通常フラグ,SoftBank 601HW [BLACK] Standard 20GB,1,,,,,,,,*,sk/img001.jpg,*,sk/img001.jpg,,,,,,,,,,,,,,,,,,,,,,,0,1,en_sk_089_bt,,1,,14600,15950,,5,,,,,,,,,,,,,,,,,"21,22","NEW rental,SoftBank 601HW 20GB"
1662,5797,378,102,Insurance [NONE] / Additional Battery [YES],90,1,カート用通常フラグ,SoftBank 601HW [BLACK] Standard 20GB,1,,,,,,,,*,sk/img001.jpg,*,sk/img001.jpg,,,,,,,,,,,,,,,,,,,,,,,0,1,en_sk_090_bt,,1,,14600,15950,,5,,,,,,,,,,,,,,,,,"21,22","NEW rental,SoftBank 601HW 20GB"
1662,5801,378,103,Insurance [NONE] / Additional Battery [YES],91,1,カート用通常フラグ,SoftBank 601HW [BLACK] Standard 20GB,1,,,,,,,,*,sk/img001.jpg,*,sk/img001.jpg,,,,,,,,,,,,,,,,,,,,,,,0,1,en_sk_091_bt,,1,,14990,16390,,5,,,,,,,,,,,,,,,,,"21,22","NEW rental,SoftBank 601HW 20GB"
1662,5805,378,104,Insurance [NONE] / Additional Battery [YES],92,1,カート用通常フラグ,SoftBank 601HW [BLACK] Standard 20GB,1,,,,,,,,*,sk/img001.jpg,*,sk/img001.jpg,,,,,,,,,,,,,,,,,,,,,,,0,1,en_sk_092_bt,,1,,15380,16830,,5,,,,,,,,,,,,,,,,,"21,22","NEW rental,SoftBank 601HW 20GB"
1662,5809,378,105,Insurance [NONE] / Additional Battery [YES],93,1,カート用通常フラグ,SoftBank 601HW [BLACK] Standard 20GB,1,,,,,,,,*,sk/img001.jpg,*,sk/img001.jpg,,,,,,,,,,,,,,,,,,,,,,,0,1,en_sk_093_bt,,1,,15770,17270,,5,,,,,,,,,,,,,,,,,"21,22","NEW rental,SoftBank 601HW 20GB"
1662,5813,378,106,Insurance [NONE] / Additional Battery [YES],94,1,カート用通常フラグ,SoftBank 601HW [BLACK] Standard 20GB,1,,,,,,,,*,sk/img001.jpg,*,sk/img001.jpg,,,,,,,,,,,,,,,,,,,,,,,0,1,en_sk_094_bt,,1,,16160,17710,,5,,,,,,,,,,,,,,,,,"21,22","NEW rental,SoftBank 601HW 20GB"
1662,5817,378,107,Insurance [NONE] / Additional Battery [YES],95,1,カート用通常フラグ,SoftBank 601HW [BLACK] Standard 20GB,1,,,,,,,,*,sk/img001.jpg,*,sk/img001.jpg,,,,,,,,,,,,,,,,,,,,,,,0,1,en_sk_095_bt,,1,,16550,18150,,5,,,,,,,,,,,,,,,,,"21,22","NEW rental,SoftBank 601HW 20GB"
1662,5821,378,108,Insurance [NONE] / Additional Battery [YES],96,1,カート用通常フラグ,SoftBank 601HW [BLACK] Standard 20GB,1,,,,,,,,*,sk/img001.jpg,*,sk/img001.jpg,,,,,,,,,,,,,,,,,,,,,,,0,1,en_sk_096_bt,,1,,16940,18590,,5,,,,,,,,,,,,,,,,,"21,22","NEW rental,SoftBank 601HW 20GB"
1662,5825,378,109,Insurance [NONE] / Additional Battery [YES],97,1,カート用通常フラグ,SoftBank 601HW [BLACK] Standard 20GB,1,,,,,,,,*,sk/img001.jpg,*,sk/img001.jpg,,,,,,,,,,,,,,,,,,,,,,,0,1,en_sk_097_bt,,1,,17330,18980,,5,,,,,,,,,,,,,,,,,"21,22","NEW rental,SoftBank 601HW 20GB"
1662,5829,378,110,Insurance [NONE] / Additional Battery [YES],98,1,カート用通常フラグ,SoftBank 601HW [BLACK] Standard 20GB,1,,,,,,,,*,sk/img001.jpg,*,sk/img001.jpg,,,,,,,,,,,,,,,,,,,,,,,0,1,en_sk_098_bt,,1,,17720,19370,,5,,,,,,,,,,,,,,,,,"21,22","NEW rental,SoftBank 601HW 20GB"
1662,5833,378,111,Insurance [NONE] / Additional Battery [YES],99,1,カート用通常フラグ,SoftBank 601HW [BLACK] Standard 20GB,1,,,,,,,,*,sk/img001.jpg,*,sk/img001.jpg,,,,,,,,,,,,,,,,,,,,,,,0,1,en_sk_099_bt,,1,,18110,19760,,5,,,,,,,,,,,,,,,,,"21,22","NEW rental,SoftBank 601HW 20GB"
1662,5837,378,112,Insurance [NONE] / Additional Battery [YES],100,1,カート用通常フラグ,SoftBank 601HW [BLACK] Standard 20GB,1,,,,,,,,*,sk/img001.jpg,*,sk/img001.jpg,,,,,,,,,,,,,,,,,,,,,,,0,1,en_sk_100_bt,,1,,18500,20150,,5,,,,,,,,,,,,,,,,,"21,22","NEW rental,SoftBank 601HW 20GB"
1662,5841,378,113,Insurance [NONE] / Additional Battery [YES],101,1,カート用通常フラグ,SoftBank 601HW [BLACK] Standard 20GB,1,,,,,,,,*,sk/img001.jpg,*,sk/img001.jpg,,,,,,,,,,,,,,,,,,,,,,,0,1,en_sk_101_bt,,1,,18800,20450,,5,,,,,,,,,,,,,,,,,"21,22","NEW rental,SoftBank 601HW 20GB"
1662,5845,378,114,Insurance [NONE] / Additional Battery [YES],102,1,カート用通常フラグ,SoftBank 601HW [BLACK] Standard 20GB,1,,,,,,,,*,sk/img001.jpg,*,sk/img001.jpg,,,,,,,,,,,,,,,,,,,,,,,0,1,en_sk_102_bt,,1,,18800,20450,,5,,,,,,,,,,,,,,,,,"21,22","NEW rental,SoftBank 601HW 20GB"
1662,5849,378,115,Insurance [NONE] / Additional Battery [YES],103,1,カート用通常フラグ,SoftBank 601HW [BLACK] Standard 20GB,1,,,,,,,,*,sk/img001.jpg,*,sk/img001.jpg,,,,,,,,,,,,,,,,,,,,,,,0,1,en_sk_103_bt,,1,,18800,20450,,5,,,,,,,,,,,,,,,,,"21,22","NEW rental,SoftBank 601HW 20GB"
1662,5853,378,116,Insurance [NONE] / Additional Battery [YES],104,1,カート用通常フラグ,SoftBank 601HW [BLACK] Standard 20GB,1,,,,,,,,*,sk/img001.jpg,*,sk/img001.jpg,,,,,,,,,,,,,,,,,,,,,,,0,1,en_sk_104_bt,,1,,18800,20450,,5,,,,,,,,,,,,,,,,,"21,22","NEW rental,SoftBank 601HW 20GB"
1662,5857,378,117,Insurance [NONE] / Additional Battery [YES],105,1,カート用通常フラグ,SoftBank 601HW [BLACK] Standard 20GB,1,,,,,,,,*,sk/img001.jpg,*,sk/img001.jpg,,,,,,,,,,,,,,,,,,,,,,,0,1,en_sk_105_bt,,1,,18800,20450,,5,,,,,,,,,,,,,,,,,"21,22","NEW rental,SoftBank 601HW 20GB"
1662,5861,378,118,Insurance [NONE] / Additional Battery [YES],106,1,カート用通常フラグ,SoftBank 601HW [BLACK] Standard 20GB,1,,,,,,,,*,sk/img001.jpg,*,sk/img001.jpg,,,,,,,,,,,,,,,,,,,,,,,0,1,en_sk_106_bt,,1,,18800,20450,,5,,,,,,,,,,,,,,,,,"21,22","NEW rental,SoftBank 601HW 20GB"
1662,5865,378,119,Insurance [NONE] / Additional Battery [YES],107,1,カート用通常フラグ,SoftBank 601HW [BLACK] Standard 20GB,1,,,,,,,,*,sk/img001.jpg,*,sk/img001.jpg,,,,,,,,,,,,,,,,,,,,,,,0,1,en_sk_107_bt,,1,,18800,20450,,5,,,,,,,,,,,,,,,,,"21,22","NEW rental,SoftBank 601HW 20GB"
1662,5869,378,120,Insurance [NONE] / Additional Battery [YES],108,1,カート用通常フラグ,SoftBank 601HW [BLACK] Standard 20GB,1,,,,,,,,*,sk/img001.jpg,*,sk/img001.jpg,,,,,,,,,,,,,,,,,,,,,,,0,1,en_sk_108_bt,,1,,18800,20450,,5,,,,,,,,,,,,,,,,,"21,22","NEW rental,SoftBank 601HW 20GB"
1662,5873,378,121,Insurance [NONE] / Additional Battery [YES],109,1,カート用通常フラグ,SoftBank 601HW [BLACK] Standard 20GB,1,,,,,,,,*,sk/img001.jpg,*,sk/img001.jpg,,,,,,,,,,,,,,,,,,,,,,,0,1,en_sk_109_bt,,1,,18800,20450,,5,,,,,,,,,,,,,,,,,"21,22","NEW rental,SoftBank 601HW 20GB"
1662,5877,378,122,Insurance [NONE] / Additional Battery [YES],110,1,カート用通常フラグ,SoftBank 601HW [BLACK] Standard 20GB,1,,,,,,,,*,sk/img001.jpg,*,sk/img001.jpg,,,,,,,,,,,,,,,,,,,,,,,0,1,en_sk_110_bt,,1,,18800,20450,,5,,,,,,,,,,,,,,,,,"21,22","NEW rental,SoftBank 601HW 20GB"
1662,5881,378,123,Insurance [NONE] / Additional Battery [YES],111,1,カート用通常フラグ,SoftBank 601HW [BLACK] Standard 20GB,1,,,,,,,,*,sk/img001.jpg,*,sk/img001.jpg,,,,,,,,,,,,,,,,,,,,,,,0,1,en_sk_111_bt,,1,,18800,20450,,5,,,,,,,,,,,,,,,,,"21,22","NEW rental,SoftBank 601HW 20GB"
1662,5885,378,124,Insurance [NONE] / Additional Battery [YES],112,1,カート用通常フラグ,SoftBank 601HW [BLACK] Standard 20GB,1,,,,,,,,*,sk/img001.jpg,*,sk/img001.jpg,,,,,,,,,,,,,,,,,,,,,,,0,1,en_sk_112_bt,,1,,18800,20450,,5,,,,,,,,,,,,,,,,,"21,22","NEW rental,SoftBank 601HW 20GB"
1662,5889,378,125,Insurance [NONE] / Additional Battery [YES],113,1,カート用通常フラグ,SoftBank 601HW [BLACK] Standard 20GB,1,,,,,,,,*,sk/img001.jpg,*,sk/img001.jpg,,,,,,,,,,,,,,,,,,,,,,,0,1,en_sk_113_bt,,1,,18800,20450,,5,,,,,,,,,,,,,,,,,"21,22","NEW rental,SoftBank 601HW 20GB"
1662,5893,378,126,Insurance [NONE] / Additional Battery [YES],114,1,カート用通常フラグ,SoftBank 601HW [BLACK] Standard 20GB,1,,,,,,,,*,sk/img001.jpg,*,sk/img001.jpg,,,,,,,,,,,,,,,,,,,,,,,0,1,en_sk_114_bt,,1,,18800,20450,,5,,,,,,,,,,,,,,,,,"21,22","NEW rental,SoftBank 601HW 20GB"
1662,5897,378,127,Insurance [NONE] / Additional Battery [YES],115,1,カート用通常フラグ,SoftBank 601HW [BLACK] Standard 20GB,1,,,,,,,,*,sk/img001.jpg,*,sk/img001.jpg,,,,,,,,,,,,,,,,,,,,,,,0,1,en_sk_115_bt,,1,,18800,20450,,5,,,,,,,,,,,,,,,,,"21,22","NEW rental,SoftBank 601HW 20GB"
1662,5901,378,128,Insurance [NONE] / Additional Battery [YES],116,1,カート用通常フラグ,SoftBank 601HW [BLACK] Standard 20GB,1,,,,,,,,*,sk/img001.jpg,*,sk/img001.jpg,,,,,,,,,,,,,,,,,,,,,,,0,1,en_sk_116_bt,,1,,18800,20450,,5,,,,,,,,,,,,,,,,,"21,22","NEW rental,SoftBank 601HW 20GB"
1662,5905,378,129,Insurance [NONE] / Additional Battery [YES],117,1,カート用通常フラグ,SoftBank 601HW [BLACK] Standard 20GB,1,,,,,,,,*,sk/img001.jpg,*,sk/img001.jpg,,,,,,,,,,,,,,,,,,,,,,,0,1,en_sk_117_bt,,1,,18800,20450,,5,,,,,,,,,,,,,,,,,"21,22","NEW rental,SoftBank 601HW 20GB"
1662,5909,378,130,Insurance [NONE] / Additional Battery [YES],118,1,カート用通常フラグ,SoftBank 601HW [BLACK] Standard 20GB,1,,,,,,,,*,sk/img001.jpg,*,sk/img001.jpg,,,,,,,,,,,,,,,,,,,,,,,0,1,en_sk_118_bt,,1,,18800,20450,,5,,,,,,,,,,,,,,,,,"21,22","NEW rental,SoftBank 601HW 20GB"
1662,5913,378,131,Insurance [NONE] / Additional Battery [YES],119,1,カート用通常フラグ,SoftBank 601HW [BLACK] Standard 20GB,1,,,,,,,,*,sk/img001.jpg,*,sk/img001.jpg,,,,,,,,,,,,,,,,,,,,,,,0,1,en_sk_119_bt,,1,,18800,20450,,5,,,,,,,,,,,,,,,,,"21,22","NEW rental,SoftBank 601HW 20GB"
1662,5917,378,132,Insurance [NONE] / Additional Battery [YES],120,1,カート用通常フラグ,SoftBank 601HW [BLACK] Standard 20GB,1,,,,,,,,*,sk/img001.jpg,*,sk/img001.jpg,,,,,,,,,,,,,,,,,,,,,,,0,1,en_sk_120_bt,,1,,18800,20450,,5,,,,,,,,,,,,,,,,,"21,22","NEW rental,SoftBank 601HW 20GB"
1662,5921,378,133,Insurance [NONE] / Additional Battery [YES],121,1,カート用通常フラグ,SoftBank 601HW [BLACK] Standard 20GB,1,,,,,,,,*,sk/img001.jpg,*,sk/img001.jpg,,,,,,,,,,,,,,,,,,,,,,,0,1,en_sk_121_bt,,1,,19190,20890,,5,,,,,,,,,,,,,,,,,"21,22","NEW rental,SoftBank 601HW 20GB"
1662,5925,378,134,Insurance [NONE] / Additional Battery [YES],122,1,カート用通常フラグ,SoftBank 601HW [BLACK] Standard 20GB,1,,,,,,,,*,sk/img001.jpg,*,sk/img001.jpg,,,,,,,,,,,,,,,,,,,,,,,0,1,en_sk_122_bt,,1,,19580,21330,,5,,,,,,,,,,,,,,,,,"21,22","NEW rental,SoftBank 601HW 20GB"
1662,5929,378,135,Insurance [NONE] / Additional Battery [YES],123,1,カート用通常フラグ,SoftBank 601HW [BLACK] Standard 20GB,1,,,,,,,,*,sk/img001.jpg,*,sk/img001.jpg,,,,,,,,,,,,,,,,,,,,,,,0,1,en_sk_123_bt,,1,,19970,21770,,5,,,,,,,,,,,,,,,,,"21,22","NEW rental,SoftBank 601HW 20GB"
1662,5933,378,136,Insurance [NONE] / Additional Battery [YES],124,1,カート用通常フラグ,SoftBank 601HW [BLACK] Standard 20GB,1,,,,,,,,*,sk/img001.jpg,*,sk/img001.jpg,,,,,,,,,,,,,,,,,,,,,,,0,1,en_sk_124_bt,,1,,20360,22210,,5,,,,,,,,,,,,,,,,,"21,22","NEW rental,SoftBank 601HW 20GB"
1662,5937,378,137,Insurance [NONE] / Additional Battery [YES],125,1,カート用通常フラグ,SoftBank 601HW [BLACK] Standard 20GB,1,,,,,,,,*,sk/img001.jpg,*,sk/img001.jpg,,,,,,,,,,,,,,,,,,,,,,,0,1,en_sk_125_bt,,1,,20750,22650,,5,,,,,,,,,,,,,,,,,"21,22","NEW rental,SoftBank 601HW 20GB"
1662,5941,378,138,Insurance [NONE] / Additional Battery [YES],126,1,カート用通常フラグ,SoftBank 601HW [BLACK] Standard 20GB,1,,,,,,,,*,sk/img001.jpg,*,sk/img001.jpg,,,,,,,,,,,,,,,,,,,,,,,0,1,en_sk_126_bt,,1,,20800,22750,,5,,,,,,,,,,,,,,,,,"21,22","NEW rental,SoftBank 601HW 20GB"
1662,5945,378,139,Insurance [NONE] / Additional Battery [YES],127,1,カート用通常フラグ,SoftBank 601HW [BLACK] Standard 20GB,1,,,,,,,,*,sk/img001.jpg,*,sk/img001.jpg,,,,,,,,,,,,,,,,,,,,,,,0,1,en_sk_127_bt,,1,,20800,22750,,5,,,,,,,,,,,,,,,,,"21,22","NEW rental,SoftBank 601HW 20GB"
1662,5949,378,140,Insurance [NONE] / Additional Battery [YES],128,1,カート用通常フラグ,SoftBank 601HW [BLACK] Standard 20GB,1,,,,,,,,*,sk/img001.jpg,*,sk/img001.jpg,,,,,,,,,,,,,,,,,,,,,,,0,1,en_sk_128_bt,,1,,20800,22750,,5,,,,,,,,,,,,,,,,,"21,22","NEW rental,SoftBank 601HW 20GB"
1662,5953,378,141,Insurance [NONE] / Additional Battery [YES],129,1,カート用通常フラグ,SoftBank 601HW [BLACK] Standard 20GB,1,,,,,,,,*,sk/img001.jpg,*,sk/img001.jpg,,,,,,,,,,,,,,,,,,,,,,,0,1,en_sk_129_bt,,1,,20800,22750,,5,,,,,,,,,,,,,,,,,"21,22","NEW rental,SoftBank 601HW 20GB"
1662,5957,378,142,Insurance [NONE] / Additional Battery [YES],130,1,カート用通常フラグ,SoftBank 601HW [BLACK] Standard 20GB,1,,,,,,,,*,sk/img001.jpg,*,sk/img001.jpg,,,,,,,,,,,,,,,,,,,,,,,0,1,en_sk_130_bt,,1,,20800,22750,,5,,,,,,,,,,,,,,,,,"21,22","NEW rental,SoftBank 601HW 20GB"
1662,5961,378,143,Insurance [NONE] / Additional Battery [YES],131,1,カート用通常フラグ,SoftBank 601HW [BLACK] Standard 20GB,1,,,,,,,,*,sk/img001.jpg,*,sk/img001.jpg,,,,,,,,,,,,,,,,,,,,,,,0,1,en_sk_131_bt,,1,,20800,22750,,5,,,,,,,,,,,,,,,,,"21,22","NEW rental,SoftBank 601HW 20GB"
1662,5965,378,144,Insurance [NONE] / Additional Battery [YES],132,1,カート用通常フラグ,SoftBank 601HW [BLACK] Standard 20GB,1,,,,,,,,*,sk/img001.jpg,*,sk/img001.jpg,,,,,,,,,,,,,,,,,,,,,,,0,1,en_sk_132_bt,,1,,20800,22750,,5,,,,,,,,,,,,,,,,,"21,22","NEW rental,SoftBank 601HW 20GB"
1662,5969,378,145,Insurance [NONE] / Additional Battery [YES],133,1,カート用通常フラグ,SoftBank 601HW [BLACK] Standard 20GB,1,,,,,,,,*,sk/img001.jpg,*,sk/img001.jpg,,,,,,,,,,,,,,,,,,,,,,,0,1,en_sk_133_bt,,1,,20800,22750,,5,,,,,,,,,,,,,,,,,"21,22","NEW rental,SoftBank 601HW 20GB"
1662,5973,378,146,Insurance [NONE] / Additional Battery [YES],134,1,カート用通常フラグ,SoftBank 601HW [BLACK] Standard 20GB,1,,,,,,,,*,sk/img001.jpg,*,sk/img001.jpg,,,,,,,,,,,,,,,,,,,,,,,0,1,en_sk_134_bt,,1,,20800,22750,,5,,,,,,,,,,,,,,,,,"21,22","NEW rental,SoftBank 601HW 20GB"
1662,5977,378,147,Insurance [NONE] / Additional Battery [YES],135,1,カート用通常フラグ,SoftBank 601HW [BLACK] Standard 20GB,1,,,,,,,,*,sk/img001.jpg,*,sk/img001.jpg,,,,,,,,,,,,,,,,,,,,,,,0,1,en_sk_135_bt,,1,,20800,22750,,5,,,,,,,,,,,,,,,,,"21,22","NEW rental,SoftBank 601HW 20GB"
1662,5981,378,148,Insurance [NONE] / Additional Battery [YES],136,1,カート用通常フラグ,SoftBank 601HW [BLACK] Standard 20GB,1,,,,,,,,*,sk/img001.jpg,*,sk/img001.jpg,,,,,,,,,,,,,,,,,,,,,,,0,1,en_sk_136_bt,,1,,20800,22750,,5,,,,,,,,,,,,,,,,,"21,22","NEW rental,SoftBank 601HW 20GB"
1662,5985,378,149,Insurance [NONE] / Additional Battery [YES],137,1,カート用通常フラグ,SoftBank 601HW [BLACK] Standard 20GB,1,,,,,,,,*,sk/img001.jpg,*,sk/img001.jpg,,,,,,,,,,,,,,,,,,,,,,,0,1,en_sk_137_bt,,1,,20800,22750,,5,,,,,,,,,,,,,,,,,"21,22","NEW rental,SoftBank 601HW 20GB"
1662,5989,378,150,Insurance [NONE] / Additional Battery [YES],138,1,カート用通常フラグ,SoftBank 601HW [BLACK] Standard 20GB,1,,,,,,,,*,sk/img001.jpg,*,sk/img001.jpg,,,,,,,,,,,,,,,,,,,,,,,0,1,en_sk_138_bt,,1,,20800,22750,,5,,,,,,,,,,,,,,,,,"21,22","NEW rental,SoftBank 601HW 20GB"
1662,5993,378,151,Insurance [NONE] / Additional Battery [YES],139,1,カート用通常フラグ,SoftBank 601HW [BLACK] Standard 20GB,1,,,,,,,,*,sk/img001.jpg,*,sk/img001.jpg,,,,,,,,,,,,,,,,,,,,,,,0,1,en_sk_139_bt,,1,,20800,22750,,5,,,,,,,,,,,,,,,,,"21,22","NEW rental,SoftBank 601HW 20GB"
1662,5997,378,152,Insurance [NONE] / Additional Battery [YES],140,1,カート用通常フラグ,SoftBank 601HW [BLACK] Standard 20GB,1,,,,,,,,*,sk/img001.jpg,*,sk/img001.jpg,,,,,,,,,,,,,,,,,,,,,,,0,1,en_sk_140_bt,,1,,20800,22750,,5,,,,,,,,,,,,,,,,,"21,22","NEW rental,SoftBank 601HW 20GB"
1662,6001,378,153,Insurance [NONE] / Additional Battery [YES],141,1,カート用通常フラグ,SoftBank 601HW [BLACK] Standard 20GB,1,,,,,,,,*,sk/img001.jpg,*,sk/img001.jpg,,,,,,,,,,,,,,,,,,,,,,,0,1,en_sk_141_bt,,1,,20800,22750,,5,,,,,,,,,,,,,,,,,"21,22","NEW rental,SoftBank 601HW 20GB"
1662,6005,378,154,Insurance [NONE] / Additional Battery [YES],142,1,カート用通常フラグ,SoftBank 601HW [BLACK] Standard 20GB,1,,,,,,,,*,sk/img001.jpg,*,sk/img001.jpg,,,,,,,,,,,,,,,,,,,,,,,0,1,en_sk_142_bt,,1,,20800,22750,,5,,,,,,,,,,,,,,,,,"21,22","NEW rental,SoftBank 601HW 20GB"
1662,6009,378,155,Insurance [NONE] / Additional Battery [YES],143,1,カート用通常フラグ,SoftBank 601HW [BLACK] Standard 20GB,1,,,,,,,,*,sk/img001.jpg,*,sk/img001.jpg,,,,,,,,,,,,,,,,,,,,,,,0,1,en_sk_143_bt,,1,,20800,22750,,5,,,,,,,,,,,,,,,,,"21,22","NEW rental,SoftBank 601HW 20GB"
1662,6013,378,156,Insurance [NONE] / Additional Battery [YES],144,1,カート用通常フラグ,SoftBank 601HW [BLACK] Standard 20GB,1,,,,,,,,*,sk/img001.jpg,*,sk/img001.jpg,,,,,,,,,,,,,,,,,,,,,,,0,1,en_sk_144_bt,,1,,20800,22750,,5,,,,,,,,,,,,,,,,,"21,22","NEW rental,SoftBank 601HW 20GB"
1662,6017,378,157,Insurance [NONE] / Additional Battery [YES],145,1,カート用通常フラグ,SoftBank 601HW [BLACK] Standard 20GB,1,,,,,,,,*,sk/img001.jpg,*,sk/img001.jpg,,,,,,,,,,,,,,,,,,,,,,,0,1,en_sk_145_bt,,1,,20800,22750,,5,,,,,,,,,,,,,,,,,"21,22","NEW rental,SoftBank 601HW 20GB"
1662,6021,378,158,Insurance [NONE] / Additional Battery [YES],146,1,カート用通常フラグ,SoftBank 601HW [BLACK] Standard 20GB,1,,,,,,,,*,sk/img001.jpg,*,sk/img001.jpg,,,,,,,,,,,,,,,,,,,,,,,0,1,en_sk_146_bt,,1,,20800,22750,,5,,,,,,,,,,,,,,,,,"21,22","NEW rental,SoftBank 601HW 20GB"
1662,6025,378,159,Insurance [NONE] / Additional Battery [YES],147,1,カート用通常フラグ,SoftBank 601HW [BLACK] Standard 20GB,1,,,,,,,,*,sk/img001.jpg,*,sk/img001.jpg,,,,,,,,,,,,,,,,,,,,,,,0,1,en_sk_147_bt,,1,,20800,22750,,5,,,,,,,,,,,,,,,,,"21,22","NEW rental,SoftBank 601HW 20GB"
1662,6029,378,160,Insurance [NONE] / Additional Battery [YES],148,1,カート用通常フラグ,SoftBank 601HW [BLACK] Standard 20GB,1,,,,,,,,*,sk/img001.jpg,*,sk/img001.jpg,,,,,,,,,,,,,,,,,,,,,,,0,1,en_sk_148_bt,,1,,20800,22750,,5,,,,,,,,,,,,,,,,,"21,22","NEW rental,SoftBank 601HW 20GB"
1662,6033,378,161,Insurance [NONE] / Additional Battery [YES],149,1,カート用通常フラグ,SoftBank 601HW [BLACK] Standard 20GB,1,,,,,,,,*,sk/img001.jpg,*,sk/img001.jpg,,,,,,,,,,,,,,,,,,,,,,,0,1,en_sk_149_bt,,1,,20800,22750,,5,,,,,,,,,,,,,,,,,"21,22","NEW rental,SoftBank 601HW 20GB"
1662,6037,378,162,Insurance [NONE] / Additional Battery [YES],150,1,カート用通常フラグ,SoftBank 601HW [BLACK] Standard 20GB,1,,,,,,,,*,sk/img001.jpg,*,sk/img001.jpg,,,,,,,,,,,,,,,,,,,,,,,0,1,en_sk_150_bt,,1,,20800,22750,,5,,,,,,,,,,,,,,,,,"21,22","NEW rental,SoftBank 601HW 20GB"
1662,6041,378,163,Insurance [NONE] / Additional Battery [YES],151,1,カート用通常フラグ,SoftBank 601HW [BLACK] Standard 20GB,1,,,,,,,,*,sk/img001.jpg,*,sk/img001.jpg,,,,,,,,,,,,,,,,,,,,,,,0,1,en_sk_151_bt,,1,,21190,23190,,5,,,,,,,,,,,,,,,,,"21,22","NEW rental,SoftBank 601HW 20GB"
1662,6045,378,164,Insurance [NONE] / Additional Battery [YES],152,1,カート用通常フラグ,SoftBank 601HW [BLACK] Standard 20GB,1,,,,,,,,*,sk/img001.jpg,*,sk/img001.jpg,,,,,,,,,,,,,,,,,,,,,,,0,1,en_sk_152_bt,,1,,21580,23630,,5,,,,,,,,,,,,,,,,,"21,22","NEW rental,SoftBank 601HW 20GB"
1662,6049,378,165,Insurance [NONE] / Additional Battery [YES],153,1,カート用通常フラグ,SoftBank 601HW [BLACK] Standard 20GB,1,,,,,,,,*,sk/img001.jpg,*,sk/img001.jpg,,,,,,,,,,,,,,,,,,,,,,,0,1,en_sk_153_bt,,1,,21970,24070,,5,,,,,,,,,,,,,,,,,"21,22","NEW rental,SoftBank 601HW 20GB"
1662,6053,378,166,Insurance [NONE] / Additional Battery [YES],154,1,カート用通常フラグ,SoftBank 601HW [BLACK] Standard 20GB,1,,,,,,,,*,sk/img001.jpg,*,sk/img001.jpg,,,,,,,,,,,,,,,,,,,,,,,0,1,en_sk_154_bt,,1,,22360,24510,,5,,,,,,,,,,,,,,,,,"21,22","NEW rental,SoftBank 601HW 20GB"
1662,6057,378,167,Insurance [NONE] / Additional Battery [YES],155,1,カート用通常フラグ,SoftBank 601HW [BLACK] Standard 20GB,1,,,,,,,,*,sk/img001.jpg,*,sk/img001.jpg,,,,,,,,,,,,,,,,,,,,,,,0,1,en_sk_155_bt,,1,,22750,24950,,5,,,,,,,,,,,,,,,,,"21,22","NEW rental,SoftBank 601HW 20GB"
1662,6061,378,168,Insurance [NONE] / Additional Battery [YES],156,1,カート用通常フラグ,SoftBank 601HW [BLACK] Standard 20GB,1,,,,,,,,*,sk/img001.jpg,*,sk/img001.jpg,,,,,,,,,,,,,,,,,,,,,,,0,1,en_sk_156_bt,,1,,22800,25050,,5,,,,,,,,,,,,,,,,,"21,22","NEW rental,SoftBank 601HW 20GB"
1662,6065,378,169,Insurance [NONE] / Additional Battery [YES],157,1,カート用通常フラグ,SoftBank 601HW [BLACK] Standard 20GB,1,,,,,,,,*,sk/img001.jpg,*,sk/img001.jpg,,,,,,,,,,,,,,,,,,,,,,,0,1,en_sk_157_bt,,1,,22800,25050,,5,,,,,,,,,,,,,,,,,"21,22","NEW rental,SoftBank 601HW 20GB"
1662,6069,378,170,Insurance [NONE] / Additional Battery [YES],158,1,カート用通常フラグ,SoftBank 601HW [BLACK] Standard 20GB,1,,,,,,,,*,sk/img001.jpg,*,sk/img001.jpg,,,,,,,,,,,,,,,,,,,,,,,0,1,en_sk_158_bt,,1,,22800,25050,,5,,,,,,,,,,,,,,,,,"21,22","NEW rental,SoftBank 601HW 20GB"
1662,6073,378,171,Insurance [NONE] / Additional Battery [YES],159,1,カート用通常フラグ,SoftBank 601HW [BLACK] Standard 20GB,1,,,,,,,,*,sk/img001.jpg,*,sk/img001.jpg,,,,,,,,,,,,,,,,,,,,,,,0,1,en_sk_159_bt,,1,,22800,25050,,5,,,,,,,,,,,,,,,,,"21,22","NEW rental,SoftBank 601HW 20GB"
1662,6077,378,172,Insurance [NONE] / Additional Battery [YES],160,1,カート用通常フラグ,SoftBank 601HW [BLACK] Standard 20GB,1,,,,,,,,*,sk/img001.jpg,*,sk/img001.jpg,,,,,,,,,,,,,,,,,,,,,,,0,1,en_sk_160_bt,,1,,22800,25050,,5,,,,,,,,,,,,,,,,,"21,22","NEW rental,SoftBank 601HW 20GB"
1662,6081,378,173,Insurance [NONE] / Additional Battery [YES],161,1,カート用通常フラグ,SoftBank 601HW [BLACK] Standard 20GB,1,,,,,,,,*,sk/img001.jpg,*,sk/img001.jpg,,,,,,,,,,,,,,,,,,,,,,,0,1,en_sk_161_bt,,1,,22800,25050,,5,,,,,,,,,,,,,,,,,"21,22","NEW rental,SoftBank 601HW 20GB"
1662,6085,378,174,Insurance [NONE] / Additional Battery [YES],162,1,カート用通常フラグ,SoftBank 601HW [BLACK] Standard 20GB,1,,,,,,,,*,sk/img001.jpg,*,sk/img001.jpg,,,,,,,,,,,,,,,,,,,,,,,0,1,en_sk_162_bt,,1,,22800,25050,,5,,,,,,,,,,,,,,,,,"21,22","NEW rental,SoftBank 601HW 20GB"
1662,6089,378,175,Insurance [NONE] / Additional Battery [YES],163,1,カート用通常フラグ,SoftBank 601HW [BLACK] Standard 20GB,1,,,,,,,,*,sk/img001.jpg,*,sk/img001.jpg,,,,,,,,,,,,,,,,,,,,,,,0,1,en_sk_163_bt,,1,,22800,25050,,5,,,,,,,,,,,,,,,,,"21,22","NEW rental,SoftBank 601HW 20GB"
1662,6093,378,176,Insurance [NONE] / Additional Battery [YES],164,1,カート用通常フラグ,SoftBank 601HW [BLACK] Standard 20GB,1,,,,,,,,*,sk/img001.jpg,*,sk/img001.jpg,,,,,,,,,,,,,,,,,,,,,,,0,1,en_sk_164_bt,,1,,22800,25050,,5,,,,,,,,,,,,,,,,,"21,22","NEW rental,SoftBank 601HW 20GB"
1662,6097,378,177,Insurance [NONE] / Additional Battery [YES],165,1,カート用通常フラグ,SoftBank 601HW [BLACK] Standard 20GB,1,,,,,,,,*,sk/img001.jpg,*,sk/img001.jpg,,,,,,,,,,,,,,,,,,,,,,,0,1,en_sk_165_bt,,1,,22800,25050,,5,,,,,,,,,,,,,,,,,"21,22","NEW rental,SoftBank 601HW 20GB"
1662,6101,378,178,Insurance [NONE] / Additional Battery [YES],166,1,カート用通常フラグ,SoftBank 601HW [BLACK] Standard 20GB,1,,,,,,,,*,sk/img001.jpg,*,sk/img001.jpg,,,,,,,,,,,,,,,,,,,,,,,0,1,en_sk_166_bt,,1,,22800,25050,,5,,,,,,,,,,,,,,,,,"21,22","NEW rental,SoftBank 601HW 20GB"
1662,6105,378,179,Insurance [NONE] / Additional Battery [YES],167,1,カート用通常フラグ,SoftBank 601HW [BLACK] Standard 20GB,1,,,,,,,,*,sk/img001.jpg,*,sk/img001.jpg,,,,,,,,,,,,,,,,,,,,,,,0,1,en_sk_167_bt,,1,,22800,25050,,5,,,,,,,,,,,,,,,,,"21,22","NEW rental,SoftBank 601HW 20GB"
1662,6109,378,180,Insurance [NONE] / Additional Battery [YES],168,1,カート用通常フラグ,SoftBank 601HW [BLACK] Standard 20GB,1,,,,,,,,*,sk/img001.jpg,*,sk/img001.jpg,,,,,,,,,,,,,,,,,,,,,,,0,1,en_sk_168_bt,,1,,22800,25050,,5,,,,,,,,,,,,,,,,,"21,22","NEW rental,SoftBank 601HW 20GB"
1662,6113,378,181,Insurance [NONE] / Additional Battery [YES],169,1,カート用通常フラグ,SoftBank 601HW [BLACK] Standard 20GB,1,,,,,,,,*,sk/img001.jpg,*,sk/img001.jpg,,,,,,,,,,,,,,,,,,,,,,,0,1,en_sk_169_bt,,1,,22800,25050,,5,,,,,,,,,,,,,,,,,"21,22","NEW rental,SoftBank 601HW 20GB"
1662,6117,378,182,Insurance [NONE] / Additional Battery [YES],170,1,カート用通常フラグ,SoftBank 601HW [BLACK] Standard 20GB,1,,,,,,,,*,sk/img001.jpg,*,sk/img001.jpg,,,,,,,,,,,,,,,,,,,,,,,0,1,en_sk_170_bt,,1,,22800,25050,,5,,,,,,,,,,,,,,,,,"21,22","NEW rental,SoftBank 601HW 20GB"
1662,6121,378,183,Insurance [NONE] / Additional Battery [YES],171,1,カート用通常フラグ,SoftBank 601HW [BLACK] Standard 20GB,1,,,,,,,,*,sk/img001.jpg,*,sk/img001.jpg,,,,,,,,,,,,,,,,,,,,,,,0,1,en_sk_171_bt,,1,,22800,25050,,5,,,,,,,,,,,,,,,,,"21,22","NEW rental,SoftBank 601HW 20GB"
1662,6125,378,184,Insurance [NONE] / Additional Battery [YES],172,1,カート用通常フラグ,SoftBank 601HW [BLACK] Standard 20GB,1,,,,,,,,*,sk/img001.jpg,*,sk/img001.jpg,,,,,,,,,,,,,,,,,,,,,,,0,1,en_sk_172_bt,,1,,22800,25050,,5,,,,,,,,,,,,,,,,,"21,22","NEW rental,SoftBank 601HW 20GB"
1662,6129,378,185,Insurance [NONE] / Additional Battery [YES],173,1,カート用通常フラグ,SoftBank 601HW [BLACK] Standard 20GB,1,,,,,,,,*,sk/img001.jpg,*,sk/img001.jpg,,,,,,,,,,,,,,,,,,,,,,,0,1,en_sk_173_bt,,1,,22800,25050,,5,,,,,,,,,,,,,,,,,"21,22","NEW rental,SoftBank 601HW 20GB"
1662,6133,378,186,Insurance [NONE] / Additional Battery [YES],174,1,カート用通常フラグ,SoftBank 601HW [BLACK] Standard 20GB,1,,,,,,,,*,sk/img001.jpg,*,sk/img001.jpg,,,,,,,,,,,,,,,,,,,,,,,0,1,en_sk_174_bt,,1,,22800,25050,,5,,,,,,,,,,,,,,,,,"21,22","NEW rental,SoftBank 601HW 20GB"
1662,6137,378,187,Insurance [NONE] / Additional Battery [YES],175,1,カート用通常フラグ,SoftBank 601HW [BLACK] Standard 20GB,1,,,,,,,,*,sk/img001.jpg,*,sk/img001.jpg,,,,,,,,,,,,,,,,,,,,,,,0,1,en_sk_175_bt,,1,,22800,25050,,5,,,,,,,,,,,,,,,,,"21,22","NEW rental,SoftBank 601HW 20GB"
1662,6141,378,188,Insurance [NONE] / Additional Battery [YES],176,1,カート用通常フラグ,SoftBank 601HW [BLACK] Standard 20GB,1,,,,,,,,*,sk/img001.jpg,*,sk/img001.jpg,,,,,,,,,,,,,,,,,,,,,,,0,1,en_sk_176_bt,,1,,22800,25050,,5,,,,,,,,,,,,,,,,,"21,22","NEW rental,SoftBank 601HW 20GB"
1662,6145,378,189,Insurance [NONE] / Additional Battery [YES],177,1,カート用通常フラグ,SoftBank 601HW [BLACK] Standard 20GB,1,,,,,,,,*,sk/img001.jpg,*,sk/img001.jpg,,,,,,,,,,,,,,,,,,,,,,,0,1,en_sk_177_bt,,1,,22800,25050,,5,,,,,,,,,,,,,,,,,"21,22","NEW rental,SoftBank 601HW 20GB"
1662,6149,378,190,Insurance [NONE] / Additional Battery [YES],178,1,カート用通常フラグ,SoftBank 601HW [BLACK] Standard 20GB,1,,,,,,,,*,sk/img001.jpg,*,sk/img001.jpg,,,,,,,,,,,,,,,,,,,,,,,0,1,en_sk_178_bt,,1,,22800,25050,,5,,,,,,,,,,,,,,,,,"21,22","NEW rental,SoftBank 601HW 20GB"
1662,6153,378,191,Insurance [NONE] / Additional Battery [YES],179,1,カート用通常フラグ,SoftBank 601HW [BLACK] Standard 20GB,1,,,,,,,,*,sk/img001.jpg,*,sk/img001.jpg,,,,,,,,,,,,,,,,,,,,,,,0,1,en_sk_179_bt,,1,,22800,25050,,5,,,,,,,,,,,,,,,,,"21,22","NEW rental,SoftBank 601HW 20GB"
1662,6157,378,192,Insurance [NONE] / Additional Battery [YES],180,1,カート用通常フラグ,SoftBank 601HW [BLACK] Standard 20GB,1,,,,,,,,*,sk/img001.jpg,*,sk/img001.jpg,,,,,,,,,,,,,,,,,,,,,,,0,1,en_sk_180_bt,,1,,22800,25050,,5,,,,,,,,,,,,,,,,,"21,22","NEW rental,SoftBank 601HW 20GB"
1662,6161,378,193,Insurance [NONE] / Additional Battery [YES],181,1,カート用通常フラグ,SoftBank 601HW [BLACK] Standard 20GB,1,,,,,,,,*,sk/img001.jpg,*,sk/img001.jpg,,,,,,,,,,,,,,,,,,,,,,,0,1,en_sk_181_bt,,1,,23190,25490,,5,,,,,,,,,,,,,,,,,"21,22","NEW rental,SoftBank 601HW 20GB"
1662,6165,378,194,Insurance [NONE] / Additional Battery [YES],182,1,カート用通常フラグ,SoftBank 601HW [BLACK] Standard 20GB,1,,,,,,,,*,sk/img001.jpg,*,sk/img001.jpg,,,,,,,,,,,,,,,,,,,,,,,0,1,en_sk_182_bt,,1,,23580,25930,,5,,,,,,,,,,,,,,,,,"21,22","NEW rental,SoftBank 601HW 20GB"
1662,6169,378,195,Insurance [NONE] / Additional Battery [YES],183,1,カート用通常フラグ,SoftBank 601HW [BLACK] Standard 20GB,1,,,,,,,,*,sk/img001.jpg,*,sk/img001.jpg,,,,,,,,,,,,,,,,,,,,,,,0,1,en_sk_183_bt,,1,,23970,26370,,5,,,,,,,,,,,,,,,,,"21,22","NEW rental,SoftBank 601HW 20GB"
1662,6173,378,196,Insurance [NONE] / Additional Battery [YES],184,1,カート用通常フラグ,SoftBank 601HW [BLACK] Standard 20GB,1,,,,,,,,*,sk/img001.jpg,*,sk/img001.jpg,,,,,,,,,,,,,,,,,,,,,,,0,1,en_sk_184_bt,,1,,24360,26810,,5,,,,,,,,,,,,,,,,,"21,22","NEW rental,SoftBank 601HW 20GB"
1662,6177,378,197,Insurance [NONE] / Additional Battery [YES],185,1,カート用通常フラグ,SoftBank 601HW [BLACK] Standard 20GB,1,,,,,,,,*,sk/img001.jpg,*,sk/img001.jpg,,,,,,,,,,,,,,,,,,,,,,,0,1,en_sk_185_bt,,1,,24750,27250,,5,,,,,,,,,,,,,,,,,"21,22","NEW rental,SoftBank 601HW 20GB"
1662,6181,378,198,Insurance [NONE] / Additional Battery [YES],186,1,カート用通常フラグ,SoftBank 601HW [BLACK] Standard 20GB,1,,,,,,,,*,sk/img001.jpg,*,sk/img001.jpg,,,,,,,,,,,,,,,,,,,,,,,0,1,en_sk_186_bt,,1,,25140,27690,,5,,,,,,,,,,,,,,,,,"21,22","NEW rental,SoftBank 601HW 20GB"
1662,6185,378,199,Insurance [NONE] / Additional Battery [YES],187,1,カート用通常フラグ,SoftBank 601HW [BLACK] Standard 20GB,1,,,,,,,,*,sk/img001.jpg,*,sk/img001.jpg,,,,,,,,,,,,,,,,,,,,,,,0,1,en_sk_187_bt,,1,,25530,28130,,5,,,,,,,,,,,,,,,,,"21,22","NEW rental,SoftBank 601HW 20GB"
1662,6189,378,200,Insurance [NONE] / Additional Battery [YES],188,1,カート用通常フラグ,SoftBank 601HW [BLACK] Standard 20GB,1,,,,,,,,*,sk/img001.jpg,*,sk/img001.jpg,,,,,,,,,,,,,,,,,,,,,,,0,1,en_sk_188_bt,,1,,25920,28570,,5,,,,,,,,,,,,,,,,,"21,22","NEW rental,SoftBank 601HW 20GB"
1662,6193,378,201,Insurance [NONE] / Additional Battery [YES],189,1,カート用通常フラグ,SoftBank 601HW [BLACK] Standard 20GB,1,,,,,,,,*,sk/img001.jpg,*,sk/img001.jpg,,,,,,,,,,,,,,,,,,,,,,,0,1,en_sk_189_bt,,1,,26310,29010,,5,,,,,,,,,,,,,,,,,"21,22","NEW rental,SoftBank 601HW 20GB"
1662,6197,378,202,Insurance [NONE] / Additional Battery [YES],190,1,カート用通常フラグ,SoftBank 601HW [BLACK] Standard 20GB,1,,,,,,,,*,sk/img001.jpg,*,sk/img001.jpg,,,,,,,,,,,,,,,,,,,,,,,0,1,en_sk_190_bt,,1,,26700,29450,,5,,,,,,,,,,,,,,,,,"21,22","NEW rental,SoftBank 601HW 20GB"
1662,6201,378,203,Insurance [NONE] / Additional Battery [YES],191,1,カート用通常フラグ,SoftBank 601HW [BLACK] Standard 20GB,1,,,,,,,,*,sk/img001.jpg,*,sk/img001.jpg,,,,,,,,,,,,,,,,,,,,,,,0,1,en_sk_191_bt,,1,,27090,29890,,5,,,,,,,,,,,,,,,,,"21,22","NEW rental,SoftBank 601HW 20GB"
1662,6205,378,204,Insurance [NONE] / Additional Battery [YES],192,1,カート用通常フラグ,SoftBank 601HW [BLACK] Standard 20GB,1,,,,,,,,*,sk/img001.jpg,*,sk/img001.jpg,,,,,,,,,,,,,,,,,,,,,,,0,1,en_sk_192_bt,,1,,27480,30330,,5,,,,,,,,,,,,,,,,,"21,22","NEW rental,SoftBank 601HW 20GB"
1662,6209,378,205,Insurance [NONE] / Additional Battery [YES],193,1,カート用通常フラグ,SoftBank 601HW [BLACK] Standard 20GB,1,,,,,,,,*,sk/img001.jpg,*,sk/img001.jpg,,,,,,,,,,,,,,,,,,,,,,,0,1,en_sk_193_bt,,1,,27870,30770,,5,,,,,,,,,,,,,,,,,"21,22","NEW rental,SoftBank 601HW 20GB"
1662,6213,378,206,Insurance [NONE] / Additional Battery [YES],194,1,カート用通常フラグ,SoftBank 601HW [BLACK] Standard 20GB,1,,,,,,,,*,sk/img001.jpg,*,sk/img001.jpg,,,,,,,,,,,,,,,,,,,,,,,0,1,en_sk_194_bt,,1,,28260,31210,,5,,,,,,,,,,,,,,,,,"21,22","NEW rental,SoftBank 601HW 20GB"
1662,6217,378,207,Insurance [NONE] / Additional Battery [YES],195,1,カート用通常フラグ,SoftBank 601HW [BLACK] Standard 20GB,1,,,,,,,,*,sk/img001.jpg,*,sk/img001.jpg,,,,,,,,,,,,,,,,,,,,,,,0,1,en_sk_195_bt,,1,,28650,31650,,5,,,,,,,,,,,,,,,,,"21,22","NEW rental,SoftBank 601HW 20GB"
1662,6221,378,208,Insurance [NONE] / Additional Battery [YES],196,1,カート用通常フラグ,SoftBank 601HW [BLACK] Standard 20GB,1,,,,,,,,*,sk/img001.jpg,*,sk/img001.jpg,,,,,,,,,,,,,,,,,,,,,,,0,1,en_sk_196_bt,,1,,28650,31650,,5,,,,,,,,,,,,,,,,,"21,22","NEW rental,SoftBank 601HW 20GB"
1662,6225,378,209,Insurance [NONE] / Additional Battery [YES],197,1,カート用通常フラグ,SoftBank 601HW [BLACK] Standard 20GB,1,,,,,,,,*,sk/img001.jpg,*,sk/img001.jpg,,,,,,,,,,,,,,,,,,,,,,,0,1,en_sk_197_bt,,1,,28650,31650,,5,,,,,,,,,,,,,,,,,"21,22","NEW rental,SoftBank 601HW 20GB"
1662,6229,378,210,Insurance [NONE] / Additional Battery [YES],198,1,カート用通常フラグ,SoftBank 601HW [BLACK] Standard 20GB,1,,,,,,,,*,sk/img001.jpg,*,sk/img001.jpg,,,,,,,,,,,,,,,,,,,,,,,0,1,en_sk_198_bt,,1,,28650,31650,,5,,,,,,,,,,,,,,,,,"21,22","NEW rental,SoftBank 601HW 20GB"
1662,6233,378,211,Insurance [NONE] / Additional Battery [YES],199,1,カート用通常フラグ,SoftBank 601HW [BLACK] Standard 20GB,1,,,,,,,,*,sk/img001.jpg,*,sk/img001.jpg,,,,,,,,,,,,,,,,,,,,,,,0,1,en_sk_199_bt,,1,,28650,31650,,5,,,,,,,,,,,,,,,,,"21,22","NEW rental,SoftBank 601HW 20GB"
1662,6237,378,212,Insurance [NONE] / Additional Battery [YES],200,1,カート用通常フラグ,SoftBank 601HW [BLACK] Standard 20GB,1,,,,,,,,*,sk/img001.jpg,*,sk/img001.jpg,,,,,,,,,,,,,,,,,,,,,,,0,1,en_sk_200_bt,,1,,28650,31650,,5,,,,,,,,,,,,,,,,,"21,22","NEW rental,SoftBank 601HW 20GB"
1662,6241,378,213,Insurance [NONE] / Additional Battery [YES],201,1,カート用通常フラグ,SoftBank 601HW [BLACK] Standard 20GB,1,,,,,,,,*,sk/img001.jpg,*,sk/img001.jpg,,,,,,,,,,,,,,,,,,,,,,,0,1,en_sk_201_bt,,1,,28650,31650,,5,,,,,,,,,,,,,,,,,"21,22","NEW rental,SoftBank 601HW 20GB"
1662,6245,378,214,Insurance [NONE] / Additional Battery [YES],202,1,カート用通常フラグ,SoftBank 601HW [BLACK] Standard 20GB,1,,,,,,,,*,sk/img001.jpg,*,sk/img001.jpg,,,,,,,,,,,,,,,,,,,,,,,0,1,en_sk_202_bt,,1,,28650,31650,,5,,,,,,,,,,,,,,,,,"21,22","NEW rental,SoftBank 601HW 20GB"
1662,6249,378,215,Insurance [NONE] / Additional Battery [YES],203,1,カート用通常フラグ,SoftBank 601HW [BLACK] Standard 20GB,1,,,,,,,,*,sk/img001.jpg,*,sk/img001.jpg,,,,,,,,,,,,,,,,,,,,,,,0,1,en_sk_203_bt,,1,,28650,31650,,5,,,,,,,,,,,,,,,,,"21,22","NEW rental,SoftBank 601HW 20GB"
1662,6253,378,216,Insurance [NONE] / Additional Battery [YES],204,1,カート用通常フラグ,SoftBank 601HW [BLACK] Standard 20GB,1,,,,,,,,*,sk/img001.jpg,*,sk/img001.jpg,,,,,,,,,,,,,,,,,,,,,,,0,1,en_sk_204_bt,,1,,28650,31650,,5,,,,,,,,,,,,,,,,,"21,22","NEW rental,SoftBank 601HW 20GB"
1662,6257,378,217,Insurance [NONE] / Additional Battery [YES],205,1,カート用通常フラグ,SoftBank 601HW [BLACK] Standard 20GB,1,,,,,,,,*,sk/img001.jpg,*,sk/img001.jpg,,,,,,,,,,,,,,,,,,,,,,,0,1,en_sk_205_bt,,1,,28650,31650,,5,,,,,,,,,,,,,,,,,"21,22","NEW rental,SoftBank 601HW 20GB"
1662,6261,378,218,Insurance [NONE] / Additional Battery [YES],206,1,カート用通常フラグ,SoftBank 601HW [BLACK] Standard 20GB,1,,,,,,,,*,sk/img001.jpg,*,sk/img001.jpg,,,,,,,,,,,,,,,,,,,,,,,0,1,en_sk_206_bt,,1,,28650,31650,,5,,,,,,,,,,,,,,,,,"21,22","NEW rental,SoftBank 601HW 20GB"
1662,6265,378,219,Insurance [NONE] / Additional Battery [YES],207,1,カート用通常フラグ,SoftBank 601HW [BLACK] Standard 20GB,1,,,,,,,,*,sk/img001.jpg,*,sk/img001.jpg,,,,,,,,,,,,,,,,,,,,,,,0,1,en_sk_207_bt,,1,,28650,31650,,5,,,,,,,,,,,,,,,,,"21,22","NEW rental,SoftBank 601HW 20GB"
1662,6269,378,220,Insurance [NONE] / Additional Battery [YES],208,1,カート用通常フラグ,SoftBank 601HW [BLACK] Standard 20GB,1,,,,,,,,*,sk/img001.jpg,*,sk/img001.jpg,,,,,,,,,,,,,,,,,,,,,,,0,1,en_sk_208_bt,,1,,28650,31650,,5,,,,,,,,,,,,,,,,,"21,22","NEW rental,SoftBank 601HW 20GB"
1662,6273,378,221,Insurance [NONE] / Additional Battery [YES],209,1,カート用通常フラグ,SoftBank 601HW [BLACK] Standard 20GB,1,,,,,,,,*,sk/img001.jpg,*,sk/img001.jpg,,,,,,,,,,,,,,,,,,,,,,,0,1,en_sk_209_bt,,1,,28650,31650,,5,,,,,,,,,,,,,,,,,"21,22","NEW rental,SoftBank 601HW 20GB"
1662,6277,378,222,Insurance [NONE] / Additional Battery [YES],210,1,カート用通常フラグ,SoftBank 601HW [BLACK] Standard 20GB,1,,,,,,,,*,sk/img001.jpg,*,sk/img001.jpg,,,,,,,,,,,,,,,,,,,,,,,0,1,en_sk_210_bt,,1,,28650,31650,,5,,,,,,,,,,,,,,,,,"21,22","NEW rental,SoftBank 601HW 20GB"
1662,6281,378,223,Insurance [NONE] / Additional Battery [YES],211,1,カート用通常フラグ,SoftBank 601HW [BLACK] Standard 20GB,1,,,,,,,,*,sk/img001.jpg,*,sk/img001.jpg,,,,,,,,,,,,,,,,,,,,,,,0,1,en_sk_211_bt,,1,,28650,31650,,5,,,,,,,,,,,,,,,,,"21,22","NEW rental,SoftBank 601HW 20GB"
1662,6285,378,224,Insurance [NONE] / Additional Battery [YES],212,1,カート用通常フラグ,SoftBank 601HW [BLACK] Standard 20GB,1,,,,,,,,*,sk/img001.jpg,*,sk/img001.jpg,,,,,,,,,,,,,,,,,,,,,,,0,1,en_sk_212_bt,,1,,29040,32090,,5,,,,,,,,,,,,,,,,,"21,22","NEW rental,SoftBank 601HW 20GB"
1662,6289,378,225,Insurance [NONE] / Additional Battery [YES],213,1,カート用通常フラグ,SoftBank 601HW [BLACK] Standard 20GB,1,,,,,,,,*,sk/img001.jpg,*,sk/img001.jpg,,,,,,,,,,,,,,,,,,,,,,,0,1,en_sk_213_bt,,1,,29430,32530,,5,,,,,,,,,,,,,,,,,"21,22","NEW rental,SoftBank 601HW 20GB"
1662,6293,378,226,Insurance [NONE] / Additional Battery [YES],214,1,カート用通常フラグ,SoftBank 601HW [BLACK] Standard 20GB,1,,,,,,,,*,sk/img001.jpg,*,sk/img001.jpg,,,,,,,,,,,,,,,,,,,,,,,0,1,en_sk_214_bt,,1,,29820,32970,,5,,,,,,,,,,,,,,,,,"21,22","NEW rental,SoftBank 601HW 20GB"
1662,6297,378,227,Insurance [NONE] / Additional Battery [YES],215,1,カート用通常フラグ,SoftBank 601HW [BLACK] Standard 20GB,1,,,,,,,,*,sk/img001.jpg,*,sk/img001.jpg,,,,,,,,,,,,,,,,,,,,,,,0,1,en_sk_215_bt,,1,,30210,33410,,5,,,,,,,,,,,,,,,,,"21,22","NEW rental,SoftBank 601HW 20GB"
1662,6301,378,228,Insurance [NONE] / Additional Battery [YES],216,1,カート用通常フラグ,SoftBank 601HW [BLACK] Standard 20GB,1,,,,,,,,*,sk/img001.jpg,*,sk/img001.jpg,,,,,,,,,,,,,,,,,,,,,,,0,1,en_sk_216_bt,,1,,30600,33850,,5,,,,,,,,,,,,,,,,,"21,22","NEW rental,SoftBank 601HW 20GB"
1662,6305,378,229,Insurance [NONE] / Additional Battery [YES],217,1,カート用通常フラグ,SoftBank 601HW [BLACK] Standard 20GB,1,,,,,,,,*,sk/img001.jpg,*,sk/img001.jpg,,,,,,,,,,,,,,,,,,,,,,,0,1,en_sk_217_bt,,1,,30990,34290,,5,,,,,,,,,,,,,,,,,"21,22","NEW rental,SoftBank 601HW 20GB"
1662,6309,378,230,Insurance [NONE] / Additional Battery [YES],218,1,カート用通常フラグ,SoftBank 601HW [BLACK] Standard 20GB,1,,,,,,,,*,sk/img001.jpg,*,sk/img001.jpg,,,,,,,,,,,,,,,,,,,,,,,0,1,en_sk_218_bt,,1,,31380,34680,,5,,,,,,,,,,,,,,,,,"21,22","NEW rental,SoftBank 601HW 20GB"
1662,6313,378,231,Insurance [NONE] / Additional Battery [YES],219,1,カート用通常フラグ,SoftBank 601HW [BLACK] Standard 20GB,1,,,,,,,,*,sk/img001.jpg,*,sk/img001.jpg,,,,,,,,,,,,,,,,,,,,,,,0,1,en_sk_219_bt,,1,,31770,35070,,5,,,,,,,,,,,,,,,,,"21,22","NEW rental,SoftBank 601HW 20GB"
1662,6317,378,232,Insurance [NONE] / Additional Battery [YES],220,1,カート用通常フラグ,SoftBank 601HW [BLACK] Standard 20GB,1,,,,,,,,*,sk/img001.jpg,*,sk/img001.jpg,,,,,,,,,,,,,,,,,,,,,,,0,1,en_sk_220_bt,,1,,32160,35460,,5,,,,,,,,,,,,,,,,,"21,22","NEW rental,SoftBank 601HW 20GB"
1662,6321,378,233,Insurance [NONE] / Additional Battery [YES],221,1,カート用通常フラグ,SoftBank 601HW [BLACK] Standard 20GB,1,,,,,,,,*,sk/img001.jpg,*,sk/img001.jpg,,,,,,,,,,,,,,,,,,,,,,,0,1,en_sk_221_bt,,1,,32550,35850,,5,,,,,,,,,,,,,,,,,"21,22","NEW rental,SoftBank 601HW 20GB"
1662,6325,378,234,Insurance [NONE] / Additional Battery [YES],222,1,カート用通常フラグ,SoftBank 601HW [BLACK] Standard 20GB,1,,,,,,,,*,sk/img001.jpg,*,sk/img001.jpg,,,,,,,,,,,,,,,,,,,,,,,0,1,en_sk_222_bt,,1,,32940,36240,,5,,,,,,,,,,,,,,,,,"21,22","NEW rental,SoftBank 601HW 20GB"
1662,6329,378,235,Insurance [NONE] / Additional Battery [YES],223,1,カート用通常フラグ,SoftBank 601HW [BLACK] Standard 20GB,1,,,,,,,,*,sk/img001.jpg,*,sk/img001.jpg,,,,,,,,,,,,,,,,,,,,,,,0,1,en_sk_223_bt,,1,,33200,36500,,5,,,,,,,,,,,,,,,,,"21,22","NEW rental,SoftBank 601HW 20GB"
1662,6333,378,236,Insurance [NONE] / Additional Battery [YES],224,1,カート用通常フラグ,SoftBank 601HW [BLACK] Standard 20GB,1,,,,,,,,*,sk/img001.jpg,*,sk/img001.jpg,,,,,,,,,,,,,,,,,,,,,,,0,1,en_sk_224_bt,,1,,33200,36500,,5,,,,,,,,,,,,,,,,,"21,22","NEW rental,SoftBank 601HW 20GB"
1662,6337,378,237,Insurance [NONE] / Additional Battery [YES],225,1,カート用通常フラグ,SoftBank 601HW [BLACK] Standard 20GB,1,,,,,,,,*,sk/img001.jpg,*,sk/img001.jpg,,,,,,,,,,,,,,,,,,,,,,,0,1,en_sk_225_bt,,1,,33200,36500,,5,,,,,,,,,,,,,,,,,"21,22","NEW rental,SoftBank 601HW 20GB"
1662,6341,378,238,Insurance [NONE] / Additional Battery [YES],226,1,カート用通常フラグ,SoftBank 601HW [BLACK] Standard 20GB,1,,,,,,,,*,sk/img001.jpg,*,sk/img001.jpg,,,,,,,,,,,,,,,,,,,,,,,0,1,en_sk_226_bt,,1,,33200,36500,,5,,,,,,,,,,,,,,,,,"21,22","NEW rental,SoftBank 601HW 20GB"
1662,6345,378,239,Insurance [NONE] / Additional Battery [YES],227,1,カート用通常フラグ,SoftBank 601HW [BLACK] Standard 20GB,1,,,,,,,,*,sk/img001.jpg,*,sk/img001.jpg,,,,,,,,,,,,,,,,,,,,,,,0,1,en_sk_227_bt,,1,,33200,36500,,5,,,,,,,,,,,,,,,,,"21,22","NEW rental,SoftBank 601HW 20GB"
1662,6349,378,240,Insurance [NONE] / Additional Battery [YES],228,1,カート用通常フラグ,SoftBank 601HW [BLACK] Standard 20GB,1,,,,,,,,*,sk/img001.jpg,*,sk/img001.jpg,,,,,,,,,,,,,,,,,,,,,,,0,1,en_sk_228_bt,,1,,33200,36500,,5,,,,,,,,,,,,,,,,,"21,22","NEW rental,SoftBank 601HW 20GB"
1662,6353,378,241,Insurance [NONE] / Additional Battery [YES],229,1,カート用通常フラグ,SoftBank 601HW [BLACK] Standard 20GB,1,,,,,,,,*,sk/img001.jpg,*,sk/img001.jpg,,,,,,,,,,,,,,,,,,,,,,,0,1,en_sk_229_bt,,1,,33200,36500,,5,,,,,,,,,,,,,,,,,"21,22","NEW rental,SoftBank 601HW 20GB"
1662,6357,378,242,Insurance [NONE] / Additional Battery [YES],230,1,カート用通常フラグ,SoftBank 601HW [BLACK] Standard 20GB,1,,,,,,,,*,sk/img001.jpg,*,sk/img001.jpg,,,,,,,,,,,,,,,,,,,,,,,0,1,en_sk_230_bt,,1,,33200,36500,,5,,,,,,,,,,,,,,,,,"21,22","NEW rental,SoftBank 601HW 20GB"
1662,6361,378,243,Insurance [NONE] / Additional Battery [YES],231,1,カート用通常フラグ,SoftBank 601HW [BLACK] Standard 20GB,1,,,,,,,,*,sk/img001.jpg,*,sk/img001.jpg,,,,,,,,,,,,,,,,,,,,,,,0,1,en_sk_231_bt,,1,,33200,36500,,5,,,,,,,,,,,,,,,,,"21,22","NEW rental,SoftBank 601HW 20GB"
1662,6365,378,244,Insurance [NONE] / Additional Battery [YES],232,1,カート用通常フラグ,SoftBank 601HW [BLACK] Standard 20GB,1,,,,,,,,*,sk/img001.jpg,*,sk/img001.jpg,,,,,,,,,,,,,,,,,,,,,,,0,1,en_sk_232_bt,,1,,33200,36500,,5,,,,,,,,,,,,,,,,,"21,22","NEW rental,SoftBank 601HW 20GB"
1662,6369,378,245,Insurance [NONE] / Additional Battery [YES],233,1,カート用通常フラグ,SoftBank 601HW [BLACK] Standard 20GB,1,,,,,,,,*,sk/img001.jpg,*,sk/img001.jpg,,,,,,,,,,,,,,,,,,,,,,,0,1,en_sk_233_bt,,1,,33200,36500,,5,,,,,,,,,,,,,,,,,"21,22","NEW rental,SoftBank 601HW 20GB"
1662,6373,378,246,Insurance [NONE] / Additional Battery [YES],234,1,カート用通常フラグ,SoftBank 601HW [BLACK] Standard 20GB,1,,,,,,,,*,sk/img001.jpg,*,sk/img001.jpg,,,,,,,,,,,,,,,,,,,,,,,0,1,en_sk_234_bt,,1,,33200,36500,,5,,,,,,,,,,,,,,,,,"21,22","NEW rental,SoftBank 601HW 20GB"
1662,6377,378,247,Insurance [NONE] / Additional Battery [YES],235,1,カート用通常フラグ,SoftBank 601HW [BLACK] Standard 20GB,1,,,,,,,,*,sk/img001.jpg,*,sk/img001.jpg,,,,,,,,,,,,,,,,,,,,,,,0,1,en_sk_235_bt,,1,,33200,36500,,5,,,,,,,,,,,,,,,,,"21,22","NEW rental,SoftBank 601HW 20GB"
1662,6381,378,248,Insurance [NONE] / Additional Battery [YES],236,1,カート用通常フラグ,SoftBank 601HW [BLACK] Standard 20GB,1,,,,,,,,*,sk/img001.jpg,*,sk/img001.jpg,,,,,,,,,,,,,,,,,,,,,,,0,1,en_sk_236_bt,,1,,33200,36500,,5,,,,,,,,,,,,,,,,,"21,22","NEW rental,SoftBank 601HW 20GB"
1662,6385,378,249,Insurance [NONE] / Additional Battery [YES],237,1,カート用通常フラグ,SoftBank 601HW [BLACK] Standard 20GB,1,,,,,,,,*,sk/img001.jpg,*,sk/img001.jpg,,,,,,,,,,,,,,,,,,,,,,,0,1,en_sk_237_bt,,1,,33200,36500,,5,,,,,,,,,,,,,,,,,"21,22","NEW rental,SoftBank 601HW 20GB"
1662,6389,378,250,Insurance [NONE] / Additional Battery [YES],238,1,カート用通常フラグ,SoftBank 601HW [BLACK] Standard 20GB,1,,,,,,,,*,sk/img001.jpg,*,sk/img001.jpg,,,,,,,,,,,,,,,,,,,,,,,0,1,en_sk_238_bt,,1,,33200,36500,,5,,,,,,,,,,,,,,,,,"21,22","NEW rental,SoftBank 601HW 20GB"
1662,6393,378,251,Insurance [NONE] / Additional Battery [YES],239,1,カート用通常フラグ,SoftBank 601HW [BLACK] Standard 20GB,1,,,,,,,,*,sk/img001.jpg,*,sk/img001.jpg,,,,,,,,,,,,,,,,,,,,,,,0,1,en_sk_239_bt,,1,,33200,36500,,5,,,,,,,,,,,,,,,,,"21,22","NEW rental,SoftBank 601HW 20GB"
1662,6397,378,252,Insurance [NONE] / Additional Battery [YES],240,1,カート用通常フラグ,SoftBank 601HW [BLACK] Standard 20GB,1,,,,,,,,*,sk/img001.jpg,*,sk/img001.jpg,,,,,,,,,,,,,,,,,,,,,,,0,1,en_sk_240_bt,,1,,33200,36500,,5,,,,,,,,,,,,,,,,,"21,22","NEW rental,SoftBank 601HW 20GB"
1662,6401,378,253,Insurance [NONE] / Additional Battery [YES],241,1,カート用通常フラグ,SoftBank 601HW [BLACK] Standard 20GB,1,,,,,,,,*,sk/img001.jpg,*,sk/img001.jpg,,,,,,,,,,,,,,,,,,,,,,,0,1,en_sk_241_bt,,1,,33200,36500,,5,,,,,,,,,,,,,,,,,"21,22","NEW rental,SoftBank 601HW 20GB"
1662,6405,378,254,Insurance [NONE] / Additional Battery [YES],242,1,カート用通常フラグ,SoftBank 601HW [BLACK] Standard 20GB,1,,,,,,,,*,sk/img001.jpg,*,sk/img001.jpg,,,,,,,,,,,,,,,,,,,,,,,0,1,en_sk_242_bt,,1,,33590,36940,,5,,,,,,,,,,,,,,,,,"21,22","NEW rental,SoftBank 601HW 20GB"
1662,6409,378,255,Insurance [NONE] / Additional Battery [YES],243,1,カート用通常フラグ,SoftBank 601HW [BLACK] Standard 20GB,1,,,,,,,,*,sk/img001.jpg,*,sk/img001.jpg,,,,,,,,,,,,,,,,,,,,,,,0,1,en_sk_243_bt,,1,,33980,37380,,5,,,,,,,,,,,,,,,,,"21,22","NEW rental,SoftBank 601HW 20GB"
1662,6413,378,256,Insurance [NONE] / Additional Battery [YES],244,1,カート用通常フラグ,SoftBank 601HW [BLACK] Standard 20GB,1,,,,,,,,*,sk/img001.jpg,*,sk/img001.jpg,,,,,,,,,,,,,,,,,,,,,,,0,1,en_sk_244_bt,,1,,34370,37820,,5,,,,,,,,,,,,,,,,,"21,22","NEW rental,SoftBank 601HW 20GB"
1662,6417,378,257,Insurance [NONE] / Additional Battery [YES],245,1,カート用通常フラグ,SoftBank 601HW [BLACK] Standard 20GB,1,,,,,,,,*,sk/img001.jpg,*,sk/img001.jpg,,,,,,,,,,,,,,,,,,,,,,,0,1,en_sk_245_bt,,1,,34760,38260,,5,,,,,,,,,,,,,,,,,"21,22","NEW rental,SoftBank 601HW 20GB"
1662,6421,378,258,Insurance [NONE] / Additional Battery [YES],246,1,カート用通常フラグ,SoftBank 601HW [BLACK] Standard 20GB,1,,,,,,,,*,sk/img001.jpg,*,sk/img001.jpg,,,,,,,,,,,,,,,,,,,,,,,0,1,en_sk_246_bt,,1,,35150,38700,,5,,,,,,,,,,,,,,,,,"21,22","NEW rental,SoftBank 601HW 20GB"
1662,6425,378,259,Insurance [NONE] / Additional Battery [YES],247,1,カート用通常フラグ,SoftBank 601HW [BLACK] Standard 20GB,1,,,,,,,,*,sk/img001.jpg,*,sk/img001.jpg,,,,,,,,,,,,,,,,,,,,,,,0,1,en_sk_247_bt,,1,,35540,39140,,5,,,,,,,,,,,,,,,,,"21,22","NEW rental,SoftBank 601HW 20GB"
1662,6429,378,260,Insurance [NONE] / Additional Battery [YES],248,1,カート用通常フラグ,SoftBank 601HW [BLACK] Standard 20GB,1,,,,,,,,*,sk/img001.jpg,*,sk/img001.jpg,,,,,,,,,,,,,,,,,,,,,,,0,1,en_sk_248_bt,,1,,35930,39530,,5,,,,,,,,,,,,,,,,,"21,22","NEW rental,SoftBank 601HW 20GB"
1662,6433,378,261,Insurance [NONE] / Additional Battery [YES],249,1,カート用通常フラグ,SoftBank 601HW [BLACK] Standard 20GB,1,,,,,,,,*,sk/img001.jpg,*,sk/img001.jpg,,,,,,,,,,,,,,,,,,,,,,,0,1,en_sk_249_bt,,1,,36320,39920,,5,,,,,,,,,,,,,,,,,"21,22","NEW rental,SoftBank 601HW 20GB"
1662,6437,378,262,Insurance [NONE] / Additional Battery [YES],250,1,カート用通常フラグ,SoftBank 601HW [BLACK] Standard 20GB,1,,,,,,,,*,sk/img001.jpg,*,sk/img001.jpg,,,,,,,,,,,,,,,,,,,,,,,0,1,en_sk_250_bt,,1,,36710,40310,,5,,,,,,,,,,,,,,,,,"21,22","NEW rental,SoftBank 601HW 20GB"
1662,6441,378,263,Insurance [NONE] / Additional Battery [YES],251,1,カート用通常フラグ,SoftBank 601HW [BLACK] Standard 20GB,1,,,,,,,,*,sk/img001.jpg,*,sk/img001.jpg,,,,,,,,,,,,,,,,,,,,,,,0,1,en_sk_251_bt,,1,,37100,40700,,5,,,,,,,,,,,,,,,,,"21,22","NEW rental,SoftBank 601HW 20GB"
1662,6445,378,264,Insurance [NONE] / Additional Battery [YES],252,1,カート用通常フラグ,SoftBank 601HW [BLACK] Standard 20GB,1,,,,,,,,*,sk/img001.jpg,*,sk/img001.jpg,,,,,,,,,,,,,,,,,,,,,,,0,1,en_sk_252_bt,,1,,37400,41000,,5,,,,,,,,,,,,,,,,,"21,22","NEW rental,SoftBank 601HW 20GB"
1662,6449,378,265,Insurance [NONE] / Additional Battery [YES],253,1,カート用通常フラグ,SoftBank 601HW [BLACK] Standard 20GB,1,,,,,,,,*,sk/img001.jpg,*,sk/img001.jpg,,,,,,,,,,,,,,,,,,,,,,,0,1,en_sk_253_bt,,1,,37400,41000,,5,,,,,,,,,,,,,,,,,"21,22","NEW rental,SoftBank 601HW 20GB"
1662,6453,378,266,Insurance [NONE] / Additional Battery [YES],254,1,カート用通常フラグ,SoftBank 601HW [BLACK] Standard 20GB,1,,,,,,,,*,sk/img001.jpg,*,sk/img001.jpg,,,,,,,,,,,,,,,,,,,,,,,0,1,en_sk_254_bt,,1,,37400,41000,,5,,,,,,,,,,,,,,,,,"21,22","NEW rental,SoftBank 601HW 20GB"
1662,6457,378,267,Insurance [NONE] / Additional Battery [YES],255,1,カート用通常フラグ,SoftBank 601HW [BLACK] Standard 20GB,1,,,,,,,,*,sk/img001.jpg,*,sk/img001.jpg,,,,,,,,,,,,,,,,,,,,,,,0,1,en_sk_255_bt,,1,,37400,41000,,5,,,,,,,,,,,,,,,,,"21,22","NEW rental,SoftBank 601HW 20GB"
1662,6461,378,268,Insurance [NONE] / Additional Battery [YES],256,1,カート用通常フラグ,SoftBank 601HW [BLACK] Standard 20GB,1,,,,,,,,*,sk/img001.jpg,*,sk/img001.jpg,,,,,,,,,,,,,,,,,,,,,,,0,1,en_sk_256_bt,,1,,37400,41000,,5,,,,,,,,,,,,,,,,,"21,22","NEW rental,SoftBank 601HW 20GB"
1662,6465,378,269,Insurance [NONE] / Additional Battery [YES],257,1,カート用通常フラグ,SoftBank 601HW [BLACK] Standard 20GB,1,,,,,,,,*,sk/img001.jpg,*,sk/img001.jpg,,,,,,,,,,,,,,,,,,,,,,,0,1,en_sk_257_bt,,1,,37400,41000,,5,,,,,,,,,,,,,,,,,"21,22","NEW rental,SoftBank 601HW 20GB"
1662,6469,378,270,Insurance [NONE] / Additional Battery [YES],258,1,カート用通常フラグ,SoftBank 601HW [BLACK] Standard 20GB,1,,,,,,,,*,sk/img001.jpg,*,sk/img001.jpg,,,,,,,,,,,,,,,,,,,,,,,0,1,en_sk_258_bt,,1,,37400,41000,,5,,,,,,,,,,,,,,,,,"21,22","NEW rental,SoftBank 601HW 20GB"
1662,6473,378,271,Insurance [NONE] / Additional Battery [YES],259,1,カート用通常フラグ,SoftBank 601HW [BLACK] Standard 20GB,1,,,,,,,,*,sk/img001.jpg,*,sk/img001.jpg,,,,,,,,,,,,,,,,,,,,,,,0,1,en_sk_259_bt,,1,,37400,41000,,5,,,,,,,,,,,,,,,,,"21,22","NEW rental,SoftBank 601HW 20GB"
1662,6477,378,272,Insurance [NONE] / Additional Battery [YES],260,1,カート用通常フラグ,SoftBank 601HW [BLACK] Standard 20GB,1,,,,,,,,*,sk/img001.jpg,*,sk/img001.jpg,,,,,,,,,,,,,,,,,,,,,,,0,1,en_sk_260_bt,,1,,37400,41000,,5,,,,,,,,,,,,,,,,,"21,22","NEW rental,SoftBank 601HW 20GB"
1662,6481,378,273,Insurance [NONE] / Additional Battery [YES],261,1,カート用通常フラグ,SoftBank 601HW [BLACK] Standard 20GB,1,,,,,,,,*,sk/img001.jpg,*,sk/img001.jpg,,,,,,,,,,,,,,,,,,,,,,,0,1,en_sk_261_bt,,1,,37400,41000,,5,,,,,,,,,,,,,,,,,"21,22","NEW rental,SoftBank 601HW 20GB"
1662,6485,378,274,Insurance [NONE] / Additional Battery [YES],262,1,カート用通常フラグ,SoftBank 601HW [BLACK] Standard 20GB,1,,,,,,,,*,sk/img001.jpg,*,sk/img001.jpg,,,,,,,,,,,,,,,,,,,,,,,0,1,en_sk_262_bt,,1,,37400,41000,,5,,,,,,,,,,,,,,,,,"21,22","NEW rental,SoftBank 601HW 20GB"
1662,6489,378,275,Insurance [NONE] / Additional Battery [YES],263,1,カート用通常フラグ,SoftBank 601HW [BLACK] Standard 20GB,1,,,,,,,,*,sk/img001.jpg,*,sk/img001.jpg,,,,,,,,,,,,,,,,,,,,,,,0,1,en_sk_263_bt,,1,,37400,41000,,5,,,,,,,,,,,,,,,,,"21,22","NEW rental,SoftBank 601HW 20GB"
1662,6493,378,276,Insurance [NONE] / Additional Battery [YES],264,1,カート用通常フラグ,SoftBank 601HW [BLACK] Standard 20GB,1,,,,,,,,*,sk/img001.jpg,*,sk/img001.jpg,,,,,,,,,,,,,,,,,,,,,,,0,1,en_sk_264_bt,,1,,37400,41000,,5,,,,,,,,,,,,,,,,,"21,22","NEW rental,SoftBank 601HW 20GB"
1662,6497,378,277,Insurance [NONE] / Additional Battery [YES],265,1,カート用通常フラグ,SoftBank 601HW [BLACK] Standard 20GB,1,,,,,,,,*,sk/img001.jpg,*,sk/img001.jpg,,,,,,,,,,,,,,,,,,,,,,,0,1,en_sk_265_bt,,1,,37400,41000,,5,,,,,,,,,,,,,,,,,"21,22","NEW rental,SoftBank 601HW 20GB"
1662,6501,378,278,Insurance [NONE] / Additional Battery [YES],266,1,カート用通常フラグ,SoftBank 601HW [BLACK] Standard 20GB,1,,,,,,,,*,sk/img001.jpg,*,sk/img001.jpg,,,,,,,,,,,,,,,,,,,,,,,0,1,en_sk_266_bt,,1,,37400,41000,,5,,,,,,,,,,,,,,,,,"21,22","NEW rental,SoftBank 601HW 20GB"
1662,6505,378,279,Insurance [NONE] / Additional Battery [YES],267,1,カート用通常フラグ,SoftBank 601HW [BLACK] Standard 20GB,1,,,,,,,,*,sk/img001.jpg,*,sk/img001.jpg,,,,,,,,,,,,,,,,,,,,,,,0,1,en_sk_267_bt,,1,,37400,41000,,5,,,,,,,,,,,,,,,,,"21,22","NEW rental,SoftBank 601HW 20GB"
1662,6509,378,280,Insurance [NONE] / Additional Battery [YES],268,1,カート用通常フラグ,SoftBank 601HW [BLACK] Standard 20GB,1,,,,,,,,*,sk/img001.jpg,*,sk/img001.jpg,,,,,,,,,,,,,,,,,,,,,,,0,1,en_sk_268_bt,,1,,37400,41000,,5,,,,,,,,,,,,,,,,,"21,22","NEW rental,SoftBank 601HW 20GB"
1662,6513,378,281,Insurance [NONE] / Additional Battery [YES],269,1,カート用通常フラグ,SoftBank 601HW [BLACK] Standard 20GB,1,,,,,,,,*,sk/img001.jpg,*,sk/img001.jpg,,,,,,,,,,,,,,,,,,,,,,,0,1,en_sk_269_bt,,1,,37400,41000,,5,,,,,,,,,,,,,,,,,"21,22","NEW rental,SoftBank 601HW 20GB"
1662,6517,378,282,Insurance [NONE] / Additional Battery [YES],270,1,カート用通常フラグ,SoftBank 601HW [BLACK] Standard 20GB,1,,,,,,,,*,sk/img001.jpg,*,sk/img001.jpg,,,,,,,,,,,,,,,,,,,,,,,0,1,en_sk_270_bt,,1,,37400,41000,,5,,,,,,,,,,,,,,,,,"21,22","NEW rental,SoftBank 601HW 20GB"
1662,6521,378,283,Insurance [NONE] / Additional Battery [YES],271,1,カート用通常フラグ,SoftBank 601HW [BLACK] Standard 20GB,1,,,,,,,,*,sk/img001.jpg,*,sk/img001.jpg,,,,,,,,,,,,,,,,,,,,,,,0,1,en_sk_271_bt,,1,,37400,41000,,5,,,,,,,,,,,,,,,,,"21,22","NEW rental,SoftBank 601HW 20GB"
1662,6525,378,284,Insurance [NONE] / Additional Battery [YES],272,1,カート用通常フラグ,SoftBank 601HW [BLACK] Standard 20GB,1,,,,,,,,*,sk/img001.jpg,*,sk/img001.jpg,,,,,,,,,,,,,,,,,,,,,,,0,1,en_sk_272_bt,,1,,37790,41440,,5,,,,,,,,,,,,,,,,,"21,22","NEW rental,SoftBank 601HW 20GB"
1662,6529,378,285,Insurance [NONE] / Additional Battery [YES],273,1,カート用通常フラグ,SoftBank 601HW [BLACK] Standard 20GB,1,,,,,,,,*,sk/img001.jpg,*,sk/img001.jpg,,,,,,,,,,,,,,,,,,,,,,,0,1,en_sk_273_bt,,1,,38180,41880,,5,,,,,,,,,,,,,,,,,"21,22","NEW rental,SoftBank 601HW 20GB"
1662,6533,378,286,Insurance [NONE] / Additional Battery [YES],274,1,カート用通常フラグ,SoftBank 601HW [BLACK] Standard 20GB,1,,,,,,,,*,sk/img001.jpg,*,sk/img001.jpg,,,,,,,,,,,,,,,,,,,,,,,0,1,en_sk_274_bt,,1,,38570,42320,,5,,,,,,,,,,,,,,,,,"21,22","NEW rental,SoftBank 601HW 20GB"
1662,6537,378,287,Insurance [NONE] / Additional Battery [YES],275,1,カート用通常フラグ,SoftBank 601HW [BLACK] Standard 20GB,1,,,,,,,,*,sk/img001.jpg,*,sk/img001.jpg,,,,,,,,,,,,,,,,,,,,,,,0,1,en_sk_275_bt,,1,,38960,42760,,5,,,,,,,,,,,,,,,,,"21,22","NEW rental,SoftBank 601HW 20GB"
1662,6541,378,288,Insurance [NONE] / Additional Battery [YES],276,1,カート用通常フラグ,SoftBank 601HW [BLACK] Standard 20GB,1,,,,,,,,*,sk/img001.jpg,*,sk/img001.jpg,,,,,,,,,,,,,,,,,,,,,,,0,1,en_sk_276_bt,,1,,39350,43200,,5,,,,,,,,,,,,,,,,,"21,22","NEW rental,SoftBank 601HW 20GB"
1662,6545,378,289,Insurance [NONE] / Additional Battery [YES],277,1,カート用通常フラグ,SoftBank 601HW [BLACK] Standard 20GB,1,,,,,,,,*,sk/img001.jpg,*,sk/img001.jpg,,,,,,,,,,,,,,,,,,,,,,,0,1,en_sk_277_bt,,1,,39740,43640,,5,,,,,,,,,,,,,,,,,"21,22","NEW rental,SoftBank 601HW 20GB"
1662,6549,378,290,Insurance [NONE] / Additional Battery [YES],278,1,カート用通常フラグ,SoftBank 601HW [BLACK] Standard 20GB,1,,,,,,,,*,sk/img001.jpg,*,sk/img001.jpg,,,,,,,,,,,,,,,,,,,,,,,0,1,en_sk_278_bt,,1,,40130,44030,,5,,,,,,,,,,,,,,,,,"21,22","NEW rental,SoftBank 601HW 20GB"
1662,6553,378,291,Insurance [NONE] / Additional Battery [YES],279,1,カート用通常フラグ,SoftBank 601HW [BLACK] Standard 20GB,1,,,,,,,,*,sk/img001.jpg,*,sk/img001.jpg,,,,,,,,,,,,,,,,,,,,,,,0,1,en_sk_279_bt,,1,,40520,44420,,5,,,,,,,,,,,,,,,,,"21,22","NEW rental,SoftBank 601HW 20GB"
1662,6557,378,292,Insurance [NONE] / Additional Battery [YES],280,1,カート用通常フラグ,SoftBank 601HW [BLACK] Standard 20GB,1,,,,,,,,*,sk/img001.jpg,*,sk/img001.jpg,,,,,,,,,,,,,,,,,,,,,,,0,1,en_sk_280_bt,,1,,40910,44810,,5,,,,,,,,,,,,,,,,,"21,22","NEW rental,SoftBank 601HW 20GB"
1662,6561,378,293,Insurance [NONE] / Additional Battery [YES],281,1,カート用通常フラグ,SoftBank 601HW [BLACK] Standard 20GB,1,,,,,,,,*,sk/img001.jpg,*,sk/img001.jpg,,,,,,,,,,,,,,,,,,,,,,,0,1,en_sk_281_bt,,1,,41300,45200,,5,,,,,,,,,,,,,,,,,"21,22","NEW rental,SoftBank 601HW 20GB"
1662,6565,378,294,Insurance [NONE] / Additional Battery [YES],282,1,カート用通常フラグ,SoftBank 601HW [BLACK] Standard 20GB,1,,,,,,,,*,sk/img001.jpg,*,sk/img001.jpg,,,,,,,,,,,,,,,,,,,,,,,0,1,en_sk_282_bt,,1,,41600,45500,,5,,,,,,,,,,,,,,,,,"21,22","NEW rental,SoftBank 601HW 20GB"
1662,6569,378,295,Insurance [NONE] / Additional Battery [YES],283,1,カート用通常フラグ,SoftBank 601HW [BLACK] Standard 20GB,1,,,,,,,,*,sk/img001.jpg,*,sk/img001.jpg,,,,,,,,,,,,,,,,,,,,,,,0,1,en_sk_283_bt,,1,,41600,45500,,5,,,,,,,,,,,,,,,,,"21,22","NEW rental,SoftBank 601HW 20GB"
1662,6573,378,296,Insurance [NONE] / Additional Battery [YES],284,1,カート用通常フラグ,SoftBank 601HW [BLACK] Standard 20GB,1,,,,,,,,*,sk/img001.jpg,*,sk/img001.jpg,,,,,,,,,,,,,,,,,,,,,,,0,1,en_sk_284_bt,,1,,41600,45500,,5,,,,,,,,,,,,,,,,,"21,22","NEW rental,SoftBank 601HW 20GB"
1662,6577,378,297,Insurance [NONE] / Additional Battery [YES],285,1,カート用通常フラグ,SoftBank 601HW [BLACK] Standard 20GB,1,,,,,,,,*,sk/img001.jpg,*,sk/img001.jpg,,,,,,,,,,,,,,,,,,,,,,,0,1,en_sk_285_bt,,1,,41600,45500,,5,,,,,,,,,,,,,,,,,"21,22","NEW rental,SoftBank 601HW 20GB"
1662,6581,378,298,Insurance [NONE] / Additional Battery [YES],286,1,カート用通常フラグ,SoftBank 601HW [BLACK] Standard 20GB,1,,,,,,,,*,sk/img001.jpg,*,sk/img001.jpg,,,,,,,,,,,,,,,,,,,,,,,0,1,en_sk_286_bt,,1,,41600,45500,,5,,,,,,,,,,,,,,,,,"21,22","NEW rental,SoftBank 601HW 20GB"
1662,6585,378,299,Insurance [NONE] / Additional Battery [YES],287,1,カート用通常フラグ,SoftBank 601HW [BLACK] Standard 20GB,1,,,,,,,,*,sk/img001.jpg,*,sk/img001.jpg,,,,,,,,,,,,,,,,,,,,,,,0,1,en_sk_287_bt,,1,,41600,45500,,5,,,,,,,,,,,,,,,,,"21,22","NEW rental,SoftBank 601HW 20GB"
1662,6589,378,300,Insurance [NONE] / Additional Battery [YES],288,1,カート用通常フラグ,SoftBank 601HW [BLACK] Standard 20GB,1,,,,,,,,*,sk/img001.jpg,*,sk/img001.jpg,,,,,,,,,,,,,,,,,,,,,,,0,1,en_sk_288_bt,,1,,41600,45500,,5,,,,,,,,,,,,,,,,,"21,22","NEW rental,SoftBank 601HW 20GB"
1662,6593,378,301,Insurance [NONE] / Additional Battery [YES],289,1,カート用通常フラグ,SoftBank 601HW [BLACK] Standard 20GB,1,,,,,,,,*,sk/img001.jpg,*,sk/img001.jpg,,,,,,,,,,,,,,,,,,,,,,,0,1,en_sk_289_bt,,1,,41600,45500,,5,,,,,,,,,,,,,,,,,"21,22","NEW rental,SoftBank 601HW 20GB"
1662,6597,378,302,Insurance [NONE] / Additional Battery [YES],290,1,カート用通常フラグ,SoftBank 601HW [BLACK] Standard 20GB,1,,,,,,,,*,sk/img001.jpg,*,sk/img001.jpg,,,,,,,,,,,,,,,,,,,,,,,0,1,en_sk_290_bt,,1,,41600,45500,,5,,,,,,,,,,,,,,,,,"21,22","NEW rental,SoftBank 601HW 20GB"
1662,6601,378,303,Insurance [NONE] / Additional Battery [YES],291,1,カート用通常フラグ,SoftBank 601HW [BLACK] Standard 20GB,1,,,,,,,,*,sk/img001.jpg,*,sk/img001.jpg,,,,,,,,,,,,,,,,,,,,,,,0,1,en_sk_291_bt,,1,,41600,45500,,5,,,,,,,,,,,,,,,,,"21,22","NEW rental,SoftBank 601HW 20GB"
1662,6605,378,304,Insurance [NONE] / Additional Battery [YES],292,1,カート用通常フラグ,SoftBank 601HW [BLACK] Standard 20GB,1,,,,,,,,*,sk/img001.jpg,*,sk/img001.jpg,,,,,,,,,,,,,,,,,,,,,,,0,1,en_sk_292_bt,,1,,41600,45500,,5,,,,,,,,,,,,,,,,,"21,22","NEW rental,SoftBank 601HW 20GB"
1662,6609,378,305,Insurance [NONE] / Additional Battery [YES],293,1,カート用通常フラグ,SoftBank 601HW [BLACK] Standard 20GB,1,,,,,,,,*,sk/img001.jpg,*,sk/img001.jpg,,,,,,,,,,,,,,,,,,,,,,,0,1,en_sk_293_bt,,1,,41600,45500,,5,,,,,,,,,,,,,,,,,"21,22","NEW rental,SoftBank 601HW 20GB"
1662,6613,378,306,Insurance [NONE] / Additional Battery [YES],294,1,カート用通常フラグ,SoftBank 601HW [BLACK] Standard 20GB,1,,,,,,,,*,sk/img001.jpg,*,sk/img001.jpg,,,,,,,,,,,,,,,,,,,,,,,0,1,en_sk_294_bt,,1,,41600,45500,,5,,,,,,,,,,,,,,,,,"21,22","NEW rental,SoftBank 601HW 20GB"
1662,6617,378,307,Insurance [NONE] / Additional Battery [YES],295,1,カート用通常フラグ,SoftBank 601HW [BLACK] Standard 20GB,1,,,,,,,,*,sk/img001.jpg,*,sk/img001.jpg,,,,,,,,,,,,,,,,,,,,,,,0,1,en_sk_295_bt,,1,,41600,45500,,5,,,,,,,,,,,,,,,,,"21,22","NEW rental,SoftBank 601HW 20GB"
1662,6621,378,308,Insurance [NONE] / Additional Battery [YES],296,1,カート用通常フラグ,SoftBank 601HW [BLACK] Standard 20GB,1,,,,,,,,*,sk/img001.jpg,*,sk/img001.jpg,,,,,,,,,,,,,,,,,,,,,,,0,1,en_sk_296_bt,,1,,41600,45500,,5,,,,,,,,,,,,,,,,,"21,22","NEW rental,SoftBank 601HW 20GB"
1662,6625,378,309,Insurance [NONE] / Additional Battery [YES],297,1,カート用通常フラグ,SoftBank 601HW [BLACK] Standard 20GB,1,,,,,,,,*,sk/img001.jpg,*,sk/img001.jpg,,,,,,,,,,,,,,,,,,,,,,,0,1,en_sk_297_bt,,1,,41600,45500,,5,,,,,,,,,,,,,,,,,"21,22","NEW rental,SoftBank 601HW 20GB"
1662,6629,378,310,Insurance [NONE] / Additional Battery [YES],298,1,カート用通常フラグ,SoftBank 601HW [BLACK] Standard 20GB,1,,,,,,,,*,sk/img001.jpg,*,sk/img001.jpg,,,,,,,,,,,,,,,,,,,,,,,0,1,en_sk_298_bt,,1,,41600,45500,,5,,,,,,,,,,,,,,,,,"21,22","NEW rental,SoftBank 601HW 20GB"
1662,6633,378,311,Insurance [NONE] / Additional Battery [YES],299,1,カート用通常フラグ,SoftBank 601HW [BLACK] Standard 20GB,1,,,,,,,,*,sk/img001.jpg,*,sk/img001.jpg,,,,,,,,,,,,,,,,,,,,,,,0,1,en_sk_299_bt,,1,,41600,45500,,5,,,,,,,,,,,,,,,,,"21,22","NEW rental,SoftBank 601HW 20GB"
1662,6637,378,312,Insurance [NONE] / Additional Battery [YES],300,1,カート用通常フラグ,SoftBank 601HW [BLACK] Standard 20GB,1,,,,,,,,*,sk/img001.jpg,*,sk/img001.jpg,,,,,,,,,,,,,,,,,,,,,,,0,1,en_sk_300_bt,,1,,41600,45500,,5,,,,,,,,,,,,,,,,,"21,22","NEW rental,SoftBank 601HW 20GB"
1662,6641,378,313,Insurance [NONE] / Additional Battery [YES],301,1,カート用通常フラグ,SoftBank 601HW [BLACK] Standard 20GB,1,,,,,,,,*,sk/img001.jpg,*,sk/img001.jpg,,,,,,,,,,,,,,,,,,,,,,,0,1,en_sk_301_bt,,1,,41600,45500,,5,,,,,,,,,,,,,,,,,"21,22","NEW rental,SoftBank 601HW 20GB"
1662,6645,378,314,Insurance [NONE] / Additional Battery [YES],302,1,カート用通常フラグ,SoftBank 601HW [BLACK] Standard 20GB,1,,,,,,,,*,sk/img001.jpg,*,sk/img001.jpg,,,,,,,,,,,,,,,,,,,,,,,0,1,en_sk_302_bt,,1,,41990,45940,,5,,,,,,,,,,,,,,,,,"21,22","NEW rental,SoftBank 601HW 20GB"
1662,6649,378,315,Insurance [NONE] / Additional Battery [YES],303,1,カート用通常フラグ,SoftBank 601HW [BLACK] Standard 20GB,1,,,,,,,,*,sk/img001.jpg,*,sk/img001.jpg,,,,,,,,,,,,,,,,,,,,,,,0,1,en_sk_303_bt,,1,,42380,46380,,5,,,,,,,,,,,,,,,,,"21,22","NEW rental,SoftBank 601HW 20GB"
1662,6653,378,316,Insurance [NONE] / Additional Battery [YES],304,1,カート用通常フラグ,SoftBank 601HW [BLACK] Standard 20GB,1,,,,,,,,*,sk/img001.jpg,*,sk/img001.jpg,,,,,,,,,,,,,,,,,,,,,,,0,1,en_sk_304_bt,,1,,42770,46820,,5,,,,,,,,,,,,,,,,,"21,22","NEW rental,SoftBank 601HW 20GB"
1662,6657,378,317,Insurance [NONE] / Additional Battery [YES],305,1,カート用通常フラグ,SoftBank 601HW [BLACK] Standard 20GB,1,,,,,,,,*,sk/img001.jpg,*,sk/img001.jpg,,,,,,,,,,,,,,,,,,,,,,,0,1,en_sk_305_bt,,1,,43160,47260,,5,,,,,,,,,,,,,,,,,"21,22","NEW rental,SoftBank 601HW 20GB"
1662,6661,378,318,Insurance [NONE] / Additional Battery [YES],306,1,カート用通常フラグ,SoftBank 601HW [BLACK] Standard 20GB,1,,,,,,,,*,sk/img001.jpg,*,sk/img001.jpg,,,,,,,,,,,,,,,,,,,,,,,0,1,en_sk_306_bt,,1,,43550,47700,,5,,,,,,,,,,,,,,,,,"21,22","NEW rental,SoftBank 601HW 20GB"
1662,6665,378,319,Insurance [NONE] / Additional Battery [YES],307,1,カート用通常フラグ,SoftBank 601HW [BLACK] Standard 20GB,1,,,,,,,,*,sk/img001.jpg,*,sk/img001.jpg,,,,,,,,,,,,,,,,,,,,,,,0,1,en_sk_307_bt,,1,,43600,47800,,5,,,,,,,,,,,,,,,,,"21,22","NEW rental,SoftBank 601HW 20GB"
1662,6669,378,320,Insurance [NONE] / Additional Battery [YES],308,1,カート用通常フラグ,SoftBank 601HW [BLACK] Standard 20GB,1,,,,,,,,*,sk/img001.jpg,*,sk/img001.jpg,,,,,,,,,,,,,,,,,,,,,,,0,1,en_sk_308_bt,,1,,43600,47800,,5,,,,,,,,,,,,,,,,,"21,22","NEW rental,SoftBank 601HW 20GB"
1662,6673,378,321,Insurance [NONE] / Additional Battery [YES],309,1,カート用通常フラグ,SoftBank 601HW [BLACK] Standard 20GB,1,,,,,,,,*,sk/img001.jpg,*,sk/img001.jpg,,,,,,,,,,,,,,,,,,,,,,,0,1,en_sk_309_bt,,1,,43600,47800,,5,,,,,,,,,,,,,,,,,"21,22","NEW rental,SoftBank 601HW 20GB"
1662,6677,378,322,Insurance [NONE] / Additional Battery [YES],310,1,カート用通常フラグ,SoftBank 601HW [BLACK] Standard 20GB,1,,,,,,,,*,sk/img001.jpg,*,sk/img001.jpg,,,,,,,,,,,,,,,,,,,,,,,0,1,en_sk_310_bt,,1,,43600,47800,,5,,,,,,,,,,,,,,,,,"21,22","NEW rental,SoftBank 601HW 20GB"
1662,6681,378,323,Insurance [NONE] / Additional Battery [YES],311,1,カート用通常フラグ,SoftBank 601HW [BLACK] Standard 20GB,1,,,,,,,,*,sk/img001.jpg,*,sk/img001.jpg,,,,,,,,,,,,,,,,,,,,,,,0,1,en_sk_311_bt,,1,,43600,47800,,5,,,,,,,,,,,,,,,,,"21,22","NEW rental,SoftBank 601HW 20GB"
1662,6685,378,324,Insurance [NONE] / Additional Battery [YES],312,1,カート用通常フラグ,SoftBank 601HW [BLACK] Standard 20GB,1,,,,,,,,*,sk/img001.jpg,*,sk/img001.jpg,,,,,,,,,,,,,,,,,,,,,,,0,1,en_sk_312_bt,,1,,43600,47800,,5,,,,,,,,,,,,,,,,,"21,22","NEW rental,SoftBank 601HW 20GB"
1662,6689,378,325,Insurance [NONE] / Additional Battery [YES],313,1,カート用通常フラグ,SoftBank 601HW [BLACK] Standard 20GB,1,,,,,,,,*,sk/img001.jpg,*,sk/img001.jpg,,,,,,,,,,,,,,,,,,,,,,,0,1,en_sk_313_bt,,1,,43600,47800,,5,,,,,,,,,,,,,,,,,"21,22","NEW rental,SoftBank 601HW 20GB"
1662,6693,378,326,Insurance [NONE] / Additional Battery [YES],314,1,カート用通常フラグ,SoftBank 601HW [BLACK] Standard 20GB,1,,,,,,,,*,sk/img001.jpg,*,sk/img001.jpg,,,,,,,,,,,,,,,,,,,,,,,0,1,en_sk_314_bt,,1,,43600,47800,,5,,,,,,,,,,,,,,,,,"21,22","NEW rental,SoftBank 601HW 20GB"
1662,6697,378,327,Insurance [NONE] / Additional Battery [YES],315,1,カート用通常フラグ,SoftBank 601HW [BLACK] Standard 20GB,1,,,,,,,,*,sk/img001.jpg,*,sk/img001.jpg,,,,,,,,,,,,,,,,,,,,,,,0,1,en_sk_315_bt,,1,,43600,47800,,5,,,,,,,,,,,,,,,,,"21,22","NEW rental,SoftBank 601HW 20GB"
1662,6701,378,328,Insurance [NONE] / Additional Battery [YES],316,1,カート用通常フラグ,SoftBank 601HW [BLACK] Standard 20GB,1,,,,,,,,*,sk/img001.jpg,*,sk/img001.jpg,,,,,,,,,,,,,,,,,,,,,,,0,1,en_sk_316_bt,,1,,43600,47800,,5,,,,,,,,,,,,,,,,,"21,22","NEW rental,SoftBank 601HW 20GB"
1662,6705,378,329,Insurance [NONE] / Additional Battery [YES],317,1,カート用通常フラグ,SoftBank 601HW [BLACK] Standard 20GB,1,,,,,,,,*,sk/img001.jpg,*,sk/img001.jpg,,,,,,,,,,,,,,,,,,,,,,,0,1,en_sk_317_bt,,1,,43600,47800,,5,,,,,,,,,,,,,,,,,"21,22","NEW rental,SoftBank 601HW 20GB"
1662,6709,378,330,Insurance [NONE] / Additional Battery [YES],318,1,カート用通常フラグ,SoftBank 601HW [BLACK] Standard 20GB,1,,,,,,,,*,sk/img001.jpg,*,sk/img001.jpg,,,,,,,,,,,,,,,,,,,,,,,0,1,en_sk_318_bt,,1,,43600,47800,,5,,,,,,,,,,,,,,,,,"21,22","NEW rental,SoftBank 601HW 20GB"
1662,6713,378,331,Insurance [NONE] / Additional Battery [YES],319,1,カート用通常フラグ,SoftBank 601HW [BLACK] Standard 20GB,1,,,,,,,,*,sk/img001.jpg,*,sk/img001.jpg,,,,,,,,,,,,,,,,,,,,,,,0,1,en_sk_319_bt,,1,,43600,47800,,5,,,,,,,,,,,,,,,,,"21,22","NEW rental,SoftBank 601HW 20GB"
1662,6717,378,332,Insurance [NONE] / Additional Battery [YES],320,1,カート用通常フラグ,SoftBank 601HW [BLACK] Standard 20GB,1,,,,,,,,*,sk/img001.jpg,*,sk/img001.jpg,,,,,,,,,,,,,,,,,,,,,,,0,1,en_sk_320_bt,,1,,43600,47800,,5,,,,,,,,,,,,,,,,,"21,22","NEW rental,SoftBank 601HW 20GB"
1662,6721,378,333,Insurance [NONE] / Additional Battery [YES],321,1,カート用通常フラグ,SoftBank 601HW [BLACK] Standard 20GB,1,,,,,,,,*,sk/img001.jpg,*,sk/img001.jpg,,,,,,,,,,,,,,,,,,,,,,,0,1,en_sk_321_bt,,1,,43600,47800,,5,,,,,,,,,,,,,,,,,"21,22","NEW rental,SoftBank 601HW 20GB"
1662,6725,378,334,Insurance [NONE] / Additional Battery [YES],322,1,カート用通常フラグ,SoftBank 601HW [BLACK] Standard 20GB,1,,,,,,,,*,sk/img001.jpg,*,sk/img001.jpg,,,,,,,,,,,,,,,,,,,,,,,0,1,en_sk_322_bt,,1,,43600,47800,,5,,,,,,,,,,,,,,,,,"21,22","NEW rental,SoftBank 601HW 20GB"
1662,6729,378,335,Insurance [NONE] / Additional Battery [YES],323,1,カート用通常フラグ,SoftBank 601HW [BLACK] Standard 20GB,1,,,,,,,,*,sk/img001.jpg,*,sk/img001.jpg,,,,,,,,,,,,,,,,,,,,,,,0,1,en_sk_323_bt,,1,,43600,47800,,5,,,,,,,,,,,,,,,,,"21,22","NEW rental,SoftBank 601HW 20GB"
1662,6733,378,336,Insurance [NONE] / Additional Battery [YES],324,1,カート用通常フラグ,SoftBank 601HW [BLACK] Standard 20GB,1,,,,,,,,*,sk/img001.jpg,*,sk/img001.jpg,,,,,,,,,,,,,,,,,,,,,,,0,1,en_sk_324_bt,,1,,43600,47800,,5,,,,,,,,,,,,,,,,,"21,22","NEW rental,SoftBank 601HW 20GB"
1662,6737,378,337,Insurance [NONE] / Additional Battery [YES],325,1,カート用通常フラグ,SoftBank 601HW [BLACK] Standard 20GB,1,,,,,,,,*,sk/img001.jpg,*,sk/img001.jpg,,,,,,,,,,,,,,,,,,,,,,,0,1,en_sk_325_bt,,1,,43600,47800,,5,,,,,,,,,,,,,,,,,"21,22","NEW rental,SoftBank 601HW 20GB"
1662,6741,378,338,Insurance [NONE] / Additional Battery [YES],326,1,カート用通常フラグ,SoftBank 601HW [BLACK] Standard 20GB,1,,,,,,,,*,sk/img001.jpg,*,sk/img001.jpg,,,,,,,,,,,,,,,,,,,,,,,0,1,en_sk_326_bt,,1,,43600,47800,,5,,,,,,,,,,,,,,,,,"21,22","NEW rental,SoftBank 601HW 20GB"
1662,6745,378,339,Insurance [NONE] / Additional Battery [YES],327,1,カート用通常フラグ,SoftBank 601HW [BLACK] Standard 20GB,1,,,,,,,,*,sk/img001.jpg,*,sk/img001.jpg,,,,,,,,,,,,,,,,,,,,,,,0,1,en_sk_327_bt,,1,,43600,47800,,5,,,,,,,,,,,,,,,,,"21,22","NEW rental,SoftBank 601HW 20GB"
1662,6749,378,340,Insurance [NONE] / Additional Battery [YES],328,1,カート用通常フラグ,SoftBank 601HW [BLACK] Standard 20GB,1,,,,,,,,*,sk/img001.jpg,*,sk/img001.jpg,,,,,,,,,,,,,,,,,,,,,,,0,1,en_sk_328_bt,,1,,43600,47800,,5,,,,,,,,,,,,,,,,,"21,22","NEW rental,SoftBank 601HW 20GB"
1662,6753,378,341,Insurance [NONE] / Additional Battery [YES],329,1,カート用通常フラグ,SoftBank 601HW [BLACK] Standard 20GB,1,,,,,,,,*,sk/img001.jpg,*,sk/img001.jpg,,,,,,,,,,,,,,,,,,,,,,,0,1,en_sk_329_bt,,1,,43600,47800,,5,,,,,,,,,,,,,,,,,"21,22","NEW rental,SoftBank 601HW 20GB"
1662,6757,378,342,Insurance [NONE] / Additional Battery [YES],330,1,カート用通常フラグ,SoftBank 601HW [BLACK] Standard 20GB,1,,,,,,,,*,sk/img001.jpg,*,sk/img001.jpg,,,,,,,,,,,,,,,,,,,,,,,0,1,en_sk_330_bt,,1,,43600,47800,,5,,,,,,,,,,,,,,,,,"21,22","NEW rental,SoftBank 601HW 20GB"
1662,6761,378,343,Insurance [NONE] / Additional Battery [YES],331,1,カート用通常フラグ,SoftBank 601HW [BLACK] Standard 20GB,1,,,,,,,,*,sk/img001.jpg,*,sk/img001.jpg,,,,,,,,,,,,,,,,,,,,,,,0,1,en_sk_331_bt,,1,,43600,47800,,5,,,,,,,,,,,,,,,,,"21,22","NEW rental,SoftBank 601HW 20GB"
1662,6765,378,344,Insurance [NONE] / Additional Battery [YES],332,1,カート用通常フラグ,SoftBank 601HW [BLACK] Standard 20GB,1,,,,,,,,*,sk/img001.jpg,*,sk/img001.jpg,,,,,,,,,,,,,,,,,,,,,,,0,1,en_sk_332_bt,,1,,43990,48240,,5,,,,,,,,,,,,,,,,,"21,22","NEW rental,SoftBank 601HW 20GB"
1662,6769,378,345,Insurance [NONE] / Additional Battery [YES],333,1,カート用通常フラグ,SoftBank 601HW [BLACK] Standard 20GB,1,,,,,,,,*,sk/img001.jpg,*,sk/img001.jpg,,,,,,,,,,,,,,,,,,,,,,,0,1,en_sk_333_bt,,1,,44380,48680,,5,,,,,,,,,,,,,,,,,"21,22","NEW rental,SoftBank 601HW 20GB"
1662,6773,378,346,Insurance [NONE] / Additional Battery [YES],334,1,カート用通常フラグ,SoftBank 601HW [BLACK] Standard 20GB,1,,,,,,,,*,sk/img001.jpg,*,sk/img001.jpg,,,,,,,,,,,,,,,,,,,,,,,0,1,en_sk_334_bt,,1,,44770,49120,,5,,,,,,,,,,,,,,,,,"21,22","NEW rental,SoftBank 601HW 20GB"
1662,6777,378,347,Insurance [NONE] / Additional Battery [YES],335,1,カート用通常フラグ,SoftBank 601HW [BLACK] Standard 20GB,1,,,,,,,,*,sk/img001.jpg,*,sk/img001.jpg,,,,,,,,,,,,,,,,,,,,,,,0,1,en_sk_335_bt,,1,,45160,49560,,5,,,,,,,,,,,,,,,,,"21,22","NEW rental,SoftBank 601HW 20GB"
1662,6781,378,348,Insurance [NONE] / Additional Battery [YES],336,1,カート用通常フラグ,SoftBank 601HW [BLACK] Standard 20GB,1,,,,,,,,*,sk/img001.jpg,*,sk/img001.jpg,,,,,,,,,,,,,,,,,,,,,,,0,1,en_sk_336_bt,,1,,45550,50000,,5,,,,,,,,,,,,,,,,,"21,22","NEW rental,SoftBank 601HW 20GB"
1662,6785,378,349,Insurance [NONE] / Additional Battery [YES],337,1,カート用通常フラグ,SoftBank 601HW [BLACK] Standard 20GB,1,,,,,,,,*,sk/img001.jpg,*,sk/img001.jpg,,,,,,,,,,,,,,,,,,,,,,,0,1,en_sk_337_bt,,1,,45600,50100,,5,,,,,,,,,,,,,,,,,"21,22","NEW rental,SoftBank 601HW 20GB"
1662,6789,378,350,Insurance [NONE] / Additional Battery [YES],338,1,カート用通常フラグ,SoftBank 601HW [BLACK] Standard 20GB,1,,,,,,,,*,sk/img001.jpg,*,sk/img001.jpg,,,,,,,,,,,,,,,,,,,,,,,0,1,en_sk_338_bt,,1,,45600,50100,,5,,,,,,,,,,,,,,,,,"21,22","NEW rental,SoftBank 601HW 20GB"
1662,6793,378,351,Insurance [NONE] / Additional Battery [YES],339,1,カート用通常フラグ,SoftBank 601HW [BLACK] Standard 20GB,1,,,,,,,,*,sk/img001.jpg,*,sk/img001.jpg,,,,,,,,,,,,,,,,,,,,,,,0,1,en_sk_339_bt,,1,,45600,50100,,5,,,,,,,,,,,,,,,,,"21,22","NEW rental,SoftBank 601HW 20GB"
1662,6797,378,352,Insurance [NONE] / Additional Battery [YES],340,1,カート用通常フラグ,SoftBank 601HW [BLACK] Standard 20GB,1,,,,,,,,*,sk/img001.jpg,*,sk/img001.jpg,,,,,,,,,,,,,,,,,,,,,,,0,1,en_sk_340_bt,,1,,45600,50100,,5,,,,,,,,,,,,,,,,,"21,22","NEW rental,SoftBank 601HW 20GB"
1662,6801,378,353,Insurance [NONE] / Additional Battery [YES],341,1,カート用通常フラグ,SoftBank 601HW [BLACK] Standard 20GB,1,,,,,,,,*,sk/img001.jpg,*,sk/img001.jpg,,,,,,,,,,,,,,,,,,,,,,,0,1,en_sk_341_bt,,1,,45600,50100,,5,,,,,,,,,,,,,,,,,"21,22","NEW rental,SoftBank 601HW 20GB"
1662,6805,378,354,Insurance [NONE] / Additional Battery [YES],342,1,カート用通常フラグ,SoftBank 601HW [BLACK] Standard 20GB,1,,,,,,,,*,sk/img001.jpg,*,sk/img001.jpg,,,,,,,,,,,,,,,,,,,,,,,0,1,en_sk_342_bt,,1,,45600,50100,,5,,,,,,,,,,,,,,,,,"21,22","NEW rental,SoftBank 601HW 20GB"
1662,6809,378,355,Insurance [NONE] / Additional Battery [YES],343,1,カート用通常フラグ,SoftBank 601HW [BLACK] Standard 20GB,1,,,,,,,,*,sk/img001.jpg,*,sk/img001.jpg,,,,,,,,,,,,,,,,,,,,,,,0,1,en_sk_343_bt,,1,,45600,50100,,5,,,,,,,,,,,,,,,,,"21,22","NEW rental,SoftBank 601HW 20GB"
1662,6813,378,356,Insurance [NONE] / Additional Battery [YES],344,1,カート用通常フラグ,SoftBank 601HW [BLACK] Standard 20GB,1,,,,,,,,*,sk/img001.jpg,*,sk/img001.jpg,,,,,,,,,,,,,,,,,,,,,,,0,1,en_sk_344_bt,,1,,45600,50100,,5,,,,,,,,,,,,,,,,,"21,22","NEW rental,SoftBank 601HW 20GB"
1662,6817,378,357,Insurance [NONE] / Additional Battery [YES],345,1,カート用通常フラグ,SoftBank 601HW [BLACK] Standard 20GB,1,,,,,,,,*,sk/img001.jpg,*,sk/img001.jpg,,,,,,,,,,,,,,,,,,,,,,,0,1,en_sk_345_bt,,1,,45600,50100,,5,,,,,,,,,,,,,,,,,"21,22","NEW rental,SoftBank 601HW 20GB"
1662,6821,378,358,Insurance [NONE] / Additional Battery [YES],346,1,カート用通常フラグ,SoftBank 601HW [BLACK] Standard 20GB,1,,,,,,,,*,sk/img001.jpg,*,sk/img001.jpg,,,,,,,,,,,,,,,,,,,,,,,0,1,en_sk_346_bt,,1,,45600,50100,,5,,,,,,,,,,,,,,,,,"21,22","NEW rental,SoftBank 601HW 20GB"
1662,6825,378,359,Insurance [NONE] / Additional Battery [YES],347,1,カート用通常フラグ,SoftBank 601HW [BLACK] Standard 20GB,1,,,,,,,,*,sk/img001.jpg,*,sk/img001.jpg,,,,,,,,,,,,,,,,,,,,,,,0,1,en_sk_347_bt,,1,,45600,50100,,5,,,,,,,,,,,,,,,,,"21,22","NEW rental,SoftBank 601HW 20GB"
1662,6829,378,360,Insurance [NONE] / Additional Battery [YES],348,1,カート用通常フラグ,SoftBank 601HW [BLACK] Standard 20GB,1,,,,,,,,*,sk/img001.jpg,*,sk/img001.jpg,,,,,,,,,,,,,,,,,,,,,,,0,1,en_sk_348_bt,,1,,45600,50100,,5,,,,,,,,,,,,,,,,,"21,22","NEW rental,SoftBank 601HW 20GB"
1662,6833,378,361,Insurance [NONE] / Additional Battery [YES],349,1,カート用通常フラグ,SoftBank 601HW [BLACK] Standard 20GB,1,,,,,,,,*,sk/img001.jpg,*,sk/img001.jpg,,,,,,,,,,,,,,,,,,,,,,,0,1,en_sk_349_bt,,1,,45600,50100,,5,,,,,,,,,,,,,,,,,"21,22","NEW rental,SoftBank 601HW 20GB"
1662,6837,378,362,Insurance [NONE] / Additional Battery [YES],350,1,カート用通常フラグ,SoftBank 601HW [BLACK] Standard 20GB,1,,,,,,,,*,sk/img001.jpg,*,sk/img001.jpg,,,,,,,,,,,,,,,,,,,,,,,0,1,en_sk_350_bt,,1,,45600,50100,,5,,,,,,,,,,,,,,,,,"21,22","NEW rental,SoftBank 601HW 20GB"
1662,6841,378,363,Insurance [NONE] / Additional Battery [YES],351,1,カート用通常フラグ,SoftBank 601HW [BLACK] Standard 20GB,1,,,,,,,,*,sk/img001.jpg,*,sk/img001.jpg,,,,,,,,,,,,,,,,,,,,,,,0,1,en_sk_351_bt,,1,,45600,50100,,5,,,,,,,,,,,,,,,,,"21,22","NEW rental,SoftBank 601HW 20GB"
1662,6845,378,364,Insurance [NONE] / Additional Battery [YES],352,1,カート用通常フラグ,SoftBank 601HW [BLACK] Standard 20GB,1,,,,,,,,*,sk/img001.jpg,*,sk/img001.jpg,,,,,,,,,,,,,,,,,,,,,,,0,1,en_sk_352_bt,,1,,45600,50100,,5,,,,,,,,,,,,,,,,,"21,22","NEW rental,SoftBank 601HW 20GB"
1662,6849,378,365,Insurance [NONE] / Additional Battery [YES],353,1,カート用通常フラグ,SoftBank 601HW [BLACK] Standard 20GB,1,,,,,,,,*,sk/img001.jpg,*,sk/img001.jpg,,,,,,,,,,,,,,,,,,,,,,,0,1,en_sk_353_bt,,1,,45600,50100,,5,,,,,,,,,,,,,,,,,"21,22","NEW rental,SoftBank 601HW 20GB"
1662,6853,378,366,Insurance [NONE] / Additional Battery [YES],354,1,カート用通常フラグ,SoftBank 601HW [BLACK] Standard 20GB,1,,,,,,,,*,sk/img001.jpg,*,sk/img001.jpg,,,,,,,,,,,,,,,,,,,,,,,0,1,en_sk_354_bt,,1,,45600,50100,,5,,,,,,,,,,,,,,,,,"21,22","NEW rental,SoftBank 601HW 20GB"
1662,6857,378,367,Insurance [NONE] / Additional Battery [YES],355,1,カート用通常フラグ,SoftBank 601HW [BLACK] Standard 20GB,1,,,,,,,,*,sk/img001.jpg,*,sk/img001.jpg,,,,,,,,,,,,,,,,,,,,,,,0,1,en_sk_355_bt,,1,,45600,50100,,5,,,,,,,,,,,,,,,,,"21,22","NEW rental,SoftBank 601HW 20GB"
1662,6861,378,368,Insurance [NONE] / Additional Battery [YES],356,1,カート用通常フラグ,SoftBank 601HW [BLACK] Standard 20GB,1,,,,,,,,*,sk/img001.jpg,*,sk/img001.jpg,,,,,,,,,,,,,,,,,,,,,,,0,1,en_sk_356_bt,,1,,45600,50100,,5,,,,,,,,,,,,,,,,,"21,22","NEW rental,SoftBank 601HW 20GB"
1662,6865,378,369,Insurance [NONE] / Additional Battery [YES],357,1,カート用通常フラグ,SoftBank 601HW [BLACK] Standard 20GB,1,,,,,,,,*,sk/img001.jpg,*,sk/img001.jpg,,,,,,,,,,,,,,,,,,,,,,,0,1,en_sk_357_bt,,1,,45600,50100,,5,,,,,,,,,,,,,,,,,"21,22","NEW rental,SoftBank 601HW 20GB"
1662,6869,378,370,Insurance [NONE] / Additional Battery [YES],358,1,カート用通常フラグ,SoftBank 601HW [BLACK] Standard 20GB,1,,,,,,,,*,sk/img001.jpg,*,sk/img001.jpg,,,,,,,,,,,,,,,,,,,,,,,0,1,en_sk_358_bt,,1,,45600,50100,,5,,,,,,,,,,,,,,,,,"21,22","NEW rental,SoftBank 601HW 20GB"
1662,6873,378,371,Insurance [NONE] / Additional Battery [YES],359,1,カート用通常フラグ,SoftBank 601HW [BLACK] Standard 20GB,1,,,,,,,,*,sk/img001.jpg,*,sk/img001.jpg,,,,,,,,,,,,,,,,,,,,,,,0,1,en_sk_359_bt,,1,,45600,50100,,5,,,,,,,,,,,,,,,,,"21,22","NEW rental,SoftBank 601HW 20GB"
1662,6877,378,372,Insurance [NONE] / Additional Battery [YES],360,1,カート用通常フラグ,SoftBank 601HW [BLACK] Standard 20GB,1,,,,,,,,*,sk/img001.jpg,*,sk/img001.jpg,,,,,,,,,,,,,,,,,,,,,,,0,1,en_sk_360_bt,,1,,45600,50100,,5,,,,,,,,,,,,,,,,,"21,22","NEW rental,SoftBank 601HW 20GB"
1662,6881,378,373,Insurance [NONE] / Additional Battery [YES],361,1,カート用通常フラグ,SoftBank 601HW [BLACK] Standard 20GB,1,,,,,,,,*,sk/img001.jpg,*,sk/img001.jpg,,,,,,,,,,,,,,,,,,,,,,,0,1,en_sk_361_bt,,1,,45600,50100,,5,,,,,,,,,,,,,,,,,"21,22","NEW rental,SoftBank 601HW 20GB"
1662,6885,378,374,Insurance [NONE] / Additional Battery [YES],362,1,カート用通常フラグ,SoftBank 601HW [BLACK] Standard 20GB,1,,,,,,,,*,sk/img001.jpg,*,sk/img001.jpg,,,,,,,,,,,,,,,,,,,,,,,0,1,en_sk_362_bt,,1,,45990,50540,,5,,,,,,,,,,,,,,,,,"21,22","NEW rental,SoftBank 601HW 20GB"
1662,6889,378,375,Insurance [NONE] / Additional Battery [YES],363,1,カート用通常フラグ,SoftBank 601HW [BLACK] Standard 20GB,1,,,,,,,,*,sk/img001.jpg,*,sk/img001.jpg,,,,,,,,,,,,,,,,,,,,,,,0,1,en_sk_363_bt,,1,,46380,50980,,5,,,,,,,,,,,,,,,,,"21,22","NEW rental,SoftBank 601HW 20GB"
1662,6893,378,376,Insurance [NONE] / Additional Battery [YES],364,1,カート用通常フラグ,SoftBank 601HW [BLACK] Standard 20GB,1,,,,,,,,*,sk/img001.jpg,*,sk/img001.jpg,,,,,,,,,,,,,,,,,,,,,,,0,1,en_sk_364_bt,,1,,46770,51420,,5,,,,,,,,,,,,,,,,,"21,22","NEW rental,SoftBank 601HW 20GB"
1662,5440,379,13,Insurance [YES] / Additional Battery [NONE],1,1,カート用通常フラグ,SoftBank 601HW [BLACK] Standard 20GB,1,,,,,,,,*,sk/img001.jpg,*,sk/img001.jpg,,,,,,,,,,,,,,,,,,,,,,,0,1,en_sk_001_in,,1,,780,1330,,5,,,,,,,,,,,,,,,,,"21,22","NEW rental,SoftBank 601HW 20GB"
1662,5444,379,14,Insurance [YES] / Additional Battery [NONE],2,1,カート用通常フラグ,SoftBank 601HW [BLACK] Standard 20GB,1,,,,,,,,*,sk/img001.jpg,*,sk/img001.jpg,,,,,,,,,,,,,,,,,,,,,,,0,1,en_sk_002_in,,1,,1170,1720,,5,,,,,,,,,,,,,,,,,"21,22","NEW rental,SoftBank 601HW 20GB"
1662,5448,379,15,Insurance [YES] / Additional Battery [NONE],3,1,カート用通常フラグ,SoftBank 601HW [BLACK] Standard 20GB,1,,,,,,,,*,sk/img001.jpg,*,sk/img001.jpg,,,,,,,,,,,,,,,,,,,,,,,0,1,en_sk_003_in,,1,,1560,2110,,5,,,,,,,,,,,,,,,,,"21,22","NEW rental,SoftBank 601HW 20GB"
1662,5452,379,16,Insurance [YES] / Additional Battery [NONE],4,1,カート用通常フラグ,SoftBank 601HW [BLACK] Standard 20GB,1,,,,,,,,*,sk/img001.jpg,*,sk/img001.jpg,,,,,,,,,,,,,,,,,,,,,,,0,1,en_sk_004_in,,1,,1950,2500,,5,,,,,,,,,,,,,,,,,"21,22","NEW rental,SoftBank 601HW 20GB"
1662,5456,379,17,Insurance [YES] / Additional Battery [NONE],5,1,カート用通常フラグ,SoftBank 601HW [BLACK] Standard 20GB,1,,,,,,,,*,sk/img001.jpg,*,sk/img001.jpg,,,,,,,,,,,,,,,,,,,,,,,0,1,en_sk_005_in,,1,,2340,2890,,5,,,,,,,,,,,,,,,,,"21,22","NEW rental,SoftBank 601HW 20GB"
1662,5460,379,18,Insurance [YES] / Additional Battery [NONE],6,1,カート用通常フラグ,SoftBank 601HW [BLACK] Standard 20GB,1,,,,,,,,*,sk/img001.jpg,*,sk/img001.jpg,,,,,,,,,,,,,,,,,,,,,,,0,1,en_sk_030_in,,1,,2730,3280,,5,,,,,,,,,,,,,,,,,"21,22","NEW rental,SoftBank 601HW 20GB"
1662,5464,379,19,Insurance [YES] / Additional Battery [NONE],7,1,カート用通常フラグ,SoftBank 601HW [BLACK] Standard 20GB,1,,,,,,,,*,sk/img001.jpg,*,sk/img001.jpg,,,,,,,,,,,,,,,,,,,,,,,0,1,en_sk_029_in,,1,,3120,3670,,5,,,,,,,,,,,,,,,,,"21,22","NEW rental,SoftBank 601HW 20GB"
1662,5468,379,20,Insurance [YES] / Additional Battery [NONE],8,1,カート用通常フラグ,SoftBank 601HW [BLACK] Standard 20GB,1,,,,,,,,*,sk/img001.jpg,*,sk/img001.jpg,,,,,,,,,,,,,,,,,,,,,,,0,1,en_sk_028_in,,1,,3510,4060,,5,,,,,,,,,,,,,,,,,"21,22","NEW rental,SoftBank 601HW 20GB"
1662,5472,379,21,Insurance [YES] / Additional Battery [NONE],9,1,カート用通常フラグ,SoftBank 601HW [BLACK] Standard 20GB,1,,,,,,,,*,sk/img001.jpg,*,sk/img001.jpg,,,,,,,,,,,,,,,,,,,,,,,0,1,en_sk_027_in,,1,,3900,4450,,5,,,,,,,,,,,,,,,,,"21,22","NEW rental,SoftBank 601HW 20GB"
1662,5476,379,22,Insurance [YES] / Additional Battery [NONE],10,1,カート用通常フラグ,SoftBank 601HW [BLACK] Standard 20GB,1,,,,,,,,*,sk/img001.jpg,*,sk/img001.jpg,,,,,,,,,,,,,,,,,,,,,,,0,1,en_sk_026_in,,1,,4290,4840,,5,,,,,,,,,,,,,,,,,"21,22","NEW rental,SoftBank 601HW 20GB"
1662,5480,379,23,Insurance [YES] / Additional Battery [NONE],11,1,カート用通常フラグ,SoftBank 601HW [BLACK] Standard 20GB,1,,,,,,,,*,sk/img001.jpg,*,sk/img001.jpg,,,,,,,,,,,,,,,,,,,,,,,0,1,en_sk_025_in,,1,,4680,5230,,5,,,,,,,,,,,,,,,,,"21,22","NEW rental,SoftBank 601HW 20GB"
1662,5484,379,24,Insurance [YES] / Additional Battery [NONE],12,1,カート用通常フラグ,SoftBank 601HW [BLACK] Standard 20GB,1,,,,,,,,*,sk/img001.jpg,*,sk/img001.jpg,,,,,,,,,,,,,,,,,,,,,,,0,1,en_sk_024_in,,1,,5070,5620,,5,,,,,,,,,,,,,,,,,"21,22","NEW rental,SoftBank 601HW 20GB"
1662,5488,379,25,Insurance [YES] / Additional Battery [NONE],13,1,カート用通常フラグ,SoftBank 601HW [BLACK] Standard 20GB,1,,,,,,,,*,sk/img001.jpg,*,sk/img001.jpg,,,,,,,,,,,,,,,,,,,,,,,0,1,en_sk_023_in,,1,,5460,6010,,5,,,,,,,,,,,,,,,,,"21,22","NEW rental,SoftBank 601HW 20GB"
1662,5492,379,26,Insurance [YES] / Additional Battery [NONE],14,1,カート用通常フラグ,SoftBank 601HW [BLACK] Standard 20GB,1,,,,,,,,*,sk/img001.jpg,*,sk/img001.jpg,,,,,,,,,,,,,,,,,,,,,,,0,1,en_sk_022_in,,1,,5850,6400,,5,,,,,,,,,,,,,,,,,"21,22","NEW rental,SoftBank 601HW 20GB"
1662,5496,379,27,Insurance [YES] / Additional Battery [NONE],15,1,カート用通常フラグ,SoftBank 601HW [BLACK] Standard 20GB,1,,,,,,,,*,sk/img001.jpg,*,sk/img001.jpg,,,,,,,,,,,,,,,,,,,,,,,0,1,en_sk_021_in,,1,,5850,6400,,5,,,,,,,,,,,,,,,,,"21,22","NEW rental,SoftBank 601HW 20GB"
1662,5500,379,28,Insurance [YES] / Additional Battery [NONE],16,1,カート用通常フラグ,SoftBank 601HW [BLACK] Standard 20GB,1,,,,,,,,*,sk/img001.jpg,*,sk/img001.jpg,,,,,,,,,,,,,,,,,,,,,,,0,1,en_sk_020_in,,1,,5850,6400,,5,,,,,,,,,,,,,,,,,"21,22","NEW rental,SoftBank 601HW 20GB"
1662,5504,379,29,Insurance [YES] / Additional Battery [NONE],17,1,カート用通常フラグ,SoftBank 601HW [BLACK] Standard 20GB,1,,,,,,,,*,sk/img001.jpg,*,sk/img001.jpg,,,,,,,,,,,,,,,,,,,,,,,0,1,en_sk_019_in,,1,,5850,6400,,5,,,,,,,,,,,,,,,,,"21,22","NEW rental,SoftBank 601HW 20GB"
1662,5508,379,30,Insurance [YES] / Additional Battery [NONE],18,1,カート用通常フラグ,SoftBank 601HW [BLACK] Standard 20GB,1,,,,,,,,*,sk/img001.jpg,*,sk/img001.jpg,,,,,,,,,,,,,,,,,,,,,,,0,1,en_sk_018_in,,1,,5850,6400,,5,,,,,,,,,,,,,,,,,"21,22","NEW rental,SoftBank 601HW 20GB"
1662,5512,379,31,Insurance [YES] / Additional Battery [NONE],19,1,カート用通常フラグ,SoftBank 601HW [BLACK] Standard 20GB,1,,,,,,,,*,sk/img001.jpg,*,sk/img001.jpg,,,,,,,,,,,,,,,,,,,,,,,0,1,en_sk_017_in,,1,,5850,6400,,5,,,,,,,,,,,,,,,,,"21,22","NEW rental,SoftBank 601HW 20GB"
1662,5516,379,32,Insurance [YES] / Additional Battery [NONE],20,1,カート用通常フラグ,SoftBank 601HW [BLACK] Standard 20GB,1,,,,,,,,*,sk/img001.jpg,*,sk/img001.jpg,,,,,,,,,,,,,,,,,,,,,,,0,1,en_sk_016_in,,1,,5850,6400,,5,,,,,,,,,,,,,,,,,"21,22","NEW rental,SoftBank 601HW 20GB"
1662,5520,379,33,Insurance [YES] / Additional Battery [NONE],21,1,カート用通常フラグ,SoftBank 601HW [BLACK] Standard 20GB,1,,,,,,,,*,sk/img001.jpg,*,sk/img001.jpg,,,,,,,,,,,,,,,,,,,,,,,0,1,en_sk_015_in,,1,,5850,6400,,5,,,,,,,,,,,,,,,,,"21,22","NEW rental,SoftBank 601HW 20GB"
1662,5524,379,34,Insurance [YES] / Additional Battery [NONE],22,1,カート用通常フラグ,SoftBank 601HW [BLACK] Standard 20GB,1,,,,,,,,*,sk/img001.jpg,*,sk/img001.jpg,,,,,,,,,,,,,,,,,,,,,,,0,1,en_sk_014_in,,1,,5850,6400,,5,,,,,,,,,,,,,,,,,"21,22","NEW rental,SoftBank 601HW 20GB"
1662,5528,379,35,Insurance [YES] / Additional Battery [NONE],23,1,カート用通常フラグ,SoftBank 601HW [BLACK] Standard 20GB,1,,,,,,,,*,sk/img001.jpg,*,sk/img001.jpg,,,,,,,,,,,,,,,,,,,,,,,0,1,en_sk_013_in,,1,,5850,6400,,5,,,,,,,,,,,,,,,,,"21,22","NEW rental,SoftBank 601HW 20GB"
1662,5532,379,36,Insurance [YES] / Additional Battery [NONE],24,1,カート用通常フラグ,SoftBank 601HW [BLACK] Standard 20GB,1,,,,,,,,*,sk/img001.jpg,*,sk/img001.jpg,,,,,,,,,,,,,,,,,,,,,,,0,1,en_sk_012_in,,1,,5850,6400,,5,,,,,,,,,,,,,,,,,"21,22","NEW rental,SoftBank 601HW 20GB"
1662,5536,379,37,Insurance [YES] / Additional Battery [NONE],25,1,カート用通常フラグ,SoftBank 601HW [BLACK] Standard 20GB,1,,,,,,,,*,sk/img001.jpg,*,sk/img001.jpg,,,,,,,,,,,,,,,,,,,,,,,0,1,en_sk_011_in,,1,,5850,6400,,5,,,,,,,,,,,,,,,,,"21,22","NEW rental,SoftBank 601HW 20GB"
1662,5540,379,38,Insurance [YES] / Additional Battery [NONE],26,1,カート用通常フラグ,SoftBank 601HW [BLACK] Standard 20GB,1,,,,,,,,*,sk/img001.jpg,*,sk/img001.jpg,,,,,,,,,,,,,,,,,,,,,,,0,1,en_sk_010_in,,1,,5850,6400,,5,,,,,,,,,,,,,,,,,"21,22","NEW rental,SoftBank 601HW 20GB"
1662,5544,379,39,Insurance [YES] / Additional Battery [NONE],27,1,カート用通常フラグ,SoftBank 601HW [BLACK] Standard 20GB,1,,,,,,,,*,sk/img001.jpg,*,sk/img001.jpg,,,,,,,,,,,,,,,,,,,,,,,0,1,en_sk_009_in,,1,,5850,6400,,5,,,,,,,,,,,,,,,,,"21,22","NEW rental,SoftBank 601HW 20GB"
1662,5548,379,40,Insurance [YES] / Additional Battery [NONE],28,1,カート用通常フラグ,SoftBank 601HW [BLACK] Standard 20GB,1,,,,,,,,*,sk/img001.jpg,*,sk/img001.jpg,,,,,,,,,,,,,,,,,,,,,,,0,1,en_sk_008_in,,1,,5850,6400,,5,,,,,,,,,,,,,,,,,"21,22","NEW rental,SoftBank 601HW 20GB"
1662,5552,379,41,Insurance [YES] / Additional Battery [NONE],29,1,カート用通常フラグ,SoftBank 601HW [BLACK] Standard 20GB,1,,,,,,,,*,sk/img001.jpg,*,sk/img001.jpg,,,,,,,,,,,,,,,,,,,,,,,0,1,en_sk_007_in,,1,,5850,6400,,5,,,,,,,,,,,,,,,,,"21,22","NEW rental,SoftBank 601HW 20GB"
1662,5556,379,42,Insurance [YES] / Additional Battery [NONE],30,1,カート用通常フラグ,SoftBank 601HW [BLACK] Standard 20GB,1,,,,,,,,*,sk/img001.jpg,*,sk/img001.jpg,,,,,,,,,,,,,,,,,,,,,,,0,1,en_sk_006_in,,1,,5850,6400,,5,,,,,,,,,,,,,,,,,"21,22","NEW rental,SoftBank 601HW 20GB"
1662,5560,379,43,Insurance [YES] / Additional Battery [NONE],31,1,カート用通常フラグ,SoftBank 601HW [BLACK] Standard 20GB,1,,,,,,,,*,sk/img001.jpg,*,sk/img001.jpg,,,,,,,,,,,,,,,,,,,,,,,0,1,en_sk_364_in,,1,,6240,6790,,5,,,,,,,,,,,,,,,,,"21,22","NEW rental,SoftBank 601HW 20GB"
1662,5564,379,44,Insurance [YES] / Additional Battery [NONE],32,1,カート用通常フラグ,SoftBank 601HW [BLACK] Standard 20GB,1,,,,,,,,*,sk/img001.jpg,*,sk/img001.jpg,,,,,,,,,,,,,,,,,,,,,,,0,1,en_sk_363_in,,1,,6630,7180,,5,,,,,,,,,,,,,,,,,"21,22","NEW rental,SoftBank 601HW 20GB"
1662,5568,379,45,Insurance [YES] / Additional Battery [NONE],33,1,カート用通常フラグ,SoftBank 601HW [BLACK] Standard 20GB,1,,,,,,,,*,sk/img001.jpg,*,sk/img001.jpg,,,,,,,,,,,,,,,,,,,,,,,0,1,en_sk_362_in,,1,,7020,7570,,5,,,,,,,,,,,,,,,,,"21,22","NEW rental,SoftBank 601HW 20GB"
1662,5572,379,46,Insurance [YES] / Additional Battery [NONE],34,1,カート用通常フラグ,SoftBank 601HW [BLACK] Standard 20GB,1,,,,,,,,*,sk/img001.jpg,*,sk/img001.jpg,,,,,,,,,,,,,,,,,,,,,,,0,1,en_sk_361_in,,1,,7410,7960,,5,,,,,,,,,,,,,,,,,"21,22","NEW rental,SoftBank 601HW 20GB"
1662,5576,379,47,Insurance [YES] / Additional Battery [NONE],35,1,カート用通常フラグ,SoftBank 601HW [BLACK] Standard 20GB,1,,,,,,,,*,sk/img001.jpg,*,sk/img001.jpg,,,,,,,,,,,,,,,,,,,,,,,0,1,en_sk_360_in,,1,,7800,8350,,5,,,,,,,,,,,,,,,,,"21,22","NEW rental,SoftBank 601HW 20GB"
1662,5580,379,48,Insurance [YES] / Additional Battery [NONE],36,1,カート用通常フラグ,SoftBank 601HW [BLACK] Standard 20GB,1,,,,,,,,*,sk/img001.jpg,*,sk/img001.jpg,,,,,,,,,,,,,,,,,,,,,,,0,1,en_sk_359_in,,1,,8190,8740,,5,,,,,,,,,,,,,,,,,"21,22","NEW rental,SoftBank 601HW 20GB"
1662,5584,379,49,Insurance [YES] / Additional Battery [NONE],37,1,カート用通常フラグ,SoftBank 601HW [BLACK] Standard 20GB,1,,,,,,,,*,sk/img001.jpg,*,sk/img001.jpg,,,,,,,,,,,,,,,,,,,,,,,0,1,en_sk_358_in,,1,,8580,9130,,5,,,,,,,,,,,,,,,,,"21,22","NEW rental,SoftBank 601HW 20GB"
1662,5588,379,50,Insurance [YES] / Additional Battery [NONE],38,1,カート用通常フラグ,SoftBank 601HW [BLACK] Standard 20GB,1,,,,,,,,*,sk/img001.jpg,*,sk/img001.jpg,,,,,,,,,,,,,,,,,,,,,,,0,1,en_sk_357_in,,1,,8970,9520,,5,,,,,,,,,,,,,,,,,"21,22","NEW rental,SoftBank 601HW 20GB"
1662,5592,379,51,Insurance [YES] / Additional Battery [NONE],39,1,カート用通常フラグ,SoftBank 601HW [BLACK] Standard 20GB,1,,,,,,,,*,sk/img001.jpg,*,sk/img001.jpg,,,,,,,,,,,,,,,,,,,,,,,0,1,en_sk_356_in,,1,,9360,9910,,5,,,,,,,,,,,,,,,,,"21,22","NEW rental,SoftBank 601HW 20GB"
1662,5596,379,52,Insurance [YES] / Additional Battery [NONE],40,1,カート用通常フラグ,SoftBank 601HW [BLACK] Standard 20GB,1,,,,,,,,*,sk/img001.jpg,*,sk/img001.jpg,,,,,,,,,,,,,,,,,,,,,,,0,1,en_sk_355_in,,1,,9750,10300,,5,,,,,,,,,,,,,,,,,"21,22","NEW rental,SoftBank 601HW 20GB"
1662,5600,379,53,Insurance [YES] / Additional Battery [NONE],41,1,カート用通常フラグ,SoftBank 601HW [BLACK] Standard 20GB,1,,,,,,,,*,sk/img001.jpg,*,sk/img001.jpg,,,,,,,,,,,,,,,,,,,,,,,0,1,en_sk_354_in,,1,,10140,10690,,5,,,,,,,,,,,,,,,,,"21,22","NEW rental,SoftBank 601HW 20GB"
1662,5604,379,54,Insurance [YES] / Additional Battery [NONE],42,1,カート用通常フラグ,SoftBank 601HW [BLACK] Standard 20GB,1,,,,,,,,*,sk/img001.jpg,*,sk/img001.jpg,,,,,,,,,,,,,,,,,,,,,,,0,1,en_sk_353_in,,1,,10400,10950,,5,,,,,,,,,,,,,,,,,"21,22","NEW rental,SoftBank 601HW 20GB"
1662,5608,379,55,Insurance [YES] / Additional Battery [NONE],43,1,カート用通常フラグ,SoftBank 601HW [BLACK] Standard 20GB,1,,,,,,,,*,sk/img001.jpg,*,sk/img001.jpg,,,,,,,,,,,,,,,,,,,,,,,0,1,en_sk_352_in,,1,,10400,10950,,5,,,,,,,,,,,,,,,,,"21,22","NEW rental,SoftBank 601HW 20GB"
1662,5612,379,56,Insurance [YES] / Additional Battery [NONE],44,1,カート用通常フラグ,SoftBank 601HW [BLACK] Standard 20GB,1,,,,,,,,*,sk/img001.jpg,*,sk/img001.jpg,,,,,,,,,,,,,,,,,,,,,,,0,1,en_sk_351_in,,1,,10400,10950,,5,,,,,,,,,,,,,,,,,"21,22","NEW rental,SoftBank 601HW 20GB"
1662,5616,379,57,Insurance [YES] / Additional Battery [NONE],45,1,カート用通常フラグ,SoftBank 601HW [BLACK] Standard 20GB,1,,,,,,,,*,sk/img001.jpg,*,sk/img001.jpg,,,,,,,,,,,,,,,,,,,,,,,0,1,en_sk_350_in,,1,,10400,10950,,5,,,,,,,,,,,,,,,,,"21,22","NEW rental,SoftBank 601HW 20GB"
1662,5620,379,58,Insurance [YES] / Additional Battery [NONE],46,1,カート用通常フラグ,SoftBank 601HW [BLACK] Standard 20GB,1,,,,,,,,*,sk/img001.jpg,*,sk/img001.jpg,,,,,,,,,,,,,,,,,,,,,,,0,1,en_sk_349_in,,1,,10400,10950,,5,,,,,,,,,,,,,,,,,"21,22","NEW rental,SoftBank 601HW 20GB"
1662,5624,379,59,Insurance [YES] / Additional Battery [NONE],47,1,カート用通常フラグ,SoftBank 601HW [BLACK] Standard 20GB,1,,,,,,,,*,sk/img001.jpg,*,sk/img001.jpg,,,,,,,,,,,,,,,,,,,,,,,0,1,en_sk_348_in,,1,,10400,10950,,5,,,,,,,,,,,,,,,,,"21,22","NEW rental,SoftBank 601HW 20GB"
1662,5628,379,60,Insurance [YES] / Additional Battery [NONE],48,1,カート用通常フラグ,SoftBank 601HW [BLACK] Standard 20GB,1,,,,,,,,*,sk/img001.jpg,*,sk/img001.jpg,,,,,,,,,,,,,,,,,,,,,,,0,1,en_sk_347_in,,1,,10400,10950,,5,,,,,,,,,,,,,,,,,"21,22","NEW rental,SoftBank 601HW 20GB"
1662,5632,379,61,Insurance [YES] / Additional Battery [NONE],49,1,カート用通常フラグ,SoftBank 601HW [BLACK] Standard 20GB,1,,,,,,,,*,sk/img001.jpg,*,sk/img001.jpg,,,,,,,,,,,,,,,,,,,,,,,0,1,en_sk_346_in,,1,,10400,10950,,5,,,,,,,,,,,,,,,,,"21,22","NEW rental,SoftBank 601HW 20GB"
1662,5636,379,62,Insurance [YES] / Additional Battery [NONE],50,1,カート用通常フラグ,SoftBank 601HW [BLACK] Standard 20GB,1,,,,,,,,*,sk/img001.jpg,*,sk/img001.jpg,,,,,,,,,,,,,,,,,,,,,,,0,1,en_sk_345_in,,1,,10400,10950,,5,,,,,,,,,,,,,,,,,"21,22","NEW rental,SoftBank 601HW 20GB"
1662,5640,379,63,Insurance [YES] / Additional Battery [NONE],51,1,カート用通常フラグ,SoftBank 601HW [BLACK] Standard 20GB,1,,,,,,,,*,sk/img001.jpg,*,sk/img001.jpg,,,,,,,,,,,,,,,,,,,,,,,0,1,en_sk_344_in,,1,,10400,10950,,5,,,,,,,,,,,,,,,,,"21,22","NEW rental,SoftBank 601HW 20GB"
1662,5644,379,64,Insurance [YES] / Additional Battery [NONE],52,1,カート用通常フラグ,SoftBank 601HW [BLACK] Standard 20GB,1,,,,,,,,*,sk/img001.jpg,*,sk/img001.jpg,,,,,,,,,,,,,,,,,,,,,,,0,1,en_sk_343_in,,1,,10400,10950,,5,,,,,,,,,,,,,,,,,"21,22","NEW rental,SoftBank 601HW 20GB"
1662,5648,379,65,Insurance [YES] / Additional Battery [NONE],53,1,カート用通常フラグ,SoftBank 601HW [BLACK] Standard 20GB,1,,,,,,,,*,sk/img001.jpg,*,sk/img001.jpg,,,,,,,,,,,,,,,,,,,,,,,0,1,en_sk_342_in,,1,,10400,10950,,5,,,,,,,,,,,,,,,,,"21,22","NEW rental,SoftBank 601HW 20GB"
1662,5652,379,66,Insurance [YES] / Additional Battery [NONE],54,1,カート用通常フラグ,SoftBank 601HW [BLACK] Standard 20GB,1,,,,,,,,*,sk/img001.jpg,*,sk/img001.jpg,,,,,,,,,,,,,,,,,,,,,,,0,1,en_sk_341_in,,1,,10400,10950,,5,,,,,,,,,,,,,,,,,"21,22","NEW rental,SoftBank 601HW 20GB"
1662,5656,379,67,Insurance [YES] / Additional Battery [NONE],55,1,カート用通常フラグ,SoftBank 601HW [BLACK] Standard 20GB,1,,,,,,,,*,sk/img001.jpg,*,sk/img001.jpg,,,,,,,,,,,,,,,,,,,,,,,0,1,en_sk_340_in,,1,,10400,10950,,5,,,,,,,,,,,,,,,,,"21,22","NEW rental,SoftBank 601HW 20GB"
1662,5660,379,68,Insurance [YES] / Additional Battery [NONE],56,1,カート用通常フラグ,SoftBank 601HW [BLACK] Standard 20GB,1,,,,,,,,*,sk/img001.jpg,*,sk/img001.jpg,,,,,,,,,,,,,,,,,,,,,,,0,1,en_sk_339_in,,1,,10400,10950,,5,,,,,,,,,,,,,,,,,"21,22","NEW rental,SoftBank 601HW 20GB"
1662,5664,379,69,Insurance [YES] / Additional Battery [NONE],57,1,カート用通常フラグ,SoftBank 601HW [BLACK] Standard 20GB,1,,,,,,,,*,sk/img001.jpg,*,sk/img001.jpg,,,,,,,,,,,,,,,,,,,,,,,0,1,en_sk_338_in,,1,,10400,10950,,5,,,,,,,,,,,,,,,,,"21,22","NEW rental,SoftBank 601HW 20GB"
1662,5668,379,70,Insurance [YES] / Additional Battery [NONE],58,1,カート用通常フラグ,SoftBank 601HW [BLACK] Standard 20GB,1,,,,,,,,*,sk/img001.jpg,*,sk/img001.jpg,,,,,,,,,,,,,,,,,,,,,,,0,1,en_sk_337_in,,1,,10400,10950,,5,,,,,,,,,,,,,,,,,"21,22","NEW rental,SoftBank 601HW 20GB"
1662,5672,379,71,Insurance [YES] / Additional Battery [NONE],59,1,カート用通常フラグ,SoftBank 601HW [BLACK] Standard 20GB,1,,,,,,,,*,sk/img001.jpg,*,sk/img001.jpg,,,,,,,,,,,,,,,,,,,,,,,0,1,en_sk_336_in,,1,,10400,10950,,5,,,,,,,,,,,,,,,,,"21,22","NEW rental,SoftBank 601HW 20GB"
1662,5676,379,72,Insurance [YES] / Additional Battery [NONE],60,1,カート用通常フラグ,SoftBank 601HW [BLACK] Standard 20GB,1,,,,,,,,*,sk/img001.jpg,*,sk/img001.jpg,,,,,,,,,,,,,,,,,,,,,,,0,1,en_sk_335_in,,1,,10400,10950,,5,,,,,,,,,,,,,,,,,"21,22","NEW rental,SoftBank 601HW 20GB"
1662,5680,379,73,Insurance [YES] / Additional Battery [NONE],61,1,カート用通常フラグ,SoftBank 601HW [BLACK] Standard 20GB,1,,,,,,,,*,sk/img001.jpg,*,sk/img001.jpg,,,,,,,,,,,,,,,,,,,,,,,0,1,en_sk_334_in,,1,,10790,11340,,5,,,,,,,,,,,,,,,,,"21,22","NEW rental,SoftBank 601HW 20GB"
1662,5684,379,74,Insurance [YES] / Additional Battery [NONE],62,1,カート用通常フラグ,SoftBank 601HW [BLACK] Standard 20GB,1,,,,,,,,*,sk/img001.jpg,*,sk/img001.jpg,,,,,,,,,,,,,,,,,,,,,,,0,1,en_sk_333_in,,1,,11180,11730,,5,,,,,,,,,,,,,,,,,"21,22","NEW rental,SoftBank 601HW 20GB"
1662,5688,379,75,Insurance [YES] / Additional Battery [NONE],63,1,カート用通常フラグ,SoftBank 601HW [BLACK] Standard 20GB,1,,,,,,,,*,sk/img001.jpg,*,sk/img001.jpg,,,,,,,,,,,,,,,,,,,,,,,0,1,en_sk_332_in,,1,,11570,12120,,5,,,,,,,,,,,,,,,,,"21,22","NEW rental,SoftBank 601HW 20GB"
1662,5692,379,76,Insurance [YES] / Additional Battery [NONE],64,1,カート用通常フラグ,SoftBank 601HW [BLACK] Standard 20GB,1,,,,,,,,*,sk/img001.jpg,*,sk/img001.jpg,,,,,,,,,,,,,,,,,,,,,,,0,1,en_sk_331_in,,1,,11960,12510,,5,,,,,,,,,,,,,,,,,"21,22","NEW rental,SoftBank 601HW 20GB"
1662,5696,379,77,Insurance [YES] / Additional Battery [NONE],65,1,カート用通常フラグ,SoftBank 601HW [BLACK] Standard 20GB,1,,,,,,,,*,sk/img001.jpg,*,sk/img001.jpg,,,,,,,,,,,,,,,,,,,,,,,0,1,en_sk_330_in,,1,,12350,12900,,5,,,,,,,,,,,,,,,,,"21,22","NEW rental,SoftBank 601HW 20GB"
1662,5700,379,78,Insurance [YES] / Additional Battery [NONE],66,1,カート用通常フラグ,SoftBank 601HW [BLACK] Standard 20GB,1,,,,,,,,*,sk/img001.jpg,*,sk/img001.jpg,,,,,,,,,,,,,,,,,,,,,,,0,1,en_sk_329_in,,1,,12740,13290,,5,,,,,,,,,,,,,,,,,"21,22","NEW rental,SoftBank 601HW 20GB"
1662,5704,379,79,Insurance [YES] / Additional Battery [NONE],67,1,カート用通常フラグ,SoftBank 601HW [BLACK] Standard 20GB,1,,,,,,,,*,sk/img001.jpg,*,sk/img001.jpg,,,,,,,,,,,,,,,,,,,,,,,0,1,en_sk_328_in,,1,,13130,13680,,5,,,,,,,,,,,,,,,,,"21,22","NEW rental,SoftBank 601HW 20GB"
1662,5708,379,80,Insurance [YES] / Additional Battery [NONE],68,1,カート用通常フラグ,SoftBank 601HW [BLACK] Standard 20GB,1,,,,,,,,*,sk/img001.jpg,*,sk/img001.jpg,,,,,,,,,,,,,,,,,,,,,,,0,1,en_sk_327_in,,1,,13520,14070,,5,,,,,,,,,,,,,,,,,"21,22","NEW rental,SoftBank 601HW 20GB"
1662,5712,379,81,Insurance [YES] / Additional Battery [NONE],69,1,カート用通常フラグ,SoftBank 601HW [BLACK] Standard 20GB,1,,,,,,,,*,sk/img001.jpg,*,sk/img001.jpg,,,,,,,,,,,,,,,,,,,,,,,0,1,en_sk_326_in,,1,,13910,14460,,5,,,,,,,,,,,,,,,,,"21,22","NEW rental,SoftBank 601HW 20GB"
1662,5716,379,82,Insurance [YES] / Additional Battery [NONE],70,1,カート用通常フラグ,SoftBank 601HW [BLACK] Standard 20GB,1,,,,,,,,*,sk/img001.jpg,*,sk/img001.jpg,,,,,,,,,,,,,,,,,,,,,,,0,1,en_sk_325_in,,1,,14300,14850,,5,,,,,,,,,,,,,,,,,"21,22","NEW rental,SoftBank 601HW 20GB"
1662,5720,379,83,Insurance [YES] / Additional Battery [NONE],71,1,カート用通常フラグ,SoftBank 601HW [BLACK] Standard 20GB,1,,,,,,,,*,sk/img001.jpg,*,sk/img001.jpg,,,,,,,,,,,,,,,,,,,,,,,0,1,en_sk_324_in,,1,,14600,15150,,5,,,,,,,,,,,,,,,,,"21,22","NEW rental,SoftBank 601HW 20GB"
1662,5724,379,84,Insurance [YES] / Additional Battery [NONE],72,1,カート用通常フラグ,SoftBank 601HW [BLACK] Standard 20GB,1,,,,,,,,*,sk/img001.jpg,*,sk/img001.jpg,,,,,,,,,,,,,,,,,,,,,,,0,1,en_sk_323_in,,1,,14600,15150,,5,,,,,,,,,,,,,,,,,"21,22","NEW rental,SoftBank 601HW 20GB"
1662,5728,379,85,Insurance [YES] / Additional Battery [NONE],73,1,カート用通常フラグ,SoftBank 601HW [BLACK] Standard 20GB,1,,,,,,,,*,sk/img001.jpg,*,sk/img001.jpg,,,,,,,,,,,,,,,,,,,,,,,0,1,en_sk_322_in,,1,,14600,15150,,5,,,,,,,,,,,,,,,,,"21,22","NEW rental,SoftBank 601HW 20GB"
1662,5732,379,86,Insurance [YES] / Additional Battery [NONE],74,1,カート用通常フラグ,SoftBank 601HW [BLACK] Standard 20GB,1,,,,,,,,*,sk/img001.jpg,*,sk/img001.jpg,,,,,,,,,,,,,,,,,,,,,,,0,1,en_sk_321_in,,1,,14600,15150,,5,,,,,,,,,,,,,,,,,"21,22","NEW rental,SoftBank 601HW 20GB"
1662,5736,379,87,Insurance [YES] / Additional Battery [NONE],75,1,カート用通常フラグ,SoftBank 601HW [BLACK] Standard 20GB,1,,,,,,,,*,sk/img001.jpg,*,sk/img001.jpg,,,,,,,,,,,,,,,,,,,,,,,0,1,en_sk_320_in,,1,,14600,15150,,5,,,,,,,,,,,,,,,,,"21,22","NEW rental,SoftBank 601HW 20GB"
1662,5740,379,88,Insurance [YES] / Additional Battery [NONE],76,1,カート用通常フラグ,SoftBank 601HW [BLACK] Standard 20GB,1,,,,,,,,*,sk/img001.jpg,*,sk/img001.jpg,,,,,,,,,,,,,,,,,,,,,,,0,1,en_sk_319_in,,1,,14600,15150,,5,,,,,,,,,,,,,,,,,"21,22","NEW rental,SoftBank 601HW 20GB"
1662,5744,379,89,Insurance [YES] / Additional Battery [NONE],77,1,カート用通常フラグ,SoftBank 601HW [BLACK] Standard 20GB,1,,,,,,,,*,sk/img001.jpg,*,sk/img001.jpg,,,,,,,,,,,,,,,,,,,,,,,0,1,en_sk_318_in,,1,,14600,15150,,5,,,,,,,,,,,,,,,,,"21,22","NEW rental,SoftBank 601HW 20GB"
1662,5748,379,90,Insurance [YES] / Additional Battery [NONE],78,1,カート用通常フラグ,SoftBank 601HW [BLACK] Standard 20GB,1,,,,,,,,*,sk/img001.jpg,*,sk/img001.jpg,,,,,,,,,,,,,,,,,,,,,,,0,1,en_sk_317_in,,1,,14600,15150,,5,,,,,,,,,,,,,,,,,"21,22","NEW rental,SoftBank 601HW 20GB"
1662,5752,379,91,Insurance [YES] / Additional Battery [NONE],79,1,カート用通常フラグ,SoftBank 601HW [BLACK] Standard 20GB,1,,,,,,,,*,sk/img001.jpg,*,sk/img001.jpg,,,,,,,,,,,,,,,,,,,,,,,0,1,en_sk_316_in,,1,,14600,15150,,5,,,,,,,,,,,,,,,,,"21,22","NEW rental,SoftBank 601HW 20GB"
1662,5756,379,92,Insurance [YES] / Additional Battery [NONE],80,1,カート用通常フラグ,SoftBank 601HW [BLACK] Standard 20GB,1,,,,,,,,*,sk/img001.jpg,*,sk/img001.jpg,,,,,,,,,,,,,,,,,,,,,,,0,1,en_sk_315_in,,1,,14600,15150,,5,,,,,,,,,,,,,,,,,"21,22","NEW rental,SoftBank 601HW 20GB"
1662,5760,379,93,Insurance [YES] / Additional Battery [NONE],81,1,カート用通常フラグ,SoftBank 601HW [BLACK] Standard 20GB,1,,,,,,,,*,sk/img001.jpg,*,sk/img001.jpg,,,,,,,,,,,,,,,,,,,,,,,0,1,en_sk_314_in,,1,,14600,15150,,5,,,,,,,,,,,,,,,,,"21,22","NEW rental,SoftBank 601HW 20GB"
1662,5764,379,94,Insurance [YES] / Additional Battery [NONE],82,1,カート用通常フラグ,SoftBank 601HW [BLACK] Standard 20GB,1,,,,,,,,*,sk/img001.jpg,*,sk/img001.jpg,,,,,,,,,,,,,,,,,,,,,,,0,1,en_sk_313_in,,1,,14600,15150,,5,,,,,,,,,,,,,,,,,"21,22","NEW rental,SoftBank 601HW 20GB"
1662,5768,379,95,Insurance [YES] / Additional Battery [NONE],83,1,カート用通常フラグ,SoftBank 601HW [BLACK] Standard 20GB,1,,,,,,,,*,sk/img001.jpg,*,sk/img001.jpg,,,,,,,,,,,,,,,,,,,,,,,0,1,en_sk_312_in,,1,,14600,15150,,5,,,,,,,,,,,,,,,,,"21,22","NEW rental,SoftBank 601HW 20GB"
1662,5772,379,96,Insurance [YES] / Additional Battery [NONE],84,1,カート用通常フラグ,SoftBank 601HW [BLACK] Standard 20GB,1,,,,,,,,*,sk/img001.jpg,*,sk/img001.jpg,,,,,,,,,,,,,,,,,,,,,,,0,1,en_sk_311_in,,1,,14600,15150,,5,,,,,,,,,,,,,,,,,"21,22","NEW rental,SoftBank 601HW 20GB"
1662,5776,379,97,Insurance [YES] / Additional Battery [NONE],85,1,カート用通常フラグ,SoftBank 601HW [BLACK] Standard 20GB,1,,,,,,,,*,sk/img001.jpg,*,sk/img001.jpg,,,,,,,,,,,,,,,,,,,,,,,0,1,en_sk_310_in,,1,,14600,15150,,5,,,,,,,,,,,,,,,,,"21,22","NEW rental,SoftBank 601HW 20GB"
1662,5780,379,98,Insurance [YES] / Additional Battery [NONE],86,1,カート用通常フラグ,SoftBank 601HW [BLACK] Standard 20GB,1,,,,,,,,*,sk/img001.jpg,*,sk/img001.jpg,,,,,,,,,,,,,,,,,,,,,,,0,1,en_sk_309_in,,1,,14600,15150,,5,,,,,,,,,,,,,,,,,"21,22","NEW rental,SoftBank 601HW 20GB"
1662,5784,379,99,Insurance [YES] / Additional Battery [NONE],87,1,カート用通常フラグ,SoftBank 601HW [BLACK] Standard 20GB,1,,,,,,,,*,sk/img001.jpg,*,sk/img001.jpg,,,,,,,,,,,,,,,,,,,,,,,0,1,en_sk_308_in,,1,,14600,15150,,5,,,,,,,,,,,,,,,,,"21,22","NEW rental,SoftBank 601HW 20GB"
1662,5788,379,100,Insurance [YES] / Additional Battery [NONE],88,1,カート用通常フラグ,SoftBank 601HW [BLACK] Standard 20GB,1,,,,,,,,*,sk/img001.jpg,*,sk/img001.jpg,,,,,,,,,,,,,,,,,,,,,,,0,1,en_sk_307_in,,1,,14600,15150,,5,,,,,,,,,,,,,,,,,"21,22","NEW rental,SoftBank 601HW 20GB"
1662,5792,379,101,Insurance [YES] / Additional Battery [NONE],89,1,カート用通常フラグ,SoftBank 601HW [BLACK] Standard 20GB,1,,,,,,,,*,sk/img001.jpg,*,sk/img001.jpg,,,,,,,,,,,,,,,,,,,,,,,0,1,en_sk_306_in,,1,,14600,15150,,5,,,,,,,,,,,,,,,,,"21,22","NEW rental,SoftBank 601HW 20GB"
1662,5796,379,102,Insurance [YES] / Additional Battery [NONE],90,1,カート用通常フラグ,SoftBank 601HW [BLACK] Standard 20GB,1,,,,,,,,*,sk/img001.jpg,*,sk/img001.jpg,,,,,,,,,,,,,,,,,,,,,,,0,1,en_sk_305_in,,1,,14600,15150,,5,,,,,,,,,,,,,,,,,"21,22","NEW rental,SoftBank 601HW 20GB"
1662,5800,379,103,Insurance [YES] / Additional Battery [NONE],91,1,カート用通常フラグ,SoftBank 601HW [BLACK] Standard 20GB,1,,,,,,,,*,sk/img001.jpg,*,sk/img001.jpg,,,,,,,,,,,,,,,,,,,,,,,0,1,en_sk_304_in,,1,,14990,15540,,5,,,,,,,,,,,,,,,,,"21,22","NEW rental,SoftBank 601HW 20GB"
1662,5804,379,104,Insurance [YES] / Additional Battery [NONE],92,1,カート用通常フラグ,SoftBank 601HW [BLACK] Standard 20GB,1,,,,,,,,*,sk/img001.jpg,*,sk/img001.jpg,,,,,,,,,,,,,,,,,,,,,,,0,1,en_sk_303_in,,1,,15380,15930,,5,,,,,,,,,,,,,,,,,"21,22","NEW rental,SoftBank 601HW 20GB"
1662,5808,379,105,Insurance [YES] / Additional Battery [NONE],93,1,カート用通常フラグ,SoftBank 601HW [BLACK] Standard 20GB,1,,,,,,,,*,sk/img001.jpg,*,sk/img001.jpg,,,,,,,,,,,,,,,,,,,,,,,0,1,en_sk_302_in,,1,,15770,16320,,5,,,,,,,,,,,,,,,,,"21,22","NEW rental,SoftBank 601HW 20GB"
1662,5812,379,106,Insurance [YES] / Additional Battery [NONE],94,1,カート用通常フラグ,SoftBank 601HW [BLACK] Standard 20GB,1,,,,,,,,*,sk/img001.jpg,*,sk/img001.jpg,,,,,,,,,,,,,,,,,,,,,,,0,1,en_sk_301_in,,1,,16160,16710,,5,,,,,,,,,,,,,,,,,"21,22","NEW rental,SoftBank 601HW 20GB"
1662,5816,379,107,Insurance [YES] / Additional Battery [NONE],95,1,カート用通常フラグ,SoftBank 601HW [BLACK] Standard 20GB,1,,,,,,,,*,sk/img001.jpg,*,sk/img001.jpg,,,,,,,,,,,,,,,,,,,,,,,0,1,en_sk_300_in,,1,,16550,17100,,5,,,,,,,,,,,,,,,,,"21,22","NEW rental,SoftBank 601HW 20GB"
1662,5820,379,108,Insurance [YES] / Additional Battery [NONE],96,1,カート用通常フラグ,SoftBank 601HW [BLACK] Standard 20GB,1,,,,,,,,*,sk/img001.jpg,*,sk/img001.jpg,,,,,,,,,,,,,,,,,,,,,,,0,1,en_sk_299_in,,1,,16940,17490,,5,,,,,,,,,,,,,,,,,"21,22","NEW rental,SoftBank 601HW 20GB"
1662,5824,379,109,Insurance [YES] / Additional Battery [NONE],97,1,カート用通常フラグ,SoftBank 601HW [BLACK] Standard 20GB,1,,,,,,,,*,sk/img001.jpg,*,sk/img001.jpg,,,,,,,,,,,,,,,,,,,,,,,0,1,en_sk_298_in,,1,,17330,17880,,5,,,,,,,,,,,,,,,,,"21,22","NEW rental,SoftBank 601HW 20GB"
1662,5828,379,110,Insurance [YES] / Additional Battery [NONE],98,1,カート用通常フラグ,SoftBank 601HW [BLACK] Standard 20GB,1,,,,,,,,*,sk/img001.jpg,*,sk/img001.jpg,,,,,,,,,,,,,,,,,,,,,,,0,1,en_sk_297_in,,1,,17720,18270,,5,,,,,,,,,,,,,,,,,"21,22","NEW rental,SoftBank 601HW 20GB"
1662,5832,379,111,Insurance [YES] / Additional Battery [NONE],99,1,カート用通常フラグ,SoftBank 601HW [BLACK] Standard 20GB,1,,,,,,,,*,sk/img001.jpg,*,sk/img001.jpg,,,,,,,,,,,,,,,,,,,,,,,0,1,en_sk_296_in,,1,,18110,18660,,5,,,,,,,,,,,,,,,,,"21,22","NEW rental,SoftBank 601HW 20GB"
1662,5836,379,112,Insurance [YES] / Additional Battery [NONE],100,1,カート用通常フラグ,SoftBank 601HW [BLACK] Standard 20GB,1,,,,,,,,*,sk/img001.jpg,*,sk/img001.jpg,,,,,,,,,,,,,,,,,,,,,,,0,1,en_sk_295_in,,1,,18500,19050,,5,,,,,,,,,,,,,,,,,"21,22","NEW rental,SoftBank 601HW 20GB"
1662,5840,379,113,Insurance [YES] / Additional Battery [NONE],101,1,カート用通常フラグ,SoftBank 601HW [BLACK] Standard 20GB,1,,,,,,,,*,sk/img001.jpg,*,sk/img001.jpg,,,,,,,,,,,,,,,,,,,,,,,0,1,en_sk_294_in,,1,,18800,19350,,5,,,,,,,,,,,,,,,,,"21,22","NEW rental,SoftBank 601HW 20GB"
1662,5844,379,114,Insurance [YES] / Additional Battery [NONE],102,1,カート用通常フラグ,SoftBank 601HW [BLACK] Standard 20GB,1,,,,,,,,*,sk/img001.jpg,*,sk/img001.jpg,,,,,,,,,,,,,,,,,,,,,,,0,1,en_sk_293_in,,1,,18800,19350,,5,,,,,,,,,,,,,,,,,"21,22","NEW rental,SoftBank 601HW 20GB"
1662,5848,379,115,Insurance [YES] / Additional Battery [NONE],103,1,カート用通常フラグ,SoftBank 601HW [BLACK] Standard 20GB,1,,,,,,,,*,sk/img001.jpg,*,sk/img001.jpg,,,,,,,,,,,,,,,,,,,,,,,0,1,en_sk_292_in,,1,,18800,19350,,5,,,,,,,,,,,,,,,,,"21,22","NEW rental,SoftBank 601HW 20GB"
1662,5852,379,116,Insurance [YES] / Additional Battery [NONE],104,1,カート用通常フラグ,SoftBank 601HW [BLACK] Standard 20GB,1,,,,,,,,*,sk/img001.jpg,*,sk/img001.jpg,,,,,,,,,,,,,,,,,,,,,,,0,1,en_sk_291_in,,1,,18800,19350,,5,,,,,,,,,,,,,,,,,"21,22","NEW rental,SoftBank 601HW 20GB"
1662,5856,379,117,Insurance [YES] / Additional Battery [NONE],105,1,カート用通常フラグ,SoftBank 601HW [BLACK] Standard 20GB,1,,,,,,,,*,sk/img001.jpg,*,sk/img001.jpg,,,,,,,,,,,,,,,,,,,,,,,0,1,en_sk_290_in,,1,,18800,19350,,5,,,,,,,,,,,,,,,,,"21,22","NEW rental,SoftBank 601HW 20GB"
1662,5860,379,118,Insurance [YES] / Additional Battery [NONE],106,1,カート用通常フラグ,SoftBank 601HW [BLACK] Standard 20GB,1,,,,,,,,*,sk/img001.jpg,*,sk/img001.jpg,,,,,,,,,,,,,,,,,,,,,,,0,1,en_sk_289_in,,1,,18800,19350,,5,,,,,,,,,,,,,,,,,"21,22","NEW rental,SoftBank 601HW 20GB"
1662,5864,379,119,Insurance [YES] / Additional Battery [NONE],107,1,カート用通常フラグ,SoftBank 601HW [BLACK] Standard 20GB,1,,,,,,,,*,sk/img001.jpg,*,sk/img001.jpg,,,,,,,,,,,,,,,,,,,,,,,0,1,en_sk_288_in,,1,,18800,19350,,5,,,,,,,,,,,,,,,,,"21,22","NEW rental,SoftBank 601HW 20GB"
1662,5868,379,120,Insurance [YES] / Additional Battery [NONE],108,1,カート用通常フラグ,SoftBank 601HW [BLACK] Standard 20GB,1,,,,,,,,*,sk/img001.jpg,*,sk/img001.jpg,,,,,,,,,,,,,,,,,,,,,,,0,1,en_sk_287_in,,1,,18800,19350,,5,,,,,,,,,,,,,,,,,"21,22","NEW rental,SoftBank 601HW 20GB"
1662,5872,379,121,Insurance [YES] / Additional Battery [NONE],109,1,カート用通常フラグ,SoftBank 601HW [BLACK] Standard 20GB,1,,,,,,,,*,sk/img001.jpg,*,sk/img001.jpg,,,,,,,,,,,,,,,,,,,,,,,0,1,en_sk_286_in,,1,,18800,19350,,5,,,,,,,,,,,,,,,,,"21,22","NEW rental,SoftBank 601HW 20GB"
1662,5876,379,122,Insurance [YES] / Additional Battery [NONE],110,1,カート用通常フラグ,SoftBank 601HW [BLACK] Standard 20GB,1,,,,,,,,*,sk/img001.jpg,*,sk/img001.jpg,,,,,,,,,,,,,,,,,,,,,,,0,1,en_sk_285_in,,1,,18800,19350,,5,,,,,,,,,,,,,,,,,"21,22","NEW rental,SoftBank 601HW 20GB"
1662,5880,379,123,Insurance [YES] / Additional Battery [NONE],111,1,カート用通常フラグ,SoftBank 601HW [BLACK] Standard 20GB,1,,,,,,,,*,sk/img001.jpg,*,sk/img001.jpg,,,,,,,,,,,,,,,,,,,,,,,0,1,en_sk_284_in,,1,,18800,19350,,5,,,,,,,,,,,,,,,,,"21,22","NEW rental,SoftBank 601HW 20GB"
1662,5884,379,124,Insurance [YES] / Additional Battery [NONE],112,1,カート用通常フラグ,SoftBank 601HW [BLACK] Standard 20GB,1,,,,,,,,*,sk/img001.jpg,*,sk/img001.jpg,,,,,,,,,,,,,,,,,,,,,,,0,1,en_sk_283_in,,1,,18800,19350,,5,,,,,,,,,,,,,,,,,"21,22","NEW rental,SoftBank 601HW 20GB"
1662,5888,379,125,Insurance [YES] / Additional Battery [NONE],113,1,カート用通常フラグ,SoftBank 601HW [BLACK] Standard 20GB,1,,,,,,,,*,sk/img001.jpg,*,sk/img001.jpg,,,,,,,,,,,,,,,,,,,,,,,0,1,en_sk_282_in,,1,,18800,19350,,5,,,,,,,,,,,,,,,,,"21,22","NEW rental,SoftBank 601HW 20GB"
1662,5892,379,126,Insurance [YES] / Additional Battery [NONE],114,1,カート用通常フラグ,SoftBank 601HW [BLACK] Standard 20GB,1,,,,,,,,*,sk/img001.jpg,*,sk/img001.jpg,,,,,,,,,,,,,,,,,,,,,,,0,1,en_sk_281_in,,1,,18800,19350,,5,,,,,,,,,,,,,,,,,"21,22","NEW rental,SoftBank 601HW 20GB"
1662,5896,379,127,Insurance [YES] / Additional Battery [NONE],115,1,カート用通常フラグ,SoftBank 601HW [BLACK] Standard 20GB,1,,,,,,,,*,sk/img001.jpg,*,sk/img001.jpg,,,,,,,,,,,,,,,,,,,,,,,0,1,en_sk_280_in,,1,,18800,19350,,5,,,,,,,,,,,,,,,,,"21,22","NEW rental,SoftBank 601HW 20GB"
1662,5900,379,128,Insurance [YES] / Additional Battery [NONE],116,1,カート用通常フラグ,SoftBank 601HW [BLACK] Standard 20GB,1,,,,,,,,*,sk/img001.jpg,*,sk/img001.jpg,,,,,,,,,,,,,,,,,,,,,,,0,1,en_sk_279_in,,1,,18800,19350,,5,,,,,,,,,,,,,,,,,"21,22","NEW rental,SoftBank 601HW 20GB"
1662,5904,379,129,Insurance [YES] / Additional Battery [NONE],117,1,カート用通常フラグ,SoftBank 601HW [BLACK] Standard 20GB,1,,,,,,,,*,sk/img001.jpg,*,sk/img001.jpg,,,,,,,,,,,,,,,,,,,,,,,0,1,en_sk_278_in,,1,,18800,19350,,5,,,,,,,,,,,,,,,,,"21,22","NEW rental,SoftBank 601HW 20GB"
1662,5908,379,130,Insurance [YES] / Additional Battery [NONE],118,1,カート用通常フラグ,SoftBank 601HW [BLACK] Standard 20GB,1,,,,,,,,*,sk/img001.jpg,*,sk/img001.jpg,,,,,,,,,,,,,,,,,,,,,,,0,1,en_sk_277_in,,1,,18800,19350,,5,,,,,,,,,,,,,,,,,"21,22","NEW rental,SoftBank 601HW 20GB"
1662,5912,379,131,Insurance [YES] / Additional Battery [NONE],119,1,カート用通常フラグ,SoftBank 601HW [BLACK] Standard 20GB,1,,,,,,,,*,sk/img001.jpg,*,sk/img001.jpg,,,,,,,,,,,,,,,,,,,,,,,0,1,en_sk_276_in,,1,,18800,19350,,5,,,,,,,,,,,,,,,,,"21,22","NEW rental,SoftBank 601HW 20GB"
1662,5916,379,132,Insurance [YES] / Additional Battery [NONE],120,1,カート用通常フラグ,SoftBank 601HW [BLACK] Standard 20GB,1,,,,,,,,*,sk/img001.jpg,*,sk/img001.jpg,,,,,,,,,,,,,,,,,,,,,,,0,1,en_sk_275_in,,1,,18800,19350,,5,,,,,,,,,,,,,,,,,"21,22","NEW rental,SoftBank 601HW 20GB"
1662,5920,379,133,Insurance [YES] / Additional Battery [NONE],121,1,カート用通常フラグ,SoftBank 601HW [BLACK] Standard 20GB,1,,,,,,,,*,sk/img001.jpg,*,sk/img001.jpg,,,,,,,,,,,,,,,,,,,,,,,0,1,en_sk_274_in,,1,,19190,19740,,5,,,,,,,,,,,,,,,,,"21,22","NEW rental,SoftBank 601HW 20GB"
1662,5924,379,134,Insurance [YES] / Additional Battery [NONE],122,1,カート用通常フラグ,SoftBank 601HW [BLACK] Standard 20GB,1,,,,,,,,*,sk/img001.jpg,*,sk/img001.jpg,,,,,,,,,,,,,,,,,,,,,,,0,1,en_sk_273_in,,1,,19580,20130,,5,,,,,,,,,,,,,,,,,"21,22","NEW rental,SoftBank 601HW 20GB"
1662,5928,379,135,Insurance [YES] / Additional Battery [NONE],123,1,カート用通常フラグ,SoftBank 601HW [BLACK] Standard 20GB,1,,,,,,,,*,sk/img001.jpg,*,sk/img001.jpg,,,,,,,,,,,,,,,,,,,,,,,0,1,en_sk_272_in,,1,,19970,20520,,5,,,,,,,,,,,,,,,,,"21,22","NEW rental,SoftBank 601HW 20GB"
1662,5932,379,136,Insurance [YES] / Additional Battery [NONE],124,1,カート用通常フラグ,SoftBank 601HW [BLACK] Standard 20GB,1,,,,,,,,*,sk/img001.jpg,*,sk/img001.jpg,,,,,,,,,,,,,,,,,,,,,,,0,1,en_sk_271_in,,1,,20360,20910,,5,,,,,,,,,,,,,,,,,"21,22","NEW rental,SoftBank 601HW 20GB"
1662,5936,379,137,Insurance [YES] / Additional Battery [NONE],125,1,カート用通常フラグ,SoftBank 601HW [BLACK] Standard 20GB,1,,,,,,,,*,sk/img001.jpg,*,sk/img001.jpg,,,,,,,,,,,,,,,,,,,,,,,0,1,en_sk_270_in,,1,,20750,21300,,5,,,,,,,,,,,,,,,,,"21,22","NEW rental,SoftBank 601HW 20GB"
1662,5940,379,138,Insurance [YES] / Additional Battery [NONE],126,1,カート用通常フラグ,SoftBank 601HW [BLACK] Standard 20GB,1,,,,,,,,*,sk/img001.jpg,*,sk/img001.jpg,,,,,,,,,,,,,,,,,,,,,,,0,1,en_sk_269_in,,1,,20800,21350,,5,,,,,,,,,,,,,,,,,"21,22","NEW rental,SoftBank 601HW 20GB"
1662,5944,379,139,Insurance [YES] / Additional Battery [NONE],127,1,カート用通常フラグ,SoftBank 601HW [BLACK] Standard 20GB,1,,,,,,,,*,sk/img001.jpg,*,sk/img001.jpg,,,,,,,,,,,,,,,,,,,,,,,0,1,en_sk_268_in,,1,,20800,21350,,5,,,,,,,,,,,,,,,,,"21,22","NEW rental,SoftBank 601HW 20GB"
1662,5948,379,140,Insurance [YES] / Additional Battery [NONE],128,1,カート用通常フラグ,SoftBank 601HW [BLACK] Standard 20GB,1,,,,,,,,*,sk/img001.jpg,*,sk/img001.jpg,,,,,,,,,,,,,,,,,,,,,,,0,1,en_sk_267_in,,1,,20800,21350,,5,,,,,,,,,,,,,,,,,"21,22","NEW rental,SoftBank 601HW 20GB"
1662,5952,379,141,Insurance [YES] / Additional Battery [NONE],129,1,カート用通常フラグ,SoftBank 601HW [BLACK] Standard 20GB,1,,,,,,,,*,sk/img001.jpg,*,sk/img001.jpg,,,,,,,,,,,,,,,,,,,,,,,0,1,en_sk_266_in,,1,,20800,21350,,5,,,,,,,,,,,,,,,,,"21,22","NEW rental,SoftBank 601HW 20GB"
1662,5956,379,142,Insurance [YES] / Additional Battery [NONE],130,1,カート用通常フラグ,SoftBank 601HW [BLACK] Standard 20GB,1,,,,,,,,*,sk/img001.jpg,*,sk/img001.jpg,,,,,,,,,,,,,,,,,,,,,,,0,1,en_sk_265_in,,1,,20800,21350,,5,,,,,,,,,,,,,,,,,"21,22","NEW rental,SoftBank 601HW 20GB"
1662,5960,379,143,Insurance [YES] / Additional Battery [NONE],131,1,カート用通常フラグ,SoftBank 601HW [BLACK] Standard 20GB,1,,,,,,,,*,sk/img001.jpg,*,sk/img001.jpg,,,,,,,,,,,,,,,,,,,,,,,0,1,en_sk_264_in,,1,,20800,21350,,5,,,,,,,,,,,,,,,,,"21,22","NEW rental,SoftBank 601HW 20GB"
1662,5964,379,144,Insurance [YES] / Additional Battery [NONE],132,1,カート用通常フラグ,SoftBank 601HW [BLACK] Standard 20GB,1,,,,,,,,*,sk/img001.jpg,*,sk/img001.jpg,,,,,,,,,,,,,,,,,,,,,,,0,1,en_sk_263_in,,1,,20800,21350,,5,,,,,,,,,,,,,,,,,"21,22","NEW rental,SoftBank 601HW 20GB"
1662,5968,379,145,Insurance [YES] / Additional Battery [NONE],133,1,カート用通常フラグ,SoftBank 601HW [BLACK] Standard 20GB,1,,,,,,,,*,sk/img001.jpg,*,sk/img001.jpg,,,,,,,,,,,,,,,,,,,,,,,0,1,en_sk_262_in,,1,,20800,21350,,5,,,,,,,,,,,,,,,,,"21,22","NEW rental,SoftBank 601HW 20GB"
1662,5972,379,146,Insurance [YES] / Additional Battery [NONE],134,1,カート用通常フラグ,SoftBank 601HW [BLACK] Standard 20GB,1,,,,,,,,*,sk/img001.jpg,*,sk/img001.jpg,,,,,,,,,,,,,,,,,,,,,,,0,1,en_sk_261_in,,1,,20800,21350,,5,,,,,,,,,,,,,,,,,"21,22","NEW rental,SoftBank 601HW 20GB"
1662,5976,379,147,Insurance [YES] / Additional Battery [NONE],135,1,カート用通常フラグ,SoftBank 601HW [BLACK] Standard 20GB,1,,,,,,,,*,sk/img001.jpg,*,sk/img001.jpg,,,,,,,,,,,,,,,,,,,,,,,0,1,en_sk_260_in,,1,,20800,21350,,5,,,,,,,,,,,,,,,,,"21,22","NEW rental,SoftBank 601HW 20GB"
1662,5980,379,148,Insurance [YES] / Additional Battery [NONE],136,1,カート用通常フラグ,SoftBank 601HW [BLACK] Standard 20GB,1,,,,,,,,*,sk/img001.jpg,*,sk/img001.jpg,,,,,,,,,,,,,,,,,,,,,,,0,1,en_sk_259_in,,1,,20800,21350,,5,,,,,,,,,,,,,,,,,"21,22","NEW rental,SoftBank 601HW 20GB"
1662,5984,379,149,Insurance [YES] / Additional Battery [NONE],137,1,カート用通常フラグ,SoftBank 601HW [BLACK] Standard 20GB,1,,,,,,,,*,sk/img001.jpg,*,sk/img001.jpg,,,,,,,,,,,,,,,,,,,,,,,0,1,en_sk_258_in,,1,,20800,21350,,5,,,,,,,,,,,,,,,,,"21,22","NEW rental,SoftBank 601HW 20GB"
1662,5988,379,150,Insurance [YES] / Additional Battery [NONE],138,1,カート用通常フラグ,SoftBank 601HW [BLACK] Standard 20GB,1,,,,,,,,*,sk/img001.jpg,*,sk/img001.jpg,,,,,,,,,,,,,,,,,,,,,,,0,1,en_sk_257_in,,1,,20800,21350,,5,,,,,,,,,,,,,,,,,"21,22","NEW rental,SoftBank 601HW 20GB"
1662,5992,379,151,Insurance [YES] / Additional Battery [NONE],139,1,カート用通常フラグ,SoftBank 601HW [BLACK] Standard 20GB,1,,,,,,,,*,sk/img001.jpg,*,sk/img001.jpg,,,,,,,,,,,,,,,,,,,,,,,0,1,en_sk_256_in,,1,,20800,21350,,5,,,,,,,,,,,,,,,,,"21,22","NEW rental,SoftBank 601HW 20GB"
1662,5996,379,152,Insurance [YES] / Additional Battery [NONE],140,1,カート用通常フラグ,SoftBank 601HW [BLACK] Standard 20GB,1,,,,,,,,*,sk/img001.jpg,*,sk/img001.jpg,,,,,,,,,,,,,,,,,,,,,,,0,1,en_sk_255_in,,1,,20800,21350,,5,,,,,,,,,,,,,,,,,"21,22","NEW rental,SoftBank 601HW 20GB"
1662,6000,379,153,Insurance [YES] / Additional Battery [NONE],141,1,カート用通常フラグ,SoftBank 601HW [BLACK] Standard 20GB,1,,,,,,,,*,sk/img001.jpg,*,sk/img001.jpg,,,,,,,,,,,,,,,,,,,,,,,0,1,en_sk_254_in,,1,,20800,21350,,5,,,,,,,,,,,,,,,,,"21,22","NEW rental,SoftBank 601HW 20GB"
1662,6004,379,154,Insurance [YES] / Additional Battery [NONE],142,1,カート用通常フラグ,SoftBank 601HW [BLACK] Standard 20GB,1,,,,,,,,*,sk/img001.jpg,*,sk/img001.jpg,,,,,,,,,,,,,,,,,,,,,,,0,1,en_sk_253_in,,1,,20800,21350,,5,,,,,,,,,,,,,,,,,"21,22","NEW rental,SoftBank 601HW 20GB"
1662,6008,379,155,Insurance [YES] / Additional Battery [NONE],143,1,カート用通常フラグ,SoftBank 601HW [BLACK] Standard 20GB,1,,,,,,,,*,sk/img001.jpg,*,sk/img001.jpg,,,,,,,,,,,,,,,,,,,,,,,0,1,en_sk_252_in,,1,,20800,21350,,5,,,,,,,,,,,,,,,,,"21,22","NEW rental,SoftBank 601HW 20GB"
1662,6012,379,156,Insurance [YES] / Additional Battery [NONE],144,1,カート用通常フラグ,SoftBank 601HW [BLACK] Standard 20GB,1,,,,,,,,*,sk/img001.jpg,*,sk/img001.jpg,,,,,,,,,,,,,,,,,,,,,,,0,1,en_sk_251_in,,1,,20800,21350,,5,,,,,,,,,,,,,,,,,"21,22","NEW rental,SoftBank 601HW 20GB"
1662,6016,379,157,Insurance [YES] / Additional Battery [NONE],145,1,カート用通常フラグ,SoftBank 601HW [BLACK] Standard 20GB,1,,,,,,,,*,sk/img001.jpg,*,sk/img001.jpg,,,,,,,,,,,,,,,,,,,,,,,0,1,en_sk_250_in,,1,,20800,21350,,5,,,,,,,,,,,,,,,,,"21,22","NEW rental,SoftBank 601HW 20GB"
1662,6020,379,158,Insurance [YES] / Additional Battery [NONE],146,1,カート用通常フラグ,SoftBank 601HW [BLACK] Standard 20GB,1,,,,,,,,*,sk/img001.jpg,*,sk/img001.jpg,,,,,,,,,,,,,,,,,,,,,,,0,1,en_sk_249_in,,1,,20800,21350,,5,,,,,,,,,,,,,,,,,"21,22","NEW rental,SoftBank 601HW 20GB"
1662,6024,379,159,Insurance [YES] / Additional Battery [NONE],147,1,カート用通常フラグ,SoftBank 601HW [BLACK] Standard 20GB,1,,,,,,,,*,sk/img001.jpg,*,sk/img001.jpg,,,,,,,,,,,,,,,,,,,,,,,0,1,en_sk_248_in,,1,,20800,21350,,5,,,,,,,,,,,,,,,,,"21,22","NEW rental,SoftBank 601HW 20GB"
1662,6028,379,160,Insurance [YES] / Additional Battery [NONE],148,1,カート用通常フラグ,SoftBank 601HW [BLACK] Standard 20GB,1,,,,,,,,*,sk/img001.jpg,*,sk/img001.jpg,,,,,,,,,,,,,,,,,,,,,,,0,1,en_sk_247_in,,1,,20800,21350,,5,,,,,,,,,,,,,,,,,"21,22","NEW rental,SoftBank 601HW 20GB"
1662,6032,379,161,Insurance [YES] / Additional Battery [NONE],149,1,カート用通常フラグ,SoftBank 601HW [BLACK] Standard 20GB,1,,,,,,,,*,sk/img001.jpg,*,sk/img001.jpg,,,,,,,,,,,,,,,,,,,,,,,0,1,en_sk_246_in,,1,,20800,21350,,5,,,,,,,,,,,,,,,,,"21,22","NEW rental,SoftBank 601HW 20GB"
1662,6036,379,162,Insurance [YES] / Additional Battery [NONE],150,1,カート用通常フラグ,SoftBank 601HW [BLACK] Standard 20GB,1,,,,,,,,*,sk/img001.jpg,*,sk/img001.jpg,,,,,,,,,,,,,,,,,,,,,,,0,1,en_sk_245_in,,1,,20800,21350,,5,,,,,,,,,,,,,,,,,"21,22","NEW rental,SoftBank 601HW 20GB"
1662,6040,379,163,Insurance [YES] / Additional Battery [NONE],151,1,カート用通常フラグ,SoftBank 601HW [BLACK] Standard 20GB,1,,,,,,,,*,sk/img001.jpg,*,sk/img001.jpg,,,,,,,,,,,,,,,,,,,,,,,0,1,en_sk_244_in,,1,,21190,21740,,5,,,,,,,,,,,,,,,,,"21,22","NEW rental,SoftBank 601HW 20GB"
1662,6044,379,164,Insurance [YES] / Additional Battery [NONE],152,1,カート用通常フラグ,SoftBank 601HW [BLACK] Standard 20GB,1,,,,,,,,*,sk/img001.jpg,*,sk/img001.jpg,,,,,,,,,,,,,,,,,,,,,,,0,1,en_sk_243_in,,1,,21580,22130,,5,,,,,,,,,,,,,,,,,"21,22","NEW rental,SoftBank 601HW 20GB"
1662,6048,379,165,Insurance [YES] / Additional Battery [NONE],153,1,カート用通常フラグ,SoftBank 601HW [BLACK] Standard 20GB,1,,,,,,,,*,sk/img001.jpg,*,sk/img001.jpg,,,,,,,,,,,,,,,,,,,,,,,0,1,en_sk_242_in,,1,,21970,22520,,5,,,,,,,,,,,,,,,,,"21,22","NEW rental,SoftBank 601HW 20GB"
1662,6052,379,166,Insurance [YES] / Additional Battery [NONE],154,1,カート用通常フラグ,SoftBank 601HW [BLACK] Standard 20GB,1,,,,,,,,*,sk/img001.jpg,*,sk/img001.jpg,,,,,,,,,,,,,,,,,,,,,,,0,1,en_sk_241_in,,1,,22360,22910,,5,,,,,,,,,,,,,,,,,"21,22","NEW rental,SoftBank 601HW 20GB"
1662,6056,379,167,Insurance [YES] / Additional Battery [NONE],155,1,カート用通常フラグ,SoftBank 601HW [BLACK] Standard 20GB,1,,,,,,,,*,sk/img001.jpg,*,sk/img001.jpg,,,,,,,,,,,,,,,,,,,,,,,0,1,en_sk_240_in,,1,,22750,23300,,5,,,,,,,,,,,,,,,,,"21,22","NEW rental,SoftBank 601HW 20GB"
1662,6060,379,168,Insurance [YES] / Additional Battery [NONE],156,1,カート用通常フラグ,SoftBank 601HW [BLACK] Standard 20GB,1,,,,,,,,*,sk/img001.jpg,*,sk/img001.jpg,,,,,,,,,,,,,,,,,,,,,,,0,1,en_sk_239_in,,1,,22800,23350,,5,,,,,,,,,,,,,,,,,"21,22","NEW rental,SoftBank 601HW 20GB"
1662,6064,379,169,Insurance [YES] / Additional Battery [NONE],157,1,カート用通常フラグ,SoftBank 601HW [BLACK] Standard 20GB,1,,,,,,,,*,sk/img001.jpg,*,sk/img001.jpg,,,,,,,,,,,,,,,,,,,,,,,0,1,en_sk_238_in,,1,,22800,23350,,5,,,,,,,,,,,,,,,,,"21,22","NEW rental,SoftBank 601HW 20GB"
1662,6068,379,170,Insurance [YES] / Additional Battery [NONE],158,1,カート用通常フラグ,SoftBank 601HW [BLACK] Standard 20GB,1,,,,,,,,*,sk/img001.jpg,*,sk/img001.jpg,,,,,,,,,,,,,,,,,,,,,,,0,1,en_sk_237_in,,1,,22800,23350,,5,,,,,,,,,,,,,,,,,"21,22","NEW rental,SoftBank 601HW 20GB"
1662,6072,379,171,Insurance [YES] / Additional Battery [NONE],159,1,カート用通常フラグ,SoftBank 601HW [BLACK] Standard 20GB,1,,,,,,,,*,sk/img001.jpg,*,sk/img001.jpg,,,,,,,,,,,,,,,,,,,,,,,0,1,en_sk_236_in,,1,,22800,23350,,5,,,,,,,,,,,,,,,,,"21,22","NEW rental,SoftBank 601HW 20GB"
1662,6076,379,172,Insurance [YES] / Additional Battery [NONE],160,1,カート用通常フラグ,SoftBank 601HW [BLACK] Standard 20GB,1,,,,,,,,*,sk/img001.jpg,*,sk/img001.jpg,,,,,,,,,,,,,,,,,,,,,,,0,1,en_sk_235_in,,1,,22800,23350,,5,,,,,,,,,,,,,,,,,"21,22","NEW rental,SoftBank 601HW 20GB"
1662,6080,379,173,Insurance [YES] / Additional Battery [NONE],161,1,カート用通常フラグ,SoftBank 601HW [BLACK] Standard 20GB,1,,,,,,,,*,sk/img001.jpg,*,sk/img001.jpg,,,,,,,,,,,,,,,,,,,,,,,0,1,en_sk_234_in,,1,,22800,23350,,5,,,,,,,,,,,,,,,,,"21,22","NEW rental,SoftBank 601HW 20GB"
1662,6084,379,174,Insurance [YES] / Additional Battery [NONE],162,1,カート用通常フラグ,SoftBank 601HW [BLACK] Standard 20GB,1,,,,,,,,*,sk/img001.jpg,*,sk/img001.jpg,,,,,,,,,,,,,,,,,,,,,,,0,1,en_sk_233_in,,1,,22800,23350,,5,,,,,,,,,,,,,,,,,"21,22","NEW rental,SoftBank 601HW 20GB"
1662,6088,379,175,Insurance [YES] / Additional Battery [NONE],163,1,カート用通常フラグ,SoftBank 601HW [BLACK] Standard 20GB,1,,,,,,,,*,sk/img001.jpg,*,sk/img001.jpg,,,,,,,,,,,,,,,,,,,,,,,0,1,en_sk_232_in,,1,,22800,23350,,5,,,,,,,,,,,,,,,,,"21,22","NEW rental,SoftBank 601HW 20GB"
1662,6092,379,176,Insurance [YES] / Additional Battery [NONE],164,1,カート用通常フラグ,SoftBank 601HW [BLACK] Standard 20GB,1,,,,,,,,*,sk/img001.jpg,*,sk/img001.jpg,,,,,,,,,,,,,,,,,,,,,,,0,1,en_sk_231_in,,1,,22800,23350,,5,,,,,,,,,,,,,,,,,"21,22","NEW rental,SoftBank 601HW 20GB"
1662,6096,379,177,Insurance [YES] / Additional Battery [NONE],165,1,カート用通常フラグ,SoftBank 601HW [BLACK] Standard 20GB,1,,,,,,,,*,sk/img001.jpg,*,sk/img001.jpg,,,,,,,,,,,,,,,,,,,,,,,0,1,en_sk_230_in,,1,,22800,23350,,5,,,,,,,,,,,,,,,,,"21,22","NEW rental,SoftBank 601HW 20GB"
1662,6100,379,178,Insurance [YES] / Additional Battery [NONE],166,1,カート用通常フラグ,SoftBank 601HW [BLACK] Standard 20GB,1,,,,,,,,*,sk/img001.jpg,*,sk/img001.jpg,,,,,,,,,,,,,,,,,,,,,,,0,1,en_sk_229_in,,1,,22800,23350,,5,,,,,,,,,,,,,,,,,"21,22","NEW rental,SoftBank 601HW 20GB"
1662,6104,379,179,Insurance [YES] / Additional Battery [NONE],167,1,カート用通常フラグ,SoftBank 601HW [BLACK] Standard 20GB,1,,,,,,,,*,sk/img001.jpg,*,sk/img001.jpg,,,,,,,,,,,,,,,,,,,,,,,0,1,en_sk_228_in,,1,,22800,23350,,5,,,,,,,,,,,,,,,,,"21,22","NEW rental,SoftBank 601HW 20GB"
1662,6108,379,180,Insurance [YES] / Additional Battery [NONE],168,1,カート用通常フラグ,SoftBank 601HW [BLACK] Standard 20GB,1,,,,,,,,*,sk/img001.jpg,*,sk/img001.jpg,,,,,,,,,,,,,,,,,,,,,,,0,1,en_sk_227_in,,1,,22800,23350,,5,,,,,,,,,,,,,,,,,"21,22","NEW rental,SoftBank 601HW 20GB"
1662,6112,379,181,Insurance [YES] / Additional Battery [NONE],169,1,カート用通常フラグ,SoftBank 601HW [BLACK] Standard 20GB,1,,,,,,,,*,sk/img001.jpg,*,sk/img001.jpg,,,,,,,,,,,,,,,,,,,,,,,0,1,en_sk_226_in,,1,,22800,23350,,5,,,,,,,,,,,,,,,,,"21,22","NEW rental,SoftBank 601HW 20GB"
1662,6116,379,182,Insurance [YES] / Additional Battery [NONE],170,1,カート用通常フラグ,SoftBank 601HW [BLACK] Standard 20GB,1,,,,,,,,*,sk/img001.jpg,*,sk/img001.jpg,,,,,,,,,,,,,,,,,,,,,,,0,1,en_sk_225_in,,1,,22800,23350,,5,,,,,,,,,,,,,,,,,"21,22","NEW rental,SoftBank 601HW 20GB"
1662,6120,379,183,Insurance [YES] / Additional Battery [NONE],171,1,カート用通常フラグ,SoftBank 601HW [BLACK] Standard 20GB,1,,,,,,,,*,sk/img001.jpg,*,sk/img001.jpg,,,,,,,,,,,,,,,,,,,,,,,0,1,en_sk_224_in,,1,,22800,23350,,5,,,,,,,,,,,,,,,,,"21,22","NEW rental,SoftBank 601HW 20GB"
1662,6124,379,184,Insurance [YES] / Additional Battery [NONE],172,1,カート用通常フラグ,SoftBank 601HW [BLACK] Standard 20GB,1,,,,,,,,*,sk/img001.jpg,*,sk/img001.jpg,,,,,,,,,,,,,,,,,,,,,,,0,1,en_sk_223_in,,1,,22800,23350,,5,,,,,,,,,,,,,,,,,"21,22","NEW rental,SoftBank 601HW 20GB"
1662,6128,379,185,Insurance [YES] / Additional Battery [NONE],173,1,カート用通常フラグ,SoftBank 601HW [BLACK] Standard 20GB,1,,,,,,,,*,sk/img001.jpg,*,sk/img001.jpg,,,,,,,,,,,,,,,,,,,,,,,0,1,en_sk_222_in,,1,,22800,23350,,5,,,,,,,,,,,,,,,,,"21,22","NEW rental,SoftBank 601HW 20GB"
1662,6132,379,186,Insurance [YES] / Additional Battery [NONE],174,1,カート用通常フラグ,SoftBank 601HW [BLACK] Standard 20GB,1,,,,,,,,*,sk/img001.jpg,*,sk/img001.jpg,,,,,,,,,,,,,,,,,,,,,,,0,1,en_sk_221_in,,1,,22800,23350,,5,,,,,,,,,,,,,,,,,"21,22","NEW rental,SoftBank 601HW 20GB"
1662,6136,379,187,Insurance [YES] / Additional Battery [NONE],175,1,カート用通常フラグ,SoftBank 601HW [BLACK] Standard 20GB,1,,,,,,,,*,sk/img001.jpg,*,sk/img001.jpg,,,,,,,,,,,,,,,,,,,,,,,0,1,en_sk_220_in,,1,,22800,23350,,5,,,,,,,,,,,,,,,,,"21,22","NEW rental,SoftBank 601HW 20GB"
1662,6140,379,188,Insurance [YES] / Additional Battery [NONE],176,1,カート用通常フラグ,SoftBank 601HW [BLACK] Standard 20GB,1,,,,,,,,*,sk/img001.jpg,*,sk/img001.jpg,,,,,,,,,,,,,,,,,,,,,,,0,1,en_sk_219_in,,1,,22800,23350,,5,,,,,,,,,,,,,,,,,"21,22","NEW rental,SoftBank 601HW 20GB"
1662,6144,379,189,Insurance [YES] / Additional Battery [NONE],177,1,カート用通常フラグ,SoftBank 601HW [BLACK] Standard 20GB,1,,,,,,,,*,sk/img001.jpg,*,sk/img001.jpg,,,,,,,,,,,,,,,,,,,,,,,0,1,en_sk_218_in,,1,,22800,23350,,5,,,,,,,,,,,,,,,,,"21,22","NEW rental,SoftBank 601HW 20GB"
1662,6148,379,190,Insurance [YES] / Additional Battery [NONE],178,1,カート用通常フラグ,SoftBank 601HW [BLACK] Standard 20GB,1,,,,,,,,*,sk/img001.jpg,*,sk/img001.jpg,,,,,,,,,,,,,,,,,,,,,,,0,1,en_sk_217_in,,1,,22800,23350,,5,,,,,,,,,,,,,,,,,"21,22","NEW rental,SoftBank 601HW 20GB"
1662,6152,379,191,Insurance [YES] / Additional Battery [NONE],179,1,カート用通常フラグ,SoftBank 601HW [BLACK] Standard 20GB,1,,,,,,,,*,sk/img001.jpg,*,sk/img001.jpg,,,,,,,,,,,,,,,,,,,,,,,0,1,en_sk_216_in,,1,,22800,23350,,5,,,,,,,,,,,,,,,,,"21,22","NEW rental,SoftBank 601HW 20GB"
1662,6156,379,192,Insurance [YES] / Additional Battery [NONE],180,1,カート用通常フラグ,SoftBank 601HW [BLACK] Standard 20GB,1,,,,,,,,*,sk/img001.jpg,*,sk/img001.jpg,,,,,,,,,,,,,,,,,,,,,,,0,1,en_sk_215_in,,1,,22800,23350,,5,,,,,,,,,,,,,,,,,"21,22","NEW rental,SoftBank 601HW 20GB"
1662,6160,379,193,Insurance [YES] / Additional Battery [NONE],181,1,カート用通常フラグ,SoftBank 601HW [BLACK] Standard 20GB,1,,,,,,,,*,sk/img001.jpg,*,sk/img001.jpg,,,,,,,,,,,,,,,,,,,,,,,0,1,en_sk_214_in,,1,,23190,23740,,5,,,,,,,,,,,,,,,,,"21,22","NEW rental,SoftBank 601HW 20GB"
1662,6164,379,194,Insurance [YES] / Additional Battery [NONE],182,1,カート用通常フラグ,SoftBank 601HW [BLACK] Standard 20GB,1,,,,,,,,*,sk/img001.jpg,*,sk/img001.jpg,,,,,,,,,,,,,,,,,,,,,,,0,1,en_sk_213_in,,1,,23580,24130,,5,,,,,,,,,,,,,,,,,"21,22","NEW rental,SoftBank 601HW 20GB"
1662,6168,379,195,Insurance [YES] / Additional Battery [NONE],183,1,カート用通常フラグ,SoftBank 601HW [BLACK] Standard 20GB,1,,,,,,,,*,sk/img001.jpg,*,sk/img001.jpg,,,,,,,,,,,,,,,,,,,,,,,0,1,en_sk_212_in,,1,,23970,24520,,5,,,,,,,,,,,,,,,,,"21,22","NEW rental,SoftBank 601HW 20GB"
1662,6172,379,196,Insurance [YES] / Additional Battery [NONE],184,1,カート用通常フラグ,SoftBank 601HW [BLACK] Standard 20GB,1,,,,,,,,*,sk/img001.jpg,*,sk/img001.jpg,,,,,,,,,,,,,,,,,,,,,,,0,1,en_sk_211_in,,1,,24360,24910,,5,,,,,,,,,,,,,,,,,"21,22","NEW rental,SoftBank 601HW 20GB"
1662,6176,379,197,Insurance [YES] / Additional Battery [NONE],185,1,カート用通常フラグ,SoftBank 601HW [BLACK] Standard 20GB,1,,,,,,,,*,sk/img001.jpg,*,sk/img001.jpg,,,,,,,,,,,,,,,,,,,,,,,0,1,en_sk_210_in,,1,,24750,25300,,5,,,,,,,,,,,,,,,,,"21,22","NEW rental,SoftBank 601HW 20GB"
1662,6180,379,198,Insurance [YES] / Additional Battery [NONE],186,1,カート用通常フラグ,SoftBank 601HW [BLACK] Standard 20GB,1,,,,,,,,*,sk/img001.jpg,*,sk/img001.jpg,,,,,,,,,,,,,,,,,,,,,,,0,1,en_sk_209_in,,1,,25140,25690,,5,,,,,,,,,,,,,,,,,"21,22","NEW rental,SoftBank 601HW 20GB"
1662,6184,379,199,Insurance [YES] / Additional Battery [NONE],187,1,カート用通常フラグ,SoftBank 601HW [BLACK] Standard 20GB,1,,,,,,,,*,sk/img001.jpg,*,sk/img001.jpg,,,,,,,,,,,,,,,,,,,,,,,0,1,en_sk_208_in,,1,,25530,26080,,5,,,,,,,,,,,,,,,,,"21,22","NEW rental,SoftBank 601HW 20GB"
1662,6188,379,200,Insurance [YES] / Additional Battery [NONE],188,1,カート用通常フラグ,SoftBank 601HW [BLACK] Standard 20GB,1,,,,,,,,*,sk/img001.jpg,*,sk/img001.jpg,,,,,,,,,,,,,,,,,,,,,,,0,1,en_sk_207_in,,1,,25920,26470,,5,,,,,,,,,,,,,,,,,"21,22","NEW rental,SoftBank 601HW 20GB"
1662,6192,379,201,Insurance [YES] / Additional Battery [NONE],189,1,カート用通常フラグ,SoftBank 601HW [BLACK] Standard 20GB,1,,,,,,,,*,sk/img001.jpg,*,sk/img001.jpg,,,,,,,,,,,,,,,,,,,,,,,0,1,en_sk_206_in,,1,,26310,26860,,5,,,,,,,,,,,,,,,,,"21,22","NEW rental,SoftBank 601HW 20GB"
1662,6196,379,202,Insurance [YES] / Additional Battery [NONE],190,1,カート用通常フラグ,SoftBank 601HW [BLACK] Standard 20GB,1,,,,,,,,*,sk/img001.jpg,*,sk/img001.jpg,,,,,,,,,,,,,,,,,,,,,,,0,1,en_sk_205_in,,1,,26700,27250,,5,,,,,,,,,,,,,,,,,"21,22","NEW rental,SoftBank 601HW 20GB"
1662,6200,379,203,Insurance [YES] / Additional Battery [NONE],191,1,カート用通常フラグ,SoftBank 601HW [BLACK] Standard 20GB,1,,,,,,,,*,sk/img001.jpg,*,sk/img001.jpg,,,,,,,,,,,,,,,,,,,,,,,0,1,en_sk_204_in,,1,,27090,27640,,5,,,,,,,,,,,,,,,,,"21,22","NEW rental,SoftBank 601HW 20GB"
1662,6204,379,204,Insurance [YES] / Additional Battery [NONE],192,1,カート用通常フラグ,SoftBank 601HW [BLACK] Standard 20GB,1,,,,,,,,*,sk/img001.jpg,*,sk/img001.jpg,,,,,,,,,,,,,,,,,,,,,,,0,1,en_sk_203_in,,1,,27480,28030,,5,,,,,,,,,,,,,,,,,"21,22","NEW rental,SoftBank 601HW 20GB"
1662,6208,379,205,Insurance [YES] / Additional Battery [NONE],193,1,カート用通常フラグ,SoftBank 601HW [BLACK] Standard 20GB,1,,,,,,,,*,sk/img001.jpg,*,sk/img001.jpg,,,,,,,,,,,,,,,,,,,,,,,0,1,en_sk_202_in,,1,,27870,28420,,5,,,,,,,,,,,,,,,,,"21,22","NEW rental,SoftBank 601HW 20GB"
1662,6212,379,206,Insurance [YES] / Additional Battery [NONE],194,1,カート用通常フラグ,SoftBank 601HW [BLACK] Standard 20GB,1,,,,,,,,*,sk/img001.jpg,*,sk/img001.jpg,,,,,,,,,,,,,,,,,,,,,,,0,1,en_sk_201_in,,1,,28260,28810,,5,,,,,,,,,,,,,,,,,"21,22","NEW rental,SoftBank 601HW 20GB"
1662,6216,379,207,Insurance [YES] / Additional Battery [NONE],195,1,カート用通常フラグ,SoftBank 601HW [BLACK] Standard 20GB,1,,,,,,,,*,sk/img001.jpg,*,sk/img001.jpg,,,,,,,,,,,,,,,,,,,,,,,0,1,en_sk_200_in,,1,,28650,29200,,5,,,,,,,,,,,,,,,,,"21,22","NEW rental,SoftBank 601HW 20GB"
1662,6220,379,208,Insurance [YES] / Additional Battery [NONE],196,1,カート用通常フラグ,SoftBank 601HW [BLACK] Standard 20GB,1,,,,,,,,*,sk/img001.jpg,*,sk/img001.jpg,,,,,,,,,,,,,,,,,,,,,,,0,1,en_sk_199_in,,1,,28650,29200,,5,,,,,,,,,,,,,,,,,"21,22","NEW rental,SoftBank 601HW 20GB"
1662,6224,379,209,Insurance [YES] / Additional Battery [NONE],197,1,カート用通常フラグ,SoftBank 601HW [BLACK] Standard 20GB,1,,,,,,,,*,sk/img001.jpg,*,sk/img001.jpg,,,,,,,,,,,,,,,,,,,,,,,0,1,en_sk_198_in,,1,,28650,29200,,5,,,,,,,,,,,,,,,,,"21,22","NEW rental,SoftBank 601HW 20GB"
1662,6228,379,210,Insurance [YES] / Additional Battery [NONE],198,1,カート用通常フラグ,SoftBank 601HW [BLACK] Standard 20GB,1,,,,,,,,*,sk/img001.jpg,*,sk/img001.jpg,,,,,,,,,,,,,,,,,,,,,,,0,1,en_sk_197_in,,1,,28650,29200,,5,,,,,,,,,,,,,,,,,"21,22","NEW rental,SoftBank 601HW 20GB"
1662,6232,379,211,Insurance [YES] / Additional Battery [NONE],199,1,カート用通常フラグ,SoftBank 601HW [BLACK] Standard 20GB,1,,,,,,,,*,sk/img001.jpg,*,sk/img001.jpg,,,,,,,,,,,,,,,,,,,,,,,0,1,en_sk_196_in,,1,,28650,29200,,5,,,,,,,,,,,,,,,,,"21,22","NEW rental,SoftBank 601HW 20GB"
1662,6236,379,212,Insurance [YES] / Additional Battery [NONE],200,1,カート用通常フラグ,SoftBank 601HW [BLACK] Standard 20GB,1,,,,,,,,*,sk/img001.jpg,*,sk/img001.jpg,,,,,,,,,,,,,,,,,,,,,,,0,1,en_sk_195_in,,1,,28650,29200,,5,,,,,,,,,,,,,,,,,"21,22","NEW rental,SoftBank 601HW 20GB"
1662,6240,379,213,Insurance [YES] / Additional Battery [NONE],201,1,カート用通常フラグ,SoftBank 601HW [BLACK] Standard 20GB,1,,,,,,,,*,sk/img001.jpg,*,sk/img001.jpg,,,,,,,,,,,,,,,,,,,,,,,0,1,en_sk_194_in,,1,,28650,29200,,5,,,,,,,,,,,,,,,,,"21,22","NEW rental,SoftBank 601HW 20GB"
1662,6244,379,214,Insurance [YES] / Additional Battery [NONE],202,1,カート用通常フラグ,SoftBank 601HW [BLACK] Standard 20GB,1,,,,,,,,*,sk/img001.jpg,*,sk/img001.jpg,,,,,,,,,,,,,,,,,,,,,,,0,1,en_sk_193_in,,1,,28650,29200,,5,,,,,,,,,,,,,,,,,"21,22","NEW rental,SoftBank 601HW 20GB"
1662,6248,379,215,Insurance [YES] / Additional Battery [NONE],203,1,カート用通常フラグ,SoftBank 601HW [BLACK] Standard 20GB,1,,,,,,,,*,sk/img001.jpg,*,sk/img001.jpg,,,,,,,,,,,,,,,,,,,,,,,0,1,en_sk_192_in,,1,,28650,29200,,5,,,,,,,,,,,,,,,,,"21,22","NEW rental,SoftBank 601HW 20GB"
1662,6252,379,216,Insurance [YES] / Additional Battery [NONE],204,1,カート用通常フラグ,SoftBank 601HW [BLACK] Standard 20GB,1,,,,,,,,*,sk/img001.jpg,*,sk/img001.jpg,,,,,,,,,,,,,,,,,,,,,,,0,1,en_sk_191_in,,1,,28650,29200,,5,,,,,,,,,,,,,,,,,"21,22","NEW rental,SoftBank 601HW 20GB"
1662,6256,379,217,Insurance [YES] / Additional Battery [NONE],205,1,カート用通常フラグ,SoftBank 601HW [BLACK] Standard 20GB,1,,,,,,,,*,sk/img001.jpg,*,sk/img001.jpg,,,,,,,,,,,,,,,,,,,,,,,0,1,en_sk_190_in,,1,,28650,29200,,5,,,,,,,,,,,,,,,,,"21,22","NEW rental,SoftBank 601HW 20GB"
1662,6260,379,218,Insurance [YES] / Additional Battery [NONE],206,1,カート用通常フラグ,SoftBank 601HW [BLACK] Standard 20GB,1,,,,,,,,*,sk/img001.jpg,*,sk/img001.jpg,,,,,,,,,,,,,,,,,,,,,,,0,1,en_sk_189_in,,1,,28650,29200,,5,,,,,,,,,,,,,,,,,"21,22","NEW rental,SoftBank 601HW 20GB"
1662,6264,379,219,Insurance [YES] / Additional Battery [NONE],207,1,カート用通常フラグ,SoftBank 601HW [BLACK] Standard 20GB,1,,,,,,,,*,sk/img001.jpg,*,sk/img001.jpg,,,,,,,,,,,,,,,,,,,,,,,0,1,en_sk_188_in,,1,,28650,29200,,5,,,,,,,,,,,,,,,,,"21,22","NEW rental,SoftBank 601HW 20GB"
1662,6268,379,220,Insurance [YES] / Additional Battery [NONE],208,1,カート用通常フラグ,SoftBank 601HW [BLACK] Standard 20GB,1,,,,,,,,*,sk/img001.jpg,*,sk/img001.jpg,,,,,,,,,,,,,,,,,,,,,,,0,1,en_sk_187_in,,1,,28650,29200,,5,,,,,,,,,,,,,,,,,"21,22","NEW rental,SoftBank 601HW 20GB"
1662,6272,379,221,Insurance [YES] / Additional Battery [NONE],209,1,カート用通常フラグ,SoftBank 601HW [BLACK] Standard 20GB,1,,,,,,,,*,sk/img001.jpg,*,sk/img001.jpg,,,,,,,,,,,,,,,,,,,,,,,0,1,en_sk_186_in,,1,,28650,29200,,5,,,,,,,,,,,,,,,,,"21,22","NEW rental,SoftBank 601HW 20GB"
1662,6276,379,222,Insurance [YES] / Additional Battery [NONE],210,1,カート用通常フラグ,SoftBank 601HW [BLACK] Standard 20GB,1,,,,,,,,*,sk/img001.jpg,*,sk/img001.jpg,,,,,,,,,,,,,,,,,,,,,,,0,1,en_sk_185_in,,1,,28650,29200,,5,,,,,,,,,,,,,,,,,"21,22","NEW rental,SoftBank 601HW 20GB"
1662,6280,379,223,Insurance [YES] / Additional Battery [NONE],211,1,カート用通常フラグ,SoftBank 601HW [BLACK] Standard 20GB,1,,,,,,,,*,sk/img001.jpg,*,sk/img001.jpg,,,,,,,,,,,,,,,,,,,,,,,0,1,en_sk_184_in,,1,,28650,29200,,5,,,,,,,,,,,,,,,,,"21,22","NEW rental,SoftBank 601HW 20GB"
1662,6284,379,224,Insurance [YES] / Additional Battery [NONE],212,1,カート用通常フラグ,SoftBank 601HW [BLACK] Standard 20GB,1,,,,,,,,*,sk/img001.jpg,*,sk/img001.jpg,,,,,,,,,,,,,,,,,,,,,,,0,1,en_sk_183_in,,1,,29040,29590,,5,,,,,,,,,,,,,,,,,"21,22","NEW rental,SoftBank 601HW 20GB"
1662,6288,379,225,Insurance [YES] / Additional Battery [NONE],213,1,カート用通常フラグ,SoftBank 601HW [BLACK] Standard 20GB,1,,,,,,,,*,sk/img001.jpg,*,sk/img001.jpg,,,,,,,,,,,,,,,,,,,,,,,0,1,en_sk_182_in,,1,,29430,29980,,5,,,,,,,,,,,,,,,,,"21,22","NEW rental,SoftBank 601HW 20GB"
1662,6292,379,226,Insurance [YES] / Additional Battery [NONE],214,1,カート用通常フラグ,SoftBank 601HW [BLACK] Standard 20GB,1,,,,,,,,*,sk/img001.jpg,*,sk/img001.jpg,,,,,,,,,,,,,,,,,,,,,,,0,1,en_sk_181_in,,1,,29820,30370,,5,,,,,,,,,,,,,,,,,"21,22","NEW rental,SoftBank 601HW 20GB"
1662,6296,379,227,Insurance [YES] / Additional Battery [NONE],215,1,カート用通常フラグ,SoftBank 601HW [BLACK] Standard 20GB,1,,,,,,,,*,sk/img001.jpg,*,sk/img001.jpg,,,,,,,,,,,,,,,,,,,,,,,0,1,en_sk_180_in,,1,,30210,30760,,5,,,,,,,,,,,,,,,,,"21,22","NEW rental,SoftBank 601HW 20GB"
1662,6300,379,228,Insurance [YES] / Additional Battery [NONE],216,1,カート用通常フラグ,SoftBank 601HW [BLACK] Standard 20GB,1,,,,,,,,*,sk/img001.jpg,*,sk/img001.jpg,,,,,,,,,,,,,,,,,,,,,,,0,1,en_sk_179_in,,1,,30600,31150,,5,,,,,,,,,,,,,,,,,"21,22","NEW rental,SoftBank 601HW 20GB"
1662,6304,379,229,Insurance [YES] / Additional Battery [NONE],217,1,カート用通常フラグ,SoftBank 601HW [BLACK] Standard 20GB,1,,,,,,,,*,sk/img001.jpg,*,sk/img001.jpg,,,,,,,,,,,,,,,,,,,,,,,0,1,en_sk_178_in,,1,,30990,31540,,5,,,,,,,,,,,,,,,,,"21,22","NEW rental,SoftBank 601HW 20GB"
1662,6308,379,230,Insurance [YES] / Additional Battery [NONE],218,1,カート用通常フラグ,SoftBank 601HW [BLACK] Standard 20GB,1,,,,,,,,*,sk/img001.jpg,*,sk/img001.jpg,,,,,,,,,,,,,,,,,,,,,,,0,1,en_sk_177_in,,1,,31380,31930,,5,,,,,,,,,,,,,,,,,"21,22","NEW rental,SoftBank 601HW 20GB"
1662,6312,379,231,Insurance [YES] / Additional Battery [NONE],219,1,カート用通常フラグ,SoftBank 601HW [BLACK] Standard 20GB,1,,,,,,,,*,sk/img001.jpg,*,sk/img001.jpg,,,,,,,,,,,,,,,,,,,,,,,0,1,en_sk_176_in,,1,,31770,32320,,5,,,,,,,,,,,,,,,,,"21,22","NEW rental,SoftBank 601HW 20GB"
1662,6316,379,232,Insurance [YES] / Additional Battery [NONE],220,1,カート用通常フラグ,SoftBank 601HW [BLACK] Standard 20GB,1,,,,,,,,*,sk/img001.jpg,*,sk/img001.jpg,,,,,,,,,,,,,,,,,,,,,,,0,1,en_sk_175_in,,1,,32160,32710,,5,,,,,,,,,,,,,,,,,"21,22","NEW rental,SoftBank 601HW 20GB"
1662,6320,379,233,Insurance [YES] / Additional Battery [NONE],221,1,カート用通常フラグ,SoftBank 601HW [BLACK] Standard 20GB,1,,,,,,,,*,sk/img001.jpg,*,sk/img001.jpg,,,,,,,,,,,,,,,,,,,,,,,0,1,en_sk_174_in,,1,,32550,33100,,5,,,,,,,,,,,,,,,,,"21,22","NEW rental,SoftBank 601HW 20GB"
1662,6324,379,234,Insurance [YES] / Additional Battery [NONE],222,1,カート用通常フラグ,SoftBank 601HW [BLACK] Standard 20GB,1,,,,,,,,*,sk/img001.jpg,*,sk/img001.jpg,,,,,,,,,,,,,,,,,,,,,,,0,1,en_sk_173_in,,1,,32940,33490,,5,,,,,,,,,,,,,,,,,"21,22","NEW rental,SoftBank 601HW 20GB"
1662,6328,379,235,Insurance [YES] / Additional Battery [NONE],223,1,カート用通常フラグ,SoftBank 601HW [BLACK] Standard 20GB,1,,,,,,,,*,sk/img001.jpg,*,sk/img001.jpg,,,,,,,,,,,,,,,,,,,,,,,0,1,en_sk_172_in,,1,,33200,33750,,5,,,,,,,,,,,,,,,,,"21,22","NEW rental,SoftBank 601HW 20GB"
1662,6332,379,236,Insurance [YES] / Additional Battery [NONE],224,1,カート用通常フラグ,SoftBank 601HW [BLACK] Standard 20GB,1,,,,,,,,*,sk/img001.jpg,*,sk/img001.jpg,,,,,,,,,,,,,,,,,,,,,,,0,1,en_sk_171_in,,1,,33200,33750,,5,,,,,,,,,,,,,,,,,"21,22","NEW rental,SoftBank 601HW 20GB"
1662,6336,379,237,Insurance [YES] / Additional Battery [NONE],225,1,カート用通常フラグ,SoftBank 601HW [BLACK] Standard 20GB,1,,,,,,,,*,sk/img001.jpg,*,sk/img001.jpg,,,,,,,,,,,,,,,,,,,,,,,0,1,en_sk_170_in,,1,,33200,33750,,5,,,,,,,,,,,,,,,,,"21,22","NEW rental,SoftBank 601HW 20GB"
1662,6340,379,238,Insurance [YES] / Additional Battery [NONE],226,1,カート用通常フラグ,SoftBank 601HW [BLACK] Standard 20GB,1,,,,,,,,*,sk/img001.jpg,*,sk/img001.jpg,,,,,,,,,,,,,,,,,,,,,,,0,1,en_sk_169_in,,1,,33200,33750,,5,,,,,,,,,,,,,,,,,"21,22","NEW rental,SoftBank 601HW 20GB"
1662,6344,379,239,Insurance [YES] / Additional Battery [NONE],227,1,カート用通常フラグ,SoftBank 601HW [BLACK] Standard 20GB,1,,,,,,,,*,sk/img001.jpg,*,sk/img001.jpg,,,,,,,,,,,,,,,,,,,,,,,0,1,en_sk_168_in,,1,,33200,33750,,5,,,,,,,,,,,,,,,,,"21,22","NEW rental,SoftBank 601HW 20GB"
1662,6348,379,240,Insurance [YES] / Additional Battery [NONE],228,1,カート用通常フラグ,SoftBank 601HW [BLACK] Standard 20GB,1,,,,,,,,*,sk/img001.jpg,*,sk/img001.jpg,,,,,,,,,,,,,,,,,,,,,,,0,1,en_sk_167_in,,1,,33200,33750,,5,,,,,,,,,,,,,,,,,"21,22","NEW rental,SoftBank 601HW 20GB"
1662,6352,379,241,Insurance [YES] / Additional Battery [NONE],229,1,カート用通常フラグ,SoftBank 601HW [BLACK] Standard 20GB,1,,,,,,,,*,sk/img001.jpg,*,sk/img001.jpg,,,,,,,,,,,,,,,,,,,,,,,0,1,en_sk_166_in,,1,,33200,33750,,5,,,,,,,,,,,,,,,,,"21,22","NEW rental,SoftBank 601HW 20GB"
1662,6356,379,242,Insurance [YES] / Additional Battery [NONE],230,1,カート用通常フラグ,SoftBank 601HW [BLACK] Standard 20GB,1,,,,,,,,*,sk/img001.jpg,*,sk/img001.jpg,,,,,,,,,,,,,,,,,,,,,,,0,1,en_sk_165_in,,1,,33200,33750,,5,,,,,,,,,,,,,,,,,"21,22","NEW rental,SoftBank 601HW 20GB"
1662,6360,379,243,Insurance [YES] / Additional Battery [NONE],231,1,カート用通常フラグ,SoftBank 601HW [BLACK] Standard 20GB,1,,,,,,,,*,sk/img001.jpg,*,sk/img001.jpg,,,,,,,,,,,,,,,,,,,,,,,0,1,en_sk_164_in,,1,,33200,33750,,5,,,,,,,,,,,,,,,,,"21,22","NEW rental,SoftBank 601HW 20GB"
1662,6364,379,244,Insurance [YES] / Additional Battery [NONE],232,1,カート用通常フラグ,SoftBank 601HW [BLACK] Standard 20GB,1,,,,,,,,*,sk/img001.jpg,*,sk/img001.jpg,,,,,,,,,,,,,,,,,,,,,,,0,1,en_sk_163_in,,1,,33200,33750,,5,,,,,,,,,,,,,,,,,"21,22","NEW rental,SoftBank 601HW 20GB"
1662,6368,379,245,Insurance [YES] / Additional Battery [NONE],233,1,カート用通常フラグ,SoftBank 601HW [BLACK] Standard 20GB,1,,,,,,,,*,sk/img001.jpg,*,sk/img001.jpg,,,,,,,,,,,,,,,,,,,,,,,0,1,en_sk_162_in,,1,,33200,33750,,5,,,,,,,,,,,,,,,,,"21,22","NEW rental,SoftBank 601HW 20GB"
1662,6372,379,246,Insurance [YES] / Additional Battery [NONE],234,1,カート用通常フラグ,SoftBank 601HW [BLACK] Standard 20GB,1,,,,,,,,*,sk/img001.jpg,*,sk/img001.jpg,,,,,,,,,,,,,,,,,,,,,,,0,1,en_sk_161_in,,1,,33200,33750,,5,,,,,,,,,,,,,,,,,"21,22","NEW rental,SoftBank 601HW 20GB"
1662,6376,379,247,Insurance [YES] / Additional Battery [NONE],235,1,カート用通常フラグ,SoftBank 601HW [BLACK] Standard 20GB,1,,,,,,,,*,sk/img001.jpg,*,sk/img001.jpg,,,,,,,,,,,,,,,,,,,,,,,0,1,en_sk_160_in,,1,,33200,33750,,5,,,,,,,,,,,,,,,,,"21,22","NEW rental,SoftBank 601HW 20GB"
1662,6380,379,248,Insurance [YES] / Additional Battery [NONE],236,1,カート用通常フラグ,SoftBank 601HW [BLACK] Standard 20GB,1,,,,,,,,*,sk/img001.jpg,*,sk/img001.jpg,,,,,,,,,,,,,,,,,,,,,,,0,1,en_sk_159_in,,1,,33200,33750,,5,,,,,,,,,,,,,,,,,"21,22","NEW rental,SoftBank 601HW 20GB"
1662,6384,379,249,Insurance [YES] / Additional Battery [NONE],237,1,カート用通常フラグ,SoftBank 601HW [BLACK] Standard 20GB,1,,,,,,,,*,sk/img001.jpg,*,sk/img001.jpg,,,,,,,,,,,,,,,,,,,,,,,0,1,en_sk_158_in,,1,,33200,33750,,5,,,,,,,,,,,,,,,,,"21,22","NEW rental,SoftBank 601HW 20GB"
1662,6388,379,250,Insurance [YES] / Additional Battery [NONE],238,1,カート用通常フラグ,SoftBank 601HW [BLACK] Standard 20GB,1,,,,,,,,*,sk/img001.jpg,*,sk/img001.jpg,,,,,,,,,,,,,,,,,,,,,,,0,1,en_sk_157_in,,1,,33200,33750,,5,,,,,,,,,,,,,,,,,"21,22","NEW rental,SoftBank 601HW 20GB"
1662,6392,379,251,Insurance [YES] / Additional Battery [NONE],239,1,カート用通常フラグ,SoftBank 601HW [BLACK] Standard 20GB,1,,,,,,,,*,sk/img001.jpg,*,sk/img001.jpg,,,,,,,,,,,,,,,,,,,,,,,0,1,en_sk_156_in,,1,,33200,33750,,5,,,,,,,,,,,,,,,,,"21,22","NEW rental,SoftBank 601HW 20GB"
1662,6396,379,252,Insurance [YES] / Additional Battery [NONE],240,1,カート用通常フラグ,SoftBank 601HW [BLACK] Standard 20GB,1,,,,,,,,*,sk/img001.jpg,*,sk/img001.jpg,,,,,,,,,,,,,,,,,,,,,,,0,1,en_sk_155_in,,1,,33200,33750,,5,,,,,,,,,,,,,,,,,"21,22","NEW rental,SoftBank 601HW 20GB"
1662,6400,379,253,Insurance [YES] / Additional Battery [NONE],241,1,カート用通常フラグ,SoftBank 601HW [BLACK] Standard 20GB,1,,,,,,,,*,sk/img001.jpg,*,sk/img001.jpg,,,,,,,,,,,,,,,,,,,,,,,0,1,en_sk_154_in,,1,,33200,33750,,5,,,,,,,,,,,,,,,,,"21,22","NEW rental,SoftBank 601HW 20GB"
1662,6404,379,254,Insurance [YES] / Additional Battery [NONE],242,1,カート用通常フラグ,SoftBank 601HW [BLACK] Standard 20GB,1,,,,,,,,*,sk/img001.jpg,*,sk/img001.jpg,,,,,,,,,,,,,,,,,,,,,,,0,1,en_sk_153_in,,1,,33590,34140,,5,,,,,,,,,,,,,,,,,"21,22","NEW rental,SoftBank 601HW 20GB"
1662,6408,379,255,Insurance [YES] / Additional Battery [NONE],243,1,カート用通常フラグ,SoftBank 601HW [BLACK] Standard 20GB,1,,,,,,,,*,sk/img001.jpg,*,sk/img001.jpg,,,,,,,,,,,,,,,,,,,,,,,0,1,en_sk_152_in,,1,,33980,34530,,5,,,,,,,,,,,,,,,,,"21,22","NEW rental,SoftBank 601HW 20GB"
1662,6412,379,256,Insurance [YES] / Additional Battery [NONE],244,1,カート用通常フラグ,SoftBank 601HW [BLACK] Standard 20GB,1,,,,,,,,*,sk/img001.jpg,*,sk/img001.jpg,,,,,,,,,,,,,,,,,,,,,,,0,1,en_sk_151_in,,1,,34370,34920,,5,,,,,,,,,,,,,,,,,"21,22","NEW rental,SoftBank 601HW 20GB"
1662,6416,379,257,Insurance [YES] / Additional Battery [NONE],245,1,カート用通常フラグ,SoftBank 601HW [BLACK] Standard 20GB,1,,,,,,,,*,sk/img001.jpg,*,sk/img001.jpg,,,,,,,,,,,,,,,,,,,,,,,0,1,en_sk_150_in,,1,,34760,35310,,5,,,,,,,,,,,,,,,,,"21,22","NEW rental,SoftBank 601HW 20GB"
1662,6420,379,258,Insurance [YES] / Additional Battery [NONE],246,1,カート用通常フラグ,SoftBank 601HW [BLACK] Standard 20GB,1,,,,,,,,*,sk/img001.jpg,*,sk/img001.jpg,,,,,,,,,,,,,,,,,,,,,,,0,1,en_sk_149_in,,1,,35150,35700,,5,,,,,,,,,,,,,,,,,"21,22","NEW rental,SoftBank 601HW 20GB"
1662,6424,379,259,Insurance [YES] / Additional Battery [NONE],247,1,カート用通常フラグ,SoftBank 601HW [BLACK] Standard 20GB,1,,,,,,,,*,sk/img001.jpg,*,sk/img001.jpg,,,,,,,,,,,,,,,,,,,,,,,0,1,en_sk_148_in,,1,,35540,36090,,5,,,,,,,,,,,,,,,,,"21,22","NEW rental,SoftBank 601HW 20GB"
1662,6428,379,260,Insurance [YES] / Additional Battery [NONE],248,1,カート用通常フラグ,SoftBank 601HW [BLACK] Standard 20GB,1,,,,,,,,*,sk/img001.jpg,*,sk/img001.jpg,,,,,,,,,,,,,,,,,,,,,,,0,1,en_sk_147_in,,1,,35930,36480,,5,,,,,,,,,,,,,,,,,"21,22","NEW rental,SoftBank 601HW 20GB"
1662,6432,379,261,Insurance [YES] / Additional Battery [NONE],249,1,カート用通常フラグ,SoftBank 601HW [BLACK] Standard 20GB,1,,,,,,,,*,sk/img001.jpg,*,sk/img001.jpg,,,,,,,,,,,,,,,,,,,,,,,0,1,en_sk_146_in,,1,,36320,36870,,5,,,,,,,,,,,,,,,,,"21,22","NEW rental,SoftBank 601HW 20GB"
1662,6436,379,262,Insurance [YES] / Additional Battery [NONE],250,1,カート用通常フラグ,SoftBank 601HW [BLACK] Standard 20GB,1,,,,,,,,*,sk/img001.jpg,*,sk/img001.jpg,,,,,,,,,,,,,,,,,,,,,,,0,1,en_sk_145_in,,1,,36710,37260,,5,,,,,,,,,,,,,,,,,"21,22","NEW rental,SoftBank 601HW 20GB"
1662,6440,379,263,Insurance [YES] / Additional Battery [NONE],251,1,カート用通常フラグ,SoftBank 601HW [BLACK] Standard 20GB,1,,,,,,,,*,sk/img001.jpg,*,sk/img001.jpg,,,,,,,,,,,,,,,,,,,,,,,0,1,en_sk_144_in,,1,,37100,37650,,5,,,,,,,,,,,,,,,,,"21,22","NEW rental,SoftBank 601HW 20GB"
1662,6444,379,264,Insurance [YES] / Additional Battery [NONE],252,1,カート用通常フラグ,SoftBank 601HW [BLACK] Standard 20GB,1,,,,,,,,*,sk/img001.jpg,*,sk/img001.jpg,,,,,,,,,,,,,,,,,,,,,,,0,1,en_sk_143_in,,1,,37400,37950,,5,,,,,,,,,,,,,,,,,"21,22","NEW rental,SoftBank 601HW 20GB"
1662,6448,379,265,Insurance [YES] / Additional Battery [NONE],253,1,カート用通常フラグ,SoftBank 601HW [BLACK] Standard 20GB,1,,,,,,,,*,sk/img001.jpg,*,sk/img001.jpg,,,,,,,,,,,,,,,,,,,,,,,0,1,en_sk_142_in,,1,,37400,37950,,5,,,,,,,,,,,,,,,,,"21,22","NEW rental,SoftBank 601HW 20GB"
1662,6452,379,266,Insurance [YES] / Additional Battery [NONE],254,1,カート用通常フラグ,SoftBank 601HW [BLACK] Standard 20GB,1,,,,,,,,*,sk/img001.jpg,*,sk/img001.jpg,,,,,,,,,,,,,,,,,,,,,,,0,1,en_sk_141_in,,1,,37400,37950,,5,,,,,,,,,,,,,,,,,"21,22","NEW rental,SoftBank 601HW 20GB"
1662,6456,379,267,Insurance [YES] / Additional Battery [NONE],255,1,カート用通常フラグ,SoftBank 601HW [BLACK] Standard 20GB,1,,,,,,,,*,sk/img001.jpg,*,sk/img001.jpg,,,,,,,,,,,,,,,,,,,,,,,0,1,en_sk_140_in,,1,,37400,37950,,5,,,,,,,,,,,,,,,,,"21,22","NEW rental,SoftBank 601HW 20GB"
1662,6460,379,268,Insurance [YES] / Additional Battery [NONE],256,1,カート用通常フラグ,SoftBank 601HW [BLACK] Standard 20GB,1,,,,,,,,*,sk/img001.jpg,*,sk/img001.jpg,,,,,,,,,,,,,,,,,,,,,,,0,1,en_sk_139_in,,1,,37400,37950,,5,,,,,,,,,,,,,,,,,"21,22","NEW rental,SoftBank 601HW 20GB"
1662,6464,379,269,Insurance [YES] / Additional Battery [NONE],257,1,カート用通常フラグ,SoftBank 601HW [BLACK] Standard 20GB,1,,,,,,,,*,sk/img001.jpg,*,sk/img001.jpg,,,,,,,,,,,,,,,,,,,,,,,0,1,en_sk_138_in,,1,,37400,37950,,5,,,,,,,,,,,,,,,,,"21,22","NEW rental,SoftBank 601HW 20GB"
1662,6468,379,270,Insurance [YES] / Additional Battery [NONE],258,1,カート用通常フラグ,SoftBank 601HW [BLACK] Standard 20GB,1,,,,,,,,*,sk/img001.jpg,*,sk/img001.jpg,,,,,,,,,,,,,,,,,,,,,,,0,1,en_sk_137_in,,1,,37400,37950,,5,,,,,,,,,,,,,,,,,"21,22","NEW rental,SoftBank 601HW 20GB"
1662,6472,379,271,Insurance [YES] / Additional Battery [NONE],259,1,カート用通常フラグ,SoftBank 601HW [BLACK] Standard 20GB,1,,,,,,,,*,sk/img001.jpg,*,sk/img001.jpg,,,,,,,,,,,,,,,,,,,,,,,0,1,en_sk_136_in,,1,,37400,37950,,5,,,,,,,,,,,,,,,,,"21,22","NEW rental,SoftBank 601HW 20GB"
1662,6476,379,272,Insurance [YES] / Additional Battery [NONE],260,1,カート用通常フラグ,SoftBank 601HW [BLACK] Standard 20GB,1,,,,,,,,*,sk/img001.jpg,*,sk/img001.jpg,,,,,,,,,,,,,,,,,,,,,,,0,1,en_sk_135_in,,1,,37400,37950,,5,,,,,,,,,,,,,,,,,"21,22","NEW rental,SoftBank 601HW 20GB"
1662,6480,379,273,Insurance [YES] / Additional Battery [NONE],261,1,カート用通常フラグ,SoftBank 601HW [BLACK] Standard 20GB,1,,,,,,,,*,sk/img001.jpg,*,sk/img001.jpg,,,,,,,,,,,,,,,,,,,,,,,0,1,en_sk_134_in,,1,,37400,37950,,5,,,,,,,,,,,,,,,,,"21,22","NEW rental,SoftBank 601HW 20GB"
1662,6484,379,274,Insurance [YES] / Additional Battery [NONE],262,1,カート用通常フラグ,SoftBank 601HW [BLACK] Standard 20GB,1,,,,,,,,*,sk/img001.jpg,*,sk/img001.jpg,,,,,,,,,,,,,,,,,,,,,,,0,1,en_sk_133_in,,1,,37400,37950,,5,,,,,,,,,,,,,,,,,"21,22","NEW rental,SoftBank 601HW 20GB"
1662,6488,379,275,Insurance [YES] / Additional Battery [NONE],263,1,カート用通常フラグ,SoftBank 601HW [BLACK] Standard 20GB,1,,,,,,,,*,sk/img001.jpg,*,sk/img001.jpg,,,,,,,,,,,,,,,,,,,,,,,0,1,en_sk_132_in,,1,,37400,37950,,5,,,,,,,,,,,,,,,,,"21,22","NEW rental,SoftBank 601HW 20GB"
1662,6492,379,276,Insurance [YES] / Additional Battery [NONE],264,1,カート用通常フラグ,SoftBank 601HW [BLACK] Standard 20GB,1,,,,,,,,*,sk/img001.jpg,*,sk/img001.jpg,,,,,,,,,,,,,,,,,,,,,,,0,1,en_sk_131_in,,1,,37400,37950,,5,,,,,,,,,,,,,,,,,"21,22","NEW rental,SoftBank 601HW 20GB"
1662,6496,379,277,Insurance [YES] / Additional Battery [NONE],265,1,カート用通常フラグ,SoftBank 601HW [BLACK] Standard 20GB,1,,,,,,,,*,sk/img001.jpg,*,sk/img001.jpg,,,,,,,,,,,,,,,,,,,,,,,0,1,en_sk_130_in,,1,,37400,37950,,5,,,,,,,,,,,,,,,,,"21,22","NEW rental,SoftBank 601HW 20GB"
1662,6500,379,278,Insurance [YES] / Additional Battery [NONE],266,1,カート用通常フラグ,SoftBank 601HW [BLACK] Standard 20GB,1,,,,,,,,*,sk/img001.jpg,*,sk/img001.jpg,,,,,,,,,,,,,,,,,,,,,,,0,1,en_sk_129_in,,1,,37400,37950,,5,,,,,,,,,,,,,,,,,"21,22","NEW rental,SoftBank 601HW 20GB"
1662,6504,379,279,Insurance [YES] / Additional Battery [NONE],267,1,カート用通常フラグ,SoftBank 601HW [BLACK] Standard 20GB,1,,,,,,,,*,sk/img001.jpg,*,sk/img001.jpg,,,,,,,,,,,,,,,,,,,,,,,0,1,en_sk_128_in,,1,,37400,37950,,5,,,,,,,,,,,,,,,,,"21,22","NEW rental,SoftBank 601HW 20GB"
1662,6508,379,280,Insurance [YES] / Additional Battery [NONE],268,1,カート用通常フラグ,SoftBank 601HW [BLACK] Standard 20GB,1,,,,,,,,*,sk/img001.jpg,*,sk/img001.jpg,,,,,,,,,,,,,,,,,,,,,,,0,1,en_sk_127_in,,1,,37400,37950,,5,,,,,,,,,,,,,,,,,"21,22","NEW rental,SoftBank 601HW 20GB"
1662,6512,379,281,Insurance [YES] / Additional Battery [NONE],269,1,カート用通常フラグ,SoftBank 601HW [BLACK] Standard 20GB,1,,,,,,,,*,sk/img001.jpg,*,sk/img001.jpg,,,,,,,,,,,,,,,,,,,,,,,0,1,en_sk_126_in,,1,,37400,37950,,5,,,,,,,,,,,,,,,,,"21,22","NEW rental,SoftBank 601HW 20GB"
1662,6516,379,282,Insurance [YES] / Additional Battery [NONE],270,1,カート用通常フラグ,SoftBank 601HW [BLACK] Standard 20GB,1,,,,,,,,*,sk/img001.jpg,*,sk/img001.jpg,,,,,,,,,,,,,,,,,,,,,,,0,1,en_sk_125_in,,1,,37400,37950,,5,,,,,,,,,,,,,,,,,"21,22","NEW rental,SoftBank 601HW 20GB"
1662,6520,379,283,Insurance [YES] / Additional Battery [NONE],271,1,カート用通常フラグ,SoftBank 601HW [BLACK] Standard 20GB,1,,,,,,,,*,sk/img001.jpg,*,sk/img001.jpg,,,,,,,,,,,,,,,,,,,,,,,0,1,en_sk_124_in,,1,,37400,37950,,5,,,,,,,,,,,,,,,,,"21,22","NEW rental,SoftBank 601HW 20GB"
1662,6524,379,284,Insurance [YES] / Additional Battery [NONE],272,1,カート用通常フラグ,SoftBank 601HW [BLACK] Standard 20GB,1,,,,,,,,*,sk/img001.jpg,*,sk/img001.jpg,,,,,,,,,,,,,,,,,,,,,,,0,1,en_sk_123_in,,1,,37790,38340,,5,,,,,,,,,,,,,,,,,"21,22","NEW rental,SoftBank 601HW 20GB"
1662,6528,379,285,Insurance [YES] / Additional Battery [NONE],273,1,カート用通常フラグ,SoftBank 601HW [BLACK] Standard 20GB,1,,,,,,,,*,sk/img001.jpg,*,sk/img001.jpg,,,,,,,,,,,,,,,,,,,,,,,0,1,en_sk_122_in,,1,,38180,38730,,5,,,,,,,,,,,,,,,,,"21,22","NEW rental,SoftBank 601HW 20GB"
1662,6532,379,286,Insurance [YES] / Additional Battery [NONE],274,1,カート用通常フラグ,SoftBank 601HW [BLACK] Standard 20GB,1,,,,,,,,*,sk/img001.jpg,*,sk/img001.jpg,,,,,,,,,,,,,,,,,,,,,,,0,1,en_sk_121_in,,1,,38570,39120,,5,,,,,,,,,,,,,,,,,"21,22","NEW rental,SoftBank 601HW 20GB"
1662,6536,379,287,Insurance [YES] / Additional Battery [NONE],275,1,カート用通常フラグ,SoftBank 601HW [BLACK] Standard 20GB,1,,,,,,,,*,sk/img001.jpg,*,sk/img001.jpg,,,,,,,,,,,,,,,,,,,,,,,0,1,en_sk_120_in,,1,,38960,39510,,5,,,,,,,,,,,,,,,,,"21,22","NEW rental,SoftBank 601HW 20GB"
1662,6540,379,288,Insurance [YES] / Additional Battery [NONE],276,1,カート用通常フラグ,SoftBank 601HW [BLACK] Standard 20GB,1,,,,,,,,*,sk/img001.jpg,*,sk/img001.jpg,,,,,,,,,,,,,,,,,,,,,,,0,1,en_sk_119_in,,1,,39350,39900,,5,,,,,,,,,,,,,,,,,"21,22","NEW rental,SoftBank 601HW 20GB"
1662,6544,379,289,Insurance [YES] / Additional Battery [NONE],277,1,カート用通常フラグ,SoftBank 601HW [BLACK] Standard 20GB,1,,,,,,,,*,sk/img001.jpg,*,sk/img001.jpg,,,,,,,,,,,,,,,,,,,,,,,0,1,en_sk_118_in,,1,,39740,40290,,5,,,,,,,,,,,,,,,,,"21,22","NEW rental,SoftBank 601HW 20GB"
1662,6548,379,290,Insurance [YES] / Additional Battery [NONE],278,1,カート用通常フラグ,SoftBank 601HW [BLACK] Standard 20GB,1,,,,,,,,*,sk/img001.jpg,*,sk/img001.jpg,,,,,,,,,,,,,,,,,,,,,,,0,1,en_sk_117_in,,1,,40130,40680,,5,,,,,,,,,,,,,,,,,"21,22","NEW rental,SoftBank 601HW 20GB"
1662,6552,379,291,Insurance [YES] / Additional Battery [NONE],279,1,カート用通常フラグ,SoftBank 601HW [BLACK] Standard 20GB,1,,,,,,,,*,sk/img001.jpg,*,sk/img001.jpg,,,,,,,,,,,,,,,,,,,,,,,0,1,en_sk_116_in,,1,,40520,41070,,5,,,,,,,,,,,,,,,,,"21,22","NEW rental,SoftBank 601HW 20GB"
1662,6556,379,292,Insurance [YES] / Additional Battery [NONE],280,1,カート用通常フラグ,SoftBank 601HW [BLACK] Standard 20GB,1,,,,,,,,*,sk/img001.jpg,*,sk/img001.jpg,,,,,,,,,,,,,,,,,,,,,,,0,1,en_sk_115_in,,1,,40910,41460,,5,,,,,,,,,,,,,,,,,"21,22","NEW rental,SoftBank 601HW 20GB"
1662,6560,379,293,Insurance [YES] / Additional Battery [NONE],281,1,カート用通常フラグ,SoftBank 601HW [BLACK] Standard 20GB,1,,,,,,,,*,sk/img001.jpg,*,sk/img001.jpg,,,,,,,,,,,,,,,,,,,,,,,0,1,en_sk_114_in,,1,,41300,41850,,5,,,,,,,,,,,,,,,,,"21,22","NEW rental,SoftBank 601HW 20GB"
1662,6564,379,294,Insurance [YES] / Additional Battery [NONE],282,1,カート用通常フラグ,SoftBank 601HW [BLACK] Standard 20GB,1,,,,,,,,*,sk/img001.jpg,*,sk/img001.jpg,,,,,,,,,,,,,,,,,,,,,,,0,1,en_sk_113_in,,1,,41600,42150,,5,,,,,,,,,,,,,,,,,"21,22","NEW rental,SoftBank 601HW 20GB"
1662,6568,379,295,Insurance [YES] / Additional Battery [NONE],283,1,カート用通常フラグ,SoftBank 601HW [BLACK] Standard 20GB,1,,,,,,,,*,sk/img001.jpg,*,sk/img001.jpg,,,,,,,,,,,,,,,,,,,,,,,0,1,en_sk_112_in,,1,,41600,42150,,5,,,,,,,,,,,,,,,,,"21,22","NEW rental,SoftBank 601HW 20GB"
1662,6572,379,296,Insurance [YES] / Additional Battery [NONE],284,1,カート用通常フラグ,SoftBank 601HW [BLACK] Standard 20GB,1,,,,,,,,*,sk/img001.jpg,*,sk/img001.jpg,,,,,,,,,,,,,,,,,,,,,,,0,1,en_sk_111_in,,1,,41600,42150,,5,,,,,,,,,,,,,,,,,"21,22","NEW rental,SoftBank 601HW 20GB"
1662,6576,379,297,Insurance [YES] / Additional Battery [NONE],285,1,カート用通常フラグ,SoftBank 601HW [BLACK] Standard 20GB,1,,,,,,,,*,sk/img001.jpg,*,sk/img001.jpg,,,,,,,,,,,,,,,,,,,,,,,0,1,en_sk_110_in,,1,,41600,42150,,5,,,,,,,,,,,,,,,,,"21,22","NEW rental,SoftBank 601HW 20GB"
1662,6580,379,298,Insurance [YES] / Additional Battery [NONE],286,1,カート用通常フラグ,SoftBank 601HW [BLACK] Standard 20GB,1,,,,,,,,*,sk/img001.jpg,*,sk/img001.jpg,,,,,,,,,,,,,,,,,,,,,,,0,1,en_sk_109_in,,1,,41600,42150,,5,,,,,,,,,,,,,,,,,"21,22","NEW rental,SoftBank 601HW 20GB"
1662,6584,379,299,Insurance [YES] / Additional Battery [NONE],287,1,カート用通常フラグ,SoftBank 601HW [BLACK] Standard 20GB,1,,,,,,,,*,sk/img001.jpg,*,sk/img001.jpg,,,,,,,,,,,,,,,,,,,,,,,0,1,en_sk_108_in,,1,,41600,42150,,5,,,,,,,,,,,,,,,,,"21,22","NEW rental,SoftBank 601HW 20GB"
1662,6588,379,300,Insurance [YES] / Additional Battery [NONE],288,1,カート用通常フラグ,SoftBank 601HW [BLACK] Standard 20GB,1,,,,,,,,*,sk/img001.jpg,*,sk/img001.jpg,,,,,,,,,,,,,,,,,,,,,,,0,1,en_sk_107_in,,1,,41600,42150,,5,,,,,,,,,,,,,,,,,"21,22","NEW rental,SoftBank 601HW 20GB"
1662,6592,379,301,Insurance [YES] / Additional Battery [NONE],289,1,カート用通常フラグ,SoftBank 601HW [BLACK] Standard 20GB,1,,,,,,,,*,sk/img001.jpg,*,sk/img001.jpg,,,,,,,,,,,,,,,,,,,,,,,0,1,en_sk_106_in,,1,,41600,42150,,5,,,,,,,,,,,,,,,,,"21,22","NEW rental,SoftBank 601HW 20GB"
1662,6596,379,302,Insurance [YES] / Additional Battery [NONE],290,1,カート用通常フラグ,SoftBank 601HW [BLACK] Standard 20GB,1,,,,,,,,*,sk/img001.jpg,*,sk/img001.jpg,,,,,,,,,,,,,,,,,,,,,,,0,1,en_sk_105_in,,1,,41600,42150,,5,,,,,,,,,,,,,,,,,"21,22","NEW rental,SoftBank 601HW 20GB"
1662,6600,379,303,Insurance [YES] / Additional Battery [NONE],291,1,カート用通常フラグ,SoftBank 601HW [BLACK] Standard 20GB,1,,,,,,,,*,sk/img001.jpg,*,sk/img001.jpg,,,,,,,,,,,,,,,,,,,,,,,0,1,en_sk_104_in,,1,,41600,42150,,5,,,,,,,,,,,,,,,,,"21,22","NEW rental,SoftBank 601HW 20GB"
1662,6604,379,304,Insurance [YES] / Additional Battery [NONE],292,1,カート用通常フラグ,SoftBank 601HW [BLACK] Standard 20GB,1,,,,,,,,*,sk/img001.jpg,*,sk/img001.jpg,,,,,,,,,,,,,,,,,,,,,,,0,1,en_sk_103_in,,1,,41600,42150,,5,,,,,,,,,,,,,,,,,"21,22","NEW rental,SoftBank 601HW 20GB"
1662,6608,379,305,Insurance [YES] / Additional Battery [NONE],293,1,カート用通常フラグ,SoftBank 601HW [BLACK] Standard 20GB,1,,,,,,,,*,sk/img001.jpg,*,sk/img001.jpg,,,,,,,,,,,,,,,,,,,,,,,0,1,en_sk_102_in,,1,,41600,42150,,5,,,,,,,,,,,,,,,,,"21,22","NEW rental,SoftBank 601HW 20GB"
1662,6612,379,306,Insurance [YES] / Additional Battery [NONE],294,1,カート用通常フラグ,SoftBank 601HW [BLACK] Standard 20GB,1,,,,,,,,*,sk/img001.jpg,*,sk/img001.jpg,,,,,,,,,,,,,,,,,,,,,,,0,1,en_sk_101_in,,1,,41600,42150,,5,,,,,,,,,,,,,,,,,"21,22","NEW rental,SoftBank 601HW 20GB"
1662,6616,379,307,Insurance [YES] / Additional Battery [NONE],295,1,カート用通常フラグ,SoftBank 601HW [BLACK] Standard 20GB,1,,,,,,,,*,sk/img001.jpg,*,sk/img001.jpg,,,,,,,,,,,,,,,,,,,,,,,0,1,en_sk_100_in,,1,,41600,42150,,5,,,,,,,,,,,,,,,,,"21,22","NEW rental,SoftBank 601HW 20GB"
1662,6620,379,308,Insurance [YES] / Additional Battery [NONE],296,1,カート用通常フラグ,SoftBank 601HW [BLACK] Standard 20GB,1,,,,,,,,*,sk/img001.jpg,*,sk/img001.jpg,,,,,,,,,,,,,,,,,,,,,,,0,1,en_sk_099_in,,1,,41600,42150,,5,,,,,,,,,,,,,,,,,"21,22","NEW rental,SoftBank 601HW 20GB"
1662,6624,379,309,Insurance [YES] / Additional Battery [NONE],297,1,カート用通常フラグ,SoftBank 601HW [BLACK] Standard 20GB,1,,,,,,,,*,sk/img001.jpg,*,sk/img001.jpg,,,,,,,,,,,,,,,,,,,,,,,0,1,en_sk_098_in,,1,,41600,42150,,5,,,,,,,,,,,,,,,,,"21,22","NEW rental,SoftBank 601HW 20GB"
1662,6628,379,310,Insurance [YES] / Additional Battery [NONE],298,1,カート用通常フラグ,SoftBank 601HW [BLACK] Standard 20GB,1,,,,,,,,*,sk/img001.jpg,*,sk/img001.jpg,,,,,,,,,,,,,,,,,,,,,,,0,1,en_sk_097_in,,1,,41600,42150,,5,,,,,,,,,,,,,,,,,"21,22","NEW rental,SoftBank 601HW 20GB"
1662,6632,379,311,Insurance [YES] / Additional Battery [NONE],299,1,カート用通常フラグ,SoftBank 601HW [BLACK] Standard 20GB,1,,,,,,,,*,sk/img001.jpg,*,sk/img001.jpg,,,,,,,,,,,,,,,,,,,,,,,0,1,en_sk_096_in,,1,,41600,42150,,5,,,,,,,,,,,,,,,,,"21,22","NEW rental,SoftBank 601HW 20GB"
1662,6636,379,312,Insurance [YES] / Additional Battery [NONE],300,1,カート用通常フラグ,SoftBank 601HW [BLACK] Standard 20GB,1,,,,,,,,*,sk/img001.jpg,*,sk/img001.jpg,,,,,,,,,,,,,,,,,,,,,,,0,1,en_sk_095_in,,1,,41600,42150,,5,,,,,,,,,,,,,,,,,"21,22","NEW rental,SoftBank 601HW 20GB"
1662,6640,379,313,Insurance [YES] / Additional Battery [NONE],301,1,カート用通常フラグ,SoftBank 601HW [BLACK] Standard 20GB,1,,,,,,,,*,sk/img001.jpg,*,sk/img001.jpg,,,,,,,,,,,,,,,,,,,,,,,0,1,en_sk_094_in,,1,,41600,42150,,5,,,,,,,,,,,,,,,,,"21,22","NEW rental,SoftBank 601HW 20GB"
1662,6644,379,314,Insurance [YES] / Additional Battery [NONE],302,1,カート用通常フラグ,SoftBank 601HW [BLACK] Standard 20GB,1,,,,,,,,*,sk/img001.jpg,*,sk/img001.jpg,,,,,,,,,,,,,,,,,,,,,,,0,1,en_sk_093_in,,1,,41990,42540,,5,,,,,,,,,,,,,,,,,"21,22","NEW rental,SoftBank 601HW 20GB"
1662,6648,379,315,Insurance [YES] / Additional Battery [NONE],303,1,カート用通常フラグ,SoftBank 601HW [BLACK] Standard 20GB,1,,,,,,,,*,sk/img001.jpg,*,sk/img001.jpg,,,,,,,,,,,,,,,,,,,,,,,0,1,en_sk_092_in,,1,,42380,42930,,5,,,,,,,,,,,,,,,,,"21,22","NEW rental,SoftBank 601HW 20GB"
1662,6652,379,316,Insurance [YES] / Additional Battery [NONE],304,1,カート用通常フラグ,SoftBank 601HW [BLACK] Standard 20GB,1,,,,,,,,*,sk/img001.jpg,*,sk/img001.jpg,,,,,,,,,,,,,,,,,,,,,,,0,1,en_sk_091_in,,1,,42770,43320,,5,,,,,,,,,,,,,,,,,"21,22","NEW rental,SoftBank 601HW 20GB"
1662,6656,379,317,Insurance [YES] / Additional Battery [NONE],305,1,カート用通常フラグ,SoftBank 601HW [BLACK] Standard 20GB,1,,,,,,,,*,sk/img001.jpg,*,sk/img001.jpg,,,,,,,,,,,,,,,,,,,,,,,0,1,en_sk_090_in,,1,,43160,43710,,5,,,,,,,,,,,,,,,,,"21,22","NEW rental,SoftBank 601HW 20GB"
1662,6660,379,318,Insurance [YES] / Additional Battery [NONE],306,1,カート用通常フラグ,SoftBank 601HW [BLACK] Standard 20GB,1,,,,,,,,*,sk/img001.jpg,*,sk/img001.jpg,,,,,,,,,,,,,,,,,,,,,,,0,1,en_sk_089_in,,1,,43550,44100,,5,,,,,,,,,,,,,,,,,"21,22","NEW rental,SoftBank 601HW 20GB"
1662,6664,379,319,Insurance [YES] / Additional Battery [NONE],307,1,カート用通常フラグ,SoftBank 601HW [BLACK] Standard 20GB,1,,,,,,,,*,sk/img001.jpg,*,sk/img001.jpg,,,,,,,,,,,,,,,,,,,,,,,0,1,en_sk_088_in,,1,,43600,44150,,5,,,,,,,,,,,,,,,,,"21,22","NEW rental,SoftBank 601HW 20GB"
1662,6668,379,320,Insurance [YES] / Additional Battery [NONE],308,1,カート用通常フラグ,SoftBank 601HW [BLACK] Standard 20GB,1,,,,,,,,*,sk/img001.jpg,*,sk/img001.jpg,,,,,,,,,,,,,,,,,,,,,,,0,1,en_sk_087_in,,1,,43600,44150,,5,,,,,,,,,,,,,,,,,"21,22","NEW rental,SoftBank 601HW 20GB"
1662,6672,379,321,Insurance [YES] / Additional Battery [NONE],309,1,カート用通常フラグ,SoftBank 601HW [BLACK] Standard 20GB,1,,,,,,,,*,sk/img001.jpg,*,sk/img001.jpg,,,,,,,,,,,,,,,,,,,,,,,0,1,en_sk_086_in,,1,,43600,44150,,5,,,,,,,,,,,,,,,,,"21,22","NEW rental,SoftBank 601HW 20GB"
1662,6676,379,322,Insurance [YES] / Additional Battery [NONE],310,1,カート用通常フラグ,SoftBank 601HW [BLACK] Standard 20GB,1,,,,,,,,*,sk/img001.jpg,*,sk/img001.jpg,,,,,,,,,,,,,,,,,,,,,,,0,1,en_sk_085_in,,1,,43600,44150,,5,,,,,,,,,,,,,,,,,"21,22","NEW rental,SoftBank 601HW 20GB"
1662,6680,379,323,Insurance [YES] / Additional Battery [NONE],311,1,カート用通常フラグ,SoftBank 601HW [BLACK] Standard 20GB,1,,,,,,,,*,sk/img001.jpg,*,sk/img001.jpg,,,,,,,,,,,,,,,,,,,,,,,0,1,en_sk_084_in,,1,,43600,44150,,5,,,,,,,,,,,,,,,,,"21,22","NEW rental,SoftBank 601HW 20GB"
1662,6684,379,324,Insurance [YES] / Additional Battery [NONE],312,1,カート用通常フラグ,SoftBank 601HW [BLACK] Standard 20GB,1,,,,,,,,*,sk/img001.jpg,*,sk/img001.jpg,,,,,,,,,,,,,,,,,,,,,,,0,1,en_sk_083_in,,1,,43600,44150,,5,,,,,,,,,,,,,,,,,"21,22","NEW rental,SoftBank 601HW 20GB"
1662,6688,379,325,Insurance [YES] / Additional Battery [NONE],313,1,カート用通常フラグ,SoftBank 601HW [BLACK] Standard 20GB,1,,,,,,,,*,sk/img001.jpg,*,sk/img001.jpg,,,,,,,,,,,,,,,,,,,,,,,0,1,en_sk_082_in,,1,,43600,44150,,5,,,,,,,,,,,,,,,,,"21,22","NEW rental,SoftBank 601HW 20GB"
1662,6692,379,326,Insurance [YES] / Additional Battery [NONE],314,1,カート用通常フラグ,SoftBank 601HW [BLACK] Standard 20GB,1,,,,,,,,*,sk/img001.jpg,*,sk/img001.jpg,,,,,,,,,,,,,,,,,,,,,,,0,1,en_sk_081_in,,1,,43600,44150,,5,,,,,,,,,,,,,,,,,"21,22","NEW rental,SoftBank 601HW 20GB"
1662,6696,379,327,Insurance [YES] / Additional Battery [NONE],315,1,カート用通常フラグ,SoftBank 601HW [BLACK] Standard 20GB,1,,,,,,,,*,sk/img001.jpg,*,sk/img001.jpg,,,,,,,,,,,,,,,,,,,,,,,0,1,en_sk_080_in,,1,,43600,44150,,5,,,,,,,,,,,,,,,,,"21,22","NEW rental,SoftBank 601HW 20GB"
1662,6700,379,328,Insurance [YES] / Additional Battery [NONE],316,1,カート用通常フラグ,SoftBank 601HW [BLACK] Standard 20GB,1,,,,,,,,*,sk/img001.jpg,*,sk/img001.jpg,,,,,,,,,,,,,,,,,,,,,,,0,1,en_sk_079_in,,1,,43600,44150,,5,,,,,,,,,,,,,,,,,"21,22","NEW rental,SoftBank 601HW 20GB"
1662,6704,379,329,Insurance [YES] / Additional Battery [NONE],317,1,カート用通常フラグ,SoftBank 601HW [BLACK] Standard 20GB,1,,,,,,,,*,sk/img001.jpg,*,sk/img001.jpg,,,,,,,,,,,,,,,,,,,,,,,0,1,en_sk_078_in,,1,,43600,44150,,5,,,,,,,,,,,,,,,,,"21,22","NEW rental,SoftBank 601HW 20GB"
1662,6708,379,330,Insurance [YES] / Additional Battery [NONE],318,1,カート用通常フラグ,SoftBank 601HW [BLACK] Standard 20GB,1,,,,,,,,*,sk/img001.jpg,*,sk/img001.jpg,,,,,,,,,,,,,,,,,,,,,,,0,1,en_sk_077_in,,1,,43600,44150,,5,,,,,,,,,,,,,,,,,"21,22","NEW rental,SoftBank 601HW 20GB"
1662,6712,379,331,Insurance [YES] / Additional Battery [NONE],319,1,カート用通常フラグ,SoftBank 601HW [BLACK] Standard 20GB,1,,,,,,,,*,sk/img001.jpg,*,sk/img001.jpg,,,,,,,,,,,,,,,,,,,,,,,0,1,en_sk_076_in,,1,,43600,44150,,5,,,,,,,,,,,,,,,,,"21,22","NEW rental,SoftBank 601HW 20GB"
1662,6716,379,332,Insurance [YES] / Additional Battery [NONE],320,1,カート用通常フラグ,SoftBank 601HW [BLACK] Standard 20GB,1,,,,,,,,*,sk/img001.jpg,*,sk/img001.jpg,,,,,,,,,,,,,,,,,,,,,,,0,1,en_sk_075_in,,1,,43600,44150,,5,,,,,,,,,,,,,,,,,"21,22","NEW rental,SoftBank 601HW 20GB"
1662,6720,379,333,Insurance [YES] / Additional Battery [NONE],321,1,カート用通常フラグ,SoftBank 601HW [BLACK] Standard 20GB,1,,,,,,,,*,sk/img001.jpg,*,sk/img001.jpg,,,,,,,,,,,,,,,,,,,,,,,0,1,en_sk_074_in,,1,,43600,44150,,5,,,,,,,,,,,,,,,,,"21,22","NEW rental,SoftBank 601HW 20GB"
1662,6724,379,334,Insurance [YES] / Additional Battery [NONE],322,1,カート用通常フラグ,SoftBank 601HW [BLACK] Standard 20GB,1,,,,,,,,*,sk/img001.jpg,*,sk/img001.jpg,,,,,,,,,,,,,,,,,,,,,,,0,1,en_sk_073_in,,1,,43600,44150,,5,,,,,,,,,,,,,,,,,"21,22","NEW rental,SoftBank 601HW 20GB"
1662,6728,379,335,Insurance [YES] / Additional Battery [NONE],323,1,カート用通常フラグ,SoftBank 601HW [BLACK] Standard 20GB,1,,,,,,,,*,sk/img001.jpg,*,sk/img001.jpg,,,,,,,,,,,,,,,,,,,,,,,0,1,en_sk_072_in,,1,,43600,44150,,5,,,,,,,,,,,,,,,,,"21,22","NEW rental,SoftBank 601HW 20GB"
1662,6732,379,336,Insurance [YES] / Additional Battery [NONE],324,1,カート用通常フラグ,SoftBank 601HW [BLACK] Standard 20GB,1,,,,,,,,*,sk/img001.jpg,*,sk/img001.jpg,,,,,,,,,,,,,,,,,,,,,,,0,1,en_sk_071_in,,1,,43600,44150,,5,,,,,,,,,,,,,,,,,"21,22","NEW rental,SoftBank 601HW 20GB"
1662,6736,379,337,Insurance [YES] / Additional Battery [NONE],325,1,カート用通常フラグ,SoftBank 601HW [BLACK] Standard 20GB,1,,,,,,,,*,sk/img001.jpg,*,sk/img001.jpg,,,,,,,,,,,,,,,,,,,,,,,0,1,en_sk_070_in,,1,,43600,44150,,5,,,,,,,,,,,,,,,,,"21,22","NEW rental,SoftBank 601HW 20GB"
1662,6740,379,338,Insurance [YES] / Additional Battery [NONE],326,1,カート用通常フラグ,SoftBank 601HW [BLACK] Standard 20GB,1,,,,,,,,*,sk/img001.jpg,*,sk/img001.jpg,,,,,,,,,,,,,,,,,,,,,,,0,1,en_sk_069_in,,1,,43600,44150,,5,,,,,,,,,,,,,,,,,"21,22","NEW rental,SoftBank 601HW 20GB"
1662,6744,379,339,Insurance [YES] / Additional Battery [NONE],327,1,カート用通常フラグ,SoftBank 601HW [BLACK] Standard 20GB,1,,,,,,,,*,sk/img001.jpg,*,sk/img001.jpg,,,,,,,,,,,,,,,,,,,,,,,0,1,en_sk_068_in,,1,,43600,44150,,5,,,,,,,,,,,,,,,,,"21,22","NEW rental,SoftBank 601HW 20GB"
1662,6748,379,340,Insurance [YES] / Additional Battery [NONE],328,1,カート用通常フラグ,SoftBank 601HW [BLACK] Standard 20GB,1,,,,,,,,*,sk/img001.jpg,*,sk/img001.jpg,,,,,,,,,,,,,,,,,,,,,,,0,1,en_sk_067_in,,1,,43600,44150,,5,,,,,,,,,,,,,,,,,"21,22","NEW rental,SoftBank 601HW 20GB"
1662,6752,379,341,Insurance [YES] / Additional Battery [NONE],329,1,カート用通常フラグ,SoftBank 601HW [BLACK] Standard 20GB,1,,,,,,,,*,sk/img001.jpg,*,sk/img001.jpg,,,,,,,,,,,,,,,,,,,,,,,0,1,en_sk_066_in,,1,,43600,44150,,5,,,,,,,,,,,,,,,,,"21,22","NEW rental,SoftBank 601HW 20GB"
1662,6756,379,342,Insurance [YES] / Additional Battery [NONE],330,1,カート用通常フラグ,SoftBank 601HW [BLACK] Standard 20GB,1,,,,,,,,*,sk/img001.jpg,*,sk/img001.jpg,,,,,,,,,,,,,,,,,,,,,,,0,1,en_sk_065_in,,1,,43600,44150,,5,,,,,,,,,,,,,,,,,"21,22","NEW rental,SoftBank 601HW 20GB"
1662,6760,379,343,Insurance [YES] / Additional Battery [NONE],331,1,カート用通常フラグ,SoftBank 601HW [BLACK] Standard 20GB,1,,,,,,,,*,sk/img001.jpg,*,sk/img001.jpg,,,,,,,,,,,,,,,,,,,,,,,0,1,en_sk_064_in,,1,,43600,44150,,5,,,,,,,,,,,,,,,,,"21,22","NEW rental,SoftBank 601HW 20GB"
1662,6764,379,344,Insurance [YES] / Additional Battery [NONE],332,1,カート用通常フラグ,SoftBank 601HW [BLACK] Standard 20GB,1,,,,,,,,*,sk/img001.jpg,*,sk/img001.jpg,,,,,,,,,,,,,,,,,,,,,,,0,1,en_sk_063_in,,1,,43990,44540,,5,,,,,,,,,,,,,,,,,"21,22","NEW rental,SoftBank 601HW 20GB"
1662,6768,379,345,Insurance [YES] / Additional Battery [NONE],333,1,カート用通常フラグ,SoftBank 601HW [BLACK] Standard 20GB,1,,,,,,,,*,sk/img001.jpg,*,sk/img001.jpg,,,,,,,,,,,,,,,,,,,,,,,0,1,en_sk_062_in,,1,,44380,44930,,5,,,,,,,,,,,,,,,,,"21,22","NEW rental,SoftBank 601HW 20GB"
1662,6772,379,346,Insurance [YES] / Additional Battery [NONE],334,1,カート用通常フラグ,SoftBank 601HW [BLACK] Standard 20GB,1,,,,,,,,*,sk/img001.jpg,*,sk/img001.jpg,,,,,,,,,,,,,,,,,,,,,,,0,1,en_sk_061_in,,1,,44770,45320,,5,,,,,,,,,,,,,,,,,"21,22","NEW rental,SoftBank 601HW 20GB"
1662,6776,379,347,Insurance [YES] / Additional Battery [NONE],335,1,カート用通常フラグ,SoftBank 601HW [BLACK] Standard 20GB,1,,,,,,,,*,sk/img001.jpg,*,sk/img001.jpg,,,,,,,,,,,,,,,,,,,,,,,0,1,en_sk_060_in,,1,,45160,45710,,5,,,,,,,,,,,,,,,,,"21,22","NEW rental,SoftBank 601HW 20GB"
1662,6780,379,348,Insurance [YES] / Additional Battery [NONE],336,1,カート用通常フラグ,SoftBank 601HW [BLACK] Standard 20GB,1,,,,,,,,*,sk/img001.jpg,*,sk/img001.jpg,,,,,,,,,,,,,,,,,,,,,,,0,1,en_sk_059_in,,1,,45550,46100,,5,,,,,,,,,,,,,,,,,"21,22","NEW rental,SoftBank 601HW 20GB"
1662,6784,379,349,Insurance [YES] / Additional Battery [NONE],337,1,カート用通常フラグ,SoftBank 601HW [BLACK] Standard 20GB,1,,,,,,,,*,sk/img001.jpg,*,sk/img001.jpg,,,,,,,,,,,,,,,,,,,,,,,0,1,en_sk_058_in,,1,,45600,46150,,5,,,,,,,,,,,,,,,,,"21,22","NEW rental,SoftBank 601HW 20GB"
1662,6788,379,350,Insurance [YES] / Additional Battery [NONE],338,1,カート用通常フラグ,SoftBank 601HW [BLACK] Standard 20GB,1,,,,,,,,*,sk/img001.jpg,*,sk/img001.jpg,,,,,,,,,,,,,,,,,,,,,,,0,1,en_sk_057_in,,1,,45600,46150,,5,,,,,,,,,,,,,,,,,"21,22","NEW rental,SoftBank 601HW 20GB"
1662,6792,379,351,Insurance [YES] / Additional Battery [NONE],339,1,カート用通常フラグ,SoftBank 601HW [BLACK] Standard 20GB,1,,,,,,,,*,sk/img001.jpg,*,sk/img001.jpg,,,,,,,,,,,,,,,,,,,,,,,0,1,en_sk_056_in,,1,,45600,46150,,5,,,,,,,,,,,,,,,,,"21,22","NEW rental,SoftBank 601HW 20GB"
1662,6796,379,352,Insurance [YES] / Additional Battery [NONE],340,1,カート用通常フラグ,SoftBank 601HW [BLACK] Standard 20GB,1,,,,,,,,*,sk/img001.jpg,*,sk/img001.jpg,,,,,,,,,,,,,,,,,,,,,,,0,1,en_sk_055_in,,1,,45600,46150,,5,,,,,,,,,,,,,,,,,"21,22","NEW rental,SoftBank 601HW 20GB"
1662,6800,379,353,Insurance [YES] / Additional Battery [NONE],341,1,カート用通常フラグ,SoftBank 601HW [BLACK] Standard 20GB,1,,,,,,,,*,sk/img001.jpg,*,sk/img001.jpg,,,,,,,,,,,,,,,,,,,,,,,0,1,en_sk_054_in,,1,,45600,46150,,5,,,,,,,,,,,,,,,,,"21,22","NEW rental,SoftBank 601HW 20GB"
1662,6804,379,354,Insurance [YES] / Additional Battery [NONE],342,1,カート用通常フラグ,SoftBank 601HW [BLACK] Standard 20GB,1,,,,,,,,*,sk/img001.jpg,*,sk/img001.jpg,,,,,,,,,,,,,,,,,,,,,,,0,1,en_sk_053_in,,1,,45600,46150,,5,,,,,,,,,,,,,,,,,"21,22","NEW rental,SoftBank 601HW 20GB"
1662,6808,379,355,Insurance [YES] / Additional Battery [NONE],343,1,カート用通常フラグ,SoftBank 601HW [BLACK] Standard 20GB,1,,,,,,,,*,sk/img001.jpg,*,sk/img001.jpg,,,,,,,,,,,,,,,,,,,,,,,0,1,en_sk_052_in,,1,,45600,46150,,5,,,,,,,,,,,,,,,,,"21,22","NEW rental,SoftBank 601HW 20GB"
1662,6812,379,356,Insurance [YES] / Additional Battery [NONE],344,1,カート用通常フラグ,SoftBank 601HW [BLACK] Standard 20GB,1,,,,,,,,*,sk/img001.jpg,*,sk/img001.jpg,,,,,,,,,,,,,,,,,,,,,,,0,1,en_sk_051_in,,1,,45600,46150,,5,,,,,,,,,,,,,,,,,"21,22","NEW rental,SoftBank 601HW 20GB"
1662,6816,379,357,Insurance [YES] / Additional Battery [NONE],345,1,カート用通常フラグ,SoftBank 601HW [BLACK] Standard 20GB,1,,,,,,,,*,sk/img001.jpg,*,sk/img001.jpg,,,,,,,,,,,,,,,,,,,,,,,0,1,en_sk_050_in,,1,,45600,46150,,5,,,,,,,,,,,,,,,,,"21,22","NEW rental,SoftBank 601HW 20GB"
1662,6820,379,358,Insurance [YES] / Additional Battery [NONE],346,1,カート用通常フラグ,SoftBank 601HW [BLACK] Standard 20GB,1,,,,,,,,*,sk/img001.jpg,*,sk/img001.jpg,,,,,,,,,,,,,,,,,,,,,,,0,1,en_sk_049_in,,1,,45600,46150,,5,,,,,,,,,,,,,,,,,"21,22","NEW rental,SoftBank 601HW 20GB"
1662,6824,379,359,Insurance [YES] / Additional Battery [NONE],347,1,カート用通常フラグ,SoftBank 601HW [BLACK] Standard 20GB,1,,,,,,,,*,sk/img001.jpg,*,sk/img001.jpg,,,,,,,,,,,,,,,,,,,,,,,0,1,en_sk_048_in,,1,,45600,46150,,5,,,,,,,,,,,,,,,,,"21,22","NEW rental,SoftBank 601HW 20GB"
1662,6828,379,360,Insurance [YES] / Additional Battery [NONE],348,1,カート用通常フラグ,SoftBank 601HW [BLACK] Standard 20GB,1,,,,,,,,*,sk/img001.jpg,*,sk/img001.jpg,,,,,,,,,,,,,,,,,,,,,,,0,1,en_sk_047_in,,1,,45600,46150,,5,,,,,,,,,,,,,,,,,"21,22","NEW rental,SoftBank 601HW 20GB"
1662,6832,379,361,Insurance [YES] / Additional Battery [NONE],349,1,カート用通常フラグ,SoftBank 601HW [BLACK] Standard 20GB,1,,,,,,,,*,sk/img001.jpg,*,sk/img001.jpg,,,,,,,,,,,,,,,,,,,,,,,0,1,en_sk_046_in,,1,,45600,46150,,5,,,,,,,,,,,,,,,,,"21,22","NEW rental,SoftBank 601HW 20GB"
1662,6836,379,362,Insurance [YES] / Additional Battery [NONE],350,1,カート用通常フラグ,SoftBank 601HW [BLACK] Standard 20GB,1,,,,,,,,*,sk/img001.jpg,*,sk/img001.jpg,,,,,,,,,,,,,,,,,,,,,,,0,1,en_sk_045_in,,1,,45600,46150,,5,,,,,,,,,,,,,,,,,"21,22","NEW rental,SoftBank 601HW 20GB"
1662,6840,379,363,Insurance [YES] / Additional Battery [NONE],351,1,カート用通常フラグ,SoftBank 601HW [BLACK] Standard 20GB,1,,,,,,,,*,sk/img001.jpg,*,sk/img001.jpg,,,,,,,,,,,,,,,,,,,,,,,0,1,en_sk_044_in,,1,,45600,46150,,5,,,,,,,,,,,,,,,,,"21,22","NEW rental,SoftBank 601HW 20GB"
1662,6844,379,364,Insurance [YES] / Additional Battery [NONE],352,1,カート用通常フラグ,SoftBank 601HW [BLACK] Standard 20GB,1,,,,,,,,*,sk/img001.jpg,*,sk/img001.jpg,,,,,,,,,,,,,,,,,,,,,,,0,1,en_sk_043_in,,1,,45600,46150,,5,,,,,,,,,,,,,,,,,"21,22","NEW rental,SoftBank 601HW 20GB"
1662,6848,379,365,Insurance [YES] / Additional Battery [NONE],353,1,カート用通常フラグ,SoftBank 601HW [BLACK] Standard 20GB,1,,,,,,,,*,sk/img001.jpg,*,sk/img001.jpg,,,,,,,,,,,,,,,,,,,,,,,0,1,en_sk_042_in,,1,,45600,46150,,5,,,,,,,,,,,,,,,,,"21,22","NEW rental,SoftBank 601HW 20GB"
1662,6852,379,366,Insurance [YES] / Additional Battery [NONE],354,1,カート用通常フラグ,SoftBank 601HW [BLACK] Standard 20GB,1,,,,,,,,*,sk/img001.jpg,*,sk/img001.jpg,,,,,,,,,,,,,,,,,,,,,,,0,1,en_sk_041_in,,1,,45600,46150,,5,,,,,,,,,,,,,,,,,"21,22","NEW rental,SoftBank 601HW 20GB"
1662,6856,379,367,Insurance [YES] / Additional Battery [NONE],355,1,カート用通常フラグ,SoftBank 601HW [BLACK] Standard 20GB,1,,,,,,,,*,sk/img001.jpg,*,sk/img001.jpg,,,,,,,,,,,,,,,,,,,,,,,0,1,en_sk_040_in,,1,,45600,46150,,5,,,,,,,,,,,,,,,,,"21,22","NEW rental,SoftBank 601HW 20GB"
1662,6860,379,368,Insurance [YES] / Additional Battery [NONE],356,1,カート用通常フラグ,SoftBank 601HW [BLACK] Standard 20GB,1,,,,,,,,*,sk/img001.jpg,*,sk/img001.jpg,,,,,,,,,,,,,,,,,,,,,,,0,1,en_sk_039_in,,1,,45600,46150,,5,,,,,,,,,,,,,,,,,"21,22","NEW rental,SoftBank 601HW 20GB"
1662,6864,379,369,Insurance [YES] / Additional Battery [NONE],357,1,カート用通常フラグ,SoftBank 601HW [BLACK] Standard 20GB,1,,,,,,,,*,sk/img001.jpg,*,sk/img001.jpg,,,,,,,,,,,,,,,,,,,,,,,0,1,en_sk_038_in,,1,,45600,46150,,5,,,,,,,,,,,,,,,,,"21,22","NEW rental,SoftBank 601HW 20GB"
1662,6868,379,370,Insurance [YES] / Additional Battery [NONE],358,1,カート用通常フラグ,SoftBank 601HW [BLACK] Standard 20GB,1,,,,,,,,*,sk/img001.jpg,*,sk/img001.jpg,,,,,,,,,,,,,,,,,,,,,,,0,1,en_sk_037_in,,1,,45600,46150,,5,,,,,,,,,,,,,,,,,"21,22","NEW rental,SoftBank 601HW 20GB"
1662,6872,379,371,Insurance [YES] / Additional Battery [NONE],359,1,カート用通常フラグ,SoftBank 601HW [BLACK] Standard 20GB,1,,,,,,,,*,sk/img001.jpg,*,sk/img001.jpg,,,,,,,,,,,,,,,,,,,,,,,0,1,en_sk_036_in,,1,,45600,46150,,5,,,,,,,,,,,,,,,,,"21,22","NEW rental,SoftBank 601HW 20GB"
1662,6876,379,372,Insurance [YES] / Additional Battery [NONE],360,1,カート用通常フラグ,SoftBank 601HW [BLACK] Standard 20GB,1,,,,,,,,*,sk/img001.jpg,*,sk/img001.jpg,,,,,,,,,,,,,,,,,,,,,,,0,1,en_sk_035_in,,1,,45600,46150,,5,,,,,,,,,,,,,,,,,"21,22","NEW rental,SoftBank 601HW 20GB"
1662,6880,379,373,Insurance [YES] / Additional Battery [NONE],361,1,カート用通常フラグ,SoftBank 601HW [BLACK] Standard 20GB,1,,,,,,,,*,sk/img001.jpg,*,sk/img001.jpg,,,,,,,,,,,,,,,,,,,,,,,0,1,en_sk_034_in,,1,,45600,46150,,5,,,,,,,,,,,,,,,,,"21,22","NEW rental,SoftBank 601HW 20GB"
1662,6884,379,374,Insurance [YES] / Additional Battery [NONE],362,1,カート用通常フラグ,SoftBank 601HW [BLACK] Standard 20GB,1,,,,,,,,*,sk/img001.jpg,*,sk/img001.jpg,,,,,,,,,,,,,,,,,,,,,,,0,1,en_sk_033_in,,1,,45990,46540,,5,,,,,,,,,,,,,,,,,"21,22","NEW rental,SoftBank 601HW 20GB"
1662,6888,379,375,Insurance [YES] / Additional Battery [NONE],363,1,カート用通常フラグ,SoftBank 601HW [BLACK] Standard 20GB,1,,,,,,,,*,sk/img001.jpg,*,sk/img001.jpg,,,,,,,,,,,,,,,,,,,,,,,0,1,en_sk_032_in,,1,,46380,46930,,5,,,,,,,,,,,,,,,,,"21,22","NEW rental,SoftBank 601HW 20GB"
1662,6892,379,376,Insurance [YES] / Additional Battery [NONE],364,1,カート用通常フラグ,SoftBank 601HW [BLACK] Standard 20GB,1,,,,,,,,*,sk/img001.jpg,*,sk/img001.jpg,,,,,,,,,,,,,,,,,,,,,,,0,1,en_sk_031_in,,1,,46770,47320,,5,,,,,,,,,,,,,,,,,"21,22","NEW rental,SoftBank 601HW 20GB"
1662,5439,380,13,Insurance [YES] / Additional Battery [YES],1,1,カート用通常フラグ,SoftBank 601HW [BLACK] Standard 20GB,1,,,,,,,,*,sk/img001.jpg,*,sk/img001.jpg,,,,,,,,,,,,,,,,,,,,,,,0,1,en_sk_001_in_bt,,1,,780,1430,,5,,,,,,,,,,,,,,,,,"21,22","NEW rental,SoftBank 601HW 20GB"
1662,5443,380,14,Insurance [YES] / Additional Battery [YES],2,1,カート用通常フラグ,SoftBank 601HW [BLACK] Standard 20GB,1,,,,,,,,*,sk/img001.jpg,*,sk/img001.jpg,,,,,,,,,,,,,,,,,,,,,,,0,1,en_sk_002_in_bt,,1,,1170,1870,,5,,,,,,,,,,,,,,,,,"21,22","NEW rental,SoftBank 601HW 20GB"
1662,5447,380,15,Insurance [YES] / Additional Battery [YES],3,1,カート用通常フラグ,SoftBank 601HW [BLACK] Standard 20GB,1,,,,,,,,*,sk/img001.jpg,*,sk/img001.jpg,,,,,,,,,,,,,,,,,,,,,,,0,1,en_sk_003_in_bt,,1,,1560,2310,,5,,,,,,,,,,,,,,,,,"21,22","NEW rental,SoftBank 601HW 20GB"
1662,5451,380,16,Insurance [YES] / Additional Battery [YES],4,1,カート用通常フラグ,SoftBank 601HW [BLACK] Standard 20GB,1,,,,,,,,*,sk/img001.jpg,*,sk/img001.jpg,,,,,,,,,,,,,,,,,,,,,,,0,1,en_sk_004_in_bt,,1,,1950,2750,,5,,,,,,,,,,,,,,,,,"21,22","NEW rental,SoftBank 601HW 20GB"
1662,5455,380,17,Insurance [YES] / Additional Battery [YES],5,1,カート用通常フラグ,SoftBank 601HW [BLACK] Standard 20GB,1,,,,,,,,*,sk/img001.jpg,*,sk/img001.jpg,,,,,,,,,,,,,,,,,,,,,,,0,1,en_sk_005_in_bt,,1,,2340,3190,,5,,,,,,,,,,,,,,,,,"21,22","NEW rental,SoftBank 601HW 20GB"
1662,5459,380,18,Insurance [YES] / Additional Battery [YES],6,1,カート用通常フラグ,SoftBank 601HW [BLACK] Standard 20GB,1,,,,,,,,*,sk/img001.jpg,*,sk/img001.jpg,,,,,,,,,,,,,,,,,,,,,,,0,1,en_sk_030_in_bt,,1,,2730,3630,,5,,,,,,,,,,,,,,,,,"21,22","NEW rental,SoftBank 601HW 20GB"
1662,5463,380,19,Insurance [YES] / Additional Battery [YES],7,1,カート用通常フラグ,SoftBank 601HW [BLACK] Standard 20GB,1,,,,,,,,*,sk/img001.jpg,*,sk/img001.jpg,,,,,,,,,,,,,,,,,,,,,,,0,1,en_sk_029_in_bt,,1,,3120,4070,,5,,,,,,,,,,,,,,,,,"21,22","NEW rental,SoftBank 601HW 20GB"
1662,5467,380,20,Insurance [YES] / Additional Battery [YES],8,1,カート用通常フラグ,SoftBank 601HW [BLACK] Standard 20GB,1,,,,,,,,*,sk/img001.jpg,*,sk/img001.jpg,,,,,,,,,,,,,,,,,,,,,,,0,1,en_sk_028_in_bt,,1,,3510,4510,,5,,,,,,,,,,,,,,,,,"21,22","NEW rental,SoftBank 601HW 20GB"
1662,5471,380,21,Insurance [YES] / Additional Battery [YES],9,1,カート用通常フラグ,SoftBank 601HW [BLACK] Standard 20GB,1,,,,,,,,*,sk/img001.jpg,*,sk/img001.jpg,,,,,,,,,,,,,,,,,,,,,,,0,1,en_sk_027_in_bt,,1,,3900,4950,,5,,,,,,,,,,,,,,,,,"21,22","NEW rental,SoftBank 601HW 20GB"
1662,5475,380,22,Insurance [YES] / Additional Battery [YES],10,1,カート用通常フラグ,SoftBank 601HW [BLACK] Standard 20GB,1,,,,,,,,*,sk/img001.jpg,*,sk/img001.jpg,,,,,,,,,,,,,,,,,,,,,,,0,1,en_sk_026_in_bt,,1,,4290,5390,,5,,,,,,,,,,,,,,,,,"21,22","NEW rental,SoftBank 601HW 20GB"
1662,5479,380,23,Insurance [YES] / Additional Battery [YES],11,1,カート用通常フラグ,SoftBank 601HW [BLACK] Standard 20GB,1,,,,,,,,*,sk/img001.jpg,*,sk/img001.jpg,,,,,,,,,,,,,,,,,,,,,,,0,1,en_sk_025_in_bt,,1,,4680,5830,,5,,,,,,,,,,,,,,,,,"21,22","NEW rental,SoftBank 601HW 20GB"
1662,5483,380,24,Insurance [YES] / Additional Battery [YES],12,1,カート用通常フラグ,SoftBank 601HW [BLACK] Standard 20GB,1,,,,,,,,*,sk/img001.jpg,*,sk/img001.jpg,,,,,,,,,,,,,,,,,,,,,,,0,1,en_sk_024_in_bt,,1,,5070,6270,,5,,,,,,,,,,,,,,,,,"21,22","NEW rental,SoftBank 601HW 20GB"
1662,5487,380,25,Insurance [YES] / Additional Battery [YES],13,1,カート用通常フラグ,SoftBank 601HW [BLACK] Standard 20GB,1,,,,,,,,*,sk/img001.jpg,*,sk/img001.jpg,,,,,,,,,,,,,,,,,,,,,,,0,1,en_sk_023_in_bt,,1,,5460,6710,,5,,,,,,,,,,,,,,,,,"21,22","NEW rental,SoftBank 601HW 20GB"
1662,5491,380,26,Insurance [YES] / Additional Battery [YES],14,1,カート用通常フラグ,SoftBank 601HW [BLACK] Standard 20GB,1,,,,,,,,*,sk/img001.jpg,*,sk/img001.jpg,,,,,,,,,,,,,,,,,,,,,,,0,1,en_sk_022_in_bt,,1,,5850,7150,,5,,,,,,,,,,,,,,,,,"21,22","NEW rental,SoftBank 601HW 20GB"
1662,5495,380,27,Insurance [YES] / Additional Battery [YES],15,1,カート用通常フラグ,SoftBank 601HW [BLACK] Standard 20GB,1,,,,,,,,*,sk/img001.jpg,*,sk/img001.jpg,,,,,,,,,,,,,,,,,,,,,,,0,1,en_sk_021_in_bt,,1,,5850,7150,,5,,,,,,,,,,,,,,,,,"21,22","NEW rental,SoftBank 601HW 20GB"
1662,5499,380,28,Insurance [YES] / Additional Battery [YES],16,1,カート用通常フラグ,SoftBank 601HW [BLACK] Standard 20GB,1,,,,,,,,*,sk/img001.jpg,*,sk/img001.jpg,,,,,,,,,,,,,,,,,,,,,,,0,1,en_sk_020_in_bt,,1,,5850,7150,,5,,,,,,,,,,,,,,,,,"21,22","NEW rental,SoftBank 601HW 20GB"
1662,5503,380,29,Insurance [YES] / Additional Battery [YES],17,1,カート用通常フラグ,SoftBank 601HW [BLACK] Standard 20GB,1,,,,,,,,*,sk/img001.jpg,*,sk/img001.jpg,,,,,,,,,,,,,,,,,,,,,,,0,1,en_sk_019_in_bt,,1,,5850,7150,,5,,,,,,,,,,,,,,,,,"21,22","NEW rental,SoftBank 601HW 20GB"
1662,5507,380,30,Insurance [YES] / Additional Battery [YES],18,1,カート用通常フラグ,SoftBank 601HW [BLACK] Standard 20GB,1,,,,,,,,*,sk/img001.jpg,*,sk/img001.jpg,,,,,,,,,,,,,,,,,,,,,,,0,1,en_sk_018_in_bt,,1,,5850,7150,,5,,,,,,,,,,,,,,,,,"21,22","NEW rental,SoftBank 601HW 20GB"
1662,5511,380,31,Insurance [YES] / Additional Battery [YES],19,1,カート用通常フラグ,SoftBank 601HW [BLACK] Standard 20GB,1,,,,,,,,*,sk/img001.jpg,*,sk/img001.jpg,,,,,,,,,,,,,,,,,,,,,,,0,1,en_sk_017_in_bt,,1,,5850,7150,,5,,,,,,,,,,,,,,,,,"21,22","NEW rental,SoftBank 601HW 20GB"
1662,5515,380,32,Insurance [YES] / Additional Battery [YES],20,1,カート用通常フラグ,SoftBank 601HW [BLACK] Standard 20GB,1,,,,,,,,*,sk/img001.jpg,*,sk/img001.jpg,,,,,,,,,,,,,,,,,,,,,,,0,1,en_sk_016_in_bt,,1,,5850,7150,,5,,,,,,,,,,,,,,,,,"21,22","NEW rental,SoftBank 601HW 20GB"
1662,5519,380,33,Insurance [YES] / Additional Battery [YES],21,1,カート用通常フラグ,SoftBank 601HW [BLACK] Standard 20GB,1,,,,,,,,*,sk/img001.jpg,*,sk/img001.jpg,,,,,,,,,,,,,,,,,,,,,,,0,1,en_sk_015_in_bt,,1,,5850,7150,,5,,,,,,,,,,,,,,,,,"21,22","NEW rental,SoftBank 601HW 20GB"
1662,5523,380,34,Insurance [YES] / Additional Battery [YES],22,1,カート用通常フラグ,SoftBank 601HW [BLACK] Standard 20GB,1,,,,,,,,*,sk/img001.jpg,*,sk/img001.jpg,,,,,,,,,,,,,,,,,,,,,,,0,1,en_sk_014_in_bt,,1,,5850,7150,,5,,,,,,,,,,,,,,,,,"21,22","NEW rental,SoftBank 601HW 20GB"
1662,5527,380,35,Insurance [YES] / Additional Battery [YES],23,1,カート用通常フラグ,SoftBank 601HW [BLACK] Standard 20GB,1,,,,,,,,*,sk/img001.jpg,*,sk/img001.jpg,,,,,,,,,,,,,,,,,,,,,,,0,1,en_sk_013_in_bt,,1,,5850,7150,,5,,,,,,,,,,,,,,,,,"21,22","NEW rental,SoftBank 601HW 20GB"
1662,5531,380,36,Insurance [YES] / Additional Battery [YES],24,1,カート用通常フラグ,SoftBank 601HW [BLACK] Standard 20GB,1,,,,,,,,*,sk/img001.jpg,*,sk/img001.jpg,,,,,,,,,,,,,,,,,,,,,,,0,1,en_sk_012_in_bt,,1,,5850,7150,,5,,,,,,,,,,,,,,,,,"21,22","NEW rental,SoftBank 601HW 20GB"
1662,5535,380,37,Insurance [YES] / Additional Battery [YES],25,1,カート用通常フラグ,SoftBank 601HW [BLACK] Standard 20GB,1,,,,,,,,*,sk/img001.jpg,*,sk/img001.jpg,,,,,,,,,,,,,,,,,,,,,,,0,1,en_sk_011_in_bt,,1,,5850,7150,,5,,,,,,,,,,,,,,,,,"21,22","NEW rental,SoftBank 601HW 20GB"
1662,5539,380,38,Insurance [YES] / Additional Battery [YES],26,1,カート用通常フラグ,SoftBank 601HW [BLACK] Standard 20GB,1,,,,,,,,*,sk/img001.jpg,*,sk/img001.jpg,,,,,,,,,,,,,,,,,,,,,,,0,1,en_sk_010_in_bt,,1,,5850,7150,,5,,,,,,,,,,,,,,,,,"21,22","NEW rental,SoftBank 601HW 20GB"
1662,5543,380,39,Insurance [YES] / Additional Battery [YES],27,1,カート用通常フラグ,SoftBank 601HW [BLACK] Standard 20GB,1,,,,,,,,*,sk/img001.jpg,*,sk/img001.jpg,,,,,,,,,,,,,,,,,,,,,,,0,1,en_sk_009_in_bt,,1,,5850,7150,,5,,,,,,,,,,,,,,,,,"21,22","NEW rental,SoftBank 601HW 20GB"
1662,5547,380,40,Insurance [YES] / Additional Battery [YES],28,1,カート用通常フラグ,SoftBank 601HW [BLACK] Standard 20GB,1,,,,,,,,*,sk/img001.jpg,*,sk/img001.jpg,,,,,,,,,,,,,,,,,,,,,,,0,1,en_sk_008_in_bt,,1,,5850,7150,,5,,,,,,,,,,,,,,,,,"21,22","NEW rental,SoftBank 601HW 20GB"
1662,5551,380,41,Insurance [YES] / Additional Battery [YES],29,1,カート用通常フラグ,SoftBank 601HW [BLACK] Standard 20GB,1,,,,,,,,*,sk/img001.jpg,*,sk/img001.jpg,,,,,,,,,,,,,,,,,,,,,,,0,1,en_sk_007_in_bt,,1,,5850,7150,,5,,,,,,,,,,,,,,,,,"21,22","NEW rental,SoftBank 601HW 20GB"
1662,5555,380,42,Insurance [YES] / Additional Battery [YES],30,1,カート用通常フラグ,SoftBank 601HW [BLACK] Standard 20GB,1,,,,,,,,*,sk/img001.jpg,*,sk/img001.jpg,,,,,,,,,,,,,,,,,,,,,,,0,1,en_sk_006_in_bt,,1,,5850,7150,,5,,,,,,,,,,,,,,,,,"21,22","NEW rental,SoftBank 601HW 20GB"
1662,5559,380,43,Insurance [YES] / Additional Battery [YES],31,1,カート用通常フラグ,SoftBank 601HW [BLACK] Standard 20GB,1,,,,,,,,*,sk/img001.jpg,*,sk/img001.jpg,,,,,,,,,,,,,,,,,,,,,,,0,1,en_sk_364_in_bt,,1,,6240,7590,,5,,,,,,,,,,,,,,,,,"21,22","NEW rental,SoftBank 601HW 20GB"
1662,5563,380,44,Insurance [YES] / Additional Battery [YES],32,1,カート用通常フラグ,SoftBank 601HW [BLACK] Standard 20GB,1,,,,,,,,*,sk/img001.jpg,*,sk/img001.jpg,,,,,,,,,,,,,,,,,,,,,,,0,1,en_sk_363_in_bt,,1,,6630,8030,,5,,,,,,,,,,,,,,,,,"21,22","NEW rental,SoftBank 601HW 20GB"
1662,5567,380,45,Insurance [YES] / Additional Battery [YES],33,1,カート用通常フラグ,SoftBank 601HW [BLACK] Standard 20GB,1,,,,,,,,*,sk/img001.jpg,*,sk/img001.jpg,,,,,,,,,,,,,,,,,,,,,,,0,1,en_sk_362_in_bt,,1,,7020,8470,,5,,,,,,,,,,,,,,,,,"21,22","NEW rental,SoftBank 601HW 20GB"
1662,5571,380,46,Insurance [YES] / Additional Battery [YES],34,1,カート用通常フラグ,SoftBank 601HW [BLACK] Standard 20GB,1,,,,,,,,*,sk/img001.jpg,*,sk/img001.jpg,,,,,,,,,,,,,,,,,,,,,,,0,1,en_sk_361_in_bt,,1,,7410,8910,,5,,,,,,,,,,,,,,,,,"21,22","NEW rental,SoftBank 601HW 20GB"
1662,5575,380,47,Insurance [YES] / Additional Battery [YES],35,1,カート用通常フラグ,SoftBank 601HW [BLACK] Standard 20GB,1,,,,,,,,*,sk/img001.jpg,*,sk/img001.jpg,,,,,,,,,,,,,,,,,,,,,,,0,1,en_sk_360_in_bt,,1,,7800,9350,,5,,,,,,,,,,,,,,,,,"21,22","NEW rental,SoftBank 601HW 20GB"
1662,5579,380,48,Insurance [YES] / Additional Battery [YES],36,1,カート用通常フラグ,SoftBank 601HW [BLACK] Standard 20GB,1,,,,,,,,*,sk/img001.jpg,*,sk/img001.jpg,,,,,,,,,,,,,,,,,,,,,,,0,1,en_sk_359_in_bt,,1,,8190,9790,,5,,,,,,,,,,,,,,,,,"21,22","NEW rental,SoftBank 601HW 20GB"
1662,5583,380,49,Insurance [YES] / Additional Battery [YES],37,1,カート用通常フラグ,SoftBank 601HW [BLACK] Standard 20GB,1,,,,,,,,*,sk/img001.jpg,*,sk/img001.jpg,,,,,,,,,,,,,,,,,,,,,,,0,1,en_sk_358_in_bt,,1,,8580,10180,,5,,,,,,,,,,,,,,,,,"21,22","NEW rental,SoftBank 601HW 20GB"
1662,5587,380,50,Insurance [YES] / Additional Battery [YES],38,1,カート用通常フラグ,SoftBank 601HW [BLACK] Standard 20GB,1,,,,,,,,*,sk/img001.jpg,*,sk/img001.jpg,,,,,,,,,,,,,,,,,,,,,,,0,1,en_sk_357_in_bt,,1,,8970,10570,,5,,,,,,,,,,,,,,,,,"21,22","NEW rental,SoftBank 601HW 20GB"
1662,5591,380,51,Insurance [YES] / Additional Battery [YES],39,1,カート用通常フラグ,SoftBank 601HW [BLACK] Standard 20GB,1,,,,,,,,*,sk/img001.jpg,*,sk/img001.jpg,,,,,,,,,,,,,,,,,,,,,,,0,1,en_sk_356_in_bt,,1,,9360,10960,,5,,,,,,,,,,,,,,,,,"21,22","NEW rental,SoftBank 601HW 20GB"
1662,5595,380,52,Insurance [YES] / Additional Battery [YES],40,1,カート用通常フラグ,SoftBank 601HW [BLACK] Standard 20GB,1,,,,,,,,*,sk/img001.jpg,*,sk/img001.jpg,,,,,,,,,,,,,,,,,,,,,,,0,1,en_sk_355_in_bt,,1,,9750,11350,,5,,,,,,,,,,,,,,,,,"21,22","NEW rental,SoftBank 601HW 20GB"
1662,5599,380,53,Insurance [YES] / Additional Battery [YES],41,1,カート用通常フラグ,SoftBank 601HW [BLACK] Standard 20GB,1,,,,,,,,*,sk/img001.jpg,*,sk/img001.jpg,,,,,,,,,,,,,,,,,,,,,,,0,1,en_sk_354_in_bt,,1,,10140,11740,,5,,,,,,,,,,,,,,,,,"21,22","NEW rental,SoftBank 601HW 20GB"
1662,5603,380,54,Insurance [YES] / Additional Battery [YES],42,1,カート用通常フラグ,SoftBank 601HW [BLACK] Standard 20GB,1,,,,,,,,*,sk/img001.jpg,*,sk/img001.jpg,,,,,,,,,,,,,,,,,,,,,,,0,1,en_sk_353_in_bt,,1,,10400,12000,,5,,,,,,,,,,,,,,,,,"21,22","NEW rental,SoftBank 601HW 20GB"
1662,5607,380,55,Insurance [YES] / Additional Battery [YES],43,1,カート用通常フラグ,SoftBank 601HW [BLACK] Standard 20GB,1,,,,,,,,*,sk/img001.jpg,*,sk/img001.jpg,,,,,,,,,,,,,,,,,,,,,,,0,1,en_sk_352_in_bt,,1,,10400,12000,,5,,,,,,,,,,,,,,,,,"21,22","NEW rental,SoftBank 601HW 20GB"
1662,5611,380,56,Insurance [YES] / Additional Battery [YES],44,1,カート用通常フラグ,SoftBank 601HW [BLACK] Standard 20GB,1,,,,,,,,*,sk/img001.jpg,*,sk/img001.jpg,,,,,,,,,,,,,,,,,,,,,,,0,1,en_sk_351_in_bt,,1,,10400,12000,,5,,,,,,,,,,,,,,,,,"21,22","NEW rental,SoftBank 601HW 20GB"
1662,5615,380,57,Insurance [YES] / Additional Battery [YES],45,1,カート用通常フラグ,SoftBank 601HW [BLACK] Standard 20GB,1,,,,,,,,*,sk/img001.jpg,*,sk/img001.jpg,,,,,,,,,,,,,,,,,,,,,,,0,1,en_sk_350_in_bt,,1,,10400,12000,,5,,,,,,,,,,,,,,,,,"21,22","NEW rental,SoftBank 601HW 20GB"
1662,5619,380,58,Insurance [YES] / Additional Battery [YES],46,1,カート用通常フラグ,SoftBank 601HW [BLACK] Standard 20GB,1,,,,,,,,*,sk/img001.jpg,*,sk/img001.jpg,,,,,,,,,,,,,,,,,,,,,,,0,1,en_sk_349_in_bt,,1,,10400,12000,,5,,,,,,,,,,,,,,,,,"21,22","NEW rental,SoftBank 601HW 20GB"
1662,5623,380,59,Insurance [YES] / Additional Battery [YES],47,1,カート用通常フラグ,SoftBank 601HW [BLACK] Standard 20GB,1,,,,,,,,*,sk/img001.jpg,*,sk/img001.jpg,,,,,,,,,,,,,,,,,,,,,,,0,1,en_sk_348_in_bt,,1,,10400,12000,,5,,,,,,,,,,,,,,,,,"21,22","NEW rental,SoftBank 601HW 20GB"
1662,5627,380,60,Insurance [YES] / Additional Battery [YES],48,1,カート用通常フラグ,SoftBank 601HW [BLACK] Standard 20GB,1,,,,,,,,*,sk/img001.jpg,*,sk/img001.jpg,,,,,,,,,,,,,,,,,,,,,,,0,1,en_sk_347_in_bt,,1,,10400,12000,,5,,,,,,,,,,,,,,,,,"21,22","NEW rental,SoftBank 601HW 20GB"
1662,5631,380,61,Insurance [YES] / Additional Battery [YES],49,1,カート用通常フラグ,SoftBank 601HW [BLACK] Standard 20GB,1,,,,,,,,*,sk/img001.jpg,*,sk/img001.jpg,,,,,,,,,,,,,,,,,,,,,,,0,1,en_sk_346_in_bt,,1,,10400,12000,,5,,,,,,,,,,,,,,,,,"21,22","NEW rental,SoftBank 601HW 20GB"
1662,5635,380,62,Insurance [YES] / Additional Battery [YES],50,1,カート用通常フラグ,SoftBank 601HW [BLACK] Standard 20GB,1,,,,,,,,*,sk/img001.jpg,*,sk/img001.jpg,,,,,,,,,,,,,,,,,,,,,,,0,1,en_sk_345_in_bt,,1,,10400,12000,,5,,,,,,,,,,,,,,,,,"21,22","NEW rental,SoftBank 601HW 20GB"
1662,5639,380,63,Insurance [YES] / Additional Battery [YES],51,1,カート用通常フラグ,SoftBank 601HW [BLACK] Standard 20GB,1,,,,,,,,*,sk/img001.jpg,*,sk/img001.jpg,,,,,,,,,,,,,,,,,,,,,,,0,1,en_sk_344_in_bt,,1,,10400,12000,,5,,,,,,,,,,,,,,,,,"21,22","NEW rental,SoftBank 601HW 20GB"
1662,5643,380,64,Insurance [YES] / Additional Battery [YES],52,1,カート用通常フラグ,SoftBank 601HW [BLACK] Standard 20GB,1,,,,,,,,*,sk/img001.jpg,*,sk/img001.jpg,,,,,,,,,,,,,,,,,,,,,,,0,1,en_sk_343_in_bt,,1,,10400,12000,,5,,,,,,,,,,,,,,,,,"21,22","NEW rental,SoftBank 601HW 20GB"
1662,5647,380,65,Insurance [YES] / Additional Battery [YES],53,1,カート用通常フラグ,SoftBank 601HW [BLACK] Standard 20GB,1,,,,,,,,*,sk/img001.jpg,*,sk/img001.jpg,,,,,,,,,,,,,,,,,,,,,,,0,1,en_sk_342_in_bt,,1,,10400,12000,,5,,,,,,,,,,,,,,,,,"21,22","NEW rental,SoftBank 601HW 20GB"
1662,5651,380,66,Insurance [YES] / Additional Battery [YES],54,1,カート用通常フラグ,SoftBank 601HW [BLACK] Standard 20GB,1,,,,,,,,*,sk/img001.jpg,*,sk/img001.jpg,,,,,,,,,,,,,,,,,,,,,,,0,1,en_sk_341_in_bt,,1,,10400,12000,,5,,,,,,,,,,,,,,,,,"21,22","NEW rental,SoftBank 601HW 20GB"
1662,5655,380,67,Insurance [YES] / Additional Battery [YES],55,1,カート用通常フラグ,SoftBank 601HW [BLACK] Standard 20GB,1,,,,,,,,*,sk/img001.jpg,*,sk/img001.jpg,,,,,,,,,,,,,,,,,,,,,,,0,1,en_sk_340_in_bt,,1,,10400,12000,,5,,,,,,,,,,,,,,,,,"21,22","NEW rental,SoftBank 601HW 20GB"
1662,5659,380,68,Insurance [YES] / Additional Battery [YES],56,1,カート用通常フラグ,SoftBank 601HW [BLACK] Standard 20GB,1,,,,,,,,*,sk/img001.jpg,*,sk/img001.jpg,,,,,,,,,,,,,,,,,,,,,,,0,1,en_sk_339_in_bt,,1,,10400,12000,,5,,,,,,,,,,,,,,,,,"21,22","NEW rental,SoftBank 601HW 20GB"
1662,5663,380,69,Insurance [YES] / Additional Battery [YES],57,1,カート用通常フラグ,SoftBank 601HW [BLACK] Standard 20GB,1,,,,,,,,*,sk/img001.jpg,*,sk/img001.jpg,,,,,,,,,,,,,,,,,,,,,,,0,1,en_sk_338_in_bt,,1,,10400,12000,,5,,,,,,,,,,,,,,,,,"21,22","NEW rental,SoftBank 601HW 20GB"
1662,5667,380,70,Insurance [YES] / Additional Battery [YES],58,1,カート用通常フラグ,SoftBank 601HW [BLACK] Standard 20GB,1,,,,,,,,*,sk/img001.jpg,*,sk/img001.jpg,,,,,,,,,,,,,,,,,,,,,,,0,1,en_sk_337_in_bt,,1,,10400,12000,,5,,,,,,,,,,,,,,,,,"21,22","NEW rental,SoftBank 601HW 20GB"
1662,5671,380,71,Insurance [YES] / Additional Battery [YES],59,1,カート用通常フラグ,SoftBank 601HW [BLACK] Standard 20GB,1,,,,,,,,*,sk/img001.jpg,*,sk/img001.jpg,,,,,,,,,,,,,,,,,,,,,,,0,1,en_sk_336_in_bt,,1,,10400,12000,,5,,,,,,,,,,,,,,,,,"21,22","NEW rental,SoftBank 601HW 20GB"
1662,5675,380,72,Insurance [YES] / Additional Battery [YES],60,1,カート用通常フラグ,SoftBank 601HW [BLACK] Standard 20GB,1,,,,,,,,*,sk/img001.jpg,*,sk/img001.jpg,,,,,,,,,,,,,,,,,,,,,,,0,1,en_sk_335_in_bt,,1,,10400,12000,,5,,,,,,,,,,,,,,,,,"21,22","NEW rental,SoftBank 601HW 20GB"
1662,5679,380,73,Insurance [YES] / Additional Battery [YES],61,1,カート用通常フラグ,SoftBank 601HW [BLACK] Standard 20GB,1,,,,,,,,*,sk/img001.jpg,*,sk/img001.jpg,,,,,,,,,,,,,,,,,,,,,,,0,1,en_sk_334_in_bt,,1,,10790,12440,,5,,,,,,,,,,,,,,,,,"21,22","NEW rental,SoftBank 601HW 20GB"
1662,5683,380,74,Insurance [YES] / Additional Battery [YES],62,1,カート用通常フラグ,SoftBank 601HW [BLACK] Standard 20GB,1,,,,,,,,*,sk/img001.jpg,*,sk/img001.jpg,,,,,,,,,,,,,,,,,,,,,,,0,1,en_sk_333_in_bt,,1,,11180,12880,,5,,,,,,,,,,,,,,,,,"21,22","NEW rental,SoftBank 601HW 20GB"
1662,5687,380,75,Insurance [YES] / Additional Battery [YES],63,1,カート用通常フラグ,SoftBank 601HW [BLACK] Standard 20GB,1,,,,,,,,*,sk/img001.jpg,*,sk/img001.jpg,,,,,,,,,,,,,,,,,,,,,,,0,1,en_sk_332_in_bt,,1,,11570,13320,,5,,,,,,,,,,,,,,,,,"21,22","NEW rental,SoftBank 601HW 20GB"
1662,5691,380,76,Insurance [YES] / Additional Battery [YES],64,1,カート用通常フラグ,SoftBank 601HW [BLACK] Standard 20GB,1,,,,,,,,*,sk/img001.jpg,*,sk/img001.jpg,,,,,,,,,,,,,,,,,,,,,,,0,1,en_sk_331_in_bt,,1,,11960,13760,,5,,,,,,,,,,,,,,,,,"21,22","NEW rental,SoftBank 601HW 20GB"
1662,5695,380,77,Insurance [YES] / Additional Battery [YES],65,1,カート用通常フラグ,SoftBank 601HW [BLACK] Standard 20GB,1,,,,,,,,*,sk/img001.jpg,*,sk/img001.jpg,,,,,,,,,,,,,,,,,,,,,,,0,1,en_sk_330_in_bt,,1,,12350,14200,,5,,,,,,,,,,,,,,,,,"21,22","NEW rental,SoftBank 601HW 20GB"
1662,5699,380,78,Insurance [YES] / Additional Battery [YES],66,1,カート用通常フラグ,SoftBank 601HW [BLACK] Standard 20GB,1,,,,,,,,*,sk/img001.jpg,*,sk/img001.jpg,,,,,,,,,,,,,,,,,,,,,,,0,1,en_sk_329_in_bt,,1,,12740,14640,,5,,,,,,,,,,,,,,,,,"21,22","NEW rental,SoftBank 601HW 20GB"
1662,5703,380,79,Insurance [YES] / Additional Battery [YES],67,1,カート用通常フラグ,SoftBank 601HW [BLACK] Standard 20GB,1,,,,,,,,*,sk/img001.jpg,*,sk/img001.jpg,,,,,,,,,,,,,,,,,,,,,,,0,1,en_sk_328_in_bt,,1,,13130,15030,,5,,,,,,,,,,,,,,,,,"21,22","NEW rental,SoftBank 601HW 20GB"
1662,5707,380,80,Insurance [YES] / Additional Battery [YES],68,1,カート用通常フラグ,SoftBank 601HW [BLACK] Standard 20GB,1,,,,,,,,*,sk/img001.jpg,*,sk/img001.jpg,,,,,,,,,,,,,,,,,,,,,,,0,1,en_sk_327_in_bt,,1,,13520,15420,,5,,,,,,,,,,,,,,,,,"21,22","NEW rental,SoftBank 601HW 20GB"
1662,5711,380,81,Insurance [YES] / Additional Battery [YES],69,1,カート用通常フラグ,SoftBank 601HW [BLACK] Standard 20GB,1,,,,,,,,*,sk/img001.jpg,*,sk/img001.jpg,,,,,,,,,,,,,,,,,,,,,,,0,1,en_sk_326_in_bt,,1,,13910,15810,,5,,,,,,,,,,,,,,,,,"21,22","NEW rental,SoftBank 601HW 20GB"
1662,5715,380,82,Insurance [YES] / Additional Battery [YES],70,1,カート用通常フラグ,SoftBank 601HW [BLACK] Standard 20GB,1,,,,,,,,*,sk/img001.jpg,*,sk/img001.jpg,,,,,,,,,,,,,,,,,,,,,,,0,1,en_sk_325_in_bt,,1,,14300,16200,,5,,,,,,,,,,,,,,,,,"21,22","NEW rental,SoftBank 601HW 20GB"
1662,5719,380,83,Insurance [YES] / Additional Battery [YES],71,1,カート用通常フラグ,SoftBank 601HW [BLACK] Standard 20GB,1,,,,,,,,*,sk/img001.jpg,*,sk/img001.jpg,,,,,,,,,,,,,,,,,,,,,,,0,1,en_sk_324_in_bt,,1,,14600,16500,,5,,,,,,,,,,,,,,,,,"21,22","NEW rental,SoftBank 601HW 20GB"
1662,5723,380,84,Insurance [YES] / Additional Battery [YES],72,1,カート用通常フラグ,SoftBank 601HW [BLACK] Standard 20GB,1,,,,,,,,*,sk/img001.jpg,*,sk/img001.jpg,,,,,,,,,,,,,,,,,,,,,,,0,1,en_sk_323_in_bt,,1,,14600,16500,,5,,,,,,,,,,,,,,,,,"21,22","NEW rental,SoftBank 601HW 20GB"
1662,5727,380,85,Insurance [YES] / Additional Battery [YES],73,1,カート用通常フラグ,SoftBank 601HW [BLACK] Standard 20GB,1,,,,,,,,*,sk/img001.jpg,*,sk/img001.jpg,,,,,,,,,,,,,,,,,,,,,,,0,1,en_sk_322_in_bt,,1,,14600,16500,,5,,,,,,,,,,,,,,,,,"21,22","NEW rental,SoftBank 601HW 20GB"
1662,5731,380,86,Insurance [YES] / Additional Battery [YES],74,1,カート用通常フラグ,SoftBank 601HW [BLACK] Standard 20GB,1,,,,,,,,*,sk/img001.jpg,*,sk/img001.jpg,,,,,,,,,,,,,,,,,,,,,,,0,1,en_sk_321_in_bt,,1,,14600,16500,,5,,,,,,,,,,,,,,,,,"21,22","NEW rental,SoftBank 601HW 20GB"
1662,5735,380,87,Insurance [YES] / Additional Battery [YES],75,1,カート用通常フラグ,SoftBank 601HW [BLACK] Standard 20GB,1,,,,,,,,*,sk/img001.jpg,*,sk/img001.jpg,,,,,,,,,,,,,,,,,,,,,,,0,1,en_sk_320_in_bt,,1,,14600,16500,,5,,,,,,,,,,,,,,,,,"21,22","NEW rental,SoftBank 601HW 20GB"
1662,5739,380,88,Insurance [YES] / Additional Battery [YES],76,1,カート用通常フラグ,SoftBank 601HW [BLACK] Standard 20GB,1,,,,,,,,*,sk/img001.jpg,*,sk/img001.jpg,,,,,,,,,,,,,,,,,,,,,,,0,1,en_sk_319_in_bt,,1,,14600,16500,,5,,,,,,,,,,,,,,,,,"21,22","NEW rental,SoftBank 601HW 20GB"
1662,5743,380,89,Insurance [YES] / Additional Battery [YES],77,1,カート用通常フラグ,SoftBank 601HW [BLACK] Standard 20GB,1,,,,,,,,*,sk/img001.jpg,*,sk/img001.jpg,,,,,,,,,,,,,,,,,,,,,,,0,1,en_sk_318_in_bt,,1,,14600,16500,,5,,,,,,,,,,,,,,,,,"21,22","NEW rental,SoftBank 601HW 20GB"
1662,5747,380,90,Insurance [YES] / Additional Battery [YES],78,1,カート用通常フラグ,SoftBank 601HW [BLACK] Standard 20GB,1,,,,,,,,*,sk/img001.jpg,*,sk/img001.jpg,,,,,,,,,,,,,,,,,,,,,,,0,1,en_sk_317_in_bt,,1,,14600,16500,,5,,,,,,,,,,,,,,,,,"21,22","NEW rental,SoftBank 601HW 20GB"
1662,5751,380,91,Insurance [YES] / Additional Battery [YES],79,1,カート用通常フラグ,SoftBank 601HW [BLACK] Standard 20GB,1,,,,,,,,*,sk/img001.jpg,*,sk/img001.jpg,,,,,,,,,,,,,,,,,,,,,,,0,1,en_sk_316_in_bt,,1,,14600,16500,,5,,,,,,,,,,,,,,,,,"21,22","NEW rental,SoftBank 601HW 20GB"
1662,5755,380,92,Insurance [YES] / Additional Battery [YES],80,1,カート用通常フラグ,SoftBank 601HW [BLACK] Standard 20GB,1,,,,,,,,*,sk/img001.jpg,*,sk/img001.jpg,,,,,,,,,,,,,,,,,,,,,,,0,1,en_sk_315_in_bt,,1,,14600,16500,,5,,,,,,,,,,,,,,,,,"21,22","NEW rental,SoftBank 601HW 20GB"
1662,5759,380,93,Insurance [YES] / Additional Battery [YES],81,1,カート用通常フラグ,SoftBank 601HW [BLACK] Standard 20GB,1,,,,,,,,*,sk/img001.jpg,*,sk/img001.jpg,,,,,,,,,,,,,,,,,,,,,,,0,1,en_sk_314_in_bt,,1,,14600,16500,,5,,,,,,,,,,,,,,,,,"21,22","NEW rental,SoftBank 601HW 20GB"
1662,5763,380,94,Insurance [YES] / Additional Battery [YES],82,1,カート用通常フラグ,SoftBank 601HW [BLACK] Standard 20GB,1,,,,,,,,*,sk/img001.jpg,*,sk/img001.jpg,,,,,,,,,,,,,,,,,,,,,,,0,1,en_sk_313_in_bt,,1,,14600,16500,,5,,,,,,,,,,,,,,,,,"21,22","NEW rental,SoftBank 601HW 20GB"
1662,5767,380,95,Insurance [YES] / Additional Battery [YES],83,1,カート用通常フラグ,SoftBank 601HW [BLACK] Standard 20GB,1,,,,,,,,*,sk/img001.jpg,*,sk/img001.jpg,,,,,,,,,,,,,,,,,,,,,,,0,1,en_sk_312_in_bt,,1,,14600,16500,,5,,,,,,,,,,,,,,,,,"21,22","NEW rental,SoftBank 601HW 20GB"
1662,5771,380,96,Insurance [YES] / Additional Battery [YES],84,1,カート用通常フラグ,SoftBank 601HW [BLACK] Standard 20GB,1,,,,,,,,*,sk/img001.jpg,*,sk/img001.jpg,,,,,,,,,,,,,,,,,,,,,,,0,1,en_sk_311_in_bt,,1,,14600,16500,,5,,,,,,,,,,,,,,,,,"21,22","NEW rental,SoftBank 601HW 20GB"
1662,5775,380,97,Insurance [YES] / Additional Battery [YES],85,1,カート用通常フラグ,SoftBank 601HW [BLACK] Standard 20GB,1,,,,,,,,*,sk/img001.jpg,*,sk/img001.jpg,,,,,,,,,,,,,,,,,,,,,,,0,1,en_sk_310_in_bt,,1,,14600,16500,,5,,,,,,,,,,,,,,,,,"21,22","NEW rental,SoftBank 601HW 20GB"
1662,5779,380,98,Insurance [YES] / Additional Battery [YES],86,1,カート用通常フラグ,SoftBank 601HW [BLACK] Standard 20GB,1,,,,,,,,*,sk/img001.jpg,*,sk/img001.jpg,,,,,,,,,,,,,,,,,,,,,,,0,1,en_sk_309_in_bt,,1,,14600,16500,,5,,,,,,,,,,,,,,,,,"21,22","NEW rental,SoftBank 601HW 20GB"
1662,5783,380,99,Insurance [YES] / Additional Battery [YES],87,1,カート用通常フラグ,SoftBank 601HW [BLACK] Standard 20GB,1,,,,,,,,*,sk/img001.jpg,*,sk/img001.jpg,,,,,,,,,,,,,,,,,,,,,,,0,1,en_sk_308_in_bt,,1,,14600,16500,,5,,,,,,,,,,,,,,,,,"21,22","NEW rental,SoftBank 601HW 20GB"
1662,5787,380,100,Insurance [YES] / Additional Battery [YES],88,1,カート用通常フラグ,SoftBank 601HW [BLACK] Standard 20GB,1,,,,,,,,*,sk/img001.jpg,*,sk/img001.jpg,,,,,,,,,,,,,,,,,,,,,,,0,1,en_sk_307_in_bt,,1,,14600,16500,,5,,,,,,,,,,,,,,,,,"21,22","NEW rental,SoftBank 601HW 20GB"
1662,5791,380,101,Insurance [YES] / Additional Battery [YES],89,1,カート用通常フラグ,SoftBank 601HW [BLACK] Standard 20GB,1,,,,,,,,*,sk/img001.jpg,*,sk/img001.jpg,,,,,,,,,,,,,,,,,,,,,,,0,1,en_sk_306_in_bt,,1,,14600,16500,,5,,,,,,,,,,,,,,,,,"21,22","NEW rental,SoftBank 601HW 20GB"
1662,5795,380,102,Insurance [YES] / Additional Battery [YES],90,1,カート用通常フラグ,SoftBank 601HW [BLACK] Standard 20GB,1,,,,,,,,*,sk/img001.jpg,*,sk/img001.jpg,,,,,,,,,,,,,,,,,,,,,,,0,1,en_sk_305_in_bt,,1,,14600,16500,,5,,,,,,,,,,,,,,,,,"21,22","NEW rental,SoftBank 601HW 20GB"
1662,5799,380,103,Insurance [YES] / Additional Battery [YES],91,1,カート用通常フラグ,SoftBank 601HW [BLACK] Standard 20GB,1,,,,,,,,*,sk/img001.jpg,*,sk/img001.jpg,,,,,,,,,,,,,,,,,,,,,,,0,1,en_sk_304_in_bt,,1,,14990,16940,,5,,,,,,,,,,,,,,,,,"21,22","NEW rental,SoftBank 601HW 20GB"
1662,5803,380,104,Insurance [YES] / Additional Battery [YES],92,1,カート用通常フラグ,SoftBank 601HW [BLACK] Standard 20GB,1,,,,,,,,*,sk/img001.jpg,*,sk/img001.jpg,,,,,,,,,,,,,,,,,,,,,,,0,1,en_sk_303_in_bt,,1,,15380,17380,,5,,,,,,,,,,,,,,,,,"21,22","NEW rental,SoftBank 601HW 20GB"
1662,5807,380,105,Insurance [YES] / Additional Battery [YES],93,1,カート用通常フラグ,SoftBank 601HW [BLACK] Standard 20GB,1,,,,,,,,*,sk/img001.jpg,*,sk/img001.jpg,,,,,,,,,,,,,,,,,,,,,,,0,1,en_sk_302_in_bt,,1,,15770,17820,,5,,,,,,,,,,,,,,,,,"21,22","NEW rental,SoftBank 601HW 20GB"
1662,5811,380,106,Insurance [YES] / Additional Battery [YES],94,1,カート用通常フラグ,SoftBank 601HW [BLACK] Standard 20GB,1,,,,,,,,*,sk/img001.jpg,*,sk/img001.jpg,,,,,,,,,,,,,,,,,,,,,,,0,1,en_sk_301_in_bt,,1,,16160,18260,,5,,,,,,,,,,,,,,,,,"21,22","NEW rental,SoftBank 601HW 20GB"
1662,5815,380,107,Insurance [YES] / Additional Battery [YES],95,1,カート用通常フラグ,SoftBank 601HW [BLACK] Standard 20GB,1,,,,,,,,*,sk/img001.jpg,*,sk/img001.jpg,,,,,,,,,,,,,,,,,,,,,,,0,1,en_sk_300_in_bt,,1,,16550,18700,,5,,,,,,,,,,,,,,,,,"21,22","NEW rental,SoftBank 601HW 20GB"
1662,5819,380,108,Insurance [YES] / Additional Battery [YES],96,1,カート用通常フラグ,SoftBank 601HW [BLACK] Standard 20GB,1,,,,,,,,*,sk/img001.jpg,*,sk/img001.jpg,,,,,,,,,,,,,,,,,,,,,,,0,1,en_sk_299_in_bt,,1,,16940,19140,,5,,,,,,,,,,,,,,,,,"21,22","NEW rental,SoftBank 601HW 20GB"
1662,5823,380,109,Insurance [YES] / Additional Battery [YES],97,1,カート用通常フラグ,SoftBank 601HW [BLACK] Standard 20GB,1,,,,,,,,*,sk/img001.jpg,*,sk/img001.jpg,,,,,,,,,,,,,,,,,,,,,,,0,1,en_sk_298_in_bt,,1,,17330,19530,,5,,,,,,,,,,,,,,,,,"21,22","NEW rental,SoftBank 601HW 20GB"
1662,5827,380,110,Insurance [YES] / Additional Battery [YES],98,1,カート用通常フラグ,SoftBank 601HW [BLACK] Standard 20GB,1,,,,,,,,*,sk/img001.jpg,*,sk/img001.jpg,,,,,,,,,,,,,,,,,,,,,,,0,1,en_sk_297_in_bt,,1,,17720,19920,,5,,,,,,,,,,,,,,,,,"21,22","NEW rental,SoftBank 601HW 20GB"
1662,5831,380,111,Insurance [YES] / Additional Battery [YES],99,1,カート用通常フラグ,SoftBank 601HW [BLACK] Standard 20GB,1,,,,,,,,*,sk/img001.jpg,*,sk/img001.jpg,,,,,,,,,,,,,,,,,,,,,,,0,1,en_sk_296_in_bt,,1,,18110,20310,,5,,,,,,,,,,,,,,,,,"21,22","NEW rental,SoftBank 601HW 20GB"
1662,5835,380,112,Insurance [YES] / Additional Battery [YES],100,1,カート用通常フラグ,SoftBank 601HW [BLACK] Standard 20GB,1,,,,,,,,*,sk/img001.jpg,*,sk/img001.jpg,,,,,,,,,,,,,,,,,,,,,,,0,1,en_sk_295_in_bt,,1,,18500,20700,,5,,,,,,,,,,,,,,,,,"21,22","NEW rental,SoftBank 601HW 20GB"
1662,5839,380,113,Insurance [YES] / Additional Battery [YES],101,1,カート用通常フラグ,SoftBank 601HW [BLACK] Standard 20GB,1,,,,,,,,*,sk/img001.jpg,*,sk/img001.jpg,,,,,,,,,,,,,,,,,,,,,,,0,1,en_sk_294_in_bt,,1,,18800,21000,,5,,,,,,,,,,,,,,,,,"21,22","NEW rental,SoftBank 601HW 20GB"
1662,5843,380,114,Insurance [YES] / Additional Battery [YES],102,1,カート用通常フラグ,SoftBank 601HW [BLACK] Standard 20GB,1,,,,,,,,*,sk/img001.jpg,*,sk/img001.jpg,,,,,,,,,,,,,,,,,,,,,,,0,1,en_sk_293_in_bt,,1,,18800,21000,,5,,,,,,,,,,,,,,,,,"21,22","NEW rental,SoftBank 601HW 20GB"
1662,5847,380,115,Insurance [YES] / Additional Battery [YES],103,1,カート用通常フラグ,SoftBank 601HW [BLACK] Standard 20GB,1,,,,,,,,*,sk/img001.jpg,*,sk/img001.jpg,,,,,,,,,,,,,,,,,,,,,,,0,1,en_sk_292_in_bt,,1,,18800,21000,,5,,,,,,,,,,,,,,,,,"21,22","NEW rental,SoftBank 601HW 20GB"
1662,5851,380,116,Insurance [YES] / Additional Battery [YES],104,1,カート用通常フラグ,SoftBank 601HW [BLACK] Standard 20GB,1,,,,,,,,*,sk/img001.jpg,*,sk/img001.jpg,,,,,,,,,,,,,,,,,,,,,,,0,1,en_sk_291_in_bt,,1,,18800,21000,,5,,,,,,,,,,,,,,,,,"21,22","NEW rental,SoftBank 601HW 20GB"
1662,5855,380,117,Insurance [YES] / Additional Battery [YES],105,1,カート用通常フラグ,SoftBank 601HW [BLACK] Standard 20GB,1,,,,,,,,*,sk/img001.jpg,*,sk/img001.jpg,,,,,,,,,,,,,,,,,,,,,,,0,1,en_sk_290_in_bt,,1,,18800,21000,,5,,,,,,,,,,,,,,,,,"21,22","NEW rental,SoftBank 601HW 20GB"
1662,5859,380,118,Insurance [YES] / Additional Battery [YES],106,1,カート用通常フラグ,SoftBank 601HW [BLACK] Standard 20GB,1,,,,,,,,*,sk/img001.jpg,*,sk/img001.jpg,,,,,,,,,,,,,,,,,,,,,,,0,1,en_sk_289_in_bt,,1,,18800,21000,,5,,,,,,,,,,,,,,,,,"21,22","NEW rental,SoftBank 601HW 20GB"
1662,5863,380,119,Insurance [YES] / Additional Battery [YES],107,1,カート用通常フラグ,SoftBank 601HW [BLACK] Standard 20GB,1,,,,,,,,*,sk/img001.jpg,*,sk/img001.jpg,,,,,,,,,,,,,,,,,,,,,,,0,1,en_sk_288_in_bt,,1,,18800,21000,,5,,,,,,,,,,,,,,,,,"21,22","NEW rental,SoftBank 601HW 20GB"
1662,5867,380,120,Insurance [YES] / Additional Battery [YES],108,1,カート用通常フラグ,SoftBank 601HW [BLACK] Standard 20GB,1,,,,,,,,*,sk/img001.jpg,*,sk/img001.jpg,,,,,,,,,,,,,,,,,,,,,,,0,1,en_sk_287_in_bt,,1,,18800,21000,,5,,,,,,,,,,,,,,,,,"21,22","NEW rental,SoftBank 601HW 20GB"
1662,5871,380,121,Insurance [YES] / Additional Battery [YES],109,1,カート用通常フラグ,SoftBank 601HW [BLACK] Standard 20GB,1,,,,,,,,*,sk/img001.jpg,*,sk/img001.jpg,,,,,,,,,,,,,,,,,,,,,,,0,1,en_sk_286_in_bt,,1,,18800,21000,,5,,,,,,,,,,,,,,,,,"21,22","NEW rental,SoftBank 601HW 20GB"
1662,5875,380,122,Insurance [YES] / Additional Battery [YES],110,1,カート用通常フラグ,SoftBank 601HW [BLACK] Standard 20GB,1,,,,,,,,*,sk/img001.jpg,*,sk/img001.jpg,,,,,,,,,,,,,,,,,,,,,,,0,1,en_sk_285_in_bt,,1,,18800,21000,,5,,,,,,,,,,,,,,,,,"21,22","NEW rental,SoftBank 601HW 20GB"
1662,5879,380,123,Insurance [YES] / Additional Battery [YES],111,1,カート用通常フラグ,SoftBank 601HW [BLACK] Standard 20GB,1,,,,,,,,*,sk/img001.jpg,*,sk/img001.jpg,,,,,,,,,,,,,,,,,,,,,,,0,1,en_sk_284_in_bt,,1,,18800,21000,,5,,,,,,,,,,,,,,,,,"21,22","NEW rental,SoftBank 601HW 20GB"
1662,5883,380,124,Insurance [YES] / Additional Battery [YES],112,1,カート用通常フラグ,SoftBank 601HW [BLACK] Standard 20GB,1,,,,,,,,*,sk/img001.jpg,*,sk/img001.jpg,,,,,,,,,,,,,,,,,,,,,,,0,1,en_sk_283_in_bt,,1,,18800,21000,,5,,,,,,,,,,,,,,,,,"21,22","NEW rental,SoftBank 601HW 20GB"
1662,5887,380,125,Insurance [YES] / Additional Battery [YES],113,1,カート用通常フラグ,SoftBank 601HW [BLACK] Standard 20GB,1,,,,,,,,*,sk/img001.jpg,*,sk/img001.jpg,,,,,,,,,,,,,,,,,,,,,,,0,1,en_sk_282_in_bt,,1,,18800,21000,,5,,,,,,,,,,,,,,,,,"21,22","NEW rental,SoftBank 601HW 20GB"
1662,5891,380,126,Insurance [YES] / Additional Battery [YES],114,1,カート用通常フラグ,SoftBank 601HW [BLACK] Standard 20GB,1,,,,,,,,*,sk/img001.jpg,*,sk/img001.jpg,,,,,,,,,,,,,,,,,,,,,,,0,1,en_sk_281_in_bt,,1,,18800,21000,,5,,,,,,,,,,,,,,,,,"21,22","NEW rental,SoftBank 601HW 20GB"
1662,5895,380,127,Insurance [YES] / Additional Battery [YES],115,1,カート用通常フラグ,SoftBank 601HW [BLACK] Standard 20GB,1,,,,,,,,*,sk/img001.jpg,*,sk/img001.jpg,,,,,,,,,,,,,,,,,,,,,,,0,1,en_sk_280_in_bt,,1,,18800,21000,,5,,,,,,,,,,,,,,,,,"21,22","NEW rental,SoftBank 601HW 20GB"
1662,5899,380,128,Insurance [YES] / Additional Battery [YES],116,1,カート用通常フラグ,SoftBank 601HW [BLACK] Standard 20GB,1,,,,,,,,*,sk/img001.jpg,*,sk/img001.jpg,,,,,,,,,,,,,,,,,,,,,,,0,1,en_sk_279_in_bt,,1,,18800,21000,,5,,,,,,,,,,,,,,,,,"21,22","NEW rental,SoftBank 601HW 20GB"
1662,5903,380,129,Insurance [YES] / Additional Battery [YES],117,1,カート用通常フラグ,SoftBank 601HW [BLACK] Standard 20GB,1,,,,,,,,*,sk/img001.jpg,*,sk/img001.jpg,,,,,,,,,,,,,,,,,,,,,,,0,1,en_sk_278_in_bt,,1,,18800,21000,,5,,,,,,,,,,,,,,,,,"21,22","NEW rental,SoftBank 601HW 20GB"
1662,5907,380,130,Insurance [YES] / Additional Battery [YES],118,1,カート用通常フラグ,SoftBank 601HW [BLACK] Standard 20GB,1,,,,,,,,*,sk/img001.jpg,*,sk/img001.jpg,,,,,,,,,,,,,,,,,,,,,,,0,1,en_sk_277_in_bt,,1,,18800,21000,,5,,,,,,,,,,,,,,,,,"21,22","NEW rental,SoftBank 601HW 20GB"
1662,5911,380,131,Insurance [YES] / Additional Battery [YES],119,1,カート用通常フラグ,SoftBank 601HW [BLACK] Standard 20GB,1,,,,,,,,*,sk/img001.jpg,*,sk/img001.jpg,,,,,,,,,,,,,,,,,,,,,,,0,1,en_sk_276_in_bt,,1,,18800,21000,,5,,,,,,,,,,,,,,,,,"21,22","NEW rental,SoftBank 601HW 20GB"
1662,5915,380,132,Insurance [YES] / Additional Battery [YES],120,1,カート用通常フラグ,SoftBank 601HW [BLACK] Standard 20GB,1,,,,,,,,*,sk/img001.jpg,*,sk/img001.jpg,,,,,,,,,,,,,,,,,,,,,,,0,1,en_sk_275_in_bt,,1,,18800,21000,,5,,,,,,,,,,,,,,,,,"21,22","NEW rental,SoftBank 601HW 20GB"
1662,5919,380,133,Insurance [YES] / Additional Battery [YES],121,1,カート用通常フラグ,SoftBank 601HW [BLACK] Standard 20GB,1,,,,,,,,*,sk/img001.jpg,*,sk/img001.jpg,,,,,,,,,,,,,,,,,,,,,,,0,1,en_sk_274_in_bt,,1,,19190,21440,,5,,,,,,,,,,,,,,,,,"21,22","NEW rental,SoftBank 601HW 20GB"
1662,5923,380,134,Insurance [YES] / Additional Battery [YES],122,1,カート用通常フラグ,SoftBank 601HW [BLACK] Standard 20GB,1,,,,,,,,*,sk/img001.jpg,*,sk/img001.jpg,,,,,,,,,,,,,,,,,,,,,,,0,1,en_sk_273_in_bt,,1,,19580,21880,,5,,,,,,,,,,,,,,,,,"21,22","NEW rental,SoftBank 601HW 20GB"
1662,5927,380,135,Insurance [YES] / Additional Battery [YES],123,1,カート用通常フラグ,SoftBank 601HW [BLACK] Standard 20GB,1,,,,,,,,*,sk/img001.jpg,*,sk/img001.jpg,,,,,,,,,,,,,,,,,,,,,,,0,1,en_sk_272_in_bt,,1,,19970,22320,,5,,,,,,,,,,,,,,,,,"21,22","NEW rental,SoftBank 601HW 20GB"
1662,5931,380,136,Insurance [YES] / Additional Battery [YES],124,1,カート用通常フラグ,SoftBank 601HW [BLACK] Standard 20GB,1,,,,,,,,*,sk/img001.jpg,*,sk/img001.jpg,,,,,,,,,,,,,,,,,,,,,,,0,1,en_sk_271_in_bt,,1,,20360,22760,,5,,,,,,,,,,,,,,,,,"21,22","NEW rental,SoftBank 601HW 20GB"
1662,5935,380,137,Insurance [YES] / Additional Battery [YES],125,1,カート用通常フラグ,SoftBank 601HW [BLACK] Standard 20GB,1,,,,,,,,*,sk/img001.jpg,*,sk/img001.jpg,,,,,,,,,,,,,,,,,,,,,,,0,1,en_sk_270_in_bt,,1,,20750,23200,,5,,,,,,,,,,,,,,,,,"21,22","NEW rental,SoftBank 601HW 20GB"
1662,5939,380,138,Insurance [YES] / Additional Battery [YES],126,1,カート用通常フラグ,SoftBank 601HW [BLACK] Standard 20GB,1,,,,,,,,*,sk/img001.jpg,*,sk/img001.jpg,,,,,,,,,,,,,,,,,,,,,,,0,1,en_sk_269_in_bt,,1,,20800,23300,,5,,,,,,,,,,,,,,,,,"21,22","NEW rental,SoftBank 601HW 20GB"
1662,5943,380,139,Insurance [YES] / Additional Battery [YES],127,1,カート用通常フラグ,SoftBank 601HW [BLACK] Standard 20GB,1,,,,,,,,*,sk/img001.jpg,*,sk/img001.jpg,,,,,,,,,,,,,,,,,,,,,,,0,1,en_sk_268_in_bt,,1,,20800,23300,,5,,,,,,,,,,,,,,,,,"21,22","NEW rental,SoftBank 601HW 20GB"
1662,5947,380,140,Insurance [YES] / Additional Battery [YES],128,1,カート用通常フラグ,SoftBank 601HW [BLACK] Standard 20GB,1,,,,,,,,*,sk/img001.jpg,*,sk/img001.jpg,,,,,,,,,,,,,,,,,,,,,,,0,1,en_sk_267_in_bt,,1,,20800,23300,,5,,,,,,,,,,,,,,,,,"21,22","NEW rental,SoftBank 601HW 20GB"
1662,5951,380,141,Insurance [YES] / Additional Battery [YES],129,1,カート用通常フラグ,SoftBank 601HW [BLACK] Standard 20GB,1,,,,,,,,*,sk/img001.jpg,*,sk/img001.jpg,,,,,,,,,,,,,,,,,,,,,,,0,1,en_sk_266_in_bt,,1,,20800,23300,,5,,,,,,,,,,,,,,,,,"21,22","NEW rental,SoftBank 601HW 20GB"
1662,5955,380,142,Insurance [YES] / Additional Battery [YES],130,1,カート用通常フラグ,SoftBank 601HW [BLACK] Standard 20GB,1,,,,,,,,*,sk/img001.jpg,*,sk/img001.jpg,,,,,,,,,,,,,,,,,,,,,,,0,1,en_sk_265_in_bt,,1,,20800,23300,,5,,,,,,,,,,,,,,,,,"21,22","NEW rental,SoftBank 601HW 20GB"
1662,5959,380,143,Insurance [YES] / Additional Battery [YES],131,1,カート用通常フラグ,SoftBank 601HW [BLACK] Standard 20GB,1,,,,,,,,*,sk/img001.jpg,*,sk/img001.jpg,,,,,,,,,,,,,,,,,,,,,,,0,1,en_sk_264_in_bt,,1,,20800,23300,,5,,,,,,,,,,,,,,,,,"21,22","NEW rental,SoftBank 601HW 20GB"
1662,5963,380,144,Insurance [YES] / Additional Battery [YES],132,1,カート用通常フラグ,SoftBank 601HW [BLACK] Standard 20GB,1,,,,,,,,*,sk/img001.jpg,*,sk/img001.jpg,,,,,,,,,,,,,,,,,,,,,,,0,1,en_sk_263_in_bt,,1,,20800,23300,,5,,,,,,,,,,,,,,,,,"21,22","NEW rental,SoftBank 601HW 20GB"
1662,5967,380,145,Insurance [YES] / Additional Battery [YES],133,1,カート用通常フラグ,SoftBank 601HW [BLACK] Standard 20GB,1,,,,,,,,*,sk/img001.jpg,*,sk/img001.jpg,,,,,,,,,,,,,,,,,,,,,,,0,1,en_sk_262_in_bt,,1,,20800,23300,,5,,,,,,,,,,,,,,,,,"21,22","NEW rental,SoftBank 601HW 20GB"
1662,5971,380,146,Insurance [YES] / Additional Battery [YES],134,1,カート用通常フラグ,SoftBank 601HW [BLACK] Standard 20GB,1,,,,,,,,*,sk/img001.jpg,*,sk/img001.jpg,,,,,,,,,,,,,,,,,,,,,,,0,1,en_sk_261_in_bt,,1,,20800,23300,,5,,,,,,,,,,,,,,,,,"21,22","NEW rental,SoftBank 601HW 20GB"
1662,5975,380,147,Insurance [YES] / Additional Battery [YES],135,1,カート用通常フラグ,SoftBank 601HW [BLACK] Standard 20GB,1,,,,,,,,*,sk/img001.jpg,*,sk/img001.jpg,,,,,,,,,,,,,,,,,,,,,,,0,1,en_sk_260_in_bt,,1,,20800,23300,,5,,,,,,,,,,,,,,,,,"21,22","NEW rental,SoftBank 601HW 20GB"
1662,5979,380,148,Insurance [YES] / Additional Battery [YES],136,1,カート用通常フラグ,SoftBank 601HW [BLACK] Standard 20GB,1,,,,,,,,*,sk/img001.jpg,*,sk/img001.jpg,,,,,,,,,,,,,,,,,,,,,,,0,1,en_sk_259_in_bt,,1,,20800,23300,,5,,,,,,,,,,,,,,,,,"21,22","NEW rental,SoftBank 601HW 20GB"
1662,5983,380,149,Insurance [YES] / Additional Battery [YES],137,1,カート用通常フラグ,SoftBank 601HW [BLACK] Standard 20GB,1,,,,,,,,*,sk/img001.jpg,*,sk/img001.jpg,,,,,,,,,,,,,,,,,,,,,,,0,1,en_sk_258_in_bt,,1,,20800,23300,,5,,,,,,,,,,,,,,,,,"21,22","NEW rental,SoftBank 601HW 20GB"
1662,5987,380,150,Insurance [YES] / Additional Battery [YES],138,1,カート用通常フラグ,SoftBank 601HW [BLACK] Standard 20GB,1,,,,,,,,*,sk/img001.jpg,*,sk/img001.jpg,,,,,,,,,,,,,,,,,,,,,,,0,1,en_sk_257_in_bt,,1,,20800,23300,,5,,,,,,,,,,,,,,,,,"21,22","NEW rental,SoftBank 601HW 20GB"
1662,5991,380,151,Insurance [YES] / Additional Battery [YES],139,1,カート用通常フラグ,SoftBank 601HW [BLACK] Standard 20GB,1,,,,,,,,*,sk/img001.jpg,*,sk/img001.jpg,,,,,,,,,,,,,,,,,,,,,,,0,1,en_sk_256_in_bt,,1,,20800,23300,,5,,,,,,,,,,,,,,,,,"21,22","NEW rental,SoftBank 601HW 20GB"
1662,5995,380,152,Insurance [YES] / Additional Battery [YES],140,1,カート用通常フラグ,SoftBank 601HW [BLACK] Standard 20GB,1,,,,,,,,*,sk/img001.jpg,*,sk/img001.jpg,,,,,,,,,,,,,,,,,,,,,,,0,1,en_sk_255_in_bt,,1,,20800,23300,,5,,,,,,,,,,,,,,,,,"21,22","NEW rental,SoftBank 601HW 20GB"
1662,5999,380,153,Insurance [YES] / Additional Battery [YES],141,1,カート用通常フラグ,SoftBank 601HW [BLACK] Standard 20GB,1,,,,,,,,*,sk/img001.jpg,*,sk/img001.jpg,,,,,,,,,,,,,,,,,,,,,,,0,1,en_sk_254_in_bt,,1,,20800,23300,,5,,,,,,,,,,,,,,,,,"21,22","NEW rental,SoftBank 601HW 20GB"
1662,6003,380,154,Insurance [YES] / Additional Battery [YES],142,1,カート用通常フラグ,SoftBank 601HW [BLACK] Standard 20GB,1,,,,,,,,*,sk/img001.jpg,*,sk/img001.jpg,,,,,,,,,,,,,,,,,,,,,,,0,1,en_sk_253_in_bt,,1,,20800,23300,,5,,,,,,,,,,,,,,,,,"21,22","NEW rental,SoftBank 601HW 20GB"
1662,6007,380,155,Insurance [YES] / Additional Battery [YES],143,1,カート用通常フラグ,SoftBank 601HW [BLACK] Standard 20GB,1,,,,,,,,*,sk/img001.jpg,*,sk/img001.jpg,,,,,,,,,,,,,,,,,,,,,,,0,1,en_sk_252_in_bt,,1,,20800,23300,,5,,,,,,,,,,,,,,,,,"21,22","NEW rental,SoftBank 601HW 20GB"
1662,6011,380,156,Insurance [YES] / Additional Battery [YES],144,1,カート用通常フラグ,SoftBank 601HW [BLACK] Standard 20GB,1,,,,,,,,*,sk/img001.jpg,*,sk/img001.jpg,,,,,,,,,,,,,,,,,,,,,,,0,1,en_sk_251_in_bt,,1,,20800,23300,,5,,,,,,,,,,,,,,,,,"21,22","NEW rental,SoftBank 601HW 20GB"
1662,6015,380,157,Insurance [YES] / Additional Battery [YES],145,1,カート用通常フラグ,SoftBank 601HW [BLACK] Standard 20GB,1,,,,,,,,*,sk/img001.jpg,*,sk/img001.jpg,,,,,,,,,,,,,,,,,,,,,,,0,1,en_sk_250_in_bt,,1,,20800,23300,,5,,,,,,,,,,,,,,,,,"21,22","NEW rental,SoftBank 601HW 20GB"
1662,6019,380,158,Insurance [YES] / Additional Battery [YES],146,1,カート用通常フラグ,SoftBank 601HW [BLACK] Standard 20GB,1,,,,,,,,*,sk/img001.jpg,*,sk/img001.jpg,,,,,,,,,,,,,,,,,,,,,,,0,1,en_sk_249_in_bt,,1,,20800,23300,,5,,,,,,,,,,,,,,,,,"21,22","NEW rental,SoftBank 601HW 20GB"
1662,6023,380,159,Insurance [YES] / Additional Battery [YES],147,1,カート用通常フラグ,SoftBank 601HW [BLACK] Standard 20GB,1,,,,,,,,*,sk/img001.jpg,*,sk/img001.jpg,,,,,,,,,,,,,,,,,,,,,,,0,1,en_sk_248_in_bt,,1,,20800,23300,,5,,,,,,,,,,,,,,,,,"21,22","NEW rental,SoftBank 601HW 20GB"
1662,6027,380,160,Insurance [YES] / Additional Battery [YES],148,1,カート用通常フラグ,SoftBank 601HW [BLACK] Standard 20GB,1,,,,,,,,*,sk/img001.jpg,*,sk/img001.jpg,,,,,,,,,,,,,,,,,,,,,,,0,1,en_sk_247_in_bt,,1,,20800,23300,,5,,,,,,,,,,,,,,,,,"21,22","NEW rental,SoftBank 601HW 20GB"
1662,6031,380,161,Insurance [YES] / Additional Battery [YES],149,1,カート用通常フラグ,SoftBank 601HW [BLACK] Standard 20GB,1,,,,,,,,*,sk/img001.jpg,*,sk/img001.jpg,,,,,,,,,,,,,,,,,,,,,,,0,1,en_sk_246_in_bt,,1,,20800,23300,,5,,,,,,,,,,,,,,,,,"21,22","NEW rental,SoftBank 601HW 20GB"
1662,6035,380,162,Insurance [YES] / Additional Battery [YES],150,1,カート用通常フラグ,SoftBank 601HW [BLACK] Standard 20GB,1,,,,,,,,*,sk/img001.jpg,*,sk/img001.jpg,,,,,,,,,,,,,,,,,,,,,,,0,1,en_sk_245_in_bt,,1,,20800,23300,,5,,,,,,,,,,,,,,,,,"21,22","NEW rental,SoftBank 601HW 20GB"
1662,6039,380,163,Insurance [YES] / Additional Battery [YES],151,1,カート用通常フラグ,SoftBank 601HW [BLACK] Standard 20GB,1,,,,,,,,*,sk/img001.jpg,*,sk/img001.jpg,,,,,,,,,,,,,,,,,,,,,,,0,1,en_sk_244_in_bt,,1,,21190,23740,,5,,,,,,,,,,,,,,,,,"21,22","NEW rental,SoftBank 601HW 20GB"
1662,6043,380,164,Insurance [YES] / Additional Battery [YES],152,1,カート用通常フラグ,SoftBank 601HW [BLACK] Standard 20GB,1,,,,,,,,*,sk/img001.jpg,*,sk/img001.jpg,,,,,,,,,,,,,,,,,,,,,,,0,1,en_sk_243_in_bt,,1,,21580,24180,,5,,,,,,,,,,,,,,,,,"21,22","NEW rental,SoftBank 601HW 20GB"
1662,6047,380,165,Insurance [YES] / Additional Battery [YES],153,1,カート用通常フラグ,SoftBank 601HW [BLACK] Standard 20GB,1,,,,,,,,*,sk/img001.jpg,*,sk/img001.jpg,,,,,,,,,,,,,,,,,,,,,,,0,1,en_sk_242_in_bt,,1,,21970,24620,,5,,,,,,,,,,,,,,,,,"21,22","NEW rental,SoftBank 601HW 20GB"
1662,6051,380,166,Insurance [YES] / Additional Battery [YES],154,1,カート用通常フラグ,SoftBank 601HW [BLACK] Standard 20GB,1,,,,,,,,*,sk/img001.jpg,*,sk/img001.jpg,,,,,,,,,,,,,,,,,,,,,,,0,1,en_sk_241_in_bt,,1,,22360,25060,,5,,,,,,,,,,,,,,,,,"21,22","NEW rental,SoftBank 601HW 20GB"
1662,6055,380,167,Insurance [YES] / Additional Battery [YES],155,1,カート用通常フラグ,SoftBank 601HW [BLACK] Standard 20GB,1,,,,,,,,*,sk/img001.jpg,*,sk/img001.jpg,,,,,,,,,,,,,,,,,,,,,,,0,1,en_sk_240_in_bt,,1,,22750,25500,,5,,,,,,,,,,,,,,,,,"21,22","NEW rental,SoftBank 601HW 20GB"
1662,6059,380,168,Insurance [YES] / Additional Battery [YES],156,1,カート用通常フラグ,SoftBank 601HW [BLACK] Standard 20GB,1,,,,,,,,*,sk/img001.jpg,*,sk/img001.jpg,,,,,,,,,,,,,,,,,,,,,,,0,1,en_sk_239_in_bt,,1,,22800,25600,,5,,,,,,,,,,,,,,,,,"21,22","NEW rental,SoftBank 601HW 20GB"
1662,6063,380,169,Insurance [YES] / Additional Battery [YES],157,1,カート用通常フラグ,SoftBank 601HW [BLACK] Standard 20GB,1,,,,,,,,*,sk/img001.jpg,*,sk/img001.jpg,,,,,,,,,,,,,,,,,,,,,,,0,1,en_sk_238_in_bt,,1,,22800,25600,,5,,,,,,,,,,,,,,,,,"21,22","NEW rental,SoftBank 601HW 20GB"
1662,6067,380,170,Insurance [YES] / Additional Battery [YES],158,1,カート用通常フラグ,SoftBank 601HW [BLACK] Standard 20GB,1,,,,,,,,*,sk/img001.jpg,*,sk/img001.jpg,,,,,,,,,,,,,,,,,,,,,,,0,1,en_sk_237_in_bt,,1,,22800,25600,,5,,,,,,,,,,,,,,,,,"21,22","NEW rental,SoftBank 601HW 20GB"
1662,6071,380,171,Insurance [YES] / Additional Battery [YES],159,1,カート用通常フラグ,SoftBank 601HW [BLACK] Standard 20GB,1,,,,,,,,*,sk/img001.jpg,*,sk/img001.jpg,,,,,,,,,,,,,,,,,,,,,,,0,1,en_sk_236_in_bt,,1,,22800,25600,,5,,,,,,,,,,,,,,,,,"21,22","NEW rental,SoftBank 601HW 20GB"
1662,6075,380,172,Insurance [YES] / Additional Battery [YES],160,1,カート用通常フラグ,SoftBank 601HW [BLACK] Standard 20GB,1,,,,,,,,*,sk/img001.jpg,*,sk/img001.jpg,,,,,,,,,,,,,,,,,,,,,,,0,1,en_sk_235_in_bt,,1,,22800,25600,,5,,,,,,,,,,,,,,,,,"21,22","NEW rental,SoftBank 601HW 20GB"
1662,6079,380,173,Insurance [YES] / Additional Battery [YES],161,1,カート用通常フラグ,SoftBank 601HW [BLACK] Standard 20GB,1,,,,,,,,*,sk/img001.jpg,*,sk/img001.jpg,,,,,,,,,,,,,,,,,,,,,,,0,1,en_sk_234_in_bt,,1,,22800,25600,,5,,,,,,,,,,,,,,,,,"21,22","NEW rental,SoftBank 601HW 20GB"
1662,6083,380,174,Insurance [YES] / Additional Battery [YES],162,1,カート用通常フラグ,SoftBank 601HW [BLACK] Standard 20GB,1,,,,,,,,*,sk/img001.jpg,*,sk/img001.jpg,,,,,,,,,,,,,,,,,,,,,,,0,1,en_sk_233_in_bt,,1,,22800,25600,,5,,,,,,,,,,,,,,,,,"21,22","NEW rental,SoftBank 601HW 20GB"
1662,6087,380,175,Insurance [YES] / Additional Battery [YES],163,1,カート用通常フラグ,SoftBank 601HW [BLACK] Standard 20GB,1,,,,,,,,*,sk/img001.jpg,*,sk/img001.jpg,,,,,,,,,,,,,,,,,,,,,,,0,1,en_sk_232_in_bt,,1,,22800,25600,,5,,,,,,,,,,,,,,,,,"21,22","NEW rental,SoftBank 601HW 20GB"
1662,6091,380,176,Insurance [YES] / Additional Battery [YES],164,1,カート用通常フラグ,SoftBank 601HW [BLACK] Standard 20GB,1,,,,,,,,*,sk/img001.jpg,*,sk/img001.jpg,,,,,,,,,,,,,,,,,,,,,,,0,1,en_sk_231_in_bt,,1,,22800,25600,,5,,,,,,,,,,,,,,,,,"21,22","NEW rental,SoftBank 601HW 20GB"
1662,6095,380,177,Insurance [YES] / Additional Battery [YES],165,1,カート用通常フラグ,SoftBank 601HW [BLACK] Standard 20GB,1,,,,,,,,*,sk/img001.jpg,*,sk/img001.jpg,,,,,,,,,,,,,,,,,,,,,,,0,1,en_sk_230_in_bt,,1,,22800,25600,,5,,,,,,,,,,,,,,,,,"21,22","NEW rental,SoftBank 601HW 20GB"
1662,6099,380,178,Insurance [YES] / Additional Battery [YES],166,1,カート用通常フラグ,SoftBank 601HW [BLACK] Standard 20GB,1,,,,,,,,*,sk/img001.jpg,*,sk/img001.jpg,,,,,,,,,,,,,,,,,,,,,,,0,1,en_sk_229_in_bt,,1,,22800,25600,,5,,,,,,,,,,,,,,,,,"21,22","NEW rental,SoftBank 601HW 20GB"
1662,6103,380,179,Insurance [YES] / Additional Battery [YES],167,1,カート用通常フラグ,SoftBank 601HW [BLACK] Standard 20GB,1,,,,,,,,*,sk/img001.jpg,*,sk/img001.jpg,,,,,,,,,,,,,,,,,,,,,,,0,1,en_sk_228_in_bt,,1,,22800,25600,,5,,,,,,,,,,,,,,,,,"21,22","NEW rental,SoftBank 601HW 20GB"
1662,6107,380,180,Insurance [YES] / Additional Battery [YES],168,1,カート用通常フラグ,SoftBank 601HW [BLACK] Standard 20GB,1,,,,,,,,*,sk/img001.jpg,*,sk/img001.jpg,,,,,,,,,,,,,,,,,,,,,,,0,1,en_sk_227_in_bt,,1,,22800,25600,,5,,,,,,,,,,,,,,,,,"21,22","NEW rental,SoftBank 601HW 20GB"
1662,6111,380,181,Insurance [YES] / Additional Battery [YES],169,1,カート用通常フラグ,SoftBank 601HW [BLACK] Standard 20GB,1,,,,,,,,*,sk/img001.jpg,*,sk/img001.jpg,,,,,,,,,,,,,,,,,,,,,,,0,1,en_sk_226_in_bt,,1,,22800,25600,,5,,,,,,,,,,,,,,,,,"21,22","NEW rental,SoftBank 601HW 20GB"
1662,6115,380,182,Insurance [YES] / Additional Battery [YES],170,1,カート用通常フラグ,SoftBank 601HW [BLACK] Standard 20GB,1,,,,,,,,*,sk/img001.jpg,*,sk/img001.jpg,,,,,,,,,,,,,,,,,,,,,,,0,1,en_sk_225_in_bt,,1,,22800,25600,,5,,,,,,,,,,,,,,,,,"21,22","NEW rental,SoftBank 601HW 20GB"
1662,6119,380,183,Insurance [YES] / Additional Battery [YES],171,1,カート用通常フラグ,SoftBank 601HW [BLACK] Standard 20GB,1,,,,,,,,*,sk/img001.jpg,*,sk/img001.jpg,,,,,,,,,,,,,,,,,,,,,,,0,1,en_sk_224_in_bt,,1,,22800,25600,,5,,,,,,,,,,,,,,,,,"21,22","NEW rental,SoftBank 601HW 20GB"
1662,6123,380,184,Insurance [YES] / Additional Battery [YES],172,1,カート用通常フラグ,SoftBank 601HW [BLACK] Standard 20GB,1,,,,,,,,*,sk/img001.jpg,*,sk/img001.jpg,,,,,,,,,,,,,,,,,,,,,,,0,1,en_sk_223_in_bt,,1,,22800,25600,,5,,,,,,,,,,,,,,,,,"21,22","NEW rental,SoftBank 601HW 20GB"
1662,6127,380,185,Insurance [YES] / Additional Battery [YES],173,1,カート用通常フラグ,SoftBank 601HW [BLACK] Standard 20GB,1,,,,,,,,*,sk/img001.jpg,*,sk/img001.jpg,,,,,,,,,,,,,,,,,,,,,,,0,1,en_sk_222_in_bt,,1,,22800,25600,,5,,,,,,,,,,,,,,,,,"21,22","NEW rental,SoftBank 601HW 20GB"
1662,6131,380,186,Insurance [YES] / Additional Battery [YES],174,1,カート用通常フラグ,SoftBank 601HW [BLACK] Standard 20GB,1,,,,,,,,*,sk/img001.jpg,*,sk/img001.jpg,,,,,,,,,,,,,,,,,,,,,,,0,1,en_sk_221_in_bt,,1,,22800,25600,,5,,,,,,,,,,,,,,,,,"21,22","NEW rental,SoftBank 601HW 20GB"
1662,6135,380,187,Insurance [YES] / Additional Battery [YES],175,1,カート用通常フラグ,SoftBank 601HW [BLACK] Standard 20GB,1,,,,,,,,*,sk/img001.jpg,*,sk/img001.jpg,,,,,,,,,,,,,,,,,,,,,,,0,1,en_sk_220_in_bt,,1,,22800,25600,,5,,,,,,,,,,,,,,,,,"21,22","NEW rental,SoftBank 601HW 20GB"
1662,6139,380,188,Insurance [YES] / Additional Battery [YES],176,1,カート用通常フラグ,SoftBank 601HW [BLACK] Standard 20GB,1,,,,,,,,*,sk/img001.jpg,*,sk/img001.jpg,,,,,,,,,,,,,,,,,,,,,,,0,1,en_sk_219_in_bt,,1,,22800,25600,,5,,,,,,,,,,,,,,,,,"21,22","NEW rental,SoftBank 601HW 20GB"
1662,6143,380,189,Insurance [YES] / Additional Battery [YES],177,1,カート用通常フラグ,SoftBank 601HW [BLACK] Standard 20GB,1,,,,,,,,*,sk/img001.jpg,*,sk/img001.jpg,,,,,,,,,,,,,,,,,,,,,,,0,1,en_sk_218_in_bt,,1,,22800,25600,,5,,,,,,,,,,,,,,,,,"21,22","NEW rental,SoftBank 601HW 20GB"
1662,6147,380,190,Insurance [YES] / Additional Battery [YES],178,1,カート用通常フラグ,SoftBank 601HW [BLACK] Standard 20GB,1,,,,,,,,*,sk/img001.jpg,*,sk/img001.jpg,,,,,,,,,,,,,,,,,,,,,,,0,1,en_sk_217_in_bt,,1,,22800,25600,,5,,,,,,,,,,,,,,,,,"21,22","NEW rental,SoftBank 601HW 20GB"
1662,6151,380,191,Insurance [YES] / Additional Battery [YES],179,1,カート用通常フラグ,SoftBank 601HW [BLACK] Standard 20GB,1,,,,,,,,*,sk/img001.jpg,*,sk/img001.jpg,,,,,,,,,,,,,,,,,,,,,,,0,1,en_sk_216_in_bt,,1,,22800,25600,,5,,,,,,,,,,,,,,,,,"21,22","NEW rental,SoftBank 601HW 20GB"
1662,6155,380,192,Insurance [YES] / Additional Battery [YES],180,1,カート用通常フラグ,SoftBank 601HW [BLACK] Standard 20GB,1,,,,,,,,*,sk/img001.jpg,*,sk/img001.jpg,,,,,,,,,,,,,,,,,,,,,,,0,1,en_sk_215_in_bt,,1,,22800,25600,,5,,,,,,,,,,,,,,,,,"21,22","NEW rental,SoftBank 601HW 20GB"
1662,6159,380,193,Insurance [YES] / Additional Battery [YES],181,1,カート用通常フラグ,SoftBank 601HW [BLACK] Standard 20GB,1,,,,,,,,*,sk/img001.jpg,*,sk/img001.jpg,,,,,,,,,,,,,,,,,,,,,,,0,1,en_sk_214_in_bt,,1,,23190,26040,,5,,,,,,,,,,,,,,,,,"21,22","NEW rental,SoftBank 601HW 20GB"
1662,6163,380,194,Insurance [YES] / Additional Battery [YES],182,1,カート用通常フラグ,SoftBank 601HW [BLACK] Standard 20GB,1,,,,,,,,*,sk/img001.jpg,*,sk/img001.jpg,,,,,,,,,,,,,,,,,,,,,,,0,1,en_sk_213_in_bt,,1,,23580,26480,,5,,,,,,,,,,,,,,,,,"21,22","NEW rental,SoftBank 601HW 20GB"
1662,6167,380,195,Insurance [YES] / Additional Battery [YES],183,1,カート用通常フラグ,SoftBank 601HW [BLACK] Standard 20GB,1,,,,,,,,*,sk/img001.jpg,*,sk/img001.jpg,,,,,,,,,,,,,,,,,,,,,,,0,1,en_sk_212_in_bt,,1,,23970,26920,,5,,,,,,,,,,,,,,,,,"21,22","NEW rental,SoftBank 601HW 20GB"
1662,6171,380,196,Insurance [YES] / Additional Battery [YES],184,1,カート用通常フラグ,SoftBank 601HW [BLACK] Standard 20GB,1,,,,,,,,*,sk/img001.jpg,*,sk/img001.jpg,,,,,,,,,,,,,,,,,,,,,,,0,1,en_sk_211_in_bt,,1,,24360,27360,,5,,,,,,,,,,,,,,,,,"21,22","NEW rental,SoftBank 601HW 20GB"
1662,6175,380,197,Insurance [YES] / Additional Battery [YES],185,1,カート用通常フラグ,SoftBank 601HW [BLACK] Standard 20GB,1,,,,,,,,*,sk/img001.jpg,*,sk/img001.jpg,,,,,,,,,,,,,,,,,,,,,,,0,1,en_sk_210_in_bt,,1,,24750,27800,,5,,,,,,,,,,,,,,,,,"21,22","NEW rental,SoftBank 601HW 20GB"
1662,6179,380,198,Insurance [YES] / Additional Battery [YES],186,1,カート用通常フラグ,SoftBank 601HW [BLACK] Standard 20GB,1,,,,,,,,*,sk/img001.jpg,*,sk/img001.jpg,,,,,,,,,,,,,,,,,,,,,,,0,1,en_sk_209_in_bt,,1,,25140,28240,,5,,,,,,,,,,,,,,,,,"21,22","NEW rental,SoftBank 601HW 20GB"
1662,6183,380,199,Insurance [YES] / Additional Battery [YES],187,1,カート用通常フラグ,SoftBank 601HW [BLACK] Standard 20GB,1,,,,,,,,*,sk/img001.jpg,*,sk/img001.jpg,,,,,,,,,,,,,,,,,,,,,,,0,1,en_sk_208_in_bt,,1,,25530,28680,,5,,,,,,,,,,,,,,,,,"21,22","NEW rental,SoftBank 601HW 20GB"
1662,6187,380,200,Insurance [YES] / Additional Battery [YES],188,1,カート用通常フラグ,SoftBank 601HW [BLACK] Standard 20GB,1,,,,,,,,*,sk/img001.jpg,*,sk/img001.jpg,,,,,,,,,,,,,,,,,,,,,,,0,1,en_sk_207_in_bt,,1,,25920,29120,,5,,,,,,,,,,,,,,,,,"21,22","NEW rental,SoftBank 601HW 20GB"
1662,6191,380,201,Insurance [YES] / Additional Battery [YES],189,1,カート用通常フラグ,SoftBank 601HW [BLACK] Standard 20GB,1,,,,,,,,*,sk/img001.jpg,*,sk/img001.jpg,,,,,,,,,,,,,,,,,,,,,,,0,1,en_sk_206_in_bt,,1,,26310,29560,,5,,,,,,,,,,,,,,,,,"21,22","NEW rental,SoftBank 601HW 20GB"
1662,6195,380,202,Insurance [YES] / Additional Battery [YES],190,1,カート用通常フラグ,SoftBank 601HW [BLACK] Standard 20GB,1,,,,,,,,*,sk/img001.jpg,*,sk/img001.jpg,,,,,,,,,,,,,,,,,,,,,,,0,1,en_sk_205_in_bt,,1,,26700,30000,,5,,,,,,,,,,,,,,,,,"21,22","NEW rental,SoftBank 601HW 20GB"
1662,6199,380,203,Insurance [YES] / Additional Battery [YES],191,1,カート用通常フラグ,SoftBank 601HW [BLACK] Standard 20GB,1,,,,,,,,*,sk/img001.jpg,*,sk/img001.jpg,,,,,,,,,,,,,,,,,,,,,,,0,1,en_sk_204_in_bt,,1,,27090,30440,,5,,,,,,,,,,,,,,,,,"21,22","NEW rental,SoftBank 601HW 20GB"
1662,6203,380,204,Insurance [YES] / Additional Battery [YES],192,1,カート用通常フラグ,SoftBank 601HW [BLACK] Standard 20GB,1,,,,,,,,*,sk/img001.jpg,*,sk/img001.jpg,,,,,,,,,,,,,,,,,,,,,,,0,1,en_sk_203_in_bt,,1,,27480,30880,,5,,,,,,,,,,,,,,,,,"21,22","NEW rental,SoftBank 601HW 20GB"
1662,6207,380,205,Insurance [YES] / Additional Battery [YES],193,1,カート用通常フラグ,SoftBank 601HW [BLACK] Standard 20GB,1,,,,,,,,*,sk/img001.jpg,*,sk/img001.jpg,,,,,,,,,,,,,,,,,,,,,,,0,1,en_sk_202_in_bt,,1,,27870,31320,,5,,,,,,,,,,,,,,,,,"21,22","NEW rental,SoftBank 601HW 20GB"
1662,6211,380,206,Insurance [YES] / Additional Battery [YES],194,1,カート用通常フラグ,SoftBank 601HW [BLACK] Standard 20GB,1,,,,,,,,*,sk/img001.jpg,*,sk/img001.jpg,,,,,,,,,,,,,,,,,,,,,,,0,1,en_sk_201_in_bt,,1,,28260,31760,,5,,,,,,,,,,,,,,,,,"21,22","NEW rental,SoftBank 601HW 20GB"
1662,6215,380,207,Insurance [YES] / Additional Battery [YES],195,1,カート用通常フラグ,SoftBank 601HW [BLACK] Standard 20GB,1,,,,,,,,*,sk/img001.jpg,*,sk/img001.jpg,,,,,,,,,,,,,,,,,,,,,,,0,1,en_sk_200_in_bt,,1,,28650,32200,,5,,,,,,,,,,,,,,,,,"21,22","NEW rental,SoftBank 601HW 20GB"
1662,6219,380,208,Insurance [YES] / Additional Battery [YES],196,1,カート用通常フラグ,SoftBank 601HW [BLACK] Standard 20GB,1,,,,,,,,*,sk/img001.jpg,*,sk/img001.jpg,,,,,,,,,,,,,,,,,,,,,,,0,1,en_sk_199_in_bt,,1,,28650,32200,,5,,,,,,,,,,,,,,,,,"21,22","NEW rental,SoftBank 601HW 20GB"
1662,6223,380,209,Insurance [YES] / Additional Battery [YES],197,1,カート用通常フラグ,SoftBank 601HW [BLACK] Standard 20GB,1,,,,,,,,*,sk/img001.jpg,*,sk/img001.jpg,,,,,,,,,,,,,,,,,,,,,,,0,1,en_sk_198_in_bt,,1,,28650,32200,,5,,,,,,,,,,,,,,,,,"21,22","NEW rental,SoftBank 601HW 20GB"
1662,6227,380,210,Insurance [YES] / Additional Battery [YES],198,1,カート用通常フラグ,SoftBank 601HW [BLACK] Standard 20GB,1,,,,,,,,*,sk/img001.jpg,*,sk/img001.jpg,,,,,,,,,,,,,,,,,,,,,,,0,1,en_sk_197_in_bt,,1,,28650,32200,,5,,,,,,,,,,,,,,,,,"21,22","NEW rental,SoftBank 601HW 20GB"
1662,6231,380,211,Insurance [YES] / Additional Battery [YES],199,1,カート用通常フラグ,SoftBank 601HW [BLACK] Standard 20GB,1,,,,,,,,*,sk/img001.jpg,*,sk/img001.jpg,,,,,,,,,,,,,,,,,,,,,,,0,1,en_sk_196_in_bt,,1,,28650,32200,,5,,,,,,,,,,,,,,,,,"21,22","NEW rental,SoftBank 601HW 20GB"
1662,6235,380,212,Insurance [YES] / Additional Battery [YES],200,1,カート用通常フラグ,SoftBank 601HW [BLACK] Standard 20GB,1,,,,,,,,*,sk/img001.jpg,*,sk/img001.jpg,,,,,,,,,,,,,,,,,,,,,,,0,1,en_sk_195_in_bt,,1,,28650,32200,,5,,,,,,,,,,,,,,,,,"21,22","NEW rental,SoftBank 601HW 20GB"
1662,6239,380,213,Insurance [YES] / Additional Battery [YES],201,1,カート用通常フラグ,SoftBank 601HW [BLACK] Standard 20GB,1,,,,,,,,*,sk/img001.jpg,*,sk/img001.jpg,,,,,,,,,,,,,,,,,,,,,,,0,1,en_sk_194_in_bt,,1,,28650,32200,,5,,,,,,,,,,,,,,,,,"21,22","NEW rental,SoftBank 601HW 20GB"
1662,6243,380,214,Insurance [YES] / Additional Battery [YES],202,1,カート用通常フラグ,SoftBank 601HW [BLACK] Standard 20GB,1,,,,,,,,*,sk/img001.jpg,*,sk/img001.jpg,,,,,,,,,,,,,,,,,,,,,,,0,1,en_sk_193_in_bt,,1,,28650,32200,,5,,,,,,,,,,,,,,,,,"21,22","NEW rental,SoftBank 601HW 20GB"
1662,6247,380,215,Insurance [YES] / Additional Battery [YES],203,1,カート用通常フラグ,SoftBank 601HW [BLACK] Standard 20GB,1,,,,,,,,*,sk/img001.jpg,*,sk/img001.jpg,,,,,,,,,,,,,,,,,,,,,,,0,1,en_sk_192_in_bt,,1,,28650,32200,,5,,,,,,,,,,,,,,,,,"21,22","NEW rental,SoftBank 601HW 20GB"
1662,6251,380,216,Insurance [YES] / Additional Battery [YES],204,1,カート用通常フラグ,SoftBank 601HW [BLACK] Standard 20GB,1,,,,,,,,*,sk/img001.jpg,*,sk/img001.jpg,,,,,,,,,,,,,,,,,,,,,,,0,1,en_sk_191_in_bt,,1,,28650,32200,,5,,,,,,,,,,,,,,,,,"21,22","NEW rental,SoftBank 601HW 20GB"
1662,6255,380,217,Insurance [YES] / Additional Battery [YES],205,1,カート用通常フラグ,SoftBank 601HW [BLACK] Standard 20GB,1,,,,,,,,*,sk/img001.jpg,*,sk/img001.jpg,,,,,,,,,,,,,,,,,,,,,,,0,1,en_sk_190_in_bt,,1,,28650,32200,,5,,,,,,,,,,,,,,,,,"21,22","NEW rental,SoftBank 601HW 20GB"
1662,6259,380,218,Insurance [YES] / Additional Battery [YES],206,1,カート用通常フラグ,SoftBank 601HW [BLACK] Standard 20GB,1,,,,,,,,*,sk/img001.jpg,*,sk/img001.jpg,,,,,,,,,,,,,,,,,,,,,,,0,1,en_sk_189_in_bt,,1,,28650,32200,,5,,,,,,,,,,,,,,,,,"21,22","NEW rental,SoftBank 601HW 20GB"
1662,6263,380,219,Insurance [YES] / Additional Battery [YES],207,1,カート用通常フラグ,SoftBank 601HW [BLACK] Standard 20GB,1,,,,,,,,*,sk/img001.jpg,*,sk/img001.jpg,,,,,,,,,,,,,,,,,,,,,,,0,1,en_sk_188_in_bt,,1,,28650,32200,,5,,,,,,,,,,,,,,,,,"21,22","NEW rental,SoftBank 601HW 20GB"
1662,6267,380,220,Insurance [YES] / Additional Battery [YES],208,1,カート用通常フラグ,SoftBank 601HW [BLACK] Standard 20GB,1,,,,,,,,*,sk/img001.jpg,*,sk/img001.jpg,,,,,,,,,,,,,,,,,,,,,,,0,1,en_sk_187_in_bt,,1,,28650,32200,,5,,,,,,,,,,,,,,,,,"21,22","NEW rental,SoftBank 601HW 20GB"
1662,6271,380,221,Insurance [YES] / Additional Battery [YES],209,1,カート用通常フラグ,SoftBank 601HW [BLACK] Standard 20GB,1,,,,,,,,*,sk/img001.jpg,*,sk/img001.jpg,,,,,,,,,,,,,,,,,,,,,,,0,1,en_sk_186_in_bt,,1,,28650,32200,,5,,,,,,,,,,,,,,,,,"21,22","NEW rental,SoftBank 601HW 20GB"
1662,6275,380,222,Insurance [YES] / Additional Battery [YES],210,1,カート用通常フラグ,SoftBank 601HW [BLACK] Standard 20GB,1,,,,,,,,*,sk/img001.jpg,*,sk/img001.jpg,,,,,,,,,,,,,,,,,,,,,,,0,1,en_sk_185_in_bt,,1,,28650,32200,,5,,,,,,,,,,,,,,,,,"21,22","NEW rental,SoftBank 601HW 20GB"
1662,6279,380,223,Insurance [YES] / Additional Battery [YES],211,1,カート用通常フラグ,SoftBank 601HW [BLACK] Standard 20GB,1,,,,,,,,*,sk/img001.jpg,*,sk/img001.jpg,,,,,,,,,,,,,,,,,,,,,,,0,1,en_sk_184_in_bt,,1,,28650,32200,,5,,,,,,,,,,,,,,,,,"21,22","NEW rental,SoftBank 601HW 20GB"
1662,6283,380,224,Insurance [YES] / Additional Battery [YES],212,1,カート用通常フラグ,SoftBank 601HW [BLACK] Standard 20GB,1,,,,,,,,*,sk/img001.jpg,*,sk/img001.jpg,,,,,,,,,,,,,,,,,,,,,,,0,1,en_sk_183_in_bt,,1,,29040,32640,,5,,,,,,,,,,,,,,,,,"21,22","NEW rental,SoftBank 601HW 20GB"
1662,6287,380,225,Insurance [YES] / Additional Battery [YES],213,1,カート用通常フラグ,SoftBank 601HW [BLACK] Standard 20GB,1,,,,,,,,*,sk/img001.jpg,*,sk/img001.jpg,,,,,,,,,,,,,,,,,,,,,,,0,1,en_sk_182_in_bt,,1,,29430,33080,,5,,,,,,,,,,,,,,,,,"21,22","NEW rental,SoftBank 601HW 20GB"
1662,6291,380,226,Insurance [YES] / Additional Battery [YES],214,1,カート用通常フラグ,SoftBank 601HW [BLACK] Standard 20GB,1,,,,,,,,*,sk/img001.jpg,*,sk/img001.jpg,,,,,,,,,,,,,,,,,,,,,,,0,1,en_sk_181_in_bt,,1,,29820,33520,,5,,,,,,,,,,,,,,,,,"21,22","NEW rental,SoftBank 601HW 20GB"
1662,6295,380,227,Insurance [YES] / Additional Battery [YES],215,1,カート用通常フラグ,SoftBank 601HW [BLACK] Standard 20GB,1,,,,,,,,*,sk/img001.jpg,*,sk/img001.jpg,,,,,,,,,,,,,,,,,,,,,,,0,1,en_sk_180_in_bt,,1,,30210,33960,,5,,,,,,,,,,,,,,,,,"21,22","NEW rental,SoftBank 601HW 20GB"
1662,6299,380,228,Insurance [YES] / Additional Battery [YES],216,1,カート用通常フラグ,SoftBank 601HW [BLACK] Standard 20GB,1,,,,,,,,*,sk/img001.jpg,*,sk/img001.jpg,,,,,,,,,,,,,,,,,,,,,,,0,1,en_sk_179_in_bt,,1,,30600,34400,,5,,,,,,,,,,,,,,,,,"21,22","NEW rental,SoftBank 601HW 20GB"
1662,6303,380,229,Insurance [YES] / Additional Battery [YES],217,1,カート用通常フラグ,SoftBank 601HW [BLACK] Standard 20GB,1,,,,,,,,*,sk/img001.jpg,*,sk/img001.jpg,,,,,,,,,,,,,,,,,,,,,,,0,1,en_sk_178_in_bt,,1,,30990,34840,,5,,,,,,,,,,,,,,,,,"21,22","NEW rental,SoftBank 601HW 20GB"
1662,6307,380,230,Insurance [YES] / Additional Battery [YES],218,1,カート用通常フラグ,SoftBank 601HW [BLACK] Standard 20GB,1,,,,,,,,*,sk/img001.jpg,*,sk/img001.jpg,,,,,,,,,,,,,,,,,,,,,,,0,1,en_sk_177_in_bt,,1,,31380,35230,,5,,,,,,,,,,,,,,,,,"21,22","NEW rental,SoftBank 601HW 20GB"
1662,6311,380,231,Insurance [YES] / Additional Battery [YES],219,1,カート用通常フラグ,SoftBank 601HW [BLACK] Standard 20GB,1,,,,,,,,*,sk/img001.jpg,*,sk/img001.jpg,,,,,,,,,,,,,,,,,,,,,,,0,1,en_sk_176_in_bt,,1,,31770,35620,,5,,,,,,,,,,,,,,,,,"21,22","NEW rental,SoftBank 601HW 20GB"
1662,6315,380,232,Insurance [YES] / Additional Battery [YES],220,1,カート用通常フラグ,SoftBank 601HW [BLACK] Standard 20GB,1,,,,,,,,*,sk/img001.jpg,*,sk/img001.jpg,,,,,,,,,,,,,,,,,,,,,,,0,1,en_sk_175_in_bt,,1,,32160,36010,,5,,,,,,,,,,,,,,,,,"21,22","NEW rental,SoftBank 601HW 20GB"
1662,6319,380,233,Insurance [YES] / Additional Battery [YES],221,1,カート用通常フラグ,SoftBank 601HW [BLACK] Standard 20GB,1,,,,,,,,*,sk/img001.jpg,*,sk/img001.jpg,,,,,,,,,,,,,,,,,,,,,,,0,1,en_sk_174_in_bt,,1,,32550,36400,,5,,,,,,,,,,,,,,,,,"21,22","NEW rental,SoftBank 601HW 20GB"
1662,6323,380,234,Insurance [YES] / Additional Battery [YES],222,1,カート用通常フラグ,SoftBank 601HW [BLACK] Standard 20GB,1,,,,,,,,*,sk/img001.jpg,*,sk/img001.jpg,,,,,,,,,,,,,,,,,,,,,,,0,1,en_sk_173_in_bt,,1,,32940,36790,,5,,,,,,,,,,,,,,,,,"21,22","NEW rental,SoftBank 601HW 20GB"
1662,6327,380,235,Insurance [YES] / Additional Battery [YES],223,1,カート用通常フラグ,SoftBank 601HW [BLACK] Standard 20GB,1,,,,,,,,*,sk/img001.jpg,*,sk/img001.jpg,,,,,,,,,,,,,,,,,,,,,,,0,1,en_sk_172_in_bt,,1,,33200,37050,,5,,,,,,,,,,,,,,,,,"21,22","NEW rental,SoftBank 601HW 20GB"
1662,6331,380,236,Insurance [YES] / Additional Battery [YES],224,1,カート用通常フラグ,SoftBank 601HW [BLACK] Standard 20GB,1,,,,,,,,*,sk/img001.jpg,*,sk/img001.jpg,,,,,,,,,,,,,,,,,,,,,,,0,1,en_sk_171_in_bt,,1,,33200,37050,,5,,,,,,,,,,,,,,,,,"21,22","NEW rental,SoftBank 601HW 20GB"
1662,6335,380,237,Insurance [YES] / Additional Battery [YES],225,1,カート用通常フラグ,SoftBank 601HW [BLACK] Standard 20GB,1,,,,,,,,*,sk/img001.jpg,*,sk/img001.jpg,,,,,,,,,,,,,,,,,,,,,,,0,1,en_sk_170_in_bt,,1,,33200,37050,,5,,,,,,,,,,,,,,,,,"21,22","NEW rental,SoftBank 601HW 20GB"
1662,6339,380,238,Insurance [YES] / Additional Battery [YES],226,1,カート用通常フラグ,SoftBank 601HW [BLACK] Standard 20GB,1,,,,,,,,*,sk/img001.jpg,*,sk/img001.jpg,,,,,,,,,,,,,,,,,,,,,,,0,1,en_sk_169_in_bt,,1,,33200,37050,,5,,,,,,,,,,,,,,,,,"21,22","NEW rental,SoftBank 601HW 20GB"
1662,6343,380,239,Insurance [YES] / Additional Battery [YES],227,1,カート用通常フラグ,SoftBank 601HW [BLACK] Standard 20GB,1,,,,,,,,*,sk/img001.jpg,*,sk/img001.jpg,,,,,,,,,,,,,,,,,,,,,,,0,1,en_sk_168_in_bt,,1,,33200,37050,,5,,,,,,,,,,,,,,,,,"21,22","NEW rental,SoftBank 601HW 20GB"
1662,6347,380,240,Insurance [YES] / Additional Battery [YES],228,1,カート用通常フラグ,SoftBank 601HW [BLACK] Standard 20GB,1,,,,,,,,*,sk/img001.jpg,*,sk/img001.jpg,,,,,,,,,,,,,,,,,,,,,,,0,1,en_sk_167_in_bt,,1,,33200,37050,,5,,,,,,,,,,,,,,,,,"21,22","NEW rental,SoftBank 601HW 20GB"
1662,6351,380,241,Insurance [YES] / Additional Battery [YES],229,1,カート用通常フラグ,SoftBank 601HW [BLACK] Standard 20GB,1,,,,,,,,*,sk/img001.jpg,*,sk/img001.jpg,,,,,,,,,,,,,,,,,,,,,,,0,1,en_sk_166_in_bt,,1,,33200,37050,,5,,,,,,,,,,,,,,,,,"21,22","NEW rental,SoftBank 601HW 20GB"
1662,6355,380,242,Insurance [YES] / Additional Battery [YES],230,1,カート用通常フラグ,SoftBank 601HW [BLACK] Standard 20GB,1,,,,,,,,*,sk/img001.jpg,*,sk/img001.jpg,,,,,,,,,,,,,,,,,,,,,,,0,1,en_sk_165_in_bt,,1,,33200,37050,,5,,,,,,,,,,,,,,,,,"21,22","NEW rental,SoftBank 601HW 20GB"
1662,6359,380,243,Insurance [YES] / Additional Battery [YES],231,1,カート用通常フラグ,SoftBank 601HW [BLACK] Standard 20GB,1,,,,,,,,*,sk/img001.jpg,*,sk/img001.jpg,,,,,,,,,,,,,,,,,,,,,,,0,1,en_sk_164_in_bt,,1,,33200,37050,,5,,,,,,,,,,,,,,,,,"21,22","NEW rental,SoftBank 601HW 20GB"
1662,6363,380,244,Insurance [YES] / Additional Battery [YES],232,1,カート用通常フラグ,SoftBank 601HW [BLACK] Standard 20GB,1,,,,,,,,*,sk/img001.jpg,*,sk/img001.jpg,,,,,,,,,,,,,,,,,,,,,,,0,1,en_sk_163_in_bt,,1,,33200,37050,,5,,,,,,,,,,,,,,,,,"21,22","NEW rental,SoftBank 601HW 20GB"
1662,6367,380,245,Insurance [YES] / Additional Battery [YES],233,1,カート用通常フラグ,SoftBank 601HW [BLACK] Standard 20GB,1,,,,,,,,*,sk/img001.jpg,*,sk/img001.jpg,,,,,,,,,,,,,,,,,,,,,,,0,1,en_sk_162_in_bt,,1,,33200,37050,,5,,,,,,,,,,,,,,,,,"21,22","NEW rental,SoftBank 601HW 20GB"
1662,6371,380,246,Insurance [YES] / Additional Battery [YES],234,1,カート用通常フラグ,SoftBank 601HW [BLACK] Standard 20GB,1,,,,,,,,*,sk/img001.jpg,*,sk/img001.jpg,,,,,,,,,,,,,,,,,,,,,,,0,1,en_sk_161_in_bt,,1,,33200,37050,,5,,,,,,,,,,,,,,,,,"21,22","NEW rental,SoftBank 601HW 20GB"
1662,6375,380,247,Insurance [YES] / Additional Battery [YES],235,1,カート用通常フラグ,SoftBank 601HW [BLACK] Standard 20GB,1,,,,,,,,*,sk/img001.jpg,*,sk/img001.jpg,,,,,,,,,,,,,,,,,,,,,,,0,1,en_sk_160_in_bt,,1,,33200,37050,,5,,,,,,,,,,,,,,,,,"21,22","NEW rental,SoftBank 601HW 20GB"
1662,6379,380,248,Insurance [YES] / Additional Battery [YES],236,1,カート用通常フラグ,SoftBank 601HW [BLACK] Standard 20GB,1,,,,,,,,*,sk/img001.jpg,*,sk/img001.jpg,,,,,,,,,,,,,,,,,,,,,,,0,1,en_sk_159_in_bt,,1,,33200,37050,,5,,,,,,,,,,,,,,,,,"21,22","NEW rental,SoftBank 601HW 20GB"
1662,6383,380,249,Insurance [YES] / Additional Battery [YES],237,1,カート用通常フラグ,SoftBank 601HW [BLACK] Standard 20GB,1,,,,,,,,*,sk/img001.jpg,*,sk/img001.jpg,,,,,,,,,,,,,,,,,,,,,,,0,1,en_sk_158_in_bt,,1,,33200,37050,,5,,,,,,,,,,,,,,,,,"21,22","NEW rental,SoftBank 601HW 20GB"
1662,6387,380,250,Insurance [YES] / Additional Battery [YES],238,1,カート用通常フラグ,SoftBank 601HW [BLACK] Standard 20GB,1,,,,,,,,*,sk/img001.jpg,*,sk/img001.jpg,,,,,,,,,,,,,,,,,,,,,,,0,1,en_sk_157_in_bt,,1,,33200,37050,,5,,,,,,,,,,,,,,,,,"21,22","NEW rental,SoftBank 601HW 20GB"
1662,6391,380,251,Insurance [YES] / Additional Battery [YES],239,1,カート用通常フラグ,SoftBank 601HW [BLACK] Standard 20GB,1,,,,,,,,*,sk/img001.jpg,*,sk/img001.jpg,,,,,,,,,,,,,,,,,,,,,,,0,1,en_sk_156_in_bt,,1,,33200,37050,,5,,,,,,,,,,,,,,,,,"21,22","NEW rental,SoftBank 601HW 20GB"
1662,6395,380,252,Insurance [YES] / Additional Battery [YES],240,1,カート用通常フラグ,SoftBank 601HW [BLACK] Standard 20GB,1,,,,,,,,*,sk/img001.jpg,*,sk/img001.jpg,,,,,,,,,,,,,,,,,,,,,,,0,1,en_sk_155_in_bt,,1,,33200,37050,,5,,,,,,,,,,,,,,,,,"21,22","NEW rental,SoftBank 601HW 20GB"
1662,6399,380,253,Insurance [YES] / Additional Battery [YES],241,1,カート用通常フラグ,SoftBank 601HW [BLACK] Standard 20GB,1,,,,,,,,*,sk/img001.jpg,*,sk/img001.jpg,,,,,,,,,,,,,,,,,,,,,,,0,1,en_sk_154_in_bt,,1,,33200,37050,,5,,,,,,,,,,,,,,,,,"21,22","NEW rental,SoftBank 601HW 20GB"
1662,6403,380,254,Insurance [YES] / Additional Battery [YES],242,1,カート用通常フラグ,SoftBank 601HW [BLACK] Standard 20GB,1,,,,,,,,*,sk/img001.jpg,*,sk/img001.jpg,,,,,,,,,,,,,,,,,,,,,,,0,1,en_sk_153_in_bt,,1,,33590,37490,,5,,,,,,,,,,,,,,,,,"21,22","NEW rental,SoftBank 601HW 20GB"
1662,6407,380,255,Insurance [YES] / Additional Battery [YES],243,1,カート用通常フラグ,SoftBank 601HW [BLACK] Standard 20GB,1,,,,,,,,*,sk/img001.jpg,*,sk/img001.jpg,,,,,,,,,,,,,,,,,,,,,,,0,1,en_sk_152_in_bt,,1,,33980,37930,,5,,,,,,,,,,,,,,,,,"21,22","NEW rental,SoftBank 601HW 20GB"
1662,6411,380,256,Insurance [YES] / Additional Battery [YES],244,1,カート用通常フラグ,SoftBank 601HW [BLACK] Standard 20GB,1,,,,,,,,*,sk/img001.jpg,*,sk/img001.jpg,,,,,,,,,,,,,,,,,,,,,,,0,1,en_sk_151_in_bt,,1,,34370,38370,,5,,,,,,,,,,,,,,,,,"21,22","NEW rental,SoftBank 601HW 20GB"
1662,6415,380,257,Insurance [YES] / Additional Battery [YES],245,1,カート用通常フラグ,SoftBank 601HW [BLACK] Standard 20GB,1,,,,,,,,*,sk/img001.jpg,*,sk/img001.jpg,,,,,,,,,,,,,,,,,,,,,,,0,1,en_sk_150_in_bt,,1,,34760,38810,,5,,,,,,,,,,,,,,,,,"21,22","NEW rental,SoftBank 601HW 20GB"
1662,6419,380,258,Insurance [YES] / Additional Battery [YES],246,1,カート用通常フラグ,SoftBank 601HW [BLACK] Standard 20GB,1,,,,,,,,*,sk/img001.jpg,*,sk/img001.jpg,,,,,,,,,,,,,,,,,,,,,,,0,1,en_sk_149_in_bt,,1,,35150,39250,,5,,,,,,,,,,,,,,,,,"21,22","NEW rental,SoftBank 601HW 20GB"
1662,6423,380,259,Insurance [YES] / Additional Battery [YES],247,1,カート用通常フラグ,SoftBank 601HW [BLACK] Standard 20GB,1,,,,,,,,*,sk/img001.jpg,*,sk/img001.jpg,,,,,,,,,,,,,,,,,,,,,,,0,1,en_sk_148_in_bt,,1,,35540,39690,,5,,,,,,,,,,,,,,,,,"21,22","NEW rental,SoftBank 601HW 20GB"
1662,6427,380,260,Insurance [YES] / Additional Battery [YES],248,1,カート用通常フラグ,SoftBank 601HW [BLACK] Standard 20GB,1,,,,,,,,*,sk/img001.jpg,*,sk/img001.jpg,,,,,,,,,,,,,,,,,,,,,,,0,1,en_sk_147_in_bt,,1,,35930,40080,,5,,,,,,,,,,,,,,,,,"21,22","NEW rental,SoftBank 601HW 20GB"
1662,6431,380,261,Insurance [YES] / Additional Battery [YES],249,1,カート用通常フラグ,SoftBank 601HW [BLACK] Standard 20GB,1,,,,,,,,*,sk/img001.jpg,*,sk/img001.jpg,,,,,,,,,,,,,,,,,,,,,,,0,1,en_sk_146_in_bt,,1,,36320,40470,,5,,,,,,,,,,,,,,,,,"21,22","NEW rental,SoftBank 601HW 20GB"
1662,6435,380,262,Insurance [YES] / Additional Battery [YES],250,1,カート用通常フラグ,SoftBank 601HW [BLACK] Standard 20GB,1,,,,,,,,*,sk/img001.jpg,*,sk/img001.jpg,,,,,,,,,,,,,,,,,,,,,,,0,1,en_sk_145_in_bt,,1,,36710,40860,,5,,,,,,,,,,,,,,,,,"21,22","NEW rental,SoftBank 601HW 20GB"
1662,6439,380,263,Insurance [YES] / Additional Battery [YES],251,1,カート用通常フラグ,SoftBank 601HW [BLACK] Standard 20GB,1,,,,,,,,*,sk/img001.jpg,*,sk/img001.jpg,,,,,,,,,,,,,,,,,,,,,,,0,1,en_sk_144_in_bt,,1,,37100,41250,,5,,,,,,,,,,,,,,,,,"21,22","NEW rental,SoftBank 601HW 20GB"
1662,6443,380,264,Insurance [YES] / Additional Battery [YES],252,1,カート用通常フラグ,SoftBank 601HW [BLACK] Standard 20GB,1,,,,,,,,*,sk/img001.jpg,*,sk/img001.jpg,,,,,,,,,,,,,,,,,,,,,,,0,1,en_sk_143_in_bt,,1,,37400,41550,,5,,,,,,,,,,,,,,,,,"21,22","NEW rental,SoftBank 601HW 20GB"
1662,6447,380,265,Insurance [YES] / Additional Battery [YES],253,1,カート用通常フラグ,SoftBank 601HW [BLACK] Standard 20GB,1,,,,,,,,*,sk/img001.jpg,*,sk/img001.jpg,,,,,,,,,,,,,,,,,,,,,,,0,1,en_sk_142_in_bt,,1,,37400,41550,,5,,,,,,,,,,,,,,,,,"21,22","NEW rental,SoftBank 601HW 20GB"
1662,6451,380,266,Insurance [YES] / Additional Battery [YES],254,1,カート用通常フラグ,SoftBank 601HW [BLACK] Standard 20GB,1,,,,,,,,*,sk/img001.jpg,*,sk/img001.jpg,,,,,,,,,,,,,,,,,,,,,,,0,1,en_sk_141_in_bt,,1,,37400,41550,,5,,,,,,,,,,,,,,,,,"21,22","NEW rental,SoftBank 601HW 20GB"
1662,6455,380,267,Insurance [YES] / Additional Battery [YES],255,1,カート用通常フラグ,SoftBank 601HW [BLACK] Standard 20GB,1,,,,,,,,*,sk/img001.jpg,*,sk/img001.jpg,,,,,,,,,,,,,,,,,,,,,,,0,1,en_sk_140_in_bt,,1,,37400,41550,,5,,,,,,,,,,,,,,,,,"21,22","NEW rental,SoftBank 601HW 20GB"
1662,6459,380,268,Insurance [YES] / Additional Battery [YES],256,1,カート用通常フラグ,SoftBank 601HW [BLACK] Standard 20GB,1,,,,,,,,*,sk/img001.jpg,*,sk/img001.jpg,,,,,,,,,,,,,,,,,,,,,,,0,1,en_sk_139_in_bt,,1,,37400,41550,,5,,,,,,,,,,,,,,,,,"21,22","NEW rental,SoftBank 601HW 20GB"
1662,6463,380,269,Insurance [YES] / Additional Battery [YES],257,1,カート用通常フラグ,SoftBank 601HW [BLACK] Standard 20GB,1,,,,,,,,*,sk/img001.jpg,*,sk/img001.jpg,,,,,,,,,,,,,,,,,,,,,,,0,1,en_sk_138_in_bt,,1,,37400,41550,,5,,,,,,,,,,,,,,,,,"21,22","NEW rental,SoftBank 601HW 20GB"
1662,6467,380,270,Insurance [YES] / Additional Battery [YES],258,1,カート用通常フラグ,SoftBank 601HW [BLACK] Standard 20GB,1,,,,,,,,*,sk/img001.jpg,*,sk/img001.jpg,,,,,,,,,,,,,,,,,,,,,,,0,1,en_sk_137_in_bt,,1,,37400,41550,,5,,,,,,,,,,,,,,,,,"21,22","NEW rental,SoftBank 601HW 20GB"
1662,6471,380,271,Insurance [YES] / Additional Battery [YES],259,1,カート用通常フラグ,SoftBank 601HW [BLACK] Standard 20GB,1,,,,,,,,*,sk/img001.jpg,*,sk/img001.jpg,,,,,,,,,,,,,,,,,,,,,,,0,1,en_sk_136_in_bt,,1,,37400,41550,,5,,,,,,,,,,,,,,,,,"21,22","NEW rental,SoftBank 601HW 20GB"
1662,6475,380,272,Insurance [YES] / Additional Battery [YES],260,1,カート用通常フラグ,SoftBank 601HW [BLACK] Standard 20GB,1,,,,,,,,*,sk/img001.jpg,*,sk/img001.jpg,,,,,,,,,,,,,,,,,,,,,,,0,1,en_sk_135_in_bt,,1,,37400,41550,,5,,,,,,,,,,,,,,,,,"21,22","NEW rental,SoftBank 601HW 20GB"
1662,6479,380,273,Insurance [YES] / Additional Battery [YES],261,1,カート用通常フラグ,SoftBank 601HW [BLACK] Standard 20GB,1,,,,,,,,*,sk/img001.jpg,*,sk/img001.jpg,,,,,,,,,,,,,,,,,,,,,,,0,1,en_sk_134_in_bt,,1,,37400,41550,,5,,,,,,,,,,,,,,,,,"21,22","NEW rental,SoftBank 601HW 20GB"
1662,6483,380,274,Insurance [YES] / Additional Battery [YES],262,1,カート用通常フラグ,SoftBank 601HW [BLACK] Standard 20GB,1,,,,,,,,*,sk/img001.jpg,*,sk/img001.jpg,,,,,,,,,,,,,,,,,,,,,,,0,1,en_sk_133_in_bt,,1,,37400,41550,,5,,,,,,,,,,,,,,,,,"21,22","NEW rental,SoftBank 601HW 20GB"
1662,6487,380,275,Insurance [YES] / Additional Battery [YES],263,1,カート用通常フラグ,SoftBank 601HW [BLACK] Standard 20GB,1,,,,,,,,*,sk/img001.jpg,*,sk/img001.jpg,,,,,,,,,,,,,,,,,,,,,,,0,1,en_sk_132_in_bt,,1,,37400,41550,,5,,,,,,,,,,,,,,,,,"21,22","NEW rental,SoftBank 601HW 20GB"
1662,6491,380,276,Insurance [YES] / Additional Battery [YES],264,1,カート用通常フラグ,SoftBank 601HW [BLACK] Standard 20GB,1,,,,,,,,*,sk/img001.jpg,*,sk/img001.jpg,,,,,,,,,,,,,,,,,,,,,,,0,1,en_sk_131_in_bt,,1,,37400,41550,,5,,,,,,,,,,,,,,,,,"21,22","NEW rental,SoftBank 601HW 20GB"
1662,6495,380,277,Insurance [YES] / Additional Battery [YES],265,1,カート用通常フラグ,SoftBank 601HW [BLACK] Standard 20GB,1,,,,,,,,*,sk/img001.jpg,*,sk/img001.jpg,,,,,,,,,,,,,,,,,,,,,,,0,1,en_sk_130_in_bt,,1,,37400,41550,,5,,,,,,,,,,,,,,,,,"21,22","NEW rental,SoftBank 601HW 20GB"
1662,6499,380,278,Insurance [YES] / Additional Battery [YES],266,1,カート用通常フラグ,SoftBank 601HW [BLACK] Standard 20GB,1,,,,,,,,*,sk/img001.jpg,*,sk/img001.jpg,,,,,,,,,,,,,,,,,,,,,,,0,1,en_sk_129_in_bt,,1,,37400,41550,,5,,,,,,,,,,,,,,,,,"21,22","NEW rental,SoftBank 601HW 20GB"
1662,6503,380,279,Insurance [YES] / Additional Battery [YES],267,1,カート用通常フラグ,SoftBank 601HW [BLACK] Standard 20GB,1,,,,,,,,*,sk/img001.jpg,*,sk/img001.jpg,,,,,,,,,,,,,,,,,,,,,,,0,1,en_sk_128_in_bt,,1,,37400,41550,,5,,,,,,,,,,,,,,,,,"21,22","NEW rental,SoftBank 601HW 20GB"
1662,6507,380,280,Insurance [YES] / Additional Battery [YES],268,1,カート用通常フラグ,SoftBank 601HW [BLACK] Standard 20GB,1,,,,,,,,*,sk/img001.jpg,*,sk/img001.jpg,,,,,,,,,,,,,,,,,,,,,,,0,1,en_sk_127_in_bt,,1,,37400,41550,,5,,,,,,,,,,,,,,,,,"21,22","NEW rental,SoftBank 601HW 20GB"
1662,6511,380,281,Insurance [YES] / Additional Battery [YES],269,1,カート用通常フラグ,SoftBank 601HW [BLACK] Standard 20GB,1,,,,,,,,*,sk/img001.jpg,*,sk/img001.jpg,,,,,,,,,,,,,,,,,,,,,,,0,1,en_sk_126_in_bt,,1,,37400,41550,,5,,,,,,,,,,,,,,,,,"21,22","NEW rental,SoftBank 601HW 20GB"
1662,6515,380,282,Insurance [YES] / Additional Battery [YES],270,1,カート用通常フラグ,SoftBank 601HW [BLACK] Standard 20GB,1,,,,,,,,*,sk/img001.jpg,*,sk/img001.jpg,,,,,,,,,,,,,,,,,,,,,,,0,1,en_sk_125_in_bt,,1,,37400,41550,,5,,,,,,,,,,,,,,,,,"21,22","NEW rental,SoftBank 601HW 20GB"
1662,6519,380,283,Insurance [YES] / Additional Battery [YES],271,1,カート用通常フラグ,SoftBank 601HW [BLACK] Standard 20GB,1,,,,,,,,*,sk/img001.jpg,*,sk/img001.jpg,,,,,,,,,,,,,,,,,,,,,,,0,1,en_sk_124_in_bt,,1,,37400,41550,,5,,,,,,,,,,,,,,,,,"21,22","NEW rental,SoftBank 601HW 20GB"
1662,6523,380,284,Insurance [YES] / Additional Battery [YES],272,1,カート用通常フラグ,SoftBank 601HW [BLACK] Standard 20GB,1,,,,,,,,*,sk/img001.jpg,*,sk/img001.jpg,,,,,,,,,,,,,,,,,,,,,,,0,1,en_sk_123_in_bt,,1,,37790,41990,,5,,,,,,,,,,,,,,,,,"21,22","NEW rental,SoftBank 601HW 20GB"
1662,6527,380,285,Insurance [YES] / Additional Battery [YES],273,1,カート用通常フラグ,SoftBank 601HW [BLACK] Standard 20GB,1,,,,,,,,*,sk/img001.jpg,*,sk/img001.jpg,,,,,,,,,,,,,,,,,,,,,,,0,1,en_sk_122_in_bt,,1,,38180,42430,,5,,,,,,,,,,,,,,,,,"21,22","NEW rental,SoftBank 601HW 20GB"
1662,6531,380,286,Insurance [YES] / Additional Battery [YES],274,1,カート用通常フラグ,SoftBank 601HW [BLACK] Standard 20GB,1,,,,,,,,*,sk/img001.jpg,*,sk/img001.jpg,,,,,,,,,,,,,,,,,,,,,,,0,1,en_sk_121_in_bt,,1,,38570,42870,,5,,,,,,,,,,,,,,,,,"21,22","NEW rental,SoftBank 601HW 20GB"
1662,6535,380,287,Insurance [YES] / Additional Battery [YES],275,1,カート用通常フラグ,SoftBank 601HW [BLACK] Standard 20GB,1,,,,,,,,*,sk/img001.jpg,*,sk/img001.jpg,,,,,,,,,,,,,,,,,,,,,,,0,1,en_sk_120_in_bt,,1,,38960,43310,,5,,,,,,,,,,,,,,,,,"21,22","NEW rental,SoftBank 601HW 20GB"
1662,6539,380,288,Insurance [YES] / Additional Battery [YES],276,1,カート用通常フラグ,SoftBank 601HW [BLACK] Standard 20GB,1,,,,,,,,*,sk/img001.jpg,*,sk/img001.jpg,,,,,,,,,,,,,,,,,,,,,,,0,1,en_sk_119_in_bt,,1,,39350,43750,,5,,,,,,,,,,,,,,,,,"21,22","NEW rental,SoftBank 601HW 20GB"
1662,6543,380,289,Insurance [YES] / Additional Battery [YES],277,1,カート用通常フラグ,SoftBank 601HW [BLACK] Standard 20GB,1,,,,,,,,*,sk/img001.jpg,*,sk/img001.jpg,,,,,,,,,,,,,,,,,,,,,,,0,1,en_sk_118_in_bt,,1,,39740,44190,,5,,,,,,,,,,,,,,,,,"21,22","NEW rental,SoftBank 601HW 20GB"
1662,6547,380,290,Insurance [YES] / Additional Battery [YES],278,1,カート用通常フラグ,SoftBank 601HW [BLACK] Standard 20GB,1,,,,,,,,*,sk/img001.jpg,*,sk/img001.jpg,,,,,,,,,,,,,,,,,,,,,,,0,1,en_sk_117_in_bt,,1,,40130,44580,,5,,,,,,,,,,,,,,,,,"21,22","NEW rental,SoftBank 601HW 20GB"
1662,6551,380,291,Insurance [YES] / Additional Battery [YES],279,1,カート用通常フラグ,SoftBank 601HW [BLACK] Standard 20GB,1,,,,,,,,*,sk/img001.jpg,*,sk/img001.jpg,,,,,,,,,,,,,,,,,,,,,,,0,1,en_sk_116_in_bt,,1,,40520,44970,,5,,,,,,,,,,,,,,,,,"21,22","NEW rental,SoftBank 601HW 20GB"
1662,6555,380,292,Insurance [YES] / Additional Battery [YES],280,1,カート用通常フラグ,SoftBank 601HW [BLACK] Standard 20GB,1,,,,,,,,*,sk/img001.jpg,*,sk/img001.jpg,,,,,,,,,,,,,,,,,,,,,,,0,1,en_sk_115_in_bt,,1,,40910,45360,,5,,,,,,,,,,,,,,,,,"21,22","NEW rental,SoftBank 601HW 20GB"
1662,6559,380,293,Insurance [YES] / Additional Battery [YES],281,1,カート用通常フラグ,SoftBank 601HW [BLACK] Standard 20GB,1,,,,,,,,*,sk/img001.jpg,*,sk/img001.jpg,,,,,,,,,,,,,,,,,,,,,,,0,1,en_sk_114_in_bt,,1,,41300,45750,,5,,,,,,,,,,,,,,,,,"21,22","NEW rental,SoftBank 601HW 20GB"
1662,6563,380,294,Insurance [YES] / Additional Battery [YES],282,1,カート用通常フラグ,SoftBank 601HW [BLACK] Standard 20GB,1,,,,,,,,*,sk/img001.jpg,*,sk/img001.jpg,,,,,,,,,,,,,,,,,,,,,,,0,1,en_sk_113_in_bt,,1,,41600,46050,,5,,,,,,,,,,,,,,,,,"21,22","NEW rental,SoftBank 601HW 20GB"
1662,6567,380,295,Insurance [YES] / Additional Battery [YES],283,1,カート用通常フラグ,SoftBank 601HW [BLACK] Standard 20GB,1,,,,,,,,*,sk/img001.jpg,*,sk/img001.jpg,,,,,,,,,,,,,,,,,,,,,,,0,1,en_sk_112_in_bt,,1,,41600,46050,,5,,,,,,,,,,,,,,,,,"21,22","NEW rental,SoftBank 601HW 20GB"
1662,6571,380,296,Insurance [YES] / Additional Battery [YES],284,1,カート用通常フラグ,SoftBank 601HW [BLACK] Standard 20GB,1,,,,,,,,*,sk/img001.jpg,*,sk/img001.jpg,,,,,,,,,,,,,,,,,,,,,,,0,1,en_sk_111_in_bt,,1,,41600,46050,,5,,,,,,,,,,,,,,,,,"21,22","NEW rental,SoftBank 601HW 20GB"
1662,6575,380,297,Insurance [YES] / Additional Battery [YES],285,1,カート用通常フラグ,SoftBank 601HW [BLACK] Standard 20GB,1,,,,,,,,*,sk/img001.jpg,*,sk/img001.jpg,,,,,,,,,,,,,,,,,,,,,,,0,1,en_sk_110_in_bt,,1,,41600,46050,,5,,,,,,,,,,,,,,,,,"21,22","NEW rental,SoftBank 601HW 20GB"
1662,6579,380,298,Insurance [YES] / Additional Battery [YES],286,1,カート用通常フラグ,SoftBank 601HW [BLACK] Standard 20GB,1,,,,,,,,*,sk/img001.jpg,*,sk/img001.jpg,,,,,,,,,,,,,,,,,,,,,,,0,1,en_sk_109_in_bt,,1,,41600,46050,,5,,,,,,,,,,,,,,,,,"21,22","NEW rental,SoftBank 601HW 20GB"
1662,6583,380,299,Insurance [YES] / Additional Battery [YES],287,1,カート用通常フラグ,SoftBank 601HW [BLACK] Standard 20GB,1,,,,,,,,*,sk/img001.jpg,*,sk/img001.jpg,,,,,,,,,,,,,,,,,,,,,,,0,1,en_sk_108_in_bt,,1,,41600,46050,,5,,,,,,,,,,,,,,,,,"21,22","NEW rental,SoftBank 601HW 20GB"
1662,6587,380,300,Insurance [YES] / Additional Battery [YES],288,1,カート用通常フラグ,SoftBank 601HW [BLACK] Standard 20GB,1,,,,,,,,*,sk/img001.jpg,*,sk/img001.jpg,,,,,,,,,,,,,,,,,,,,,,,0,1,en_sk_107_in_bt,,1,,41600,46050,,5,,,,,,,,,,,,,,,,,"21,22","NEW rental,SoftBank 601HW 20GB"
1662,6591,380,301,Insurance [YES] / Additional Battery [YES],289,1,カート用通常フラグ,SoftBank 601HW [BLACK] Standard 20GB,1,,,,,,,,*,sk/img001.jpg,*,sk/img001.jpg,,,,,,,,,,,,,,,,,,,,,,,0,1,en_sk_106_in_bt,,1,,41600,46050,,5,,,,,,,,,,,,,,,,,"21,22","NEW rental,SoftBank 601HW 20GB"
1662,6595,380,302,Insurance [YES] / Additional Battery [YES],290,1,カート用通常フラグ,SoftBank 601HW [BLACK] Standard 20GB,1,,,,,,,,*,sk/img001.jpg,*,sk/img001.jpg,,,,,,,,,,,,,,,,,,,,,,,0,1,en_sk_105_in_bt,,1,,41600,46050,,5,,,,,,,,,,,,,,,,,"21,22","NEW rental,SoftBank 601HW 20GB"
1662,6599,380,303,Insurance [YES] / Additional Battery [YES],291,1,カート用通常フラグ,SoftBank 601HW [BLACK] Standard 20GB,1,,,,,,,,*,sk/img001.jpg,*,sk/img001.jpg,,,,,,,,,,,,,,,,,,,,,,,0,1,en_sk_104_in_bt,,1,,41600,46050,,5,,,,,,,,,,,,,,,,,"21,22","NEW rental,SoftBank 601HW 20GB"
1662,6603,380,304,Insurance [YES] / Additional Battery [YES],292,1,カート用通常フラグ,SoftBank 601HW [BLACK] Standard 20GB,1,,,,,,,,*,sk/img001.jpg,*,sk/img001.jpg,,,,,,,,,,,,,,,,,,,,,,,0,1,en_sk_103_in_bt,,1,,41600,46050,,5,,,,,,,,,,,,,,,,,"21,22","NEW rental,SoftBank 601HW 20GB"
1662,6607,380,305,Insurance [YES] / Additional Battery [YES],293,1,カート用通常フラグ,SoftBank 601HW [BLACK] Standard 20GB,1,,,,,,,,*,sk/img001.jpg,*,sk/img001.jpg,,,,,,,,,,,,,,,,,,,,,,,0,1,en_sk_102_in_bt,,1,,41600,46050,,5,,,,,,,,,,,,,,,,,"21,22","NEW rental,SoftBank 601HW 20GB"
1662,6611,380,306,Insurance [YES] / Additional Battery [YES],294,1,カート用通常フラグ,SoftBank 601HW [BLACK] Standard 20GB,1,,,,,,,,*,sk/img001.jpg,*,sk/img001.jpg,,,,,,,,,,,,,,,,,,,,,,,0,1,en_sk_101_in_bt,,1,,41600,46050,,5,,,,,,,,,,,,,,,,,"21,22","NEW rental,SoftBank 601HW 20GB"
1662,6615,380,307,Insurance [YES] / Additional Battery [YES],295,1,カート用通常フラグ,SoftBank 601HW [BLACK] Standard 20GB,1,,,,,,,,*,sk/img001.jpg,*,sk/img001.jpg,,,,,,,,,,,,,,,,,,,,,,,0,1,en_sk_100_in_bt,,1,,41600,46050,,5,,,,,,,,,,,,,,,,,"21,22","NEW rental,SoftBank 601HW 20GB"
1662,6619,380,308,Insurance [YES] / Additional Battery [YES],296,1,カート用通常フラグ,SoftBank 601HW [BLACK] Standard 20GB,1,,,,,,,,*,sk/img001.jpg,*,sk/img001.jpg,,,,,,,,,,,,,,,,,,,,,,,0,1,en_sk_099_in_bt,,1,,41600,46050,,5,,,,,,,,,,,,,,,,,"21,22","NEW rental,SoftBank 601HW 20GB"
1662,6623,380,309,Insurance [YES] / Additional Battery [YES],297,1,カート用通常フラグ,SoftBank 601HW [BLACK] Standard 20GB,1,,,,,,,,*,sk/img001.jpg,*,sk/img001.jpg,,,,,,,,,,,,,,,,,,,,,,,0,1,en_sk_098_in_bt,,1,,41600,46050,,5,,,,,,,,,,,,,,,,,"21,22","NEW rental,SoftBank 601HW 20GB"
1662,6627,380,310,Insurance [YES] / Additional Battery [YES],298,1,カート用通常フラグ,SoftBank 601HW [BLACK] Standard 20GB,1,,,,,,,,*,sk/img001.jpg,*,sk/img001.jpg,,,,,,,,,,,,,,,,,,,,,,,0,1,en_sk_097_in_bt,,1,,41600,46050,,5,,,,,,,,,,,,,,,,,"21,22","NEW rental,SoftBank 601HW 20GB"
1662,6631,380,311,Insurance [YES] / Additional Battery [YES],299,1,カート用通常フラグ,SoftBank 601HW [BLACK] Standard 20GB,1,,,,,,,,*,sk/img001.jpg,*,sk/img001.jpg,,,,,,,,,,,,,,,,,,,,,,,0,1,en_sk_096_in_bt,,1,,41600,46050,,5,,,,,,,,,,,,,,,,,"21,22","NEW rental,SoftBank 601HW 20GB"
1662,6635,380,312,Insurance [YES] / Additional Battery [YES],300,1,カート用通常フラグ,SoftBank 601HW [BLACK] Standard 20GB,1,,,,,,,,*,sk/img001.jpg,*,sk/img001.jpg,,,,,,,,,,,,,,,,,,,,,,,0,1,en_sk_095_in_bt,,1,,41600,46050,,5,,,,,,,,,,,,,,,,,"21,22","NEW rental,SoftBank 601HW 20GB"
1662,6639,380,313,Insurance [YES] / Additional Battery [YES],301,1,カート用通常フラグ,SoftBank 601HW [BLACK] Standard 20GB,1,,,,,,,,*,sk/img001.jpg,*,sk/img001.jpg,,,,,,,,,,,,,,,,,,,,,,,0,1,en_sk_094_in_bt,,1,,41600,46050,,5,,,,,,,,,,,,,,,,,"21,22","NEW rental,SoftBank 601HW 20GB"
1662,6643,380,314,Insurance [YES] / Additional Battery [YES],302,1,カート用通常フラグ,SoftBank 601HW [BLACK] Standard 20GB,1,,,,,,,,*,sk/img001.jpg,*,sk/img001.jpg,,,,,,,,,,,,,,,,,,,,,,,0,1,en_sk_093_in_bt,,1,,41990,46490,,5,,,,,,,,,,,,,,,,,"21,22","NEW rental,SoftBank 601HW 20GB"
1662,6647,380,315,Insurance [YES] / Additional Battery [YES],303,1,カート用通常フラグ,SoftBank 601HW [BLACK] Standard 20GB,1,,,,,,,,*,sk/img001.jpg,*,sk/img001.jpg,,,,,,,,,,,,,,,,,,,,,,,0,1,en_sk_092_in_bt,,1,,42380,46930,,5,,,,,,,,,,,,,,,,,"21,22","NEW rental,SoftBank 601HW 20GB"
1662,6651,380,316,Insurance [YES] / Additional Battery [YES],304,1,カート用通常フラグ,SoftBank 601HW [BLACK] Standard 20GB,1,,,,,,,,*,sk/img001.jpg,*,sk/img001.jpg,,,,,,,,,,,,,,,,,,,,,,,0,1,en_sk_091_in_bt,,1,,42770,47370,,5,,,,,,,,,,,,,,,,,"21,22","NEW rental,SoftBank 601HW 20GB"
1662,6655,380,317,Insurance [YES] / Additional Battery [YES],305,1,カート用通常フラグ,SoftBank 601HW [BLACK] Standard 20GB,1,,,,,,,,*,sk/img001.jpg,*,sk/img001.jpg,,,,,,,,,,,,,,,,,,,,,,,0,1,en_sk_090_in_bt,,1,,43160,47810,,5,,,,,,,,,,,,,,,,,"21,22","NEW rental,SoftBank 601HW 20GB"
1662,6659,380,318,Insurance [YES] / Additional Battery [YES],306,1,カート用通常フラグ,SoftBank 601HW [BLACK] Standard 20GB,1,,,,,,,,*,sk/img001.jpg,*,sk/img001.jpg,,,,,,,,,,,,,,,,,,,,,,,0,1,en_sk_089_in_bt,,1,,43550,48250,,5,,,,,,,,,,,,,,,,,"21,22","NEW rental,SoftBank 601HW 20GB"
1662,6663,380,319,Insurance [YES] / Additional Battery [YES],307,1,カート用通常フラグ,SoftBank 601HW [BLACK] Standard 20GB,1,,,,,,,,*,sk/img001.jpg,*,sk/img001.jpg,,,,,,,,,,,,,,,,,,,,,,,0,1,en_sk_088_in_bt,,1,,43600,48350,,5,,,,,,,,,,,,,,,,,"21,22","NEW rental,SoftBank 601HW 20GB"
1662,6667,380,320,Insurance [YES] / Additional Battery [YES],308,1,カート用通常フラグ,SoftBank 601HW [BLACK] Standard 20GB,1,,,,,,,,*,sk/img001.jpg,*,sk/img001.jpg,,,,,,,,,,,,,,,,,,,,,,,0,1,en_sk_087_in_bt,,1,,43600,48350,,5,,,,,,,,,,,,,,,,,"21,22","NEW rental,SoftBank 601HW 20GB"
1662,6671,380,321,Insurance [YES] / Additional Battery [YES],309,1,カート用通常フラグ,SoftBank 601HW [BLACK] Standard 20GB,1,,,,,,,,*,sk/img001.jpg,*,sk/img001.jpg,,,,,,,,,,,,,,,,,,,,,,,0,1,en_sk_086_in_bt,,1,,43600,48350,,5,,,,,,,,,,,,,,,,,"21,22","NEW rental,SoftBank 601HW 20GB"
1662,6675,380,322,Insurance [YES] / Additional Battery [YES],310,1,カート用通常フラグ,SoftBank 601HW [BLACK] Standard 20GB,1,,,,,,,,*,sk/img001.jpg,*,sk/img001.jpg,,,,,,,,,,,,,,,,,,,,,,,0,1,en_sk_085_in_bt,,1,,43600,48350,,5,,,,,,,,,,,,,,,,,"21,22","NEW rental,SoftBank 601HW 20GB"
1662,6679,380,323,Insurance [YES] / Additional Battery [YES],311,1,カート用通常フラグ,SoftBank 601HW [BLACK] Standard 20GB,1,,,,,,,,*,sk/img001.jpg,*,sk/img001.jpg,,,,,,,,,,,,,,,,,,,,,,,0,1,en_sk_084_in_bt,,1,,43600,48350,,5,,,,,,,,,,,,,,,,,"21,22","NEW rental,SoftBank 601HW 20GB"
1662,6683,380,324,Insurance [YES] / Additional Battery [YES],312,1,カート用通常フラグ,SoftBank 601HW [BLACK] Standard 20GB,1,,,,,,,,*,sk/img001.jpg,*,sk/img001.jpg,,,,,,,,,,,,,,,,,,,,,,,0,1,en_sk_083_in_bt,,1,,43600,48350,,5,,,,,,,,,,,,,,,,,"21,22","NEW rental,SoftBank 601HW 20GB"
1662,6687,380,325,Insurance [YES] / Additional Battery [YES],313,1,カート用通常フラグ,SoftBank 601HW [BLACK] Standard 20GB,1,,,,,,,,*,sk/img001.jpg,*,sk/img001.jpg,,,,,,,,,,,,,,,,,,,,,,,0,1,en_sk_082_in_bt,,1,,43600,48350,,5,,,,,,,,,,,,,,,,,"21,22","NEW rental,SoftBank 601HW 20GB"
1662,6691,380,326,Insurance [YES] / Additional Battery [YES],314,1,カート用通常フラグ,SoftBank 601HW [BLACK] Standard 20GB,1,,,,,,,,*,sk/img001.jpg,*,sk/img001.jpg,,,,,,,,,,,,,,,,,,,,,,,0,1,en_sk_081_in_bt,,1,,43600,48350,,5,,,,,,,,,,,,,,,,,"21,22","NEW rental,SoftBank 601HW 20GB"
1662,6695,380,327,Insurance [YES] / Additional Battery [YES],315,1,カート用通常フラグ,SoftBank 601HW [BLACK] Standard 20GB,1,,,,,,,,*,sk/img001.jpg,*,sk/img001.jpg,,,,,,,,,,,,,,,,,,,,,,,0,1,en_sk_080_in_bt,,1,,43600,48350,,5,,,,,,,,,,,,,,,,,"21,22","NEW rental,SoftBank 601HW 20GB"
1662,6699,380,328,Insurance [YES] / Additional Battery [YES],316,1,カート用通常フラグ,SoftBank 601HW [BLACK] Standard 20GB,1,,,,,,,,*,sk/img001.jpg,*,sk/img001.jpg,,,,,,,,,,,,,,,,,,,,,,,0,1,en_sk_079_in_bt,,1,,43600,48350,,5,,,,,,,,,,,,,,,,,"21,22","NEW rental,SoftBank 601HW 20GB"
1662,6703,380,329,Insurance [YES] / Additional Battery [YES],317,1,カート用通常フラグ,SoftBank 601HW [BLACK] Standard 20GB,1,,,,,,,,*,sk/img001.jpg,*,sk/img001.jpg,,,,,,,,,,,,,,,,,,,,,,,0,1,en_sk_078_in_bt,,1,,43600,48350,,5,,,,,,,,,,,,,,,,,"21,22","NEW rental,SoftBank 601HW 20GB"
1662,6707,380,330,Insurance [YES] / Additional Battery [YES],318,1,カート用通常フラグ,SoftBank 601HW [BLACK] Standard 20GB,1,,,,,,,,*,sk/img001.jpg,*,sk/img001.jpg,,,,,,,,,,,,,,,,,,,,,,,0,1,en_sk_077_in_bt,,1,,43600,48350,,5,,,,,,,,,,,,,,,,,"21,22","NEW rental,SoftBank 601HW 20GB"
1662,6711,380,331,Insurance [YES] / Additional Battery [YES],319,1,カート用通常フラグ,SoftBank 601HW [BLACK] Standard 20GB,1,,,,,,,,*,sk/img001.jpg,*,sk/img001.jpg,,,,,,,,,,,,,,,,,,,,,,,0,1,en_sk_076_in_bt,,1,,43600,48350,,5,,,,,,,,,,,,,,,,,"21,22","NEW rental,SoftBank 601HW 20GB"
1662,6715,380,332,Insurance [YES] / Additional Battery [YES],320,1,カート用通常フラグ,SoftBank 601HW [BLACK] Standard 20GB,1,,,,,,,,*,sk/img001.jpg,*,sk/img001.jpg,,,,,,,,,,,,,,,,,,,,,,,0,1,en_sk_075_in_bt,,1,,43600,48350,,5,,,,,,,,,,,,,,,,,"21,22","NEW rental,SoftBank 601HW 20GB"
1662,6719,380,333,Insurance [YES] / Additional Battery [YES],321,1,カート用通常フラグ,SoftBank 601HW [BLACK] Standard 20GB,1,,,,,,,,*,sk/img001.jpg,*,sk/img001.jpg,,,,,,,,,,,,,,,,,,,,,,,0,1,en_sk_074_in_bt,,1,,43600,48350,,5,,,,,,,,,,,,,,,,,"21,22","NEW rental,SoftBank 601HW 20GB"
1662,6723,380,334,Insurance [YES] / Additional Battery [YES],322,1,カート用通常フラグ,SoftBank 601HW [BLACK] Standard 20GB,1,,,,,,,,*,sk/img001.jpg,*,sk/img001.jpg,,,,,,,,,,,,,,,,,,,,,,,0,1,en_sk_073_in_bt,,1,,43600,48350,,5,,,,,,,,,,,,,,,,,"21,22","NEW rental,SoftBank 601HW 20GB"
1662,6727,380,335,Insurance [YES] / Additional Battery [YES],323,1,カート用通常フラグ,SoftBank 601HW [BLACK] Standard 20GB,1,,,,,,,,*,sk/img001.jpg,*,sk/img001.jpg,,,,,,,,,,,,,,,,,,,,,,,0,1,en_sk_072_in_bt,,1,,43600,48350,,5,,,,,,,,,,,,,,,,,"21,22","NEW rental,SoftBank 601HW 20GB"
1662,6731,380,336,Insurance [YES] / Additional Battery [YES],324,1,カート用通常フラグ,SoftBank 601HW [BLACK] Standard 20GB,1,,,,,,,,*,sk/img001.jpg,*,sk/img001.jpg,,,,,,,,,,,,,,,,,,,,,,,0,1,en_sk_071_in_bt,,1,,43600,48350,,5,,,,,,,,,,,,,,,,,"21,22","NEW rental,SoftBank 601HW 20GB"
1662,6735,380,337,Insurance [YES] / Additional Battery [YES],325,1,カート用通常フラグ,SoftBank 601HW [BLACK] Standard 20GB,1,,,,,,,,*,sk/img001.jpg,*,sk/img001.jpg,,,,,,,,,,,,,,,,,,,,,,,0,1,en_sk_070_in_bt,,1,,43600,48350,,5,,,,,,,,,,,,,,,,,"21,22","NEW rental,SoftBank 601HW 20GB"
1662,6739,380,338,Insurance [YES] / Additional Battery [YES],326,1,カート用通常フラグ,SoftBank 601HW [BLACK] Standard 20GB,1,,,,,,,,*,sk/img001.jpg,*,sk/img001.jpg,,,,,,,,,,,,,,,,,,,,,,,0,1,en_sk_069_in_bt,,1,,43600,48350,,5,,,,,,,,,,,,,,,,,"21,22","NEW rental,SoftBank 601HW 20GB"
1662,6743,380,339,Insurance [YES] / Additional Battery [YES],327,1,カート用通常フラグ,SoftBank 601HW [BLACK] Standard 20GB,1,,,,,,,,*,sk/img001.jpg,*,sk/img001.jpg,,,,,,,,,,,,,,,,,,,,,,,0,1,en_sk_068_in_bt,,1,,43600,48350,,5,,,,,,,,,,,,,,,,,"21,22","NEW rental,SoftBank 601HW 20GB"
1662,6747,380,340,Insurance [YES] / Additional Battery [YES],328,1,カート用通常フラグ,SoftBank 601HW [BLACK] Standard 20GB,1,,,,,,,,*,sk/img001.jpg,*,sk/img001.jpg,,,,,,,,,,,,,,,,,,,,,,,0,1,en_sk_067_in_bt,,1,,43600,48350,,5,,,,,,,,,,,,,,,,,"21,22","NEW rental,SoftBank 601HW 20GB"
1662,6751,380,341,Insurance [YES] / Additional Battery [YES],329,1,カート用通常フラグ,SoftBank 601HW [BLACK] Standard 20GB,1,,,,,,,,*,sk/img001.jpg,*,sk/img001.jpg,,,,,,,,,,,,,,,,,,,,,,,0,1,en_sk_066_in_bt,,1,,43600,48350,,5,,,,,,,,,,,,,,,,,"21,22","NEW rental,SoftBank 601HW 20GB"
1662,6755,380,342,Insurance [YES] / Additional Battery [YES],330,1,カート用通常フラグ,SoftBank 601HW [BLACK] Standard 20GB,1,,,,,,,,*,sk/img001.jpg,*,sk/img001.jpg,,,,,,,,,,,,,,,,,,,,,,,0,1,en_sk_065_in_bt,,1,,43600,48350,,5,,,,,,,,,,,,,,,,,"21,22","NEW rental,SoftBank 601HW 20GB"
1662,6759,380,343,Insurance [YES] / Additional Battery [YES],331,1,カート用通常フラグ,SoftBank 601HW [BLACK] Standard 20GB,1,,,,,,,,*,sk/img001.jpg,*,sk/img001.jpg,,,,,,,,,,,,,,,,,,,,,,,0,1,en_sk_064_in_bt,,1,,43600,48350,,5,,,,,,,,,,,,,,,,,"21,22","NEW rental,SoftBank 601HW 20GB"
1662,6763,380,344,Insurance [YES] / Additional Battery [YES],332,1,カート用通常フラグ,SoftBank 601HW [BLACK] Standard 20GB,1,,,,,,,,*,sk/img001.jpg,*,sk/img001.jpg,,,,,,,,,,,,,,,,,,,,,,,0,1,en_sk_063_in_bt,,1,,43990,48790,,5,,,,,,,,,,,,,,,,,"21,22","NEW rental,SoftBank 601HW 20GB"
1662,6767,380,345,Insurance [YES] / Additional Battery [YES],333,1,カート用通常フラグ,SoftBank 601HW [BLACK] Standard 20GB,1,,,,,,,,*,sk/img001.jpg,*,sk/img001.jpg,,,,,,,,,,,,,,,,,,,,,,,0,1,en_sk_062_in_bt,,1,,44380,49230,,5,,,,,,,,,,,,,,,,,"21,22","NEW rental,SoftBank 601HW 20GB"
1662,6771,380,346,Insurance [YES] / Additional Battery [YES],334,1,カート用通常フラグ,SoftBank 601HW [BLACK] Standard 20GB,1,,,,,,,,*,sk/img001.jpg,*,sk/img001.jpg,,,,,,,,,,,,,,,,,,,,,,,0,1,en_sk_061_in_bt,,1,,44770,49670,,5,,,,,,,,,,,,,,,,,"21,22","NEW rental,SoftBank 601HW 20GB"
1662,6775,380,347,Insurance [YES] / Additional Battery [YES],335,1,カート用通常フラグ,SoftBank 601HW [BLACK] Standard 20GB,1,,,,,,,,*,sk/img001.jpg,*,sk/img001.jpg,,,,,,,,,,,,,,,,,,,,,,,0,1,en_sk_060_in_bt,,1,,45160,50110,,5,,,,,,,,,,,,,,,,,"21,22","NEW rental,SoftBank 601HW 20GB"
1662,6779,380,348,Insurance [YES] / Additional Battery [YES],336,1,カート用通常フラグ,SoftBank 601HW [BLACK] Standard 20GB,1,,,,,,,,*,sk/img001.jpg,*,sk/img001.jpg,,,,,,,,,,,,,,,,,,,,,,,0,1,en_sk_059_in_bt,,1,,45550,50550,,5,,,,,,,,,,,,,,,,,"21,22","NEW rental,SoftBank 601HW 20GB"
1662,6783,380,349,Insurance [YES] / Additional Battery [YES],337,1,カート用通常フラグ,SoftBank 601HW [BLACK] Standard 20GB,1,,,,,,,,*,sk/img001.jpg,*,sk/img001.jpg,,,,,,,,,,,,,,,,,,,,,,,0,1,en_sk_058_in_bt,,1,,45600,50650,,5,,,,,,,,,,,,,,,,,"21,22","NEW rental,SoftBank 601HW 20GB"
1662,6787,380,350,Insurance [YES] / Additional Battery [YES],338,1,カート用通常フラグ,SoftBank 601HW [BLACK] Standard 20GB,1,,,,,,,,*,sk/img001.jpg,*,sk/img001.jpg,,,,,,,,,,,,,,,,,,,,,,,0,1,en_sk_057_in_bt,,1,,45600,50650,,5,,,,,,,,,,,,,,,,,"21,22","NEW rental,SoftBank 601HW 20GB"
1662,6791,380,351,Insurance [YES] / Additional Battery [YES],339,1,カート用通常フラグ,SoftBank 601HW [BLACK] Standard 20GB,1,,,,,,,,*,sk/img001.jpg,*,sk/img001.jpg,,,,,,,,,,,,,,,,,,,,,,,0,1,en_sk_056_in_bt,,1,,45600,50650,,5,,,,,,,,,,,,,,,,,"21,22","NEW rental,SoftBank 601HW 20GB"
1662,6795,380,352,Insurance [YES] / Additional Battery [YES],340,1,カート用通常フラグ,SoftBank 601HW [BLACK] Standard 20GB,1,,,,,,,,*,sk/img001.jpg,*,sk/img001.jpg,,,,,,,,,,,,,,,,,,,,,,,0,1,en_sk_055_in_bt,,1,,45600,50650,,5,,,,,,,,,,,,,,,,,"21,22","NEW rental,SoftBank 601HW 20GB"
1662,6799,380,353,Insurance [YES] / Additional Battery [YES],341,1,カート用通常フラグ,SoftBank 601HW [BLACK] Standard 20GB,1,,,,,,,,*,sk/img001.jpg,*,sk/img001.jpg,,,,,,,,,,,,,,,,,,,,,,,0,1,en_sk_054_in_bt,,1,,45600,50650,,5,,,,,,,,,,,,,,,,,"21,22","NEW rental,SoftBank 601HW 20GB"
1662,6803,380,354,Insurance [YES] / Additional Battery [YES],342,1,カート用通常フラグ,SoftBank 601HW [BLACK] Standard 20GB,1,,,,,,,,*,sk/img001.jpg,*,sk/img001.jpg,,,,,,,,,,,,,,,,,,,,,,,0,1,en_sk_053_in_bt,,1,,45600,50650,,5,,,,,,,,,,,,,,,,,"21,22","NEW rental,SoftBank 601HW 20GB"
1662,6807,380,355,Insurance [YES] / Additional Battery [YES],343,1,カート用通常フラグ,SoftBank 601HW [BLACK] Standard 20GB,1,,,,,,,,*,sk/img001.jpg,*,sk/img001.jpg,,,,,,,,,,,,,,,,,,,,,,,0,1,en_sk_052_in_bt,,1,,45600,50650,,5,,,,,,,,,,,,,,,,,"21,22","NEW rental,SoftBank 601HW 20GB"
1662,6811,380,356,Insurance [YES] / Additional Battery [YES],344,1,カート用通常フラグ,SoftBank 601HW [BLACK] Standard 20GB,1,,,,,,,,*,sk/img001.jpg,*,sk/img001.jpg,,,,,,,,,,,,,,,,,,,,,,,0,1,en_sk_051_in_bt,,1,,45600,50650,,5,,,,,,,,,,,,,,,,,"21,22","NEW rental,SoftBank 601HW 20GB"
1662,6815,380,357,Insurance [YES] / Additional Battery [YES],345,1,カート用通常フラグ,SoftBank 601HW [BLACK] Standard 20GB,1,,,,,,,,*,sk/img001.jpg,*,sk/img001.jpg,,,,,,,,,,,,,,,,,,,,,,,0,1,en_sk_050_in_bt,,1,,45600,50650,,5,,,,,,,,,,,,,,,,,"21,22","NEW rental,SoftBank 601HW 20GB"
1662,6819,380,358,Insurance [YES] / Additional Battery [YES],346,1,カート用通常フラグ,SoftBank 601HW [BLACK] Standard 20GB,1,,,,,,,,*,sk/img001.jpg,*,sk/img001.jpg,,,,,,,,,,,,,,,,,,,,,,,0,1,en_sk_049_in_bt,,1,,45600,50650,,5,,,,,,,,,,,,,,,,,"21,22","NEW rental,SoftBank 601HW 20GB"
1662,6823,380,359,Insurance [YES] / Additional Battery [YES],347,1,カート用通常フラグ,SoftBank 601HW [BLACK] Standard 20GB,1,,,,,,,,*,sk/img001.jpg,*,sk/img001.jpg,,,,,,,,,,,,,,,,,,,,,,,0,1,en_sk_048_in_bt,,1,,45600,50650,,5,,,,,,,,,,,,,,,,,"21,22","NEW rental,SoftBank 601HW 20GB"
1662,6827,380,360,Insurance [YES] / Additional Battery [YES],348,1,カート用通常フラグ,SoftBank 601HW [BLACK] Standard 20GB,1,,,,,,,,*,sk/img001.jpg,*,sk/img001.jpg,,,,,,,,,,,,,,,,,,,,,,,0,1,en_sk_047_in_bt,,1,,45600,50650,,5,,,,,,,,,,,,,,,,,"21,22","NEW rental,SoftBank 601HW 20GB"
1662,6831,380,361,Insurance [YES] / Additional Battery [YES],349,1,カート用通常フラグ,SoftBank 601HW [BLACK] Standard 20GB,1,,,,,,,,*,sk/img001.jpg,*,sk/img001.jpg,,,,,,,,,,,,,,,,,,,,,,,0,1,en_sk_046_in_bt,,1,,45600,50650,,5,,,,,,,,,,,,,,,,,"21,22","NEW rental,SoftBank 601HW 20GB"
1662,6835,380,362,Insurance [YES] / Additional Battery [YES],350,1,カート用通常フラグ,SoftBank 601HW [BLACK] Standard 20GB,1,,,,,,,,*,sk/img001.jpg,*,sk/img001.jpg,,,,,,,,,,,,,,,,,,,,,,,0,1,en_sk_045_in_bt,,1,,45600,50650,,5,,,,,,,,,,,,,,,,,"21,22","NEW rental,SoftBank 601HW 20GB"
1662,6839,380,363,Insurance [YES] / Additional Battery [YES],351,1,カート用通常フラグ,SoftBank 601HW [BLACK] Standard 20GB,1,,,,,,,,*,sk/img001.jpg,*,sk/img001.jpg,,,,,,,,,,,,,,,,,,,,,,,0,1,en_sk_044_in_bt,,1,,45600,50650,,5,,,,,,,,,,,,,,,,,"21,22","NEW rental,SoftBank 601HW 20GB"
1662,6843,380,364,Insurance [YES] / Additional Battery [YES],352,1,カート用通常フラグ,SoftBank 601HW [BLACK] Standard 20GB,1,,,,,,,,*,sk/img001.jpg,*,sk/img001.jpg,,,,,,,,,,,,,,,,,,,,,,,0,1,en_sk_043_in_bt,,1,,45600,50650,,5,,,,,,,,,,,,,,,,,"21,22","NEW rental,SoftBank 601HW 20GB"
1662,6847,380,365,Insurance [YES] / Additional Battery [YES],353,1,カート用通常フラグ,SoftBank 601HW [BLACK] Standard 20GB,1,,,,,,,,*,sk/img001.jpg,*,sk/img001.jpg,,,,,,,,,,,,,,,,,,,,,,,0,1,en_sk_042_in_bt,,1,,45600,50650,,5,,,,,,,,,,,,,,,,,"21,22","NEW rental,SoftBank 601HW 20GB"
1662,6851,380,366,Insurance [YES] / Additional Battery [YES],354,1,カート用通常フラグ,SoftBank 601HW [BLACK] Standard 20GB,1,,,,,,,,*,sk/img001.jpg,*,sk/img001.jpg,,,,,,,,,,,,,,,,,,,,,,,0,1,en_sk_041_in_bt,,1,,45600,50650,,5,,,,,,,,,,,,,,,,,"21,22","NEW rental,SoftBank 601HW 20GB"
1662,6855,380,367,Insurance [YES] / Additional Battery [YES],355,1,カート用通常フラグ,SoftBank 601HW [BLACK] Standard 20GB,1,,,,,,,,*,sk/img001.jpg,*,sk/img001.jpg,,,,,,,,,,,,,,,,,,,,,,,0,1,en_sk_040_in_bt,,1,,45600,50650,,5,,,,,,,,,,,,,,,,,"21,22","NEW rental,SoftBank 601HW 20GB"
1662,6859,380,368,Insurance [YES] / Additional Battery [YES],356,1,カート用通常フラグ,SoftBank 601HW [BLACK] Standard 20GB,1,,,,,,,,*,sk/img001.jpg,*,sk/img001.jpg,,,,,,,,,,,,,,,,,,,,,,,0,1,en_sk_039_in_bt,,1,,45600,50650,,5,,,,,,,,,,,,,,,,,"21,22","NEW rental,SoftBank 601HW 20GB"
1662,6863,380,369,Insurance [YES] / Additional Battery [YES],357,1,カート用通常フラグ,SoftBank 601HW [BLACK] Standard 20GB,1,,,,,,,,*,sk/img001.jpg,*,sk/img001.jpg,,,,,,,,,,,,,,,,,,,,,,,0,1,en_sk_038_in_bt,,1,,45600,50650,,5,,,,,,,,,,,,,,,,,"21,22","NEW rental,SoftBank 601HW 20GB"
1662,6867,380,370,Insurance [YES] / Additional Battery [YES],358,1,カート用通常フラグ,SoftBank 601HW [BLACK] Standard 20GB,1,,,,,,,,*,sk/img001.jpg,*,sk/img001.jpg,,,,,,,,,,,,,,,,,,,,,,,0,1,en_sk_037_in_bt,,1,,45600,50650,,5,,,,,,,,,,,,,,,,,"21,22","NEW rental,SoftBank 601HW 20GB"
1662,6871,380,371,Insurance [YES] / Additional Battery [YES],359,1,カート用通常フラグ,SoftBank 601HW [BLACK] Standard 20GB,1,,,,,,,,*,sk/img001.jpg,*,sk/img001.jpg,,,,,,,,,,,,,,,,,,,,,,,0,1,en_sk_036_in_bt,,1,,45600,50650,,5,,,,,,,,,,,,,,,,,"21,22","NEW rental,SoftBank 601HW 20GB"
1662,6875,380,372,Insurance [YES] / Additional Battery [YES],360,1,カート用通常フラグ,SoftBank 601HW [BLACK] Standard 20GB,1,,,,,,,,*,sk/img001.jpg,*,sk/img001.jpg,,,,,,,,,,,,,,,,,,,,,,,0,1,en_sk_035_in_bt,,1,,45600,50650,,5,,,,,,,,,,,,,,,,,"21,22","NEW rental,SoftBank 601HW 20GB"
1662,6879,380,373,Insurance [YES] / Additional Battery [YES],361,1,カート用通常フラグ,SoftBank 601HW [BLACK] Standard 20GB,1,,,,,,,,*,sk/img001.jpg,*,sk/img001.jpg,,,,,,,,,,,,,,,,,,,,,,,0,1,en_sk_034_in_bt,,1,,45600,50650,,5,,,,,,,,,,,,,,,,,"21,22","NEW rental,SoftBank 601HW 20GB"
1662,6883,380,374,Insurance [YES] / Additional Battery [YES],362,1,カート用通常フラグ,SoftBank 601HW [BLACK] Standard 20GB,1,,,,,,,,*,sk/img001.jpg,*,sk/img001.jpg,,,,,,,,,,,,,,,,,,,,,,,0,1,en_sk_033_in_bt,,1,,45990,51090,,5,,,,,,,,,,,,,,,,,"21,22","NEW rental,SoftBank 601HW 20GB"
1662,6887,380,375,Insurance [YES] / Additional Battery [YES],363,1,カート用通常フラグ,SoftBank 601HW [BLACK] Standard 20GB,1,,,,,,,,*,sk/img001.jpg,*,sk/img001.jpg,,,,,,,,,,,,,,,,,,,,,,,0,1,en_sk_032_in_bt,,1,,46380,51530,,5,,,,,,,,,,,,,,,,,"21,22","NEW rental,SoftBank 601HW 20GB"
1662,6891,380,376,Insurance [YES] / Additional Battery [YES],364,1,カート用通常フラグ,SoftBank 601HW [BLACK] Standard 20GB,1,,,,,,,,*,sk/img001.jpg,*,sk/img001.jpg,,,,,,,,,,,,,,,,,,,,,,,0,1,en_sk_031_in_bt,,1,,46770,51970,,5,,,,,,,,,,,,,,,,,"21,22","NEW rental,SoftBank 601HW 20GB"