商品ID,商品規格ID,親規格分類ID,規格分類ID,親規格分類名,規格分類名,メーカーID,メーカー名,商品名,表示ステータス(公開・非公開),メーカーURL(コメント1),コメント2,検索ワード(コメント3),コメント4,コメント5,コメント6,備考欄(SHOP専用),一覧-メインコメント,一覧-メイン画像,詳細-メインコメント,詳細-メイン画像,詳細-メイン拡大画像,詳細-サブタイトル(1),詳細-サブコメント(1),詳細-サブ画像(1),詳細-サブ拡大画像(1),詳細-サブタイトル(2),詳細-サブコメント(2),詳細-サブ画像(2),詳細-サブ拡大画像(2),詳細-サブタイトル(3),詳細-サブコメント(3),詳細-サブ画像(3),詳細-サブ拡大画像(3),詳細-サブタイトル(4),詳細-サブコメント(4),詳細-サブ画像(4),詳細-サブ拡大画像(4),詳細-サブタイトル(5),詳細-サブコメント(5),詳細-サブ画像(5),詳細-サブ拡大画像(5),発送日目安ID,削除フラグ,商品種別ID,商品コード,在庫数,在庫無制限フラグ,販売制限数,通常価格,販売価格,送料,ポイント付与率,ダウンロードファイル名,ダウンロード実ファイル,関連商品ID(1),関連商品コメント(1),関連商品ID(2),関連商品コメント(2),関連商品ID(3),関連商品コメント(3),関連商品ID(4),関連商品コメント(4),関連商品ID(5),関連商品コメント(5),関連商品ID(6),関連商品コメント(6),商品ステータス,商品ステータス名,カテゴリID,カテゴリ名
1667,11273,747,381,No,0,2,カート用延長フラグ,Extension SoftBank 809SH,1,,,,,,,,*,sh/img001-ex.jpg,*,sh/img001-ex.jpg,,,,,,,,,,,,,,,,,,,,,,,0,1,en_sh_ex_000,,1,,590,590,,5,,,,,,,,,,,,,,,,,"23,28","NEW extension,Extension SoftBank 809SH"
1667,11275,747,382,No,1,2,カート用延長フラグ,Extension SoftBank 809SH,1,,,,,,,,*,sh/img001-ex.jpg,*,sh/img001-ex.jpg,,,,,,,,,,,,,,,,,,,,,,,0,1,en_sh_ex_001,,1,,1180,1180,,5,,,,,,,,,,,,,,,,,"23,28","NEW extension,Extension SoftBank 809SH"
1667,11277,747,383,No,2,2,カート用延長フラグ,Extension SoftBank 809SH,1,,,,,,,,*,sh/img001-ex.jpg,*,sh/img001-ex.jpg,,,,,,,,,,,,,,,,,,,,,,,0,1,en_sh_ex_002,,1,,1770,1770,,5,,,,,,,,,,,,,,,,,"23,28","NEW extension,Extension SoftBank 809SH"
1667,11279,747,384,No,3,2,カート用延長フラグ,Extension SoftBank 809SH,1,,,,,,,,*,sh/img001-ex.jpg,*,sh/img001-ex.jpg,,,,,,,,,,,,,,,,,,,,,,,0,1,en_sh_ex_003,,1,,2360,2360,,5,,,,,,,,,,,,,,,,,"23,28","NEW extension,Extension SoftBank 809SH"
1667,11281,747,385,No,4,2,カート用延長フラグ,Extension SoftBank 809SH,1,,,,,,,,*,sh/img001-ex.jpg,*,sh/img001-ex.jpg,,,,,,,,,,,,,,,,,,,,,,,0,1,en_sh_ex_004,,1,,2950,2950,,5,,,,,,,,,,,,,,,,,"23,28","NEW extension,Extension SoftBank 809SH"
1667,11283,747,386,No,5,2,カート用延長フラグ,Extension SoftBank 809SH,1,,,,,,,,*,sh/img001-ex.jpg,*,sh/img001-ex.jpg,,,,,,,,,,,,,,,,,,,,,,,0,1,en_sh_ex_005,,1,,3540,3540,,5,,,,,,,,,,,,,,,,,"23,28","NEW extension,Extension SoftBank 809SH"
1667,11285,747,387,No,6,2,カート用延長フラグ,Extension SoftBank 809SH,1,,,,,,,,*,sh/img001-ex.jpg,*,sh/img001-ex.jpg,,,,,,,,,,,,,,,,,,,,,,,0,1,en_sh_ex_006,,1,,4130,4130,,5,,,,,,,,,,,,,,,,,"23,28","NEW extension,Extension SoftBank 809SH"
1667,11287,747,388,No,7,2,カート用延長フラグ,Extension SoftBank 809SH,1,,,,,,,,*,sh/img001-ex.jpg,*,sh/img001-ex.jpg,,,,,,,,,,,,,,,,,,,,,,,0,1,en_sh_ex_007,,1,,4720,4720,,5,,,,,,,,,,,,,,,,,"23,28","NEW extension,Extension SoftBank 809SH"
1667,11289,747,389,No,8,2,カート用延長フラグ,Extension SoftBank 809SH,1,,,,,,,,*,sh/img001-ex.jpg,*,sh/img001-ex.jpg,,,,,,,,,,,,,,,,,,,,,,,0,1,en_sh_ex_008,,1,,5310,5310,,5,,,,,,,,,,,,,,,,,"23,28","NEW extension,Extension SoftBank 809SH"
1667,11291,747,390,No,9,2,カート用延長フラグ,Extension SoftBank 809SH,1,,,,,,,,*,sh/img001-ex.jpg,*,sh/img001-ex.jpg,,,,,,,,,,,,,,,,,,,,,,,0,1,en_sh_ex_009,,1,,5900,5900,,5,,,,,,,,,,,,,,,,,"23,28","NEW extension,Extension SoftBank 809SH"
1667,11293,747,391,No,10,2,カート用延長フラグ,Extension SoftBank 809SH,1,,,,,,,,*,sh/img001-ex.jpg,*,sh/img001-ex.jpg,,,,,,,,,,,,,,,,,,,,,,,0,1,en_sh_ex_010,,1,,6490,6490,,5,,,,,,,,,,,,,,,,,"23,28","NEW extension,Extension SoftBank 809SH"
1667,11295,747,392,No,11,2,カート用延長フラグ,Extension SoftBank 809SH,1,,,,,,,,*,sh/img001-ex.jpg,*,sh/img001-ex.jpg,,,,,,,,,,,,,,,,,,,,,,,0,1,en_sh_ex_011,,1,,7080,7080,,5,,,,,,,,,,,,,,,,,"23,28","NEW extension,Extension SoftBank 809SH"
1667,11297,747,393,No,12,2,カート用延長フラグ,Extension SoftBank 809SH,1,,,,,,,,*,sh/img001-ex.jpg,*,sh/img001-ex.jpg,,,,,,,,,,,,,,,,,,,,,,,0,1,en_sh_ex_012,,1,,7670,7670,,5,,,,,,,,,,,,,,,,,"23,28","NEW extension,Extension SoftBank 809SH"
1667,11299,747,394,No,13,2,カート用延長フラグ,Extension SoftBank 809SH,1,,,,,,,,*,sh/img001-ex.jpg,*,sh/img001-ex.jpg,,,,,,,,,,,,,,,,,,,,,,,0,1,en_sh_ex_013,,1,,8260,8260,,5,,,,,,,,,,,,,,,,,"23,28","NEW extension,Extension SoftBank 809SH"
1667,11301,747,395,No,14,2,カート用延長フラグ,Extension SoftBank 809SH,1,,,,,,,,*,sh/img001-ex.jpg,*,sh/img001-ex.jpg,,,,,,,,,,,,,,,,,,,,,,,0,1,en_sh_ex_014,,1,,8850,8850,,5,,,,,,,,,,,,,,,,,"23,28","NEW extension,Extension SoftBank 809SH"
1667,11303,747,396,No,15,2,カート用延長フラグ,Extension SoftBank 809SH,1,,,,,,,,*,sh/img001-ex.jpg,*,sh/img001-ex.jpg,,,,,,,,,,,,,,,,,,,,,,,0,1,en_sh_ex_014,,1,,8850,8850,,5,,,,,,,,,,,,,,,,,"23,28","NEW extension,Extension SoftBank 809SH"
1667,11305,747,397,No,16,2,カート用延長フラグ,Extension SoftBank 809SH,1,,,,,,,,*,sh/img001-ex.jpg,*,sh/img001-ex.jpg,,,,,,,,,,,,,,,,,,,,,,,0,1,en_sh_ex_014,,1,,8850,8850,,5,,,,,,,,,,,,,,,,,"23,28","NEW extension,Extension SoftBank 809SH"
1667,11307,747,398,No,17,2,カート用延長フラグ,Extension SoftBank 809SH,1,,,,,,,,*,sh/img001-ex.jpg,*,sh/img001-ex.jpg,,,,,,,,,,,,,,,,,,,,,,,0,1,en_sh_ex_014,,1,,8850,8850,,5,,,,,,,,,,,,,,,,,"23,28","NEW extension,Extension SoftBank 809SH"
1667,11309,747,399,No,18,2,カート用延長フラグ,Extension SoftBank 809SH,1,,,,,,,,*,sh/img001-ex.jpg,*,sh/img001-ex.jpg,,,,,,,,,,,,,,,,,,,,,,,0,1,en_sh_ex_014,,1,,8850,8850,,5,,,,,,,,,,,,,,,,,"23,28","NEW extension,Extension SoftBank 809SH"
1667,11311,747,400,No,19,2,カート用延長フラグ,Extension SoftBank 809SH,1,,,,,,,,*,sh/img001-ex.jpg,*,sh/img001-ex.jpg,,,,,,,,,,,,,,,,,,,,,,,0,1,en_sh_ex_014,,1,,8850,8850,,5,,,,,,,,,,,,,,,,,"23,28","NEW extension,Extension SoftBank 809SH"
1667,11313,747,401,No,20,2,カート用延長フラグ,Extension SoftBank 809SH,1,,,,,,,,*,sh/img001-ex.jpg,*,sh/img001-ex.jpg,,,,,,,,,,,,,,,,,,,,,,,0,1,en_sh_ex_014,,1,,8850,8850,,5,,,,,,,,,,,,,,,,,"23,28","NEW extension,Extension SoftBank 809SH"
1667,11315,747,402,No,21,2,カート用延長フラグ,Extension SoftBank 809SH,1,,,,,,,,*,sh/img001-ex.jpg,*,sh/img001-ex.jpg,,,,,,,,,,,,,,,,,,,,,,,0,1,en_sh_ex_014,,1,,8850,8850,,5,,,,,,,,,,,,,,,,,"23,28","NEW extension,Extension SoftBank 809SH"
1667,11317,747,403,No,22,2,カート用延長フラグ,Extension SoftBank 809SH,1,,,,,,,,*,sh/img001-ex.jpg,*,sh/img001-ex.jpg,,,,,,,,,,,,,,,,,,,,,,,0,1,en_sh_ex_014,,1,,8850,8850,,5,,,,,,,,,,,,,,,,,"23,28","NEW extension,Extension SoftBank 809SH"
1667,11319,747,404,No,23,2,カート用延長フラグ,Extension SoftBank 809SH,1,,,,,,,,*,sh/img001-ex.jpg,*,sh/img001-ex.jpg,,,,,,,,,,,,,,,,,,,,,,,0,1,en_sh_ex_014,,1,,8850,8850,,5,,,,,,,,,,,,,,,,,"23,28","NEW extension,Extension SoftBank 809SH"
1667,11321,747,405,No,24,2,カート用延長フラグ,Extension SoftBank 809SH,1,,,,,,,,*,sh/img001-ex.jpg,*,sh/img001-ex.jpg,,,,,,,,,,,,,,,,,,,,,,,0,1,en_sh_ex_014,,1,,8850,8850,,5,,,,,,,,,,,,,,,,,"23,28","NEW extension,Extension SoftBank 809SH"
1667,11323,747,406,No,25,2,カート用延長フラグ,Extension SoftBank 809SH,1,,,,,,,,*,sh/img001-ex.jpg,*,sh/img001-ex.jpg,,,,,,,,,,,,,,,,,,,,,,,0,1,en_sh_ex_014,,1,,8850,8850,,5,,,,,,,,,,,,,,,,,"23,28","NEW extension,Extension SoftBank 809SH"
1667,11325,747,407,No,26,2,カート用延長フラグ,Extension SoftBank 809SH,1,,,,,,,,*,sh/img001-ex.jpg,*,sh/img001-ex.jpg,,,,,,,,,,,,,,,,,,,,,,,0,1,en_sh_ex_014,,1,,8850,8850,,5,,,,,,,,,,,,,,,,,"23,28","NEW extension,Extension SoftBank 809SH"
1667,11327,747,408,No,27,2,カート用延長フラグ,Extension SoftBank 809SH,1,,,,,,,,*,sh/img001-ex.jpg,*,sh/img001-ex.jpg,,,,,,,,,,,,,,,,,,,,,,,0,1,en_sh_ex_014,,1,,8850,8850,,5,,,,,,,,,,,,,,,,,"23,28","NEW extension,Extension SoftBank 809SH"
1667,11329,747,409,No,28,2,カート用延長フラグ,Extension SoftBank 809SH,1,,,,,,,,*,sh/img001-ex.jpg,*,sh/img001-ex.jpg,,,,,,,,,,,,,,,,,,,,,,,0,1,en_sh_ex_014,,1,,8850,8850,,5,,,,,,,,,,,,,,,,,"23,28","NEW extension,Extension SoftBank 809SH"
1667,11331,747,410,No,29,2,カート用延長フラグ,Extension SoftBank 809SH,1,,,,,,,,*,sh/img001-ex.jpg,*,sh/img001-ex.jpg,,,,,,,,,,,,,,,,,,,,,,,0,1,en_sh_ex_014,,1,,8850,8850,,5,,,,,,,,,,,,,,,,,"23,28","NEW extension,Extension SoftBank 809SH"
1667,11333,747,411,No,30,2,カート用延長フラグ,Extension SoftBank 809SH,1,,,,,,,,*,sh/img001-ex.jpg,*,sh/img001-ex.jpg,,,,,,,,,,,,,,,,,,,,,,,0,1,en_sh_ex_014,,1,,8850,8850,,5,,,,,,,,,,,,,,,,,"23,28","NEW extension,Extension SoftBank 809SH"
1667,11335,747,412,No,31,2,カート用延長フラグ,Extension SoftBank 809SH,1,,,,,,,,*,sh/img001-ex.jpg,*,sh/img001-ex.jpg,,,,,,,,,,,,,,,,,,,,,,,0,1,en_sh_ex_031,,1,,9440,9440,,5,,,,,,,,,,,,,,,,,"23,28","NEW extension,Extension SoftBank 809SH"
1667,11337,747,413,No,32,2,カート用延長フラグ,Extension SoftBank 809SH,1,,,,,,,,*,sh/img001-ex.jpg,*,sh/img001-ex.jpg,,,,,,,,,,,,,,,,,,,,,,,0,1,en_sh_ex_032,,1,,10030,10030,,5,,,,,,,,,,,,,,,,,"23,28","NEW extension,Extension SoftBank 809SH"
1667,11339,747,414,No,33,2,カート用延長フラグ,Extension SoftBank 809SH,1,,,,,,,,*,sh/img001-ex.jpg,*,sh/img001-ex.jpg,,,,,,,,,,,,,,,,,,,,,,,0,1,en_sh_ex_033,,1,,10620,10620,,5,,,,,,,,,,,,,,,,,"23,28","NEW extension,Extension SoftBank 809SH"
1667,11341,747,415,No,34,2,カート用延長フラグ,Extension SoftBank 809SH,1,,,,,,,,*,sh/img001-ex.jpg,*,sh/img001-ex.jpg,,,,,,,,,,,,,,,,,,,,,,,0,1,en_sh_ex_034,,1,,11210,11210,,5,,,,,,,,,,,,,,,,,"23,28","NEW extension,Extension SoftBank 809SH"
1667,11343,747,416,No,35,2,カート用延長フラグ,Extension SoftBank 809SH,1,,,,,,,,*,sh/img001-ex.jpg,*,sh/img001-ex.jpg,,,,,,,,,,,,,,,,,,,,,,,0,1,en_sh_ex_035,,1,,11800,11800,,5,,,,,,,,,,,,,,,,,"23,28","NEW extension,Extension SoftBank 809SH"
1667,11345,747,417,No,36,2,カート用延長フラグ,Extension SoftBank 809SH,1,,,,,,,,*,sh/img001-ex.jpg,*,sh/img001-ex.jpg,,,,,,,,,,,,,,,,,,,,,,,0,1,en_sh_ex_036,,1,,12390,12390,,5,,,,,,,,,,,,,,,,,"23,28","NEW extension,Extension SoftBank 809SH"
1667,11347,747,418,No,37,2,カート用延長フラグ,Extension SoftBank 809SH,1,,,,,,,,*,sh/img001-ex.jpg,*,sh/img001-ex.jpg,,,,,,,,,,,,,,,,,,,,,,,0,1,en_sh_ex_037,,1,,12980,12980,,5,,,,,,,,,,,,,,,,,"23,28","NEW extension,Extension SoftBank 809SH"
1667,11349,747,419,No,38,2,カート用延長フラグ,Extension SoftBank 809SH,1,,,,,,,,*,sh/img001-ex.jpg,*,sh/img001-ex.jpg,,,,,,,,,,,,,,,,,,,,,,,0,1,en_sh_ex_038,,1,,13570,13570,,5,,,,,,,,,,,,,,,,,"23,28","NEW extension,Extension SoftBank 809SH"
1667,11351,747,420,No,39,2,カート用延長フラグ,Extension SoftBank 809SH,1,,,,,,,,*,sh/img001-ex.jpg,*,sh/img001-ex.jpg,,,,,,,,,,,,,,,,,,,,,,,0,1,en_sh_ex_039,,1,,14160,14160,,5,,,,,,,,,,,,,,,,,"23,28","NEW extension,Extension SoftBank 809SH"
1667,11353,747,421,No,40,2,カート用延長フラグ,Extension SoftBank 809SH,1,,,,,,,,*,sh/img001-ex.jpg,*,sh/img001-ex.jpg,,,,,,,,,,,,,,,,,,,,,,,0,1,en_sh_ex_040,,1,,14750,14750,,5,,,,,,,,,,,,,,,,,"23,28","NEW extension,Extension SoftBank 809SH"
1667,11355,747,422,No,41,2,カート用延長フラグ,Extension SoftBank 809SH,1,,,,,,,,*,sh/img001-ex.jpg,*,sh/img001-ex.jpg,,,,,,,,,,,,,,,,,,,,,,,0,1,en_sh_ex_041,,1,,15340,15340,,5,,,,,,,,,,,,,,,,,"23,28","NEW extension,Extension SoftBank 809SH"
1667,11357,747,423,No,42,2,カート用延長フラグ,Extension SoftBank 809SH,1,,,,,,,,*,sh/img001-ex.jpg,*,sh/img001-ex.jpg,,,,,,,,,,,,,,,,,,,,,,,0,1,en_sh_ex_060,,1,,15700,15700,,5,,,,,,,,,,,,,,,,,"23,28","NEW extension,Extension SoftBank 809SH"
1667,11359,747,424,No,43,2,カート用延長フラグ,Extension SoftBank 809SH,1,,,,,,,,*,sh/img001-ex.jpg,*,sh/img001-ex.jpg,,,,,,,,,,,,,,,,,,,,,,,0,1,en_sh_ex_060,,1,,15700,15700,,5,,,,,,,,,,,,,,,,,"23,28","NEW extension,Extension SoftBank 809SH"
1667,11361,747,425,No,44,2,カート用延長フラグ,Extension SoftBank 809SH,1,,,,,,,,*,sh/img001-ex.jpg,*,sh/img001-ex.jpg,,,,,,,,,,,,,,,,,,,,,,,0,1,en_sh_ex_060,,1,,15700,15700,,5,,,,,,,,,,,,,,,,,"23,28","NEW extension,Extension SoftBank 809SH"
1667,11363,747,426,No,45,2,カート用延長フラグ,Extension SoftBank 809SH,1,,,,,,,,*,sh/img001-ex.jpg,*,sh/img001-ex.jpg,,,,,,,,,,,,,,,,,,,,,,,0,1,en_sh_ex_060,,1,,15700,15700,,5,,,,,,,,,,,,,,,,,"23,28","NEW extension,Extension SoftBank 809SH"
1667,11365,747,427,No,46,2,カート用延長フラグ,Extension SoftBank 809SH,1,,,,,,,,*,sh/img001-ex.jpg,*,sh/img001-ex.jpg,,,,,,,,,,,,,,,,,,,,,,,0,1,en_sh_ex_060,,1,,15700,15700,,5,,,,,,,,,,,,,,,,,"23,28","NEW extension,Extension SoftBank 809SH"
1667,11367,747,428,No,47,2,カート用延長フラグ,Extension SoftBank 809SH,1,,,,,,,,*,sh/img001-ex.jpg,*,sh/img001-ex.jpg,,,,,,,,,,,,,,,,,,,,,,,0,1,en_sh_ex_060,,1,,15700,15700,,5,,,,,,,,,,,,,,,,,"23,28","NEW extension,Extension SoftBank 809SH"
1667,11369,747,429,No,48,2,カート用延長フラグ,Extension SoftBank 809SH,1,,,,,,,,*,sh/img001-ex.jpg,*,sh/img001-ex.jpg,,,,,,,,,,,,,,,,,,,,,,,0,1,en_sh_ex_060,,1,,15700,15700,,5,,,,,,,,,,,,,,,,,"23,28","NEW extension,Extension SoftBank 809SH"
1667,11371,747,430,No,49,2,カート用延長フラグ,Extension SoftBank 809SH,1,,,,,,,,*,sh/img001-ex.jpg,*,sh/img001-ex.jpg,,,,,,,,,,,,,,,,,,,,,,,0,1,en_sh_ex_060,,1,,15700,15700,,5,,,,,,,,,,,,,,,,,"23,28","NEW extension,Extension SoftBank 809SH"
1667,11373,747,431,No,50,2,カート用延長フラグ,Extension SoftBank 809SH,1,,,,,,,,*,sh/img001-ex.jpg,*,sh/img001-ex.jpg,,,,,,,,,,,,,,,,,,,,,,,0,1,en_sh_ex_060,,1,,15700,15700,,5,,,,,,,,,,,,,,,,,"23,28","NEW extension,Extension SoftBank 809SH"
1667,11375,747,432,No,51,2,カート用延長フラグ,Extension SoftBank 809SH,1,,,,,,,,*,sh/img001-ex.jpg,*,sh/img001-ex.jpg,,,,,,,,,,,,,,,,,,,,,,,0,1,en_sh_ex_060,,1,,15700,15700,,5,,,,,,,,,,,,,,,,,"23,28","NEW extension,Extension SoftBank 809SH"
1667,11377,747,433,No,52,2,カート用延長フラグ,Extension SoftBank 809SH,1,,,,,,,,*,sh/img001-ex.jpg,*,sh/img001-ex.jpg,,,,,,,,,,,,,,,,,,,,,,,0,1,en_sh_ex_060,,1,,15700,15700,,5,,,,,,,,,,,,,,,,,"23,28","NEW extension,Extension SoftBank 809SH"
1667,11379,747,434,No,53,2,カート用延長フラグ,Extension SoftBank 809SH,1,,,,,,,,*,sh/img001-ex.jpg,*,sh/img001-ex.jpg,,,,,,,,,,,,,,,,,,,,,,,0,1,en_sh_ex_060,,1,,15700,15700,,5,,,,,,,,,,,,,,,,,"23,28","NEW extension,Extension SoftBank 809SH"
1667,11381,747,435,No,54,2,カート用延長フラグ,Extension SoftBank 809SH,1,,,,,,,,*,sh/img001-ex.jpg,*,sh/img001-ex.jpg,,,,,,,,,,,,,,,,,,,,,,,0,1,en_sh_ex_060,,1,,15700,15700,,5,,,,,,,,,,,,,,,,,"23,28","NEW extension,Extension SoftBank 809SH"
1667,11383,747,436,No,55,2,カート用延長フラグ,Extension SoftBank 809SH,1,,,,,,,,*,sh/img001-ex.jpg,*,sh/img001-ex.jpg,,,,,,,,,,,,,,,,,,,,,,,0,1,en_sh_ex_060,,1,,15700,15700,,5,,,,,,,,,,,,,,,,,"23,28","NEW extension,Extension SoftBank 809SH"
1667,11385,747,437,No,56,2,カート用延長フラグ,Extension SoftBank 809SH,1,,,,,,,,*,sh/img001-ex.jpg,*,sh/img001-ex.jpg,,,,,,,,,,,,,,,,,,,,,,,0,1,en_sh_ex_060,,1,,15700,15700,,5,,,,,,,,,,,,,,,,,"23,28","NEW extension,Extension SoftBank 809SH"
1667,11387,747,438,No,57,2,カート用延長フラグ,Extension SoftBank 809SH,1,,,,,,,,*,sh/img001-ex.jpg,*,sh/img001-ex.jpg,,,,,,,,,,,,,,,,,,,,,,,0,1,en_sh_ex_060,,1,,15700,15700,,5,,,,,,,,,,,,,,,,,"23,28","NEW extension,Extension SoftBank 809SH"
1667,11389,747,439,No,58,2,カート用延長フラグ,Extension SoftBank 809SH,1,,,,,,,,*,sh/img001-ex.jpg,*,sh/img001-ex.jpg,,,,,,,,,,,,,,,,,,,,,,,0,1,en_sh_ex_060,,1,,15700,15700,,5,,,,,,,,,,,,,,,,,"23,28","NEW extension,Extension SoftBank 809SH"
1667,11391,747,440,No,59,2,カート用延長フラグ,Extension SoftBank 809SH,1,,,,,,,,*,sh/img001-ex.jpg,*,sh/img001-ex.jpg,,,,,,,,,,,,,,,,,,,,,,,0,1,en_sh_ex_060,,1,,15700,15700,,5,,,,,,,,,,,,,,,,,"23,28","NEW extension,Extension SoftBank 809SH"
1667,11393,747,441,No,60,2,カート用延長フラグ,Extension SoftBank 809SH,1,,,,,,,,*,sh/img001-ex.jpg,*,sh/img001-ex.jpg,,,,,,,,,,,,,,,,,,,,,,,0,1,en_sh_ex_060,,1,,15700,15700,,5,,,,,,,,,,,,,,,,,"23,28","NEW extension,Extension SoftBank 809SH"
1667,11395,747,442,No,61,2,カート用延長フラグ,Extension SoftBank 809SH,1,,,,,,,,*,sh/img001-ex.jpg,*,sh/img001-ex.jpg,,,,,,,,,,,,,,,,,,,,,,,0,1,en_sh_ex_061,,1,,16290,16290,,5,,,,,,,,,,,,,,,,,"23,28","NEW extension,Extension SoftBank 809SH"
1667,11397,747,443,No,62,2,カート用延長フラグ,Extension SoftBank 809SH,1,,,,,,,,*,sh/img001-ex.jpg,*,sh/img001-ex.jpg,,,,,,,,,,,,,,,,,,,,,,,0,1,en_sh_ex_062,,1,,16880,16880,,5,,,,,,,,,,,,,,,,,"23,28","NEW extension,Extension SoftBank 809SH"
1667,11399,747,444,No,63,2,カート用延長フラグ,Extension SoftBank 809SH,1,,,,,,,,*,sh/img001-ex.jpg,*,sh/img001-ex.jpg,,,,,,,,,,,,,,,,,,,,,,,0,1,en_sh_ex_063,,1,,17470,17470,,5,,,,,,,,,,,,,,,,,"23,28","NEW extension,Extension SoftBank 809SH"
1667,11401,747,445,No,64,2,カート用延長フラグ,Extension SoftBank 809SH,1,,,,,,,,*,sh/img001-ex.jpg,*,sh/img001-ex.jpg,,,,,,,,,,,,,,,,,,,,,,,0,1,en_sh_ex_064,,1,,18060,18060,,5,,,,,,,,,,,,,,,,,"23,28","NEW extension,Extension SoftBank 809SH"
1667,11403,747,446,No,65,2,カート用延長フラグ,Extension SoftBank 809SH,1,,,,,,,,*,sh/img001-ex.jpg,*,sh/img001-ex.jpg,,,,,,,,,,,,,,,,,,,,,,,0,1,en_sh_ex_065,,1,,18650,18650,,5,,,,,,,,,,,,,,,,,"23,28","NEW extension,Extension SoftBank 809SH"
1667,11405,747,447,No,66,2,カート用延長フラグ,Extension SoftBank 809SH,1,,,,,,,,*,sh/img001-ex.jpg,*,sh/img001-ex.jpg,,,,,,,,,,,,,,,,,,,,,,,0,1,en_sh_ex_066,,1,,19240,19240,,5,,,,,,,,,,,,,,,,,"23,28","NEW extension,Extension SoftBank 809SH"
1667,11407,747,448,No,67,2,カート用延長フラグ,Extension SoftBank 809SH,1,,,,,,,,*,sh/img001-ex.jpg,*,sh/img001-ex.jpg,,,,,,,,,,,,,,,,,,,,,,,0,1,en_sh_ex_067,,1,,19830,19830,,5,,,,,,,,,,,,,,,,,"23,28","NEW extension,Extension SoftBank 809SH"
1667,11409,747,449,No,68,2,カート用延長フラグ,Extension SoftBank 809SH,1,,,,,,,,*,sh/img001-ex.jpg,*,sh/img001-ex.jpg,,,,,,,,,,,,,,,,,,,,,,,0,1,en_sh_ex_068,,1,,20420,20420,,5,,,,,,,,,,,,,,,,,"23,28","NEW extension,Extension SoftBank 809SH"
1667,11411,747,450,No,69,2,カート用延長フラグ,Extension SoftBank 809SH,1,,,,,,,,*,sh/img001-ex.jpg,*,sh/img001-ex.jpg,,,,,,,,,,,,,,,,,,,,,,,0,1,en_sh_ex_069,,1,,21010,21010,,5,,,,,,,,,,,,,,,,,"23,28","NEW extension,Extension SoftBank 809SH"
1667,11413,747,451,No,70,2,カート用延長フラグ,Extension SoftBank 809SH,1,,,,,,,,*,sh/img001-ex.jpg,*,sh/img001-ex.jpg,,,,,,,,,,,,,,,,,,,,,,,0,1,en_sh_ex_070,,1,,21600,21600,,5,,,,,,,,,,,,,,,,,"23,28","NEW extension,Extension SoftBank 809SH"
1667,11415,747,452,No,71,2,カート用延長フラグ,Extension SoftBank 809SH,1,,,,,,,,*,sh/img001-ex.jpg,*,sh/img001-ex.jpg,,,,,,,,,,,,,,,,,,,,,,,0,1,en_sh_ex_090,,1,,22000,22000,,5,,,,,,,,,,,,,,,,,"23,28","NEW extension,Extension SoftBank 809SH"
1667,11417,747,453,No,72,2,カート用延長フラグ,Extension SoftBank 809SH,1,,,,,,,,*,sh/img001-ex.jpg,*,sh/img001-ex.jpg,,,,,,,,,,,,,,,,,,,,,,,0,1,en_sh_ex_090,,1,,22000,22000,,5,,,,,,,,,,,,,,,,,"23,28","NEW extension,Extension SoftBank 809SH"
1667,11419,747,454,No,73,2,カート用延長フラグ,Extension SoftBank 809SH,1,,,,,,,,*,sh/img001-ex.jpg,*,sh/img001-ex.jpg,,,,,,,,,,,,,,,,,,,,,,,0,1,en_sh_ex_090,,1,,22000,22000,,5,,,,,,,,,,,,,,,,,"23,28","NEW extension,Extension SoftBank 809SH"
1667,11421,747,455,No,74,2,カート用延長フラグ,Extension SoftBank 809SH,1,,,,,,,,*,sh/img001-ex.jpg,*,sh/img001-ex.jpg,,,,,,,,,,,,,,,,,,,,,,,0,1,en_sh_ex_090,,1,,22000,22000,,5,,,,,,,,,,,,,,,,,"23,28","NEW extension,Extension SoftBank 809SH"
1667,11423,747,456,No,75,2,カート用延長フラグ,Extension SoftBank 809SH,1,,,,,,,,*,sh/img001-ex.jpg,*,sh/img001-ex.jpg,,,,,,,,,,,,,,,,,,,,,,,0,1,en_sh_ex_090,,1,,22000,22000,,5,,,,,,,,,,,,,,,,,"23,28","NEW extension,Extension SoftBank 809SH"
1667,11425,747,457,No,76,2,カート用延長フラグ,Extension SoftBank 809SH,1,,,,,,,,*,sh/img001-ex.jpg,*,sh/img001-ex.jpg,,,,,,,,,,,,,,,,,,,,,,,0,1,en_sh_ex_090,,1,,22000,22000,,5,,,,,,,,,,,,,,,,,"23,28","NEW extension,Extension SoftBank 809SH"
1667,11427,747,458,No,77,2,カート用延長フラグ,Extension SoftBank 809SH,1,,,,,,,,*,sh/img001-ex.jpg,*,sh/img001-ex.jpg,,,,,,,,,,,,,,,,,,,,,,,0,1,en_sh_ex_090,,1,,22000,22000,,5,,,,,,,,,,,,,,,,,"23,28","NEW extension,Extension SoftBank 809SH"
1667,11429,747,459,No,78,2,カート用延長フラグ,Extension SoftBank 809SH,1,,,,,,,,*,sh/img001-ex.jpg,*,sh/img001-ex.jpg,,,,,,,,,,,,,,,,,,,,,,,0,1,en_sh_ex_090,,1,,22000,22000,,5,,,,,,,,,,,,,,,,,"23,28","NEW extension,Extension SoftBank 809SH"
1667,11431,747,460,No,79,2,カート用延長フラグ,Extension SoftBank 809SH,1,,,,,,,,*,sh/img001-ex.jpg,*,sh/img001-ex.jpg,,,,,,,,,,,,,,,,,,,,,,,0,1,en_sh_ex_090,,1,,22000,22000,,5,,,,,,,,,,,,,,,,,"23,28","NEW extension,Extension SoftBank 809SH"
1667,11433,747,461,No,80,2,カート用延長フラグ,Extension SoftBank 809SH,1,,,,,,,,*,sh/img001-ex.jpg,*,sh/img001-ex.jpg,,,,,,,,,,,,,,,,,,,,,,,0,1,en_sh_ex_090,,1,,22000,22000,,5,,,,,,,,,,,,,,,,,"23,28","NEW extension,Extension SoftBank 809SH"
1667,11435,747,462,No,81,2,カート用延長フラグ,Extension SoftBank 809SH,1,,,,,,,,*,sh/img001-ex.jpg,*,sh/img001-ex.jpg,,,,,,,,,,,,,,,,,,,,,,,0,1,en_sh_ex_090,,1,,22000,22000,,5,,,,,,,,,,,,,,,,,"23,28","NEW extension,Extension SoftBank 809SH"
1667,11437,747,463,No,82,2,カート用延長フラグ,Extension SoftBank 809SH,1,,,,,,,,*,sh/img001-ex.jpg,*,sh/img001-ex.jpg,,,,,,,,,,,,,,,,,,,,,,,0,1,en_sh_ex_090,,1,,22000,22000,,5,,,,,,,,,,,,,,,,,"23,28","NEW extension,Extension SoftBank 809SH"
1667,11439,747,464,No,83,2,カート用延長フラグ,Extension SoftBank 809SH,1,,,,,,,,*,sh/img001-ex.jpg,*,sh/img001-ex.jpg,,,,,,,,,,,,,,,,,,,,,,,0,1,en_sh_ex_090,,1,,22000,22000,,5,,,,,,,,,,,,,,,,,"23,28","NEW extension,Extension SoftBank 809SH"
1667,11441,747,465,No,84,2,カート用延長フラグ,Extension SoftBank 809SH,1,,,,,,,,*,sh/img001-ex.jpg,*,sh/img001-ex.jpg,,,,,,,,,,,,,,,,,,,,,,,0,1,en_sh_ex_090,,1,,22000,22000,,5,,,,,,,,,,,,,,,,,"23,28","NEW extension,Extension SoftBank 809SH"
1667,11443,747,466,No,85,2,カート用延長フラグ,Extension SoftBank 809SH,1,,,,,,,,*,sh/img001-ex.jpg,*,sh/img001-ex.jpg,,,,,,,,,,,,,,,,,,,,,,,0,1,en_sh_ex_090,,1,,22000,22000,,5,,,,,,,,,,,,,,,,,"23,28","NEW extension,Extension SoftBank 809SH"
1667,11445,747,467,No,86,2,カート用延長フラグ,Extension SoftBank 809SH,1,,,,,,,,*,sh/img001-ex.jpg,*,sh/img001-ex.jpg,,,,,,,,,,,,,,,,,,,,,,,0,1,en_sh_ex_090,,1,,22000,22000,,5,,,,,,,,,,,,,,,,,"23,28","NEW extension,Extension SoftBank 809SH"
1667,11447,747,468,No,87,2,カート用延長フラグ,Extension SoftBank 809SH,1,,,,,,,,*,sh/img001-ex.jpg,*,sh/img001-ex.jpg,,,,,,,,,,,,,,,,,,,,,,,0,1,en_sh_ex_090,,1,,22000,22000,,5,,,,,,,,,,,,,,,,,"23,28","NEW extension,Extension SoftBank 809SH"
1667,11449,747,469,No,88,2,カート用延長フラグ,Extension SoftBank 809SH,1,,,,,,,,*,sh/img001-ex.jpg,*,sh/img001-ex.jpg,,,,,,,,,,,,,,,,,,,,,,,0,1,en_sh_ex_090,,1,,22000,22000,,5,,,,,,,,,,,,,,,,,"23,28","NEW extension,Extension SoftBank 809SH"
1667,11451,747,470,No,89,2,カート用延長フラグ,Extension SoftBank 809SH,1,,,,,,,,*,sh/img001-ex.jpg,*,sh/img001-ex.jpg,,,,,,,,,,,,,,,,,,,,,,,0,1,en_sh_ex_090,,1,,22000,22000,,5,,,,,,,,,,,,,,,,,"23,28","NEW extension,Extension SoftBank 809SH"
1667,11453,747,471,No,90,2,カート用延長フラグ,Extension SoftBank 809SH,1,,,,,,,,*,sh/img001-ex.jpg,*,sh/img001-ex.jpg,,,,,,,,,,,,,,,,,,,,,,,0,1,en_sh_ex_090,,1,,22000,22000,,5,,,,,,,,,,,,,,,,,"23,28","NEW extension,Extension SoftBank 809SH"
1667,11455,747,472,No,91,2,カート用延長フラグ,Extension SoftBank 809SH,1,,,,,,,,*,sh/img001-ex.jpg,*,sh/img001-ex.jpg,,,,,,,,,,,,,,,,,,,,,,,0,1,en_sh_ex_091,,1,,22590,22590,,5,,,,,,,,,,,,,,,,,"23,28","NEW extension,Extension SoftBank 809SH"
1667,11457,747,473,No,92,2,カート用延長フラグ,Extension SoftBank 809SH,1,,,,,,,,*,sh/img001-ex.jpg,*,sh/img001-ex.jpg,,,,,,,,,,,,,,,,,,,,,,,0,1,en_sh_ex_092,,1,,23180,23180,,5,,,,,,,,,,,,,,,,,"23,28","NEW extension,Extension SoftBank 809SH"
1667,11459,747,474,No,93,2,カート用延長フラグ,Extension SoftBank 809SH,1,,,,,,,,*,sh/img001-ex.jpg,*,sh/img001-ex.jpg,,,,,,,,,,,,,,,,,,,,,,,0,1,en_sh_ex_093,,1,,23770,23770,,5,,,,,,,,,,,,,,,,,"23,28","NEW extension,Extension SoftBank 809SH"
1667,11461,747,475,No,94,2,カート用延長フラグ,Extension SoftBank 809SH,1,,,,,,,,*,sh/img001-ex.jpg,*,sh/img001-ex.jpg,,,,,,,,,,,,,,,,,,,,,,,0,1,en_sh_ex_094,,1,,24360,24360,,5,,,,,,,,,,,,,,,,,"23,28","NEW extension,Extension SoftBank 809SH"
1667,11463,747,476,No,95,2,カート用延長フラグ,Extension SoftBank 809SH,1,,,,,,,,*,sh/img001-ex.jpg,*,sh/img001-ex.jpg,,,,,,,,,,,,,,,,,,,,,,,0,1,en_sh_ex_095,,1,,24950,24950,,5,,,,,,,,,,,,,,,,,"23,28","NEW extension,Extension SoftBank 809SH"
1667,11465,747,477,No,96,2,カート用延長フラグ,Extension SoftBank 809SH,1,,,,,,,,*,sh/img001-ex.jpg,*,sh/img001-ex.jpg,,,,,,,,,,,,,,,,,,,,,,,0,1,en_sh_ex_096,,1,,25540,25540,,5,,,,,,,,,,,,,,,,,"23,28","NEW extension,Extension SoftBank 809SH"
1667,11467,747,478,No,97,2,カート用延長フラグ,Extension SoftBank 809SH,1,,,,,,,,*,sh/img001-ex.jpg,*,sh/img001-ex.jpg,,,,,,,,,,,,,,,,,,,,,,,0,1,en_sh_ex_097,,1,,26130,26130,,5,,,,,,,,,,,,,,,,,"23,28","NEW extension,Extension SoftBank 809SH"
1667,11469,747,479,No,98,2,カート用延長フラグ,Extension SoftBank 809SH,1,,,,,,,,*,sh/img001-ex.jpg,*,sh/img001-ex.jpg,,,,,,,,,,,,,,,,,,,,,,,0,1,en_sh_ex_098,,1,,26720,26720,,5,,,,,,,,,,,,,,,,,"23,28","NEW extension,Extension SoftBank 809SH"
1667,11471,747,480,No,99,2,カート用延長フラグ,Extension SoftBank 809SH,1,,,,,,,,*,sh/img001-ex.jpg,*,sh/img001-ex.jpg,,,,,,,,,,,,,,,,,,,,,,,0,1,en_sh_ex_099,,1,,27310,27310,,5,,,,,,,,,,,,,,,,,"23,28","NEW extension,Extension SoftBank 809SH"
1667,11473,747,481,No,100,2,カート用延長フラグ,Extension SoftBank 809SH,1,,,,,,,,*,sh/img001-ex.jpg,*,sh/img001-ex.jpg,,,,,,,,,,,,,,,,,,,,,,,0,1,en_sh_ex_120,,1,,27600,27600,,5,,,,,,,,,,,,,,,,,"23,28","NEW extension,Extension SoftBank 809SH"
1667,11475,747,482,No,101,2,カート用延長フラグ,Extension SoftBank 809SH,1,,,,,,,,*,sh/img001-ex.jpg,*,sh/img001-ex.jpg,,,,,,,,,,,,,,,,,,,,,,,0,1,en_sh_ex_120,,1,,27600,27600,,5,,,,,,,,,,,,,,,,,"23,28","NEW extension,Extension SoftBank 809SH"
1667,11477,747,483,No,102,2,カート用延長フラグ,Extension SoftBank 809SH,1,,,,,,,,*,sh/img001-ex.jpg,*,sh/img001-ex.jpg,,,,,,,,,,,,,,,,,,,,,,,0,1,en_sh_ex_120,,1,,27600,27600,,5,,,,,,,,,,,,,,,,,"23,28","NEW extension,Extension SoftBank 809SH"
1667,11479,747,484,No,103,2,カート用延長フラグ,Extension SoftBank 809SH,1,,,,,,,,*,sh/img001-ex.jpg,*,sh/img001-ex.jpg,,,,,,,,,,,,,,,,,,,,,,,0,1,en_sh_ex_120,,1,,27600,27600,,5,,,,,,,,,,,,,,,,,"23,28","NEW extension,Extension SoftBank 809SH"
1667,11481,747,485,No,104,2,カート用延長フラグ,Extension SoftBank 809SH,1,,,,,,,,*,sh/img001-ex.jpg,*,sh/img001-ex.jpg,,,,,,,,,,,,,,,,,,,,,,,0,1,en_sh_ex_120,,1,,27600,27600,,5,,,,,,,,,,,,,,,,,"23,28","NEW extension,Extension SoftBank 809SH"
1667,11483,747,486,No,105,2,カート用延長フラグ,Extension SoftBank 809SH,1,,,,,,,,*,sh/img001-ex.jpg,*,sh/img001-ex.jpg,,,,,,,,,,,,,,,,,,,,,,,0,1,en_sh_ex_120,,1,,27600,27600,,5,,,,,,,,,,,,,,,,,"23,28","NEW extension,Extension SoftBank 809SH"
1667,11485,747,487,No,106,2,カート用延長フラグ,Extension SoftBank 809SH,1,,,,,,,,*,sh/img001-ex.jpg,*,sh/img001-ex.jpg,,,,,,,,,,,,,,,,,,,,,,,0,1,en_sh_ex_120,,1,,27600,27600,,5,,,,,,,,,,,,,,,,,"23,28","NEW extension,Extension SoftBank 809SH"
1667,11487,747,488,No,107,2,カート用延長フラグ,Extension SoftBank 809SH,1,,,,,,,,*,sh/img001-ex.jpg,*,sh/img001-ex.jpg,,,,,,,,,,,,,,,,,,,,,,,0,1,en_sh_ex_120,,1,,27600,27600,,5,,,,,,,,,,,,,,,,,"23,28","NEW extension,Extension SoftBank 809SH"
1667,11489,747,489,No,108,2,カート用延長フラグ,Extension SoftBank 809SH,1,,,,,,,,*,sh/img001-ex.jpg,*,sh/img001-ex.jpg,,,,,,,,,,,,,,,,,,,,,,,0,1,en_sh_ex_120,,1,,27600,27600,,5,,,,,,,,,,,,,,,,,"23,28","NEW extension,Extension SoftBank 809SH"
1667,11491,747,490,No,109,2,カート用延長フラグ,Extension SoftBank 809SH,1,,,,,,,,*,sh/img001-ex.jpg,*,sh/img001-ex.jpg,,,,,,,,,,,,,,,,,,,,,,,0,1,en_sh_ex_120,,1,,27600,27600,,5,,,,,,,,,,,,,,,,,"23,28","NEW extension,Extension SoftBank 809SH"
1667,11493,747,491,No,110,2,カート用延長フラグ,Extension SoftBank 809SH,1,,,,,,,,*,sh/img001-ex.jpg,*,sh/img001-ex.jpg,,,,,,,,,,,,,,,,,,,,,,,0,1,en_sh_ex_120,,1,,27600,27600,,5,,,,,,,,,,,,,,,,,"23,28","NEW extension,Extension SoftBank 809SH"
1667,11495,747,492,No,111,2,カート用延長フラグ,Extension SoftBank 809SH,1,,,,,,,,*,sh/img001-ex.jpg,*,sh/img001-ex.jpg,,,,,,,,,,,,,,,,,,,,,,,0,1,en_sh_ex_120,,1,,27600,27600,,5,,,,,,,,,,,,,,,,,"23,28","NEW extension,Extension SoftBank 809SH"
1667,11497,747,493,No,112,2,カート用延長フラグ,Extension SoftBank 809SH,1,,,,,,,,*,sh/img001-ex.jpg,*,sh/img001-ex.jpg,,,,,,,,,,,,,,,,,,,,,,,0,1,en_sh_ex_120,,1,,27600,27600,,5,,,,,,,,,,,,,,,,,"23,28","NEW extension,Extension SoftBank 809SH"
1667,11499,747,494,No,113,2,カート用延長フラグ,Extension SoftBank 809SH,1,,,,,,,,*,sh/img001-ex.jpg,*,sh/img001-ex.jpg,,,,,,,,,,,,,,,,,,,,,,,0,1,en_sh_ex_120,,1,,27600,27600,,5,,,,,,,,,,,,,,,,,"23,28","NEW extension,Extension SoftBank 809SH"
1667,11501,747,495,No,114,2,カート用延長フラグ,Extension SoftBank 809SH,1,,,,,,,,*,sh/img001-ex.jpg,*,sh/img001-ex.jpg,,,,,,,,,,,,,,,,,,,,,,,0,1,en_sh_ex_120,,1,,27600,27600,,5,,,,,,,,,,,,,,,,,"23,28","NEW extension,Extension SoftBank 809SH"
1667,11503,747,496,No,115,2,カート用延長フラグ,Extension SoftBank 809SH,1,,,,,,,,*,sh/img001-ex.jpg,*,sh/img001-ex.jpg,,,,,,,,,,,,,,,,,,,,,,,0,1,en_sh_ex_120,,1,,27600,27600,,5,,,,,,,,,,,,,,,,,"23,28","NEW extension,Extension SoftBank 809SH"
1667,11505,747,497,No,116,2,カート用延長フラグ,Extension SoftBank 809SH,1,,,,,,,,*,sh/img001-ex.jpg,*,sh/img001-ex.jpg,,,,,,,,,,,,,,,,,,,,,,,0,1,en_sh_ex_120,,1,,27600,27600,,5,,,,,,,,,,,,,,,,,"23,28","NEW extension,Extension SoftBank 809SH"
1667,11507,747,498,No,117,2,カート用延長フラグ,Extension SoftBank 809SH,1,,,,,,,,*,sh/img001-ex.jpg,*,sh/img001-ex.jpg,,,,,,,,,,,,,,,,,,,,,,,0,1,en_sh_ex_120,,1,,27600,27600,,5,,,,,,,,,,,,,,,,,"23,28","NEW extension,Extension SoftBank 809SH"
1667,11509,747,499,No,118,2,カート用延長フラグ,Extension SoftBank 809SH,1,,,,,,,,*,sh/img001-ex.jpg,*,sh/img001-ex.jpg,,,,,,,,,,,,,,,,,,,,,,,0,1,en_sh_ex_120,,1,,27600,27600,,5,,,,,,,,,,,,,,,,,"23,28","NEW extension,Extension SoftBank 809SH"
1667,11511,747,500,No,119,2,カート用延長フラグ,Extension SoftBank 809SH,1,,,,,,,,*,sh/img001-ex.jpg,*,sh/img001-ex.jpg,,,,,,,,,,,,,,,,,,,,,,,0,1,en_sh_ex_120,,1,,27600,27600,,5,,,,,,,,,,,,,,,,,"23,28","NEW extension,Extension SoftBank 809SH"
1667,11513,747,501,No,120,2,カート用延長フラグ,Extension SoftBank 809SH,1,,,,,,,,*,sh/img001-ex.jpg,*,sh/img001-ex.jpg,,,,,,,,,,,,,,,,,,,,,,,0,1,en_sh_ex_120,,1,,27600,27600,,5,,,,,,,,,,,,,,,,,"23,28","NEW extension,Extension SoftBank 809SH"
1667,11515,747,502,No,121,2,カート用延長フラグ,Extension SoftBank 809SH,1,,,,,,,,*,sh/img001-ex.jpg,*,sh/img001-ex.jpg,,,,,,,,,,,,,,,,,,,,,,,0,1,en_sh_ex_121,,1,,28190,28190,,5,,,,,,,,,,,,,,,,,"23,28","NEW extension,Extension SoftBank 809SH"
1667,11517,747,503,No,122,2,カート用延長フラグ,Extension SoftBank 809SH,1,,,,,,,,*,sh/img001-ex.jpg,*,sh/img001-ex.jpg,,,,,,,,,,,,,,,,,,,,,,,0,1,en_sh_ex_122,,1,,28780,28780,,5,,,,,,,,,,,,,,,,,"23,28","NEW extension,Extension SoftBank 809SH"
1667,11519,747,504,No,123,2,カート用延長フラグ,Extension SoftBank 809SH,1,,,,,,,,*,sh/img001-ex.jpg,*,sh/img001-ex.jpg,,,,,,,,,,,,,,,,,,,,,,,0,1,en_sh_ex_123,,1,,29370,29370,,5,,,,,,,,,,,,,,,,,"23,28","NEW extension,Extension SoftBank 809SH"
1667,11521,747,505,No,124,2,カート用延長フラグ,Extension SoftBank 809SH,1,,,,,,,,*,sh/img001-ex.jpg,*,sh/img001-ex.jpg,,,,,,,,,,,,,,,,,,,,,,,0,1,en_sh_ex_124,,1,,29960,29960,,5,,,,,,,,,,,,,,,,,"23,28","NEW extension,Extension SoftBank 809SH"
1667,11523,747,506,No,125,2,カート用延長フラグ,Extension SoftBank 809SH,1,,,,,,,,*,sh/img001-ex.jpg,*,sh/img001-ex.jpg,,,,,,,,,,,,,,,,,,,,,,,0,1,en_sh_ex_125,,1,,30550,30550,,5,,,,,,,,,,,,,,,,,"23,28","NEW extension,Extension SoftBank 809SH"
1667,11525,747,507,No,126,2,カート用延長フラグ,Extension SoftBank 809SH,1,,,,,,,,*,sh/img001-ex.jpg,*,sh/img001-ex.jpg,,,,,,,,,,,,,,,,,,,,,,,0,1,en_sh_ex_150,,1,,30600,30600,,5,,,,,,,,,,,,,,,,,"23,28","NEW extension,Extension SoftBank 809SH"
1667,11527,747,508,No,127,2,カート用延長フラグ,Extension SoftBank 809SH,1,,,,,,,,*,sh/img001-ex.jpg,*,sh/img001-ex.jpg,,,,,,,,,,,,,,,,,,,,,,,0,1,en_sh_ex_150,,1,,30600,30600,,5,,,,,,,,,,,,,,,,,"23,28","NEW extension,Extension SoftBank 809SH"
1667,11529,747,509,No,128,2,カート用延長フラグ,Extension SoftBank 809SH,1,,,,,,,,*,sh/img001-ex.jpg,*,sh/img001-ex.jpg,,,,,,,,,,,,,,,,,,,,,,,0,1,en_sh_ex_150,,1,,30600,30600,,5,,,,,,,,,,,,,,,,,"23,28","NEW extension,Extension SoftBank 809SH"
1667,11531,747,510,No,129,2,カート用延長フラグ,Extension SoftBank 809SH,1,,,,,,,,*,sh/img001-ex.jpg,*,sh/img001-ex.jpg,,,,,,,,,,,,,,,,,,,,,,,0,1,en_sh_ex_150,,1,,30600,30600,,5,,,,,,,,,,,,,,,,,"23,28","NEW extension,Extension SoftBank 809SH"
1667,11533,747,511,No,130,2,カート用延長フラグ,Extension SoftBank 809SH,1,,,,,,,,*,sh/img001-ex.jpg,*,sh/img001-ex.jpg,,,,,,,,,,,,,,,,,,,,,,,0,1,en_sh_ex_150,,1,,30600,30600,,5,,,,,,,,,,,,,,,,,"23,28","NEW extension,Extension SoftBank 809SH"
1667,11535,747,512,No,131,2,カート用延長フラグ,Extension SoftBank 809SH,1,,,,,,,,*,sh/img001-ex.jpg,*,sh/img001-ex.jpg,,,,,,,,,,,,,,,,,,,,,,,0,1,en_sh_ex_150,,1,,30600,30600,,5,,,,,,,,,,,,,,,,,"23,28","NEW extension,Extension SoftBank 809SH"
1667,11537,747,513,No,132,2,カート用延長フラグ,Extension SoftBank 809SH,1,,,,,,,,*,sh/img001-ex.jpg,*,sh/img001-ex.jpg,,,,,,,,,,,,,,,,,,,,,,,0,1,en_sh_ex_150,,1,,30600,30600,,5,,,,,,,,,,,,,,,,,"23,28","NEW extension,Extension SoftBank 809SH"
1667,11539,747,514,No,133,2,カート用延長フラグ,Extension SoftBank 809SH,1,,,,,,,,*,sh/img001-ex.jpg,*,sh/img001-ex.jpg,,,,,,,,,,,,,,,,,,,,,,,0,1,en_sh_ex_150,,1,,30600,30600,,5,,,,,,,,,,,,,,,,,"23,28","NEW extension,Extension SoftBank 809SH"
1667,11541,747,515,No,134,2,カート用延長フラグ,Extension SoftBank 809SH,1,,,,,,,,*,sh/img001-ex.jpg,*,sh/img001-ex.jpg,,,,,,,,,,,,,,,,,,,,,,,0,1,en_sh_ex_150,,1,,30600,30600,,5,,,,,,,,,,,,,,,,,"23,28","NEW extension,Extension SoftBank 809SH"
1667,11543,747,516,No,135,2,カート用延長フラグ,Extension SoftBank 809SH,1,,,,,,,,*,sh/img001-ex.jpg,*,sh/img001-ex.jpg,,,,,,,,,,,,,,,,,,,,,,,0,1,en_sh_ex_150,,1,,30600,30600,,5,,,,,,,,,,,,,,,,,"23,28","NEW extension,Extension SoftBank 809SH"
1667,11545,747,517,No,136,2,カート用延長フラグ,Extension SoftBank 809SH,1,,,,,,,,*,sh/img001-ex.jpg,*,sh/img001-ex.jpg,,,,,,,,,,,,,,,,,,,,,,,0,1,en_sh_ex_150,,1,,30600,30600,,5,,,,,,,,,,,,,,,,,"23,28","NEW extension,Extension SoftBank 809SH"
1667,11547,747,518,No,137,2,カート用延長フラグ,Extension SoftBank 809SH,1,,,,,,,,*,sh/img001-ex.jpg,*,sh/img001-ex.jpg,,,,,,,,,,,,,,,,,,,,,,,0,1,en_sh_ex_150,,1,,30600,30600,,5,,,,,,,,,,,,,,,,,"23,28","NEW extension,Extension SoftBank 809SH"
1667,11549,747,519,No,138,2,カート用延長フラグ,Extension SoftBank 809SH,1,,,,,,,,*,sh/img001-ex.jpg,*,sh/img001-ex.jpg,,,,,,,,,,,,,,,,,,,,,,,0,1,en_sh_ex_150,,1,,30600,30600,,5,,,,,,,,,,,,,,,,,"23,28","NEW extension,Extension SoftBank 809SH"
1667,11551,747,520,No,139,2,カート用延長フラグ,Extension SoftBank 809SH,1,,,,,,,,*,sh/img001-ex.jpg,*,sh/img001-ex.jpg,,,,,,,,,,,,,,,,,,,,,,,0,1,en_sh_ex_150,,1,,30600,30600,,5,,,,,,,,,,,,,,,,,"23,28","NEW extension,Extension SoftBank 809SH"
1667,11553,747,521,No,140,2,カート用延長フラグ,Extension SoftBank 809SH,1,,,,,,,,*,sh/img001-ex.jpg,*,sh/img001-ex.jpg,,,,,,,,,,,,,,,,,,,,,,,0,1,en_sh_ex_150,,1,,30600,30600,,5,,,,,,,,,,,,,,,,,"23,28","NEW extension,Extension SoftBank 809SH"
1667,11555,747,522,No,141,2,カート用延長フラグ,Extension SoftBank 809SH,1,,,,,,,,*,sh/img001-ex.jpg,*,sh/img001-ex.jpg,,,,,,,,,,,,,,,,,,,,,,,0,1,en_sh_ex_150,,1,,30600,30600,,5,,,,,,,,,,,,,,,,,"23,28","NEW extension,Extension SoftBank 809SH"
1667,11557,747,523,No,142,2,カート用延長フラグ,Extension SoftBank 809SH,1,,,,,,,,*,sh/img001-ex.jpg,*,sh/img001-ex.jpg,,,,,,,,,,,,,,,,,,,,,,,0,1,en_sh_ex_150,,1,,30600,30600,,5,,,,,,,,,,,,,,,,,"23,28","NEW extension,Extension SoftBank 809SH"
1667,11559,747,524,No,143,2,カート用延長フラグ,Extension SoftBank 809SH,1,,,,,,,,*,sh/img001-ex.jpg,*,sh/img001-ex.jpg,,,,,,,,,,,,,,,,,,,,,,,0,1,en_sh_ex_150,,1,,30600,30600,,5,,,,,,,,,,,,,,,,,"23,28","NEW extension,Extension SoftBank 809SH"
1667,11561,747,525,No,144,2,カート用延長フラグ,Extension SoftBank 809SH,1,,,,,,,,*,sh/img001-ex.jpg,*,sh/img001-ex.jpg,,,,,,,,,,,,,,,,,,,,,,,0,1,en_sh_ex_150,,1,,30600,30600,,5,,,,,,,,,,,,,,,,,"23,28","NEW extension,Extension SoftBank 809SH"
1667,11563,747,526,No,145,2,カート用延長フラグ,Extension SoftBank 809SH,1,,,,,,,,*,sh/img001-ex.jpg,*,sh/img001-ex.jpg,,,,,,,,,,,,,,,,,,,,,,,0,1,en_sh_ex_150,,1,,30600,30600,,5,,,,,,,,,,,,,,,,,"23,28","NEW extension,Extension SoftBank 809SH"
1667,11565,747,527,No,146,2,カート用延長フラグ,Extension SoftBank 809SH,1,,,,,,,,*,sh/img001-ex.jpg,*,sh/img001-ex.jpg,,,,,,,,,,,,,,,,,,,,,,,0,1,en_sh_ex_150,,1,,30600,30600,,5,,,,,,,,,,,,,,,,,"23,28","NEW extension,Extension SoftBank 809SH"
1667,11567,747,528,No,147,2,カート用延長フラグ,Extension SoftBank 809SH,1,,,,,,,,*,sh/img001-ex.jpg,*,sh/img001-ex.jpg,,,,,,,,,,,,,,,,,,,,,,,0,1,en_sh_ex_150,,1,,30600,30600,,5,,,,,,,,,,,,,,,,,"23,28","NEW extension,Extension SoftBank 809SH"
1667,11569,747,529,No,148,2,カート用延長フラグ,Extension SoftBank 809SH,1,,,,,,,,*,sh/img001-ex.jpg,*,sh/img001-ex.jpg,,,,,,,,,,,,,,,,,,,,,,,0,1,en_sh_ex_150,,1,,30600,30600,,5,,,,,,,,,,,,,,,,,"23,28","NEW extension,Extension SoftBank 809SH"
1667,11571,747,530,No,149,2,カート用延長フラグ,Extension SoftBank 809SH,1,,,,,,,,*,sh/img001-ex.jpg,*,sh/img001-ex.jpg,,,,,,,,,,,,,,,,,,,,,,,0,1,en_sh_ex_150,,1,,30600,30600,,5,,,,,,,,,,,,,,,,,"23,28","NEW extension,Extension SoftBank 809SH"
1667,11573,747,531,No,150,2,カート用延長フラグ,Extension SoftBank 809SH,1,,,,,,,,*,sh/img001-ex.jpg,*,sh/img001-ex.jpg,,,,,,,,,,,,,,,,,,,,,,,0,1,en_sh_ex_150,,1,,30600,30600,,5,,,,,,,,,,,,,,,,,"23,28","NEW extension,Extension SoftBank 809SH"
1667,11575,747,532,No,151,2,カート用延長フラグ,Extension SoftBank 809SH,1,,,,,,,,*,sh/img001-ex.jpg,*,sh/img001-ex.jpg,,,,,,,,,,,,,,,,,,,,,,,0,1,en_sh_ex_151,,1,,31190,31190,,5,,,,,,,,,,,,,,,,,"23,28","NEW extension,Extension SoftBank 809SH"
1667,11577,747,533,No,152,2,カート用延長フラグ,Extension SoftBank 809SH,1,,,,,,,,*,sh/img001-ex.jpg,*,sh/img001-ex.jpg,,,,,,,,,,,,,,,,,,,,,,,0,1,en_sh_ex_152,,1,,31780,31780,,5,,,,,,,,,,,,,,,,,"23,28","NEW extension,Extension SoftBank 809SH"
1667,11579,747,534,No,153,2,カート用延長フラグ,Extension SoftBank 809SH,1,,,,,,,,*,sh/img001-ex.jpg,*,sh/img001-ex.jpg,,,,,,,,,,,,,,,,,,,,,,,0,1,en_sh_ex_153,,1,,32370,32370,,5,,,,,,,,,,,,,,,,,"23,28","NEW extension,Extension SoftBank 809SH"
1667,11581,747,535,No,154,2,カート用延長フラグ,Extension SoftBank 809SH,1,,,,,,,,*,sh/img001-ex.jpg,*,sh/img001-ex.jpg,,,,,,,,,,,,,,,,,,,,,,,0,1,en_sh_ex_154,,1,,32960,32960,,5,,,,,,,,,,,,,,,,,"23,28","NEW extension,Extension SoftBank 809SH"
1667,11583,747,536,No,155,2,カート用延長フラグ,Extension SoftBank 809SH,1,,,,,,,,*,sh/img001-ex.jpg,*,sh/img001-ex.jpg,,,,,,,,,,,,,,,,,,,,,,,0,1,en_sh_ex_155,,1,,33550,33550,,5,,,,,,,,,,,,,,,,,"23,28","NEW extension,Extension SoftBank 809SH"
1667,11585,747,537,No,156,2,カート用延長フラグ,Extension SoftBank 809SH,1,,,,,,,,*,sh/img001-ex.jpg,*,sh/img001-ex.jpg,,,,,,,,,,,,,,,,,,,,,,,0,1,en_sh_ex_180,,1,,33600,33600,,5,,,,,,,,,,,,,,,,,"23,28","NEW extension,Extension SoftBank 809SH"
1667,11587,747,538,No,157,2,カート用延長フラグ,Extension SoftBank 809SH,1,,,,,,,,*,sh/img001-ex.jpg,*,sh/img001-ex.jpg,,,,,,,,,,,,,,,,,,,,,,,0,1,en_sh_ex_180,,1,,33600,33600,,5,,,,,,,,,,,,,,,,,"23,28","NEW extension,Extension SoftBank 809SH"
1667,11589,747,539,No,158,2,カート用延長フラグ,Extension SoftBank 809SH,1,,,,,,,,*,sh/img001-ex.jpg,*,sh/img001-ex.jpg,,,,,,,,,,,,,,,,,,,,,,,0,1,en_sh_ex_180,,1,,33600,33600,,5,,,,,,,,,,,,,,,,,"23,28","NEW extension,Extension SoftBank 809SH"
1667,11591,747,540,No,159,2,カート用延長フラグ,Extension SoftBank 809SH,1,,,,,,,,*,sh/img001-ex.jpg,*,sh/img001-ex.jpg,,,,,,,,,,,,,,,,,,,,,,,0,1,en_sh_ex_180,,1,,33600,33600,,5,,,,,,,,,,,,,,,,,"23,28","NEW extension,Extension SoftBank 809SH"
1667,11593,747,541,No,160,2,カート用延長フラグ,Extension SoftBank 809SH,1,,,,,,,,*,sh/img001-ex.jpg,*,sh/img001-ex.jpg,,,,,,,,,,,,,,,,,,,,,,,0,1,en_sh_ex_180,,1,,33600,33600,,5,,,,,,,,,,,,,,,,,"23,28","NEW extension,Extension SoftBank 809SH"
1667,11595,747,542,No,161,2,カート用延長フラグ,Extension SoftBank 809SH,1,,,,,,,,*,sh/img001-ex.jpg,*,sh/img001-ex.jpg,,,,,,,,,,,,,,,,,,,,,,,0,1,en_sh_ex_180,,1,,33600,33600,,5,,,,,,,,,,,,,,,,,"23,28","NEW extension,Extension SoftBank 809SH"
1667,11597,747,543,No,162,2,カート用延長フラグ,Extension SoftBank 809SH,1,,,,,,,,*,sh/img001-ex.jpg,*,sh/img001-ex.jpg,,,,,,,,,,,,,,,,,,,,,,,0,1,en_sh_ex_180,,1,,33600,33600,,5,,,,,,,,,,,,,,,,,"23,28","NEW extension,Extension SoftBank 809SH"
1667,11599,747,544,No,163,2,カート用延長フラグ,Extension SoftBank 809SH,1,,,,,,,,*,sh/img001-ex.jpg,*,sh/img001-ex.jpg,,,,,,,,,,,,,,,,,,,,,,,0,1,en_sh_ex_180,,1,,33600,33600,,5,,,,,,,,,,,,,,,,,"23,28","NEW extension,Extension SoftBank 809SH"
1667,11601,747,545,No,164,2,カート用延長フラグ,Extension SoftBank 809SH,1,,,,,,,,*,sh/img001-ex.jpg,*,sh/img001-ex.jpg,,,,,,,,,,,,,,,,,,,,,,,0,1,en_sh_ex_180,,1,,33600,33600,,5,,,,,,,,,,,,,,,,,"23,28","NEW extension,Extension SoftBank 809SH"
1667,11603,747,546,No,165,2,カート用延長フラグ,Extension SoftBank 809SH,1,,,,,,,,*,sh/img001-ex.jpg,*,sh/img001-ex.jpg,,,,,,,,,,,,,,,,,,,,,,,0,1,en_sh_ex_180,,1,,33600,33600,,5,,,,,,,,,,,,,,,,,"23,28","NEW extension,Extension SoftBank 809SH"
1667,11605,747,547,No,166,2,カート用延長フラグ,Extension SoftBank 809SH,1,,,,,,,,*,sh/img001-ex.jpg,*,sh/img001-ex.jpg,,,,,,,,,,,,,,,,,,,,,,,0,1,en_sh_ex_180,,1,,33600,33600,,5,,,,,,,,,,,,,,,,,"23,28","NEW extension,Extension SoftBank 809SH"
1667,11607,747,548,No,167,2,カート用延長フラグ,Extension SoftBank 809SH,1,,,,,,,,*,sh/img001-ex.jpg,*,sh/img001-ex.jpg,,,,,,,,,,,,,,,,,,,,,,,0,1,en_sh_ex_180,,1,,33600,33600,,5,,,,,,,,,,,,,,,,,"23,28","NEW extension,Extension SoftBank 809SH"
1667,11609,747,549,No,168,2,カート用延長フラグ,Extension SoftBank 809SH,1,,,,,,,,*,sh/img001-ex.jpg,*,sh/img001-ex.jpg,,,,,,,,,,,,,,,,,,,,,,,0,1,en_sh_ex_180,,1,,33600,33600,,5,,,,,,,,,,,,,,,,,"23,28","NEW extension,Extension SoftBank 809SH"
1667,11611,747,550,No,169,2,カート用延長フラグ,Extension SoftBank 809SH,1,,,,,,,,*,sh/img001-ex.jpg,*,sh/img001-ex.jpg,,,,,,,,,,,,,,,,,,,,,,,0,1,en_sh_ex_180,,1,,33600,33600,,5,,,,,,,,,,,,,,,,,"23,28","NEW extension,Extension SoftBank 809SH"
1667,11613,747,551,No,170,2,カート用延長フラグ,Extension SoftBank 809SH,1,,,,,,,,*,sh/img001-ex.jpg,*,sh/img001-ex.jpg,,,,,,,,,,,,,,,,,,,,,,,0,1,en_sh_ex_180,,1,,33600,33600,,5,,,,,,,,,,,,,,,,,"23,28","NEW extension,Extension SoftBank 809SH"
1667,11615,747,552,No,171,2,カート用延長フラグ,Extension SoftBank 809SH,1,,,,,,,,*,sh/img001-ex.jpg,*,sh/img001-ex.jpg,,,,,,,,,,,,,,,,,,,,,,,0,1,en_sh_ex_180,,1,,33600,33600,,5,,,,,,,,,,,,,,,,,"23,28","NEW extension,Extension SoftBank 809SH"
1667,11617,747,553,No,172,2,カート用延長フラグ,Extension SoftBank 809SH,1,,,,,,,,*,sh/img001-ex.jpg,*,sh/img001-ex.jpg,,,,,,,,,,,,,,,,,,,,,,,0,1,en_sh_ex_180,,1,,33600,33600,,5,,,,,,,,,,,,,,,,,"23,28","NEW extension,Extension SoftBank 809SH"
1667,11619,747,554,No,173,2,カート用延長フラグ,Extension SoftBank 809SH,1,,,,,,,,*,sh/img001-ex.jpg,*,sh/img001-ex.jpg,,,,,,,,,,,,,,,,,,,,,,,0,1,en_sh_ex_180,,1,,33600,33600,,5,,,,,,,,,,,,,,,,,"23,28","NEW extension,Extension SoftBank 809SH"
1667,11621,747,555,No,174,2,カート用延長フラグ,Extension SoftBank 809SH,1,,,,,,,,*,sh/img001-ex.jpg,*,sh/img001-ex.jpg,,,,,,,,,,,,,,,,,,,,,,,0,1,en_sh_ex_180,,1,,33600,33600,,5,,,,,,,,,,,,,,,,,"23,28","NEW extension,Extension SoftBank 809SH"
1667,11623,747,556,No,175,2,カート用延長フラグ,Extension SoftBank 809SH,1,,,,,,,,*,sh/img001-ex.jpg,*,sh/img001-ex.jpg,,,,,,,,,,,,,,,,,,,,,,,0,1,en_sh_ex_180,,1,,33600,33600,,5,,,,,,,,,,,,,,,,,"23,28","NEW extension,Extension SoftBank 809SH"
1667,11625,747,557,No,176,2,カート用延長フラグ,Extension SoftBank 809SH,1,,,,,,,,*,sh/img001-ex.jpg,*,sh/img001-ex.jpg,,,,,,,,,,,,,,,,,,,,,,,0,1,en_sh_ex_180,,1,,33600,33600,,5,,,,,,,,,,,,,,,,,"23,28","NEW extension,Extension SoftBank 809SH"
1667,11627,747,558,No,177,2,カート用延長フラグ,Extension SoftBank 809SH,1,,,,,,,,*,sh/img001-ex.jpg,*,sh/img001-ex.jpg,,,,,,,,,,,,,,,,,,,,,,,0,1,en_sh_ex_180,,1,,33600,33600,,5,,,,,,,,,,,,,,,,,"23,28","NEW extension,Extension SoftBank 809SH"
1667,11629,747,559,No,178,2,カート用延長フラグ,Extension SoftBank 809SH,1,,,,,,,,*,sh/img001-ex.jpg,*,sh/img001-ex.jpg,,,,,,,,,,,,,,,,,,,,,,,0,1,en_sh_ex_180,,1,,33600,33600,,5,,,,,,,,,,,,,,,,,"23,28","NEW extension,Extension SoftBank 809SH"
1667,11631,747,560,No,179,2,カート用延長フラグ,Extension SoftBank 809SH,1,,,,,,,,*,sh/img001-ex.jpg,*,sh/img001-ex.jpg,,,,,,,,,,,,,,,,,,,,,,,0,1,en_sh_ex_180,,1,,33600,33600,,5,,,,,,,,,,,,,,,,,"23,28","NEW extension,Extension SoftBank 809SH"
1667,11633,747,561,No,180,2,カート用延長フラグ,Extension SoftBank 809SH,1,,,,,,,,*,sh/img001-ex.jpg,*,sh/img001-ex.jpg,,,,,,,,,,,,,,,,,,,,,,,0,1,en_sh_ex_180,,1,,33600,33600,,5,,,,,,,,,,,,,,,,,"23,28","NEW extension,Extension SoftBank 809SH"
1667,11635,747,562,No,181,2,カート用延長フラグ,Extension SoftBank 809SH,1,,,,,,,,*,sh/img001-ex.jpg,*,sh/img001-ex.jpg,,,,,,,,,,,,,,,,,,,,,,,0,1,en_sh_ex_181,,1,,34190,34190,,5,,,,,,,,,,,,,,,,,"23,28","NEW extension,Extension SoftBank 809SH"
1667,11637,747,563,No,182,2,カート用延長フラグ,Extension SoftBank 809SH,1,,,,,,,,*,sh/img001-ex.jpg,*,sh/img001-ex.jpg,,,,,,,,,,,,,,,,,,,,,,,0,1,en_sh_ex_182,,1,,34780,34780,,5,,,,,,,,,,,,,,,,,"23,28","NEW extension,Extension SoftBank 809SH"
1667,11639,747,564,No,183,2,カート用延長フラグ,Extension SoftBank 809SH,1,,,,,,,,*,sh/img001-ex.jpg,*,sh/img001-ex.jpg,,,,,,,,,,,,,,,,,,,,,,,0,1,en_sh_ex_183,,1,,35370,35370,,5,,,,,,,,,,,,,,,,,"23,28","NEW extension,Extension SoftBank 809SH"
1667,11641,747,565,No,184,2,カート用延長フラグ,Extension SoftBank 809SH,1,,,,,,,,*,sh/img001-ex.jpg,*,sh/img001-ex.jpg,,,,,,,,,,,,,,,,,,,,,,,0,1,en_sh_ex_184,,1,,35960,35960,,5,,,,,,,,,,,,,,,,,"23,28","NEW extension,Extension SoftBank 809SH"
1667,11643,747,566,No,185,2,カート用延長フラグ,Extension SoftBank 809SH,1,,,,,,,,*,sh/img001-ex.jpg,*,sh/img001-ex.jpg,,,,,,,,,,,,,,,,,,,,,,,0,1,en_sh_ex_185,,1,,36550,36550,,5,,,,,,,,,,,,,,,,,"23,28","NEW extension,Extension SoftBank 809SH"
1667,11645,747,567,No,186,2,カート用延長フラグ,Extension SoftBank 809SH,1,,,,,,,,*,sh/img001-ex.jpg,*,sh/img001-ex.jpg,,,,,,,,,,,,,,,,,,,,,,,0,1,en_sh_ex_186,,1,,37140,37140,,5,,,,,,,,,,,,,,,,,"23,28","NEW extension,Extension SoftBank 809SH"
1667,11647,747,568,No,187,2,カート用延長フラグ,Extension SoftBank 809SH,1,,,,,,,,*,sh/img001-ex.jpg,*,sh/img001-ex.jpg,,,,,,,,,,,,,,,,,,,,,,,0,1,en_sh_ex_187,,1,,37730,37730,,5,,,,,,,,,,,,,,,,,"23,28","NEW extension,Extension SoftBank 809SH"
1667,11649,747,569,No,188,2,カート用延長フラグ,Extension SoftBank 809SH,1,,,,,,,,*,sh/img001-ex.jpg,*,sh/img001-ex.jpg,,,,,,,,,,,,,,,,,,,,,,,0,1,en_sh_ex_188,,1,,38320,38320,,5,,,,,,,,,,,,,,,,,"23,28","NEW extension,Extension SoftBank 809SH"
1667,11651,747,570,No,189,2,カート用延長フラグ,Extension SoftBank 809SH,1,,,,,,,,*,sh/img001-ex.jpg,*,sh/img001-ex.jpg,,,,,,,,,,,,,,,,,,,,,,,0,1,en_sh_ex_189,,1,,38910,38910,,5,,,,,,,,,,,,,,,,,"23,28","NEW extension,Extension SoftBank 809SH"
1667,11653,747,571,No,190,2,カート用延長フラグ,Extension SoftBank 809SH,1,,,,,,,,*,sh/img001-ex.jpg,*,sh/img001-ex.jpg,,,,,,,,,,,,,,,,,,,,,,,0,1,en_sh_ex_190,,1,,39500,39500,,5,,,,,,,,,,,,,,,,,"23,28","NEW extension,Extension SoftBank 809SH"
1667,11655,747,572,No,191,2,カート用延長フラグ,Extension SoftBank 809SH,1,,,,,,,,*,sh/img001-ex.jpg,*,sh/img001-ex.jpg,,,,,,,,,,,,,,,,,,,,,,,0,1,en_sh_ex_191,,1,,40090,40090,,5,,,,,,,,,,,,,,,,,"23,28","NEW extension,Extension SoftBank 809SH"
1667,11657,747,573,No,192,2,カート用延長フラグ,Extension SoftBank 809SH,1,,,,,,,,*,sh/img001-ex.jpg,*,sh/img001-ex.jpg,,,,,,,,,,,,,,,,,,,,,,,0,1,en_sh_ex_192,,1,,40680,40680,,5,,,,,,,,,,,,,,,,,"23,28","NEW extension,Extension SoftBank 809SH"
1667,11659,747,574,No,193,2,カート用延長フラグ,Extension SoftBank 809SH,1,,,,,,,,*,sh/img001-ex.jpg,*,sh/img001-ex.jpg,,,,,,,,,,,,,,,,,,,,,,,0,1,en_sh_ex_193,,1,,41270,41270,,5,,,,,,,,,,,,,,,,,"23,28","NEW extension,Extension SoftBank 809SH"
1667,11661,747,575,No,194,2,カート用延長フラグ,Extension SoftBank 809SH,1,,,,,,,,*,sh/img001-ex.jpg,*,sh/img001-ex.jpg,,,,,,,,,,,,,,,,,,,,,,,0,1,en_sh_ex_194,,1,,41860,41860,,5,,,,,,,,,,,,,,,,,"23,28","NEW extension,Extension SoftBank 809SH"
1667,11663,747,576,No,195,2,カート用延長フラグ,Extension SoftBank 809SH,1,,,,,,,,*,sh/img001-ex.jpg,*,sh/img001-ex.jpg,,,,,,,,,,,,,,,,,,,,,,,0,1,en_sh_ex_211,,1,,42450,42450,,5,,,,,,,,,,,,,,,,,"23,28","NEW extension,Extension SoftBank 809SH"
1667,11665,747,577,No,196,2,カート用延長フラグ,Extension SoftBank 809SH,1,,,,,,,,*,sh/img001-ex.jpg,*,sh/img001-ex.jpg,,,,,,,,,,,,,,,,,,,,,,,0,1,en_sh_ex_211,,1,,42450,42450,,5,,,,,,,,,,,,,,,,,"23,28","NEW extension,Extension SoftBank 809SH"
1667,11667,747,578,No,197,2,カート用延長フラグ,Extension SoftBank 809SH,1,,,,,,,,*,sh/img001-ex.jpg,*,sh/img001-ex.jpg,,,,,,,,,,,,,,,,,,,,,,,0,1,en_sh_ex_211,,1,,42450,42450,,5,,,,,,,,,,,,,,,,,"23,28","NEW extension,Extension SoftBank 809SH"
1667,11669,747,579,No,198,2,カート用延長フラグ,Extension SoftBank 809SH,1,,,,,,,,*,sh/img001-ex.jpg,*,sh/img001-ex.jpg,,,,,,,,,,,,,,,,,,,,,,,0,1,en_sh_ex_211,,1,,42450,42450,,5,,,,,,,,,,,,,,,,,"23,28","NEW extension,Extension SoftBank 809SH"
1667,11671,747,580,No,199,2,カート用延長フラグ,Extension SoftBank 809SH,1,,,,,,,,*,sh/img001-ex.jpg,*,sh/img001-ex.jpg,,,,,,,,,,,,,,,,,,,,,,,0,1,en_sh_ex_211,,1,,42450,42450,,5,,,,,,,,,,,,,,,,,"23,28","NEW extension,Extension SoftBank 809SH"
1667,11673,747,581,No,200,2,カート用延長フラグ,Extension SoftBank 809SH,1,,,,,,,,*,sh/img001-ex.jpg,*,sh/img001-ex.jpg,,,,,,,,,,,,,,,,,,,,,,,0,1,en_sh_ex_211,,1,,42450,42450,,5,,,,,,,,,,,,,,,,,"23,28","NEW extension,Extension SoftBank 809SH"
1667,11675,747,582,No,201,2,カート用延長フラグ,Extension SoftBank 809SH,1,,,,,,,,*,sh/img001-ex.jpg,*,sh/img001-ex.jpg,,,,,,,,,,,,,,,,,,,,,,,0,1,en_sh_ex_211,,1,,42450,42450,,5,,,,,,,,,,,,,,,,,"23,28","NEW extension,Extension SoftBank 809SH"
1667,11677,747,583,No,202,2,カート用延長フラグ,Extension SoftBank 809SH,1,,,,,,,,*,sh/img001-ex.jpg,*,sh/img001-ex.jpg,,,,,,,,,,,,,,,,,,,,,,,0,1,en_sh_ex_211,,1,,42450,42450,,5,,,,,,,,,,,,,,,,,"23,28","NEW extension,Extension SoftBank 809SH"
1667,11679,747,584,No,203,2,カート用延長フラグ,Extension SoftBank 809SH,1,,,,,,,,*,sh/img001-ex.jpg,*,sh/img001-ex.jpg,,,,,,,,,,,,,,,,,,,,,,,0,1,en_sh_ex_211,,1,,42450,42450,,5,,,,,,,,,,,,,,,,,"23,28","NEW extension,Extension SoftBank 809SH"
1667,11681,747,585,No,204,2,カート用延長フラグ,Extension SoftBank 809SH,1,,,,,,,,*,sh/img001-ex.jpg,*,sh/img001-ex.jpg,,,,,,,,,,,,,,,,,,,,,,,0,1,en_sh_ex_211,,1,,42450,42450,,5,,,,,,,,,,,,,,,,,"23,28","NEW extension,Extension SoftBank 809SH"
1667,11683,747,586,No,205,2,カート用延長フラグ,Extension SoftBank 809SH,1,,,,,,,,*,sh/img001-ex.jpg,*,sh/img001-ex.jpg,,,,,,,,,,,,,,,,,,,,,,,0,1,en_sh_ex_211,,1,,42450,42450,,5,,,,,,,,,,,,,,,,,"23,28","NEW extension,Extension SoftBank 809SH"
1667,11685,747,587,No,206,2,カート用延長フラグ,Extension SoftBank 809SH,1,,,,,,,,*,sh/img001-ex.jpg,*,sh/img001-ex.jpg,,,,,,,,,,,,,,,,,,,,,,,0,1,en_sh_ex_211,,1,,42450,42450,,5,,,,,,,,,,,,,,,,,"23,28","NEW extension,Extension SoftBank 809SH"
1667,11687,747,588,No,207,2,カート用延長フラグ,Extension SoftBank 809SH,1,,,,,,,,*,sh/img001-ex.jpg,*,sh/img001-ex.jpg,,,,,,,,,,,,,,,,,,,,,,,0,1,en_sh_ex_211,,1,,42450,42450,,5,,,,,,,,,,,,,,,,,"23,28","NEW extension,Extension SoftBank 809SH"
1667,11689,747,589,No,208,2,カート用延長フラグ,Extension SoftBank 809SH,1,,,,,,,,*,sh/img001-ex.jpg,*,sh/img001-ex.jpg,,,,,,,,,,,,,,,,,,,,,,,0,1,en_sh_ex_211,,1,,42450,42450,,5,,,,,,,,,,,,,,,,,"23,28","NEW extension,Extension SoftBank 809SH"
1667,11691,747,590,No,209,2,カート用延長フラグ,Extension SoftBank 809SH,1,,,,,,,,*,sh/img001-ex.jpg,*,sh/img001-ex.jpg,,,,,,,,,,,,,,,,,,,,,,,0,1,en_sh_ex_211,,1,,42450,42450,,5,,,,,,,,,,,,,,,,,"23,28","NEW extension,Extension SoftBank 809SH"
1667,11693,747,591,No,210,2,カート用延長フラグ,Extension SoftBank 809SH,1,,,,,,,,*,sh/img001-ex.jpg,*,sh/img001-ex.jpg,,,,,,,,,,,,,,,,,,,,,,,0,1,en_sh_ex_211,,1,,42450,42450,,5,,,,,,,,,,,,,,,,,"23,28","NEW extension,Extension SoftBank 809SH"
1667,11695,747,592,No,211,2,カート用延長フラグ,Extension SoftBank 809SH,1,,,,,,,,*,sh/img001-ex.jpg,*,sh/img001-ex.jpg,,,,,,,,,,,,,,,,,,,,,,,0,1,en_sh_ex_211,,1,,42450,42450,,5,,,,,,,,,,,,,,,,,"23,28","NEW extension,Extension SoftBank 809SH"
1667,11697,747,593,No,212,2,カート用延長フラグ,Extension SoftBank 809SH,1,,,,,,,,*,sh/img001-ex.jpg,*,sh/img001-ex.jpg,,,,,,,,,,,,,,,,,,,,,,,0,1,en_sh_ex_212,,1,,43040,43040,,5,,,,,,,,,,,,,,,,,"23,28","NEW extension,Extension SoftBank 809SH"
1667,11699,747,594,No,213,2,カート用延長フラグ,Extension SoftBank 809SH,1,,,,,,,,*,sh/img001-ex.jpg,*,sh/img001-ex.jpg,,,,,,,,,,,,,,,,,,,,,,,0,1,en_sh_ex_213,,1,,43630,43630,,5,,,,,,,,,,,,,,,,,"23,28","NEW extension,Extension SoftBank 809SH"
1667,11701,747,595,No,214,2,カート用延長フラグ,Extension SoftBank 809SH,1,,,,,,,,*,sh/img001-ex.jpg,*,sh/img001-ex.jpg,,,,,,,,,,,,,,,,,,,,,,,0,1,en_sh_ex_214,,1,,44220,44220,,5,,,,,,,,,,,,,,,,,"23,28","NEW extension,Extension SoftBank 809SH"
1667,11703,747,596,No,215,2,カート用延長フラグ,Extension SoftBank 809SH,1,,,,,,,,*,sh/img001-ex.jpg,*,sh/img001-ex.jpg,,,,,,,,,,,,,,,,,,,,,,,0,1,en_sh_ex_215,,1,,44810,44810,,5,,,,,,,,,,,,,,,,,"23,28","NEW extension,Extension SoftBank 809SH"
1667,11705,747,597,No,216,2,カート用延長フラグ,Extension SoftBank 809SH,1,,,,,,,,*,sh/img001-ex.jpg,*,sh/img001-ex.jpg,,,,,,,,,,,,,,,,,,,,,,,0,1,en_sh_ex_216,,1,,45400,45400,,5,,,,,,,,,,,,,,,,,"23,28","NEW extension,Extension SoftBank 809SH"
1667,11707,747,598,No,217,2,カート用延長フラグ,Extension SoftBank 809SH,1,,,,,,,,*,sh/img001-ex.jpg,*,sh/img001-ex.jpg,,,,,,,,,,,,,,,,,,,,,,,0,1,en_sh_ex_217,,1,,45990,45990,,5,,,,,,,,,,,,,,,,,"23,28","NEW extension,Extension SoftBank 809SH"
1667,11709,747,599,No,218,2,カート用延長フラグ,Extension SoftBank 809SH,1,,,,,,,,*,sh/img001-ex.jpg,*,sh/img001-ex.jpg,,,,,,,,,,,,,,,,,,,,,,,0,1,en_sh_ex_218,,1,,46580,46580,,5,,,,,,,,,,,,,,,,,"23,28","NEW extension,Extension SoftBank 809SH"
1667,11711,747,600,No,219,2,カート用延長フラグ,Extension SoftBank 809SH,1,,,,,,,,*,sh/img001-ex.jpg,*,sh/img001-ex.jpg,,,,,,,,,,,,,,,,,,,,,,,0,1,en_sh_ex_219,,1,,47170,47170,,5,,,,,,,,,,,,,,,,,"23,28","NEW extension,Extension SoftBank 809SH"
1667,11713,747,601,No,220,2,カート用延長フラグ,Extension SoftBank 809SH,1,,,,,,,,*,sh/img001-ex.jpg,*,sh/img001-ex.jpg,,,,,,,,,,,,,,,,,,,,,,,0,1,en_sh_ex_220,,1,,47760,47760,,5,,,,,,,,,,,,,,,,,"23,28","NEW extension,Extension SoftBank 809SH"
1667,11715,747,602,No,221,2,カート用延長フラグ,Extension SoftBank 809SH,1,,,,,,,,*,sh/img001-ex.jpg,*,sh/img001-ex.jpg,,,,,,,,,,,,,,,,,,,,,,,0,1,en_sh_ex_221,,1,,48350,48350,,5,,,,,,,,,,,,,,,,,"23,28","NEW extension,Extension SoftBank 809SH"
1667,11717,747,603,No,222,2,カート用延長フラグ,Extension SoftBank 809SH,1,,,,,,,,*,sh/img001-ex.jpg,*,sh/img001-ex.jpg,,,,,,,,,,,,,,,,,,,,,,,0,1,en_sh_ex_222,,1,,48940,48940,,5,,,,,,,,,,,,,,,,,"23,28","NEW extension,Extension SoftBank 809SH"
1667,11719,747,604,No,223,2,カート用延長フラグ,Extension SoftBank 809SH,1,,,,,,,,*,sh/img001-ex.jpg,*,sh/img001-ex.jpg,,,,,,,,,,,,,,,,,,,,,,,0,1,en_sh_ex_241,,1,,49300,49300,,5,,,,,,,,,,,,,,,,,"23,28","NEW extension,Extension SoftBank 809SH"
1667,11721,747,605,No,224,2,カート用延長フラグ,Extension SoftBank 809SH,1,,,,,,,,*,sh/img001-ex.jpg,*,sh/img001-ex.jpg,,,,,,,,,,,,,,,,,,,,,,,0,1,en_sh_ex_241,,1,,49300,49300,,5,,,,,,,,,,,,,,,,,"23,28","NEW extension,Extension SoftBank 809SH"
1667,11723,747,606,No,225,2,カート用延長フラグ,Extension SoftBank 809SH,1,,,,,,,,*,sh/img001-ex.jpg,*,sh/img001-ex.jpg,,,,,,,,,,,,,,,,,,,,,,,0,1,en_sh_ex_241,,1,,49300,49300,,5,,,,,,,,,,,,,,,,,"23,28","NEW extension,Extension SoftBank 809SH"
1667,11725,747,607,No,226,2,カート用延長フラグ,Extension SoftBank 809SH,1,,,,,,,,*,sh/img001-ex.jpg,*,sh/img001-ex.jpg,,,,,,,,,,,,,,,,,,,,,,,0,1,en_sh_ex_241,,1,,49300,49300,,5,,,,,,,,,,,,,,,,,"23,28","NEW extension,Extension SoftBank 809SH"
1667,11727,747,608,No,227,2,カート用延長フラグ,Extension SoftBank 809SH,1,,,,,,,,*,sh/img001-ex.jpg,*,sh/img001-ex.jpg,,,,,,,,,,,,,,,,,,,,,,,0,1,en_sh_ex_241,,1,,49300,49300,,5,,,,,,,,,,,,,,,,,"23,28","NEW extension,Extension SoftBank 809SH"
1667,11729,747,609,No,228,2,カート用延長フラグ,Extension SoftBank 809SH,1,,,,,,,,*,sh/img001-ex.jpg,*,sh/img001-ex.jpg,,,,,,,,,,,,,,,,,,,,,,,0,1,en_sh_ex_241,,1,,49300,49300,,5,,,,,,,,,,,,,,,,,"23,28","NEW extension,Extension SoftBank 809SH"
1667,11731,747,610,No,229,2,カート用延長フラグ,Extension SoftBank 809SH,1,,,,,,,,*,sh/img001-ex.jpg,*,sh/img001-ex.jpg,,,,,,,,,,,,,,,,,,,,,,,0,1,en_sh_ex_241,,1,,49300,49300,,5,,,,,,,,,,,,,,,,,"23,28","NEW extension,Extension SoftBank 809SH"
1667,11733,747,611,No,230,2,カート用延長フラグ,Extension SoftBank 809SH,1,,,,,,,,*,sh/img001-ex.jpg,*,sh/img001-ex.jpg,,,,,,,,,,,,,,,,,,,,,,,0,1,en_sh_ex_241,,1,,49300,49300,,5,,,,,,,,,,,,,,,,,"23,28","NEW extension,Extension SoftBank 809SH"
1667,11735,747,612,No,231,2,カート用延長フラグ,Extension SoftBank 809SH,1,,,,,,,,*,sh/img001-ex.jpg,*,sh/img001-ex.jpg,,,,,,,,,,,,,,,,,,,,,,,0,1,en_sh_ex_241,,1,,49300,49300,,5,,,,,,,,,,,,,,,,,"23,28","NEW extension,Extension SoftBank 809SH"
1667,11737,747,613,No,232,2,カート用延長フラグ,Extension SoftBank 809SH,1,,,,,,,,*,sh/img001-ex.jpg,*,sh/img001-ex.jpg,,,,,,,,,,,,,,,,,,,,,,,0,1,en_sh_ex_241,,1,,49300,49300,,5,,,,,,,,,,,,,,,,,"23,28","NEW extension,Extension SoftBank 809SH"
1667,11739,747,614,No,233,2,カート用延長フラグ,Extension SoftBank 809SH,1,,,,,,,,*,sh/img001-ex.jpg,*,sh/img001-ex.jpg,,,,,,,,,,,,,,,,,,,,,,,0,1,en_sh_ex_241,,1,,49300,49300,,5,,,,,,,,,,,,,,,,,"23,28","NEW extension,Extension SoftBank 809SH"
1667,11741,747,615,No,234,2,カート用延長フラグ,Extension SoftBank 809SH,1,,,,,,,,*,sh/img001-ex.jpg,*,sh/img001-ex.jpg,,,,,,,,,,,,,,,,,,,,,,,0,1,en_sh_ex_241,,1,,49300,49300,,5,,,,,,,,,,,,,,,,,"23,28","NEW extension,Extension SoftBank 809SH"
1667,11743,747,616,No,235,2,カート用延長フラグ,Extension SoftBank 809SH,1,,,,,,,,*,sh/img001-ex.jpg,*,sh/img001-ex.jpg,,,,,,,,,,,,,,,,,,,,,,,0,1,en_sh_ex_241,,1,,49300,49300,,5,,,,,,,,,,,,,,,,,"23,28","NEW extension,Extension SoftBank 809SH"
1667,11745,747,617,No,236,2,カート用延長フラグ,Extension SoftBank 809SH,1,,,,,,,,*,sh/img001-ex.jpg,*,sh/img001-ex.jpg,,,,,,,,,,,,,,,,,,,,,,,0,1,en_sh_ex_241,,1,,49300,49300,,5,,,,,,,,,,,,,,,,,"23,28","NEW extension,Extension SoftBank 809SH"
1667,11747,747,618,No,237,2,カート用延長フラグ,Extension SoftBank 809SH,1,,,,,,,,*,sh/img001-ex.jpg,*,sh/img001-ex.jpg,,,,,,,,,,,,,,,,,,,,,,,0,1,en_sh_ex_241,,1,,49300,49300,,5,,,,,,,,,,,,,,,,,"23,28","NEW extension,Extension SoftBank 809SH"
1667,11749,747,619,No,238,2,カート用延長フラグ,Extension SoftBank 809SH,1,,,,,,,,*,sh/img001-ex.jpg,*,sh/img001-ex.jpg,,,,,,,,,,,,,,,,,,,,,,,0,1,en_sh_ex_241,,1,,49300,49300,,5,,,,,,,,,,,,,,,,,"23,28","NEW extension,Extension SoftBank 809SH"
1667,11751,747,620,No,239,2,カート用延長フラグ,Extension SoftBank 809SH,1,,,,,,,,*,sh/img001-ex.jpg,*,sh/img001-ex.jpg,,,,,,,,,,,,,,,,,,,,,,,0,1,en_sh_ex_241,,1,,49300,49300,,5,,,,,,,,,,,,,,,,,"23,28","NEW extension,Extension SoftBank 809SH"
1667,11753,747,621,No,240,2,カート用延長フラグ,Extension SoftBank 809SH,1,,,,,,,,*,sh/img001-ex.jpg,*,sh/img001-ex.jpg,,,,,,,,,,,,,,,,,,,,,,,0,1,en_sh_ex_241,,1,,49300,49300,,5,,,,,,,,,,,,,,,,,"23,28","NEW extension,Extension SoftBank 809SH"
1667,11755,747,622,No,241,2,カート用延長フラグ,Extension SoftBank 809SH,1,,,,,,,,*,sh/img001-ex.jpg,*,sh/img001-ex.jpg,,,,,,,,,,,,,,,,,,,,,,,0,1,en_sh_ex_241,,1,,49300,49300,,5,,,,,,,,,,,,,,,,,"23,28","NEW extension,Extension SoftBank 809SH"
1667,11757,747,623,No,242,2,カート用延長フラグ,Extension SoftBank 809SH,1,,,,,,,,*,sh/img001-ex.jpg,*,sh/img001-ex.jpg,,,,,,,,,,,,,,,,,,,,,,,0,1,en_sh_ex_242,,1,,49890,49890,,5,,,,,,,,,,,,,,,,,"23,28","NEW extension,Extension SoftBank 809SH"
1667,11759,747,624,No,243,2,カート用延長フラグ,Extension SoftBank 809SH,1,,,,,,,,*,sh/img001-ex.jpg,*,sh/img001-ex.jpg,,,,,,,,,,,,,,,,,,,,,,,0,1,en_sh_ex_243,,1,,50480,50480,,5,,,,,,,,,,,,,,,,,"23,28","NEW extension,Extension SoftBank 809SH"
1667,11761,747,625,No,244,2,カート用延長フラグ,Extension SoftBank 809SH,1,,,,,,,,*,sh/img001-ex.jpg,*,sh/img001-ex.jpg,,,,,,,,,,,,,,,,,,,,,,,0,1,en_sh_ex_245,,1,,51660,51660,,5,,,,,,,,,,,,,,,,,"23,28","NEW extension,Extension SoftBank 809SH"
1667,11763,747,626,No,245,2,カート用延長フラグ,Extension SoftBank 809SH,1,,,,,,,,*,sh/img001-ex.jpg,*,sh/img001-ex.jpg,,,,,,,,,,,,,,,,,,,,,,,0,1,en_sh_ex_246,,1,,52250,52250,,5,,,,,,,,,,,,,,,,,"23,28","NEW extension,Extension SoftBank 809SH"
1667,11765,747,627,No,246,2,カート用延長フラグ,Extension SoftBank 809SH,1,,,,,,,,*,sh/img001-ex.jpg,*,sh/img001-ex.jpg,,,,,,,,,,,,,,,,,,,,,,,0,1,en_sh_ex_244,,1,,51070,51070,,5,,,,,,,,,,,,,,,,,"23,28","NEW extension,Extension SoftBank 809SH"
1667,11767,747,628,No,247,2,カート用延長フラグ,Extension SoftBank 809SH,1,,,,,,,,*,sh/img001-ex.jpg,*,sh/img001-ex.jpg,,,,,,,,,,,,,,,,,,,,,,,0,1,en_sh_ex_247,,1,,52840,52840,,5,,,,,,,,,,,,,,,,,"23,28","NEW extension,Extension SoftBank 809SH"
1667,11769,747,629,No,248,2,カート用延長フラグ,Extension SoftBank 809SH,1,,,,,,,,*,sh/img001-ex.jpg,*,sh/img001-ex.jpg,,,,,,,,,,,,,,,,,,,,,,,0,1,en_sh_ex_248,,1,,53430,53430,,5,,,,,,,,,,,,,,,,,"23,28","NEW extension,Extension SoftBank 809SH"
1667,11771,747,630,No,249,2,カート用延長フラグ,Extension SoftBank 809SH,1,,,,,,,,*,sh/img001-ex.jpg,*,sh/img001-ex.jpg,,,,,,,,,,,,,,,,,,,,,,,0,1,en_sh_ex_249,,1,,54020,54020,,5,,,,,,,,,,,,,,,,,"23,28","NEW extension,Extension SoftBank 809SH"
1667,11773,747,631,No,250,2,カート用延長フラグ,Extension SoftBank 809SH,1,,,,,,,,*,sh/img001-ex.jpg,*,sh/img001-ex.jpg,,,,,,,,,,,,,,,,,,,,,,,0,1,en_sh_ex_250,,1,,54610,54610,,5,,,,,,,,,,,,,,,,,"23,28","NEW extension,Extension SoftBank 809SH"
1667,11775,747,632,No,251,2,カート用延長フラグ,Extension SoftBank 809SH,1,,,,,,,,*,sh/img001-ex.jpg,*,sh/img001-ex.jpg,,,,,,,,,,,,,,,,,,,,,,,0,1,en_sh_ex_251,,1,,55200,55200,,5,,,,,,,,,,,,,,,,,"23,28","NEW extension,Extension SoftBank 809SH"
1667,11777,747,633,No,252,2,カート用延長フラグ,Extension SoftBank 809SH,1,,,,,,,,*,sh/img001-ex.jpg,*,sh/img001-ex.jpg,,,,,,,,,,,,,,,,,,,,,,,0,1,en_sh_ex_271,,1,,55600,55600,,5,,,,,,,,,,,,,,,,,"23,28","NEW extension,Extension SoftBank 809SH"
1667,11779,747,634,No,253,2,カート用延長フラグ,Extension SoftBank 809SH,1,,,,,,,,*,sh/img001-ex.jpg,*,sh/img001-ex.jpg,,,,,,,,,,,,,,,,,,,,,,,0,1,en_sh_ex_271,,1,,55600,55600,,5,,,,,,,,,,,,,,,,,"23,28","NEW extension,Extension SoftBank 809SH"
1667,11781,747,635,No,254,2,カート用延長フラグ,Extension SoftBank 809SH,1,,,,,,,,*,sh/img001-ex.jpg,*,sh/img001-ex.jpg,,,,,,,,,,,,,,,,,,,,,,,0,1,en_sh_ex_271,,1,,55600,55600,,5,,,,,,,,,,,,,,,,,"23,28","NEW extension,Extension SoftBank 809SH"
1667,11783,747,636,No,255,2,カート用延長フラグ,Extension SoftBank 809SH,1,,,,,,,,*,sh/img001-ex.jpg,*,sh/img001-ex.jpg,,,,,,,,,,,,,,,,,,,,,,,0,1,en_sh_ex_271,,1,,55600,55600,,5,,,,,,,,,,,,,,,,,"23,28","NEW extension,Extension SoftBank 809SH"
1667,11785,747,637,No,256,2,カート用延長フラグ,Extension SoftBank 809SH,1,,,,,,,,*,sh/img001-ex.jpg,*,sh/img001-ex.jpg,,,,,,,,,,,,,,,,,,,,,,,0,1,en_sh_ex_271,,1,,55600,55600,,5,,,,,,,,,,,,,,,,,"23,28","NEW extension,Extension SoftBank 809SH"
1667,11787,747,638,No,257,2,カート用延長フラグ,Extension SoftBank 809SH,1,,,,,,,,*,sh/img001-ex.jpg,*,sh/img001-ex.jpg,,,,,,,,,,,,,,,,,,,,,,,0,1,en_sh_ex_271,,1,,55600,55600,,5,,,,,,,,,,,,,,,,,"23,28","NEW extension,Extension SoftBank 809SH"
1667,11789,747,639,No,258,2,カート用延長フラグ,Extension SoftBank 809SH,1,,,,,,,,*,sh/img001-ex.jpg,*,sh/img001-ex.jpg,,,,,,,,,,,,,,,,,,,,,,,0,1,en_sh_ex_271,,1,,55600,55600,,5,,,,,,,,,,,,,,,,,"23,28","NEW extension,Extension SoftBank 809SH"
1667,11791,747,640,No,259,2,カート用延長フラグ,Extension SoftBank 809SH,1,,,,,,,,*,sh/img001-ex.jpg,*,sh/img001-ex.jpg,,,,,,,,,,,,,,,,,,,,,,,0,1,en_sh_ex_271,,1,,55600,55600,,5,,,,,,,,,,,,,,,,,"23,28","NEW extension,Extension SoftBank 809SH"
1667,11793,747,641,No,260,2,カート用延長フラグ,Extension SoftBank 809SH,1,,,,,,,,*,sh/img001-ex.jpg,*,sh/img001-ex.jpg,,,,,,,,,,,,,,,,,,,,,,,0,1,en_sh_ex_271,,1,,55600,55600,,5,,,,,,,,,,,,,,,,,"23,28","NEW extension,Extension SoftBank 809SH"
1667,11795,747,642,No,261,2,カート用延長フラグ,Extension SoftBank 809SH,1,,,,,,,,*,sh/img001-ex.jpg,*,sh/img001-ex.jpg,,,,,,,,,,,,,,,,,,,,,,,0,1,en_sh_ex_271,,1,,55600,55600,,5,,,,,,,,,,,,,,,,,"23,28","NEW extension,Extension SoftBank 809SH"
1667,11797,747,643,No,262,2,カート用延長フラグ,Extension SoftBank 809SH,1,,,,,,,,*,sh/img001-ex.jpg,*,sh/img001-ex.jpg,,,,,,,,,,,,,,,,,,,,,,,0,1,en_sh_ex_271,,1,,55600,55600,,5,,,,,,,,,,,,,,,,,"23,28","NEW extension,Extension SoftBank 809SH"
1667,11799,747,644,No,263,2,カート用延長フラグ,Extension SoftBank 809SH,1,,,,,,,,*,sh/img001-ex.jpg,*,sh/img001-ex.jpg,,,,,,,,,,,,,,,,,,,,,,,0,1,en_sh_ex_271,,1,,55600,55600,,5,,,,,,,,,,,,,,,,,"23,28","NEW extension,Extension SoftBank 809SH"
1667,11801,747,645,No,264,2,カート用延長フラグ,Extension SoftBank 809SH,1,,,,,,,,*,sh/img001-ex.jpg,*,sh/img001-ex.jpg,,,,,,,,,,,,,,,,,,,,,,,0,1,en_sh_ex_271,,1,,55600,55600,,5,,,,,,,,,,,,,,,,,"23,28","NEW extension,Extension SoftBank 809SH"
1667,11803,747,646,No,265,2,カート用延長フラグ,Extension SoftBank 809SH,1,,,,,,,,*,sh/img001-ex.jpg,*,sh/img001-ex.jpg,,,,,,,,,,,,,,,,,,,,,,,0,1,en_sh_ex_271,,1,,55600,55600,,5,,,,,,,,,,,,,,,,,"23,28","NEW extension,Extension SoftBank 809SH"
1667,11805,747,647,No,266,2,カート用延長フラグ,Extension SoftBank 809SH,1,,,,,,,,*,sh/img001-ex.jpg,*,sh/img001-ex.jpg,,,,,,,,,,,,,,,,,,,,,,,0,1,en_sh_ex_271,,1,,55600,55600,,5,,,,,,,,,,,,,,,,,"23,28","NEW extension,Extension SoftBank 809SH"
1667,11807,747,648,No,267,2,カート用延長フラグ,Extension SoftBank 809SH,1,,,,,,,,*,sh/img001-ex.jpg,*,sh/img001-ex.jpg,,,,,,,,,,,,,,,,,,,,,,,0,1,en_sh_ex_271,,1,,55600,55600,,5,,,,,,,,,,,,,,,,,"23,28","NEW extension,Extension SoftBank 809SH"
1667,11809,747,649,No,268,2,カート用延長フラグ,Extension SoftBank 809SH,1,,,,,,,,*,sh/img001-ex.jpg,*,sh/img001-ex.jpg,,,,,,,,,,,,,,,,,,,,,,,0,1,en_sh_ex_271,,1,,55600,55600,,5,,,,,,,,,,,,,,,,,"23,28","NEW extension,Extension SoftBank 809SH"
1667,11811,747,650,No,269,2,カート用延長フラグ,Extension SoftBank 809SH,1,,,,,,,,*,sh/img001-ex.jpg,*,sh/img001-ex.jpg,,,,,,,,,,,,,,,,,,,,,,,0,1,en_sh_ex_271,,1,,55600,55600,,5,,,,,,,,,,,,,,,,,"23,28","NEW extension,Extension SoftBank 809SH"
1667,11813,747,651,No,270,2,カート用延長フラグ,Extension SoftBank 809SH,1,,,,,,,,*,sh/img001-ex.jpg,*,sh/img001-ex.jpg,,,,,,,,,,,,,,,,,,,,,,,0,1,en_sh_ex_271,,1,,55600,55600,,5,,,,,,,,,,,,,,,,,"23,28","NEW extension,Extension SoftBank 809SH"
1667,11815,747,652,No,271,2,カート用延長フラグ,Extension SoftBank 809SH,1,,,,,,,,*,sh/img001-ex.jpg,*,sh/img001-ex.jpg,,,,,,,,,,,,,,,,,,,,,,,0,1,en_sh_ex_271,,1,,55600,55600,,5,,,,,,,,,,,,,,,,,"23,28","NEW extension,Extension SoftBank 809SH"
1667,11817,747,653,No,272,2,カート用延長フラグ,Extension SoftBank 809SH,1,,,,,,,,*,sh/img001-ex.jpg,*,sh/img001-ex.jpg,,,,,,,,,,,,,,,,,,,,,,,0,1,en_sh_ex_272,,1,,56190,56190,,5,,,,,,,,,,,,,,,,,"23,28","NEW extension,Extension SoftBank 809SH"
1667,11819,747,654,No,273,2,カート用延長フラグ,Extension SoftBank 809SH,1,,,,,,,,*,sh/img001-ex.jpg,*,sh/img001-ex.jpg,,,,,,,,,,,,,,,,,,,,,,,0,1,en_sh_ex_273,,1,,56780,56780,,5,,,,,,,,,,,,,,,,,"23,28","NEW extension,Extension SoftBank 809SH"
1667,11821,747,655,No,274,2,カート用延長フラグ,Extension SoftBank 809SH,1,,,,,,,,*,sh/img001-ex.jpg,*,sh/img001-ex.jpg,,,,,,,,,,,,,,,,,,,,,,,0,1,en_sh_ex_274,,1,,57370,57370,,5,,,,,,,,,,,,,,,,,"23,28","NEW extension,Extension SoftBank 809SH"
1667,11823,747,656,No,275,2,カート用延長フラグ,Extension SoftBank 809SH,1,,,,,,,,*,sh/img001-ex.jpg,*,sh/img001-ex.jpg,,,,,,,,,,,,,,,,,,,,,,,0,1,en_sh_ex_275,,1,,57960,57960,,5,,,,,,,,,,,,,,,,,"23,28","NEW extension,Extension SoftBank 809SH"
1667,11825,747,657,No,276,2,カート用延長フラグ,Extension SoftBank 809SH,1,,,,,,,,*,sh/img001-ex.jpg,*,sh/img001-ex.jpg,,,,,,,,,,,,,,,,,,,,,,,0,1,en_sh_ex_276,,1,,58550,58550,,5,,,,,,,,,,,,,,,,,"23,28","NEW extension,Extension SoftBank 809SH"
1667,11827,747,658,No,277,2,カート用延長フラグ,Extension SoftBank 809SH,1,,,,,,,,*,sh/img001-ex.jpg,*,sh/img001-ex.jpg,,,,,,,,,,,,,,,,,,,,,,,0,1,en_sh_ex_277,,1,,59140,59140,,5,,,,,,,,,,,,,,,,,"23,28","NEW extension,Extension SoftBank 809SH"
1667,11829,747,659,No,278,2,カート用延長フラグ,Extension SoftBank 809SH,1,,,,,,,,*,sh/img001-ex.jpg,*,sh/img001-ex.jpg,,,,,,,,,,,,,,,,,,,,,,,0,1,en_sh_ex_278,,1,,59730,59730,,5,,,,,,,,,,,,,,,,,"23,28","NEW extension,Extension SoftBank 809SH"
1667,11831,747,660,No,279,2,カート用延長フラグ,Extension SoftBank 809SH,1,,,,,,,,*,sh/img001-ex.jpg,*,sh/img001-ex.jpg,,,,,,,,,,,,,,,,,,,,,,,0,1,en_sh_ex_279,,1,,60320,60320,,5,,,,,,,,,,,,,,,,,"23,28","NEW extension,Extension SoftBank 809SH"
1667,11833,747,661,No,280,2,カート用延長フラグ,Extension SoftBank 809SH,1,,,,,,,,*,sh/img001-ex.jpg,*,sh/img001-ex.jpg,,,,,,,,,,,,,,,,,,,,,,,0,1,en_sh_ex_280,,1,,60910,60910,,5,,,,,,,,,,,,,,,,,"23,28","NEW extension,Extension SoftBank 809SH"
1667,11835,747,662,No,281,2,カート用延長フラグ,Extension SoftBank 809SH,1,,,,,,,,*,sh/img001-ex.jpg,*,sh/img001-ex.jpg,,,,,,,,,,,,,,,,,,,,,,,0,1,en_sh_ex_301,,1,,61200,61200,,5,,,,,,,,,,,,,,,,,"23,28","NEW extension,Extension SoftBank 809SH"
1667,11837,747,663,No,282,2,カート用延長フラグ,Extension SoftBank 809SH,1,,,,,,,,*,sh/img001-ex.jpg,*,sh/img001-ex.jpg,,,,,,,,,,,,,,,,,,,,,,,0,1,en_sh_ex_301,,1,,61200,61200,,5,,,,,,,,,,,,,,,,,"23,28","NEW extension,Extension SoftBank 809SH"
1667,11839,747,664,No,283,2,カート用延長フラグ,Extension SoftBank 809SH,1,,,,,,,,*,sh/img001-ex.jpg,*,sh/img001-ex.jpg,,,,,,,,,,,,,,,,,,,,,,,0,1,en_sh_ex_301,,1,,61200,61200,,5,,,,,,,,,,,,,,,,,"23,28","NEW extension,Extension SoftBank 809SH"
1667,11841,747,665,No,284,2,カート用延長フラグ,Extension SoftBank 809SH,1,,,,,,,,*,sh/img001-ex.jpg,*,sh/img001-ex.jpg,,,,,,,,,,,,,,,,,,,,,,,0,1,en_sh_ex_301,,1,,61200,61200,,5,,,,,,,,,,,,,,,,,"23,28","NEW extension,Extension SoftBank 809SH"
1667,11843,747,666,No,285,2,カート用延長フラグ,Extension SoftBank 809SH,1,,,,,,,,*,sh/img001-ex.jpg,*,sh/img001-ex.jpg,,,,,,,,,,,,,,,,,,,,,,,0,1,en_sh_ex_301,,1,,61200,61200,,5,,,,,,,,,,,,,,,,,"23,28","NEW extension,Extension SoftBank 809SH"
1667,11845,747,667,No,286,2,カート用延長フラグ,Extension SoftBank 809SH,1,,,,,,,,*,sh/img001-ex.jpg,*,sh/img001-ex.jpg,,,,,,,,,,,,,,,,,,,,,,,0,1,en_sh_ex_301,,1,,61200,61200,,5,,,,,,,,,,,,,,,,,"23,28","NEW extension,Extension SoftBank 809SH"
1667,11847,747,668,No,287,2,カート用延長フラグ,Extension SoftBank 809SH,1,,,,,,,,*,sh/img001-ex.jpg,*,sh/img001-ex.jpg,,,,,,,,,,,,,,,,,,,,,,,0,1,en_sh_ex_301,,1,,61200,61200,,5,,,,,,,,,,,,,,,,,"23,28","NEW extension,Extension SoftBank 809SH"
1667,11849,747,669,No,288,2,カート用延長フラグ,Extension SoftBank 809SH,1,,,,,,,,*,sh/img001-ex.jpg,*,sh/img001-ex.jpg,,,,,,,,,,,,,,,,,,,,,,,0,1,en_sh_ex_301,,1,,61200,61200,,5,,,,,,,,,,,,,,,,,"23,28","NEW extension,Extension SoftBank 809SH"
1667,11851,747,670,No,289,2,カート用延長フラグ,Extension SoftBank 809SH,1,,,,,,,,*,sh/img001-ex.jpg,*,sh/img001-ex.jpg,,,,,,,,,,,,,,,,,,,,,,,0,1,en_sh_ex_301,,1,,61200,61200,,5,,,,,,,,,,,,,,,,,"23,28","NEW extension,Extension SoftBank 809SH"
1667,11853,747,671,No,290,2,カート用延長フラグ,Extension SoftBank 809SH,1,,,,,,,,*,sh/img001-ex.jpg,*,sh/img001-ex.jpg,,,,,,,,,,,,,,,,,,,,,,,0,1,en_sh_ex_301,,1,,61200,61200,,5,,,,,,,,,,,,,,,,,"23,28","NEW extension,Extension SoftBank 809SH"
1667,11855,747,672,No,291,2,カート用延長フラグ,Extension SoftBank 809SH,1,,,,,,,,*,sh/img001-ex.jpg,*,sh/img001-ex.jpg,,,,,,,,,,,,,,,,,,,,,,,0,1,en_sh_ex_301,,1,,61200,61200,,5,,,,,,,,,,,,,,,,,"23,28","NEW extension,Extension SoftBank 809SH"
1667,11857,747,673,No,292,2,カート用延長フラグ,Extension SoftBank 809SH,1,,,,,,,,*,sh/img001-ex.jpg,*,sh/img001-ex.jpg,,,,,,,,,,,,,,,,,,,,,,,0,1,en_sh_ex_301,,1,,61200,61200,,5,,,,,,,,,,,,,,,,,"23,28","NEW extension,Extension SoftBank 809SH"
1667,11859,747,674,No,293,2,カート用延長フラグ,Extension SoftBank 809SH,1,,,,,,,,*,sh/img001-ex.jpg,*,sh/img001-ex.jpg,,,,,,,,,,,,,,,,,,,,,,,0,1,en_sh_ex_301,,1,,61200,61200,,5,,,,,,,,,,,,,,,,,"23,28","NEW extension,Extension SoftBank 809SH"
1667,11861,747,675,No,294,2,カート用延長フラグ,Extension SoftBank 809SH,1,,,,,,,,*,sh/img001-ex.jpg,*,sh/img001-ex.jpg,,,,,,,,,,,,,,,,,,,,,,,0,1,en_sh_ex_301,,1,,61200,61200,,5,,,,,,,,,,,,,,,,,"23,28","NEW extension,Extension SoftBank 809SH"
1667,11863,747,676,No,295,2,カート用延長フラグ,Extension SoftBank 809SH,1,,,,,,,,*,sh/img001-ex.jpg,*,sh/img001-ex.jpg,,,,,,,,,,,,,,,,,,,,,,,0,1,en_sh_ex_301,,1,,61200,61200,,5,,,,,,,,,,,,,,,,,"23,28","NEW extension,Extension SoftBank 809SH"
1667,11865,747,677,No,296,2,カート用延長フラグ,Extension SoftBank 809SH,1,,,,,,,,*,sh/img001-ex.jpg,*,sh/img001-ex.jpg,,,,,,,,,,,,,,,,,,,,,,,0,1,en_sh_ex_301,,1,,61200,61200,,5,,,,,,,,,,,,,,,,,"23,28","NEW extension,Extension SoftBank 809SH"
1667,11867,747,678,No,297,2,カート用延長フラグ,Extension SoftBank 809SH,1,,,,,,,,*,sh/img001-ex.jpg,*,sh/img001-ex.jpg,,,,,,,,,,,,,,,,,,,,,,,0,1,en_sh_ex_301,,1,,61200,61200,,5,,,,,,,,,,,,,,,,,"23,28","NEW extension,Extension SoftBank 809SH"
1667,11869,747,679,No,298,2,カート用延長フラグ,Extension SoftBank 809SH,1,,,,,,,,*,sh/img001-ex.jpg,*,sh/img001-ex.jpg,,,,,,,,,,,,,,,,,,,,,,,0,1,en_sh_ex_301,,1,,61200,61200,,5,,,,,,,,,,,,,,,,,"23,28","NEW extension,Extension SoftBank 809SH"
1667,11871,747,680,No,299,2,カート用延長フラグ,Extension SoftBank 809SH,1,,,,,,,,*,sh/img001-ex.jpg,*,sh/img001-ex.jpg,,,,,,,,,,,,,,,,,,,,,,,0,1,en_sh_ex_301,,1,,61200,61200,,5,,,,,,,,,,,,,,,,,"23,28","NEW extension,Extension SoftBank 809SH"
1667,11873,747,681,No,300,2,カート用延長フラグ,Extension SoftBank 809SH,1,,,,,,,,*,sh/img001-ex.jpg,*,sh/img001-ex.jpg,,,,,,,,,,,,,,,,,,,,,,,0,1,en_sh_ex_301,,1,,61200,61200,,5,,,,,,,,,,,,,,,,,"23,28","NEW extension,Extension SoftBank 809SH"
1667,11875,747,682,No,301,2,カート用延長フラグ,Extension SoftBank 809SH,1,,,,,,,,*,sh/img001-ex.jpg,*,sh/img001-ex.jpg,,,,,,,,,,,,,,,,,,,,,,,0,1,en_sh_ex_301,,1,,61200,61200,,5,,,,,,,,,,,,,,,,,"23,28","NEW extension,Extension SoftBank 809SH"
1667,11877,747,683,No,302,2,カート用延長フラグ,Extension SoftBank 809SH,1,,,,,,,,*,sh/img001-ex.jpg,*,sh/img001-ex.jpg,,,,,,,,,,,,,,,,,,,,,,,0,1,en_sh_ex_302,,1,,61790,61790,,5,,,,,,,,,,,,,,,,,"23,28","NEW extension,Extension SoftBank 809SH"
1667,11879,747,684,No,303,2,カート用延長フラグ,Extension SoftBank 809SH,1,,,,,,,,*,sh/img001-ex.jpg,*,sh/img001-ex.jpg,,,,,,,,,,,,,,,,,,,,,,,0,1,en_sh_ex_303,,1,,62380,62380,,5,,,,,,,,,,,,,,,,,"23,28","NEW extension,Extension SoftBank 809SH"
1667,11881,747,685,No,304,2,カート用延長フラグ,Extension SoftBank 809SH,1,,,,,,,,*,sh/img001-ex.jpg,*,sh/img001-ex.jpg,,,,,,,,,,,,,,,,,,,,,,,0,1,en_sh_ex_304,,1,,62970,62970,,5,,,,,,,,,,,,,,,,,"23,28","NEW extension,Extension SoftBank 809SH"
1667,11883,747,686,No,305,2,カート用延長フラグ,Extension SoftBank 809SH,1,,,,,,,,*,sh/img001-ex.jpg,*,sh/img001-ex.jpg,,,,,,,,,,,,,,,,,,,,,,,0,1,en_sh_ex_305,,1,,63560,63560,,5,,,,,,,,,,,,,,,,,"23,28","NEW extension,Extension SoftBank 809SH"
1667,11885,747,687,No,306,2,カート用延長フラグ,Extension SoftBank 809SH,1,,,,,,,,*,sh/img001-ex.jpg,*,sh/img001-ex.jpg,,,,,,,,,,,,,,,,,,,,,,,0,1,en_sh_ex_306,,1,,64150,64150,,5,,,,,,,,,,,,,,,,,"23,28","NEW extension,Extension SoftBank 809SH"
1667,11887,747,688,No,307,2,カート用延長フラグ,Extension SoftBank 809SH,1,,,,,,,,*,sh/img001-ex.jpg,*,sh/img001-ex.jpg,,,,,,,,,,,,,,,,,,,,,,,0,1,en_sh_ex_331,,1,,64200,64200,,5,,,,,,,,,,,,,,,,,"23,28","NEW extension,Extension SoftBank 809SH"
1667,11889,747,689,No,308,2,カート用延長フラグ,Extension SoftBank 809SH,1,,,,,,,,*,sh/img001-ex.jpg,*,sh/img001-ex.jpg,,,,,,,,,,,,,,,,,,,,,,,0,1,en_sh_ex_331,,1,,64200,64200,,5,,,,,,,,,,,,,,,,,"23,28","NEW extension,Extension SoftBank 809SH"
1667,11891,747,690,No,309,2,カート用延長フラグ,Extension SoftBank 809SH,1,,,,,,,,*,sh/img001-ex.jpg,*,sh/img001-ex.jpg,,,,,,,,,,,,,,,,,,,,,,,0,1,en_sh_ex_331,,1,,64200,64200,,5,,,,,,,,,,,,,,,,,"23,28","NEW extension,Extension SoftBank 809SH"
1667,11893,747,691,No,310,2,カート用延長フラグ,Extension SoftBank 809SH,1,,,,,,,,*,sh/img001-ex.jpg,*,sh/img001-ex.jpg,,,,,,,,,,,,,,,,,,,,,,,0,1,en_sh_ex_331,,1,,64200,64200,,5,,,,,,,,,,,,,,,,,"23,28","NEW extension,Extension SoftBank 809SH"
1667,11895,747,692,No,311,2,カート用延長フラグ,Extension SoftBank 809SH,1,,,,,,,,*,sh/img001-ex.jpg,*,sh/img001-ex.jpg,,,,,,,,,,,,,,,,,,,,,,,0,1,en_sh_ex_331,,1,,64200,64200,,5,,,,,,,,,,,,,,,,,"23,28","NEW extension,Extension SoftBank 809SH"
1667,11897,747,693,No,312,2,カート用延長フラグ,Extension SoftBank 809SH,1,,,,,,,,*,sh/img001-ex.jpg,*,sh/img001-ex.jpg,,,,,,,,,,,,,,,,,,,,,,,0,1,en_sh_ex_331,,1,,64200,64200,,5,,,,,,,,,,,,,,,,,"23,28","NEW extension,Extension SoftBank 809SH"
1667,11899,747,694,No,313,2,カート用延長フラグ,Extension SoftBank 809SH,1,,,,,,,,*,sh/img001-ex.jpg,*,sh/img001-ex.jpg,,,,,,,,,,,,,,,,,,,,,,,0,1,en_sh_ex_331,,1,,64200,64200,,5,,,,,,,,,,,,,,,,,"23,28","NEW extension,Extension SoftBank 809SH"
1667,11901,747,695,No,314,2,カート用延長フラグ,Extension SoftBank 809SH,1,,,,,,,,*,sh/img001-ex.jpg,*,sh/img001-ex.jpg,,,,,,,,,,,,,,,,,,,,,,,0,1,en_sh_ex_331,,1,,64200,64200,,5,,,,,,,,,,,,,,,,,"23,28","NEW extension,Extension SoftBank 809SH"
1667,11903,747,696,No,315,2,カート用延長フラグ,Extension SoftBank 809SH,1,,,,,,,,*,sh/img001-ex.jpg,*,sh/img001-ex.jpg,,,,,,,,,,,,,,,,,,,,,,,0,1,en_sh_ex_331,,1,,64200,64200,,5,,,,,,,,,,,,,,,,,"23,28","NEW extension,Extension SoftBank 809SH"
1667,11905,747,697,No,316,2,カート用延長フラグ,Extension SoftBank 809SH,1,,,,,,,,*,sh/img001-ex.jpg,*,sh/img001-ex.jpg,,,,,,,,,,,,,,,,,,,,,,,0,1,en_sh_ex_331,,1,,64200,64200,,5,,,,,,,,,,,,,,,,,"23,28","NEW extension,Extension SoftBank 809SH"
1667,11907,747,698,No,317,2,カート用延長フラグ,Extension SoftBank 809SH,1,,,,,,,,*,sh/img001-ex.jpg,*,sh/img001-ex.jpg,,,,,,,,,,,,,,,,,,,,,,,0,1,en_sh_ex_331,,1,,64200,64200,,5,,,,,,,,,,,,,,,,,"23,28","NEW extension,Extension SoftBank 809SH"
1667,11909,747,699,No,318,2,カート用延長フラグ,Extension SoftBank 809SH,1,,,,,,,,*,sh/img001-ex.jpg,*,sh/img001-ex.jpg,,,,,,,,,,,,,,,,,,,,,,,0,1,en_sh_ex_331,,1,,64200,64200,,5,,,,,,,,,,,,,,,,,"23,28","NEW extension,Extension SoftBank 809SH"
1667,11911,747,700,No,319,2,カート用延長フラグ,Extension SoftBank 809SH,1,,,,,,,,*,sh/img001-ex.jpg,*,sh/img001-ex.jpg,,,,,,,,,,,,,,,,,,,,,,,0,1,en_sh_ex_331,,1,,64200,64200,,5,,,,,,,,,,,,,,,,,"23,28","NEW extension,Extension SoftBank 809SH"
1667,11913,747,701,No,320,2,カート用延長フラグ,Extension SoftBank 809SH,1,,,,,,,,*,sh/img001-ex.jpg,*,sh/img001-ex.jpg,,,,,,,,,,,,,,,,,,,,,,,0,1,en_sh_ex_331,,1,,64200,64200,,5,,,,,,,,,,,,,,,,,"23,28","NEW extension,Extension SoftBank 809SH"
1667,11915,747,702,No,321,2,カート用延長フラグ,Extension SoftBank 809SH,1,,,,,,,,*,sh/img001-ex.jpg,*,sh/img001-ex.jpg,,,,,,,,,,,,,,,,,,,,,,,0,1,en_sh_ex_331,,1,,64200,64200,,5,,,,,,,,,,,,,,,,,"23,28","NEW extension,Extension SoftBank 809SH"
1667,11917,747,703,No,322,2,カート用延長フラグ,Extension SoftBank 809SH,1,,,,,,,,*,sh/img001-ex.jpg,*,sh/img001-ex.jpg,,,,,,,,,,,,,,,,,,,,,,,0,1,en_sh_ex_331,,1,,64200,64200,,5,,,,,,,,,,,,,,,,,"23,28","NEW extension,Extension SoftBank 809SH"
1667,11919,747,704,No,323,2,カート用延長フラグ,Extension SoftBank 809SH,1,,,,,,,,*,sh/img001-ex.jpg,*,sh/img001-ex.jpg,,,,,,,,,,,,,,,,,,,,,,,0,1,en_sh_ex_331,,1,,64200,64200,,5,,,,,,,,,,,,,,,,,"23,28","NEW extension,Extension SoftBank 809SH"
1667,11921,747,705,No,324,2,カート用延長フラグ,Extension SoftBank 809SH,1,,,,,,,,*,sh/img001-ex.jpg,*,sh/img001-ex.jpg,,,,,,,,,,,,,,,,,,,,,,,0,1,en_sh_ex_331,,1,,64200,64200,,5,,,,,,,,,,,,,,,,,"23,28","NEW extension,Extension SoftBank 809SH"
1667,11923,747,706,No,325,2,カート用延長フラグ,Extension SoftBank 809SH,1,,,,,,,,*,sh/img001-ex.jpg,*,sh/img001-ex.jpg,,,,,,,,,,,,,,,,,,,,,,,0,1,en_sh_ex_331,,1,,64200,64200,,5,,,,,,,,,,,,,,,,,"23,28","NEW extension,Extension SoftBank 809SH"
1667,11925,747,707,No,326,2,カート用延長フラグ,Extension SoftBank 809SH,1,,,,,,,,*,sh/img001-ex.jpg,*,sh/img001-ex.jpg,,,,,,,,,,,,,,,,,,,,,,,0,1,en_sh_ex_331,,1,,64200,64200,,5,,,,,,,,,,,,,,,,,"23,28","NEW extension,Extension SoftBank 809SH"
1667,11927,747,708,No,327,2,カート用延長フラグ,Extension SoftBank 809SH,1,,,,,,,,*,sh/img001-ex.jpg,*,sh/img001-ex.jpg,,,,,,,,,,,,,,,,,,,,,,,0,1,en_sh_ex_331,,1,,64200,64200,,5,,,,,,,,,,,,,,,,,"23,28","NEW extension,Extension SoftBank 809SH"
1667,11929,747,709,No,328,2,カート用延長フラグ,Extension SoftBank 809SH,1,,,,,,,,*,sh/img001-ex.jpg,*,sh/img001-ex.jpg,,,,,,,,,,,,,,,,,,,,,,,0,1,en_sh_ex_331,,1,,64200,64200,,5,,,,,,,,,,,,,,,,,"23,28","NEW extension,Extension SoftBank 809SH"
1667,11931,747,710,No,329,2,カート用延長フラグ,Extension SoftBank 809SH,1,,,,,,,,*,sh/img001-ex.jpg,*,sh/img001-ex.jpg,,,,,,,,,,,,,,,,,,,,,,,0,1,en_sh_ex_331,,1,,64200,64200,,5,,,,,,,,,,,,,,,,,"23,28","NEW extension,Extension SoftBank 809SH"
1667,11933,747,711,No,330,2,カート用延長フラグ,Extension SoftBank 809SH,1,,,,,,,,*,sh/img001-ex.jpg,*,sh/img001-ex.jpg,,,,,,,,,,,,,,,,,,,,,,,0,1,en_sh_ex_331,,1,,64200,64200,,5,,,,,,,,,,,,,,,,,"23,28","NEW extension,Extension SoftBank 809SH"
1667,11935,747,712,No,331,2,カート用延長フラグ,Extension SoftBank 809SH,1,,,,,,,,*,sh/img001-ex.jpg,*,sh/img001-ex.jpg,,,,,,,,,,,,,,,,,,,,,,,0,1,en_sh_ex_331,,1,,64200,64200,,5,,,,,,,,,,,,,,,,,"23,28","NEW extension,Extension SoftBank 809SH"
1667,11937,747,713,No,332,2,カート用延長フラグ,Extension SoftBank 809SH,1,,,,,,,,*,sh/img001-ex.jpg,*,sh/img001-ex.jpg,,,,,,,,,,,,,,,,,,,,,,,0,1,en_sh_ex_332,,1,,64790,64790,,5,,,,,,,,,,,,,,,,,"23,28","NEW extension,Extension SoftBank 809SH"
1667,11939,747,714,No,333,2,カート用延長フラグ,Extension SoftBank 809SH,1,,,,,,,,*,sh/img001-ex.jpg,*,sh/img001-ex.jpg,,,,,,,,,,,,,,,,,,,,,,,0,1,en_sh_ex_333,,1,,65380,65380,,5,,,,,,,,,,,,,,,,,"23,28","NEW extension,Extension SoftBank 809SH"
1667,11941,747,715,No,334,2,カート用延長フラグ,Extension SoftBank 809SH,1,,,,,,,,*,sh/img001-ex.jpg,*,sh/img001-ex.jpg,,,,,,,,,,,,,,,,,,,,,,,0,1,en_sh_ex_334,,1,,65970,65970,,5,,,,,,,,,,,,,,,,,"23,28","NEW extension,Extension SoftBank 809SH"
1667,11943,747,717,No,335,2,カート用延長フラグ,Extension SoftBank 809SH,1,,,,,,,,*,sh/img001-ex.jpg,*,sh/img001-ex.jpg,,,,,,,,,,,,,,,,,,,,,,,0,1,en_sh_ex_335,,1,,66560,66560,,5,,,,,,,,,,,,,,,,,"23,28","NEW extension,Extension SoftBank 809SH"
1667,11945,747,718,No,336,2,カート用延長フラグ,Extension SoftBank 809SH,1,,,,,,,,*,sh/img001-ex.jpg,*,sh/img001-ex.jpg,,,,,,,,,,,,,,,,,,,,,,,0,1,en_sh_ex_336,,1,,67150,67150,,5,,,,,,,,,,,,,,,,,"23,28","NEW extension,Extension SoftBank 809SH"
1667,11947,747,719,No,337,2,カート用延長フラグ,Extension SoftBank 809SH,1,,,,,,,,*,sh/img001-ex.jpg,*,sh/img001-ex.jpg,,,,,,,,,,,,,,,,,,,,,,,0,1,en_sh_ex_361,,1,,67200,67200,,5,,,,,,,,,,,,,,,,,"23,28","NEW extension,Extension SoftBank 809SH"
1667,11949,747,720,No,338,2,カート用延長フラグ,Extension SoftBank 809SH,1,,,,,,,,*,sh/img001-ex.jpg,*,sh/img001-ex.jpg,,,,,,,,,,,,,,,,,,,,,,,0,1,en_sh_ex_361,,1,,67200,67200,,5,,,,,,,,,,,,,,,,,"23,28","NEW extension,Extension SoftBank 809SH"
1667,11951,747,721,No,339,2,カート用延長フラグ,Extension SoftBank 809SH,1,,,,,,,,*,sh/img001-ex.jpg,*,sh/img001-ex.jpg,,,,,,,,,,,,,,,,,,,,,,,0,1,en_sh_ex_361,,1,,67200,67200,,5,,,,,,,,,,,,,,,,,"23,28","NEW extension,Extension SoftBank 809SH"
1667,11953,747,722,No,340,2,カート用延長フラグ,Extension SoftBank 809SH,1,,,,,,,,*,sh/img001-ex.jpg,*,sh/img001-ex.jpg,,,,,,,,,,,,,,,,,,,,,,,0,1,en_sh_ex_361,,1,,67200,67200,,5,,,,,,,,,,,,,,,,,"23,28","NEW extension,Extension SoftBank 809SH"
1667,11955,747,723,No,341,2,カート用延長フラグ,Extension SoftBank 809SH,1,,,,,,,,*,sh/img001-ex.jpg,*,sh/img001-ex.jpg,,,,,,,,,,,,,,,,,,,,,,,0,1,en_sh_ex_361,,1,,67200,67200,,5,,,,,,,,,,,,,,,,,"23,28","NEW extension,Extension SoftBank 809SH"
1667,11957,747,724,No,342,2,カート用延長フラグ,Extension SoftBank 809SH,1,,,,,,,,*,sh/img001-ex.jpg,*,sh/img001-ex.jpg,,,,,,,,,,,,,,,,,,,,,,,0,1,en_sh_ex_361,,1,,67200,67200,,5,,,,,,,,,,,,,,,,,"23,28","NEW extension,Extension SoftBank 809SH"
1667,11959,747,725,No,343,2,カート用延長フラグ,Extension SoftBank 809SH,1,,,,,,,,*,sh/img001-ex.jpg,*,sh/img001-ex.jpg,,,,,,,,,,,,,,,,,,,,,,,0,1,en_sh_ex_361,,1,,67200,67200,,5,,,,,,,,,,,,,,,,,"23,28","NEW extension,Extension SoftBank 809SH"
1667,11961,747,726,No,344,2,カート用延長フラグ,Extension SoftBank 809SH,1,,,,,,,,*,sh/img001-ex.jpg,*,sh/img001-ex.jpg,,,,,,,,,,,,,,,,,,,,,,,0,1,en_sh_ex_361,,1,,67200,67200,,5,,,,,,,,,,,,,,,,,"23,28","NEW extension,Extension SoftBank 809SH"
1667,11963,747,727,No,345,2,カート用延長フラグ,Extension SoftBank 809SH,1,,,,,,,,*,sh/img001-ex.jpg,*,sh/img001-ex.jpg,,,,,,,,,,,,,,,,,,,,,,,0,1,en_sh_ex_361,,1,,67200,67200,,5,,,,,,,,,,,,,,,,,"23,28","NEW extension,Extension SoftBank 809SH"
1667,11965,747,728,No,346,2,カート用延長フラグ,Extension SoftBank 809SH,1,,,,,,,,*,sh/img001-ex.jpg,*,sh/img001-ex.jpg,,,,,,,,,,,,,,,,,,,,,,,0,1,en_sh_ex_361,,1,,67200,67200,,5,,,,,,,,,,,,,,,,,"23,28","NEW extension,Extension SoftBank 809SH"
1667,11967,747,729,No,347,2,カート用延長フラグ,Extension SoftBank 809SH,1,,,,,,,,*,sh/img001-ex.jpg,*,sh/img001-ex.jpg,,,,,,,,,,,,,,,,,,,,,,,0,1,en_sh_ex_361,,1,,67200,67200,,5,,,,,,,,,,,,,,,,,"23,28","NEW extension,Extension SoftBank 809SH"
1667,11969,747,730,No,348,2,カート用延長フラグ,Extension SoftBank 809SH,1,,,,,,,,*,sh/img001-ex.jpg,*,sh/img001-ex.jpg,,,,,,,,,,,,,,,,,,,,,,,0,1,en_sh_ex_361,,1,,67200,67200,,5,,,,,,,,,,,,,,,,,"23,28","NEW extension,Extension SoftBank 809SH"
1667,11971,747,731,No,349,2,カート用延長フラグ,Extension SoftBank 809SH,1,,,,,,,,*,sh/img001-ex.jpg,*,sh/img001-ex.jpg,,,,,,,,,,,,,,,,,,,,,,,0,1,en_sh_ex_361,,1,,67200,67200,,5,,,,,,,,,,,,,,,,,"23,28","NEW extension,Extension SoftBank 809SH"
1667,11973,747,732,No,350,2,カート用延長フラグ,Extension SoftBank 809SH,1,,,,,,,,*,sh/img001-ex.jpg,*,sh/img001-ex.jpg,,,,,,,,,,,,,,,,,,,,,,,0,1,en_sh_ex_361,,1,,67200,67200,,5,,,,,,,,,,,,,,,,,"23,28","NEW extension,Extension SoftBank 809SH"
1667,11975,747,733,No,351,2,カート用延長フラグ,Extension SoftBank 809SH,1,,,,,,,,*,sh/img001-ex.jpg,*,sh/img001-ex.jpg,,,,,,,,,,,,,,,,,,,,,,,0,1,en_sh_ex_361,,1,,67200,67200,,5,,,,,,,,,,,,,,,,,"23,28","NEW extension,Extension SoftBank 809SH"
1667,11977,747,734,No,352,2,カート用延長フラグ,Extension SoftBank 809SH,1,,,,,,,,*,sh/img001-ex.jpg,*,sh/img001-ex.jpg,,,,,,,,,,,,,,,,,,,,,,,0,1,en_sh_ex_361,,1,,67200,67200,,5,,,,,,,,,,,,,,,,,"23,28","NEW extension,Extension SoftBank 809SH"
1667,11979,747,735,No,353,2,カート用延長フラグ,Extension SoftBank 809SH,1,,,,,,,,*,sh/img001-ex.jpg,*,sh/img001-ex.jpg,,,,,,,,,,,,,,,,,,,,,,,0,1,en_sh_ex_361,,1,,67200,67200,,5,,,,,,,,,,,,,,,,,"23,28","NEW extension,Extension SoftBank 809SH"
1667,11981,747,736,No,354,2,カート用延長フラグ,Extension SoftBank 809SH,1,,,,,,,,*,sh/img001-ex.jpg,*,sh/img001-ex.jpg,,,,,,,,,,,,,,,,,,,,,,,0,1,en_sh_ex_361,,1,,67200,67200,,5,,,,,,,,,,,,,,,,,"23,28","NEW extension,Extension SoftBank 809SH"
1667,11983,747,737,No,355,2,カート用延長フラグ,Extension SoftBank 809SH,1,,,,,,,,*,sh/img001-ex.jpg,*,sh/img001-ex.jpg,,,,,,,,,,,,,,,,,,,,,,,0,1,en_sh_ex_361,,1,,67200,67200,,5,,,,,,,,,,,,,,,,,"23,28","NEW extension,Extension SoftBank 809SH"
1667,11985,747,738,No,356,2,カート用延長フラグ,Extension SoftBank 809SH,1,,,,,,,,*,sh/img001-ex.jpg,*,sh/img001-ex.jpg,,,,,,,,,,,,,,,,,,,,,,,0,1,en_sh_ex_361,,1,,67200,67200,,5,,,,,,,,,,,,,,,,,"23,28","NEW extension,Extension SoftBank 809SH"
1667,11987,747,739,No,357,2,カート用延長フラグ,Extension SoftBank 809SH,1,,,,,,,,*,sh/img001-ex.jpg,*,sh/img001-ex.jpg,,,,,,,,,,,,,,,,,,,,,,,0,1,en_sh_ex_361,,1,,67200,67200,,5,,,,,,,,,,,,,,,,,"23,28","NEW extension,Extension SoftBank 809SH"
1667,11989,747,740,No,358,2,カート用延長フラグ,Extension SoftBank 809SH,1,,,,,,,,*,sh/img001-ex.jpg,*,sh/img001-ex.jpg,,,,,,,,,,,,,,,,,,,,,,,0,1,en_sh_ex_361,,1,,67200,67200,,5,,,,,,,,,,,,,,,,,"23,28","NEW extension,Extension SoftBank 809SH"
1667,11991,747,741,No,359,2,カート用延長フラグ,Extension SoftBank 809SH,1,,,,,,,,*,sh/img001-ex.jpg,*,sh/img001-ex.jpg,,,,,,,,,,,,,,,,,,,,,,,0,1,en_sh_ex_361,,1,,67200,67200,,5,,,,,,,,,,,,,,,,,"23,28","NEW extension,Extension SoftBank 809SH"
1667,11993,747,742,No,360,2,カート用延長フラグ,Extension SoftBank 809SH,1,,,,,,,,*,sh/img001-ex.jpg,*,sh/img001-ex.jpg,,,,,,,,,,,,,,,,,,,,,,,0,1,en_sh_ex_361,,1,,67200,67200,,5,,,,,,,,,,,,,,,,,"23,28","NEW extension,Extension SoftBank 809SH"
1667,11995,747,743,No,361,2,カート用延長フラグ,Extension SoftBank 809SH,1,,,,,,,,*,sh/img001-ex.jpg,*,sh/img001-ex.jpg,,,,,,,,,,,,,,,,,,,,,,,0,1,en_sh_ex_361,,1,,67200,67200,,5,,,,,,,,,,,,,,,,,"23,28","NEW extension,Extension SoftBank 809SH"
1667,11997,747,744,No,362,2,カート用延長フラグ,Extension SoftBank 809SH,1,,,,,,,,*,sh/img001-ex.jpg,*,sh/img001-ex.jpg,,,,,,,,,,,,,,,,,,,,,,,0,1,en_sh_ex_362,,1,,67790,67790,,5,,,,,,,,,,,,,,,,,"23,28","NEW extension,Extension SoftBank 809SH"
1667,11999,747,745,No,363,2,カート用延長フラグ,Extension SoftBank 809SH,1,,,,,,,,*,sh/img001-ex.jpg,*,sh/img001-ex.jpg,,,,,,,,,,,,,,,,,,,,,,,0,1,en_sh_ex_363,,1,,68380,68380,,5,,,,,,,,,,,,,,,,,"23,28","NEW extension,Extension SoftBank 809SH"
1667,12001,747,746,No,364,2,カート用延長フラグ,Extension SoftBank 809SH,1,,,,,,,,*,sh/img001-ex.jpg,*,sh/img001-ex.jpg,,,,,,,,,,,,,,,,,,,,,,,0,1,en_sh_ex_364,,1,,68970,68970,,5,,,,,,,,,,,,,,,,,"23,28","NEW extension,Extension SoftBank 809SH"
1666,10543,747,381,No,0,2,カート用延長フラグ,Extension SoftBank 601HW WHITE,1,,,,,,,,*,sl/img001-ex.jpg,*,sl/img001-ex.jpg,,,,,,,,,,,,,,,,,,,,,,,0,1,en_sl_ex_000,,1,,490,490,,5,,,,,,,,,,,,,,,,,"23,27","NEW extension,Extension SoftBank 601HW WHITE"
1666,10545,747,382,No,1,2,カート用延長フラグ,Extension SoftBank 601HW WHITE,1,,,,,,,,*,sl/img001-ex.jpg,*,sl/img001-ex.jpg,,,,,,,,,,,,,,,,,,,,,,,0,1,en_sl_ex_001,,1,,980,980,,5,,,,,,,,,,,,,,,,,"23,27","NEW extension,Extension SoftBank 601HW WHITE"
1666,10547,747,383,No,2,2,カート用延長フラグ,Extension SoftBank 601HW WHITE,1,,,,,,,,*,sl/img001-ex.jpg,*,sl/img001-ex.jpg,,,,,,,,,,,,,,,,,,,,,,,0,1,en_sl_ex_002,,1,,1470,1470,,5,,,,,,,,,,,,,,,,,"23,27","NEW extension,Extension SoftBank 601HW WHITE"
1666,10549,747,384,No,3,2,カート用延長フラグ,Extension SoftBank 601HW WHITE,1,,,,,,,,*,sl/img001-ex.jpg,*,sl/img001-ex.jpg,,,,,,,,,,,,,,,,,,,,,,,0,1,en_sl_ex_003,,1,,1960,1960,,5,,,,,,,,,,,,,,,,,"23,27","NEW extension,Extension SoftBank 601HW WHITE"
1666,10551,747,385,No,4,2,カート用延長フラグ,Extension SoftBank 601HW WHITE,1,,,,,,,,*,sl/img001-ex.jpg,*,sl/img001-ex.jpg,,,,,,,,,,,,,,,,,,,,,,,0,1,en_sl_ex_004,,1,,2450,2450,,5,,,,,,,,,,,,,,,,,"23,27","NEW extension,Extension SoftBank 601HW WHITE"
1666,10553,747,386,No,5,2,カート用延長フラグ,Extension SoftBank 601HW WHITE,1,,,,,,,,*,sl/img001-ex.jpg,*,sl/img001-ex.jpg,,,,,,,,,,,,,,,,,,,,,,,0,1,en_sl_ex_005,,1,,2940,2940,,5,,,,,,,,,,,,,,,,,"23,27","NEW extension,Extension SoftBank 601HW WHITE"
1666,10555,747,387,No,6,2,カート用延長フラグ,Extension SoftBank 601HW WHITE,1,,,,,,,,*,sl/img001-ex.jpg,*,sl/img001-ex.jpg,,,,,,,,,,,,,,,,,,,,,,,0,1,en_sl_ex_006,,1,,3430,3430,,5,,,,,,,,,,,,,,,,,"23,27","NEW extension,Extension SoftBank 601HW WHITE"
1666,10557,747,388,No,7,2,カート用延長フラグ,Extension SoftBank 601HW WHITE,1,,,,,,,,*,sl/img001-ex.jpg,*,sl/img001-ex.jpg,,,,,,,,,,,,,,,,,,,,,,,0,1,en_sl_ex_007,,1,,3920,3920,,5,,,,,,,,,,,,,,,,,"23,27","NEW extension,Extension SoftBank 601HW WHITE"
1666,10559,747,389,No,8,2,カート用延長フラグ,Extension SoftBank 601HW WHITE,1,,,,,,,,*,sl/img001-ex.jpg,*,sl/img001-ex.jpg,,,,,,,,,,,,,,,,,,,,,,,0,1,en_sl_ex_008,,1,,4410,4410,,5,,,,,,,,,,,,,,,,,"23,27","NEW extension,Extension SoftBank 601HW WHITE"
1666,10561,747,390,No,9,2,カート用延長フラグ,Extension SoftBank 601HW WHITE,1,,,,,,,,*,sl/img001-ex.jpg,*,sl/img001-ex.jpg,,,,,,,,,,,,,,,,,,,,,,,0,1,en_sl_ex_009,,1,,4900,4900,,5,,,,,,,,,,,,,,,,,"23,27","NEW extension,Extension SoftBank 601HW WHITE"
1666,10563,747,391,No,10,2,カート用延長フラグ,Extension SoftBank 601HW WHITE,1,,,,,,,,*,sl/img001-ex.jpg,*,sl/img001-ex.jpg,,,,,,,,,,,,,,,,,,,,,,,0,1,en_sl_ex_010,,1,,5390,5390,,5,,,,,,,,,,,,,,,,,"23,27","NEW extension,Extension SoftBank 601HW WHITE"
1666,10565,747,392,No,11,2,カート用延長フラグ,Extension SoftBank 601HW WHITE,1,,,,,,,,*,sl/img001-ex.jpg,*,sl/img001-ex.jpg,,,,,,,,,,,,,,,,,,,,,,,0,1,en_sl_ex_011,,1,,5880,5880,,5,,,,,,,,,,,,,,,,,"23,27","NEW extension,Extension SoftBank 601HW WHITE"
1666,10567,747,393,No,12,2,カート用延長フラグ,Extension SoftBank 601HW WHITE,1,,,,,,,,*,sl/img001-ex.jpg,*,sl/img001-ex.jpg,,,,,,,,,,,,,,,,,,,,,,,0,1,en_sl_ex_012,,1,,6370,6370,,5,,,,,,,,,,,,,,,,,"23,27","NEW extension,Extension SoftBank 601HW WHITE"
1666,10569,747,394,No,13,2,カート用延長フラグ,Extension SoftBank 601HW WHITE,1,,,,,,,,*,sl/img001-ex.jpg,*,sl/img001-ex.jpg,,,,,,,,,,,,,,,,,,,,,,,0,1,en_sl_ex_013,,1,,6860,6860,,5,,,,,,,,,,,,,,,,,"23,27","NEW extension,Extension SoftBank 601HW WHITE"
1666,10571,747,395,No,14,2,カート用延長フラグ,Extension SoftBank 601HW WHITE,1,,,,,,,,*,sl/img001-ex.jpg,*,sl/img001-ex.jpg,,,,,,,,,,,,,,,,,,,,,,,0,1,en_sl_ex_014,,1,,7350,7350,,5,,,,,,,,,,,,,,,,,"23,27","NEW extension,Extension SoftBank 601HW WHITE"
1666,10573,747,396,No,15,2,カート用延長フラグ,Extension SoftBank 601HW WHITE,1,,,,,,,,*,sl/img001-ex.jpg,*,sl/img001-ex.jpg,,,,,,,,,,,,,,,,,,,,,,,0,1,en_sl_ex_014,,1,,7350,7350,,5,,,,,,,,,,,,,,,,,"23,27","NEW extension,Extension SoftBank 601HW WHITE"
1666,10575,747,397,No,16,2,カート用延長フラグ,Extension SoftBank 601HW WHITE,1,,,,,,,,*,sl/img001-ex.jpg,*,sl/img001-ex.jpg,,,,,,,,,,,,,,,,,,,,,,,0,1,en_sl_ex_014,,1,,7350,7350,,5,,,,,,,,,,,,,,,,,"23,27","NEW extension,Extension SoftBank 601HW WHITE"
1666,10577,747,398,No,17,2,カート用延長フラグ,Extension SoftBank 601HW WHITE,1,,,,,,,,*,sl/img001-ex.jpg,*,sl/img001-ex.jpg,,,,,,,,,,,,,,,,,,,,,,,0,1,en_sl_ex_014,,1,,7350,7350,,5,,,,,,,,,,,,,,,,,"23,27","NEW extension,Extension SoftBank 601HW WHITE"
1666,10579,747,399,No,18,2,カート用延長フラグ,Extension SoftBank 601HW WHITE,1,,,,,,,,*,sl/img001-ex.jpg,*,sl/img001-ex.jpg,,,,,,,,,,,,,,,,,,,,,,,0,1,en_sl_ex_014,,1,,7350,7350,,5,,,,,,,,,,,,,,,,,"23,27","NEW extension,Extension SoftBank 601HW WHITE"
1666,10581,747,400,No,19,2,カート用延長フラグ,Extension SoftBank 601HW WHITE,1,,,,,,,,*,sl/img001-ex.jpg,*,sl/img001-ex.jpg,,,,,,,,,,,,,,,,,,,,,,,0,1,en_sl_ex_014,,1,,7350,7350,,5,,,,,,,,,,,,,,,,,"23,27","NEW extension,Extension SoftBank 601HW WHITE"
1666,10583,747,401,No,20,2,カート用延長フラグ,Extension SoftBank 601HW WHITE,1,,,,,,,,*,sl/img001-ex.jpg,*,sl/img001-ex.jpg,,,,,,,,,,,,,,,,,,,,,,,0,1,en_sl_ex_014,,1,,7350,7350,,5,,,,,,,,,,,,,,,,,"23,27","NEW extension,Extension SoftBank 601HW WHITE"
1666,10585,747,402,No,21,2,カート用延長フラグ,Extension SoftBank 601HW WHITE,1,,,,,,,,*,sl/img001-ex.jpg,*,sl/img001-ex.jpg,,,,,,,,,,,,,,,,,,,,,,,0,1,en_sl_ex_014,,1,,7350,7350,,5,,,,,,,,,,,,,,,,,"23,27","NEW extension,Extension SoftBank 601HW WHITE"
1666,10587,747,403,No,22,2,カート用延長フラグ,Extension SoftBank 601HW WHITE,1,,,,,,,,*,sl/img001-ex.jpg,*,sl/img001-ex.jpg,,,,,,,,,,,,,,,,,,,,,,,0,1,en_sl_ex_014,,1,,7350,7350,,5,,,,,,,,,,,,,,,,,"23,27","NEW extension,Extension SoftBank 601HW WHITE"
1666,10589,747,404,No,23,2,カート用延長フラグ,Extension SoftBank 601HW WHITE,1,,,,,,,,*,sl/img001-ex.jpg,*,sl/img001-ex.jpg,,,,,,,,,,,,,,,,,,,,,,,0,1,en_sl_ex_014,,1,,7350,7350,,5,,,,,,,,,,,,,,,,,"23,27","NEW extension,Extension SoftBank 601HW WHITE"
1666,10591,747,405,No,24,2,カート用延長フラグ,Extension SoftBank 601HW WHITE,1,,,,,,,,*,sl/img001-ex.jpg,*,sl/img001-ex.jpg,,,,,,,,,,,,,,,,,,,,,,,0,1,en_sl_ex_014,,1,,7350,7350,,5,,,,,,,,,,,,,,,,,"23,27","NEW extension,Extension SoftBank 601HW WHITE"
1666,10593,747,406,No,25,2,カート用延長フラグ,Extension SoftBank 601HW WHITE,1,,,,,,,,*,sl/img001-ex.jpg,*,sl/img001-ex.jpg,,,,,,,,,,,,,,,,,,,,,,,0,1,en_sl_ex_014,,1,,7350,7350,,5,,,,,,,,,,,,,,,,,"23,27","NEW extension,Extension SoftBank 601HW WHITE"
1666,10595,747,407,No,26,2,カート用延長フラグ,Extension SoftBank 601HW WHITE,1,,,,,,,,*,sl/img001-ex.jpg,*,sl/img001-ex.jpg,,,,,,,,,,,,,,,,,,,,,,,0,1,en_sl_ex_014,,1,,7350,7350,,5,,,,,,,,,,,,,,,,,"23,27","NEW extension,Extension SoftBank 601HW WHITE"
1666,10597,747,408,No,27,2,カート用延長フラグ,Extension SoftBank 601HW WHITE,1,,,,,,,,*,sl/img001-ex.jpg,*,sl/img001-ex.jpg,,,,,,,,,,,,,,,,,,,,,,,0,1,en_sl_ex_014,,1,,7350,7350,,5,,,,,,,,,,,,,,,,,"23,27","NEW extension,Extension SoftBank 601HW WHITE"
1666,10599,747,409,No,28,2,カート用延長フラグ,Extension SoftBank 601HW WHITE,1,,,,,,,,*,sl/img001-ex.jpg,*,sl/img001-ex.jpg,,,,,,,,,,,,,,,,,,,,,,,0,1,en_sl_ex_014,,1,,7350,7350,,5,,,,,,,,,,,,,,,,,"23,27","NEW extension,Extension SoftBank 601HW WHITE"
1666,10601,747,410,No,29,2,カート用延長フラグ,Extension SoftBank 601HW WHITE,1,,,,,,,,*,sl/img001-ex.jpg,*,sl/img001-ex.jpg,,,,,,,,,,,,,,,,,,,,,,,0,1,en_sl_ex_014,,1,,7350,7350,,5,,,,,,,,,,,,,,,,,"23,27","NEW extension,Extension SoftBank 601HW WHITE"
1666,10603,747,411,No,30,2,カート用延長フラグ,Extension SoftBank 601HW WHITE,1,,,,,,,,*,sl/img001-ex.jpg,*,sl/img001-ex.jpg,,,,,,,,,,,,,,,,,,,,,,,0,1,en_sl_ex_014,,1,,7350,7350,,5,,,,,,,,,,,,,,,,,"23,27","NEW extension,Extension SoftBank 601HW WHITE"
1666,10605,747,412,No,31,2,カート用延長フラグ,Extension SoftBank 601HW WHITE,1,,,,,,,,*,sl/img001-ex.jpg,*,sl/img001-ex.jpg,,,,,,,,,,,,,,,,,,,,,,,0,1,en_sl_ex_031,,1,,7840,7840,,5,,,,,,,,,,,,,,,,,"23,27","NEW extension,Extension SoftBank 601HW WHITE"
1666,10607,747,413,No,32,2,カート用延長フラグ,Extension SoftBank 601HW WHITE,1,,,,,,,,*,sl/img001-ex.jpg,*,sl/img001-ex.jpg,,,,,,,,,,,,,,,,,,,,,,,0,1,en_sl_ex_032,,1,,8330,8330,,5,,,,,,,,,,,,,,,,,"23,27","NEW extension,Extension SoftBank 601HW WHITE"
1666,10609,747,414,No,33,2,カート用延長フラグ,Extension SoftBank 601HW WHITE,1,,,,,,,,*,sl/img001-ex.jpg,*,sl/img001-ex.jpg,,,,,,,,,,,,,,,,,,,,,,,0,1,en_sl_ex_033,,1,,8820,8820,,5,,,,,,,,,,,,,,,,,"23,27","NEW extension,Extension SoftBank 601HW WHITE"
1666,10611,747,415,No,34,2,カート用延長フラグ,Extension SoftBank 601HW WHITE,1,,,,,,,,*,sl/img001-ex.jpg,*,sl/img001-ex.jpg,,,,,,,,,,,,,,,,,,,,,,,0,1,en_sl_ex_034,,1,,9310,9310,,5,,,,,,,,,,,,,,,,,"23,27","NEW extension,Extension SoftBank 601HW WHITE"
1666,10613,747,416,No,35,2,カート用延長フラグ,Extension SoftBank 601HW WHITE,1,,,,,,,,*,sl/img001-ex.jpg,*,sl/img001-ex.jpg,,,,,,,,,,,,,,,,,,,,,,,0,1,en_sl_ex_035,,1,,9800,9800,,5,,,,,,,,,,,,,,,,,"23,27","NEW extension,Extension SoftBank 601HW WHITE"
1666,10615,747,417,No,36,2,カート用延長フラグ,Extension SoftBank 601HW WHITE,1,,,,,,,,*,sl/img001-ex.jpg,*,sl/img001-ex.jpg,,,,,,,,,,,,,,,,,,,,,,,0,1,en_sl_ex_036,,1,,10290,10290,,5,,,,,,,,,,,,,,,,,"23,27","NEW extension,Extension SoftBank 601HW WHITE"
1666,10617,747,418,No,37,2,カート用延長フラグ,Extension SoftBank 601HW WHITE,1,,,,,,,,*,sl/img001-ex.jpg,*,sl/img001-ex.jpg,,,,,,,,,,,,,,,,,,,,,,,0,1,en_sl_ex_037,,1,,10780,10780,,5,,,,,,,,,,,,,,,,,"23,27","NEW extension,Extension SoftBank 601HW WHITE"
1666,10619,747,419,No,38,2,カート用延長フラグ,Extension SoftBank 601HW WHITE,1,,,,,,,,*,sl/img001-ex.jpg,*,sl/img001-ex.jpg,,,,,,,,,,,,,,,,,,,,,,,0,1,en_sl_ex_038,,1,,11270,11270,,5,,,,,,,,,,,,,,,,,"23,27","NEW extension,Extension SoftBank 601HW WHITE"
1666,10621,747,420,No,39,2,カート用延長フラグ,Extension SoftBank 601HW WHITE,1,,,,,,,,*,sl/img001-ex.jpg,*,sl/img001-ex.jpg,,,,,,,,,,,,,,,,,,,,,,,0,1,en_sl_ex_039,,1,,11760,11760,,5,,,,,,,,,,,,,,,,,"23,27","NEW extension,Extension SoftBank 601HW WHITE"
1666,10623,747,421,No,40,2,カート用延長フラグ,Extension SoftBank 601HW WHITE,1,,,,,,,,*,sl/img001-ex.jpg,*,sl/img001-ex.jpg,,,,,,,,,,,,,,,,,,,,,,,0,1,en_sl_ex_040,,1,,12250,12250,,5,,,,,,,,,,,,,,,,,"23,27","NEW extension,Extension SoftBank 601HW WHITE"
1666,10625,747,422,No,41,2,カート用延長フラグ,Extension SoftBank 601HW WHITE,1,,,,,,,,*,sl/img001-ex.jpg,*,sl/img001-ex.jpg,,,,,,,,,,,,,,,,,,,,,,,0,1,en_sl_ex_041,,1,,12740,12740,,5,,,,,,,,,,,,,,,,,"23,27","NEW extension,Extension SoftBank 601HW WHITE"
1666,10627,747,423,No,42,2,カート用延長フラグ,Extension SoftBank 601HW WHITE,1,,,,,,,,*,sl/img001-ex.jpg,*,sl/img001-ex.jpg,,,,,,,,,,,,,,,,,,,,,,,0,1,en_sl_ex_060,,1,,13050,13050,,5,,,,,,,,,,,,,,,,,"23,27","NEW extension,Extension SoftBank 601HW WHITE"
1666,10629,747,424,No,43,2,カート用延長フラグ,Extension SoftBank 601HW WHITE,1,,,,,,,,*,sl/img001-ex.jpg,*,sl/img001-ex.jpg,,,,,,,,,,,,,,,,,,,,,,,0,1,en_sl_ex_060,,1,,13050,13050,,5,,,,,,,,,,,,,,,,,"23,27","NEW extension,Extension SoftBank 601HW WHITE"
1666,10631,747,425,No,44,2,カート用延長フラグ,Extension SoftBank 601HW WHITE,1,,,,,,,,*,sl/img001-ex.jpg,*,sl/img001-ex.jpg,,,,,,,,,,,,,,,,,,,,,,,0,1,en_sl_ex_060,,1,,13050,13050,,5,,,,,,,,,,,,,,,,,"23,27","NEW extension,Extension SoftBank 601HW WHITE"
1666,10633,747,426,No,45,2,カート用延長フラグ,Extension SoftBank 601HW WHITE,1,,,,,,,,*,sl/img001-ex.jpg,*,sl/img001-ex.jpg,,,,,,,,,,,,,,,,,,,,,,,0,1,en_sl_ex_060,,1,,13050,13050,,5,,,,,,,,,,,,,,,,,"23,27","NEW extension,Extension SoftBank 601HW WHITE"
1666,10635,747,427,No,46,2,カート用延長フラグ,Extension SoftBank 601HW WHITE,1,,,,,,,,*,sl/img001-ex.jpg,*,sl/img001-ex.jpg,,,,,,,,,,,,,,,,,,,,,,,0,1,en_sl_ex_060,,1,,13050,13050,,5,,,,,,,,,,,,,,,,,"23,27","NEW extension,Extension SoftBank 601HW WHITE"
1666,10637,747,428,No,47,2,カート用延長フラグ,Extension SoftBank 601HW WHITE,1,,,,,,,,*,sl/img001-ex.jpg,*,sl/img001-ex.jpg,,,,,,,,,,,,,,,,,,,,,,,0,1,en_sl_ex_060,,1,,13050,13050,,5,,,,,,,,,,,,,,,,,"23,27","NEW extension,Extension SoftBank 601HW WHITE"
1666,10639,747,429,No,48,2,カート用延長フラグ,Extension SoftBank 601HW WHITE,1,,,,,,,,*,sl/img001-ex.jpg,*,sl/img001-ex.jpg,,,,,,,,,,,,,,,,,,,,,,,0,1,en_sl_ex_060,,1,,13050,13050,,5,,,,,,,,,,,,,,,,,"23,27","NEW extension,Extension SoftBank 601HW WHITE"
1666,10641,747,430,No,49,2,カート用延長フラグ,Extension SoftBank 601HW WHITE,1,,,,,,,,*,sl/img001-ex.jpg,*,sl/img001-ex.jpg,,,,,,,,,,,,,,,,,,,,,,,0,1,en_sl_ex_060,,1,,13050,13050,,5,,,,,,,,,,,,,,,,,"23,27","NEW extension,Extension SoftBank 601HW WHITE"
1666,10643,747,431,No,50,2,カート用延長フラグ,Extension SoftBank 601HW WHITE,1,,,,,,,,*,sl/img001-ex.jpg,*,sl/img001-ex.jpg,,,,,,,,,,,,,,,,,,,,,,,0,1,en_sl_ex_060,,1,,13050,13050,,5,,,,,,,,,,,,,,,,,"23,27","NEW extension,Extension SoftBank 601HW WHITE"
1666,10645,747,432,No,51,2,カート用延長フラグ,Extension SoftBank 601HW WHITE,1,,,,,,,,*,sl/img001-ex.jpg,*,sl/img001-ex.jpg,,,,,,,,,,,,,,,,,,,,,,,0,1,en_sl_ex_060,,1,,13050,13050,,5,,,,,,,,,,,,,,,,,"23,27","NEW extension,Extension SoftBank 601HW WHITE"
1666,10647,747,433,No,52,2,カート用延長フラグ,Extension SoftBank 601HW WHITE,1,,,,,,,,*,sl/img001-ex.jpg,*,sl/img001-ex.jpg,,,,,,,,,,,,,,,,,,,,,,,0,1,en_sl_ex_060,,1,,13050,13050,,5,,,,,,,,,,,,,,,,,"23,27","NEW extension,Extension SoftBank 601HW WHITE"
1666,10649,747,434,No,53,2,カート用延長フラグ,Extension SoftBank 601HW WHITE,1,,,,,,,,*,sl/img001-ex.jpg,*,sl/img001-ex.jpg,,,,,,,,,,,,,,,,,,,,,,,0,1,en_sl_ex_060,,1,,13050,13050,,5,,,,,,,,,,,,,,,,,"23,27","NEW extension,Extension SoftBank 601HW WHITE"
1666,10651,747,435,No,54,2,カート用延長フラグ,Extension SoftBank 601HW WHITE,1,,,,,,,,*,sl/img001-ex.jpg,*,sl/img001-ex.jpg,,,,,,,,,,,,,,,,,,,,,,,0,1,en_sl_ex_060,,1,,13050,13050,,5,,,,,,,,,,,,,,,,,"23,27","NEW extension,Extension SoftBank 601HW WHITE"
1666,10653,747,436,No,55,2,カート用延長フラグ,Extension SoftBank 601HW WHITE,1,,,,,,,,*,sl/img001-ex.jpg,*,sl/img001-ex.jpg,,,,,,,,,,,,,,,,,,,,,,,0,1,en_sl_ex_060,,1,,13050,13050,,5,,,,,,,,,,,,,,,,,"23,27","NEW extension,Extension SoftBank 601HW WHITE"
1666,10655,747,437,No,56,2,カート用延長フラグ,Extension SoftBank 601HW WHITE,1,,,,,,,,*,sl/img001-ex.jpg,*,sl/img001-ex.jpg,,,,,,,,,,,,,,,,,,,,,,,0,1,en_sl_ex_060,,1,,13050,13050,,5,,,,,,,,,,,,,,,,,"23,27","NEW extension,Extension SoftBank 601HW WHITE"
1666,10657,747,438,No,57,2,カート用延長フラグ,Extension SoftBank 601HW WHITE,1,,,,,,,,*,sl/img001-ex.jpg,*,sl/img001-ex.jpg,,,,,,,,,,,,,,,,,,,,,,,0,1,en_sl_ex_060,,1,,13050,13050,,5,,,,,,,,,,,,,,,,,"23,27","NEW extension,Extension SoftBank 601HW WHITE"
1666,10659,747,439,No,58,2,カート用延長フラグ,Extension SoftBank 601HW WHITE,1,,,,,,,,*,sl/img001-ex.jpg,*,sl/img001-ex.jpg,,,,,,,,,,,,,,,,,,,,,,,0,1,en_sl_ex_060,,1,,13050,13050,,5,,,,,,,,,,,,,,,,,"23,27","NEW extension,Extension SoftBank 601HW WHITE"
1666,10661,747,440,No,59,2,カート用延長フラグ,Extension SoftBank 601HW WHITE,1,,,,,,,,*,sl/img001-ex.jpg,*,sl/img001-ex.jpg,,,,,,,,,,,,,,,,,,,,,,,0,1,en_sl_ex_060,,1,,13050,13050,,5,,,,,,,,,,,,,,,,,"23,27","NEW extension,Extension SoftBank 601HW WHITE"
1666,10663,747,441,No,60,2,カート用延長フラグ,Extension SoftBank 601HW WHITE,1,,,,,,,,*,sl/img001-ex.jpg,*,sl/img001-ex.jpg,,,,,,,,,,,,,,,,,,,,,,,0,1,en_sl_ex_060,,1,,13050,13050,,5,,,,,,,,,,,,,,,,,"23,27","NEW extension,Extension SoftBank 601HW WHITE"
1666,10665,747,442,No,61,2,カート用延長フラグ,Extension SoftBank 601HW WHITE,1,,,,,,,,*,sl/img001-ex.jpg,*,sl/img001-ex.jpg,,,,,,,,,,,,,,,,,,,,,,,0,1,en_sl_ex_061,,1,,13540,13540,,5,,,,,,,,,,,,,,,,,"23,27","NEW extension,Extension SoftBank 601HW WHITE"
1666,10667,747,443,No,62,2,カート用延長フラグ,Extension SoftBank 601HW WHITE,1,,,,,,,,*,sl/img001-ex.jpg,*,sl/img001-ex.jpg,,,,,,,,,,,,,,,,,,,,,,,0,1,en_sl_ex_062,,1,,14030,14030,,5,,,,,,,,,,,,,,,,,"23,27","NEW extension,Extension SoftBank 601HW WHITE"
1666,10669,747,444,No,63,2,カート用延長フラグ,Extension SoftBank 601HW WHITE,1,,,,,,,,*,sl/img001-ex.jpg,*,sl/img001-ex.jpg,,,,,,,,,,,,,,,,,,,,,,,0,1,en_sl_ex_063,,1,,14520,14520,,5,,,,,,,,,,,,,,,,,"23,27","NEW extension,Extension SoftBank 601HW WHITE"
1666,10671,747,445,No,64,2,カート用延長フラグ,Extension SoftBank 601HW WHITE,1,,,,,,,,*,sl/img001-ex.jpg,*,sl/img001-ex.jpg,,,,,,,,,,,,,,,,,,,,,,,0,1,en_sl_ex_064,,1,,15010,15010,,5,,,,,,,,,,,,,,,,,"23,27","NEW extension,Extension SoftBank 601HW WHITE"
1666,10673,747,446,No,65,2,カート用延長フラグ,Extension SoftBank 601HW WHITE,1,,,,,,,,*,sl/img001-ex.jpg,*,sl/img001-ex.jpg,,,,,,,,,,,,,,,,,,,,,,,0,1,en_sl_ex_065,,1,,15500,15500,,5,,,,,,,,,,,,,,,,,"23,27","NEW extension,Extension SoftBank 601HW WHITE"
1666,10675,747,447,No,66,2,カート用延長フラグ,Extension SoftBank 601HW WHITE,1,,,,,,,,*,sl/img001-ex.jpg,*,sl/img001-ex.jpg,,,,,,,,,,,,,,,,,,,,,,,0,1,en_sl_ex_066,,1,,15990,15990,,5,,,,,,,,,,,,,,,,,"23,27","NEW extension,Extension SoftBank 601HW WHITE"
1666,10677,747,448,No,67,2,カート用延長フラグ,Extension SoftBank 601HW WHITE,1,,,,,,,,*,sl/img001-ex.jpg,*,sl/img001-ex.jpg,,,,,,,,,,,,,,,,,,,,,,,0,1,en_sl_ex_067,,1,,16480,16480,,5,,,,,,,,,,,,,,,,,"23,27","NEW extension,Extension SoftBank 601HW WHITE"
1666,10679,747,449,No,68,2,カート用延長フラグ,Extension SoftBank 601HW WHITE,1,,,,,,,,*,sl/img001-ex.jpg,*,sl/img001-ex.jpg,,,,,,,,,,,,,,,,,,,,,,,0,1,en_sl_ex_068,,1,,16970,16970,,5,,,,,,,,,,,,,,,,,"23,27","NEW extension,Extension SoftBank 601HW WHITE"
1666,10681,747,450,No,69,2,カート用延長フラグ,Extension SoftBank 601HW WHITE,1,,,,,,,,*,sl/img001-ex.jpg,*,sl/img001-ex.jpg,,,,,,,,,,,,,,,,,,,,,,,0,1,en_sl_ex_069,,1,,17460,17460,,5,,,,,,,,,,,,,,,,,"23,27","NEW extension,Extension SoftBank 601HW WHITE"
1666,10683,747,451,No,70,2,カート用延長フラグ,Extension SoftBank 601HW WHITE,1,,,,,,,,*,sl/img001-ex.jpg,*,sl/img001-ex.jpg,,,,,,,,,,,,,,,,,,,,,,,0,1,en_sl_ex_070,,1,,17950,17950,,5,,,,,,,,,,,,,,,,,"23,27","NEW extension,Extension SoftBank 601HW WHITE"
1666,10685,747,452,No,71,2,カート用延長フラグ,Extension SoftBank 601HW WHITE,1,,,,,,,,*,sl/img001-ex.jpg,*,sl/img001-ex.jpg,,,,,,,,,,,,,,,,,,,,,,,0,1,en_sl_ex_090,,1,,18300,18300,,5,,,,,,,,,,,,,,,,,"23,27","NEW extension,Extension SoftBank 601HW WHITE"
1666,10687,747,453,No,72,2,カート用延長フラグ,Extension SoftBank 601HW WHITE,1,,,,,,,,*,sl/img001-ex.jpg,*,sl/img001-ex.jpg,,,,,,,,,,,,,,,,,,,,,,,0,1,en_sl_ex_090,,1,,18300,18300,,5,,,,,,,,,,,,,,,,,"23,27","NEW extension,Extension SoftBank 601HW WHITE"
1666,10689,747,454,No,73,2,カート用延長フラグ,Extension SoftBank 601HW WHITE,1,,,,,,,,*,sl/img001-ex.jpg,*,sl/img001-ex.jpg,,,,,,,,,,,,,,,,,,,,,,,0,1,en_sl_ex_090,,1,,18300,18300,,5,,,,,,,,,,,,,,,,,"23,27","NEW extension,Extension SoftBank 601HW WHITE"
1666,10691,747,455,No,74,2,カート用延長フラグ,Extension SoftBank 601HW WHITE,1,,,,,,,,*,sl/img001-ex.jpg,*,sl/img001-ex.jpg,,,,,,,,,,,,,,,,,,,,,,,0,1,en_sl_ex_090,,1,,18300,18300,,5,,,,,,,,,,,,,,,,,"23,27","NEW extension,Extension SoftBank 601HW WHITE"
1666,10693,747,456,No,75,2,カート用延長フラグ,Extension SoftBank 601HW WHITE,1,,,,,,,,*,sl/img001-ex.jpg,*,sl/img001-ex.jpg,,,,,,,,,,,,,,,,,,,,,,,0,1,en_sl_ex_090,,1,,18300,18300,,5,,,,,,,,,,,,,,,,,"23,27","NEW extension,Extension SoftBank 601HW WHITE"
1666,10695,747,457,No,76,2,カート用延長フラグ,Extension SoftBank 601HW WHITE,1,,,,,,,,*,sl/img001-ex.jpg,*,sl/img001-ex.jpg,,,,,,,,,,,,,,,,,,,,,,,0,1,en_sl_ex_090,,1,,18300,18300,,5,,,,,,,,,,,,,,,,,"23,27","NEW extension,Extension SoftBank 601HW WHITE"
1666,10697,747,458,No,77,2,カート用延長フラグ,Extension SoftBank 601HW WHITE,1,,,,,,,,*,sl/img001-ex.jpg,*,sl/img001-ex.jpg,,,,,,,,,,,,,,,,,,,,,,,0,1,en_sl_ex_090,,1,,18300,18300,,5,,,,,,,,,,,,,,,,,"23,27","NEW extension,Extension SoftBank 601HW WHITE"
1666,10699,747,459,No,78,2,カート用延長フラグ,Extension SoftBank 601HW WHITE,1,,,,,,,,*,sl/img001-ex.jpg,*,sl/img001-ex.jpg,,,,,,,,,,,,,,,,,,,,,,,0,1,en_sl_ex_090,,1,,18300,18300,,5,,,,,,,,,,,,,,,,,"23,27","NEW extension,Extension SoftBank 601HW WHITE"
1666,10701,747,460,No,79,2,カート用延長フラグ,Extension SoftBank 601HW WHITE,1,,,,,,,,*,sl/img001-ex.jpg,*,sl/img001-ex.jpg,,,,,,,,,,,,,,,,,,,,,,,0,1,en_sl_ex_090,,1,,18300,18300,,5,,,,,,,,,,,,,,,,,"23,27","NEW extension,Extension SoftBank 601HW WHITE"
1666,10703,747,461,No,80,2,カート用延長フラグ,Extension SoftBank 601HW WHITE,1,,,,,,,,*,sl/img001-ex.jpg,*,sl/img001-ex.jpg,,,,,,,,,,,,,,,,,,,,,,,0,1,en_sl_ex_090,,1,,18300,18300,,5,,,,,,,,,,,,,,,,,"23,27","NEW extension,Extension SoftBank 601HW WHITE"
1666,10705,747,462,No,81,2,カート用延長フラグ,Extension SoftBank 601HW WHITE,1,,,,,,,,*,sl/img001-ex.jpg,*,sl/img001-ex.jpg,,,,,,,,,,,,,,,,,,,,,,,0,1,en_sl_ex_090,,1,,18300,18300,,5,,,,,,,,,,,,,,,,,"23,27","NEW extension,Extension SoftBank 601HW WHITE"
1666,10707,747,463,No,82,2,カート用延長フラグ,Extension SoftBank 601HW WHITE,1,,,,,,,,*,sl/img001-ex.jpg,*,sl/img001-ex.jpg,,,,,,,,,,,,,,,,,,,,,,,0,1,en_sl_ex_090,,1,,18300,18300,,5,,,,,,,,,,,,,,,,,"23,27","NEW extension,Extension SoftBank 601HW WHITE"
1666,10709,747,464,No,83,2,カート用延長フラグ,Extension SoftBank 601HW WHITE,1,,,,,,,,*,sl/img001-ex.jpg,*,sl/img001-ex.jpg,,,,,,,,,,,,,,,,,,,,,,,0,1,en_sl_ex_090,,1,,18300,18300,,5,,,,,,,,,,,,,,,,,"23,27","NEW extension,Extension SoftBank 601HW WHITE"
1666,10711,747,465,No,84,2,カート用延長フラグ,Extension SoftBank 601HW WHITE,1,,,,,,,,*,sl/img001-ex.jpg,*,sl/img001-ex.jpg,,,,,,,,,,,,,,,,,,,,,,,0,1,en_sl_ex_090,,1,,18300,18300,,5,,,,,,,,,,,,,,,,,"23,27","NEW extension,Extension SoftBank 601HW WHITE"
1666,10713,747,466,No,85,2,カート用延長フラグ,Extension SoftBank 601HW WHITE,1,,,,,,,,*,sl/img001-ex.jpg,*,sl/img001-ex.jpg,,,,,,,,,,,,,,,,,,,,,,,0,1,en_sl_ex_090,,1,,18300,18300,,5,,,,,,,,,,,,,,,,,"23,27","NEW extension,Extension SoftBank 601HW WHITE"
1666,10715,747,467,No,86,2,カート用延長フラグ,Extension SoftBank 601HW WHITE,1,,,,,,,,*,sl/img001-ex.jpg,*,sl/img001-ex.jpg,,,,,,,,,,,,,,,,,,,,,,,0,1,en_sl_ex_090,,1,,18300,18300,,5,,,,,,,,,,,,,,,,,"23,27","NEW extension,Extension SoftBank 601HW WHITE"
1666,10717,747,468,No,87,2,カート用延長フラグ,Extension SoftBank 601HW WHITE,1,,,,,,,,*,sl/img001-ex.jpg,*,sl/img001-ex.jpg,,,,,,,,,,,,,,,,,,,,,,,0,1,en_sl_ex_090,,1,,18300,18300,,5,,,,,,,,,,,,,,,,,"23,27","NEW extension,Extension SoftBank 601HW WHITE"
1666,10719,747,469,No,88,2,カート用延長フラグ,Extension SoftBank 601HW WHITE,1,,,,,,,,*,sl/img001-ex.jpg,*,sl/img001-ex.jpg,,,,,,,,,,,,,,,,,,,,,,,0,1,en_sl_ex_090,,1,,18300,18300,,5,,,,,,,,,,,,,,,,,"23,27","NEW extension,Extension SoftBank 601HW WHITE"
1666,10721,747,470,No,89,2,カート用延長フラグ,Extension SoftBank 601HW WHITE,1,,,,,,,,*,sl/img001-ex.jpg,*,sl/img001-ex.jpg,,,,,,,,,,,,,,,,,,,,,,,0,1,en_sl_ex_090,,1,,18300,18300,,5,,,,,,,,,,,,,,,,,"23,27","NEW extension,Extension SoftBank 601HW WHITE"
1666,10723,747,471,No,90,2,カート用延長フラグ,Extension SoftBank 601HW WHITE,1,,,,,,,,*,sl/img001-ex.jpg,*,sl/img001-ex.jpg,,,,,,,,,,,,,,,,,,,,,,,0,1,en_sl_ex_090,,1,,18300,18300,,5,,,,,,,,,,,,,,,,,"23,27","NEW extension,Extension SoftBank 601HW WHITE"
1666,10725,747,472,No,91,2,カート用延長フラグ,Extension SoftBank 601HW WHITE,1,,,,,,,,*,sl/img001-ex.jpg,*,sl/img001-ex.jpg,,,,,,,,,,,,,,,,,,,,,,,0,1,en_sl_ex_091,,1,,18790,18790,,5,,,,,,,,,,,,,,,,,"23,27","NEW extension,Extension SoftBank 601HW WHITE"
1666,10727,747,473,No,92,2,カート用延長フラグ,Extension SoftBank 601HW WHITE,1,,,,,,,,*,sl/img001-ex.jpg,*,sl/img001-ex.jpg,,,,,,,,,,,,,,,,,,,,,,,0,1,en_sl_ex_092,,1,,19280,19280,,5,,,,,,,,,,,,,,,,,"23,27","NEW extension,Extension SoftBank 601HW WHITE"
1666,10729,747,474,No,93,2,カート用延長フラグ,Extension SoftBank 601HW WHITE,1,,,,,,,,*,sl/img001-ex.jpg,*,sl/img001-ex.jpg,,,,,,,,,,,,,,,,,,,,,,,0,1,en_sl_ex_093,,1,,19770,19770,,5,,,,,,,,,,,,,,,,,"23,27","NEW extension,Extension SoftBank 601HW WHITE"
1666,10731,747,475,No,94,2,カート用延長フラグ,Extension SoftBank 601HW WHITE,1,,,,,,,,*,sl/img001-ex.jpg,*,sl/img001-ex.jpg,,,,,,,,,,,,,,,,,,,,,,,0,1,en_sl_ex_094,,1,,20260,20260,,5,,,,,,,,,,,,,,,,,"23,27","NEW extension,Extension SoftBank 601HW WHITE"
1666,10733,747,476,No,95,2,カート用延長フラグ,Extension SoftBank 601HW WHITE,1,,,,,,,,*,sl/img001-ex.jpg,*,sl/img001-ex.jpg,,,,,,,,,,,,,,,,,,,,,,,0,1,en_sl_ex_095,,1,,20750,20750,,5,,,,,,,,,,,,,,,,,"23,27","NEW extension,Extension SoftBank 601HW WHITE"
1666,10735,747,477,No,96,2,カート用延長フラグ,Extension SoftBank 601HW WHITE,1,,,,,,,,*,sl/img001-ex.jpg,*,sl/img001-ex.jpg,,,,,,,,,,,,,,,,,,,,,,,0,1,en_sl_ex_096,,1,,21240,21240,,5,,,,,,,,,,,,,,,,,"23,27","NEW extension,Extension SoftBank 601HW WHITE"
1666,10737,747,478,No,97,2,カート用延長フラグ,Extension SoftBank 601HW WHITE,1,,,,,,,,*,sl/img001-ex.jpg,*,sl/img001-ex.jpg,,,,,,,,,,,,,,,,,,,,,,,0,1,en_sl_ex_097,,1,,21730,21730,,5,,,,,,,,,,,,,,,,,"23,27","NEW extension,Extension SoftBank 601HW WHITE"
1666,10739,747,479,No,98,2,カート用延長フラグ,Extension SoftBank 601HW WHITE,1,,,,,,,,*,sl/img001-ex.jpg,*,sl/img001-ex.jpg,,,,,,,,,,,,,,,,,,,,,,,0,1,en_sl_ex_098,,1,,22220,22220,,5,,,,,,,,,,,,,,,,,"23,27","NEW extension,Extension SoftBank 601HW WHITE"
1666,10741,747,480,No,99,2,カート用延長フラグ,Extension SoftBank 601HW WHITE,1,,,,,,,,*,sl/img001-ex.jpg,*,sl/img001-ex.jpg,,,,,,,,,,,,,,,,,,,,,,,0,1,en_sl_ex_099,,1,,22710,22710,,5,,,,,,,,,,,,,,,,,"23,27","NEW extension,Extension SoftBank 601HW WHITE"
1666,10743,747,481,No,100,2,カート用延長フラグ,Extension SoftBank 601HW WHITE,1,,,,,,,,*,sl/img001-ex.jpg,*,sl/img001-ex.jpg,,,,,,,,,,,,,,,,,,,,,,,0,1,en_sl_ex_120,,1,,23000,23000,,5,,,,,,,,,,,,,,,,,"23,27","NEW extension,Extension SoftBank 601HW WHITE"
1666,10745,747,482,No,101,2,カート用延長フラグ,Extension SoftBank 601HW WHITE,1,,,,,,,,*,sl/img001-ex.jpg,*,sl/img001-ex.jpg,,,,,,,,,,,,,,,,,,,,,,,0,1,en_sl_ex_120,,1,,23000,23000,,5,,,,,,,,,,,,,,,,,"23,27","NEW extension,Extension SoftBank 601HW WHITE"
1666,10747,747,483,No,102,2,カート用延長フラグ,Extension SoftBank 601HW WHITE,1,,,,,,,,*,sl/img001-ex.jpg,*,sl/img001-ex.jpg,,,,,,,,,,,,,,,,,,,,,,,0,1,en_sl_ex_120,,1,,23000,23000,,5,,,,,,,,,,,,,,,,,"23,27","NEW extension,Extension SoftBank 601HW WHITE"
1666,10749,747,484,No,103,2,カート用延長フラグ,Extension SoftBank 601HW WHITE,1,,,,,,,,*,sl/img001-ex.jpg,*,sl/img001-ex.jpg,,,,,,,,,,,,,,,,,,,,,,,0,1,en_sl_ex_120,,1,,23000,23000,,5,,,,,,,,,,,,,,,,,"23,27","NEW extension,Extension SoftBank 601HW WHITE"
1666,10751,747,485,No,104,2,カート用延長フラグ,Extension SoftBank 601HW WHITE,1,,,,,,,,*,sl/img001-ex.jpg,*,sl/img001-ex.jpg,,,,,,,,,,,,,,,,,,,,,,,0,1,en_sl_ex_120,,1,,23000,23000,,5,,,,,,,,,,,,,,,,,"23,27","NEW extension,Extension SoftBank 601HW WHITE"
1666,10753,747,486,No,105,2,カート用延長フラグ,Extension SoftBank 601HW WHITE,1,,,,,,,,*,sl/img001-ex.jpg,*,sl/img001-ex.jpg,,,,,,,,,,,,,,,,,,,,,,,0,1,en_sl_ex_120,,1,,23000,23000,,5,,,,,,,,,,,,,,,,,"23,27","NEW extension,Extension SoftBank 601HW WHITE"
1666,10755,747,487,No,106,2,カート用延長フラグ,Extension SoftBank 601HW WHITE,1,,,,,,,,*,sl/img001-ex.jpg,*,sl/img001-ex.jpg,,,,,,,,,,,,,,,,,,,,,,,0,1,en_sl_ex_120,,1,,23000,23000,,5,,,,,,,,,,,,,,,,,"23,27","NEW extension,Extension SoftBank 601HW WHITE"
1666,10757,747,488,No,107,2,カート用延長フラグ,Extension SoftBank 601HW WHITE,1,,,,,,,,*,sl/img001-ex.jpg,*,sl/img001-ex.jpg,,,,,,,,,,,,,,,,,,,,,,,0,1,en_sl_ex_120,,1,,23000,23000,,5,,,,,,,,,,,,,,,,,"23,27","NEW extension,Extension SoftBank 601HW WHITE"
1666,10759,747,489,No,108,2,カート用延長フラグ,Extension SoftBank 601HW WHITE,1,,,,,,,,*,sl/img001-ex.jpg,*,sl/img001-ex.jpg,,,,,,,,,,,,,,,,,,,,,,,0,1,en_sl_ex_120,,1,,23000,23000,,5,,,,,,,,,,,,,,,,,"23,27","NEW extension,Extension SoftBank 601HW WHITE"
1666,10761,747,490,No,109,2,カート用延長フラグ,Extension SoftBank 601HW WHITE,1,,,,,,,,*,sl/img001-ex.jpg,*,sl/img001-ex.jpg,,,,,,,,,,,,,,,,,,,,,,,0,1,en_sl_ex_120,,1,,23000,23000,,5,,,,,,,,,,,,,,,,,"23,27","NEW extension,Extension SoftBank 601HW WHITE"
1666,10763,747,491,No,110,2,カート用延長フラグ,Extension SoftBank 601HW WHITE,1,,,,,,,,*,sl/img001-ex.jpg,*,sl/img001-ex.jpg,,,,,,,,,,,,,,,,,,,,,,,0,1,en_sl_ex_120,,1,,23000,23000,,5,,,,,,,,,,,,,,,,,"23,27","NEW extension,Extension SoftBank 601HW WHITE"
1666,10765,747,492,No,111,2,カート用延長フラグ,Extension SoftBank 601HW WHITE,1,,,,,,,,*,sl/img001-ex.jpg,*,sl/img001-ex.jpg,,,,,,,,,,,,,,,,,,,,,,,0,1,en_sl_ex_120,,1,,23000,23000,,5,,,,,,,,,,,,,,,,,"23,27","NEW extension,Extension SoftBank 601HW WHITE"
1666,10767,747,493,No,112,2,カート用延長フラグ,Extension SoftBank 601HW WHITE,1,,,,,,,,*,sl/img001-ex.jpg,*,sl/img001-ex.jpg,,,,,,,,,,,,,,,,,,,,,,,0,1,en_sl_ex_120,,1,,23000,23000,,5,,,,,,,,,,,,,,,,,"23,27","NEW extension,Extension SoftBank 601HW WHITE"
1666,10769,747,494,No,113,2,カート用延長フラグ,Extension SoftBank 601HW WHITE,1,,,,,,,,*,sl/img001-ex.jpg,*,sl/img001-ex.jpg,,,,,,,,,,,,,,,,,,,,,,,0,1,en_sl_ex_120,,1,,23000,23000,,5,,,,,,,,,,,,,,,,,"23,27","NEW extension,Extension SoftBank 601HW WHITE"
1666,10771,747,495,No,114,2,カート用延長フラグ,Extension SoftBank 601HW WHITE,1,,,,,,,,*,sl/img001-ex.jpg,*,sl/img001-ex.jpg,,,,,,,,,,,,,,,,,,,,,,,0,1,en_sl_ex_120,,1,,23000,23000,,5,,,,,,,,,,,,,,,,,"23,27","NEW extension,Extension SoftBank 601HW WHITE"
1666,10773,747,496,No,115,2,カート用延長フラグ,Extension SoftBank 601HW WHITE,1,,,,,,,,*,sl/img001-ex.jpg,*,sl/img001-ex.jpg,,,,,,,,,,,,,,,,,,,,,,,0,1,en_sl_ex_120,,1,,23000,23000,,5,,,,,,,,,,,,,,,,,"23,27","NEW extension,Extension SoftBank 601HW WHITE"
1666,10775,747,497,No,116,2,カート用延長フラグ,Extension SoftBank 601HW WHITE,1,,,,,,,,*,sl/img001-ex.jpg,*,sl/img001-ex.jpg,,,,,,,,,,,,,,,,,,,,,,,0,1,en_sl_ex_120,,1,,23000,23000,,5,,,,,,,,,,,,,,,,,"23,27","NEW extension,Extension SoftBank 601HW WHITE"
1666,10777,747,498,No,117,2,カート用延長フラグ,Extension SoftBank 601HW WHITE,1,,,,,,,,*,sl/img001-ex.jpg,*,sl/img001-ex.jpg,,,,,,,,,,,,,,,,,,,,,,,0,1,en_sl_ex_120,,1,,23000,23000,,5,,,,,,,,,,,,,,,,,"23,27","NEW extension,Extension SoftBank 601HW WHITE"
1666,10779,747,499,No,118,2,カート用延長フラグ,Extension SoftBank 601HW WHITE,1,,,,,,,,*,sl/img001-ex.jpg,*,sl/img001-ex.jpg,,,,,,,,,,,,,,,,,,,,,,,0,1,en_sl_ex_120,,1,,23000,23000,,5,,,,,,,,,,,,,,,,,"23,27","NEW extension,Extension SoftBank 601HW WHITE"
1666,10781,747,500,No,119,2,カート用延長フラグ,Extension SoftBank 601HW WHITE,1,,,,,,,,*,sl/img001-ex.jpg,*,sl/img001-ex.jpg,,,,,,,,,,,,,,,,,,,,,,,0,1,en_sl_ex_120,,1,,23000,23000,,5,,,,,,,,,,,,,,,,,"23,27","NEW extension,Extension SoftBank 601HW WHITE"
1666,10783,747,501,No,120,2,カート用延長フラグ,Extension SoftBank 601HW WHITE,1,,,,,,,,*,sl/img001-ex.jpg,*,sl/img001-ex.jpg,,,,,,,,,,,,,,,,,,,,,,,0,1,en_sl_ex_120,,1,,23000,23000,,5,,,,,,,,,,,,,,,,,"23,27","NEW extension,Extension SoftBank 601HW WHITE"
1666,10785,747,502,No,121,2,カート用延長フラグ,Extension SoftBank 601HW WHITE,1,,,,,,,,*,sl/img001-ex.jpg,*,sl/img001-ex.jpg,,,,,,,,,,,,,,,,,,,,,,,0,1,en_sl_ex_121,,1,,23490,23490,,5,,,,,,,,,,,,,,,,,"23,27","NEW extension,Extension SoftBank 601HW WHITE"
1666,10787,747,503,No,122,2,カート用延長フラグ,Extension SoftBank 601HW WHITE,1,,,,,,,,*,sl/img001-ex.jpg,*,sl/img001-ex.jpg,,,,,,,,,,,,,,,,,,,,,,,0,1,en_sl_ex_122,,1,,23980,23980,,5,,,,,,,,,,,,,,,,,"23,27","NEW extension,Extension SoftBank 601HW WHITE"
1666,10789,747,504,No,123,2,カート用延長フラグ,Extension SoftBank 601HW WHITE,1,,,,,,,,*,sl/img001-ex.jpg,*,sl/img001-ex.jpg,,,,,,,,,,,,,,,,,,,,,,,0,1,en_sl_ex_123,,1,,24470,24470,,5,,,,,,,,,,,,,,,,,"23,27","NEW extension,Extension SoftBank 601HW WHITE"
1666,10791,747,505,No,124,2,カート用延長フラグ,Extension SoftBank 601HW WHITE,1,,,,,,,,*,sl/img001-ex.jpg,*,sl/img001-ex.jpg,,,,,,,,,,,,,,,,,,,,,,,0,1,en_sl_ex_124,,1,,24960,24960,,5,,,,,,,,,,,,,,,,,"23,27","NEW extension,Extension SoftBank 601HW WHITE"
1666,10793,747,506,No,125,2,カート用延長フラグ,Extension SoftBank 601HW WHITE,1,,,,,,,,*,sl/img001-ex.jpg,*,sl/img001-ex.jpg,,,,,,,,,,,,,,,,,,,,,,,0,1,en_sl_ex_125,,1,,25450,25450,,5,,,,,,,,,,,,,,,,,"23,27","NEW extension,Extension SoftBank 601HW WHITE"
1666,10795,747,507,No,126,2,カート用延長フラグ,Extension SoftBank 601HW WHITE,1,,,,,,,,*,sl/img001-ex.jpg,*,sl/img001-ex.jpg,,,,,,,,,,,,,,,,,,,,,,,0,1,en_sl_ex_150,,1,,25500,25500,,5,,,,,,,,,,,,,,,,,"23,27","NEW extension,Extension SoftBank 601HW WHITE"
1666,10797,747,508,No,127,2,カート用延長フラグ,Extension SoftBank 601HW WHITE,1,,,,,,,,*,sl/img001-ex.jpg,*,sl/img001-ex.jpg,,,,,,,,,,,,,,,,,,,,,,,0,1,en_sl_ex_150,,1,,25500,25500,,5,,,,,,,,,,,,,,,,,"23,27","NEW extension,Extension SoftBank 601HW WHITE"
1666,10799,747,509,No,128,2,カート用延長フラグ,Extension SoftBank 601HW WHITE,1,,,,,,,,*,sl/img001-ex.jpg,*,sl/img001-ex.jpg,,,,,,,,,,,,,,,,,,,,,,,0,1,en_sl_ex_150,,1,,25500,25500,,5,,,,,,,,,,,,,,,,,"23,27","NEW extension,Extension SoftBank 601HW WHITE"
1666,10801,747,510,No,129,2,カート用延長フラグ,Extension SoftBank 601HW WHITE,1,,,,,,,,*,sl/img001-ex.jpg,*,sl/img001-ex.jpg,,,,,,,,,,,,,,,,,,,,,,,0,1,en_sl_ex_150,,1,,25500,25500,,5,,,,,,,,,,,,,,,,,"23,27","NEW extension,Extension SoftBank 601HW WHITE"
1666,10803,747,511,No,130,2,カート用延長フラグ,Extension SoftBank 601HW WHITE,1,,,,,,,,*,sl/img001-ex.jpg,*,sl/img001-ex.jpg,,,,,,,,,,,,,,,,,,,,,,,0,1,en_sl_ex_150,,1,,25500,25500,,5,,,,,,,,,,,,,,,,,"23,27","NEW extension,Extension SoftBank 601HW WHITE"
1666,10805,747,512,No,131,2,カート用延長フラグ,Extension SoftBank 601HW WHITE,1,,,,,,,,*,sl/img001-ex.jpg,*,sl/img001-ex.jpg,,,,,,,,,,,,,,,,,,,,,,,0,1,en_sl_ex_150,,1,,25500,25500,,5,,,,,,,,,,,,,,,,,"23,27","NEW extension,Extension SoftBank 601HW WHITE"
1666,10807,747,513,No,132,2,カート用延長フラグ,Extension SoftBank 601HW WHITE,1,,,,,,,,*,sl/img001-ex.jpg,*,sl/img001-ex.jpg,,,,,,,,,,,,,,,,,,,,,,,0,1,en_sl_ex_150,,1,,25500,25500,,5,,,,,,,,,,,,,,,,,"23,27","NEW extension,Extension SoftBank 601HW WHITE"
1666,10809,747,514,No,133,2,カート用延長フラグ,Extension SoftBank 601HW WHITE,1,,,,,,,,*,sl/img001-ex.jpg,*,sl/img001-ex.jpg,,,,,,,,,,,,,,,,,,,,,,,0,1,en_sl_ex_150,,1,,25500,25500,,5,,,,,,,,,,,,,,,,,"23,27","NEW extension,Extension SoftBank 601HW WHITE"
1666,10811,747,515,No,134,2,カート用延長フラグ,Extension SoftBank 601HW WHITE,1,,,,,,,,*,sl/img001-ex.jpg,*,sl/img001-ex.jpg,,,,,,,,,,,,,,,,,,,,,,,0,1,en_sl_ex_150,,1,,25500,25500,,5,,,,,,,,,,,,,,,,,"23,27","NEW extension,Extension SoftBank 601HW WHITE"
1666,10813,747,516,No,135,2,カート用延長フラグ,Extension SoftBank 601HW WHITE,1,,,,,,,,*,sl/img001-ex.jpg,*,sl/img001-ex.jpg,,,,,,,,,,,,,,,,,,,,,,,0,1,en_sl_ex_150,,1,,25500,25500,,5,,,,,,,,,,,,,,,,,"23,27","NEW extension,Extension SoftBank 601HW WHITE"
1666,10815,747,517,No,136,2,カート用延長フラグ,Extension SoftBank 601HW WHITE,1,,,,,,,,*,sl/img001-ex.jpg,*,sl/img001-ex.jpg,,,,,,,,,,,,,,,,,,,,,,,0,1,en_sl_ex_150,,1,,25500,25500,,5,,,,,,,,,,,,,,,,,"23,27","NEW extension,Extension SoftBank 601HW WHITE"
1666,10817,747,518,No,137,2,カート用延長フラグ,Extension SoftBank 601HW WHITE,1,,,,,,,,*,sl/img001-ex.jpg,*,sl/img001-ex.jpg,,,,,,,,,,,,,,,,,,,,,,,0,1,en_sl_ex_150,,1,,25500,25500,,5,,,,,,,,,,,,,,,,,"23,27","NEW extension,Extension SoftBank 601HW WHITE"
1666,10819,747,519,No,138,2,カート用延長フラグ,Extension SoftBank 601HW WHITE,1,,,,,,,,*,sl/img001-ex.jpg,*,sl/img001-ex.jpg,,,,,,,,,,,,,,,,,,,,,,,0,1,en_sl_ex_150,,1,,25500,25500,,5,,,,,,,,,,,,,,,,,"23,27","NEW extension,Extension SoftBank 601HW WHITE"
1666,10821,747,520,No,139,2,カート用延長フラグ,Extension SoftBank 601HW WHITE,1,,,,,,,,*,sl/img001-ex.jpg,*,sl/img001-ex.jpg,,,,,,,,,,,,,,,,,,,,,,,0,1,en_sl_ex_150,,1,,25500,25500,,5,,,,,,,,,,,,,,,,,"23,27","NEW extension,Extension SoftBank 601HW WHITE"
1666,10823,747,521,No,140,2,カート用延長フラグ,Extension SoftBank 601HW WHITE,1,,,,,,,,*,sl/img001-ex.jpg,*,sl/img001-ex.jpg,,,,,,,,,,,,,,,,,,,,,,,0,1,en_sl_ex_150,,1,,25500,25500,,5,,,,,,,,,,,,,,,,,"23,27","NEW extension,Extension SoftBank 601HW WHITE"
1666,10825,747,522,No,141,2,カート用延長フラグ,Extension SoftBank 601HW WHITE,1,,,,,,,,*,sl/img001-ex.jpg,*,sl/img001-ex.jpg,,,,,,,,,,,,,,,,,,,,,,,0,1,en_sl_ex_150,,1,,25500,25500,,5,,,,,,,,,,,,,,,,,"23,27","NEW extension,Extension SoftBank 601HW WHITE"
1666,10827,747,523,No,142,2,カート用延長フラグ,Extension SoftBank 601HW WHITE,1,,,,,,,,*,sl/img001-ex.jpg,*,sl/img001-ex.jpg,,,,,,,,,,,,,,,,,,,,,,,0,1,en_sl_ex_150,,1,,25500,25500,,5,,,,,,,,,,,,,,,,,"23,27","NEW extension,Extension SoftBank 601HW WHITE"
1666,10829,747,524,No,143,2,カート用延長フラグ,Extension SoftBank 601HW WHITE,1,,,,,,,,*,sl/img001-ex.jpg,*,sl/img001-ex.jpg,,,,,,,,,,,,,,,,,,,,,,,0,1,en_sl_ex_150,,1,,25500,25500,,5,,,,,,,,,,,,,,,,,"23,27","NEW extension,Extension SoftBank 601HW WHITE"
1666,10831,747,525,No,144,2,カート用延長フラグ,Extension SoftBank 601HW WHITE,1,,,,,,,,*,sl/img001-ex.jpg,*,sl/img001-ex.jpg,,,,,,,,,,,,,,,,,,,,,,,0,1,en_sl_ex_150,,1,,25500,25500,,5,,,,,,,,,,,,,,,,,"23,27","NEW extension,Extension SoftBank 601HW WHITE"
1666,10833,747,526,No,145,2,カート用延長フラグ,Extension SoftBank 601HW WHITE,1,,,,,,,,*,sl/img001-ex.jpg,*,sl/img001-ex.jpg,,,,,,,,,,,,,,,,,,,,,,,0,1,en_sl_ex_150,,1,,25500,25500,,5,,,,,,,,,,,,,,,,,"23,27","NEW extension,Extension SoftBank 601HW WHITE"
1666,10835,747,527,No,146,2,カート用延長フラグ,Extension SoftBank 601HW WHITE,1,,,,,,,,*,sl/img001-ex.jpg,*,sl/img001-ex.jpg,,,,,,,,,,,,,,,,,,,,,,,0,1,en_sl_ex_150,,1,,25500,25500,,5,,,,,,,,,,,,,,,,,"23,27","NEW extension,Extension SoftBank 601HW WHITE"
1666,10837,747,528,No,147,2,カート用延長フラグ,Extension SoftBank 601HW WHITE,1,,,,,,,,*,sl/img001-ex.jpg,*,sl/img001-ex.jpg,,,,,,,,,,,,,,,,,,,,,,,0,1,en_sl_ex_150,,1,,25500,25500,,5,,,,,,,,,,,,,,,,,"23,27","NEW extension,Extension SoftBank 601HW WHITE"
1666,10839,747,529,No,148,2,カート用延長フラグ,Extension SoftBank 601HW WHITE,1,,,,,,,,*,sl/img001-ex.jpg,*,sl/img001-ex.jpg,,,,,,,,,,,,,,,,,,,,,,,0,1,en_sl_ex_150,,1,,25500,25500,,5,,,,,,,,,,,,,,,,,"23,27","NEW extension,Extension SoftBank 601HW WHITE"
1666,10841,747,530,No,149,2,カート用延長フラグ,Extension SoftBank 601HW WHITE,1,,,,,,,,*,sl/img001-ex.jpg,*,sl/img001-ex.jpg,,,,,,,,,,,,,,,,,,,,,,,0,1,en_sl_ex_150,,1,,25500,25500,,5,,,,,,,,,,,,,,,,,"23,27","NEW extension,Extension SoftBank 601HW WHITE"
1666,10843,747,531,No,150,2,カート用延長フラグ,Extension SoftBank 601HW WHITE,1,,,,,,,,*,sl/img001-ex.jpg,*,sl/img001-ex.jpg,,,,,,,,,,,,,,,,,,,,,,,0,1,en_sl_ex_150,,1,,25500,25500,,5,,,,,,,,,,,,,,,,,"23,27","NEW extension,Extension SoftBank 601HW WHITE"
1666,10845,747,532,No,151,2,カート用延長フラグ,Extension SoftBank 601HW WHITE,1,,,,,,,,*,sl/img001-ex.jpg,*,sl/img001-ex.jpg,,,,,,,,,,,,,,,,,,,,,,,0,1,en_sl_ex_151,,1,,25990,25990,,5,,,,,,,,,,,,,,,,,"23,27","NEW extension,Extension SoftBank 601HW WHITE"
1666,10847,747,533,No,152,2,カート用延長フラグ,Extension SoftBank 601HW WHITE,1,,,,,,,,*,sl/img001-ex.jpg,*,sl/img001-ex.jpg,,,,,,,,,,,,,,,,,,,,,,,0,1,en_sl_ex_152,,1,,26480,26480,,5,,,,,,,,,,,,,,,,,"23,27","NEW extension,Extension SoftBank 601HW WHITE"
1666,10849,747,534,No,153,2,カート用延長フラグ,Extension SoftBank 601HW WHITE,1,,,,,,,,*,sl/img001-ex.jpg,*,sl/img001-ex.jpg,,,,,,,,,,,,,,,,,,,,,,,0,1,en_sl_ex_153,,1,,26970,26970,,5,,,,,,,,,,,,,,,,,"23,27","NEW extension,Extension SoftBank 601HW WHITE"
1666,10851,747,535,No,154,2,カート用延長フラグ,Extension SoftBank 601HW WHITE,1,,,,,,,,*,sl/img001-ex.jpg,*,sl/img001-ex.jpg,,,,,,,,,,,,,,,,,,,,,,,0,1,en_sl_ex_154,,1,,27460,27460,,5,,,,,,,,,,,,,,,,,"23,27","NEW extension,Extension SoftBank 601HW WHITE"
1666,10853,747,536,No,155,2,カート用延長フラグ,Extension SoftBank 601HW WHITE,1,,,,,,,,*,sl/img001-ex.jpg,*,sl/img001-ex.jpg,,,,,,,,,,,,,,,,,,,,,,,0,1,en_sl_ex_155,,1,,27950,27950,,5,,,,,,,,,,,,,,,,,"23,27","NEW extension,Extension SoftBank 601HW WHITE"
1666,10855,747,537,No,156,2,カート用延長フラグ,Extension SoftBank 601HW WHITE,1,,,,,,,,*,sl/img001-ex.jpg,*,sl/img001-ex.jpg,,,,,,,,,,,,,,,,,,,,,,,0,1,en_sl_ex_180,,1,,28000,28000,,5,,,,,,,,,,,,,,,,,"23,27","NEW extension,Extension SoftBank 601HW WHITE"
1666,10857,747,538,No,157,2,カート用延長フラグ,Extension SoftBank 601HW WHITE,1,,,,,,,,*,sl/img001-ex.jpg,*,sl/img001-ex.jpg,,,,,,,,,,,,,,,,,,,,,,,0,1,en_sl_ex_180,,1,,28000,28000,,5,,,,,,,,,,,,,,,,,"23,27","NEW extension,Extension SoftBank 601HW WHITE"
1666,10859,747,539,No,158,2,カート用延長フラグ,Extension SoftBank 601HW WHITE,1,,,,,,,,*,sl/img001-ex.jpg,*,sl/img001-ex.jpg,,,,,,,,,,,,,,,,,,,,,,,0,1,en_sl_ex_180,,1,,28000,28000,,5,,,,,,,,,,,,,,,,,"23,27","NEW extension,Extension SoftBank 601HW WHITE"
1666,10861,747,540,No,159,2,カート用延長フラグ,Extension SoftBank 601HW WHITE,1,,,,,,,,*,sl/img001-ex.jpg,*,sl/img001-ex.jpg,,,,,,,,,,,,,,,,,,,,,,,0,1,en_sl_ex_180,,1,,28000,28000,,5,,,,,,,,,,,,,,,,,"23,27","NEW extension,Extension SoftBank 601HW WHITE"
1666,10863,747,541,No,160,2,カート用延長フラグ,Extension SoftBank 601HW WHITE,1,,,,,,,,*,sl/img001-ex.jpg,*,sl/img001-ex.jpg,,,,,,,,,,,,,,,,,,,,,,,0,1,en_sl_ex_180,,1,,28000,28000,,5,,,,,,,,,,,,,,,,,"23,27","NEW extension,Extension SoftBank 601HW WHITE"
1666,10865,747,542,No,161,2,カート用延長フラグ,Extension SoftBank 601HW WHITE,1,,,,,,,,*,sl/img001-ex.jpg,*,sl/img001-ex.jpg,,,,,,,,,,,,,,,,,,,,,,,0,1,en_sl_ex_180,,1,,28000,28000,,5,,,,,,,,,,,,,,,,,"23,27","NEW extension,Extension SoftBank 601HW WHITE"
1666,10867,747,543,No,162,2,カート用延長フラグ,Extension SoftBank 601HW WHITE,1,,,,,,,,*,sl/img001-ex.jpg,*,sl/img001-ex.jpg,,,,,,,,,,,,,,,,,,,,,,,0,1,en_sl_ex_180,,1,,28000,28000,,5,,,,,,,,,,,,,,,,,"23,27","NEW extension,Extension SoftBank 601HW WHITE"
1666,10869,747,544,No,163,2,カート用延長フラグ,Extension SoftBank 601HW WHITE,1,,,,,,,,*,sl/img001-ex.jpg,*,sl/img001-ex.jpg,,,,,,,,,,,,,,,,,,,,,,,0,1,en_sl_ex_180,,1,,28000,28000,,5,,,,,,,,,,,,,,,,,"23,27","NEW extension,Extension SoftBank 601HW WHITE"
1666,10871,747,545,No,164,2,カート用延長フラグ,Extension SoftBank 601HW WHITE,1,,,,,,,,*,sl/img001-ex.jpg,*,sl/img001-ex.jpg,,,,,,,,,,,,,,,,,,,,,,,0,1,en_sl_ex_180,,1,,28000,28000,,5,,,,,,,,,,,,,,,,,"23,27","NEW extension,Extension SoftBank 601HW WHITE"
1666,10873,747,546,No,165,2,カート用延長フラグ,Extension SoftBank 601HW WHITE,1,,,,,,,,*,sl/img001-ex.jpg,*,sl/img001-ex.jpg,,,,,,,,,,,,,,,,,,,,,,,0,1,en_sl_ex_180,,1,,28000,28000,,5,,,,,,,,,,,,,,,,,"23,27","NEW extension,Extension SoftBank 601HW WHITE"
1666,10875,747,547,No,166,2,カート用延長フラグ,Extension SoftBank 601HW WHITE,1,,,,,,,,*,sl/img001-ex.jpg,*,sl/img001-ex.jpg,,,,,,,,,,,,,,,,,,,,,,,0,1,en_sl_ex_180,,1,,28000,28000,,5,,,,,,,,,,,,,,,,,"23,27","NEW extension,Extension SoftBank 601HW WHITE"
1666,10877,747,548,No,167,2,カート用延長フラグ,Extension SoftBank 601HW WHITE,1,,,,,,,,*,sl/img001-ex.jpg,*,sl/img001-ex.jpg,,,,,,,,,,,,,,,,,,,,,,,0,1,en_sl_ex_180,,1,,28000,28000,,5,,,,,,,,,,,,,,,,,"23,27","NEW extension,Extension SoftBank 601HW WHITE"
1666,10879,747,549,No,168,2,カート用延長フラグ,Extension SoftBank 601HW WHITE,1,,,,,,,,*,sl/img001-ex.jpg,*,sl/img001-ex.jpg,,,,,,,,,,,,,,,,,,,,,,,0,1,en_sl_ex_180,,1,,28000,28000,,5,,,,,,,,,,,,,,,,,"23,27","NEW extension,Extension SoftBank 601HW WHITE"
1666,10881,747,550,No,169,2,カート用延長フラグ,Extension SoftBank 601HW WHITE,1,,,,,,,,*,sl/img001-ex.jpg,*,sl/img001-ex.jpg,,,,,,,,,,,,,,,,,,,,,,,0,1,en_sl_ex_180,,1,,28000,28000,,5,,,,,,,,,,,,,,,,,"23,27","NEW extension,Extension SoftBank 601HW WHITE"
1666,10883,747,551,No,170,2,カート用延長フラグ,Extension SoftBank 601HW WHITE,1,,,,,,,,*,sl/img001-ex.jpg,*,sl/img001-ex.jpg,,,,,,,,,,,,,,,,,,,,,,,0,1,en_sl_ex_180,,1,,28000,28000,,5,,,,,,,,,,,,,,,,,"23,27","NEW extension,Extension SoftBank 601HW WHITE"
1666,10885,747,552,No,171,2,カート用延長フラグ,Extension SoftBank 601HW WHITE,1,,,,,,,,*,sl/img001-ex.jpg,*,sl/img001-ex.jpg,,,,,,,,,,,,,,,,,,,,,,,0,1,en_sl_ex_180,,1,,28000,28000,,5,,,,,,,,,,,,,,,,,"23,27","NEW extension,Extension SoftBank 601HW WHITE"
1666,10887,747,553,No,172,2,カート用延長フラグ,Extension SoftBank 601HW WHITE,1,,,,,,,,*,sl/img001-ex.jpg,*,sl/img001-ex.jpg,,,,,,,,,,,,,,,,,,,,,,,0,1,en_sl_ex_180,,1,,28000,28000,,5,,,,,,,,,,,,,,,,,"23,27","NEW extension,Extension SoftBank 601HW WHITE"
1666,10889,747,554,No,173,2,カート用延長フラグ,Extension SoftBank 601HW WHITE,1,,,,,,,,*,sl/img001-ex.jpg,*,sl/img001-ex.jpg,,,,,,,,,,,,,,,,,,,,,,,0,1,en_sl_ex_180,,1,,28000,28000,,5,,,,,,,,,,,,,,,,,"23,27","NEW extension,Extension SoftBank 601HW WHITE"
1666,10891,747,555,No,174,2,カート用延長フラグ,Extension SoftBank 601HW WHITE,1,,,,,,,,*,sl/img001-ex.jpg,*,sl/img001-ex.jpg,,,,,,,,,,,,,,,,,,,,,,,0,1,en_sl_ex_180,,1,,28000,28000,,5,,,,,,,,,,,,,,,,,"23,27","NEW extension,Extension SoftBank 601HW WHITE"
1666,10893,747,556,No,175,2,カート用延長フラグ,Extension SoftBank 601HW WHITE,1,,,,,,,,*,sl/img001-ex.jpg,*,sl/img001-ex.jpg,,,,,,,,,,,,,,,,,,,,,,,0,1,en_sl_ex_180,,1,,28000,28000,,5,,,,,,,,,,,,,,,,,"23,27","NEW extension,Extension SoftBank 601HW WHITE"
1666,10895,747,557,No,176,2,カート用延長フラグ,Extension SoftBank 601HW WHITE,1,,,,,,,,*,sl/img001-ex.jpg,*,sl/img001-ex.jpg,,,,,,,,,,,,,,,,,,,,,,,0,1,en_sl_ex_180,,1,,28000,28000,,5,,,,,,,,,,,,,,,,,"23,27","NEW extension,Extension SoftBank 601HW WHITE"
1666,10897,747,558,No,177,2,カート用延長フラグ,Extension SoftBank 601HW WHITE,1,,,,,,,,*,sl/img001-ex.jpg,*,sl/img001-ex.jpg,,,,,,,,,,,,,,,,,,,,,,,0,1,en_sl_ex_180,,1,,28000,28000,,5,,,,,,,,,,,,,,,,,"23,27","NEW extension,Extension SoftBank 601HW WHITE"
1666,10899,747,559,No,178,2,カート用延長フラグ,Extension SoftBank 601HW WHITE,1,,,,,,,,*,sl/img001-ex.jpg,*,sl/img001-ex.jpg,,,,,,,,,,,,,,,,,,,,,,,0,1,en_sl_ex_180,,1,,28000,28000,,5,,,,,,,,,,,,,,,,,"23,27","NEW extension,Extension SoftBank 601HW WHITE"
1666,10901,747,560,No,179,2,カート用延長フラグ,Extension SoftBank 601HW WHITE,1,,,,,,,,*,sl/img001-ex.jpg,*,sl/img001-ex.jpg,,,,,,,,,,,,,,,,,,,,,,,0,1,en_sl_ex_180,,1,,28000,28000,,5,,,,,,,,,,,,,,,,,"23,27","NEW extension,Extension SoftBank 601HW WHITE"
1666,10903,747,561,No,180,2,カート用延長フラグ,Extension SoftBank 601HW WHITE,1,,,,,,,,*,sl/img001-ex.jpg,*,sl/img001-ex.jpg,,,,,,,,,,,,,,,,,,,,,,,0,1,en_sl_ex_180,,1,,28000,28000,,5,,,,,,,,,,,,,,,,,"23,27","NEW extension,Extension SoftBank 601HW WHITE"
1666,10905,747,562,No,181,2,カート用延長フラグ,Extension SoftBank 601HW WHITE,1,,,,,,,,*,sl/img001-ex.jpg,*,sl/img001-ex.jpg,,,,,,,,,,,,,,,,,,,,,,,0,1,en_sl_ex_181,,1,,28490,28490,,5,,,,,,,,,,,,,,,,,"23,27","NEW extension,Extension SoftBank 601HW WHITE"
1666,10907,747,563,No,182,2,カート用延長フラグ,Extension SoftBank 601HW WHITE,1,,,,,,,,*,sl/img001-ex.jpg,*,sl/img001-ex.jpg,,,,,,,,,,,,,,,,,,,,,,,0,1,en_sl_ex_182,,1,,28980,28980,,5,,,,,,,,,,,,,,,,,"23,27","NEW extension,Extension SoftBank 601HW WHITE"
1666,10909,747,564,No,183,2,カート用延長フラグ,Extension SoftBank 601HW WHITE,1,,,,,,,,*,sl/img001-ex.jpg,*,sl/img001-ex.jpg,,,,,,,,,,,,,,,,,,,,,,,0,1,en_sl_ex_183,,1,,29470,29470,,5,,,,,,,,,,,,,,,,,"23,27","NEW extension,Extension SoftBank 601HW WHITE"
1666,10911,747,565,No,184,2,カート用延長フラグ,Extension SoftBank 601HW WHITE,1,,,,,,,,*,sl/img001-ex.jpg,*,sl/img001-ex.jpg,,,,,,,,,,,,,,,,,,,,,,,0,1,en_sl_ex_184,,1,,29960,29960,,5,,,,,,,,,,,,,,,,,"23,27","NEW extension,Extension SoftBank 601HW WHITE"
1666,10913,747,566,No,185,2,カート用延長フラグ,Extension SoftBank 601HW WHITE,1,,,,,,,,*,sl/img001-ex.jpg,*,sl/img001-ex.jpg,,,,,,,,,,,,,,,,,,,,,,,0,1,en_sl_ex_185,,1,,30450,30450,,5,,,,,,,,,,,,,,,,,"23,27","NEW extension,Extension SoftBank 601HW WHITE"
1666,10915,747,567,No,186,2,カート用延長フラグ,Extension SoftBank 601HW WHITE,1,,,,,,,,*,sl/img001-ex.jpg,*,sl/img001-ex.jpg,,,,,,,,,,,,,,,,,,,,,,,0,1,en_sl_ex_186,,1,,30940,30940,,5,,,,,,,,,,,,,,,,,"23,27","NEW extension,Extension SoftBank 601HW WHITE"
1666,10917,747,568,No,187,2,カート用延長フラグ,Extension SoftBank 601HW WHITE,1,,,,,,,,*,sl/img001-ex.jpg,*,sl/img001-ex.jpg,,,,,,,,,,,,,,,,,,,,,,,0,1,en_sl_ex_187,,1,,31430,31430,,5,,,,,,,,,,,,,,,,,"23,27","NEW extension,Extension SoftBank 601HW WHITE"
1666,10919,747,569,No,188,2,カート用延長フラグ,Extension SoftBank 601HW WHITE,1,,,,,,,,*,sl/img001-ex.jpg,*,sl/img001-ex.jpg,,,,,,,,,,,,,,,,,,,,,,,0,1,en_sl_ex_188,,1,,31920,31920,,5,,,,,,,,,,,,,,,,,"23,27","NEW extension,Extension SoftBank 601HW WHITE"
1666,10921,747,570,No,189,2,カート用延長フラグ,Extension SoftBank 601HW WHITE,1,,,,,,,,*,sl/img001-ex.jpg,*,sl/img001-ex.jpg,,,,,,,,,,,,,,,,,,,,,,,0,1,en_sl_ex_189,,1,,32410,32410,,5,,,,,,,,,,,,,,,,,"23,27","NEW extension,Extension SoftBank 601HW WHITE"
1666,10923,747,571,No,190,2,カート用延長フラグ,Extension SoftBank 601HW WHITE,1,,,,,,,,*,sl/img001-ex.jpg,*,sl/img001-ex.jpg,,,,,,,,,,,,,,,,,,,,,,,0,1,en_sl_ex_190,,1,,32900,32900,,5,,,,,,,,,,,,,,,,,"23,27","NEW extension,Extension SoftBank 601HW WHITE"
1666,10925,747,572,No,191,2,カート用延長フラグ,Extension SoftBank 601HW WHITE,1,,,,,,,,*,sl/img001-ex.jpg,*,sl/img001-ex.jpg,,,,,,,,,,,,,,,,,,,,,,,0,1,en_sl_ex_191,,1,,33390,33390,,5,,,,,,,,,,,,,,,,,"23,27","NEW extension,Extension SoftBank 601HW WHITE"
1666,10927,747,573,No,192,2,カート用延長フラグ,Extension SoftBank 601HW WHITE,1,,,,,,,,*,sl/img001-ex.jpg,*,sl/img001-ex.jpg,,,,,,,,,,,,,,,,,,,,,,,0,1,en_sl_ex_192,,1,,33880,33880,,5,,,,,,,,,,,,,,,,,"23,27","NEW extension,Extension SoftBank 601HW WHITE"
1666,10929,747,574,No,193,2,カート用延長フラグ,Extension SoftBank 601HW WHITE,1,,,,,,,,*,sl/img001-ex.jpg,*,sl/img001-ex.jpg,,,,,,,,,,,,,,,,,,,,,,,0,1,en_sl_ex_193,,1,,34370,34370,,5,,,,,,,,,,,,,,,,,"23,27","NEW extension,Extension SoftBank 601HW WHITE"
1666,10931,747,575,No,194,2,カート用延長フラグ,Extension SoftBank 601HW WHITE,1,,,,,,,,*,sl/img001-ex.jpg,*,sl/img001-ex.jpg,,,,,,,,,,,,,,,,,,,,,,,0,1,en_sl_ex_194,,1,,34860,34860,,5,,,,,,,,,,,,,,,,,"23,27","NEW extension,Extension SoftBank 601HW WHITE"
1666,10933,747,576,No,195,2,カート用延長フラグ,Extension SoftBank 601HW WHITE,1,,,,,,,,*,sl/img001-ex.jpg,*,sl/img001-ex.jpg,,,,,,,,,,,,,,,,,,,,,,,0,1,en_sl_ex_211,,1,,35350,35350,,5,,,,,,,,,,,,,,,,,"23,27","NEW extension,Extension SoftBank 601HW WHITE"
1666,10935,747,577,No,196,2,カート用延長フラグ,Extension SoftBank 601HW WHITE,1,,,,,,,,*,sl/img001-ex.jpg,*,sl/img001-ex.jpg,,,,,,,,,,,,,,,,,,,,,,,0,1,en_sl_ex_211,,1,,35350,35350,,5,,,,,,,,,,,,,,,,,"23,27","NEW extension,Extension SoftBank 601HW WHITE"
1666,10937,747,578,No,197,2,カート用延長フラグ,Extension SoftBank 601HW WHITE,1,,,,,,,,*,sl/img001-ex.jpg,*,sl/img001-ex.jpg,,,,,,,,,,,,,,,,,,,,,,,0,1,en_sl_ex_211,,1,,35350,35350,,5,,,,,,,,,,,,,,,,,"23,27","NEW extension,Extension SoftBank 601HW WHITE"
1666,10939,747,579,No,198,2,カート用延長フラグ,Extension SoftBank 601HW WHITE,1,,,,,,,,*,sl/img001-ex.jpg,*,sl/img001-ex.jpg,,,,,,,,,,,,,,,,,,,,,,,0,1,en_sl_ex_211,,1,,35350,35350,,5,,,,,,,,,,,,,,,,,"23,27","NEW extension,Extension SoftBank 601HW WHITE"
1666,10941,747,580,No,199,2,カート用延長フラグ,Extension SoftBank 601HW WHITE,1,,,,,,,,*,sl/img001-ex.jpg,*,sl/img001-ex.jpg,,,,,,,,,,,,,,,,,,,,,,,0,1,en_sl_ex_211,,1,,35350,35350,,5,,,,,,,,,,,,,,,,,"23,27","NEW extension,Extension SoftBank 601HW WHITE"
1666,10943,747,581,No,200,2,カート用延長フラグ,Extension SoftBank 601HW WHITE,1,,,,,,,,*,sl/img001-ex.jpg,*,sl/img001-ex.jpg,,,,,,,,,,,,,,,,,,,,,,,0,1,en_sl_ex_211,,1,,35350,35350,,5,,,,,,,,,,,,,,,,,"23,27","NEW extension,Extension SoftBank 601HW WHITE"
1666,10945,747,582,No,201,2,カート用延長フラグ,Extension SoftBank 601HW WHITE,1,,,,,,,,*,sl/img001-ex.jpg,*,sl/img001-ex.jpg,,,,,,,,,,,,,,,,,,,,,,,0,1,en_sl_ex_211,,1,,35350,35350,,5,,,,,,,,,,,,,,,,,"23,27","NEW extension,Extension SoftBank 601HW WHITE"
1666,10947,747,583,No,202,2,カート用延長フラグ,Extension SoftBank 601HW WHITE,1,,,,,,,,*,sl/img001-ex.jpg,*,sl/img001-ex.jpg,,,,,,,,,,,,,,,,,,,,,,,0,1,en_sl_ex_211,,1,,35350,35350,,5,,,,,,,,,,,,,,,,,"23,27","NEW extension,Extension SoftBank 601HW WHITE"
1666,10949,747,584,No,203,2,カート用延長フラグ,Extension SoftBank 601HW WHITE,1,,,,,,,,*,sl/img001-ex.jpg,*,sl/img001-ex.jpg,,,,,,,,,,,,,,,,,,,,,,,0,1,en_sl_ex_211,,1,,35350,35350,,5,,,,,,,,,,,,,,,,,"23,27","NEW extension,Extension SoftBank 601HW WHITE"
1666,10951,747,585,No,204,2,カート用延長フラグ,Extension SoftBank 601HW WHITE,1,,,,,,,,*,sl/img001-ex.jpg,*,sl/img001-ex.jpg,,,,,,,,,,,,,,,,,,,,,,,0,1,en_sl_ex_211,,1,,35350,35350,,5,,,,,,,,,,,,,,,,,"23,27","NEW extension,Extension SoftBank 601HW WHITE"
1666,10953,747,586,No,205,2,カート用延長フラグ,Extension SoftBank 601HW WHITE,1,,,,,,,,*,sl/img001-ex.jpg,*,sl/img001-ex.jpg,,,,,,,,,,,,,,,,,,,,,,,0,1,en_sl_ex_211,,1,,35350,35350,,5,,,,,,,,,,,,,,,,,"23,27","NEW extension,Extension SoftBank 601HW WHITE"
1666,10955,747,587,No,206,2,カート用延長フラグ,Extension SoftBank 601HW WHITE,1,,,,,,,,*,sl/img001-ex.jpg,*,sl/img001-ex.jpg,,,,,,,,,,,,,,,,,,,,,,,0,1,en_sl_ex_211,,1,,35350,35350,,5,,,,,,,,,,,,,,,,,"23,27","NEW extension,Extension SoftBank 601HW WHITE"
1666,10957,747,588,No,207,2,カート用延長フラグ,Extension SoftBank 601HW WHITE,1,,,,,,,,*,sl/img001-ex.jpg,*,sl/img001-ex.jpg,,,,,,,,,,,,,,,,,,,,,,,0,1,en_sl_ex_211,,1,,35350,35350,,5,,,,,,,,,,,,,,,,,"23,27","NEW extension,Extension SoftBank 601HW WHITE"
1666,10959,747,589,No,208,2,カート用延長フラグ,Extension SoftBank 601HW WHITE,1,,,,,,,,*,sl/img001-ex.jpg,*,sl/img001-ex.jpg,,,,,,,,,,,,,,,,,,,,,,,0,1,en_sl_ex_211,,1,,35350,35350,,5,,,,,,,,,,,,,,,,,"23,27","NEW extension,Extension SoftBank 601HW WHITE"
1666,10961,747,590,No,209,2,カート用延長フラグ,Extension SoftBank 601HW WHITE,1,,,,,,,,*,sl/img001-ex.jpg,*,sl/img001-ex.jpg,,,,,,,,,,,,,,,,,,,,,,,0,1,en_sl_ex_211,,1,,35350,35350,,5,,,,,,,,,,,,,,,,,"23,27","NEW extension,Extension SoftBank 601HW WHITE"
1666,10963,747,591,No,210,2,カート用延長フラグ,Extension SoftBank 601HW WHITE,1,,,,,,,,*,sl/img001-ex.jpg,*,sl/img001-ex.jpg,,,,,,,,,,,,,,,,,,,,,,,0,1,en_sl_ex_211,,1,,35350,35350,,5,,,,,,,,,,,,,,,,,"23,27","NEW extension,Extension SoftBank 601HW WHITE"
1666,10965,747,592,No,211,2,カート用延長フラグ,Extension SoftBank 601HW WHITE,1,,,,,,,,*,sl/img001-ex.jpg,*,sl/img001-ex.jpg,,,,,,,,,,,,,,,,,,,,,,,0,1,en_sl_ex_211,,1,,35350,35350,,5,,,,,,,,,,,,,,,,,"23,27","NEW extension,Extension SoftBank 601HW WHITE"
1666,10967,747,593,No,212,2,カート用延長フラグ,Extension SoftBank 601HW WHITE,1,,,,,,,,*,sl/img001-ex.jpg,*,sl/img001-ex.jpg,,,,,,,,,,,,,,,,,,,,,,,0,1,en_sl_ex_212,,1,,35840,35840,,5,,,,,,,,,,,,,,,,,"23,27","NEW extension,Extension SoftBank 601HW WHITE"
1666,10969,747,594,No,213,2,カート用延長フラグ,Extension SoftBank 601HW WHITE,1,,,,,,,,*,sl/img001-ex.jpg,*,sl/img001-ex.jpg,,,,,,,,,,,,,,,,,,,,,,,0,1,en_sl_ex_213,,1,,36330,36330,,5,,,,,,,,,,,,,,,,,"23,27","NEW extension,Extension SoftBank 601HW WHITE"
1666,10971,747,595,No,214,2,カート用延長フラグ,Extension SoftBank 601HW WHITE,1,,,,,,,,*,sl/img001-ex.jpg,*,sl/img001-ex.jpg,,,,,,,,,,,,,,,,,,,,,,,0,1,en_sl_ex_214,,1,,36820,36820,,5,,,,,,,,,,,,,,,,,"23,27","NEW extension,Extension SoftBank 601HW WHITE"
1666,10973,747,596,No,215,2,カート用延長フラグ,Extension SoftBank 601HW WHITE,1,,,,,,,,*,sl/img001-ex.jpg,*,sl/img001-ex.jpg,,,,,,,,,,,,,,,,,,,,,,,0,1,en_sl_ex_215,,1,,37310,37310,,5,,,,,,,,,,,,,,,,,"23,27","NEW extension,Extension SoftBank 601HW WHITE"
1666,10975,747,597,No,216,2,カート用延長フラグ,Extension SoftBank 601HW WHITE,1,,,,,,,,*,sl/img001-ex.jpg,*,sl/img001-ex.jpg,,,,,,,,,,,,,,,,,,,,,,,0,1,en_sl_ex_216,,1,,37800,37800,,5,,,,,,,,,,,,,,,,,"23,27","NEW extension,Extension SoftBank 601HW WHITE"
1666,10977,747,598,No,217,2,カート用延長フラグ,Extension SoftBank 601HW WHITE,1,,,,,,,,*,sl/img001-ex.jpg,*,sl/img001-ex.jpg,,,,,,,,,,,,,,,,,,,,,,,0,1,en_sl_ex_217,,1,,38290,38290,,5,,,,,,,,,,,,,,,,,"23,27","NEW extension,Extension SoftBank 601HW WHITE"
1666,10979,747,599,No,218,2,カート用延長フラグ,Extension SoftBank 601HW WHITE,1,,,,,,,,*,sl/img001-ex.jpg,*,sl/img001-ex.jpg,,,,,,,,,,,,,,,,,,,,,,,0,1,en_sl_ex_218,,1,,38780,38780,,5,,,,,,,,,,,,,,,,,"23,27","NEW extension,Extension SoftBank 601HW WHITE"
1666,10981,747,600,No,219,2,カート用延長フラグ,Extension SoftBank 601HW WHITE,1,,,,,,,,*,sl/img001-ex.jpg,*,sl/img001-ex.jpg,,,,,,,,,,,,,,,,,,,,,,,0,1,en_sl_ex_219,,1,,39270,39270,,5,,,,,,,,,,,,,,,,,"23,27","NEW extension,Extension SoftBank 601HW WHITE"
1666,10983,747,601,No,220,2,カート用延長フラグ,Extension SoftBank 601HW WHITE,1,,,,,,,,*,sl/img001-ex.jpg,*,sl/img001-ex.jpg,,,,,,,,,,,,,,,,,,,,,,,0,1,en_sl_ex_220,,1,,39760,39760,,5,,,,,,,,,,,,,,,,,"23,27","NEW extension,Extension SoftBank 601HW WHITE"
1666,10985,747,602,No,221,2,カート用延長フラグ,Extension SoftBank 601HW WHITE,1,,,,,,,,*,sl/img001-ex.jpg,*,sl/img001-ex.jpg,,,,,,,,,,,,,,,,,,,,,,,0,1,en_sl_ex_221,,1,,40250,40250,,5,,,,,,,,,,,,,,,,,"23,27","NEW extension,Extension SoftBank 601HW WHITE"
1666,10987,747,603,No,222,2,カート用延長フラグ,Extension SoftBank 601HW WHITE,1,,,,,,,,*,sl/img001-ex.jpg,*,sl/img001-ex.jpg,,,,,,,,,,,,,,,,,,,,,,,0,1,en_sl_ex_222,,1,,40740,40740,,5,,,,,,,,,,,,,,,,,"23,27","NEW extension,Extension SoftBank 601HW WHITE"
1666,10989,747,604,No,223,2,カート用延長フラグ,Extension SoftBank 601HW WHITE,1,,,,,,,,*,sl/img001-ex.jpg,*,sl/img001-ex.jpg,,,,,,,,,,,,,,,,,,,,,,,0,1,en_sl_ex_241,,1,,41050,41050,,5,,,,,,,,,,,,,,,,,"23,27","NEW extension,Extension SoftBank 601HW WHITE"
1666,10991,747,605,No,224,2,カート用延長フラグ,Extension SoftBank 601HW WHITE,1,,,,,,,,*,sl/img001-ex.jpg,*,sl/img001-ex.jpg,,,,,,,,,,,,,,,,,,,,,,,0,1,en_sl_ex_241,,1,,41050,41050,,5,,,,,,,,,,,,,,,,,"23,27","NEW extension,Extension SoftBank 601HW WHITE"
1666,10993,747,606,No,225,2,カート用延長フラグ,Extension SoftBank 601HW WHITE,1,,,,,,,,*,sl/img001-ex.jpg,*,sl/img001-ex.jpg,,,,,,,,,,,,,,,,,,,,,,,0,1,en_sl_ex_241,,1,,41050,41050,,5,,,,,,,,,,,,,,,,,"23,27","NEW extension,Extension SoftBank 601HW WHITE"
1666,10995,747,607,No,226,2,カート用延長フラグ,Extension SoftBank 601HW WHITE,1,,,,,,,,*,sl/img001-ex.jpg,*,sl/img001-ex.jpg,,,,,,,,,,,,,,,,,,,,,,,0,1,en_sl_ex_241,,1,,41050,41050,,5,,,,,,,,,,,,,,,,,"23,27","NEW extension,Extension SoftBank 601HW WHITE"
1666,10997,747,608,No,227,2,カート用延長フラグ,Extension SoftBank 601HW WHITE,1,,,,,,,,*,sl/img001-ex.jpg,*,sl/img001-ex.jpg,,,,,,,,,,,,,,,,,,,,,,,0,1,en_sl_ex_241,,1,,41050,41050,,5,,,,,,,,,,,,,,,,,"23,27","NEW extension,Extension SoftBank 601HW WHITE"
1666,10999,747,609,No,228,2,カート用延長フラグ,Extension SoftBank 601HW WHITE,1,,,,,,,,*,sl/img001-ex.jpg,*,sl/img001-ex.jpg,,,,,,,,,,,,,,,,,,,,,,,0,1,en_sl_ex_241,,1,,41050,41050,,5,,,,,,,,,,,,,,,,,"23,27","NEW extension,Extension SoftBank 601HW WHITE"
1666,11001,747,610,No,229,2,カート用延長フラグ,Extension SoftBank 601HW WHITE,1,,,,,,,,*,sl/img001-ex.jpg,*,sl/img001-ex.jpg,,,,,,,,,,,,,,,,,,,,,,,0,1,en_sl_ex_241,,1,,41050,41050,,5,,,,,,,,,,,,,,,,,"23,27","NEW extension,Extension SoftBank 601HW WHITE"
1666,11003,747,611,No,230,2,カート用延長フラグ,Extension SoftBank 601HW WHITE,1,,,,,,,,*,sl/img001-ex.jpg,*,sl/img001-ex.jpg,,,,,,,,,,,,,,,,,,,,,,,0,1,en_sl_ex_241,,1,,41050,41050,,5,,,,,,,,,,,,,,,,,"23,27","NEW extension,Extension SoftBank 601HW WHITE"
1666,11005,747,612,No,231,2,カート用延長フラグ,Extension SoftBank 601HW WHITE,1,,,,,,,,*,sl/img001-ex.jpg,*,sl/img001-ex.jpg,,,,,,,,,,,,,,,,,,,,,,,0,1,en_sl_ex_241,,1,,41050,41050,,5,,,,,,,,,,,,,,,,,"23,27","NEW extension,Extension SoftBank 601HW WHITE"
1666,11007,747,613,No,232,2,カート用延長フラグ,Extension SoftBank 601HW WHITE,1,,,,,,,,*,sl/img001-ex.jpg,*,sl/img001-ex.jpg,,,,,,,,,,,,,,,,,,,,,,,0,1,en_sl_ex_241,,1,,41050,41050,,5,,,,,,,,,,,,,,,,,"23,27","NEW extension,Extension SoftBank 601HW WHITE"
1666,11009,747,614,No,233,2,カート用延長フラグ,Extension SoftBank 601HW WHITE,1,,,,,,,,*,sl/img001-ex.jpg,*,sl/img001-ex.jpg,,,,,,,,,,,,,,,,,,,,,,,0,1,en_sl_ex_241,,1,,41050,41050,,5,,,,,,,,,,,,,,,,,"23,27","NEW extension,Extension SoftBank 601HW WHITE"
1666,11011,747,615,No,234,2,カート用延長フラグ,Extension SoftBank 601HW WHITE,1,,,,,,,,*,sl/img001-ex.jpg,*,sl/img001-ex.jpg,,,,,,,,,,,,,,,,,,,,,,,0,1,en_sl_ex_241,,1,,41050,41050,,5,,,,,,,,,,,,,,,,,"23,27","NEW extension,Extension SoftBank 601HW WHITE"
1666,11013,747,616,No,235,2,カート用延長フラグ,Extension SoftBank 601HW WHITE,1,,,,,,,,*,sl/img001-ex.jpg,*,sl/img001-ex.jpg,,,,,,,,,,,,,,,,,,,,,,,0,1,en_sl_ex_241,,1,,41050,41050,,5,,,,,,,,,,,,,,,,,"23,27","NEW extension,Extension SoftBank 601HW WHITE"
1666,11015,747,617,No,236,2,カート用延長フラグ,Extension SoftBank 601HW WHITE,1,,,,,,,,*,sl/img001-ex.jpg,*,sl/img001-ex.jpg,,,,,,,,,,,,,,,,,,,,,,,0,1,en_sl_ex_241,,1,,41050,41050,,5,,,,,,,,,,,,,,,,,"23,27","NEW extension,Extension SoftBank 601HW WHITE"
1666,11017,747,618,No,237,2,カート用延長フラグ,Extension SoftBank 601HW WHITE,1,,,,,,,,*,sl/img001-ex.jpg,*,sl/img001-ex.jpg,,,,,,,,,,,,,,,,,,,,,,,0,1,en_sl_ex_241,,1,,41050,41050,,5,,,,,,,,,,,,,,,,,"23,27","NEW extension,Extension SoftBank 601HW WHITE"
1666,11019,747,619,No,238,2,カート用延長フラグ,Extension SoftBank 601HW WHITE,1,,,,,,,,*,sl/img001-ex.jpg,*,sl/img001-ex.jpg,,,,,,,,,,,,,,,,,,,,,,,0,1,en_sl_ex_241,,1,,41050,41050,,5,,,,,,,,,,,,,,,,,"23,27","NEW extension,Extension SoftBank 601HW WHITE"
1666,11021,747,620,No,239,2,カート用延長フラグ,Extension SoftBank 601HW WHITE,1,,,,,,,,*,sl/img001-ex.jpg,*,sl/img001-ex.jpg,,,,,,,,,,,,,,,,,,,,,,,0,1,en_sl_ex_241,,1,,41050,41050,,5,,,,,,,,,,,,,,,,,"23,27","NEW extension,Extension SoftBank 601HW WHITE"
1666,11023,747,621,No,240,2,カート用延長フラグ,Extension SoftBank 601HW WHITE,1,,,,,,,,*,sl/img001-ex.jpg,*,sl/img001-ex.jpg,,,,,,,,,,,,,,,,,,,,,,,0,1,en_sl_ex_241,,1,,41050,41050,,5,,,,,,,,,,,,,,,,,"23,27","NEW extension,Extension SoftBank 601HW WHITE"
1666,11025,747,622,No,241,2,カート用延長フラグ,Extension SoftBank 601HW WHITE,1,,,,,,,,*,sl/img001-ex.jpg,*,sl/img001-ex.jpg,,,,,,,,,,,,,,,,,,,,,,,0,1,en_sl_ex_241,,1,,41050,41050,,5,,,,,,,,,,,,,,,,,"23,27","NEW extension,Extension SoftBank 601HW WHITE"
1666,11027,747,623,No,242,2,カート用延長フラグ,Extension SoftBank 601HW WHITE,1,,,,,,,,*,sl/img001-ex.jpg,*,sl/img001-ex.jpg,,,,,,,,,,,,,,,,,,,,,,,0,1,en_sl_ex_242,,1,,41540,41540,,5,,,,,,,,,,,,,,,,,"23,27","NEW extension,Extension SoftBank 601HW WHITE"
1666,11029,747,624,No,243,2,カート用延長フラグ,Extension SoftBank 601HW WHITE,1,,,,,,,,*,sl/img001-ex.jpg,*,sl/img001-ex.jpg,,,,,,,,,,,,,,,,,,,,,,,0,1,en_sl_ex_243,,1,,42030,42030,,5,,,,,,,,,,,,,,,,,"23,27","NEW extension,Extension SoftBank 601HW WHITE"
1666,11031,747,625,No,244,2,カート用延長フラグ,Extension SoftBank 601HW WHITE,1,,,,,,,,*,sl/img001-ex.jpg,*,sl/img001-ex.jpg,,,,,,,,,,,,,,,,,,,,,,,0,1,en_sl_ex_245,,1,,43010,43010,,5,,,,,,,,,,,,,,,,,"23,27","NEW extension,Extension SoftBank 601HW WHITE"
1666,11033,747,626,No,245,2,カート用延長フラグ,Extension SoftBank 601HW WHITE,1,,,,,,,,*,sl/img001-ex.jpg,*,sl/img001-ex.jpg,,,,,,,,,,,,,,,,,,,,,,,0,1,en_sl_ex_246,,1,,43500,43500,,5,,,,,,,,,,,,,,,,,"23,27","NEW extension,Extension SoftBank 601HW WHITE"
1666,11035,747,627,No,246,2,カート用延長フラグ,Extension SoftBank 601HW WHITE,1,,,,,,,,*,sl/img001-ex.jpg,*,sl/img001-ex.jpg,,,,,,,,,,,,,,,,,,,,,,,0,1,en_sl_ex_244,,1,,42520,42520,,5,,,,,,,,,,,,,,,,,"23,27","NEW extension,Extension SoftBank 601HW WHITE"
1666,11037,747,628,No,247,2,カート用延長フラグ,Extension SoftBank 601HW WHITE,1,,,,,,,,*,sl/img001-ex.jpg,*,sl/img001-ex.jpg,,,,,,,,,,,,,,,,,,,,,,,0,1,en_sl_ex_247,,1,,43990,43990,,5,,,,,,,,,,,,,,,,,"23,27","NEW extension,Extension SoftBank 601HW WHITE"
1666,11039,747,629,No,248,2,カート用延長フラグ,Extension SoftBank 601HW WHITE,1,,,,,,,,*,sl/img001-ex.jpg,*,sl/img001-ex.jpg,,,,,,,,,,,,,,,,,,,,,,,0,1,en_sl_ex_248,,1,,44480,44480,,5,,,,,,,,,,,,,,,,,"23,27","NEW extension,Extension SoftBank 601HW WHITE"
1666,11041,747,630,No,249,2,カート用延長フラグ,Extension SoftBank 601HW WHITE,1,,,,,,,,*,sl/img001-ex.jpg,*,sl/img001-ex.jpg,,,,,,,,,,,,,,,,,,,,,,,0,1,en_sl_ex_249,,1,,44970,44970,,5,,,,,,,,,,,,,,,,,"23,27","NEW extension,Extension SoftBank 601HW WHITE"
1666,11043,747,631,No,250,2,カート用延長フラグ,Extension SoftBank 601HW WHITE,1,,,,,,,,*,sl/img001-ex.jpg,*,sl/img001-ex.jpg,,,,,,,,,,,,,,,,,,,,,,,0,1,en_sl_ex_250,,1,,45460,45460,,5,,,,,,,,,,,,,,,,,"23,27","NEW extension,Extension SoftBank 601HW WHITE"
1666,11045,747,632,No,251,2,カート用延長フラグ,Extension SoftBank 601HW WHITE,1,,,,,,,,*,sl/img001-ex.jpg,*,sl/img001-ex.jpg,,,,,,,,,,,,,,,,,,,,,,,0,1,en_sl_ex_251,,1,,45950,45950,,5,,,,,,,,,,,,,,,,,"23,27","NEW extension,Extension SoftBank 601HW WHITE"
1666,11047,747,633,No,252,2,カート用延長フラグ,Extension SoftBank 601HW WHITE,1,,,,,,,,*,sl/img001-ex.jpg,*,sl/img001-ex.jpg,,,,,,,,,,,,,,,,,,,,,,,0,1,en_sl_ex_271,,1,,46300,46300,,5,,,,,,,,,,,,,,,,,"23,27","NEW extension,Extension SoftBank 601HW WHITE"
1666,11049,747,634,No,253,2,カート用延長フラグ,Extension SoftBank 601HW WHITE,1,,,,,,,,*,sl/img001-ex.jpg,*,sl/img001-ex.jpg,,,,,,,,,,,,,,,,,,,,,,,0,1,en_sl_ex_271,,1,,46300,46300,,5,,,,,,,,,,,,,,,,,"23,27","NEW extension,Extension SoftBank 601HW WHITE"
1666,11051,747,635,No,254,2,カート用延長フラグ,Extension SoftBank 601HW WHITE,1,,,,,,,,*,sl/img001-ex.jpg,*,sl/img001-ex.jpg,,,,,,,,,,,,,,,,,,,,,,,0,1,en_sl_ex_271,,1,,46300,46300,,5,,,,,,,,,,,,,,,,,"23,27","NEW extension,Extension SoftBank 601HW WHITE"
1666,11053,747,636,No,255,2,カート用延長フラグ,Extension SoftBank 601HW WHITE,1,,,,,,,,*,sl/img001-ex.jpg,*,sl/img001-ex.jpg,,,,,,,,,,,,,,,,,,,,,,,0,1,en_sl_ex_271,,1,,46300,46300,,5,,,,,,,,,,,,,,,,,"23,27","NEW extension,Extension SoftBank 601HW WHITE"
1666,11055,747,637,No,256,2,カート用延長フラグ,Extension SoftBank 601HW WHITE,1,,,,,,,,*,sl/img001-ex.jpg,*,sl/img001-ex.jpg,,,,,,,,,,,,,,,,,,,,,,,0,1,en_sl_ex_271,,1,,46300,46300,,5,,,,,,,,,,,,,,,,,"23,27","NEW extension,Extension SoftBank 601HW WHITE"
1666,11057,747,638,No,257,2,カート用延長フラグ,Extension SoftBank 601HW WHITE,1,,,,,,,,*,sl/img001-ex.jpg,*,sl/img001-ex.jpg,,,,,,,,,,,,,,,,,,,,,,,0,1,en_sl_ex_271,,1,,46300,46300,,5,,,,,,,,,,,,,,,,,"23,27","NEW extension,Extension SoftBank 601HW WHITE"
1666,11059,747,639,No,258,2,カート用延長フラグ,Extension SoftBank 601HW WHITE,1,,,,,,,,*,sl/img001-ex.jpg,*,sl/img001-ex.jpg,,,,,,,,,,,,,,,,,,,,,,,0,1,en_sl_ex_271,,1,,46300,46300,,5,,,,,,,,,,,,,,,,,"23,27","NEW extension,Extension SoftBank 601HW WHITE"
1666,11061,747,640,No,259,2,カート用延長フラグ,Extension SoftBank 601HW WHITE,1,,,,,,,,*,sl/img001-ex.jpg,*,sl/img001-ex.jpg,,,,,,,,,,,,,,,,,,,,,,,0,1,en_sl_ex_271,,1,,46300,46300,,5,,,,,,,,,,,,,,,,,"23,27","NEW extension,Extension SoftBank 601HW WHITE"
1666,11063,747,641,No,260,2,カート用延長フラグ,Extension SoftBank 601HW WHITE,1,,,,,,,,*,sl/img001-ex.jpg,*,sl/img001-ex.jpg,,,,,,,,,,,,,,,,,,,,,,,0,1,en_sl_ex_271,,1,,46300,46300,,5,,,,,,,,,,,,,,,,,"23,27","NEW extension,Extension SoftBank 601HW WHITE"
1666,11065,747,642,No,261,2,カート用延長フラグ,Extension SoftBank 601HW WHITE,1,,,,,,,,*,sl/img001-ex.jpg,*,sl/img001-ex.jpg,,,,,,,,,,,,,,,,,,,,,,,0,1,en_sl_ex_271,,1,,46300,46300,,5,,,,,,,,,,,,,,,,,"23,27","NEW extension,Extension SoftBank 601HW WHITE"
1666,11067,747,643,No,262,2,カート用延長フラグ,Extension SoftBank 601HW WHITE,1,,,,,,,,*,sl/img001-ex.jpg,*,sl/img001-ex.jpg,,,,,,,,,,,,,,,,,,,,,,,0,1,en_sl_ex_271,,1,,46300,46300,,5,,,,,,,,,,,,,,,,,"23,27","NEW extension,Extension SoftBank 601HW WHITE"
1666,11069,747,644,No,263,2,カート用延長フラグ,Extension SoftBank 601HW WHITE,1,,,,,,,,*,sl/img001-ex.jpg,*,sl/img001-ex.jpg,,,,,,,,,,,,,,,,,,,,,,,0,1,en_sl_ex_271,,1,,46300,46300,,5,,,,,,,,,,,,,,,,,"23,27","NEW extension,Extension SoftBank 601HW WHITE"
1666,11071,747,645,No,264,2,カート用延長フラグ,Extension SoftBank 601HW WHITE,1,,,,,,,,*,sl/img001-ex.jpg,*,sl/img001-ex.jpg,,,,,,,,,,,,,,,,,,,,,,,0,1,en_sl_ex_271,,1,,46300,46300,,5,,,,,,,,,,,,,,,,,"23,27","NEW extension,Extension SoftBank 601HW WHITE"
1666,11073,747,646,No,265,2,カート用延長フラグ,Extension SoftBank 601HW WHITE,1,,,,,,,,*,sl/img001-ex.jpg,*,sl/img001-ex.jpg,,,,,,,,,,,,,,,,,,,,,,,0,1,en_sl_ex_271,,1,,46300,46300,,5,,,,,,,,,,,,,,,,,"23,27","NEW extension,Extension SoftBank 601HW WHITE"
1666,11075,747,647,No,266,2,カート用延長フラグ,Extension SoftBank 601HW WHITE,1,,,,,,,,*,sl/img001-ex.jpg,*,sl/img001-ex.jpg,,,,,,,,,,,,,,,,,,,,,,,0,1,en_sl_ex_271,,1,,46300,46300,,5,,,,,,,,,,,,,,,,,"23,27","NEW extension,Extension SoftBank 601HW WHITE"
1666,11077,747,648,No,267,2,カート用延長フラグ,Extension SoftBank 601HW WHITE,1,,,,,,,,*,sl/img001-ex.jpg,*,sl/img001-ex.jpg,,,,,,,,,,,,,,,,,,,,,,,0,1,en_sl_ex_271,,1,,46300,46300,,5,,,,,,,,,,,,,,,,,"23,27","NEW extension,Extension SoftBank 601HW WHITE"
1666,11079,747,649,No,268,2,カート用延長フラグ,Extension SoftBank 601HW WHITE,1,,,,,,,,*,sl/img001-ex.jpg,*,sl/img001-ex.jpg,,,,,,,,,,,,,,,,,,,,,,,0,1,en_sl_ex_271,,1,,46300,46300,,5,,,,,,,,,,,,,,,,,"23,27","NEW extension,Extension SoftBank 601HW WHITE"
1666,11081,747,650,No,269,2,カート用延長フラグ,Extension SoftBank 601HW WHITE,1,,,,,,,,*,sl/img001-ex.jpg,*,sl/img001-ex.jpg,,,,,,,,,,,,,,,,,,,,,,,0,1,en_sl_ex_271,,1,,46300,46300,,5,,,,,,,,,,,,,,,,,"23,27","NEW extension,Extension SoftBank 601HW WHITE"
1666,11083,747,651,No,270,2,カート用延長フラグ,Extension SoftBank 601HW WHITE,1,,,,,,,,*,sl/img001-ex.jpg,*,sl/img001-ex.jpg,,,,,,,,,,,,,,,,,,,,,,,0,1,en_sl_ex_271,,1,,46300,46300,,5,,,,,,,,,,,,,,,,,"23,27","NEW extension,Extension SoftBank 601HW WHITE"
1666,11085,747,652,No,271,2,カート用延長フラグ,Extension SoftBank 601HW WHITE,1,,,,,,,,*,sl/img001-ex.jpg,*,sl/img001-ex.jpg,,,,,,,,,,,,,,,,,,,,,,,0,1,en_sl_ex_271,,1,,46300,46300,,5,,,,,,,,,,,,,,,,,"23,27","NEW extension,Extension SoftBank 601HW WHITE"
1666,11087,747,653,No,272,2,カート用延長フラグ,Extension SoftBank 601HW WHITE,1,,,,,,,,*,sl/img001-ex.jpg,*,sl/img001-ex.jpg,,,,,,,,,,,,,,,,,,,,,,,0,1,en_sl_ex_272,,1,,46790,46790,,5,,,,,,,,,,,,,,,,,"23,27","NEW extension,Extension SoftBank 601HW WHITE"
1666,11089,747,654,No,273,2,カート用延長フラグ,Extension SoftBank 601HW WHITE,1,,,,,,,,*,sl/img001-ex.jpg,*,sl/img001-ex.jpg,,,,,,,,,,,,,,,,,,,,,,,0,1,en_sl_ex_273,,1,,47280,47280,,5,,,,,,,,,,,,,,,,,"23,27","NEW extension,Extension SoftBank 601HW WHITE"
1666,11091,747,655,No,274,2,カート用延長フラグ,Extension SoftBank 601HW WHITE,1,,,,,,,,*,sl/img001-ex.jpg,*,sl/img001-ex.jpg,,,,,,,,,,,,,,,,,,,,,,,0,1,en_sl_ex_274,,1,,47770,47770,,5,,,,,,,,,,,,,,,,,"23,27","NEW extension,Extension SoftBank 601HW WHITE"
1666,11093,747,656,No,275,2,カート用延長フラグ,Extension SoftBank 601HW WHITE,1,,,,,,,,*,sl/img001-ex.jpg,*,sl/img001-ex.jpg,,,,,,,,,,,,,,,,,,,,,,,0,1,en_sl_ex_275,,1,,48260,48260,,5,,,,,,,,,,,,,,,,,"23,27","NEW extension,Extension SoftBank 601HW WHITE"
1666,11095,747,657,No,276,2,カート用延長フラグ,Extension SoftBank 601HW WHITE,1,,,,,,,,*,sl/img001-ex.jpg,*,sl/img001-ex.jpg,,,,,,,,,,,,,,,,,,,,,,,0,1,en_sl_ex_276,,1,,48750,48750,,5,,,,,,,,,,,,,,,,,"23,27","NEW extension,Extension SoftBank 601HW WHITE"
1666,11097,747,658,No,277,2,カート用延長フラグ,Extension SoftBank 601HW WHITE,1,,,,,,,,*,sl/img001-ex.jpg,*,sl/img001-ex.jpg,,,,,,,,,,,,,,,,,,,,,,,0,1,en_sl_ex_277,,1,,49240,49240,,5,,,,,,,,,,,,,,,,,"23,27","NEW extension,Extension SoftBank 601HW WHITE"
1666,11099,747,659,No,278,2,カート用延長フラグ,Extension SoftBank 601HW WHITE,1,,,,,,,,*,sl/img001-ex.jpg,*,sl/img001-ex.jpg,,,,,,,,,,,,,,,,,,,,,,,0,1,en_sl_ex_278,,1,,49730,49730,,5,,,,,,,,,,,,,,,,,"23,27","NEW extension,Extension SoftBank 601HW WHITE"
1666,11101,747,660,No,279,2,カート用延長フラグ,Extension SoftBank 601HW WHITE,1,,,,,,,,*,sl/img001-ex.jpg,*,sl/img001-ex.jpg,,,,,,,,,,,,,,,,,,,,,,,0,1,en_sl_ex_279,,1,,50220,50220,,5,,,,,,,,,,,,,,,,,"23,27","NEW extension,Extension SoftBank 601HW WHITE"
1666,11103,747,661,No,280,2,カート用延長フラグ,Extension SoftBank 601HW WHITE,1,,,,,,,,*,sl/img001-ex.jpg,*,sl/img001-ex.jpg,,,,,,,,,,,,,,,,,,,,,,,0,1,en_sl_ex_280,,1,,50710,50710,,5,,,,,,,,,,,,,,,,,"23,27","NEW extension,Extension SoftBank 601HW WHITE"
1666,11105,747,662,No,281,2,カート用延長フラグ,Extension SoftBank 601HW WHITE,1,,,,,,,,*,sl/img001-ex.jpg,*,sl/img001-ex.jpg,,,,,,,,,,,,,,,,,,,,,,,0,1,en_sl_ex_301,,1,,51000,51000,,5,,,,,,,,,,,,,,,,,"23,27","NEW extension,Extension SoftBank 601HW WHITE"
1666,11107,747,663,No,282,2,カート用延長フラグ,Extension SoftBank 601HW WHITE,1,,,,,,,,*,sl/img001-ex.jpg,*,sl/img001-ex.jpg,,,,,,,,,,,,,,,,,,,,,,,0,1,en_sl_ex_301,,1,,51000,51000,,5,,,,,,,,,,,,,,,,,"23,27","NEW extension,Extension SoftBank 601HW WHITE"
1666,11109,747,664,No,283,2,カート用延長フラグ,Extension SoftBank 601HW WHITE,1,,,,,,,,*,sl/img001-ex.jpg,*,sl/img001-ex.jpg,,,,,,,,,,,,,,,,,,,,,,,0,1,en_sl_ex_301,,1,,51000,51000,,5,,,,,,,,,,,,,,,,,"23,27","NEW extension,Extension SoftBank 601HW WHITE"
1666,11111,747,665,No,284,2,カート用延長フラグ,Extension SoftBank 601HW WHITE,1,,,,,,,,*,sl/img001-ex.jpg,*,sl/img001-ex.jpg,,,,,,,,,,,,,,,,,,,,,,,0,1,en_sl_ex_301,,1,,51000,51000,,5,,,,,,,,,,,,,,,,,"23,27","NEW extension,Extension SoftBank 601HW WHITE"
1666,11113,747,666,No,285,2,カート用延長フラグ,Extension SoftBank 601HW WHITE,1,,,,,,,,*,sl/img001-ex.jpg,*,sl/img001-ex.jpg,,,,,,,,,,,,,,,,,,,,,,,0,1,en_sl_ex_301,,1,,51000,51000,,5,,,,,,,,,,,,,,,,,"23,27","NEW extension,Extension SoftBank 601HW WHITE"
1666,11115,747,667,No,286,2,カート用延長フラグ,Extension SoftBank 601HW WHITE,1,,,,,,,,*,sl/img001-ex.jpg,*,sl/img001-ex.jpg,,,,,,,,,,,,,,,,,,,,,,,0,1,en_sl_ex_301,,1,,51000,51000,,5,,,,,,,,,,,,,,,,,"23,27","NEW extension,Extension SoftBank 601HW WHITE"
1666,11117,747,668,No,287,2,カート用延長フラグ,Extension SoftBank 601HW WHITE,1,,,,,,,,*,sl/img001-ex.jpg,*,sl/img001-ex.jpg,,,,,,,,,,,,,,,,,,,,,,,0,1,en_sl_ex_301,,1,,51000,51000,,5,,,,,,,,,,,,,,,,,"23,27","NEW extension,Extension SoftBank 601HW WHITE"
1666,11119,747,669,No,288,2,カート用延長フラグ,Extension SoftBank 601HW WHITE,1,,,,,,,,*,sl/img001-ex.jpg,*,sl/img001-ex.jpg,,,,,,,,,,,,,,,,,,,,,,,0,1,en_sl_ex_301,,1,,51000,51000,,5,,,,,,,,,,,,,,,,,"23,27","NEW extension,Extension SoftBank 601HW WHITE"
1666,11121,747,670,No,289,2,カート用延長フラグ,Extension SoftBank 601HW WHITE,1,,,,,,,,*,sl/img001-ex.jpg,*,sl/img001-ex.jpg,,,,,,,,,,,,,,,,,,,,,,,0,1,en_sl_ex_301,,1,,51000,51000,,5,,,,,,,,,,,,,,,,,"23,27","NEW extension,Extension SoftBank 601HW WHITE"
1666,11123,747,671,No,290,2,カート用延長フラグ,Extension SoftBank 601HW WHITE,1,,,,,,,,*,sl/img001-ex.jpg,*,sl/img001-ex.jpg,,,,,,,,,,,,,,,,,,,,,,,0,1,en_sl_ex_301,,1,,51000,51000,,5,,,,,,,,,,,,,,,,,"23,27","NEW extension,Extension SoftBank 601HW WHITE"
1666,11125,747,672,No,291,2,カート用延長フラグ,Extension SoftBank 601HW WHITE,1,,,,,,,,*,sl/img001-ex.jpg,*,sl/img001-ex.jpg,,,,,,,,,,,,,,,,,,,,,,,0,1,en_sl_ex_301,,1,,51000,51000,,5,,,,,,,,,,,,,,,,,"23,27","NEW extension,Extension SoftBank 601HW WHITE"
1666,11127,747,673,No,292,2,カート用延長フラグ,Extension SoftBank 601HW WHITE,1,,,,,,,,*,sl/img001-ex.jpg,*,sl/img001-ex.jpg,,,,,,,,,,,,,,,,,,,,,,,0,1,en_sl_ex_301,,1,,51000,51000,,5,,,,,,,,,,,,,,,,,"23,27","NEW extension,Extension SoftBank 601HW WHITE"
1666,11129,747,674,No,293,2,カート用延長フラグ,Extension SoftBank 601HW WHITE,1,,,,,,,,*,sl/img001-ex.jpg,*,sl/img001-ex.jpg,,,,,,,,,,,,,,,,,,,,,,,0,1,en_sl_ex_301,,1,,51000,51000,,5,,,,,,,,,,,,,,,,,"23,27","NEW extension,Extension SoftBank 601HW WHITE"
1666,11131,747,675,No,294,2,カート用延長フラグ,Extension SoftBank 601HW WHITE,1,,,,,,,,*,sl/img001-ex.jpg,*,sl/img001-ex.jpg,,,,,,,,,,,,,,,,,,,,,,,0,1,en_sl_ex_301,,1,,51000,51000,,5,,,,,,,,,,,,,,,,,"23,27","NEW extension,Extension SoftBank 601HW WHITE"
1666,11133,747,676,No,295,2,カート用延長フラグ,Extension SoftBank 601HW WHITE,1,,,,,,,,*,sl/img001-ex.jpg,*,sl/img001-ex.jpg,,,,,,,,,,,,,,,,,,,,,,,0,1,en_sl_ex_301,,1,,51000,51000,,5,,,,,,,,,,,,,,,,,"23,27","NEW extension,Extension SoftBank 601HW WHITE"
1666,11135,747,677,No,296,2,カート用延長フラグ,Extension SoftBank 601HW WHITE,1,,,,,,,,*,sl/img001-ex.jpg,*,sl/img001-ex.jpg,,,,,,,,,,,,,,,,,,,,,,,0,1,en_sl_ex_301,,1,,51000,51000,,5,,,,,,,,,,,,,,,,,"23,27","NEW extension,Extension SoftBank 601HW WHITE"
1666,11137,747,678,No,297,2,カート用延長フラグ,Extension SoftBank 601HW WHITE,1,,,,,,,,*,sl/img001-ex.jpg,*,sl/img001-ex.jpg,,,,,,,,,,,,,,,,,,,,,,,0,1,en_sl_ex_301,,1,,51000,51000,,5,,,,,,,,,,,,,,,,,"23,27","NEW extension,Extension SoftBank 601HW WHITE"
1666,11139,747,679,No,298,2,カート用延長フラグ,Extension SoftBank 601HW WHITE,1,,,,,,,,*,sl/img001-ex.jpg,*,sl/img001-ex.jpg,,,,,,,,,,,,,,,,,,,,,,,0,1,en_sl_ex_301,,1,,51000,51000,,5,,,,,,,,,,,,,,,,,"23,27","NEW extension,Extension SoftBank 601HW WHITE"
1666,11141,747,680,No,299,2,カート用延長フラグ,Extension SoftBank 601HW WHITE,1,,,,,,,,*,sl/img001-ex.jpg,*,sl/img001-ex.jpg,,,,,,,,,,,,,,,,,,,,,,,0,1,en_sl_ex_301,,1,,51000,51000,,5,,,,,,,,,,,,,,,,,"23,27","NEW extension,Extension SoftBank 601HW WHITE"
1666,11143,747,681,No,300,2,カート用延長フラグ,Extension SoftBank 601HW WHITE,1,,,,,,,,*,sl/img001-ex.jpg,*,sl/img001-ex.jpg,,,,,,,,,,,,,,,,,,,,,,,0,1,en_sl_ex_301,,1,,51000,51000,,5,,,,,,,,,,,,,,,,,"23,27","NEW extension,Extension SoftBank 601HW WHITE"
1666,11145,747,682,No,301,2,カート用延長フラグ,Extension SoftBank 601HW WHITE,1,,,,,,,,*,sl/img001-ex.jpg,*,sl/img001-ex.jpg,,,,,,,,,,,,,,,,,,,,,,,0,1,en_sl_ex_301,,1,,51000,51000,,5,,,,,,,,,,,,,,,,,"23,27","NEW extension,Extension SoftBank 601HW WHITE"
1666,11147,747,683,No,302,2,カート用延長フラグ,Extension SoftBank 601HW WHITE,1,,,,,,,,*,sl/img001-ex.jpg,*,sl/img001-ex.jpg,,,,,,,,,,,,,,,,,,,,,,,0,1,en_sl_ex_302,,1,,51490,51490,,5,,,,,,,,,,,,,,,,,"23,27","NEW extension,Extension SoftBank 601HW WHITE"
1666,11149,747,684,No,303,2,カート用延長フラグ,Extension SoftBank 601HW WHITE,1,,,,,,,,*,sl/img001-ex.jpg,*,sl/img001-ex.jpg,,,,,,,,,,,,,,,,,,,,,,,0,1,en_sl_ex_303,,1,,51980,51980,,5,,,,,,,,,,,,,,,,,"23,27","NEW extension,Extension SoftBank 601HW WHITE"
1666,11151,747,685,No,304,2,カート用延長フラグ,Extension SoftBank 601HW WHITE,1,,,,,,,,*,sl/img001-ex.jpg,*,sl/img001-ex.jpg,,,,,,,,,,,,,,,,,,,,,,,0,1,en_sl_ex_304,,1,,52470,52470,,5,,,,,,,,,,,,,,,,,"23,27","NEW extension,Extension SoftBank 601HW WHITE"
1666,11153,747,686,No,305,2,カート用延長フラグ,Extension SoftBank 601HW WHITE,1,,,,,,,,*,sl/img001-ex.jpg,*,sl/img001-ex.jpg,,,,,,,,,,,,,,,,,,,,,,,0,1,en_sl_ex_305,,1,,52960,52960,,5,,,,,,,,,,,,,,,,,"23,27","NEW extension,Extension SoftBank 601HW WHITE"
1666,11155,747,687,No,306,2,カート用延長フラグ,Extension SoftBank 601HW WHITE,1,,,,,,,,*,sl/img001-ex.jpg,*,sl/img001-ex.jpg,,,,,,,,,,,,,,,,,,,,,,,0,1,en_sl_ex_306,,1,,53450,53450,,5,,,,,,,,,,,,,,,,,"23,27","NEW extension,Extension SoftBank 601HW WHITE"
1666,11157,747,688,No,307,2,カート用延長フラグ,Extension SoftBank 601HW WHITE,1,,,,,,,,*,sl/img001-ex.jpg,*,sl/img001-ex.jpg,,,,,,,,,,,,,,,,,,,,,,,0,1,en_sl_ex_331,,1,,53500,53500,,5,,,,,,,,,,,,,,,,,"23,27","NEW extension,Extension SoftBank 601HW WHITE"
1666,11159,747,689,No,308,2,カート用延長フラグ,Extension SoftBank 601HW WHITE,1,,,,,,,,*,sl/img001-ex.jpg,*,sl/img001-ex.jpg,,,,,,,,,,,,,,,,,,,,,,,0,1,en_sl_ex_331,,1,,53500,53500,,5,,,,,,,,,,,,,,,,,"23,27","NEW extension,Extension SoftBank 601HW WHITE"
1666,11161,747,690,No,309,2,カート用延長フラグ,Extension SoftBank 601HW WHITE,1,,,,,,,,*,sl/img001-ex.jpg,*,sl/img001-ex.jpg,,,,,,,,,,,,,,,,,,,,,,,0,1,en_sl_ex_331,,1,,53500,53500,,5,,,,,,,,,,,,,,,,,"23,27","NEW extension,Extension SoftBank 601HW WHITE"
1666,11163,747,691,No,310,2,カート用延長フラグ,Extension SoftBank 601HW WHITE,1,,,,,,,,*,sl/img001-ex.jpg,*,sl/img001-ex.jpg,,,,,,,,,,,,,,,,,,,,,,,0,1,en_sl_ex_331,,1,,53500,53500,,5,,,,,,,,,,,,,,,,,"23,27","NEW extension,Extension SoftBank 601HW WHITE"
1666,11165,747,692,No,311,2,カート用延長フラグ,Extension SoftBank 601HW WHITE,1,,,,,,,,*,sl/img001-ex.jpg,*,sl/img001-ex.jpg,,,,,,,,,,,,,,,,,,,,,,,0,1,en_sl_ex_331,,1,,53500,53500,,5,,,,,,,,,,,,,,,,,"23,27","NEW extension,Extension SoftBank 601HW WHITE"
1666,11167,747,693,No,312,2,カート用延長フラグ,Extension SoftBank 601HW WHITE,1,,,,,,,,*,sl/img001-ex.jpg,*,sl/img001-ex.jpg,,,,,,,,,,,,,,,,,,,,,,,0,1,en_sl_ex_331,,1,,53500,53500,,5,,,,,,,,,,,,,,,,,"23,27","NEW extension,Extension SoftBank 601HW WHITE"
1666,11169,747,694,No,313,2,カート用延長フラグ,Extension SoftBank 601HW WHITE,1,,,,,,,,*,sl/img001-ex.jpg,*,sl/img001-ex.jpg,,,,,,,,,,,,,,,,,,,,,,,0,1,en_sl_ex_331,,1,,53500,53500,,5,,,,,,,,,,,,,,,,,"23,27","NEW extension,Extension SoftBank 601HW WHITE"
1666,11171,747,695,No,314,2,カート用延長フラグ,Extension SoftBank 601HW WHITE,1,,,,,,,,*,sl/img001-ex.jpg,*,sl/img001-ex.jpg,,,,,,,,,,,,,,,,,,,,,,,0,1,en_sl_ex_331,,1,,53500,53500,,5,,,,,,,,,,,,,,,,,"23,27","NEW extension,Extension SoftBank 601HW WHITE"
1666,11173,747,696,No,315,2,カート用延長フラグ,Extension SoftBank 601HW WHITE,1,,,,,,,,*,sl/img001-ex.jpg,*,sl/img001-ex.jpg,,,,,,,,,,,,,,,,,,,,,,,0,1,en_sl_ex_331,,1,,53500,53500,,5,,,,,,,,,,,,,,,,,"23,27","NEW extension,Extension SoftBank 601HW WHITE"
1666,11175,747,697,No,316,2,カート用延長フラグ,Extension SoftBank 601HW WHITE,1,,,,,,,,*,sl/img001-ex.jpg,*,sl/img001-ex.jpg,,,,,,,,,,,,,,,,,,,,,,,0,1,en_sl_ex_331,,1,,53500,53500,,5,,,,,,,,,,,,,,,,,"23,27","NEW extension,Extension SoftBank 601HW WHITE"
1666,11177,747,698,No,317,2,カート用延長フラグ,Extension SoftBank 601HW WHITE,1,,,,,,,,*,sl/img001-ex.jpg,*,sl/img001-ex.jpg,,,,,,,,,,,,,,,,,,,,,,,0,1,en_sl_ex_331,,1,,53500,53500,,5,,,,,,,,,,,,,,,,,"23,27","NEW extension,Extension SoftBank 601HW WHITE"
1666,11179,747,699,No,318,2,カート用延長フラグ,Extension SoftBank 601HW WHITE,1,,,,,,,,*,sl/img001-ex.jpg,*,sl/img001-ex.jpg,,,,,,,,,,,,,,,,,,,,,,,0,1,en_sl_ex_331,,1,,53500,53500,,5,,,,,,,,,,,,,,,,,"23,27","NEW extension,Extension SoftBank 601HW WHITE"
1666,11181,747,700,No,319,2,カート用延長フラグ,Extension SoftBank 601HW WHITE,1,,,,,,,,*,sl/img001-ex.jpg,*,sl/img001-ex.jpg,,,,,,,,,,,,,,,,,,,,,,,0,1,en_sl_ex_331,,1,,53500,53500,,5,,,,,,,,,,,,,,,,,"23,27","NEW extension,Extension SoftBank 601HW WHITE"
1666,11183,747,701,No,320,2,カート用延長フラグ,Extension SoftBank 601HW WHITE,1,,,,,,,,*,sl/img001-ex.jpg,*,sl/img001-ex.jpg,,,,,,,,,,,,,,,,,,,,,,,0,1,en_sl_ex_331,,1,,53500,53500,,5,,,,,,,,,,,,,,,,,"23,27","NEW extension,Extension SoftBank 601HW WHITE"
1666,11185,747,702,No,321,2,カート用延長フラグ,Extension SoftBank 601HW WHITE,1,,,,,,,,*,sl/img001-ex.jpg,*,sl/img001-ex.jpg,,,,,,,,,,,,,,,,,,,,,,,0,1,en_sl_ex_331,,1,,53500,53500,,5,,,,,,,,,,,,,,,,,"23,27","NEW extension,Extension SoftBank 601HW WHITE"
1666,11187,747,703,No,322,2,カート用延長フラグ,Extension SoftBank 601HW WHITE,1,,,,,,,,*,sl/img001-ex.jpg,*,sl/img001-ex.jpg,,,,,,,,,,,,,,,,,,,,,,,0,1,en_sl_ex_331,,1,,53500,53500,,5,,,,,,,,,,,,,,,,,"23,27","NEW extension,Extension SoftBank 601HW WHITE"
1666,11189,747,704,No,323,2,カート用延長フラグ,Extension SoftBank 601HW WHITE,1,,,,,,,,*,sl/img001-ex.jpg,*,sl/img001-ex.jpg,,,,,,,,,,,,,,,,,,,,,,,0,1,en_sl_ex_331,,1,,53500,53500,,5,,,,,,,,,,,,,,,,,"23,27","NEW extension,Extension SoftBank 601HW WHITE"
1666,11191,747,705,No,324,2,カート用延長フラグ,Extension SoftBank 601HW WHITE,1,,,,,,,,*,sl/img001-ex.jpg,*,sl/img001-ex.jpg,,,,,,,,,,,,,,,,,,,,,,,0,1,en_sl_ex_331,,1,,53500,53500,,5,,,,,,,,,,,,,,,,,"23,27","NEW extension,Extension SoftBank 601HW WHITE"
1666,11193,747,706,No,325,2,カート用延長フラグ,Extension SoftBank 601HW WHITE,1,,,,,,,,*,sl/img001-ex.jpg,*,sl/img001-ex.jpg,,,,,,,,,,,,,,,,,,,,,,,0,1,en_sl_ex_331,,1,,53500,53500,,5,,,,,,,,,,,,,,,,,"23,27","NEW extension,Extension SoftBank 601HW WHITE"
1666,11195,747,707,No,326,2,カート用延長フラグ,Extension SoftBank 601HW WHITE,1,,,,,,,,*,sl/img001-ex.jpg,*,sl/img001-ex.jpg,,,,,,,,,,,,,,,,,,,,,,,0,1,en_sl_ex_331,,1,,53500,53500,,5,,,,,,,,,,,,,,,,,"23,27","NEW extension,Extension SoftBank 601HW WHITE"
1666,11197,747,708,No,327,2,カート用延長フラグ,Extension SoftBank 601HW WHITE,1,,,,,,,,*,sl/img001-ex.jpg,*,sl/img001-ex.jpg,,,,,,,,,,,,,,,,,,,,,,,0,1,en_sl_ex_331,,1,,53500,53500,,5,,,,,,,,,,,,,,,,,"23,27","NEW extension,Extension SoftBank 601HW WHITE"
1666,11199,747,709,No,328,2,カート用延長フラグ,Extension SoftBank 601HW WHITE,1,,,,,,,,*,sl/img001-ex.jpg,*,sl/img001-ex.jpg,,,,,,,,,,,,,,,,,,,,,,,0,1,en_sl_ex_331,,1,,53500,53500,,5,,,,,,,,,,,,,,,,,"23,27","NEW extension,Extension SoftBank 601HW WHITE"
1666,11201,747,710,No,329,2,カート用延長フラグ,Extension SoftBank 601HW WHITE,1,,,,,,,,*,sl/img001-ex.jpg,*,sl/img001-ex.jpg,,,,,,,,,,,,,,,,,,,,,,,0,1,en_sl_ex_331,,1,,53500,53500,,5,,,,,,,,,,,,,,,,,"23,27","NEW extension,Extension SoftBank 601HW WHITE"
1666,11203,747,711,No,330,2,カート用延長フラグ,Extension SoftBank 601HW WHITE,1,,,,,,,,*,sl/img001-ex.jpg,*,sl/img001-ex.jpg,,,,,,,,,,,,,,,,,,,,,,,0,1,en_sl_ex_331,,1,,53500,53500,,5,,,,,,,,,,,,,,,,,"23,27","NEW extension,Extension SoftBank 601HW WHITE"
1666,11205,747,712,No,331,2,カート用延長フラグ,Extension SoftBank 601HW WHITE,1,,,,,,,,*,sl/img001-ex.jpg,*,sl/img001-ex.jpg,,,,,,,,,,,,,,,,,,,,,,,0,1,en_sl_ex_331,,1,,53500,53500,,5,,,,,,,,,,,,,,,,,"23,27","NEW extension,Extension SoftBank 601HW WHITE"
1666,11207,747,713,No,332,2,カート用延長フラグ,Extension SoftBank 601HW WHITE,1,,,,,,,,*,sl/img001-ex.jpg,*,sl/img001-ex.jpg,,,,,,,,,,,,,,,,,,,,,,,0,1,en_sl_ex_332,,1,,53990,53990,,5,,,,,,,,,,,,,,,,,"23,27","NEW extension,Extension SoftBank 601HW WHITE"
1666,11209,747,714,No,333,2,カート用延長フラグ,Extension SoftBank 601HW WHITE,1,,,,,,,,*,sl/img001-ex.jpg,*,sl/img001-ex.jpg,,,,,,,,,,,,,,,,,,,,,,,0,1,en_sl_ex_333,,1,,54480,54480,,5,,,,,,,,,,,,,,,,,"23,27","NEW extension,Extension SoftBank 601HW WHITE"
1666,11211,747,715,No,334,2,カート用延長フラグ,Extension SoftBank 601HW WHITE,1,,,,,,,,*,sl/img001-ex.jpg,*,sl/img001-ex.jpg,,,,,,,,,,,,,,,,,,,,,,,0,1,en_sl_ex_334,,1,,54970,54970,,5,,,,,,,,,,,,,,,,,"23,27","NEW extension,Extension SoftBank 601HW WHITE"
1666,11213,747,717,No,335,2,カート用延長フラグ,Extension SoftBank 601HW WHITE,1,,,,,,,,*,sl/img001-ex.jpg,*,sl/img001-ex.jpg,,,,,,,,,,,,,,,,,,,,,,,0,1,en_sl_ex_335,,1,,55460,55460,,5,,,,,,,,,,,,,,,,,"23,27","NEW extension,Extension SoftBank 601HW WHITE"
1666,11215,747,718,No,336,2,カート用延長フラグ,Extension SoftBank 601HW WHITE,1,,,,,,,,*,sl/img001-ex.jpg,*,sl/img001-ex.jpg,,,,,,,,,,,,,,,,,,,,,,,0,1,en_sl_ex_336,,1,,55950,55950,,5,,,,,,,,,,,,,,,,,"23,27","NEW extension,Extension SoftBank 601HW WHITE"
1666,11217,747,719,No,337,2,カート用延長フラグ,Extension SoftBank 601HW WHITE,1,,,,,,,,*,sl/img001-ex.jpg,*,sl/img001-ex.jpg,,,,,,,,,,,,,,,,,,,,,,,0,1,en_sl_ex_361,,1,,56000,56000,,5,,,,,,,,,,,,,,,,,"23,27","NEW extension,Extension SoftBank 601HW WHITE"
1666,11219,747,720,No,338,2,カート用延長フラグ,Extension SoftBank 601HW WHITE,1,,,,,,,,*,sl/img001-ex.jpg,*,sl/img001-ex.jpg,,,,,,,,,,,,,,,,,,,,,,,0,1,en_sl_ex_361,,1,,56000,56000,,5,,,,,,,,,,,,,,,,,"23,27","NEW extension,Extension SoftBank 601HW WHITE"
1666,11221,747,721,No,339,2,カート用延長フラグ,Extension SoftBank 601HW WHITE,1,,,,,,,,*,sl/img001-ex.jpg,*,sl/img001-ex.jpg,,,,,,,,,,,,,,,,,,,,,,,0,1,en_sl_ex_361,,1,,56000,56000,,5,,,,,,,,,,,,,,,,,"23,27","NEW extension,Extension SoftBank 601HW WHITE"
1666,11223,747,722,No,340,2,カート用延長フラグ,Extension SoftBank 601HW WHITE,1,,,,,,,,*,sl/img001-ex.jpg,*,sl/img001-ex.jpg,,,,,,,,,,,,,,,,,,,,,,,0,1,en_sl_ex_361,,1,,56000,56000,,5,,,,,,,,,,,,,,,,,"23,27","NEW extension,Extension SoftBank 601HW WHITE"
1666,11225,747,723,No,341,2,カート用延長フラグ,Extension SoftBank 601HW WHITE,1,,,,,,,,*,sl/img001-ex.jpg,*,sl/img001-ex.jpg,,,,,,,,,,,,,,,,,,,,,,,0,1,en_sl_ex_361,,1,,56000,56000,,5,,,,,,,,,,,,,,,,,"23,27","NEW extension,Extension SoftBank 601HW WHITE"
1666,11227,747,724,No,342,2,カート用延長フラグ,Extension SoftBank 601HW WHITE,1,,,,,,,,*,sl/img001-ex.jpg,*,sl/img001-ex.jpg,,,,,,,,,,,,,,,,,,,,,,,0,1,en_sl_ex_361,,1,,56000,56000,,5,,,,,,,,,,,,,,,,,"23,27","NEW extension,Extension SoftBank 601HW WHITE"
1666,11229,747,725,No,343,2,カート用延長フラグ,Extension SoftBank 601HW WHITE,1,,,,,,,,*,sl/img001-ex.jpg,*,sl/img001-ex.jpg,,,,,,,,,,,,,,,,,,,,,,,0,1,en_sl_ex_361,,1,,56000,56000,,5,,,,,,,,,,,,,,,,,"23,27","NEW extension,Extension SoftBank 601HW WHITE"
1666,11231,747,726,No,344,2,カート用延長フラグ,Extension SoftBank 601HW WHITE,1,,,,,,,,*,sl/img001-ex.jpg,*,sl/img001-ex.jpg,,,,,,,,,,,,,,,,,,,,,,,0,1,en_sl_ex_361,,1,,56000,56000,,5,,,,,,,,,,,,,,,,,"23,27","NEW extension,Extension SoftBank 601HW WHITE"
1666,11233,747,727,No,345,2,カート用延長フラグ,Extension SoftBank 601HW WHITE,1,,,,,,,,*,sl/img001-ex.jpg,*,sl/img001-ex.jpg,,,,,,,,,,,,,,,,,,,,,,,0,1,en_sl_ex_361,,1,,56000,56000,,5,,,,,,,,,,,,,,,,,"23,27","NEW extension,Extension SoftBank 601HW WHITE"
1666,11235,747,728,No,346,2,カート用延長フラグ,Extension SoftBank 601HW WHITE,1,,,,,,,,*,sl/img001-ex.jpg,*,sl/img001-ex.jpg,,,,,,,,,,,,,,,,,,,,,,,0,1,en_sl_ex_361,,1,,56000,56000,,5,,,,,,,,,,,,,,,,,"23,27","NEW extension,Extension SoftBank 601HW WHITE"
1666,11237,747,729,No,347,2,カート用延長フラグ,Extension SoftBank 601HW WHITE,1,,,,,,,,*,sl/img001-ex.jpg,*,sl/img001-ex.jpg,,,,,,,,,,,,,,,,,,,,,,,0,1,en_sl_ex_361,,1,,56000,56000,,5,,,,,,,,,,,,,,,,,"23,27","NEW extension,Extension SoftBank 601HW WHITE"
1666,11239,747,730,No,348,2,カート用延長フラグ,Extension SoftBank 601HW WHITE,1,,,,,,,,*,sl/img001-ex.jpg,*,sl/img001-ex.jpg,,,,,,,,,,,,,,,,,,,,,,,0,1,en_sl_ex_361,,1,,56000,56000,,5,,,,,,,,,,,,,,,,,"23,27","NEW extension,Extension SoftBank 601HW WHITE"
1666,11241,747,731,No,349,2,カート用延長フラグ,Extension SoftBank 601HW WHITE,1,,,,,,,,*,sl/img001-ex.jpg,*,sl/img001-ex.jpg,,,,,,,,,,,,,,,,,,,,,,,0,1,en_sl_ex_361,,1,,56000,56000,,5,,,,,,,,,,,,,,,,,"23,27","NEW extension,Extension SoftBank 601HW WHITE"
1666,11243,747,732,No,350,2,カート用延長フラグ,Extension SoftBank 601HW WHITE,1,,,,,,,,*,sl/img001-ex.jpg,*,sl/img001-ex.jpg,,,,,,,,,,,,,,,,,,,,,,,0,1,en_sl_ex_361,,1,,56000,56000,,5,,,,,,,,,,,,,,,,,"23,27","NEW extension,Extension SoftBank 601HW WHITE"
1666,11245,747,733,No,351,2,カート用延長フラグ,Extension SoftBank 601HW WHITE,1,,,,,,,,*,sl/img001-ex.jpg,*,sl/img001-ex.jpg,,,,,,,,,,,,,,,,,,,,,,,0,1,en_sl_ex_361,,1,,56000,56000,,5,,,,,,,,,,,,,,,,,"23,27","NEW extension,Extension SoftBank 601HW WHITE"
1666,11247,747,734,No,352,2,カート用延長フラグ,Extension SoftBank 601HW WHITE,1,,,,,,,,*,sl/img001-ex.jpg,*,sl/img001-ex.jpg,,,,,,,,,,,,,,,,,,,,,,,0,1,en_sl_ex_361,,1,,56000,56000,,5,,,,,,,,,,,,,,,,,"23,27","NEW extension,Extension SoftBank 601HW WHITE"
1666,11249,747,735,No,353,2,カート用延長フラグ,Extension SoftBank 601HW WHITE,1,,,,,,,,*,sl/img001-ex.jpg,*,sl/img001-ex.jpg,,,,,,,,,,,,,,,,,,,,,,,0,1,en_sl_ex_361,,1,,56000,56000,,5,,,,,,,,,,,,,,,,,"23,27","NEW extension,Extension SoftBank 601HW WHITE"
1666,11251,747,736,No,354,2,カート用延長フラグ,Extension SoftBank 601HW WHITE,1,,,,,,,,*,sl/img001-ex.jpg,*,sl/img001-ex.jpg,,,,,,,,,,,,,,,,,,,,,,,0,1,en_sl_ex_361,,1,,56000,56000,,5,,,,,,,,,,,,,,,,,"23,27","NEW extension,Extension SoftBank 601HW WHITE"
1666,11253,747,737,No,355,2,カート用延長フラグ,Extension SoftBank 601HW WHITE,1,,,,,,,,*,sl/img001-ex.jpg,*,sl/img001-ex.jpg,,,,,,,,,,,,,,,,,,,,,,,0,1,en_sl_ex_361,,1,,56000,56000,,5,,,,,,,,,,,,,,,,,"23,27","NEW extension,Extension SoftBank 601HW WHITE"
1666,11255,747,738,No,356,2,カート用延長フラグ,Extension SoftBank 601HW WHITE,1,,,,,,,,*,sl/img001-ex.jpg,*,sl/img001-ex.jpg,,,,,,,,,,,,,,,,,,,,,,,0,1,en_sl_ex_361,,1,,56000,56000,,5,,,,,,,,,,,,,,,,,"23,27","NEW extension,Extension SoftBank 601HW WHITE"
1666,11257,747,739,No,357,2,カート用延長フラグ,Extension SoftBank 601HW WHITE,1,,,,,,,,*,sl/img001-ex.jpg,*,sl/img001-ex.jpg,,,,,,,,,,,,,,,,,,,,,,,0,1,en_sl_ex_361,,1,,56000,56000,,5,,,,,,,,,,,,,,,,,"23,27","NEW extension,Extension SoftBank 601HW WHITE"
1666,11259,747,740,No,358,2,カート用延長フラグ,Extension SoftBank 601HW WHITE,1,,,,,,,,*,sl/img001-ex.jpg,*,sl/img001-ex.jpg,,,,,,,,,,,,,,,,,,,,,,,0,1,en_sl_ex_361,,1,,56000,56000,,5,,,,,,,,,,,,,,,,,"23,27","NEW extension,Extension SoftBank 601HW WHITE"
1666,11261,747,741,No,359,2,カート用延長フラグ,Extension SoftBank 601HW WHITE,1,,,,,,,,*,sl/img001-ex.jpg,*,sl/img001-ex.jpg,,,,,,,,,,,,,,,,,,,,,,,0,1,en_sl_ex_361,,1,,56000,56000,,5,,,,,,,,,,,,,,,,,"23,27","NEW extension,Extension SoftBank 601HW WHITE"
1666,11263,747,742,No,360,2,カート用延長フラグ,Extension SoftBank 601HW WHITE,1,,,,,,,,*,sl/img001-ex.jpg,*,sl/img001-ex.jpg,,,,,,,,,,,,,,,,,,,,,,,0,1,en_sl_ex_361,,1,,56000,56000,,5,,,,,,,,,,,,,,,,,"23,27","NEW extension,Extension SoftBank 601HW WHITE"
1666,11265,747,743,No,361,2,カート用延長フラグ,Extension SoftBank 601HW WHITE,1,,,,,,,,*,sl/img001-ex.jpg,*,sl/img001-ex.jpg,,,,,,,,,,,,,,,,,,,,,,,0,1,en_sl_ex_361,,1,,56000,56000,,5,,,,,,,,,,,,,,,,,"23,27","NEW extension,Extension SoftBank 601HW WHITE"
1666,11267,747,744,No,362,2,カート用延長フラグ,Extension SoftBank 601HW WHITE,1,,,,,,,,*,sl/img001-ex.jpg,*,sl/img001-ex.jpg,,,,,,,,,,,,,,,,,,,,,,,0,1,en_sl_ex_362,,1,,56490,56490,,5,,,,,,,,,,,,,,,,,"23,27","NEW extension,Extension SoftBank 601HW WHITE"
1666,11269,747,745,No,363,2,カート用延長フラグ,Extension SoftBank 601HW WHITE,1,,,,,,,,*,sl/img001-ex.jpg,*,sl/img001-ex.jpg,,,,,,,,,,,,,,,,,,,,,,,0,1,en_sl_ex_363,,1,,56980,56980,,5,,,,,,,,,,,,,,,,,"23,27","NEW extension,Extension SoftBank 601HW WHITE"
1666,11271,747,746,No,364,2,カート用延長フラグ,Extension SoftBank 601HW WHITE,1,,,,,,,,*,sl/img001-ex.jpg,*,sl/img001-ex.jpg,,,,,,,,,,,,,,,,,,,,,,,0,1,en_sl_ex_364,,1,,57470,57470,,5,,,,,,,,,,,,,,,,,"23,27","NEW extension,Extension SoftBank 601HW WHITE"
1665,9813,747,381,No,0,2,カート用延長フラグ,Extension SoftBank 601HW BLACK,1,,,,,,,,*,sk/img001-ex.jpg,*,sk/img001-ex.jpg,,,,,,,,,,,,,,,,,,,,,,,0,1,en_sk_ex_000,,1,,390,390,,5,,,,,,,,,,,,,,,,,"23,24","NEW extension,Extension SoftBank 601HW BLACK"
1665,9815,747,382,No,1,2,カート用延長フラグ,Extension SoftBank 601HW BLACK,1,,,,,,,,*,sk/img001-ex.jpg,*,sk/img001-ex.jpg,,,,,,,,,,,,,,,,,,,,,,,0,1,en_sk_ex_001,,1,,780,780,,5,,,,,,,,,,,,,,,,,"23,24","NEW extension,Extension SoftBank 601HW BLACK"
1665,9817,747,383,No,2,2,カート用延長フラグ,Extension SoftBank 601HW BLACK,1,,,,,,,,*,sk/img001-ex.jpg,*,sk/img001-ex.jpg,,,,,,,,,,,,,,,,,,,,,,,0,1,en_sk_ex_002,,1,,1170,1170,,5,,,,,,,,,,,,,,,,,"23,24","NEW extension,Extension SoftBank 601HW BLACK"
1665,9819,747,384,No,3,2,カート用延長フラグ,Extension SoftBank 601HW BLACK,1,,,,,,,,*,sk/img001-ex.jpg,*,sk/img001-ex.jpg,,,,,,,,,,,,,,,,,,,,,,,0,1,en_sk_ex_003,,1,,1560,1560,,5,,,,,,,,,,,,,,,,,"23,24","NEW extension,Extension SoftBank 601HW BLACK"
1665,9821,747,385,No,4,2,カート用延長フラグ,Extension SoftBank 601HW BLACK,1,,,,,,,,*,sk/img001-ex.jpg,*,sk/img001-ex.jpg,,,,,,,,,,,,,,,,,,,,,,,0,1,en_sk_ex_004,,1,,1950,1950,,5,,,,,,,,,,,,,,,,,"23,24","NEW extension,Extension SoftBank 601HW BLACK"
1665,9823,747,386,No,5,2,カート用延長フラグ,Extension SoftBank 601HW BLACK,1,,,,,,,,*,sk/img001-ex.jpg,*,sk/img001-ex.jpg,,,,,,,,,,,,,,,,,,,,,,,0,1,en_sk_ex_005,,1,,2340,2340,,5,,,,,,,,,,,,,,,,,"23,24","NEW extension,Extension SoftBank 601HW BLACK"
1665,9825,747,387,No,6,2,カート用延長フラグ,Extension SoftBank 601HW BLACK,1,,,,,,,,*,sk/img001-ex.jpg,*,sk/img001-ex.jpg,,,,,,,,,,,,,,,,,,,,,,,0,1,en_sk_ex_006,,1,,2730,2730,,5,,,,,,,,,,,,,,,,,"23,24","NEW extension,Extension SoftBank 601HW BLACK"
1665,9827,747,388,No,7,2,カート用延長フラグ,Extension SoftBank 601HW BLACK,1,,,,,,,,*,sk/img001-ex.jpg,*,sk/img001-ex.jpg,,,,,,,,,,,,,,,,,,,,,,,0,1,en_sk_ex_007,,1,,3120,3120,,5,,,,,,,,,,,,,,,,,"23,24","NEW extension,Extension SoftBank 601HW BLACK"
1665,9829,747,389,No,8,2,カート用延長フラグ,Extension SoftBank 601HW BLACK,1,,,,,,,,*,sk/img001-ex.jpg,*,sk/img001-ex.jpg,,,,,,,,,,,,,,,,,,,,,,,0,1,en_sk_ex_008,,1,,3510,3510,,5,,,,,,,,,,,,,,,,,"23,24","NEW extension,Extension SoftBank 601HW BLACK"
1665,9831,747,390,No,9,2,カート用延長フラグ,Extension SoftBank 601HW BLACK,1,,,,,,,,*,sk/img001-ex.jpg,*,sk/img001-ex.jpg,,,,,,,,,,,,,,,,,,,,,,,0,1,en_sk_ex_009,,1,,3900,3900,,5,,,,,,,,,,,,,,,,,"23,24","NEW extension,Extension SoftBank 601HW BLACK"
1665,9833,747,391,No,10,2,カート用延長フラグ,Extension SoftBank 601HW BLACK,1,,,,,,,,*,sk/img001-ex.jpg,*,sk/img001-ex.jpg,,,,,,,,,,,,,,,,,,,,,,,0,1,en_sk_ex_010,,1,,4290,4290,,5,,,,,,,,,,,,,,,,,"23,24","NEW extension,Extension SoftBank 601HW BLACK"
1665,9835,747,392,No,11,2,カート用延長フラグ,Extension SoftBank 601HW BLACK,1,,,,,,,,*,sk/img001-ex.jpg,*,sk/img001-ex.jpg,,,,,,,,,,,,,,,,,,,,,,,0,1,en_sk_ex_011,,1,,4680,4680,,5,,,,,,,,,,,,,,,,,"23,24","NEW extension,Extension SoftBank 601HW BLACK"
1665,9837,747,393,No,12,2,カート用延長フラグ,Extension SoftBank 601HW BLACK,1,,,,,,,,*,sk/img001-ex.jpg,*,sk/img001-ex.jpg,,,,,,,,,,,,,,,,,,,,,,,0,1,en_sk_ex_012,,1,,5070,5070,,5,,,,,,,,,,,,,,,,,"23,24","NEW extension,Extension SoftBank 601HW BLACK"
1665,9839,747,394,No,13,2,カート用延長フラグ,Extension SoftBank 601HW BLACK,1,,,,,,,,*,sk/img001-ex.jpg,*,sk/img001-ex.jpg,,,,,,,,,,,,,,,,,,,,,,,0,1,en_sk_ex_013,,1,,5460,5460,,5,,,,,,,,,,,,,,,,,"23,24","NEW extension,Extension SoftBank 601HW BLACK"
1665,9841,747,395,No,14,2,カート用延長フラグ,Extension SoftBank 601HW BLACK,1,,,,,,,,*,sk/img001-ex.jpg,*,sk/img001-ex.jpg,,,,,,,,,,,,,,,,,,,,,,,0,1,en_sk_ex_014,,1,,5850,5850,,5,,,,,,,,,,,,,,,,,"23,24","NEW extension,Extension SoftBank 601HW BLACK"
1665,9843,747,396,No,15,2,カート用延長フラグ,Extension SoftBank 601HW BLACK,1,,,,,,,,*,sk/img001-ex.jpg,*,sk/img001-ex.jpg,,,,,,,,,,,,,,,,,,,,,,,0,1,en_sk_ex_014,,1,,5850,5850,,5,,,,,,,,,,,,,,,,,"23,24","NEW extension,Extension SoftBank 601HW BLACK"
1665,9845,747,397,No,16,2,カート用延長フラグ,Extension SoftBank 601HW BLACK,1,,,,,,,,*,sk/img001-ex.jpg,*,sk/img001-ex.jpg,,,,,,,,,,,,,,,,,,,,,,,0,1,en_sk_ex_014,,1,,5850,5850,,5,,,,,,,,,,,,,,,,,"23,24","NEW extension,Extension SoftBank 601HW BLACK"
1665,9847,747,398,No,17,2,カート用延長フラグ,Extension SoftBank 601HW BLACK,1,,,,,,,,*,sk/img001-ex.jpg,*,sk/img001-ex.jpg,,,,,,,,,,,,,,,,,,,,,,,0,1,en_sk_ex_014,,1,,5850,5850,,5,,,,,,,,,,,,,,,,,"23,24","NEW extension,Extension SoftBank 601HW BLACK"
1665,9849,747,399,No,18,2,カート用延長フラグ,Extension SoftBank 601HW BLACK,1,,,,,,,,*,sk/img001-ex.jpg,*,sk/img001-ex.jpg,,,,,,,,,,,,,,,,,,,,,,,0,1,en_sk_ex_014,,1,,5850,5850,,5,,,,,,,,,,,,,,,,,"23,24","NEW extension,Extension SoftBank 601HW BLACK"
1665,9851,747,400,No,19,2,カート用延長フラグ,Extension SoftBank 601HW BLACK,1,,,,,,,,*,sk/img001-ex.jpg,*,sk/img001-ex.jpg,,,,,,,,,,,,,,,,,,,,,,,0,1,en_sk_ex_014,,1,,5850,5850,,5,,,,,,,,,,,,,,,,,"23,24","NEW extension,Extension SoftBank 601HW BLACK"
1665,9853,747,401,No,20,2,カート用延長フラグ,Extension SoftBank 601HW BLACK,1,,,,,,,,*,sk/img001-ex.jpg,*,sk/img001-ex.jpg,,,,,,,,,,,,,,,,,,,,,,,0,1,en_sk_ex_014,,1,,5850,5850,,5,,,,,,,,,,,,,,,,,"23,24","NEW extension,Extension SoftBank 601HW BLACK"
1665,9855,747,402,No,21,2,カート用延長フラグ,Extension SoftBank 601HW BLACK,1,,,,,,,,*,sk/img001-ex.jpg,*,sk/img001-ex.jpg,,,,,,,,,,,,,,,,,,,,,,,0,1,en_sk_ex_014,,1,,5850,5850,,5,,,,,,,,,,,,,,,,,"23,24","NEW extension,Extension SoftBank 601HW BLACK"
1665,9857,747,403,No,22,2,カート用延長フラグ,Extension SoftBank 601HW BLACK,1,,,,,,,,*,sk/img001-ex.jpg,*,sk/img001-ex.jpg,,,,,,,,,,,,,,,,,,,,,,,0,1,en_sk_ex_014,,1,,5850,5850,,5,,,,,,,,,,,,,,,,,"23,24","NEW extension,Extension SoftBank 601HW BLACK"
1665,9859,747,404,No,23,2,カート用延長フラグ,Extension SoftBank 601HW BLACK,1,,,,,,,,*,sk/img001-ex.jpg,*,sk/img001-ex.jpg,,,,,,,,,,,,,,,,,,,,,,,0,1,en_sk_ex_014,,1,,5850,5850,,5,,,,,,,,,,,,,,,,,"23,24","NEW extension,Extension SoftBank 601HW BLACK"
1665,9861,747,405,No,24,2,カート用延長フラグ,Extension SoftBank 601HW BLACK,1,,,,,,,,*,sk/img001-ex.jpg,*,sk/img001-ex.jpg,,,,,,,,,,,,,,,,,,,,,,,0,1,en_sk_ex_014,,1,,5850,5850,,5,,,,,,,,,,,,,,,,,"23,24","NEW extension,Extension SoftBank 601HW BLACK"
1665,9863,747,406,No,25,2,カート用延長フラグ,Extension SoftBank 601HW BLACK,1,,,,,,,,*,sk/img001-ex.jpg,*,sk/img001-ex.jpg,,,,,,,,,,,,,,,,,,,,,,,0,1,en_sk_ex_014,,1,,5850,5850,,5,,,,,,,,,,,,,,,,,"23,24","NEW extension,Extension SoftBank 601HW BLACK"
1665,9865,747,407,No,26,2,カート用延長フラグ,Extension SoftBank 601HW BLACK,1,,,,,,,,*,sk/img001-ex.jpg,*,sk/img001-ex.jpg,,,,,,,,,,,,,,,,,,,,,,,0,1,en_sk_ex_014,,1,,5850,5850,,5,,,,,,,,,,,,,,,,,"23,24","NEW extension,Extension SoftBank 601HW BLACK"
1665,9867,747,408,No,27,2,カート用延長フラグ,Extension SoftBank 601HW BLACK,1,,,,,,,,*,sk/img001-ex.jpg,*,sk/img001-ex.jpg,,,,,,,,,,,,,,,,,,,,,,,0,1,en_sk_ex_014,,1,,5850,5850,,5,,,,,,,,,,,,,,,,,"23,24","NEW extension,Extension SoftBank 601HW BLACK"
1665,9869,747,409,No,28,2,カート用延長フラグ,Extension SoftBank 601HW BLACK,1,,,,,,,,*,sk/img001-ex.jpg,*,sk/img001-ex.jpg,,,,,,,,,,,,,,,,,,,,,,,0,1,en_sk_ex_014,,1,,5850,5850,,5,,,,,,,,,,,,,,,,,"23,24","NEW extension,Extension SoftBank 601HW BLACK"
1665,9871,747,410,No,29,2,カート用延長フラグ,Extension SoftBank 601HW BLACK,1,,,,,,,,*,sk/img001-ex.jpg,*,sk/img001-ex.jpg,,,,,,,,,,,,,,,,,,,,,,,0,1,en_sk_ex_014,,1,,5850,5850,,5,,,,,,,,,,,,,,,,,"23,24","NEW extension,Extension SoftBank 601HW BLACK"
1665,9873,747,411,No,30,2,カート用延長フラグ,Extension SoftBank 601HW BLACK,1,,,,,,,,*,sk/img001-ex.jpg,*,sk/img001-ex.jpg,,,,,,,,,,,,,,,,,,,,,,,0,1,en_sk_ex_014,,1,,5850,5850,,5,,,,,,,,,,,,,,,,,"23,24","NEW extension,Extension SoftBank 601HW BLACK"
1665,9875,747,412,No,31,2,カート用延長フラグ,Extension SoftBank 601HW BLACK,1,,,,,,,,*,sk/img001-ex.jpg,*,sk/img001-ex.jpg,,,,,,,,,,,,,,,,,,,,,,,0,1,en_sk_ex_031,,1,,6240,6240,,5,,,,,,,,,,,,,,,,,"23,24","NEW extension,Extension SoftBank 601HW BLACK"
1665,9877,747,413,No,32,2,カート用延長フラグ,Extension SoftBank 601HW BLACK,1,,,,,,,,*,sk/img001-ex.jpg,*,sk/img001-ex.jpg,,,,,,,,,,,,,,,,,,,,,,,0,1,en_sk_ex_032,,1,,6630,6630,,5,,,,,,,,,,,,,,,,,"23,24","NEW extension,Extension SoftBank 601HW BLACK"
1665,9879,747,414,No,33,2,カート用延長フラグ,Extension SoftBank 601HW BLACK,1,,,,,,,,*,sk/img001-ex.jpg,*,sk/img001-ex.jpg,,,,,,,,,,,,,,,,,,,,,,,0,1,en_sk_ex_033,,1,,7020,7020,,5,,,,,,,,,,,,,,,,,"23,24","NEW extension,Extension SoftBank 601HW BLACK"
1665,9881,747,415,No,34,2,カート用延長フラグ,Extension SoftBank 601HW BLACK,1,,,,,,,,*,sk/img001-ex.jpg,*,sk/img001-ex.jpg,,,,,,,,,,,,,,,,,,,,,,,0,1,en_sk_ex_034,,1,,7410,7410,,5,,,,,,,,,,,,,,,,,"23,24","NEW extension,Extension SoftBank 601HW BLACK"
1665,9883,747,416,No,35,2,カート用延長フラグ,Extension SoftBank 601HW BLACK,1,,,,,,,,*,sk/img001-ex.jpg,*,sk/img001-ex.jpg,,,,,,,,,,,,,,,,,,,,,,,0,1,en_sk_ex_035,,1,,7800,7800,,5,,,,,,,,,,,,,,,,,"23,24","NEW extension,Extension SoftBank 601HW BLACK"
1665,9885,747,417,No,36,2,カート用延長フラグ,Extension SoftBank 601HW BLACK,1,,,,,,,,*,sk/img001-ex.jpg,*,sk/img001-ex.jpg,,,,,,,,,,,,,,,,,,,,,,,0,1,en_sk_ex_036,,1,,8190,8190,,5,,,,,,,,,,,,,,,,,"23,24","NEW extension,Extension SoftBank 601HW BLACK"
1665,9887,747,418,No,37,2,カート用延長フラグ,Extension SoftBank 601HW BLACK,1,,,,,,,,*,sk/img001-ex.jpg,*,sk/img001-ex.jpg,,,,,,,,,,,,,,,,,,,,,,,0,1,en_sk_ex_037,,1,,8580,8580,,5,,,,,,,,,,,,,,,,,"23,24","NEW extension,Extension SoftBank 601HW BLACK"
1665,9889,747,419,No,38,2,カート用延長フラグ,Extension SoftBank 601HW BLACK,1,,,,,,,,*,sk/img001-ex.jpg,*,sk/img001-ex.jpg,,,,,,,,,,,,,,,,,,,,,,,0,1,en_sk_ex_038,,1,,8970,8970,,5,,,,,,,,,,,,,,,,,"23,24","NEW extension,Extension SoftBank 601HW BLACK"
1665,9891,747,420,No,39,2,カート用延長フラグ,Extension SoftBank 601HW BLACK,1,,,,,,,,*,sk/img001-ex.jpg,*,sk/img001-ex.jpg,,,,,,,,,,,,,,,,,,,,,,,0,1,en_sk_ex_039,,1,,9360,9360,,5,,,,,,,,,,,,,,,,,"23,24","NEW extension,Extension SoftBank 601HW BLACK"
1665,9893,747,421,No,40,2,カート用延長フラグ,Extension SoftBank 601HW BLACK,1,,,,,,,,*,sk/img001-ex.jpg,*,sk/img001-ex.jpg,,,,,,,,,,,,,,,,,,,,,,,0,1,en_sk_ex_040,,1,,9750,9750,,5,,,,,,,,,,,,,,,,,"23,24","NEW extension,Extension SoftBank 601HW BLACK"
1665,9895,747,422,No,41,2,カート用延長フラグ,Extension SoftBank 601HW BLACK,1,,,,,,,,*,sk/img001-ex.jpg,*,sk/img001-ex.jpg,,,,,,,,,,,,,,,,,,,,,,,0,1,en_sk_ex_041,,1,,10140,10140,,5,,,,,,,,,,,,,,,,,"23,24","NEW extension,Extension SoftBank 601HW BLACK"
1665,9897,747,423,No,42,2,カート用延長フラグ,Extension SoftBank 601HW BLACK,1,,,,,,,,*,sk/img001-ex.jpg,*,sk/img001-ex.jpg,,,,,,,,,,,,,,,,,,,,,,,0,1,en_sk_ex_060,,1,,10400,10400,,5,,,,,,,,,,,,,,,,,"23,24","NEW extension,Extension SoftBank 601HW BLACK"
1665,9899,747,424,No,43,2,カート用延長フラグ,Extension SoftBank 601HW BLACK,1,,,,,,,,*,sk/img001-ex.jpg,*,sk/img001-ex.jpg,,,,,,,,,,,,,,,,,,,,,,,0,1,en_sk_ex_060,,1,,10400,10400,,5,,,,,,,,,,,,,,,,,"23,24","NEW extension,Extension SoftBank 601HW BLACK"
1665,9901,747,425,No,44,2,カート用延長フラグ,Extension SoftBank 601HW BLACK,1,,,,,,,,*,sk/img001-ex.jpg,*,sk/img001-ex.jpg,,,,,,,,,,,,,,,,,,,,,,,0,1,en_sk_ex_060,,1,,10400,10400,,5,,,,,,,,,,,,,,,,,"23,24","NEW extension,Extension SoftBank 601HW BLACK"
1665,9903,747,426,No,45,2,カート用延長フラグ,Extension SoftBank 601HW BLACK,1,,,,,,,,*,sk/img001-ex.jpg,*,sk/img001-ex.jpg,,,,,,,,,,,,,,,,,,,,,,,0,1,en_sk_ex_060,,1,,10400,10400,,5,,,,,,,,,,,,,,,,,"23,24","NEW extension,Extension SoftBank 601HW BLACK"
1665,9905,747,427,No,46,2,カート用延長フラグ,Extension SoftBank 601HW BLACK,1,,,,,,,,*,sk/img001-ex.jpg,*,sk/img001-ex.jpg,,,,,,,,,,,,,,,,,,,,,,,0,1,en_sk_ex_060,,1,,10400,10400,,5,,,,,,,,,,,,,,,,,"23,24","NEW extension,Extension SoftBank 601HW BLACK"
1665,9907,747,428,No,47,2,カート用延長フラグ,Extension SoftBank 601HW BLACK,1,,,,,,,,*,sk/img001-ex.jpg,*,sk/img001-ex.jpg,,,,,,,,,,,,,,,,,,,,,,,0,1,en_sk_ex_060,,1,,10400,10400,,5,,,,,,,,,,,,,,,,,"23,24","NEW extension,Extension SoftBank 601HW BLACK"
1665,9909,747,429,No,48,2,カート用延長フラグ,Extension SoftBank 601HW BLACK,1,,,,,,,,*,sk/img001-ex.jpg,*,sk/img001-ex.jpg,,,,,,,,,,,,,,,,,,,,,,,0,1,en_sk_ex_060,,1,,10400,10400,,5,,,,,,,,,,,,,,,,,"23,24","NEW extension,Extension SoftBank 601HW BLACK"
1665,9911,747,430,No,49,2,カート用延長フラグ,Extension SoftBank 601HW BLACK,1,,,,,,,,*,sk/img001-ex.jpg,*,sk/img001-ex.jpg,,,,,,,,,,,,,,,,,,,,,,,0,1,en_sk_ex_060,,1,,10400,10400,,5,,,,,,,,,,,,,,,,,"23,24","NEW extension,Extension SoftBank 601HW BLACK"
1665,9913,747,431,No,50,2,カート用延長フラグ,Extension SoftBank 601HW BLACK,1,,,,,,,,*,sk/img001-ex.jpg,*,sk/img001-ex.jpg,,,,,,,,,,,,,,,,,,,,,,,0,1,en_sk_ex_060,,1,,10400,10400,,5,,,,,,,,,,,,,,,,,"23,24","NEW extension,Extension SoftBank 601HW BLACK"
1665,9915,747,432,No,51,2,カート用延長フラグ,Extension SoftBank 601HW BLACK,1,,,,,,,,*,sk/img001-ex.jpg,*,sk/img001-ex.jpg,,,,,,,,,,,,,,,,,,,,,,,0,1,en_sk_ex_060,,1,,10400,10400,,5,,,,,,,,,,,,,,,,,"23,24","NEW extension,Extension SoftBank 601HW BLACK"
1665,9917,747,433,No,52,2,カート用延長フラグ,Extension SoftBank 601HW BLACK,1,,,,,,,,*,sk/img001-ex.jpg,*,sk/img001-ex.jpg,,,,,,,,,,,,,,,,,,,,,,,0,1,en_sk_ex_060,,1,,10400,10400,,5,,,,,,,,,,,,,,,,,"23,24","NEW extension,Extension SoftBank 601HW BLACK"
1665,9919,747,434,No,53,2,カート用延長フラグ,Extension SoftBank 601HW BLACK,1,,,,,,,,*,sk/img001-ex.jpg,*,sk/img001-ex.jpg,,,,,,,,,,,,,,,,,,,,,,,0,1,en_sk_ex_060,,1,,10400,10400,,5,,,,,,,,,,,,,,,,,"23,24","NEW extension,Extension SoftBank 601HW BLACK"
1665,9921,747,435,No,54,2,カート用延長フラグ,Extension SoftBank 601HW BLACK,1,,,,,,,,*,sk/img001-ex.jpg,*,sk/img001-ex.jpg,,,,,,,,,,,,,,,,,,,,,,,0,1,en_sk_ex_060,,1,,10400,10400,,5,,,,,,,,,,,,,,,,,"23,24","NEW extension,Extension SoftBank 601HW BLACK"
1665,9923,747,436,No,55,2,カート用延長フラグ,Extension SoftBank 601HW BLACK,1,,,,,,,,*,sk/img001-ex.jpg,*,sk/img001-ex.jpg,,,,,,,,,,,,,,,,,,,,,,,0,1,en_sk_ex_060,,1,,10400,10400,,5,,,,,,,,,,,,,,,,,"23,24","NEW extension,Extension SoftBank 601HW BLACK"
1665,9925,747,437,No,56,2,カート用延長フラグ,Extension SoftBank 601HW BLACK,1,,,,,,,,*,sk/img001-ex.jpg,*,sk/img001-ex.jpg,,,,,,,,,,,,,,,,,,,,,,,0,1,en_sk_ex_060,,1,,10400,10400,,5,,,,,,,,,,,,,,,,,"23,24","NEW extension,Extension SoftBank 601HW BLACK"
1665,9927,747,438,No,57,2,カート用延長フラグ,Extension SoftBank 601HW BLACK,1,,,,,,,,*,sk/img001-ex.jpg,*,sk/img001-ex.jpg,,,,,,,,,,,,,,,,,,,,,,,0,1,en_sk_ex_060,,1,,10400,10400,,5,,,,,,,,,,,,,,,,,"23,24","NEW extension,Extension SoftBank 601HW BLACK"
1665,9929,747,439,No,58,2,カート用延長フラグ,Extension SoftBank 601HW BLACK,1,,,,,,,,*,sk/img001-ex.jpg,*,sk/img001-ex.jpg,,,,,,,,,,,,,,,,,,,,,,,0,1,en_sk_ex_060,,1,,10400,10400,,5,,,,,,,,,,,,,,,,,"23,24","NEW extension,Extension SoftBank 601HW BLACK"
1665,9931,747,440,No,59,2,カート用延長フラグ,Extension SoftBank 601HW BLACK,1,,,,,,,,*,sk/img001-ex.jpg,*,sk/img001-ex.jpg,,,,,,,,,,,,,,,,,,,,,,,0,1,en_sk_ex_060,,1,,10400,10400,,5,,,,,,,,,,,,,,,,,"23,24","NEW extension,Extension SoftBank 601HW BLACK"
1665,9933,747,441,No,60,2,カート用延長フラグ,Extension SoftBank 601HW BLACK,1,,,,,,,,*,sk/img001-ex.jpg,*,sk/img001-ex.jpg,,,,,,,,,,,,,,,,,,,,,,,0,1,en_sk_ex_060,,1,,10400,10400,,5,,,,,,,,,,,,,,,,,"23,24","NEW extension,Extension SoftBank 601HW BLACK"
1665,9935,747,442,No,61,2,カート用延長フラグ,Extension SoftBank 601HW BLACK,1,,,,,,,,*,sk/img001-ex.jpg,*,sk/img001-ex.jpg,,,,,,,,,,,,,,,,,,,,,,,0,1,en_sk_ex_061,,1,,10790,10790,,5,,,,,,,,,,,,,,,,,"23,24","NEW extension,Extension SoftBank 601HW BLACK"
1665,9937,747,443,No,62,2,カート用延長フラグ,Extension SoftBank 601HW BLACK,1,,,,,,,,*,sk/img001-ex.jpg,*,sk/img001-ex.jpg,,,,,,,,,,,,,,,,,,,,,,,0,1,en_sk_ex_062,,1,,11180,11180,,5,,,,,,,,,,,,,,,,,"23,24","NEW extension,Extension SoftBank 601HW BLACK"
1665,9939,747,444,No,63,2,カート用延長フラグ,Extension SoftBank 601HW BLACK,1,,,,,,,,*,sk/img001-ex.jpg,*,sk/img001-ex.jpg,,,,,,,,,,,,,,,,,,,,,,,0,1,en_sk_ex_063,,1,,11570,11570,,5,,,,,,,,,,,,,,,,,"23,24","NEW extension,Extension SoftBank 601HW BLACK"
1665,9941,747,445,No,64,2,カート用延長フラグ,Extension SoftBank 601HW BLACK,1,,,,,,,,*,sk/img001-ex.jpg,*,sk/img001-ex.jpg,,,,,,,,,,,,,,,,,,,,,,,0,1,en_sk_ex_064,,1,,11960,11960,,5,,,,,,,,,,,,,,,,,"23,24","NEW extension,Extension SoftBank 601HW BLACK"
1665,9943,747,446,No,65,2,カート用延長フラグ,Extension SoftBank 601HW BLACK,1,,,,,,,,*,sk/img001-ex.jpg,*,sk/img001-ex.jpg,,,,,,,,,,,,,,,,,,,,,,,0,1,en_sk_ex_065,,1,,12350,12350,,5,,,,,,,,,,,,,,,,,"23,24","NEW extension,Extension SoftBank 601HW BLACK"
1665,9945,747,447,No,66,2,カート用延長フラグ,Extension SoftBank 601HW BLACK,1,,,,,,,,*,sk/img001-ex.jpg,*,sk/img001-ex.jpg,,,,,,,,,,,,,,,,,,,,,,,0,1,en_sk_ex_066,,1,,12740,12740,,5,,,,,,,,,,,,,,,,,"23,24","NEW extension,Extension SoftBank 601HW BLACK"
1665,9947,747,448,No,67,2,カート用延長フラグ,Extension SoftBank 601HW BLACK,1,,,,,,,,*,sk/img001-ex.jpg,*,sk/img001-ex.jpg,,,,,,,,,,,,,,,,,,,,,,,0,1,en_sk_ex_067,,1,,13130,13130,,5,,,,,,,,,,,,,,,,,"23,24","NEW extension,Extension SoftBank 601HW BLACK"
1665,9949,747,449,No,68,2,カート用延長フラグ,Extension SoftBank 601HW BLACK,1,,,,,,,,*,sk/img001-ex.jpg,*,sk/img001-ex.jpg,,,,,,,,,,,,,,,,,,,,,,,0,1,en_sk_ex_068,,1,,13520,13520,,5,,,,,,,,,,,,,,,,,"23,24","NEW extension,Extension SoftBank 601HW BLACK"
1665,9951,747,450,No,69,2,カート用延長フラグ,Extension SoftBank 601HW BLACK,1,,,,,,,,*,sk/img001-ex.jpg,*,sk/img001-ex.jpg,,,,,,,,,,,,,,,,,,,,,,,0,1,en_sk_ex_069,,1,,13910,13910,,5,,,,,,,,,,,,,,,,,"23,24","NEW extension,Extension SoftBank 601HW BLACK"
1665,9953,747,451,No,70,2,カート用延長フラグ,Extension SoftBank 601HW BLACK,1,,,,,,,,*,sk/img001-ex.jpg,*,sk/img001-ex.jpg,,,,,,,,,,,,,,,,,,,,,,,0,1,en_sk_ex_070,,1,,14300,14300,,5,,,,,,,,,,,,,,,,,"23,24","NEW extension,Extension SoftBank 601HW BLACK"
1665,9955,747,452,No,71,2,カート用延長フラグ,Extension SoftBank 601HW BLACK,1,,,,,,,,*,sk/img001-ex.jpg,*,sk/img001-ex.jpg,,,,,,,,,,,,,,,,,,,,,,,0,1,en_sk_ex_090,,1,,14600,14600,,5,,,,,,,,,,,,,,,,,"23,24","NEW extension,Extension SoftBank 601HW BLACK"
1665,9957,747,453,No,72,2,カート用延長フラグ,Extension SoftBank 601HW BLACK,1,,,,,,,,*,sk/img001-ex.jpg,*,sk/img001-ex.jpg,,,,,,,,,,,,,,,,,,,,,,,0,1,en_sk_ex_090,,1,,14600,14600,,5,,,,,,,,,,,,,,,,,"23,24","NEW extension,Extension SoftBank 601HW BLACK"
1665,9959,747,454,No,73,2,カート用延長フラグ,Extension SoftBank 601HW BLACK,1,,,,,,,,*,sk/img001-ex.jpg,*,sk/img001-ex.jpg,,,,,,,,,,,,,,,,,,,,,,,0,1,en_sk_ex_090,,1,,14600,14600,,5,,,,,,,,,,,,,,,,,"23,24","NEW extension,Extension SoftBank 601HW BLACK"
1665,9961,747,455,No,74,2,カート用延長フラグ,Extension SoftBank 601HW BLACK,1,,,,,,,,*,sk/img001-ex.jpg,*,sk/img001-ex.jpg,,,,,,,,,,,,,,,,,,,,,,,0,1,en_sk_ex_090,,1,,14600,14600,,5,,,,,,,,,,,,,,,,,"23,24","NEW extension,Extension SoftBank 601HW BLACK"
1665,9963,747,456,No,75,2,カート用延長フラグ,Extension SoftBank 601HW BLACK,1,,,,,,,,*,sk/img001-ex.jpg,*,sk/img001-ex.jpg,,,,,,,,,,,,,,,,,,,,,,,0,1,en_sk_ex_090,,1,,14600,14600,,5,,,,,,,,,,,,,,,,,"23,24","NEW extension,Extension SoftBank 601HW BLACK"
1665,9965,747,457,No,76,2,カート用延長フラグ,Extension SoftBank 601HW BLACK,1,,,,,,,,*,sk/img001-ex.jpg,*,sk/img001-ex.jpg,,,,,,,,,,,,,,,,,,,,,,,0,1,en_sk_ex_090,,1,,14600,14600,,5,,,,,,,,,,,,,,,,,"23,24","NEW extension,Extension SoftBank 601HW BLACK"
1665,9967,747,458,No,77,2,カート用延長フラグ,Extension SoftBank 601HW BLACK,1,,,,,,,,*,sk/img001-ex.jpg,*,sk/img001-ex.jpg,,,,,,,,,,,,,,,,,,,,,,,0,1,en_sk_ex_090,,1,,14600,14600,,5,,,,,,,,,,,,,,,,,"23,24","NEW extension,Extension SoftBank 601HW BLACK"
1665,9969,747,459,No,78,2,カート用延長フラグ,Extension SoftBank 601HW BLACK,1,,,,,,,,*,sk/img001-ex.jpg,*,sk/img001-ex.jpg,,,,,,,,,,,,,,,,,,,,,,,0,1,en_sk_ex_090,,1,,14600,14600,,5,,,,,,,,,,,,,,,,,"23,24","NEW extension,Extension SoftBank 601HW BLACK"
1665,9971,747,460,No,79,2,カート用延長フラグ,Extension SoftBank 601HW BLACK,1,,,,,,,,*,sk/img001-ex.jpg,*,sk/img001-ex.jpg,,,,,,,,,,,,,,,,,,,,,,,0,1,en_sk_ex_090,,1,,14600,14600,,5,,,,,,,,,,,,,,,,,"23,24","NEW extension,Extension SoftBank 601HW BLACK"
1665,9973,747,461,No,80,2,カート用延長フラグ,Extension SoftBank 601HW BLACK,1,,,,,,,,*,sk/img001-ex.jpg,*,sk/img001-ex.jpg,,,,,,,,,,,,,,,,,,,,,,,0,1,en_sk_ex_090,,1,,14600,14600,,5,,,,,,,,,,,,,,,,,"23,24","NEW extension,Extension SoftBank 601HW BLACK"
1665,9975,747,462,No,81,2,カート用延長フラグ,Extension SoftBank 601HW BLACK,1,,,,,,,,*,sk/img001-ex.jpg,*,sk/img001-ex.jpg,,,,,,,,,,,,,,,,,,,,,,,0,1,en_sk_ex_090,,1,,14600,14600,,5,,,,,,,,,,,,,,,,,"23,24","NEW extension,Extension SoftBank 601HW BLACK"
1665,9977,747,463,No,82,2,カート用延長フラグ,Extension SoftBank 601HW BLACK,1,,,,,,,,*,sk/img001-ex.jpg,*,sk/img001-ex.jpg,,,,,,,,,,,,,,,,,,,,,,,0,1,en_sk_ex_090,,1,,14600,14600,,5,,,,,,,,,,,,,,,,,"23,24","NEW extension,Extension SoftBank 601HW BLACK"
1665,9979,747,464,No,83,2,カート用延長フラグ,Extension SoftBank 601HW BLACK,1,,,,,,,,*,sk/img001-ex.jpg,*,sk/img001-ex.jpg,,,,,,,,,,,,,,,,,,,,,,,0,1,en_sk_ex_090,,1,,14600,14600,,5,,,,,,,,,,,,,,,,,"23,24","NEW extension,Extension SoftBank 601HW BLACK"
1665,9981,747,465,No,84,2,カート用延長フラグ,Extension SoftBank 601HW BLACK,1,,,,,,,,*,sk/img001-ex.jpg,*,sk/img001-ex.jpg,,,,,,,,,,,,,,,,,,,,,,,0,1,en_sk_ex_090,,1,,14600,14600,,5,,,,,,,,,,,,,,,,,"23,24","NEW extension,Extension SoftBank 601HW BLACK"
1665,9983,747,466,No,85,2,カート用延長フラグ,Extension SoftBank 601HW BLACK,1,,,,,,,,*,sk/img001-ex.jpg,*,sk/img001-ex.jpg,,,,,,,,,,,,,,,,,,,,,,,0,1,en_sk_ex_090,,1,,14600,14600,,5,,,,,,,,,,,,,,,,,"23,24","NEW extension,Extension SoftBank 601HW BLACK"
1665,9985,747,467,No,86,2,カート用延長フラグ,Extension SoftBank 601HW BLACK,1,,,,,,,,*,sk/img001-ex.jpg,*,sk/img001-ex.jpg,,,,,,,,,,,,,,,,,,,,,,,0,1,en_sk_ex_090,,1,,14600,14600,,5,,,,,,,,,,,,,,,,,"23,24","NEW extension,Extension SoftBank 601HW BLACK"
1665,9987,747,468,No,87,2,カート用延長フラグ,Extension SoftBank 601HW BLACK,1,,,,,,,,*,sk/img001-ex.jpg,*,sk/img001-ex.jpg,,,,,,,,,,,,,,,,,,,,,,,0,1,en_sk_ex_090,,1,,14600,14600,,5,,,,,,,,,,,,,,,,,"23,24","NEW extension,Extension SoftBank 601HW BLACK"
1665,9989,747,469,No,88,2,カート用延長フラグ,Extension SoftBank 601HW BLACK,1,,,,,,,,*,sk/img001-ex.jpg,*,sk/img001-ex.jpg,,,,,,,,,,,,,,,,,,,,,,,0,1,en_sk_ex_090,,1,,14600,14600,,5,,,,,,,,,,,,,,,,,"23,24","NEW extension,Extension SoftBank 601HW BLACK"
1665,9991,747,470,No,89,2,カート用延長フラグ,Extension SoftBank 601HW BLACK,1,,,,,,,,*,sk/img001-ex.jpg,*,sk/img001-ex.jpg,,,,,,,,,,,,,,,,,,,,,,,0,1,en_sk_ex_090,,1,,14600,14600,,5,,,,,,,,,,,,,,,,,"23,24","NEW extension,Extension SoftBank 601HW BLACK"
1665,9993,747,471,No,90,2,カート用延長フラグ,Extension SoftBank 601HW BLACK,1,,,,,,,,*,sk/img001-ex.jpg,*,sk/img001-ex.jpg,,,,,,,,,,,,,,,,,,,,,,,0,1,en_sk_ex_090,,1,,14600,14600,,5,,,,,,,,,,,,,,,,,"23,24","NEW extension,Extension SoftBank 601HW BLACK"
1665,9995,747,472,No,91,2,カート用延長フラグ,Extension SoftBank 601HW BLACK,1,,,,,,,,*,sk/img001-ex.jpg,*,sk/img001-ex.jpg,,,,,,,,,,,,,,,,,,,,,,,0,1,en_sk_ex_091,,1,,14990,14990,,5,,,,,,,,,,,,,,,,,"23,24","NEW extension,Extension SoftBank 601HW BLACK"
1665,9997,747,473,No,92,2,カート用延長フラグ,Extension SoftBank 601HW BLACK,1,,,,,,,,*,sk/img001-ex.jpg,*,sk/img001-ex.jpg,,,,,,,,,,,,,,,,,,,,,,,0,1,en_sk_ex_092,,1,,15380,15380,,5,,,,,,,,,,,,,,,,,"23,24","NEW extension,Extension SoftBank 601HW BLACK"
1665,9999,747,474,No,93,2,カート用延長フラグ,Extension SoftBank 601HW BLACK,1,,,,,,,,*,sk/img001-ex.jpg,*,sk/img001-ex.jpg,,,,,,,,,,,,,,,,,,,,,,,0,1,en_sk_ex_093,,1,,15770,15770,,5,,,,,,,,,,,,,,,,,"23,24","NEW extension,Extension SoftBank 601HW BLACK"
1665,10001,747,475,No,94,2,カート用延長フラグ,Extension SoftBank 601HW BLACK,1,,,,,,,,*,sk/img001-ex.jpg,*,sk/img001-ex.jpg,,,,,,,,,,,,,,,,,,,,,,,0,1,en_sk_ex_094,,1,,16160,16160,,5,,,,,,,,,,,,,,,,,"23,24","NEW extension,Extension SoftBank 601HW BLACK"
1665,10003,747,476,No,95,2,カート用延長フラグ,Extension SoftBank 601HW BLACK,1,,,,,,,,*,sk/img001-ex.jpg,*,sk/img001-ex.jpg,,,,,,,,,,,,,,,,,,,,,,,0,1,en_sk_ex_095,,1,,16550,16550,,5,,,,,,,,,,,,,,,,,"23,24","NEW extension,Extension SoftBank 601HW BLACK"
1665,10005,747,477,No,96,2,カート用延長フラグ,Extension SoftBank 601HW BLACK,1,,,,,,,,*,sk/img001-ex.jpg,*,sk/img001-ex.jpg,,,,,,,,,,,,,,,,,,,,,,,0,1,en_sk_ex_096,,1,,16940,16940,,5,,,,,,,,,,,,,,,,,"23,24","NEW extension,Extension SoftBank 601HW BLACK"
1665,10007,747,478,No,97,2,カート用延長フラグ,Extension SoftBank 601HW BLACK,1,,,,,,,,*,sk/img001-ex.jpg,*,sk/img001-ex.jpg,,,,,,,,,,,,,,,,,,,,,,,0,1,en_sk_ex_097,,1,,17330,17330,,5,,,,,,,,,,,,,,,,,"23,24","NEW extension,Extension SoftBank 601HW BLACK"
1665,10009,747,479,No,98,2,カート用延長フラグ,Extension SoftBank 601HW BLACK,1,,,,,,,,*,sk/img001-ex.jpg,*,sk/img001-ex.jpg,,,,,,,,,,,,,,,,,,,,,,,0,1,en_sk_ex_098,,1,,17720,17720,,5,,,,,,,,,,,,,,,,,"23,24","NEW extension,Extension SoftBank 601HW BLACK"
1665,10011,747,480,No,99,2,カート用延長フラグ,Extension SoftBank 601HW BLACK,1,,,,,,,,*,sk/img001-ex.jpg,*,sk/img001-ex.jpg,,,,,,,,,,,,,,,,,,,,,,,0,1,en_sk_ex_099,,1,,18110,18110,,5,,,,,,,,,,,,,,,,,"23,24","NEW extension,Extension SoftBank 601HW BLACK"
1665,10013,747,481,No,100,2,カート用延長フラグ,Extension SoftBank 601HW BLACK,1,,,,,,,,*,sk/img001-ex.jpg,*,sk/img001-ex.jpg,,,,,,,,,,,,,,,,,,,,,,,0,1,en_sk_ex_100,,1,,18500,18500,,5,,,,,,,,,,,,,,,,,"23,24","NEW extension,Extension SoftBank 601HW BLACK"
1665,10015,747,482,No,101,2,カート用延長フラグ,Extension SoftBank 601HW BLACK,1,,,,,,,,*,sk/img001-ex.jpg,*,sk/img001-ex.jpg,,,,,,,,,,,,,,,,,,,,,,,0,1,en_sk_ex_120,,1,,18800,18800,,5,,,,,,,,,,,,,,,,,"23,24","NEW extension,Extension SoftBank 601HW BLACK"
1665,10017,747,483,No,102,2,カート用延長フラグ,Extension SoftBank 601HW BLACK,1,,,,,,,,*,sk/img001-ex.jpg,*,sk/img001-ex.jpg,,,,,,,,,,,,,,,,,,,,,,,0,1,en_sk_ex_120,,1,,18800,18800,,5,,,,,,,,,,,,,,,,,"23,24","NEW extension,Extension SoftBank 601HW BLACK"
1665,10019,747,484,No,103,2,カート用延長フラグ,Extension SoftBank 601HW BLACK,1,,,,,,,,*,sk/img001-ex.jpg,*,sk/img001-ex.jpg,,,,,,,,,,,,,,,,,,,,,,,0,1,en_sk_ex_120,,1,,18800,18800,,5,,,,,,,,,,,,,,,,,"23,24","NEW extension,Extension SoftBank 601HW BLACK"
1665,10021,747,485,No,104,2,カート用延長フラグ,Extension SoftBank 601HW BLACK,1,,,,,,,,*,sk/img001-ex.jpg,*,sk/img001-ex.jpg,,,,,,,,,,,,,,,,,,,,,,,0,1,en_sk_ex_120,,1,,18800,18800,,5,,,,,,,,,,,,,,,,,"23,24","NEW extension,Extension SoftBank 601HW BLACK"
1665,10023,747,486,No,105,2,カート用延長フラグ,Extension SoftBank 601HW BLACK,1,,,,,,,,*,sk/img001-ex.jpg,*,sk/img001-ex.jpg,,,,,,,,,,,,,,,,,,,,,,,0,1,en_sk_ex_120,,1,,18800,18800,,5,,,,,,,,,,,,,,,,,"23,24","NEW extension,Extension SoftBank 601HW BLACK"
1665,10025,747,487,No,106,2,カート用延長フラグ,Extension SoftBank 601HW BLACK,1,,,,,,,,*,sk/img001-ex.jpg,*,sk/img001-ex.jpg,,,,,,,,,,,,,,,,,,,,,,,0,1,en_sk_ex_120,,1,,18800,18800,,5,,,,,,,,,,,,,,,,,"23,24","NEW extension,Extension SoftBank 601HW BLACK"
1665,10027,747,488,No,107,2,カート用延長フラグ,Extension SoftBank 601HW BLACK,1,,,,,,,,*,sk/img001-ex.jpg,*,sk/img001-ex.jpg,,,,,,,,,,,,,,,,,,,,,,,0,1,en_sk_ex_120,,1,,18800,18800,,5,,,,,,,,,,,,,,,,,"23,24","NEW extension,Extension SoftBank 601HW BLACK"
1665,10029,747,489,No,108,2,カート用延長フラグ,Extension SoftBank 601HW BLACK,1,,,,,,,,*,sk/img001-ex.jpg,*,sk/img001-ex.jpg,,,,,,,,,,,,,,,,,,,,,,,0,1,en_sk_ex_120,,1,,18800,18800,,5,,,,,,,,,,,,,,,,,"23,24","NEW extension,Extension SoftBank 601HW BLACK"
1665,10031,747,490,No,109,2,カート用延長フラグ,Extension SoftBank 601HW BLACK,1,,,,,,,,*,sk/img001-ex.jpg,*,sk/img001-ex.jpg,,,,,,,,,,,,,,,,,,,,,,,0,1,en_sk_ex_120,,1,,18800,18800,,5,,,,,,,,,,,,,,,,,"23,24","NEW extension,Extension SoftBank 601HW BLACK"
1665,10033,747,491,No,110,2,カート用延長フラグ,Extension SoftBank 601HW BLACK,1,,,,,,,,*,sk/img001-ex.jpg,*,sk/img001-ex.jpg,,,,,,,,,,,,,,,,,,,,,,,0,1,en_sk_ex_120,,1,,18800,18800,,5,,,,,,,,,,,,,,,,,"23,24","NEW extension,Extension SoftBank 601HW BLACK"
1665,10035,747,492,No,111,2,カート用延長フラグ,Extension SoftBank 601HW BLACK,1,,,,,,,,*,sk/img001-ex.jpg,*,sk/img001-ex.jpg,,,,,,,,,,,,,,,,,,,,,,,0,1,en_sk_ex_120,,1,,18800,18800,,5,,,,,,,,,,,,,,,,,"23,24","NEW extension,Extension SoftBank 601HW BLACK"
1665,10037,747,493,No,112,2,カート用延長フラグ,Extension SoftBank 601HW BLACK,1,,,,,,,,*,sk/img001-ex.jpg,*,sk/img001-ex.jpg,,,,,,,,,,,,,,,,,,,,,,,0,1,en_sk_ex_120,,1,,18800,18800,,5,,,,,,,,,,,,,,,,,"23,24","NEW extension,Extension SoftBank 601HW BLACK"
1665,10039,747,494,No,113,2,カート用延長フラグ,Extension SoftBank 601HW BLACK,1,,,,,,,,*,sk/img001-ex.jpg,*,sk/img001-ex.jpg,,,,,,,,,,,,,,,,,,,,,,,0,1,en_sk_ex_120,,1,,18800,18800,,5,,,,,,,,,,,,,,,,,"23,24","NEW extension,Extension SoftBank 601HW BLACK"
1665,10041,747,495,No,114,2,カート用延長フラグ,Extension SoftBank 601HW BLACK,1,,,,,,,,*,sk/img001-ex.jpg,*,sk/img001-ex.jpg,,,,,,,,,,,,,,,,,,,,,,,0,1,en_sk_ex_120,,1,,18800,18800,,5,,,,,,,,,,,,,,,,,"23,24","NEW extension,Extension SoftBank 601HW BLACK"
1665,10043,747,496,No,115,2,カート用延長フラグ,Extension SoftBank 601HW BLACK,1,,,,,,,,*,sk/img001-ex.jpg,*,sk/img001-ex.jpg,,,,,,,,,,,,,,,,,,,,,,,0,1,en_sk_ex_120,,1,,18800,18800,,5,,,,,,,,,,,,,,,,,"23,24","NEW extension,Extension SoftBank 601HW BLACK"
1665,10045,747,497,No,116,2,カート用延長フラグ,Extension SoftBank 601HW BLACK,1,,,,,,,,*,sk/img001-ex.jpg,*,sk/img001-ex.jpg,,,,,,,,,,,,,,,,,,,,,,,0,1,en_sk_ex_120,,1,,18800,18800,,5,,,,,,,,,,,,,,,,,"23,24","NEW extension,Extension SoftBank 601HW BLACK"
1665,10047,747,498,No,117,2,カート用延長フラグ,Extension SoftBank 601HW BLACK,1,,,,,,,,*,sk/img001-ex.jpg,*,sk/img001-ex.jpg,,,,,,,,,,,,,,,,,,,,,,,0,1,en_sk_ex_120,,1,,18800,18800,,5,,,,,,,,,,,,,,,,,"23,24","NEW extension,Extension SoftBank 601HW BLACK"
1665,10049,747,499,No,118,2,カート用延長フラグ,Extension SoftBank 601HW BLACK,1,,,,,,,,*,sk/img001-ex.jpg,*,sk/img001-ex.jpg,,,,,,,,,,,,,,,,,,,,,,,0,1,en_sk_ex_120,,1,,18800,18800,,5,,,,,,,,,,,,,,,,,"23,24","NEW extension,Extension SoftBank 601HW BLACK"
1665,10051,747,500,No,119,2,カート用延長フラグ,Extension SoftBank 601HW BLACK,1,,,,,,,,*,sk/img001-ex.jpg,*,sk/img001-ex.jpg,,,,,,,,,,,,,,,,,,,,,,,0,1,en_sk_ex_120,,1,,18800,18800,,5,,,,,,,,,,,,,,,,,"23,24","NEW extension,Extension SoftBank 601HW BLACK"
1665,10053,747,501,No,120,2,カート用延長フラグ,Extension SoftBank 601HW BLACK,1,,,,,,,,*,sk/img001-ex.jpg,*,sk/img001-ex.jpg,,,,,,,,,,,,,,,,,,,,,,,0,1,en_sk_ex_120,,1,,18800,18800,,5,,,,,,,,,,,,,,,,,"23,24","NEW extension,Extension SoftBank 601HW BLACK"
1665,10055,747,502,No,121,2,カート用延長フラグ,Extension SoftBank 601HW BLACK,1,,,,,,,,*,sk/img001-ex.jpg,*,sk/img001-ex.jpg,,,,,,,,,,,,,,,,,,,,,,,0,1,en_sk_ex_121,,1,,19190,19190,,5,,,,,,,,,,,,,,,,,"23,24","NEW extension,Extension SoftBank 601HW BLACK"
1665,10057,747,503,No,122,2,カート用延長フラグ,Extension SoftBank 601HW BLACK,1,,,,,,,,*,sk/img001-ex.jpg,*,sk/img001-ex.jpg,,,,,,,,,,,,,,,,,,,,,,,0,1,en_sk_ex_122,,1,,19580,19580,,5,,,,,,,,,,,,,,,,,"23,24","NEW extension,Extension SoftBank 601HW BLACK"
1665,10059,747,504,No,123,2,カート用延長フラグ,Extension SoftBank 601HW BLACK,1,,,,,,,,*,sk/img001-ex.jpg,*,sk/img001-ex.jpg,,,,,,,,,,,,,,,,,,,,,,,0,1,en_sk_ex_123,,1,,19970,19970,,5,,,,,,,,,,,,,,,,,"23,24","NEW extension,Extension SoftBank 601HW BLACK"
1665,10061,747,505,No,124,2,カート用延長フラグ,Extension SoftBank 601HW BLACK,1,,,,,,,,*,sk/img001-ex.jpg,*,sk/img001-ex.jpg,,,,,,,,,,,,,,,,,,,,,,,0,1,en_sk_ex_124,,1,,20360,20360,,5,,,,,,,,,,,,,,,,,"23,24","NEW extension,Extension SoftBank 601HW BLACK"
1665,10063,747,506,No,125,2,カート用延長フラグ,Extension SoftBank 601HW BLACK,1,,,,,,,,*,sk/img001-ex.jpg,*,sk/img001-ex.jpg,,,,,,,,,,,,,,,,,,,,,,,0,1,en_sk_ex_125,,1,,20750,20750,,5,,,,,,,,,,,,,,,,,"23,24","NEW extension,Extension SoftBank 601HW BLACK"
1665,10065,747,507,No,126,2,カート用延長フラグ,Extension SoftBank 601HW BLACK,1,,,,,,,,*,sk/img001-ex.jpg,*,sk/img001-ex.jpg,,,,,,,,,,,,,,,,,,,,,,,0,1,en_sk_ex_150,,1,,20800,20800,,5,,,,,,,,,,,,,,,,,"23,24","NEW extension,Extension SoftBank 601HW BLACK"
1665,10067,747,508,No,127,2,カート用延長フラグ,Extension SoftBank 601HW BLACK,1,,,,,,,,*,sk/img001-ex.jpg,*,sk/img001-ex.jpg,,,,,,,,,,,,,,,,,,,,,,,0,1,en_sk_ex_150,,1,,20800,20800,,5,,,,,,,,,,,,,,,,,"23,24","NEW extension,Extension SoftBank 601HW BLACK"
1665,10069,747,509,No,128,2,カート用延長フラグ,Extension SoftBank 601HW BLACK,1,,,,,,,,*,sk/img001-ex.jpg,*,sk/img001-ex.jpg,,,,,,,,,,,,,,,,,,,,,,,0,1,en_sk_ex_150,,1,,20800,20800,,5,,,,,,,,,,,,,,,,,"23,24","NEW extension,Extension SoftBank 601HW BLACK"
1665,10071,747,510,No,129,2,カート用延長フラグ,Extension SoftBank 601HW BLACK,1,,,,,,,,*,sk/img001-ex.jpg,*,sk/img001-ex.jpg,,,,,,,,,,,,,,,,,,,,,,,0,1,en_sk_ex_150,,1,,20800,20800,,5,,,,,,,,,,,,,,,,,"23,24","NEW extension,Extension SoftBank 601HW BLACK"
1665,10073,747,511,No,130,2,カート用延長フラグ,Extension SoftBank 601HW BLACK,1,,,,,,,,*,sk/img001-ex.jpg,*,sk/img001-ex.jpg,,,,,,,,,,,,,,,,,,,,,,,0,1,en_sk_ex_150,,1,,20800,20800,,5,,,,,,,,,,,,,,,,,"23,24","NEW extension,Extension SoftBank 601HW BLACK"
1665,10075,747,512,No,131,2,カート用延長フラグ,Extension SoftBank 601HW BLACK,1,,,,,,,,*,sk/img001-ex.jpg,*,sk/img001-ex.jpg,,,,,,,,,,,,,,,,,,,,,,,0,1,en_sk_ex_150,,1,,20800,20800,,5,,,,,,,,,,,,,,,,,"23,24","NEW extension,Extension SoftBank 601HW BLACK"
1665,10077,747,513,No,132,2,カート用延長フラグ,Extension SoftBank 601HW BLACK,1,,,,,,,,*,sk/img001-ex.jpg,*,sk/img001-ex.jpg,,,,,,,,,,,,,,,,,,,,,,,0,1,en_sk_ex_150,,1,,20800,20800,,5,,,,,,,,,,,,,,,,,"23,24","NEW extension,Extension SoftBank 601HW BLACK"
1665,10079,747,514,No,133,2,カート用延長フラグ,Extension SoftBank 601HW BLACK,1,,,,,,,,*,sk/img001-ex.jpg,*,sk/img001-ex.jpg,,,,,,,,,,,,,,,,,,,,,,,0,1,en_sk_ex_150,,1,,20800,20800,,5,,,,,,,,,,,,,,,,,"23,24","NEW extension,Extension SoftBank 601HW BLACK"
1665,10081,747,515,No,134,2,カート用延長フラグ,Extension SoftBank 601HW BLACK,1,,,,,,,,*,sk/img001-ex.jpg,*,sk/img001-ex.jpg,,,,,,,,,,,,,,,,,,,,,,,0,1,en_sk_ex_150,,1,,20800,20800,,5,,,,,,,,,,,,,,,,,"23,24","NEW extension,Extension SoftBank 601HW BLACK"
1665,10083,747,516,No,135,2,カート用延長フラグ,Extension SoftBank 601HW BLACK,1,,,,,,,,*,sk/img001-ex.jpg,*,sk/img001-ex.jpg,,,,,,,,,,,,,,,,,,,,,,,0,1,en_sk_ex_150,,1,,20800,20800,,5,,,,,,,,,,,,,,,,,"23,24","NEW extension,Extension SoftBank 601HW BLACK"
1665,10085,747,517,No,136,2,カート用延長フラグ,Extension SoftBank 601HW BLACK,1,,,,,,,,*,sk/img001-ex.jpg,*,sk/img001-ex.jpg,,,,,,,,,,,,,,,,,,,,,,,0,1,en_sk_ex_150,,1,,20800,20800,,5,,,,,,,,,,,,,,,,,"23,24","NEW extension,Extension SoftBank 601HW BLACK"
1665,10087,747,518,No,137,2,カート用延長フラグ,Extension SoftBank 601HW BLACK,1,,,,,,,,*,sk/img001-ex.jpg,*,sk/img001-ex.jpg,,,,,,,,,,,,,,,,,,,,,,,0,1,en_sk_ex_150,,1,,20800,20800,,5,,,,,,,,,,,,,,,,,"23,24","NEW extension,Extension SoftBank 601HW BLACK"
1665,10089,747,519,No,138,2,カート用延長フラグ,Extension SoftBank 601HW BLACK,1,,,,,,,,*,sk/img001-ex.jpg,*,sk/img001-ex.jpg,,,,,,,,,,,,,,,,,,,,,,,0,1,en_sk_ex_150,,1,,20800,20800,,5,,,,,,,,,,,,,,,,,"23,24","NEW extension,Extension SoftBank 601HW BLACK"
1665,10091,747,520,No,139,2,カート用延長フラグ,Extension SoftBank 601HW BLACK,1,,,,,,,,*,sk/img001-ex.jpg,*,sk/img001-ex.jpg,,,,,,,,,,,,,,,,,,,,,,,0,1,en_sk_ex_150,,1,,20800,20800,,5,,,,,,,,,,,,,,,,,"23,24","NEW extension,Extension SoftBank 601HW BLACK"
1665,10093,747,521,No,140,2,カート用延長フラグ,Extension SoftBank 601HW BLACK,1,,,,,,,,*,sk/img001-ex.jpg,*,sk/img001-ex.jpg,,,,,,,,,,,,,,,,,,,,,,,0,1,en_sk_ex_150,,1,,20800,20800,,5,,,,,,,,,,,,,,,,,"23,24","NEW extension,Extension SoftBank 601HW BLACK"
1665,10095,747,522,No,141,2,カート用延長フラグ,Extension SoftBank 601HW BLACK,1,,,,,,,,*,sk/img001-ex.jpg,*,sk/img001-ex.jpg,,,,,,,,,,,,,,,,,,,,,,,0,1,en_sk_ex_150,,1,,20800,20800,,5,,,,,,,,,,,,,,,,,"23,24","NEW extension,Extension SoftBank 601HW BLACK"
1665,10097,747,523,No,142,2,カート用延長フラグ,Extension SoftBank 601HW BLACK,1,,,,,,,,*,sk/img001-ex.jpg,*,sk/img001-ex.jpg,,,,,,,,,,,,,,,,,,,,,,,0,1,en_sk_ex_150,,1,,20800,20800,,5,,,,,,,,,,,,,,,,,"23,24","NEW extension,Extension SoftBank 601HW BLACK"
1665,10099,747,524,No,143,2,カート用延長フラグ,Extension SoftBank 601HW BLACK,1,,,,,,,,*,sk/img001-ex.jpg,*,sk/img001-ex.jpg,,,,,,,,,,,,,,,,,,,,,,,0,1,en_sk_ex_150,,1,,20800,20800,,5,,,,,,,,,,,,,,,,,"23,24","NEW extension,Extension SoftBank 601HW BLACK"
1665,10101,747,525,No,144,2,カート用延長フラグ,Extension SoftBank 601HW BLACK,1,,,,,,,,*,sk/img001-ex.jpg,*,sk/img001-ex.jpg,,,,,,,,,,,,,,,,,,,,,,,0,1,en_sk_ex_150,,1,,20800,20800,,5,,,,,,,,,,,,,,,,,"23,24","NEW extension,Extension SoftBank 601HW BLACK"
1665,10103,747,526,No,145,2,カート用延長フラグ,Extension SoftBank 601HW BLACK,1,,,,,,,,*,sk/img001-ex.jpg,*,sk/img001-ex.jpg,,,,,,,,,,,,,,,,,,,,,,,0,1,en_sk_ex_150,,1,,20800,20800,,5,,,,,,,,,,,,,,,,,"23,24","NEW extension,Extension SoftBank 601HW BLACK"
1665,10105,747,527,No,146,2,カート用延長フラグ,Extension SoftBank 601HW BLACK,1,,,,,,,,*,sk/img001-ex.jpg,*,sk/img001-ex.jpg,,,,,,,,,,,,,,,,,,,,,,,0,1,en_sk_ex_150,,1,,20800,20800,,5,,,,,,,,,,,,,,,,,"23,24","NEW extension,Extension SoftBank 601HW BLACK"
1665,10107,747,528,No,147,2,カート用延長フラグ,Extension SoftBank 601HW BLACK,1,,,,,,,,*,sk/img001-ex.jpg,*,sk/img001-ex.jpg,,,,,,,,,,,,,,,,,,,,,,,0,1,en_sk_ex_150,,1,,20800,20800,,5,,,,,,,,,,,,,,,,,"23,24","NEW extension,Extension SoftBank 601HW BLACK"
1665,10109,747,529,No,148,2,カート用延長フラグ,Extension SoftBank 601HW BLACK,1,,,,,,,,*,sk/img001-ex.jpg,*,sk/img001-ex.jpg,,,,,,,,,,,,,,,,,,,,,,,0,1,en_sk_ex_150,,1,,20800,20800,,5,,,,,,,,,,,,,,,,,"23,24","NEW extension,Extension SoftBank 601HW BLACK"
1665,10111,747,530,No,149,2,カート用延長フラグ,Extension SoftBank 601HW BLACK,1,,,,,,,,*,sk/img001-ex.jpg,*,sk/img001-ex.jpg,,,,,,,,,,,,,,,,,,,,,,,0,1,en_sk_ex_150,,1,,20800,20800,,5,,,,,,,,,,,,,,,,,"23,24","NEW extension,Extension SoftBank 601HW BLACK"
1665,10113,747,531,No,150,2,カート用延長フラグ,Extension SoftBank 601HW BLACK,1,,,,,,,,*,sk/img001-ex.jpg,*,sk/img001-ex.jpg,,,,,,,,,,,,,,,,,,,,,,,0,1,en_sk_ex_150,,1,,20800,20800,,5,,,,,,,,,,,,,,,,,"23,24","NEW extension,Extension SoftBank 601HW BLACK"
1665,10115,747,532,No,151,2,カート用延長フラグ,Extension SoftBank 601HW BLACK,1,,,,,,,,*,sk/img001-ex.jpg,*,sk/img001-ex.jpg,,,,,,,,,,,,,,,,,,,,,,,0,1,en_sk_ex_151,,1,,21190,21190,,5,,,,,,,,,,,,,,,,,"23,24","NEW extension,Extension SoftBank 601HW BLACK"
1665,10117,747,533,No,152,2,カート用延長フラグ,Extension SoftBank 601HW BLACK,1,,,,,,,,*,sk/img001-ex.jpg,*,sk/img001-ex.jpg,,,,,,,,,,,,,,,,,,,,,,,0,1,en_sk_ex_152,,1,,21580,21580,,5,,,,,,,,,,,,,,,,,"23,24","NEW extension,Extension SoftBank 601HW BLACK"
1665,10119,747,534,No,153,2,カート用延長フラグ,Extension SoftBank 601HW BLACK,1,,,,,,,,*,sk/img001-ex.jpg,*,sk/img001-ex.jpg,,,,,,,,,,,,,,,,,,,,,,,0,1,en_sk_ex_153,,1,,21970,21970,,5,,,,,,,,,,,,,,,,,"23,24","NEW extension,Extension SoftBank 601HW BLACK"
1665,10121,747,535,No,154,2,カート用延長フラグ,Extension SoftBank 601HW BLACK,1,,,,,,,,*,sk/img001-ex.jpg,*,sk/img001-ex.jpg,,,,,,,,,,,,,,,,,,,,,,,0,1,en_sk_ex_154,,1,,22360,22360,,5,,,,,,,,,,,,,,,,,"23,24","NEW extension,Extension SoftBank 601HW BLACK"
1665,10123,747,536,No,155,2,カート用延長フラグ,Extension SoftBank 601HW BLACK,1,,,,,,,,*,sk/img001-ex.jpg,*,sk/img001-ex.jpg,,,,,,,,,,,,,,,,,,,,,,,0,1,en_sk_ex_155,,1,,22750,22750,,5,,,,,,,,,,,,,,,,,"23,24","NEW extension,Extension SoftBank 601HW BLACK"
1665,10125,747,537,No,156,2,カート用延長フラグ,Extension SoftBank 601HW BLACK,1,,,,,,,,*,sk/img001-ex.jpg,*,sk/img001-ex.jpg,,,,,,,,,,,,,,,,,,,,,,,0,1,en_sk_ex_180,,1,,22800,22800,,5,,,,,,,,,,,,,,,,,"23,24","NEW extension,Extension SoftBank 601HW BLACK"
1665,10127,747,538,No,157,2,カート用延長フラグ,Extension SoftBank 601HW BLACK,1,,,,,,,,*,sk/img001-ex.jpg,*,sk/img001-ex.jpg,,,,,,,,,,,,,,,,,,,,,,,0,1,en_sk_ex_180,,1,,22800,22800,,5,,,,,,,,,,,,,,,,,"23,24","NEW extension,Extension SoftBank 601HW BLACK"
1665,10129,747,539,No,158,2,カート用延長フラグ,Extension SoftBank 601HW BLACK,1,,,,,,,,*,sk/img001-ex.jpg,*,sk/img001-ex.jpg,,,,,,,,,,,,,,,,,,,,,,,0,1,en_sk_ex_180,,1,,22800,22800,,5,,,,,,,,,,,,,,,,,"23,24","NEW extension,Extension SoftBank 601HW BLACK"
1665,10131,747,540,No,159,2,カート用延長フラグ,Extension SoftBank 601HW BLACK,1,,,,,,,,*,sk/img001-ex.jpg,*,sk/img001-ex.jpg,,,,,,,,,,,,,,,,,,,,,,,0,1,en_sk_ex_180,,1,,22800,22800,,5,,,,,,,,,,,,,,,,,"23,24","NEW extension,Extension SoftBank 601HW BLACK"
1665,10133,747,541,No,160,2,カート用延長フラグ,Extension SoftBank 601HW BLACK,1,,,,,,,,*,sk/img001-ex.jpg,*,sk/img001-ex.jpg,,,,,,,,,,,,,,,,,,,,,,,0,1,en_sk_ex_180,,1,,22800,22800,,5,,,,,,,,,,,,,,,,,"23,24","NEW extension,Extension SoftBank 601HW BLACK"
1665,10135,747,542,No,161,2,カート用延長フラグ,Extension SoftBank 601HW BLACK,1,,,,,,,,*,sk/img001-ex.jpg,*,sk/img001-ex.jpg,,,,,,,,,,,,,,,,,,,,,,,0,1,en_sk_ex_180,,1,,22800,22800,,5,,,,,,,,,,,,,,,,,"23,24","NEW extension,Extension SoftBank 601HW BLACK"
1665,10137,747,543,No,162,2,カート用延長フラグ,Extension SoftBank 601HW BLACK,1,,,,,,,,*,sk/img001-ex.jpg,*,sk/img001-ex.jpg,,,,,,,,,,,,,,,,,,,,,,,0,1,en_sk_ex_180,,1,,22800,22800,,5,,,,,,,,,,,,,,,,,"23,24","NEW extension,Extension SoftBank 601HW BLACK"
1665,10139,747,544,No,163,2,カート用延長フラグ,Extension SoftBank 601HW BLACK,1,,,,,,,,*,sk/img001-ex.jpg,*,sk/img001-ex.jpg,,,,,,,,,,,,,,,,,,,,,,,0,1,en_sk_ex_180,,1,,22800,22800,,5,,,,,,,,,,,,,,,,,"23,24","NEW extension,Extension SoftBank 601HW BLACK"
1665,10141,747,545,No,164,2,カート用延長フラグ,Extension SoftBank 601HW BLACK,1,,,,,,,,*,sk/img001-ex.jpg,*,sk/img001-ex.jpg,,,,,,,,,,,,,,,,,,,,,,,0,1,en_sk_ex_180,,1,,22800,22800,,5,,,,,,,,,,,,,,,,,"23,24","NEW extension,Extension SoftBank 601HW BLACK"
1665,10143,747,546,No,165,2,カート用延長フラグ,Extension SoftBank 601HW BLACK,1,,,,,,,,*,sk/img001-ex.jpg,*,sk/img001-ex.jpg,,,,,,,,,,,,,,,,,,,,,,,0,1,en_sk_ex_180,,1,,22800,22800,,5,,,,,,,,,,,,,,,,,"23,24","NEW extension,Extension SoftBank 601HW BLACK"
1665,10145,747,547,No,166,2,カート用延長フラグ,Extension SoftBank 601HW BLACK,1,,,,,,,,*,sk/img001-ex.jpg,*,sk/img001-ex.jpg,,,,,,,,,,,,,,,,,,,,,,,0,1,en_sk_ex_180,,1,,22800,22800,,5,,,,,,,,,,,,,,,,,"23,24","NEW extension,Extension SoftBank 601HW BLACK"
1665,10147,747,548,No,167,2,カート用延長フラグ,Extension SoftBank 601HW BLACK,1,,,,,,,,*,sk/img001-ex.jpg,*,sk/img001-ex.jpg,,,,,,,,,,,,,,,,,,,,,,,0,1,en_sk_ex_180,,1,,22800,22800,,5,,,,,,,,,,,,,,,,,"23,24","NEW extension,Extension SoftBank 601HW BLACK"
1665,10149,747,549,No,168,2,カート用延長フラグ,Extension SoftBank 601HW BLACK,1,,,,,,,,*,sk/img001-ex.jpg,*,sk/img001-ex.jpg,,,,,,,,,,,,,,,,,,,,,,,0,1,en_sk_ex_180,,1,,22800,22800,,5,,,,,,,,,,,,,,,,,"23,24","NEW extension,Extension SoftBank 601HW BLACK"
1665,10151,747,550,No,169,2,カート用延長フラグ,Extension SoftBank 601HW BLACK,1,,,,,,,,*,sk/img001-ex.jpg,*,sk/img001-ex.jpg,,,,,,,,,,,,,,,,,,,,,,,0,1,en_sk_ex_180,,1,,22800,22800,,5,,,,,,,,,,,,,,,,,"23,24","NEW extension,Extension SoftBank 601HW BLACK"
1665,10153,747,551,No,170,2,カート用延長フラグ,Extension SoftBank 601HW BLACK,1,,,,,,,,*,sk/img001-ex.jpg,*,sk/img001-ex.jpg,,,,,,,,,,,,,,,,,,,,,,,0,1,en_sk_ex_180,,1,,22800,22800,,5,,,,,,,,,,,,,,,,,"23,24","NEW extension,Extension SoftBank 601HW BLACK"
1665,10155,747,552,No,171,2,カート用延長フラグ,Extension SoftBank 601HW BLACK,1,,,,,,,,*,sk/img001-ex.jpg,*,sk/img001-ex.jpg,,,,,,,,,,,,,,,,,,,,,,,0,1,en_sk_ex_180,,1,,22800,22800,,5,,,,,,,,,,,,,,,,,"23,24","NEW extension,Extension SoftBank 601HW BLACK"
1665,10157,747,553,No,172,2,カート用延長フラグ,Extension SoftBank 601HW BLACK,1,,,,,,,,*,sk/img001-ex.jpg,*,sk/img001-ex.jpg,,,,,,,,,,,,,,,,,,,,,,,0,1,en_sk_ex_180,,1,,22800,22800,,5,,,,,,,,,,,,,,,,,"23,24","NEW extension,Extension SoftBank 601HW BLACK"
1665,10159,747,554,No,173,2,カート用延長フラグ,Extension SoftBank 601HW BLACK,1,,,,,,,,*,sk/img001-ex.jpg,*,sk/img001-ex.jpg,,,,,,,,,,,,,,,,,,,,,,,0,1,en_sk_ex_180,,1,,22800,22800,,5,,,,,,,,,,,,,,,,,"23,24","NEW extension,Extension SoftBank 601HW BLACK"
1665,10161,747,555,No,174,2,カート用延長フラグ,Extension SoftBank 601HW BLACK,1,,,,,,,,*,sk/img001-ex.jpg,*,sk/img001-ex.jpg,,,,,,,,,,,,,,,,,,,,,,,0,1,en_sk_ex_180,,1,,22800,22800,,5,,,,,,,,,,,,,,,,,"23,24","NEW extension,Extension SoftBank 601HW BLACK"
1665,10163,747,556,No,175,2,カート用延長フラグ,Extension SoftBank 601HW BLACK,1,,,,,,,,*,sk/img001-ex.jpg,*,sk/img001-ex.jpg,,,,,,,,,,,,,,,,,,,,,,,0,1,en_sk_ex_180,,1,,22800,22800,,5,,,,,,,,,,,,,,,,,"23,24","NEW extension,Extension SoftBank 601HW BLACK"
1665,10165,747,557,No,176,2,カート用延長フラグ,Extension SoftBank 601HW BLACK,1,,,,,,,,*,sk/img001-ex.jpg,*,sk/img001-ex.jpg,,,,,,,,,,,,,,,,,,,,,,,0,1,en_sk_ex_180,,1,,22800,22800,,5,,,,,,,,,,,,,,,,,"23,24","NEW extension,Extension SoftBank 601HW BLACK"
1665,10167,747,558,No,177,2,カート用延長フラグ,Extension SoftBank 601HW BLACK,1,,,,,,,,*,sk/img001-ex.jpg,*,sk/img001-ex.jpg,,,,,,,,,,,,,,,,,,,,,,,0,1,en_sk_ex_180,,1,,22800,22800,,5,,,,,,,,,,,,,,,,,"23,24","NEW extension,Extension SoftBank 601HW BLACK"
1665,10169,747,559,No,178,2,カート用延長フラグ,Extension SoftBank 601HW BLACK,1,,,,,,,,*,sk/img001-ex.jpg,*,sk/img001-ex.jpg,,,,,,,,,,,,,,,,,,,,,,,0,1,en_sk_ex_180,,1,,22800,22800,,5,,,,,,,,,,,,,,,,,"23,24","NEW extension,Extension SoftBank 601HW BLACK"
1665,10171,747,560,No,179,2,カート用延長フラグ,Extension SoftBank 601HW BLACK,1,,,,,,,,*,sk/img001-ex.jpg,*,sk/img001-ex.jpg,,,,,,,,,,,,,,,,,,,,,,,0,1,en_sk_ex_180,,1,,22800,22800,,5,,,,,,,,,,,,,,,,,"23,24","NEW extension,Extension SoftBank 601HW BLACK"
1665,10173,747,561,No,180,2,カート用延長フラグ,Extension SoftBank 601HW BLACK,1,,,,,,,,*,sk/img001-ex.jpg,*,sk/img001-ex.jpg,,,,,,,,,,,,,,,,,,,,,,,0,1,en_sk_ex_180,,1,,22800,22800,,5,,,,,,,,,,,,,,,,,"23,24","NEW extension,Extension SoftBank 601HW BLACK"
1665,10175,747,562,No,181,2,カート用延長フラグ,Extension SoftBank 601HW BLACK,1,,,,,,,,*,sk/img001-ex.jpg,*,sk/img001-ex.jpg,,,,,,,,,,,,,,,,,,,,,,,0,1,en_sk_ex_181,,1,,23190,23190,,5,,,,,,,,,,,,,,,,,"23,24","NEW extension,Extension SoftBank 601HW BLACK"
1665,10177,747,563,No,182,2,カート用延長フラグ,Extension SoftBank 601HW BLACK,1,,,,,,,,*,sk/img001-ex.jpg,*,sk/img001-ex.jpg,,,,,,,,,,,,,,,,,,,,,,,0,1,en_sk_ex_182,,1,,23580,23580,,5,,,,,,,,,,,,,,,,,"23,24","NEW extension,Extension SoftBank 601HW BLACK"
1665,10179,747,564,No,183,2,カート用延長フラグ,Extension SoftBank 601HW BLACK,1,,,,,,,,*,sk/img001-ex.jpg,*,sk/img001-ex.jpg,,,,,,,,,,,,,,,,,,,,,,,0,1,en_sk_ex_183,,1,,23970,23970,,5,,,,,,,,,,,,,,,,,"23,24","NEW extension,Extension SoftBank 601HW BLACK"
1665,10181,747,565,No,184,2,カート用延長フラグ,Extension SoftBank 601HW BLACK,1,,,,,,,,*,sk/img001-ex.jpg,*,sk/img001-ex.jpg,,,,,,,,,,,,,,,,,,,,,,,0,1,en_sk_ex_184,,1,,24360,24360,,5,,,,,,,,,,,,,,,,,"23,24","NEW extension,Extension SoftBank 601HW BLACK"
1665,10183,747,566,No,185,2,カート用延長フラグ,Extension SoftBank 601HW BLACK,1,,,,,,,,*,sk/img001-ex.jpg,*,sk/img001-ex.jpg,,,,,,,,,,,,,,,,,,,,,,,0,1,en_sk_ex_185,,1,,24750,24750,,5,,,,,,,,,,,,,,,,,"23,24","NEW extension,Extension SoftBank 601HW BLACK"
1665,10185,747,567,No,186,2,カート用延長フラグ,Extension SoftBank 601HW BLACK,1,,,,,,,,*,sk/img001-ex.jpg,*,sk/img001-ex.jpg,,,,,,,,,,,,,,,,,,,,,,,0,1,en_sk_ex_186,,1,,25140,25140,,5,,,,,,,,,,,,,,,,,"23,24","NEW extension,Extension SoftBank 601HW BLACK"
1665,10187,747,568,No,187,2,カート用延長フラグ,Extension SoftBank 601HW BLACK,1,,,,,,,,*,sk/img001-ex.jpg,*,sk/img001-ex.jpg,,,,,,,,,,,,,,,,,,,,,,,0,1,en_sk_ex_187,,1,,25530,25530,,5,,,,,,,,,,,,,,,,,"23,24","NEW extension,Extension SoftBank 601HW BLACK"
1665,10189,747,569,No,188,2,カート用延長フラグ,Extension SoftBank 601HW BLACK,1,,,,,,,,*,sk/img001-ex.jpg,*,sk/img001-ex.jpg,,,,,,,,,,,,,,,,,,,,,,,0,1,en_sk_ex_188,,1,,25920,25920,,5,,,,,,,,,,,,,,,,,"23,24","NEW extension,Extension SoftBank 601HW BLACK"
1665,10191,747,570,No,189,2,カート用延長フラグ,Extension SoftBank 601HW BLACK,1,,,,,,,,*,sk/img001-ex.jpg,*,sk/img001-ex.jpg,,,,,,,,,,,,,,,,,,,,,,,0,1,en_sk_ex_189,,1,,26310,26310,,5,,,,,,,,,,,,,,,,,"23,24","NEW extension,Extension SoftBank 601HW BLACK"
1665,10193,747,571,No,190,2,カート用延長フラグ,Extension SoftBank 601HW BLACK,1,,,,,,,,*,sk/img001-ex.jpg,*,sk/img001-ex.jpg,,,,,,,,,,,,,,,,,,,,,,,0,1,en_sk_ex_190,,1,,26700,26700,,5,,,,,,,,,,,,,,,,,"23,24","NEW extension,Extension SoftBank 601HW BLACK"
1665,10195,747,572,No,191,2,カート用延長フラグ,Extension SoftBank 601HW BLACK,1,,,,,,,,*,sk/img001-ex.jpg,*,sk/img001-ex.jpg,,,,,,,,,,,,,,,,,,,,,,,0,1,en_sk_ex_191,,1,,27090,27090,,5,,,,,,,,,,,,,,,,,"23,24","NEW extension,Extension SoftBank 601HW BLACK"
1665,10197,747,573,No,192,2,カート用延長フラグ,Extension SoftBank 601HW BLACK,1,,,,,,,,*,sk/img001-ex.jpg,*,sk/img001-ex.jpg,,,,,,,,,,,,,,,,,,,,,,,0,1,en_sk_ex_192,,1,,27480,27480,,5,,,,,,,,,,,,,,,,,"23,24","NEW extension,Extension SoftBank 601HW BLACK"
1665,10199,747,574,No,193,2,カート用延長フラグ,Extension SoftBank 601HW BLACK,1,,,,,,,,*,sk/img001-ex.jpg,*,sk/img001-ex.jpg,,,,,,,,,,,,,,,,,,,,,,,0,1,en_sk_ex_193,,1,,27870,27870,,5,,,,,,,,,,,,,,,,,"23,24","NEW extension,Extension SoftBank 601HW BLACK"
1665,10201,747,575,No,194,2,カート用延長フラグ,Extension SoftBank 601HW BLACK,1,,,,,,,,*,sk/img001-ex.jpg,*,sk/img001-ex.jpg,,,,,,,,,,,,,,,,,,,,,,,0,1,en_sk_ex_194,,1,,28260,28260,,5,,,,,,,,,,,,,,,,,"23,24","NEW extension,Extension SoftBank 601HW BLACK"
1665,10203,747,576,No,195,2,カート用延長フラグ,Extension SoftBank 601HW BLACK,1,,,,,,,,*,sk/img001-ex.jpg,*,sk/img001-ex.jpg,,,,,,,,,,,,,,,,,,,,,,,0,1,en_sk_ex_211,,1,,28650,28650,,5,,,,,,,,,,,,,,,,,"23,24","NEW extension,Extension SoftBank 601HW BLACK"
1665,10205,747,577,No,196,2,カート用延長フラグ,Extension SoftBank 601HW BLACK,1,,,,,,,,*,sk/img001-ex.jpg,*,sk/img001-ex.jpg,,,,,,,,,,,,,,,,,,,,,,,0,1,en_sk_ex_211,,1,,28650,28650,,5,,,,,,,,,,,,,,,,,"23,24","NEW extension,Extension SoftBank 601HW BLACK"
1665,10207,747,578,No,197,2,カート用延長フラグ,Extension SoftBank 601HW BLACK,1,,,,,,,,*,sk/img001-ex.jpg,*,sk/img001-ex.jpg,,,,,,,,,,,,,,,,,,,,,,,0,1,en_sk_ex_211,,1,,28650,28650,,5,,,,,,,,,,,,,,,,,"23,24","NEW extension,Extension SoftBank 601HW BLACK"
1665,10209,747,579,No,198,2,カート用延長フラグ,Extension SoftBank 601HW BLACK,1,,,,,,,,*,sk/img001-ex.jpg,*,sk/img001-ex.jpg,,,,,,,,,,,,,,,,,,,,,,,0,1,en_sk_ex_211,,1,,28650,28650,,5,,,,,,,,,,,,,,,,,"23,24","NEW extension,Extension SoftBank 601HW BLACK"
1665,10211,747,580,No,199,2,カート用延長フラグ,Extension SoftBank 601HW BLACK,1,,,,,,,,*,sk/img001-ex.jpg,*,sk/img001-ex.jpg,,,,,,,,,,,,,,,,,,,,,,,0,1,en_sk_ex_211,,1,,28650,28650,,5,,,,,,,,,,,,,,,,,"23,24","NEW extension,Extension SoftBank 601HW BLACK"
1665,10213,747,581,No,200,2,カート用延長フラグ,Extension SoftBank 601HW BLACK,1,,,,,,,,*,sk/img001-ex.jpg,*,sk/img001-ex.jpg,,,,,,,,,,,,,,,,,,,,,,,0,1,en_sk_ex_211,,1,,28650,28650,,5,,,,,,,,,,,,,,,,,"23,24","NEW extension,Extension SoftBank 601HW BLACK"
1665,10215,747,582,No,201,2,カート用延長フラグ,Extension SoftBank 601HW BLACK,1,,,,,,,,*,sk/img001-ex.jpg,*,sk/img001-ex.jpg,,,,,,,,,,,,,,,,,,,,,,,0,1,en_sk_ex_211,,1,,28650,28650,,5,,,,,,,,,,,,,,,,,"23,24","NEW extension,Extension SoftBank 601HW BLACK"
1665,10217,747,583,No,202,2,カート用延長フラグ,Extension SoftBank 601HW BLACK,1,,,,,,,,*,sk/img001-ex.jpg,*,sk/img001-ex.jpg,,,,,,,,,,,,,,,,,,,,,,,0,1,en_sk_ex_211,,1,,28650,28650,,5,,,,,,,,,,,,,,,,,"23,24","NEW extension,Extension SoftBank 601HW BLACK"
1665,10219,747,584,No,203,2,カート用延長フラグ,Extension SoftBank 601HW BLACK,1,,,,,,,,*,sk/img001-ex.jpg,*,sk/img001-ex.jpg,,,,,,,,,,,,,,,,,,,,,,,0,1,en_sk_ex_211,,1,,28650,28650,,5,,,,,,,,,,,,,,,,,"23,24","NEW extension,Extension SoftBank 601HW BLACK"
1665,10221,747,585,No,204,2,カート用延長フラグ,Extension SoftBank 601HW BLACK,1,,,,,,,,*,sk/img001-ex.jpg,*,sk/img001-ex.jpg,,,,,,,,,,,,,,,,,,,,,,,0,1,en_sk_ex_211,,1,,28650,28650,,5,,,,,,,,,,,,,,,,,"23,24","NEW extension,Extension SoftBank 601HW BLACK"
1665,10223,747,586,No,205,2,カート用延長フラグ,Extension SoftBank 601HW BLACK,1,,,,,,,,*,sk/img001-ex.jpg,*,sk/img001-ex.jpg,,,,,,,,,,,,,,,,,,,,,,,0,1,en_sk_ex_211,,1,,28650,28650,,5,,,,,,,,,,,,,,,,,"23,24","NEW extension,Extension SoftBank 601HW BLACK"
1665,10225,747,587,No,206,2,カート用延長フラグ,Extension SoftBank 601HW BLACK,1,,,,,,,,*,sk/img001-ex.jpg,*,sk/img001-ex.jpg,,,,,,,,,,,,,,,,,,,,,,,0,1,en_sk_ex_211,,1,,28650,28650,,5,,,,,,,,,,,,,,,,,"23,24","NEW extension,Extension SoftBank 601HW BLACK"
1665,10227,747,588,No,207,2,カート用延長フラグ,Extension SoftBank 601HW BLACK,1,,,,,,,,*,sk/img001-ex.jpg,*,sk/img001-ex.jpg,,,,,,,,,,,,,,,,,,,,,,,0,1,en_sk_ex_211,,1,,28650,28650,,5,,,,,,,,,,,,,,,,,"23,24","NEW extension,Extension SoftBank 601HW BLACK"
1665,10229,747,589,No,208,2,カート用延長フラグ,Extension SoftBank 601HW BLACK,1,,,,,,,,*,sk/img001-ex.jpg,*,sk/img001-ex.jpg,,,,,,,,,,,,,,,,,,,,,,,0,1,en_sk_ex_211,,1,,28650,28650,,5,,,,,,,,,,,,,,,,,"23,24","NEW extension,Extension SoftBank 601HW BLACK"
1665,10231,747,590,No,209,2,カート用延長フラグ,Extension SoftBank 601HW BLACK,1,,,,,,,,*,sk/img001-ex.jpg,*,sk/img001-ex.jpg,,,,,,,,,,,,,,,,,,,,,,,0,1,en_sk_ex_211,,1,,28650,28650,,5,,,,,,,,,,,,,,,,,"23,24","NEW extension,Extension SoftBank 601HW BLACK"
1665,10233,747,591,No,210,2,カート用延長フラグ,Extension SoftBank 601HW BLACK,1,,,,,,,,*,sk/img001-ex.jpg,*,sk/img001-ex.jpg,,,,,,,,,,,,,,,,,,,,,,,0,1,en_sk_ex_211,,1,,28650,28650,,5,,,,,,,,,,,,,,,,,"23,24","NEW extension,Extension SoftBank 601HW BLACK"
1665,10235,747,592,No,211,2,カート用延長フラグ,Extension SoftBank 601HW BLACK,1,,,,,,,,*,sk/img001-ex.jpg,*,sk/img001-ex.jpg,,,,,,,,,,,,,,,,,,,,,,,0,1,en_sk_ex_211,,1,,28650,28650,,5,,,,,,,,,,,,,,,,,"23,24","NEW extension,Extension SoftBank 601HW BLACK"
1665,10237,747,593,No,212,2,カート用延長フラグ,Extension SoftBank 601HW BLACK,1,,,,,,,,*,sk/img001-ex.jpg,*,sk/img001-ex.jpg,,,,,,,,,,,,,,,,,,,,,,,0,1,en_sk_ex_212,,1,,29040,29040,,5,,,,,,,,,,,,,,,,,"23,24","NEW extension,Extension SoftBank 601HW BLACK"
1665,10239,747,594,No,213,2,カート用延長フラグ,Extension SoftBank 601HW BLACK,1,,,,,,,,*,sk/img001-ex.jpg,*,sk/img001-ex.jpg,,,,,,,,,,,,,,,,,,,,,,,0,1,en_sk_ex_213,,1,,29430,29430,,5,,,,,,,,,,,,,,,,,"23,24","NEW extension,Extension SoftBank 601HW BLACK"
1665,10241,747,595,No,214,2,カート用延長フラグ,Extension SoftBank 601HW BLACK,1,,,,,,,,*,sk/img001-ex.jpg,*,sk/img001-ex.jpg,,,,,,,,,,,,,,,,,,,,,,,0,1,en_sk_ex_214,,1,,29820,29820,,5,,,,,,,,,,,,,,,,,"23,24","NEW extension,Extension SoftBank 601HW BLACK"
1665,10243,747,596,No,215,2,カート用延長フラグ,Extension SoftBank 601HW BLACK,1,,,,,,,,*,sk/img001-ex.jpg,*,sk/img001-ex.jpg,,,,,,,,,,,,,,,,,,,,,,,0,1,en_sk_ex_215,,1,,30210,30210,,5,,,,,,,,,,,,,,,,,"23,24","NEW extension,Extension SoftBank 601HW BLACK"
1665,10245,747,597,No,216,2,カート用延長フラグ,Extension SoftBank 601HW BLACK,1,,,,,,,,*,sk/img001-ex.jpg,*,sk/img001-ex.jpg,,,,,,,,,,,,,,,,,,,,,,,0,1,en_sk_ex_216,,1,,30600,30600,,5,,,,,,,,,,,,,,,,,"23,24","NEW extension,Extension SoftBank 601HW BLACK"
1665,10247,747,598,No,217,2,カート用延長フラグ,Extension SoftBank 601HW BLACK,1,,,,,,,,*,sk/img001-ex.jpg,*,sk/img001-ex.jpg,,,,,,,,,,,,,,,,,,,,,,,0,1,en_sk_ex_217,,1,,30990,30990,,5,,,,,,,,,,,,,,,,,"23,24","NEW extension,Extension SoftBank 601HW BLACK"
1665,10249,747,599,No,218,2,カート用延長フラグ,Extension SoftBank 601HW BLACK,1,,,,,,,,*,sk/img001-ex.jpg,*,sk/img001-ex.jpg,,,,,,,,,,,,,,,,,,,,,,,0,1,en_sk_ex_218,,1,,31380,31380,,5,,,,,,,,,,,,,,,,,"23,24","NEW extension,Extension SoftBank 601HW BLACK"
1665,10251,747,600,No,219,2,カート用延長フラグ,Extension SoftBank 601HW BLACK,1,,,,,,,,*,sk/img001-ex.jpg,*,sk/img001-ex.jpg,,,,,,,,,,,,,,,,,,,,,,,0,1,en_sk_ex_219,,1,,31770,31770,,5,,,,,,,,,,,,,,,,,"23,24","NEW extension,Extension SoftBank 601HW BLACK"
1665,10253,747,601,No,220,2,カート用延長フラグ,Extension SoftBank 601HW BLACK,1,,,,,,,,*,sk/img001-ex.jpg,*,sk/img001-ex.jpg,,,,,,,,,,,,,,,,,,,,,,,0,1,en_sk_ex_220,,1,,32160,32160,,5,,,,,,,,,,,,,,,,,"23,24","NEW extension,Extension SoftBank 601HW BLACK"
1665,10255,747,602,No,221,2,カート用延長フラグ,Extension SoftBank 601HW BLACK,1,,,,,,,,*,sk/img001-ex.jpg,*,sk/img001-ex.jpg,,,,,,,,,,,,,,,,,,,,,,,0,1,en_sk_ex_221,,1,,32550,32550,,5,,,,,,,,,,,,,,,,,"23,24","NEW extension,Extension SoftBank 601HW BLACK"
1665,10257,747,603,No,222,2,カート用延長フラグ,Extension SoftBank 601HW BLACK,1,,,,,,,,*,sk/img001-ex.jpg,*,sk/img001-ex.jpg,,,,,,,,,,,,,,,,,,,,,,,0,1,en_sk_ex_222,,1,,32940,32940,,5,,,,,,,,,,,,,,,,,"23,24","NEW extension,Extension SoftBank 601HW BLACK"
1665,10259,747,604,No,223,2,カート用延長フラグ,Extension SoftBank 601HW BLACK,1,,,,,,,,*,sk/img001-ex.jpg,*,sk/img001-ex.jpg,,,,,,,,,,,,,,,,,,,,,,,0,1,en_sk_ex_241,,1,,33200,33200,,5,,,,,,,,,,,,,,,,,"23,24","NEW extension,Extension SoftBank 601HW BLACK"
1665,10261,747,605,No,224,2,カート用延長フラグ,Extension SoftBank 601HW BLACK,1,,,,,,,,*,sk/img001-ex.jpg,*,sk/img001-ex.jpg,,,,,,,,,,,,,,,,,,,,,,,0,1,en_sk_ex_241,,1,,33200,33200,,5,,,,,,,,,,,,,,,,,"23,24","NEW extension,Extension SoftBank 601HW BLACK"
1665,10263,747,606,No,225,2,カート用延長フラグ,Extension SoftBank 601HW BLACK,1,,,,,,,,*,sk/img001-ex.jpg,*,sk/img001-ex.jpg,,,,,,,,,,,,,,,,,,,,,,,0,1,en_sk_ex_241,,1,,33200,33200,,5,,,,,,,,,,,,,,,,,"23,24","NEW extension,Extension SoftBank 601HW BLACK"
1665,10265,747,607,No,226,2,カート用延長フラグ,Extension SoftBank 601HW BLACK,1,,,,,,,,*,sk/img001-ex.jpg,*,sk/img001-ex.jpg,,,,,,,,,,,,,,,,,,,,,,,0,1,en_sk_ex_241,,1,,33200,33200,,5,,,,,,,,,,,,,,,,,"23,24","NEW extension,Extension SoftBank 601HW BLACK"
1665,10267,747,608,No,227,2,カート用延長フラグ,Extension SoftBank 601HW BLACK,1,,,,,,,,*,sk/img001-ex.jpg,*,sk/img001-ex.jpg,,,,,,,,,,,,,,,,,,,,,,,0,1,en_sk_ex_241,,1,,33200,33200,,5,,,,,,,,,,,,,,,,,"23,24","NEW extension,Extension SoftBank 601HW BLACK"
1665,10269,747,609,No,228,2,カート用延長フラグ,Extension SoftBank 601HW BLACK,1,,,,,,,,*,sk/img001-ex.jpg,*,sk/img001-ex.jpg,,,,,,,,,,,,,,,,,,,,,,,0,1,en_sk_ex_241,,1,,33200,33200,,5,,,,,,,,,,,,,,,,,"23,24","NEW extension,Extension SoftBank 601HW BLACK"
1665,10271,747,610,No,229,2,カート用延長フラグ,Extension SoftBank 601HW BLACK,1,,,,,,,,*,sk/img001-ex.jpg,*,sk/img001-ex.jpg,,,,,,,,,,,,,,,,,,,,,,,0,1,en_sk_ex_241,,1,,33200,33200,,5,,,,,,,,,,,,,,,,,"23,24","NEW extension,Extension SoftBank 601HW BLACK"
1665,10273,747,611,No,230,2,カート用延長フラグ,Extension SoftBank 601HW BLACK,1,,,,,,,,*,sk/img001-ex.jpg,*,sk/img001-ex.jpg,,,,,,,,,,,,,,,,,,,,,,,0,1,en_sk_ex_241,,1,,33200,33200,,5,,,,,,,,,,,,,,,,,"23,24","NEW extension,Extension SoftBank 601HW BLACK"
1665,10275,747,612,No,231,2,カート用延長フラグ,Extension SoftBank 601HW BLACK,1,,,,,,,,*,sk/img001-ex.jpg,*,sk/img001-ex.jpg,,,,,,,,,,,,,,,,,,,,,,,0,1,en_sk_ex_241,,1,,33200,33200,,5,,,,,,,,,,,,,,,,,"23,24","NEW extension,Extension SoftBank 601HW BLACK"
1665,10277,747,613,No,232,2,カート用延長フラグ,Extension SoftBank 601HW BLACK,1,,,,,,,,*,sk/img001-ex.jpg,*,sk/img001-ex.jpg,,,,,,,,,,,,,,,,,,,,,,,0,1,en_sk_ex_241,,1,,33200,33200,,5,,,,,,,,,,,,,,,,,"23,24","NEW extension,Extension SoftBank 601HW BLACK"
1665,10279,747,614,No,233,2,カート用延長フラグ,Extension SoftBank 601HW BLACK,1,,,,,,,,*,sk/img001-ex.jpg,*,sk/img001-ex.jpg,,,,,,,,,,,,,,,,,,,,,,,0,1,en_sk_ex_241,,1,,33200,33200,,5,,,,,,,,,,,,,,,,,"23,24","NEW extension,Extension SoftBank 601HW BLACK"
1665,10281,747,615,No,234,2,カート用延長フラグ,Extension SoftBank 601HW BLACK,1,,,,,,,,*,sk/img001-ex.jpg,*,sk/img001-ex.jpg,,,,,,,,,,,,,,,,,,,,,,,0,1,en_sk_ex_241,,1,,33200,33200,,5,,,,,,,,,,,,,,,,,"23,24","NEW extension,Extension SoftBank 601HW BLACK"
1665,10283,747,616,No,235,2,カート用延長フラグ,Extension SoftBank 601HW BLACK,1,,,,,,,,*,sk/img001-ex.jpg,*,sk/img001-ex.jpg,,,,,,,,,,,,,,,,,,,,,,,0,1,en_sk_ex_241,,1,,33200,33200,,5,,,,,,,,,,,,,,,,,"23,24","NEW extension,Extension SoftBank 601HW BLACK"
1665,10285,747,617,No,236,2,カート用延長フラグ,Extension SoftBank 601HW BLACK,1,,,,,,,,*,sk/img001-ex.jpg,*,sk/img001-ex.jpg,,,,,,,,,,,,,,,,,,,,,,,0,1,en_sk_ex_241,,1,,33200,33200,,5,,,,,,,,,,,,,,,,,"23,24","NEW extension,Extension SoftBank 601HW BLACK"
1665,10287,747,618,No,237,2,カート用延長フラグ,Extension SoftBank 601HW BLACK,1,,,,,,,,*,sk/img001-ex.jpg,*,sk/img001-ex.jpg,,,,,,,,,,,,,,,,,,,,,,,0,1,en_sk_ex_241,,1,,33200,33200,,5,,,,,,,,,,,,,,,,,"23,24","NEW extension,Extension SoftBank 601HW BLACK"
1665,10289,747,619,No,238,2,カート用延長フラグ,Extension SoftBank 601HW BLACK,1,,,,,,,,*,sk/img001-ex.jpg,*,sk/img001-ex.jpg,,,,,,,,,,,,,,,,,,,,,,,0,1,en_sk_ex_241,,1,,33200,33200,,5,,,,,,,,,,,,,,,,,"23,24","NEW extension,Extension SoftBank 601HW BLACK"
1665,10291,747,620,No,239,2,カート用延長フラグ,Extension SoftBank 601HW BLACK,1,,,,,,,,*,sk/img001-ex.jpg,*,sk/img001-ex.jpg,,,,,,,,,,,,,,,,,,,,,,,0,1,en_sk_ex_241,,1,,33200,33200,,5,,,,,,,,,,,,,,,,,"23,24","NEW extension,Extension SoftBank 601HW BLACK"
1665,10293,747,621,No,240,2,カート用延長フラグ,Extension SoftBank 601HW BLACK,1,,,,,,,,*,sk/img001-ex.jpg,*,sk/img001-ex.jpg,,,,,,,,,,,,,,,,,,,,,,,0,1,en_sk_ex_241,,1,,33200,33200,,5,,,,,,,,,,,,,,,,,"23,24","NEW extension,Extension SoftBank 601HW BLACK"
1665,10295,747,622,No,241,2,カート用延長フラグ,Extension SoftBank 601HW BLACK,1,,,,,,,,*,sk/img001-ex.jpg,*,sk/img001-ex.jpg,,,,,,,,,,,,,,,,,,,,,,,0,1,en_sk_ex_241,,1,,33200,33200,,5,,,,,,,,,,,,,,,,,"23,24","NEW extension,Extension SoftBank 601HW BLACK"
1665,10297,747,623,No,242,2,カート用延長フラグ,Extension SoftBank 601HW BLACK,1,,,,,,,,*,sk/img001-ex.jpg,*,sk/img001-ex.jpg,,,,,,,,,,,,,,,,,,,,,,,0,1,en_sk_ex_242,,1,,33590,33590,,5,,,,,,,,,,,,,,,,,"23,24","NEW extension,Extension SoftBank 601HW BLACK"
1665,10299,747,624,No,243,2,カート用延長フラグ,Extension SoftBank 601HW BLACK,1,,,,,,,,*,sk/img001-ex.jpg,*,sk/img001-ex.jpg,,,,,,,,,,,,,,,,,,,,,,,0,1,en_sk_ex_243,,1,,33980,33980,,5,,,,,,,,,,,,,,,,,"23,24","NEW extension,Extension SoftBank 601HW BLACK"
1665,10301,747,625,No,244,2,カート用延長フラグ,Extension SoftBank 601HW BLACK,1,,,,,,,,*,sk/img001-ex.jpg,*,sk/img001-ex.jpg,,,,,,,,,,,,,,,,,,,,,,,0,1,en_sk_ex_245,,1,,34760,34760,,5,,,,,,,,,,,,,,,,,"23,24","NEW extension,Extension SoftBank 601HW BLACK"
1665,10303,747,626,No,245,2,カート用延長フラグ,Extension SoftBank 601HW BLACK,1,,,,,,,,*,sk/img001-ex.jpg,*,sk/img001-ex.jpg,,,,,,,,,,,,,,,,,,,,,,,0,1,en_sk_ex_246,,1,,35150,35150,,5,,,,,,,,,,,,,,,,,"23,24","NEW extension,Extension SoftBank 601HW BLACK"
1665,10305,747,627,No,246,2,カート用延長フラグ,Extension SoftBank 601HW BLACK,1,,,,,,,,*,sk/img001-ex.jpg,*,sk/img001-ex.jpg,,,,,,,,,,,,,,,,,,,,,,,0,1,en_sk_ex_244,,1,,34370,34370,,5,,,,,,,,,,,,,,,,,"23,24","NEW extension,Extension SoftBank 601HW BLACK"
1665,10307,747,628,No,247,2,カート用延長フラグ,Extension SoftBank 601HW BLACK,1,,,,,,,,*,sk/img001-ex.jpg,*,sk/img001-ex.jpg,,,,,,,,,,,,,,,,,,,,,,,0,1,en_sk_ex_247,,1,,35540,35540,,5,,,,,,,,,,,,,,,,,"23,24","NEW extension,Extension SoftBank 601HW BLACK"
1665,10309,747,629,No,248,2,カート用延長フラグ,Extension SoftBank 601HW BLACK,1,,,,,,,,*,sk/img001-ex.jpg,*,sk/img001-ex.jpg,,,,,,,,,,,,,,,,,,,,,,,0,1,en_sk_ex_248,,1,,35930,35930,,5,,,,,,,,,,,,,,,,,"23,24","NEW extension,Extension SoftBank 601HW BLACK"
1665,10311,747,630,No,249,2,カート用延長フラグ,Extension SoftBank 601HW BLACK,1,,,,,,,,*,sk/img001-ex.jpg,*,sk/img001-ex.jpg,,,,,,,,,,,,,,,,,,,,,,,0,1,en_sk_ex_249,,1,,36320,36320,,5,,,,,,,,,,,,,,,,,"23,24","NEW extension,Extension SoftBank 601HW BLACK"
1665,10313,747,631,No,250,2,カート用延長フラグ,Extension SoftBank 601HW BLACK,1,,,,,,,,*,sk/img001-ex.jpg,*,sk/img001-ex.jpg,,,,,,,,,,,,,,,,,,,,,,,0,1,en_sk_ex_250,,1,,36710,36710,,5,,,,,,,,,,,,,,,,,"23,24","NEW extension,Extension SoftBank 601HW BLACK"
1665,10315,747,632,No,251,2,カート用延長フラグ,Extension SoftBank 601HW BLACK,1,,,,,,,,*,sk/img001-ex.jpg,*,sk/img001-ex.jpg,,,,,,,,,,,,,,,,,,,,,,,0,1,en_sk_ex_251,,1,,37100,37100,,5,,,,,,,,,,,,,,,,,"23,24","NEW extension,Extension SoftBank 601HW BLACK"
1665,10317,747,633,No,252,2,カート用延長フラグ,Extension SoftBank 601HW BLACK,1,,,,,,,,*,sk/img001-ex.jpg,*,sk/img001-ex.jpg,,,,,,,,,,,,,,,,,,,,,,,0,1,en_sk_ex_271,,1,,37400,37400,,5,,,,,,,,,,,,,,,,,"23,24","NEW extension,Extension SoftBank 601HW BLACK"
1665,10319,747,634,No,253,2,カート用延長フラグ,Extension SoftBank 601HW BLACK,1,,,,,,,,*,sk/img001-ex.jpg,*,sk/img001-ex.jpg,,,,,,,,,,,,,,,,,,,,,,,0,1,en_sk_ex_271,,1,,37400,37400,,5,,,,,,,,,,,,,,,,,"23,24","NEW extension,Extension SoftBank 601HW BLACK"
1665,10321,747,635,No,254,2,カート用延長フラグ,Extension SoftBank 601HW BLACK,1,,,,,,,,*,sk/img001-ex.jpg,*,sk/img001-ex.jpg,,,,,,,,,,,,,,,,,,,,,,,0,1,en_sk_ex_271,,1,,37400,37400,,5,,,,,,,,,,,,,,,,,"23,24","NEW extension,Extension SoftBank 601HW BLACK"
1665,10323,747,636,No,255,2,カート用延長フラグ,Extension SoftBank 601HW BLACK,1,,,,,,,,*,sk/img001-ex.jpg,*,sk/img001-ex.jpg,,,,,,,,,,,,,,,,,,,,,,,0,1,en_sk_ex_271,,1,,37400,37400,,5,,,,,,,,,,,,,,,,,"23,24","NEW extension,Extension SoftBank 601HW BLACK"
1665,10325,747,637,No,256,2,カート用延長フラグ,Extension SoftBank 601HW BLACK,1,,,,,,,,*,sk/img001-ex.jpg,*,sk/img001-ex.jpg,,,,,,,,,,,,,,,,,,,,,,,0,1,en_sk_ex_271,,1,,37400,37400,,5,,,,,,,,,,,,,,,,,"23,24","NEW extension,Extension SoftBank 601HW BLACK"
1665,10327,747,638,No,257,2,カート用延長フラグ,Extension SoftBank 601HW BLACK,1,,,,,,,,*,sk/img001-ex.jpg,*,sk/img001-ex.jpg,,,,,,,,,,,,,,,,,,,,,,,0,1,en_sk_ex_271,,1,,37400,37400,,5,,,,,,,,,,,,,,,,,"23,24","NEW extension,Extension SoftBank 601HW BLACK"
1665,10329,747,639,No,258,2,カート用延長フラグ,Extension SoftBank 601HW BLACK,1,,,,,,,,*,sk/img001-ex.jpg,*,sk/img001-ex.jpg,,,,,,,,,,,,,,,,,,,,,,,0,1,en_sk_ex_271,,1,,37400,37400,,5,,,,,,,,,,,,,,,,,"23,24","NEW extension,Extension SoftBank 601HW BLACK"
1665,10331,747,640,No,259,2,カート用延長フラグ,Extension SoftBank 601HW BLACK,1,,,,,,,,*,sk/img001-ex.jpg,*,sk/img001-ex.jpg,,,,,,,,,,,,,,,,,,,,,,,0,1,en_sk_ex_271,,1,,37400,37400,,5,,,,,,,,,,,,,,,,,"23,24","NEW extension,Extension SoftBank 601HW BLACK"
1665,10333,747,641,No,260,2,カート用延長フラグ,Extension SoftBank 601HW BLACK,1,,,,,,,,*,sk/img001-ex.jpg,*,sk/img001-ex.jpg,,,,,,,,,,,,,,,,,,,,,,,0,1,en_sk_ex_271,,1,,37400,37400,,5,,,,,,,,,,,,,,,,,"23,24","NEW extension,Extension SoftBank 601HW BLACK"
1665,10335,747,642,No,261,2,カート用延長フラグ,Extension SoftBank 601HW BLACK,1,,,,,,,,*,sk/img001-ex.jpg,*,sk/img001-ex.jpg,,,,,,,,,,,,,,,,,,,,,,,0,1,en_sk_ex_271,,1,,37400,37400,,5,,,,,,,,,,,,,,,,,"23,24","NEW extension,Extension SoftBank 601HW BLACK"
1665,10337,747,643,No,262,2,カート用延長フラグ,Extension SoftBank 601HW BLACK,1,,,,,,,,*,sk/img001-ex.jpg,*,sk/img001-ex.jpg,,,,,,,,,,,,,,,,,,,,,,,0,1,en_sk_ex_271,,1,,37400,37400,,5,,,,,,,,,,,,,,,,,"23,24","NEW extension,Extension SoftBank 601HW BLACK"
1665,10339,747,644,No,263,2,カート用延長フラグ,Extension SoftBank 601HW BLACK,1,,,,,,,,*,sk/img001-ex.jpg,*,sk/img001-ex.jpg,,,,,,,,,,,,,,,,,,,,,,,0,1,en_sk_ex_271,,1,,37400,37400,,5,,,,,,,,,,,,,,,,,"23,24","NEW extension,Extension SoftBank 601HW BLACK"
1665,10341,747,645,No,264,2,カート用延長フラグ,Extension SoftBank 601HW BLACK,1,,,,,,,,*,sk/img001-ex.jpg,*,sk/img001-ex.jpg,,,,,,,,,,,,,,,,,,,,,,,0,1,en_sk_ex_271,,1,,37400,37400,,5,,,,,,,,,,,,,,,,,"23,24","NEW extension,Extension SoftBank 601HW BLACK"
1665,10343,747,646,No,265,2,カート用延長フラグ,Extension SoftBank 601HW BLACK,1,,,,,,,,*,sk/img001-ex.jpg,*,sk/img001-ex.jpg,,,,,,,,,,,,,,,,,,,,,,,0,1,en_sk_ex_271,,1,,37400,37400,,5,,,,,,,,,,,,,,,,,"23,24","NEW extension,Extension SoftBank 601HW BLACK"
1665,10345,747,647,No,266,2,カート用延長フラグ,Extension SoftBank 601HW BLACK,1,,,,,,,,*,sk/img001-ex.jpg,*,sk/img001-ex.jpg,,,,,,,,,,,,,,,,,,,,,,,0,1,en_sk_ex_271,,1,,37400,37400,,5,,,,,,,,,,,,,,,,,"23,24","NEW extension,Extension SoftBank 601HW BLACK"
1665,10347,747,648,No,267,2,カート用延長フラグ,Extension SoftBank 601HW BLACK,1,,,,,,,,*,sk/img001-ex.jpg,*,sk/img001-ex.jpg,,,,,,,,,,,,,,,,,,,,,,,0,1,en_sk_ex_271,,1,,37400,37400,,5,,,,,,,,,,,,,,,,,"23,24","NEW extension,Extension SoftBank 601HW BLACK"
1665,10349,747,649,No,268,2,カート用延長フラグ,Extension SoftBank 601HW BLACK,1,,,,,,,,*,sk/img001-ex.jpg,*,sk/img001-ex.jpg,,,,,,,,,,,,,,,,,,,,,,,0,1,en_sk_ex_271,,1,,37400,37400,,5,,,,,,,,,,,,,,,,,"23,24","NEW extension,Extension SoftBank 601HW BLACK"
1665,10351,747,650,No,269,2,カート用延長フラグ,Extension SoftBank 601HW BLACK,1,,,,,,,,*,sk/img001-ex.jpg,*,sk/img001-ex.jpg,,,,,,,,,,,,,,,,,,,,,,,0,1,en_sk_ex_271,,1,,37400,37400,,5,,,,,,,,,,,,,,,,,"23,24","NEW extension,Extension SoftBank 601HW BLACK"
1665,10353,747,651,No,270,2,カート用延長フラグ,Extension SoftBank 601HW BLACK,1,,,,,,,,*,sk/img001-ex.jpg,*,sk/img001-ex.jpg,,,,,,,,,,,,,,,,,,,,,,,0,1,en_sk_ex_271,,1,,37400,37400,,5,,,,,,,,,,,,,,,,,"23,24","NEW extension,Extension SoftBank 601HW BLACK"
1665,10355,747,652,No,271,2,カート用延長フラグ,Extension SoftBank 601HW BLACK,1,,,,,,,,*,sk/img001-ex.jpg,*,sk/img001-ex.jpg,,,,,,,,,,,,,,,,,,,,,,,0,1,en_sk_ex_271,,1,,37400,37400,,5,,,,,,,,,,,,,,,,,"23,24","NEW extension,Extension SoftBank 601HW BLACK"
1665,10357,747,653,No,272,2,カート用延長フラグ,Extension SoftBank 601HW BLACK,1,,,,,,,,*,sk/img001-ex.jpg,*,sk/img001-ex.jpg,,,,,,,,,,,,,,,,,,,,,,,0,1,en_sk_ex_272,,1,,37790,37790,,5,,,,,,,,,,,,,,,,,"23,24","NEW extension,Extension SoftBank 601HW BLACK"
1665,10359,747,654,No,273,2,カート用延長フラグ,Extension SoftBank 601HW BLACK,1,,,,,,,,*,sk/img001-ex.jpg,*,sk/img001-ex.jpg,,,,,,,,,,,,,,,,,,,,,,,0,1,en_sk_ex_273,,1,,38180,38180,,5,,,,,,,,,,,,,,,,,"23,24","NEW extension,Extension SoftBank 601HW BLACK"
1665,10361,747,655,No,274,2,カート用延長フラグ,Extension SoftBank 601HW BLACK,1,,,,,,,,*,sk/img001-ex.jpg,*,sk/img001-ex.jpg,,,,,,,,,,,,,,,,,,,,,,,0,1,en_sk_ex_274,,1,,38570,38570,,5,,,,,,,,,,,,,,,,,"23,24","NEW extension,Extension SoftBank 601HW BLACK"
1665,10363,747,656,No,275,2,カート用延長フラグ,Extension SoftBank 601HW BLACK,1,,,,,,,,*,sk/img001-ex.jpg,*,sk/img001-ex.jpg,,,,,,,,,,,,,,,,,,,,,,,0,1,en_sk_ex_275,,1,,38960,38960,,5,,,,,,,,,,,,,,,,,"23,24","NEW extension,Extension SoftBank 601HW BLACK"
1665,10365,747,657,No,276,2,カート用延長フラグ,Extension SoftBank 601HW BLACK,1,,,,,,,,*,sk/img001-ex.jpg,*,sk/img001-ex.jpg,,,,,,,,,,,,,,,,,,,,,,,0,1,en_sk_ex_276,,1,,39350,39350,,5,,,,,,,,,,,,,,,,,"23,24","NEW extension,Extension SoftBank 601HW BLACK"
1665,10367,747,658,No,277,2,カート用延長フラグ,Extension SoftBank 601HW BLACK,1,,,,,,,,*,sk/img001-ex.jpg,*,sk/img001-ex.jpg,,,,,,,,,,,,,,,,,,,,,,,0,1,en_sk_ex_277,,1,,39740,39740,,5,,,,,,,,,,,,,,,,,"23,24","NEW extension,Extension SoftBank 601HW BLACK"
1665,10369,747,659,No,278,2,カート用延長フラグ,Extension SoftBank 601HW BLACK,1,,,,,,,,*,sk/img001-ex.jpg,*,sk/img001-ex.jpg,,,,,,,,,,,,,,,,,,,,,,,0,1,en_sk_ex_278,,1,,40130,40130,,5,,,,,,,,,,,,,,,,,"23,24","NEW extension,Extension SoftBank 601HW BLACK"
1665,10371,747,660,No,279,2,カート用延長フラグ,Extension SoftBank 601HW BLACK,1,,,,,,,,*,sk/img001-ex.jpg,*,sk/img001-ex.jpg,,,,,,,,,,,,,,,,,,,,,,,0,1,en_sk_ex_279,,1,,40520,40520,,5,,,,,,,,,,,,,,,,,"23,24","NEW extension,Extension SoftBank 601HW BLACK"
1665,10373,747,661,No,280,2,カート用延長フラグ,Extension SoftBank 601HW BLACK,1,,,,,,,,*,sk/img001-ex.jpg,*,sk/img001-ex.jpg,,,,,,,,,,,,,,,,,,,,,,,0,1,en_sk_ex_280,,1,,40910,40910,,5,,,,,,,,,,,,,,,,,"23,24","NEW extension,Extension SoftBank 601HW BLACK"
1665,10375,747,662,No,281,2,カート用延長フラグ,Extension SoftBank 601HW BLACK,1,,,,,,,,*,sk/img001-ex.jpg,*,sk/img001-ex.jpg,,,,,,,,,,,,,,,,,,,,,,,0,1,en_sk_ex_281,,1,,41300,41300,,5,,,,,,,,,,,,,,,,,"23,24","NEW extension,Extension SoftBank 601HW BLACK"
1665,10377,747,663,No,282,2,カート用延長フラグ,Extension SoftBank 601HW BLACK,1,,,,,,,,*,sk/img001-ex.jpg,*,sk/img001-ex.jpg,,,,,,,,,,,,,,,,,,,,,,,0,1,en_sk_ex_301,,1,,41600,41600,,5,,,,,,,,,,,,,,,,,"23,24","NEW extension,Extension SoftBank 601HW BLACK"
1665,10379,747,664,No,283,2,カート用延長フラグ,Extension SoftBank 601HW BLACK,1,,,,,,,,*,sk/img001-ex.jpg,*,sk/img001-ex.jpg,,,,,,,,,,,,,,,,,,,,,,,0,1,en_sk_ex_301,,1,,41600,41600,,5,,,,,,,,,,,,,,,,,"23,24","NEW extension,Extension SoftBank 601HW BLACK"
1665,10381,747,665,No,284,2,カート用延長フラグ,Extension SoftBank 601HW BLACK,1,,,,,,,,*,sk/img001-ex.jpg,*,sk/img001-ex.jpg,,,,,,,,,,,,,,,,,,,,,,,0,1,en_sk_ex_301,,1,,41600,41600,,5,,,,,,,,,,,,,,,,,"23,24","NEW extension,Extension SoftBank 601HW BLACK"
1665,10383,747,666,No,285,2,カート用延長フラグ,Extension SoftBank 601HW BLACK,1,,,,,,,,*,sk/img001-ex.jpg,*,sk/img001-ex.jpg,,,,,,,,,,,,,,,,,,,,,,,0,1,en_sk_ex_301,,1,,41600,41600,,5,,,,,,,,,,,,,,,,,"23,24","NEW extension,Extension SoftBank 601HW BLACK"
1665,10385,747,667,No,286,2,カート用延長フラグ,Extension SoftBank 601HW BLACK,1,,,,,,,,*,sk/img001-ex.jpg,*,sk/img001-ex.jpg,,,,,,,,,,,,,,,,,,,,,,,0,1,en_sk_ex_301,,1,,41600,41600,,5,,,,,,,,,,,,,,,,,"23,24","NEW extension,Extension SoftBank 601HW BLACK"
1665,10387,747,668,No,287,2,カート用延長フラグ,Extension SoftBank 601HW BLACK,1,,,,,,,,*,sk/img001-ex.jpg,*,sk/img001-ex.jpg,,,,,,,,,,,,,,,,,,,,,,,0,1,en_sk_ex_301,,1,,41600,41600,,5,,,,,,,,,,,,,,,,,"23,24","NEW extension,Extension SoftBank 601HW BLACK"
1665,10389,747,669,No,288,2,カート用延長フラグ,Extension SoftBank 601HW BLACK,1,,,,,,,,*,sk/img001-ex.jpg,*,sk/img001-ex.jpg,,,,,,,,,,,,,,,,,,,,,,,0,1,en_sk_ex_301,,1,,41600,41600,,5,,,,,,,,,,,,,,,,,"23,24","NEW extension,Extension SoftBank 601HW BLACK"
1665,10391,747,670,No,289,2,カート用延長フラグ,Extension SoftBank 601HW BLACK,1,,,,,,,,*,sk/img001-ex.jpg,*,sk/img001-ex.jpg,,,,,,,,,,,,,,,,,,,,,,,0,1,en_sk_ex_301,,1,,41600,41600,,5,,,,,,,,,,,,,,,,,"23,24","NEW extension,Extension SoftBank 601HW BLACK"
1665,10393,747,671,No,290,2,カート用延長フラグ,Extension SoftBank 601HW BLACK,1,,,,,,,,*,sk/img001-ex.jpg,*,sk/img001-ex.jpg,,,,,,,,,,,,,,,,,,,,,,,0,1,en_sk_ex_301,,1,,41600,41600,,5,,,,,,,,,,,,,,,,,"23,24","NEW extension,Extension SoftBank 601HW BLACK"
1665,10395,747,672,No,291,2,カート用延長フラグ,Extension SoftBank 601HW BLACK,1,,,,,,,,*,sk/img001-ex.jpg,*,sk/img001-ex.jpg,,,,,,,,,,,,,,,,,,,,,,,0,1,en_sk_ex_301,,1,,41600,41600,,5,,,,,,,,,,,,,,,,,"23,24","NEW extension,Extension SoftBank 601HW BLACK"
1665,10397,747,673,No,292,2,カート用延長フラグ,Extension SoftBank 601HW BLACK,1,,,,,,,,*,sk/img001-ex.jpg,*,sk/img001-ex.jpg,,,,,,,,,,,,,,,,,,,,,,,0,1,en_sk_ex_301,,1,,41600,41600,,5,,,,,,,,,,,,,,,,,"23,24","NEW extension,Extension SoftBank 601HW BLACK"
1665,10399,747,674,No,293,2,カート用延長フラグ,Extension SoftBank 601HW BLACK,1,,,,,,,,*,sk/img001-ex.jpg,*,sk/img001-ex.jpg,,,,,,,,,,,,,,,,,,,,,,,0,1,en_sk_ex_301,,1,,41600,41600,,5,,,,,,,,,,,,,,,,,"23,24","NEW extension,Extension SoftBank 601HW BLACK"
1665,10401,747,675,No,294,2,カート用延長フラグ,Extension SoftBank 601HW BLACK,1,,,,,,,,*,sk/img001-ex.jpg,*,sk/img001-ex.jpg,,,,,,,,,,,,,,,,,,,,,,,0,1,en_sk_ex_301,,1,,41600,41600,,5,,,,,,,,,,,,,,,,,"23,24","NEW extension,Extension SoftBank 601HW BLACK"
1665,10403,747,676,No,295,2,カート用延長フラグ,Extension SoftBank 601HW BLACK,1,,,,,,,,*,sk/img001-ex.jpg,*,sk/img001-ex.jpg,,,,,,,,,,,,,,,,,,,,,,,0,1,en_sk_ex_301,,1,,41600,41600,,5,,,,,,,,,,,,,,,,,"23,24","NEW extension,Extension SoftBank 601HW BLACK"
1665,10405,747,677,No,296,2,カート用延長フラグ,Extension SoftBank 601HW BLACK,1,,,,,,,,*,sk/img001-ex.jpg,*,sk/img001-ex.jpg,,,,,,,,,,,,,,,,,,,,,,,0,1,en_sk_ex_301,,1,,41600,41600,,5,,,,,,,,,,,,,,,,,"23,24","NEW extension,Extension SoftBank 601HW BLACK"
1665,10407,747,678,No,297,2,カート用延長フラグ,Extension SoftBank 601HW BLACK,1,,,,,,,,*,sk/img001-ex.jpg,*,sk/img001-ex.jpg,,,,,,,,,,,,,,,,,,,,,,,0,1,en_sk_ex_301,,1,,41600,41600,,5,,,,,,,,,,,,,,,,,"23,24","NEW extension,Extension SoftBank 601HW BLACK"
1665,10409,747,679,No,298,2,カート用延長フラグ,Extension SoftBank 601HW BLACK,1,,,,,,,,*,sk/img001-ex.jpg,*,sk/img001-ex.jpg,,,,,,,,,,,,,,,,,,,,,,,0,1,en_sk_ex_301,,1,,41600,41600,,5,,,,,,,,,,,,,,,,,"23,24","NEW extension,Extension SoftBank 601HW BLACK"
1665,10411,747,680,No,299,2,カート用延長フラグ,Extension SoftBank 601HW BLACK,1,,,,,,,,*,sk/img001-ex.jpg,*,sk/img001-ex.jpg,,,,,,,,,,,,,,,,,,,,,,,0,1,en_sk_ex_301,,1,,41600,41600,,5,,,,,,,,,,,,,,,,,"23,24","NEW extension,Extension SoftBank 601HW BLACK"
1665,10413,747,681,No,300,2,カート用延長フラグ,Extension SoftBank 601HW BLACK,1,,,,,,,,*,sk/img001-ex.jpg,*,sk/img001-ex.jpg,,,,,,,,,,,,,,,,,,,,,,,0,1,en_sk_ex_301,,1,,41600,41600,,5,,,,,,,,,,,,,,,,,"23,24","NEW extension,Extension SoftBank 601HW BLACK"
1665,10415,747,682,No,301,2,カート用延長フラグ,Extension SoftBank 601HW BLACK,1,,,,,,,,*,sk/img001-ex.jpg,*,sk/img001-ex.jpg,,,,,,,,,,,,,,,,,,,,,,,0,1,en_sk_ex_301,,1,,41600,41600,,5,,,,,,,,,,,,,,,,,"23,24","NEW extension,Extension SoftBank 601HW BLACK"
1665,10417,747,683,No,302,2,カート用延長フラグ,Extension SoftBank 601HW BLACK,1,,,,,,,,*,sk/img001-ex.jpg,*,sk/img001-ex.jpg,,,,,,,,,,,,,,,,,,,,,,,0,1,en_sk_ex_302,,1,,41990,41990,,5,,,,,,,,,,,,,,,,,"23,24","NEW extension,Extension SoftBank 601HW BLACK"
1665,10419,747,684,No,303,2,カート用延長フラグ,Extension SoftBank 601HW BLACK,1,,,,,,,,*,sk/img001-ex.jpg,*,sk/img001-ex.jpg,,,,,,,,,,,,,,,,,,,,,,,0,1,en_sk_ex_303,,1,,42380,42380,,5,,,,,,,,,,,,,,,,,"23,24","NEW extension,Extension SoftBank 601HW BLACK"
1665,10421,747,685,No,304,2,カート用延長フラグ,Extension SoftBank 601HW BLACK,1,,,,,,,,*,sk/img001-ex.jpg,*,sk/img001-ex.jpg,,,,,,,,,,,,,,,,,,,,,,,0,1,en_sk_ex_304,,1,,42770,42770,,5,,,,,,,,,,,,,,,,,"23,24","NEW extension,Extension SoftBank 601HW BLACK"
1665,10423,747,686,No,305,2,カート用延長フラグ,Extension SoftBank 601HW BLACK,1,,,,,,,,*,sk/img001-ex.jpg,*,sk/img001-ex.jpg,,,,,,,,,,,,,,,,,,,,,,,0,1,en_sk_ex_305,,1,,43160,43160,,5,,,,,,,,,,,,,,,,,"23,24","NEW extension,Extension SoftBank 601HW BLACK"
1665,10425,747,687,No,306,2,カート用延長フラグ,Extension SoftBank 601HW BLACK,1,,,,,,,,*,sk/img001-ex.jpg,*,sk/img001-ex.jpg,,,,,,,,,,,,,,,,,,,,,,,0,1,en_sk_ex_306,,1,,43550,43550,,5,,,,,,,,,,,,,,,,,"23,24","NEW extension,Extension SoftBank 601HW BLACK"
1665,10427,747,688,No,307,2,カート用延長フラグ,Extension SoftBank 601HW BLACK,1,,,,,,,,*,sk/img001-ex.jpg,*,sk/img001-ex.jpg,,,,,,,,,,,,,,,,,,,,,,,0,1,en_sk_ex_331,,1,,43600,43600,,5,,,,,,,,,,,,,,,,,"23,24","NEW extension,Extension SoftBank 601HW BLACK"
1665,10429,747,689,No,308,2,カート用延長フラグ,Extension SoftBank 601HW BLACK,1,,,,,,,,*,sk/img001-ex.jpg,*,sk/img001-ex.jpg,,,,,,,,,,,,,,,,,,,,,,,0,1,en_sk_ex_331,,1,,43600,43600,,5,,,,,,,,,,,,,,,,,"23,24","NEW extension,Extension SoftBank 601HW BLACK"
1665,10431,747,690,No,309,2,カート用延長フラグ,Extension SoftBank 601HW BLACK,1,,,,,,,,*,sk/img001-ex.jpg,*,sk/img001-ex.jpg,,,,,,,,,,,,,,,,,,,,,,,0,1,en_sk_ex_331,,1,,43600,43600,,5,,,,,,,,,,,,,,,,,"23,24","NEW extension,Extension SoftBank 601HW BLACK"
1665,10433,747,691,No,310,2,カート用延長フラグ,Extension SoftBank 601HW BLACK,1,,,,,,,,*,sk/img001-ex.jpg,*,sk/img001-ex.jpg,,,,,,,,,,,,,,,,,,,,,,,0,1,en_sk_ex_331,,1,,43600,43600,,5,,,,,,,,,,,,,,,,,"23,24","NEW extension,Extension SoftBank 601HW BLACK"
1665,10435,747,692,No,311,2,カート用延長フラグ,Extension SoftBank 601HW BLACK,1,,,,,,,,*,sk/img001-ex.jpg,*,sk/img001-ex.jpg,,,,,,,,,,,,,,,,,,,,,,,0,1,en_sk_ex_331,,1,,43600,43600,,5,,,,,,,,,,,,,,,,,"23,24","NEW extension,Extension SoftBank 601HW BLACK"
1665,10437,747,693,No,312,2,カート用延長フラグ,Extension SoftBank 601HW BLACK,1,,,,,,,,*,sk/img001-ex.jpg,*,sk/img001-ex.jpg,,,,,,,,,,,,,,,,,,,,,,,0,1,en_sk_ex_331,,1,,43600,43600,,5,,,,,,,,,,,,,,,,,"23,24","NEW extension,Extension SoftBank 601HW BLACK"
1665,10439,747,694,No,313,2,カート用延長フラグ,Extension SoftBank 601HW BLACK,1,,,,,,,,*,sk/img001-ex.jpg,*,sk/img001-ex.jpg,,,,,,,,,,,,,,,,,,,,,,,0,1,en_sk_ex_331,,1,,43600,43600,,5,,,,,,,,,,,,,,,,,"23,24","NEW extension,Extension SoftBank 601HW BLACK"
1665,10441,747,695,No,314,2,カート用延長フラグ,Extension SoftBank 601HW BLACK,1,,,,,,,,*,sk/img001-ex.jpg,*,sk/img001-ex.jpg,,,,,,,,,,,,,,,,,,,,,,,0,1,en_sk_ex_331,,1,,43600,43600,,5,,,,,,,,,,,,,,,,,"23,24","NEW extension,Extension SoftBank 601HW BLACK"
1665,10443,747,696,No,315,2,カート用延長フラグ,Extension SoftBank 601HW BLACK,1,,,,,,,,*,sk/img001-ex.jpg,*,sk/img001-ex.jpg,,,,,,,,,,,,,,,,,,,,,,,0,1,en_sk_ex_331,,1,,43600,43600,,5,,,,,,,,,,,,,,,,,"23,24","NEW extension,Extension SoftBank 601HW BLACK"
1665,10445,747,697,No,316,2,カート用延長フラグ,Extension SoftBank 601HW BLACK,1,,,,,,,,*,sk/img001-ex.jpg,*,sk/img001-ex.jpg,,,,,,,,,,,,,,,,,,,,,,,0,1,en_sk_ex_331,,1,,43600,43600,,5,,,,,,,,,,,,,,,,,"23,24","NEW extension,Extension SoftBank 601HW BLACK"
1665,10447,747,698,No,317,2,カート用延長フラグ,Extension SoftBank 601HW BLACK,1,,,,,,,,*,sk/img001-ex.jpg,*,sk/img001-ex.jpg,,,,,,,,,,,,,,,,,,,,,,,0,1,en_sk_ex_331,,1,,43600,43600,,5,,,,,,,,,,,,,,,,,"23,24","NEW extension,Extension SoftBank 601HW BLACK"
1665,10449,747,699,No,318,2,カート用延長フラグ,Extension SoftBank 601HW BLACK,1,,,,,,,,*,sk/img001-ex.jpg,*,sk/img001-ex.jpg,,,,,,,,,,,,,,,,,,,,,,,0,1,en_sk_ex_331,,1,,43600,43600,,5,,,,,,,,,,,,,,,,,"23,24","NEW extension,Extension SoftBank 601HW BLACK"
1665,10451,747,700,No,319,2,カート用延長フラグ,Extension SoftBank 601HW BLACK,1,,,,,,,,*,sk/img001-ex.jpg,*,sk/img001-ex.jpg,,,,,,,,,,,,,,,,,,,,,,,0,1,en_sk_ex_331,,1,,43600,43600,,5,,,,,,,,,,,,,,,,,"23,24","NEW extension,Extension SoftBank 601HW BLACK"
1665,10453,747,701,No,320,2,カート用延長フラグ,Extension SoftBank 601HW BLACK,1,,,,,,,,*,sk/img001-ex.jpg,*,sk/img001-ex.jpg,,,,,,,,,,,,,,,,,,,,,,,0,1,en_sk_ex_331,,1,,43600,43600,,5,,,,,,,,,,,,,,,,,"23,24","NEW extension,Extension SoftBank 601HW BLACK"
1665,10455,747,702,No,321,2,カート用延長フラグ,Extension SoftBank 601HW BLACK,1,,,,,,,,*,sk/img001-ex.jpg,*,sk/img001-ex.jpg,,,,,,,,,,,,,,,,,,,,,,,0,1,en_sk_ex_331,,1,,43600,43600,,5,,,,,,,,,,,,,,,,,"23,24","NEW extension,Extension SoftBank 601HW BLACK"
1665,10457,747,703,No,322,2,カート用延長フラグ,Extension SoftBank 601HW BLACK,1,,,,,,,,*,sk/img001-ex.jpg,*,sk/img001-ex.jpg,,,,,,,,,,,,,,,,,,,,,,,0,1,en_sk_ex_331,,1,,43600,43600,,5,,,,,,,,,,,,,,,,,"23,24","NEW extension,Extension SoftBank 601HW BLACK"
1665,10459,747,704,No,323,2,カート用延長フラグ,Extension SoftBank 601HW BLACK,1,,,,,,,,*,sk/img001-ex.jpg,*,sk/img001-ex.jpg,,,,,,,,,,,,,,,,,,,,,,,0,1,en_sk_ex_331,,1,,43600,43600,,5,,,,,,,,,,,,,,,,,"23,24","NEW extension,Extension SoftBank 601HW BLACK"
1665,10461,747,705,No,324,2,カート用延長フラグ,Extension SoftBank 601HW BLACK,1,,,,,,,,*,sk/img001-ex.jpg,*,sk/img001-ex.jpg,,,,,,,,,,,,,,,,,,,,,,,0,1,en_sk_ex_331,,1,,43600,43600,,5,,,,,,,,,,,,,,,,,"23,24","NEW extension,Extension SoftBank 601HW BLACK"
1665,10463,747,706,No,325,2,カート用延長フラグ,Extension SoftBank 601HW BLACK,1,,,,,,,,*,sk/img001-ex.jpg,*,sk/img001-ex.jpg,,,,,,,,,,,,,,,,,,,,,,,0,1,en_sk_ex_331,,1,,43600,43600,,5,,,,,,,,,,,,,,,,,"23,24","NEW extension,Extension SoftBank 601HW BLACK"
1665,10465,747,707,No,326,2,カート用延長フラグ,Extension SoftBank 601HW BLACK,1,,,,,,,,*,sk/img001-ex.jpg,*,sk/img001-ex.jpg,,,,,,,,,,,,,,,,,,,,,,,0,1,en_sk_ex_331,,1,,43600,43600,,5,,,,,,,,,,,,,,,,,"23,24","NEW extension,Extension SoftBank 601HW BLACK"
1665,10467,747,708,No,327,2,カート用延長フラグ,Extension SoftBank 601HW BLACK,1,,,,,,,,*,sk/img001-ex.jpg,*,sk/img001-ex.jpg,,,,,,,,,,,,,,,,,,,,,,,0,1,en_sk_ex_331,,1,,43600,43600,,5,,,,,,,,,,,,,,,,,"23,24","NEW extension,Extension SoftBank 601HW BLACK"
1665,10469,747,709,No,328,2,カート用延長フラグ,Extension SoftBank 601HW BLACK,1,,,,,,,,*,sk/img001-ex.jpg,*,sk/img001-ex.jpg,,,,,,,,,,,,,,,,,,,,,,,0,1,en_sk_ex_331,,1,,43600,43600,,5,,,,,,,,,,,,,,,,,"23,24","NEW extension,Extension SoftBank 601HW BLACK"
1665,10471,747,710,No,329,2,カート用延長フラグ,Extension SoftBank 601HW BLACK,1,,,,,,,,*,sk/img001-ex.jpg,*,sk/img001-ex.jpg,,,,,,,,,,,,,,,,,,,,,,,0,1,en_sk_ex_331,,1,,43600,43600,,5,,,,,,,,,,,,,,,,,"23,24","NEW extension,Extension SoftBank 601HW BLACK"
1665,10473,747,711,No,330,2,カート用延長フラグ,Extension SoftBank 601HW BLACK,1,,,,,,,,*,sk/img001-ex.jpg,*,sk/img001-ex.jpg,,,,,,,,,,,,,,,,,,,,,,,0,1,en_sk_ex_331,,1,,43600,43600,,5,,,,,,,,,,,,,,,,,"23,24","NEW extension,Extension SoftBank 601HW BLACK"
1665,10475,747,712,No,331,2,カート用延長フラグ,Extension SoftBank 601HW BLACK,1,,,,,,,,*,sk/img001-ex.jpg,*,sk/img001-ex.jpg,,,,,,,,,,,,,,,,,,,,,,,0,1,en_sk_ex_331,,1,,43600,43600,,5,,,,,,,,,,,,,,,,,"23,24","NEW extension,Extension SoftBank 601HW BLACK"
1665,10477,747,713,No,332,2,カート用延長フラグ,Extension SoftBank 601HW BLACK,1,,,,,,,,*,sk/img001-ex.jpg,*,sk/img001-ex.jpg,,,,,,,,,,,,,,,,,,,,,,,0,1,en_sk_ex_332,,1,,43990,43990,,5,,,,,,,,,,,,,,,,,"23,24","NEW extension,Extension SoftBank 601HW BLACK"
1665,10479,747,714,No,333,2,カート用延長フラグ,Extension SoftBank 601HW BLACK,1,,,,,,,,*,sk/img001-ex.jpg,*,sk/img001-ex.jpg,,,,,,,,,,,,,,,,,,,,,,,0,1,en_sk_ex_333,,1,,44380,44380,,5,,,,,,,,,,,,,,,,,"23,24","NEW extension,Extension SoftBank 601HW BLACK"
1665,10481,747,715,No,334,2,カート用延長フラグ,Extension SoftBank 601HW BLACK,1,,,,,,,,*,sk/img001-ex.jpg,*,sk/img001-ex.jpg,,,,,,,,,,,,,,,,,,,,,,,0,1,en_sk_ex_334,,1,,44770,44770,,5,,,,,,,,,,,,,,,,,"23,24","NEW extension,Extension SoftBank 601HW BLACK"
1665,10483,747,717,No,335,2,カート用延長フラグ,Extension SoftBank 601HW BLACK,1,,,,,,,,*,sk/img001-ex.jpg,*,sk/img001-ex.jpg,,,,,,,,,,,,,,,,,,,,,,,0,1,en_sk_ex_335,,1,,45160,45160,,5,,,,,,,,,,,,,,,,,"23,24","NEW extension,Extension SoftBank 601HW BLACK"
1665,10485,747,718,No,336,2,カート用延長フラグ,Extension SoftBank 601HW BLACK,1,,,,,,,,*,sk/img001-ex.jpg,*,sk/img001-ex.jpg,,,,,,,,,,,,,,,,,,,,,,,0,1,en_sk_ex_336,,1,,45550,45550,,5,,,,,,,,,,,,,,,,,"23,24","NEW extension,Extension SoftBank 601HW BLACK"
1665,10487,747,719,No,337,2,カート用延長フラグ,Extension SoftBank 601HW BLACK,1,,,,,,,,*,sk/img001-ex.jpg,*,sk/img001-ex.jpg,,,,,,,,,,,,,,,,,,,,,,,0,1,en_sk_ex_361,,1,,45600,45600,,5,,,,,,,,,,,,,,,,,"23,24","NEW extension,Extension SoftBank 601HW BLACK"
1665,10489,747,720,No,338,2,カート用延長フラグ,Extension SoftBank 601HW BLACK,1,,,,,,,,*,sk/img001-ex.jpg,*,sk/img001-ex.jpg,,,,,,,,,,,,,,,,,,,,,,,0,1,en_sk_ex_361,,1,,45600,45600,,5,,,,,,,,,,,,,,,,,"23,24","NEW extension,Extension SoftBank 601HW BLACK"
1665,10491,747,721,No,339,2,カート用延長フラグ,Extension SoftBank 601HW BLACK,1,,,,,,,,*,sk/img001-ex.jpg,*,sk/img001-ex.jpg,,,,,,,,,,,,,,,,,,,,,,,0,1,en_sk_ex_361,,1,,45600,45600,,5,,,,,,,,,,,,,,,,,"23,24","NEW extension,Extension SoftBank 601HW BLACK"
1665,10493,747,722,No,340,2,カート用延長フラグ,Extension SoftBank 601HW BLACK,1,,,,,,,,*,sk/img001-ex.jpg,*,sk/img001-ex.jpg,,,,,,,,,,,,,,,,,,,,,,,0,1,en_sk_ex_361,,1,,45600,45600,,5,,,,,,,,,,,,,,,,,"23,24","NEW extension,Extension SoftBank 601HW BLACK"
1665,10495,747,723,No,341,2,カート用延長フラグ,Extension SoftBank 601HW BLACK,1,,,,,,,,*,sk/img001-ex.jpg,*,sk/img001-ex.jpg,,,,,,,,,,,,,,,,,,,,,,,0,1,en_sk_ex_361,,1,,45600,45600,,5,,,,,,,,,,,,,,,,,"23,24","NEW extension,Extension SoftBank 601HW BLACK"
1665,10497,747,724,No,342,2,カート用延長フラグ,Extension SoftBank 601HW BLACK,1,,,,,,,,*,sk/img001-ex.jpg,*,sk/img001-ex.jpg,,,,,,,,,,,,,,,,,,,,,,,0,1,en_sk_ex_361,,1,,45600,45600,,5,,,,,,,,,,,,,,,,,"23,24","NEW extension,Extension SoftBank 601HW BLACK"
1665,10499,747,725,No,343,2,カート用延長フラグ,Extension SoftBank 601HW BLACK,1,,,,,,,,*,sk/img001-ex.jpg,*,sk/img001-ex.jpg,,,,,,,,,,,,,,,,,,,,,,,0,1,en_sk_ex_361,,1,,45600,45600,,5,,,,,,,,,,,,,,,,,"23,24","NEW extension,Extension SoftBank 601HW BLACK"
1665,10501,747,726,No,344,2,カート用延長フラグ,Extension SoftBank 601HW BLACK,1,,,,,,,,*,sk/img001-ex.jpg,*,sk/img001-ex.jpg,,,,,,,,,,,,,,,,,,,,,,,0,1,en_sk_ex_361,,1,,45600,45600,,5,,,,,,,,,,,,,,,,,"23,24","NEW extension,Extension SoftBank 601HW BLACK"
1665,10503,747,727,No,345,2,カート用延長フラグ,Extension SoftBank 601HW BLACK,1,,,,,,,,*,sk/img001-ex.jpg,*,sk/img001-ex.jpg,,,,,,,,,,,,,,,,,,,,,,,0,1,en_sk_ex_361,,1,,45600,45600,,5,,,,,,,,,,,,,,,,,"23,24","NEW extension,Extension SoftBank 601HW BLACK"
1665,10505,747,728,No,346,2,カート用延長フラグ,Extension SoftBank 601HW BLACK,1,,,,,,,,*,sk/img001-ex.jpg,*,sk/img001-ex.jpg,,,,,,,,,,,,,,,,,,,,,,,0,1,en_sk_ex_361,,1,,45600,45600,,5,,,,,,,,,,,,,,,,,"23,24","NEW extension,Extension SoftBank 601HW BLACK"
1665,10507,747,729,No,347,2,カート用延長フラグ,Extension SoftBank 601HW BLACK,1,,,,,,,,*,sk/img001-ex.jpg,*,sk/img001-ex.jpg,,,,,,,,,,,,,,,,,,,,,,,0,1,en_sk_ex_361,,1,,45600,45600,,5,,,,,,,,,,,,,,,,,"23,24","NEW extension,Extension SoftBank 601HW BLACK"
1665,10509,747,730,No,348,2,カート用延長フラグ,Extension SoftBank 601HW BLACK,1,,,,,,,,*,sk/img001-ex.jpg,*,sk/img001-ex.jpg,,,,,,,,,,,,,,,,,,,,,,,0,1,en_sk_ex_361,,1,,45600,45600,,5,,,,,,,,,,,,,,,,,"23,24","NEW extension,Extension SoftBank 601HW BLACK"
1665,10511,747,731,No,349,2,カート用延長フラグ,Extension SoftBank 601HW BLACK,1,,,,,,,,*,sk/img001-ex.jpg,*,sk/img001-ex.jpg,,,,,,,,,,,,,,,,,,,,,,,0,1,en_sk_ex_361,,1,,45600,45600,,5,,,,,,,,,,,,,,,,,"23,24","NEW extension,Extension SoftBank 601HW BLACK"
1665,10513,747,732,No,350,2,カート用延長フラグ,Extension SoftBank 601HW BLACK,1,,,,,,,,*,sk/img001-ex.jpg,*,sk/img001-ex.jpg,,,,,,,,,,,,,,,,,,,,,,,0,1,en_sk_ex_361,,1,,45600,45600,,5,,,,,,,,,,,,,,,,,"23,24","NEW extension,Extension SoftBank 601HW BLACK"
1665,10515,747,733,No,351,2,カート用延長フラグ,Extension SoftBank 601HW BLACK,1,,,,,,,,*,sk/img001-ex.jpg,*,sk/img001-ex.jpg,,,,,,,,,,,,,,,,,,,,,,,0,1,en_sk_ex_361,,1,,45600,45600,,5,,,,,,,,,,,,,,,,,"23,24","NEW extension,Extension SoftBank 601HW BLACK"
1665,10517,747,734,No,352,2,カート用延長フラグ,Extension SoftBank 601HW BLACK,1,,,,,,,,*,sk/img001-ex.jpg,*,sk/img001-ex.jpg,,,,,,,,,,,,,,,,,,,,,,,0,1,en_sk_ex_361,,1,,45600,45600,,5,,,,,,,,,,,,,,,,,"23,24","NEW extension,Extension SoftBank 601HW BLACK"
1665,10519,747,735,No,353,2,カート用延長フラグ,Extension SoftBank 601HW BLACK,1,,,,,,,,*,sk/img001-ex.jpg,*,sk/img001-ex.jpg,,,,,,,,,,,,,,,,,,,,,,,0,1,en_sk_ex_361,,1,,45600,45600,,5,,,,,,,,,,,,,,,,,"23,24","NEW extension,Extension SoftBank 601HW BLACK"
1665,10521,747,736,No,354,2,カート用延長フラグ,Extension SoftBank 601HW BLACK,1,,,,,,,,*,sk/img001-ex.jpg,*,sk/img001-ex.jpg,,,,,,,,,,,,,,,,,,,,,,,0,1,en_sk_ex_361,,1,,45600,45600,,5,,,,,,,,,,,,,,,,,"23,24","NEW extension,Extension SoftBank 601HW BLACK"
1665,10523,747,737,No,355,2,カート用延長フラグ,Extension SoftBank 601HW BLACK,1,,,,,,,,*,sk/img001-ex.jpg,*,sk/img001-ex.jpg,,,,,,,,,,,,,,,,,,,,,,,0,1,en_sk_ex_361,,1,,45600,45600,,5,,,,,,,,,,,,,,,,,"23,24","NEW extension,Extension SoftBank 601HW BLACK"
1665,10525,747,738,No,356,2,カート用延長フラグ,Extension SoftBank 601HW BLACK,1,,,,,,,,*,sk/img001-ex.jpg,*,sk/img001-ex.jpg,,,,,,,,,,,,,,,,,,,,,,,0,1,en_sk_ex_361,,1,,45600,45600,,5,,,,,,,,,,,,,,,,,"23,24","NEW extension,Extension SoftBank 601HW BLACK"
1665,10527,747,739,No,357,2,カート用延長フラグ,Extension SoftBank 601HW BLACK,1,,,,,,,,*,sk/img001-ex.jpg,*,sk/img001-ex.jpg,,,,,,,,,,,,,,,,,,,,,,,0,1,en_sk_ex_361,,1,,45600,45600,,5,,,,,,,,,,,,,,,,,"23,24","NEW extension,Extension SoftBank 601HW BLACK"
1665,10529,747,740,No,358,2,カート用延長フラグ,Extension SoftBank 601HW BLACK,1,,,,,,,,*,sk/img001-ex.jpg,*,sk/img001-ex.jpg,,,,,,,,,,,,,,,,,,,,,,,0,1,en_sk_ex_361,,1,,45600,45600,,5,,,,,,,,,,,,,,,,,"23,24","NEW extension,Extension SoftBank 601HW BLACK"
1665,10531,747,741,No,359,2,カート用延長フラグ,Extension SoftBank 601HW BLACK,1,,,,,,,,*,sk/img001-ex.jpg,*,sk/img001-ex.jpg,,,,,,,,,,,,,,,,,,,,,,,0,1,en_sk_ex_361,,1,,45600,45600,,5,,,,,,,,,,,,,,,,,"23,24","NEW extension,Extension SoftBank 601HW BLACK"
1665,10533,747,742,No,360,2,カート用延長フラグ,Extension SoftBank 601HW BLACK,1,,,,,,,,*,sk/img001-ex.jpg,*,sk/img001-ex.jpg,,,,,,,,,,,,,,,,,,,,,,,0,1,en_sk_ex_361,,1,,45600,45600,,5,,,,,,,,,,,,,,,,,"23,24","NEW extension,Extension SoftBank 601HW BLACK"
1665,10535,747,743,No,361,2,カート用延長フラグ,Extension SoftBank 601HW BLACK,1,,,,,,,,*,sk/img001-ex.jpg,*,sk/img001-ex.jpg,,,,,,,,,,,,,,,,,,,,,,,0,1,en_sk_ex_361,,1,,45600,45600,,5,,,,,,,,,,,,,,,,,"23,24","NEW extension,Extension SoftBank 601HW BLACK"
1665,10537,747,744,No,362,2,カート用延長フラグ,Extension SoftBank 601HW BLACK,1,,,,,,,,*,sk/img001-ex.jpg,*,sk/img001-ex.jpg,,,,,,,,,,,,,,,,,,,,,,,0,1,en_sk_ex_362,,1,,45990,45990,,5,,,,,,,,,,,,,,,,,"23,24","NEW extension,Extension SoftBank 601HW BLACK"
1665,10539,747,745,No,363,2,カート用延長フラグ,Extension SoftBank 601HW BLACK,1,,,,,,,,*,sk/img001-ex.jpg,*,sk/img001-ex.jpg,,,,,,,,,,,,,,,,,,,,,,,0,1,en_sk_ex_363,,1,,46380,46380,,5,,,,,,,,,,,,,,,,,"23,24","NEW extension,Extension SoftBank 601HW BLACK"
1665,10541,747,746,No,364,2,カート用延長フラグ,Extension SoftBank 601HW BLACK,1,,,,,,,,*,sk/img001-ex.jpg,*,sk/img001-ex.jpg,,,,,,,,,,,,,,,,,,,,,,,0,1,en_sk_ex_364,,1,,46770,46770,,5,,,,,,,,,,,,,,,,,"23,24","NEW extension,Extension SoftBank 601HW BLACK"
1669,12733,747,381,No,0,2,カート用延長フラグ,Extension SoftBank 303ZT,1,,,,,,,,*,303zt/img001-ex.jpg,*,303zt/img001-ex.jpg,,,,,,,,,,,,,,,,,,,,,,,0,1,en_sb_ex_000,,1,,490,490,,5,,,,,,,,,,,,,,,,,"23,29","NEW extension,Extension SoftBank 303ZT"
1669,12735,747,382,No,1,2,カート用延長フラグ,Extension SoftBank 303ZT,1,,,,,,,,*,303zt/img001-ex.jpg,*,303zt/img001-ex.jpg,,,,,,,,,,,,,,,,,,,,,,,0,1,en_sb_ex_001,,1,,980,980,,5,,,,,,,,,,,,,,,,,"23,29","NEW extension,Extension SoftBank 303ZT"
1669,12737,747,383,No,2,2,カート用延長フラグ,Extension SoftBank 303ZT,1,,,,,,,,*,303zt/img001-ex.jpg,*,303zt/img001-ex.jpg,,,,,,,,,,,,,,,,,,,,,,,0,1,en_sb_ex_002,,1,,1470,1470,,5,,,,,,,,,,,,,,,,,"23,29","NEW extension,Extension SoftBank 303ZT"
1669,12739,747,384,No,3,2,カート用延長フラグ,Extension SoftBank 303ZT,1,,,,,,,,*,303zt/img001-ex.jpg,*,303zt/img001-ex.jpg,,,,,,,,,,,,,,,,,,,,,,,0,1,en_sb_ex_003,,1,,1960,1960,,5,,,,,,,,,,,,,,,,,"23,29","NEW extension,Extension SoftBank 303ZT"
1669,12741,747,385,No,4,2,カート用延長フラグ,Extension SoftBank 303ZT,1,,,,,,,,*,303zt/img001-ex.jpg,*,303zt/img001-ex.jpg,,,,,,,,,,,,,,,,,,,,,,,0,1,en_sb_ex_004,,1,,2450,2450,,5,,,,,,,,,,,,,,,,,"23,29","NEW extension,Extension SoftBank 303ZT"
1669,12743,747,386,No,5,2,カート用延長フラグ,Extension SoftBank 303ZT,1,,,,,,,,*,303zt/img001-ex.jpg,*,303zt/img001-ex.jpg,,,,,,,,,,,,,,,,,,,,,,,0,1,en_sb_ex_005,,1,,2940,2940,,5,,,,,,,,,,,,,,,,,"23,29","NEW extension,Extension SoftBank 303ZT"
1669,12745,747,387,No,6,2,カート用延長フラグ,Extension SoftBank 303ZT,1,,,,,,,,*,303zt/img001-ex.jpg,*,303zt/img001-ex.jpg,,,,,,,,,,,,,,,,,,,,,,,0,1,en_sb_ex_006,,1,,3430,3430,,5,,,,,,,,,,,,,,,,,"23,29","NEW extension,Extension SoftBank 303ZT"
1669,12747,747,388,No,7,2,カート用延長フラグ,Extension SoftBank 303ZT,1,,,,,,,,*,303zt/img001-ex.jpg,*,303zt/img001-ex.jpg,,,,,,,,,,,,,,,,,,,,,,,0,1,en_sb_ex_007,,1,,3920,3920,,5,,,,,,,,,,,,,,,,,"23,29","NEW extension,Extension SoftBank 303ZT"
1669,12749,747,389,No,8,2,カート用延長フラグ,Extension SoftBank 303ZT,1,,,,,,,,*,303zt/img001-ex.jpg,*,303zt/img001-ex.jpg,,,,,,,,,,,,,,,,,,,,,,,0,1,en_sb_ex_008,,1,,4410,4410,,5,,,,,,,,,,,,,,,,,"23,29","NEW extension,Extension SoftBank 303ZT"
1669,12751,747,390,No,9,2,カート用延長フラグ,Extension SoftBank 303ZT,1,,,,,,,,*,303zt/img001-ex.jpg,*,303zt/img001-ex.jpg,,,,,,,,,,,,,,,,,,,,,,,0,1,en_sb_ex_009,,1,,4900,4900,,5,,,,,,,,,,,,,,,,,"23,29","NEW extension,Extension SoftBank 303ZT"
1669,12753,747,391,No,10,2,カート用延長フラグ,Extension SoftBank 303ZT,1,,,,,,,,*,303zt/img001-ex.jpg,*,303zt/img001-ex.jpg,,,,,,,,,,,,,,,,,,,,,,,0,1,en_sb_ex_010,,1,,5390,5390,,5,,,,,,,,,,,,,,,,,"23,29","NEW extension,Extension SoftBank 303ZT"
1669,12755,747,392,No,11,2,カート用延長フラグ,Extension SoftBank 303ZT,1,,,,,,,,*,303zt/img001-ex.jpg,*,303zt/img001-ex.jpg,,,,,,,,,,,,,,,,,,,,,,,0,1,en_sb_ex_011,,1,,5880,5880,,5,,,,,,,,,,,,,,,,,"23,29","NEW extension,Extension SoftBank 303ZT"
1669,12757,747,393,No,12,2,カート用延長フラグ,Extension SoftBank 303ZT,1,,,,,,,,*,303zt/img001-ex.jpg,*,303zt/img001-ex.jpg,,,,,,,,,,,,,,,,,,,,,,,0,1,en_sb_ex_012,,1,,6370,6370,,5,,,,,,,,,,,,,,,,,"23,29","NEW extension,Extension SoftBank 303ZT"
1669,12759,747,394,No,13,2,カート用延長フラグ,Extension SoftBank 303ZT,1,,,,,,,,*,303zt/img001-ex.jpg,*,303zt/img001-ex.jpg,,,,,,,,,,,,,,,,,,,,,,,0,1,en_sb_ex_013,,1,,6860,6860,,5,,,,,,,,,,,,,,,,,"23,29","NEW extension,Extension SoftBank 303ZT"
1669,12761,747,395,No,14,2,カート用延長フラグ,Extension SoftBank 303ZT,1,,,,,,,,*,303zt/img001-ex.jpg,*,303zt/img001-ex.jpg,,,,,,,,,,,,,,,,,,,,,,,0,1,en_sb_ex_014,,1,,7350,7350,,5,,,,,,,,,,,,,,,,,"23,29","NEW extension,Extension SoftBank 303ZT"
1669,12763,747,396,No,15,2,カート用延長フラグ,Extension SoftBank 303ZT,1,,,,,,,,*,303zt/img001-ex.jpg,*,303zt/img001-ex.jpg,,,,,,,,,,,,,,,,,,,,,,,0,1,en_sb_ex_014,,1,,7350,7350,,5,,,,,,,,,,,,,,,,,"23,29","NEW extension,Extension SoftBank 303ZT"
1669,12765,747,397,No,16,2,カート用延長フラグ,Extension SoftBank 303ZT,1,,,,,,,,*,303zt/img001-ex.jpg,*,303zt/img001-ex.jpg,,,,,,,,,,,,,,,,,,,,,,,0,1,en_sb_ex_014,,1,,7350,7350,,5,,,,,,,,,,,,,,,,,"23,29","NEW extension,Extension SoftBank 303ZT"
1669,12767,747,398,No,17,2,カート用延長フラグ,Extension SoftBank 303ZT,1,,,,,,,,*,303zt/img001-ex.jpg,*,303zt/img001-ex.jpg,,,,,,,,,,,,,,,,,,,,,,,0,1,en_sb_ex_014,,1,,7350,7350,,5,,,,,,,,,,,,,,,,,"23,29","NEW extension,Extension SoftBank 303ZT"
1669,12769,747,399,No,18,2,カート用延長フラグ,Extension SoftBank 303ZT,1,,,,,,,,*,303zt/img001-ex.jpg,*,303zt/img001-ex.jpg,,,,,,,,,,,,,,,,,,,,,,,0,1,en_sb_ex_014,,1,,7350,7350,,5,,,,,,,,,,,,,,,,,"23,29","NEW extension,Extension SoftBank 303ZT"
1669,12771,747,400,No,19,2,カート用延長フラグ,Extension SoftBank 303ZT,1,,,,,,,,*,303zt/img001-ex.jpg,*,303zt/img001-ex.jpg,,,,,,,,,,,,,,,,,,,,,,,0,1,en_sb_ex_014,,1,,7350,7350,,5,,,,,,,,,,,,,,,,,"23,29","NEW extension,Extension SoftBank 303ZT"
1669,12773,747,401,No,20,2,カート用延長フラグ,Extension SoftBank 303ZT,1,,,,,,,,*,303zt/img001-ex.jpg,*,303zt/img001-ex.jpg,,,,,,,,,,,,,,,,,,,,,,,0,1,en_sb_ex_014,,1,,7350,7350,,5,,,,,,,,,,,,,,,,,"23,29","NEW extension,Extension SoftBank 303ZT"
1669,12775,747,402,No,21,2,カート用延長フラグ,Extension SoftBank 303ZT,1,,,,,,,,*,303zt/img001-ex.jpg,*,303zt/img001-ex.jpg,,,,,,,,,,,,,,,,,,,,,,,0,1,en_sb_ex_014,,1,,7350,7350,,5,,,,,,,,,,,,,,,,,"23,29","NEW extension,Extension SoftBank 303ZT"
1669,12777,747,403,No,22,2,カート用延長フラグ,Extension SoftBank 303ZT,1,,,,,,,,*,303zt/img001-ex.jpg,*,303zt/img001-ex.jpg,,,,,,,,,,,,,,,,,,,,,,,0,1,en_sb_ex_014,,1,,7350,7350,,5,,,,,,,,,,,,,,,,,"23,29","NEW extension,Extension SoftBank 303ZT"
1669,12779,747,404,No,23,2,カート用延長フラグ,Extension SoftBank 303ZT,1,,,,,,,,*,303zt/img001-ex.jpg,*,303zt/img001-ex.jpg,,,,,,,,,,,,,,,,,,,,,,,0,1,en_sb_ex_014,,1,,7350,7350,,5,,,,,,,,,,,,,,,,,"23,29","NEW extension,Extension SoftBank 303ZT"
1669,12781,747,405,No,24,2,カート用延長フラグ,Extension SoftBank 303ZT,1,,,,,,,,*,303zt/img001-ex.jpg,*,303zt/img001-ex.jpg,,,,,,,,,,,,,,,,,,,,,,,0,1,en_sb_ex_014,,1,,7350,7350,,5,,,,,,,,,,,,,,,,,"23,29","NEW extension,Extension SoftBank 303ZT"
1669,12783,747,406,No,25,2,カート用延長フラグ,Extension SoftBank 303ZT,1,,,,,,,,*,303zt/img001-ex.jpg,*,303zt/img001-ex.jpg,,,,,,,,,,,,,,,,,,,,,,,0,1,en_sb_ex_014,,1,,7350,7350,,5,,,,,,,,,,,,,,,,,"23,29","NEW extension,Extension SoftBank 303ZT"
1669,12785,747,407,No,26,2,カート用延長フラグ,Extension SoftBank 303ZT,1,,,,,,,,*,303zt/img001-ex.jpg,*,303zt/img001-ex.jpg,,,,,,,,,,,,,,,,,,,,,,,0,1,en_sb_ex_014,,1,,7350,7350,,5,,,,,,,,,,,,,,,,,"23,29","NEW extension,Extension SoftBank 303ZT"
1669,12787,747,408,No,27,2,カート用延長フラグ,Extension SoftBank 303ZT,1,,,,,,,,*,303zt/img001-ex.jpg,*,303zt/img001-ex.jpg,,,,,,,,,,,,,,,,,,,,,,,0,1,en_sb_ex_014,,1,,7350,7350,,5,,,,,,,,,,,,,,,,,"23,29","NEW extension,Extension SoftBank 303ZT"
1669,12789,747,409,No,28,2,カート用延長フラグ,Extension SoftBank 303ZT,1,,,,,,,,*,303zt/img001-ex.jpg,*,303zt/img001-ex.jpg,,,,,,,,,,,,,,,,,,,,,,,0,1,en_sb_ex_014,,1,,7350,7350,,5,,,,,,,,,,,,,,,,,"23,29","NEW extension,Extension SoftBank 303ZT"
1669,12791,747,410,No,29,2,カート用延長フラグ,Extension SoftBank 303ZT,1,,,,,,,,*,303zt/img001-ex.jpg,*,303zt/img001-ex.jpg,,,,,,,,,,,,,,,,,,,,,,,0,1,en_sb_ex_014,,1,,7350,7350,,5,,,,,,,,,,,,,,,,,"23,29","NEW extension,Extension SoftBank 303ZT"
1669,12793,747,411,No,30,2,カート用延長フラグ,Extension SoftBank 303ZT,1,,,,,,,,*,303zt/img001-ex.jpg,*,303zt/img001-ex.jpg,,,,,,,,,,,,,,,,,,,,,,,0,1,en_sb_ex_014,,1,,7350,7350,,5,,,,,,,,,,,,,,,,,"23,29","NEW extension,Extension SoftBank 303ZT"
1669,12795,747,412,No,31,2,カート用延長フラグ,Extension SoftBank 303ZT,1,,,,,,,,*,303zt/img001-ex.jpg,*,303zt/img001-ex.jpg,,,,,,,,,,,,,,,,,,,,,,,0,1,en_sb_ex_031,,1,,7840,7840,,5,,,,,,,,,,,,,,,,,"23,29","NEW extension,Extension SoftBank 303ZT"
1669,12797,747,413,No,32,2,カート用延長フラグ,Extension SoftBank 303ZT,1,,,,,,,,*,303zt/img001-ex.jpg,*,303zt/img001-ex.jpg,,,,,,,,,,,,,,,,,,,,,,,0,1,en_sb_ex_032,,1,,8330,8330,,5,,,,,,,,,,,,,,,,,"23,29","NEW extension,Extension SoftBank 303ZT"
1669,12799,747,414,No,33,2,カート用延長フラグ,Extension SoftBank 303ZT,1,,,,,,,,*,303zt/img001-ex.jpg,*,303zt/img001-ex.jpg,,,,,,,,,,,,,,,,,,,,,,,0,1,en_sb_ex_033,,1,,8820,8820,,5,,,,,,,,,,,,,,,,,"23,29","NEW extension,Extension SoftBank 303ZT"
1669,12801,747,415,No,34,2,カート用延長フラグ,Extension SoftBank 303ZT,1,,,,,,,,*,303zt/img001-ex.jpg,*,303zt/img001-ex.jpg,,,,,,,,,,,,,,,,,,,,,,,0,1,en_sb_ex_034,,1,,9310,9310,,5,,,,,,,,,,,,,,,,,"23,29","NEW extension,Extension SoftBank 303ZT"
1669,12803,747,416,No,35,2,カート用延長フラグ,Extension SoftBank 303ZT,1,,,,,,,,*,303zt/img001-ex.jpg,*,303zt/img001-ex.jpg,,,,,,,,,,,,,,,,,,,,,,,0,1,en_sb_ex_035,,1,,9800,9800,,5,,,,,,,,,,,,,,,,,"23,29","NEW extension,Extension SoftBank 303ZT"
1669,12805,747,417,No,36,2,カート用延長フラグ,Extension SoftBank 303ZT,1,,,,,,,,*,303zt/img001-ex.jpg,*,303zt/img001-ex.jpg,,,,,,,,,,,,,,,,,,,,,,,0,1,en_sb_ex_036,,1,,10290,10290,,5,,,,,,,,,,,,,,,,,"23,29","NEW extension,Extension SoftBank 303ZT"
1669,12807,747,418,No,37,2,カート用延長フラグ,Extension SoftBank 303ZT,1,,,,,,,,*,303zt/img001-ex.jpg,*,303zt/img001-ex.jpg,,,,,,,,,,,,,,,,,,,,,,,0,1,en_sb_ex_037,,1,,10780,10780,,5,,,,,,,,,,,,,,,,,"23,29","NEW extension,Extension SoftBank 303ZT"
1669,12809,747,419,No,38,2,カート用延長フラグ,Extension SoftBank 303ZT,1,,,,,,,,*,303zt/img001-ex.jpg,*,303zt/img001-ex.jpg,,,,,,,,,,,,,,,,,,,,,,,0,1,en_sb_ex_038,,1,,11270,11270,,5,,,,,,,,,,,,,,,,,"23,29","NEW extension,Extension SoftBank 303ZT"
1669,12811,747,420,No,39,2,カート用延長フラグ,Extension SoftBank 303ZT,1,,,,,,,,*,303zt/img001-ex.jpg,*,303zt/img001-ex.jpg,,,,,,,,,,,,,,,,,,,,,,,0,1,en_sb_ex_039,,1,,11760,11760,,5,,,,,,,,,,,,,,,,,"23,29","NEW extension,Extension SoftBank 303ZT"
1669,12813,747,421,No,40,2,カート用延長フラグ,Extension SoftBank 303ZT,1,,,,,,,,*,303zt/img001-ex.jpg,*,303zt/img001-ex.jpg,,,,,,,,,,,,,,,,,,,,,,,0,1,en_sb_ex_040,,1,,12250,12250,,5,,,,,,,,,,,,,,,,,"23,29","NEW extension,Extension SoftBank 303ZT"
1669,12815,747,422,No,41,2,カート用延長フラグ,Extension SoftBank 303ZT,1,,,,,,,,*,303zt/img001-ex.jpg,*,303zt/img001-ex.jpg,,,,,,,,,,,,,,,,,,,,,,,0,1,en_sb_ex_041,,1,,12740,12740,,5,,,,,,,,,,,,,,,,,"23,29","NEW extension,Extension SoftBank 303ZT"
1669,12817,747,423,No,42,2,カート用延長フラグ,Extension SoftBank 303ZT,1,,,,,,,,*,303zt/img001-ex.jpg,*,303zt/img001-ex.jpg,,,,,,,,,,,,,,,,,,,,,,,0,1,en_sb_ex_060,,1,,13050,13050,,5,,,,,,,,,,,,,,,,,"23,29","NEW extension,Extension SoftBank 303ZT"
1669,12819,747,424,No,43,2,カート用延長フラグ,Extension SoftBank 303ZT,1,,,,,,,,*,303zt/img001-ex.jpg,*,303zt/img001-ex.jpg,,,,,,,,,,,,,,,,,,,,,,,0,1,en_sb_ex_060,,1,,13050,13050,,5,,,,,,,,,,,,,,,,,"23,29","NEW extension,Extension SoftBank 303ZT"
1669,12821,747,425,No,44,2,カート用延長フラグ,Extension SoftBank 303ZT,1,,,,,,,,*,303zt/img001-ex.jpg,*,303zt/img001-ex.jpg,,,,,,,,,,,,,,,,,,,,,,,0,1,en_sb_ex_060,,1,,13050,13050,,5,,,,,,,,,,,,,,,,,"23,29","NEW extension,Extension SoftBank 303ZT"
1669,12823,747,426,No,45,2,カート用延長フラグ,Extension SoftBank 303ZT,1,,,,,,,,*,303zt/img001-ex.jpg,*,303zt/img001-ex.jpg,,,,,,,,,,,,,,,,,,,,,,,0,1,en_sb_ex_060,,1,,13050,13050,,5,,,,,,,,,,,,,,,,,"23,29","NEW extension,Extension SoftBank 303ZT"
1669,12825,747,427,No,46,2,カート用延長フラグ,Extension SoftBank 303ZT,1,,,,,,,,*,303zt/img001-ex.jpg,*,303zt/img001-ex.jpg,,,,,,,,,,,,,,,,,,,,,,,0,1,en_sb_ex_060,,1,,13050,13050,,5,,,,,,,,,,,,,,,,,"23,29","NEW extension,Extension SoftBank 303ZT"
1669,12827,747,428,No,47,2,カート用延長フラグ,Extension SoftBank 303ZT,1,,,,,,,,*,303zt/img001-ex.jpg,*,303zt/img001-ex.jpg,,,,,,,,,,,,,,,,,,,,,,,0,1,en_sb_ex_060,,1,,13050,13050,,5,,,,,,,,,,,,,,,,,"23,29","NEW extension,Extension SoftBank 303ZT"
1669,12829,747,429,No,48,2,カート用延長フラグ,Extension SoftBank 303ZT,1,,,,,,,,*,303zt/img001-ex.jpg,*,303zt/img001-ex.jpg,,,,,,,,,,,,,,,,,,,,,,,0,1,en_sb_ex_060,,1,,13050,13050,,5,,,,,,,,,,,,,,,,,"23,29","NEW extension,Extension SoftBank 303ZT"
1669,12831,747,430,No,49,2,カート用延長フラグ,Extension SoftBank 303ZT,1,,,,,,,,*,303zt/img001-ex.jpg,*,303zt/img001-ex.jpg,,,,,,,,,,,,,,,,,,,,,,,0,1,en_sb_ex_060,,1,,13050,13050,,5,,,,,,,,,,,,,,,,,"23,29","NEW extension,Extension SoftBank 303ZT"
1669,12833,747,431,No,50,2,カート用延長フラグ,Extension SoftBank 303ZT,1,,,,,,,,*,303zt/img001-ex.jpg,*,303zt/img001-ex.jpg,,,,,,,,,,,,,,,,,,,,,,,0,1,en_sb_ex_060,,1,,13050,13050,,5,,,,,,,,,,,,,,,,,"23,29","NEW extension,Extension SoftBank 303ZT"
1669,12835,747,432,No,51,2,カート用延長フラグ,Extension SoftBank 303ZT,1,,,,,,,,*,303zt/img001-ex.jpg,*,303zt/img001-ex.jpg,,,,,,,,,,,,,,,,,,,,,,,0,1,en_sb_ex_060,,1,,13050,13050,,5,,,,,,,,,,,,,,,,,"23,29","NEW extension,Extension SoftBank 303ZT"
1669,12837,747,433,No,52,2,カート用延長フラグ,Extension SoftBank 303ZT,1,,,,,,,,*,303zt/img001-ex.jpg,*,303zt/img001-ex.jpg,,,,,,,,,,,,,,,,,,,,,,,0,1,en_sb_ex_060,,1,,13050,13050,,5,,,,,,,,,,,,,,,,,"23,29","NEW extension,Extension SoftBank 303ZT"
1669,12839,747,434,No,53,2,カート用延長フラグ,Extension SoftBank 303ZT,1,,,,,,,,*,303zt/img001-ex.jpg,*,303zt/img001-ex.jpg,,,,,,,,,,,,,,,,,,,,,,,0,1,en_sb_ex_060,,1,,13050,13050,,5,,,,,,,,,,,,,,,,,"23,29","NEW extension,Extension SoftBank 303ZT"
1669,12841,747,435,No,54,2,カート用延長フラグ,Extension SoftBank 303ZT,1,,,,,,,,*,303zt/img001-ex.jpg,*,303zt/img001-ex.jpg,,,,,,,,,,,,,,,,,,,,,,,0,1,en_sb_ex_060,,1,,13050,13050,,5,,,,,,,,,,,,,,,,,"23,29","NEW extension,Extension SoftBank 303ZT"
1669,12843,747,436,No,55,2,カート用延長フラグ,Extension SoftBank 303ZT,1,,,,,,,,*,303zt/img001-ex.jpg,*,303zt/img001-ex.jpg,,,,,,,,,,,,,,,,,,,,,,,0,1,en_sb_ex_060,,1,,13050,13050,,5,,,,,,,,,,,,,,,,,"23,29","NEW extension,Extension SoftBank 303ZT"
1669,12845,747,437,No,56,2,カート用延長フラグ,Extension SoftBank 303ZT,1,,,,,,,,*,303zt/img001-ex.jpg,*,303zt/img001-ex.jpg,,,,,,,,,,,,,,,,,,,,,,,0,1,en_sb_ex_060,,1,,13050,13050,,5,,,,,,,,,,,,,,,,,"23,29","NEW extension,Extension SoftBank 303ZT"
1669,12847,747,438,No,57,2,カート用延長フラグ,Extension SoftBank 303ZT,1,,,,,,,,*,303zt/img001-ex.jpg,*,303zt/img001-ex.jpg,,,,,,,,,,,,,,,,,,,,,,,0,1,en_sb_ex_060,,1,,13050,13050,,5,,,,,,,,,,,,,,,,,"23,29","NEW extension,Extension SoftBank 303ZT"
1669,12849,747,439,No,58,2,カート用延長フラグ,Extension SoftBank 303ZT,1,,,,,,,,*,303zt/img001-ex.jpg,*,303zt/img001-ex.jpg,,,,,,,,,,,,,,,,,,,,,,,0,1,en_sb_ex_060,,1,,13050,13050,,5,,,,,,,,,,,,,,,,,"23,29","NEW extension,Extension SoftBank 303ZT"
1669,12851,747,440,No,59,2,カート用延長フラグ,Extension SoftBank 303ZT,1,,,,,,,,*,303zt/img001-ex.jpg,*,303zt/img001-ex.jpg,,,,,,,,,,,,,,,,,,,,,,,0,1,en_sb_ex_060,,1,,13050,13050,,5,,,,,,,,,,,,,,,,,"23,29","NEW extension,Extension SoftBank 303ZT"
1669,12853,747,441,No,60,2,カート用延長フラグ,Extension SoftBank 303ZT,1,,,,,,,,*,303zt/img001-ex.jpg,*,303zt/img001-ex.jpg,,,,,,,,,,,,,,,,,,,,,,,0,1,en_sb_ex_060,,1,,13050,13050,,5,,,,,,,,,,,,,,,,,"23,29","NEW extension,Extension SoftBank 303ZT"
1669,12855,747,442,No,61,2,カート用延長フラグ,Extension SoftBank 303ZT,1,,,,,,,,*,303zt/img001-ex.jpg,*,303zt/img001-ex.jpg,,,,,,,,,,,,,,,,,,,,,,,0,1,en_sb_ex_061,,1,,13540,13540,,5,,,,,,,,,,,,,,,,,"23,29","NEW extension,Extension SoftBank 303ZT"
1669,12857,747,443,No,62,2,カート用延長フラグ,Extension SoftBank 303ZT,1,,,,,,,,*,303zt/img001-ex.jpg,*,303zt/img001-ex.jpg,,,,,,,,,,,,,,,,,,,,,,,0,1,en_sb_ex_062,,1,,14030,14030,,5,,,,,,,,,,,,,,,,,"23,29","NEW extension,Extension SoftBank 303ZT"
1669,12859,747,444,No,63,2,カート用延長フラグ,Extension SoftBank 303ZT,1,,,,,,,,*,303zt/img001-ex.jpg,*,303zt/img001-ex.jpg,,,,,,,,,,,,,,,,,,,,,,,0,1,en_sb_ex_063,,1,,14520,14520,,5,,,,,,,,,,,,,,,,,"23,29","NEW extension,Extension SoftBank 303ZT"
1669,12861,747,445,No,64,2,カート用延長フラグ,Extension SoftBank 303ZT,1,,,,,,,,*,303zt/img001-ex.jpg,*,303zt/img001-ex.jpg,,,,,,,,,,,,,,,,,,,,,,,0,1,en_sb_ex_064,,1,,15010,15010,,5,,,,,,,,,,,,,,,,,"23,29","NEW extension,Extension SoftBank 303ZT"
1669,12863,747,446,No,65,2,カート用延長フラグ,Extension SoftBank 303ZT,1,,,,,,,,*,303zt/img001-ex.jpg,*,303zt/img001-ex.jpg,,,,,,,,,,,,,,,,,,,,,,,0,1,en_sb_ex_065,,1,,15500,15500,,5,,,,,,,,,,,,,,,,,"23,29","NEW extension,Extension SoftBank 303ZT"
1669,12865,747,447,No,66,2,カート用延長フラグ,Extension SoftBank 303ZT,1,,,,,,,,*,303zt/img001-ex.jpg,*,303zt/img001-ex.jpg,,,,,,,,,,,,,,,,,,,,,,,0,1,en_sb_ex_066,,1,,15990,15990,,5,,,,,,,,,,,,,,,,,"23,29","NEW extension,Extension SoftBank 303ZT"
1669,12867,747,448,No,67,2,カート用延長フラグ,Extension SoftBank 303ZT,1,,,,,,,,*,303zt/img001-ex.jpg,*,303zt/img001-ex.jpg,,,,,,,,,,,,,,,,,,,,,,,0,1,en_sb_ex_067,,1,,16480,16480,,5,,,,,,,,,,,,,,,,,"23,29","NEW extension,Extension SoftBank 303ZT"
1669,12869,747,449,No,68,2,カート用延長フラグ,Extension SoftBank 303ZT,1,,,,,,,,*,303zt/img001-ex.jpg,*,303zt/img001-ex.jpg,,,,,,,,,,,,,,,,,,,,,,,0,1,en_sb_ex_068,,1,,16970,16970,,5,,,,,,,,,,,,,,,,,"23,29","NEW extension,Extension SoftBank 303ZT"
1669,12871,747,450,No,69,2,カート用延長フラグ,Extension SoftBank 303ZT,1,,,,,,,,*,303zt/img001-ex.jpg,*,303zt/img001-ex.jpg,,,,,,,,,,,,,,,,,,,,,,,0,1,en_sb_ex_069,,1,,17460,17460,,5,,,,,,,,,,,,,,,,,"23,29","NEW extension,Extension SoftBank 303ZT"
1669,12873,747,451,No,70,2,カート用延長フラグ,Extension SoftBank 303ZT,1,,,,,,,,*,303zt/img001-ex.jpg,*,303zt/img001-ex.jpg,,,,,,,,,,,,,,,,,,,,,,,0,1,en_sb_ex_070,,1,,17950,17950,,5,,,,,,,,,,,,,,,,,"23,29","NEW extension,Extension SoftBank 303ZT"
1669,12875,747,452,No,71,2,カート用延長フラグ,Extension SoftBank 303ZT,1,,,,,,,,*,303zt/img001-ex.jpg,*,303zt/img001-ex.jpg,,,,,,,,,,,,,,,,,,,,,,,0,1,en_sb_ex_090,,1,,18300,18300,,5,,,,,,,,,,,,,,,,,"23,29","NEW extension,Extension SoftBank 303ZT"
1669,12877,747,453,No,72,2,カート用延長フラグ,Extension SoftBank 303ZT,1,,,,,,,,*,303zt/img001-ex.jpg,*,303zt/img001-ex.jpg,,,,,,,,,,,,,,,,,,,,,,,0,1,en_sb_ex_090,,1,,18300,18300,,5,,,,,,,,,,,,,,,,,"23,29","NEW extension,Extension SoftBank 303ZT"
1669,12879,747,454,No,73,2,カート用延長フラグ,Extension SoftBank 303ZT,1,,,,,,,,*,303zt/img001-ex.jpg,*,303zt/img001-ex.jpg,,,,,,,,,,,,,,,,,,,,,,,0,1,en_sb_ex_090,,1,,18300,18300,,5,,,,,,,,,,,,,,,,,"23,29","NEW extension,Extension SoftBank 303ZT"
1669,12881,747,455,No,74,2,カート用延長フラグ,Extension SoftBank 303ZT,1,,,,,,,,*,303zt/img001-ex.jpg,*,303zt/img001-ex.jpg,,,,,,,,,,,,,,,,,,,,,,,0,1,en_sb_ex_090,,1,,18300,18300,,5,,,,,,,,,,,,,,,,,"23,29","NEW extension,Extension SoftBank 303ZT"
1669,12883,747,456,No,75,2,カート用延長フラグ,Extension SoftBank 303ZT,1,,,,,,,,*,303zt/img001-ex.jpg,*,303zt/img001-ex.jpg,,,,,,,,,,,,,,,,,,,,,,,0,1,en_sb_ex_090,,1,,18300,18300,,5,,,,,,,,,,,,,,,,,"23,29","NEW extension,Extension SoftBank 303ZT"
1669,12885,747,457,No,76,2,カート用延長フラグ,Extension SoftBank 303ZT,1,,,,,,,,*,303zt/img001-ex.jpg,*,303zt/img001-ex.jpg,,,,,,,,,,,,,,,,,,,,,,,0,1,en_sb_ex_090,,1,,18300,18300,,5,,,,,,,,,,,,,,,,,"23,29","NEW extension,Extension SoftBank 303ZT"
1669,12887,747,458,No,77,2,カート用延長フラグ,Extension SoftBank 303ZT,1,,,,,,,,*,303zt/img001-ex.jpg,*,303zt/img001-ex.jpg,,,,,,,,,,,,,,,,,,,,,,,0,1,en_sb_ex_090,,1,,18300,18300,,5,,,,,,,,,,,,,,,,,"23,29","NEW extension,Extension SoftBank 303ZT"
1669,12889,747,459,No,78,2,カート用延長フラグ,Extension SoftBank 303ZT,1,,,,,,,,*,303zt/img001-ex.jpg,*,303zt/img001-ex.jpg,,,,,,,,,,,,,,,,,,,,,,,0,1,en_sb_ex_090,,1,,18300,18300,,5,,,,,,,,,,,,,,,,,"23,29","NEW extension,Extension SoftBank 303ZT"
1669,12891,747,460,No,79,2,カート用延長フラグ,Extension SoftBank 303ZT,1,,,,,,,,*,303zt/img001-ex.jpg,*,303zt/img001-ex.jpg,,,,,,,,,,,,,,,,,,,,,,,0,1,en_sb_ex_090,,1,,18300,18300,,5,,,,,,,,,,,,,,,,,"23,29","NEW extension,Extension SoftBank 303ZT"
1669,12893,747,461,No,80,2,カート用延長フラグ,Extension SoftBank 303ZT,1,,,,,,,,*,303zt/img001-ex.jpg,*,303zt/img001-ex.jpg,,,,,,,,,,,,,,,,,,,,,,,0,1,en_sb_ex_090,,1,,18300,18300,,5,,,,,,,,,,,,,,,,,"23,29","NEW extension,Extension SoftBank 303ZT"
1669,12895,747,462,No,81,2,カート用延長フラグ,Extension SoftBank 303ZT,1,,,,,,,,*,303zt/img001-ex.jpg,*,303zt/img001-ex.jpg,,,,,,,,,,,,,,,,,,,,,,,0,1,en_sb_ex_090,,1,,18300,18300,,5,,,,,,,,,,,,,,,,,"23,29","NEW extension,Extension SoftBank 303ZT"
1669,12897,747,463,No,82,2,カート用延長フラグ,Extension SoftBank 303ZT,1,,,,,,,,*,303zt/img001-ex.jpg,*,303zt/img001-ex.jpg,,,,,,,,,,,,,,,,,,,,,,,0,1,en_sb_ex_090,,1,,18300,18300,,5,,,,,,,,,,,,,,,,,"23,29","NEW extension,Extension SoftBank 303ZT"
1669,12899,747,464,No,83,2,カート用延長フラグ,Extension SoftBank 303ZT,1,,,,,,,,*,303zt/img001-ex.jpg,*,303zt/img001-ex.jpg,,,,,,,,,,,,,,,,,,,,,,,0,1,en_sb_ex_090,,1,,18300,18300,,5,,,,,,,,,,,,,,,,,"23,29","NEW extension,Extension SoftBank 303ZT"
1669,12901,747,465,No,84,2,カート用延長フラグ,Extension SoftBank 303ZT,1,,,,,,,,*,303zt/img001-ex.jpg,*,303zt/img001-ex.jpg,,,,,,,,,,,,,,,,,,,,,,,0,1,en_sb_ex_090,,1,,18300,18300,,5,,,,,,,,,,,,,,,,,"23,29","NEW extension,Extension SoftBank 303ZT"
1669,12903,747,466,No,85,2,カート用延長フラグ,Extension SoftBank 303ZT,1,,,,,,,,*,303zt/img001-ex.jpg,*,303zt/img001-ex.jpg,,,,,,,,,,,,,,,,,,,,,,,0,1,en_sb_ex_090,,1,,18300,18300,,5,,,,,,,,,,,,,,,,,"23,29","NEW extension,Extension SoftBank 303ZT"
1669,12905,747,467,No,86,2,カート用延長フラグ,Extension SoftBank 303ZT,1,,,,,,,,*,303zt/img001-ex.jpg,*,303zt/img001-ex.jpg,,,,,,,,,,,,,,,,,,,,,,,0,1,en_sb_ex_090,,1,,18300,18300,,5,,,,,,,,,,,,,,,,,"23,29","NEW extension,Extension SoftBank 303ZT"
1669,12907,747,468,No,87,2,カート用延長フラグ,Extension SoftBank 303ZT,1,,,,,,,,*,303zt/img001-ex.jpg,*,303zt/img001-ex.jpg,,,,,,,,,,,,,,,,,,,,,,,0,1,en_sb_ex_090,,1,,18300,18300,,5,,,,,,,,,,,,,,,,,"23,29","NEW extension,Extension SoftBank 303ZT"
1669,12909,747,469,No,88,2,カート用延長フラグ,Extension SoftBank 303ZT,1,,,,,,,,*,303zt/img001-ex.jpg,*,303zt/img001-ex.jpg,,,,,,,,,,,,,,,,,,,,,,,0,1,en_sb_ex_090,,1,,18300,18300,,5,,,,,,,,,,,,,,,,,"23,29","NEW extension,Extension SoftBank 303ZT"
1669,12911,747,470,No,89,2,カート用延長フラグ,Extension SoftBank 303ZT,1,,,,,,,,*,303zt/img001-ex.jpg,*,303zt/img001-ex.jpg,,,,,,,,,,,,,,,,,,,,,,,0,1,en_sb_ex_090,,1,,18300,18300,,5,,,,,,,,,,,,,,,,,"23,29","NEW extension,Extension SoftBank 303ZT"
1669,12913,747,471,No,90,2,カート用延長フラグ,Extension SoftBank 303ZT,1,,,,,,,,*,303zt/img001-ex.jpg,*,303zt/img001-ex.jpg,,,,,,,,,,,,,,,,,,,,,,,0,1,en_sb_ex_090,,1,,18300,18300,,5,,,,,,,,,,,,,,,,,"23,29","NEW extension,Extension SoftBank 303ZT"
1669,12915,747,472,No,91,2,カート用延長フラグ,Extension SoftBank 303ZT,1,,,,,,,,*,303zt/img001-ex.jpg,*,303zt/img001-ex.jpg,,,,,,,,,,,,,,,,,,,,,,,0,1,en_sb_ex_091,,1,,18790,18790,,5,,,,,,,,,,,,,,,,,"23,29","NEW extension,Extension SoftBank 303ZT"
1669,12917,747,473,No,92,2,カート用延長フラグ,Extension SoftBank 303ZT,1,,,,,,,,*,303zt/img001-ex.jpg,*,303zt/img001-ex.jpg,,,,,,,,,,,,,,,,,,,,,,,0,1,en_sb_ex_092,,1,,19280,19280,,5,,,,,,,,,,,,,,,,,"23,29","NEW extension,Extension SoftBank 303ZT"
1669,12919,747,474,No,93,2,カート用延長フラグ,Extension SoftBank 303ZT,1,,,,,,,,*,303zt/img001-ex.jpg,*,303zt/img001-ex.jpg,,,,,,,,,,,,,,,,,,,,,,,0,1,en_sb_ex_093,,1,,19770,19770,,5,,,,,,,,,,,,,,,,,"23,29","NEW extension,Extension SoftBank 303ZT"
1669,12921,747,475,No,94,2,カート用延長フラグ,Extension SoftBank 303ZT,1,,,,,,,,*,303zt/img001-ex.jpg,*,303zt/img001-ex.jpg,,,,,,,,,,,,,,,,,,,,,,,0,1,en_sb_ex_094,,1,,20260,20260,,5,,,,,,,,,,,,,,,,,"23,29","NEW extension,Extension SoftBank 303ZT"
1669,12923,747,476,No,95,2,カート用延長フラグ,Extension SoftBank 303ZT,1,,,,,,,,*,303zt/img001-ex.jpg,*,303zt/img001-ex.jpg,,,,,,,,,,,,,,,,,,,,,,,0,1,en_sb_ex_095,,1,,20750,20750,,5,,,,,,,,,,,,,,,,,"23,29","NEW extension,Extension SoftBank 303ZT"
1669,12925,747,477,No,96,2,カート用延長フラグ,Extension SoftBank 303ZT,1,,,,,,,,*,303zt/img001-ex.jpg,*,303zt/img001-ex.jpg,,,,,,,,,,,,,,,,,,,,,,,0,1,en_sb_ex_096,,1,,21240,21240,,5,,,,,,,,,,,,,,,,,"23,29","NEW extension,Extension SoftBank 303ZT"
1669,12927,747,478,No,97,2,カート用延長フラグ,Extension SoftBank 303ZT,1,,,,,,,,*,303zt/img001-ex.jpg,*,303zt/img001-ex.jpg,,,,,,,,,,,,,,,,,,,,,,,0,1,en_sb_ex_097,,1,,21730,21730,,5,,,,,,,,,,,,,,,,,"23,29","NEW extension,Extension SoftBank 303ZT"
1669,12929,747,479,No,98,2,カート用延長フラグ,Extension SoftBank 303ZT,1,,,,,,,,*,303zt/img001-ex.jpg,*,303zt/img001-ex.jpg,,,,,,,,,,,,,,,,,,,,,,,0,1,en_sb_ex_098,,1,,22220,22220,,5,,,,,,,,,,,,,,,,,"23,29","NEW extension,Extension SoftBank 303ZT"
1669,12931,747,480,No,99,2,カート用延長フラグ,Extension SoftBank 303ZT,1,,,,,,,,*,303zt/img001-ex.jpg,*,303zt/img001-ex.jpg,,,,,,,,,,,,,,,,,,,,,,,0,1,en_sb_ex_099,,1,,22710,22710,,5,,,,,,,,,,,,,,,,,"23,29","NEW extension,Extension SoftBank 303ZT"
1669,12933,747,481,No,100,2,カート用延長フラグ,Extension SoftBank 303ZT,1,,,,,,,,*,303zt/img001-ex.jpg,*,303zt/img001-ex.jpg,,,,,,,,,,,,,,,,,,,,,,,0,1,en_sb_ex_120,,1,,23000,23000,,5,,,,,,,,,,,,,,,,,"23,29","NEW extension,Extension SoftBank 303ZT"
1669,12935,747,482,No,101,2,カート用延長フラグ,Extension SoftBank 303ZT,1,,,,,,,,*,303zt/img001-ex.jpg,*,303zt/img001-ex.jpg,,,,,,,,,,,,,,,,,,,,,,,0,1,en_sb_ex_120,,1,,23000,23000,,5,,,,,,,,,,,,,,,,,"23,29","NEW extension,Extension SoftBank 303ZT"
1669,12937,747,483,No,102,2,カート用延長フラグ,Extension SoftBank 303ZT,1,,,,,,,,*,303zt/img001-ex.jpg,*,303zt/img001-ex.jpg,,,,,,,,,,,,,,,,,,,,,,,0,1,en_sb_ex_120,,1,,23000,23000,,5,,,,,,,,,,,,,,,,,"23,29","NEW extension,Extension SoftBank 303ZT"
1669,12939,747,484,No,103,2,カート用延長フラグ,Extension SoftBank 303ZT,1,,,,,,,,*,303zt/img001-ex.jpg,*,303zt/img001-ex.jpg,,,,,,,,,,,,,,,,,,,,,,,0,1,en_sb_ex_120,,1,,23000,23000,,5,,,,,,,,,,,,,,,,,"23,29","NEW extension,Extension SoftBank 303ZT"
1669,12941,747,485,No,104,2,カート用延長フラグ,Extension SoftBank 303ZT,1,,,,,,,,*,303zt/img001-ex.jpg,*,303zt/img001-ex.jpg,,,,,,,,,,,,,,,,,,,,,,,0,1,en_sb_ex_120,,1,,23000,23000,,5,,,,,,,,,,,,,,,,,"23,29","NEW extension,Extension SoftBank 303ZT"
1669,12943,747,486,No,105,2,カート用延長フラグ,Extension SoftBank 303ZT,1,,,,,,,,*,303zt/img001-ex.jpg,*,303zt/img001-ex.jpg,,,,,,,,,,,,,,,,,,,,,,,0,1,en_sb_ex_120,,1,,23000,23000,,5,,,,,,,,,,,,,,,,,"23,29","NEW extension,Extension SoftBank 303ZT"
1669,12945,747,487,No,106,2,カート用延長フラグ,Extension SoftBank 303ZT,1,,,,,,,,*,303zt/img001-ex.jpg,*,303zt/img001-ex.jpg,,,,,,,,,,,,,,,,,,,,,,,0,1,en_sb_ex_120,,1,,23000,23000,,5,,,,,,,,,,,,,,,,,"23,29","NEW extension,Extension SoftBank 303ZT"
1669,12947,747,488,No,107,2,カート用延長フラグ,Extension SoftBank 303ZT,1,,,,,,,,*,303zt/img001-ex.jpg,*,303zt/img001-ex.jpg,,,,,,,,,,,,,,,,,,,,,,,0,1,en_sb_ex_120,,1,,23000,23000,,5,,,,,,,,,,,,,,,,,"23,29","NEW extension,Extension SoftBank 303ZT"
1669,12949,747,489,No,108,2,カート用延長フラグ,Extension SoftBank 303ZT,1,,,,,,,,*,303zt/img001-ex.jpg,*,303zt/img001-ex.jpg,,,,,,,,,,,,,,,,,,,,,,,0,1,en_sb_ex_120,,1,,23000,23000,,5,,,,,,,,,,,,,,,,,"23,29","NEW extension,Extension SoftBank 303ZT"
1669,12951,747,490,No,109,2,カート用延長フラグ,Extension SoftBank 303ZT,1,,,,,,,,*,303zt/img001-ex.jpg,*,303zt/img001-ex.jpg,,,,,,,,,,,,,,,,,,,,,,,0,1,en_sb_ex_120,,1,,23000,23000,,5,,,,,,,,,,,,,,,,,"23,29","NEW extension,Extension SoftBank 303ZT"
1669,12953,747,491,No,110,2,カート用延長フラグ,Extension SoftBank 303ZT,1,,,,,,,,*,303zt/img001-ex.jpg,*,303zt/img001-ex.jpg,,,,,,,,,,,,,,,,,,,,,,,0,1,en_sb_ex_120,,1,,23000,23000,,5,,,,,,,,,,,,,,,,,"23,29","NEW extension,Extension SoftBank 303ZT"
1669,12955,747,492,No,111,2,カート用延長フラグ,Extension SoftBank 303ZT,1,,,,,,,,*,303zt/img001-ex.jpg,*,303zt/img001-ex.jpg,,,,,,,,,,,,,,,,,,,,,,,0,1,en_sb_ex_120,,1,,23000,23000,,5,,,,,,,,,,,,,,,,,"23,29","NEW extension,Extension SoftBank 303ZT"
1669,12957,747,493,No,112,2,カート用延長フラグ,Extension SoftBank 303ZT,1,,,,,,,,*,303zt/img001-ex.jpg,*,303zt/img001-ex.jpg,,,,,,,,,,,,,,,,,,,,,,,0,1,en_sb_ex_120,,1,,23000,23000,,5,,,,,,,,,,,,,,,,,"23,29","NEW extension,Extension SoftBank 303ZT"
1669,12959,747,494,No,113,2,カート用延長フラグ,Extension SoftBank 303ZT,1,,,,,,,,*,303zt/img001-ex.jpg,*,303zt/img001-ex.jpg,,,,,,,,,,,,,,,,,,,,,,,0,1,en_sb_ex_120,,1,,23000,23000,,5,,,,,,,,,,,,,,,,,"23,29","NEW extension,Extension SoftBank 303ZT"
1669,12961,747,495,No,114,2,カート用延長フラグ,Extension SoftBank 303ZT,1,,,,,,,,*,303zt/img001-ex.jpg,*,303zt/img001-ex.jpg,,,,,,,,,,,,,,,,,,,,,,,0,1,en_sb_ex_120,,1,,23000,23000,,5,,,,,,,,,,,,,,,,,"23,29","NEW extension,Extension SoftBank 303ZT"
1669,12963,747,496,No,115,2,カート用延長フラグ,Extension SoftBank 303ZT,1,,,,,,,,*,303zt/img001-ex.jpg,*,303zt/img001-ex.jpg,,,,,,,,,,,,,,,,,,,,,,,0,1,en_sb_ex_120,,1,,23000,23000,,5,,,,,,,,,,,,,,,,,"23,29","NEW extension,Extension SoftBank 303ZT"
1669,12965,747,497,No,116,2,カート用延長フラグ,Extension SoftBank 303ZT,1,,,,,,,,*,303zt/img001-ex.jpg,*,303zt/img001-ex.jpg,,,,,,,,,,,,,,,,,,,,,,,0,1,en_sb_ex_120,,1,,23000,23000,,5,,,,,,,,,,,,,,,,,"23,29","NEW extension,Extension SoftBank 303ZT"
1669,12967,747,498,No,117,2,カート用延長フラグ,Extension SoftBank 303ZT,1,,,,,,,,*,303zt/img001-ex.jpg,*,303zt/img001-ex.jpg,,,,,,,,,,,,,,,,,,,,,,,0,1,en_sb_ex_120,,1,,23000,23000,,5,,,,,,,,,,,,,,,,,"23,29","NEW extension,Extension SoftBank 303ZT"
1669,12969,747,499,No,118,2,カート用延長フラグ,Extension SoftBank 303ZT,1,,,,,,,,*,303zt/img001-ex.jpg,*,303zt/img001-ex.jpg,,,,,,,,,,,,,,,,,,,,,,,0,1,en_sb_ex_120,,1,,23000,23000,,5,,,,,,,,,,,,,,,,,"23,29","NEW extension,Extension SoftBank 303ZT"
1669,12971,747,500,No,119,2,カート用延長フラグ,Extension SoftBank 303ZT,1,,,,,,,,*,303zt/img001-ex.jpg,*,303zt/img001-ex.jpg,,,,,,,,,,,,,,,,,,,,,,,0,1,en_sb_ex_120,,1,,23000,23000,,5,,,,,,,,,,,,,,,,,"23,29","NEW extension,Extension SoftBank 303ZT"
1669,12973,747,501,No,120,2,カート用延長フラグ,Extension SoftBank 303ZT,1,,,,,,,,*,303zt/img001-ex.jpg,*,303zt/img001-ex.jpg,,,,,,,,,,,,,,,,,,,,,,,0,1,en_sb_ex_120,,1,,23000,23000,,5,,,,,,,,,,,,,,,,,"23,29","NEW extension,Extension SoftBank 303ZT"
1669,12975,747,502,No,121,2,カート用延長フラグ,Extension SoftBank 303ZT,1,,,,,,,,*,303zt/img001-ex.jpg,*,303zt/img001-ex.jpg,,,,,,,,,,,,,,,,,,,,,,,0,1,en_sb_ex_121,,1,,23490,23490,,5,,,,,,,,,,,,,,,,,"23,29","NEW extension,Extension SoftBank 303ZT"
1669,12977,747,503,No,122,2,カート用延長フラグ,Extension SoftBank 303ZT,1,,,,,,,,*,303zt/img001-ex.jpg,*,303zt/img001-ex.jpg,,,,,,,,,,,,,,,,,,,,,,,0,1,en_sb_ex_122,,1,,23980,23980,,5,,,,,,,,,,,,,,,,,"23,29","NEW extension,Extension SoftBank 303ZT"
1669,12979,747,504,No,123,2,カート用延長フラグ,Extension SoftBank 303ZT,1,,,,,,,,*,303zt/img001-ex.jpg,*,303zt/img001-ex.jpg,,,,,,,,,,,,,,,,,,,,,,,0,1,en_sb_ex_123,,1,,24470,24470,,5,,,,,,,,,,,,,,,,,"23,29","NEW extension,Extension SoftBank 303ZT"
1669,12981,747,505,No,124,2,カート用延長フラグ,Extension SoftBank 303ZT,1,,,,,,,,*,303zt/img001-ex.jpg,*,303zt/img001-ex.jpg,,,,,,,,,,,,,,,,,,,,,,,0,1,en_sb_ex_124,,1,,24960,24960,,5,,,,,,,,,,,,,,,,,"23,29","NEW extension,Extension SoftBank 303ZT"
1669,12983,747,506,No,125,2,カート用延長フラグ,Extension SoftBank 303ZT,1,,,,,,,,*,303zt/img001-ex.jpg,*,303zt/img001-ex.jpg,,,,,,,,,,,,,,,,,,,,,,,0,1,en_sb_ex_125,,1,,25450,25450,,5,,,,,,,,,,,,,,,,,"23,29","NEW extension,Extension SoftBank 303ZT"
1669,12985,747,507,No,126,2,カート用延長フラグ,Extension SoftBank 303ZT,1,,,,,,,,*,303zt/img001-ex.jpg,*,303zt/img001-ex.jpg,,,,,,,,,,,,,,,,,,,,,,,0,1,en_sb_ex_150,,1,,25500,25500,,5,,,,,,,,,,,,,,,,,"23,29","NEW extension,Extension SoftBank 303ZT"
1669,12987,747,508,No,127,2,カート用延長フラグ,Extension SoftBank 303ZT,1,,,,,,,,*,303zt/img001-ex.jpg,*,303zt/img001-ex.jpg,,,,,,,,,,,,,,,,,,,,,,,0,1,en_sb_ex_150,,1,,25500,25500,,5,,,,,,,,,,,,,,,,,"23,29","NEW extension,Extension SoftBank 303ZT"
1669,12989,747,509,No,128,2,カート用延長フラグ,Extension SoftBank 303ZT,1,,,,,,,,*,303zt/img001-ex.jpg,*,303zt/img001-ex.jpg,,,,,,,,,,,,,,,,,,,,,,,0,1,en_sb_ex_150,,1,,25500,25500,,5,,,,,,,,,,,,,,,,,"23,29","NEW extension,Extension SoftBank 303ZT"
1669,12991,747,510,No,129,2,カート用延長フラグ,Extension SoftBank 303ZT,1,,,,,,,,*,303zt/img001-ex.jpg,*,303zt/img001-ex.jpg,,,,,,,,,,,,,,,,,,,,,,,0,1,en_sb_ex_150,,1,,25500,25500,,5,,,,,,,,,,,,,,,,,"23,29","NEW extension,Extension SoftBank 303ZT"
1669,12993,747,511,No,130,2,カート用延長フラグ,Extension SoftBank 303ZT,1,,,,,,,,*,303zt/img001-ex.jpg,*,303zt/img001-ex.jpg,,,,,,,,,,,,,,,,,,,,,,,0,1,en_sb_ex_150,,1,,25500,25500,,5,,,,,,,,,,,,,,,,,"23,29","NEW extension,Extension SoftBank 303ZT"
1669,12995,747,512,No,131,2,カート用延長フラグ,Extension SoftBank 303ZT,1,,,,,,,,*,303zt/img001-ex.jpg,*,303zt/img001-ex.jpg,,,,,,,,,,,,,,,,,,,,,,,0,1,en_sb_ex_150,,1,,25500,25500,,5,,,,,,,,,,,,,,,,,"23,29","NEW extension,Extension SoftBank 303ZT"
1669,12997,747,513,No,132,2,カート用延長フラグ,Extension SoftBank 303ZT,1,,,,,,,,*,303zt/img001-ex.jpg,*,303zt/img001-ex.jpg,,,,,,,,,,,,,,,,,,,,,,,0,1,en_sb_ex_150,,1,,25500,25500,,5,,,,,,,,,,,,,,,,,"23,29","NEW extension,Extension SoftBank 303ZT"
1669,12999,747,514,No,133,2,カート用延長フラグ,Extension SoftBank 303ZT,1,,,,,,,,*,303zt/img001-ex.jpg,*,303zt/img001-ex.jpg,,,,,,,,,,,,,,,,,,,,,,,0,1,en_sb_ex_150,,1,,25500,25500,,5,,,,,,,,,,,,,,,,,"23,29","NEW extension,Extension SoftBank 303ZT"
1669,13001,747,515,No,134,2,カート用延長フラグ,Extension SoftBank 303ZT,1,,,,,,,,*,303zt/img001-ex.jpg,*,303zt/img001-ex.jpg,,,,,,,,,,,,,,,,,,,,,,,0,1,en_sb_ex_150,,1,,25500,25500,,5,,,,,,,,,,,,,,,,,"23,29","NEW extension,Extension SoftBank 303ZT"
1669,13003,747,516,No,135,2,カート用延長フラグ,Extension SoftBank 303ZT,1,,,,,,,,*,303zt/img001-ex.jpg,*,303zt/img001-ex.jpg,,,,,,,,,,,,,,,,,,,,,,,0,1,en_sb_ex_150,,1,,25500,25500,,5,,,,,,,,,,,,,,,,,"23,29","NEW extension,Extension SoftBank 303ZT"
1669,13005,747,517,No,136,2,カート用延長フラグ,Extension SoftBank 303ZT,1,,,,,,,,*,303zt/img001-ex.jpg,*,303zt/img001-ex.jpg,,,,,,,,,,,,,,,,,,,,,,,0,1,en_sb_ex_150,,1,,25500,25500,,5,,,,,,,,,,,,,,,,,"23,29","NEW extension,Extension SoftBank 303ZT"
1669,13007,747,518,No,137,2,カート用延長フラグ,Extension SoftBank 303ZT,1,,,,,,,,*,303zt/img001-ex.jpg,*,303zt/img001-ex.jpg,,,,,,,,,,,,,,,,,,,,,,,0,1,en_sb_ex_150,,1,,25500,25500,,5,,,,,,,,,,,,,,,,,"23,29","NEW extension,Extension SoftBank 303ZT"
1669,13009,747,519,No,138,2,カート用延長フラグ,Extension SoftBank 303ZT,1,,,,,,,,*,303zt/img001-ex.jpg,*,303zt/img001-ex.jpg,,,,,,,,,,,,,,,,,,,,,,,0,1,en_sb_ex_150,,1,,25500,25500,,5,,,,,,,,,,,,,,,,,"23,29","NEW extension,Extension SoftBank 303ZT"
1669,13011,747,520,No,139,2,カート用延長フラグ,Extension SoftBank 303ZT,1,,,,,,,,*,303zt/img001-ex.jpg,*,303zt/img001-ex.jpg,,,,,,,,,,,,,,,,,,,,,,,0,1,en_sb_ex_150,,1,,25500,25500,,5,,,,,,,,,,,,,,,,,"23,29","NEW extension,Extension SoftBank 303ZT"
1669,13013,747,521,No,140,2,カート用延長フラグ,Extension SoftBank 303ZT,1,,,,,,,,*,303zt/img001-ex.jpg,*,303zt/img001-ex.jpg,,,,,,,,,,,,,,,,,,,,,,,0,1,en_sb_ex_150,,1,,25500,25500,,5,,,,,,,,,,,,,,,,,"23,29","NEW extension,Extension SoftBank 303ZT"
1669,13015,747,522,No,141,2,カート用延長フラグ,Extension SoftBank 303ZT,1,,,,,,,,*,303zt/img001-ex.jpg,*,303zt/img001-ex.jpg,,,,,,,,,,,,,,,,,,,,,,,0,1,en_sb_ex_150,,1,,25500,25500,,5,,,,,,,,,,,,,,,,,"23,29","NEW extension,Extension SoftBank 303ZT"
1669,13017,747,523,No,142,2,カート用延長フラグ,Extension SoftBank 303ZT,1,,,,,,,,*,303zt/img001-ex.jpg,*,303zt/img001-ex.jpg,,,,,,,,,,,,,,,,,,,,,,,0,1,en_sb_ex_150,,1,,25500,25500,,5,,,,,,,,,,,,,,,,,"23,29","NEW extension,Extension SoftBank 303ZT"
1669,13019,747,524,No,143,2,カート用延長フラグ,Extension SoftBank 303ZT,1,,,,,,,,*,303zt/img001-ex.jpg,*,303zt/img001-ex.jpg,,,,,,,,,,,,,,,,,,,,,,,0,1,en_sb_ex_150,,1,,25500,25500,,5,,,,,,,,,,,,,,,,,"23,29","NEW extension,Extension SoftBank 303ZT"
1669,13021,747,525,No,144,2,カート用延長フラグ,Extension SoftBank 303ZT,1,,,,,,,,*,303zt/img001-ex.jpg,*,303zt/img001-ex.jpg,,,,,,,,,,,,,,,,,,,,,,,0,1,en_sb_ex_150,,1,,25500,25500,,5,,,,,,,,,,,,,,,,,"23,29","NEW extension,Extension SoftBank 303ZT"
1669,13023,747,526,No,145,2,カート用延長フラグ,Extension SoftBank 303ZT,1,,,,,,,,*,303zt/img001-ex.jpg,*,303zt/img001-ex.jpg,,,,,,,,,,,,,,,,,,,,,,,0,1,en_sb_ex_150,,1,,25500,25500,,5,,,,,,,,,,,,,,,,,"23,29","NEW extension,Extension SoftBank 303ZT"
1669,13025,747,527,No,146,2,カート用延長フラグ,Extension SoftBank 303ZT,1,,,,,,,,*,303zt/img001-ex.jpg,*,303zt/img001-ex.jpg,,,,,,,,,,,,,,,,,,,,,,,0,1,en_sb_ex_150,,1,,25500,25500,,5,,,,,,,,,,,,,,,,,"23,29","NEW extension,Extension SoftBank 303ZT"
1669,13027,747,528,No,147,2,カート用延長フラグ,Extension SoftBank 303ZT,1,,,,,,,,*,303zt/img001-ex.jpg,*,303zt/img001-ex.jpg,,,,,,,,,,,,,,,,,,,,,,,0,1,en_sb_ex_150,,1,,25500,25500,,5,,,,,,,,,,,,,,,,,"23,29","NEW extension,Extension SoftBank 303ZT"
1669,13029,747,529,No,148,2,カート用延長フラグ,Extension SoftBank 303ZT,1,,,,,,,,*,303zt/img001-ex.jpg,*,303zt/img001-ex.jpg,,,,,,,,,,,,,,,,,,,,,,,0,1,en_sb_ex_150,,1,,25500,25500,,5,,,,,,,,,,,,,,,,,"23,29","NEW extension,Extension SoftBank 303ZT"
1669,13031,747,530,No,149,2,カート用延長フラグ,Extension SoftBank 303ZT,1,,,,,,,,*,303zt/img001-ex.jpg,*,303zt/img001-ex.jpg,,,,,,,,,,,,,,,,,,,,,,,0,1,en_sb_ex_150,,1,,25500,25500,,5,,,,,,,,,,,,,,,,,"23,29","NEW extension,Extension SoftBank 303ZT"
1669,13033,747,531,No,150,2,カート用延長フラグ,Extension SoftBank 303ZT,1,,,,,,,,*,303zt/img001-ex.jpg,*,303zt/img001-ex.jpg,,,,,,,,,,,,,,,,,,,,,,,0,1,en_sb_ex_150,,1,,25500,25500,,5,,,,,,,,,,,,,,,,,"23,29","NEW extension,Extension SoftBank 303ZT"
1669,13035,747,532,No,151,2,カート用延長フラグ,Extension SoftBank 303ZT,1,,,,,,,,*,303zt/img001-ex.jpg,*,303zt/img001-ex.jpg,,,,,,,,,,,,,,,,,,,,,,,0,1,en_sb_ex_151,,1,,25990,25990,,5,,,,,,,,,,,,,,,,,"23,29","NEW extension,Extension SoftBank 303ZT"
1669,13037,747,533,No,152,2,カート用延長フラグ,Extension SoftBank 303ZT,1,,,,,,,,*,303zt/img001-ex.jpg,*,303zt/img001-ex.jpg,,,,,,,,,,,,,,,,,,,,,,,0,1,en_sb_ex_152,,1,,26480,26480,,5,,,,,,,,,,,,,,,,,"23,29","NEW extension,Extension SoftBank 303ZT"
1669,13039,747,534,No,153,2,カート用延長フラグ,Extension SoftBank 303ZT,1,,,,,,,,*,303zt/img001-ex.jpg,*,303zt/img001-ex.jpg,,,,,,,,,,,,,,,,,,,,,,,0,1,en_sb_ex_153,,1,,26970,26970,,5,,,,,,,,,,,,,,,,,"23,29","NEW extension,Extension SoftBank 303ZT"
1669,13041,747,535,No,154,2,カート用延長フラグ,Extension SoftBank 303ZT,1,,,,,,,,*,303zt/img001-ex.jpg,*,303zt/img001-ex.jpg,,,,,,,,,,,,,,,,,,,,,,,0,1,en_sb_ex_154,,1,,27460,27460,,5,,,,,,,,,,,,,,,,,"23,29","NEW extension,Extension SoftBank 303ZT"
1669,13043,747,536,No,155,2,カート用延長フラグ,Extension SoftBank 303ZT,1,,,,,,,,*,303zt/img001-ex.jpg,*,303zt/img001-ex.jpg,,,,,,,,,,,,,,,,,,,,,,,0,1,en_sb_ex_155,,1,,27950,27950,,5,,,,,,,,,,,,,,,,,"23,29","NEW extension,Extension SoftBank 303ZT"
1669,13045,747,537,No,156,2,カート用延長フラグ,Extension SoftBank 303ZT,1,,,,,,,,*,303zt/img001-ex.jpg,*,303zt/img001-ex.jpg,,,,,,,,,,,,,,,,,,,,,,,0,1,en_sb_ex_180,,1,,28000,28000,,5,,,,,,,,,,,,,,,,,"23,29","NEW extension,Extension SoftBank 303ZT"
1669,13047,747,538,No,157,2,カート用延長フラグ,Extension SoftBank 303ZT,1,,,,,,,,*,303zt/img001-ex.jpg,*,303zt/img001-ex.jpg,,,,,,,,,,,,,,,,,,,,,,,0,1,en_sb_ex_180,,1,,28000,28000,,5,,,,,,,,,,,,,,,,,"23,29","NEW extension,Extension SoftBank 303ZT"
1669,13049,747,539,No,158,2,カート用延長フラグ,Extension SoftBank 303ZT,1,,,,,,,,*,303zt/img001-ex.jpg,*,303zt/img001-ex.jpg,,,,,,,,,,,,,,,,,,,,,,,0,1,en_sb_ex_180,,1,,28000,28000,,5,,,,,,,,,,,,,,,,,"23,29","NEW extension,Extension SoftBank 303ZT"
1669,13051,747,540,No,159,2,カート用延長フラグ,Extension SoftBank 303ZT,1,,,,,,,,*,303zt/img001-ex.jpg,*,303zt/img001-ex.jpg,,,,,,,,,,,,,,,,,,,,,,,0,1,en_sb_ex_180,,1,,28000,28000,,5,,,,,,,,,,,,,,,,,"23,29","NEW extension,Extension SoftBank 303ZT"
1669,13053,747,541,No,160,2,カート用延長フラグ,Extension SoftBank 303ZT,1,,,,,,,,*,303zt/img001-ex.jpg,*,303zt/img001-ex.jpg,,,,,,,,,,,,,,,,,,,,,,,0,1,en_sb_ex_180,,1,,28000,28000,,5,,,,,,,,,,,,,,,,,"23,29","NEW extension,Extension SoftBank 303ZT"
1669,13055,747,542,No,161,2,カート用延長フラグ,Extension SoftBank 303ZT,1,,,,,,,,*,303zt/img001-ex.jpg,*,303zt/img001-ex.jpg,,,,,,,,,,,,,,,,,,,,,,,0,1,en_sb_ex_180,,1,,28000,28000,,5,,,,,,,,,,,,,,,,,"23,29","NEW extension,Extension SoftBank 303ZT"
1669,13057,747,543,No,162,2,カート用延長フラグ,Extension SoftBank 303ZT,1,,,,,,,,*,303zt/img001-ex.jpg,*,303zt/img001-ex.jpg,,,,,,,,,,,,,,,,,,,,,,,0,1,en_sb_ex_180,,1,,28000,28000,,5,,,,,,,,,,,,,,,,,"23,29","NEW extension,Extension SoftBank 303ZT"
1669,13059,747,544,No,163,2,カート用延長フラグ,Extension SoftBank 303ZT,1,,,,,,,,*,303zt/img001-ex.jpg,*,303zt/img001-ex.jpg,,,,,,,,,,,,,,,,,,,,,,,0,1,en_sb_ex_180,,1,,28000,28000,,5,,,,,,,,,,,,,,,,,"23,29","NEW extension,Extension SoftBank 303ZT"
1669,13061,747,545,No,164,2,カート用延長フラグ,Extension SoftBank 303ZT,1,,,,,,,,*,303zt/img001-ex.jpg,*,303zt/img001-ex.jpg,,,,,,,,,,,,,,,,,,,,,,,0,1,en_sb_ex_180,,1,,28000,28000,,5,,,,,,,,,,,,,,,,,"23,29","NEW extension,Extension SoftBank 303ZT"
1669,13063,747,546,No,165,2,カート用延長フラグ,Extension SoftBank 303ZT,1,,,,,,,,*,303zt/img001-ex.jpg,*,303zt/img001-ex.jpg,,,,,,,,,,,,,,,,,,,,,,,0,1,en_sb_ex_180,,1,,28000,28000,,5,,,,,,,,,,,,,,,,,"23,29","NEW extension,Extension SoftBank 303ZT"
1669,13065,747,547,No,166,2,カート用延長フラグ,Extension SoftBank 303ZT,1,,,,,,,,*,303zt/img001-ex.jpg,*,303zt/img001-ex.jpg,,,,,,,,,,,,,,,,,,,,,,,0,1,en_sb_ex_180,,1,,28000,28000,,5,,,,,,,,,,,,,,,,,"23,29","NEW extension,Extension SoftBank 303ZT"
1669,13067,747,548,No,167,2,カート用延長フラグ,Extension SoftBank 303ZT,1,,,,,,,,*,303zt/img001-ex.jpg,*,303zt/img001-ex.jpg,,,,,,,,,,,,,,,,,,,,,,,0,1,en_sb_ex_180,,1,,28000,28000,,5,,,,,,,,,,,,,,,,,"23,29","NEW extension,Extension SoftBank 303ZT"
1669,13069,747,549,No,168,2,カート用延長フラグ,Extension SoftBank 303ZT,1,,,,,,,,*,303zt/img001-ex.jpg,*,303zt/img001-ex.jpg,,,,,,,,,,,,,,,,,,,,,,,0,1,en_sb_ex_180,,1,,28000,28000,,5,,,,,,,,,,,,,,,,,"23,29","NEW extension,Extension SoftBank 303ZT"
1669,13071,747,550,No,169,2,カート用延長フラグ,Extension SoftBank 303ZT,1,,,,,,,,*,303zt/img001-ex.jpg,*,303zt/img001-ex.jpg,,,,,,,,,,,,,,,,,,,,,,,0,1,en_sb_ex_180,,1,,28000,28000,,5,,,,,,,,,,,,,,,,,"23,29","NEW extension,Extension SoftBank 303ZT"
1669,13073,747,551,No,170,2,カート用延長フラグ,Extension SoftBank 303ZT,1,,,,,,,,*,303zt/img001-ex.jpg,*,303zt/img001-ex.jpg,,,,,,,,,,,,,,,,,,,,,,,0,1,en_sb_ex_180,,1,,28000,28000,,5,,,,,,,,,,,,,,,,,"23,29","NEW extension,Extension SoftBank 303ZT"
1669,13075,747,552,No,171,2,カート用延長フラグ,Extension SoftBank 303ZT,1,,,,,,,,*,303zt/img001-ex.jpg,*,303zt/img001-ex.jpg,,,,,,,,,,,,,,,,,,,,,,,0,1,en_sb_ex_180,,1,,28000,28000,,5,,,,,,,,,,,,,,,,,"23,29","NEW extension,Extension SoftBank 303ZT"
1669,13077,747,553,No,172,2,カート用延長フラグ,Extension SoftBank 303ZT,1,,,,,,,,*,303zt/img001-ex.jpg,*,303zt/img001-ex.jpg,,,,,,,,,,,,,,,,,,,,,,,0,1,en_sb_ex_180,,1,,28000,28000,,5,,,,,,,,,,,,,,,,,"23,29","NEW extension,Extension SoftBank 303ZT"
1669,13079,747,554,No,173,2,カート用延長フラグ,Extension SoftBank 303ZT,1,,,,,,,,*,303zt/img001-ex.jpg,*,303zt/img001-ex.jpg,,,,,,,,,,,,,,,,,,,,,,,0,1,en_sb_ex_180,,1,,28000,28000,,5,,,,,,,,,,,,,,,,,"23,29","NEW extension,Extension SoftBank 303ZT"
1669,13081,747,555,No,174,2,カート用延長フラグ,Extension SoftBank 303ZT,1,,,,,,,,*,303zt/img001-ex.jpg,*,303zt/img001-ex.jpg,,,,,,,,,,,,,,,,,,,,,,,0,1,en_sb_ex_180,,1,,28000,28000,,5,,,,,,,,,,,,,,,,,"23,29","NEW extension,Extension SoftBank 303ZT"
1669,13083,747,556,No,175,2,カート用延長フラグ,Extension SoftBank 303ZT,1,,,,,,,,*,303zt/img001-ex.jpg,*,303zt/img001-ex.jpg,,,,,,,,,,,,,,,,,,,,,,,0,1,en_sb_ex_180,,1,,28000,28000,,5,,,,,,,,,,,,,,,,,"23,29","NEW extension,Extension SoftBank 303ZT"
1669,13085,747,557,No,176,2,カート用延長フラグ,Extension SoftBank 303ZT,1,,,,,,,,*,303zt/img001-ex.jpg,*,303zt/img001-ex.jpg,,,,,,,,,,,,,,,,,,,,,,,0,1,en_sb_ex_180,,1,,28000,28000,,5,,,,,,,,,,,,,,,,,"23,29","NEW extension,Extension SoftBank 303ZT"
1669,13087,747,558,No,177,2,カート用延長フラグ,Extension SoftBank 303ZT,1,,,,,,,,*,303zt/img001-ex.jpg,*,303zt/img001-ex.jpg,,,,,,,,,,,,,,,,,,,,,,,0,1,en_sb_ex_180,,1,,28000,28000,,5,,,,,,,,,,,,,,,,,"23,29","NEW extension,Extension SoftBank 303ZT"
1669,13089,747,559,No,178,2,カート用延長フラグ,Extension SoftBank 303ZT,1,,,,,,,,*,303zt/img001-ex.jpg,*,303zt/img001-ex.jpg,,,,,,,,,,,,,,,,,,,,,,,0,1,en_sb_ex_180,,1,,28000,28000,,5,,,,,,,,,,,,,,,,,"23,29","NEW extension,Extension SoftBank 303ZT"
1669,13091,747,560,No,179,2,カート用延長フラグ,Extension SoftBank 303ZT,1,,,,,,,,*,303zt/img001-ex.jpg,*,303zt/img001-ex.jpg,,,,,,,,,,,,,,,,,,,,,,,0,1,en_sb_ex_180,,1,,28000,28000,,5,,,,,,,,,,,,,,,,,"23,29","NEW extension,Extension SoftBank 303ZT"
1669,13093,747,561,No,180,2,カート用延長フラグ,Extension SoftBank 303ZT,1,,,,,,,,*,303zt/img001-ex.jpg,*,303zt/img001-ex.jpg,,,,,,,,,,,,,,,,,,,,,,,0,1,en_sb_ex_180,,1,,28000,28000,,5,,,,,,,,,,,,,,,,,"23,29","NEW extension,Extension SoftBank 303ZT"
1669,13095,747,562,No,181,2,カート用延長フラグ,Extension SoftBank 303ZT,1,,,,,,,,*,303zt/img001-ex.jpg,*,303zt/img001-ex.jpg,,,,,,,,,,,,,,,,,,,,,,,0,1,en_sb_ex_181,,1,,28490,28490,,5,,,,,,,,,,,,,,,,,"23,29","NEW extension,Extension SoftBank 303ZT"
1669,13097,747,563,No,182,2,カート用延長フラグ,Extension SoftBank 303ZT,1,,,,,,,,*,303zt/img001-ex.jpg,*,303zt/img001-ex.jpg,,,,,,,,,,,,,,,,,,,,,,,0,1,en_sb_ex_182,,1,,28980,28980,,5,,,,,,,,,,,,,,,,,"23,29","NEW extension,Extension SoftBank 303ZT"
1669,13099,747,564,No,183,2,カート用延長フラグ,Extension SoftBank 303ZT,1,,,,,,,,*,303zt/img001-ex.jpg,*,303zt/img001-ex.jpg,,,,,,,,,,,,,,,,,,,,,,,0,1,en_sb_ex_183,,1,,29470,29470,,5,,,,,,,,,,,,,,,,,"23,29","NEW extension,Extension SoftBank 303ZT"
1669,13101,747,565,No,184,2,カート用延長フラグ,Extension SoftBank 303ZT,1,,,,,,,,*,303zt/img001-ex.jpg,*,303zt/img001-ex.jpg,,,,,,,,,,,,,,,,,,,,,,,0,1,en_sb_ex_184,,1,,29960,29960,,5,,,,,,,,,,,,,,,,,"23,29","NEW extension,Extension SoftBank 303ZT"
1669,13103,747,566,No,185,2,カート用延長フラグ,Extension SoftBank 303ZT,1,,,,,,,,*,303zt/img001-ex.jpg,*,303zt/img001-ex.jpg,,,,,,,,,,,,,,,,,,,,,,,0,1,en_sb_ex_185,,1,,30450,30450,,5,,,,,,,,,,,,,,,,,"23,29","NEW extension,Extension SoftBank 303ZT"
1669,13105,747,567,No,186,2,カート用延長フラグ,Extension SoftBank 303ZT,1,,,,,,,,*,303zt/img001-ex.jpg,*,303zt/img001-ex.jpg,,,,,,,,,,,,,,,,,,,,,,,0,1,en_sb_ex_186,,1,,30940,30940,,5,,,,,,,,,,,,,,,,,"23,29","NEW extension,Extension SoftBank 303ZT"
1669,13107,747,568,No,187,2,カート用延長フラグ,Extension SoftBank 303ZT,1,,,,,,,,*,303zt/img001-ex.jpg,*,303zt/img001-ex.jpg,,,,,,,,,,,,,,,,,,,,,,,0,1,en_sb_ex_187,,1,,31430,31430,,5,,,,,,,,,,,,,,,,,"23,29","NEW extension,Extension SoftBank 303ZT"
1669,13109,747,569,No,188,2,カート用延長フラグ,Extension SoftBank 303ZT,1,,,,,,,,*,303zt/img001-ex.jpg,*,303zt/img001-ex.jpg,,,,,,,,,,,,,,,,,,,,,,,0,1,en_sb_ex_188,,1,,31920,31920,,5,,,,,,,,,,,,,,,,,"23,29","NEW extension,Extension SoftBank 303ZT"
1669,13111,747,570,No,189,2,カート用延長フラグ,Extension SoftBank 303ZT,1,,,,,,,,*,303zt/img001-ex.jpg,*,303zt/img001-ex.jpg,,,,,,,,,,,,,,,,,,,,,,,0,1,en_sb_ex_189,,1,,32410,32410,,5,,,,,,,,,,,,,,,,,"23,29","NEW extension,Extension SoftBank 303ZT"
1669,13113,747,571,No,190,2,カート用延長フラグ,Extension SoftBank 303ZT,1,,,,,,,,*,303zt/img001-ex.jpg,*,303zt/img001-ex.jpg,,,,,,,,,,,,,,,,,,,,,,,0,1,en_sb_ex_190,,1,,32900,32900,,5,,,,,,,,,,,,,,,,,"23,29","NEW extension,Extension SoftBank 303ZT"
1669,13115,747,572,No,191,2,カート用延長フラグ,Extension SoftBank 303ZT,1,,,,,,,,*,303zt/img001-ex.jpg,*,303zt/img001-ex.jpg,,,,,,,,,,,,,,,,,,,,,,,0,1,en_sb_ex_191,,1,,33390,33390,,5,,,,,,,,,,,,,,,,,"23,29","NEW extension,Extension SoftBank 303ZT"
1669,13117,747,573,No,192,2,カート用延長フラグ,Extension SoftBank 303ZT,1,,,,,,,,*,303zt/img001-ex.jpg,*,303zt/img001-ex.jpg,,,,,,,,,,,,,,,,,,,,,,,0,1,en_sb_ex_192,,1,,33880,33880,,5,,,,,,,,,,,,,,,,,"23,29","NEW extension,Extension SoftBank 303ZT"
1669,13119,747,574,No,193,2,カート用延長フラグ,Extension SoftBank 303ZT,1,,,,,,,,*,303zt/img001-ex.jpg,*,303zt/img001-ex.jpg,,,,,,,,,,,,,,,,,,,,,,,0,1,en_sb_ex_193,,1,,34370,34370,,5,,,,,,,,,,,,,,,,,"23,29","NEW extension,Extension SoftBank 303ZT"
1669,13121,747,575,No,194,2,カート用延長フラグ,Extension SoftBank 303ZT,1,,,,,,,,*,303zt/img001-ex.jpg,*,303zt/img001-ex.jpg,,,,,,,,,,,,,,,,,,,,,,,0,1,en_sb_ex_194,,1,,34860,34860,,5,,,,,,,,,,,,,,,,,"23,29","NEW extension,Extension SoftBank 303ZT"
1669,13123,747,576,No,195,2,カート用延長フラグ,Extension SoftBank 303ZT,1,,,,,,,,*,303zt/img001-ex.jpg,*,303zt/img001-ex.jpg,,,,,,,,,,,,,,,,,,,,,,,0,1,en_sb_ex_211,,1,,35350,35350,,5,,,,,,,,,,,,,,,,,"23,29","NEW extension,Extension SoftBank 303ZT"
1669,13125,747,577,No,196,2,カート用延長フラグ,Extension SoftBank 303ZT,1,,,,,,,,*,303zt/img001-ex.jpg,*,303zt/img001-ex.jpg,,,,,,,,,,,,,,,,,,,,,,,0,1,en_sb_ex_211,,1,,35350,35350,,5,,,,,,,,,,,,,,,,,"23,29","NEW extension,Extension SoftBank 303ZT"
1669,13127,747,578,No,197,2,カート用延長フラグ,Extension SoftBank 303ZT,1,,,,,,,,*,303zt/img001-ex.jpg,*,303zt/img001-ex.jpg,,,,,,,,,,,,,,,,,,,,,,,0,1,en_sb_ex_211,,1,,35350,35350,,5,,,,,,,,,,,,,,,,,"23,29","NEW extension,Extension SoftBank 303ZT"
1669,13129,747,579,No,198,2,カート用延長フラグ,Extension SoftBank 303ZT,1,,,,,,,,*,303zt/img001-ex.jpg,*,303zt/img001-ex.jpg,,,,,,,,,,,,,,,,,,,,,,,0,1,en_sb_ex_211,,1,,35350,35350,,5,,,,,,,,,,,,,,,,,"23,29","NEW extension,Extension SoftBank 303ZT"
1669,13131,747,580,No,199,2,カート用延長フラグ,Extension SoftBank 303ZT,1,,,,,,,,*,303zt/img001-ex.jpg,*,303zt/img001-ex.jpg,,,,,,,,,,,,,,,,,,,,,,,0,1,en_sb_ex_211,,1,,35350,35350,,5,,,,,,,,,,,,,,,,,"23,29","NEW extension,Extension SoftBank 303ZT"
1669,13133,747,581,No,200,2,カート用延長フラグ,Extension SoftBank 303ZT,1,,,,,,,,*,303zt/img001-ex.jpg,*,303zt/img001-ex.jpg,,,,,,,,,,,,,,,,,,,,,,,0,1,en_sb_ex_211,,1,,35350,35350,,5,,,,,,,,,,,,,,,,,"23,29","NEW extension,Extension SoftBank 303ZT"
1669,13135,747,582,No,201,2,カート用延長フラグ,Extension SoftBank 303ZT,1,,,,,,,,*,303zt/img001-ex.jpg,*,303zt/img001-ex.jpg,,,,,,,,,,,,,,,,,,,,,,,0,1,en_sb_ex_211,,1,,35350,35350,,5,,,,,,,,,,,,,,,,,"23,29","NEW extension,Extension SoftBank 303ZT"
1669,13137,747,583,No,202,2,カート用延長フラグ,Extension SoftBank 303ZT,1,,,,,,,,*,303zt/img001-ex.jpg,*,303zt/img001-ex.jpg,,,,,,,,,,,,,,,,,,,,,,,0,1,en_sb_ex_211,,1,,35350,35350,,5,,,,,,,,,,,,,,,,,"23,29","NEW extension,Extension SoftBank 303ZT"
1669,13139,747,584,No,203,2,カート用延長フラグ,Extension SoftBank 303ZT,1,,,,,,,,*,303zt/img001-ex.jpg,*,303zt/img001-ex.jpg,,,,,,,,,,,,,,,,,,,,,,,0,1,en_sb_ex_211,,1,,35350,35350,,5,,,,,,,,,,,,,,,,,"23,29","NEW extension,Extension SoftBank 303ZT"
1669,13141,747,585,No,204,2,カート用延長フラグ,Extension SoftBank 303ZT,1,,,,,,,,*,303zt/img001-ex.jpg,*,303zt/img001-ex.jpg,,,,,,,,,,,,,,,,,,,,,,,0,1,en_sb_ex_211,,1,,35350,35350,,5,,,,,,,,,,,,,,,,,"23,29","NEW extension,Extension SoftBank 303ZT"
1669,13143,747,586,No,205,2,カート用延長フラグ,Extension SoftBank 303ZT,1,,,,,,,,*,303zt/img001-ex.jpg,*,303zt/img001-ex.jpg,,,,,,,,,,,,,,,,,,,,,,,0,1,en_sb_ex_211,,1,,35350,35350,,5,,,,,,,,,,,,,,,,,"23,29","NEW extension,Extension SoftBank 303ZT"
1669,13145,747,587,No,206,2,カート用延長フラグ,Extension SoftBank 303ZT,1,,,,,,,,*,303zt/img001-ex.jpg,*,303zt/img001-ex.jpg,,,,,,,,,,,,,,,,,,,,,,,0,1,en_sb_ex_211,,1,,35350,35350,,5,,,,,,,,,,,,,,,,,"23,29","NEW extension,Extension SoftBank 303ZT"
1669,13147,747,588,No,207,2,カート用延長フラグ,Extension SoftBank 303ZT,1,,,,,,,,*,303zt/img001-ex.jpg,*,303zt/img001-ex.jpg,,,,,,,,,,,,,,,,,,,,,,,0,1,en_sb_ex_211,,1,,35350,35350,,5,,,,,,,,,,,,,,,,,"23,29","NEW extension,Extension SoftBank 303ZT"
1669,13149,747,589,No,208,2,カート用延長フラグ,Extension SoftBank 303ZT,1,,,,,,,,*,303zt/img001-ex.jpg,*,303zt/img001-ex.jpg,,,,,,,,,,,,,,,,,,,,,,,0,1,en_sb_ex_211,,1,,35350,35350,,5,,,,,,,,,,,,,,,,,"23,29","NEW extension,Extension SoftBank 303ZT"
1669,13151,747,590,No,209,2,カート用延長フラグ,Extension SoftBank 303ZT,1,,,,,,,,*,303zt/img001-ex.jpg,*,303zt/img001-ex.jpg,,,,,,,,,,,,,,,,,,,,,,,0,1,en_sb_ex_211,,1,,35350,35350,,5,,,,,,,,,,,,,,,,,"23,29","NEW extension,Extension SoftBank 303ZT"
1669,13153,747,591,No,210,2,カート用延長フラグ,Extension SoftBank 303ZT,1,,,,,,,,*,303zt/img001-ex.jpg,*,303zt/img001-ex.jpg,,,,,,,,,,,,,,,,,,,,,,,0,1,en_sb_ex_211,,1,,35350,35350,,5,,,,,,,,,,,,,,,,,"23,29","NEW extension,Extension SoftBank 303ZT"
1669,13155,747,592,No,211,2,カート用延長フラグ,Extension SoftBank 303ZT,1,,,,,,,,*,303zt/img001-ex.jpg,*,303zt/img001-ex.jpg,,,,,,,,,,,,,,,,,,,,,,,0,1,en_sb_ex_211,,1,,35350,35350,,5,,,,,,,,,,,,,,,,,"23,29","NEW extension,Extension SoftBank 303ZT"
1669,13157,747,593,No,212,2,カート用延長フラグ,Extension SoftBank 303ZT,1,,,,,,,,*,303zt/img001-ex.jpg,*,303zt/img001-ex.jpg,,,,,,,,,,,,,,,,,,,,,,,0,1,en_sb_ex_212,,1,,35840,35840,,5,,,,,,,,,,,,,,,,,"23,29","NEW extension,Extension SoftBank 303ZT"
1669,13159,747,594,No,213,2,カート用延長フラグ,Extension SoftBank 303ZT,1,,,,,,,,*,303zt/img001-ex.jpg,*,303zt/img001-ex.jpg,,,,,,,,,,,,,,,,,,,,,,,0,1,en_sb_ex_213,,1,,36330,36330,,5,,,,,,,,,,,,,,,,,"23,29","NEW extension,Extension SoftBank 303ZT"
1669,13161,747,595,No,214,2,カート用延長フラグ,Extension SoftBank 303ZT,1,,,,,,,,*,303zt/img001-ex.jpg,*,303zt/img001-ex.jpg,,,,,,,,,,,,,,,,,,,,,,,0,1,en_sb_ex_214,,1,,36820,36820,,5,,,,,,,,,,,,,,,,,"23,29","NEW extension,Extension SoftBank 303ZT"
1669,13163,747,596,No,215,2,カート用延長フラグ,Extension SoftBank 303ZT,1,,,,,,,,*,303zt/img001-ex.jpg,*,303zt/img001-ex.jpg,,,,,,,,,,,,,,,,,,,,,,,0,1,en_sb_ex_215,,1,,37310,37310,,5,,,,,,,,,,,,,,,,,"23,29","NEW extension,Extension SoftBank 303ZT"
1669,13165,747,597,No,216,2,カート用延長フラグ,Extension SoftBank 303ZT,1,,,,,,,,*,303zt/img001-ex.jpg,*,303zt/img001-ex.jpg,,,,,,,,,,,,,,,,,,,,,,,0,1,en_sb_ex_216,,1,,37800,37800,,5,,,,,,,,,,,,,,,,,"23,29","NEW extension,Extension SoftBank 303ZT"
1669,13167,747,598,No,217,2,カート用延長フラグ,Extension SoftBank 303ZT,1,,,,,,,,*,303zt/img001-ex.jpg,*,303zt/img001-ex.jpg,,,,,,,,,,,,,,,,,,,,,,,0,1,en_sb_ex_217,,1,,38290,38290,,5,,,,,,,,,,,,,,,,,"23,29","NEW extension,Extension SoftBank 303ZT"
1669,13169,747,599,No,218,2,カート用延長フラグ,Extension SoftBank 303ZT,1,,,,,,,,*,303zt/img001-ex.jpg,*,303zt/img001-ex.jpg,,,,,,,,,,,,,,,,,,,,,,,0,1,en_sb_ex_218,,1,,38780,38780,,5,,,,,,,,,,,,,,,,,"23,29","NEW extension,Extension SoftBank 303ZT"
1669,13171,747,600,No,219,2,カート用延長フラグ,Extension SoftBank 303ZT,1,,,,,,,,*,303zt/img001-ex.jpg,*,303zt/img001-ex.jpg,,,,,,,,,,,,,,,,,,,,,,,0,1,en_sb_ex_219,,1,,39270,39270,,5,,,,,,,,,,,,,,,,,"23,29","NEW extension,Extension SoftBank 303ZT"
1669,13173,747,601,No,220,2,カート用延長フラグ,Extension SoftBank 303ZT,1,,,,,,,,*,303zt/img001-ex.jpg,*,303zt/img001-ex.jpg,,,,,,,,,,,,,,,,,,,,,,,0,1,en_sb_ex_220,,1,,39760,39760,,5,,,,,,,,,,,,,,,,,"23,29","NEW extension,Extension SoftBank 303ZT"
1669,13175,747,602,No,221,2,カート用延長フラグ,Extension SoftBank 303ZT,1,,,,,,,,*,303zt/img001-ex.jpg,*,303zt/img001-ex.jpg,,,,,,,,,,,,,,,,,,,,,,,0,1,en_sb_ex_221,,1,,40250,40250,,5,,,,,,,,,,,,,,,,,"23,29","NEW extension,Extension SoftBank 303ZT"
1669,13177,747,603,No,222,2,カート用延長フラグ,Extension SoftBank 303ZT,1,,,,,,,,*,303zt/img001-ex.jpg,*,303zt/img001-ex.jpg,,,,,,,,,,,,,,,,,,,,,,,0,1,en_sb_ex_222,,1,,40740,40740,,5,,,,,,,,,,,,,,,,,"23,29","NEW extension,Extension SoftBank 303ZT"
1669,13179,747,604,No,223,2,カート用延長フラグ,Extension SoftBank 303ZT,1,,,,,,,,*,303zt/img001-ex.jpg,*,303zt/img001-ex.jpg,,,,,,,,,,,,,,,,,,,,,,,0,1,en_sb_ex_241,,1,,41050,41050,,5,,,,,,,,,,,,,,,,,"23,29","NEW extension,Extension SoftBank 303ZT"
1669,13181,747,605,No,224,2,カート用延長フラグ,Extension SoftBank 303ZT,1,,,,,,,,*,303zt/img001-ex.jpg,*,303zt/img001-ex.jpg,,,,,,,,,,,,,,,,,,,,,,,0,1,en_sb_ex_241,,1,,41050,41050,,5,,,,,,,,,,,,,,,,,"23,29","NEW extension,Extension SoftBank 303ZT"
1669,13183,747,606,No,225,2,カート用延長フラグ,Extension SoftBank 303ZT,1,,,,,,,,*,303zt/img001-ex.jpg,*,303zt/img001-ex.jpg,,,,,,,,,,,,,,,,,,,,,,,0,1,en_sb_ex_241,,1,,41050,41050,,5,,,,,,,,,,,,,,,,,"23,29","NEW extension,Extension SoftBank 303ZT"
1669,13185,747,607,No,226,2,カート用延長フラグ,Extension SoftBank 303ZT,1,,,,,,,,*,303zt/img001-ex.jpg,*,303zt/img001-ex.jpg,,,,,,,,,,,,,,,,,,,,,,,0,1,en_sb_ex_241,,1,,41050,41050,,5,,,,,,,,,,,,,,,,,"23,29","NEW extension,Extension SoftBank 303ZT"
1669,13187,747,608,No,227,2,カート用延長フラグ,Extension SoftBank 303ZT,1,,,,,,,,*,303zt/img001-ex.jpg,*,303zt/img001-ex.jpg,,,,,,,,,,,,,,,,,,,,,,,0,1,en_sb_ex_241,,1,,41050,41050,,5,,,,,,,,,,,,,,,,,"23,29","NEW extension,Extension SoftBank 303ZT"
1669,13189,747,609,No,228,2,カート用延長フラグ,Extension SoftBank 303ZT,1,,,,,,,,*,303zt/img001-ex.jpg,*,303zt/img001-ex.jpg,,,,,,,,,,,,,,,,,,,,,,,0,1,en_sb_ex_241,,1,,41050,41050,,5,,,,,,,,,,,,,,,,,"23,29","NEW extension,Extension SoftBank 303ZT"
1669,13191,747,610,No,229,2,カート用延長フラグ,Extension SoftBank 303ZT,1,,,,,,,,*,303zt/img001-ex.jpg,*,303zt/img001-ex.jpg,,,,,,,,,,,,,,,,,,,,,,,0,1,en_sb_ex_241,,1,,41050,41050,,5,,,,,,,,,,,,,,,,,"23,29","NEW extension,Extension SoftBank 303ZT"
1669,13193,747,611,No,230,2,カート用延長フラグ,Extension SoftBank 303ZT,1,,,,,,,,*,303zt/img001-ex.jpg,*,303zt/img001-ex.jpg,,,,,,,,,,,,,,,,,,,,,,,0,1,en_sb_ex_241,,1,,41050,41050,,5,,,,,,,,,,,,,,,,,"23,29","NEW extension,Extension SoftBank 303ZT"
1669,13195,747,612,No,231,2,カート用延長フラグ,Extension SoftBank 303ZT,1,,,,,,,,*,303zt/img001-ex.jpg,*,303zt/img001-ex.jpg,,,,,,,,,,,,,,,,,,,,,,,0,1,en_sb_ex_241,,1,,41050,41050,,5,,,,,,,,,,,,,,,,,"23,29","NEW extension,Extension SoftBank 303ZT"
1669,13197,747,613,No,232,2,カート用延長フラグ,Extension SoftBank 303ZT,1,,,,,,,,*,303zt/img001-ex.jpg,*,303zt/img001-ex.jpg,,,,,,,,,,,,,,,,,,,,,,,0,1,en_sb_ex_241,,1,,41050,41050,,5,,,,,,,,,,,,,,,,,"23,29","NEW extension,Extension SoftBank 303ZT"
1669,13199,747,614,No,233,2,カート用延長フラグ,Extension SoftBank 303ZT,1,,,,,,,,*,303zt/img001-ex.jpg,*,303zt/img001-ex.jpg,,,,,,,,,,,,,,,,,,,,,,,0,1,en_sb_ex_241,,1,,41050,41050,,5,,,,,,,,,,,,,,,,,"23,29","NEW extension,Extension SoftBank 303ZT"
1669,13201,747,615,No,234,2,カート用延長フラグ,Extension SoftBank 303ZT,1,,,,,,,,*,303zt/img001-ex.jpg,*,303zt/img001-ex.jpg,,,,,,,,,,,,,,,,,,,,,,,0,1,en_sb_ex_241,,1,,41050,41050,,5,,,,,,,,,,,,,,,,,"23,29","NEW extension,Extension SoftBank 303ZT"
1669,13203,747,616,No,235,2,カート用延長フラグ,Extension SoftBank 303ZT,1,,,,,,,,*,303zt/img001-ex.jpg,*,303zt/img001-ex.jpg,,,,,,,,,,,,,,,,,,,,,,,0,1,en_sb_ex_241,,1,,41050,41050,,5,,,,,,,,,,,,,,,,,"23,29","NEW extension,Extension SoftBank 303ZT"
1669,13205,747,617,No,236,2,カート用延長フラグ,Extension SoftBank 303ZT,1,,,,,,,,*,303zt/img001-ex.jpg,*,303zt/img001-ex.jpg,,,,,,,,,,,,,,,,,,,,,,,0,1,en_sb_ex_241,,1,,41050,41050,,5,,,,,,,,,,,,,,,,,"23,29","NEW extension,Extension SoftBank 303ZT"
1669,13207,747,618,No,237,2,カート用延長フラグ,Extension SoftBank 303ZT,1,,,,,,,,*,303zt/img001-ex.jpg,*,303zt/img001-ex.jpg,,,,,,,,,,,,,,,,,,,,,,,0,1,en_sb_ex_241,,1,,41050,41050,,5,,,,,,,,,,,,,,,,,"23,29","NEW extension,Extension SoftBank 303ZT"
1669,13209,747,619,No,238,2,カート用延長フラグ,Extension SoftBank 303ZT,1,,,,,,,,*,303zt/img001-ex.jpg,*,303zt/img001-ex.jpg,,,,,,,,,,,,,,,,,,,,,,,0,1,en_sb_ex_241,,1,,41050,41050,,5,,,,,,,,,,,,,,,,,"23,29","NEW extension,Extension SoftBank 303ZT"
1669,13211,747,620,No,239,2,カート用延長フラグ,Extension SoftBank 303ZT,1,,,,,,,,*,303zt/img001-ex.jpg,*,303zt/img001-ex.jpg,,,,,,,,,,,,,,,,,,,,,,,0,1,en_sb_ex_241,,1,,41050,41050,,5,,,,,,,,,,,,,,,,,"23,29","NEW extension,Extension SoftBank 303ZT"
1669,13213,747,621,No,240,2,カート用延長フラグ,Extension SoftBank 303ZT,1,,,,,,,,*,303zt/img001-ex.jpg,*,303zt/img001-ex.jpg,,,,,,,,,,,,,,,,,,,,,,,0,1,en_sb_ex_241,,1,,41050,41050,,5,,,,,,,,,,,,,,,,,"23,29","NEW extension,Extension SoftBank 303ZT"
1669,13215,747,622,No,241,2,カート用延長フラグ,Extension SoftBank 303ZT,1,,,,,,,,*,303zt/img001-ex.jpg,*,303zt/img001-ex.jpg,,,,,,,,,,,,,,,,,,,,,,,0,1,en_sb_ex_241,,1,,41050,41050,,5,,,,,,,,,,,,,,,,,"23,29","NEW extension,Extension SoftBank 303ZT"
1669,13217,747,623,No,242,2,カート用延長フラグ,Extension SoftBank 303ZT,1,,,,,,,,*,303zt/img001-ex.jpg,*,303zt/img001-ex.jpg,,,,,,,,,,,,,,,,,,,,,,,0,1,en_sb_ex_242,,1,,41540,41540,,5,,,,,,,,,,,,,,,,,"23,29","NEW extension,Extension SoftBank 303ZT"
1669,13219,747,624,No,243,2,カート用延長フラグ,Extension SoftBank 303ZT,1,,,,,,,,*,303zt/img001-ex.jpg,*,303zt/img001-ex.jpg,,,,,,,,,,,,,,,,,,,,,,,0,1,en_sb_ex_243,,1,,42030,42030,,5,,,,,,,,,,,,,,,,,"23,29","NEW extension,Extension SoftBank 303ZT"
1669,13221,747,625,No,244,2,カート用延長フラグ,Extension SoftBank 303ZT,1,,,,,,,,*,303zt/img001-ex.jpg,*,303zt/img001-ex.jpg,,,,,,,,,,,,,,,,,,,,,,,0,1,en_sb_ex_245,,1,,43010,43010,,5,,,,,,,,,,,,,,,,,"23,29","NEW extension,Extension SoftBank 303ZT"
1669,13223,747,626,No,245,2,カート用延長フラグ,Extension SoftBank 303ZT,1,,,,,,,,*,303zt/img001-ex.jpg,*,303zt/img001-ex.jpg,,,,,,,,,,,,,,,,,,,,,,,0,1,en_sb_ex_246,,1,,43500,43500,,5,,,,,,,,,,,,,,,,,"23,29","NEW extension,Extension SoftBank 303ZT"
1669,13225,747,627,No,246,2,カート用延長フラグ,Extension SoftBank 303ZT,1,,,,,,,,*,303zt/img001-ex.jpg,*,303zt/img001-ex.jpg,,,,,,,,,,,,,,,,,,,,,,,0,1,en_sb_ex_244,,1,,42520,42520,,5,,,,,,,,,,,,,,,,,"23,29","NEW extension,Extension SoftBank 303ZT"
1669,13227,747,628,No,247,2,カート用延長フラグ,Extension SoftBank 303ZT,1,,,,,,,,*,303zt/img001-ex.jpg,*,303zt/img001-ex.jpg,,,,,,,,,,,,,,,,,,,,,,,0,1,en_sb_ex_247,,1,,43990,43990,,5,,,,,,,,,,,,,,,,,"23,29","NEW extension,Extension SoftBank 303ZT"
1669,13229,747,629,No,248,2,カート用延長フラグ,Extension SoftBank 303ZT,1,,,,,,,,*,303zt/img001-ex.jpg,*,303zt/img001-ex.jpg,,,,,,,,,,,,,,,,,,,,,,,0,1,en_sb_ex_248,,1,,44480,44480,,5,,,,,,,,,,,,,,,,,"23,29","NEW extension,Extension SoftBank 303ZT"
1669,13231,747,630,No,249,2,カート用延長フラグ,Extension SoftBank 303ZT,1,,,,,,,,*,303zt/img001-ex.jpg,*,303zt/img001-ex.jpg,,,,,,,,,,,,,,,,,,,,,,,0,1,en_sb_ex_249,,1,,44970,44970,,5,,,,,,,,,,,,,,,,,"23,29","NEW extension,Extension SoftBank 303ZT"
1669,13233,747,631,No,250,2,カート用延長フラグ,Extension SoftBank 303ZT,1,,,,,,,,*,303zt/img001-ex.jpg,*,303zt/img001-ex.jpg,,,,,,,,,,,,,,,,,,,,,,,0,1,en_sb_ex_250,,1,,45460,45460,,5,,,,,,,,,,,,,,,,,"23,29","NEW extension,Extension SoftBank 303ZT"
1669,13235,747,632,No,251,2,カート用延長フラグ,Extension SoftBank 303ZT,1,,,,,,,,*,303zt/img001-ex.jpg,*,303zt/img001-ex.jpg,,,,,,,,,,,,,,,,,,,,,,,0,1,en_sb_ex_251,,1,,45950,45950,,5,,,,,,,,,,,,,,,,,"23,29","NEW extension,Extension SoftBank 303ZT"
1669,13237,747,633,No,252,2,カート用延長フラグ,Extension SoftBank 303ZT,1,,,,,,,,*,303zt/img001-ex.jpg,*,303zt/img001-ex.jpg,,,,,,,,,,,,,,,,,,,,,,,0,1,en_sb_ex_271,,1,,46300,46300,,5,,,,,,,,,,,,,,,,,"23,29","NEW extension,Extension SoftBank 303ZT"
1669,13239,747,634,No,253,2,カート用延長フラグ,Extension SoftBank 303ZT,1,,,,,,,,*,303zt/img001-ex.jpg,*,303zt/img001-ex.jpg,,,,,,,,,,,,,,,,,,,,,,,0,1,en_sb_ex_271,,1,,46300,46300,,5,,,,,,,,,,,,,,,,,"23,29","NEW extension,Extension SoftBank 303ZT"
1669,13241,747,635,No,254,2,カート用延長フラグ,Extension SoftBank 303ZT,1,,,,,,,,*,303zt/img001-ex.jpg,*,303zt/img001-ex.jpg,,,,,,,,,,,,,,,,,,,,,,,0,1,en_sb_ex_271,,1,,46300,46300,,5,,,,,,,,,,,,,,,,,"23,29","NEW extension,Extension SoftBank 303ZT"
1669,13243,747,636,No,255,2,カート用延長フラグ,Extension SoftBank 303ZT,1,,,,,,,,*,303zt/img001-ex.jpg,*,303zt/img001-ex.jpg,,,,,,,,,,,,,,,,,,,,,,,0,1,en_sb_ex_271,,1,,46300,46300,,5,,,,,,,,,,,,,,,,,"23,29","NEW extension,Extension SoftBank 303ZT"
1669,13245,747,637,No,256,2,カート用延長フラグ,Extension SoftBank 303ZT,1,,,,,,,,*,303zt/img001-ex.jpg,*,303zt/img001-ex.jpg,,,,,,,,,,,,,,,,,,,,,,,0,1,en_sb_ex_271,,1,,46300,46300,,5,,,,,,,,,,,,,,,,,"23,29","NEW extension,Extension SoftBank 303ZT"
1669,13247,747,638,No,257,2,カート用延長フラグ,Extension SoftBank 303ZT,1,,,,,,,,*,303zt/img001-ex.jpg,*,303zt/img001-ex.jpg,,,,,,,,,,,,,,,,,,,,,,,0,1,en_sb_ex_271,,1,,46300,46300,,5,,,,,,,,,,,,,,,,,"23,29","NEW extension,Extension SoftBank 303ZT"
1669,13249,747,639,No,258,2,カート用延長フラグ,Extension SoftBank 303ZT,1,,,,,,,,*,303zt/img001-ex.jpg,*,303zt/img001-ex.jpg,,,,,,,,,,,,,,,,,,,,,,,0,1,en_sb_ex_271,,1,,46300,46300,,5,,,,,,,,,,,,,,,,,"23,29","NEW extension,Extension SoftBank 303ZT"
1669,13251,747,640,No,259,2,カート用延長フラグ,Extension SoftBank 303ZT,1,,,,,,,,*,303zt/img001-ex.jpg,*,303zt/img001-ex.jpg,,,,,,,,,,,,,,,,,,,,,,,0,1,en_sb_ex_271,,1,,46300,46300,,5,,,,,,,,,,,,,,,,,"23,29","NEW extension,Extension SoftBank 303ZT"
1669,13253,747,641,No,260,2,カート用延長フラグ,Extension SoftBank 303ZT,1,,,,,,,,*,303zt/img001-ex.jpg,*,303zt/img001-ex.jpg,,,,,,,,,,,,,,,,,,,,,,,0,1,en_sb_ex_271,,1,,46300,46300,,5,,,,,,,,,,,,,,,,,"23,29","NEW extension,Extension SoftBank 303ZT"
1669,13255,747,642,No,261,2,カート用延長フラグ,Extension SoftBank 303ZT,1,,,,,,,,*,303zt/img001-ex.jpg,*,303zt/img001-ex.jpg,,,,,,,,,,,,,,,,,,,,,,,0,1,en_sb_ex_271,,1,,46300,46300,,5,,,,,,,,,,,,,,,,,"23,29","NEW extension,Extension SoftBank 303ZT"
1669,13257,747,643,No,262,2,カート用延長フラグ,Extension SoftBank 303ZT,1,,,,,,,,*,303zt/img001-ex.jpg,*,303zt/img001-ex.jpg,,,,,,,,,,,,,,,,,,,,,,,0,1,en_sb_ex_271,,1,,46300,46300,,5,,,,,,,,,,,,,,,,,"23,29","NEW extension,Extension SoftBank 303ZT"
1669,13259,747,644,No,263,2,カート用延長フラグ,Extension SoftBank 303ZT,1,,,,,,,,*,303zt/img001-ex.jpg,*,303zt/img001-ex.jpg,,,,,,,,,,,,,,,,,,,,,,,0,1,en_sb_ex_271,,1,,46300,46300,,5,,,,,,,,,,,,,,,,,"23,29","NEW extension,Extension SoftBank 303ZT"
1669,13261,747,645,No,264,2,カート用延長フラグ,Extension SoftBank 303ZT,1,,,,,,,,*,303zt/img001-ex.jpg,*,303zt/img001-ex.jpg,,,,,,,,,,,,,,,,,,,,,,,0,1,en_sb_ex_271,,1,,46300,46300,,5,,,,,,,,,,,,,,,,,"23,29","NEW extension,Extension SoftBank 303ZT"
1669,13263,747,646,No,265,2,カート用延長フラグ,Extension SoftBank 303ZT,1,,,,,,,,*,303zt/img001-ex.jpg,*,303zt/img001-ex.jpg,,,,,,,,,,,,,,,,,,,,,,,0,1,en_sb_ex_271,,1,,46300,46300,,5,,,,,,,,,,,,,,,,,"23,29","NEW extension,Extension SoftBank 303ZT"
1669,13265,747,647,No,266,2,カート用延長フラグ,Extension SoftBank 303ZT,1,,,,,,,,*,303zt/img001-ex.jpg,*,303zt/img001-ex.jpg,,,,,,,,,,,,,,,,,,,,,,,0,1,en_sb_ex_271,,1,,46300,46300,,5,,,,,,,,,,,,,,,,,"23,29","NEW extension,Extension SoftBank 303ZT"
1669,13267,747,648,No,267,2,カート用延長フラグ,Extension SoftBank 303ZT,1,,,,,,,,*,303zt/img001-ex.jpg,*,303zt/img001-ex.jpg,,,,,,,,,,,,,,,,,,,,,,,0,1,en_sb_ex_271,,1,,46300,46300,,5,,,,,,,,,,,,,,,,,"23,29","NEW extension,Extension SoftBank 303ZT"
1669,13269,747,649,No,268,2,カート用延長フラグ,Extension SoftBank 303ZT,1,,,,,,,,*,303zt/img001-ex.jpg,*,303zt/img001-ex.jpg,,,,,,,,,,,,,,,,,,,,,,,0,1,en_sb_ex_271,,1,,46300,46300,,5,,,,,,,,,,,,,,,,,"23,29","NEW extension,Extension SoftBank 303ZT"
1669,13271,747,650,No,269,2,カート用延長フラグ,Extension SoftBank 303ZT,1,,,,,,,,*,303zt/img001-ex.jpg,*,303zt/img001-ex.jpg,,,,,,,,,,,,,,,,,,,,,,,0,1,en_sb_ex_271,,1,,46300,46300,,5,,,,,,,,,,,,,,,,,"23,29","NEW extension,Extension SoftBank 303ZT"
1669,13273,747,651,No,270,2,カート用延長フラグ,Extension SoftBank 303ZT,1,,,,,,,,*,303zt/img001-ex.jpg,*,303zt/img001-ex.jpg,,,,,,,,,,,,,,,,,,,,,,,0,1,en_sb_ex_271,,1,,46300,46300,,5,,,,,,,,,,,,,,,,,"23,29","NEW extension,Extension SoftBank 303ZT"
1669,13275,747,652,No,271,2,カート用延長フラグ,Extension SoftBank 303ZT,1,,,,,,,,*,303zt/img001-ex.jpg,*,303zt/img001-ex.jpg,,,,,,,,,,,,,,,,,,,,,,,0,1,en_sb_ex_271,,1,,46300,46300,,5,,,,,,,,,,,,,,,,,"23,29","NEW extension,Extension SoftBank 303ZT"
1669,13277,747,653,No,272,2,カート用延長フラグ,Extension SoftBank 303ZT,1,,,,,,,,*,303zt/img001-ex.jpg,*,303zt/img001-ex.jpg,,,,,,,,,,,,,,,,,,,,,,,0,1,en_sb_ex_272,,1,,46790,46790,,5,,,,,,,,,,,,,,,,,"23,29","NEW extension,Extension SoftBank 303ZT"
1669,13279,747,654,No,273,2,カート用延長フラグ,Extension SoftBank 303ZT,1,,,,,,,,*,303zt/img001-ex.jpg,*,303zt/img001-ex.jpg,,,,,,,,,,,,,,,,,,,,,,,0,1,en_sb_ex_273,,1,,47280,47280,,5,,,,,,,,,,,,,,,,,"23,29","NEW extension,Extension SoftBank 303ZT"
1669,13281,747,655,No,274,2,カート用延長フラグ,Extension SoftBank 303ZT,1,,,,,,,,*,303zt/img001-ex.jpg,*,303zt/img001-ex.jpg,,,,,,,,,,,,,,,,,,,,,,,0,1,en_sb_ex_274,,1,,47770,47770,,5,,,,,,,,,,,,,,,,,"23,29","NEW extension,Extension SoftBank 303ZT"
1669,13283,747,656,No,275,2,カート用延長フラグ,Extension SoftBank 303ZT,1,,,,,,,,*,303zt/img001-ex.jpg,*,303zt/img001-ex.jpg,,,,,,,,,,,,,,,,,,,,,,,0,1,en_sb_ex_275,,1,,48260,48260,,5,,,,,,,,,,,,,,,,,"23,29","NEW extension,Extension SoftBank 303ZT"
1669,13285,747,657,No,276,2,カート用延長フラグ,Extension SoftBank 303ZT,1,,,,,,,,*,303zt/img001-ex.jpg,*,303zt/img001-ex.jpg,,,,,,,,,,,,,,,,,,,,,,,0,1,en_sb_ex_276,,1,,48750,48750,,5,,,,,,,,,,,,,,,,,"23,29","NEW extension,Extension SoftBank 303ZT"
1669,13287,747,658,No,277,2,カート用延長フラグ,Extension SoftBank 303ZT,1,,,,,,,,*,303zt/img001-ex.jpg,*,303zt/img001-ex.jpg,,,,,,,,,,,,,,,,,,,,,,,0,1,en_sb_ex_277,,1,,49240,49240,,5,,,,,,,,,,,,,,,,,"23,29","NEW extension,Extension SoftBank 303ZT"
1669,13289,747,659,No,278,2,カート用延長フラグ,Extension SoftBank 303ZT,1,,,,,,,,*,303zt/img001-ex.jpg,*,303zt/img001-ex.jpg,,,,,,,,,,,,,,,,,,,,,,,0,1,en_sb_ex_278,,1,,49730,49730,,5,,,,,,,,,,,,,,,,,"23,29","NEW extension,Extension SoftBank 303ZT"
1669,13291,747,660,No,279,2,カート用延長フラグ,Extension SoftBank 303ZT,1,,,,,,,,*,303zt/img001-ex.jpg,*,303zt/img001-ex.jpg,,,,,,,,,,,,,,,,,,,,,,,0,1,en_sb_ex_279,,1,,50220,50220,,5,,,,,,,,,,,,,,,,,"23,29","NEW extension,Extension SoftBank 303ZT"
1669,13293,747,661,No,280,2,カート用延長フラグ,Extension SoftBank 303ZT,1,,,,,,,,*,303zt/img001-ex.jpg,*,303zt/img001-ex.jpg,,,,,,,,,,,,,,,,,,,,,,,0,1,en_sb_ex_280,,1,,50710,50710,,5,,,,,,,,,,,,,,,,,"23,29","NEW extension,Extension SoftBank 303ZT"
1669,13295,747,662,No,281,2,カート用延長フラグ,Extension SoftBank 303ZT,1,,,,,,,,*,303zt/img001-ex.jpg,*,303zt/img001-ex.jpg,,,,,,,,,,,,,,,,,,,,,,,0,1,en_sb_ex_301,,1,,51000,51000,,5,,,,,,,,,,,,,,,,,"23,29","NEW extension,Extension SoftBank 303ZT"
1669,13297,747,663,No,282,2,カート用延長フラグ,Extension SoftBank 303ZT,1,,,,,,,,*,303zt/img001-ex.jpg,*,303zt/img001-ex.jpg,,,,,,,,,,,,,,,,,,,,,,,0,1,en_sb_ex_301,,1,,51000,51000,,5,,,,,,,,,,,,,,,,,"23,29","NEW extension,Extension SoftBank 303ZT"
1669,13299,747,664,No,283,2,カート用延長フラグ,Extension SoftBank 303ZT,1,,,,,,,,*,303zt/img001-ex.jpg,*,303zt/img001-ex.jpg,,,,,,,,,,,,,,,,,,,,,,,0,1,en_sb_ex_301,,1,,51000,51000,,5,,,,,,,,,,,,,,,,,"23,29","NEW extension,Extension SoftBank 303ZT"
1669,13301,747,665,No,284,2,カート用延長フラグ,Extension SoftBank 303ZT,1,,,,,,,,*,303zt/img001-ex.jpg,*,303zt/img001-ex.jpg,,,,,,,,,,,,,,,,,,,,,,,0,1,en_sb_ex_301,,1,,51000,51000,,5,,,,,,,,,,,,,,,,,"23,29","NEW extension,Extension SoftBank 303ZT"
1669,13303,747,666,No,285,2,カート用延長フラグ,Extension SoftBank 303ZT,1,,,,,,,,*,303zt/img001-ex.jpg,*,303zt/img001-ex.jpg,,,,,,,,,,,,,,,,,,,,,,,0,1,en_sb_ex_301,,1,,51000,51000,,5,,,,,,,,,,,,,,,,,"23,29","NEW extension,Extension SoftBank 303ZT"
1669,13305,747,667,No,286,2,カート用延長フラグ,Extension SoftBank 303ZT,1,,,,,,,,*,303zt/img001-ex.jpg,*,303zt/img001-ex.jpg,,,,,,,,,,,,,,,,,,,,,,,0,1,en_sb_ex_301,,1,,51000,51000,,5,,,,,,,,,,,,,,,,,"23,29","NEW extension,Extension SoftBank 303ZT"
1669,13307,747,668,No,287,2,カート用延長フラグ,Extension SoftBank 303ZT,1,,,,,,,,*,303zt/img001-ex.jpg,*,303zt/img001-ex.jpg,,,,,,,,,,,,,,,,,,,,,,,0,1,en_sb_ex_301,,1,,51000,51000,,5,,,,,,,,,,,,,,,,,"23,29","NEW extension,Extension SoftBank 303ZT"
1669,13309,747,669,No,288,2,カート用延長フラグ,Extension SoftBank 303ZT,1,,,,,,,,*,303zt/img001-ex.jpg,*,303zt/img001-ex.jpg,,,,,,,,,,,,,,,,,,,,,,,0,1,en_sb_ex_301,,1,,51000,51000,,5,,,,,,,,,,,,,,,,,"23,29","NEW extension,Extension SoftBank 303ZT"
1669,13311,747,670,No,289,2,カート用延長フラグ,Extension SoftBank 303ZT,1,,,,,,,,*,303zt/img001-ex.jpg,*,303zt/img001-ex.jpg,,,,,,,,,,,,,,,,,,,,,,,0,1,en_sb_ex_301,,1,,51000,51000,,5,,,,,,,,,,,,,,,,,"23,29","NEW extension,Extension SoftBank 303ZT"
1669,13313,747,671,No,290,2,カート用延長フラグ,Extension SoftBank 303ZT,1,,,,,,,,*,303zt/img001-ex.jpg,*,303zt/img001-ex.jpg,,,,,,,,,,,,,,,,,,,,,,,0,1,en_sb_ex_301,,1,,51000,51000,,5,,,,,,,,,,,,,,,,,"23,29","NEW extension,Extension SoftBank 303ZT"
1669,13315,747,672,No,291,2,カート用延長フラグ,Extension SoftBank 303ZT,1,,,,,,,,*,303zt/img001-ex.jpg,*,303zt/img001-ex.jpg,,,,,,,,,,,,,,,,,,,,,,,0,1,en_sb_ex_301,,1,,51000,51000,,5,,,,,,,,,,,,,,,,,"23,29","NEW extension,Extension SoftBank 303ZT"
1669,13317,747,673,No,292,2,カート用延長フラグ,Extension SoftBank 303ZT,1,,,,,,,,*,303zt/img001-ex.jpg,*,303zt/img001-ex.jpg,,,,,,,,,,,,,,,,,,,,,,,0,1,en_sb_ex_301,,1,,51000,51000,,5,,,,,,,,,,,,,,,,,"23,29","NEW extension,Extension SoftBank 303ZT"
1669,13319,747,674,No,293,2,カート用延長フラグ,Extension SoftBank 303ZT,1,,,,,,,,*,303zt/img001-ex.jpg,*,303zt/img001-ex.jpg,,,,,,,,,,,,,,,,,,,,,,,0,1,en_sb_ex_301,,1,,51000,51000,,5,,,,,,,,,,,,,,,,,"23,29","NEW extension,Extension SoftBank 303ZT"
1669,13321,747,675,No,294,2,カート用延長フラグ,Extension SoftBank 303ZT,1,,,,,,,,*,303zt/img001-ex.jpg,*,303zt/img001-ex.jpg,,,,,,,,,,,,,,,,,,,,,,,0,1,en_sb_ex_301,,1,,51000,51000,,5,,,,,,,,,,,,,,,,,"23,29","NEW extension,Extension SoftBank 303ZT"
1669,13323,747,676,No,295,2,カート用延長フラグ,Extension SoftBank 303ZT,1,,,,,,,,*,303zt/img001-ex.jpg,*,303zt/img001-ex.jpg,,,,,,,,,,,,,,,,,,,,,,,0,1,en_sb_ex_301,,1,,51000,51000,,5,,,,,,,,,,,,,,,,,"23,29","NEW extension,Extension SoftBank 303ZT"
1669,13325,747,677,No,296,2,カート用延長フラグ,Extension SoftBank 303ZT,1,,,,,,,,*,303zt/img001-ex.jpg,*,303zt/img001-ex.jpg,,,,,,,,,,,,,,,,,,,,,,,0,1,en_sb_ex_301,,1,,51000,51000,,5,,,,,,,,,,,,,,,,,"23,29","NEW extension,Extension SoftBank 303ZT"
1669,13327,747,678,No,297,2,カート用延長フラグ,Extension SoftBank 303ZT,1,,,,,,,,*,303zt/img001-ex.jpg,*,303zt/img001-ex.jpg,,,,,,,,,,,,,,,,,,,,,,,0,1,en_sb_ex_301,,1,,51000,51000,,5,,,,,,,,,,,,,,,,,"23,29","NEW extension,Extension SoftBank 303ZT"
1669,13329,747,679,No,298,2,カート用延長フラグ,Extension SoftBank 303ZT,1,,,,,,,,*,303zt/img001-ex.jpg,*,303zt/img001-ex.jpg,,,,,,,,,,,,,,,,,,,,,,,0,1,en_sb_ex_301,,1,,51000,51000,,5,,,,,,,,,,,,,,,,,"23,29","NEW extension,Extension SoftBank 303ZT"
1669,13331,747,680,No,299,2,カート用延長フラグ,Extension SoftBank 303ZT,1,,,,,,,,*,303zt/img001-ex.jpg,*,303zt/img001-ex.jpg,,,,,,,,,,,,,,,,,,,,,,,0,1,en_sb_ex_301,,1,,51000,51000,,5,,,,,,,,,,,,,,,,,"23,29","NEW extension,Extension SoftBank 303ZT"
1669,13333,747,681,No,300,2,カート用延長フラグ,Extension SoftBank 303ZT,1,,,,,,,,*,303zt/img001-ex.jpg,*,303zt/img001-ex.jpg,,,,,,,,,,,,,,,,,,,,,,,0,1,en_sb_ex_301,,1,,51000,51000,,5,,,,,,,,,,,,,,,,,"23,29","NEW extension,Extension SoftBank 303ZT"
1669,13335,747,682,No,301,2,カート用延長フラグ,Extension SoftBank 303ZT,1,,,,,,,,*,303zt/img001-ex.jpg,*,303zt/img001-ex.jpg,,,,,,,,,,,,,,,,,,,,,,,0,1,en_sb_ex_301,,1,,51000,51000,,5,,,,,,,,,,,,,,,,,"23,29","NEW extension,Extension SoftBank 303ZT"
1669,13337,747,683,No,302,2,カート用延長フラグ,Extension SoftBank 303ZT,1,,,,,,,,*,303zt/img001-ex.jpg,*,303zt/img001-ex.jpg,,,,,,,,,,,,,,,,,,,,,,,0,1,en_sb_ex_302,,1,,51490,51490,,5,,,,,,,,,,,,,,,,,"23,29","NEW extension,Extension SoftBank 303ZT"
1669,13339,747,684,No,303,2,カート用延長フラグ,Extension SoftBank 303ZT,1,,,,,,,,*,303zt/img001-ex.jpg,*,303zt/img001-ex.jpg,,,,,,,,,,,,,,,,,,,,,,,0,1,en_sb_ex_303,,1,,51980,51980,,5,,,,,,,,,,,,,,,,,"23,29","NEW extension,Extension SoftBank 303ZT"
1669,13341,747,685,No,304,2,カート用延長フラグ,Extension SoftBank 303ZT,1,,,,,,,,*,303zt/img001-ex.jpg,*,303zt/img001-ex.jpg,,,,,,,,,,,,,,,,,,,,,,,0,1,en_sb_ex_304,,1,,52470,52470,,5,,,,,,,,,,,,,,,,,"23,29","NEW extension,Extension SoftBank 303ZT"
1669,13343,747,686,No,305,2,カート用延長フラグ,Extension SoftBank 303ZT,1,,,,,,,,*,303zt/img001-ex.jpg,*,303zt/img001-ex.jpg,,,,,,,,,,,,,,,,,,,,,,,0,1,en_sb_ex_305,,1,,52960,52960,,5,,,,,,,,,,,,,,,,,"23,29","NEW extension,Extension SoftBank 303ZT"
1669,13345,747,687,No,306,2,カート用延長フラグ,Extension SoftBank 303ZT,1,,,,,,,,*,303zt/img001-ex.jpg,*,303zt/img001-ex.jpg,,,,,,,,,,,,,,,,,,,,,,,0,1,en_sb_ex_306,,1,,53450,53450,,5,,,,,,,,,,,,,,,,,"23,29","NEW extension,Extension SoftBank 303ZT"
1669,13347,747,688,No,307,2,カート用延長フラグ,Extension SoftBank 303ZT,1,,,,,,,,*,303zt/img001-ex.jpg,*,303zt/img001-ex.jpg,,,,,,,,,,,,,,,,,,,,,,,0,1,en_sb_ex_331,,1,,53500,53500,,5,,,,,,,,,,,,,,,,,"23,29","NEW extension,Extension SoftBank 303ZT"
1669,13349,747,689,No,308,2,カート用延長フラグ,Extension SoftBank 303ZT,1,,,,,,,,*,303zt/img001-ex.jpg,*,303zt/img001-ex.jpg,,,,,,,,,,,,,,,,,,,,,,,0,1,en_sb_ex_331,,1,,53500,53500,,5,,,,,,,,,,,,,,,,,"23,29","NEW extension,Extension SoftBank 303ZT"
1669,13351,747,690,No,309,2,カート用延長フラグ,Extension SoftBank 303ZT,1,,,,,,,,*,303zt/img001-ex.jpg,*,303zt/img001-ex.jpg,,,,,,,,,,,,,,,,,,,,,,,0,1,en_sb_ex_331,,1,,53500,53500,,5,,,,,,,,,,,,,,,,,"23,29","NEW extension,Extension SoftBank 303ZT"
1669,13353,747,691,No,310,2,カート用延長フラグ,Extension SoftBank 303ZT,1,,,,,,,,*,303zt/img001-ex.jpg,*,303zt/img001-ex.jpg,,,,,,,,,,,,,,,,,,,,,,,0,1,en_sb_ex_331,,1,,53500,53500,,5,,,,,,,,,,,,,,,,,"23,29","NEW extension,Extension SoftBank 303ZT"
1669,13355,747,692,No,311,2,カート用延長フラグ,Extension SoftBank 303ZT,1,,,,,,,,*,303zt/img001-ex.jpg,*,303zt/img001-ex.jpg,,,,,,,,,,,,,,,,,,,,,,,0,1,en_sb_ex_331,,1,,53500,53500,,5,,,,,,,,,,,,,,,,,"23,29","NEW extension,Extension SoftBank 303ZT"
1669,13357,747,693,No,312,2,カート用延長フラグ,Extension SoftBank 303ZT,1,,,,,,,,*,303zt/img001-ex.jpg,*,303zt/img001-ex.jpg,,,,,,,,,,,,,,,,,,,,,,,0,1,en_sb_ex_331,,1,,53500,53500,,5,,,,,,,,,,,,,,,,,"23,29","NEW extension,Extension SoftBank 303ZT"
1669,13359,747,694,No,313,2,カート用延長フラグ,Extension SoftBank 303ZT,1,,,,,,,,*,303zt/img001-ex.jpg,*,303zt/img001-ex.jpg,,,,,,,,,,,,,,,,,,,,,,,0,1,en_sb_ex_331,,1,,53500,53500,,5,,,,,,,,,,,,,,,,,"23,29","NEW extension,Extension SoftBank 303ZT"
1669,13361,747,695,No,314,2,カート用延長フラグ,Extension SoftBank 303ZT,1,,,,,,,,*,303zt/img001-ex.jpg,*,303zt/img001-ex.jpg,,,,,,,,,,,,,,,,,,,,,,,0,1,en_sb_ex_331,,1,,53500,53500,,5,,,,,,,,,,,,,,,,,"23,29","NEW extension,Extension SoftBank 303ZT"
1669,13363,747,696,No,315,2,カート用延長フラグ,Extension SoftBank 303ZT,1,,,,,,,,*,303zt/img001-ex.jpg,*,303zt/img001-ex.jpg,,,,,,,,,,,,,,,,,,,,,,,0,1,en_sb_ex_331,,1,,53500,53500,,5,,,,,,,,,,,,,,,,,"23,29","NEW extension,Extension SoftBank 303ZT"
1669,13365,747,697,No,316,2,カート用延長フラグ,Extension SoftBank 303ZT,1,,,,,,,,*,303zt/img001-ex.jpg,*,303zt/img001-ex.jpg,,,,,,,,,,,,,,,,,,,,,,,0,1,en_sb_ex_331,,1,,53500,53500,,5,,,,,,,,,,,,,,,,,"23,29","NEW extension,Extension SoftBank 303ZT"
1669,13367,747,698,No,317,2,カート用延長フラグ,Extension SoftBank 303ZT,1,,,,,,,,*,303zt/img001-ex.jpg,*,303zt/img001-ex.jpg,,,,,,,,,,,,,,,,,,,,,,,0,1,en_sb_ex_331,,1,,53500,53500,,5,,,,,,,,,,,,,,,,,"23,29","NEW extension,Extension SoftBank 303ZT"
1669,13369,747,699,No,318,2,カート用延長フラグ,Extension SoftBank 303ZT,1,,,,,,,,*,303zt/img001-ex.jpg,*,303zt/img001-ex.jpg,,,,,,,,,,,,,,,,,,,,,,,0,1,en_sb_ex_331,,1,,53500,53500,,5,,,,,,,,,,,,,,,,,"23,29","NEW extension,Extension SoftBank 303ZT"
1669,13371,747,700,No,319,2,カート用延長フラグ,Extension SoftBank 303ZT,1,,,,,,,,*,303zt/img001-ex.jpg,*,303zt/img001-ex.jpg,,,,,,,,,,,,,,,,,,,,,,,0,1,en_sb_ex_331,,1,,53500,53500,,5,,,,,,,,,,,,,,,,,"23,29","NEW extension,Extension SoftBank 303ZT"
1669,13373,747,701,No,320,2,カート用延長フラグ,Extension SoftBank 303ZT,1,,,,,,,,*,303zt/img001-ex.jpg,*,303zt/img001-ex.jpg,,,,,,,,,,,,,,,,,,,,,,,0,1,en_sb_ex_331,,1,,53500,53500,,5,,,,,,,,,,,,,,,,,"23,29","NEW extension,Extension SoftBank 303ZT"
1669,13375,747,702,No,321,2,カート用延長フラグ,Extension SoftBank 303ZT,1,,,,,,,,*,303zt/img001-ex.jpg,*,303zt/img001-ex.jpg,,,,,,,,,,,,,,,,,,,,,,,0,1,en_sb_ex_331,,1,,53500,53500,,5,,,,,,,,,,,,,,,,,"23,29","NEW extension,Extension SoftBank 303ZT"
1669,13377,747,703,No,322,2,カート用延長フラグ,Extension SoftBank 303ZT,1,,,,,,,,*,303zt/img001-ex.jpg,*,303zt/img001-ex.jpg,,,,,,,,,,,,,,,,,,,,,,,0,1,en_sb_ex_331,,1,,53500,53500,,5,,,,,,,,,,,,,,,,,"23,29","NEW extension,Extension SoftBank 303ZT"
1669,13379,747,704,No,323,2,カート用延長フラグ,Extension SoftBank 303ZT,1,,,,,,,,*,303zt/img001-ex.jpg,*,303zt/img001-ex.jpg,,,,,,,,,,,,,,,,,,,,,,,0,1,en_sb_ex_331,,1,,53500,53500,,5,,,,,,,,,,,,,,,,,"23,29","NEW extension,Extension SoftBank 303ZT"
1669,13381,747,705,No,324,2,カート用延長フラグ,Extension SoftBank 303ZT,1,,,,,,,,*,303zt/img001-ex.jpg,*,303zt/img001-ex.jpg,,,,,,,,,,,,,,,,,,,,,,,0,1,en_sb_ex_331,,1,,53500,53500,,5,,,,,,,,,,,,,,,,,"23,29","NEW extension,Extension SoftBank 303ZT"
1669,13383,747,706,No,325,2,カート用延長フラグ,Extension SoftBank 303ZT,1,,,,,,,,*,303zt/img001-ex.jpg,*,303zt/img001-ex.jpg,,,,,,,,,,,,,,,,,,,,,,,0,1,en_sb_ex_331,,1,,53500,53500,,5,,,,,,,,,,,,,,,,,"23,29","NEW extension,Extension SoftBank 303ZT"
1669,13385,747,707,No,326,2,カート用延長フラグ,Extension SoftBank 303ZT,1,,,,,,,,*,303zt/img001-ex.jpg,*,303zt/img001-ex.jpg,,,,,,,,,,,,,,,,,,,,,,,0,1,en_sb_ex_331,,1,,53500,53500,,5,,,,,,,,,,,,,,,,,"23,29","NEW extension,Extension SoftBank 303ZT"
1669,13387,747,708,No,327,2,カート用延長フラグ,Extension SoftBank 303ZT,1,,,,,,,,*,303zt/img001-ex.jpg,*,303zt/img001-ex.jpg,,,,,,,,,,,,,,,,,,,,,,,0,1,en_sb_ex_331,,1,,53500,53500,,5,,,,,,,,,,,,,,,,,"23,29","NEW extension,Extension SoftBank 303ZT"
1669,13389,747,709,No,328,2,カート用延長フラグ,Extension SoftBank 303ZT,1,,,,,,,,*,303zt/img001-ex.jpg,*,303zt/img001-ex.jpg,,,,,,,,,,,,,,,,,,,,,,,0,1,en_sb_ex_331,,1,,53500,53500,,5,,,,,,,,,,,,,,,,,"23,29","NEW extension,Extension SoftBank 303ZT"
1669,13391,747,710,No,329,2,カート用延長フラグ,Extension SoftBank 303ZT,1,,,,,,,,*,303zt/img001-ex.jpg,*,303zt/img001-ex.jpg,,,,,,,,,,,,,,,,,,,,,,,0,1,en_sb_ex_331,,1,,53500,53500,,5,,,,,,,,,,,,,,,,,"23,29","NEW extension,Extension SoftBank 303ZT"
1669,13393,747,711,No,330,2,カート用延長フラグ,Extension SoftBank 303ZT,1,,,,,,,,*,303zt/img001-ex.jpg,*,303zt/img001-ex.jpg,,,,,,,,,,,,,,,,,,,,,,,0,1,en_sb_ex_331,,1,,53500,53500,,5,,,,,,,,,,,,,,,,,"23,29","NEW extension,Extension SoftBank 303ZT"
1669,13395,747,712,No,331,2,カート用延長フラグ,Extension SoftBank 303ZT,1,,,,,,,,*,303zt/img001-ex.jpg,*,303zt/img001-ex.jpg,,,,,,,,,,,,,,,,,,,,,,,0,1,en_sb_ex_331,,1,,53500,53500,,5,,,,,,,,,,,,,,,,,"23,29","NEW extension,Extension SoftBank 303ZT"
1669,13397,747,713,No,332,2,カート用延長フラグ,Extension SoftBank 303ZT,1,,,,,,,,*,303zt/img001-ex.jpg,*,303zt/img001-ex.jpg,,,,,,,,,,,,,,,,,,,,,,,0,1,en_sb_ex_332,,1,,53990,53990,,5,,,,,,,,,,,,,,,,,"23,29","NEW extension,Extension SoftBank 303ZT"
1669,13399,747,714,No,333,2,カート用延長フラグ,Extension SoftBank 303ZT,1,,,,,,,,*,303zt/img001-ex.jpg,*,303zt/img001-ex.jpg,,,,,,,,,,,,,,,,,,,,,,,0,1,en_sb_ex_333,,1,,54480,54480,,5,,,,,,,,,,,,,,,,,"23,29","NEW extension,Extension SoftBank 303ZT"
1669,13401,747,715,No,334,2,カート用延長フラグ,Extension SoftBank 303ZT,1,,,,,,,,*,303zt/img001-ex.jpg,*,303zt/img001-ex.jpg,,,,,,,,,,,,,,,,,,,,,,,0,1,en_sb_ex_334,,1,,54970,54970,,5,,,,,,,,,,,,,,,,,"23,29","NEW extension,Extension SoftBank 303ZT"
1669,13403,747,717,No,335,2,カート用延長フラグ,Extension SoftBank 303ZT,1,,,,,,,,*,303zt/img001-ex.jpg,*,303zt/img001-ex.jpg,,,,,,,,,,,,,,,,,,,,,,,0,1,en_sb_ex_335,,1,,55460,55460,,5,,,,,,,,,,,,,,,,,"23,29","NEW extension,Extension SoftBank 303ZT"
1669,13405,747,718,No,336,2,カート用延長フラグ,Extension SoftBank 303ZT,1,,,,,,,,*,303zt/img001-ex.jpg,*,303zt/img001-ex.jpg,,,,,,,,,,,,,,,,,,,,,,,0,1,en_sb_ex_336,,1,,55950,55950,,5,,,,,,,,,,,,,,,,,"23,29","NEW extension,Extension SoftBank 303ZT"
1669,13407,747,719,No,337,2,カート用延長フラグ,Extension SoftBank 303ZT,1,,,,,,,,*,303zt/img001-ex.jpg,*,303zt/img001-ex.jpg,,,,,,,,,,,,,,,,,,,,,,,0,1,en_sb_ex_361,,1,,56000,56000,,5,,,,,,,,,,,,,,,,,"23,29","NEW extension,Extension SoftBank 303ZT"
1669,13409,747,720,No,338,2,カート用延長フラグ,Extension SoftBank 303ZT,1,,,,,,,,*,303zt/img001-ex.jpg,*,303zt/img001-ex.jpg,,,,,,,,,,,,,,,,,,,,,,,0,1,en_sb_ex_361,,1,,56000,56000,,5,,,,,,,,,,,,,,,,,"23,29","NEW extension,Extension SoftBank 303ZT"
1669,13411,747,721,No,339,2,カート用延長フラグ,Extension SoftBank 303ZT,1,,,,,,,,*,303zt/img001-ex.jpg,*,303zt/img001-ex.jpg,,,,,,,,,,,,,,,,,,,,,,,0,1,en_sb_ex_361,,1,,56000,56000,,5,,,,,,,,,,,,,,,,,"23,29","NEW extension,Extension SoftBank 303ZT"
1669,13413,747,722,No,340,2,カート用延長フラグ,Extension SoftBank 303ZT,1,,,,,,,,*,303zt/img001-ex.jpg,*,303zt/img001-ex.jpg,,,,,,,,,,,,,,,,,,,,,,,0,1,en_sb_ex_361,,1,,56000,56000,,5,,,,,,,,,,,,,,,,,"23,29","NEW extension,Extension SoftBank 303ZT"
1669,13415,747,723,No,341,2,カート用延長フラグ,Extension SoftBank 303ZT,1,,,,,,,,*,303zt/img001-ex.jpg,*,303zt/img001-ex.jpg,,,,,,,,,,,,,,,,,,,,,,,0,1,en_sb_ex_361,,1,,56000,56000,,5,,,,,,,,,,,,,,,,,"23,29","NEW extension,Extension SoftBank 303ZT"
1669,13417,747,724,No,342,2,カート用延長フラグ,Extension SoftBank 303ZT,1,,,,,,,,*,303zt/img001-ex.jpg,*,303zt/img001-ex.jpg,,,,,,,,,,,,,,,,,,,,,,,0,1,en_sb_ex_361,,1,,56000,56000,,5,,,,,,,,,,,,,,,,,"23,29","NEW extension,Extension SoftBank 303ZT"
1669,13419,747,725,No,343,2,カート用延長フラグ,Extension SoftBank 303ZT,1,,,,,,,,*,303zt/img001-ex.jpg,*,303zt/img001-ex.jpg,,,,,,,,,,,,,,,,,,,,,,,0,1,en_sb_ex_361,,1,,56000,56000,,5,,,,,,,,,,,,,,,,,"23,29","NEW extension,Extension SoftBank 303ZT"
1669,13421,747,726,No,344,2,カート用延長フラグ,Extension SoftBank 303ZT,1,,,,,,,,*,303zt/img001-ex.jpg,*,303zt/img001-ex.jpg,,,,,,,,,,,,,,,,,,,,,,,0,1,en_sb_ex_361,,1,,56000,56000,,5,,,,,,,,,,,,,,,,,"23,29","NEW extension,Extension SoftBank 303ZT"
1669,13423,747,727,No,345,2,カート用延長フラグ,Extension SoftBank 303ZT,1,,,,,,,,*,303zt/img001-ex.jpg,*,303zt/img001-ex.jpg,,,,,,,,,,,,,,,,,,,,,,,0,1,en_sb_ex_361,,1,,56000,56000,,5,,,,,,,,,,,,,,,,,"23,29","NEW extension,Extension SoftBank 303ZT"
1669,13425,747,728,No,346,2,カート用延長フラグ,Extension SoftBank 303ZT,1,,,,,,,,*,303zt/img001-ex.jpg,*,303zt/img001-ex.jpg,,,,,,,,,,,,,,,,,,,,,,,0,1,en_sb_ex_361,,1,,56000,56000,,5,,,,,,,,,,,,,,,,,"23,29","NEW extension,Extension SoftBank 303ZT"
1669,13427,747,729,No,347,2,カート用延長フラグ,Extension SoftBank 303ZT,1,,,,,,,,*,303zt/img001-ex.jpg,*,303zt/img001-ex.jpg,,,,,,,,,,,,,,,,,,,,,,,0,1,en_sb_ex_361,,1,,56000,56000,,5,,,,,,,,,,,,,,,,,"23,29","NEW extension,Extension SoftBank 303ZT"
1669,13429,747,730,No,348,2,カート用延長フラグ,Extension SoftBank 303ZT,1,,,,,,,,*,303zt/img001-ex.jpg,*,303zt/img001-ex.jpg,,,,,,,,,,,,,,,,,,,,,,,0,1,en_sb_ex_361,,1,,56000,56000,,5,,,,,,,,,,,,,,,,,"23,29","NEW extension,Extension SoftBank 303ZT"
1669,13431,747,731,No,349,2,カート用延長フラグ,Extension SoftBank 303ZT,1,,,,,,,,*,303zt/img001-ex.jpg,*,303zt/img001-ex.jpg,,,,,,,,,,,,,,,,,,,,,,,0,1,en_sb_ex_361,,1,,56000,56000,,5,,,,,,,,,,,,,,,,,"23,29","NEW extension,Extension SoftBank 303ZT"
1669,13433,747,732,No,350,2,カート用延長フラグ,Extension SoftBank 303ZT,1,,,,,,,,*,303zt/img001-ex.jpg,*,303zt/img001-ex.jpg,,,,,,,,,,,,,,,,,,,,,,,0,1,en_sb_ex_361,,1,,56000,56000,,5,,,,,,,,,,,,,,,,,"23,29","NEW extension,Extension SoftBank 303ZT"
1669,13435,747,733,No,351,2,カート用延長フラグ,Extension SoftBank 303ZT,1,,,,,,,,*,303zt/img001-ex.jpg,*,303zt/img001-ex.jpg,,,,,,,,,,,,,,,,,,,,,,,0,1,en_sb_ex_361,,1,,56000,56000,,5,,,,,,,,,,,,,,,,,"23,29","NEW extension,Extension SoftBank 303ZT"
1669,13437,747,734,No,352,2,カート用延長フラグ,Extension SoftBank 303ZT,1,,,,,,,,*,303zt/img001-ex.jpg,*,303zt/img001-ex.jpg,,,,,,,,,,,,,,,,,,,,,,,0,1,en_sb_ex_361,,1,,56000,56000,,5,,,,,,,,,,,,,,,,,"23,29","NEW extension,Extension SoftBank 303ZT"
1669,13439,747,735,No,353,2,カート用延長フラグ,Extension SoftBank 303ZT,1,,,,,,,,*,303zt/img001-ex.jpg,*,303zt/img001-ex.jpg,,,,,,,,,,,,,,,,,,,,,,,0,1,en_sb_ex_361,,1,,56000,56000,,5,,,,,,,,,,,,,,,,,"23,29","NEW extension,Extension SoftBank 303ZT"
1669,13441,747,736,No,354,2,カート用延長フラグ,Extension SoftBank 303ZT,1,,,,,,,,*,303zt/img001-ex.jpg,*,303zt/img001-ex.jpg,,,,,,,,,,,,,,,,,,,,,,,0,1,en_sb_ex_361,,1,,56000,56000,,5,,,,,,,,,,,,,,,,,"23,29","NEW extension,Extension SoftBank 303ZT"
1669,13443,747,737,No,355,2,カート用延長フラグ,Extension SoftBank 303ZT,1,,,,,,,,*,303zt/img001-ex.jpg,*,303zt/img001-ex.jpg,,,,,,,,,,,,,,,,,,,,,,,0,1,en_sb_ex_361,,1,,56000,56000,,5,,,,,,,,,,,,,,,,,"23,29","NEW extension,Extension SoftBank 303ZT"
1669,13445,747,738,No,356,2,カート用延長フラグ,Extension SoftBank 303ZT,1,,,,,,,,*,303zt/img001-ex.jpg,*,303zt/img001-ex.jpg,,,,,,,,,,,,,,,,,,,,,,,0,1,en_sb_ex_361,,1,,56000,56000,,5,,,,,,,,,,,,,,,,,"23,29","NEW extension,Extension SoftBank 303ZT"
1669,13447,747,739,No,357,2,カート用延長フラグ,Extension SoftBank 303ZT,1,,,,,,,,*,303zt/img001-ex.jpg,*,303zt/img001-ex.jpg,,,,,,,,,,,,,,,,,,,,,,,0,1,en_sb_ex_361,,1,,56000,56000,,5,,,,,,,,,,,,,,,,,"23,29","NEW extension,Extension SoftBank 303ZT"
1669,13449,747,740,No,358,2,カート用延長フラグ,Extension SoftBank 303ZT,1,,,,,,,,*,303zt/img001-ex.jpg,*,303zt/img001-ex.jpg,,,,,,,,,,,,,,,,,,,,,,,0,1,en_sb_ex_361,,1,,56000,56000,,5,,,,,,,,,,,,,,,,,"23,29","NEW extension,Extension SoftBank 303ZT"
1669,13451,747,741,No,359,2,カート用延長フラグ,Extension SoftBank 303ZT,1,,,,,,,,*,303zt/img001-ex.jpg,*,303zt/img001-ex.jpg,,,,,,,,,,,,,,,,,,,,,,,0,1,en_sb_ex_361,,1,,56000,56000,,5,,,,,,,,,,,,,,,,,"23,29","NEW extension,Extension SoftBank 303ZT"
1669,13453,747,742,No,360,2,カート用延長フラグ,Extension SoftBank 303ZT,1,,,,,,,,*,303zt/img001-ex.jpg,*,303zt/img001-ex.jpg,,,,,,,,,,,,,,,,,,,,,,,0,1,en_sb_ex_361,,1,,56000,56000,,5,,,,,,,,,,,,,,,,,"23,29","NEW extension,Extension SoftBank 303ZT"
1669,13455,747,743,No,361,2,カート用延長フラグ,Extension SoftBank 303ZT,1,,,,,,,,*,303zt/img001-ex.jpg,*,303zt/img001-ex.jpg,,,,,,,,,,,,,,,,,,,,,,,0,1,en_sb_ex_361,,1,,56000,56000,,5,,,,,,,,,,,,,,,,,"23,29","NEW extension,Extension SoftBank 303ZT"
1669,13457,747,744,No,362,2,カート用延長フラグ,Extension SoftBank 303ZT,1,,,,,,,,*,303zt/img001-ex.jpg,*,303zt/img001-ex.jpg,,,,,,,,,,,,,,,,,,,,,,,0,1,en_sb_ex_362,,1,,56490,56490,,5,,,,,,,,,,,,,,,,,"23,29","NEW extension,Extension SoftBank 303ZT"
1669,13459,747,745,No,363,2,カート用延長フラグ,Extension SoftBank 303ZT,1,,,,,,,,*,303zt/img001-ex.jpg,*,303zt/img001-ex.jpg,,,,,,,,,,,,,,,,,,,,,,,0,1,en_sb_ex_363,,1,,56980,56980,,5,,,,,,,,,,,,,,,,,"23,29","NEW extension,Extension SoftBank 303ZT"
1669,13461,747,746,No,364,2,カート用延長フラグ,Extension SoftBank 303ZT,1,,,,,,,,*,303zt/img001-ex.jpg,*,303zt/img001-ex.jpg,,,,,,,,,,,,,,,,,,,,,,,0,1,en_sb_ex_364,,1,,57470,57470,,5,,,,,,,,,,,,,,,,,"23,29","NEW extension,Extension SoftBank 303ZT"
1668,12003,747,381,No,0,2,カート用延長フラグ,Extension au KDDI HWD11,1,,,,,,,,*,hwd11/img001-ex.jpg,*,hwd11/img001-ex.jpg,,,,,,,,,,,,,,,,,,,,,,,0,1,en_au_ex_000,,1,,650,650,,5,,,,,,,,,,,,,,,,,"23,30","NEW extension,Extension au KDDI HWD11"
1668,12005,747,382,No,1,2,カート用延長フラグ,Extension au KDDI HWD11,1,,,,,,,,*,hwd11/img001-ex.jpg,*,hwd11/img001-ex.jpg,,,,,,,,,,,,,,,,,,,,,,,0,1,en_au_ex_001,,1,,1300,1300,,5,,,,,,,,,,,,,,,,,"23,30","NEW extension,Extension au KDDI HWD11"
1668,12007,747,383,No,2,2,カート用延長フラグ,Extension au KDDI HWD11,1,,,,,,,,*,hwd11/img001-ex.jpg,*,hwd11/img001-ex.jpg,,,,,,,,,,,,,,,,,,,,,,,0,1,en_au_ex_002,,1,,1950,1950,,5,,,,,,,,,,,,,,,,,"23,30","NEW extension,Extension au KDDI HWD11"
1668,12009,747,384,No,3,2,カート用延長フラグ,Extension au KDDI HWD11,1,,,,,,,,*,hwd11/img001-ex.jpg,*,hwd11/img001-ex.jpg,,,,,,,,,,,,,,,,,,,,,,,0,1,en_au_ex_003,,1,,2600,2600,,5,,,,,,,,,,,,,,,,,"23,30","NEW extension,Extension au KDDI HWD11"
1668,12011,747,385,No,4,2,カート用延長フラグ,Extension au KDDI HWD11,1,,,,,,,,*,hwd11/img001-ex.jpg,*,hwd11/img001-ex.jpg,,,,,,,,,,,,,,,,,,,,,,,0,1,en_au_ex_004,,1,,3250,3250,,5,,,,,,,,,,,,,,,,,"23,30","NEW extension,Extension au KDDI HWD11"
1668,12013,747,386,No,5,2,カート用延長フラグ,Extension au KDDI HWD11,1,,,,,,,,*,hwd11/img001-ex.jpg,*,hwd11/img001-ex.jpg,,,,,,,,,,,,,,,,,,,,,,,0,1,en_au_ex_005,,1,,3900,3900,,5,,,,,,,,,,,,,,,,,"23,30","NEW extension,Extension au KDDI HWD11"
1668,12015,747,387,No,6,2,カート用延長フラグ,Extension au KDDI HWD11,1,,,,,,,,*,hwd11/img001-ex.jpg,*,hwd11/img001-ex.jpg,,,,,,,,,,,,,,,,,,,,,,,0,1,en_au_ex_006,,1,,4550,4550,,5,,,,,,,,,,,,,,,,,"23,30","NEW extension,Extension au KDDI HWD11"
1668,12017,747,388,No,7,2,カート用延長フラグ,Extension au KDDI HWD11,1,,,,,,,,*,hwd11/img001-ex.jpg,*,hwd11/img001-ex.jpg,,,,,,,,,,,,,,,,,,,,,,,0,1,en_au_ex_007,,1,,5200,5200,,5,,,,,,,,,,,,,,,,,"23,30","NEW extension,Extension au KDDI HWD11"
1668,12019,747,389,No,8,2,カート用延長フラグ,Extension au KDDI HWD11,1,,,,,,,,*,hwd11/img001-ex.jpg,*,hwd11/img001-ex.jpg,,,,,,,,,,,,,,,,,,,,,,,0,1,en_au_ex_008,,1,,5850,5850,,5,,,,,,,,,,,,,,,,,"23,30","NEW extension,Extension au KDDI HWD11"
1668,12021,747,390,No,9,2,カート用延長フラグ,Extension au KDDI HWD11,1,,,,,,,,*,hwd11/img001-ex.jpg,*,hwd11/img001-ex.jpg,,,,,,,,,,,,,,,,,,,,,,,0,1,en_au_ex_009,,1,,6500,6500,,5,,,,,,,,,,,,,,,,,"23,30","NEW extension,Extension au KDDI HWD11"
1668,12023,747,391,No,10,2,カート用延長フラグ,Extension au KDDI HWD11,1,,,,,,,,*,hwd11/img001-ex.jpg,*,hwd11/img001-ex.jpg,,,,,,,,,,,,,,,,,,,,,,,0,1,en_au_ex_010,,1,,7150,7150,,5,,,,,,,,,,,,,,,,,"23,30","NEW extension,Extension au KDDI HWD11"
1668,12025,747,392,No,11,2,カート用延長フラグ,Extension au KDDI HWD11,1,,,,,,,,*,hwd11/img001-ex.jpg,*,hwd11/img001-ex.jpg,,,,,,,,,,,,,,,,,,,,,,,0,1,en_au_ex_011,,1,,7800,7800,,5,,,,,,,,,,,,,,,,,"23,30","NEW extension,Extension au KDDI HWD11"
1668,12027,747,393,No,12,2,カート用延長フラグ,Extension au KDDI HWD11,1,,,,,,,,*,hwd11/img001-ex.jpg,*,hwd11/img001-ex.jpg,,,,,,,,,,,,,,,,,,,,,,,0,1,en_au_ex_012,,1,,8450,8450,,5,,,,,,,,,,,,,,,,,"23,30","NEW extension,Extension au KDDI HWD11"
1668,12029,747,394,No,13,2,カート用延長フラグ,Extension au KDDI HWD11,1,,,,,,,,*,hwd11/img001-ex.jpg,*,hwd11/img001-ex.jpg,,,,,,,,,,,,,,,,,,,,,,,0,1,en_au_ex_013,,1,,9100,9100,,5,,,,,,,,,,,,,,,,,"23,30","NEW extension,Extension au KDDI HWD11"
1668,12031,747,395,No,14,2,カート用延長フラグ,Extension au KDDI HWD11,1,,,,,,,,*,hwd11/img001-ex.jpg,*,hwd11/img001-ex.jpg,,,,,,,,,,,,,,,,,,,,,,,0,1,en_au_ex_014,,1,,9750,9750,,5,,,,,,,,,,,,,,,,,"23,30","NEW extension,Extension au KDDI HWD11"
1668,12033,747,396,No,15,2,カート用延長フラグ,Extension au KDDI HWD11,1,,,,,,,,*,hwd11/img001-ex.jpg,*,hwd11/img001-ex.jpg,,,,,,,,,,,,,,,,,,,,,,,0,1,en_au_ex_014,,1,,9750,9750,,5,,,,,,,,,,,,,,,,,"23,30","NEW extension,Extension au KDDI HWD11"
1668,12035,747,397,No,16,2,カート用延長フラグ,Extension au KDDI HWD11,1,,,,,,,,*,hwd11/img001-ex.jpg,*,hwd11/img001-ex.jpg,,,,,,,,,,,,,,,,,,,,,,,0,1,en_au_ex_014,,1,,9750,9750,,5,,,,,,,,,,,,,,,,,"23,30","NEW extension,Extension au KDDI HWD11"
1668,12037,747,398,No,17,2,カート用延長フラグ,Extension au KDDI HWD11,1,,,,,,,,*,hwd11/img001-ex.jpg,*,hwd11/img001-ex.jpg,,,,,,,,,,,,,,,,,,,,,,,0,1,en_au_ex_014,,1,,9750,9750,,5,,,,,,,,,,,,,,,,,"23,30","NEW extension,Extension au KDDI HWD11"
1668,12039,747,399,No,18,2,カート用延長フラグ,Extension au KDDI HWD11,1,,,,,,,,*,hwd11/img001-ex.jpg,*,hwd11/img001-ex.jpg,,,,,,,,,,,,,,,,,,,,,,,0,1,en_au_ex_014,,1,,9750,9750,,5,,,,,,,,,,,,,,,,,"23,30","NEW extension,Extension au KDDI HWD11"
1668,12041,747,400,No,19,2,カート用延長フラグ,Extension au KDDI HWD11,1,,,,,,,,*,hwd11/img001-ex.jpg,*,hwd11/img001-ex.jpg,,,,,,,,,,,,,,,,,,,,,,,0,1,en_au_ex_014,,1,,9750,9750,,5,,,,,,,,,,,,,,,,,"23,30","NEW extension,Extension au KDDI HWD11"
1668,12043,747,401,No,20,2,カート用延長フラグ,Extension au KDDI HWD11,1,,,,,,,,*,hwd11/img001-ex.jpg,*,hwd11/img001-ex.jpg,,,,,,,,,,,,,,,,,,,,,,,0,1,en_au_ex_014,,1,,9750,9750,,5,,,,,,,,,,,,,,,,,"23,30","NEW extension,Extension au KDDI HWD11"
1668,12045,747,402,No,21,2,カート用延長フラグ,Extension au KDDI HWD11,1,,,,,,,,*,hwd11/img001-ex.jpg,*,hwd11/img001-ex.jpg,,,,,,,,,,,,,,,,,,,,,,,0,1,en_au_ex_014,,1,,9750,9750,,5,,,,,,,,,,,,,,,,,"23,30","NEW extension,Extension au KDDI HWD11"
1668,12047,747,403,No,22,2,カート用延長フラグ,Extension au KDDI HWD11,1,,,,,,,,*,hwd11/img001-ex.jpg,*,hwd11/img001-ex.jpg,,,,,,,,,,,,,,,,,,,,,,,0,1,en_au_ex_014,,1,,9750,9750,,5,,,,,,,,,,,,,,,,,"23,30","NEW extension,Extension au KDDI HWD11"
1668,12049,747,404,No,23,2,カート用延長フラグ,Extension au KDDI HWD11,1,,,,,,,,*,hwd11/img001-ex.jpg,*,hwd11/img001-ex.jpg,,,,,,,,,,,,,,,,,,,,,,,0,1,en_au_ex_014,,1,,9750,9750,,5,,,,,,,,,,,,,,,,,"23,30","NEW extension,Extension au KDDI HWD11"
1668,12051,747,405,No,24,2,カート用延長フラグ,Extension au KDDI HWD11,1,,,,,,,,*,hwd11/img001-ex.jpg,*,hwd11/img001-ex.jpg,,,,,,,,,,,,,,,,,,,,,,,0,1,en_au_ex_014,,1,,9750,9750,,5,,,,,,,,,,,,,,,,,"23,30","NEW extension,Extension au KDDI HWD11"
1668,12053,747,406,No,25,2,カート用延長フラグ,Extension au KDDI HWD11,1,,,,,,,,*,hwd11/img001-ex.jpg,*,hwd11/img001-ex.jpg,,,,,,,,,,,,,,,,,,,,,,,0,1,en_au_ex_014,,1,,9750,9750,,5,,,,,,,,,,,,,,,,,"23,30","NEW extension,Extension au KDDI HWD11"
1668,12055,747,407,No,26,2,カート用延長フラグ,Extension au KDDI HWD11,1,,,,,,,,*,hwd11/img001-ex.jpg,*,hwd11/img001-ex.jpg,,,,,,,,,,,,,,,,,,,,,,,0,1,en_au_ex_014,,1,,9750,9750,,5,,,,,,,,,,,,,,,,,"23,30","NEW extension,Extension au KDDI HWD11"
1668,12057,747,408,No,27,2,カート用延長フラグ,Extension au KDDI HWD11,1,,,,,,,,*,hwd11/img001-ex.jpg,*,hwd11/img001-ex.jpg,,,,,,,,,,,,,,,,,,,,,,,0,1,en_au_ex_014,,1,,9750,9750,,5,,,,,,,,,,,,,,,,,"23,30","NEW extension,Extension au KDDI HWD11"
1668,12059,747,409,No,28,2,カート用延長フラグ,Extension au KDDI HWD11,1,,,,,,,,*,hwd11/img001-ex.jpg,*,hwd11/img001-ex.jpg,,,,,,,,,,,,,,,,,,,,,,,0,1,en_au_ex_014,,1,,9750,9750,,5,,,,,,,,,,,,,,,,,"23,30","NEW extension,Extension au KDDI HWD11"
1668,12061,747,410,No,29,2,カート用延長フラグ,Extension au KDDI HWD11,1,,,,,,,,*,hwd11/img001-ex.jpg,*,hwd11/img001-ex.jpg,,,,,,,,,,,,,,,,,,,,,,,0,1,en_au_ex_014,,1,,9750,9750,,5,,,,,,,,,,,,,,,,,"23,30","NEW extension,Extension au KDDI HWD11"
1668,12063,747,411,No,30,2,カート用延長フラグ,Extension au KDDI HWD11,1,,,,,,,,*,hwd11/img001-ex.jpg,*,hwd11/img001-ex.jpg,,,,,,,,,,,,,,,,,,,,,,,0,1,en_au_ex_014,,1,,9750,9750,,5,,,,,,,,,,,,,,,,,"23,30","NEW extension,Extension au KDDI HWD11"
1668,12065,747,412,No,31,2,カート用延長フラグ,Extension au KDDI HWD11,1,,,,,,,,*,hwd11/img001-ex.jpg,*,hwd11/img001-ex.jpg,,,,,,,,,,,,,,,,,,,,,,,0,1,en_au_ex_031,,1,,10400,10400,,5,,,,,,,,,,,,,,,,,"23,30","NEW extension,Extension au KDDI HWD11"
1668,12067,747,413,No,32,2,カート用延長フラグ,Extension au KDDI HWD11,1,,,,,,,,*,hwd11/img001-ex.jpg,*,hwd11/img001-ex.jpg,,,,,,,,,,,,,,,,,,,,,,,0,1,en_au_ex_032,,1,,11050,11050,,5,,,,,,,,,,,,,,,,,"23,30","NEW extension,Extension au KDDI HWD11"
1668,12069,747,414,No,33,2,カート用延長フラグ,Extension au KDDI HWD11,1,,,,,,,,*,hwd11/img001-ex.jpg,*,hwd11/img001-ex.jpg,,,,,,,,,,,,,,,,,,,,,,,0,1,en_au_ex_033,,1,,11700,11700,,5,,,,,,,,,,,,,,,,,"23,30","NEW extension,Extension au KDDI HWD11"
1668,12071,747,415,No,34,2,カート用延長フラグ,Extension au KDDI HWD11,1,,,,,,,,*,hwd11/img001-ex.jpg,*,hwd11/img001-ex.jpg,,,,,,,,,,,,,,,,,,,,,,,0,1,en_au_ex_034,,1,,12350,12350,,5,,,,,,,,,,,,,,,,,"23,30","NEW extension,Extension au KDDI HWD11"
1668,12073,747,416,No,35,2,カート用延長フラグ,Extension au KDDI HWD11,1,,,,,,,,*,hwd11/img001-ex.jpg,*,hwd11/img001-ex.jpg,,,,,,,,,,,,,,,,,,,,,,,0,1,en_au_ex_035,,1,,13000,13000,,5,,,,,,,,,,,,,,,,,"23,30","NEW extension,Extension au KDDI HWD11"
1668,12075,747,417,No,36,2,カート用延長フラグ,Extension au KDDI HWD11,1,,,,,,,,*,hwd11/img001-ex.jpg,*,hwd11/img001-ex.jpg,,,,,,,,,,,,,,,,,,,,,,,0,1,en_au_ex_036,,1,,13650,13650,,5,,,,,,,,,,,,,,,,,"23,30","NEW extension,Extension au KDDI HWD11"
1668,12077,747,418,No,37,2,カート用延長フラグ,Extension au KDDI HWD11,1,,,,,,,,*,hwd11/img001-ex.jpg,*,hwd11/img001-ex.jpg,,,,,,,,,,,,,,,,,,,,,,,0,1,en_au_ex_037,,1,,14300,14300,,5,,,,,,,,,,,,,,,,,"23,30","NEW extension,Extension au KDDI HWD11"
1668,12079,747,419,No,38,2,カート用延長フラグ,Extension au KDDI HWD11,1,,,,,,,,*,hwd11/img001-ex.jpg,*,hwd11/img001-ex.jpg,,,,,,,,,,,,,,,,,,,,,,,0,1,en_au_ex_038,,1,,14950,14950,,5,,,,,,,,,,,,,,,,,"23,30","NEW extension,Extension au KDDI HWD11"
1668,12081,747,420,No,39,2,カート用延長フラグ,Extension au KDDI HWD11,1,,,,,,,,*,hwd11/img001-ex.jpg,*,hwd11/img001-ex.jpg,,,,,,,,,,,,,,,,,,,,,,,0,1,en_au_ex_039,,1,,15600,15600,,5,,,,,,,,,,,,,,,,,"23,30","NEW extension,Extension au KDDI HWD11"
1668,12083,747,421,No,40,2,カート用延長フラグ,Extension au KDDI HWD11,1,,,,,,,,*,hwd11/img001-ex.jpg,*,hwd11/img001-ex.jpg,,,,,,,,,,,,,,,,,,,,,,,0,1,en_au_ex_040,,1,,16250,16250,,5,,,,,,,,,,,,,,,,,"23,30","NEW extension,Extension au KDDI HWD11"
1668,12085,747,422,No,41,2,カート用延長フラグ,Extension au KDDI HWD11,1,,,,,,,,*,hwd11/img001-ex.jpg,*,hwd11/img001-ex.jpg,,,,,,,,,,,,,,,,,,,,,,,0,1,en_au_ex_041,,1,,16900,16900,,5,,,,,,,,,,,,,,,,,"23,30","NEW extension,Extension au KDDI HWD11"
1668,12087,747,423,No,42,2,カート用延長フラグ,Extension au KDDI HWD11,1,,,,,,,,*,hwd11/img001-ex.jpg,*,hwd11/img001-ex.jpg,,,,,,,,,,,,,,,,,,,,,,,0,1,en_au_ex_060,,1,,17300,17300,,5,,,,,,,,,,,,,,,,,"23,30","NEW extension,Extension au KDDI HWD11"
1668,12089,747,424,No,43,2,カート用延長フラグ,Extension au KDDI HWD11,1,,,,,,,,*,hwd11/img001-ex.jpg,*,hwd11/img001-ex.jpg,,,,,,,,,,,,,,,,,,,,,,,0,1,en_au_ex_060,,1,,17300,17300,,5,,,,,,,,,,,,,,,,,"23,30","NEW extension,Extension au KDDI HWD11"
1668,12091,747,425,No,44,2,カート用延長フラグ,Extension au KDDI HWD11,1,,,,,,,,*,hwd11/img001-ex.jpg,*,hwd11/img001-ex.jpg,,,,,,,,,,,,,,,,,,,,,,,0,1,en_au_ex_060,,1,,17300,17300,,5,,,,,,,,,,,,,,,,,"23,30","NEW extension,Extension au KDDI HWD11"
1668,12093,747,426,No,45,2,カート用延長フラグ,Extension au KDDI HWD11,1,,,,,,,,*,hwd11/img001-ex.jpg,*,hwd11/img001-ex.jpg,,,,,,,,,,,,,,,,,,,,,,,0,1,en_au_ex_060,,1,,17300,17300,,5,,,,,,,,,,,,,,,,,"23,30","NEW extension,Extension au KDDI HWD11"
1668,12095,747,427,No,46,2,カート用延長フラグ,Extension au KDDI HWD11,1,,,,,,,,*,hwd11/img001-ex.jpg,*,hwd11/img001-ex.jpg,,,,,,,,,,,,,,,,,,,,,,,0,1,en_au_ex_060,,1,,17300,17300,,5,,,,,,,,,,,,,,,,,"23,30","NEW extension,Extension au KDDI HWD11"
1668,12097,747,428,No,47,2,カート用延長フラグ,Extension au KDDI HWD11,1,,,,,,,,*,hwd11/img001-ex.jpg,*,hwd11/img001-ex.jpg,,,,,,,,,,,,,,,,,,,,,,,0,1,en_au_ex_060,,1,,17300,17300,,5,,,,,,,,,,,,,,,,,"23,30","NEW extension,Extension au KDDI HWD11"
1668,12099,747,429,No,48,2,カート用延長フラグ,Extension au KDDI HWD11,1,,,,,,,,*,hwd11/img001-ex.jpg,*,hwd11/img001-ex.jpg,,,,,,,,,,,,,,,,,,,,,,,0,1,en_au_ex_060,,1,,17300,17300,,5,,,,,,,,,,,,,,,,,"23,30","NEW extension,Extension au KDDI HWD11"
1668,12101,747,430,No,49,2,カート用延長フラグ,Extension au KDDI HWD11,1,,,,,,,,*,hwd11/img001-ex.jpg,*,hwd11/img001-ex.jpg,,,,,,,,,,,,,,,,,,,,,,,0,1,en_au_ex_060,,1,,17300,17300,,5,,,,,,,,,,,,,,,,,"23,30","NEW extension,Extension au KDDI HWD11"
1668,12103,747,431,No,50,2,カート用延長フラグ,Extension au KDDI HWD11,1,,,,,,,,*,hwd11/img001-ex.jpg,*,hwd11/img001-ex.jpg,,,,,,,,,,,,,,,,,,,,,,,0,1,en_au_ex_060,,1,,17300,17300,,5,,,,,,,,,,,,,,,,,"23,30","NEW extension,Extension au KDDI HWD11"
1668,12105,747,432,No,51,2,カート用延長フラグ,Extension au KDDI HWD11,1,,,,,,,,*,hwd11/img001-ex.jpg,*,hwd11/img001-ex.jpg,,,,,,,,,,,,,,,,,,,,,,,0,1,en_au_ex_060,,1,,17300,17300,,5,,,,,,,,,,,,,,,,,"23,30","NEW extension,Extension au KDDI HWD11"
1668,12107,747,433,No,52,2,カート用延長フラグ,Extension au KDDI HWD11,1,,,,,,,,*,hwd11/img001-ex.jpg,*,hwd11/img001-ex.jpg,,,,,,,,,,,,,,,,,,,,,,,0,1,en_au_ex_060,,1,,17300,17300,,5,,,,,,,,,,,,,,,,,"23,30","NEW extension,Extension au KDDI HWD11"
1668,12109,747,434,No,53,2,カート用延長フラグ,Extension au KDDI HWD11,1,,,,,,,,*,hwd11/img001-ex.jpg,*,hwd11/img001-ex.jpg,,,,,,,,,,,,,,,,,,,,,,,0,1,en_au_ex_060,,1,,17300,17300,,5,,,,,,,,,,,,,,,,,"23,30","NEW extension,Extension au KDDI HWD11"
1668,12111,747,435,No,54,2,カート用延長フラグ,Extension au KDDI HWD11,1,,,,,,,,*,hwd11/img001-ex.jpg,*,hwd11/img001-ex.jpg,,,,,,,,,,,,,,,,,,,,,,,0,1,en_au_ex_060,,1,,17300,17300,,5,,,,,,,,,,,,,,,,,"23,30","NEW extension,Extension au KDDI HWD11"
1668,12113,747,436,No,55,2,カート用延長フラグ,Extension au KDDI HWD11,1,,,,,,,,*,hwd11/img001-ex.jpg,*,hwd11/img001-ex.jpg,,,,,,,,,,,,,,,,,,,,,,,0,1,en_au_ex_060,,1,,17300,17300,,5,,,,,,,,,,,,,,,,,"23,30","NEW extension,Extension au KDDI HWD11"
1668,12115,747,437,No,56,2,カート用延長フラグ,Extension au KDDI HWD11,1,,,,,,,,*,hwd11/img001-ex.jpg,*,hwd11/img001-ex.jpg,,,,,,,,,,,,,,,,,,,,,,,0,1,en_au_ex_060,,1,,17300,17300,,5,,,,,,,,,,,,,,,,,"23,30","NEW extension,Extension au KDDI HWD11"
1668,12117,747,438,No,57,2,カート用延長フラグ,Extension au KDDI HWD11,1,,,,,,,,*,hwd11/img001-ex.jpg,*,hwd11/img001-ex.jpg,,,,,,,,,,,,,,,,,,,,,,,0,1,en_au_ex_060,,1,,17300,17300,,5,,,,,,,,,,,,,,,,,"23,30","NEW extension,Extension au KDDI HWD11"
1668,12119,747,439,No,58,2,カート用延長フラグ,Extension au KDDI HWD11,1,,,,,,,,*,hwd11/img001-ex.jpg,*,hwd11/img001-ex.jpg,,,,,,,,,,,,,,,,,,,,,,,0,1,en_au_ex_060,,1,,17300,17300,,5,,,,,,,,,,,,,,,,,"23,30","NEW extension,Extension au KDDI HWD11"
1668,12121,747,440,No,59,2,カート用延長フラグ,Extension au KDDI HWD11,1,,,,,,,,*,hwd11/img001-ex.jpg,*,hwd11/img001-ex.jpg,,,,,,,,,,,,,,,,,,,,,,,0,1,en_au_ex_060,,1,,17300,17300,,5,,,,,,,,,,,,,,,,,"23,30","NEW extension,Extension au KDDI HWD11"
1668,12123,747,441,No,60,2,カート用延長フラグ,Extension au KDDI HWD11,1,,,,,,,,*,hwd11/img001-ex.jpg,*,hwd11/img001-ex.jpg,,,,,,,,,,,,,,,,,,,,,,,0,1,en_au_ex_060,,1,,17300,17300,,5,,,,,,,,,,,,,,,,,"23,30","NEW extension,Extension au KDDI HWD11"
1668,12125,747,442,No,61,2,カート用延長フラグ,Extension au KDDI HWD11,1,,,,,,,,*,hwd11/img001-ex.jpg,*,hwd11/img001-ex.jpg,,,,,,,,,,,,,,,,,,,,,,,0,1,en_au_ex_061,,1,,17950,17950,,5,,,,,,,,,,,,,,,,,"23,30","NEW extension,Extension au KDDI HWD11"
1668,12127,747,443,No,62,2,カート用延長フラグ,Extension au KDDI HWD11,1,,,,,,,,*,hwd11/img001-ex.jpg,*,hwd11/img001-ex.jpg,,,,,,,,,,,,,,,,,,,,,,,0,1,en_au_ex_062,,1,,18600,18600,,5,,,,,,,,,,,,,,,,,"23,30","NEW extension,Extension au KDDI HWD11"
1668,12129,747,444,No,63,2,カート用延長フラグ,Extension au KDDI HWD11,1,,,,,,,,*,hwd11/img001-ex.jpg,*,hwd11/img001-ex.jpg,,,,,,,,,,,,,,,,,,,,,,,0,1,en_au_ex_063,,1,,19250,19250,,5,,,,,,,,,,,,,,,,,"23,30","NEW extension,Extension au KDDI HWD11"
1668,12131,747,445,No,64,2,カート用延長フラグ,Extension au KDDI HWD11,1,,,,,,,,*,hwd11/img001-ex.jpg,*,hwd11/img001-ex.jpg,,,,,,,,,,,,,,,,,,,,,,,0,1,en_au_ex_064,,1,,19900,19900,,5,,,,,,,,,,,,,,,,,"23,30","NEW extension,Extension au KDDI HWD11"
1668,12133,747,446,No,65,2,カート用延長フラグ,Extension au KDDI HWD11,1,,,,,,,,*,hwd11/img001-ex.jpg,*,hwd11/img001-ex.jpg,,,,,,,,,,,,,,,,,,,,,,,0,1,en_au_ex_065,,1,,20550,20550,,5,,,,,,,,,,,,,,,,,"23,30","NEW extension,Extension au KDDI HWD11"
1668,12135,747,447,No,66,2,カート用延長フラグ,Extension au KDDI HWD11,1,,,,,,,,*,hwd11/img001-ex.jpg,*,hwd11/img001-ex.jpg,,,,,,,,,,,,,,,,,,,,,,,0,1,en_au_ex_066,,1,,21200,21200,,5,,,,,,,,,,,,,,,,,"23,30","NEW extension,Extension au KDDI HWD11"
1668,12137,747,448,No,67,2,カート用延長フラグ,Extension au KDDI HWD11,1,,,,,,,,*,hwd11/img001-ex.jpg,*,hwd11/img001-ex.jpg,,,,,,,,,,,,,,,,,,,,,,,0,1,en_au_ex_067,,1,,21850,21850,,5,,,,,,,,,,,,,,,,,"23,30","NEW extension,Extension au KDDI HWD11"
1668,12139,747,449,No,68,2,カート用延長フラグ,Extension au KDDI HWD11,1,,,,,,,,*,hwd11/img001-ex.jpg,*,hwd11/img001-ex.jpg,,,,,,,,,,,,,,,,,,,,,,,0,1,en_au_ex_068,,1,,22500,22500,,5,,,,,,,,,,,,,,,,,"23,30","NEW extension,Extension au KDDI HWD11"
1668,12141,747,450,No,69,2,カート用延長フラグ,Extension au KDDI HWD11,1,,,,,,,,*,hwd11/img001-ex.jpg,*,hwd11/img001-ex.jpg,,,,,,,,,,,,,,,,,,,,,,,0,1,en_au_ex_069,,1,,23150,23150,,5,,,,,,,,,,,,,,,,,"23,30","NEW extension,Extension au KDDI HWD11"
1668,12143,747,451,No,70,2,カート用延長フラグ,Extension au KDDI HWD11,1,,,,,,,,*,hwd11/img001-ex.jpg,*,hwd11/img001-ex.jpg,,,,,,,,,,,,,,,,,,,,,,,0,1,en_au_ex_070,,1,,23800,23800,,5,,,,,,,,,,,,,,,,,"23,30","NEW extension,Extension au KDDI HWD11"
1668,12145,747,452,No,71,2,カート用延長フラグ,Extension au KDDI HWD11,1,,,,,,,,*,hwd11/img001-ex.jpg,*,hwd11/img001-ex.jpg,,,,,,,,,,,,,,,,,,,,,,,0,1,en_au_ex_090,,1,,24200,24200,,5,,,,,,,,,,,,,,,,,"23,30","NEW extension,Extension au KDDI HWD11"
1668,12147,747,453,No,72,2,カート用延長フラグ,Extension au KDDI HWD11,1,,,,,,,,*,hwd11/img001-ex.jpg,*,hwd11/img001-ex.jpg,,,,,,,,,,,,,,,,,,,,,,,0,1,en_au_ex_090,,1,,24200,24200,,5,,,,,,,,,,,,,,,,,"23,30","NEW extension,Extension au KDDI HWD11"
1668,12149,747,454,No,73,2,カート用延長フラグ,Extension au KDDI HWD11,1,,,,,,,,*,hwd11/img001-ex.jpg,*,hwd11/img001-ex.jpg,,,,,,,,,,,,,,,,,,,,,,,0,1,en_au_ex_090,,1,,24200,24200,,5,,,,,,,,,,,,,,,,,"23,30","NEW extension,Extension au KDDI HWD11"
1668,12151,747,455,No,74,2,カート用延長フラグ,Extension au KDDI HWD11,1,,,,,,,,*,hwd11/img001-ex.jpg,*,hwd11/img001-ex.jpg,,,,,,,,,,,,,,,,,,,,,,,0,1,en_au_ex_090,,1,,24200,24200,,5,,,,,,,,,,,,,,,,,"23,30","NEW extension,Extension au KDDI HWD11"
1668,12153,747,456,No,75,2,カート用延長フラグ,Extension au KDDI HWD11,1,,,,,,,,*,hwd11/img001-ex.jpg,*,hwd11/img001-ex.jpg,,,,,,,,,,,,,,,,,,,,,,,0,1,en_au_ex_090,,1,,24200,24200,,5,,,,,,,,,,,,,,,,,"23,30","NEW extension,Extension au KDDI HWD11"
1668,12155,747,457,No,76,2,カート用延長フラグ,Extension au KDDI HWD11,1,,,,,,,,*,hwd11/img001-ex.jpg,*,hwd11/img001-ex.jpg,,,,,,,,,,,,,,,,,,,,,,,0,1,en_au_ex_090,,1,,24200,24200,,5,,,,,,,,,,,,,,,,,"23,30","NEW extension,Extension au KDDI HWD11"
1668,12157,747,458,No,77,2,カート用延長フラグ,Extension au KDDI HWD11,1,,,,,,,,*,hwd11/img001-ex.jpg,*,hwd11/img001-ex.jpg,,,,,,,,,,,,,,,,,,,,,,,0,1,en_au_ex_090,,1,,24200,24200,,5,,,,,,,,,,,,,,,,,"23,30","NEW extension,Extension au KDDI HWD11"
1668,12159,747,459,No,78,2,カート用延長フラグ,Extension au KDDI HWD11,1,,,,,,,,*,hwd11/img001-ex.jpg,*,hwd11/img001-ex.jpg,,,,,,,,,,,,,,,,,,,,,,,0,1,en_au_ex_090,,1,,24200,24200,,5,,,,,,,,,,,,,,,,,"23,30","NEW extension,Extension au KDDI HWD11"
1668,12161,747,460,No,79,2,カート用延長フラグ,Extension au KDDI HWD11,1,,,,,,,,*,hwd11/img001-ex.jpg,*,hwd11/img001-ex.jpg,,,,,,,,,,,,,,,,,,,,,,,0,1,en_au_ex_090,,1,,24200,24200,,5,,,,,,,,,,,,,,,,,"23,30","NEW extension,Extension au KDDI HWD11"
1668,12163,747,461,No,80,2,カート用延長フラグ,Extension au KDDI HWD11,1,,,,,,,,*,hwd11/img001-ex.jpg,*,hwd11/img001-ex.jpg,,,,,,,,,,,,,,,,,,,,,,,0,1,en_au_ex_090,,1,,24200,24200,,5,,,,,,,,,,,,,,,,,"23,30","NEW extension,Extension au KDDI HWD11"
1668,12165,747,462,No,81,2,カート用延長フラグ,Extension au KDDI HWD11,1,,,,,,,,*,hwd11/img001-ex.jpg,*,hwd11/img001-ex.jpg,,,,,,,,,,,,,,,,,,,,,,,0,1,en_au_ex_090,,1,,24200,24200,,5,,,,,,,,,,,,,,,,,"23,30","NEW extension,Extension au KDDI HWD11"
1668,12167,747,463,No,82,2,カート用延長フラグ,Extension au KDDI HWD11,1,,,,,,,,*,hwd11/img001-ex.jpg,*,hwd11/img001-ex.jpg,,,,,,,,,,,,,,,,,,,,,,,0,1,en_au_ex_090,,1,,24200,24200,,5,,,,,,,,,,,,,,,,,"23,30","NEW extension,Extension au KDDI HWD11"
1668,12169,747,464,No,83,2,カート用延長フラグ,Extension au KDDI HWD11,1,,,,,,,,*,hwd11/img001-ex.jpg,*,hwd11/img001-ex.jpg,,,,,,,,,,,,,,,,,,,,,,,0,1,en_au_ex_090,,1,,24200,24200,,5,,,,,,,,,,,,,,,,,"23,30","NEW extension,Extension au KDDI HWD11"
1668,12171,747,465,No,84,2,カート用延長フラグ,Extension au KDDI HWD11,1,,,,,,,,*,hwd11/img001-ex.jpg,*,hwd11/img001-ex.jpg,,,,,,,,,,,,,,,,,,,,,,,0,1,en_au_ex_090,,1,,24200,24200,,5,,,,,,,,,,,,,,,,,"23,30","NEW extension,Extension au KDDI HWD11"
1668,12173,747,466,No,85,2,カート用延長フラグ,Extension au KDDI HWD11,1,,,,,,,,*,hwd11/img001-ex.jpg,*,hwd11/img001-ex.jpg,,,,,,,,,,,,,,,,,,,,,,,0,1,en_au_ex_090,,1,,24200,24200,,5,,,,,,,,,,,,,,,,,"23,30","NEW extension,Extension au KDDI HWD11"
1668,12175,747,467,No,86,2,カート用延長フラグ,Extension au KDDI HWD11,1,,,,,,,,*,hwd11/img001-ex.jpg,*,hwd11/img001-ex.jpg,,,,,,,,,,,,,,,,,,,,,,,0,1,en_au_ex_090,,1,,24200,24200,,5,,,,,,,,,,,,,,,,,"23,30","NEW extension,Extension au KDDI HWD11"
1668,12177,747,468,No,87,2,カート用延長フラグ,Extension au KDDI HWD11,1,,,,,,,,*,hwd11/img001-ex.jpg,*,hwd11/img001-ex.jpg,,,,,,,,,,,,,,,,,,,,,,,0,1,en_au_ex_090,,1,,24200,24200,,5,,,,,,,,,,,,,,,,,"23,30","NEW extension,Extension au KDDI HWD11"
1668,12179,747,469,No,88,2,カート用延長フラグ,Extension au KDDI HWD11,1,,,,,,,,*,hwd11/img001-ex.jpg,*,hwd11/img001-ex.jpg,,,,,,,,,,,,,,,,,,,,,,,0,1,en_au_ex_090,,1,,24200,24200,,5,,,,,,,,,,,,,,,,,"23,30","NEW extension,Extension au KDDI HWD11"
1668,12181,747,470,No,89,2,カート用延長フラグ,Extension au KDDI HWD11,1,,,,,,,,*,hwd11/img001-ex.jpg,*,hwd11/img001-ex.jpg,,,,,,,,,,,,,,,,,,,,,,,0,1,en_au_ex_090,,1,,24200,24200,,5,,,,,,,,,,,,,,,,,"23,30","NEW extension,Extension au KDDI HWD11"
1668,12183,747,471,No,90,2,カート用延長フラグ,Extension au KDDI HWD11,1,,,,,,,,*,hwd11/img001-ex.jpg,*,hwd11/img001-ex.jpg,,,,,,,,,,,,,,,,,,,,,,,0,1,en_au_ex_090,,1,,24200,24200,,5,,,,,,,,,,,,,,,,,"23,30","NEW extension,Extension au KDDI HWD11"
1668,12185,747,472,No,91,2,カート用延長フラグ,Extension au KDDI HWD11,1,,,,,,,,*,hwd11/img001-ex.jpg,*,hwd11/img001-ex.jpg,,,,,,,,,,,,,,,,,,,,,,,0,1,en_au_ex_091,,1,,24850,24850,,5,,,,,,,,,,,,,,,,,"23,30","NEW extension,Extension au KDDI HWD11"
1668,12187,747,473,No,92,2,カート用延長フラグ,Extension au KDDI HWD11,1,,,,,,,,*,hwd11/img001-ex.jpg,*,hwd11/img001-ex.jpg,,,,,,,,,,,,,,,,,,,,,,,0,1,en_au_ex_092,,1,,25500,25500,,5,,,,,,,,,,,,,,,,,"23,30","NEW extension,Extension au KDDI HWD11"
1668,12189,747,474,No,93,2,カート用延長フラグ,Extension au KDDI HWD11,1,,,,,,,,*,hwd11/img001-ex.jpg,*,hwd11/img001-ex.jpg,,,,,,,,,,,,,,,,,,,,,,,0,1,en_au_ex_093,,1,,26150,26150,,5,,,,,,,,,,,,,,,,,"23,30","NEW extension,Extension au KDDI HWD11"
1668,12191,747,475,No,94,2,カート用延長フラグ,Extension au KDDI HWD11,1,,,,,,,,*,hwd11/img001-ex.jpg,*,hwd11/img001-ex.jpg,,,,,,,,,,,,,,,,,,,,,,,0,1,en_au_ex_094,,1,,26800,26800,,5,,,,,,,,,,,,,,,,,"23,30","NEW extension,Extension au KDDI HWD11"
1668,12193,747,476,No,95,2,カート用延長フラグ,Extension au KDDI HWD11,1,,,,,,,,*,hwd11/img001-ex.jpg,*,hwd11/img001-ex.jpg,,,,,,,,,,,,,,,,,,,,,,,0,1,en_au_ex_095,,1,,27450,27450,,5,,,,,,,,,,,,,,,,,"23,30","NEW extension,Extension au KDDI HWD11"
1668,12195,747,477,No,96,2,カート用延長フラグ,Extension au KDDI HWD11,1,,,,,,,,*,hwd11/img001-ex.jpg,*,hwd11/img001-ex.jpg,,,,,,,,,,,,,,,,,,,,,,,0,1,en_au_ex_096,,1,,28100,28100,,5,,,,,,,,,,,,,,,,,"23,30","NEW extension,Extension au KDDI HWD11"
1668,12197,747,478,No,97,2,カート用延長フラグ,Extension au KDDI HWD11,1,,,,,,,,*,hwd11/img001-ex.jpg,*,hwd11/img001-ex.jpg,,,,,,,,,,,,,,,,,,,,,,,0,1,en_au_ex_097,,1,,28750,28750,,5,,,,,,,,,,,,,,,,,"23,30","NEW extension,Extension au KDDI HWD11"
1668,12199,747,479,No,98,2,カート用延長フラグ,Extension au KDDI HWD11,1,,,,,,,,*,hwd11/img001-ex.jpg,*,hwd11/img001-ex.jpg,,,,,,,,,,,,,,,,,,,,,,,0,1,en_au_ex_098,,1,,29400,29400,,5,,,,,,,,,,,,,,,,,"23,30","NEW extension,Extension au KDDI HWD11"
1668,12201,747,480,No,99,2,カート用延長フラグ,Extension au KDDI HWD11,1,,,,,,,,*,hwd11/img001-ex.jpg,*,hwd11/img001-ex.jpg,,,,,,,,,,,,,,,,,,,,,,,0,1,en_au_ex_099,,1,,30050,30050,,5,,,,,,,,,,,,,,,,,"23,30","NEW extension,Extension au KDDI HWD11"
1668,12203,747,481,No,100,2,カート用延長フラグ,Extension au KDDI HWD11,1,,,,,,,,*,hwd11/img001-ex.jpg,*,hwd11/img001-ex.jpg,,,,,,,,,,,,,,,,,,,,,,,0,1,en_au_ex_100,,1,,30700,30700,,5,,,,,,,,,,,,,,,,,"23,30","NEW extension,Extension au KDDI HWD11"
1668,12205,747,482,No,101,2,カート用延長フラグ,Extension au KDDI HWD11,1,,,,,,,,*,hwd11/img001-ex.jpg,*,hwd11/img001-ex.jpg,,,,,,,,,,,,,,,,,,,,,,,0,1,en_au_ex_101,,1,,31350,31350,,5,,,,,,,,,,,,,,,,,"23,30","NEW extension,Extension au KDDI HWD11"
1668,12207,747,483,No,102,2,カート用延長フラグ,Extension au KDDI HWD11,1,,,,,,,,*,hwd11/img001-ex.jpg,*,hwd11/img001-ex.jpg,,,,,,,,,,,,,,,,,,,,,,,0,1,en_au_ex_102,,1,,32000,32000,,5,,,,,,,,,,,,,,,,,"23,30","NEW extension,Extension au KDDI HWD11"
1668,12209,747,484,No,103,2,カート用延長フラグ,Extension au KDDI HWD11,1,,,,,,,,*,hwd11/img001-ex.jpg,*,hwd11/img001-ex.jpg,,,,,,,,,,,,,,,,,,,,,,,0,1,en_au_ex_103,,1,,32650,32650,,5,,,,,,,,,,,,,,,,,"23,30","NEW extension,Extension au KDDI HWD11"
1668,12211,747,485,No,104,2,カート用延長フラグ,Extension au KDDI HWD11,1,,,,,,,,*,hwd11/img001-ex.jpg,*,hwd11/img001-ex.jpg,,,,,,,,,,,,,,,,,,,,,,,0,1,en_au_ex_104,,1,,33300,33300,,5,,,,,,,,,,,,,,,,,"23,30","NEW extension,Extension au KDDI HWD11"
1668,12213,747,486,No,105,2,カート用延長フラグ,Extension au KDDI HWD11,1,,,,,,,,*,hwd11/img001-ex.jpg,*,hwd11/img001-ex.jpg,,,,,,,,,,,,,,,,,,,,,,,0,1,en_au_ex_121,,1,,33950,33950,,5,,,,,,,,,,,,,,,,,"23,30","NEW extension,Extension au KDDI HWD11"
1668,12215,747,487,No,106,2,カート用延長フラグ,Extension au KDDI HWD11,1,,,,,,,,*,hwd11/img001-ex.jpg,*,hwd11/img001-ex.jpg,,,,,,,,,,,,,,,,,,,,,,,0,1,en_au_ex_121,,1,,33950,33950,,5,,,,,,,,,,,,,,,,,"23,30","NEW extension,Extension au KDDI HWD11"
1668,12217,747,488,No,107,2,カート用延長フラグ,Extension au KDDI HWD11,1,,,,,,,,*,hwd11/img001-ex.jpg,*,hwd11/img001-ex.jpg,,,,,,,,,,,,,,,,,,,,,,,0,1,en_au_ex_121,,1,,33950,33950,,5,,,,,,,,,,,,,,,,,"23,30","NEW extension,Extension au KDDI HWD11"
1668,12219,747,489,No,108,2,カート用延長フラグ,Extension au KDDI HWD11,1,,,,,,,,*,hwd11/img001-ex.jpg,*,hwd11/img001-ex.jpg,,,,,,,,,,,,,,,,,,,,,,,0,1,en_au_ex_121,,1,,33950,33950,,5,,,,,,,,,,,,,,,,,"23,30","NEW extension,Extension au KDDI HWD11"
1668,12221,747,490,No,109,2,カート用延長フラグ,Extension au KDDI HWD11,1,,,,,,,,*,hwd11/img001-ex.jpg,*,hwd11/img001-ex.jpg,,,,,,,,,,,,,,,,,,,,,,,0,1,en_au_ex_121,,1,,33950,33950,,5,,,,,,,,,,,,,,,,,"23,30","NEW extension,Extension au KDDI HWD11"
1668,12223,747,491,No,110,2,カート用延長フラグ,Extension au KDDI HWD11,1,,,,,,,,*,hwd11/img001-ex.jpg,*,hwd11/img001-ex.jpg,,,,,,,,,,,,,,,,,,,,,,,0,1,en_au_ex_121,,1,,33950,33950,,5,,,,,,,,,,,,,,,,,"23,30","NEW extension,Extension au KDDI HWD11"
1668,12225,747,492,No,111,2,カート用延長フラグ,Extension au KDDI HWD11,1,,,,,,,,*,hwd11/img001-ex.jpg,*,hwd11/img001-ex.jpg,,,,,,,,,,,,,,,,,,,,,,,0,1,en_au_ex_121,,1,,33950,33950,,5,,,,,,,,,,,,,,,,,"23,30","NEW extension,Extension au KDDI HWD11"
1668,12227,747,493,No,112,2,カート用延長フラグ,Extension au KDDI HWD11,1,,,,,,,,*,hwd11/img001-ex.jpg,*,hwd11/img001-ex.jpg,,,,,,,,,,,,,,,,,,,,,,,0,1,en_au_ex_121,,1,,33950,33950,,5,,,,,,,,,,,,,,,,,"23,30","NEW extension,Extension au KDDI HWD11"
1668,12229,747,494,No,113,2,カート用延長フラグ,Extension au KDDI HWD11,1,,,,,,,,*,hwd11/img001-ex.jpg,*,hwd11/img001-ex.jpg,,,,,,,,,,,,,,,,,,,,,,,0,1,en_au_ex_121,,1,,33950,33950,,5,,,,,,,,,,,,,,,,,"23,30","NEW extension,Extension au KDDI HWD11"
1668,12231,747,495,No,114,2,カート用延長フラグ,Extension au KDDI HWD11,1,,,,,,,,*,hwd11/img001-ex.jpg,*,hwd11/img001-ex.jpg,,,,,,,,,,,,,,,,,,,,,,,0,1,en_au_ex_121,,1,,33950,33950,,5,,,,,,,,,,,,,,,,,"23,30","NEW extension,Extension au KDDI HWD11"
1668,12233,747,496,No,115,2,カート用延長フラグ,Extension au KDDI HWD11,1,,,,,,,,*,hwd11/img001-ex.jpg,*,hwd11/img001-ex.jpg,,,,,,,,,,,,,,,,,,,,,,,0,1,en_au_ex_121,,1,,33950,33950,,5,,,,,,,,,,,,,,,,,"23,30","NEW extension,Extension au KDDI HWD11"
1668,12235,747,497,No,116,2,カート用延長フラグ,Extension au KDDI HWD11,1,,,,,,,,*,hwd11/img001-ex.jpg,*,hwd11/img001-ex.jpg,,,,,,,,,,,,,,,,,,,,,,,0,1,en_au_ex_121,,1,,33950,33950,,5,,,,,,,,,,,,,,,,,"23,30","NEW extension,Extension au KDDI HWD11"
1668,12237,747,498,No,117,2,カート用延長フラグ,Extension au KDDI HWD11,1,,,,,,,,*,hwd11/img001-ex.jpg,*,hwd11/img001-ex.jpg,,,,,,,,,,,,,,,,,,,,,,,0,1,en_au_ex_121,,1,,33950,33950,,5,,,,,,,,,,,,,,,,,"23,30","NEW extension,Extension au KDDI HWD11"
1668,12239,747,499,No,118,2,カート用延長フラグ,Extension au KDDI HWD11,1,,,,,,,,*,hwd11/img001-ex.jpg,*,hwd11/img001-ex.jpg,,,,,,,,,,,,,,,,,,,,,,,0,1,en_au_ex_121,,1,,33950,33950,,5,,,,,,,,,,,,,,,,,"23,30","NEW extension,Extension au KDDI HWD11"
1668,12241,747,500,No,119,2,カート用延長フラグ,Extension au KDDI HWD11,1,,,,,,,,*,hwd11/img001-ex.jpg,*,hwd11/img001-ex.jpg,,,,,,,,,,,,,,,,,,,,,,,0,1,en_au_ex_121,,1,,33950,33950,,5,,,,,,,,,,,,,,,,,"23,30","NEW extension,Extension au KDDI HWD11"
1668,12243,747,501,No,120,2,カート用延長フラグ,Extension au KDDI HWD11,1,,,,,,,,*,hwd11/img001-ex.jpg,*,hwd11/img001-ex.jpg,,,,,,,,,,,,,,,,,,,,,,,0,1,en_au_ex_121,,1,,33950,33950,,5,,,,,,,,,,,,,,,,,"23,30","NEW extension,Extension au KDDI HWD11"
1668,12245,747,502,No,121,2,カート用延長フラグ,Extension au KDDI HWD11,1,,,,,,,,*,hwd11/img001-ex.jpg,*,hwd11/img001-ex.jpg,,,,,,,,,,,,,,,,,,,,,,,0,1,en_au_ex_121,,1,,33950,33950,,5,,,,,,,,,,,,,,,,,"23,30","NEW extension,Extension au KDDI HWD11"
1668,12247,747,503,No,122,2,カート用延長フラグ,Extension au KDDI HWD11,1,,,,,,,,*,hwd11/img001-ex.jpg,*,hwd11/img001-ex.jpg,,,,,,,,,,,,,,,,,,,,,,,0,1,en_au_ex_122,,1,,34600,34600,,5,,,,,,,,,,,,,,,,,"23,30","NEW extension,Extension au KDDI HWD11"
1668,12249,747,504,No,123,2,カート用延長フラグ,Extension au KDDI HWD11,1,,,,,,,,*,hwd11/img001-ex.jpg,*,hwd11/img001-ex.jpg,,,,,,,,,,,,,,,,,,,,,,,0,1,en_au_ex_123,,1,,35250,35250,,5,,,,,,,,,,,,,,,,,"23,30","NEW extension,Extension au KDDI HWD11"
1668,12251,747,505,No,124,2,カート用延長フラグ,Extension au KDDI HWD11,1,,,,,,,,*,hwd11/img001-ex.jpg,*,hwd11/img001-ex.jpg,,,,,,,,,,,,,,,,,,,,,,,0,1,en_au_ex_124,,1,,35900,35900,,5,,,,,,,,,,,,,,,,,"23,30","NEW extension,Extension au KDDI HWD11"
1668,12253,747,506,No,125,2,カート用延長フラグ,Extension au KDDI HWD11,1,,,,,,,,*,hwd11/img001-ex.jpg,*,hwd11/img001-ex.jpg,,,,,,,,,,,,,,,,,,,,,,,0,1,en_au_ex_125,,1,,36550,36550,,5,,,,,,,,,,,,,,,,,"23,30","NEW extension,Extension au KDDI HWD11"
1668,12255,747,507,No,126,2,カート用延長フラグ,Extension au KDDI HWD11,1,,,,,,,,*,hwd11/img001-ex.jpg,*,hwd11/img001-ex.jpg,,,,,,,,,,,,,,,,,,,,,,,0,1,en_au_ex_126,,1,,37200,37200,,5,,,,,,,,,,,,,,,,,"23,30","NEW extension,Extension au KDDI HWD11"
1668,12257,747,508,No,127,2,カート用延長フラグ,Extension au KDDI HWD11,1,,,,,,,,*,hwd11/img001-ex.jpg,*,hwd11/img001-ex.jpg,,,,,,,,,,,,,,,,,,,,,,,0,1,en_au_ex_127,,1,,37850,37850,,5,,,,,,,,,,,,,,,,,"23,30","NEW extension,Extension au KDDI HWD11"
1668,12259,747,509,No,128,2,カート用延長フラグ,Extension au KDDI HWD11,1,,,,,,,,*,hwd11/img001-ex.jpg,*,hwd11/img001-ex.jpg,,,,,,,,,,,,,,,,,,,,,,,0,1,en_au_ex_128,,1,,38500,38500,,5,,,,,,,,,,,,,,,,,"23,30","NEW extension,Extension au KDDI HWD11"
1668,12261,747,510,No,129,2,カート用延長フラグ,Extension au KDDI HWD11,1,,,,,,,,*,hwd11/img001-ex.jpg,*,hwd11/img001-ex.jpg,,,,,,,,,,,,,,,,,,,,,,,0,1,en_au_ex_129,,1,,39150,39150,,5,,,,,,,,,,,,,,,,,"23,30","NEW extension,Extension au KDDI HWD11"
1668,12263,747,511,No,130,2,カート用延長フラグ,Extension au KDDI HWD11,1,,,,,,,,*,hwd11/img001-ex.jpg,*,hwd11/img001-ex.jpg,,,,,,,,,,,,,,,,,,,,,,,0,1,en_au_ex_130,,1,,39800,39800,,5,,,,,,,,,,,,,,,,,"23,30","NEW extension,Extension au KDDI HWD11"
1668,12265,747,512,No,131,2,カート用延長フラグ,Extension au KDDI HWD11,1,,,,,,,,*,hwd11/img001-ex.jpg,*,hwd11/img001-ex.jpg,,,,,,,,,,,,,,,,,,,,,,,0,1,en_au_ex_131,,1,,40450,40450,,5,,,,,,,,,,,,,,,,,"23,30","NEW extension,Extension au KDDI HWD11"
1668,12267,747,513,No,132,2,カート用延長フラグ,Extension au KDDI HWD11,1,,,,,,,,*,hwd11/img001-ex.jpg,*,hwd11/img001-ex.jpg,,,,,,,,,,,,,,,,,,,,,,,0,1,en_au_ex_132,,1,,41100,41100,,5,,,,,,,,,,,,,,,,,"23,30","NEW extension,Extension au KDDI HWD11"
1668,12269,747,514,No,133,2,カート用延長フラグ,Extension au KDDI HWD11,1,,,,,,,,*,hwd11/img001-ex.jpg,*,hwd11/img001-ex.jpg,,,,,,,,,,,,,,,,,,,,,,,0,1,en_au_ex_151,,1,,41500,41500,,5,,,,,,,,,,,,,,,,,"23,30","NEW extension,Extension au KDDI HWD11"
1668,12271,747,515,No,134,2,カート用延長フラグ,Extension au KDDI HWD11,1,,,,,,,,*,hwd11/img001-ex.jpg,*,hwd11/img001-ex.jpg,,,,,,,,,,,,,,,,,,,,,,,0,1,en_au_ex_151,,1,,41500,41500,,5,,,,,,,,,,,,,,,,,"23,30","NEW extension,Extension au KDDI HWD11"
1668,12273,747,516,No,135,2,カート用延長フラグ,Extension au KDDI HWD11,1,,,,,,,,*,hwd11/img001-ex.jpg,*,hwd11/img001-ex.jpg,,,,,,,,,,,,,,,,,,,,,,,0,1,en_au_ex_151,,1,,41500,41500,,5,,,,,,,,,,,,,,,,,"23,30","NEW extension,Extension au KDDI HWD11"
1668,12275,747,517,No,136,2,カート用延長フラグ,Extension au KDDI HWD11,1,,,,,,,,*,hwd11/img001-ex.jpg,*,hwd11/img001-ex.jpg,,,,,,,,,,,,,,,,,,,,,,,0,1,en_au_ex_151,,1,,41500,41500,,5,,,,,,,,,,,,,,,,,"23,30","NEW extension,Extension au KDDI HWD11"
1668,12277,747,518,No,137,2,カート用延長フラグ,Extension au KDDI HWD11,1,,,,,,,,*,hwd11/img001-ex.jpg,*,hwd11/img001-ex.jpg,,,,,,,,,,,,,,,,,,,,,,,0,1,en_au_ex_151,,1,,41500,41500,,5,,,,,,,,,,,,,,,,,"23,30","NEW extension,Extension au KDDI HWD11"
1668,12279,747,519,No,138,2,カート用延長フラグ,Extension au KDDI HWD11,1,,,,,,,,*,hwd11/img001-ex.jpg,*,hwd11/img001-ex.jpg,,,,,,,,,,,,,,,,,,,,,,,0,1,en_au_ex_151,,1,,41500,41500,,5,,,,,,,,,,,,,,,,,"23,30","NEW extension,Extension au KDDI HWD11"
1668,12281,747,520,No,139,2,カート用延長フラグ,Extension au KDDI HWD11,1,,,,,,,,*,hwd11/img001-ex.jpg,*,hwd11/img001-ex.jpg,,,,,,,,,,,,,,,,,,,,,,,0,1,en_au_ex_151,,1,,41500,41500,,5,,,,,,,,,,,,,,,,,"23,30","NEW extension,Extension au KDDI HWD11"
1668,12283,747,521,No,140,2,カート用延長フラグ,Extension au KDDI HWD11,1,,,,,,,,*,hwd11/img001-ex.jpg,*,hwd11/img001-ex.jpg,,,,,,,,,,,,,,,,,,,,,,,0,1,en_au_ex_151,,1,,41500,41500,,5,,,,,,,,,,,,,,,,,"23,30","NEW extension,Extension au KDDI HWD11"
1668,12285,747,522,No,141,2,カート用延長フラグ,Extension au KDDI HWD11,1,,,,,,,,*,hwd11/img001-ex.jpg,*,hwd11/img001-ex.jpg,,,,,,,,,,,,,,,,,,,,,,,0,1,en_au_ex_151,,1,,41500,41500,,5,,,,,,,,,,,,,,,,,"23,30","NEW extension,Extension au KDDI HWD11"
1668,12287,747,523,No,142,2,カート用延長フラグ,Extension au KDDI HWD11,1,,,,,,,,*,hwd11/img001-ex.jpg,*,hwd11/img001-ex.jpg,,,,,,,,,,,,,,,,,,,,,,,0,1,en_au_ex_151,,1,,41500,41500,,5,,,,,,,,,,,,,,,,,"23,30","NEW extension,Extension au KDDI HWD11"
1668,12289,747,524,No,143,2,カート用延長フラグ,Extension au KDDI HWD11,1,,,,,,,,*,hwd11/img001-ex.jpg,*,hwd11/img001-ex.jpg,,,,,,,,,,,,,,,,,,,,,,,0,1,en_au_ex_151,,1,,41500,41500,,5,,,,,,,,,,,,,,,,,"23,30","NEW extension,Extension au KDDI HWD11"
1668,12291,747,525,No,144,2,カート用延長フラグ,Extension au KDDI HWD11,1,,,,,,,,*,hwd11/img001-ex.jpg,*,hwd11/img001-ex.jpg,,,,,,,,,,,,,,,,,,,,,,,0,1,en_au_ex_151,,1,,41500,41500,,5,,,,,,,,,,,,,,,,,"23,30","NEW extension,Extension au KDDI HWD11"
1668,12293,747,526,No,145,2,カート用延長フラグ,Extension au KDDI HWD11,1,,,,,,,,*,hwd11/img001-ex.jpg,*,hwd11/img001-ex.jpg,,,,,,,,,,,,,,,,,,,,,,,0,1,en_au_ex_151,,1,,41500,41500,,5,,,,,,,,,,,,,,,,,"23,30","NEW extension,Extension au KDDI HWD11"
1668,12295,747,527,No,146,2,カート用延長フラグ,Extension au KDDI HWD11,1,,,,,,,,*,hwd11/img001-ex.jpg,*,hwd11/img001-ex.jpg,,,,,,,,,,,,,,,,,,,,,,,0,1,en_au_ex_151,,1,,41500,41500,,5,,,,,,,,,,,,,,,,,"23,30","NEW extension,Extension au KDDI HWD11"
1668,12297,747,528,No,147,2,カート用延長フラグ,Extension au KDDI HWD11,1,,,,,,,,*,hwd11/img001-ex.jpg,*,hwd11/img001-ex.jpg,,,,,,,,,,,,,,,,,,,,,,,0,1,en_au_ex_151,,1,,41500,41500,,5,,,,,,,,,,,,,,,,,"23,30","NEW extension,Extension au KDDI HWD11"
1668,12299,747,529,No,148,2,カート用延長フラグ,Extension au KDDI HWD11,1,,,,,,,,*,hwd11/img001-ex.jpg,*,hwd11/img001-ex.jpg,,,,,,,,,,,,,,,,,,,,,,,0,1,en_au_ex_151,,1,,41500,41500,,5,,,,,,,,,,,,,,,,,"23,30","NEW extension,Extension au KDDI HWD11"
1668,12301,747,530,No,149,2,カート用延長フラグ,Extension au KDDI HWD11,1,,,,,,,,*,hwd11/img001-ex.jpg,*,hwd11/img001-ex.jpg,,,,,,,,,,,,,,,,,,,,,,,0,1,en_au_ex_151,,1,,41500,41500,,5,,,,,,,,,,,,,,,,,"23,30","NEW extension,Extension au KDDI HWD11"
1668,12303,747,531,No,150,2,カート用延長フラグ,Extension au KDDI HWD11,1,,,,,,,,*,hwd11/img001-ex.jpg,*,hwd11/img001-ex.jpg,,,,,,,,,,,,,,,,,,,,,,,0,1,en_au_ex_151,,1,,41500,41500,,5,,,,,,,,,,,,,,,,,"23,30","NEW extension,Extension au KDDI HWD11"
1668,12305,747,532,No,151,2,カート用延長フラグ,Extension au KDDI HWD11,1,,,,,,,,*,hwd11/img001-ex.jpg,*,hwd11/img001-ex.jpg,,,,,,,,,,,,,,,,,,,,,,,0,1,en_au_ex_151,,1,,41500,41500,,5,,,,,,,,,,,,,,,,,"23,30","NEW extension,Extension au KDDI HWD11"
1668,12307,747,533,No,152,2,カート用延長フラグ,Extension au KDDI HWD11,1,,,,,,,,*,hwd11/img001-ex.jpg,*,hwd11/img001-ex.jpg,,,,,,,,,,,,,,,,,,,,,,,0,1,en_au_ex_152,,1,,42150,42150,,5,,,,,,,,,,,,,,,,,"23,30","NEW extension,Extension au KDDI HWD11"
1668,12309,747,534,No,153,2,カート用延長フラグ,Extension au KDDI HWD11,1,,,,,,,,*,hwd11/img001-ex.jpg,*,hwd11/img001-ex.jpg,,,,,,,,,,,,,,,,,,,,,,,0,1,en_au_ex_153,,1,,42800,42800,,5,,,,,,,,,,,,,,,,,"23,30","NEW extension,Extension au KDDI HWD11"
1668,12311,747,535,No,154,2,カート用延長フラグ,Extension au KDDI HWD11,1,,,,,,,,*,hwd11/img001-ex.jpg,*,hwd11/img001-ex.jpg,,,,,,,,,,,,,,,,,,,,,,,0,1,en_au_ex_154,,1,,43450,43450,,5,,,,,,,,,,,,,,,,,"23,30","NEW extension,Extension au KDDI HWD11"
1668,12313,747,536,No,155,2,カート用延長フラグ,Extension au KDDI HWD11,1,,,,,,,,*,hwd11/img001-ex.jpg,*,hwd11/img001-ex.jpg,,,,,,,,,,,,,,,,,,,,,,,0,1,en_au_ex_155,,1,,44100,44100,,5,,,,,,,,,,,,,,,,,"23,30","NEW extension,Extension au KDDI HWD11"
1668,12315,747,537,No,156,2,カート用延長フラグ,Extension au KDDI HWD11,1,,,,,,,,*,hwd11/img001-ex.jpg,*,hwd11/img001-ex.jpg,,,,,,,,,,,,,,,,,,,,,,,0,1,en_au_ex_156,,1,,44750,44750,,5,,,,,,,,,,,,,,,,,"23,30","NEW extension,Extension au KDDI HWD11"
1668,12317,747,538,No,157,2,カート用延長フラグ,Extension au KDDI HWD11,1,,,,,,,,*,hwd11/img001-ex.jpg,*,hwd11/img001-ex.jpg,,,,,,,,,,,,,,,,,,,,,,,0,1,en_au_ex_157,,1,,45400,45400,,5,,,,,,,,,,,,,,,,,"23,30","NEW extension,Extension au KDDI HWD11"
1668,12319,747,539,No,158,2,カート用延長フラグ,Extension au KDDI HWD11,1,,,,,,,,*,hwd11/img001-ex.jpg,*,hwd11/img001-ex.jpg,,,,,,,,,,,,,,,,,,,,,,,0,1,en_au_ex_158,,1,,46050,46050,,5,,,,,,,,,,,,,,,,,"23,30","NEW extension,Extension au KDDI HWD11"
1668,12321,747,540,No,159,2,カート用延長フラグ,Extension au KDDI HWD11,1,,,,,,,,*,hwd11/img001-ex.jpg,*,hwd11/img001-ex.jpg,,,,,,,,,,,,,,,,,,,,,,,0,1,en_au_ex_159,,1,,46700,46700,,5,,,,,,,,,,,,,,,,,"23,30","NEW extension,Extension au KDDI HWD11"
1668,12323,747,541,No,160,2,カート用延長フラグ,Extension au KDDI HWD11,1,,,,,,,,*,hwd11/img001-ex.jpg,*,hwd11/img001-ex.jpg,,,,,,,,,,,,,,,,,,,,,,,0,1,en_au_ex_160,,1,,47350,47350,,5,,,,,,,,,,,,,,,,,"23,30","NEW extension,Extension au KDDI HWD11"
1668,12325,747,542,No,161,2,カート用延長フラグ,Extension au KDDI HWD11,1,,,,,,,,*,hwd11/img001-ex.jpg,*,hwd11/img001-ex.jpg,,,,,,,,,,,,,,,,,,,,,,,0,1,en_au_ex_161,,1,,48000,48000,,5,,,,,,,,,,,,,,,,,"23,30","NEW extension,Extension au KDDI HWD11"
1668,12327,747,543,No,162,2,カート用延長フラグ,Extension au KDDI HWD11,1,,,,,,,,*,hwd11/img001-ex.jpg,*,hwd11/img001-ex.jpg,,,,,,,,,,,,,,,,,,,,,,,0,1,en_au_ex_181,,1,,48400,48400,,5,,,,,,,,,,,,,,,,,"23,30","NEW extension,Extension au KDDI HWD11"
1668,12329,747,544,No,163,2,カート用延長フラグ,Extension au KDDI HWD11,1,,,,,,,,*,hwd11/img001-ex.jpg,*,hwd11/img001-ex.jpg,,,,,,,,,,,,,,,,,,,,,,,0,1,en_au_ex_181,,1,,48400,48400,,5,,,,,,,,,,,,,,,,,"23,30","NEW extension,Extension au KDDI HWD11"
1668,12331,747,545,No,164,2,カート用延長フラグ,Extension au KDDI HWD11,1,,,,,,,,*,hwd11/img001-ex.jpg,*,hwd11/img001-ex.jpg,,,,,,,,,,,,,,,,,,,,,,,0,1,en_au_ex_181,,1,,48400,48400,,5,,,,,,,,,,,,,,,,,"23,30","NEW extension,Extension au KDDI HWD11"
1668,12333,747,546,No,165,2,カート用延長フラグ,Extension au KDDI HWD11,1,,,,,,,,*,hwd11/img001-ex.jpg,*,hwd11/img001-ex.jpg,,,,,,,,,,,,,,,,,,,,,,,0,1,en_au_ex_181,,1,,48400,48400,,5,,,,,,,,,,,,,,,,,"23,30","NEW extension,Extension au KDDI HWD11"
1668,12335,747,547,No,166,2,カート用延長フラグ,Extension au KDDI HWD11,1,,,,,,,,*,hwd11/img001-ex.jpg,*,hwd11/img001-ex.jpg,,,,,,,,,,,,,,,,,,,,,,,0,1,en_au_ex_181,,1,,48400,48400,,5,,,,,,,,,,,,,,,,,"23,30","NEW extension,Extension au KDDI HWD11"
1668,12337,747,548,No,167,2,カート用延長フラグ,Extension au KDDI HWD11,1,,,,,,,,*,hwd11/img001-ex.jpg,*,hwd11/img001-ex.jpg,,,,,,,,,,,,,,,,,,,,,,,0,1,en_au_ex_181,,1,,48400,48400,,5,,,,,,,,,,,,,,,,,"23,30","NEW extension,Extension au KDDI HWD11"
1668,12339,747,549,No,168,2,カート用延長フラグ,Extension au KDDI HWD11,1,,,,,,,,*,hwd11/img001-ex.jpg,*,hwd11/img001-ex.jpg,,,,,,,,,,,,,,,,,,,,,,,0,1,en_au_ex_181,,1,,48400,48400,,5,,,,,,,,,,,,,,,,,"23,30","NEW extension,Extension au KDDI HWD11"
1668,12341,747,550,No,169,2,カート用延長フラグ,Extension au KDDI HWD11,1,,,,,,,,*,hwd11/img001-ex.jpg,*,hwd11/img001-ex.jpg,,,,,,,,,,,,,,,,,,,,,,,0,1,en_au_ex_181,,1,,48400,48400,,5,,,,,,,,,,,,,,,,,"23,30","NEW extension,Extension au KDDI HWD11"
1668,12343,747,551,No,170,2,カート用延長フラグ,Extension au KDDI HWD11,1,,,,,,,,*,hwd11/img001-ex.jpg,*,hwd11/img001-ex.jpg,,,,,,,,,,,,,,,,,,,,,,,0,1,en_au_ex_181,,1,,48400,48400,,5,,,,,,,,,,,,,,,,,"23,30","NEW extension,Extension au KDDI HWD11"
1668,12345,747,552,No,171,2,カート用延長フラグ,Extension au KDDI HWD11,1,,,,,,,,*,hwd11/img001-ex.jpg,*,hwd11/img001-ex.jpg,,,,,,,,,,,,,,,,,,,,,,,0,1,en_au_ex_181,,1,,48400,48400,,5,,,,,,,,,,,,,,,,,"23,30","NEW extension,Extension au KDDI HWD11"
1668,12347,747,553,No,172,2,カート用延長フラグ,Extension au KDDI HWD11,1,,,,,,,,*,hwd11/img001-ex.jpg,*,hwd11/img001-ex.jpg,,,,,,,,,,,,,,,,,,,,,,,0,1,en_au_ex_181,,1,,48400,48400,,5,,,,,,,,,,,,,,,,,"23,30","NEW extension,Extension au KDDI HWD11"
1668,12349,747,554,No,173,2,カート用延長フラグ,Extension au KDDI HWD11,1,,,,,,,,*,hwd11/img001-ex.jpg,*,hwd11/img001-ex.jpg,,,,,,,,,,,,,,,,,,,,,,,0,1,en_au_ex_181,,1,,48400,48400,,5,,,,,,,,,,,,,,,,,"23,30","NEW extension,Extension au KDDI HWD11"
1668,12351,747,555,No,174,2,カート用延長フラグ,Extension au KDDI HWD11,1,,,,,,,,*,hwd11/img001-ex.jpg,*,hwd11/img001-ex.jpg,,,,,,,,,,,,,,,,,,,,,,,0,1,en_au_ex_181,,1,,48400,48400,,5,,,,,,,,,,,,,,,,,"23,30","NEW extension,Extension au KDDI HWD11"
1668,12353,747,556,No,175,2,カート用延長フラグ,Extension au KDDI HWD11,1,,,,,,,,*,hwd11/img001-ex.jpg,*,hwd11/img001-ex.jpg,,,,,,,,,,,,,,,,,,,,,,,0,1,en_au_ex_181,,1,,48400,48400,,5,,,,,,,,,,,,,,,,,"23,30","NEW extension,Extension au KDDI HWD11"
1668,12355,747,557,No,176,2,カート用延長フラグ,Extension au KDDI HWD11,1,,,,,,,,*,hwd11/img001-ex.jpg,*,hwd11/img001-ex.jpg,,,,,,,,,,,,,,,,,,,,,,,0,1,en_au_ex_181,,1,,48400,48400,,5,,,,,,,,,,,,,,,,,"23,30","NEW extension,Extension au KDDI HWD11"
1668,12357,747,558,No,177,2,カート用延長フラグ,Extension au KDDI HWD11,1,,,,,,,,*,hwd11/img001-ex.jpg,*,hwd11/img001-ex.jpg,,,,,,,,,,,,,,,,,,,,,,,0,1,en_au_ex_181,,1,,48400,48400,,5,,,,,,,,,,,,,,,,,"23,30","NEW extension,Extension au KDDI HWD11"
1668,12359,747,559,No,178,2,カート用延長フラグ,Extension au KDDI HWD11,1,,,,,,,,*,hwd11/img001-ex.jpg,*,hwd11/img001-ex.jpg,,,,,,,,,,,,,,,,,,,,,,,0,1,en_au_ex_181,,1,,48400,48400,,5,,,,,,,,,,,,,,,,,"23,30","NEW extension,Extension au KDDI HWD11"
1668,12361,747,560,No,179,2,カート用延長フラグ,Extension au KDDI HWD11,1,,,,,,,,*,hwd11/img001-ex.jpg,*,hwd11/img001-ex.jpg,,,,,,,,,,,,,,,,,,,,,,,0,1,en_au_ex_181,,1,,48400,48400,,5,,,,,,,,,,,,,,,,,"23,30","NEW extension,Extension au KDDI HWD11"
1668,12363,747,561,No,180,2,カート用延長フラグ,Extension au KDDI HWD11,1,,,,,,,,*,hwd11/img001-ex.jpg,*,hwd11/img001-ex.jpg,,,,,,,,,,,,,,,,,,,,,,,0,1,en_au_ex_181,,1,,48400,48400,,5,,,,,,,,,,,,,,,,,"23,30","NEW extension,Extension au KDDI HWD11"
1668,12365,747,562,No,181,2,カート用延長フラグ,Extension au KDDI HWD11,1,,,,,,,,*,hwd11/img001-ex.jpg,*,hwd11/img001-ex.jpg,,,,,,,,,,,,,,,,,,,,,,,0,1,en_au_ex_181,,1,,48400,48400,,5,,,,,,,,,,,,,,,,,"23,30","NEW extension,Extension au KDDI HWD11"
1668,12367,747,563,No,182,2,カート用延長フラグ,Extension au KDDI HWD11,1,,,,,,,,*,hwd11/img001-ex.jpg,*,hwd11/img001-ex.jpg,,,,,,,,,,,,,,,,,,,,,,,0,1,en_au_ex_182,,1,,49050,49050,,5,,,,,,,,,,,,,,,,,"23,30","NEW extension,Extension au KDDI HWD11"
1668,12369,747,564,No,183,2,カート用延長フラグ,Extension au KDDI HWD11,1,,,,,,,,*,hwd11/img001-ex.jpg,*,hwd11/img001-ex.jpg,,,,,,,,,,,,,,,,,,,,,,,0,1,en_au_ex_183,,1,,49700,49700,,5,,,,,,,,,,,,,,,,,"23,30","NEW extension,Extension au KDDI HWD11"
1668,12371,747,565,No,184,2,カート用延長フラグ,Extension au KDDI HWD11,1,,,,,,,,*,hwd11/img001-ex.jpg,*,hwd11/img001-ex.jpg,,,,,,,,,,,,,,,,,,,,,,,0,1,en_au_ex_184,,1,,50350,50350,,5,,,,,,,,,,,,,,,,,"23,30","NEW extension,Extension au KDDI HWD11"
1668,12373,747,566,No,185,2,カート用延長フラグ,Extension au KDDI HWD11,1,,,,,,,,*,hwd11/img001-ex.jpg,*,hwd11/img001-ex.jpg,,,,,,,,,,,,,,,,,,,,,,,0,1,en_au_ex_185,,1,,51000,51000,,5,,,,,,,,,,,,,,,,,"23,30","NEW extension,Extension au KDDI HWD11"
1668,12375,747,567,No,186,2,カート用延長フラグ,Extension au KDDI HWD11,1,,,,,,,,*,hwd11/img001-ex.jpg,*,hwd11/img001-ex.jpg,,,,,,,,,,,,,,,,,,,,,,,0,1,en_au_ex_186,,1,,51650,51650,,5,,,,,,,,,,,,,,,,,"23,30","NEW extension,Extension au KDDI HWD11"
1668,12377,747,568,No,187,2,カート用延長フラグ,Extension au KDDI HWD11,1,,,,,,,,*,hwd11/img001-ex.jpg,*,hwd11/img001-ex.jpg,,,,,,,,,,,,,,,,,,,,,,,0,1,en_au_ex_187,,1,,52300,52300,,5,,,,,,,,,,,,,,,,,"23,30","NEW extension,Extension au KDDI HWD11"
1668,12379,747,569,No,188,2,カート用延長フラグ,Extension au KDDI HWD11,1,,,,,,,,*,hwd11/img001-ex.jpg,*,hwd11/img001-ex.jpg,,,,,,,,,,,,,,,,,,,,,,,0,1,en_au_ex_188,,1,,52950,52950,,5,,,,,,,,,,,,,,,,,"23,30","NEW extension,Extension au KDDI HWD11"
1668,12381,747,570,No,189,2,カート用延長フラグ,Extension au KDDI HWD11,1,,,,,,,,*,hwd11/img001-ex.jpg,*,hwd11/img001-ex.jpg,,,,,,,,,,,,,,,,,,,,,,,0,1,en_au_ex_189,,1,,53600,53600,,5,,,,,,,,,,,,,,,,,"23,30","NEW extension,Extension au KDDI HWD11"
1668,12383,747,571,No,190,2,カート用延長フラグ,Extension au KDDI HWD11,1,,,,,,,,*,hwd11/img001-ex.jpg,*,hwd11/img001-ex.jpg,,,,,,,,,,,,,,,,,,,,,,,0,1,en_au_ex_190,,1,,54250,54250,,5,,,,,,,,,,,,,,,,,"23,30","NEW extension,Extension au KDDI HWD11"
1668,12385,747,572,No,191,2,カート用延長フラグ,Extension au KDDI HWD11,1,,,,,,,,*,hwd11/img001-ex.jpg,*,hwd11/img001-ex.jpg,,,,,,,,,,,,,,,,,,,,,,,0,1,en_au_ex_191,,1,,54900,54900,,5,,,,,,,,,,,,,,,,,"23,30","NEW extension,Extension au KDDI HWD11"
1668,12387,747,573,No,192,2,カート用延長フラグ,Extension au KDDI HWD11,1,,,,,,,,*,hwd11/img001-ex.jpg,*,hwd11/img001-ex.jpg,,,,,,,,,,,,,,,,,,,,,,,0,1,en_au_ex_192,,1,,55550,55550,,5,,,,,,,,,,,,,,,,,"23,30","NEW extension,Extension au KDDI HWD11"
1668,12389,747,574,No,193,2,カート用延長フラグ,Extension au KDDI HWD11,1,,,,,,,,*,hwd11/img001-ex.jpg,*,hwd11/img001-ex.jpg,,,,,,,,,,,,,,,,,,,,,,,0,1,en_au_ex_193,,1,,56200,56200,,5,,,,,,,,,,,,,,,,,"23,30","NEW extension,Extension au KDDI HWD11"
1668,12391,747,575,No,194,2,カート用延長フラグ,Extension au KDDI HWD11,1,,,,,,,,*,hwd11/img001-ex.jpg,*,hwd11/img001-ex.jpg,,,,,,,,,,,,,,,,,,,,,,,0,1,en_au_ex_194,,1,,56850,56850,,5,,,,,,,,,,,,,,,,,"23,30","NEW extension,Extension au KDDI HWD11"
1668,12393,747,576,No,195,2,カート用延長フラグ,Extension au KDDI HWD11,1,,,,,,,,*,hwd11/img001-ex.jpg,*,hwd11/img001-ex.jpg,,,,,,,,,,,,,,,,,,,,,,,0,1,en_au_ex_195,,1,,57500,57500,,5,,,,,,,,,,,,,,,,,"23,30","NEW extension,Extension au KDDI HWD11"
1668,12395,747,577,No,196,2,カート用延長フラグ,Extension au KDDI HWD11,1,,,,,,,,*,hwd11/img001-ex.jpg,*,hwd11/img001-ex.jpg,,,,,,,,,,,,,,,,,,,,,,,0,1,en_au_ex_212,,1,,58150,58150,,5,,,,,,,,,,,,,,,,,"23,30","NEW extension,Extension au KDDI HWD11"
1668,12397,747,578,No,197,2,カート用延長フラグ,Extension au KDDI HWD11,1,,,,,,,,*,hwd11/img001-ex.jpg,*,hwd11/img001-ex.jpg,,,,,,,,,,,,,,,,,,,,,,,0,1,en_au_ex_212,,1,,58150,58150,,5,,,,,,,,,,,,,,,,,"23,30","NEW extension,Extension au KDDI HWD11"
1668,12399,747,579,No,198,2,カート用延長フラグ,Extension au KDDI HWD11,1,,,,,,,,*,hwd11/img001-ex.jpg,*,hwd11/img001-ex.jpg,,,,,,,,,,,,,,,,,,,,,,,0,1,en_au_ex_212,,1,,58150,58150,,5,,,,,,,,,,,,,,,,,"23,30","NEW extension,Extension au KDDI HWD11"
1668,12401,747,580,No,199,2,カート用延長フラグ,Extension au KDDI HWD11,1,,,,,,,,*,hwd11/img001-ex.jpg,*,hwd11/img001-ex.jpg,,,,,,,,,,,,,,,,,,,,,,,0,1,en_au_ex_212,,1,,58150,58150,,5,,,,,,,,,,,,,,,,,"23,30","NEW extension,Extension au KDDI HWD11"
1668,12403,747,581,No,200,2,カート用延長フラグ,Extension au KDDI HWD11,1,,,,,,,,*,hwd11/img001-ex.jpg,*,hwd11/img001-ex.jpg,,,,,,,,,,,,,,,,,,,,,,,0,1,en_au_ex_212,,1,,58150,58150,,5,,,,,,,,,,,,,,,,,"23,30","NEW extension,Extension au KDDI HWD11"
1668,12405,747,582,No,201,2,カート用延長フラグ,Extension au KDDI HWD11,1,,,,,,,,*,hwd11/img001-ex.jpg,*,hwd11/img001-ex.jpg,,,,,,,,,,,,,,,,,,,,,,,0,1,en_au_ex_212,,1,,58150,58150,,5,,,,,,,,,,,,,,,,,"23,30","NEW extension,Extension au KDDI HWD11"
1668,12407,747,583,No,202,2,カート用延長フラグ,Extension au KDDI HWD11,1,,,,,,,,*,hwd11/img001-ex.jpg,*,hwd11/img001-ex.jpg,,,,,,,,,,,,,,,,,,,,,,,0,1,en_au_ex_212,,1,,58150,58150,,5,,,,,,,,,,,,,,,,,"23,30","NEW extension,Extension au KDDI HWD11"
1668,12409,747,584,No,203,2,カート用延長フラグ,Extension au KDDI HWD11,1,,,,,,,,*,hwd11/img001-ex.jpg,*,hwd11/img001-ex.jpg,,,,,,,,,,,,,,,,,,,,,,,0,1,en_au_ex_212,,1,,58150,58150,,5,,,,,,,,,,,,,,,,,"23,30","NEW extension,Extension au KDDI HWD11"
1668,12411,747,585,No,204,2,カート用延長フラグ,Extension au KDDI HWD11,1,,,,,,,,*,hwd11/img001-ex.jpg,*,hwd11/img001-ex.jpg,,,,,,,,,,,,,,,,,,,,,,,0,1,en_au_ex_212,,1,,58150,58150,,5,,,,,,,,,,,,,,,,,"23,30","NEW extension,Extension au KDDI HWD11"
1668,12413,747,586,No,205,2,カート用延長フラグ,Extension au KDDI HWD11,1,,,,,,,,*,hwd11/img001-ex.jpg,*,hwd11/img001-ex.jpg,,,,,,,,,,,,,,,,,,,,,,,0,1,en_au_ex_212,,1,,58150,58150,,5,,,,,,,,,,,,,,,,,"23,30","NEW extension,Extension au KDDI HWD11"
1668,12415,747,587,No,206,2,カート用延長フラグ,Extension au KDDI HWD11,1,,,,,,,,*,hwd11/img001-ex.jpg,*,hwd11/img001-ex.jpg,,,,,,,,,,,,,,,,,,,,,,,0,1,en_au_ex_212,,1,,58150,58150,,5,,,,,,,,,,,,,,,,,"23,30","NEW extension,Extension au KDDI HWD11"
1668,12417,747,588,No,207,2,カート用延長フラグ,Extension au KDDI HWD11,1,,,,,,,,*,hwd11/img001-ex.jpg,*,hwd11/img001-ex.jpg,,,,,,,,,,,,,,,,,,,,,,,0,1,en_au_ex_212,,1,,58150,58150,,5,,,,,,,,,,,,,,,,,"23,30","NEW extension,Extension au KDDI HWD11"
1668,12419,747,589,No,208,2,カート用延長フラグ,Extension au KDDI HWD11,1,,,,,,,,*,hwd11/img001-ex.jpg,*,hwd11/img001-ex.jpg,,,,,,,,,,,,,,,,,,,,,,,0,1,en_au_ex_212,,1,,58150,58150,,5,,,,,,,,,,,,,,,,,"23,30","NEW extension,Extension au KDDI HWD11"
1668,12421,747,590,No,209,2,カート用延長フラグ,Extension au KDDI HWD11,1,,,,,,,,*,hwd11/img001-ex.jpg,*,hwd11/img001-ex.jpg,,,,,,,,,,,,,,,,,,,,,,,0,1,en_au_ex_212,,1,,58150,58150,,5,,,,,,,,,,,,,,,,,"23,30","NEW extension,Extension au KDDI HWD11"
1668,12423,747,591,No,210,2,カート用延長フラグ,Extension au KDDI HWD11,1,,,,,,,,*,hwd11/img001-ex.jpg,*,hwd11/img001-ex.jpg,,,,,,,,,,,,,,,,,,,,,,,0,1,en_au_ex_212,,1,,58150,58150,,5,,,,,,,,,,,,,,,,,"23,30","NEW extension,Extension au KDDI HWD11"
1668,12425,747,592,No,211,2,カート用延長フラグ,Extension au KDDI HWD11,1,,,,,,,,*,hwd11/img001-ex.jpg,*,hwd11/img001-ex.jpg,,,,,,,,,,,,,,,,,,,,,,,0,1,en_au_ex_212,,1,,58150,58150,,5,,,,,,,,,,,,,,,,,"23,30","NEW extension,Extension au KDDI HWD11"
1668,12427,747,593,No,212,2,カート用延長フラグ,Extension au KDDI HWD11,1,,,,,,,,*,hwd11/img001-ex.jpg,*,hwd11/img001-ex.jpg,,,,,,,,,,,,,,,,,,,,,,,0,1,en_au_ex_212,,1,,58150,58150,,5,,,,,,,,,,,,,,,,,"23,30","NEW extension,Extension au KDDI HWD11"
1668,12429,747,594,No,213,2,カート用延長フラグ,Extension au KDDI HWD11,1,,,,,,,,*,hwd11/img001-ex.jpg,*,hwd11/img001-ex.jpg,,,,,,,,,,,,,,,,,,,,,,,0,1,en_au_ex_213,,1,,58800,58800,,5,,,,,,,,,,,,,,,,,"23,30","NEW extension,Extension au KDDI HWD11"
1668,12431,747,595,No,214,2,カート用延長フラグ,Extension au KDDI HWD11,1,,,,,,,,*,hwd11/img001-ex.jpg,*,hwd11/img001-ex.jpg,,,,,,,,,,,,,,,,,,,,,,,0,1,en_au_ex_214,,1,,59450,59450,,5,,,,,,,,,,,,,,,,,"23,30","NEW extension,Extension au KDDI HWD11"
1668,12433,747,596,No,215,2,カート用延長フラグ,Extension au KDDI HWD11,1,,,,,,,,*,hwd11/img001-ex.jpg,*,hwd11/img001-ex.jpg,,,,,,,,,,,,,,,,,,,,,,,0,1,en_au_ex_215,,1,,60100,60100,,5,,,,,,,,,,,,,,,,,"23,30","NEW extension,Extension au KDDI HWD11"
1668,12435,747,597,No,216,2,カート用延長フラグ,Extension au KDDI HWD11,1,,,,,,,,*,hwd11/img001-ex.jpg,*,hwd11/img001-ex.jpg,,,,,,,,,,,,,,,,,,,,,,,0,1,en_au_ex_216,,1,,60750,60750,,5,,,,,,,,,,,,,,,,,"23,30","NEW extension,Extension au KDDI HWD11"
1668,12437,747,598,No,217,2,カート用延長フラグ,Extension au KDDI HWD11,1,,,,,,,,*,hwd11/img001-ex.jpg,*,hwd11/img001-ex.jpg,,,,,,,,,,,,,,,,,,,,,,,0,1,en_au_ex_217,,1,,61400,61400,,5,,,,,,,,,,,,,,,,,"23,30","NEW extension,Extension au KDDI HWD11"
1668,12439,747,599,No,218,2,カート用延長フラグ,Extension au KDDI HWD11,1,,,,,,,,*,hwd11/img001-ex.jpg,*,hwd11/img001-ex.jpg,,,,,,,,,,,,,,,,,,,,,,,0,1,en_au_ex_218,,1,,62050,62050,,5,,,,,,,,,,,,,,,,,"23,30","NEW extension,Extension au KDDI HWD11"
1668,12441,747,600,No,219,2,カート用延長フラグ,Extension au KDDI HWD11,1,,,,,,,,*,hwd11/img001-ex.jpg,*,hwd11/img001-ex.jpg,,,,,,,,,,,,,,,,,,,,,,,0,1,en_au_ex_219,,1,,62700,62700,,5,,,,,,,,,,,,,,,,,"23,30","NEW extension,Extension au KDDI HWD11"
1668,12443,747,601,No,220,2,カート用延長フラグ,Extension au KDDI HWD11,1,,,,,,,,*,hwd11/img001-ex.jpg,*,hwd11/img001-ex.jpg,,,,,,,,,,,,,,,,,,,,,,,0,1,en_au_ex_220,,1,,63350,63350,,5,,,,,,,,,,,,,,,,,"23,30","NEW extension,Extension au KDDI HWD11"
1668,12445,747,602,No,221,2,カート用延長フラグ,Extension au KDDI HWD11,1,,,,,,,,*,hwd11/img001-ex.jpg,*,hwd11/img001-ex.jpg,,,,,,,,,,,,,,,,,,,,,,,0,1,en_au_ex_221,,1,,64000,64000,,5,,,,,,,,,,,,,,,,,"23,30","NEW extension,Extension au KDDI HWD11"
1668,12447,747,603,No,222,2,カート用延長フラグ,Extension au KDDI HWD11,1,,,,,,,,*,hwd11/img001-ex.jpg,*,hwd11/img001-ex.jpg,,,,,,,,,,,,,,,,,,,,,,,0,1,en_au_ex_222,,1,,64650,64650,,5,,,,,,,,,,,,,,,,,"23,30","NEW extension,Extension au KDDI HWD11"
1668,12449,747,604,No,223,2,カート用延長フラグ,Extension au KDDI HWD11,1,,,,,,,,*,hwd11/img001-ex.jpg,*,hwd11/img001-ex.jpg,,,,,,,,,,,,,,,,,,,,,,,0,1,en_au_ex_223,,1,,65300,65300,,5,,,,,,,,,,,,,,,,,"23,30","NEW extension,Extension au KDDI HWD11"
1668,12451,747,605,No,224,2,カート用延長フラグ,Extension au KDDI HWD11,1,,,,,,,,*,hwd11/img001-ex.jpg,*,hwd11/img001-ex.jpg,,,,,,,,,,,,,,,,,,,,,,,0,1,en_au_ex_242,,1,,65700,65700,,5,,,,,,,,,,,,,,,,,"23,30","NEW extension,Extension au KDDI HWD11"
1668,12453,747,606,No,225,2,カート用延長フラグ,Extension au KDDI HWD11,1,,,,,,,,*,hwd11/img001-ex.jpg,*,hwd11/img001-ex.jpg,,,,,,,,,,,,,,,,,,,,,,,0,1,en_au_ex_242,,1,,65700,65700,,5,,,,,,,,,,,,,,,,,"23,30","NEW extension,Extension au KDDI HWD11"
1668,12455,747,607,No,226,2,カート用延長フラグ,Extension au KDDI HWD11,1,,,,,,,,*,hwd11/img001-ex.jpg,*,hwd11/img001-ex.jpg,,,,,,,,,,,,,,,,,,,,,,,0,1,en_au_ex_242,,1,,65700,65700,,5,,,,,,,,,,,,,,,,,"23,30","NEW extension,Extension au KDDI HWD11"
1668,12457,747,608,No,227,2,カート用延長フラグ,Extension au KDDI HWD11,1,,,,,,,,*,hwd11/img001-ex.jpg,*,hwd11/img001-ex.jpg,,,,,,,,,,,,,,,,,,,,,,,0,1,en_au_ex_242,,1,,65700,65700,,5,,,,,,,,,,,,,,,,,"23,30","NEW extension,Extension au KDDI HWD11"
1668,12459,747,609,No,228,2,カート用延長フラグ,Extension au KDDI HWD11,1,,,,,,,,*,hwd11/img001-ex.jpg,*,hwd11/img001-ex.jpg,,,,,,,,,,,,,,,,,,,,,,,0,1,en_au_ex_242,,1,,65700,65700,,5,,,,,,,,,,,,,,,,,"23,30","NEW extension,Extension au KDDI HWD11"
1668,12461,747,610,No,229,2,カート用延長フラグ,Extension au KDDI HWD11,1,,,,,,,,*,hwd11/img001-ex.jpg,*,hwd11/img001-ex.jpg,,,,,,,,,,,,,,,,,,,,,,,0,1,en_au_ex_242,,1,,65700,65700,,5,,,,,,,,,,,,,,,,,"23,30","NEW extension,Extension au KDDI HWD11"
1668,12463,747,611,No,230,2,カート用延長フラグ,Extension au KDDI HWD11,1,,,,,,,,*,hwd11/img001-ex.jpg,*,hwd11/img001-ex.jpg,,,,,,,,,,,,,,,,,,,,,,,0,1,en_au_ex_242,,1,,65700,65700,,5,,,,,,,,,,,,,,,,,"23,30","NEW extension,Extension au KDDI HWD11"
1668,12465,747,612,No,231,2,カート用延長フラグ,Extension au KDDI HWD11,1,,,,,,,,*,hwd11/img001-ex.jpg,*,hwd11/img001-ex.jpg,,,,,,,,,,,,,,,,,,,,,,,0,1,en_au_ex_242,,1,,65700,65700,,5,,,,,,,,,,,,,,,,,"23,30","NEW extension,Extension au KDDI HWD11"
1668,12467,747,613,No,232,2,カート用延長フラグ,Extension au KDDI HWD11,1,,,,,,,,*,hwd11/img001-ex.jpg,*,hwd11/img001-ex.jpg,,,,,,,,,,,,,,,,,,,,,,,0,1,en_au_ex_242,,1,,65700,65700,,5,,,,,,,,,,,,,,,,,"23,30","NEW extension,Extension au KDDI HWD11"
1668,12469,747,614,No,233,2,カート用延長フラグ,Extension au KDDI HWD11,1,,,,,,,,*,hwd11/img001-ex.jpg,*,hwd11/img001-ex.jpg,,,,,,,,,,,,,,,,,,,,,,,0,1,en_au_ex_242,,1,,65700,65700,,5,,,,,,,,,,,,,,,,,"23,30","NEW extension,Extension au KDDI HWD11"
1668,12471,747,615,No,234,2,カート用延長フラグ,Extension au KDDI HWD11,1,,,,,,,,*,hwd11/img001-ex.jpg,*,hwd11/img001-ex.jpg,,,,,,,,,,,,,,,,,,,,,,,0,1,en_au_ex_242,,1,,65700,65700,,5,,,,,,,,,,,,,,,,,"23,30","NEW extension,Extension au KDDI HWD11"
1668,12473,747,616,No,235,2,カート用延長フラグ,Extension au KDDI HWD11,1,,,,,,,,*,hwd11/img001-ex.jpg,*,hwd11/img001-ex.jpg,,,,,,,,,,,,,,,,,,,,,,,0,1,en_au_ex_242,,1,,65700,65700,,5,,,,,,,,,,,,,,,,,"23,30","NEW extension,Extension au KDDI HWD11"
1668,12475,747,617,No,236,2,カート用延長フラグ,Extension au KDDI HWD11,1,,,,,,,,*,hwd11/img001-ex.jpg,*,hwd11/img001-ex.jpg,,,,,,,,,,,,,,,,,,,,,,,0,1,en_au_ex_242,,1,,65700,65700,,5,,,,,,,,,,,,,,,,,"23,30","NEW extension,Extension au KDDI HWD11"
1668,12477,747,618,No,237,2,カート用延長フラグ,Extension au KDDI HWD11,1,,,,,,,,*,hwd11/img001-ex.jpg,*,hwd11/img001-ex.jpg,,,,,,,,,,,,,,,,,,,,,,,0,1,en_au_ex_242,,1,,65700,65700,,5,,,,,,,,,,,,,,,,,"23,30","NEW extension,Extension au KDDI HWD11"
1668,12479,747,619,No,238,2,カート用延長フラグ,Extension au KDDI HWD11,1,,,,,,,,*,hwd11/img001-ex.jpg,*,hwd11/img001-ex.jpg,,,,,,,,,,,,,,,,,,,,,,,0,1,en_au_ex_242,,1,,65700,65700,,5,,,,,,,,,,,,,,,,,"23,30","NEW extension,Extension au KDDI HWD11"
1668,12481,747,620,No,239,2,カート用延長フラグ,Extension au KDDI HWD11,1,,,,,,,,*,hwd11/img001-ex.jpg,*,hwd11/img001-ex.jpg,,,,,,,,,,,,,,,,,,,,,,,0,1,en_au_ex_242,,1,,65700,65700,,5,,,,,,,,,,,,,,,,,"23,30","NEW extension,Extension au KDDI HWD11"
1668,12483,747,621,No,240,2,カート用延長フラグ,Extension au KDDI HWD11,1,,,,,,,,*,hwd11/img001-ex.jpg,*,hwd11/img001-ex.jpg,,,,,,,,,,,,,,,,,,,,,,,0,1,en_au_ex_242,,1,,65700,65700,,5,,,,,,,,,,,,,,,,,"23,30","NEW extension,Extension au KDDI HWD11"
1668,12485,747,622,No,241,2,カート用延長フラグ,Extension au KDDI HWD11,1,,,,,,,,*,hwd11/img001-ex.jpg,*,hwd11/img001-ex.jpg,,,,,,,,,,,,,,,,,,,,,,,0,1,en_au_ex_242,,1,,65700,65700,,5,,,,,,,,,,,,,,,,,"23,30","NEW extension,Extension au KDDI HWD11"
1668,12487,747,623,No,242,2,カート用延長フラグ,Extension au KDDI HWD11,1,,,,,,,,*,hwd11/img001-ex.jpg,*,hwd11/img001-ex.jpg,,,,,,,,,,,,,,,,,,,,,,,0,1,en_au_ex_242,,1,,65700,65700,,5,,,,,,,,,,,,,,,,,"23,30","NEW extension,Extension au KDDI HWD11"
1668,12489,747,624,No,243,2,カート用延長フラグ,Extension au KDDI HWD11,1,,,,,,,,*,hwd11/img001-ex.jpg,*,hwd11/img001-ex.jpg,,,,,,,,,,,,,,,,,,,,,,,0,1,en_au_ex_243,,1,,66350,66350,,5,,,,,,,,,,,,,,,,,"23,30","NEW extension,Extension au KDDI HWD11"
1668,12491,747,625,No,244,2,カート用延長フラグ,Extension au KDDI HWD11,1,,,,,,,,*,hwd11/img001-ex.jpg,*,hwd11/img001-ex.jpg,,,,,,,,,,,,,,,,,,,,,,,0,1,en_au_ex_245,,1,,67650,67650,,5,,,,,,,,,,,,,,,,,"23,30","NEW extension,Extension au KDDI HWD11"
1668,12493,747,626,No,245,2,カート用延長フラグ,Extension au KDDI HWD11,1,,,,,,,,*,hwd11/img001-ex.jpg,*,hwd11/img001-ex.jpg,,,,,,,,,,,,,,,,,,,,,,,0,1,en_au_ex_246,,1,,68300,68300,,5,,,,,,,,,,,,,,,,,"23,30","NEW extension,Extension au KDDI HWD11"
1668,12495,747,627,No,246,2,カート用延長フラグ,Extension au KDDI HWD11,1,,,,,,,,*,hwd11/img001-ex.jpg,*,hwd11/img001-ex.jpg,,,,,,,,,,,,,,,,,,,,,,,0,1,en_au_ex_244,,1,,67000,67000,,5,,,,,,,,,,,,,,,,,"23,30","NEW extension,Extension au KDDI HWD11"
1668,12497,747,628,No,247,2,カート用延長フラグ,Extension au KDDI HWD11,1,,,,,,,,*,hwd11/img001-ex.jpg,*,hwd11/img001-ex.jpg,,,,,,,,,,,,,,,,,,,,,,,0,1,en_au_ex_247,,1,,68950,68950,,5,,,,,,,,,,,,,,,,,"23,30","NEW extension,Extension au KDDI HWD11"
1668,12499,747,629,No,248,2,カート用延長フラグ,Extension au KDDI HWD11,1,,,,,,,,*,hwd11/img001-ex.jpg,*,hwd11/img001-ex.jpg,,,,,,,,,,,,,,,,,,,,,,,0,1,en_au_ex_248,,1,,69600,69600,,5,,,,,,,,,,,,,,,,,"23,30","NEW extension,Extension au KDDI HWD11"
1668,12501,747,630,No,249,2,カート用延長フラグ,Extension au KDDI HWD11,1,,,,,,,,*,hwd11/img001-ex.jpg,*,hwd11/img001-ex.jpg,,,,,,,,,,,,,,,,,,,,,,,0,1,en_au_ex_249,,1,,70250,70250,,5,,,,,,,,,,,,,,,,,"23,30","NEW extension,Extension au KDDI HWD11"
1668,12503,747,631,No,250,2,カート用延長フラグ,Extension au KDDI HWD11,1,,,,,,,,*,hwd11/img001-ex.jpg,*,hwd11/img001-ex.jpg,,,,,,,,,,,,,,,,,,,,,,,0,1,en_au_ex_250,,1,,70900,70900,,5,,,,,,,,,,,,,,,,,"23,30","NEW extension,Extension au KDDI HWD11"
1668,12505,747,632,No,251,2,カート用延長フラグ,Extension au KDDI HWD11,1,,,,,,,,*,hwd11/img001-ex.jpg,*,hwd11/img001-ex.jpg,,,,,,,,,,,,,,,,,,,,,,,0,1,en_au_ex_251,,1,,71550,71550,,5,,,,,,,,,,,,,,,,,"23,30","NEW extension,Extension au KDDI HWD11"
1668,12507,747,633,No,252,2,カート用延長フラグ,Extension au KDDI HWD11,1,,,,,,,,*,hwd11/img001-ex.jpg,*,hwd11/img001-ex.jpg,,,,,,,,,,,,,,,,,,,,,,,0,1,en_au_ex_252,,1,,72200,72200,,5,,,,,,,,,,,,,,,,,"23,30","NEW extension,Extension au KDDI HWD11"
1668,12509,747,634,No,253,2,カート用延長フラグ,Extension au KDDI HWD11,1,,,,,,,,*,hwd11/img001-ex.jpg,*,hwd11/img001-ex.jpg,,,,,,,,,,,,,,,,,,,,,,,0,1,en_au_ex_272,,1,,72600,72600,,5,,,,,,,,,,,,,,,,,"23,30","NEW extension,Extension au KDDI HWD11"
1668,12511,747,635,No,254,2,カート用延長フラグ,Extension au KDDI HWD11,1,,,,,,,,*,hwd11/img001-ex.jpg,*,hwd11/img001-ex.jpg,,,,,,,,,,,,,,,,,,,,,,,0,1,en_au_ex_272,,1,,72600,72600,,5,,,,,,,,,,,,,,,,,"23,30","NEW extension,Extension au KDDI HWD11"
1668,12513,747,636,No,255,2,カート用延長フラグ,Extension au KDDI HWD11,1,,,,,,,,*,hwd11/img001-ex.jpg,*,hwd11/img001-ex.jpg,,,,,,,,,,,,,,,,,,,,,,,0,1,en_au_ex_272,,1,,72600,72600,,5,,,,,,,,,,,,,,,,,"23,30","NEW extension,Extension au KDDI HWD11"
1668,12515,747,637,No,256,2,カート用延長フラグ,Extension au KDDI HWD11,1,,,,,,,,*,hwd11/img001-ex.jpg,*,hwd11/img001-ex.jpg,,,,,,,,,,,,,,,,,,,,,,,0,1,en_au_ex_272,,1,,72600,72600,,5,,,,,,,,,,,,,,,,,"23,30","NEW extension,Extension au KDDI HWD11"
1668,12517,747,638,No,257,2,カート用延長フラグ,Extension au KDDI HWD11,1,,,,,,,,*,hwd11/img001-ex.jpg,*,hwd11/img001-ex.jpg,,,,,,,,,,,,,,,,,,,,,,,0,1,en_au_ex_272,,1,,72600,72600,,5,,,,,,,,,,,,,,,,,"23,30","NEW extension,Extension au KDDI HWD11"
1668,12519,747,639,No,258,2,カート用延長フラグ,Extension au KDDI HWD11,1,,,,,,,,*,hwd11/img001-ex.jpg,*,hwd11/img001-ex.jpg,,,,,,,,,,,,,,,,,,,,,,,0,1,en_au_ex_272,,1,,72600,72600,,5,,,,,,,,,,,,,,,,,"23,30","NEW extension,Extension au KDDI HWD11"
1668,12521,747,640,No,259,2,カート用延長フラグ,Extension au KDDI HWD11,1,,,,,,,,*,hwd11/img001-ex.jpg,*,hwd11/img001-ex.jpg,,,,,,,,,,,,,,,,,,,,,,,0,1,en_au_ex_272,,1,,72600,72600,,5,,,,,,,,,,,,,,,,,"23,30","NEW extension,Extension au KDDI HWD11"
1668,12523,747,641,No,260,2,カート用延長フラグ,Extension au KDDI HWD11,1,,,,,,,,*,hwd11/img001-ex.jpg,*,hwd11/img001-ex.jpg,,,,,,,,,,,,,,,,,,,,,,,0,1,en_au_ex_272,,1,,72600,72600,,5,,,,,,,,,,,,,,,,,"23,30","NEW extension,Extension au KDDI HWD11"
1668,12525,747,642,No,261,2,カート用延長フラグ,Extension au KDDI HWD11,1,,,,,,,,*,hwd11/img001-ex.jpg,*,hwd11/img001-ex.jpg,,,,,,,,,,,,,,,,,,,,,,,0,1,en_au_ex_272,,1,,72600,72600,,5,,,,,,,,,,,,,,,,,"23,30","NEW extension,Extension au KDDI HWD11"
1668,12527,747,643,No,262,2,カート用延長フラグ,Extension au KDDI HWD11,1,,,,,,,,*,hwd11/img001-ex.jpg,*,hwd11/img001-ex.jpg,,,,,,,,,,,,,,,,,,,,,,,0,1,en_au_ex_272,,1,,72600,72600,,5,,,,,,,,,,,,,,,,,"23,30","NEW extension,Extension au KDDI HWD11"
1668,12529,747,644,No,263,2,カート用延長フラグ,Extension au KDDI HWD11,1,,,,,,,,*,hwd11/img001-ex.jpg,*,hwd11/img001-ex.jpg,,,,,,,,,,,,,,,,,,,,,,,0,1,en_au_ex_272,,1,,72600,72600,,5,,,,,,,,,,,,,,,,,"23,30","NEW extension,Extension au KDDI HWD11"
1668,12531,747,645,No,264,2,カート用延長フラグ,Extension au KDDI HWD11,1,,,,,,,,*,hwd11/img001-ex.jpg,*,hwd11/img001-ex.jpg,,,,,,,,,,,,,,,,,,,,,,,0,1,en_au_ex_272,,1,,72600,72600,,5,,,,,,,,,,,,,,,,,"23,30","NEW extension,Extension au KDDI HWD11"
1668,12533,747,646,No,265,2,カート用延長フラグ,Extension au KDDI HWD11,1,,,,,,,,*,hwd11/img001-ex.jpg,*,hwd11/img001-ex.jpg,,,,,,,,,,,,,,,,,,,,,,,0,1,en_au_ex_272,,1,,72600,72600,,5,,,,,,,,,,,,,,,,,"23,30","NEW extension,Extension au KDDI HWD11"
1668,12535,747,647,No,266,2,カート用延長フラグ,Extension au KDDI HWD11,1,,,,,,,,*,hwd11/img001-ex.jpg,*,hwd11/img001-ex.jpg,,,,,,,,,,,,,,,,,,,,,,,0,1,en_au_ex_272,,1,,72600,72600,,5,,,,,,,,,,,,,,,,,"23,30","NEW extension,Extension au KDDI HWD11"
1668,12537,747,648,No,267,2,カート用延長フラグ,Extension au KDDI HWD11,1,,,,,,,,*,hwd11/img001-ex.jpg,*,hwd11/img001-ex.jpg,,,,,,,,,,,,,,,,,,,,,,,0,1,en_au_ex_272,,1,,72600,72600,,5,,,,,,,,,,,,,,,,,"23,30","NEW extension,Extension au KDDI HWD11"
1668,12539,747,649,No,268,2,カート用延長フラグ,Extension au KDDI HWD11,1,,,,,,,,*,hwd11/img001-ex.jpg,*,hwd11/img001-ex.jpg,,,,,,,,,,,,,,,,,,,,,,,0,1,en_au_ex_272,,1,,72600,72600,,5,,,,,,,,,,,,,,,,,"23,30","NEW extension,Extension au KDDI HWD11"
1668,12541,747,650,No,269,2,カート用延長フラグ,Extension au KDDI HWD11,1,,,,,,,,*,hwd11/img001-ex.jpg,*,hwd11/img001-ex.jpg,,,,,,,,,,,,,,,,,,,,,,,0,1,en_au_ex_272,,1,,72600,72600,,5,,,,,,,,,,,,,,,,,"23,30","NEW extension,Extension au KDDI HWD11"
1668,12543,747,651,No,270,2,カート用延長フラグ,Extension au KDDI HWD11,1,,,,,,,,*,hwd11/img001-ex.jpg,*,hwd11/img001-ex.jpg,,,,,,,,,,,,,,,,,,,,,,,0,1,en_au_ex_272,,1,,72600,72600,,5,,,,,,,,,,,,,,,,,"23,30","NEW extension,Extension au KDDI HWD11"
1668,12545,747,652,No,271,2,カート用延長フラグ,Extension au KDDI HWD11,1,,,,,,,,*,hwd11/img001-ex.jpg,*,hwd11/img001-ex.jpg,,,,,,,,,,,,,,,,,,,,,,,0,1,en_au_ex_272,,1,,72600,72600,,5,,,,,,,,,,,,,,,,,"23,30","NEW extension,Extension au KDDI HWD11"
1668,12547,747,653,No,272,2,カート用延長フラグ,Extension au KDDI HWD11,1,,,,,,,,*,hwd11/img001-ex.jpg,*,hwd11/img001-ex.jpg,,,,,,,,,,,,,,,,,,,,,,,0,1,en_au_ex_272,,1,,72600,72600,,5,,,,,,,,,,,,,,,,,"23,30","NEW extension,Extension au KDDI HWD11"
1668,12549,747,654,No,273,2,カート用延長フラグ,Extension au KDDI HWD11,1,,,,,,,,*,hwd11/img001-ex.jpg,*,hwd11/img001-ex.jpg,,,,,,,,,,,,,,,,,,,,,,,0,1,en_au_ex_273,,1,,73250,73250,,5,,,,,,,,,,,,,,,,,"23,30","NEW extension,Extension au KDDI HWD11"
1668,12551,747,655,No,274,2,カート用延長フラグ,Extension au KDDI HWD11,1,,,,,,,,*,hwd11/img001-ex.jpg,*,hwd11/img001-ex.jpg,,,,,,,,,,,,,,,,,,,,,,,0,1,en_au_ex_274,,1,,73900,73900,,5,,,,,,,,,,,,,,,,,"23,30","NEW extension,Extension au KDDI HWD11"
1668,12553,747,656,No,275,2,カート用延長フラグ,Extension au KDDI HWD11,1,,,,,,,,*,hwd11/img001-ex.jpg,*,hwd11/img001-ex.jpg,,,,,,,,,,,,,,,,,,,,,,,0,1,en_au_ex_275,,1,,74550,74550,,5,,,,,,,,,,,,,,,,,"23,30","NEW extension,Extension au KDDI HWD11"
1668,12555,747,657,No,276,2,カート用延長フラグ,Extension au KDDI HWD11,1,,,,,,,,*,hwd11/img001-ex.jpg,*,hwd11/img001-ex.jpg,,,,,,,,,,,,,,,,,,,,,,,0,1,en_au_ex_276,,1,,75200,75200,,5,,,,,,,,,,,,,,,,,"23,30","NEW extension,Extension au KDDI HWD11"
1668,12557,747,658,No,277,2,カート用延長フラグ,Extension au KDDI HWD11,1,,,,,,,,*,hwd11/img001-ex.jpg,*,hwd11/img001-ex.jpg,,,,,,,,,,,,,,,,,,,,,,,0,1,en_au_ex_277,,1,,75850,75850,,5,,,,,,,,,,,,,,,,,"23,30","NEW extension,Extension au KDDI HWD11"
1668,12559,747,659,No,278,2,カート用延長フラグ,Extension au KDDI HWD11,1,,,,,,,,*,hwd11/img001-ex.jpg,*,hwd11/img001-ex.jpg,,,,,,,,,,,,,,,,,,,,,,,0,1,en_au_ex_278,,1,,76500,76500,,5,,,,,,,,,,,,,,,,,"23,30","NEW extension,Extension au KDDI HWD11"
1668,12561,747,660,No,279,2,カート用延長フラグ,Extension au KDDI HWD11,1,,,,,,,,*,hwd11/img001-ex.jpg,*,hwd11/img001-ex.jpg,,,,,,,,,,,,,,,,,,,,,,,0,1,en_au_ex_279,,1,,77150,77150,,5,,,,,,,,,,,,,,,,,"23,30","NEW extension,Extension au KDDI HWD11"
1668,12563,747,661,No,280,2,カート用延長フラグ,Extension au KDDI HWD11,1,,,,,,,,*,hwd11/img001-ex.jpg,*,hwd11/img001-ex.jpg,,,,,,,,,,,,,,,,,,,,,,,0,1,en_au_ex_280,,1,,77800,77800,,5,,,,,,,,,,,,,,,,,"23,30","NEW extension,Extension au KDDI HWD11"
1668,12565,747,662,No,281,2,カート用延長フラグ,Extension au KDDI HWD11,1,,,,,,,,*,hwd11/img001-ex.jpg,*,hwd11/img001-ex.jpg,,,,,,,,,,,,,,,,,,,,,,,0,1,en_au_ex_281,,1,,78450,78450,,5,,,,,,,,,,,,,,,,,"23,30","NEW extension,Extension au KDDI HWD11"
1668,12567,747,663,No,282,2,カート用延長フラグ,Extension au KDDI HWD11,1,,,,,,,,*,hwd11/img001-ex.jpg,*,hwd11/img001-ex.jpg,,,,,,,,,,,,,,,,,,,,,,,0,1,en_au_ex_282,,1,,79100,79100,,5,,,,,,,,,,,,,,,,,"23,30","NEW extension,Extension au KDDI HWD11"
1668,12569,747,664,No,283,2,カート用延長フラグ,Extension au KDDI HWD11,1,,,,,,,,*,hwd11/img001-ex.jpg,*,hwd11/img001-ex.jpg,,,,,,,,,,,,,,,,,,,,,,,0,1,en_au_ex_283,,1,,79750,79750,,5,,,,,,,,,,,,,,,,,"23,30","NEW extension,Extension au KDDI HWD11"
1668,12571,747,665,No,284,2,カート用延長フラグ,Extension au KDDI HWD11,1,,,,,,,,*,hwd11/img001-ex.jpg,*,hwd11/img001-ex.jpg,,,,,,,,,,,,,,,,,,,,,,,0,1,en_au_ex_284,,1,,80400,80400,,5,,,,,,,,,,,,,,,,,"23,30","NEW extension,Extension au KDDI HWD11"
1668,12573,747,666,No,285,2,カート用延長フラグ,Extension au KDDI HWD11,1,,,,,,,,*,hwd11/img001-ex.jpg,*,hwd11/img001-ex.jpg,,,,,,,,,,,,,,,,,,,,,,,0,1,en_au_ex_285,,1,,81050,81050,,5,,,,,,,,,,,,,,,,,"23,30","NEW extension,Extension au KDDI HWD11"
1668,12575,747,667,No,286,2,カート用延長フラグ,Extension au KDDI HWD11,1,,,,,,,,*,hwd11/img001-ex.jpg,*,hwd11/img001-ex.jpg,,,,,,,,,,,,,,,,,,,,,,,0,1,en_au_ex_286,,1,,81700,81700,,5,,,,,,,,,,,,,,,,,"23,30","NEW extension,Extension au KDDI HWD11"
1668,12577,747,668,No,287,2,カート用延長フラグ,Extension au KDDI HWD11,1,,,,,,,,*,hwd11/img001-ex.jpg,*,hwd11/img001-ex.jpg,,,,,,,,,,,,,,,,,,,,,,,0,1,en_au_ex_303,,1,,82350,82350,,5,,,,,,,,,,,,,,,,,"23,30","NEW extension,Extension au KDDI HWD11"
1668,12579,747,669,No,288,2,カート用延長フラグ,Extension au KDDI HWD11,1,,,,,,,,*,hwd11/img001-ex.jpg,*,hwd11/img001-ex.jpg,,,,,,,,,,,,,,,,,,,,,,,0,1,en_au_ex_303,,1,,82350,82350,,5,,,,,,,,,,,,,,,,,"23,30","NEW extension,Extension au KDDI HWD11"
1668,12581,747,670,No,289,2,カート用延長フラグ,Extension au KDDI HWD11,1,,,,,,,,*,hwd11/img001-ex.jpg,*,hwd11/img001-ex.jpg,,,,,,,,,,,,,,,,,,,,,,,0,1,en_au_ex_303,,1,,82350,82350,,5,,,,,,,,,,,,,,,,,"23,30","NEW extension,Extension au KDDI HWD11"
1668,12583,747,671,No,290,2,カート用延長フラグ,Extension au KDDI HWD11,1,,,,,,,,*,hwd11/img001-ex.jpg,*,hwd11/img001-ex.jpg,,,,,,,,,,,,,,,,,,,,,,,0,1,en_au_ex_303,,1,,82350,82350,,5,,,,,,,,,,,,,,,,,"23,30","NEW extension,Extension au KDDI HWD11"
1668,12585,747,672,No,291,2,カート用延長フラグ,Extension au KDDI HWD11,1,,,,,,,,*,hwd11/img001-ex.jpg,*,hwd11/img001-ex.jpg,,,,,,,,,,,,,,,,,,,,,,,0,1,en_au_ex_303,,1,,82350,82350,,5,,,,,,,,,,,,,,,,,"23,30","NEW extension,Extension au KDDI HWD11"
1668,12587,747,673,No,292,2,カート用延長フラグ,Extension au KDDI HWD11,1,,,,,,,,*,hwd11/img001-ex.jpg,*,hwd11/img001-ex.jpg,,,,,,,,,,,,,,,,,,,,,,,0,1,en_au_ex_303,,1,,82350,82350,,5,,,,,,,,,,,,,,,,,"23,30","NEW extension,Extension au KDDI HWD11"
1668,12589,747,674,No,293,2,カート用延長フラグ,Extension au KDDI HWD11,1,,,,,,,,*,hwd11/img001-ex.jpg,*,hwd11/img001-ex.jpg,,,,,,,,,,,,,,,,,,,,,,,0,1,en_au_ex_303,,1,,82350,82350,,5,,,,,,,,,,,,,,,,,"23,30","NEW extension,Extension au KDDI HWD11"
1668,12591,747,675,No,294,2,カート用延長フラグ,Extension au KDDI HWD11,1,,,,,,,,*,hwd11/img001-ex.jpg,*,hwd11/img001-ex.jpg,,,,,,,,,,,,,,,,,,,,,,,0,1,en_au_ex_303,,1,,82350,82350,,5,,,,,,,,,,,,,,,,,"23,30","NEW extension,Extension au KDDI HWD11"
1668,12593,747,676,No,295,2,カート用延長フラグ,Extension au KDDI HWD11,1,,,,,,,,*,hwd11/img001-ex.jpg,*,hwd11/img001-ex.jpg,,,,,,,,,,,,,,,,,,,,,,,0,1,en_au_ex_303,,1,,82350,82350,,5,,,,,,,,,,,,,,,,,"23,30","NEW extension,Extension au KDDI HWD11"
1668,12595,747,677,No,296,2,カート用延長フラグ,Extension au KDDI HWD11,1,,,,,,,,*,hwd11/img001-ex.jpg,*,hwd11/img001-ex.jpg,,,,,,,,,,,,,,,,,,,,,,,0,1,en_au_ex_303,,1,,82350,82350,,5,,,,,,,,,,,,,,,,,"23,30","NEW extension,Extension au KDDI HWD11"
1668,12597,747,678,No,297,2,カート用延長フラグ,Extension au KDDI HWD11,1,,,,,,,,*,hwd11/img001-ex.jpg,*,hwd11/img001-ex.jpg,,,,,,,,,,,,,,,,,,,,,,,0,1,en_au_ex_303,,1,,82350,82350,,5,,,,,,,,,,,,,,,,,"23,30","NEW extension,Extension au KDDI HWD11"
1668,12599,747,679,No,298,2,カート用延長フラグ,Extension au KDDI HWD11,1,,,,,,,,*,hwd11/img001-ex.jpg,*,hwd11/img001-ex.jpg,,,,,,,,,,,,,,,,,,,,,,,0,1,en_au_ex_303,,1,,82350,82350,,5,,,,,,,,,,,,,,,,,"23,30","NEW extension,Extension au KDDI HWD11"
1668,12601,747,680,No,299,2,カート用延長フラグ,Extension au KDDI HWD11,1,,,,,,,,*,hwd11/img001-ex.jpg,*,hwd11/img001-ex.jpg,,,,,,,,,,,,,,,,,,,,,,,0,1,en_au_ex_303,,1,,82350,82350,,5,,,,,,,,,,,,,,,,,"23,30","NEW extension,Extension au KDDI HWD11"
1668,12603,747,681,No,300,2,カート用延長フラグ,Extension au KDDI HWD11,1,,,,,,,,*,hwd11/img001-ex.jpg,*,hwd11/img001-ex.jpg,,,,,,,,,,,,,,,,,,,,,,,0,1,en_au_ex_303,,1,,82350,82350,,5,,,,,,,,,,,,,,,,,"23,30","NEW extension,Extension au KDDI HWD11"
1668,12605,747,682,No,301,2,カート用延長フラグ,Extension au KDDI HWD11,1,,,,,,,,*,hwd11/img001-ex.jpg,*,hwd11/img001-ex.jpg,,,,,,,,,,,,,,,,,,,,,,,0,1,en_au_ex_303,,1,,82350,82350,,5,,,,,,,,,,,,,,,,,"23,30","NEW extension,Extension au KDDI HWD11"
1668,12607,747,683,No,302,2,カート用延長フラグ,Extension au KDDI HWD11,1,,,,,,,,*,hwd11/img001-ex.jpg,*,hwd11/img001-ex.jpg,,,,,,,,,,,,,,,,,,,,,,,0,1,en_au_ex_303,,1,,82350,82350,,5,,,,,,,,,,,,,,,,,"23,30","NEW extension,Extension au KDDI HWD11"
1668,12609,747,684,No,303,2,カート用延長フラグ,Extension au KDDI HWD11,1,,,,,,,,*,hwd11/img001-ex.jpg,*,hwd11/img001-ex.jpg,,,,,,,,,,,,,,,,,,,,,,,0,1,en_au_ex_303,,1,,82350,82350,,5,,,,,,,,,,,,,,,,,"23,30","NEW extension,Extension au KDDI HWD11"
1668,12611,747,685,No,304,2,カート用延長フラグ,Extension au KDDI HWD11,1,,,,,,,,*,hwd11/img001-ex.jpg,*,hwd11/img001-ex.jpg,,,,,,,,,,,,,,,,,,,,,,,0,1,en_au_ex_304,,1,,83000,83000,,5,,,,,,,,,,,,,,,,,"23,30","NEW extension,Extension au KDDI HWD11"
1668,12613,747,686,No,305,2,カート用延長フラグ,Extension au KDDI HWD11,1,,,,,,,,*,hwd11/img001-ex.jpg,*,hwd11/img001-ex.jpg,,,,,,,,,,,,,,,,,,,,,,,0,1,en_au_ex_305,,1,,83650,83650,,5,,,,,,,,,,,,,,,,,"23,30","NEW extension,Extension au KDDI HWD11"
1668,12615,747,687,No,306,2,カート用延長フラグ,Extension au KDDI HWD11,1,,,,,,,,*,hwd11/img001-ex.jpg,*,hwd11/img001-ex.jpg,,,,,,,,,,,,,,,,,,,,,,,0,1,en_au_ex_306,,1,,84300,84300,,5,,,,,,,,,,,,,,,,,"23,30","NEW extension,Extension au KDDI HWD11"
1668,12617,747,688,No,307,2,カート用延長フラグ,Extension au KDDI HWD11,1,,,,,,,,*,hwd11/img001-ex.jpg,*,hwd11/img001-ex.jpg,,,,,,,,,,,,,,,,,,,,,,,0,1,en_au_ex_307,,1,,84950,84950,,5,,,,,,,,,,,,,,,,,"23,30","NEW extension,Extension au KDDI HWD11"
1668,12619,747,689,No,308,2,カート用延長フラグ,Extension au KDDI HWD11,1,,,,,,,,*,hwd11/img001-ex.jpg,*,hwd11/img001-ex.jpg,,,,,,,,,,,,,,,,,,,,,,,0,1,en_au_ex_308,,1,,85600,85600,,5,,,,,,,,,,,,,,,,,"23,30","NEW extension,Extension au KDDI HWD11"
1668,12621,747,690,No,309,2,カート用延長フラグ,Extension au KDDI HWD11,1,,,,,,,,*,hwd11/img001-ex.jpg,*,hwd11/img001-ex.jpg,,,,,,,,,,,,,,,,,,,,,,,0,1,en_au_ex_309,,1,,86250,86250,,5,,,,,,,,,,,,,,,,,"23,30","NEW extension,Extension au KDDI HWD11"
1668,12623,747,691,No,310,2,カート用延長フラグ,Extension au KDDI HWD11,1,,,,,,,,*,hwd11/img001-ex.jpg,*,hwd11/img001-ex.jpg,,,,,,,,,,,,,,,,,,,,,,,0,1,en_au_ex_310,,1,,86900,86900,,5,,,,,,,,,,,,,,,,,"23,30","NEW extension,Extension au KDDI HWD11"
1668,12625,747,692,No,311,2,カート用延長フラグ,Extension au KDDI HWD11,1,,,,,,,,*,hwd11/img001-ex.jpg,*,hwd11/img001-ex.jpg,,,,,,,,,,,,,,,,,,,,,,,0,1,en_au_ex_311,,1,,87550,87550,,5,,,,,,,,,,,,,,,,,"23,30","NEW extension,Extension au KDDI HWD11"
1668,12627,747,693,No,312,2,カート用延長フラグ,Extension au KDDI HWD11,1,,,,,,,,*,hwd11/img001-ex.jpg,*,hwd11/img001-ex.jpg,,,,,,,,,,,,,,,,,,,,,,,0,1,en_au_ex_312,,1,,88200,88200,,5,,,,,,,,,,,,,,,,,"23,30","NEW extension,Extension au KDDI HWD11"
1668,12629,747,694,No,313,2,カート用延長フラグ,Extension au KDDI HWD11,1,,,,,,,,*,hwd11/img001-ex.jpg,*,hwd11/img001-ex.jpg,,,,,,,,,,,,,,,,,,,,,,,0,1,en_au_ex_313,,1,,88850,88850,,5,,,,,,,,,,,,,,,,,"23,30","NEW extension,Extension au KDDI HWD11"
1668,12631,747,695,No,314,2,カート用延長フラグ,Extension au KDDI HWD11,1,,,,,,,,*,hwd11/img001-ex.jpg,*,hwd11/img001-ex.jpg,,,,,,,,,,,,,,,,,,,,,,,0,1,en_au_ex_314,,1,,89500,89500,,5,,,,,,,,,,,,,,,,,"23,30","NEW extension,Extension au KDDI HWD11"
1668,12633,747,696,No,315,2,カート用延長フラグ,Extension au KDDI HWD11,1,,,,,,,,*,hwd11/img001-ex.jpg,*,hwd11/img001-ex.jpg,,,,,,,,,,,,,,,,,,,,,,,0,1,en_au_ex_333,,1,,89900,89900,,5,,,,,,,,,,,,,,,,,"23,30","NEW extension,Extension au KDDI HWD11"
1668,12635,747,697,No,316,2,カート用延長フラグ,Extension au KDDI HWD11,1,,,,,,,,*,hwd11/img001-ex.jpg,*,hwd11/img001-ex.jpg,,,,,,,,,,,,,,,,,,,,,,,0,1,en_au_ex_333,,1,,89900,89900,,5,,,,,,,,,,,,,,,,,"23,30","NEW extension,Extension au KDDI HWD11"
1668,12637,747,698,No,317,2,カート用延長フラグ,Extension au KDDI HWD11,1,,,,,,,,*,hwd11/img001-ex.jpg,*,hwd11/img001-ex.jpg,,,,,,,,,,,,,,,,,,,,,,,0,1,en_au_ex_333,,1,,89900,89900,,5,,,,,,,,,,,,,,,,,"23,30","NEW extension,Extension au KDDI HWD11"
1668,12639,747,699,No,318,2,カート用延長フラグ,Extension au KDDI HWD11,1,,,,,,,,*,hwd11/img001-ex.jpg,*,hwd11/img001-ex.jpg,,,,,,,,,,,,,,,,,,,,,,,0,1,en_au_ex_333,,1,,89900,89900,,5,,,,,,,,,,,,,,,,,"23,30","NEW extension,Extension au KDDI HWD11"
1668,12641,747,700,No,319,2,カート用延長フラグ,Extension au KDDI HWD11,1,,,,,,,,*,hwd11/img001-ex.jpg,*,hwd11/img001-ex.jpg,,,,,,,,,,,,,,,,,,,,,,,0,1,en_au_ex_333,,1,,89900,89900,,5,,,,,,,,,,,,,,,,,"23,30","NEW extension,Extension au KDDI HWD11"
1668,12643,747,701,No,320,2,カート用延長フラグ,Extension au KDDI HWD11,1,,,,,,,,*,hwd11/img001-ex.jpg,*,hwd11/img001-ex.jpg,,,,,,,,,,,,,,,,,,,,,,,0,1,en_au_ex_333,,1,,89900,89900,,5,,,,,,,,,,,,,,,,,"23,30","NEW extension,Extension au KDDI HWD11"
1668,12645,747,702,No,321,2,カート用延長フラグ,Extension au KDDI HWD11,1,,,,,,,,*,hwd11/img001-ex.jpg,*,hwd11/img001-ex.jpg,,,,,,,,,,,,,,,,,,,,,,,0,1,en_au_ex_333,,1,,89900,89900,,5,,,,,,,,,,,,,,,,,"23,30","NEW extension,Extension au KDDI HWD11"
1668,12647,747,703,No,322,2,カート用延長フラグ,Extension au KDDI HWD11,1,,,,,,,,*,hwd11/img001-ex.jpg,*,hwd11/img001-ex.jpg,,,,,,,,,,,,,,,,,,,,,,,0,1,en_au_ex_333,,1,,89900,89900,,5,,,,,,,,,,,,,,,,,"23,30","NEW extension,Extension au KDDI HWD11"
1668,12649,747,704,No,323,2,カート用延長フラグ,Extension au KDDI HWD11,1,,,,,,,,*,hwd11/img001-ex.jpg,*,hwd11/img001-ex.jpg,,,,,,,,,,,,,,,,,,,,,,,0,1,en_au_ex_333,,1,,89900,89900,,5,,,,,,,,,,,,,,,,,"23,30","NEW extension,Extension au KDDI HWD11"
1668,12651,747,705,No,324,2,カート用延長フラグ,Extension au KDDI HWD11,1,,,,,,,,*,hwd11/img001-ex.jpg,*,hwd11/img001-ex.jpg,,,,,,,,,,,,,,,,,,,,,,,0,1,en_au_ex_333,,1,,89900,89900,,5,,,,,,,,,,,,,,,,,"23,30","NEW extension,Extension au KDDI HWD11"
1668,12653,747,706,No,325,2,カート用延長フラグ,Extension au KDDI HWD11,1,,,,,,,,*,hwd11/img001-ex.jpg,*,hwd11/img001-ex.jpg,,,,,,,,,,,,,,,,,,,,,,,0,1,en_au_ex_333,,1,,89900,89900,,5,,,,,,,,,,,,,,,,,"23,30","NEW extension,Extension au KDDI HWD11"
1668,12655,747,707,No,326,2,カート用延長フラグ,Extension au KDDI HWD11,1,,,,,,,,*,hwd11/img001-ex.jpg,*,hwd11/img001-ex.jpg,,,,,,,,,,,,,,,,,,,,,,,0,1,en_au_ex_333,,1,,89900,89900,,5,,,,,,,,,,,,,,,,,"23,30","NEW extension,Extension au KDDI HWD11"
1668,12657,747,708,No,327,2,カート用延長フラグ,Extension au KDDI HWD11,1,,,,,,,,*,hwd11/img001-ex.jpg,*,hwd11/img001-ex.jpg,,,,,,,,,,,,,,,,,,,,,,,0,1,en_au_ex_333,,1,,89900,89900,,5,,,,,,,,,,,,,,,,,"23,30","NEW extension,Extension au KDDI HWD11"
1668,12659,747,709,No,328,2,カート用延長フラグ,Extension au KDDI HWD11,1,,,,,,,,*,hwd11/img001-ex.jpg,*,hwd11/img001-ex.jpg,,,,,,,,,,,,,,,,,,,,,,,0,1,en_au_ex_333,,1,,89900,89900,,5,,,,,,,,,,,,,,,,,"23,30","NEW extension,Extension au KDDI HWD11"
1668,12661,747,710,No,329,2,カート用延長フラグ,Extension au KDDI HWD11,1,,,,,,,,*,hwd11/img001-ex.jpg,*,hwd11/img001-ex.jpg,,,,,,,,,,,,,,,,,,,,,,,0,1,en_au_ex_333,,1,,89900,89900,,5,,,,,,,,,,,,,,,,,"23,30","NEW extension,Extension au KDDI HWD11"
1668,12663,747,711,No,330,2,カート用延長フラグ,Extension au KDDI HWD11,1,,,,,,,,*,hwd11/img001-ex.jpg,*,hwd11/img001-ex.jpg,,,,,,,,,,,,,,,,,,,,,,,0,1,en_au_ex_333,,1,,89900,89900,,5,,,,,,,,,,,,,,,,,"23,30","NEW extension,Extension au KDDI HWD11"
1668,12665,747,712,No,331,2,カート用延長フラグ,Extension au KDDI HWD11,1,,,,,,,,*,hwd11/img001-ex.jpg,*,hwd11/img001-ex.jpg,,,,,,,,,,,,,,,,,,,,,,,0,1,en_au_ex_333,,1,,89900,89900,,5,,,,,,,,,,,,,,,,,"23,30","NEW extension,Extension au KDDI HWD11"
1668,12667,747,713,No,332,2,カート用延長フラグ,Extension au KDDI HWD11,1,,,,,,,,*,hwd11/img001-ex.jpg,*,hwd11/img001-ex.jpg,,,,,,,,,,,,,,,,,,,,,,,0,1,en_au_ex_333,,1,,89900,89900,,5,,,,,,,,,,,,,,,,,"23,30","NEW extension,Extension au KDDI HWD11"
1668,12669,747,714,No,333,2,カート用延長フラグ,Extension au KDDI HWD11,1,,,,,,,,*,hwd11/img001-ex.jpg,*,hwd11/img001-ex.jpg,,,,,,,,,,,,,,,,,,,,,,,0,1,en_au_ex_333,,1,,89900,89900,,5,,,,,,,,,,,,,,,,,"23,30","NEW extension,Extension au KDDI HWD11"
1668,12671,747,715,No,334,2,カート用延長フラグ,Extension au KDDI HWD11,1,,,,,,,,*,hwd11/img001-ex.jpg,*,hwd11/img001-ex.jpg,,,,,,,,,,,,,,,,,,,,,,,0,1,en_au_ex_334,,1,,90550,90550,,5,,,,,,,,,,,,,,,,,"23,30","NEW extension,Extension au KDDI HWD11"
1668,12673,747,717,No,335,2,カート用延長フラグ,Extension au KDDI HWD11,1,,,,,,,,*,hwd11/img001-ex.jpg,*,hwd11/img001-ex.jpg,,,,,,,,,,,,,,,,,,,,,,,0,1,en_au_ex_335,,1,,91200,91200,,5,,,,,,,,,,,,,,,,,"23,30","NEW extension,Extension au KDDI HWD11"
1668,12675,747,718,No,336,2,カート用延長フラグ,Extension au KDDI HWD11,1,,,,,,,,*,hwd11/img001-ex.jpg,*,hwd11/img001-ex.jpg,,,,,,,,,,,,,,,,,,,,,,,0,1,en_au_ex_336,,1,,91850,91850,,5,,,,,,,,,,,,,,,,,"23,30","NEW extension,Extension au KDDI HWD11"
1668,12677,747,719,No,337,2,カート用延長フラグ,Extension au KDDI HWD11,1,,,,,,,,*,hwd11/img001-ex.jpg,*,hwd11/img001-ex.jpg,,,,,,,,,,,,,,,,,,,,,,,0,1,en_au_ex_337,,1,,92500,92500,,5,,,,,,,,,,,,,,,,,"23,30","NEW extension,Extension au KDDI HWD11"
1668,12679,747,720,No,338,2,カート用延長フラグ,Extension au KDDI HWD11,1,,,,,,,,*,hwd11/img001-ex.jpg,*,hwd11/img001-ex.jpg,,,,,,,,,,,,,,,,,,,,,,,0,1,en_au_ex_338,,1,,93150,93150,,5,,,,,,,,,,,,,,,,,"23,30","NEW extension,Extension au KDDI HWD11"
1668,12681,747,721,No,339,2,カート用延長フラグ,Extension au KDDI HWD11,1,,,,,,,,*,hwd11/img001-ex.jpg,*,hwd11/img001-ex.jpg,,,,,,,,,,,,,,,,,,,,,,,0,1,en_au_ex_339,,1,,93800,93800,,5,,,,,,,,,,,,,,,,,"23,30","NEW extension,Extension au KDDI HWD11"
1668,12683,747,722,No,340,2,カート用延長フラグ,Extension au KDDI HWD11,1,,,,,,,,*,hwd11/img001-ex.jpg,*,hwd11/img001-ex.jpg,,,,,,,,,,,,,,,,,,,,,,,0,1,en_au_ex_340,,1,,94450,94450,,5,,,,,,,,,,,,,,,,,"23,30","NEW extension,Extension au KDDI HWD11"
1668,12685,747,723,No,341,2,カート用延長フラグ,Extension au KDDI HWD11,1,,,,,,,,*,hwd11/img001-ex.jpg,*,hwd11/img001-ex.jpg,,,,,,,,,,,,,,,,,,,,,,,0,1,en_au_ex_341,,1,,95100,95100,,5,,,,,,,,,,,,,,,,,"23,30","NEW extension,Extension au KDDI HWD11"
1668,12687,747,724,No,342,2,カート用延長フラグ,Extension au KDDI HWD11,1,,,,,,,,*,hwd11/img001-ex.jpg,*,hwd11/img001-ex.jpg,,,,,,,,,,,,,,,,,,,,,,,0,1,en_au_ex_342,,1,,95750,95750,,5,,,,,,,,,,,,,,,,,"23,30","NEW extension,Extension au KDDI HWD11"
1668,12689,747,725,No,343,2,カート用延長フラグ,Extension au KDDI HWD11,1,,,,,,,,*,hwd11/img001-ex.jpg,*,hwd11/img001-ex.jpg,,,,,,,,,,,,,,,,,,,,,,,0,1,en_au_ex_343,,1,,96400,96400,,5,,,,,,,,,,,,,,,,,"23,30","NEW extension,Extension au KDDI HWD11"
1668,12691,747,726,No,344,2,カート用延長フラグ,Extension au KDDI HWD11,1,,,,,,,,*,hwd11/img001-ex.jpg,*,hwd11/img001-ex.jpg,,,,,,,,,,,,,,,,,,,,,,,0,1,en_au_ex_363,,1,,96800,96800,,5,,,,,,,,,,,,,,,,,"23,30","NEW extension,Extension au KDDI HWD11"
1668,12693,747,727,No,345,2,カート用延長フラグ,Extension au KDDI HWD11,1,,,,,,,,*,hwd11/img001-ex.jpg,*,hwd11/img001-ex.jpg,,,,,,,,,,,,,,,,,,,,,,,0,1,en_au_ex_363,,1,,96800,96800,,5,,,,,,,,,,,,,,,,,"23,30","NEW extension,Extension au KDDI HWD11"
1668,12695,747,728,No,346,2,カート用延長フラグ,Extension au KDDI HWD11,1,,,,,,,,*,hwd11/img001-ex.jpg,*,hwd11/img001-ex.jpg,,,,,,,,,,,,,,,,,,,,,,,0,1,en_au_ex_363,,1,,96800,96800,,5,,,,,,,,,,,,,,,,,"23,30","NEW extension,Extension au KDDI HWD11"
1668,12697,747,729,No,347,2,カート用延長フラグ,Extension au KDDI HWD11,1,,,,,,,,*,hwd11/img001-ex.jpg,*,hwd11/img001-ex.jpg,,,,,,,,,,,,,,,,,,,,,,,0,1,en_au_ex_363,,1,,96800,96800,,5,,,,,,,,,,,,,,,,,"23,30","NEW extension,Extension au KDDI HWD11"
1668,12699,747,730,No,348,2,カート用延長フラグ,Extension au KDDI HWD11,1,,,,,,,,*,hwd11/img001-ex.jpg,*,hwd11/img001-ex.jpg,,,,,,,,,,,,,,,,,,,,,,,0,1,en_au_ex_363,,1,,96800,96800,,5,,,,,,,,,,,,,,,,,"23,30","NEW extension,Extension au KDDI HWD11"
1668,12701,747,731,No,349,2,カート用延長フラグ,Extension au KDDI HWD11,1,,,,,,,,*,hwd11/img001-ex.jpg,*,hwd11/img001-ex.jpg,,,,,,,,,,,,,,,,,,,,,,,0,1,en_au_ex_363,,1,,96800,96800,,5,,,,,,,,,,,,,,,,,"23,30","NEW extension,Extension au KDDI HWD11"
1668,12703,747,732,No,350,2,カート用延長フラグ,Extension au KDDI HWD11,1,,,,,,,,*,hwd11/img001-ex.jpg,*,hwd11/img001-ex.jpg,,,,,,,,,,,,,,,,,,,,,,,0,1,en_au_ex_363,,1,,96800,96800,,5,,,,,,,,,,,,,,,,,"23,30","NEW extension,Extension au KDDI HWD11"
1668,12705,747,733,No,351,2,カート用延長フラグ,Extension au KDDI HWD11,1,,,,,,,,*,hwd11/img001-ex.jpg,*,hwd11/img001-ex.jpg,,,,,,,,,,,,,,,,,,,,,,,0,1,en_au_ex_363,,1,,96800,96800,,5,,,,,,,,,,,,,,,,,"23,30","NEW extension,Extension au KDDI HWD11"
1668,12707,747,734,No,352,2,カート用延長フラグ,Extension au KDDI HWD11,1,,,,,,,,*,hwd11/img001-ex.jpg,*,hwd11/img001-ex.jpg,,,,,,,,,,,,,,,,,,,,,,,0,1,en_au_ex_363,,1,,96800,96800,,5,,,,,,,,,,,,,,,,,"23,30","NEW extension,Extension au KDDI HWD11"
1668,12709,747,735,No,353,2,カート用延長フラグ,Extension au KDDI HWD11,1,,,,,,,,*,hwd11/img001-ex.jpg,*,hwd11/img001-ex.jpg,,,,,,,,,,,,,,,,,,,,,,,0,1,en_au_ex_363,,1,,96800,96800,,5,,,,,,,,,,,,,,,,,"23,30","NEW extension,Extension au KDDI HWD11"
1668,12711,747,736,No,354,2,カート用延長フラグ,Extension au KDDI HWD11,1,,,,,,,,*,hwd11/img001-ex.jpg,*,hwd11/img001-ex.jpg,,,,,,,,,,,,,,,,,,,,,,,0,1,en_au_ex_363,,1,,96800,96800,,5,,,,,,,,,,,,,,,,,"23,30","NEW extension,Extension au KDDI HWD11"
1668,12713,747,737,No,355,2,カート用延長フラグ,Extension au KDDI HWD11,1,,,,,,,,*,hwd11/img001-ex.jpg,*,hwd11/img001-ex.jpg,,,,,,,,,,,,,,,,,,,,,,,0,1,en_au_ex_363,,1,,96800,96800,,5,,,,,,,,,,,,,,,,,"23,30","NEW extension,Extension au KDDI HWD11"
1668,12715,747,738,No,356,2,カート用延長フラグ,Extension au KDDI HWD11,1,,,,,,,,*,hwd11/img001-ex.jpg,*,hwd11/img001-ex.jpg,,,,,,,,,,,,,,,,,,,,,,,0,1,en_au_ex_363,,1,,96800,96800,,5,,,,,,,,,,,,,,,,,"23,30","NEW extension,Extension au KDDI HWD11"
1668,12717,747,739,No,357,2,カート用延長フラグ,Extension au KDDI HWD11,1,,,,,,,,*,hwd11/img001-ex.jpg,*,hwd11/img001-ex.jpg,,,,,,,,,,,,,,,,,,,,,,,0,1,en_au_ex_363,,1,,96800,96800,,5,,,,,,,,,,,,,,,,,"23,30","NEW extension,Extension au KDDI HWD11"
1668,12719,747,740,No,358,2,カート用延長フラグ,Extension au KDDI HWD11,1,,,,,,,,*,hwd11/img001-ex.jpg,*,hwd11/img001-ex.jpg,,,,,,,,,,,,,,,,,,,,,,,0,1,en_au_ex_363,,1,,96800,96800,,5,,,,,,,,,,,,,,,,,"23,30","NEW extension,Extension au KDDI HWD11"
1668,12721,747,741,No,359,2,カート用延長フラグ,Extension au KDDI HWD11,1,,,,,,,,*,hwd11/img001-ex.jpg,*,hwd11/img001-ex.jpg,,,,,,,,,,,,,,,,,,,,,,,0,1,en_au_ex_363,,1,,96800,96800,,5,,,,,,,,,,,,,,,,,"23,30","NEW extension,Extension au KDDI HWD11"
1668,12723,747,742,No,360,2,カート用延長フラグ,Extension au KDDI HWD11,1,,,,,,,,*,hwd11/img001-ex.jpg,*,hwd11/img001-ex.jpg,,,,,,,,,,,,,,,,,,,,,,,0,1,en_au_ex_363,,1,,96800,96800,,5,,,,,,,,,,,,,,,,,"23,30","NEW extension,Extension au KDDI HWD11"
1668,12725,747,743,No,361,2,カート用延長フラグ,Extension au KDDI HWD11,1,,,,,,,,*,hwd11/img001-ex.jpg,*,hwd11/img001-ex.jpg,,,,,,,,,,,,,,,,,,,,,,,0,1,en_au_ex_363,,1,,96800,96800,,5,,,,,,,,,,,,,,,,,"23,30","NEW extension,Extension au KDDI HWD11"
1668,12727,747,744,No,362,2,カート用延長フラグ,Extension au KDDI HWD11,1,,,,,,,,*,hwd11/img001-ex.jpg,*,hwd11/img001-ex.jpg,,,,,,,,,,,,,,,,,,,,,,,0,1,en_au_ex_363,,1,,96800,96800,,5,,,,,,,,,,,,,,,,,"23,30","NEW extension,Extension au KDDI HWD11"
1668,12729,747,745,No,363,2,カート用延長フラグ,Extension au KDDI HWD11,1,,,,,,,,*,hwd11/img001-ex.jpg,*,hwd11/img001-ex.jpg,,,,,,,,,,,,,,,,,,,,,,,0,1,en_au_ex_363,,1,,96800,96800,,5,,,,,,,,,,,,,,,,,"23,30","NEW extension,Extension au KDDI HWD11"
1668,12731,747,746,No,364,2,カート用延長フラグ,Extension au KDDI HWD11,1,,,,,,,,*,hwd11/img001-ex.jpg,*,hwd11/img001-ex.jpg,,,,,,,,,,,,,,,,,,,,,,,0,1,en_au_ex_364,,1,,97450,97450,,5,,,,,,,,,,,,,,,,,"23,30","NEW extension,Extension au KDDI HWD11"
1667,11272,748,381,Yes,0,2,カート用延長フラグ,Extension SoftBank 809SH,1,,,,,,,,*,sh/img001-ex.jpg,*,sh/img001-ex.jpg,,,,,,,,,,,,,,,,,,,,,,,0,1,en_sh_ex_000_bt,,1,,590,640,,5,,,,,,,,,,,,,,,,,"23,28","NEW extension,Extension SoftBank 809SH"
1667,11274,748,382,Yes,1,2,カート用延長フラグ,Extension SoftBank 809SH,1,,,,,,,,*,sh/img001-ex.jpg,*,sh/img001-ex.jpg,,,,,,,,,,,,,,,,,,,,,,,0,1,en_sh_ex_001_bt,,1,,1180,1280,,5,,,,,,,,,,,,,,,,,"23,28","NEW extension,Extension SoftBank 809SH"
1667,11276,748,383,Yes,2,2,カート用延長フラグ,Extension SoftBank 809SH,1,,,,,,,,*,sh/img001-ex.jpg,*,sh/img001-ex.jpg,,,,,,,,,,,,,,,,,,,,,,,0,1,en_sh_ex_002_bt,,1,,1770,1920,,5,,,,,,,,,,,,,,,,,"23,28","NEW extension,Extension SoftBank 809SH"
1667,11278,748,384,Yes,3,2,カート用延長フラグ,Extension SoftBank 809SH,1,,,,,,,,*,sh/img001-ex.jpg,*,sh/img001-ex.jpg,,,,,,,,,,,,,,,,,,,,,,,0,1,en_sh_ex_003_bt,,1,,2360,2560,,5,,,,,,,,,,,,,,,,,"23,28","NEW extension,Extension SoftBank 809SH"
1667,11280,748,385,Yes,4,2,カート用延長フラグ,Extension SoftBank 809SH,1,,,,,,,,*,sh/img001-ex.jpg,*,sh/img001-ex.jpg,,,,,,,,,,,,,,,,,,,,,,,0,1,en_sh_ex_004_bt,,1,,2950,3200,,5,,,,,,,,,,,,,,,,,"23,28","NEW extension,Extension SoftBank 809SH"
1667,11282,748,386,Yes,5,2,カート用延長フラグ,Extension SoftBank 809SH,1,,,,,,,,*,sh/img001-ex.jpg,*,sh/img001-ex.jpg,,,,,,,,,,,,,,,,,,,,,,,0,1,en_sh_ex_005_bt,,1,,3540,3840,,5,,,,,,,,,,,,,,,,,"23,28","NEW extension,Extension SoftBank 809SH"
1667,11284,748,387,Yes,6,2,カート用延長フラグ,Extension SoftBank 809SH,1,,,,,,,,*,sh/img001-ex.jpg,*,sh/img001-ex.jpg,,,,,,,,,,,,,,,,,,,,,,,0,1,en_sh_ex_006_bt,,1,,4130,4480,,5,,,,,,,,,,,,,,,,,"23,28","NEW extension,Extension SoftBank 809SH"
1667,11286,748,388,Yes,7,2,カート用延長フラグ,Extension SoftBank 809SH,1,,,,,,,,*,sh/img001-ex.jpg,*,sh/img001-ex.jpg,,,,,,,,,,,,,,,,,,,,,,,0,1,en_sh_ex_007_bt,,1,,4720,5120,,5,,,,,,,,,,,,,,,,,"23,28","NEW extension,Extension SoftBank 809SH"
1667,11288,748,389,Yes,8,2,カート用延長フラグ,Extension SoftBank 809SH,1,,,,,,,,*,sh/img001-ex.jpg,*,sh/img001-ex.jpg,,,,,,,,,,,,,,,,,,,,,,,0,1,en_sh_ex_008_bt,,1,,5310,5760,,5,,,,,,,,,,,,,,,,,"23,28","NEW extension,Extension SoftBank 809SH"
1667,11290,748,390,Yes,9,2,カート用延長フラグ,Extension SoftBank 809SH,1,,,,,,,,*,sh/img001-ex.jpg,*,sh/img001-ex.jpg,,,,,,,,,,,,,,,,,,,,,,,0,1,en_sh_ex_009_bt,,1,,5900,6400,,5,,,,,,,,,,,,,,,,,"23,28","NEW extension,Extension SoftBank 809SH"
1667,11292,748,391,Yes,10,2,カート用延長フラグ,Extension SoftBank 809SH,1,,,,,,,,*,sh/img001-ex.jpg,*,sh/img001-ex.jpg,,,,,,,,,,,,,,,,,,,,,,,0,1,en_sh_ex_010_bt,,1,,6490,7040,,5,,,,,,,,,,,,,,,,,"23,28","NEW extension,Extension SoftBank 809SH"
1667,11294,748,392,Yes,11,2,カート用延長フラグ,Extension SoftBank 809SH,1,,,,,,,,*,sh/img001-ex.jpg,*,sh/img001-ex.jpg,,,,,,,,,,,,,,,,,,,,,,,0,1,en_sh_ex_011_bt,,1,,7080,7680,,5,,,,,,,,,,,,,,,,,"23,28","NEW extension,Extension SoftBank 809SH"
1667,11296,748,393,Yes,12,2,カート用延長フラグ,Extension SoftBank 809SH,1,,,,,,,,*,sh/img001-ex.jpg,*,sh/img001-ex.jpg,,,,,,,,,,,,,,,,,,,,,,,0,1,en_sh_ex_012_bt,,1,,7670,8320,,5,,,,,,,,,,,,,,,,,"23,28","NEW extension,Extension SoftBank 809SH"
1667,11298,748,394,Yes,13,2,カート用延長フラグ,Extension SoftBank 809SH,1,,,,,,,,*,sh/img001-ex.jpg,*,sh/img001-ex.jpg,,,,,,,,,,,,,,,,,,,,,,,0,1,en_sh_ex_013_bt,,1,,8260,8960,,5,,,,,,,,,,,,,,,,,"23,28","NEW extension,Extension SoftBank 809SH"
1667,11300,748,395,Yes,14,2,カート用延長フラグ,Extension SoftBank 809SH,1,,,,,,,,*,sh/img001-ex.jpg,*,sh/img001-ex.jpg,,,,,,,,,,,,,,,,,,,,,,,0,1,en_sh_ex_014_bt,,1,,8850,9600,,5,,,,,,,,,,,,,,,,,"23,28","NEW extension,Extension SoftBank 809SH"
1667,11302,748,396,Yes,15,2,カート用延長フラグ,Extension SoftBank 809SH,1,,,,,,,,*,sh/img001-ex.jpg,*,sh/img001-ex.jpg,,,,,,,,,,,,,,,,,,,,,,,0,1,en_sh_ex_014_bt,,1,,8850,9600,,5,,,,,,,,,,,,,,,,,"23,28","NEW extension,Extension SoftBank 809SH"
1667,11304,748,397,Yes,16,2,カート用延長フラグ,Extension SoftBank 809SH,1,,,,,,,,*,sh/img001-ex.jpg,*,sh/img001-ex.jpg,,,,,,,,,,,,,,,,,,,,,,,0,1,en_sh_ex_014_bt,,1,,8850,9600,,5,,,,,,,,,,,,,,,,,"23,28","NEW extension,Extension SoftBank 809SH"
1667,11306,748,398,Yes,17,2,カート用延長フラグ,Extension SoftBank 809SH,1,,,,,,,,*,sh/img001-ex.jpg,*,sh/img001-ex.jpg,,,,,,,,,,,,,,,,,,,,,,,0,1,en_sh_ex_014_bt,,1,,8850,9600,,5,,,,,,,,,,,,,,,,,"23,28","NEW extension,Extension SoftBank 809SH"
1667,11308,748,399,Yes,18,2,カート用延長フラグ,Extension SoftBank 809SH,1,,,,,,,,*,sh/img001-ex.jpg,*,sh/img001-ex.jpg,,,,,,,,,,,,,,,,,,,,,,,0,1,en_sh_ex_014_bt,,1,,8850,9600,,5,,,,,,,,,,,,,,,,,"23,28","NEW extension,Extension SoftBank 809SH"
1667,11310,748,400,Yes,19,2,カート用延長フラグ,Extension SoftBank 809SH,1,,,,,,,,*,sh/img001-ex.jpg,*,sh/img001-ex.jpg,,,,,,,,,,,,,,,,,,,,,,,0,1,en_sh_ex_014_bt,,1,,8850,9600,,5,,,,,,,,,,,,,,,,,"23,28","NEW extension,Extension SoftBank 809SH"
1667,11312,748,401,Yes,20,2,カート用延長フラグ,Extension SoftBank 809SH,1,,,,,,,,*,sh/img001-ex.jpg,*,sh/img001-ex.jpg,,,,,,,,,,,,,,,,,,,,,,,0,1,en_sh_ex_014_bt,,1,,8850,9600,,5,,,,,,,,,,,,,,,,,"23,28","NEW extension,Extension SoftBank 809SH"
1667,11314,748,402,Yes,21,2,カート用延長フラグ,Extension SoftBank 809SH,1,,,,,,,,*,sh/img001-ex.jpg,*,sh/img001-ex.jpg,,,,,,,,,,,,,,,,,,,,,,,0,1,en_sh_ex_014_bt,,1,,8850,9600,,5,,,,,,,,,,,,,,,,,"23,28","NEW extension,Extension SoftBank 809SH"
1667,11316,748,403,Yes,22,2,カート用延長フラグ,Extension SoftBank 809SH,1,,,,,,,,*,sh/img001-ex.jpg,*,sh/img001-ex.jpg,,,,,,,,,,,,,,,,,,,,,,,0,1,en_sh_ex_014_bt,,1,,8850,9600,,5,,,,,,,,,,,,,,,,,"23,28","NEW extension,Extension SoftBank 809SH"
1667,11318,748,404,Yes,23,2,カート用延長フラグ,Extension SoftBank 809SH,1,,,,,,,,*,sh/img001-ex.jpg,*,sh/img001-ex.jpg,,,,,,,,,,,,,,,,,,,,,,,0,1,en_sh_ex_014_bt,,1,,8850,9600,,5,,,,,,,,,,,,,,,,,"23,28","NEW extension,Extension SoftBank 809SH"
1667,11320,748,405,Yes,24,2,カート用延長フラグ,Extension SoftBank 809SH,1,,,,,,,,*,sh/img001-ex.jpg,*,sh/img001-ex.jpg,,,,,,,,,,,,,,,,,,,,,,,0,1,en_sh_ex_014_bt,,1,,8850,9600,,5,,,,,,,,,,,,,,,,,"23,28","NEW extension,Extension SoftBank 809SH"
1667,11322,748,406,Yes,25,2,カート用延長フラグ,Extension SoftBank 809SH,1,,,,,,,,*,sh/img001-ex.jpg,*,sh/img001-ex.jpg,,,,,,,,,,,,,,,,,,,,,,,0,1,en_sh_ex_014_bt,,1,,8850,9600,,5,,,,,,,,,,,,,,,,,"23,28","NEW extension,Extension SoftBank 809SH"
1667,11324,748,407,Yes,26,2,カート用延長フラグ,Extension SoftBank 809SH,1,,,,,,,,*,sh/img001-ex.jpg,*,sh/img001-ex.jpg,,,,,,,,,,,,,,,,,,,,,,,0,1,en_sh_ex_014_bt,,1,,8850,9600,,5,,,,,,,,,,,,,,,,,"23,28","NEW extension,Extension SoftBank 809SH"
1667,11326,748,408,Yes,27,2,カート用延長フラグ,Extension SoftBank 809SH,1,,,,,,,,*,sh/img001-ex.jpg,*,sh/img001-ex.jpg,,,,,,,,,,,,,,,,,,,,,,,0,1,en_sh_ex_014_bt,,1,,8850,9600,,5,,,,,,,,,,,,,,,,,"23,28","NEW extension,Extension SoftBank 809SH"
1667,11328,748,409,Yes,28,2,カート用延長フラグ,Extension SoftBank 809SH,1,,,,,,,,*,sh/img001-ex.jpg,*,sh/img001-ex.jpg,,,,,,,,,,,,,,,,,,,,,,,0,1,en_sh_ex_014_bt,,1,,8850,9600,,5,,,,,,,,,,,,,,,,,"23,28","NEW extension,Extension SoftBank 809SH"
1667,11330,748,410,Yes,29,2,カート用延長フラグ,Extension SoftBank 809SH,1,,,,,,,,*,sh/img001-ex.jpg,*,sh/img001-ex.jpg,,,,,,,,,,,,,,,,,,,,,,,0,1,en_sh_ex_014_bt,,1,,8850,9600,,5,,,,,,,,,,,,,,,,,"23,28","NEW extension,Extension SoftBank 809SH"
1667,11332,748,411,Yes,30,2,カート用延長フラグ,Extension SoftBank 809SH,1,,,,,,,,*,sh/img001-ex.jpg,*,sh/img001-ex.jpg,,,,,,,,,,,,,,,,,,,,,,,0,1,en_sh_ex_014_bt,,1,,8850,9600,,5,,,,,,,,,,,,,,,,,"23,28","NEW extension,Extension SoftBank 809SH"
1667,11334,748,412,Yes,31,2,カート用延長フラグ,Extension SoftBank 809SH,1,,,,,,,,*,sh/img001-ex.jpg,*,sh/img001-ex.jpg,,,,,,,,,,,,,,,,,,,,,,,0,1,en_sh_ex_031_bt,,1,,9440,10240,,5,,,,,,,,,,,,,,,,,"23,28","NEW extension,Extension SoftBank 809SH"
1667,11336,748,413,Yes,32,2,カート用延長フラグ,Extension SoftBank 809SH,1,,,,,,,,*,sh/img001-ex.jpg,*,sh/img001-ex.jpg,,,,,,,,,,,,,,,,,,,,,,,0,1,en_sh_ex_032_bt,,1,,10030,10880,,5,,,,,,,,,,,,,,,,,"23,28","NEW extension,Extension SoftBank 809SH"
1667,11338,748,414,Yes,33,2,カート用延長フラグ,Extension SoftBank 809SH,1,,,,,,,,*,sh/img001-ex.jpg,*,sh/img001-ex.jpg,,,,,,,,,,,,,,,,,,,,,,,0,1,en_sh_ex_033_bt,,1,,10620,11520,,5,,,,,,,,,,,,,,,,,"23,28","NEW extension,Extension SoftBank 809SH"
1667,11340,748,415,Yes,34,2,カート用延長フラグ,Extension SoftBank 809SH,1,,,,,,,,*,sh/img001-ex.jpg,*,sh/img001-ex.jpg,,,,,,,,,,,,,,,,,,,,,,,0,1,en_sh_ex_034_bt,,1,,11210,12160,,5,,,,,,,,,,,,,,,,,"23,28","NEW extension,Extension SoftBank 809SH"
1667,11342,748,416,Yes,35,2,カート用延長フラグ,Extension SoftBank 809SH,1,,,,,,,,*,sh/img001-ex.jpg,*,sh/img001-ex.jpg,,,,,,,,,,,,,,,,,,,,,,,0,1,en_sh_ex_035_bt,,1,,11800,12800,,5,,,,,,,,,,,,,,,,,"23,28","NEW extension,Extension SoftBank 809SH"
1667,11344,748,417,Yes,36,2,カート用延長フラグ,Extension SoftBank 809SH,1,,,,,,,,*,sh/img001-ex.jpg,*,sh/img001-ex.jpg,,,,,,,,,,,,,,,,,,,,,,,0,1,en_sh_ex_036_bt,,1,,12390,13440,,5,,,,,,,,,,,,,,,,,"23,28","NEW extension,Extension SoftBank 809SH"
1667,11346,748,418,Yes,37,2,カート用延長フラグ,Extension SoftBank 809SH,1,,,,,,,,*,sh/img001-ex.jpg,*,sh/img001-ex.jpg,,,,,,,,,,,,,,,,,,,,,,,0,1,en_sh_ex_037_bt,,1,,12980,14030,,5,,,,,,,,,,,,,,,,,"23,28","NEW extension,Extension SoftBank 809SH"
1667,11348,748,419,Yes,38,2,カート用延長フラグ,Extension SoftBank 809SH,1,,,,,,,,*,sh/img001-ex.jpg,*,sh/img001-ex.jpg,,,,,,,,,,,,,,,,,,,,,,,0,1,en_sh_ex_038_bt,,1,,13570,14620,,5,,,,,,,,,,,,,,,,,"23,28","NEW extension,Extension SoftBank 809SH"
1667,11350,748,420,Yes,39,2,カート用延長フラグ,Extension SoftBank 809SH,1,,,,,,,,*,sh/img001-ex.jpg,*,sh/img001-ex.jpg,,,,,,,,,,,,,,,,,,,,,,,0,1,en_sh_ex_039_bt,,1,,14160,15210,,5,,,,,,,,,,,,,,,,,"23,28","NEW extension,Extension SoftBank 809SH"
1667,11352,748,421,Yes,40,2,カート用延長フラグ,Extension SoftBank 809SH,1,,,,,,,,*,sh/img001-ex.jpg,*,sh/img001-ex.jpg,,,,,,,,,,,,,,,,,,,,,,,0,1,en_sh_ex_040_bt,,1,,14750,15800,,5,,,,,,,,,,,,,,,,,"23,28","NEW extension,Extension SoftBank 809SH"
1667,11354,748,422,Yes,41,2,カート用延長フラグ,Extension SoftBank 809SH,1,,,,,,,,*,sh/img001-ex.jpg,*,sh/img001-ex.jpg,,,,,,,,,,,,,,,,,,,,,,,0,1,en_sh_ex_041_bt,,1,,15340,16390,,5,,,,,,,,,,,,,,,,,"23,28","NEW extension,Extension SoftBank 809SH"
1667,11356,748,423,Yes,42,2,カート用延長フラグ,Extension SoftBank 809SH,1,,,,,,,,*,sh/img001-ex.jpg,*,sh/img001-ex.jpg,,,,,,,,,,,,,,,,,,,,,,,0,1,en_sh_ex_060_bt,,1,,15700,16750,,5,,,,,,,,,,,,,,,,,"23,28","NEW extension,Extension SoftBank 809SH"
1667,11358,748,424,Yes,43,2,カート用延長フラグ,Extension SoftBank 809SH,1,,,,,,,,*,sh/img001-ex.jpg,*,sh/img001-ex.jpg,,,,,,,,,,,,,,,,,,,,,,,0,1,en_sh_ex_060_bt,,1,,15700,16750,,5,,,,,,,,,,,,,,,,,"23,28","NEW extension,Extension SoftBank 809SH"
1667,11360,748,425,Yes,44,2,カート用延長フラグ,Extension SoftBank 809SH,1,,,,,,,,*,sh/img001-ex.jpg,*,sh/img001-ex.jpg,,,,,,,,,,,,,,,,,,,,,,,0,1,en_sh_ex_060_bt,,1,,15700,16750,,5,,,,,,,,,,,,,,,,,"23,28","NEW extension,Extension SoftBank 809SH"
1667,11362,748,426,Yes,45,2,カート用延長フラグ,Extension SoftBank 809SH,1,,,,,,,,*,sh/img001-ex.jpg,*,sh/img001-ex.jpg,,,,,,,,,,,,,,,,,,,,,,,0,1,en_sh_ex_060_bt,,1,,15700,16750,,5,,,,,,,,,,,,,,,,,"23,28","NEW extension,Extension SoftBank 809SH"
1667,11364,748,427,Yes,46,2,カート用延長フラグ,Extension SoftBank 809SH,1,,,,,,,,*,sh/img001-ex.jpg,*,sh/img001-ex.jpg,,,,,,,,,,,,,,,,,,,,,,,0,1,en_sh_ex_060_bt,,1,,15700,16750,,5,,,,,,,,,,,,,,,,,"23,28","NEW extension,Extension SoftBank 809SH"
1667,11366,748,428,Yes,47,2,カート用延長フラグ,Extension SoftBank 809SH,1,,,,,,,,*,sh/img001-ex.jpg,*,sh/img001-ex.jpg,,,,,,,,,,,,,,,,,,,,,,,0,1,en_sh_ex_060_bt,,1,,15700,16750,,5,,,,,,,,,,,,,,,,,"23,28","NEW extension,Extension SoftBank 809SH"
1667,11368,748,429,Yes,48,2,カート用延長フラグ,Extension SoftBank 809SH,1,,,,,,,,*,sh/img001-ex.jpg,*,sh/img001-ex.jpg,,,,,,,,,,,,,,,,,,,,,,,0,1,en_sh_ex_060_bt,,1,,15700,16750,,5,,,,,,,,,,,,,,,,,"23,28","NEW extension,Extension SoftBank 809SH"
1667,11370,748,430,Yes,49,2,カート用延長フラグ,Extension SoftBank 809SH,1,,,,,,,,*,sh/img001-ex.jpg,*,sh/img001-ex.jpg,,,,,,,,,,,,,,,,,,,,,,,0,1,en_sh_ex_060_bt,,1,,15700,16750,,5,,,,,,,,,,,,,,,,,"23,28","NEW extension,Extension SoftBank 809SH"
1667,11372,748,431,Yes,50,2,カート用延長フラグ,Extension SoftBank 809SH,1,,,,,,,,*,sh/img001-ex.jpg,*,sh/img001-ex.jpg,,,,,,,,,,,,,,,,,,,,,,,0,1,en_sh_ex_060_bt,,1,,15700,16750,,5,,,,,,,,,,,,,,,,,"23,28","NEW extension,Extension SoftBank 809SH"
1667,11374,748,432,Yes,51,2,カート用延長フラグ,Extension SoftBank 809SH,1,,,,,,,,*,sh/img001-ex.jpg,*,sh/img001-ex.jpg,,,,,,,,,,,,,,,,,,,,,,,0,1,en_sh_ex_060_bt,,1,,15700,16750,,5,,,,,,,,,,,,,,,,,"23,28","NEW extension,Extension SoftBank 809SH"
1667,11376,748,433,Yes,52,2,カート用延長フラグ,Extension SoftBank 809SH,1,,,,,,,,*,sh/img001-ex.jpg,*,sh/img001-ex.jpg,,,,,,,,,,,,,,,,,,,,,,,0,1,en_sh_ex_060_bt,,1,,15700,16750,,5,,,,,,,,,,,,,,,,,"23,28","NEW extension,Extension SoftBank 809SH"
1667,11378,748,434,Yes,53,2,カート用延長フラグ,Extension SoftBank 809SH,1,,,,,,,,*,sh/img001-ex.jpg,*,sh/img001-ex.jpg,,,,,,,,,,,,,,,,,,,,,,,0,1,en_sh_ex_060_bt,,1,,15700,16750,,5,,,,,,,,,,,,,,,,,"23,28","NEW extension,Extension SoftBank 809SH"
1667,11380,748,435,Yes,54,2,カート用延長フラグ,Extension SoftBank 809SH,1,,,,,,,,*,sh/img001-ex.jpg,*,sh/img001-ex.jpg,,,,,,,,,,,,,,,,,,,,,,,0,1,en_sh_ex_060_bt,,1,,15700,16750,,5,,,,,,,,,,,,,,,,,"23,28","NEW extension,Extension SoftBank 809SH"
1667,11382,748,436,Yes,55,2,カート用延長フラグ,Extension SoftBank 809SH,1,,,,,,,,*,sh/img001-ex.jpg,*,sh/img001-ex.jpg,,,,,,,,,,,,,,,,,,,,,,,0,1,en_sh_ex_060_bt,,1,,15700,16750,,5,,,,,,,,,,,,,,,,,"23,28","NEW extension,Extension SoftBank 809SH"
1667,11384,748,437,Yes,56,2,カート用延長フラグ,Extension SoftBank 809SH,1,,,,,,,,*,sh/img001-ex.jpg,*,sh/img001-ex.jpg,,,,,,,,,,,,,,,,,,,,,,,0,1,en_sh_ex_060_bt,,1,,15700,16750,,5,,,,,,,,,,,,,,,,,"23,28","NEW extension,Extension SoftBank 809SH"
1667,11386,748,438,Yes,57,2,カート用延長フラグ,Extension SoftBank 809SH,1,,,,,,,,*,sh/img001-ex.jpg,*,sh/img001-ex.jpg,,,,,,,,,,,,,,,,,,,,,,,0,1,en_sh_ex_060_bt,,1,,15700,16750,,5,,,,,,,,,,,,,,,,,"23,28","NEW extension,Extension SoftBank 809SH"
1667,11388,748,439,Yes,58,2,カート用延長フラグ,Extension SoftBank 809SH,1,,,,,,,,*,sh/img001-ex.jpg,*,sh/img001-ex.jpg,,,,,,,,,,,,,,,,,,,,,,,0,1,en_sh_ex_060_bt,,1,,15700,16750,,5,,,,,,,,,,,,,,,,,"23,28","NEW extension,Extension SoftBank 809SH"
1667,11390,748,440,Yes,59,2,カート用延長フラグ,Extension SoftBank 809SH,1,,,,,,,,*,sh/img001-ex.jpg,*,sh/img001-ex.jpg,,,,,,,,,,,,,,,,,,,,,,,0,1,en_sh_ex_060_bt,,1,,15700,16750,,5,,,,,,,,,,,,,,,,,"23,28","NEW extension,Extension SoftBank 809SH"
1667,11392,748,441,Yes,60,2,カート用延長フラグ,Extension SoftBank 809SH,1,,,,,,,,*,sh/img001-ex.jpg,*,sh/img001-ex.jpg,,,,,,,,,,,,,,,,,,,,,,,0,1,en_sh_ex_060_bt,,1,,15700,16750,,5,,,,,,,,,,,,,,,,,"23,28","NEW extension,Extension SoftBank 809SH"
1667,11394,748,442,Yes,61,2,カート用延長フラグ,Extension SoftBank 809SH,1,,,,,,,,*,sh/img001-ex.jpg,*,sh/img001-ex.jpg,,,,,,,,,,,,,,,,,,,,,,,0,1,en_sh_ex_061_bt,,1,,16290,17390,,5,,,,,,,,,,,,,,,,,"23,28","NEW extension,Extension SoftBank 809SH"
1667,11396,748,443,Yes,62,2,カート用延長フラグ,Extension SoftBank 809SH,1,,,,,,,,*,sh/img001-ex.jpg,*,sh/img001-ex.jpg,,,,,,,,,,,,,,,,,,,,,,,0,1,en_sh_ex_062_bt,,1,,16880,18030,,5,,,,,,,,,,,,,,,,,"23,28","NEW extension,Extension SoftBank 809SH"
1667,11398,748,444,Yes,63,2,カート用延長フラグ,Extension SoftBank 809SH,1,,,,,,,,*,sh/img001-ex.jpg,*,sh/img001-ex.jpg,,,,,,,,,,,,,,,,,,,,,,,0,1,en_sh_ex_063_bt,,1,,17470,18670,,5,,,,,,,,,,,,,,,,,"23,28","NEW extension,Extension SoftBank 809SH"
1667,11400,748,445,Yes,64,2,カート用延長フラグ,Extension SoftBank 809SH,1,,,,,,,,*,sh/img001-ex.jpg,*,sh/img001-ex.jpg,,,,,,,,,,,,,,,,,,,,,,,0,1,en_sh_ex_064_bt,,1,,18060,19310,,5,,,,,,,,,,,,,,,,,"23,28","NEW extension,Extension SoftBank 809SH"
1667,11402,748,446,Yes,65,2,カート用延長フラグ,Extension SoftBank 809SH,1,,,,,,,,*,sh/img001-ex.jpg,*,sh/img001-ex.jpg,,,,,,,,,,,,,,,,,,,,,,,0,1,en_sh_ex_065_bt,,1,,18650,19950,,5,,,,,,,,,,,,,,,,,"23,28","NEW extension,Extension SoftBank 809SH"
1667,11404,748,447,Yes,66,2,カート用延長フラグ,Extension SoftBank 809SH,1,,,,,,,,*,sh/img001-ex.jpg,*,sh/img001-ex.jpg,,,,,,,,,,,,,,,,,,,,,,,0,1,en_sh_ex_066_bt,,1,,19240,20590,,5,,,,,,,,,,,,,,,,,"23,28","NEW extension,Extension SoftBank 809SH"
1667,11406,748,448,Yes,67,2,カート用延長フラグ,Extension SoftBank 809SH,1,,,,,,,,*,sh/img001-ex.jpg,*,sh/img001-ex.jpg,,,,,,,,,,,,,,,,,,,,,,,0,1,en_sh_ex_067_bt,,1,,19830,21180,,5,,,,,,,,,,,,,,,,,"23,28","NEW extension,Extension SoftBank 809SH"
1667,11408,748,449,Yes,68,2,カート用延長フラグ,Extension SoftBank 809SH,1,,,,,,,,*,sh/img001-ex.jpg,*,sh/img001-ex.jpg,,,,,,,,,,,,,,,,,,,,,,,0,1,en_sh_ex_068_bt,,1,,20420,21770,,5,,,,,,,,,,,,,,,,,"23,28","NEW extension,Extension SoftBank 809SH"
1667,11410,748,450,Yes,69,2,カート用延長フラグ,Extension SoftBank 809SH,1,,,,,,,,*,sh/img001-ex.jpg,*,sh/img001-ex.jpg,,,,,,,,,,,,,,,,,,,,,,,0,1,en_sh_ex_069_bt,,1,,21010,22360,,5,,,,,,,,,,,,,,,,,"23,28","NEW extension,Extension SoftBank 809SH"
1667,11412,748,451,Yes,70,2,カート用延長フラグ,Extension SoftBank 809SH,1,,,,,,,,*,sh/img001-ex.jpg,*,sh/img001-ex.jpg,,,,,,,,,,,,,,,,,,,,,,,0,1,en_sh_ex_070_bt,,1,,21600,22950,,5,,,,,,,,,,,,,,,,,"23,28","NEW extension,Extension SoftBank 809SH"
1667,11414,748,452,Yes,71,2,カート用延長フラグ,Extension SoftBank 809SH,1,,,,,,,,*,sh/img001-ex.jpg,*,sh/img001-ex.jpg,,,,,,,,,,,,,,,,,,,,,,,0,1,en_sh_ex_090_bt,,1,,22000,23350,,5,,,,,,,,,,,,,,,,,"23,28","NEW extension,Extension SoftBank 809SH"
1667,11416,748,453,Yes,72,2,カート用延長フラグ,Extension SoftBank 809SH,1,,,,,,,,*,sh/img001-ex.jpg,*,sh/img001-ex.jpg,,,,,,,,,,,,,,,,,,,,,,,0,1,en_sh_ex_090_bt,,1,,22000,23350,,5,,,,,,,,,,,,,,,,,"23,28","NEW extension,Extension SoftBank 809SH"
1667,11418,748,454,Yes,73,2,カート用延長フラグ,Extension SoftBank 809SH,1,,,,,,,,*,sh/img001-ex.jpg,*,sh/img001-ex.jpg,,,,,,,,,,,,,,,,,,,,,,,0,1,en_sh_ex_090_bt,,1,,22000,23350,,5,,,,,,,,,,,,,,,,,"23,28","NEW extension,Extension SoftBank 809SH"
1667,11420,748,455,Yes,74,2,カート用延長フラグ,Extension SoftBank 809SH,1,,,,,,,,*,sh/img001-ex.jpg,*,sh/img001-ex.jpg,,,,,,,,,,,,,,,,,,,,,,,0,1,en_sh_ex_090_bt,,1,,22000,23350,,5,,,,,,,,,,,,,,,,,"23,28","NEW extension,Extension SoftBank 809SH"
1667,11422,748,456,Yes,75,2,カート用延長フラグ,Extension SoftBank 809SH,1,,,,,,,,*,sh/img001-ex.jpg,*,sh/img001-ex.jpg,,,,,,,,,,,,,,,,,,,,,,,0,1,en_sh_ex_090_bt,,1,,22000,23350,,5,,,,,,,,,,,,,,,,,"23,28","NEW extension,Extension SoftBank 809SH"
1667,11424,748,457,Yes,76,2,カート用延長フラグ,Extension SoftBank 809SH,1,,,,,,,,*,sh/img001-ex.jpg,*,sh/img001-ex.jpg,,,,,,,,,,,,,,,,,,,,,,,0,1,en_sh_ex_090_bt,,1,,22000,23350,,5,,,,,,,,,,,,,,,,,"23,28","NEW extension,Extension SoftBank 809SH"
1667,11426,748,458,Yes,77,2,カート用延長フラグ,Extension SoftBank 809SH,1,,,,,,,,*,sh/img001-ex.jpg,*,sh/img001-ex.jpg,,,,,,,,,,,,,,,,,,,,,,,0,1,en_sh_ex_090_bt,,1,,22000,23350,,5,,,,,,,,,,,,,,,,,"23,28","NEW extension,Extension SoftBank 809SH"
1667,11428,748,459,Yes,78,2,カート用延長フラグ,Extension SoftBank 809SH,1,,,,,,,,*,sh/img001-ex.jpg,*,sh/img001-ex.jpg,,,,,,,,,,,,,,,,,,,,,,,0,1,en_sh_ex_090_bt,,1,,22000,23350,,5,,,,,,,,,,,,,,,,,"23,28","NEW extension,Extension SoftBank 809SH"
1667,11430,748,460,Yes,79,2,カート用延長フラグ,Extension SoftBank 809SH,1,,,,,,,,*,sh/img001-ex.jpg,*,sh/img001-ex.jpg,,,,,,,,,,,,,,,,,,,,,,,0,1,en_sh_ex_090_bt,,1,,22000,23350,,5,,,,,,,,,,,,,,,,,"23,28","NEW extension,Extension SoftBank 809SH"
1667,11432,748,461,Yes,80,2,カート用延長フラグ,Extension SoftBank 809SH,1,,,,,,,,*,sh/img001-ex.jpg,*,sh/img001-ex.jpg,,,,,,,,,,,,,,,,,,,,,,,0,1,en_sh_ex_090_bt,,1,,22000,23350,,5,,,,,,,,,,,,,,,,,"23,28","NEW extension,Extension SoftBank 809SH"
1667,11434,748,462,Yes,81,2,カート用延長フラグ,Extension SoftBank 809SH,1,,,,,,,,*,sh/img001-ex.jpg,*,sh/img001-ex.jpg,,,,,,,,,,,,,,,,,,,,,,,0,1,en_sh_ex_090_bt,,1,,22000,23350,,5,,,,,,,,,,,,,,,,,"23,28","NEW extension,Extension SoftBank 809SH"
1667,11436,748,463,Yes,82,2,カート用延長フラグ,Extension SoftBank 809SH,1,,,,,,,,*,sh/img001-ex.jpg,*,sh/img001-ex.jpg,,,,,,,,,,,,,,,,,,,,,,,0,1,en_sh_ex_090_bt,,1,,22000,23350,,5,,,,,,,,,,,,,,,,,"23,28","NEW extension,Extension SoftBank 809SH"
1667,11438,748,464,Yes,83,2,カート用延長フラグ,Extension SoftBank 809SH,1,,,,,,,,*,sh/img001-ex.jpg,*,sh/img001-ex.jpg,,,,,,,,,,,,,,,,,,,,,,,0,1,en_sh_ex_090_bt,,1,,22000,23350,,5,,,,,,,,,,,,,,,,,"23,28","NEW extension,Extension SoftBank 809SH"
1667,11440,748,465,Yes,84,2,カート用延長フラグ,Extension SoftBank 809SH,1,,,,,,,,*,sh/img001-ex.jpg,*,sh/img001-ex.jpg,,,,,,,,,,,,,,,,,,,,,,,0,1,en_sh_ex_090_bt,,1,,22000,23350,,5,,,,,,,,,,,,,,,,,"23,28","NEW extension,Extension SoftBank 809SH"
1667,11442,748,466,Yes,85,2,カート用延長フラグ,Extension SoftBank 809SH,1,,,,,,,,*,sh/img001-ex.jpg,*,sh/img001-ex.jpg,,,,,,,,,,,,,,,,,,,,,,,0,1,en_sh_ex_090_bt,,1,,22000,23350,,5,,,,,,,,,,,,,,,,,"23,28","NEW extension,Extension SoftBank 809SH"
1667,11444,748,467,Yes,86,2,カート用延長フラグ,Extension SoftBank 809SH,1,,,,,,,,*,sh/img001-ex.jpg,*,sh/img001-ex.jpg,,,,,,,,,,,,,,,,,,,,,,,0,1,en_sh_ex_090_bt,,1,,22000,23350,,5,,,,,,,,,,,,,,,,,"23,28","NEW extension,Extension SoftBank 809SH"
1667,11446,748,468,Yes,87,2,カート用延長フラグ,Extension SoftBank 809SH,1,,,,,,,,*,sh/img001-ex.jpg,*,sh/img001-ex.jpg,,,,,,,,,,,,,,,,,,,,,,,0,1,en_sh_ex_090_bt,,1,,22000,23350,,5,,,,,,,,,,,,,,,,,"23,28","NEW extension,Extension SoftBank 809SH"
1667,11448,748,469,Yes,88,2,カート用延長フラグ,Extension SoftBank 809SH,1,,,,,,,,*,sh/img001-ex.jpg,*,sh/img001-ex.jpg,,,,,,,,,,,,,,,,,,,,,,,0,1,en_sh_ex_090_bt,,1,,22000,23350,,5,,,,,,,,,,,,,,,,,"23,28","NEW extension,Extension SoftBank 809SH"
1667,11450,748,470,Yes,89,2,カート用延長フラグ,Extension SoftBank 809SH,1,,,,,,,,*,sh/img001-ex.jpg,*,sh/img001-ex.jpg,,,,,,,,,,,,,,,,,,,,,,,0,1,en_sh_ex_090_bt,,1,,22000,23350,,5,,,,,,,,,,,,,,,,,"23,28","NEW extension,Extension SoftBank 809SH"
1667,11452,748,471,Yes,90,2,カート用延長フラグ,Extension SoftBank 809SH,1,,,,,,,,*,sh/img001-ex.jpg,*,sh/img001-ex.jpg,,,,,,,,,,,,,,,,,,,,,,,0,1,en_sh_ex_090_bt,,1,,22000,23350,,5,,,,,,,,,,,,,,,,,"23,28","NEW extension,Extension SoftBank 809SH"
1667,11454,748,472,Yes,91,2,カート用延長フラグ,Extension SoftBank 809SH,1,,,,,,,,*,sh/img001-ex.jpg,*,sh/img001-ex.jpg,,,,,,,,,,,,,,,,,,,,,,,0,1,en_sh_ex_091_bt,,1,,22590,23990,,5,,,,,,,,,,,,,,,,,"23,28","NEW extension,Extension SoftBank 809SH"
1667,11456,748,473,Yes,92,2,カート用延長フラグ,Extension SoftBank 809SH,1,,,,,,,,*,sh/img001-ex.jpg,*,sh/img001-ex.jpg,,,,,,,,,,,,,,,,,,,,,,,0,1,en_sh_ex_092_bt,,1,,23180,24630,,5,,,,,,,,,,,,,,,,,"23,28","NEW extension,Extension SoftBank 809SH"
1667,11458,748,474,Yes,93,2,カート用延長フラグ,Extension SoftBank 809SH,1,,,,,,,,*,sh/img001-ex.jpg,*,sh/img001-ex.jpg,,,,,,,,,,,,,,,,,,,,,,,0,1,en_sh_ex_093_bt,,1,,23770,25270,,5,,,,,,,,,,,,,,,,,"23,28","NEW extension,Extension SoftBank 809SH"
1667,11460,748,475,Yes,94,2,カート用延長フラグ,Extension SoftBank 809SH,1,,,,,,,,*,sh/img001-ex.jpg,*,sh/img001-ex.jpg,,,,,,,,,,,,,,,,,,,,,,,0,1,en_sh_ex_094_bt,,1,,24360,25910,,5,,,,,,,,,,,,,,,,,"23,28","NEW extension,Extension SoftBank 809SH"
1667,11462,748,476,Yes,95,2,カート用延長フラグ,Extension SoftBank 809SH,1,,,,,,,,*,sh/img001-ex.jpg,*,sh/img001-ex.jpg,,,,,,,,,,,,,,,,,,,,,,,0,1,en_sh_ex_095_bt,,1,,24950,26550,,5,,,,,,,,,,,,,,,,,"23,28","NEW extension,Extension SoftBank 809SH"
1667,11464,748,477,Yes,96,2,カート用延長フラグ,Extension SoftBank 809SH,1,,,,,,,,*,sh/img001-ex.jpg,*,sh/img001-ex.jpg,,,,,,,,,,,,,,,,,,,,,,,0,1,en_sh_ex_096_bt,,1,,25540,27190,,5,,,,,,,,,,,,,,,,,"23,28","NEW extension,Extension SoftBank 809SH"
1667,11466,748,478,Yes,97,2,カート用延長フラグ,Extension SoftBank 809SH,1,,,,,,,,*,sh/img001-ex.jpg,*,sh/img001-ex.jpg,,,,,,,,,,,,,,,,,,,,,,,0,1,en_sh_ex_097_bt,,1,,26130,27780,,5,,,,,,,,,,,,,,,,,"23,28","NEW extension,Extension SoftBank 809SH"
1667,11468,748,479,Yes,98,2,カート用延長フラグ,Extension SoftBank 809SH,1,,,,,,,,*,sh/img001-ex.jpg,*,sh/img001-ex.jpg,,,,,,,,,,,,,,,,,,,,,,,0,1,en_sh_ex_098_bt,,1,,26720,28370,,5,,,,,,,,,,,,,,,,,"23,28","NEW extension,Extension SoftBank 809SH"
1667,11470,748,480,Yes,99,2,カート用延長フラグ,Extension SoftBank 809SH,1,,,,,,,,*,sh/img001-ex.jpg,*,sh/img001-ex.jpg,,,,,,,,,,,,,,,,,,,,,,,0,1,en_sh_ex_099_bt,,1,,27310,28960,,5,,,,,,,,,,,,,,,,,"23,28","NEW extension,Extension SoftBank 809SH"
1667,11472,748,481,Yes,100,2,カート用延長フラグ,Extension SoftBank 809SH,1,,,,,,,,*,sh/img001-ex.jpg,*,sh/img001-ex.jpg,,,,,,,,,,,,,,,,,,,,,,,0,1,en_sh_ex_120_bt,,1,,27600,29250,,5,,,,,,,,,,,,,,,,,"23,28","NEW extension,Extension SoftBank 809SH"
1667,11474,748,482,Yes,101,2,カート用延長フラグ,Extension SoftBank 809SH,1,,,,,,,,*,sh/img001-ex.jpg,*,sh/img001-ex.jpg,,,,,,,,,,,,,,,,,,,,,,,0,1,en_sh_ex_120_bt,,1,,27600,29250,,5,,,,,,,,,,,,,,,,,"23,28","NEW extension,Extension SoftBank 809SH"
1667,11476,748,483,Yes,102,2,カート用延長フラグ,Extension SoftBank 809SH,1,,,,,,,,*,sh/img001-ex.jpg,*,sh/img001-ex.jpg,,,,,,,,,,,,,,,,,,,,,,,0,1,en_sh_ex_120_bt,,1,,27600,29250,,5,,,,,,,,,,,,,,,,,"23,28","NEW extension,Extension SoftBank 809SH"
1667,11478,748,484,Yes,103,2,カート用延長フラグ,Extension SoftBank 809SH,1,,,,,,,,*,sh/img001-ex.jpg,*,sh/img001-ex.jpg,,,,,,,,,,,,,,,,,,,,,,,0,1,en_sh_ex_120_bt,,1,,27600,29250,,5,,,,,,,,,,,,,,,,,"23,28","NEW extension,Extension SoftBank 809SH"
1667,11480,748,485,Yes,104,2,カート用延長フラグ,Extension SoftBank 809SH,1,,,,,,,,*,sh/img001-ex.jpg,*,sh/img001-ex.jpg,,,,,,,,,,,,,,,,,,,,,,,0,1,en_sh_ex_120_bt,,1,,27600,29250,,5,,,,,,,,,,,,,,,,,"23,28","NEW extension,Extension SoftBank 809SH"
1667,11482,748,486,Yes,105,2,カート用延長フラグ,Extension SoftBank 809SH,1,,,,,,,,*,sh/img001-ex.jpg,*,sh/img001-ex.jpg,,,,,,,,,,,,,,,,,,,,,,,0,1,en_sh_ex_120_bt,,1,,27600,29250,,5,,,,,,,,,,,,,,,,,"23,28","NEW extension,Extension SoftBank 809SH"
1667,11484,748,487,Yes,106,2,カート用延長フラグ,Extension SoftBank 809SH,1,,,,,,,,*,sh/img001-ex.jpg,*,sh/img001-ex.jpg,,,,,,,,,,,,,,,,,,,,,,,0,1,en_sh_ex_120_bt,,1,,27600,29250,,5,,,,,,,,,,,,,,,,,"23,28","NEW extension,Extension SoftBank 809SH"
1667,11486,748,488,Yes,107,2,カート用延長フラグ,Extension SoftBank 809SH,1,,,,,,,,*,sh/img001-ex.jpg,*,sh/img001-ex.jpg,,,,,,,,,,,,,,,,,,,,,,,0,1,en_sh_ex_120_bt,,1,,27600,29250,,5,,,,,,,,,,,,,,,,,"23,28","NEW extension,Extension SoftBank 809SH"
1667,11488,748,489,Yes,108,2,カート用延長フラグ,Extension SoftBank 809SH,1,,,,,,,,*,sh/img001-ex.jpg,*,sh/img001-ex.jpg,,,,,,,,,,,,,,,,,,,,,,,0,1,en_sh_ex_120_bt,,1,,27600,29250,,5,,,,,,,,,,,,,,,,,"23,28","NEW extension,Extension SoftBank 809SH"
1667,11490,748,490,Yes,109,2,カート用延長フラグ,Extension SoftBank 809SH,1,,,,,,,,*,sh/img001-ex.jpg,*,sh/img001-ex.jpg,,,,,,,,,,,,,,,,,,,,,,,0,1,en_sh_ex_120_bt,,1,,27600,29250,,5,,,,,,,,,,,,,,,,,"23,28","NEW extension,Extension SoftBank 809SH"
1667,11492,748,491,Yes,110,2,カート用延長フラグ,Extension SoftBank 809SH,1,,,,,,,,*,sh/img001-ex.jpg,*,sh/img001-ex.jpg,,,,,,,,,,,,,,,,,,,,,,,0,1,en_sh_ex_120_bt,,1,,27600,29250,,5,,,,,,,,,,,,,,,,,"23,28","NEW extension,Extension SoftBank 809SH"
1667,11494,748,492,Yes,111,2,カート用延長フラグ,Extension SoftBank 809SH,1,,,,,,,,*,sh/img001-ex.jpg,*,sh/img001-ex.jpg,,,,,,,,,,,,,,,,,,,,,,,0,1,en_sh_ex_120_bt,,1,,27600,29250,,5,,,,,,,,,,,,,,,,,"23,28","NEW extension,Extension SoftBank 809SH"
1667,11496,748,493,Yes,112,2,カート用延長フラグ,Extension SoftBank 809SH,1,,,,,,,,*,sh/img001-ex.jpg,*,sh/img001-ex.jpg,,,,,,,,,,,,,,,,,,,,,,,0,1,en_sh_ex_120_bt,,1,,27600,29250,,5,,,,,,,,,,,,,,,,,"23,28","NEW extension,Extension SoftBank 809SH"
1667,11498,748,494,Yes,113,2,カート用延長フラグ,Extension SoftBank 809SH,1,,,,,,,,*,sh/img001-ex.jpg,*,sh/img001-ex.jpg,,,,,,,,,,,,,,,,,,,,,,,0,1,en_sh_ex_120_bt,,1,,27600,29250,,5,,,,,,,,,,,,,,,,,"23,28","NEW extension,Extension SoftBank 809SH"
1667,11500,748,495,Yes,114,2,カート用延長フラグ,Extension SoftBank 809SH,1,,,,,,,,*,sh/img001-ex.jpg,*,sh/img001-ex.jpg,,,,,,,,,,,,,,,,,,,,,,,0,1,en_sh_ex_120_bt,,1,,27600,29250,,5,,,,,,,,,,,,,,,,,"23,28","NEW extension,Extension SoftBank 809SH"
1667,11502,748,496,Yes,115,2,カート用延長フラグ,Extension SoftBank 809SH,1,,,,,,,,*,sh/img001-ex.jpg,*,sh/img001-ex.jpg,,,,,,,,,,,,,,,,,,,,,,,0,1,en_sh_ex_120_bt,,1,,27600,29250,,5,,,,,,,,,,,,,,,,,"23,28","NEW extension,Extension SoftBank 809SH"
1667,11504,748,497,Yes,116,2,カート用延長フラグ,Extension SoftBank 809SH,1,,,,,,,,*,sh/img001-ex.jpg,*,sh/img001-ex.jpg,,,,,,,,,,,,,,,,,,,,,,,0,1,en_sh_ex_120_bt,,1,,27600,29250,,5,,,,,,,,,,,,,,,,,"23,28","NEW extension,Extension SoftBank 809SH"
1667,11506,748,498,Yes,117,2,カート用延長フラグ,Extension SoftBank 809SH,1,,,,,,,,*,sh/img001-ex.jpg,*,sh/img001-ex.jpg,,,,,,,,,,,,,,,,,,,,,,,0,1,en_sh_ex_120_bt,,1,,27600,29250,,5,,,,,,,,,,,,,,,,,"23,28","NEW extension,Extension SoftBank 809SH"
1667,11508,748,499,Yes,118,2,カート用延長フラグ,Extension SoftBank 809SH,1,,,,,,,,*,sh/img001-ex.jpg,*,sh/img001-ex.jpg,,,,,,,,,,,,,,,,,,,,,,,0,1,en_sh_ex_120_bt,,1,,27600,29250,,5,,,,,,,,,,,,,,,,,"23,28","NEW extension,Extension SoftBank 809SH"
1667,11510,748,500,Yes,119,2,カート用延長フラグ,Extension SoftBank 809SH,1,,,,,,,,*,sh/img001-ex.jpg,*,sh/img001-ex.jpg,,,,,,,,,,,,,,,,,,,,,,,0,1,en_sh_ex_120_bt,,1,,27600,29250,,5,,,,,,,,,,,,,,,,,"23,28","NEW extension,Extension SoftBank 809SH"
1667,11512,748,501,Yes,120,2,カート用延長フラグ,Extension SoftBank 809SH,1,,,,,,,,*,sh/img001-ex.jpg,*,sh/img001-ex.jpg,,,,,,,,,,,,,,,,,,,,,,,0,1,en_sh_ex_120_bt,,1,,27600,29250,,5,,,,,,,,,,,,,,,,,"23,28","NEW extension,Extension SoftBank 809SH"
1667,11514,748,502,Yes,121,2,カート用延長フラグ,Extension SoftBank 809SH,1,,,,,,,,*,sh/img001-ex.jpg,*,sh/img001-ex.jpg,,,,,,,,,,,,,,,,,,,,,,,0,1,en_sh_ex_121_bt,,1,,28190,29890,,5,,,,,,,,,,,,,,,,,"23,28","NEW extension,Extension SoftBank 809SH"
1667,11516,748,503,Yes,122,2,カート用延長フラグ,Extension SoftBank 809SH,1,,,,,,,,*,sh/img001-ex.jpg,*,sh/img001-ex.jpg,,,,,,,,,,,,,,,,,,,,,,,0,1,en_sh_ex_122_bt,,1,,28780,30530,,5,,,,,,,,,,,,,,,,,"23,28","NEW extension,Extension SoftBank 809SH"
1667,11518,748,504,Yes,123,2,カート用延長フラグ,Extension SoftBank 809SH,1,,,,,,,,*,sh/img001-ex.jpg,*,sh/img001-ex.jpg,,,,,,,,,,,,,,,,,,,,,,,0,1,en_sh_ex_123_bt,,1,,29370,31170,,5,,,,,,,,,,,,,,,,,"23,28","NEW extension,Extension SoftBank 809SH"
1667,11520,748,505,Yes,124,2,カート用延長フラグ,Extension SoftBank 809SH,1,,,,,,,,*,sh/img001-ex.jpg,*,sh/img001-ex.jpg,,,,,,,,,,,,,,,,,,,,,,,0,1,en_sh_ex_124_bt,,1,,29960,31810,,5,,,,,,,,,,,,,,,,,"23,28","NEW extension,Extension SoftBank 809SH"
1667,11522,748,506,Yes,125,2,カート用延長フラグ,Extension SoftBank 809SH,1,,,,,,,,*,sh/img001-ex.jpg,*,sh/img001-ex.jpg,,,,,,,,,,,,,,,,,,,,,,,0,1,en_sh_ex_125_bt,,1,,30550,32450,,5,,,,,,,,,,,,,,,,,"23,28","NEW extension,Extension SoftBank 809SH"
1667,11524,748,507,Yes,126,2,カート用延長フラグ,Extension SoftBank 809SH,1,,,,,,,,*,sh/img001-ex.jpg,*,sh/img001-ex.jpg,,,,,,,,,,,,,,,,,,,,,,,0,1,en_sh_ex_150_bt,,1,,30600,32550,,5,,,,,,,,,,,,,,,,,"23,28","NEW extension,Extension SoftBank 809SH"
1667,11526,748,508,Yes,127,2,カート用延長フラグ,Extension SoftBank 809SH,1,,,,,,,,*,sh/img001-ex.jpg,*,sh/img001-ex.jpg,,,,,,,,,,,,,,,,,,,,,,,0,1,en_sh_ex_150_bt,,1,,30600,32550,,5,,,,,,,,,,,,,,,,,"23,28","NEW extension,Extension SoftBank 809SH"
1667,11528,748,509,Yes,128,2,カート用延長フラグ,Extension SoftBank 809SH,1,,,,,,,,*,sh/img001-ex.jpg,*,sh/img001-ex.jpg,,,,,,,,,,,,,,,,,,,,,,,0,1,en_sh_ex_150_bt,,1,,30600,32550,,5,,,,,,,,,,,,,,,,,"23,28","NEW extension,Extension SoftBank 809SH"
1667,11530,748,510,Yes,129,2,カート用延長フラグ,Extension SoftBank 809SH,1,,,,,,,,*,sh/img001-ex.jpg,*,sh/img001-ex.jpg,,,,,,,,,,,,,,,,,,,,,,,0,1,en_sh_ex_150_bt,,1,,30600,32550,,5,,,,,,,,,,,,,,,,,"23,28","NEW extension,Extension SoftBank 809SH"
1667,11532,748,511,Yes,130,2,カート用延長フラグ,Extension SoftBank 809SH,1,,,,,,,,*,sh/img001-ex.jpg,*,sh/img001-ex.jpg,,,,,,,,,,,,,,,,,,,,,,,0,1,en_sh_ex_150_bt,,1,,30600,32550,,5,,,,,,,,,,,,,,,,,"23,28","NEW extension,Extension SoftBank 809SH"
1667,11534,748,512,Yes,131,2,カート用延長フラグ,Extension SoftBank 809SH,1,,,,,,,,*,sh/img001-ex.jpg,*,sh/img001-ex.jpg,,,,,,,,,,,,,,,,,,,,,,,0,1,en_sh_ex_150_bt,,1,,30600,32550,,5,,,,,,,,,,,,,,,,,"23,28","NEW extension,Extension SoftBank 809SH"
1667,11536,748,513,Yes,132,2,カート用延長フラグ,Extension SoftBank 809SH,1,,,,,,,,*,sh/img001-ex.jpg,*,sh/img001-ex.jpg,,,,,,,,,,,,,,,,,,,,,,,0,1,en_sh_ex_150_bt,,1,,30600,32550,,5,,,,,,,,,,,,,,,,,"23,28","NEW extension,Extension SoftBank 809SH"
1667,11538,748,514,Yes,133,2,カート用延長フラグ,Extension SoftBank 809SH,1,,,,,,,,*,sh/img001-ex.jpg,*,sh/img001-ex.jpg,,,,,,,,,,,,,,,,,,,,,,,0,1,en_sh_ex_150_bt,,1,,30600,32550,,5,,,,,,,,,,,,,,,,,"23,28","NEW extension,Extension SoftBank 809SH"
1667,11540,748,515,Yes,134,2,カート用延長フラグ,Extension SoftBank 809SH,1,,,,,,,,*,sh/img001-ex.jpg,*,sh/img001-ex.jpg,,,,,,,,,,,,,,,,,,,,,,,0,1,en_sh_ex_150_bt,,1,,30600,32550,,5,,,,,,,,,,,,,,,,,"23,28","NEW extension,Extension SoftBank 809SH"
1667,11542,748,516,Yes,135,2,カート用延長フラグ,Extension SoftBank 809SH,1,,,,,,,,*,sh/img001-ex.jpg,*,sh/img001-ex.jpg,,,,,,,,,,,,,,,,,,,,,,,0,1,en_sh_ex_150_bt,,1,,30600,32550,,5,,,,,,,,,,,,,,,,,"23,28","NEW extension,Extension SoftBank 809SH"
1667,11544,748,517,Yes,136,2,カート用延長フラグ,Extension SoftBank 809SH,1,,,,,,,,*,sh/img001-ex.jpg,*,sh/img001-ex.jpg,,,,,,,,,,,,,,,,,,,,,,,0,1,en_sh_ex_150_bt,,1,,30600,32550,,5,,,,,,,,,,,,,,,,,"23,28","NEW extension,Extension SoftBank 809SH"
1667,11546,748,518,Yes,137,2,カート用延長フラグ,Extension SoftBank 809SH,1,,,,,,,,*,sh/img001-ex.jpg,*,sh/img001-ex.jpg,,,,,,,,,,,,,,,,,,,,,,,0,1,en_sh_ex_150_bt,,1,,30600,32550,,5,,,,,,,,,,,,,,,,,"23,28","NEW extension,Extension SoftBank 809SH"
1667,11548,748,519,Yes,138,2,カート用延長フラグ,Extension SoftBank 809SH,1,,,,,,,,*,sh/img001-ex.jpg,*,sh/img001-ex.jpg,,,,,,,,,,,,,,,,,,,,,,,0,1,en_sh_ex_150_bt,,1,,30600,32550,,5,,,,,,,,,,,,,,,,,"23,28","NEW extension,Extension SoftBank 809SH"
1667,11550,748,520,Yes,139,2,カート用延長フラグ,Extension SoftBank 809SH,1,,,,,,,,*,sh/img001-ex.jpg,*,sh/img001-ex.jpg,,,,,,,,,,,,,,,,,,,,,,,0,1,en_sh_ex_150_bt,,1,,30600,32550,,5,,,,,,,,,,,,,,,,,"23,28","NEW extension,Extension SoftBank 809SH"
1667,11552,748,521,Yes,140,2,カート用延長フラグ,Extension SoftBank 809SH,1,,,,,,,,*,sh/img001-ex.jpg,*,sh/img001-ex.jpg,,,,,,,,,,,,,,,,,,,,,,,0,1,en_sh_ex_150_bt,,1,,30600,32550,,5,,,,,,,,,,,,,,,,,"23,28","NEW extension,Extension SoftBank 809SH"
1667,11554,748,522,Yes,141,2,カート用延長フラグ,Extension SoftBank 809SH,1,,,,,,,,*,sh/img001-ex.jpg,*,sh/img001-ex.jpg,,,,,,,,,,,,,,,,,,,,,,,0,1,en_sh_ex_150_bt,,1,,30600,32550,,5,,,,,,,,,,,,,,,,,"23,28","NEW extension,Extension SoftBank 809SH"
1667,11556,748,523,Yes,142,2,カート用延長フラグ,Extension SoftBank 809SH,1,,,,,,,,*,sh/img001-ex.jpg,*,sh/img001-ex.jpg,,,,,,,,,,,,,,,,,,,,,,,0,1,en_sh_ex_150_bt,,1,,30600,32550,,5,,,,,,,,,,,,,,,,,"23,28","NEW extension,Extension SoftBank 809SH"
1667,11558,748,524,Yes,143,2,カート用延長フラグ,Extension SoftBank 809SH,1,,,,,,,,*,sh/img001-ex.jpg,*,sh/img001-ex.jpg,,,,,,,,,,,,,,,,,,,,,,,0,1,en_sh_ex_150_bt,,1,,30600,32550,,5,,,,,,,,,,,,,,,,,"23,28","NEW extension,Extension SoftBank 809SH"
1667,11560,748,525,Yes,144,2,カート用延長フラグ,Extension SoftBank 809SH,1,,,,,,,,*,sh/img001-ex.jpg,*,sh/img001-ex.jpg,,,,,,,,,,,,,,,,,,,,,,,0,1,en_sh_ex_150_bt,,1,,30600,32550,,5,,,,,,,,,,,,,,,,,"23,28","NEW extension,Extension SoftBank 809SH"
1667,11562,748,526,Yes,145,2,カート用延長フラグ,Extension SoftBank 809SH,1,,,,,,,,*,sh/img001-ex.jpg,*,sh/img001-ex.jpg,,,,,,,,,,,,,,,,,,,,,,,0,1,en_sh_ex_150_bt,,1,,30600,32550,,5,,,,,,,,,,,,,,,,,"23,28","NEW extension,Extension SoftBank 809SH"
1667,11564,748,527,Yes,146,2,カート用延長フラグ,Extension SoftBank 809SH,1,,,,,,,,*,sh/img001-ex.jpg,*,sh/img001-ex.jpg,,,,,,,,,,,,,,,,,,,,,,,0,1,en_sh_ex_150_bt,,1,,30600,32550,,5,,,,,,,,,,,,,,,,,"23,28","NEW extension,Extension SoftBank 809SH"
1667,11566,748,528,Yes,147,2,カート用延長フラグ,Extension SoftBank 809SH,1,,,,,,,,*,sh/img001-ex.jpg,*,sh/img001-ex.jpg,,,,,,,,,,,,,,,,,,,,,,,0,1,en_sh_ex_150_bt,,1,,30600,32550,,5,,,,,,,,,,,,,,,,,"23,28","NEW extension,Extension SoftBank 809SH"
1667,11568,748,529,Yes,148,2,カート用延長フラグ,Extension SoftBank 809SH,1,,,,,,,,*,sh/img001-ex.jpg,*,sh/img001-ex.jpg,,,,,,,,,,,,,,,,,,,,,,,0,1,en_sh_ex_150_bt,,1,,30600,32550,,5,,,,,,,,,,,,,,,,,"23,28","NEW extension,Extension SoftBank 809SH"
1667,11570,748,530,Yes,149,2,カート用延長フラグ,Extension SoftBank 809SH,1,,,,,,,,*,sh/img001-ex.jpg,*,sh/img001-ex.jpg,,,,,,,,,,,,,,,,,,,,,,,0,1,en_sh_ex_150_bt,,1,,30600,32550,,5,,,,,,,,,,,,,,,,,"23,28","NEW extension,Extension SoftBank 809SH"
1667,11572,748,531,Yes,150,2,カート用延長フラグ,Extension SoftBank 809SH,1,,,,,,,,*,sh/img001-ex.jpg,*,sh/img001-ex.jpg,,,,,,,,,,,,,,,,,,,,,,,0,1,en_sh_ex_150_bt,,1,,30600,32550,,5,,,,,,,,,,,,,,,,,"23,28","NEW extension,Extension SoftBank 809SH"
1667,11574,748,532,Yes,151,2,カート用延長フラグ,Extension SoftBank 809SH,1,,,,,,,,*,sh/img001-ex.jpg,*,sh/img001-ex.jpg,,,,,,,,,,,,,,,,,,,,,,,0,1,en_sh_ex_151_bt,,1,,31190,33190,,5,,,,,,,,,,,,,,,,,"23,28","NEW extension,Extension SoftBank 809SH"
1667,11576,748,533,Yes,152,2,カート用延長フラグ,Extension SoftBank 809SH,1,,,,,,,,*,sh/img001-ex.jpg,*,sh/img001-ex.jpg,,,,,,,,,,,,,,,,,,,,,,,0,1,en_sh_ex_152_bt,,1,,31780,33830,,5,,,,,,,,,,,,,,,,,"23,28","NEW extension,Extension SoftBank 809SH"
1667,11578,748,534,Yes,153,2,カート用延長フラグ,Extension SoftBank 809SH,1,,,,,,,,*,sh/img001-ex.jpg,*,sh/img001-ex.jpg,,,,,,,,,,,,,,,,,,,,,,,0,1,en_sh_ex_153_bt,,1,,32370,34470,,5,,,,,,,,,,,,,,,,,"23,28","NEW extension,Extension SoftBank 809SH"
1667,11580,748,535,Yes,154,2,カート用延長フラグ,Extension SoftBank 809SH,1,,,,,,,,*,sh/img001-ex.jpg,*,sh/img001-ex.jpg,,,,,,,,,,,,,,,,,,,,,,,0,1,en_sh_ex_154_bt,,1,,32960,35110,,5,,,,,,,,,,,,,,,,,"23,28","NEW extension,Extension SoftBank 809SH"
1667,11582,748,536,Yes,155,2,カート用延長フラグ,Extension SoftBank 809SH,1,,,,,,,,*,sh/img001-ex.jpg,*,sh/img001-ex.jpg,,,,,,,,,,,,,,,,,,,,,,,0,1,en_sh_ex_155_bt,,1,,33550,35750,,5,,,,,,,,,,,,,,,,,"23,28","NEW extension,Extension SoftBank 809SH"
1667,11584,748,537,Yes,156,2,カート用延長フラグ,Extension SoftBank 809SH,1,,,,,,,,*,sh/img001-ex.jpg,*,sh/img001-ex.jpg,,,,,,,,,,,,,,,,,,,,,,,0,1,en_sh_ex_180_bt,,1,,33600,35850,,5,,,,,,,,,,,,,,,,,"23,28","NEW extension,Extension SoftBank 809SH"
1667,11586,748,538,Yes,157,2,カート用延長フラグ,Extension SoftBank 809SH,1,,,,,,,,*,sh/img001-ex.jpg,*,sh/img001-ex.jpg,,,,,,,,,,,,,,,,,,,,,,,0,1,en_sh_ex_180_bt,,1,,33600,35850,,5,,,,,,,,,,,,,,,,,"23,28","NEW extension,Extension SoftBank 809SH"
1667,11588,748,539,Yes,158,2,カート用延長フラグ,Extension SoftBank 809SH,1,,,,,,,,*,sh/img001-ex.jpg,*,sh/img001-ex.jpg,,,,,,,,,,,,,,,,,,,,,,,0,1,en_sh_ex_180_bt,,1,,33600,35850,,5,,,,,,,,,,,,,,,,,"23,28","NEW extension,Extension SoftBank 809SH"
1667,11590,748,540,Yes,159,2,カート用延長フラグ,Extension SoftBank 809SH,1,,,,,,,,*,sh/img001-ex.jpg,*,sh/img001-ex.jpg,,,,,,,,,,,,,,,,,,,,,,,0,1,en_sh_ex_180_bt,,1,,33600,35850,,5,,,,,,,,,,,,,,,,,"23,28","NEW extension,Extension SoftBank 809SH"
1667,11592,748,541,Yes,160,2,カート用延長フラグ,Extension SoftBank 809SH,1,,,,,,,,*,sh/img001-ex.jpg,*,sh/img001-ex.jpg,,,,,,,,,,,,,,,,,,,,,,,0,1,en_sh_ex_180_bt,,1,,33600,35850,,5,,,,,,,,,,,,,,,,,"23,28","NEW extension,Extension SoftBank 809SH"
1667,11594,748,542,Yes,161,2,カート用延長フラグ,Extension SoftBank 809SH,1,,,,,,,,*,sh/img001-ex.jpg,*,sh/img001-ex.jpg,,,,,,,,,,,,,,,,,,,,,,,0,1,en_sh_ex_180_bt,,1,,33600,35850,,5,,,,,,,,,,,,,,,,,"23,28","NEW extension,Extension SoftBank 809SH"
1667,11596,748,543,Yes,162,2,カート用延長フラグ,Extension SoftBank 809SH,1,,,,,,,,*,sh/img001-ex.jpg,*,sh/img001-ex.jpg,,,,,,,,,,,,,,,,,,,,,,,0,1,en_sh_ex_180_bt,,1,,33600,35850,,5,,,,,,,,,,,,,,,,,"23,28","NEW extension,Extension SoftBank 809SH"
1667,11598,748,544,Yes,163,2,カート用延長フラグ,Extension SoftBank 809SH,1,,,,,,,,*,sh/img001-ex.jpg,*,sh/img001-ex.jpg,,,,,,,,,,,,,,,,,,,,,,,0,1,en_sh_ex_180_bt,,1,,33600,35850,,5,,,,,,,,,,,,,,,,,"23,28","NEW extension,Extension SoftBank 809SH"
1667,11600,748,545,Yes,164,2,カート用延長フラグ,Extension SoftBank 809SH,1,,,,,,,,*,sh/img001-ex.jpg,*,sh/img001-ex.jpg,,,,,,,,,,,,,,,,,,,,,,,0,1,en_sh_ex_180_bt,,1,,33600,35850,,5,,,,,,,,,,,,,,,,,"23,28","NEW extension,Extension SoftBank 809SH"
1667,11602,748,546,Yes,165,2,カート用延長フラグ,Extension SoftBank 809SH,1,,,,,,,,*,sh/img001-ex.jpg,*,sh/img001-ex.jpg,,,,,,,,,,,,,,,,,,,,,,,0,1,en_sh_ex_180_bt,,1,,33600,35850,,5,,,,,,,,,,,,,,,,,"23,28","NEW extension,Extension SoftBank 809SH"
1667,11604,748,547,Yes,166,2,カート用延長フラグ,Extension SoftBank 809SH,1,,,,,,,,*,sh/img001-ex.jpg,*,sh/img001-ex.jpg,,,,,,,,,,,,,,,,,,,,,,,0,1,en_sh_ex_180_bt,,1,,33600,35850,,5,,,,,,,,,,,,,,,,,"23,28","NEW extension,Extension SoftBank 809SH"
1667,11606,748,548,Yes,167,2,カート用延長フラグ,Extension SoftBank 809SH,1,,,,,,,,*,sh/img001-ex.jpg,*,sh/img001-ex.jpg,,,,,,,,,,,,,,,,,,,,,,,0,1,en_sh_ex_180_bt,,1,,33600,35850,,5,,,,,,,,,,,,,,,,,"23,28","NEW extension,Extension SoftBank 809SH"
1667,11608,748,549,Yes,168,2,カート用延長フラグ,Extension SoftBank 809SH,1,,,,,,,,*,sh/img001-ex.jpg,*,sh/img001-ex.jpg,,,,,,,,,,,,,,,,,,,,,,,0,1,en_sh_ex_180_bt,,1,,33600,35850,,5,,,,,,,,,,,,,,,,,"23,28","NEW extension,Extension SoftBank 809SH"
1667,11610,748,550,Yes,169,2,カート用延長フラグ,Extension SoftBank 809SH,1,,,,,,,,*,sh/img001-ex.jpg,*,sh/img001-ex.jpg,,,,,,,,,,,,,,,,,,,,,,,0,1,en_sh_ex_180_bt,,1,,33600,35850,,5,,,,,,,,,,,,,,,,,"23,28","NEW extension,Extension SoftBank 809SH"
1667,11612,748,551,Yes,170,2,カート用延長フラグ,Extension SoftBank 809SH,1,,,,,,,,*,sh/img001-ex.jpg,*,sh/img001-ex.jpg,,,,,,,,,,,,,,,,,,,,,,,0,1,en_sh_ex_180_bt,,1,,33600,35850,,5,,,,,,,,,,,,,,,,,"23,28","NEW extension,Extension SoftBank 809SH"
1667,11614,748,552,Yes,171,2,カート用延長フラグ,Extension SoftBank 809SH,1,,,,,,,,*,sh/img001-ex.jpg,*,sh/img001-ex.jpg,,,,,,,,,,,,,,,,,,,,,,,0,1,en_sh_ex_180_bt,,1,,33600,35850,,5,,,,,,,,,,,,,,,,,"23,28","NEW extension,Extension SoftBank 809SH"
1667,11616,748,553,Yes,172,2,カート用延長フラグ,Extension SoftBank 809SH,1,,,,,,,,*,sh/img001-ex.jpg,*,sh/img001-ex.jpg,,,,,,,,,,,,,,,,,,,,,,,0,1,en_sh_ex_180_bt,,1,,33600,35850,,5,,,,,,,,,,,,,,,,,"23,28","NEW extension,Extension SoftBank 809SH"
1667,11618,748,554,Yes,173,2,カート用延長フラグ,Extension SoftBank 809SH,1,,,,,,,,*,sh/img001-ex.jpg,*,sh/img001-ex.jpg,,,,,,,,,,,,,,,,,,,,,,,0,1,en_sh_ex_180_bt,,1,,33600,35850,,5,,,,,,,,,,,,,,,,,"23,28","NEW extension,Extension SoftBank 809SH"
1667,11620,748,555,Yes,174,2,カート用延長フラグ,Extension SoftBank 809SH,1,,,,,,,,*,sh/img001-ex.jpg,*,sh/img001-ex.jpg,,,,,,,,,,,,,,,,,,,,,,,0,1,en_sh_ex_180_bt,,1,,33600,35850,,5,,,,,,,,,,,,,,,,,"23,28","NEW extension,Extension SoftBank 809SH"
1667,11622,748,556,Yes,175,2,カート用延長フラグ,Extension SoftBank 809SH,1,,,,,,,,*,sh/img001-ex.jpg,*,sh/img001-ex.jpg,,,,,,,,,,,,,,,,,,,,,,,0,1,en_sh_ex_180_bt,,1,,33600,35850,,5,,,,,,,,,,,,,,,,,"23,28","NEW extension,Extension SoftBank 809SH"
1667,11624,748,557,Yes,176,2,カート用延長フラグ,Extension SoftBank 809SH,1,,,,,,,,*,sh/img001-ex.jpg,*,sh/img001-ex.jpg,,,,,,,,,,,,,,,,,,,,,,,0,1,en_sh_ex_180_bt,,1,,33600,35850,,5,,,,,,,,,,,,,,,,,"23,28","NEW extension,Extension SoftBank 809SH"
1667,11626,748,558,Yes,177,2,カート用延長フラグ,Extension SoftBank 809SH,1,,,,,,,,*,sh/img001-ex.jpg,*,sh/img001-ex.jpg,,,,,,,,,,,,,,,,,,,,,,,0,1,en_sh_ex_180_bt,,1,,33600,35850,,5,,,,,,,,,,,,,,,,,"23,28","NEW extension,Extension SoftBank 809SH"
1667,11628,748,559,Yes,178,2,カート用延長フラグ,Extension SoftBank 809SH,1,,,,,,,,*,sh/img001-ex.jpg,*,sh/img001-ex.jpg,,,,,,,,,,,,,,,,,,,,,,,0,1,en_sh_ex_180_bt,,1,,33600,35850,,5,,,,,,,,,,,,,,,,,"23,28","NEW extension,Extension SoftBank 809SH"
1667,11630,748,560,Yes,179,2,カート用延長フラグ,Extension SoftBank 809SH,1,,,,,,,,*,sh/img001-ex.jpg,*,sh/img001-ex.jpg,,,,,,,,,,,,,,,,,,,,,,,0,1,en_sh_ex_180_bt,,1,,33600,35850,,5,,,,,,,,,,,,,,,,,"23,28","NEW extension,Extension SoftBank 809SH"
1667,11632,748,561,Yes,180,2,カート用延長フラグ,Extension SoftBank 809SH,1,,,,,,,,*,sh/img001-ex.jpg,*,sh/img001-ex.jpg,,,,,,,,,,,,,,,,,,,,,,,0,1,en_sh_ex_180_bt,,1,,33600,35850,,5,,,,,,,,,,,,,,,,,"23,28","NEW extension,Extension SoftBank 809SH"
1667,11634,748,562,Yes,181,2,カート用延長フラグ,Extension SoftBank 809SH,1,,,,,,,,*,sh/img001-ex.jpg,*,sh/img001-ex.jpg,,,,,,,,,,,,,,,,,,,,,,,0,1,en_sh_ex_181_bt,,1,,34190,36490,,5,,,,,,,,,,,,,,,,,"23,28","NEW extension,Extension SoftBank 809SH"
1667,11636,748,563,Yes,182,2,カート用延長フラグ,Extension SoftBank 809SH,1,,,,,,,,*,sh/img001-ex.jpg,*,sh/img001-ex.jpg,,,,,,,,,,,,,,,,,,,,,,,0,1,en_sh_ex_182_bt,,1,,34780,37130,,5,,,,,,,,,,,,,,,,,"23,28","NEW extension,Extension SoftBank 809SH"
1667,11638,748,564,Yes,183,2,カート用延長フラグ,Extension SoftBank 809SH,1,,,,,,,,*,sh/img001-ex.jpg,*,sh/img001-ex.jpg,,,,,,,,,,,,,,,,,,,,,,,0,1,en_sh_ex_183_bt,,1,,35370,37770,,5,,,,,,,,,,,,,,,,,"23,28","NEW extension,Extension SoftBank 809SH"
1667,11640,748,565,Yes,184,2,カート用延長フラグ,Extension SoftBank 809SH,1,,,,,,,,*,sh/img001-ex.jpg,*,sh/img001-ex.jpg,,,,,,,,,,,,,,,,,,,,,,,0,1,en_sh_ex_184_bt,,1,,35960,38410,,5,,,,,,,,,,,,,,,,,"23,28","NEW extension,Extension SoftBank 809SH"
1667,11642,748,566,Yes,185,2,カート用延長フラグ,Extension SoftBank 809SH,1,,,,,,,,*,sh/img001-ex.jpg,*,sh/img001-ex.jpg,,,,,,,,,,,,,,,,,,,,,,,0,1,en_sh_ex_185_bt,,1,,36550,39050,,5,,,,,,,,,,,,,,,,,"23,28","NEW extension,Extension SoftBank 809SH"
1667,11644,748,567,Yes,186,2,カート用延長フラグ,Extension SoftBank 809SH,1,,,,,,,,*,sh/img001-ex.jpg,*,sh/img001-ex.jpg,,,,,,,,,,,,,,,,,,,,,,,0,1,en_sh_ex_186_bt,,1,,37140,39690,,5,,,,,,,,,,,,,,,,,"23,28","NEW extension,Extension SoftBank 809SH"
1667,11646,748,568,Yes,187,2,カート用延長フラグ,Extension SoftBank 809SH,1,,,,,,,,*,sh/img001-ex.jpg,*,sh/img001-ex.jpg,,,,,,,,,,,,,,,,,,,,,,,0,1,en_sh_ex_187_bt,,1,,37730,40330,,5,,,,,,,,,,,,,,,,,"23,28","NEW extension,Extension SoftBank 809SH"
1667,11648,748,569,Yes,188,2,カート用延長フラグ,Extension SoftBank 809SH,1,,,,,,,,*,sh/img001-ex.jpg,*,sh/img001-ex.jpg,,,,,,,,,,,,,,,,,,,,,,,0,1,en_sh_ex_188_bt,,1,,38320,40970,,5,,,,,,,,,,,,,,,,,"23,28","NEW extension,Extension SoftBank 809SH"
1667,11650,748,570,Yes,189,2,カート用延長フラグ,Extension SoftBank 809SH,1,,,,,,,,*,sh/img001-ex.jpg,*,sh/img001-ex.jpg,,,,,,,,,,,,,,,,,,,,,,,0,1,en_sh_ex_189_bt,,1,,38910,41610,,5,,,,,,,,,,,,,,,,,"23,28","NEW extension,Extension SoftBank 809SH"
1667,11652,748,571,Yes,190,2,カート用延長フラグ,Extension SoftBank 809SH,1,,,,,,,,*,sh/img001-ex.jpg,*,sh/img001-ex.jpg,,,,,,,,,,,,,,,,,,,,,,,0,1,en_sh_ex_190_bt,,1,,39500,42250,,5,,,,,,,,,,,,,,,,,"23,28","NEW extension,Extension SoftBank 809SH"
1667,11654,748,572,Yes,191,2,カート用延長フラグ,Extension SoftBank 809SH,1,,,,,,,,*,sh/img001-ex.jpg,*,sh/img001-ex.jpg,,,,,,,,,,,,,,,,,,,,,,,0,1,en_sh_ex_191_bt,,1,,40090,42890,,5,,,,,,,,,,,,,,,,,"23,28","NEW extension,Extension SoftBank 809SH"
1667,11656,748,573,Yes,192,2,カート用延長フラグ,Extension SoftBank 809SH,1,,,,,,,,*,sh/img001-ex.jpg,*,sh/img001-ex.jpg,,,,,,,,,,,,,,,,,,,,,,,0,1,en_sh_ex_192_bt,,1,,40680,43530,,5,,,,,,,,,,,,,,,,,"23,28","NEW extension,Extension SoftBank 809SH"
1667,11658,748,574,Yes,193,2,カート用延長フラグ,Extension SoftBank 809SH,1,,,,,,,,*,sh/img001-ex.jpg,*,sh/img001-ex.jpg,,,,,,,,,,,,,,,,,,,,,,,0,1,en_sh_ex_193_bt,,1,,41270,44170,,5,,,,,,,,,,,,,,,,,"23,28","NEW extension,Extension SoftBank 809SH"
1667,11660,748,575,Yes,194,2,カート用延長フラグ,Extension SoftBank 809SH,1,,,,,,,,*,sh/img001-ex.jpg,*,sh/img001-ex.jpg,,,,,,,,,,,,,,,,,,,,,,,0,1,en_sh_ex_194_bt,,1,,41860,44810,,5,,,,,,,,,,,,,,,,,"23,28","NEW extension,Extension SoftBank 809SH"
1667,11662,748,576,Yes,195,2,カート用延長フラグ,Extension SoftBank 809SH,1,,,,,,,,*,sh/img001-ex.jpg,*,sh/img001-ex.jpg,,,,,,,,,,,,,,,,,,,,,,,0,1,en_sh_ex_211_bt,,1,,42450,45450,,5,,,,,,,,,,,,,,,,,"23,28","NEW extension,Extension SoftBank 809SH"
1667,11664,748,577,Yes,196,2,カート用延長フラグ,Extension SoftBank 809SH,1,,,,,,,,*,sh/img001-ex.jpg,*,sh/img001-ex.jpg,,,,,,,,,,,,,,,,,,,,,,,0,1,en_sh_ex_211_bt,,1,,42450,45450,,5,,,,,,,,,,,,,,,,,"23,28","NEW extension,Extension SoftBank 809SH"
1667,11666,748,578,Yes,197,2,カート用延長フラグ,Extension SoftBank 809SH,1,,,,,,,,*,sh/img001-ex.jpg,*,sh/img001-ex.jpg,,,,,,,,,,,,,,,,,,,,,,,0,1,en_sh_ex_211_bt,,1,,42450,45450,,5,,,,,,,,,,,,,,,,,"23,28","NEW extension,Extension SoftBank 809SH"
1667,11668,748,579,Yes,198,2,カート用延長フラグ,Extension SoftBank 809SH,1,,,,,,,,*,sh/img001-ex.jpg,*,sh/img001-ex.jpg,,,,,,,,,,,,,,,,,,,,,,,0,1,en_sh_ex_211_bt,,1,,42450,45450,,5,,,,,,,,,,,,,,,,,"23,28","NEW extension,Extension SoftBank 809SH"
1667,11670,748,580,Yes,199,2,カート用延長フラグ,Extension SoftBank 809SH,1,,,,,,,,*,sh/img001-ex.jpg,*,sh/img001-ex.jpg,,,,,,,,,,,,,,,,,,,,,,,0,1,en_sh_ex_211_bt,,1,,42450,45450,,5,,,,,,,,,,,,,,,,,"23,28","NEW extension,Extension SoftBank 809SH"
1667,11672,748,581,Yes,200,2,カート用延長フラグ,Extension SoftBank 809SH,1,,,,,,,,*,sh/img001-ex.jpg,*,sh/img001-ex.jpg,,,,,,,,,,,,,,,,,,,,,,,0,1,en_sh_ex_211_bt,,1,,42450,45450,,5,,,,,,,,,,,,,,,,,"23,28","NEW extension,Extension SoftBank 809SH"
1667,11674,748,582,Yes,201,2,カート用延長フラグ,Extension SoftBank 809SH,1,,,,,,,,*,sh/img001-ex.jpg,*,sh/img001-ex.jpg,,,,,,,,,,,,,,,,,,,,,,,0,1,en_sh_ex_211_bt,,1,,42450,45450,,5,,,,,,,,,,,,,,,,,"23,28","NEW extension,Extension SoftBank 809SH"
1667,11676,748,583,Yes,202,2,カート用延長フラグ,Extension SoftBank 809SH,1,,,,,,,,*,sh/img001-ex.jpg,*,sh/img001-ex.jpg,,,,,,,,,,,,,,,,,,,,,,,0,1,en_sh_ex_211_bt,,1,,42450,45450,,5,,,,,,,,,,,,,,,,,"23,28","NEW extension,Extension SoftBank 809SH"
1667,11678,748,584,Yes,203,2,カート用延長フラグ,Extension SoftBank 809SH,1,,,,,,,,*,sh/img001-ex.jpg,*,sh/img001-ex.jpg,,,,,,,,,,,,,,,,,,,,,,,0,1,en_sh_ex_211_bt,,1,,42450,45450,,5,,,,,,,,,,,,,,,,,"23,28","NEW extension,Extension SoftBank 809SH"
1667,11680,748,585,Yes,204,2,カート用延長フラグ,Extension SoftBank 809SH,1,,,,,,,,*,sh/img001-ex.jpg,*,sh/img001-ex.jpg,,,,,,,,,,,,,,,,,,,,,,,0,1,en_sh_ex_211_bt,,1,,42450,45450,,5,,,,,,,,,,,,,,,,,"23,28","NEW extension,Extension SoftBank 809SH"
1667,11682,748,586,Yes,205,2,カート用延長フラグ,Extension SoftBank 809SH,1,,,,,,,,*,sh/img001-ex.jpg,*,sh/img001-ex.jpg,,,,,,,,,,,,,,,,,,,,,,,0,1,en_sh_ex_211_bt,,1,,42450,45450,,5,,,,,,,,,,,,,,,,,"23,28","NEW extension,Extension SoftBank 809SH"
1667,11684,748,587,Yes,206,2,カート用延長フラグ,Extension SoftBank 809SH,1,,,,,,,,*,sh/img001-ex.jpg,*,sh/img001-ex.jpg,,,,,,,,,,,,,,,,,,,,,,,0,1,en_sh_ex_211_bt,,1,,42450,45450,,5,,,,,,,,,,,,,,,,,"23,28","NEW extension,Extension SoftBank 809SH"
1667,11686,748,588,Yes,207,2,カート用延長フラグ,Extension SoftBank 809SH,1,,,,,,,,*,sh/img001-ex.jpg,*,sh/img001-ex.jpg,,,,,,,,,,,,,,,,,,,,,,,0,1,en_sh_ex_211_bt,,1,,42450,45450,,5,,,,,,,,,,,,,,,,,"23,28","NEW extension,Extension SoftBank 809SH"
1667,11688,748,589,Yes,208,2,カート用延長フラグ,Extension SoftBank 809SH,1,,,,,,,,*,sh/img001-ex.jpg,*,sh/img001-ex.jpg,,,,,,,,,,,,,,,,,,,,,,,0,1,en_sh_ex_211_bt,,1,,42450,45450,,5,,,,,,,,,,,,,,,,,"23,28","NEW extension,Extension SoftBank 809SH"
1667,11690,748,590,Yes,209,2,カート用延長フラグ,Extension SoftBank 809SH,1,,,,,,,,*,sh/img001-ex.jpg,*,sh/img001-ex.jpg,,,,,,,,,,,,,,,,,,,,,,,0,1,en_sh_ex_211_bt,,1,,42450,45450,,5,,,,,,,,,,,,,,,,,"23,28","NEW extension,Extension SoftBank 809SH"
1667,11692,748,591,Yes,210,2,カート用延長フラグ,Extension SoftBank 809SH,1,,,,,,,,*,sh/img001-ex.jpg,*,sh/img001-ex.jpg,,,,,,,,,,,,,,,,,,,,,,,0,1,en_sh_ex_211_bt,,1,,42450,45450,,5,,,,,,,,,,,,,,,,,"23,28","NEW extension,Extension SoftBank 809SH"
1667,11694,748,592,Yes,211,2,カート用延長フラグ,Extension SoftBank 809SH,1,,,,,,,,*,sh/img001-ex.jpg,*,sh/img001-ex.jpg,,,,,,,,,,,,,,,,,,,,,,,0,1,en_sh_ex_211_bt,,1,,42450,45450,,5,,,,,,,,,,,,,,,,,"23,28","NEW extension,Extension SoftBank 809SH"
1667,11696,748,593,Yes,212,2,カート用延長フラグ,Extension SoftBank 809SH,1,,,,,,,,*,sh/img001-ex.jpg,*,sh/img001-ex.jpg,,,,,,,,,,,,,,,,,,,,,,,0,1,en_sh_ex_212_bt,,1,,43040,46090,,5,,,,,,,,,,,,,,,,,"23,28","NEW extension,Extension SoftBank 809SH"
1667,11698,748,594,Yes,213,2,カート用延長フラグ,Extension SoftBank 809SH,1,,,,,,,,*,sh/img001-ex.jpg,*,sh/img001-ex.jpg,,,,,,,,,,,,,,,,,,,,,,,0,1,en_sh_ex_213_bt,,1,,43630,46730,,5,,,,,,,,,,,,,,,,,"23,28","NEW extension,Extension SoftBank 809SH"
1667,11700,748,595,Yes,214,2,カート用延長フラグ,Extension SoftBank 809SH,1,,,,,,,,*,sh/img001-ex.jpg,*,sh/img001-ex.jpg,,,,,,,,,,,,,,,,,,,,,,,0,1,en_sh_ex_214_bt,,1,,44220,47370,,5,,,,,,,,,,,,,,,,,"23,28","NEW extension,Extension SoftBank 809SH"
1667,11702,748,596,Yes,215,2,カート用延長フラグ,Extension SoftBank 809SH,1,,,,,,,,*,sh/img001-ex.jpg,*,sh/img001-ex.jpg,,,,,,,,,,,,,,,,,,,,,,,0,1,en_sh_ex_215_bt,,1,,44810,48010,,5,,,,,,,,,,,,,,,,,"23,28","NEW extension,Extension SoftBank 809SH"
1667,11704,748,597,Yes,216,2,カート用延長フラグ,Extension SoftBank 809SH,1,,,,,,,,*,sh/img001-ex.jpg,*,sh/img001-ex.jpg,,,,,,,,,,,,,,,,,,,,,,,0,1,en_sh_ex_216_bt,,1,,45400,48650,,5,,,,,,,,,,,,,,,,,"23,28","NEW extension,Extension SoftBank 809SH"
1667,11706,748,598,Yes,217,2,カート用延長フラグ,Extension SoftBank 809SH,1,,,,,,,,*,sh/img001-ex.jpg,*,sh/img001-ex.jpg,,,,,,,,,,,,,,,,,,,,,,,0,1,en_sh_ex_217_bt,,1,,45990,49290,,5,,,,,,,,,,,,,,,,,"23,28","NEW extension,Extension SoftBank 809SH"
1667,11708,748,599,Yes,218,2,カート用延長フラグ,Extension SoftBank 809SH,1,,,,,,,,*,sh/img001-ex.jpg,*,sh/img001-ex.jpg,,,,,,,,,,,,,,,,,,,,,,,0,1,en_sh_ex_218_bt,,1,,46580,49880,,5,,,,,,,,,,,,,,,,,"23,28","NEW extension,Extension SoftBank 809SH"
1667,11710,748,600,Yes,219,2,カート用延長フラグ,Extension SoftBank 809SH,1,,,,,,,,*,sh/img001-ex.jpg,*,sh/img001-ex.jpg,,,,,,,,,,,,,,,,,,,,,,,0,1,en_sh_ex_219_bt,,1,,47170,50470,,5,,,,,,,,,,,,,,,,,"23,28","NEW extension,Extension SoftBank 809SH"
1667,11712,748,601,Yes,220,2,カート用延長フラグ,Extension SoftBank 809SH,1,,,,,,,,*,sh/img001-ex.jpg,*,sh/img001-ex.jpg,,,,,,,,,,,,,,,,,,,,,,,0,1,en_sh_ex_220_bt,,1,,47760,51060,,5,,,,,,,,,,,,,,,,,"23,28","NEW extension,Extension SoftBank 809SH"
1667,11714,748,602,Yes,221,2,カート用延長フラグ,Extension SoftBank 809SH,1,,,,,,,,*,sh/img001-ex.jpg,*,sh/img001-ex.jpg,,,,,,,,,,,,,,,,,,,,,,,0,1,en_sh_ex_221_bt,,1,,48350,51650,,5,,,,,,,,,,,,,,,,,"23,28","NEW extension,Extension SoftBank 809SH"
1667,11716,748,603,Yes,222,2,カート用延長フラグ,Extension SoftBank 809SH,1,,,,,,,,*,sh/img001-ex.jpg,*,sh/img001-ex.jpg,,,,,,,,,,,,,,,,,,,,,,,0,1,en_sh_ex_222_bt,,1,,48940,52240,,5,,,,,,,,,,,,,,,,,"23,28","NEW extension,Extension SoftBank 809SH"
1667,11718,748,604,Yes,223,2,カート用延長フラグ,Extension SoftBank 809SH,1,,,,,,,,*,sh/img001-ex.jpg,*,sh/img001-ex.jpg,,,,,,,,,,,,,,,,,,,,,,,0,1,en_sh_ex_241_bt,,1,,49300,52600,,5,,,,,,,,,,,,,,,,,"23,28","NEW extension,Extension SoftBank 809SH"
1667,11720,748,605,Yes,224,2,カート用延長フラグ,Extension SoftBank 809SH,1,,,,,,,,*,sh/img001-ex.jpg,*,sh/img001-ex.jpg,,,,,,,,,,,,,,,,,,,,,,,0,1,en_sh_ex_241_bt,,1,,49300,52600,,5,,,,,,,,,,,,,,,,,"23,28","NEW extension,Extension SoftBank 809SH"
1667,11722,748,606,Yes,225,2,カート用延長フラグ,Extension SoftBank 809SH,1,,,,,,,,*,sh/img001-ex.jpg,*,sh/img001-ex.jpg,,,,,,,,,,,,,,,,,,,,,,,0,1,en_sh_ex_241_bt,,1,,49300,52600,,5,,,,,,,,,,,,,,,,,"23,28","NEW extension,Extension SoftBank 809SH"
1667,11724,748,607,Yes,226,2,カート用延長フラグ,Extension SoftBank 809SH,1,,,,,,,,*,sh/img001-ex.jpg,*,sh/img001-ex.jpg,,,,,,,,,,,,,,,,,,,,,,,0,1,en_sh_ex_241_bt,,1,,49300,52600,,5,,,,,,,,,,,,,,,,,"23,28","NEW extension,Extension SoftBank 809SH"
1667,11726,748,608,Yes,227,2,カート用延長フラグ,Extension SoftBank 809SH,1,,,,,,,,*,sh/img001-ex.jpg,*,sh/img001-ex.jpg,,,,,,,,,,,,,,,,,,,,,,,0,1,en_sh_ex_241_bt,,1,,49300,52600,,5,,,,,,,,,,,,,,,,,"23,28","NEW extension,Extension SoftBank 809SH"
1667,11728,748,609,Yes,228,2,カート用延長フラグ,Extension SoftBank 809SH,1,,,,,,,,*,sh/img001-ex.jpg,*,sh/img001-ex.jpg,,,,,,,,,,,,,,,,,,,,,,,0,1,en_sh_ex_241_bt,,1,,49300,52600,,5,,,,,,,,,,,,,,,,,"23,28","NEW extension,Extension SoftBank 809SH"
1667,11730,748,610,Yes,229,2,カート用延長フラグ,Extension SoftBank 809SH,1,,,,,,,,*,sh/img001-ex.jpg,*,sh/img001-ex.jpg,,,,,,,,,,,,,,,,,,,,,,,0,1,en_sh_ex_241_bt,,1,,49300,52600,,5,,,,,,,,,,,,,,,,,"23,28","NEW extension,Extension SoftBank 809SH"
1667,11732,748,611,Yes,230,2,カート用延長フラグ,Extension SoftBank 809SH,1,,,,,,,,*,sh/img001-ex.jpg,*,sh/img001-ex.jpg,,,,,,,,,,,,,,,,,,,,,,,0,1,en_sh_ex_241_bt,,1,,49300,52600,,5,,,,,,,,,,,,,,,,,"23,28","NEW extension,Extension SoftBank 809SH"
1667,11734,748,612,Yes,231,2,カート用延長フラグ,Extension SoftBank 809SH,1,,,,,,,,*,sh/img001-ex.jpg,*,sh/img001-ex.jpg,,,,,,,,,,,,,,,,,,,,,,,0,1,en_sh_ex_241_bt,,1,,49300,52600,,5,,,,,,,,,,,,,,,,,"23,28","NEW extension,Extension SoftBank 809SH"
1667,11736,748,613,Yes,232,2,カート用延長フラグ,Extension SoftBank 809SH,1,,,,,,,,*,sh/img001-ex.jpg,*,sh/img001-ex.jpg,,,,,,,,,,,,,,,,,,,,,,,0,1,en_sh_ex_241_bt,,1,,49300,52600,,5,,,,,,,,,,,,,,,,,"23,28","NEW extension,Extension SoftBank 809SH"
1667,11738,748,614,Yes,233,2,カート用延長フラグ,Extension SoftBank 809SH,1,,,,,,,,*,sh/img001-ex.jpg,*,sh/img001-ex.jpg,,,,,,,,,,,,,,,,,,,,,,,0,1,en_sh_ex_241_bt,,1,,49300,52600,,5,,,,,,,,,,,,,,,,,"23,28","NEW extension,Extension SoftBank 809SH"
1667,11740,748,615,Yes,234,2,カート用延長フラグ,Extension SoftBank 809SH,1,,,,,,,,*,sh/img001-ex.jpg,*,sh/img001-ex.jpg,,,,,,,,,,,,,,,,,,,,,,,0,1,en_sh_ex_241_bt,,1,,49300,52600,,5,,,,,,,,,,,,,,,,,"23,28","NEW extension,Extension SoftBank 809SH"
1667,11742,748,616,Yes,235,2,カート用延長フラグ,Extension SoftBank 809SH,1,,,,,,,,*,sh/img001-ex.jpg,*,sh/img001-ex.jpg,,,,,,,,,,,,,,,,,,,,,,,0,1,en_sh_ex_241_bt,,1,,49300,52600,,5,,,,,,,,,,,,,,,,,"23,28","NEW extension,Extension SoftBank 809SH"
1667,11744,748,617,Yes,236,2,カート用延長フラグ,Extension SoftBank 809SH,1,,,,,,,,*,sh/img001-ex.jpg,*,sh/img001-ex.jpg,,,,,,,,,,,,,,,,,,,,,,,0,1,en_sh_ex_241_bt,,1,,49300,52600,,5,,,,,,,,,,,,,,,,,"23,28","NEW extension,Extension SoftBank 809SH"
1667,11746,748,618,Yes,237,2,カート用延長フラグ,Extension SoftBank 809SH,1,,,,,,,,*,sh/img001-ex.jpg,*,sh/img001-ex.jpg,,,,,,,,,,,,,,,,,,,,,,,0,1,en_sh_ex_241_bt,,1,,49300,52600,,5,,,,,,,,,,,,,,,,,"23,28","NEW extension,Extension SoftBank 809SH"
1667,11748,748,619,Yes,238,2,カート用延長フラグ,Extension SoftBank 809SH,1,,,,,,,,*,sh/img001-ex.jpg,*,sh/img001-ex.jpg,,,,,,,,,,,,,,,,,,,,,,,0,1,en_sh_ex_241_bt,,1,,49300,52600,,5,,,,,,,,,,,,,,,,,"23,28","NEW extension,Extension SoftBank 809SH"
1667,11750,748,620,Yes,239,2,カート用延長フラグ,Extension SoftBank 809SH,1,,,,,,,,*,sh/img001-ex.jpg,*,sh/img001-ex.jpg,,,,,,,,,,,,,,,,,,,,,,,0,1,en_sh_ex_241_bt,,1,,49300,52600,,5,,,,,,,,,,,,,,,,,"23,28","NEW extension,Extension SoftBank 809SH"
1667,11752,748,621,Yes,240,2,カート用延長フラグ,Extension SoftBank 809SH,1,,,,,,,,*,sh/img001-ex.jpg,*,sh/img001-ex.jpg,,,,,,,,,,,,,,,,,,,,,,,0,1,en_sh_ex_241_bt,,1,,49300,52600,,5,,,,,,,,,,,,,,,,,"23,28","NEW extension,Extension SoftBank 809SH"
1667,11754,748,622,Yes,241,2,カート用延長フラグ,Extension SoftBank 809SH,1,,,,,,,,*,sh/img001-ex.jpg,*,sh/img001-ex.jpg,,,,,,,,,,,,,,,,,,,,,,,0,1,en_sh_ex_241_bt,,1,,49300,52600,,5,,,,,,,,,,,,,,,,,"23,28","NEW extension,Extension SoftBank 809SH"
1667,11756,748,623,Yes,242,2,カート用延長フラグ,Extension SoftBank 809SH,1,,,,,,,,*,sh/img001-ex.jpg,*,sh/img001-ex.jpg,,,,,,,,,,,,,,,,,,,,,,,0,1,en_sh_ex_242_bt,,1,,49890,53240,,5,,,,,,,,,,,,,,,,,"23,28","NEW extension,Extension SoftBank 809SH"
1667,11758,748,624,Yes,243,2,カート用延長フラグ,Extension SoftBank 809SH,1,,,,,,,,*,sh/img001-ex.jpg,*,sh/img001-ex.jpg,,,,,,,,,,,,,,,,,,,,,,,0,1,en_sh_ex_243_bt,,1,,50480,53880,,5,,,,,,,,,,,,,,,,,"23,28","NEW extension,Extension SoftBank 809SH"
1667,11760,748,625,Yes,244,2,カート用延長フラグ,Extension SoftBank 809SH,1,,,,,,,,*,sh/img001-ex.jpg,*,sh/img001-ex.jpg,,,,,,,,,,,,,,,,,,,,,,,0,1,en_sh_ex_245_bt,,1,,51660,55160,,5,,,,,,,,,,,,,,,,,"23,28","NEW extension,Extension SoftBank 809SH"
1667,11762,748,626,Yes,245,2,カート用延長フラグ,Extension SoftBank 809SH,1,,,,,,,,*,sh/img001-ex.jpg,*,sh/img001-ex.jpg,,,,,,,,,,,,,,,,,,,,,,,0,1,en_sh_ex_246_bt,,1,,52250,55800,,5,,,,,,,,,,,,,,,,,"23,28","NEW extension,Extension SoftBank 809SH"
1667,11764,748,627,Yes,246,2,カート用延長フラグ,Extension SoftBank 809SH,1,,,,,,,,*,sh/img001-ex.jpg,*,sh/img001-ex.jpg,,,,,,,,,,,,,,,,,,,,,,,0,1,en_sh_ex_244_bt,,1,,51070,54520,,5,,,,,,,,,,,,,,,,,"23,28","NEW extension,Extension SoftBank 809SH"
1667,11766,748,628,Yes,247,2,カート用延長フラグ,Extension SoftBank 809SH,1,,,,,,,,*,sh/img001-ex.jpg,*,sh/img001-ex.jpg,,,,,,,,,,,,,,,,,,,,,,,0,1,en_sh_ex_247_bt,,1,,52840,56440,,5,,,,,,,,,,,,,,,,,"23,28","NEW extension,Extension SoftBank 809SH"
1667,11768,748,629,Yes,248,2,カート用延長フラグ,Extension SoftBank 809SH,1,,,,,,,,*,sh/img001-ex.jpg,*,sh/img001-ex.jpg,,,,,,,,,,,,,,,,,,,,,,,0,1,en_sh_ex_248_bt,,1,,53430,57030,,5,,,,,,,,,,,,,,,,,"23,28","NEW extension,Extension SoftBank 809SH"
1667,11770,748,630,Yes,249,2,カート用延長フラグ,Extension SoftBank 809SH,1,,,,,,,,*,sh/img001-ex.jpg,*,sh/img001-ex.jpg,,,,,,,,,,,,,,,,,,,,,,,0,1,en_sh_ex_249_bt,,1,,54020,57620,,5,,,,,,,,,,,,,,,,,"23,28","NEW extension,Extension SoftBank 809SH"
1667,11772,748,631,Yes,250,2,カート用延長フラグ,Extension SoftBank 809SH,1,,,,,,,,*,sh/img001-ex.jpg,*,sh/img001-ex.jpg,,,,,,,,,,,,,,,,,,,,,,,0,1,en_sh_ex_250_bt,,1,,54610,58210,,5,,,,,,,,,,,,,,,,,"23,28","NEW extension,Extension SoftBank 809SH"
1667,11774,748,632,Yes,251,2,カート用延長フラグ,Extension SoftBank 809SH,1,,,,,,,,*,sh/img001-ex.jpg,*,sh/img001-ex.jpg,,,,,,,,,,,,,,,,,,,,,,,0,1,en_sh_ex_251_bt,,1,,55200,58800,,5,,,,,,,,,,,,,,,,,"23,28","NEW extension,Extension SoftBank 809SH"
1667,11776,748,633,Yes,252,2,カート用延長フラグ,Extension SoftBank 809SH,1,,,,,,,,*,sh/img001-ex.jpg,*,sh/img001-ex.jpg,,,,,,,,,,,,,,,,,,,,,,,0,1,en_sh_ex_271_bt,,1,,55600,59200,,5,,,,,,,,,,,,,,,,,"23,28","NEW extension,Extension SoftBank 809SH"
1667,11778,748,634,Yes,253,2,カート用延長フラグ,Extension SoftBank 809SH,1,,,,,,,,*,sh/img001-ex.jpg,*,sh/img001-ex.jpg,,,,,,,,,,,,,,,,,,,,,,,0,1,en_sh_ex_271_bt,,1,,55600,59200,,5,,,,,,,,,,,,,,,,,"23,28","NEW extension,Extension SoftBank 809SH"
1667,11780,748,635,Yes,254,2,カート用延長フラグ,Extension SoftBank 809SH,1,,,,,,,,*,sh/img001-ex.jpg,*,sh/img001-ex.jpg,,,,,,,,,,,,,,,,,,,,,,,0,1,en_sh_ex_271_bt,,1,,55600,59200,,5,,,,,,,,,,,,,,,,,"23,28","NEW extension,Extension SoftBank 809SH"
1667,11782,748,636,Yes,255,2,カート用延長フラグ,Extension SoftBank 809SH,1,,,,,,,,*,sh/img001-ex.jpg,*,sh/img001-ex.jpg,,,,,,,,,,,,,,,,,,,,,,,0,1,en_sh_ex_271_bt,,1,,55600,59200,,5,,,,,,,,,,,,,,,,,"23,28","NEW extension,Extension SoftBank 809SH"
1667,11784,748,637,Yes,256,2,カート用延長フラグ,Extension SoftBank 809SH,1,,,,,,,,*,sh/img001-ex.jpg,*,sh/img001-ex.jpg,,,,,,,,,,,,,,,,,,,,,,,0,1,en_sh_ex_271_bt,,1,,55600,59200,,5,,,,,,,,,,,,,,,,,"23,28","NEW extension,Extension SoftBank 809SH"
1667,11786,748,638,Yes,257,2,カート用延長フラグ,Extension SoftBank 809SH,1,,,,,,,,*,sh/img001-ex.jpg,*,sh/img001-ex.jpg,,,,,,,,,,,,,,,,,,,,,,,0,1,en_sh_ex_271_bt,,1,,55600,59200,,5,,,,,,,,,,,,,,,,,"23,28","NEW extension,Extension SoftBank 809SH"
1667,11788,748,639,Yes,258,2,カート用延長フラグ,Extension SoftBank 809SH,1,,,,,,,,*,sh/img001-ex.jpg,*,sh/img001-ex.jpg,,,,,,,,,,,,,,,,,,,,,,,0,1,en_sh_ex_271_bt,,1,,55600,59200,,5,,,,,,,,,,,,,,,,,"23,28","NEW extension,Extension SoftBank 809SH"
1667,11790,748,640,Yes,259,2,カート用延長フラグ,Extension SoftBank 809SH,1,,,,,,,,*,sh/img001-ex.jpg,*,sh/img001-ex.jpg,,,,,,,,,,,,,,,,,,,,,,,0,1,en_sh_ex_271_bt,,1,,55600,59200,,5,,,,,,,,,,,,,,,,,"23,28","NEW extension,Extension SoftBank 809SH"
1667,11792,748,641,Yes,260,2,カート用延長フラグ,Extension SoftBank 809SH,1,,,,,,,,*,sh/img001-ex.jpg,*,sh/img001-ex.jpg,,,,,,,,,,,,,,,,,,,,,,,0,1,en_sh_ex_271_bt,,1,,55600,59200,,5,,,,,,,,,,,,,,,,,"23,28","NEW extension,Extension SoftBank 809SH"
1667,11794,748,642,Yes,261,2,カート用延長フラグ,Extension SoftBank 809SH,1,,,,,,,,*,sh/img001-ex.jpg,*,sh/img001-ex.jpg,,,,,,,,,,,,,,,,,,,,,,,0,1,en_sh_ex_271_bt,,1,,55600,59200,,5,,,,,,,,,,,,,,,,,"23,28","NEW extension,Extension SoftBank 809SH"
1667,11796,748,643,Yes,262,2,カート用延長フラグ,Extension SoftBank 809SH,1,,,,,,,,*,sh/img001-ex.jpg,*,sh/img001-ex.jpg,,,,,,,,,,,,,,,,,,,,,,,0,1,en_sh_ex_271_bt,,1,,55600,59200,,5,,,,,,,,,,,,,,,,,"23,28","NEW extension,Extension SoftBank 809SH"
1667,11798,748,644,Yes,263,2,カート用延長フラグ,Extension SoftBank 809SH,1,,,,,,,,*,sh/img001-ex.jpg,*,sh/img001-ex.jpg,,,,,,,,,,,,,,,,,,,,,,,0,1,en_sh_ex_271_bt,,1,,55600,59200,,5,,,,,,,,,,,,,,,,,"23,28","NEW extension,Extension SoftBank 809SH"
1667,11800,748,645,Yes,264,2,カート用延長フラグ,Extension SoftBank 809SH,1,,,,,,,,*,sh/img001-ex.jpg,*,sh/img001-ex.jpg,,,,,,,,,,,,,,,,,,,,,,,0,1,en_sh_ex_271_bt,,1,,55600,59200,,5,,,,,,,,,,,,,,,,,"23,28","NEW extension,Extension SoftBank 809SH"
1667,11802,748,646,Yes,265,2,カート用延長フラグ,Extension SoftBank 809SH,1,,,,,,,,*,sh/img001-ex.jpg,*,sh/img001-ex.jpg,,,,,,,,,,,,,,,,,,,,,,,0,1,en_sh_ex_271_bt,,1,,55600,59200,,5,,,,,,,,,,,,,,,,,"23,28","NEW extension,Extension SoftBank 809SH"
1667,11804,748,647,Yes,266,2,カート用延長フラグ,Extension SoftBank 809SH,1,,,,,,,,*,sh/img001-ex.jpg,*,sh/img001-ex.jpg,,,,,,,,,,,,,,,,,,,,,,,0,1,en_sh_ex_271_bt,,1,,55600,59200,,5,,,,,,,,,,,,,,,,,"23,28","NEW extension,Extension SoftBank 809SH"
1667,11806,748,648,Yes,267,2,カート用延長フラグ,Extension SoftBank 809SH,1,,,,,,,,*,sh/img001-ex.jpg,*,sh/img001-ex.jpg,,,,,,,,,,,,,,,,,,,,,,,0,1,en_sh_ex_271_bt,,1,,55600,59200,,5,,,,,,,,,,,,,,,,,"23,28","NEW extension,Extension SoftBank 809SH"
1667,11808,748,649,Yes,268,2,カート用延長フラグ,Extension SoftBank 809SH,1,,,,,,,,*,sh/img001-ex.jpg,*,sh/img001-ex.jpg,,,,,,,,,,,,,,,,,,,,,,,0,1,en_sh_ex_271_bt,,1,,55600,59200,,5,,,,,,,,,,,,,,,,,"23,28","NEW extension,Extension SoftBank 809SH"
1667,11810,748,650,Yes,269,2,カート用延長フラグ,Extension SoftBank 809SH,1,,,,,,,,*,sh/img001-ex.jpg,*,sh/img001-ex.jpg,,,,,,,,,,,,,,,,,,,,,,,0,1,en_sh_ex_271_bt,,1,,55600,59200,,5,,,,,,,,,,,,,,,,,"23,28","NEW extension,Extension SoftBank 809SH"
1667,11812,748,651,Yes,270,2,カート用延長フラグ,Extension SoftBank 809SH,1,,,,,,,,*,sh/img001-ex.jpg,*,sh/img001-ex.jpg,,,,,,,,,,,,,,,,,,,,,,,0,1,en_sh_ex_271_bt,,1,,55600,59200,,5,,,,,,,,,,,,,,,,,"23,28","NEW extension,Extension SoftBank 809SH"
1667,11814,748,652,Yes,271,2,カート用延長フラグ,Extension SoftBank 809SH,1,,,,,,,,*,sh/img001-ex.jpg,*,sh/img001-ex.jpg,,,,,,,,,,,,,,,,,,,,,,,0,1,en_sh_ex_271_bt,,1,,55600,59200,,5,,,,,,,,,,,,,,,,,"23,28","NEW extension,Extension SoftBank 809SH"
1667,11816,748,653,Yes,272,2,カート用延長フラグ,Extension SoftBank 809SH,1,,,,,,,,*,sh/img001-ex.jpg,*,sh/img001-ex.jpg,,,,,,,,,,,,,,,,,,,,,,,0,1,en_sh_ex_272_bt,,1,,56190,59840,,5,,,,,,,,,,,,,,,,,"23,28","NEW extension,Extension SoftBank 809SH"
1667,11818,748,654,Yes,273,2,カート用延長フラグ,Extension SoftBank 809SH,1,,,,,,,,*,sh/img001-ex.jpg,*,sh/img001-ex.jpg,,,,,,,,,,,,,,,,,,,,,,,0,1,en_sh_ex_273_bt,,1,,56780,60480,,5,,,,,,,,,,,,,,,,,"23,28","NEW extension,Extension SoftBank 809SH"
1667,11820,748,655,Yes,274,2,カート用延長フラグ,Extension SoftBank 809SH,1,,,,,,,,*,sh/img001-ex.jpg,*,sh/img001-ex.jpg,,,,,,,,,,,,,,,,,,,,,,,0,1,en_sh_ex_274_bt,,1,,57370,61120,,5,,,,,,,,,,,,,,,,,"23,28","NEW extension,Extension SoftBank 809SH"
1667,11822,748,656,Yes,275,2,カート用延長フラグ,Extension SoftBank 809SH,1,,,,,,,,*,sh/img001-ex.jpg,*,sh/img001-ex.jpg,,,,,,,,,,,,,,,,,,,,,,,0,1,en_sh_ex_275_bt,,1,,57960,61760,,5,,,,,,,,,,,,,,,,,"23,28","NEW extension,Extension SoftBank 809SH"
1667,11824,748,657,Yes,276,2,カート用延長フラグ,Extension SoftBank 809SH,1,,,,,,,,*,sh/img001-ex.jpg,*,sh/img001-ex.jpg,,,,,,,,,,,,,,,,,,,,,,,0,1,en_sh_ex_276_bt,,1,,58550,62400,,5,,,,,,,,,,,,,,,,,"23,28","NEW extension,Extension SoftBank 809SH"
1667,11826,748,658,Yes,277,2,カート用延長フラグ,Extension SoftBank 809SH,1,,,,,,,,*,sh/img001-ex.jpg,*,sh/img001-ex.jpg,,,,,,,,,,,,,,,,,,,,,,,0,1,en_sh_ex_277_bt,,1,,59140,63040,,5,,,,,,,,,,,,,,,,,"23,28","NEW extension,Extension SoftBank 809SH"
1667,11828,748,659,Yes,278,2,カート用延長フラグ,Extension SoftBank 809SH,1,,,,,,,,*,sh/img001-ex.jpg,*,sh/img001-ex.jpg,,,,,,,,,,,,,,,,,,,,,,,0,1,en_sh_ex_278_bt,,1,,59730,63630,,5,,,,,,,,,,,,,,,,,"23,28","NEW extension,Extension SoftBank 809SH"
1667,11830,748,660,Yes,279,2,カート用延長フラグ,Extension SoftBank 809SH,1,,,,,,,,*,sh/img001-ex.jpg,*,sh/img001-ex.jpg,,,,,,,,,,,,,,,,,,,,,,,0,1,en_sh_ex_279_bt,,1,,60320,64220,,5,,,,,,,,,,,,,,,,,"23,28","NEW extension,Extension SoftBank 809SH"
1667,11832,748,661,Yes,280,2,カート用延長フラグ,Extension SoftBank 809SH,1,,,,,,,,*,sh/img001-ex.jpg,*,sh/img001-ex.jpg,,,,,,,,,,,,,,,,,,,,,,,0,1,en_sh_ex_280_bt,,1,,60910,64810,,5,,,,,,,,,,,,,,,,,"23,28","NEW extension,Extension SoftBank 809SH"
1667,11834,748,662,Yes,281,2,カート用延長フラグ,Extension SoftBank 809SH,1,,,,,,,,*,sh/img001-ex.jpg,*,sh/img001-ex.jpg,,,,,,,,,,,,,,,,,,,,,,,0,1,en_sh_ex_301_bt,,1,,61200,65100,,5,,,,,,,,,,,,,,,,,"23,28","NEW extension,Extension SoftBank 809SH"
1667,11836,748,663,Yes,282,2,カート用延長フラグ,Extension SoftBank 809SH,1,,,,,,,,*,sh/img001-ex.jpg,*,sh/img001-ex.jpg,,,,,,,,,,,,,,,,,,,,,,,0,1,en_sh_ex_301_bt,,1,,61200,65100,,5,,,,,,,,,,,,,,,,,"23,28","NEW extension,Extension SoftBank 809SH"
1667,11838,748,664,Yes,283,2,カート用延長フラグ,Extension SoftBank 809SH,1,,,,,,,,*,sh/img001-ex.jpg,*,sh/img001-ex.jpg,,,,,,,,,,,,,,,,,,,,,,,0,1,en_sh_ex_301_bt,,1,,61200,65100,,5,,,,,,,,,,,,,,,,,"23,28","NEW extension,Extension SoftBank 809SH"
1667,11840,748,665,Yes,284,2,カート用延長フラグ,Extension SoftBank 809SH,1,,,,,,,,*,sh/img001-ex.jpg,*,sh/img001-ex.jpg,,,,,,,,,,,,,,,,,,,,,,,0,1,en_sh_ex_301_bt,,1,,61200,65100,,5,,,,,,,,,,,,,,,,,"23,28","NEW extension,Extension SoftBank 809SH"
1667,11842,748,666,Yes,285,2,カート用延長フラグ,Extension SoftBank 809SH,1,,,,,,,,*,sh/img001-ex.jpg,*,sh/img001-ex.jpg,,,,,,,,,,,,,,,,,,,,,,,0,1,en_sh_ex_301_bt,,1,,61200,65100,,5,,,,,,,,,,,,,,,,,"23,28","NEW extension,Extension SoftBank 809SH"
1667,11844,748,667,Yes,286,2,カート用延長フラグ,Extension SoftBank 809SH,1,,,,,,,,*,sh/img001-ex.jpg,*,sh/img001-ex.jpg,,,,,,,,,,,,,,,,,,,,,,,0,1,en_sh_ex_301_bt,,1,,61200,65100,,5,,,,,,,,,,,,,,,,,"23,28","NEW extension,Extension SoftBank 809SH"
1667,11846,748,668,Yes,287,2,カート用延長フラグ,Extension SoftBank 809SH,1,,,,,,,,*,sh/img001-ex.jpg,*,sh/img001-ex.jpg,,,,,,,,,,,,,,,,,,,,,,,0,1,en_sh_ex_301_bt,,1,,61200,65100,,5,,,,,,,,,,,,,,,,,"23,28","NEW extension,Extension SoftBank 809SH"
1667,11848,748,669,Yes,288,2,カート用延長フラグ,Extension SoftBank 809SH,1,,,,,,,,*,sh/img001-ex.jpg,*,sh/img001-ex.jpg,,,,,,,,,,,,,,,,,,,,,,,0,1,en_sh_ex_301_bt,,1,,61200,65100,,5,,,,,,,,,,,,,,,,,"23,28","NEW extension,Extension SoftBank 809SH"
1667,11850,748,670,Yes,289,2,カート用延長フラグ,Extension SoftBank 809SH,1,,,,,,,,*,sh/img001-ex.jpg,*,sh/img001-ex.jpg,,,,,,,,,,,,,,,,,,,,,,,0,1,en_sh_ex_301_bt,,1,,61200,65100,,5,,,,,,,,,,,,,,,,,"23,28","NEW extension,Extension SoftBank 809SH"
1667,11852,748,671,Yes,290,2,カート用延長フラグ,Extension SoftBank 809SH,1,,,,,,,,*,sh/img001-ex.jpg,*,sh/img001-ex.jpg,,,,,,,,,,,,,,,,,,,,,,,0,1,en_sh_ex_301_bt,,1,,61200,65100,,5,,,,,,,,,,,,,,,,,"23,28","NEW extension,Extension SoftBank 809SH"
1667,11854,748,672,Yes,291,2,カート用延長フラグ,Extension SoftBank 809SH,1,,,,,,,,*,sh/img001-ex.jpg,*,sh/img001-ex.jpg,,,,,,,,,,,,,,,,,,,,,,,0,1,en_sh_ex_301_bt,,1,,61200,65100,,5,,,,,,,,,,,,,,,,,"23,28","NEW extension,Extension SoftBank 809SH"
1667,11856,748,673,Yes,292,2,カート用延長フラグ,Extension SoftBank 809SH,1,,,,,,,,*,sh/img001-ex.jpg,*,sh/img001-ex.jpg,,,,,,,,,,,,,,,,,,,,,,,0,1,en_sh_ex_301_bt,,1,,61200,65100,,5,,,,,,,,,,,,,,,,,"23,28","NEW extension,Extension SoftBank 809SH"
1667,11858,748,674,Yes,293,2,カート用延長フラグ,Extension SoftBank 809SH,1,,,,,,,,*,sh/img001-ex.jpg,*,sh/img001-ex.jpg,,,,,,,,,,,,,,,,,,,,,,,0,1,en_sh_ex_301_bt,,1,,61200,65100,,5,,,,,,,,,,,,,,,,,"23,28","NEW extension,Extension SoftBank 809SH"
1667,11860,748,675,Yes,294,2,カート用延長フラグ,Extension SoftBank 809SH,1,,,,,,,,*,sh/img001-ex.jpg,*,sh/img001-ex.jpg,,,,,,,,,,,,,,,,,,,,,,,0,1,en_sh_ex_301_bt,,1,,61200,65100,,5,,,,,,,,,,,,,,,,,"23,28","NEW extension,Extension SoftBank 809SH"
1667,11862,748,676,Yes,295,2,カート用延長フラグ,Extension SoftBank 809SH,1,,,,,,,,*,sh/img001-ex.jpg,*,sh/img001-ex.jpg,,,,,,,,,,,,,,,,,,,,,,,0,1,en_sh_ex_301_bt,,1,,61200,65100,,5,,,,,,,,,,,,,,,,,"23,28","NEW extension,Extension SoftBank 809SH"
1667,11864,748,677,Yes,296,2,カート用延長フラグ,Extension SoftBank 809SH,1,,,,,,,,*,sh/img001-ex.jpg,*,sh/img001-ex.jpg,,,,,,,,,,,,,,,,,,,,,,,0,1,en_sh_ex_301_bt,,1,,61200,65100,,5,,,,,,,,,,,,,,,,,"23,28","NEW extension,Extension SoftBank 809SH"
1667,11866,748,678,Yes,297,2,カート用延長フラグ,Extension SoftBank 809SH,1,,,,,,,,*,sh/img001-ex.jpg,*,sh/img001-ex.jpg,,,,,,,,,,,,,,,,,,,,,,,0,1,en_sh_ex_301_bt,,1,,61200,65100,,5,,,,,,,,,,,,,,,,,"23,28","NEW extension,Extension SoftBank 809SH"
1667,11868,748,679,Yes,298,2,カート用延長フラグ,Extension SoftBank 809SH,1,,,,,,,,*,sh/img001-ex.jpg,*,sh/img001-ex.jpg,,,,,,,,,,,,,,,,,,,,,,,0,1,en_sh_ex_301_bt,,1,,61200,65100,,5,,,,,,,,,,,,,,,,,"23,28","NEW extension,Extension SoftBank 809SH"
1667,11870,748,680,Yes,299,2,カート用延長フラグ,Extension SoftBank 809SH,1,,,,,,,,*,sh/img001-ex.jpg,*,sh/img001-ex.jpg,,,,,,,,,,,,,,,,,,,,,,,0,1,en_sh_ex_301_bt,,1,,61200,65100,,5,,,,,,,,,,,,,,,,,"23,28","NEW extension,Extension SoftBank 809SH"
1667,11872,748,681,Yes,300,2,カート用延長フラグ,Extension SoftBank 809SH,1,,,,,,,,*,sh/img001-ex.jpg,*,sh/img001-ex.jpg,,,,,,,,,,,,,,,,,,,,,,,0,1,en_sh_ex_301_bt,,1,,61200,65100,,5,,,,,,,,,,,,,,,,,"23,28","NEW extension,Extension SoftBank 809SH"
1667,11874,748,682,Yes,301,2,カート用延長フラグ,Extension SoftBank 809SH,1,,,,,,,,*,sh/img001-ex.jpg,*,sh/img001-ex.jpg,,,,,,,,,,,,,,,,,,,,,,,0,1,en_sh_ex_301_bt,,1,,61200,65100,,5,,,,,,,,,,,,,,,,,"23,28","NEW extension,Extension SoftBank 809SH"
1667,11876,748,683,Yes,302,2,カート用延長フラグ,Extension SoftBank 809SH,1,,,,,,,,*,sh/img001-ex.jpg,*,sh/img001-ex.jpg,,,,,,,,,,,,,,,,,,,,,,,0,1,en_sh_ex_302_bt,,1,,61790,65740,,5,,,,,,,,,,,,,,,,,"23,28","NEW extension,Extension SoftBank 809SH"
1667,11878,748,684,Yes,303,2,カート用延長フラグ,Extension SoftBank 809SH,1,,,,,,,,*,sh/img001-ex.jpg,*,sh/img001-ex.jpg,,,,,,,,,,,,,,,,,,,,,,,0,1,en_sh_ex_303_bt,,1,,62380,66380,,5,,,,,,,,,,,,,,,,,"23,28","NEW extension,Extension SoftBank 809SH"
1667,11880,748,685,Yes,304,2,カート用延長フラグ,Extension SoftBank 809SH,1,,,,,,,,*,sh/img001-ex.jpg,*,sh/img001-ex.jpg,,,,,,,,,,,,,,,,,,,,,,,0,1,en_sh_ex_304_bt,,1,,62970,67020,,5,,,,,,,,,,,,,,,,,"23,28","NEW extension,Extension SoftBank 809SH"
1667,11882,748,686,Yes,305,2,カート用延長フラグ,Extension SoftBank 809SH,1,,,,,,,,*,sh/img001-ex.jpg,*,sh/img001-ex.jpg,,,,,,,,,,,,,,,,,,,,,,,0,1,en_sh_ex_305_bt,,1,,63560,67660,,5,,,,,,,,,,,,,,,,,"23,28","NEW extension,Extension SoftBank 809SH"
1667,11884,748,687,Yes,306,2,カート用延長フラグ,Extension SoftBank 809SH,1,,,,,,,,*,sh/img001-ex.jpg,*,sh/img001-ex.jpg,,,,,,,,,,,,,,,,,,,,,,,0,1,en_sh_ex_306_bt,,1,,64150,68300,,5,,,,,,,,,,,,,,,,,"23,28","NEW extension,Extension SoftBank 809SH"
1667,11886,748,688,Yes,307,2,カート用延長フラグ,Extension SoftBank 809SH,1,,,,,,,,*,sh/img001-ex.jpg,*,sh/img001-ex.jpg,,,,,,,,,,,,,,,,,,,,,,,0,1,en_sh_ex_331_bt,,1,,64200,68400,,5,,,,,,,,,,,,,,,,,"23,28","NEW extension,Extension SoftBank 809SH"
1667,11888,748,689,Yes,308,2,カート用延長フラグ,Extension SoftBank 809SH,1,,,,,,,,*,sh/img001-ex.jpg,*,sh/img001-ex.jpg,,,,,,,,,,,,,,,,,,,,,,,0,1,en_sh_ex_331_bt,,1,,64200,68400,,5,,,,,,,,,,,,,,,,,"23,28","NEW extension,Extension SoftBank 809SH"
1667,11890,748,690,Yes,309,2,カート用延長フラグ,Extension SoftBank 809SH,1,,,,,,,,*,sh/img001-ex.jpg,*,sh/img001-ex.jpg,,,,,,,,,,,,,,,,,,,,,,,0,1,en_sh_ex_331_bt,,1,,64200,68400,,5,,,,,,,,,,,,,,,,,"23,28","NEW extension,Extension SoftBank 809SH"
1667,11892,748,691,Yes,310,2,カート用延長フラグ,Extension SoftBank 809SH,1,,,,,,,,*,sh/img001-ex.jpg,*,sh/img001-ex.jpg,,,,,,,,,,,,,,,,,,,,,,,0,1,en_sh_ex_331_bt,,1,,64200,68400,,5,,,,,,,,,,,,,,,,,"23,28","NEW extension,Extension SoftBank 809SH"
1667,11894,748,692,Yes,311,2,カート用延長フラグ,Extension SoftBank 809SH,1,,,,,,,,*,sh/img001-ex.jpg,*,sh/img001-ex.jpg,,,,,,,,,,,,,,,,,,,,,,,0,1,en_sh_ex_331_bt,,1,,64200,68400,,5,,,,,,,,,,,,,,,,,"23,28","NEW extension,Extension SoftBank 809SH"
1667,11896,748,693,Yes,312,2,カート用延長フラグ,Extension SoftBank 809SH,1,,,,,,,,*,sh/img001-ex.jpg,*,sh/img001-ex.jpg,,,,,,,,,,,,,,,,,,,,,,,0,1,en_sh_ex_331_bt,,1,,64200,68400,,5,,,,,,,,,,,,,,,,,"23,28","NEW extension,Extension SoftBank 809SH"
1667,11898,748,694,Yes,313,2,カート用延長フラグ,Extension SoftBank 809SH,1,,,,,,,,*,sh/img001-ex.jpg,*,sh/img001-ex.jpg,,,,,,,,,,,,,,,,,,,,,,,0,1,en_sh_ex_331_bt,,1,,64200,68400,,5,,,,,,,,,,,,,,,,,"23,28","NEW extension,Extension SoftBank 809SH"
1667,11900,748,695,Yes,314,2,カート用延長フラグ,Extension SoftBank 809SH,1,,,,,,,,*,sh/img001-ex.jpg,*,sh/img001-ex.jpg,,,,,,,,,,,,,,,,,,,,,,,0,1,en_sh_ex_331_bt,,1,,64200,68400,,5,,,,,,,,,,,,,,,,,"23,28","NEW extension,Extension SoftBank 809SH"
1667,11902,748,696,Yes,315,2,カート用延長フラグ,Extension SoftBank 809SH,1,,,,,,,,*,sh/img001-ex.jpg,*,sh/img001-ex.jpg,,,,,,,,,,,,,,,,,,,,,,,0,1,en_sh_ex_331_bt,,1,,64200,68400,,5,,,,,,,,,,,,,,,,,"23,28","NEW extension,Extension SoftBank 809SH"
1667,11904,748,697,Yes,316,2,カート用延長フラグ,Extension SoftBank 809SH,1,,,,,,,,*,sh/img001-ex.jpg,*,sh/img001-ex.jpg,,,,,,,,,,,,,,,,,,,,,,,0,1,en_sh_ex_331_bt,,1,,64200,68400,,5,,,,,,,,,,,,,,,,,"23,28","NEW extension,Extension SoftBank 809SH"
1667,11906,748,698,Yes,317,2,カート用延長フラグ,Extension SoftBank 809SH,1,,,,,,,,*,sh/img001-ex.jpg,*,sh/img001-ex.jpg,,,,,,,,,,,,,,,,,,,,,,,0,1,en_sh_ex_331_bt,,1,,64200,68400,,5,,,,,,,,,,,,,,,,,"23,28","NEW extension,Extension SoftBank 809SH"
1667,11908,748,699,Yes,318,2,カート用延長フラグ,Extension SoftBank 809SH,1,,,,,,,,*,sh/img001-ex.jpg,*,sh/img001-ex.jpg,,,,,,,,,,,,,,,,,,,,,,,0,1,en_sh_ex_331_bt,,1,,64200,68400,,5,,,,,,,,,,,,,,,,,"23,28","NEW extension,Extension SoftBank 809SH"
1667,11910,748,700,Yes,319,2,カート用延長フラグ,Extension SoftBank 809SH,1,,,,,,,,*,sh/img001-ex.jpg,*,sh/img001-ex.jpg,,,,,,,,,,,,,,,,,,,,,,,0,1,en_sh_ex_331_bt,,1,,64200,68400,,5,,,,,,,,,,,,,,,,,"23,28","NEW extension,Extension SoftBank 809SH"
1667,11912,748,701,Yes,320,2,カート用延長フラグ,Extension SoftBank 809SH,1,,,,,,,,*,sh/img001-ex.jpg,*,sh/img001-ex.jpg,,,,,,,,,,,,,,,,,,,,,,,0,1,en_sh_ex_331_bt,,1,,64200,68400,,5,,,,,,,,,,,,,,,,,"23,28","NEW extension,Extension SoftBank 809SH"
1667,11914,748,702,Yes,321,2,カート用延長フラグ,Extension SoftBank 809SH,1,,,,,,,,*,sh/img001-ex.jpg,*,sh/img001-ex.jpg,,,,,,,,,,,,,,,,,,,,,,,0,1,en_sh_ex_331_bt,,1,,64200,68400,,5,,,,,,,,,,,,,,,,,"23,28","NEW extension,Extension SoftBank 809SH"
1667,11916,748,703,Yes,322,2,カート用延長フラグ,Extension SoftBank 809SH,1,,,,,,,,*,sh/img001-ex.jpg,*,sh/img001-ex.jpg,,,,,,,,,,,,,,,,,,,,,,,0,1,en_sh_ex_331_bt,,1,,64200,68400,,5,,,,,,,,,,,,,,,,,"23,28","NEW extension,Extension SoftBank 809SH"
1667,11918,748,704,Yes,323,2,カート用延長フラグ,Extension SoftBank 809SH,1,,,,,,,,*,sh/img001-ex.jpg,*,sh/img001-ex.jpg,,,,,,,,,,,,,,,,,,,,,,,0,1,en_sh_ex_331_bt,,1,,64200,68400,,5,,,,,,,,,,,,,,,,,"23,28","NEW extension,Extension SoftBank 809SH"
1667,11920,748,705,Yes,324,2,カート用延長フラグ,Extension SoftBank 809SH,1,,,,,,,,*,sh/img001-ex.jpg,*,sh/img001-ex.jpg,,,,,,,,,,,,,,,,,,,,,,,0,1,en_sh_ex_331_bt,,1,,64200,68400,,5,,,,,,,,,,,,,,,,,"23,28","NEW extension,Extension SoftBank 809SH"
1667,11922,748,706,Yes,325,2,カート用延長フラグ,Extension SoftBank 809SH,1,,,,,,,,*,sh/img001-ex.jpg,*,sh/img001-ex.jpg,,,,,,,,,,,,,,,,,,,,,,,0,1,en_sh_ex_331_bt,,1,,64200,68400,,5,,,,,,,,,,,,,,,,,"23,28","NEW extension,Extension SoftBank 809SH"
1667,11924,748,707,Yes,326,2,カート用延長フラグ,Extension SoftBank 809SH,1,,,,,,,,*,sh/img001-ex.jpg,*,sh/img001-ex.jpg,,,,,,,,,,,,,,,,,,,,,,,0,1,en_sh_ex_331_bt,,1,,64200,68400,,5,,,,,,,,,,,,,,,,,"23,28","NEW extension,Extension SoftBank 809SH"
1667,11926,748,708,Yes,327,2,カート用延長フラグ,Extension SoftBank 809SH,1,,,,,,,,*,sh/img001-ex.jpg,*,sh/img001-ex.jpg,,,,,,,,,,,,,,,,,,,,,,,0,1,en_sh_ex_331_bt,,1,,64200,68400,,5,,,,,,,,,,,,,,,,,"23,28","NEW extension,Extension SoftBank 809SH"
1667,11928,748,709,Yes,328,2,カート用延長フラグ,Extension SoftBank 809SH,1,,,,,,,,*,sh/img001-ex.jpg,*,sh/img001-ex.jpg,,,,,,,,,,,,,,,,,,,,,,,0,1,en_sh_ex_331_bt,,1,,64200,68400,,5,,,,,,,,,,,,,,,,,"23,28","NEW extension,Extension SoftBank 809SH"
1667,11930,748,710,Yes,329,2,カート用延長フラグ,Extension SoftBank 809SH,1,,,,,,,,*,sh/img001-ex.jpg,*,sh/img001-ex.jpg,,,,,,,,,,,,,,,,,,,,,,,0,1,en_sh_ex_331_bt,,1,,64200,68400,,5,,,,,,,,,,,,,,,,,"23,28","NEW extension,Extension SoftBank 809SH"
1667,11932,748,711,Yes,330,2,カート用延長フラグ,Extension SoftBank 809SH,1,,,,,,,,*,sh/img001-ex.jpg,*,sh/img001-ex.jpg,,,,,,,,,,,,,,,,,,,,,,,0,1,en_sh_ex_331_bt,,1,,64200,68400,,5,,,,,,,,,,,,,,,,,"23,28","NEW extension,Extension SoftBank 809SH"
1667,11934,748,712,Yes,331,2,カート用延長フラグ,Extension SoftBank 809SH,1,,,,,,,,*,sh/img001-ex.jpg,*,sh/img001-ex.jpg,,,,,,,,,,,,,,,,,,,,,,,0,1,en_sh_ex_331_bt,,1,,64200,68400,,5,,,,,,,,,,,,,,,,,"23,28","NEW extension,Extension SoftBank 809SH"
1667,11936,748,713,Yes,332,2,カート用延長フラグ,Extension SoftBank 809SH,1,,,,,,,,*,sh/img001-ex.jpg,*,sh/img001-ex.jpg,,,,,,,,,,,,,,,,,,,,,,,0,1,en_sh_ex_332_bt,,1,,64790,69040,,5,,,,,,,,,,,,,,,,,"23,28","NEW extension,Extension SoftBank 809SH"
1667,11938,748,714,Yes,333,2,カート用延長フラグ,Extension SoftBank 809SH,1,,,,,,,,*,sh/img001-ex.jpg,*,sh/img001-ex.jpg,,,,,,,,,,,,,,,,,,,,,,,0,1,en_sh_ex_333_bt,,1,,65380,69680,,5,,,,,,,,,,,,,,,,,"23,28","NEW extension,Extension SoftBank 809SH"
1667,11940,748,715,Yes,334,2,カート用延長フラグ,Extension SoftBank 809SH,1,,,,,,,,*,sh/img001-ex.jpg,*,sh/img001-ex.jpg,,,,,,,,,,,,,,,,,,,,,,,0,1,en_sh_ex_334_bt,,1,,65970,70320,,5,,,,,,,,,,,,,,,,,"23,28","NEW extension,Extension SoftBank 809SH"
1667,11942,748,717,Yes,335,2,カート用延長フラグ,Extension SoftBank 809SH,1,,,,,,,,*,sh/img001-ex.jpg,*,sh/img001-ex.jpg,,,,,,,,,,,,,,,,,,,,,,,0,1,en_sh_ex_335_bt,,1,,66560,70960,,5,,,,,,,,,,,,,,,,,"23,28","NEW extension,Extension SoftBank 809SH"
1667,11944,748,718,Yes,336,2,カート用延長フラグ,Extension SoftBank 809SH,1,,,,,,,,*,sh/img001-ex.jpg,*,sh/img001-ex.jpg,,,,,,,,,,,,,,,,,,,,,,,0,1,en_sh_ex_336_bt,,1,,67150,71600,,5,,,,,,,,,,,,,,,,,"23,28","NEW extension,Extension SoftBank 809SH"
1667,11946,748,719,Yes,337,2,カート用延長フラグ,Extension SoftBank 809SH,1,,,,,,,,*,sh/img001-ex.jpg,*,sh/img001-ex.jpg,,,,,,,,,,,,,,,,,,,,,,,0,1,en_sh_ex_361_bt,,1,,67200,71700,,5,,,,,,,,,,,,,,,,,"23,28","NEW extension,Extension SoftBank 809SH"
1667,11948,748,720,Yes,338,2,カート用延長フラグ,Extension SoftBank 809SH,1,,,,,,,,*,sh/img001-ex.jpg,*,sh/img001-ex.jpg,,,,,,,,,,,,,,,,,,,,,,,0,1,en_sh_ex_361_bt,,1,,67200,71700,,5,,,,,,,,,,,,,,,,,"23,28","NEW extension,Extension SoftBank 809SH"
1667,11950,748,721,Yes,339,2,カート用延長フラグ,Extension SoftBank 809SH,1,,,,,,,,*,sh/img001-ex.jpg,*,sh/img001-ex.jpg,,,,,,,,,,,,,,,,,,,,,,,0,1,en_sh_ex_361_bt,,1,,67200,71700,,5,,,,,,,,,,,,,,,,,"23,28","NEW extension,Extension SoftBank 809SH"
1667,11952,748,722,Yes,340,2,カート用延長フラグ,Extension SoftBank 809SH,1,,,,,,,,*,sh/img001-ex.jpg,*,sh/img001-ex.jpg,,,,,,,,,,,,,,,,,,,,,,,0,1,en_sh_ex_361_bt,,1,,67200,71700,,5,,,,,,,,,,,,,,,,,"23,28","NEW extension,Extension SoftBank 809SH"
1667,11954,748,723,Yes,341,2,カート用延長フラグ,Extension SoftBank 809SH,1,,,,,,,,*,sh/img001-ex.jpg,*,sh/img001-ex.jpg,,,,,,,,,,,,,,,,,,,,,,,0,1,en_sh_ex_361_bt,,1,,67200,71700,,5,,,,,,,,,,,,,,,,,"23,28","NEW extension,Extension SoftBank 809SH"
1667,11956,748,724,Yes,342,2,カート用延長フラグ,Extension SoftBank 809SH,1,,,,,,,,*,sh/img001-ex.jpg,*,sh/img001-ex.jpg,,,,,,,,,,,,,,,,,,,,,,,0,1,en_sh_ex_361_bt,,1,,67200,71700,,5,,,,,,,,,,,,,,,,,"23,28","NEW extension,Extension SoftBank 809SH"
1667,11958,748,725,Yes,343,2,カート用延長フラグ,Extension SoftBank 809SH,1,,,,,,,,*,sh/img001-ex.jpg,*,sh/img001-ex.jpg,,,,,,,,,,,,,,,,,,,,,,,0,1,en_sh_ex_361_bt,,1,,67200,71700,,5,,,,,,,,,,,,,,,,,"23,28","NEW extension,Extension SoftBank 809SH"
1667,11960,748,726,Yes,344,2,カート用延長フラグ,Extension SoftBank 809SH,1,,,,,,,,*,sh/img001-ex.jpg,*,sh/img001-ex.jpg,,,,,,,,,,,,,,,,,,,,,,,0,1,en_sh_ex_361_bt,,1,,67200,71700,,5,,,,,,,,,,,,,,,,,"23,28","NEW extension,Extension SoftBank 809SH"
1667,11962,748,727,Yes,345,2,カート用延長フラグ,Extension SoftBank 809SH,1,,,,,,,,*,sh/img001-ex.jpg,*,sh/img001-ex.jpg,,,,,,,,,,,,,,,,,,,,,,,0,1,en_sh_ex_361_bt,,1,,67200,71700,,5,,,,,,,,,,,,,,,,,"23,28","NEW extension,Extension SoftBank 809SH"
1667,11964,748,728,Yes,346,2,カート用延長フラグ,Extension SoftBank 809SH,1,,,,,,,,*,sh/img001-ex.jpg,*,sh/img001-ex.jpg,,,,,,,,,,,,,,,,,,,,,,,0,1,en_sh_ex_361_bt,,1,,67200,71700,,5,,,,,,,,,,,,,,,,,"23,28","NEW extension,Extension SoftBank 809SH"
1667,11966,748,729,Yes,347,2,カート用延長フラグ,Extension SoftBank 809SH,1,,,,,,,,*,sh/img001-ex.jpg,*,sh/img001-ex.jpg,,,,,,,,,,,,,,,,,,,,,,,0,1,en_sh_ex_361_bt,,1,,67200,71700,,5,,,,,,,,,,,,,,,,,"23,28","NEW extension,Extension SoftBank 809SH"
1667,11968,748,730,Yes,348,2,カート用延長フラグ,Extension SoftBank 809SH,1,,,,,,,,*,sh/img001-ex.jpg,*,sh/img001-ex.jpg,,,,,,,,,,,,,,,,,,,,,,,0,1,en_sh_ex_361_bt,,1,,67200,71700,,5,,,,,,,,,,,,,,,,,"23,28","NEW extension,Extension SoftBank 809SH"
1667,11970,748,731,Yes,349,2,カート用延長フラグ,Extension SoftBank 809SH,1,,,,,,,,*,sh/img001-ex.jpg,*,sh/img001-ex.jpg,,,,,,,,,,,,,,,,,,,,,,,0,1,en_sh_ex_361_bt,,1,,67200,71700,,5,,,,,,,,,,,,,,,,,"23,28","NEW extension,Extension SoftBank 809SH"
1667,11972,748,732,Yes,350,2,カート用延長フラグ,Extension SoftBank 809SH,1,,,,,,,,*,sh/img001-ex.jpg,*,sh/img001-ex.jpg,,,,,,,,,,,,,,,,,,,,,,,0,1,en_sh_ex_361_bt,,1,,67200,71700,,5,,,,,,,,,,,,,,,,,"23,28","NEW extension,Extension SoftBank 809SH"
1667,11974,748,733,Yes,351,2,カート用延長フラグ,Extension SoftBank 809SH,1,,,,,,,,*,sh/img001-ex.jpg,*,sh/img001-ex.jpg,,,,,,,,,,,,,,,,,,,,,,,0,1,en_sh_ex_361_bt,,1,,67200,71700,,5,,,,,,,,,,,,,,,,,"23,28","NEW extension,Extension SoftBank 809SH"
1667,11976,748,734,Yes,352,2,カート用延長フラグ,Extension SoftBank 809SH,1,,,,,,,,*,sh/img001-ex.jpg,*,sh/img001-ex.jpg,,,,,,,,,,,,,,,,,,,,,,,0,1,en_sh_ex_361_bt,,1,,67200,71700,,5,,,,,,,,,,,,,,,,,"23,28","NEW extension,Extension SoftBank 809SH"
1667,11978,748,735,Yes,353,2,カート用延長フラグ,Extension SoftBank 809SH,1,,,,,,,,*,sh/img001-ex.jpg,*,sh/img001-ex.jpg,,,,,,,,,,,,,,,,,,,,,,,0,1,en_sh_ex_361_bt,,1,,67200,71700,,5,,,,,,,,,,,,,,,,,"23,28","NEW extension,Extension SoftBank 809SH"
1667,11980,748,736,Yes,354,2,カート用延長フラグ,Extension SoftBank 809SH,1,,,,,,,,*,sh/img001-ex.jpg,*,sh/img001-ex.jpg,,,,,,,,,,,,,,,,,,,,,,,0,1,en_sh_ex_361_bt,,1,,67200,71700,,5,,,,,,,,,,,,,,,,,"23,28","NEW extension,Extension SoftBank 809SH"
1667,11982,748,737,Yes,355,2,カート用延長フラグ,Extension SoftBank 809SH,1,,,,,,,,*,sh/img001-ex.jpg,*,sh/img001-ex.jpg,,,,,,,,,,,,,,,,,,,,,,,0,1,en_sh_ex_361_bt,,1,,67200,71700,,5,,,,,,,,,,,,,,,,,"23,28","NEW extension,Extension SoftBank 809SH"
1667,11984,748,738,Yes,356,2,カート用延長フラグ,Extension SoftBank 809SH,1,,,,,,,,*,sh/img001-ex.jpg,*,sh/img001-ex.jpg,,,,,,,,,,,,,,,,,,,,,,,0,1,en_sh_ex_361_bt,,1,,67200,71700,,5,,,,,,,,,,,,,,,,,"23,28","NEW extension,Extension SoftBank 809SH"
1667,11986,748,739,Yes,357,2,カート用延長フラグ,Extension SoftBank 809SH,1,,,,,,,,*,sh/img001-ex.jpg,*,sh/img001-ex.jpg,,,,,,,,,,,,,,,,,,,,,,,0,1,en_sh_ex_361_bt,,1,,67200,71700,,5,,,,,,,,,,,,,,,,,"23,28","NEW extension,Extension SoftBank 809SH"
1667,11988,748,740,Yes,358,2,カート用延長フラグ,Extension SoftBank 809SH,1,,,,,,,,*,sh/img001-ex.jpg,*,sh/img001-ex.jpg,,,,,,,,,,,,,,,,,,,,,,,0,1,en_sh_ex_361_bt,,1,,67200,71700,,5,,,,,,,,,,,,,,,,,"23,28","NEW extension,Extension SoftBank 809SH"
1667,11990,748,741,Yes,359,2,カート用延長フラグ,Extension SoftBank 809SH,1,,,,,,,,*,sh/img001-ex.jpg,*,sh/img001-ex.jpg,,,,,,,,,,,,,,,,,,,,,,,0,1,en_sh_ex_361_bt,,1,,67200,71700,,5,,,,,,,,,,,,,,,,,"23,28","NEW extension,Extension SoftBank 809SH"
1667,11992,748,742,Yes,360,2,カート用延長フラグ,Extension SoftBank 809SH,1,,,,,,,,*,sh/img001-ex.jpg,*,sh/img001-ex.jpg,,,,,,,,,,,,,,,,,,,,,,,0,1,en_sh_ex_361_bt,,1,,67200,71700,,5,,,,,,,,,,,,,,,,,"23,28","NEW extension,Extension SoftBank 809SH"
1667,11994,748,743,Yes,361,2,カート用延長フラグ,Extension SoftBank 809SH,1,,,,,,,,*,sh/img001-ex.jpg,*,sh/img001-ex.jpg,,,,,,,,,,,,,,,,,,,,,,,0,1,en_sh_ex_361_bt,,1,,67200,71700,,5,,,,,,,,,,,,,,,,,"23,28","NEW extension,Extension SoftBank 809SH"
1667,11996,748,744,Yes,362,2,カート用延長フラグ,Extension SoftBank 809SH,1,,,,,,,,*,sh/img001-ex.jpg,*,sh/img001-ex.jpg,,,,,,,,,,,,,,,,,,,,,,,0,1,en_sh_ex_362_bt,,1,,67790,72340,,5,,,,,,,,,,,,,,,,,"23,28","NEW extension,Extension SoftBank 809SH"
1667,11998,748,745,Yes,363,2,カート用延長フラグ,Extension SoftBank 809SH,1,,,,,,,,*,sh/img001-ex.jpg,*,sh/img001-ex.jpg,,,,,,,,,,,,,,,,,,,,,,,0,1,en_sh_ex_363_bt,,1,,68380,72980,,5,,,,,,,,,,,,,,,,,"23,28","NEW extension,Extension SoftBank 809SH"
1667,12000,748,746,Yes,364,2,カート用延長フラグ,Extension SoftBank 809SH,1,,,,,,,,*,sh/img001-ex.jpg,*,sh/img001-ex.jpg,,,,,,,,,,,,,,,,,,,,,,,0,1,en_sh_ex_364_bt,,1,,68970,73620,,5,,,,,,,,,,,,,,,,,"23,28","NEW extension,Extension SoftBank 809SH"
1666,10542,748,381,Yes,0,2,カート用延長フラグ,Extension SoftBank 601HW WHITE,1,,,,,,,,*,sl/img001-ex.jpg,*,sl/img001-ex.jpg,,,,,,,,,,,,,,,,,,,,,,,0,1,en_sl_ex_000_bt,,1,,490,540,,5,,,,,,,,,,,,,,,,,"23,27","NEW extension,Extension SoftBank 601HW WHITE"
1666,10544,748,382,Yes,1,2,カート用延長フラグ,Extension SoftBank 601HW WHITE,1,,,,,,,,*,sl/img001-ex.jpg,*,sl/img001-ex.jpg,,,,,,,,,,,,,,,,,,,,,,,0,1,en_sl_ex_001_bt,,1,,980,1080,,5,,,,,,,,,,,,,,,,,"23,27","NEW extension,Extension SoftBank 601HW WHITE"
1666,10546,748,383,Yes,2,2,カート用延長フラグ,Extension SoftBank 601HW WHITE,1,,,,,,,,*,sl/img001-ex.jpg,*,sl/img001-ex.jpg,,,,,,,,,,,,,,,,,,,,,,,0,1,en_sl_ex_002_bt,,1,,1470,1620,,5,,,,,,,,,,,,,,,,,"23,27","NEW extension,Extension SoftBank 601HW WHITE"
1666,10548,748,384,Yes,3,2,カート用延長フラグ,Extension SoftBank 601HW WHITE,1,,,,,,,,*,sl/img001-ex.jpg,*,sl/img001-ex.jpg,,,,,,,,,,,,,,,,,,,,,,,0,1,en_sl_ex_003_bt,,1,,1960,2160,,5,,,,,,,,,,,,,,,,,"23,27","NEW extension,Extension SoftBank 601HW WHITE"
1666,10550,748,385,Yes,4,2,カート用延長フラグ,Extension SoftBank 601HW WHITE,1,,,,,,,,*,sl/img001-ex.jpg,*,sl/img001-ex.jpg,,,,,,,,,,,,,,,,,,,,,,,0,1,en_sl_ex_004_bt,,1,,2450,2700,,5,,,,,,,,,,,,,,,,,"23,27","NEW extension,Extension SoftBank 601HW WHITE"
1666,10552,748,386,Yes,5,2,カート用延長フラグ,Extension SoftBank 601HW WHITE,1,,,,,,,,*,sl/img001-ex.jpg,*,sl/img001-ex.jpg,,,,,,,,,,,,,,,,,,,,,,,0,1,en_sl_ex_005_bt,,1,,2940,3240,,5,,,,,,,,,,,,,,,,,"23,27","NEW extension,Extension SoftBank 601HW WHITE"
1666,10554,748,387,Yes,6,2,カート用延長フラグ,Extension SoftBank 601HW WHITE,1,,,,,,,,*,sl/img001-ex.jpg,*,sl/img001-ex.jpg,,,,,,,,,,,,,,,,,,,,,,,0,1,en_sl_ex_006_bt,,1,,3430,3780,,5,,,,,,,,,,,,,,,,,"23,27","NEW extension,Extension SoftBank 601HW WHITE"
1666,10556,748,388,Yes,7,2,カート用延長フラグ,Extension SoftBank 601HW WHITE,1,,,,,,,,*,sl/img001-ex.jpg,*,sl/img001-ex.jpg,,,,,,,,,,,,,,,,,,,,,,,0,1,en_sl_ex_007_bt,,1,,3920,4320,,5,,,,,,,,,,,,,,,,,"23,27","NEW extension,Extension SoftBank 601HW WHITE"
1666,10558,748,389,Yes,8,2,カート用延長フラグ,Extension SoftBank 601HW WHITE,1,,,,,,,,*,sl/img001-ex.jpg,*,sl/img001-ex.jpg,,,,,,,,,,,,,,,,,,,,,,,0,1,en_sl_ex_008_bt,,1,,4410,4860,,5,,,,,,,,,,,,,,,,,"23,27","NEW extension,Extension SoftBank 601HW WHITE"
1666,10560,748,390,Yes,9,2,カート用延長フラグ,Extension SoftBank 601HW WHITE,1,,,,,,,,*,sl/img001-ex.jpg,*,sl/img001-ex.jpg,,,,,,,,,,,,,,,,,,,,,,,0,1,en_sl_ex_009_bt,,1,,4900,5400,,5,,,,,,,,,,,,,,,,,"23,27","NEW extension,Extension SoftBank 601HW WHITE"
1666,10562,748,391,Yes,10,2,カート用延長フラグ,Extension SoftBank 601HW WHITE,1,,,,,,,,*,sl/img001-ex.jpg,*,sl/img001-ex.jpg,,,,,,,,,,,,,,,,,,,,,,,0,1,en_sl_ex_010_bt,,1,,5390,5940,,5,,,,,,,,,,,,,,,,,"23,27","NEW extension,Extension SoftBank 601HW WHITE"
1666,10564,748,392,Yes,11,2,カート用延長フラグ,Extension SoftBank 601HW WHITE,1,,,,,,,,*,sl/img001-ex.jpg,*,sl/img001-ex.jpg,,,,,,,,,,,,,,,,,,,,,,,0,1,en_sl_ex_011_bt,,1,,5880,6480,,5,,,,,,,,,,,,,,,,,"23,27","NEW extension,Extension SoftBank 601HW WHITE"
1666,10566,748,393,Yes,12,2,カート用延長フラグ,Extension SoftBank 601HW WHITE,1,,,,,,,,*,sl/img001-ex.jpg,*,sl/img001-ex.jpg,,,,,,,,,,,,,,,,,,,,,,,0,1,en_sl_ex_012_bt,,1,,6370,7020,,5,,,,,,,,,,,,,,,,,"23,27","NEW extension,Extension SoftBank 601HW WHITE"
1666,10568,748,394,Yes,13,2,カート用延長フラグ,Extension SoftBank 601HW WHITE,1,,,,,,,,*,sl/img001-ex.jpg,*,sl/img001-ex.jpg,,,,,,,,,,,,,,,,,,,,,,,0,1,en_sl_ex_013_bt,,1,,6860,7560,,5,,,,,,,,,,,,,,,,,"23,27","NEW extension,Extension SoftBank 601HW WHITE"
1666,10570,748,395,Yes,14,2,カート用延長フラグ,Extension SoftBank 601HW WHITE,1,,,,,,,,*,sl/img001-ex.jpg,*,sl/img001-ex.jpg,,,,,,,,,,,,,,,,,,,,,,,0,1,en_sl_ex_014_bt,,1,,7350,8100,,5,,,,,,,,,,,,,,,,,"23,27","NEW extension,Extension SoftBank 601HW WHITE"
1666,10572,748,396,Yes,15,2,カート用延長フラグ,Extension SoftBank 601HW WHITE,1,,,,,,,,*,sl/img001-ex.jpg,*,sl/img001-ex.jpg,,,,,,,,,,,,,,,,,,,,,,,0,1,en_sl_ex_014_bt,,1,,7350,8100,,5,,,,,,,,,,,,,,,,,"23,27","NEW extension,Extension SoftBank 601HW WHITE"
1666,10574,748,397,Yes,16,2,カート用延長フラグ,Extension SoftBank 601HW WHITE,1,,,,,,,,*,sl/img001-ex.jpg,*,sl/img001-ex.jpg,,,,,,,,,,,,,,,,,,,,,,,0,1,en_sl_ex_014_bt,,1,,7350,8100,,5,,,,,,,,,,,,,,,,,"23,27","NEW extension,Extension SoftBank 601HW WHITE"
1666,10576,748,398,Yes,17,2,カート用延長フラグ,Extension SoftBank 601HW WHITE,1,,,,,,,,*,sl/img001-ex.jpg,*,sl/img001-ex.jpg,,,,,,,,,,,,,,,,,,,,,,,0,1,en_sl_ex_014_bt,,1,,7350,8100,,5,,,,,,,,,,,,,,,,,"23,27","NEW extension,Extension SoftBank 601HW WHITE"
1666,10578,748,399,Yes,18,2,カート用延長フラグ,Extension SoftBank 601HW WHITE,1,,,,,,,,*,sl/img001-ex.jpg,*,sl/img001-ex.jpg,,,,,,,,,,,,,,,,,,,,,,,0,1,en_sl_ex_014_bt,,1,,7350,8100,,5,,,,,,,,,,,,,,,,,"23,27","NEW extension,Extension SoftBank 601HW WHITE"
1666,10580,748,400,Yes,19,2,カート用延長フラグ,Extension SoftBank 601HW WHITE,1,,,,,,,,*,sl/img001-ex.jpg,*,sl/img001-ex.jpg,,,,,,,,,,,,,,,,,,,,,,,0,1,en_sl_ex_014_bt,,1,,7350,8100,,5,,,,,,,,,,,,,,,,,"23,27","NEW extension,Extension SoftBank 601HW WHITE"
1666,10582,748,401,Yes,20,2,カート用延長フラグ,Extension SoftBank 601HW WHITE,1,,,,,,,,*,sl/img001-ex.jpg,*,sl/img001-ex.jpg,,,,,,,,,,,,,,,,,,,,,,,0,1,en_sl_ex_014_bt,,1,,7350,8100,,5,,,,,,,,,,,,,,,,,"23,27","NEW extension,Extension SoftBank 601HW WHITE"
1666,10584,748,402,Yes,21,2,カート用延長フラグ,Extension SoftBank 601HW WHITE,1,,,,,,,,*,sl/img001-ex.jpg,*,sl/img001-ex.jpg,,,,,,,,,,,,,,,,,,,,,,,0,1,en_sl_ex_014_bt,,1,,7350,8100,,5,,,,,,,,,,,,,,,,,"23,27","NEW extension,Extension SoftBank 601HW WHITE"
1666,10586,748,403,Yes,22,2,カート用延長フラグ,Extension SoftBank 601HW WHITE,1,,,,,,,,*,sl/img001-ex.jpg,*,sl/img001-ex.jpg,,,,,,,,,,,,,,,,,,,,,,,0,1,en_sl_ex_014_bt,,1,,7350,8100,,5,,,,,,,,,,,,,,,,,"23,27","NEW extension,Extension SoftBank 601HW WHITE"
1666,10588,748,404,Yes,23,2,カート用延長フラグ,Extension SoftBank 601HW WHITE,1,,,,,,,,*,sl/img001-ex.jpg,*,sl/img001-ex.jpg,,,,,,,,,,,,,,,,,,,,,,,0,1,en_sl_ex_014_bt,,1,,7350,8100,,5,,,,,,,,,,,,,,,,,"23,27","NEW extension,Extension SoftBank 601HW WHITE"
1666,10590,748,405,Yes,24,2,カート用延長フラグ,Extension SoftBank 601HW WHITE,1,,,,,,,,*,sl/img001-ex.jpg,*,sl/img001-ex.jpg,,,,,,,,,,,,,,,,,,,,,,,0,1,en_sl_ex_014_bt,,1,,7350,8100,,5,,,,,,,,,,,,,,,,,"23,27","NEW extension,Extension SoftBank 601HW WHITE"
1666,10592,748,406,Yes,25,2,カート用延長フラグ,Extension SoftBank 601HW WHITE,1,,,,,,,,*,sl/img001-ex.jpg,*,sl/img001-ex.jpg,,,,,,,,,,,,,,,,,,,,,,,0,1,en_sl_ex_014_bt,,1,,7350,8100,,5,,,,,,,,,,,,,,,,,"23,27","NEW extension,Extension SoftBank 601HW WHITE"
1666,10594,748,407,Yes,26,2,カート用延長フラグ,Extension SoftBank 601HW WHITE,1,,,,,,,,*,sl/img001-ex.jpg,*,sl/img001-ex.jpg,,,,,,,,,,,,,,,,,,,,,,,0,1,en_sl_ex_014_bt,,1,,7350,8100,,5,,,,,,,,,,,,,,,,,"23,27","NEW extension,Extension SoftBank 601HW WHITE"
1666,10596,748,408,Yes,27,2,カート用延長フラグ,Extension SoftBank 601HW WHITE,1,,,,,,,,*,sl/img001-ex.jpg,*,sl/img001-ex.jpg,,,,,,,,,,,,,,,,,,,,,,,0,1,en_sl_ex_014_bt,,1,,7350,8100,,5,,,,,,,,,,,,,,,,,"23,27","NEW extension,Extension SoftBank 601HW WHITE"
1666,10598,748,409,Yes,28,2,カート用延長フラグ,Extension SoftBank 601HW WHITE,1,,,,,,,,*,sl/img001-ex.jpg,*,sl/img001-ex.jpg,,,,,,,,,,,,,,,,,,,,,,,0,1,en_sl_ex_014_bt,,1,,7350,8100,,5,,,,,,,,,,,,,,,,,"23,27","NEW extension,Extension SoftBank 601HW WHITE"
1666,10600,748,410,Yes,29,2,カート用延長フラグ,Extension SoftBank 601HW WHITE,1,,,,,,,,*,sl/img001-ex.jpg,*,sl/img001-ex.jpg,,,,,,,,,,,,,,,,,,,,,,,0,1,en_sl_ex_014_bt,,1,,7350,8100,,5,,,,,,,,,,,,,,,,,"23,27","NEW extension,Extension SoftBank 601HW WHITE"
1666,10602,748,411,Yes,30,2,カート用延長フラグ,Extension SoftBank 601HW WHITE,1,,,,,,,,*,sl/img001-ex.jpg,*,sl/img001-ex.jpg,,,,,,,,,,,,,,,,,,,,,,,0,1,en_sl_ex_014_bt,,1,,7350,8100,,5,,,,,,,,,,,,,,,,,"23,27","NEW extension,Extension SoftBank 601HW WHITE"
1666,10604,748,412,Yes,31,2,カート用延長フラグ,Extension SoftBank 601HW WHITE,1,,,,,,,,*,sl/img001-ex.jpg,*,sl/img001-ex.jpg,,,,,,,,,,,,,,,,,,,,,,,0,1,en_sl_ex_031_bt,,1,,7840,8640,,5,,,,,,,,,,,,,,,,,"23,27","NEW extension,Extension SoftBank 601HW WHITE"
1666,10606,748,413,Yes,32,2,カート用延長フラグ,Extension SoftBank 601HW WHITE,1,,,,,,,,*,sl/img001-ex.jpg,*,sl/img001-ex.jpg,,,,,,,,,,,,,,,,,,,,,,,0,1,en_sl_ex_032_bt,,1,,8330,9180,,5,,,,,,,,,,,,,,,,,"23,27","NEW extension,Extension SoftBank 601HW WHITE"
1666,10608,748,414,Yes,33,2,カート用延長フラグ,Extension SoftBank 601HW WHITE,1,,,,,,,,*,sl/img001-ex.jpg,*,sl/img001-ex.jpg,,,,,,,,,,,,,,,,,,,,,,,0,1,en_sl_ex_033_bt,,1,,8820,9720,,5,,,,,,,,,,,,,,,,,"23,27","NEW extension,Extension SoftBank 601HW WHITE"
1666,10610,748,415,Yes,34,2,カート用延長フラグ,Extension SoftBank 601HW WHITE,1,,,,,,,,*,sl/img001-ex.jpg,*,sl/img001-ex.jpg,,,,,,,,,,,,,,,,,,,,,,,0,1,en_sl_ex_034_bt,,1,,9310,10260,,5,,,,,,,,,,,,,,,,,"23,27","NEW extension,Extension SoftBank 601HW WHITE"
1666,10612,748,416,Yes,35,2,カート用延長フラグ,Extension SoftBank 601HW WHITE,1,,,,,,,,*,sl/img001-ex.jpg,*,sl/img001-ex.jpg,,,,,,,,,,,,,,,,,,,,,,,0,1,en_sl_ex_035_bt,,1,,9800,10800,,5,,,,,,,,,,,,,,,,,"23,27","NEW extension,Extension SoftBank 601HW WHITE"
1666,10614,748,417,Yes,36,2,カート用延長フラグ,Extension SoftBank 601HW WHITE,1,,,,,,,,*,sl/img001-ex.jpg,*,sl/img001-ex.jpg,,,,,,,,,,,,,,,,,,,,,,,0,1,en_sl_ex_036_bt,,1,,10290,11340,,5,,,,,,,,,,,,,,,,,"23,27","NEW extension,Extension SoftBank 601HW WHITE"
1666,10616,748,418,Yes,37,2,カート用延長フラグ,Extension SoftBank 601HW WHITE,1,,,,,,,,*,sl/img001-ex.jpg,*,sl/img001-ex.jpg,,,,,,,,,,,,,,,,,,,,,,,0,1,en_sl_ex_037_bt,,1,,10780,11830,,5,,,,,,,,,,,,,,,,,"23,27","NEW extension,Extension SoftBank 601HW WHITE"
1666,10618,748,419,Yes,38,2,カート用延長フラグ,Extension SoftBank 601HW WHITE,1,,,,,,,,*,sl/img001-ex.jpg,*,sl/img001-ex.jpg,,,,,,,,,,,,,,,,,,,,,,,0,1,en_sl_ex_038_bt,,1,,11270,12320,,5,,,,,,,,,,,,,,,,,"23,27","NEW extension,Extension SoftBank 601HW WHITE"
1666,10620,748,420,Yes,39,2,カート用延長フラグ,Extension SoftBank 601HW WHITE,1,,,,,,,,*,sl/img001-ex.jpg,*,sl/img001-ex.jpg,,,,,,,,,,,,,,,,,,,,,,,0,1,en_sl_ex_039_bt,,1,,11760,12810,,5,,,,,,,,,,,,,,,,,"23,27","NEW extension,Extension SoftBank 601HW WHITE"
1666,10622,748,421,Yes,40,2,カート用延長フラグ,Extension SoftBank 601HW WHITE,1,,,,,,,,*,sl/img001-ex.jpg,*,sl/img001-ex.jpg,,,,,,,,,,,,,,,,,,,,,,,0,1,en_sl_ex_040_bt,,1,,12250,13300,,5,,,,,,,,,,,,,,,,,"23,27","NEW extension,Extension SoftBank 601HW WHITE"
1666,10624,748,422,Yes,41,2,カート用延長フラグ,Extension SoftBank 601HW WHITE,1,,,,,,,,*,sl/img001-ex.jpg,*,sl/img001-ex.jpg,,,,,,,,,,,,,,,,,,,,,,,0,1,en_sl_ex_041_bt,,1,,12740,13790,,5,,,,,,,,,,,,,,,,,"23,27","NEW extension,Extension SoftBank 601HW WHITE"
1666,10626,748,423,Yes,42,2,カート用延長フラグ,Extension SoftBank 601HW WHITE,1,,,,,,,,*,sl/img001-ex.jpg,*,sl/img001-ex.jpg,,,,,,,,,,,,,,,,,,,,,,,0,1,en_sl_ex_060_bt,,1,,13050,14100,,5,,,,,,,,,,,,,,,,,"23,27","NEW extension,Extension SoftBank 601HW WHITE"
1666,10628,748,424,Yes,43,2,カート用延長フラグ,Extension SoftBank 601HW WHITE,1,,,,,,,,*,sl/img001-ex.jpg,*,sl/img001-ex.jpg,,,,,,,,,,,,,,,,,,,,,,,0,1,en_sl_ex_060_bt,,1,,13050,14100,,5,,,,,,,,,,,,,,,,,"23,27","NEW extension,Extension SoftBank 601HW WHITE"
1666,10630,748,425,Yes,44,2,カート用延長フラグ,Extension SoftBank 601HW WHITE,1,,,,,,,,*,sl/img001-ex.jpg,*,sl/img001-ex.jpg,,,,,,,,,,,,,,,,,,,,,,,0,1,en_sl_ex_060_bt,,1,,13050,14100,,5,,,,,,,,,,,,,,,,,"23,27","NEW extension,Extension SoftBank 601HW WHITE"
1666,10632,748,426,Yes,45,2,カート用延長フラグ,Extension SoftBank 601HW WHITE,1,,,,,,,,*,sl/img001-ex.jpg,*,sl/img001-ex.jpg,,,,,,,,,,,,,,,,,,,,,,,0,1,en_sl_ex_060_bt,,1,,13050,14100,,5,,,,,,,,,,,,,,,,,"23,27","NEW extension,Extension SoftBank 601HW WHITE"
1666,10634,748,427,Yes,46,2,カート用延長フラグ,Extension SoftBank 601HW WHITE,1,,,,,,,,*,sl/img001-ex.jpg,*,sl/img001-ex.jpg,,,,,,,,,,,,,,,,,,,,,,,0,1,en_sl_ex_060_bt,,1,,13050,14100,,5,,,,,,,,,,,,,,,,,"23,27","NEW extension,Extension SoftBank 601HW WHITE"
1666,10636,748,428,Yes,47,2,カート用延長フラグ,Extension SoftBank 601HW WHITE,1,,,,,,,,*,sl/img001-ex.jpg,*,sl/img001-ex.jpg,,,,,,,,,,,,,,,,,,,,,,,0,1,en_sl_ex_060_bt,,1,,13050,14100,,5,,,,,,,,,,,,,,,,,"23,27","NEW extension,Extension SoftBank 601HW WHITE"
1666,10638,748,429,Yes,48,2,カート用延長フラグ,Extension SoftBank 601HW WHITE,1,,,,,,,,*,sl/img001-ex.jpg,*,sl/img001-ex.jpg,,,,,,,,,,,,,,,,,,,,,,,0,1,en_sl_ex_060_bt,,1,,13050,14100,,5,,,,,,,,,,,,,,,,,"23,27","NEW extension,Extension SoftBank 601HW WHITE"
1666,10640,748,430,Yes,49,2,カート用延長フラグ,Extension SoftBank 601HW WHITE,1,,,,,,,,*,sl/img001-ex.jpg,*,sl/img001-ex.jpg,,,,,,,,,,,,,,,,,,,,,,,0,1,en_sl_ex_060_bt,,1,,13050,14100,,5,,,,,,,,,,,,,,,,,"23,27","NEW extension,Extension SoftBank 601HW WHITE"
1666,10642,748,431,Yes,50,2,カート用延長フラグ,Extension SoftBank 601HW WHITE,1,,,,,,,,*,sl/img001-ex.jpg,*,sl/img001-ex.jpg,,,,,,,,,,,,,,,,,,,,,,,0,1,en_sl_ex_060_bt,,1,,13050,14100,,5,,,,,,,,,,,,,,,,,"23,27","NEW extension,Extension SoftBank 601HW WHITE"
1666,10644,748,432,Yes,51,2,カート用延長フラグ,Extension SoftBank 601HW WHITE,1,,,,,,,,*,sl/img001-ex.jpg,*,sl/img001-ex.jpg,,,,,,,,,,,,,,,,,,,,,,,0,1,en_sl_ex_060_bt,,1,,13050,14100,,5,,,,,,,,,,,,,,,,,"23,27","NEW extension,Extension SoftBank 601HW WHITE"
1666,10646,748,433,Yes,52,2,カート用延長フラグ,Extension SoftBank 601HW WHITE,1,,,,,,,,*,sl/img001-ex.jpg,*,sl/img001-ex.jpg,,,,,,,,,,,,,,,,,,,,,,,0,1,en_sl_ex_060_bt,,1,,13050,14100,,5,,,,,,,,,,,,,,,,,"23,27","NEW extension,Extension SoftBank 601HW WHITE"
1666,10648,748,434,Yes,53,2,カート用延長フラグ,Extension SoftBank 601HW WHITE,1,,,,,,,,*,sl/img001-ex.jpg,*,sl/img001-ex.jpg,,,,,,,,,,,,,,,,,,,,,,,0,1,en_sl_ex_060_bt,,1,,13050,14100,,5,,,,,,,,,,,,,,,,,"23,27","NEW extension,Extension SoftBank 601HW WHITE"
1666,10650,748,435,Yes,54,2,カート用延長フラグ,Extension SoftBank 601HW WHITE,1,,,,,,,,*,sl/img001-ex.jpg,*,sl/img001-ex.jpg,,,,,,,,,,,,,,,,,,,,,,,0,1,en_sl_ex_060_bt,,1,,13050,14100,,5,,,,,,,,,,,,,,,,,"23,27","NEW extension,Extension SoftBank 601HW WHITE"
1666,10652,748,436,Yes,55,2,カート用延長フラグ,Extension SoftBank 601HW WHITE,1,,,,,,,,*,sl/img001-ex.jpg,*,sl/img001-ex.jpg,,,,,,,,,,,,,,,,,,,,,,,0,1,en_sl_ex_060_bt,,1,,13050,14100,,5,,,,,,,,,,,,,,,,,"23,27","NEW extension,Extension SoftBank 601HW WHITE"
1666,10654,748,437,Yes,56,2,カート用延長フラグ,Extension SoftBank 601HW WHITE,1,,,,,,,,*,sl/img001-ex.jpg,*,sl/img001-ex.jpg,,,,,,,,,,,,,,,,,,,,,,,0,1,en_sl_ex_060_bt,,1,,13050,14100,,5,,,,,,,,,,,,,,,,,"23,27","NEW extension,Extension SoftBank 601HW WHITE"
1666,10656,748,438,Yes,57,2,カート用延長フラグ,Extension SoftBank 601HW WHITE,1,,,,,,,,*,sl/img001-ex.jpg,*,sl/img001-ex.jpg,,,,,,,,,,,,,,,,,,,,,,,0,1,en_sl_ex_060_bt,,1,,13050,14100,,5,,,,,,,,,,,,,,,,,"23,27","NEW extension,Extension SoftBank 601HW WHITE"
1666,10658,748,439,Yes,58,2,カート用延長フラグ,Extension SoftBank 601HW WHITE,1,,,,,,,,*,sl/img001-ex.jpg,*,sl/img001-ex.jpg,,,,,,,,,,,,,,,,,,,,,,,0,1,en_sl_ex_060_bt,,1,,13050,14100,,5,,,,,,,,,,,,,,,,,"23,27","NEW extension,Extension SoftBank 601HW WHITE"
1666,10660,748,440,Yes,59,2,カート用延長フラグ,Extension SoftBank 601HW WHITE,1,,,,,,,,*,sl/img001-ex.jpg,*,sl/img001-ex.jpg,,,,,,,,,,,,,,,,,,,,,,,0,1,en_sl_ex_060_bt,,1,,13050,14100,,5,,,,,,,,,,,,,,,,,"23,27","NEW extension,Extension SoftBank 601HW WHITE"
1666,10662,748,441,Yes,60,2,カート用延長フラグ,Extension SoftBank 601HW WHITE,1,,,,,,,,*,sl/img001-ex.jpg,*,sl/img001-ex.jpg,,,,,,,,,,,,,,,,,,,,,,,0,1,en_sl_ex_060_bt,,1,,13050,14100,,5,,,,,,,,,,,,,,,,,"23,27","NEW extension,Extension SoftBank 601HW WHITE"
1666,10664,748,442,Yes,61,2,カート用延長フラグ,Extension SoftBank 601HW WHITE,1,,,,,,,,*,sl/img001-ex.jpg,*,sl/img001-ex.jpg,,,,,,,,,,,,,,,,,,,,,,,0,1,en_sl_ex_061_bt,,1,,13540,14640,,5,,,,,,,,,,,,,,,,,"23,27","NEW extension,Extension SoftBank 601HW WHITE"
1666,10666,748,443,Yes,62,2,カート用延長フラグ,Extension SoftBank 601HW WHITE,1,,,,,,,,*,sl/img001-ex.jpg,*,sl/img001-ex.jpg,,,,,,,,,,,,,,,,,,,,,,,0,1,en_sl_ex_062_bt,,1,,14030,15180,,5,,,,,,,,,,,,,,,,,"23,27","NEW extension,Extension SoftBank 601HW WHITE"
1666,10668,748,444,Yes,63,2,カート用延長フラグ,Extension SoftBank 601HW WHITE,1,,,,,,,,*,sl/img001-ex.jpg,*,sl/img001-ex.jpg,,,,,,,,,,,,,,,,,,,,,,,0,1,en_sl_ex_063_bt,,1,,14520,15720,,5,,,,,,,,,,,,,,,,,"23,27","NEW extension,Extension SoftBank 601HW WHITE"
1666,10670,748,445,Yes,64,2,カート用延長フラグ,Extension SoftBank 601HW WHITE,1,,,,,,,,*,sl/img001-ex.jpg,*,sl/img001-ex.jpg,,,,,,,,,,,,,,,,,,,,,,,0,1,en_sl_ex_064_bt,,1,,15010,16260,,5,,,,,,,,,,,,,,,,,"23,27","NEW extension,Extension SoftBank 601HW WHITE"
1666,10672,748,446,Yes,65,2,カート用延長フラグ,Extension SoftBank 601HW WHITE,1,,,,,,,,*,sl/img001-ex.jpg,*,sl/img001-ex.jpg,,,,,,,,,,,,,,,,,,,,,,,0,1,en_sl_ex_065_bt,,1,,15500,16800,,5,,,,,,,,,,,,,,,,,"23,27","NEW extension,Extension SoftBank 601HW WHITE"
1666,10674,748,447,Yes,66,2,カート用延長フラグ,Extension SoftBank 601HW WHITE,1,,,,,,,,*,sl/img001-ex.jpg,*,sl/img001-ex.jpg,,,,,,,,,,,,,,,,,,,,,,,0,1,en_sl_ex_066_bt,,1,,15990,17340,,5,,,,,,,,,,,,,,,,,"23,27","NEW extension,Extension SoftBank 601HW WHITE"
1666,10676,748,448,Yes,67,2,カート用延長フラグ,Extension SoftBank 601HW WHITE,1,,,,,,,,*,sl/img001-ex.jpg,*,sl/img001-ex.jpg,,,,,,,,,,,,,,,,,,,,,,,0,1,en_sl_ex_067_bt,,1,,16480,17830,,5,,,,,,,,,,,,,,,,,"23,27","NEW extension,Extension SoftBank 601HW WHITE"
1666,10678,748,449,Yes,68,2,カート用延長フラグ,Extension SoftBank 601HW WHITE,1,,,,,,,,*,sl/img001-ex.jpg,*,sl/img001-ex.jpg,,,,,,,,,,,,,,,,,,,,,,,0,1,en_sl_ex_068_bt,,1,,16970,18320,,5,,,,,,,,,,,,,,,,,"23,27","NEW extension,Extension SoftBank 601HW WHITE"
1666,10680,748,450,Yes,69,2,カート用延長フラグ,Extension SoftBank 601HW WHITE,1,,,,,,,,*,sl/img001-ex.jpg,*,sl/img001-ex.jpg,,,,,,,,,,,,,,,,,,,,,,,0,1,en_sl_ex_069_bt,,1,,17460,18810,,5,,,,,,,,,,,,,,,,,"23,27","NEW extension,Extension SoftBank 601HW WHITE"
1666,10682,748,451,Yes,70,2,カート用延長フラグ,Extension SoftBank 601HW WHITE,1,,,,,,,,*,sl/img001-ex.jpg,*,sl/img001-ex.jpg,,,,,,,,,,,,,,,,,,,,,,,0,1,en_sl_ex_070_bt,,1,,17950,19300,,5,,,,,,,,,,,,,,,,,"23,27","NEW extension,Extension SoftBank 601HW WHITE"
1666,10684,748,452,Yes,71,2,カート用延長フラグ,Extension SoftBank 601HW WHITE,1,,,,,,,,*,sl/img001-ex.jpg,*,sl/img001-ex.jpg,,,,,,,,,,,,,,,,,,,,,,,0,1,en_sl_ex_090_bt,,1,,18300,19650,,5,,,,,,,,,,,,,,,,,"23,27","NEW extension,Extension SoftBank 601HW WHITE"
1666,10686,748,453,Yes,72,2,カート用延長フラグ,Extension SoftBank 601HW WHITE,1,,,,,,,,*,sl/img001-ex.jpg,*,sl/img001-ex.jpg,,,,,,,,,,,,,,,,,,,,,,,0,1,en_sl_ex_090_bt,,1,,18300,19650,,5,,,,,,,,,,,,,,,,,"23,27","NEW extension,Extension SoftBank 601HW WHITE"
1666,10688,748,454,Yes,73,2,カート用延長フラグ,Extension SoftBank 601HW WHITE,1,,,,,,,,*,sl/img001-ex.jpg,*,sl/img001-ex.jpg,,,,,,,,,,,,,,,,,,,,,,,0,1,en_sl_ex_090_bt,,1,,18300,19650,,5,,,,,,,,,,,,,,,,,"23,27","NEW extension,Extension SoftBank 601HW WHITE"
1666,10690,748,455,Yes,74,2,カート用延長フラグ,Extension SoftBank 601HW WHITE,1,,,,,,,,*,sl/img001-ex.jpg,*,sl/img001-ex.jpg,,,,,,,,,,,,,,,,,,,,,,,0,1,en_sl_ex_090_bt,,1,,18300,19650,,5,,,,,,,,,,,,,,,,,"23,27","NEW extension,Extension SoftBank 601HW WHITE"
1666,10692,748,456,Yes,75,2,カート用延長フラグ,Extension SoftBank 601HW WHITE,1,,,,,,,,*,sl/img001-ex.jpg,*,sl/img001-ex.jpg,,,,,,,,,,,,,,,,,,,,,,,0,1,en_sl_ex_090_bt,,1,,18300,19650,,5,,,,,,,,,,,,,,,,,"23,27","NEW extension,Extension SoftBank 601HW WHITE"
1666,10694,748,457,Yes,76,2,カート用延長フラグ,Extension SoftBank 601HW WHITE,1,,,,,,,,*,sl/img001-ex.jpg,*,sl/img001-ex.jpg,,,,,,,,,,,,,,,,,,,,,,,0,1,en_sl_ex_090_bt,,1,,18300,19650,,5,,,,,,,,,,,,,,,,,"23,27","NEW extension,Extension SoftBank 601HW WHITE"
1666,10696,748,458,Yes,77,2,カート用延長フラグ,Extension SoftBank 601HW WHITE,1,,,,,,,,*,sl/img001-ex.jpg,*,sl/img001-ex.jpg,,,,,,,,,,,,,,,,,,,,,,,0,1,en_sl_ex_090_bt,,1,,18300,19650,,5,,,,,,,,,,,,,,,,,"23,27","NEW extension,Extension SoftBank 601HW WHITE"
1666,10698,748,459,Yes,78,2,カート用延長フラグ,Extension SoftBank 601HW WHITE,1,,,,,,,,*,sl/img001-ex.jpg,*,sl/img001-ex.jpg,,,,,,,,,,,,,,,,,,,,,,,0,1,en_sl_ex_090_bt,,1,,18300,19650,,5,,,,,,,,,,,,,,,,,"23,27","NEW extension,Extension SoftBank 601HW WHITE"
1666,10700,748,460,Yes,79,2,カート用延長フラグ,Extension SoftBank 601HW WHITE,1,,,,,,,,*,sl/img001-ex.jpg,*,sl/img001-ex.jpg,,,,,,,,,,,,,,,,,,,,,,,0,1,en_sl_ex_090_bt,,1,,18300,19650,,5,,,,,,,,,,,,,,,,,"23,27","NEW extension,Extension SoftBank 601HW WHITE"
1666,10702,748,461,Yes,80,2,カート用延長フラグ,Extension SoftBank 601HW WHITE,1,,,,,,,,*,sl/img001-ex.jpg,*,sl/img001-ex.jpg,,,,,,,,,,,,,,,,,,,,,,,0,1,en_sl_ex_090_bt,,1,,18300,19650,,5,,,,,,,,,,,,,,,,,"23,27","NEW extension,Extension SoftBank 601HW WHITE"
1666,10704,748,462,Yes,81,2,カート用延長フラグ,Extension SoftBank 601HW WHITE,1,,,,,,,,*,sl/img001-ex.jpg,*,sl/img001-ex.jpg,,,,,,,,,,,,,,,,,,,,,,,0,1,en_sl_ex_090_bt,,1,,18300,19650,,5,,,,,,,,,,,,,,,,,"23,27","NEW extension,Extension SoftBank 601HW WHITE"
1666,10706,748,463,Yes,82,2,カート用延長フラグ,Extension SoftBank 601HW WHITE,1,,,,,,,,*,sl/img001-ex.jpg,*,sl/img001-ex.jpg,,,,,,,,,,,,,,,,,,,,,,,0,1,en_sl_ex_090_bt,,1,,18300,19650,,5,,,,,,,,,,,,,,,,,"23,27","NEW extension,Extension SoftBank 601HW WHITE"
1666,10708,748,464,Yes,83,2,カート用延長フラグ,Extension SoftBank 601HW WHITE,1,,,,,,,,*,sl/img001-ex.jpg,*,sl/img001-ex.jpg,,,,,,,,,,,,,,,,,,,,,,,0,1,en_sl_ex_090_bt,,1,,18300,19650,,5,,,,,,,,,,,,,,,,,"23,27","NEW extension,Extension SoftBank 601HW WHITE"
1666,10710,748,465,Yes,84,2,カート用延長フラグ,Extension SoftBank 601HW WHITE,1,,,,,,,,*,sl/img001-ex.jpg,*,sl/img001-ex.jpg,,,,,,,,,,,,,,,,,,,,,,,0,1,en_sl_ex_090_bt,,1,,18300,19650,,5,,,,,,,,,,,,,,,,,"23,27","NEW extension,Extension SoftBank 601HW WHITE"
1666,10712,748,466,Yes,85,2,カート用延長フラグ,Extension SoftBank 601HW WHITE,1,,,,,,,,*,sl/img001-ex.jpg,*,sl/img001-ex.jpg,,,,,,,,,,,,,,,,,,,,,,,0,1,en_sl_ex_090_bt,,1,,18300,19650,,5,,,,,,,,,,,,,,,,,"23,27","NEW extension,Extension SoftBank 601HW WHITE"
1666,10714,748,467,Yes,86,2,カート用延長フラグ,Extension SoftBank 601HW WHITE,1,,,,,,,,*,sl/img001-ex.jpg,*,sl/img001-ex.jpg,,,,,,,,,,,,,,,,,,,,,,,0,1,en_sl_ex_090_bt,,1,,18300,19650,,5,,,,,,,,,,,,,,,,,"23,27","NEW extension,Extension SoftBank 601HW WHITE"
1666,10716,748,468,Yes,87,2,カート用延長フラグ,Extension SoftBank 601HW WHITE,1,,,,,,,,*,sl/img001-ex.jpg,*,sl/img001-ex.jpg,,,,,,,,,,,,,,,,,,,,,,,0,1,en_sl_ex_090_bt,,1,,18300,19650,,5,,,,,,,,,,,,,,,,,"23,27","NEW extension,Extension SoftBank 601HW WHITE"
1666,10718,748,469,Yes,88,2,カート用延長フラグ,Extension SoftBank 601HW WHITE,1,,,,,,,,*,sl/img001-ex.jpg,*,sl/img001-ex.jpg,,,,,,,,,,,,,,,,,,,,,,,0,1,en_sl_ex_090_bt,,1,,18300,19650,,5,,,,,,,,,,,,,,,,,"23,27","NEW extension,Extension SoftBank 601HW WHITE"
1666,10720,748,470,Yes,89,2,カート用延長フラグ,Extension SoftBank 601HW WHITE,1,,,,,,,,*,sl/img001-ex.jpg,*,sl/img001-ex.jpg,,,,,,,,,,,,,,,,,,,,,,,0,1,en_sl_ex_090_bt,,1,,18300,19650,,5,,,,,,,,,,,,,,,,,"23,27","NEW extension,Extension SoftBank 601HW WHITE"
1666,10722,748,471,Yes,90,2,カート用延長フラグ,Extension SoftBank 601HW WHITE,1,,,,,,,,*,sl/img001-ex.jpg,*,sl/img001-ex.jpg,,,,,,,,,,,,,,,,,,,,,,,0,1,en_sl_ex_090_bt,,1,,18300,19650,,5,,,,,,,,,,,,,,,,,"23,27","NEW extension,Extension SoftBank 601HW WHITE"
1666,10724,748,472,Yes,91,2,カート用延長フラグ,Extension SoftBank 601HW WHITE,1,,,,,,,,*,sl/img001-ex.jpg,*,sl/img001-ex.jpg,,,,,,,,,,,,,,,,,,,,,,,0,1,en_sl_ex_091_bt,,1,,18790,20190,,5,,,,,,,,,,,,,,,,,"23,27","NEW extension,Extension SoftBank 601HW WHITE"
1666,10726,748,473,Yes,92,2,カート用延長フラグ,Extension SoftBank 601HW WHITE,1,,,,,,,,*,sl/img001-ex.jpg,*,sl/img001-ex.jpg,,,,,,,,,,,,,,,,,,,,,,,0,1,en_sl_ex_092_bt,,1,,19280,20730,,5,,,,,,,,,,,,,,,,,"23,27","NEW extension,Extension SoftBank 601HW WHITE"
1666,10728,748,474,Yes,93,2,カート用延長フラグ,Extension SoftBank 601HW WHITE,1,,,,,,,,*,sl/img001-ex.jpg,*,sl/img001-ex.jpg,,,,,,,,,,,,,,,,,,,,,,,0,1,en_sl_ex_093_bt,,1,,19770,21270,,5,,,,,,,,,,,,,,,,,"23,27","NEW extension,Extension SoftBank 601HW WHITE"
1666,10730,748,475,Yes,94,2,カート用延長フラグ,Extension SoftBank 601HW WHITE,1,,,,,,,,*,sl/img001-ex.jpg,*,sl/img001-ex.jpg,,,,,,,,,,,,,,,,,,,,,,,0,1,en_sl_ex_094_bt,,1,,20260,21810,,5,,,,,,,,,,,,,,,,,"23,27","NEW extension,Extension SoftBank 601HW WHITE"
1666,10732,748,476,Yes,95,2,カート用延長フラグ,Extension SoftBank 601HW WHITE,1,,,,,,,,*,sl/img001-ex.jpg,*,sl/img001-ex.jpg,,,,,,,,,,,,,,,,,,,,,,,0,1,en_sl_ex_095_bt,,1,,20750,22350,,5,,,,,,,,,,,,,,,,,"23,27","NEW extension,Extension SoftBank 601HW WHITE"
1666,10734,748,477,Yes,96,2,カート用延長フラグ,Extension SoftBank 601HW WHITE,1,,,,,,,,*,sl/img001-ex.jpg,*,sl/img001-ex.jpg,,,,,,,,,,,,,,,,,,,,,,,0,1,en_sl_ex_096_bt,,1,,21240,22890,,5,,,,,,,,,,,,,,,,,"23,27","NEW extension,Extension SoftBank 601HW WHITE"
1666,10736,748,478,Yes,97,2,カート用延長フラグ,Extension SoftBank 601HW WHITE,1,,,,,,,,*,sl/img001-ex.jpg,*,sl/img001-ex.jpg,,,,,,,,,,,,,,,,,,,,,,,0,1,en_sl_ex_097_bt,,1,,21730,23380,,5,,,,,,,,,,,,,,,,,"23,27","NEW extension,Extension SoftBank 601HW WHITE"
1666,10738,748,479,Yes,98,2,カート用延長フラグ,Extension SoftBank 601HW WHITE,1,,,,,,,,*,sl/img001-ex.jpg,*,sl/img001-ex.jpg,,,,,,,,,,,,,,,,,,,,,,,0,1,en_sl_ex_098_bt,,1,,22220,23870,,5,,,,,,,,,,,,,,,,,"23,27","NEW extension,Extension SoftBank 601HW WHITE"
1666,10740,748,480,Yes,99,2,カート用延長フラグ,Extension SoftBank 601HW WHITE,1,,,,,,,,*,sl/img001-ex.jpg,*,sl/img001-ex.jpg,,,,,,,,,,,,,,,,,,,,,,,0,1,en_sl_ex_099_bt,,1,,22710,24360,,5,,,,,,,,,,,,,,,,,"23,27","NEW extension,Extension SoftBank 601HW WHITE"
1666,10742,748,481,Yes,100,2,カート用延長フラグ,Extension SoftBank 601HW WHITE,1,,,,,,,,*,sl/img001-ex.jpg,*,sl/img001-ex.jpg,,,,,,,,,,,,,,,,,,,,,,,0,1,en_sl_ex_120_bt,,1,,23000,24650,,5,,,,,,,,,,,,,,,,,"23,27","NEW extension,Extension SoftBank 601HW WHITE"
1666,10744,748,482,Yes,101,2,カート用延長フラグ,Extension SoftBank 601HW WHITE,1,,,,,,,,*,sl/img001-ex.jpg,*,sl/img001-ex.jpg,,,,,,,,,,,,,,,,,,,,,,,0,1,en_sl_ex_120_bt,,1,,23000,24650,,5,,,,,,,,,,,,,,,,,"23,27","NEW extension,Extension SoftBank 601HW WHITE"
1666,10746,748,483,Yes,102,2,カート用延長フラグ,Extension SoftBank 601HW WHITE,1,,,,,,,,*,sl/img001-ex.jpg,*,sl/img001-ex.jpg,,,,,,,,,,,,,,,,,,,,,,,0,1,en_sl_ex_120_bt,,1,,23000,24650,,5,,,,,,,,,,,,,,,,,"23,27","NEW extension,Extension SoftBank 601HW WHITE"
1666,10748,748,484,Yes,103,2,カート用延長フラグ,Extension SoftBank 601HW WHITE,1,,,,,,,,*,sl/img001-ex.jpg,*,sl/img001-ex.jpg,,,,,,,,,,,,,,,,,,,,,,,0,1,en_sl_ex_120_bt,,1,,23000,24650,,5,,,,,,,,,,,,,,,,,"23,27","NEW extension,Extension SoftBank 601HW WHITE"
1666,10750,748,485,Yes,104,2,カート用延長フラグ,Extension SoftBank 601HW WHITE,1,,,,,,,,*,sl/img001-ex.jpg,*,sl/img001-ex.jpg,,,,,,,,,,,,,,,,,,,,,,,0,1,en_sl_ex_120_bt,,1,,23000,24650,,5,,,,,,,,,,,,,,,,,"23,27","NEW extension,Extension SoftBank 601HW WHITE"
1666,10752,748,486,Yes,105,2,カート用延長フラグ,Extension SoftBank 601HW WHITE,1,,,,,,,,*,sl/img001-ex.jpg,*,sl/img001-ex.jpg,,,,,,,,,,,,,,,,,,,,,,,0,1,en_sl_ex_120_bt,,1,,23000,24650,,5,,,,,,,,,,,,,,,,,"23,27","NEW extension,Extension SoftBank 601HW WHITE"
1666,10754,748,487,Yes,106,2,カート用延長フラグ,Extension SoftBank 601HW WHITE,1,,,,,,,,*,sl/img001-ex.jpg,*,sl/img001-ex.jpg,,,,,,,,,,,,,,,,,,,,,,,0,1,en_sl_ex_120_bt,,1,,23000,24650,,5,,,,,,,,,,,,,,,,,"23,27","NEW extension,Extension SoftBank 601HW WHITE"
1666,10756,748,488,Yes,107,2,カート用延長フラグ,Extension SoftBank 601HW WHITE,1,,,,,,,,*,sl/img001-ex.jpg,*,sl/img001-ex.jpg,,,,,,,,,,,,,,,,,,,,,,,0,1,en_sl_ex_120_bt,,1,,23000,24650,,5,,,,,,,,,,,,,,,,,"23,27","NEW extension,Extension SoftBank 601HW WHITE"
1666,10758,748,489,Yes,108,2,カート用延長フラグ,Extension SoftBank 601HW WHITE,1,,,,,,,,*,sl/img001-ex.jpg,*,sl/img001-ex.jpg,,,,,,,,,,,,,,,,,,,,,,,0,1,en_sl_ex_120_bt,,1,,23000,24650,,5,,,,,,,,,,,,,,,,,"23,27","NEW extension,Extension SoftBank 601HW WHITE"
1666,10760,748,490,Yes,109,2,カート用延長フラグ,Extension SoftBank 601HW WHITE,1,,,,,,,,*,sl/img001-ex.jpg,*,sl/img001-ex.jpg,,,,,,,,,,,,,,,,,,,,,,,0,1,en_sl_ex_120_bt,,1,,23000,24650,,5,,,,,,,,,,,,,,,,,"23,27","NEW extension,Extension SoftBank 601HW WHITE"
1666,10762,748,491,Yes,110,2,カート用延長フラグ,Extension SoftBank 601HW WHITE,1,,,,,,,,*,sl/img001-ex.jpg,*,sl/img001-ex.jpg,,,,,,,,,,,,,,,,,,,,,,,0,1,en_sl_ex_120_bt,,1,,23000,24650,,5,,,,,,,,,,,,,,,,,"23,27","NEW extension,Extension SoftBank 601HW WHITE"
1666,10764,748,492,Yes,111,2,カート用延長フラグ,Extension SoftBank 601HW WHITE,1,,,,,,,,*,sl/img001-ex.jpg,*,sl/img001-ex.jpg,,,,,,,,,,,,,,,,,,,,,,,0,1,en_sl_ex_120_bt,,1,,23000,24650,,5,,,,,,,,,,,,,,,,,"23,27","NEW extension,Extension SoftBank 601HW WHITE"
1666,10766,748,493,Yes,112,2,カート用延長フラグ,Extension SoftBank 601HW WHITE,1,,,,,,,,*,sl/img001-ex.jpg,*,sl/img001-ex.jpg,,,,,,,,,,,,,,,,,,,,,,,0,1,en_sl_ex_120_bt,,1,,23000,24650,,5,,,,,,,,,,,,,,,,,"23,27","NEW extension,Extension SoftBank 601HW WHITE"
1666,10768,748,494,Yes,113,2,カート用延長フラグ,Extension SoftBank 601HW WHITE,1,,,,,,,,*,sl/img001-ex.jpg,*,sl/img001-ex.jpg,,,,,,,,,,,,,,,,,,,,,,,0,1,en_sl_ex_120_bt,,1,,23000,24650,,5,,,,,,,,,,,,,,,,,"23,27","NEW extension,Extension SoftBank 601HW WHITE"
1666,10770,748,495,Yes,114,2,カート用延長フラグ,Extension SoftBank 601HW WHITE,1,,,,,,,,*,sl/img001-ex.jpg,*,sl/img001-ex.jpg,,,,,,,,,,,,,,,,,,,,,,,0,1,en_sl_ex_120_bt,,1,,23000,24650,,5,,,,,,,,,,,,,,,,,"23,27","NEW extension,Extension SoftBank 601HW WHITE"
1666,10772,748,496,Yes,115,2,カート用延長フラグ,Extension SoftBank 601HW WHITE,1,,,,,,,,*,sl/img001-ex.jpg,*,sl/img001-ex.jpg,,,,,,,,,,,,,,,,,,,,,,,0,1,en_sl_ex_120_bt,,1,,23000,24650,,5,,,,,,,,,,,,,,,,,"23,27","NEW extension,Extension SoftBank 601HW WHITE"
1666,10774,748,497,Yes,116,2,カート用延長フラグ,Extension SoftBank 601HW WHITE,1,,,,,,,,*,sl/img001-ex.jpg,*,sl/img001-ex.jpg,,,,,,,,,,,,,,,,,,,,,,,0,1,en_sl_ex_120_bt,,1,,23000,24650,,5,,,,,,,,,,,,,,,,,"23,27","NEW extension,Extension SoftBank 601HW WHITE"
1666,10776,748,498,Yes,117,2,カート用延長フラグ,Extension SoftBank 601HW WHITE,1,,,,,,,,*,sl/img001-ex.jpg,*,sl/img001-ex.jpg,,,,,,,,,,,,,,,,,,,,,,,0,1,en_sl_ex_120_bt,,1,,23000,24650,,5,,,,,,,,,,,,,,,,,"23,27","NEW extension,Extension SoftBank 601HW WHITE"
1666,10778,748,499,Yes,118,2,カート用延長フラグ,Extension SoftBank 601HW WHITE,1,,,,,,,,*,sl/img001-ex.jpg,*,sl/img001-ex.jpg,,,,,,,,,,,,,,,,,,,,,,,0,1,en_sl_ex_120_bt,,1,,23000,24650,,5,,,,,,,,,,,,,,,,,"23,27","NEW extension,Extension SoftBank 601HW WHITE"
1666,10780,748,500,Yes,119,2,カート用延長フラグ,Extension SoftBank 601HW WHITE,1,,,,,,,,*,sl/img001-ex.jpg,*,sl/img001-ex.jpg,,,,,,,,,,,,,,,,,,,,,,,0,1,en_sl_ex_120_bt,,1,,23000,24650,,5,,,,,,,,,,,,,,,,,"23,27","NEW extension,Extension SoftBank 601HW WHITE"
1666,10782,748,501,Yes,120,2,カート用延長フラグ,Extension SoftBank 601HW WHITE,1,,,,,,,,*,sl/img001-ex.jpg,*,sl/img001-ex.jpg,,,,,,,,,,,,,,,,,,,,,,,0,1,en_sl_ex_120_bt,,1,,23000,24650,,5,,,,,,,,,,,,,,,,,"23,27","NEW extension,Extension SoftBank 601HW WHITE"
1666,10784,748,502,Yes,121,2,カート用延長フラグ,Extension SoftBank 601HW WHITE,1,,,,,,,,*,sl/img001-ex.jpg,*,sl/img001-ex.jpg,,,,,,,,,,,,,,,,,,,,,,,0,1,en_sl_ex_121_bt,,1,,23490,25190,,5,,,,,,,,,,,,,,,,,"23,27","NEW extension,Extension SoftBank 601HW WHITE"
1666,10786,748,503,Yes,122,2,カート用延長フラグ,Extension SoftBank 601HW WHITE,1,,,,,,,,*,sl/img001-ex.jpg,*,sl/img001-ex.jpg,,,,,,,,,,,,,,,,,,,,,,,0,1,en_sl_ex_122_bt,,1,,23980,25730,,5,,,,,,,,,,,,,,,,,"23,27","NEW extension,Extension SoftBank 601HW WHITE"
1666,10788,748,504,Yes,123,2,カート用延長フラグ,Extension SoftBank 601HW WHITE,1,,,,,,,,*,sl/img001-ex.jpg,*,sl/img001-ex.jpg,,,,,,,,,,,,,,,,,,,,,,,0,1,en_sl_ex_123_bt,,1,,24470,26270,,5,,,,,,,,,,,,,,,,,"23,27","NEW extension,Extension SoftBank 601HW WHITE"
1666,10790,748,505,Yes,124,2,カート用延長フラグ,Extension SoftBank 601HW WHITE,1,,,,,,,,*,sl/img001-ex.jpg,*,sl/img001-ex.jpg,,,,,,,,,,,,,,,,,,,,,,,0,1,en_sl_ex_124_bt,,1,,24960,26810,,5,,,,,,,,,,,,,,,,,"23,27","NEW extension,Extension SoftBank 601HW WHITE"
1666,10792,748,506,Yes,125,2,カート用延長フラグ,Extension SoftBank 601HW WHITE,1,,,,,,,,*,sl/img001-ex.jpg,*,sl/img001-ex.jpg,,,,,,,,,,,,,,,,,,,,,,,0,1,en_sl_ex_125_bt,,1,,25450,27350,,5,,,,,,,,,,,,,,,,,"23,27","NEW extension,Extension SoftBank 601HW WHITE"
1666,10794,748,507,Yes,126,2,カート用延長フラグ,Extension SoftBank 601HW WHITE,1,,,,,,,,*,sl/img001-ex.jpg,*,sl/img001-ex.jpg,,,,,,,,,,,,,,,,,,,,,,,0,1,en_sl_ex_150_bt,,1,,25500,27450,,5,,,,,,,,,,,,,,,,,"23,27","NEW extension,Extension SoftBank 601HW WHITE"
1666,10796,748,508,Yes,127,2,カート用延長フラグ,Extension SoftBank 601HW WHITE,1,,,,,,,,*,sl/img001-ex.jpg,*,sl/img001-ex.jpg,,,,,,,,,,,,,,,,,,,,,,,0,1,en_sl_ex_150_bt,,1,,25500,27450,,5,,,,,,,,,,,,,,,,,"23,27","NEW extension,Extension SoftBank 601HW WHITE"
1666,10798,748,509,Yes,128,2,カート用延長フラグ,Extension SoftBank 601HW WHITE,1,,,,,,,,*,sl/img001-ex.jpg,*,sl/img001-ex.jpg,,,,,,,,,,,,,,,,,,,,,,,0,1,en_sl_ex_150_bt,,1,,25500,27450,,5,,,,,,,,,,,,,,,,,"23,27","NEW extension,Extension SoftBank 601HW WHITE"
1666,10800,748,510,Yes,129,2,カート用延長フラグ,Extension SoftBank 601HW WHITE,1,,,,,,,,*,sl/img001-ex.jpg,*,sl/img001-ex.jpg,,,,,,,,,,,,,,,,,,,,,,,0,1,en_sl_ex_150_bt,,1,,25500,27450,,5,,,,,,,,,,,,,,,,,"23,27","NEW extension,Extension SoftBank 601HW WHITE"
1666,10802,748,511,Yes,130,2,カート用延長フラグ,Extension SoftBank 601HW WHITE,1,,,,,,,,*,sl/img001-ex.jpg,*,sl/img001-ex.jpg,,,,,,,,,,,,,,,,,,,,,,,0,1,en_sl_ex_150_bt,,1,,25500,27450,,5,,,,,,,,,,,,,,,,,"23,27","NEW extension,Extension SoftBank 601HW WHITE"
1666,10804,748,512,Yes,131,2,カート用延長フラグ,Extension SoftBank 601HW WHITE,1,,,,,,,,*,sl/img001-ex.jpg,*,sl/img001-ex.jpg,,,,,,,,,,,,,,,,,,,,,,,0,1,en_sl_ex_150_bt,,1,,25500,27450,,5,,,,,,,,,,,,,,,,,"23,27","NEW extension,Extension SoftBank 601HW WHITE"
1666,10806,748,513,Yes,132,2,カート用延長フラグ,Extension SoftBank 601HW WHITE,1,,,,,,,,*,sl/img001-ex.jpg,*,sl/img001-ex.jpg,,,,,,,,,,,,,,,,,,,,,,,0,1,en_sl_ex_150_bt,,1,,25500,27450,,5,,,,,,,,,,,,,,,,,"23,27","NEW extension,Extension SoftBank 601HW WHITE"
1666,10808,748,514,Yes,133,2,カート用延長フラグ,Extension SoftBank 601HW WHITE,1,,,,,,,,*,sl/img001-ex.jpg,*,sl/img001-ex.jpg,,,,,,,,,,,,,,,,,,,,,,,0,1,en_sl_ex_150_bt,,1,,25500,27450,,5,,,,,,,,,,,,,,,,,"23,27","NEW extension,Extension SoftBank 601HW WHITE"
1666,10810,748,515,Yes,134,2,カート用延長フラグ,Extension SoftBank 601HW WHITE,1,,,,,,,,*,sl/img001-ex.jpg,*,sl/img001-ex.jpg,,,,,,,,,,,,,,,,,,,,,,,0,1,en_sl_ex_150_bt,,1,,25500,27450,,5,,,,,,,,,,,,,,,,,"23,27","NEW extension,Extension SoftBank 601HW WHITE"
1666,10812,748,516,Yes,135,2,カート用延長フラグ,Extension SoftBank 601HW WHITE,1,,,,,,,,*,sl/img001-ex.jpg,*,sl/img001-ex.jpg,,,,,,,,,,,,,,,,,,,,,,,0,1,en_sl_ex_150_bt,,1,,25500,27450,,5,,,,,,,,,,,,,,,,,"23,27","NEW extension,Extension SoftBank 601HW WHITE"
1666,10814,748,517,Yes,136,2,カート用延長フラグ,Extension SoftBank 601HW WHITE,1,,,,,,,,*,sl/img001-ex.jpg,*,sl/img001-ex.jpg,,,,,,,,,,,,,,,,,,,,,,,0,1,en_sl_ex_150_bt,,1,,25500,27450,,5,,,,,,,,,,,,,,,,,"23,27","NEW extension,Extension SoftBank 601HW WHITE"
1666,10816,748,518,Yes,137,2,カート用延長フラグ,Extension SoftBank 601HW WHITE,1,,,,,,,,*,sl/img001-ex.jpg,*,sl/img001-ex.jpg,,,,,,,,,,,,,,,,,,,,,,,0,1,en_sl_ex_150_bt,,1,,25500,27450,,5,,,,,,,,,,,,,,,,,"23,27","NEW extension,Extension SoftBank 601HW WHITE"
1666,10818,748,519,Yes,138,2,カート用延長フラグ,Extension SoftBank 601HW WHITE,1,,,,,,,,*,sl/img001-ex.jpg,*,sl/img001-ex.jpg,,,,,,,,,,,,,,,,,,,,,,,0,1,en_sl_ex_150_bt,,1,,25500,27450,,5,,,,,,,,,,,,,,,,,"23,27","NEW extension,Extension SoftBank 601HW WHITE"
1666,10820,748,520,Yes,139,2,カート用延長フラグ,Extension SoftBank 601HW WHITE,1,,,,,,,,*,sl/img001-ex.jpg,*,sl/img001-ex.jpg,,,,,,,,,,,,,,,,,,,,,,,0,1,en_sl_ex_150_bt,,1,,25500,27450,,5,,,,,,,,,,,,,,,,,"23,27","NEW extension,Extension SoftBank 601HW WHITE"
1666,10822,748,521,Yes,140,2,カート用延長フラグ,Extension SoftBank 601HW WHITE,1,,,,,,,,*,sl/img001-ex.jpg,*,sl/img001-ex.jpg,,,,,,,,,,,,,,,,,,,,,,,0,1,en_sl_ex_150_bt,,1,,25500,27450,,5,,,,,,,,,,,,,,,,,"23,27","NEW extension,Extension SoftBank 601HW WHITE"
1666,10824,748,522,Yes,141,2,カート用延長フラグ,Extension SoftBank 601HW WHITE,1,,,,,,,,*,sl/img001-ex.jpg,*,sl/img001-ex.jpg,,,,,,,,,,,,,,,,,,,,,,,0,1,en_sl_ex_150_bt,,1,,25500,27450,,5,,,,,,,,,,,,,,,,,"23,27","NEW extension,Extension SoftBank 601HW WHITE"
1666,10826,748,523,Yes,142,2,カート用延長フラグ,Extension SoftBank 601HW WHITE,1,,,,,,,,*,sl/img001-ex.jpg,*,sl/img001-ex.jpg,,,,,,,,,,,,,,,,,,,,,,,0,1,en_sl_ex_150_bt,,1,,25500,27450,,5,,,,,,,,,,,,,,,,,"23,27","NEW extension,Extension SoftBank 601HW WHITE"
1666,10828,748,524,Yes,143,2,カート用延長フラグ,Extension SoftBank 601HW WHITE,1,,,,,,,,*,sl/img001-ex.jpg,*,sl/img001-ex.jpg,,,,,,,,,,,,,,,,,,,,,,,0,1,en_sl_ex_150_bt,,1,,25500,27450,,5,,,,,,,,,,,,,,,,,"23,27","NEW extension,Extension SoftBank 601HW WHITE"
1666,10830,748,525,Yes,144,2,カート用延長フラグ,Extension SoftBank 601HW WHITE,1,,,,,,,,*,sl/img001-ex.jpg,*,sl/img001-ex.jpg,,,,,,,,,,,,,,,,,,,,,,,0,1,en_sl_ex_150_bt,,1,,25500,27450,,5,,,,,,,,,,,,,,,,,"23,27","NEW extension,Extension SoftBank 601HW WHITE"
1666,10832,748,526,Yes,145,2,カート用延長フラグ,Extension SoftBank 601HW WHITE,1,,,,,,,,*,sl/img001-ex.jpg,*,sl/img001-ex.jpg,,,,,,,,,,,,,,,,,,,,,,,0,1,en_sl_ex_150_bt,,1,,25500,27450,,5,,,,,,,,,,,,,,,,,"23,27","NEW extension,Extension SoftBank 601HW WHITE"
1666,10834,748,527,Yes,146,2,カート用延長フラグ,Extension SoftBank 601HW WHITE,1,,,,,,,,*,sl/img001-ex.jpg,*,sl/img001-ex.jpg,,,,,,,,,,,,,,,,,,,,,,,0,1,en_sl_ex_150_bt,,1,,25500,27450,,5,,,,,,,,,,,,,,,,,"23,27","NEW extension,Extension SoftBank 601HW WHITE"
1666,10836,748,528,Yes,147,2,カート用延長フラグ,Extension SoftBank 601HW WHITE,1,,,,,,,,*,sl/img001-ex.jpg,*,sl/img001-ex.jpg,,,,,,,,,,,,,,,,,,,,,,,0,1,en_sl_ex_150_bt,,1,,25500,27450,,5,,,,,,,,,,,,,,,,,"23,27","NEW extension,Extension SoftBank 601HW WHITE"
1666,10838,748,529,Yes,148,2,カート用延長フラグ,Extension SoftBank 601HW WHITE,1,,,,,,,,*,sl/img001-ex.jpg,*,sl/img001-ex.jpg,,,,,,,,,,,,,,,,,,,,,,,0,1,en_sl_ex_150_bt,,1,,25500,27450,,5,,,,,,,,,,,,,,,,,"23,27","NEW extension,Extension SoftBank 601HW WHITE"
1666,10840,748,530,Yes,149,2,カート用延長フラグ,Extension SoftBank 601HW WHITE,1,,,,,,,,*,sl/img001-ex.jpg,*,sl/img001-ex.jpg,,,,,,,,,,,,,,,,,,,,,,,0,1,en_sl_ex_150_bt,,1,,25500,27450,,5,,,,,,,,,,,,,,,,,"23,27","NEW extension,Extension SoftBank 601HW WHITE"
1666,10842,748,531,Yes,150,2,カート用延長フラグ,Extension SoftBank 601HW WHITE,1,,,,,,,,*,sl/img001-ex.jpg,*,sl/img001-ex.jpg,,,,,,,,,,,,,,,,,,,,,,,0,1,en_sl_ex_150_bt,,1,,25500,27450,,5,,,,,,,,,,,,,,,,,"23,27","NEW extension,Extension SoftBank 601HW WHITE"
1666,10844,748,532,Yes,151,2,カート用延長フラグ,Extension SoftBank 601HW WHITE,1,,,,,,,,*,sl/img001-ex.jpg,*,sl/img001-ex.jpg,,,,,,,,,,,,,,,,,,,,,,,0,1,en_sl_ex_151_bt,,1,,25990,27990,,5,,,,,,,,,,,,,,,,,"23,27","NEW extension,Extension SoftBank 601HW WHITE"
1666,10846,748,533,Yes,152,2,カート用延長フラグ,Extension SoftBank 601HW WHITE,1,,,,,,,,*,sl/img001-ex.jpg,*,sl/img001-ex.jpg,,,,,,,,,,,,,,,,,,,,,,,0,1,en_sl_ex_152_bt,,1,,26480,28530,,5,,,,,,,,,,,,,,,,,"23,27","NEW extension,Extension SoftBank 601HW WHITE"
1666,10848,748,534,Yes,153,2,カート用延長フラグ,Extension SoftBank 601HW WHITE,1,,,,,,,,*,sl/img001-ex.jpg,*,sl/img001-ex.jpg,,,,,,,,,,,,,,,,,,,,,,,0,1,en_sl_ex_153_bt,,1,,26970,29070,,5,,,,,,,,,,,,,,,,,"23,27","NEW extension,Extension SoftBank 601HW WHITE"
1666,10850,748,535,Yes,154,2,カート用延長フラグ,Extension SoftBank 601HW WHITE,1,,,,,,,,*,sl/img001-ex.jpg,*,sl/img001-ex.jpg,,,,,,,,,,,,,,,,,,,,,,,0,1,en_sl_ex_154_bt,,1,,27460,29610,,5,,,,,,,,,,,,,,,,,"23,27","NEW extension,Extension SoftBank 601HW WHITE"
1666,10852,748,536,Yes,155,2,カート用延長フラグ,Extension SoftBank 601HW WHITE,1,,,,,,,,*,sl/img001-ex.jpg,*,sl/img001-ex.jpg,,,,,,,,,,,,,,,,,,,,,,,0,1,en_sl_ex_155_bt,,1,,27950,30150,,5,,,,,,,,,,,,,,,,,"23,27","NEW extension,Extension SoftBank 601HW WHITE"
1666,10854,748,537,Yes,156,2,カート用延長フラグ,Extension SoftBank 601HW WHITE,1,,,,,,,,*,sl/img001-ex.jpg,*,sl/img001-ex.jpg,,,,,,,,,,,,,,,,,,,,,,,0,1,en_sl_ex_180_bt,,1,,28000,30250,,5,,,,,,,,,,,,,,,,,"23,27","NEW extension,Extension SoftBank 601HW WHITE"
1666,10856,748,538,Yes,157,2,カート用延長フラグ,Extension SoftBank 601HW WHITE,1,,,,,,,,*,sl/img001-ex.jpg,*,sl/img001-ex.jpg,,,,,,,,,,,,,,,,,,,,,,,0,1,en_sl_ex_180_bt,,1,,28000,30250,,5,,,,,,,,,,,,,,,,,"23,27","NEW extension,Extension SoftBank 601HW WHITE"
1666,10858,748,539,Yes,158,2,カート用延長フラグ,Extension SoftBank 601HW WHITE,1,,,,,,,,*,sl/img001-ex.jpg,*,sl/img001-ex.jpg,,,,,,,,,,,,,,,,,,,,,,,0,1,en_sl_ex_180_bt,,1,,28000,30250,,5,,,,,,,,,,,,,,,,,"23,27","NEW extension,Extension SoftBank 601HW WHITE"
1666,10860,748,540,Yes,159,2,カート用延長フラグ,Extension SoftBank 601HW WHITE,1,,,,,,,,*,sl/img001-ex.jpg,*,sl/img001-ex.jpg,,,,,,,,,,,,,,,,,,,,,,,0,1,en_sl_ex_180_bt,,1,,28000,30250,,5,,,,,,,,,,,,,,,,,"23,27","NEW extension,Extension SoftBank 601HW WHITE"
1666,10862,748,541,Yes,160,2,カート用延長フラグ,Extension SoftBank 601HW WHITE,1,,,,,,,,*,sl/img001-ex.jpg,*,sl/img001-ex.jpg,,,,,,,,,,,,,,,,,,,,,,,0,1,en_sl_ex_180_bt,,1,,28000,30250,,5,,,,,,,,,,,,,,,,,"23,27","NEW extension,Extension SoftBank 601HW WHITE"
1666,10864,748,542,Yes,161,2,カート用延長フラグ,Extension SoftBank 601HW WHITE,1,,,,,,,,*,sl/img001-ex.jpg,*,sl/img001-ex.jpg,,,,,,,,,,,,,,,,,,,,,,,0,1,en_sl_ex_180_bt,,1,,28000,30250,,5,,,,,,,,,,,,,,,,,"23,27","NEW extension,Extension SoftBank 601HW WHITE"
1666,10866,748,543,Yes,162,2,カート用延長フラグ,Extension SoftBank 601HW WHITE,1,,,,,,,,*,sl/img001-ex.jpg,*,sl/img001-ex.jpg,,,,,,,,,,,,,,,,,,,,,,,0,1,en_sl_ex_180_bt,,1,,28000,30250,,5,,,,,,,,,,,,,,,,,"23,27","NEW extension,Extension SoftBank 601HW WHITE"
1666,10868,748,544,Yes,163,2,カート用延長フラグ,Extension SoftBank 601HW WHITE,1,,,,,,,,*,sl/img001-ex.jpg,*,sl/img001-ex.jpg,,,,,,,,,,,,,,,,,,,,,,,0,1,en_sl_ex_180_bt,,1,,28000,30250,,5,,,,,,,,,,,,,,,,,"23,27","NEW extension,Extension SoftBank 601HW WHITE"
1666,10870,748,545,Yes,164,2,カート用延長フラグ,Extension SoftBank 601HW WHITE,1,,,,,,,,*,sl/img001-ex.jpg,*,sl/img001-ex.jpg,,,,,,,,,,,,,,,,,,,,,,,0,1,en_sl_ex_180_bt,,1,,28000,30250,,5,,,,,,,,,,,,,,,,,"23,27","NEW extension,Extension SoftBank 601HW WHITE"
1666,10872,748,546,Yes,165,2,カート用延長フラグ,Extension SoftBank 601HW WHITE,1,,,,,,,,*,sl/img001-ex.jpg,*,sl/img001-ex.jpg,,,,,,,,,,,,,,,,,,,,,,,0,1,en_sl_ex_180_bt,,1,,28000,30250,,5,,,,,,,,,,,,,,,,,"23,27","NEW extension,Extension SoftBank 601HW WHITE"
1666,10874,748,547,Yes,166,2,カート用延長フラグ,Extension SoftBank 601HW WHITE,1,,,,,,,,*,sl/img001-ex.jpg,*,sl/img001-ex.jpg,,,,,,,,,,,,,,,,,,,,,,,0,1,en_sl_ex_180_bt,,1,,28000,30250,,5,,,,,,,,,,,,,,,,,"23,27","NEW extension,Extension SoftBank 601HW WHITE"
1666,10876,748,548,Yes,167,2,カート用延長フラグ,Extension SoftBank 601HW WHITE,1,,,,,,,,*,sl/img001-ex.jpg,*,sl/img001-ex.jpg,,,,,,,,,,,,,,,,,,,,,,,0,1,en_sl_ex_180_bt,,1,,28000,30250,,5,,,,,,,,,,,,,,,,,"23,27","NEW extension,Extension SoftBank 601HW WHITE"
1666,10878,748,549,Yes,168,2,カート用延長フラグ,Extension SoftBank 601HW WHITE,1,,,,,,,,*,sl/img001-ex.jpg,*,sl/img001-ex.jpg,,,,,,,,,,,,,,,,,,,,,,,0,1,en_sl_ex_180_bt,,1,,28000,30250,,5,,,,,,,,,,,,,,,,,"23,27","NEW extension,Extension SoftBank 601HW WHITE"
1666,10880,748,550,Yes,169,2,カート用延長フラグ,Extension SoftBank 601HW WHITE,1,,,,,,,,*,sl/img001-ex.jpg,*,sl/img001-ex.jpg,,,,,,,,,,,,,,,,,,,,,,,0,1,en_sl_ex_180_bt,,1,,28000,30250,,5,,,,,,,,,,,,,,,,,"23,27","NEW extension,Extension SoftBank 601HW WHITE"
1666,10882,748,551,Yes,170,2,カート用延長フラグ,Extension SoftBank 601HW WHITE,1,,,,,,,,*,sl/img001-ex.jpg,*,sl/img001-ex.jpg,,,,,,,,,,,,,,,,,,,,,,,0,1,en_sl_ex_180_bt,,1,,28000,30250,,5,,,,,,,,,,,,,,,,,"23,27","NEW extension,Extension SoftBank 601HW WHITE"
1666,10884,748,552,Yes,171,2,カート用延長フラグ,Extension SoftBank 601HW WHITE,1,,,,,,,,*,sl/img001-ex.jpg,*,sl/img001-ex.jpg,,,,,,,,,,,,,,,,,,,,,,,0,1,en_sl_ex_180_bt,,1,,28000,30250,,5,,,,,,,,,,,,,,,,,"23,27","NEW extension,Extension SoftBank 601HW WHITE"
1666,10886,748,553,Yes,172,2,カート用延長フラグ,Extension SoftBank 601HW WHITE,1,,,,,,,,*,sl/img001-ex.jpg,*,sl/img001-ex.jpg,,,,,,,,,,,,,,,,,,,,,,,0,1,en_sl_ex_180_bt,,1,,28000,30250,,5,,,,,,,,,,,,,,,,,"23,27","NEW extension,Extension SoftBank 601HW WHITE"
1666,10888,748,554,Yes,173,2,カート用延長フラグ,Extension SoftBank 601HW WHITE,1,,,,,,,,*,sl/img001-ex.jpg,*,sl/img001-ex.jpg,,,,,,,,,,,,,,,,,,,,,,,0,1,en_sl_ex_180_bt,,1,,28000,30250,,5,,,,,,,,,,,,,,,,,"23,27","NEW extension,Extension SoftBank 601HW WHITE"
1666,10890,748,555,Yes,174,2,カート用延長フラグ,Extension SoftBank 601HW WHITE,1,,,,,,,,*,sl/img001-ex.jpg,*,sl/img001-ex.jpg,,,,,,,,,,,,,,,,,,,,,,,0,1,en_sl_ex_180_bt,,1,,28000,30250,,5,,,,,,,,,,,,,,,,,"23,27","NEW extension,Extension SoftBank 601HW WHITE"
1666,10892,748,556,Yes,175,2,カート用延長フラグ,Extension SoftBank 601HW WHITE,1,,,,,,,,*,sl/img001-ex.jpg,*,sl/img001-ex.jpg,,,,,,,,,,,,,,,,,,,,,,,0,1,en_sl_ex_180_bt,,1,,28000,30250,,5,,,,,,,,,,,,,,,,,"23,27","NEW extension,Extension SoftBank 601HW WHITE"
1666,10894,748,557,Yes,176,2,カート用延長フラグ,Extension SoftBank 601HW WHITE,1,,,,,,,,*,sl/img001-ex.jpg,*,sl/img001-ex.jpg,,,,,,,,,,,,,,,,,,,,,,,0,1,en_sl_ex_180_bt,,1,,28000,30250,,5,,,,,,,,,,,,,,,,,"23,27","NEW extension,Extension SoftBank 601HW WHITE"
1666,10896,748,558,Yes,177,2,カート用延長フラグ,Extension SoftBank 601HW WHITE,1,,,,,,,,*,sl/img001-ex.jpg,*,sl/img001-ex.jpg,,,,,,,,,,,,,,,,,,,,,,,0,1,en_sl_ex_180_bt,,1,,28000,30250,,5,,,,,,,,,,,,,,,,,"23,27","NEW extension,Extension SoftBank 601HW WHITE"
1666,10898,748,559,Yes,178,2,カート用延長フラグ,Extension SoftBank 601HW WHITE,1,,,,,,,,*,sl/img001-ex.jpg,*,sl/img001-ex.jpg,,,,,,,,,,,,,,,,,,,,,,,0,1,en_sl_ex_180_bt,,1,,28000,30250,,5,,,,,,,,,,,,,,,,,"23,27","NEW extension,Extension SoftBank 601HW WHITE"
1666,10900,748,560,Yes,179,2,カート用延長フラグ,Extension SoftBank 601HW WHITE,1,,,,,,,,*,sl/img001-ex.jpg,*,sl/img001-ex.jpg,,,,,,,,,,,,,,,,,,,,,,,0,1,en_sl_ex_180_bt,,1,,28000,30250,,5,,,,,,,,,,,,,,,,,"23,27","NEW extension,Extension SoftBank 601HW WHITE"
1666,10902,748,561,Yes,180,2,カート用延長フラグ,Extension SoftBank 601HW WHITE,1,,,,,,,,*,sl/img001-ex.jpg,*,sl/img001-ex.jpg,,,,,,,,,,,,,,,,,,,,,,,0,1,en_sl_ex_180_bt,,1,,28000,30250,,5,,,,,,,,,,,,,,,,,"23,27","NEW extension,Extension SoftBank 601HW WHITE"
1666,10904,748,562,Yes,181,2,カート用延長フラグ,Extension SoftBank 601HW WHITE,1,,,,,,,,*,sl/img001-ex.jpg,*,sl/img001-ex.jpg,,,,,,,,,,,,,,,,,,,,,,,0,1,en_sl_ex_181_bt,,1,,28490,30790,,5,,,,,,,,,,,,,,,,,"23,27","NEW extension,Extension SoftBank 601HW WHITE"
1666,10906,748,563,Yes,182,2,カート用延長フラグ,Extension SoftBank 601HW WHITE,1,,,,,,,,*,sl/img001-ex.jpg,*,sl/img001-ex.jpg,,,,,,,,,,,,,,,,,,,,,,,0,1,en_sl_ex_182_bt,,1,,28980,31330,,5,,,,,,,,,,,,,,,,,"23,27","NEW extension,Extension SoftBank 601HW WHITE"
1666,10908,748,564,Yes,183,2,カート用延長フラグ,Extension SoftBank 601HW WHITE,1,,,,,,,,*,sl/img001-ex.jpg,*,sl/img001-ex.jpg,,,,,,,,,,,,,,,,,,,,,,,0,1,en_sl_ex_183_bt,,1,,29470,31870,,5,,,,,,,,,,,,,,,,,"23,27","NEW extension,Extension SoftBank 601HW WHITE"
1666,10910,748,565,Yes,184,2,カート用延長フラグ,Extension SoftBank 601HW WHITE,1,,,,,,,,*,sl/img001-ex.jpg,*,sl/img001-ex.jpg,,,,,,,,,,,,,,,,,,,,,,,0,1,en_sl_ex_184_bt,,1,,29960,32410,,5,,,,,,,,,,,,,,,,,"23,27","NEW extension,Extension SoftBank 601HW WHITE"
1666,10912,748,566,Yes,185,2,カート用延長フラグ,Extension SoftBank 601HW WHITE,1,,,,,,,,*,sl/img001-ex.jpg,*,sl/img001-ex.jpg,,,,,,,,,,,,,,,,,,,,,,,0,1,en_sl_ex_185_bt,,1,,30450,32950,,5,,,,,,,,,,,,,,,,,"23,27","NEW extension,Extension SoftBank 601HW WHITE"
1666,10914,748,567,Yes,186,2,カート用延長フラグ,Extension SoftBank 601HW WHITE,1,,,,,,,,*,sl/img001-ex.jpg,*,sl/img001-ex.jpg,,,,,,,,,,,,,,,,,,,,,,,0,1,en_sl_ex_186_bt,,1,,30940,33490,,5,,,,,,,,,,,,,,,,,"23,27","NEW extension,Extension SoftBank 601HW WHITE"
1666,10916,748,568,Yes,187,2,カート用延長フラグ,Extension SoftBank 601HW WHITE,1,,,,,,,,*,sl/img001-ex.jpg,*,sl/img001-ex.jpg,,,,,,,,,,,,,,,,,,,,,,,0,1,en_sl_ex_187_bt,,1,,31430,34030,,5,,,,,,,,,,,,,,,,,"23,27","NEW extension,Extension SoftBank 601HW WHITE"
1666,10918,748,569,Yes,188,2,カート用延長フラグ,Extension SoftBank 601HW WHITE,1,,,,,,,,*,sl/img001-ex.jpg,*,sl/img001-ex.jpg,,,,,,,,,,,,,,,,,,,,,,,0,1,en_sl_ex_188_bt,,1,,31920,34570,,5,,,,,,,,,,,,,,,,,"23,27","NEW extension,Extension SoftBank 601HW WHITE"
1666,10920,748,570,Yes,189,2,カート用延長フラグ,Extension SoftBank 601HW WHITE,1,,,,,,,,*,sl/img001-ex.jpg,*,sl/img001-ex.jpg,,,,,,,,,,,,,,,,,,,,,,,0,1,en_sl_ex_189_bt,,1,,32410,35110,,5,,,,,,,,,,,,,,,,,"23,27","NEW extension,Extension SoftBank 601HW WHITE"
1666,10922,748,571,Yes,190,2,カート用延長フラグ,Extension SoftBank 601HW WHITE,1,,,,,,,,*,sl/img001-ex.jpg,*,sl/img001-ex.jpg,,,,,,,,,,,,,,,,,,,,,,,0,1,en_sl_ex_190_bt,,1,,32900,35650,,5,,,,,,,,,,,,,,,,,"23,27","NEW extension,Extension SoftBank 601HW WHITE"
1666,10924,748,572,Yes,191,2,カート用延長フラグ,Extension SoftBank 601HW WHITE,1,,,,,,,,*,sl/img001-ex.jpg,*,sl/img001-ex.jpg,,,,,,,,,,,,,,,,,,,,,,,0,1,en_sl_ex_191_bt,,1,,33390,36190,,5,,,,,,,,,,,,,,,,,"23,27","NEW extension,Extension SoftBank 601HW WHITE"
1666,10926,748,573,Yes,192,2,カート用延長フラグ,Extension SoftBank 601HW WHITE,1,,,,,,,,*,sl/img001-ex.jpg,*,sl/img001-ex.jpg,,,,,,,,,,,,,,,,,,,,,,,0,1,en_sl_ex_192_bt,,1,,33880,36730,,5,,,,,,,,,,,,,,,,,"23,27","NEW extension,Extension SoftBank 601HW WHITE"
1666,10928,748,574,Yes,193,2,カート用延長フラグ,Extension SoftBank 601HW WHITE,1,,,,,,,,*,sl/img001-ex.jpg,*,sl/img001-ex.jpg,,,,,,,,,,,,,,,,,,,,,,,0,1,en_sl_ex_193_bt,,1,,34370,37270,,5,,,,,,,,,,,,,,,,,"23,27","NEW extension,Extension SoftBank 601HW WHITE"
1666,10930,748,575,Yes,194,2,カート用延長フラグ,Extension SoftBank 601HW WHITE,1,,,,,,,,*,sl/img001-ex.jpg,*,sl/img001-ex.jpg,,,,,,,,,,,,,,,,,,,,,,,0,1,en_sl_ex_194_bt,,1,,34860,37810,,5,,,,,,,,,,,,,,,,,"23,27","NEW extension,Extension SoftBank 601HW WHITE"
1666,10932,748,576,Yes,195,2,カート用延長フラグ,Extension SoftBank 601HW WHITE,1,,,,,,,,*,sl/img001-ex.jpg,*,sl/img001-ex.jpg,,,,,,,,,,,,,,,,,,,,,,,0,1,en_sl_ex_211_bt,,1,,35350,38350,,5,,,,,,,,,,,,,,,,,"23,27","NEW extension,Extension SoftBank 601HW WHITE"
1666,10934,748,577,Yes,196,2,カート用延長フラグ,Extension SoftBank 601HW WHITE,1,,,,,,,,*,sl/img001-ex.jpg,*,sl/img001-ex.jpg,,,,,,,,,,,,,,,,,,,,,,,0,1,en_sl_ex_211_bt,,1,,35350,38350,,5,,,,,,,,,,,,,,,,,"23,27","NEW extension,Extension SoftBank 601HW WHITE"
1666,10936,748,578,Yes,197,2,カート用延長フラグ,Extension SoftBank 601HW WHITE,1,,,,,,,,*,sl/img001-ex.jpg,*,sl/img001-ex.jpg,,,,,,,,,,,,,,,,,,,,,,,0,1,en_sl_ex_211_bt,,1,,35350,38350,,5,,,,,,,,,,,,,,,,,"23,27","NEW extension,Extension SoftBank 601HW WHITE"
1666,10938,748,579,Yes,198,2,カート用延長フラグ,Extension SoftBank 601HW WHITE,1,,,,,,,,*,sl/img001-ex.jpg,*,sl/img001-ex.jpg,,,,,,,,,,,,,,,,,,,,,,,0,1,en_sl_ex_211_bt,,1,,35350,38350,,5,,,,,,,,,,,,,,,,,"23,27","NEW extension,Extension SoftBank 601HW WHITE"
1666,10940,748,580,Yes,199,2,カート用延長フラグ,Extension SoftBank 601HW WHITE,1,,,,,,,,*,sl/img001-ex.jpg,*,sl/img001-ex.jpg,,,,,,,,,,,,,,,,,,,,,,,0,1,en_sl_ex_211_bt,,1,,35350,38350,,5,,,,,,,,,,,,,,,,,"23,27","NEW extension,Extension SoftBank 601HW WHITE"
1666,10942,748,581,Yes,200,2,カート用延長フラグ,Extension SoftBank 601HW WHITE,1,,,,,,,,*,sl/img001-ex.jpg,*,sl/img001-ex.jpg,,,,,,,,,,,,,,,,,,,,,,,0,1,en_sl_ex_211_bt,,1,,35350,38350,,5,,,,,,,,,,,,,,,,,"23,27","NEW extension,Extension SoftBank 601HW WHITE"
1666,10944,748,582,Yes,201,2,カート用延長フラグ,Extension SoftBank 601HW WHITE,1,,,,,,,,*,sl/img001-ex.jpg,*,sl/img001-ex.jpg,,,,,,,,,,,,,,,,,,,,,,,0,1,en_sl_ex_211_bt,,1,,35350,38350,,5,,,,,,,,,,,,,,,,,"23,27","NEW extension,Extension SoftBank 601HW WHITE"
1666,10946,748,583,Yes,202,2,カート用延長フラグ,Extension SoftBank 601HW WHITE,1,,,,,,,,*,sl/img001-ex.jpg,*,sl/img001-ex.jpg,,,,,,,,,,,,,,,,,,,,,,,0,1,en_sl_ex_211_bt,,1,,35350,38350,,5,,,,,,,,,,,,,,,,,"23,27","NEW extension,Extension SoftBank 601HW WHITE"
1666,10948,748,584,Yes,203,2,カート用延長フラグ,Extension SoftBank 601HW WHITE,1,,,,,,,,*,sl/img001-ex.jpg,*,sl/img001-ex.jpg,,,,,,,,,,,,,,,,,,,,,,,0,1,en_sl_ex_211_bt,,1,,35350,38350,,5,,,,,,,,,,,,,,,,,"23,27","NEW extension,Extension SoftBank 601HW WHITE"
1666,10950,748,585,Yes,204,2,カート用延長フラグ,Extension SoftBank 601HW WHITE,1,,,,,,,,*,sl/img001-ex.jpg,*,sl/img001-ex.jpg,,,,,,,,,,,,,,,,,,,,,,,0,1,en_sl_ex_211_bt,,1,,35350,38350,,5,,,,,,,,,,,,,,,,,"23,27","NEW extension,Extension SoftBank 601HW WHITE"
1666,10952,748,586,Yes,205,2,カート用延長フラグ,Extension SoftBank 601HW WHITE,1,,,,,,,,*,sl/img001-ex.jpg,*,sl/img001-ex.jpg,,,,,,,,,,,,,,,,,,,,,,,0,1,en_sl_ex_211_bt,,1,,35350,38350,,5,,,,,,,,,,,,,,,,,"23,27","NEW extension,Extension SoftBank 601HW WHITE"
1666,10954,748,587,Yes,206,2,カート用延長フラグ,Extension SoftBank 601HW WHITE,1,,,,,,,,*,sl/img001-ex.jpg,*,sl/img001-ex.jpg,,,,,,,,,,,,,,,,,,,,,,,0,1,en_sl_ex_211_bt,,1,,35350,38350,,5,,,,,,,,,,,,,,,,,"23,27","NEW extension,Extension SoftBank 601HW WHITE"
1666,10956,748,588,Yes,207,2,カート用延長フラグ,Extension SoftBank 601HW WHITE,1,,,,,,,,*,sl/img001-ex.jpg,*,sl/img001-ex.jpg,,,,,,,,,,,,,,,,,,,,,,,0,1,en_sl_ex_211_bt,,1,,35350,38350,,5,,,,,,,,,,,,,,,,,"23,27","NEW extension,Extension SoftBank 601HW WHITE"
1666,10958,748,589,Yes,208,2,カート用延長フラグ,Extension SoftBank 601HW WHITE,1,,,,,,,,*,sl/img001-ex.jpg,*,sl/img001-ex.jpg,,,,,,,,,,,,,,,,,,,,,,,0,1,en_sl_ex_211_bt,,1,,35350,38350,,5,,,,,,,,,,,,,,,,,"23,27","NEW extension,Extension SoftBank 601HW WHITE"
1666,10960,748,590,Yes,209,2,カート用延長フラグ,Extension SoftBank 601HW WHITE,1,,,,,,,,*,sl/img001-ex.jpg,*,sl/img001-ex.jpg,,,,,,,,,,,,,,,,,,,,,,,0,1,en_sl_ex_211_bt,,1,,35350,38350,,5,,,,,,,,,,,,,,,,,"23,27","NEW extension,Extension SoftBank 601HW WHITE"
1666,10962,748,591,Yes,210,2,カート用延長フラグ,Extension SoftBank 601HW WHITE,1,,,,,,,,*,sl/img001-ex.jpg,*,sl/img001-ex.jpg,,,,,,,,,,,,,,,,,,,,,,,0,1,en_sl_ex_211_bt,,1,,35350,38350,,5,,,,,,,,,,,,,,,,,"23,27","NEW extension,Extension SoftBank 601HW WHITE"
1666,10964,748,592,Yes,211,2,カート用延長フラグ,Extension SoftBank 601HW WHITE,1,,,,,,,,*,sl/img001-ex.jpg,*,sl/img001-ex.jpg,,,,,,,,,,,,,,,,,,,,,,,0,1,en_sl_ex_211_bt,,1,,35350,38350,,5,,,,,,,,,,,,,,,,,"23,27","NEW extension,Extension SoftBank 601HW WHITE"
1666,10966,748,593,Yes,212,2,カート用延長フラグ,Extension SoftBank 601HW WHITE,1,,,,,,,,*,sl/img001-ex.jpg,*,sl/img001-ex.jpg,,,,,,,,,,,,,,,,,,,,,,,0,1,en_sl_ex_212_bt,,1,,35840,38890,,5,,,,,,,,,,,,,,,,,"23,27","NEW extension,Extension SoftBank 601HW WHITE"
1666,10968,748,594,Yes,213,2,カート用延長フラグ,Extension SoftBank 601HW WHITE,1,,,,,,,,*,sl/img001-ex.jpg,*,sl/img001-ex.jpg,,,,,,,,,,,,,,,,,,,,,,,0,1,en_sl_ex_213_bt,,1,,36330,39430,,5,,,,,,,,,,,,,,,,,"23,27","NEW extension,Extension SoftBank 601HW WHITE"
1666,10970,748,595,Yes,214,2,カート用延長フラグ,Extension SoftBank 601HW WHITE,1,,,,,,,,*,sl/img001-ex.jpg,*,sl/img001-ex.jpg,,,,,,,,,,,,,,,,,,,,,,,0,1,en_sl_ex_214_bt,,1,,36820,39970,,5,,,,,,,,,,,,,,,,,"23,27","NEW extension,Extension SoftBank 601HW WHITE"
1666,10972,748,596,Yes,215,2,カート用延長フラグ,Extension SoftBank 601HW WHITE,1,,,,,,,,*,sl/img001-ex.jpg,*,sl/img001-ex.jpg,,,,,,,,,,,,,,,,,,,,,,,0,1,en_sl_ex_215_bt,,1,,37310,40510,,5,,,,,,,,,,,,,,,,,"23,27","NEW extension,Extension SoftBank 601HW WHITE"
1666,10974,748,597,Yes,216,2,カート用延長フラグ,Extension SoftBank 601HW WHITE,1,,,,,,,,*,sl/img001-ex.jpg,*,sl/img001-ex.jpg,,,,,,,,,,,,,,,,,,,,,,,0,1,en_sl_ex_216_bt,,1,,37800,41050,,5,,,,,,,,,,,,,,,,,"23,27","NEW extension,Extension SoftBank 601HW WHITE"
1666,10976,748,598,Yes,217,2,カート用延長フラグ,Extension SoftBank 601HW WHITE,1,,,,,,,,*,sl/img001-ex.jpg,*,sl/img001-ex.jpg,,,,,,,,,,,,,,,,,,,,,,,0,1,en_sl_ex_217_bt,,1,,38290,41590,,5,,,,,,,,,,,,,,,,,"23,27","NEW extension,Extension SoftBank 601HW WHITE"
1666,10978,748,599,Yes,218,2,カート用延長フラグ,Extension SoftBank 601HW WHITE,1,,,,,,,,*,sl/img001-ex.jpg,*,sl/img001-ex.jpg,,,,,,,,,,,,,,,,,,,,,,,0,1,en_sl_ex_218_bt,,1,,38780,42080,,5,,,,,,,,,,,,,,,,,"23,27","NEW extension,Extension SoftBank 601HW WHITE"
1666,10980,748,600,Yes,219,2,カート用延長フラグ,Extension SoftBank 601HW WHITE,1,,,,,,,,*,sl/img001-ex.jpg,*,sl/img001-ex.jpg,,,,,,,,,,,,,,,,,,,,,,,0,1,en_sl_ex_219_bt,,1,,39270,42570,,5,,,,,,,,,,,,,,,,,"23,27","NEW extension,Extension SoftBank 601HW WHITE"
1666,10982,748,601,Yes,220,2,カート用延長フラグ,Extension SoftBank 601HW WHITE,1,,,,,,,,*,sl/img001-ex.jpg,*,sl/img001-ex.jpg,,,,,,,,,,,,,,,,,,,,,,,0,1,en_sl_ex_220_bt,,1,,39760,43060,,5,,,,,,,,,,,,,,,,,"23,27","NEW extension,Extension SoftBank 601HW WHITE"
1666,10984,748,602,Yes,221,2,カート用延長フラグ,Extension SoftBank 601HW WHITE,1,,,,,,,,*,sl/img001-ex.jpg,*,sl/img001-ex.jpg,,,,,,,,,,,,,,,,,,,,,,,0,1,en_sl_ex_221_bt,,1,,40250,43550,,5,,,,,,,,,,,,,,,,,"23,27","NEW extension,Extension SoftBank 601HW WHITE"
1666,10986,748,603,Yes,222,2,カート用延長フラグ,Extension SoftBank 601HW WHITE,1,,,,,,,,*,sl/img001-ex.jpg,*,sl/img001-ex.jpg,,,,,,,,,,,,,,,,,,,,,,,0,1,en_sl_ex_222_bt,,1,,40740,44040,,5,,,,,,,,,,,,,,,,,"23,27","NEW extension,Extension SoftBank 601HW WHITE"
1666,10988,748,604,Yes,223,2,カート用延長フラグ,Extension SoftBank 601HW WHITE,1,,,,,,,,*,sl/img001-ex.jpg,*,sl/img001-ex.jpg,,,,,,,,,,,,,,,,,,,,,,,0,1,en_sl_ex_241_bt,,1,,41050,44350,,5,,,,,,,,,,,,,,,,,"23,27","NEW extension,Extension SoftBank 601HW WHITE"
1666,10990,748,605,Yes,224,2,カート用延長フラグ,Extension SoftBank 601HW WHITE,1,,,,,,,,*,sl/img001-ex.jpg,*,sl/img001-ex.jpg,,,,,,,,,,,,,,,,,,,,,,,0,1,en_sl_ex_241_bt,,1,,41050,44350,,5,,,,,,,,,,,,,,,,,"23,27","NEW extension,Extension SoftBank 601HW WHITE"
1666,10992,748,606,Yes,225,2,カート用延長フラグ,Extension SoftBank 601HW WHITE,1,,,,,,,,*,sl/img001-ex.jpg,*,sl/img001-ex.jpg,,,,,,,,,,,,,,,,,,,,,,,0,1,en_sl_ex_241_bt,,1,,41050,44350,,5,,,,,,,,,,,,,,,,,"23,27","NEW extension,Extension SoftBank 601HW WHITE"
1666,10994,748,607,Yes,226,2,カート用延長フラグ,Extension SoftBank 601HW WHITE,1,,,,,,,,*,sl/img001-ex.jpg,*,sl/img001-ex.jpg,,,,,,,,,,,,,,,,,,,,,,,0,1,en_sl_ex_241_bt,,1,,41050,44350,,5,,,,,,,,,,,,,,,,,"23,27","NEW extension,Extension SoftBank 601HW WHITE"
1666,10996,748,608,Yes,227,2,カート用延長フラグ,Extension SoftBank 601HW WHITE,1,,,,,,,,*,sl/img001-ex.jpg,*,sl/img001-ex.jpg,,,,,,,,,,,,,,,,,,,,,,,0,1,en_sl_ex_241_bt,,1,,41050,44350,,5,,,,,,,,,,,,,,,,,"23,27","NEW extension,Extension SoftBank 601HW WHITE"
1666,10998,748,609,Yes,228,2,カート用延長フラグ,Extension SoftBank 601HW WHITE,1,,,,,,,,*,sl/img001-ex.jpg,*,sl/img001-ex.jpg,,,,,,,,,,,,,,,,,,,,,,,0,1,en_sl_ex_241_bt,,1,,41050,44350,,5,,,,,,,,,,,,,,,,,"23,27","NEW extension,Extension SoftBank 601HW WHITE"
1666,11000,748,610,Yes,229,2,カート用延長フラグ,Extension SoftBank 601HW WHITE,1,,,,,,,,*,sl/img001-ex.jpg,*,sl/img001-ex.jpg,,,,,,,,,,,,,,,,,,,,,,,0,1,en_sl_ex_241_bt,,1,,41050,44350,,5,,,,,,,,,,,,,,,,,"23,27","NEW extension,Extension SoftBank 601HW WHITE"
1666,11002,748,611,Yes,230,2,カート用延長フラグ,Extension SoftBank 601HW WHITE,1,,,,,,,,*,sl/img001-ex.jpg,*,sl/img001-ex.jpg,,,,,,,,,,,,,,,,,,,,,,,0,1,en_sl_ex_241_bt,,1,,41050,44350,,5,,,,,,,,,,,,,,,,,"23,27","NEW extension,Extension SoftBank 601HW WHITE"
1666,11004,748,612,Yes,231,2,カート用延長フラグ,Extension SoftBank 601HW WHITE,1,,,,,,,,*,sl/img001-ex.jpg,*,sl/img001-ex.jpg,,,,,,,,,,,,,,,,,,,,,,,0,1,en_sl_ex_241_bt,,1,,41050,44350,,5,,,,,,,,,,,,,,,,,"23,27","NEW extension,Extension SoftBank 601HW WHITE"
1666,11006,748,613,Yes,232,2,カート用延長フラグ,Extension SoftBank 601HW WHITE,1,,,,,,,,*,sl/img001-ex.jpg,*,sl/img001-ex.jpg,,,,,,,,,,,,,,,,,,,,,,,0,1,en_sl_ex_241_bt,,1,,41050,44350,,5,,,,,,,,,,,,,,,,,"23,27","NEW extension,Extension SoftBank 601HW WHITE"
1666,11008,748,614,Yes,233,2,カート用延長フラグ,Extension SoftBank 601HW WHITE,1,,,,,,,,*,sl/img001-ex.jpg,*,sl/img001-ex.jpg,,,,,,,,,,,,,,,,,,,,,,,0,1,en_sl_ex_241_bt,,1,,41050,44350,,5,,,,,,,,,,,,,,,,,"23,27","NEW extension,Extension SoftBank 601HW WHITE"
1666,11010,748,615,Yes,234,2,カート用延長フラグ,Extension SoftBank 601HW WHITE,1,,,,,,,,*,sl/img001-ex.jpg,*,sl/img001-ex.jpg,,,,,,,,,,,,,,,,,,,,,,,0,1,en_sl_ex_241_bt,,1,,41050,44350,,5,,,,,,,,,,,,,,,,,"23,27","NEW extension,Extension SoftBank 601HW WHITE"
1666,11012,748,616,Yes,235,2,カート用延長フラグ,Extension SoftBank 601HW WHITE,1,,,,,,,,*,sl/img001-ex.jpg,*,sl/img001-ex.jpg,,,,,,,,,,,,,,,,,,,,,,,0,1,en_sl_ex_241_bt,,1,,41050,44350,,5,,,,,,,,,,,,,,,,,"23,27","NEW extension,Extension SoftBank 601HW WHITE"
1666,11014,748,617,Yes,236,2,カート用延長フラグ,Extension SoftBank 601HW WHITE,1,,,,,,,,*,sl/img001-ex.jpg,*,sl/img001-ex.jpg,,,,,,,,,,,,,,,,,,,,,,,0,1,en_sl_ex_241_bt,,1,,41050,44350,,5,,,,,,,,,,,,,,,,,"23,27","NEW extension,Extension SoftBank 601HW WHITE"
1666,11016,748,618,Yes,237,2,カート用延長フラグ,Extension SoftBank 601HW WHITE,1,,,,,,,,*,sl/img001-ex.jpg,*,sl/img001-ex.jpg,,,,,,,,,,,,,,,,,,,,,,,0,1,en_sl_ex_241_bt,,1,,41050,44350,,5,,,,,,,,,,,,,,,,,"23,27","NEW extension,Extension SoftBank 601HW WHITE"
1666,11018,748,619,Yes,238,2,カート用延長フラグ,Extension SoftBank 601HW WHITE,1,,,,,,,,*,sl/img001-ex.jpg,*,sl/img001-ex.jpg,,,,,,,,,,,,,,,,,,,,,,,0,1,en_sl_ex_241_bt,,1,,41050,44350,,5,,,,,,,,,,,,,,,,,"23,27","NEW extension,Extension SoftBank 601HW WHITE"
1666,11020,748,620,Yes,239,2,カート用延長フラグ,Extension SoftBank 601HW WHITE,1,,,,,,,,*,sl/img001-ex.jpg,*,sl/img001-ex.jpg,,,,,,,,,,,,,,,,,,,,,,,0,1,en_sl_ex_241_bt,,1,,41050,44350,,5,,,,,,,,,,,,,,,,,"23,27","NEW extension,Extension SoftBank 601HW WHITE"
1666,11022,748,621,Yes,240,2,カート用延長フラグ,Extension SoftBank 601HW WHITE,1,,,,,,,,*,sl/img001-ex.jpg,*,sl/img001-ex.jpg,,,,,,,,,,,,,,,,,,,,,,,0,1,en_sl_ex_241_bt,,1,,41050,44350,,5,,,,,,,,,,,,,,,,,"23,27","NEW extension,Extension SoftBank 601HW WHITE"
1666,11024,748,622,Yes,241,2,カート用延長フラグ,Extension SoftBank 601HW WHITE,1,,,,,,,,*,sl/img001-ex.jpg,*,sl/img001-ex.jpg,,,,,,,,,,,,,,,,,,,,,,,0,1,en_sl_ex_241_bt,,1,,41050,44350,,5,,,,,,,,,,,,,,,,,"23,27","NEW extension,Extension SoftBank 601HW WHITE"
1666,11026,748,623,Yes,242,2,カート用延長フラグ,Extension SoftBank 601HW WHITE,1,,,,,,,,*,sl/img001-ex.jpg,*,sl/img001-ex.jpg,,,,,,,,,,,,,,,,,,,,,,,0,1,en_sl_ex_242_bt,,1,,41540,44890,,5,,,,,,,,,,,,,,,,,"23,27","NEW extension,Extension SoftBank 601HW WHITE"
1666,11028,748,624,Yes,243,2,カート用延長フラグ,Extension SoftBank 601HW WHITE,1,,,,,,,,*,sl/img001-ex.jpg,*,sl/img001-ex.jpg,,,,,,,,,,,,,,,,,,,,,,,0,1,en_sl_ex_243_bt,,1,,42030,45430,,5,,,,,,,,,,,,,,,,,"23,27","NEW extension,Extension SoftBank 601HW WHITE"
1666,11030,748,625,Yes,244,2,カート用延長フラグ,Extension SoftBank 601HW WHITE,1,,,,,,,,*,sl/img001-ex.jpg,*,sl/img001-ex.jpg,,,,,,,,,,,,,,,,,,,,,,,0,1,en_sl_ex_245_bt,,1,,43010,46510,,5,,,,,,,,,,,,,,,,,"23,27","NEW extension,Extension SoftBank 601HW WHITE"
1666,11032,748,626,Yes,245,2,カート用延長フラグ,Extension SoftBank 601HW WHITE,1,,,,,,,,*,sl/img001-ex.jpg,*,sl/img001-ex.jpg,,,,,,,,,,,,,,,,,,,,,,,0,1,en_sl_ex_246_bt,,1,,43500,47050,,5,,,,,,,,,,,,,,,,,"23,27","NEW extension,Extension SoftBank 601HW WHITE"
1666,11034,748,627,Yes,246,2,カート用延長フラグ,Extension SoftBank 601HW WHITE,1,,,,,,,,*,sl/img001-ex.jpg,*,sl/img001-ex.jpg,,,,,,,,,,,,,,,,,,,,,,,0,1,en_sl_ex_244_bt,,1,,42520,45970,,5,,,,,,,,,,,,,,,,,"23,27","NEW extension,Extension SoftBank 601HW WHITE"
1666,11036,748,628,Yes,247,2,カート用延長フラグ,Extension SoftBank 601HW WHITE,1,,,,,,,,*,sl/img001-ex.jpg,*,sl/img001-ex.jpg,,,,,,,,,,,,,,,,,,,,,,,0,1,en_sl_ex_247_bt,,1,,43990,47590,,5,,,,,,,,,,,,,,,,,"23,27","NEW extension,Extension SoftBank 601HW WHITE"
1666,11038,748,629,Yes,248,2,カート用延長フラグ,Extension SoftBank 601HW WHITE,1,,,,,,,,*,sl/img001-ex.jpg,*,sl/img001-ex.jpg,,,,,,,,,,,,,,,,,,,,,,,0,1,en_sl_ex_248_bt,,1,,44480,48080,,5,,,,,,,,,,,,,,,,,"23,27","NEW extension,Extension SoftBank 601HW WHITE"
1666,11040,748,630,Yes,249,2,カート用延長フラグ,Extension SoftBank 601HW WHITE,1,,,,,,,,*,sl/img001-ex.jpg,*,sl/img001-ex.jpg,,,,,,,,,,,,,,,,,,,,,,,0,1,en_sl_ex_249_bt,,1,,44970,48570,,5,,,,,,,,,,,,,,,,,"23,27","NEW extension,Extension SoftBank 601HW WHITE"
1666,11042,748,631,Yes,250,2,カート用延長フラグ,Extension SoftBank 601HW WHITE,1,,,,,,,,*,sl/img001-ex.jpg,*,sl/img001-ex.jpg,,,,,,,,,,,,,,,,,,,,,,,0,1,en_sl_ex_250_bt,,1,,45460,49060,,5,,,,,,,,,,,,,,,,,"23,27","NEW extension,Extension SoftBank 601HW WHITE"
1666,11044,748,632,Yes,251,2,カート用延長フラグ,Extension SoftBank 601HW WHITE,1,,,,,,,,*,sl/img001-ex.jpg,*,sl/img001-ex.jpg,,,,,,,,,,,,,,,,,,,,,,,0,1,en_sl_ex_251_bt,,1,,45950,49550,,5,,,,,,,,,,,,,,,,,"23,27","NEW extension,Extension SoftBank 601HW WHITE"
1666,11046,748,633,Yes,252,2,カート用延長フラグ,Extension SoftBank 601HW WHITE,1,,,,,,,,*,sl/img001-ex.jpg,*,sl/img001-ex.jpg,,,,,,,,,,,,,,,,,,,,,,,0,1,en_sl_ex_271_bt,,1,,46300,49900,,5,,,,,,,,,,,,,,,,,"23,27","NEW extension,Extension SoftBank 601HW WHITE"
1666,11048,748,634,Yes,253,2,カート用延長フラグ,Extension SoftBank 601HW WHITE,1,,,,,,,,*,sl/img001-ex.jpg,*,sl/img001-ex.jpg,,,,,,,,,,,,,,,,,,,,,,,0,1,en_sl_ex_271_bt,,1,,46300,49900,,5,,,,,,,,,,,,,,,,,"23,27","NEW extension,Extension SoftBank 601HW WHITE"
1666,11050,748,635,Yes,254,2,カート用延長フラグ,Extension SoftBank 601HW WHITE,1,,,,,,,,*,sl/img001-ex.jpg,*,sl/img001-ex.jpg,,,,,,,,,,,,,,,,,,,,,,,0,1,en_sl_ex_271_bt,,1,,46300,49900,,5,,,,,,,,,,,,,,,,,"23,27","NEW extension,Extension SoftBank 601HW WHITE"
1666,11052,748,636,Yes,255,2,カート用延長フラグ,Extension SoftBank 601HW WHITE,1,,,,,,,,*,sl/img001-ex.jpg,*,sl/img001-ex.jpg,,,,,,,,,,,,,,,,,,,,,,,0,1,en_sl_ex_271_bt,,1,,46300,49900,,5,,,,,,,,,,,,,,,,,"23,27","NEW extension,Extension SoftBank 601HW WHITE"
1666,11054,748,637,Yes,256,2,カート用延長フラグ,Extension SoftBank 601HW WHITE,1,,,,,,,,*,sl/img001-ex.jpg,*,sl/img001-ex.jpg,,,,,,,,,,,,,,,,,,,,,,,0,1,en_sl_ex_271_bt,,1,,46300,49900,,5,,,,,,,,,,,,,,,,,"23,27","NEW extension,Extension SoftBank 601HW WHITE"
1666,11056,748,638,Yes,257,2,カート用延長フラグ,Extension SoftBank 601HW WHITE,1,,,,,,,,*,sl/img001-ex.jpg,*,sl/img001-ex.jpg,,,,,,,,,,,,,,,,,,,,,,,0,1,en_sl_ex_271_bt,,1,,46300,49900,,5,,,,,,,,,,,,,,,,,"23,27","NEW extension,Extension SoftBank 601HW WHITE"
1666,11058,748,639,Yes,258,2,カート用延長フラグ,Extension SoftBank 601HW WHITE,1,,,,,,,,*,sl/img001-ex.jpg,*,sl/img001-ex.jpg,,,,,,,,,,,,,,,,,,,,,,,0,1,en_sl_ex_271_bt,,1,,46300,49900,,5,,,,,,,,,,,,,,,,,"23,27","NEW extension,Extension SoftBank 601HW WHITE"
1666,11060,748,640,Yes,259,2,カート用延長フラグ,Extension SoftBank 601HW WHITE,1,,,,,,,,*,sl/img001-ex.jpg,*,sl/img001-ex.jpg,,,,,,,,,,,,,,,,,,,,,,,0,1,en_sl_ex_271_bt,,1,,46300,49900,,5,,,,,,,,,,,,,,,,,"23,27","NEW extension,Extension SoftBank 601HW WHITE"
1666,11062,748,641,Yes,260,2,カート用延長フラグ,Extension SoftBank 601HW WHITE,1,,,,,,,,*,sl/img001-ex.jpg,*,sl/img001-ex.jpg,,,,,,,,,,,,,,,,,,,,,,,0,1,en_sl_ex_271_bt,,1,,46300,49900,,5,,,,,,,,,,,,,,,,,"23,27","NEW extension,Extension SoftBank 601HW WHITE"
1666,11064,748,642,Yes,261,2,カート用延長フラグ,Extension SoftBank 601HW WHITE,1,,,,,,,,*,sl/img001-ex.jpg,*,sl/img001-ex.jpg,,,,,,,,,,,,,,,,,,,,,,,0,1,en_sl_ex_271_bt,,1,,46300,49900,,5,,,,,,,,,,,,,,,,,"23,27","NEW extension,Extension SoftBank 601HW WHITE"
1666,11066,748,643,Yes,262,2,カート用延長フラグ,Extension SoftBank 601HW WHITE,1,,,,,,,,*,sl/img001-ex.jpg,*,sl/img001-ex.jpg,,,,,,,,,,,,,,,,,,,,,,,0,1,en_sl_ex_271_bt,,1,,46300,49900,,5,,,,,,,,,,,,,,,,,"23,27","NEW extension,Extension SoftBank 601HW WHITE"
1666,11068,748,644,Yes,263,2,カート用延長フラグ,Extension SoftBank 601HW WHITE,1,,,,,,,,*,sl/img001-ex.jpg,*,sl/img001-ex.jpg,,,,,,,,,,,,,,,,,,,,,,,0,1,en_sl_ex_271_bt,,1,,46300,49900,,5,,,,,,,,,,,,,,,,,"23,27","NEW extension,Extension SoftBank 601HW WHITE"
1666,11070,748,645,Yes,264,2,カート用延長フラグ,Extension SoftBank 601HW WHITE,1,,,,,,,,*,sl/img001-ex.jpg,*,sl/img001-ex.jpg,,,,,,,,,,,,,,,,,,,,,,,0,1,en_sl_ex_271_bt,,1,,46300,49900,,5,,,,,,,,,,,,,,,,,"23,27","NEW extension,Extension SoftBank 601HW WHITE"
1666,11072,748,646,Yes,265,2,カート用延長フラグ,Extension SoftBank 601HW WHITE,1,,,,,,,,*,sl/img001-ex.jpg,*,sl/img001-ex.jpg,,,,,,,,,,,,,,,,,,,,,,,0,1,en_sl_ex_271_bt,,1,,46300,49900,,5,,,,,,,,,,,,,,,,,"23,27","NEW extension,Extension SoftBank 601HW WHITE"
1666,11074,748,647,Yes,266,2,カート用延長フラグ,Extension SoftBank 601HW WHITE,1,,,,,,,,*,sl/img001-ex.jpg,*,sl/img001-ex.jpg,,,,,,,,,,,,,,,,,,,,,,,0,1,en_sl_ex_271_bt,,1,,46300,49900,,5,,,,,,,,,,,,,,,,,"23,27","NEW extension,Extension SoftBank 601HW WHITE"
1666,11076,748,648,Yes,267,2,カート用延長フラグ,Extension SoftBank 601HW WHITE,1,,,,,,,,*,sl/img001-ex.jpg,*,sl/img001-ex.jpg,,,,,,,,,,,,,,,,,,,,,,,0,1,en_sl_ex_271_bt,,1,,46300,49900,,5,,,,,,,,,,,,,,,,,"23,27","NEW extension,Extension SoftBank 601HW WHITE"
1666,11078,748,649,Yes,268,2,カート用延長フラグ,Extension SoftBank 601HW WHITE,1,,,,,,,,*,sl/img001-ex.jpg,*,sl/img001-ex.jpg,,,,,,,,,,,,,,,,,,,,,,,0,1,en_sl_ex_271_bt,,1,,46300,49900,,5,,,,,,,,,,,,,,,,,"23,27","NEW extension,Extension SoftBank 601HW WHITE"
1666,11080,748,650,Yes,269,2,カート用延長フラグ,Extension SoftBank 601HW WHITE,1,,,,,,,,*,sl/img001-ex.jpg,*,sl/img001-ex.jpg,,,,,,,,,,,,,,,,,,,,,,,0,1,en_sl_ex_271_bt,,1,,46300,49900,,5,,,,,,,,,,,,,,,,,"23,27","NEW extension,Extension SoftBank 601HW WHITE"
1666,11082,748,651,Yes,270,2,カート用延長フラグ,Extension SoftBank 601HW WHITE,1,,,,,,,,*,sl/img001-ex.jpg,*,sl/img001-ex.jpg,,,,,,,,,,,,,,,,,,,,,,,0,1,en_sl_ex_271_bt,,1,,46300,49900,,5,,,,,,,,,,,,,,,,,"23,27","NEW extension,Extension SoftBank 601HW WHITE"
1666,11084,748,652,Yes,271,2,カート用延長フラグ,Extension SoftBank 601HW WHITE,1,,,,,,,,*,sl/img001-ex.jpg,*,sl/img001-ex.jpg,,,,,,,,,,,,,,,,,,,,,,,0,1,en_sl_ex_271_bt,,1,,46300,49900,,5,,,,,,,,,,,,,,,,,"23,27","NEW extension,Extension SoftBank 601HW WHITE"
1666,11086,748,653,Yes,272,2,カート用延長フラグ,Extension SoftBank 601HW WHITE,1,,,,,,,,*,sl/img001-ex.jpg,*,sl/img001-ex.jpg,,,,,,,,,,,,,,,,,,,,,,,0,1,en_sl_ex_272_bt,,1,,46790,50440,,5,,,,,,,,,,,,,,,,,"23,27","NEW extension,Extension SoftBank 601HW WHITE"
1666,11088,748,654,Yes,273,2,カート用延長フラグ,Extension SoftBank 601HW WHITE,1,,,,,,,,*,sl/img001-ex.jpg,*,sl/img001-ex.jpg,,,,,,,,,,,,,,,,,,,,,,,0,1,en_sl_ex_273_bt,,1,,47280,50980,,5,,,,,,,,,,,,,,,,,"23,27","NEW extension,Extension SoftBank 601HW WHITE"
1666,11090,748,655,Yes,274,2,カート用延長フラグ,Extension SoftBank 601HW WHITE,1,,,,,,,,*,sl/img001-ex.jpg,*,sl/img001-ex.jpg,,,,,,,,,,,,,,,,,,,,,,,0,1,en_sl_ex_274_bt,,1,,47770,51520,,5,,,,,,,,,,,,,,,,,"23,27","NEW extension,Extension SoftBank 601HW WHITE"
1666,11092,748,656,Yes,275,2,カート用延長フラグ,Extension SoftBank 601HW WHITE,1,,,,,,,,*,sl/img001-ex.jpg,*,sl/img001-ex.jpg,,,,,,,,,,,,,,,,,,,,,,,0,1,en_sl_ex_275_bt,,1,,48260,52060,,5,,,,,,,,,,,,,,,,,"23,27","NEW extension,Extension SoftBank 601HW WHITE"
1666,11094,748,657,Yes,276,2,カート用延長フラグ,Extension SoftBank 601HW WHITE,1,,,,,,,,*,sl/img001-ex.jpg,*,sl/img001-ex.jpg,,,,,,,,,,,,,,,,,,,,,,,0,1,en_sl_ex_276_bt,,1,,48750,52600,,5,,,,,,,,,,,,,,,,,"23,27","NEW extension,Extension SoftBank 601HW WHITE"
1666,11096,748,658,Yes,277,2,カート用延長フラグ,Extension SoftBank 601HW WHITE,1,,,,,,,,*,sl/img001-ex.jpg,*,sl/img001-ex.jpg,,,,,,,,,,,,,,,,,,,,,,,0,1,en_sl_ex_277_bt,,1,,49240,53140,,5,,,,,,,,,,,,,,,,,"23,27","NEW extension,Extension SoftBank 601HW WHITE"
1666,11098,748,659,Yes,278,2,カート用延長フラグ,Extension SoftBank 601HW WHITE,1,,,,,,,,*,sl/img001-ex.jpg,*,sl/img001-ex.jpg,,,,,,,,,,,,,,,,,,,,,,,0,1,en_sl_ex_278_bt,,1,,49730,53630,,5,,,,,,,,,,,,,,,,,"23,27","NEW extension,Extension SoftBank 601HW WHITE"
1666,11100,748,660,Yes,279,2,カート用延長フラグ,Extension SoftBank 601HW WHITE,1,,,,,,,,*,sl/img001-ex.jpg,*,sl/img001-ex.jpg,,,,,,,,,,,,,,,,,,,,,,,0,1,en_sl_ex_279_bt,,1,,50220,54120,,5,,,,,,,,,,,,,,,,,"23,27","NEW extension,Extension SoftBank 601HW WHITE"
1666,11102,748,661,Yes,280,2,カート用延長フラグ,Extension SoftBank 601HW WHITE,1,,,,,,,,*,sl/img001-ex.jpg,*,sl/img001-ex.jpg,,,,,,,,,,,,,,,,,,,,,,,0,1,en_sl_ex_280_bt,,1,,50710,54610,,5,,,,,,,,,,,,,,,,,"23,27","NEW extension,Extension SoftBank 601HW WHITE"
1666,11104,748,662,Yes,281,2,カート用延長フラグ,Extension SoftBank 601HW WHITE,1,,,,,,,,*,sl/img001-ex.jpg,*,sl/img001-ex.jpg,,,,,,,,,,,,,,,,,,,,,,,0,1,en_sl_ex_301_bt,,1,,51000,54900,,5,,,,,,,,,,,,,,,,,"23,27","NEW extension,Extension SoftBank 601HW WHITE"
1666,11106,748,663,Yes,282,2,カート用延長フラグ,Extension SoftBank 601HW WHITE,1,,,,,,,,*,sl/img001-ex.jpg,*,sl/img001-ex.jpg,,,,,,,,,,,,,,,,,,,,,,,0,1,en_sl_ex_301_bt,,1,,51000,54900,,5,,,,,,,,,,,,,,,,,"23,27","NEW extension,Extension SoftBank 601HW WHITE"
1666,11108,748,664,Yes,283,2,カート用延長フラグ,Extension SoftBank 601HW WHITE,1,,,,,,,,*,sl/img001-ex.jpg,*,sl/img001-ex.jpg,,,,,,,,,,,,,,,,,,,,,,,0,1,en_sl_ex_301_bt,,1,,51000,54900,,5,,,,,,,,,,,,,,,,,"23,27","NEW extension,Extension SoftBank 601HW WHITE"
1666,11110,748,665,Yes,284,2,カート用延長フラグ,Extension SoftBank 601HW WHITE,1,,,,,,,,*,sl/img001-ex.jpg,*,sl/img001-ex.jpg,,,,,,,,,,,,,,,,,,,,,,,0,1,en_sl_ex_301_bt,,1,,51000,54900,,5,,,,,,,,,,,,,,,,,"23,27","NEW extension,Extension SoftBank 601HW WHITE"
1666,11112,748,666,Yes,285,2,カート用延長フラグ,Extension SoftBank 601HW WHITE,1,,,,,,,,*,sl/img001-ex.jpg,*,sl/img001-ex.jpg,,,,,,,,,,,,,,,,,,,,,,,0,1,en_sl_ex_301_bt,,1,,51000,54900,,5,,,,,,,,,,,,,,,,,"23,27","NEW extension,Extension SoftBank 601HW WHITE"
1666,11114,748,667,Yes,286,2,カート用延長フラグ,Extension SoftBank 601HW WHITE,1,,,,,,,,*,sl/img001-ex.jpg,*,sl/img001-ex.jpg,,,,,,,,,,,,,,,,,,,,,,,0,1,en_sl_ex_301_bt,,1,,51000,54900,,5,,,,,,,,,,,,,,,,,"23,27","NEW extension,Extension SoftBank 601HW WHITE"
1666,11116,748,668,Yes,287,2,カート用延長フラグ,Extension SoftBank 601HW WHITE,1,,,,,,,,*,sl/img001-ex.jpg,*,sl/img001-ex.jpg,,,,,,,,,,,,,,,,,,,,,,,0,1,en_sl_ex_301_bt,,1,,51000,54900,,5,,,,,,,,,,,,,,,,,"23,27","NEW extension,Extension SoftBank 601HW WHITE"
1666,11118,748,669,Yes,288,2,カート用延長フラグ,Extension SoftBank 601HW WHITE,1,,,,,,,,*,sl/img001-ex.jpg,*,sl/img001-ex.jpg,,,,,,,,,,,,,,,,,,,,,,,0,1,en_sl_ex_301_bt,,1,,51000,54900,,5,,,,,,,,,,,,,,,,,"23,27","NEW extension,Extension SoftBank 601HW WHITE"
1666,11120,748,670,Yes,289,2,カート用延長フラグ,Extension SoftBank 601HW WHITE,1,,,,,,,,*,sl/img001-ex.jpg,*,sl/img001-ex.jpg,,,,,,,,,,,,,,,,,,,,,,,0,1,en_sl_ex_301_bt,,1,,51000,54900,,5,,,,,,,,,,,,,,,,,"23,27","NEW extension,Extension SoftBank 601HW WHITE"
1666,11122,748,671,Yes,290,2,カート用延長フラグ,Extension SoftBank 601HW WHITE,1,,,,,,,,*,sl/img001-ex.jpg,*,sl/img001-ex.jpg,,,,,,,,,,,,,,,,,,,,,,,0,1,en_sl_ex_301_bt,,1,,51000,54900,,5,,,,,,,,,,,,,,,,,"23,27","NEW extension,Extension SoftBank 601HW WHITE"
1666,11124,748,672,Yes,291,2,カート用延長フラグ,Extension SoftBank 601HW WHITE,1,,,,,,,,*,sl/img001-ex.jpg,*,sl/img001-ex.jpg,,,,,,,,,,,,,,,,,,,,,,,0,1,en_sl_ex_301_bt,,1,,51000,54900,,5,,,,,,,,,,,,,,,,,"23,27","NEW extension,Extension SoftBank 601HW WHITE"
1666,11126,748,673,Yes,292,2,カート用延長フラグ,Extension SoftBank 601HW WHITE,1,,,,,,,,*,sl/img001-ex.jpg,*,sl/img001-ex.jpg,,,,,,,,,,,,,,,,,,,,,,,0,1,en_sl_ex_301_bt,,1,,51000,54900,,5,,,,,,,,,,,,,,,,,"23,27","NEW extension,Extension SoftBank 601HW WHITE"
1666,11128,748,674,Yes,293,2,カート用延長フラグ,Extension SoftBank 601HW WHITE,1,,,,,,,,*,sl/img001-ex.jpg,*,sl/img001-ex.jpg,,,,,,,,,,,,,,,,,,,,,,,0,1,en_sl_ex_301_bt,,1,,51000,54900,,5,,,,,,,,,,,,,,,,,"23,27","NEW extension,Extension SoftBank 601HW WHITE"
1666,11130,748,675,Yes,294,2,カート用延長フラグ,Extension SoftBank 601HW WHITE,1,,,,,,,,*,sl/img001-ex.jpg,*,sl/img001-ex.jpg,,,,,,,,,,,,,,,,,,,,,,,0,1,en_sl_ex_301_bt,,1,,51000,54900,,5,,,,,,,,,,,,,,,,,"23,27","NEW extension,Extension SoftBank 601HW WHITE"
1666,11132,748,676,Yes,295,2,カート用延長フラグ,Extension SoftBank 601HW WHITE,1,,,,,,,,*,sl/img001-ex.jpg,*,sl/img001-ex.jpg,,,,,,,,,,,,,,,,,,,,,,,0,1,en_sl_ex_301_bt,,1,,51000,54900,,5,,,,,,,,,,,,,,,,,"23,27","NEW extension,Extension SoftBank 601HW WHITE"
1666,11134,748,677,Yes,296,2,カート用延長フラグ,Extension SoftBank 601HW WHITE,1,,,,,,,,*,sl/img001-ex.jpg,*,sl/img001-ex.jpg,,,,,,,,,,,,,,,,,,,,,,,0,1,en_sl_ex_301_bt,,1,,51000,54900,,5,,,,,,,,,,,,,,,,,"23,27","NEW extension,Extension SoftBank 601HW WHITE"
1666,11136,748,678,Yes,297,2,カート用延長フラグ,Extension SoftBank 601HW WHITE,1,,,,,,,,*,sl/img001-ex.jpg,*,sl/img001-ex.jpg,,,,,,,,,,,,,,,,,,,,,,,0,1,en_sl_ex_301_bt,,1,,51000,54900,,5,,,,,,,,,,,,,,,,,"23,27","NEW extension,Extension SoftBank 601HW WHITE"
1666,11138,748,679,Yes,298,2,カート用延長フラグ,Extension SoftBank 601HW WHITE,1,,,,,,,,*,sl/img001-ex.jpg,*,sl/img001-ex.jpg,,,,,,,,,,,,,,,,,,,,,,,0,1,en_sl_ex_301_bt,,1,,51000,54900,,5,,,,,,,,,,,,,,,,,"23,27","NEW extension,Extension SoftBank 601HW WHITE"
1666,11140,748,680,Yes,299,2,カート用延長フラグ,Extension SoftBank 601HW WHITE,1,,,,,,,,*,sl/img001-ex.jpg,*,sl/img001-ex.jpg,,,,,,,,,,,,,,,,,,,,,,,0,1,en_sl_ex_301_bt,,1,,51000,54900,,5,,,,,,,,,,,,,,,,,"23,27","NEW extension,Extension SoftBank 601HW WHITE"
1666,11142,748,681,Yes,300,2,カート用延長フラグ,Extension SoftBank 601HW WHITE,1,,,,,,,,*,sl/img001-ex.jpg,*,sl/img001-ex.jpg,,,,,,,,,,,,,,,,,,,,,,,0,1,en_sl_ex_301_bt,,1,,51000,54900,,5,,,,,,,,,,,,,,,,,"23,27","NEW extension,Extension SoftBank 601HW WHITE"
1666,11144,748,682,Yes,301,2,カート用延長フラグ,Extension SoftBank 601HW WHITE,1,,,,,,,,*,sl/img001-ex.jpg,*,sl/img001-ex.jpg,,,,,,,,,,,,,,,,,,,,,,,0,1,en_sl_ex_301_bt,,1,,51000,54900,,5,,,,,,,,,,,,,,,,,"23,27","NEW extension,Extension SoftBank 601HW WHITE"
1666,11146,748,683,Yes,302,2,カート用延長フラグ,Extension SoftBank 601HW WHITE,1,,,,,,,,*,sl/img001-ex.jpg,*,sl/img001-ex.jpg,,,,,,,,,,,,,,,,,,,,,,,0,1,en_sl_ex_302_bt,,1,,51490,55440,,5,,,,,,,,,,,,,,,,,"23,27","NEW extension,Extension SoftBank 601HW WHITE"
1666,11148,748,684,Yes,303,2,カート用延長フラグ,Extension SoftBank 601HW WHITE,1,,,,,,,,*,sl/img001-ex.jpg,*,sl/img001-ex.jpg,,,,,,,,,,,,,,,,,,,,,,,0,1,en_sl_ex_303_bt,,1,,51980,55980,,5,,,,,,,,,,,,,,,,,"23,27","NEW extension,Extension SoftBank 601HW WHITE"
1666,11150,748,685,Yes,304,2,カート用延長フラグ,Extension SoftBank 601HW WHITE,1,,,,,,,,*,sl/img001-ex.jpg,*,sl/img001-ex.jpg,,,,,,,,,,,,,,,,,,,,,,,0,1,en_sl_ex_304_bt,,1,,52470,56520,,5,,,,,,,,,,,,,,,,,"23,27","NEW extension,Extension SoftBank 601HW WHITE"
1666,11152,748,686,Yes,305,2,カート用延長フラグ,Extension SoftBank 601HW WHITE,1,,,,,,,,*,sl/img001-ex.jpg,*,sl/img001-ex.jpg,,,,,,,,,,,,,,,,,,,,,,,0,1,en_sl_ex_305_bt,,1,,52960,57060,,5,,,,,,,,,,,,,,,,,"23,27","NEW extension,Extension SoftBank 601HW WHITE"
1666,11154,748,687,Yes,306,2,カート用延長フラグ,Extension SoftBank 601HW WHITE,1,,,,,,,,*,sl/img001-ex.jpg,*,sl/img001-ex.jpg,,,,,,,,,,,,,,,,,,,,,,,0,1,en_sl_ex_306_bt,,1,,53450,57600,,5,,,,,,,,,,,,,,,,,"23,27","NEW extension,Extension SoftBank 601HW WHITE"
1666,11156,748,688,Yes,307,2,カート用延長フラグ,Extension SoftBank 601HW WHITE,1,,,,,,,,*,sl/img001-ex.jpg,*,sl/img001-ex.jpg,,,,,,,,,,,,,,,,,,,,,,,0,1,en_sl_ex_331_bt,,1,,53500,57700,,5,,,,,,,,,,,,,,,,,"23,27","NEW extension,Extension SoftBank 601HW WHITE"
1666,11158,748,689,Yes,308,2,カート用延長フラグ,Extension SoftBank 601HW WHITE,1,,,,,,,,*,sl/img001-ex.jpg,*,sl/img001-ex.jpg,,,,,,,,,,,,,,,,,,,,,,,0,1,en_sl_ex_331_bt,,1,,53500,57700,,5,,,,,,,,,,,,,,,,,"23,27","NEW extension,Extension SoftBank 601HW WHITE"
1666,11160,748,690,Yes,309,2,カート用延長フラグ,Extension SoftBank 601HW WHITE,1,,,,,,,,*,sl/img001-ex.jpg,*,sl/img001-ex.jpg,,,,,,,,,,,,,,,,,,,,,,,0,1,en_sl_ex_331_bt,,1,,53500,57700,,5,,,,,,,,,,,,,,,,,"23,27","NEW extension,Extension SoftBank 601HW WHITE"
1666,11162,748,691,Yes,310,2,カート用延長フラグ,Extension SoftBank 601HW WHITE,1,,,,,,,,*,sl/img001-ex.jpg,*,sl/img001-ex.jpg,,,,,,,,,,,,,,,,,,,,,,,0,1,en_sl_ex_331_bt,,1,,53500,57700,,5,,,,,,,,,,,,,,,,,"23,27","NEW extension,Extension SoftBank 601HW WHITE"
1666,11164,748,692,Yes,311,2,カート用延長フラグ,Extension SoftBank 601HW WHITE,1,,,,,,,,*,sl/img001-ex.jpg,*,sl/img001-ex.jpg,,,,,,,,,,,,,,,,,,,,,,,0,1,en_sl_ex_331_bt,,1,,53500,57700,,5,,,,,,,,,,,,,,,,,"23,27","NEW extension,Extension SoftBank 601HW WHITE"
1666,11166,748,693,Yes,312,2,カート用延長フラグ,Extension SoftBank 601HW WHITE,1,,,,,,,,*,sl/img001-ex.jpg,*,sl/img001-ex.jpg,,,,,,,,,,,,,,,,,,,,,,,0,1,en_sl_ex_331_bt,,1,,53500,57700,,5,,,,,,,,,,,,,,,,,"23,27","NEW extension,Extension SoftBank 601HW WHITE"
1666,11168,748,694,Yes,313,2,カート用延長フラグ,Extension SoftBank 601HW WHITE,1,,,,,,,,*,sl/img001-ex.jpg,*,sl/img001-ex.jpg,,,,,,,,,,,,,,,,,,,,,,,0,1,en_sl_ex_331_bt,,1,,53500,57700,,5,,,,,,,,,,,,,,,,,"23,27","NEW extension,Extension SoftBank 601HW WHITE"
1666,11170,748,695,Yes,314,2,カート用延長フラグ,Extension SoftBank 601HW WHITE,1,,,,,,,,*,sl/img001-ex.jpg,*,sl/img001-ex.jpg,,,,,,,,,,,,,,,,,,,,,,,0,1,en_sl_ex_331_bt,,1,,53500,57700,,5,,,,,,,,,,,,,,,,,"23,27","NEW extension,Extension SoftBank 601HW WHITE"
1666,11172,748,696,Yes,315,2,カート用延長フラグ,Extension SoftBank 601HW WHITE,1,,,,,,,,*,sl/img001-ex.jpg,*,sl/img001-ex.jpg,,,,,,,,,,,,,,,,,,,,,,,0,1,en_sl_ex_331_bt,,1,,53500,57700,,5,,,,,,,,,,,,,,,,,"23,27","NEW extension,Extension SoftBank 601HW WHITE"
1666,11174,748,697,Yes,316,2,カート用延長フラグ,Extension SoftBank 601HW WHITE,1,,,,,,,,*,sl/img001-ex.jpg,*,sl/img001-ex.jpg,,,,,,,,,,,,,,,,,,,,,,,0,1,en_sl_ex_331_bt,,1,,53500,57700,,5,,,,,,,,,,,,,,,,,"23,27","NEW extension,Extension SoftBank 601HW WHITE"
1666,11176,748,698,Yes,317,2,カート用延長フラグ,Extension SoftBank 601HW WHITE,1,,,,,,,,*,sl/img001-ex.jpg,*,sl/img001-ex.jpg,,,,,,,,,,,,,,,,,,,,,,,0,1,en_sl_ex_331_bt,,1,,53500,57700,,5,,,,,,,,,,,,,,,,,"23,27","NEW extension,Extension SoftBank 601HW WHITE"
1666,11178,748,699,Yes,318,2,カート用延長フラグ,Extension SoftBank 601HW WHITE,1,,,,,,,,*,sl/img001-ex.jpg,*,sl/img001-ex.jpg,,,,,,,,,,,,,,,,,,,,,,,0,1,en_sl_ex_331_bt,,1,,53500,57700,,5,,,,,,,,,,,,,,,,,"23,27","NEW extension,Extension SoftBank 601HW WHITE"
1666,11180,748,700,Yes,319,2,カート用延長フラグ,Extension SoftBank 601HW WHITE,1,,,,,,,,*,sl/img001-ex.jpg,*,sl/img001-ex.jpg,,,,,,,,,,,,,,,,,,,,,,,0,1,en_sl_ex_331_bt,,1,,53500,57700,,5,,,,,,,,,,,,,,,,,"23,27","NEW extension,Extension SoftBank 601HW WHITE"
1666,11182,748,701,Yes,320,2,カート用延長フラグ,Extension SoftBank 601HW WHITE,1,,,,,,,,*,sl/img001-ex.jpg,*,sl/img001-ex.jpg,,,,,,,,,,,,,,,,,,,,,,,0,1,en_sl_ex_331_bt,,1,,53500,57700,,5,,,,,,,,,,,,,,,,,"23,27","NEW extension,Extension SoftBank 601HW WHITE"
1666,11184,748,702,Yes,321,2,カート用延長フラグ,Extension SoftBank 601HW WHITE,1,,,,,,,,*,sl/img001-ex.jpg,*,sl/img001-ex.jpg,,,,,,,,,,,,,,,,,,,,,,,0,1,en_sl_ex_331_bt,,1,,53500,57700,,5,,,,,,,,,,,,,,,,,"23,27","NEW extension,Extension SoftBank 601HW WHITE"
1666,11186,748,703,Yes,322,2,カート用延長フラグ,Extension SoftBank 601HW WHITE,1,,,,,,,,*,sl/img001-ex.jpg,*,sl/img001-ex.jpg,,,,,,,,,,,,,,,,,,,,,,,0,1,en_sl_ex_331_bt,,1,,53500,57700,,5,,,,,,,,,,,,,,,,,"23,27","NEW extension,Extension SoftBank 601HW WHITE"
1666,11188,748,704,Yes,323,2,カート用延長フラグ,Extension SoftBank 601HW WHITE,1,,,,,,,,*,sl/img001-ex.jpg,*,sl/img001-ex.jpg,,,,,,,,,,,,,,,,,,,,,,,0,1,en_sl_ex_331_bt,,1,,53500,57700,,5,,,,,,,,,,,,,,,,,"23,27","NEW extension,Extension SoftBank 601HW WHITE"
1666,11190,748,705,Yes,324,2,カート用延長フラグ,Extension SoftBank 601HW WHITE,1,,,,,,,,*,sl/img001-ex.jpg,*,sl/img001-ex.jpg,,,,,,,,,,,,,,,,,,,,,,,0,1,en_sl_ex_331_bt,,1,,53500,57700,,5,,,,,,,,,,,,,,,,,"23,27","NEW extension,Extension SoftBank 601HW WHITE"
1666,11192,748,706,Yes,325,2,カート用延長フラグ,Extension SoftBank 601HW WHITE,1,,,,,,,,*,sl/img001-ex.jpg,*,sl/img001-ex.jpg,,,,,,,,,,,,,,,,,,,,,,,0,1,en_sl_ex_331_bt,,1,,53500,57700,,5,,,,,,,,,,,,,,,,,"23,27","NEW extension,Extension SoftBank 601HW WHITE"
1666,11194,748,707,Yes,326,2,カート用延長フラグ,Extension SoftBank 601HW WHITE,1,,,,,,,,*,sl/img001-ex.jpg,*,sl/img001-ex.jpg,,,,,,,,,,,,,,,,,,,,,,,0,1,en_sl_ex_331_bt,,1,,53500,57700,,5,,,,,,,,,,,,,,,,,"23,27","NEW extension,Extension SoftBank 601HW WHITE"
1666,11196,748,708,Yes,327,2,カート用延長フラグ,Extension SoftBank 601HW WHITE,1,,,,,,,,*,sl/img001-ex.jpg,*,sl/img001-ex.jpg,,,,,,,,,,,,,,,,,,,,,,,0,1,en_sl_ex_331_bt,,1,,53500,57700,,5,,,,,,,,,,,,,,,,,"23,27","NEW extension,Extension SoftBank 601HW WHITE"
1666,11198,748,709,Yes,328,2,カート用延長フラグ,Extension SoftBank 601HW WHITE,1,,,,,,,,*,sl/img001-ex.jpg,*,sl/img001-ex.jpg,,,,,,,,,,,,,,,,,,,,,,,0,1,en_sl_ex_331_bt,,1,,53500,57700,,5,,,,,,,,,,,,,,,,,"23,27","NEW extension,Extension SoftBank 601HW WHITE"
1666,11200,748,710,Yes,329,2,カート用延長フラグ,Extension SoftBank 601HW WHITE,1,,,,,,,,*,sl/img001-ex.jpg,*,sl/img001-ex.jpg,,,,,,,,,,,,,,,,,,,,,,,0,1,en_sl_ex_331_bt,,1,,53500,57700,,5,,,,,,,,,,,,,,,,,"23,27","NEW extension,Extension SoftBank 601HW WHITE"
1666,11202,748,711,Yes,330,2,カート用延長フラグ,Extension SoftBank 601HW WHITE,1,,,,,,,,*,sl/img001-ex.jpg,*,sl/img001-ex.jpg,,,,,,,,,,,,,,,,,,,,,,,0,1,en_sl_ex_331_bt,,1,,53500,57700,,5,,,,,,,,,,,,,,,,,"23,27","NEW extension,Extension SoftBank 601HW WHITE"
1666,11204,748,712,Yes,331,2,カート用延長フラグ,Extension SoftBank 601HW WHITE,1,,,,,,,,*,sl/img001-ex.jpg,*,sl/img001-ex.jpg,,,,,,,,,,,,,,,,,,,,,,,0,1,en_sl_ex_331_bt,,1,,53500,57700,,5,,,,,,,,,,,,,,,,,"23,27","NEW extension,Extension SoftBank 601HW WHITE"
1666,11206,748,713,Yes,332,2,カート用延長フラグ,Extension SoftBank 601HW WHITE,1,,,,,,,,*,sl/img001-ex.jpg,*,sl/img001-ex.jpg,,,,,,,,,,,,,,,,,,,,,,,0,1,en_sl_ex_332_bt,,1,,53990,58240,,5,,,,,,,,,,,,,,,,,"23,27","NEW extension,Extension SoftBank 601HW WHITE"
1666,11208,748,714,Yes,333,2,カート用延長フラグ,Extension SoftBank 601HW WHITE,1,,,,,,,,*,sl/img001-ex.jpg,*,sl/img001-ex.jpg,,,,,,,,,,,,,,,,,,,,,,,0,1,en_sl_ex_333_bt,,1,,54480,58780,,5,,,,,,,,,,,,,,,,,"23,27","NEW extension,Extension SoftBank 601HW WHITE"
1666,11210,748,715,Yes,334,2,カート用延長フラグ,Extension SoftBank 601HW WHITE,1,,,,,,,,*,sl/img001-ex.jpg,*,sl/img001-ex.jpg,,,,,,,,,,,,,,,,,,,,,,,0,1,en_sl_ex_334_bt,,1,,54970,59320,,5,,,,,,,,,,,,,,,,,"23,27","NEW extension,Extension SoftBank 601HW WHITE"
1666,11212,748,717,Yes,335,2,カート用延長フラグ,Extension SoftBank 601HW WHITE,1,,,,,,,,*,sl/img001-ex.jpg,*,sl/img001-ex.jpg,,,,,,,,,,,,,,,,,,,,,,,0,1,en_sl_ex_335_bt,,1,,55460,59860,,5,,,,,,,,,,,,,,,,,"23,27","NEW extension,Extension SoftBank 601HW WHITE"
1666,11214,748,718,Yes,336,2,カート用延長フラグ,Extension SoftBank 601HW WHITE,1,,,,,,,,*,sl/img001-ex.jpg,*,sl/img001-ex.jpg,,,,,,,,,,,,,,,,,,,,,,,0,1,en_sl_ex_336_bt,,1,,55950,60400,,5,,,,,,,,,,,,,,,,,"23,27","NEW extension,Extension SoftBank 601HW WHITE"
1666,11216,748,719,Yes,337,2,カート用延長フラグ,Extension SoftBank 601HW WHITE,1,,,,,,,,*,sl/img001-ex.jpg,*,sl/img001-ex.jpg,,,,,,,,,,,,,,,,,,,,,,,0,1,en_sl_ex_361_bt,,1,,56000,60500,,5,,,,,,,,,,,,,,,,,"23,27","NEW extension,Extension SoftBank 601HW WHITE"
1666,11218,748,720,Yes,338,2,カート用延長フラグ,Extension SoftBank 601HW WHITE,1,,,,,,,,*,sl/img001-ex.jpg,*,sl/img001-ex.jpg,,,,,,,,,,,,,,,,,,,,,,,0,1,en_sl_ex_361_bt,,1,,56000,60500,,5,,,,,,,,,,,,,,,,,"23,27","NEW extension,Extension SoftBank 601HW WHITE"
1666,11220,748,721,Yes,339,2,カート用延長フラグ,Extension SoftBank 601HW WHITE,1,,,,,,,,*,sl/img001-ex.jpg,*,sl/img001-ex.jpg,,,,,,,,,,,,,,,,,,,,,,,0,1,en_sl_ex_361_bt,,1,,56000,60500,,5,,,,,,,,,,,,,,,,,"23,27","NEW extension,Extension SoftBank 601HW WHITE"
1666,11222,748,722,Yes,340,2,カート用延長フラグ,Extension SoftBank 601HW WHITE,1,,,,,,,,*,sl/img001-ex.jpg,*,sl/img001-ex.jpg,,,,,,,,,,,,,,,,,,,,,,,0,1,en_sl_ex_361_bt,,1,,56000,60500,,5,,,,,,,,,,,,,,,,,"23,27","NEW extension,Extension SoftBank 601HW WHITE"
1666,11224,748,723,Yes,341,2,カート用延長フラグ,Extension SoftBank 601HW WHITE,1,,,,,,,,*,sl/img001-ex.jpg,*,sl/img001-ex.jpg,,,,,,,,,,,,,,,,,,,,,,,0,1,en_sl_ex_361_bt,,1,,56000,60500,,5,,,,,,,,,,,,,,,,,"23,27","NEW extension,Extension SoftBank 601HW WHITE"
1666,11226,748,724,Yes,342,2,カート用延長フラグ,Extension SoftBank 601HW WHITE,1,,,,,,,,*,sl/img001-ex.jpg,*,sl/img001-ex.jpg,,,,,,,,,,,,,,,,,,,,,,,0,1,en_sl_ex_361_bt,,1,,56000,60500,,5,,,,,,,,,,,,,,,,,"23,27","NEW extension,Extension SoftBank 601HW WHITE"
1666,11228,748,725,Yes,343,2,カート用延長フラグ,Extension SoftBank 601HW WHITE,1,,,,,,,,*,sl/img001-ex.jpg,*,sl/img001-ex.jpg,,,,,,,,,,,,,,,,,,,,,,,0,1,en_sl_ex_361_bt,,1,,56000,60500,,5,,,,,,,,,,,,,,,,,"23,27","NEW extension,Extension SoftBank 601HW WHITE"
1666,11230,748,726,Yes,344,2,カート用延長フラグ,Extension SoftBank 601HW WHITE,1,,,,,,,,*,sl/img001-ex.jpg,*,sl/img001-ex.jpg,,,,,,,,,,,,,,,,,,,,,,,0,1,en_sl_ex_361_bt,,1,,56000,60500,,5,,,,,,,,,,,,,,,,,"23,27","NEW extension,Extension SoftBank 601HW WHITE"
1666,11232,748,727,Yes,345,2,カート用延長フラグ,Extension SoftBank 601HW WHITE,1,,,,,,,,*,sl/img001-ex.jpg,*,sl/img001-ex.jpg,,,,,,,,,,,,,,,,,,,,,,,0,1,en_sl_ex_361_bt,,1,,56000,60500,,5,,,,,,,,,,,,,,,,,"23,27","NEW extension,Extension SoftBank 601HW WHITE"
1666,11234,748,728,Yes,346,2,カート用延長フラグ,Extension SoftBank 601HW WHITE,1,,,,,,,,*,sl/img001-ex.jpg,*,sl/img001-ex.jpg,,,,,,,,,,,,,,,,,,,,,,,0,1,en_sl_ex_361_bt,,1,,56000,60500,,5,,,,,,,,,,,,,,,,,"23,27","NEW extension,Extension SoftBank 601HW WHITE"
1666,11236,748,729,Yes,347,2,カート用延長フラグ,Extension SoftBank 601HW WHITE,1,,,,,,,,*,sl/img001-ex.jpg,*,sl/img001-ex.jpg,,,,,,,,,,,,,,,,,,,,,,,0,1,en_sl_ex_361_bt,,1,,56000,60500,,5,,,,,,,,,,,,,,,,,"23,27","NEW extension,Extension SoftBank 601HW WHITE"
1666,11238,748,730,Yes,348,2,カート用延長フラグ,Extension SoftBank 601HW WHITE,1,,,,,,,,*,sl/img001-ex.jpg,*,sl/img001-ex.jpg,,,,,,,,,,,,,,,,,,,,,,,0,1,en_sl_ex_361_bt,,1,,56000,60500,,5,,,,,,,,,,,,,,,,,"23,27","NEW extension,Extension SoftBank 601HW WHITE"
1666,11240,748,731,Yes,349,2,カート用延長フラグ,Extension SoftBank 601HW WHITE,1,,,,,,,,*,sl/img001-ex.jpg,*,sl/img001-ex.jpg,,,,,,,,,,,,,,,,,,,,,,,0,1,en_sl_ex_361_bt,,1,,56000,60500,,5,,,,,,,,,,,,,,,,,"23,27","NEW extension,Extension SoftBank 601HW WHITE"
1666,11242,748,732,Yes,350,2,カート用延長フラグ,Extension SoftBank 601HW WHITE,1,,,,,,,,*,sl/img001-ex.jpg,*,sl/img001-ex.jpg,,,,,,,,,,,,,,,,,,,,,,,0,1,en_sl_ex_361_bt,,1,,56000,60500,,5,,,,,,,,,,,,,,,,,"23,27","NEW extension,Extension SoftBank 601HW WHITE"
1666,11244,748,733,Yes,351,2,カート用延長フラグ,Extension SoftBank 601HW WHITE,1,,,,,,,,*,sl/img001-ex.jpg,*,sl/img001-ex.jpg,,,,,,,,,,,,,,,,,,,,,,,0,1,en_sl_ex_361_bt,,1,,56000,60500,,5,,,,,,,,,,,,,,,,,"23,27","NEW extension,Extension SoftBank 601HW WHITE"
1666,11246,748,734,Yes,352,2,カート用延長フラグ,Extension SoftBank 601HW WHITE,1,,,,,,,,*,sl/img001-ex.jpg,*,sl/img001-ex.jpg,,,,,,,,,,,,,,,,,,,,,,,0,1,en_sl_ex_361_bt,,1,,56000,60500,,5,,,,,,,,,,,,,,,,,"23,27","NEW extension,Extension SoftBank 601HW WHITE"
1666,11248,748,735,Yes,353,2,カート用延長フラグ,Extension SoftBank 601HW WHITE,1,,,,,,,,*,sl/img001-ex.jpg,*,sl/img001-ex.jpg,,,,,,,,,,,,,,,,,,,,,,,0,1,en_sl_ex_361_bt,,1,,56000,60500,,5,,,,,,,,,,,,,,,,,"23,27","NEW extension,Extension SoftBank 601HW WHITE"
1666,11250,748,736,Yes,354,2,カート用延長フラグ,Extension SoftBank 601HW WHITE,1,,,,,,,,*,sl/img001-ex.jpg,*,sl/img001-ex.jpg,,,,,,,,,,,,,,,,,,,,,,,0,1,en_sl_ex_361_bt,,1,,56000,60500,,5,,,,,,,,,,,,,,,,,"23,27","NEW extension,Extension SoftBank 601HW WHITE"
1666,11252,748,737,Yes,355,2,カート用延長フラグ,Extension SoftBank 601HW WHITE,1,,,,,,,,*,sl/img001-ex.jpg,*,sl/img001-ex.jpg,,,,,,,,,,,,,,,,,,,,,,,0,1,en_sl_ex_361_bt,,1,,56000,60500,,5,,,,,,,,,,,,,,,,,"23,27","NEW extension,Extension SoftBank 601HW WHITE"
1666,11254,748,738,Yes,356,2,カート用延長フラグ,Extension SoftBank 601HW WHITE,1,,,,,,,,*,sl/img001-ex.jpg,*,sl/img001-ex.jpg,,,,,,,,,,,,,,,,,,,,,,,0,1,en_sl_ex_361_bt,,1,,56000,60500,,5,,,,,,,,,,,,,,,,,"23,27","NEW extension,Extension SoftBank 601HW WHITE"
1666,11256,748,739,Yes,357,2,カート用延長フラグ,Extension SoftBank 601HW WHITE,1,,,,,,,,*,sl/img001-ex.jpg,*,sl/img001-ex.jpg,,,,,,,,,,,,,,,,,,,,,,,0,1,en_sl_ex_361_bt,,1,,56000,60500,,5,,,,,,,,,,,,,,,,,"23,27","NEW extension,Extension SoftBank 601HW WHITE"
1666,11258,748,740,Yes,358,2,カート用延長フラグ,Extension SoftBank 601HW WHITE,1,,,,,,,,*,sl/img001-ex.jpg,*,sl/img001-ex.jpg,,,,,,,,,,,,,,,,,,,,,,,0,1,en_sl_ex_361_bt,,1,,56000,60500,,5,,,,,,,,,,,,,,,,,"23,27","NEW extension,Extension SoftBank 601HW WHITE"
1666,11260,748,741,Yes,359,2,カート用延長フラグ,Extension SoftBank 601HW WHITE,1,,,,,,,,*,sl/img001-ex.jpg,*,sl/img001-ex.jpg,,,,,,,,,,,,,,,,,,,,,,,0,1,en_sl_ex_361_bt,,1,,56000,60500,,5,,,,,,,,,,,,,,,,,"23,27","NEW extension,Extension SoftBank 601HW WHITE"
1666,11262,748,742,Yes,360,2,カート用延長フラグ,Extension SoftBank 601HW WHITE,1,,,,,,,,*,sl/img001-ex.jpg,*,sl/img001-ex.jpg,,,,,,,,,,,,,,,,,,,,,,,0,1,en_sl_ex_361_bt,,1,,56000,60500,,5,,,,,,,,,,,,,,,,,"23,27","NEW extension,Extension SoftBank 601HW WHITE"
1666,11264,748,743,Yes,361,2,カート用延長フラグ,Extension SoftBank 601HW WHITE,1,,,,,,,,*,sl/img001-ex.jpg,*,sl/img001-ex.jpg,,,,,,,,,,,,,,,,,,,,,,,0,1,en_sl_ex_361_bt,,1,,56000,60500,,5,,,,,,,,,,,,,,,,,"23,27","NEW extension,Extension SoftBank 601HW WHITE"
1666,11266,748,744,Yes,362,2,カート用延長フラグ,Extension SoftBank 601HW WHITE,1,,,,,,,,*,sl/img001-ex.jpg,*,sl/img001-ex.jpg,,,,,,,,,,,,,,,,,,,,,,,0,1,en_sl_ex_362_bt,,1,,56490,61040,,5,,,,,,,,,,,,,,,,,"23,27","NEW extension,Extension SoftBank 601HW WHITE"
1666,11268,748,745,Yes,363,2,カート用延長フラグ,Extension SoftBank 601HW WHITE,1,,,,,,,,*,sl/img001-ex.jpg,*,sl/img001-ex.jpg,,,,,,,,,,,,,,,,,,,,,,,0,1,en_sl_ex_363_bt,,1,,56980,61580,,5,,,,,,,,,,,,,,,,,"23,27","NEW extension,Extension SoftBank 601HW WHITE"
1666,11270,748,746,Yes,364,2,カート用延長フラグ,Extension SoftBank 601HW WHITE,1,,,,,,,,*,sl/img001-ex.jpg,*,sl/img001-ex.jpg,,,,,,,,,,,,,,,,,,,,,,,0,1,en_sl_ex_364_bt,,1,,57470,62120,,5,,,,,,,,,,,,,,,,,"23,27","NEW extension,Extension SoftBank 601HW WHITE"
1665,9812,748,381,Yes,0,2,カート用延長フラグ,Extension SoftBank 601HW BLACK,1,,,,,,,,*,sk/img001-ex.jpg,*,sk/img001-ex.jpg,,,,,,,,,,,,,,,,,,,,,,,0,1,en_sk_ex_000_bt,,1,,390,440,,5,,,,,,,,,,,,,,,,,"23,24","NEW extension,Extension SoftBank 601HW BLACK"
1665,9814,748,382,Yes,1,2,カート用延長フラグ,Extension SoftBank 601HW BLACK,1,,,,,,,,*,sk/img001-ex.jpg,*,sk/img001-ex.jpg,,,,,,,,,,,,,,,,,,,,,,,0,1,en_sk_ex_001_bt,,1,,780,880,,5,,,,,,,,,,,,,,,,,"23,24","NEW extension,Extension SoftBank 601HW BLACK"
1665,9816,748,383,Yes,2,2,カート用延長フラグ,Extension SoftBank 601HW BLACK,1,,,,,,,,*,sk/img001-ex.jpg,*,sk/img001-ex.jpg,,,,,,,,,,,,,,,,,,,,,,,0,1,en_sk_ex_002_bt,,1,,1170,1320,,5,,,,,,,,,,,,,,,,,"23,24","NEW extension,Extension SoftBank 601HW BLACK"
1665,9818,748,384,Yes,3,2,カート用延長フラグ,Extension SoftBank 601HW BLACK,1,,,,,,,,*,sk/img001-ex.jpg,*,sk/img001-ex.jpg,,,,,,,,,,,,,,,,,,,,,,,0,1,en_sk_ex_003_bt,,1,,1560,1760,,5,,,,,,,,,,,,,,,,,"23,24","NEW extension,Extension SoftBank 601HW BLACK"
1665,9820,748,385,Yes,4,2,カート用延長フラグ,Extension SoftBank 601HW BLACK,1,,,,,,,,*,sk/img001-ex.jpg,*,sk/img001-ex.jpg,,,,,,,,,,,,,,,,,,,,,,,0,1,en_sk_ex_004_bt,,1,,1950,2200,,5,,,,,,,,,,,,,,,,,"23,24","NEW extension,Extension SoftBank 601HW BLACK"
1665,9822,748,386,Yes,5,2,カート用延長フラグ,Extension SoftBank 601HW BLACK,1,,,,,,,,*,sk/img001-ex.jpg,*,sk/img001-ex.jpg,,,,,,,,,,,,,,,,,,,,,,,0,1,en_sk_ex_005_bt,,1,,2340,2640,,5,,,,,,,,,,,,,,,,,"23,24","NEW extension,Extension SoftBank 601HW BLACK"
1665,9824,748,387,Yes,6,2,カート用延長フラグ,Extension SoftBank 601HW BLACK,1,,,,,,,,*,sk/img001-ex.jpg,*,sk/img001-ex.jpg,,,,,,,,,,,,,,,,,,,,,,,0,1,en_sk_ex_006_bt,,1,,2730,3080,,5,,,,,,,,,,,,,,,,,"23,24","NEW extension,Extension SoftBank 601HW BLACK"
1665,9826,748,388,Yes,7,2,カート用延長フラグ,Extension SoftBank 601HW BLACK,1,,,,,,,,*,sk/img001-ex.jpg,*,sk/img001-ex.jpg,,,,,,,,,,,,,,,,,,,,,,,0,1,en_sk_ex_007_bt,,1,,3120,3520,,5,,,,,,,,,,,,,,,,,"23,24","NEW extension,Extension SoftBank 601HW BLACK"
1665,9828,748,389,Yes,8,2,カート用延長フラグ,Extension SoftBank 601HW BLACK,1,,,,,,,,*,sk/img001-ex.jpg,*,sk/img001-ex.jpg,,,,,,,,,,,,,,,,,,,,,,,0,1,en_sk_ex_008_bt,,1,,3510,3960,,5,,,,,,,,,,,,,,,,,"23,24","NEW extension,Extension SoftBank 601HW BLACK"
1665,9830,748,390,Yes,9,2,カート用延長フラグ,Extension SoftBank 601HW BLACK,1,,,,,,,,*,sk/img001-ex.jpg,*,sk/img001-ex.jpg,,,,,,,,,,,,,,,,,,,,,,,0,1,en_sk_ex_009_bt,,1,,3900,4400,,5,,,,,,,,,,,,,,,,,"23,24","NEW extension,Extension SoftBank 601HW BLACK"
1665,9832,748,391,Yes,10,2,カート用延長フラグ,Extension SoftBank 601HW BLACK,1,,,,,,,,*,sk/img001-ex.jpg,*,sk/img001-ex.jpg,,,,,,,,,,,,,,,,,,,,,,,0,1,en_sk_ex_010_bt,,1,,4290,4840,,5,,,,,,,,,,,,,,,,,"23,24","NEW extension,Extension SoftBank 601HW BLACK"
1665,9834,748,392,Yes,11,2,カート用延長フラグ,Extension SoftBank 601HW BLACK,1,,,,,,,,*,sk/img001-ex.jpg,*,sk/img001-ex.jpg,,,,,,,,,,,,,,,,,,,,,,,0,1,en_sk_ex_011_bt,,1,,4680,5280,,5,,,,,,,,,,,,,,,,,"23,24","NEW extension,Extension SoftBank 601HW BLACK"
1665,9836,748,393,Yes,12,2,カート用延長フラグ,Extension SoftBank 601HW BLACK,1,,,,,,,,*,sk/img001-ex.jpg,*,sk/img001-ex.jpg,,,,,,,,,,,,,,,,,,,,,,,0,1,en_sk_ex_012_bt,,1,,5070,5720,,5,,,,,,,,,,,,,,,,,"23,24","NEW extension,Extension SoftBank 601HW BLACK"
1665,9838,748,394,Yes,13,2,カート用延長フラグ,Extension SoftBank 601HW BLACK,1,,,,,,,,*,sk/img001-ex.jpg,*,sk/img001-ex.jpg,,,,,,,,,,,,,,,,,,,,,,,0,1,en_sk_ex_013_bt,,1,,5460,6160,,5,,,,,,,,,,,,,,,,,"23,24","NEW extension,Extension SoftBank 601HW BLACK"
1665,9840,748,395,Yes,14,2,カート用延長フラグ,Extension SoftBank 601HW BLACK,1,,,,,,,,*,sk/img001-ex.jpg,*,sk/img001-ex.jpg,,,,,,,,,,,,,,,,,,,,,,,0,1,en_sk_ex_014_bt,,1,,5850,6600,,5,,,,,,,,,,,,,,,,,"23,24","NEW extension,Extension SoftBank 601HW BLACK"
1665,9842,748,396,Yes,15,2,カート用延長フラグ,Extension SoftBank 601HW BLACK,1,,,,,,,,*,sk/img001-ex.jpg,*,sk/img001-ex.jpg,,,,,,,,,,,,,,,,,,,,,,,0,1,en_sk_ex_014_bt,,1,,5850,6600,,5,,,,,,,,,,,,,,,,,"23,24","NEW extension,Extension SoftBank 601HW BLACK"
1665,9844,748,397,Yes,16,2,カート用延長フラグ,Extension SoftBank 601HW BLACK,1,,,,,,,,*,sk/img001-ex.jpg,*,sk/img001-ex.jpg,,,,,,,,,,,,,,,,,,,,,,,0,1,en_sk_ex_014_bt,,1,,5850,6600,,5,,,,,,,,,,,,,,,,,"23,24","NEW extension,Extension SoftBank 601HW BLACK"
1665,9846,748,398,Yes,17,2,カート用延長フラグ,Extension SoftBank 601HW BLACK,1,,,,,,,,*,sk/img001-ex.jpg,*,sk/img001-ex.jpg,,,,,,,,,,,,,,,,,,,,,,,0,1,en_sk_ex_014_bt,,1,,5850,6600,,5,,,,,,,,,,,,,,,,,"23,24","NEW extension,Extension SoftBank 601HW BLACK"
1665,9848,748,399,Yes,18,2,カート用延長フラグ,Extension SoftBank 601HW BLACK,1,,,,,,,,*,sk/img001-ex.jpg,*,sk/img001-ex.jpg,,,,,,,,,,,,,,,,,,,,,,,0,1,en_sk_ex_014_bt,,1,,5850,6600,,5,,,,,,,,,,,,,,,,,"23,24","NEW extension,Extension SoftBank 601HW BLACK"
1665,9850,748,400,Yes,19,2,カート用延長フラグ,Extension SoftBank 601HW BLACK,1,,,,,,,,*,sk/img001-ex.jpg,*,sk/img001-ex.jpg,,,,,,,,,,,,,,,,,,,,,,,0,1,en_sk_ex_014_bt,,1,,5850,6600,,5,,,,,,,,,,,,,,,,,"23,24","NEW extension,Extension SoftBank 601HW BLACK"
1665,9852,748,401,Yes,20,2,カート用延長フラグ,Extension SoftBank 601HW BLACK,1,,,,,,,,*,sk/img001-ex.jpg,*,sk/img001-ex.jpg,,,,,,,,,,,,,,,,,,,,,,,0,1,en_sk_ex_014_bt,,1,,5850,6600,,5,,,,,,,,,,,,,,,,,"23,24","NEW extension,Extension SoftBank 601HW BLACK"
1665,9854,748,402,Yes,21,2,カート用延長フラグ,Extension SoftBank 601HW BLACK,1,,,,,,,,*,sk/img001-ex.jpg,*,sk/img001-ex.jpg,,,,,,,,,,,,,,,,,,,,,,,0,1,en_sk_ex_014_bt,,1,,5850,6600,,5,,,,,,,,,,,,,,,,,"23,24","NEW extension,Extension SoftBank 601HW BLACK"
1665,9856,748,403,Yes,22,2,カート用延長フラグ,Extension SoftBank 601HW BLACK,1,,,,,,,,*,sk/img001-ex.jpg,*,sk/img001-ex.jpg,,,,,,,,,,,,,,,,,,,,,,,0,1,en_sk_ex_014_bt,,1,,5850,6600,,5,,,,,,,,,,,,,,,,,"23,24","NEW extension,Extension SoftBank 601HW BLACK"
1665,9858,748,404,Yes,23,2,カート用延長フラグ,Extension SoftBank 601HW BLACK,1,,,,,,,,*,sk/img001-ex.jpg,*,sk/img001-ex.jpg,,,,,,,,,,,,,,,,,,,,,,,0,1,en_sk_ex_014_bt,,1,,5850,6600,,5,,,,,,,,,,,,,,,,,"23,24","NEW extension,Extension SoftBank 601HW BLACK"
1665,9860,748,405,Yes,24,2,カート用延長フラグ,Extension SoftBank 601HW BLACK,1,,,,,,,,*,sk/img001-ex.jpg,*,sk/img001-ex.jpg,,,,,,,,,,,,,,,,,,,,,,,0,1,en_sk_ex_014_bt,,1,,5850,6600,,5,,,,,,,,,,,,,,,,,"23,24","NEW extension,Extension SoftBank 601HW BLACK"
1665,9862,748,406,Yes,25,2,カート用延長フラグ,Extension SoftBank 601HW BLACK,1,,,,,,,,*,sk/img001-ex.jpg,*,sk/img001-ex.jpg,,,,,,,,,,,,,,,,,,,,,,,0,1,en_sk_ex_014_bt,,1,,5850,6600,,5,,,,,,,,,,,,,,,,,"23,24","NEW extension,Extension SoftBank 601HW BLACK"
1665,9864,748,407,Yes,26,2,カート用延長フラグ,Extension SoftBank 601HW BLACK,1,,,,,,,,*,sk/img001-ex.jpg,*,sk/img001-ex.jpg,,,,,,,,,,,,,,,,,,,,,,,0,1,en_sk_ex_014_bt,,1,,5850,6600,,5,,,,,,,,,,,,,,,,,"23,24","NEW extension,Extension SoftBank 601HW BLACK"
1665,9866,748,408,Yes,27,2,カート用延長フラグ,Extension SoftBank 601HW BLACK,1,,,,,,,,*,sk/img001-ex.jpg,*,sk/img001-ex.jpg,,,,,,,,,,,,,,,,,,,,,,,0,1,en_sk_ex_014_bt,,1,,5850,6600,,5,,,,,,,,,,,,,,,,,"23,24","NEW extension,Extension SoftBank 601HW BLACK"
1665,9868,748,409,Yes,28,2,カート用延長フラグ,Extension SoftBank 601HW BLACK,1,,,,,,,,*,sk/img001-ex.jpg,*,sk/img001-ex.jpg,,,,,,,,,,,,,,,,,,,,,,,0,1,en_sk_ex_014_bt,,1,,5850,6600,,5,,,,,,,,,,,,,,,,,"23,24","NEW extension,Extension SoftBank 601HW BLACK"
1665,9870,748,410,Yes,29,2,カート用延長フラグ,Extension SoftBank 601HW BLACK,1,,,,,,,,*,sk/img001-ex.jpg,*,sk/img001-ex.jpg,,,,,,,,,,,,,,,,,,,,,,,0,1,en_sk_ex_014_bt,,1,,5850,6600,,5,,,,,,,,,,,,,,,,,"23,24","NEW extension,Extension SoftBank 601HW BLACK"
1665,9872,748,411,Yes,30,2,カート用延長フラグ,Extension SoftBank 601HW BLACK,1,,,,,,,,*,sk/img001-ex.jpg,*,sk/img001-ex.jpg,,,,,,,,,,,,,,,,,,,,,,,0,1,en_sk_ex_014_bt,,1,,5850,6600,,5,,,,,,,,,,,,,,,,,"23,24","NEW extension,Extension SoftBank 601HW BLACK"
1665,9874,748,412,Yes,31,2,カート用延長フラグ,Extension SoftBank 601HW BLACK,1,,,,,,,,*,sk/img001-ex.jpg,*,sk/img001-ex.jpg,,,,,,,,,,,,,,,,,,,,,,,0,1,en_sk_ex_031_bt,,1,,6240,7040,,5,,,,,,,,,,,,,,,,,"23,24","NEW extension,Extension SoftBank 601HW BLACK"
1665,9876,748,413,Yes,32,2,カート用延長フラグ,Extension SoftBank 601HW BLACK,1,,,,,,,,*,sk/img001-ex.jpg,*,sk/img001-ex.jpg,,,,,,,,,,,,,,,,,,,,,,,0,1,en_sk_ex_032_bt,,1,,6630,7480,,5,,,,,,,,,,,,,,,,,"23,24","NEW extension,Extension SoftBank 601HW BLACK"
1665,9878,748,414,Yes,33,2,カート用延長フラグ,Extension SoftBank 601HW BLACK,1,,,,,,,,*,sk/img001-ex.jpg,*,sk/img001-ex.jpg,,,,,,,,,,,,,,,,,,,,,,,0,1,en_sk_ex_033_bt,,1,,7020,7920,,5,,,,,,,,,,,,,,,,,"23,24","NEW extension,Extension SoftBank 601HW BLACK"
1665,9880,748,415,Yes,34,2,カート用延長フラグ,Extension SoftBank 601HW BLACK,1,,,,,,,,*,sk/img001-ex.jpg,*,sk/img001-ex.jpg,,,,,,,,,,,,,,,,,,,,,,,0,1,en_sk_ex_034_bt,,1,,7410,8360,,5,,,,,,,,,,,,,,,,,"23,24","NEW extension,Extension SoftBank 601HW BLACK"
1665,9882,748,416,Yes,35,2,カート用延長フラグ,Extension SoftBank 601HW BLACK,1,,,,,,,,*,sk/img001-ex.jpg,*,sk/img001-ex.jpg,,,,,,,,,,,,,,,,,,,,,,,0,1,en_sk_ex_035_bt,,1,,7800,8800,,5,,,,,,,,,,,,,,,,,"23,24","NEW extension,Extension SoftBank 601HW BLACK"
1665,9884,748,417,Yes,36,2,カート用延長フラグ,Extension SoftBank 601HW BLACK,1,,,,,,,,*,sk/img001-ex.jpg,*,sk/img001-ex.jpg,,,,,,,,,,,,,,,,,,,,,,,0,1,en_sk_ex_036_bt,,1,,8190,9240,,5,,,,,,,,,,,,,,,,,"23,24","NEW extension,Extension SoftBank 601HW BLACK"
1665,9886,748,418,Yes,37,2,カート用延長フラグ,Extension SoftBank 601HW BLACK,1,,,,,,,,*,sk/img001-ex.jpg,*,sk/img001-ex.jpg,,,,,,,,,,,,,,,,,,,,,,,0,1,en_sk_ex_037_bt,,1,,8580,9630,,5,,,,,,,,,,,,,,,,,"23,24","NEW extension,Extension SoftBank 601HW BLACK"
1665,9888,748,419,Yes,38,2,カート用延長フラグ,Extension SoftBank 601HW BLACK,1,,,,,,,,*,sk/img001-ex.jpg,*,sk/img001-ex.jpg,,,,,,,,,,,,,,,,,,,,,,,0,1,en_sk_ex_038_bt,,1,,8970,10020,,5,,,,,,,,,,,,,,,,,"23,24","NEW extension,Extension SoftBank 601HW BLACK"
1665,9890,748,420,Yes,39,2,カート用延長フラグ,Extension SoftBank 601HW BLACK,1,,,,,,,,*,sk/img001-ex.jpg,*,sk/img001-ex.jpg,,,,,,,,,,,,,,,,,,,,,,,0,1,en_sk_ex_039_bt,,1,,9360,10410,,5,,,,,,,,,,,,,,,,,"23,24","NEW extension,Extension SoftBank 601HW BLACK"
1665,9892,748,421,Yes,40,2,カート用延長フラグ,Extension SoftBank 601HW BLACK,1,,,,,,,,*,sk/img001-ex.jpg,*,sk/img001-ex.jpg,,,,,,,,,,,,,,,,,,,,,,,0,1,en_sk_ex_040_bt,,1,,9750,10800,,5,,,,,,,,,,,,,,,,,"23,24","NEW extension,Extension SoftBank 601HW BLACK"
1665,9894,748,422,Yes,41,2,カート用延長フラグ,Extension SoftBank 601HW BLACK,1,,,,,,,,*,sk/img001-ex.jpg,*,sk/img001-ex.jpg,,,,,,,,,,,,,,,,,,,,,,,0,1,en_sk_ex_041_bt,,1,,10140,11190,,5,,,,,,,,,,,,,,,,,"23,24","NEW extension,Extension SoftBank 601HW BLACK"
1665,9896,748,423,Yes,42,2,カート用延長フラグ,Extension SoftBank 601HW BLACK,1,,,,,,,,*,sk/img001-ex.jpg,*,sk/img001-ex.jpg,,,,,,,,,,,,,,,,,,,,,,,0,1,en_sk_ex_060_bt,,1,,10400,11450,,5,,,,,,,,,,,,,,,,,"23,24","NEW extension,Extension SoftBank 601HW BLACK"
1665,9898,748,424,Yes,43,2,カート用延長フラグ,Extension SoftBank 601HW BLACK,1,,,,,,,,*,sk/img001-ex.jpg,*,sk/img001-ex.jpg,,,,,,,,,,,,,,,,,,,,,,,0,1,en_sk_ex_060_bt,,1,,10400,11450,,5,,,,,,,,,,,,,,,,,"23,24","NEW extension,Extension SoftBank 601HW BLACK"
1665,9900,748,425,Yes,44,2,カート用延長フラグ,Extension SoftBank 601HW BLACK,1,,,,,,,,*,sk/img001-ex.jpg,*,sk/img001-ex.jpg,,,,,,,,,,,,,,,,,,,,,,,0,1,en_sk_ex_060_bt,,1,,10400,11450,,5,,,,,,,,,,,,,,,,,"23,24","NEW extension,Extension SoftBank 601HW BLACK"
1665,9902,748,426,Yes,45,2,カート用延長フラグ,Extension SoftBank 601HW BLACK,1,,,,,,,,*,sk/img001-ex.jpg,*,sk/img001-ex.jpg,,,,,,,,,,,,,,,,,,,,,,,0,1,en_sk_ex_060_bt,,1,,10400,11450,,5,,,,,,,,,,,,,,,,,"23,24","NEW extension,Extension SoftBank 601HW BLACK"
1665,9904,748,427,Yes,46,2,カート用延長フラグ,Extension SoftBank 601HW BLACK,1,,,,,,,,*,sk/img001-ex.jpg,*,sk/img001-ex.jpg,,,,,,,,,,,,,,,,,,,,,,,0,1,en_sk_ex_060_bt,,1,,10400,11450,,5,,,,,,,,,,,,,,,,,"23,24","NEW extension,Extension SoftBank 601HW BLACK"
1665,9906,748,428,Yes,47,2,カート用延長フラグ,Extension SoftBank 601HW BLACK,1,,,,,,,,*,sk/img001-ex.jpg,*,sk/img001-ex.jpg,,,,,,,,,,,,,,,,,,,,,,,0,1,en_sk_ex_060_bt,,1,,10400,11450,,5,,,,,,,,,,,,,,,,,"23,24","NEW extension,Extension SoftBank 601HW BLACK"
1665,9908,748,429,Yes,48,2,カート用延長フラグ,Extension SoftBank 601HW BLACK,1,,,,,,,,*,sk/img001-ex.jpg,*,sk/img001-ex.jpg,,,,,,,,,,,,,,,,,,,,,,,0,1,en_sk_ex_060_bt,,1,,10400,11450,,5,,,,,,,,,,,,,,,,,"23,24","NEW extension,Extension SoftBank 601HW BLACK"
1665,9910,748,430,Yes,49,2,カート用延長フラグ,Extension SoftBank 601HW BLACK,1,,,,,,,,*,sk/img001-ex.jpg,*,sk/img001-ex.jpg,,,,,,,,,,,,,,,,,,,,,,,0,1,en_sk_ex_060_bt,,1,,10400,11450,,5,,,,,,,,,,,,,,,,,"23,24","NEW extension,Extension SoftBank 601HW BLACK"
1665,9912,748,431,Yes,50,2,カート用延長フラグ,Extension SoftBank 601HW BLACK,1,,,,,,,,*,sk/img001-ex.jpg,*,sk/img001-ex.jpg,,,,,,,,,,,,,,,,,,,,,,,0,1,en_sk_ex_060_bt,,1,,10400,11450,,5,,,,,,,,,,,,,,,,,"23,24","NEW extension,Extension SoftBank 601HW BLACK"
1665,9914,748,432,Yes,51,2,カート用延長フラグ,Extension SoftBank 601HW BLACK,1,,,,,,,,*,sk/img001-ex.jpg,*,sk/img001-ex.jpg,,,,,,,,,,,,,,,,,,,,,,,0,1,en_sk_ex_060_bt,,1,,10400,11450,,5,,,,,,,,,,,,,,,,,"23,24","NEW extension,Extension SoftBank 601HW BLACK"
1665,9916,748,433,Yes,52,2,カート用延長フラグ,Extension SoftBank 601HW BLACK,1,,,,,,,,*,sk/img001-ex.jpg,*,sk/img001-ex.jpg,,,,,,,,,,,,,,,,,,,,,,,0,1,en_sk_ex_060_bt,,1,,10400,11450,,5,,,,,,,,,,,,,,,,,"23,24","NEW extension,Extension SoftBank 601HW BLACK"
1665,9918,748,434,Yes,53,2,カート用延長フラグ,Extension SoftBank 601HW BLACK,1,,,,,,,,*,sk/img001-ex.jpg,*,sk/img001-ex.jpg,,,,,,,,,,,,,,,,,,,,,,,0,1,en_sk_ex_060_bt,,1,,10400,11450,,5,,,,,,,,,,,,,,,,,"23,24","NEW extension,Extension SoftBank 601HW BLACK"
1665,9920,748,435,Yes,54,2,カート用延長フラグ,Extension SoftBank 601HW BLACK,1,,,,,,,,*,sk/img001-ex.jpg,*,sk/img001-ex.jpg,,,,,,,,,,,,,,,,,,,,,,,0,1,en_sk_ex_060_bt,,1,,10400,11450,,5,,,,,,,,,,,,,,,,,"23,24","NEW extension,Extension SoftBank 601HW BLACK"
1665,9922,748,436,Yes,55,2,カート用延長フラグ,Extension SoftBank 601HW BLACK,1,,,,,,,,*,sk/img001-ex.jpg,*,sk/img001-ex.jpg,,,,,,,,,,,,,,,,,,,,,,,0,1,en_sk_ex_060_bt,,1,,10400,11450,,5,,,,,,,,,,,,,,,,,"23,24","NEW extension,Extension SoftBank 601HW BLACK"
1665,9924,748,437,Yes,56,2,カート用延長フラグ,Extension SoftBank 601HW BLACK,1,,,,,,,,*,sk/img001-ex.jpg,*,sk/img001-ex.jpg,,,,,,,,,,,,,,,,,,,,,,,0,1,en_sk_ex_060_bt,,1,,10400,11450,,5,,,,,,,,,,,,,,,,,"23,24","NEW extension,Extension SoftBank 601HW BLACK"
1665,9926,748,438,Yes,57,2,カート用延長フラグ,Extension SoftBank 601HW BLACK,1,,,,,,,,*,sk/img001-ex.jpg,*,sk/img001-ex.jpg,,,,,,,,,,,,,,,,,,,,,,,0,1,en_sk_ex_060_bt,,1,,10400,11450,,5,,,,,,,,,,,,,,,,,"23,24","NEW extension,Extension SoftBank 601HW BLACK"
1665,9928,748,439,Yes,58,2,カート用延長フラグ,Extension SoftBank 601HW BLACK,1,,,,,,,,*,sk/img001-ex.jpg,*,sk/img001-ex.jpg,,,,,,,,,,,,,,,,,,,,,,,0,1,en_sk_ex_060_bt,,1,,10400,11450,,5,,,,,,,,,,,,,,,,,"23,24","NEW extension,Extension SoftBank 601HW BLACK"
1665,9930,748,440,Yes,59,2,カート用延長フラグ,Extension SoftBank 601HW BLACK,1,,,,,,,,*,sk/img001-ex.jpg,*,sk/img001-ex.jpg,,,,,,,,,,,,,,,,,,,,,,,0,1,en_sk_ex_060_bt,,1,,10400,11450,,5,,,,,,,,,,,,,,,,,"23,24","NEW extension,Extension SoftBank 601HW BLACK"
1665,9932,748,441,Yes,60,2,カート用延長フラグ,Extension SoftBank 601HW BLACK,1,,,,,,,,*,sk/img001-ex.jpg,*,sk/img001-ex.jpg,,,,,,,,,,,,,,,,,,,,,,,0,1,en_sk_ex_060_bt,,1,,10400,11450,,5,,,,,,,,,,,,,,,,,"23,24","NEW extension,Extension SoftBank 601HW BLACK"
1665,9934,748,442,Yes,61,2,カート用延長フラグ,Extension SoftBank 601HW BLACK,1,,,,,,,,*,sk/img001-ex.jpg,*,sk/img001-ex.jpg,,,,,,,,,,,,,,,,,,,,,,,0,1,en_sk_ex_061_bt,,1,,10790,11890,,5,,,,,,,,,,,,,,,,,"23,24","NEW extension,Extension SoftBank 601HW BLACK"
1665,9936,748,443,Yes,62,2,カート用延長フラグ,Extension SoftBank 601HW BLACK,1,,,,,,,,*,sk/img001-ex.jpg,*,sk/img001-ex.jpg,,,,,,,,,,,,,,,,,,,,,,,0,1,en_sk_ex_062_bt,,1,,11180,12330,,5,,,,,,,,,,,,,,,,,"23,24","NEW extension,Extension SoftBank 601HW BLACK"
1665,9938,748,444,Yes,63,2,カート用延長フラグ,Extension SoftBank 601HW BLACK,1,,,,,,,,*,sk/img001-ex.jpg,*,sk/img001-ex.jpg,,,,,,,,,,,,,,,,,,,,,,,0,1,en_sk_ex_063_bt,,1,,11570,12770,,5,,,,,,,,,,,,,,,,,"23,24","NEW extension,Extension SoftBank 601HW BLACK"
1665,9940,748,445,Yes,64,2,カート用延長フラグ,Extension SoftBank 601HW BLACK,1,,,,,,,,*,sk/img001-ex.jpg,*,sk/img001-ex.jpg,,,,,,,,,,,,,,,,,,,,,,,0,1,en_sk_ex_064_bt,,1,,11960,13210,,5,,,,,,,,,,,,,,,,,"23,24","NEW extension,Extension SoftBank 601HW BLACK"
1665,9942,748,446,Yes,65,2,カート用延長フラグ,Extension SoftBank 601HW BLACK,1,,,,,,,,*,sk/img001-ex.jpg,*,sk/img001-ex.jpg,,,,,,,,,,,,,,,,,,,,,,,0,1,en_sk_ex_065_bt,,1,,12350,13650,,5,,,,,,,,,,,,,,,,,"23,24","NEW extension,Extension SoftBank 601HW BLACK"
1665,9944,748,447,Yes,66,2,カート用延長フラグ,Extension SoftBank 601HW BLACK,1,,,,,,,,*,sk/img001-ex.jpg,*,sk/img001-ex.jpg,,,,,,,,,,,,,,,,,,,,,,,0,1,en_sk_ex_066_bt,,1,,12740,14090,,5,,,,,,,,,,,,,,,,,"23,24","NEW extension,Extension SoftBank 601HW BLACK"
1665,9946,748,448,Yes,67,2,カート用延長フラグ,Extension SoftBank 601HW BLACK,1,,,,,,,,*,sk/img001-ex.jpg,*,sk/img001-ex.jpg,,,,,,,,,,,,,,,,,,,,,,,0,1,en_sk_ex_067_bt,,1,,13130,14480,,5,,,,,,,,,,,,,,,,,"23,24","NEW extension,Extension SoftBank 601HW BLACK"
1665,9948,748,449,Yes,68,2,カート用延長フラグ,Extension SoftBank 601HW BLACK,1,,,,,,,,*,sk/img001-ex.jpg,*,sk/img001-ex.jpg,,,,,,,,,,,,,,,,,,,,,,,0,1,en_sk_ex_068_bt,,1,,13520,14870,,5,,,,,,,,,,,,,,,,,"23,24","NEW extension,Extension SoftBank 601HW BLACK"
1665,9950,748,450,Yes,69,2,カート用延長フラグ,Extension SoftBank 601HW BLACK,1,,,,,,,,*,sk/img001-ex.jpg,*,sk/img001-ex.jpg,,,,,,,,,,,,,,,,,,,,,,,0,1,en_sk_ex_069_bt,,1,,13910,15260,,5,,,,,,,,,,,,,,,,,"23,24","NEW extension,Extension SoftBank 601HW BLACK"
1665,9952,748,451,Yes,70,2,カート用延長フラグ,Extension SoftBank 601HW BLACK,1,,,,,,,,*,sk/img001-ex.jpg,*,sk/img001-ex.jpg,,,,,,,,,,,,,,,,,,,,,,,0,1,en_sk_ex_070_bt,,1,,14300,15650,,5,,,,,,,,,,,,,,,,,"23,24","NEW extension,Extension SoftBank 601HW BLACK"
1665,9954,748,452,Yes,71,2,カート用延長フラグ,Extension SoftBank 601HW BLACK,1,,,,,,,,*,sk/img001-ex.jpg,*,sk/img001-ex.jpg,,,,,,,,,,,,,,,,,,,,,,,0,1,en_sk_ex_090_bt,,1,,14600,15950,,5,,,,,,,,,,,,,,,,,"23,24","NEW extension,Extension SoftBank 601HW BLACK"
1665,9956,748,453,Yes,72,2,カート用延長フラグ,Extension SoftBank 601HW BLACK,1,,,,,,,,*,sk/img001-ex.jpg,*,sk/img001-ex.jpg,,,,,,,,,,,,,,,,,,,,,,,0,1,en_sk_ex_090_bt,,1,,14600,15950,,5,,,,,,,,,,,,,,,,,"23,24","NEW extension,Extension SoftBank 601HW BLACK"
1665,9958,748,454,Yes,73,2,カート用延長フラグ,Extension SoftBank 601HW BLACK,1,,,,,,,,*,sk/img001-ex.jpg,*,sk/img001-ex.jpg,,,,,,,,,,,,,,,,,,,,,,,0,1,en_sk_ex_090_bt,,1,,14600,15950,,5,,,,,,,,,,,,,,,,,"23,24","NEW extension,Extension SoftBank 601HW BLACK"
1665,9960,748,455,Yes,74,2,カート用延長フラグ,Extension SoftBank 601HW BLACK,1,,,,,,,,*,sk/img001-ex.jpg,*,sk/img001-ex.jpg,,,,,,,,,,,,,,,,,,,,,,,0,1,en_sk_ex_090_bt,,1,,14600,15950,,5,,,,,,,,,,,,,,,,,"23,24","NEW extension,Extension SoftBank 601HW BLACK"
1665,9962,748,456,Yes,75,2,カート用延長フラグ,Extension SoftBank 601HW BLACK,1,,,,,,,,*,sk/img001-ex.jpg,*,sk/img001-ex.jpg,,,,,,,,,,,,,,,,,,,,,,,0,1,en_sk_ex_090_bt,,1,,14600,15950,,5,,,,,,,,,,,,,,,,,"23,24","NEW extension,Extension SoftBank 601HW BLACK"
1665,9964,748,457,Yes,76,2,カート用延長フラグ,Extension SoftBank 601HW BLACK,1,,,,,,,,*,sk/img001-ex.jpg,*,sk/img001-ex.jpg,,,,,,,,,,,,,,,,,,,,,,,0,1,en_sk_ex_090_bt,,1,,14600,15950,,5,,,,,,,,,,,,,,,,,"23,24","NEW extension,Extension SoftBank 601HW BLACK"
1665,9966,748,458,Yes,77,2,カート用延長フラグ,Extension SoftBank 601HW BLACK,1,,,,,,,,*,sk/img001-ex.jpg,*,sk/img001-ex.jpg,,,,,,,,,,,,,,,,,,,,,,,0,1,en_sk_ex_090_bt,,1,,14600,15950,,5,,,,,,,,,,,,,,,,,"23,24","NEW extension,Extension SoftBank 601HW BLACK"
1665,9968,748,459,Yes,78,2,カート用延長フラグ,Extension SoftBank 601HW BLACK,1,,,,,,,,*,sk/img001-ex.jpg,*,sk/img001-ex.jpg,,,,,,,,,,,,,,,,,,,,,,,0,1,en_sk_ex_090_bt,,1,,14600,15950,,5,,,,,,,,,,,,,,,,,"23,24","NEW extension,Extension SoftBank 601HW BLACK"
1665,9970,748,460,Yes,79,2,カート用延長フラグ,Extension SoftBank 601HW BLACK,1,,,,,,,,*,sk/img001-ex.jpg,*,sk/img001-ex.jpg,,,,,,,,,,,,,,,,,,,,,,,0,1,en_sk_ex_090_bt,,1,,14600,15950,,5,,,,,,,,,,,,,,,,,"23,24","NEW extension,Extension SoftBank 601HW BLACK"
1665,9972,748,461,Yes,80,2,カート用延長フラグ,Extension SoftBank 601HW BLACK,1,,,,,,,,*,sk/img001-ex.jpg,*,sk/img001-ex.jpg,,,,,,,,,,,,,,,,,,,,,,,0,1,en_sk_ex_090_bt,,1,,14600,15950,,5,,,,,,,,,,,,,,,,,"23,24","NEW extension,Extension SoftBank 601HW BLACK"
1665,9974,748,462,Yes,81,2,カート用延長フラグ,Extension SoftBank 601HW BLACK,1,,,,,,,,*,sk/img001-ex.jpg,*,sk/img001-ex.jpg,,,,,,,,,,,,,,,,,,,,,,,0,1,en_sk_ex_090_bt,,1,,14600,15950,,5,,,,,,,,,,,,,,,,,"23,24","NEW extension,Extension SoftBank 601HW BLACK"
1665,9976,748,463,Yes,82,2,カート用延長フラグ,Extension SoftBank 601HW BLACK,1,,,,,,,,*,sk/img001-ex.jpg,*,sk/img001-ex.jpg,,,,,,,,,,,,,,,,,,,,,,,0,1,en_sk_ex_090_bt,,1,,14600,15950,,5,,,,,,,,,,,,,,,,,"23,24","NEW extension,Extension SoftBank 601HW BLACK"
1665,9978,748,464,Yes,83,2,カート用延長フラグ,Extension SoftBank 601HW BLACK,1,,,,,,,,*,sk/img001-ex.jpg,*,sk/img001-ex.jpg,,,,,,,,,,,,,,,,,,,,,,,0,1,en_sk_ex_090_bt,,1,,14600,15950,,5,,,,,,,,,,,,,,,,,"23,24","NEW extension,Extension SoftBank 601HW BLACK"
1665,9980,748,465,Yes,84,2,カート用延長フラグ,Extension SoftBank 601HW BLACK,1,,,,,,,,*,sk/img001-ex.jpg,*,sk/img001-ex.jpg,,,,,,,,,,,,,,,,,,,,,,,0,1,en_sk_ex_090_bt,,1,,14600,15950,,5,,,,,,,,,,,,,,,,,"23,24","NEW extension,Extension SoftBank 601HW BLACK"
1665,9982,748,466,Yes,85,2,カート用延長フラグ,Extension SoftBank 601HW BLACK,1,,,,,,,,*,sk/img001-ex.jpg,*,sk/img001-ex.jpg,,,,,,,,,,,,,,,,,,,,,,,0,1,en_sk_ex_090_bt,,1,,14600,15950,,5,,,,,,,,,,,,,,,,,"23,24","NEW extension,Extension SoftBank 601HW BLACK"
1665,9984,748,467,Yes,86,2,カート用延長フラグ,Extension SoftBank 601HW BLACK,1,,,,,,,,*,sk/img001-ex.jpg,*,sk/img001-ex.jpg,,,,,,,,,,,,,,,,,,,,,,,0,1,en_sk_ex_090_bt,,1,,14600,15950,,5,,,,,,,,,,,,,,,,,"23,24","NEW extension,Extension SoftBank 601HW BLACK"
1665,9986,748,468,Yes,87,2,カート用延長フラグ,Extension SoftBank 601HW BLACK,1,,,,,,,,*,sk/img001-ex.jpg,*,sk/img001-ex.jpg,,,,,,,,,,,,,,,,,,,,,,,0,1,en_sk_ex_090_bt,,1,,14600,15950,,5,,,,,,,,,,,,,,,,,"23,24","NEW extension,Extension SoftBank 601HW BLACK"
1665,9988,748,469,Yes,88,2,カート用延長フラグ,Extension SoftBank 601HW BLACK,1,,,,,,,,*,sk/img001-ex.jpg,*,sk/img001-ex.jpg,,,,,,,,,,,,,,,,,,,,,,,0,1,en_sk_ex_090_bt,,1,,14600,15950,,5,,,,,,,,,,,,,,,,,"23,24","NEW extension,Extension SoftBank 601HW BLACK"
1665,9990,748,470,Yes,89,2,カート用延長フラグ,Extension SoftBank 601HW BLACK,1,,,,,,,,*,sk/img001-ex.jpg,*,sk/img001-ex.jpg,,,,,,,,,,,,,,,,,,,,,,,0,1,en_sk_ex_090_bt,,1,,14600,15950,,5,,,,,,,,,,,,,,,,,"23,24","NEW extension,Extension SoftBank 601HW BLACK"
1665,9992,748,471,Yes,90,2,カート用延長フラグ,Extension SoftBank 601HW BLACK,1,,,,,,,,*,sk/img001-ex.jpg,*,sk/img001-ex.jpg,,,,,,,,,,,,,,,,,,,,,,,0,1,en_sk_ex_090_bt,,1,,14600,15950,,5,,,,,,,,,,,,,,,,,"23,24","NEW extension,Extension SoftBank 601HW BLACK"
1665,9994,748,472,Yes,91,2,カート用延長フラグ,Extension SoftBank 601HW BLACK,1,,,,,,,,*,sk/img001-ex.jpg,*,sk/img001-ex.jpg,,,,,,,,,,,,,,,,,,,,,,,0,1,en_sk_ex_091_bt,,1,,14990,16390,,5,,,,,,,,,,,,,,,,,"23,24","NEW extension,Extension SoftBank 601HW BLACK"
1665,9996,748,473,Yes,92,2,カート用延長フラグ,Extension SoftBank 601HW BLACK,1,,,,,,,,*,sk/img001-ex.jpg,*,sk/img001-ex.jpg,,,,,,,,,,,,,,,,,,,,,,,0,1,en_sk_ex_092_bt,,1,,15380,16830,,5,,,,,,,,,,,,,,,,,"23,24","NEW extension,Extension SoftBank 601HW BLACK"
1665,9998,748,474,Yes,93,2,カート用延長フラグ,Extension SoftBank 601HW BLACK,1,,,,,,,,*,sk/img001-ex.jpg,*,sk/img001-ex.jpg,,,,,,,,,,,,,,,,,,,,,,,0,1,en_sk_ex_093_bt,,1,,15770,17270,,5,,,,,,,,,,,,,,,,,"23,24","NEW extension,Extension SoftBank 601HW BLACK"
1665,10000,748,475,Yes,94,2,カート用延長フラグ,Extension SoftBank 601HW BLACK,1,,,,,,,,*,sk/img001-ex.jpg,*,sk/img001-ex.jpg,,,,,,,,,,,,,,,,,,,,,,,0,1,en_sk_ex_094_bt,,1,,16160,17710,,5,,,,,,,,,,,,,,,,,"23,24","NEW extension,Extension SoftBank 601HW BLACK"
1665,10002,748,476,Yes,95,2,カート用延長フラグ,Extension SoftBank 601HW BLACK,1,,,,,,,,*,sk/img001-ex.jpg,*,sk/img001-ex.jpg,,,,,,,,,,,,,,,,,,,,,,,0,1,en_sk_ex_095_bt,,1,,16550,18150,,5,,,,,,,,,,,,,,,,,"23,24","NEW extension,Extension SoftBank 601HW BLACK"
1665,10004,748,477,Yes,96,2,カート用延長フラグ,Extension SoftBank 601HW BLACK,1,,,,,,,,*,sk/img001-ex.jpg,*,sk/img001-ex.jpg,,,,,,,,,,,,,,,,,,,,,,,0,1,en_sk_ex_096_bt,,1,,16940,18590,,5,,,,,,,,,,,,,,,,,"23,24","NEW extension,Extension SoftBank 601HW BLACK"
1665,10006,748,478,Yes,97,2,カート用延長フラグ,Extension SoftBank 601HW BLACK,1,,,,,,,,*,sk/img001-ex.jpg,*,sk/img001-ex.jpg,,,,,,,,,,,,,,,,,,,,,,,0,1,en_sk_ex_097_bt,,1,,17330,18980,,5,,,,,,,,,,,,,,,,,"23,24","NEW extension,Extension SoftBank 601HW BLACK"
1665,10008,748,479,Yes,98,2,カート用延長フラグ,Extension SoftBank 601HW BLACK,1,,,,,,,,*,sk/img001-ex.jpg,*,sk/img001-ex.jpg,,,,,,,,,,,,,,,,,,,,,,,0,1,en_sk_ex_098_bt,,1,,17720,19370,,5,,,,,,,,,,,,,,,,,"23,24","NEW extension,Extension SoftBank 601HW BLACK"
1665,10010,748,480,Yes,99,2,カート用延長フラグ,Extension SoftBank 601HW BLACK,1,,,,,,,,*,sk/img001-ex.jpg,*,sk/img001-ex.jpg,,,,,,,,,,,,,,,,,,,,,,,0,1,en_sk_ex_099_bt,,1,,18110,19760,,5,,,,,,,,,,,,,,,,,"23,24","NEW extension,Extension SoftBank 601HW BLACK"
1665,10012,748,481,Yes,100,2,カート用延長フラグ,Extension SoftBank 601HW BLACK,1,,,,,,,,*,sk/img001-ex.jpg,*,sk/img001-ex.jpg,,,,,,,,,,,,,,,,,,,,,,,0,1,en_sk_ex_100_bt,,1,,18500,20150,,5,,,,,,,,,,,,,,,,,"23,24","NEW extension,Extension SoftBank 601HW BLACK"
1665,10014,748,482,Yes,101,2,カート用延長フラグ,Extension SoftBank 601HW BLACK,1,,,,,,,,*,sk/img001-ex.jpg,*,sk/img001-ex.jpg,,,,,,,,,,,,,,,,,,,,,,,0,1,en_sk_ex_120_bt,,1,,18800,20450,,5,,,,,,,,,,,,,,,,,"23,24","NEW extension,Extension SoftBank 601HW BLACK"
1665,10016,748,483,Yes,102,2,カート用延長フラグ,Extension SoftBank 601HW BLACK,1,,,,,,,,*,sk/img001-ex.jpg,*,sk/img001-ex.jpg,,,,,,,,,,,,,,,,,,,,,,,0,1,en_sk_ex_120_bt,,1,,18800,20450,,5,,,,,,,,,,,,,,,,,"23,24","NEW extension,Extension SoftBank 601HW BLACK"
1665,10018,748,484,Yes,103,2,カート用延長フラグ,Extension SoftBank 601HW BLACK,1,,,,,,,,*,sk/img001-ex.jpg,*,sk/img001-ex.jpg,,,,,,,,,,,,,,,,,,,,,,,0,1,en_sk_ex_120_bt,,1,,18800,20450,,5,,,,,,,,,,,,,,,,,"23,24","NEW extension,Extension SoftBank 601HW BLACK"
1665,10020,748,485,Yes,104,2,カート用延長フラグ,Extension SoftBank 601HW BLACK,1,,,,,,,,*,sk/img001-ex.jpg,*,sk/img001-ex.jpg,,,,,,,,,,,,,,,,,,,,,,,0,1,en_sk_ex_120_bt,,1,,18800,20450,,5,,,,,,,,,,,,,,,,,"23,24","NEW extension,Extension SoftBank 601HW BLACK"
1665,10022,748,486,Yes,105,2,カート用延長フラグ,Extension SoftBank 601HW BLACK,1,,,,,,,,*,sk/img001-ex.jpg,*,sk/img001-ex.jpg,,,,,,,,,,,,,,,,,,,,,,,0,1,en_sk_ex_120_bt,,1,,18800,20450,,5,,,,,,,,,,,,,,,,,"23,24","NEW extension,Extension SoftBank 601HW BLACK"
1665,10024,748,487,Yes,106,2,カート用延長フラグ,Extension SoftBank 601HW BLACK,1,,,,,,,,*,sk/img001-ex.jpg,*,sk/img001-ex.jpg,,,,,,,,,,,,,,,,,,,,,,,0,1,en_sk_ex_120_bt,,1,,18800,20450,,5,,,,,,,,,,,,,,,,,"23,24","NEW extension,Extension SoftBank 601HW BLACK"
1665,10026,748,488,Yes,107,2,カート用延長フラグ,Extension SoftBank 601HW BLACK,1,,,,,,,,*,sk/img001-ex.jpg,*,sk/img001-ex.jpg,,,,,,,,,,,,,,,,,,,,,,,0,1,en_sk_ex_120_bt,,1,,18800,20450,,5,,,,,,,,,,,,,,,,,"23,24","NEW extension,Extension SoftBank 601HW BLACK"
1665,10028,748,489,Yes,108,2,カート用延長フラグ,Extension SoftBank 601HW BLACK,1,,,,,,,,*,sk/img001-ex.jpg,*,sk/img001-ex.jpg,,,,,,,,,,,,,,,,,,,,,,,0,1,en_sk_ex_120_bt,,1,,18800,20450,,5,,,,,,,,,,,,,,,,,"23,24","NEW extension,Extension SoftBank 601HW BLACK"
1665,10030,748,490,Yes,109,2,カート用延長フラグ,Extension SoftBank 601HW BLACK,1,,,,,,,,*,sk/img001-ex.jpg,*,sk/img001-ex.jpg,,,,,,,,,,,,,,,,,,,,,,,0,1,en_sk_ex_120_bt,,1,,18800,20450,,5,,,,,,,,,,,,,,,,,"23,24","NEW extension,Extension SoftBank 601HW BLACK"
1665,10032,748,491,Yes,110,2,カート用延長フラグ,Extension SoftBank 601HW BLACK,1,,,,,,,,*,sk/img001-ex.jpg,*,sk/img001-ex.jpg,,,,,,,,,,,,,,,,,,,,,,,0,1,en_sk_ex_120_bt,,1,,18800,20450,,5,,,,,,,,,,,,,,,,,"23,24","NEW extension,Extension SoftBank 601HW BLACK"
1665,10034,748,492,Yes,111,2,カート用延長フラグ,Extension SoftBank 601HW BLACK,1,,,,,,,,*,sk/img001-ex.jpg,*,sk/img001-ex.jpg,,,,,,,,,,,,,,,,,,,,,,,0,1,en_sk_ex_120_bt,,1,,18800,20450,,5,,,,,,,,,,,,,,,,,"23,24","NEW extension,Extension SoftBank 601HW BLACK"
1665,10036,748,493,Yes,112,2,カート用延長フラグ,Extension SoftBank 601HW BLACK,1,,,,,,,,*,sk/img001-ex.jpg,*,sk/img001-ex.jpg,,,,,,,,,,,,,,,,,,,,,,,0,1,en_sk_ex_120_bt,,1,,18800,20450,,5,,,,,,,,,,,,,,,,,"23,24","NEW extension,Extension SoftBank 601HW BLACK"
1665,10038,748,494,Yes,113,2,カート用延長フラグ,Extension SoftBank 601HW BLACK,1,,,,,,,,*,sk/img001-ex.jpg,*,sk/img001-ex.jpg,,,,,,,,,,,,,,,,,,,,,,,0,1,en_sk_ex_120_bt,,1,,18800,20450,,5,,,,,,,,,,,,,,,,,"23,24","NEW extension,Extension SoftBank 601HW BLACK"
1665,10040,748,495,Yes,114,2,カート用延長フラグ,Extension SoftBank 601HW BLACK,1,,,,,,,,*,sk/img001-ex.jpg,*,sk/img001-ex.jpg,,,,,,,,,,,,,,,,,,,,,,,0,1,en_sk_ex_120_bt,,1,,18800,20450,,5,,,,,,,,,,,,,,,,,"23,24","NEW extension,Extension SoftBank 601HW BLACK"
1665,10042,748,496,Yes,115,2,カート用延長フラグ,Extension SoftBank 601HW BLACK,1,,,,,,,,*,sk/img001-ex.jpg,*,sk/img001-ex.jpg,,,,,,,,,,,,,,,,,,,,,,,0,1,en_sk_ex_120_bt,,1,,18800,20450,,5,,,,,,,,,,,,,,,,,"23,24","NEW extension,Extension SoftBank 601HW BLACK"
1665,10044,748,497,Yes,116,2,カート用延長フラグ,Extension SoftBank 601HW BLACK,1,,,,,,,,*,sk/img001-ex.jpg,*,sk/img001-ex.jpg,,,,,,,,,,,,,,,,,,,,,,,0,1,en_sk_ex_120_bt,,1,,18800,20450,,5,,,,,,,,,,,,,,,,,"23,24","NEW extension,Extension SoftBank 601HW BLACK"
1665,10046,748,498,Yes,117,2,カート用延長フラグ,Extension SoftBank 601HW BLACK,1,,,,,,,,*,sk/img001-ex.jpg,*,sk/img001-ex.jpg,,,,,,,,,,,,,,,,,,,,,,,0,1,en_sk_ex_120_bt,,1,,18800,20450,,5,,,,,,,,,,,,,,,,,"23,24","NEW extension,Extension SoftBank 601HW BLACK"
1665,10048,748,499,Yes,118,2,カート用延長フラグ,Extension SoftBank 601HW BLACK,1,,,,,,,,*,sk/img001-ex.jpg,*,sk/img001-ex.jpg,,,,,,,,,,,,,,,,,,,,,,,0,1,en_sk_ex_120_bt,,1,,18800,20450,,5,,,,,,,,,,,,,,,,,"23,24","NEW extension,Extension SoftBank 601HW BLACK"
1665,10050,748,500,Yes,119,2,カート用延長フラグ,Extension SoftBank 601HW BLACK,1,,,,,,,,*,sk/img001-ex.jpg,*,sk/img001-ex.jpg,,,,,,,,,,,,,,,,,,,,,,,0,1,en_sk_ex_120_bt,,1,,18800,20450,,5,,,,,,,,,,,,,,,,,"23,24","NEW extension,Extension SoftBank 601HW BLACK"
1665,10052,748,501,Yes,120,2,カート用延長フラグ,Extension SoftBank 601HW BLACK,1,,,,,,,,*,sk/img001-ex.jpg,*,sk/img001-ex.jpg,,,,,,,,,,,,,,,,,,,,,,,0,1,en_sk_ex_120_bt,,1,,18800,20450,,5,,,,,,,,,,,,,,,,,"23,24","NEW extension,Extension SoftBank 601HW BLACK"
1665,10054,748,502,Yes,121,2,カート用延長フラグ,Extension SoftBank 601HW BLACK,1,,,,,,,,*,sk/img001-ex.jpg,*,sk/img001-ex.jpg,,,,,,,,,,,,,,,,,,,,,,,0,1,en_sk_ex_121_bt,,1,,19190,20890,,5,,,,,,,,,,,,,,,,,"23,24","NEW extension,Extension SoftBank 601HW BLACK"
1665,10056,748,503,Yes,122,2,カート用延長フラグ,Extension SoftBank 601HW BLACK,1,,,,,,,,*,sk/img001-ex.jpg,*,sk/img001-ex.jpg,,,,,,,,,,,,,,,,,,,,,,,0,1,en_sk_ex_122_bt,,1,,19580,21330,,5,,,,,,,,,,,,,,,,,"23,24","NEW extension,Extension SoftBank 601HW BLACK"
1665,10058,748,504,Yes,123,2,カート用延長フラグ,Extension SoftBank 601HW BLACK,1,,,,,,,,*,sk/img001-ex.jpg,*,sk/img001-ex.jpg,,,,,,,,,,,,,,,,,,,,,,,0,1,en_sk_ex_123_bt,,1,,19970,21770,,5,,,,,,,,,,,,,,,,,"23,24","NEW extension,Extension SoftBank 601HW BLACK"
1665,10060,748,505,Yes,124,2,カート用延長フラグ,Extension SoftBank 601HW BLACK,1,,,,,,,,*,sk/img001-ex.jpg,*,sk/img001-ex.jpg,,,,,,,,,,,,,,,,,,,,,,,0,1,en_sk_ex_124_bt,,1,,20360,22210,,5,,,,,,,,,,,,,,,,,"23,24","NEW extension,Extension SoftBank 601HW BLACK"
1665,10062,748,506,Yes,125,2,カート用延長フラグ,Extension SoftBank 601HW BLACK,1,,,,,,,,*,sk/img001-ex.jpg,*,sk/img001-ex.jpg,,,,,,,,,,,,,,,,,,,,,,,0,1,en_sk_ex_125_bt,,1,,20750,22650,,5,,,,,,,,,,,,,,,,,"23,24","NEW extension,Extension SoftBank 601HW BLACK"
1665,10064,748,507,Yes,126,2,カート用延長フラグ,Extension SoftBank 601HW BLACK,1,,,,,,,,*,sk/img001-ex.jpg,*,sk/img001-ex.jpg,,,,,,,,,,,,,,,,,,,,,,,0,1,en_sk_ex_150_bt,,1,,20800,22750,,5,,,,,,,,,,,,,,,,,"23,24","NEW extension,Extension SoftBank 601HW BLACK"
1665,10066,748,508,Yes,127,2,カート用延長フラグ,Extension SoftBank 601HW BLACK,1,,,,,,,,*,sk/img001-ex.jpg,*,sk/img001-ex.jpg,,,,,,,,,,,,,,,,,,,,,,,0,1,en_sk_ex_150_bt,,1,,20800,22750,,5,,,,,,,,,,,,,,,,,"23,24","NEW extension,Extension SoftBank 601HW BLACK"
1665,10068,748,509,Yes,128,2,カート用延長フラグ,Extension SoftBank 601HW BLACK,1,,,,,,,,*,sk/img001-ex.jpg,*,sk/img001-ex.jpg,,,,,,,,,,,,,,,,,,,,,,,0,1,en_sk_ex_150_bt,,1,,20800,22750,,5,,,,,,,,,,,,,,,,,"23,24","NEW extension,Extension SoftBank 601HW BLACK"
1665,10070,748,510,Yes,129,2,カート用延長フラグ,Extension SoftBank 601HW BLACK,1,,,,,,,,*,sk/img001-ex.jpg,*,sk/img001-ex.jpg,,,,,,,,,,,,,,,,,,,,,,,0,1,en_sk_ex_150_bt,,1,,20800,22750,,5,,,,,,,,,,,,,,,,,"23,24","NEW extension,Extension SoftBank 601HW BLACK"
1665,10072,748,511,Yes,130,2,カート用延長フラグ,Extension SoftBank 601HW BLACK,1,,,,,,,,*,sk/img001-ex.jpg,*,sk/img001-ex.jpg,,,,,,,,,,,,,,,,,,,,,,,0,1,en_sk_ex_150_bt,,1,,20800,22750,,5,,,,,,,,,,,,,,,,,"23,24","NEW extension,Extension SoftBank 601HW BLACK"
1665,10074,748,512,Yes,131,2,カート用延長フラグ,Extension SoftBank 601HW BLACK,1,,,,,,,,*,sk/img001-ex.jpg,*,sk/img001-ex.jpg,,,,,,,,,,,,,,,,,,,,,,,0,1,en_sk_ex_150_bt,,1,,20800,22750,,5,,,,,,,,,,,,,,,,,"23,24","NEW extension,Extension SoftBank 601HW BLACK"
1665,10076,748,513,Yes,132,2,カート用延長フラグ,Extension SoftBank 601HW BLACK,1,,,,,,,,*,sk/img001-ex.jpg,*,sk/img001-ex.jpg,,,,,,,,,,,,,,,,,,,,,,,0,1,en_sk_ex_150_bt,,1,,20800,22750,,5,,,,,,,,,,,,,,,,,"23,24","NEW extension,Extension SoftBank 601HW BLACK"
1665,10078,748,514,Yes,133,2,カート用延長フラグ,Extension SoftBank 601HW BLACK,1,,,,,,,,*,sk/img001-ex.jpg,*,sk/img001-ex.jpg,,,,,,,,,,,,,,,,,,,,,,,0,1,en_sk_ex_150_bt,,1,,20800,22750,,5,,,,,,,,,,,,,,,,,"23,24","NEW extension,Extension SoftBank 601HW BLACK"
1665,10080,748,515,Yes,134,2,カート用延長フラグ,Extension SoftBank 601HW BLACK,1,,,,,,,,*,sk/img001-ex.jpg,*,sk/img001-ex.jpg,,,,,,,,,,,,,,,,,,,,,,,0,1,en_sk_ex_150_bt,,1,,20800,22750,,5,,,,,,,,,,,,,,,,,"23,24","NEW extension,Extension SoftBank 601HW BLACK"
1665,10082,748,516,Yes,135,2,カート用延長フラグ,Extension SoftBank 601HW BLACK,1,,,,,,,,*,sk/img001-ex.jpg,*,sk/img001-ex.jpg,,,,,,,,,,,,,,,,,,,,,,,0,1,en_sk_ex_150_bt,,1,,20800,22750,,5,,,,,,,,,,,,,,,,,"23,24","NEW extension,Extension SoftBank 601HW BLACK"
1665,10084,748,517,Yes,136,2,カート用延長フラグ,Extension SoftBank 601HW BLACK,1,,,,,,,,*,sk/img001-ex.jpg,*,sk/img001-ex.jpg,,,,,,,,,,,,,,,,,,,,,,,0,1,en_sk_ex_150_bt,,1,,20800,22750,,5,,,,,,,,,,,,,,,,,"23,24","NEW extension,Extension SoftBank 601HW BLACK"
1665,10086,748,518,Yes,137,2,カート用延長フラグ,Extension SoftBank 601HW BLACK,1,,,,,,,,*,sk/img001-ex.jpg,*,sk/img001-ex.jpg,,,,,,,,,,,,,,,,,,,,,,,0,1,en_sk_ex_150_bt,,1,,20800,22750,,5,,,,,,,,,,,,,,,,,"23,24","NEW extension,Extension SoftBank 601HW BLACK"
1665,10088,748,519,Yes,138,2,カート用延長フラグ,Extension SoftBank 601HW BLACK,1,,,,,,,,*,sk/img001-ex.jpg,*,sk/img001-ex.jpg,,,,,,,,,,,,,,,,,,,,,,,0,1,en_sk_ex_150_bt,,1,,20800,22750,,5,,,,,,,,,,,,,,,,,"23,24","NEW extension,Extension SoftBank 601HW BLACK"
1665,10090,748,520,Yes,139,2,カート用延長フラグ,Extension SoftBank 601HW BLACK,1,,,,,,,,*,sk/img001-ex.jpg,*,sk/img001-ex.jpg,,,,,,,,,,,,,,,,,,,,,,,0,1,en_sk_ex_150_bt,,1,,20800,22750,,5,,,,,,,,,,,,,,,,,"23,24","NEW extension,Extension SoftBank 601HW BLACK"
1665,10092,748,521,Yes,140,2,カート用延長フラグ,Extension SoftBank 601HW BLACK,1,,,,,,,,*,sk/img001-ex.jpg,*,sk/img001-ex.jpg,,,,,,,,,,,,,,,,,,,,,,,0,1,en_sk_ex_150_bt,,1,,20800,22750,,5,,,,,,,,,,,,,,,,,"23,24","NEW extension,Extension SoftBank 601HW BLACK"
1665,10094,748,522,Yes,141,2,カート用延長フラグ,Extension SoftBank 601HW BLACK,1,,,,,,,,*,sk/img001-ex.jpg,*,sk/img001-ex.jpg,,,,,,,,,,,,,,,,,,,,,,,0,1,en_sk_ex_150_bt,,1,,20800,22750,,5,,,,,,,,,,,,,,,,,"23,24","NEW extension,Extension SoftBank 601HW BLACK"
1665,10096,748,523,Yes,142,2,カート用延長フラグ,Extension SoftBank 601HW BLACK,1,,,,,,,,*,sk/img001-ex.jpg,*,sk/img001-ex.jpg,,,,,,,,,,,,,,,,,,,,,,,0,1,en_sk_ex_150_bt,,1,,20800,22750,,5,,,,,,,,,,,,,,,,,"23,24","NEW extension,Extension SoftBank 601HW BLACK"
1665,10098,748,524,Yes,143,2,カート用延長フラグ,Extension SoftBank 601HW BLACK,1,,,,,,,,*,sk/img001-ex.jpg,*,sk/img001-ex.jpg,,,,,,,,,,,,,,,,,,,,,,,0,1,en_sk_ex_150_bt,,1,,20800,22750,,5,,,,,,,,,,,,,,,,,"23,24","NEW extension,Extension SoftBank 601HW BLACK"
1665,10100,748,525,Yes,144,2,カート用延長フラグ,Extension SoftBank 601HW BLACK,1,,,,,,,,*,sk/img001-ex.jpg,*,sk/img001-ex.jpg,,,,,,,,,,,,,,,,,,,,,,,0,1,en_sk_ex_150_bt,,1,,20800,22750,,5,,,,,,,,,,,,,,,,,"23,24","NEW extension,Extension SoftBank 601HW BLACK"
1665,10102,748,526,Yes,145,2,カート用延長フラグ,Extension SoftBank 601HW BLACK,1,,,,,,,,*,sk/img001-ex.jpg,*,sk/img001-ex.jpg,,,,,,,,,,,,,,,,,,,,,,,0,1,en_sk_ex_150_bt,,1,,20800,22750,,5,,,,,,,,,,,,,,,,,"23,24","NEW extension,Extension SoftBank 601HW BLACK"
1665,10104,748,527,Yes,146,2,カート用延長フラグ,Extension SoftBank 601HW BLACK,1,,,,,,,,*,sk/img001-ex.jpg,*,sk/img001-ex.jpg,,,,,,,,,,,,,,,,,,,,,,,0,1,en_sk_ex_150_bt,,1,,20800,22750,,5,,,,,,,,,,,,,,,,,"23,24","NEW extension,Extension SoftBank 601HW BLACK"
1665,10106,748,528,Yes,147,2,カート用延長フラグ,Extension SoftBank 601HW BLACK,1,,,,,,,,*,sk/img001-ex.jpg,*,sk/img001-ex.jpg,,,,,,,,,,,,,,,,,,,,,,,0,1,en_sk_ex_150_bt,,1,,20800,22750,,5,,,,,,,,,,,,,,,,,"23,24","NEW extension,Extension SoftBank 601HW BLACK"
1665,10108,748,529,Yes,148,2,カート用延長フラグ,Extension SoftBank 601HW BLACK,1,,,,,,,,*,sk/img001-ex.jpg,*,sk/img001-ex.jpg,,,,,,,,,,,,,,,,,,,,,,,0,1,en_sk_ex_150_bt,,1,,20800,22750,,5,,,,,,,,,,,,,,,,,"23,24","NEW extension,Extension SoftBank 601HW BLACK"
1665,10110,748,530,Yes,149,2,カート用延長フラグ,Extension SoftBank 601HW BLACK,1,,,,,,,,*,sk/img001-ex.jpg,*,sk/img001-ex.jpg,,,,,,,,,,,,,,,,,,,,,,,0,1,en_sk_ex_150_bt,,1,,20800,22750,,5,,,,,,,,,,,,,,,,,"23,24","NEW extension,Extension SoftBank 601HW BLACK"
1665,10112,748,531,Yes,150,2,カート用延長フラグ,Extension SoftBank 601HW BLACK,1,,,,,,,,*,sk/img001-ex.jpg,*,sk/img001-ex.jpg,,,,,,,,,,,,,,,,,,,,,,,0,1,en_sk_ex_150_bt,,1,,20800,22750,,5,,,,,,,,,,,,,,,,,"23,24","NEW extension,Extension SoftBank 601HW BLACK"
1665,10114,748,532,Yes,151,2,カート用延長フラグ,Extension SoftBank 601HW BLACK,1,,,,,,,,*,sk/img001-ex.jpg,*,sk/img001-ex.jpg,,,,,,,,,,,,,,,,,,,,,,,0,1,en_sk_ex_151_bt,,1,,21190,23190,,5,,,,,,,,,,,,,,,,,"23,24","NEW extension,Extension SoftBank 601HW BLACK"
1665,10116,748,533,Yes,152,2,カート用延長フラグ,Extension SoftBank 601HW BLACK,1,,,,,,,,*,sk/img001-ex.jpg,*,sk/img001-ex.jpg,,,,,,,,,,,,,,,,,,,,,,,0,1,en_sk_ex_152_bt,,1,,21580,23630,,5,,,,,,,,,,,,,,,,,"23,24","NEW extension,Extension SoftBank 601HW BLACK"
1665,10118,748,534,Yes,153,2,カート用延長フラグ,Extension SoftBank 601HW BLACK,1,,,,,,,,*,sk/img001-ex.jpg,*,sk/img001-ex.jpg,,,,,,,,,,,,,,,,,,,,,,,0,1,en_sk_ex_153_bt,,1,,21970,24070,,5,,,,,,,,,,,,,,,,,"23,24","NEW extension,Extension SoftBank 601HW BLACK"
1665,10120,748,535,Yes,154,2,カート用延長フラグ,Extension SoftBank 601HW BLACK,1,,,,,,,,*,sk/img001-ex.jpg,*,sk/img001-ex.jpg,,,,,,,,,,,,,,,,,,,,,,,0,1,en_sk_ex_154_bt,,1,,22360,24510,,5,,,,,,,,,,,,,,,,,"23,24","NEW extension,Extension SoftBank 601HW BLACK"
1665,10122,748,536,Yes,155,2,カート用延長フラグ,Extension SoftBank 601HW BLACK,1,,,,,,,,*,sk/img001-ex.jpg,*,sk/img001-ex.jpg,,,,,,,,,,,,,,,,,,,,,,,0,1,en_sk_ex_155_bt,,1,,22750,24950,,5,,,,,,,,,,,,,,,,,"23,24","NEW extension,Extension SoftBank 601HW BLACK"
1665,10124,748,537,Yes,156,2,カート用延長フラグ,Extension SoftBank 601HW BLACK,1,,,,,,,,*,sk/img001-ex.jpg,*,sk/img001-ex.jpg,,,,,,,,,,,,,,,,,,,,,,,0,1,en_sk_ex_180_bt,,1,,22800,25050,,5,,,,,,,,,,,,,,,,,"23,24","NEW extension,Extension SoftBank 601HW BLACK"
1665,10126,748,538,Yes,157,2,カート用延長フラグ,Extension SoftBank 601HW BLACK,1,,,,,,,,*,sk/img001-ex.jpg,*,sk/img001-ex.jpg,,,,,,,,,,,,,,,,,,,,,,,0,1,en_sk_ex_180_bt,,1,,22800,25050,,5,,,,,,,,,,,,,,,,,"23,24","NEW extension,Extension SoftBank 601HW BLACK"
1665,10128,748,539,Yes,158,2,カート用延長フラグ,Extension SoftBank 601HW BLACK,1,,,,,,,,*,sk/img001-ex.jpg,*,sk/img001-ex.jpg,,,,,,,,,,,,,,,,,,,,,,,0,1,en_sk_ex_180_bt,,1,,22800,25050,,5,,,,,,,,,,,,,,,,,"23,24","NEW extension,Extension SoftBank 601HW BLACK"
1665,10130,748,540,Yes,159,2,カート用延長フラグ,Extension SoftBank 601HW BLACK,1,,,,,,,,*,sk/img001-ex.jpg,*,sk/img001-ex.jpg,,,,,,,,,,,,,,,,,,,,,,,0,1,en_sk_ex_180_bt,,1,,22800,25050,,5,,,,,,,,,,,,,,,,,"23,24","NEW extension,Extension SoftBank 601HW BLACK"
1665,10132,748,541,Yes,160,2,カート用延長フラグ,Extension SoftBank 601HW BLACK,1,,,,,,,,*,sk/img001-ex.jpg,*,sk/img001-ex.jpg,,,,,,,,,,,,,,,,,,,,,,,0,1,en_sk_ex_180_bt,,1,,22800,25050,,5,,,,,,,,,,,,,,,,,"23,24","NEW extension,Extension SoftBank 601HW BLACK"
1665,10134,748,542,Yes,161,2,カート用延長フラグ,Extension SoftBank 601HW BLACK,1,,,,,,,,*,sk/img001-ex.jpg,*,sk/img001-ex.jpg,,,,,,,,,,,,,,,,,,,,,,,0,1,en_sk_ex_180_bt,,1,,22800,25050,,5,,,,,,,,,,,,,,,,,"23,24","NEW extension,Extension SoftBank 601HW BLACK"
1665,10136,748,543,Yes,162,2,カート用延長フラグ,Extension SoftBank 601HW BLACK,1,,,,,,,,*,sk/img001-ex.jpg,*,sk/img001-ex.jpg,,,,,,,,,,,,,,,,,,,,,,,0,1,en_sk_ex_180_bt,,1,,22800,25050,,5,,,,,,,,,,,,,,,,,"23,24","NEW extension,Extension SoftBank 601HW BLACK"
1665,10138,748,544,Yes,163,2,カート用延長フラグ,Extension SoftBank 601HW BLACK,1,,,,,,,,*,sk/img001-ex.jpg,*,sk/img001-ex.jpg,,,,,,,,,,,,,,,,,,,,,,,0,1,en_sk_ex_180_bt,,1,,22800,25050,,5,,,,,,,,,,,,,,,,,"23,24","NEW extension,Extension SoftBank 601HW BLACK"
1665,10140,748,545,Yes,164,2,カート用延長フラグ,Extension SoftBank 601HW BLACK,1,,,,,,,,*,sk/img001-ex.jpg,*,sk/img001-ex.jpg,,,,,,,,,,,,,,,,,,,,,,,0,1,en_sk_ex_180_bt,,1,,22800,25050,,5,,,,,,,,,,,,,,,,,"23,24","NEW extension,Extension SoftBank 601HW BLACK"
1665,10142,748,546,Yes,165,2,カート用延長フラグ,Extension SoftBank 601HW BLACK,1,,,,,,,,*,sk/img001-ex.jpg,*,sk/img001-ex.jpg,,,,,,,,,,,,,,,,,,,,,,,0,1,en_sk_ex_180_bt,,1,,22800,25050,,5,,,,,,,,,,,,,,,,,"23,24","NEW extension,Extension SoftBank 601HW BLACK"
1665,10144,748,547,Yes,166,2,カート用延長フラグ,Extension SoftBank 601HW BLACK,1,,,,,,,,*,sk/img001-ex.jpg,*,sk/img001-ex.jpg,,,,,,,,,,,,,,,,,,,,,,,0,1,en_sk_ex_180_bt,,1,,22800,25050,,5,,,,,,,,,,,,,,,,,"23,24","NEW extension,Extension SoftBank 601HW BLACK"
1665,10146,748,548,Yes,167,2,カート用延長フラグ,Extension SoftBank 601HW BLACK,1,,,,,,,,*,sk/img001-ex.jpg,*,sk/img001-ex.jpg,,,,,,,,,,,,,,,,,,,,,,,0,1,en_sk_ex_180_bt,,1,,22800,25050,,5,,,,,,,,,,,,,,,,,"23,24","NEW extension,Extension SoftBank 601HW BLACK"
1665,10148,748,549,Yes,168,2,カート用延長フラグ,Extension SoftBank 601HW BLACK,1,,,,,,,,*,sk/img001-ex.jpg,*,sk/img001-ex.jpg,,,,,,,,,,,,,,,,,,,,,,,0,1,en_sk_ex_180_bt,,1,,22800,25050,,5,,,,,,,,,,,,,,,,,"23,24","NEW extension,Extension SoftBank 601HW BLACK"
1665,10150,748,550,Yes,169,2,カート用延長フラグ,Extension SoftBank 601HW BLACK,1,,,,,,,,*,sk/img001-ex.jpg,*,sk/img001-ex.jpg,,,,,,,,,,,,,,,,,,,,,,,0,1,en_sk_ex_180_bt,,1,,22800,25050,,5,,,,,,,,,,,,,,,,,"23,24","NEW extension,Extension SoftBank 601HW BLACK"
1665,10152,748,551,Yes,170,2,カート用延長フラグ,Extension SoftBank 601HW BLACK,1,,,,,,,,*,sk/img001-ex.jpg,*,sk/img001-ex.jpg,,,,,,,,,,,,,,,,,,,,,,,0,1,en_sk_ex_180_bt,,1,,22800,25050,,5,,,,,,,,,,,,,,,,,"23,24","NEW extension,Extension SoftBank 601HW BLACK"
1665,10154,748,552,Yes,171,2,カート用延長フラグ,Extension SoftBank 601HW BLACK,1,,,,,,,,*,sk/img001-ex.jpg,*,sk/img001-ex.jpg,,,,,,,,,,,,,,,,,,,,,,,0,1,en_sk_ex_180_bt,,1,,22800,25050,,5,,,,,,,,,,,,,,,,,"23,24","NEW extension,Extension SoftBank 601HW BLACK"
1665,10156,748,553,Yes,172,2,カート用延長フラグ,Extension SoftBank 601HW BLACK,1,,,,,,,,*,sk/img001-ex.jpg,*,sk/img001-ex.jpg,,,,,,,,,,,,,,,,,,,,,,,0,1,en_sk_ex_180_bt,,1,,22800,25050,,5,,,,,,,,,,,,,,,,,"23,24","NEW extension,Extension SoftBank 601HW BLACK"
1665,10158,748,554,Yes,173,2,カート用延長フラグ,Extension SoftBank 601HW BLACK,1,,,,,,,,*,sk/img001-ex.jpg,*,sk/img001-ex.jpg,,,,,,,,,,,,,,,,,,,,,,,0,1,en_sk_ex_180_bt,,1,,22800,25050,,5,,,,,,,,,,,,,,,,,"23,24","NEW extension,Extension SoftBank 601HW BLACK"
1665,10160,748,555,Yes,174,2,カート用延長フラグ,Extension SoftBank 601HW BLACK,1,,,,,,,,*,sk/img001-ex.jpg,*,sk/img001-ex.jpg,,,,,,,,,,,,,,,,,,,,,,,0,1,en_sk_ex_180_bt,,1,,22800,25050,,5,,,,,,,,,,,,,,,,,"23,24","NEW extension,Extension SoftBank 601HW BLACK"
1665,10162,748,556,Yes,175,2,カート用延長フラグ,Extension SoftBank 601HW BLACK,1,,,,,,,,*,sk/img001-ex.jpg,*,sk/img001-ex.jpg,,,,,,,,,,,,,,,,,,,,,,,0,1,en_sk_ex_180_bt,,1,,22800,25050,,5,,,,,,,,,,,,,,,,,"23,24","NEW extension,Extension SoftBank 601HW BLACK"
1665,10164,748,557,Yes,176,2,カート用延長フラグ,Extension SoftBank 601HW BLACK,1,,,,,,,,*,sk/img001-ex.jpg,*,sk/img001-ex.jpg,,,,,,,,,,,,,,,,,,,,,,,0,1,en_sk_ex_180_bt,,1,,22800,25050,,5,,,,,,,,,,,,,,,,,"23,24","NEW extension,Extension SoftBank 601HW BLACK"
1665,10166,748,558,Yes,177,2,カート用延長フラグ,Extension SoftBank 601HW BLACK,1,,,,,,,,*,sk/img001-ex.jpg,*,sk/img001-ex.jpg,,,,,,,,,,,,,,,,,,,,,,,0,1,en_sk_ex_180_bt,,1,,22800,25050,,5,,,,,,,,,,,,,,,,,"23,24","NEW extension,Extension SoftBank 601HW BLACK"
1665,10168,748,559,Yes,178,2,カート用延長フラグ,Extension SoftBank 601HW BLACK,1,,,,,,,,*,sk/img001-ex.jpg,*,sk/img001-ex.jpg,,,,,,,,,,,,,,,,,,,,,,,0,1,en_sk_ex_180_bt,,1,,22800,25050,,5,,,,,,,,,,,,,,,,,"23,24","NEW extension,Extension SoftBank 601HW BLACK"
1665,10170,748,560,Yes,179,2,カート用延長フラグ,Extension SoftBank 601HW BLACK,1,,,,,,,,*,sk/img001-ex.jpg,*,sk/img001-ex.jpg,,,,,,,,,,,,,,,,,,,,,,,0,1,en_sk_ex_180_bt,,1,,22800,25050,,5,,,,,,,,,,,,,,,,,"23,24","NEW extension,Extension SoftBank 601HW BLACK"
1665,10172,748,561,Yes,180,2,カート用延長フラグ,Extension SoftBank 601HW BLACK,1,,,,,,,,*,sk/img001-ex.jpg,*,sk/img001-ex.jpg,,,,,,,,,,,,,,,,,,,,,,,0,1,en_sk_ex_180_bt,,1,,22800,25050,,5,,,,,,,,,,,,,,,,,"23,24","NEW extension,Extension SoftBank 601HW BLACK"
1665,10174,748,562,Yes,181,2,カート用延長フラグ,Extension SoftBank 601HW BLACK,1,,,,,,,,*,sk/img001-ex.jpg,*,sk/img001-ex.jpg,,,,,,,,,,,,,,,,,,,,,,,0,1,en_sk_ex_181_bt,,1,,23190,25490,,5,,,,,,,,,,,,,,,,,"23,24","NEW extension,Extension SoftBank 601HW BLACK"
1665,10176,748,563,Yes,182,2,カート用延長フラグ,Extension SoftBank 601HW BLACK,1,,,,,,,,*,sk/img001-ex.jpg,*,sk/img001-ex.jpg,,,,,,,,,,,,,,,,,,,,,,,0,1,en_sk_ex_182_bt,,1,,23580,25930,,5,,,,,,,,,,,,,,,,,"23,24","NEW extension,Extension SoftBank 601HW BLACK"
1665,10178,748,564,Yes,183,2,カート用延長フラグ,Extension SoftBank 601HW BLACK,1,,,,,,,,*,sk/img001-ex.jpg,*,sk/img001-ex.jpg,,,,,,,,,,,,,,,,,,,,,,,0,1,en_sk_ex_183_bt,,1,,23970,26370,,5,,,,,,,,,,,,,,,,,"23,24","NEW extension,Extension SoftBank 601HW BLACK"
1665,10180,748,565,Yes,184,2,カート用延長フラグ,Extension SoftBank 601HW BLACK,1,,,,,,,,*,sk/img001-ex.jpg,*,sk/img001-ex.jpg,,,,,,,,,,,,,,,,,,,,,,,0,1,en_sk_ex_184_bt,,1,,24360,26810,,5,,,,,,,,,,,,,,,,,"23,24","NEW extension,Extension SoftBank 601HW BLACK"
1665,10182,748,566,Yes,185,2,カート用延長フラグ,Extension SoftBank 601HW BLACK,1,,,,,,,,*,sk/img001-ex.jpg,*,sk/img001-ex.jpg,,,,,,,,,,,,,,,,,,,,,,,0,1,en_sk_ex_185_bt,,1,,24750,27250,,5,,,,,,,,,,,,,,,,,"23,24","NEW extension,Extension SoftBank 601HW BLACK"
1665,10184,748,567,Yes,186,2,カート用延長フラグ,Extension SoftBank 601HW BLACK,1,,,,,,,,*,sk/img001-ex.jpg,*,sk/img001-ex.jpg,,,,,,,,,,,,,,,,,,,,,,,0,1,en_sk_ex_186_bt,,1,,25140,27690,,5,,,,,,,,,,,,,,,,,"23,24","NEW extension,Extension SoftBank 601HW BLACK"
1665,10186,748,568,Yes,187,2,カート用延長フラグ,Extension SoftBank 601HW BLACK,1,,,,,,,,*,sk/img001-ex.jpg,*,sk/img001-ex.jpg,,,,,,,,,,,,,,,,,,,,,,,0,1,en_sk_ex_187_bt,,1,,25530,28130,,5,,,,,,,,,,,,,,,,,"23,24","NEW extension,Extension SoftBank 601HW BLACK"
1665,10188,748,569,Yes,188,2,カート用延長フラグ,Extension SoftBank 601HW BLACK,1,,,,,,,,*,sk/img001-ex.jpg,*,sk/img001-ex.jpg,,,,,,,,,,,,,,,,,,,,,,,0,1,en_sk_ex_188_bt,,1,,25920,28570,,5,,,,,,,,,,,,,,,,,"23,24","NEW extension,Extension SoftBank 601HW BLACK"
1665,10190,748,570,Yes,189,2,カート用延長フラグ,Extension SoftBank 601HW BLACK,1,,,,,,,,*,sk/img001-ex.jpg,*,sk/img001-ex.jpg,,,,,,,,,,,,,,,,,,,,,,,0,1,en_sk_ex_189_bt,,1,,26310,29010,,5,,,,,,,,,,,,,,,,,"23,24","NEW extension,Extension SoftBank 601HW BLACK"
1665,10192,748,571,Yes,190,2,カート用延長フラグ,Extension SoftBank 601HW BLACK,1,,,,,,,,*,sk/img001-ex.jpg,*,sk/img001-ex.jpg,,,,,,,,,,,,,,,,,,,,,,,0,1,en_sk_ex_190_bt,,1,,26700,29450,,5,,,,,,,,,,,,,,,,,"23,24","NEW extension,Extension SoftBank 601HW BLACK"
1665,10194,748,572,Yes,191,2,カート用延長フラグ,Extension SoftBank 601HW BLACK,1,,,,,,,,*,sk/img001-ex.jpg,*,sk/img001-ex.jpg,,,,,,,,,,,,,,,,,,,,,,,0,1,en_sk_ex_191_bt,,1,,27090,29890,,5,,,,,,,,,,,,,,,,,"23,24","NEW extension,Extension SoftBank 601HW BLACK"
1665,10196,748,573,Yes,192,2,カート用延長フラグ,Extension SoftBank 601HW BLACK,1,,,,,,,,*,sk/img001-ex.jpg,*,sk/img001-ex.jpg,,,,,,,,,,,,,,,,,,,,,,,0,1,en_sk_ex_192_bt,,1,,27480,30330,,5,,,,,,,,,,,,,,,,,"23,24","NEW extension,Extension SoftBank 601HW BLACK"
1665,10198,748,574,Yes,193,2,カート用延長フラグ,Extension SoftBank 601HW BLACK,1,,,,,,,,*,sk/img001-ex.jpg,*,sk/img001-ex.jpg,,,,,,,,,,,,,,,,,,,,,,,0,1,en_sk_ex_193_bt,,1,,27870,30770,,5,,,,,,,,,,,,,,,,,"23,24","NEW extension,Extension SoftBank 601HW BLACK"
1665,10200,748,575,Yes,194,2,カート用延長フラグ,Extension SoftBank 601HW BLACK,1,,,,,,,,*,sk/img001-ex.jpg,*,sk/img001-ex.jpg,,,,,,,,,,,,,,,,,,,,,,,0,1,en_sk_ex_194_bt,,1,,28260,31210,,5,,,,,,,,,,,,,,,,,"23,24","NEW extension,Extension SoftBank 601HW BLACK"
1665,10202,748,576,Yes,195,2,カート用延長フラグ,Extension SoftBank 601HW BLACK,1,,,,,,,,*,sk/img001-ex.jpg,*,sk/img001-ex.jpg,,,,,,,,,,,,,,,,,,,,,,,0,1,en_sk_ex_211_bt,,1,,28650,31650,,5,,,,,,,,,,,,,,,,,"23,24","NEW extension,Extension SoftBank 601HW BLACK"
1665,10204,748,577,Yes,196,2,カート用延長フラグ,Extension SoftBank 601HW BLACK,1,,,,,,,,*,sk/img001-ex.jpg,*,sk/img001-ex.jpg,,,,,,,,,,,,,,,,,,,,,,,0,1,en_sk_ex_211_bt,,1,,28650,31650,,5,,,,,,,,,,,,,,,,,"23,24","NEW extension,Extension SoftBank 601HW BLACK"
1665,10206,748,578,Yes,197,2,カート用延長フラグ,Extension SoftBank 601HW BLACK,1,,,,,,,,*,sk/img001-ex.jpg,*,sk/img001-ex.jpg,,,,,,,,,,,,,,,,,,,,,,,0,1,en_sk_ex_211_bt,,1,,28650,31650,,5,,,,,,,,,,,,,,,,,"23,24","NEW extension,Extension SoftBank 601HW BLACK"
1665,10208,748,579,Yes,198,2,カート用延長フラグ,Extension SoftBank 601HW BLACK,1,,,,,,,,*,sk/img001-ex.jpg,*,sk/img001-ex.jpg,,,,,,,,,,,,,,,,,,,,,,,0,1,en_sk_ex_211_bt,,1,,28650,31650,,5,,,,,,,,,,,,,,,,,"23,24","NEW extension,Extension SoftBank 601HW BLACK"
1665,10210,748,580,Yes,199,2,カート用延長フラグ,Extension SoftBank 601HW BLACK,1,,,,,,,,*,sk/img001-ex.jpg,*,sk/img001-ex.jpg,,,,,,,,,,,,,,,,,,,,,,,0,1,en_sk_ex_211_bt,,1,,28650,31650,,5,,,,,,,,,,,,,,,,,"23,24","NEW extension,Extension SoftBank 601HW BLACK"
1665,10212,748,581,Yes,200,2,カート用延長フラグ,Extension SoftBank 601HW BLACK,1,,,,,,,,*,sk/img001-ex.jpg,*,sk/img001-ex.jpg,,,,,,,,,,,,,,,,,,,,,,,0,1,en_sk_ex_211_bt,,1,,28650,31650,,5,,,,,,,,,,,,,,,,,"23,24","NEW extension,Extension SoftBank 601HW BLACK"
1665,10214,748,582,Yes,201,2,カート用延長フラグ,Extension SoftBank 601HW BLACK,1,,,,,,,,*,sk/img001-ex.jpg,*,sk/img001-ex.jpg,,,,,,,,,,,,,,,,,,,,,,,0,1,en_sk_ex_211_bt,,1,,28650,31650,,5,,,,,,,,,,,,,,,,,"23,24","NEW extension,Extension SoftBank 601HW BLACK"
1665,10216,748,583,Yes,202,2,カート用延長フラグ,Extension SoftBank 601HW BLACK,1,,,,,,,,*,sk/img001-ex.jpg,*,sk/img001-ex.jpg,,,,,,,,,,,,,,,,,,,,,,,0,1,en_sk_ex_211_bt,,1,,28650,31650,,5,,,,,,,,,,,,,,,,,"23,24","NEW extension,Extension SoftBank 601HW BLACK"
1665,10218,748,584,Yes,203,2,カート用延長フラグ,Extension SoftBank 601HW BLACK,1,,,,,,,,*,sk/img001-ex.jpg,*,sk/img001-ex.jpg,,,,,,,,,,,,,,,,,,,,,,,0,1,en_sk_ex_211_bt,,1,,28650,31650,,5,,,,,,,,,,,,,,,,,"23,24","NEW extension,Extension SoftBank 601HW BLACK"
1665,10220,748,585,Yes,204,2,カート用延長フラグ,Extension SoftBank 601HW BLACK,1,,,,,,,,*,sk/img001-ex.jpg,*,sk/img001-ex.jpg,,,,,,,,,,,,,,,,,,,,,,,0,1,en_sk_ex_211_bt,,1,,28650,31650,,5,,,,,,,,,,,,,,,,,"23,24","NEW extension,Extension SoftBank 601HW BLACK"
1665,10222,748,586,Yes,205,2,カート用延長フラグ,Extension SoftBank 601HW BLACK,1,,,,,,,,*,sk/img001-ex.jpg,*,sk/img001-ex.jpg,,,,,,,,,,,,,,,,,,,,,,,0,1,en_sk_ex_211_bt,,1,,28650,31650,,5,,,,,,,,,,,,,,,,,"23,24","NEW extension,Extension SoftBank 601HW BLACK"
1665,10224,748,587,Yes,206,2,カート用延長フラグ,Extension SoftBank 601HW BLACK,1,,,,,,,,*,sk/img001-ex.jpg,*,sk/img001-ex.jpg,,,,,,,,,,,,,,,,,,,,,,,0,1,en_sk_ex_211_bt,,1,,28650,31650,,5,,,,,,,,,,,,,,,,,"23,24","NEW extension,Extension SoftBank 601HW BLACK"
1665,10226,748,588,Yes,207,2,カート用延長フラグ,Extension SoftBank 601HW BLACK,1,,,,,,,,*,sk/img001-ex.jpg,*,sk/img001-ex.jpg,,,,,,,,,,,,,,,,,,,,,,,0,1,en_sk_ex_211_bt,,1,,28650,31650,,5,,,,,,,,,,,,,,,,,"23,24","NEW extension,Extension SoftBank 601HW BLACK"
1665,10228,748,589,Yes,208,2,カート用延長フラグ,Extension SoftBank 601HW BLACK,1,,,,,,,,*,sk/img001-ex.jpg,*,sk/img001-ex.jpg,,,,,,,,,,,,,,,,,,,,,,,0,1,en_sk_ex_211_bt,,1,,28650,31650,,5,,,,,,,,,,,,,,,,,"23,24","NEW extension,Extension SoftBank 601HW BLACK"
1665,10230,748,590,Yes,209,2,カート用延長フラグ,Extension SoftBank 601HW BLACK,1,,,,,,,,*,sk/img001-ex.jpg,*,sk/img001-ex.jpg,,,,,,,,,,,,,,,,,,,,,,,0,1,en_sk_ex_211_bt,,1,,28650,31650,,5,,,,,,,,,,,,,,,,,"23,24","NEW extension,Extension SoftBank 601HW BLACK"
1665,10232,748,591,Yes,210,2,カート用延長フラグ,Extension SoftBank 601HW BLACK,1,,,,,,,,*,sk/img001-ex.jpg,*,sk/img001-ex.jpg,,,,,,,,,,,,,,,,,,,,,,,0,1,en_sk_ex_211_bt,,1,,28650,31650,,5,,,,,,,,,,,,,,,,,"23,24","NEW extension,Extension SoftBank 601HW BLACK"
1665,10234,748,592,Yes,211,2,カート用延長フラグ,Extension SoftBank 601HW BLACK,1,,,,,,,,*,sk/img001-ex.jpg,*,sk/img001-ex.jpg,,,,,,,,,,,,,,,,,,,,,,,0,1,en_sk_ex_211_bt,,1,,28650,31650,,5,,,,,,,,,,,,,,,,,"23,24","NEW extension,Extension SoftBank 601HW BLACK"
1665,10236,748,593,Yes,212,2,カート用延長フラグ,Extension SoftBank 601HW BLACK,1,,,,,,,,*,sk/img001-ex.jpg,*,sk/img001-ex.jpg,,,,,,,,,,,,,,,,,,,,,,,0,1,en_sk_ex_212_bt,,1,,29040,32090,,5,,,,,,,,,,,,,,,,,"23,24","NEW extension,Extension SoftBank 601HW BLACK"
1665,10238,748,594,Yes,213,2,カート用延長フラグ,Extension SoftBank 601HW BLACK,1,,,,,,,,*,sk/img001-ex.jpg,*,sk/img001-ex.jpg,,,,,,,,,,,,,,,,,,,,,,,0,1,en_sk_ex_213_bt,,1,,29430,32530,,5,,,,,,,,,,,,,,,,,"23,24","NEW extension,Extension SoftBank 601HW BLACK"
1665,10240,748,595,Yes,214,2,カート用延長フラグ,Extension SoftBank 601HW BLACK,1,,,,,,,,*,sk/img001-ex.jpg,*,sk/img001-ex.jpg,,,,,,,,,,,,,,,,,,,,,,,0,1,en_sk_ex_214_bt,,1,,29820,32970,,5,,,,,,,,,,,,,,,,,"23,24","NEW extension,Extension SoftBank 601HW BLACK"
1665,10242,748,596,Yes,215,2,カート用延長フラグ,Extension SoftBank 601HW BLACK,1,,,,,,,,*,sk/img001-ex.jpg,*,sk/img001-ex.jpg,,,,,,,,,,,,,,,,,,,,,,,0,1,en_sk_ex_215_bt,,1,,30210,33410,,5,,,,,,,,,,,,,,,,,"23,24","NEW extension,Extension SoftBank 601HW BLACK"
1665,10244,748,597,Yes,216,2,カート用延長フラグ,Extension SoftBank 601HW BLACK,1,,,,,,,,*,sk/img001-ex.jpg,*,sk/img001-ex.jpg,,,,,,,,,,,,,,,,,,,,,,,0,1,en_sk_ex_216_bt,,1,,30600,33850,,5,,,,,,,,,,,,,,,,,"23,24","NEW extension,Extension SoftBank 601HW BLACK"
1665,10246,748,598,Yes,217,2,カート用延長フラグ,Extension SoftBank 601HW BLACK,1,,,,,,,,*,sk/img001-ex.jpg,*,sk/img001-ex.jpg,,,,,,,,,,,,,,,,,,,,,,,0,1,en_sk_ex_217_bt,,1,,30990,34290,,5,,,,,,,,,,,,,,,,,"23,24","NEW extension,Extension SoftBank 601HW BLACK"
1665,10248,748,599,Yes,218,2,カート用延長フラグ,Extension SoftBank 601HW BLACK,1,,,,,,,,*,sk/img001-ex.jpg,*,sk/img001-ex.jpg,,,,,,,,,,,,,,,,,,,,,,,0,1,en_sk_ex_218_bt,,1,,31380,34680,,5,,,,,,,,,,,,,,,,,"23,24","NEW extension,Extension SoftBank 601HW BLACK"
1665,10250,748,600,Yes,219,2,カート用延長フラグ,Extension SoftBank 601HW BLACK,1,,,,,,,,*,sk/img001-ex.jpg,*,sk/img001-ex.jpg,,,,,,,,,,,,,,,,,,,,,,,0,1,en_sk_ex_219_bt,,1,,31770,35070,,5,,,,,,,,,,,,,,,,,"23,24","NEW extension,Extension SoftBank 601HW BLACK"
1665,10252,748,601,Yes,220,2,カート用延長フラグ,Extension SoftBank 601HW BLACK,1,,,,,,,,*,sk/img001-ex.jpg,*,sk/img001-ex.jpg,,,,,,,,,,,,,,,,,,,,,,,0,1,en_sk_ex_220_bt,,1,,32160,35460,,5,,,,,,,,,,,,,,,,,"23,24","NEW extension,Extension SoftBank 601HW BLACK"
1665,10254,748,602,Yes,221,2,カート用延長フラグ,Extension SoftBank 601HW BLACK,1,,,,,,,,*,sk/img001-ex.jpg,*,sk/img001-ex.jpg,,,,,,,,,,,,,,,,,,,,,,,0,1,en_sk_ex_221_bt,,1,,32550,35850,,5,,,,,,,,,,,,,,,,,"23,24","NEW extension,Extension SoftBank 601HW BLACK"
1665,10256,748,603,Yes,222,2,カート用延長フラグ,Extension SoftBank 601HW BLACK,1,,,,,,,,*,sk/img001-ex.jpg,*,sk/img001-ex.jpg,,,,,,,,,,,,,,,,,,,,,,,0,1,en_sk_ex_222_bt,,1,,32940,36240,,5,,,,,,,,,,,,,,,,,"23,24","NEW extension,Extension SoftBank 601HW BLACK"
1665,10258,748,604,Yes,223,2,カート用延長フラグ,Extension SoftBank 601HW BLACK,1,,,,,,,,*,sk/img001-ex.jpg,*,sk/img001-ex.jpg,,,,,,,,,,,,,,,,,,,,,,,0,1,en_sk_ex_241_bt,,1,,33200,36500,,5,,,,,,,,,,,,,,,,,"23,24","NEW extension,Extension SoftBank 601HW BLACK"
1665,10260,748,605,Yes,224,2,カート用延長フラグ,Extension SoftBank 601HW BLACK,1,,,,,,,,*,sk/img001-ex.jpg,*,sk/img001-ex.jpg,,,,,,,,,,,,,,,,,,,,,,,0,1,en_sk_ex_241_bt,,1,,33200,36500,,5,,,,,,,,,,,,,,,,,"23,24","NEW extension,Extension SoftBank 601HW BLACK"
1665,10262,748,606,Yes,225,2,カート用延長フラグ,Extension SoftBank 601HW BLACK,1,,,,,,,,*,sk/img001-ex.jpg,*,sk/img001-ex.jpg,,,,,,,,,,,,,,,,,,,,,,,0,1,en_sk_ex_241_bt,,1,,33200,36500,,5,,,,,,,,,,,,,,,,,"23,24","NEW extension,Extension SoftBank 601HW BLACK"
1665,10264,748,607,Yes,226,2,カート用延長フラグ,Extension SoftBank 601HW BLACK,1,,,,,,,,*,sk/img001-ex.jpg,*,sk/img001-ex.jpg,,,,,,,,,,,,,,,,,,,,,,,0,1,en_sk_ex_241_bt,,1,,33200,36500,,5,,,,,,,,,,,,,,,,,"23,24","NEW extension,Extension SoftBank 601HW BLACK"
1665,10266,748,608,Yes,227,2,カート用延長フラグ,Extension SoftBank 601HW BLACK,1,,,,,,,,*,sk/img001-ex.jpg,*,sk/img001-ex.jpg,,,,,,,,,,,,,,,,,,,,,,,0,1,en_sk_ex_241_bt,,1,,33200,36500,,5,,,,,,,,,,,,,,,,,"23,24","NEW extension,Extension SoftBank 601HW BLACK"
1665,10268,748,609,Yes,228,2,カート用延長フラグ,Extension SoftBank 601HW BLACK,1,,,,,,,,*,sk/img001-ex.jpg,*,sk/img001-ex.jpg,,,,,,,,,,,,,,,,,,,,,,,0,1,en_sk_ex_241_bt,,1,,33200,36500,,5,,,,,,,,,,,,,,,,,"23,24","NEW extension,Extension SoftBank 601HW BLACK"
1665,10270,748,610,Yes,229,2,カート用延長フラグ,Extension SoftBank 601HW BLACK,1,,,,,,,,*,sk/img001-ex.jpg,*,sk/img001-ex.jpg,,,,,,,,,,,,,,,,,,,,,,,0,1,en_sk_ex_241_bt,,1,,33200,36500,,5,,,,,,,,,,,,,,,,,"23,24","NEW extension,Extension SoftBank 601HW BLACK"
1665,10272,748,611,Yes,230,2,カート用延長フラグ,Extension SoftBank 601HW BLACK,1,,,,,,,,*,sk/img001-ex.jpg,*,sk/img001-ex.jpg,,,,,,,,,,,,,,,,,,,,,,,0,1,en_sk_ex_241_bt,,1,,33200,36500,,5,,,,,,,,,,,,,,,,,"23,24","NEW extension,Extension SoftBank 601HW BLACK"
1665,10274,748,612,Yes,231,2,カート用延長フラグ,Extension SoftBank 601HW BLACK,1,,,,,,,,*,sk/img001-ex.jpg,*,sk/img001-ex.jpg,,,,,,,,,,,,,,,,,,,,,,,0,1,en_sk_ex_241_bt,,1,,33200,36500,,5,,,,,,,,,,,,,,,,,"23,24","NEW extension,Extension SoftBank 601HW BLACK"
1665,10276,748,613,Yes,232,2,カート用延長フラグ,Extension SoftBank 601HW BLACK,1,,,,,,,,*,sk/img001-ex.jpg,*,sk/img001-ex.jpg,,,,,,,,,,,,,,,,,,,,,,,0,1,en_sk_ex_241_bt,,1,,33200,36500,,5,,,,,,,,,,,,,,,,,"23,24","NEW extension,Extension SoftBank 601HW BLACK"
1665,10278,748,614,Yes,233,2,カート用延長フラグ,Extension SoftBank 601HW BLACK,1,,,,,,,,*,sk/img001-ex.jpg,*,sk/img001-ex.jpg,,,,,,,,,,,,,,,,,,,,,,,0,1,en_sk_ex_241_bt,,1,,33200,36500,,5,,,,,,,,,,,,,,,,,"23,24","NEW extension,Extension SoftBank 601HW BLACK"
1665,10280,748,615,Yes,234,2,カート用延長フラグ,Extension SoftBank 601HW BLACK,1,,,,,,,,*,sk/img001-ex.jpg,*,sk/img001-ex.jpg,,,,,,,,,,,,,,,,,,,,,,,0,1,en_sk_ex_241_bt,,1,,33200,36500,,5,,,,,,,,,,,,,,,,,"23,24","NEW extension,Extension SoftBank 601HW BLACK"
1665,10282,748,616,Yes,235,2,カート用延長フラグ,Extension SoftBank 601HW BLACK,1,,,,,,,,*,sk/img001-ex.jpg,*,sk/img001-ex.jpg,,,,,,,,,,,,,,,,,,,,,,,0,1,en_sk_ex_241_bt,,1,,33200,36500,,5,,,,,,,,,,,,,,,,,"23,24","NEW extension,Extension SoftBank 601HW BLACK"
1665,10284,748,617,Yes,236,2,カート用延長フラグ,Extension SoftBank 601HW BLACK,1,,,,,,,,*,sk/img001-ex.jpg,*,sk/img001-ex.jpg,,,,,,,,,,,,,,,,,,,,,,,0,1,en_sk_ex_241_bt,,1,,33200,36500,,5,,,,,,,,,,,,,,,,,"23,24","NEW extension,Extension SoftBank 601HW BLACK"
1665,10286,748,618,Yes,237,2,カート用延長フラグ,Extension SoftBank 601HW BLACK,1,,,,,,,,*,sk/img001-ex.jpg,*,sk/img001-ex.jpg,,,,,,,,,,,,,,,,,,,,,,,0,1,en_sk_ex_241_bt,,1,,33200,36500,,5,,,,,,,,,,,,,,,,,"23,24","NEW extension,Extension SoftBank 601HW BLACK"
1665,10288,748,619,Yes,238,2,カート用延長フラグ,Extension SoftBank 601HW BLACK,1,,,,,,,,*,sk/img001-ex.jpg,*,sk/img001-ex.jpg,,,,,,,,,,,,,,,,,,,,,,,0,1,en_sk_ex_241_bt,,1,,33200,36500,,5,,,,,,,,,,,,,,,,,"23,24","NEW extension,Extension SoftBank 601HW BLACK"
1665,10290,748,620,Yes,239,2,カート用延長フラグ,Extension SoftBank 601HW BLACK,1,,,,,,,,*,sk/img001-ex.jpg,*,sk/img001-ex.jpg,,,,,,,,,,,,,,,,,,,,,,,0,1,en_sk_ex_241_bt,,1,,33200,36500,,5,,,,,,,,,,,,,,,,,"23,24","NEW extension,Extension SoftBank 601HW BLACK"
1665,10292,748,621,Yes,240,2,カート用延長フラグ,Extension SoftBank 601HW BLACK,1,,,,,,,,*,sk/img001-ex.jpg,*,sk/img001-ex.jpg,,,,,,,,,,,,,,,,,,,,,,,0,1,en_sk_ex_241_bt,,1,,33200,36500,,5,,,,,,,,,,,,,,,,,"23,24","NEW extension,Extension SoftBank 601HW BLACK"
1665,10294,748,622,Yes,241,2,カート用延長フラグ,Extension SoftBank 601HW BLACK,1,,,,,,,,*,sk/img001-ex.jpg,*,sk/img001-ex.jpg,,,,,,,,,,,,,,,,,,,,,,,0,1,en_sk_ex_241_bt,,1,,33200,36500,,5,,,,,,,,,,,,,,,,,"23,24","NEW extension,Extension SoftBank 601HW BLACK"
1665,10296,748,623,Yes,242,2,カート用延長フラグ,Extension SoftBank 601HW BLACK,1,,,,,,,,*,sk/img001-ex.jpg,*,sk/img001-ex.jpg,,,,,,,,,,,,,,,,,,,,,,,0,1,en_sk_ex_242_bt,,1,,33590,36940,,5,,,,,,,,,,,,,,,,,"23,24","NEW extension,Extension SoftBank 601HW BLACK"
1665,10298,748,624,Yes,243,2,カート用延長フラグ,Extension SoftBank 601HW BLACK,1,,,,,,,,*,sk/img001-ex.jpg,*,sk/img001-ex.jpg,,,,,,,,,,,,,,,,,,,,,,,0,1,en_sk_ex_243_bt,,1,,33980,37380,,5,,,,,,,,,,,,,,,,,"23,24","NEW extension,Extension SoftBank 601HW BLACK"
1665,10300,748,625,Yes,244,2,カート用延長フラグ,Extension SoftBank 601HW BLACK,1,,,,,,,,*,sk/img001-ex.jpg,*,sk/img001-ex.jpg,,,,,,,,,,,,,,,,,,,,,,,0,1,en_sk_ex_245_bt,,1,,34760,38260,,5,,,,,,,,,,,,,,,,,"23,24","NEW extension,Extension SoftBank 601HW BLACK"
1665,10302,748,626,Yes,245,2,カート用延長フラグ,Extension SoftBank 601HW BLACK,1,,,,,,,,*,sk/img001-ex.jpg,*,sk/img001-ex.jpg,,,,,,,,,,,,,,,,,,,,,,,0,1,en_sk_ex_246_bt,,1,,35150,38700,,5,,,,,,,,,,,,,,,,,"23,24","NEW extension,Extension SoftBank 601HW BLACK"
1665,10304,748,627,Yes,246,2,カート用延長フラグ,Extension SoftBank 601HW BLACK,1,,,,,,,,*,sk/img001-ex.jpg,*,sk/img001-ex.jpg,,,,,,,,,,,,,,,,,,,,,,,0,1,en_sk_ex_244_bt,,1,,34370,37820,,5,,,,,,,,,,,,,,,,,"23,24","NEW extension,Extension SoftBank 601HW BLACK"
1665,10306,748,628,Yes,247,2,カート用延長フラグ,Extension SoftBank 601HW BLACK,1,,,,,,,,*,sk/img001-ex.jpg,*,sk/img001-ex.jpg,,,,,,,,,,,,,,,,,,,,,,,0,1,en_sk_ex_247_bt,,1,,35540,39140,,5,,,,,,,,,,,,,,,,,"23,24","NEW extension,Extension SoftBank 601HW BLACK"
1665,10308,748,629,Yes,248,2,カート用延長フラグ,Extension SoftBank 601HW BLACK,1,,,,,,,,*,sk/img001-ex.jpg,*,sk/img001-ex.jpg,,,,,,,,,,,,,,,,,,,,,,,0,1,en_sk_ex_248_bt,,1,,35930,39530,,5,,,,,,,,,,,,,,,,,"23,24","NEW extension,Extension SoftBank 601HW BLACK"
1665,10310,748,630,Yes,249,2,カート用延長フラグ,Extension SoftBank 601HW BLACK,1,,,,,,,,*,sk/img001-ex.jpg,*,sk/img001-ex.jpg,,,,,,,,,,,,,,,,,,,,,,,0,1,en_sk_ex_249_bt,,1,,36320,39920,,5,,,,,,,,,,,,,,,,,"23,24","NEW extension,Extension SoftBank 601HW BLACK"
1665,10312,748,631,Yes,250,2,カート用延長フラグ,Extension SoftBank 601HW BLACK,1,,,,,,,,*,sk/img001-ex.jpg,*,sk/img001-ex.jpg,,,,,,,,,,,,,,,,,,,,,,,0,1,en_sk_ex_250_bt,,1,,36710,40310,,5,,,,,,,,,,,,,,,,,"23,24","NEW extension,Extension SoftBank 601HW BLACK"
1665,10314,748,632,Yes,251,2,カート用延長フラグ,Extension SoftBank 601HW BLACK,1,,,,,,,,*,sk/img001-ex.jpg,*,sk/img001-ex.jpg,,,,,,,,,,,,,,,,,,,,,,,0,1,en_sk_ex_251_bt,,1,,37100,40700,,5,,,,,,,,,,,,,,,,,"23,24","NEW extension,Extension SoftBank 601HW BLACK"
1665,10316,748,633,Yes,252,2,カート用延長フラグ,Extension SoftBank 601HW BLACK,1,,,,,,,,*,sk/img001-ex.jpg,*,sk/img001-ex.jpg,,,,,,,,,,,,,,,,,,,,,,,0,1,en_sk_ex_271_bt,,1,,37400,41000,,5,,,,,,,,,,,,,,,,,"23,24","NEW extension,Extension SoftBank 601HW BLACK"
1665,10318,748,634,Yes,253,2,カート用延長フラグ,Extension SoftBank 601HW BLACK,1,,,,,,,,*,sk/img001-ex.jpg,*,sk/img001-ex.jpg,,,,,,,,,,,,,,,,,,,,,,,0,1,en_sk_ex_271_bt,,1,,37400,41000,,5,,,,,,,,,,,,,,,,,"23,24","NEW extension,Extension SoftBank 601HW BLACK"
1665,10320,748,635,Yes,254,2,カート用延長フラグ,Extension SoftBank 601HW BLACK,1,,,,,,,,*,sk/img001-ex.jpg,*,sk/img001-ex.jpg,,,,,,,,,,,,,,,,,,,,,,,0,1,en_sk_ex_271_bt,,1,,37400,41000,,5,,,,,,,,,,,,,,,,,"23,24","NEW extension,Extension SoftBank 601HW BLACK"
1665,10322,748,636,Yes,255,2,カート用延長フラグ,Extension SoftBank 601HW BLACK,1,,,,,,,,*,sk/img001-ex.jpg,*,sk/img001-ex.jpg,,,,,,,,,,,,,,,,,,,,,,,0,1,en_sk_ex_271_bt,,1,,37400,41000,,5,,,,,,,,,,,,,,,,,"23,24","NEW extension,Extension SoftBank 601HW BLACK"
1665,10324,748,637,Yes,256,2,カート用延長フラグ,Extension SoftBank 601HW BLACK,1,,,,,,,,*,sk/img001-ex.jpg,*,sk/img001-ex.jpg,,,,,,,,,,,,,,,,,,,,,,,0,1,en_sk_ex_271_bt,,1,,37400,41000,,5,,,,,,,,,,,,,,,,,"23,24","NEW extension,Extension SoftBank 601HW BLACK"
1665,10326,748,638,Yes,257,2,カート用延長フラグ,Extension SoftBank 601HW BLACK,1,,,,,,,,*,sk/img001-ex.jpg,*,sk/img001-ex.jpg,,,,,,,,,,,,,,,,,,,,,,,0,1,en_sk_ex_271_bt,,1,,37400,41000,,5,,,,,,,,,,,,,,,,,"23,24","NEW extension,Extension SoftBank 601HW BLACK"
1665,10328,748,639,Yes,258,2,カート用延長フラグ,Extension SoftBank 601HW BLACK,1,,,,,,,,*,sk/img001-ex.jpg,*,sk/img001-ex.jpg,,,,,,,,,,,,,,,,,,,,,,,0,1,en_sk_ex_271_bt,,1,,37400,41000,,5,,,,,,,,,,,,,,,,,"23,24","NEW extension,Extension SoftBank 601HW BLACK"
1665,10330,748,640,Yes,259,2,カート用延長フラグ,Extension SoftBank 601HW BLACK,1,,,,,,,,*,sk/img001-ex.jpg,*,sk/img001-ex.jpg,,,,,,,,,,,,,,,,,,,,,,,0,1,en_sk_ex_271_bt,,1,,37400,41000,,5,,,,,,,,,,,,,,,,,"23,24","NEW extension,Extension SoftBank 601HW BLACK"
1665,10332,748,641,Yes,260,2,カート用延長フラグ,Extension SoftBank 601HW BLACK,1,,,,,,,,*,sk/img001-ex.jpg,*,sk/img001-ex.jpg,,,,,,,,,,,,,,,,,,,,,,,0,1,en_sk_ex_271_bt,,1,,37400,41000,,5,,,,,,,,,,,,,,,,,"23,24","NEW extension,Extension SoftBank 601HW BLACK"
1665,10334,748,642,Yes,261,2,カート用延長フラグ,Extension SoftBank 601HW BLACK,1,,,,,,,,*,sk/img001-ex.jpg,*,sk/img001-ex.jpg,,,,,,,,,,,,,,,,,,,,,,,0,1,en_sk_ex_271_bt,,1,,37400,41000,,5,,,,,,,,,,,,,,,,,"23,24","NEW extension,Extension SoftBank 601HW BLACK"
1665,10336,748,643,Yes,262,2,カート用延長フラグ,Extension SoftBank 601HW BLACK,1,,,,,,,,*,sk/img001-ex.jpg,*,sk/img001-ex.jpg,,,,,,,,,,,,,,,,,,,,,,,0,1,en_sk_ex_271_bt,,1,,37400,41000,,5,,,,,,,,,,,,,,,,,"23,24","NEW extension,Extension SoftBank 601HW BLACK"
1665,10338,748,644,Yes,263,2,カート用延長フラグ,Extension SoftBank 601HW BLACK,1,,,,,,,,*,sk/img001-ex.jpg,*,sk/img001-ex.jpg,,,,,,,,,,,,,,,,,,,,,,,0,1,en_sk_ex_271_bt,,1,,37400,41000,,5,,,,,,,,,,,,,,,,,"23,24","NEW extension,Extension SoftBank 601HW BLACK"
1665,10340,748,645,Yes,264,2,カート用延長フラグ,Extension SoftBank 601HW BLACK,1,,,,,,,,*,sk/img001-ex.jpg,*,sk/img001-ex.jpg,,,,,,,,,,,,,,,,,,,,,,,0,1,en_sk_ex_271_bt,,1,,37400,41000,,5,,,,,,,,,,,,,,,,,"23,24","NEW extension,Extension SoftBank 601HW BLACK"
1665,10342,748,646,Yes,265,2,カート用延長フラグ,Extension SoftBank 601HW BLACK,1,,,,,,,,*,sk/img001-ex.jpg,*,sk/img001-ex.jpg,,,,,,,,,,,,,,,,,,,,,,,0,1,en_sk_ex_271_bt,,1,,37400,41000,,5,,,,,,,,,,,,,,,,,"23,24","NEW extension,Extension SoftBank 601HW BLACK"
1665,10344,748,647,Yes,266,2,カート用延長フラグ,Extension SoftBank 601HW BLACK,1,,,,,,,,*,sk/img001-ex.jpg,*,sk/img001-ex.jpg,,,,,,,,,,,,,,,,,,,,,,,0,1,en_sk_ex_271_bt,,1,,37400,41000,,5,,,,,,,,,,,,,,,,,"23,24","NEW extension,Extension SoftBank 601HW BLACK"
1665,10346,748,648,Yes,267,2,カート用延長フラグ,Extension SoftBank 601HW BLACK,1,,,,,,,,*,sk/img001-ex.jpg,*,sk/img001-ex.jpg,,,,,,,,,,,,,,,,,,,,,,,0,1,en_sk_ex_271_bt,,1,,37400,41000,,5,,,,,,,,,,,,,,,,,"23,24","NEW extension,Extension SoftBank 601HW BLACK"
1665,10348,748,649,Yes,268,2,カート用延長フラグ,Extension SoftBank 601HW BLACK,1,,,,,,,,*,sk/img001-ex.jpg,*,sk/img001-ex.jpg,,,,,,,,,,,,,,,,,,,,,,,0,1,en_sk_ex_271_bt,,1,,37400,41000,,5,,,,,,,,,,,,,,,,,"23,24","NEW extension,Extension SoftBank 601HW BLACK"
1665,10350,748,650,Yes,269,2,カート用延長フラグ,Extension SoftBank 601HW BLACK,1,,,,,,,,*,sk/img001-ex.jpg,*,sk/img001-ex.jpg,,,,,,,,,,,,,,,,,,,,,,,0,1,en_sk_ex_271_bt,,1,,37400,41000,,5,,,,,,,,,,,,,,,,,"23,24","NEW extension,Extension SoftBank 601HW BLACK"
1665,10352,748,651,Yes,270,2,カート用延長フラグ,Extension SoftBank 601HW BLACK,1,,,,,,,,*,sk/img001-ex.jpg,*,sk/img001-ex.jpg,,,,,,,,,,,,,,,,,,,,,,,0,1,en_sk_ex_271_bt,,1,,37400,41000,,5,,,,,,,,,,,,,,,,,"23,24","NEW extension,Extension SoftBank 601HW BLACK"
1665,10354,748,652,Yes,271,2,カート用延長フラグ,Extension SoftBank 601HW BLACK,1,,,,,,,,*,sk/img001-ex.jpg,*,sk/img001-ex.jpg,,,,,,,,,,,,,,,,,,,,,,,0,1,en_sk_ex_271_bt,,1,,37400,41000,,5,,,,,,,,,,,,,,,,,"23,24","NEW extension,Extension SoftBank 601HW BLACK"
1665,10356,748,653,Yes,272,2,カート用延長フラグ,Extension SoftBank 601HW BLACK,1,,,,,,,,*,sk/img001-ex.jpg,*,sk/img001-ex.jpg,,,,,,,,,,,,,,,,,,,,,,,0,1,en_sk_ex_272_bt,,1,,37790,41440,,5,,,,,,,,,,,,,,,,,"23,24","NEW extension,Extension SoftBank 601HW BLACK"
1665,10358,748,654,Yes,273,2,カート用延長フラグ,Extension SoftBank 601HW BLACK,1,,,,,,,,*,sk/img001-ex.jpg,*,sk/img001-ex.jpg,,,,,,,,,,,,,,,,,,,,,,,0,1,en_sk_ex_273_bt,,1,,38180,41880,,5,,,,,,,,,,,,,,,,,"23,24","NEW extension,Extension SoftBank 601HW BLACK"
1665,10360,748,655,Yes,274,2,カート用延長フラグ,Extension SoftBank 601HW BLACK,1,,,,,,,,*,sk/img001-ex.jpg,*,sk/img001-ex.jpg,,,,,,,,,,,,,,,,,,,,,,,0,1,en_sk_ex_274_bt,,1,,38570,42320,,5,,,,,,,,,,,,,,,,,"23,24","NEW extension,Extension SoftBank 601HW BLACK"
1665,10362,748,656,Yes,275,2,カート用延長フラグ,Extension SoftBank 601HW BLACK,1,,,,,,,,*,sk/img001-ex.jpg,*,sk/img001-ex.jpg,,,,,,,,,,,,,,,,,,,,,,,0,1,en_sk_ex_275_bt,,1,,38960,42760,,5,,,,,,,,,,,,,,,,,"23,24","NEW extension,Extension SoftBank 601HW BLACK"
1665,10364,748,657,Yes,276,2,カート用延長フラグ,Extension SoftBank 601HW BLACK,1,,,,,,,,*,sk/img001-ex.jpg,*,sk/img001-ex.jpg,,,,,,,,,,,,,,,,,,,,,,,0,1,en_sk_ex_276_bt,,1,,39350,43200,,5,,,,,,,,,,,,,,,,,"23,24","NEW extension,Extension SoftBank 601HW BLACK"
1665,10366,748,658,Yes,277,2,カート用延長フラグ,Extension SoftBank 601HW BLACK,1,,,,,,,,*,sk/img001-ex.jpg,*,sk/img001-ex.jpg,,,,,,,,,,,,,,,,,,,,,,,0,1,en_sk_ex_277_bt,,1,,39740,43640,,5,,,,,,,,,,,,,,,,,"23,24","NEW extension,Extension SoftBank 601HW BLACK"
1665,10368,748,659,Yes,278,2,カート用延長フラグ,Extension SoftBank 601HW BLACK,1,,,,,,,,*,sk/img001-ex.jpg,*,sk/img001-ex.jpg,,,,,,,,,,,,,,,,,,,,,,,0,1,en_sk_ex_278_bt,,1,,40130,44030,,5,,,,,,,,,,,,,,,,,"23,24","NEW extension,Extension SoftBank 601HW BLACK"
1665,10370,748,660,Yes,279,2,カート用延長フラグ,Extension SoftBank 601HW BLACK,1,,,,,,,,*,sk/img001-ex.jpg,*,sk/img001-ex.jpg,,,,,,,,,,,,,,,,,,,,,,,0,1,en_sk_ex_279_bt,,1,,40520,44420,,5,,,,,,,,,,,,,,,,,"23,24","NEW extension,Extension SoftBank 601HW BLACK"
1665,10372,748,661,Yes,280,2,カート用延長フラグ,Extension SoftBank 601HW BLACK,1,,,,,,,,*,sk/img001-ex.jpg,*,sk/img001-ex.jpg,,,,,,,,,,,,,,,,,,,,,,,0,1,en_sk_ex_280_bt,,1,,40910,44810,,5,,,,,,,,,,,,,,,,,"23,24","NEW extension,Extension SoftBank 601HW BLACK"
1665,10374,748,662,Yes,281,2,カート用延長フラグ,Extension SoftBank 601HW BLACK,1,,,,,,,,*,sk/img001-ex.jpg,*,sk/img001-ex.jpg,,,,,,,,,,,,,,,,,,,,,,,0,1,en_sk_ex_281_bt,,1,,41300,45200,,5,,,,,,,,,,,,,,,,,"23,24","NEW extension,Extension SoftBank 601HW BLACK"
1665,10376,748,663,Yes,282,2,カート用延長フラグ,Extension SoftBank 601HW BLACK,1,,,,,,,,*,sk/img001-ex.jpg,*,sk/img001-ex.jpg,,,,,,,,,,,,,,,,,,,,,,,0,1,en_sk_ex_301_bt,,1,,41600,45500,,5,,,,,,,,,,,,,,,,,"23,24","NEW extension,Extension SoftBank 601HW BLACK"
1665,10378,748,664,Yes,283,2,カート用延長フラグ,Extension SoftBank 601HW BLACK,1,,,,,,,,*,sk/img001-ex.jpg,*,sk/img001-ex.jpg,,,,,,,,,,,,,,,,,,,,,,,0,1,en_sk_ex_301_bt,,1,,41600,45500,,5,,,,,,,,,,,,,,,,,"23,24","NEW extension,Extension SoftBank 601HW BLACK"
1665,10380,748,665,Yes,284,2,カート用延長フラグ,Extension SoftBank 601HW BLACK,1,,,,,,,,*,sk/img001-ex.jpg,*,sk/img001-ex.jpg,,,,,,,,,,,,,,,,,,,,,,,0,1,en_sk_ex_301_bt,,1,,41600,45500,,5,,,,,,,,,,,,,,,,,"23,24","NEW extension,Extension SoftBank 601HW BLACK"
1665,10382,748,666,Yes,285,2,カート用延長フラグ,Extension SoftBank 601HW BLACK,1,,,,,,,,*,sk/img001-ex.jpg,*,sk/img001-ex.jpg,,,,,,,,,,,,,,,,,,,,,,,0,1,en_sk_ex_301_bt,,1,,41600,45500,,5,,,,,,,,,,,,,,,,,"23,24","NEW extension,Extension SoftBank 601HW BLACK"
1665,10384,748,667,Yes,286,2,カート用延長フラグ,Extension SoftBank 601HW BLACK,1,,,,,,,,*,sk/img001-ex.jpg,*,sk/img001-ex.jpg,,,,,,,,,,,,,,,,,,,,,,,0,1,en_sk_ex_301_bt,,1,,41600,45500,,5,,,,,,,,,,,,,,,,,"23,24","NEW extension,Extension SoftBank 601HW BLACK"
1665,10386,748,668,Yes,287,2,カート用延長フラグ,Extension SoftBank 601HW BLACK,1,,,,,,,,*,sk/img001-ex.jpg,*,sk/img001-ex.jpg,,,,,,,,,,,,,,,,,,,,,,,0,1,en_sk_ex_301_bt,,1,,41600,45500,,5,,,,,,,,,,,,,,,,,"23,24","NEW extension,Extension SoftBank 601HW BLACK"
1665,10388,748,669,Yes,288,2,カート用延長フラグ,Extension SoftBank 601HW BLACK,1,,,,,,,,*,sk/img001-ex.jpg,*,sk/img001-ex.jpg,,,,,,,,,,,,,,,,,,,,,,,0,1,en_sk_ex_301_bt,,1,,41600,45500,,5,,,,,,,,,,,,,,,,,"23,24","NEW extension,Extension SoftBank 601HW BLACK"
1665,10390,748,670,Yes,289,2,カート用延長フラグ,Extension SoftBank 601HW BLACK,1,,,,,,,,*,sk/img001-ex.jpg,*,sk/img001-ex.jpg,,,,,,,,,,,,,,,,,,,,,,,0,1,en_sk_ex_301_bt,,1,,41600,45500,,5,,,,,,,,,,,,,,,,,"23,24","NEW extension,Extension SoftBank 601HW BLACK"
1665,10392,748,671,Yes,290,2,カート用延長フラグ,Extension SoftBank 601HW BLACK,1,,,,,,,,*,sk/img001-ex.jpg,*,sk/img001-ex.jpg,,,,,,,,,,,,,,,,,,,,,,,0,1,en_sk_ex_301_bt,,1,,41600,45500,,5,,,,,,,,,,,,,,,,,"23,24","NEW extension,Extension SoftBank 601HW BLACK"
1665,10394,748,672,Yes,291,2,カート用延長フラグ,Extension SoftBank 601HW BLACK,1,,,,,,,,*,sk/img001-ex.jpg,*,sk/img001-ex.jpg,,,,,,,,,,,,,,,,,,,,,,,0,1,en_sk_ex_301_bt,,1,,41600,45500,,5,,,,,,,,,,,,,,,,,"23,24","NEW extension,Extension SoftBank 601HW BLACK"
1665,10396,748,673,Yes,292,2,カート用延長フラグ,Extension SoftBank 601HW BLACK,1,,,,,,,,*,sk/img001-ex.jpg,*,sk/img001-ex.jpg,,,,,,,,,,,,,,,,,,,,,,,0,1,en_sk_ex_301_bt,,1,,41600,45500,,5,,,,,,,,,,,,,,,,,"23,24","NEW extension,Extension SoftBank 601HW BLACK"
1665,10398,748,674,Yes,293,2,カート用延長フラグ,Extension SoftBank 601HW BLACK,1,,,,,,,,*,sk/img001-ex.jpg,*,sk/img001-ex.jpg,,,,,,,,,,,,,,,,,,,,,,,0,1,en_sk_ex_301_bt,,1,,41600,45500,,5,,,,,,,,,,,,,,,,,"23,24","NEW extension,Extension SoftBank 601HW BLACK"
1665,10400,748,675,Yes,294,2,カート用延長フラグ,Extension SoftBank 601HW BLACK,1,,,,,,,,*,sk/img001-ex.jpg,*,sk/img001-ex.jpg,,,,,,,,,,,,,,,,,,,,,,,0,1,en_sk_ex_301_bt,,1,,41600,45500,,5,,,,,,,,,,,,,,,,,"23,24","NEW extension,Extension SoftBank 601HW BLACK"
1665,10402,748,676,Yes,295,2,カート用延長フラグ,Extension SoftBank 601HW BLACK,1,,,,,,,,*,sk/img001-ex.jpg,*,sk/img001-ex.jpg,,,,,,,,,,,,,,,,,,,,,,,0,1,en_sk_ex_301_bt,,1,,41600,45500,,5,,,,,,,,,,,,,,,,,"23,24","NEW extension,Extension SoftBank 601HW BLACK"
1665,10404,748,677,Yes,296,2,カート用延長フラグ,Extension SoftBank 601HW BLACK,1,,,,,,,,*,sk/img001-ex.jpg,*,sk/img001-ex.jpg,,,,,,,,,,,,,,,,,,,,,,,0,1,en_sk_ex_301_bt,,1,,41600,45500,,5,,,,,,,,,,,,,,,,,"23,24","NEW extension,Extension SoftBank 601HW BLACK"
1665,10406,748,678,Yes,297,2,カート用延長フラグ,Extension SoftBank 601HW BLACK,1,,,,,,,,*,sk/img001-ex.jpg,*,sk/img001-ex.jpg,,,,,,,,,,,,,,,,,,,,,,,0,1,en_sk_ex_301_bt,,1,,41600,45500,,5,,,,,,,,,,,,,,,,,"23,24","NEW extension,Extension SoftBank 601HW BLACK"
1665,10408,748,679,Yes,298,2,カート用延長フラグ,Extension SoftBank 601HW BLACK,1,,,,,,,,*,sk/img001-ex.jpg,*,sk/img001-ex.jpg,,,,,,,,,,,,,,,,,,,,,,,0,1,en_sk_ex_301_bt,,1,,41600,45500,,5,,,,,,,,,,,,,,,,,"23,24","NEW extension,Extension SoftBank 601HW BLACK"
1665,10410,748,680,Yes,299,2,カート用延長フラグ,Extension SoftBank 601HW BLACK,1,,,,,,,,*,sk/img001-ex.jpg,*,sk/img001-ex.jpg,,,,,,,,,,,,,,,,,,,,,,,0,1,en_sk_ex_301_bt,,1,,41600,45500,,5,,,,,,,,,,,,,,,,,"23,24","NEW extension,Extension SoftBank 601HW BLACK"
1665,10412,748,681,Yes,300,2,カート用延長フラグ,Extension SoftBank 601HW BLACK,1,,,,,,,,*,sk/img001-ex.jpg,*,sk/img001-ex.jpg,,,,,,,,,,,,,,,,,,,,,,,0,1,en_sk_ex_301_bt,,1,,41600,45500,,5,,,,,,,,,,,,,,,,,"23,24","NEW extension,Extension SoftBank 601HW BLACK"
1665,10414,748,682,Yes,301,2,カート用延長フラグ,Extension SoftBank 601HW BLACK,1,,,,,,,,*,sk/img001-ex.jpg,*,sk/img001-ex.jpg,,,,,,,,,,,,,,,,,,,,,,,0,1,en_sk_ex_301_bt,,1,,41600,45500,,5,,,,,,,,,,,,,,,,,"23,24","NEW extension,Extension SoftBank 601HW BLACK"
1665,10416,748,683,Yes,302,2,カート用延長フラグ,Extension SoftBank 601HW BLACK,1,,,,,,,,*,sk/img001-ex.jpg,*,sk/img001-ex.jpg,,,,,,,,,,,,,,,,,,,,,,,0,1,en_sk_ex_302_bt,,1,,41990,45940,,5,,,,,,,,,,,,,,,,,"23,24","NEW extension,Extension SoftBank 601HW BLACK"
1665,10418,748,684,Yes,303,2,カート用延長フラグ,Extension SoftBank 601HW BLACK,1,,,,,,,,*,sk/img001-ex.jpg,*,sk/img001-ex.jpg,,,,,,,,,,,,,,,,,,,,,,,0,1,en_sk_ex_303_bt,,1,,42380,46380,,5,,,,,,,,,,,,,,,,,"23,24","NEW extension,Extension SoftBank 601HW BLACK"
1665,10420,748,685,Yes,304,2,カート用延長フラグ,Extension SoftBank 601HW BLACK,1,,,,,,,,*,sk/img001-ex.jpg,*,sk/img001-ex.jpg,,,,,,,,,,,,,,,,,,,,,,,0,1,en_sk_ex_304_bt,,1,,42770,46820,,5,,,,,,,,,,,,,,,,,"23,24","NEW extension,Extension SoftBank 601HW BLACK"
1665,10422,748,686,Yes,305,2,カート用延長フラグ,Extension SoftBank 601HW BLACK,1,,,,,,,,*,sk/img001-ex.jpg,*,sk/img001-ex.jpg,,,,,,,,,,,,,,,,,,,,,,,0,1,en_sk_ex_305_bt,,1,,43160,47260,,5,,,,,,,,,,,,,,,,,"23,24","NEW extension,Extension SoftBank 601HW BLACK"
1665,10424,748,687,Yes,306,2,カート用延長フラグ,Extension SoftBank 601HW BLACK,1,,,,,,,,*,sk/img001-ex.jpg,*,sk/img001-ex.jpg,,,,,,,,,,,,,,,,,,,,,,,0,1,en_sk_ex_306_bt,,1,,43550,47700,,5,,,,,,,,,,,,,,,,,"23,24","NEW extension,Extension SoftBank 601HW BLACK"
1665,10426,748,688,Yes,307,2,カート用延長フラグ,Extension SoftBank 601HW BLACK,1,,,,,,,,*,sk/img001-ex.jpg,*,sk/img001-ex.jpg,,,,,,,,,,,,,,,,,,,,,,,0,1,en_sk_ex_331_bt,,1,,43600,47800,,5,,,,,,,,,,,,,,,,,"23,24","NEW extension,Extension SoftBank 601HW BLACK"
1665,10428,748,689,Yes,308,2,カート用延長フラグ,Extension SoftBank 601HW BLACK,1,,,,,,,,*,sk/img001-ex.jpg,*,sk/img001-ex.jpg,,,,,,,,,,,,,,,,,,,,,,,0,1,en_sk_ex_331_bt,,1,,43600,47800,,5,,,,,,,,,,,,,,,,,"23,24","NEW extension,Extension SoftBank 601HW BLACK"
1665,10430,748,690,Yes,309,2,カート用延長フラグ,Extension SoftBank 601HW BLACK,1,,,,,,,,*,sk/img001-ex.jpg,*,sk/img001-ex.jpg,,,,,,,,,,,,,,,,,,,,,,,0,1,en_sk_ex_331_bt,,1,,43600,47800,,5,,,,,,,,,,,,,,,,,"23,24","NEW extension,Extension SoftBank 601HW BLACK"
1665,10432,748,691,Yes,310,2,カート用延長フラグ,Extension SoftBank 601HW BLACK,1,,,,,,,,*,sk/img001-ex.jpg,*,sk/img001-ex.jpg,,,,,,,,,,,,,,,,,,,,,,,0,1,en_sk_ex_331_bt,,1,,43600,47800,,5,,,,,,,,,,,,,,,,,"23,24","NEW extension,Extension SoftBank 601HW BLACK"
1665,10434,748,692,Yes,311,2,カート用延長フラグ,Extension SoftBank 601HW BLACK,1,,,,,,,,*,sk/img001-ex.jpg,*,sk/img001-ex.jpg,,,,,,,,,,,,,,,,,,,,,,,0,1,en_sk_ex_331_bt,,1,,43600,47800,,5,,,,,,,,,,,,,,,,,"23,24","NEW extension,Extension SoftBank 601HW BLACK"
1665,10436,748,693,Yes,312,2,カート用延長フラグ,Extension SoftBank 601HW BLACK,1,,,,,,,,*,sk/img001-ex.jpg,*,sk/img001-ex.jpg,,,,,,,,,,,,,,,,,,,,,,,0,1,en_sk_ex_331_bt,,1,,43600,47800,,5,,,,,,,,,,,,,,,,,"23,24","NEW extension,Extension SoftBank 601HW BLACK"
1665,10438,748,694,Yes,313,2,カート用延長フラグ,Extension SoftBank 601HW BLACK,1,,,,,,,,*,sk/img001-ex.jpg,*,sk/img001-ex.jpg,,,,,,,,,,,,,,,,,,,,,,,0,1,en_sk_ex_331_bt,,1,,43600,47800,,5,,,,,,,,,,,,,,,,,"23,24","NEW extension,Extension SoftBank 601HW BLACK"
1665,10440,748,695,Yes,314,2,カート用延長フラグ,Extension SoftBank 601HW BLACK,1,,,,,,,,*,sk/img001-ex.jpg,*,sk/img001-ex.jpg,,,,,,,,,,,,,,,,,,,,,,,0,1,en_sk_ex_331_bt,,1,,43600,47800,,5,,,,,,,,,,,,,,,,,"23,24","NEW extension,Extension SoftBank 601HW BLACK"
1665,10442,748,696,Yes,315,2,カート用延長フラグ,Extension SoftBank 601HW BLACK,1,,,,,,,,*,sk/img001-ex.jpg,*,sk/img001-ex.jpg,,,,,,,,,,,,,,,,,,,,,,,0,1,en_sk_ex_331_bt,,1,,43600,47800,,5,,,,,,,,,,,,,,,,,"23,24","NEW extension,Extension SoftBank 601HW BLACK"
1665,10444,748,697,Yes,316,2,カート用延長フラグ,Extension SoftBank 601HW BLACK,1,,,,,,,,*,sk/img001-ex.jpg,*,sk/img001-ex.jpg,,,,,,,,,,,,,,,,,,,,,,,0,1,en_sk_ex_331_bt,,1,,43600,47800,,5,,,,,,,,,,,,,,,,,"23,24","NEW extension,Extension SoftBank 601HW BLACK"
1665,10446,748,698,Yes,317,2,カート用延長フラグ,Extension SoftBank 601HW BLACK,1,,,,,,,,*,sk/img001-ex.jpg,*,sk/img001-ex.jpg,,,,,,,,,,,,,,,,,,,,,,,0,1,en_sk_ex_331_bt,,1,,43600,47800,,5,,,,,,,,,,,,,,,,,"23,24","NEW extension,Extension SoftBank 601HW BLACK"
1665,10448,748,699,Yes,318,2,カート用延長フラグ,Extension SoftBank 601HW BLACK,1,,,,,,,,*,sk/img001-ex.jpg,*,sk/img001-ex.jpg,,,,,,,,,,,,,,,,,,,,,,,0,1,en_sk_ex_331_bt,,1,,43600,47800,,5,,,,,,,,,,,,,,,,,"23,24","NEW extension,Extension SoftBank 601HW BLACK"
1665,10450,748,700,Yes,319,2,カート用延長フラグ,Extension SoftBank 601HW BLACK,1,,,,,,,,*,sk/img001-ex.jpg,*,sk/img001-ex.jpg,,,,,,,,,,,,,,,,,,,,,,,0,1,en_sk_ex_331_bt,,1,,43600,47800,,5,,,,,,,,,,,,,,,,,"23,24","NEW extension,Extension SoftBank 601HW BLACK"
1665,10452,748,701,Yes,320,2,カート用延長フラグ,Extension SoftBank 601HW BLACK,1,,,,,,,,*,sk/img001-ex.jpg,*,sk/img001-ex.jpg,,,,,,,,,,,,,,,,,,,,,,,0,1,en_sk_ex_331_bt,,1,,43600,47800,,5,,,,,,,,,,,,,,,,,"23,24","NEW extension,Extension SoftBank 601HW BLACK"
1665,10454,748,702,Yes,321,2,カート用延長フラグ,Extension SoftBank 601HW BLACK,1,,,,,,,,*,sk/img001-ex.jpg,*,sk/img001-ex.jpg,,,,,,,,,,,,,,,,,,,,,,,0,1,en_sk_ex_331_bt,,1,,43600,47800,,5,,,,,,,,,,,,,,,,,"23,24","NEW extension,Extension SoftBank 601HW BLACK"
1665,10456,748,703,Yes,322,2,カート用延長フラグ,Extension SoftBank 601HW BLACK,1,,,,,,,,*,sk/img001-ex.jpg,*,sk/img001-ex.jpg,,,,,,,,,,,,,,,,,,,,,,,0,1,en_sk_ex_331_bt,,1,,43600,47800,,5,,,,,,,,,,,,,,,,,"23,24","NEW extension,Extension SoftBank 601HW BLACK"
1665,10458,748,704,Yes,323,2,カート用延長フラグ,Extension SoftBank 601HW BLACK,1,,,,,,,,*,sk/img001-ex.jpg,*,sk/img001-ex.jpg,,,,,,,,,,,,,,,,,,,,,,,0,1,en_sk_ex_331_bt,,1,,43600,47800,,5,,,,,,,,,,,,,,,,,"23,24","NEW extension,Extension SoftBank 601HW BLACK"
1665,10460,748,705,Yes,324,2,カート用延長フラグ,Extension SoftBank 601HW BLACK,1,,,,,,,,*,sk/img001-ex.jpg,*,sk/img001-ex.jpg,,,,,,,,,,,,,,,,,,,,,,,0,1,en_sk_ex_331_bt,,1,,43600,47800,,5,,,,,,,,,,,,,,,,,"23,24","NEW extension,Extension SoftBank 601HW BLACK"
1665,10462,748,706,Yes,325,2,カート用延長フラグ,Extension SoftBank 601HW BLACK,1,,,,,,,,*,sk/img001-ex.jpg,*,sk/img001-ex.jpg,,,,,,,,,,,,,,,,,,,,,,,0,1,en_sk_ex_331_bt,,1,,43600,47800,,5,,,,,,,,,,,,,,,,,"23,24","NEW extension,Extension SoftBank 601HW BLACK"
1665,10464,748,707,Yes,326,2,カート用延長フラグ,Extension SoftBank 601HW BLACK,1,,,,,,,,*,sk/img001-ex.jpg,*,sk/img001-ex.jpg,,,,,,,,,,,,,,,,,,,,,,,0,1,en_sk_ex_331_bt,,1,,43600,47800,,5,,,,,,,,,,,,,,,,,"23,24","NEW extension,Extension SoftBank 601HW BLACK"
1665,10466,748,708,Yes,327,2,カート用延長フラグ,Extension SoftBank 601HW BLACK,1,,,,,,,,*,sk/img001-ex.jpg,*,sk/img001-ex.jpg,,,,,,,,,,,,,,,,,,,,,,,0,1,en_sk_ex_331_bt,,1,,43600,47800,,5,,,,,,,,,,,,,,,,,"23,24","NEW extension,Extension SoftBank 601HW BLACK"
1665,10468,748,709,Yes,328,2,カート用延長フラグ,Extension SoftBank 601HW BLACK,1,,,,,,,,*,sk/img001-ex.jpg,*,sk/img001-ex.jpg,,,,,,,,,,,,,,,,,,,,,,,0,1,en_sk_ex_331_bt,,1,,43600,47800,,5,,,,,,,,,,,,,,,,,"23,24","NEW extension,Extension SoftBank 601HW BLACK"
1665,10470,748,710,Yes,329,2,カート用延長フラグ,Extension SoftBank 601HW BLACK,1,,,,,,,,*,sk/img001-ex.jpg,*,sk/img001-ex.jpg,,,,,,,,,,,,,,,,,,,,,,,0,1,en_sk_ex_331_bt,,1,,43600,47800,,5,,,,,,,,,,,,,,,,,"23,24","NEW extension,Extension SoftBank 601HW BLACK"
1665,10472,748,711,Yes,330,2,カート用延長フラグ,Extension SoftBank 601HW BLACK,1,,,,,,,,*,sk/img001-ex.jpg,*,sk/img001-ex.jpg,,,,,,,,,,,,,,,,,,,,,,,0,1,en_sk_ex_331_bt,,1,,43600,47800,,5,,,,,,,,,,,,,,,,,"23,24","NEW extension,Extension SoftBank 601HW BLACK"
1665,10474,748,712,Yes,331,2,カート用延長フラグ,Extension SoftBank 601HW BLACK,1,,,,,,,,*,sk/img001-ex.jpg,*,sk/img001-ex.jpg,,,,,,,,,,,,,,,,,,,,,,,0,1,en_sk_ex_331_bt,,1,,43600,47800,,5,,,,,,,,,,,,,,,,,"23,24","NEW extension,Extension SoftBank 601HW BLACK"
1665,10476,748,713,Yes,332,2,カート用延長フラグ,Extension SoftBank 601HW BLACK,1,,,,,,,,*,sk/img001-ex.jpg,*,sk/img001-ex.jpg,,,,,,,,,,,,,,,,,,,,,,,0,1,en_sk_ex_332_bt,,1,,43990,48240,,5,,,,,,,,,,,,,,,,,"23,24","NEW extension,Extension SoftBank 601HW BLACK"
1665,10478,748,714,Yes,333,2,カート用延長フラグ,Extension SoftBank 601HW BLACK,1,,,,,,,,*,sk/img001-ex.jpg,*,sk/img001-ex.jpg,,,,,,,,,,,,,,,,,,,,,,,0,1,en_sk_ex_333_bt,,1,,44380,48680,,5,,,,,,,,,,,,,,,,,"23,24","NEW extension,Extension SoftBank 601HW BLACK"
1665,10480,748,715,Yes,334,2,カート用延長フラグ,Extension SoftBank 601HW BLACK,1,,,,,,,,*,sk/img001-ex.jpg,*,sk/img001-ex.jpg,,,,,,,,,,,,,,,,,,,,,,,0,1,en_sk_ex_334_bt,,1,,44770,49120,,5,,,,,,,,,,,,,,,,,"23,24","NEW extension,Extension SoftBank 601HW BLACK"
1665,10482,748,717,Yes,335,2,カート用延長フラグ,Extension SoftBank 601HW BLACK,1,,,,,,,,*,sk/img001-ex.jpg,*,sk/img001-ex.jpg,,,,,,,,,,,,,,,,,,,,,,,0,1,en_sk_ex_335_bt,,1,,45160,49560,,5,,,,,,,,,,,,,,,,,"23,24","NEW extension,Extension SoftBank 601HW BLACK"
1665,10484,748,718,Yes,336,2,カート用延長フラグ,Extension SoftBank 601HW BLACK,1,,,,,,,,*,sk/img001-ex.jpg,*,sk/img001-ex.jpg,,,,,,,,,,,,,,,,,,,,,,,0,1,en_sk_ex_336_bt,,1,,45550,50000,,5,,,,,,,,,,,,,,,,,"23,24","NEW extension,Extension SoftBank 601HW BLACK"
1665,10486,748,719,Yes,337,2,カート用延長フラグ,Extension SoftBank 601HW BLACK,1,,,,,,,,*,sk/img001-ex.jpg,*,sk/img001-ex.jpg,,,,,,,,,,,,,,,,,,,,,,,0,1,en_sk_ex_361_bt,,1,,45600,50100,,5,,,,,,,,,,,,,,,,,"23,24","NEW extension,Extension SoftBank 601HW BLACK"
1665,10488,748,720,Yes,338,2,カート用延長フラグ,Extension SoftBank 601HW BLACK,1,,,,,,,,*,sk/img001-ex.jpg,*,sk/img001-ex.jpg,,,,,,,,,,,,,,,,,,,,,,,0,1,en_sk_ex_361_bt,,1,,45600,50100,,5,,,,,,,,,,,,,,,,,"23,24","NEW extension,Extension SoftBank 601HW BLACK"
1665,10490,748,721,Yes,339,2,カート用延長フラグ,Extension SoftBank 601HW BLACK,1,,,,,,,,*,sk/img001-ex.jpg,*,sk/img001-ex.jpg,,,,,,,,,,,,,,,,,,,,,,,0,1,en_sk_ex_361_bt,,1,,45600,50100,,5,,,,,,,,,,,,,,,,,"23,24","NEW extension,Extension SoftBank 601HW BLACK"
1665,10492,748,722,Yes,340,2,カート用延長フラグ,Extension SoftBank 601HW BLACK,1,,,,,,,,*,sk/img001-ex.jpg,*,sk/img001-ex.jpg,,,,,,,,,,,,,,,,,,,,,,,0,1,en_sk_ex_361_bt,,1,,45600,50100,,5,,,,,,,,,,,,,,,,,"23,24","NEW extension,Extension SoftBank 601HW BLACK"
1665,10494,748,723,Yes,341,2,カート用延長フラグ,Extension SoftBank 601HW BLACK,1,,,,,,,,*,sk/img001-ex.jpg,*,sk/img001-ex.jpg,,,,,,,,,,,,,,,,,,,,,,,0,1,en_sk_ex_361_bt,,1,,45600,50100,,5,,,,,,,,,,,,,,,,,"23,24","NEW extension,Extension SoftBank 601HW BLACK"
1665,10496,748,724,Yes,342,2,カート用延長フラグ,Extension SoftBank 601HW BLACK,1,,,,,,,,*,sk/img001-ex.jpg,*,sk/img001-ex.jpg,,,,,,,,,,,,,,,,,,,,,,,0,1,en_sk_ex_361_bt,,1,,45600,50100,,5,,,,,,,,,,,,,,,,,"23,24","NEW extension,Extension SoftBank 601HW BLACK"
1665,10498,748,725,Yes,343,2,カート用延長フラグ,Extension SoftBank 601HW BLACK,1,,,,,,,,*,sk/img001-ex.jpg,*,sk/img001-ex.jpg,,,,,,,,,,,,,,,,,,,,,,,0,1,en_sk_ex_361_bt,,1,,45600,50100,,5,,,,,,,,,,,,,,,,,"23,24","NEW extension,Extension SoftBank 601HW BLACK"
1665,10500,748,726,Yes,344,2,カート用延長フラグ,Extension SoftBank 601HW BLACK,1,,,,,,,,*,sk/img001-ex.jpg,*,sk/img001-ex.jpg,,,,,,,,,,,,,,,,,,,,,,,0,1,en_sk_ex_361_bt,,1,,45600,50100,,5,,,,,,,,,,,,,,,,,"23,24","NEW extension,Extension SoftBank 601HW BLACK"
1665,10502,748,727,Yes,345,2,カート用延長フラグ,Extension SoftBank 601HW BLACK,1,,,,,,,,*,sk/img001-ex.jpg,*,sk/img001-ex.jpg,,,,,,,,,,,,,,,,,,,,,,,0,1,en_sk_ex_361_bt,,1,,45600,50100,,5,,,,,,,,,,,,,,,,,"23,24","NEW extension,Extension SoftBank 601HW BLACK"
1665,10504,748,728,Yes,346,2,カート用延長フラグ,Extension SoftBank 601HW BLACK,1,,,,,,,,*,sk/img001-ex.jpg,*,sk/img001-ex.jpg,,,,,,,,,,,,,,,,,,,,,,,0,1,en_sk_ex_361_bt,,1,,45600,50100,,5,,,,,,,,,,,,,,,,,"23,24","NEW extension,Extension SoftBank 601HW BLACK"
1665,10506,748,729,Yes,347,2,カート用延長フラグ,Extension SoftBank 601HW BLACK,1,,,,,,,,*,sk/img001-ex.jpg,*,sk/img001-ex.jpg,,,,,,,,,,,,,,,,,,,,,,,0,1,en_sk_ex_361_bt,,1,,45600,50100,,5,,,,,,,,,,,,,,,,,"23,24","NEW extension,Extension SoftBank 601HW BLACK"
1665,10508,748,730,Yes,348,2,カート用延長フラグ,Extension SoftBank 601HW BLACK,1,,,,,,,,*,sk/img001-ex.jpg,*,sk/img001-ex.jpg,,,,,,,,,,,,,,,,,,,,,,,0,1,en_sk_ex_361_bt,,1,,45600,50100,,5,,,,,,,,,,,,,,,,,"23,24","NEW extension,Extension SoftBank 601HW BLACK"
1665,10510,748,731,Yes,349,2,カート用延長フラグ,Extension SoftBank 601HW BLACK,1,,,,,,,,*,sk/img001-ex.jpg,*,sk/img001-ex.jpg,,,,,,,,,,,,,,,,,,,,,,,0,1,en_sk_ex_361_bt,,1,,45600,50100,,5,,,,,,,,,,,,,,,,,"23,24","NEW extension,Extension SoftBank 601HW BLACK"
1665,10512,748,732,Yes,350,2,カート用延長フラグ,Extension SoftBank 601HW BLACK,1,,,,,,,,*,sk/img001-ex.jpg,*,sk/img001-ex.jpg,,,,,,,,,,,,,,,,,,,,,,,0,1,en_sk_ex_361_bt,,1,,45600,50100,,5,,,,,,,,,,,,,,,,,"23,24","NEW extension,Extension SoftBank 601HW BLACK"
1665,10514,748,733,Yes,351,2,カート用延長フラグ,Extension SoftBank 601HW BLACK,1,,,,,,,,*,sk/img001-ex.jpg,*,sk/img001-ex.jpg,,,,,,,,,,,,,,,,,,,,,,,0,1,en_sk_ex_361_bt,,1,,45600,50100,,5,,,,,,,,,,,,,,,,,"23,24","NEW extension,Extension SoftBank 601HW BLACK"
1665,10516,748,734,Yes,352,2,カート用延長フラグ,Extension SoftBank 601HW BLACK,1,,,,,,,,*,sk/img001-ex.jpg,*,sk/img001-ex.jpg,,,,,,,,,,,,,,,,,,,,,,,0,1,en_sk_ex_361_bt,,1,,45600,50100,,5,,,,,,,,,,,,,,,,,"23,24","NEW extension,Extension SoftBank 601HW BLACK"
1665,10518,748,735,Yes,353,2,カート用延長フラグ,Extension SoftBank 601HW BLACK,1,,,,,,,,*,sk/img001-ex.jpg,*,sk/img001-ex.jpg,,,,,,,,,,,,,,,,,,,,,,,0,1,en_sk_ex_361_bt,,1,,45600,50100,,5,,,,,,,,,,,,,,,,,"23,24","NEW extension,Extension SoftBank 601HW BLACK"
1665,10520,748,736,Yes,354,2,カート用延長フラグ,Extension SoftBank 601HW BLACK,1,,,,,,,,*,sk/img001-ex.jpg,*,sk/img001-ex.jpg,,,,,,,,,,,,,,,,,,,,,,,0,1,en_sk_ex_361_bt,,1,,45600,50100,,5,,,,,,,,,,,,,,,,,"23,24","NEW extension,Extension SoftBank 601HW BLACK"
1665,10522,748,737,Yes,355,2,カート用延長フラグ,Extension SoftBank 601HW BLACK,1,,,,,,,,*,sk/img001-ex.jpg,*,sk/img001-ex.jpg,,,,,,,,,,,,,,,,,,,,,,,0,1,en_sk_ex_361_bt,,1,,45600,50100,,5,,,,,,,,,,,,,,,,,"23,24","NEW extension,Extension SoftBank 601HW BLACK"
1665,10524,748,738,Yes,356,2,カート用延長フラグ,Extension SoftBank 601HW BLACK,1,,,,,,,,*,sk/img001-ex.jpg,*,sk/img001-ex.jpg,,,,,,,,,,,,,,,,,,,,,,,0,1,en_sk_ex_361_bt,,1,,45600,50100,,5,,,,,,,,,,,,,,,,,"23,24","NEW extension,Extension SoftBank 601HW BLACK"
1665,10526,748,739,Yes,357,2,カート用延長フラグ,Extension SoftBank 601HW BLACK,1,,,,,,,,*,sk/img001-ex.jpg,*,sk/img001-ex.jpg,,,,,,,,,,,,,,,,,,,,,,,0,1,en_sk_ex_361_bt,,1,,45600,50100,,5,,,,,,,,,,,,,,,,,"23,24","NEW extension,Extension SoftBank 601HW BLACK"
1665,10528,748,740,Yes,358,2,カート用延長フラグ,Extension SoftBank 601HW BLACK,1,,,,,,,,*,sk/img001-ex.jpg,*,sk/img001-ex.jpg,,,,,,,,,,,,,,,,,,,,,,,0,1,en_sk_ex_361_bt,,1,,45600,50100,,5,,,,,,,,,,,,,,,,,"23,24","NEW extension,Extension SoftBank 601HW BLACK"
1665,10530,748,741,Yes,359,2,カート用延長フラグ,Extension SoftBank 601HW BLACK,1,,,,,,,,*,sk/img001-ex.jpg,*,sk/img001-ex.jpg,,,,,,,,,,,,,,,,,,,,,,,0,1,en_sk_ex_361_bt,,1,,45600,50100,,5,,,,,,,,,,,,,,,,,"23,24","NEW extension,Extension SoftBank 601HW BLACK"
1665,10532,748,742,Yes,360,2,カート用延長フラグ,Extension SoftBank 601HW BLACK,1,,,,,,,,*,sk/img001-ex.jpg,*,sk/img001-ex.jpg,,,,,,,,,,,,,,,,,,,,,,,0,1,en_sk_ex_361_bt,,1,,45600,50100,,5,,,,,,,,,,,,,,,,,"23,24","NEW extension,Extension SoftBank 601HW BLACK"
1665,10534,748,743,Yes,361,2,カート用延長フラグ,Extension SoftBank 601HW BLACK,1,,,,,,,,*,sk/img001-ex.jpg,*,sk/img001-ex.jpg,,,,,,,,,,,,,,,,,,,,,,,0,1,en_sk_ex_361_bt,,1,,45600,50100,,5,,,,,,,,,,,,,,,,,"23,24","NEW extension,Extension SoftBank 601HW BLACK"
1665,10536,748,744,Yes,362,2,カート用延長フラグ,Extension SoftBank 601HW BLACK,1,,,,,,,,*,sk/img001-ex.jpg,*,sk/img001-ex.jpg,,,,,,,,,,,,,,,,,,,,,,,0,1,en_sk_ex_362_bt,,1,,45990,50540,,5,,,,,,,,,,,,,,,,,"23,24","NEW extension,Extension SoftBank 601HW BLACK"
1665,10538,748,745,Yes,363,2,カート用延長フラグ,Extension SoftBank 601HW BLACK,1,,,,,,,,*,sk/img001-ex.jpg,*,sk/img001-ex.jpg,,,,,,,,,,,,,,,,,,,,,,,0,1,en_sk_ex_363_bt,,1,,46380,50980,,5,,,,,,,,,,,,,,,,,"23,24","NEW extension,Extension SoftBank 601HW BLACK"
1665,10540,748,746,Yes,364,2,カート用延長フラグ,Extension SoftBank 601HW BLACK,1,,,,,,,,*,sk/img001-ex.jpg,*,sk/img001-ex.jpg,,,,,,,,,,,,,,,,,,,,,,,0,1,en_sk_ex_364_bt,,1,,46770,51420,,5,,,,,,,,,,,,,,,,,"23,24","NEW extension,Extension SoftBank 601HW BLACK"
1669,12732,748,381,Yes,0,2,カート用延長フラグ,Extension SoftBank 303ZT,1,,,,,,,,*,303zt/img001-ex.jpg,*,303zt/img001-ex.jpg,,,,,,,,,,,,,,,,,,,,,,,0,1,en_sb_ex_000_bt,,1,,490,540,,5,,,,,,,,,,,,,,,,,"23,29","NEW extension,Extension SoftBank 303ZT"
1669,12734,748,382,Yes,1,2,カート用延長フラグ,Extension SoftBank 303ZT,1,,,,,,,,*,303zt/img001-ex.jpg,*,303zt/img001-ex.jpg,,,,,,,,,,,,,,,,,,,,,,,0,1,en_sb_ex_001_bt,,1,,980,1080,,5,,,,,,,,,,,,,,,,,"23,29","NEW extension,Extension SoftBank 303ZT"
1669,12736,748,383,Yes,2,2,カート用延長フラグ,Extension SoftBank 303ZT,1,,,,,,,,*,303zt/img001-ex.jpg,*,303zt/img001-ex.jpg,,,,,,,,,,,,,,,,,,,,,,,0,1,en_sb_ex_002_bt,,1,,1470,1620,,5,,,,,,,,,,,,,,,,,"23,29","NEW extension,Extension SoftBank 303ZT"
1669,12738,748,384,Yes,3,2,カート用延長フラグ,Extension SoftBank 303ZT,1,,,,,,,,*,303zt/img001-ex.jpg,*,303zt/img001-ex.jpg,,,,,,,,,,,,,,,,,,,,,,,0,1,en_sb_ex_003_bt,,1,,1960,2160,,5,,,,,,,,,,,,,,,,,"23,29","NEW extension,Extension SoftBank 303ZT"
1669,12740,748,385,Yes,4,2,カート用延長フラグ,Extension SoftBank 303ZT,1,,,,,,,,*,303zt/img001-ex.jpg,*,303zt/img001-ex.jpg,,,,,,,,,,,,,,,,,,,,,,,0,1,en_sb_ex_004_bt,,1,,2450,2700,,5,,,,,,,,,,,,,,,,,"23,29","NEW extension,Extension SoftBank 303ZT"
1669,12742,748,386,Yes,5,2,カート用延長フラグ,Extension SoftBank 303ZT,1,,,,,,,,*,303zt/img001-ex.jpg,*,303zt/img001-ex.jpg,,,,,,,,,,,,,,,,,,,,,,,0,1,en_sb_ex_005_bt,,1,,2940,3240,,5,,,,,,,,,,,,,,,,,"23,29","NEW extension,Extension SoftBank 303ZT"
1669,12744,748,387,Yes,6,2,カート用延長フラグ,Extension SoftBank 303ZT,1,,,,,,,,*,303zt/img001-ex.jpg,*,303zt/img001-ex.jpg,,,,,,,,,,,,,,,,,,,,,,,0,1,en_sb_ex_006_bt,,1,,3430,3780,,5,,,,,,,,,,,,,,,,,"23,29","NEW extension,Extension SoftBank 303ZT"
1669,12746,748,388,Yes,7,2,カート用延長フラグ,Extension SoftBank 303ZT,1,,,,,,,,*,303zt/img001-ex.jpg,*,303zt/img001-ex.jpg,,,,,,,,,,,,,,,,,,,,,,,0,1,en_sb_ex_007_bt,,1,,3920,4320,,5,,,,,,,,,,,,,,,,,"23,29","NEW extension,Extension SoftBank 303ZT"
1669,12748,748,389,Yes,8,2,カート用延長フラグ,Extension SoftBank 303ZT,1,,,,,,,,*,303zt/img001-ex.jpg,*,303zt/img001-ex.jpg,,,,,,,,,,,,,,,,,,,,,,,0,1,en_sb_ex_008_bt,,1,,4410,4860,,5,,,,,,,,,,,,,,,,,"23,29","NEW extension,Extension SoftBank 303ZT"
1669,12750,748,390,Yes,9,2,カート用延長フラグ,Extension SoftBank 303ZT,1,,,,,,,,*,303zt/img001-ex.jpg,*,303zt/img001-ex.jpg,,,,,,,,,,,,,,,,,,,,,,,0,1,en_sb_ex_009_bt,,1,,4900,5400,,5,,,,,,,,,,,,,,,,,"23,29","NEW extension,Extension SoftBank 303ZT"
1669,12752,748,391,Yes,10,2,カート用延長フラグ,Extension SoftBank 303ZT,1,,,,,,,,*,303zt/img001-ex.jpg,*,303zt/img001-ex.jpg,,,,,,,,,,,,,,,,,,,,,,,0,1,en_sb_ex_010_bt,,1,,5390,5940,,5,,,,,,,,,,,,,,,,,"23,29","NEW extension,Extension SoftBank 303ZT"
1669,12754,748,392,Yes,11,2,カート用延長フラグ,Extension SoftBank 303ZT,1,,,,,,,,*,303zt/img001-ex.jpg,*,303zt/img001-ex.jpg,,,,,,,,,,,,,,,,,,,,,,,0,1,en_sb_ex_011_bt,,1,,5880,6480,,5,,,,,,,,,,,,,,,,,"23,29","NEW extension,Extension SoftBank 303ZT"
1669,12756,748,393,Yes,12,2,カート用延長フラグ,Extension SoftBank 303ZT,1,,,,,,,,*,303zt/img001-ex.jpg,*,303zt/img001-ex.jpg,,,,,,,,,,,,,,,,,,,,,,,0,1,en_sb_ex_012_bt,,1,,6370,7020,,5,,,,,,,,,,,,,,,,,"23,29","NEW extension,Extension SoftBank 303ZT"
1669,12758,748,394,Yes,13,2,カート用延長フラグ,Extension SoftBank 303ZT,1,,,,,,,,*,303zt/img001-ex.jpg,*,303zt/img001-ex.jpg,,,,,,,,,,,,,,,,,,,,,,,0,1,en_sb_ex_013_bt,,1,,6860,7560,,5,,,,,,,,,,,,,,,,,"23,29","NEW extension,Extension SoftBank 303ZT"
1669,12760,748,395,Yes,14,2,カート用延長フラグ,Extension SoftBank 303ZT,1,,,,,,,,*,303zt/img001-ex.jpg,*,303zt/img001-ex.jpg,,,,,,,,,,,,,,,,,,,,,,,0,1,en_sb_ex_014_bt,,1,,7350,8100,,5,,,,,,,,,,,,,,,,,"23,29","NEW extension,Extension SoftBank 303ZT"
1669,12762,748,396,Yes,15,2,カート用延長フラグ,Extension SoftBank 303ZT,1,,,,,,,,*,303zt/img001-ex.jpg,*,303zt/img001-ex.jpg,,,,,,,,,,,,,,,,,,,,,,,0,1,en_sb_ex_014_bt,,1,,7350,8100,,5,,,,,,,,,,,,,,,,,"23,29","NEW extension,Extension SoftBank 303ZT"
1669,12764,748,397,Yes,16,2,カート用延長フラグ,Extension SoftBank 303ZT,1,,,,,,,,*,303zt/img001-ex.jpg,*,303zt/img001-ex.jpg,,,,,,,,,,,,,,,,,,,,,,,0,1,en_sb_ex_014_bt,,1,,7350,8100,,5,,,,,,,,,,,,,,,,,"23,29","NEW extension,Extension SoftBank 303ZT"
1669,12766,748,398,Yes,17,2,カート用延長フラグ,Extension SoftBank 303ZT,1,,,,,,,,*,303zt/img001-ex.jpg,*,303zt/img001-ex.jpg,,,,,,,,,,,,,,,,,,,,,,,0,1,en_sb_ex_014_bt,,1,,7350,8100,,5,,,,,,,,,,,,,,,,,"23,29","NEW extension,Extension SoftBank 303ZT"
1669,12768,748,399,Yes,18,2,カート用延長フラグ,Extension SoftBank 303ZT,1,,,,,,,,*,303zt/img001-ex.jpg,*,303zt/img001-ex.jpg,,,,,,,,,,,,,,,,,,,,,,,0,1,en_sb_ex_014_bt,,1,,7350,8100,,5,,,,,,,,,,,,,,,,,"23,29","NEW extension,Extension SoftBank 303ZT"
1669,12770,748,400,Yes,19,2,カート用延長フラグ,Extension SoftBank 303ZT,1,,,,,,,,*,303zt/img001-ex.jpg,*,303zt/img001-ex.jpg,,,,,,,,,,,,,,,,,,,,,,,0,1,en_sb_ex_014_bt,,1,,7350,8100,,5,,,,,,,,,,,,,,,,,"23,29","NEW extension,Extension SoftBank 303ZT"
1669,12772,748,401,Yes,20,2,カート用延長フラグ,Extension SoftBank 303ZT,1,,,,,,,,*,303zt/img001-ex.jpg,*,303zt/img001-ex.jpg,,,,,,,,,,,,,,,,,,,,,,,0,1,en_sb_ex_014_bt,,1,,7350,8100,,5,,,,,,,,,,,,,,,,,"23,29","NEW extension,Extension SoftBank 303ZT"
1669,12774,748,402,Yes,21,2,カート用延長フラグ,Extension SoftBank 303ZT,1,,,,,,,,*,303zt/img001-ex.jpg,*,303zt/img001-ex.jpg,,,,,,,,,,,,,,,,,,,,,,,0,1,en_sb_ex_014_bt,,1,,7350,8100,,5,,,,,,,,,,,,,,,,,"23,29","NEW extension,Extension SoftBank 303ZT"
1669,12776,748,403,Yes,22,2,カート用延長フラグ,Extension SoftBank 303ZT,1,,,,,,,,*,303zt/img001-ex.jpg,*,303zt/img001-ex.jpg,,,,,,,,,,,,,,,,,,,,,,,0,1,en_sb_ex_014_bt,,1,,7350,8100,,5,,,,,,,,,,,,,,,,,"23,29","NEW extension,Extension SoftBank 303ZT"
1669,12778,748,404,Yes,23,2,カート用延長フラグ,Extension SoftBank 303ZT,1,,,,,,,,*,303zt/img001-ex.jpg,*,303zt/img001-ex.jpg,,,,,,,,,,,,,,,,,,,,,,,0,1,en_sb_ex_014_bt,,1,,7350,8100,,5,,,,,,,,,,,,,,,,,"23,29","NEW extension,Extension SoftBank 303ZT"
1669,12780,748,405,Yes,24,2,カート用延長フラグ,Extension SoftBank 303ZT,1,,,,,,,,*,303zt/img001-ex.jpg,*,303zt/img001-ex.jpg,,,,,,,,,,,,,,,,,,,,,,,0,1,en_sb_ex_014_bt,,1,,7350,8100,,5,,,,,,,,,,,,,,,,,"23,29","NEW extension,Extension SoftBank 303ZT"
1669,12782,748,406,Yes,25,2,カート用延長フラグ,Extension SoftBank 303ZT,1,,,,,,,,*,303zt/img001-ex.jpg,*,303zt/img001-ex.jpg,,,,,,,,,,,,,,,,,,,,,,,0,1,en_sb_ex_014_bt,,1,,7350,8100,,5,,,,,,,,,,,,,,,,,"23,29","NEW extension,Extension SoftBank 303ZT"
1669,12784,748,407,Yes,26,2,カート用延長フラグ,Extension SoftBank 303ZT,1,,,,,,,,*,303zt/img001-ex.jpg,*,303zt/img001-ex.jpg,,,,,,,,,,,,,,,,,,,,,,,0,1,en_sb_ex_014_bt,,1,,7350,8100,,5,,,,,,,,,,,,,,,,,"23,29","NEW extension,Extension SoftBank 303ZT"
1669,12786,748,408,Yes,27,2,カート用延長フラグ,Extension SoftBank 303ZT,1,,,,,,,,*,303zt/img001-ex.jpg,*,303zt/img001-ex.jpg,,,,,,,,,,,,,,,,,,,,,,,0,1,en_sb_ex_014_bt,,1,,7350,8100,,5,,,,,,,,,,,,,,,,,"23,29","NEW extension,Extension SoftBank 303ZT"
1669,12788,748,409,Yes,28,2,カート用延長フラグ,Extension SoftBank 303ZT,1,,,,,,,,*,303zt/img001-ex.jpg,*,303zt/img001-ex.jpg,,,,,,,,,,,,,,,,,,,,,,,0,1,en_sb_ex_014_bt,,1,,7350,8100,,5,,,,,,,,,,,,,,,,,"23,29","NEW extension,Extension SoftBank 303ZT"
1669,12790,748,410,Yes,29,2,カート用延長フラグ,Extension SoftBank 303ZT,1,,,,,,,,*,303zt/img001-ex.jpg,*,303zt/img001-ex.jpg,,,,,,,,,,,,,,,,,,,,,,,0,1,en_sb_ex_014_bt,,1,,7350,8100,,5,,,,,,,,,,,,,,,,,"23,29","NEW extension,Extension SoftBank 303ZT"
1669,12792,748,411,Yes,30,2,カート用延長フラグ,Extension SoftBank 303ZT,1,,,,,,,,*,303zt/img001-ex.jpg,*,303zt/img001-ex.jpg,,,,,,,,,,,,,,,,,,,,,,,0,1,en_sb_ex_014_bt,,1,,7350,8100,,5,,,,,,,,,,,,,,,,,"23,29","NEW extension,Extension SoftBank 303ZT"
1669,12794,748,412,Yes,31,2,カート用延長フラグ,Extension SoftBank 303ZT,1,,,,,,,,*,303zt/img001-ex.jpg,*,303zt/img001-ex.jpg,,,,,,,,,,,,,,,,,,,,,,,0,1,en_sb_ex_031_bt,,1,,7840,8640,,5,,,,,,,,,,,,,,,,,"23,29","NEW extension,Extension SoftBank 303ZT"
1669,12796,748,413,Yes,32,2,カート用延長フラグ,Extension SoftBank 303ZT,1,,,,,,,,*,303zt/img001-ex.jpg,*,303zt/img001-ex.jpg,,,,,,,,,,,,,,,,,,,,,,,0,1,en_sb_ex_032_bt,,1,,8330,9180,,5,,,,,,,,,,,,,,,,,"23,29","NEW extension,Extension SoftBank 303ZT"
1669,12798,748,414,Yes,33,2,カート用延長フラグ,Extension SoftBank 303ZT,1,,,,,,,,*,303zt/img001-ex.jpg,*,303zt/img001-ex.jpg,,,,,,,,,,,,,,,,,,,,,,,0,1,en_sb_ex_033_bt,,1,,8820,9720,,5,,,,,,,,,,,,,,,,,"23,29","NEW extension,Extension SoftBank 303ZT"
1669,12800,748,415,Yes,34,2,カート用延長フラグ,Extension SoftBank 303ZT,1,,,,,,,,*,303zt/img001-ex.jpg,*,303zt/img001-ex.jpg,,,,,,,,,,,,,,,,,,,,,,,0,1,en_sb_ex_034_bt,,1,,9310,10260,,5,,,,,,,,,,,,,,,,,"23,29","NEW extension,Extension SoftBank 303ZT"
1669,12802,748,416,Yes,35,2,カート用延長フラグ,Extension SoftBank 303ZT,1,,,,,,,,*,303zt/img001-ex.jpg,*,303zt/img001-ex.jpg,,,,,,,,,,,,,,,,,,,,,,,0,1,en_sb_ex_035_bt,,1,,9800,10800,,5,,,,,,,,,,,,,,,,,"23,29","NEW extension,Extension SoftBank 303ZT"
1669,12804,748,417,Yes,36,2,カート用延長フラグ,Extension SoftBank 303ZT,1,,,,,,,,*,303zt/img001-ex.jpg,*,303zt/img001-ex.jpg,,,,,,,,,,,,,,,,,,,,,,,0,1,en_sb_ex_036_bt,,1,,10290,11340,,5,,,,,,,,,,,,,,,,,"23,29","NEW extension,Extension SoftBank 303ZT"
1669,12806,748,418,Yes,37,2,カート用延長フラグ,Extension SoftBank 303ZT,1,,,,,,,,*,303zt/img001-ex.jpg,*,303zt/img001-ex.jpg,,,,,,,,,,,,,,,,,,,,,,,0,1,en_sb_ex_037_bt,,1,,10780,11830,,5,,,,,,,,,,,,,,,,,"23,29","NEW extension,Extension SoftBank 303ZT"
1669,12808,748,419,Yes,38,2,カート用延長フラグ,Extension SoftBank 303ZT,1,,,,,,,,*,303zt/img001-ex.jpg,*,303zt/img001-ex.jpg,,,,,,,,,,,,,,,,,,,,,,,0,1,en_sb_ex_038_bt,,1,,11270,12320,,5,,,,,,,,,,,,,,,,,"23,29","NEW extension,Extension SoftBank 303ZT"
1669,12810,748,420,Yes,39,2,カート用延長フラグ,Extension SoftBank 303ZT,1,,,,,,,,*,303zt/img001-ex.jpg,*,303zt/img001-ex.jpg,,,,,,,,,,,,,,,,,,,,,,,0,1,en_sb_ex_039_bt,,1,,11760,12810,,5,,,,,,,,,,,,,,,,,"23,29","NEW extension,Extension SoftBank 303ZT"
1669,12812,748,421,Yes,40,2,カート用延長フラグ,Extension SoftBank 303ZT,1,,,,,,,,*,303zt/img001-ex.jpg,*,303zt/img001-ex.jpg,,,,,,,,,,,,,,,,,,,,,,,0,1,en_sb_ex_040_bt,,1,,12250,13300,,5,,,,,,,,,,,,,,,,,"23,29","NEW extension,Extension SoftBank 303ZT"
1669,12814,748,422,Yes,41,2,カート用延長フラグ,Extension SoftBank 303ZT,1,,,,,,,,*,303zt/img001-ex.jpg,*,303zt/img001-ex.jpg,,,,,,,,,,,,,,,,,,,,,,,0,1,en_sb_ex_041_bt,,1,,12740,13790,,5,,,,,,,,,,,,,,,,,"23,29","NEW extension,Extension SoftBank 303ZT"
1669,12816,748,423,Yes,42,2,カート用延長フラグ,Extension SoftBank 303ZT,1,,,,,,,,*,303zt/img001-ex.jpg,*,303zt/img001-ex.jpg,,,,,,,,,,,,,,,,,,,,,,,0,1,en_sb_ex_060_bt,,1,,13050,14100,,5,,,,,,,,,,,,,,,,,"23,29","NEW extension,Extension SoftBank 303ZT"
1669,12818,748,424,Yes,43,2,カート用延長フラグ,Extension SoftBank 303ZT,1,,,,,,,,*,303zt/img001-ex.jpg,*,303zt/img001-ex.jpg,,,,,,,,,,,,,,,,,,,,,,,0,1,en_sb_ex_060_bt,,1,,13050,14100,,5,,,,,,,,,,,,,,,,,"23,29","NEW extension,Extension SoftBank 303ZT"
1669,12820,748,425,Yes,44,2,カート用延長フラグ,Extension SoftBank 303ZT,1,,,,,,,,*,303zt/img001-ex.jpg,*,303zt/img001-ex.jpg,,,,,,,,,,,,,,,,,,,,,,,0,1,en_sb_ex_060_bt,,1,,13050,14100,,5,,,,,,,,,,,,,,,,,"23,29","NEW extension,Extension SoftBank 303ZT"
1669,12822,748,426,Yes,45,2,カート用延長フラグ,Extension SoftBank 303ZT,1,,,,,,,,*,303zt/img001-ex.jpg,*,303zt/img001-ex.jpg,,,,,,,,,,,,,,,,,,,,,,,0,1,en_sb_ex_060_bt,,1,,13050,14100,,5,,,,,,,,,,,,,,,,,"23,29","NEW extension,Extension SoftBank 303ZT"
1669,12824,748,427,Yes,46,2,カート用延長フラグ,Extension SoftBank 303ZT,1,,,,,,,,*,303zt/img001-ex.jpg,*,303zt/img001-ex.jpg,,,,,,,,,,,,,,,,,,,,,,,0,1,en_sb_ex_060_bt,,1,,13050,14100,,5,,,,,,,,,,,,,,,,,"23,29","NEW extension,Extension SoftBank 303ZT"
1669,12826,748,428,Yes,47,2,カート用延長フラグ,Extension SoftBank 303ZT,1,,,,,,,,*,303zt/img001-ex.jpg,*,303zt/img001-ex.jpg,,,,,,,,,,,,,,,,,,,,,,,0,1,en_sb_ex_060_bt,,1,,13050,14100,,5,,,,,,,,,,,,,,,,,"23,29","NEW extension,Extension SoftBank 303ZT"
1669,12828,748,429,Yes,48,2,カート用延長フラグ,Extension SoftBank 303ZT,1,,,,,,,,*,303zt/img001-ex.jpg,*,303zt/img001-ex.jpg,,,,,,,,,,,,,,,,,,,,,,,0,1,en_sb_ex_060_bt,,1,,13050,14100,,5,,,,,,,,,,,,,,,,,"23,29","NEW extension,Extension SoftBank 303ZT"
1669,12830,748,430,Yes,49,2,カート用延長フラグ,Extension SoftBank 303ZT,1,,,,,,,,*,303zt/img001-ex.jpg,*,303zt/img001-ex.jpg,,,,,,,,,,,,,,,,,,,,,,,0,1,en_sb_ex_060_bt,,1,,13050,14100,,5,,,,,,,,,,,,,,,,,"23,29","NEW extension,Extension SoftBank 303ZT"
1669,12832,748,431,Yes,50,2,カート用延長フラグ,Extension SoftBank 303ZT,1,,,,,,,,*,303zt/img001-ex.jpg,*,303zt/img001-ex.jpg,,,,,,,,,,,,,,,,,,,,,,,0,1,en_sb_ex_060_bt,,1,,13050,14100,,5,,,,,,,,,,,,,,,,,"23,29","NEW extension,Extension SoftBank 303ZT"
1669,12834,748,432,Yes,51,2,カート用延長フラグ,Extension SoftBank 303ZT,1,,,,,,,,*,303zt/img001-ex.jpg,*,303zt/img001-ex.jpg,,,,,,,,,,,,,,,,,,,,,,,0,1,en_sb_ex_060_bt,,1,,13050,14100,,5,,,,,,,,,,,,,,,,,"23,29","NEW extension,Extension SoftBank 303ZT"
1669,12836,748,433,Yes,52,2,カート用延長フラグ,Extension SoftBank 303ZT,1,,,,,,,,*,303zt/img001-ex.jpg,*,303zt/img001-ex.jpg,,,,,,,,,,,,,,,,,,,,,,,0,1,en_sb_ex_060_bt,,1,,13050,14100,,5,,,,,,,,,,,,,,,,,"23,29","NEW extension,Extension SoftBank 303ZT"
1669,12838,748,434,Yes,53,2,カート用延長フラグ,Extension SoftBank 303ZT,1,,,,,,,,*,303zt/img001-ex.jpg,*,303zt/img001-ex.jpg,,,,,,,,,,,,,,,,,,,,,,,0,1,en_sb_ex_060_bt,,1,,13050,14100,,5,,,,,,,,,,,,,,,,,"23,29","NEW extension,Extension SoftBank 303ZT"
1669,12840,748,435,Yes,54,2,カート用延長フラグ,Extension SoftBank 303ZT,1,,,,,,,,*,303zt/img001-ex.jpg,*,303zt/img001-ex.jpg,,,,,,,,,,,,,,,,,,,,,,,0,1,en_sb_ex_060_bt,,1,,13050,14100,,5,,,,,,,,,,,,,,,,,"23,29","NEW extension,Extension SoftBank 303ZT"
1669,12842,748,436,Yes,55,2,カート用延長フラグ,Extension SoftBank 303ZT,1,,,,,,,,*,303zt/img001-ex.jpg,*,303zt/img001-ex.jpg,,,,,,,,,,,,,,,,,,,,,,,0,1,en_sb_ex_060_bt,,1,,13050,14100,,5,,,,,,,,,,,,,,,,,"23,29","NEW extension,Extension SoftBank 303ZT"
1669,12844,748,437,Yes,56,2,カート用延長フラグ,Extension SoftBank 303ZT,1,,,,,,,,*,303zt/img001-ex.jpg,*,303zt/img001-ex.jpg,,,,,,,,,,,,,,,,,,,,,,,0,1,en_sb_ex_060_bt,,1,,13050,14100,,5,,,,,,,,,,,,,,,,,"23,29","NEW extension,Extension SoftBank 303ZT"
1669,12846,748,438,Yes,57,2,カート用延長フラグ,Extension SoftBank 303ZT,1,,,,,,,,*,303zt/img001-ex.jpg,*,303zt/img001-ex.jpg,,,,,,,,,,,,,,,,,,,,,,,0,1,en_sb_ex_060_bt,,1,,13050,14100,,5,,,,,,,,,,,,,,,,,"23,29","NEW extension,Extension SoftBank 303ZT"
1669,12848,748,439,Yes,58,2,カート用延長フラグ,Extension SoftBank 303ZT,1,,,,,,,,*,303zt/img001-ex.jpg,*,303zt/img001-ex.jpg,,,,,,,,,,,,,,,,,,,,,,,0,1,en_sb_ex_060_bt,,1,,13050,14100,,5,,,,,,,,,,,,,,,,,"23,29","NEW extension,Extension SoftBank 303ZT"
1669,12850,748,440,Yes,59,2,カート用延長フラグ,Extension SoftBank 303ZT,1,,,,,,,,*,303zt/img001-ex.jpg,*,303zt/img001-ex.jpg,,,,,,,,,,,,,,,,,,,,,,,0,1,en_sb_ex_060_bt,,1,,13050,14100,,5,,,,,,,,,,,,,,,,,"23,29","NEW extension,Extension SoftBank 303ZT"
1669,12852,748,441,Yes,60,2,カート用延長フラグ,Extension SoftBank 303ZT,1,,,,,,,,*,303zt/img001-ex.jpg,*,303zt/img001-ex.jpg,,,,,,,,,,,,,,,,,,,,,,,0,1,en_sb_ex_060_bt,,1,,13050,14100,,5,,,,,,,,,,,,,,,,,"23,29","NEW extension,Extension SoftBank 303ZT"
1669,12854,748,442,Yes,61,2,カート用延長フラグ,Extension SoftBank 303ZT,1,,,,,,,,*,303zt/img001-ex.jpg,*,303zt/img001-ex.jpg,,,,,,,,,,,,,,,,,,,,,,,0,1,en_sb_ex_061_bt,,1,,13540,14640,,5,,,,,,,,,,,,,,,,,"23,29","NEW extension,Extension SoftBank 303ZT"
1669,12856,748,443,Yes,62,2,カート用延長フラグ,Extension SoftBank 303ZT,1,,,,,,,,*,303zt/img001-ex.jpg,*,303zt/img001-ex.jpg,,,,,,,,,,,,,,,,,,,,,,,0,1,en_sb_ex_062_bt,,1,,14030,15180,,5,,,,,,,,,,,,,,,,,"23,29","NEW extension,Extension SoftBank 303ZT"
1669,12858,748,444,Yes,63,2,カート用延長フラグ,Extension SoftBank 303ZT,1,,,,,,,,*,303zt/img001-ex.jpg,*,303zt/img001-ex.jpg,,,,,,,,,,,,,,,,,,,,,,,0,1,en_sb_ex_063_bt,,1,,14520,15720,,5,,,,,,,,,,,,,,,,,"23,29","NEW extension,Extension SoftBank 303ZT"
1669,12860,748,445,Yes,64,2,カート用延長フラグ,Extension SoftBank 303ZT,1,,,,,,,,*,303zt/img001-ex.jpg,*,303zt/img001-ex.jpg,,,,,,,,,,,,,,,,,,,,,,,0,1,en_sb_ex_064_bt,,1,,15010,16260,,5,,,,,,,,,,,,,,,,,"23,29","NEW extension,Extension SoftBank 303ZT"
1669,12862,748,446,Yes,65,2,カート用延長フラグ,Extension SoftBank 303ZT,1,,,,,,,,*,303zt/img001-ex.jpg,*,303zt/img001-ex.jpg,,,,,,,,,,,,,,,,,,,,,,,0,1,en_sb_ex_065_bt,,1,,15500,16800,,5,,,,,,,,,,,,,,,,,"23,29","NEW extension,Extension SoftBank 303ZT"
1669,12864,748,447,Yes,66,2,カート用延長フラグ,Extension SoftBank 303ZT,1,,,,,,,,*,303zt/img001-ex.jpg,*,303zt/img001-ex.jpg,,,,,,,,,,,,,,,,,,,,,,,0,1,en_sb_ex_066_bt,,1,,15990,17340,,5,,,,,,,,,,,,,,,,,"23,29","NEW extension,Extension SoftBank 303ZT"
1669,12866,748,448,Yes,67,2,カート用延長フラグ,Extension SoftBank 303ZT,1,,,,,,,,*,303zt/img001-ex.jpg,*,303zt/img001-ex.jpg,,,,,,,,,,,,,,,,,,,,,,,0,1,en_sb_ex_067_bt,,1,,16480,17830,,5,,,,,,,,,,,,,,,,,"23,29","NEW extension,Extension SoftBank 303ZT"
1669,12868,748,449,Yes,68,2,カート用延長フラグ,Extension SoftBank 303ZT,1,,,,,,,,*,303zt/img001-ex.jpg,*,303zt/img001-ex.jpg,,,,,,,,,,,,,,,,,,,,,,,0,1,en_sb_ex_068_bt,,1,,16970,18320,,5,,,,,,,,,,,,,,,,,"23,29","NEW extension,Extension SoftBank 303ZT"
1669,12870,748,450,Yes,69,2,カート用延長フラグ,Extension SoftBank 303ZT,1,,,,,,,,*,303zt/img001-ex.jpg,*,303zt/img001-ex.jpg,,,,,,,,,,,,,,,,,,,,,,,0,1,en_sb_ex_069_bt,,1,,17460,18810,,5,,,,,,,,,,,,,,,,,"23,29","NEW extension,Extension SoftBank 303ZT"
1669,12872,748,451,Yes,70,2,カート用延長フラグ,Extension SoftBank 303ZT,1,,,,,,,,*,303zt/img001-ex.jpg,*,303zt/img001-ex.jpg,,,,,,,,,,,,,,,,,,,,,,,0,1,en_sb_ex_070_bt,,1,,17950,19300,,5,,,,,,,,,,,,,,,,,"23,29","NEW extension,Extension SoftBank 303ZT"
1669,12874,748,452,Yes,71,2,カート用延長フラグ,Extension SoftBank 303ZT,1,,,,,,,,*,303zt/img001-ex.jpg,*,303zt/img001-ex.jpg,,,,,,,,,,,,,,,,,,,,,,,0,1,en_sb_ex_090_bt,,1,,18300,19650,,5,,,,,,,,,,,,,,,,,"23,29","NEW extension,Extension SoftBank 303ZT"
1669,12876,748,453,Yes,72,2,カート用延長フラグ,Extension SoftBank 303ZT,1,,,,,,,,*,303zt/img001-ex.jpg,*,303zt/img001-ex.jpg,,,,,,,,,,,,,,,,,,,,,,,0,1,en_sb_ex_090_bt,,1,,18300,19650,,5,,,,,,,,,,,,,,,,,"23,29","NEW extension,Extension SoftBank 303ZT"
1669,12878,748,454,Yes,73,2,カート用延長フラグ,Extension SoftBank 303ZT,1,,,,,,,,*,303zt/img001-ex.jpg,*,303zt/img001-ex.jpg,,,,,,,,,,,,,,,,,,,,,,,0,1,en_sb_ex_090_bt,,1,,18300,19650,,5,,,,,,,,,,,,,,,,,"23,29","NEW extension,Extension SoftBank 303ZT"
1669,12880,748,455,Yes,74,2,カート用延長フラグ,Extension SoftBank 303ZT,1,,,,,,,,*,303zt/img001-ex.jpg,*,303zt/img001-ex.jpg,,,,,,,,,,,,,,,,,,,,,,,0,1,en_sb_ex_090_bt,,1,,18300,19650,,5,,,,,,,,,,,,,,,,,"23,29","NEW extension,Extension SoftBank 303ZT"
1669,12882,748,456,Yes,75,2,カート用延長フラグ,Extension SoftBank 303ZT,1,,,,,,,,*,303zt/img001-ex.jpg,*,303zt/img001-ex.jpg,,,,,,,,,,,,,,,,,,,,,,,0,1,en_sb_ex_090_bt,,1,,18300,19650,,5,,,,,,,,,,,,,,,,,"23,29","NEW extension,Extension SoftBank 303ZT"
1669,12884,748,457,Yes,76,2,カート用延長フラグ,Extension SoftBank 303ZT,1,,,,,,,,*,303zt/img001-ex.jpg,*,303zt/img001-ex.jpg,,,,,,,,,,,,,,,,,,,,,,,0,1,en_sb_ex_090_bt,,1,,18300,19650,,5,,,,,,,,,,,,,,,,,"23,29","NEW extension,Extension SoftBank 303ZT"
1669,12886,748,458,Yes,77,2,カート用延長フラグ,Extension SoftBank 303ZT,1,,,,,,,,*,303zt/img001-ex.jpg,*,303zt/img001-ex.jpg,,,,,,,,,,,,,,,,,,,,,,,0,1,en_sb_ex_090_bt,,1,,18300,19650,,5,,,,,,,,,,,,,,,,,"23,29","NEW extension,Extension SoftBank 303ZT"
1669,12888,748,459,Yes,78,2,カート用延長フラグ,Extension SoftBank 303ZT,1,,,,,,,,*,303zt/img001-ex.jpg,*,303zt/img001-ex.jpg,,,,,,,,,,,,,,,,,,,,,,,0,1,en_sb_ex_090_bt,,1,,18300,19650,,5,,,,,,,,,,,,,,,,,"23,29","NEW extension,Extension SoftBank 303ZT"
1669,12890,748,460,Yes,79,2,カート用延長フラグ,Extension SoftBank 303ZT,1,,,,,,,,*,303zt/img001-ex.jpg,*,303zt/img001-ex.jpg,,,,,,,,,,,,,,,,,,,,,,,0,1,en_sb_ex_090_bt,,1,,18300,19650,,5,,,,,,,,,,,,,,,,,"23,29","NEW extension,Extension SoftBank 303ZT"
1669,12892,748,461,Yes,80,2,カート用延長フラグ,Extension SoftBank 303ZT,1,,,,,,,,*,303zt/img001-ex.jpg,*,303zt/img001-ex.jpg,,,,,,,,,,,,,,,,,,,,,,,0,1,en_sb_ex_090_bt,,1,,18300,19650,,5,,,,,,,,,,,,,,,,,"23,29","NEW extension,Extension SoftBank 303ZT"
1669,12894,748,462,Yes,81,2,カート用延長フラグ,Extension SoftBank 303ZT,1,,,,,,,,*,303zt/img001-ex.jpg,*,303zt/img001-ex.jpg,,,,,,,,,,,,,,,,,,,,,,,0,1,en_sb_ex_090_bt,,1,,18300,19650,,5,,,,,,,,,,,,,,,,,"23,29","NEW extension,Extension SoftBank 303ZT"
1669,12896,748,463,Yes,82,2,カート用延長フラグ,Extension SoftBank 303ZT,1,,,,,,,,*,303zt/img001-ex.jpg,*,303zt/img001-ex.jpg,,,,,,,,,,,,,,,,,,,,,,,0,1,en_sb_ex_090_bt,,1,,18300,19650,,5,,,,,,,,,,,,,,,,,"23,29","NEW extension,Extension SoftBank 303ZT"
1669,12898,748,464,Yes,83,2,カート用延長フラグ,Extension SoftBank 303ZT,1,,,,,,,,*,303zt/img001-ex.jpg,*,303zt/img001-ex.jpg,,,,,,,,,,,,,,,,,,,,,,,0,1,en_sb_ex_090_bt,,1,,18300,19650,,5,,,,,,,,,,,,,,,,,"23,29","NEW extension,Extension SoftBank 303ZT"
1669,12900,748,465,Yes,84,2,カート用延長フラグ,Extension SoftBank 303ZT,1,,,,,,,,*,303zt/img001-ex.jpg,*,303zt/img001-ex.jpg,,,,,,,,,,,,,,,,,,,,,,,0,1,en_sb_ex_090_bt,,1,,18300,19650,,5,,,,,,,,,,,,,,,,,"23,29","NEW extension,Extension SoftBank 303ZT"
1669,12902,748,466,Yes,85,2,カート用延長フラグ,Extension SoftBank 303ZT,1,,,,,,,,*,303zt/img001-ex.jpg,*,303zt/img001-ex.jpg,,,,,,,,,,,,,,,,,,,,,,,0,1,en_sb_ex_090_bt,,1,,18300,19650,,5,,,,,,,,,,,,,,,,,"23,29","NEW extension,Extension SoftBank 303ZT"
1669,12904,748,467,Yes,86,2,カート用延長フラグ,Extension SoftBank 303ZT,1,,,,,,,,*,303zt/img001-ex.jpg,*,303zt/img001-ex.jpg,,,,,,,,,,,,,,,,,,,,,,,0,1,en_sb_ex_090_bt,,1,,18300,19650,,5,,,,,,,,,,,,,,,,,"23,29","NEW extension,Extension SoftBank 303ZT"
1669,12906,748,468,Yes,87,2,カート用延長フラグ,Extension SoftBank 303ZT,1,,,,,,,,*,303zt/img001-ex.jpg,*,303zt/img001-ex.jpg,,,,,,,,,,,,,,,,,,,,,,,0,1,en_sb_ex_090_bt,,1,,18300,19650,,5,,,,,,,,,,,,,,,,,"23,29","NEW extension,Extension SoftBank 303ZT"
1669,12908,748,469,Yes,88,2,カート用延長フラグ,Extension SoftBank 303ZT,1,,,,,,,,*,303zt/img001-ex.jpg,*,303zt/img001-ex.jpg,,,,,,,,,,,,,,,,,,,,,,,0,1,en_sb_ex_090_bt,,1,,18300,19650,,5,,,,,,,,,,,,,,,,,"23,29","NEW extension,Extension SoftBank 303ZT"
1669,12910,748,470,Yes,89,2,カート用延長フラグ,Extension SoftBank 303ZT,1,,,,,,,,*,303zt/img001-ex.jpg,*,303zt/img001-ex.jpg,,,,,,,,,,,,,,,,,,,,,,,0,1,en_sb_ex_090_bt,,1,,18300,19650,,5,,,,,,,,,,,,,,,,,"23,29","NEW extension,Extension SoftBank 303ZT"
1669,12912,748,471,Yes,90,2,カート用延長フラグ,Extension SoftBank 303ZT,1,,,,,,,,*,303zt/img001-ex.jpg,*,303zt/img001-ex.jpg,,,,,,,,,,,,,,,,,,,,,,,0,1,en_sb_ex_090_bt,,1,,18300,19650,,5,,,,,,,,,,,,,,,,,"23,29","NEW extension,Extension SoftBank 303ZT"
1669,12914,748,472,Yes,91,2,カート用延長フラグ,Extension SoftBank 303ZT,1,,,,,,,,*,303zt/img001-ex.jpg,*,303zt/img001-ex.jpg,,,,,,,,,,,,,,,,,,,,,,,0,1,en_sb_ex_091_bt,,1,,18790,20190,,5,,,,,,,,,,,,,,,,,"23,29","NEW extension,Extension SoftBank 303ZT"
1669,12916,748,473,Yes,92,2,カート用延長フラグ,Extension SoftBank 303ZT,1,,,,,,,,*,303zt/img001-ex.jpg,*,303zt/img001-ex.jpg,,,,,,,,,,,,,,,,,,,,,,,0,1,en_sb_ex_092_bt,,1,,19280,20730,,5,,,,,,,,,,,,,,,,,"23,29","NEW extension,Extension SoftBank 303ZT"
1669,12918,748,474,Yes,93,2,カート用延長フラグ,Extension SoftBank 303ZT,1,,,,,,,,*,303zt/img001-ex.jpg,*,303zt/img001-ex.jpg,,,,,,,,,,,,,,,,,,,,,,,0,1,en_sb_ex_093_bt,,1,,19770,21270,,5,,,,,,,,,,,,,,,,,"23,29","NEW extension,Extension SoftBank 303ZT"
1669,12920,748,475,Yes,94,2,カート用延長フラグ,Extension SoftBank 303ZT,1,,,,,,,,*,303zt/img001-ex.jpg,*,303zt/img001-ex.jpg,,,,,,,,,,,,,,,,,,,,,,,0,1,en_sb_ex_094_bt,,1,,20260,21810,,5,,,,,,,,,,,,,,,,,"23,29","NEW extension,Extension SoftBank 303ZT"
1669,12922,748,476,Yes,95,2,カート用延長フラグ,Extension SoftBank 303ZT,1,,,,,,,,*,303zt/img001-ex.jpg,*,303zt/img001-ex.jpg,,,,,,,,,,,,,,,,,,,,,,,0,1,en_sb_ex_095_bt,,1,,20750,22350,,5,,,,,,,,,,,,,,,,,"23,29","NEW extension,Extension SoftBank 303ZT"
1669,12924,748,477,Yes,96,2,カート用延長フラグ,Extension SoftBank 303ZT,1,,,,,,,,*,303zt/img001-ex.jpg,*,303zt/img001-ex.jpg,,,,,,,,,,,,,,,,,,,,,,,0,1,en_sb_ex_096_bt,,1,,21240,22890,,5,,,,,,,,,,,,,,,,,"23,29","NEW extension,Extension SoftBank 303ZT"
1669,12926,748,478,Yes,97,2,カート用延長フラグ,Extension SoftBank 303ZT,1,,,,,,,,*,303zt/img001-ex.jpg,*,303zt/img001-ex.jpg,,,,,,,,,,,,,,,,,,,,,,,0,1,en_sb_ex_097_bt,,1,,21730,23380,,5,,,,,,,,,,,,,,,,,"23,29","NEW extension,Extension SoftBank 303ZT"
1669,12928,748,479,Yes,98,2,カート用延長フラグ,Extension SoftBank 303ZT,1,,,,,,,,*,303zt/img001-ex.jpg,*,303zt/img001-ex.jpg,,,,,,,,,,,,,,,,,,,,,,,0,1,en_sb_ex_098_bt,,1,,22220,23870,,5,,,,,,,,,,,,,,,,,"23,29","NEW extension,Extension SoftBank 303ZT"
1669,12930,748,480,Yes,99,2,カート用延長フラグ,Extension SoftBank 303ZT,1,,,,,,,,*,303zt/img001-ex.jpg,*,303zt/img001-ex.jpg,,,,,,,,,,,,,,,,,,,,,,,0,1,en_sb_ex_099_bt,,1,,22710,24360,,5,,,,,,,,,,,,,,,,,"23,29","NEW extension,Extension SoftBank 303ZT"
1669,12932,748,481,Yes,100,2,カート用延長フラグ,Extension SoftBank 303ZT,1,,,,,,,,*,303zt/img001-ex.jpg,*,303zt/img001-ex.jpg,,,,,,,,,,,,,,,,,,,,,,,0,1,en_sb_ex_120_bt,,1,,23000,24650,,5,,,,,,,,,,,,,,,,,"23,29","NEW extension,Extension SoftBank 303ZT"
1669,12934,748,482,Yes,101,2,カート用延長フラグ,Extension SoftBank 303ZT,1,,,,,,,,*,303zt/img001-ex.jpg,*,303zt/img001-ex.jpg,,,,,,,,,,,,,,,,,,,,,,,0,1,en_sb_ex_120_bt,,1,,23000,24650,,5,,,,,,,,,,,,,,,,,"23,29","NEW extension,Extension SoftBank 303ZT"
1669,12936,748,483,Yes,102,2,カート用延長フラグ,Extension SoftBank 303ZT,1,,,,,,,,*,303zt/img001-ex.jpg,*,303zt/img001-ex.jpg,,,,,,,,,,,,,,,,,,,,,,,0,1,en_sb_ex_120_bt,,1,,23000,24650,,5,,,,,,,,,,,,,,,,,"23,29","NEW extension,Extension SoftBank 303ZT"
1669,12938,748,484,Yes,103,2,カート用延長フラグ,Extension SoftBank 303ZT,1,,,,,,,,*,303zt/img001-ex.jpg,*,303zt/img001-ex.jpg,,,,,,,,,,,,,,,,,,,,,,,0,1,en_sb_ex_120_bt,,1,,23000,24650,,5,,,,,,,,,,,,,,,,,"23,29","NEW extension,Extension SoftBank 303ZT"
1669,12940,748,485,Yes,104,2,カート用延長フラグ,Extension SoftBank 303ZT,1,,,,,,,,*,303zt/img001-ex.jpg,*,303zt/img001-ex.jpg,,,,,,,,,,,,,,,,,,,,,,,0,1,en_sb_ex_120_bt,,1,,23000,24650,,5,,,,,,,,,,,,,,,,,"23,29","NEW extension,Extension SoftBank 303ZT"
1669,12942,748,486,Yes,105,2,カート用延長フラグ,Extension SoftBank 303ZT,1,,,,,,,,*,303zt/img001-ex.jpg,*,303zt/img001-ex.jpg,,,,,,,,,,,,,,,,,,,,,,,0,1,en_sb_ex_120_bt,,1,,23000,24650,,5,,,,,,,,,,,,,,,,,"23,29","NEW extension,Extension SoftBank 303ZT"
1669,12944,748,487,Yes,106,2,カート用延長フラグ,Extension SoftBank 303ZT,1,,,,,,,,*,303zt/img001-ex.jpg,*,303zt/img001-ex.jpg,,,,,,,,,,,,,,,,,,,,,,,0,1,en_sb_ex_120_bt,,1,,23000,24650,,5,,,,,,,,,,,,,,,,,"23,29","NEW extension,Extension SoftBank 303ZT"
1669,12946,748,488,Yes,107,2,カート用延長フラグ,Extension SoftBank 303ZT,1,,,,,,,,*,303zt/img001-ex.jpg,*,303zt/img001-ex.jpg,,,,,,,,,,,,,,,,,,,,,,,0,1,en_sb_ex_120_bt,,1,,23000,24650,,5,,,,,,,,,,,,,,,,,"23,29","NEW extension,Extension SoftBank 303ZT"
1669,12948,748,489,Yes,108,2,カート用延長フラグ,Extension SoftBank 303ZT,1,,,,,,,,*,303zt/img001-ex.jpg,*,303zt/img001-ex.jpg,,,,,,,,,,,,,,,,,,,,,,,0,1,en_sb_ex_120_bt,,1,,23000,24650,,5,,,,,,,,,,,,,,,,,"23,29","NEW extension,Extension SoftBank 303ZT"
1669,12950,748,490,Yes,109,2,カート用延長フラグ,Extension SoftBank 303ZT,1,,,,,,,,*,303zt/img001-ex.jpg,*,303zt/img001-ex.jpg,,,,,,,,,,,,,,,,,,,,,,,0,1,en_sb_ex_120_bt,,1,,23000,24650,,5,,,,,,,,,,,,,,,,,"23,29","NEW extension,Extension SoftBank 303ZT"
1669,12952,748,491,Yes,110,2,カート用延長フラグ,Extension SoftBank 303ZT,1,,,,,,,,*,303zt/img001-ex.jpg,*,303zt/img001-ex.jpg,,,,,,,,,,,,,,,,,,,,,,,0,1,en_sb_ex_120_bt,,1,,23000,24650,,5,,,,,,,,,,,,,,,,,"23,29","NEW extension,Extension SoftBank 303ZT"
1669,12954,748,492,Yes,111,2,カート用延長フラグ,Extension SoftBank 303ZT,1,,,,,,,,*,303zt/img001-ex.jpg,*,303zt/img001-ex.jpg,,,,,,,,,,,,,,,,,,,,,,,0,1,en_sb_ex_120_bt,,1,,23000,24650,,5,,,,,,,,,,,,,,,,,"23,29","NEW extension,Extension SoftBank 303ZT"
1669,12956,748,493,Yes,112,2,カート用延長フラグ,Extension SoftBank 303ZT,1,,,,,,,,*,303zt/img001-ex.jpg,*,303zt/img001-ex.jpg,,,,,,,,,,,,,,,,,,,,,,,0,1,en_sb_ex_120_bt,,1,,23000,24650,,5,,,,,,,,,,,,,,,,,"23,29","NEW extension,Extension SoftBank 303ZT"
1669,12958,748,494,Yes,113,2,カート用延長フラグ,Extension SoftBank 303ZT,1,,,,,,,,*,303zt/img001-ex.jpg,*,303zt/img001-ex.jpg,,,,,,,,,,,,,,,,,,,,,,,0,1,en_sb_ex_120_bt,,1,,23000,24650,,5,,,,,,,,,,,,,,,,,"23,29","NEW extension,Extension SoftBank 303ZT"
1669,12960,748,495,Yes,114,2,カート用延長フラグ,Extension SoftBank 303ZT,1,,,,,,,,*,303zt/img001-ex.jpg,*,303zt/img001-ex.jpg,,,,,,,,,,,,,,,,,,,,,,,0,1,en_sb_ex_120_bt,,1,,23000,24650,,5,,,,,,,,,,,,,,,,,"23,29","NEW extension,Extension SoftBank 303ZT"
1669,12962,748,496,Yes,115,2,カート用延長フラグ,Extension SoftBank 303ZT,1,,,,,,,,*,303zt/img001-ex.jpg,*,303zt/img001-ex.jpg,,,,,,,,,,,,,,,,,,,,,,,0,1,en_sb_ex_120_bt,,1,,23000,24650,,5,,,,,,,,,,,,,,,,,"23,29","NEW extension,Extension SoftBank 303ZT"
1669,12964,748,497,Yes,116,2,カート用延長フラグ,Extension SoftBank 303ZT,1,,,,,,,,*,303zt/img001-ex.jpg,*,303zt/img001-ex.jpg,,,,,,,,,,,,,,,,,,,,,,,0,1,en_sb_ex_120_bt,,1,,23000,24650,,5,,,,,,,,,,,,,,,,,"23,29","NEW extension,Extension SoftBank 303ZT"
1669,12966,748,498,Yes,117,2,カート用延長フラグ,Extension SoftBank 303ZT,1,,,,,,,,*,303zt/img001-ex.jpg,*,303zt/img001-ex.jpg,,,,,,,,,,,,,,,,,,,,,,,0,1,en_sb_ex_120_bt,,1,,23000,24650,,5,,,,,,,,,,,,,,,,,"23,29","NEW extension,Extension SoftBank 303ZT"
1669,12968,748,499,Yes,118,2,カート用延長フラグ,Extension SoftBank 303ZT,1,,,,,,,,*,303zt/img001-ex.jpg,*,303zt/img001-ex.jpg,,,,,,,,,,,,,,,,,,,,,,,0,1,en_sb_ex_120_bt,,1,,23000,24650,,5,,,,,,,,,,,,,,,,,"23,29","NEW extension,Extension SoftBank 303ZT"
1669,12970,748,500,Yes,119,2,カート用延長フラグ,Extension SoftBank 303ZT,1,,,,,,,,*,303zt/img001-ex.jpg,*,303zt/img001-ex.jpg,,,,,,,,,,,,,,,,,,,,,,,0,1,en_sb_ex_120_bt,,1,,23000,24650,,5,,,,,,,,,,,,,,,,,"23,29","NEW extension,Extension SoftBank 303ZT"
1669,12972,748,501,Yes,120,2,カート用延長フラグ,Extension SoftBank 303ZT,1,,,,,,,,*,303zt/img001-ex.jpg,*,303zt/img001-ex.jpg,,,,,,,,,,,,,,,,,,,,,,,0,1,en_sb_ex_120_bt,,1,,23000,24650,,5,,,,,,,,,,,,,,,,,"23,29","NEW extension,Extension SoftBank 303ZT"
1669,12974,748,502,Yes,121,2,カート用延長フラグ,Extension SoftBank 303ZT,1,,,,,,,,*,303zt/img001-ex.jpg,*,303zt/img001-ex.jpg,,,,,,,,,,,,,,,,,,,,,,,0,1,en_sb_ex_121_bt,,1,,23490,25190,,5,,,,,,,,,,,,,,,,,"23,29","NEW extension,Extension SoftBank 303ZT"
1669,12976,748,503,Yes,122,2,カート用延長フラグ,Extension SoftBank 303ZT,1,,,,,,,,*,303zt/img001-ex.jpg,*,303zt/img001-ex.jpg,,,,,,,,,,,,,,,,,,,,,,,0,1,en_sb_ex_122_bt,,1,,23980,25730,,5,,,,,,,,,,,,,,,,,"23,29","NEW extension,Extension SoftBank 303ZT"
1669,12978,748,504,Yes,123,2,カート用延長フラグ,Extension SoftBank 303ZT,1,,,,,,,,*,303zt/img001-ex.jpg,*,303zt/img001-ex.jpg,,,,,,,,,,,,,,,,,,,,,,,0,1,en_sb_ex_123_bt,,1,,24470,26270,,5,,,,,,,,,,,,,,,,,"23,29","NEW extension,Extension SoftBank 303ZT"
1669,12980,748,505,Yes,124,2,カート用延長フラグ,Extension SoftBank 303ZT,1,,,,,,,,*,303zt/img001-ex.jpg,*,303zt/img001-ex.jpg,,,,,,,,,,,,,,,,,,,,,,,0,1,en_sb_ex_124_bt,,1,,24960,26810,,5,,,,,,,,,,,,,,,,,"23,29","NEW extension,Extension SoftBank 303ZT"
1669,12982,748,506,Yes,125,2,カート用延長フラグ,Extension SoftBank 303ZT,1,,,,,,,,*,303zt/img001-ex.jpg,*,303zt/img001-ex.jpg,,,,,,,,,,,,,,,,,,,,,,,0,1,en_sb_ex_125_bt,,1,,25450,27350,,5,,,,,,,,,,,,,,,,,"23,29","NEW extension,Extension SoftBank 303ZT"
1669,12984,748,507,Yes,126,2,カート用延長フラグ,Extension SoftBank 303ZT,1,,,,,,,,*,303zt/img001-ex.jpg,*,303zt/img001-ex.jpg,,,,,,,,,,,,,,,,,,,,,,,0,1,en_sb_ex_150_bt,,1,,25500,27450,,5,,,,,,,,,,,,,,,,,"23,29","NEW extension,Extension SoftBank 303ZT"
1669,12986,748,508,Yes,127,2,カート用延長フラグ,Extension SoftBank 303ZT,1,,,,,,,,*,303zt/img001-ex.jpg,*,303zt/img001-ex.jpg,,,,,,,,,,,,,,,,,,,,,,,0,1,en_sb_ex_150_bt,,1,,25500,27450,,5,,,,,,,,,,,,,,,,,"23,29","NEW extension,Extension SoftBank 303ZT"
1669,12988,748,509,Yes,128,2,カート用延長フラグ,Extension SoftBank 303ZT,1,,,,,,,,*,303zt/img001-ex.jpg,*,303zt/img001-ex.jpg,,,,,,,,,,,,,,,,,,,,,,,0,1,en_sb_ex_150_bt,,1,,25500,27450,,5,,,,,,,,,,,,,,,,,"23,29","NEW extension,Extension SoftBank 303ZT"
1669,12990,748,510,Yes,129,2,カート用延長フラグ,Extension SoftBank 303ZT,1,,,,,,,,*,303zt/img001-ex.jpg,*,303zt/img001-ex.jpg,,,,,,,,,,,,,,,,,,,,,,,0,1,en_sb_ex_150_bt,,1,,25500,27450,,5,,,,,,,,,,,,,,,,,"23,29","NEW extension,Extension SoftBank 303ZT"
1669,12992,748,511,Yes,130,2,カート用延長フラグ,Extension SoftBank 303ZT,1,,,,,,,,*,303zt/img001-ex.jpg,*,303zt/img001-ex.jpg,,,,,,,,,,,,,,,,,,,,,,,0,1,en_sb_ex_150_bt,,1,,25500,27450,,5,,,,,,,,,,,,,,,,,"23,29","NEW extension,Extension SoftBank 303ZT"
1669,12994,748,512,Yes,131,2,カート用延長フラグ,Extension SoftBank 303ZT,1,,,,,,,,*,303zt/img001-ex.jpg,*,303zt/img001-ex.jpg,,,,,,,,,,,,,,,,,,,,,,,0,1,en_sb_ex_150_bt,,1,,25500,27450,,5,,,,,,,,,,,,,,,,,"23,29","NEW extension,Extension SoftBank 303ZT"
1669,12996,748,513,Yes,132,2,カート用延長フラグ,Extension SoftBank 303ZT,1,,,,,,,,*,303zt/img001-ex.jpg,*,303zt/img001-ex.jpg,,,,,,,,,,,,,,,,,,,,,,,0,1,en_sb_ex_150_bt,,1,,25500,27450,,5,,,,,,,,,,,,,,,,,"23,29","NEW extension,Extension SoftBank 303ZT"
1669,12998,748,514,Yes,133,2,カート用延長フラグ,Extension SoftBank 303ZT,1,,,,,,,,*,303zt/img001-ex.jpg,*,303zt/img001-ex.jpg,,,,,,,,,,,,,,,,,,,,,,,0,1,en_sb_ex_150_bt,,1,,25500,27450,,5,,,,,,,,,,,,,,,,,"23,29","NEW extension,Extension SoftBank 303ZT"
1669,13000,748,515,Yes,134,2,カート用延長フラグ,Extension SoftBank 303ZT,1,,,,,,,,*,303zt/img001-ex.jpg,*,303zt/img001-ex.jpg,,,,,,,,,,,,,,,,,,,,,,,0,1,en_sb_ex_150_bt,,1,,25500,27450,,5,,,,,,,,,,,,,,,,,"23,29","NEW extension,Extension SoftBank 303ZT"
1669,13002,748,516,Yes,135,2,カート用延長フラグ,Extension SoftBank 303ZT,1,,,,,,,,*,303zt/img001-ex.jpg,*,303zt/img001-ex.jpg,,,,,,,,,,,,,,,,,,,,,,,0,1,en_sb_ex_150_bt,,1,,25500,27450,,5,,,,,,,,,,,,,,,,,"23,29","NEW extension,Extension SoftBank 303ZT"
1669,13004,748,517,Yes,136,2,カート用延長フラグ,Extension SoftBank 303ZT,1,,,,,,,,*,303zt/img001-ex.jpg,*,303zt/img001-ex.jpg,,,,,,,,,,,,,,,,,,,,,,,0,1,en_sb_ex_150_bt,,1,,25500,27450,,5,,,,,,,,,,,,,,,,,"23,29","NEW extension,Extension SoftBank 303ZT"
1669,13006,748,518,Yes,137,2,カート用延長フラグ,Extension SoftBank 303ZT,1,,,,,,,,*,303zt/img001-ex.jpg,*,303zt/img001-ex.jpg,,,,,,,,,,,,,,,,,,,,,,,0,1,en_sb_ex_150_bt,,1,,25500,27450,,5,,,,,,,,,,,,,,,,,"23,29","NEW extension,Extension SoftBank 303ZT"
1669,13008,748,519,Yes,138,2,カート用延長フラグ,Extension SoftBank 303ZT,1,,,,,,,,*,303zt/img001-ex.jpg,*,303zt/img001-ex.jpg,,,,,,,,,,,,,,,,,,,,,,,0,1,en_sb_ex_150_bt,,1,,25500,27450,,5,,,,,,,,,,,,,,,,,"23,29","NEW extension,Extension SoftBank 303ZT"
1669,13010,748,520,Yes,139,2,カート用延長フラグ,Extension SoftBank 303ZT,1,,,,,,,,*,303zt/img001-ex.jpg,*,303zt/img001-ex.jpg,,,,,,,,,,,,,,,,,,,,,,,0,1,en_sb_ex_150_bt,,1,,25500,27450,,5,,,,,,,,,,,,,,,,,"23,29","NEW extension,Extension SoftBank 303ZT"
1669,13012,748,521,Yes,140,2,カート用延長フラグ,Extension SoftBank 303ZT,1,,,,,,,,*,303zt/img001-ex.jpg,*,303zt/img001-ex.jpg,,,,,,,,,,,,,,,,,,,,,,,0,1,en_sb_ex_150_bt,,1,,25500,27450,,5,,,,,,,,,,,,,,,,,"23,29","NEW extension,Extension SoftBank 303ZT"
1669,13014,748,522,Yes,141,2,カート用延長フラグ,Extension SoftBank 303ZT,1,,,,,,,,*,303zt/img001-ex.jpg,*,303zt/img001-ex.jpg,,,,,,,,,,,,,,,,,,,,,,,0,1,en_sb_ex_150_bt,,1,,25500,27450,,5,,,,,,,,,,,,,,,,,"23,29","NEW extension,Extension SoftBank 303ZT"
1669,13016,748,523,Yes,142,2,カート用延長フラグ,Extension SoftBank 303ZT,1,,,,,,,,*,303zt/img001-ex.jpg,*,303zt/img001-ex.jpg,,,,,,,,,,,,,,,,,,,,,,,0,1,en_sb_ex_150_bt,,1,,25500,27450,,5,,,,,,,,,,,,,,,,,"23,29","NEW extension,Extension SoftBank 303ZT"
1669,13018,748,524,Yes,143,2,カート用延長フラグ,Extension SoftBank 303ZT,1,,,,,,,,*,303zt/img001-ex.jpg,*,303zt/img001-ex.jpg,,,,,,,,,,,,,,,,,,,,,,,0,1,en_sb_ex_150_bt,,1,,25500,27450,,5,,,,,,,,,,,,,,,,,"23,29","NEW extension,Extension SoftBank 303ZT"
1669,13020,748,525,Yes,144,2,カート用延長フラグ,Extension SoftBank 303ZT,1,,,,,,,,*,303zt/img001-ex.jpg,*,303zt/img001-ex.jpg,,,,,,,,,,,,,,,,,,,,,,,0,1,en_sb_ex_150_bt,,1,,25500,27450,,5,,,,,,,,,,,,,,,,,"23,29","NEW extension,Extension SoftBank 303ZT"
1669,13022,748,526,Yes,145,2,カート用延長フラグ,Extension SoftBank 303ZT,1,,,,,,,,*,303zt/img001-ex.jpg,*,303zt/img001-ex.jpg,,,,,,,,,,,,,,,,,,,,,,,0,1,en_sb_ex_150_bt,,1,,25500,27450,,5,,,,,,,,,,,,,,,,,"23,29","NEW extension,Extension SoftBank 303ZT"
1669,13024,748,527,Yes,146,2,カート用延長フラグ,Extension SoftBank 303ZT,1,,,,,,,,*,303zt/img001-ex.jpg,*,303zt/img001-ex.jpg,,,,,,,,,,,,,,,,,,,,,,,0,1,en_sb_ex_150_bt,,1,,25500,27450,,5,,,,,,,,,,,,,,,,,"23,29","NEW extension,Extension SoftBank 303ZT"
1669,13026,748,528,Yes,147,2,カート用延長フラグ,Extension SoftBank 303ZT,1,,,,,,,,*,303zt/img001-ex.jpg,*,303zt/img001-ex.jpg,,,,,,,,,,,,,,,,,,,,,,,0,1,en_sb_ex_150_bt,,1,,25500,27450,,5,,,,,,,,,,,,,,,,,"23,29","NEW extension,Extension SoftBank 303ZT"
1669,13028,748,529,Yes,148,2,カート用延長フラグ,Extension SoftBank 303ZT,1,,,,,,,,*,303zt/img001-ex.jpg,*,303zt/img001-ex.jpg,,,,,,,,,,,,,,,,,,,,,,,0,1,en_sb_ex_150_bt,,1,,25500,27450,,5,,,,,,,,,,,,,,,,,"23,29","NEW extension,Extension SoftBank 303ZT"
1669,13030,748,530,Yes,149,2,カート用延長フラグ,Extension SoftBank 303ZT,1,,,,,,,,*,303zt/img001-ex.jpg,*,303zt/img001-ex.jpg,,,,,,,,,,,,,,,,,,,,,,,0,1,en_sb_ex_150_bt,,1,,25500,27450,,5,,,,,,,,,,,,,,,,,"23,29","NEW extension,Extension SoftBank 303ZT"
1669,13032,748,531,Yes,150,2,カート用延長フラグ,Extension SoftBank 303ZT,1,,,,,,,,*,303zt/img001-ex.jpg,*,303zt/img001-ex.jpg,,,,,,,,,,,,,,,,,,,,,,,0,1,en_sb_ex_150_bt,,1,,25500,27450,,5,,,,,,,,,,,,,,,,,"23,29","NEW extension,Extension SoftBank 303ZT"
1669,13034,748,532,Yes,151,2,カート用延長フラグ,Extension SoftBank 303ZT,1,,,,,,,,*,303zt/img001-ex.jpg,*,303zt/img001-ex.jpg,,,,,,,,,,,,,,,,,,,,,,,0,1,en_sb_ex_151_bt,,1,,25990,27990,,5,,,,,,,,,,,,,,,,,"23,29","NEW extension,Extension SoftBank 303ZT"
1669,13036,748,533,Yes,152,2,カート用延長フラグ,Extension SoftBank 303ZT,1,,,,,,,,*,303zt/img001-ex.jpg,*,303zt/img001-ex.jpg,,,,,,,,,,,,,,,,,,,,,,,0,1,en_sb_ex_152_bt,,1,,26480,28530,,5,,,,,,,,,,,,,,,,,"23,29","NEW extension,Extension SoftBank 303ZT"
1669,13038,748,534,Yes,153,2,カート用延長フラグ,Extension SoftBank 303ZT,1,,,,,,,,*,303zt/img001-ex.jpg,*,303zt/img001-ex.jpg,,,,,,,,,,,,,,,,,,,,,,,0,1,en_sb_ex_153_bt,,1,,26970,29070,,5,,,,,,,,,,,,,,,,,"23,29","NEW extension,Extension SoftBank 303ZT"
1669,13040,748,535,Yes,154,2,カート用延長フラグ,Extension SoftBank 303ZT,1,,,,,,,,*,303zt/img001-ex.jpg,*,303zt/img001-ex.jpg,,,,,,,,,,,,,,,,,,,,,,,0,1,en_sb_ex_154_bt,,1,,27460,29610,,5,,,,,,,,,,,,,,,,,"23,29","NEW extension,Extension SoftBank 303ZT"
1669,13042,748,536,Yes,155,2,カート用延長フラグ,Extension SoftBank 303ZT,1,,,,,,,,*,303zt/img001-ex.jpg,*,303zt/img001-ex.jpg,,,,,,,,,,,,,,,,,,,,,,,0,1,en_sb_ex_155_bt,,1,,27950,30150,,5,,,,,,,,,,,,,,,,,"23,29","NEW extension,Extension SoftBank 303ZT"
1669,13044,748,537,Yes,156,2,カート用延長フラグ,Extension SoftBank 303ZT,1,,,,,,,,*,303zt/img001-ex.jpg,*,303zt/img001-ex.jpg,,,,,,,,,,,,,,,,,,,,,,,0,1,en_sb_ex_180_bt,,1,,28000,30250,,5,,,,,,,,,,,,,,,,,"23,29","NEW extension,Extension SoftBank 303ZT"
1669,13046,748,538,Yes,157,2,カート用延長フラグ,Extension SoftBank 303ZT,1,,,,,,,,*,303zt/img001-ex.jpg,*,303zt/img001-ex.jpg,,,,,,,,,,,,,,,,,,,,,,,0,1,en_sb_ex_180_bt,,1,,28000,30250,,5,,,,,,,,,,,,,,,,,"23,29","NEW extension,Extension SoftBank 303ZT"
1669,13048,748,539,Yes,158,2,カート用延長フラグ,Extension SoftBank 303ZT,1,,,,,,,,*,303zt/img001-ex.jpg,*,303zt/img001-ex.jpg,,,,,,,,,,,,,,,,,,,,,,,0,1,en_sb_ex_180_bt,,1,,28000,30250,,5,,,,,,,,,,,,,,,,,"23,29","NEW extension,Extension SoftBank 303ZT"
1669,13050,748,540,Yes,159,2,カート用延長フラグ,Extension SoftBank 303ZT,1,,,,,,,,*,303zt/img001-ex.jpg,*,303zt/img001-ex.jpg,,,,,,,,,,,,,,,,,,,,,,,0,1,en_sb_ex_180_bt,,1,,28000,30250,,5,,,,,,,,,,,,,,,,,"23,29","NEW extension,Extension SoftBank 303ZT"
1669,13052,748,541,Yes,160,2,カート用延長フラグ,Extension SoftBank 303ZT,1,,,,,,,,*,303zt/img001-ex.jpg,*,303zt/img001-ex.jpg,,,,,,,,,,,,,,,,,,,,,,,0,1,en_sb_ex_180_bt,,1,,28000,30250,,5,,,,,,,,,,,,,,,,,"23,29","NEW extension,Extension SoftBank 303ZT"
1669,13054,748,542,Yes,161,2,カート用延長フラグ,Extension SoftBank 303ZT,1,,,,,,,,*,303zt/img001-ex.jpg,*,303zt/img001-ex.jpg,,,,,,,,,,,,,,,,,,,,,,,0,1,en_sb_ex_180_bt,,1,,28000,30250,,5,,,,,,,,,,,,,,,,,"23,29","NEW extension,Extension SoftBank 303ZT"
1669,13056,748,543,Yes,162,2,カート用延長フラグ,Extension SoftBank 303ZT,1,,,,,,,,*,303zt/img001-ex.jpg,*,303zt/img001-ex.jpg,,,,,,,,,,,,,,,,,,,,,,,0,1,en_sb_ex_180_bt,,1,,28000,30250,,5,,,,,,,,,,,,,,,,,"23,29","NEW extension,Extension SoftBank 303ZT"
1669,13058,748,544,Yes,163,2,カート用延長フラグ,Extension SoftBank 303ZT,1,,,,,,,,*,303zt/img001-ex.jpg,*,303zt/img001-ex.jpg,,,,,,,,,,,,,,,,,,,,,,,0,1,en_sb_ex_180_bt,,1,,28000,30250,,5,,,,,,,,,,,,,,,,,"23,29","NEW extension,Extension SoftBank 303ZT"
1669,13060,748,545,Yes,164,2,カート用延長フラグ,Extension SoftBank 303ZT,1,,,,,,,,*,303zt/img001-ex.jpg,*,303zt/img001-ex.jpg,,,,,,,,,,,,,,,,,,,,,,,0,1,en_sb_ex_180_bt,,1,,28000,30250,,5,,,,,,,,,,,,,,,,,"23,29","NEW extension,Extension SoftBank 303ZT"
1669,13062,748,546,Yes,165,2,カート用延長フラグ,Extension SoftBank 303ZT,1,,,,,,,,*,303zt/img001-ex.jpg,*,303zt/img001-ex.jpg,,,,,,,,,,,,,,,,,,,,,,,0,1,en_sb_ex_180_bt,,1,,28000,30250,,5,,,,,,,,,,,,,,,,,"23,29","NEW extension,Extension SoftBank 303ZT"
1669,13064,748,547,Yes,166,2,カート用延長フラグ,Extension SoftBank 303ZT,1,,,,,,,,*,303zt/img001-ex.jpg,*,303zt/img001-ex.jpg,,,,,,,,,,,,,,,,,,,,,,,0,1,en_sb_ex_180_bt,,1,,28000,30250,,5,,,,,,,,,,,,,,,,,"23,29","NEW extension,Extension SoftBank 303ZT"
1669,13066,748,548,Yes,167,2,カート用延長フラグ,Extension SoftBank 303ZT,1,,,,,,,,*,303zt/img001-ex.jpg,*,303zt/img001-ex.jpg,,,,,,,,,,,,,,,,,,,,,,,0,1,en_sb_ex_180_bt,,1,,28000,30250,,5,,,,,,,,,,,,,,,,,"23,29","NEW extension,Extension SoftBank 303ZT"
1669,13068,748,549,Yes,168,2,カート用延長フラグ,Extension SoftBank 303ZT,1,,,,,,,,*,303zt/img001-ex.jpg,*,303zt/img001-ex.jpg,,,,,,,,,,,,,,,,,,,,,,,0,1,en_sb_ex_180_bt,,1,,28000,30250,,5,,,,,,,,,,,,,,,,,"23,29","NEW extension,Extension SoftBank 303ZT"
1669,13070,748,550,Yes,169,2,カート用延長フラグ,Extension SoftBank 303ZT,1,,,,,,,,*,303zt/img001-ex.jpg,*,303zt/img001-ex.jpg,,,,,,,,,,,,,,,,,,,,,,,0,1,en_sb_ex_180_bt,,1,,28000,30250,,5,,,,,,,,,,,,,,,,,"23,29","NEW extension,Extension SoftBank 303ZT"
1669,13072,748,551,Yes,170,2,カート用延長フラグ,Extension SoftBank 303ZT,1,,,,,,,,*,303zt/img001-ex.jpg,*,303zt/img001-ex.jpg,,,,,,,,,,,,,,,,,,,,,,,0,1,en_sb_ex_180_bt,,1,,28000,30250,,5,,,,,,,,,,,,,,,,,"23,29","NEW extension,Extension SoftBank 303ZT"
1669,13074,748,552,Yes,171,2,カート用延長フラグ,Extension SoftBank 303ZT,1,,,,,,,,*,303zt/img001-ex.jpg,*,303zt/img001-ex.jpg,,,,,,,,,,,,,,,,,,,,,,,0,1,en_sb_ex_180_bt,,1,,28000,30250,,5,,,,,,,,,,,,,,,,,"23,29","NEW extension,Extension SoftBank 303ZT"
1669,13076,748,553,Yes,172,2,カート用延長フラグ,Extension SoftBank 303ZT,1,,,,,,,,*,303zt/img001-ex.jpg,*,303zt/img001-ex.jpg,,,,,,,,,,,,,,,,,,,,,,,0,1,en_sb_ex_180_bt,,1,,28000,30250,,5,,,,,,,,,,,,,,,,,"23,29","NEW extension,Extension SoftBank 303ZT"
1669,13078,748,554,Yes,173,2,カート用延長フラグ,Extension SoftBank 303ZT,1,,,,,,,,*,303zt/img001-ex.jpg,*,303zt/img001-ex.jpg,,,,,,,,,,,,,,,,,,,,,,,0,1,en_sb_ex_180_bt,,1,,28000,30250,,5,,,,,,,,,,,,,,,,,"23,29","NEW extension,Extension SoftBank 303ZT"
1669,13080,748,555,Yes,174,2,カート用延長フラグ,Extension SoftBank 303ZT,1,,,,,,,,*,303zt/img001-ex.jpg,*,303zt/img001-ex.jpg,,,,,,,,,,,,,,,,,,,,,,,0,1,en_sb_ex_180_bt,,1,,28000,30250,,5,,,,,,,,,,,,,,,,,"23,29","NEW extension,Extension SoftBank 303ZT"
1669,13082,748,556,Yes,175,2,カート用延長フラグ,Extension SoftBank 303ZT,1,,,,,,,,*,303zt/img001-ex.jpg,*,303zt/img001-ex.jpg,,,,,,,,,,,,,,,,,,,,,,,0,1,en_sb_ex_180_bt,,1,,28000,30250,,5,,,,,,,,,,,,,,,,,"23,29","NEW extension,Extension SoftBank 303ZT"
1669,13084,748,557,Yes,176,2,カート用延長フラグ,Extension SoftBank 303ZT,1,,,,,,,,*,303zt/img001-ex.jpg,*,303zt/img001-ex.jpg,,,,,,,,,,,,,,,,,,,,,,,0,1,en_sb_ex_180_bt,,1,,28000,30250,,5,,,,,,,,,,,,,,,,,"23,29","NEW extension,Extension SoftBank 303ZT"
1669,13086,748,558,Yes,177,2,カート用延長フラグ,Extension SoftBank 303ZT,1,,,,,,,,*,303zt/img001-ex.jpg,*,303zt/img001-ex.jpg,,,,,,,,,,,,,,,,,,,,,,,0,1,en_sb_ex_180_bt,,1,,28000,30250,,5,,,,,,,,,,,,,,,,,"23,29","NEW extension,Extension SoftBank 303ZT"
1669,13088,748,559,Yes,178,2,カート用延長フラグ,Extension SoftBank 303ZT,1,,,,,,,,*,303zt/img001-ex.jpg,*,303zt/img001-ex.jpg,,,,,,,,,,,,,,,,,,,,,,,0,1,en_sb_ex_180_bt,,1,,28000,30250,,5,,,,,,,,,,,,,,,,,"23,29","NEW extension,Extension SoftBank 303ZT"
1669,13090,748,560,Yes,179,2,カート用延長フラグ,Extension SoftBank 303ZT,1,,,,,,,,*,303zt/img001-ex.jpg,*,303zt/img001-ex.jpg,,,,,,,,,,,,,,,,,,,,,,,0,1,en_sb_ex_180_bt,,1,,28000,30250,,5,,,,,,,,,,,,,,,,,"23,29","NEW extension,Extension SoftBank 303ZT"
1669,13092,748,561,Yes,180,2,カート用延長フラグ,Extension SoftBank 303ZT,1,,,,,,,,*,303zt/img001-ex.jpg,*,303zt/img001-ex.jpg,,,,,,,,,,,,,,,,,,,,,,,0,1,en_sb_ex_180_bt,,1,,28000,30250,,5,,,,,,,,,,,,,,,,,"23,29","NEW extension,Extension SoftBank 303ZT"
1669,13094,748,562,Yes,181,2,カート用延長フラグ,Extension SoftBank 303ZT,1,,,,,,,,*,303zt/img001-ex.jpg,*,303zt/img001-ex.jpg,,,,,,,,,,,,,,,,,,,,,,,0,1,en_sb_ex_181_bt,,1,,28490,30790,,5,,,,,,,,,,,,,,,,,"23,29","NEW extension,Extension SoftBank 303ZT"
1669,13096,748,563,Yes,182,2,カート用延長フラグ,Extension SoftBank 303ZT,1,,,,,,,,*,303zt/img001-ex.jpg,*,303zt/img001-ex.jpg,,,,,,,,,,,,,,,,,,,,,,,0,1,en_sb_ex_182_bt,,1,,28980,31330,,5,,,,,,,,,,,,,,,,,"23,29","NEW extension,Extension SoftBank 303ZT"
1669,13098,748,564,Yes,183,2,カート用延長フラグ,Extension SoftBank 303ZT,1,,,,,,,,*,303zt/img001-ex.jpg,*,303zt/img001-ex.jpg,,,,,,,,,,,,,,,,,,,,,,,0,1,en_sb_ex_183_bt,,1,,29470,31870,,5,,,,,,,,,,,,,,,,,"23,29","NEW extension,Extension SoftBank 303ZT"
1669,13100,748,565,Yes,184,2,カート用延長フラグ,Extension SoftBank 303ZT,1,,,,,,,,*,303zt/img001-ex.jpg,*,303zt/img001-ex.jpg,,,,,,,,,,,,,,,,,,,,,,,0,1,en_sb_ex_184_bt,,1,,29960,32410,,5,,,,,,,,,,,,,,,,,"23,29","NEW extension,Extension SoftBank 303ZT"
1669,13102,748,566,Yes,185,2,カート用延長フラグ,Extension SoftBank 303ZT,1,,,,,,,,*,303zt/img001-ex.jpg,*,303zt/img001-ex.jpg,,,,,,,,,,,,,,,,,,,,,,,0,1,en_sb_ex_185_bt,,1,,30450,32950,,5,,,,,,,,,,,,,,,,,"23,29","NEW extension,Extension SoftBank 303ZT"
1669,13104,748,567,Yes,186,2,カート用延長フラグ,Extension SoftBank 303ZT,1,,,,,,,,*,303zt/img001-ex.jpg,*,303zt/img001-ex.jpg,,,,,,,,,,,,,,,,,,,,,,,0,1,en_sb_ex_186_bt,,1,,30940,33490,,5,,,,,,,,,,,,,,,,,"23,29","NEW extension,Extension SoftBank 303ZT"
1669,13106,748,568,Yes,187,2,カート用延長フラグ,Extension SoftBank 303ZT,1,,,,,,,,*,303zt/img001-ex.jpg,*,303zt/img001-ex.jpg,,,,,,,,,,,,,,,,,,,,,,,0,1,en_sb_ex_187_bt,,1,,31430,34030,,5,,,,,,,,,,,,,,,,,"23,29","NEW extension,Extension SoftBank 303ZT"
1669,13108,748,569,Yes,188,2,カート用延長フラグ,Extension SoftBank 303ZT,1,,,,,,,,*,303zt/img001-ex.jpg,*,303zt/img001-ex.jpg,,,,,,,,,,,,,,,,,,,,,,,0,1,en_sb_ex_188_bt,,1,,31920,34570,,5,,,,,,,,,,,,,,,,,"23,29","NEW extension,Extension SoftBank 303ZT"
1669,13110,748,570,Yes,189,2,カート用延長フラグ,Extension SoftBank 303ZT,1,,,,,,,,*,303zt/img001-ex.jpg,*,303zt/img001-ex.jpg,,,,,,,,,,,,,,,,,,,,,,,0,1,en_sb_ex_189_bt,,1,,32410,35110,,5,,,,,,,,,,,,,,,,,"23,29","NEW extension,Extension SoftBank 303ZT"
1669,13112,748,571,Yes,190,2,カート用延長フラグ,Extension SoftBank 303ZT,1,,,,,,,,*,303zt/img001-ex.jpg,*,303zt/img001-ex.jpg,,,,,,,,,,,,,,,,,,,,,,,0,1,en_sb_ex_190_bt,,1,,32900,35650,,5,,,,,,,,,,,,,,,,,"23,29","NEW extension,Extension SoftBank 303ZT"
1669,13114,748,572,Yes,191,2,カート用延長フラグ,Extension SoftBank 303ZT,1,,,,,,,,*,303zt/img001-ex.jpg,*,303zt/img001-ex.jpg,,,,,,,,,,,,,,,,,,,,,,,0,1,en_sb_ex_191_bt,,1,,33390,36190,,5,,,,,,,,,,,,,,,,,"23,29","NEW extension,Extension SoftBank 303ZT"
1669,13116,748,573,Yes,192,2,カート用延長フラグ,Extension SoftBank 303ZT,1,,,,,,,,*,303zt/img001-ex.jpg,*,303zt/img001-ex.jpg,,,,,,,,,,,,,,,,,,,,,,,0,1,en_sb_ex_192_bt,,1,,33880,36730,,5,,,,,,,,,,,,,,,,,"23,29","NEW extension,Extension SoftBank 303ZT"
1669,13118,748,574,Yes,193,2,カート用延長フラグ,Extension SoftBank 303ZT,1,,,,,,,,*,303zt/img001-ex.jpg,*,303zt/img001-ex.jpg,,,,,,,,,,,,,,,,,,,,,,,0,1,en_sb_ex_193_bt,,1,,34370,37270,,5,,,,,,,,,,,,,,,,,"23,29","NEW extension,Extension SoftBank 303ZT"
1669,13120,748,575,Yes,194,2,カート用延長フラグ,Extension SoftBank 303ZT,1,,,,,,,,*,303zt/img001-ex.jpg,*,303zt/img001-ex.jpg,,,,,,,,,,,,,,,,,,,,,,,0,1,en_sb_ex_194_bt,,1,,34860,37810,,5,,,,,,,,,,,,,,,,,"23,29","NEW extension,Extension SoftBank 303ZT"
1669,13122,748,576,Yes,195,2,カート用延長フラグ,Extension SoftBank 303ZT,1,,,,,,,,*,303zt/img001-ex.jpg,*,303zt/img001-ex.jpg,,,,,,,,,,,,,,,,,,,,,,,0,1,en_sb_ex_211_bt,,1,,35350,38350,,5,,,,,,,,,,,,,,,,,"23,29","NEW extension,Extension SoftBank 303ZT"
1669,13124,748,577,Yes,196,2,カート用延長フラグ,Extension SoftBank 303ZT,1,,,,,,,,*,303zt/img001-ex.jpg,*,303zt/img001-ex.jpg,,,,,,,,,,,,,,,,,,,,,,,0,1,en_sb_ex_211_bt,,1,,35350,38350,,5,,,,,,,,,,,,,,,,,"23,29","NEW extension,Extension SoftBank 303ZT"
1669,13126,748,578,Yes,197,2,カート用延長フラグ,Extension SoftBank 303ZT,1,,,,,,,,*,303zt/img001-ex.jpg,*,303zt/img001-ex.jpg,,,,,,,,,,,,,,,,,,,,,,,0,1,en_sb_ex_211_bt,,1,,35350,38350,,5,,,,,,,,,,,,,,,,,"23,29","NEW extension,Extension SoftBank 303ZT"
1669,13128,748,579,Yes,198,2,カート用延長フラグ,Extension SoftBank 303ZT,1,,,,,,,,*,303zt/img001-ex.jpg,*,303zt/img001-ex.jpg,,,,,,,,,,,,,,,,,,,,,,,0,1,en_sb_ex_211_bt,,1,,35350,38350,,5,,,,,,,,,,,,,,,,,"23,29","NEW extension,Extension SoftBank 303ZT"
1669,13130,748,580,Yes,199,2,カート用延長フラグ,Extension SoftBank 303ZT,1,,,,,,,,*,303zt/img001-ex.jpg,*,303zt/img001-ex.jpg,,,,,,,,,,,,,,,,,,,,,,,0,1,en_sb_ex_211_bt,,1,,35350,38350,,5,,,,,,,,,,,,,,,,,"23,29","NEW extension,Extension SoftBank 303ZT"
1669,13132,748,581,Yes,200,2,カート用延長フラグ,Extension SoftBank 303ZT,1,,,,,,,,*,303zt/img001-ex.jpg,*,303zt/img001-ex.jpg,,,,,,,,,,,,,,,,,,,,,,,0,1,en_sb_ex_211_bt,,1,,35350,38350,,5,,,,,,,,,,,,,,,,,"23,29","NEW extension,Extension SoftBank 303ZT"
1669,13134,748,582,Yes,201,2,カート用延長フラグ,Extension SoftBank 303ZT,1,,,,,,,,*,303zt/img001-ex.jpg,*,303zt/img001-ex.jpg,,,,,,,,,,,,,,,,,,,,,,,0,1,en_sb_ex_211_bt,,1,,35350,38350,,5,,,,,,,,,,,,,,,,,"23,29","NEW extension,Extension SoftBank 303ZT"
1669,13136,748,583,Yes,202,2,カート用延長フラグ,Extension SoftBank 303ZT,1,,,,,,,,*,303zt/img001-ex.jpg,*,303zt/img001-ex.jpg,,,,,,,,,,,,,,,,,,,,,,,0,1,en_sb_ex_211_bt,,1,,35350,38350,,5,,,,,,,,,,,,,,,,,"23,29","NEW extension,Extension SoftBank 303ZT"
1669,13138,748,584,Yes,203,2,カート用延長フラグ,Extension SoftBank 303ZT,1,,,,,,,,*,303zt/img001-ex.jpg,*,303zt/img001-ex.jpg,,,,,,,,,,,,,,,,,,,,,,,0,1,en_sb_ex_211_bt,,1,,35350,38350,,5,,,,,,,,,,,,,,,,,"23,29","NEW extension,Extension SoftBank 303ZT"
1669,13140,748,585,Yes,204,2,カート用延長フラグ,Extension SoftBank 303ZT,1,,,,,,,,*,303zt/img001-ex.jpg,*,303zt/img001-ex.jpg,,,,,,,,,,,,,,,,,,,,,,,0,1,en_sb_ex_211_bt,,1,,35350,38350,,5,,,,,,,,,,,,,,,,,"23,29","NEW extension,Extension SoftBank 303ZT"
1669,13142,748,586,Yes,205,2,カート用延長フラグ,Extension SoftBank 303ZT,1,,,,,,,,*,303zt/img001-ex.jpg,*,303zt/img001-ex.jpg,,,,,,,,,,,,,,,,,,,,,,,0,1,en_sb_ex_211_bt,,1,,35350,38350,,5,,,,,,,,,,,,,,,,,"23,29","NEW extension,Extension SoftBank 303ZT"
1669,13144,748,587,Yes,206,2,カート用延長フラグ,Extension SoftBank 303ZT,1,,,,,,,,*,303zt/img001-ex.jpg,*,303zt/img001-ex.jpg,,,,,,,,,,,,,,,,,,,,,,,0,1,en_sb_ex_211_bt,,1,,35350,38350,,5,,,,,,,,,,,,,,,,,"23,29","NEW extension,Extension SoftBank 303ZT"
1669,13146,748,588,Yes,207,2,カート用延長フラグ,Extension SoftBank 303ZT,1,,,,,,,,*,303zt/img001-ex.jpg,*,303zt/img001-ex.jpg,,,,,,,,,,,,,,,,,,,,,,,0,1,en_sb_ex_211_bt,,1,,35350,38350,,5,,,,,,,,,,,,,,,,,"23,29","NEW extension,Extension SoftBank 303ZT"
1669,13148,748,589,Yes,208,2,カート用延長フラグ,Extension SoftBank 303ZT,1,,,,,,,,*,303zt/img001-ex.jpg,*,303zt/img001-ex.jpg,,,,,,,,,,,,,,,,,,,,,,,0,1,en_sb_ex_211_bt,,1,,35350,38350,,5,,,,,,,,,,,,,,,,,"23,29","NEW extension,Extension SoftBank 303ZT"
1669,13150,748,590,Yes,209,2,カート用延長フラグ,Extension SoftBank 303ZT,1,,,,,,,,*,303zt/img001-ex.jpg,*,303zt/img001-ex.jpg,,,,,,,,,,,,,,,,,,,,,,,0,1,en_sb_ex_211_bt,,1,,35350,38350,,5,,,,,,,,,,,,,,,,,"23,29","NEW extension,Extension SoftBank 303ZT"
1669,13152,748,591,Yes,210,2,カート用延長フラグ,Extension SoftBank 303ZT,1,,,,,,,,*,303zt/img001-ex.jpg,*,303zt/img001-ex.jpg,,,,,,,,,,,,,,,,,,,,,,,0,1,en_sb_ex_211_bt,,1,,35350,38350,,5,,,,,,,,,,,,,,,,,"23,29","NEW extension,Extension SoftBank 303ZT"
1669,13154,748,592,Yes,211,2,カート用延長フラグ,Extension SoftBank 303ZT,1,,,,,,,,*,303zt/img001-ex.jpg,*,303zt/img001-ex.jpg,,,,,,,,,,,,,,,,,,,,,,,0,1,en_sb_ex_211_bt,,1,,35350,38350,,5,,,,,,,,,,,,,,,,,"23,29","NEW extension,Extension SoftBank 303ZT"
1669,13156,748,593,Yes,212,2,カート用延長フラグ,Extension SoftBank 303ZT,1,,,,,,,,*,303zt/img001-ex.jpg,*,303zt/img001-ex.jpg,,,,,,,,,,,,,,,,,,,,,,,0,1,en_sb_ex_212_bt,,1,,35840,38890,,5,,,,,,,,,,,,,,,,,"23,29","NEW extension,Extension SoftBank 303ZT"
1669,13158,748,594,Yes,213,2,カート用延長フラグ,Extension SoftBank 303ZT,1,,,,,,,,*,303zt/img001-ex.jpg,*,303zt/img001-ex.jpg,,,,,,,,,,,,,,,,,,,,,,,0,1,en_sb_ex_213_bt,,1,,36330,39430,,5,,,,,,,,,,,,,,,,,"23,29","NEW extension,Extension SoftBank 303ZT"
1669,13160,748,595,Yes,214,2,カート用延長フラグ,Extension SoftBank 303ZT,1,,,,,,,,*,303zt/img001-ex.jpg,*,303zt/img001-ex.jpg,,,,,,,,,,,,,,,,,,,,,,,0,1,en_sb_ex_214_bt,,1,,36820,39970,,5,,,,,,,,,,,,,,,,,"23,29","NEW extension,Extension SoftBank 303ZT"
1669,13162,748,596,Yes,215,2,カート用延長フラグ,Extension SoftBank 303ZT,1,,,,,,,,*,303zt/img001-ex.jpg,*,303zt/img001-ex.jpg,,,,,,,,,,,,,,,,,,,,,,,0,1,en_sb_ex_215_bt,,1,,37310,40510,,5,,,,,,,,,,,,,,,,,"23,29","NEW extension,Extension SoftBank 303ZT"
1669,13164,748,597,Yes,216,2,カート用延長フラグ,Extension SoftBank 303ZT,1,,,,,,,,*,303zt/img001-ex.jpg,*,303zt/img001-ex.jpg,,,,,,,,,,,,,,,,,,,,,,,0,1,en_sb_ex_216_bt,,1,,37800,41050,,5,,,,,,,,,,,,,,,,,"23,29","NEW extension,Extension SoftBank 303ZT"
1669,13166,748,598,Yes,217,2,カート用延長フラグ,Extension SoftBank 303ZT,1,,,,,,,,*,303zt/img001-ex.jpg,*,303zt/img001-ex.jpg,,,,,,,,,,,,,,,,,,,,,,,0,1,en_sb_ex_217_bt,,1,,38290,41590,,5,,,,,,,,,,,,,,,,,"23,29","NEW extension,Extension SoftBank 303ZT"
1669,13168,748,599,Yes,218,2,カート用延長フラグ,Extension SoftBank 303ZT,1,,,,,,,,*,303zt/img001-ex.jpg,*,303zt/img001-ex.jpg,,,,,,,,,,,,,,,,,,,,,,,0,1,en_sb_ex_218_bt,,1,,38780,42080,,5,,,,,,,,,,,,,,,,,"23,29","NEW extension,Extension SoftBank 303ZT"
1669,13170,748,600,Yes,219,2,カート用延長フラグ,Extension SoftBank 303ZT,1,,,,,,,,*,303zt/img001-ex.jpg,*,303zt/img001-ex.jpg,,,,,,,,,,,,,,,,,,,,,,,0,1,en_sb_ex_219_bt,,1,,39270,42570,,5,,,,,,,,,,,,,,,,,"23,29","NEW extension,Extension SoftBank 303ZT"
1669,13172,748,601,Yes,220,2,カート用延長フラグ,Extension SoftBank 303ZT,1,,,,,,,,*,303zt/img001-ex.jpg,*,303zt/img001-ex.jpg,,,,,,,,,,,,,,,,,,,,,,,0,1,en_sb_ex_220_bt,,1,,39760,43060,,5,,,,,,,,,,,,,,,,,"23,29","NEW extension,Extension SoftBank 303ZT"
1669,13174,748,602,Yes,221,2,カート用延長フラグ,Extension SoftBank 303ZT,1,,,,,,,,*,303zt/img001-ex.jpg,*,303zt/img001-ex.jpg,,,,,,,,,,,,,,,,,,,,,,,0,1,en_sb_ex_221_bt,,1,,40250,43550,,5,,,,,,,,,,,,,,,,,"23,29","NEW extension,Extension SoftBank 303ZT"
1669,13176,748,603,Yes,222,2,カート用延長フラグ,Extension SoftBank 303ZT,1,,,,,,,,*,303zt/img001-ex.jpg,*,303zt/img001-ex.jpg,,,,,,,,,,,,,,,,,,,,,,,0,1,en_sb_ex_222_bt,,1,,40740,44040,,5,,,,,,,,,,,,,,,,,"23,29","NEW extension,Extension SoftBank 303ZT"
1669,13178,748,604,Yes,223,2,カート用延長フラグ,Extension SoftBank 303ZT,1,,,,,,,,*,303zt/img001-ex.jpg,*,303zt/img001-ex.jpg,,,,,,,,,,,,,,,,,,,,,,,0,1,en_sb_ex_241_bt,,1,,41050,44350,,5,,,,,,,,,,,,,,,,,"23,29","NEW extension,Extension SoftBank 303ZT"
1669,13180,748,605,Yes,224,2,カート用延長フラグ,Extension SoftBank 303ZT,1,,,,,,,,*,303zt/img001-ex.jpg,*,303zt/img001-ex.jpg,,,,,,,,,,,,,,,,,,,,,,,0,1,en_sb_ex_241_bt,,1,,41050,44350,,5,,,,,,,,,,,,,,,,,"23,29","NEW extension,Extension SoftBank 303ZT"
1669,13182,748,606,Yes,225,2,カート用延長フラグ,Extension SoftBank 303ZT,1,,,,,,,,*,303zt/img001-ex.jpg,*,303zt/img001-ex.jpg,,,,,,,,,,,,,,,,,,,,,,,0,1,en_sb_ex_241_bt,,1,,41050,44350,,5,,,,,,,,,,,,,,,,,"23,29","NEW extension,Extension SoftBank 303ZT"
1669,13184,748,607,Yes,226,2,カート用延長フラグ,Extension SoftBank 303ZT,1,,,,,,,,*,303zt/img001-ex.jpg,*,303zt/img001-ex.jpg,,,,,,,,,,,,,,,,,,,,,,,0,1,en_sb_ex_241_bt,,1,,41050,44350,,5,,,,,,,,,,,,,,,,,"23,29","NEW extension,Extension SoftBank 303ZT"
1669,13186,748,608,Yes,227,2,カート用延長フラグ,Extension SoftBank 303ZT,1,,,,,,,,*,303zt/img001-ex.jpg,*,303zt/img001-ex.jpg,,,,,,,,,,,,,,,,,,,,,,,0,1,en_sb_ex_241_bt,,1,,41050,44350,,5,,,,,,,,,,,,,,,,,"23,29","NEW extension,Extension SoftBank 303ZT"
1669,13188,748,609,Yes,228,2,カート用延長フラグ,Extension SoftBank 303ZT,1,,,,,,,,*,303zt/img001-ex.jpg,*,303zt/img001-ex.jpg,,,,,,,,,,,,,,,,,,,,,,,0,1,en_sb_ex_241_bt,,1,,41050,44350,,5,,,,,,,,,,,,,,,,,"23,29","NEW extension,Extension SoftBank 303ZT"
1669,13190,748,610,Yes,229,2,カート用延長フラグ,Extension SoftBank 303ZT,1,,,,,,,,*,303zt/img001-ex.jpg,*,303zt/img001-ex.jpg,,,,,,,,,,,,,,,,,,,,,,,0,1,en_sb_ex_241_bt,,1,,41050,44350,,5,,,,,,,,,,,,,,,,,"23,29","NEW extension,Extension SoftBank 303ZT"
1669,13192,748,611,Yes,230,2,カート用延長フラグ,Extension SoftBank 303ZT,1,,,,,,,,*,303zt/img001-ex.jpg,*,303zt/img001-ex.jpg,,,,,,,,,,,,,,,,,,,,,,,0,1,en_sb_ex_241_bt,,1,,41050,44350,,5,,,,,,,,,,,,,,,,,"23,29","NEW extension,Extension SoftBank 303ZT"
1669,13194,748,612,Yes,231,2,カート用延長フラグ,Extension SoftBank 303ZT,1,,,,,,,,*,303zt/img001-ex.jpg,*,303zt/img001-ex.jpg,,,,,,,,,,,,,,,,,,,,,,,0,1,en_sb_ex_241_bt,,1,,41050,44350,,5,,,,,,,,,,,,,,,,,"23,29","NEW extension,Extension SoftBank 303ZT"
1669,13196,748,613,Yes,232,2,カート用延長フラグ,Extension SoftBank 303ZT,1,,,,,,,,*,303zt/img001-ex.jpg,*,303zt/img001-ex.jpg,,,,,,,,,,,,,,,,,,,,,,,0,1,en_sb_ex_241_bt,,1,,41050,44350,,5,,,,,,,,,,,,,,,,,"23,29","NEW extension,Extension SoftBank 303ZT"
1669,13198,748,614,Yes,233,2,カート用延長フラグ,Extension SoftBank 303ZT,1,,,,,,,,*,303zt/img001-ex.jpg,*,303zt/img001-ex.jpg,,,,,,,,,,,,,,,,,,,,,,,0,1,en_sb_ex_241_bt,,1,,41050,44350,,5,,,,,,,,,,,,,,,,,"23,29","NEW extension,Extension SoftBank 303ZT"
1669,13200,748,615,Yes,234,2,カート用延長フラグ,Extension SoftBank 303ZT,1,,,,,,,,*,303zt/img001-ex.jpg,*,303zt/img001-ex.jpg,,,,,,,,,,,,,,,,,,,,,,,0,1,en_sb_ex_241_bt,,1,,41050,44350,,5,,,,,,,,,,,,,,,,,"23,29","NEW extension,Extension SoftBank 303ZT"
1669,13202,748,616,Yes,235,2,カート用延長フラグ,Extension SoftBank 303ZT,1,,,,,,,,*,303zt/img001-ex.jpg,*,303zt/img001-ex.jpg,,,,,,,,,,,,,,,,,,,,,,,0,1,en_sb_ex_241_bt,,1,,41050,44350,,5,,,,,,,,,,,,,,,,,"23,29","NEW extension,Extension SoftBank 303ZT"
1669,13204,748,617,Yes,236,2,カート用延長フラグ,Extension SoftBank 303ZT,1,,,,,,,,*,303zt/img001-ex.jpg,*,303zt/img001-ex.jpg,,,,,,,,,,,,,,,,,,,,,,,0,1,en_sb_ex_241_bt,,1,,41050,44350,,5,,,,,,,,,,,,,,,,,"23,29","NEW extension,Extension SoftBank 303ZT"
1669,13206,748,618,Yes,237,2,カート用延長フラグ,Extension SoftBank 303ZT,1,,,,,,,,*,303zt/img001-ex.jpg,*,303zt/img001-ex.jpg,,,,,,,,,,,,,,,,,,,,,,,0,1,en_sb_ex_241_bt,,1,,41050,44350,,5,,,,,,,,,,,,,,,,,"23,29","NEW extension,Extension SoftBank 303ZT"
1669,13208,748,619,Yes,238,2,カート用延長フラグ,Extension SoftBank 303ZT,1,,,,,,,,*,303zt/img001-ex.jpg,*,303zt/img001-ex.jpg,,,,,,,,,,,,,,,,,,,,,,,0,1,en_sb_ex_241_bt,,1,,41050,44350,,5,,,,,,,,,,,,,,,,,"23,29","NEW extension,Extension SoftBank 303ZT"
1669,13210,748,620,Yes,239,2,カート用延長フラグ,Extension SoftBank 303ZT,1,,,,,,,,*,303zt/img001-ex.jpg,*,303zt/img001-ex.jpg,,,,,,,,,,,,,,,,,,,,,,,0,1,en_sb_ex_241_bt,,1,,41050,44350,,5,,,,,,,,,,,,,,,,,"23,29","NEW extension,Extension SoftBank 303ZT"
1669,13212,748,621,Yes,240,2,カート用延長フラグ,Extension SoftBank 303ZT,1,,,,,,,,*,303zt/img001-ex.jpg,*,303zt/img001-ex.jpg,,,,,,,,,,,,,,,,,,,,,,,0,1,en_sb_ex_241_bt,,1,,41050,44350,,5,,,,,,,,,,,,,,,,,"23,29","NEW extension,Extension SoftBank 303ZT"
1669,13214,748,622,Yes,241,2,カート用延長フラグ,Extension SoftBank 303ZT,1,,,,,,,,*,303zt/img001-ex.jpg,*,303zt/img001-ex.jpg,,,,,,,,,,,,,,,,,,,,,,,0,1,en_sb_ex_241_bt,,1,,41050,44350,,5,,,,,,,,,,,,,,,,,"23,29","NEW extension,Extension SoftBank 303ZT"
1669,13216,748,623,Yes,242,2,カート用延長フラグ,Extension SoftBank 303ZT,1,,,,,,,,*,303zt/img001-ex.jpg,*,303zt/img001-ex.jpg,,,,,,,,,,,,,,,,,,,,,,,0,1,en_sb_ex_242_bt,,1,,41540,44890,,5,,,,,,,,,,,,,,,,,"23,29","NEW extension,Extension SoftBank 303ZT"
1669,13218,748,624,Yes,243,2,カート用延長フラグ,Extension SoftBank 303ZT,1,,,,,,,,*,303zt/img001-ex.jpg,*,303zt/img001-ex.jpg,,,,,,,,,,,,,,,,,,,,,,,0,1,en_sb_ex_243_bt,,1,,42030,45430,,5,,,,,,,,,,,,,,,,,"23,29","NEW extension,Extension SoftBank 303ZT"
1669,13220,748,625,Yes,244,2,カート用延長フラグ,Extension SoftBank 303ZT,1,,,,,,,,*,303zt/img001-ex.jpg,*,303zt/img001-ex.jpg,,,,,,,,,,,,,,,,,,,,,,,0,1,en_sb_ex_245_bt,,1,,43010,46510,,5,,,,,,,,,,,,,,,,,"23,29","NEW extension,Extension SoftBank 303ZT"
1669,13222,748,626,Yes,245,2,カート用延長フラグ,Extension SoftBank 303ZT,1,,,,,,,,*,303zt/img001-ex.jpg,*,303zt/img001-ex.jpg,,,,,,,,,,,,,,,,,,,,,,,0,1,en_sb_ex_246_bt,,1,,43500,47050,,5,,,,,,,,,,,,,,,,,"23,29","NEW extension,Extension SoftBank 303ZT"
1669,13224,748,627,Yes,246,2,カート用延長フラグ,Extension SoftBank 303ZT,1,,,,,,,,*,303zt/img001-ex.jpg,*,303zt/img001-ex.jpg,,,,,,,,,,,,,,,,,,,,,,,0,1,en_sb_ex_244_bt,,1,,42520,45970,,5,,,,,,,,,,,,,,,,,"23,29","NEW extension,Extension SoftBank 303ZT"
1669,13226,748,628,Yes,247,2,カート用延長フラグ,Extension SoftBank 303ZT,1,,,,,,,,*,303zt/img001-ex.jpg,*,303zt/img001-ex.jpg,,,,,,,,,,,,,,,,,,,,,,,0,1,en_sb_ex_247_bt,,1,,43990,47590,,5,,,,,,,,,,,,,,,,,"23,29","NEW extension,Extension SoftBank 303ZT"
1669,13228,748,629,Yes,248,2,カート用延長フラグ,Extension SoftBank 303ZT,1,,,,,,,,*,303zt/img001-ex.jpg,*,303zt/img001-ex.jpg,,,,,,,,,,,,,,,,,,,,,,,0,1,en_sb_ex_248_bt,,1,,44480,48080,,5,,,,,,,,,,,,,,,,,"23,29","NEW extension,Extension SoftBank 303ZT"
1669,13230,748,630,Yes,249,2,カート用延長フラグ,Extension SoftBank 303ZT,1,,,,,,,,*,303zt/img001-ex.jpg,*,303zt/img001-ex.jpg,,,,,,,,,,,,,,,,,,,,,,,0,1,en_sb_ex_249_bt,,1,,44970,48570,,5,,,,,,,,,,,,,,,,,"23,29","NEW extension,Extension SoftBank 303ZT"
1669,13232,748,631,Yes,250,2,カート用延長フラグ,Extension SoftBank 303ZT,1,,,,,,,,*,303zt/img001-ex.jpg,*,303zt/img001-ex.jpg,,,,,,,,,,,,,,,,,,,,,,,0,1,en_sb_ex_250_bt,,1,,45460,49060,,5,,,,,,,,,,,,,,,,,"23,29","NEW extension,Extension SoftBank 303ZT"
1669,13234,748,632,Yes,251,2,カート用延長フラグ,Extension SoftBank 303ZT,1,,,,,,,,*,303zt/img001-ex.jpg,*,303zt/img001-ex.jpg,,,,,,,,,,,,,,,,,,,,,,,0,1,en_sb_ex_251_bt,,1,,45950,49550,,5,,,,,,,,,,,,,,,,,"23,29","NEW extension,Extension SoftBank 303ZT"
1669,13236,748,633,Yes,252,2,カート用延長フラグ,Extension SoftBank 303ZT,1,,,,,,,,*,303zt/img001-ex.jpg,*,303zt/img001-ex.jpg,,,,,,,,,,,,,,,,,,,,,,,0,1,en_sb_ex_271_bt,,1,,46300,49900,,5,,,,,,,,,,,,,,,,,"23,29","NEW extension,Extension SoftBank 303ZT"
1669,13238,748,634,Yes,253,2,カート用延長フラグ,Extension SoftBank 303ZT,1,,,,,,,,*,303zt/img001-ex.jpg,*,303zt/img001-ex.jpg,,,,,,,,,,,,,,,,,,,,,,,0,1,en_sb_ex_271_bt,,1,,46300,49900,,5,,,,,,,,,,,,,,,,,"23,29","NEW extension,Extension SoftBank 303ZT"
1669,13240,748,635,Yes,254,2,カート用延長フラグ,Extension SoftBank 303ZT,1,,,,,,,,*,303zt/img001-ex.jpg,*,303zt/img001-ex.jpg,,,,,,,,,,,,,,,,,,,,,,,0,1,en_sb_ex_271_bt,,1,,46300,49900,,5,,,,,,,,,,,,,,,,,"23,29","NEW extension,Extension SoftBank 303ZT"
1669,13242,748,636,Yes,255,2,カート用延長フラグ,Extension SoftBank 303ZT,1,,,,,,,,*,303zt/img001-ex.jpg,*,303zt/img001-ex.jpg,,,,,,,,,,,,,,,,,,,,,,,0,1,en_sb_ex_271_bt,,1,,46300,49900,,5,,,,,,,,,,,,,,,,,"23,29","NEW extension,Extension SoftBank 303ZT"
1669,13244,748,637,Yes,256,2,カート用延長フラグ,Extension SoftBank 303ZT,1,,,,,,,,*,303zt/img001-ex.jpg,*,303zt/img001-ex.jpg,,,,,,,,,,,,,,,,,,,,,,,0,1,en_sb_ex_271_bt,,1,,46300,49900,,5,,,,,,,,,,,,,,,,,"23,29","NEW extension,Extension SoftBank 303ZT"
1669,13246,748,638,Yes,257,2,カート用延長フラグ,Extension SoftBank 303ZT,1,,,,,,,,*,303zt/img001-ex.jpg,*,303zt/img001-ex.jpg,,,,,,,,,,,,,,,,,,,,,,,0,1,en_sb_ex_271_bt,,1,,46300,49900,,5,,,,,,,,,,,,,,,,,"23,29","NEW extension,Extension SoftBank 303ZT"
1669,13248,748,639,Yes,258,2,カート用延長フラグ,Extension SoftBank 303ZT,1,,,,,,,,*,303zt/img001-ex.jpg,*,303zt/img001-ex.jpg,,,,,,,,,,,,,,,,,,,,,,,0,1,en_sb_ex_271_bt,,1,,46300,49900,,5,,,,,,,,,,,,,,,,,"23,29","NEW extension,Extension SoftBank 303ZT"
1669,13250,748,640,Yes,259,2,カート用延長フラグ,Extension SoftBank 303ZT,1,,,,,,,,*,303zt/img001-ex.jpg,*,303zt/img001-ex.jpg,,,,,,,,,,,,,,,,,,,,,,,0,1,en_sb_ex_271_bt,,1,,46300,49900,,5,,,,,,,,,,,,,,,,,"23,29","NEW extension,Extension SoftBank 303ZT"
1669,13252,748,641,Yes,260,2,カート用延長フラグ,Extension SoftBank 303ZT,1,,,,,,,,*,303zt/img001-ex.jpg,*,303zt/img001-ex.jpg,,,,,,,,,,,,,,,,,,,,,,,0,1,en_sb_ex_271_bt,,1,,46300,49900,,5,,,,,,,,,,,,,,,,,"23,29","NEW extension,Extension SoftBank 303ZT"
1669,13254,748,642,Yes,261,2,カート用延長フラグ,Extension SoftBank 303ZT,1,,,,,,,,*,303zt/img001-ex.jpg,*,303zt/img001-ex.jpg,,,,,,,,,,,,,,,,,,,,,,,0,1,en_sb_ex_271_bt,,1,,46300,49900,,5,,,,,,,,,,,,,,,,,"23,29","NEW extension,Extension SoftBank 303ZT"
1669,13256,748,643,Yes,262,2,カート用延長フラグ,Extension SoftBank 303ZT,1,,,,,,,,*,303zt/img001-ex.jpg,*,303zt/img001-ex.jpg,,,,,,,,,,,,,,,,,,,,,,,0,1,en_sb_ex_271_bt,,1,,46300,49900,,5,,,,,,,,,,,,,,,,,"23,29","NEW extension,Extension SoftBank 303ZT"
1669,13258,748,644,Yes,263,2,カート用延長フラグ,Extension SoftBank 303ZT,1,,,,,,,,*,303zt/img001-ex.jpg,*,303zt/img001-ex.jpg,,,,,,,,,,,,,,,,,,,,,,,0,1,en_sb_ex_271_bt,,1,,46300,49900,,5,,,,,,,,,,,,,,,,,"23,29","NEW extension,Extension SoftBank 303ZT"
1669,13260,748,645,Yes,264,2,カート用延長フラグ,Extension SoftBank 303ZT,1,,,,,,,,*,303zt/img001-ex.jpg,*,303zt/img001-ex.jpg,,,,,,,,,,,,,,,,,,,,,,,0,1,en_sb_ex_271_bt,,1,,46300,49900,,5,,,,,,,,,,,,,,,,,"23,29","NEW extension,Extension SoftBank 303ZT"
1669,13262,748,646,Yes,265,2,カート用延長フラグ,Extension SoftBank 303ZT,1,,,,,,,,*,303zt/img001-ex.jpg,*,303zt/img001-ex.jpg,,,,,,,,,,,,,,,,,,,,,,,0,1,en_sb_ex_271_bt,,1,,46300,49900,,5,,,,,,,,,,,,,,,,,"23,29","NEW extension,Extension SoftBank 303ZT"
1669,13264,748,647,Yes,266,2,カート用延長フラグ,Extension SoftBank 303ZT,1,,,,,,,,*,303zt/img001-ex.jpg,*,303zt/img001-ex.jpg,,,,,,,,,,,,,,,,,,,,,,,0,1,en_sb_ex_271_bt,,1,,46300,49900,,5,,,,,,,,,,,,,,,,,"23,29","NEW extension,Extension SoftBank 303ZT"
1669,13266,748,648,Yes,267,2,カート用延長フラグ,Extension SoftBank 303ZT,1,,,,,,,,*,303zt/img001-ex.jpg,*,303zt/img001-ex.jpg,,,,,,,,,,,,,,,,,,,,,,,0,1,en_sb_ex_271_bt,,1,,46300,49900,,5,,,,,,,,,,,,,,,,,"23,29","NEW extension,Extension SoftBank 303ZT"
1669,13268,748,649,Yes,268,2,カート用延長フラグ,Extension SoftBank 303ZT,1,,,,,,,,*,303zt/img001-ex.jpg,*,303zt/img001-ex.jpg,,,,,,,,,,,,,,,,,,,,,,,0,1,en_sb_ex_271_bt,,1,,46300,49900,,5,,,,,,,,,,,,,,,,,"23,29","NEW extension,Extension SoftBank 303ZT"
1669,13270,748,650,Yes,269,2,カート用延長フラグ,Extension SoftBank 303ZT,1,,,,,,,,*,303zt/img001-ex.jpg,*,303zt/img001-ex.jpg,,,,,,,,,,,,,,,,,,,,,,,0,1,en_sb_ex_271_bt,,1,,46300,49900,,5,,,,,,,,,,,,,,,,,"23,29","NEW extension,Extension SoftBank 303ZT"
1669,13272,748,651,Yes,270,2,カート用延長フラグ,Extension SoftBank 303ZT,1,,,,,,,,*,303zt/img001-ex.jpg,*,303zt/img001-ex.jpg,,,,,,,,,,,,,,,,,,,,,,,0,1,en_sb_ex_271_bt,,1,,46300,49900,,5,,,,,,,,,,,,,,,,,"23,29","NEW extension,Extension SoftBank 303ZT"
1669,13274,748,652,Yes,271,2,カート用延長フラグ,Extension SoftBank 303ZT,1,,,,,,,,*,303zt/img001-ex.jpg,*,303zt/img001-ex.jpg,,,,,,,,,,,,,,,,,,,,,,,0,1,en_sb_ex_271_bt,,1,,46300,49900,,5,,,,,,,,,,,,,,,,,"23,29","NEW extension,Extension SoftBank 303ZT"
1669,13276,748,653,Yes,272,2,カート用延長フラグ,Extension SoftBank 303ZT,1,,,,,,,,*,303zt/img001-ex.jpg,*,303zt/img001-ex.jpg,,,,,,,,,,,,,,,,,,,,,,,0,1,en_sb_ex_272_bt,,1,,46790,50440,,5,,,,,,,,,,,,,,,,,"23,29","NEW extension,Extension SoftBank 303ZT"
1669,13278,748,654,Yes,273,2,カート用延長フラグ,Extension SoftBank 303ZT,1,,,,,,,,*,303zt/img001-ex.jpg,*,303zt/img001-ex.jpg,,,,,,,,,,,,,,,,,,,,,,,0,1,en_sb_ex_273_bt,,1,,47280,50980,,5,,,,,,,,,,,,,,,,,"23,29","NEW extension,Extension SoftBank 303ZT"
1669,13280,748,655,Yes,274,2,カート用延長フラグ,Extension SoftBank 303ZT,1,,,,,,,,*,303zt/img001-ex.jpg,*,303zt/img001-ex.jpg,,,,,,,,,,,,,,,,,,,,,,,0,1,en_sb_ex_274_bt,,1,,47770,51520,,5,,,,,,,,,,,,,,,,,"23,29","NEW extension,Extension SoftBank 303ZT"
1669,13282,748,656,Yes,275,2,カート用延長フラグ,Extension SoftBank 303ZT,1,,,,,,,,*,303zt/img001-ex.jpg,*,303zt/img001-ex.jpg,,,,,,,,,,,,,,,,,,,,,,,0,1,en_sb_ex_275_bt,,1,,48260,52060,,5,,,,,,,,,,,,,,,,,"23,29","NEW extension,Extension SoftBank 303ZT"
1669,13284,748,657,Yes,276,2,カート用延長フラグ,Extension SoftBank 303ZT,1,,,,,,,,*,303zt/img001-ex.jpg,*,303zt/img001-ex.jpg,,,,,,,,,,,,,,,,,,,,,,,0,1,en_sb_ex_276_bt,,1,,48750,52600,,5,,,,,,,,,,,,,,,,,"23,29","NEW extension,Extension SoftBank 303ZT"
1669,13286,748,658,Yes,277,2,カート用延長フラグ,Extension SoftBank 303ZT,1,,,,,,,,*,303zt/img001-ex.jpg,*,303zt/img001-ex.jpg,,,,,,,,,,,,,,,,,,,,,,,0,1,en_sb_ex_277_bt,,1,,49240,53140,,5,,,,,,,,,,,,,,,,,"23,29","NEW extension,Extension SoftBank 303ZT"
1669,13288,748,659,Yes,278,2,カート用延長フラグ,Extension SoftBank 303ZT,1,,,,,,,,*,303zt/img001-ex.jpg,*,303zt/img001-ex.jpg,,,,,,,,,,,,,,,,,,,,,,,0,1,en_sb_ex_278_bt,,1,,49730,53630,,5,,,,,,,,,,,,,,,,,"23,29","NEW extension,Extension SoftBank 303ZT"
1669,13290,748,660,Yes,279,2,カート用延長フラグ,Extension SoftBank 303ZT,1,,,,,,,,*,303zt/img001-ex.jpg,*,303zt/img001-ex.jpg,,,,,,,,,,,,,,,,,,,,,,,0,1,en_sb_ex_279_bt,,1,,50220,54120,,5,,,,,,,,,,,,,,,,,"23,29","NEW extension,Extension SoftBank 303ZT"
1669,13292,748,661,Yes,280,2,カート用延長フラグ,Extension SoftBank 303ZT,1,,,,,,,,*,303zt/img001-ex.jpg,*,303zt/img001-ex.jpg,,,,,,,,,,,,,,,,,,,,,,,0,1,en_sb_ex_280_bt,,1,,50710,54610,,5,,,,,,,,,,,,,,,,,"23,29","NEW extension,Extension SoftBank 303ZT"
1669,13294,748,662,Yes,281,2,カート用延長フラグ,Extension SoftBank 303ZT,1,,,,,,,,*,303zt/img001-ex.jpg,*,303zt/img001-ex.jpg,,,,,,,,,,,,,,,,,,,,,,,0,1,en_sb_ex_301_bt,,1,,51000,54900,,5,,,,,,,,,,,,,,,,,"23,29","NEW extension,Extension SoftBank 303ZT"
1669,13296,748,663,Yes,282,2,カート用延長フラグ,Extension SoftBank 303ZT,1,,,,,,,,*,303zt/img001-ex.jpg,*,303zt/img001-ex.jpg,,,,,,,,,,,,,,,,,,,,,,,0,1,en_sb_ex_301_bt,,1,,51000,54900,,5,,,,,,,,,,,,,,,,,"23,29","NEW extension,Extension SoftBank 303ZT"
1669,13298,748,664,Yes,283,2,カート用延長フラグ,Extension SoftBank 303ZT,1,,,,,,,,*,303zt/img001-ex.jpg,*,303zt/img001-ex.jpg,,,,,,,,,,,,,,,,,,,,,,,0,1,en_sb_ex_301_bt,,1,,51000,54900,,5,,,,,,,,,,,,,,,,,"23,29","NEW extension,Extension SoftBank 303ZT"
1669,13300,748,665,Yes,284,2,カート用延長フラグ,Extension SoftBank 303ZT,1,,,,,,,,*,303zt/img001-ex.jpg,*,303zt/img001-ex.jpg,,,,,,,,,,,,,,,,,,,,,,,0,1,en_sb_ex_301_bt,,1,,51000,54900,,5,,,,,,,,,,,,,,,,,"23,29","NEW extension,Extension SoftBank 303ZT"
1669,13302,748,666,Yes,285,2,カート用延長フラグ,Extension SoftBank 303ZT,1,,,,,,,,*,303zt/img001-ex.jpg,*,303zt/img001-ex.jpg,,,,,,,,,,,,,,,,,,,,,,,0,1,en_sb_ex_301_bt,,1,,51000,54900,,5,,,,,,,,,,,,,,,,,"23,29","NEW extension,Extension SoftBank 303ZT"
1669,13304,748,667,Yes,286,2,カート用延長フラグ,Extension SoftBank 303ZT,1,,,,,,,,*,303zt/img001-ex.jpg,*,303zt/img001-ex.jpg,,,,,,,,,,,,,,,,,,,,,,,0,1,en_sb_ex_301_bt,,1,,51000,54900,,5,,,,,,,,,,,,,,,,,"23,29","NEW extension,Extension SoftBank 303ZT"
1669,13306,748,668,Yes,287,2,カート用延長フラグ,Extension SoftBank 303ZT,1,,,,,,,,*,303zt/img001-ex.jpg,*,303zt/img001-ex.jpg,,,,,,,,,,,,,,,,,,,,,,,0,1,en_sb_ex_301_bt,,1,,51000,54900,,5,,,,,,,,,,,,,,,,,"23,29","NEW extension,Extension SoftBank 303ZT"
1669,13308,748,669,Yes,288,2,カート用延長フラグ,Extension SoftBank 303ZT,1,,,,,,,,*,303zt/img001-ex.jpg,*,303zt/img001-ex.jpg,,,,,,,,,,,,,,,,,,,,,,,0,1,en_sb_ex_301_bt,,1,,51000,54900,,5,,,,,,,,,,,,,,,,,"23,29","NEW extension,Extension SoftBank 303ZT"
1669,13310,748,670,Yes,289,2,カート用延長フラグ,Extension SoftBank 303ZT,1,,,,,,,,*,303zt/img001-ex.jpg,*,303zt/img001-ex.jpg,,,,,,,,,,,,,,,,,,,,,,,0,1,en_sb_ex_301_bt,,1,,51000,54900,,5,,,,,,,,,,,,,,,,,"23,29","NEW extension,Extension SoftBank 303ZT"
1669,13312,748,671,Yes,290,2,カート用延長フラグ,Extension SoftBank 303ZT,1,,,,,,,,*,303zt/img001-ex.jpg,*,303zt/img001-ex.jpg,,,,,,,,,,,,,,,,,,,,,,,0,1,en_sb_ex_301_bt,,1,,51000,54900,,5,,,,,,,,,,,,,,,,,"23,29","NEW extension,Extension SoftBank 303ZT"
1669,13314,748,672,Yes,291,2,カート用延長フラグ,Extension SoftBank 303ZT,1,,,,,,,,*,303zt/img001-ex.jpg,*,303zt/img001-ex.jpg,,,,,,,,,,,,,,,,,,,,,,,0,1,en_sb_ex_301_bt,,1,,51000,54900,,5,,,,,,,,,,,,,,,,,"23,29","NEW extension,Extension SoftBank 303ZT"
1669,13316,748,673,Yes,292,2,カート用延長フラグ,Extension SoftBank 303ZT,1,,,,,,,,*,303zt/img001-ex.jpg,*,303zt/img001-ex.jpg,,,,,,,,,,,,,,,,,,,,,,,0,1,en_sb_ex_301_bt,,1,,51000,54900,,5,,,,,,,,,,,,,,,,,"23,29","NEW extension,Extension SoftBank 303ZT"
1669,13318,748,674,Yes,293,2,カート用延長フラグ,Extension SoftBank 303ZT,1,,,,,,,,*,303zt/img001-ex.jpg,*,303zt/img001-ex.jpg,,,,,,,,,,,,,,,,,,,,,,,0,1,en_sb_ex_301_bt,,1,,51000,54900,,5,,,,,,,,,,,,,,,,,"23,29","NEW extension,Extension SoftBank 303ZT"
1669,13320,748,675,Yes,294,2,カート用延長フラグ,Extension SoftBank 303ZT,1,,,,,,,,*,303zt/img001-ex.jpg,*,303zt/img001-ex.jpg,,,,,,,,,,,,,,,,,,,,,,,0,1,en_sb_ex_301_bt,,1,,51000,54900,,5,,,,,,,,,,,,,,,,,"23,29","NEW extension,Extension SoftBank 303ZT"
1669,13322,748,676,Yes,295,2,カート用延長フラグ,Extension SoftBank 303ZT,1,,,,,,,,*,303zt/img001-ex.jpg,*,303zt/img001-ex.jpg,,,,,,,,,,,,,,,,,,,,,,,0,1,en_sb_ex_301_bt,,1,,51000,54900,,5,,,,,,,,,,,,,,,,,"23,29","NEW extension,Extension SoftBank 303ZT"
1669,13324,748,677,Yes,296,2,カート用延長フラグ,Extension SoftBank 303ZT,1,,,,,,,,*,303zt/img001-ex.jpg,*,303zt/img001-ex.jpg,,,,,,,,,,,,,,,,,,,,,,,0,1,en_sb_ex_301_bt,,1,,51000,54900,,5,,,,,,,,,,,,,,,,,"23,29","NEW extension,Extension SoftBank 303ZT"
1669,13326,748,678,Yes,297,2,カート用延長フラグ,Extension SoftBank 303ZT,1,,,,,,,,*,303zt/img001-ex.jpg,*,303zt/img001-ex.jpg,,,,,,,,,,,,,,,,,,,,,,,0,1,en_sb_ex_301_bt,,1,,51000,54900,,5,,,,,,,,,,,,,,,,,"23,29","NEW extension,Extension SoftBank 303ZT"
1669,13328,748,679,Yes,298,2,カート用延長フラグ,Extension SoftBank 303ZT,1,,,,,,,,*,303zt/img001-ex.jpg,*,303zt/img001-ex.jpg,,,,,,,,,,,,,,,,,,,,,,,0,1,en_sb_ex_301_bt,,1,,51000,54900,,5,,,,,,,,,,,,,,,,,"23,29","NEW extension,Extension SoftBank 303ZT"
1669,13330,748,680,Yes,299,2,カート用延長フラグ,Extension SoftBank 303ZT,1,,,,,,,,*,303zt/img001-ex.jpg,*,303zt/img001-ex.jpg,,,,,,,,,,,,,,,,,,,,,,,0,1,en_sb_ex_301_bt,,1,,51000,54900,,5,,,,,,,,,,,,,,,,,"23,29","NEW extension,Extension SoftBank 303ZT"
1669,13332,748,681,Yes,300,2,カート用延長フラグ,Extension SoftBank 303ZT,1,,,,,,,,*,303zt/img001-ex.jpg,*,303zt/img001-ex.jpg,,,,,,,,,,,,,,,,,,,,,,,0,1,en_sb_ex_301_bt,,1,,51000,54900,,5,,,,,,,,,,,,,,,,,"23,29","NEW extension,Extension SoftBank 303ZT"
1669,13334,748,682,Yes,301,2,カート用延長フラグ,Extension SoftBank 303ZT,1,,,,,,,,*,303zt/img001-ex.jpg,*,303zt/img001-ex.jpg,,,,,,,,,,,,,,,,,,,,,,,0,1,en_sb_ex_301_bt,,1,,51000,54900,,5,,,,,,,,,,,,,,,,,"23,29","NEW extension,Extension SoftBank 303ZT"
1669,13336,748,683,Yes,302,2,カート用延長フラグ,Extension SoftBank 303ZT,1,,,,,,,,*,303zt/img001-ex.jpg,*,303zt/img001-ex.jpg,,,,,,,,,,,,,,,,,,,,,,,0,1,en_sb_ex_302_bt,,1,,51490,55440,,5,,,,,,,,,,,,,,,,,"23,29","NEW extension,Extension SoftBank 303ZT"
1669,13338,748,684,Yes,303,2,カート用延長フラグ,Extension SoftBank 303ZT,1,,,,,,,,*,303zt/img001-ex.jpg,*,303zt/img001-ex.jpg,,,,,,,,,,,,,,,,,,,,,,,0,1,en_sb_ex_303_bt,,1,,51980,55980,,5,,,,,,,,,,,,,,,,,"23,29","NEW extension,Extension SoftBank 303ZT"
1669,13340,748,685,Yes,304,2,カート用延長フラグ,Extension SoftBank 303ZT,1,,,,,,,,*,303zt/img001-ex.jpg,*,303zt/img001-ex.jpg,,,,,,,,,,,,,,,,,,,,,,,0,1,en_sb_ex_304_bt,,1,,52470,56520,,5,,,,,,,,,,,,,,,,,"23,29","NEW extension,Extension SoftBank 303ZT"
1669,13342,748,686,Yes,305,2,カート用延長フラグ,Extension SoftBank 303ZT,1,,,,,,,,*,303zt/img001-ex.jpg,*,303zt/img001-ex.jpg,,,,,,,,,,,,,,,,,,,,,,,0,1,en_sb_ex_305_bt,,1,,52960,57060,,5,,,,,,,,,,,,,,,,,"23,29","NEW extension,Extension SoftBank 303ZT"
1669,13344,748,687,Yes,306,2,カート用延長フラグ,Extension SoftBank 303ZT,1,,,,,,,,*,303zt/img001-ex.jpg,*,303zt/img001-ex.jpg,,,,,,,,,,,,,,,,,,,,,,,0,1,en_sb_ex_306_bt,,1,,53450,57600,,5,,,,,,,,,,,,,,,,,"23,29","NEW extension,Extension SoftBank 303ZT"
1669,13346,748,688,Yes,307,2,カート用延長フラグ,Extension SoftBank 303ZT,1,,,,,,,,*,303zt/img001-ex.jpg,*,303zt/img001-ex.jpg,,,,,,,,,,,,,,,,,,,,,,,0,1,en_sb_ex_331_bt,,1,,53500,57700,,5,,,,,,,,,,,,,,,,,"23,29","NEW extension,Extension SoftBank 303ZT"
1669,13348,748,689,Yes,308,2,カート用延長フラグ,Extension SoftBank 303ZT,1,,,,,,,,*,303zt/img001-ex.jpg,*,303zt/img001-ex.jpg,,,,,,,,,,,,,,,,,,,,,,,0,1,en_sb_ex_331_bt,,1,,53500,57700,,5,,,,,,,,,,,,,,,,,"23,29","NEW extension,Extension SoftBank 303ZT"
1669,13350,748,690,Yes,309,2,カート用延長フラグ,Extension SoftBank 303ZT,1,,,,,,,,*,303zt/img001-ex.jpg,*,303zt/img001-ex.jpg,,,,,,,,,,,,,,,,,,,,,,,0,1,en_sb_ex_331_bt,,1,,53500,57700,,5,,,,,,,,,,,,,,,,,"23,29","NEW extension,Extension SoftBank 303ZT"
1669,13352,748,691,Yes,310,2,カート用延長フラグ,Extension SoftBank 303ZT,1,,,,,,,,*,303zt/img001-ex.jpg,*,303zt/img001-ex.jpg,,,,,,,,,,,,,,,,,,,,,,,0,1,en_sb_ex_331_bt,,1,,53500,57700,,5,,,,,,,,,,,,,,,,,"23,29","NEW extension,Extension SoftBank 303ZT"
1669,13354,748,692,Yes,311,2,カート用延長フラグ,Extension SoftBank 303ZT,1,,,,,,,,*,303zt/img001-ex.jpg,*,303zt/img001-ex.jpg,,,,,,,,,,,,,,,,,,,,,,,0,1,en_sb_ex_331_bt,,1,,53500,57700,,5,,,,,,,,,,,,,,,,,"23,29","NEW extension,Extension SoftBank 303ZT"
1669,13356,748,693,Yes,312,2,カート用延長フラグ,Extension SoftBank 303ZT,1,,,,,,,,*,303zt/img001-ex.jpg,*,303zt/img001-ex.jpg,,,,,,,,,,,,,,,,,,,,,,,0,1,en_sb_ex_331_bt,,1,,53500,57700,,5,,,,,,,,,,,,,,,,,"23,29","NEW extension,Extension SoftBank 303ZT"
1669,13358,748,694,Yes,313,2,カート用延長フラグ,Extension SoftBank 303ZT,1,,,,,,,,*,303zt/img001-ex.jpg,*,303zt/img001-ex.jpg,,,,,,,,,,,,,,,,,,,,,,,0,1,en_sb_ex_331_bt,,1,,53500,57700,,5,,,,,,,,,,,,,,,,,"23,29","NEW extension,Extension SoftBank 303ZT"
1669,13360,748,695,Yes,314,2,カート用延長フラグ,Extension SoftBank 303ZT,1,,,,,,,,*,303zt/img001-ex.jpg,*,303zt/img001-ex.jpg,,,,,,,,,,,,,,,,,,,,,,,0,1,en_sb_ex_331_bt,,1,,53500,57700,,5,,,,,,,,,,,,,,,,,"23,29","NEW extension,Extension SoftBank 303ZT"
1669,13362,748,696,Yes,315,2,カート用延長フラグ,Extension SoftBank 303ZT,1,,,,,,,,*,303zt/img001-ex.jpg,*,303zt/img001-ex.jpg,,,,,,,,,,,,,,,,,,,,,,,0,1,en_sb_ex_331_bt,,1,,53500,57700,,5,,,,,,,,,,,,,,,,,"23,29","NEW extension,Extension SoftBank 303ZT"
1669,13364,748,697,Yes,316,2,カート用延長フラグ,Extension SoftBank 303ZT,1,,,,,,,,*,303zt/img001-ex.jpg,*,303zt/img001-ex.jpg,,,,,,,,,,,,,,,,,,,,,,,0,1,en_sb_ex_331_bt,,1,,53500,57700,,5,,,,,,,,,,,,,,,,,"23,29","NEW extension,Extension SoftBank 303ZT"
1669,13366,748,698,Yes,317,2,カート用延長フラグ,Extension SoftBank 303ZT,1,,,,,,,,*,303zt/img001-ex.jpg,*,303zt/img001-ex.jpg,,,,,,,,,,,,,,,,,,,,,,,0,1,en_sb_ex_331_bt,,1,,53500,57700,,5,,,,,,,,,,,,,,,,,"23,29","NEW extension,Extension SoftBank 303ZT"
1669,13368,748,699,Yes,318,2,カート用延長フラグ,Extension SoftBank 303ZT,1,,,,,,,,*,303zt/img001-ex.jpg,*,303zt/img001-ex.jpg,,,,,,,,,,,,,,,,,,,,,,,0,1,en_sb_ex_331_bt,,1,,53500,57700,,5,,,,,,,,,,,,,,,,,"23,29","NEW extension,Extension SoftBank 303ZT"
1669,13370,748,700,Yes,319,2,カート用延長フラグ,Extension SoftBank 303ZT,1,,,,,,,,*,303zt/img001-ex.jpg,*,303zt/img001-ex.jpg,,,,,,,,,,,,,,,,,,,,,,,0,1,en_sb_ex_331_bt,,1,,53500,57700,,5,,,,,,,,,,,,,,,,,"23,29","NEW extension,Extension SoftBank 303ZT"
1669,13372,748,701,Yes,320,2,カート用延長フラグ,Extension SoftBank 303ZT,1,,,,,,,,*,303zt/img001-ex.jpg,*,303zt/img001-ex.jpg,,,,,,,,,,,,,,,,,,,,,,,0,1,en_sb_ex_331_bt,,1,,53500,57700,,5,,,,,,,,,,,,,,,,,"23,29","NEW extension,Extension SoftBank 303ZT"
1669,13374,748,702,Yes,321,2,カート用延長フラグ,Extension SoftBank 303ZT,1,,,,,,,,*,303zt/img001-ex.jpg,*,303zt/img001-ex.jpg,,,,,,,,,,,,,,,,,,,,,,,0,1,en_sb_ex_331_bt,,1,,53500,57700,,5,,,,,,,,,,,,,,,,,"23,29","NEW extension,Extension SoftBank 303ZT"
1669,13376,748,703,Yes,322,2,カート用延長フラグ,Extension SoftBank 303ZT,1,,,,,,,,*,303zt/img001-ex.jpg,*,303zt/img001-ex.jpg,,,,,,,,,,,,,,,,,,,,,,,0,1,en_sb_ex_331_bt,,1,,53500,57700,,5,,,,,,,,,,,,,,,,,"23,29","NEW extension,Extension SoftBank 303ZT"
1669,13378,748,704,Yes,323,2,カート用延長フラグ,Extension SoftBank 303ZT,1,,,,,,,,*,303zt/img001-ex.jpg,*,303zt/img001-ex.jpg,,,,,,,,,,,,,,,,,,,,,,,0,1,en_sb_ex_331_bt,,1,,53500,57700,,5,,,,,,,,,,,,,,,,,"23,29","NEW extension,Extension SoftBank 303ZT"
1669,13380,748,705,Yes,324,2,カート用延長フラグ,Extension SoftBank 303ZT,1,,,,,,,,*,303zt/img001-ex.jpg,*,303zt/img001-ex.jpg,,,,,,,,,,,,,,,,,,,,,,,0,1,en_sb_ex_331_bt,,1,,53500,57700,,5,,,,,,,,,,,,,,,,,"23,29","NEW extension,Extension SoftBank 303ZT"
1669,13382,748,706,Yes,325,2,カート用延長フラグ,Extension SoftBank 303ZT,1,,,,,,,,*,303zt/img001-ex.jpg,*,303zt/img001-ex.jpg,,,,,,,,,,,,,,,,,,,,,,,0,1,en_sb_ex_331_bt,,1,,53500,57700,,5,,,,,,,,,,,,,,,,,"23,29","NEW extension,Extension SoftBank 303ZT"
1669,13384,748,707,Yes,326,2,カート用延長フラグ,Extension SoftBank 303ZT,1,,,,,,,,*,303zt/img001-ex.jpg,*,303zt/img001-ex.jpg,,,,,,,,,,,,,,,,,,,,,,,0,1,en_sb_ex_331_bt,,1,,53500,57700,,5,,,,,,,,,,,,,,,,,"23,29","NEW extension,Extension SoftBank 303ZT"
1669,13386,748,708,Yes,327,2,カート用延長フラグ,Extension SoftBank 303ZT,1,,,,,,,,*,303zt/img001-ex.jpg,*,303zt/img001-ex.jpg,,,,,,,,,,,,,,,,,,,,,,,0,1,en_sb_ex_331_bt,,1,,53500,57700,,5,,,,,,,,,,,,,,,,,"23,29","NEW extension,Extension SoftBank 303ZT"
1669,13388,748,709,Yes,328,2,カート用延長フラグ,Extension SoftBank 303ZT,1,,,,,,,,*,303zt/img001-ex.jpg,*,303zt/img001-ex.jpg,,,,,,,,,,,,,,,,,,,,,,,0,1,en_sb_ex_331_bt,,1,,53500,57700,,5,,,,,,,,,,,,,,,,,"23,29","NEW extension,Extension SoftBank 303ZT"
1669,13390,748,710,Yes,329,2,カート用延長フラグ,Extension SoftBank 303ZT,1,,,,,,,,*,303zt/img001-ex.jpg,*,303zt/img001-ex.jpg,,,,,,,,,,,,,,,,,,,,,,,0,1,en_sb_ex_331_bt,,1,,53500,57700,,5,,,,,,,,,,,,,,,,,"23,29","NEW extension,Extension SoftBank 303ZT"
1669,13392,748,711,Yes,330,2,カート用延長フラグ,Extension SoftBank 303ZT,1,,,,,,,,*,303zt/img001-ex.jpg,*,303zt/img001-ex.jpg,,,,,,,,,,,,,,,,,,,,,,,0,1,en_sb_ex_331_bt,,1,,53500,57700,,5,,,,,,,,,,,,,,,,,"23,29","NEW extension,Extension SoftBank 303ZT"
1669,13394,748,712,Yes,331,2,カート用延長フラグ,Extension SoftBank 303ZT,1,,,,,,,,*,303zt/img001-ex.jpg,*,303zt/img001-ex.jpg,,,,,,,,,,,,,,,,,,,,,,,0,1,en_sb_ex_331_bt,,1,,53500,57700,,5,,,,,,,,,,,,,,,,,"23,29","NEW extension,Extension SoftBank 303ZT"
1669,13396,748,713,Yes,332,2,カート用延長フラグ,Extension SoftBank 303ZT,1,,,,,,,,*,303zt/img001-ex.jpg,*,303zt/img001-ex.jpg,,,,,,,,,,,,,,,,,,,,,,,0,1,en_sb_ex_332_bt,,1,,53990,58240,,5,,,,,,,,,,,,,,,,,"23,29","NEW extension,Extension SoftBank 303ZT"
1669,13398,748,714,Yes,333,2,カート用延長フラグ,Extension SoftBank 303ZT,1,,,,,,,,*,303zt/img001-ex.jpg,*,303zt/img001-ex.jpg,,,,,,,,,,,,,,,,,,,,,,,0,1,en_sb_ex_333_bt,,1,,54480,58780,,5,,,,,,,,,,,,,,,,,"23,29","NEW extension,Extension SoftBank 303ZT"
1669,13400,748,715,Yes,334,2,カート用延長フラグ,Extension SoftBank 303ZT,1,,,,,,,,*,303zt/img001-ex.jpg,*,303zt/img001-ex.jpg,,,,,,,,,,,,,,,,,,,,,,,0,1,en_sb_ex_334_bt,,1,,54970,59320,,5,,,,,,,,,,,,,,,,,"23,29","NEW extension,Extension SoftBank 303ZT"
1669,13402,748,717,Yes,335,2,カート用延長フラグ,Extension SoftBank 303ZT,1,,,,,,,,*,303zt/img001-ex.jpg,*,303zt/img001-ex.jpg,,,,,,,,,,,,,,,,,,,,,,,0,1,en_sb_ex_335_bt,,1,,55460,59860,,5,,,,,,,,,,,,,,,,,"23,29","NEW extension,Extension SoftBank 303ZT"
1669,13404,748,718,Yes,336,2,カート用延長フラグ,Extension SoftBank 303ZT,1,,,,,,,,*,303zt/img001-ex.jpg,*,303zt/img001-ex.jpg,,,,,,,,,,,,,,,,,,,,,,,0,1,en_sb_ex_336_bt,,1,,55950,60400,,5,,,,,,,,,,,,,,,,,"23,29","NEW extension,Extension SoftBank 303ZT"
1669,13406,748,719,Yes,337,2,カート用延長フラグ,Extension SoftBank 303ZT,1,,,,,,,,*,303zt/img001-ex.jpg,*,303zt/img001-ex.jpg,,,,,,,,,,,,,,,,,,,,,,,0,1,en_sb_ex_361_bt,,1,,56000,60500,,5,,,,,,,,,,,,,,,,,"23,29","NEW extension,Extension SoftBank 303ZT"
1669,13408,748,720,Yes,338,2,カート用延長フラグ,Extension SoftBank 303ZT,1,,,,,,,,*,303zt/img001-ex.jpg,*,303zt/img001-ex.jpg,,,,,,,,,,,,,,,,,,,,,,,0,1,en_sb_ex_361_bt,,1,,56000,60500,,5,,,,,,,,,,,,,,,,,"23,29","NEW extension,Extension SoftBank 303ZT"
1669,13410,748,721,Yes,339,2,カート用延長フラグ,Extension SoftBank 303ZT,1,,,,,,,,*,303zt/img001-ex.jpg,*,303zt/img001-ex.jpg,,,,,,,,,,,,,,,,,,,,,,,0,1,en_sb_ex_361_bt,,1,,56000,60500,,5,,,,,,,,,,,,,,,,,"23,29","NEW extension,Extension SoftBank 303ZT"
1669,13412,748,722,Yes,340,2,カート用延長フラグ,Extension SoftBank 303ZT,1,,,,,,,,*,303zt/img001-ex.jpg,*,303zt/img001-ex.jpg,,,,,,,,,,,,,,,,,,,,,,,0,1,en_sb_ex_361_bt,,1,,56000,60500,,5,,,,,,,,,,,,,,,,,"23,29","NEW extension,Extension SoftBank 303ZT"
1669,13414,748,723,Yes,341,2,カート用延長フラグ,Extension SoftBank 303ZT,1,,,,,,,,*,303zt/img001-ex.jpg,*,303zt/img001-ex.jpg,,,,,,,,,,,,,,,,,,,,,,,0,1,en_sb_ex_361_bt,,1,,56000,60500,,5,,,,,,,,,,,,,,,,,"23,29","NEW extension,Extension SoftBank 303ZT"
1669,13416,748,724,Yes,342,2,カート用延長フラグ,Extension SoftBank 303ZT,1,,,,,,,,*,303zt/img001-ex.jpg,*,303zt/img001-ex.jpg,,,,,,,,,,,,,,,,,,,,,,,0,1,en_sb_ex_361_bt,,1,,56000,60500,,5,,,,,,,,,,,,,,,,,"23,29","NEW extension,Extension SoftBank 303ZT"
1669,13418,748,725,Yes,343,2,カート用延長フラグ,Extension SoftBank 303ZT,1,,,,,,,,*,303zt/img001-ex.jpg,*,303zt/img001-ex.jpg,,,,,,,,,,,,,,,,,,,,,,,0,1,en_sb_ex_361_bt,,1,,56000,60500,,5,,,,,,,,,,,,,,,,,"23,29","NEW extension,Extension SoftBank 303ZT"
1669,13420,748,726,Yes,344,2,カート用延長フラグ,Extension SoftBank 303ZT,1,,,,,,,,*,303zt/img001-ex.jpg,*,303zt/img001-ex.jpg,,,,,,,,,,,,,,,,,,,,,,,0,1,en_sb_ex_361_bt,,1,,56000,60500,,5,,,,,,,,,,,,,,,,,"23,29","NEW extension,Extension SoftBank 303ZT"
1669,13422,748,727,Yes,345,2,カート用延長フラグ,Extension SoftBank 303ZT,1,,,,,,,,*,303zt/img001-ex.jpg,*,303zt/img001-ex.jpg,,,,,,,,,,,,,,,,,,,,,,,0,1,en_sb_ex_361_bt,,1,,56000,60500,,5,,,,,,,,,,,,,,,,,"23,29","NEW extension,Extension SoftBank 303ZT"
1669,13424,748,728,Yes,346,2,カート用延長フラグ,Extension SoftBank 303ZT,1,,,,,,,,*,303zt/img001-ex.jpg,*,303zt/img001-ex.jpg,,,,,,,,,,,,,,,,,,,,,,,0,1,en_sb_ex_361_bt,,1,,56000,60500,,5,,,,,,,,,,,,,,,,,"23,29","NEW extension,Extension SoftBank 303ZT"
1669,13426,748,729,Yes,347,2,カート用延長フラグ,Extension SoftBank 303ZT,1,,,,,,,,*,303zt/img001-ex.jpg,*,303zt/img001-ex.jpg,,,,,,,,,,,,,,,,,,,,,,,0,1,en_sb_ex_361_bt,,1,,56000,60500,,5,,,,,,,,,,,,,,,,,"23,29","NEW extension,Extension SoftBank 303ZT"
1669,13428,748,730,Yes,348,2,カート用延長フラグ,Extension SoftBank 303ZT,1,,,,,,,,*,303zt/img001-ex.jpg,*,303zt/img001-ex.jpg,,,,,,,,,,,,,,,,,,,,,,,0,1,en_sb_ex_361_bt,,1,,56000,60500,,5,,,,,,,,,,,,,,,,,"23,29","NEW extension,Extension SoftBank 303ZT"
1669,13430,748,731,Yes,349,2,カート用延長フラグ,Extension SoftBank 303ZT,1,,,,,,,,*,303zt/img001-ex.jpg,*,303zt/img001-ex.jpg,,,,,,,,,,,,,,,,,,,,,,,0,1,en_sb_ex_361_bt,,1,,56000,60500,,5,,,,,,,,,,,,,,,,,"23,29","NEW extension,Extension SoftBank 303ZT"
1669,13432,748,732,Yes,350,2,カート用延長フラグ,Extension SoftBank 303ZT,1,,,,,,,,*,303zt/img001-ex.jpg,*,303zt/img001-ex.jpg,,,,,,,,,,,,,,,,,,,,,,,0,1,en_sb_ex_361_bt,,1,,56000,60500,,5,,,,,,,,,,,,,,,,,"23,29","NEW extension,Extension SoftBank 303ZT"
1669,13434,748,733,Yes,351,2,カート用延長フラグ,Extension SoftBank 303ZT,1,,,,,,,,*,303zt/img001-ex.jpg,*,303zt/img001-ex.jpg,,,,,,,,,,,,,,,,,,,,,,,0,1,en_sb_ex_361_bt,,1,,56000,60500,,5,,,,,,,,,,,,,,,,,"23,29","NEW extension,Extension SoftBank 303ZT"
1669,13436,748,734,Yes,352,2,カート用延長フラグ,Extension SoftBank 303ZT,1,,,,,,,,*,303zt/img001-ex.jpg,*,303zt/img001-ex.jpg,,,,,,,,,,,,,,,,,,,,,,,0,1,en_sb_ex_361_bt,,1,,56000,60500,,5,,,,,,,,,,,,,,,,,"23,29","NEW extension,Extension SoftBank 303ZT"
1669,13438,748,735,Yes,353,2,カート用延長フラグ,Extension SoftBank 303ZT,1,,,,,,,,*,303zt/img001-ex.jpg,*,303zt/img001-ex.jpg,,,,,,,,,,,,,,,,,,,,,,,0,1,en_sb_ex_361_bt,,1,,56000,60500,,5,,,,,,,,,,,,,,,,,"23,29","NEW extension,Extension SoftBank 303ZT"
1669,13440,748,736,Yes,354,2,カート用延長フラグ,Extension SoftBank 303ZT,1,,,,,,,,*,303zt/img001-ex.jpg,*,303zt/img001-ex.jpg,,,,,,,,,,,,,,,,,,,,,,,0,1,en_sb_ex_361_bt,,1,,56000,60500,,5,,,,,,,,,,,,,,,,,"23,29","NEW extension,Extension SoftBank 303ZT"
1669,13442,748,737,Yes,355,2,カート用延長フラグ,Extension SoftBank 303ZT,1,,,,,,,,*,303zt/img001-ex.jpg,*,303zt/img001-ex.jpg,,,,,,,,,,,,,,,,,,,,,,,0,1,en_sb_ex_361_bt,,1,,56000,60500,,5,,,,,,,,,,,,,,,,,"23,29","NEW extension,Extension SoftBank 303ZT"
1669,13444,748,738,Yes,356,2,カート用延長フラグ,Extension SoftBank 303ZT,1,,,,,,,,*,303zt/img001-ex.jpg,*,303zt/img001-ex.jpg,,,,,,,,,,,,,,,,,,,,,,,0,1,en_sb_ex_361_bt,,1,,56000,60500,,5,,,,,,,,,,,,,,,,,"23,29","NEW extension,Extension SoftBank 303ZT"
1669,13446,748,739,Yes,357,2,カート用延長フラグ,Extension SoftBank 303ZT,1,,,,,,,,*,303zt/img001-ex.jpg,*,303zt/img001-ex.jpg,,,,,,,,,,,,,,,,,,,,,,,0,1,en_sb_ex_361_bt,,1,,56000,60500,,5,,,,,,,,,,,,,,,,,"23,29","NEW extension,Extension SoftBank 303ZT"
1669,13448,748,740,Yes,358,2,カート用延長フラグ,Extension SoftBank 303ZT,1,,,,,,,,*,303zt/img001-ex.jpg,*,303zt/img001-ex.jpg,,,,,,,,,,,,,,,,,,,,,,,0,1,en_sb_ex_361_bt,,1,,56000,60500,,5,,,,,,,,,,,,,,,,,"23,29","NEW extension,Extension SoftBank 303ZT"
1669,13450,748,741,Yes,359,2,カート用延長フラグ,Extension SoftBank 303ZT,1,,,,,,,,*,303zt/img001-ex.jpg,*,303zt/img001-ex.jpg,,,,,,,,,,,,,,,,,,,,,,,0,1,en_sb_ex_361_bt,,1,,56000,60500,,5,,,,,,,,,,,,,,,,,"23,29","NEW extension,Extension SoftBank 303ZT"
1669,13452,748,742,Yes,360,2,カート用延長フラグ,Extension SoftBank 303ZT,1,,,,,,,,*,303zt/img001-ex.jpg,*,303zt/img001-ex.jpg,,,,,,,,,,,,,,,,,,,,,,,0,1,en_sb_ex_361_bt,,1,,56000,60500,,5,,,,,,,,,,,,,,,,,"23,29","NEW extension,Extension SoftBank 303ZT"
1669,13454,748,743,Yes,361,2,カート用延長フラグ,Extension SoftBank 303ZT,1,,,,,,,,*,303zt/img001-ex.jpg,*,303zt/img001-ex.jpg,,,,,,,,,,,,,,,,,,,,,,,0,1,en_sb_ex_361_bt,,1,,56000,60500,,5,,,,,,,,,,,,,,,,,"23,29","NEW extension,Extension SoftBank 303ZT"
1669,13456,748,744,Yes,362,2,カート用延長フラグ,Extension SoftBank 303ZT,1,,,,,,,,*,303zt/img001-ex.jpg,*,303zt/img001-ex.jpg,,,,,,,,,,,,,,,,,,,,,,,0,1,en_sb_ex_362_bt,,1,,56490,61040,,5,,,,,,,,,,,,,,,,,"23,29","NEW extension,Extension SoftBank 303ZT"
1669,13458,748,745,Yes,363,2,カート用延長フラグ,Extension SoftBank 303ZT,1,,,,,,,,*,303zt/img001-ex.jpg,*,303zt/img001-ex.jpg,,,,,,,,,,,,,,,,,,,,,,,0,1,en_sb_ex_363_bt,,1,,56980,61580,,5,,,,,,,,,,,,,,,,,"23,29","NEW extension,Extension SoftBank 303ZT"
1669,13460,748,746,Yes,364,2,カート用延長フラグ,Extension SoftBank 303ZT,1,,,,,,,,*,303zt/img001-ex.jpg,*,303zt/img001-ex.jpg,,,,,,,,,,,,,,,,,,,,,,,0,1,en_sb_ex_364_bt,,1,,57470,62120,,5,,,,,,,,,,,,,,,,,"23,29","NEW extension,Extension SoftBank 303ZT"
1668,12002,748,381,Yes,0,2,カート用延長フラグ,Extension au KDDI HWD11,1,,,,,,,,*,hwd11/img001-ex.jpg,*,hwd11/img001-ex.jpg,,,,,,,,,,,,,,,,,,,,,,,0,1,en_au_ex_000_bt,,1,,650,700,,5,,,,,,,,,,,,,,,,,"23,30","NEW extension,Extension au KDDI HWD11"
1668,12004,748,382,Yes,1,2,カート用延長フラグ,Extension au KDDI HWD11,1,,,,,,,,*,hwd11/img001-ex.jpg,*,hwd11/img001-ex.jpg,,,,,,,,,,,,,,,,,,,,,,,0,1,en_au_ex_001_bt,,1,,1300,1400,,5,,,,,,,,,,,,,,,,,"23,30","NEW extension,Extension au KDDI HWD11"
1668,12006,748,383,Yes,2,2,カート用延長フラグ,Extension au KDDI HWD11,1,,,,,,,,*,hwd11/img001-ex.jpg,*,hwd11/img001-ex.jpg,,,,,,,,,,,,,,,,,,,,,,,0,1,en_au_ex_002_bt,,1,,1950,2100,,5,,,,,,,,,,,,,,,,,"23,30","NEW extension,Extension au KDDI HWD11"
1668,12008,748,384,Yes,3,2,カート用延長フラグ,Extension au KDDI HWD11,1,,,,,,,,*,hwd11/img001-ex.jpg,*,hwd11/img001-ex.jpg,,,,,,,,,,,,,,,,,,,,,,,0,1,en_au_ex_003_bt,,1,,2600,2800,,5,,,,,,,,,,,,,,,,,"23,30","NEW extension,Extension au KDDI HWD11"
1668,12010,748,385,Yes,4,2,カート用延長フラグ,Extension au KDDI HWD11,1,,,,,,,,*,hwd11/img001-ex.jpg,*,hwd11/img001-ex.jpg,,,,,,,,,,,,,,,,,,,,,,,0,1,en_au_ex_004_bt,,1,,3250,3500,,5,,,,,,,,,,,,,,,,,"23,30","NEW extension,Extension au KDDI HWD11"
1668,12012,748,386,Yes,5,2,カート用延長フラグ,Extension au KDDI HWD11,1,,,,,,,,*,hwd11/img001-ex.jpg,*,hwd11/img001-ex.jpg,,,,,,,,,,,,,,,,,,,,,,,0,1,en_au_ex_005_bt,,1,,3900,4200,,5,,,,,,,,,,,,,,,,,"23,30","NEW extension,Extension au KDDI HWD11"
1668,12014,748,387,Yes,6,2,カート用延長フラグ,Extension au KDDI HWD11,1,,,,,,,,*,hwd11/img001-ex.jpg,*,hwd11/img001-ex.jpg,,,,,,,,,,,,,,,,,,,,,,,0,1,en_au_ex_006_bt,,1,,4550,4900,,5,,,,,,,,,,,,,,,,,"23,30","NEW extension,Extension au KDDI HWD11"
1668,12016,748,388,Yes,7,2,カート用延長フラグ,Extension au KDDI HWD11,1,,,,,,,,*,hwd11/img001-ex.jpg,*,hwd11/img001-ex.jpg,,,,,,,,,,,,,,,,,,,,,,,0,1,en_au_ex_007_bt,,1,,5200,5600,,5,,,,,,,,,,,,,,,,,"23,30","NEW extension,Extension au KDDI HWD11"
1668,12018,748,389,Yes,8,2,カート用延長フラグ,Extension au KDDI HWD11,1,,,,,,,,*,hwd11/img001-ex.jpg,*,hwd11/img001-ex.jpg,,,,,,,,,,,,,,,,,,,,,,,0,1,en_au_ex_008_bt,,1,,5850,6300,,5,,,,,,,,,,,,,,,,,"23,30","NEW extension,Extension au KDDI HWD11"
1668,12020,748,390,Yes,9,2,カート用延長フラグ,Extension au KDDI HWD11,1,,,,,,,,*,hwd11/img001-ex.jpg,*,hwd11/img001-ex.jpg,,,,,,,,,,,,,,,,,,,,,,,0,1,en_au_ex_009_bt,,1,,6500,7000,,5,,,,,,,,,,,,,,,,,"23,30","NEW extension,Extension au KDDI HWD11"
1668,12022,748,391,Yes,10,2,カート用延長フラグ,Extension au KDDI HWD11,1,,,,,,,,*,hwd11/img001-ex.jpg,*,hwd11/img001-ex.jpg,,,,,,,,,,,,,,,,,,,,,,,0,1,en_au_ex_010_bt,,1,,7150,7700,,5,,,,,,,,,,,,,,,,,"23,30","NEW extension,Extension au KDDI HWD11"
1668,12024,748,392,Yes,11,2,カート用延長フラグ,Extension au KDDI HWD11,1,,,,,,,,*,hwd11/img001-ex.jpg,*,hwd11/img001-ex.jpg,,,,,,,,,,,,,,,,,,,,,,,0,1,en_au_ex_011_bt,,1,,7800,8400,,5,,,,,,,,,,,,,,,,,"23,30","NEW extension,Extension au KDDI HWD11"
1668,12026,748,393,Yes,12,2,カート用延長フラグ,Extension au KDDI HWD11,1,,,,,,,,*,hwd11/img001-ex.jpg,*,hwd11/img001-ex.jpg,,,,,,,,,,,,,,,,,,,,,,,0,1,en_au_ex_012_bt,,1,,8450,9100,,5,,,,,,,,,,,,,,,,,"23,30","NEW extension,Extension au KDDI HWD11"
1668,12028,748,394,Yes,13,2,カート用延長フラグ,Extension au KDDI HWD11,1,,,,,,,,*,hwd11/img001-ex.jpg,*,hwd11/img001-ex.jpg,,,,,,,,,,,,,,,,,,,,,,,0,1,en_au_ex_013_bt,,1,,9100,9800,,5,,,,,,,,,,,,,,,,,"23,30","NEW extension,Extension au KDDI HWD11"
1668,12030,748,395,Yes,14,2,カート用延長フラグ,Extension au KDDI HWD11,1,,,,,,,,*,hwd11/img001-ex.jpg,*,hwd11/img001-ex.jpg,,,,,,,,,,,,,,,,,,,,,,,0,1,en_au_ex_014_bt,,1,,9750,10500,,5,,,,,,,,,,,,,,,,,"23,30","NEW extension,Extension au KDDI HWD11"
1668,12032,748,396,Yes,15,2,カート用延長フラグ,Extension au KDDI HWD11,1,,,,,,,,*,hwd11/img001-ex.jpg,*,hwd11/img001-ex.jpg,,,,,,,,,,,,,,,,,,,,,,,0,1,en_au_ex_014_bt,,1,,9750,10500,,5,,,,,,,,,,,,,,,,,"23,30","NEW extension,Extension au KDDI HWD11"
1668,12034,748,397,Yes,16,2,カート用延長フラグ,Extension au KDDI HWD11,1,,,,,,,,*,hwd11/img001-ex.jpg,*,hwd11/img001-ex.jpg,,,,,,,,,,,,,,,,,,,,,,,0,1,en_au_ex_014_bt,,1,,9750,10500,,5,,,,,,,,,,,,,,,,,"23,30","NEW extension,Extension au KDDI HWD11"
1668,12036,748,398,Yes,17,2,カート用延長フラグ,Extension au KDDI HWD11,1,,,,,,,,*,hwd11/img001-ex.jpg,*,hwd11/img001-ex.jpg,,,,,,,,,,,,,,,,,,,,,,,0,1,en_au_ex_014_bt,,1,,9750,10500,,5,,,,,,,,,,,,,,,,,"23,30","NEW extension,Extension au KDDI HWD11"
1668,12038,748,399,Yes,18,2,カート用延長フラグ,Extension au KDDI HWD11,1,,,,,,,,*,hwd11/img001-ex.jpg,*,hwd11/img001-ex.jpg,,,,,,,,,,,,,,,,,,,,,,,0,1,en_au_ex_014_bt,,1,,9750,10500,,5,,,,,,,,,,,,,,,,,"23,30","NEW extension,Extension au KDDI HWD11"
1668,12040,748,400,Yes,19,2,カート用延長フラグ,Extension au KDDI HWD11,1,,,,,,,,*,hwd11/img001-ex.jpg,*,hwd11/img001-ex.jpg,,,,,,,,,,,,,,,,,,,,,,,0,1,en_au_ex_014_bt,,1,,9750,10500,,5,,,,,,,,,,,,,,,,,"23,30","NEW extension,Extension au KDDI HWD11"
1668,12042,748,401,Yes,20,2,カート用延長フラグ,Extension au KDDI HWD11,1,,,,,,,,*,hwd11/img001-ex.jpg,*,hwd11/img001-ex.jpg,,,,,,,,,,,,,,,,,,,,,,,0,1,en_au_ex_014_bt,,1,,9750,10500,,5,,,,,,,,,,,,,,,,,"23,30","NEW extension,Extension au KDDI HWD11"
1668,12044,748,402,Yes,21,2,カート用延長フラグ,Extension au KDDI HWD11,1,,,,,,,,*,hwd11/img001-ex.jpg,*,hwd11/img001-ex.jpg,,,,,,,,,,,,,,,,,,,,,,,0,1,en_au_ex_014_bt,,1,,9750,10500,,5,,,,,,,,,,,,,,,,,"23,30","NEW extension,Extension au KDDI HWD11"
1668,12046,748,403,Yes,22,2,カート用延長フラグ,Extension au KDDI HWD11,1,,,,,,,,*,hwd11/img001-ex.jpg,*,hwd11/img001-ex.jpg,,,,,,,,,,,,,,,,,,,,,,,0,1,en_au_ex_014_bt,,1,,9750,10500,,5,,,,,,,,,,,,,,,,,"23,30","NEW extension,Extension au KDDI HWD11"
1668,12048,748,404,Yes,23,2,カート用延長フラグ,Extension au KDDI HWD11,1,,,,,,,,*,hwd11/img001-ex.jpg,*,hwd11/img001-ex.jpg,,,,,,,,,,,,,,,,,,,,,,,0,1,en_au_ex_014_bt,,1,,9750,10500,,5,,,,,,,,,,,,,,,,,"23,30","NEW extension,Extension au KDDI HWD11"
1668,12050,748,405,Yes,24,2,カート用延長フラグ,Extension au KDDI HWD11,1,,,,,,,,*,hwd11/img001-ex.jpg,*,hwd11/img001-ex.jpg,,,,,,,,,,,,,,,,,,,,,,,0,1,en_au_ex_014_bt,,1,,9750,10500,,5,,,,,,,,,,,,,,,,,"23,30","NEW extension,Extension au KDDI HWD11"
1668,12052,748,406,Yes,25,2,カート用延長フラグ,Extension au KDDI HWD11,1,,,,,,,,*,hwd11/img001-ex.jpg,*,hwd11/img001-ex.jpg,,,,,,,,,,,,,,,,,,,,,,,0,1,en_au_ex_014_bt,,1,,9750,10500,,5,,,,,,,,,,,,,,,,,"23,30","NEW extension,Extension au KDDI HWD11"
1668,12054,748,407,Yes,26,2,カート用延長フラグ,Extension au KDDI HWD11,1,,,,,,,,*,hwd11/img001-ex.jpg,*,hwd11/img001-ex.jpg,,,,,,,,,,,,,,,,,,,,,,,0,1,en_au_ex_014_bt,,1,,9750,10500,,5,,,,,,,,,,,,,,,,,"23,30","NEW extension,Extension au KDDI HWD11"
1668,12056,748,408,Yes,27,2,カート用延長フラグ,Extension au KDDI HWD11,1,,,,,,,,*,hwd11/img001-ex.jpg,*,hwd11/img001-ex.jpg,,,,,,,,,,,,,,,,,,,,,,,0,1,en_au_ex_014_bt,,1,,9750,10500,,5,,,,,,,,,,,,,,,,,"23,30","NEW extension,Extension au KDDI HWD11"
1668,12058,748,409,Yes,28,2,カート用延長フラグ,Extension au KDDI HWD11,1,,,,,,,,*,hwd11/img001-ex.jpg,*,hwd11/img001-ex.jpg,,,,,,,,,,,,,,,,,,,,,,,0,1,en_au_ex_014_bt,,1,,9750,10500,,5,,,,,,,,,,,,,,,,,"23,30","NEW extension,Extension au KDDI HWD11"
1668,12060,748,410,Yes,29,2,カート用延長フラグ,Extension au KDDI HWD11,1,,,,,,,,*,hwd11/img001-ex.jpg,*,hwd11/img001-ex.jpg,,,,,,,,,,,,,,,,,,,,,,,0,1,en_au_ex_014_bt,,1,,9750,10500,,5,,,,,,,,,,,,,,,,,"23,30","NEW extension,Extension au KDDI HWD11"
1668,12062,748,411,Yes,30,2,カート用延長フラグ,Extension au KDDI HWD11,1,,,,,,,,*,hwd11/img001-ex.jpg,*,hwd11/img001-ex.jpg,,,,,,,,,,,,,,,,,,,,,,,0,1,en_au_ex_014_bt,,1,,9750,10500,,5,,,,,,,,,,,,,,,,,"23,30","NEW extension,Extension au KDDI HWD11"
1668,12064,748,412,Yes,31,2,カート用延長フラグ,Extension au KDDI HWD11,1,,,,,,,,*,hwd11/img001-ex.jpg,*,hwd11/img001-ex.jpg,,,,,,,,,,,,,,,,,,,,,,,0,1,en_au_ex_031_bt,,1,,10400,11200,,5,,,,,,,,,,,,,,,,,"23,30","NEW extension,Extension au KDDI HWD11"
1668,12066,748,413,Yes,32,2,カート用延長フラグ,Extension au KDDI HWD11,1,,,,,,,,*,hwd11/img001-ex.jpg,*,hwd11/img001-ex.jpg,,,,,,,,,,,,,,,,,,,,,,,0,1,en_au_ex_032_bt,,1,,11050,11900,,5,,,,,,,,,,,,,,,,,"23,30","NEW extension,Extension au KDDI HWD11"
1668,12068,748,414,Yes,33,2,カート用延長フラグ,Extension au KDDI HWD11,1,,,,,,,,*,hwd11/img001-ex.jpg,*,hwd11/img001-ex.jpg,,,,,,,,,,,,,,,,,,,,,,,0,1,en_au_ex_033_bt,,1,,11700,12600,,5,,,,,,,,,,,,,,,,,"23,30","NEW extension,Extension au KDDI HWD11"
1668,12070,748,415,Yes,34,2,カート用延長フラグ,Extension au KDDI HWD11,1,,,,,,,,*,hwd11/img001-ex.jpg,*,hwd11/img001-ex.jpg,,,,,,,,,,,,,,,,,,,,,,,0,1,en_au_ex_034_bt,,1,,12350,13300,,5,,,,,,,,,,,,,,,,,"23,30","NEW extension,Extension au KDDI HWD11"
1668,12072,748,416,Yes,35,2,カート用延長フラグ,Extension au KDDI HWD11,1,,,,,,,,*,hwd11/img001-ex.jpg,*,hwd11/img001-ex.jpg,,,,,,,,,,,,,,,,,,,,,,,0,1,en_au_ex_035_bt,,1,,13000,14000,,5,,,,,,,,,,,,,,,,,"23,30","NEW extension,Extension au KDDI HWD11"
1668,12074,748,417,Yes,36,2,カート用延長フラグ,Extension au KDDI HWD11,1,,,,,,,,*,hwd11/img001-ex.jpg,*,hwd11/img001-ex.jpg,,,,,,,,,,,,,,,,,,,,,,,0,1,en_au_ex_036_bt,,1,,13650,14700,,5,,,,,,,,,,,,,,,,,"23,30","NEW extension,Extension au KDDI HWD11"
1668,12076,748,418,Yes,37,2,カート用延長フラグ,Extension au KDDI HWD11,1,,,,,,,,*,hwd11/img001-ex.jpg,*,hwd11/img001-ex.jpg,,,,,,,,,,,,,,,,,,,,,,,0,1,en_au_ex_037_bt,,1,,14300,15350,,5,,,,,,,,,,,,,,,,,"23,30","NEW extension,Extension au KDDI HWD11"
1668,12078,748,419,Yes,38,2,カート用延長フラグ,Extension au KDDI HWD11,1,,,,,,,,*,hwd11/img001-ex.jpg,*,hwd11/img001-ex.jpg,,,,,,,,,,,,,,,,,,,,,,,0,1,en_au_ex_038_bt,,1,,14950,16000,,5,,,,,,,,,,,,,,,,,"23,30","NEW extension,Extension au KDDI HWD11"
1668,12080,748,420,Yes,39,2,カート用延長フラグ,Extension au KDDI HWD11,1,,,,,,,,*,hwd11/img001-ex.jpg,*,hwd11/img001-ex.jpg,,,,,,,,,,,,,,,,,,,,,,,0,1,en_au_ex_039_bt,,1,,15600,16650,,5,,,,,,,,,,,,,,,,,"23,30","NEW extension,Extension au KDDI HWD11"
1668,12082,748,421,Yes,40,2,カート用延長フラグ,Extension au KDDI HWD11,1,,,,,,,,*,hwd11/img001-ex.jpg,*,hwd11/img001-ex.jpg,,,,,,,,,,,,,,,,,,,,,,,0,1,en_au_ex_040_bt,,1,,16250,17300,,5,,,,,,,,,,,,,,,,,"23,30","NEW extension,Extension au KDDI HWD11"
1668,12084,748,422,Yes,41,2,カート用延長フラグ,Extension au KDDI HWD11,1,,,,,,,,*,hwd11/img001-ex.jpg,*,hwd11/img001-ex.jpg,,,,,,,,,,,,,,,,,,,,,,,0,1,en_au_ex_041_bt,,1,,16900,17950,,5,,,,,,,,,,,,,,,,,"23,30","NEW extension,Extension au KDDI HWD11"
1668,12086,748,423,Yes,42,2,カート用延長フラグ,Extension au KDDI HWD11,1,,,,,,,,*,hwd11/img001-ex.jpg,*,hwd11/img001-ex.jpg,,,,,,,,,,,,,,,,,,,,,,,0,1,en_au_ex_060_bt,,1,,17300,18350,,5,,,,,,,,,,,,,,,,,"23,30","NEW extension,Extension au KDDI HWD11"
1668,12088,748,424,Yes,43,2,カート用延長フラグ,Extension au KDDI HWD11,1,,,,,,,,*,hwd11/img001-ex.jpg,*,hwd11/img001-ex.jpg,,,,,,,,,,,,,,,,,,,,,,,0,1,en_au_ex_060_bt,,1,,17300,18350,,5,,,,,,,,,,,,,,,,,"23,30","NEW extension,Extension au KDDI HWD11"
1668,12090,748,425,Yes,44,2,カート用延長フラグ,Extension au KDDI HWD11,1,,,,,,,,*,hwd11/img001-ex.jpg,*,hwd11/img001-ex.jpg,,,,,,,,,,,,,,,,,,,,,,,0,1,en_au_ex_060_bt,,1,,17300,18350,,5,,,,,,,,,,,,,,,,,"23,30","NEW extension,Extension au KDDI HWD11"
1668,12092,748,426,Yes,45,2,カート用延長フラグ,Extension au KDDI HWD11,1,,,,,,,,*,hwd11/img001-ex.jpg,*,hwd11/img001-ex.jpg,,,,,,,,,,,,,,,,,,,,,,,0,1,en_au_ex_060_bt,,1,,17300,18350,,5,,,,,,,,,,,,,,,,,"23,30","NEW extension,Extension au KDDI HWD11"
1668,12094,748,427,Yes,46,2,カート用延長フラグ,Extension au KDDI HWD11,1,,,,,,,,*,hwd11/img001-ex.jpg,*,hwd11/img001-ex.jpg,,,,,,,,,,,,,,,,,,,,,,,0,1,en_au_ex_060_bt,,1,,17300,18350,,5,,,,,,,,,,,,,,,,,"23,30","NEW extension,Extension au KDDI HWD11"
1668,12096,748,428,Yes,47,2,カート用延長フラグ,Extension au KDDI HWD11,1,,,,,,,,*,hwd11/img001-ex.jpg,*,hwd11/img001-ex.jpg,,,,,,,,,,,,,,,,,,,,,,,0,1,en_au_ex_060_bt,,1,,17300,18350,,5,,,,,,,,,,,,,,,,,"23,30","NEW extension,Extension au KDDI HWD11"
1668,12098,748,429,Yes,48,2,カート用延長フラグ,Extension au KDDI HWD11,1,,,,,,,,*,hwd11/img001-ex.jpg,*,hwd11/img001-ex.jpg,,,,,,,,,,,,,,,,,,,,,,,0,1,en_au_ex_060_bt,,1,,17300,18350,,5,,,,,,,,,,,,,,,,,"23,30","NEW extension,Extension au KDDI HWD11"
1668,12100,748,430,Yes,49,2,カート用延長フラグ,Extension au KDDI HWD11,1,,,,,,,,*,hwd11/img001-ex.jpg,*,hwd11/img001-ex.jpg,,,,,,,,,,,,,,,,,,,,,,,0,1,en_au_ex_060_bt,,1,,17300,18350,,5,,,,,,,,,,,,,,,,,"23,30","NEW extension,Extension au KDDI HWD11"
1668,12102,748,431,Yes,50,2,カート用延長フラグ,Extension au KDDI HWD11,1,,,,,,,,*,hwd11/img001-ex.jpg,*,hwd11/img001-ex.jpg,,,,,,,,,,,,,,,,,,,,,,,0,1,en_au_ex_060_bt,,1,,17300,18350,,5,,,,,,,,,,,,,,,,,"23,30","NEW extension,Extension au KDDI HWD11"
1668,12104,748,432,Yes,51,2,カート用延長フラグ,Extension au KDDI HWD11,1,,,,,,,,*,hwd11/img001-ex.jpg,*,hwd11/img001-ex.jpg,,,,,,,,,,,,,,,,,,,,,,,0,1,en_au_ex_060_bt,,1,,17300,18350,,5,,,,,,,,,,,,,,,,,"23,30","NEW extension,Extension au KDDI HWD11"
1668,12106,748,433,Yes,52,2,カート用延長フラグ,Extension au KDDI HWD11,1,,,,,,,,*,hwd11/img001-ex.jpg,*,hwd11/img001-ex.jpg,,,,,,,,,,,,,,,,,,,,,,,0,1,en_au_ex_060_bt,,1,,17300,18350,,5,,,,,,,,,,,,,,,,,"23,30","NEW extension,Extension au KDDI HWD11"
1668,12108,748,434,Yes,53,2,カート用延長フラグ,Extension au KDDI HWD11,1,,,,,,,,*,hwd11/img001-ex.jpg,*,hwd11/img001-ex.jpg,,,,,,,,,,,,,,,,,,,,,,,0,1,en_au_ex_060_bt,,1,,17300,18350,,5,,,,,,,,,,,,,,,,,"23,30","NEW extension,Extension au KDDI HWD11"
1668,12110,748,435,Yes,54,2,カート用延長フラグ,Extension au KDDI HWD11,1,,,,,,,,*,hwd11/img001-ex.jpg,*,hwd11/img001-ex.jpg,,,,,,,,,,,,,,,,,,,,,,,0,1,en_au_ex_060_bt,,1,,17300,18350,,5,,,,,,,,,,,,,,,,,"23,30","NEW extension,Extension au KDDI HWD11"
1668,12112,748,436,Yes,55,2,カート用延長フラグ,Extension au KDDI HWD11,1,,,,,,,,*,hwd11/img001-ex.jpg,*,hwd11/img001-ex.jpg,,,,,,,,,,,,,,,,,,,,,,,0,1,en_au_ex_060_bt,,1,,17300,18350,,5,,,,,,,,,,,,,,,,,"23,30","NEW extension,Extension au KDDI HWD11"
1668,12114,748,437,Yes,56,2,カート用延長フラグ,Extension au KDDI HWD11,1,,,,,,,,*,hwd11/img001-ex.jpg,*,hwd11/img001-ex.jpg,,,,,,,,,,,,,,,,,,,,,,,0,1,en_au_ex_060_bt,,1,,17300,18350,,5,,,,,,,,,,,,,,,,,"23,30","NEW extension,Extension au KDDI HWD11"
1668,12116,748,438,Yes,57,2,カート用延長フラグ,Extension au KDDI HWD11,1,,,,,,,,*,hwd11/img001-ex.jpg,*,hwd11/img001-ex.jpg,,,,,,,,,,,,,,,,,,,,,,,0,1,en_au_ex_060_bt,,1,,17300,18350,,5,,,,,,,,,,,,,,,,,"23,30","NEW extension,Extension au KDDI HWD11"
1668,12118,748,439,Yes,58,2,カート用延長フラグ,Extension au KDDI HWD11,1,,,,,,,,*,hwd11/img001-ex.jpg,*,hwd11/img001-ex.jpg,,,,,,,,,,,,,,,,,,,,,,,0,1,en_au_ex_060_bt,,1,,17300,18350,,5,,,,,,,,,,,,,,,,,"23,30","NEW extension,Extension au KDDI HWD11"
1668,12120,748,440,Yes,59,2,カート用延長フラグ,Extension au KDDI HWD11,1,,,,,,,,*,hwd11/img001-ex.jpg,*,hwd11/img001-ex.jpg,,,,,,,,,,,,,,,,,,,,,,,0,1,en_au_ex_060_bt,,1,,17300,18350,,5,,,,,,,,,,,,,,,,,"23,30","NEW extension,Extension au KDDI HWD11"
1668,12122,748,441,Yes,60,2,カート用延長フラグ,Extension au KDDI HWD11,1,,,,,,,,*,hwd11/img001-ex.jpg,*,hwd11/img001-ex.jpg,,,,,,,,,,,,,,,,,,,,,,,0,1,en_au_ex_060_bt,,1,,17300,18350,,5,,,,,,,,,,,,,,,,,"23,30","NEW extension,Extension au KDDI HWD11"
1668,12124,748,442,Yes,61,2,カート用延長フラグ,Extension au KDDI HWD11,1,,,,,,,,*,hwd11/img001-ex.jpg,*,hwd11/img001-ex.jpg,,,,,,,,,,,,,,,,,,,,,,,0,1,en_au_ex_061_bt,,1,,17950,19050,,5,,,,,,,,,,,,,,,,,"23,30","NEW extension,Extension au KDDI HWD11"
1668,12126,748,443,Yes,62,2,カート用延長フラグ,Extension au KDDI HWD11,1,,,,,,,,*,hwd11/img001-ex.jpg,*,hwd11/img001-ex.jpg,,,,,,,,,,,,,,,,,,,,,,,0,1,en_au_ex_062_bt,,1,,18600,19750,,5,,,,,,,,,,,,,,,,,"23,30","NEW extension,Extension au KDDI HWD11"
1668,12128,748,444,Yes,63,2,カート用延長フラグ,Extension au KDDI HWD11,1,,,,,,,,*,hwd11/img001-ex.jpg,*,hwd11/img001-ex.jpg,,,,,,,,,,,,,,,,,,,,,,,0,1,en_au_ex_063_bt,,1,,19250,20450,,5,,,,,,,,,,,,,,,,,"23,30","NEW extension,Extension au KDDI HWD11"
1668,12130,748,445,Yes,64,2,カート用延長フラグ,Extension au KDDI HWD11,1,,,,,,,,*,hwd11/img001-ex.jpg,*,hwd11/img001-ex.jpg,,,,,,,,,,,,,,,,,,,,,,,0,1,en_au_ex_064_bt,,1,,19900,21150,,5,,,,,,,,,,,,,,,,,"23,30","NEW extension,Extension au KDDI HWD11"
1668,12132,748,446,Yes,65,2,カート用延長フラグ,Extension au KDDI HWD11,1,,,,,,,,*,hwd11/img001-ex.jpg,*,hwd11/img001-ex.jpg,,,,,,,,,,,,,,,,,,,,,,,0,1,en_au_ex_065_bt,,1,,20550,21850,,5,,,,,,,,,,,,,,,,,"23,30","NEW extension,Extension au KDDI HWD11"
1668,12134,748,447,Yes,66,2,カート用延長フラグ,Extension au KDDI HWD11,1,,,,,,,,*,hwd11/img001-ex.jpg,*,hwd11/img001-ex.jpg,,,,,,,,,,,,,,,,,,,,,,,0,1,en_au_ex_066_bt,,1,,21200,22550,,5,,,,,,,,,,,,,,,,,"23,30","NEW extension,Extension au KDDI HWD11"
1668,12136,748,448,Yes,67,2,カート用延長フラグ,Extension au KDDI HWD11,1,,,,,,,,*,hwd11/img001-ex.jpg,*,hwd11/img001-ex.jpg,,,,,,,,,,,,,,,,,,,,,,,0,1,en_au_ex_067_bt,,1,,21850,23200,,5,,,,,,,,,,,,,,,,,"23,30","NEW extension,Extension au KDDI HWD11"
1668,12138,748,449,Yes,68,2,カート用延長フラグ,Extension au KDDI HWD11,1,,,,,,,,*,hwd11/img001-ex.jpg,*,hwd11/img001-ex.jpg,,,,,,,,,,,,,,,,,,,,,,,0,1,en_au_ex_068_bt,,1,,22500,23850,,5,,,,,,,,,,,,,,,,,"23,30","NEW extension,Extension au KDDI HWD11"
1668,12140,748,450,Yes,69,2,カート用延長フラグ,Extension au KDDI HWD11,1,,,,,,,,*,hwd11/img001-ex.jpg,*,hwd11/img001-ex.jpg,,,,,,,,,,,,,,,,,,,,,,,0,1,en_au_ex_069_bt,,1,,23150,24500,,5,,,,,,,,,,,,,,,,,"23,30","NEW extension,Extension au KDDI HWD11"
1668,12142,748,451,Yes,70,2,カート用延長フラグ,Extension au KDDI HWD11,1,,,,,,,,*,hwd11/img001-ex.jpg,*,hwd11/img001-ex.jpg,,,,,,,,,,,,,,,,,,,,,,,0,1,en_au_ex_070_bt,,1,,23800,25150,,5,,,,,,,,,,,,,,,,,"23,30","NEW extension,Extension au KDDI HWD11"
1668,12144,748,452,Yes,71,2,カート用延長フラグ,Extension au KDDI HWD11,1,,,,,,,,*,hwd11/img001-ex.jpg,*,hwd11/img001-ex.jpg,,,,,,,,,,,,,,,,,,,,,,,0,1,en_au_ex_090_bt,,1,,24200,25550,,5,,,,,,,,,,,,,,,,,"23,30","NEW extension,Extension au KDDI HWD11"
1668,12146,748,453,Yes,72,2,カート用延長フラグ,Extension au KDDI HWD11,1,,,,,,,,*,hwd11/img001-ex.jpg,*,hwd11/img001-ex.jpg,,,,,,,,,,,,,,,,,,,,,,,0,1,en_au_ex_090_bt,,1,,24200,25550,,5,,,,,,,,,,,,,,,,,"23,30","NEW extension,Extension au KDDI HWD11"
1668,12148,748,454,Yes,73,2,カート用延長フラグ,Extension au KDDI HWD11,1,,,,,,,,*,hwd11/img001-ex.jpg,*,hwd11/img001-ex.jpg,,,,,,,,,,,,,,,,,,,,,,,0,1,en_au_ex_090_bt,,1,,24200,25550,,5,,,,,,,,,,,,,,,,,"23,30","NEW extension,Extension au KDDI HWD11"
1668,12150,748,455,Yes,74,2,カート用延長フラグ,Extension au KDDI HWD11,1,,,,,,,,*,hwd11/img001-ex.jpg,*,hwd11/img001-ex.jpg,,,,,,,,,,,,,,,,,,,,,,,0,1,en_au_ex_090_bt,,1,,24200,25550,,5,,,,,,,,,,,,,,,,,"23,30","NEW extension,Extension au KDDI HWD11"
1668,12152,748,456,Yes,75,2,カート用延長フラグ,Extension au KDDI HWD11,1,,,,,,,,*,hwd11/img001-ex.jpg,*,hwd11/img001-ex.jpg,,,,,,,,,,,,,,,,,,,,,,,0,1,en_au_ex_090_bt,,1,,24200,25550,,5,,,,,,,,,,,,,,,,,"23,30","NEW extension,Extension au KDDI HWD11"
1668,12154,748,457,Yes,76,2,カート用延長フラグ,Extension au KDDI HWD11,1,,,,,,,,*,hwd11/img001-ex.jpg,*,hwd11/img001-ex.jpg,,,,,,,,,,,,,,,,,,,,,,,0,1,en_au_ex_090_bt,,1,,24200,25550,,5,,,,,,,,,,,,,,,,,"23,30","NEW extension,Extension au KDDI HWD11"
1668,12156,748,458,Yes,77,2,カート用延長フラグ,Extension au KDDI HWD11,1,,,,,,,,*,hwd11/img001-ex.jpg,*,hwd11/img001-ex.jpg,,,,,,,,,,,,,,,,,,,,,,,0,1,en_au_ex_090_bt,,1,,24200,25550,,5,,,,,,,,,,,,,,,,,"23,30","NEW extension,Extension au KDDI HWD11"
1668,12158,748,459,Yes,78,2,カート用延長フラグ,Extension au KDDI HWD11,1,,,,,,,,*,hwd11/img001-ex.jpg,*,hwd11/img001-ex.jpg,,,,,,,,,,,,,,,,,,,,,,,0,1,en_au_ex_090_bt,,1,,24200,25550,,5,,,,,,,,,,,,,,,,,"23,30","NEW extension,Extension au KDDI HWD11"
1668,12160,748,460,Yes,79,2,カート用延長フラグ,Extension au KDDI HWD11,1,,,,,,,,*,hwd11/img001-ex.jpg,*,hwd11/img001-ex.jpg,,,,,,,,,,,,,,,,,,,,,,,0,1,en_au_ex_090_bt,,1,,24200,25550,,5,,,,,,,,,,,,,,,,,"23,30","NEW extension,Extension au KDDI HWD11"
1668,12162,748,461,Yes,80,2,カート用延長フラグ,Extension au KDDI HWD11,1,,,,,,,,*,hwd11/img001-ex.jpg,*,hwd11/img001-ex.jpg,,,,,,,,,,,,,,,,,,,,,,,0,1,en_au_ex_090_bt,,1,,24200,25550,,5,,,,,,,,,,,,,,,,,"23,30","NEW extension,Extension au KDDI HWD11"
1668,12164,748,462,Yes,81,2,カート用延長フラグ,Extension au KDDI HWD11,1,,,,,,,,*,hwd11/img001-ex.jpg,*,hwd11/img001-ex.jpg,,,,,,,,,,,,,,,,,,,,,,,0,1,en_au_ex_090_bt,,1,,24200,25550,,5,,,,,,,,,,,,,,,,,"23,30","NEW extension,Extension au KDDI HWD11"
1668,12166,748,463,Yes,82,2,カート用延長フラグ,Extension au KDDI HWD11,1,,,,,,,,*,hwd11/img001-ex.jpg,*,hwd11/img001-ex.jpg,,,,,,,,,,,,,,,,,,,,,,,0,1,en_au_ex_090_bt,,1,,24200,25550,,5,,,,,,,,,,,,,,,,,"23,30","NEW extension,Extension au KDDI HWD11"
1668,12168,748,464,Yes,83,2,カート用延長フラグ,Extension au KDDI HWD11,1,,,,,,,,*,hwd11/img001-ex.jpg,*,hwd11/img001-ex.jpg,,,,,,,,,,,,,,,,,,,,,,,0,1,en_au_ex_090_bt,,1,,24200,25550,,5,,,,,,,,,,,,,,,,,"23,30","NEW extension,Extension au KDDI HWD11"
1668,12170,748,465,Yes,84,2,カート用延長フラグ,Extension au KDDI HWD11,1,,,,,,,,*,hwd11/img001-ex.jpg,*,hwd11/img001-ex.jpg,,,,,,,,,,,,,,,,,,,,,,,0,1,en_au_ex_090_bt,,1,,24200,25550,,5,,,,,,,,,,,,,,,,,"23,30","NEW extension,Extension au KDDI HWD11"
1668,12172,748,466,Yes,85,2,カート用延長フラグ,Extension au KDDI HWD11,1,,,,,,,,*,hwd11/img001-ex.jpg,*,hwd11/img001-ex.jpg,,,,,,,,,,,,,,,,,,,,,,,0,1,en_au_ex_090_bt,,1,,24200,25550,,5,,,,,,,,,,,,,,,,,"23,30","NEW extension,Extension au KDDI HWD11"
1668,12174,748,467,Yes,86,2,カート用延長フラグ,Extension au KDDI HWD11,1,,,,,,,,*,hwd11/img001-ex.jpg,*,hwd11/img001-ex.jpg,,,,,,,,,,,,,,,,,,,,,,,0,1,en_au_ex_090_bt,,1,,24200,25550,,5,,,,,,,,,,,,,,,,,"23,30","NEW extension,Extension au KDDI HWD11"
1668,12176,748,468,Yes,87,2,カート用延長フラグ,Extension au KDDI HWD11,1,,,,,,,,*,hwd11/img001-ex.jpg,*,hwd11/img001-ex.jpg,,,,,,,,,,,,,,,,,,,,,,,0,1,en_au_ex_090_bt,,1,,24200,25550,,5,,,,,,,,,,,,,,,,,"23,30","NEW extension,Extension au KDDI HWD11"
1668,12178,748,469,Yes,88,2,カート用延長フラグ,Extension au KDDI HWD11,1,,,,,,,,*,hwd11/img001-ex.jpg,*,hwd11/img001-ex.jpg,,,,,,,,,,,,,,,,,,,,,,,0,1,en_au_ex_090_bt,,1,,24200,25550,,5,,,,,,,,,,,,,,,,,"23,30","NEW extension,Extension au KDDI HWD11"
1668,12180,748,470,Yes,89,2,カート用延長フラグ,Extension au KDDI HWD11,1,,,,,,,,*,hwd11/img001-ex.jpg,*,hwd11/img001-ex.jpg,,,,,,,,,,,,,,,,,,,,,,,0,1,en_au_ex_090_bt,,1,,24200,25550,,5,,,,,,,,,,,,,,,,,"23,30","NEW extension,Extension au KDDI HWD11"
1668,12182,748,471,Yes,90,2,カート用延長フラグ,Extension au KDDI HWD11,1,,,,,,,,*,hwd11/img001-ex.jpg,*,hwd11/img001-ex.jpg,,,,,,,,,,,,,,,,,,,,,,,0,1,en_au_ex_090_bt,,1,,24200,25550,,5,,,,,,,,,,,,,,,,,"23,30","NEW extension,Extension au KDDI HWD11"
1668,12184,748,472,Yes,91,2,カート用延長フラグ,Extension au KDDI HWD11,1,,,,,,,,*,hwd11/img001-ex.jpg,*,hwd11/img001-ex.jpg,,,,,,,,,,,,,,,,,,,,,,,0,1,en_au_ex_091_bt,,1,,24850,26250,,5,,,,,,,,,,,,,,,,,"23,30","NEW extension,Extension au KDDI HWD11"
1668,12186,748,473,Yes,92,2,カート用延長フラグ,Extension au KDDI HWD11,1,,,,,,,,*,hwd11/img001-ex.jpg,*,hwd11/img001-ex.jpg,,,,,,,,,,,,,,,,,,,,,,,0,1,en_au_ex_092_bt,,1,,25500,26950,,5,,,,,,,,,,,,,,,,,"23,30","NEW extension,Extension au KDDI HWD11"
1668,12188,748,474,Yes,93,2,カート用延長フラグ,Extension au KDDI HWD11,1,,,,,,,,*,hwd11/img001-ex.jpg,*,hwd11/img001-ex.jpg,,,,,,,,,,,,,,,,,,,,,,,0,1,en_au_ex_093_bt,,1,,26150,27650,,5,,,,,,,,,,,,,,,,,"23,30","NEW extension,Extension au KDDI HWD11"
1668,12190,748,475,Yes,94,2,カート用延長フラグ,Extension au KDDI HWD11,1,,,,,,,,*,hwd11/img001-ex.jpg,*,hwd11/img001-ex.jpg,,,,,,,,,,,,,,,,,,,,,,,0,1,en_au_ex_094_bt,,1,,26800,28350,,5,,,,,,,,,,,,,,,,,"23,30","NEW extension,Extension au KDDI HWD11"
1668,12192,748,476,Yes,95,2,カート用延長フラグ,Extension au KDDI HWD11,1,,,,,,,,*,hwd11/img001-ex.jpg,*,hwd11/img001-ex.jpg,,,,,,,,,,,,,,,,,,,,,,,0,1,en_au_ex_095_bt,,1,,27450,29050,,5,,,,,,,,,,,,,,,,,"23,30","NEW extension,Extension au KDDI HWD11"
1668,12194,748,477,Yes,96,2,カート用延長フラグ,Extension au KDDI HWD11,1,,,,,,,,*,hwd11/img001-ex.jpg,*,hwd11/img001-ex.jpg,,,,,,,,,,,,,,,,,,,,,,,0,1,en_au_ex_096_bt,,1,,28100,29750,,5,,,,,,,,,,,,,,,,,"23,30","NEW extension,Extension au KDDI HWD11"
1668,12196,748,478,Yes,97,2,カート用延長フラグ,Extension au KDDI HWD11,1,,,,,,,,*,hwd11/img001-ex.jpg,*,hwd11/img001-ex.jpg,,,,,,,,,,,,,,,,,,,,,,,0,1,en_au_ex_097_bt,,1,,28750,30400,,5,,,,,,,,,,,,,,,,,"23,30","NEW extension,Extension au KDDI HWD11"
1668,12198,748,479,Yes,98,2,カート用延長フラグ,Extension au KDDI HWD11,1,,,,,,,,*,hwd11/img001-ex.jpg,*,hwd11/img001-ex.jpg,,,,,,,,,,,,,,,,,,,,,,,0,1,en_au_ex_098_bt,,1,,29400,31050,,5,,,,,,,,,,,,,,,,,"23,30","NEW extension,Extension au KDDI HWD11"
1668,12200,748,480,Yes,99,2,カート用延長フラグ,Extension au KDDI HWD11,1,,,,,,,,*,hwd11/img001-ex.jpg,*,hwd11/img001-ex.jpg,,,,,,,,,,,,,,,,,,,,,,,0,1,en_au_ex_099_bt,,1,,30050,31700,,5,,,,,,,,,,,,,,,,,"23,30","NEW extension,Extension au KDDI HWD11"
1668,12202,748,481,Yes,100,2,カート用延長フラグ,Extension au KDDI HWD11,1,,,,,,,,*,hwd11/img001-ex.jpg,*,hwd11/img001-ex.jpg,,,,,,,,,,,,,,,,,,,,,,,0,1,en_au_ex_100_bt,,1,,30700,32350,,5,,,,,,,,,,,,,,,,,"23,30","NEW extension,Extension au KDDI HWD11"
1668,12204,748,482,Yes,101,2,カート用延長フラグ,Extension au KDDI HWD11,1,,,,,,,,*,hwd11/img001-ex.jpg,*,hwd11/img001-ex.jpg,,,,,,,,,,,,,,,,,,,,,,,0,1,en_au_ex_101_bt,,1,,31350,33000,,5,,,,,,,,,,,,,,,,,"23,30","NEW extension,Extension au KDDI HWD11"
1668,12206,748,483,Yes,102,2,カート用延長フラグ,Extension au KDDI HWD11,1,,,,,,,,*,hwd11/img001-ex.jpg,*,hwd11/img001-ex.jpg,,,,,,,,,,,,,,,,,,,,,,,0,1,en_au_ex_102_bt,,1,,32000,33650,,5,,,,,,,,,,,,,,,,,"23,30","NEW extension,Extension au KDDI HWD11"
1668,12208,748,484,Yes,103,2,カート用延長フラグ,Extension au KDDI HWD11,1,,,,,,,,*,hwd11/img001-ex.jpg,*,hwd11/img001-ex.jpg,,,,,,,,,,,,,,,,,,,,,,,0,1,en_au_ex_103_bt,,1,,32650,34300,,5,,,,,,,,,,,,,,,,,"23,30","NEW extension,Extension au KDDI HWD11"
1668,12210,748,485,Yes,104,2,カート用延長フラグ,Extension au KDDI HWD11,1,,,,,,,,*,hwd11/img001-ex.jpg,*,hwd11/img001-ex.jpg,,,,,,,,,,,,,,,,,,,,,,,0,1,en_au_ex_104_bt,,1,,33300,34950,,5,,,,,,,,,,,,,,,,,"23,30","NEW extension,Extension au KDDI HWD11"
1668,12212,748,486,Yes,105,2,カート用延長フラグ,Extension au KDDI HWD11,1,,,,,,,,*,hwd11/img001-ex.jpg,*,hwd11/img001-ex.jpg,,,,,,,,,,,,,,,,,,,,,,,0,1,en_au_ex_120_bt,,1,,33950,35600,,5,,,,,,,,,,,,,,,,,"23,30","NEW extension,Extension au KDDI HWD11"
1668,12214,748,487,Yes,106,2,カート用延長フラグ,Extension au KDDI HWD11,1,,,,,,,,*,hwd11/img001-ex.jpg,*,hwd11/img001-ex.jpg,,,,,,,,,,,,,,,,,,,,,,,0,1,en_au_ex_120_bt,,1,,33950,35600,,5,,,,,,,,,,,,,,,,,"23,30","NEW extension,Extension au KDDI HWD11"
1668,12216,748,488,Yes,107,2,カート用延長フラグ,Extension au KDDI HWD11,1,,,,,,,,*,hwd11/img001-ex.jpg,*,hwd11/img001-ex.jpg,,,,,,,,,,,,,,,,,,,,,,,0,1,en_au_ex_120_bt,,1,,33950,35600,,5,,,,,,,,,,,,,,,,,"23,30","NEW extension,Extension au KDDI HWD11"
1668,12218,748,489,Yes,108,2,カート用延長フラグ,Extension au KDDI HWD11,1,,,,,,,,*,hwd11/img001-ex.jpg,*,hwd11/img001-ex.jpg,,,,,,,,,,,,,,,,,,,,,,,0,1,en_au_ex_120_bt,,1,,33950,35600,,5,,,,,,,,,,,,,,,,,"23,30","NEW extension,Extension au KDDI HWD11"
1668,12220,748,490,Yes,109,2,カート用延長フラグ,Extension au KDDI HWD11,1,,,,,,,,*,hwd11/img001-ex.jpg,*,hwd11/img001-ex.jpg,,,,,,,,,,,,,,,,,,,,,,,0,1,en_au_ex_120_bt,,1,,33950,35600,,5,,,,,,,,,,,,,,,,,"23,30","NEW extension,Extension au KDDI HWD11"
1668,12222,748,491,Yes,110,2,カート用延長フラグ,Extension au KDDI HWD11,1,,,,,,,,*,hwd11/img001-ex.jpg,*,hwd11/img001-ex.jpg,,,,,,,,,,,,,,,,,,,,,,,0,1,en_au_ex_120_bt,,1,,33950,35600,,5,,,,,,,,,,,,,,,,,"23,30","NEW extension,Extension au KDDI HWD11"
1668,12224,748,492,Yes,111,2,カート用延長フラグ,Extension au KDDI HWD11,1,,,,,,,,*,hwd11/img001-ex.jpg,*,hwd11/img001-ex.jpg,,,,,,,,,,,,,,,,,,,,,,,0,1,en_au_ex_120_bt,,1,,33950,35600,,5,,,,,,,,,,,,,,,,,"23,30","NEW extension,Extension au KDDI HWD11"
1668,12226,748,493,Yes,112,2,カート用延長フラグ,Extension au KDDI HWD11,1,,,,,,,,*,hwd11/img001-ex.jpg,*,hwd11/img001-ex.jpg,,,,,,,,,,,,,,,,,,,,,,,0,1,en_au_ex_120_bt,,1,,33950,35600,,5,,,,,,,,,,,,,,,,,"23,30","NEW extension,Extension au KDDI HWD11"
1668,12228,748,494,Yes,113,2,カート用延長フラグ,Extension au KDDI HWD11,1,,,,,,,,*,hwd11/img001-ex.jpg,*,hwd11/img001-ex.jpg,,,,,,,,,,,,,,,,,,,,,,,0,1,en_au_ex_120_bt,,1,,33950,35600,,5,,,,,,,,,,,,,,,,,"23,30","NEW extension,Extension au KDDI HWD11"
1668,12230,748,495,Yes,114,2,カート用延長フラグ,Extension au KDDI HWD11,1,,,,,,,,*,hwd11/img001-ex.jpg,*,hwd11/img001-ex.jpg,,,,,,,,,,,,,,,,,,,,,,,0,1,en_au_ex_120_bt,,1,,33950,35600,,5,,,,,,,,,,,,,,,,,"23,30","NEW extension,Extension au KDDI HWD11"
1668,12232,748,496,Yes,115,2,カート用延長フラグ,Extension au KDDI HWD11,1,,,,,,,,*,hwd11/img001-ex.jpg,*,hwd11/img001-ex.jpg,,,,,,,,,,,,,,,,,,,,,,,0,1,en_au_ex_120_bt,,1,,33950,35600,,5,,,,,,,,,,,,,,,,,"23,30","NEW extension,Extension au KDDI HWD11"
1668,12234,748,497,Yes,116,2,カート用延長フラグ,Extension au KDDI HWD11,1,,,,,,,,*,hwd11/img001-ex.jpg,*,hwd11/img001-ex.jpg,,,,,,,,,,,,,,,,,,,,,,,0,1,en_au_ex_120_bt,,1,,33950,35600,,5,,,,,,,,,,,,,,,,,"23,30","NEW extension,Extension au KDDI HWD11"
1668,12236,748,498,Yes,117,2,カート用延長フラグ,Extension au KDDI HWD11,1,,,,,,,,*,hwd11/img001-ex.jpg,*,hwd11/img001-ex.jpg,,,,,,,,,,,,,,,,,,,,,,,0,1,en_au_ex_120_bt,,1,,33950,35600,,5,,,,,,,,,,,,,,,,,"23,30","NEW extension,Extension au KDDI HWD11"
1668,12238,748,499,Yes,118,2,カート用延長フラグ,Extension au KDDI HWD11,1,,,,,,,,*,hwd11/img001-ex.jpg,*,hwd11/img001-ex.jpg,,,,,,,,,,,,,,,,,,,,,,,0,1,en_au_ex_120_bt,,1,,33950,35600,,5,,,,,,,,,,,,,,,,,"23,30","NEW extension,Extension au KDDI HWD11"
1668,12240,748,500,Yes,119,2,カート用延長フラグ,Extension au KDDI HWD11,1,,,,,,,,*,hwd11/img001-ex.jpg,*,hwd11/img001-ex.jpg,,,,,,,,,,,,,,,,,,,,,,,0,1,en_au_ex_120_bt,,1,,33950,35600,,5,,,,,,,,,,,,,,,,,"23,30","NEW extension,Extension au KDDI HWD11"
1668,12242,748,501,Yes,120,2,カート用延長フラグ,Extension au KDDI HWD11,1,,,,,,,,*,hwd11/img001-ex.jpg,*,hwd11/img001-ex.jpg,,,,,,,,,,,,,,,,,,,,,,,0,1,en_au_ex_120_bt,,1,,33950,35600,,5,,,,,,,,,,,,,,,,,"23,30","NEW extension,Extension au KDDI HWD11"
1668,12244,748,502,Yes,121,2,カート用延長フラグ,Extension au KDDI HWD11,1,,,,,,,,*,hwd11/img001-ex.jpg,*,hwd11/img001-ex.jpg,,,,,,,,,,,,,,,,,,,,,,,0,1,en_au_ex_121_bt,,1,,33950,35650,,5,,,,,,,,,,,,,,,,,"23,30","NEW extension,Extension au KDDI HWD11"
1668,12246,748,503,Yes,122,2,カート用延長フラグ,Extension au KDDI HWD11,1,,,,,,,,*,hwd11/img001-ex.jpg,*,hwd11/img001-ex.jpg,,,,,,,,,,,,,,,,,,,,,,,0,1,en_au_ex_122_bt,,1,,34600,36350,,5,,,,,,,,,,,,,,,,,"23,30","NEW extension,Extension au KDDI HWD11"
1668,12248,748,504,Yes,123,2,カート用延長フラグ,Extension au KDDI HWD11,1,,,,,,,,*,hwd11/img001-ex.jpg,*,hwd11/img001-ex.jpg,,,,,,,,,,,,,,,,,,,,,,,0,1,en_au_ex_123_bt,,1,,35250,37050,,5,,,,,,,,,,,,,,,,,"23,30","NEW extension,Extension au KDDI HWD11"
1668,12250,748,505,Yes,124,2,カート用延長フラグ,Extension au KDDI HWD11,1,,,,,,,,*,hwd11/img001-ex.jpg,*,hwd11/img001-ex.jpg,,,,,,,,,,,,,,,,,,,,,,,0,1,en_au_ex_124_bt,,1,,35900,37750,,5,,,,,,,,,,,,,,,,,"23,30","NEW extension,Extension au KDDI HWD11"
1668,12252,748,506,Yes,125,2,カート用延長フラグ,Extension au KDDI HWD11,1,,,,,,,,*,hwd11/img001-ex.jpg,*,hwd11/img001-ex.jpg,,,,,,,,,,,,,,,,,,,,,,,0,1,en_au_ex_125_bt,,1,,36550,38450,,5,,,,,,,,,,,,,,,,,"23,30","NEW extension,Extension au KDDI HWD11"
1668,12254,748,507,Yes,126,2,カート用延長フラグ,Extension au KDDI HWD11,1,,,,,,,,*,hwd11/img001-ex.jpg,*,hwd11/img001-ex.jpg,,,,,,,,,,,,,,,,,,,,,,,0,1,en_au_ex_126_bt,,1,,37200,39150,,5,,,,,,,,,,,,,,,,,"23,30","NEW extension,Extension au KDDI HWD11"
1668,12256,748,508,Yes,127,2,カート用延長フラグ,Extension au KDDI HWD11,1,,,,,,,,*,hwd11/img001-ex.jpg,*,hwd11/img001-ex.jpg,,,,,,,,,,,,,,,,,,,,,,,0,1,en_au_ex_127_bt,,1,,37850,39800,,5,,,,,,,,,,,,,,,,,"23,30","NEW extension,Extension au KDDI HWD11"
1668,12258,748,509,Yes,128,2,カート用延長フラグ,Extension au KDDI HWD11,1,,,,,,,,*,hwd11/img001-ex.jpg,*,hwd11/img001-ex.jpg,,,,,,,,,,,,,,,,,,,,,,,0,1,en_au_ex_128_bt,,1,,38500,40450,,5,,,,,,,,,,,,,,,,,"23,30","NEW extension,Extension au KDDI HWD11"
1668,12260,748,510,Yes,129,2,カート用延長フラグ,Extension au KDDI HWD11,1,,,,,,,,*,hwd11/img001-ex.jpg,*,hwd11/img001-ex.jpg,,,,,,,,,,,,,,,,,,,,,,,0,1,en_au_ex_129_bt,,1,,39150,41100,,5,,,,,,,,,,,,,,,,,"23,30","NEW extension,Extension au KDDI HWD11"
1668,12262,748,511,Yes,130,2,カート用延長フラグ,Extension au KDDI HWD11,1,,,,,,,,*,hwd11/img001-ex.jpg,*,hwd11/img001-ex.jpg,,,,,,,,,,,,,,,,,,,,,,,0,1,en_au_ex_130_bt,,1,,39800,41750,,5,,,,,,,,,,,,,,,,,"23,30","NEW extension,Extension au KDDI HWD11"
1668,12264,748,512,Yes,131,2,カート用延長フラグ,Extension au KDDI HWD11,1,,,,,,,,*,hwd11/img001-ex.jpg,*,hwd11/img001-ex.jpg,,,,,,,,,,,,,,,,,,,,,,,0,1,en_au_ex_131_bt,,1,,40450,42400,,5,,,,,,,,,,,,,,,,,"23,30","NEW extension,Extension au KDDI HWD11"
1668,12266,748,513,Yes,132,2,カート用延長フラグ,Extension au KDDI HWD11,1,,,,,,,,*,hwd11/img001-ex.jpg,*,hwd11/img001-ex.jpg,,,,,,,,,,,,,,,,,,,,,,,0,1,en_au_ex_132_bt,,1,,41100,43050,,5,,,,,,,,,,,,,,,,,"23,30","NEW extension,Extension au KDDI HWD11"
1668,12268,748,514,Yes,133,2,カート用延長フラグ,Extension au KDDI HWD11,1,,,,,,,,*,hwd11/img001-ex.jpg,*,hwd11/img001-ex.jpg,,,,,,,,,,,,,,,,,,,,,,,0,1,en_au_ex_150_bt,,1,,41500,43450,,5,,,,,,,,,,,,,,,,,"23,30","NEW extension,Extension au KDDI HWD11"
1668,12270,748,515,Yes,134,2,カート用延長フラグ,Extension au KDDI HWD11,1,,,,,,,,*,hwd11/img001-ex.jpg,*,hwd11/img001-ex.jpg,,,,,,,,,,,,,,,,,,,,,,,0,1,en_au_ex_150_bt,,1,,41500,43450,,5,,,,,,,,,,,,,,,,,"23,30","NEW extension,Extension au KDDI HWD11"
1668,12272,748,516,Yes,135,2,カート用延長フラグ,Extension au KDDI HWD11,1,,,,,,,,*,hwd11/img001-ex.jpg,*,hwd11/img001-ex.jpg,,,,,,,,,,,,,,,,,,,,,,,0,1,en_au_ex_150_bt,,1,,41500,43450,,5,,,,,,,,,,,,,,,,,"23,30","NEW extension,Extension au KDDI HWD11"
1668,12274,748,517,Yes,136,2,カート用延長フラグ,Extension au KDDI HWD11,1,,,,,,,,*,hwd11/img001-ex.jpg,*,hwd11/img001-ex.jpg,,,,,,,,,,,,,,,,,,,,,,,0,1,en_au_ex_150_bt,,1,,41500,43450,,5,,,,,,,,,,,,,,,,,"23,30","NEW extension,Extension au KDDI HWD11"
1668,12276,748,518,Yes,137,2,カート用延長フラグ,Extension au KDDI HWD11,1,,,,,,,,*,hwd11/img001-ex.jpg,*,hwd11/img001-ex.jpg,,,,,,,,,,,,,,,,,,,,,,,0,1,en_au_ex_150_bt,,1,,41500,43450,,5,,,,,,,,,,,,,,,,,"23,30","NEW extension,Extension au KDDI HWD11"
1668,12278,748,519,Yes,138,2,カート用延長フラグ,Extension au KDDI HWD11,1,,,,,,,,*,hwd11/img001-ex.jpg,*,hwd11/img001-ex.jpg,,,,,,,,,,,,,,,,,,,,,,,0,1,en_au_ex_150_bt,,1,,41500,43450,,5,,,,,,,,,,,,,,,,,"23,30","NEW extension,Extension au KDDI HWD11"
1668,12280,748,520,Yes,139,2,カート用延長フラグ,Extension au KDDI HWD11,1,,,,,,,,*,hwd11/img001-ex.jpg,*,hwd11/img001-ex.jpg,,,,,,,,,,,,,,,,,,,,,,,0,1,en_au_ex_150_bt,,1,,41500,43450,,5,,,,,,,,,,,,,,,,,"23,30","NEW extension,Extension au KDDI HWD11"
1668,12282,748,521,Yes,140,2,カート用延長フラグ,Extension au KDDI HWD11,1,,,,,,,,*,hwd11/img001-ex.jpg,*,hwd11/img001-ex.jpg,,,,,,,,,,,,,,,,,,,,,,,0,1,en_au_ex_150_bt,,1,,41500,43450,,5,,,,,,,,,,,,,,,,,"23,30","NEW extension,Extension au KDDI HWD11"
1668,12284,748,522,Yes,141,2,カート用延長フラグ,Extension au KDDI HWD11,1,,,,,,,,*,hwd11/img001-ex.jpg,*,hwd11/img001-ex.jpg,,,,,,,,,,,,,,,,,,,,,,,0,1,en_au_ex_150_bt,,1,,41500,43450,,5,,,,,,,,,,,,,,,,,"23,30","NEW extension,Extension au KDDI HWD11"
1668,12286,748,523,Yes,142,2,カート用延長フラグ,Extension au KDDI HWD11,1,,,,,,,,*,hwd11/img001-ex.jpg,*,hwd11/img001-ex.jpg,,,,,,,,,,,,,,,,,,,,,,,0,1,en_au_ex_150_bt,,1,,41500,43450,,5,,,,,,,,,,,,,,,,,"23,30","NEW extension,Extension au KDDI HWD11"
1668,12288,748,524,Yes,143,2,カート用延長フラグ,Extension au KDDI HWD11,1,,,,,,,,*,hwd11/img001-ex.jpg,*,hwd11/img001-ex.jpg,,,,,,,,,,,,,,,,,,,,,,,0,1,en_au_ex_150_bt,,1,,41500,43450,,5,,,,,,,,,,,,,,,,,"23,30","NEW extension,Extension au KDDI HWD11"
1668,12290,748,525,Yes,144,2,カート用延長フラグ,Extension au KDDI HWD11,1,,,,,,,,*,hwd11/img001-ex.jpg,*,hwd11/img001-ex.jpg,,,,,,,,,,,,,,,,,,,,,,,0,1,en_au_ex_150_bt,,1,,41500,43450,,5,,,,,,,,,,,,,,,,,"23,30","NEW extension,Extension au KDDI HWD11"
1668,12292,748,526,Yes,145,2,カート用延長フラグ,Extension au KDDI HWD11,1,,,,,,,,*,hwd11/img001-ex.jpg,*,hwd11/img001-ex.jpg,,,,,,,,,,,,,,,,,,,,,,,0,1,en_au_ex_150_bt,,1,,41500,43450,,5,,,,,,,,,,,,,,,,,"23,30","NEW extension,Extension au KDDI HWD11"
1668,12294,748,527,Yes,146,2,カート用延長フラグ,Extension au KDDI HWD11,1,,,,,,,,*,hwd11/img001-ex.jpg,*,hwd11/img001-ex.jpg,,,,,,,,,,,,,,,,,,,,,,,0,1,en_au_ex_150_bt,,1,,41500,43450,,5,,,,,,,,,,,,,,,,,"23,30","NEW extension,Extension au KDDI HWD11"
1668,12296,748,528,Yes,147,2,カート用延長フラグ,Extension au KDDI HWD11,1,,,,,,,,*,hwd11/img001-ex.jpg,*,hwd11/img001-ex.jpg,,,,,,,,,,,,,,,,,,,,,,,0,1,en_au_ex_150_bt,,1,,41500,43450,,5,,,,,,,,,,,,,,,,,"23,30","NEW extension,Extension au KDDI HWD11"
1668,12298,748,529,Yes,148,2,カート用延長フラグ,Extension au KDDI HWD11,1,,,,,,,,*,hwd11/img001-ex.jpg,*,hwd11/img001-ex.jpg,,,,,,,,,,,,,,,,,,,,,,,0,1,en_au_ex_150_bt,,1,,41500,43450,,5,,,,,,,,,,,,,,,,,"23,30","NEW extension,Extension au KDDI HWD11"
1668,12300,748,530,Yes,149,2,カート用延長フラグ,Extension au KDDI HWD11,1,,,,,,,,*,hwd11/img001-ex.jpg,*,hwd11/img001-ex.jpg,,,,,,,,,,,,,,,,,,,,,,,0,1,en_au_ex_150_bt,,1,,41500,43450,,5,,,,,,,,,,,,,,,,,"23,30","NEW extension,Extension au KDDI HWD11"
1668,12302,748,531,Yes,150,2,カート用延長フラグ,Extension au KDDI HWD11,1,,,,,,,,*,hwd11/img001-ex.jpg,*,hwd11/img001-ex.jpg,,,,,,,,,,,,,,,,,,,,,,,0,1,en_au_ex_150_bt,,1,,41500,43450,,5,,,,,,,,,,,,,,,,,"23,30","NEW extension,Extension au KDDI HWD11"
1668,12304,748,532,Yes,151,2,カート用延長フラグ,Extension au KDDI HWD11,1,,,,,,,,*,hwd11/img001-ex.jpg,*,hwd11/img001-ex.jpg,,,,,,,,,,,,,,,,,,,,,,,0,1,en_au_ex_151_bt,,1,,41500,43500,,5,,,,,,,,,,,,,,,,,"23,30","NEW extension,Extension au KDDI HWD11"
1668,12306,748,533,Yes,152,2,カート用延長フラグ,Extension au KDDI HWD11,1,,,,,,,,*,hwd11/img001-ex.jpg,*,hwd11/img001-ex.jpg,,,,,,,,,,,,,,,,,,,,,,,0,1,en_au_ex_152_bt,,1,,42150,44200,,5,,,,,,,,,,,,,,,,,"23,30","NEW extension,Extension au KDDI HWD11"
1668,12308,748,534,Yes,153,2,カート用延長フラグ,Extension au KDDI HWD11,1,,,,,,,,*,hwd11/img001-ex.jpg,*,hwd11/img001-ex.jpg,,,,,,,,,,,,,,,,,,,,,,,0,1,en_au_ex_153_bt,,1,,42800,44900,,5,,,,,,,,,,,,,,,,,"23,30","NEW extension,Extension au KDDI HWD11"
1668,12310,748,535,Yes,154,2,カート用延長フラグ,Extension au KDDI HWD11,1,,,,,,,,*,hwd11/img001-ex.jpg,*,hwd11/img001-ex.jpg,,,,,,,,,,,,,,,,,,,,,,,0,1,en_au_ex_154_bt,,1,,43450,45600,,5,,,,,,,,,,,,,,,,,"23,30","NEW extension,Extension au KDDI HWD11"
1668,12312,748,536,Yes,155,2,カート用延長フラグ,Extension au KDDI HWD11,1,,,,,,,,*,hwd11/img001-ex.jpg,*,hwd11/img001-ex.jpg,,,,,,,,,,,,,,,,,,,,,,,0,1,en_au_ex_155_bt,,1,,44100,46300,,5,,,,,,,,,,,,,,,,,"23,30","NEW extension,Extension au KDDI HWD11"
1668,12314,748,537,Yes,156,2,カート用延長フラグ,Extension au KDDI HWD11,1,,,,,,,,*,hwd11/img001-ex.jpg,*,hwd11/img001-ex.jpg,,,,,,,,,,,,,,,,,,,,,,,0,1,en_au_ex_156_bt,,1,,44750,47000,,5,,,,,,,,,,,,,,,,,"23,30","NEW extension,Extension au KDDI HWD11"
1668,12316,748,538,Yes,157,2,カート用延長フラグ,Extension au KDDI HWD11,1,,,,,,,,*,hwd11/img001-ex.jpg,*,hwd11/img001-ex.jpg,,,,,,,,,,,,,,,,,,,,,,,0,1,en_au_ex_157_bt,,1,,45400,47650,,5,,,,,,,,,,,,,,,,,"23,30","NEW extension,Extension au KDDI HWD11"
1668,12318,748,539,Yes,158,2,カート用延長フラグ,Extension au KDDI HWD11,1,,,,,,,,*,hwd11/img001-ex.jpg,*,hwd11/img001-ex.jpg,,,,,,,,,,,,,,,,,,,,,,,0,1,en_au_ex_158_bt,,1,,46050,48300,,5,,,,,,,,,,,,,,,,,"23,30","NEW extension,Extension au KDDI HWD11"
1668,12320,748,540,Yes,159,2,カート用延長フラグ,Extension au KDDI HWD11,1,,,,,,,,*,hwd11/img001-ex.jpg,*,hwd11/img001-ex.jpg,,,,,,,,,,,,,,,,,,,,,,,0,1,en_au_ex_159_bt,,1,,46700,48950,,5,,,,,,,,,,,,,,,,,"23,30","NEW extension,Extension au KDDI HWD11"
1668,12322,748,541,Yes,160,2,カート用延長フラグ,Extension au KDDI HWD11,1,,,,,,,,*,hwd11/img001-ex.jpg,*,hwd11/img001-ex.jpg,,,,,,,,,,,,,,,,,,,,,,,0,1,en_au_ex_160_bt,,1,,47350,49600,,5,,,,,,,,,,,,,,,,,"23,30","NEW extension,Extension au KDDI HWD11"
1668,12324,748,542,Yes,161,2,カート用延長フラグ,Extension au KDDI HWD11,1,,,,,,,,*,hwd11/img001-ex.jpg,*,hwd11/img001-ex.jpg,,,,,,,,,,,,,,,,,,,,,,,0,1,en_au_ex_161_bt,,1,,48000,50250,,5,,,,,,,,,,,,,,,,,"23,30","NEW extension,Extension au KDDI HWD11"
1668,12326,748,543,Yes,162,2,カート用延長フラグ,Extension au KDDI HWD11,1,,,,,,,,*,hwd11/img001-ex.jpg,*,hwd11/img001-ex.jpg,,,,,,,,,,,,,,,,,,,,,,,0,1,en_au_ex_180_bt,,1,,48400,50650,,5,,,,,,,,,,,,,,,,,"23,30","NEW extension,Extension au KDDI HWD11"
1668,12328,748,544,Yes,163,2,カート用延長フラグ,Extension au KDDI HWD11,1,,,,,,,,*,hwd11/img001-ex.jpg,*,hwd11/img001-ex.jpg,,,,,,,,,,,,,,,,,,,,,,,0,1,en_au_ex_180_bt,,1,,48400,50650,,5,,,,,,,,,,,,,,,,,"23,30","NEW extension,Extension au KDDI HWD11"
1668,12330,748,545,Yes,164,2,カート用延長フラグ,Extension au KDDI HWD11,1,,,,,,,,*,hwd11/img001-ex.jpg,*,hwd11/img001-ex.jpg,,,,,,,,,,,,,,,,,,,,,,,0,1,en_au_ex_180_bt,,1,,48400,50650,,5,,,,,,,,,,,,,,,,,"23,30","NEW extension,Extension au KDDI HWD11"
1668,12332,748,546,Yes,165,2,カート用延長フラグ,Extension au KDDI HWD11,1,,,,,,,,*,hwd11/img001-ex.jpg,*,hwd11/img001-ex.jpg,,,,,,,,,,,,,,,,,,,,,,,0,1,en_au_ex_180_bt,,1,,48400,50650,,5,,,,,,,,,,,,,,,,,"23,30","NEW extension,Extension au KDDI HWD11"
1668,12334,748,547,Yes,166,2,カート用延長フラグ,Extension au KDDI HWD11,1,,,,,,,,*,hwd11/img001-ex.jpg,*,hwd11/img001-ex.jpg,,,,,,,,,,,,,,,,,,,,,,,0,1,en_au_ex_180_bt,,1,,48400,50650,,5,,,,,,,,,,,,,,,,,"23,30","NEW extension,Extension au KDDI HWD11"
1668,12336,748,548,Yes,167,2,カート用延長フラグ,Extension au KDDI HWD11,1,,,,,,,,*,hwd11/img001-ex.jpg,*,hwd11/img001-ex.jpg,,,,,,,,,,,,,,,,,,,,,,,0,1,en_au_ex_180_bt,,1,,48400,50650,,5,,,,,,,,,,,,,,,,,"23,30","NEW extension,Extension au KDDI HWD11"
1668,12338,748,549,Yes,168,2,カート用延長フラグ,Extension au KDDI HWD11,1,,,,,,,,*,hwd11/img001-ex.jpg,*,hwd11/img001-ex.jpg,,,,,,,,,,,,,,,,,,,,,,,0,1,en_au_ex_180_bt,,1,,48400,50650,,5,,,,,,,,,,,,,,,,,"23,30","NEW extension,Extension au KDDI HWD11"
1668,12340,748,550,Yes,169,2,カート用延長フラグ,Extension au KDDI HWD11,1,,,,,,,,*,hwd11/img001-ex.jpg,*,hwd11/img001-ex.jpg,,,,,,,,,,,,,,,,,,,,,,,0,1,en_au_ex_180_bt,,1,,48400,50650,,5,,,,,,,,,,,,,,,,,"23,30","NEW extension,Extension au KDDI HWD11"
1668,12342,748,551,Yes,170,2,カート用延長フラグ,Extension au KDDI HWD11,1,,,,,,,,*,hwd11/img001-ex.jpg,*,hwd11/img001-ex.jpg,,,,,,,,,,,,,,,,,,,,,,,0,1,en_au_ex_180_bt,,1,,48400,50650,,5,,,,,,,,,,,,,,,,,"23,30","NEW extension,Extension au KDDI HWD11"
1668,12344,748,552,Yes,171,2,カート用延長フラグ,Extension au KDDI HWD11,1,,,,,,,,*,hwd11/img001-ex.jpg,*,hwd11/img001-ex.jpg,,,,,,,,,,,,,,,,,,,,,,,0,1,en_au_ex_180_bt,,1,,48400,50650,,5,,,,,,,,,,,,,,,,,"23,30","NEW extension,Extension au KDDI HWD11"
1668,12346,748,553,Yes,172,2,カート用延長フラグ,Extension au KDDI HWD11,1,,,,,,,,*,hwd11/img001-ex.jpg,*,hwd11/img001-ex.jpg,,,,,,,,,,,,,,,,,,,,,,,0,1,en_au_ex_180_bt,,1,,48400,50650,,5,,,,,,,,,,,,,,,,,"23,30","NEW extension,Extension au KDDI HWD11"
1668,12348,748,554,Yes,173,2,カート用延長フラグ,Extension au KDDI HWD11,1,,,,,,,,*,hwd11/img001-ex.jpg,*,hwd11/img001-ex.jpg,,,,,,,,,,,,,,,,,,,,,,,0,1,en_au_ex_180_bt,,1,,48400,50650,,5,,,,,,,,,,,,,,,,,"23,30","NEW extension,Extension au KDDI HWD11"
1668,12350,748,555,Yes,174,2,カート用延長フラグ,Extension au KDDI HWD11,1,,,,,,,,*,hwd11/img001-ex.jpg,*,hwd11/img001-ex.jpg,,,,,,,,,,,,,,,,,,,,,,,0,1,en_au_ex_180_bt,,1,,48400,50650,,5,,,,,,,,,,,,,,,,,"23,30","NEW extension,Extension au KDDI HWD11"
1668,12352,748,556,Yes,175,2,カート用延長フラグ,Extension au KDDI HWD11,1,,,,,,,,*,hwd11/img001-ex.jpg,*,hwd11/img001-ex.jpg,,,,,,,,,,,,,,,,,,,,,,,0,1,en_au_ex_180_bt,,1,,48400,50650,,5,,,,,,,,,,,,,,,,,"23,30","NEW extension,Extension au KDDI HWD11"
1668,12354,748,557,Yes,176,2,カート用延長フラグ,Extension au KDDI HWD11,1,,,,,,,,*,hwd11/img001-ex.jpg,*,hwd11/img001-ex.jpg,,,,,,,,,,,,,,,,,,,,,,,0,1,en_au_ex_180_bt,,1,,48400,50650,,5,,,,,,,,,,,,,,,,,"23,30","NEW extension,Extension au KDDI HWD11"
1668,12356,748,558,Yes,177,2,カート用延長フラグ,Extension au KDDI HWD11,1,,,,,,,,*,hwd11/img001-ex.jpg,*,hwd11/img001-ex.jpg,,,,,,,,,,,,,,,,,,,,,,,0,1,en_au_ex_180_bt,,1,,48400,50650,,5,,,,,,,,,,,,,,,,,"23,30","NEW extension,Extension au KDDI HWD11"
1668,12358,748,559,Yes,178,2,カート用延長フラグ,Extension au KDDI HWD11,1,,,,,,,,*,hwd11/img001-ex.jpg,*,hwd11/img001-ex.jpg,,,,,,,,,,,,,,,,,,,,,,,0,1,en_au_ex_180_bt,,1,,48400,50650,,5,,,,,,,,,,,,,,,,,"23,30","NEW extension,Extension au KDDI HWD11"
1668,12360,748,560,Yes,179,2,カート用延長フラグ,Extension au KDDI HWD11,1,,,,,,,,*,hwd11/img001-ex.jpg,*,hwd11/img001-ex.jpg,,,,,,,,,,,,,,,,,,,,,,,0,1,en_au_ex_180_bt,,1,,48400,50650,,5,,,,,,,,,,,,,,,,,"23,30","NEW extension,Extension au KDDI HWD11"
1668,12362,748,561,Yes,180,2,カート用延長フラグ,Extension au KDDI HWD11,1,,,,,,,,*,hwd11/img001-ex.jpg,*,hwd11/img001-ex.jpg,,,,,,,,,,,,,,,,,,,,,,,0,1,en_au_ex_180_bt,,1,,48400,50650,,5,,,,,,,,,,,,,,,,,"23,30","NEW extension,Extension au KDDI HWD11"
1668,12364,748,562,Yes,181,2,カート用延長フラグ,Extension au KDDI HWD11,1,,,,,,,,*,hwd11/img001-ex.jpg,*,hwd11/img001-ex.jpg,,,,,,,,,,,,,,,,,,,,,,,0,1,en_au_ex_181_bt,,1,,48400,50700,,5,,,,,,,,,,,,,,,,,"23,30","NEW extension,Extension au KDDI HWD11"
1668,12366,748,563,Yes,182,2,カート用延長フラグ,Extension au KDDI HWD11,1,,,,,,,,*,hwd11/img001-ex.jpg,*,hwd11/img001-ex.jpg,,,,,,,,,,,,,,,,,,,,,,,0,1,en_au_ex_182_bt,,1,,49050,51400,,5,,,,,,,,,,,,,,,,,"23,30","NEW extension,Extension au KDDI HWD11"
1668,12368,748,564,Yes,183,2,カート用延長フラグ,Extension au KDDI HWD11,1,,,,,,,,*,hwd11/img001-ex.jpg,*,hwd11/img001-ex.jpg,,,,,,,,,,,,,,,,,,,,,,,0,1,en_au_ex_183_bt,,1,,49700,52100,,5,,,,,,,,,,,,,,,,,"23,30","NEW extension,Extension au KDDI HWD11"
1668,12370,748,565,Yes,184,2,カート用延長フラグ,Extension au KDDI HWD11,1,,,,,,,,*,hwd11/img001-ex.jpg,*,hwd11/img001-ex.jpg,,,,,,,,,,,,,,,,,,,,,,,0,1,en_au_ex_184_bt,,1,,50350,52800,,5,,,,,,,,,,,,,,,,,"23,30","NEW extension,Extension au KDDI HWD11"
1668,12372,748,566,Yes,185,2,カート用延長フラグ,Extension au KDDI HWD11,1,,,,,,,,*,hwd11/img001-ex.jpg,*,hwd11/img001-ex.jpg,,,,,,,,,,,,,,,,,,,,,,,0,1,en_au_ex_185_bt,,1,,51000,53500,,5,,,,,,,,,,,,,,,,,"23,30","NEW extension,Extension au KDDI HWD11"
1668,12374,748,567,Yes,186,2,カート用延長フラグ,Extension au KDDI HWD11,1,,,,,,,,*,hwd11/img001-ex.jpg,*,hwd11/img001-ex.jpg,,,,,,,,,,,,,,,,,,,,,,,0,1,en_au_ex_186_bt,,1,,51650,54200,,5,,,,,,,,,,,,,,,,,"23,30","NEW extension,Extension au KDDI HWD11"
1668,12376,748,568,Yes,187,2,カート用延長フラグ,Extension au KDDI HWD11,1,,,,,,,,*,hwd11/img001-ex.jpg,*,hwd11/img001-ex.jpg,,,,,,,,,,,,,,,,,,,,,,,0,1,en_au_ex_187_bt,,1,,52300,54900,,5,,,,,,,,,,,,,,,,,"23,30","NEW extension,Extension au KDDI HWD11"
1668,12378,748,569,Yes,188,2,カート用延長フラグ,Extension au KDDI HWD11,1,,,,,,,,*,hwd11/img001-ex.jpg,*,hwd11/img001-ex.jpg,,,,,,,,,,,,,,,,,,,,,,,0,1,en_au_ex_188_bt,,1,,52950,55600,,5,,,,,,,,,,,,,,,,,"23,30","NEW extension,Extension au KDDI HWD11"
1668,12380,748,570,Yes,189,2,カート用延長フラグ,Extension au KDDI HWD11,1,,,,,,,,*,hwd11/img001-ex.jpg,*,hwd11/img001-ex.jpg,,,,,,,,,,,,,,,,,,,,,,,0,1,en_au_ex_189_bt,,1,,53600,56300,,5,,,,,,,,,,,,,,,,,"23,30","NEW extension,Extension au KDDI HWD11"
1668,12382,748,571,Yes,190,2,カート用延長フラグ,Extension au KDDI HWD11,1,,,,,,,,*,hwd11/img001-ex.jpg,*,hwd11/img001-ex.jpg,,,,,,,,,,,,,,,,,,,,,,,0,1,en_au_ex_190_bt,,1,,54250,57000,,5,,,,,,,,,,,,,,,,,"23,30","NEW extension,Extension au KDDI HWD11"
1668,12384,748,572,Yes,191,2,カート用延長フラグ,Extension au KDDI HWD11,1,,,,,,,,*,hwd11/img001-ex.jpg,*,hwd11/img001-ex.jpg,,,,,,,,,,,,,,,,,,,,,,,0,1,en_au_ex_191_bt,,1,,54900,57700,,5,,,,,,,,,,,,,,,,,"23,30","NEW extension,Extension au KDDI HWD11"
1668,12386,748,573,Yes,192,2,カート用延長フラグ,Extension au KDDI HWD11,1,,,,,,,,*,hwd11/img001-ex.jpg,*,hwd11/img001-ex.jpg,,,,,,,,,,,,,,,,,,,,,,,0,1,en_au_ex_192_bt,,1,,55550,58400,,5,,,,,,,,,,,,,,,,,"23,30","NEW extension,Extension au KDDI HWD11"
1668,12388,748,574,Yes,193,2,カート用延長フラグ,Extension au KDDI HWD11,1,,,,,,,,*,hwd11/img001-ex.jpg,*,hwd11/img001-ex.jpg,,,,,,,,,,,,,,,,,,,,,,,0,1,en_au_ex_193_bt,,1,,56200,59100,,5,,,,,,,,,,,,,,,,,"23,30","NEW extension,Extension au KDDI HWD11"
1668,12390,748,575,Yes,194,2,カート用延長フラグ,Extension au KDDI HWD11,1,,,,,,,,*,hwd11/img001-ex.jpg,*,hwd11/img001-ex.jpg,,,,,,,,,,,,,,,,,,,,,,,0,1,en_au_ex_194_bt,,1,,56850,59800,,5,,,,,,,,,,,,,,,,,"23,30","NEW extension,Extension au KDDI HWD11"
1668,12392,748,576,Yes,195,2,カート用延長フラグ,Extension au KDDI HWD11,1,,,,,,,,*,hwd11/img001-ex.jpg,*,hwd11/img001-ex.jpg,,,,,,,,,,,,,,,,,,,,,,,0,1,en_au_ex_195_bt,,1,,57500,60500,,5,,,,,,,,,,,,,,,,,"23,30","NEW extension,Extension au KDDI HWD11"
1668,12394,748,577,Yes,196,2,カート用延長フラグ,Extension au KDDI HWD11,1,,,,,,,,*,hwd11/img001-ex.jpg,*,hwd11/img001-ex.jpg,,,,,,,,,,,,,,,,,,,,,,,0,1,en_au_ex_211_bt,,1,,58150,61150,,5,,,,,,,,,,,,,,,,,"23,30","NEW extension,Extension au KDDI HWD11"
1668,12396,748,578,Yes,197,2,カート用延長フラグ,Extension au KDDI HWD11,1,,,,,,,,*,hwd11/img001-ex.jpg,*,hwd11/img001-ex.jpg,,,,,,,,,,,,,,,,,,,,,,,0,1,en_au_ex_211_bt,,1,,58150,61150,,5,,,,,,,,,,,,,,,,,"23,30","NEW extension,Extension au KDDI HWD11"
1668,12398,748,579,Yes,198,2,カート用延長フラグ,Extension au KDDI HWD11,1,,,,,,,,*,hwd11/img001-ex.jpg,*,hwd11/img001-ex.jpg,,,,,,,,,,,,,,,,,,,,,,,0,1,en_au_ex_211_bt,,1,,58150,61150,,5,,,,,,,,,,,,,,,,,"23,30","NEW extension,Extension au KDDI HWD11"
1668,12400,748,580,Yes,199,2,カート用延長フラグ,Extension au KDDI HWD11,1,,,,,,,,*,hwd11/img001-ex.jpg,*,hwd11/img001-ex.jpg,,,,,,,,,,,,,,,,,,,,,,,0,1,en_au_ex_211_bt,,1,,58150,61150,,5,,,,,,,,,,,,,,,,,"23,30","NEW extension,Extension au KDDI HWD11"
1668,12402,748,581,Yes,200,2,カート用延長フラグ,Extension au KDDI HWD11,1,,,,,,,,*,hwd11/img001-ex.jpg,*,hwd11/img001-ex.jpg,,,,,,,,,,,,,,,,,,,,,,,0,1,en_au_ex_211_bt,,1,,58150,61150,,5,,,,,,,,,,,,,,,,,"23,30","NEW extension,Extension au KDDI HWD11"
1668,12404,748,582,Yes,201,2,カート用延長フラグ,Extension au KDDI HWD11,1,,,,,,,,*,hwd11/img001-ex.jpg,*,hwd11/img001-ex.jpg,,,,,,,,,,,,,,,,,,,,,,,0,1,en_au_ex_211_bt,,1,,58150,61150,,5,,,,,,,,,,,,,,,,,"23,30","NEW extension,Extension au KDDI HWD11"
1668,12406,748,583,Yes,202,2,カート用延長フラグ,Extension au KDDI HWD11,1,,,,,,,,*,hwd11/img001-ex.jpg,*,hwd11/img001-ex.jpg,,,,,,,,,,,,,,,,,,,,,,,0,1,en_au_ex_211_bt,,1,,58150,61150,,5,,,,,,,,,,,,,,,,,"23,30","NEW extension,Extension au KDDI HWD11"
1668,12408,748,584,Yes,203,2,カート用延長フラグ,Extension au KDDI HWD11,1,,,,,,,,*,hwd11/img001-ex.jpg,*,hwd11/img001-ex.jpg,,,,,,,,,,,,,,,,,,,,,,,0,1,en_au_ex_211_bt,,1,,58150,61150,,5,,,,,,,,,,,,,,,,,"23,30","NEW extension,Extension au KDDI HWD11"
1668,12410,748,585,Yes,204,2,カート用延長フラグ,Extension au KDDI HWD11,1,,,,,,,,*,hwd11/img001-ex.jpg,*,hwd11/img001-ex.jpg,,,,,,,,,,,,,,,,,,,,,,,0,1,en_au_ex_211_bt,,1,,58150,61150,,5,,,,,,,,,,,,,,,,,"23,30","NEW extension,Extension au KDDI HWD11"
1668,12412,748,586,Yes,205,2,カート用延長フラグ,Extension au KDDI HWD11,1,,,,,,,,*,hwd11/img001-ex.jpg,*,hwd11/img001-ex.jpg,,,,,,,,,,,,,,,,,,,,,,,0,1,en_au_ex_211_bt,,1,,58150,61150,,5,,,,,,,,,,,,,,,,,"23,30","NEW extension,Extension au KDDI HWD11"
1668,12414,748,587,Yes,206,2,カート用延長フラグ,Extension au KDDI HWD11,1,,,,,,,,*,hwd11/img001-ex.jpg,*,hwd11/img001-ex.jpg,,,,,,,,,,,,,,,,,,,,,,,0,1,en_au_ex_211_bt,,1,,58150,61150,,5,,,,,,,,,,,,,,,,,"23,30","NEW extension,Extension au KDDI HWD11"
1668,12416,748,588,Yes,207,2,カート用延長フラグ,Extension au KDDI HWD11,1,,,,,,,,*,hwd11/img001-ex.jpg,*,hwd11/img001-ex.jpg,,,,,,,,,,,,,,,,,,,,,,,0,1,en_au_ex_211_bt,,1,,58150,61150,,5,,,,,,,,,,,,,,,,,"23,30","NEW extension,Extension au KDDI HWD11"
1668,12418,748,589,Yes,208,2,カート用延長フラグ,Extension au KDDI HWD11,1,,,,,,,,*,hwd11/img001-ex.jpg,*,hwd11/img001-ex.jpg,,,,,,,,,,,,,,,,,,,,,,,0,1,en_au_ex_211_bt,,1,,58150,61150,,5,,,,,,,,,,,,,,,,,"23,30","NEW extension,Extension au KDDI HWD11"
1668,12420,748,590,Yes,209,2,カート用延長フラグ,Extension au KDDI HWD11,1,,,,,,,,*,hwd11/img001-ex.jpg,*,hwd11/img001-ex.jpg,,,,,,,,,,,,,,,,,,,,,,,0,1,en_au_ex_211_bt,,1,,58150,61150,,5,,,,,,,,,,,,,,,,,"23,30","NEW extension,Extension au KDDI HWD11"
1668,12422,748,591,Yes,210,2,カート用延長フラグ,Extension au KDDI HWD11,1,,,,,,,,*,hwd11/img001-ex.jpg,*,hwd11/img001-ex.jpg,,,,,,,,,,,,,,,,,,,,,,,0,1,en_au_ex_211_bt,,1,,58150,61150,,5,,,,,,,,,,,,,,,,,"23,30","NEW extension,Extension au KDDI HWD11"
1668,12424,748,592,Yes,211,2,カート用延長フラグ,Extension au KDDI HWD11,1,,,,,,,,*,hwd11/img001-ex.jpg,*,hwd11/img001-ex.jpg,,,,,,,,,,,,,,,,,,,,,,,0,1,en_au_ex_211_bt,,1,,58150,61150,,5,,,,,,,,,,,,,,,,,"23,30","NEW extension,Extension au KDDI HWD11"
1668,12426,748,593,Yes,212,2,カート用延長フラグ,Extension au KDDI HWD11,1,,,,,,,,*,hwd11/img001-ex.jpg,*,hwd11/img001-ex.jpg,,,,,,,,,,,,,,,,,,,,,,,0,1,en_au_ex_212_bt,,1,,58150,61200,,5,,,,,,,,,,,,,,,,,"23,30","NEW extension,Extension au KDDI HWD11"
1668,12428,748,594,Yes,213,2,カート用延長フラグ,Extension au KDDI HWD11,1,,,,,,,,*,hwd11/img001-ex.jpg,*,hwd11/img001-ex.jpg,,,,,,,,,,,,,,,,,,,,,,,0,1,en_au_ex_213_bt,,1,,58800,61900,,5,,,,,,,,,,,,,,,,,"23,30","NEW extension,Extension au KDDI HWD11"
1668,12430,748,595,Yes,214,2,カート用延長フラグ,Extension au KDDI HWD11,1,,,,,,,,*,hwd11/img001-ex.jpg,*,hwd11/img001-ex.jpg,,,,,,,,,,,,,,,,,,,,,,,0,1,en_au_ex_214_bt,,1,,59450,62600,,5,,,,,,,,,,,,,,,,,"23,30","NEW extension,Extension au KDDI HWD11"
1668,12432,748,596,Yes,215,2,カート用延長フラグ,Extension au KDDI HWD11,1,,,,,,,,*,hwd11/img001-ex.jpg,*,hwd11/img001-ex.jpg,,,,,,,,,,,,,,,,,,,,,,,0,1,en_au_ex_215_bt,,1,,60100,63300,,5,,,,,,,,,,,,,,,,,"23,30","NEW extension,Extension au KDDI HWD11"
1668,12434,748,597,Yes,216,2,カート用延長フラグ,Extension au KDDI HWD11,1,,,,,,,,*,hwd11/img001-ex.jpg,*,hwd11/img001-ex.jpg,,,,,,,,,,,,,,,,,,,,,,,0,1,en_au_ex_216_bt,,1,,60750,64000,,5,,,,,,,,,,,,,,,,,"23,30","NEW extension,Extension au KDDI HWD11"
1668,12436,748,598,Yes,217,2,カート用延長フラグ,Extension au KDDI HWD11,1,,,,,,,,*,hwd11/img001-ex.jpg,*,hwd11/img001-ex.jpg,,,,,,,,,,,,,,,,,,,,,,,0,1,en_au_ex_217_bt,,1,,61400,64700,,5,,,,,,,,,,,,,,,,,"23,30","NEW extension,Extension au KDDI HWD11"
1668,12438,748,599,Yes,218,2,カート用延長フラグ,Extension au KDDI HWD11,1,,,,,,,,*,hwd11/img001-ex.jpg,*,hwd11/img001-ex.jpg,,,,,,,,,,,,,,,,,,,,,,,0,1,en_au_ex_218_bt,,1,,62050,65350,,5,,,,,,,,,,,,,,,,,"23,30","NEW extension,Extension au KDDI HWD11"
1668,12440,748,600,Yes,219,2,カート用延長フラグ,Extension au KDDI HWD11,1,,,,,,,,*,hwd11/img001-ex.jpg,*,hwd11/img001-ex.jpg,,,,,,,,,,,,,,,,,,,,,,,0,1,en_au_ex_219_bt,,1,,62700,66000,,5,,,,,,,,,,,,,,,,,"23,30","NEW extension,Extension au KDDI HWD11"
1668,12442,748,601,Yes,220,2,カート用延長フラグ,Extension au KDDI HWD11,1,,,,,,,,*,hwd11/img001-ex.jpg,*,hwd11/img001-ex.jpg,,,,,,,,,,,,,,,,,,,,,,,0,1,en_au_ex_220_bt,,1,,63350,66650,,5,,,,,,,,,,,,,,,,,"23,30","NEW extension,Extension au KDDI HWD11"
1668,12444,748,602,Yes,221,2,カート用延長フラグ,Extension au KDDI HWD11,1,,,,,,,,*,hwd11/img001-ex.jpg,*,hwd11/img001-ex.jpg,,,,,,,,,,,,,,,,,,,,,,,0,1,en_au_ex_221_bt,,1,,64000,67300,,5,,,,,,,,,,,,,,,,,"23,30","NEW extension,Extension au KDDI HWD11"
1668,12446,748,603,Yes,222,2,カート用延長フラグ,Extension au KDDI HWD11,1,,,,,,,,*,hwd11/img001-ex.jpg,*,hwd11/img001-ex.jpg,,,,,,,,,,,,,,,,,,,,,,,0,1,en_au_ex_222_bt,,1,,64650,67950,,5,,,,,,,,,,,,,,,,,"23,30","NEW extension,Extension au KDDI HWD11"
1668,12448,748,604,Yes,223,2,カート用延長フラグ,Extension au KDDI HWD11,1,,,,,,,,*,hwd11/img001-ex.jpg,*,hwd11/img001-ex.jpg,,,,,,,,,,,,,,,,,,,,,,,0,1,en_au_ex_223_bt,,1,,65300,68600,,5,,,,,,,,,,,,,,,,,"23,30","NEW extension,Extension au KDDI HWD11"
1668,12450,748,605,Yes,224,2,カート用延長フラグ,Extension au KDDI HWD11,1,,,,,,,,*,hwd11/img001-ex.jpg,*,hwd11/img001-ex.jpg,,,,,,,,,,,,,,,,,,,,,,,0,1,en_au_ex_241_bt,,1,,65700,69000,,5,,,,,,,,,,,,,,,,,"23,30","NEW extension,Extension au KDDI HWD11"
1668,12452,748,606,Yes,225,2,カート用延長フラグ,Extension au KDDI HWD11,1,,,,,,,,*,hwd11/img001-ex.jpg,*,hwd11/img001-ex.jpg,,,,,,,,,,,,,,,,,,,,,,,0,1,en_au_ex_241_bt,,1,,65700,69000,,5,,,,,,,,,,,,,,,,,"23,30","NEW extension,Extension au KDDI HWD11"
1668,12454,748,607,Yes,226,2,カート用延長フラグ,Extension au KDDI HWD11,1,,,,,,,,*,hwd11/img001-ex.jpg,*,hwd11/img001-ex.jpg,,,,,,,,,,,,,,,,,,,,,,,0,1,en_au_ex_241_bt,,1,,65700,69000,,5,,,,,,,,,,,,,,,,,"23,30","NEW extension,Extension au KDDI HWD11"
1668,12456,748,608,Yes,227,2,カート用延長フラグ,Extension au KDDI HWD11,1,,,,,,,,*,hwd11/img001-ex.jpg,*,hwd11/img001-ex.jpg,,,,,,,,,,,,,,,,,,,,,,,0,1,en_au_ex_241_bt,,1,,65700,69000,,5,,,,,,,,,,,,,,,,,"23,30","NEW extension,Extension au KDDI HWD11"
1668,12458,748,609,Yes,228,2,カート用延長フラグ,Extension au KDDI HWD11,1,,,,,,,,*,hwd11/img001-ex.jpg,*,hwd11/img001-ex.jpg,,,,,,,,,,,,,,,,,,,,,,,0,1,en_au_ex_241_bt,,1,,65700,69000,,5,,,,,,,,,,,,,,,,,"23,30","NEW extension,Extension au KDDI HWD11"
1668,12460,748,610,Yes,229,2,カート用延長フラグ,Extension au KDDI HWD11,1,,,,,,,,*,hwd11/img001-ex.jpg,*,hwd11/img001-ex.jpg,,,,,,,,,,,,,,,,,,,,,,,0,1,en_au_ex_241_bt,,1,,65700,69000,,5,,,,,,,,,,,,,,,,,"23,30","NEW extension,Extension au KDDI HWD11"
1668,12462,748,611,Yes,230,2,カート用延長フラグ,Extension au KDDI HWD11,1,,,,,,,,*,hwd11/img001-ex.jpg,*,hwd11/img001-ex.jpg,,,,,,,,,,,,,,,,,,,,,,,0,1,en_au_ex_241_bt,,1,,65700,69000,,5,,,,,,,,,,,,,,,,,"23,30","NEW extension,Extension au KDDI HWD11"
1668,12464,748,612,Yes,231,2,カート用延長フラグ,Extension au KDDI HWD11,1,,,,,,,,*,hwd11/img001-ex.jpg,*,hwd11/img001-ex.jpg,,,,,,,,,,,,,,,,,,,,,,,0,1,en_au_ex_241_bt,,1,,65700,69000,,5,,,,,,,,,,,,,,,,,"23,30","NEW extension,Extension au KDDI HWD11"
1668,12466,748,613,Yes,232,2,カート用延長フラグ,Extension au KDDI HWD11,1,,,,,,,,*,hwd11/img001-ex.jpg,*,hwd11/img001-ex.jpg,,,,,,,,,,,,,,,,,,,,,,,0,1,en_au_ex_241_bt,,1,,65700,69000,,5,,,,,,,,,,,,,,,,,"23,30","NEW extension,Extension au KDDI HWD11"
1668,12468,748,614,Yes,233,2,カート用延長フラグ,Extension au KDDI HWD11,1,,,,,,,,*,hwd11/img001-ex.jpg,*,hwd11/img001-ex.jpg,,,,,,,,,,,,,,,,,,,,,,,0,1,en_au_ex_241_bt,,1,,65700,69000,,5,,,,,,,,,,,,,,,,,"23,30","NEW extension,Extension au KDDI HWD11"
1668,12470,748,615,Yes,234,2,カート用延長フラグ,Extension au KDDI HWD11,1,,,,,,,,*,hwd11/img001-ex.jpg,*,hwd11/img001-ex.jpg,,,,,,,,,,,,,,,,,,,,,,,0,1,en_au_ex_241_bt,,1,,65700,69000,,5,,,,,,,,,,,,,,,,,"23,30","NEW extension,Extension au KDDI HWD11"
1668,12472,748,616,Yes,235,2,カート用延長フラグ,Extension au KDDI HWD11,1,,,,,,,,*,hwd11/img001-ex.jpg,*,hwd11/img001-ex.jpg,,,,,,,,,,,,,,,,,,,,,,,0,1,en_au_ex_241_bt,,1,,65700,69000,,5,,,,,,,,,,,,,,,,,"23,30","NEW extension,Extension au KDDI HWD11"
1668,12474,748,617,Yes,236,2,カート用延長フラグ,Extension au KDDI HWD11,1,,,,,,,,*,hwd11/img001-ex.jpg,*,hwd11/img001-ex.jpg,,,,,,,,,,,,,,,,,,,,,,,0,1,en_au_ex_241_bt,,1,,65700,69000,,5,,,,,,,,,,,,,,,,,"23,30","NEW extension,Extension au KDDI HWD11"
1668,12476,748,618,Yes,237,2,カート用延長フラグ,Extension au KDDI HWD11,1,,,,,,,,*,hwd11/img001-ex.jpg,*,hwd11/img001-ex.jpg,,,,,,,,,,,,,,,,,,,,,,,0,1,en_au_ex_241_bt,,1,,65700,69000,,5,,,,,,,,,,,,,,,,,"23,30","NEW extension,Extension au KDDI HWD11"
1668,12478,748,619,Yes,238,2,カート用延長フラグ,Extension au KDDI HWD11,1,,,,,,,,*,hwd11/img001-ex.jpg,*,hwd11/img001-ex.jpg,,,,,,,,,,,,,,,,,,,,,,,0,1,en_au_ex_241_bt,,1,,65700,69000,,5,,,,,,,,,,,,,,,,,"23,30","NEW extension,Extension au KDDI HWD11"
1668,12480,748,620,Yes,239,2,カート用延長フラグ,Extension au KDDI HWD11,1,,,,,,,,*,hwd11/img001-ex.jpg,*,hwd11/img001-ex.jpg,,,,,,,,,,,,,,,,,,,,,,,0,1,en_au_ex_241_bt,,1,,65700,69000,,5,,,,,,,,,,,,,,,,,"23,30","NEW extension,Extension au KDDI HWD11"
1668,12482,748,621,Yes,240,2,カート用延長フラグ,Extension au KDDI HWD11,1,,,,,,,,*,hwd11/img001-ex.jpg,*,hwd11/img001-ex.jpg,,,,,,,,,,,,,,,,,,,,,,,0,1,en_au_ex_241_bt,,1,,65700,69000,,5,,,,,,,,,,,,,,,,,"23,30","NEW extension,Extension au KDDI HWD11"
1668,12484,748,622,Yes,241,2,カート用延長フラグ,Extension au KDDI HWD11,1,,,,,,,,*,hwd11/img001-ex.jpg,*,hwd11/img001-ex.jpg,,,,,,,,,,,,,,,,,,,,,,,0,1,en_au_ex_241_bt,,1,,65700,69000,,5,,,,,,,,,,,,,,,,,"23,30","NEW extension,Extension au KDDI HWD11"
1668,12486,748,623,Yes,242,2,カート用延長フラグ,Extension au KDDI HWD11,1,,,,,,,,*,hwd11/img001-ex.jpg,*,hwd11/img001-ex.jpg,,,,,,,,,,,,,,,,,,,,,,,0,1,en_au_ex_242_bt,,1,,65700,69050,,5,,,,,,,,,,,,,,,,,"23,30","NEW extension,Extension au KDDI HWD11"
1668,12488,748,624,Yes,243,2,カート用延長フラグ,Extension au KDDI HWD11,1,,,,,,,,*,hwd11/img001-ex.jpg,*,hwd11/img001-ex.jpg,,,,,,,,,,,,,,,,,,,,,,,0,1,en_au_ex_243_bt,,1,,66350,69750,,5,,,,,,,,,,,,,,,,,"23,30","NEW extension,Extension au KDDI HWD11"
1668,12490,748,625,Yes,244,2,カート用延長フラグ,Extension au KDDI HWD11,1,,,,,,,,*,hwd11/img001-ex.jpg,*,hwd11/img001-ex.jpg,,,,,,,,,,,,,,,,,,,,,,,0,1,en_au_ex_245_bt,,1,,67650,71150,,5,,,,,,,,,,,,,,,,,"23,30","NEW extension,Extension au KDDI HWD11"
1668,12492,748,626,Yes,245,2,カート用延長フラグ,Extension au KDDI HWD11,1,,,,,,,,*,hwd11/img001-ex.jpg,*,hwd11/img001-ex.jpg,,,,,,,,,,,,,,,,,,,,,,,0,1,en_au_ex_246_bt,,1,,68300,71850,,5,,,,,,,,,,,,,,,,,"23,30","NEW extension,Extension au KDDI HWD11"
1668,12494,748,627,Yes,246,2,カート用延長フラグ,Extension au KDDI HWD11,1,,,,,,,,*,hwd11/img001-ex.jpg,*,hwd11/img001-ex.jpg,,,,,,,,,,,,,,,,,,,,,,,0,1,en_au_ex_244_bt,,1,,67000,70450,,5,,,,,,,,,,,,,,,,,"23,30","NEW extension,Extension au KDDI HWD11"
1668,12496,748,628,Yes,247,2,カート用延長フラグ,Extension au KDDI HWD11,1,,,,,,,,*,hwd11/img001-ex.jpg,*,hwd11/img001-ex.jpg,,,,,,,,,,,,,,,,,,,,,,,0,1,en_au_ex_247_bt,,1,,68950,72550,,5,,,,,,,,,,,,,,,,,"23,30","NEW extension,Extension au KDDI HWD11"
1668,12498,748,629,Yes,248,2,カート用延長フラグ,Extension au KDDI HWD11,1,,,,,,,,*,hwd11/img001-ex.jpg,*,hwd11/img001-ex.jpg,,,,,,,,,,,,,,,,,,,,,,,0,1,en_au_ex_248_bt,,1,,69600,73200,,5,,,,,,,,,,,,,,,,,"23,30","NEW extension,Extension au KDDI HWD11"
1668,12500,748,630,Yes,249,2,カート用延長フラグ,Extension au KDDI HWD11,1,,,,,,,,*,hwd11/img001-ex.jpg,*,hwd11/img001-ex.jpg,,,,,,,,,,,,,,,,,,,,,,,0,1,en_au_ex_249_bt,,1,,70250,73850,,5,,,,,,,,,,,,,,,,,"23,30","NEW extension,Extension au KDDI HWD11"
1668,12502,748,631,Yes,250,2,カート用延長フラグ,Extension au KDDI HWD11,1,,,,,,,,*,hwd11/img001-ex.jpg,*,hwd11/img001-ex.jpg,,,,,,,,,,,,,,,,,,,,,,,0,1,en_au_ex_250_bt,,1,,70900,74500,,5,,,,,,,,,,,,,,,,,"23,30","NEW extension,Extension au KDDI HWD11"
1668,12504,748,632,Yes,251,2,カート用延長フラグ,Extension au KDDI HWD11,1,,,,,,,,*,hwd11/img001-ex.jpg,*,hwd11/img001-ex.jpg,,,,,,,,,,,,,,,,,,,,,,,0,1,en_au_ex_251_bt,,1,,71550,75150,,5,,,,,,,,,,,,,,,,,"23,30","NEW extension,Extension au KDDI HWD11"
1668,12506,748,633,Yes,252,2,カート用延長フラグ,Extension au KDDI HWD11,1,,,,,,,,*,hwd11/img001-ex.jpg,*,hwd11/img001-ex.jpg,,,,,,,,,,,,,,,,,,,,,,,0,1,en_au_ex_252_bt,,1,,72200,75800,,5,,,,,,,,,,,,,,,,,"23,30","NEW extension,Extension au KDDI HWD11"
1668,12508,748,634,Yes,253,2,カート用延長フラグ,Extension au KDDI HWD11,1,,,,,,,,*,hwd11/img001-ex.jpg,*,hwd11/img001-ex.jpg,,,,,,,,,,,,,,,,,,,,,,,0,1,en_au_ex_271_bt,,1,,72600,76200,,5,,,,,,,,,,,,,,,,,"23,30","NEW extension,Extension au KDDI HWD11"
1668,12510,748,635,Yes,254,2,カート用延長フラグ,Extension au KDDI HWD11,1,,,,,,,,*,hwd11/img001-ex.jpg,*,hwd11/img001-ex.jpg,,,,,,,,,,,,,,,,,,,,,,,0,1,en_au_ex_271_bt,,1,,72600,76200,,5,,,,,,,,,,,,,,,,,"23,30","NEW extension,Extension au KDDI HWD11"
1668,12512,748,636,Yes,255,2,カート用延長フラグ,Extension au KDDI HWD11,1,,,,,,,,*,hwd11/img001-ex.jpg,*,hwd11/img001-ex.jpg,,,,,,,,,,,,,,,,,,,,,,,0,1,en_au_ex_271_bt,,1,,72600,76200,,5,,,,,,,,,,,,,,,,,"23,30","NEW extension,Extension au KDDI HWD11"
1668,12514,748,637,Yes,256,2,カート用延長フラグ,Extension au KDDI HWD11,1,,,,,,,,*,hwd11/img001-ex.jpg,*,hwd11/img001-ex.jpg,,,,,,,,,,,,,,,,,,,,,,,0,1,en_au_ex_271_bt,,1,,72600,76200,,5,,,,,,,,,,,,,,,,,"23,30","NEW extension,Extension au KDDI HWD11"
1668,12516,748,638,Yes,257,2,カート用延長フラグ,Extension au KDDI HWD11,1,,,,,,,,*,hwd11/img001-ex.jpg,*,hwd11/img001-ex.jpg,,,,,,,,,,,,,,,,,,,,,,,0,1,en_au_ex_271_bt,,1,,72600,76200,,5,,,,,,,,,,,,,,,,,"23,30","NEW extension,Extension au KDDI HWD11"
1668,12518,748,639,Yes,258,2,カート用延長フラグ,Extension au KDDI HWD11,1,,,,,,,,*,hwd11/img001-ex.jpg,*,hwd11/img001-ex.jpg,,,,,,,,,,,,,,,,,,,,,,,0,1,en_au_ex_271_bt,,1,,72600,76200,,5,,,,,,,,,,,,,,,,,"23,30","NEW extension,Extension au KDDI HWD11"
1668,12520,748,640,Yes,259,2,カート用延長フラグ,Extension au KDDI HWD11,1,,,,,,,,*,hwd11/img001-ex.jpg,*,hwd11/img001-ex.jpg,,,,,,,,,,,,,,,,,,,,,,,0,1,en_au_ex_271_bt,,1,,72600,76200,,5,,,,,,,,,,,,,,,,,"23,30","NEW extension,Extension au KDDI HWD11"
1668,12522,748,641,Yes,260,2,カート用延長フラグ,Extension au KDDI HWD11,1,,,,,,,,*,hwd11/img001-ex.jpg,*,hwd11/img001-ex.jpg,,,,,,,,,,,,,,,,,,,,,,,0,1,en_au_ex_271_bt,,1,,72600,76200,,5,,,,,,,,,,,,,,,,,"23,30","NEW extension,Extension au KDDI HWD11"
1668,12524,748,642,Yes,261,2,カート用延長フラグ,Extension au KDDI HWD11,1,,,,,,,,*,hwd11/img001-ex.jpg,*,hwd11/img001-ex.jpg,,,,,,,,,,,,,,,,,,,,,,,0,1,en_au_ex_271_bt,,1,,72600,76200,,5,,,,,,,,,,,,,,,,,"23,30","NEW extension,Extension au KDDI HWD11"
1668,12526,748,643,Yes,262,2,カート用延長フラグ,Extension au KDDI HWD11,1,,,,,,,,*,hwd11/img001-ex.jpg,*,hwd11/img001-ex.jpg,,,,,,,,,,,,,,,,,,,,,,,0,1,en_au_ex_271_bt,,1,,72600,76200,,5,,,,,,,,,,,,,,,,,"23,30","NEW extension,Extension au KDDI HWD11"
1668,12528,748,644,Yes,263,2,カート用延長フラグ,Extension au KDDI HWD11,1,,,,,,,,*,hwd11/img001-ex.jpg,*,hwd11/img001-ex.jpg,,,,,,,,,,,,,,,,,,,,,,,0,1,en_au_ex_271_bt,,1,,72600,76200,,5,,,,,,,,,,,,,,,,,"23,30","NEW extension,Extension au KDDI HWD11"
1668,12530,748,645,Yes,264,2,カート用延長フラグ,Extension au KDDI HWD11,1,,,,,,,,*,hwd11/img001-ex.jpg,*,hwd11/img001-ex.jpg,,,,,,,,,,,,,,,,,,,,,,,0,1,en_au_ex_271_bt,,1,,72600,76200,,5,,,,,,,,,,,,,,,,,"23,30","NEW extension,Extension au KDDI HWD11"
1668,12532,748,646,Yes,265,2,カート用延長フラグ,Extension au KDDI HWD11,1,,,,,,,,*,hwd11/img001-ex.jpg,*,hwd11/img001-ex.jpg,,,,,,,,,,,,,,,,,,,,,,,0,1,en_au_ex_271_bt,,1,,72600,76200,,5,,,,,,,,,,,,,,,,,"23,30","NEW extension,Extension au KDDI HWD11"
1668,12534,748,647,Yes,266,2,カート用延長フラグ,Extension au KDDI HWD11,1,,,,,,,,*,hwd11/img001-ex.jpg,*,hwd11/img001-ex.jpg,,,,,,,,,,,,,,,,,,,,,,,0,1,en_au_ex_271_bt,,1,,72600,76200,,5,,,,,,,,,,,,,,,,,"23,30","NEW extension,Extension au KDDI HWD11"
1668,12536,748,648,Yes,267,2,カート用延長フラグ,Extension au KDDI HWD11,1,,,,,,,,*,hwd11/img001-ex.jpg,*,hwd11/img001-ex.jpg,,,,,,,,,,,,,,,,,,,,,,,0,1,en_au_ex_271_bt,,1,,72600,76200,,5,,,,,,,,,,,,,,,,,"23,30","NEW extension,Extension au KDDI HWD11"
1668,12538,748,649,Yes,268,2,カート用延長フラグ,Extension au KDDI HWD11,1,,,,,,,,*,hwd11/img001-ex.jpg,*,hwd11/img001-ex.jpg,,,,,,,,,,,,,,,,,,,,,,,0,1,en_au_ex_271_bt,,1,,72600,76200,,5,,,,,,,,,,,,,,,,,"23,30","NEW extension,Extension au KDDI HWD11"
1668,12540,748,650,Yes,269,2,カート用延長フラグ,Extension au KDDI HWD11,1,,,,,,,,*,hwd11/img001-ex.jpg,*,hwd11/img001-ex.jpg,,,,,,,,,,,,,,,,,,,,,,,0,1,en_au_ex_271_bt,,1,,72600,76200,,5,,,,,,,,,,,,,,,,,"23,30","NEW extension,Extension au KDDI HWD11"
1668,12542,748,651,Yes,270,2,カート用延長フラグ,Extension au KDDI HWD11,1,,,,,,,,*,hwd11/img001-ex.jpg,*,hwd11/img001-ex.jpg,,,,,,,,,,,,,,,,,,,,,,,0,1,en_au_ex_271_bt,,1,,72600,76200,,5,,,,,,,,,,,,,,,,,"23,30","NEW extension,Extension au KDDI HWD11"
1668,12544,748,652,Yes,271,2,カート用延長フラグ,Extension au KDDI HWD11,1,,,,,,,,*,hwd11/img001-ex.jpg,*,hwd11/img001-ex.jpg,,,,,,,,,,,,,,,,,,,,,,,0,1,en_au_ex_271_bt,,1,,72600,76200,,5,,,,,,,,,,,,,,,,,"23,30","NEW extension,Extension au KDDI HWD11"
1668,12546,748,653,Yes,272,2,カート用延長フラグ,Extension au KDDI HWD11,1,,,,,,,,*,hwd11/img001-ex.jpg,*,hwd11/img001-ex.jpg,,,,,,,,,,,,,,,,,,,,,,,0,1,en_au_ex_272_bt,,1,,72600,76250,,5,,,,,,,,,,,,,,,,,"23,30","NEW extension,Extension au KDDI HWD11"
1668,12548,748,654,Yes,273,2,カート用延長フラグ,Extension au KDDI HWD11,1,,,,,,,,*,hwd11/img001-ex.jpg,*,hwd11/img001-ex.jpg,,,,,,,,,,,,,,,,,,,,,,,0,1,en_au_ex_273_bt,,1,,73250,76950,,5,,,,,,,,,,,,,,,,,"23,30","NEW extension,Extension au KDDI HWD11"
1668,12550,748,655,Yes,274,2,カート用延長フラグ,Extension au KDDI HWD11,1,,,,,,,,*,hwd11/img001-ex.jpg,*,hwd11/img001-ex.jpg,,,,,,,,,,,,,,,,,,,,,,,0,1,en_au_ex_274_bt,,1,,73900,77650,,5,,,,,,,,,,,,,,,,,"23,30","NEW extension,Extension au KDDI HWD11"
1668,12552,748,656,Yes,275,2,カート用延長フラグ,Extension au KDDI HWD11,1,,,,,,,,*,hwd11/img001-ex.jpg,*,hwd11/img001-ex.jpg,,,,,,,,,,,,,,,,,,,,,,,0,1,en_au_ex_275_bt,,1,,74550,78350,,5,,,,,,,,,,,,,,,,,"23,30","NEW extension,Extension au KDDI HWD11"
1668,12554,748,657,Yes,276,2,カート用延長フラグ,Extension au KDDI HWD11,1,,,,,,,,*,hwd11/img001-ex.jpg,*,hwd11/img001-ex.jpg,,,,,,,,,,,,,,,,,,,,,,,0,1,en_au_ex_276_bt,,1,,75200,79050,,5,,,,,,,,,,,,,,,,,"23,30","NEW extension,Extension au KDDI HWD11"
1668,12556,748,658,Yes,277,2,カート用延長フラグ,Extension au KDDI HWD11,1,,,,,,,,*,hwd11/img001-ex.jpg,*,hwd11/img001-ex.jpg,,,,,,,,,,,,,,,,,,,,,,,0,1,en_au_ex_277_bt,,1,,75850,79750,,5,,,,,,,,,,,,,,,,,"23,30","NEW extension,Extension au KDDI HWD11"
1668,12558,748,659,Yes,278,2,カート用延長フラグ,Extension au KDDI HWD11,1,,,,,,,,*,hwd11/img001-ex.jpg,*,hwd11/img001-ex.jpg,,,,,,,,,,,,,,,,,,,,,,,0,1,en_au_ex_278_bt,,1,,76500,80400,,5,,,,,,,,,,,,,,,,,"23,30","NEW extension,Extension au KDDI HWD11"
1668,12560,748,660,Yes,279,2,カート用延長フラグ,Extension au KDDI HWD11,1,,,,,,,,*,hwd11/img001-ex.jpg,*,hwd11/img001-ex.jpg,,,,,,,,,,,,,,,,,,,,,,,0,1,en_au_ex_279_bt,,1,,77150,81050,,5,,,,,,,,,,,,,,,,,"23,30","NEW extension,Extension au KDDI HWD11"
1668,12562,748,661,Yes,280,2,カート用延長フラグ,Extension au KDDI HWD11,1,,,,,,,,*,hwd11/img001-ex.jpg,*,hwd11/img001-ex.jpg,,,,,,,,,,,,,,,,,,,,,,,0,1,en_au_ex_280_bt,,1,,77800,81700,,5,,,,,,,,,,,,,,,,,"23,30","NEW extension,Extension au KDDI HWD11"
1668,12564,748,662,Yes,281,2,カート用延長フラグ,Extension au KDDI HWD11,1,,,,,,,,*,hwd11/img001-ex.jpg,*,hwd11/img001-ex.jpg,,,,,,,,,,,,,,,,,,,,,,,0,1,en_au_ex_281_bt,,1,,78450,82350,,5,,,,,,,,,,,,,,,,,"23,30","NEW extension,Extension au KDDI HWD11"
1668,12566,748,663,Yes,282,2,カート用延長フラグ,Extension au KDDI HWD11,1,,,,,,,,*,hwd11/img001-ex.jpg,*,hwd11/img001-ex.jpg,,,,,,,,,,,,,,,,,,,,,,,0,1,en_au_ex_282_bt,,1,,79100,83000,,5,,,,,,,,,,,,,,,,,"23,30","NEW extension,Extension au KDDI HWD11"
1668,12568,748,664,Yes,283,2,カート用延長フラグ,Extension au KDDI HWD11,1,,,,,,,,*,hwd11/img001-ex.jpg,*,hwd11/img001-ex.jpg,,,,,,,,,,,,,,,,,,,,,,,0,1,en_au_ex_283_bt,,1,,79750,83650,,5,,,,,,,,,,,,,,,,,"23,30","NEW extension,Extension au KDDI HWD11"
1668,12570,748,665,Yes,284,2,カート用延長フラグ,Extension au KDDI HWD11,1,,,,,,,,*,hwd11/img001-ex.jpg,*,hwd11/img001-ex.jpg,,,,,,,,,,,,,,,,,,,,,,,0,1,en_au_ex_284_bt,,1,,80400,84300,,5,,,,,,,,,,,,,,,,,"23,30","NEW extension,Extension au KDDI HWD11"
1668,12572,748,666,Yes,285,2,カート用延長フラグ,Extension au KDDI HWD11,1,,,,,,,,*,hwd11/img001-ex.jpg,*,hwd11/img001-ex.jpg,,,,,,,,,,,,,,,,,,,,,,,0,1,en_au_ex_285_bt,,1,,81050,84950,,5,,,,,,,,,,,,,,,,,"23,30","NEW extension,Extension au KDDI HWD11"
1668,12574,748,667,Yes,286,2,カート用延長フラグ,Extension au KDDI HWD11,1,,,,,,,,*,hwd11/img001-ex.jpg,*,hwd11/img001-ex.jpg,,,,,,,,,,,,,,,,,,,,,,,0,1,en_au_ex_286_bt,,1,,81700,85600,,5,,,,,,,,,,,,,,,,,"23,30","NEW extension,Extension au KDDI HWD11"
1668,12576,748,668,Yes,287,2,カート用延長フラグ,Extension au KDDI HWD11,1,,,,,,,,*,hwd11/img001-ex.jpg,*,hwd11/img001-ex.jpg,,,,,,,,,,,,,,,,,,,,,,,0,1,en_au_ex_301_bt,,1,,82350,86250,,5,,,,,,,,,,,,,,,,,"23,30","NEW extension,Extension au KDDI HWD11"
1668,12578,748,669,Yes,288,2,カート用延長フラグ,Extension au KDDI HWD11,1,,,,,,,,*,hwd11/img001-ex.jpg,*,hwd11/img001-ex.jpg,,,,,,,,,,,,,,,,,,,,,,,0,1,en_au_ex_301_bt,,1,,82350,86250,,5,,,,,,,,,,,,,,,,,"23,30","NEW extension,Extension au KDDI HWD11"
1668,12580,748,670,Yes,289,2,カート用延長フラグ,Extension au KDDI HWD11,1,,,,,,,,*,hwd11/img001-ex.jpg,*,hwd11/img001-ex.jpg,,,,,,,,,,,,,,,,,,,,,,,0,1,en_au_ex_301_bt,,1,,82350,86250,,5,,,,,,,,,,,,,,,,,"23,30","NEW extension,Extension au KDDI HWD11"
1668,12582,748,671,Yes,290,2,カート用延長フラグ,Extension au KDDI HWD11,1,,,,,,,,*,hwd11/img001-ex.jpg,*,hwd11/img001-ex.jpg,,,,,,,,,,,,,,,,,,,,,,,0,1,en_au_ex_301_bt,,1,,82350,86250,,5,,,,,,,,,,,,,,,,,"23,30","NEW extension,Extension au KDDI HWD11"
1668,12584,748,672,Yes,291,2,カート用延長フラグ,Extension au KDDI HWD11,1,,,,,,,,*,hwd11/img001-ex.jpg,*,hwd11/img001-ex.jpg,,,,,,,,,,,,,,,,,,,,,,,0,1,en_au_ex_301_bt,,1,,82350,86250,,5,,,,,,,,,,,,,,,,,"23,30","NEW extension,Extension au KDDI HWD11"
1668,12586,748,673,Yes,292,2,カート用延長フラグ,Extension au KDDI HWD11,1,,,,,,,,*,hwd11/img001-ex.jpg,*,hwd11/img001-ex.jpg,,,,,,,,,,,,,,,,,,,,,,,0,1,en_au_ex_301_bt,,1,,82350,86250,,5,,,,,,,,,,,,,,,,,"23,30","NEW extension,Extension au KDDI HWD11"
1668,12588,748,674,Yes,293,2,カート用延長フラグ,Extension au KDDI HWD11,1,,,,,,,,*,hwd11/img001-ex.jpg,*,hwd11/img001-ex.jpg,,,,,,,,,,,,,,,,,,,,,,,0,1,en_au_ex_301_bt,,1,,82350,86250,,5,,,,,,,,,,,,,,,,,"23,30","NEW extension,Extension au KDDI HWD11"
1668,12590,748,675,Yes,294,2,カート用延長フラグ,Extension au KDDI HWD11,1,,,,,,,,*,hwd11/img001-ex.jpg,*,hwd11/img001-ex.jpg,,,,,,,,,,,,,,,,,,,,,,,0,1,en_au_ex_301_bt,,1,,82350,86250,,5,,,,,,,,,,,,,,,,,"23,30","NEW extension,Extension au KDDI HWD11"
1668,12592,748,676,Yes,295,2,カート用延長フラグ,Extension au KDDI HWD11,1,,,,,,,,*,hwd11/img001-ex.jpg,*,hwd11/img001-ex.jpg,,,,,,,,,,,,,,,,,,,,,,,0,1,en_au_ex_301_bt,,1,,82350,86250,,5,,,,,,,,,,,,,,,,,"23,30","NEW extension,Extension au KDDI HWD11"
1668,12594,748,677,Yes,296,2,カート用延長フラグ,Extension au KDDI HWD11,1,,,,,,,,*,hwd11/img001-ex.jpg,*,hwd11/img001-ex.jpg,,,,,,,,,,,,,,,,,,,,,,,0,1,en_au_ex_301_bt,,1,,82350,86250,,5,,,,,,,,,,,,,,,,,"23,30","NEW extension,Extension au KDDI HWD11"
1668,12596,748,678,Yes,297,2,カート用延長フラグ,Extension au KDDI HWD11,1,,,,,,,,*,hwd11/img001-ex.jpg,*,hwd11/img001-ex.jpg,,,,,,,,,,,,,,,,,,,,,,,0,1,en_au_ex_301_bt,,1,,82350,86250,,5,,,,,,,,,,,,,,,,,"23,30","NEW extension,Extension au KDDI HWD11"
1668,12598,748,679,Yes,298,2,カート用延長フラグ,Extension au KDDI HWD11,1,,,,,,,,*,hwd11/img001-ex.jpg,*,hwd11/img001-ex.jpg,,,,,,,,,,,,,,,,,,,,,,,0,1,en_au_ex_301_bt,,1,,82350,86250,,5,,,,,,,,,,,,,,,,,"23,30","NEW extension,Extension au KDDI HWD11"
1668,12600,748,680,Yes,299,2,カート用延長フラグ,Extension au KDDI HWD11,1,,,,,,,,*,hwd11/img001-ex.jpg,*,hwd11/img001-ex.jpg,,,,,,,,,,,,,,,,,,,,,,,0,1,en_au_ex_301_bt,,1,,82350,86250,,5,,,,,,,,,,,,,,,,,"23,30","NEW extension,Extension au KDDI HWD11"
1668,12602,748,681,Yes,300,2,カート用延長フラグ,Extension au KDDI HWD11,1,,,,,,,,*,hwd11/img001-ex.jpg,*,hwd11/img001-ex.jpg,,,,,,,,,,,,,,,,,,,,,,,0,1,en_au_ex_301_bt,,1,,82350,86250,,5,,,,,,,,,,,,,,,,,"23,30","NEW extension,Extension au KDDI HWD11"
1668,12604,748,682,Yes,301,2,カート用延長フラグ,Extension au KDDI HWD11,1,,,,,,,,*,hwd11/img001-ex.jpg,*,hwd11/img001-ex.jpg,,,,,,,,,,,,,,,,,,,,,,,0,1,en_au_ex_301_bt,,1,,82350,86250,,5,,,,,,,,,,,,,,,,,"23,30","NEW extension,Extension au KDDI HWD11"
1668,12606,748,683,Yes,302,2,カート用延長フラグ,Extension au KDDI HWD11,1,,,,,,,,*,hwd11/img001-ex.jpg,*,hwd11/img001-ex.jpg,,,,,,,,,,,,,,,,,,,,,,,0,1,en_au_ex_302_bt,,1,,82350,86300,,5,,,,,,,,,,,,,,,,,"23,30","NEW extension,Extension au KDDI HWD11"
1668,12608,748,684,Yes,303,2,カート用延長フラグ,Extension au KDDI HWD11,1,,,,,,,,*,hwd11/img001-ex.jpg,*,hwd11/img001-ex.jpg,,,,,,,,,,,,,,,,,,,,,,,0,1,en_au_ex_303_bt,,1,,82350,86350,,5,,,,,,,,,,,,,,,,,"23,30","NEW extension,Extension au KDDI HWD11"
1668,12610,748,685,Yes,304,2,カート用延長フラグ,Extension au KDDI HWD11,1,,,,,,,,*,hwd11/img001-ex.jpg,*,hwd11/img001-ex.jpg,,,,,,,,,,,,,,,,,,,,,,,0,1,en_au_ex_304_bt,,1,,83000,87050,,5,,,,,,,,,,,,,,,,,"23,30","NEW extension,Extension au KDDI HWD11"
1668,12612,748,686,Yes,305,2,カート用延長フラグ,Extension au KDDI HWD11,1,,,,,,,,*,hwd11/img001-ex.jpg,*,hwd11/img001-ex.jpg,,,,,,,,,,,,,,,,,,,,,,,0,1,en_au_ex_305_bt,,1,,83650,87750,,5,,,,,,,,,,,,,,,,,"23,30","NEW extension,Extension au KDDI HWD11"
1668,12614,748,687,Yes,306,2,カート用延長フラグ,Extension au KDDI HWD11,1,,,,,,,,*,hwd11/img001-ex.jpg,*,hwd11/img001-ex.jpg,,,,,,,,,,,,,,,,,,,,,,,0,1,en_au_ex_306_bt,,1,,84300,88450,,5,,,,,,,,,,,,,,,,,"23,30","NEW extension,Extension au KDDI HWD11"
1668,12616,748,688,Yes,307,2,カート用延長フラグ,Extension au KDDI HWD11,1,,,,,,,,*,hwd11/img001-ex.jpg,*,hwd11/img001-ex.jpg,,,,,,,,,,,,,,,,,,,,,,,0,1,en_au_ex_307_bt,,1,,84950,89150,,5,,,,,,,,,,,,,,,,,"23,30","NEW extension,Extension au KDDI HWD11"
1668,12618,748,689,Yes,308,2,カート用延長フラグ,Extension au KDDI HWD11,1,,,,,,,,*,hwd11/img001-ex.jpg,*,hwd11/img001-ex.jpg,,,,,,,,,,,,,,,,,,,,,,,0,1,en_au_ex_308_bt,,1,,85600,89800,,5,,,,,,,,,,,,,,,,,"23,30","NEW extension,Extension au KDDI HWD11"
1668,12620,748,690,Yes,309,2,カート用延長フラグ,Extension au KDDI HWD11,1,,,,,,,,*,hwd11/img001-ex.jpg,*,hwd11/img001-ex.jpg,,,,,,,,,,,,,,,,,,,,,,,0,1,en_au_ex_309_bt,,1,,86250,90450,,5,,,,,,,,,,,,,,,,,"23,30","NEW extension,Extension au KDDI HWD11"
1668,12622,748,691,Yes,310,2,カート用延長フラグ,Extension au KDDI HWD11,1,,,,,,,,*,hwd11/img001-ex.jpg,*,hwd11/img001-ex.jpg,,,,,,,,,,,,,,,,,,,,,,,0,1,en_au_ex_310_bt,,1,,86900,91100,,5,,,,,,,,,,,,,,,,,"23,30","NEW extension,Extension au KDDI HWD11"
1668,12624,748,692,Yes,311,2,カート用延長フラグ,Extension au KDDI HWD11,1,,,,,,,,*,hwd11/img001-ex.jpg,*,hwd11/img001-ex.jpg,,,,,,,,,,,,,,,,,,,,,,,0,1,en_au_ex_311_bt,,1,,87550,91750,,5,,,,,,,,,,,,,,,,,"23,30","NEW extension,Extension au KDDI HWD11"
1668,12626,748,693,Yes,312,2,カート用延長フラグ,Extension au KDDI HWD11,1,,,,,,,,*,hwd11/img001-ex.jpg,*,hwd11/img001-ex.jpg,,,,,,,,,,,,,,,,,,,,,,,0,1,en_au_ex_312_bt,,1,,88200,92400,,5,,,,,,,,,,,,,,,,,"23,30","NEW extension,Extension au KDDI HWD11"
1668,12628,748,694,Yes,313,2,カート用延長フラグ,Extension au KDDI HWD11,1,,,,,,,,*,hwd11/img001-ex.jpg,*,hwd11/img001-ex.jpg,,,,,,,,,,,,,,,,,,,,,,,0,1,en_au_ex_313_bt,,1,,88850,93050,,5,,,,,,,,,,,,,,,,,"23,30","NEW extension,Extension au KDDI HWD11"
1668,12630,748,695,Yes,314,2,カート用延長フラグ,Extension au KDDI HWD11,1,,,,,,,,*,hwd11/img001-ex.jpg,*,hwd11/img001-ex.jpg,,,,,,,,,,,,,,,,,,,,,,,0,1,en_au_ex_314_bt,,1,,89500,93700,,5,,,,,,,,,,,,,,,,,"23,30","NEW extension,Extension au KDDI HWD11"
1668,12632,748,696,Yes,315,2,カート用延長フラグ,Extension au KDDI HWD11,1,,,,,,,,*,hwd11/img001-ex.jpg,*,hwd11/img001-ex.jpg,,,,,,,,,,,,,,,,,,,,,,,0,1,en_au_ex_331_bt,,1,,89900,94100,,5,,,,,,,,,,,,,,,,,"23,30","NEW extension,Extension au KDDI HWD11"
1668,12634,748,697,Yes,316,2,カート用延長フラグ,Extension au KDDI HWD11,1,,,,,,,,*,hwd11/img001-ex.jpg,*,hwd11/img001-ex.jpg,,,,,,,,,,,,,,,,,,,,,,,0,1,en_au_ex_331_bt,,1,,89900,94100,,5,,,,,,,,,,,,,,,,,"23,30","NEW extension,Extension au KDDI HWD11"
1668,12636,748,698,Yes,317,2,カート用延長フラグ,Extension au KDDI HWD11,1,,,,,,,,*,hwd11/img001-ex.jpg,*,hwd11/img001-ex.jpg,,,,,,,,,,,,,,,,,,,,,,,0,1,en_au_ex_331_bt,,1,,89900,94100,,5,,,,,,,,,,,,,,,,,"23,30","NEW extension,Extension au KDDI HWD11"
1668,12638,748,699,Yes,318,2,カート用延長フラグ,Extension au KDDI HWD11,1,,,,,,,,*,hwd11/img001-ex.jpg,*,hwd11/img001-ex.jpg,,,,,,,,,,,,,,,,,,,,,,,0,1,en_au_ex_331_bt,,1,,89900,94100,,5,,,,,,,,,,,,,,,,,"23,30","NEW extension,Extension au KDDI HWD11"
1668,12640,748,700,Yes,319,2,カート用延長フラグ,Extension au KDDI HWD11,1,,,,,,,,*,hwd11/img001-ex.jpg,*,hwd11/img001-ex.jpg,,,,,,,,,,,,,,,,,,,,,,,0,1,en_au_ex_331_bt,,1,,89900,94100,,5,,,,,,,,,,,,,,,,,"23,30","NEW extension,Extension au KDDI HWD11"
1668,12642,748,701,Yes,320,2,カート用延長フラグ,Extension au KDDI HWD11,1,,,,,,,,*,hwd11/img001-ex.jpg,*,hwd11/img001-ex.jpg,,,,,,,,,,,,,,,,,,,,,,,0,1,en_au_ex_331_bt,,1,,89900,94100,,5,,,,,,,,,,,,,,,,,"23,30","NEW extension,Extension au KDDI HWD11"
1668,12644,748,702,Yes,321,2,カート用延長フラグ,Extension au KDDI HWD11,1,,,,,,,,*,hwd11/img001-ex.jpg,*,hwd11/img001-ex.jpg,,,,,,,,,,,,,,,,,,,,,,,0,1,en_au_ex_331_bt,,1,,89900,94100,,5,,,,,,,,,,,,,,,,,"23,30","NEW extension,Extension au KDDI HWD11"
1668,12646,748,703,Yes,322,2,カート用延長フラグ,Extension au KDDI HWD11,1,,,,,,,,*,hwd11/img001-ex.jpg,*,hwd11/img001-ex.jpg,,,,,,,,,,,,,,,,,,,,,,,0,1,en_au_ex_331_bt,,1,,89900,94100,,5,,,,,,,,,,,,,,,,,"23,30","NEW extension,Extension au KDDI HWD11"
1668,12648,748,704,Yes,323,2,カート用延長フラグ,Extension au KDDI HWD11,1,,,,,,,,*,hwd11/img001-ex.jpg,*,hwd11/img001-ex.jpg,,,,,,,,,,,,,,,,,,,,,,,0,1,en_au_ex_331_bt,,1,,89900,94100,,5,,,,,,,,,,,,,,,,,"23,30","NEW extension,Extension au KDDI HWD11"
1668,12650,748,705,Yes,324,2,カート用延長フラグ,Extension au KDDI HWD11,1,,,,,,,,*,hwd11/img001-ex.jpg,*,hwd11/img001-ex.jpg,,,,,,,,,,,,,,,,,,,,,,,0,1,en_au_ex_331_bt,,1,,89900,94100,,5,,,,,,,,,,,,,,,,,"23,30","NEW extension,Extension au KDDI HWD11"
1668,12652,748,706,Yes,325,2,カート用延長フラグ,Extension au KDDI HWD11,1,,,,,,,,*,hwd11/img001-ex.jpg,*,hwd11/img001-ex.jpg,,,,,,,,,,,,,,,,,,,,,,,0,1,en_au_ex_331_bt,,1,,89900,94100,,5,,,,,,,,,,,,,,,,,"23,30","NEW extension,Extension au KDDI HWD11"
1668,12654,748,707,Yes,326,2,カート用延長フラグ,Extension au KDDI HWD11,1,,,,,,,,*,hwd11/img001-ex.jpg,*,hwd11/img001-ex.jpg,,,,,,,,,,,,,,,,,,,,,,,0,1,en_au_ex_331_bt,,1,,89900,94100,,5,,,,,,,,,,,,,,,,,"23,30","NEW extension,Extension au KDDI HWD11"
1668,12656,748,708,Yes,327,2,カート用延長フラグ,Extension au KDDI HWD11,1,,,,,,,,*,hwd11/img001-ex.jpg,*,hwd11/img001-ex.jpg,,,,,,,,,,,,,,,,,,,,,,,0,1,en_au_ex_331_bt,,1,,89900,94100,,5,,,,,,,,,,,,,,,,,"23,30","NEW extension,Extension au KDDI HWD11"
1668,12658,748,709,Yes,328,2,カート用延長フラグ,Extension au KDDI HWD11,1,,,,,,,,*,hwd11/img001-ex.jpg,*,hwd11/img001-ex.jpg,,,,,,,,,,,,,,,,,,,,,,,0,1,en_au_ex_331_bt,,1,,89900,94100,,5,,,,,,,,,,,,,,,,,"23,30","NEW extension,Extension au KDDI HWD11"
1668,12660,748,710,Yes,329,2,カート用延長フラグ,Extension au KDDI HWD11,1,,,,,,,,*,hwd11/img001-ex.jpg,*,hwd11/img001-ex.jpg,,,,,,,,,,,,,,,,,,,,,,,0,1,en_au_ex_331_bt,,1,,89900,94100,,5,,,,,,,,,,,,,,,,,"23,30","NEW extension,Extension au KDDI HWD11"
1668,12662,748,711,Yes,330,2,カート用延長フラグ,Extension au KDDI HWD11,1,,,,,,,,*,hwd11/img001-ex.jpg,*,hwd11/img001-ex.jpg,,,,,,,,,,,,,,,,,,,,,,,0,1,en_au_ex_331_bt,,1,,89900,94100,,5,,,,,,,,,,,,,,,,,"23,30","NEW extension,Extension au KDDI HWD11"
1668,12664,748,712,Yes,331,2,カート用延長フラグ,Extension au KDDI HWD11,1,,,,,,,,*,hwd11/img001-ex.jpg,*,hwd11/img001-ex.jpg,,,,,,,,,,,,,,,,,,,,,,,0,1,en_au_ex_331_bt,,1,,89900,94100,,5,,,,,,,,,,,,,,,,,"23,30","NEW extension,Extension au KDDI HWD11"
1668,12666,748,713,Yes,332,2,カート用延長フラグ,Extension au KDDI HWD11,1,,,,,,,,*,hwd11/img001-ex.jpg,*,hwd11/img001-ex.jpg,,,,,,,,,,,,,,,,,,,,,,,0,1,en_au_ex_332_bt,,1,,89900,94150,,5,,,,,,,,,,,,,,,,,"23,30","NEW extension,Extension au KDDI HWD11"
1668,12668,748,714,Yes,333,2,カート用延長フラグ,Extension au KDDI HWD11,1,,,,,,,,*,hwd11/img001-ex.jpg,*,hwd11/img001-ex.jpg,,,,,,,,,,,,,,,,,,,,,,,0,1,en_au_ex_333_bt,,1,,89900,94200,,5,,,,,,,,,,,,,,,,,"23,30","NEW extension,Extension au KDDI HWD11"
1668,12670,748,715,Yes,334,2,カート用延長フラグ,Extension au KDDI HWD11,1,,,,,,,,*,hwd11/img001-ex.jpg,*,hwd11/img001-ex.jpg,,,,,,,,,,,,,,,,,,,,,,,0,1,en_au_ex_334_bt,,1,,90550,94900,,5,,,,,,,,,,,,,,,,,"23,30","NEW extension,Extension au KDDI HWD11"
1668,12672,748,717,Yes,335,2,カート用延長フラグ,Extension au KDDI HWD11,1,,,,,,,,*,hwd11/img001-ex.jpg,*,hwd11/img001-ex.jpg,,,,,,,,,,,,,,,,,,,,,,,0,1,en_au_ex_335_bt,,1,,91200,95600,,5,,,,,,,,,,,,,,,,,"23,30","NEW extension,Extension au KDDI HWD11"
1668,12674,748,718,Yes,336,2,カート用延長フラグ,Extension au KDDI HWD11,1,,,,,,,,*,hwd11/img001-ex.jpg,*,hwd11/img001-ex.jpg,,,,,,,,,,,,,,,,,,,,,,,0,1,en_au_ex_336_bt,,1,,91850,96300,,5,,,,,,,,,,,,,,,,,"23,30","NEW extension,Extension au KDDI HWD11"
1668,12676,748,719,Yes,337,2,カート用延長フラグ,Extension au KDDI HWD11,1,,,,,,,,*,hwd11/img001-ex.jpg,*,hwd11/img001-ex.jpg,,,,,,,,,,,,,,,,,,,,,,,0,1,en_au_ex_337_bt,,1,,92500,97000,,5,,,,,,,,,,,,,,,,,"23,30","NEW extension,Extension au KDDI HWD11"
1668,12678,748,720,Yes,338,2,カート用延長フラグ,Extension au KDDI HWD11,1,,,,,,,,*,hwd11/img001-ex.jpg,*,hwd11/img001-ex.jpg,,,,,,,,,,,,,,,,,,,,,,,0,1,en_au_ex_338_bt,,1,,93150,97650,,5,,,,,,,,,,,,,,,,,"23,30","NEW extension,Extension au KDDI HWD11"
1668,12680,748,721,Yes,339,2,カート用延長フラグ,Extension au KDDI HWD11,1,,,,,,,,*,hwd11/img001-ex.jpg,*,hwd11/img001-ex.jpg,,,,,,,,,,,,,,,,,,,,,,,0,1,en_au_ex_339_bt,,1,,93800,98300,,5,,,,,,,,,,,,,,,,,"23,30","NEW extension,Extension au KDDI HWD11"
1668,12682,748,722,Yes,340,2,カート用延長フラグ,Extension au KDDI HWD11,1,,,,,,,,*,hwd11/img001-ex.jpg,*,hwd11/img001-ex.jpg,,,,,,,,,,,,,,,,,,,,,,,0,1,en_au_ex_340_bt,,1,,94450,98950,,5,,,,,,,,,,,,,,,,,"23,30","NEW extension,Extension au KDDI HWD11"
1668,12684,748,723,Yes,341,2,カート用延長フラグ,Extension au KDDI HWD11,1,,,,,,,,*,hwd11/img001-ex.jpg,*,hwd11/img001-ex.jpg,,,,,,,,,,,,,,,,,,,,,,,0,1,en_au_ex_341_bt,,1,,95100,99600,,5,,,,,,,,,,,,,,,,,"23,30","NEW extension,Extension au KDDI HWD11"
1668,12686,748,724,Yes,342,2,カート用延長フラグ,Extension au KDDI HWD11,1,,,,,,,,*,hwd11/img001-ex.jpg,*,hwd11/img001-ex.jpg,,,,,,,,,,,,,,,,,,,,,,,0,1,en_au_ex_342_bt,,1,,95750,100250,,5,,,,,,,,,,,,,,,,,"23,30","NEW extension,Extension au KDDI HWD11"
1668,12688,748,725,Yes,343,2,カート用延長フラグ,Extension au KDDI HWD11,1,,,,,,,,*,hwd11/img001-ex.jpg,*,hwd11/img001-ex.jpg,,,,,,,,,,,,,,,,,,,,,,,0,1,en_au_ex_343_bt,,1,,96400,100900,,5,,,,,,,,,,,,,,,,,"23,30","NEW extension,Extension au KDDI HWD11"
1668,12690,748,726,Yes,344,2,カート用延長フラグ,Extension au KDDI HWD11,1,,,,,,,,*,hwd11/img001-ex.jpg,*,hwd11/img001-ex.jpg,,,,,,,,,,,,,,,,,,,,,,,0,1,en_au_ex_361_bt,,1,,96800,101300,,5,,,,,,,,,,,,,,,,,"23,30","NEW extension,Extension au KDDI HWD11"
1668,12692,748,727,Yes,345,2,カート用延長フラグ,Extension au KDDI HWD11,1,,,,,,,,*,hwd11/img001-ex.jpg,*,hwd11/img001-ex.jpg,,,,,,,,,,,,,,,,,,,,,,,0,1,en_au_ex_361_bt,,1,,96800,101300,,5,,,,,,,,,,,,,,,,,"23,30","NEW extension,Extension au KDDI HWD11"
1668,12694,748,728,Yes,346,2,カート用延長フラグ,Extension au KDDI HWD11,1,,,,,,,,*,hwd11/img001-ex.jpg,*,hwd11/img001-ex.jpg,,,,,,,,,,,,,,,,,,,,,,,0,1,en_au_ex_361_bt,,1,,96800,101300,,5,,,,,,,,,,,,,,,,,"23,30","NEW extension,Extension au KDDI HWD11"
1668,12696,748,729,Yes,347,2,カート用延長フラグ,Extension au KDDI HWD11,1,,,,,,,,*,hwd11/img001-ex.jpg,*,hwd11/img001-ex.jpg,,,,,,,,,,,,,,,,,,,,,,,0,1,en_au_ex_361_bt,,1,,96800,101300,,5,,,,,,,,,,,,,,,,,"23,30","NEW extension,Extension au KDDI HWD11"
1668,12698,748,730,Yes,348,2,カート用延長フラグ,Extension au KDDI HWD11,1,,,,,,,,*,hwd11/img001-ex.jpg,*,hwd11/img001-ex.jpg,,,,,,,,,,,,,,,,,,,,,,,0,1,en_au_ex_361_bt,,1,,96800,101300,,5,,,,,,,,,,,,,,,,,"23,30","NEW extension,Extension au KDDI HWD11"
1668,12700,748,731,Yes,349,2,カート用延長フラグ,Extension au KDDI HWD11,1,,,,,,,,*,hwd11/img001-ex.jpg,*,hwd11/img001-ex.jpg,,,,,,,,,,,,,,,,,,,,,,,0,1,en_au_ex_361_bt,,1,,96800,101300,,5,,,,,,,,,,,,,,,,,"23,30","NEW extension,Extension au KDDI HWD11"
1668,12702,748,732,Yes,350,2,カート用延長フラグ,Extension au KDDI HWD11,1,,,,,,,,*,hwd11/img001-ex.jpg,*,hwd11/img001-ex.jpg,,,,,,,,,,,,,,,,,,,,,,,0,1,en_au_ex_361_bt,,1,,96800,101300,,5,,,,,,,,,,,,,,,,,"23,30","NEW extension,Extension au KDDI HWD11"
1668,12704,748,733,Yes,351,2,カート用延長フラグ,Extension au KDDI HWD11,1,,,,,,,,*,hwd11/img001-ex.jpg,*,hwd11/img001-ex.jpg,,,,,,,,,,,,,,,,,,,,,,,0,1,en_au_ex_361_bt,,1,,96800,101300,,5,,,,,,,,,,,,,,,,,"23,30","NEW extension,Extension au KDDI HWD11"
1668,12706,748,734,Yes,352,2,カート用延長フラグ,Extension au KDDI HWD11,1,,,,,,,,*,hwd11/img001-ex.jpg,*,hwd11/img001-ex.jpg,,,,,,,,,,,,,,,,,,,,,,,0,1,en_au_ex_361_bt,,1,,96800,101300,,5,,,,,,,,,,,,,,,,,"23,30","NEW extension,Extension au KDDI HWD11"
1668,12708,748,735,Yes,353,2,カート用延長フラグ,Extension au KDDI HWD11,1,,,,,,,,*,hwd11/img001-ex.jpg,*,hwd11/img001-ex.jpg,,,,,,,,,,,,,,,,,,,,,,,0,1,en_au_ex_361_bt,,1,,96800,101300,,5,,,,,,,,,,,,,,,,,"23,30","NEW extension,Extension au KDDI HWD11"
1668,12710,748,736,Yes,354,2,カート用延長フラグ,Extension au KDDI HWD11,1,,,,,,,,*,hwd11/img001-ex.jpg,*,hwd11/img001-ex.jpg,,,,,,,,,,,,,,,,,,,,,,,0,1,en_au_ex_361_bt,,1,,96800,101300,,5,,,,,,,,,,,,,,,,,"23,30","NEW extension,Extension au KDDI HWD11"
1668,12712,748,737,Yes,355,2,カート用延長フラグ,Extension au KDDI HWD11,1,,,,,,,,*,hwd11/img001-ex.jpg,*,hwd11/img001-ex.jpg,,,,,,,,,,,,,,,,,,,,,,,0,1,en_au_ex_361_bt,,1,,96800,101300,,5,,,,,,,,,,,,,,,,,"23,30","NEW extension,Extension au KDDI HWD11"
1668,12714,748,738,Yes,356,2,カート用延長フラグ,Extension au KDDI HWD11,1,,,,,,,,*,hwd11/img001-ex.jpg,*,hwd11/img001-ex.jpg,,,,,,,,,,,,,,,,,,,,,,,0,1,en_au_ex_361_bt,,1,,96800,101300,,5,,,,,,,,,,,,,,,,,"23,30","NEW extension,Extension au KDDI HWD11"
1668,12716,748,739,Yes,357,2,カート用延長フラグ,Extension au KDDI HWD11,1,,,,,,,,*,hwd11/img001-ex.jpg,*,hwd11/img001-ex.jpg,,,,,,,,,,,,,,,,,,,,,,,0,1,en_au_ex_361_bt,,1,,96800,101300,,5,,,,,,,,,,,,,,,,,"23,30","NEW extension,Extension au KDDI HWD11"
1668,12718,748,740,Yes,358,2,カート用延長フラグ,Extension au KDDI HWD11,1,,,,,,,,*,hwd11/img001-ex.jpg,*,hwd11/img001-ex.jpg,,,,,,,,,,,,,,,,,,,,,,,0,1,en_au_ex_361_bt,,1,,96800,101300,,5,,,,,,,,,,,,,,,,,"23,30","NEW extension,Extension au KDDI HWD11"
1668,12720,748,741,Yes,359,2,カート用延長フラグ,Extension au KDDI HWD11,1,,,,,,,,*,hwd11/img001-ex.jpg,*,hwd11/img001-ex.jpg,,,,,,,,,,,,,,,,,,,,,,,0,1,en_au_ex_361_bt,,1,,96800,101300,,5,,,,,,,,,,,,,,,,,"23,30","NEW extension,Extension au KDDI HWD11"
1668,12722,748,742,Yes,360,2,カート用延長フラグ,Extension au KDDI HWD11,1,,,,,,,,*,hwd11/img001-ex.jpg,*,hwd11/img001-ex.jpg,,,,,,,,,,,,,,,,,,,,,,,0,1,en_au_ex_361_bt,,1,,96800,101300,,5,,,,,,,,,,,,,,,,,"23,30","NEW extension,Extension au KDDI HWD11"
1668,12724,748,743,Yes,361,2,カート用延長フラグ,Extension au KDDI HWD11,1,,,,,,,,*,hwd11/img001-ex.jpg,*,hwd11/img001-ex.jpg,,,,,,,,,,,,,,,,,,,,,,,0,1,en_au_ex_361_bt,,1,,96800,101300,,5,,,,,,,,,,,,,,,,,"23,30","NEW extension,Extension au KDDI HWD11"
1668,12726,748,744,Yes,362,2,カート用延長フラグ,Extension au KDDI HWD11,1,,,,,,,,*,hwd11/img001-ex.jpg,*,hwd11/img001-ex.jpg,,,,,,,,,,,,,,,,,,,,,,,0,1,en_au_ex_362_bt,,1,,96800,101350,,5,,,,,,,,,,,,,,,,,"23,30","NEW extension,Extension au KDDI HWD11"
1668,12728,748,745,Yes,363,2,カート用延長フラグ,Extension au KDDI HWD11,1,,,,,,,,*,hwd11/img001-ex.jpg,*,hwd11/img001-ex.jpg,,,,,,,,,,,,,,,,,,,,,,,0,1,en_au_ex_363_bt,,1,,96800,101400,,5,,,,,,,,,,,,,,,,,"23,30","NEW extension,Extension au KDDI HWD11"
1668,12730,748,746,Yes,364,2,カート用延長フラグ,Extension au KDDI HWD11,1,,,,,,,,*,hwd11/img001-ex.jpg,*,hwd11/img001-ex.jpg,,,,,,,,,,,,,,,,,,,,,,,0,1,en_au_ex_364_bt,,1,,97450,102100,,5,,,,,,,,,,,,,,,,,"23,30","NEW extension,Extension au KDDI HWD11"