商品ID,商品規格ID,親規格分類ID,規格分類ID,親規格分類名,規格分類名,メーカーID,メーカー名,商品名,表示ステータス(公開・非公開),メーカーURL(コメント1),コメント2,検索ワード(コメント3),コメント4,コメント5,コメント6,備考欄(SHOP専用),一覧-メインコメント,一覧-メイン画像,詳細-メインコメント,詳細-メイン画像,詳細-メイン拡大画像,詳細-サブタイトル(1),詳細-サブコメント(1),詳細-サブ画像(1),詳細-サブ拡大画像(1),詳細-サブタイトル(2),詳細-サブコメント(2),詳細-サブ画像(2),詳細-サブ拡大画像(2),詳細-サブタイトル(3),詳細-サブコメント(3),詳細-サブ画像(3),詳細-サブ拡大画像(3),詳細-サブタイトル(4),詳細-サブコメント(4),詳細-サブ画像(4),詳細-サブ拡大画像(4),詳細-サブタイトル(5),詳細-サブコメント(5),詳細-サブ画像(5),詳細-サブ拡大画像(5),発送日目安ID,削除フラグ,商品種別ID,商品コード,在庫数,在庫無制限フラグ,販売制限数,通常価格,販売価格,送料,ポイント付与率,ダウンロードファイル名,ダウンロード実ファイル,関連商品ID(1),関連商品コメント(1),関連商品ID(2),関連商品コメント(2),関連商品ID(3),関連商品コメント(3),関連商品ID(4),関連商品コメント(4),関連商品ID(5),関連商品コメント(5),関連商品ID(6),関連商品コメント(6),商品ステータス,商品ステータス名,カテゴリID,カテゴリ名
504,953,10,8,None (+ 0 JPY),None (+ 0 JPY),,,[1 day RENTAL] SoftBank 601HW Black,1,,,,,,,,[1 days RENTAL] SoftBank 601HW Black,sk.jpg,*,sk.jpg,sk.jpg,,,,,,,,,,,,,,,,,,,,,,,1,en_sk_000,,1,,450,450,,5,,,,,,,,,,,,,,,,,16,new! SoftBank 601HW Black 20GB
505,954,10,8,None (+ 0 JPY),None (+ 0 JPY),,,[2 days RENTAL] SoftBank 601HW Black,1,,,,,,,,[2 days RENTAL] SoftBank 601HW Black,sk.jpg,*,sk.jpg,sk.jpg,,,,,,,,,,,,,,,,,,,,,,,1,en_sk_001,,1,,900,900,,5,,,,,,,,,,,,,,,,,16,new! SoftBank 601HW Black 20GB
506,955,10,8,None (+ 0 JPY),None (+ 0 JPY),,,[3 days RENTAL] SoftBank 601HW Black,1,,,,,,,,[3 days RENTAL] SoftBank 601HW Black,sk.jpg,*,sk.jpg,sk.jpg,,,,,,,,,,,,,,,,,,,,,,,1,en_sk_002,,1,,1350,1350,,5,,,,,,,,,,,,,,,,,16,new! SoftBank 601HW Black 20GB
507,956,10,8,None (+ 0 JPY),None (+ 0 JPY),,,[4 days RENTAL] SoftBank 601HW Black,1,,,,,,,,[4 days RENTAL] SoftBank 601HW Black,sk.jpg,*,sk.jpg,sk.jpg,,,,,,,,,,,,,,,,,,,,,,,1,en_sk_003,,1,,1800,1800,,5,,,,,,,,,,,,,,,,,16,new! SoftBank 601HW Black 20GB
508,957,10,8,None (+ 0 JPY),None (+ 0 JPY),,,[5 days RENTAL] SoftBank 601HW Black,1,,,,,,,,[5 days RENTAL] SoftBank 601HW Black,sk.jpg,*,sk.jpg,sk.jpg,,,,,,,,,,,,,,,,,,,,,,,1,en_sk_004,,1,,2250,2250,,5,,,,,,,,,,,,,,,,,16,new! SoftBank 601HW Black 20GB
509,958,10,8,None (+ 0 JPY),None (+ 0 JPY),,,[6 days RENTAL] SoftBank 601HW Black,1,,,,,,,,[6 days RENTAL] SoftBank 601HW Black,sk.jpg,*,sk.jpg,sk.jpg,,,,,,,,,,,,,,,,,,,,,,,1,en_sk_005,,1,,2700,2700,,5,,,,,,,,,,,,,,,,,16,new! SoftBank 601HW Black 20GB
510,959,10,8,None (+ 0 JPY),None (+ 0 JPY),,,[7 days RENTAL] SoftBank 601HW Black,1,,,,,,,,[7 days RENTAL] SoftBank 601HW Black,sk.jpg,*,sk.jpg,sk.jpg,,,,,,,,,,,,,,,,,,,,,,,1,en_sk_006,,1,,3150,3150,,5,,,,,,,,,,,,,,,,,16,new! SoftBank 601HW Black 20GB
511,960,10,8,None (+ 0 JPY),None (+ 0 JPY),,,[8 days RENTAL] SoftBank 601HW Black,1,,,,,,,,[8 days RENTAL] SoftBank 601HW Black,sk.jpg,*,sk.jpg,sk.jpg,,,,,,,,,,,,,,,,,,,,,,,1,en_sk_007,,1,,3600,3600,,5,,,,,,,,,,,,,,,,,16,new! SoftBank 601HW Black 20GB
512,961,10,8,None (+ 0 JPY),None (+ 0 JPY),,,[9 days RENTAL] SoftBank 601HW Black,1,,,,,,,,[9 days RENTAL] SoftBank 601HW Black,sk.jpg,*,sk.jpg,sk.jpg,,,,,,,,,,,,,,,,,,,,,,,1,en_sk_008,,1,,4050,4050,,5,,,,,,,,,,,,,,,,,16,new! SoftBank 601HW Black 20GB
513,962,10,8,None (+ 0 JPY),None (+ 0 JPY),,,[10 days RENTAL] SoftBank 601HW Black,1,,,,,,,,[10 days RENTAL] SoftBank 601HW Black,sk.jpg,*,sk.jpg,sk.jpg,,,,,,,,,,,,,,,,,,,,,,,1,en_sk_009,,1,,4500,4500,,5,,,,,,,,,,,,,,,,,16,new! SoftBank 601HW Black 20GB
514,963,10,8,None (+ 0 JPY),None (+ 0 JPY),,,[11 days RENTAL] SoftBank 601HW Black,1,,,,,,,,[11 days RENTAL] SoftBank 601HW Black,sk.jpg,*,sk.jpg,sk.jpg,,,,,,,,,,,,,,,,,,,,,,,1,en_sk_010,,1,,4950,4950,,5,,,,,,,,,,,,,,,,,16,new! SoftBank 601HW Black 20GB
515,964,10,8,None (+ 0 JPY),None (+ 0 JPY),,,[12 days RENTAL] SoftBank 601HW Black,1,,,,,,,,[12 days RENTAL] SoftBank 601HW Black,sk.jpg,*,sk.jpg,sk.jpg,,,,,,,,,,,,,,,,,,,,,,,1,en_sk_011,,1,,5400,5400,,5,,,,,,,,,,,,,,,,,16,new! SoftBank 601HW Black 20GB
516,965,10,8,None (+ 0 JPY),None (+ 0 JPY),,,[13 days RENTAL] SoftBank 601HW Black,1,,,,,,,,[13 days RENTAL] SoftBank 601HW Black,sk.jpg,*,sk.jpg,sk.jpg,,,,,,,,,,,,,,,,,,,,,,,1,en_sk_012,,1,,5850,5850,,5,,,,,,,,,,,,,,,,,16,new! SoftBank 601HW Black 20GB
517,966,10,8,None (+ 0 JPY),None (+ 0 JPY),,,[14 days RENTAL] SoftBank 601HW Black,1,,,,,,,,[14 days RENTAL] SoftBank 601HW Black,sk.jpg,*,sk.jpg,sk.jpg,,,,,,,,,,,,,,,,,,,,,,,1,en_sk_013,,1,,6300,6300,,5,,,,,,,,,,,,,,,,,16,new! SoftBank 601HW Black 20GB
518,967,10,8,None (+ 0 JPY),None (+ 0 JPY),,,[1 Month (15 days〜31 days)] SoftBank 601HW Black,1,,,,,,,,[15 days RENTAL] SoftBank 601HW Black,sk.jpg,*,sk.jpg,sk.jpg,,,,,,,,,,,,,,,,,,,,,,,1,en_sk_014,,1,,6750,6750,,5,,,,,,,,,,,,,,,,,16,new! SoftBank 601HW Black 20GB
519,968,10,8,None (+ 0 JPY),None (+ 0 JPY),,,[1 Month (15 days〜31 days)] SoftBank 601HW Black,1,,,,,,,,[16 days RENTAL] SoftBank 601HW Black,sk.jpg,*,sk.jpg,sk.jpg,,,,,,,,,,,,,,,,,,,,,,1,1,en_sk_015,,1,,6750,6750,,5,,,,,,,,,,,,,,,,,16,new! SoftBank 601HW Black 20GB
520,969,10,8,None (+ 0 JPY),None (+ 0 JPY),,,[1 Month (15 days〜31 days)] SoftBank 601HW Black,1,,,,,,,,[17 days RENTAL] SoftBank 601HW Black,sk.jpg,*,sk.jpg,sk.jpg,,,,,,,,,,,,,,,,,,,,,,1,1,en_sk_016,,1,,6750,6750,,5,,,,,,,,,,,,,,,,,16,new! SoftBank 601HW Black 20GB
521,970,10,8,None (+ 0 JPY),None (+ 0 JPY),,,[1 Month (15 days〜31 days)] SoftBank 601HW Black,1,,,,,,,,[18 days RENTAL] SoftBank 601HW Black,sk.jpg,*,sk.jpg,sk.jpg,,,,,,,,,,,,,,,,,,,,,,1,1,en_sk_017,,1,,6750,6750,,5,,,,,,,,,,,,,,,,,16,new! SoftBank 601HW Black 20GB
522,971,10,8,None (+ 0 JPY),None (+ 0 JPY),,,[1 Month (15 days〜31 days)] SoftBank 601HW Black,1,,,,,,,,[19 days RENTAL] SoftBank 601HW Black,sk.jpg,*,sk.jpg,sk.jpg,,,,,,,,,,,,,,,,,,,,,,1,1,en_sk_018,,1,,6750,6750,,5,,,,,,,,,,,,,,,,,16,new! SoftBank 601HW Black 20GB
523,972,10,8,None (+ 0 JPY),None (+ 0 JPY),,,[1 Month (15 days〜31 days)] SoftBank 601HW Black,1,,,,,,,,[20 days RENTAL] SoftBank 601HW Black,sk.jpg,*,sk.jpg,sk.jpg,,,,,,,,,,,,,,,,,,,,,,1,1,en_sk_019,,1,,6750,6750,,5,,,,,,,,,,,,,,,,,16,new! SoftBank 601HW Black 20GB
524,973,10,8,None (+ 0 JPY),None (+ 0 JPY),,,[1 Month (15 days〜31 days)] SoftBank 601HW Black,1,,,,,,,,[21 days RENTAL] SoftBank 601HW Black,sk.jpg,*,sk.jpg,sk.jpg,,,,,,,,,,,,,,,,,,,,,,1,1,en_sk_020,,1,,6750,6750,,5,,,,,,,,,,,,,,,,,16,new! SoftBank 601HW Black 20GB
525,974,10,8,None (+ 0 JPY),None (+ 0 JPY),,,[1 Month (15 days〜31 days)] SoftBank 601HW Black,1,,,,,,,,[22 days RENTAL] SoftBank 601HW Black,sk.jpg,*,sk.jpg,sk.jpg,,,,,,,,,,,,,,,,,,,,,,1,1,en_sk_021,,1,,6750,6750,,5,,,,,,,,,,,,,,,,,16,new! SoftBank 601HW Black 20GB
526,975,10,8,None (+ 0 JPY),None (+ 0 JPY),,,[1 Month (15 days〜31 days)] SoftBank 601HW Black,1,,,,,,,,[23 days RENTAL] SoftBank 601HW Black,sk.jpg,*,sk.jpg,sk.jpg,,,,,,,,,,,,,,,,,,,,,,1,1,en_sk_022,,1,,6750,6750,,5,,,,,,,,,,,,,,,,,16,new! SoftBank 601HW Black 20GB
527,976,10,8,None (+ 0 JPY),None (+ 0 JPY),,,[1 Month (15 days〜31 days)] SoftBank 601HW Black,1,,,,,,,,[24 days RENTAL] SoftBank 601HW Black,sk.jpg,*,sk.jpg,sk.jpg,,,,,,,,,,,,,,,,,,,,,,1,1,en_sk_023,,1,,6750,6750,,5,,,,,,,,,,,,,,,,,16,new! SoftBank 601HW Black 20GB
528,977,10,8,None (+ 0 JPY),None (+ 0 JPY),,,[1 Month (15 days〜31 days)] SoftBank 601HW Black,1,,,,,,,,[25 days RENTAL] SoftBank 601HW Black,sk.jpg,*,sk.jpg,sk.jpg,,,,,,,,,,,,,,,,,,,,,,1,1,en_sk_024,,1,,6750,6750,,5,,,,,,,,,,,,,,,,,16,new! SoftBank 601HW Black 20GB
529,978,10,8,None (+ 0 JPY),None (+ 0 JPY),,,[1 Month (15 days〜31 days)] SoftBank 601HW Black,1,,,,,,,,[26 days RENTAL] SoftBank 601HW Black,sk.jpg,*,sk.jpg,sk.jpg,,,,,,,,,,,,,,,,,,,,,,1,1,en_sk_025,,1,,6750,6750,,5,,,,,,,,,,,,,,,,,16,new! SoftBank 601HW Black 20GB
530,979,10,8,None (+ 0 JPY),None (+ 0 JPY),,,[1 Month (15 days〜31 days)] SoftBank 601HW Black,1,,,,,,,,[27 days RENTAL] SoftBank 601HW Black,sk.jpg,*,sk.jpg,sk.jpg,,,,,,,,,,,,,,,,,,,,,,1,1,en_sk_026,,1,,6750,6750,,5,,,,,,,,,,,,,,,,,16,new! SoftBank 601HW Black 20GB
531,980,10,8,None (+ 0 JPY),None (+ 0 JPY),,,[1 Month (15 days〜31 days)] SoftBank 601HW Black,1,,,,,,,,[28 days RENTAL] SoftBank 601HW Black,sk.jpg,*,sk.jpg,sk.jpg,,,,,,,,,,,,,,,,,,,,,,1,1,en_sk_027,,1,,6750,6750,,5,,,,,,,,,,,,,,,,,16,new! SoftBank 601HW Black 20GB
532,981,10,8,None (+ 0 JPY),None (+ 0 JPY),,,[1 Month (15 days〜31 days)] SoftBank 601HW Black,1,,,,,,,,[29 days RENTAL] SoftBank 601HW Black,sk.jpg,*,sk.jpg,sk.jpg,,,,,,,,,,,,,,,,,,,,,,1,1,en_sk_028,,1,,6750,6750,,5,,,,,,,,,,,,,,,,,16,new! SoftBank 601HW Black 20GB
533,982,10,8,None (+ 0 JPY),None (+ 0 JPY),,,[1 Month (15 days〜31 days)] SoftBank 601HW Black,1,,,,,,,,[30 days RENTAL] SoftBank 601HW Black,sk.jpg,*,sk.jpg,sk.jpg,,,,,,,,,,,,,,,,,,,,,,1,1,en_sk_029,,1,,6750,6750,,5,,,,,,,,,,,,,,,,,16,new! SoftBank 601HW Black 20GB
534,983,10,8,None (+ 0 JPY),None (+ 0 JPY),,,[1 Month (15 days〜31 days)] SoftBank 601HW Black,1,,,,,,,,[31 days RENTAL] SoftBank 601HW Black,sk.jpg,*,sk.jpg,sk.jpg,,,,,,,,,,,,,,,,,,,,,,1,1,en_sk_030,,1,,6750,6750,,5,,,,,,,,,,,,,,,,,16,new! SoftBank 601HW Black 20GB
535,984,10,8,None (+ 0 JPY),None (+ 0 JPY),,,[1 Month]+[1 day RENTAL] SoftBank 601HW Black,1,,,,,,,,[32 days RENTAL] SoftBank 601HW Black,sk.jpg,*,sk.jpg,sk.jpg,,,,,,,,,,,,,,,,,,,,,,,1,en_sk_031,,1,,7200,7200,,5,,,,,,,,,,,,,,,,,16,new! SoftBank 601HW Black 20GB
536,985,10,8,None (+ 0 JPY),None (+ 0 JPY),,,[1 Month]+[2 days RENTAL] SoftBank 601HW Black,1,,,,,,,,[33 days RENTAL] SoftBank 601HW Black,sk.jpg,*,sk.jpg,sk.jpg,,,,,,,,,,,,,,,,,,,,,,,1,en_sk_032,,1,,7650,7650,,5,,,,,,,,,,,,,,,,,16,new! SoftBank 601HW Black 20GB
537,986,10,8,None (+ 0 JPY),None (+ 0 JPY),,,[1 Month]+[3 days RENTAL] SoftBank 601HW Black,1,,,,,,,,[34 days RENTAL] SoftBank 601HW Black,sk.jpg,*,sk.jpg,sk.jpg,,,,,,,,,,,,,,,,,,,,,,,1,en_sk_033,,1,,8100,8100,,5,,,,,,,,,,,,,,,,,16,new! SoftBank 601HW Black 20GB
538,987,10,8,None (+ 0 JPY),None (+ 0 JPY),,,[1 Month]+[4 days RENTAL] SoftBank 601HW Black,1,,,,,,,,[35 days RENTAL] SoftBank 601HW Black,sk.jpg,*,sk.jpg,sk.jpg,,,,,,,,,,,,,,,,,,,,,,,1,en_sk_034,,1,,8550,8550,,5,,,,,,,,,,,,,,,,,16,new! SoftBank 601HW Black 20GB
539,988,10,8,None (+ 0 JPY),None (+ 0 JPY),,,[1 Month]+[5 days RENTAL] SoftBank 601HW Black,1,,,,,,,,[36 days RENTAL] SoftBank 601HW Black,sk.jpg,*,sk.jpg,sk.jpg,,,,,,,,,,,,,,,,,,,,,,,1,en_sk_035,,1,,9000,9000,,5,,,,,,,,,,,,,,,,,16,new! SoftBank 601HW Black 20GB
540,989,10,8,None (+ 0 JPY),None (+ 0 JPY),,,[1 Month]+[6 days RENTAL] SoftBank 601HW Black,1,,,,,,,,[37 days RENTAL] SoftBank 601HW Black,sk.jpg,*,sk.jpg,sk.jpg,,,,,,,,,,,,,,,,,,,,,,,1,en_sk_036,,1,,9450,9450,,5,,,,,,,,,,,,,,,,,16,new! SoftBank 601HW Black 20GB
541,990,10,8,None (+ 0 JPY),None (+ 0 JPY),,,[1 Month]+[7 days RENTAL] SoftBank 601HW Black,1,,,,,,,,[38 days RENTAL] SoftBank 601HW Black,sk.jpg,*,sk.jpg,sk.jpg,,,,,,,,,,,,,,,,,,,,,,,1,en_sk_037,,1,,9900,9900,,5,,,,,,,,,,,,,,,,,16,new! SoftBank 601HW Black 20GB
542,991,10,8,None (+ 0 JPY),None (+ 0 JPY),,,[1 Month]+[8 days RENTAL] SoftBank 601HW Black,1,,,,,,,,[39 days RENTAL] SoftBank 601HW Black,sk.jpg,*,sk.jpg,sk.jpg,,,,,,,,,,,,,,,,,,,,,,,1,en_sk_038,,1,,10350,10350,,5,,,,,,,,,,,,,,,,,16,new! SoftBank 601HW Black 20GB
543,992,10,8,None (+ 0 JPY),None (+ 0 JPY),,,[1 Month]+[9 days RENTAL] SoftBank 601HW Black,1,,,,,,,,[40 days RENTAL] SoftBank 601HW Black,sk.jpg,*,sk.jpg,sk.jpg,,,,,,,,,,,,,,,,,,,,,,,1,en_sk_039,,1,,10800,10800,,5,,,,,,,,,,,,,,,,,16,new! SoftBank 601HW Black 20GB
544,993,10,8,None (+ 0 JPY),None (+ 0 JPY),,,[1 Month]+[10 days RENTAL] SoftBank 601HW Black,1,,,,,,,,[41 days RENTAL] SoftBank 601HW Black,sk.jpg,*,sk.jpg,sk.jpg,,,,,,,,,,,,,,,,,,,,,,,1,en_sk_040,,1,,11250,11250,,5,,,,,,,,,,,,,,,,,16,new! SoftBank 601HW Black 20GB
545,994,10,8,None (+ 0 JPY),None (+ 0 JPY),,,[1 Month]+[11 days RENTAL] SoftBank 601HW Black,1,,,,,,,,[42 days RENTAL] SoftBank 601HW Black,sk.jpg,*,sk.jpg,sk.jpg,,,,,,,,,,,,,,,,,,,,,,,1,en_sk_041,,1,,11700,11700,,5,,,,,,,,,,,,,,,,,16,new! SoftBank 601HW Black 20GB
546,995,10,8,None (+ 0 JPY),None (+ 0 JPY),,,[2 Months RENTAL] SoftBank 601HW Black,1,,,,,,,,[43 days RENTAL] SoftBank 601HW Black,sk.jpg,*,sk.jpg,sk.jpg,,,,,,,,,,,,,,,,,,,,,,1,1,en_sk_042,,1,,12000,12000,,5,,,,,,,,,,,,,,,,,16,new! SoftBank 601HW Black 20GB
547,996,10,8,None (+ 0 JPY),None (+ 0 JPY),,,[2 Months RENTAL] SoftBank 601HW Black,1,,,,,,,,[44 days RENTAL] SoftBank 601HW Black,sk.jpg,*,sk.jpg,sk.jpg,,,,,,,,,,,,,,,,,,,,,,1,1,en_sk_043,,1,,12000,12000,,5,,,,,,,,,,,,,,,,,16,new! SoftBank 601HW Black 20GB
548,997,10,8,None (+ 0 JPY),None (+ 0 JPY),,,[2 Months RENTAL] SoftBank 601HW Black,1,,,,,,,,[45 days RENTAL] SoftBank 601HW Black,sk.jpg,*,sk.jpg,sk.jpg,,,,,,,,,,,,,,,,,,,,,,1,1,en_sk_044,,1,,12000,12000,,5,,,,,,,,,,,,,,,,,16,new! SoftBank 601HW Black 20GB
549,998,10,8,None (+ 0 JPY),None (+ 0 JPY),,,[2 Months RENTAL] SoftBank 601HW Black,1,,,,,,,,[46 days RENTAL] SoftBank 601HW Black,sk.jpg,*,sk.jpg,sk.jpg,,,,,,,,,,,,,,,,,,,,,,1,1,en_sk_045,,1,,12000,12000,,5,,,,,,,,,,,,,,,,,16,new! SoftBank 601HW Black 20GB
550,999,10,8,None (+ 0 JPY),None (+ 0 JPY),,,[2 Months RENTAL] SoftBank 601HW Black,1,,,,,,,,[47 days RENTAL] SoftBank 601HW Black,sk.jpg,*,sk.jpg,sk.jpg,,,,,,,,,,,,,,,,,,,,,,1,1,en_sk_046,,1,,12000,12000,,5,,,,,,,,,,,,,,,,,16,new! SoftBank 601HW Black 20GB
551,1000,10,8,None (+ 0 JPY),None (+ 0 JPY),,,[2 Months RENTAL] SoftBank 601HW Black,1,,,,,,,,[48 days RENTAL] SoftBank 601HW Black,sk.jpg,*,sk.jpg,sk.jpg,,,,,,,,,,,,,,,,,,,,,,1,1,en_sk_047,,1,,12000,12000,,5,,,,,,,,,,,,,,,,,16,new! SoftBank 601HW Black 20GB
552,1001,10,8,None (+ 0 JPY),None (+ 0 JPY),,,[2 Months RENTAL] SoftBank 601HW Black,1,,,,,,,,[49 days RENTAL] SoftBank 601HW Black,sk.jpg,*,sk.jpg,sk.jpg,,,,,,,,,,,,,,,,,,,,,,1,1,en_sk_048,,1,,12000,12000,,5,,,,,,,,,,,,,,,,,16,new! SoftBank 601HW Black 20GB
553,1002,10,8,None (+ 0 JPY),None (+ 0 JPY),,,[2 Months RENTAL] SoftBank 601HW Black,1,,,,,,,,[50 days RENTAL] SoftBank 601HW Black,sk.jpg,*,sk.jpg,sk.jpg,,,,,,,,,,,,,,,,,,,,,,1,1,en_sk_049,,1,,12000,12000,,5,,,,,,,,,,,,,,,,,16,new! SoftBank 601HW Black 20GB
554,1003,10,8,None (+ 0 JPY),None (+ 0 JPY),,,[2 Months RENTAL] SoftBank 601HW Black,1,,,,,,,,[51 days RENTAL] SoftBank 601HW Black,sk.jpg,*,sk.jpg,sk.jpg,,,,,,,,,,,,,,,,,,,,,,1,1,en_sk_050,,1,,12000,12000,,5,,,,,,,,,,,,,,,,,16,new! SoftBank 601HW Black 20GB
555,1004,10,8,None (+ 0 JPY),None (+ 0 JPY),,,[2 Months RENTAL] SoftBank 601HW Black,1,,,,,,,,[52 days RENTAL] SoftBank 601HW Black,sk.jpg,*,sk.jpg,sk.jpg,,,,,,,,,,,,,,,,,,,,,,1,1,en_sk_051,,1,,12000,12000,,5,,,,,,,,,,,,,,,,,16,new! SoftBank 601HW Black 20GB
556,1005,10,8,None (+ 0 JPY),None (+ 0 JPY),,,[2 Months RENTAL] SoftBank 601HW Black,1,,,,,,,,[53 days RENTAL] SoftBank 601HW Black,sk.jpg,*,sk.jpg,sk.jpg,,,,,,,,,,,,,,,,,,,,,,1,1,en_sk_052,,1,,12000,12000,,5,,,,,,,,,,,,,,,,,16,new! SoftBank 601HW Black 20GB
557,1006,10,8,None (+ 0 JPY),None (+ 0 JPY),,,[2 Months RENTAL] SoftBank 601HW Black,1,,,,,,,,[54 days RENTAL] SoftBank 601HW Black,sk.jpg,*,sk.jpg,sk.jpg,,,,,,,,,,,,,,,,,,,,,,1,1,en_sk_053,,1,,12000,12000,,5,,,,,,,,,,,,,,,,,16,new! SoftBank 601HW Black 20GB
558,1007,10,8,None (+ 0 JPY),None (+ 0 JPY),,,[2 Months RENTAL] SoftBank 601HW Black,1,,,,,,,,[55 days RENTAL] SoftBank 601HW Black,sk.jpg,*,sk.jpg,sk.jpg,,,,,,,,,,,,,,,,,,,,,,1,1,en_sk_054,,1,,12000,12000,,5,,,,,,,,,,,,,,,,,16,new! SoftBank 601HW Black 20GB
559,1008,10,8,None (+ 0 JPY),None (+ 0 JPY),,,[2 Months RENTAL] SoftBank 601HW Black,1,,,,,,,,[56 days RENTAL] SoftBank 601HW Black,sk.jpg,*,sk.jpg,sk.jpg,,,,,,,,,,,,,,,,,,,,,,1,1,en_sk_055,,1,,12000,12000,,5,,,,,,,,,,,,,,,,,16,new! SoftBank 601HW Black 20GB
560,1009,10,8,None (+ 0 JPY),None (+ 0 JPY),,,[2 Months RENTAL] SoftBank 601HW Black,1,,,,,,,,[57 days RENTAL] SoftBank 601HW Black,sk.jpg,*,sk.jpg,sk.jpg,,,,,,,,,,,,,,,,,,,,,,1,1,en_sk_056,,1,,12000,12000,,5,,,,,,,,,,,,,,,,,16,new! SoftBank 601HW Black 20GB
561,1010,10,8,None (+ 0 JPY),None (+ 0 JPY),,,[2 Months RENTAL] SoftBank 601HW Black,1,,,,,,,,[58 days RENTAL] SoftBank 601HW Black,sk.jpg,*,sk.jpg,sk.jpg,,,,,,,,,,,,,,,,,,,,,,1,1,en_sk_057,,1,,12000,12000,,5,,,,,,,,,,,,,,,,,16,new! SoftBank 601HW Black 20GB
562,1011,10,8,None (+ 0 JPY),None (+ 0 JPY),,,[2 Months RENTAL] SoftBank 601HW Black,1,,,,,,,,[59 days RENTAL] SoftBank 601HW Black,sk.jpg,*,sk.jpg,sk.jpg,,,,,,,,,,,,,,,,,,,,,,1,1,en_sk_058,,1,,12000,12000,,5,,,,,,,,,,,,,,,,,16,new! SoftBank 601HW Black 20GB
563,1012,10,8,None (+ 0 JPY),None (+ 0 JPY),,,[2 Months RENTAL] SoftBank 601HW Black,1,,,,,,,,[60 days RENTAL] SoftBank 601HW Black,sk.jpg,*,sk.jpg,sk.jpg,,,,,,,,,,,,,,,,,,,,,,1,1,en_sk_059,,1,,12000,12000,,5,,,,,,,,,,,,,,,,,16,new! SoftBank 601HW Black 20GB
564,1013,10,8,None (+ 0 JPY),None (+ 0 JPY),,,[2 Months RENTAL] SoftBank 601HW Black,1,,,,,,,,[61 days RENTAL] SoftBank 601HW Black,sk.jpg,*,sk.jpg,sk.jpg,,,,,,,,,,,,,,,,,,,,,,,1,en_sk_060,,1,,12000,12000,,5,,,,,,,,,,,,,,,,,16,new! SoftBank 601HW Black 20GB
565,1014,10,8,None (+ 0 JPY),None (+ 0 JPY),,,[2 Months RENTAL]+[1 day RENTAL] SoftBank 601HW Black,1,,,,,,,,[62 days RENTAL] SoftBank 601HW Black,sk.jpg,*,sk.jpg,sk.jpg,,,,,,,,,,,,,,,,,,,,,,,1,en_sk_061,,1,,12450,12450,,5,,,,,,,,,,,,,,,,,16,new! SoftBank 601HW Black 20GB
566,1015,10,8,None (+ 0 JPY),None (+ 0 JPY),,,[2 Months RENTAL]+[2 days RENTAL] SoftBank 601HW Black,1,,,,,,,,[63 days RENTAL] SoftBank 601HW Black,sk.jpg,*,sk.jpg,sk.jpg,,,,,,,,,,,,,,,,,,,,,,,1,en_sk_062,,1,,12900,12900,,5,,,,,,,,,,,,,,,,,16,new! SoftBank 601HW Black 20GB
567,1016,10,8,None (+ 0 JPY),None (+ 0 JPY),,,[2 Months RENTAL]+[3 days RENTAL] SoftBank 601HW Black,1,,,,,,,,[64 days RENTAL] SoftBank 601HW Black,sk.jpg,*,sk.jpg,sk.jpg,,,,,,,,,,,,,,,,,,,,,,,1,en_sk_063,,1,,13350,13350,,5,,,,,,,,,,,,,,,,,16,new! SoftBank 601HW Black 20GB
568,1017,10,8,None (+ 0 JPY),None (+ 0 JPY),,,[2 Months RENTAL]+[4 days RENTAL] SoftBank 601HW Black,1,,,,,,,,[65 days RENTAL] SoftBank 601HW Black,sk.jpg,*,sk.jpg,sk.jpg,,,,,,,,,,,,,,,,,,,,,,,1,en_sk_064,,1,,13800,13800,,5,,,,,,,,,,,,,,,,,16,new! SoftBank 601HW Black 20GB
569,1018,10,8,None (+ 0 JPY),None (+ 0 JPY),,,[2 Months RENTAL]+[5 days RENTAL] SoftBank 601HW Black,1,,,,,,,,[66 days RENTAL] SoftBank 601HW Black,sk.jpg,*,sk.jpg,sk.jpg,,,,,,,,,,,,,,,,,,,,,,,1,en_sk_065,,1,,14250,14250,,5,,,,,,,,,,,,,,,,,16,new! SoftBank 601HW Black 20GB
570,1019,10,8,None (+ 0 JPY),None (+ 0 JPY),,,[2 Months RENTAL]+[6 days RENTAL] SoftBank 601HW Black,1,,,,,,,,[67 days RENTAL] SoftBank 601HW Black,sk.jpg,*,sk.jpg,sk.jpg,,,,,,,,,,,,,,,,,,,,,,,1,en_sk_066,,1,,14700,14700,,5,,,,,,,,,,,,,,,,,16,new! SoftBank 601HW Black 20GB
571,1020,10,8,None (+ 0 JPY),None (+ 0 JPY),,,[2 Months RENTAL]+[7 days RENTAL] SoftBank 601HW Black,1,,,,,,,,[68 days RENTAL] SoftBank 601HW Black,sk.jpg,*,sk.jpg,sk.jpg,,,,,,,,,,,,,,,,,,,,,,,1,en_sk_067,,1,,15150,15150,,5,,,,,,,,,,,,,,,,,16,new! SoftBank 601HW Black 20GB
572,1021,10,8,None (+ 0 JPY),None (+ 0 JPY),,,[2 Months RENTAL]+[8 days RENTAL] SoftBank 601HW Black,1,,,,,,,,[69 days RENTAL] SoftBank 601HW Black,sk.jpg,*,sk.jpg,sk.jpg,,,,,,,,,,,,,,,,,,,,,,,1,en_sk_068,,1,,15600,15600,,5,,,,,,,,,,,,,,,,,16,new! SoftBank 601HW Black 20GB
573,1022,10,8,None (+ 0 JPY),None (+ 0 JPY),,,[2 Months RENTAL]+[9 days RENTAL] SoftBank 601HW Black,1,,,,,,,,[70 days RENTAL] SoftBank 601HW Black,sk.jpg,*,sk.jpg,sk.jpg,,,,,,,,,,,,,,,,,,,,,,,1,en_sk_069,,1,,16050,16050,,5,,,,,,,,,,,,,,,,,16,new! SoftBank 601HW Black 20GB
574,1023,10,8,None (+ 0 JPY),None (+ 0 JPY),,,[2 Months RENTAL]+[10 days RENTAL] SoftBank 601HW Black,1,,,,,,,,[71 days RENTAL] SoftBank 601HW Black,sk.jpg,*,sk.jpg,sk.jpg,,,,,,,,,,,,,,,,,,,,,,,1,en_sk_070,,1,,16500,16500,,5,,,,,,,,,,,,,,,,,16,new! SoftBank 601HW Black 20GB
575,1024,10,8,None (+ 0 JPY),None (+ 0 JPY),,,[3 Months RENTAL] SoftBank 601HW Black,1,,,,,,,,[72 days RENTAL] SoftBank 601HW Black,sk.jpg,*,sk.jpg,sk.jpg,,,,,,,,,,,,,,,,,,,,,,1,1,en_sk_071,,1,,16800,16800,,5,,,,,,,,,,,,,,,,,16,new! SoftBank 601HW Black 20GB
576,1025,10,8,None (+ 0 JPY),None (+ 0 JPY),,,[3 Months RENTAL] SoftBank 601HW Black,1,,,,,,,,[73 days RENTAL] SoftBank 601HW Black,sk.jpg,*,sk.jpg,sk.jpg,,,,,,,,,,,,,,,,,,,,,,1,1,en_sk_072,,1,,16800,16800,,5,,,,,,,,,,,,,,,,,16,new! SoftBank 601HW Black 20GB
577,1026,10,8,None (+ 0 JPY),None (+ 0 JPY),,,[3 Months RENTAL] SoftBank 601HW Black,1,,,,,,,,[74 days RENTAL] SoftBank 601HW Black,sk.jpg,*,sk.jpg,sk.jpg,,,,,,,,,,,,,,,,,,,,,,1,1,en_sk_073,,1,,16800,16800,,5,,,,,,,,,,,,,,,,,16,new! SoftBank 601HW Black 20GB
578,1027,10,8,None (+ 0 JPY),None (+ 0 JPY),,,[3 Months RENTAL] SoftBank 601HW Black,1,,,,,,,,[75 days RENTAL] SoftBank 601HW Black,sk.jpg,*,sk.jpg,sk.jpg,,,,,,,,,,,,,,,,,,,,,,1,1,en_sk_074,,1,,16800,16800,,5,,,,,,,,,,,,,,,,,16,new! SoftBank 601HW Black 20GB
579,1028,10,8,None (+ 0 JPY),None (+ 0 JPY),,,[3 Months RENTAL] SoftBank 601HW Black,1,,,,,,,,[76 days RENTAL] SoftBank 601HW Black,sk.jpg,*,sk.jpg,sk.jpg,,,,,,,,,,,,,,,,,,,,,,1,1,en_sk_075,,1,,16800,16800,,5,,,,,,,,,,,,,,,,,16,new! SoftBank 601HW Black 20GB
580,1029,10,8,None (+ 0 JPY),None (+ 0 JPY),,,[3 Months RENTAL] SoftBank 601HW Black,1,,,,,,,,[77 days RENTAL] SoftBank 601HW Black,sk.jpg,*,sk.jpg,sk.jpg,,,,,,,,,,,,,,,,,,,,,,1,1,en_sk_076,,1,,16800,16800,,5,,,,,,,,,,,,,,,,,16,new! SoftBank 601HW Black 20GB
581,1030,10,8,None (+ 0 JPY),None (+ 0 JPY),,,[3 Months RENTAL] SoftBank 601HW Black,1,,,,,,,,[78 days RENTAL] SoftBank 601HW Black,sk.jpg,*,sk.jpg,sk.jpg,,,,,,,,,,,,,,,,,,,,,,1,1,en_sk_077,,1,,16800,16800,,5,,,,,,,,,,,,,,,,,16,new! SoftBank 601HW Black 20GB
582,1031,10,8,None (+ 0 JPY),None (+ 0 JPY),,,[3 Months RENTAL] SoftBank 601HW Black,1,,,,,,,,[79 days RENTAL] SoftBank 601HW Black,sk.jpg,*,sk.jpg,sk.jpg,,,,,,,,,,,,,,,,,,,,,,1,1,en_sk_078,,1,,16800,16800,,5,,,,,,,,,,,,,,,,,16,new! SoftBank 601HW Black 20GB
583,1032,10,8,None (+ 0 JPY),None (+ 0 JPY),,,[3 Months RENTAL] SoftBank 601HW Black,1,,,,,,,,[80 days RENTAL] SoftBank 601HW Black,sk.jpg,*,sk.jpg,sk.jpg,,,,,,,,,,,,,,,,,,,,,,1,1,en_sk_079,,1,,16800,16800,,5,,,,,,,,,,,,,,,,,16,new! SoftBank 601HW Black 20GB
584,1033,10,8,None (+ 0 JPY),None (+ 0 JPY),,,[3 Months RENTAL] SoftBank 601HW Black,1,,,,,,,,[81 days RENTAL] SoftBank 601HW Black,sk.jpg,*,sk.jpg,sk.jpg,,,,,,,,,,,,,,,,,,,,,,1,1,en_sk_080,,1,,16800,16800,,5,,,,,,,,,,,,,,,,,16,new! SoftBank 601HW Black 20GB
585,1034,10,8,None (+ 0 JPY),None (+ 0 JPY),,,[3 Months RENTAL] SoftBank 601HW Black,1,,,,,,,,[82 days RENTAL] SoftBank 601HW Black,sk.jpg,*,sk.jpg,sk.jpg,,,,,,,,,,,,,,,,,,,,,,1,1,en_sk_081,,1,,16800,16800,,5,,,,,,,,,,,,,,,,,16,new! SoftBank 601HW Black 20GB
586,1035,10,8,None (+ 0 JPY),None (+ 0 JPY),,,[3 Months RENTAL] SoftBank 601HW Black,1,,,,,,,,[83 days RENTAL] SoftBank 601HW Black,sk.jpg,*,sk.jpg,sk.jpg,,,,,,,,,,,,,,,,,,,,,,1,1,en_sk_082,,1,,16800,16800,,5,,,,,,,,,,,,,,,,,16,new! SoftBank 601HW Black 20GB
587,1036,10,8,None (+ 0 JPY),None (+ 0 JPY),,,[3 Months RENTAL] SoftBank 601HW Black,1,,,,,,,,[84 days RENTAL] SoftBank 601HW Black,sk.jpg,*,sk.jpg,sk.jpg,,,,,,,,,,,,,,,,,,,,,,1,1,en_sk_083,,1,,16800,16800,,5,,,,,,,,,,,,,,,,,16,new! SoftBank 601HW Black 20GB
588,1037,10,8,None (+ 0 JPY),None (+ 0 JPY),,,[3 Months RENTAL] SoftBank 601HW Black,1,,,,,,,,[85 days RENTAL] SoftBank 601HW Black,sk.jpg,*,sk.jpg,sk.jpg,,,,,,,,,,,,,,,,,,,,,,1,1,en_sk_084,,1,,16800,16800,,5,,,,,,,,,,,,,,,,,16,new! SoftBank 601HW Black 20GB
589,1038,10,8,None (+ 0 JPY),None (+ 0 JPY),,,[3 Months RENTAL] SoftBank 601HW Black,1,,,,,,,,[86 days RENTAL] SoftBank 601HW Black,sk.jpg,*,sk.jpg,sk.jpg,,,,,,,,,,,,,,,,,,,,,,1,1,en_sk_085,,1,,16800,16800,,5,,,,,,,,,,,,,,,,,16,new! SoftBank 601HW Black 20GB
590,1039,10,8,None (+ 0 JPY),None (+ 0 JPY),,,[3 Months RENTAL] SoftBank 601HW Black,1,,,,,,,,[87 days RENTAL] SoftBank 601HW Black,sk.jpg,*,sk.jpg,sk.jpg,,,,,,,,,,,,,,,,,,,,,,1,1,en_sk_086,,1,,16800,16800,,5,,,,,,,,,,,,,,,,,16,new! SoftBank 601HW Black 20GB
591,1040,10,8,None (+ 0 JPY),None (+ 0 JPY),,,[3 Months RENTAL] SoftBank 601HW Black,1,,,,,,,,[88 days RENTAL] SoftBank 601HW Black,sk.jpg,*,sk.jpg,sk.jpg,,,,,,,,,,,,,,,,,,,,,,1,1,en_sk_087,,1,,16800,16800,,5,,,,,,,,,,,,,,,,,16,new! SoftBank 601HW Black 20GB
592,1041,10,8,None (+ 0 JPY),None (+ 0 JPY),,,[3 Months RENTAL] SoftBank 601HW Black,1,,,,,,,,[89 days RENTAL] SoftBank 601HW Black,sk.jpg,*,sk.jpg,sk.jpg,,,,,,,,,,,,,,,,,,,,,,1,1,en_sk_088,,1,,16800,16800,,5,,,,,,,,,,,,,,,,,16,new! SoftBank 601HW Black 20GB
593,1042,10,8,None (+ 0 JPY),None (+ 0 JPY),,,[3 Months RENTAL] SoftBank 601HW Black,1,,,,,,,,[90 days RENTAL] SoftBank 601HW Black,sk.jpg,*,sk.jpg,sk.jpg,,,,,,,,,,,,,,,,,,,,,,1,1,en_sk_089,,1,,16800,16800,,5,,,,,,,,,,,,,,,,,16,new! SoftBank 601HW Black 20GB
594,1043,10,8,None (+ 0 JPY),None (+ 0 JPY),,,[3 Months RENTAL] SoftBank 601HW Black,1,,,,,,,,[91 days RENTAL] SoftBank 601HW Black,sk.jpg,*,sk.jpg,sk.jpg,,,,,,,,,,,,,,,,,,,,,,,1,en_sk_090,,1,,16800,16800,,5,,,,,,,,,,,,,,,,,16,new! SoftBank 601HW Black 20GB
595,1044,10,8,None (+ 0 JPY),None (+ 0 JPY),,,[3 Months RENTAL]+[1 day RENTAL] SoftBank 601HW Black,1,,,,,,,,[92 days RENTAL] SoftBank 601HW Black,sk.jpg,*,sk.jpg,sk.jpg,,,,,,,,,,,,,,,,,,,,,,,1,en_sk_091,,1,,17250,17250,,5,,,,,,,,,,,,,,,,,16,new! SoftBank 601HW Black 20GB
596,1045,10,8,None (+ 0 JPY),None (+ 0 JPY),,,[3 Months RENTAL]+[2 days RENTAL] SoftBank 601HW Black,1,,,,,,,,[93 days RENTAL] SoftBank 601HW Black,sk.jpg,*,sk.jpg,sk.jpg,,,,,,,,,,,,,,,,,,,,,,,1,en_sk_092,,1,,17700,17700,,5,,,,,,,,,,,,,,,,,16,new! SoftBank 601HW Black 20GB
597,1046,10,8,None (+ 0 JPY),None (+ 0 JPY),,,[3 Months RENTAL]+[3 days RENTAL] SoftBank 601HW Black,1,,,,,,,,[94 days RENTAL] SoftBank 601HW Black,sk.jpg,*,sk.jpg,sk.jpg,,,,,,,,,,,,,,,,,,,,,,,1,en_sk_093,,1,,18150,18150,,5,,,,,,,,,,,,,,,,,16,new! SoftBank 601HW Black 20GB
598,1047,10,8,None (+ 0 JPY),None (+ 0 JPY),,,[3 Months RENTAL]+[4 days RENTAL] SoftBank 601HW Black,1,,,,,,,,[95 days RENTAL] SoftBank 601HW Black,sk.jpg,*,sk.jpg,sk.jpg,,,,,,,,,,,,,,,,,,,,,,,1,en_sk_094,,1,,18600,18600,,5,,,,,,,,,,,,,,,,,16,new! SoftBank 601HW Black 20GB
599,1048,10,8,None (+ 0 JPY),None (+ 0 JPY),,,[4 Months RENTAL] SoftBank 601HW Black,1,,,,,,,,[96 days RENTAL] SoftBank 601HW Black,sk.jpg,*,sk.jpg,sk.jpg,,,,,,,,,,,,,,,,,,,,,,1,1,en_sk_095,,1,,18800,18800,,5,,,,,,,,,,,,,,,,,16,new! SoftBank 601HW Black 20GB
600,1049,10,8,None (+ 0 JPY),None (+ 0 JPY),,,[4 Months RENTAL] SoftBank 601HW Black,1,,,,,,,,[97 days RENTAL] SoftBank 601HW Black,sk.jpg,*,sk.jpg,sk.jpg,,,,,,,,,,,,,,,,,,,,,,1,1,en_sk_096,,1,,18800,18800,,5,,,,,,,,,,,,,,,,,16,new! SoftBank 601HW Black 20GB
601,1050,10,8,None (+ 0 JPY),None (+ 0 JPY),,,[4 Months RENTAL] SoftBank 601HW Black,1,,,,,,,,[98 days RENTAL] SoftBank 601HW Black,sk.jpg,*,sk.jpg,sk.jpg,,,,,,,,,,,,,,,,,,,,,,1,1,en_sk_097,,1,,18800,18800,,5,,,,,,,,,,,,,,,,,16,new! SoftBank 601HW Black 20GB
602,1051,10,8,None (+ 0 JPY),None (+ 0 JPY),,,[4 Months RENTAL] SoftBank 601HW Black,1,,,,,,,,[99 days RENTAL] SoftBank 601HW Black,sk.jpg,*,sk.jpg,sk.jpg,,,,,,,,,,,,,,,,,,,,,,1,1,en_sk_098,,1,,18800,18800,,5,,,,,,,,,,,,,,,,,16,new! SoftBank 601HW Black 20GB
603,1052,10,8,None (+ 0 JPY),None (+ 0 JPY),,,[4 Months RENTAL] SoftBank 601HW Black,1,,,,,,,,[100 days RENTAL] SoftBank 601HW Black,sk.jpg,*,sk.jpg,sk.jpg,,,,,,,,,,,,,,,,,,,,,,1,1,en_sk_099,,1,,18800,18800,,5,,,,,,,,,,,,,,,,,16,new! SoftBank 601HW Black 20GB
604,1053,10,8,None (+ 0 JPY),None (+ 0 JPY),,,[4 Months RENTAL] SoftBank 601HW Black,1,,,,,,,,[101 days RENTAL] SoftBank 601HW Black,sk.jpg,*,sk.jpg,sk.jpg,,,,,,,,,,,,,,,,,,,,,,1,1,en_sk_100,,1,,18800,18800,,5,,,,,,,,,,,,,,,,,16,new! SoftBank 601HW Black 20GB
605,1054,10,8,None (+ 0 JPY),None (+ 0 JPY),,,[4 Months RENTAL] SoftBank 601HW Black,1,,,,,,,,[102 days RENTAL] SoftBank 601HW Black,sk.jpg,*,sk.jpg,sk.jpg,,,,,,,,,,,,,,,,,,,,,,1,1,en_sk_101,,1,,18800,18800,,5,,,,,,,,,,,,,,,,,16,new! SoftBank 601HW Black 20GB
606,1055,10,8,None (+ 0 JPY),None (+ 0 JPY),,,[4 Months RENTAL] SoftBank 601HW Black,1,,,,,,,,[103 days RENTAL] SoftBank 601HW Black,sk.jpg,*,sk.jpg,sk.jpg,,,,,,,,,,,,,,,,,,,,,,1,1,en_sk_102,,1,,18800,18800,,5,,,,,,,,,,,,,,,,,16,new! SoftBank 601HW Black 20GB
607,1056,10,8,None (+ 0 JPY),None (+ 0 JPY),,,[4 Months RENTAL] SoftBank 601HW Black,1,,,,,,,,[104 days RENTAL] SoftBank 601HW Black,sk.jpg,*,sk.jpg,sk.jpg,,,,,,,,,,,,,,,,,,,,,,1,1,en_sk_103,,1,,18800,18800,,5,,,,,,,,,,,,,,,,,16,new! SoftBank 601HW Black 20GB
608,1057,10,8,None (+ 0 JPY),None (+ 0 JPY),,,[4 Months RENTAL] SoftBank 601HW Black,1,,,,,,,,[105 days RENTAL] SoftBank 601HW Black,sk.jpg,*,sk.jpg,sk.jpg,,,,,,,,,,,,,,,,,,,,,,1,1,en_sk_104,,1,,18800,18800,,5,,,,,,,,,,,,,,,,,16,new! SoftBank 601HW Black 20GB
609,1058,10,8,None (+ 0 JPY),None (+ 0 JPY),,,[4 Months RENTAL] SoftBank 601HW Black,1,,,,,,,,[106 days RENTAL] SoftBank 601HW Black,sk.jpg,*,sk.jpg,sk.jpg,,,,,,,,,,,,,,,,,,,,,,1,1,en_sk_105,,1,,18800,18800,,5,,,,,,,,,,,,,,,,,16,new! SoftBank 601HW Black 20GB
610,1059,10,8,None (+ 0 JPY),None (+ 0 JPY),,,[4 Months RENTAL] SoftBank 601HW Black,1,,,,,,,,[107 days RENTAL] SoftBank 601HW Black,sk.jpg,*,sk.jpg,sk.jpg,,,,,,,,,,,,,,,,,,,,,,1,1,en_sk_106,,1,,18800,18800,,5,,,,,,,,,,,,,,,,,16,new! SoftBank 601HW Black 20GB
611,1060,10,8,None (+ 0 JPY),None (+ 0 JPY),,,[4 Months RENTAL] SoftBank 601HW Black,1,,,,,,,,[108 days RENTAL] SoftBank 601HW Black,sk.jpg,*,sk.jpg,sk.jpg,,,,,,,,,,,,,,,,,,,,,,1,1,en_sk_107,,1,,18800,18800,,5,,,,,,,,,,,,,,,,,16,new! SoftBank 601HW Black 20GB
612,1061,10,8,None (+ 0 JPY),None (+ 0 JPY),,,[4 Months RENTAL] SoftBank 601HW Black,1,,,,,,,,[109 days RENTAL] SoftBank 601HW Black,sk.jpg,*,sk.jpg,sk.jpg,,,,,,,,,,,,,,,,,,,,,,1,1,en_sk_108,,1,,18800,18800,,5,,,,,,,,,,,,,,,,,16,new! SoftBank 601HW Black 20GB
613,1062,10,8,None (+ 0 JPY),None (+ 0 JPY),,,[4 Months RENTAL] SoftBank 601HW Black,1,,,,,,,,[110 days RENTAL] SoftBank 601HW Black,sk.jpg,*,sk.jpg,sk.jpg,,,,,,,,,,,,,,,,,,,,,,1,1,en_sk_109,,1,,18800,18800,,5,,,,,,,,,,,,,,,,,16,new! SoftBank 601HW Black 20GB
614,1063,10,8,None (+ 0 JPY),None (+ 0 JPY),,,[4 Months RENTAL] SoftBank 601HW Black,1,,,,,,,,[111 days RENTAL] SoftBank 601HW Black,sk.jpg,*,sk.jpg,sk.jpg,,,,,,,,,,,,,,,,,,,,,,1,1,en_sk_110,,1,,18800,18800,,5,,,,,,,,,,,,,,,,,16,new! SoftBank 601HW Black 20GB
615,1064,10,8,None (+ 0 JPY),None (+ 0 JPY),,,[4 Months RENTAL] SoftBank 601HW Black,1,,,,,,,,[112 days RENTAL] SoftBank 601HW Black,sk.jpg,*,sk.jpg,sk.jpg,,,,,,,,,,,,,,,,,,,,,,1,1,en_sk_111,,1,,18800,18800,,5,,,,,,,,,,,,,,,,,16,new! SoftBank 601HW Black 20GB
616,1065,10,8,None (+ 0 JPY),None (+ 0 JPY),,,[4 Months RENTAL] SoftBank 601HW Black,1,,,,,,,,[113 days RENTAL] SoftBank 601HW Black,sk.jpg,*,sk.jpg,sk.jpg,,,,,,,,,,,,,,,,,,,,,,1,1,en_sk_112,,1,,18800,18800,,5,,,,,,,,,,,,,,,,,16,new! SoftBank 601HW Black 20GB
617,1066,10,8,None (+ 0 JPY),None (+ 0 JPY),,,[4 Months RENTAL] SoftBank 601HW Black,1,,,,,,,,[114 days RENTAL] SoftBank 601HW Black,sk.jpg,*,sk.jpg,sk.jpg,,,,,,,,,,,,,,,,,,,,,,1,1,en_sk_113,,1,,18800,18800,,5,,,,,,,,,,,,,,,,,16,new! SoftBank 601HW Black 20GB
618,1067,10,8,None (+ 0 JPY),None (+ 0 JPY),,,[4 Months RENTAL] SoftBank 601HW Black,1,,,,,,,,[115 days RENTAL] SoftBank 601HW Black,sk.jpg,*,sk.jpg,sk.jpg,,,,,,,,,,,,,,,,,,,,,,1,1,en_sk_114,,1,,18800,18800,,5,,,,,,,,,,,,,,,,,16,new! SoftBank 601HW Black 20GB
619,1068,10,8,None (+ 0 JPY),None (+ 0 JPY),,,[4 Months RENTAL] SoftBank 601HW Black,1,,,,,,,,[116 days RENTAL] SoftBank 601HW Black,sk.jpg,*,sk.jpg,sk.jpg,,,,,,,,,,,,,,,,,,,,,,1,1,en_sk_115,,1,,18800,18800,,5,,,,,,,,,,,,,,,,,16,new! SoftBank 601HW Black 20GB
620,1069,10,8,None (+ 0 JPY),None (+ 0 JPY),,,[4 Months RENTAL] SoftBank 601HW Black,1,,,,,,,,[117 days RENTAL] SoftBank 601HW Black,sk.jpg,*,sk.jpg,sk.jpg,,,,,,,,,,,,,,,,,,,,,,1,1,en_sk_116,,1,,18800,18800,,5,,,,,,,,,,,,,,,,,16,new! SoftBank 601HW Black 20GB
621,1070,10,8,None (+ 0 JPY),None (+ 0 JPY),,,[4 Months RENTAL] SoftBank 601HW Black,1,,,,,,,,[118 days RENTAL] SoftBank 601HW Black,sk.jpg,*,sk.jpg,sk.jpg,,,,,,,,,,,,,,,,,,,,,,1,1,en_sk_117,,1,,18800,18800,,5,,,,,,,,,,,,,,,,,16,new! SoftBank 601HW Black 20GB
622,1071,10,8,None (+ 0 JPY),None (+ 0 JPY),,,[4 Months RENTAL] SoftBank 601HW Black,1,,,,,,,,[119 days RENTAL] SoftBank 601HW Black,sk.jpg,*,sk.jpg,sk.jpg,,,,,,,,,,,,,,,,,,,,,,1,1,en_sk_118,,1,,18800,18800,,5,,,,,,,,,,,,,,,,,16,new! SoftBank 601HW Black 20GB
623,1072,10,8,None (+ 0 JPY),None (+ 0 JPY),,,[4 Months RENTAL] SoftBank 601HW Black,1,,,,,,,,[120 days RENTAL] SoftBank 601HW Black,sk.jpg,*,sk.jpg,sk.jpg,,,,,,,,,,,,,,,,,,,,,,1,1,en_sk_119,,1,,18800,18800,,5,,,,,,,,,,,,,,,,,16,new! SoftBank 601HW Black 20GB
624,1073,10,8,None (+ 0 JPY),None (+ 0 JPY),,,[4 Months RENTAL] SoftBank 601HW Black,1,,,,,,,,[121 days RENTAL] SoftBank 601HW Black,sk.jpg,*,sk.jpg,sk.jpg,,,,,,,,,,,,,,,,,,,,,,,1,en_sk_120,,1,,18800,18800,,5,,,,,,,,,,,,,,,,,16,new! SoftBank 601HW Black 20GB
625,1074,10,8,None (+ 0 JPY),None (+ 0 JPY),,,[4 Months RENTAL]+[1 day RENTAL] SoftBank 601HW Black,1,,,,,,,,[122 days RENTAL] SoftBank 601HW Black,sk.jpg,*,sk.jpg,sk.jpg,,,,,,,,,,,,,,,,,,,,,,,1,en_sk_121,,1,,19250,19250,,5,,,,,,,,,,,,,,,,,16,new! SoftBank 601HW Black 20GB
626,1075,10,8,None (+ 0 JPY),None (+ 0 JPY),,,[4 Months RENTAL]+[2 days RENTAL] SoftBank 601HW Black,1,,,,,,,,[123 days RENTAL] SoftBank 601HW Black,sk.jpg,*,sk.jpg,sk.jpg,,,,,,,,,,,,,,,,,,,,,,,1,en_sk_122,,1,,19700,19700,,5,,,,,,,,,,,,,,,,,16,new! SoftBank 601HW Black 20GB
627,1076,10,8,None (+ 0 JPY),None (+ 0 JPY),,,[4 Months RENTAL]+[3 days RENTAL] SoftBank 601HW Black,1,,,,,,,,[124 days RENTAL] SoftBank 601HW Black,sk.jpg,*,sk.jpg,sk.jpg,,,,,,,,,,,,,,,,,,,,,,,1,en_sk_123,,1,,20150,20150,,5,,,,,,,,,,,,,,,,,16,new! SoftBank 601HW Black 20GB
628,1077,10,8,None (+ 0 JPY),None (+ 0 JPY),,,[4 Months RENTAL]+[4 days RENTAL] SoftBank 601HW Black,1,,,,,,,,[125 days RENTAL] SoftBank 601HW Black,sk.jpg,*,sk.jpg,sk.jpg,,,,,,,,,,,,,,,,,,,,,,,1,en_sk_124,,1,,20600,20600,,5,,,,,,,,,,,,,,,,,16,new! SoftBank 601HW Black 20GB
629,1078,10,8,None (+ 0 JPY),None (+ 0 JPY),,,[5 Months RENTAL] SoftBank 601HW Black,1,,,,,,,,[126 days RENTAL] SoftBank 601HW Black,sk.jpg,*,sk.jpg,sk.jpg,,,,,,,,,,,,,,,,,,,,,,1,1,en_sk_125,,1,,20800,20800,,5,,,,,,,,,,,,,,,,,16,new! SoftBank 601HW Black 20GB
630,1079,10,8,None (+ 0 JPY),None (+ 0 JPY),,,[5 Months RENTAL] SoftBank 601HW Black,1,,,,,,,,[127 days RENTAL] SoftBank 601HW Black,sk.jpg,*,sk.jpg,sk.jpg,,,,,,,,,,,,,,,,,,,,,,1,1,en_sk_126,,1,,20800,20800,,5,,,,,,,,,,,,,,,,,16,new! SoftBank 601HW Black 20GB
631,1080,10,8,None (+ 0 JPY),None (+ 0 JPY),,,[5 Months RENTAL] SoftBank 601HW Black,1,,,,,,,,[128 days RENTAL] SoftBank 601HW Black,sk.jpg,*,sk.jpg,sk.jpg,,,,,,,,,,,,,,,,,,,,,,1,1,en_sk_127,,1,,20800,20800,,5,,,,,,,,,,,,,,,,,16,new! SoftBank 601HW Black 20GB
632,1081,10,8,None (+ 0 JPY),None (+ 0 JPY),,,[5 Months RENTAL] SoftBank 601HW Black,1,,,,,,,,[129 days RENTAL] SoftBank 601HW Black,sk.jpg,*,sk.jpg,sk.jpg,,,,,,,,,,,,,,,,,,,,,,1,1,en_sk_128,,1,,20800,20800,,5,,,,,,,,,,,,,,,,,16,new! SoftBank 601HW Black 20GB
633,1082,10,8,None (+ 0 JPY),None (+ 0 JPY),,,[5 Months RENTAL] SoftBank 601HW Black,1,,,,,,,,[130 days RENTAL] SoftBank 601HW Black,sk.jpg,*,sk.jpg,sk.jpg,,,,,,,,,,,,,,,,,,,,,,1,1,en_sk_129,,1,,20800,20800,,5,,,,,,,,,,,,,,,,,16,new! SoftBank 601HW Black 20GB
634,1083,10,8,None (+ 0 JPY),None (+ 0 JPY),,,[5 Months RENTAL] SoftBank 601HW Black,1,,,,,,,,[131 days RENTAL] SoftBank 601HW Black,sk.jpg,*,sk.jpg,sk.jpg,,,,,,,,,,,,,,,,,,,,,,1,1,en_sk_130,,1,,20800,20800,,5,,,,,,,,,,,,,,,,,16,new! SoftBank 601HW Black 20GB
635,1084,10,8,None (+ 0 JPY),None (+ 0 JPY),,,[5 Months RENTAL] SoftBank 601HW Black,1,,,,,,,,[132 days RENTAL] SoftBank 601HW Black,sk.jpg,*,sk.jpg,sk.jpg,,,,,,,,,,,,,,,,,,,,,,1,1,en_sk_131,,1,,20800,20800,,5,,,,,,,,,,,,,,,,,16,new! SoftBank 601HW Black 20GB
636,1085,10,8,None (+ 0 JPY),None (+ 0 JPY),,,[5 Months RENTAL] SoftBank 601HW Black,1,,,,,,,,[133 days RENTAL] SoftBank 601HW Black,sk.jpg,*,sk.jpg,sk.jpg,,,,,,,,,,,,,,,,,,,,,,1,1,en_sk_132,,1,,20800,20800,,5,,,,,,,,,,,,,,,,,16,new! SoftBank 601HW Black 20GB
637,1086,10,8,None (+ 0 JPY),None (+ 0 JPY),,,[5 Months RENTAL] SoftBank 601HW Black,1,,,,,,,,[134 days RENTAL] SoftBank 601HW Black,sk.jpg,*,sk.jpg,sk.jpg,,,,,,,,,,,,,,,,,,,,,,1,1,en_sk_133,,1,,20800,20800,,5,,,,,,,,,,,,,,,,,16,new! SoftBank 601HW Black 20GB
638,1087,10,8,None (+ 0 JPY),None (+ 0 JPY),,,[5 Months RENTAL] SoftBank 601HW Black,1,,,,,,,,[135 days RENTAL] SoftBank 601HW Black,sk.jpg,*,sk.jpg,sk.jpg,,,,,,,,,,,,,,,,,,,,,,1,1,en_sk_134,,1,,20800,20800,,5,,,,,,,,,,,,,,,,,16,new! SoftBank 601HW Black 20GB
639,1088,10,8,None (+ 0 JPY),None (+ 0 JPY),,,[5 Months RENTAL] SoftBank 601HW Black,1,,,,,,,,[136 days RENTAL] SoftBank 601HW Black,sk.jpg,*,sk.jpg,sk.jpg,,,,,,,,,,,,,,,,,,,,,,1,1,en_sk_135,,1,,20800,20800,,5,,,,,,,,,,,,,,,,,16,new! SoftBank 601HW Black 20GB
640,1089,10,8,None (+ 0 JPY),None (+ 0 JPY),,,[5 Months RENTAL] SoftBank 601HW Black,1,,,,,,,,[137 days RENTAL] SoftBank 601HW Black,sk.jpg,*,sk.jpg,sk.jpg,,,,,,,,,,,,,,,,,,,,,,1,1,en_sk_136,,1,,20800,20800,,5,,,,,,,,,,,,,,,,,16,new! SoftBank 601HW Black 20GB
641,1090,10,8,None (+ 0 JPY),None (+ 0 JPY),,,[5 Months RENTAL] SoftBank 601HW Black,1,,,,,,,,[138 days RENTAL] SoftBank 601HW Black,sk.jpg,*,sk.jpg,sk.jpg,,,,,,,,,,,,,,,,,,,,,,1,1,en_sk_137,,1,,20800,20800,,5,,,,,,,,,,,,,,,,,16,new! SoftBank 601HW Black 20GB
642,1091,10,8,None (+ 0 JPY),None (+ 0 JPY),,,[5 Months RENTAL] SoftBank 601HW Black,1,,,,,,,,[139 days RENTAL] SoftBank 601HW Black,sk.jpg,*,sk.jpg,sk.jpg,,,,,,,,,,,,,,,,,,,,,,1,1,en_sk_138,,1,,20800,20800,,5,,,,,,,,,,,,,,,,,16,new! SoftBank 601HW Black 20GB
643,1092,10,8,None (+ 0 JPY),None (+ 0 JPY),,,[5 Months RENTAL] SoftBank 601HW Black,1,,,,,,,,[140 days RENTAL] SoftBank 601HW Black,sk.jpg,*,sk.jpg,sk.jpg,,,,,,,,,,,,,,,,,,,,,,1,1,en_sk_139,,1,,20800,20800,,5,,,,,,,,,,,,,,,,,16,new! SoftBank 601HW Black 20GB
644,1093,10,8,None (+ 0 JPY),None (+ 0 JPY),,,[5 Months RENTAL] SoftBank 601HW Black,1,,,,,,,,[141 days RENTAL] SoftBank 601HW Black,sk.jpg,*,sk.jpg,sk.jpg,,,,,,,,,,,,,,,,,,,,,,1,1,en_sk_140,,1,,20800,20800,,5,,,,,,,,,,,,,,,,,16,new! SoftBank 601HW Black 20GB
645,1094,10,8,None (+ 0 JPY),None (+ 0 JPY),,,[5 Months RENTAL] SoftBank 601HW Black,1,,,,,,,,[142 days RENTAL] SoftBank 601HW Black,sk.jpg,*,sk.jpg,sk.jpg,,,,,,,,,,,,,,,,,,,,,,1,1,en_sk_141,,1,,20800,20800,,5,,,,,,,,,,,,,,,,,16,new! SoftBank 601HW Black 20GB
646,1095,10,8,None (+ 0 JPY),None (+ 0 JPY),,,[5 Months RENTAL] SoftBank 601HW Black,1,,,,,,,,[143 days RENTAL] SoftBank 601HW Black,sk.jpg,*,sk.jpg,sk.jpg,,,,,,,,,,,,,,,,,,,,,,1,1,en_sk_142,,1,,20800,20800,,5,,,,,,,,,,,,,,,,,16,new! SoftBank 601HW Black 20GB
647,1096,10,8,None (+ 0 JPY),None (+ 0 JPY),,,[5 Months RENTAL] SoftBank 601HW Black,1,,,,,,,,[144 days RENTAL] SoftBank 601HW Black,sk.jpg,*,sk.jpg,sk.jpg,,,,,,,,,,,,,,,,,,,,,,1,1,en_sk_143,,1,,20800,20800,,5,,,,,,,,,,,,,,,,,16,new! SoftBank 601HW Black 20GB
648,1097,10,8,None (+ 0 JPY),None (+ 0 JPY),,,[5 Months RENTAL] SoftBank 601HW Black,1,,,,,,,,[145 days RENTAL] SoftBank 601HW Black,sk.jpg,*,sk.jpg,sk.jpg,,,,,,,,,,,,,,,,,,,,,,1,1,en_sk_144,,1,,20800,20800,,5,,,,,,,,,,,,,,,,,16,new! SoftBank 601HW Black 20GB
649,1098,10,8,None (+ 0 JPY),None (+ 0 JPY),,,[5 Months RENTAL] SoftBank 601HW Black,1,,,,,,,,[146 days RENTAL] SoftBank 601HW Black,sk.jpg,*,sk.jpg,sk.jpg,,,,,,,,,,,,,,,,,,,,,,1,1,en_sk_145,,1,,20800,20800,,5,,,,,,,,,,,,,,,,,16,new! SoftBank 601HW Black 20GB
650,1099,10,8,None (+ 0 JPY),None (+ 0 JPY),,,[5 Months RENTAL] SoftBank 601HW Black,1,,,,,,,,[147 days RENTAL] SoftBank 601HW Black,sk.jpg,*,sk.jpg,sk.jpg,,,,,,,,,,,,,,,,,,,,,,1,1,en_sk_146,,1,,20800,20800,,5,,,,,,,,,,,,,,,,,16,new! SoftBank 601HW Black 20GB
651,1100,10,8,None (+ 0 JPY),None (+ 0 JPY),,,[5 Months RENTAL] SoftBank 601HW Black,1,,,,,,,,[148 days RENTAL] SoftBank 601HW Black,sk.jpg,*,sk.jpg,sk.jpg,,,,,,,,,,,,,,,,,,,,,,1,1,en_sk_147,,1,,20800,20800,,5,,,,,,,,,,,,,,,,,16,new! SoftBank 601HW Black 20GB
652,1101,10,8,None (+ 0 JPY),None (+ 0 JPY),,,[5 Months RENTAL] SoftBank 601HW Black,1,,,,,,,,[149 days RENTAL] SoftBank 601HW Black,sk.jpg,*,sk.jpg,sk.jpg,,,,,,,,,,,,,,,,,,,,,,1,1,en_sk_148,,1,,20800,20800,,5,,,,,,,,,,,,,,,,,16,new! SoftBank 601HW Black 20GB
653,1102,10,8,None (+ 0 JPY),None (+ 0 JPY),,,[5 Months RENTAL] SoftBank 601HW Black,1,,,,,,,,[150 days RENTAL] SoftBank 601HW Black,sk.jpg,*,sk.jpg,sk.jpg,,,,,,,,,,,,,,,,,,,,,,1,1,en_sk_149,,1,,20800,20800,,5,,,,,,,,,,,,,,,,,16,new! SoftBank 601HW Black 20GB
654,1103,10,8,None (+ 0 JPY),None (+ 0 JPY),,,[5 Months RENTAL] SoftBank 601HW Black,1,,,,,,,,[151 days RENTAL] SoftBank 601HW Black,sk.jpg,*,sk.jpg,sk.jpg,,,,,,,,,,,,,,,,,,,,,,,1,en_sk_150,,1,,20800,20800,,5,,,,,,,,,,,,,,,,,16,new! SoftBank 601HW Black 20GB
655,1104,10,8,None (+ 0 JPY),None (+ 0 JPY),,,[5 Months RENTAL]+[1 day RENTAL] SoftBank 601HW Black,1,,,,,,,,[152 days RENTAL] SoftBank 601HW Black,sk.jpg,*,sk.jpg,sk.jpg,,,,,,,,,,,,,,,,,,,,,,,1,en_sk_151,,1,,21250,21250,,5,,,,,,,,,,,,,,,,,16,new! SoftBank 601HW Black 20GB
656,1105,10,8,None (+ 0 JPY),None (+ 0 JPY),,,[5 Months RENTAL]+[2 days RENTAL] SoftBank 601HW Black,1,,,,,,,,[153 days RENTAL] SoftBank 601HW Black,sk.jpg,*,sk.jpg,sk.jpg,,,,,,,,,,,,,,,,,,,,,,,1,en_sk_152,,1,,21700,21700,,5,,,,,,,,,,,,,,,,,16,new! SoftBank 601HW Black 20GB
657,1106,10,8,None (+ 0 JPY),None (+ 0 JPY),,,[5 Months RENTAL]+[3 days RENTAL] SoftBank 601HW Black,1,,,,,,,,[154 days RENTAL] SoftBank 601HW Black,sk.jpg,*,sk.jpg,sk.jpg,,,,,,,,,,,,,,,,,,,,,,,1,en_sk_153,,1,,22150,22150,,5,,,,,,,,,,,,,,,,,16,new! SoftBank 601HW Black 20GB
658,1107,10,8,None (+ 0 JPY),None (+ 0 JPY),,,[5 Months RENTAL]+[4 days RENTAL] SoftBank 601HW Black,1,,,,,,,,[155 days RENTAL] SoftBank 601HW Black,sk.jpg,*,sk.jpg,sk.jpg,,,,,,,,,,,,,,,,,,,,,,,1,en_sk_154,,1,,22600,22600,,5,,,,,,,,,,,,,,,,,16,new! SoftBank 601HW Black 20GB
659,1108,10,8,None (+ 0 JPY),None (+ 0 JPY),,,[6 Months RENTAL] SoftBank 601HW Black,1,,,,,,,,[156 days RENTAL] SoftBank 601HW Black,sk.jpg,*,sk.jpg,sk.jpg,,,,,,,,,,,,,,,,,,,,,,1,1,en_sk_155,,1,,22800,22800,,5,,,,,,,,,,,,,,,,,16,new! SoftBank 601HW Black 20GB
660,1109,10,8,None (+ 0 JPY),None (+ 0 JPY),,,[6 Months RENTAL] SoftBank 601HW Black,1,,,,,,,,[157 days RENTAL] SoftBank 601HW Black,sk.jpg,*,sk.jpg,sk.jpg,,,,,,,,,,,,,,,,,,,,,,1,1,en_sk_156,,1,,22800,22800,,5,,,,,,,,,,,,,,,,,16,new! SoftBank 601HW Black 20GB
661,1110,10,8,None (+ 0 JPY),None (+ 0 JPY),,,[6 Months RENTAL] SoftBank 601HW Black,1,,,,,,,,[158 days RENTAL] SoftBank 601HW Black,sk.jpg,*,sk.jpg,sk.jpg,,,,,,,,,,,,,,,,,,,,,,1,1,en_sk_157,,1,,22800,22800,,5,,,,,,,,,,,,,,,,,16,new! SoftBank 601HW Black 20GB
662,1111,10,8,None (+ 0 JPY),None (+ 0 JPY),,,[6 Months RENTAL] SoftBank 601HW Black,1,,,,,,,,[159 days RENTAL] SoftBank 601HW Black,sk.jpg,*,sk.jpg,sk.jpg,,,,,,,,,,,,,,,,,,,,,,1,1,en_sk_158,,1,,22800,22800,,5,,,,,,,,,,,,,,,,,16,new! SoftBank 601HW Black 20GB
663,1112,10,8,None (+ 0 JPY),None (+ 0 JPY),,,[6 Months RENTAL] SoftBank 601HW Black,1,,,,,,,,[160 days RENTAL] SoftBank 601HW Black,sk.jpg,*,sk.jpg,sk.jpg,,,,,,,,,,,,,,,,,,,,,,1,1,en_sk_159,,1,,22800,22800,,5,,,,,,,,,,,,,,,,,16,new! SoftBank 601HW Black 20GB
664,1113,10,8,None (+ 0 JPY),None (+ 0 JPY),,,[6 Months RENTAL] SoftBank 601HW Black,1,,,,,,,,[161 days RENTAL] SoftBank 601HW Black,sk.jpg,*,sk.jpg,sk.jpg,,,,,,,,,,,,,,,,,,,,,,1,1,en_sk_160,,1,,22800,22800,,5,,,,,,,,,,,,,,,,,16,new! SoftBank 601HW Black 20GB
665,1114,10,8,None (+ 0 JPY),None (+ 0 JPY),,,[6 Months RENTAL] SoftBank 601HW Black,1,,,,,,,,[162 days RENTAL] SoftBank 601HW Black,sk.jpg,*,sk.jpg,sk.jpg,,,,,,,,,,,,,,,,,,,,,,1,1,en_sk_161,,1,,22800,22800,,5,,,,,,,,,,,,,,,,,16,new! SoftBank 601HW Black 20GB
666,1115,10,8,None (+ 0 JPY),None (+ 0 JPY),,,[6 Months RENTAL] SoftBank 601HW Black,1,,,,,,,,[163 days RENTAL] SoftBank 601HW Black,sk.jpg,*,sk.jpg,sk.jpg,,,,,,,,,,,,,,,,,,,,,,1,1,en_sk_162,,1,,22800,22800,,5,,,,,,,,,,,,,,,,,16,new! SoftBank 601HW Black 20GB
667,1116,10,8,None (+ 0 JPY),None (+ 0 JPY),,,[6 Months RENTAL] SoftBank 601HW Black,1,,,,,,,,[164 days RENTAL] SoftBank 601HW Black,sk.jpg,*,sk.jpg,sk.jpg,,,,,,,,,,,,,,,,,,,,,,1,1,en_sk_163,,1,,22800,22800,,5,,,,,,,,,,,,,,,,,16,new! SoftBank 601HW Black 20GB
668,1117,10,8,None (+ 0 JPY),None (+ 0 JPY),,,[6 Months RENTAL] SoftBank 601HW Black,1,,,,,,,,[165 days RENTAL] SoftBank 601HW Black,sk.jpg,*,sk.jpg,sk.jpg,,,,,,,,,,,,,,,,,,,,,,1,1,en_sk_164,,1,,22800,22800,,5,,,,,,,,,,,,,,,,,16,new! SoftBank 601HW Black 20GB
669,1118,10,8,None (+ 0 JPY),None (+ 0 JPY),,,[6 Months RENTAL] SoftBank 601HW Black,1,,,,,,,,[166 days RENTAL] SoftBank 601HW Black,sk.jpg,*,sk.jpg,sk.jpg,,,,,,,,,,,,,,,,,,,,,,1,1,en_sk_165,,1,,22800,22800,,5,,,,,,,,,,,,,,,,,16,new! SoftBank 601HW Black 20GB
670,1119,10,8,None (+ 0 JPY),None (+ 0 JPY),,,[6 Months RENTAL] SoftBank 601HW Black,1,,,,,,,,[167 days RENTAL] SoftBank 601HW Black,sk.jpg,*,sk.jpg,sk.jpg,,,,,,,,,,,,,,,,,,,,,,1,1,en_sk_166,,1,,22800,22800,,5,,,,,,,,,,,,,,,,,16,new! SoftBank 601HW Black 20GB
671,1120,10,8,None (+ 0 JPY),None (+ 0 JPY),,,[6 Months RENTAL] SoftBank 601HW Black,1,,,,,,,,[168 days RENTAL] SoftBank 601HW Black,sk.jpg,*,sk.jpg,sk.jpg,,,,,,,,,,,,,,,,,,,,,,1,1,en_sk_167,,1,,22800,22800,,5,,,,,,,,,,,,,,,,,16,new! SoftBank 601HW Black 20GB
672,1121,10,8,None (+ 0 JPY),None (+ 0 JPY),,,[6 Months RENTAL] SoftBank 601HW Black,1,,,,,,,,[169 days RENTAL] SoftBank 601HW Black,sk.jpg,*,sk.jpg,sk.jpg,,,,,,,,,,,,,,,,,,,,,,1,1,en_sk_168,,1,,22800,22800,,5,,,,,,,,,,,,,,,,,16,new! SoftBank 601HW Black 20GB
673,1122,10,8,None (+ 0 JPY),None (+ 0 JPY),,,[6 Months RENTAL] SoftBank 601HW Black,1,,,,,,,,[170 days RENTAL] SoftBank 601HW Black,sk.jpg,*,sk.jpg,sk.jpg,,,,,,,,,,,,,,,,,,,,,,1,1,en_sk_169,,1,,22800,22800,,5,,,,,,,,,,,,,,,,,16,new! SoftBank 601HW Black 20GB
674,1123,10,8,None (+ 0 JPY),None (+ 0 JPY),,,[6 Months RENTAL] SoftBank 601HW Black,1,,,,,,,,[171 days RENTAL] SoftBank 601HW Black,sk.jpg,*,sk.jpg,sk.jpg,,,,,,,,,,,,,,,,,,,,,,1,1,en_sk_170,,1,,22800,22800,,5,,,,,,,,,,,,,,,,,16,new! SoftBank 601HW Black 20GB
675,1124,10,8,None (+ 0 JPY),None (+ 0 JPY),,,[6 Months RENTAL] SoftBank 601HW Black,1,,,,,,,,[172 days RENTAL] SoftBank 601HW Black,sk.jpg,*,sk.jpg,sk.jpg,,,,,,,,,,,,,,,,,,,,,,1,1,en_sk_171,,1,,22800,22800,,5,,,,,,,,,,,,,,,,,16,new! SoftBank 601HW Black 20GB
676,1125,10,8,None (+ 0 JPY),None (+ 0 JPY),,,[6 Months RENTAL] SoftBank 601HW Black,1,,,,,,,,[173 days RENTAL] SoftBank 601HW Black,sk.jpg,*,sk.jpg,sk.jpg,,,,,,,,,,,,,,,,,,,,,,1,1,en_sk_172,,1,,22800,22800,,5,,,,,,,,,,,,,,,,,16,new! SoftBank 601HW Black 20GB
677,1126,10,8,None (+ 0 JPY),None (+ 0 JPY),,,[6 Months RENTAL] SoftBank 601HW Black,1,,,,,,,,[174 days RENTAL] SoftBank 601HW Black,sk.jpg,*,sk.jpg,sk.jpg,,,,,,,,,,,,,,,,,,,,,,1,1,en_sk_173,,1,,22800,22800,,5,,,,,,,,,,,,,,,,,16,new! SoftBank 601HW Black 20GB
678,1127,10,8,None (+ 0 JPY),None (+ 0 JPY),,,[6 Months RENTAL] SoftBank 601HW Black,1,,,,,,,,[175 days RENTAL] SoftBank 601HW Black,sk.jpg,*,sk.jpg,sk.jpg,,,,,,,,,,,,,,,,,,,,,,1,1,en_sk_174,,1,,22800,22800,,5,,,,,,,,,,,,,,,,,16,new! SoftBank 601HW Black 20GB
679,1128,10,8,None (+ 0 JPY),None (+ 0 JPY),,,[6 Months RENTAL] SoftBank 601HW Black,1,,,,,,,,[176 days RENTAL] SoftBank 601HW Black,sk.jpg,*,sk.jpg,sk.jpg,,,,,,,,,,,,,,,,,,,,,,1,1,en_sk_175,,1,,22800,22800,,5,,,,,,,,,,,,,,,,,16,new! SoftBank 601HW Black 20GB
680,1129,10,8,None (+ 0 JPY),None (+ 0 JPY),,,[6 Months RENTAL] SoftBank 601HW Black,1,,,,,,,,[177 days RENTAL] SoftBank 601HW Black,sk.jpg,*,sk.jpg,sk.jpg,,,,,,,,,,,,,,,,,,,,,,1,1,en_sk_176,,1,,22800,22800,,5,,,,,,,,,,,,,,,,,16,new! SoftBank 601HW Black 20GB
681,1130,10,8,None (+ 0 JPY),None (+ 0 JPY),,,[6 Months RENTAL] SoftBank 601HW Black,1,,,,,,,,[178 days RENTAL] SoftBank 601HW Black,sk.jpg,*,sk.jpg,sk.jpg,,,,,,,,,,,,,,,,,,,,,,1,1,en_sk_177,,1,,22800,22800,,5,,,,,,,,,,,,,,,,,16,new! SoftBank 601HW Black 20GB
682,1131,10,8,None (+ 0 JPY),None (+ 0 JPY),,,[6 Months RENTAL] SoftBank 601HW Black,1,,,,,,,,[179 days RENTAL] SoftBank 601HW Black,sk.jpg,*,sk.jpg,sk.jpg,,,,,,,,,,,,,,,,,,,,,,1,1,en_sk_178,,1,,22800,22800,,5,,,,,,,,,,,,,,,,,16,new! SoftBank 601HW Black 20GB
683,1132,10,8,None (+ 0 JPY),None (+ 0 JPY),,,[6 Months RENTAL] SoftBank 601HW Black,1,,,,,,,,[180 days RENTAL] SoftBank 601HW Black,sk.jpg,*,sk.jpg,sk.jpg,,,,,,,,,,,,,,,,,,,,,,1,1,en_sk_179,,1,,22800,22800,,5,,,,,,,,,,,,,,,,,16,new! SoftBank 601HW Black 20GB
684,1133,10,8,None (+ 0 JPY),None (+ 0 JPY),,,[6 Months RENTAL] SoftBank 601HW Black,1,,,,,,,,[181 days RENTAL] SoftBank 601HW Black,sk.jpg,*,sk.jpg,sk.jpg,,,,,,,,,,,,,,,,,,,,,,,1,en_sk_180,,1,,22800,22800,,5,,,,,,,,,,,,,,,,,16,new! SoftBank 601HW Black 20GB
685,1134,10,8,None (+ 0 JPY),None (+ 0 JPY),,,[6 Months RENTAL]+[1 day RENTAL] SoftBank 601HW Black,1,,,,,,,,[182 days RENTAL] SoftBank 601HW Black,sk.jpg,*,sk.jpg,sk.jpg,,,,,,,,,,,,,,,,,,,,,,,1,en_sk_181,,1,,23250,23250,,5,,,,,,,,,,,,,,,,,16,new! SoftBank 601HW Black 20GB
686,1135,10,8,None (+ 0 JPY),None (+ 0 JPY),,,[6 Months RENTAL]+[2 days RENTAL] SoftBank 601HW Black,1,,,,,,,,[183 days RENTAL] SoftBank 601HW Black,sk.jpg,*,sk.jpg,sk.jpg,,,,,,,,,,,,,,,,,,,,,,,1,en_sk_182,,1,,23700,23700,,5,,,,,,,,,,,,,,,,,16,new! SoftBank 601HW Black 20GB
687,1136,10,8,None (+ 0 JPY),None (+ 0 JPY),,,[6 Months RENTAL]+[3 days RENTAL] SoftBank 601HW Black,1,,,,,,,,[184 days RENTAL] SoftBank 601HW Black,sk.jpg,*,sk.jpg,sk.jpg,,,,,,,,,,,,,,,,,,,,,,,1,en_sk_183,,1,,24150,24150,,5,,,,,,,,,,,,,,,,,16,new! SoftBank 601HW Black 20GB
688,1137,10,8,None (+ 0 JPY),None (+ 0 JPY),,,[6 Months RENTAL]+[4 days RENTAL] SoftBank 601HW Black,1,,,,,,,,[185 days RENTAL] SoftBank 601HW Black,sk.jpg,*,sk.jpg,sk.jpg,,,,,,,,,,,,,,,,,,,,,,,1,en_sk_184,,1,,24600,24600,,5,,,,,,,,,,,,,,,,,16,new! SoftBank 601HW Black 20GB
689,1138,10,8,None (+ 0 JPY),None (+ 0 JPY),,,[6 Months RENTAL]+[5 days RENTAL] SoftBank 601HW Black,1,,,,,,,,[186 days RENTAL] SoftBank 601HW Black,sk.jpg,*,sk.jpg,sk.jpg,,,,,,,,,,,,,,,,,,,,,,,1,en_sk_185,,1,,25050,25050,,5,,,,,,,,,,,,,,,,,16,new! SoftBank 601HW Black 20GB
690,1139,10,8,None (+ 0 JPY),None (+ 0 JPY),,,[6 Months RENTAL]+[6 days RENTAL] SoftBank 601HW Black,1,,,,,,,,[187 days RENTAL] SoftBank 601HW Black,sk.jpg,*,sk.jpg,sk.jpg,,,,,,,,,,,,,,,,,,,,,,,1,en_sk_186,,1,,25500,25500,,5,,,,,,,,,,,,,,,,,16,new! SoftBank 601HW Black 20GB
691,1140,10,8,None (+ 0 JPY),None (+ 0 JPY),,,[6 Months RENTAL]+[7 days RENTAL] SoftBank 601HW Black,1,,,,,,,,[188 days RENTAL] SoftBank 601HW Black,sk.jpg,*,sk.jpg,sk.jpg,,,,,,,,,,,,,,,,,,,,,,,1,en_sk_187,,1,,25950,25950,,5,,,,,,,,,,,,,,,,,16,new! SoftBank 601HW Black 20GB
692,1141,10,8,None (+ 0 JPY),None (+ 0 JPY),,,[6 Months RENTAL]+[8 days RENTAL] SoftBank 601HW Black,1,,,,,,,,[189 days RENTAL] SoftBank 601HW Black,sk.jpg,*,sk.jpg,sk.jpg,,,,,,,,,,,,,,,,,,,,,,,1,en_sk_188,,1,,26400,26400,,5,,,,,,,,,,,,,,,,,16,new! SoftBank 601HW Black 20GB
693,1142,10,8,None (+ 0 JPY),None (+ 0 JPY),,,[6 Months RENTAL]+[9 days RENTAL] SoftBank 601HW Black,1,,,,,,,,[190 days RENTAL] SoftBank 601HW Black,sk.jpg,*,sk.jpg,sk.jpg,,,,,,,,,,,,,,,,,,,,,,,1,en_sk_189,,1,,26850,26850,,5,,,,,,,,,,,,,,,,,16,new! SoftBank 601HW Black 20GB
694,1143,10,8,None (+ 0 JPY),None (+ 0 JPY),,,[6 Months RENTAL]+[10 days RENTAL] SoftBank 601HW Black,1,,,,,,,,[191 days RENTAL] SoftBank 601HW Black,sk.jpg,*,sk.jpg,sk.jpg,,,,,,,,,,,,,,,,,,,,,,,1,en_sk_190,,1,,27300,27300,,5,,,,,,,,,,,,,,,,,16,new! SoftBank 601HW Black 20GB
695,1144,10,8,None (+ 0 JPY),None (+ 0 JPY),,,[6 Months RENTAL]+[11 days RENTAL] SoftBank 601HW Black,1,,,,,,,,[192 days RENTAL] SoftBank 601HW Black,sk.jpg,*,sk.jpg,sk.jpg,,,,,,,,,,,,,,,,,,,,,,,1,en_sk_191,,1,,27750,27750,,5,,,,,,,,,,,,,,,,,16,new! SoftBank 601HW Black 20GB
696,1145,10,8,None (+ 0 JPY),None (+ 0 JPY),,,[6 Months RENTAL]+[12 days RENTAL] SoftBank 601HW Black,1,,,,,,,,[193 days RENTAL] SoftBank 601HW Black,sk.jpg,*,sk.jpg,sk.jpg,,,,,,,,,,,,,,,,,,,,,,,1,en_sk_192,,1,,28200,28200,,5,,,,,,,,,,,,,,,,,16,new! SoftBank 601HW Black 20GB
697,1146,10,8,None (+ 0 JPY),None (+ 0 JPY),,,[6 Months RENTAL]+[13 days RENTAL] SoftBank 601HW Black,1,,,,,,,,[194 days RENTAL] SoftBank 601HW Black,sk.jpg,*,sk.jpg,sk.jpg,,,,,,,,,,,,,,,,,,,,,,,1,en_sk_193,,1,,28650,28650,,5,,,,,,,,,,,,,,,,,16,new! SoftBank 601HW Black 20GB
698,1147,10,8,None (+ 0 JPY),None (+ 0 JPY),,,[6 Months RENTAL]+[14 days RENTAL] SoftBank 601HW Black,1,,,,,,,,[195 days RENTAL] SoftBank 601HW Black,sk.jpg,*,sk.jpg,sk.jpg,,,,,,,,,,,,,,,,,,,,,,,1,en_sk_194,,1,,29100,29100,,5,,,,,,,,,,,,,,,,,16,new! SoftBank 601HW Black 20GB
699,1148,10,8,None (+ 0 JPY),None (+ 0 JPY),,,[6 Months RENTAL]+[1 Month] SoftBank 601HW Black,1,,,,,,,,[196 days RENTAL] SoftBank 601HW Black,sk.jpg,*,sk.jpg,sk.jpg,,,,,,,,,,,,,,,,,,,,,,1,1,en_sk_195,,1,,29550,29550,,5,,,,,,,,,,,,,,,,,16,new! SoftBank 601HW Black 20GB
700,1149,10,8,None (+ 0 JPY),None (+ 0 JPY),,,[6 Months RENTAL]+[1 Month] SoftBank 601HW Black,1,,,,,,,,[197 days RENTAL] SoftBank 601HW Black,sk.jpg,*,sk.jpg,sk.jpg,,,,,,,,,,,,,,,,,,,,,,1,1,en_sk_196,,1,,29550,29550,,5,,,,,,,,,,,,,,,,,16,new! SoftBank 601HW Black 20GB
701,1150,10,8,None (+ 0 JPY),None (+ 0 JPY),,,[6 Months RENTAL]+[1 Month] SoftBank 601HW Black,1,,,,,,,,[198 days RENTAL] SoftBank 601HW Black,sk.jpg,*,sk.jpg,sk.jpg,,,,,,,,,,,,,,,,,,,,,,1,1,en_sk_197,,1,,29550,29550,,5,,,,,,,,,,,,,,,,,16,new! SoftBank 601HW Black 20GB
702,1151,10,8,None (+ 0 JPY),None (+ 0 JPY),,,[6 Months RENTAL]+[1 Month] SoftBank 601HW Black,1,,,,,,,,[199 days RENTAL] SoftBank 601HW Black,sk.jpg,*,sk.jpg,sk.jpg,,,,,,,,,,,,,,,,,,,,,,1,1,en_sk_198,,1,,29550,29550,,5,,,,,,,,,,,,,,,,,16,new! SoftBank 601HW Black 20GB
703,1152,10,8,None (+ 0 JPY),None (+ 0 JPY),,,[6 Months RENTAL]+[1 Month] SoftBank 601HW Black,1,,,,,,,,[200 days RENTAL] SoftBank 601HW Black,sk.jpg,*,sk.jpg,sk.jpg,,,,,,,,,,,,,,,,,,,,,,1,1,en_sk_199,,1,,29550,29550,,5,,,,,,,,,,,,,,,,,16,new! SoftBank 601HW Black 20GB
704,1153,10,8,None (+ 0 JPY),None (+ 0 JPY),,,[6 Months RENTAL]+[1 Month] SoftBank 601HW Black,1,,,,,,,,[201 days RENTAL] SoftBank 601HW Black,sk.jpg,*,sk.jpg,sk.jpg,,,,,,,,,,,,,,,,,,,,,,1,1,en_sk_200,,1,,29550,29550,,5,,,,,,,,,,,,,,,,,16,new! SoftBank 601HW Black 20GB
705,1154,10,8,None (+ 0 JPY),None (+ 0 JPY),,,[6 Months RENTAL]+[1 Month] SoftBank 601HW Black,1,,,,,,,,[202 days RENTAL] SoftBank 601HW Black,sk.jpg,*,sk.jpg,sk.jpg,,,,,,,,,,,,,,,,,,,,,,1,1,en_sk_201,,1,,29550,29550,,5,,,,,,,,,,,,,,,,,16,new! SoftBank 601HW Black 20GB
706,1155,10,8,None (+ 0 JPY),None (+ 0 JPY),,,[6 Months RENTAL]+[1 Month] SoftBank 601HW Black,1,,,,,,,,[203 days RENTAL] SoftBank 601HW Black,sk.jpg,*,sk.jpg,sk.jpg,,,,,,,,,,,,,,,,,,,,,,1,1,en_sk_202,,1,,29550,29550,,5,,,,,,,,,,,,,,,,,16,new! SoftBank 601HW Black 20GB
707,1156,10,8,None (+ 0 JPY),None (+ 0 JPY),,,[6 Months RENTAL]+[1 Month] SoftBank 601HW Black,1,,,,,,,,[204 days RENTAL] SoftBank 601HW Black,sk.jpg,*,sk.jpg,sk.jpg,,,,,,,,,,,,,,,,,,,,,,1,1,en_sk_203,,1,,29550,29550,,5,,,,,,,,,,,,,,,,,16,new! SoftBank 601HW Black 20GB
708,1157,10,8,None (+ 0 JPY),None (+ 0 JPY),,,[6 Months RENTAL]+[1 Month] SoftBank 601HW Black,1,,,,,,,,[205 days RENTAL] SoftBank 601HW Black,sk.jpg,*,sk.jpg,sk.jpg,,,,,,,,,,,,,,,,,,,,,,1,1,en_sk_204,,1,,29550,29550,,5,,,,,,,,,,,,,,,,,16,new! SoftBank 601HW Black 20GB
709,1158,10,8,None (+ 0 JPY),None (+ 0 JPY),,,[6 Months RENTAL]+[1 Month] SoftBank 601HW Black,1,,,,,,,,[206 days RENTAL] SoftBank 601HW Black,sk.jpg,*,sk.jpg,sk.jpg,,,,,,,,,,,,,,,,,,,,,,1,1,en_sk_205,,1,,29550,29550,,5,,,,,,,,,,,,,,,,,16,new! SoftBank 601HW Black 20GB
710,1159,10,8,None (+ 0 JPY),None (+ 0 JPY),,,[6 Months RENTAL]+[1 Month] SoftBank 601HW Black,1,,,,,,,,[207 days RENTAL] SoftBank 601HW Black,sk.jpg,*,sk.jpg,sk.jpg,,,,,,,,,,,,,,,,,,,,,,1,1,en_sk_206,,1,,29550,29550,,5,,,,,,,,,,,,,,,,,16,new! SoftBank 601HW Black 20GB
711,1160,10,8,None (+ 0 JPY),None (+ 0 JPY),,,[6 Months RENTAL]+[1 Month] SoftBank 601HW Black,1,,,,,,,,[208 days RENTAL] SoftBank 601HW Black,sk.jpg,*,sk.jpg,sk.jpg,,,,,,,,,,,,,,,,,,,,,,1,1,en_sk_207,,1,,29550,29550,,5,,,,,,,,,,,,,,,,,16,new! SoftBank 601HW Black 20GB
712,1161,10,8,None (+ 0 JPY),None (+ 0 JPY),,,[6 Months RENTAL]+[1 Month] SoftBank 601HW Black,1,,,,,,,,[209 days RENTAL] SoftBank 601HW Black,sk.jpg,*,sk.jpg,sk.jpg,,,,,,,,,,,,,,,,,,,,,,1,1,en_sk_208,,1,,29550,29550,,5,,,,,,,,,,,,,,,,,16,new! SoftBank 601HW Black 20GB
713,1162,10,8,None (+ 0 JPY),None (+ 0 JPY),,,[6 Months RENTAL]+[1 Month] SoftBank 601HW Black,1,,,,,,,,[210 days RENTAL] SoftBank 601HW Black,sk.jpg,*,sk.jpg,sk.jpg,,,,,,,,,,,,,,,,,,,,,,1,1,en_sk_209,,1,,29550,29550,,5,,,,,,,,,,,,,,,,,16,new! SoftBank 601HW Black 20GB
714,1163,10,8,None (+ 0 JPY),None (+ 0 JPY),,,[6 Months RENTAL]+[1 Month] SoftBank 601HW Black,1,,,,,,,,[211 days RENTAL] SoftBank 601HW Black,sk.jpg,*,sk.jpg,sk.jpg,,,,,,,,,,,,,,,,,,,,,,1,1,en_sk_210,,1,,29550,29550,,5,,,,,,,,,,,,,,,,,16,new! SoftBank 601HW Black 20GB
715,1164,10,8,None (+ 0 JPY),None (+ 0 JPY),,,[6 Months RENTAL]+[1 Month] SoftBank 601HW Black,1,,,,,,,,[212 days RENTAL] SoftBank 601HW Black,sk.jpg,*,sk.jpg,sk.jpg,,,,,,,,,,,,,,,,,,,,,,,1,en_sk_211,,1,,29550,29550,,5,,,,,,,,,,,,,,,,,16,new! SoftBank 601HW Black 20GB
716,1165,10,8,None (+ 0 JPY),None (+ 0 JPY),,,[6 Months RENTAL]+[1 Month]+[1 day RENTAL] SoftBank 601HW Black,1,,,,,,,,[213 days RENTAL] SoftBank 601HW Black,sk.jpg,*,sk.jpg,sk.jpg,,,,,,,,,,,,,,,,,,,,,,,1,en_sk_212,,1,,30000,30000,,5,,,,,,,,,,,,,,,,,16,new! SoftBank 601HW Black 20GB
717,1166,10,8,None (+ 0 JPY),None (+ 0 JPY),,,[6 Months RENTAL]+[1 Month]+[2 days RENTAL] SoftBank 601HW Black,1,,,,,,,,[214 days RENTAL] SoftBank 601HW Black,sk.jpg,*,sk.jpg,sk.jpg,,,,,,,,,,,,,,,,,,,,,,,1,en_sk_213,,1,,30450,30450,,5,,,,,,,,,,,,,,,,,16,new! SoftBank 601HW Black 20GB
718,1167,10,8,None (+ 0 JPY),None (+ 0 JPY),,,[6 Months RENTAL]+[1 Month]+[3 days RENTAL] SoftBank 601HW Black,1,,,,,,,,[215 days RENTAL] SoftBank 601HW Black,sk.jpg,*,sk.jpg,sk.jpg,,,,,,,,,,,,,,,,,,,,,,,1,en_sk_214,,1,,30900,30900,,5,,,,,,,,,,,,,,,,,16,new! SoftBank 601HW Black 20GB
719,1168,10,8,None (+ 0 JPY),None (+ 0 JPY),,,[6 Months RENTAL]+[1 Month]+[4 days RENTAL] SoftBank 601HW Black,1,,,,,,,,[216 days RENTAL] SoftBank 601HW Black,sk.jpg,*,sk.jpg,sk.jpg,,,,,,,,,,,,,,,,,,,,,,,1,en_sk_215,,1,,31350,31350,,5,,,,,,,,,,,,,,,,,16,new! SoftBank 601HW Black 20GB
720,1169,10,8,None (+ 0 JPY),None (+ 0 JPY),,,[6 Months RENTAL]+[1 Month]+[5 days RENTAL] SoftBank 601HW Black,1,,,,,,,,[217 days RENTAL] SoftBank 601HW Black,sk.jpg,*,sk.jpg,sk.jpg,,,,,,,,,,,,,,,,,,,,,,,1,en_sk_216,,1,,31800,31800,,5,,,,,,,,,,,,,,,,,16,new! SoftBank 601HW Black 20GB
721,1170,10,8,None (+ 0 JPY),None (+ 0 JPY),,,[6 Months RENTAL]+[1 Month]+[6 days RENTAL] SoftBank 601HW Black,1,,,,,,,,[218 days RENTAL] SoftBank 601HW Black,sk.jpg,*,sk.jpg,sk.jpg,,,,,,,,,,,,,,,,,,,,,,,1,en_sk_217,,1,,32250,32250,,5,,,,,,,,,,,,,,,,,16,new! SoftBank 601HW Black 20GB
722,1171,10,8,None (+ 0 JPY),None (+ 0 JPY),,,[6 Months RENTAL]+[1 Month]+[7 days RENTAL] SoftBank 601HW Black,1,,,,,,,,[219 days RENTAL] SoftBank 601HW Black,sk.jpg,*,sk.jpg,sk.jpg,,,,,,,,,,,,,,,,,,,,,,,1,en_sk_218,,1,,32700,32700,,5,,,,,,,,,,,,,,,,,16,new! SoftBank 601HW Black 20GB
723,1172,10,8,None (+ 0 JPY),None (+ 0 JPY),,,[6 Months RENTAL]+[1 Month]+[8 days RENTAL] SoftBank 601HW Black,1,,,,,,,,[220 days RENTAL] SoftBank 601HW Black,sk.jpg,*,sk.jpg,sk.jpg,,,,,,,,,,,,,,,,,,,,,,,1,en_sk_219,,1,,33150,33150,,5,,,,,,,,,,,,,,,,,16,new! SoftBank 601HW Black 20GB
724,1173,10,8,None (+ 0 JPY),None (+ 0 JPY),,,[6 Months RENTAL]+[1 Month]+[9 days RENTAL] SoftBank 601HW Black,1,,,,,,,,[221 days RENTAL] SoftBank 601HW Black,sk.jpg,*,sk.jpg,sk.jpg,,,,,,,,,,,,,,,,,,,,,,,1,en_sk_220,,1,,33600,33600,,5,,,,,,,,,,,,,,,,,16,new! SoftBank 601HW Black 20GB
725,1174,10,8,None (+ 0 JPY),None (+ 0 JPY),,,[6 Months RENTAL]+[1 Month]+[10 days RENTAL] SoftBank 601HW Black,1,,,,,,,,[222 days RENTAL] SoftBank 601HW Black,sk.jpg,*,sk.jpg,sk.jpg,,,,,,,,,,,,,,,,,,,,,,,1,en_sk_221,,1,,34050,34050,,5,,,,,,,,,,,,,,,,,16,new! SoftBank 601HW Black 20GB
726,1175,10,8,None (+ 0 JPY),None (+ 0 JPY),,,[6 Months RENTAL]+[1 Month]+[11 days RENTAL] SoftBank 601HW Black,1,,,,,,,,[223 days RENTAL] SoftBank 601HW Black,sk.jpg,*,sk.jpg,sk.jpg,,,,,,,,,,,,,,,,,,,,,,,1,en_sk_222,,1,,34500,34500,,5,,,,,,,,,,,,,,,,,16,new! SoftBank 601HW Black 20GB
727,1176,10,8,None (+ 0 JPY),None (+ 0 JPY),,,[6 Months RENTAL]+[2 Months RENTAL] SoftBank 601HW Black,1,,,,,,,,[224 days RENTAL] SoftBank 601HW Black,sk.jpg,*,sk.jpg,sk.jpg,,,,,,,,,,,,,,,,,,,,,,1,1,en_sk_223,,1,,34800,34800,,5,,,,,,,,,,,,,,,,,16,new! SoftBank 601HW Black 20GB
728,1177,10,8,None (+ 0 JPY),None (+ 0 JPY),,,[6 Months RENTAL]+[2 Months RENTAL] SoftBank 601HW Black,1,,,,,,,,[225 days RENTAL] SoftBank 601HW Black,sk.jpg,*,sk.jpg,sk.jpg,,,,,,,,,,,,,,,,,,,,,,1,1,en_sk_224,,1,,34800,34800,,5,,,,,,,,,,,,,,,,,16,new! SoftBank 601HW Black 20GB
729,1178,10,8,None (+ 0 JPY),None (+ 0 JPY),,,[6 Months RENTAL]+[2 Months RENTAL] SoftBank 601HW Black,1,,,,,,,,[226 days RENTAL] SoftBank 601HW Black,sk.jpg,*,sk.jpg,sk.jpg,,,,,,,,,,,,,,,,,,,,,,1,1,en_sk_225,,1,,34800,34800,,5,,,,,,,,,,,,,,,,,16,new! SoftBank 601HW Black 20GB
730,1179,10,8,None (+ 0 JPY),None (+ 0 JPY),,,[6 Months RENTAL]+[2 Months RENTAL] SoftBank 601HW Black,1,,,,,,,,[227 days RENTAL] SoftBank 601HW Black,sk.jpg,*,sk.jpg,sk.jpg,,,,,,,,,,,,,,,,,,,,,,1,1,en_sk_226,,1,,34800,34800,,5,,,,,,,,,,,,,,,,,16,new! SoftBank 601HW Black 20GB
731,1180,10,8,None (+ 0 JPY),None (+ 0 JPY),,,[6 Months RENTAL]+[2 Months RENTAL] SoftBank 601HW Black,1,,,,,,,,[228 days RENTAL] SoftBank 601HW Black,sk.jpg,*,sk.jpg,sk.jpg,,,,,,,,,,,,,,,,,,,,,,1,1,en_sk_227,,1,,34800,34800,,5,,,,,,,,,,,,,,,,,16,new! SoftBank 601HW Black 20GB
732,1181,10,8,None (+ 0 JPY),None (+ 0 JPY),,,[6 Months RENTAL]+[2 Months RENTAL] SoftBank 601HW Black,1,,,,,,,,[229 days RENTAL] SoftBank 601HW Black,sk.jpg,*,sk.jpg,sk.jpg,,,,,,,,,,,,,,,,,,,,,,1,1,en_sk_228,,1,,34800,34800,,5,,,,,,,,,,,,,,,,,16,new! SoftBank 601HW Black 20GB
733,1182,10,8,None (+ 0 JPY),None (+ 0 JPY),,,[6 Months RENTAL]+[2 Months RENTAL] SoftBank 601HW Black,1,,,,,,,,[230 days RENTAL] SoftBank 601HW Black,sk.jpg,*,sk.jpg,sk.jpg,,,,,,,,,,,,,,,,,,,,,,1,1,en_sk_229,,1,,34800,34800,,5,,,,,,,,,,,,,,,,,16,new! SoftBank 601HW Black 20GB
734,1183,10,8,None (+ 0 JPY),None (+ 0 JPY),,,[6 Months RENTAL]+[2 Months RENTAL] SoftBank 601HW Black,1,,,,,,,,[231 days RENTAL] SoftBank 601HW Black,sk.jpg,*,sk.jpg,sk.jpg,,,,,,,,,,,,,,,,,,,,,,1,1,en_sk_230,,1,,34800,34800,,5,,,,,,,,,,,,,,,,,16,new! SoftBank 601HW Black 20GB
735,1184,10,8,None (+ 0 JPY),None (+ 0 JPY),,,[6 Months RENTAL]+[2 Months RENTAL] SoftBank 601HW Black,1,,,,,,,,[232 days RENTAL] SoftBank 601HW Black,sk.jpg,*,sk.jpg,sk.jpg,,,,,,,,,,,,,,,,,,,,,,1,1,en_sk_231,,1,,34800,34800,,5,,,,,,,,,,,,,,,,,16,new! SoftBank 601HW Black 20GB
736,1185,10,8,None (+ 0 JPY),None (+ 0 JPY),,,[6 Months RENTAL]+[2 Months RENTAL] SoftBank 601HW Black,1,,,,,,,,[233 days RENTAL] SoftBank 601HW Black,sk.jpg,*,sk.jpg,sk.jpg,,,,,,,,,,,,,,,,,,,,,,1,1,en_sk_232,,1,,34800,34800,,5,,,,,,,,,,,,,,,,,16,new! SoftBank 601HW Black 20GB
737,1186,10,8,None (+ 0 JPY),None (+ 0 JPY),,,[6 Months RENTAL]+[2 Months RENTAL] SoftBank 601HW Black,1,,,,,,,,[234 days RENTAL] SoftBank 601HW Black,sk.jpg,*,sk.jpg,sk.jpg,,,,,,,,,,,,,,,,,,,,,,1,1,en_sk_233,,1,,34800,34800,,5,,,,,,,,,,,,,,,,,16,new! SoftBank 601HW Black 20GB
738,1187,10,8,None (+ 0 JPY),None (+ 0 JPY),,,[6 Months RENTAL]+[2 Months RENTAL] SoftBank 601HW Black,1,,,,,,,,[235 days RENTAL] SoftBank 601HW Black,sk.jpg,*,sk.jpg,sk.jpg,,,,,,,,,,,,,,,,,,,,,,1,1,en_sk_234,,1,,34800,34800,,5,,,,,,,,,,,,,,,,,16,new! SoftBank 601HW Black 20GB
739,1188,10,8,None (+ 0 JPY),None (+ 0 JPY),,,[6 Months RENTAL]+[2 Months RENTAL] SoftBank 601HW Black,1,,,,,,,,[236 days RENTAL] SoftBank 601HW Black,sk.jpg,*,sk.jpg,sk.jpg,,,,,,,,,,,,,,,,,,,,,,1,1,en_sk_235,,1,,34800,34800,,5,,,,,,,,,,,,,,,,,16,new! SoftBank 601HW Black 20GB
740,1189,10,8,None (+ 0 JPY),None (+ 0 JPY),,,[6 Months RENTAL]+[2 Months RENTAL] SoftBank 601HW Black,1,,,,,,,,[237 days RENTAL] SoftBank 601HW Black,sk.jpg,*,sk.jpg,sk.jpg,,,,,,,,,,,,,,,,,,,,,,1,1,en_sk_236,,1,,34800,34800,,5,,,,,,,,,,,,,,,,,16,new! SoftBank 601HW Black 20GB
741,1190,10,8,None (+ 0 JPY),None (+ 0 JPY),,,[6 Months RENTAL]+[2 Months RENTAL] SoftBank 601HW Black,1,,,,,,,,[238 days RENTAL] SoftBank 601HW Black,sk.jpg,*,sk.jpg,sk.jpg,,,,,,,,,,,,,,,,,,,,,,1,1,en_sk_237,,1,,34800,34800,,5,,,,,,,,,,,,,,,,,16,new! SoftBank 601HW Black 20GB
742,1191,10,8,None (+ 0 JPY),None (+ 0 JPY),,,[6 Months RENTAL]+[2 Months RENTAL] SoftBank 601HW Black,1,,,,,,,,[239 days RENTAL] SoftBank 601HW Black,sk.jpg,*,sk.jpg,sk.jpg,,,,,,,,,,,,,,,,,,,,,,1,1,en_sk_238,,1,,34800,34800,,5,,,,,,,,,,,,,,,,,16,new! SoftBank 601HW Black 20GB
743,1192,10,8,None (+ 0 JPY),None (+ 0 JPY),,,[6 Months RENTAL]+[2 Months RENTAL] SoftBank 601HW Black,1,,,,,,,,[240 days RENTAL] SoftBank 601HW Black,sk.jpg,*,sk.jpg,sk.jpg,,,,,,,,,,,,,,,,,,,,,,1,1,en_sk_239,,1,,34800,34800,,5,,,,,,,,,,,,,,,,,16,new! SoftBank 601HW Black 20GB
744,1193,10,8,None (+ 0 JPY),None (+ 0 JPY),,,[6 Months RENTAL]+[2 Months RENTAL] SoftBank 601HW Black,1,,,,,,,,[241 days RENTAL] SoftBank 601HW Black,sk.jpg,*,sk.jpg,sk.jpg,,,,,,,,,,,,,,,,,,,,,,1,1,en_sk_240,,1,,34800,34800,,5,,,,,,,,,,,,,,,,,16,new! SoftBank 601HW Black 20GB
745,1194,10,8,None (+ 0 JPY),None (+ 0 JPY),,,[6 Months RENTAL]+[2 Months RENTAL] SoftBank 601HW Black,1,,,,,,,,[242 days RENTAL] SoftBank 601HW Black,sk.jpg,*,sk.jpg,sk.jpg,,,,,,,,,,,,,,,,,,,,,,,1,en_sk_241,,1,,34800,34800,,5,,,,,,,,,,,,,,,,,16,new! SoftBank 601HW Black 20GB
746,1195,10,8,None (+ 0 JPY),None (+ 0 JPY),,,[6 Months RENTAL]+[2 Months RENTAL]+[1 day RENTAL] SoftBank 601HW Black,1,,,,,,,,[243 days RENTAL] SoftBank 601HW Black,sk.jpg,*,sk.jpg,sk.jpg,,,,,,,,,,,,,,,,,,,,,,,1,en_sk_242,,1,,35250,35250,,5,,,,,,,,,,,,,,,,,16,new! SoftBank 601HW Black 20GB
747,1196,10,8,None (+ 0 JPY),None (+ 0 JPY),,,[6 Months RENTAL]+[2 Months RENTAL]+[2 days RENTAL] SoftBank 601HW Black,1,,,,,,,,[244 days RENTAL] SoftBank 601HW Black,sk.jpg,*,sk.jpg,sk.jpg,,,,,,,,,,,,,,,,,,,,,,,1,en_sk_243,,1,,35700,35700,,5,,,,,,,,,,,,,,,,,16,new! SoftBank 601HW Black 20GB
748,1197,10,8,None (+ 0 JPY),None (+ 0 JPY),,,[6 Months RENTAL]+[2 Months RENTAL]+[3 days RENTAL] SoftBank 601HW Black,1,,,,,,,,[245 days RENTAL] SoftBank 601HW Black,sk.jpg,*,sk.jpg,sk.jpg,,,,,,,,,,,,,,,,,,,,,,,1,en_sk_244,,1,,36150,36150,,5,,,,,,,,,,,,,,,,,16,new! SoftBank 601HW Black 20GB
749,1198,10,8,None (+ 0 JPY),None (+ 0 JPY),,,[6 Months RENTAL]+[2 Months RENTAL]+[4 days RENTAL] SoftBank 601HW Black,1,,,,,,,,[246 days RENTAL] SoftBank 601HW Black,sk.jpg,*,sk.jpg,sk.jpg,,,,,,,,,,,,,,,,,,,,,,,1,en_sk_245,,1,,36600,36600,,5,,,,,,,,,,,,,,,,,16,new! SoftBank 601HW Black 20GB
750,1199,10,8,None (+ 0 JPY),None (+ 0 JPY),,,[6 Months RENTAL]+[2 Months RENTAL]+[5 days RENTAL] SoftBank 601HW Black,1,,,,,,,,[247 days RENTAL] SoftBank 601HW Black,sk.jpg,*,sk.jpg,sk.jpg,,,,,,,,,,,,,,,,,,,,,,,1,en_sk_246,,1,,37050,37050,,5,,,,,,,,,,,,,,,,,16,new! SoftBank 601HW Black 20GB
751,1200,10,8,None (+ 0 JPY),None (+ 0 JPY),,,[6 Months RENTAL]+[2 Months RENTAL]+[6 days RENTAL] SoftBank 601HW Black,1,,,,,,,,[248 days RENTAL] SoftBank 601HW Black,sk.jpg,*,sk.jpg,sk.jpg,,,,,,,,,,,,,,,,,,,,,,,1,en_sk_247,,1,,37500,37500,,5,,,,,,,,,,,,,,,,,16,new! SoftBank 601HW Black 20GB
752,1201,10,8,None (+ 0 JPY),None (+ 0 JPY),,,[6 Months RENTAL]+[2 Months RENTAL]+[7 days RENTAL] SoftBank 601HW Black,1,,,,,,,,[249 days RENTAL] SoftBank 601HW Black,sk.jpg,*,sk.jpg,sk.jpg,,,,,,,,,,,,,,,,,,,,,,,1,en_sk_248,,1,,37950,37950,,5,,,,,,,,,,,,,,,,,16,new! SoftBank 601HW Black 20GB
753,1202,10,8,None (+ 0 JPY),None (+ 0 JPY),,,[6 Months RENTAL]+[2 Months RENTAL]+[8 days RENTAL] SoftBank 601HW Black,1,,,,,,,,[250 days RENTAL] SoftBank 601HW Black,sk.jpg,*,sk.jpg,sk.jpg,,,,,,,,,,,,,,,,,,,,,,,1,en_sk_249,,1,,38400,38400,,5,,,,,,,,,,,,,,,,,16,new! SoftBank 601HW Black 20GB
754,1203,10,8,None (+ 0 JPY),None (+ 0 JPY),,,[6 Months RENTAL]+[2 Months RENTAL]+[9 days RENTAL] SoftBank 601HW Black,1,,,,,,,,[251 days RENTAL] SoftBank 601HW Black,sk.jpg,*,sk.jpg,sk.jpg,,,,,,,,,,,,,,,,,,,,,,,1,en_sk_250,,1,,38850,38850,,5,,,,,,,,,,,,,,,,,16,new! SoftBank 601HW Black 20GB
755,1204,10,8,None (+ 0 JPY),None (+ 0 JPY),,,[6 Months RENTAL]+[2 Months RENTAL]+[10 days RENTAL] SoftBank 601HW Black,1,,,,,,,,[252 days RENTAL] SoftBank 601HW Black,sk.jpg,*,sk.jpg,sk.jpg,,,,,,,,,,,,,,,,,,,,,,,1,en_sk_251,,1,,39300,39300,,5,,,,,,,,,,,,,,,,,16,new! SoftBank 601HW Black 20GB
756,1205,10,8,None (+ 0 JPY),None (+ 0 JPY),,,[6 Months RENTAL]+[3 Months RENTAL] SoftBank 601HW Black,1,,,,,,,,[253 days RENTAL] SoftBank 601HW Black,sk.jpg,*,sk.jpg,sk.jpg,,,,,,,,,,,,,,,,,,,,,,1,1,en_sk_252,,1,,39600,39600,,5,,,,,,,,,,,,,,,,,16,new! SoftBank 601HW Black 20GB
757,1206,10,8,None (+ 0 JPY),None (+ 0 JPY),,,[6 Months RENTAL]+[3 Months RENTAL] SoftBank 601HW Black,1,,,,,,,,[254 days RENTAL] SoftBank 601HW Black,sk.jpg,*,sk.jpg,sk.jpg,,,,,,,,,,,,,,,,,,,,,,1,1,en_sk_253,,1,,39600,39600,,5,,,,,,,,,,,,,,,,,16,new! SoftBank 601HW Black 20GB
758,1207,10,8,None (+ 0 JPY),None (+ 0 JPY),,,[6 Months RENTAL]+[3 Months RENTAL] SoftBank 601HW Black,1,,,,,,,,[255 days RENTAL] SoftBank 601HW Black,sk.jpg,*,sk.jpg,sk.jpg,,,,,,,,,,,,,,,,,,,,,,1,1,en_sk_254,,1,,39600,39600,,5,,,,,,,,,,,,,,,,,16,new! SoftBank 601HW Black 20GB
759,1208,10,8,None (+ 0 JPY),None (+ 0 JPY),,,[6 Months RENTAL]+[3 Months RENTAL] SoftBank 601HW Black,1,,,,,,,,[256 days RENTAL] SoftBank 601HW Black,sk.jpg,*,sk.jpg,sk.jpg,,,,,,,,,,,,,,,,,,,,,,1,1,en_sk_255,,1,,39600,39600,,5,,,,,,,,,,,,,,,,,16,new! SoftBank 601HW Black 20GB
760,1209,10,8,None (+ 0 JPY),None (+ 0 JPY),,,[6 Months RENTAL]+[3 Months RENTAL] SoftBank 601HW Black,1,,,,,,,,[257 days RENTAL] SoftBank 601HW Black,sk.jpg,*,sk.jpg,sk.jpg,,,,,,,,,,,,,,,,,,,,,,1,1,en_sk_256,,1,,39600,39600,,5,,,,,,,,,,,,,,,,,16,new! SoftBank 601HW Black 20GB
761,1210,10,8,None (+ 0 JPY),None (+ 0 JPY),,,[6 Months RENTAL]+[3 Months RENTAL] SoftBank 601HW Black,1,,,,,,,,[258 days RENTAL] SoftBank 601HW Black,sk.jpg,*,sk.jpg,sk.jpg,,,,,,,,,,,,,,,,,,,,,,1,1,en_sk_257,,1,,39600,39600,,5,,,,,,,,,,,,,,,,,16,new! SoftBank 601HW Black 20GB
762,1211,10,8,None (+ 0 JPY),None (+ 0 JPY),,,[6 Months RENTAL]+[3 Months RENTAL] SoftBank 601HW Black,1,,,,,,,,[259 days RENTAL] SoftBank 601HW Black,sk.jpg,*,sk.jpg,sk.jpg,,,,,,,,,,,,,,,,,,,,,,1,1,en_sk_258,,1,,39600,39600,,5,,,,,,,,,,,,,,,,,16,new! SoftBank 601HW Black 20GB
763,1212,10,8,None (+ 0 JPY),None (+ 0 JPY),,,[6 Months RENTAL]+[3 Months RENTAL] SoftBank 601HW Black,1,,,,,,,,[260 days RENTAL] SoftBank 601HW Black,sk.jpg,*,sk.jpg,sk.jpg,,,,,,,,,,,,,,,,,,,,,,1,1,en_sk_259,,1,,39600,39600,,5,,,,,,,,,,,,,,,,,16,new! SoftBank 601HW Black 20GB
764,1213,10,8,None (+ 0 JPY),None (+ 0 JPY),,,[6 Months RENTAL]+[3 Months RENTAL] SoftBank 601HW Black,1,,,,,,,,[261 days RENTAL] SoftBank 601HW Black,sk.jpg,*,sk.jpg,sk.jpg,,,,,,,,,,,,,,,,,,,,,,1,1,en_sk_260,,1,,39600,39600,,5,,,,,,,,,,,,,,,,,16,new! SoftBank 601HW Black 20GB
765,1214,10,8,None (+ 0 JPY),None (+ 0 JPY),,,[6 Months RENTAL]+[3 Months RENTAL] SoftBank 601HW Black,1,,,,,,,,[262 days RENTAL] SoftBank 601HW Black,sk.jpg,*,sk.jpg,sk.jpg,,,,,,,,,,,,,,,,,,,,,,1,1,en_sk_261,,1,,39600,39600,,5,,,,,,,,,,,,,,,,,16,new! SoftBank 601HW Black 20GB
766,1215,10,8,None (+ 0 JPY),None (+ 0 JPY),,,[6 Months RENTAL]+[3 Months RENTAL] SoftBank 601HW Black,1,,,,,,,,[263 days RENTAL] SoftBank 601HW Black,sk.jpg,*,sk.jpg,sk.jpg,,,,,,,,,,,,,,,,,,,,,,1,1,en_sk_262,,1,,39600,39600,,5,,,,,,,,,,,,,,,,,16,new! SoftBank 601HW Black 20GB
767,1216,10,8,None (+ 0 JPY),None (+ 0 JPY),,,[6 Months RENTAL]+[3 Months RENTAL] SoftBank 601HW Black,1,,,,,,,,[264 days RENTAL] SoftBank 601HW Black,sk.jpg,*,sk.jpg,sk.jpg,,,,,,,,,,,,,,,,,,,,,,1,1,en_sk_263,,1,,39600,39600,,5,,,,,,,,,,,,,,,,,16,new! SoftBank 601HW Black 20GB
768,1217,10,8,None (+ 0 JPY),None (+ 0 JPY),,,[6 Months RENTAL]+[3 Months RENTAL] SoftBank 601HW Black,1,,,,,,,,[265 days RENTAL] SoftBank 601HW Black,sk.jpg,*,sk.jpg,sk.jpg,,,,,,,,,,,,,,,,,,,,,,1,1,en_sk_264,,1,,39600,39600,,5,,,,,,,,,,,,,,,,,16,new! SoftBank 601HW Black 20GB
769,1218,10,8,None (+ 0 JPY),None (+ 0 JPY),,,[6 Months RENTAL]+[3 Months RENTAL] SoftBank 601HW Black,1,,,,,,,,[266 days RENTAL] SoftBank 601HW Black,sk.jpg,*,sk.jpg,sk.jpg,,,,,,,,,,,,,,,,,,,,,,1,1,en_sk_265,,1,,39600,39600,,5,,,,,,,,,,,,,,,,,16,new! SoftBank 601HW Black 20GB
770,1219,10,8,None (+ 0 JPY),None (+ 0 JPY),,,[6 Months RENTAL]+[3 Months RENTAL] SoftBank 601HW Black,1,,,,,,,,[267 days RENTAL] SoftBank 601HW Black,sk.jpg,*,sk.jpg,sk.jpg,,,,,,,,,,,,,,,,,,,,,,1,1,en_sk_266,,1,,39600,39600,,5,,,,,,,,,,,,,,,,,16,new! SoftBank 601HW Black 20GB
771,1220,10,8,None (+ 0 JPY),None (+ 0 JPY),,,[6 Months RENTAL]+[3 Months RENTAL] SoftBank 601HW Black,1,,,,,,,,[268 days RENTAL] SoftBank 601HW Black,sk.jpg,*,sk.jpg,sk.jpg,,,,,,,,,,,,,,,,,,,,,,1,1,en_sk_267,,1,,39600,39600,,5,,,,,,,,,,,,,,,,,16,new! SoftBank 601HW Black 20GB
772,1221,10,8,None (+ 0 JPY),None (+ 0 JPY),,,[6 Months RENTAL]+[3 Months RENTAL] SoftBank 601HW Black,1,,,,,,,,[269 days RENTAL] SoftBank 601HW Black,sk.jpg,*,sk.jpg,sk.jpg,,,,,,,,,,,,,,,,,,,,,,1,1,en_sk_268,,1,,39600,39600,,5,,,,,,,,,,,,,,,,,16,new! SoftBank 601HW Black 20GB
773,1222,10,8,None (+ 0 JPY),None (+ 0 JPY),,,[6 Months RENTAL]+[3 Months RENTAL] SoftBank 601HW Black,1,,,,,,,,[270 days RENTAL] SoftBank 601HW Black,sk.jpg,*,sk.jpg,sk.jpg,,,,,,,,,,,,,,,,,,,,,,1,1,en_sk_269,,1,,39600,39600,,5,,,,,,,,,,,,,,,,,16,new! SoftBank 601HW Black 20GB
774,1223,10,8,None (+ 0 JPY),None (+ 0 JPY),,,[6 Months RENTAL]+[3 Months RENTAL] SoftBank 601HW Black,1,,,,,,,,[271 days RENTAL] SoftBank 601HW Black,sk.jpg,*,sk.jpg,sk.jpg,,,,,,,,,,,,,,,,,,,,,,1,1,en_sk_270,,1,,39600,39600,,5,,,,,,,,,,,,,,,,,16,new! SoftBank 601HW Black 20GB
775,1224,10,8,None (+ 0 JPY),None (+ 0 JPY),,,[6 Months RENTAL]+[3 Months RENTAL] SoftBank 601HW Black,1,,,,,,,,[272 days RENTAL] SoftBank 601HW Black,sk.jpg,*,sk.jpg,sk.jpg,,,,,,,,,,,,,,,,,,,,,,,1,en_sk_271,,1,,39600,39600,,5,,,,,,,,,,,,,,,,,16,new! SoftBank 601HW Black 20GB
776,1225,10,8,None (+ 0 JPY),None (+ 0 JPY),,,[6 Months RENTAL]+[3 Months RENTAL]+[1 day RENTAL] SoftBank 601HW Black,1,,,,,,,,[273 days RENTAL] SoftBank 601HW Black,sk.jpg,*,sk.jpg,sk.jpg,,,,,,,,,,,,,,,,,,,,,,,1,en_sk_272,,1,,40050,40050,,5,,,,,,,,,,,,,,,,,16,new! SoftBank 601HW Black 20GB
777,1226,10,8,None (+ 0 JPY),None (+ 0 JPY),,,[6 Months RENTAL]+[3 Months RENTAL]+[2 days RENTAL] SoftBank 601HW Black,1,,,,,,,,[274 days RENTAL] SoftBank 601HW Black,sk.jpg,*,sk.jpg,sk.jpg,,,,,,,,,,,,,,,,,,,,,,,1,en_sk_273,,1,,40500,40500,,5,,,,,,,,,,,,,,,,,16,new! SoftBank 601HW Black 20GB
778,1227,10,8,None (+ 0 JPY),None (+ 0 JPY),,,[6 Months RENTAL]+[3 Months RENTAL]+[3 days RENTAL] SoftBank 601HW Black,1,,,,,,,,[275 days RENTAL] SoftBank 601HW Black,sk.jpg,*,sk.jpg,sk.jpg,,,,,,,,,,,,,,,,,,,,,,,1,en_sk_274,,1,,40950,40950,,5,,,,,,,,,,,,,,,,,16,new! SoftBank 601HW Black 20GB
779,1228,10,8,None (+ 0 JPY),None (+ 0 JPY),,,[6 Months RENTAL]+[3 Months RENTAL]+[4 days RENTAL] SoftBank 601HW Black,1,,,,,,,,[276 days RENTAL] SoftBank 601HW Black,sk.jpg,*,sk.jpg,sk.jpg,,,,,,,,,,,,,,,,,,,,,,,1,en_sk_275,,1,,41400,41400,,5,,,,,,,,,,,,,,,,,16,new! SoftBank 601HW Black 20GB
780,1229,10,8,None (+ 0 JPY),None (+ 0 JPY),,,[6 Months RENTAL]+[4 Months RENTAL] SoftBank 601HW Black,1,,,,,,,,[277 days RENTAL] SoftBank 601HW Black,sk.jpg,*,sk.jpg,sk.jpg,,,,,,,,,,,,,,,,,,,,,,1,1,en_sk_276,,1,,41600,41600,,5,,,,,,,,,,,,,,,,,16,new! SoftBank 601HW Black 20GB
781,1230,10,8,None (+ 0 JPY),None (+ 0 JPY),,,[6 Months RENTAL]+[4 Months RENTAL] SoftBank 601HW Black,1,,,,,,,,[278 days RENTAL] SoftBank 601HW Black,sk.jpg,*,sk.jpg,sk.jpg,,,,,,,,,,,,,,,,,,,,,,1,1,en_sk_277,,1,,41600,41600,,5,,,,,,,,,,,,,,,,,16,new! SoftBank 601HW Black 20GB
782,1231,10,8,None (+ 0 JPY),None (+ 0 JPY),,,[6 Months RENTAL]+[4 Months RENTAL] SoftBank 601HW Black,1,,,,,,,,[279 days RENTAL] SoftBank 601HW Black,sk.jpg,*,sk.jpg,sk.jpg,,,,,,,,,,,,,,,,,,,,,,1,1,en_sk_278,,1,,41600,41600,,5,,,,,,,,,,,,,,,,,16,new! SoftBank 601HW Black 20GB
783,1232,10,8,None (+ 0 JPY),None (+ 0 JPY),,,[6 Months RENTAL]+[4 Months RENTAL] SoftBank 601HW Black,1,,,,,,,,[280 days RENTAL] SoftBank 601HW Black,sk.jpg,*,sk.jpg,sk.jpg,,,,,,,,,,,,,,,,,,,,,,1,1,en_sk_279,,1,,41600,41600,,5,,,,,,,,,,,,,,,,,16,new! SoftBank 601HW Black 20GB
784,1233,10,8,None (+ 0 JPY),None (+ 0 JPY),,,[6 Months RENTAL]+[4 Months RENTAL] SoftBank 601HW Black,1,,,,,,,,[281 days RENTAL] SoftBank 601HW Black,sk.jpg,*,sk.jpg,sk.jpg,,,,,,,,,,,,,,,,,,,,,,1,1,en_sk_280,,1,,41600,41600,,5,,,,,,,,,,,,,,,,,16,new! SoftBank 601HW Black 20GB
785,1234,10,8,None (+ 0 JPY),None (+ 0 JPY),,,[6 Months RENTAL]+[4 Months RENTAL] SoftBank 601HW Black,1,,,,,,,,[282 days RENTAL] SoftBank 601HW Black,sk.jpg,*,sk.jpg,sk.jpg,,,,,,,,,,,,,,,,,,,,,,1,1,en_sk_281,,1,,41600,41600,,5,,,,,,,,,,,,,,,,,16,new! SoftBank 601HW Black 20GB
786,1235,10,8,None (+ 0 JPY),None (+ 0 JPY),,,[6 Months RENTAL]+[4 Months RENTAL] SoftBank 601HW Black,1,,,,,,,,[283 days RENTAL] SoftBank 601HW Black,sk.jpg,*,sk.jpg,sk.jpg,,,,,,,,,,,,,,,,,,,,,,1,1,en_sk_282,,1,,41600,41600,,5,,,,,,,,,,,,,,,,,16,new! SoftBank 601HW Black 20GB
787,1236,10,8,None (+ 0 JPY),None (+ 0 JPY),,,[6 Months RENTAL]+[4 Months RENTAL] SoftBank 601HW Black,1,,,,,,,,[284 days RENTAL] SoftBank 601HW Black,sk.jpg,*,sk.jpg,sk.jpg,,,,,,,,,,,,,,,,,,,,,,1,1,en_sk_283,,1,,41600,41600,,5,,,,,,,,,,,,,,,,,16,new! SoftBank 601HW Black 20GB
788,1237,10,8,None (+ 0 JPY),None (+ 0 JPY),,,[6 Months RENTAL]+[4 Months RENTAL] SoftBank 601HW Black,1,,,,,,,,[285 days RENTAL] SoftBank 601HW Black,sk.jpg,*,sk.jpg,sk.jpg,,,,,,,,,,,,,,,,,,,,,,1,1,en_sk_284,,1,,41600,41600,,5,,,,,,,,,,,,,,,,,16,new! SoftBank 601HW Black 20GB
789,1238,10,8,None (+ 0 JPY),None (+ 0 JPY),,,[6 Months RENTAL]+[4 Months RENTAL] SoftBank 601HW Black,1,,,,,,,,[286 days RENTAL] SoftBank 601HW Black,sk.jpg,*,sk.jpg,sk.jpg,,,,,,,,,,,,,,,,,,,,,,1,1,en_sk_285,,1,,41600,41600,,5,,,,,,,,,,,,,,,,,16,new! SoftBank 601HW Black 20GB
790,1239,10,8,None (+ 0 JPY),None (+ 0 JPY),,,[6 Months RENTAL]+[4 Months RENTAL] SoftBank 601HW Black,1,,,,,,,,[287 days RENTAL] SoftBank 601HW Black,sk.jpg,*,sk.jpg,sk.jpg,,,,,,,,,,,,,,,,,,,,,,1,1,en_sk_286,,1,,41600,41600,,5,,,,,,,,,,,,,,,,,16,new! SoftBank 601HW Black 20GB
791,1240,10,8,None (+ 0 JPY),None (+ 0 JPY),,,[6 Months RENTAL]+[4 Months RENTAL] SoftBank 601HW Black,1,,,,,,,,[288 days RENTAL] SoftBank 601HW Black,sk.jpg,*,sk.jpg,sk.jpg,,,,,,,,,,,,,,,,,,,,,,1,1,en_sk_287,,1,,41600,41600,,5,,,,,,,,,,,,,,,,,16,new! SoftBank 601HW Black 20GB
792,1241,10,8,None (+ 0 JPY),None (+ 0 JPY),,,[6 Months RENTAL]+[4 Months RENTAL] SoftBank 601HW Black,1,,,,,,,,[289 days RENTAL] SoftBank 601HW Black,sk.jpg,*,sk.jpg,sk.jpg,,,,,,,,,,,,,,,,,,,,,,1,1,en_sk_288,,1,,41600,41600,,5,,,,,,,,,,,,,,,,,16,new! SoftBank 601HW Black 20GB
793,1242,10,8,None (+ 0 JPY),None (+ 0 JPY),,,[6 Months RENTAL]+[4 Months RENTAL] SoftBank 601HW Black,1,,,,,,,,[290 days RENTAL] SoftBank 601HW Black,sk.jpg,*,sk.jpg,sk.jpg,,,,,,,,,,,,,,,,,,,,,,1,1,en_sk_289,,1,,41600,41600,,5,,,,,,,,,,,,,,,,,16,new! SoftBank 601HW Black 20GB
794,1243,10,8,None (+ 0 JPY),None (+ 0 JPY),,,[6 Months RENTAL]+[4 Months RENTAL] SoftBank 601HW Black,1,,,,,,,,[291 days RENTAL] SoftBank 601HW Black,sk.jpg,*,sk.jpg,sk.jpg,,,,,,,,,,,,,,,,,,,,,,1,1,en_sk_290,,1,,41600,41600,,5,,,,,,,,,,,,,,,,,16,new! SoftBank 601HW Black 20GB
795,1244,10,8,None (+ 0 JPY),None (+ 0 JPY),,,[6 Months RENTAL]+[4 Months RENTAL] SoftBank 601HW Black,1,,,,,,,,[292 days RENTAL] SoftBank 601HW Black,sk.jpg,*,sk.jpg,sk.jpg,,,,,,,,,,,,,,,,,,,,,,1,1,en_sk_291,,1,,41600,41600,,5,,,,,,,,,,,,,,,,,16,new! SoftBank 601HW Black 20GB
796,1245,10,8,None (+ 0 JPY),None (+ 0 JPY),,,[6 Months RENTAL]+[4 Months RENTAL] SoftBank 601HW Black,1,,,,,,,,[293 days RENTAL] SoftBank 601HW Black,sk.jpg,*,sk.jpg,sk.jpg,,,,,,,,,,,,,,,,,,,,,,1,1,en_sk_292,,1,,41600,41600,,5,,,,,,,,,,,,,,,,,16,new! SoftBank 601HW Black 20GB
797,1246,10,8,None (+ 0 JPY),None (+ 0 JPY),,,[6 Months RENTAL]+[4 Months RENTAL] SoftBank 601HW Black,1,,,,,,,,[294 days RENTAL] SoftBank 601HW Black,sk.jpg,*,sk.jpg,sk.jpg,,,,,,,,,,,,,,,,,,,,,,1,1,en_sk_293,,1,,41600,41600,,5,,,,,,,,,,,,,,,,,16,new! SoftBank 601HW Black 20GB
798,1247,10,8,None (+ 0 JPY),None (+ 0 JPY),,,[6 Months RENTAL]+[4 Months RENTAL] SoftBank 601HW Black,1,,,,,,,,[295 days RENTAL] SoftBank 601HW Black,sk.jpg,*,sk.jpg,sk.jpg,,,,,,,,,,,,,,,,,,,,,,1,1,en_sk_294,,1,,41600,41600,,5,,,,,,,,,,,,,,,,,16,new! SoftBank 601HW Black 20GB
799,1248,10,8,None (+ 0 JPY),None (+ 0 JPY),,,[6 Months RENTAL]+[4 Months RENTAL] SoftBank 601HW Black,1,,,,,,,,[296 days RENTAL] SoftBank 601HW Black,sk.jpg,*,sk.jpg,sk.jpg,,,,,,,,,,,,,,,,,,,,,,1,1,en_sk_295,,1,,41600,41600,,5,,,,,,,,,,,,,,,,,16,new! SoftBank 601HW Black 20GB
800,1249,10,8,None (+ 0 JPY),None (+ 0 JPY),,,[6 Months RENTAL]+[4 Months RENTAL] SoftBank 601HW Black,1,,,,,,,,[297 days RENTAL] SoftBank 601HW Black,sk.jpg,*,sk.jpg,sk.jpg,,,,,,,,,,,,,,,,,,,,,,1,1,en_sk_296,,1,,41600,41600,,5,,,,,,,,,,,,,,,,,16,new! SoftBank 601HW Black 20GB
801,1250,10,8,None (+ 0 JPY),None (+ 0 JPY),,,[6 Months RENTAL]+[4 Months RENTAL] SoftBank 601HW Black,1,,,,,,,,[298 days RENTAL] SoftBank 601HW Black,sk.jpg,*,sk.jpg,sk.jpg,,,,,,,,,,,,,,,,,,,,,,1,1,en_sk_297,,1,,41600,41600,,5,,,,,,,,,,,,,,,,,16,new! SoftBank 601HW Black 20GB
802,1251,10,8,None (+ 0 JPY),None (+ 0 JPY),,,[6 Months RENTAL]+[4 Months RENTAL] SoftBank 601HW Black,1,,,,,,,,[299 days RENTAL] SoftBank 601HW Black,sk.jpg,*,sk.jpg,sk.jpg,,,,,,,,,,,,,,,,,,,,,,1,1,en_sk_298,,1,,41600,41600,,5,,,,,,,,,,,,,,,,,16,new! SoftBank 601HW Black 20GB
803,1252,10,8,None (+ 0 JPY),None (+ 0 JPY),,,[6 Months RENTAL]+[4 Months RENTAL] SoftBank 601HW Black,1,,,,,,,,[300 days RENTAL] SoftBank 601HW Black,sk.jpg,*,sk.jpg,sk.jpg,,,,,,,,,,,,,,,,,,,,,,1,1,en_sk_299,,1,,41600,41600,,5,,,,,,,,,,,,,,,,,16,new! SoftBank 601HW Black 20GB
804,1253,10,8,None (+ 0 JPY),None (+ 0 JPY),,,[6 Months RENTAL]+[4 Months RENTAL] SoftBank 601HW Black,1,,,,,,,,[301 days RENTAL] SoftBank 601HW Black,sk.jpg,*,sk.jpg,sk.jpg,,,,,,,,,,,,,,,,,,,,,,1,1,en_sk_300,,1,,41600,41600,,5,,,,,,,,,,,,,,,,,16,new! SoftBank 601HW Black 20GB
805,1254,10,8,None (+ 0 JPY),None (+ 0 JPY),,,[6 Months RENTAL]+[4 Months RENTAL] SoftBank 601HW Black,1,,,,,,,,[302 days RENTAL] SoftBank 601HW Black,sk.jpg,*,sk.jpg,sk.jpg,,,,,,,,,,,,,,,,,,,,,,,1,en_sk_301,,1,,41600,41600,,5,,,,,,,,,,,,,,,,,16,new! SoftBank 601HW Black 20GB
806,1255,10,8,None (+ 0 JPY),None (+ 0 JPY),,,[6 Months RENTAL]+[4 Months RENTAL]+[1 day RENTAL] SoftBank 601HW Black,1,,,,,,,,[303 days RENTAL] SoftBank 601HW Black,sk.jpg,*,sk.jpg,sk.jpg,,,,,,,,,,,,,,,,,,,,,,,1,en_sk_302,,1,,42050,42050,,5,,,,,,,,,,,,,,,,,16,new! SoftBank 601HW Black 20GB
807,1256,10,8,None (+ 0 JPY),None (+ 0 JPY),,,[6 Months RENTAL]+[4 Months RENTAL]+[2 days RENTAL] SoftBank 601HW Black,1,,,,,,,,[304 days RENTAL] SoftBank 601HW Black,sk.jpg,*,sk.jpg,sk.jpg,,,,,,,,,,,,,,,,,,,,,,,1,en_sk_303,,1,,42500,42500,,5,,,,,,,,,,,,,,,,,16,new! SoftBank 601HW Black 20GB
808,1257,10,8,None (+ 0 JPY),None (+ 0 JPY),,,[6 Months RENTAL]+[4 Months RENTAL]+[3 days RENTAL] SoftBank 601HW Black,1,,,,,,,,[305 days RENTAL] SoftBank 601HW Black,sk.jpg,*,sk.jpg,sk.jpg,,,,,,,,,,,,,,,,,,,,,,,1,en_sk_304,,1,,42950,42950,,5,,,,,,,,,,,,,,,,,16,new! SoftBank 601HW Black 20GB
809,1258,10,8,None (+ 0 JPY),None (+ 0 JPY),,,[6 Months RENTAL]+[4 Months RENTAL]+[4 days RENTAL] SoftBank 601HW Black,1,,,,,,,,[306 days RENTAL] SoftBank 601HW Black,sk.jpg,*,sk.jpg,sk.jpg,,,,,,,,,,,,,,,,,,,,,,,1,en_sk_305,,1,,43400,43400,,5,,,,,,,,,,,,,,,,,16,new! SoftBank 601HW Black 20GB
810,1259,10,8,None (+ 0 JPY),None (+ 0 JPY),,,[6 Months RENTAL]+[5 Months RENTAL] SoftBank 601HW Black,1,,,,,,,,[307 days RENTAL] SoftBank 601HW Black,sk.jpg,*,sk.jpg,sk.jpg,,,,,,,,,,,,,,,,,,,,,,1,1,en_sk_306,,1,,43600,43600,,5,,,,,,,,,,,,,,,,,16,new! SoftBank 601HW Black 20GB
811,1260,10,8,None (+ 0 JPY),None (+ 0 JPY),,,[6 Months RENTAL]+[5 Months RENTAL] SoftBank 601HW Black,1,,,,,,,,[308 days RENTAL] SoftBank 601HW Black,sk.jpg,*,sk.jpg,sk.jpg,,,,,,,,,,,,,,,,,,,,,,1,1,en_sk_307,,1,,43600,43600,,5,,,,,,,,,,,,,,,,,16,new! SoftBank 601HW Black 20GB
812,1261,10,8,None (+ 0 JPY),None (+ 0 JPY),,,[6 Months RENTAL]+[5 Months RENTAL] SoftBank 601HW Black,1,,,,,,,,[309 days RENTAL] SoftBank 601HW Black,sk.jpg,*,sk.jpg,sk.jpg,,,,,,,,,,,,,,,,,,,,,,1,1,en_sk_308,,1,,43600,43600,,5,,,,,,,,,,,,,,,,,16,new! SoftBank 601HW Black 20GB
813,1262,10,8,None (+ 0 JPY),None (+ 0 JPY),,,[6 Months RENTAL]+[5 Months RENTAL] SoftBank 601HW Black,1,,,,,,,,[310 days RENTAL] SoftBank 601HW Black,sk.jpg,*,sk.jpg,sk.jpg,,,,,,,,,,,,,,,,,,,,,,1,1,en_sk_309,,1,,43600,43600,,5,,,,,,,,,,,,,,,,,16,new! SoftBank 601HW Black 20GB
814,1263,10,8,None (+ 0 JPY),None (+ 0 JPY),,,[6 Months RENTAL]+[5 Months RENTAL] SoftBank 601HW Black,1,,,,,,,,[311 days RENTAL] SoftBank 601HW Black,sk.jpg,*,sk.jpg,sk.jpg,,,,,,,,,,,,,,,,,,,,,,1,1,en_sk_310,,1,,43600,43600,,5,,,,,,,,,,,,,,,,,16,new! SoftBank 601HW Black 20GB
815,1264,10,8,None (+ 0 JPY),None (+ 0 JPY),,,[6 Months RENTAL]+[5 Months RENTAL] SoftBank 601HW Black,1,,,,,,,,[312 days RENTAL] SoftBank 601HW Black,sk.jpg,*,sk.jpg,sk.jpg,,,,,,,,,,,,,,,,,,,,,,1,1,en_sk_311,,1,,43600,43600,,5,,,,,,,,,,,,,,,,,16,new! SoftBank 601HW Black 20GB
816,1265,10,8,None (+ 0 JPY),None (+ 0 JPY),,,[6 Months RENTAL]+[5 Months RENTAL] SoftBank 601HW Black,1,,,,,,,,[313 days RENTAL] SoftBank 601HW Black,sk.jpg,*,sk.jpg,sk.jpg,,,,,,,,,,,,,,,,,,,,,,1,1,en_sk_312,,1,,43600,43600,,5,,,,,,,,,,,,,,,,,16,new! SoftBank 601HW Black 20GB
817,1266,10,8,None (+ 0 JPY),None (+ 0 JPY),,,[6 Months RENTAL]+[5 Months RENTAL] SoftBank 601HW Black,1,,,,,,,,[314 days RENTAL] SoftBank 601HW Black,sk.jpg,*,sk.jpg,sk.jpg,,,,,,,,,,,,,,,,,,,,,,1,1,en_sk_313,,1,,43600,43600,,5,,,,,,,,,,,,,,,,,16,new! SoftBank 601HW Black 20GB
818,1267,10,8,None (+ 0 JPY),None (+ 0 JPY),,,[6 Months RENTAL]+[5 Months RENTAL] SoftBank 601HW Black,1,,,,,,,,[315 days RENTAL] SoftBank 601HW Black,sk.jpg,*,sk.jpg,sk.jpg,,,,,,,,,,,,,,,,,,,,,,1,1,en_sk_314,,1,,43600,43600,,5,,,,,,,,,,,,,,,,,16,new! SoftBank 601HW Black 20GB
819,1268,10,8,None (+ 0 JPY),None (+ 0 JPY),,,[6 Months RENTAL]+[5 Months RENTAL] SoftBank 601HW Black,1,,,,,,,,[316 days RENTAL] SoftBank 601HW Black,sk.jpg,*,sk.jpg,sk.jpg,,,,,,,,,,,,,,,,,,,,,,1,1,en_sk_315,,1,,43600,43600,,5,,,,,,,,,,,,,,,,,16,new! SoftBank 601HW Black 20GB
820,1269,10,8,None (+ 0 JPY),None (+ 0 JPY),,,[6 Months RENTAL]+[5 Months RENTAL] SoftBank 601HW Black,1,,,,,,,,[317 days RENTAL] SoftBank 601HW Black,sk.jpg,*,sk.jpg,sk.jpg,,,,,,,,,,,,,,,,,,,,,,1,1,en_sk_316,,1,,43600,43600,,5,,,,,,,,,,,,,,,,,16,new! SoftBank 601HW Black 20GB
821,1270,10,8,None (+ 0 JPY),None (+ 0 JPY),,,[6 Months RENTAL]+[5 Months RENTAL] SoftBank 601HW Black,1,,,,,,,,[318 days RENTAL] SoftBank 601HW Black,sk.jpg,*,sk.jpg,sk.jpg,,,,,,,,,,,,,,,,,,,,,,1,1,en_sk_317,,1,,43600,43600,,5,,,,,,,,,,,,,,,,,16,new! SoftBank 601HW Black 20GB
822,1271,10,8,None (+ 0 JPY),None (+ 0 JPY),,,[6 Months RENTAL]+[5 Months RENTAL] SoftBank 601HW Black,1,,,,,,,,[319 days RENTAL] SoftBank 601HW Black,sk.jpg,*,sk.jpg,sk.jpg,,,,,,,,,,,,,,,,,,,,,,1,1,en_sk_318,,1,,43600,43600,,5,,,,,,,,,,,,,,,,,16,new! SoftBank 601HW Black 20GB
823,1272,10,8,None (+ 0 JPY),None (+ 0 JPY),,,[6 Months RENTAL]+[5 Months RENTAL] SoftBank 601HW Black,1,,,,,,,,[320 days RENTAL] SoftBank 601HW Black,sk.jpg,*,sk.jpg,sk.jpg,,,,,,,,,,,,,,,,,,,,,,1,1,en_sk_319,,1,,43600,43600,,5,,,,,,,,,,,,,,,,,16,new! SoftBank 601HW Black 20GB
824,1273,10,8,None (+ 0 JPY),None (+ 0 JPY),,,[6 Months RENTAL]+[5 Months RENTAL] SoftBank 601HW Black,1,,,,,,,,[321 days RENTAL] SoftBank 601HW Black,sk.jpg,*,sk.jpg,sk.jpg,,,,,,,,,,,,,,,,,,,,,,1,1,en_sk_320,,1,,43600,43600,,5,,,,,,,,,,,,,,,,,16,new! SoftBank 601HW Black 20GB
825,1274,10,8,None (+ 0 JPY),None (+ 0 JPY),,,[6 Months RENTAL]+[5 Months RENTAL] SoftBank 601HW Black,1,,,,,,,,[322 days RENTAL] SoftBank 601HW Black,sk.jpg,*,sk.jpg,sk.jpg,,,,,,,,,,,,,,,,,,,,,,1,1,en_sk_321,,1,,43600,43600,,5,,,,,,,,,,,,,,,,,16,new! SoftBank 601HW Black 20GB
826,1275,10,8,None (+ 0 JPY),None (+ 0 JPY),,,[6 Months RENTAL]+[5 Months RENTAL] SoftBank 601HW Black,1,,,,,,,,[323 days RENTAL] SoftBank 601HW Black,sk.jpg,*,sk.jpg,sk.jpg,,,,,,,,,,,,,,,,,,,,,,1,1,en_sk_322,,1,,43600,43600,,5,,,,,,,,,,,,,,,,,16,new! SoftBank 601HW Black 20GB
827,1276,10,8,None (+ 0 JPY),None (+ 0 JPY),,,[6 Months RENTAL]+[5 Months RENTAL] SoftBank 601HW Black,1,,,,,,,,[324 days RENTAL] SoftBank 601HW Black,sk.jpg,*,sk.jpg,sk.jpg,,,,,,,,,,,,,,,,,,,,,,1,1,en_sk_323,,1,,43600,43600,,5,,,,,,,,,,,,,,,,,16,new! SoftBank 601HW Black 20GB
828,1277,10,8,None (+ 0 JPY),None (+ 0 JPY),,,[6 Months RENTAL]+[5 Months RENTAL] SoftBank 601HW Black,1,,,,,,,,[325 days RENTAL] SoftBank 601HW Black,sk.jpg,*,sk.jpg,sk.jpg,,,,,,,,,,,,,,,,,,,,,,1,1,en_sk_324,,1,,43600,43600,,5,,,,,,,,,,,,,,,,,16,new! SoftBank 601HW Black 20GB
829,1278,10,8,None (+ 0 JPY),None (+ 0 JPY),,,[6 Months RENTAL]+[5 Months RENTAL] SoftBank 601HW Black,1,,,,,,,,[326 days RENTAL] SoftBank 601HW Black,sk.jpg,*,sk.jpg,sk.jpg,,,,,,,,,,,,,,,,,,,,,,1,1,en_sk_325,,1,,43600,43600,,5,,,,,,,,,,,,,,,,,16,new! SoftBank 601HW Black 20GB
830,1279,10,8,None (+ 0 JPY),None (+ 0 JPY),,,[6 Months RENTAL]+[5 Months RENTAL] SoftBank 601HW Black,1,,,,,,,,[327 days RENTAL] SoftBank 601HW Black,sk.jpg,*,sk.jpg,sk.jpg,,,,,,,,,,,,,,,,,,,,,,1,1,en_sk_326,,1,,43600,43600,,5,,,,,,,,,,,,,,,,,16,new! SoftBank 601HW Black 20GB
831,1280,10,8,None (+ 0 JPY),None (+ 0 JPY),,,[6 Months RENTAL]+[5 Months RENTAL] SoftBank 601HW Black,1,,,,,,,,[328 days RENTAL] SoftBank 601HW Black,sk.jpg,*,sk.jpg,sk.jpg,,,,,,,,,,,,,,,,,,,,,,1,1,en_sk_327,,1,,43600,43600,,5,,,,,,,,,,,,,,,,,16,new! SoftBank 601HW Black 20GB
832,1281,10,8,None (+ 0 JPY),None (+ 0 JPY),,,[6 Months RENTAL]+[5 Months RENTAL] SoftBank 601HW Black,1,,,,,,,,[329 days RENTAL] SoftBank 601HW Black,sk.jpg,*,sk.jpg,sk.jpg,,,,,,,,,,,,,,,,,,,,,,1,1,en_sk_328,,1,,43600,43600,,5,,,,,,,,,,,,,,,,,16,new! SoftBank 601HW Black 20GB
833,1282,10,8,None (+ 0 JPY),None (+ 0 JPY),,,[6 Months RENTAL]+[5 Months RENTAL] SoftBank 601HW Black,1,,,,,,,,[330 days RENTAL] SoftBank 601HW Black,sk.jpg,*,sk.jpg,sk.jpg,,,,,,,,,,,,,,,,,,,,,,1,1,en_sk_329,,1,,43600,43600,,5,,,,,,,,,,,,,,,,,16,new! SoftBank 601HW Black 20GB
834,1283,10,8,None (+ 0 JPY),None (+ 0 JPY),,,[6 Months RENTAL]+[5 Months RENTAL] SoftBank 601HW Black,1,,,,,,,,[331 days RENTAL] SoftBank 601HW Black,sk.jpg,*,sk.jpg,sk.jpg,,,,,,,,,,,,,,,,,,,,,,1,1,en_sk_330,,1,,43600,43600,,5,,,,,,,,,,,,,,,,,16,new! SoftBank 601HW Black 20GB
835,1284,10,8,None (+ 0 JPY),None (+ 0 JPY),,,[6 Months RENTAL]+[5 Months RENTAL] SoftBank 601HW Black,1,,,,,,,,[332 days RENTAL] SoftBank 601HW Black,sk.jpg,*,sk.jpg,sk.jpg,,,,,,,,,,,,,,,,,,,,,,,1,en_sk_331,,1,,43600,43600,,5,,,,,,,,,,,,,,,,,16,new! SoftBank 601HW Black 20GB
836,1285,10,8,None (+ 0 JPY),None (+ 0 JPY),,,[6 Months RENTAL]+[5 Months RENTAL]+[1 day RENTAL] SoftBank 601HW Black,1,,,,,,,,[333 days RENTAL] SoftBank 601HW Black,sk.jpg,*,sk.jpg,sk.jpg,,,,,,,,,,,,,,,,,,,,,,,1,en_sk_332,,1,,44050,44050,,5,,,,,,,,,,,,,,,,,16,new! SoftBank 601HW Black 20GB
837,1286,10,8,None (+ 0 JPY),None (+ 0 JPY),,,[6 Months RENTAL]+[5 Months RENTAL]+[2 days RENTAL] SoftBank 601HW Black,1,,,,,,,,[334 days RENTAL] SoftBank 601HW Black,sk.jpg,*,sk.jpg,sk.jpg,,,,,,,,,,,,,,,,,,,,,,,1,en_sk_333,,1,,44500,44500,,5,,,,,,,,,,,,,,,,,16,new! SoftBank 601HW Black 20GB
838,1287,10,8,None (+ 0 JPY),None (+ 0 JPY),,,[6 Months RENTAL]+[5 Months RENTAL]+[3 days RENTAL] SoftBank 601HW Black,1,,,,,,,,[335 days RENTAL] SoftBank 601HW Black,sk.jpg,*,sk.jpg,sk.jpg,,,,,,,,,,,,,,,,,,,,,,,1,en_sk_334,,1,,44950,44950,,5,,,,,,,,,,,,,,,,,16,new! SoftBank 601HW Black 20GB
839,1288,10,8,None (+ 0 JPY),None (+ 0 JPY),,,[6 Months RENTAL]+[5 Months RENTAL]+[4 days RENTAL] SoftBank 601HW Black,1,,,,,,,,[336 days RENTAL] SoftBank 601HW Black,sk.jpg,*,sk.jpg,sk.jpg,,,,,,,,,,,,,,,,,,,,,,,1,en_sk_335,,1,,45400,45400,,5,,,,,,,,,,,,,,,,,16,new! SoftBank 601HW Black 20GB
840,1289,10,8,None (+ 0 JPY),None (+ 0 JPY),,,[6 Months RENTAL]+[6 Months RENTAL] SoftBank 601HW Black,1,,,,,,,,[337 days RENTAL] SoftBank 601HW Black,sk.jpg,*,sk.jpg,sk.jpg,,,,,,,,,,,,,,,,,,,,,,1,1,en_sk_336,,1,,45600,45600,,5,,,,,,,,,,,,,,,,,16,new! SoftBank 601HW Black 20GB
841,1290,10,8,None (+ 0 JPY),None (+ 0 JPY),,,[6 Months RENTAL]+[6 Months RENTAL] SoftBank 601HW Black,1,,,,,,,,[338 days RENTAL] SoftBank 601HW Black,sk.jpg,*,sk.jpg,sk.jpg,,,,,,,,,,,,,,,,,,,,,,1,1,en_sk_337,,1,,45600,45600,,5,,,,,,,,,,,,,,,,,16,new! SoftBank 601HW Black 20GB
842,1291,10,8,None (+ 0 JPY),None (+ 0 JPY),,,[6 Months RENTAL]+[6 Months RENTAL] SoftBank 601HW Black,1,,,,,,,,[339 days RENTAL] SoftBank 601HW Black,sk.jpg,*,sk.jpg,sk.jpg,,,,,,,,,,,,,,,,,,,,,,1,1,en_sk_338,,1,,45600,45600,,5,,,,,,,,,,,,,,,,,16,new! SoftBank 601HW Black 20GB
843,1292,10,8,None (+ 0 JPY),None (+ 0 JPY),,,[6 Months RENTAL]+[6 Months RENTAL] SoftBank 601HW Black,1,,,,,,,,[340 days RENTAL] SoftBank 601HW Black,sk.jpg,*,sk.jpg,sk.jpg,,,,,,,,,,,,,,,,,,,,,,1,1,en_sk_339,,1,,45600,45600,,5,,,,,,,,,,,,,,,,,16,new! SoftBank 601HW Black 20GB
844,1293,10,8,None (+ 0 JPY),None (+ 0 JPY),,,[6 Months RENTAL]+[6 Months RENTAL] SoftBank 601HW Black,1,,,,,,,,[341 days RENTAL] SoftBank 601HW Black,sk.jpg,*,sk.jpg,sk.jpg,,,,,,,,,,,,,,,,,,,,,,1,1,en_sk_340,,1,,45600,45600,,5,,,,,,,,,,,,,,,,,16,new! SoftBank 601HW Black 20GB
845,1294,10,8,None (+ 0 JPY),None (+ 0 JPY),,,[6 Months RENTAL]+[6 Months RENTAL] SoftBank 601HW Black,1,,,,,,,,[342 days RENTAL] SoftBank 601HW Black,sk.jpg,*,sk.jpg,sk.jpg,,,,,,,,,,,,,,,,,,,,,,1,1,en_sk_341,,1,,45600,45600,,5,,,,,,,,,,,,,,,,,16,new! SoftBank 601HW Black 20GB
846,1295,10,8,None (+ 0 JPY),None (+ 0 JPY),,,[6 Months RENTAL]+[6 Months RENTAL] SoftBank 601HW Black,1,,,,,,,,[343 days RENTAL] SoftBank 601HW Black,sk.jpg,*,sk.jpg,sk.jpg,,,,,,,,,,,,,,,,,,,,,,1,1,en_sk_342,,1,,45600,45600,,5,,,,,,,,,,,,,,,,,16,new! SoftBank 601HW Black 20GB
847,1296,10,8,None (+ 0 JPY),None (+ 0 JPY),,,[6 Months RENTAL]+[6 Months RENTAL] SoftBank 601HW Black,1,,,,,,,,[344 days RENTAL] SoftBank 601HW Black,sk.jpg,*,sk.jpg,sk.jpg,,,,,,,,,,,,,,,,,,,,,,1,1,en_sk_343,,1,,45600,45600,,5,,,,,,,,,,,,,,,,,16,new! SoftBank 601HW Black 20GB
848,1297,10,8,None (+ 0 JPY),None (+ 0 JPY),,,[6 Months RENTAL]+[6 Months RENTAL] SoftBank 601HW Black,1,,,,,,,,[345 days RENTAL] SoftBank 601HW Black,sk.jpg,*,sk.jpg,sk.jpg,,,,,,,,,,,,,,,,,,,,,,1,1,en_sk_344,,1,,45600,45600,,5,,,,,,,,,,,,,,,,,16,new! SoftBank 601HW Black 20GB
849,1298,10,8,None (+ 0 JPY),None (+ 0 JPY),,,[6 Months RENTAL]+[6 Months RENTAL] SoftBank 601HW Black,1,,,,,,,,[346 days RENTAL] SoftBank 601HW Black,sk.jpg,*,sk.jpg,sk.jpg,,,,,,,,,,,,,,,,,,,,,,1,1,en_sk_345,,1,,45600,45600,,5,,,,,,,,,,,,,,,,,16,new! SoftBank 601HW Black 20GB
850,1299,10,8,None (+ 0 JPY),None (+ 0 JPY),,,[6 Months RENTAL]+[6 Months RENTAL] SoftBank 601HW Black,1,,,,,,,,[347 days RENTAL] SoftBank 601HW Black,sk.jpg,*,sk.jpg,sk.jpg,,,,,,,,,,,,,,,,,,,,,,1,1,en_sk_346,,1,,45600,45600,,5,,,,,,,,,,,,,,,,,16,new! SoftBank 601HW Black 20GB
851,1300,10,8,None (+ 0 JPY),None (+ 0 JPY),,,[6 Months RENTAL]+[6 Months RENTAL] SoftBank 601HW Black,1,,,,,,,,[348 days RENTAL] SoftBank 601HW Black,sk.jpg,*,sk.jpg,sk.jpg,,,,,,,,,,,,,,,,,,,,,,1,1,en_sk_347,,1,,45600,45600,,5,,,,,,,,,,,,,,,,,16,new! SoftBank 601HW Black 20GB
852,1301,10,8,None (+ 0 JPY),None (+ 0 JPY),,,[6 Months RENTAL]+[6 Months RENTAL] SoftBank 601HW Black,1,,,,,,,,[349 days RENTAL] SoftBank 601HW Black,sk.jpg,*,sk.jpg,sk.jpg,,,,,,,,,,,,,,,,,,,,,,1,1,en_sk_348,,1,,45600,45600,,5,,,,,,,,,,,,,,,,,16,new! SoftBank 601HW Black 20GB
853,1302,10,8,None (+ 0 JPY),None (+ 0 JPY),,,[6 Months RENTAL]+[6 Months RENTAL] SoftBank 601HW Black,1,,,,,,,,[350 days RENTAL] SoftBank 601HW Black,sk.jpg,*,sk.jpg,sk.jpg,,,,,,,,,,,,,,,,,,,,,,1,1,en_sk_349,,1,,45600,45600,,5,,,,,,,,,,,,,,,,,16,new! SoftBank 601HW Black 20GB
854,1303,10,8,None (+ 0 JPY),None (+ 0 JPY),,,[6 Months RENTAL]+[6 Months RENTAL] SoftBank 601HW Black,1,,,,,,,,[351 days RENTAL] SoftBank 601HW Black,sk.jpg,*,sk.jpg,sk.jpg,,,,,,,,,,,,,,,,,,,,,,1,1,en_sk_350,,1,,45600,45600,,5,,,,,,,,,,,,,,,,,16,new! SoftBank 601HW Black 20GB
855,1304,10,8,None (+ 0 JPY),None (+ 0 JPY),,,[6 Months RENTAL]+[6 Months RENTAL] SoftBank 601HW Black,1,,,,,,,,[352 days RENTAL] SoftBank 601HW Black,sk.jpg,*,sk.jpg,sk.jpg,,,,,,,,,,,,,,,,,,,,,,1,1,en_sk_351,,1,,45600,45600,,5,,,,,,,,,,,,,,,,,16,new! SoftBank 601HW Black 20GB
856,1305,10,8,None (+ 0 JPY),None (+ 0 JPY),,,[6 Months RENTAL]+[6 Months RENTAL] SoftBank 601HW Black,1,,,,,,,,[353 days RENTAL] SoftBank 601HW Black,sk.jpg,*,sk.jpg,sk.jpg,,,,,,,,,,,,,,,,,,,,,,1,1,en_sk_352,,1,,45600,45600,,5,,,,,,,,,,,,,,,,,16,new! SoftBank 601HW Black 20GB
857,1306,10,8,None (+ 0 JPY),None (+ 0 JPY),,,[6 Months RENTAL]+[6 Months RENTAL] SoftBank 601HW Black,1,,,,,,,,[354 days RENTAL] SoftBank 601HW Black,sk.jpg,*,sk.jpg,sk.jpg,,,,,,,,,,,,,,,,,,,,,,1,1,en_sk_353,,1,,45600,45600,,5,,,,,,,,,,,,,,,,,16,new! SoftBank 601HW Black 20GB
858,1307,10,8,None (+ 0 JPY),None (+ 0 JPY),,,[6 Months RENTAL]+[6 Months RENTAL] SoftBank 601HW Black,1,,,,,,,,[355 days RENTAL] SoftBank 601HW Black,sk.jpg,*,sk.jpg,sk.jpg,,,,,,,,,,,,,,,,,,,,,,1,1,en_sk_354,,1,,45600,45600,,5,,,,,,,,,,,,,,,,,16,new! SoftBank 601HW Black 20GB
859,1308,10,8,None (+ 0 JPY),None (+ 0 JPY),,,[6 Months RENTAL]+[6 Months RENTAL] SoftBank 601HW Black,1,,,,,,,,[356 days RENTAL] SoftBank 601HW Black,sk.jpg,*,sk.jpg,sk.jpg,,,,,,,,,,,,,,,,,,,,,,1,1,en_sk_355,,1,,45600,45600,,5,,,,,,,,,,,,,,,,,16,new! SoftBank 601HW Black 20GB
860,1309,10,8,None (+ 0 JPY),None (+ 0 JPY),,,[6 Months RENTAL]+[6 Months RENTAL] SoftBank 601HW Black,1,,,,,,,,[357 days RENTAL] SoftBank 601HW Black,sk.jpg,*,sk.jpg,sk.jpg,,,,,,,,,,,,,,,,,,,,,,1,1,en_sk_356,,1,,45600,45600,,5,,,,,,,,,,,,,,,,,16,new! SoftBank 601HW Black 20GB
861,1310,10,8,None (+ 0 JPY),None (+ 0 JPY),,,[6 Months RENTAL]+[6 Months RENTAL] SoftBank 601HW Black,1,,,,,,,,[358 days RENTAL] SoftBank 601HW Black,sk.jpg,*,sk.jpg,sk.jpg,,,,,,,,,,,,,,,,,,,,,,1,1,en_sk_357,,1,,45600,45600,,5,,,,,,,,,,,,,,,,,16,new! SoftBank 601HW Black 20GB
862,1311,10,8,None (+ 0 JPY),None (+ 0 JPY),,,[6 Months RENTAL]+[6 Months RENTAL] SoftBank 601HW Black,1,,,,,,,,[359 days RENTAL] SoftBank 601HW Black,sk.jpg,*,sk.jpg,sk.jpg,,,,,,,,,,,,,,,,,,,,,,1,1,en_sk_358,,1,,45600,45600,,5,,,,,,,,,,,,,,,,,16,new! SoftBank 601HW Black 20GB
863,1312,10,8,None (+ 0 JPY),None (+ 0 JPY),,,[6 Months RENTAL]+[6 Months RENTAL] SoftBank 601HW Black,1,,,,,,,,[360 days RENTAL] SoftBank 601HW Black,sk.jpg,*,sk.jpg,sk.jpg,,,,,,,,,,,,,,,,,,,,,,1,1,en_sk_359,,1,,45600,45600,,5,,,,,,,,,,,,,,,,,16,new! SoftBank 601HW Black 20GB
864,1313,10,8,None (+ 0 JPY),None (+ 0 JPY),,,[6 Months RENTAL]+[6 Months RENTAL] SoftBank 601HW Black,1,,,,,,,,[361 days RENTAL] SoftBank 601HW Black,sk.jpg,*,sk.jpg,sk.jpg,,,,,,,,,,,,,,,,,,,,,,1,1,en_sk_360,,1,,45600,45600,,5,,,,,,,,,,,,,,,,,16,new! SoftBank 601HW Black 20GB
865,1314,10,8,None (+ 0 JPY),None (+ 0 JPY),,,[6 Months RENTAL]+[6 Months RENTAL] SoftBank 601HW Black,1,,,,,,,,[362 days RENTAL] SoftBank 601HW Black,sk.jpg,*,sk.jpg,sk.jpg,,,,,,,,,,,,,,,,,,,,,,,1,en_sk_361,,1,,45600,45600,,5,,,,,,,,,,,,,,,,,16,new! SoftBank 601HW Black 20GB
866,1315,10,8,None (+ 0 JPY),None (+ 0 JPY),,,[6 Months RENTAL]+[6 Months RENTAL]+[1 day RENTAL] SoftBank 601HW Black,1,,,,,,,,[363 days RENTAL] SoftBank 601HW Black,sk.jpg,*,sk.jpg,sk.jpg,,,,,,,,,,,,,,,,,,,,,,,1,en_sk_362,,1,,46050,46050,,5,,,,,,,,,,,,,,,,,16,new! SoftBank 601HW Black 20GB
867,1316,10,8,None (+ 0 JPY),None (+ 0 JPY),,,[6 Months RENTAL]+[6 Months RENTAL]+[2 days RENTAL] SoftBank 601HW Black,1,,,,,,,,[364 days RENTAL] SoftBank 601HW Black,sk.jpg,*,sk.jpg,sk.jpg,,,,,,,,,,,,,,,,,,,,,,,1,en_sk_363,,1,,46500,46500,,5,,,,,,,,,,,,,,,,,16,new! SoftBank 601HW Black 20GB
868,1317,10,8,None (+ 0 JPY),None (+ 0 JPY),,,[6 Months RENTAL]+[6 Months RENTAL]+[3 days RENTAL] SoftBank 601HW Black,1,,,,,,,,[365 days RENTAL] SoftBank 601HW Black,sk.jpg,*,sk.jpg,sk.jpg,,,,,,,,,,,,,,,,,,,,,,,1,en_sk_364,,1,,46950,46950,,5,,,,,,,,,,,,,,,,,16,new! SoftBank 601HW Black 20GB
504,1318,9,8,Yes (+ 50 JPY / Day),None (+ 0 JPY),,,[1 day RENTAL] SoftBank 601HW Black,1,,,,,,,,[1 days RENTAL] SoftBank 601HW Black,sk.jpg,*,sk.jpg,sk.jpg,,,,,,,,,,,,,,,,,,,,,,,1,en_sk_000_bt,,1,,450,500,,5,,,,,,,,,,,,,,,,,16,new! SoftBank 601HW Black 20GB
505,1319,9,8,Yes (+ 50 JPY / Day),None (+ 0 JPY),,,[2 days RENTAL] SoftBank 601HW Black,1,,,,,,,,[2 days RENTAL] SoftBank 601HW Black,sk.jpg,*,sk.jpg,sk.jpg,,,,,,,,,,,,,,,,,,,,,,,1,en_sk_001_bt,,1,,900,1000,,5,,,,,,,,,,,,,,,,,16,new! SoftBank 601HW Black 20GB
506,1320,9,8,Yes (+ 50 JPY / Day),None (+ 0 JPY),,,[3 days RENTAL] SoftBank 601HW Black,1,,,,,,,,[3 days RENTAL] SoftBank 601HW Black,sk.jpg,*,sk.jpg,sk.jpg,,,,,,,,,,,,,,,,,,,,,,,1,en_sk_002_bt,,1,,1350,1500,,5,,,,,,,,,,,,,,,,,16,new! SoftBank 601HW Black 20GB
507,1321,9,8,Yes (+ 50 JPY / Day),None (+ 0 JPY),,,[4 days RENTAL] SoftBank 601HW Black,1,,,,,,,,[4 days RENTAL] SoftBank 601HW Black,sk.jpg,*,sk.jpg,sk.jpg,,,,,,,,,,,,,,,,,,,,,,,1,en_sk_003_bt,,1,,1800,2000,,5,,,,,,,,,,,,,,,,,16,new! SoftBank 601HW Black 20GB
508,1322,9,8,Yes (+ 50 JPY / Day),None (+ 0 JPY),,,[5 days RENTAL] SoftBank 601HW Black,1,,,,,,,,[5 days RENTAL] SoftBank 601HW Black,sk.jpg,*,sk.jpg,sk.jpg,,,,,,,,,,,,,,,,,,,,,,,1,en_sk_004_bt,,1,,2250,2500,,5,,,,,,,,,,,,,,,,,16,new! SoftBank 601HW Black 20GB
509,1323,9,8,Yes (+ 50 JPY / Day),None (+ 0 JPY),,,[6 days RENTAL] SoftBank 601HW Black,1,,,,,,,,[6 days RENTAL] SoftBank 601HW Black,sk.jpg,*,sk.jpg,sk.jpg,,,,,,,,,,,,,,,,,,,,,,,1,en_sk_005_bt,,1,,2700,3000,,5,,,,,,,,,,,,,,,,,16,new! SoftBank 601HW Black 20GB
510,1324,9,8,Yes (+ 50 JPY / Day),None (+ 0 JPY),,,[7 days RENTAL] SoftBank 601HW Black,1,,,,,,,,[7 days RENTAL] SoftBank 601HW Black,sk.jpg,*,sk.jpg,sk.jpg,,,,,,,,,,,,,,,,,,,,,,,1,en_sk_006_bt,,1,,3150,3500,,5,,,,,,,,,,,,,,,,,16,new! SoftBank 601HW Black 20GB
511,1325,9,8,Yes (+ 50 JPY / Day),None (+ 0 JPY),,,[8 days RENTAL] SoftBank 601HW Black,1,,,,,,,,[8 days RENTAL] SoftBank 601HW Black,sk.jpg,*,sk.jpg,sk.jpg,,,,,,,,,,,,,,,,,,,,,,,1,en_sk_007_bt,,1,,3600,4000,,5,,,,,,,,,,,,,,,,,16,new! SoftBank 601HW Black 20GB
512,1326,9,8,Yes (+ 50 JPY / Day),None (+ 0 JPY),,,[9 days RENTAL] SoftBank 601HW Black,1,,,,,,,,[9 days RENTAL] SoftBank 601HW Black,sk.jpg,*,sk.jpg,sk.jpg,,,,,,,,,,,,,,,,,,,,,,,1,en_sk_008_bt,,1,,4050,4500,,5,,,,,,,,,,,,,,,,,16,new! SoftBank 601HW Black 20GB
513,1327,9,8,Yes (+ 50 JPY / Day),None (+ 0 JPY),,,[10 days RENTAL] SoftBank 601HW Black,1,,,,,,,,[10 days RENTAL] SoftBank 601HW Black,sk.jpg,*,sk.jpg,sk.jpg,,,,,,,,,,,,,,,,,,,,,,,1,en_sk_009_bt,,1,,4500,5000,,5,,,,,,,,,,,,,,,,,16,new! SoftBank 601HW Black 20GB
514,1328,9,8,Yes (+ 50 JPY / Day),None (+ 0 JPY),,,[11 days RENTAL] SoftBank 601HW Black,1,,,,,,,,[11 days RENTAL] SoftBank 601HW Black,sk.jpg,*,sk.jpg,sk.jpg,,,,,,,,,,,,,,,,,,,,,,,1,en_sk_010_bt,,1,,4950,5500,,5,,,,,,,,,,,,,,,,,16,new! SoftBank 601HW Black 20GB
515,1329,9,8,Yes (+ 50 JPY / Day),None (+ 0 JPY),,,[12 days RENTAL] SoftBank 601HW Black,1,,,,,,,,[12 days RENTAL] SoftBank 601HW Black,sk.jpg,*,sk.jpg,sk.jpg,,,,,,,,,,,,,,,,,,,,,,,1,en_sk_011_bt,,1,,5400,6000,,5,,,,,,,,,,,,,,,,,16,new! SoftBank 601HW Black 20GB
516,1330,9,8,Yes (+ 50 JPY / Day),None (+ 0 JPY),,,[13 days RENTAL] SoftBank 601HW Black,1,,,,,,,,[13 days RENTAL] SoftBank 601HW Black,sk.jpg,*,sk.jpg,sk.jpg,,,,,,,,,,,,,,,,,,,,,,,1,en_sk_012_bt,,1,,5850,6500,,5,,,,,,,,,,,,,,,,,16,new! SoftBank 601HW Black 20GB
517,1331,9,8,Yes (+ 50 JPY / Day),None (+ 0 JPY),,,[14 days RENTAL] SoftBank 601HW Black,1,,,,,,,,[14 days RENTAL] SoftBank 601HW Black,sk.jpg,*,sk.jpg,sk.jpg,,,,,,,,,,,,,,,,,,,,,,,1,en_sk_013_bt,,1,,6300,7000,,5,,,,,,,,,,,,,,,,,16,new! SoftBank 601HW Black 20GB
518,1332,9,8,Yes (+ 50 JPY / Day),None (+ 0 JPY),,,[1 Month (15 days〜31 days)] SoftBank 601HW Black,1,,,,,,,,[15 days RENTAL] SoftBank 601HW Black,sk.jpg,*,sk.jpg,sk.jpg,,,,,,,,,,,,,,,,,,,,,,,1,en_sk_014_bt,,1,,6750,7500,,5,,,,,,,,,,,,,,,,,16,new! SoftBank 601HW Black 20GB
519,1333,9,8,Yes (+ 50 JPY / Day),None (+ 0 JPY),,,[1 Month (15 days〜31 days)] SoftBank 601HW Black,1,,,,,,,,[16 days RENTAL] SoftBank 601HW Black,sk.jpg,*,sk.jpg,sk.jpg,,,,,,,,,,,,,,,,,,,,,,1,1,en_sk_015_bt,,1,,6750,7500,,5,,,,,,,,,,,,,,,,,16,new! SoftBank 601HW Black 20GB
520,1334,9,8,Yes (+ 50 JPY / Day),None (+ 0 JPY),,,[1 Month (15 days〜31 days)] SoftBank 601HW Black,1,,,,,,,,[17 days RENTAL] SoftBank 601HW Black,sk.jpg,*,sk.jpg,sk.jpg,,,,,,,,,,,,,,,,,,,,,,1,1,en_sk_016_bt,,1,,6750,7500,,5,,,,,,,,,,,,,,,,,16,new! SoftBank 601HW Black 20GB
521,1335,9,8,Yes (+ 50 JPY / Day),None (+ 0 JPY),,,[1 Month (15 days〜31 days)] SoftBank 601HW Black,1,,,,,,,,[18 days RENTAL] SoftBank 601HW Black,sk.jpg,*,sk.jpg,sk.jpg,,,,,,,,,,,,,,,,,,,,,,1,1,en_sk_017_bt,,1,,6750,7500,,5,,,,,,,,,,,,,,,,,16,new! SoftBank 601HW Black 20GB
522,1336,9,8,Yes (+ 50 JPY / Day),None (+ 0 JPY),,,[1 Month (15 days〜31 days)] SoftBank 601HW Black,1,,,,,,,,[19 days RENTAL] SoftBank 601HW Black,sk.jpg,*,sk.jpg,sk.jpg,,,,,,,,,,,,,,,,,,,,,,1,1,en_sk_018_bt,,1,,6750,7500,,5,,,,,,,,,,,,,,,,,16,new! SoftBank 601HW Black 20GB
523,1337,9,8,Yes (+ 50 JPY / Day),None (+ 0 JPY),,,[1 Month (15 days〜31 days)] SoftBank 601HW Black,1,,,,,,,,[20 days RENTAL] SoftBank 601HW Black,sk.jpg,*,sk.jpg,sk.jpg,,,,,,,,,,,,,,,,,,,,,,1,1,en_sk_019_bt,,1,,6750,7500,,5,,,,,,,,,,,,,,,,,16,new! SoftBank 601HW Black 20GB
524,1338,9,8,Yes (+ 50 JPY / Day),None (+ 0 JPY),,,[1 Month (15 days〜31 days)] SoftBank 601HW Black,1,,,,,,,,[21 days RENTAL] SoftBank 601HW Black,sk.jpg,*,sk.jpg,sk.jpg,,,,,,,,,,,,,,,,,,,,,,1,1,en_sk_020_bt,,1,,6750,7500,,5,,,,,,,,,,,,,,,,,16,new! SoftBank 601HW Black 20GB
525,1339,9,8,Yes (+ 50 JPY / Day),None (+ 0 JPY),,,[1 Month (15 days〜31 days)] SoftBank 601HW Black,1,,,,,,,,[22 days RENTAL] SoftBank 601HW Black,sk.jpg,*,sk.jpg,sk.jpg,,,,,,,,,,,,,,,,,,,,,,1,1,en_sk_021_bt,,1,,6750,7500,,5,,,,,,,,,,,,,,,,,16,new! SoftBank 601HW Black 20GB
526,1340,9,8,Yes (+ 50 JPY / Day),None (+ 0 JPY),,,[1 Month (15 days〜31 days)] SoftBank 601HW Black,1,,,,,,,,[23 days RENTAL] SoftBank 601HW Black,sk.jpg,*,sk.jpg,sk.jpg,,,,,,,,,,,,,,,,,,,,,,1,1,en_sk_022_bt,,1,,6750,7500,,5,,,,,,,,,,,,,,,,,16,new! SoftBank 601HW Black 20GB
527,1341,9,8,Yes (+ 50 JPY / Day),None (+ 0 JPY),,,[1 Month (15 days〜31 days)] SoftBank 601HW Black,1,,,,,,,,[24 days RENTAL] SoftBank 601HW Black,sk.jpg,*,sk.jpg,sk.jpg,,,,,,,,,,,,,,,,,,,,,,1,1,en_sk_023_bt,,1,,6750,7500,,5,,,,,,,,,,,,,,,,,16,new! SoftBank 601HW Black 20GB
528,1342,9,8,Yes (+ 50 JPY / Day),None (+ 0 JPY),,,[1 Month (15 days〜31 days)] SoftBank 601HW Black,1,,,,,,,,[25 days RENTAL] SoftBank 601HW Black,sk.jpg,*,sk.jpg,sk.jpg,,,,,,,,,,,,,,,,,,,,,,1,1,en_sk_024_bt,,1,,6750,7500,,5,,,,,,,,,,,,,,,,,16,new! SoftBank 601HW Black 20GB
529,1343,9,8,Yes (+ 50 JPY / Day),None (+ 0 JPY),,,[1 Month (15 days〜31 days)] SoftBank 601HW Black,1,,,,,,,,[26 days RENTAL] SoftBank 601HW Black,sk.jpg,*,sk.jpg,sk.jpg,,,,,,,,,,,,,,,,,,,,,,1,1,en_sk_025_bt,,1,,6750,7500,,5,,,,,,,,,,,,,,,,,16,new! SoftBank 601HW Black 20GB
530,1344,9,8,Yes (+ 50 JPY / Day),None (+ 0 JPY),,,[1 Month (15 days〜31 days)] SoftBank 601HW Black,1,,,,,,,,[27 days RENTAL] SoftBank 601HW Black,sk.jpg,*,sk.jpg,sk.jpg,,,,,,,,,,,,,,,,,,,,,,1,1,en_sk_026_bt,,1,,6750,7500,,5,,,,,,,,,,,,,,,,,16,new! SoftBank 601HW Black 20GB
531,1345,9,8,Yes (+ 50 JPY / Day),None (+ 0 JPY),,,[1 Month (15 days〜31 days)] SoftBank 601HW Black,1,,,,,,,,[28 days RENTAL] SoftBank 601HW Black,sk.jpg,*,sk.jpg,sk.jpg,,,,,,,,,,,,,,,,,,,,,,1,1,en_sk_027_bt,,1,,6750,7500,,5,,,,,,,,,,,,,,,,,16,new! SoftBank 601HW Black 20GB
532,1346,9,8,Yes (+ 50 JPY / Day),None (+ 0 JPY),,,[1 Month (15 days〜31 days)] SoftBank 601HW Black,1,,,,,,,,[29 days RENTAL] SoftBank 601HW Black,sk.jpg,*,sk.jpg,sk.jpg,,,,,,,,,,,,,,,,,,,,,,1,1,en_sk_028_bt,,1,,6750,7500,,5,,,,,,,,,,,,,,,,,16,new! SoftBank 601HW Black 20GB
533,1347,9,8,Yes (+ 50 JPY / Day),None (+ 0 JPY),,,[1 Month (15 days〜31 days)] SoftBank 601HW Black,1,,,,,,,,[30 days RENTAL] SoftBank 601HW Black,sk.jpg,*,sk.jpg,sk.jpg,,,,,,,,,,,,,,,,,,,,,,1,1,en_sk_029_bt,,1,,6750,7500,,5,,,,,,,,,,,,,,,,,16,new! SoftBank 601HW Black 20GB
534,1348,9,8,Yes (+ 50 JPY / Day),None (+ 0 JPY),,,[1 Month (15 days〜31 days)] SoftBank 601HW Black,1,,,,,,,,[31 days RENTAL] SoftBank 601HW Black,sk.jpg,*,sk.jpg,sk.jpg,,,,,,,,,,,,,,,,,,,,,,1,1,en_sk_030_bt,,1,,6750,7500,,5,,,,,,,,,,,,,,,,,16,new! SoftBank 601HW Black 20GB
535,1349,9,8,Yes (+ 50 JPY / Day),None (+ 0 JPY),,,[1 Month]+[1 day RENTAL] SoftBank 601HW Black,1,,,,,,,,[32 days RENTAL] SoftBank 601HW Black,sk.jpg,*,sk.jpg,sk.jpg,,,,,,,,,,,,,,,,,,,,,,,1,en_sk_031_bt,,1,,7200,8000,,5,,,,,,,,,,,,,,,,,16,new! SoftBank 601HW Black 20GB
536,1350,9,8,Yes (+ 50 JPY / Day),None (+ 0 JPY),,,[1 Month]+[2 days RENTAL] SoftBank 601HW Black,1,,,,,,,,[33 days RENTAL] SoftBank 601HW Black,sk.jpg,*,sk.jpg,sk.jpg,,,,,,,,,,,,,,,,,,,,,,,1,en_sk_032_bt,,1,,7650,8500,,5,,,,,,,,,,,,,,,,,16,new! SoftBank 601HW Black 20GB
537,1351,9,8,Yes (+ 50 JPY / Day),None (+ 0 JPY),,,[1 Month]+[3 days RENTAL] SoftBank 601HW Black,1,,,,,,,,[34 days RENTAL] SoftBank 601HW Black,sk.jpg,*,sk.jpg,sk.jpg,,,,,,,,,,,,,,,,,,,,,,,1,en_sk_033_bt,,1,,8100,9000,,5,,,,,,,,,,,,,,,,,16,new! SoftBank 601HW Black 20GB
538,1352,9,8,Yes (+ 50 JPY / Day),None (+ 0 JPY),,,[1 Month]+[4 days RENTAL] SoftBank 601HW Black,1,,,,,,,,[35 days RENTAL] SoftBank 601HW Black,sk.jpg,*,sk.jpg,sk.jpg,,,,,,,,,,,,,,,,,,,,,,,1,en_sk_034_bt,,1,,8550,9500,,5,,,,,,,,,,,,,,,,,16,new! SoftBank 601HW Black 20GB
539,1353,9,8,Yes (+ 50 JPY / Day),None (+ 0 JPY),,,[1 Month]+[5 days RENTAL] SoftBank 601HW Black,1,,,,,,,,[36 days RENTAL] SoftBank 601HW Black,sk.jpg,*,sk.jpg,sk.jpg,,,,,,,,,,,,,,,,,,,,,,,1,en_sk_035_bt,,1,,9000,10000,,5,,,,,,,,,,,,,,,,,16,new! SoftBank 601HW Black 20GB
540,1354,9,8,Yes (+ 50 JPY / Day),None (+ 0 JPY),,,[1 Month]+[6 days RENTAL] SoftBank 601HW Black,1,,,,,,,,[37 days RENTAL] SoftBank 601HW Black,sk.jpg,*,sk.jpg,sk.jpg,,,,,,,,,,,,,,,,,,,,,,,1,en_sk_036_bt,,1,,9450,10500,,5,,,,,,,,,,,,,,,,,16,new! SoftBank 601HW Black 20GB
541,1355,9,8,Yes (+ 50 JPY / Day),None (+ 0 JPY),,,[1 Month]+[7 days RENTAL] SoftBank 601HW Black,1,,,,,,,,[38 days RENTAL] SoftBank 601HW Black,sk.jpg,*,sk.jpg,sk.jpg,,,,,,,,,,,,,,,,,,,,,,,1,en_sk_037_bt,,1,,9900,11000,,5,,,,,,,,,,,,,,,,,16,new! SoftBank 601HW Black 20GB
542,1356,9,8,Yes (+ 50 JPY / Day),None (+ 0 JPY),,,[1 Month]+[8 days RENTAL] SoftBank 601HW Black,1,,,,,,,,[39 days RENTAL] SoftBank 601HW Black,sk.jpg,*,sk.jpg,sk.jpg,,,,,,,,,,,,,,,,,,,,,,,1,en_sk_038_bt,,1,,10350,11500,,5,,,,,,,,,,,,,,,,,16,new! SoftBank 601HW Black 20GB
543,1357,9,8,Yes (+ 50 JPY / Day),None (+ 0 JPY),,,[1 Month]+[9 days RENTAL] SoftBank 601HW Black,1,,,,,,,,[40 days RENTAL] SoftBank 601HW Black,sk.jpg,*,sk.jpg,sk.jpg,,,,,,,,,,,,,,,,,,,,,,,1,en_sk_039_bt,,1,,10800,12000,,5,,,,,,,,,,,,,,,,,16,new! SoftBank 601HW Black 20GB
544,1358,9,8,Yes (+ 50 JPY / Day),None (+ 0 JPY),,,[1 Month]+[10 days RENTAL] SoftBank 601HW Black,1,,,,,,,,[41 days RENTAL] SoftBank 601HW Black,sk.jpg,*,sk.jpg,sk.jpg,,,,,,,,,,,,,,,,,,,,,,,1,en_sk_040_bt,,1,,11250,12500,,5,,,,,,,,,,,,,,,,,16,new! SoftBank 601HW Black 20GB
545,1359,9,8,Yes (+ 50 JPY / Day),None (+ 0 JPY),,,[1 Month]+[11 days RENTAL] SoftBank 601HW Black,1,,,,,,,,[42 days RENTAL] SoftBank 601HW Black,sk.jpg,*,sk.jpg,sk.jpg,,,,,,,,,,,,,,,,,,,,,,,1,en_sk_041_bt,,1,,11700,13000,,5,,,,,,,,,,,,,,,,,16,new! SoftBank 601HW Black 20GB
546,1360,9,8,Yes (+ 50 JPY / Day),None (+ 0 JPY),,,[2 Months RENTAL] SoftBank 601HW Black,1,,,,,,,,[43 days RENTAL] SoftBank 601HW Black,sk.jpg,*,sk.jpg,sk.jpg,,,,,,,,,,,,,,,,,,,,,,1,1,en_sk_042_bt,,1,,12000,13050,,5,,,,,,,,,,,,,,,,,16,new! SoftBank 601HW Black 20GB
547,1361,9,8,Yes (+ 50 JPY / Day),None (+ 0 JPY),,,[2 Months RENTAL] SoftBank 601HW Black,1,,,,,,,,[44 days RENTAL] SoftBank 601HW Black,sk.jpg,*,sk.jpg,sk.jpg,,,,,,,,,,,,,,,,,,,,,,1,1,en_sk_043_bt,,1,,12000,13050,,5,,,,,,,,,,,,,,,,,16,new! SoftBank 601HW Black 20GB
548,1362,9,8,Yes (+ 50 JPY / Day),None (+ 0 JPY),,,[2 Months RENTAL] SoftBank 601HW Black,1,,,,,,,,[45 days RENTAL] SoftBank 601HW Black,sk.jpg,*,sk.jpg,sk.jpg,,,,,,,,,,,,,,,,,,,,,,1,1,en_sk_044_bt,,1,,12000,13050,,5,,,,,,,,,,,,,,,,,16,new! SoftBank 601HW Black 20GB
549,1363,9,8,Yes (+ 50 JPY / Day),None (+ 0 JPY),,,[2 Months RENTAL] SoftBank 601HW Black,1,,,,,,,,[46 days RENTAL] SoftBank 601HW Black,sk.jpg,*,sk.jpg,sk.jpg,,,,,,,,,,,,,,,,,,,,,,1,1,en_sk_045_bt,,1,,12000,13050,,5,,,,,,,,,,,,,,,,,16,new! SoftBank 601HW Black 20GB
550,1364,9,8,Yes (+ 50 JPY / Day),None (+ 0 JPY),,,[2 Months RENTAL] SoftBank 601HW Black,1,,,,,,,,[47 days RENTAL] SoftBank 601HW Black,sk.jpg,*,sk.jpg,sk.jpg,,,,,,,,,,,,,,,,,,,,,,1,1,en_sk_046_bt,,1,,12000,13050,,5,,,,,,,,,,,,,,,,,16,new! SoftBank 601HW Black 20GB
551,1365,9,8,Yes (+ 50 JPY / Day),None (+ 0 JPY),,,[2 Months RENTAL] SoftBank 601HW Black,1,,,,,,,,[48 days RENTAL] SoftBank 601HW Black,sk.jpg,*,sk.jpg,sk.jpg,,,,,,,,,,,,,,,,,,,,,,1,1,en_sk_047_bt,,1,,12000,13050,,5,,,,,,,,,,,,,,,,,16,new! SoftBank 601HW Black 20GB
552,1366,9,8,Yes (+ 50 JPY / Day),None (+ 0 JPY),,,[2 Months RENTAL] SoftBank 601HW Black,1,,,,,,,,[49 days RENTAL] SoftBank 601HW Black,sk.jpg,*,sk.jpg,sk.jpg,,,,,,,,,,,,,,,,,,,,,,1,1,en_sk_048_bt,,1,,12000,13050,,5,,,,,,,,,,,,,,,,,16,new! SoftBank 601HW Black 20GB
553,1367,9,8,Yes (+ 50 JPY / Day),None (+ 0 JPY),,,[2 Months RENTAL] SoftBank 601HW Black,1,,,,,,,,[50 days RENTAL] SoftBank 601HW Black,sk.jpg,*,sk.jpg,sk.jpg,,,,,,,,,,,,,,,,,,,,,,1,1,en_sk_049_bt,,1,,12000,13050,,5,,,,,,,,,,,,,,,,,16,new! SoftBank 601HW Black 20GB
554,1368,9,8,Yes (+ 50 JPY / Day),None (+ 0 JPY),,,[2 Months RENTAL] SoftBank 601HW Black,1,,,,,,,,[51 days RENTAL] SoftBank 601HW Black,sk.jpg,*,sk.jpg,sk.jpg,,,,,,,,,,,,,,,,,,,,,,1,1,en_sk_050_bt,,1,,12000,13050,,5,,,,,,,,,,,,,,,,,16,new! SoftBank 601HW Black 20GB
555,1369,9,8,Yes (+ 50 JPY / Day),None (+ 0 JPY),,,[2 Months RENTAL] SoftBank 601HW Black,1,,,,,,,,[52 days RENTAL] SoftBank 601HW Black,sk.jpg,*,sk.jpg,sk.jpg,,,,,,,,,,,,,,,,,,,,,,1,1,en_sk_051_bt,,1,,12000,13050,,5,,,,,,,,,,,,,,,,,16,new! SoftBank 601HW Black 20GB
556,1370,9,8,Yes (+ 50 JPY / Day),None (+ 0 JPY),,,[2 Months RENTAL] SoftBank 601HW Black,1,,,,,,,,[53 days RENTAL] SoftBank 601HW Black,sk.jpg,*,sk.jpg,sk.jpg,,,,,,,,,,,,,,,,,,,,,,1,1,en_sk_052_bt,,1,,12000,13050,,5,,,,,,,,,,,,,,,,,16,new! SoftBank 601HW Black 20GB
557,1371,9,8,Yes (+ 50 JPY / Day),None (+ 0 JPY),,,[2 Months RENTAL] SoftBank 601HW Black,1,,,,,,,,[54 days RENTAL] SoftBank 601HW Black,sk.jpg,*,sk.jpg,sk.jpg,,,,,,,,,,,,,,,,,,,,,,1,1,en_sk_053_bt,,1,,12000,13050,,5,,,,,,,,,,,,,,,,,16,new! SoftBank 601HW Black 20GB
558,1372,9,8,Yes (+ 50 JPY / Day),None (+ 0 JPY),,,[2 Months RENTAL] SoftBank 601HW Black,1,,,,,,,,[55 days RENTAL] SoftBank 601HW Black,sk.jpg,*,sk.jpg,sk.jpg,,,,,,,,,,,,,,,,,,,,,,1,1,en_sk_054_bt,,1,,12000,13050,,5,,,,,,,,,,,,,,,,,16,new! SoftBank 601HW Black 20GB
559,1373,9,8,Yes (+ 50 JPY / Day),None (+ 0 JPY),,,[2 Months RENTAL] SoftBank 601HW Black,1,,,,,,,,[56 days RENTAL] SoftBank 601HW Black,sk.jpg,*,sk.jpg,sk.jpg,,,,,,,,,,,,,,,,,,,,,,1,1,en_sk_055_bt,,1,,12000,13050,,5,,,,,,,,,,,,,,,,,16,new! SoftBank 601HW Black 20GB
560,1374,9,8,Yes (+ 50 JPY / Day),None (+ 0 JPY),,,[2 Months RENTAL] SoftBank 601HW Black,1,,,,,,,,[57 days RENTAL] SoftBank 601HW Black,sk.jpg,*,sk.jpg,sk.jpg,,,,,,,,,,,,,,,,,,,,,,1,1,en_sk_056_bt,,1,,12000,13050,,5,,,,,,,,,,,,,,,,,16,new! SoftBank 601HW Black 20GB
561,1375,9,8,Yes (+ 50 JPY / Day),None (+ 0 JPY),,,[2 Months RENTAL] SoftBank 601HW Black,1,,,,,,,,[58 days RENTAL] SoftBank 601HW Black,sk.jpg,*,sk.jpg,sk.jpg,,,,,,,,,,,,,,,,,,,,,,1,1,en_sk_057_bt,,1,,12000,13050,,5,,,,,,,,,,,,,,,,,16,new! SoftBank 601HW Black 20GB
562,1376,9,8,Yes (+ 50 JPY / Day),None (+ 0 JPY),,,[2 Months RENTAL] SoftBank 601HW Black,1,,,,,,,,[59 days RENTAL] SoftBank 601HW Black,sk.jpg,*,sk.jpg,sk.jpg,,,,,,,,,,,,,,,,,,,,,,1,1,en_sk_058_bt,,1,,12000,13050,,5,,,,,,,,,,,,,,,,,16,new! SoftBank 601HW Black 20GB
563,1377,9,8,Yes (+ 50 JPY / Day),None (+ 0 JPY),,,[2 Months RENTAL] SoftBank 601HW Black,1,,,,,,,,[60 days RENTAL] SoftBank 601HW Black,sk.jpg,*,sk.jpg,sk.jpg,,,,,,,,,,,,,,,,,,,,,,1,1,en_sk_059_bt,,1,,12000,13050,,5,,,,,,,,,,,,,,,,,16,new! SoftBank 601HW Black 20GB
564,1378,9,8,Yes (+ 50 JPY / Day),None (+ 0 JPY),,,[2 Months RENTAL] SoftBank 601HW Black,1,,,,,,,,[61 days RENTAL] SoftBank 601HW Black,sk.jpg,*,sk.jpg,sk.jpg,,,,,,,,,,,,,,,,,,,,,,,1,en_sk_060_bt,,1,,12000,13050,,5,,,,,,,,,,,,,,,,,16,new! SoftBank 601HW Black 20GB
565,1379,9,8,Yes (+ 50 JPY / Day),None (+ 0 JPY),,,[2 Months RENTAL]+[1 day RENTAL] SoftBank 601HW Black,1,,,,,,,,[62 days RENTAL] SoftBank 601HW Black,sk.jpg,*,sk.jpg,sk.jpg,,,,,,,,,,,,,,,,,,,,,,,1,en_sk_061_bt,,1,,12450,13550,,5,,,,,,,,,,,,,,,,,16,new! SoftBank 601HW Black 20GB
566,1380,9,8,Yes (+ 50 JPY / Day),None (+ 0 JPY),,,[2 Months RENTAL]+[2 days RENTAL] SoftBank 601HW Black,1,,,,,,,,[63 days RENTAL] SoftBank 601HW Black,sk.jpg,*,sk.jpg,sk.jpg,,,,,,,,,,,,,,,,,,,,,,,1,en_sk_062_bt,,1,,12900,14050,,5,,,,,,,,,,,,,,,,,16,new! SoftBank 601HW Black 20GB
567,1381,9,8,Yes (+ 50 JPY / Day),None (+ 0 JPY),,,[2 Months RENTAL]+[3 days RENTAL] SoftBank 601HW Black,1,,,,,,,,[64 days RENTAL] SoftBank 601HW Black,sk.jpg,*,sk.jpg,sk.jpg,,,,,,,,,,,,,,,,,,,,,,,1,en_sk_063_bt,,1,,13350,14550,,5,,,,,,,,,,,,,,,,,16,new! SoftBank 601HW Black 20GB
568,1382,9,8,Yes (+ 50 JPY / Day),None (+ 0 JPY),,,[2 Months RENTAL]+[4 days RENTAL] SoftBank 601HW Black,1,,,,,,,,[65 days RENTAL] SoftBank 601HW Black,sk.jpg,*,sk.jpg,sk.jpg,,,,,,,,,,,,,,,,,,,,,,,1,en_sk_064_bt,,1,,13800,15050,,5,,,,,,,,,,,,,,,,,16,new! SoftBank 601HW Black 20GB
569,1383,9,8,Yes (+ 50 JPY / Day),None (+ 0 JPY),,,[2 Months RENTAL]+[5 days RENTAL] SoftBank 601HW Black,1,,,,,,,,[66 days RENTAL] SoftBank 601HW Black,sk.jpg,*,sk.jpg,sk.jpg,,,,,,,,,,,,,,,,,,,,,,,1,en_sk_065_bt,,1,,14250,15550,,5,,,,,,,,,,,,,,,,,16,new! SoftBank 601HW Black 20GB
570,1384,9,8,Yes (+ 50 JPY / Day),None (+ 0 JPY),,,[2 Months RENTAL]+[6 days RENTAL] SoftBank 601HW Black,1,,,,,,,,[67 days RENTAL] SoftBank 601HW Black,sk.jpg,*,sk.jpg,sk.jpg,,,,,,,,,,,,,,,,,,,,,,,1,en_sk_066_bt,,1,,14700,16050,,5,,,,,,,,,,,,,,,,,16,new! SoftBank 601HW Black 20GB
571,1385,9,8,Yes (+ 50 JPY / Day),None (+ 0 JPY),,,[2 Months RENTAL]+[7 days RENTAL] SoftBank 601HW Black,1,,,,,,,,[68 days RENTAL] SoftBank 601HW Black,sk.jpg,*,sk.jpg,sk.jpg,,,,,,,,,,,,,,,,,,,,,,,1,en_sk_067_bt,,1,,15150,16550,,5,,,,,,,,,,,,,,,,,16,new! SoftBank 601HW Black 20GB
572,1386,9,8,Yes (+ 50 JPY / Day),None (+ 0 JPY),,,[2 Months RENTAL]+[8 days RENTAL] SoftBank 601HW Black,1,,,,,,,,[69 days RENTAL] SoftBank 601HW Black,sk.jpg,*,sk.jpg,sk.jpg,,,,,,,,,,,,,,,,,,,,,,,1,en_sk_068_bt,,1,,15600,17050,,5,,,,,,,,,,,,,,,,,16,new! SoftBank 601HW Black 20GB
573,1387,9,8,Yes (+ 50 JPY / Day),None (+ 0 JPY),,,[2 Months RENTAL]+[9 days RENTAL] SoftBank 601HW Black,1,,,,,,,,[70 days RENTAL] SoftBank 601HW Black,sk.jpg,*,sk.jpg,sk.jpg,,,,,,,,,,,,,,,,,,,,,,,1,en_sk_069_bt,,1,,16050,17550,,5,,,,,,,,,,,,,,,,,16,new! SoftBank 601HW Black 20GB
574,1388,9,8,Yes (+ 50 JPY / Day),None (+ 0 JPY),,,[2 Months RENTAL]+[10 days RENTAL] SoftBank 601HW Black,1,,,,,,,,[71 days RENTAL] SoftBank 601HW Black,sk.jpg,*,sk.jpg,sk.jpg,,,,,,,,,,,,,,,,,,,,,,,1,en_sk_070_bt,,1,,16500,18050,,5,,,,,,,,,,,,,,,,,16,new! SoftBank 601HW Black 20GB
575,1389,9,8,Yes (+ 50 JPY / Day),None (+ 0 JPY),,,[3 Months RENTAL] SoftBank 601HW Black,1,,,,,,,,[72 days RENTAL] SoftBank 601HW Black,sk.jpg,*,sk.jpg,sk.jpg,,,,,,,,,,,,,,,,,,,,,,1,1,en_sk_071_bt,,1,,16800,18150,,5,,,,,,,,,,,,,,,,,16,new! SoftBank 601HW Black 20GB
576,1390,9,8,Yes (+ 50 JPY / Day),None (+ 0 JPY),,,[3 Months RENTAL] SoftBank 601HW Black,1,,,,,,,,[73 days RENTAL] SoftBank 601HW Black,sk.jpg,*,sk.jpg,sk.jpg,,,,,,,,,,,,,,,,,,,,,,1,1,en_sk_072_bt,,1,,16800,18150,,5,,,,,,,,,,,,,,,,,16,new! SoftBank 601HW Black 20GB
577,1391,9,8,Yes (+ 50 JPY / Day),None (+ 0 JPY),,,[3 Months RENTAL] SoftBank 601HW Black,1,,,,,,,,[74 days RENTAL] SoftBank 601HW Black,sk.jpg,*,sk.jpg,sk.jpg,,,,,,,,,,,,,,,,,,,,,,1,1,en_sk_073_bt,,1,,16800,18150,,5,,,,,,,,,,,,,,,,,16,new! SoftBank 601HW Black 20GB
578,1392,9,8,Yes (+ 50 JPY / Day),None (+ 0 JPY),,,[3 Months RENTAL] SoftBank 601HW Black,1,,,,,,,,[75 days RENTAL] SoftBank 601HW Black,sk.jpg,*,sk.jpg,sk.jpg,,,,,,,,,,,,,,,,,,,,,,1,1,en_sk_074_bt,,1,,16800,18150,,5,,,,,,,,,,,,,,,,,16,new! SoftBank 601HW Black 20GB
579,1393,9,8,Yes (+ 50 JPY / Day),None (+ 0 JPY),,,[3 Months RENTAL] SoftBank 601HW Black,1,,,,,,,,[76 days RENTAL] SoftBank 601HW Black,sk.jpg,*,sk.jpg,sk.jpg,,,,,,,,,,,,,,,,,,,,,,1,1,en_sk_075_bt,,1,,16800,18150,,5,,,,,,,,,,,,,,,,,16,new! SoftBank 601HW Black 20GB
580,1394,9,8,Yes (+ 50 JPY / Day),None (+ 0 JPY),,,[3 Months RENTAL] SoftBank 601HW Black,1,,,,,,,,[77 days RENTAL] SoftBank 601HW Black,sk.jpg,*,sk.jpg,sk.jpg,,,,,,,,,,,,,,,,,,,,,,1,1,en_sk_076_bt,,1,,16800,18150,,5,,,,,,,,,,,,,,,,,16,new! SoftBank 601HW Black 20GB
581,1395,9,8,Yes (+ 50 JPY / Day),None (+ 0 JPY),,,[3 Months RENTAL] SoftBank 601HW Black,1,,,,,,,,[78 days RENTAL] SoftBank 601HW Black,sk.jpg,*,sk.jpg,sk.jpg,,,,,,,,,,,,,,,,,,,,,,1,1,en_sk_077_bt,,1,,16800,18150,,5,,,,,,,,,,,,,,,,,16,new! SoftBank 601HW Black 20GB
582,1396,9,8,Yes (+ 50 JPY / Day),None (+ 0 JPY),,,[3 Months RENTAL] SoftBank 601HW Black,1,,,,,,,,[79 days RENTAL] SoftBank 601HW Black,sk.jpg,*,sk.jpg,sk.jpg,,,,,,,,,,,,,,,,,,,,,,1,1,en_sk_078_bt,,1,,16800,18150,,5,,,,,,,,,,,,,,,,,16,new! SoftBank 601HW Black 20GB
583,1397,9,8,Yes (+ 50 JPY / Day),None (+ 0 JPY),,,[3 Months RENTAL] SoftBank 601HW Black,1,,,,,,,,[80 days RENTAL] SoftBank 601HW Black,sk.jpg,*,sk.jpg,sk.jpg,,,,,,,,,,,,,,,,,,,,,,1,1,en_sk_079_bt,,1,,16800,18150,,5,,,,,,,,,,,,,,,,,16,new! SoftBank 601HW Black 20GB
584,1398,9,8,Yes (+ 50 JPY / Day),None (+ 0 JPY),,,[3 Months RENTAL] SoftBank 601HW Black,1,,,,,,,,[81 days RENTAL] SoftBank 601HW Black,sk.jpg,*,sk.jpg,sk.jpg,,,,,,,,,,,,,,,,,,,,,,1,1,en_sk_080_bt,,1,,16800,18150,,5,,,,,,,,,,,,,,,,,16,new! SoftBank 601HW Black 20GB
585,1399,9,8,Yes (+ 50 JPY / Day),None (+ 0 JPY),,,[3 Months RENTAL] SoftBank 601HW Black,1,,,,,,,,[82 days RENTAL] SoftBank 601HW Black,sk.jpg,*,sk.jpg,sk.jpg,,,,,,,,,,,,,,,,,,,,,,1,1,en_sk_081_bt,,1,,16800,18150,,5,,,,,,,,,,,,,,,,,16,new! SoftBank 601HW Black 20GB
586,1400,9,8,Yes (+ 50 JPY / Day),None (+ 0 JPY),,,[3 Months RENTAL] SoftBank 601HW Black,1,,,,,,,,[83 days RENTAL] SoftBank 601HW Black,sk.jpg,*,sk.jpg,sk.jpg,,,,,,,,,,,,,,,,,,,,,,1,1,en_sk_082_bt,,1,,16800,18150,,5,,,,,,,,,,,,,,,,,16,new! SoftBank 601HW Black 20GB
587,1401,9,8,Yes (+ 50 JPY / Day),None (+ 0 JPY),,,[3 Months RENTAL] SoftBank 601HW Black,1,,,,,,,,[84 days RENTAL] SoftBank 601HW Black,sk.jpg,*,sk.jpg,sk.jpg,,,,,,,,,,,,,,,,,,,,,,1,1,en_sk_083_bt,,1,,16800,18150,,5,,,,,,,,,,,,,,,,,16,new! SoftBank 601HW Black 20GB
588,1402,9,8,Yes (+ 50 JPY / Day),None (+ 0 JPY),,,[3 Months RENTAL] SoftBank 601HW Black,1,,,,,,,,[85 days RENTAL] SoftBank 601HW Black,sk.jpg,*,sk.jpg,sk.jpg,,,,,,,,,,,,,,,,,,,,,,1,1,en_sk_084_bt,,1,,16800,18150,,5,,,,,,,,,,,,,,,,,16,new! SoftBank 601HW Black 20GB
589,1403,9,8,Yes (+ 50 JPY / Day),None (+ 0 JPY),,,[3 Months RENTAL] SoftBank 601HW Black,1,,,,,,,,[86 days RENTAL] SoftBank 601HW Black,sk.jpg,*,sk.jpg,sk.jpg,,,,,,,,,,,,,,,,,,,,,,1,1,en_sk_085_bt,,1,,16800,18150,,5,,,,,,,,,,,,,,,,,16,new! SoftBank 601HW Black 20GB
590,1404,9,8,Yes (+ 50 JPY / Day),None (+ 0 JPY),,,[3 Months RENTAL] SoftBank 601HW Black,1,,,,,,,,[87 days RENTAL] SoftBank 601HW Black,sk.jpg,*,sk.jpg,sk.jpg,,,,,,,,,,,,,,,,,,,,,,1,1,en_sk_086_bt,,1,,16800,18150,,5,,,,,,,,,,,,,,,,,16,new! SoftBank 601HW Black 20GB
591,1405,9,8,Yes (+ 50 JPY / Day),None (+ 0 JPY),,,[3 Months RENTAL] SoftBank 601HW Black,1,,,,,,,,[88 days RENTAL] SoftBank 601HW Black,sk.jpg,*,sk.jpg,sk.jpg,,,,,,,,,,,,,,,,,,,,,,1,1,en_sk_087_bt,,1,,16800,18150,,5,,,,,,,,,,,,,,,,,16,new! SoftBank 601HW Black 20GB
592,1406,9,8,Yes (+ 50 JPY / Day),None (+ 0 JPY),,,[3 Months RENTAL] SoftBank 601HW Black,1,,,,,,,,[89 days RENTAL] SoftBank 601HW Black,sk.jpg,*,sk.jpg,sk.jpg,,,,,,,,,,,,,,,,,,,,,,1,1,en_sk_088_bt,,1,,16800,18150,,5,,,,,,,,,,,,,,,,,16,new! SoftBank 601HW Black 20GB
593,1407,9,8,Yes (+ 50 JPY / Day),None (+ 0 JPY),,,[3 Months RENTAL] SoftBank 601HW Black,1,,,,,,,,[90 days RENTAL] SoftBank 601HW Black,sk.jpg,*,sk.jpg,sk.jpg,,,,,,,,,,,,,,,,,,,,,,1,1,en_sk_089_bt,,1,,16800,18150,,5,,,,,,,,,,,,,,,,,16,new! SoftBank 601HW Black 20GB
594,1408,9,8,Yes (+ 50 JPY / Day),None (+ 0 JPY),,,[3 Months RENTAL] SoftBank 601HW Black,1,,,,,,,,[91 days RENTAL] SoftBank 601HW Black,sk.jpg,*,sk.jpg,sk.jpg,,,,,,,,,,,,,,,,,,,,,,,1,en_sk_090_bt,,1,,16800,18150,,5,,,,,,,,,,,,,,,,,16,new! SoftBank 601HW Black 20GB
595,1409,9,8,Yes (+ 50 JPY / Day),None (+ 0 JPY),,,[3 Months RENTAL]+[1 day RENTAL] SoftBank 601HW Black,1,,,,,,,,[92 days RENTAL] SoftBank 601HW Black,sk.jpg,*,sk.jpg,sk.jpg,,,,,,,,,,,,,,,,,,,,,,,1,en_sk_091_bt,,1,,17250,18650,,5,,,,,,,,,,,,,,,,,16,new! SoftBank 601HW Black 20GB
596,1410,9,8,Yes (+ 50 JPY / Day),None (+ 0 JPY),,,[3 Months RENTAL]+[2 days RENTAL] SoftBank 601HW Black,1,,,,,,,,[93 days RENTAL] SoftBank 601HW Black,sk.jpg,*,sk.jpg,sk.jpg,,,,,,,,,,,,,,,,,,,,,,,1,en_sk_092_bt,,1,,17700,19150,,5,,,,,,,,,,,,,,,,,16,new! SoftBank 601HW Black 20GB
597,1411,9,8,Yes (+ 50 JPY / Day),None (+ 0 JPY),,,[3 Months RENTAL]+[3 days RENTAL] SoftBank 601HW Black,1,,,,,,,,[94 days RENTAL] SoftBank 601HW Black,sk.jpg,*,sk.jpg,sk.jpg,,,,,,,,,,,,,,,,,,,,,,,1,en_sk_093_bt,,1,,18150,19650,,5,,,,,,,,,,,,,,,,,16,new! SoftBank 601HW Black 20GB
598,1412,9,8,Yes (+ 50 JPY / Day),None (+ 0 JPY),,,[3 Months RENTAL]+[4 days RENTAL] SoftBank 601HW Black,1,,,,,,,,[95 days RENTAL] SoftBank 601HW Black,sk.jpg,*,sk.jpg,sk.jpg,,,,,,,,,,,,,,,,,,,,,,,1,en_sk_094_bt,,1,,18600,20150,,5,,,,,,,,,,,,,,,,,16,new! SoftBank 601HW Black 20GB
599,1413,9,8,Yes (+ 50 JPY / Day),None (+ 0 JPY),,,[4 Months RENTAL] SoftBank 601HW Black,1,,,,,,,,[96 days RENTAL] SoftBank 601HW Black,sk.jpg,*,sk.jpg,sk.jpg,,,,,,,,,,,,,,,,,,,,,,1,1,en_sk_095_bt,,1,,18800,20450,,5,,,,,,,,,,,,,,,,,16,new! SoftBank 601HW Black 20GB
600,1414,9,8,Yes (+ 50 JPY / Day),None (+ 0 JPY),,,[4 Months RENTAL] SoftBank 601HW Black,1,,,,,,,,[97 days RENTAL] SoftBank 601HW Black,sk.jpg,*,sk.jpg,sk.jpg,,,,,,,,,,,,,,,,,,,,,,1,1,en_sk_096_bt,,1,,18800,20450,,5,,,,,,,,,,,,,,,,,16,new! SoftBank 601HW Black 20GB
601,1415,9,8,Yes (+ 50 JPY / Day),None (+ 0 JPY),,,[4 Months RENTAL] SoftBank 601HW Black,1,,,,,,,,[98 days RENTAL] SoftBank 601HW Black,sk.jpg,*,sk.jpg,sk.jpg,,,,,,,,,,,,,,,,,,,,,,1,1,en_sk_097_bt,,1,,18800,20450,,5,,,,,,,,,,,,,,,,,16,new! SoftBank 601HW Black 20GB
602,1416,9,8,Yes (+ 50 JPY / Day),None (+ 0 JPY),,,[4 Months RENTAL] SoftBank 601HW Black,1,,,,,,,,[99 days RENTAL] SoftBank 601HW Black,sk.jpg,*,sk.jpg,sk.jpg,,,,,,,,,,,,,,,,,,,,,,1,1,en_sk_098_bt,,1,,18800,20450,,5,,,,,,,,,,,,,,,,,16,new! SoftBank 601HW Black 20GB
603,1417,9,8,Yes (+ 50 JPY / Day),None (+ 0 JPY),,,[4 Months RENTAL] SoftBank 601HW Black,1,,,,,,,,[100 days RENTAL] SoftBank 601HW Black,sk.jpg,*,sk.jpg,sk.jpg,,,,,,,,,,,,,,,,,,,,,,1,1,en_sk_099_bt,,1,,18800,20450,,5,,,,,,,,,,,,,,,,,16,new! SoftBank 601HW Black 20GB
604,1418,9,8,Yes (+ 50 JPY / Day),None (+ 0 JPY),,,[4 Months RENTAL] SoftBank 601HW Black,1,,,,,,,,[101 days RENTAL] SoftBank 601HW Black,sk.jpg,*,sk.jpg,sk.jpg,,,,,,,,,,,,,,,,,,,,,,1,1,en_sk_100_bt,,1,,18800,20450,,5,,,,,,,,,,,,,,,,,16,new! SoftBank 601HW Black 20GB
605,1419,9,8,Yes (+ 50 JPY / Day),None (+ 0 JPY),,,[4 Months RENTAL] SoftBank 601HW Black,1,,,,,,,,[102 days RENTAL] SoftBank 601HW Black,sk.jpg,*,sk.jpg,sk.jpg,,,,,,,,,,,,,,,,,,,,,,1,1,en_sk_101_bt,,1,,18800,20450,,5,,,,,,,,,,,,,,,,,16,new! SoftBank 601HW Black 20GB
606,1420,9,8,Yes (+ 50 JPY / Day),None (+ 0 JPY),,,[4 Months RENTAL] SoftBank 601HW Black,1,,,,,,,,[103 days RENTAL] SoftBank 601HW Black,sk.jpg,*,sk.jpg,sk.jpg,,,,,,,,,,,,,,,,,,,,,,1,1,en_sk_102_bt,,1,,18800,20450,,5,,,,,,,,,,,,,,,,,16,new! SoftBank 601HW Black 20GB
607,1421,9,8,Yes (+ 50 JPY / Day),None (+ 0 JPY),,,[4 Months RENTAL] SoftBank 601HW Black,1,,,,,,,,[104 days RENTAL] SoftBank 601HW Black,sk.jpg,*,sk.jpg,sk.jpg,,,,,,,,,,,,,,,,,,,,,,1,1,en_sk_103_bt,,1,,18800,20450,,5,,,,,,,,,,,,,,,,,16,new! SoftBank 601HW Black 20GB
608,1422,9,8,Yes (+ 50 JPY / Day),None (+ 0 JPY),,,[4 Months RENTAL] SoftBank 601HW Black,1,,,,,,,,[105 days RENTAL] SoftBank 601HW Black,sk.jpg,*,sk.jpg,sk.jpg,,,,,,,,,,,,,,,,,,,,,,1,1,en_sk_104_bt,,1,,18800,20450,,5,,,,,,,,,,,,,,,,,16,new! SoftBank 601HW Black 20GB
609,1423,9,8,Yes (+ 50 JPY / Day),None (+ 0 JPY),,,[4 Months RENTAL] SoftBank 601HW Black,1,,,,,,,,[106 days RENTAL] SoftBank 601HW Black,sk.jpg,*,sk.jpg,sk.jpg,,,,,,,,,,,,,,,,,,,,,,1,1,en_sk_105_bt,,1,,18800,20450,,5,,,,,,,,,,,,,,,,,16,new! SoftBank 601HW Black 20GB
610,1424,9,8,Yes (+ 50 JPY / Day),None (+ 0 JPY),,,[4 Months RENTAL] SoftBank 601HW Black,1,,,,,,,,[107 days RENTAL] SoftBank 601HW Black,sk.jpg,*,sk.jpg,sk.jpg,,,,,,,,,,,,,,,,,,,,,,1,1,en_sk_106_bt,,1,,18800,20450,,5,,,,,,,,,,,,,,,,,16,new! SoftBank 601HW Black 20GB
611,1425,9,8,Yes (+ 50 JPY / Day),None (+ 0 JPY),,,[4 Months RENTAL] SoftBank 601HW Black,1,,,,,,,,[108 days RENTAL] SoftBank 601HW Black,sk.jpg,*,sk.jpg,sk.jpg,,,,,,,,,,,,,,,,,,,,,,1,1,en_sk_107_bt,,1,,18800,20450,,5,,,,,,,,,,,,,,,,,16,new! SoftBank 601HW Black 20GB
612,1426,9,8,Yes (+ 50 JPY / Day),None (+ 0 JPY),,,[4 Months RENTAL] SoftBank 601HW Black,1,,,,,,,,[109 days RENTAL] SoftBank 601HW Black,sk.jpg,*,sk.jpg,sk.jpg,,,,,,,,,,,,,,,,,,,,,,1,1,en_sk_108_bt,,1,,18800,20450,,5,,,,,,,,,,,,,,,,,16,new! SoftBank 601HW Black 20GB
613,1427,9,8,Yes (+ 50 JPY / Day),None (+ 0 JPY),,,[4 Months RENTAL] SoftBank 601HW Black,1,,,,,,,,[110 days RENTAL] SoftBank 601HW Black,sk.jpg,*,sk.jpg,sk.jpg,,,,,,,,,,,,,,,,,,,,,,1,1,en_sk_109_bt,,1,,18800,20450,,5,,,,,,,,,,,,,,,,,16,new! SoftBank 601HW Black 20GB
614,1428,9,8,Yes (+ 50 JPY / Day),None (+ 0 JPY),,,[4 Months RENTAL] SoftBank 601HW Black,1,,,,,,,,[111 days RENTAL] SoftBank 601HW Black,sk.jpg,*,sk.jpg,sk.jpg,,,,,,,,,,,,,,,,,,,,,,1,1,en_sk_110_bt,,1,,18800,20450,,5,,,,,,,,,,,,,,,,,16,new! SoftBank 601HW Black 20GB
615,1429,9,8,Yes (+ 50 JPY / Day),None (+ 0 JPY),,,[4 Months RENTAL] SoftBank 601HW Black,1,,,,,,,,[112 days RENTAL] SoftBank 601HW Black,sk.jpg,*,sk.jpg,sk.jpg,,,,,,,,,,,,,,,,,,,,,,1,1,en_sk_111_bt,,1,,18800,20450,,5,,,,,,,,,,,,,,,,,16,new! SoftBank 601HW Black 20GB
616,1430,9,8,Yes (+ 50 JPY / Day),None (+ 0 JPY),,,[4 Months RENTAL] SoftBank 601HW Black,1,,,,,,,,[113 days RENTAL] SoftBank 601HW Black,sk.jpg,*,sk.jpg,sk.jpg,,,,,,,,,,,,,,,,,,,,,,1,1,en_sk_112_bt,,1,,18800,20450,,5,,,,,,,,,,,,,,,,,16,new! SoftBank 601HW Black 20GB
617,1431,9,8,Yes (+ 50 JPY / Day),None (+ 0 JPY),,,[4 Months RENTAL] SoftBank 601HW Black,1,,,,,,,,[114 days RENTAL] SoftBank 601HW Black,sk.jpg,*,sk.jpg,sk.jpg,,,,,,,,,,,,,,,,,,,,,,1,1,en_sk_113_bt,,1,,18800,20450,,5,,,,,,,,,,,,,,,,,16,new! SoftBank 601HW Black 20GB
618,1432,9,8,Yes (+ 50 JPY / Day),None (+ 0 JPY),,,[4 Months RENTAL] SoftBank 601HW Black,1,,,,,,,,[115 days RENTAL] SoftBank 601HW Black,sk.jpg,*,sk.jpg,sk.jpg,,,,,,,,,,,,,,,,,,,,,,1,1,en_sk_114_bt,,1,,18800,20450,,5,,,,,,,,,,,,,,,,,16,new! SoftBank 601HW Black 20GB
619,1433,9,8,Yes (+ 50 JPY / Day),None (+ 0 JPY),,,[4 Months RENTAL] SoftBank 601HW Black,1,,,,,,,,[116 days RENTAL] SoftBank 601HW Black,sk.jpg,*,sk.jpg,sk.jpg,,,,,,,,,,,,,,,,,,,,,,1,1,en_sk_115_bt,,1,,18800,20450,,5,,,,,,,,,,,,,,,,,16,new! SoftBank 601HW Black 20GB
620,1434,9,8,Yes (+ 50 JPY / Day),None (+ 0 JPY),,,[4 Months RENTAL] SoftBank 601HW Black,1,,,,,,,,[117 days RENTAL] SoftBank 601HW Black,sk.jpg,*,sk.jpg,sk.jpg,,,,,,,,,,,,,,,,,,,,,,1,1,en_sk_116_bt,,1,,18800,20450,,5,,,,,,,,,,,,,,,,,16,new! SoftBank 601HW Black 20GB
621,1435,9,8,Yes (+ 50 JPY / Day),None (+ 0 JPY),,,[4 Months RENTAL] SoftBank 601HW Black,1,,,,,,,,[118 days RENTAL] SoftBank 601HW Black,sk.jpg,*,sk.jpg,sk.jpg,,,,,,,,,,,,,,,,,,,,,,1,1,en_sk_117_bt,,1,,18800,20450,,5,,,,,,,,,,,,,,,,,16,new! SoftBank 601HW Black 20GB
622,1436,9,8,Yes (+ 50 JPY / Day),None (+ 0 JPY),,,[4 Months RENTAL] SoftBank 601HW Black,1,,,,,,,,[119 days RENTAL] SoftBank 601HW Black,sk.jpg,*,sk.jpg,sk.jpg,,,,,,,,,,,,,,,,,,,,,,1,1,en_sk_118_bt,,1,,18800,20450,,5,,,,,,,,,,,,,,,,,16,new! SoftBank 601HW Black 20GB
623,1437,9,8,Yes (+ 50 JPY / Day),None (+ 0 JPY),,,[4 Months RENTAL] SoftBank 601HW Black,1,,,,,,,,[120 days RENTAL] SoftBank 601HW Black,sk.jpg,*,sk.jpg,sk.jpg,,,,,,,,,,,,,,,,,,,,,,1,1,en_sk_119_bt,,1,,18800,20450,,5,,,,,,,,,,,,,,,,,16,new! SoftBank 601HW Black 20GB
624,1438,9,8,Yes (+ 50 JPY / Day),None (+ 0 JPY),,,[4 Months RENTAL] SoftBank 601HW Black,1,,,,,,,,[121 days RENTAL] SoftBank 601HW Black,sk.jpg,*,sk.jpg,sk.jpg,,,,,,,,,,,,,,,,,,,,,,,1,en_sk_120_bt,,1,,18800,20450,,5,,,,,,,,,,,,,,,,,16,new! SoftBank 601HW Black 20GB
625,1439,9,8,Yes (+ 50 JPY / Day),None (+ 0 JPY),,,[4 Months RENTAL]+[1 day RENTAL] SoftBank 601HW Black,1,,,,,,,,[122 days RENTAL] SoftBank 601HW Black,sk.jpg,*,sk.jpg,sk.jpg,,,,,,,,,,,,,,,,,,,,,,,1,en_sk_121_bt,,1,,19250,20950,,5,,,,,,,,,,,,,,,,,16,new! SoftBank 601HW Black 20GB
626,1440,9,8,Yes (+ 50 JPY / Day),None (+ 0 JPY),,,[4 Months RENTAL]+[2 days RENTAL] SoftBank 601HW Black,1,,,,,,,,[123 days RENTAL] SoftBank 601HW Black,sk.jpg,*,sk.jpg,sk.jpg,,,,,,,,,,,,,,,,,,,,,,,1,en_sk_122_bt,,1,,19700,21450,,5,,,,,,,,,,,,,,,,,16,new! SoftBank 601HW Black 20GB
627,1441,9,8,Yes (+ 50 JPY / Day),None (+ 0 JPY),,,[4 Months RENTAL]+[3 days RENTAL] SoftBank 601HW Black,1,,,,,,,,[124 days RENTAL] SoftBank 601HW Black,sk.jpg,*,sk.jpg,sk.jpg,,,,,,,,,,,,,,,,,,,,,,,1,en_sk_123_bt,,1,,20150,21950,,5,,,,,,,,,,,,,,,,,16,new! SoftBank 601HW Black 20GB
628,1442,9,8,Yes (+ 50 JPY / Day),None (+ 0 JPY),,,[4 Months RENTAL]+[4 days RENTAL] SoftBank 601HW Black,1,,,,,,,,[125 days RENTAL] SoftBank 601HW Black,sk.jpg,*,sk.jpg,sk.jpg,,,,,,,,,,,,,,,,,,,,,,,1,en_sk_124_bt,,1,,20600,22450,,5,,,,,,,,,,,,,,,,,16,new! SoftBank 601HW Black 20GB
629,1443,9,8,Yes (+ 50 JPY / Day),None (+ 0 JPY),,,[5 Months RENTAL] SoftBank 601HW Black,1,,,,,,,,[126 days RENTAL] SoftBank 601HW Black,sk.jpg,*,sk.jpg,sk.jpg,,,,,,,,,,,,,,,,,,,,,,1,1,en_sk_125_bt,,1,,20800,22750,,5,,,,,,,,,,,,,,,,,16,new! SoftBank 601HW Black 20GB
630,1444,9,8,Yes (+ 50 JPY / Day),None (+ 0 JPY),,,[5 Months RENTAL] SoftBank 601HW Black,1,,,,,,,,[127 days RENTAL] SoftBank 601HW Black,sk.jpg,*,sk.jpg,sk.jpg,,,,,,,,,,,,,,,,,,,,,,1,1,en_sk_126_bt,,1,,20800,22750,,5,,,,,,,,,,,,,,,,,16,new! SoftBank 601HW Black 20GB
631,1445,9,8,Yes (+ 50 JPY / Day),None (+ 0 JPY),,,[5 Months RENTAL] SoftBank 601HW Black,1,,,,,,,,[128 days RENTAL] SoftBank 601HW Black,sk.jpg,*,sk.jpg,sk.jpg,,,,,,,,,,,,,,,,,,,,,,1,1,en_sk_127_bt,,1,,20800,22750,,5,,,,,,,,,,,,,,,,,16,new! SoftBank 601HW Black 20GB
632,1446,9,8,Yes (+ 50 JPY / Day),None (+ 0 JPY),,,[5 Months RENTAL] SoftBank 601HW Black,1,,,,,,,,[129 days RENTAL] SoftBank 601HW Black,sk.jpg,*,sk.jpg,sk.jpg,,,,,,,,,,,,,,,,,,,,,,1,1,en_sk_128_bt,,1,,20800,22750,,5,,,,,,,,,,,,,,,,,16,new! SoftBank 601HW Black 20GB
633,1447,9,8,Yes (+ 50 JPY / Day),None (+ 0 JPY),,,[5 Months RENTAL] SoftBank 601HW Black,1,,,,,,,,[130 days RENTAL] SoftBank 601HW Black,sk.jpg,*,sk.jpg,sk.jpg,,,,,,,,,,,,,,,,,,,,,,1,1,en_sk_129_bt,,1,,20800,22750,,5,,,,,,,,,,,,,,,,,16,new! SoftBank 601HW Black 20GB
634,1448,9,8,Yes (+ 50 JPY / Day),None (+ 0 JPY),,,[5 Months RENTAL] SoftBank 601HW Black,1,,,,,,,,[131 days RENTAL] SoftBank 601HW Black,sk.jpg,*,sk.jpg,sk.jpg,,,,,,,,,,,,,,,,,,,,,,1,1,en_sk_130_bt,,1,,20800,22750,,5,,,,,,,,,,,,,,,,,16,new! SoftBank 601HW Black 20GB
635,1449,9,8,Yes (+ 50 JPY / Day),None (+ 0 JPY),,,[5 Months RENTAL] SoftBank 601HW Black,1,,,,,,,,[132 days RENTAL] SoftBank 601HW Black,sk.jpg,*,sk.jpg,sk.jpg,,,,,,,,,,,,,,,,,,,,,,1,1,en_sk_131_bt,,1,,20800,22750,,5,,,,,,,,,,,,,,,,,16,new! SoftBank 601HW Black 20GB
636,1450,9,8,Yes (+ 50 JPY / Day),None (+ 0 JPY),,,[5 Months RENTAL] SoftBank 601HW Black,1,,,,,,,,[133 days RENTAL] SoftBank 601HW Black,sk.jpg,*,sk.jpg,sk.jpg,,,,,,,,,,,,,,,,,,,,,,1,1,en_sk_132_bt,,1,,20800,22750,,5,,,,,,,,,,,,,,,,,16,new! SoftBank 601HW Black 20GB
637,1451,9,8,Yes (+ 50 JPY / Day),None (+ 0 JPY),,,[5 Months RENTAL] SoftBank 601HW Black,1,,,,,,,,[134 days RENTAL] SoftBank 601HW Black,sk.jpg,*,sk.jpg,sk.jpg,,,,,,,,,,,,,,,,,,,,,,1,1,en_sk_133_bt,,1,,20800,22750,,5,,,,,,,,,,,,,,,,,16,new! SoftBank 601HW Black 20GB
638,1452,9,8,Yes (+ 50 JPY / Day),None (+ 0 JPY),,,[5 Months RENTAL] SoftBank 601HW Black,1,,,,,,,,[135 days RENTAL] SoftBank 601HW Black,sk.jpg,*,sk.jpg,sk.jpg,,,,,,,,,,,,,,,,,,,,,,1,1,en_sk_134_bt,,1,,20800,22750,,5,,,,,,,,,,,,,,,,,16,new! SoftBank 601HW Black 20GB
639,1453,9,8,Yes (+ 50 JPY / Day),None (+ 0 JPY),,,[5 Months RENTAL] SoftBank 601HW Black,1,,,,,,,,[136 days RENTAL] SoftBank 601HW Black,sk.jpg,*,sk.jpg,sk.jpg,,,,,,,,,,,,,,,,,,,,,,1,1,en_sk_135_bt,,1,,20800,22750,,5,,,,,,,,,,,,,,,,,16,new! SoftBank 601HW Black 20GB
640,1454,9,8,Yes (+ 50 JPY / Day),None (+ 0 JPY),,,[5 Months RENTAL] SoftBank 601HW Black,1,,,,,,,,[137 days RENTAL] SoftBank 601HW Black,sk.jpg,*,sk.jpg,sk.jpg,,,,,,,,,,,,,,,,,,,,,,1,1,en_sk_136_bt,,1,,20800,22750,,5,,,,,,,,,,,,,,,,,16,new! SoftBank 601HW Black 20GB
641,1455,9,8,Yes (+ 50 JPY / Day),None (+ 0 JPY),,,[5 Months RENTAL] SoftBank 601HW Black,1,,,,,,,,[138 days RENTAL] SoftBank 601HW Black,sk.jpg,*,sk.jpg,sk.jpg,,,,,,,,,,,,,,,,,,,,,,1,1,en_sk_137_bt,,1,,20800,22750,,5,,,,,,,,,,,,,,,,,16,new! SoftBank 601HW Black 20GB
642,1456,9,8,Yes (+ 50 JPY / Day),None (+ 0 JPY),,,[5 Months RENTAL] SoftBank 601HW Black,1,,,,,,,,[139 days RENTAL] SoftBank 601HW Black,sk.jpg,*,sk.jpg,sk.jpg,,,,,,,,,,,,,,,,,,,,,,1,1,en_sk_138_bt,,1,,20800,22750,,5,,,,,,,,,,,,,,,,,16,new! SoftBank 601HW Black 20GB
643,1457,9,8,Yes (+ 50 JPY / Day),None (+ 0 JPY),,,[5 Months RENTAL] SoftBank 601HW Black,1,,,,,,,,[140 days RENTAL] SoftBank 601HW Black,sk.jpg,*,sk.jpg,sk.jpg,,,,,,,,,,,,,,,,,,,,,,1,1,en_sk_139_bt,,1,,20800,22750,,5,,,,,,,,,,,,,,,,,16,new! SoftBank 601HW Black 20GB
644,1458,9,8,Yes (+ 50 JPY / Day),None (+ 0 JPY),,,[5 Months RENTAL] SoftBank 601HW Black,1,,,,,,,,[141 days RENTAL] SoftBank 601HW Black,sk.jpg,*,sk.jpg,sk.jpg,,,,,,,,,,,,,,,,,,,,,,1,1,en_sk_140_bt,,1,,20800,22750,,5,,,,,,,,,,,,,,,,,16,new! SoftBank 601HW Black 20GB
645,1459,9,8,Yes (+ 50 JPY / Day),None (+ 0 JPY),,,[5 Months RENTAL] SoftBank 601HW Black,1,,,,,,,,[142 days RENTAL] SoftBank 601HW Black,sk.jpg,*,sk.jpg,sk.jpg,,,,,,,,,,,,,,,,,,,,,,1,1,en_sk_141_bt,,1,,20800,22750,,5,,,,,,,,,,,,,,,,,16,new! SoftBank 601HW Black 20GB
646,1460,9,8,Yes (+ 50 JPY / Day),None (+ 0 JPY),,,[5 Months RENTAL] SoftBank 601HW Black,1,,,,,,,,[143 days RENTAL] SoftBank 601HW Black,sk.jpg,*,sk.jpg,sk.jpg,,,,,,,,,,,,,,,,,,,,,,1,1,en_sk_142_bt,,1,,20800,22750,,5,,,,,,,,,,,,,,,,,16,new! SoftBank 601HW Black 20GB
647,1461,9,8,Yes (+ 50 JPY / Day),None (+ 0 JPY),,,[5 Months RENTAL] SoftBank 601HW Black,1,,,,,,,,[144 days RENTAL] SoftBank 601HW Black,sk.jpg,*,sk.jpg,sk.jpg,,,,,,,,,,,,,,,,,,,,,,1,1,en_sk_143_bt,,1,,20800,22750,,5,,,,,,,,,,,,,,,,,16,new! SoftBank 601HW Black 20GB
648,1462,9,8,Yes (+ 50 JPY / Day),None (+ 0 JPY),,,[5 Months RENTAL] SoftBank 601HW Black,1,,,,,,,,[145 days RENTAL] SoftBank 601HW Black,sk.jpg,*,sk.jpg,sk.jpg,,,,,,,,,,,,,,,,,,,,,,1,1,en_sk_144_bt,,1,,20800,22750,,5,,,,,,,,,,,,,,,,,16,new! SoftBank 601HW Black 20GB
649,1463,9,8,Yes (+ 50 JPY / Day),None (+ 0 JPY),,,[5 Months RENTAL] SoftBank 601HW Black,1,,,,,,,,[146 days RENTAL] SoftBank 601HW Black,sk.jpg,*,sk.jpg,sk.jpg,,,,,,,,,,,,,,,,,,,,,,1,1,en_sk_145_bt,,1,,20800,22750,,5,,,,,,,,,,,,,,,,,16,new! SoftBank 601HW Black 20GB
650,1464,9,8,Yes (+ 50 JPY / Day),None (+ 0 JPY),,,[5 Months RENTAL] SoftBank 601HW Black,1,,,,,,,,[147 days RENTAL] SoftBank 601HW Black,sk.jpg,*,sk.jpg,sk.jpg,,,,,,,,,,,,,,,,,,,,,,1,1,en_sk_146_bt,,1,,20800,22750,,5,,,,,,,,,,,,,,,,,16,new! SoftBank 601HW Black 20GB
651,1465,9,8,Yes (+ 50 JPY / Day),None (+ 0 JPY),,,[5 Months RENTAL] SoftBank 601HW Black,1,,,,,,,,[148 days RENTAL] SoftBank 601HW Black,sk.jpg,*,sk.jpg,sk.jpg,,,,,,,,,,,,,,,,,,,,,,1,1,en_sk_147_bt,,1,,20800,22750,,5,,,,,,,,,,,,,,,,,16,new! SoftBank 601HW Black 20GB
652,1466,9,8,Yes (+ 50 JPY / Day),None (+ 0 JPY),,,[5 Months RENTAL] SoftBank 601HW Black,1,,,,,,,,[149 days RENTAL] SoftBank 601HW Black,sk.jpg,*,sk.jpg,sk.jpg,,,,,,,,,,,,,,,,,,,,,,1,1,en_sk_148_bt,,1,,20800,22750,,5,,,,,,,,,,,,,,,,,16,new! SoftBank 601HW Black 20GB
653,1467,9,8,Yes (+ 50 JPY / Day),None (+ 0 JPY),,,[5 Months RENTAL] SoftBank 601HW Black,1,,,,,,,,[150 days RENTAL] SoftBank 601HW Black,sk.jpg,*,sk.jpg,sk.jpg,,,,,,,,,,,,,,,,,,,,,,1,1,en_sk_149_bt,,1,,20800,22750,,5,,,,,,,,,,,,,,,,,16,new! SoftBank 601HW Black 20GB
654,1468,9,8,Yes (+ 50 JPY / Day),None (+ 0 JPY),,,[5 Months RENTAL] SoftBank 601HW Black,1,,,,,,,,[151 days RENTAL] SoftBank 601HW Black,sk.jpg,*,sk.jpg,sk.jpg,,,,,,,,,,,,,,,,,,,,,,,1,en_sk_150_bt,,1,,20800,22750,,5,,,,,,,,,,,,,,,,,16,new! SoftBank 601HW Black 20GB
655,1469,9,8,Yes (+ 50 JPY / Day),None (+ 0 JPY),,,[5 Months RENTAL]+[1 day RENTAL] SoftBank 601HW Black,1,,,,,,,,[152 days RENTAL] SoftBank 601HW Black,sk.jpg,*,sk.jpg,sk.jpg,,,,,,,,,,,,,,,,,,,,,,,1,en_sk_151_bt,,1,,21250,23250,,5,,,,,,,,,,,,,,,,,16,new! SoftBank 601HW Black 20GB
656,1470,9,8,Yes (+ 50 JPY / Day),None (+ 0 JPY),,,[5 Months RENTAL]+[2 days RENTAL] SoftBank 601HW Black,1,,,,,,,,[153 days RENTAL] SoftBank 601HW Black,sk.jpg,*,sk.jpg,sk.jpg,,,,,,,,,,,,,,,,,,,,,,,1,en_sk_152_bt,,1,,21700,23750,,5,,,,,,,,,,,,,,,,,16,new! SoftBank 601HW Black 20GB
657,1471,9,8,Yes (+ 50 JPY / Day),None (+ 0 JPY),,,[5 Months RENTAL]+[3 days RENTAL] SoftBank 601HW Black,1,,,,,,,,[154 days RENTAL] SoftBank 601HW Black,sk.jpg,*,sk.jpg,sk.jpg,,,,,,,,,,,,,,,,,,,,,,,1,en_sk_153_bt,,1,,22150,24250,,5,,,,,,,,,,,,,,,,,16,new! SoftBank 601HW Black 20GB
658,1472,9,8,Yes (+ 50 JPY / Day),None (+ 0 JPY),,,[5 Months RENTAL]+[4 days RENTAL] SoftBank 601HW Black,1,,,,,,,,[155 days RENTAL] SoftBank 601HW Black,sk.jpg,*,sk.jpg,sk.jpg,,,,,,,,,,,,,,,,,,,,,,,1,en_sk_154_bt,,1,,22600,24750,,5,,,,,,,,,,,,,,,,,16,new! SoftBank 601HW Black 20GB
659,1473,9,8,Yes (+ 50 JPY / Day),None (+ 0 JPY),,,[6 Months RENTAL] SoftBank 601HW Black,1,,,,,,,,[156 days RENTAL] SoftBank 601HW Black,sk.jpg,*,sk.jpg,sk.jpg,,,,,,,,,,,,,,,,,,,,,,1,1,en_sk_155_bt,,1,,22800,25050,,5,,,,,,,,,,,,,,,,,16,new! SoftBank 601HW Black 20GB
660,1474,9,8,Yes (+ 50 JPY / Day),None (+ 0 JPY),,,[6 Months RENTAL] SoftBank 601HW Black,1,,,,,,,,[157 days RENTAL] SoftBank 601HW Black,sk.jpg,*,sk.jpg,sk.jpg,,,,,,,,,,,,,,,,,,,,,,1,1,en_sk_156_bt,,1,,22800,25050,,5,,,,,,,,,,,,,,,,,16,new! SoftBank 601HW Black 20GB
661,1475,9,8,Yes (+ 50 JPY / Day),None (+ 0 JPY),,,[6 Months RENTAL] SoftBank 601HW Black,1,,,,,,,,[158 days RENTAL] SoftBank 601HW Black,sk.jpg,*,sk.jpg,sk.jpg,,,,,,,,,,,,,,,,,,,,,,1,1,en_sk_157_bt,,1,,22800,25050,,5,,,,,,,,,,,,,,,,,16,new! SoftBank 601HW Black 20GB
662,1476,9,8,Yes (+ 50 JPY / Day),None (+ 0 JPY),,,[6 Months RENTAL] SoftBank 601HW Black,1,,,,,,,,[159 days RENTAL] SoftBank 601HW Black,sk.jpg,*,sk.jpg,sk.jpg,,,,,,,,,,,,,,,,,,,,,,1,1,en_sk_158_bt,,1,,22800,25050,,5,,,,,,,,,,,,,,,,,16,new! SoftBank 601HW Black 20GB
663,1477,9,8,Yes (+ 50 JPY / Day),None (+ 0 JPY),,,[6 Months RENTAL] SoftBank 601HW Black,1,,,,,,,,[160 days RENTAL] SoftBank 601HW Black,sk.jpg,*,sk.jpg,sk.jpg,,,,,,,,,,,,,,,,,,,,,,1,1,en_sk_159_bt,,1,,22800,25050,,5,,,,,,,,,,,,,,,,,16,new! SoftBank 601HW Black 20GB
664,1478,9,8,Yes (+ 50 JPY / Day),None (+ 0 JPY),,,[6 Months RENTAL] SoftBank 601HW Black,1,,,,,,,,[161 days RENTAL] SoftBank 601HW Black,sk.jpg,*,sk.jpg,sk.jpg,,,,,,,,,,,,,,,,,,,,,,1,1,en_sk_160_bt,,1,,22800,25050,,5,,,,,,,,,,,,,,,,,16,new! SoftBank 601HW Black 20GB
665,1479,9,8,Yes (+ 50 JPY / Day),None (+ 0 JPY),,,[6 Months RENTAL] SoftBank 601HW Black,1,,,,,,,,[162 days RENTAL] SoftBank 601HW Black,sk.jpg,*,sk.jpg,sk.jpg,,,,,,,,,,,,,,,,,,,,,,1,1,en_sk_161_bt,,1,,22800,25050,,5,,,,,,,,,,,,,,,,,16,new! SoftBank 601HW Black 20GB
666,1480,9,8,Yes (+ 50 JPY / Day),None (+ 0 JPY),,,[6 Months RENTAL] SoftBank 601HW Black,1,,,,,,,,[163 days RENTAL] SoftBank 601HW Black,sk.jpg,*,sk.jpg,sk.jpg,,,,,,,,,,,,,,,,,,,,,,1,1,en_sk_162_bt,,1,,22800,25050,,5,,,,,,,,,,,,,,,,,16,new! SoftBank 601HW Black 20GB
667,1481,9,8,Yes (+ 50 JPY / Day),None (+ 0 JPY),,,[6 Months RENTAL] SoftBank 601HW Black,1,,,,,,,,[164 days RENTAL] SoftBank 601HW Black,sk.jpg,*,sk.jpg,sk.jpg,,,,,,,,,,,,,,,,,,,,,,1,1,en_sk_163_bt,,1,,22800,25050,,5,,,,,,,,,,,,,,,,,16,new! SoftBank 601HW Black 20GB
668,1482,9,8,Yes (+ 50 JPY / Day),None (+ 0 JPY),,,[6 Months RENTAL] SoftBank 601HW Black,1,,,,,,,,[165 days RENTAL] SoftBank 601HW Black,sk.jpg,*,sk.jpg,sk.jpg,,,,,,,,,,,,,,,,,,,,,,1,1,en_sk_164_bt,,1,,22800,25050,,5,,,,,,,,,,,,,,,,,16,new! SoftBank 601HW Black 20GB
669,1483,9,8,Yes (+ 50 JPY / Day),None (+ 0 JPY),,,[6 Months RENTAL] SoftBank 601HW Black,1,,,,,,,,[166 days RENTAL] SoftBank 601HW Black,sk.jpg,*,sk.jpg,sk.jpg,,,,,,,,,,,,,,,,,,,,,,1,1,en_sk_165_bt,,1,,22800,25050,,5,,,,,,,,,,,,,,,,,16,new! SoftBank 601HW Black 20GB
670,1484,9,8,Yes (+ 50 JPY / Day),None (+ 0 JPY),,,[6 Months RENTAL] SoftBank 601HW Black,1,,,,,,,,[167 days RENTAL] SoftBank 601HW Black,sk.jpg,*,sk.jpg,sk.jpg,,,,,,,,,,,,,,,,,,,,,,1,1,en_sk_166_bt,,1,,22800,25050,,5,,,,,,,,,,,,,,,,,16,new! SoftBank 601HW Black 20GB
671,1485,9,8,Yes (+ 50 JPY / Day),None (+ 0 JPY),,,[6 Months RENTAL] SoftBank 601HW Black,1,,,,,,,,[168 days RENTAL] SoftBank 601HW Black,sk.jpg,*,sk.jpg,sk.jpg,,,,,,,,,,,,,,,,,,,,,,1,1,en_sk_167_bt,,1,,22800,25050,,5,,,,,,,,,,,,,,,,,16,new! SoftBank 601HW Black 20GB
672,1486,9,8,Yes (+ 50 JPY / Day),None (+ 0 JPY),,,[6 Months RENTAL] SoftBank 601HW Black,1,,,,,,,,[169 days RENTAL] SoftBank 601HW Black,sk.jpg,*,sk.jpg,sk.jpg,,,,,,,,,,,,,,,,,,,,,,1,1,en_sk_168_bt,,1,,22800,25050,,5,,,,,,,,,,,,,,,,,16,new! SoftBank 601HW Black 20GB
673,1487,9,8,Yes (+ 50 JPY / Day),None (+ 0 JPY),,,[6 Months RENTAL] SoftBank 601HW Black,1,,,,,,,,[170 days RENTAL] SoftBank 601HW Black,sk.jpg,*,sk.jpg,sk.jpg,,,,,,,,,,,,,,,,,,,,,,1,1,en_sk_169_bt,,1,,22800,25050,,5,,,,,,,,,,,,,,,,,16,new! SoftBank 601HW Black 20GB
674,1488,9,8,Yes (+ 50 JPY / Day),None (+ 0 JPY),,,[6 Months RENTAL] SoftBank 601HW Black,1,,,,,,,,[171 days RENTAL] SoftBank 601HW Black,sk.jpg,*,sk.jpg,sk.jpg,,,,,,,,,,,,,,,,,,,,,,1,1,en_sk_170_bt,,1,,22800,25050,,5,,,,,,,,,,,,,,,,,16,new! SoftBank 601HW Black 20GB
675,1489,9,8,Yes (+ 50 JPY / Day),None (+ 0 JPY),,,[6 Months RENTAL] SoftBank 601HW Black,1,,,,,,,,[172 days RENTAL] SoftBank 601HW Black,sk.jpg,*,sk.jpg,sk.jpg,,,,,,,,,,,,,,,,,,,,,,1,1,en_sk_171_bt,,1,,22800,25050,,5,,,,,,,,,,,,,,,,,16,new! SoftBank 601HW Black 20GB
676,1490,9,8,Yes (+ 50 JPY / Day),None (+ 0 JPY),,,[6 Months RENTAL] SoftBank 601HW Black,1,,,,,,,,[173 days RENTAL] SoftBank 601HW Black,sk.jpg,*,sk.jpg,sk.jpg,,,,,,,,,,,,,,,,,,,,,,1,1,en_sk_172_bt,,1,,22800,25050,,5,,,,,,,,,,,,,,,,,16,new! SoftBank 601HW Black 20GB
677,1491,9,8,Yes (+ 50 JPY / Day),None (+ 0 JPY),,,[6 Months RENTAL] SoftBank 601HW Black,1,,,,,,,,[174 days RENTAL] SoftBank 601HW Black,sk.jpg,*,sk.jpg,sk.jpg,,,,,,,,,,,,,,,,,,,,,,1,1,en_sk_173_bt,,1,,22800,25050,,5,,,,,,,,,,,,,,,,,16,new! SoftBank 601HW Black 20GB
678,1492,9,8,Yes (+ 50 JPY / Day),None (+ 0 JPY),,,[6 Months RENTAL] SoftBank 601HW Black,1,,,,,,,,[175 days RENTAL] SoftBank 601HW Black,sk.jpg,*,sk.jpg,sk.jpg,,,,,,,,,,,,,,,,,,,,,,1,1,en_sk_174_bt,,1,,22800,25050,,5,,,,,,,,,,,,,,,,,16,new! SoftBank 601HW Black 20GB
679,1493,9,8,Yes (+ 50 JPY / Day),None (+ 0 JPY),,,[6 Months RENTAL] SoftBank 601HW Black,1,,,,,,,,[176 days RENTAL] SoftBank 601HW Black,sk.jpg,*,sk.jpg,sk.jpg,,,,,,,,,,,,,,,,,,,,,,1,1,en_sk_175_bt,,1,,22800,25050,,5,,,,,,,,,,,,,,,,,16,new! SoftBank 601HW Black 20GB
680,1494,9,8,Yes (+ 50 JPY / Day),None (+ 0 JPY),,,[6 Months RENTAL] SoftBank 601HW Black,1,,,,,,,,[177 days RENTAL] SoftBank 601HW Black,sk.jpg,*,sk.jpg,sk.jpg,,,,,,,,,,,,,,,,,,,,,,1,1,en_sk_176_bt,,1,,22800,25050,,5,,,,,,,,,,,,,,,,,16,new! SoftBank 601HW Black 20GB
681,1495,9,8,Yes (+ 50 JPY / Day),None (+ 0 JPY),,,[6 Months RENTAL] SoftBank 601HW Black,1,,,,,,,,[178 days RENTAL] SoftBank 601HW Black,sk.jpg,*,sk.jpg,sk.jpg,,,,,,,,,,,,,,,,,,,,,,1,1,en_sk_177_bt,,1,,22800,25050,,5,,,,,,,,,,,,,,,,,16,new! SoftBank 601HW Black 20GB
682,1496,9,8,Yes (+ 50 JPY / Day),None (+ 0 JPY),,,[6 Months RENTAL] SoftBank 601HW Black,1,,,,,,,,[179 days RENTAL] SoftBank 601HW Black,sk.jpg,*,sk.jpg,sk.jpg,,,,,,,,,,,,,,,,,,,,,,1,1,en_sk_178_bt,,1,,22800,25050,,5,,,,,,,,,,,,,,,,,16,new! SoftBank 601HW Black 20GB
683,1497,9,8,Yes (+ 50 JPY / Day),None (+ 0 JPY),,,[6 Months RENTAL] SoftBank 601HW Black,1,,,,,,,,[180 days RENTAL] SoftBank 601HW Black,sk.jpg,*,sk.jpg,sk.jpg,,,,,,,,,,,,,,,,,,,,,,1,1,en_sk_179_bt,,1,,22800,25050,,5,,,,,,,,,,,,,,,,,16,new! SoftBank 601HW Black 20GB
684,1498,9,8,Yes (+ 50 JPY / Day),None (+ 0 JPY),,,[6 Months RENTAL] SoftBank 601HW Black,1,,,,,,,,[181 days RENTAL] SoftBank 601HW Black,sk.jpg,*,sk.jpg,sk.jpg,,,,,,,,,,,,,,,,,,,,,,,1,en_sk_180_bt,,1,,22800,25050,,5,,,,,,,,,,,,,,,,,16,new! SoftBank 601HW Black 20GB
685,1499,9,8,Yes (+ 50 JPY / Day),None (+ 0 JPY),,,[6 Months RENTAL]+[1 day RENTAL] SoftBank 601HW Black,1,,,,,,,,[182 days RENTAL] SoftBank 601HW Black,sk.jpg,*,sk.jpg,sk.jpg,,,,,,,,,,,,,,,,,,,,,,,1,en_sk_181_bt,,1,,23250,25550,,5,,,,,,,,,,,,,,,,,16,new! SoftBank 601HW Black 20GB
686,1500,9,8,Yes (+ 50 JPY / Day),None (+ 0 JPY),,,[6 Months RENTAL]+[2 days RENTAL] SoftBank 601HW Black,1,,,,,,,,[183 days RENTAL] SoftBank 601HW Black,sk.jpg,*,sk.jpg,sk.jpg,,,,,,,,,,,,,,,,,,,,,,,1,en_sk_182_bt,,1,,23700,26050,,5,,,,,,,,,,,,,,,,,16,new! SoftBank 601HW Black 20GB
687,1501,9,8,Yes (+ 50 JPY / Day),None (+ 0 JPY),,,[6 Months RENTAL]+[3 days RENTAL] SoftBank 601HW Black,1,,,,,,,,[184 days RENTAL] SoftBank 601HW Black,sk.jpg,*,sk.jpg,sk.jpg,,,,,,,,,,,,,,,,,,,,,,,1,en_sk_183_bt,,1,,24150,26550,,5,,,,,,,,,,,,,,,,,16,new! SoftBank 601HW Black 20GB
688,1502,9,8,Yes (+ 50 JPY / Day),None (+ 0 JPY),,,[6 Months RENTAL]+[4 days RENTAL] SoftBank 601HW Black,1,,,,,,,,[185 days RENTAL] SoftBank 601HW Black,sk.jpg,*,sk.jpg,sk.jpg,,,,,,,,,,,,,,,,,,,,,,,1,en_sk_184_bt,,1,,24600,27050,,5,,,,,,,,,,,,,,,,,16,new! SoftBank 601HW Black 20GB
689,1503,9,8,Yes (+ 50 JPY / Day),None (+ 0 JPY),,,[6 Months RENTAL]+[5 days RENTAL] SoftBank 601HW Black,1,,,,,,,,[186 days RENTAL] SoftBank 601HW Black,sk.jpg,*,sk.jpg,sk.jpg,,,,,,,,,,,,,,,,,,,,,,,1,en_sk_185_bt,,1,,25050,27550,,5,,,,,,,,,,,,,,,,,16,new! SoftBank 601HW Black 20GB
690,1504,9,8,Yes (+ 50 JPY / Day),None (+ 0 JPY),,,[6 Months RENTAL]+[6 days RENTAL] SoftBank 601HW Black,1,,,,,,,,[187 days RENTAL] SoftBank 601HW Black,sk.jpg,*,sk.jpg,sk.jpg,,,,,,,,,,,,,,,,,,,,,,,1,en_sk_186_bt,,1,,25500,28050,,5,,,,,,,,,,,,,,,,,16,new! SoftBank 601HW Black 20GB
691,1505,9,8,Yes (+ 50 JPY / Day),None (+ 0 JPY),,,[6 Months RENTAL]+[7 days RENTAL] SoftBank 601HW Black,1,,,,,,,,[188 days RENTAL] SoftBank 601HW Black,sk.jpg,*,sk.jpg,sk.jpg,,,,,,,,,,,,,,,,,,,,,,,1,en_sk_187_bt,,1,,25950,28550,,5,,,,,,,,,,,,,,,,,16,new! SoftBank 601HW Black 20GB
692,1506,9,8,Yes (+ 50 JPY / Day),None (+ 0 JPY),,,[6 Months RENTAL]+[8 days RENTAL] SoftBank 601HW Black,1,,,,,,,,[189 days RENTAL] SoftBank 601HW Black,sk.jpg,*,sk.jpg,sk.jpg,,,,,,,,,,,,,,,,,,,,,,,1,en_sk_188_bt,,1,,26400,29050,,5,,,,,,,,,,,,,,,,,16,new! SoftBank 601HW Black 20GB
693,1507,9,8,Yes (+ 50 JPY / Day),None (+ 0 JPY),,,[6 Months RENTAL]+[9 days RENTAL] SoftBank 601HW Black,1,,,,,,,,[190 days RENTAL] SoftBank 601HW Black,sk.jpg,*,sk.jpg,sk.jpg,,,,,,,,,,,,,,,,,,,,,,,1,en_sk_189_bt,,1,,26850,29550,,5,,,,,,,,,,,,,,,,,16,new! SoftBank 601HW Black 20GB
694,1508,9,8,Yes (+ 50 JPY / Day),None (+ 0 JPY),,,[6 Months RENTAL]+[10 days RENTAL] SoftBank 601HW Black,1,,,,,,,,[191 days RENTAL] SoftBank 601HW Black,sk.jpg,*,sk.jpg,sk.jpg,,,,,,,,,,,,,,,,,,,,,,,1,en_sk_190_bt,,1,,27300,30050,,5,,,,,,,,,,,,,,,,,16,new! SoftBank 601HW Black 20GB
695,1509,9,8,Yes (+ 50 JPY / Day),None (+ 0 JPY),,,[6 Months RENTAL]+[11 days RENTAL] SoftBank 601HW Black,1,,,,,,,,[192 days RENTAL] SoftBank 601HW Black,sk.jpg,*,sk.jpg,sk.jpg,,,,,,,,,,,,,,,,,,,,,,,1,en_sk_191_bt,,1,,27750,30550,,5,,,,,,,,,,,,,,,,,16,new! SoftBank 601HW Black 20GB
696,1510,9,8,Yes (+ 50 JPY / Day),None (+ 0 JPY),,,[6 Months RENTAL]+[12 days RENTAL] SoftBank 601HW Black,1,,,,,,,,[193 days RENTAL] SoftBank 601HW Black,sk.jpg,*,sk.jpg,sk.jpg,,,,,,,,,,,,,,,,,,,,,,,1,en_sk_192_bt,,1,,28200,31050,,5,,,,,,,,,,,,,,,,,16,new! SoftBank 601HW Black 20GB
697,1511,9,8,Yes (+ 50 JPY / Day),None (+ 0 JPY),,,[6 Months RENTAL]+[13 days RENTAL] SoftBank 601HW Black,1,,,,,,,,[194 days RENTAL] SoftBank 601HW Black,sk.jpg,*,sk.jpg,sk.jpg,,,,,,,,,,,,,,,,,,,,,,,1,en_sk_193_bt,,1,,28650,31550,,5,,,,,,,,,,,,,,,,,16,new! SoftBank 601HW Black 20GB
698,1512,9,8,Yes (+ 50 JPY / Day),None (+ 0 JPY),,,[6 Months RENTAL]+[14 days RENTAL] SoftBank 601HW Black,1,,,,,,,,[195 days RENTAL] SoftBank 601HW Black,sk.jpg,*,sk.jpg,sk.jpg,,,,,,,,,,,,,,,,,,,,,,,1,en_sk_194_bt,,1,,29100,32050,,5,,,,,,,,,,,,,,,,,16,new! SoftBank 601HW Black 20GB
699,1513,9,8,Yes (+ 50 JPY / Day),None (+ 0 JPY),,,[6 Months RENTAL]+[1 Month] SoftBank 601HW Black,1,,,,,,,,[196 days RENTAL] SoftBank 601HW Black,sk.jpg,*,sk.jpg,sk.jpg,,,,,,,,,,,,,,,,,,,,,,1,1,en_sk_195_bt,,1,,29550,32550,,5,,,,,,,,,,,,,,,,,16,new! SoftBank 601HW Black 20GB
700,1514,9,8,Yes (+ 50 JPY / Day),None (+ 0 JPY),,,[6 Months RENTAL]+[1 Month] SoftBank 601HW Black,1,,,,,,,,[197 days RENTAL] SoftBank 601HW Black,sk.jpg,*,sk.jpg,sk.jpg,,,,,,,,,,,,,,,,,,,,,,1,1,en_sk_196_bt,,1,,29550,32550,,5,,,,,,,,,,,,,,,,,16,new! SoftBank 601HW Black 20GB
701,1515,9,8,Yes (+ 50 JPY / Day),None (+ 0 JPY),,,[6 Months RENTAL]+[1 Month] SoftBank 601HW Black,1,,,,,,,,[198 days RENTAL] SoftBank 601HW Black,sk.jpg,*,sk.jpg,sk.jpg,,,,,,,,,,,,,,,,,,,,,,1,1,en_sk_197_bt,,1,,29550,32550,,5,,,,,,,,,,,,,,,,,16,new! SoftBank 601HW Black 20GB
702,1516,9,8,Yes (+ 50 JPY / Day),None (+ 0 JPY),,,[6 Months RENTAL]+[1 Month] SoftBank 601HW Black,1,,,,,,,,[199 days RENTAL] SoftBank 601HW Black,sk.jpg,*,sk.jpg,sk.jpg,,,,,,,,,,,,,,,,,,,,,,1,1,en_sk_198_bt,,1,,29550,32550,,5,,,,,,,,,,,,,,,,,16,new! SoftBank 601HW Black 20GB
703,1517,9,8,Yes (+ 50 JPY / Day),None (+ 0 JPY),,,[6 Months RENTAL]+[1 Month] SoftBank 601HW Black,1,,,,,,,,[200 days RENTAL] SoftBank 601HW Black,sk.jpg,*,sk.jpg,sk.jpg,,,,,,,,,,,,,,,,,,,,,,1,1,en_sk_199_bt,,1,,29550,32550,,5,,,,,,,,,,,,,,,,,16,new! SoftBank 601HW Black 20GB
704,1518,9,8,Yes (+ 50 JPY / Day),None (+ 0 JPY),,,[6 Months RENTAL]+[1 Month] SoftBank 601HW Black,1,,,,,,,,[201 days RENTAL] SoftBank 601HW Black,sk.jpg,*,sk.jpg,sk.jpg,,,,,,,,,,,,,,,,,,,,,,1,1,en_sk_200_bt,,1,,29550,32550,,5,,,,,,,,,,,,,,,,,16,new! SoftBank 601HW Black 20GB
705,1519,9,8,Yes (+ 50 JPY / Day),None (+ 0 JPY),,,[6 Months RENTAL]+[1 Month] SoftBank 601HW Black,1,,,,,,,,[202 days RENTAL] SoftBank 601HW Black,sk.jpg,*,sk.jpg,sk.jpg,,,,,,,,,,,,,,,,,,,,,,1,1,en_sk_201_bt,,1,,29550,32550,,5,,,,,,,,,,,,,,,,,16,new! SoftBank 601HW Black 20GB
706,1520,9,8,Yes (+ 50 JPY / Day),None (+ 0 JPY),,,[6 Months RENTAL]+[1 Month] SoftBank 601HW Black,1,,,,,,,,[203 days RENTAL] SoftBank 601HW Black,sk.jpg,*,sk.jpg,sk.jpg,,,,,,,,,,,,,,,,,,,,,,1,1,en_sk_202_bt,,1,,29550,32550,,5,,,,,,,,,,,,,,,,,16,new! SoftBank 601HW Black 20GB
707,1521,9,8,Yes (+ 50 JPY / Day),None (+ 0 JPY),,,[6 Months RENTAL]+[1 Month] SoftBank 601HW Black,1,,,,,,,,[204 days RENTAL] SoftBank 601HW Black,sk.jpg,*,sk.jpg,sk.jpg,,,,,,,,,,,,,,,,,,,,,,1,1,en_sk_203_bt,,1,,29550,32550,,5,,,,,,,,,,,,,,,,,16,new! SoftBank 601HW Black 20GB
708,1522,9,8,Yes (+ 50 JPY / Day),None (+ 0 JPY),,,[6 Months RENTAL]+[1 Month] SoftBank 601HW Black,1,,,,,,,,[205 days RENTAL] SoftBank 601HW Black,sk.jpg,*,sk.jpg,sk.jpg,,,,,,,,,,,,,,,,,,,,,,1,1,en_sk_204_bt,,1,,29550,32550,,5,,,,,,,,,,,,,,,,,16,new! SoftBank 601HW Black 20GB
709,1523,9,8,Yes (+ 50 JPY / Day),None (+ 0 JPY),,,[6 Months RENTAL]+[1 Month] SoftBank 601HW Black,1,,,,,,,,[206 days RENTAL] SoftBank 601HW Black,sk.jpg,*,sk.jpg,sk.jpg,,,,,,,,,,,,,,,,,,,,,,1,1,en_sk_205_bt,,1,,29550,32550,,5,,,,,,,,,,,,,,,,,16,new! SoftBank 601HW Black 20GB
710,1524,9,8,Yes (+ 50 JPY / Day),None (+ 0 JPY),,,[6 Months RENTAL]+[1 Month] SoftBank 601HW Black,1,,,,,,,,[207 days RENTAL] SoftBank 601HW Black,sk.jpg,*,sk.jpg,sk.jpg,,,,,,,,,,,,,,,,,,,,,,1,1,en_sk_206_bt,,1,,29550,32550,,5,,,,,,,,,,,,,,,,,16,new! SoftBank 601HW Black 20GB
711,1525,9,8,Yes (+ 50 JPY / Day),None (+ 0 JPY),,,[6 Months RENTAL]+[1 Month] SoftBank 601HW Black,1,,,,,,,,[208 days RENTAL] SoftBank 601HW Black,sk.jpg,*,sk.jpg,sk.jpg,,,,,,,,,,,,,,,,,,,,,,1,1,en_sk_207_bt,,1,,29550,32550,,5,,,,,,,,,,,,,,,,,16,new! SoftBank 601HW Black 20GB
712,1526,9,8,Yes (+ 50 JPY / Day),None (+ 0 JPY),,,[6 Months RENTAL]+[1 Month] SoftBank 601HW Black,1,,,,,,,,[209 days RENTAL] SoftBank 601HW Black,sk.jpg,*,sk.jpg,sk.jpg,,,,,,,,,,,,,,,,,,,,,,1,1,en_sk_208_bt,,1,,29550,32550,,5,,,,,,,,,,,,,,,,,16,new! SoftBank 601HW Black 20GB
713,1527,9,8,Yes (+ 50 JPY / Day),None (+ 0 JPY),,,[6 Months RENTAL]+[1 Month] SoftBank 601HW Black,1,,,,,,,,[210 days RENTAL] SoftBank 601HW Black,sk.jpg,*,sk.jpg,sk.jpg,,,,,,,,,,,,,,,,,,,,,,1,1,en_sk_209_bt,,1,,29550,32550,,5,,,,,,,,,,,,,,,,,16,new! SoftBank 601HW Black 20GB
714,1528,9,8,Yes (+ 50 JPY / Day),None (+ 0 JPY),,,[6 Months RENTAL]+[1 Month] SoftBank 601HW Black,1,,,,,,,,[211 days RENTAL] SoftBank 601HW Black,sk.jpg,*,sk.jpg,sk.jpg,,,,,,,,,,,,,,,,,,,,,,1,1,en_sk_210_bt,,1,,29550,32550,,5,,,,,,,,,,,,,,,,,16,new! SoftBank 601HW Black 20GB
715,1529,9,8,Yes (+ 50 JPY / Day),None (+ 0 JPY),,,[6 Months RENTAL]+[1 Month] SoftBank 601HW Black,1,,,,,,,,[212 days RENTAL] SoftBank 601HW Black,sk.jpg,*,sk.jpg,sk.jpg,,,,,,,,,,,,,,,,,,,,,,,1,en_sk_211_bt,,1,,29550,32550,,5,,,,,,,,,,,,,,,,,16,new! SoftBank 601HW Black 20GB
716,1530,9,8,Yes (+ 50 JPY / Day),None (+ 0 JPY),,,[6 Months RENTAL]+[1 Month]+[1 day RENTAL] SoftBank 601HW Black,1,,,,,,,,[213 days RENTAL] SoftBank 601HW Black,sk.jpg,*,sk.jpg,sk.jpg,,,,,,,,,,,,,,,,,,,,,,,1,en_sk_212_bt,,1,,30000,33050,,5,,,,,,,,,,,,,,,,,16,new! SoftBank 601HW Black 20GB
717,1531,9,8,Yes (+ 50 JPY / Day),None (+ 0 JPY),,,[6 Months RENTAL]+[1 Month]+[2 days RENTAL] SoftBank 601HW Black,1,,,,,,,,[214 days RENTAL] SoftBank 601HW Black,sk.jpg,*,sk.jpg,sk.jpg,,,,,,,,,,,,,,,,,,,,,,,1,en_sk_213_bt,,1,,30450,33550,,5,,,,,,,,,,,,,,,,,16,new! SoftBank 601HW Black 20GB
718,1532,9,8,Yes (+ 50 JPY / Day),None (+ 0 JPY),,,[6 Months RENTAL]+[1 Month]+[3 days RENTAL] SoftBank 601HW Black,1,,,,,,,,[215 days RENTAL] SoftBank 601HW Black,sk.jpg,*,sk.jpg,sk.jpg,,,,,,,,,,,,,,,,,,,,,,,1,en_sk_214_bt,,1,,30900,34050,,5,,,,,,,,,,,,,,,,,16,new! SoftBank 601HW Black 20GB
719,1533,9,8,Yes (+ 50 JPY / Day),None (+ 0 JPY),,,[6 Months RENTAL]+[1 Month]+[4 days RENTAL] SoftBank 601HW Black,1,,,,,,,,[216 days RENTAL] SoftBank 601HW Black,sk.jpg,*,sk.jpg,sk.jpg,,,,,,,,,,,,,,,,,,,,,,,1,en_sk_215_bt,,1,,31350,34550,,5,,,,,,,,,,,,,,,,,16,new! SoftBank 601HW Black 20GB
720,1534,9,8,Yes (+ 50 JPY / Day),None (+ 0 JPY),,,[6 Months RENTAL]+[1 Month]+[5 days RENTAL] SoftBank 601HW Black,1,,,,,,,,[217 days RENTAL] SoftBank 601HW Black,sk.jpg,*,sk.jpg,sk.jpg,,,,,,,,,,,,,,,,,,,,,,,1,en_sk_216_bt,,1,,31800,35050,,5,,,,,,,,,,,,,,,,,16,new! SoftBank 601HW Black 20GB
721,1535,9,8,Yes (+ 50 JPY / Day),None (+ 0 JPY),,,[6 Months RENTAL]+[1 Month]+[6 days RENTAL] SoftBank 601HW Black,1,,,,,,,,[218 days RENTAL] SoftBank 601HW Black,sk.jpg,*,sk.jpg,sk.jpg,,,,,,,,,,,,,,,,,,,,,,,1,en_sk_217_bt,,1,,32250,35550,,5,,,,,,,,,,,,,,,,,16,new! SoftBank 601HW Black 20GB
722,1536,9,8,Yes (+ 50 JPY / Day),None (+ 0 JPY),,,[6 Months RENTAL]+[1 Month]+[7 days RENTAL] SoftBank 601HW Black,1,,,,,,,,[219 days RENTAL] SoftBank 601HW Black,sk.jpg,*,sk.jpg,sk.jpg,,,,,,,,,,,,,,,,,,,,,,,1,en_sk_218_bt,,1,,32700,36050,,5,,,,,,,,,,,,,,,,,16,new! SoftBank 601HW Black 20GB
723,1537,9,8,Yes (+ 50 JPY / Day),None (+ 0 JPY),,,[6 Months RENTAL]+[1 Month]+[8 days RENTAL] SoftBank 601HW Black,1,,,,,,,,[220 days RENTAL] SoftBank 601HW Black,sk.jpg,*,sk.jpg,sk.jpg,,,,,,,,,,,,,,,,,,,,,,,1,en_sk_219_bt,,1,,33150,36550,,5,,,,,,,,,,,,,,,,,16,new! SoftBank 601HW Black 20GB
724,1538,9,8,Yes (+ 50 JPY / Day),None (+ 0 JPY),,,[6 Months RENTAL]+[1 Month]+[9 days RENTAL] SoftBank 601HW Black,1,,,,,,,,[221 days RENTAL] SoftBank 601HW Black,sk.jpg,*,sk.jpg,sk.jpg,,,,,,,,,,,,,,,,,,,,,,,1,en_sk_220_bt,,1,,33600,37050,,5,,,,,,,,,,,,,,,,,16,new! SoftBank 601HW Black 20GB
725,1539,9,8,Yes (+ 50 JPY / Day),None (+ 0 JPY),,,[6 Months RENTAL]+[1 Month]+[10 days RENTAL] SoftBank 601HW Black,1,,,,,,,,[222 days RENTAL] SoftBank 601HW Black,sk.jpg,*,sk.jpg,sk.jpg,,,,,,,,,,,,,,,,,,,,,,,1,en_sk_221_bt,,1,,34050,37550,,5,,,,,,,,,,,,,,,,,16,new! SoftBank 601HW Black 20GB
726,1540,9,8,Yes (+ 50 JPY / Day),None (+ 0 JPY),,,[6 Months RENTAL]+[1 Month]+[11 days RENTAL] SoftBank 601HW Black,1,,,,,,,,[223 days RENTAL] SoftBank 601HW Black,sk.jpg,*,sk.jpg,sk.jpg,,,,,,,,,,,,,,,,,,,,,,,1,en_sk_222_bt,,1,,34500,38050,,5,,,,,,,,,,,,,,,,,16,new! SoftBank 601HW Black 20GB
727,1541,9,8,Yes (+ 50 JPY / Day),None (+ 0 JPY),,,[6 Months RENTAL]+[2 Months RENTAL] SoftBank 601HW Black,1,,,,,,,,[224 days RENTAL] SoftBank 601HW Black,sk.jpg,*,sk.jpg,sk.jpg,,,,,,,,,,,,,,,,,,,,,,1,1,en_sk_223_bt,,1,,34800,38100,,5,,,,,,,,,,,,,,,,,16,new! SoftBank 601HW Black 20GB
728,1542,9,8,Yes (+ 50 JPY / Day),None (+ 0 JPY),,,[6 Months RENTAL]+[2 Months RENTAL] SoftBank 601HW Black,1,,,,,,,,[225 days RENTAL] SoftBank 601HW Black,sk.jpg,*,sk.jpg,sk.jpg,,,,,,,,,,,,,,,,,,,,,,1,1,en_sk_224_bt,,1,,34800,38100,,5,,,,,,,,,,,,,,,,,16,new! SoftBank 601HW Black 20GB
729,1543,9,8,Yes (+ 50 JPY / Day),None (+ 0 JPY),,,[6 Months RENTAL]+[2 Months RENTAL] SoftBank 601HW Black,1,,,,,,,,[226 days RENTAL] SoftBank 601HW Black,sk.jpg,*,sk.jpg,sk.jpg,,,,,,,,,,,,,,,,,,,,,,1,1,en_sk_225_bt,,1,,34800,38100,,5,,,,,,,,,,,,,,,,,16,new! SoftBank 601HW Black 20GB
730,1544,9,8,Yes (+ 50 JPY / Day),None (+ 0 JPY),,,[6 Months RENTAL]+[2 Months RENTAL] SoftBank 601HW Black,1,,,,,,,,[227 days RENTAL] SoftBank 601HW Black,sk.jpg,*,sk.jpg,sk.jpg,,,,,,,,,,,,,,,,,,,,,,1,1,en_sk_226_bt,,1,,34800,38100,,5,,,,,,,,,,,,,,,,,16,new! SoftBank 601HW Black 20GB
731,1545,9,8,Yes (+ 50 JPY / Day),None (+ 0 JPY),,,[6 Months RENTAL]+[2 Months RENTAL] SoftBank 601HW Black,1,,,,,,,,[228 days RENTAL] SoftBank 601HW Black,sk.jpg,*,sk.jpg,sk.jpg,,,,,,,,,,,,,,,,,,,,,,1,1,en_sk_227_bt,,1,,34800,38100,,5,,,,,,,,,,,,,,,,,16,new! SoftBank 601HW Black 20GB
732,1546,9,8,Yes (+ 50 JPY / Day),None (+ 0 JPY),,,[6 Months RENTAL]+[2 Months RENTAL] SoftBank 601HW Black,1,,,,,,,,[229 days RENTAL] SoftBank 601HW Black,sk.jpg,*,sk.jpg,sk.jpg,,,,,,,,,,,,,,,,,,,,,,1,1,en_sk_228_bt,,1,,34800,38100,,5,,,,,,,,,,,,,,,,,16,new! SoftBank 601HW Black 20GB
733,1547,9,8,Yes (+ 50 JPY / Day),None (+ 0 JPY),,,[6 Months RENTAL]+[2 Months RENTAL] SoftBank 601HW Black,1,,,,,,,,[230 days RENTAL] SoftBank 601HW Black,sk.jpg,*,sk.jpg,sk.jpg,,,,,,,,,,,,,,,,,,,,,,1,1,en_sk_229_bt,,1,,34800,38100,,5,,,,,,,,,,,,,,,,,16,new! SoftBank 601HW Black 20GB
734,1548,9,8,Yes (+ 50 JPY / Day),None (+ 0 JPY),,,[6 Months RENTAL]+[2 Months RENTAL] SoftBank 601HW Black,1,,,,,,,,[231 days RENTAL] SoftBank 601HW Black,sk.jpg,*,sk.jpg,sk.jpg,,,,,,,,,,,,,,,,,,,,,,1,1,en_sk_230_bt,,1,,34800,38100,,5,,,,,,,,,,,,,,,,,16,new! SoftBank 601HW Black 20GB
735,1549,9,8,Yes (+ 50 JPY / Day),None (+ 0 JPY),,,[6 Months RENTAL]+[2 Months RENTAL] SoftBank 601HW Black,1,,,,,,,,[232 days RENTAL] SoftBank 601HW Black,sk.jpg,*,sk.jpg,sk.jpg,,,,,,,,,,,,,,,,,,,,,,1,1,en_sk_231_bt,,1,,34800,38100,,5,,,,,,,,,,,,,,,,,16,new! SoftBank 601HW Black 20GB
736,1550,9,8,Yes (+ 50 JPY / Day),None (+ 0 JPY),,,[6 Months RENTAL]+[2 Months RENTAL] SoftBank 601HW Black,1,,,,,,,,[233 days RENTAL] SoftBank 601HW Black,sk.jpg,*,sk.jpg,sk.jpg,,,,,,,,,,,,,,,,,,,,,,1,1,en_sk_232_bt,,1,,34800,38100,,5,,,,,,,,,,,,,,,,,16,new! SoftBank 601HW Black 20GB
737,1551,9,8,Yes (+ 50 JPY / Day),None (+ 0 JPY),,,[6 Months RENTAL]+[2 Months RENTAL] SoftBank 601HW Black,1,,,,,,,,[234 days RENTAL] SoftBank 601HW Black,sk.jpg,*,sk.jpg,sk.jpg,,,,,,,,,,,,,,,,,,,,,,1,1,en_sk_233_bt,,1,,34800,38100,,5,,,,,,,,,,,,,,,,,16,new! SoftBank 601HW Black 20GB
738,1552,9,8,Yes (+ 50 JPY / Day),None (+ 0 JPY),,,[6 Months RENTAL]+[2 Months RENTAL] SoftBank 601HW Black,1,,,,,,,,[235 days RENTAL] SoftBank 601HW Black,sk.jpg,*,sk.jpg,sk.jpg,,,,,,,,,,,,,,,,,,,,,,1,1,en_sk_234_bt,,1,,34800,38100,,5,,,,,,,,,,,,,,,,,16,new! SoftBank 601HW Black 20GB
739,1553,9,8,Yes (+ 50 JPY / Day),None (+ 0 JPY),,,[6 Months RENTAL]+[2 Months RENTAL] SoftBank 601HW Black,1,,,,,,,,[236 days RENTAL] SoftBank 601HW Black,sk.jpg,*,sk.jpg,sk.jpg,,,,,,,,,,,,,,,,,,,,,,1,1,en_sk_235_bt,,1,,34800,38100,,5,,,,,,,,,,,,,,,,,16,new! SoftBank 601HW Black 20GB
740,1554,9,8,Yes (+ 50 JPY / Day),None (+ 0 JPY),,,[6 Months RENTAL]+[2 Months RENTAL] SoftBank 601HW Black,1,,,,,,,,[237 days RENTAL] SoftBank 601HW Black,sk.jpg,*,sk.jpg,sk.jpg,,,,,,,,,,,,,,,,,,,,,,1,1,en_sk_236_bt,,1,,34800,38100,,5,,,,,,,,,,,,,,,,,16,new! SoftBank 601HW Black 20GB
741,1555,9,8,Yes (+ 50 JPY / Day),None (+ 0 JPY),,,[6 Months RENTAL]+[2 Months RENTAL] SoftBank 601HW Black,1,,,,,,,,[238 days RENTAL] SoftBank 601HW Black,sk.jpg,*,sk.jpg,sk.jpg,,,,,,,,,,,,,,,,,,,,,,1,1,en_sk_237_bt,,1,,34800,38100,,5,,,,,,,,,,,,,,,,,16,new! SoftBank 601HW Black 20GB
742,1556,9,8,Yes (+ 50 JPY / Day),None (+ 0 JPY),,,[6 Months RENTAL]+[2 Months RENTAL] SoftBank 601HW Black,1,,,,,,,,[239 days RENTAL] SoftBank 601HW Black,sk.jpg,*,sk.jpg,sk.jpg,,,,,,,,,,,,,,,,,,,,,,1,1,en_sk_238_bt,,1,,34800,38100,,5,,,,,,,,,,,,,,,,,16,new! SoftBank 601HW Black 20GB
743,1557,9,8,Yes (+ 50 JPY / Day),None (+ 0 JPY),,,[6 Months RENTAL]+[2 Months RENTAL] SoftBank 601HW Black,1,,,,,,,,[240 days RENTAL] SoftBank 601HW Black,sk.jpg,*,sk.jpg,sk.jpg,,,,,,,,,,,,,,,,,,,,,,1,1,en_sk_239_bt,,1,,34800,38100,,5,,,,,,,,,,,,,,,,,16,new! SoftBank 601HW Black 20GB
744,1558,9,8,Yes (+ 50 JPY / Day),None (+ 0 JPY),,,[6 Months RENTAL]+[2 Months RENTAL] SoftBank 601HW Black,1,,,,,,,,[241 days RENTAL] SoftBank 601HW Black,sk.jpg,*,sk.jpg,sk.jpg,,,,,,,,,,,,,,,,,,,,,,1,1,en_sk_240_bt,,1,,34800,38100,,5,,,,,,,,,,,,,,,,,16,new! SoftBank 601HW Black 20GB
745,1559,9,8,Yes (+ 50 JPY / Day),None (+ 0 JPY),,,[6 Months RENTAL]+[2 Months RENTAL] SoftBank 601HW Black,1,,,,,,,,[242 days RENTAL] SoftBank 601HW Black,sk.jpg,*,sk.jpg,sk.jpg,,,,,,,,,,,,,,,,,,,,,,,1,en_sk_241_bt,,1,,34800,38100,,5,,,,,,,,,,,,,,,,,16,new! SoftBank 601HW Black 20GB
746,1560,9,8,Yes (+ 50 JPY / Day),None (+ 0 JPY),,,[6 Months RENTAL]+[2 Months RENTAL]+[1 day RENTAL] SoftBank 601HW Black,1,,,,,,,,[243 days RENTAL] SoftBank 601HW Black,sk.jpg,*,sk.jpg,sk.jpg,,,,,,,,,,,,,,,,,,,,,,,1,en_sk_242_bt,,1,,35250,38600,,5,,,,,,,,,,,,,,,,,16,new! SoftBank 601HW Black 20GB
747,1561,9,8,Yes (+ 50 JPY / Day),None (+ 0 JPY),,,[6 Months RENTAL]+[2 Months RENTAL]+[2 days RENTAL] SoftBank 601HW Black,1,,,,,,,,[244 days RENTAL] SoftBank 601HW Black,sk.jpg,*,sk.jpg,sk.jpg,,,,,,,,,,,,,,,,,,,,,,,1,en_sk_243_bt,,1,,35700,39100,,5,,,,,,,,,,,,,,,,,16,new! SoftBank 601HW Black 20GB
748,1562,9,8,Yes (+ 50 JPY / Day),None (+ 0 JPY),,,[6 Months RENTAL]+[2 Months RENTAL]+[3 days RENTAL] SoftBank 601HW Black,1,,,,,,,,[245 days RENTAL] SoftBank 601HW Black,sk.jpg,*,sk.jpg,sk.jpg,,,,,,,,,,,,,,,,,,,,,,,1,en_sk_244_bt,,1,,36150,39600,,5,,,,,,,,,,,,,,,,,16,new! SoftBank 601HW Black 20GB
749,1563,9,8,Yes (+ 50 JPY / Day),None (+ 0 JPY),,,[6 Months RENTAL]+[2 Months RENTAL]+[4 days RENTAL] SoftBank 601HW Black,1,,,,,,,,[246 days RENTAL] SoftBank 601HW Black,sk.jpg,*,sk.jpg,sk.jpg,,,,,,,,,,,,,,,,,,,,,,,1,en_sk_245_bt,,1,,36600,40100,,5,,,,,,,,,,,,,,,,,16,new! SoftBank 601HW Black 20GB
750,1564,9,8,Yes (+ 50 JPY / Day),None (+ 0 JPY),,,[6 Months RENTAL]+[2 Months RENTAL]+[5 days RENTAL] SoftBank 601HW Black,1,,,,,,,,[247 days RENTAL] SoftBank 601HW Black,sk.jpg,*,sk.jpg,sk.jpg,,,,,,,,,,,,,,,,,,,,,,,1,en_sk_246_bt,,1,,37050,40600,,5,,,,,,,,,,,,,,,,,16,new! SoftBank 601HW Black 20GB
751,1565,9,8,Yes (+ 50 JPY / Day),None (+ 0 JPY),,,[6 Months RENTAL]+[2 Months RENTAL]+[6 days RENTAL] SoftBank 601HW Black,1,,,,,,,,[248 days RENTAL] SoftBank 601HW Black,sk.jpg,*,sk.jpg,sk.jpg,,,,,,,,,,,,,,,,,,,,,,,1,en_sk_247_bt,,1,,37500,41100,,5,,,,,,,,,,,,,,,,,16,new! SoftBank 601HW Black 20GB
752,1566,9,8,Yes (+ 50 JPY / Day),None (+ 0 JPY),,,[6 Months RENTAL]+[2 Months RENTAL]+[7 days RENTAL] SoftBank 601HW Black,1,,,,,,,,[249 days RENTAL] SoftBank 601HW Black,sk.jpg,*,sk.jpg,sk.jpg,,,,,,,,,,,,,,,,,,,,,,,1,en_sk_248_bt,,1,,37950,41600,,5,,,,,,,,,,,,,,,,,16,new! SoftBank 601HW Black 20GB
753,1567,9,8,Yes (+ 50 JPY / Day),None (+ 0 JPY),,,[6 Months RENTAL]+[2 Months RENTAL]+[8 days RENTAL] SoftBank 601HW Black,1,,,,,,,,[250 days RENTAL] SoftBank 601HW Black,sk.jpg,*,sk.jpg,sk.jpg,,,,,,,,,,,,,,,,,,,,,,,1,en_sk_249_bt,,1,,38400,42100,,5,,,,,,,,,,,,,,,,,16,new! SoftBank 601HW Black 20GB
754,1568,9,8,Yes (+ 50 JPY / Day),None (+ 0 JPY),,,[6 Months RENTAL]+[2 Months RENTAL]+[9 days RENTAL] SoftBank 601HW Black,1,,,,,,,,[251 days RENTAL] SoftBank 601HW Black,sk.jpg,*,sk.jpg,sk.jpg,,,,,,,,,,,,,,,,,,,,,,,1,en_sk_250_bt,,1,,38850,42600,,5,,,,,,,,,,,,,,,,,16,new! SoftBank 601HW Black 20GB
755,1569,9,8,Yes (+ 50 JPY / Day),None (+ 0 JPY),,,[6 Months RENTAL]+[2 Months RENTAL]+[10 days RENTAL] SoftBank 601HW Black,1,,,,,,,,[252 days RENTAL] SoftBank 601HW Black,sk.jpg,*,sk.jpg,sk.jpg,,,,,,,,,,,,,,,,,,,,,,,1,en_sk_251_bt,,1,,39300,43100,,5,,,,,,,,,,,,,,,,,16,new! SoftBank 601HW Black 20GB
756,1570,9,8,Yes (+ 50 JPY / Day),None (+ 0 JPY),,,[6 Months RENTAL]+[3 Months RENTAL] SoftBank 601HW Black,1,,,,,,,,[253 days RENTAL] SoftBank 601HW Black,sk.jpg,*,sk.jpg,sk.jpg,,,,,,,,,,,,,,,,,,,,,,1,1,en_sk_252_bt,,1,,39600,43200,,5,,,,,,,,,,,,,,,,,16,new! SoftBank 601HW Black 20GB
757,1571,9,8,Yes (+ 50 JPY / Day),None (+ 0 JPY),,,[6 Months RENTAL]+[3 Months RENTAL] SoftBank 601HW Black,1,,,,,,,,[254 days RENTAL] SoftBank 601HW Black,sk.jpg,*,sk.jpg,sk.jpg,,,,,,,,,,,,,,,,,,,,,,1,1,en_sk_253_bt,,1,,39600,43200,,5,,,,,,,,,,,,,,,,,16,new! SoftBank 601HW Black 20GB
758,1572,9,8,Yes (+ 50 JPY / Day),None (+ 0 JPY),,,[6 Months RENTAL]+[3 Months RENTAL] SoftBank 601HW Black,1,,,,,,,,[255 days RENTAL] SoftBank 601HW Black,sk.jpg,*,sk.jpg,sk.jpg,,,,,,,,,,,,,,,,,,,,,,1,1,en_sk_254_bt,,1,,39600,43200,,5,,,,,,,,,,,,,,,,,16,new! SoftBank 601HW Black 20GB
759,1573,9,8,Yes (+ 50 JPY / Day),None (+ 0 JPY),,,[6 Months RENTAL]+[3 Months RENTAL] SoftBank 601HW Black,1,,,,,,,,[256 days RENTAL] SoftBank 601HW Black,sk.jpg,*,sk.jpg,sk.jpg,,,,,,,,,,,,,,,,,,,,,,1,1,en_sk_255_bt,,1,,39600,43200,,5,,,,,,,,,,,,,,,,,16,new! SoftBank 601HW Black 20GB
760,1574,9,8,Yes (+ 50 JPY / Day),None (+ 0 JPY),,,[6 Months RENTAL]+[3 Months RENTAL] SoftBank 601HW Black,1,,,,,,,,[257 days RENTAL] SoftBank 601HW Black,sk.jpg,*,sk.jpg,sk.jpg,,,,,,,,,,,,,,,,,,,,,,1,1,en_sk_256_bt,,1,,39600,43200,,5,,,,,,,,,,,,,,,,,16,new! SoftBank 601HW Black 20GB
761,1575,9,8,Yes (+ 50 JPY / Day),None (+ 0 JPY),,,[6 Months RENTAL]+[3 Months RENTAL] SoftBank 601HW Black,1,,,,,,,,[258 days RENTAL] SoftBank 601HW Black,sk.jpg,*,sk.jpg,sk.jpg,,,,,,,,,,,,,,,,,,,,,,1,1,en_sk_257_bt,,1,,39600,43200,,5,,,,,,,,,,,,,,,,,16,new! SoftBank 601HW Black 20GB
762,1576,9,8,Yes (+ 50 JPY / Day),None (+ 0 JPY),,,[6 Months RENTAL]+[3 Months RENTAL] SoftBank 601HW Black,1,,,,,,,,[259 days RENTAL] SoftBank 601HW Black,sk.jpg,*,sk.jpg,sk.jpg,,,,,,,,,,,,,,,,,,,,,,1,1,en_sk_258_bt,,1,,39600,43200,,5,,,,,,,,,,,,,,,,,16,new! SoftBank 601HW Black 20GB
763,1577,9,8,Yes (+ 50 JPY / Day),None (+ 0 JPY),,,[6 Months RENTAL]+[3 Months RENTAL] SoftBank 601HW Black,1,,,,,,,,[260 days RENTAL] SoftBank 601HW Black,sk.jpg,*,sk.jpg,sk.jpg,,,,,,,,,,,,,,,,,,,,,,1,1,en_sk_259_bt,,1,,39600,43200,,5,,,,,,,,,,,,,,,,,16,new! SoftBank 601HW Black 20GB
764,1578,9,8,Yes (+ 50 JPY / Day),None (+ 0 JPY),,,[6 Months RENTAL]+[3 Months RENTAL] SoftBank 601HW Black,1,,,,,,,,[261 days RENTAL] SoftBank 601HW Black,sk.jpg,*,sk.jpg,sk.jpg,,,,,,,,,,,,,,,,,,,,,,1,1,en_sk_260_bt,,1,,39600,43200,,5,,,,,,,,,,,,,,,,,16,new! SoftBank 601HW Black 20GB
765,1579,9,8,Yes (+ 50 JPY / Day),None (+ 0 JPY),,,[6 Months RENTAL]+[3 Months RENTAL] SoftBank 601HW Black,1,,,,,,,,[262 days RENTAL] SoftBank 601HW Black,sk.jpg,*,sk.jpg,sk.jpg,,,,,,,,,,,,,,,,,,,,,,1,1,en_sk_261_bt,,1,,39600,43200,,5,,,,,,,,,,,,,,,,,16,new! SoftBank 601HW Black 20GB
766,1580,9,8,Yes (+ 50 JPY / Day),None (+ 0 JPY),,,[6 Months RENTAL]+[3 Months RENTAL] SoftBank 601HW Black,1,,,,,,,,[263 days RENTAL] SoftBank 601HW Black,sk.jpg,*,sk.jpg,sk.jpg,,,,,,,,,,,,,,,,,,,,,,1,1,en_sk_262_bt,,1,,39600,43200,,5,,,,,,,,,,,,,,,,,16,new! SoftBank 601HW Black 20GB
767,1581,9,8,Yes (+ 50 JPY / Day),None (+ 0 JPY),,,[6 Months RENTAL]+[3 Months RENTAL] SoftBank 601HW Black,1,,,,,,,,[264 days RENTAL] SoftBank 601HW Black,sk.jpg,*,sk.jpg,sk.jpg,,,,,,,,,,,,,,,,,,,,,,1,1,en_sk_263_bt,,1,,39600,43200,,5,,,,,,,,,,,,,,,,,16,new! SoftBank 601HW Black 20GB
768,1582,9,8,Yes (+ 50 JPY / Day),None (+ 0 JPY),,,[6 Months RENTAL]+[3 Months RENTAL] SoftBank 601HW Black,1,,,,,,,,[265 days RENTAL] SoftBank 601HW Black,sk.jpg,*,sk.jpg,sk.jpg,,,,,,,,,,,,,,,,,,,,,,1,1,en_sk_264_bt,,1,,39600,43200,,5,,,,,,,,,,,,,,,,,16,new! SoftBank 601HW Black 20GB
769,1583,9,8,Yes (+ 50 JPY / Day),None (+ 0 JPY),,,[6 Months RENTAL]+[3 Months RENTAL] SoftBank 601HW Black,1,,,,,,,,[266 days RENTAL] SoftBank 601HW Black,sk.jpg,*,sk.jpg,sk.jpg,,,,,,,,,,,,,,,,,,,,,,1,1,en_sk_265_bt,,1,,39600,43200,,5,,,,,,,,,,,,,,,,,16,new! SoftBank 601HW Black 20GB
770,1584,9,8,Yes (+ 50 JPY / Day),None (+ 0 JPY),,,[6 Months RENTAL]+[3 Months RENTAL] SoftBank 601HW Black,1,,,,,,,,[267 days RENTAL] SoftBank 601HW Black,sk.jpg,*,sk.jpg,sk.jpg,,,,,,,,,,,,,,,,,,,,,,1,1,en_sk_266_bt,,1,,39600,43200,,5,,,,,,,,,,,,,,,,,16,new! SoftBank 601HW Black 20GB
771,1585,9,8,Yes (+ 50 JPY / Day),None (+ 0 JPY),,,[6 Months RENTAL]+[3 Months RENTAL] SoftBank 601HW Black,1,,,,,,,,[268 days RENTAL] SoftBank 601HW Black,sk.jpg,*,sk.jpg,sk.jpg,,,,,,,,,,,,,,,,,,,,,,1,1,en_sk_267_bt,,1,,39600,43200,,5,,,,,,,,,,,,,,,,,16,new! SoftBank 601HW Black 20GB
772,1586,9,8,Yes (+ 50 JPY / Day),None (+ 0 JPY),,,[6 Months RENTAL]+[3 Months RENTAL] SoftBank 601HW Black,1,,,,,,,,[269 days RENTAL] SoftBank 601HW Black,sk.jpg,*,sk.jpg,sk.jpg,,,,,,,,,,,,,,,,,,,,,,1,1,en_sk_268_bt,,1,,39600,43200,,5,,,,,,,,,,,,,,,,,16,new! SoftBank 601HW Black 20GB
773,1587,9,8,Yes (+ 50 JPY / Day),None (+ 0 JPY),,,[6 Months RENTAL]+[3 Months RENTAL] SoftBank 601HW Black,1,,,,,,,,[270 days RENTAL] SoftBank 601HW Black,sk.jpg,*,sk.jpg,sk.jpg,,,,,,,,,,,,,,,,,,,,,,1,1,en_sk_269_bt,,1,,39600,43200,,5,,,,,,,,,,,,,,,,,16,new! SoftBank 601HW Black 20GB
774,1588,9,8,Yes (+ 50 JPY / Day),None (+ 0 JPY),,,[6 Months RENTAL]+[3 Months RENTAL] SoftBank 601HW Black,1,,,,,,,,[271 days RENTAL] SoftBank 601HW Black,sk.jpg,*,sk.jpg,sk.jpg,,,,,,,,,,,,,,,,,,,,,,1,1,en_sk_270_bt,,1,,39600,43200,,5,,,,,,,,,,,,,,,,,16,new! SoftBank 601HW Black 20GB
775,1589,9,8,Yes (+ 50 JPY / Day),None (+ 0 JPY),,,[6 Months RENTAL]+[3 Months RENTAL] SoftBank 601HW Black,1,,,,,,,,[272 days RENTAL] SoftBank 601HW Black,sk.jpg,*,sk.jpg,sk.jpg,,,,,,,,,,,,,,,,,,,,,,,1,en_sk_271_bt,,1,,39600,43200,,5,,,,,,,,,,,,,,,,,16,new! SoftBank 601HW Black 20GB
776,1590,9,8,Yes (+ 50 JPY / Day),None (+ 0 JPY),,,[6 Months RENTAL]+[3 Months RENTAL]+[1 day RENTAL] SoftBank 601HW Black,1,,,,,,,,[273 days RENTAL] SoftBank 601HW Black,sk.jpg,*,sk.jpg,sk.jpg,,,,,,,,,,,,,,,,,,,,,,,1,en_sk_272_bt,,1,,40050,43700,,5,,,,,,,,,,,,,,,,,16,new! SoftBank 601HW Black 20GB
777,1591,9,8,Yes (+ 50 JPY / Day),None (+ 0 JPY),,,[6 Months RENTAL]+[3 Months RENTAL]+[2 days RENTAL] SoftBank 601HW Black,1,,,,,,,,[274 days RENTAL] SoftBank 601HW Black,sk.jpg,*,sk.jpg,sk.jpg,,,,,,,,,,,,,,,,,,,,,,,1,en_sk_273_bt,,1,,40500,44200,,5,,,,,,,,,,,,,,,,,16,new! SoftBank 601HW Black 20GB
778,1592,9,8,Yes (+ 50 JPY / Day),None (+ 0 JPY),,,[6 Months RENTAL]+[3 Months RENTAL]+[3 days RENTAL] SoftBank 601HW Black,1,,,,,,,,[275 days RENTAL] SoftBank 601HW Black,sk.jpg,*,sk.jpg,sk.jpg,,,,,,,,,,,,,,,,,,,,,,,1,en_sk_274_bt,,1,,40950,44700,,5,,,,,,,,,,,,,,,,,16,new! SoftBank 601HW Black 20GB
779,1593,9,8,Yes (+ 50 JPY / Day),None (+ 0 JPY),,,[6 Months RENTAL]+[3 Months RENTAL]+[4 days RENTAL] SoftBank 601HW Black,1,,,,,,,,[276 days RENTAL] SoftBank 601HW Black,sk.jpg,*,sk.jpg,sk.jpg,,,,,,,,,,,,,,,,,,,,,,,1,en_sk_275_bt,,1,,41400,45200,,5,,,,,,,,,,,,,,,,,16,new! SoftBank 601HW Black 20GB
780,1594,9,8,Yes (+ 50 JPY / Day),None (+ 0 JPY),,,[6 Months RENTAL]+[4 Months RENTAL] SoftBank 601HW Black,1,,,,,,,,[277 days RENTAL] SoftBank 601HW Black,sk.jpg,*,sk.jpg,sk.jpg,,,,,,,,,,,,,,,,,,,,,,1,1,en_sk_276_bt,,1,,41600,45500,,5,,,,,,,,,,,,,,,,,16,new! SoftBank 601HW Black 20GB
781,1595,9,8,Yes (+ 50 JPY / Day),None (+ 0 JPY),,,[6 Months RENTAL]+[4 Months RENTAL] SoftBank 601HW Black,1,,,,,,,,[278 days RENTAL] SoftBank 601HW Black,sk.jpg,*,sk.jpg,sk.jpg,,,,,,,,,,,,,,,,,,,,,,1,1,en_sk_277_bt,,1,,41600,45500,,5,,,,,,,,,,,,,,,,,16,new! SoftBank 601HW Black 20GB
782,1596,9,8,Yes (+ 50 JPY / Day),None (+ 0 JPY),,,[6 Months RENTAL]+[4 Months RENTAL] SoftBank 601HW Black,1,,,,,,,,[279 days RENTAL] SoftBank 601HW Black,sk.jpg,*,sk.jpg,sk.jpg,,,,,,,,,,,,,,,,,,,,,,1,1,en_sk_278_bt,,1,,41600,45500,,5,,,,,,,,,,,,,,,,,16,new! SoftBank 601HW Black 20GB
783,1597,9,8,Yes (+ 50 JPY / Day),None (+ 0 JPY),,,[6 Months RENTAL]+[4 Months RENTAL] SoftBank 601HW Black,1,,,,,,,,[280 days RENTAL] SoftBank 601HW Black,sk.jpg,*,sk.jpg,sk.jpg,,,,,,,,,,,,,,,,,,,,,,1,1,en_sk_279_bt,,1,,41600,45500,,5,,,,,,,,,,,,,,,,,16,new! SoftBank 601HW Black 20GB
784,1598,9,8,Yes (+ 50 JPY / Day),None (+ 0 JPY),,,[6 Months RENTAL]+[4 Months RENTAL] SoftBank 601HW Black,1,,,,,,,,[281 days RENTAL] SoftBank 601HW Black,sk.jpg,*,sk.jpg,sk.jpg,,,,,,,,,,,,,,,,,,,,,,1,1,en_sk_280_bt,,1,,41600,45500,,5,,,,,,,,,,,,,,,,,16,new! SoftBank 601HW Black 20GB
785,1599,9,8,Yes (+ 50 JPY / Day),None (+ 0 JPY),,,[6 Months RENTAL]+[4 Months RENTAL] SoftBank 601HW Black,1,,,,,,,,[282 days RENTAL] SoftBank 601HW Black,sk.jpg,*,sk.jpg,sk.jpg,,,,,,,,,,,,,,,,,,,,,,1,1,en_sk_281_bt,,1,,41600,45500,,5,,,,,,,,,,,,,,,,,16,new! SoftBank 601HW Black 20GB
786,1600,9,8,Yes (+ 50 JPY / Day),None (+ 0 JPY),,,[6 Months RENTAL]+[4 Months RENTAL] SoftBank 601HW Black,1,,,,,,,,[283 days RENTAL] SoftBank 601HW Black,sk.jpg,*,sk.jpg,sk.jpg,,,,,,,,,,,,,,,,,,,,,,1,1,en_sk_282_bt,,1,,41600,45500,,5,,,,,,,,,,,,,,,,,16,new! SoftBank 601HW Black 20GB
787,1601,9,8,Yes (+ 50 JPY / Day),None (+ 0 JPY),,,[6 Months RENTAL]+[4 Months RENTAL] SoftBank 601HW Black,1,,,,,,,,[284 days RENTAL] SoftBank 601HW Black,sk.jpg,*,sk.jpg,sk.jpg,,,,,,,,,,,,,,,,,,,,,,1,1,en_sk_283_bt,,1,,41600,45500,,5,,,,,,,,,,,,,,,,,16,new! SoftBank 601HW Black 20GB
788,1602,9,8,Yes (+ 50 JPY / Day),None (+ 0 JPY),,,[6 Months RENTAL]+[4 Months RENTAL] SoftBank 601HW Black,1,,,,,,,,[285 days RENTAL] SoftBank 601HW Black,sk.jpg,*,sk.jpg,sk.jpg,,,,,,,,,,,,,,,,,,,,,,1,1,en_sk_284_bt,,1,,41600,45500,,5,,,,,,,,,,,,,,,,,16,new! SoftBank 601HW Black 20GB
789,1603,9,8,Yes (+ 50 JPY / Day),None (+ 0 JPY),,,[6 Months RENTAL]+[4 Months RENTAL] SoftBank 601HW Black,1,,,,,,,,[286 days RENTAL] SoftBank 601HW Black,sk.jpg,*,sk.jpg,sk.jpg,,,,,,,,,,,,,,,,,,,,,,1,1,en_sk_285_bt,,1,,41600,45500,,5,,,,,,,,,,,,,,,,,16,new! SoftBank 601HW Black 20GB
790,1604,9,8,Yes (+ 50 JPY / Day),None (+ 0 JPY),,,[6 Months RENTAL]+[4 Months RENTAL] SoftBank 601HW Black,1,,,,,,,,[287 days RENTAL] SoftBank 601HW Black,sk.jpg,*,sk.jpg,sk.jpg,,,,,,,,,,,,,,,,,,,,,,1,1,en_sk_286_bt,,1,,41600,45500,,5,,,,,,,,,,,,,,,,,16,new! SoftBank 601HW Black 20GB
791,1605,9,8,Yes (+ 50 JPY / Day),None (+ 0 JPY),,,[6 Months RENTAL]+[4 Months RENTAL] SoftBank 601HW Black,1,,,,,,,,[288 days RENTAL] SoftBank 601HW Black,sk.jpg,*,sk.jpg,sk.jpg,,,,,,,,,,,,,,,,,,,,,,1,1,en_sk_287_bt,,1,,41600,45500,,5,,,,,,,,,,,,,,,,,16,new! SoftBank 601HW Black 20GB
792,1606,9,8,Yes (+ 50 JPY / Day),None (+ 0 JPY),,,[6 Months RENTAL]+[4 Months RENTAL] SoftBank 601HW Black,1,,,,,,,,[289 days RENTAL] SoftBank 601HW Black,sk.jpg,*,sk.jpg,sk.jpg,,,,,,,,,,,,,,,,,,,,,,1,1,en_sk_288_bt,,1,,41600,45500,,5,,,,,,,,,,,,,,,,,16,new! SoftBank 601HW Black 20GB
793,1607,9,8,Yes (+ 50 JPY / Day),None (+ 0 JPY),,,[6 Months RENTAL]+[4 Months RENTAL] SoftBank 601HW Black,1,,,,,,,,[290 days RENTAL] SoftBank 601HW Black,sk.jpg,*,sk.jpg,sk.jpg,,,,,,,,,,,,,,,,,,,,,,1,1,en_sk_289_bt,,1,,41600,45500,,5,,,,,,,,,,,,,,,,,16,new! SoftBank 601HW Black 20GB
794,1608,9,8,Yes (+ 50 JPY / Day),None (+ 0 JPY),,,[6 Months RENTAL]+[4 Months RENTAL] SoftBank 601HW Black,1,,,,,,,,[291 days RENTAL] SoftBank 601HW Black,sk.jpg,*,sk.jpg,sk.jpg,,,,,,,,,,,,,,,,,,,,,,1,1,en_sk_290_bt,,1,,41600,45500,,5,,,,,,,,,,,,,,,,,16,new! SoftBank 601HW Black 20GB
795,1609,9,8,Yes (+ 50 JPY / Day),None (+ 0 JPY),,,[6 Months RENTAL]+[4 Months RENTAL] SoftBank 601HW Black,1,,,,,,,,[292 days RENTAL] SoftBank 601HW Black,sk.jpg,*,sk.jpg,sk.jpg,,,,,,,,,,,,,,,,,,,,,,1,1,en_sk_291_bt,,1,,41600,45500,,5,,,,,,,,,,,,,,,,,16,new! SoftBank 601HW Black 20GB
796,1610,9,8,Yes (+ 50 JPY / Day),None (+ 0 JPY),,,[6 Months RENTAL]+[4 Months RENTAL] SoftBank 601HW Black,1,,,,,,,,[293 days RENTAL] SoftBank 601HW Black,sk.jpg,*,sk.jpg,sk.jpg,,,,,,,,,,,,,,,,,,,,,,1,1,en_sk_292_bt,,1,,41600,45500,,5,,,,,,,,,,,,,,,,,16,new! SoftBank 601HW Black 20GB
797,1611,9,8,Yes (+ 50 JPY / Day),None (+ 0 JPY),,,[6 Months RENTAL]+[4 Months RENTAL] SoftBank 601HW Black,1,,,,,,,,[294 days RENTAL] SoftBank 601HW Black,sk.jpg,*,sk.jpg,sk.jpg,,,,,,,,,,,,,,,,,,,,,,1,1,en_sk_293_bt,,1,,41600,45500,,5,,,,,,,,,,,,,,,,,16,new! SoftBank 601HW Black 20GB
798,1612,9,8,Yes (+ 50 JPY / Day),None (+ 0 JPY),,,[6 Months RENTAL]+[4 Months RENTAL] SoftBank 601HW Black,1,,,,,,,,[295 days RENTAL] SoftBank 601HW Black,sk.jpg,*,sk.jpg,sk.jpg,,,,,,,,,,,,,,,,,,,,,,1,1,en_sk_294_bt,,1,,41600,45500,,5,,,,,,,,,,,,,,,,,16,new! SoftBank 601HW Black 20GB
799,1613,9,8,Yes (+ 50 JPY / Day),None (+ 0 JPY),,,[6 Months RENTAL]+[4 Months RENTAL] SoftBank 601HW Black,1,,,,,,,,[296 days RENTAL] SoftBank 601HW Black,sk.jpg,*,sk.jpg,sk.jpg,,,,,,,,,,,,,,,,,,,,,,1,1,en_sk_295_bt,,1,,41600,45500,,5,,,,,,,,,,,,,,,,,16,new! SoftBank 601HW Black 20GB
800,1614,9,8,Yes (+ 50 JPY / Day),None (+ 0 JPY),,,[6 Months RENTAL]+[4 Months RENTAL] SoftBank 601HW Black,1,,,,,,,,[297 days RENTAL] SoftBank 601HW Black,sk.jpg,*,sk.jpg,sk.jpg,,,,,,,,,,,,,,,,,,,,,,1,1,en_sk_296_bt,,1,,41600,45500,,5,,,,,,,,,,,,,,,,,16,new! SoftBank 601HW Black 20GB
801,1615,9,8,Yes (+ 50 JPY / Day),None (+ 0 JPY),,,[6 Months RENTAL]+[4 Months RENTAL] SoftBank 601HW Black,1,,,,,,,,[298 days RENTAL] SoftBank 601HW Black,sk.jpg,*,sk.jpg,sk.jpg,,,,,,,,,,,,,,,,,,,,,,1,1,en_sk_297_bt,,1,,41600,45500,,5,,,,,,,,,,,,,,,,,16,new! SoftBank 601HW Black 20GB
802,1616,9,8,Yes (+ 50 JPY / Day),None (+ 0 JPY),,,[6 Months RENTAL]+[4 Months RENTAL] SoftBank 601HW Black,1,,,,,,,,[299 days RENTAL] SoftBank 601HW Black,sk.jpg,*,sk.jpg,sk.jpg,,,,,,,,,,,,,,,,,,,,,,1,1,en_sk_298_bt,,1,,41600,45500,,5,,,,,,,,,,,,,,,,,16,new! SoftBank 601HW Black 20GB
803,1617,9,8,Yes (+ 50 JPY / Day),None (+ 0 JPY),,,[6 Months RENTAL]+[4 Months RENTAL] SoftBank 601HW Black,1,,,,,,,,[300 days RENTAL] SoftBank 601HW Black,sk.jpg,*,sk.jpg,sk.jpg,,,,,,,,,,,,,,,,,,,,,,1,1,en_sk_299_bt,,1,,41600,45500,,5,,,,,,,,,,,,,,,,,16,new! SoftBank 601HW Black 20GB
804,1618,9,8,Yes (+ 50 JPY / Day),None (+ 0 JPY),,,[6 Months RENTAL]+[4 Months RENTAL] SoftBank 601HW Black,1,,,,,,,,[301 days RENTAL] SoftBank 601HW Black,sk.jpg,*,sk.jpg,sk.jpg,,,,,,,,,,,,,,,,,,,,,,1,1,en_sk_300_bt,,1,,41600,45500,,5,,,,,,,,,,,,,,,,,16,new! SoftBank 601HW Black 20GB
805,1619,9,8,Yes (+ 50 JPY / Day),None (+ 0 JPY),,,[6 Months RENTAL]+[4 Months RENTAL] SoftBank 601HW Black,1,,,,,,,,[302 days RENTAL] SoftBank 601HW Black,sk.jpg,*,sk.jpg,sk.jpg,,,,,,,,,,,,,,,,,,,,,,,1,en_sk_301_bt,,1,,41600,45500,,5,,,,,,,,,,,,,,,,,16,new! SoftBank 601HW Black 20GB
806,1620,9,8,Yes (+ 50 JPY / Day),None (+ 0 JPY),,,[6 Months RENTAL]+[4 Months RENTAL]+[1 day RENTAL] SoftBank 601HW Black,1,,,,,,,,[303 days RENTAL] SoftBank 601HW Black,sk.jpg,*,sk.jpg,sk.jpg,,,,,,,,,,,,,,,,,,,,,,,1,en_sk_302_bt,,1,,42050,46000,,5,,,,,,,,,,,,,,,,,16,new! SoftBank 601HW Black 20GB
807,1621,9,8,Yes (+ 50 JPY / Day),None (+ 0 JPY),,,[6 Months RENTAL]+[4 Months RENTAL]+[2 days RENTAL] SoftBank 601HW Black,1,,,,,,,,[304 days RENTAL] SoftBank 601HW Black,sk.jpg,*,sk.jpg,sk.jpg,,,,,,,,,,,,,,,,,,,,,,,1,en_sk_303_bt,,1,,42500,46500,,5,,,,,,,,,,,,,,,,,16,new! SoftBank 601HW Black 20GB
808,1622,9,8,Yes (+ 50 JPY / Day),None (+ 0 JPY),,,[6 Months RENTAL]+[4 Months RENTAL]+[3 days RENTAL] SoftBank 601HW Black,1,,,,,,,,[305 days RENTAL] SoftBank 601HW Black,sk.jpg,*,sk.jpg,sk.jpg,,,,,,,,,,,,,,,,,,,,,,,1,en_sk_304_bt,,1,,42950,47000,,5,,,,,,,,,,,,,,,,,16,new! SoftBank 601HW Black 20GB
809,1623,9,8,Yes (+ 50 JPY / Day),None (+ 0 JPY),,,[6 Months RENTAL]+[4 Months RENTAL]+[4 days RENTAL] SoftBank 601HW Black,1,,,,,,,,[306 days RENTAL] SoftBank 601HW Black,sk.jpg,*,sk.jpg,sk.jpg,,,,,,,,,,,,,,,,,,,,,,,1,en_sk_305_bt,,1,,43400,47500,,5,,,,,,,,,,,,,,,,,16,new! SoftBank 601HW Black 20GB
810,1624,9,8,Yes (+ 50 JPY / Day),None (+ 0 JPY),,,[6 Months RENTAL]+[5 Months RENTAL] SoftBank 601HW Black,1,,,,,,,,[307 days RENTAL] SoftBank 601HW Black,sk.jpg,*,sk.jpg,sk.jpg,,,,,,,,,,,,,,,,,,,,,,1,1,en_sk_306_bt,,1,,43600,47800,,5,,,,,,,,,,,,,,,,,16,new! SoftBank 601HW Black 20GB
811,1625,9,8,Yes (+ 50 JPY / Day),None (+ 0 JPY),,,[6 Months RENTAL]+[5 Months RENTAL] SoftBank 601HW Black,1,,,,,,,,[308 days RENTAL] SoftBank 601HW Black,sk.jpg,*,sk.jpg,sk.jpg,,,,,,,,,,,,,,,,,,,,,,1,1,en_sk_307_bt,,1,,43600,47800,,5,,,,,,,,,,,,,,,,,16,new! SoftBank 601HW Black 20GB
812,1626,9,8,Yes (+ 50 JPY / Day),None (+ 0 JPY),,,[6 Months RENTAL]+[5 Months RENTAL] SoftBank 601HW Black,1,,,,,,,,[309 days RENTAL] SoftBank 601HW Black,sk.jpg,*,sk.jpg,sk.jpg,,,,,,,,,,,,,,,,,,,,,,1,1,en_sk_308_bt,,1,,43600,47800,,5,,,,,,,,,,,,,,,,,16,new! SoftBank 601HW Black 20GB
813,1627,9,8,Yes (+ 50 JPY / Day),None (+ 0 JPY),,,[6 Months RENTAL]+[5 Months RENTAL] SoftBank 601HW Black,1,,,,,,,,[310 days RENTAL] SoftBank 601HW Black,sk.jpg,*,sk.jpg,sk.jpg,,,,,,,,,,,,,,,,,,,,,,1,1,en_sk_309_bt,,1,,43600,47800,,5,,,,,,,,,,,,,,,,,16,new! SoftBank 601HW Black 20GB
814,1628,9,8,Yes (+ 50 JPY / Day),None (+ 0 JPY),,,[6 Months RENTAL]+[5 Months RENTAL] SoftBank 601HW Black,1,,,,,,,,[311 days RENTAL] SoftBank 601HW Black,sk.jpg,*,sk.jpg,sk.jpg,,,,,,,,,,,,,,,,,,,,,,1,1,en_sk_310_bt,,1,,43600,47800,,5,,,,,,,,,,,,,,,,,16,new! SoftBank 601HW Black 20GB
815,1629,9,8,Yes (+ 50 JPY / Day),None (+ 0 JPY),,,[6 Months RENTAL]+[5 Months RENTAL] SoftBank 601HW Black,1,,,,,,,,[312 days RENTAL] SoftBank 601HW Black,sk.jpg,*,sk.jpg,sk.jpg,,,,,,,,,,,,,,,,,,,,,,1,1,en_sk_311_bt,,1,,43600,47800,,5,,,,,,,,,,,,,,,,,16,new! SoftBank 601HW Black 20GB
816,1630,9,8,Yes (+ 50 JPY / Day),None (+ 0 JPY),,,[6 Months RENTAL]+[5 Months RENTAL] SoftBank 601HW Black,1,,,,,,,,[313 days RENTAL] SoftBank 601HW Black,sk.jpg,*,sk.jpg,sk.jpg,,,,,,,,,,,,,,,,,,,,,,1,1,en_sk_312_bt,,1,,43600,47800,,5,,,,,,,,,,,,,,,,,16,new! SoftBank 601HW Black 20GB
817,1631,9,8,Yes (+ 50 JPY / Day),None (+ 0 JPY),,,[6 Months RENTAL]+[5 Months RENTAL] SoftBank 601HW Black,1,,,,,,,,[314 days RENTAL] SoftBank 601HW Black,sk.jpg,*,sk.jpg,sk.jpg,,,,,,,,,,,,,,,,,,,,,,1,1,en_sk_313_bt,,1,,43600,47800,,5,,,,,,,,,,,,,,,,,16,new! SoftBank 601HW Black 20GB
818,1632,9,8,Yes (+ 50 JPY / Day),None (+ 0 JPY),,,[6 Months RENTAL]+[5 Months RENTAL] SoftBank 601HW Black,1,,,,,,,,[315 days RENTAL] SoftBank 601HW Black,sk.jpg,*,sk.jpg,sk.jpg,,,,,,,,,,,,,,,,,,,,,,1,1,en_sk_314_bt,,1,,43600,47800,,5,,,,,,,,,,,,,,,,,16,new! SoftBank 601HW Black 20GB
819,1633,9,8,Yes (+ 50 JPY / Day),None (+ 0 JPY),,,[6 Months RENTAL]+[5 Months RENTAL] SoftBank 601HW Black,1,,,,,,,,[316 days RENTAL] SoftBank 601HW Black,sk.jpg,*,sk.jpg,sk.jpg,,,,,,,,,,,,,,,,,,,,,,1,1,en_sk_315_bt,,1,,43600,47800,,5,,,,,,,,,,,,,,,,,16,new! SoftBank 601HW Black 20GB
820,1634,9,8,Yes (+ 50 JPY / Day),None (+ 0 JPY),,,[6 Months RENTAL]+[5 Months RENTAL] SoftBank 601HW Black,1,,,,,,,,[317 days RENTAL] SoftBank 601HW Black,sk.jpg,*,sk.jpg,sk.jpg,,,,,,,,,,,,,,,,,,,,,,1,1,en_sk_316_bt,,1,,43600,47800,,5,,,,,,,,,,,,,,,,,16,new! SoftBank 601HW Black 20GB
821,1635,9,8,Yes (+ 50 JPY / Day),None (+ 0 JPY),,,[6 Months RENTAL]+[5 Months RENTAL] SoftBank 601HW Black,1,,,,,,,,[318 days RENTAL] SoftBank 601HW Black,sk.jpg,*,sk.jpg,sk.jpg,,,,,,,,,,,,,,,,,,,,,,1,1,en_sk_317_bt,,1,,43600,47800,,5,,,,,,,,,,,,,,,,,16,new! SoftBank 601HW Black 20GB
822,1636,9,8,Yes (+ 50 JPY / Day),None (+ 0 JPY),,,[6 Months RENTAL]+[5 Months RENTAL] SoftBank 601HW Black,1,,,,,,,,[319 days RENTAL] SoftBank 601HW Black,sk.jpg,*,sk.jpg,sk.jpg,,,,,,,,,,,,,,,,,,,,,,1,1,en_sk_318_bt,,1,,43600,47800,,5,,,,,,,,,,,,,,,,,16,new! SoftBank 601HW Black 20GB
823,1637,9,8,Yes (+ 50 JPY / Day),None (+ 0 JPY),,,[6 Months RENTAL]+[5 Months RENTAL] SoftBank 601HW Black,1,,,,,,,,[320 days RENTAL] SoftBank 601HW Black,sk.jpg,*,sk.jpg,sk.jpg,,,,,,,,,,,,,,,,,,,,,,1,1,en_sk_319_bt,,1,,43600,47800,,5,,,,,,,,,,,,,,,,,16,new! SoftBank 601HW Black 20GB
824,1638,9,8,Yes (+ 50 JPY / Day),None (+ 0 JPY),,,[6 Months RENTAL]+[5 Months RENTAL] SoftBank 601HW Black,1,,,,,,,,[321 days RENTAL] SoftBank 601HW Black,sk.jpg,*,sk.jpg,sk.jpg,,,,,,,,,,,,,,,,,,,,,,1,1,en_sk_320_bt,,1,,43600,47800,,5,,,,,,,,,,,,,,,,,16,new! SoftBank 601HW Black 20GB
825,1639,9,8,Yes (+ 50 JPY / Day),None (+ 0 JPY),,,[6 Months RENTAL]+[5 Months RENTAL] SoftBank 601HW Black,1,,,,,,,,[322 days RENTAL] SoftBank 601HW Black,sk.jpg,*,sk.jpg,sk.jpg,,,,,,,,,,,,,,,,,,,,,,1,1,en_sk_321_bt,,1,,43600,47800,,5,,,,,,,,,,,,,,,,,16,new! SoftBank 601HW Black 20GB
826,1640,9,8,Yes (+ 50 JPY / Day),None (+ 0 JPY),,,[6 Months RENTAL]+[5 Months RENTAL] SoftBank 601HW Black,1,,,,,,,,[323 days RENTAL] SoftBank 601HW Black,sk.jpg,*,sk.jpg,sk.jpg,,,,,,,,,,,,,,,,,,,,,,1,1,en_sk_322_bt,,1,,43600,47800,,5,,,,,,,,,,,,,,,,,16,new! SoftBank 601HW Black 20GB
827,1641,9,8,Yes (+ 50 JPY / Day),None (+ 0 JPY),,,[6 Months RENTAL]+[5 Months RENTAL] SoftBank 601HW Black,1,,,,,,,,[324 days RENTAL] SoftBank 601HW Black,sk.jpg,*,sk.jpg,sk.jpg,,,,,,,,,,,,,,,,,,,,,,1,1,en_sk_323_bt,,1,,43600,47800,,5,,,,,,,,,,,,,,,,,16,new! SoftBank 601HW Black 20GB
828,1642,9,8,Yes (+ 50 JPY / Day),None (+ 0 JPY),,,[6 Months RENTAL]+[5 Months RENTAL] SoftBank 601HW Black,1,,,,,,,,[325 days RENTAL] SoftBank 601HW Black,sk.jpg,*,sk.jpg,sk.jpg,,,,,,,,,,,,,,,,,,,,,,1,1,en_sk_324_bt,,1,,43600,47800,,5,,,,,,,,,,,,,,,,,16,new! SoftBank 601HW Black 20GB
829,1643,9,8,Yes (+ 50 JPY / Day),None (+ 0 JPY),,,[6 Months RENTAL]+[5 Months RENTAL] SoftBank 601HW Black,1,,,,,,,,[326 days RENTAL] SoftBank 601HW Black,sk.jpg,*,sk.jpg,sk.jpg,,,,,,,,,,,,,,,,,,,,,,1,1,en_sk_325_bt,,1,,43600,47800,,5,,,,,,,,,,,,,,,,,16,new! SoftBank 601HW Black 20GB
830,1644,9,8,Yes (+ 50 JPY / Day),None (+ 0 JPY),,,[6 Months RENTAL]+[5 Months RENTAL] SoftBank 601HW Black,1,,,,,,,,[327 days RENTAL] SoftBank 601HW Black,sk.jpg,*,sk.jpg,sk.jpg,,,,,,,,,,,,,,,,,,,,,,1,1,en_sk_326_bt,,1,,43600,47800,,5,,,,,,,,,,,,,,,,,16,new! SoftBank 601HW Black 20GB
831,1645,9,8,Yes (+ 50 JPY / Day),None (+ 0 JPY),,,[6 Months RENTAL]+[5 Months RENTAL] SoftBank 601HW Black,1,,,,,,,,[328 days RENTAL] SoftBank 601HW Black,sk.jpg,*,sk.jpg,sk.jpg,,,,,,,,,,,,,,,,,,,,,,1,1,en_sk_327_bt,,1,,43600,47800,,5,,,,,,,,,,,,,,,,,16,new! SoftBank 601HW Black 20GB
832,1646,9,8,Yes (+ 50 JPY / Day),None (+ 0 JPY),,,[6 Months RENTAL]+[5 Months RENTAL] SoftBank 601HW Black,1,,,,,,,,[329 days RENTAL] SoftBank 601HW Black,sk.jpg,*,sk.jpg,sk.jpg,,,,,,,,,,,,,,,,,,,,,,1,1,en_sk_328_bt,,1,,43600,47800,,5,,,,,,,,,,,,,,,,,16,new! SoftBank 601HW Black 20GB
833,1647,9,8,Yes (+ 50 JPY / Day),None (+ 0 JPY),,,[6 Months RENTAL]+[5 Months RENTAL] SoftBank 601HW Black,1,,,,,,,,[330 days RENTAL] SoftBank 601HW Black,sk.jpg,*,sk.jpg,sk.jpg,,,,,,,,,,,,,,,,,,,,,,1,1,en_sk_329_bt,,1,,43600,47800,,5,,,,,,,,,,,,,,,,,16,new! SoftBank 601HW Black 20GB
834,1648,9,8,Yes (+ 50 JPY / Day),None (+ 0 JPY),,,[6 Months RENTAL]+[5 Months RENTAL] SoftBank 601HW Black,1,,,,,,,,[331 days RENTAL] SoftBank 601HW Black,sk.jpg,*,sk.jpg,sk.jpg,,,,,,,,,,,,,,,,,,,,,,1,1,en_sk_330_bt,,1,,43600,47800,,5,,,,,,,,,,,,,,,,,16,new! SoftBank 601HW Black 20GB
835,1649,9,8,Yes (+ 50 JPY / Day),None (+ 0 JPY),,,[6 Months RENTAL]+[5 Months RENTAL] SoftBank 601HW Black,1,,,,,,,,[332 days RENTAL] SoftBank 601HW Black,sk.jpg,*,sk.jpg,sk.jpg,,,,,,,,,,,,,,,,,,,,,,,1,en_sk_331_bt,,1,,43600,47800,,5,,,,,,,,,,,,,,,,,16,new! SoftBank 601HW Black 20GB
836,1650,9,8,Yes (+ 50 JPY / Day),None (+ 0 JPY),,,[6 Months RENTAL]+[5 Months RENTAL]+[1 day RENTAL] SoftBank 601HW Black,1,,,,,,,,[333 days RENTAL] SoftBank 601HW Black,sk.jpg,*,sk.jpg,sk.jpg,,,,,,,,,,,,,,,,,,,,,,,1,en_sk_332_bt,,1,,44050,48300,,5,,,,,,,,,,,,,,,,,16,new! SoftBank 601HW Black 20GB
837,1651,9,8,Yes (+ 50 JPY / Day),None (+ 0 JPY),,,[6 Months RENTAL]+[5 Months RENTAL]+[2 days RENTAL] SoftBank 601HW Black,1,,,,,,,,[334 days RENTAL] SoftBank 601HW Black,sk.jpg,*,sk.jpg,sk.jpg,,,,,,,,,,,,,,,,,,,,,,,1,en_sk_333_bt,,1,,44500,48800,,5,,,,,,,,,,,,,,,,,16,new! SoftBank 601HW Black 20GB
838,1652,9,8,Yes (+ 50 JPY / Day),None (+ 0 JPY),,,[6 Months RENTAL]+[5 Months RENTAL]+[3 days RENTAL] SoftBank 601HW Black,1,,,,,,,,[335 days RENTAL] SoftBank 601HW Black,sk.jpg,*,sk.jpg,sk.jpg,,,,,,,,,,,,,,,,,,,,,,,1,en_sk_334_bt,,1,,44950,49300,,5,,,,,,,,,,,,,,,,,16,new! SoftBank 601HW Black 20GB
839,1653,9,8,Yes (+ 50 JPY / Day),None (+ 0 JPY),,,[6 Months RENTAL]+[5 Months RENTAL]+[4 days RENTAL] SoftBank 601HW Black,1,,,,,,,,[336 days RENTAL] SoftBank 601HW Black,sk.jpg,*,sk.jpg,sk.jpg,,,,,,,,,,,,,,,,,,,,,,,1,en_sk_335_bt,,1,,45400,49800,,5,,,,,,,,,,,,,,,,,16,new! SoftBank 601HW Black 20GB
840,1654,9,8,Yes (+ 50 JPY / Day),None (+ 0 JPY),,,[6 Months RENTAL]+[6 Months RENTAL] SoftBank 601HW Black,1,,,,,,,,[337 days RENTAL] SoftBank 601HW Black,sk.jpg,*,sk.jpg,sk.jpg,,,,,,,,,,,,,,,,,,,,,,1,1,en_sk_336_bt,,1,,45600,50100,,5,,,,,,,,,,,,,,,,,16,new! SoftBank 601HW Black 20GB
841,1655,9,8,Yes (+ 50 JPY / Day),None (+ 0 JPY),,,[6 Months RENTAL]+[6 Months RENTAL] SoftBank 601HW Black,1,,,,,,,,[338 days RENTAL] SoftBank 601HW Black,sk.jpg,*,sk.jpg,sk.jpg,,,,,,,,,,,,,,,,,,,,,,1,1,en_sk_337_bt,,1,,45600,50100,,5,,,,,,,,,,,,,,,,,16,new! SoftBank 601HW Black 20GB
842,1656,9,8,Yes (+ 50 JPY / Day),None (+ 0 JPY),,,[6 Months RENTAL]+[6 Months RENTAL] SoftBank 601HW Black,1,,,,,,,,[339 days RENTAL] SoftBank 601HW Black,sk.jpg,*,sk.jpg,sk.jpg,,,,,,,,,,,,,,,,,,,,,,1,1,en_sk_338_bt,,1,,45600,50100,,5,,,,,,,,,,,,,,,,,16,new! SoftBank 601HW Black 20GB
843,1657,9,8,Yes (+ 50 JPY / Day),None (+ 0 JPY),,,[6 Months RENTAL]+[6 Months RENTAL] SoftBank 601HW Black,1,,,,,,,,[340 days RENTAL] SoftBank 601HW Black,sk.jpg,*,sk.jpg,sk.jpg,,,,,,,,,,,,,,,,,,,,,,1,1,en_sk_339_bt,,1,,45600,50100,,5,,,,,,,,,,,,,,,,,16,new! SoftBank 601HW Black 20GB
844,1658,9,8,Yes (+ 50 JPY / Day),None (+ 0 JPY),,,[6 Months RENTAL]+[6 Months RENTAL] SoftBank 601HW Black,1,,,,,,,,[341 days RENTAL] SoftBank 601HW Black,sk.jpg,*,sk.jpg,sk.jpg,,,,,,,,,,,,,,,,,,,,,,1,1,en_sk_340_bt,,1,,45600,50100,,5,,,,,,,,,,,,,,,,,16,new! SoftBank 601HW Black 20GB
845,1659,9,8,Yes (+ 50 JPY / Day),None (+ 0 JPY),,,[6 Months RENTAL]+[6 Months RENTAL] SoftBank 601HW Black,1,,,,,,,,[342 days RENTAL] SoftBank 601HW Black,sk.jpg,*,sk.jpg,sk.jpg,,,,,,,,,,,,,,,,,,,,,,1,1,en_sk_341_bt,,1,,45600,50100,,5,,,,,,,,,,,,,,,,,16,new! SoftBank 601HW Black 20GB
846,1660,9,8,Yes (+ 50 JPY / Day),None (+ 0 JPY),,,[6 Months RENTAL]+[6 Months RENTAL] SoftBank 601HW Black,1,,,,,,,,[343 days RENTAL] SoftBank 601HW Black,sk.jpg,*,sk.jpg,sk.jpg,,,,,,,,,,,,,,,,,,,,,,1,1,en_sk_342_bt,,1,,45600,50100,,5,,,,,,,,,,,,,,,,,16,new! SoftBank 601HW Black 20GB
847,1661,9,8,Yes (+ 50 JPY / Day),None (+ 0 JPY),,,[6 Months RENTAL]+[6 Months RENTAL] SoftBank 601HW Black,1,,,,,,,,[344 days RENTAL] SoftBank 601HW Black,sk.jpg,*,sk.jpg,sk.jpg,,,,,,,,,,,,,,,,,,,,,,1,1,en_sk_343_bt,,1,,45600,50100,,5,,,,,,,,,,,,,,,,,16,new! SoftBank 601HW Black 20GB
848,1662,9,8,Yes (+ 50 JPY / Day),None (+ 0 JPY),,,[6 Months RENTAL]+[6 Months RENTAL] SoftBank 601HW Black,1,,,,,,,,[345 days RENTAL] SoftBank 601HW Black,sk.jpg,*,sk.jpg,sk.jpg,,,,,,,,,,,,,,,,,,,,,,1,1,en_sk_344_bt,,1,,45600,50100,,5,,,,,,,,,,,,,,,,,16,new! SoftBank 601HW Black 20GB
849,1663,9,8,Yes (+ 50 JPY / Day),None (+ 0 JPY),,,[6 Months RENTAL]+[6 Months RENTAL] SoftBank 601HW Black,1,,,,,,,,[346 days RENTAL] SoftBank 601HW Black,sk.jpg,*,sk.jpg,sk.jpg,,,,,,,,,,,,,,,,,,,,,,1,1,en_sk_345_bt,,1,,45600,50100,,5,,,,,,,,,,,,,,,,,16,new! SoftBank 601HW Black 20GB
850,1664,9,8,Yes (+ 50 JPY / Day),None (+ 0 JPY),,,[6 Months RENTAL]+[6 Months RENTAL] SoftBank 601HW Black,1,,,,,,,,[347 days RENTAL] SoftBank 601HW Black,sk.jpg,*,sk.jpg,sk.jpg,,,,,,,,,,,,,,,,,,,,,,1,1,en_sk_346_bt,,1,,45600,50100,,5,,,,,,,,,,,,,,,,,16,new! SoftBank 601HW Black 20GB
851,1665,9,8,Yes (+ 50 JPY / Day),None (+ 0 JPY),,,[6 Months RENTAL]+[6 Months RENTAL] SoftBank 601HW Black,1,,,,,,,,[348 days RENTAL] SoftBank 601HW Black,sk.jpg,*,sk.jpg,sk.jpg,,,,,,,,,,,,,,,,,,,,,,1,1,en_sk_347_bt,,1,,45600,50100,,5,,,,,,,,,,,,,,,,,16,new! SoftBank 601HW Black 20GB
852,1666,9,8,Yes (+ 50 JPY / Day),None (+ 0 JPY),,,[6 Months RENTAL]+[6 Months RENTAL] SoftBank 601HW Black,1,,,,,,,,[349 days RENTAL] SoftBank 601HW Black,sk.jpg,*,sk.jpg,sk.jpg,,,,,,,,,,,,,,,,,,,,,,1,1,en_sk_348_bt,,1,,45600,50100,,5,,,,,,,,,,,,,,,,,16,new! SoftBank 601HW Black 20GB
853,1667,9,8,Yes (+ 50 JPY / Day),None (+ 0 JPY),,,[6 Months RENTAL]+[6 Months RENTAL] SoftBank 601HW Black,1,,,,,,,,[350 days RENTAL] SoftBank 601HW Black,sk.jpg,*,sk.jpg,sk.jpg,,,,,,,,,,,,,,,,,,,,,,1,1,en_sk_349_bt,,1,,45600,50100,,5,,,,,,,,,,,,,,,,,16,new! SoftBank 601HW Black 20GB
854,1668,9,8,Yes (+ 50 JPY / Day),None (+ 0 JPY),,,[6 Months RENTAL]+[6 Months RENTAL] SoftBank 601HW Black,1,,,,,,,,[351 days RENTAL] SoftBank 601HW Black,sk.jpg,*,sk.jpg,sk.jpg,,,,,,,,,,,,,,,,,,,,,,1,1,en_sk_350_bt,,1,,45600,50100,,5,,,,,,,,,,,,,,,,,16,new! SoftBank 601HW Black 20GB
855,1669,9,8,Yes (+ 50 JPY / Day),None (+ 0 JPY),,,[6 Months RENTAL]+[6 Months RENTAL] SoftBank 601HW Black,1,,,,,,,,[352 days RENTAL] SoftBank 601HW Black,sk.jpg,*,sk.jpg,sk.jpg,,,,,,,,,,,,,,,,,,,,,,1,1,en_sk_351_bt,,1,,45600,50100,,5,,,,,,,,,,,,,,,,,16,new! SoftBank 601HW Black 20GB
856,1670,9,8,Yes (+ 50 JPY / Day),None (+ 0 JPY),,,[6 Months RENTAL]+[6 Months RENTAL] SoftBank 601HW Black,1,,,,,,,,[353 days RENTAL] SoftBank 601HW Black,sk.jpg,*,sk.jpg,sk.jpg,,,,,,,,,,,,,,,,,,,,,,1,1,en_sk_352_bt,,1,,45600,50100,,5,,,,,,,,,,,,,,,,,16,new! SoftBank 601HW Black 20GB
857,1671,9,8,Yes (+ 50 JPY / Day),None (+ 0 JPY),,,[6 Months RENTAL]+[6 Months RENTAL] SoftBank 601HW Black,1,,,,,,,,[354 days RENTAL] SoftBank 601HW Black,sk.jpg,*,sk.jpg,sk.jpg,,,,,,,,,,,,,,,,,,,,,,1,1,en_sk_353_bt,,1,,45600,50100,,5,,,,,,,,,,,,,,,,,16,new! SoftBank 601HW Black 20GB
858,1672,9,8,Yes (+ 50 JPY / Day),None (+ 0 JPY),,,[6 Months RENTAL]+[6 Months RENTAL] SoftBank 601HW Black,1,,,,,,,,[355 days RENTAL] SoftBank 601HW Black,sk.jpg,*,sk.jpg,sk.jpg,,,,,,,,,,,,,,,,,,,,,,1,1,en_sk_354_bt,,1,,45600,50100,,5,,,,,,,,,,,,,,,,,16,new! SoftBank 601HW Black 20GB
859,1673,9,8,Yes (+ 50 JPY / Day),None (+ 0 JPY),,,[6 Months RENTAL]+[6 Months RENTAL] SoftBank 601HW Black,1,,,,,,,,[356 days RENTAL] SoftBank 601HW Black,sk.jpg,*,sk.jpg,sk.jpg,,,,,,,,,,,,,,,,,,,,,,1,1,en_sk_355_bt,,1,,45600,50100,,5,,,,,,,,,,,,,,,,,16,new! SoftBank 601HW Black 20GB
860,1674,9,8,Yes (+ 50 JPY / Day),None (+ 0 JPY),,,[6 Months RENTAL]+[6 Months RENTAL] SoftBank 601HW Black,1,,,,,,,,[357 days RENTAL] SoftBank 601HW Black,sk.jpg,*,sk.jpg,sk.jpg,,,,,,,,,,,,,,,,,,,,,,1,1,en_sk_356_bt,,1,,45600,50100,,5,,,,,,,,,,,,,,,,,16,new! SoftBank 601HW Black 20GB
861,1675,9,8,Yes (+ 50 JPY / Day),None (+ 0 JPY),,,[6 Months RENTAL]+[6 Months RENTAL] SoftBank 601HW Black,1,,,,,,,,[358 days RENTAL] SoftBank 601HW Black,sk.jpg,*,sk.jpg,sk.jpg,,,,,,,,,,,,,,,,,,,,,,1,1,en_sk_357_bt,,1,,45600,50100,,5,,,,,,,,,,,,,,,,,16,new! SoftBank 601HW Black 20GB
862,1676,9,8,Yes (+ 50 JPY / Day),None (+ 0 JPY),,,[6 Months RENTAL]+[6 Months RENTAL] SoftBank 601HW Black,1,,,,,,,,[359 days RENTAL] SoftBank 601HW Black,sk.jpg,*,sk.jpg,sk.jpg,,,,,,,,,,,,,,,,,,,,,,1,1,en_sk_358_bt,,1,,45600,50100,,5,,,,,,,,,,,,,,,,,16,new! SoftBank 601HW Black 20GB
863,1677,9,8,Yes (+ 50 JPY / Day),None (+ 0 JPY),,,[6 Months RENTAL]+[6 Months RENTAL] SoftBank 601HW Black,1,,,,,,,,[360 days RENTAL] SoftBank 601HW Black,sk.jpg,*,sk.jpg,sk.jpg,,,,,,,,,,,,,,,,,,,,,,1,1,en_sk_359_bt,,1,,45600,50100,,5,,,,,,,,,,,,,,,,,16,new! SoftBank 601HW Black 20GB
864,1678,9,8,Yes (+ 50 JPY / Day),None (+ 0 JPY),,,[6 Months RENTAL]+[6 Months RENTAL] SoftBank 601HW Black,1,,,,,,,,[361 days RENTAL] SoftBank 601HW Black,sk.jpg,*,sk.jpg,sk.jpg,,,,,,,,,,,,,,,,,,,,,,1,1,en_sk_360_bt,,1,,45600,50100,,5,,,,,,,,,,,,,,,,,16,new! SoftBank 601HW Black 20GB
865,1679,9,8,Yes (+ 50 JPY / Day),None (+ 0 JPY),,,[6 Months RENTAL]+[6 Months RENTAL] SoftBank 601HW Black,1,,,,,,,,[362 days RENTAL] SoftBank 601HW Black,sk.jpg,*,sk.jpg,sk.jpg,,,,,,,,,,,,,,,,,,,,,,,1,en_sk_361_bt,,1,,45600,50100,,5,,,,,,,,,,,,,,,,,16,new! SoftBank 601HW Black 20GB
866,1680,9,8,Yes (+ 50 JPY / Day),None (+ 0 JPY),,,[6 Months RENTAL]+[6 Months RENTAL]+[1 day RENTAL] SoftBank 601HW Black,1,,,,,,,,[363 days RENTAL] SoftBank 601HW Black,sk.jpg,*,sk.jpg,sk.jpg,,,,,,,,,,,,,,,,,,,,,,,1,en_sk_362_bt,,1,,46050,50600,,5,,,,,,,,,,,,,,,,,16,new! SoftBank 601HW Black 20GB
867,1681,9,8,Yes (+ 50 JPY / Day),None (+ 0 JPY),,,[6 Months RENTAL]+[6 Months RENTAL]+[2 days RENTAL] SoftBank 601HW Black,1,,,,,,,,[364 days RENTAL] SoftBank 601HW Black,sk.jpg,*,sk.jpg,sk.jpg,,,,,,,,,,,,,,,,,,,,,,,1,en_sk_363_bt,,1,,46500,51100,,5,,,,,,,,,,,,,,,,,16,new! SoftBank 601HW Black 20GB
868,1682,9,8,Yes (+ 50 JPY / Day),None (+ 0 JPY),,,[6 Months RENTAL]+[6 Months RENTAL]+[3 days RENTAL] SoftBank 601HW Black,1,,,,,,,,[365 days RENTAL] SoftBank 601HW Black,sk.jpg,*,sk.jpg,sk.jpg,,,,,,,,,,,,,,,,,,,,,,,1,en_sk_364_bt,,1,,46950,51600,,5,,,,,,,,,,,,,,,,,16,new! SoftBank 601HW Black 20GB
504,1683,10,7,None (+ 0 JPY),Yes (+ 540 JPY),,,[1 day RENTAL] SoftBank 601HW Black,1,,,,,,,,[1 days RENTAL] SoftBank 601HW Black,sk.jpg,*,sk.jpg,sk.jpg,,,,,,,,,,,,,,,,,,,,,,,1,en_sk_000_in,,1,,450,990,,5,,,,,,,,,,,,,,,,,16,new! SoftBank 601HW Black 20GB
505,1684,10,7,None (+ 0 JPY),Yes (+ 540 JPY),,,[2 days RENTAL] SoftBank 601HW Black,1,,,,,,,,[2 days RENTAL] SoftBank 601HW Black,sk.jpg,*,sk.jpg,sk.jpg,,,,,,,,,,,,,,,,,,,,,,,1,en_sk_001_in,,1,,900,1440,,5,,,,,,,,,,,,,,,,,16,new! SoftBank 601HW Black 20GB
506,1685,10,7,None (+ 0 JPY),Yes (+ 540 JPY),,,[3 days RENTAL] SoftBank 601HW Black,1,,,,,,,,[3 days RENTAL] SoftBank 601HW Black,sk.jpg,*,sk.jpg,sk.jpg,,,,,,,,,,,,,,,,,,,,,,,1,en_sk_002_in,,1,,1350,1890,,5,,,,,,,,,,,,,,,,,16,new! SoftBank 601HW Black 20GB
507,1686,10,7,None (+ 0 JPY),Yes (+ 540 JPY),,,[4 days RENTAL] SoftBank 601HW Black,1,,,,,,,,[4 days RENTAL] SoftBank 601HW Black,sk.jpg,*,sk.jpg,sk.jpg,,,,,,,,,,,,,,,,,,,,,,,1,en_sk_003_in,,1,,1800,2340,,5,,,,,,,,,,,,,,,,,16,new! SoftBank 601HW Black 20GB
508,1687,10,7,None (+ 0 JPY),Yes (+ 540 JPY),,,[5 days RENTAL] SoftBank 601HW Black,1,,,,,,,,[5 days RENTAL] SoftBank 601HW Black,sk.jpg,*,sk.jpg,sk.jpg,,,,,,,,,,,,,,,,,,,,,,,1,en_sk_004_in,,1,,2250,2790,,5,,,,,,,,,,,,,,,,,16,new! SoftBank 601HW Black 20GB
509,1688,10,7,None (+ 0 JPY),Yes (+ 540 JPY),,,[6 days RENTAL] SoftBank 601HW Black,1,,,,,,,,[6 days RENTAL] SoftBank 601HW Black,sk.jpg,*,sk.jpg,sk.jpg,,,,,,,,,,,,,,,,,,,,,,,1,en_sk_005_in,,1,,2700,3240,,5,,,,,,,,,,,,,,,,,16,new! SoftBank 601HW Black 20GB
510,1689,10,7,None (+ 0 JPY),Yes (+ 540 JPY),,,[7 days RENTAL] SoftBank 601HW Black,1,,,,,,,,[7 days RENTAL] SoftBank 601HW Black,sk.jpg,*,sk.jpg,sk.jpg,,,,,,,,,,,,,,,,,,,,,,,1,en_sk_006_in,,1,,3150,3690,,5,,,,,,,,,,,,,,,,,16,new! SoftBank 601HW Black 20GB
511,1690,10,7,None (+ 0 JPY),Yes (+ 540 JPY),,,[8 days RENTAL] SoftBank 601HW Black,1,,,,,,,,[8 days RENTAL] SoftBank 601HW Black,sk.jpg,*,sk.jpg,sk.jpg,,,,,,,,,,,,,,,,,,,,,,,1,en_sk_007_in,,1,,3600,4140,,5,,,,,,,,,,,,,,,,,16,new! SoftBank 601HW Black 20GB
512,1691,10,7,None (+ 0 JPY),Yes (+ 540 JPY),,,[9 days RENTAL] SoftBank 601HW Black,1,,,,,,,,[9 days RENTAL] SoftBank 601HW Black,sk.jpg,*,sk.jpg,sk.jpg,,,,,,,,,,,,,,,,,,,,,,,1,en_sk_008_in,,1,,4050,4590,,5,,,,,,,,,,,,,,,,,16,new! SoftBank 601HW Black 20GB
513,1692,10,7,None (+ 0 JPY),Yes (+ 540 JPY),,,[10 days RENTAL] SoftBank 601HW Black,1,,,,,,,,[10 days RENTAL] SoftBank 601HW Black,sk.jpg,*,sk.jpg,sk.jpg,,,,,,,,,,,,,,,,,,,,,,,1,en_sk_009_in,,1,,4500,5040,,5,,,,,,,,,,,,,,,,,16,new! SoftBank 601HW Black 20GB
514,1693,10,7,None (+ 0 JPY),Yes (+ 540 JPY),,,[11 days RENTAL] SoftBank 601HW Black,1,,,,,,,,[11 days RENTAL] SoftBank 601HW Black,sk.jpg,*,sk.jpg,sk.jpg,,,,,,,,,,,,,,,,,,,,,,,1,en_sk_010_in,,1,,4950,5490,,5,,,,,,,,,,,,,,,,,16,new! SoftBank 601HW Black 20GB
515,1694,10,7,None (+ 0 JPY),Yes (+ 540 JPY),,,[12 days RENTAL] SoftBank 601HW Black,1,,,,,,,,[12 days RENTAL] SoftBank 601HW Black,sk.jpg,*,sk.jpg,sk.jpg,,,,,,,,,,,,,,,,,,,,,,,1,en_sk_011_in,,1,,5400,5940,,5,,,,,,,,,,,,,,,,,16,new! SoftBank 601HW Black 20GB
516,1695,10,7,None (+ 0 JPY),Yes (+ 540 JPY),,,[13 days RENTAL] SoftBank 601HW Black,1,,,,,,,,[13 days RENTAL] SoftBank 601HW Black,sk.jpg,*,sk.jpg,sk.jpg,,,,,,,,,,,,,,,,,,,,,,,1,en_sk_012_in,,1,,5850,6390,,5,,,,,,,,,,,,,,,,,16,new! SoftBank 601HW Black 20GB
517,1696,10,7,None (+ 0 JPY),Yes (+ 540 JPY),,,[14 days RENTAL] SoftBank 601HW Black,1,,,,,,,,[14 days RENTAL] SoftBank 601HW Black,sk.jpg,*,sk.jpg,sk.jpg,,,,,,,,,,,,,,,,,,,,,,,1,en_sk_013_in,,1,,6300,6840,,5,,,,,,,,,,,,,,,,,16,new! SoftBank 601HW Black 20GB
518,1697,10,7,None (+ 0 JPY),Yes (+ 540 JPY),,,[1 Month (15 days〜31 days)] SoftBank 601HW Black,1,,,,,,,,[15 days RENTAL] SoftBank 601HW Black,sk.jpg,*,sk.jpg,sk.jpg,,,,,,,,,,,,,,,,,,,,,,,1,en_sk_014_in,,1,,6750,7290,,5,,,,,,,,,,,,,,,,,16,new! SoftBank 601HW Black 20GB
519,1698,10,7,None (+ 0 JPY),Yes (+ 540 JPY),,,[1 Month (15 days〜31 days)] SoftBank 601HW Black,1,,,,,,,,[16 days RENTAL] SoftBank 601HW Black,sk.jpg,*,sk.jpg,sk.jpg,,,,,,,,,,,,,,,,,,,,,,1,1,en_sk_015_in,,1,,6750,7290,,5,,,,,,,,,,,,,,,,,16,new! SoftBank 601HW Black 20GB
520,1699,10,7,None (+ 0 JPY),Yes (+ 540 JPY),,,[1 Month (15 days〜31 days)] SoftBank 601HW Black,1,,,,,,,,[17 days RENTAL] SoftBank 601HW Black,sk.jpg,*,sk.jpg,sk.jpg,,,,,,,,,,,,,,,,,,,,,,1,1,en_sk_016_in,,1,,6750,7290,,5,,,,,,,,,,,,,,,,,16,new! SoftBank 601HW Black 20GB
521,1700,10,7,None (+ 0 JPY),Yes (+ 540 JPY),,,[1 Month (15 days〜31 days)] SoftBank 601HW Black,1,,,,,,,,[18 days RENTAL] SoftBank 601HW Black,sk.jpg,*,sk.jpg,sk.jpg,,,,,,,,,,,,,,,,,,,,,,1,1,en_sk_017_in,,1,,6750,7290,,5,,,,,,,,,,,,,,,,,16,new! SoftBank 601HW Black 20GB
522,1701,10,7,None (+ 0 JPY),Yes (+ 540 JPY),,,[1 Month (15 days〜31 days)] SoftBank 601HW Black,1,,,,,,,,[19 days RENTAL] SoftBank 601HW Black,sk.jpg,*,sk.jpg,sk.jpg,,,,,,,,,,,,,,,,,,,,,,1,1,en_sk_018_in,,1,,6750,7290,,5,,,,,,,,,,,,,,,,,16,new! SoftBank 601HW Black 20GB
523,1702,10,7,None (+ 0 JPY),Yes (+ 540 JPY),,,[1 Month (15 days〜31 days)] SoftBank 601HW Black,1,,,,,,,,[20 days RENTAL] SoftBank 601HW Black,sk.jpg,*,sk.jpg,sk.jpg,,,,,,,,,,,,,,,,,,,,,,1,1,en_sk_019_in,,1,,6750,7290,,5,,,,,,,,,,,,,,,,,16,new! SoftBank 601HW Black 20GB
524,1703,10,7,None (+ 0 JPY),Yes (+ 540 JPY),,,[1 Month (15 days〜31 days)] SoftBank 601HW Black,1,,,,,,,,[21 days RENTAL] SoftBank 601HW Black,sk.jpg,*,sk.jpg,sk.jpg,,,,,,,,,,,,,,,,,,,,,,1,1,en_sk_020_in,,1,,6750,7290,,5,,,,,,,,,,,,,,,,,16,new! SoftBank 601HW Black 20GB
525,1704,10,7,None (+ 0 JPY),Yes (+ 540 JPY),,,[1 Month (15 days〜31 days)] SoftBank 601HW Black,1,,,,,,,,[22 days RENTAL] SoftBank 601HW Black,sk.jpg,*,sk.jpg,sk.jpg,,,,,,,,,,,,,,,,,,,,,,1,1,en_sk_021_in,,1,,6750,7290,,5,,,,,,,,,,,,,,,,,16,new! SoftBank 601HW Black 20GB
526,1705,10,7,None (+ 0 JPY),Yes (+ 540 JPY),,,[1 Month (15 days〜31 days)] SoftBank 601HW Black,1,,,,,,,,[23 days RENTAL] SoftBank 601HW Black,sk.jpg,*,sk.jpg,sk.jpg,,,,,,,,,,,,,,,,,,,,,,1,1,en_sk_022_in,,1,,6750,7290,,5,,,,,,,,,,,,,,,,,16,new! SoftBank 601HW Black 20GB
527,1706,10,7,None (+ 0 JPY),Yes (+ 540 JPY),,,[1 Month (15 days〜31 days)] SoftBank 601HW Black,1,,,,,,,,[24 days RENTAL] SoftBank 601HW Black,sk.jpg,*,sk.jpg,sk.jpg,,,,,,,,,,,,,,,,,,,,,,1,1,en_sk_023_in,,1,,6750,7290,,5,,,,,,,,,,,,,,,,,16,new! SoftBank 601HW Black 20GB
528,1707,10,7,None (+ 0 JPY),Yes (+ 540 JPY),,,[1 Month (15 days〜31 days)] SoftBank 601HW Black,1,,,,,,,,[25 days RENTAL] SoftBank 601HW Black,sk.jpg,*,sk.jpg,sk.jpg,,,,,,,,,,,,,,,,,,,,,,1,1,en_sk_024_in,,1,,6750,7290,,5,,,,,,,,,,,,,,,,,16,new! SoftBank 601HW Black 20GB
529,1708,10,7,None (+ 0 JPY),Yes (+ 540 JPY),,,[1 Month (15 days〜31 days)] SoftBank 601HW Black,1,,,,,,,,[26 days RENTAL] SoftBank 601HW Black,sk.jpg,*,sk.jpg,sk.jpg,,,,,,,,,,,,,,,,,,,,,,1,1,en_sk_025_in,,1,,6750,7290,,5,,,,,,,,,,,,,,,,,16,new! SoftBank 601HW Black 20GB
530,1709,10,7,None (+ 0 JPY),Yes (+ 540 JPY),,,[1 Month (15 days〜31 days)] SoftBank 601HW Black,1,,,,,,,,[27 days RENTAL] SoftBank 601HW Black,sk.jpg,*,sk.jpg,sk.jpg,,,,,,,,,,,,,,,,,,,,,,1,1,en_sk_026_in,,1,,6750,7290,,5,,,,,,,,,,,,,,,,,16,new! SoftBank 601HW Black 20GB
531,1710,10,7,None (+ 0 JPY),Yes (+ 540 JPY),,,[1 Month (15 days〜31 days)] SoftBank 601HW Black,1,,,,,,,,[28 days RENTAL] SoftBank 601HW Black,sk.jpg,*,sk.jpg,sk.jpg,,,,,,,,,,,,,,,,,,,,,,1,1,en_sk_027_in,,1,,6750,7290,,5,,,,,,,,,,,,,,,,,16,new! SoftBank 601HW Black 20GB
532,1711,10,7,None (+ 0 JPY),Yes (+ 540 JPY),,,[1 Month (15 days〜31 days)] SoftBank 601HW Black,1,,,,,,,,[29 days RENTAL] SoftBank 601HW Black,sk.jpg,*,sk.jpg,sk.jpg,,,,,,,,,,,,,,,,,,,,,,1,1,en_sk_028_in,,1,,6750,7290,,5,,,,,,,,,,,,,,,,,16,new! SoftBank 601HW Black 20GB
533,1712,10,7,None (+ 0 JPY),Yes (+ 540 JPY),,,[1 Month (15 days〜31 days)] SoftBank 601HW Black,1,,,,,,,,[30 days RENTAL] SoftBank 601HW Black,sk.jpg,*,sk.jpg,sk.jpg,,,,,,,,,,,,,,,,,,,,,,1,1,en_sk_029_in,,1,,6750,7290,,5,,,,,,,,,,,,,,,,,16,new! SoftBank 601HW Black 20GB
534,1713,10,7,None (+ 0 JPY),Yes (+ 540 JPY),,,[1 Month (15 days〜31 days)] SoftBank 601HW Black,1,,,,,,,,[31 days RENTAL] SoftBank 601HW Black,sk.jpg,*,sk.jpg,sk.jpg,,,,,,,,,,,,,,,,,,,,,,1,1,en_sk_030_in,,1,,6750,7290,,5,,,,,,,,,,,,,,,,,16,new! SoftBank 601HW Black 20GB
535,1714,10,7,None (+ 0 JPY),Yes (+ 540 JPY),,,[1 Month]+[1 day RENTAL] SoftBank 601HW Black,1,,,,,,,,[32 days RENTAL] SoftBank 601HW Black,sk.jpg,*,sk.jpg,sk.jpg,,,,,,,,,,,,,,,,,,,,,,,1,en_sk_031_in,,1,,7200,7740,,5,,,,,,,,,,,,,,,,,16,new! SoftBank 601HW Black 20GB
536,1715,10,7,None (+ 0 JPY),Yes (+ 540 JPY),,,[1 Month]+[2 days RENTAL] SoftBank 601HW Black,1,,,,,,,,[33 days RENTAL] SoftBank 601HW Black,sk.jpg,*,sk.jpg,sk.jpg,,,,,,,,,,,,,,,,,,,,,,,1,en_sk_032_in,,1,,7650,8190,,5,,,,,,,,,,,,,,,,,16,new! SoftBank 601HW Black 20GB
537,1716,10,7,None (+ 0 JPY),Yes (+ 540 JPY),,,[1 Month]+[3 days RENTAL] SoftBank 601HW Black,1,,,,,,,,[34 days RENTAL] SoftBank 601HW Black,sk.jpg,*,sk.jpg,sk.jpg,,,,,,,,,,,,,,,,,,,,,,,1,en_sk_033_in,,1,,8100,8640,,5,,,,,,,,,,,,,,,,,16,new! SoftBank 601HW Black 20GB
538,1717,10,7,None (+ 0 JPY),Yes (+ 540 JPY),,,[1 Month]+[4 days RENTAL] SoftBank 601HW Black,1,,,,,,,,[35 days RENTAL] SoftBank 601HW Black,sk.jpg,*,sk.jpg,sk.jpg,,,,,,,,,,,,,,,,,,,,,,,1,en_sk_034_in,,1,,8550,9090,,5,,,,,,,,,,,,,,,,,16,new! SoftBank 601HW Black 20GB
539,1718,10,7,None (+ 0 JPY),Yes (+ 540 JPY),,,[1 Month]+[5 days RENTAL] SoftBank 601HW Black,1,,,,,,,,[36 days RENTAL] SoftBank 601HW Black,sk.jpg,*,sk.jpg,sk.jpg,,,,,,,,,,,,,,,,,,,,,,,1,en_sk_035_in,,1,,9000,9540,,5,,,,,,,,,,,,,,,,,16,new! SoftBank 601HW Black 20GB
540,1719,10,7,None (+ 0 JPY),Yes (+ 540 JPY),,,[1 Month]+[6 days RENTAL] SoftBank 601HW Black,1,,,,,,,,[37 days RENTAL] SoftBank 601HW Black,sk.jpg,*,sk.jpg,sk.jpg,,,,,,,,,,,,,,,,,,,,,,,1,en_sk_036_in,,1,,9450,9990,,5,,,,,,,,,,,,,,,,,16,new! SoftBank 601HW Black 20GB
541,1720,10,7,None (+ 0 JPY),Yes (+ 540 JPY),,,[1 Month]+[7 days RENTAL] SoftBank 601HW Black,1,,,,,,,,[38 days RENTAL] SoftBank 601HW Black,sk.jpg,*,sk.jpg,sk.jpg,,,,,,,,,,,,,,,,,,,,,,,1,en_sk_037_in,,1,,9900,10440,,5,,,,,,,,,,,,,,,,,16,new! SoftBank 601HW Black 20GB
542,1721,10,7,None (+ 0 JPY),Yes (+ 540 JPY),,,[1 Month]+[8 days RENTAL] SoftBank 601HW Black,1,,,,,,,,[39 days RENTAL] SoftBank 601HW Black,sk.jpg,*,sk.jpg,sk.jpg,,,,,,,,,,,,,,,,,,,,,,,1,en_sk_038_in,,1,,10350,10890,,5,,,,,,,,,,,,,,,,,16,new! SoftBank 601HW Black 20GB
543,1722,10,7,None (+ 0 JPY),Yes (+ 540 JPY),,,[1 Month]+[9 days RENTAL] SoftBank 601HW Black,1,,,,,,,,[40 days RENTAL] SoftBank 601HW Black,sk.jpg,*,sk.jpg,sk.jpg,,,,,,,,,,,,,,,,,,,,,,,1,en_sk_039_in,,1,,10800,11340,,5,,,,,,,,,,,,,,,,,16,new! SoftBank 601HW Black 20GB
544,1723,10,7,None (+ 0 JPY),Yes (+ 540 JPY),,,[1 Month]+[10 days RENTAL] SoftBank 601HW Black,1,,,,,,,,[41 days RENTAL] SoftBank 601HW Black,sk.jpg,*,sk.jpg,sk.jpg,,,,,,,,,,,,,,,,,,,,,,,1,en_sk_040_in,,1,,11250,11790,,5,,,,,,,,,,,,,,,,,16,new! SoftBank 601HW Black 20GB
545,1724,10,7,None (+ 0 JPY),Yes (+ 540 JPY),,,[1 Month]+[11 days RENTAL] SoftBank 601HW Black,1,,,,,,,,[42 days RENTAL] SoftBank 601HW Black,sk.jpg,*,sk.jpg,sk.jpg,,,,,,,,,,,,,,,,,,,,,,,1,en_sk_041_in,,1,,11700,12240,,5,,,,,,,,,,,,,,,,,16,new! SoftBank 601HW Black 20GB
546,1725,10,7,None (+ 0 JPY),Yes (+ 540 JPY),,,[2 Months RENTAL] SoftBank 601HW Black,1,,,,,,,,[43 days RENTAL] SoftBank 601HW Black,sk.jpg,*,sk.jpg,sk.jpg,,,,,,,,,,,,,,,,,,,,,,1,1,en_sk_042_in,,1,,12000,12540,,5,,,,,,,,,,,,,,,,,16,new! SoftBank 601HW Black 20GB
547,1726,10,7,None (+ 0 JPY),Yes (+ 540 JPY),,,[2 Months RENTAL] SoftBank 601HW Black,1,,,,,,,,[44 days RENTAL] SoftBank 601HW Black,sk.jpg,*,sk.jpg,sk.jpg,,,,,,,,,,,,,,,,,,,,,,1,1,en_sk_043_in,,1,,12000,12540,,5,,,,,,,,,,,,,,,,,16,new! SoftBank 601HW Black 20GB
548,1727,10,7,None (+ 0 JPY),Yes (+ 540 JPY),,,[2 Months RENTAL] SoftBank 601HW Black,1,,,,,,,,[45 days RENTAL] SoftBank 601HW Black,sk.jpg,*,sk.jpg,sk.jpg,,,,,,,,,,,,,,,,,,,,,,1,1,en_sk_044_in,,1,,12000,12540,,5,,,,,,,,,,,,,,,,,16,new! SoftBank 601HW Black 20GB
549,1728,10,7,None (+ 0 JPY),Yes (+ 540 JPY),,,[2 Months RENTAL] SoftBank 601HW Black,1,,,,,,,,[46 days RENTAL] SoftBank 601HW Black,sk.jpg,*,sk.jpg,sk.jpg,,,,,,,,,,,,,,,,,,,,,,1,1,en_sk_045_in,,1,,12000,12540,,5,,,,,,,,,,,,,,,,,16,new! SoftBank 601HW Black 20GB
550,1729,10,7,None (+ 0 JPY),Yes (+ 540 JPY),,,[2 Months RENTAL] SoftBank 601HW Black,1,,,,,,,,[47 days RENTAL] SoftBank 601HW Black,sk.jpg,*,sk.jpg,sk.jpg,,,,,,,,,,,,,,,,,,,,,,1,1,en_sk_046_in,,1,,12000,12540,,5,,,,,,,,,,,,,,,,,16,new! SoftBank 601HW Black 20GB
551,1730,10,7,None (+ 0 JPY),Yes (+ 540 JPY),,,[2 Months RENTAL] SoftBank 601HW Black,1,,,,,,,,[48 days RENTAL] SoftBank 601HW Black,sk.jpg,*,sk.jpg,sk.jpg,,,,,,,,,,,,,,,,,,,,,,1,1,en_sk_047_in,,1,,12000,12540,,5,,,,,,,,,,,,,,,,,16,new! SoftBank 601HW Black 20GB
552,1731,10,7,None (+ 0 JPY),Yes (+ 540 JPY),,,[2 Months RENTAL] SoftBank 601HW Black,1,,,,,,,,[49 days RENTAL] SoftBank 601HW Black,sk.jpg,*,sk.jpg,sk.jpg,,,,,,,,,,,,,,,,,,,,,,1,1,en_sk_048_in,,1,,12000,12540,,5,,,,,,,,,,,,,,,,,16,new! SoftBank 601HW Black 20GB
553,1732,10,7,None (+ 0 JPY),Yes (+ 540 JPY),,,[2 Months RENTAL] SoftBank 601HW Black,1,,,,,,,,[50 days RENTAL] SoftBank 601HW Black,sk.jpg,*,sk.jpg,sk.jpg,,,,,,,,,,,,,,,,,,,,,,1,1,en_sk_049_in,,1,,12000,12540,,5,,,,,,,,,,,,,,,,,16,new! SoftBank 601HW Black 20GB
554,1733,10,7,None (+ 0 JPY),Yes (+ 540 JPY),,,[2 Months RENTAL] SoftBank 601HW Black,1,,,,,,,,[51 days RENTAL] SoftBank 601HW Black,sk.jpg,*,sk.jpg,sk.jpg,,,,,,,,,,,,,,,,,,,,,,1,1,en_sk_050_in,,1,,12000,12540,,5,,,,,,,,,,,,,,,,,16,new! SoftBank 601HW Black 20GB
555,1734,10,7,None (+ 0 JPY),Yes (+ 540 JPY),,,[2 Months RENTAL] SoftBank 601HW Black,1,,,,,,,,[52 days RENTAL] SoftBank 601HW Black,sk.jpg,*,sk.jpg,sk.jpg,,,,,,,,,,,,,,,,,,,,,,1,1,en_sk_051_in,,1,,12000,12540,,5,,,,,,,,,,,,,,,,,16,new! SoftBank 601HW Black 20GB
556,1735,10,7,None (+ 0 JPY),Yes (+ 540 JPY),,,[2 Months RENTAL] SoftBank 601HW Black,1,,,,,,,,[53 days RENTAL] SoftBank 601HW Black,sk.jpg,*,sk.jpg,sk.jpg,,,,,,,,,,,,,,,,,,,,,,1,1,en_sk_052_in,,1,,12000,12540,,5,,,,,,,,,,,,,,,,,16,new! SoftBank 601HW Black 20GB
557,1736,10,7,None (+ 0 JPY),Yes (+ 540 JPY),,,[2 Months RENTAL] SoftBank 601HW Black,1,,,,,,,,[54 days RENTAL] SoftBank 601HW Black,sk.jpg,*,sk.jpg,sk.jpg,,,,,,,,,,,,,,,,,,,,,,1,1,en_sk_053_in,,1,,12000,12540,,5,,,,,,,,,,,,,,,,,16,new! SoftBank 601HW Black 20GB
558,1737,10,7,None (+ 0 JPY),Yes (+ 540 JPY),,,[2 Months RENTAL] SoftBank 601HW Black,1,,,,,,,,[55 days RENTAL] SoftBank 601HW Black,sk.jpg,*,sk.jpg,sk.jpg,,,,,,,,,,,,,,,,,,,,,,1,1,en_sk_054_in,,1,,12000,12540,,5,,,,,,,,,,,,,,,,,16,new! SoftBank 601HW Black 20GB
559,1738,10,7,None (+ 0 JPY),Yes (+ 540 JPY),,,[2 Months RENTAL] SoftBank 601HW Black,1,,,,,,,,[56 days RENTAL] SoftBank 601HW Black,sk.jpg,*,sk.jpg,sk.jpg,,,,,,,,,,,,,,,,,,,,,,1,1,en_sk_055_in,,1,,12000,12540,,5,,,,,,,,,,,,,,,,,16,new! SoftBank 601HW Black 20GB
560,1739,10,7,None (+ 0 JPY),Yes (+ 540 JPY),,,[2 Months RENTAL] SoftBank 601HW Black,1,,,,,,,,[57 days RENTAL] SoftBank 601HW Black,sk.jpg,*,sk.jpg,sk.jpg,,,,,,,,,,,,,,,,,,,,,,1,1,en_sk_056_in,,1,,12000,12540,,5,,,,,,,,,,,,,,,,,16,new! SoftBank 601HW Black 20GB
561,1740,10,7,None (+ 0 JPY),Yes (+ 540 JPY),,,[2 Months RENTAL] SoftBank 601HW Black,1,,,,,,,,[58 days RENTAL] SoftBank 601HW Black,sk.jpg,*,sk.jpg,sk.jpg,,,,,,,,,,,,,,,,,,,,,,1,1,en_sk_057_in,,1,,12000,12540,,5,,,,,,,,,,,,,,,,,16,new! SoftBank 601HW Black 20GB
562,1741,10,7,None (+ 0 JPY),Yes (+ 540 JPY),,,[2 Months RENTAL] SoftBank 601HW Black,1,,,,,,,,[59 days RENTAL] SoftBank 601HW Black,sk.jpg,*,sk.jpg,sk.jpg,,,,,,,,,,,,,,,,,,,,,,1,1,en_sk_058_in,,1,,12000,12540,,5,,,,,,,,,,,,,,,,,16,new! SoftBank 601HW Black 20GB
563,1742,10,7,None (+ 0 JPY),Yes (+ 540 JPY),,,[2 Months RENTAL] SoftBank 601HW Black,1,,,,,,,,[60 days RENTAL] SoftBank 601HW Black,sk.jpg,*,sk.jpg,sk.jpg,,,,,,,,,,,,,,,,,,,,,,1,1,en_sk_059_in,,1,,12000,12540,,5,,,,,,,,,,,,,,,,,16,new! SoftBank 601HW Black 20GB
564,1743,10,7,None (+ 0 JPY),Yes (+ 540 JPY),,,[2 Months RENTAL] SoftBank 601HW Black,1,,,,,,,,[61 days RENTAL] SoftBank 601HW Black,sk.jpg,*,sk.jpg,sk.jpg,,,,,,,,,,,,,,,,,,,,,,,1,en_sk_060_in,,1,,12000,12540,,5,,,,,,,,,,,,,,,,,16,new! SoftBank 601HW Black 20GB
565,1744,10,7,None (+ 0 JPY),Yes (+ 540 JPY),,,[2 Months RENTAL]+[1 day RENTAL] SoftBank 601HW Black,1,,,,,,,,[62 days RENTAL] SoftBank 601HW Black,sk.jpg,*,sk.jpg,sk.jpg,,,,,,,,,,,,,,,,,,,,,,,1,en_sk_061_in,,1,,12450,12990,,5,,,,,,,,,,,,,,,,,16,new! SoftBank 601HW Black 20GB
566,1745,10,7,None (+ 0 JPY),Yes (+ 540 JPY),,,[2 Months RENTAL]+[2 days RENTAL] SoftBank 601HW Black,1,,,,,,,,[63 days RENTAL] SoftBank 601HW Black,sk.jpg,*,sk.jpg,sk.jpg,,,,,,,,,,,,,,,,,,,,,,,1,en_sk_062_in,,1,,12900,13440,,5,,,,,,,,,,,,,,,,,16,new! SoftBank 601HW Black 20GB
567,1746,10,7,None (+ 0 JPY),Yes (+ 540 JPY),,,[2 Months RENTAL]+[3 days RENTAL] SoftBank 601HW Black,1,,,,,,,,[64 days RENTAL] SoftBank 601HW Black,sk.jpg,*,sk.jpg,sk.jpg,,,,,,,,,,,,,,,,,,,,,,,1,en_sk_063_in,,1,,13350,13890,,5,,,,,,,,,,,,,,,,,16,new! SoftBank 601HW Black 20GB
568,1747,10,7,None (+ 0 JPY),Yes (+ 540 JPY),,,[2 Months RENTAL]+[4 days RENTAL] SoftBank 601HW Black,1,,,,,,,,[65 days RENTAL] SoftBank 601HW Black,sk.jpg,*,sk.jpg,sk.jpg,,,,,,,,,,,,,,,,,,,,,,,1,en_sk_064_in,,1,,13800,14340,,5,,,,,,,,,,,,,,,,,16,new! SoftBank 601HW Black 20GB
569,1748,10,7,None (+ 0 JPY),Yes (+ 540 JPY),,,[2 Months RENTAL]+[5 days RENTAL] SoftBank 601HW Black,1,,,,,,,,[66 days RENTAL] SoftBank 601HW Black,sk.jpg,*,sk.jpg,sk.jpg,,,,,,,,,,,,,,,,,,,,,,,1,en_sk_065_in,,1,,14250,14790,,5,,,,,,,,,,,,,,,,,16,new! SoftBank 601HW Black 20GB
570,1749,10,7,None (+ 0 JPY),Yes (+ 540 JPY),,,[2 Months RENTAL]+[6 days RENTAL] SoftBank 601HW Black,1,,,,,,,,[67 days RENTAL] SoftBank 601HW Black,sk.jpg,*,sk.jpg,sk.jpg,,,,,,,,,,,,,,,,,,,,,,,1,en_sk_066_in,,1,,14700,15240,,5,,,,,,,,,,,,,,,,,16,new! SoftBank 601HW Black 20GB
571,1750,10,7,None (+ 0 JPY),Yes (+ 540 JPY),,,[2 Months RENTAL]+[7 days RENTAL] SoftBank 601HW Black,1,,,,,,,,[68 days RENTAL] SoftBank 601HW Black,sk.jpg,*,sk.jpg,sk.jpg,,,,,,,,,,,,,,,,,,,,,,,1,en_sk_067_in,,1,,15150,15690,,5,,,,,,,,,,,,,,,,,16,new! SoftBank 601HW Black 20GB
572,1751,10,7,None (+ 0 JPY),Yes (+ 540 JPY),,,[2 Months RENTAL]+[8 days RENTAL] SoftBank 601HW Black,1,,,,,,,,[69 days RENTAL] SoftBank 601HW Black,sk.jpg,*,sk.jpg,sk.jpg,,,,,,,,,,,,,,,,,,,,,,,1,en_sk_068_in,,1,,15600,16140,,5,,,,,,,,,,,,,,,,,16,new! SoftBank 601HW Black 20GB
573,1752,10,7,None (+ 0 JPY),Yes (+ 540 JPY),,,[2 Months RENTAL]+[9 days RENTAL] SoftBank 601HW Black,1,,,,,,,,[70 days RENTAL] SoftBank 601HW Black,sk.jpg,*,sk.jpg,sk.jpg,,,,,,,,,,,,,,,,,,,,,,,1,en_sk_069_in,,1,,16050,16590,,5,,,,,,,,,,,,,,,,,16,new! SoftBank 601HW Black 20GB
574,1753,10,7,None (+ 0 JPY),Yes (+ 540 JPY),,,[2 Months RENTAL]+[10 days RENTAL] SoftBank 601HW Black,1,,,,,,,,[71 days RENTAL] SoftBank 601HW Black,sk.jpg,*,sk.jpg,sk.jpg,,,,,,,,,,,,,,,,,,,,,,,1,en_sk_070_in,,1,,16500,17040,,5,,,,,,,,,,,,,,,,,16,new! SoftBank 601HW Black 20GB
575,1754,10,7,None (+ 0 JPY),Yes (+ 540 JPY),,,[3 Months RENTAL] SoftBank 601HW Black,1,,,,,,,,[72 days RENTAL] SoftBank 601HW Black,sk.jpg,*,sk.jpg,sk.jpg,,,,,,,,,,,,,,,,,,,,,,1,1,en_sk_071_in,,1,,16800,17340,,5,,,,,,,,,,,,,,,,,16,new! SoftBank 601HW Black 20GB
576,1755,10,7,None (+ 0 JPY),Yes (+ 540 JPY),,,[3 Months RENTAL] SoftBank 601HW Black,1,,,,,,,,[73 days RENTAL] SoftBank 601HW Black,sk.jpg,*,sk.jpg,sk.jpg,,,,,,,,,,,,,,,,,,,,,,1,1,en_sk_072_in,,1,,16800,17340,,5,,,,,,,,,,,,,,,,,16,new! SoftBank 601HW Black 20GB
577,1756,10,7,None (+ 0 JPY),Yes (+ 540 JPY),,,[3 Months RENTAL] SoftBank 601HW Black,1,,,,,,,,[74 days RENTAL] SoftBank 601HW Black,sk.jpg,*,sk.jpg,sk.jpg,,,,,,,,,,,,,,,,,,,,,,1,1,en_sk_073_in,,1,,16800,17340,,5,,,,,,,,,,,,,,,,,16,new! SoftBank 601HW Black 20GB
578,1757,10,7,None (+ 0 JPY),Yes (+ 540 JPY),,,[3 Months RENTAL] SoftBank 601HW Black,1,,,,,,,,[75 days RENTAL] SoftBank 601HW Black,sk.jpg,*,sk.jpg,sk.jpg,,,,,,,,,,,,,,,,,,,,,,1,1,en_sk_074_in,,1,,16800,17340,,5,,,,,,,,,,,,,,,,,16,new! SoftBank 601HW Black 20GB
579,1758,10,7,None (+ 0 JPY),Yes (+ 540 JPY),,,[3 Months RENTAL] SoftBank 601HW Black,1,,,,,,,,[76 days RENTAL] SoftBank 601HW Black,sk.jpg,*,sk.jpg,sk.jpg,,,,,,,,,,,,,,,,,,,,,,1,1,en_sk_075_in,,1,,16800,17340,,5,,,,,,,,,,,,,,,,,16,new! SoftBank 601HW Black 20GB
580,1759,10,7,None (+ 0 JPY),Yes (+ 540 JPY),,,[3 Months RENTAL] SoftBank 601HW Black,1,,,,,,,,[77 days RENTAL] SoftBank 601HW Black,sk.jpg,*,sk.jpg,sk.jpg,,,,,,,,,,,,,,,,,,,,,,1,1,en_sk_076_in,,1,,16800,17340,,5,,,,,,,,,,,,,,,,,16,new! SoftBank 601HW Black 20GB
581,1760,10,7,None (+ 0 JPY),Yes (+ 540 JPY),,,[3 Months RENTAL] SoftBank 601HW Black,1,,,,,,,,[78 days RENTAL] SoftBank 601HW Black,sk.jpg,*,sk.jpg,sk.jpg,,,,,,,,,,,,,,,,,,,,,,1,1,en_sk_077_in,,1,,16800,17340,,5,,,,,,,,,,,,,,,,,16,new! SoftBank 601HW Black 20GB
582,1761,10,7,None (+ 0 JPY),Yes (+ 540 JPY),,,[3 Months RENTAL] SoftBank 601HW Black,1,,,,,,,,[79 days RENTAL] SoftBank 601HW Black,sk.jpg,*,sk.jpg,sk.jpg,,,,,,,,,,,,,,,,,,,,,,1,1,en_sk_078_in,,1,,16800,17340,,5,,,,,,,,,,,,,,,,,16,new! SoftBank 601HW Black 20GB
583,1762,10,7,None (+ 0 JPY),Yes (+ 540 JPY),,,[3 Months RENTAL] SoftBank 601HW Black,1,,,,,,,,[80 days RENTAL] SoftBank 601HW Black,sk.jpg,*,sk.jpg,sk.jpg,,,,,,,,,,,,,,,,,,,,,,1,1,en_sk_079_in,,1,,16800,17340,,5,,,,,,,,,,,,,,,,,16,new! SoftBank 601HW Black 20GB
584,1763,10,7,None (+ 0 JPY),Yes (+ 540 JPY),,,[3 Months RENTAL] SoftBank 601HW Black,1,,,,,,,,[81 days RENTAL] SoftBank 601HW Black,sk.jpg,*,sk.jpg,sk.jpg,,,,,,,,,,,,,,,,,,,,,,1,1,en_sk_080_in,,1,,16800,17340,,5,,,,,,,,,,,,,,,,,16,new! SoftBank 601HW Black 20GB
585,1764,10,7,None (+ 0 JPY),Yes (+ 540 JPY),,,[3 Months RENTAL] SoftBank 601HW Black,1,,,,,,,,[82 days RENTAL] SoftBank 601HW Black,sk.jpg,*,sk.jpg,sk.jpg,,,,,,,,,,,,,,,,,,,,,,1,1,en_sk_081_in,,1,,16800,17340,,5,,,,,,,,,,,,,,,,,16,new! SoftBank 601HW Black 20GB
586,1765,10,7,None (+ 0 JPY),Yes (+ 540 JPY),,,[3 Months RENTAL] SoftBank 601HW Black,1,,,,,,,,[83 days RENTAL] SoftBank 601HW Black,sk.jpg,*,sk.jpg,sk.jpg,,,,,,,,,,,,,,,,,,,,,,1,1,en_sk_082_in,,1,,16800,17340,,5,,,,,,,,,,,,,,,,,16,new! SoftBank 601HW Black 20GB
587,1766,10,7,None (+ 0 JPY),Yes (+ 540 JPY),,,[3 Months RENTAL] SoftBank 601HW Black,1,,,,,,,,[84 days RENTAL] SoftBank 601HW Black,sk.jpg,*,sk.jpg,sk.jpg,,,,,,,,,,,,,,,,,,,,,,1,1,en_sk_083_in,,1,,16800,17340,,5,,,,,,,,,,,,,,,,,16,new! SoftBank 601HW Black 20GB
588,1767,10,7,None (+ 0 JPY),Yes (+ 540 JPY),,,[3 Months RENTAL] SoftBank 601HW Black,1,,,,,,,,[85 days RENTAL] SoftBank 601HW Black,sk.jpg,*,sk.jpg,sk.jpg,,,,,,,,,,,,,,,,,,,,,,1,1,en_sk_084_in,,1,,16800,17340,,5,,,,,,,,,,,,,,,,,16,new! SoftBank 601HW Black 20GB
589,1768,10,7,None (+ 0 JPY),Yes (+ 540 JPY),,,[3 Months RENTAL] SoftBank 601HW Black,1,,,,,,,,[86 days RENTAL] SoftBank 601HW Black,sk.jpg,*,sk.jpg,sk.jpg,,,,,,,,,,,,,,,,,,,,,,1,1,en_sk_085_in,,1,,16800,17340,,5,,,,,,,,,,,,,,,,,16,new! SoftBank 601HW Black 20GB
590,1769,10,7,None (+ 0 JPY),Yes (+ 540 JPY),,,[3 Months RENTAL] SoftBank 601HW Black,1,,,,,,,,[87 days RENTAL] SoftBank 601HW Black,sk.jpg,*,sk.jpg,sk.jpg,,,,,,,,,,,,,,,,,,,,,,1,1,en_sk_086_in,,1,,16800,17340,,5,,,,,,,,,,,,,,,,,16,new! SoftBank 601HW Black 20GB
591,1770,10,7,None (+ 0 JPY),Yes (+ 540 JPY),,,[3 Months RENTAL] SoftBank 601HW Black,1,,,,,,,,[88 days RENTAL] SoftBank 601HW Black,sk.jpg,*,sk.jpg,sk.jpg,,,,,,,,,,,,,,,,,,,,,,1,1,en_sk_087_in,,1,,16800,17340,,5,,,,,,,,,,,,,,,,,16,new! SoftBank 601HW Black 20GB
592,1771,10,7,None (+ 0 JPY),Yes (+ 540 JPY),,,[3 Months RENTAL] SoftBank 601HW Black,1,,,,,,,,[89 days RENTAL] SoftBank 601HW Black,sk.jpg,*,sk.jpg,sk.jpg,,,,,,,,,,,,,,,,,,,,,,1,1,en_sk_088_in,,1,,16800,17340,,5,,,,,,,,,,,,,,,,,16,new! SoftBank 601HW Black 20GB
593,1772,10,7,None (+ 0 JPY),Yes (+ 540 JPY),,,[3 Months RENTAL] SoftBank 601HW Black,1,,,,,,,,[90 days RENTAL] SoftBank 601HW Black,sk.jpg,*,sk.jpg,sk.jpg,,,,,,,,,,,,,,,,,,,,,,1,1,en_sk_089_in,,1,,16800,17340,,5,,,,,,,,,,,,,,,,,16,new! SoftBank 601HW Black 20GB
594,1773,10,7,None (+ 0 JPY),Yes (+ 540 JPY),,,[3 Months RENTAL] SoftBank 601HW Black,1,,,,,,,,[91 days RENTAL] SoftBank 601HW Black,sk.jpg,*,sk.jpg,sk.jpg,,,,,,,,,,,,,,,,,,,,,,,1,en_sk_090_in,,1,,16800,17340,,5,,,,,,,,,,,,,,,,,16,new! SoftBank 601HW Black 20GB
595,1774,10,7,None (+ 0 JPY),Yes (+ 540 JPY),,,[3 Months RENTAL]+[1 day RENTAL] SoftBank 601HW Black,1,,,,,,,,[92 days RENTAL] SoftBank 601HW Black,sk.jpg,*,sk.jpg,sk.jpg,,,,,,,,,,,,,,,,,,,,,,,1,en_sk_091_in,,1,,17250,17790,,5,,,,,,,,,,,,,,,,,16,new! SoftBank 601HW Black 20GB
596,1775,10,7,None (+ 0 JPY),Yes (+ 540 JPY),,,[3 Months RENTAL]+[2 days RENTAL] SoftBank 601HW Black,1,,,,,,,,[93 days RENTAL] SoftBank 601HW Black,sk.jpg,*,sk.jpg,sk.jpg,,,,,,,,,,,,,,,,,,,,,,,1,en_sk_092_in,,1,,17700,18240,,5,,,,,,,,,,,,,,,,,16,new! SoftBank 601HW Black 20GB
597,1776,10,7,None (+ 0 JPY),Yes (+ 540 JPY),,,[3 Months RENTAL]+[3 days RENTAL] SoftBank 601HW Black,1,,,,,,,,[94 days RENTAL] SoftBank 601HW Black,sk.jpg,*,sk.jpg,sk.jpg,,,,,,,,,,,,,,,,,,,,,,,1,en_sk_093_in,,1,,18150,18690,,5,,,,,,,,,,,,,,,,,16,new! SoftBank 601HW Black 20GB
598,1777,10,7,None (+ 0 JPY),Yes (+ 540 JPY),,,[3 Months RENTAL]+[4 days RENTAL] SoftBank 601HW Black,1,,,,,,,,[95 days RENTAL] SoftBank 601HW Black,sk.jpg,*,sk.jpg,sk.jpg,,,,,,,,,,,,,,,,,,,,,,,1,en_sk_094_in,,1,,18600,19140,,5,,,,,,,,,,,,,,,,,16,new! SoftBank 601HW Black 20GB
599,1778,10,7,None (+ 0 JPY),Yes (+ 540 JPY),,,[4 Months RENTAL] SoftBank 601HW Black,1,,,,,,,,[96 days RENTAL] SoftBank 601HW Black,sk.jpg,*,sk.jpg,sk.jpg,,,,,,,,,,,,,,,,,,,,,,1,1,en_sk_095_in,,1,,18800,19340,,5,,,,,,,,,,,,,,,,,16,new! SoftBank 601HW Black 20GB
600,1779,10,7,None (+ 0 JPY),Yes (+ 540 JPY),,,[4 Months RENTAL] SoftBank 601HW Black,1,,,,,,,,[97 days RENTAL] SoftBank 601HW Black,sk.jpg,*,sk.jpg,sk.jpg,,,,,,,,,,,,,,,,,,,,,,1,1,en_sk_096_in,,1,,18800,19340,,5,,,,,,,,,,,,,,,,,16,new! SoftBank 601HW Black 20GB
601,1780,10,7,None (+ 0 JPY),Yes (+ 540 JPY),,,[4 Months RENTAL] SoftBank 601HW Black,1,,,,,,,,[98 days RENTAL] SoftBank 601HW Black,sk.jpg,*,sk.jpg,sk.jpg,,,,,,,,,,,,,,,,,,,,,,1,1,en_sk_097_in,,1,,18800,19340,,5,,,,,,,,,,,,,,,,,16,new! SoftBank 601HW Black 20GB
602,1781,10,7,None (+ 0 JPY),Yes (+ 540 JPY),,,[4 Months RENTAL] SoftBank 601HW Black,1,,,,,,,,[99 days RENTAL] SoftBank 601HW Black,sk.jpg,*,sk.jpg,sk.jpg,,,,,,,,,,,,,,,,,,,,,,1,1,en_sk_098_in,,1,,18800,19340,,5,,,,,,,,,,,,,,,,,16,new! SoftBank 601HW Black 20GB
603,1782,10,7,None (+ 0 JPY),Yes (+ 540 JPY),,,[4 Months RENTAL] SoftBank 601HW Black,1,,,,,,,,[100 days RENTAL] SoftBank 601HW Black,sk.jpg,*,sk.jpg,sk.jpg,,,,,,,,,,,,,,,,,,,,,,1,1,en_sk_099_in,,1,,18800,19340,,5,,,,,,,,,,,,,,,,,16,new! SoftBank 601HW Black 20GB
604,1783,10,7,None (+ 0 JPY),Yes (+ 540 JPY),,,[4 Months RENTAL] SoftBank 601HW Black,1,,,,,,,,[101 days RENTAL] SoftBank 601HW Black,sk.jpg,*,sk.jpg,sk.jpg,,,,,,,,,,,,,,,,,,,,,,1,1,en_sk_100_in,,1,,18800,19340,,5,,,,,,,,,,,,,,,,,16,new! SoftBank 601HW Black 20GB
605,1784,10,7,None (+ 0 JPY),Yes (+ 540 JPY),,,[4 Months RENTAL] SoftBank 601HW Black,1,,,,,,,,[102 days RENTAL] SoftBank 601HW Black,sk.jpg,*,sk.jpg,sk.jpg,,,,,,,,,,,,,,,,,,,,,,1,1,en_sk_101_in,,1,,18800,19340,,5,,,,,,,,,,,,,,,,,16,new! SoftBank 601HW Black 20GB
606,1785,10,7,None (+ 0 JPY),Yes (+ 540 JPY),,,[4 Months RENTAL] SoftBank 601HW Black,1,,,,,,,,[103 days RENTAL] SoftBank 601HW Black,sk.jpg,*,sk.jpg,sk.jpg,,,,,,,,,,,,,,,,,,,,,,1,1,en_sk_102_in,,1,,18800,19340,,5,,,,,,,,,,,,,,,,,16,new! SoftBank 601HW Black 20GB
607,1786,10,7,None (+ 0 JPY),Yes (+ 540 JPY),,,[4 Months RENTAL] SoftBank 601HW Black,1,,,,,,,,[104 days RENTAL] SoftBank 601HW Black,sk.jpg,*,sk.jpg,sk.jpg,,,,,,,,,,,,,,,,,,,,,,1,1,en_sk_103_in,,1,,18800,19340,,5,,,,,,,,,,,,,,,,,16,new! SoftBank 601HW Black 20GB
608,1787,10,7,None (+ 0 JPY),Yes (+ 540 JPY),,,[4 Months RENTAL] SoftBank 601HW Black,1,,,,,,,,[105 days RENTAL] SoftBank 601HW Black,sk.jpg,*,sk.jpg,sk.jpg,,,,,,,,,,,,,,,,,,,,,,1,1,en_sk_104_in,,1,,18800,19340,,5,,,,,,,,,,,,,,,,,16,new! SoftBank 601HW Black 20GB
609,1788,10,7,None (+ 0 JPY),Yes (+ 540 JPY),,,[4 Months RENTAL] SoftBank 601HW Black,1,,,,,,,,[106 days RENTAL] SoftBank 601HW Black,sk.jpg,*,sk.jpg,sk.jpg,,,,,,,,,,,,,,,,,,,,,,1,1,en_sk_105_in,,1,,18800,19340,,5,,,,,,,,,,,,,,,,,16,new! SoftBank 601HW Black 20GB
610,1789,10,7,None (+ 0 JPY),Yes (+ 540 JPY),,,[4 Months RENTAL] SoftBank 601HW Black,1,,,,,,,,[107 days RENTAL] SoftBank 601HW Black,sk.jpg,*,sk.jpg,sk.jpg,,,,,,,,,,,,,,,,,,,,,,1,1,en_sk_106_in,,1,,18800,19340,,5,,,,,,,,,,,,,,,,,16,new! SoftBank 601HW Black 20GB
611,1790,10,7,None (+ 0 JPY),Yes (+ 540 JPY),,,[4 Months RENTAL] SoftBank 601HW Black,1,,,,,,,,[108 days RENTAL] SoftBank 601HW Black,sk.jpg,*,sk.jpg,sk.jpg,,,,,,,,,,,,,,,,,,,,,,1,1,en_sk_107_in,,1,,18800,19340,,5,,,,,,,,,,,,,,,,,16,new! SoftBank 601HW Black 20GB
612,1791,10,7,None (+ 0 JPY),Yes (+ 540 JPY),,,[4 Months RENTAL] SoftBank 601HW Black,1,,,,,,,,[109 days RENTAL] SoftBank 601HW Black,sk.jpg,*,sk.jpg,sk.jpg,,,,,,,,,,,,,,,,,,,,,,1,1,en_sk_108_in,,1,,18800,19340,,5,,,,,,,,,,,,,,,,,16,new! SoftBank 601HW Black 20GB
613,1792,10,7,None (+ 0 JPY),Yes (+ 540 JPY),,,[4 Months RENTAL] SoftBank 601HW Black,1,,,,,,,,[110 days RENTAL] SoftBank 601HW Black,sk.jpg,*,sk.jpg,sk.jpg,,,,,,,,,,,,,,,,,,,,,,1,1,en_sk_109_in,,1,,18800,19340,,5,,,,,,,,,,,,,,,,,16,new! SoftBank 601HW Black 20GB
614,1793,10,7,None (+ 0 JPY),Yes (+ 540 JPY),,,[4 Months RENTAL] SoftBank 601HW Black,1,,,,,,,,[111 days RENTAL] SoftBank 601HW Black,sk.jpg,*,sk.jpg,sk.jpg,,,,,,,,,,,,,,,,,,,,,,1,1,en_sk_110_in,,1,,18800,19340,,5,,,,,,,,,,,,,,,,,16,new! SoftBank 601HW Black 20GB
615,1794,10,7,None (+ 0 JPY),Yes (+ 540 JPY),,,[4 Months RENTAL] SoftBank 601HW Black,1,,,,,,,,[112 days RENTAL] SoftBank 601HW Black,sk.jpg,*,sk.jpg,sk.jpg,,,,,,,,,,,,,,,,,,,,,,1,1,en_sk_111_in,,1,,18800,19340,,5,,,,,,,,,,,,,,,,,16,new! SoftBank 601HW Black 20GB
616,1795,10,7,None (+ 0 JPY),Yes (+ 540 JPY),,,[4 Months RENTAL] SoftBank 601HW Black,1,,,,,,,,[113 days RENTAL] SoftBank 601HW Black,sk.jpg,*,sk.jpg,sk.jpg,,,,,,,,,,,,,,,,,,,,,,1,1,en_sk_112_in,,1,,18800,19340,,5,,,,,,,,,,,,,,,,,16,new! SoftBank 601HW Black 20GB
617,1796,10,7,None (+ 0 JPY),Yes (+ 540 JPY),,,[4 Months RENTAL] SoftBank 601HW Black,1,,,,,,,,[114 days RENTAL] SoftBank 601HW Black,sk.jpg,*,sk.jpg,sk.jpg,,,,,,,,,,,,,,,,,,,,,,1,1,en_sk_113_in,,1,,18800,19340,,5,,,,,,,,,,,,,,,,,16,new! SoftBank 601HW Black 20GB
618,1797,10,7,None (+ 0 JPY),Yes (+ 540 JPY),,,[4 Months RENTAL] SoftBank 601HW Black,1,,,,,,,,[115 days RENTAL] SoftBank 601HW Black,sk.jpg,*,sk.jpg,sk.jpg,,,,,,,,,,,,,,,,,,,,,,1,1,en_sk_114_in,,1,,18800,19340,,5,,,,,,,,,,,,,,,,,16,new! SoftBank 601HW Black 20GB
619,1798,10,7,None (+ 0 JPY),Yes (+ 540 JPY),,,[4 Months RENTAL] SoftBank 601HW Black,1,,,,,,,,[116 days RENTAL] SoftBank 601HW Black,sk.jpg,*,sk.jpg,sk.jpg,,,,,,,,,,,,,,,,,,,,,,1,1,en_sk_115_in,,1,,18800,19340,,5,,,,,,,,,,,,,,,,,16,new! SoftBank 601HW Black 20GB
620,1799,10,7,None (+ 0 JPY),Yes (+ 540 JPY),,,[4 Months RENTAL] SoftBank 601HW Black,1,,,,,,,,[117 days RENTAL] SoftBank 601HW Black,sk.jpg,*,sk.jpg,sk.jpg,,,,,,,,,,,,,,,,,,,,,,1,1,en_sk_116_in,,1,,18800,19340,,5,,,,,,,,,,,,,,,,,16,new! SoftBank 601HW Black 20GB
621,1800,10,7,None (+ 0 JPY),Yes (+ 540 JPY),,,[4 Months RENTAL] SoftBank 601HW Black,1,,,,,,,,[118 days RENTAL] SoftBank 601HW Black,sk.jpg,*,sk.jpg,sk.jpg,,,,,,,,,,,,,,,,,,,,,,1,1,en_sk_117_in,,1,,18800,19340,,5,,,,,,,,,,,,,,,,,16,new! SoftBank 601HW Black 20GB
622,1801,10,7,None (+ 0 JPY),Yes (+ 540 JPY),,,[4 Months RENTAL] SoftBank 601HW Black,1,,,,,,,,[119 days RENTAL] SoftBank 601HW Black,sk.jpg,*,sk.jpg,sk.jpg,,,,,,,,,,,,,,,,,,,,,,1,1,en_sk_118_in,,1,,18800,19340,,5,,,,,,,,,,,,,,,,,16,new! SoftBank 601HW Black 20GB
623,1802,10,7,None (+ 0 JPY),Yes (+ 540 JPY),,,[4 Months RENTAL] SoftBank 601HW Black,1,,,,,,,,[120 days RENTAL] SoftBank 601HW Black,sk.jpg,*,sk.jpg,sk.jpg,,,,,,,,,,,,,,,,,,,,,,1,1,en_sk_119_in,,1,,18800,19340,,5,,,,,,,,,,,,,,,,,16,new! SoftBank 601HW Black 20GB
624,1803,10,7,None (+ 0 JPY),Yes (+ 540 JPY),,,[4 Months RENTAL] SoftBank 601HW Black,1,,,,,,,,[121 days RENTAL] SoftBank 601HW Black,sk.jpg,*,sk.jpg,sk.jpg,,,,,,,,,,,,,,,,,,,,,,,1,en_sk_120_in,,1,,18800,19340,,5,,,,,,,,,,,,,,,,,16,new! SoftBank 601HW Black 20GB
625,1804,10,7,None (+ 0 JPY),Yes (+ 540 JPY),,,[4 Months RENTAL]+[1 day RENTAL] SoftBank 601HW Black,1,,,,,,,,[122 days RENTAL] SoftBank 601HW Black,sk.jpg,*,sk.jpg,sk.jpg,,,,,,,,,,,,,,,,,,,,,,,1,en_sk_121_in,,1,,19250,19790,,5,,,,,,,,,,,,,,,,,16,new! SoftBank 601HW Black 20GB
626,1805,10,7,None (+ 0 JPY),Yes (+ 540 JPY),,,[4 Months RENTAL]+[2 days RENTAL] SoftBank 601HW Black,1,,,,,,,,[123 days RENTAL] SoftBank 601HW Black,sk.jpg,*,sk.jpg,sk.jpg,,,,,,,,,,,,,,,,,,,,,,,1,en_sk_122_in,,1,,19700,20240,,5,,,,,,,,,,,,,,,,,16,new! SoftBank 601HW Black 20GB
627,1806,10,7,None (+ 0 JPY),Yes (+ 540 JPY),,,[4 Months RENTAL]+[3 days RENTAL] SoftBank 601HW Black,1,,,,,,,,[124 days RENTAL] SoftBank 601HW Black,sk.jpg,*,sk.jpg,sk.jpg,,,,,,,,,,,,,,,,,,,,,,,1,en_sk_123_in,,1,,20150,20690,,5,,,,,,,,,,,,,,,,,16,new! SoftBank 601HW Black 20GB
628,1807,10,7,None (+ 0 JPY),Yes (+ 540 JPY),,,[4 Months RENTAL]+[4 days RENTAL] SoftBank 601HW Black,1,,,,,,,,[125 days RENTAL] SoftBank 601HW Black,sk.jpg,*,sk.jpg,sk.jpg,,,,,,,,,,,,,,,,,,,,,,,1,en_sk_124_in,,1,,20600,21140,,5,,,,,,,,,,,,,,,,,16,new! SoftBank 601HW Black 20GB
629,1808,10,7,None (+ 0 JPY),Yes (+ 540 JPY),,,[5 Months RENTAL] SoftBank 601HW Black,1,,,,,,,,[126 days RENTAL] SoftBank 601HW Black,sk.jpg,*,sk.jpg,sk.jpg,,,,,,,,,,,,,,,,,,,,,,1,1,en_sk_125_in,,1,,20800,21340,,5,,,,,,,,,,,,,,,,,16,new! SoftBank 601HW Black 20GB
630,1809,10,7,None (+ 0 JPY),Yes (+ 540 JPY),,,[5 Months RENTAL] SoftBank 601HW Black,1,,,,,,,,[127 days RENTAL] SoftBank 601HW Black,sk.jpg,*,sk.jpg,sk.jpg,,,,,,,,,,,,,,,,,,,,,,1,1,en_sk_126_in,,1,,20800,21340,,5,,,,,,,,,,,,,,,,,16,new! SoftBank 601HW Black 20GB
631,1810,10,7,None (+ 0 JPY),Yes (+ 540 JPY),,,[5 Months RENTAL] SoftBank 601HW Black,1,,,,,,,,[128 days RENTAL] SoftBank 601HW Black,sk.jpg,*,sk.jpg,sk.jpg,,,,,,,,,,,,,,,,,,,,,,1,1,en_sk_127_in,,1,,20800,21340,,5,,,,,,,,,,,,,,,,,16,new! SoftBank 601HW Black 20GB
632,1811,10,7,None (+ 0 JPY),Yes (+ 540 JPY),,,[5 Months RENTAL] SoftBank 601HW Black,1,,,,,,,,[129 days RENTAL] SoftBank 601HW Black,sk.jpg,*,sk.jpg,sk.jpg,,,,,,,,,,,,,,,,,,,,,,1,1,en_sk_128_in,,1,,20800,21340,,5,,,,,,,,,,,,,,,,,16,new! SoftBank 601HW Black 20GB
633,1812,10,7,None (+ 0 JPY),Yes (+ 540 JPY),,,[5 Months RENTAL] SoftBank 601HW Black,1,,,,,,,,[130 days RENTAL] SoftBank 601HW Black,sk.jpg,*,sk.jpg,sk.jpg,,,,,,,,,,,,,,,,,,,,,,1,1,en_sk_129_in,,1,,20800,21340,,5,,,,,,,,,,,,,,,,,16,new! SoftBank 601HW Black 20GB
634,1813,10,7,None (+ 0 JPY),Yes (+ 540 JPY),,,[5 Months RENTAL] SoftBank 601HW Black,1,,,,,,,,[131 days RENTAL] SoftBank 601HW Black,sk.jpg,*,sk.jpg,sk.jpg,,,,,,,,,,,,,,,,,,,,,,1,1,en_sk_130_in,,1,,20800,21340,,5,,,,,,,,,,,,,,,,,16,new! SoftBank 601HW Black 20GB
635,1814,10,7,None (+ 0 JPY),Yes (+ 540 JPY),,,[5 Months RENTAL] SoftBank 601HW Black,1,,,,,,,,[132 days RENTAL] SoftBank 601HW Black,sk.jpg,*,sk.jpg,sk.jpg,,,,,,,,,,,,,,,,,,,,,,1,1,en_sk_131_in,,1,,20800,21340,,5,,,,,,,,,,,,,,,,,16,new! SoftBank 601HW Black 20GB
636,1815,10,7,None (+ 0 JPY),Yes (+ 540 JPY),,,[5 Months RENTAL] SoftBank 601HW Black,1,,,,,,,,[133 days RENTAL] SoftBank 601HW Black,sk.jpg,*,sk.jpg,sk.jpg,,,,,,,,,,,,,,,,,,,,,,1,1,en_sk_132_in,,1,,20800,21340,,5,,,,,,,,,,,,,,,,,16,new! SoftBank 601HW Black 20GB
637,1816,10,7,None (+ 0 JPY),Yes (+ 540 JPY),,,[5 Months RENTAL] SoftBank 601HW Black,1,,,,,,,,[134 days RENTAL] SoftBank 601HW Black,sk.jpg,*,sk.jpg,sk.jpg,,,,,,,,,,,,,,,,,,,,,,1,1,en_sk_133_in,,1,,20800,21340,,5,,,,,,,,,,,,,,,,,16,new! SoftBank 601HW Black 20GB
638,1817,10,7,None (+ 0 JPY),Yes (+ 540 JPY),,,[5 Months RENTAL] SoftBank 601HW Black,1,,,,,,,,[135 days RENTAL] SoftBank 601HW Black,sk.jpg,*,sk.jpg,sk.jpg,,,,,,,,,,,,,,,,,,,,,,1,1,en_sk_134_in,,1,,20800,21340,,5,,,,,,,,,,,,,,,,,16,new! SoftBank 601HW Black 20GB
639,1818,10,7,None (+ 0 JPY),Yes (+ 540 JPY),,,[5 Months RENTAL] SoftBank 601HW Black,1,,,,,,,,[136 days RENTAL] SoftBank 601HW Black,sk.jpg,*,sk.jpg,sk.jpg,,,,,,,,,,,,,,,,,,,,,,1,1,en_sk_135_in,,1,,20800,21340,,5,,,,,,,,,,,,,,,,,16,new! SoftBank 601HW Black 20GB
640,1819,10,7,None (+ 0 JPY),Yes (+ 540 JPY),,,[5 Months RENTAL] SoftBank 601HW Black,1,,,,,,,,[137 days RENTAL] SoftBank 601HW Black,sk.jpg,*,sk.jpg,sk.jpg,,,,,,,,,,,,,,,,,,,,,,1,1,en_sk_136_in,,1,,20800,21340,,5,,,,,,,,,,,,,,,,,16,new! SoftBank 601HW Black 20GB
641,1820,10,7,None (+ 0 JPY),Yes (+ 540 JPY),,,[5 Months RENTAL] SoftBank 601HW Black,1,,,,,,,,[138 days RENTAL] SoftBank 601HW Black,sk.jpg,*,sk.jpg,sk.jpg,,,,,,,,,,,,,,,,,,,,,,1,1,en_sk_137_in,,1,,20800,21340,,5,,,,,,,,,,,,,,,,,16,new! SoftBank 601HW Black 20GB
642,1821,10,7,None (+ 0 JPY),Yes (+ 540 JPY),,,[5 Months RENTAL] SoftBank 601HW Black,1,,,,,,,,[139 days RENTAL] SoftBank 601HW Black,sk.jpg,*,sk.jpg,sk.jpg,,,,,,,,,,,,,,,,,,,,,,1,1,en_sk_138_in,,1,,20800,21340,,5,,,,,,,,,,,,,,,,,16,new! SoftBank 601HW Black 20GB
643,1822,10,7,None (+ 0 JPY),Yes (+ 540 JPY),,,[5 Months RENTAL] SoftBank 601HW Black,1,,,,,,,,[140 days RENTAL] SoftBank 601HW Black,sk.jpg,*,sk.jpg,sk.jpg,,,,,,,,,,,,,,,,,,,,,,1,1,en_sk_139_in,,1,,20800,21340,,5,,,,,,,,,,,,,,,,,16,new! SoftBank 601HW Black 20GB
644,1823,10,7,None (+ 0 JPY),Yes (+ 540 JPY),,,[5 Months RENTAL] SoftBank 601HW Black,1,,,,,,,,[141 days RENTAL] SoftBank 601HW Black,sk.jpg,*,sk.jpg,sk.jpg,,,,,,,,,,,,,,,,,,,,,,1,1,en_sk_140_in,,1,,20800,21340,,5,,,,,,,,,,,,,,,,,16,new! SoftBank 601HW Black 20GB
645,1824,10,7,None (+ 0 JPY),Yes (+ 540 JPY),,,[5 Months RENTAL] SoftBank 601HW Black,1,,,,,,,,[142 days RENTAL] SoftBank 601HW Black,sk.jpg,*,sk.jpg,sk.jpg,,,,,,,,,,,,,,,,,,,,,,1,1,en_sk_141_in,,1,,20800,21340,,5,,,,,,,,,,,,,,,,,16,new! SoftBank 601HW Black 20GB
646,1825,10,7,None (+ 0 JPY),Yes (+ 540 JPY),,,[5 Months RENTAL] SoftBank 601HW Black,1,,,,,,,,[143 days RENTAL] SoftBank 601HW Black,sk.jpg,*,sk.jpg,sk.jpg,,,,,,,,,,,,,,,,,,,,,,1,1,en_sk_142_in,,1,,20800,21340,,5,,,,,,,,,,,,,,,,,16,new! SoftBank 601HW Black 20GB
647,1826,10,7,None (+ 0 JPY),Yes (+ 540 JPY),,,[5 Months RENTAL] SoftBank 601HW Black,1,,,,,,,,[144 days RENTAL] SoftBank 601HW Black,sk.jpg,*,sk.jpg,sk.jpg,,,,,,,,,,,,,,,,,,,,,,1,1,en_sk_143_in,,1,,20800,21340,,5,,,,,,,,,,,,,,,,,16,new! SoftBank 601HW Black 20GB
648,1827,10,7,None (+ 0 JPY),Yes (+ 540 JPY),,,[5 Months RENTAL] SoftBank 601HW Black,1,,,,,,,,[145 days RENTAL] SoftBank 601HW Black,sk.jpg,*,sk.jpg,sk.jpg,,,,,,,,,,,,,,,,,,,,,,1,1,en_sk_144_in,,1,,20800,21340,,5,,,,,,,,,,,,,,,,,16,new! SoftBank 601HW Black 20GB
649,1828,10,7,None (+ 0 JPY),Yes (+ 540 JPY),,,[5 Months RENTAL] SoftBank 601HW Black,1,,,,,,,,[146 days RENTAL] SoftBank 601HW Black,sk.jpg,*,sk.jpg,sk.jpg,,,,,,,,,,,,,,,,,,,,,,1,1,en_sk_145_in,,1,,20800,21340,,5,,,,,,,,,,,,,,,,,16,new! SoftBank 601HW Black 20GB
650,1829,10,7,None (+ 0 JPY),Yes (+ 540 JPY),,,[5 Months RENTAL] SoftBank 601HW Black,1,,,,,,,,[147 days RENTAL] SoftBank 601HW Black,sk.jpg,*,sk.jpg,sk.jpg,,,,,,,,,,,,,,,,,,,,,,1,1,en_sk_146_in,,1,,20800,21340,,5,,,,,,,,,,,,,,,,,16,new! SoftBank 601HW Black 20GB
651,1830,10,7,None (+ 0 JPY),Yes (+ 540 JPY),,,[5 Months RENTAL] SoftBank 601HW Black,1,,,,,,,,[148 days RENTAL] SoftBank 601HW Black,sk.jpg,*,sk.jpg,sk.jpg,,,,,,,,,,,,,,,,,,,,,,1,1,en_sk_147_in,,1,,20800,21340,,5,,,,,,,,,,,,,,,,,16,new! SoftBank 601HW Black 20GB
652,1831,10,7,None (+ 0 JPY),Yes (+ 540 JPY),,,[5 Months RENTAL] SoftBank 601HW Black,1,,,,,,,,[149 days RENTAL] SoftBank 601HW Black,sk.jpg,*,sk.jpg,sk.jpg,,,,,,,,,,,,,,,,,,,,,,1,1,en_sk_148_in,,1,,20800,21340,,5,,,,,,,,,,,,,,,,,16,new! SoftBank 601HW Black 20GB
653,1832,10,7,None (+ 0 JPY),Yes (+ 540 JPY),,,[5 Months RENTAL] SoftBank 601HW Black,1,,,,,,,,[150 days RENTAL] SoftBank 601HW Black,sk.jpg,*,sk.jpg,sk.jpg,,,,,,,,,,,,,,,,,,,,,,1,1,en_sk_149_in,,1,,20800,21340,,5,,,,,,,,,,,,,,,,,16,new! SoftBank 601HW Black 20GB
654,1833,10,7,None (+ 0 JPY),Yes (+ 540 JPY),,,[5 Months RENTAL] SoftBank 601HW Black,1,,,,,,,,[151 days RENTAL] SoftBank 601HW Black,sk.jpg,*,sk.jpg,sk.jpg,,,,,,,,,,,,,,,,,,,,,,,1,en_sk_150_in,,1,,20800,21340,,5,,,,,,,,,,,,,,,,,16,new! SoftBank 601HW Black 20GB
655,1834,10,7,None (+ 0 JPY),Yes (+ 540 JPY),,,[5 Months RENTAL]+[1 day RENTAL] SoftBank 601HW Black,1,,,,,,,,[152 days RENTAL] SoftBank 601HW Black,sk.jpg,*,sk.jpg,sk.jpg,,,,,,,,,,,,,,,,,,,,,,,1,en_sk_151_in,,1,,21250,21790,,5,,,,,,,,,,,,,,,,,16,new! SoftBank 601HW Black 20GB
656,1835,10,7,None (+ 0 JPY),Yes (+ 540 JPY),,,[5 Months RENTAL]+[2 days RENTAL] SoftBank 601HW Black,1,,,,,,,,[153 days RENTAL] SoftBank 601HW Black,sk.jpg,*,sk.jpg,sk.jpg,,,,,,,,,,,,,,,,,,,,,,,1,en_sk_152_in,,1,,21700,22240,,5,,,,,,,,,,,,,,,,,16,new! SoftBank 601HW Black 20GB
657,1836,10,7,None (+ 0 JPY),Yes (+ 540 JPY),,,[5 Months RENTAL]+[3 days RENTAL] SoftBank 601HW Black,1,,,,,,,,[154 days RENTAL] SoftBank 601HW Black,sk.jpg,*,sk.jpg,sk.jpg,,,,,,,,,,,,,,,,,,,,,,,1,en_sk_153_in,,1,,22150,22690,,5,,,,,,,,,,,,,,,,,16,new! SoftBank 601HW Black 20GB
658,1837,10,7,None (+ 0 JPY),Yes (+ 540 JPY),,,[5 Months RENTAL]+[4 days RENTAL] SoftBank 601HW Black,1,,,,,,,,[155 days RENTAL] SoftBank 601HW Black,sk.jpg,*,sk.jpg,sk.jpg,,,,,,,,,,,,,,,,,,,,,,,1,en_sk_154_in,,1,,22600,23140,,5,,,,,,,,,,,,,,,,,16,new! SoftBank 601HW Black 20GB
659,1838,10,7,None (+ 0 JPY),Yes (+ 540 JPY),,,[6 Months RENTAL] SoftBank 601HW Black,1,,,,,,,,[156 days RENTAL] SoftBank 601HW Black,sk.jpg,*,sk.jpg,sk.jpg,,,,,,,,,,,,,,,,,,,,,,1,1,en_sk_155_in,,1,,22800,23340,,5,,,,,,,,,,,,,,,,,16,new! SoftBank 601HW Black 20GB
660,1839,10,7,None (+ 0 JPY),Yes (+ 540 JPY),,,[6 Months RENTAL] SoftBank 601HW Black,1,,,,,,,,[157 days RENTAL] SoftBank 601HW Black,sk.jpg,*,sk.jpg,sk.jpg,,,,,,,,,,,,,,,,,,,,,,1,1,en_sk_156_in,,1,,22800,23340,,5,,,,,,,,,,,,,,,,,16,new! SoftBank 601HW Black 20GB
661,1840,10,7,None (+ 0 JPY),Yes (+ 540 JPY),,,[6 Months RENTAL] SoftBank 601HW Black,1,,,,,,,,[158 days RENTAL] SoftBank 601HW Black,sk.jpg,*,sk.jpg,sk.jpg,,,,,,,,,,,,,,,,,,,,,,1,1,en_sk_157_in,,1,,22800,23340,,5,,,,,,,,,,,,,,,,,16,new! SoftBank 601HW Black 20GB
662,1841,10,7,None (+ 0 JPY),Yes (+ 540 JPY),,,[6 Months RENTAL] SoftBank 601HW Black,1,,,,,,,,[159 days RENTAL] SoftBank 601HW Black,sk.jpg,*,sk.jpg,sk.jpg,,,,,,,,,,,,,,,,,,,,,,1,1,en_sk_158_in,,1,,22800,23340,,5,,,,,,,,,,,,,,,,,16,new! SoftBank 601HW Black 20GB
663,1842,10,7,None (+ 0 JPY),Yes (+ 540 JPY),,,[6 Months RENTAL] SoftBank 601HW Black,1,,,,,,,,[160 days RENTAL] SoftBank 601HW Black,sk.jpg,*,sk.jpg,sk.jpg,,,,,,,,,,,,,,,,,,,,,,1,1,en_sk_159_in,,1,,22800,23340,,5,,,,,,,,,,,,,,,,,16,new! SoftBank 601HW Black 20GB
664,1843,10,7,None (+ 0 JPY),Yes (+ 540 JPY),,,[6 Months RENTAL] SoftBank 601HW Black,1,,,,,,,,[161 days RENTAL] SoftBank 601HW Black,sk.jpg,*,sk.jpg,sk.jpg,,,,,,,,,,,,,,,,,,,,,,1,1,en_sk_160_in,,1,,22800,23340,,5,,,,,,,,,,,,,,,,,16,new! SoftBank 601HW Black 20GB
665,1844,10,7,None (+ 0 JPY),Yes (+ 540 JPY),,,[6 Months RENTAL] SoftBank 601HW Black,1,,,,,,,,[162 days RENTAL] SoftBank 601HW Black,sk.jpg,*,sk.jpg,sk.jpg,,,,,,,,,,,,,,,,,,,,,,1,1,en_sk_161_in,,1,,22800,23340,,5,,,,,,,,,,,,,,,,,16,new! SoftBank 601HW Black 20GB
666,1845,10,7,None (+ 0 JPY),Yes (+ 540 JPY),,,[6 Months RENTAL] SoftBank 601HW Black,1,,,,,,,,[163 days RENTAL] SoftBank 601HW Black,sk.jpg,*,sk.jpg,sk.jpg,,,,,,,,,,,,,,,,,,,,,,1,1,en_sk_162_in,,1,,22800,23340,,5,,,,,,,,,,,,,,,,,16,new! SoftBank 601HW Black 20GB
667,1846,10,7,None (+ 0 JPY),Yes (+ 540 JPY),,,[6 Months RENTAL] SoftBank 601HW Black,1,,,,,,,,[164 days RENTAL] SoftBank 601HW Black,sk.jpg,*,sk.jpg,sk.jpg,,,,,,,,,,,,,,,,,,,,,,1,1,en_sk_163_in,,1,,22800,23340,,5,,,,,,,,,,,,,,,,,16,new! SoftBank 601HW Black 20GB
668,1847,10,7,None (+ 0 JPY),Yes (+ 540 JPY),,,[6 Months RENTAL] SoftBank 601HW Black,1,,,,,,,,[165 days RENTAL] SoftBank 601HW Black,sk.jpg,*,sk.jpg,sk.jpg,,,,,,,,,,,,,,,,,,,,,,1,1,en_sk_164_in,,1,,22800,23340,,5,,,,,,,,,,,,,,,,,16,new! SoftBank 601HW Black 20GB
669,1848,10,7,None (+ 0 JPY),Yes (+ 540 JPY),,,[6 Months RENTAL] SoftBank 601HW Black,1,,,,,,,,[166 days RENTAL] SoftBank 601HW Black,sk.jpg,*,sk.jpg,sk.jpg,,,,,,,,,,,,,,,,,,,,,,1,1,en_sk_165_in,,1,,22800,23340,,5,,,,,,,,,,,,,,,,,16,new! SoftBank 601HW Black 20GB
670,1849,10,7,None (+ 0 JPY),Yes (+ 540 JPY),,,[6 Months RENTAL] SoftBank 601HW Black,1,,,,,,,,[167 days RENTAL] SoftBank 601HW Black,sk.jpg,*,sk.jpg,sk.jpg,,,,,,,,,,,,,,,,,,,,,,1,1,en_sk_166_in,,1,,22800,23340,,5,,,,,,,,,,,,,,,,,16,new! SoftBank 601HW Black 20GB
671,1850,10,7,None (+ 0 JPY),Yes (+ 540 JPY),,,[6 Months RENTAL] SoftBank 601HW Black,1,,,,,,,,[168 days RENTAL] SoftBank 601HW Black,sk.jpg,*,sk.jpg,sk.jpg,,,,,,,,,,,,,,,,,,,,,,1,1,en_sk_167_in,,1,,22800,23340,,5,,,,,,,,,,,,,,,,,16,new! SoftBank 601HW Black 20GB
672,1851,10,7,None (+ 0 JPY),Yes (+ 540 JPY),,,[6 Months RENTAL] SoftBank 601HW Black,1,,,,,,,,[169 days RENTAL] SoftBank 601HW Black,sk.jpg,*,sk.jpg,sk.jpg,,,,,,,,,,,,,,,,,,,,,,1,1,en_sk_168_in,,1,,22800,23340,,5,,,,,,,,,,,,,,,,,16,new! SoftBank 601HW Black 20GB
673,1852,10,7,None (+ 0 JPY),Yes (+ 540 JPY),,,[6 Months RENTAL] SoftBank 601HW Black,1,,,,,,,,[170 days RENTAL] SoftBank 601HW Black,sk.jpg,*,sk.jpg,sk.jpg,,,,,,,,,,,,,,,,,,,,,,1,1,en_sk_169_in,,1,,22800,23340,,5,,,,,,,,,,,,,,,,,16,new! SoftBank 601HW Black 20GB
674,1853,10,7,None (+ 0 JPY),Yes (+ 540 JPY),,,[6 Months RENTAL] SoftBank 601HW Black,1,,,,,,,,[171 days RENTAL] SoftBank 601HW Black,sk.jpg,*,sk.jpg,sk.jpg,,,,,,,,,,,,,,,,,,,,,,1,1,en_sk_170_in,,1,,22800,23340,,5,,,,,,,,,,,,,,,,,16,new! SoftBank 601HW Black 20GB
675,1854,10,7,None (+ 0 JPY),Yes (+ 540 JPY),,,[6 Months RENTAL] SoftBank 601HW Black,1,,,,,,,,[172 days RENTAL] SoftBank 601HW Black,sk.jpg,*,sk.jpg,sk.jpg,,,,,,,,,,,,,,,,,,,,,,1,1,en_sk_171_in,,1,,22800,23340,,5,,,,,,,,,,,,,,,,,16,new! SoftBank 601HW Black 20GB
676,1855,10,7,None (+ 0 JPY),Yes (+ 540 JPY),,,[6 Months RENTAL] SoftBank 601HW Black,1,,,,,,,,[173 days RENTAL] SoftBank 601HW Black,sk.jpg,*,sk.jpg,sk.jpg,,,,,,,,,,,,,,,,,,,,,,1,1,en_sk_172_in,,1,,22800,23340,,5,,,,,,,,,,,,,,,,,16,new! SoftBank 601HW Black 20GB
677,1856,10,7,None (+ 0 JPY),Yes (+ 540 JPY),,,[6 Months RENTAL] SoftBank 601HW Black,1,,,,,,,,[174 days RENTAL] SoftBank 601HW Black,sk.jpg,*,sk.jpg,sk.jpg,,,,,,,,,,,,,,,,,,,,,,1,1,en_sk_173_in,,1,,22800,23340,,5,,,,,,,,,,,,,,,,,16,new! SoftBank 601HW Black 20GB
678,1857,10,7,None (+ 0 JPY),Yes (+ 540 JPY),,,[6 Months RENTAL] SoftBank 601HW Black,1,,,,,,,,[175 days RENTAL] SoftBank 601HW Black,sk.jpg,*,sk.jpg,sk.jpg,,,,,,,,,,,,,,,,,,,,,,1,1,en_sk_174_in,,1,,22800,23340,,5,,,,,,,,,,,,,,,,,16,new! SoftBank 601HW Black 20GB
679,1858,10,7,None (+ 0 JPY),Yes (+ 540 JPY),,,[6 Months RENTAL] SoftBank 601HW Black,1,,,,,,,,[176 days RENTAL] SoftBank 601HW Black,sk.jpg,*,sk.jpg,sk.jpg,,,,,,,,,,,,,,,,,,,,,,1,1,en_sk_175_in,,1,,22800,23340,,5,,,,,,,,,,,,,,,,,16,new! SoftBank 601HW Black 20GB
680,1859,10,7,None (+ 0 JPY),Yes (+ 540 JPY),,,[6 Months RENTAL] SoftBank 601HW Black,1,,,,,,,,[177 days RENTAL] SoftBank 601HW Black,sk.jpg,*,sk.jpg,sk.jpg,,,,,,,,,,,,,,,,,,,,,,1,1,en_sk_176_in,,1,,22800,23340,,5,,,,,,,,,,,,,,,,,16,new! SoftBank 601HW Black 20GB
681,1860,10,7,None (+ 0 JPY),Yes (+ 540 JPY),,,[6 Months RENTAL] SoftBank 601HW Black,1,,,,,,,,[178 days RENTAL] SoftBank 601HW Black,sk.jpg,*,sk.jpg,sk.jpg,,,,,,,,,,,,,,,,,,,,,,1,1,en_sk_177_in,,1,,22800,23340,,5,,,,,,,,,,,,,,,,,16,new! SoftBank 601HW Black 20GB
682,1861,10,7,None (+ 0 JPY),Yes (+ 540 JPY),,,[6 Months RENTAL] SoftBank 601HW Black,1,,,,,,,,[179 days RENTAL] SoftBank 601HW Black,sk.jpg,*,sk.jpg,sk.jpg,,,,,,,,,,,,,,,,,,,,,,1,1,en_sk_178_in,,1,,22800,23340,,5,,,,,,,,,,,,,,,,,16,new! SoftBank 601HW Black 20GB
683,1862,10,7,None (+ 0 JPY),Yes (+ 540 JPY),,,[6 Months RENTAL] SoftBank 601HW Black,1,,,,,,,,[180 days RENTAL] SoftBank 601HW Black,sk.jpg,*,sk.jpg,sk.jpg,,,,,,,,,,,,,,,,,,,,,,1,1,en_sk_179_in,,1,,22800,23340,,5,,,,,,,,,,,,,,,,,16,new! SoftBank 601HW Black 20GB
684,1863,10,7,None (+ 0 JPY),Yes (+ 540 JPY),,,[6 Months RENTAL] SoftBank 601HW Black,1,,,,,,,,[181 days RENTAL] SoftBank 601HW Black,sk.jpg,*,sk.jpg,sk.jpg,,,,,,,,,,,,,,,,,,,,,,,1,en_sk_180_in,,1,,22800,23340,,5,,,,,,,,,,,,,,,,,16,new! SoftBank 601HW Black 20GB
685,1864,10,7,None (+ 0 JPY),Yes (+ 540 JPY),,,[6 Months RENTAL]+[1 day RENTAL] SoftBank 601HW Black,1,,,,,,,,[182 days RENTAL] SoftBank 601HW Black,sk.jpg,*,sk.jpg,sk.jpg,,,,,,,,,,,,,,,,,,,,,,,1,en_sk_181_in,,1,,23250,23790,,5,,,,,,,,,,,,,,,,,16,new! SoftBank 601HW Black 20GB
686,1865,10,7,None (+ 0 JPY),Yes (+ 540 JPY),,,[6 Months RENTAL]+[2 days RENTAL] SoftBank 601HW Black,1,,,,,,,,[183 days RENTAL] SoftBank 601HW Black,sk.jpg,*,sk.jpg,sk.jpg,,,,,,,,,,,,,,,,,,,,,,,1,en_sk_182_in,,1,,23700,24240,,5,,,,,,,,,,,,,,,,,16,new! SoftBank 601HW Black 20GB
687,1866,10,7,None (+ 0 JPY),Yes (+ 540 JPY),,,[6 Months RENTAL]+[3 days RENTAL] SoftBank 601HW Black,1,,,,,,,,[184 days RENTAL] SoftBank 601HW Black,sk.jpg,*,sk.jpg,sk.jpg,,,,,,,,,,,,,,,,,,,,,,,1,en_sk_183_in,,1,,24150,24690,,5,,,,,,,,,,,,,,,,,16,new! SoftBank 601HW Black 20GB
688,1867,10,7,None (+ 0 JPY),Yes (+ 540 JPY),,,[6 Months RENTAL]+[4 days RENTAL] SoftBank 601HW Black,1,,,,,,,,[185 days RENTAL] SoftBank 601HW Black,sk.jpg,*,sk.jpg,sk.jpg,,,,,,,,,,,,,,,,,,,,,,,1,en_sk_184_in,,1,,24600,25140,,5,,,,,,,,,,,,,,,,,16,new! SoftBank 601HW Black 20GB
689,1868,10,7,None (+ 0 JPY),Yes (+ 540 JPY),,,[6 Months RENTAL]+[5 days RENTAL] SoftBank 601HW Black,1,,,,,,,,[186 days RENTAL] SoftBank 601HW Black,sk.jpg,*,sk.jpg,sk.jpg,,,,,,,,,,,,,,,,,,,,,,,1,en_sk_185_in,,1,,25050,25590,,5,,,,,,,,,,,,,,,,,16,new! SoftBank 601HW Black 20GB
690,1869,10,7,None (+ 0 JPY),Yes (+ 540 JPY),,,[6 Months RENTAL]+[6 days RENTAL] SoftBank 601HW Black,1,,,,,,,,[187 days RENTAL] SoftBank 601HW Black,sk.jpg,*,sk.jpg,sk.jpg,,,,,,,,,,,,,,,,,,,,,,,1,en_sk_186_in,,1,,25500,26040,,5,,,,,,,,,,,,,,,,,16,new! SoftBank 601HW Black 20GB
691,1870,10,7,None (+ 0 JPY),Yes (+ 540 JPY),,,[6 Months RENTAL]+[7 days RENTAL] SoftBank 601HW Black,1,,,,,,,,[188 days RENTAL] SoftBank 601HW Black,sk.jpg,*,sk.jpg,sk.jpg,,,,,,,,,,,,,,,,,,,,,,,1,en_sk_187_in,,1,,25950,26490,,5,,,,,,,,,,,,,,,,,16,new! SoftBank 601HW Black 20GB
692,1871,10,7,None (+ 0 JPY),Yes (+ 540 JPY),,,[6 Months RENTAL]+[8 days RENTAL] SoftBank 601HW Black,1,,,,,,,,[189 days RENTAL] SoftBank 601HW Black,sk.jpg,*,sk.jpg,sk.jpg,,,,,,,,,,,,,,,,,,,,,,,1,en_sk_188_in,,1,,26400,26940,,5,,,,,,,,,,,,,,,,,16,new! SoftBank 601HW Black 20GB
693,1872,10,7,None (+ 0 JPY),Yes (+ 540 JPY),,,[6 Months RENTAL]+[9 days RENTAL] SoftBank 601HW Black,1,,,,,,,,[190 days RENTAL] SoftBank 601HW Black,sk.jpg,*,sk.jpg,sk.jpg,,,,,,,,,,,,,,,,,,,,,,,1,en_sk_189_in,,1,,26850,27390,,5,,,,,,,,,,,,,,,,,16,new! SoftBank 601HW Black 20GB
694,1873,10,7,None (+ 0 JPY),Yes (+ 540 JPY),,,[6 Months RENTAL]+[10 days RENTAL] SoftBank 601HW Black,1,,,,,,,,[191 days RENTAL] SoftBank 601HW Black,sk.jpg,*,sk.jpg,sk.jpg,,,,,,,,,,,,,,,,,,,,,,,1,en_sk_190_in,,1,,27300,27840,,5,,,,,,,,,,,,,,,,,16,new! SoftBank 601HW Black 20GB
695,1874,10,7,None (+ 0 JPY),Yes (+ 540 JPY),,,[6 Months RENTAL]+[11 days RENTAL] SoftBank 601HW Black,1,,,,,,,,[192 days RENTAL] SoftBank 601HW Black,sk.jpg,*,sk.jpg,sk.jpg,,,,,,,,,,,,,,,,,,,,,,,1,en_sk_191_in,,1,,27750,28290,,5,,,,,,,,,,,,,,,,,16,new! SoftBank 601HW Black 20GB
696,1875,10,7,None (+ 0 JPY),Yes (+ 540 JPY),,,[6 Months RENTAL]+[12 days RENTAL] SoftBank 601HW Black,1,,,,,,,,[193 days RENTAL] SoftBank 601HW Black,sk.jpg,*,sk.jpg,sk.jpg,,,,,,,,,,,,,,,,,,,,,,,1,en_sk_192_in,,1,,28200,28740,,5,,,,,,,,,,,,,,,,,16,new! SoftBank 601HW Black 20GB
697,1876,10,7,None (+ 0 JPY),Yes (+ 540 JPY),,,[6 Months RENTAL]+[13 days RENTAL] SoftBank 601HW Black,1,,,,,,,,[194 days RENTAL] SoftBank 601HW Black,sk.jpg,*,sk.jpg,sk.jpg,,,,,,,,,,,,,,,,,,,,,,,1,en_sk_193_in,,1,,28650,29190,,5,,,,,,,,,,,,,,,,,16,new! SoftBank 601HW Black 20GB
698,1877,10,7,None (+ 0 JPY),Yes (+ 540 JPY),,,[6 Months RENTAL]+[14 days RENTAL] SoftBank 601HW Black,1,,,,,,,,[195 days RENTAL] SoftBank 601HW Black,sk.jpg,*,sk.jpg,sk.jpg,,,,,,,,,,,,,,,,,,,,,,,1,en_sk_194_in,,1,,29100,29640,,5,,,,,,,,,,,,,,,,,16,new! SoftBank 601HW Black 20GB
699,1878,10,7,None (+ 0 JPY),Yes (+ 540 JPY),,,[6 Months RENTAL]+[1 Month] SoftBank 601HW Black,1,,,,,,,,[196 days RENTAL] SoftBank 601HW Black,sk.jpg,*,sk.jpg,sk.jpg,,,,,,,,,,,,,,,,,,,,,,1,1,en_sk_195_in,,1,,29550,30090,,5,,,,,,,,,,,,,,,,,16,new! SoftBank 601HW Black 20GB
700,1879,10,7,None (+ 0 JPY),Yes (+ 540 JPY),,,[6 Months RENTAL]+[1 Month] SoftBank 601HW Black,1,,,,,,,,[197 days RENTAL] SoftBank 601HW Black,sk.jpg,*,sk.jpg,sk.jpg,,,,,,,,,,,,,,,,,,,,,,1,1,en_sk_196_in,,1,,29550,30090,,5,,,,,,,,,,,,,,,,,16,new! SoftBank 601HW Black 20GB
701,1880,10,7,None (+ 0 JPY),Yes (+ 540 JPY),,,[6 Months RENTAL]+[1 Month] SoftBank 601HW Black,1,,,,,,,,[198 days RENTAL] SoftBank 601HW Black,sk.jpg,*,sk.jpg,sk.jpg,,,,,,,,,,,,,,,,,,,,,,1,1,en_sk_197_in,,1,,29550,30090,,5,,,,,,,,,,,,,,,,,16,new! SoftBank 601HW Black 20GB
702,1881,10,7,None (+ 0 JPY),Yes (+ 540 JPY),,,[6 Months RENTAL]+[1 Month] SoftBank 601HW Black,1,,,,,,,,[199 days RENTAL] SoftBank 601HW Black,sk.jpg,*,sk.jpg,sk.jpg,,,,,,,,,,,,,,,,,,,,,,1,1,en_sk_198_in,,1,,29550,30090,,5,,,,,,,,,,,,,,,,,16,new! SoftBank 601HW Black 20GB
703,1882,10,7,None (+ 0 JPY),Yes (+ 540 JPY),,,[6 Months RENTAL]+[1 Month] SoftBank 601HW Black,1,,,,,,,,[200 days RENTAL] SoftBank 601HW Black,sk.jpg,*,sk.jpg,sk.jpg,,,,,,,,,,,,,,,,,,,,,,1,1,en_sk_199_in,,1,,29550,30090,,5,,,,,,,,,,,,,,,,,16,new! SoftBank 601HW Black 20GB
704,1883,10,7,None (+ 0 JPY),Yes (+ 540 JPY),,,[6 Months RENTAL]+[1 Month] SoftBank 601HW Black,1,,,,,,,,[201 days RENTAL] SoftBank 601HW Black,sk.jpg,*,sk.jpg,sk.jpg,,,,,,,,,,,,,,,,,,,,,,1,1,en_sk_200_in,,1,,29550,30090,,5,,,,,,,,,,,,,,,,,16,new! SoftBank 601HW Black 20GB
705,1884,10,7,None (+ 0 JPY),Yes (+ 540 JPY),,,[6 Months RENTAL]+[1 Month] SoftBank 601HW Black,1,,,,,,,,[202 days RENTAL] SoftBank 601HW Black,sk.jpg,*,sk.jpg,sk.jpg,,,,,,,,,,,,,,,,,,,,,,1,1,en_sk_201_in,,1,,29550,30090,,5,,,,,,,,,,,,,,,,,16,new! SoftBank 601HW Black 20GB
706,1885,10,7,None (+ 0 JPY),Yes (+ 540 JPY),,,[6 Months RENTAL]+[1 Month] SoftBank 601HW Black,1,,,,,,,,[203 days RENTAL] SoftBank 601HW Black,sk.jpg,*,sk.jpg,sk.jpg,,,,,,,,,,,,,,,,,,,,,,1,1,en_sk_202_in,,1,,29550,30090,,5,,,,,,,,,,,,,,,,,16,new! SoftBank 601HW Black 20GB
707,1886,10,7,None (+ 0 JPY),Yes (+ 540 JPY),,,[6 Months RENTAL]+[1 Month] SoftBank 601HW Black,1,,,,,,,,[204 days RENTAL] SoftBank 601HW Black,sk.jpg,*,sk.jpg,sk.jpg,,,,,,,,,,,,,,,,,,,,,,1,1,en_sk_203_in,,1,,29550,30090,,5,,,,,,,,,,,,,,,,,16,new! SoftBank 601HW Black 20GB
708,1887,10,7,None (+ 0 JPY),Yes (+ 540 JPY),,,[6 Months RENTAL]+[1 Month] SoftBank 601HW Black,1,,,,,,,,[205 days RENTAL] SoftBank 601HW Black,sk.jpg,*,sk.jpg,sk.jpg,,,,,,,,,,,,,,,,,,,,,,1,1,en_sk_204_in,,1,,29550,30090,,5,,,,,,,,,,,,,,,,,16,new! SoftBank 601HW Black 20GB
709,1888,10,7,None (+ 0 JPY),Yes (+ 540 JPY),,,[6 Months RENTAL]+[1 Month] SoftBank 601HW Black,1,,,,,,,,[206 days RENTAL] SoftBank 601HW Black,sk.jpg,*,sk.jpg,sk.jpg,,,,,,,,,,,,,,,,,,,,,,1,1,en_sk_205_in,,1,,29550,30090,,5,,,,,,,,,,,,,,,,,16,new! SoftBank 601HW Black 20GB
710,1889,10,7,None (+ 0 JPY),Yes (+ 540 JPY),,,[6 Months RENTAL]+[1 Month] SoftBank 601HW Black,1,,,,,,,,[207 days RENTAL] SoftBank 601HW Black,sk.jpg,*,sk.jpg,sk.jpg,,,,,,,,,,,,,,,,,,,,,,1,1,en_sk_206_in,,1,,29550,30090,,5,,,,,,,,,,,,,,,,,16,new! SoftBank 601HW Black 20GB
711,1890,10,7,None (+ 0 JPY),Yes (+ 540 JPY),,,[6 Months RENTAL]+[1 Month] SoftBank 601HW Black,1,,,,,,,,[208 days RENTAL] SoftBank 601HW Black,sk.jpg,*,sk.jpg,sk.jpg,,,,,,,,,,,,,,,,,,,,,,1,1,en_sk_207_in,,1,,29550,30090,,5,,,,,,,,,,,,,,,,,16,new! SoftBank 601HW Black 20GB
712,1891,10,7,None (+ 0 JPY),Yes (+ 540 JPY),,,[6 Months RENTAL]+[1 Month] SoftBank 601HW Black,1,,,,,,,,[209 days RENTAL] SoftBank 601HW Black,sk.jpg,*,sk.jpg,sk.jpg,,,,,,,,,,,,,,,,,,,,,,1,1,en_sk_208_in,,1,,29550,30090,,5,,,,,,,,,,,,,,,,,16,new! SoftBank 601HW Black 20GB
713,1892,10,7,None (+ 0 JPY),Yes (+ 540 JPY),,,[6 Months RENTAL]+[1 Month] SoftBank 601HW Black,1,,,,,,,,[210 days RENTAL] SoftBank 601HW Black,sk.jpg,*,sk.jpg,sk.jpg,,,,,,,,,,,,,,,,,,,,,,1,1,en_sk_209_in,,1,,29550,30090,,5,,,,,,,,,,,,,,,,,16,new! SoftBank 601HW Black 20GB
714,1893,10,7,None (+ 0 JPY),Yes (+ 540 JPY),,,[6 Months RENTAL]+[1 Month] SoftBank 601HW Black,1,,,,,,,,[211 days RENTAL] SoftBank 601HW Black,sk.jpg,*,sk.jpg,sk.jpg,,,,,,,,,,,,,,,,,,,,,,1,1,en_sk_210_in,,1,,29550,30090,,5,,,,,,,,,,,,,,,,,16,new! SoftBank 601HW Black 20GB
715,1894,10,7,None (+ 0 JPY),Yes (+ 540 JPY),,,[6 Months RENTAL]+[1 Month] SoftBank 601HW Black,1,,,,,,,,[212 days RENTAL] SoftBank 601HW Black,sk.jpg,*,sk.jpg,sk.jpg,,,,,,,,,,,,,,,,,,,,,,,1,en_sk_211_in,,1,,29550,30090,,5,,,,,,,,,,,,,,,,,16,new! SoftBank 601HW Black 20GB
716,1895,10,7,None (+ 0 JPY),Yes (+ 540 JPY),,,[6 Months RENTAL]+[1 Month]+[1 day RENTAL] SoftBank 601HW Black,1,,,,,,,,[213 days RENTAL] SoftBank 601HW Black,sk.jpg,*,sk.jpg,sk.jpg,,,,,,,,,,,,,,,,,,,,,,,1,en_sk_212_in,,1,,30000,30540,,5,,,,,,,,,,,,,,,,,16,new! SoftBank 601HW Black 20GB
717,1896,10,7,None (+ 0 JPY),Yes (+ 540 JPY),,,[6 Months RENTAL]+[1 Month]+[2 days RENTAL] SoftBank 601HW Black,1,,,,,,,,[214 days RENTAL] SoftBank 601HW Black,sk.jpg,*,sk.jpg,sk.jpg,,,,,,,,,,,,,,,,,,,,,,,1,en_sk_213_in,,1,,30450,30990,,5,,,,,,,,,,,,,,,,,16,new! SoftBank 601HW Black 20GB
718,1897,10,7,None (+ 0 JPY),Yes (+ 540 JPY),,,[6 Months RENTAL]+[1 Month]+[3 days RENTAL] SoftBank 601HW Black,1,,,,,,,,[215 days RENTAL] SoftBank 601HW Black,sk.jpg,*,sk.jpg,sk.jpg,,,,,,,,,,,,,,,,,,,,,,,1,en_sk_214_in,,1,,30900,31440,,5,,,,,,,,,,,,,,,,,16,new! SoftBank 601HW Black 20GB
719,1898,10,7,None (+ 0 JPY),Yes (+ 540 JPY),,,[6 Months RENTAL]+[1 Month]+[4 days RENTAL] SoftBank 601HW Black,1,,,,,,,,[216 days RENTAL] SoftBank 601HW Black,sk.jpg,*,sk.jpg,sk.jpg,,,,,,,,,,,,,,,,,,,,,,,1,en_sk_215_in,,1,,31350,31890,,5,,,,,,,,,,,,,,,,,16,new! SoftBank 601HW Black 20GB
720,1899,10,7,None (+ 0 JPY),Yes (+ 540 JPY),,,[6 Months RENTAL]+[1 Month]+[5 days RENTAL] SoftBank 601HW Black,1,,,,,,,,[217 days RENTAL] SoftBank 601HW Black,sk.jpg,*,sk.jpg,sk.jpg,,,,,,,,,,,,,,,,,,,,,,,1,en_sk_216_in,,1,,31800,32340,,5,,,,,,,,,,,,,,,,,16,new! SoftBank 601HW Black 20GB
721,1900,10,7,None (+ 0 JPY),Yes (+ 540 JPY),,,[6 Months RENTAL]+[1 Month]+[6 days RENTAL] SoftBank 601HW Black,1,,,,,,,,[218 days RENTAL] SoftBank 601HW Black,sk.jpg,*,sk.jpg,sk.jpg,,,,,,,,,,,,,,,,,,,,,,,1,en_sk_217_in,,1,,32250,32790,,5,,,,,,,,,,,,,,,,,16,new! SoftBank 601HW Black 20GB
722,1901,10,7,None (+ 0 JPY),Yes (+ 540 JPY),,,[6 Months RENTAL]+[1 Month]+[7 days RENTAL] SoftBank 601HW Black,1,,,,,,,,[219 days RENTAL] SoftBank 601HW Black,sk.jpg,*,sk.jpg,sk.jpg,,,,,,,,,,,,,,,,,,,,,,,1,en_sk_218_in,,1,,32700,33240,,5,,,,,,,,,,,,,,,,,16,new! SoftBank 601HW Black 20GB
723,1902,10,7,None (+ 0 JPY),Yes (+ 540 JPY),,,[6 Months RENTAL]+[1 Month]+[8 days RENTAL] SoftBank 601HW Black,1,,,,,,,,[220 days RENTAL] SoftBank 601HW Black,sk.jpg,*,sk.jpg,sk.jpg,,,,,,,,,,,,,,,,,,,,,,,1,en_sk_219_in,,1,,33150,33690,,5,,,,,,,,,,,,,,,,,16,new! SoftBank 601HW Black 20GB
724,1903,10,7,None (+ 0 JPY),Yes (+ 540 JPY),,,[6 Months RENTAL]+[1 Month]+[9 days RENTAL] SoftBank 601HW Black,1,,,,,,,,[221 days RENTAL] SoftBank 601HW Black,sk.jpg,*,sk.jpg,sk.jpg,,,,,,,,,,,,,,,,,,,,,,,1,en_sk_220_in,,1,,33600,34140,,5,,,,,,,,,,,,,,,,,16,new! SoftBank 601HW Black 20GB
725,1904,10,7,None (+ 0 JPY),Yes (+ 540 JPY),,,[6 Months RENTAL]+[1 Month]+[10 days RENTAL] SoftBank 601HW Black,1,,,,,,,,[222 days RENTAL] SoftBank 601HW Black,sk.jpg,*,sk.jpg,sk.jpg,,,,,,,,,,,,,,,,,,,,,,,1,en_sk_221_in,,1,,34050,34590,,5,,,,,,,,,,,,,,,,,16,new! SoftBank 601HW Black 20GB
726,1905,10,7,None (+ 0 JPY),Yes (+ 540 JPY),,,[6 Months RENTAL]+[1 Month]+[11 days RENTAL] SoftBank 601HW Black,1,,,,,,,,[223 days RENTAL] SoftBank 601HW Black,sk.jpg,*,sk.jpg,sk.jpg,,,,,,,,,,,,,,,,,,,,,,,1,en_sk_222_in,,1,,34500,35040,,5,,,,,,,,,,,,,,,,,16,new! SoftBank 601HW Black 20GB
727,1906,10,7,None (+ 0 JPY),Yes (+ 540 JPY),,,[6 Months RENTAL]+[2 Months RENTAL] SoftBank 601HW Black,1,,,,,,,,[224 days RENTAL] SoftBank 601HW Black,sk.jpg,*,sk.jpg,sk.jpg,,,,,,,,,,,,,,,,,,,,,,1,1,en_sk_223_in,,1,,34800,35340,,5,,,,,,,,,,,,,,,,,16,new! SoftBank 601HW Black 20GB
728,1907,10,7,None (+ 0 JPY),Yes (+ 540 JPY),,,[6 Months RENTAL]+[2 Months RENTAL] SoftBank 601HW Black,1,,,,,,,,[225 days RENTAL] SoftBank 601HW Black,sk.jpg,*,sk.jpg,sk.jpg,,,,,,,,,,,,,,,,,,,,,,1,1,en_sk_224_in,,1,,34800,35340,,5,,,,,,,,,,,,,,,,,16,new! SoftBank 601HW Black 20GB
729,1908,10,7,None (+ 0 JPY),Yes (+ 540 JPY),,,[6 Months RENTAL]+[2 Months RENTAL] SoftBank 601HW Black,1,,,,,,,,[226 days RENTAL] SoftBank 601HW Black,sk.jpg,*,sk.jpg,sk.jpg,,,,,,,,,,,,,,,,,,,,,,1,1,en_sk_225_in,,1,,34800,35340,,5,,,,,,,,,,,,,,,,,16,new! SoftBank 601HW Black 20GB
730,1909,10,7,None (+ 0 JPY),Yes (+ 540 JPY),,,[6 Months RENTAL]+[2 Months RENTAL] SoftBank 601HW Black,1,,,,,,,,[227 days RENTAL] SoftBank 601HW Black,sk.jpg,*,sk.jpg,sk.jpg,,,,,,,,,,,,,,,,,,,,,,1,1,en_sk_226_in,,1,,34800,35340,,5,,,,,,,,,,,,,,,,,16,new! SoftBank 601HW Black 20GB
731,1910,10,7,None (+ 0 JPY),Yes (+ 540 JPY),,,[6 Months RENTAL]+[2 Months RENTAL] SoftBank 601HW Black,1,,,,,,,,[228 days RENTAL] SoftBank 601HW Black,sk.jpg,*,sk.jpg,sk.jpg,,,,,,,,,,,,,,,,,,,,,,1,1,en_sk_227_in,,1,,34800,35340,,5,,,,,,,,,,,,,,,,,16,new! SoftBank 601HW Black 20GB
732,1911,10,7,None (+ 0 JPY),Yes (+ 540 JPY),,,[6 Months RENTAL]+[2 Months RENTAL] SoftBank 601HW Black,1,,,,,,,,[229 days RENTAL] SoftBank 601HW Black,sk.jpg,*,sk.jpg,sk.jpg,,,,,,,,,,,,,,,,,,,,,,1,1,en_sk_228_in,,1,,34800,35340,,5,,,,,,,,,,,,,,,,,16,new! SoftBank 601HW Black 20GB
733,1912,10,7,None (+ 0 JPY),Yes (+ 540 JPY),,,[6 Months RENTAL]+[2 Months RENTAL] SoftBank 601HW Black,1,,,,,,,,[230 days RENTAL] SoftBank 601HW Black,sk.jpg,*,sk.jpg,sk.jpg,,,,,,,,,,,,,,,,,,,,,,1,1,en_sk_229_in,,1,,34800,35340,,5,,,,,,,,,,,,,,,,,16,new! SoftBank 601HW Black 20GB
734,1913,10,7,None (+ 0 JPY),Yes (+ 540 JPY),,,[6 Months RENTAL]+[2 Months RENTAL] SoftBank 601HW Black,1,,,,,,,,[231 days RENTAL] SoftBank 601HW Black,sk.jpg,*,sk.jpg,sk.jpg,,,,,,,,,,,,,,,,,,,,,,1,1,en_sk_230_in,,1,,34800,35340,,5,,,,,,,,,,,,,,,,,16,new! SoftBank 601HW Black 20GB
735,1914,10,7,None (+ 0 JPY),Yes (+ 540 JPY),,,[6 Months RENTAL]+[2 Months RENTAL] SoftBank 601HW Black,1,,,,,,,,[232 days RENTAL] SoftBank 601HW Black,sk.jpg,*,sk.jpg,sk.jpg,,,,,,,,,,,,,,,,,,,,,,1,1,en_sk_231_in,,1,,34800,35340,,5,,,,,,,,,,,,,,,,,16,new! SoftBank 601HW Black 20GB
736,1915,10,7,None (+ 0 JPY),Yes (+ 540 JPY),,,[6 Months RENTAL]+[2 Months RENTAL] SoftBank 601HW Black,1,,,,,,,,[233 days RENTAL] SoftBank 601HW Black,sk.jpg,*,sk.jpg,sk.jpg,,,,,,,,,,,,,,,,,,,,,,1,1,en_sk_232_in,,1,,34800,35340,,5,,,,,,,,,,,,,,,,,16,new! SoftBank 601HW Black 20GB
737,1916,10,7,None (+ 0 JPY),Yes (+ 540 JPY),,,[6 Months RENTAL]+[2 Months RENTAL] SoftBank 601HW Black,1,,,,,,,,[234 days RENTAL] SoftBank 601HW Black,sk.jpg,*,sk.jpg,sk.jpg,,,,,,,,,,,,,,,,,,,,,,1,1,en_sk_233_in,,1,,34800,35340,,5,,,,,,,,,,,,,,,,,16,new! SoftBank 601HW Black 20GB
738,1917,10,7,None (+ 0 JPY),Yes (+ 540 JPY),,,[6 Months RENTAL]+[2 Months RENTAL] SoftBank 601HW Black,1,,,,,,,,[235 days RENTAL] SoftBank 601HW Black,sk.jpg,*,sk.jpg,sk.jpg,,,,,,,,,,,,,,,,,,,,,,1,1,en_sk_234_in,,1,,34800,35340,,5,,,,,,,,,,,,,,,,,16,new! SoftBank 601HW Black 20GB
739,1918,10,7,None (+ 0 JPY),Yes (+ 540 JPY),,,[6 Months RENTAL]+[2 Months RENTAL] SoftBank 601HW Black,1,,,,,,,,[236 days RENTAL] SoftBank 601HW Black,sk.jpg,*,sk.jpg,sk.jpg,,,,,,,,,,,,,,,,,,,,,,1,1,en_sk_235_in,,1,,34800,35340,,5,,,,,,,,,,,,,,,,,16,new! SoftBank 601HW Black 20GB
740,1919,10,7,None (+ 0 JPY),Yes (+ 540 JPY),,,[6 Months RENTAL]+[2 Months RENTAL] SoftBank 601HW Black,1,,,,,,,,[237 days RENTAL] SoftBank 601HW Black,sk.jpg,*,sk.jpg,sk.jpg,,,,,,,,,,,,,,,,,,,,,,1,1,en_sk_236_in,,1,,34800,35340,,5,,,,,,,,,,,,,,,,,16,new! SoftBank 601HW Black 20GB
741,1920,10,7,None (+ 0 JPY),Yes (+ 540 JPY),,,[6 Months RENTAL]+[2 Months RENTAL] SoftBank 601HW Black,1,,,,,,,,[238 days RENTAL] SoftBank 601HW Black,sk.jpg,*,sk.jpg,sk.jpg,,,,,,,,,,,,,,,,,,,,,,1,1,en_sk_237_in,,1,,34800,35340,,5,,,,,,,,,,,,,,,,,16,new! SoftBank 601HW Black 20GB
742,1921,10,7,None (+ 0 JPY),Yes (+ 540 JPY),,,[6 Months RENTAL]+[2 Months RENTAL] SoftBank 601HW Black,1,,,,,,,,[239 days RENTAL] SoftBank 601HW Black,sk.jpg,*,sk.jpg,sk.jpg,,,,,,,,,,,,,,,,,,,,,,1,1,en_sk_238_in,,1,,34800,35340,,5,,,,,,,,,,,,,,,,,16,new! SoftBank 601HW Black 20GB
743,1922,10,7,None (+ 0 JPY),Yes (+ 540 JPY),,,[6 Months RENTAL]+[2 Months RENTAL] SoftBank 601HW Black,1,,,,,,,,[240 days RENTAL] SoftBank 601HW Black,sk.jpg,*,sk.jpg,sk.jpg,,,,,,,,,,,,,,,,,,,,,,1,1,en_sk_239_in,,1,,34800,35340,,5,,,,,,,,,,,,,,,,,16,new! SoftBank 601HW Black 20GB
744,1923,10,7,None (+ 0 JPY),Yes (+ 540 JPY),,,[6 Months RENTAL]+[2 Months RENTAL] SoftBank 601HW Black,1,,,,,,,,[241 days RENTAL] SoftBank 601HW Black,sk.jpg,*,sk.jpg,sk.jpg,,,,,,,,,,,,,,,,,,,,,,1,1,en_sk_240_in,,1,,34800,35340,,5,,,,,,,,,,,,,,,,,16,new! SoftBank 601HW Black 20GB
745,1924,10,7,None (+ 0 JPY),Yes (+ 540 JPY),,,[6 Months RENTAL]+[2 Months RENTAL] SoftBank 601HW Black,1,,,,,,,,[242 days RENTAL] SoftBank 601HW Black,sk.jpg,*,sk.jpg,sk.jpg,,,,,,,,,,,,,,,,,,,,,,,1,en_sk_241_in,,1,,34800,35340,,5,,,,,,,,,,,,,,,,,16,new! SoftBank 601HW Black 20GB
746,1925,10,7,None (+ 0 JPY),Yes (+ 540 JPY),,,[6 Months RENTAL]+[2 Months RENTAL]+[1 day RENTAL] SoftBank 601HW Black,1,,,,,,,,[243 days RENTAL] SoftBank 601HW Black,sk.jpg,*,sk.jpg,sk.jpg,,,,,,,,,,,,,,,,,,,,,,,1,en_sk_242_in,,1,,35250,35790,,5,,,,,,,,,,,,,,,,,16,new! SoftBank 601HW Black 20GB
747,1926,10,7,None (+ 0 JPY),Yes (+ 540 JPY),,,[6 Months RENTAL]+[2 Months RENTAL]+[2 days RENTAL] SoftBank 601HW Black,1,,,,,,,,[244 days RENTAL] SoftBank 601HW Black,sk.jpg,*,sk.jpg,sk.jpg,,,,,,,,,,,,,,,,,,,,,,,1,en_sk_243_in,,1,,35700,36240,,5,,,,,,,,,,,,,,,,,16,new! SoftBank 601HW Black 20GB
748,1927,10,7,None (+ 0 JPY),Yes (+ 540 JPY),,,[6 Months RENTAL]+[2 Months RENTAL]+[3 days RENTAL] SoftBank 601HW Black,1,,,,,,,,[245 days RENTAL] SoftBank 601HW Black,sk.jpg,*,sk.jpg,sk.jpg,,,,,,,,,,,,,,,,,,,,,,,1,en_sk_244_in,,1,,36150,36690,,5,,,,,,,,,,,,,,,,,16,new! SoftBank 601HW Black 20GB
749,1928,10,7,None (+ 0 JPY),Yes (+ 540 JPY),,,[6 Months RENTAL]+[2 Months RENTAL]+[4 days RENTAL] SoftBank 601HW Black,1,,,,,,,,[246 days RENTAL] SoftBank 601HW Black,sk.jpg,*,sk.jpg,sk.jpg,,,,,,,,,,,,,,,,,,,,,,,1,en_sk_245_in,,1,,36600,37140,,5,,,,,,,,,,,,,,,,,16,new! SoftBank 601HW Black 20GB
750,1929,10,7,None (+ 0 JPY),Yes (+ 540 JPY),,,[6 Months RENTAL]+[2 Months RENTAL]+[5 days RENTAL] SoftBank 601HW Black,1,,,,,,,,[247 days RENTAL] SoftBank 601HW Black,sk.jpg,*,sk.jpg,sk.jpg,,,,,,,,,,,,,,,,,,,,,,,1,en_sk_246_in,,1,,37050,37590,,5,,,,,,,,,,,,,,,,,16,new! SoftBank 601HW Black 20GB
751,1930,10,7,None (+ 0 JPY),Yes (+ 540 JPY),,,[6 Months RENTAL]+[2 Months RENTAL]+[6 days RENTAL] SoftBank 601HW Black,1,,,,,,,,[248 days RENTAL] SoftBank 601HW Black,sk.jpg,*,sk.jpg,sk.jpg,,,,,,,,,,,,,,,,,,,,,,,1,en_sk_247_in,,1,,37500,38040,,5,,,,,,,,,,,,,,,,,16,new! SoftBank 601HW Black 20GB
752,1931,10,7,None (+ 0 JPY),Yes (+ 540 JPY),,,[6 Months RENTAL]+[2 Months RENTAL]+[7 days RENTAL] SoftBank 601HW Black,1,,,,,,,,[249 days RENTAL] SoftBank 601HW Black,sk.jpg,*,sk.jpg,sk.jpg,,,,,,,,,,,,,,,,,,,,,,,1,en_sk_248_in,,1,,37950,38490,,5,,,,,,,,,,,,,,,,,16,new! SoftBank 601HW Black 20GB
753,1932,10,7,None (+ 0 JPY),Yes (+ 540 JPY),,,[6 Months RENTAL]+[2 Months RENTAL]+[8 days RENTAL] SoftBank 601HW Black,1,,,,,,,,[250 days RENTAL] SoftBank 601HW Black,sk.jpg,*,sk.jpg,sk.jpg,,,,,,,,,,,,,,,,,,,,,,,1,en_sk_249_in,,1,,38400,38940,,5,,,,,,,,,,,,,,,,,16,new! SoftBank 601HW Black 20GB
754,1933,10,7,None (+ 0 JPY),Yes (+ 540 JPY),,,[6 Months RENTAL]+[2 Months RENTAL]+[9 days RENTAL] SoftBank 601HW Black,1,,,,,,,,[251 days RENTAL] SoftBank 601HW Black,sk.jpg,*,sk.jpg,sk.jpg,,,,,,,,,,,,,,,,,,,,,,,1,en_sk_250_in,,1,,38850,39390,,5,,,,,,,,,,,,,,,,,16,new! SoftBank 601HW Black 20GB
755,1934,10,7,None (+ 0 JPY),Yes (+ 540 JPY),,,[6 Months RENTAL]+[2 Months RENTAL]+[10 days RENTAL] SoftBank 601HW Black,1,,,,,,,,[252 days RENTAL] SoftBank 601HW Black,sk.jpg,*,sk.jpg,sk.jpg,,,,,,,,,,,,,,,,,,,,,,,1,en_sk_251_in,,1,,39300,39840,,5,,,,,,,,,,,,,,,,,16,new! SoftBank 601HW Black 20GB
756,1935,10,7,None (+ 0 JPY),Yes (+ 540 JPY),,,[6 Months RENTAL]+[3 Months RENTAL] SoftBank 601HW Black,1,,,,,,,,[253 days RENTAL] SoftBank 601HW Black,sk.jpg,*,sk.jpg,sk.jpg,,,,,,,,,,,,,,,,,,,,,,1,1,en_sk_252_in,,1,,39600,40140,,5,,,,,,,,,,,,,,,,,16,new! SoftBank 601HW Black 20GB
757,1936,10,7,None (+ 0 JPY),Yes (+ 540 JPY),,,[6 Months RENTAL]+[3 Months RENTAL] SoftBank 601HW Black,1,,,,,,,,[254 days RENTAL] SoftBank 601HW Black,sk.jpg,*,sk.jpg,sk.jpg,,,,,,,,,,,,,,,,,,,,,,1,1,en_sk_253_in,,1,,39600,40140,,5,,,,,,,,,,,,,,,,,16,new! SoftBank 601HW Black 20GB
758,1937,10,7,None (+ 0 JPY),Yes (+ 540 JPY),,,[6 Months RENTAL]+[3 Months RENTAL] SoftBank 601HW Black,1,,,,,,,,[255 days RENTAL] SoftBank 601HW Black,sk.jpg,*,sk.jpg,sk.jpg,,,,,,,,,,,,,,,,,,,,,,1,1,en_sk_254_in,,1,,39600,40140,,5,,,,,,,,,,,,,,,,,16,new! SoftBank 601HW Black 20GB
759,1938,10,7,None (+ 0 JPY),Yes (+ 540 JPY),,,[6 Months RENTAL]+[3 Months RENTAL] SoftBank 601HW Black,1,,,,,,,,[256 days RENTAL] SoftBank 601HW Black,sk.jpg,*,sk.jpg,sk.jpg,,,,,,,,,,,,,,,,,,,,,,1,1,en_sk_255_in,,1,,39600,40140,,5,,,,,,,,,,,,,,,,,16,new! SoftBank 601HW Black 20GB
760,1939,10,7,None (+ 0 JPY),Yes (+ 540 JPY),,,[6 Months RENTAL]+[3 Months RENTAL] SoftBank 601HW Black,1,,,,,,,,[257 days RENTAL] SoftBank 601HW Black,sk.jpg,*,sk.jpg,sk.jpg,,,,,,,,,,,,,,,,,,,,,,1,1,en_sk_256_in,,1,,39600,40140,,5,,,,,,,,,,,,,,,,,16,new! SoftBank 601HW Black 20GB
761,1940,10,7,None (+ 0 JPY),Yes (+ 540 JPY),,,[6 Months RENTAL]+[3 Months RENTAL] SoftBank 601HW Black,1,,,,,,,,[258 days RENTAL] SoftBank 601HW Black,sk.jpg,*,sk.jpg,sk.jpg,,,,,,,,,,,,,,,,,,,,,,1,1,en_sk_257_in,,1,,39600,40140,,5,,,,,,,,,,,,,,,,,16,new! SoftBank 601HW Black 20GB
762,1941,10,7,None (+ 0 JPY),Yes (+ 540 JPY),,,[6 Months RENTAL]+[3 Months RENTAL] SoftBank 601HW Black,1,,,,,,,,[259 days RENTAL] SoftBank 601HW Black,sk.jpg,*,sk.jpg,sk.jpg,,,,,,,,,,,,,,,,,,,,,,1,1,en_sk_258_in,,1,,39600,40140,,5,,,,,,,,,,,,,,,,,16,new! SoftBank 601HW Black 20GB
763,1942,10,7,None (+ 0 JPY),Yes (+ 540 JPY),,,[6 Months RENTAL]+[3 Months RENTAL] SoftBank 601HW Black,1,,,,,,,,[260 days RENTAL] SoftBank 601HW Black,sk.jpg,*,sk.jpg,sk.jpg,,,,,,,,,,,,,,,,,,,,,,1,1,en_sk_259_in,,1,,39600,40140,,5,,,,,,,,,,,,,,,,,16,new! SoftBank 601HW Black 20GB
764,1943,10,7,None (+ 0 JPY),Yes (+ 540 JPY),,,[6 Months RENTAL]+[3 Months RENTAL] SoftBank 601HW Black,1,,,,,,,,[261 days RENTAL] SoftBank 601HW Black,sk.jpg,*,sk.jpg,sk.jpg,,,,,,,,,,,,,,,,,,,,,,1,1,en_sk_260_in,,1,,39600,40140,,5,,,,,,,,,,,,,,,,,16,new! SoftBank 601HW Black 20GB
765,1944,10,7,None (+ 0 JPY),Yes (+ 540 JPY),,,[6 Months RENTAL]+[3 Months RENTAL] SoftBank 601HW Black,1,,,,,,,,[262 days RENTAL] SoftBank 601HW Black,sk.jpg,*,sk.jpg,sk.jpg,,,,,,,,,,,,,,,,,,,,,,1,1,en_sk_261_in,,1,,39600,40140,,5,,,,,,,,,,,,,,,,,16,new! SoftBank 601HW Black 20GB
766,1945,10,7,None (+ 0 JPY),Yes (+ 540 JPY),,,[6 Months RENTAL]+[3 Months RENTAL] SoftBank 601HW Black,1,,,,,,,,[263 days RENTAL] SoftBank 601HW Black,sk.jpg,*,sk.jpg,sk.jpg,,,,,,,,,,,,,,,,,,,,,,1,1,en_sk_262_in,,1,,39600,40140,,5,,,,,,,,,,,,,,,,,16,new! SoftBank 601HW Black 20GB
767,1946,10,7,None (+ 0 JPY),Yes (+ 540 JPY),,,[6 Months RENTAL]+[3 Months RENTAL] SoftBank 601HW Black,1,,,,,,,,[264 days RENTAL] SoftBank 601HW Black,sk.jpg,*,sk.jpg,sk.jpg,,,,,,,,,,,,,,,,,,,,,,1,1,en_sk_263_in,,1,,39600,40140,,5,,,,,,,,,,,,,,,,,16,new! SoftBank 601HW Black 20GB
768,1947,10,7,None (+ 0 JPY),Yes (+ 540 JPY),,,[6 Months RENTAL]+[3 Months RENTAL] SoftBank 601HW Black,1,,,,,,,,[265 days RENTAL] SoftBank 601HW Black,sk.jpg,*,sk.jpg,sk.jpg,,,,,,,,,,,,,,,,,,,,,,1,1,en_sk_264_in,,1,,39600,40140,,5,,,,,,,,,,,,,,,,,16,new! SoftBank 601HW Black 20GB
769,1948,10,7,None (+ 0 JPY),Yes (+ 540 JPY),,,[6 Months RENTAL]+[3 Months RENTAL] SoftBank 601HW Black,1,,,,,,,,[266 days RENTAL] SoftBank 601HW Black,sk.jpg,*,sk.jpg,sk.jpg,,,,,,,,,,,,,,,,,,,,,,1,1,en_sk_265_in,,1,,39600,40140,,5,,,,,,,,,,,,,,,,,16,new! SoftBank 601HW Black 20GB
770,1949,10,7,None (+ 0 JPY),Yes (+ 540 JPY),,,[6 Months RENTAL]+[3 Months RENTAL] SoftBank 601HW Black,1,,,,,,,,[267 days RENTAL] SoftBank 601HW Black,sk.jpg,*,sk.jpg,sk.jpg,,,,,,,,,,,,,,,,,,,,,,1,1,en_sk_266_in,,1,,39600,40140,,5,,,,,,,,,,,,,,,,,16,new! SoftBank 601HW Black 20GB
771,1950,10,7,None (+ 0 JPY),Yes (+ 540 JPY),,,[6 Months RENTAL]+[3 Months RENTAL] SoftBank 601HW Black,1,,,,,,,,[268 days RENTAL] SoftBank 601HW Black,sk.jpg,*,sk.jpg,sk.jpg,,,,,,,,,,,,,,,,,,,,,,1,1,en_sk_267_in,,1,,39600,40140,,5,,,,,,,,,,,,,,,,,16,new! SoftBank 601HW Black 20GB
772,1951,10,7,None (+ 0 JPY),Yes (+ 540 JPY),,,[6 Months RENTAL]+[3 Months RENTAL] SoftBank 601HW Black,1,,,,,,,,[269 days RENTAL] SoftBank 601HW Black,sk.jpg,*,sk.jpg,sk.jpg,,,,,,,,,,,,,,,,,,,,,,1,1,en_sk_268_in,,1,,39600,40140,,5,,,,,,,,,,,,,,,,,16,new! SoftBank 601HW Black 20GB
773,1952,10,7,None (+ 0 JPY),Yes (+ 540 JPY),,,[6 Months RENTAL]+[3 Months RENTAL] SoftBank 601HW Black,1,,,,,,,,[270 days RENTAL] SoftBank 601HW Black,sk.jpg,*,sk.jpg,sk.jpg,,,,,,,,,,,,,,,,,,,,,,1,1,en_sk_269_in,,1,,39600,40140,,5,,,,,,,,,,,,,,,,,16,new! SoftBank 601HW Black 20GB
774,1953,10,7,None (+ 0 JPY),Yes (+ 540 JPY),,,[6 Months RENTAL]+[3 Months RENTAL] SoftBank 601HW Black,1,,,,,,,,[271 days RENTAL] SoftBank 601HW Black,sk.jpg,*,sk.jpg,sk.jpg,,,,,,,,,,,,,,,,,,,,,,1,1,en_sk_270_in,,1,,39600,40140,,5,,,,,,,,,,,,,,,,,16,new! SoftBank 601HW Black 20GB
775,1954,10,7,None (+ 0 JPY),Yes (+ 540 JPY),,,[6 Months RENTAL]+[3 Months RENTAL] SoftBank 601HW Black,1,,,,,,,,[272 days RENTAL] SoftBank 601HW Black,sk.jpg,*,sk.jpg,sk.jpg,,,,,,,,,,,,,,,,,,,,,,,1,en_sk_271_in,,1,,39600,40140,,5,,,,,,,,,,,,,,,,,16,new! SoftBank 601HW Black 20GB
776,1955,10,7,None (+ 0 JPY),Yes (+ 540 JPY),,,[6 Months RENTAL]+[3 Months RENTAL]+[1 day RENTAL] SoftBank 601HW Black,1,,,,,,,,[273 days RENTAL] SoftBank 601HW Black,sk.jpg,*,sk.jpg,sk.jpg,,,,,,,,,,,,,,,,,,,,,,,1,en_sk_272_in,,1,,40050,40590,,5,,,,,,,,,,,,,,,,,16,new! SoftBank 601HW Black 20GB
777,1956,10,7,None (+ 0 JPY),Yes (+ 540 JPY),,,[6 Months RENTAL]+[3 Months RENTAL]+[2 days RENTAL] SoftBank 601HW Black,1,,,,,,,,[274 days RENTAL] SoftBank 601HW Black,sk.jpg,*,sk.jpg,sk.jpg,,,,,,,,,,,,,,,,,,,,,,,1,en_sk_273_in,,1,,40500,41040,,5,,,,,,,,,,,,,,,,,16,new! SoftBank 601HW Black 20GB
778,1957,10,7,None (+ 0 JPY),Yes (+ 540 JPY),,,[6 Months RENTAL]+[3 Months RENTAL]+[3 days RENTAL] SoftBank 601HW Black,1,,,,,,,,[275 days RENTAL] SoftBank 601HW Black,sk.jpg,*,sk.jpg,sk.jpg,,,,,,,,,,,,,,,,,,,,,,,1,en_sk_274_in,,1,,40950,41490,,5,,,,,,,,,,,,,,,,,16,new! SoftBank 601HW Black 20GB
779,1958,10,7,None (+ 0 JPY),Yes (+ 540 JPY),,,[6 Months RENTAL]+[3 Months RENTAL]+[4 days RENTAL] SoftBank 601HW Black,1,,,,,,,,[276 days RENTAL] SoftBank 601HW Black,sk.jpg,*,sk.jpg,sk.jpg,,,,,,,,,,,,,,,,,,,,,,,1,en_sk_275_in,,1,,41400,41940,,5,,,,,,,,,,,,,,,,,16,new! SoftBank 601HW Black 20GB
780,1959,10,7,None (+ 0 JPY),Yes (+ 540 JPY),,,[6 Months RENTAL]+[4 Months RENTAL] SoftBank 601HW Black,1,,,,,,,,[277 days RENTAL] SoftBank 601HW Black,sk.jpg,*,sk.jpg,sk.jpg,,,,,,,,,,,,,,,,,,,,,,1,1,en_sk_276_in,,1,,41600,42140,,5,,,,,,,,,,,,,,,,,16,new! SoftBank 601HW Black 20GB
781,1960,10,7,None (+ 0 JPY),Yes (+ 540 JPY),,,[6 Months RENTAL]+[4 Months RENTAL] SoftBank 601HW Black,1,,,,,,,,[278 days RENTAL] SoftBank 601HW Black,sk.jpg,*,sk.jpg,sk.jpg,,,,,,,,,,,,,,,,,,,,,,1,1,en_sk_277_in,,1,,41600,42140,,5,,,,,,,,,,,,,,,,,16,new! SoftBank 601HW Black 20GB
782,1961,10,7,None (+ 0 JPY),Yes (+ 540 JPY),,,[6 Months RENTAL]+[4 Months RENTAL] SoftBank 601HW Black,1,,,,,,,,[279 days RENTAL] SoftBank 601HW Black,sk.jpg,*,sk.jpg,sk.jpg,,,,,,,,,,,,,,,,,,,,,,1,1,en_sk_278_in,,1,,41600,42140,,5,,,,,,,,,,,,,,,,,16,new! SoftBank 601HW Black 20GB
783,1962,10,7,None (+ 0 JPY),Yes (+ 540 JPY),,,[6 Months RENTAL]+[4 Months RENTAL] SoftBank 601HW Black,1,,,,,,,,[280 days RENTAL] SoftBank 601HW Black,sk.jpg,*,sk.jpg,sk.jpg,,,,,,,,,,,,,,,,,,,,,,1,1,en_sk_279_in,,1,,41600,42140,,5,,,,,,,,,,,,,,,,,16,new! SoftBank 601HW Black 20GB
784,1963,10,7,None (+ 0 JPY),Yes (+ 540 JPY),,,[6 Months RENTAL]+[4 Months RENTAL] SoftBank 601HW Black,1,,,,,,,,[281 days RENTAL] SoftBank 601HW Black,sk.jpg,*,sk.jpg,sk.jpg,,,,,,,,,,,,,,,,,,,,,,1,1,en_sk_280_in,,1,,41600,42140,,5,,,,,,,,,,,,,,,,,16,new! SoftBank 601HW Black 20GB
785,1964,10,7,None (+ 0 JPY),Yes (+ 540 JPY),,,[6 Months RENTAL]+[4 Months RENTAL] SoftBank 601HW Black,1,,,,,,,,[282 days RENTAL] SoftBank 601HW Black,sk.jpg,*,sk.jpg,sk.jpg,,,,,,,,,,,,,,,,,,,,,,1,1,en_sk_281_in,,1,,41600,42140,,5,,,,,,,,,,,,,,,,,16,new! SoftBank 601HW Black 20GB
786,1965,10,7,None (+ 0 JPY),Yes (+ 540 JPY),,,[6 Months RENTAL]+[4 Months RENTAL] SoftBank 601HW Black,1,,,,,,,,[283 days RENTAL] SoftBank 601HW Black,sk.jpg,*,sk.jpg,sk.jpg,,,,,,,,,,,,,,,,,,,,,,1,1,en_sk_282_in,,1,,41600,42140,,5,,,,,,,,,,,,,,,,,16,new! SoftBank 601HW Black 20GB
787,1966,10,7,None (+ 0 JPY),Yes (+ 540 JPY),,,[6 Months RENTAL]+[4 Months RENTAL] SoftBank 601HW Black,1,,,,,,,,[284 days RENTAL] SoftBank 601HW Black,sk.jpg,*,sk.jpg,sk.jpg,,,,,,,,,,,,,,,,,,,,,,1,1,en_sk_283_in,,1,,41600,42140,,5,,,,,,,,,,,,,,,,,16,new! SoftBank 601HW Black 20GB
788,1967,10,7,None (+ 0 JPY),Yes (+ 540 JPY),,,[6 Months RENTAL]+[4 Months RENTAL] SoftBank 601HW Black,1,,,,,,,,[285 days RENTAL] SoftBank 601HW Black,sk.jpg,*,sk.jpg,sk.jpg,,,,,,,,,,,,,,,,,,,,,,1,1,en_sk_284_in,,1,,41600,42140,,5,,,,,,,,,,,,,,,,,16,new! SoftBank 601HW Black 20GB
789,1968,10,7,None (+ 0 JPY),Yes (+ 540 JPY),,,[6 Months RENTAL]+[4 Months RENTAL] SoftBank 601HW Black,1,,,,,,,,[286 days RENTAL] SoftBank 601HW Black,sk.jpg,*,sk.jpg,sk.jpg,,,,,,,,,,,,,,,,,,,,,,1,1,en_sk_285_in,,1,,41600,42140,,5,,,,,,,,,,,,,,,,,16,new! SoftBank 601HW Black 20GB
790,1969,10,7,None (+ 0 JPY),Yes (+ 540 JPY),,,[6 Months RENTAL]+[4 Months RENTAL] SoftBank 601HW Black,1,,,,,,,,[287 days RENTAL] SoftBank 601HW Black,sk.jpg,*,sk.jpg,sk.jpg,,,,,,,,,,,,,,,,,,,,,,1,1,en_sk_286_in,,1,,41600,42140,,5,,,,,,,,,,,,,,,,,16,new! SoftBank 601HW Black 20GB
791,1970,10,7,None (+ 0 JPY),Yes (+ 540 JPY),,,[6 Months RENTAL]+[4 Months RENTAL] SoftBank 601HW Black,1,,,,,,,,[288 days RENTAL] SoftBank 601HW Black,sk.jpg,*,sk.jpg,sk.jpg,,,,,,,,,,,,,,,,,,,,,,1,1,en_sk_287_in,,1,,41600,42140,,5,,,,,,,,,,,,,,,,,16,new! SoftBank 601HW Black 20GB
792,1971,10,7,None (+ 0 JPY),Yes (+ 540 JPY),,,[6 Months RENTAL]+[4 Months RENTAL] SoftBank 601HW Black,1,,,,,,,,[289 days RENTAL] SoftBank 601HW Black,sk.jpg,*,sk.jpg,sk.jpg,,,,,,,,,,,,,,,,,,,,,,1,1,en_sk_288_in,,1,,41600,42140,,5,,,,,,,,,,,,,,,,,16,new! SoftBank 601HW Black 20GB
793,1972,10,7,None (+ 0 JPY),Yes (+ 540 JPY),,,[6 Months RENTAL]+[4 Months RENTAL] SoftBank 601HW Black,1,,,,,,,,[290 days RENTAL] SoftBank 601HW Black,sk.jpg,*,sk.jpg,sk.jpg,,,,,,,,,,,,,,,,,,,,,,1,1,en_sk_289_in,,1,,41600,42140,,5,,,,,,,,,,,,,,,,,16,new! SoftBank 601HW Black 20GB
794,1973,10,7,None (+ 0 JPY),Yes (+ 540 JPY),,,[6 Months RENTAL]+[4 Months RENTAL] SoftBank 601HW Black,1,,,,,,,,[291 days RENTAL] SoftBank 601HW Black,sk.jpg,*,sk.jpg,sk.jpg,,,,,,,,,,,,,,,,,,,,,,1,1,en_sk_290_in,,1,,41600,42140,,5,,,,,,,,,,,,,,,,,16,new! SoftBank 601HW Black 20GB
795,1974,10,7,None (+ 0 JPY),Yes (+ 540 JPY),,,[6 Months RENTAL]+[4 Months RENTAL] SoftBank 601HW Black,1,,,,,,,,[292 days RENTAL] SoftBank 601HW Black,sk.jpg,*,sk.jpg,sk.jpg,,,,,,,,,,,,,,,,,,,,,,1,1,en_sk_291_in,,1,,41600,42140,,5,,,,,,,,,,,,,,,,,16,new! SoftBank 601HW Black 20GB
796,1975,10,7,None (+ 0 JPY),Yes (+ 540 JPY),,,[6 Months RENTAL]+[4 Months RENTAL] SoftBank 601HW Black,1,,,,,,,,[293 days RENTAL] SoftBank 601HW Black,sk.jpg,*,sk.jpg,sk.jpg,,,,,,,,,,,,,,,,,,,,,,1,1,en_sk_292_in,,1,,41600,42140,,5,,,,,,,,,,,,,,,,,16,new! SoftBank 601HW Black 20GB
797,1976,10,7,None (+ 0 JPY),Yes (+ 540 JPY),,,[6 Months RENTAL]+[4 Months RENTAL] SoftBank 601HW Black,1,,,,,,,,[294 days RENTAL] SoftBank 601HW Black,sk.jpg,*,sk.jpg,sk.jpg,,,,,,,,,,,,,,,,,,,,,,1,1,en_sk_293_in,,1,,41600,42140,,5,,,,,,,,,,,,,,,,,16,new! SoftBank 601HW Black 20GB
798,1977,10,7,None (+ 0 JPY),Yes (+ 540 JPY),,,[6 Months RENTAL]+[4 Months RENTAL] SoftBank 601HW Black,1,,,,,,,,[295 days RENTAL] SoftBank 601HW Black,sk.jpg,*,sk.jpg,sk.jpg,,,,,,,,,,,,,,,,,,,,,,1,1,en_sk_294_in,,1,,41600,42140,,5,,,,,,,,,,,,,,,,,16,new! SoftBank 601HW Black 20GB
799,1978,10,7,None (+ 0 JPY),Yes (+ 540 JPY),,,[6 Months RENTAL]+[4 Months RENTAL] SoftBank 601HW Black,1,,,,,,,,[296 days RENTAL] SoftBank 601HW Black,sk.jpg,*,sk.jpg,sk.jpg,,,,,,,,,,,,,,,,,,,,,,1,1,en_sk_295_in,,1,,41600,42140,,5,,,,,,,,,,,,,,,,,16,new! SoftBank 601HW Black 20GB
800,1979,10,7,None (+ 0 JPY),Yes (+ 540 JPY),,,[6 Months RENTAL]+[4 Months RENTAL] SoftBank 601HW Black,1,,,,,,,,[297 days RENTAL] SoftBank 601HW Black,sk.jpg,*,sk.jpg,sk.jpg,,,,,,,,,,,,,,,,,,,,,,1,1,en_sk_296_in,,1,,41600,42140,,5,,,,,,,,,,,,,,,,,16,new! SoftBank 601HW Black 20GB
801,1980,10,7,None (+ 0 JPY),Yes (+ 540 JPY),,,[6 Months RENTAL]+[4 Months RENTAL] SoftBank 601HW Black,1,,,,,,,,[298 days RENTAL] SoftBank 601HW Black,sk.jpg,*,sk.jpg,sk.jpg,,,,,,,,,,,,,,,,,,,,,,1,1,en_sk_297_in,,1,,41600,42140,,5,,,,,,,,,,,,,,,,,16,new! SoftBank 601HW Black 20GB
802,1981,10,7,None (+ 0 JPY),Yes (+ 540 JPY),,,[6 Months RENTAL]+[4 Months RENTAL] SoftBank 601HW Black,1,,,,,,,,[299 days RENTAL] SoftBank 601HW Black,sk.jpg,*,sk.jpg,sk.jpg,,,,,,,,,,,,,,,,,,,,,,1,1,en_sk_298_in,,1,,41600,42140,,5,,,,,,,,,,,,,,,,,16,new! SoftBank 601HW Black 20GB
803,1982,10,7,None (+ 0 JPY),Yes (+ 540 JPY),,,[6 Months RENTAL]+[4 Months RENTAL] SoftBank 601HW Black,1,,,,,,,,[300 days RENTAL] SoftBank 601HW Black,sk.jpg,*,sk.jpg,sk.jpg,,,,,,,,,,,,,,,,,,,,,,1,1,en_sk_299_in,,1,,41600,42140,,5,,,,,,,,,,,,,,,,,16,new! SoftBank 601HW Black 20GB
804,1983,10,7,None (+ 0 JPY),Yes (+ 540 JPY),,,[6 Months RENTAL]+[4 Months RENTAL] SoftBank 601HW Black,1,,,,,,,,[301 days RENTAL] SoftBank 601HW Black,sk.jpg,*,sk.jpg,sk.jpg,,,,,,,,,,,,,,,,,,,,,,1,1,en_sk_300_in,,1,,41600,42140,,5,,,,,,,,,,,,,,,,,16,new! SoftBank 601HW Black 20GB
805,1984,10,7,None (+ 0 JPY),Yes (+ 540 JPY),,,[6 Months RENTAL]+[4 Months RENTAL] SoftBank 601HW Black,1,,,,,,,,[302 days RENTAL] SoftBank 601HW Black,sk.jpg,*,sk.jpg,sk.jpg,,,,,,,,,,,,,,,,,,,,,,,1,en_sk_301_in,,1,,41600,42140,,5,,,,,,,,,,,,,,,,,16,new! SoftBank 601HW Black 20GB
806,1985,10,7,None (+ 0 JPY),Yes (+ 540 JPY),,,[6 Months RENTAL]+[4 Months RENTAL]+[1 day RENTAL] SoftBank 601HW Black,1,,,,,,,,[303 days RENTAL] SoftBank 601HW Black,sk.jpg,*,sk.jpg,sk.jpg,,,,,,,,,,,,,,,,,,,,,,,1,en_sk_302_in,,1,,42050,42590,,5,,,,,,,,,,,,,,,,,16,new! SoftBank 601HW Black 20GB
807,1986,10,7,None (+ 0 JPY),Yes (+ 540 JPY),,,[6 Months RENTAL]+[4 Months RENTAL]+[2 days RENTAL] SoftBank 601HW Black,1,,,,,,,,[304 days RENTAL] SoftBank 601HW Black,sk.jpg,*,sk.jpg,sk.jpg,,,,,,,,,,,,,,,,,,,,,,,1,en_sk_303_in,,1,,42500,43040,,5,,,,,,,,,,,,,,,,,16,new! SoftBank 601HW Black 20GB
808,1987,10,7,None (+ 0 JPY),Yes (+ 540 JPY),,,[6 Months RENTAL]+[4 Months RENTAL]+[3 days RENTAL] SoftBank 601HW Black,1,,,,,,,,[305 days RENTAL] SoftBank 601HW Black,sk.jpg,*,sk.jpg,sk.jpg,,,,,,,,,,,,,,,,,,,,,,,1,en_sk_304_in,,1,,42950,43490,,5,,,,,,,,,,,,,,,,,16,new! SoftBank 601HW Black 20GB
809,1988,10,7,None (+ 0 JPY),Yes (+ 540 JPY),,,[6 Months RENTAL]+[4 Months RENTAL]+[4 days RENTAL] SoftBank 601HW Black,1,,,,,,,,[306 days RENTAL] SoftBank 601HW Black,sk.jpg,*,sk.jpg,sk.jpg,,,,,,,,,,,,,,,,,,,,,,,1,en_sk_305_in,,1,,43400,43940,,5,,,,,,,,,,,,,,,,,16,new! SoftBank 601HW Black 20GB
810,1989,10,7,None (+ 0 JPY),Yes (+ 540 JPY),,,[6 Months RENTAL]+[5 Months RENTAL] SoftBank 601HW Black,1,,,,,,,,[307 days RENTAL] SoftBank 601HW Black,sk.jpg,*,sk.jpg,sk.jpg,,,,,,,,,,,,,,,,,,,,,,1,1,en_sk_306_in,,1,,43600,44140,,5,,,,,,,,,,,,,,,,,16,new! SoftBank 601HW Black 20GB
811,1990,10,7,None (+ 0 JPY),Yes (+ 540 JPY),,,[6 Months RENTAL]+[5 Months RENTAL] SoftBank 601HW Black,1,,,,,,,,[308 days RENTAL] SoftBank 601HW Black,sk.jpg,*,sk.jpg,sk.jpg,,,,,,,,,,,,,,,,,,,,,,1,1,en_sk_307_in,,1,,43600,44140,,5,,,,,,,,,,,,,,,,,16,new! SoftBank 601HW Black 20GB
812,1991,10,7,None (+ 0 JPY),Yes (+ 540 JPY),,,[6 Months RENTAL]+[5 Months RENTAL] SoftBank 601HW Black,1,,,,,,,,[309 days RENTAL] SoftBank 601HW Black,sk.jpg,*,sk.jpg,sk.jpg,,,,,,,,,,,,,,,,,,,,,,1,1,en_sk_308_in,,1,,43600,44140,,5,,,,,,,,,,,,,,,,,16,new! SoftBank 601HW Black 20GB
813,1992,10,7,None (+ 0 JPY),Yes (+ 540 JPY),,,[6 Months RENTAL]+[5 Months RENTAL] SoftBank 601HW Black,1,,,,,,,,[310 days RENTAL] SoftBank 601HW Black,sk.jpg,*,sk.jpg,sk.jpg,,,,,,,,,,,,,,,,,,,,,,1,1,en_sk_309_in,,1,,43600,44140,,5,,,,,,,,,,,,,,,,,16,new! SoftBank 601HW Black 20GB
814,1993,10,7,None (+ 0 JPY),Yes (+ 540 JPY),,,[6 Months RENTAL]+[5 Months RENTAL] SoftBank 601HW Black,1,,,,,,,,[311 days RENTAL] SoftBank 601HW Black,sk.jpg,*,sk.jpg,sk.jpg,,,,,,,,,,,,,,,,,,,,,,1,1,en_sk_310_in,,1,,43600,44140,,5,,,,,,,,,,,,,,,,,16,new! SoftBank 601HW Black 20GB
815,1994,10,7,None (+ 0 JPY),Yes (+ 540 JPY),,,[6 Months RENTAL]+[5 Months RENTAL] SoftBank 601HW Black,1,,,,,,,,[312 days RENTAL] SoftBank 601HW Black,sk.jpg,*,sk.jpg,sk.jpg,,,,,,,,,,,,,,,,,,,,,,1,1,en_sk_311_in,,1,,43600,44140,,5,,,,,,,,,,,,,,,,,16,new! SoftBank 601HW Black 20GB
816,1995,10,7,None (+ 0 JPY),Yes (+ 540 JPY),,,[6 Months RENTAL]+[5 Months RENTAL] SoftBank 601HW Black,1,,,,,,,,[313 days RENTAL] SoftBank 601HW Black,sk.jpg,*,sk.jpg,sk.jpg,,,,,,,,,,,,,,,,,,,,,,1,1,en_sk_312_in,,1,,43600,44140,,5,,,,,,,,,,,,,,,,,16,new! SoftBank 601HW Black 20GB
817,1996,10,7,None (+ 0 JPY),Yes (+ 540 JPY),,,[6 Months RENTAL]+[5 Months RENTAL] SoftBank 601HW Black,1,,,,,,,,[314 days RENTAL] SoftBank 601HW Black,sk.jpg,*,sk.jpg,sk.jpg,,,,,,,,,,,,,,,,,,,,,,1,1,en_sk_313_in,,1,,43600,44140,,5,,,,,,,,,,,,,,,,,16,new! SoftBank 601HW Black 20GB
818,1997,10,7,None (+ 0 JPY),Yes (+ 540 JPY),,,[6 Months RENTAL]+[5 Months RENTAL] SoftBank 601HW Black,1,,,,,,,,[315 days RENTAL] SoftBank 601HW Black,sk.jpg,*,sk.jpg,sk.jpg,,,,,,,,,,,,,,,,,,,,,,1,1,en_sk_314_in,,1,,43600,44140,,5,,,,,,,,,,,,,,,,,16,new! SoftBank 601HW Black 20GB
819,1998,10,7,None (+ 0 JPY),Yes (+ 540 JPY),,,[6 Months RENTAL]+[5 Months RENTAL] SoftBank 601HW Black,1,,,,,,,,[316 days RENTAL] SoftBank 601HW Black,sk.jpg,*,sk.jpg,sk.jpg,,,,,,,,,,,,,,,,,,,,,,1,1,en_sk_315_in,,1,,43600,44140,,5,,,,,,,,,,,,,,,,,16,new! SoftBank 601HW Black 20GB
820,1999,10,7,None (+ 0 JPY),Yes (+ 540 JPY),,,[6 Months RENTAL]+[5 Months RENTAL] SoftBank 601HW Black,1,,,,,,,,[317 days RENTAL] SoftBank 601HW Black,sk.jpg,*,sk.jpg,sk.jpg,,,,,,,,,,,,,,,,,,,,,,1,1,en_sk_316_in,,1,,43600,44140,,5,,,,,,,,,,,,,,,,,16,new! SoftBank 601HW Black 20GB
821,2000,10,7,None (+ 0 JPY),Yes (+ 540 JPY),,,[6 Months RENTAL]+[5 Months RENTAL] SoftBank 601HW Black,1,,,,,,,,[318 days RENTAL] SoftBank 601HW Black,sk.jpg,*,sk.jpg,sk.jpg,,,,,,,,,,,,,,,,,,,,,,1,1,en_sk_317_in,,1,,43600,44140,,5,,,,,,,,,,,,,,,,,16,new! SoftBank 601HW Black 20GB
822,2001,10,7,None (+ 0 JPY),Yes (+ 540 JPY),,,[6 Months RENTAL]+[5 Months RENTAL] SoftBank 601HW Black,1,,,,,,,,[319 days RENTAL] SoftBank 601HW Black,sk.jpg,*,sk.jpg,sk.jpg,,,,,,,,,,,,,,,,,,,,,,1,1,en_sk_318_in,,1,,43600,44140,,5,,,,,,,,,,,,,,,,,16,new! SoftBank 601HW Black 20GB
823,2002,10,7,None (+ 0 JPY),Yes (+ 540 JPY),,,[6 Months RENTAL]+[5 Months RENTAL] SoftBank 601HW Black,1,,,,,,,,[320 days RENTAL] SoftBank 601HW Black,sk.jpg,*,sk.jpg,sk.jpg,,,,,,,,,,,,,,,,,,,,,,1,1,en_sk_319_in,,1,,43600,44140,,5,,,,,,,,,,,,,,,,,16,new! SoftBank 601HW Black 20GB
824,2003,10,7,None (+ 0 JPY),Yes (+ 540 JPY),,,[6 Months RENTAL]+[5 Months RENTAL] SoftBank 601HW Black,1,,,,,,,,[321 days RENTAL] SoftBank 601HW Black,sk.jpg,*,sk.jpg,sk.jpg,,,,,,,,,,,,,,,,,,,,,,1,1,en_sk_320_in,,1,,43600,44140,,5,,,,,,,,,,,,,,,,,16,new! SoftBank 601HW Black 20GB
825,2004,10,7,None (+ 0 JPY),Yes (+ 540 JPY),,,[6 Months RENTAL]+[5 Months RENTAL] SoftBank 601HW Black,1,,,,,,,,[322 days RENTAL] SoftBank 601HW Black,sk.jpg,*,sk.jpg,sk.jpg,,,,,,,,,,,,,,,,,,,,,,1,1,en_sk_321_in,,1,,43600,44140,,5,,,,,,,,,,,,,,,,,16,new! SoftBank 601HW Black 20GB
826,2005,10,7,None (+ 0 JPY),Yes (+ 540 JPY),,,[6 Months RENTAL]+[5 Months RENTAL] SoftBank 601HW Black,1,,,,,,,,[323 days RENTAL] SoftBank 601HW Black,sk.jpg,*,sk.jpg,sk.jpg,,,,,,,,,,,,,,,,,,,,,,1,1,en_sk_322_in,,1,,43600,44140,,5,,,,,,,,,,,,,,,,,16,new! SoftBank 601HW Black 20GB
827,2006,10,7,None (+ 0 JPY),Yes (+ 540 JPY),,,[6 Months RENTAL]+[5 Months RENTAL] SoftBank 601HW Black,1,,,,,,,,[324 days RENTAL] SoftBank 601HW Black,sk.jpg,*,sk.jpg,sk.jpg,,,,,,,,,,,,,,,,,,,,,,1,1,en_sk_323_in,,1,,43600,44140,,5,,,,,,,,,,,,,,,,,16,new! SoftBank 601HW Black 20GB
828,2007,10,7,None (+ 0 JPY),Yes (+ 540 JPY),,,[6 Months RENTAL]+[5 Months RENTAL] SoftBank 601HW Black,1,,,,,,,,[325 days RENTAL] SoftBank 601HW Black,sk.jpg,*,sk.jpg,sk.jpg,,,,,,,,,,,,,,,,,,,,,,1,1,en_sk_324_in,,1,,43600,44140,,5,,,,,,,,,,,,,,,,,16,new! SoftBank 601HW Black 20GB
829,2008,10,7,None (+ 0 JPY),Yes (+ 540 JPY),,,[6 Months RENTAL]+[5 Months RENTAL] SoftBank 601HW Black,1,,,,,,,,[326 days RENTAL] SoftBank 601HW Black,sk.jpg,*,sk.jpg,sk.jpg,,,,,,,,,,,,,,,,,,,,,,1,1,en_sk_325_in,,1,,43600,44140,,5,,,,,,,,,,,,,,,,,16,new! SoftBank 601HW Black 20GB
830,2009,10,7,None (+ 0 JPY),Yes (+ 540 JPY),,,[6 Months RENTAL]+[5 Months RENTAL] SoftBank 601HW Black,1,,,,,,,,[327 days RENTAL] SoftBank 601HW Black,sk.jpg,*,sk.jpg,sk.jpg,,,,,,,,,,,,,,,,,,,,,,1,1,en_sk_326_in,,1,,43600,44140,,5,,,,,,,,,,,,,,,,,16,new! SoftBank 601HW Black 20GB
831,2010,10,7,None (+ 0 JPY),Yes (+ 540 JPY),,,[6 Months RENTAL]+[5 Months RENTAL] SoftBank 601HW Black,1,,,,,,,,[328 days RENTAL] SoftBank 601HW Black,sk.jpg,*,sk.jpg,sk.jpg,,,,,,,,,,,,,,,,,,,,,,1,1,en_sk_327_in,,1,,43600,44140,,5,,,,,,,,,,,,,,,,,16,new! SoftBank 601HW Black 20GB
832,2011,10,7,None (+ 0 JPY),Yes (+ 540 JPY),,,[6 Months RENTAL]+[5 Months RENTAL] SoftBank 601HW Black,1,,,,,,,,[329 days RENTAL] SoftBank 601HW Black,sk.jpg,*,sk.jpg,sk.jpg,,,,,,,,,,,,,,,,,,,,,,1,1,en_sk_328_in,,1,,43600,44140,,5,,,,,,,,,,,,,,,,,16,new! SoftBank 601HW Black 20GB
833,2012,10,7,None (+ 0 JPY),Yes (+ 540 JPY),,,[6 Months RENTAL]+[5 Months RENTAL] SoftBank 601HW Black,1,,,,,,,,[330 days RENTAL] SoftBank 601HW Black,sk.jpg,*,sk.jpg,sk.jpg,,,,,,,,,,,,,,,,,,,,,,1,1,en_sk_329_in,,1,,43600,44140,,5,,,,,,,,,,,,,,,,,16,new! SoftBank 601HW Black 20GB
834,2013,10,7,None (+ 0 JPY),Yes (+ 540 JPY),,,[6 Months RENTAL]+[5 Months RENTAL] SoftBank 601HW Black,1,,,,,,,,[331 days RENTAL] SoftBank 601HW Black,sk.jpg,*,sk.jpg,sk.jpg,,,,,,,,,,,,,,,,,,,,,,1,1,en_sk_330_in,,1,,43600,44140,,5,,,,,,,,,,,,,,,,,16,new! SoftBank 601HW Black 20GB
835,2014,10,7,None (+ 0 JPY),Yes (+ 540 JPY),,,[6 Months RENTAL]+[5 Months RENTAL] SoftBank 601HW Black,1,,,,,,,,[332 days RENTAL] SoftBank 601HW Black,sk.jpg,*,sk.jpg,sk.jpg,,,,,,,,,,,,,,,,,,,,,,,1,en_sk_331_in,,1,,43600,44140,,5,,,,,,,,,,,,,,,,,16,new! SoftBank 601HW Black 20GB
836,2015,10,7,None (+ 0 JPY),Yes (+ 540 JPY),,,[6 Months RENTAL]+[5 Months RENTAL]+[1 day RENTAL] SoftBank 601HW Black,1,,,,,,,,[333 days RENTAL] SoftBank 601HW Black,sk.jpg,*,sk.jpg,sk.jpg,,,,,,,,,,,,,,,,,,,,,,,1,en_sk_332_in,,1,,44050,44590,,5,,,,,,,,,,,,,,,,,16,new! SoftBank 601HW Black 20GB
837,2016,10,7,None (+ 0 JPY),Yes (+ 540 JPY),,,[6 Months RENTAL]+[5 Months RENTAL]+[2 days RENTAL] SoftBank 601HW Black,1,,,,,,,,[334 days RENTAL] SoftBank 601HW Black,sk.jpg,*,sk.jpg,sk.jpg,,,,,,,,,,,,,,,,,,,,,,,1,en_sk_333_in,,1,,44500,45040,,5,,,,,,,,,,,,,,,,,16,new! SoftBank 601HW Black 20GB
838,2017,10,7,None (+ 0 JPY),Yes (+ 540 JPY),,,[6 Months RENTAL]+[5 Months RENTAL]+[3 days RENTAL] SoftBank 601HW Black,1,,,,,,,,[335 days RENTAL] SoftBank 601HW Black,sk.jpg,*,sk.jpg,sk.jpg,,,,,,,,,,,,,,,,,,,,,,,1,en_sk_334_in,,1,,44950,45490,,5,,,,,,,,,,,,,,,,,16,new! SoftBank 601HW Black 20GB
839,2018,10,7,None (+ 0 JPY),Yes (+ 540 JPY),,,[6 Months RENTAL]+[5 Months RENTAL]+[4 days RENTAL] SoftBank 601HW Black,1,,,,,,,,[336 days RENTAL] SoftBank 601HW Black,sk.jpg,*,sk.jpg,sk.jpg,,,,,,,,,,,,,,,,,,,,,,,1,en_sk_335_in,,1,,45400,45940,,5,,,,,,,,,,,,,,,,,16,new! SoftBank 601HW Black 20GB
840,2019,10,7,None (+ 0 JPY),Yes (+ 540 JPY),,,[6 Months RENTAL]+[6 Months RENTAL] SoftBank 601HW Black,1,,,,,,,,[337 days RENTAL] SoftBank 601HW Black,sk.jpg,*,sk.jpg,sk.jpg,,,,,,,,,,,,,,,,,,,,,,1,1,en_sk_336_in,,1,,45600,46140,,5,,,,,,,,,,,,,,,,,16,new! SoftBank 601HW Black 20GB
841,2020,10,7,None (+ 0 JPY),Yes (+ 540 JPY),,,[6 Months RENTAL]+[6 Months RENTAL] SoftBank 601HW Black,1,,,,,,,,[338 days RENTAL] SoftBank 601HW Black,sk.jpg,*,sk.jpg,sk.jpg,,,,,,,,,,,,,,,,,,,,,,1,1,en_sk_337_in,,1,,45600,46140,,5,,,,,,,,,,,,,,,,,16,new! SoftBank 601HW Black 20GB
842,2021,10,7,None (+ 0 JPY),Yes (+ 540 JPY),,,[6 Months RENTAL]+[6 Months RENTAL] SoftBank 601HW Black,1,,,,,,,,[339 days RENTAL] SoftBank 601HW Black,sk.jpg,*,sk.jpg,sk.jpg,,,,,,,,,,,,,,,,,,,,,,1,1,en_sk_338_in,,1,,45600,46140,,5,,,,,,,,,,,,,,,,,16,new! SoftBank 601HW Black 20GB
843,2022,10,7,None (+ 0 JPY),Yes (+ 540 JPY),,,[6 Months RENTAL]+[6 Months RENTAL] SoftBank 601HW Black,1,,,,,,,,[340 days RENTAL] SoftBank 601HW Black,sk.jpg,*,sk.jpg,sk.jpg,,,,,,,,,,,,,,,,,,,,,,1,1,en_sk_339_in,,1,,45600,46140,,5,,,,,,,,,,,,,,,,,16,new! SoftBank 601HW Black 20GB
844,2023,10,7,None (+ 0 JPY),Yes (+ 540 JPY),,,[6 Months RENTAL]+[6 Months RENTAL] SoftBank 601HW Black,1,,,,,,,,[341 days RENTAL] SoftBank 601HW Black,sk.jpg,*,sk.jpg,sk.jpg,,,,,,,,,,,,,,,,,,,,,,1,1,en_sk_340_in,,1,,45600,46140,,5,,,,,,,,,,,,,,,,,16,new! SoftBank 601HW Black 20GB
845,2024,10,7,None (+ 0 JPY),Yes (+ 540 JPY),,,[6 Months RENTAL]+[6 Months RENTAL] SoftBank 601HW Black,1,,,,,,,,[342 days RENTAL] SoftBank 601HW Black,sk.jpg,*,sk.jpg,sk.jpg,,,,,,,,,,,,,,,,,,,,,,1,1,en_sk_341_in,,1,,45600,46140,,5,,,,,,,,,,,,,,,,,16,new! SoftBank 601HW Black 20GB
846,2025,10,7,None (+ 0 JPY),Yes (+ 540 JPY),,,[6 Months RENTAL]+[6 Months RENTAL] SoftBank 601HW Black,1,,,,,,,,[343 days RENTAL] SoftBank 601HW Black,sk.jpg,*,sk.jpg,sk.jpg,,,,,,,,,,,,,,,,,,,,,,1,1,en_sk_342_in,,1,,45600,46140,,5,,,,,,,,,,,,,,,,,16,new! SoftBank 601HW Black 20GB
847,2026,10,7,None (+ 0 JPY),Yes (+ 540 JPY),,,[6 Months RENTAL]+[6 Months RENTAL] SoftBank 601HW Black,1,,,,,,,,[344 days RENTAL] SoftBank 601HW Black,sk.jpg,*,sk.jpg,sk.jpg,,,,,,,,,,,,,,,,,,,,,,1,1,en_sk_343_in,,1,,45600,46140,,5,,,,,,,,,,,,,,,,,16,new! SoftBank 601HW Black 20GB
848,2027,10,7,None (+ 0 JPY),Yes (+ 540 JPY),,,[6 Months RENTAL]+[6 Months RENTAL] SoftBank 601HW Black,1,,,,,,,,[345 days RENTAL] SoftBank 601HW Black,sk.jpg,*,sk.jpg,sk.jpg,,,,,,,,,,,,,,,,,,,,,,1,1,en_sk_344_in,,1,,45600,46140,,5,,,,,,,,,,,,,,,,,16,new! SoftBank 601HW Black 20GB
849,2028,10,7,None (+ 0 JPY),Yes (+ 540 JPY),,,[6 Months RENTAL]+[6 Months RENTAL] SoftBank 601HW Black,1,,,,,,,,[346 days RENTAL] SoftBank 601HW Black,sk.jpg,*,sk.jpg,sk.jpg,,,,,,,,,,,,,,,,,,,,,,1,1,en_sk_345_in,,1,,45600,46140,,5,,,,,,,,,,,,,,,,,16,new! SoftBank 601HW Black 20GB
850,2029,10,7,None (+ 0 JPY),Yes (+ 540 JPY),,,[6 Months RENTAL]+[6 Months RENTAL] SoftBank 601HW Black,1,,,,,,,,[347 days RENTAL] SoftBank 601HW Black,sk.jpg,*,sk.jpg,sk.jpg,,,,,,,,,,,,,,,,,,,,,,1,1,en_sk_346_in,,1,,45600,46140,,5,,,,,,,,,,,,,,,,,16,new! SoftBank 601HW Black 20GB
851,2030,10,7,None (+ 0 JPY),Yes (+ 540 JPY),,,[6 Months RENTAL]+[6 Months RENTAL] SoftBank 601HW Black,1,,,,,,,,[348 days RENTAL] SoftBank 601HW Black,sk.jpg,*,sk.jpg,sk.jpg,,,,,,,,,,,,,,,,,,,,,,1,1,en_sk_347_in,,1,,45600,46140,,5,,,,,,,,,,,,,,,,,16,new! SoftBank 601HW Black 20GB
852,2031,10,7,None (+ 0 JPY),Yes (+ 540 JPY),,,[6 Months RENTAL]+[6 Months RENTAL] SoftBank 601HW Black,1,,,,,,,,[349 days RENTAL] SoftBank 601HW Black,sk.jpg,*,sk.jpg,sk.jpg,,,,,,,,,,,,,,,,,,,,,,1,1,en_sk_348_in,,1,,45600,46140,,5,,,,,,,,,,,,,,,,,16,new! SoftBank 601HW Black 20GB
853,2032,10,7,None (+ 0 JPY),Yes (+ 540 JPY),,,[6 Months RENTAL]+[6 Months RENTAL] SoftBank 601HW Black,1,,,,,,,,[350 days RENTAL] SoftBank 601HW Black,sk.jpg,*,sk.jpg,sk.jpg,,,,,,,,,,,,,,,,,,,,,,1,1,en_sk_349_in,,1,,45600,46140,,5,,,,,,,,,,,,,,,,,16,new! SoftBank 601HW Black 20GB
854,2033,10,7,None (+ 0 JPY),Yes (+ 540 JPY),,,[6 Months RENTAL]+[6 Months RENTAL] SoftBank 601HW Black,1,,,,,,,,[351 days RENTAL] SoftBank 601HW Black,sk.jpg,*,sk.jpg,sk.jpg,,,,,,,,,,,,,,,,,,,,,,1,1,en_sk_350_in,,1,,45600,46140,,5,,,,,,,,,,,,,,,,,16,new! SoftBank 601HW Black 20GB
855,2034,10,7,None (+ 0 JPY),Yes (+ 540 JPY),,,[6 Months RENTAL]+[6 Months RENTAL] SoftBank 601HW Black,1,,,,,,,,[352 days RENTAL] SoftBank 601HW Black,sk.jpg,*,sk.jpg,sk.jpg,,,,,,,,,,,,,,,,,,,,,,1,1,en_sk_351_in,,1,,45600,46140,,5,,,,,,,,,,,,,,,,,16,new! SoftBank 601HW Black 20GB
856,2035,10,7,None (+ 0 JPY),Yes (+ 540 JPY),,,[6 Months RENTAL]+[6 Months RENTAL] SoftBank 601HW Black,1,,,,,,,,[353 days RENTAL] SoftBank 601HW Black,sk.jpg,*,sk.jpg,sk.jpg,,,,,,,,,,,,,,,,,,,,,,1,1,en_sk_352_in,,1,,45600,46140,,5,,,,,,,,,,,,,,,,,16,new! SoftBank 601HW Black 20GB
857,2036,10,7,None (+ 0 JPY),Yes (+ 540 JPY),,,[6 Months RENTAL]+[6 Months RENTAL] SoftBank 601HW Black,1,,,,,,,,[354 days RENTAL] SoftBank 601HW Black,sk.jpg,*,sk.jpg,sk.jpg,,,,,,,,,,,,,,,,,,,,,,1,1,en_sk_353_in,,1,,45600,46140,,5,,,,,,,,,,,,,,,,,16,new! SoftBank 601HW Black 20GB
858,2037,10,7,None (+ 0 JPY),Yes (+ 540 JPY),,,[6 Months RENTAL]+[6 Months RENTAL] SoftBank 601HW Black,1,,,,,,,,[355 days RENTAL] SoftBank 601HW Black,sk.jpg,*,sk.jpg,sk.jpg,,,,,,,,,,,,,,,,,,,,,,1,1,en_sk_354_in,,1,,45600,46140,,5,,,,,,,,,,,,,,,,,16,new! SoftBank 601HW Black 20GB
859,2038,10,7,None (+ 0 JPY),Yes (+ 540 JPY),,,[6 Months RENTAL]+[6 Months RENTAL] SoftBank 601HW Black,1,,,,,,,,[356 days RENTAL] SoftBank 601HW Black,sk.jpg,*,sk.jpg,sk.jpg,,,,,,,,,,,,,,,,,,,,,,1,1,en_sk_355_in,,1,,45600,46140,,5,,,,,,,,,,,,,,,,,16,new! SoftBank 601HW Black 20GB
860,2039,10,7,None (+ 0 JPY),Yes (+ 540 JPY),,,[6 Months RENTAL]+[6 Months RENTAL] SoftBank 601HW Black,1,,,,,,,,[357 days RENTAL] SoftBank 601HW Black,sk.jpg,*,sk.jpg,sk.jpg,,,,,,,,,,,,,,,,,,,,,,1,1,en_sk_356_in,,1,,45600,46140,,5,,,,,,,,,,,,,,,,,16,new! SoftBank 601HW Black 20GB
861,2040,10,7,None (+ 0 JPY),Yes (+ 540 JPY),,,[6 Months RENTAL]+[6 Months RENTAL] SoftBank 601HW Black,1,,,,,,,,[358 days RENTAL] SoftBank 601HW Black,sk.jpg,*,sk.jpg,sk.jpg,,,,,,,,,,,,,,,,,,,,,,1,1,en_sk_357_in,,1,,45600,46140,,5,,,,,,,,,,,,,,,,,16,new! SoftBank 601HW Black 20GB
862,2041,10,7,None (+ 0 JPY),Yes (+ 540 JPY),,,[6 Months RENTAL]+[6 Months RENTAL] SoftBank 601HW Black,1,,,,,,,,[359 days RENTAL] SoftBank 601HW Black,sk.jpg,*,sk.jpg,sk.jpg,,,,,,,,,,,,,,,,,,,,,,1,1,en_sk_358_in,,1,,45600,46140,,5,,,,,,,,,,,,,,,,,16,new! SoftBank 601HW Black 20GB
863,2042,10,7,None (+ 0 JPY),Yes (+ 540 JPY),,,[6 Months RENTAL]+[6 Months RENTAL] SoftBank 601HW Black,1,,,,,,,,[360 days RENTAL] SoftBank 601HW Black,sk.jpg,*,sk.jpg,sk.jpg,,,,,,,,,,,,,,,,,,,,,,1,1,en_sk_359_in,,1,,45600,46140,,5,,,,,,,,,,,,,,,,,16,new! SoftBank 601HW Black 20GB
864,2043,10,7,None (+ 0 JPY),Yes (+ 540 JPY),,,[6 Months RENTAL]+[6 Months RENTAL] SoftBank 601HW Black,1,,,,,,,,[361 days RENTAL] SoftBank 601HW Black,sk.jpg,*,sk.jpg,sk.jpg,,,,,,,,,,,,,,,,,,,,,,1,1,en_sk_360_in,,1,,45600,46140,,5,,,,,,,,,,,,,,,,,16,new! SoftBank 601HW Black 20GB
865,2044,10,7,None (+ 0 JPY),Yes (+ 540 JPY),,,[6 Months RENTAL]+[6 Months RENTAL] SoftBank 601HW Black,1,,,,,,,,[362 days RENTAL] SoftBank 601HW Black,sk.jpg,*,sk.jpg,sk.jpg,,,,,,,,,,,,,,,,,,,,,,,1,en_sk_361_in,,1,,45600,46140,,5,,,,,,,,,,,,,,,,,16,new! SoftBank 601HW Black 20GB
866,2045,10,7,None (+ 0 JPY),Yes (+ 540 JPY),,,[6 Months RENTAL]+[6 Months RENTAL]+[1 day RENTAL] SoftBank 601HW Black,1,,,,,,,,[363 days RENTAL] SoftBank 601HW Black,sk.jpg,*,sk.jpg,sk.jpg,,,,,,,,,,,,,,,,,,,,,,,1,en_sk_362_in,,1,,46050,46590,,5,,,,,,,,,,,,,,,,,16,new! SoftBank 601HW Black 20GB
867,2046,10,7,None (+ 0 JPY),Yes (+ 540 JPY),,,[6 Months RENTAL]+[6 Months RENTAL]+[2 days RENTAL] SoftBank 601HW Black,1,,,,,,,,[364 days RENTAL] SoftBank 601HW Black,sk.jpg,*,sk.jpg,sk.jpg,,,,,,,,,,,,,,,,,,,,,,,1,en_sk_363_in,,1,,46500,47040,,5,,,,,,,,,,,,,,,,,16,new! SoftBank 601HW Black 20GB
868,2047,10,7,None (+ 0 JPY),Yes (+ 540 JPY),,,[6 Months RENTAL]+[6 Months RENTAL]+[3 days RENTAL] SoftBank 601HW Black,1,,,,,,,,[365 days RENTAL] SoftBank 601HW Black,sk.jpg,*,sk.jpg,sk.jpg,,,,,,,,,,,,,,,,,,,,,,,1,en_sk_364_in,,1,,46950,47490,,5,,,,,,,,,,,,,,,,,16,new! SoftBank 601HW Black 20GB
504,2048,9,7,Yes (+ 50 JPY / Day),Yes (+ 540 JPY),,,[1 day RENTAL] SoftBank 601HW Black,1,,,,,,,,[1 days RENTAL] SoftBank 601HW Black,sk.jpg,*,sk.jpg,sk.jpg,,,,,,,,,,,,,,,,,,,,,,,1,en_sk_000_in_bt,,1,,450,1040,,5,,,,,,,,,,,,,,,,,16,new! SoftBank 601HW Black 20GB
505,2049,9,7,Yes (+ 50 JPY / Day),Yes (+ 540 JPY),,,[2 days RENTAL] SoftBank 601HW Black,1,,,,,,,,[2 days RENTAL] SoftBank 601HW Black,sk.jpg,*,sk.jpg,sk.jpg,,,,,,,,,,,,,,,,,,,,,,,1,en_sk_001_in_bt,,1,,900,1540,,5,,,,,,,,,,,,,,,,,16,new! SoftBank 601HW Black 20GB
506,2050,9,7,Yes (+ 50 JPY / Day),Yes (+ 540 JPY),,,[3 days RENTAL] SoftBank 601HW Black,1,,,,,,,,[3 days RENTAL] SoftBank 601HW Black,sk.jpg,*,sk.jpg,sk.jpg,,,,,,,,,,,,,,,,,,,,,,,1,en_sk_002_in_bt,,1,,1350,2040,,5,,,,,,,,,,,,,,,,,16,new! SoftBank 601HW Black 20GB
507,2051,9,7,Yes (+ 50 JPY / Day),Yes (+ 540 JPY),,,[4 days RENTAL] SoftBank 601HW Black,1,,,,,,,,[4 days RENTAL] SoftBank 601HW Black,sk.jpg,*,sk.jpg,sk.jpg,,,,,,,,,,,,,,,,,,,,,,,1,en_sk_003_in_bt,,1,,1800,2540,,5,,,,,,,,,,,,,,,,,16,new! SoftBank 601HW Black 20GB
508,2052,9,7,Yes (+ 50 JPY / Day),Yes (+ 540 JPY),,,[5 days RENTAL] SoftBank 601HW Black,1,,,,,,,,[5 days RENTAL] SoftBank 601HW Black,sk.jpg,*,sk.jpg,sk.jpg,,,,,,,,,,,,,,,,,,,,,,,1,en_sk_004_in_bt,,1,,2250,3040,,5,,,,,,,,,,,,,,,,,16,new! SoftBank 601HW Black 20GB
509,2053,9,7,Yes (+ 50 JPY / Day),Yes (+ 540 JPY),,,[6 days RENTAL] SoftBank 601HW Black,1,,,,,,,,[6 days RENTAL] SoftBank 601HW Black,sk.jpg,*,sk.jpg,sk.jpg,,,,,,,,,,,,,,,,,,,,,,,1,en_sk_005_in_bt,,1,,2700,3540,,5,,,,,,,,,,,,,,,,,16,new! SoftBank 601HW Black 20GB
510,2054,9,7,Yes (+ 50 JPY / Day),Yes (+ 540 JPY),,,[7 days RENTAL] SoftBank 601HW Black,1,,,,,,,,[7 days RENTAL] SoftBank 601HW Black,sk.jpg,*,sk.jpg,sk.jpg,,,,,,,,,,,,,,,,,,,,,,,1,en_sk_006_in_bt,,1,,3150,4040,,5,,,,,,,,,,,,,,,,,16,new! SoftBank 601HW Black 20GB
511,2055,9,7,Yes (+ 50 JPY / Day),Yes (+ 540 JPY),,,[8 days RENTAL] SoftBank 601HW Black,1,,,,,,,,[8 days RENTAL] SoftBank 601HW Black,sk.jpg,*,sk.jpg,sk.jpg,,,,,,,,,,,,,,,,,,,,,,,1,en_sk_007_in_bt,,1,,3600,4540,,5,,,,,,,,,,,,,,,,,16,new! SoftBank 601HW Black 20GB
512,2056,9,7,Yes (+ 50 JPY / Day),Yes (+ 540 JPY),,,[9 days RENTAL] SoftBank 601HW Black,1,,,,,,,,[9 days RENTAL] SoftBank 601HW Black,sk.jpg,*,sk.jpg,sk.jpg,,,,,,,,,,,,,,,,,,,,,,,1,en_sk_008_in_bt,,1,,4050,5040,,5,,,,,,,,,,,,,,,,,16,new! SoftBank 601HW Black 20GB
513,2057,9,7,Yes (+ 50 JPY / Day),Yes (+ 540 JPY),,,[10 days RENTAL] SoftBank 601HW Black,1,,,,,,,,[10 days RENTAL] SoftBank 601HW Black,sk.jpg,*,sk.jpg,sk.jpg,,,,,,,,,,,,,,,,,,,,,,,1,en_sk_009_in_bt,,1,,4500,5540,,5,,,,,,,,,,,,,,,,,16,new! SoftBank 601HW Black 20GB
514,2058,9,7,Yes (+ 50 JPY / Day),Yes (+ 540 JPY),,,[11 days RENTAL] SoftBank 601HW Black,1,,,,,,,,[11 days RENTAL] SoftBank 601HW Black,sk.jpg,*,sk.jpg,sk.jpg,,,,,,,,,,,,,,,,,,,,,,,1,en_sk_010_in_bt,,1,,4950,6040,,5,,,,,,,,,,,,,,,,,16,new! SoftBank 601HW Black 20GB
515,2059,9,7,Yes (+ 50 JPY / Day),Yes (+ 540 JPY),,,[12 days RENTAL] SoftBank 601HW Black,1,,,,,,,,[12 days RENTAL] SoftBank 601HW Black,sk.jpg,*,sk.jpg,sk.jpg,,,,,,,,,,,,,,,,,,,,,,,1,en_sk_011_in_bt,,1,,5400,6540,,5,,,,,,,,,,,,,,,,,16,new! SoftBank 601HW Black 20GB
516,2060,9,7,Yes (+ 50 JPY / Day),Yes (+ 540 JPY),,,[13 days RENTAL] SoftBank 601HW Black,1,,,,,,,,[13 days RENTAL] SoftBank 601HW Black,sk.jpg,*,sk.jpg,sk.jpg,,,,,,,,,,,,,,,,,,,,,,,1,en_sk_012_in_bt,,1,,5850,7040,,5,,,,,,,,,,,,,,,,,16,new! SoftBank 601HW Black 20GB
517,2061,9,7,Yes (+ 50 JPY / Day),Yes (+ 540 JPY),,,[14 days RENTAL] SoftBank 601HW Black,1,,,,,,,,[14 days RENTAL] SoftBank 601HW Black,sk.jpg,*,sk.jpg,sk.jpg,,,,,,,,,,,,,,,,,,,,,,,1,en_sk_013_in_bt,,1,,6300,7540,,5,,,,,,,,,,,,,,,,,16,new! SoftBank 601HW Black 20GB
518,2062,9,7,Yes (+ 50 JPY / Day),Yes (+ 540 JPY),,,[1 Month (15 days〜31 days)] SoftBank 601HW Black,1,,,,,,,,[15 days RENTAL] SoftBank 601HW Black,sk.jpg,*,sk.jpg,sk.jpg,,,,,,,,,,,,,,,,,,,,,,,1,en_sk_014_in_bt,,1,,6750,8040,,5,,,,,,,,,,,,,,,,,16,new! SoftBank 601HW Black 20GB
519,2063,9,7,Yes (+ 50 JPY / Day),Yes (+ 540 JPY),,,[1 Month (15 days〜31 days)] SoftBank 601HW Black,1,,,,,,,,[16 days RENTAL] SoftBank 601HW Black,sk.jpg,*,sk.jpg,sk.jpg,,,,,,,,,,,,,,,,,,,,,,1,1,en_sk_015_in_bt,,1,,6750,8040,,5,,,,,,,,,,,,,,,,,16,new! SoftBank 601HW Black 20GB
520,2064,9,7,Yes (+ 50 JPY / Day),Yes (+ 540 JPY),,,[1 Month (15 days〜31 days)] SoftBank 601HW Black,1,,,,,,,,[17 days RENTAL] SoftBank 601HW Black,sk.jpg,*,sk.jpg,sk.jpg,,,,,,,,,,,,,,,,,,,,,,1,1,en_sk_016_in_bt,,1,,6750,8040,,5,,,,,,,,,,,,,,,,,16,new! SoftBank 601HW Black 20GB
521,2065,9,7,Yes (+ 50 JPY / Day),Yes (+ 540 JPY),,,[1 Month (15 days〜31 days)] SoftBank 601HW Black,1,,,,,,,,[18 days RENTAL] SoftBank 601HW Black,sk.jpg,*,sk.jpg,sk.jpg,,,,,,,,,,,,,,,,,,,,,,1,1,en_sk_017_in_bt,,1,,6750,8040,,5,,,,,,,,,,,,,,,,,16,new! SoftBank 601HW Black 20GB
522,2066,9,7,Yes (+ 50 JPY / Day),Yes (+ 540 JPY),,,[1 Month (15 days〜31 days)] SoftBank 601HW Black,1,,,,,,,,[19 days RENTAL] SoftBank 601HW Black,sk.jpg,*,sk.jpg,sk.jpg,,,,,,,,,,,,,,,,,,,,,,1,1,en_sk_018_in_bt,,1,,6750,8040,,5,,,,,,,,,,,,,,,,,16,new! SoftBank 601HW Black 20GB
523,2067,9,7,Yes (+ 50 JPY / Day),Yes (+ 540 JPY),,,[1 Month (15 days〜31 days)] SoftBank 601HW Black,1,,,,,,,,[20 days RENTAL] SoftBank 601HW Black,sk.jpg,*,sk.jpg,sk.jpg,,,,,,,,,,,,,,,,,,,,,,1,1,en_sk_019_in_bt,,1,,6750,8040,,5,,,,,,,,,,,,,,,,,16,new! SoftBank 601HW Black 20GB
524,2068,9,7,Yes (+ 50 JPY / Day),Yes (+ 540 JPY),,,[1 Month (15 days〜31 days)] SoftBank 601HW Black,1,,,,,,,,[21 days RENTAL] SoftBank 601HW Black,sk.jpg,*,sk.jpg,sk.jpg,,,,,,,,,,,,,,,,,,,,,,1,1,en_sk_020_in_bt,,1,,6750,8040,,5,,,,,,,,,,,,,,,,,16,new! SoftBank 601HW Black 20GB
525,2069,9,7,Yes (+ 50 JPY / Day),Yes (+ 540 JPY),,,[1 Month (15 days〜31 days)] SoftBank 601HW Black,1,,,,,,,,[22 days RENTAL] SoftBank 601HW Black,sk.jpg,*,sk.jpg,sk.jpg,,,,,,,,,,,,,,,,,,,,,,1,1,en_sk_021_in_bt,,1,,6750,8040,,5,,,,,,,,,,,,,,,,,16,new! SoftBank 601HW Black 20GB
526,2070,9,7,Yes (+ 50 JPY / Day),Yes (+ 540 JPY),,,[1 Month (15 days〜31 days)] SoftBank 601HW Black,1,,,,,,,,[23 days RENTAL] SoftBank 601HW Black,sk.jpg,*,sk.jpg,sk.jpg,,,,,,,,,,,,,,,,,,,,,,1,1,en_sk_022_in_bt,,1,,6750,8040,,5,,,,,,,,,,,,,,,,,16,new! SoftBank 601HW Black 20GB
527,2071,9,7,Yes (+ 50 JPY / Day),Yes (+ 540 JPY),,,[1 Month (15 days〜31 days)] SoftBank 601HW Black,1,,,,,,,,[24 days RENTAL] SoftBank 601HW Black,sk.jpg,*,sk.jpg,sk.jpg,,,,,,,,,,,,,,,,,,,,,,1,1,en_sk_023_in_bt,,1,,6750,8040,,5,,,,,,,,,,,,,,,,,16,new! SoftBank 601HW Black 20GB
528,2072,9,7,Yes (+ 50 JPY / Day),Yes (+ 540 JPY),,,[1 Month (15 days〜31 days)] SoftBank 601HW Black,1,,,,,,,,[25 days RENTAL] SoftBank 601HW Black,sk.jpg,*,sk.jpg,sk.jpg,,,,,,,,,,,,,,,,,,,,,,1,1,en_sk_024_in_bt,,1,,6750,8040,,5,,,,,,,,,,,,,,,,,16,new! SoftBank 601HW Black 20GB
529,2073,9,7,Yes (+ 50 JPY / Day),Yes (+ 540 JPY),,,[1 Month (15 days〜31 days)] SoftBank 601HW Black,1,,,,,,,,[26 days RENTAL] SoftBank 601HW Black,sk.jpg,*,sk.jpg,sk.jpg,,,,,,,,,,,,,,,,,,,,,,1,1,en_sk_025_in_bt,,1,,6750,8040,,5,,,,,,,,,,,,,,,,,16,new! SoftBank 601HW Black 20GB
530,2074,9,7,Yes (+ 50 JPY / Day),Yes (+ 540 JPY),,,[1 Month (15 days〜31 days)] SoftBank 601HW Black,1,,,,,,,,[27 days RENTAL] SoftBank 601HW Black,sk.jpg,*,sk.jpg,sk.jpg,,,,,,,,,,,,,,,,,,,,,,1,1,en_sk_026_in_bt,,1,,6750,8040,,5,,,,,,,,,,,,,,,,,16,new! SoftBank 601HW Black 20GB
531,2075,9,7,Yes (+ 50 JPY / Day),Yes (+ 540 JPY),,,[1 Month (15 days〜31 days)] SoftBank 601HW Black,1,,,,,,,,[28 days RENTAL] SoftBank 601HW Black,sk.jpg,*,sk.jpg,sk.jpg,,,,,,,,,,,,,,,,,,,,,,1,1,en_sk_027_in_bt,,1,,6750,8040,,5,,,,,,,,,,,,,,,,,16,new! SoftBank 601HW Black 20GB
532,2076,9,7,Yes (+ 50 JPY / Day),Yes (+ 540 JPY),,,[1 Month (15 days〜31 days)] SoftBank 601HW Black,1,,,,,,,,[29 days RENTAL] SoftBank 601HW Black,sk.jpg,*,sk.jpg,sk.jpg,,,,,,,,,,,,,,,,,,,,,,1,1,en_sk_028_in_bt,,1,,6750,8040,,5,,,,,,,,,,,,,,,,,16,new! SoftBank 601HW Black 20GB
533,2077,9,7,Yes (+ 50 JPY / Day),Yes (+ 540 JPY),,,[1 Month (15 days〜31 days)] SoftBank 601HW Black,1,,,,,,,,[30 days RENTAL] SoftBank 601HW Black,sk.jpg,*,sk.jpg,sk.jpg,,,,,,,,,,,,,,,,,,,,,,1,1,en_sk_029_in_bt,,1,,6750,8040,,5,,,,,,,,,,,,,,,,,16,new! SoftBank 601HW Black 20GB
534,2078,9,7,Yes (+ 50 JPY / Day),Yes (+ 540 JPY),,,[1 Month (15 days〜31 days)] SoftBank 601HW Black,1,,,,,,,,[31 days RENTAL] SoftBank 601HW Black,sk.jpg,*,sk.jpg,sk.jpg,,,,,,,,,,,,,,,,,,,,,,1,1,en_sk_030_in_bt,,1,,6750,8040,,5,,,,,,,,,,,,,,,,,16,new! SoftBank 601HW Black 20GB
535,2079,9,7,Yes (+ 50 JPY / Day),Yes (+ 540 JPY),,,[1 Month]+[1 day RENTAL] SoftBank 601HW Black,1,,,,,,,,[32 days RENTAL] SoftBank 601HW Black,sk.jpg,*,sk.jpg,sk.jpg,,,,,,,,,,,,,,,,,,,,,,,1,en_sk_031_in_bt,,1,,7200,8540,,5,,,,,,,,,,,,,,,,,16,new! SoftBank 601HW Black 20GB
536,2080,9,7,Yes (+ 50 JPY / Day),Yes (+ 540 JPY),,,[1 Month]+[2 days RENTAL] SoftBank 601HW Black,1,,,,,,,,[33 days RENTAL] SoftBank 601HW Black,sk.jpg,*,sk.jpg,sk.jpg,,,,,,,,,,,,,,,,,,,,,,,1,en_sk_032_in_bt,,1,,7650,9040,,5,,,,,,,,,,,,,,,,,16,new! SoftBank 601HW Black 20GB
537,2081,9,7,Yes (+ 50 JPY / Day),Yes (+ 540 JPY),,,[1 Month]+[3 days RENTAL] SoftBank 601HW Black,1,,,,,,,,[34 days RENTAL] SoftBank 601HW Black,sk.jpg,*,sk.jpg,sk.jpg,,,,,,,,,,,,,,,,,,,,,,,1,en_sk_033_in_bt,,1,,8100,9540,,5,,,,,,,,,,,,,,,,,16,new! SoftBank 601HW Black 20GB
538,2082,9,7,Yes (+ 50 JPY / Day),Yes (+ 540 JPY),,,[1 Month]+[4 days RENTAL] SoftBank 601HW Black,1,,,,,,,,[35 days RENTAL] SoftBank 601HW Black,sk.jpg,*,sk.jpg,sk.jpg,,,,,,,,,,,,,,,,,,,,,,,1,en_sk_034_in_bt,,1,,8550,10040,,5,,,,,,,,,,,,,,,,,16,new! SoftBank 601HW Black 20GB
539,2083,9,7,Yes (+ 50 JPY / Day),Yes (+ 540 JPY),,,[1 Month]+[5 days RENTAL] SoftBank 601HW Black,1,,,,,,,,[36 days RENTAL] SoftBank 601HW Black,sk.jpg,*,sk.jpg,sk.jpg,,,,,,,,,,,,,,,,,,,,,,,1,en_sk_035_in_bt,,1,,9000,10540,,5,,,,,,,,,,,,,,,,,16,new! SoftBank 601HW Black 20GB
540,2084,9,7,Yes (+ 50 JPY / Day),Yes (+ 540 JPY),,,[1 Month]+[6 days RENTAL] SoftBank 601HW Black,1,,,,,,,,[37 days RENTAL] SoftBank 601HW Black,sk.jpg,*,sk.jpg,sk.jpg,,,,,,,,,,,,,,,,,,,,,,,1,en_sk_036_in_bt,,1,,9450,11040,,5,,,,,,,,,,,,,,,,,16,new! SoftBank 601HW Black 20GB
541,2085,9,7,Yes (+ 50 JPY / Day),Yes (+ 540 JPY),,,[1 Month]+[7 days RENTAL] SoftBank 601HW Black,1,,,,,,,,[38 days RENTAL] SoftBank 601HW Black,sk.jpg,*,sk.jpg,sk.jpg,,,,,,,,,,,,,,,,,,,,,,,1,en_sk_037_in_bt,,1,,9900,11540,,5,,,,,,,,,,,,,,,,,16,new! SoftBank 601HW Black 20GB
542,2086,9,7,Yes (+ 50 JPY / Day),Yes (+ 540 JPY),,,[1 Month]+[8 days RENTAL] SoftBank 601HW Black,1,,,,,,,,[39 days RENTAL] SoftBank 601HW Black,sk.jpg,*,sk.jpg,sk.jpg,,,,,,,,,,,,,,,,,,,,,,,1,en_sk_038_in_bt,,1,,10350,12040,,5,,,,,,,,,,,,,,,,,16,new! SoftBank 601HW Black 20GB
543,2087,9,7,Yes (+ 50 JPY / Day),Yes (+ 540 JPY),,,[1 Month]+[9 days RENTAL] SoftBank 601HW Black,1,,,,,,,,[40 days RENTAL] SoftBank 601HW Black,sk.jpg,*,sk.jpg,sk.jpg,,,,,,,,,,,,,,,,,,,,,,,1,en_sk_039_in_bt,,1,,10800,12540,,5,,,,,,,,,,,,,,,,,16,new! SoftBank 601HW Black 20GB
544,2088,9,7,Yes (+ 50 JPY / Day),Yes (+ 540 JPY),,,[1 Month]+[10 days RENTAL] SoftBank 601HW Black,1,,,,,,,,[41 days RENTAL] SoftBank 601HW Black,sk.jpg,*,sk.jpg,sk.jpg,,,,,,,,,,,,,,,,,,,,,,,1,en_sk_040_in_bt,,1,,11250,13040,,5,,,,,,,,,,,,,,,,,16,new! SoftBank 601HW Black 20GB
545,2089,9,7,Yes (+ 50 JPY / Day),Yes (+ 540 JPY),,,[1 Month]+[11 days RENTAL] SoftBank 601HW Black,1,,,,,,,,[42 days RENTAL] SoftBank 601HW Black,sk.jpg,*,sk.jpg,sk.jpg,,,,,,,,,,,,,,,,,,,,,,,1,en_sk_041_in_bt,,1,,11700,13540,,5,,,,,,,,,,,,,,,,,16,new! SoftBank 601HW Black 20GB
546,2090,9,7,Yes (+ 50 JPY / Day),Yes (+ 540 JPY),,,[2 Months RENTAL] SoftBank 601HW Black,1,,,,,,,,[43 days RENTAL] SoftBank 601HW Black,sk.jpg,*,sk.jpg,sk.jpg,,,,,,,,,,,,,,,,,,,,,,1,1,en_sk_042_in_bt,,1,,12000,13590,,5,,,,,,,,,,,,,,,,,16,new! SoftBank 601HW Black 20GB
547,2091,9,7,Yes (+ 50 JPY / Day),Yes (+ 540 JPY),,,[2 Months RENTAL] SoftBank 601HW Black,1,,,,,,,,[44 days RENTAL] SoftBank 601HW Black,sk.jpg,*,sk.jpg,sk.jpg,,,,,,,,,,,,,,,,,,,,,,1,1,en_sk_043_in_bt,,1,,12000,13590,,5,,,,,,,,,,,,,,,,,16,new! SoftBank 601HW Black 20GB
548,2092,9,7,Yes (+ 50 JPY / Day),Yes (+ 540 JPY),,,[2 Months RENTAL] SoftBank 601HW Black,1,,,,,,,,[45 days RENTAL] SoftBank 601HW Black,sk.jpg,*,sk.jpg,sk.jpg,,,,,,,,,,,,,,,,,,,,,,1,1,en_sk_044_in_bt,,1,,12000,13590,,5,,,,,,,,,,,,,,,,,16,new! SoftBank 601HW Black 20GB
549,2093,9,7,Yes (+ 50 JPY / Day),Yes (+ 540 JPY),,,[2 Months RENTAL] SoftBank 601HW Black,1,,,,,,,,[46 days RENTAL] SoftBank 601HW Black,sk.jpg,*,sk.jpg,sk.jpg,,,,,,,,,,,,,,,,,,,,,,1,1,en_sk_045_in_bt,,1,,12000,13590,,5,,,,,,,,,,,,,,,,,16,new! SoftBank 601HW Black 20GB
550,2094,9,7,Yes (+ 50 JPY / Day),Yes (+ 540 JPY),,,[2 Months RENTAL] SoftBank 601HW Black,1,,,,,,,,[47 days RENTAL] SoftBank 601HW Black,sk.jpg,*,sk.jpg,sk.jpg,,,,,,,,,,,,,,,,,,,,,,1,1,en_sk_046_in_bt,,1,,12000,13590,,5,,,,,,,,,,,,,,,,,16,new! SoftBank 601HW Black 20GB
551,2095,9,7,Yes (+ 50 JPY / Day),Yes (+ 540 JPY),,,[2 Months RENTAL] SoftBank 601HW Black,1,,,,,,,,[48 days RENTAL] SoftBank 601HW Black,sk.jpg,*,sk.jpg,sk.jpg,,,,,,,,,,,,,,,,,,,,,,1,1,en_sk_047_in_bt,,1,,12000,13590,,5,,,,,,,,,,,,,,,,,16,new! SoftBank 601HW Black 20GB
552,2096,9,7,Yes (+ 50 JPY / Day),Yes (+ 540 JPY),,,[2 Months RENTAL] SoftBank 601HW Black,1,,,,,,,,[49 days RENTAL] SoftBank 601HW Black,sk.jpg,*,sk.jpg,sk.jpg,,,,,,,,,,,,,,,,,,,,,,1,1,en_sk_048_in_bt,,1,,12000,13590,,5,,,,,,,,,,,,,,,,,16,new! SoftBank 601HW Black 20GB
553,2097,9,7,Yes (+ 50 JPY / Day),Yes (+ 540 JPY),,,[2 Months RENTAL] SoftBank 601HW Black,1,,,,,,,,[50 days RENTAL] SoftBank 601HW Black,sk.jpg,*,sk.jpg,sk.jpg,,,,,,,,,,,,,,,,,,,,,,1,1,en_sk_049_in_bt,,1,,12000,13590,,5,,,,,,,,,,,,,,,,,16,new! SoftBank 601HW Black 20GB
554,2098,9,7,Yes (+ 50 JPY / Day),Yes (+ 540 JPY),,,[2 Months RENTAL] SoftBank 601HW Black,1,,,,,,,,[51 days RENTAL] SoftBank 601HW Black,sk.jpg,*,sk.jpg,sk.jpg,,,,,,,,,,,,,,,,,,,,,,1,1,en_sk_050_in_bt,,1,,12000,13590,,5,,,,,,,,,,,,,,,,,16,new! SoftBank 601HW Black 20GB
555,2099,9,7,Yes (+ 50 JPY / Day),Yes (+ 540 JPY),,,[2 Months RENTAL] SoftBank 601HW Black,1,,,,,,,,[52 days RENTAL] SoftBank 601HW Black,sk.jpg,*,sk.jpg,sk.jpg,,,,,,,,,,,,,,,,,,,,,,1,1,en_sk_051_in_bt,,1,,12000,13590,,5,,,,,,,,,,,,,,,,,16,new! SoftBank 601HW Black 20GB
556,2100,9,7,Yes (+ 50 JPY / Day),Yes (+ 540 JPY),,,[2 Months RENTAL] SoftBank 601HW Black,1,,,,,,,,[53 days RENTAL] SoftBank 601HW Black,sk.jpg,*,sk.jpg,sk.jpg,,,,,,,,,,,,,,,,,,,,,,1,1,en_sk_052_in_bt,,1,,12000,13590,,5,,,,,,,,,,,,,,,,,16,new! SoftBank 601HW Black 20GB
557,2101,9,7,Yes (+ 50 JPY / Day),Yes (+ 540 JPY),,,[2 Months RENTAL] SoftBank 601HW Black,1,,,,,,,,[54 days RENTAL] SoftBank 601HW Black,sk.jpg,*,sk.jpg,sk.jpg,,,,,,,,,,,,,,,,,,,,,,1,1,en_sk_053_in_bt,,1,,12000,13590,,5,,,,,,,,,,,,,,,,,16,new! SoftBank 601HW Black 20GB
558,2102,9,7,Yes (+ 50 JPY / Day),Yes (+ 540 JPY),,,[2 Months RENTAL] SoftBank 601HW Black,1,,,,,,,,[55 days RENTAL] SoftBank 601HW Black,sk.jpg,*,sk.jpg,sk.jpg,,,,,,,,,,,,,,,,,,,,,,1,1,en_sk_054_in_bt,,1,,12000,13590,,5,,,,,,,,,,,,,,,,,16,new! SoftBank 601HW Black 20GB
559,2103,9,7,Yes (+ 50 JPY / Day),Yes (+ 540 JPY),,,[2 Months RENTAL] SoftBank 601HW Black,1,,,,,,,,[56 days RENTAL] SoftBank 601HW Black,sk.jpg,*,sk.jpg,sk.jpg,,,,,,,,,,,,,,,,,,,,,,1,1,en_sk_055_in_bt,,1,,12000,13590,,5,,,,,,,,,,,,,,,,,16,new! SoftBank 601HW Black 20GB
560,2104,9,7,Yes (+ 50 JPY / Day),Yes (+ 540 JPY),,,[2 Months RENTAL] SoftBank 601HW Black,1,,,,,,,,[57 days RENTAL] SoftBank 601HW Black,sk.jpg,*,sk.jpg,sk.jpg,,,,,,,,,,,,,,,,,,,,,,1,1,en_sk_056_in_bt,,1,,12000,13590,,5,,,,,,,,,,,,,,,,,16,new! SoftBank 601HW Black 20GB
561,2105,9,7,Yes (+ 50 JPY / Day),Yes (+ 540 JPY),,,[2 Months RENTAL] SoftBank 601HW Black,1,,,,,,,,[58 days RENTAL] SoftBank 601HW Black,sk.jpg,*,sk.jpg,sk.jpg,,,,,,,,,,,,,,,,,,,,,,1,1,en_sk_057_in_bt,,1,,12000,13590,,5,,,,,,,,,,,,,,,,,16,new! SoftBank 601HW Black 20GB
562,2106,9,7,Yes (+ 50 JPY / Day),Yes (+ 540 JPY),,,[2 Months RENTAL] SoftBank 601HW Black,1,,,,,,,,[59 days RENTAL] SoftBank 601HW Black,sk.jpg,*,sk.jpg,sk.jpg,,,,,,,,,,,,,,,,,,,,,,1,1,en_sk_058_in_bt,,1,,12000,13590,,5,,,,,,,,,,,,,,,,,16,new! SoftBank 601HW Black 20GB
563,2107,9,7,Yes (+ 50 JPY / Day),Yes (+ 540 JPY),,,[2 Months RENTAL] SoftBank 601HW Black,1,,,,,,,,[60 days RENTAL] SoftBank 601HW Black,sk.jpg,*,sk.jpg,sk.jpg,,,,,,,,,,,,,,,,,,,,,,1,1,en_sk_059_in_bt,,1,,12000,13590,,5,,,,,,,,,,,,,,,,,16,new! SoftBank 601HW Black 20GB
564,2108,9,7,Yes (+ 50 JPY / Day),Yes (+ 540 JPY),,,[2 Months RENTAL] SoftBank 601HW Black,1,,,,,,,,[61 days RENTAL] SoftBank 601HW Black,sk.jpg,*,sk.jpg,sk.jpg,,,,,,,,,,,,,,,,,,,,,,,1,en_sk_060_in_bt,,1,,12000,13590,,5,,,,,,,,,,,,,,,,,16,new! SoftBank 601HW Black 20GB
565,2109,9,7,Yes (+ 50 JPY / Day),Yes (+ 540 JPY),,,[2 Months RENTAL]+[1 day RENTAL] SoftBank 601HW Black,1,,,,,,,,[62 days RENTAL] SoftBank 601HW Black,sk.jpg,*,sk.jpg,sk.jpg,,,,,,,,,,,,,,,,,,,,,,,1,en_sk_061_in_bt,,1,,12450,14090,,5,,,,,,,,,,,,,,,,,16,new! SoftBank 601HW Black 20GB
566,2110,9,7,Yes (+ 50 JPY / Day),Yes (+ 540 JPY),,,[2 Months RENTAL]+[2 days RENTAL] SoftBank 601HW Black,1,,,,,,,,[63 days RENTAL] SoftBank 601HW Black,sk.jpg,*,sk.jpg,sk.jpg,,,,,,,,,,,,,,,,,,,,,,,1,en_sk_062_in_bt,,1,,12900,14590,,5,,,,,,,,,,,,,,,,,16,new! SoftBank 601HW Black 20GB
567,2111,9,7,Yes (+ 50 JPY / Day),Yes (+ 540 JPY),,,[2 Months RENTAL]+[3 days RENTAL] SoftBank 601HW Black,1,,,,,,,,[64 days RENTAL] SoftBank 601HW Black,sk.jpg,*,sk.jpg,sk.jpg,,,,,,,,,,,,,,,,,,,,,,,1,en_sk_063_in_bt,,1,,13350,15090,,5,,,,,,,,,,,,,,,,,16,new! SoftBank 601HW Black 20GB
568,2112,9,7,Yes (+ 50 JPY / Day),Yes (+ 540 JPY),,,[2 Months RENTAL]+[4 days RENTAL] SoftBank 601HW Black,1,,,,,,,,[65 days RENTAL] SoftBank 601HW Black,sk.jpg,*,sk.jpg,sk.jpg,,,,,,,,,,,,,,,,,,,,,,,1,en_sk_064_in_bt,,1,,13800,15590,,5,,,,,,,,,,,,,,,,,16,new! SoftBank 601HW Black 20GB
569,2113,9,7,Yes (+ 50 JPY / Day),Yes (+ 540 JPY),,,[2 Months RENTAL]+[5 days RENTAL] SoftBank 601HW Black,1,,,,,,,,[66 days RENTAL] SoftBank 601HW Black,sk.jpg,*,sk.jpg,sk.jpg,,,,,,,,,,,,,,,,,,,,,,,1,en_sk_065_in_bt,,1,,14250,16090,,5,,,,,,,,,,,,,,,,,16,new! SoftBank 601HW Black 20GB
570,2114,9,7,Yes (+ 50 JPY / Day),Yes (+ 540 JPY),,,[2 Months RENTAL]+[6 days RENTAL] SoftBank 601HW Black,1,,,,,,,,[67 days RENTAL] SoftBank 601HW Black,sk.jpg,*,sk.jpg,sk.jpg,,,,,,,,,,,,,,,,,,,,,,,1,en_sk_066_in_bt,,1,,14700,16590,,5,,,,,,,,,,,,,,,,,16,new! SoftBank 601HW Black 20GB
571,2115,9,7,Yes (+ 50 JPY / Day),Yes (+ 540 JPY),,,[2 Months RENTAL]+[7 days RENTAL] SoftBank 601HW Black,1,,,,,,,,[68 days RENTAL] SoftBank 601HW Black,sk.jpg,*,sk.jpg,sk.jpg,,,,,,,,,,,,,,,,,,,,,,,1,en_sk_067_in_bt,,1,,15150,17090,,5,,,,,,,,,,,,,,,,,16,new! SoftBank 601HW Black 20GB
572,2116,9,7,Yes (+ 50 JPY / Day),Yes (+ 540 JPY),,,[2 Months RENTAL]+[8 days RENTAL] SoftBank 601HW Black,1,,,,,,,,[69 days RENTAL] SoftBank 601HW Black,sk.jpg,*,sk.jpg,sk.jpg,,,,,,,,,,,,,,,,,,,,,,,1,en_sk_068_in_bt,,1,,15600,17590,,5,,,,,,,,,,,,,,,,,16,new! SoftBank 601HW Black 20GB
573,2117,9,7,Yes (+ 50 JPY / Day),Yes (+ 540 JPY),,,[2 Months RENTAL]+[9 days RENTAL] SoftBank 601HW Black,1,,,,,,,,[70 days RENTAL] SoftBank 601HW Black,sk.jpg,*,sk.jpg,sk.jpg,,,,,,,,,,,,,,,,,,,,,,,1,en_sk_069_in_bt,,1,,16050,18090,,5,,,,,,,,,,,,,,,,,16,new! SoftBank 601HW Black 20GB
574,2118,9,7,Yes (+ 50 JPY / Day),Yes (+ 540 JPY),,,[2 Months RENTAL]+[10 days RENTAL] SoftBank 601HW Black,1,,,,,,,,[71 days RENTAL] SoftBank 601HW Black,sk.jpg,*,sk.jpg,sk.jpg,,,,,,,,,,,,,,,,,,,,,,,1,en_sk_070_in_bt,,1,,16500,18590,,5,,,,,,,,,,,,,,,,,16,new! SoftBank 601HW Black 20GB
575,2119,9,7,Yes (+ 50 JPY / Day),Yes (+ 540 JPY),,,[3 Months RENTAL] SoftBank 601HW Black,1,,,,,,,,[72 days RENTAL] SoftBank 601HW Black,sk.jpg,*,sk.jpg,sk.jpg,,,,,,,,,,,,,,,,,,,,,,1,1,en_sk_071_in_bt,,1,,16800,18690,,5,,,,,,,,,,,,,,,,,16,new! SoftBank 601HW Black 20GB
576,2120,9,7,Yes (+ 50 JPY / Day),Yes (+ 540 JPY),,,[3 Months RENTAL] SoftBank 601HW Black,1,,,,,,,,[73 days RENTAL] SoftBank 601HW Black,sk.jpg,*,sk.jpg,sk.jpg,,,,,,,,,,,,,,,,,,,,,,1,1,en_sk_072_in_bt,,1,,16800,18690,,5,,,,,,,,,,,,,,,,,16,new! SoftBank 601HW Black 20GB
577,2121,9,7,Yes (+ 50 JPY / Day),Yes (+ 540 JPY),,,[3 Months RENTAL] SoftBank 601HW Black,1,,,,,,,,[74 days RENTAL] SoftBank 601HW Black,sk.jpg,*,sk.jpg,sk.jpg,,,,,,,,,,,,,,,,,,,,,,1,1,en_sk_073_in_bt,,1,,16800,18690,,5,,,,,,,,,,,,,,,,,16,new! SoftBank 601HW Black 20GB
578,2122,9,7,Yes (+ 50 JPY / Day),Yes (+ 540 JPY),,,[3 Months RENTAL] SoftBank 601HW Black,1,,,,,,,,[75 days RENTAL] SoftBank 601HW Black,sk.jpg,*,sk.jpg,sk.jpg,,,,,,,,,,,,,,,,,,,,,,1,1,en_sk_074_in_bt,,1,,16800,18690,,5,,,,,,,,,,,,,,,,,16,new! SoftBank 601HW Black 20GB
579,2123,9,7,Yes (+ 50 JPY / Day),Yes (+ 540 JPY),,,[3 Months RENTAL] SoftBank 601HW Black,1,,,,,,,,[76 days RENTAL] SoftBank 601HW Black,sk.jpg,*,sk.jpg,sk.jpg,,,,,,,,,,,,,,,,,,,,,,1,1,en_sk_075_in_bt,,1,,16800,18690,,5,,,,,,,,,,,,,,,,,16,new! SoftBank 601HW Black 20GB
580,2124,9,7,Yes (+ 50 JPY / Day),Yes (+ 540 JPY),,,[3 Months RENTAL] SoftBank 601HW Black,1,,,,,,,,[77 days RENTAL] SoftBank 601HW Black,sk.jpg,*,sk.jpg,sk.jpg,,,,,,,,,,,,,,,,,,,,,,1,1,en_sk_076_in_bt,,1,,16800,18690,,5,,,,,,,,,,,,,,,,,16,new! SoftBank 601HW Black 20GB
581,2125,9,7,Yes (+ 50 JPY / Day),Yes (+ 540 JPY),,,[3 Months RENTAL] SoftBank 601HW Black,1,,,,,,,,[78 days RENTAL] SoftBank 601HW Black,sk.jpg,*,sk.jpg,sk.jpg,,,,,,,,,,,,,,,,,,,,,,1,1,en_sk_077_in_bt,,1,,16800,18690,,5,,,,,,,,,,,,,,,,,16,new! SoftBank 601HW Black 20GB
582,2126,9,7,Yes (+ 50 JPY / Day),Yes (+ 540 JPY),,,[3 Months RENTAL] SoftBank 601HW Black,1,,,,,,,,[79 days RENTAL] SoftBank 601HW Black,sk.jpg,*,sk.jpg,sk.jpg,,,,,,,,,,,,,,,,,,,,,,1,1,en_sk_078_in_bt,,1,,16800,18690,,5,,,,,,,,,,,,,,,,,16,new! SoftBank 601HW Black 20GB
583,2127,9,7,Yes (+ 50 JPY / Day),Yes (+ 540 JPY),,,[3 Months RENTAL] SoftBank 601HW Black,1,,,,,,,,[80 days RENTAL] SoftBank 601HW Black,sk.jpg,*,sk.jpg,sk.jpg,,,,,,,,,,,,,,,,,,,,,,1,1,en_sk_079_in_bt,,1,,16800,18690,,5,,,,,,,,,,,,,,,,,16,new! SoftBank 601HW Black 20GB
584,2128,9,7,Yes (+ 50 JPY / Day),Yes (+ 540 JPY),,,[3 Months RENTAL] SoftBank 601HW Black,1,,,,,,,,[81 days RENTAL] SoftBank 601HW Black,sk.jpg,*,sk.jpg,sk.jpg,,,,,,,,,,,,,,,,,,,,,,1,1,en_sk_080_in_bt,,1,,16800,18690,,5,,,,,,,,,,,,,,,,,16,new! SoftBank 601HW Black 20GB
585,2129,9,7,Yes (+ 50 JPY / Day),Yes (+ 540 JPY),,,[3 Months RENTAL] SoftBank 601HW Black,1,,,,,,,,[82 days RENTAL] SoftBank 601HW Black,sk.jpg,*,sk.jpg,sk.jpg,,,,,,,,,,,,,,,,,,,,,,1,1,en_sk_081_in_bt,,1,,16800,18690,,5,,,,,,,,,,,,,,,,,16,new! SoftBank 601HW Black 20GB
586,2130,9,7,Yes (+ 50 JPY / Day),Yes (+ 540 JPY),,,[3 Months RENTAL] SoftBank 601HW Black,1,,,,,,,,[83 days RENTAL] SoftBank 601HW Black,sk.jpg,*,sk.jpg,sk.jpg,,,,,,,,,,,,,,,,,,,,,,1,1,en_sk_082_in_bt,,1,,16800,18690,,5,,,,,,,,,,,,,,,,,16,new! SoftBank 601HW Black 20GB
587,2131,9,7,Yes (+ 50 JPY / Day),Yes (+ 540 JPY),,,[3 Months RENTAL] SoftBank 601HW Black,1,,,,,,,,[84 days RENTAL] SoftBank 601HW Black,sk.jpg,*,sk.jpg,sk.jpg,,,,,,,,,,,,,,,,,,,,,,1,1,en_sk_083_in_bt,,1,,16800,18690,,5,,,,,,,,,,,,,,,,,16,new! SoftBank 601HW Black 20GB
588,2132,9,7,Yes (+ 50 JPY / Day),Yes (+ 540 JPY),,,[3 Months RENTAL] SoftBank 601HW Black,1,,,,,,,,[85 days RENTAL] SoftBank 601HW Black,sk.jpg,*,sk.jpg,sk.jpg,,,,,,,,,,,,,,,,,,,,,,1,1,en_sk_084_in_bt,,1,,16800,18690,,5,,,,,,,,,,,,,,,,,16,new! SoftBank 601HW Black 20GB
589,2133,9,7,Yes (+ 50 JPY / Day),Yes (+ 540 JPY),,,[3 Months RENTAL] SoftBank 601HW Black,1,,,,,,,,[86 days RENTAL] SoftBank 601HW Black,sk.jpg,*,sk.jpg,sk.jpg,,,,,,,,,,,,,,,,,,,,,,1,1,en_sk_085_in_bt,,1,,16800,18690,,5,,,,,,,,,,,,,,,,,16,new! SoftBank 601HW Black 20GB
590,2134,9,7,Yes (+ 50 JPY / Day),Yes (+ 540 JPY),,,[3 Months RENTAL] SoftBank 601HW Black,1,,,,,,,,[87 days RENTAL] SoftBank 601HW Black,sk.jpg,*,sk.jpg,sk.jpg,,,,,,,,,,,,,,,,,,,,,,1,1,en_sk_086_in_bt,,1,,16800,18690,,5,,,,,,,,,,,,,,,,,16,new! SoftBank 601HW Black 20GB
591,2135,9,7,Yes (+ 50 JPY / Day),Yes (+ 540 JPY),,,[3 Months RENTAL] SoftBank 601HW Black,1,,,,,,,,[88 days RENTAL] SoftBank 601HW Black,sk.jpg,*,sk.jpg,sk.jpg,,,,,,,,,,,,,,,,,,,,,,1,1,en_sk_087_in_bt,,1,,16800,18690,,5,,,,,,,,,,,,,,,,,16,new! SoftBank 601HW Black 20GB
592,2136,9,7,Yes (+ 50 JPY / Day),Yes (+ 540 JPY),,,[3 Months RENTAL] SoftBank 601HW Black,1,,,,,,,,[89 days RENTAL] SoftBank 601HW Black,sk.jpg,*,sk.jpg,sk.jpg,,,,,,,,,,,,,,,,,,,,,,1,1,en_sk_088_in_bt,,1,,16800,18690,,5,,,,,,,,,,,,,,,,,16,new! SoftBank 601HW Black 20GB
593,2137,9,7,Yes (+ 50 JPY / Day),Yes (+ 540 JPY),,,[3 Months RENTAL] SoftBank 601HW Black,1,,,,,,,,[90 days RENTAL] SoftBank 601HW Black,sk.jpg,*,sk.jpg,sk.jpg,,,,,,,,,,,,,,,,,,,,,,1,1,en_sk_089_in_bt,,1,,16800,18690,,5,,,,,,,,,,,,,,,,,16,new! SoftBank 601HW Black 20GB
594,2138,9,7,Yes (+ 50 JPY / Day),Yes (+ 540 JPY),,,[3 Months RENTAL] SoftBank 601HW Black,1,,,,,,,,[91 days RENTAL] SoftBank 601HW Black,sk.jpg,*,sk.jpg,sk.jpg,,,,,,,,,,,,,,,,,,,,,,,1,en_sk_090_in_bt,,1,,16800,18690,,5,,,,,,,,,,,,,,,,,16,new! SoftBank 601HW Black 20GB
595,2139,9,7,Yes (+ 50 JPY / Day),Yes (+ 540 JPY),,,[3 Months RENTAL]+[1 day RENTAL] SoftBank 601HW Black,1,,,,,,,,[92 days RENTAL] SoftBank 601HW Black,sk.jpg,*,sk.jpg,sk.jpg,,,,,,,,,,,,,,,,,,,,,,,1,en_sk_091_in_bt,,1,,17250,19190,,5,,,,,,,,,,,,,,,,,16,new! SoftBank 601HW Black 20GB
596,2140,9,7,Yes (+ 50 JPY / Day),Yes (+ 540 JPY),,,[3 Months RENTAL]+[2 days RENTAL] SoftBank 601HW Black,1,,,,,,,,[93 days RENTAL] SoftBank 601HW Black,sk.jpg,*,sk.jpg,sk.jpg,,,,,,,,,,,,,,,,,,,,,,,1,en_sk_092_in_bt,,1,,17700,19690,,5,,,,,,,,,,,,,,,,,16,new! SoftBank 601HW Black 20GB
597,2141,9,7,Yes (+ 50 JPY / Day),Yes (+ 540 JPY),,,[3 Months RENTAL]+[3 days RENTAL] SoftBank 601HW Black,1,,,,,,,,[94 days RENTAL] SoftBank 601HW Black,sk.jpg,*,sk.jpg,sk.jpg,,,,,,,,,,,,,,,,,,,,,,,1,en_sk_093_in_bt,,1,,18150,20190,,5,,,,,,,,,,,,,,,,,16,new! SoftBank 601HW Black 20GB
598,2142,9,7,Yes (+ 50 JPY / Day),Yes (+ 540 JPY),,,[3 Months RENTAL]+[4 days RENTAL] SoftBank 601HW Black,1,,,,,,,,[95 days RENTAL] SoftBank 601HW Black,sk.jpg,*,sk.jpg,sk.jpg,,,,,,,,,,,,,,,,,,,,,,,1,en_sk_094_in_bt,,1,,18600,20690,,5,,,,,,,,,,,,,,,,,16,new! SoftBank 601HW Black 20GB
599,2143,9,7,Yes (+ 50 JPY / Day),Yes (+ 540 JPY),,,[4 Months RENTAL] SoftBank 601HW Black,1,,,,,,,,[96 days RENTAL] SoftBank 601HW Black,sk.jpg,*,sk.jpg,sk.jpg,,,,,,,,,,,,,,,,,,,,,,1,1,en_sk_095_in_bt,,1,,18800,20990,,5,,,,,,,,,,,,,,,,,16,new! SoftBank 601HW Black 20GB
600,2144,9,7,Yes (+ 50 JPY / Day),Yes (+ 540 JPY),,,[4 Months RENTAL] SoftBank 601HW Black,1,,,,,,,,[97 days RENTAL] SoftBank 601HW Black,sk.jpg,*,sk.jpg,sk.jpg,,,,,,,,,,,,,,,,,,,,,,1,1,en_sk_096_in_bt,,1,,18800,20990,,5,,,,,,,,,,,,,,,,,16,new! SoftBank 601HW Black 20GB
601,2145,9,7,Yes (+ 50 JPY / Day),Yes (+ 540 JPY),,,[4 Months RENTAL] SoftBank 601HW Black,1,,,,,,,,[98 days RENTAL] SoftBank 601HW Black,sk.jpg,*,sk.jpg,sk.jpg,,,,,,,,,,,,,,,,,,,,,,1,1,en_sk_097_in_bt,,1,,18800,20990,,5,,,,,,,,,,,,,,,,,16,new! SoftBank 601HW Black 20GB
602,2146,9,7,Yes (+ 50 JPY / Day),Yes (+ 540 JPY),,,[4 Months RENTAL] SoftBank 601HW Black,1,,,,,,,,[99 days RENTAL] SoftBank 601HW Black,sk.jpg,*,sk.jpg,sk.jpg,,,,,,,,,,,,,,,,,,,,,,1,1,en_sk_098_in_bt,,1,,18800,20990,,5,,,,,,,,,,,,,,,,,16,new! SoftBank 601HW Black 20GB
603,2147,9,7,Yes (+ 50 JPY / Day),Yes (+ 540 JPY),,,[4 Months RENTAL] SoftBank 601HW Black,1,,,,,,,,[100 days RENTAL] SoftBank 601HW Black,sk.jpg,*,sk.jpg,sk.jpg,,,,,,,,,,,,,,,,,,,,,,1,1,en_sk_099_in_bt,,1,,18800,20990,,5,,,,,,,,,,,,,,,,,16,new! SoftBank 601HW Black 20GB
604,2148,9,7,Yes (+ 50 JPY / Day),Yes (+ 540 JPY),,,[4 Months RENTAL] SoftBank 601HW Black,1,,,,,,,,[101 days RENTAL] SoftBank 601HW Black,sk.jpg,*,sk.jpg,sk.jpg,,,,,,,,,,,,,,,,,,,,,,1,1,en_sk_100_in_bt,,1,,18800,20990,,5,,,,,,,,,,,,,,,,,16,new! SoftBank 601HW Black 20GB
605,2149,9,7,Yes (+ 50 JPY / Day),Yes (+ 540 JPY),,,[4 Months RENTAL] SoftBank 601HW Black,1,,,,,,,,[102 days RENTAL] SoftBank 601HW Black,sk.jpg,*,sk.jpg,sk.jpg,,,,,,,,,,,,,,,,,,,,,,1,1,en_sk_101_in_bt,,1,,18800,20990,,5,,,,,,,,,,,,,,,,,16,new! SoftBank 601HW Black 20GB
606,2150,9,7,Yes (+ 50 JPY / Day),Yes (+ 540 JPY),,,[4 Months RENTAL] SoftBank 601HW Black,1,,,,,,,,[103 days RENTAL] SoftBank 601HW Black,sk.jpg,*,sk.jpg,sk.jpg,,,,,,,,,,,,,,,,,,,,,,1,1,en_sk_102_in_bt,,1,,18800,20990,,5,,,,,,,,,,,,,,,,,16,new! SoftBank 601HW Black 20GB
607,2151,9,7,Yes (+ 50 JPY / Day),Yes (+ 540 JPY),,,[4 Months RENTAL] SoftBank 601HW Black,1,,,,,,,,[104 days RENTAL] SoftBank 601HW Black,sk.jpg,*,sk.jpg,sk.jpg,,,,,,,,,,,,,,,,,,,,,,1,1,en_sk_103_in_bt,,1,,18800,20990,,5,,,,,,,,,,,,,,,,,16,new! SoftBank 601HW Black 20GB
608,2152,9,7,Yes (+ 50 JPY / Day),Yes (+ 540 JPY),,,[4 Months RENTAL] SoftBank 601HW Black,1,,,,,,,,[105 days RENTAL] SoftBank 601HW Black,sk.jpg,*,sk.jpg,sk.jpg,,,,,,,,,,,,,,,,,,,,,,1,1,en_sk_104_in_bt,,1,,18800,20990,,5,,,,,,,,,,,,,,,,,16,new! SoftBank 601HW Black 20GB
609,2153,9,7,Yes (+ 50 JPY / Day),Yes (+ 540 JPY),,,[4 Months RENTAL] SoftBank 601HW Black,1,,,,,,,,[106 days RENTAL] SoftBank 601HW Black,sk.jpg,*,sk.jpg,sk.jpg,,,,,,,,,,,,,,,,,,,,,,1,1,en_sk_105_in_bt,,1,,18800,20990,,5,,,,,,,,,,,,,,,,,16,new! SoftBank 601HW Black 20GB
610,2154,9,7,Yes (+ 50 JPY / Day),Yes (+ 540 JPY),,,[4 Months RENTAL] SoftBank 601HW Black,1,,,,,,,,[107 days RENTAL] SoftBank 601HW Black,sk.jpg,*,sk.jpg,sk.jpg,,,,,,,,,,,,,,,,,,,,,,1,1,en_sk_106_in_bt,,1,,18800,20990,,5,,,,,,,,,,,,,,,,,16,new! SoftBank 601HW Black 20GB
611,2155,9,7,Yes (+ 50 JPY / Day),Yes (+ 540 JPY),,,[4 Months RENTAL] SoftBank 601HW Black,1,,,,,,,,[108 days RENTAL] SoftBank 601HW Black,sk.jpg,*,sk.jpg,sk.jpg,,,,,,,,,,,,,,,,,,,,,,1,1,en_sk_107_in_bt,,1,,18800,20990,,5,,,,,,,,,,,,,,,,,16,new! SoftBank 601HW Black 20GB
612,2156,9,7,Yes (+ 50 JPY / Day),Yes (+ 540 JPY),,,[4 Months RENTAL] SoftBank 601HW Black,1,,,,,,,,[109 days RENTAL] SoftBank 601HW Black,sk.jpg,*,sk.jpg,sk.jpg,,,,,,,,,,,,,,,,,,,,,,1,1,en_sk_108_in_bt,,1,,18800,20990,,5,,,,,,,,,,,,,,,,,16,new! SoftBank 601HW Black 20GB
613,2157,9,7,Yes (+ 50 JPY / Day),Yes (+ 540 JPY),,,[4 Months RENTAL] SoftBank 601HW Black,1,,,,,,,,[110 days RENTAL] SoftBank 601HW Black,sk.jpg,*,sk.jpg,sk.jpg,,,,,,,,,,,,,,,,,,,,,,1,1,en_sk_109_in_bt,,1,,18800,20990,,5,,,,,,,,,,,,,,,,,16,new! SoftBank 601HW Black 20GB
614,2158,9,7,Yes (+ 50 JPY / Day),Yes (+ 540 JPY),,,[4 Months RENTAL] SoftBank 601HW Black,1,,,,,,,,[111 days RENTAL] SoftBank 601HW Black,sk.jpg,*,sk.jpg,sk.jpg,,,,,,,,,,,,,,,,,,,,,,1,1,en_sk_110_in_bt,,1,,18800,20990,,5,,,,,,,,,,,,,,,,,16,new! SoftBank 601HW Black 20GB
615,2159,9,7,Yes (+ 50 JPY / Day),Yes (+ 540 JPY),,,[4 Months RENTAL] SoftBank 601HW Black,1,,,,,,,,[112 days RENTAL] SoftBank 601HW Black,sk.jpg,*,sk.jpg,sk.jpg,,,,,,,,,,,,,,,,,,,,,,1,1,en_sk_111_in_bt,,1,,18800,20990,,5,,,,,,,,,,,,,,,,,16,new! SoftBank 601HW Black 20GB
616,2160,9,7,Yes (+ 50 JPY / Day),Yes (+ 540 JPY),,,[4 Months RENTAL] SoftBank 601HW Black,1,,,,,,,,[113 days RENTAL] SoftBank 601HW Black,sk.jpg,*,sk.jpg,sk.jpg,,,,,,,,,,,,,,,,,,,,,,1,1,en_sk_112_in_bt,,1,,18800,20990,,5,,,,,,,,,,,,,,,,,16,new! SoftBank 601HW Black 20GB
617,2161,9,7,Yes (+ 50 JPY / Day),Yes (+ 540 JPY),,,[4 Months RENTAL] SoftBank 601HW Black,1,,,,,,,,[114 days RENTAL] SoftBank 601HW Black,sk.jpg,*,sk.jpg,sk.jpg,,,,,,,,,,,,,,,,,,,,,,1,1,en_sk_113_in_bt,,1,,18800,20990,,5,,,,,,,,,,,,,,,,,16,new! SoftBank 601HW Black 20GB
618,2162,9,7,Yes (+ 50 JPY / Day),Yes (+ 540 JPY),,,[4 Months RENTAL] SoftBank 601HW Black,1,,,,,,,,[115 days RENTAL] SoftBank 601HW Black,sk.jpg,*,sk.jpg,sk.jpg,,,,,,,,,,,,,,,,,,,,,,1,1,en_sk_114_in_bt,,1,,18800,20990,,5,,,,,,,,,,,,,,,,,16,new! SoftBank 601HW Black 20GB
619,2163,9,7,Yes (+ 50 JPY / Day),Yes (+ 540 JPY),,,[4 Months RENTAL] SoftBank 601HW Black,1,,,,,,,,[116 days RENTAL] SoftBank 601HW Black,sk.jpg,*,sk.jpg,sk.jpg,,,,,,,,,,,,,,,,,,,,,,1,1,en_sk_115_in_bt,,1,,18800,20990,,5,,,,,,,,,,,,,,,,,16,new! SoftBank 601HW Black 20GB
620,2164,9,7,Yes (+ 50 JPY / Day),Yes (+ 540 JPY),,,[4 Months RENTAL] SoftBank 601HW Black,1,,,,,,,,[117 days RENTAL] SoftBank 601HW Black,sk.jpg,*,sk.jpg,sk.jpg,,,,,,,,,,,,,,,,,,,,,,1,1,en_sk_116_in_bt,,1,,18800,20990,,5,,,,,,,,,,,,,,,,,16,new! SoftBank 601HW Black 20GB
621,2165,9,7,Yes (+ 50 JPY / Day),Yes (+ 540 JPY),,,[4 Months RENTAL] SoftBank 601HW Black,1,,,,,,,,[118 days RENTAL] SoftBank 601HW Black,sk.jpg,*,sk.jpg,sk.jpg,,,,,,,,,,,,,,,,,,,,,,1,1,en_sk_117_in_bt,,1,,18800,20990,,5,,,,,,,,,,,,,,,,,16,new! SoftBank 601HW Black 20GB
622,2166,9,7,Yes (+ 50 JPY / Day),Yes (+ 540 JPY),,,[4 Months RENTAL] SoftBank 601HW Black,1,,,,,,,,[119 days RENTAL] SoftBank 601HW Black,sk.jpg,*,sk.jpg,sk.jpg,,,,,,,,,,,,,,,,,,,,,,1,1,en_sk_118_in_bt,,1,,18800,20990,,5,,,,,,,,,,,,,,,,,16,new! SoftBank 601HW Black 20GB
623,2167,9,7,Yes (+ 50 JPY / Day),Yes (+ 540 JPY),,,[4 Months RENTAL] SoftBank 601HW Black,1,,,,,,,,[120 days RENTAL] SoftBank 601HW Black,sk.jpg,*,sk.jpg,sk.jpg,,,,,,,,,,,,,,,,,,,,,,1,1,en_sk_119_in_bt,,1,,18800,20990,,5,,,,,,,,,,,,,,,,,16,new! SoftBank 601HW Black 20GB
624,2168,9,7,Yes (+ 50 JPY / Day),Yes (+ 540 JPY),,,[4 Months RENTAL] SoftBank 601HW Black,1,,,,,,,,[121 days RENTAL] SoftBank 601HW Black,sk.jpg,*,sk.jpg,sk.jpg,,,,,,,,,,,,,,,,,,,,,,,1,en_sk_120_in_bt,,1,,18800,20990,,5,,,,,,,,,,,,,,,,,16,new! SoftBank 601HW Black 20GB
625,2169,9,7,Yes (+ 50 JPY / Day),Yes (+ 540 JPY),,,[4 Months RENTAL]+[1 day RENTAL] SoftBank 601HW Black,1,,,,,,,,[122 days RENTAL] SoftBank 601HW Black,sk.jpg,*,sk.jpg,sk.jpg,,,,,,,,,,,,,,,,,,,,,,,1,en_sk_121_in_bt,,1,,19250,21490,,5,,,,,,,,,,,,,,,,,16,new! SoftBank 601HW Black 20GB
626,2170,9,7,Yes (+ 50 JPY / Day),Yes (+ 540 JPY),,,[4 Months RENTAL]+[2 days RENTAL] SoftBank 601HW Black,1,,,,,,,,[123 days RENTAL] SoftBank 601HW Black,sk.jpg,*,sk.jpg,sk.jpg,,,,,,,,,,,,,,,,,,,,,,,1,en_sk_122_in_bt,,1,,19700,21990,,5,,,,,,,,,,,,,,,,,16,new! SoftBank 601HW Black 20GB
627,2171,9,7,Yes (+ 50 JPY / Day),Yes (+ 540 JPY),,,[4 Months RENTAL]+[3 days RENTAL] SoftBank 601HW Black,1,,,,,,,,[124 days RENTAL] SoftBank 601HW Black,sk.jpg,*,sk.jpg,sk.jpg,,,,,,,,,,,,,,,,,,,,,,,1,en_sk_123_in_bt,,1,,20150,22490,,5,,,,,,,,,,,,,,,,,16,new! SoftBank 601HW Black 20GB
628,2172,9,7,Yes (+ 50 JPY / Day),Yes (+ 540 JPY),,,[4 Months RENTAL]+[4 days RENTAL] SoftBank 601HW Black,1,,,,,,,,[125 days RENTAL] SoftBank 601HW Black,sk.jpg,*,sk.jpg,sk.jpg,,,,,,,,,,,,,,,,,,,,,,,1,en_sk_124_in_bt,,1,,20600,22990,,5,,,,,,,,,,,,,,,,,16,new! SoftBank 601HW Black 20GB
629,2173,9,7,Yes (+ 50 JPY / Day),Yes (+ 540 JPY),,,[5 Months RENTAL] SoftBank 601HW Black,1,,,,,,,,[126 days RENTAL] SoftBank 601HW Black,sk.jpg,*,sk.jpg,sk.jpg,,,,,,,,,,,,,,,,,,,,,,1,1,en_sk_125_in_bt,,1,,20800,23290,,5,,,,,,,,,,,,,,,,,16,new! SoftBank 601HW Black 20GB
630,2174,9,7,Yes (+ 50 JPY / Day),Yes (+ 540 JPY),,,[5 Months RENTAL] SoftBank 601HW Black,1,,,,,,,,[127 days RENTAL] SoftBank 601HW Black,sk.jpg,*,sk.jpg,sk.jpg,,,,,,,,,,,,,,,,,,,,,,1,1,en_sk_126_in_bt,,1,,20800,23290,,5,,,,,,,,,,,,,,,,,16,new! SoftBank 601HW Black 20GB
631,2175,9,7,Yes (+ 50 JPY / Day),Yes (+ 540 JPY),,,[5 Months RENTAL] SoftBank 601HW Black,1,,,,,,,,[128 days RENTAL] SoftBank 601HW Black,sk.jpg,*,sk.jpg,sk.jpg,,,,,,,,,,,,,,,,,,,,,,1,1,en_sk_127_in_bt,,1,,20800,23290,,5,,,,,,,,,,,,,,,,,16,new! SoftBank 601HW Black 20GB
632,2176,9,7,Yes (+ 50 JPY / Day),Yes (+ 540 JPY),,,[5 Months RENTAL] SoftBank 601HW Black,1,,,,,,,,[129 days RENTAL] SoftBank 601HW Black,sk.jpg,*,sk.jpg,sk.jpg,,,,,,,,,,,,,,,,,,,,,,1,1,en_sk_128_in_bt,,1,,20800,23290,,5,,,,,,,,,,,,,,,,,16,new! SoftBank 601HW Black 20GB
633,2177,9,7,Yes (+ 50 JPY / Day),Yes (+ 540 JPY),,,[5 Months RENTAL] SoftBank 601HW Black,1,,,,,,,,[130 days RENTAL] SoftBank 601HW Black,sk.jpg,*,sk.jpg,sk.jpg,,,,,,,,,,,,,,,,,,,,,,1,1,en_sk_129_in_bt,,1,,20800,23290,,5,,,,,,,,,,,,,,,,,16,new! SoftBank 601HW Black 20GB
634,2178,9,7,Yes (+ 50 JPY / Day),Yes (+ 540 JPY),,,[5 Months RENTAL] SoftBank 601HW Black,1,,,,,,,,[131 days RENTAL] SoftBank 601HW Black,sk.jpg,*,sk.jpg,sk.jpg,,,,,,,,,,,,,,,,,,,,,,1,1,en_sk_130_in_bt,,1,,20800,23290,,5,,,,,,,,,,,,,,,,,16,new! SoftBank 601HW Black 20GB
635,2179,9,7,Yes (+ 50 JPY / Day),Yes (+ 540 JPY),,,[5 Months RENTAL] SoftBank 601HW Black,1,,,,,,,,[132 days RENTAL] SoftBank 601HW Black,sk.jpg,*,sk.jpg,sk.jpg,,,,,,,,,,,,,,,,,,,,,,1,1,en_sk_131_in_bt,,1,,20800,23290,,5,,,,,,,,,,,,,,,,,16,new! SoftBank 601HW Black 20GB
636,2180,9,7,Yes (+ 50 JPY / Day),Yes (+ 540 JPY),,,[5 Months RENTAL] SoftBank 601HW Black,1,,,,,,,,[133 days RENTAL] SoftBank 601HW Black,sk.jpg,*,sk.jpg,sk.jpg,,,,,,,,,,,,,,,,,,,,,,1,1,en_sk_132_in_bt,,1,,20800,23290,,5,,,,,,,,,,,,,,,,,16,new! SoftBank 601HW Black 20GB
637,2181,9,7,Yes (+ 50 JPY / Day),Yes (+ 540 JPY),,,[5 Months RENTAL] SoftBank 601HW Black,1,,,,,,,,[134 days RENTAL] SoftBank 601HW Black,sk.jpg,*,sk.jpg,sk.jpg,,,,,,,,,,,,,,,,,,,,,,1,1,en_sk_133_in_bt,,1,,20800,23290,,5,,,,,,,,,,,,,,,,,16,new! SoftBank 601HW Black 20GB
638,2182,9,7,Yes (+ 50 JPY / Day),Yes (+ 540 JPY),,,[5 Months RENTAL] SoftBank 601HW Black,1,,,,,,,,[135 days RENTAL] SoftBank 601HW Black,sk.jpg,*,sk.jpg,sk.jpg,,,,,,,,,,,,,,,,,,,,,,1,1,en_sk_134_in_bt,,1,,20800,23290,,5,,,,,,,,,,,,,,,,,16,new! SoftBank 601HW Black 20GB
639,2183,9,7,Yes (+ 50 JPY / Day),Yes (+ 540 JPY),,,[5 Months RENTAL] SoftBank 601HW Black,1,,,,,,,,[136 days RENTAL] SoftBank 601HW Black,sk.jpg,*,sk.jpg,sk.jpg,,,,,,,,,,,,,,,,,,,,,,1,1,en_sk_135_in_bt,,1,,20800,23290,,5,,,,,,,,,,,,,,,,,16,new! SoftBank 601HW Black 20GB
640,2184,9,7,Yes (+ 50 JPY / Day),Yes (+ 540 JPY),,,[5 Months RENTAL] SoftBank 601HW Black,1,,,,,,,,[137 days RENTAL] SoftBank 601HW Black,sk.jpg,*,sk.jpg,sk.jpg,,,,,,,,,,,,,,,,,,,,,,1,1,en_sk_136_in_bt,,1,,20800,23290,,5,,,,,,,,,,,,,,,,,16,new! SoftBank 601HW Black 20GB
641,2185,9,7,Yes (+ 50 JPY / Day),Yes (+ 540 JPY),,,[5 Months RENTAL] SoftBank 601HW Black,1,,,,,,,,[138 days RENTAL] SoftBank 601HW Black,sk.jpg,*,sk.jpg,sk.jpg,,,,,,,,,,,,,,,,,,,,,,1,1,en_sk_137_in_bt,,1,,20800,23290,,5,,,,,,,,,,,,,,,,,16,new! SoftBank 601HW Black 20GB
642,2186,9,7,Yes (+ 50 JPY / Day),Yes (+ 540 JPY),,,[5 Months RENTAL] SoftBank 601HW Black,1,,,,,,,,[139 days RENTAL] SoftBank 601HW Black,sk.jpg,*,sk.jpg,sk.jpg,,,,,,,,,,,,,,,,,,,,,,1,1,en_sk_138_in_bt,,1,,20800,23290,,5,,,,,,,,,,,,,,,,,16,new! SoftBank 601HW Black 20GB
643,2187,9,7,Yes (+ 50 JPY / Day),Yes (+ 540 JPY),,,[5 Months RENTAL] SoftBank 601HW Black,1,,,,,,,,[140 days RENTAL] SoftBank 601HW Black,sk.jpg,*,sk.jpg,sk.jpg,,,,,,,,,,,,,,,,,,,,,,1,1,en_sk_139_in_bt,,1,,20800,23290,,5,,,,,,,,,,,,,,,,,16,new! SoftBank 601HW Black 20GB
644,2188,9,7,Yes (+ 50 JPY / Day),Yes (+ 540 JPY),,,[5 Months RENTAL] SoftBank 601HW Black,1,,,,,,,,[141 days RENTAL] SoftBank 601HW Black,sk.jpg,*,sk.jpg,sk.jpg,,,,,,,,,,,,,,,,,,,,,,1,1,en_sk_140_in_bt,,1,,20800,23290,,5,,,,,,,,,,,,,,,,,16,new! SoftBank 601HW Black 20GB
645,2189,9,7,Yes (+ 50 JPY / Day),Yes (+ 540 JPY),,,[5 Months RENTAL] SoftBank 601HW Black,1,,,,,,,,[142 days RENTAL] SoftBank 601HW Black,sk.jpg,*,sk.jpg,sk.jpg,,,,,,,,,,,,,,,,,,,,,,1,1,en_sk_141_in_bt,,1,,20800,23290,,5,,,,,,,,,,,,,,,,,16,new! SoftBank 601HW Black 20GB
646,2190,9,7,Yes (+ 50 JPY / Day),Yes (+ 540 JPY),,,[5 Months RENTAL] SoftBank 601HW Black,1,,,,,,,,[143 days RENTAL] SoftBank 601HW Black,sk.jpg,*,sk.jpg,sk.jpg,,,,,,,,,,,,,,,,,,,,,,1,1,en_sk_142_in_bt,,1,,20800,23290,,5,,,,,,,,,,,,,,,,,16,new! SoftBank 601HW Black 20GB
647,2191,9,7,Yes (+ 50 JPY / Day),Yes (+ 540 JPY),,,[5 Months RENTAL] SoftBank 601HW Black,1,,,,,,,,[144 days RENTAL] SoftBank 601HW Black,sk.jpg,*,sk.jpg,sk.jpg,,,,,,,,,,,,,,,,,,,,,,1,1,en_sk_143_in_bt,,1,,20800,23290,,5,,,,,,,,,,,,,,,,,16,new! SoftBank 601HW Black 20GB
648,2192,9,7,Yes (+ 50 JPY / Day),Yes (+ 540 JPY),,,[5 Months RENTAL] SoftBank 601HW Black,1,,,,,,,,[145 days RENTAL] SoftBank 601HW Black,sk.jpg,*,sk.jpg,sk.jpg,,,,,,,,,,,,,,,,,,,,,,1,1,en_sk_144_in_bt,,1,,20800,23290,,5,,,,,,,,,,,,,,,,,16,new! SoftBank 601HW Black 20GB
649,2193,9,7,Yes (+ 50 JPY / Day),Yes (+ 540 JPY),,,[5 Months RENTAL] SoftBank 601HW Black,1,,,,,,,,[146 days RENTAL] SoftBank 601HW Black,sk.jpg,*,sk.jpg,sk.jpg,,,,,,,,,,,,,,,,,,,,,,1,1,en_sk_145_in_bt,,1,,20800,23290,,5,,,,,,,,,,,,,,,,,16,new! SoftBank 601HW Black 20GB
650,2194,9,7,Yes (+ 50 JPY / Day),Yes (+ 540 JPY),,,[5 Months RENTAL] SoftBank 601HW Black,1,,,,,,,,[147 days RENTAL] SoftBank 601HW Black,sk.jpg,*,sk.jpg,sk.jpg,,,,,,,,,,,,,,,,,,,,,,1,1,en_sk_146_in_bt,,1,,20800,23290,,5,,,,,,,,,,,,,,,,,16,new! SoftBank 601HW Black 20GB
651,2195,9,7,Yes (+ 50 JPY / Day),Yes (+ 540 JPY),,,[5 Months RENTAL] SoftBank 601HW Black,1,,,,,,,,[148 days RENTAL] SoftBank 601HW Black,sk.jpg,*,sk.jpg,sk.jpg,,,,,,,,,,,,,,,,,,,,,,1,1,en_sk_147_in_bt,,1,,20800,23290,,5,,,,,,,,,,,,,,,,,16,new! SoftBank 601HW Black 20GB
652,2196,9,7,Yes (+ 50 JPY / Day),Yes (+ 540 JPY),,,[5 Months RENTAL] SoftBank 601HW Black,1,,,,,,,,[149 days RENTAL] SoftBank 601HW Black,sk.jpg,*,sk.jpg,sk.jpg,,,,,,,,,,,,,,,,,,,,,,1,1,en_sk_148_in_bt,,1,,20800,23290,,5,,,,,,,,,,,,,,,,,16,new! SoftBank 601HW Black 20GB
653,2197,9,7,Yes (+ 50 JPY / Day),Yes (+ 540 JPY),,,[5 Months RENTAL] SoftBank 601HW Black,1,,,,,,,,[150 days RENTAL] SoftBank 601HW Black,sk.jpg,*,sk.jpg,sk.jpg,,,,,,,,,,,,,,,,,,,,,,1,1,en_sk_149_in_bt,,1,,20800,23290,,5,,,,,,,,,,,,,,,,,16,new! SoftBank 601HW Black 20GB
654,2198,9,7,Yes (+ 50 JPY / Day),Yes (+ 540 JPY),,,[5 Months RENTAL] SoftBank 601HW Black,1,,,,,,,,[151 days RENTAL] SoftBank 601HW Black,sk.jpg,*,sk.jpg,sk.jpg,,,,,,,,,,,,,,,,,,,,,,,1,en_sk_150_in_bt,,1,,20800,23290,,5,,,,,,,,,,,,,,,,,16,new! SoftBank 601HW Black 20GB
655,2199,9,7,Yes (+ 50 JPY / Day),Yes (+ 540 JPY),,,[5 Months RENTAL]+[1 day RENTAL] SoftBank 601HW Black,1,,,,,,,,[152 days RENTAL] SoftBank 601HW Black,sk.jpg,*,sk.jpg,sk.jpg,,,,,,,,,,,,,,,,,,,,,,,1,en_sk_151_in_bt,,1,,21250,23790,,5,,,,,,,,,,,,,,,,,16,new! SoftBank 601HW Black 20GB
656,2200,9,7,Yes (+ 50 JPY / Day),Yes (+ 540 JPY),,,[5 Months RENTAL]+[2 days RENTAL] SoftBank 601HW Black,1,,,,,,,,[153 days RENTAL] SoftBank 601HW Black,sk.jpg,*,sk.jpg,sk.jpg,,,,,,,,,,,,,,,,,,,,,,,1,en_sk_152_in_bt,,1,,21700,24290,,5,,,,,,,,,,,,,,,,,16,new! SoftBank 601HW Black 20GB
657,2201,9,7,Yes (+ 50 JPY / Day),Yes (+ 540 JPY),,,[5 Months RENTAL]+[3 days RENTAL] SoftBank 601HW Black,1,,,,,,,,[154 days RENTAL] SoftBank 601HW Black,sk.jpg,*,sk.jpg,sk.jpg,,,,,,,,,,,,,,,,,,,,,,,1,en_sk_153_in_bt,,1,,22150,24790,,5,,,,,,,,,,,,,,,,,16,new! SoftBank 601HW Black 20GB
658,2202,9,7,Yes (+ 50 JPY / Day),Yes (+ 540 JPY),,,[5 Months RENTAL]+[4 days RENTAL] SoftBank 601HW Black,1,,,,,,,,[155 days RENTAL] SoftBank 601HW Black,sk.jpg,*,sk.jpg,sk.jpg,,,,,,,,,,,,,,,,,,,,,,,1,en_sk_154_in_bt,,1,,22600,25290,,5,,,,,,,,,,,,,,,,,16,new! SoftBank 601HW Black 20GB
659,2203,9,7,Yes (+ 50 JPY / Day),Yes (+ 540 JPY),,,[6 Months RENTAL] SoftBank 601HW Black,1,,,,,,,,[156 days RENTAL] SoftBank 601HW Black,sk.jpg,*,sk.jpg,sk.jpg,,,,,,,,,,,,,,,,,,,,,,1,1,en_sk_155_in_bt,,1,,22800,25590,,5,,,,,,,,,,,,,,,,,16,new! SoftBank 601HW Black 20GB
660,2204,9,7,Yes (+ 50 JPY / Day),Yes (+ 540 JPY),,,[6 Months RENTAL] SoftBank 601HW Black,1,,,,,,,,[157 days RENTAL] SoftBank 601HW Black,sk.jpg,*,sk.jpg,sk.jpg,,,,,,,,,,,,,,,,,,,,,,1,1,en_sk_156_in_bt,,1,,22800,25590,,5,,,,,,,,,,,,,,,,,16,new! SoftBank 601HW Black 20GB
661,2205,9,7,Yes (+ 50 JPY / Day),Yes (+ 540 JPY),,,[6 Months RENTAL] SoftBank 601HW Black,1,,,,,,,,[158 days RENTAL] SoftBank 601HW Black,sk.jpg,*,sk.jpg,sk.jpg,,,,,,,,,,,,,,,,,,,,,,1,1,en_sk_157_in_bt,,1,,22800,25590,,5,,,,,,,,,,,,,,,,,16,new! SoftBank 601HW Black 20GB
662,2206,9,7,Yes (+ 50 JPY / Day),Yes (+ 540 JPY),,,[6 Months RENTAL] SoftBank 601HW Black,1,,,,,,,,[159 days RENTAL] SoftBank 601HW Black,sk.jpg,*,sk.jpg,sk.jpg,,,,,,,,,,,,,,,,,,,,,,1,1,en_sk_158_in_bt,,1,,22800,25590,,5,,,,,,,,,,,,,,,,,16,new! SoftBank 601HW Black 20GB
663,2207,9,7,Yes (+ 50 JPY / Day),Yes (+ 540 JPY),,,[6 Months RENTAL] SoftBank 601HW Black,1,,,,,,,,[160 days RENTAL] SoftBank 601HW Black,sk.jpg,*,sk.jpg,sk.jpg,,,,,,,,,,,,,,,,,,,,,,1,1,en_sk_159_in_bt,,1,,22800,25590,,5,,,,,,,,,,,,,,,,,16,new! SoftBank 601HW Black 20GB
664,2208,9,7,Yes (+ 50 JPY / Day),Yes (+ 540 JPY),,,[6 Months RENTAL] SoftBank 601HW Black,1,,,,,,,,[161 days RENTAL] SoftBank 601HW Black,sk.jpg,*,sk.jpg,sk.jpg,,,,,,,,,,,,,,,,,,,,,,1,1,en_sk_160_in_bt,,1,,22800,25590,,5,,,,,,,,,,,,,,,,,16,new! SoftBank 601HW Black 20GB
665,2209,9,7,Yes (+ 50 JPY / Day),Yes (+ 540 JPY),,,[6 Months RENTAL] SoftBank 601HW Black,1,,,,,,,,[162 days RENTAL] SoftBank 601HW Black,sk.jpg,*,sk.jpg,sk.jpg,,,,,,,,,,,,,,,,,,,,,,1,1,en_sk_161_in_bt,,1,,22800,25590,,5,,,,,,,,,,,,,,,,,16,new! SoftBank 601HW Black 20GB
666,2210,9,7,Yes (+ 50 JPY / Day),Yes (+ 540 JPY),,,[6 Months RENTAL] SoftBank 601HW Black,1,,,,,,,,[163 days RENTAL] SoftBank 601HW Black,sk.jpg,*,sk.jpg,sk.jpg,,,,,,,,,,,,,,,,,,,,,,1,1,en_sk_162_in_bt,,1,,22800,25590,,5,,,,,,,,,,,,,,,,,16,new! SoftBank 601HW Black 20GB
667,2211,9,7,Yes (+ 50 JPY / Day),Yes (+ 540 JPY),,,[6 Months RENTAL] SoftBank 601HW Black,1,,,,,,,,[164 days RENTAL] SoftBank 601HW Black,sk.jpg,*,sk.jpg,sk.jpg,,,,,,,,,,,,,,,,,,,,,,1,1,en_sk_163_in_bt,,1,,22800,25590,,5,,,,,,,,,,,,,,,,,16,new! SoftBank 601HW Black 20GB
668,2212,9,7,Yes (+ 50 JPY / Day),Yes (+ 540 JPY),,,[6 Months RENTAL] SoftBank 601HW Black,1,,,,,,,,[165 days RENTAL] SoftBank 601HW Black,sk.jpg,*,sk.jpg,sk.jpg,,,,,,,,,,,,,,,,,,,,,,1,1,en_sk_164_in_bt,,1,,22800,25590,,5,,,,,,,,,,,,,,,,,16,new! SoftBank 601HW Black 20GB
669,2213,9,7,Yes (+ 50 JPY / Day),Yes (+ 540 JPY),,,[6 Months RENTAL] SoftBank 601HW Black,1,,,,,,,,[166 days RENTAL] SoftBank 601HW Black,sk.jpg,*,sk.jpg,sk.jpg,,,,,,,,,,,,,,,,,,,,,,1,1,en_sk_165_in_bt,,1,,22800,25590,,5,,,,,,,,,,,,,,,,,16,new! SoftBank 601HW Black 20GB
670,2214,9,7,Yes (+ 50 JPY / Day),Yes (+ 540 JPY),,,[6 Months RENTAL] SoftBank 601HW Black,1,,,,,,,,[167 days RENTAL] SoftBank 601HW Black,sk.jpg,*,sk.jpg,sk.jpg,,,,,,,,,,,,,,,,,,,,,,1,1,en_sk_166_in_bt,,1,,22800,25590,,5,,,,,,,,,,,,,,,,,16,new! SoftBank 601HW Black 20GB
671,2215,9,7,Yes (+ 50 JPY / Day),Yes (+ 540 JPY),,,[6 Months RENTAL] SoftBank 601HW Black,1,,,,,,,,[168 days RENTAL] SoftBank 601HW Black,sk.jpg,*,sk.jpg,sk.jpg,,,,,,,,,,,,,,,,,,,,,,1,1,en_sk_167_in_bt,,1,,22800,25590,,5,,,,,,,,,,,,,,,,,16,new! SoftBank 601HW Black 20GB
672,2216,9,7,Yes (+ 50 JPY / Day),Yes (+ 540 JPY),,,[6 Months RENTAL] SoftBank 601HW Black,1,,,,,,,,[169 days RENTAL] SoftBank 601HW Black,sk.jpg,*,sk.jpg,sk.jpg,,,,,,,,,,,,,,,,,,,,,,1,1,en_sk_168_in_bt,,1,,22800,25590,,5,,,,,,,,,,,,,,,,,16,new! SoftBank 601HW Black 20GB
673,2217,9,7,Yes (+ 50 JPY / Day),Yes (+ 540 JPY),,,[6 Months RENTAL] SoftBank 601HW Black,1,,,,,,,,[170 days RENTAL] SoftBank 601HW Black,sk.jpg,*,sk.jpg,sk.jpg,,,,,,,,,,,,,,,,,,,,,,1,1,en_sk_169_in_bt,,1,,22800,25590,,5,,,,,,,,,,,,,,,,,16,new! SoftBank 601HW Black 20GB
674,2218,9,7,Yes (+ 50 JPY / Day),Yes (+ 540 JPY),,,[6 Months RENTAL] SoftBank 601HW Black,1,,,,,,,,[171 days RENTAL] SoftBank 601HW Black,sk.jpg,*,sk.jpg,sk.jpg,,,,,,,,,,,,,,,,,,,,,,1,1,en_sk_170_in_bt,,1,,22800,25590,,5,,,,,,,,,,,,,,,,,16,new! SoftBank 601HW Black 20GB
675,2219,9,7,Yes (+ 50 JPY / Day),Yes (+ 540 JPY),,,[6 Months RENTAL] SoftBank 601HW Black,1,,,,,,,,[172 days RENTAL] SoftBank 601HW Black,sk.jpg,*,sk.jpg,sk.jpg,,,,,,,,,,,,,,,,,,,,,,1,1,en_sk_171_in_bt,,1,,22800,25590,,5,,,,,,,,,,,,,,,,,16,new! SoftBank 601HW Black 20GB
676,2220,9,7,Yes (+ 50 JPY / Day),Yes (+ 540 JPY),,,[6 Months RENTAL] SoftBank 601HW Black,1,,,,,,,,[173 days RENTAL] SoftBank 601HW Black,sk.jpg,*,sk.jpg,sk.jpg,,,,,,,,,,,,,,,,,,,,,,1,1,en_sk_172_in_bt,,1,,22800,25590,,5,,,,,,,,,,,,,,,,,16,new! SoftBank 601HW Black 20GB
677,2221,9,7,Yes (+ 50 JPY / Day),Yes (+ 540 JPY),,,[6 Months RENTAL] SoftBank 601HW Black,1,,,,,,,,[174 days RENTAL] SoftBank 601HW Black,sk.jpg,*,sk.jpg,sk.jpg,,,,,,,,,,,,,,,,,,,,,,1,1,en_sk_173_in_bt,,1,,22800,25590,,5,,,,,,,,,,,,,,,,,16,new! SoftBank 601HW Black 20GB
678,2222,9,7,Yes (+ 50 JPY / Day),Yes (+ 540 JPY),,,[6 Months RENTAL] SoftBank 601HW Black,1,,,,,,,,[175 days RENTAL] SoftBank 601HW Black,sk.jpg,*,sk.jpg,sk.jpg,,,,,,,,,,,,,,,,,,,,,,1,1,en_sk_174_in_bt,,1,,22800,25590,,5,,,,,,,,,,,,,,,,,16,new! SoftBank 601HW Black 20GB
679,2223,9,7,Yes (+ 50 JPY / Day),Yes (+ 540 JPY),,,[6 Months RENTAL] SoftBank 601HW Black,1,,,,,,,,[176 days RENTAL] SoftBank 601HW Black,sk.jpg,*,sk.jpg,sk.jpg,,,,,,,,,,,,,,,,,,,,,,1,1,en_sk_175_in_bt,,1,,22800,25590,,5,,,,,,,,,,,,,,,,,16,new! SoftBank 601HW Black 20GB
680,2224,9,7,Yes (+ 50 JPY / Day),Yes (+ 540 JPY),,,[6 Months RENTAL] SoftBank 601HW Black,1,,,,,,,,[177 days RENTAL] SoftBank 601HW Black,sk.jpg,*,sk.jpg,sk.jpg,,,,,,,,,,,,,,,,,,,,,,1,1,en_sk_176_in_bt,,1,,22800,25590,,5,,,,,,,,,,,,,,,,,16,new! SoftBank 601HW Black 20GB
681,2225,9,7,Yes (+ 50 JPY / Day),Yes (+ 540 JPY),,,[6 Months RENTAL] SoftBank 601HW Black,1,,,,,,,,[178 days RENTAL] SoftBank 601HW Black,sk.jpg,*,sk.jpg,sk.jpg,,,,,,,,,,,,,,,,,,,,,,1,1,en_sk_177_in_bt,,1,,22800,25590,,5,,,,,,,,,,,,,,,,,16,new! SoftBank 601HW Black 20GB
682,2226,9,7,Yes (+ 50 JPY / Day),Yes (+ 540 JPY),,,[6 Months RENTAL] SoftBank 601HW Black,1,,,,,,,,[179 days RENTAL] SoftBank 601HW Black,sk.jpg,*,sk.jpg,sk.jpg,,,,,,,,,,,,,,,,,,,,,,1,1,en_sk_178_in_bt,,1,,22800,25590,,5,,,,,,,,,,,,,,,,,16,new! SoftBank 601HW Black 20GB
683,2227,9,7,Yes (+ 50 JPY / Day),Yes (+ 540 JPY),,,[6 Months RENTAL] SoftBank 601HW Black,1,,,,,,,,[180 days RENTAL] SoftBank 601HW Black,sk.jpg,*,sk.jpg,sk.jpg,,,,,,,,,,,,,,,,,,,,,,1,1,en_sk_179_in_bt,,1,,22800,25590,,5,,,,,,,,,,,,,,,,,16,new! SoftBank 601HW Black 20GB
684,2228,9,7,Yes (+ 50 JPY / Day),Yes (+ 540 JPY),,,[6 Months RENTAL] SoftBank 601HW Black,1,,,,,,,,[181 days RENTAL] SoftBank 601HW Black,sk.jpg,*,sk.jpg,sk.jpg,,,,,,,,,,,,,,,,,,,,,,,1,en_sk_180_in_bt,,1,,22800,25590,,5,,,,,,,,,,,,,,,,,16,new! SoftBank 601HW Black 20GB
685,2229,9,7,Yes (+ 50 JPY / Day),Yes (+ 540 JPY),,,[6 Months RENTAL]+[1 day RENTAL] SoftBank 601HW Black,1,,,,,,,,[182 days RENTAL] SoftBank 601HW Black,sk.jpg,*,sk.jpg,sk.jpg,,,,,,,,,,,,,,,,,,,,,,,1,en_sk_181_in_bt,,1,,23250,26090,,5,,,,,,,,,,,,,,,,,16,new! SoftBank 601HW Black 20GB
686,2230,9,7,Yes (+ 50 JPY / Day),Yes (+ 540 JPY),,,[6 Months RENTAL]+[2 days RENTAL] SoftBank 601HW Black,1,,,,,,,,[183 days RENTAL] SoftBank 601HW Black,sk.jpg,*,sk.jpg,sk.jpg,,,,,,,,,,,,,,,,,,,,,,,1,en_sk_182_in_bt,,1,,23700,26590,,5,,,,,,,,,,,,,,,,,16,new! SoftBank 601HW Black 20GB
687,2231,9,7,Yes (+ 50 JPY / Day),Yes (+ 540 JPY),,,[6 Months RENTAL]+[3 days RENTAL] SoftBank 601HW Black,1,,,,,,,,[184 days RENTAL] SoftBank 601HW Black,sk.jpg,*,sk.jpg,sk.jpg,,,,,,,,,,,,,,,,,,,,,,,1,en_sk_183_in_bt,,1,,24150,27090,,5,,,,,,,,,,,,,,,,,16,new! SoftBank 601HW Black 20GB
688,2232,9,7,Yes (+ 50 JPY / Day),Yes (+ 540 JPY),,,[6 Months RENTAL]+[4 days RENTAL] SoftBank 601HW Black,1,,,,,,,,[185 days RENTAL] SoftBank 601HW Black,sk.jpg,*,sk.jpg,sk.jpg,,,,,,,,,,,,,,,,,,,,,,,1,en_sk_184_in_bt,,1,,24600,27590,,5,,,,,,,,,,,,,,,,,16,new! SoftBank 601HW Black 20GB
689,2233,9,7,Yes (+ 50 JPY / Day),Yes (+ 540 JPY),,,[6 Months RENTAL]+[5 days RENTAL] SoftBank 601HW Black,1,,,,,,,,[186 days RENTAL] SoftBank 601HW Black,sk.jpg,*,sk.jpg,sk.jpg,,,,,,,,,,,,,,,,,,,,,,,1,en_sk_185_in_bt,,1,,25050,28090,,5,,,,,,,,,,,,,,,,,16,new! SoftBank 601HW Black 20GB
690,2234,9,7,Yes (+ 50 JPY / Day),Yes (+ 540 JPY),,,[6 Months RENTAL]+[6 days RENTAL] SoftBank 601HW Black,1,,,,,,,,[187 days RENTAL] SoftBank 601HW Black,sk.jpg,*,sk.jpg,sk.jpg,,,,,,,,,,,,,,,,,,,,,,,1,en_sk_186_in_bt,,1,,25500,28590,,5,,,,,,,,,,,,,,,,,16,new! SoftBank 601HW Black 20GB
691,2235,9,7,Yes (+ 50 JPY / Day),Yes (+ 540 JPY),,,[6 Months RENTAL]+[7 days RENTAL] SoftBank 601HW Black,1,,,,,,,,[188 days RENTAL] SoftBank 601HW Black,sk.jpg,*,sk.jpg,sk.jpg,,,,,,,,,,,,,,,,,,,,,,,1,en_sk_187_in_bt,,1,,25950,29090,,5,,,,,,,,,,,,,,,,,16,new! SoftBank 601HW Black 20GB
692,2236,9,7,Yes (+ 50 JPY / Day),Yes (+ 540 JPY),,,[6 Months RENTAL]+[8 days RENTAL] SoftBank 601HW Black,1,,,,,,,,[189 days RENTAL] SoftBank 601HW Black,sk.jpg,*,sk.jpg,sk.jpg,,,,,,,,,,,,,,,,,,,,,,,1,en_sk_188_in_bt,,1,,26400,29590,,5,,,,,,,,,,,,,,,,,16,new! SoftBank 601HW Black 20GB
693,2237,9,7,Yes (+ 50 JPY / Day),Yes (+ 540 JPY),,,[6 Months RENTAL]+[9 days RENTAL] SoftBank 601HW Black,1,,,,,,,,[190 days RENTAL] SoftBank 601HW Black,sk.jpg,*,sk.jpg,sk.jpg,,,,,,,,,,,,,,,,,,,,,,,1,en_sk_189_in_bt,,1,,26850,30090,,5,,,,,,,,,,,,,,,,,16,new! SoftBank 601HW Black 20GB
694,2238,9,7,Yes (+ 50 JPY / Day),Yes (+ 540 JPY),,,[6 Months RENTAL]+[10 days RENTAL] SoftBank 601HW Black,1,,,,,,,,[191 days RENTAL] SoftBank 601HW Black,sk.jpg,*,sk.jpg,sk.jpg,,,,,,,,,,,,,,,,,,,,,,,1,en_sk_190_in_bt,,1,,27300,30590,,5,,,,,,,,,,,,,,,,,16,new! SoftBank 601HW Black 20GB
695,2239,9,7,Yes (+ 50 JPY / Day),Yes (+ 540 JPY),,,[6 Months RENTAL]+[11 days RENTAL] SoftBank 601HW Black,1,,,,,,,,[192 days RENTAL] SoftBank 601HW Black,sk.jpg,*,sk.jpg,sk.jpg,,,,,,,,,,,,,,,,,,,,,,,1,en_sk_191_in_bt,,1,,27750,31090,,5,,,,,,,,,,,,,,,,,16,new! SoftBank 601HW Black 20GB
696,2240,9,7,Yes (+ 50 JPY / Day),Yes (+ 540 JPY),,,[6 Months RENTAL]+[12 days RENTAL] SoftBank 601HW Black,1,,,,,,,,[193 days RENTAL] SoftBank 601HW Black,sk.jpg,*,sk.jpg,sk.jpg,,,,,,,,,,,,,,,,,,,,,,,1,en_sk_192_in_bt,,1,,28200,31590,,5,,,,,,,,,,,,,,,,,16,new! SoftBank 601HW Black 20GB
697,2241,9,7,Yes (+ 50 JPY / Day),Yes (+ 540 JPY),,,[6 Months RENTAL]+[13 days RENTAL] SoftBank 601HW Black,1,,,,,,,,[194 days RENTAL] SoftBank 601HW Black,sk.jpg,*,sk.jpg,sk.jpg,,,,,,,,,,,,,,,,,,,,,,,1,en_sk_193_in_bt,,1,,28650,32090,,5,,,,,,,,,,,,,,,,,16,new! SoftBank 601HW Black 20GB
698,2242,9,7,Yes (+ 50 JPY / Day),Yes (+ 540 JPY),,,[6 Months RENTAL]+[14 days RENTAL] SoftBank 601HW Black,1,,,,,,,,[195 days RENTAL] SoftBank 601HW Black,sk.jpg,*,sk.jpg,sk.jpg,,,,,,,,,,,,,,,,,,,,,,,1,en_sk_194_in_bt,,1,,29100,32590,,5,,,,,,,,,,,,,,,,,16,new! SoftBank 601HW Black 20GB
699,2243,9,7,Yes (+ 50 JPY / Day),Yes (+ 540 JPY),,,[6 Months RENTAL]+[1 Month] SoftBank 601HW Black,1,,,,,,,,[196 days RENTAL] SoftBank 601HW Black,sk.jpg,*,sk.jpg,sk.jpg,,,,,,,,,,,,,,,,,,,,,,1,1,en_sk_195_in_bt,,1,,29550,33090,,5,,,,,,,,,,,,,,,,,16,new! SoftBank 601HW Black 20GB
700,2244,9,7,Yes (+ 50 JPY / Day),Yes (+ 540 JPY),,,[6 Months RENTAL]+[1 Month] SoftBank 601HW Black,1,,,,,,,,[197 days RENTAL] SoftBank 601HW Black,sk.jpg,*,sk.jpg,sk.jpg,,,,,,,,,,,,,,,,,,,,,,1,1,en_sk_196_in_bt,,1,,29550,33090,,5,,,,,,,,,,,,,,,,,16,new! SoftBank 601HW Black 20GB
701,2245,9,7,Yes (+ 50 JPY / Day),Yes (+ 540 JPY),,,[6 Months RENTAL]+[1 Month] SoftBank 601HW Black,1,,,,,,,,[198 days RENTAL] SoftBank 601HW Black,sk.jpg,*,sk.jpg,sk.jpg,,,,,,,,,,,,,,,,,,,,,,1,1,en_sk_197_in_bt,,1,,29550,33090,,5,,,,,,,,,,,,,,,,,16,new! SoftBank 601HW Black 20GB
702,2246,9,7,Yes (+ 50 JPY / Day),Yes (+ 540 JPY),,,[6 Months RENTAL]+[1 Month] SoftBank 601HW Black,1,,,,,,,,[199 days RENTAL] SoftBank 601HW Black,sk.jpg,*,sk.jpg,sk.jpg,,,,,,,,,,,,,,,,,,,,,,1,1,en_sk_198_in_bt,,1,,29550,33090,,5,,,,,,,,,,,,,,,,,16,new! SoftBank 601HW Black 20GB
703,2247,9,7,Yes (+ 50 JPY / Day),Yes (+ 540 JPY),,,[6 Months RENTAL]+[1 Month] SoftBank 601HW Black,1,,,,,,,,[200 days RENTAL] SoftBank 601HW Black,sk.jpg,*,sk.jpg,sk.jpg,,,,,,,,,,,,,,,,,,,,,,1,1,en_sk_199_in_bt,,1,,29550,33090,,5,,,,,,,,,,,,,,,,,16,new! SoftBank 601HW Black 20GB
704,2248,9,7,Yes (+ 50 JPY / Day),Yes (+ 540 JPY),,,[6 Months RENTAL]+[1 Month] SoftBank 601HW Black,1,,,,,,,,[201 days RENTAL] SoftBank 601HW Black,sk.jpg,*,sk.jpg,sk.jpg,,,,,,,,,,,,,,,,,,,,,,1,1,en_sk_200_in_bt,,1,,29550,33090,,5,,,,,,,,,,,,,,,,,16,new! SoftBank 601HW Black 20GB
705,2249,9,7,Yes (+ 50 JPY / Day),Yes (+ 540 JPY),,,[6 Months RENTAL]+[1 Month] SoftBank 601HW Black,1,,,,,,,,[202 days RENTAL] SoftBank 601HW Black,sk.jpg,*,sk.jpg,sk.jpg,,,,,,,,,,,,,,,,,,,,,,1,1,en_sk_201_in_bt,,1,,29550,33090,,5,,,,,,,,,,,,,,,,,16,new! SoftBank 601HW Black 20GB
706,2250,9,7,Yes (+ 50 JPY / Day),Yes (+ 540 JPY),,,[6 Months RENTAL]+[1 Month] SoftBank 601HW Black,1,,,,,,,,[203 days RENTAL] SoftBank 601HW Black,sk.jpg,*,sk.jpg,sk.jpg,,,,,,,,,,,,,,,,,,,,,,1,1,en_sk_202_in_bt,,1,,29550,33090,,5,,,,,,,,,,,,,,,,,16,new! SoftBank 601HW Black 20GB
707,2251,9,7,Yes (+ 50 JPY / Day),Yes (+ 540 JPY),,,[6 Months RENTAL]+[1 Month] SoftBank 601HW Black,1,,,,,,,,[204 days RENTAL] SoftBank 601HW Black,sk.jpg,*,sk.jpg,sk.jpg,,,,,,,,,,,,,,,,,,,,,,1,1,en_sk_203_in_bt,,1,,29550,33090,,5,,,,,,,,,,,,,,,,,16,new! SoftBank 601HW Black 20GB
708,2252,9,7,Yes (+ 50 JPY / Day),Yes (+ 540 JPY),,,[6 Months RENTAL]+[1 Month] SoftBank 601HW Black,1,,,,,,,,[205 days RENTAL] SoftBank 601HW Black,sk.jpg,*,sk.jpg,sk.jpg,,,,,,,,,,,,,,,,,,,,,,1,1,en_sk_204_in_bt,,1,,29550,33090,,5,,,,,,,,,,,,,,,,,16,new! SoftBank 601HW Black 20GB
709,2253,9,7,Yes (+ 50 JPY / Day),Yes (+ 540 JPY),,,[6 Months RENTAL]+[1 Month] SoftBank 601HW Black,1,,,,,,,,[206 days RENTAL] SoftBank 601HW Black,sk.jpg,*,sk.jpg,sk.jpg,,,,,,,,,,,,,,,,,,,,,,1,1,en_sk_205_in_bt,,1,,29550,33090,,5,,,,,,,,,,,,,,,,,16,new! SoftBank 601HW Black 20GB
710,2254,9,7,Yes (+ 50 JPY / Day),Yes (+ 540 JPY),,,[6 Months RENTAL]+[1 Month] SoftBank 601HW Black,1,,,,,,,,[207 days RENTAL] SoftBank 601HW Black,sk.jpg,*,sk.jpg,sk.jpg,,,,,,,,,,,,,,,,,,,,,,1,1,en_sk_206_in_bt,,1,,29550,33090,,5,,,,,,,,,,,,,,,,,16,new! SoftBank 601HW Black 20GB
711,2255,9,7,Yes (+ 50 JPY / Day),Yes (+ 540 JPY),,,[6 Months RENTAL]+[1 Month] SoftBank 601HW Black,1,,,,,,,,[208 days RENTAL] SoftBank 601HW Black,sk.jpg,*,sk.jpg,sk.jpg,,,,,,,,,,,,,,,,,,,,,,1,1,en_sk_207_in_bt,,1,,29550,33090,,5,,,,,,,,,,,,,,,,,16,new! SoftBank 601HW Black 20GB
712,2256,9,7,Yes (+ 50 JPY / Day),Yes (+ 540 JPY),,,[6 Months RENTAL]+[1 Month] SoftBank 601HW Black,1,,,,,,,,[209 days RENTAL] SoftBank 601HW Black,sk.jpg,*,sk.jpg,sk.jpg,,,,,,,,,,,,,,,,,,,,,,1,1,en_sk_208_in_bt,,1,,29550,33090,,5,,,,,,,,,,,,,,,,,16,new! SoftBank 601HW Black 20GB
713,2257,9,7,Yes (+ 50 JPY / Day),Yes (+ 540 JPY),,,[6 Months RENTAL]+[1 Month] SoftBank 601HW Black,1,,,,,,,,[210 days RENTAL] SoftBank 601HW Black,sk.jpg,*,sk.jpg,sk.jpg,,,,,,,,,,,,,,,,,,,,,,1,1,en_sk_209_in_bt,,1,,29550,33090,,5,,,,,,,,,,,,,,,,,16,new! SoftBank 601HW Black 20GB
714,2258,9,7,Yes (+ 50 JPY / Day),Yes (+ 540 JPY),,,[6 Months RENTAL]+[1 Month] SoftBank 601HW Black,1,,,,,,,,[211 days RENTAL] SoftBank 601HW Black,sk.jpg,*,sk.jpg,sk.jpg,,,,,,,,,,,,,,,,,,,,,,1,1,en_sk_210_in_bt,,1,,29550,33090,,5,,,,,,,,,,,,,,,,,16,new! SoftBank 601HW Black 20GB
715,2259,9,7,Yes (+ 50 JPY / Day),Yes (+ 540 JPY),,,[6 Months RENTAL]+[1 Month] SoftBank 601HW Black,1,,,,,,,,[212 days RENTAL] SoftBank 601HW Black,sk.jpg,*,sk.jpg,sk.jpg,,,,,,,,,,,,,,,,,,,,,,,1,en_sk_211_in_bt,,1,,29550,33090,,5,,,,,,,,,,,,,,,,,16,new! SoftBank 601HW Black 20GB
716,2260,9,7,Yes (+ 50 JPY / Day),Yes (+ 540 JPY),,,[6 Months RENTAL]+[1 Month]+[1 day RENTAL] SoftBank 601HW Black,1,,,,,,,,[213 days RENTAL] SoftBank 601HW Black,sk.jpg,*,sk.jpg,sk.jpg,,,,,,,,,,,,,,,,,,,,,,,1,en_sk_212_in_bt,,1,,30000,33590,,5,,,,,,,,,,,,,,,,,16,new! SoftBank 601HW Black 20GB
717,2261,9,7,Yes (+ 50 JPY / Day),Yes (+ 540 JPY),,,[6 Months RENTAL]+[1 Month]+[2 days RENTAL] SoftBank 601HW Black,1,,,,,,,,[214 days RENTAL] SoftBank 601HW Black,sk.jpg,*,sk.jpg,sk.jpg,,,,,,,,,,,,,,,,,,,,,,,1,en_sk_213_in_bt,,1,,30450,34090,,5,,,,,,,,,,,,,,,,,16,new! SoftBank 601HW Black 20GB
718,2262,9,7,Yes (+ 50 JPY / Day),Yes (+ 540 JPY),,,[6 Months RENTAL]+[1 Month]+[3 days RENTAL] SoftBank 601HW Black,1,,,,,,,,[215 days RENTAL] SoftBank 601HW Black,sk.jpg,*,sk.jpg,sk.jpg,,,,,,,,,,,,,,,,,,,,,,,1,en_sk_214_in_bt,,1,,30900,34590,,5,,,,,,,,,,,,,,,,,16,new! SoftBank 601HW Black 20GB
719,2263,9,7,Yes (+ 50 JPY / Day),Yes (+ 540 JPY),,,[6 Months RENTAL]+[1 Month]+[4 days RENTAL] SoftBank 601HW Black,1,,,,,,,,[216 days RENTAL] SoftBank 601HW Black,sk.jpg,*,sk.jpg,sk.jpg,,,,,,,,,,,,,,,,,,,,,,,1,en_sk_215_in_bt,,1,,31350,35090,,5,,,,,,,,,,,,,,,,,16,new! SoftBank 601HW Black 20GB
720,2264,9,7,Yes (+ 50 JPY / Day),Yes (+ 540 JPY),,,[6 Months RENTAL]+[1 Month]+[5 days RENTAL] SoftBank 601HW Black,1,,,,,,,,[217 days RENTAL] SoftBank 601HW Black,sk.jpg,*,sk.jpg,sk.jpg,,,,,,,,,,,,,,,,,,,,,,,1,en_sk_216_in_bt,,1,,31800,35590,,5,,,,,,,,,,,,,,,,,16,new! SoftBank 601HW Black 20GB
721,2265,9,7,Yes (+ 50 JPY / Day),Yes (+ 540 JPY),,,[6 Months RENTAL]+[1 Month]+[6 days RENTAL] SoftBank 601HW Black,1,,,,,,,,[218 days RENTAL] SoftBank 601HW Black,sk.jpg,*,sk.jpg,sk.jpg,,,,,,,,,,,,,,,,,,,,,,,1,en_sk_217_in_bt,,1,,32250,36090,,5,,,,,,,,,,,,,,,,,16,new! SoftBank 601HW Black 20GB
722,2266,9,7,Yes (+ 50 JPY / Day),Yes (+ 540 JPY),,,[6 Months RENTAL]+[1 Month]+[7 days RENTAL] SoftBank 601HW Black,1,,,,,,,,[219 days RENTAL] SoftBank 601HW Black,sk.jpg,*,sk.jpg,sk.jpg,,,,,,,,,,,,,,,,,,,,,,,1,en_sk_218_in_bt,,1,,32700,36590,,5,,,,,,,,,,,,,,,,,16,new! SoftBank 601HW Black 20GB
723,2267,9,7,Yes (+ 50 JPY / Day),Yes (+ 540 JPY),,,[6 Months RENTAL]+[1 Month]+[8 days RENTAL] SoftBank 601HW Black,1,,,,,,,,[220 days RENTAL] SoftBank 601HW Black,sk.jpg,*,sk.jpg,sk.jpg,,,,,,,,,,,,,,,,,,,,,,,1,en_sk_219_in_bt,,1,,33150,37090,,5,,,,,,,,,,,,,,,,,16,new! SoftBank 601HW Black 20GB
724,2268,9,7,Yes (+ 50 JPY / Day),Yes (+ 540 JPY),,,[6 Months RENTAL]+[1 Month]+[9 days RENTAL] SoftBank 601HW Black,1,,,,,,,,[221 days RENTAL] SoftBank 601HW Black,sk.jpg,*,sk.jpg,sk.jpg,,,,,,,,,,,,,,,,,,,,,,,1,en_sk_220_in_bt,,1,,33600,37590,,5,,,,,,,,,,,,,,,,,16,new! SoftBank 601HW Black 20GB
725,2269,9,7,Yes (+ 50 JPY / Day),Yes (+ 540 JPY),,,[6 Months RENTAL]+[1 Month]+[10 days RENTAL] SoftBank 601HW Black,1,,,,,,,,[222 days RENTAL] SoftBank 601HW Black,sk.jpg,*,sk.jpg,sk.jpg,,,,,,,,,,,,,,,,,,,,,,,1,en_sk_221_in_bt,,1,,34050,38090,,5,,,,,,,,,,,,,,,,,16,new! SoftBank 601HW Black 20GB
726,2270,9,7,Yes (+ 50 JPY / Day),Yes (+ 540 JPY),,,[6 Months RENTAL]+[1 Month]+[11 days RENTAL] SoftBank 601HW Black,1,,,,,,,,[223 days RENTAL] SoftBank 601HW Black,sk.jpg,*,sk.jpg,sk.jpg,,,,,,,,,,,,,,,,,,,,,,,1,en_sk_222_in_bt,,1,,34500,38590,,5,,,,,,,,,,,,,,,,,16,new! SoftBank 601HW Black 20GB
727,2271,9,7,Yes (+ 50 JPY / Day),Yes (+ 540 JPY),,,[6 Months RENTAL]+[2 Months RENTAL] SoftBank 601HW Black,1,,,,,,,,[224 days RENTAL] SoftBank 601HW Black,sk.jpg,*,sk.jpg,sk.jpg,,,,,,,,,,,,,,,,,,,,,,1,1,en_sk_223_in_bt,,1,,34800,38640,,5,,,,,,,,,,,,,,,,,16,new! SoftBank 601HW Black 20GB
728,2272,9,7,Yes (+ 50 JPY / Day),Yes (+ 540 JPY),,,[6 Months RENTAL]+[2 Months RENTAL] SoftBank 601HW Black,1,,,,,,,,[225 days RENTAL] SoftBank 601HW Black,sk.jpg,*,sk.jpg,sk.jpg,,,,,,,,,,,,,,,,,,,,,,1,1,en_sk_224_in_bt,,1,,34800,38640,,5,,,,,,,,,,,,,,,,,16,new! SoftBank 601HW Black 20GB
729,2273,9,7,Yes (+ 50 JPY / Day),Yes (+ 540 JPY),,,[6 Months RENTAL]+[2 Months RENTAL] SoftBank 601HW Black,1,,,,,,,,[226 days RENTAL] SoftBank 601HW Black,sk.jpg,*,sk.jpg,sk.jpg,,,,,,,,,,,,,,,,,,,,,,1,1,en_sk_225_in_bt,,1,,34800,38640,,5,,,,,,,,,,,,,,,,,16,new! SoftBank 601HW Black 20GB
730,2274,9,7,Yes (+ 50 JPY / Day),Yes (+ 540 JPY),,,[6 Months RENTAL]+[2 Months RENTAL] SoftBank 601HW Black,1,,,,,,,,[227 days RENTAL] SoftBank 601HW Black,sk.jpg,*,sk.jpg,sk.jpg,,,,,,,,,,,,,,,,,,,,,,1,1,en_sk_226_in_bt,,1,,34800,38640,,5,,,,,,,,,,,,,,,,,16,new! SoftBank 601HW Black 20GB
731,2275,9,7,Yes (+ 50 JPY / Day),Yes (+ 540 JPY),,,[6 Months RENTAL]+[2 Months RENTAL] SoftBank 601HW Black,1,,,,,,,,[228 days RENTAL] SoftBank 601HW Black,sk.jpg,*,sk.jpg,sk.jpg,,,,,,,,,,,,,,,,,,,,,,1,1,en_sk_227_in_bt,,1,,34800,38640,,5,,,,,,,,,,,,,,,,,16,new! SoftBank 601HW Black 20GB
732,2276,9,7,Yes (+ 50 JPY / Day),Yes (+ 540 JPY),,,[6 Months RENTAL]+[2 Months RENTAL] SoftBank 601HW Black,1,,,,,,,,[229 days RENTAL] SoftBank 601HW Black,sk.jpg,*,sk.jpg,sk.jpg,,,,,,,,,,,,,,,,,,,,,,1,1,en_sk_228_in_bt,,1,,34800,38640,,5,,,,,,,,,,,,,,,,,16,new! SoftBank 601HW Black 20GB
733,2277,9,7,Yes (+ 50 JPY / Day),Yes (+ 540 JPY),,,[6 Months RENTAL]+[2 Months RENTAL] SoftBank 601HW Black,1,,,,,,,,[230 days RENTAL] SoftBank 601HW Black,sk.jpg,*,sk.jpg,sk.jpg,,,,,,,,,,,,,,,,,,,,,,1,1,en_sk_229_in_bt,,1,,34800,38640,,5,,,,,,,,,,,,,,,,,16,new! SoftBank 601HW Black 20GB
734,2278,9,7,Yes (+ 50 JPY / Day),Yes (+ 540 JPY),,,[6 Months RENTAL]+[2 Months RENTAL] SoftBank 601HW Black,1,,,,,,,,[231 days RENTAL] SoftBank 601HW Black,sk.jpg,*,sk.jpg,sk.jpg,,,,,,,,,,,,,,,,,,,,,,1,1,en_sk_230_in_bt,,1,,34800,38640,,5,,,,,,,,,,,,,,,,,16,new! SoftBank 601HW Black 20GB
735,2279,9,7,Yes (+ 50 JPY / Day),Yes (+ 540 JPY),,,[6 Months RENTAL]+[2 Months RENTAL] SoftBank 601HW Black,1,,,,,,,,[232 days RENTAL] SoftBank 601HW Black,sk.jpg,*,sk.jpg,sk.jpg,,,,,,,,,,,,,,,,,,,,,,1,1,en_sk_231_in_bt,,1,,34800,38640,,5,,,,,,,,,,,,,,,,,16,new! SoftBank 601HW Black 20GB
736,2280,9,7,Yes (+ 50 JPY / Day),Yes (+ 540 JPY),,,[6 Months RENTAL]+[2 Months RENTAL] SoftBank 601HW Black,1,,,,,,,,[233 days RENTAL] SoftBank 601HW Black,sk.jpg,*,sk.jpg,sk.jpg,,,,,,,,,,,,,,,,,,,,,,1,1,en_sk_232_in_bt,,1,,34800,38640,,5,,,,,,,,,,,,,,,,,16,new! SoftBank 601HW Black 20GB
737,2281,9,7,Yes (+ 50 JPY / Day),Yes (+ 540 JPY),,,[6 Months RENTAL]+[2 Months RENTAL] SoftBank 601HW Black,1,,,,,,,,[234 days RENTAL] SoftBank 601HW Black,sk.jpg,*,sk.jpg,sk.jpg,,,,,,,,,,,,,,,,,,,,,,1,1,en_sk_233_in_bt,,1,,34800,38640,,5,,,,,,,,,,,,,,,,,16,new! SoftBank 601HW Black 20GB
738,2282,9,7,Yes (+ 50 JPY / Day),Yes (+ 540 JPY),,,[6 Months RENTAL]+[2 Months RENTAL] SoftBank 601HW Black,1,,,,,,,,[235 days RENTAL] SoftBank 601HW Black,sk.jpg,*,sk.jpg,sk.jpg,,,,,,,,,,,,,,,,,,,,,,1,1,en_sk_234_in_bt,,1,,34800,38640,,5,,,,,,,,,,,,,,,,,16,new! SoftBank 601HW Black 20GB
739,2283,9,7,Yes (+ 50 JPY / Day),Yes (+ 540 JPY),,,[6 Months RENTAL]+[2 Months RENTAL] SoftBank 601HW Black,1,,,,,,,,[236 days RENTAL] SoftBank 601HW Black,sk.jpg,*,sk.jpg,sk.jpg,,,,,,,,,,,,,,,,,,,,,,1,1,en_sk_235_in_bt,,1,,34800,38640,,5,,,,,,,,,,,,,,,,,16,new! SoftBank 601HW Black 20GB
740,2284,9,7,Yes (+ 50 JPY / Day),Yes (+ 540 JPY),,,[6 Months RENTAL]+[2 Months RENTAL] SoftBank 601HW Black,1,,,,,,,,[237 days RENTAL] SoftBank 601HW Black,sk.jpg,*,sk.jpg,sk.jpg,,,,,,,,,,,,,,,,,,,,,,1,1,en_sk_236_in_bt,,1,,34800,38640,,5,,,,,,,,,,,,,,,,,16,new! SoftBank 601HW Black 20GB
741,2285,9,7,Yes (+ 50 JPY / Day),Yes (+ 540 JPY),,,[6 Months RENTAL]+[2 Months RENTAL] SoftBank 601HW Black,1,,,,,,,,[238 days RENTAL] SoftBank 601HW Black,sk.jpg,*,sk.jpg,sk.jpg,,,,,,,,,,,,,,,,,,,,,,1,1,en_sk_237_in_bt,,1,,34800,38640,,5,,,,,,,,,,,,,,,,,16,new! SoftBank 601HW Black 20GB
742,2286,9,7,Yes (+ 50 JPY / Day),Yes (+ 540 JPY),,,[6 Months RENTAL]+[2 Months RENTAL] SoftBank 601HW Black,1,,,,,,,,[239 days RENTAL] SoftBank 601HW Black,sk.jpg,*,sk.jpg,sk.jpg,,,,,,,,,,,,,,,,,,,,,,1,1,en_sk_238_in_bt,,1,,34800,38640,,5,,,,,,,,,,,,,,,,,16,new! SoftBank 601HW Black 20GB
743,2287,9,7,Yes (+ 50 JPY / Day),Yes (+ 540 JPY),,,[6 Months RENTAL]+[2 Months RENTAL] SoftBank 601HW Black,1,,,,,,,,[240 days RENTAL] SoftBank 601HW Black,sk.jpg,*,sk.jpg,sk.jpg,,,,,,,,,,,,,,,,,,,,,,1,1,en_sk_239_in_bt,,1,,34800,38640,,5,,,,,,,,,,,,,,,,,16,new! SoftBank 601HW Black 20GB
744,2288,9,7,Yes (+ 50 JPY / Day),Yes (+ 540 JPY),,,[6 Months RENTAL]+[2 Months RENTAL] SoftBank 601HW Black,1,,,,,,,,[241 days RENTAL] SoftBank 601HW Black,sk.jpg,*,sk.jpg,sk.jpg,,,,,,,,,,,,,,,,,,,,,,1,1,en_sk_240_in_bt,,1,,34800,38640,,5,,,,,,,,,,,,,,,,,16,new! SoftBank 601HW Black 20GB
745,2289,9,7,Yes (+ 50 JPY / Day),Yes (+ 540 JPY),,,[6 Months RENTAL]+[2 Months RENTAL] SoftBank 601HW Black,1,,,,,,,,[242 days RENTAL] SoftBank 601HW Black,sk.jpg,*,sk.jpg,sk.jpg,,,,,,,,,,,,,,,,,,,,,,,1,en_sk_241_in_bt,,1,,34800,38640,,5,,,,,,,,,,,,,,,,,16,new! SoftBank 601HW Black 20GB
746,2290,9,7,Yes (+ 50 JPY / Day),Yes (+ 540 JPY),,,[6 Months RENTAL]+[2 Months RENTAL]+[1 day RENTAL] SoftBank 601HW Black,1,,,,,,,,[243 days RENTAL] SoftBank 601HW Black,sk.jpg,*,sk.jpg,sk.jpg,,,,,,,,,,,,,,,,,,,,,,,1,en_sk_242_in_bt,,1,,35250,39140,,5,,,,,,,,,,,,,,,,,16,new! SoftBank 601HW Black 20GB
747,2291,9,7,Yes (+ 50 JPY / Day),Yes (+ 540 JPY),,,[6 Months RENTAL]+[2 Months RENTAL]+[2 days RENTAL] SoftBank 601HW Black,1,,,,,,,,[244 days RENTAL] SoftBank 601HW Black,sk.jpg,*,sk.jpg,sk.jpg,,,,,,,,,,,,,,,,,,,,,,,1,en_sk_243_in_bt,,1,,35700,39640,,5,,,,,,,,,,,,,,,,,16,new! SoftBank 601HW Black 20GB
748,2292,9,7,Yes (+ 50 JPY / Day),Yes (+ 540 JPY),,,[6 Months RENTAL]+[2 Months RENTAL]+[3 days RENTAL] SoftBank 601HW Black,1,,,,,,,,[245 days RENTAL] SoftBank 601HW Black,sk.jpg,*,sk.jpg,sk.jpg,,,,,,,,,,,,,,,,,,,,,,,1,en_sk_244_in_bt,,1,,36150,40140,,5,,,,,,,,,,,,,,,,,16,new! SoftBank 601HW Black 20GB
749,2293,9,7,Yes (+ 50 JPY / Day),Yes (+ 540 JPY),,,[6 Months RENTAL]+[2 Months RENTAL]+[4 days RENTAL] SoftBank 601HW Black,1,,,,,,,,[246 days RENTAL] SoftBank 601HW Black,sk.jpg,*,sk.jpg,sk.jpg,,,,,,,,,,,,,,,,,,,,,,,1,en_sk_245_in_bt,,1,,36600,40640,,5,,,,,,,,,,,,,,,,,16,new! SoftBank 601HW Black 20GB
750,2294,9,7,Yes (+ 50 JPY / Day),Yes (+ 540 JPY),,,[6 Months RENTAL]+[2 Months RENTAL]+[5 days RENTAL] SoftBank 601HW Black,1,,,,,,,,[247 days RENTAL] SoftBank 601HW Black,sk.jpg,*,sk.jpg,sk.jpg,,,,,,,,,,,,,,,,,,,,,,,1,en_sk_246_in_bt,,1,,37050,41140,,5,,,,,,,,,,,,,,,,,16,new! SoftBank 601HW Black 20GB
751,2295,9,7,Yes (+ 50 JPY / Day),Yes (+ 540 JPY),,,[6 Months RENTAL]+[2 Months RENTAL]+[6 days RENTAL] SoftBank 601HW Black,1,,,,,,,,[248 days RENTAL] SoftBank 601HW Black,sk.jpg,*,sk.jpg,sk.jpg,,,,,,,,,,,,,,,,,,,,,,,1,en_sk_247_in_bt,,1,,37500,41640,,5,,,,,,,,,,,,,,,,,16,new! SoftBank 601HW Black 20GB
752,2296,9,7,Yes (+ 50 JPY / Day),Yes (+ 540 JPY),,,[6 Months RENTAL]+[2 Months RENTAL]+[7 days RENTAL] SoftBank 601HW Black,1,,,,,,,,[249 days RENTAL] SoftBank 601HW Black,sk.jpg,*,sk.jpg,sk.jpg,,,,,,,,,,,,,,,,,,,,,,,1,en_sk_248_in_bt,,1,,37950,42140,,5,,,,,,,,,,,,,,,,,16,new! SoftBank 601HW Black 20GB
753,2297,9,7,Yes (+ 50 JPY / Day),Yes (+ 540 JPY),,,[6 Months RENTAL]+[2 Months RENTAL]+[8 days RENTAL] SoftBank 601HW Black,1,,,,,,,,[250 days RENTAL] SoftBank 601HW Black,sk.jpg,*,sk.jpg,sk.jpg,,,,,,,,,,,,,,,,,,,,,,,1,en_sk_249_in_bt,,1,,38400,42640,,5,,,,,,,,,,,,,,,,,16,new! SoftBank 601HW Black 20GB
754,2298,9,7,Yes (+ 50 JPY / Day),Yes (+ 540 JPY),,,[6 Months RENTAL]+[2 Months RENTAL]+[9 days RENTAL] SoftBank 601HW Black,1,,,,,,,,[251 days RENTAL] SoftBank 601HW Black,sk.jpg,*,sk.jpg,sk.jpg,,,,,,,,,,,,,,,,,,,,,,,1,en_sk_250_in_bt,,1,,38850,43140,,5,,,,,,,,,,,,,,,,,16,new! SoftBank 601HW Black 20GB
755,2299,9,7,Yes (+ 50 JPY / Day),Yes (+ 540 JPY),,,[6 Months RENTAL]+[2 Months RENTAL]+[10 days RENTAL] SoftBank 601HW Black,1,,,,,,,,[252 days RENTAL] SoftBank 601HW Black,sk.jpg,*,sk.jpg,sk.jpg,,,,,,,,,,,,,,,,,,,,,,,1,en_sk_251_in_bt,,1,,39300,43640,,5,,,,,,,,,,,,,,,,,16,new! SoftBank 601HW Black 20GB
756,2300,9,7,Yes (+ 50 JPY / Day),Yes (+ 540 JPY),,,[6 Months RENTAL]+[3 Months RENTAL] SoftBank 601HW Black,1,,,,,,,,[253 days RENTAL] SoftBank 601HW Black,sk.jpg,*,sk.jpg,sk.jpg,,,,,,,,,,,,,,,,,,,,,,1,1,en_sk_252_in_bt,,1,,39600,43740,,5,,,,,,,,,,,,,,,,,16,new! SoftBank 601HW Black 20GB
757,2301,9,7,Yes (+ 50 JPY / Day),Yes (+ 540 JPY),,,[6 Months RENTAL]+[3 Months RENTAL] SoftBank 601HW Black,1,,,,,,,,[254 days RENTAL] SoftBank 601HW Black,sk.jpg,*,sk.jpg,sk.jpg,,,,,,,,,,,,,,,,,,,,,,1,1,en_sk_253_in_bt,,1,,39600,43740,,5,,,,,,,,,,,,,,,,,16,new! SoftBank 601HW Black 20GB
758,2302,9,7,Yes (+ 50 JPY / Day),Yes (+ 540 JPY),,,[6 Months RENTAL]+[3 Months RENTAL] SoftBank 601HW Black,1,,,,,,,,[255 days RENTAL] SoftBank 601HW Black,sk.jpg,*,sk.jpg,sk.jpg,,,,,,,,,,,,,,,,,,,,,,1,1,en_sk_254_in_bt,,1,,39600,43740,,5,,,,,,,,,,,,,,,,,16,new! SoftBank 601HW Black 20GB
759,2303,9,7,Yes (+ 50 JPY / Day),Yes (+ 540 JPY),,,[6 Months RENTAL]+[3 Months RENTAL] SoftBank 601HW Black,1,,,,,,,,[256 days RENTAL] SoftBank 601HW Black,sk.jpg,*,sk.jpg,sk.jpg,,,,,,,,,,,,,,,,,,,,,,1,1,en_sk_255_in_bt,,1,,39600,43740,,5,,,,,,,,,,,,,,,,,16,new! SoftBank 601HW Black 20GB
760,2304,9,7,Yes (+ 50 JPY / Day),Yes (+ 540 JPY),,,[6 Months RENTAL]+[3 Months RENTAL] SoftBank 601HW Black,1,,,,,,,,[257 days RENTAL] SoftBank 601HW Black,sk.jpg,*,sk.jpg,sk.jpg,,,,,,,,,,,,,,,,,,,,,,1,1,en_sk_256_in_bt,,1,,39600,43740,,5,,,,,,,,,,,,,,,,,16,new! SoftBank 601HW Black 20GB
761,2305,9,7,Yes (+ 50 JPY / Day),Yes (+ 540 JPY),,,[6 Months RENTAL]+[3 Months RENTAL] SoftBank 601HW Black,1,,,,,,,,[258 days RENTAL] SoftBank 601HW Black,sk.jpg,*,sk.jpg,sk.jpg,,,,,,,,,,,,,,,,,,,,,,1,1,en_sk_257_in_bt,,1,,39600,43740,,5,,,,,,,,,,,,,,,,,16,new! SoftBank 601HW Black 20GB
762,2306,9,7,Yes (+ 50 JPY / Day),Yes (+ 540 JPY),,,[6 Months RENTAL]+[3 Months RENTAL] SoftBank 601HW Black,1,,,,,,,,[259 days RENTAL] SoftBank 601HW Black,sk.jpg,*,sk.jpg,sk.jpg,,,,,,,,,,,,,,,,,,,,,,1,1,en_sk_258_in_bt,,1,,39600,43740,,5,,,,,,,,,,,,,,,,,16,new! SoftBank 601HW Black 20GB
763,2307,9,7,Yes (+ 50 JPY / Day),Yes (+ 540 JPY),,,[6 Months RENTAL]+[3 Months RENTAL] SoftBank 601HW Black,1,,,,,,,,[260 days RENTAL] SoftBank 601HW Black,sk.jpg,*,sk.jpg,sk.jpg,,,,,,,,,,,,,,,,,,,,,,1,1,en_sk_259_in_bt,,1,,39600,43740,,5,,,,,,,,,,,,,,,,,16,new! SoftBank 601HW Black 20GB
764,2308,9,7,Yes (+ 50 JPY / Day),Yes (+ 540 JPY),,,[6 Months RENTAL]+[3 Months RENTAL] SoftBank 601HW Black,1,,,,,,,,[261 days RENTAL] SoftBank 601HW Black,sk.jpg,*,sk.jpg,sk.jpg,,,,,,,,,,,,,,,,,,,,,,1,1,en_sk_260_in_bt,,1,,39600,43740,,5,,,,,,,,,,,,,,,,,16,new! SoftBank 601HW Black 20GB
765,2309,9,7,Yes (+ 50 JPY / Day),Yes (+ 540 JPY),,,[6 Months RENTAL]+[3 Months RENTAL] SoftBank 601HW Black,1,,,,,,,,[262 days RENTAL] SoftBank 601HW Black,sk.jpg,*,sk.jpg,sk.jpg,,,,,,,,,,,,,,,,,,,,,,1,1,en_sk_261_in_bt,,1,,39600,43740,,5,,,,,,,,,,,,,,,,,16,new! SoftBank 601HW Black 20GB
766,2310,9,7,Yes (+ 50 JPY / Day),Yes (+ 540 JPY),,,[6 Months RENTAL]+[3 Months RENTAL] SoftBank 601HW Black,1,,,,,,,,[263 days RENTAL] SoftBank 601HW Black,sk.jpg,*,sk.jpg,sk.jpg,,,,,,,,,,,,,,,,,,,,,,1,1,en_sk_262_in_bt,,1,,39600,43740,,5,,,,,,,,,,,,,,,,,16,new! SoftBank 601HW Black 20GB
767,2311,9,7,Yes (+ 50 JPY / Day),Yes (+ 540 JPY),,,[6 Months RENTAL]+[3 Months RENTAL] SoftBank 601HW Black,1,,,,,,,,[264 days RENTAL] SoftBank 601HW Black,sk.jpg,*,sk.jpg,sk.jpg,,,,,,,,,,,,,,,,,,,,,,1,1,en_sk_263_in_bt,,1,,39600,43740,,5,,,,,,,,,,,,,,,,,16,new! SoftBank 601HW Black 20GB
768,2312,9,7,Yes (+ 50 JPY / Day),Yes (+ 540 JPY),,,[6 Months RENTAL]+[3 Months RENTAL] SoftBank 601HW Black,1,,,,,,,,[265 days RENTAL] SoftBank 601HW Black,sk.jpg,*,sk.jpg,sk.jpg,,,,,,,,,,,,,,,,,,,,,,1,1,en_sk_264_in_bt,,1,,39600,43740,,5,,,,,,,,,,,,,,,,,16,new! SoftBank 601HW Black 20GB
769,2313,9,7,Yes (+ 50 JPY / Day),Yes (+ 540 JPY),,,[6 Months RENTAL]+[3 Months RENTAL] SoftBank 601HW Black,1,,,,,,,,[266 days RENTAL] SoftBank 601HW Black,sk.jpg,*,sk.jpg,sk.jpg,,,,,,,,,,,,,,,,,,,,,,1,1,en_sk_265_in_bt,,1,,39600,43740,,5,,,,,,,,,,,,,,,,,16,new! SoftBank 601HW Black 20GB
770,2314,9,7,Yes (+ 50 JPY / Day),Yes (+ 540 JPY),,,[6 Months RENTAL]+[3 Months RENTAL] SoftBank 601HW Black,1,,,,,,,,[267 days RENTAL] SoftBank 601HW Black,sk.jpg,*,sk.jpg,sk.jpg,,,,,,,,,,,,,,,,,,,,,,1,1,en_sk_266_in_bt,,1,,39600,43740,,5,,,,,,,,,,,,,,,,,16,new! SoftBank 601HW Black 20GB
771,2315,9,7,Yes (+ 50 JPY / Day),Yes (+ 540 JPY),,,[6 Months RENTAL]+[3 Months RENTAL] SoftBank 601HW Black,1,,,,,,,,[268 days RENTAL] SoftBank 601HW Black,sk.jpg,*,sk.jpg,sk.jpg,,,,,,,,,,,,,,,,,,,,,,1,1,en_sk_267_in_bt,,1,,39600,43740,,5,,,,,,,,,,,,,,,,,16,new! SoftBank 601HW Black 20GB
772,2316,9,7,Yes (+ 50 JPY / Day),Yes (+ 540 JPY),,,[6 Months RENTAL]+[3 Months RENTAL] SoftBank 601HW Black,1,,,,,,,,[269 days RENTAL] SoftBank 601HW Black,sk.jpg,*,sk.jpg,sk.jpg,,,,,,,,,,,,,,,,,,,,,,1,1,en_sk_268_in_bt,,1,,39600,43740,,5,,,,,,,,,,,,,,,,,16,new! SoftBank 601HW Black 20GB
773,2317,9,7,Yes (+ 50 JPY / Day),Yes (+ 540 JPY),,,[6 Months RENTAL]+[3 Months RENTAL] SoftBank 601HW Black,1,,,,,,,,[270 days RENTAL] SoftBank 601HW Black,sk.jpg,*,sk.jpg,sk.jpg,,,,,,,,,,,,,,,,,,,,,,1,1,en_sk_269_in_bt,,1,,39600,43740,,5,,,,,,,,,,,,,,,,,16,new! SoftBank 601HW Black 20GB
774,2318,9,7,Yes (+ 50 JPY / Day),Yes (+ 540 JPY),,,[6 Months RENTAL]+[3 Months RENTAL] SoftBank 601HW Black,1,,,,,,,,[271 days RENTAL] SoftBank 601HW Black,sk.jpg,*,sk.jpg,sk.jpg,,,,,,,,,,,,,,,,,,,,,,1,1,en_sk_270_in_bt,,1,,39600,43740,,5,,,,,,,,,,,,,,,,,16,new! SoftBank 601HW Black 20GB
775,2319,9,7,Yes (+ 50 JPY / Day),Yes (+ 540 JPY),,,[6 Months RENTAL]+[3 Months RENTAL] SoftBank 601HW Black,1,,,,,,,,[272 days RENTAL] SoftBank 601HW Black,sk.jpg,*,sk.jpg,sk.jpg,,,,,,,,,,,,,,,,,,,,,,,1,en_sk_271_in_bt,,1,,39600,43740,,5,,,,,,,,,,,,,,,,,16,new! SoftBank 601HW Black 20GB
776,2320,9,7,Yes (+ 50 JPY / Day),Yes (+ 540 JPY),,,[6 Months RENTAL]+[3 Months RENTAL]+[1 day RENTAL] SoftBank 601HW Black,1,,,,,,,,[273 days RENTAL] SoftBank 601HW Black,sk.jpg,*,sk.jpg,sk.jpg,,,,,,,,,,,,,,,,,,,,,,,1,en_sk_272_in_bt,,1,,40050,44240,,5,,,,,,,,,,,,,,,,,16,new! SoftBank 601HW Black 20GB
777,2321,9,7,Yes (+ 50 JPY / Day),Yes (+ 540 JPY),,,[6 Months RENTAL]+[3 Months RENTAL]+[2 days RENTAL] SoftBank 601HW Black,1,,,,,,,,[274 days RENTAL] SoftBank 601HW Black,sk.jpg,*,sk.jpg,sk.jpg,,,,,,,,,,,,,,,,,,,,,,,1,en_sk_273_in_bt,,1,,40500,44740,,5,,,,,,,,,,,,,,,,,16,new! SoftBank 601HW Black 20GB
778,2322,9,7,Yes (+ 50 JPY / Day),Yes (+ 540 JPY),,,[6 Months RENTAL]+[3 Months RENTAL]+[3 days RENTAL] SoftBank 601HW Black,1,,,,,,,,[275 days RENTAL] SoftBank 601HW Black,sk.jpg,*,sk.jpg,sk.jpg,,,,,,,,,,,,,,,,,,,,,,,1,en_sk_274_in_bt,,1,,40950,45240,,5,,,,,,,,,,,,,,,,,16,new! SoftBank 601HW Black 20GB
779,2323,9,7,Yes (+ 50 JPY / Day),Yes (+ 540 JPY),,,[6 Months RENTAL]+[3 Months RENTAL]+[4 days RENTAL] SoftBank 601HW Black,1,,,,,,,,[276 days RENTAL] SoftBank 601HW Black,sk.jpg,*,sk.jpg,sk.jpg,,,,,,,,,,,,,,,,,,,,,,,1,en_sk_275_in_bt,,1,,41400,45740,,5,,,,,,,,,,,,,,,,,16,new! SoftBank 601HW Black 20GB
780,2324,9,7,Yes (+ 50 JPY / Day),Yes (+ 540 JPY),,,[6 Months RENTAL]+[4 Months RENTAL] SoftBank 601HW Black,1,,,,,,,,[277 days RENTAL] SoftBank 601HW Black,sk.jpg,*,sk.jpg,sk.jpg,,,,,,,,,,,,,,,,,,,,,,1,1,en_sk_276_in_bt,,1,,41600,46040,,5,,,,,,,,,,,,,,,,,16,new! SoftBank 601HW Black 20GB
781,2325,9,7,Yes (+ 50 JPY / Day),Yes (+ 540 JPY),,,[6 Months RENTAL]+[4 Months RENTAL] SoftBank 601HW Black,1,,,,,,,,[278 days RENTAL] SoftBank 601HW Black,sk.jpg,*,sk.jpg,sk.jpg,,,,,,,,,,,,,,,,,,,,,,1,1,en_sk_277_in_bt,,1,,41600,46040,,5,,,,,,,,,,,,,,,,,16,new! SoftBank 601HW Black 20GB
782,2326,9,7,Yes (+ 50 JPY / Day),Yes (+ 540 JPY),,,[6 Months RENTAL]+[4 Months RENTAL] SoftBank 601HW Black,1,,,,,,,,[279 days RENTAL] SoftBank 601HW Black,sk.jpg,*,sk.jpg,sk.jpg,,,,,,,,,,,,,,,,,,,,,,1,1,en_sk_278_in_bt,,1,,41600,46040,,5,,,,,,,,,,,,,,,,,16,new! SoftBank 601HW Black 20GB
783,2327,9,7,Yes (+ 50 JPY / Day),Yes (+ 540 JPY),,,[6 Months RENTAL]+[4 Months RENTAL] SoftBank 601HW Black,1,,,,,,,,[280 days RENTAL] SoftBank 601HW Black,sk.jpg,*,sk.jpg,sk.jpg,,,,,,,,,,,,,,,,,,,,,,1,1,en_sk_279_in_bt,,1,,41600,46040,,5,,,,,,,,,,,,,,,,,16,new! SoftBank 601HW Black 20GB
784,2328,9,7,Yes (+ 50 JPY / Day),Yes (+ 540 JPY),,,[6 Months RENTAL]+[4 Months RENTAL] SoftBank 601HW Black,1,,,,,,,,[281 days RENTAL] SoftBank 601HW Black,sk.jpg,*,sk.jpg,sk.jpg,,,,,,,,,,,,,,,,,,,,,,1,1,en_sk_280_in_bt,,1,,41600,46040,,5,,,,,,,,,,,,,,,,,16,new! SoftBank 601HW Black 20GB
785,2329,9,7,Yes (+ 50 JPY / Day),Yes (+ 540 JPY),,,[6 Months RENTAL]+[4 Months RENTAL] SoftBank 601HW Black,1,,,,,,,,[282 days RENTAL] SoftBank 601HW Black,sk.jpg,*,sk.jpg,sk.jpg,,,,,,,,,,,,,,,,,,,,,,1,1,en_sk_281_in_bt,,1,,41600,46040,,5,,,,,,,,,,,,,,,,,16,new! SoftBank 601HW Black 20GB
786,2330,9,7,Yes (+ 50 JPY / Day),Yes (+ 540 JPY),,,[6 Months RENTAL]+[4 Months RENTAL] SoftBank 601HW Black,1,,,,,,,,[283 days RENTAL] SoftBank 601HW Black,sk.jpg,*,sk.jpg,sk.jpg,,,,,,,,,,,,,,,,,,,,,,1,1,en_sk_282_in_bt,,1,,41600,46040,,5,,,,,,,,,,,,,,,,,16,new! SoftBank 601HW Black 20GB
787,2331,9,7,Yes (+ 50 JPY / Day),Yes (+ 540 JPY),,,[6 Months RENTAL]+[4 Months RENTAL] SoftBank 601HW Black,1,,,,,,,,[284 days RENTAL] SoftBank 601HW Black,sk.jpg,*,sk.jpg,sk.jpg,,,,,,,,,,,,,,,,,,,,,,1,1,en_sk_283_in_bt,,1,,41600,46040,,5,,,,,,,,,,,,,,,,,16,new! SoftBank 601HW Black 20GB
788,2332,9,7,Yes (+ 50 JPY / Day),Yes (+ 540 JPY),,,[6 Months RENTAL]+[4 Months RENTAL] SoftBank 601HW Black,1,,,,,,,,[285 days RENTAL] SoftBank 601HW Black,sk.jpg,*,sk.jpg,sk.jpg,,,,,,,,,,,,,,,,,,,,,,1,1,en_sk_284_in_bt,,1,,41600,46040,,5,,,,,,,,,,,,,,,,,16,new! SoftBank 601HW Black 20GB
789,2333,9,7,Yes (+ 50 JPY / Day),Yes (+ 540 JPY),,,[6 Months RENTAL]+[4 Months RENTAL] SoftBank 601HW Black,1,,,,,,,,[286 days RENTAL] SoftBank 601HW Black,sk.jpg,*,sk.jpg,sk.jpg,,,,,,,,,,,,,,,,,,,,,,1,1,en_sk_285_in_bt,,1,,41600,46040,,5,,,,,,,,,,,,,,,,,16,new! SoftBank 601HW Black 20GB
790,2334,9,7,Yes (+ 50 JPY / Day),Yes (+ 540 JPY),,,[6 Months RENTAL]+[4 Months RENTAL] SoftBank 601HW Black,1,,,,,,,,[287 days RENTAL] SoftBank 601HW Black,sk.jpg,*,sk.jpg,sk.jpg,,,,,,,,,,,,,,,,,,,,,,1,1,en_sk_286_in_bt,,1,,41600,46040,,5,,,,,,,,,,,,,,,,,16,new! SoftBank 601HW Black 20GB
791,2335,9,7,Yes (+ 50 JPY / Day),Yes (+ 540 JPY),,,[6 Months RENTAL]+[4 Months RENTAL] SoftBank 601HW Black,1,,,,,,,,[288 days RENTAL] SoftBank 601HW Black,sk.jpg,*,sk.jpg,sk.jpg,,,,,,,,,,,,,,,,,,,,,,1,1,en_sk_287_in_bt,,1,,41600,46040,,5,,,,,,,,,,,,,,,,,16,new! SoftBank 601HW Black 20GB
792,2336,9,7,Yes (+ 50 JPY / Day),Yes (+ 540 JPY),,,[6 Months RENTAL]+[4 Months RENTAL] SoftBank 601HW Black,1,,,,,,,,[289 days RENTAL] SoftBank 601HW Black,sk.jpg,*,sk.jpg,sk.jpg,,,,,,,,,,,,,,,,,,,,,,1,1,en_sk_288_in_bt,,1,,41600,46040,,5,,,,,,,,,,,,,,,,,16,new! SoftBank 601HW Black 20GB
793,2337,9,7,Yes (+ 50 JPY / Day),Yes (+ 540 JPY),,,[6 Months RENTAL]+[4 Months RENTAL] SoftBank 601HW Black,1,,,,,,,,[290 days RENTAL] SoftBank 601HW Black,sk.jpg,*,sk.jpg,sk.jpg,,,,,,,,,,,,,,,,,,,,,,1,1,en_sk_289_in_bt,,1,,41600,46040,,5,,,,,,,,,,,,,,,,,16,new! SoftBank 601HW Black 20GB
794,2338,9,7,Yes (+ 50 JPY / Day),Yes (+ 540 JPY),,,[6 Months RENTAL]+[4 Months RENTAL] SoftBank 601HW Black,1,,,,,,,,[291 days RENTAL] SoftBank 601HW Black,sk.jpg,*,sk.jpg,sk.jpg,,,,,,,,,,,,,,,,,,,,,,1,1,en_sk_290_in_bt,,1,,41600,46040,,5,,,,,,,,,,,,,,,,,16,new! SoftBank 601HW Black 20GB
795,2339,9,7,Yes (+ 50 JPY / Day),Yes (+ 540 JPY),,,[6 Months RENTAL]+[4 Months RENTAL] SoftBank 601HW Black,1,,,,,,,,[292 days RENTAL] SoftBank 601HW Black,sk.jpg,*,sk.jpg,sk.jpg,,,,,,,,,,,,,,,,,,,,,,1,1,en_sk_291_in_bt,,1,,41600,46040,,5,,,,,,,,,,,,,,,,,16,new! SoftBank 601HW Black 20GB
796,2340,9,7,Yes (+ 50 JPY / Day),Yes (+ 540 JPY),,,[6 Months RENTAL]+[4 Months RENTAL] SoftBank 601HW Black,1,,,,,,,,[293 days RENTAL] SoftBank 601HW Black,sk.jpg,*,sk.jpg,sk.jpg,,,,,,,,,,,,,,,,,,,,,,1,1,en_sk_292_in_bt,,1,,41600,46040,,5,,,,,,,,,,,,,,,,,16,new! SoftBank 601HW Black 20GB
797,2341,9,7,Yes (+ 50 JPY / Day),Yes (+ 540 JPY),,,[6 Months RENTAL]+[4 Months RENTAL] SoftBank 601HW Black,1,,,,,,,,[294 days RENTAL] SoftBank 601HW Black,sk.jpg,*,sk.jpg,sk.jpg,,,,,,,,,,,,,,,,,,,,,,1,1,en_sk_293_in_bt,,1,,41600,46040,,5,,,,,,,,,,,,,,,,,16,new! SoftBank 601HW Black 20GB
798,2342,9,7,Yes (+ 50 JPY / Day),Yes (+ 540 JPY),,,[6 Months RENTAL]+[4 Months RENTAL] SoftBank 601HW Black,1,,,,,,,,[295 days RENTAL] SoftBank 601HW Black,sk.jpg,*,sk.jpg,sk.jpg,,,,,,,,,,,,,,,,,,,,,,1,1,en_sk_294_in_bt,,1,,41600,46040,,5,,,,,,,,,,,,,,,,,16,new! SoftBank 601HW Black 20GB
799,2343,9,7,Yes (+ 50 JPY / Day),Yes (+ 540 JPY),,,[6 Months RENTAL]+[4 Months RENTAL] SoftBank 601HW Black,1,,,,,,,,[296 days RENTAL] SoftBank 601HW Black,sk.jpg,*,sk.jpg,sk.jpg,,,,,,,,,,,,,,,,,,,,,,1,1,en_sk_295_in_bt,,1,,41600,46040,,5,,,,,,,,,,,,,,,,,16,new! SoftBank 601HW Black 20GB
800,2344,9,7,Yes (+ 50 JPY / Day),Yes (+ 540 JPY),,,[6 Months RENTAL]+[4 Months RENTAL] SoftBank 601HW Black,1,,,,,,,,[297 days RENTAL] SoftBank 601HW Black,sk.jpg,*,sk.jpg,sk.jpg,,,,,,,,,,,,,,,,,,,,,,1,1,en_sk_296_in_bt,,1,,41600,46040,,5,,,,,,,,,,,,,,,,,16,new! SoftBank 601HW Black 20GB
801,2345,9,7,Yes (+ 50 JPY / Day),Yes (+ 540 JPY),,,[6 Months RENTAL]+[4 Months RENTAL] SoftBank 601HW Black,1,,,,,,,,[298 days RENTAL] SoftBank 601HW Black,sk.jpg,*,sk.jpg,sk.jpg,,,,,,,,,,,,,,,,,,,,,,1,1,en_sk_297_in_bt,,1,,41600,46040,,5,,,,,,,,,,,,,,,,,16,new! SoftBank 601HW Black 20GB
802,2346,9,7,Yes (+ 50 JPY / Day),Yes (+ 540 JPY),,,[6 Months RENTAL]+[4 Months RENTAL] SoftBank 601HW Black,1,,,,,,,,[299 days RENTAL] SoftBank 601HW Black,sk.jpg,*,sk.jpg,sk.jpg,,,,,,,,,,,,,,,,,,,,,,1,1,en_sk_298_in_bt,,1,,41600,46040,,5,,,,,,,,,,,,,,,,,16,new! SoftBank 601HW Black 20GB
803,2347,9,7,Yes (+ 50 JPY / Day),Yes (+ 540 JPY),,,[6 Months RENTAL]+[4 Months RENTAL] SoftBank 601HW Black,1,,,,,,,,[300 days RENTAL] SoftBank 601HW Black,sk.jpg,*,sk.jpg,sk.jpg,,,,,,,,,,,,,,,,,,,,,,1,1,en_sk_299_in_bt,,1,,41600,46040,,5,,,,,,,,,,,,,,,,,16,new! SoftBank 601HW Black 20GB
804,2348,9,7,Yes (+ 50 JPY / Day),Yes (+ 540 JPY),,,[6 Months RENTAL]+[4 Months RENTAL] SoftBank 601HW Black,1,,,,,,,,[301 days RENTAL] SoftBank 601HW Black,sk.jpg,*,sk.jpg,sk.jpg,,,,,,,,,,,,,,,,,,,,,,1,1,en_sk_300_in_bt,,1,,41600,46040,,5,,,,,,,,,,,,,,,,,16,new! SoftBank 601HW Black 20GB
805,2349,9,7,Yes (+ 50 JPY / Day),Yes (+ 540 JPY),,,[6 Months RENTAL]+[4 Months RENTAL] SoftBank 601HW Black,1,,,,,,,,[302 days RENTAL] SoftBank 601HW Black,sk.jpg,*,sk.jpg,sk.jpg,,,,,,,,,,,,,,,,,,,,,,,1,en_sk_301_in_bt,,1,,41600,46040,,5,,,,,,,,,,,,,,,,,16,new! SoftBank 601HW Black 20GB
806,2350,9,7,Yes (+ 50 JPY / Day),Yes (+ 540 JPY),,,[6 Months RENTAL]+[4 Months RENTAL]+[1 day RENTAL] SoftBank 601HW Black,1,,,,,,,,[303 days RENTAL] SoftBank 601HW Black,sk.jpg,*,sk.jpg,sk.jpg,,,,,,,,,,,,,,,,,,,,,,,1,en_sk_302_in_bt,,1,,42050,46540,,5,,,,,,,,,,,,,,,,,16,new! SoftBank 601HW Black 20GB
807,2351,9,7,Yes (+ 50 JPY / Day),Yes (+ 540 JPY),,,[6 Months RENTAL]+[4 Months RENTAL]+[2 days RENTAL] SoftBank 601HW Black,1,,,,,,,,[304 days RENTAL] SoftBank 601HW Black,sk.jpg,*,sk.jpg,sk.jpg,,,,,,,,,,,,,,,,,,,,,,,1,en_sk_303_in_bt,,1,,42500,47040,,5,,,,,,,,,,,,,,,,,16,new! SoftBank 601HW Black 20GB
808,2352,9,7,Yes (+ 50 JPY / Day),Yes (+ 540 JPY),,,[6 Months RENTAL]+[4 Months RENTAL]+[3 days RENTAL] SoftBank 601HW Black,1,,,,,,,,[305 days RENTAL] SoftBank 601HW Black,sk.jpg,*,sk.jpg,sk.jpg,,,,,,,,,,,,,,,,,,,,,,,1,en_sk_304_in_bt,,1,,42950,47540,,5,,,,,,,,,,,,,,,,,16,new! SoftBank 601HW Black 20GB
809,2353,9,7,Yes (+ 50 JPY / Day),Yes (+ 540 JPY),,,[6 Months RENTAL]+[4 Months RENTAL]+[4 days RENTAL] SoftBank 601HW Black,1,,,,,,,,[306 days RENTAL] SoftBank 601HW Black,sk.jpg,*,sk.jpg,sk.jpg,,,,,,,,,,,,,,,,,,,,,,,1,en_sk_305_in_bt,,1,,43400,48040,,5,,,,,,,,,,,,,,,,,16,new! SoftBank 601HW Black 20GB
810,2354,9,7,Yes (+ 50 JPY / Day),Yes (+ 540 JPY),,,[6 Months RENTAL]+[5 Months RENTAL] SoftBank 601HW Black,1,,,,,,,,[307 days RENTAL] SoftBank 601HW Black,sk.jpg,*,sk.jpg,sk.jpg,,,,,,,,,,,,,,,,,,,,,,1,1,en_sk_306_in_bt,,1,,43600,48340,,5,,,,,,,,,,,,,,,,,16,new! SoftBank 601HW Black 20GB
811,2355,9,7,Yes (+ 50 JPY / Day),Yes (+ 540 JPY),,,[6 Months RENTAL]+[5 Months RENTAL] SoftBank 601HW Black,1,,,,,,,,[308 days RENTAL] SoftBank 601HW Black,sk.jpg,*,sk.jpg,sk.jpg,,,,,,,,,,,,,,,,,,,,,,1,1,en_sk_307_in_bt,,1,,43600,48340,,5,,,,,,,,,,,,,,,,,16,new! SoftBank 601HW Black 20GB
812,2356,9,7,Yes (+ 50 JPY / Day),Yes (+ 540 JPY),,,[6 Months RENTAL]+[5 Months RENTAL] SoftBank 601HW Black,1,,,,,,,,[309 days RENTAL] SoftBank 601HW Black,sk.jpg,*,sk.jpg,sk.jpg,,,,,,,,,,,,,,,,,,,,,,1,1,en_sk_308_in_bt,,1,,43600,48340,,5,,,,,,,,,,,,,,,,,16,new! SoftBank 601HW Black 20GB
813,2357,9,7,Yes (+ 50 JPY / Day),Yes (+ 540 JPY),,,[6 Months RENTAL]+[5 Months RENTAL] SoftBank 601HW Black,1,,,,,,,,[310 days RENTAL] SoftBank 601HW Black,sk.jpg,*,sk.jpg,sk.jpg,,,,,,,,,,,,,,,,,,,,,,1,1,en_sk_309_in_bt,,1,,43600,48340,,5,,,,,,,,,,,,,,,,,16,new! SoftBank 601HW Black 20GB
814,2358,9,7,Yes (+ 50 JPY / Day),Yes (+ 540 JPY),,,[6 Months RENTAL]+[5 Months RENTAL] SoftBank 601HW Black,1,,,,,,,,[311 days RENTAL] SoftBank 601HW Black,sk.jpg,*,sk.jpg,sk.jpg,,,,,,,,,,,,,,,,,,,,,,1,1,en_sk_310_in_bt,,1,,43600,48340,,5,,,,,,,,,,,,,,,,,16,new! SoftBank 601HW Black 20GB
815,2359,9,7,Yes (+ 50 JPY / Day),Yes (+ 540 JPY),,,[6 Months RENTAL]+[5 Months RENTAL] SoftBank 601HW Black,1,,,,,,,,[312 days RENTAL] SoftBank 601HW Black,sk.jpg,*,sk.jpg,sk.jpg,,,,,,,,,,,,,,,,,,,,,,1,1,en_sk_311_in_bt,,1,,43600,48340,,5,,,,,,,,,,,,,,,,,16,new! SoftBank 601HW Black 20GB
816,2360,9,7,Yes (+ 50 JPY / Day),Yes (+ 540 JPY),,,[6 Months RENTAL]+[5 Months RENTAL] SoftBank 601HW Black,1,,,,,,,,[313 days RENTAL] SoftBank 601HW Black,sk.jpg,*,sk.jpg,sk.jpg,,,,,,,,,,,,,,,,,,,,,,1,1,en_sk_312_in_bt,,1,,43600,48340,,5,,,,,,,,,,,,,,,,,16,new! SoftBank 601HW Black 20GB
817,2361,9,7,Yes (+ 50 JPY / Day),Yes (+ 540 JPY),,,[6 Months RENTAL]+[5 Months RENTAL] SoftBank 601HW Black,1,,,,,,,,[314 days RENTAL] SoftBank 601HW Black,sk.jpg,*,sk.jpg,sk.jpg,,,,,,,,,,,,,,,,,,,,,,1,1,en_sk_313_in_bt,,1,,43600,48340,,5,,,,,,,,,,,,,,,,,16,new! SoftBank 601HW Black 20GB
818,2362,9,7,Yes (+ 50 JPY / Day),Yes (+ 540 JPY),,,[6 Months RENTAL]+[5 Months RENTAL] SoftBank 601HW Black,1,,,,,,,,[315 days RENTAL] SoftBank 601HW Black,sk.jpg,*,sk.jpg,sk.jpg,,,,,,,,,,,,,,,,,,,,,,1,1,en_sk_314_in_bt,,1,,43600,48340,,5,,,,,,,,,,,,,,,,,16,new! SoftBank 601HW Black 20GB
819,2363,9,7,Yes (+ 50 JPY / Day),Yes (+ 540 JPY),,,[6 Months RENTAL]+[5 Months RENTAL] SoftBank 601HW Black,1,,,,,,,,[316 days RENTAL] SoftBank 601HW Black,sk.jpg,*,sk.jpg,sk.jpg,,,,,,,,,,,,,,,,,,,,,,1,1,en_sk_315_in_bt,,1,,43600,48340,,5,,,,,,,,,,,,,,,,,16,new! SoftBank 601HW Black 20GB
820,2364,9,7,Yes (+ 50 JPY / Day),Yes (+ 540 JPY),,,[6 Months RENTAL]+[5 Months RENTAL] SoftBank 601HW Black,1,,,,,,,,[317 days RENTAL] SoftBank 601HW Black,sk.jpg,*,sk.jpg,sk.jpg,,,,,,,,,,,,,,,,,,,,,,1,1,en_sk_316_in_bt,,1,,43600,48340,,5,,,,,,,,,,,,,,,,,16,new! SoftBank 601HW Black 20GB
821,2365,9,7,Yes (+ 50 JPY / Day),Yes (+ 540 JPY),,,[6 Months RENTAL]+[5 Months RENTAL] SoftBank 601HW Black,1,,,,,,,,[318 days RENTAL] SoftBank 601HW Black,sk.jpg,*,sk.jpg,sk.jpg,,,,,,,,,,,,,,,,,,,,,,1,1,en_sk_317_in_bt,,1,,43600,48340,,5,,,,,,,,,,,,,,,,,16,new! SoftBank 601HW Black 20GB
822,2366,9,7,Yes (+ 50 JPY / Day),Yes (+ 540 JPY),,,[6 Months RENTAL]+[5 Months RENTAL] SoftBank 601HW Black,1,,,,,,,,[319 days RENTAL] SoftBank 601HW Black,sk.jpg,*,sk.jpg,sk.jpg,,,,,,,,,,,,,,,,,,,,,,1,1,en_sk_318_in_bt,,1,,43600,48340,,5,,,,,,,,,,,,,,,,,16,new! SoftBank 601HW Black 20GB
823,2367,9,7,Yes (+ 50 JPY / Day),Yes (+ 540 JPY),,,[6 Months RENTAL]+[5 Months RENTAL] SoftBank 601HW Black,1,,,,,,,,[320 days RENTAL] SoftBank 601HW Black,sk.jpg,*,sk.jpg,sk.jpg,,,,,,,,,,,,,,,,,,,,,,1,1,en_sk_319_in_bt,,1,,43600,48340,,5,,,,,,,,,,,,,,,,,16,new! SoftBank 601HW Black 20GB
824,2368,9,7,Yes (+ 50 JPY / Day),Yes (+ 540 JPY),,,[6 Months RENTAL]+[5 Months RENTAL] SoftBank 601HW Black,1,,,,,,,,[321 days RENTAL] SoftBank 601HW Black,sk.jpg,*,sk.jpg,sk.jpg,,,,,,,,,,,,,,,,,,,,,,1,1,en_sk_320_in_bt,,1,,43600,48340,,5,,,,,,,,,,,,,,,,,16,new! SoftBank 601HW Black 20GB
825,2369,9,7,Yes (+ 50 JPY / Day),Yes (+ 540 JPY),,,[6 Months RENTAL]+[5 Months RENTAL] SoftBank 601HW Black,1,,,,,,,,[322 days RENTAL] SoftBank 601HW Black,sk.jpg,*,sk.jpg,sk.jpg,,,,,,,,,,,,,,,,,,,,,,1,1,en_sk_321_in_bt,,1,,43600,48340,,5,,,,,,,,,,,,,,,,,16,new! SoftBank 601HW Black 20GB
826,2370,9,7,Yes (+ 50 JPY / Day),Yes (+ 540 JPY),,,[6 Months RENTAL]+[5 Months RENTAL] SoftBank 601HW Black,1,,,,,,,,[323 days RENTAL] SoftBank 601HW Black,sk.jpg,*,sk.jpg,sk.jpg,,,,,,,,,,,,,,,,,,,,,,1,1,en_sk_322_in_bt,,1,,43600,48340,,5,,,,,,,,,,,,,,,,,16,new! SoftBank 601HW Black 20GB
827,2371,9,7,Yes (+ 50 JPY / Day),Yes (+ 540 JPY),,,[6 Months RENTAL]+[5 Months RENTAL] SoftBank 601HW Black,1,,,,,,,,[324 days RENTAL] SoftBank 601HW Black,sk.jpg,*,sk.jpg,sk.jpg,,,,,,,,,,,,,,,,,,,,,,1,1,en_sk_323_in_bt,,1,,43600,48340,,5,,,,,,,,,,,,,,,,,16,new! SoftBank 601HW Black 20GB
828,2372,9,7,Yes (+ 50 JPY / Day),Yes (+ 540 JPY),,,[6 Months RENTAL]+[5 Months RENTAL] SoftBank 601HW Black,1,,,,,,,,[325 days RENTAL] SoftBank 601HW Black,sk.jpg,*,sk.jpg,sk.jpg,,,,,,,,,,,,,,,,,,,,,,1,1,en_sk_324_in_bt,,1,,43600,48340,,5,,,,,,,,,,,,,,,,,16,new! SoftBank 601HW Black 20GB
829,2373,9,7,Yes (+ 50 JPY / Day),Yes (+ 540 JPY),,,[6 Months RENTAL]+[5 Months RENTAL] SoftBank 601HW Black,1,,,,,,,,[326 days RENTAL] SoftBank 601HW Black,sk.jpg,*,sk.jpg,sk.jpg,,,,,,,,,,,,,,,,,,,,,,1,1,en_sk_325_in_bt,,1,,43600,48340,,5,,,,,,,,,,,,,,,,,16,new! SoftBank 601HW Black 20GB
830,2374,9,7,Yes (+ 50 JPY / Day),Yes (+ 540 JPY),,,[6 Months RENTAL]+[5 Months RENTAL] SoftBank 601HW Black,1,,,,,,,,[327 days RENTAL] SoftBank 601HW Black,sk.jpg,*,sk.jpg,sk.jpg,,,,,,,,,,,,,,,,,,,,,,1,1,en_sk_326_in_bt,,1,,43600,48340,,5,,,,,,,,,,,,,,,,,16,new! SoftBank 601HW Black 20GB
831,2375,9,7,Yes (+ 50 JPY / Day),Yes (+ 540 JPY),,,[6 Months RENTAL]+[5 Months RENTAL] SoftBank 601HW Black,1,,,,,,,,[328 days RENTAL] SoftBank 601HW Black,sk.jpg,*,sk.jpg,sk.jpg,,,,,,,,,,,,,,,,,,,,,,1,1,en_sk_327_in_bt,,1,,43600,48340,,5,,,,,,,,,,,,,,,,,16,new! SoftBank 601HW Black 20GB
832,2376,9,7,Yes (+ 50 JPY / Day),Yes (+ 540 JPY),,,[6 Months RENTAL]+[5 Months RENTAL] SoftBank 601HW Black,1,,,,,,,,[329 days RENTAL] SoftBank 601HW Black,sk.jpg,*,sk.jpg,sk.jpg,,,,,,,,,,,,,,,,,,,,,,1,1,en_sk_328_in_bt,,1,,43600,48340,,5,,,,,,,,,,,,,,,,,16,new! SoftBank 601HW Black 20GB
833,2377,9,7,Yes (+ 50 JPY / Day),Yes (+ 540 JPY),,,[6 Months RENTAL]+[5 Months RENTAL] SoftBank 601HW Black,1,,,,,,,,[330 days RENTAL] SoftBank 601HW Black,sk.jpg,*,sk.jpg,sk.jpg,,,,,,,,,,,,,,,,,,,,,,1,1,en_sk_329_in_bt,,1,,43600,48340,,5,,,,,,,,,,,,,,,,,16,new! SoftBank 601HW Black 20GB
834,2378,9,7,Yes (+ 50 JPY / Day),Yes (+ 540 JPY),,,[6 Months RENTAL]+[5 Months RENTAL] SoftBank 601HW Black,1,,,,,,,,[331 days RENTAL] SoftBank 601HW Black,sk.jpg,*,sk.jpg,sk.jpg,,,,,,,,,,,,,,,,,,,,,,1,1,en_sk_330_in_bt,,1,,43600,48340,,5,,,,,,,,,,,,,,,,,16,new! SoftBank 601HW Black 20GB
835,2379,9,7,Yes (+ 50 JPY / Day),Yes (+ 540 JPY),,,[6 Months RENTAL]+[5 Months RENTAL] SoftBank 601HW Black,1,,,,,,,,[332 days RENTAL] SoftBank 601HW Black,sk.jpg,*,sk.jpg,sk.jpg,,,,,,,,,,,,,,,,,,,,,,,1,en_sk_331_in_bt,,1,,43600,48340,,5,,,,,,,,,,,,,,,,,16,new! SoftBank 601HW Black 20GB
836,2380,9,7,Yes (+ 50 JPY / Day),Yes (+ 540 JPY),,,[6 Months RENTAL]+[5 Months RENTAL]+[1 day RENTAL] SoftBank 601HW Black,1,,,,,,,,[333 days RENTAL] SoftBank 601HW Black,sk.jpg,*,sk.jpg,sk.jpg,,,,,,,,,,,,,,,,,,,,,,,1,en_sk_332_in_bt,,1,,44050,48840,,5,,,,,,,,,,,,,,,,,16,new! SoftBank 601HW Black 20GB
837,2381,9,7,Yes (+ 50 JPY / Day),Yes (+ 540 JPY),,,[6 Months RENTAL]+[5 Months RENTAL]+[2 days RENTAL] SoftBank 601HW Black,1,,,,,,,,[334 days RENTAL] SoftBank 601HW Black,sk.jpg,*,sk.jpg,sk.jpg,,,,,,,,,,,,,,,,,,,,,,,1,en_sk_333_in_bt,,1,,44500,49340,,5,,,,,,,,,,,,,,,,,16,new! SoftBank 601HW Black 20GB
838,2382,9,7,Yes (+ 50 JPY / Day),Yes (+ 540 JPY),,,[6 Months RENTAL]+[5 Months RENTAL]+[3 days RENTAL] SoftBank 601HW Black,1,,,,,,,,[335 days RENTAL] SoftBank 601HW Black,sk.jpg,*,sk.jpg,sk.jpg,,,,,,,,,,,,,,,,,,,,,,,1,en_sk_334_in_bt,,1,,44950,49840,,5,,,,,,,,,,,,,,,,,16,new! SoftBank 601HW Black 20GB
839,2383,9,7,Yes (+ 50 JPY / Day),Yes (+ 540 JPY),,,[6 Months RENTAL]+[5 Months RENTAL]+[4 days RENTAL] SoftBank 601HW Black,1,,,,,,,,[336 days RENTAL] SoftBank 601HW Black,sk.jpg,*,sk.jpg,sk.jpg,,,,,,,,,,,,,,,,,,,,,,,1,en_sk_335_in_bt,,1,,45400,50340,,5,,,,,,,,,,,,,,,,,16,new! SoftBank 601HW Black 20GB
840,2384,9,7,Yes (+ 50 JPY / Day),Yes (+ 540 JPY),,,[6 Months RENTAL]+[6 Months RENTAL] SoftBank 601HW Black,1,,,,,,,,[337 days RENTAL] SoftBank 601HW Black,sk.jpg,*,sk.jpg,sk.jpg,,,,,,,,,,,,,,,,,,,,,,1,1,en_sk_336_in_bt,,1,,45600,50640,,5,,,,,,,,,,,,,,,,,16,new! SoftBank 601HW Black 20GB
841,2385,9,7,Yes (+ 50 JPY / Day),Yes (+ 540 JPY),,,[6 Months RENTAL]+[6 Months RENTAL] SoftBank 601HW Black,1,,,,,,,,[338 days RENTAL] SoftBank 601HW Black,sk.jpg,*,sk.jpg,sk.jpg,,,,,,,,,,,,,,,,,,,,,,1,1,en_sk_337_in_bt,,1,,45600,50640,,5,,,,,,,,,,,,,,,,,16,new! SoftBank 601HW Black 20GB
842,2386,9,7,Yes (+ 50 JPY / Day),Yes (+ 540 JPY),,,[6 Months RENTAL]+[6 Months RENTAL] SoftBank 601HW Black,1,,,,,,,,[339 days RENTAL] SoftBank 601HW Black,sk.jpg,*,sk.jpg,sk.jpg,,,,,,,,,,,,,,,,,,,,,,1,1,en_sk_338_in_bt,,1,,45600,50640,,5,,,,,,,,,,,,,,,,,16,new! SoftBank 601HW Black 20GB
843,2387,9,7,Yes (+ 50 JPY / Day),Yes (+ 540 JPY),,,[6 Months RENTAL]+[6 Months RENTAL] SoftBank 601HW Black,1,,,,,,,,[340 days RENTAL] SoftBank 601HW Black,sk.jpg,*,sk.jpg,sk.jpg,,,,,,,,,,,,,,,,,,,,,,1,1,en_sk_339_in_bt,,1,,45600,50640,,5,,,,,,,,,,,,,,,,,16,new! SoftBank 601HW Black 20GB
844,2388,9,7,Yes (+ 50 JPY / Day),Yes (+ 540 JPY),,,[6 Months RENTAL]+[6 Months RENTAL] SoftBank 601HW Black,1,,,,,,,,[341 days RENTAL] SoftBank 601HW Black,sk.jpg,*,sk.jpg,sk.jpg,,,,,,,,,,,,,,,,,,,,,,1,1,en_sk_340_in_bt,,1,,45600,50640,,5,,,,,,,,,,,,,,,,,16,new! SoftBank 601HW Black 20GB
845,2389,9,7,Yes (+ 50 JPY / Day),Yes (+ 540 JPY),,,[6 Months RENTAL]+[6 Months RENTAL] SoftBank 601HW Black,1,,,,,,,,[342 days RENTAL] SoftBank 601HW Black,sk.jpg,*,sk.jpg,sk.jpg,,,,,,,,,,,,,,,,,,,,,,1,1,en_sk_341_in_bt,,1,,45600,50640,,5,,,,,,,,,,,,,,,,,16,new! SoftBank 601HW Black 20GB
846,2390,9,7,Yes (+ 50 JPY / Day),Yes (+ 540 JPY),,,[6 Months RENTAL]+[6 Months RENTAL] SoftBank 601HW Black,1,,,,,,,,[343 days RENTAL] SoftBank 601HW Black,sk.jpg,*,sk.jpg,sk.jpg,,,,,,,,,,,,,,,,,,,,,,1,1,en_sk_342_in_bt,,1,,45600,50640,,5,,,,,,,,,,,,,,,,,16,new! SoftBank 601HW Black 20GB
847,2391,9,7,Yes (+ 50 JPY / Day),Yes (+ 540 JPY),,,[6 Months RENTAL]+[6 Months RENTAL] SoftBank 601HW Black,1,,,,,,,,[344 days RENTAL] SoftBank 601HW Black,sk.jpg,*,sk.jpg,sk.jpg,,,,,,,,,,,,,,,,,,,,,,1,1,en_sk_343_in_bt,,1,,45600,50640,,5,,,,,,,,,,,,,,,,,16,new! SoftBank 601HW Black 20GB
848,2392,9,7,Yes (+ 50 JPY / Day),Yes (+ 540 JPY),,,[6 Months RENTAL]+[6 Months RENTAL] SoftBank 601HW Black,1,,,,,,,,[345 days RENTAL] SoftBank 601HW Black,sk.jpg,*,sk.jpg,sk.jpg,,,,,,,,,,,,,,,,,,,,,,1,1,en_sk_344_in_bt,,1,,45600,50640,,5,,,,,,,,,,,,,,,,,16,new! SoftBank 601HW Black 20GB
849,2393,9,7,Yes (+ 50 JPY / Day),Yes (+ 540 JPY),,,[6 Months RENTAL]+[6 Months RENTAL] SoftBank 601HW Black,1,,,,,,,,[346 days RENTAL] SoftBank 601HW Black,sk.jpg,*,sk.jpg,sk.jpg,,,,,,,,,,,,,,,,,,,,,,1,1,en_sk_345_in_bt,,1,,45600,50640,,5,,,,,,,,,,,,,,,,,16,new! SoftBank 601HW Black 20GB
850,2394,9,7,Yes (+ 50 JPY / Day),Yes (+ 540 JPY),,,[6 Months RENTAL]+[6 Months RENTAL] SoftBank 601HW Black,1,,,,,,,,[347 days RENTAL] SoftBank 601HW Black,sk.jpg,*,sk.jpg,sk.jpg,,,,,,,,,,,,,,,,,,,,,,1,1,en_sk_346_in_bt,,1,,45600,50640,,5,,,,,,,,,,,,,,,,,16,new! SoftBank 601HW Black 20GB
851,2395,9,7,Yes (+ 50 JPY / Day),Yes (+ 540 JPY),,,[6 Months RENTAL]+[6 Months RENTAL] SoftBank 601HW Black,1,,,,,,,,[348 days RENTAL] SoftBank 601HW Black,sk.jpg,*,sk.jpg,sk.jpg,,,,,,,,,,,,,,,,,,,,,,1,1,en_sk_347_in_bt,,1,,45600,50640,,5,,,,,,,,,,,,,,,,,16,new! SoftBank 601HW Black 20GB
852,2396,9,7,Yes (+ 50 JPY / Day),Yes (+ 540 JPY),,,[6 Months RENTAL]+[6 Months RENTAL] SoftBank 601HW Black,1,,,,,,,,[349 days RENTAL] SoftBank 601HW Black,sk.jpg,*,sk.jpg,sk.jpg,,,,,,,,,,,,,,,,,,,,,,1,1,en_sk_348_in_bt,,1,,45600,50640,,5,,,,,,,,,,,,,,,,,16,new! SoftBank 601HW Black 20GB
853,2397,9,7,Yes (+ 50 JPY / Day),Yes (+ 540 JPY),,,[6 Months RENTAL]+[6 Months RENTAL] SoftBank 601HW Black,1,,,,,,,,[350 days RENTAL] SoftBank 601HW Black,sk.jpg,*,sk.jpg,sk.jpg,,,,,,,,,,,,,,,,,,,,,,1,1,en_sk_349_in_bt,,1,,45600,50640,,5,,,,,,,,,,,,,,,,,16,new! SoftBank 601HW Black 20GB
854,2398,9,7,Yes (+ 50 JPY / Day),Yes (+ 540 JPY),,,[6 Months RENTAL]+[6 Months RENTAL] SoftBank 601HW Black,1,,,,,,,,[351 days RENTAL] SoftBank 601HW Black,sk.jpg,*,sk.jpg,sk.jpg,,,,,,,,,,,,,,,,,,,,,,1,1,en_sk_350_in_bt,,1,,45600,50640,,5,,,,,,,,,,,,,,,,,16,new! SoftBank 601HW Black 20GB
855,2399,9,7,Yes (+ 50 JPY / Day),Yes (+ 540 JPY),,,[6 Months RENTAL]+[6 Months RENTAL] SoftBank 601HW Black,1,,,,,,,,[352 days RENTAL] SoftBank 601HW Black,sk.jpg,*,sk.jpg,sk.jpg,,,,,,,,,,,,,,,,,,,,,,1,1,en_sk_351_in_bt,,1,,45600,50640,,5,,,,,,,,,,,,,,,,,16,new! SoftBank 601HW Black 20GB
856,2400,9,7,Yes (+ 50 JPY / Day),Yes (+ 540 JPY),,,[6 Months RENTAL]+[6 Months RENTAL] SoftBank 601HW Black,1,,,,,,,,[353 days RENTAL] SoftBank 601HW Black,sk.jpg,*,sk.jpg,sk.jpg,,,,,,,,,,,,,,,,,,,,,,1,1,en_sk_352_in_bt,,1,,45600,50640,,5,,,,,,,,,,,,,,,,,16,new! SoftBank 601HW Black 20GB
857,2401,9,7,Yes (+ 50 JPY / Day),Yes (+ 540 JPY),,,[6 Months RENTAL]+[6 Months RENTAL] SoftBank 601HW Black,1,,,,,,,,[354 days RENTAL] SoftBank 601HW Black,sk.jpg,*,sk.jpg,sk.jpg,,,,,,,,,,,,,,,,,,,,,,1,1,en_sk_353_in_bt,,1,,45600,50640,,5,,,,,,,,,,,,,,,,,16,new! SoftBank 601HW Black 20GB
858,2402,9,7,Yes (+ 50 JPY / Day),Yes (+ 540 JPY),,,[6 Months RENTAL]+[6 Months RENTAL] SoftBank 601HW Black,1,,,,,,,,[355 days RENTAL] SoftBank 601HW Black,sk.jpg,*,sk.jpg,sk.jpg,,,,,,,,,,,,,,,,,,,,,,1,1,en_sk_354_in_bt,,1,,45600,50640,,5,,,,,,,,,,,,,,,,,16,new! SoftBank 601HW Black 20GB
859,2403,9,7,Yes (+ 50 JPY / Day),Yes (+ 540 JPY),,,[6 Months RENTAL]+[6 Months RENTAL] SoftBank 601HW Black,1,,,,,,,,[356 days RENTAL] SoftBank 601HW Black,sk.jpg,*,sk.jpg,sk.jpg,,,,,,,,,,,,,,,,,,,,,,1,1,en_sk_355_in_bt,,1,,45600,50640,,5,,,,,,,,,,,,,,,,,16,new! SoftBank 601HW Black 20GB
860,2404,9,7,Yes (+ 50 JPY / Day),Yes (+ 540 JPY),,,[6 Months RENTAL]+[6 Months RENTAL] SoftBank 601HW Black,1,,,,,,,,[357 days RENTAL] SoftBank 601HW Black,sk.jpg,*,sk.jpg,sk.jpg,,,,,,,,,,,,,,,,,,,,,,1,1,en_sk_356_in_bt,,1,,45600,50640,,5,,,,,,,,,,,,,,,,,16,new! SoftBank 601HW Black 20GB
861,2405,9,7,Yes (+ 50 JPY / Day),Yes (+ 540 JPY),,,[6 Months RENTAL]+[6 Months RENTAL] SoftBank 601HW Black,1,,,,,,,,[358 days RENTAL] SoftBank 601HW Black,sk.jpg,*,sk.jpg,sk.jpg,,,,,,,,,,,,,,,,,,,,,,1,1,en_sk_357_in_bt,,1,,45600,50640,,5,,,,,,,,,,,,,,,,,16,new! SoftBank 601HW Black 20GB
862,2406,9,7,Yes (+ 50 JPY / Day),Yes (+ 540 JPY),,,[6 Months RENTAL]+[6 Months RENTAL] SoftBank 601HW Black,1,,,,,,,,[359 days RENTAL] SoftBank 601HW Black,sk.jpg,*,sk.jpg,sk.jpg,,,,,,,,,,,,,,,,,,,,,,1,1,en_sk_358_in_bt,,1,,45600,50640,,5,,,,,,,,,,,,,,,,,16,new! SoftBank 601HW Black 20GB
863,2407,9,7,Yes (+ 50 JPY / Day),Yes (+ 540 JPY),,,[6 Months RENTAL]+[6 Months RENTAL] SoftBank 601HW Black,1,,,,,,,,[360 days RENTAL] SoftBank 601HW Black,sk.jpg,*,sk.jpg,sk.jpg,,,,,,,,,,,,,,,,,,,,,,1,1,en_sk_359_in_bt,,1,,45600,50640,,5,,,,,,,,,,,,,,,,,16,new! SoftBank 601HW Black 20GB
864,2408,9,7,Yes (+ 50 JPY / Day),Yes (+ 540 JPY),,,[6 Months RENTAL]+[6 Months RENTAL] SoftBank 601HW Black,1,,,,,,,,[361 days RENTAL] SoftBank 601HW Black,sk.jpg,*,sk.jpg,sk.jpg,,,,,,,,,,,,,,,,,,,,,,1,1,en_sk_360_in_bt,,1,,45600,50640,,5,,,,,,,,,,,,,,,,,16,new! SoftBank 601HW Black 20GB
865,2409,9,7,Yes (+ 50 JPY / Day),Yes (+ 540 JPY),,,[6 Months RENTAL]+[6 Months RENTAL] SoftBank 601HW Black,1,,,,,,,,[362 days RENTAL] SoftBank 601HW Black,sk.jpg,*,sk.jpg,sk.jpg,,,,,,,,,,,,,,,,,,,,,,,1,en_sk_361_in_bt,,1,,45600,50640,,5,,,,,,,,,,,,,,,,,16,new! SoftBank 601HW Black 20GB
866,2410,9,7,Yes (+ 50 JPY / Day),Yes (+ 540 JPY),,,[6 Months RENTAL]+[6 Months RENTAL]+[1 day RENTAL] SoftBank 601HW Black,1,,,,,,,,[363 days RENTAL] SoftBank 601HW Black,sk.jpg,*,sk.jpg,sk.jpg,,,,,,,,,,,,,,,,,,,,,,,1,en_sk_362_in_bt,,1,,46050,51140,,5,,,,,,,,,,,,,,,,,16,new! SoftBank 601HW Black 20GB
867,2411,9,7,Yes (+ 50 JPY / Day),Yes (+ 540 JPY),,,[6 Months RENTAL]+[6 Months RENTAL]+[2 days RENTAL] SoftBank 601HW Black,1,,,,,,,,[364 days RENTAL] SoftBank 601HW Black,sk.jpg,*,sk.jpg,sk.jpg,,,,,,,,,,,,,,,,,,,,,,,1,en_sk_363_in_bt,,1,,46500,51640,,5,,,,,,,,,,,,,,,,,16,new! SoftBank 601HW Black 20GB
868,2412,9,7,Yes (+ 50 JPY / Day),Yes (+ 540 JPY),,,[6 Months RENTAL]+[6 Months RENTAL]+[3 days RENTAL] SoftBank 601HW Black,1,,,,,,,,[365 days RENTAL] SoftBank 601HW Black,sk.jpg,*,sk.jpg,sk.jpg,,,,,,,,,,,,,,,,,,,,,,,1,en_sk_364_in_bt,,1,,46950,52140,,5,,,,,,,,,,,,,,,,,16,new! SoftBank 601HW Black 20GB