商品ID,商品規格ID,親規格分類ID,規格分類ID,親規格分類名,規格分類名,メーカーID,メーカー名,商品名,表示ステータス(公開・非公開),メーカーURL(コメント1),コメント2,検索ワード(コメント3),コメント4,コメント5,コメント6,備考欄(SHOP専用),一覧-メインコメント,一覧-メイン画像,詳細-メインコメント,詳細-メイン画像,詳細-メイン拡大画像,詳細-サブタイトル(1),詳細-サブコメント(1),詳細-サブ画像(1),詳細-サブ拡大画像(1),詳細-サブタイトル(2),詳細-サブコメント(2),詳細-サブ画像(2),詳細-サブ拡大画像(2),詳細-サブタイトル(3),詳細-サブコメント(3),詳細-サブ画像(3),詳細-サブ拡大画像(3),詳細-サブタイトル(4),詳細-サブコメント(4),詳細-サブ画像(4),詳細-サブ拡大画像(4),詳細-サブタイトル(5),詳細-サブコメント(5),詳細-サブ画像(5),詳細-サブ拡大画像(5),発送日目安ID,削除フラグ,商品種別ID,商品コード,在庫数,在庫無制限フラグ,販売制限数,通常価格,販売価格,送料,ポイント付与率,ダウンロードファイル名,ダウンロード実ファイル,関連商品ID(1),関連商品コメント(1),関連商品ID(2),関連商品コメント(2),関連商品ID(3),関連商品コメント(3),関連商品ID(4),関連商品コメント(4),関連商品ID(5),関連商品コメント(5),関連商品ID(6),関連商品コメント(6),商品ステータス,商品ステータス名,カテゴリID,カテゴリ名
1665,9812,748,1841,Yes,0-[extension]1Day,2,カート用延長フラグ,Extension SoftBank 601HW [20GB],1,,,,,,,,*,sk/img001-ex.jpg,*,sk/img001-ex.jpg,,,,,,,,,,,,,,,,,,,,,,,0,1,en_sk_ex_000_bt,,1,,390,440,,5,,,,,,,,,,,,,,,,,"23,24","NEW extension,Extension SoftBank 601HW BLACK"
1665,9813,747,1841,No,0-[extension]1Day,2,カート用延長フラグ,Extension SoftBank 601HW [20GB],1,,,,,,,,*,sk/img001-ex.jpg,*,sk/img001-ex.jpg,,,,,,,,,,,,,,,,,,,,,,,0,1,en_sk_ex_000,,1,,390,390,,5,,,,,,,,,,,,,,,,,"23,24","NEW extension,Extension SoftBank 601HW BLACK"
1665,9814,748,1842,Yes,1-[extension]2Days,2,カート用延長フラグ,Extension SoftBank 601HW [20GB],1,,,,,,,,*,sk/img001-ex.jpg,*,sk/img001-ex.jpg,,,,,,,,,,,,,,,,,,,,,,,0,1,en_sk_ex_001_bt,,1,,780,880,,5,,,,,,,,,,,,,,,,,"23,24","NEW extension,Extension SoftBank 601HW BLACK"
1665,9815,747,1842,No,1-[extension]2Days,2,カート用延長フラグ,Extension SoftBank 601HW [20GB],1,,,,,,,,*,sk/img001-ex.jpg,*,sk/img001-ex.jpg,,,,,,,,,,,,,,,,,,,,,,,0,1,en_sk_ex_001,,1,,780,780,,5,,,,,,,,,,,,,,,,,"23,24","NEW extension,Extension SoftBank 601HW BLACK"
1665,9816,748,1843,Yes,2-[extension]3Days,2,カート用延長フラグ,Extension SoftBank 601HW [20GB],1,,,,,,,,*,sk/img001-ex.jpg,*,sk/img001-ex.jpg,,,,,,,,,,,,,,,,,,,,,,,0,1,en_sk_ex_002_bt,,1,,1170,1320,,5,,,,,,,,,,,,,,,,,"23,24","NEW extension,Extension SoftBank 601HW BLACK"
1665,9817,747,1843,No,2-[extension]3Days,2,カート用延長フラグ,Extension SoftBank 601HW [20GB],1,,,,,,,,*,sk/img001-ex.jpg,*,sk/img001-ex.jpg,,,,,,,,,,,,,,,,,,,,,,,0,1,en_sk_ex_002,,1,,1170,1170,,5,,,,,,,,,,,,,,,,,"23,24","NEW extension,Extension SoftBank 601HW BLACK"
1665,9818,748,1844,Yes,3-[extension]4Days,2,カート用延長フラグ,Extension SoftBank 601HW [20GB],1,,,,,,,,*,sk/img001-ex.jpg,*,sk/img001-ex.jpg,,,,,,,,,,,,,,,,,,,,,,,0,1,en_sk_ex_003_bt,,1,,1560,1760,,5,,,,,,,,,,,,,,,,,"23,24","NEW extension,Extension SoftBank 601HW BLACK"
1665,9819,747,1844,No,3-[extension]4Days,2,カート用延長フラグ,Extension SoftBank 601HW [20GB],1,,,,,,,,*,sk/img001-ex.jpg,*,sk/img001-ex.jpg,,,,,,,,,,,,,,,,,,,,,,,0,1,en_sk_ex_003,,1,,1560,1560,,5,,,,,,,,,,,,,,,,,"23,24","NEW extension,Extension SoftBank 601HW BLACK"
1665,9820,748,1845,Yes,4-[extension]5Days,2,カート用延長フラグ,Extension SoftBank 601HW [20GB],1,,,,,,,,*,sk/img001-ex.jpg,*,sk/img001-ex.jpg,,,,,,,,,,,,,,,,,,,,,,,0,1,en_sk_ex_004_bt,,1,,1950,2200,,5,,,,,,,,,,,,,,,,,"23,24","NEW extension,Extension SoftBank 601HW BLACK"
1665,9821,747,1845,No,4-[extension]5Days,2,カート用延長フラグ,Extension SoftBank 601HW [20GB],1,,,,,,,,*,sk/img001-ex.jpg,*,sk/img001-ex.jpg,,,,,,,,,,,,,,,,,,,,,,,0,1,en_sk_ex_004,,1,,1950,1950,,5,,,,,,,,,,,,,,,,,"23,24","NEW extension,Extension SoftBank 601HW BLACK"
1665,9822,748,1846,Yes,5-[extension]6Days,2,カート用延長フラグ,Extension SoftBank 601HW [20GB],1,,,,,,,,*,sk/img001-ex.jpg,*,sk/img001-ex.jpg,,,,,,,,,,,,,,,,,,,,,,,0,1,en_sk_ex_005_bt,,1,,2340,2640,,5,,,,,,,,,,,,,,,,,"23,24","NEW extension,Extension SoftBank 601HW BLACK"
1665,9823,747,1846,No,5-[extension]6Days,2,カート用延長フラグ,Extension SoftBank 601HW [20GB],1,,,,,,,,*,sk/img001-ex.jpg,*,sk/img001-ex.jpg,,,,,,,,,,,,,,,,,,,,,,,0,1,en_sk_ex_005,,1,,2340,2340,,5,,,,,,,,,,,,,,,,,"23,24","NEW extension,Extension SoftBank 601HW BLACK"
1665,9824,748,1847,Yes,6-[extension]7Days,2,カート用延長フラグ,Extension SoftBank 601HW [20GB],1,,,,,,,,*,sk/img001-ex.jpg,*,sk/img001-ex.jpg,,,,,,,,,,,,,,,,,,,,,,,0,1,en_sk_ex_006_bt,,1,,2730,3080,,5,,,,,,,,,,,,,,,,,"23,24","NEW extension,Extension SoftBank 601HW BLACK"
1665,9825,747,1847,No,6-[extension]7Days,2,カート用延長フラグ,Extension SoftBank 601HW [20GB],1,,,,,,,,*,sk/img001-ex.jpg,*,sk/img001-ex.jpg,,,,,,,,,,,,,,,,,,,,,,,0,1,en_sk_ex_006,,1,,2730,2730,,5,,,,,,,,,,,,,,,,,"23,24","NEW extension,Extension SoftBank 601HW BLACK"
1665,9826,748,1848,Yes,7-[extension]8Days,2,カート用延長フラグ,Extension SoftBank 601HW [20GB],1,,,,,,,,*,sk/img001-ex.jpg,*,sk/img001-ex.jpg,,,,,,,,,,,,,,,,,,,,,,,0,1,en_sk_ex_007_bt,,1,,3120,3520,,5,,,,,,,,,,,,,,,,,"23,24","NEW extension,Extension SoftBank 601HW BLACK"
1665,9827,747,1848,No,7-[extension]8Days,2,カート用延長フラグ,Extension SoftBank 601HW [20GB],1,,,,,,,,*,sk/img001-ex.jpg,*,sk/img001-ex.jpg,,,,,,,,,,,,,,,,,,,,,,,0,1,en_sk_ex_007,,1,,3120,3120,,5,,,,,,,,,,,,,,,,,"23,24","NEW extension,Extension SoftBank 601HW BLACK"
1665,9828,748,1849,Yes,8-[extension]9Days,2,カート用延長フラグ,Extension SoftBank 601HW [20GB],1,,,,,,,,*,sk/img001-ex.jpg,*,sk/img001-ex.jpg,,,,,,,,,,,,,,,,,,,,,,,0,1,en_sk_ex_008_bt,,1,,3510,3960,,5,,,,,,,,,,,,,,,,,"23,24","NEW extension,Extension SoftBank 601HW BLACK"
1665,9829,747,1849,No,8-[extension]9Days,2,カート用延長フラグ,Extension SoftBank 601HW [20GB],1,,,,,,,,*,sk/img001-ex.jpg,*,sk/img001-ex.jpg,,,,,,,,,,,,,,,,,,,,,,,0,1,en_sk_ex_008,,1,,3510,3510,,5,,,,,,,,,,,,,,,,,"23,24","NEW extension,Extension SoftBank 601HW BLACK"
1665,9830,748,1850,Yes,9-[extension]10Days,2,カート用延長フラグ,Extension SoftBank 601HW [20GB],1,,,,,,,,*,sk/img001-ex.jpg,*,sk/img001-ex.jpg,,,,,,,,,,,,,,,,,,,,,,,0,1,en_sk_ex_009_bt,,1,,3900,4400,,5,,,,,,,,,,,,,,,,,"23,24","NEW extension,Extension SoftBank 601HW BLACK"
1665,9831,747,1850,No,9-[extension]10Days,2,カート用延長フラグ,Extension SoftBank 601HW [20GB],1,,,,,,,,*,sk/img001-ex.jpg,*,sk/img001-ex.jpg,,,,,,,,,,,,,,,,,,,,,,,0,1,en_sk_ex_009,,1,,3900,3900,,5,,,,,,,,,,,,,,,,,"23,24","NEW extension,Extension SoftBank 601HW BLACK"
1665,9832,748,1851,Yes,10-[extension]11Days,2,カート用延長フラグ,Extension SoftBank 601HW [20GB],1,,,,,,,,*,sk/img001-ex.jpg,*,sk/img001-ex.jpg,,,,,,,,,,,,,,,,,,,,,,,0,1,en_sk_ex_010_bt,,1,,4290,4840,,5,,,,,,,,,,,,,,,,,"23,24","NEW extension,Extension SoftBank 601HW BLACK"
1665,9833,747,1851,No,10-[extension]11Days,2,カート用延長フラグ,Extension SoftBank 601HW [20GB],1,,,,,,,,*,sk/img001-ex.jpg,*,sk/img001-ex.jpg,,,,,,,,,,,,,,,,,,,,,,,0,1,en_sk_ex_010,,1,,4290,4290,,5,,,,,,,,,,,,,,,,,"23,24","NEW extension,Extension SoftBank 601HW BLACK"
1665,9834,748,1852,Yes,11-[extension]12Days,2,カート用延長フラグ,Extension SoftBank 601HW [20GB],1,,,,,,,,*,sk/img001-ex.jpg,*,sk/img001-ex.jpg,,,,,,,,,,,,,,,,,,,,,,,0,1,en_sk_ex_011_bt,,1,,4680,5280,,5,,,,,,,,,,,,,,,,,"23,24","NEW extension,Extension SoftBank 601HW BLACK"
1665,9835,747,1852,No,11-[extension]12Days,2,カート用延長フラグ,Extension SoftBank 601HW [20GB],1,,,,,,,,*,sk/img001-ex.jpg,*,sk/img001-ex.jpg,,,,,,,,,,,,,,,,,,,,,,,0,1,en_sk_ex_011,,1,,4680,4680,,5,,,,,,,,,,,,,,,,,"23,24","NEW extension,Extension SoftBank 601HW BLACK"
1665,9836,748,1853,Yes,12-[extension]13Days,2,カート用延長フラグ,Extension SoftBank 601HW [20GB],1,,,,,,,,*,sk/img001-ex.jpg,*,sk/img001-ex.jpg,,,,,,,,,,,,,,,,,,,,,,,0,1,en_sk_ex_012_bt,,1,,5070,5720,,5,,,,,,,,,,,,,,,,,"23,24","NEW extension,Extension SoftBank 601HW BLACK"
1665,9837,747,1853,No,12-[extension]13Days,2,カート用延長フラグ,Extension SoftBank 601HW [20GB],1,,,,,,,,*,sk/img001-ex.jpg,*,sk/img001-ex.jpg,,,,,,,,,,,,,,,,,,,,,,,0,1,en_sk_ex_012,,1,,5070,5070,,5,,,,,,,,,,,,,,,,,"23,24","NEW extension,Extension SoftBank 601HW BLACK"
1665,9838,748,1854,Yes,13-[extension]14Days,2,カート用延長フラグ,Extension SoftBank 601HW [20GB],1,,,,,,,,*,sk/img001-ex.jpg,*,sk/img001-ex.jpg,,,,,,,,,,,,,,,,,,,,,,,0,1,en_sk_ex_013_bt,,1,,5460,6160,,5,,,,,,,,,,,,,,,,,"23,24","NEW extension,Extension SoftBank 601HW BLACK"
1665,9839,747,1854,No,13-[extension]14Days,2,カート用延長フラグ,Extension SoftBank 601HW [20GB],1,,,,,,,,*,sk/img001-ex.jpg,*,sk/img001-ex.jpg,,,,,,,,,,,,,,,,,,,,,,,0,1,en_sk_ex_013,,1,,5460,5460,,5,,,,,,,,,,,,,,,,,"23,24","NEW extension,Extension SoftBank 601HW BLACK"
1665,9840,748,1855,Yes,14-[extension]15Days (Value Rental Pack: 1Month Pack),2,カート用延長フラグ,Extension SoftBank 601HW [20GB],1,,,,,,,,*,sk/img001-ex.jpg,*,sk/img001-ex.jpg,,,,,,,,,,,,,,,,,,,,,,,0,1,en_sk_ex_014_bt,,1,,5850,6600,,5,,,,,,,,,,,,,,,,,"23,24","NEW extension,Extension SoftBank 601HW BLACK"
1665,9841,747,1855,No,14-[extension]15Days (Value Rental Pack: 1Month Pack),2,カート用延長フラグ,Extension SoftBank 601HW [20GB],1,,,,,,,,*,sk/img001-ex.jpg,*,sk/img001-ex.jpg,,,,,,,,,,,,,,,,,,,,,,,0,1,en_sk_ex_014,,1,,5850,5850,,5,,,,,,,,,,,,,,,,,"23,24","NEW extension,Extension SoftBank 601HW BLACK"
1665,9842,748,1856,Yes,15-[extension]16Days (Value Rental Pack: 1Month Pack),2,カート用延長フラグ,Extension SoftBank 601HW [20GB],1,,,,,,,,*,sk/img001-ex.jpg,*,sk/img001-ex.jpg,,,,,,,,,,,,,,,,,,,,,,,0,1,en_sk_ex_014_bt,,1,,5850,6600,,5,,,,,,,,,,,,,,,,,"23,24","NEW extension,Extension SoftBank 601HW BLACK"
1665,9843,747,1856,No,15-[extension]16Days (Value Rental Pack: 1Month Pack),2,カート用延長フラグ,Extension SoftBank 601HW [20GB],1,,,,,,,,*,sk/img001-ex.jpg,*,sk/img001-ex.jpg,,,,,,,,,,,,,,,,,,,,,,,0,1,en_sk_ex_014,,1,,5850,5850,,5,,,,,,,,,,,,,,,,,"23,24","NEW extension,Extension SoftBank 601HW BLACK"
1665,9844,748,1857,Yes,16-[extension]17Days (Value Rental Pack: 1Month Pack),2,カート用延長フラグ,Extension SoftBank 601HW [20GB],1,,,,,,,,*,sk/img001-ex.jpg,*,sk/img001-ex.jpg,,,,,,,,,,,,,,,,,,,,,,,0,1,en_sk_ex_014_bt,,1,,5850,6600,,5,,,,,,,,,,,,,,,,,"23,24","NEW extension,Extension SoftBank 601HW BLACK"
1665,9845,747,1857,No,16-[extension]17Days (Value Rental Pack: 1Month Pack),2,カート用延長フラグ,Extension SoftBank 601HW [20GB],1,,,,,,,,*,sk/img001-ex.jpg,*,sk/img001-ex.jpg,,,,,,,,,,,,,,,,,,,,,,,0,1,en_sk_ex_014,,1,,5850,5850,,5,,,,,,,,,,,,,,,,,"23,24","NEW extension,Extension SoftBank 601HW BLACK"
1665,9846,748,1858,Yes,17-[extension]18Days (Value Rental Pack: 1Month Pack),2,カート用延長フラグ,Extension SoftBank 601HW [20GB],1,,,,,,,,*,sk/img001-ex.jpg,*,sk/img001-ex.jpg,,,,,,,,,,,,,,,,,,,,,,,0,1,en_sk_ex_014_bt,,1,,5850,6600,,5,,,,,,,,,,,,,,,,,"23,24","NEW extension,Extension SoftBank 601HW BLACK"
1665,9847,747,1858,No,17-[extension]18Days (Value Rental Pack: 1Month Pack),2,カート用延長フラグ,Extension SoftBank 601HW [20GB],1,,,,,,,,*,sk/img001-ex.jpg,*,sk/img001-ex.jpg,,,,,,,,,,,,,,,,,,,,,,,0,1,en_sk_ex_014,,1,,5850,5850,,5,,,,,,,,,,,,,,,,,"23,24","NEW extension,Extension SoftBank 601HW BLACK"
1665,9848,748,1859,Yes,18-[extension]19Days (Value Rental Pack: 1Month Pack),2,カート用延長フラグ,Extension SoftBank 601HW [20GB],1,,,,,,,,*,sk/img001-ex.jpg,*,sk/img001-ex.jpg,,,,,,,,,,,,,,,,,,,,,,,0,1,en_sk_ex_014_bt,,1,,5850,6600,,5,,,,,,,,,,,,,,,,,"23,24","NEW extension,Extension SoftBank 601HW BLACK"
1665,9849,747,1859,No,18-[extension]19Days (Value Rental Pack: 1Month Pack),2,カート用延長フラグ,Extension SoftBank 601HW [20GB],1,,,,,,,,*,sk/img001-ex.jpg,*,sk/img001-ex.jpg,,,,,,,,,,,,,,,,,,,,,,,0,1,en_sk_ex_014,,1,,5850,5850,,5,,,,,,,,,,,,,,,,,"23,24","NEW extension,Extension SoftBank 601HW BLACK"
1665,9850,748,1860,Yes,19-[extension]20Days (Value Rental Pack: 1Month Pack),2,カート用延長フラグ,Extension SoftBank 601HW [20GB],1,,,,,,,,*,sk/img001-ex.jpg,*,sk/img001-ex.jpg,,,,,,,,,,,,,,,,,,,,,,,0,1,en_sk_ex_014_bt,,1,,5850,6600,,5,,,,,,,,,,,,,,,,,"23,24","NEW extension,Extension SoftBank 601HW BLACK"
1665,9851,747,1860,No,19-[extension]20Days (Value Rental Pack: 1Month Pack),2,カート用延長フラグ,Extension SoftBank 601HW [20GB],1,,,,,,,,*,sk/img001-ex.jpg,*,sk/img001-ex.jpg,,,,,,,,,,,,,,,,,,,,,,,0,1,en_sk_ex_014,,1,,5850,5850,,5,,,,,,,,,,,,,,,,,"23,24","NEW extension,Extension SoftBank 601HW BLACK"
1665,9852,748,1861,Yes,20-[extension]21Days (Value Rental Pack: 1Month Pack),2,カート用延長フラグ,Extension SoftBank 601HW [20GB],1,,,,,,,,*,sk/img001-ex.jpg,*,sk/img001-ex.jpg,,,,,,,,,,,,,,,,,,,,,,,0,1,en_sk_ex_014_bt,,1,,5850,6600,,5,,,,,,,,,,,,,,,,,"23,24","NEW extension,Extension SoftBank 601HW BLACK"
1665,9853,747,1861,No,20-[extension]21Days (Value Rental Pack: 1Month Pack),2,カート用延長フラグ,Extension SoftBank 601HW [20GB],1,,,,,,,,*,sk/img001-ex.jpg,*,sk/img001-ex.jpg,,,,,,,,,,,,,,,,,,,,,,,0,1,en_sk_ex_014,,1,,5850,5850,,5,,,,,,,,,,,,,,,,,"23,24","NEW extension,Extension SoftBank 601HW BLACK"
1665,9854,748,1862,Yes,21-[extension]22Days (Value Rental Pack: 1Month Pack),2,カート用延長フラグ,Extension SoftBank 601HW [20GB],1,,,,,,,,*,sk/img001-ex.jpg,*,sk/img001-ex.jpg,,,,,,,,,,,,,,,,,,,,,,,0,1,en_sk_ex_014_bt,,1,,5850,6600,,5,,,,,,,,,,,,,,,,,"23,24","NEW extension,Extension SoftBank 601HW BLACK"
1665,9855,747,1862,No,21-[extension]22Days (Value Rental Pack: 1Month Pack),2,カート用延長フラグ,Extension SoftBank 601HW [20GB],1,,,,,,,,*,sk/img001-ex.jpg,*,sk/img001-ex.jpg,,,,,,,,,,,,,,,,,,,,,,,0,1,en_sk_ex_014,,1,,5850,5850,,5,,,,,,,,,,,,,,,,,"23,24","NEW extension,Extension SoftBank 601HW BLACK"
1665,9856,748,1863,Yes,22-[extension]23Days (Value Rental Pack: 1Month Pack),2,カート用延長フラグ,Extension SoftBank 601HW [20GB],1,,,,,,,,*,sk/img001-ex.jpg,*,sk/img001-ex.jpg,,,,,,,,,,,,,,,,,,,,,,,0,1,en_sk_ex_014_bt,,1,,5850,6600,,5,,,,,,,,,,,,,,,,,"23,24","NEW extension,Extension SoftBank 601HW BLACK"
1665,9857,747,1863,No,22-[extension]23Days (Value Rental Pack: 1Month Pack),2,カート用延長フラグ,Extension SoftBank 601HW [20GB],1,,,,,,,,*,sk/img001-ex.jpg,*,sk/img001-ex.jpg,,,,,,,,,,,,,,,,,,,,,,,0,1,en_sk_ex_014,,1,,5850,5850,,5,,,,,,,,,,,,,,,,,"23,24","NEW extension,Extension SoftBank 601HW BLACK"
1665,9858,748,1864,Yes,23-[extension]24Days (Value Rental Pack: 1Month Pack),2,カート用延長フラグ,Extension SoftBank 601HW [20GB],1,,,,,,,,*,sk/img001-ex.jpg,*,sk/img001-ex.jpg,,,,,,,,,,,,,,,,,,,,,,,0,1,en_sk_ex_014_bt,,1,,5850,6600,,5,,,,,,,,,,,,,,,,,"23,24","NEW extension,Extension SoftBank 601HW BLACK"
1665,9859,747,1864,No,23-[extension]24Days (Value Rental Pack: 1Month Pack),2,カート用延長フラグ,Extension SoftBank 601HW [20GB],1,,,,,,,,*,sk/img001-ex.jpg,*,sk/img001-ex.jpg,,,,,,,,,,,,,,,,,,,,,,,0,1,en_sk_ex_014,,1,,5850,5850,,5,,,,,,,,,,,,,,,,,"23,24","NEW extension,Extension SoftBank 601HW BLACK"
1665,9860,748,1865,Yes,24-[extension]25Days (Value Rental Pack: 1Month Pack),2,カート用延長フラグ,Extension SoftBank 601HW [20GB],1,,,,,,,,*,sk/img001-ex.jpg,*,sk/img001-ex.jpg,,,,,,,,,,,,,,,,,,,,,,,0,1,en_sk_ex_014_bt,,1,,5850,6600,,5,,,,,,,,,,,,,,,,,"23,24","NEW extension,Extension SoftBank 601HW BLACK"
1665,9861,747,1865,No,24-[extension]25Days (Value Rental Pack: 1Month Pack),2,カート用延長フラグ,Extension SoftBank 601HW [20GB],1,,,,,,,,*,sk/img001-ex.jpg,*,sk/img001-ex.jpg,,,,,,,,,,,,,,,,,,,,,,,0,1,en_sk_ex_014,,1,,5850,5850,,5,,,,,,,,,,,,,,,,,"23,24","NEW extension,Extension SoftBank 601HW BLACK"
1665,9862,748,1866,Yes,25-[extension]26Days (Value Rental Pack: 1Month Pack),2,カート用延長フラグ,Extension SoftBank 601HW [20GB],1,,,,,,,,*,sk/img001-ex.jpg,*,sk/img001-ex.jpg,,,,,,,,,,,,,,,,,,,,,,,0,1,en_sk_ex_014_bt,,1,,5850,6600,,5,,,,,,,,,,,,,,,,,"23,24","NEW extension,Extension SoftBank 601HW BLACK"
1665,9863,747,1866,No,25-[extension]26Days (Value Rental Pack: 1Month Pack),2,カート用延長フラグ,Extension SoftBank 601HW [20GB],1,,,,,,,,*,sk/img001-ex.jpg,*,sk/img001-ex.jpg,,,,,,,,,,,,,,,,,,,,,,,0,1,en_sk_ex_014,,1,,5850,5850,,5,,,,,,,,,,,,,,,,,"23,24","NEW extension,Extension SoftBank 601HW BLACK"
1665,9864,748,1867,Yes,26-[extension]27Days (Value Rental Pack: 1Month Pack),2,カート用延長フラグ,Extension SoftBank 601HW [20GB],1,,,,,,,,*,sk/img001-ex.jpg,*,sk/img001-ex.jpg,,,,,,,,,,,,,,,,,,,,,,,0,1,en_sk_ex_014_bt,,1,,5850,6600,,5,,,,,,,,,,,,,,,,,"23,24","NEW extension,Extension SoftBank 601HW BLACK"
1665,9865,747,1867,No,26-[extension]27Days (Value Rental Pack: 1Month Pack),2,カート用延長フラグ,Extension SoftBank 601HW [20GB],1,,,,,,,,*,sk/img001-ex.jpg,*,sk/img001-ex.jpg,,,,,,,,,,,,,,,,,,,,,,,0,1,en_sk_ex_014,,1,,5850,5850,,5,,,,,,,,,,,,,,,,,"23,24","NEW extension,Extension SoftBank 601HW BLACK"
1665,9866,748,1868,Yes,27-[extension]28Days (Value Rental Pack: 1Month Pack),2,カート用延長フラグ,Extension SoftBank 601HW [20GB],1,,,,,,,,*,sk/img001-ex.jpg,*,sk/img001-ex.jpg,,,,,,,,,,,,,,,,,,,,,,,0,1,en_sk_ex_014_bt,,1,,5850,6600,,5,,,,,,,,,,,,,,,,,"23,24","NEW extension,Extension SoftBank 601HW BLACK"
1665,9867,747,1868,No,27-[extension]28Days (Value Rental Pack: 1Month Pack),2,カート用延長フラグ,Extension SoftBank 601HW [20GB],1,,,,,,,,*,sk/img001-ex.jpg,*,sk/img001-ex.jpg,,,,,,,,,,,,,,,,,,,,,,,0,1,en_sk_ex_014,,1,,5850,5850,,5,,,,,,,,,,,,,,,,,"23,24","NEW extension,Extension SoftBank 601HW BLACK"
1665,9868,748,1869,Yes,28-[extension]29Days (Value Rental Pack: 1Month Pack),2,カート用延長フラグ,Extension SoftBank 601HW [20GB],1,,,,,,,,*,sk/img001-ex.jpg,*,sk/img001-ex.jpg,,,,,,,,,,,,,,,,,,,,,,,0,1,en_sk_ex_014_bt,,1,,5850,6600,,5,,,,,,,,,,,,,,,,,"23,24","NEW extension,Extension SoftBank 601HW BLACK"
1665,9869,747,1869,No,28-[extension]29Days (Value Rental Pack: 1Month Pack),2,カート用延長フラグ,Extension SoftBank 601HW [20GB],1,,,,,,,,*,sk/img001-ex.jpg,*,sk/img001-ex.jpg,,,,,,,,,,,,,,,,,,,,,,,0,1,en_sk_ex_014,,1,,5850,5850,,5,,,,,,,,,,,,,,,,,"23,24","NEW extension,Extension SoftBank 601HW BLACK"
1665,9870,748,1870,Yes,29-[extension]30Days (Value Rental Pack: 1Month Pack),2,カート用延長フラグ,Extension SoftBank 601HW [20GB],1,,,,,,,,*,sk/img001-ex.jpg,*,sk/img001-ex.jpg,,,,,,,,,,,,,,,,,,,,,,,0,1,en_sk_ex_014_bt,,1,,5850,6600,,5,,,,,,,,,,,,,,,,,"23,24","NEW extension,Extension SoftBank 601HW BLACK"
1665,9871,747,1870,No,29-[extension]30Days (Value Rental Pack: 1Month Pack),2,カート用延長フラグ,Extension SoftBank 601HW [20GB],1,,,,,,,,*,sk/img001-ex.jpg,*,sk/img001-ex.jpg,,,,,,,,,,,,,,,,,,,,,,,0,1,en_sk_ex_014,,1,,5850,5850,,5,,,,,,,,,,,,,,,,,"23,24","NEW extension,Extension SoftBank 601HW BLACK"
1665,9872,748,1871,Yes,30-[extension]31Days (Value Rental Pack: 1Month Pack),2,カート用延長フラグ,Extension SoftBank 601HW [20GB],1,,,,,,,,*,sk/img001-ex.jpg,*,sk/img001-ex.jpg,,,,,,,,,,,,,,,,,,,,,,,0,1,en_sk_ex_014_bt,,1,,5850,6600,,5,,,,,,,,,,,,,,,,,"23,24","NEW extension,Extension SoftBank 601HW BLACK"
1665,9873,747,1871,No,30-[extension]31Days (Value Rental Pack: 1Month Pack),2,カート用延長フラグ,Extension SoftBank 601HW [20GB],1,,,,,,,,*,sk/img001-ex.jpg,*,sk/img001-ex.jpg,,,,,,,,,,,,,,,,,,,,,,,0,1,en_sk_ex_014,,1,,5850,5850,,5,,,,,,,,,,,,,,,,,"23,24","NEW extension,Extension SoftBank 601HW BLACK"
1665,9874,748,1872,Yes,31-[extension]32Days (Value Rental Pack: 1Month Pack + 1Day),2,カート用延長フラグ,Extension SoftBank 601HW [20GB],1,,,,,,,,*,sk/img001-ex.jpg,*,sk/img001-ex.jpg,,,,,,,,,,,,,,,,,,,,,,,0,1,en_sk_ex_031_bt,,1,,6240,7040,,5,,,,,,,,,,,,,,,,,"23,24","NEW extension,Extension SoftBank 601HW BLACK"
1665,9875,747,1872,No,31-[extension]32Days (Value Rental Pack: 1Month Pack + 1Day),2,カート用延長フラグ,Extension SoftBank 601HW [20GB],1,,,,,,,,*,sk/img001-ex.jpg,*,sk/img001-ex.jpg,,,,,,,,,,,,,,,,,,,,,,,0,1,en_sk_ex_031,,1,,6240,6240,,5,,,,,,,,,,,,,,,,,"23,24","NEW extension,Extension SoftBank 601HW BLACK"
1665,9876,748,1873,Yes,32-[extension]33Days (Value Rental Pack: 1Month Pack + 2Days),2,カート用延長フラグ,Extension SoftBank 601HW [20GB],1,,,,,,,,*,sk/img001-ex.jpg,*,sk/img001-ex.jpg,,,,,,,,,,,,,,,,,,,,,,,0,1,en_sk_ex_032_bt,,1,,6630,7480,,5,,,,,,,,,,,,,,,,,"23,24","NEW extension,Extension SoftBank 601HW BLACK"
1665,9877,747,1873,No,32-[extension]33Days (Value Rental Pack: 1Month Pack + 2Days),2,カート用延長フラグ,Extension SoftBank 601HW [20GB],1,,,,,,,,*,sk/img001-ex.jpg,*,sk/img001-ex.jpg,,,,,,,,,,,,,,,,,,,,,,,0,1,en_sk_ex_032,,1,,6630,6630,,5,,,,,,,,,,,,,,,,,"23,24","NEW extension,Extension SoftBank 601HW BLACK"
1665,9878,748,1874,Yes,33-[extension]34Days (Value Rental Pack: 1Month Pack + 3Days),2,カート用延長フラグ,Extension SoftBank 601HW [20GB],1,,,,,,,,*,sk/img001-ex.jpg,*,sk/img001-ex.jpg,,,,,,,,,,,,,,,,,,,,,,,0,1,en_sk_ex_033_bt,,1,,7020,7920,,5,,,,,,,,,,,,,,,,,"23,24","NEW extension,Extension SoftBank 601HW BLACK"
1665,9879,747,1874,No,33-[extension]34Days (Value Rental Pack: 1Month Pack + 3Days),2,カート用延長フラグ,Extension SoftBank 601HW [20GB],1,,,,,,,,*,sk/img001-ex.jpg,*,sk/img001-ex.jpg,,,,,,,,,,,,,,,,,,,,,,,0,1,en_sk_ex_033,,1,,7020,7020,,5,,,,,,,,,,,,,,,,,"23,24","NEW extension,Extension SoftBank 601HW BLACK"
1665,9880,748,1875,Yes,34-[extension]35Days (Value Rental Pack: 1Month Pack + 4Days),2,カート用延長フラグ,Extension SoftBank 601HW [20GB],1,,,,,,,,*,sk/img001-ex.jpg,*,sk/img001-ex.jpg,,,,,,,,,,,,,,,,,,,,,,,0,1,en_sk_ex_034_bt,,1,,7410,8360,,5,,,,,,,,,,,,,,,,,"23,24","NEW extension,Extension SoftBank 601HW BLACK"
1665,9881,747,1875,No,34-[extension]35Days (Value Rental Pack: 1Month Pack + 4Days),2,カート用延長フラグ,Extension SoftBank 601HW [20GB],1,,,,,,,,*,sk/img001-ex.jpg,*,sk/img001-ex.jpg,,,,,,,,,,,,,,,,,,,,,,,0,1,en_sk_ex_034,,1,,7410,7410,,5,,,,,,,,,,,,,,,,,"23,24","NEW extension,Extension SoftBank 601HW BLACK"
1665,9882,748,1876,Yes,35-[extension]36Days (Value Rental Pack: 1Month Pack + 5Days),2,カート用延長フラグ,Extension SoftBank 601HW [20GB],1,,,,,,,,*,sk/img001-ex.jpg,*,sk/img001-ex.jpg,,,,,,,,,,,,,,,,,,,,,,,0,1,en_sk_ex_035_bt,,1,,7800,8800,,5,,,,,,,,,,,,,,,,,"23,24","NEW extension,Extension SoftBank 601HW BLACK"
1665,9883,747,1876,No,35-[extension]36Days (Value Rental Pack: 1Month Pack + 5Days),2,カート用延長フラグ,Extension SoftBank 601HW [20GB],1,,,,,,,,*,sk/img001-ex.jpg,*,sk/img001-ex.jpg,,,,,,,,,,,,,,,,,,,,,,,0,1,en_sk_ex_035,,1,,7800,7800,,5,,,,,,,,,,,,,,,,,"23,24","NEW extension,Extension SoftBank 601HW BLACK"
1665,9884,748,1877,Yes,36-[extension]37Days (Value Rental Pack: 1Month Pack + 6Days),2,カート用延長フラグ,Extension SoftBank 601HW [20GB],1,,,,,,,,*,sk/img001-ex.jpg,*,sk/img001-ex.jpg,,,,,,,,,,,,,,,,,,,,,,,0,1,en_sk_ex_036_bt,,1,,8190,9240,,5,,,,,,,,,,,,,,,,,"23,24","NEW extension,Extension SoftBank 601HW BLACK"
1665,9885,747,1877,No,36-[extension]37Days (Value Rental Pack: 1Month Pack + 6Days),2,カート用延長フラグ,Extension SoftBank 601HW [20GB],1,,,,,,,,*,sk/img001-ex.jpg,*,sk/img001-ex.jpg,,,,,,,,,,,,,,,,,,,,,,,0,1,en_sk_ex_036,,1,,8190,8190,,5,,,,,,,,,,,,,,,,,"23,24","NEW extension,Extension SoftBank 601HW BLACK"
1665,9886,748,1878,Yes,37-[extension]38Days (Value Rental Pack: 1Month Pack + 7Days),2,カート用延長フラグ,Extension SoftBank 601HW [20GB],1,,,,,,,,*,sk/img001-ex.jpg,*,sk/img001-ex.jpg,,,,,,,,,,,,,,,,,,,,,,,0,1,en_sk_ex_037_bt,,1,,8580,9630,,5,,,,,,,,,,,,,,,,,"23,24","NEW extension,Extension SoftBank 601HW BLACK"
1665,9887,747,1878,No,37-[extension]38Days (Value Rental Pack: 1Month Pack + 7Days),2,カート用延長フラグ,Extension SoftBank 601HW [20GB],1,,,,,,,,*,sk/img001-ex.jpg,*,sk/img001-ex.jpg,,,,,,,,,,,,,,,,,,,,,,,0,1,en_sk_ex_037,,1,,8580,8580,,5,,,,,,,,,,,,,,,,,"23,24","NEW extension,Extension SoftBank 601HW BLACK"
1665,9888,748,1879,Yes,38-[extension]39Days (Value Rental Pack: 1Month Pack + 8Days),2,カート用延長フラグ,Extension SoftBank 601HW [20GB],1,,,,,,,,*,sk/img001-ex.jpg,*,sk/img001-ex.jpg,,,,,,,,,,,,,,,,,,,,,,,0,1,en_sk_ex_038_bt,,1,,8970,10020,,5,,,,,,,,,,,,,,,,,"23,24","NEW extension,Extension SoftBank 601HW BLACK"
1665,9889,747,1879,No,38-[extension]39Days (Value Rental Pack: 1Month Pack + 8Days),2,カート用延長フラグ,Extension SoftBank 601HW [20GB],1,,,,,,,,*,sk/img001-ex.jpg,*,sk/img001-ex.jpg,,,,,,,,,,,,,,,,,,,,,,,0,1,en_sk_ex_038,,1,,8970,8970,,5,,,,,,,,,,,,,,,,,"23,24","NEW extension,Extension SoftBank 601HW BLACK"
1665,9890,748,1880,Yes,39-[extension]40Days (Value Rental Pack: 1Month Pack + 9Days),2,カート用延長フラグ,Extension SoftBank 601HW [20GB],1,,,,,,,,*,sk/img001-ex.jpg,*,sk/img001-ex.jpg,,,,,,,,,,,,,,,,,,,,,,,0,1,en_sk_ex_039_bt,,1,,9360,10410,,5,,,,,,,,,,,,,,,,,"23,24","NEW extension,Extension SoftBank 601HW BLACK"
1665,9891,747,1880,No,39-[extension]40Days (Value Rental Pack: 1Month Pack + 9Days),2,カート用延長フラグ,Extension SoftBank 601HW [20GB],1,,,,,,,,*,sk/img001-ex.jpg,*,sk/img001-ex.jpg,,,,,,,,,,,,,,,,,,,,,,,0,1,en_sk_ex_039,,1,,9360,9360,,5,,,,,,,,,,,,,,,,,"23,24","NEW extension,Extension SoftBank 601HW BLACK"
1665,9892,748,1881,Yes,40-[extension]41Days (Value Rental Pack: 1Month Pack + 10Days),2,カート用延長フラグ,Extension SoftBank 601HW [20GB],1,,,,,,,,*,sk/img001-ex.jpg,*,sk/img001-ex.jpg,,,,,,,,,,,,,,,,,,,,,,,0,1,en_sk_ex_040_bt,,1,,9750,10800,,5,,,,,,,,,,,,,,,,,"23,24","NEW extension,Extension SoftBank 601HW BLACK"
1665,9893,747,1881,No,40-[extension]41Days (Value Rental Pack: 1Month Pack + 10Days),2,カート用延長フラグ,Extension SoftBank 601HW [20GB],1,,,,,,,,*,sk/img001-ex.jpg,*,sk/img001-ex.jpg,,,,,,,,,,,,,,,,,,,,,,,0,1,en_sk_ex_040,,1,,9750,9750,,5,,,,,,,,,,,,,,,,,"23,24","NEW extension,Extension SoftBank 601HW BLACK"
1665,9894,748,1882,Yes,41-[extension]42Days (Value Rental Pack: 1Month Pack + 11Days),2,カート用延長フラグ,Extension SoftBank 601HW [20GB],1,,,,,,,,*,sk/img001-ex.jpg,*,sk/img001-ex.jpg,,,,,,,,,,,,,,,,,,,,,,,0,1,en_sk_ex_041_bt,,1,,10140,11190,,5,,,,,,,,,,,,,,,,,"23,24","NEW extension,Extension SoftBank 601HW BLACK"
1665,9895,747,1882,No,41-[extension]42Days (Value Rental Pack: 1Month Pack + 11Days),2,カート用延長フラグ,Extension SoftBank 601HW [20GB],1,,,,,,,,*,sk/img001-ex.jpg,*,sk/img001-ex.jpg,,,,,,,,,,,,,,,,,,,,,,,0,1,en_sk_ex_041,,1,,10140,10140,,5,,,,,,,,,,,,,,,,,"23,24","NEW extension,Extension SoftBank 601HW BLACK"
1665,9896,748,1883,Yes,42-[extension]43Days (Value Rental Pack: 2Months Pack),2,カート用延長フラグ,Extension SoftBank 601HW [20GB],1,,,,,,,,*,sk/img001-ex.jpg,*,sk/img001-ex.jpg,,,,,,,,,,,,,,,,,,,,,,,0,1,en_sk_ex_060_bt,,1,,10400,11450,,5,,,,,,,,,,,,,,,,,"23,24","NEW extension,Extension SoftBank 601HW BLACK"
1665,9897,747,1883,No,42-[extension]43Days (Value Rental Pack: 2Months Pack),2,カート用延長フラグ,Extension SoftBank 601HW [20GB],1,,,,,,,,*,sk/img001-ex.jpg,*,sk/img001-ex.jpg,,,,,,,,,,,,,,,,,,,,,,,0,1,en_sk_ex_060,,1,,10400,10400,,5,,,,,,,,,,,,,,,,,"23,24","NEW extension,Extension SoftBank 601HW BLACK"
1665,9898,748,1884,Yes,43-[extension]44Days (Value Rental Pack: 2Months Pack),2,カート用延長フラグ,Extension SoftBank 601HW [20GB],1,,,,,,,,*,sk/img001-ex.jpg,*,sk/img001-ex.jpg,,,,,,,,,,,,,,,,,,,,,,,0,1,en_sk_ex_060_bt,,1,,10400,11450,,5,,,,,,,,,,,,,,,,,"23,24","NEW extension,Extension SoftBank 601HW BLACK"
1665,9899,747,1884,No,43-[extension]44Days (Value Rental Pack: 2Months Pack),2,カート用延長フラグ,Extension SoftBank 601HW [20GB],1,,,,,,,,*,sk/img001-ex.jpg,*,sk/img001-ex.jpg,,,,,,,,,,,,,,,,,,,,,,,0,1,en_sk_ex_060,,1,,10400,10400,,5,,,,,,,,,,,,,,,,,"23,24","NEW extension,Extension SoftBank 601HW BLACK"
1665,9900,748,1885,Yes,44-[extension]45Days (Value Rental Pack: 2Months Pack),2,カート用延長フラグ,Extension SoftBank 601HW [20GB],1,,,,,,,,*,sk/img001-ex.jpg,*,sk/img001-ex.jpg,,,,,,,,,,,,,,,,,,,,,,,0,1,en_sk_ex_060_bt,,1,,10400,11450,,5,,,,,,,,,,,,,,,,,"23,24","NEW extension,Extension SoftBank 601HW BLACK"
1665,9901,747,1885,No,44-[extension]45Days (Value Rental Pack: 2Months Pack),2,カート用延長フラグ,Extension SoftBank 601HW [20GB],1,,,,,,,,*,sk/img001-ex.jpg,*,sk/img001-ex.jpg,,,,,,,,,,,,,,,,,,,,,,,0,1,en_sk_ex_060,,1,,10400,10400,,5,,,,,,,,,,,,,,,,,"23,24","NEW extension,Extension SoftBank 601HW BLACK"
1665,9902,748,1886,Yes,45-[extension]46Days (Value Rental Pack: 2Months Pack),2,カート用延長フラグ,Extension SoftBank 601HW [20GB],1,,,,,,,,*,sk/img001-ex.jpg,*,sk/img001-ex.jpg,,,,,,,,,,,,,,,,,,,,,,,0,1,en_sk_ex_060_bt,,1,,10400,11450,,5,,,,,,,,,,,,,,,,,"23,24","NEW extension,Extension SoftBank 601HW BLACK"
1665,9903,747,1886,No,45-[extension]46Days (Value Rental Pack: 2Months Pack),2,カート用延長フラグ,Extension SoftBank 601HW [20GB],1,,,,,,,,*,sk/img001-ex.jpg,*,sk/img001-ex.jpg,,,,,,,,,,,,,,,,,,,,,,,0,1,en_sk_ex_060,,1,,10400,10400,,5,,,,,,,,,,,,,,,,,"23,24","NEW extension,Extension SoftBank 601HW BLACK"
1665,9904,748,1887,Yes,46-[extension]47Days (Value Rental Pack: 2Months Pack),2,カート用延長フラグ,Extension SoftBank 601HW [20GB],1,,,,,,,,*,sk/img001-ex.jpg,*,sk/img001-ex.jpg,,,,,,,,,,,,,,,,,,,,,,,0,1,en_sk_ex_060_bt,,1,,10400,11450,,5,,,,,,,,,,,,,,,,,"23,24","NEW extension,Extension SoftBank 601HW BLACK"
1665,9905,747,1887,No,46-[extension]47Days (Value Rental Pack: 2Months Pack),2,カート用延長フラグ,Extension SoftBank 601HW [20GB],1,,,,,,,,*,sk/img001-ex.jpg,*,sk/img001-ex.jpg,,,,,,,,,,,,,,,,,,,,,,,0,1,en_sk_ex_060,,1,,10400,10400,,5,,,,,,,,,,,,,,,,,"23,24","NEW extension,Extension SoftBank 601HW BLACK"
1665,9906,748,1888,Yes,47-[extension]48Days (Value Rental Pack: 2Months Pack),2,カート用延長フラグ,Extension SoftBank 601HW [20GB],1,,,,,,,,*,sk/img001-ex.jpg,*,sk/img001-ex.jpg,,,,,,,,,,,,,,,,,,,,,,,0,1,en_sk_ex_060_bt,,1,,10400,11450,,5,,,,,,,,,,,,,,,,,"23,24","NEW extension,Extension SoftBank 601HW BLACK"
1665,9907,747,1888,No,47-[extension]48Days (Value Rental Pack: 2Months Pack),2,カート用延長フラグ,Extension SoftBank 601HW [20GB],1,,,,,,,,*,sk/img001-ex.jpg,*,sk/img001-ex.jpg,,,,,,,,,,,,,,,,,,,,,,,0,1,en_sk_ex_060,,1,,10400,10400,,5,,,,,,,,,,,,,,,,,"23,24","NEW extension,Extension SoftBank 601HW BLACK"
1665,9908,748,1889,Yes,48-[extension]49Days (Value Rental Pack: 2Months Pack),2,カート用延長フラグ,Extension SoftBank 601HW [20GB],1,,,,,,,,*,sk/img001-ex.jpg,*,sk/img001-ex.jpg,,,,,,,,,,,,,,,,,,,,,,,0,1,en_sk_ex_060_bt,,1,,10400,11450,,5,,,,,,,,,,,,,,,,,"23,24","NEW extension,Extension SoftBank 601HW BLACK"
1665,9909,747,1889,No,48-[extension]49Days (Value Rental Pack: 2Months Pack),2,カート用延長フラグ,Extension SoftBank 601HW [20GB],1,,,,,,,,*,sk/img001-ex.jpg,*,sk/img001-ex.jpg,,,,,,,,,,,,,,,,,,,,,,,0,1,en_sk_ex_060,,1,,10400,10400,,5,,,,,,,,,,,,,,,,,"23,24","NEW extension,Extension SoftBank 601HW BLACK"
1665,9910,748,1890,Yes,49-[extension]50Days (Value Rental Pack: 2Months Pack),2,カート用延長フラグ,Extension SoftBank 601HW [20GB],1,,,,,,,,*,sk/img001-ex.jpg,*,sk/img001-ex.jpg,,,,,,,,,,,,,,,,,,,,,,,0,1,en_sk_ex_060_bt,,1,,10400,11450,,5,,,,,,,,,,,,,,,,,"23,24","NEW extension,Extension SoftBank 601HW BLACK"
1665,9911,747,1890,No,49-[extension]50Days (Value Rental Pack: 2Months Pack),2,カート用延長フラグ,Extension SoftBank 601HW [20GB],1,,,,,,,,*,sk/img001-ex.jpg,*,sk/img001-ex.jpg,,,,,,,,,,,,,,,,,,,,,,,0,1,en_sk_ex_060,,1,,10400,10400,,5,,,,,,,,,,,,,,,,,"23,24","NEW extension,Extension SoftBank 601HW BLACK"
1665,9912,748,1891,Yes,50-[extension]51Days (Value Rental Pack: 2Months Pack),2,カート用延長フラグ,Extension SoftBank 601HW [20GB],1,,,,,,,,*,sk/img001-ex.jpg,*,sk/img001-ex.jpg,,,,,,,,,,,,,,,,,,,,,,,0,1,en_sk_ex_060_bt,,1,,10400,11450,,5,,,,,,,,,,,,,,,,,"23,24","NEW extension,Extension SoftBank 601HW BLACK"
1665,9913,747,1891,No,50-[extension]51Days (Value Rental Pack: 2Months Pack),2,カート用延長フラグ,Extension SoftBank 601HW [20GB],1,,,,,,,,*,sk/img001-ex.jpg,*,sk/img001-ex.jpg,,,,,,,,,,,,,,,,,,,,,,,0,1,en_sk_ex_060,,1,,10400,10400,,5,,,,,,,,,,,,,,,,,"23,24","NEW extension,Extension SoftBank 601HW BLACK"
1665,9914,748,1892,Yes,51-[extension]52Days (Value Rental Pack: 2Months Pack),2,カート用延長フラグ,Extension SoftBank 601HW [20GB],1,,,,,,,,*,sk/img001-ex.jpg,*,sk/img001-ex.jpg,,,,,,,,,,,,,,,,,,,,,,,0,1,en_sk_ex_060_bt,,1,,10400,11450,,5,,,,,,,,,,,,,,,,,"23,24","NEW extension,Extension SoftBank 601HW BLACK"
1665,9915,747,1892,No,51-[extension]52Days (Value Rental Pack: 2Months Pack),2,カート用延長フラグ,Extension SoftBank 601HW [20GB],1,,,,,,,,*,sk/img001-ex.jpg,*,sk/img001-ex.jpg,,,,,,,,,,,,,,,,,,,,,,,0,1,en_sk_ex_060,,1,,10400,10400,,5,,,,,,,,,,,,,,,,,"23,24","NEW extension,Extension SoftBank 601HW BLACK"
1665,9916,748,1893,Yes,52-[extension]53Days (Value Rental Pack: 2Months Pack),2,カート用延長フラグ,Extension SoftBank 601HW [20GB],1,,,,,,,,*,sk/img001-ex.jpg,*,sk/img001-ex.jpg,,,,,,,,,,,,,,,,,,,,,,,0,1,en_sk_ex_060_bt,,1,,10400,11450,,5,,,,,,,,,,,,,,,,,"23,24","NEW extension,Extension SoftBank 601HW BLACK"
1665,9917,747,1893,No,52-[extension]53Days (Value Rental Pack: 2Months Pack),2,カート用延長フラグ,Extension SoftBank 601HW [20GB],1,,,,,,,,*,sk/img001-ex.jpg,*,sk/img001-ex.jpg,,,,,,,,,,,,,,,,,,,,,,,0,1,en_sk_ex_060,,1,,10400,10400,,5,,,,,,,,,,,,,,,,,"23,24","NEW extension,Extension SoftBank 601HW BLACK"
1665,9918,748,1894,Yes,53-[extension]54Days (Value Rental Pack: 2Months Pack),2,カート用延長フラグ,Extension SoftBank 601HW [20GB],1,,,,,,,,*,sk/img001-ex.jpg,*,sk/img001-ex.jpg,,,,,,,,,,,,,,,,,,,,,,,0,1,en_sk_ex_060_bt,,1,,10400,11450,,5,,,,,,,,,,,,,,,,,"23,24","NEW extension,Extension SoftBank 601HW BLACK"
1665,9919,747,1894,No,53-[extension]54Days (Value Rental Pack: 2Months Pack),2,カート用延長フラグ,Extension SoftBank 601HW [20GB],1,,,,,,,,*,sk/img001-ex.jpg,*,sk/img001-ex.jpg,,,,,,,,,,,,,,,,,,,,,,,0,1,en_sk_ex_060,,1,,10400,10400,,5,,,,,,,,,,,,,,,,,"23,24","NEW extension,Extension SoftBank 601HW BLACK"
1665,9920,748,1895,Yes,54-[extension]55Days (Value Rental Pack: 2Months Pack),2,カート用延長フラグ,Extension SoftBank 601HW [20GB],1,,,,,,,,*,sk/img001-ex.jpg,*,sk/img001-ex.jpg,,,,,,,,,,,,,,,,,,,,,,,0,1,en_sk_ex_060_bt,,1,,10400,11450,,5,,,,,,,,,,,,,,,,,"23,24","NEW extension,Extension SoftBank 601HW BLACK"
1665,9921,747,1895,No,54-[extension]55Days (Value Rental Pack: 2Months Pack),2,カート用延長フラグ,Extension SoftBank 601HW [20GB],1,,,,,,,,*,sk/img001-ex.jpg,*,sk/img001-ex.jpg,,,,,,,,,,,,,,,,,,,,,,,0,1,en_sk_ex_060,,1,,10400,10400,,5,,,,,,,,,,,,,,,,,"23,24","NEW extension,Extension SoftBank 601HW BLACK"
1665,9922,748,1896,Yes,55-[extension]56Days (Value Rental Pack: 2Months Pack),2,カート用延長フラグ,Extension SoftBank 601HW [20GB],1,,,,,,,,*,sk/img001-ex.jpg,*,sk/img001-ex.jpg,,,,,,,,,,,,,,,,,,,,,,,0,1,en_sk_ex_060_bt,,1,,10400,11450,,5,,,,,,,,,,,,,,,,,"23,24","NEW extension,Extension SoftBank 601HW BLACK"
1665,9923,747,1896,No,55-[extension]56Days (Value Rental Pack: 2Months Pack),2,カート用延長フラグ,Extension SoftBank 601HW [20GB],1,,,,,,,,*,sk/img001-ex.jpg,*,sk/img001-ex.jpg,,,,,,,,,,,,,,,,,,,,,,,0,1,en_sk_ex_060,,1,,10400,10400,,5,,,,,,,,,,,,,,,,,"23,24","NEW extension,Extension SoftBank 601HW BLACK"
1665,9924,748,1897,Yes,56-[extension]57Days (Value Rental Pack: 2Months Pack),2,カート用延長フラグ,Extension SoftBank 601HW [20GB],1,,,,,,,,*,sk/img001-ex.jpg,*,sk/img001-ex.jpg,,,,,,,,,,,,,,,,,,,,,,,0,1,en_sk_ex_060_bt,,1,,10400,11450,,5,,,,,,,,,,,,,,,,,"23,24","NEW extension,Extension SoftBank 601HW BLACK"
1665,9925,747,1897,No,56-[extension]57Days (Value Rental Pack: 2Months Pack),2,カート用延長フラグ,Extension SoftBank 601HW [20GB],1,,,,,,,,*,sk/img001-ex.jpg,*,sk/img001-ex.jpg,,,,,,,,,,,,,,,,,,,,,,,0,1,en_sk_ex_060,,1,,10400,10400,,5,,,,,,,,,,,,,,,,,"23,24","NEW extension,Extension SoftBank 601HW BLACK"
1665,9926,748,1898,Yes,57-[extension]58Days (Value Rental Pack: 2Months Pack),2,カート用延長フラグ,Extension SoftBank 601HW [20GB],1,,,,,,,,*,sk/img001-ex.jpg,*,sk/img001-ex.jpg,,,,,,,,,,,,,,,,,,,,,,,0,1,en_sk_ex_060_bt,,1,,10400,11450,,5,,,,,,,,,,,,,,,,,"23,24","NEW extension,Extension SoftBank 601HW BLACK"
1665,9927,747,1898,No,57-[extension]58Days (Value Rental Pack: 2Months Pack),2,カート用延長フラグ,Extension SoftBank 601HW [20GB],1,,,,,,,,*,sk/img001-ex.jpg,*,sk/img001-ex.jpg,,,,,,,,,,,,,,,,,,,,,,,0,1,en_sk_ex_060,,1,,10400,10400,,5,,,,,,,,,,,,,,,,,"23,24","NEW extension,Extension SoftBank 601HW BLACK"
1665,9928,748,1899,Yes,58-[extension]59Days (Value Rental Pack: 2Months Pack),2,カート用延長フラグ,Extension SoftBank 601HW [20GB],1,,,,,,,,*,sk/img001-ex.jpg,*,sk/img001-ex.jpg,,,,,,,,,,,,,,,,,,,,,,,0,1,en_sk_ex_060_bt,,1,,10400,11450,,5,,,,,,,,,,,,,,,,,"23,24","NEW extension,Extension SoftBank 601HW BLACK"
1665,9929,747,1899,No,58-[extension]59Days (Value Rental Pack: 2Months Pack),2,カート用延長フラグ,Extension SoftBank 601HW [20GB],1,,,,,,,,*,sk/img001-ex.jpg,*,sk/img001-ex.jpg,,,,,,,,,,,,,,,,,,,,,,,0,1,en_sk_ex_060,,1,,10400,10400,,5,,,,,,,,,,,,,,,,,"23,24","NEW extension,Extension SoftBank 601HW BLACK"
1665,9930,748,1900,Yes,59-[extension]60Days (Value Rental Pack: 2Months Pack),2,カート用延長フラグ,Extension SoftBank 601HW [20GB],1,,,,,,,,*,sk/img001-ex.jpg,*,sk/img001-ex.jpg,,,,,,,,,,,,,,,,,,,,,,,0,1,en_sk_ex_060_bt,,1,,10400,11450,,5,,,,,,,,,,,,,,,,,"23,24","NEW extension,Extension SoftBank 601HW BLACK"
1665,9931,747,1900,No,59-[extension]60Days (Value Rental Pack: 2Months Pack),2,カート用延長フラグ,Extension SoftBank 601HW [20GB],1,,,,,,,,*,sk/img001-ex.jpg,*,sk/img001-ex.jpg,,,,,,,,,,,,,,,,,,,,,,,0,1,en_sk_ex_060,,1,,10400,10400,,5,,,,,,,,,,,,,,,,,"23,24","NEW extension,Extension SoftBank 601HW BLACK"
1665,9932,748,1901,Yes,60-[extension]61Days (Value Rental Pack: 2Months Pack),2,カート用延長フラグ,Extension SoftBank 601HW [20GB],1,,,,,,,,*,sk/img001-ex.jpg,*,sk/img001-ex.jpg,,,,,,,,,,,,,,,,,,,,,,,0,1,en_sk_ex_060_bt,,1,,10400,11450,,5,,,,,,,,,,,,,,,,,"23,24","NEW extension,Extension SoftBank 601HW BLACK"
1665,9933,747,1901,No,60-[extension]61Days (Value Rental Pack: 2Months Pack),2,カート用延長フラグ,Extension SoftBank 601HW [20GB],1,,,,,,,,*,sk/img001-ex.jpg,*,sk/img001-ex.jpg,,,,,,,,,,,,,,,,,,,,,,,0,1,en_sk_ex_060,,1,,10400,10400,,5,,,,,,,,,,,,,,,,,"23,24","NEW extension,Extension SoftBank 601HW BLACK"
1665,9934,748,1902,Yes,61-[extension]62Days (Value Rental Pack: 2Months Pack + 1Day),2,カート用延長フラグ,Extension SoftBank 601HW [20GB],1,,,,,,,,*,sk/img001-ex.jpg,*,sk/img001-ex.jpg,,,,,,,,,,,,,,,,,,,,,,,0,1,en_sk_ex_061_bt,,1,,10790,11890,,5,,,,,,,,,,,,,,,,,"23,24","NEW extension,Extension SoftBank 601HW BLACK"
1665,9935,747,1902,No,61-[extension]62Days (Value Rental Pack: 2Months Pack + 1Day),2,カート用延長フラグ,Extension SoftBank 601HW [20GB],1,,,,,,,,*,sk/img001-ex.jpg,*,sk/img001-ex.jpg,,,,,,,,,,,,,,,,,,,,,,,0,1,en_sk_ex_061,,1,,10790,10790,,5,,,,,,,,,,,,,,,,,"23,24","NEW extension,Extension SoftBank 601HW BLACK"
1665,9936,748,1903,Yes,62-[extension]63Days (Value Rental Pack: 2Months Pack + 2Days),2,カート用延長フラグ,Extension SoftBank 601HW [20GB],1,,,,,,,,*,sk/img001-ex.jpg,*,sk/img001-ex.jpg,,,,,,,,,,,,,,,,,,,,,,,0,1,en_sk_ex_062_bt,,1,,11180,12330,,5,,,,,,,,,,,,,,,,,"23,24","NEW extension,Extension SoftBank 601HW BLACK"
1665,9937,747,1903,No,62-[extension]63Days (Value Rental Pack: 2Months Pack + 2Days),2,カート用延長フラグ,Extension SoftBank 601HW [20GB],1,,,,,,,,*,sk/img001-ex.jpg,*,sk/img001-ex.jpg,,,,,,,,,,,,,,,,,,,,,,,0,1,en_sk_ex_062,,1,,11180,11180,,5,,,,,,,,,,,,,,,,,"23,24","NEW extension,Extension SoftBank 601HW BLACK"
1665,9938,748,1904,Yes,63-[extension]64Days (Value Rental Pack: 2Months Pack + 3Days),2,カート用延長フラグ,Extension SoftBank 601HW [20GB],1,,,,,,,,*,sk/img001-ex.jpg,*,sk/img001-ex.jpg,,,,,,,,,,,,,,,,,,,,,,,0,1,en_sk_ex_063_bt,,1,,11570,12770,,5,,,,,,,,,,,,,,,,,"23,24","NEW extension,Extension SoftBank 601HW BLACK"
1665,9939,747,1904,No,63-[extension]64Days (Value Rental Pack: 2Months Pack + 3Days),2,カート用延長フラグ,Extension SoftBank 601HW [20GB],1,,,,,,,,*,sk/img001-ex.jpg,*,sk/img001-ex.jpg,,,,,,,,,,,,,,,,,,,,,,,0,1,en_sk_ex_063,,1,,11570,11570,,5,,,,,,,,,,,,,,,,,"23,24","NEW extension,Extension SoftBank 601HW BLACK"
1665,9940,748,1905,Yes,64-[extension]65Days (Value Rental Pack: 2Months Pack + 4Days),2,カート用延長フラグ,Extension SoftBank 601HW [20GB],1,,,,,,,,*,sk/img001-ex.jpg,*,sk/img001-ex.jpg,,,,,,,,,,,,,,,,,,,,,,,0,1,en_sk_ex_064_bt,,1,,11960,13210,,5,,,,,,,,,,,,,,,,,"23,24","NEW extension,Extension SoftBank 601HW BLACK"
1665,9941,747,1905,No,64-[extension]65Days (Value Rental Pack: 2Months Pack + 4Days),2,カート用延長フラグ,Extension SoftBank 601HW [20GB],1,,,,,,,,*,sk/img001-ex.jpg,*,sk/img001-ex.jpg,,,,,,,,,,,,,,,,,,,,,,,0,1,en_sk_ex_064,,1,,11960,11960,,5,,,,,,,,,,,,,,,,,"23,24","NEW extension,Extension SoftBank 601HW BLACK"
1665,9942,748,1906,Yes,65-[extension]66Days (Value Rental Pack: 2Months Pack + 5Days),2,カート用延長フラグ,Extension SoftBank 601HW [20GB],1,,,,,,,,*,sk/img001-ex.jpg,*,sk/img001-ex.jpg,,,,,,,,,,,,,,,,,,,,,,,0,1,en_sk_ex_065_bt,,1,,12350,13650,,5,,,,,,,,,,,,,,,,,"23,24","NEW extension,Extension SoftBank 601HW BLACK"
1665,9943,747,1906,No,65-[extension]66Days (Value Rental Pack: 2Months Pack + 5Days),2,カート用延長フラグ,Extension SoftBank 601HW [20GB],1,,,,,,,,*,sk/img001-ex.jpg,*,sk/img001-ex.jpg,,,,,,,,,,,,,,,,,,,,,,,0,1,en_sk_ex_065,,1,,12350,12350,,5,,,,,,,,,,,,,,,,,"23,24","NEW extension,Extension SoftBank 601HW BLACK"
1665,9944,748,1907,Yes,66-[extension]67Days (Value Rental Pack: 2Months Pack + 6Days),2,カート用延長フラグ,Extension SoftBank 601HW [20GB],1,,,,,,,,*,sk/img001-ex.jpg,*,sk/img001-ex.jpg,,,,,,,,,,,,,,,,,,,,,,,0,1,en_sk_ex_066_bt,,1,,12740,14090,,5,,,,,,,,,,,,,,,,,"23,24","NEW extension,Extension SoftBank 601HW BLACK"
1665,9945,747,1907,No,66-[extension]67Days (Value Rental Pack: 2Months Pack + 6Days),2,カート用延長フラグ,Extension SoftBank 601HW [20GB],1,,,,,,,,*,sk/img001-ex.jpg,*,sk/img001-ex.jpg,,,,,,,,,,,,,,,,,,,,,,,0,1,en_sk_ex_066,,1,,12740,12740,,5,,,,,,,,,,,,,,,,,"23,24","NEW extension,Extension SoftBank 601HW BLACK"
1665,9946,748,1908,Yes,67-[extension]68Days (Value Rental Pack: 2Months Pack + 7Days),2,カート用延長フラグ,Extension SoftBank 601HW [20GB],1,,,,,,,,*,sk/img001-ex.jpg,*,sk/img001-ex.jpg,,,,,,,,,,,,,,,,,,,,,,,0,1,en_sk_ex_067_bt,,1,,13130,14480,,5,,,,,,,,,,,,,,,,,"23,24","NEW extension,Extension SoftBank 601HW BLACK"
1665,9947,747,1908,No,67-[extension]68Days (Value Rental Pack: 2Months Pack + 7Days),2,カート用延長フラグ,Extension SoftBank 601HW [20GB],1,,,,,,,,*,sk/img001-ex.jpg,*,sk/img001-ex.jpg,,,,,,,,,,,,,,,,,,,,,,,0,1,en_sk_ex_067,,1,,13130,13130,,5,,,,,,,,,,,,,,,,,"23,24","NEW extension,Extension SoftBank 601HW BLACK"
1665,9948,748,1909,Yes,68-[extension]69Days (Value Rental Pack: 2Months Pack + 8Days),2,カート用延長フラグ,Extension SoftBank 601HW [20GB],1,,,,,,,,*,sk/img001-ex.jpg,*,sk/img001-ex.jpg,,,,,,,,,,,,,,,,,,,,,,,0,1,en_sk_ex_068_bt,,1,,13520,14870,,5,,,,,,,,,,,,,,,,,"23,24","NEW extension,Extension SoftBank 601HW BLACK"
1665,9949,747,1909,No,68-[extension]69Days (Value Rental Pack: 2Months Pack + 8Days),2,カート用延長フラグ,Extension SoftBank 601HW [20GB],1,,,,,,,,*,sk/img001-ex.jpg,*,sk/img001-ex.jpg,,,,,,,,,,,,,,,,,,,,,,,0,1,en_sk_ex_068,,1,,13520,13520,,5,,,,,,,,,,,,,,,,,"23,24","NEW extension,Extension SoftBank 601HW BLACK"
1665,9950,748,1910,Yes,69-[extension]70Days (Value Rental Pack: 2Months Pack + 9Days),2,カート用延長フラグ,Extension SoftBank 601HW [20GB],1,,,,,,,,*,sk/img001-ex.jpg,*,sk/img001-ex.jpg,,,,,,,,,,,,,,,,,,,,,,,0,1,en_sk_ex_069_bt,,1,,13910,15260,,5,,,,,,,,,,,,,,,,,"23,24","NEW extension,Extension SoftBank 601HW BLACK"
1665,9951,747,1910,No,69-[extension]70Days (Value Rental Pack: 2Months Pack + 9Days),2,カート用延長フラグ,Extension SoftBank 601HW [20GB],1,,,,,,,,*,sk/img001-ex.jpg,*,sk/img001-ex.jpg,,,,,,,,,,,,,,,,,,,,,,,0,1,en_sk_ex_069,,1,,13910,13910,,5,,,,,,,,,,,,,,,,,"23,24","NEW extension,Extension SoftBank 601HW BLACK"
1665,9952,748,1911,Yes,70-[extension]71Days (Value Rental Pack: 2Months Pack + 10Days),2,カート用延長フラグ,Extension SoftBank 601HW [20GB],1,,,,,,,,*,sk/img001-ex.jpg,*,sk/img001-ex.jpg,,,,,,,,,,,,,,,,,,,,,,,0,1,en_sk_ex_070_bt,,1,,14300,15650,,5,,,,,,,,,,,,,,,,,"23,24","NEW extension,Extension SoftBank 601HW BLACK"
1665,9953,747,1911,No,70-[extension]71Days (Value Rental Pack: 2Months Pack + 10Days),2,カート用延長フラグ,Extension SoftBank 601HW [20GB],1,,,,,,,,*,sk/img001-ex.jpg,*,sk/img001-ex.jpg,,,,,,,,,,,,,,,,,,,,,,,0,1,en_sk_ex_070,,1,,14300,14300,,5,,,,,,,,,,,,,,,,,"23,24","NEW extension,Extension SoftBank 601HW BLACK"
1665,9954,748,1912,Yes,71-[extension]72Days (Value Rental Pack: 3Months Pack),2,カート用延長フラグ,Extension SoftBank 601HW [20GB],1,,,,,,,,*,sk/img001-ex.jpg,*,sk/img001-ex.jpg,,,,,,,,,,,,,,,,,,,,,,,0,1,en_sk_ex_090_bt,,1,,14600,15950,,5,,,,,,,,,,,,,,,,,"23,24","NEW extension,Extension SoftBank 601HW BLACK"
1665,9955,747,1912,No,71-[extension]72Days (Value Rental Pack: 3Months Pack),2,カート用延長フラグ,Extension SoftBank 601HW [20GB],1,,,,,,,,*,sk/img001-ex.jpg,*,sk/img001-ex.jpg,,,,,,,,,,,,,,,,,,,,,,,0,1,en_sk_ex_090,,1,,14600,14600,,5,,,,,,,,,,,,,,,,,"23,24","NEW extension,Extension SoftBank 601HW BLACK"
1665,9956,748,1913,Yes,72-[extension]73Days (Value Rental Pack: 3Months Pack),2,カート用延長フラグ,Extension SoftBank 601HW [20GB],1,,,,,,,,*,sk/img001-ex.jpg,*,sk/img001-ex.jpg,,,,,,,,,,,,,,,,,,,,,,,0,1,en_sk_ex_090_bt,,1,,14600,15950,,5,,,,,,,,,,,,,,,,,"23,24","NEW extension,Extension SoftBank 601HW BLACK"
1665,9957,747,1913,No,72-[extension]73Days (Value Rental Pack: 3Months Pack),2,カート用延長フラグ,Extension SoftBank 601HW [20GB],1,,,,,,,,*,sk/img001-ex.jpg,*,sk/img001-ex.jpg,,,,,,,,,,,,,,,,,,,,,,,0,1,en_sk_ex_090,,1,,14600,14600,,5,,,,,,,,,,,,,,,,,"23,24","NEW extension,Extension SoftBank 601HW BLACK"
1665,9958,748,1914,Yes,73-[extension]74Days (Value Rental Pack: 3Months Pack),2,カート用延長フラグ,Extension SoftBank 601HW [20GB],1,,,,,,,,*,sk/img001-ex.jpg,*,sk/img001-ex.jpg,,,,,,,,,,,,,,,,,,,,,,,0,1,en_sk_ex_090_bt,,1,,14600,15950,,5,,,,,,,,,,,,,,,,,"23,24","NEW extension,Extension SoftBank 601HW BLACK"
1665,9959,747,1914,No,73-[extension]74Days (Value Rental Pack: 3Months Pack),2,カート用延長フラグ,Extension SoftBank 601HW [20GB],1,,,,,,,,*,sk/img001-ex.jpg,*,sk/img001-ex.jpg,,,,,,,,,,,,,,,,,,,,,,,0,1,en_sk_ex_090,,1,,14600,14600,,5,,,,,,,,,,,,,,,,,"23,24","NEW extension,Extension SoftBank 601HW BLACK"
1665,9960,748,1915,Yes,74-[extension]75Days (Value Rental Pack: 3Months Pack),2,カート用延長フラグ,Extension SoftBank 601HW [20GB],1,,,,,,,,*,sk/img001-ex.jpg,*,sk/img001-ex.jpg,,,,,,,,,,,,,,,,,,,,,,,0,1,en_sk_ex_090_bt,,1,,14600,15950,,5,,,,,,,,,,,,,,,,,"23,24","NEW extension,Extension SoftBank 601HW BLACK"
1665,9961,747,1915,No,74-[extension]75Days (Value Rental Pack: 3Months Pack),2,カート用延長フラグ,Extension SoftBank 601HW [20GB],1,,,,,,,,*,sk/img001-ex.jpg,*,sk/img001-ex.jpg,,,,,,,,,,,,,,,,,,,,,,,0,1,en_sk_ex_090,,1,,14600,14600,,5,,,,,,,,,,,,,,,,,"23,24","NEW extension,Extension SoftBank 601HW BLACK"
1665,9962,748,1916,Yes,75-[extension]76Days (Value Rental Pack: 3Months Pack),2,カート用延長フラグ,Extension SoftBank 601HW [20GB],1,,,,,,,,*,sk/img001-ex.jpg,*,sk/img001-ex.jpg,,,,,,,,,,,,,,,,,,,,,,,0,1,en_sk_ex_090_bt,,1,,14600,15950,,5,,,,,,,,,,,,,,,,,"23,24","NEW extension,Extension SoftBank 601HW BLACK"
1665,9963,747,1916,No,75-[extension]76Days (Value Rental Pack: 3Months Pack),2,カート用延長フラグ,Extension SoftBank 601HW [20GB],1,,,,,,,,*,sk/img001-ex.jpg,*,sk/img001-ex.jpg,,,,,,,,,,,,,,,,,,,,,,,0,1,en_sk_ex_090,,1,,14600,14600,,5,,,,,,,,,,,,,,,,,"23,24","NEW extension,Extension SoftBank 601HW BLACK"
1665,9964,748,1917,Yes,76-[extension]77Days (Value Rental Pack: 3Months Pack),2,カート用延長フラグ,Extension SoftBank 601HW [20GB],1,,,,,,,,*,sk/img001-ex.jpg,*,sk/img001-ex.jpg,,,,,,,,,,,,,,,,,,,,,,,0,1,en_sk_ex_090_bt,,1,,14600,15950,,5,,,,,,,,,,,,,,,,,"23,24","NEW extension,Extension SoftBank 601HW BLACK"
1665,9965,747,1917,No,76-[extension]77Days (Value Rental Pack: 3Months Pack),2,カート用延長フラグ,Extension SoftBank 601HW [20GB],1,,,,,,,,*,sk/img001-ex.jpg,*,sk/img001-ex.jpg,,,,,,,,,,,,,,,,,,,,,,,0,1,en_sk_ex_090,,1,,14600,14600,,5,,,,,,,,,,,,,,,,,"23,24","NEW extension,Extension SoftBank 601HW BLACK"
1665,9966,748,1918,Yes,77-[extension]78Days (Value Rental Pack: 3Months Pack),2,カート用延長フラグ,Extension SoftBank 601HW [20GB],1,,,,,,,,*,sk/img001-ex.jpg,*,sk/img001-ex.jpg,,,,,,,,,,,,,,,,,,,,,,,0,1,en_sk_ex_090_bt,,1,,14600,15950,,5,,,,,,,,,,,,,,,,,"23,24","NEW extension,Extension SoftBank 601HW BLACK"
1665,9967,747,1918,No,77-[extension]78Days (Value Rental Pack: 3Months Pack),2,カート用延長フラグ,Extension SoftBank 601HW [20GB],1,,,,,,,,*,sk/img001-ex.jpg,*,sk/img001-ex.jpg,,,,,,,,,,,,,,,,,,,,,,,0,1,en_sk_ex_090,,1,,14600,14600,,5,,,,,,,,,,,,,,,,,"23,24","NEW extension,Extension SoftBank 601HW BLACK"
1665,9968,748,1919,Yes,78-[extension]79Days (Value Rental Pack: 3Months Pack),2,カート用延長フラグ,Extension SoftBank 601HW [20GB],1,,,,,,,,*,sk/img001-ex.jpg,*,sk/img001-ex.jpg,,,,,,,,,,,,,,,,,,,,,,,0,1,en_sk_ex_090_bt,,1,,14600,15950,,5,,,,,,,,,,,,,,,,,"23,24","NEW extension,Extension SoftBank 601HW BLACK"
1665,9969,747,1919,No,78-[extension]79Days (Value Rental Pack: 3Months Pack),2,カート用延長フラグ,Extension SoftBank 601HW [20GB],1,,,,,,,,*,sk/img001-ex.jpg,*,sk/img001-ex.jpg,,,,,,,,,,,,,,,,,,,,,,,0,1,en_sk_ex_090,,1,,14600,14600,,5,,,,,,,,,,,,,,,,,"23,24","NEW extension,Extension SoftBank 601HW BLACK"
1665,9970,748,1920,Yes,79-[extension]80Days (Value Rental Pack: 3Months Pack),2,カート用延長フラグ,Extension SoftBank 601HW [20GB],1,,,,,,,,*,sk/img001-ex.jpg,*,sk/img001-ex.jpg,,,,,,,,,,,,,,,,,,,,,,,0,1,en_sk_ex_090_bt,,1,,14600,15950,,5,,,,,,,,,,,,,,,,,"23,24","NEW extension,Extension SoftBank 601HW BLACK"
1665,9971,747,1920,No,79-[extension]80Days (Value Rental Pack: 3Months Pack),2,カート用延長フラグ,Extension SoftBank 601HW [20GB],1,,,,,,,,*,sk/img001-ex.jpg,*,sk/img001-ex.jpg,,,,,,,,,,,,,,,,,,,,,,,0,1,en_sk_ex_090,,1,,14600,14600,,5,,,,,,,,,,,,,,,,,"23,24","NEW extension,Extension SoftBank 601HW BLACK"
1665,9972,748,1921,Yes,80-[extension]81Days (Value Rental Pack: 3Months Pack),2,カート用延長フラグ,Extension SoftBank 601HW [20GB],1,,,,,,,,*,sk/img001-ex.jpg,*,sk/img001-ex.jpg,,,,,,,,,,,,,,,,,,,,,,,0,1,en_sk_ex_090_bt,,1,,14600,15950,,5,,,,,,,,,,,,,,,,,"23,24","NEW extension,Extension SoftBank 601HW BLACK"
1665,9973,747,1921,No,80-[extension]81Days (Value Rental Pack: 3Months Pack),2,カート用延長フラグ,Extension SoftBank 601HW [20GB],1,,,,,,,,*,sk/img001-ex.jpg,*,sk/img001-ex.jpg,,,,,,,,,,,,,,,,,,,,,,,0,1,en_sk_ex_090,,1,,14600,14600,,5,,,,,,,,,,,,,,,,,"23,24","NEW extension,Extension SoftBank 601HW BLACK"
1665,9974,748,1922,Yes,81-[extension]82Days (Value Rental Pack: 3Months Pack),2,カート用延長フラグ,Extension SoftBank 601HW [20GB],1,,,,,,,,*,sk/img001-ex.jpg,*,sk/img001-ex.jpg,,,,,,,,,,,,,,,,,,,,,,,0,1,en_sk_ex_090_bt,,1,,14600,15950,,5,,,,,,,,,,,,,,,,,"23,24","NEW extension,Extension SoftBank 601HW BLACK"
1665,9975,747,1922,No,81-[extension]82Days (Value Rental Pack: 3Months Pack),2,カート用延長フラグ,Extension SoftBank 601HW [20GB],1,,,,,,,,*,sk/img001-ex.jpg,*,sk/img001-ex.jpg,,,,,,,,,,,,,,,,,,,,,,,0,1,en_sk_ex_090,,1,,14600,14600,,5,,,,,,,,,,,,,,,,,"23,24","NEW extension,Extension SoftBank 601HW BLACK"
1665,9976,748,1923,Yes,82-[extension]83Days (Value Rental Pack: 3Months Pack),2,カート用延長フラグ,Extension SoftBank 601HW [20GB],1,,,,,,,,*,sk/img001-ex.jpg,*,sk/img001-ex.jpg,,,,,,,,,,,,,,,,,,,,,,,0,1,en_sk_ex_090_bt,,1,,14600,15950,,5,,,,,,,,,,,,,,,,,"23,24","NEW extension,Extension SoftBank 601HW BLACK"
1665,9977,747,1923,No,82-[extension]83Days (Value Rental Pack: 3Months Pack),2,カート用延長フラグ,Extension SoftBank 601HW [20GB],1,,,,,,,,*,sk/img001-ex.jpg,*,sk/img001-ex.jpg,,,,,,,,,,,,,,,,,,,,,,,0,1,en_sk_ex_090,,1,,14600,14600,,5,,,,,,,,,,,,,,,,,"23,24","NEW extension,Extension SoftBank 601HW BLACK"
1665,9978,748,1924,Yes,83-[extension]84Days (Value Rental Pack: 3Months Pack),2,カート用延長フラグ,Extension SoftBank 601HW [20GB],1,,,,,,,,*,sk/img001-ex.jpg,*,sk/img001-ex.jpg,,,,,,,,,,,,,,,,,,,,,,,0,1,en_sk_ex_090_bt,,1,,14600,15950,,5,,,,,,,,,,,,,,,,,"23,24","NEW extension,Extension SoftBank 601HW BLACK"
1665,9979,747,1924,No,83-[extension]84Days (Value Rental Pack: 3Months Pack),2,カート用延長フラグ,Extension SoftBank 601HW [20GB],1,,,,,,,,*,sk/img001-ex.jpg,*,sk/img001-ex.jpg,,,,,,,,,,,,,,,,,,,,,,,0,1,en_sk_ex_090,,1,,14600,14600,,5,,,,,,,,,,,,,,,,,"23,24","NEW extension,Extension SoftBank 601HW BLACK"
1665,9980,748,1925,Yes,84-[extension]85Days (Value Rental Pack: 3Months Pack),2,カート用延長フラグ,Extension SoftBank 601HW [20GB],1,,,,,,,,*,sk/img001-ex.jpg,*,sk/img001-ex.jpg,,,,,,,,,,,,,,,,,,,,,,,0,1,en_sk_ex_090_bt,,1,,14600,15950,,5,,,,,,,,,,,,,,,,,"23,24","NEW extension,Extension SoftBank 601HW BLACK"
1665,9981,747,1925,No,84-[extension]85Days (Value Rental Pack: 3Months Pack),2,カート用延長フラグ,Extension SoftBank 601HW [20GB],1,,,,,,,,*,sk/img001-ex.jpg,*,sk/img001-ex.jpg,,,,,,,,,,,,,,,,,,,,,,,0,1,en_sk_ex_090,,1,,14600,14600,,5,,,,,,,,,,,,,,,,,"23,24","NEW extension,Extension SoftBank 601HW BLACK"
1665,9982,748,1926,Yes,85-[extension]86Days (Value Rental Pack: 3Months Pack),2,カート用延長フラグ,Extension SoftBank 601HW [20GB],1,,,,,,,,*,sk/img001-ex.jpg,*,sk/img001-ex.jpg,,,,,,,,,,,,,,,,,,,,,,,0,1,en_sk_ex_090_bt,,1,,14600,15950,,5,,,,,,,,,,,,,,,,,"23,24","NEW extension,Extension SoftBank 601HW BLACK"
1665,9983,747,1926,No,85-[extension]86Days (Value Rental Pack: 3Months Pack),2,カート用延長フラグ,Extension SoftBank 601HW [20GB],1,,,,,,,,*,sk/img001-ex.jpg,*,sk/img001-ex.jpg,,,,,,,,,,,,,,,,,,,,,,,0,1,en_sk_ex_090,,1,,14600,14600,,5,,,,,,,,,,,,,,,,,"23,24","NEW extension,Extension SoftBank 601HW BLACK"
1665,9984,748,1927,Yes,86-[extension]87Days (Value Rental Pack: 3Months Pack),2,カート用延長フラグ,Extension SoftBank 601HW [20GB],1,,,,,,,,*,sk/img001-ex.jpg,*,sk/img001-ex.jpg,,,,,,,,,,,,,,,,,,,,,,,0,1,en_sk_ex_090_bt,,1,,14600,15950,,5,,,,,,,,,,,,,,,,,"23,24","NEW extension,Extension SoftBank 601HW BLACK"
1665,9985,747,1927,No,86-[extension]87Days (Value Rental Pack: 3Months Pack),2,カート用延長フラグ,Extension SoftBank 601HW [20GB],1,,,,,,,,*,sk/img001-ex.jpg,*,sk/img001-ex.jpg,,,,,,,,,,,,,,,,,,,,,,,0,1,en_sk_ex_090,,1,,14600,14600,,5,,,,,,,,,,,,,,,,,"23,24","NEW extension,Extension SoftBank 601HW BLACK"
1665,9986,748,1928,Yes,87-[extension]88Days (Value Rental Pack: 3Months Pack),2,カート用延長フラグ,Extension SoftBank 601HW [20GB],1,,,,,,,,*,sk/img001-ex.jpg,*,sk/img001-ex.jpg,,,,,,,,,,,,,,,,,,,,,,,0,1,en_sk_ex_090_bt,,1,,14600,15950,,5,,,,,,,,,,,,,,,,,"23,24","NEW extension,Extension SoftBank 601HW BLACK"
1665,9987,747,1928,No,87-[extension]88Days (Value Rental Pack: 3Months Pack),2,カート用延長フラグ,Extension SoftBank 601HW [20GB],1,,,,,,,,*,sk/img001-ex.jpg,*,sk/img001-ex.jpg,,,,,,,,,,,,,,,,,,,,,,,0,1,en_sk_ex_090,,1,,14600,14600,,5,,,,,,,,,,,,,,,,,"23,24","NEW extension,Extension SoftBank 601HW BLACK"
1665,9988,748,1929,Yes,88-[extension]89Days (Value Rental Pack: 3Months Pack),2,カート用延長フラグ,Extension SoftBank 601HW [20GB],1,,,,,,,,*,sk/img001-ex.jpg,*,sk/img001-ex.jpg,,,,,,,,,,,,,,,,,,,,,,,0,1,en_sk_ex_090_bt,,1,,14600,15950,,5,,,,,,,,,,,,,,,,,"23,24","NEW extension,Extension SoftBank 601HW BLACK"
1665,9989,747,1929,No,88-[extension]89Days (Value Rental Pack: 3Months Pack),2,カート用延長フラグ,Extension SoftBank 601HW [20GB],1,,,,,,,,*,sk/img001-ex.jpg,*,sk/img001-ex.jpg,,,,,,,,,,,,,,,,,,,,,,,0,1,en_sk_ex_090,,1,,14600,14600,,5,,,,,,,,,,,,,,,,,"23,24","NEW extension,Extension SoftBank 601HW BLACK"
1665,9990,748,1930,Yes,89-[extension]90Days (Value Rental Pack: 3Months Pack),2,カート用延長フラグ,Extension SoftBank 601HW [20GB],1,,,,,,,,*,sk/img001-ex.jpg,*,sk/img001-ex.jpg,,,,,,,,,,,,,,,,,,,,,,,0,1,en_sk_ex_090_bt,,1,,14600,15950,,5,,,,,,,,,,,,,,,,,"23,24","NEW extension,Extension SoftBank 601HW BLACK"
1665,9991,747,1930,No,89-[extension]90Days (Value Rental Pack: 3Months Pack),2,カート用延長フラグ,Extension SoftBank 601HW [20GB],1,,,,,,,,*,sk/img001-ex.jpg,*,sk/img001-ex.jpg,,,,,,,,,,,,,,,,,,,,,,,0,1,en_sk_ex_090,,1,,14600,14600,,5,,,,,,,,,,,,,,,,,"23,24","NEW extension,Extension SoftBank 601HW BLACK"
1665,9992,748,1931,Yes,90-[extension]91Days (Value Rental Pack: 3Months Pack),2,カート用延長フラグ,Extension SoftBank 601HW [20GB],1,,,,,,,,*,sk/img001-ex.jpg,*,sk/img001-ex.jpg,,,,,,,,,,,,,,,,,,,,,,,0,1,en_sk_ex_090_bt,,1,,14600,15950,,5,,,,,,,,,,,,,,,,,"23,24","NEW extension,Extension SoftBank 601HW BLACK"
1665,9993,747,1931,No,90-[extension]91Days (Value Rental Pack: 3Months Pack),2,カート用延長フラグ,Extension SoftBank 601HW [20GB],1,,,,,,,,*,sk/img001-ex.jpg,*,sk/img001-ex.jpg,,,,,,,,,,,,,,,,,,,,,,,0,1,en_sk_ex_090,,1,,14600,14600,,5,,,,,,,,,,,,,,,,,"23,24","NEW extension,Extension SoftBank 601HW BLACK"
1665,9994,748,1932,Yes,91-[extension]92Days (Value Rental Pack: 3Months Pack + 1Day),2,カート用延長フラグ,Extension SoftBank 601HW [20GB],1,,,,,,,,*,sk/img001-ex.jpg,*,sk/img001-ex.jpg,,,,,,,,,,,,,,,,,,,,,,,0,1,en_sk_ex_091_bt,,1,,14990,16390,,5,,,,,,,,,,,,,,,,,"23,24","NEW extension,Extension SoftBank 601HW BLACK"
1665,9995,747,1932,No,91-[extension]92Days (Value Rental Pack: 3Months Pack + 1Day),2,カート用延長フラグ,Extension SoftBank 601HW [20GB],1,,,,,,,,*,sk/img001-ex.jpg,*,sk/img001-ex.jpg,,,,,,,,,,,,,,,,,,,,,,,0,1,en_sk_ex_091,,1,,14990,14990,,5,,,,,,,,,,,,,,,,,"23,24","NEW extension,Extension SoftBank 601HW BLACK"
1665,9996,748,1933,Yes,92-[extension]93Days (Value Rental Pack: 3Months Pack + 2Days),2,カート用延長フラグ,Extension SoftBank 601HW [20GB],1,,,,,,,,*,sk/img001-ex.jpg,*,sk/img001-ex.jpg,,,,,,,,,,,,,,,,,,,,,,,0,1,en_sk_ex_092_bt,,1,,15380,16830,,5,,,,,,,,,,,,,,,,,"23,24","NEW extension,Extension SoftBank 601HW BLACK"
1665,9997,747,1933,No,92-[extension]93Days (Value Rental Pack: 3Months Pack + 2Days),2,カート用延長フラグ,Extension SoftBank 601HW [20GB],1,,,,,,,,*,sk/img001-ex.jpg,*,sk/img001-ex.jpg,,,,,,,,,,,,,,,,,,,,,,,0,1,en_sk_ex_092,,1,,15380,15380,,5,,,,,,,,,,,,,,,,,"23,24","NEW extension,Extension SoftBank 601HW BLACK"
1665,9998,748,1934,Yes,93-[extension]94Days (Value Rental Pack: 3Months Pack + 3Days),2,カート用延長フラグ,Extension SoftBank 601HW [20GB],1,,,,,,,,*,sk/img001-ex.jpg,*,sk/img001-ex.jpg,,,,,,,,,,,,,,,,,,,,,,,0,1,en_sk_ex_093_bt,,1,,15770,17270,,5,,,,,,,,,,,,,,,,,"23,24","NEW extension,Extension SoftBank 601HW BLACK"
1665,9999,747,1934,No,93-[extension]94Days (Value Rental Pack: 3Months Pack + 3Days),2,カート用延長フラグ,Extension SoftBank 601HW [20GB],1,,,,,,,,*,sk/img001-ex.jpg,*,sk/img001-ex.jpg,,,,,,,,,,,,,,,,,,,,,,,0,1,en_sk_ex_093,,1,,15770,15770,,5,,,,,,,,,,,,,,,,,"23,24","NEW extension,Extension SoftBank 601HW BLACK"
1665,10000,748,1935,Yes,94-[extension]95Days (Value Rental Pack: 3Months Pack + 4Days),2,カート用延長フラグ,Extension SoftBank 601HW [20GB],1,,,,,,,,*,sk/img001-ex.jpg,*,sk/img001-ex.jpg,,,,,,,,,,,,,,,,,,,,,,,0,1,en_sk_ex_094_bt,,1,,16160,17710,,5,,,,,,,,,,,,,,,,,"23,24","NEW extension,Extension SoftBank 601HW BLACK"
1665,10001,747,1935,No,94-[extension]95Days (Value Rental Pack: 3Months Pack + 4Days),2,カート用延長フラグ,Extension SoftBank 601HW [20GB],1,,,,,,,,*,sk/img001-ex.jpg,*,sk/img001-ex.jpg,,,,,,,,,,,,,,,,,,,,,,,0,1,en_sk_ex_094,,1,,16160,16160,,5,,,,,,,,,,,,,,,,,"23,24","NEW extension,Extension SoftBank 601HW BLACK"
1665,10002,748,1936,Yes,95-[extension]96Days (Value Rental Pack: 3Months Pack + 5Days),2,カート用延長フラグ,Extension SoftBank 601HW [20GB],1,,,,,,,,*,sk/img001-ex.jpg,*,sk/img001-ex.jpg,,,,,,,,,,,,,,,,,,,,,,,0,1,en_sk_ex_095_bt,,1,,16550,18150,,5,,,,,,,,,,,,,,,,,"23,24","NEW extension,Extension SoftBank 601HW BLACK"
1665,10003,747,1936,No,95-[extension]96Days (Value Rental Pack: 3Months Pack + 5Days),2,カート用延長フラグ,Extension SoftBank 601HW [20GB],1,,,,,,,,*,sk/img001-ex.jpg,*,sk/img001-ex.jpg,,,,,,,,,,,,,,,,,,,,,,,0,1,en_sk_ex_095,,1,,16550,16550,,5,,,,,,,,,,,,,,,,,"23,24","NEW extension,Extension SoftBank 601HW BLACK"
1665,10004,748,1937,Yes,96-[extension]97Days (Value Rental Pack: 3Months Pack + 6Days),2,カート用延長フラグ,Extension SoftBank 601HW [20GB],1,,,,,,,,*,sk/img001-ex.jpg,*,sk/img001-ex.jpg,,,,,,,,,,,,,,,,,,,,,,,0,1,en_sk_ex_096_bt,,1,,16940,18590,,5,,,,,,,,,,,,,,,,,"23,24","NEW extension,Extension SoftBank 601HW BLACK"
1665,10005,747,1937,No,96-[extension]97Days (Value Rental Pack: 3Months Pack + 6Days),2,カート用延長フラグ,Extension SoftBank 601HW [20GB],1,,,,,,,,*,sk/img001-ex.jpg,*,sk/img001-ex.jpg,,,,,,,,,,,,,,,,,,,,,,,0,1,en_sk_ex_096,,1,,16940,16940,,5,,,,,,,,,,,,,,,,,"23,24","NEW extension,Extension SoftBank 601HW BLACK"
1665,10006,748,1938,Yes,97-[extension]98Days (Value Rental Pack: 3Months Pack + 7Days),2,カート用延長フラグ,Extension SoftBank 601HW [20GB],1,,,,,,,,*,sk/img001-ex.jpg,*,sk/img001-ex.jpg,,,,,,,,,,,,,,,,,,,,,,,0,1,en_sk_ex_097_bt,,1,,17330,18980,,5,,,,,,,,,,,,,,,,,"23,24","NEW extension,Extension SoftBank 601HW BLACK"
1665,10007,747,1938,No,97-[extension]98Days (Value Rental Pack: 3Months Pack + 7Days),2,カート用延長フラグ,Extension SoftBank 601HW [20GB],1,,,,,,,,*,sk/img001-ex.jpg,*,sk/img001-ex.jpg,,,,,,,,,,,,,,,,,,,,,,,0,1,en_sk_ex_097,,1,,17330,17330,,5,,,,,,,,,,,,,,,,,"23,24","NEW extension,Extension SoftBank 601HW BLACK"
1665,10008,748,1939,Yes,98-[extension]99Days (Value Rental Pack: 3Months Pack + 8Days),2,カート用延長フラグ,Extension SoftBank 601HW [20GB],1,,,,,,,,*,sk/img001-ex.jpg,*,sk/img001-ex.jpg,,,,,,,,,,,,,,,,,,,,,,,0,1,en_sk_ex_098_bt,,1,,17720,19370,,5,,,,,,,,,,,,,,,,,"23,24","NEW extension,Extension SoftBank 601HW BLACK"
1665,10009,747,1939,No,98-[extension]99Days (Value Rental Pack: 3Months Pack + 8Days),2,カート用延長フラグ,Extension SoftBank 601HW [20GB],1,,,,,,,,*,sk/img001-ex.jpg,*,sk/img001-ex.jpg,,,,,,,,,,,,,,,,,,,,,,,0,1,en_sk_ex_098,,1,,17720,17720,,5,,,,,,,,,,,,,,,,,"23,24","NEW extension,Extension SoftBank 601HW BLACK"
1665,10010,748,1940,Yes,99-[extension]100Days (Value Rental Pack: 3Months Pack + 9Days),2,カート用延長フラグ,Extension SoftBank 601HW [20GB],1,,,,,,,,*,sk/img001-ex.jpg,*,sk/img001-ex.jpg,,,,,,,,,,,,,,,,,,,,,,,0,1,en_sk_ex_099_bt,,1,,18110,19760,,5,,,,,,,,,,,,,,,,,"23,24","NEW extension,Extension SoftBank 601HW BLACK"
1665,10011,747,1940,No,99-[extension]100Days (Value Rental Pack: 3Months Pack + 9Days),2,カート用延長フラグ,Extension SoftBank 601HW [20GB],1,,,,,,,,*,sk/img001-ex.jpg,*,sk/img001-ex.jpg,,,,,,,,,,,,,,,,,,,,,,,0,1,en_sk_ex_099,,1,,18110,18110,,5,,,,,,,,,,,,,,,,,"23,24","NEW extension,Extension SoftBank 601HW BLACK"
1665,10012,748,1941,Yes,100-[extension]101Days (Value Rental Pack: 3Months Pack + 10Days),2,カート用延長フラグ,Extension SoftBank 601HW [20GB],1,,,,,,,,*,sk/img001-ex.jpg,*,sk/img001-ex.jpg,,,,,,,,,,,,,,,,,,,,,,,0,1,en_sk_ex_100_bt,,1,,18500,20150,,5,,,,,,,,,,,,,,,,,"23,24","NEW extension,Extension SoftBank 601HW BLACK"
1665,10013,747,1941,No,100-[extension]101Days (Value Rental Pack: 3Months Pack + 10Days),2,カート用延長フラグ,Extension SoftBank 601HW [20GB],1,,,,,,,,*,sk/img001-ex.jpg,*,sk/img001-ex.jpg,,,,,,,,,,,,,,,,,,,,,,,0,1,en_sk_ex_100,,1,,18500,18500,,5,,,,,,,,,,,,,,,,,"23,24","NEW extension,Extension SoftBank 601HW BLACK"
1665,10014,748,1942,Yes,101-[extension]102Days (Value Rental Pack: 4Months Pack),2,カート用延長フラグ,Extension SoftBank 601HW [20GB],1,,,,,,,,*,sk/img001-ex.jpg,*,sk/img001-ex.jpg,,,,,,,,,,,,,,,,,,,,,,,0,1,en_sk_ex_120_bt,,1,,18800,20450,,5,,,,,,,,,,,,,,,,,"23,24","NEW extension,Extension SoftBank 601HW BLACK"
1665,10015,747,1942,No,101-[extension]102Days (Value Rental Pack: 4Months Pack),2,カート用延長フラグ,Extension SoftBank 601HW [20GB],1,,,,,,,,*,sk/img001-ex.jpg,*,sk/img001-ex.jpg,,,,,,,,,,,,,,,,,,,,,,,0,1,en_sk_ex_120,,1,,18800,18800,,5,,,,,,,,,,,,,,,,,"23,24","NEW extension,Extension SoftBank 601HW BLACK"
1665,10016,748,1943,Yes,102-[extension]103Days (Value Rental Pack: 4Months Pack),2,カート用延長フラグ,Extension SoftBank 601HW [20GB],1,,,,,,,,*,sk/img001-ex.jpg,*,sk/img001-ex.jpg,,,,,,,,,,,,,,,,,,,,,,,0,1,en_sk_ex_120_bt,,1,,18800,20450,,5,,,,,,,,,,,,,,,,,"23,24","NEW extension,Extension SoftBank 601HW BLACK"
1665,10017,747,1943,No,102-[extension]103Days (Value Rental Pack: 4Months Pack),2,カート用延長フラグ,Extension SoftBank 601HW [20GB],1,,,,,,,,*,sk/img001-ex.jpg,*,sk/img001-ex.jpg,,,,,,,,,,,,,,,,,,,,,,,0,1,en_sk_ex_120,,1,,18800,18800,,5,,,,,,,,,,,,,,,,,"23,24","NEW extension,Extension SoftBank 601HW BLACK"
1665,10018,748,1944,Yes,103-[extension]104Days (Value Rental Pack: 4Months Pack),2,カート用延長フラグ,Extension SoftBank 601HW [20GB],1,,,,,,,,*,sk/img001-ex.jpg,*,sk/img001-ex.jpg,,,,,,,,,,,,,,,,,,,,,,,0,1,en_sk_ex_120_bt,,1,,18800,20450,,5,,,,,,,,,,,,,,,,,"23,24","NEW extension,Extension SoftBank 601HW BLACK"
1665,10019,747,1944,No,103-[extension]104Days (Value Rental Pack: 4Months Pack),2,カート用延長フラグ,Extension SoftBank 601HW [20GB],1,,,,,,,,*,sk/img001-ex.jpg,*,sk/img001-ex.jpg,,,,,,,,,,,,,,,,,,,,,,,0,1,en_sk_ex_120,,1,,18800,18800,,5,,,,,,,,,,,,,,,,,"23,24","NEW extension,Extension SoftBank 601HW BLACK"
1665,10020,748,1945,Yes,104-[extension]105Days (Value Rental Pack: 4Months Pack),2,カート用延長フラグ,Extension SoftBank 601HW [20GB],1,,,,,,,,*,sk/img001-ex.jpg,*,sk/img001-ex.jpg,,,,,,,,,,,,,,,,,,,,,,,0,1,en_sk_ex_120_bt,,1,,18800,20450,,5,,,,,,,,,,,,,,,,,"23,24","NEW extension,Extension SoftBank 601HW BLACK"
1665,10021,747,1945,No,104-[extension]105Days (Value Rental Pack: 4Months Pack),2,カート用延長フラグ,Extension SoftBank 601HW [20GB],1,,,,,,,,*,sk/img001-ex.jpg,*,sk/img001-ex.jpg,,,,,,,,,,,,,,,,,,,,,,,0,1,en_sk_ex_120,,1,,18800,18800,,5,,,,,,,,,,,,,,,,,"23,24","NEW extension,Extension SoftBank 601HW BLACK"
1665,10022,748,1946,Yes,105-[extension]106Days (Value Rental Pack: 4Months Pack),2,カート用延長フラグ,Extension SoftBank 601HW [20GB],1,,,,,,,,*,sk/img001-ex.jpg,*,sk/img001-ex.jpg,,,,,,,,,,,,,,,,,,,,,,,0,1,en_sk_ex_120_bt,,1,,18800,20450,,5,,,,,,,,,,,,,,,,,"23,24","NEW extension,Extension SoftBank 601HW BLACK"
1665,10023,747,1946,No,105-[extension]106Days (Value Rental Pack: 4Months Pack),2,カート用延長フラグ,Extension SoftBank 601HW [20GB],1,,,,,,,,*,sk/img001-ex.jpg,*,sk/img001-ex.jpg,,,,,,,,,,,,,,,,,,,,,,,0,1,en_sk_ex_120,,1,,18800,18800,,5,,,,,,,,,,,,,,,,,"23,24","NEW extension,Extension SoftBank 601HW BLACK"
1665,10024,748,1947,Yes,106-[extension]107Days (Value Rental Pack: 4Months Pack),2,カート用延長フラグ,Extension SoftBank 601HW [20GB],1,,,,,,,,*,sk/img001-ex.jpg,*,sk/img001-ex.jpg,,,,,,,,,,,,,,,,,,,,,,,0,1,en_sk_ex_120_bt,,1,,18800,20450,,5,,,,,,,,,,,,,,,,,"23,24","NEW extension,Extension SoftBank 601HW BLACK"
1665,10025,747,1947,No,106-[extension]107Days (Value Rental Pack: 4Months Pack),2,カート用延長フラグ,Extension SoftBank 601HW [20GB],1,,,,,,,,*,sk/img001-ex.jpg,*,sk/img001-ex.jpg,,,,,,,,,,,,,,,,,,,,,,,0,1,en_sk_ex_120,,1,,18800,18800,,5,,,,,,,,,,,,,,,,,"23,24","NEW extension,Extension SoftBank 601HW BLACK"
1665,10026,748,1948,Yes,107-[extension]108Days (Value Rental Pack: 4Months Pack),2,カート用延長フラグ,Extension SoftBank 601HW [20GB],1,,,,,,,,*,sk/img001-ex.jpg,*,sk/img001-ex.jpg,,,,,,,,,,,,,,,,,,,,,,,0,1,en_sk_ex_120_bt,,1,,18800,20450,,5,,,,,,,,,,,,,,,,,"23,24","NEW extension,Extension SoftBank 601HW BLACK"
1665,10027,747,1948,No,107-[extension]108Days (Value Rental Pack: 4Months Pack),2,カート用延長フラグ,Extension SoftBank 601HW [20GB],1,,,,,,,,*,sk/img001-ex.jpg,*,sk/img001-ex.jpg,,,,,,,,,,,,,,,,,,,,,,,0,1,en_sk_ex_120,,1,,18800,18800,,5,,,,,,,,,,,,,,,,,"23,24","NEW extension,Extension SoftBank 601HW BLACK"
1665,10028,748,1949,Yes,108-[extension]109Days (Value Rental Pack: 4Months Pack),2,カート用延長フラグ,Extension SoftBank 601HW [20GB],1,,,,,,,,*,sk/img001-ex.jpg,*,sk/img001-ex.jpg,,,,,,,,,,,,,,,,,,,,,,,0,1,en_sk_ex_120_bt,,1,,18800,20450,,5,,,,,,,,,,,,,,,,,"23,24","NEW extension,Extension SoftBank 601HW BLACK"
1665,10029,747,1949,No,108-[extension]109Days (Value Rental Pack: 4Months Pack),2,カート用延長フラグ,Extension SoftBank 601HW [20GB],1,,,,,,,,*,sk/img001-ex.jpg,*,sk/img001-ex.jpg,,,,,,,,,,,,,,,,,,,,,,,0,1,en_sk_ex_120,,1,,18800,18800,,5,,,,,,,,,,,,,,,,,"23,24","NEW extension,Extension SoftBank 601HW BLACK"
1665,10030,748,1950,Yes,109-[extension]110Days (Value Rental Pack: 4Months Pack),2,カート用延長フラグ,Extension SoftBank 601HW [20GB],1,,,,,,,,*,sk/img001-ex.jpg,*,sk/img001-ex.jpg,,,,,,,,,,,,,,,,,,,,,,,0,1,en_sk_ex_120_bt,,1,,18800,20450,,5,,,,,,,,,,,,,,,,,"23,24","NEW extension,Extension SoftBank 601HW BLACK"
1665,10031,747,1950,No,109-[extension]110Days (Value Rental Pack: 4Months Pack),2,カート用延長フラグ,Extension SoftBank 601HW [20GB],1,,,,,,,,*,sk/img001-ex.jpg,*,sk/img001-ex.jpg,,,,,,,,,,,,,,,,,,,,,,,0,1,en_sk_ex_120,,1,,18800,18800,,5,,,,,,,,,,,,,,,,,"23,24","NEW extension,Extension SoftBank 601HW BLACK"
1665,10032,748,1951,Yes,110-[extension]111Days (Value Rental Pack: 4Months Pack),2,カート用延長フラグ,Extension SoftBank 601HW [20GB],1,,,,,,,,*,sk/img001-ex.jpg,*,sk/img001-ex.jpg,,,,,,,,,,,,,,,,,,,,,,,0,1,en_sk_ex_120_bt,,1,,18800,20450,,5,,,,,,,,,,,,,,,,,"23,24","NEW extension,Extension SoftBank 601HW BLACK"
1665,10033,747,1951,No,110-[extension]111Days (Value Rental Pack: 4Months Pack),2,カート用延長フラグ,Extension SoftBank 601HW [20GB],1,,,,,,,,*,sk/img001-ex.jpg,*,sk/img001-ex.jpg,,,,,,,,,,,,,,,,,,,,,,,0,1,en_sk_ex_120,,1,,18800,18800,,5,,,,,,,,,,,,,,,,,"23,24","NEW extension,Extension SoftBank 601HW BLACK"
1665,10034,748,1952,Yes,111-[extension]112Days (Value Rental Pack: 4Months Pack),2,カート用延長フラグ,Extension SoftBank 601HW [20GB],1,,,,,,,,*,sk/img001-ex.jpg,*,sk/img001-ex.jpg,,,,,,,,,,,,,,,,,,,,,,,0,1,en_sk_ex_120_bt,,1,,18800,20450,,5,,,,,,,,,,,,,,,,,"23,24","NEW extension,Extension SoftBank 601HW BLACK"
1665,10035,747,1952,No,111-[extension]112Days (Value Rental Pack: 4Months Pack),2,カート用延長フラグ,Extension SoftBank 601HW [20GB],1,,,,,,,,*,sk/img001-ex.jpg,*,sk/img001-ex.jpg,,,,,,,,,,,,,,,,,,,,,,,0,1,en_sk_ex_120,,1,,18800,18800,,5,,,,,,,,,,,,,,,,,"23,24","NEW extension,Extension SoftBank 601HW BLACK"
1665,10036,748,1953,Yes,112-[extension]113Days (Value Rental Pack: 4Months Pack),2,カート用延長フラグ,Extension SoftBank 601HW [20GB],1,,,,,,,,*,sk/img001-ex.jpg,*,sk/img001-ex.jpg,,,,,,,,,,,,,,,,,,,,,,,0,1,en_sk_ex_120_bt,,1,,18800,20450,,5,,,,,,,,,,,,,,,,,"23,24","NEW extension,Extension SoftBank 601HW BLACK"
1665,10037,747,1953,No,112-[extension]113Days (Value Rental Pack: 4Months Pack),2,カート用延長フラグ,Extension SoftBank 601HW [20GB],1,,,,,,,,*,sk/img001-ex.jpg,*,sk/img001-ex.jpg,,,,,,,,,,,,,,,,,,,,,,,0,1,en_sk_ex_120,,1,,18800,18800,,5,,,,,,,,,,,,,,,,,"23,24","NEW extension,Extension SoftBank 601HW BLACK"
1665,10038,748,1954,Yes,113-[extension]114Days (Value Rental Pack: 4Months Pack),2,カート用延長フラグ,Extension SoftBank 601HW [20GB],1,,,,,,,,*,sk/img001-ex.jpg,*,sk/img001-ex.jpg,,,,,,,,,,,,,,,,,,,,,,,0,1,en_sk_ex_120_bt,,1,,18800,20450,,5,,,,,,,,,,,,,,,,,"23,24","NEW extension,Extension SoftBank 601HW BLACK"
1665,10039,747,1954,No,113-[extension]114Days (Value Rental Pack: 4Months Pack),2,カート用延長フラグ,Extension SoftBank 601HW [20GB],1,,,,,,,,*,sk/img001-ex.jpg,*,sk/img001-ex.jpg,,,,,,,,,,,,,,,,,,,,,,,0,1,en_sk_ex_120,,1,,18800,18800,,5,,,,,,,,,,,,,,,,,"23,24","NEW extension,Extension SoftBank 601HW BLACK"
1665,10040,748,1955,Yes,114-[extension]115Days (Value Rental Pack: 4Months Pack),2,カート用延長フラグ,Extension SoftBank 601HW [20GB],1,,,,,,,,*,sk/img001-ex.jpg,*,sk/img001-ex.jpg,,,,,,,,,,,,,,,,,,,,,,,0,1,en_sk_ex_120_bt,,1,,18800,20450,,5,,,,,,,,,,,,,,,,,"23,24","NEW extension,Extension SoftBank 601HW BLACK"
1665,10041,747,1955,No,114-[extension]115Days (Value Rental Pack: 4Months Pack),2,カート用延長フラグ,Extension SoftBank 601HW [20GB],1,,,,,,,,*,sk/img001-ex.jpg,*,sk/img001-ex.jpg,,,,,,,,,,,,,,,,,,,,,,,0,1,en_sk_ex_120,,1,,18800,18800,,5,,,,,,,,,,,,,,,,,"23,24","NEW extension,Extension SoftBank 601HW BLACK"
1665,10042,748,1956,Yes,115-[extension]116Days (Value Rental Pack: 4Months Pack),2,カート用延長フラグ,Extension SoftBank 601HW [20GB],1,,,,,,,,*,sk/img001-ex.jpg,*,sk/img001-ex.jpg,,,,,,,,,,,,,,,,,,,,,,,0,1,en_sk_ex_120_bt,,1,,18800,20450,,5,,,,,,,,,,,,,,,,,"23,24","NEW extension,Extension SoftBank 601HW BLACK"
1665,10043,747,1956,No,115-[extension]116Days (Value Rental Pack: 4Months Pack),2,カート用延長フラグ,Extension SoftBank 601HW [20GB],1,,,,,,,,*,sk/img001-ex.jpg,*,sk/img001-ex.jpg,,,,,,,,,,,,,,,,,,,,,,,0,1,en_sk_ex_120,,1,,18800,18800,,5,,,,,,,,,,,,,,,,,"23,24","NEW extension,Extension SoftBank 601HW BLACK"
1665,10044,748,1957,Yes,116-[extension]117Days (Value Rental Pack: 4Months Pack),2,カート用延長フラグ,Extension SoftBank 601HW [20GB],1,,,,,,,,*,sk/img001-ex.jpg,*,sk/img001-ex.jpg,,,,,,,,,,,,,,,,,,,,,,,0,1,en_sk_ex_120_bt,,1,,18800,20450,,5,,,,,,,,,,,,,,,,,"23,24","NEW extension,Extension SoftBank 601HW BLACK"
1665,10045,747,1957,No,116-[extension]117Days (Value Rental Pack: 4Months Pack),2,カート用延長フラグ,Extension SoftBank 601HW [20GB],1,,,,,,,,*,sk/img001-ex.jpg,*,sk/img001-ex.jpg,,,,,,,,,,,,,,,,,,,,,,,0,1,en_sk_ex_120,,1,,18800,18800,,5,,,,,,,,,,,,,,,,,"23,24","NEW extension,Extension SoftBank 601HW BLACK"
1665,10046,748,1958,Yes,117-[extension]118Days (Value Rental Pack: 4Months Pack),2,カート用延長フラグ,Extension SoftBank 601HW [20GB],1,,,,,,,,*,sk/img001-ex.jpg,*,sk/img001-ex.jpg,,,,,,,,,,,,,,,,,,,,,,,0,1,en_sk_ex_120_bt,,1,,18800,20450,,5,,,,,,,,,,,,,,,,,"23,24","NEW extension,Extension SoftBank 601HW BLACK"
1665,10047,747,1958,No,117-[extension]118Days (Value Rental Pack: 4Months Pack),2,カート用延長フラグ,Extension SoftBank 601HW [20GB],1,,,,,,,,*,sk/img001-ex.jpg,*,sk/img001-ex.jpg,,,,,,,,,,,,,,,,,,,,,,,0,1,en_sk_ex_120,,1,,18800,18800,,5,,,,,,,,,,,,,,,,,"23,24","NEW extension,Extension SoftBank 601HW BLACK"
1665,10048,748,1959,Yes,118-[extension]119Days (Value Rental Pack: 4Months Pack),2,カート用延長フラグ,Extension SoftBank 601HW [20GB],1,,,,,,,,*,sk/img001-ex.jpg,*,sk/img001-ex.jpg,,,,,,,,,,,,,,,,,,,,,,,0,1,en_sk_ex_120_bt,,1,,18800,20450,,5,,,,,,,,,,,,,,,,,"23,24","NEW extension,Extension SoftBank 601HW BLACK"
1665,10049,747,1959,No,118-[extension]119Days (Value Rental Pack: 4Months Pack),2,カート用延長フラグ,Extension SoftBank 601HW [20GB],1,,,,,,,,*,sk/img001-ex.jpg,*,sk/img001-ex.jpg,,,,,,,,,,,,,,,,,,,,,,,0,1,en_sk_ex_120,,1,,18800,18800,,5,,,,,,,,,,,,,,,,,"23,24","NEW extension,Extension SoftBank 601HW BLACK"
1665,10050,748,1960,Yes,119-[extension]120Days (Value Rental Pack: 4Months Pack),2,カート用延長フラグ,Extension SoftBank 601HW [20GB],1,,,,,,,,*,sk/img001-ex.jpg,*,sk/img001-ex.jpg,,,,,,,,,,,,,,,,,,,,,,,0,1,en_sk_ex_120_bt,,1,,18800,20450,,5,,,,,,,,,,,,,,,,,"23,24","NEW extension,Extension SoftBank 601HW BLACK"
1665,10051,747,1960,No,119-[extension]120Days (Value Rental Pack: 4Months Pack),2,カート用延長フラグ,Extension SoftBank 601HW [20GB],1,,,,,,,,*,sk/img001-ex.jpg,*,sk/img001-ex.jpg,,,,,,,,,,,,,,,,,,,,,,,0,1,en_sk_ex_120,,1,,18800,18800,,5,,,,,,,,,,,,,,,,,"23,24","NEW extension,Extension SoftBank 601HW BLACK"
1665,10052,748,1961,Yes,120-[extension]121Days (Value Rental Pack: 4Months Pack),2,カート用延長フラグ,Extension SoftBank 601HW [20GB],1,,,,,,,,*,sk/img001-ex.jpg,*,sk/img001-ex.jpg,,,,,,,,,,,,,,,,,,,,,,,0,1,en_sk_ex_120_bt,,1,,18800,20450,,5,,,,,,,,,,,,,,,,,"23,24","NEW extension,Extension SoftBank 601HW BLACK"
1665,10053,747,1961,No,120-[extension]121Days (Value Rental Pack: 4Months Pack),2,カート用延長フラグ,Extension SoftBank 601HW [20GB],1,,,,,,,,*,sk/img001-ex.jpg,*,sk/img001-ex.jpg,,,,,,,,,,,,,,,,,,,,,,,0,1,en_sk_ex_120,,1,,18800,18800,,5,,,,,,,,,,,,,,,,,"23,24","NEW extension,Extension SoftBank 601HW BLACK"
1665,10054,748,1962,Yes,121-[extension]122Days (Value Rental Pack: 4Months Pack + 1Day),2,カート用延長フラグ,Extension SoftBank 601HW [20GB],1,,,,,,,,*,sk/img001-ex.jpg,*,sk/img001-ex.jpg,,,,,,,,,,,,,,,,,,,,,,,0,1,en_sk_ex_121_bt,,1,,19190,20890,,5,,,,,,,,,,,,,,,,,"23,24","NEW extension,Extension SoftBank 601HW BLACK"
1665,10055,747,1962,No,121-[extension]122Days (Value Rental Pack: 4Months Pack + 1Day),2,カート用延長フラグ,Extension SoftBank 601HW [20GB],1,,,,,,,,*,sk/img001-ex.jpg,*,sk/img001-ex.jpg,,,,,,,,,,,,,,,,,,,,,,,0,1,en_sk_ex_121,,1,,19190,19190,,5,,,,,,,,,,,,,,,,,"23,24","NEW extension,Extension SoftBank 601HW BLACK"
1665,10056,748,1963,Yes,122-[extension]123Days (Value Rental Pack: 4Months Pack + 2Days),2,カート用延長フラグ,Extension SoftBank 601HW [20GB],1,,,,,,,,*,sk/img001-ex.jpg,*,sk/img001-ex.jpg,,,,,,,,,,,,,,,,,,,,,,,0,1,en_sk_ex_122_bt,,1,,19580,21330,,5,,,,,,,,,,,,,,,,,"23,24","NEW extension,Extension SoftBank 601HW BLACK"
1665,10057,747,1963,No,122-[extension]123Days (Value Rental Pack: 4Months Pack + 2Days),2,カート用延長フラグ,Extension SoftBank 601HW [20GB],1,,,,,,,,*,sk/img001-ex.jpg,*,sk/img001-ex.jpg,,,,,,,,,,,,,,,,,,,,,,,0,1,en_sk_ex_122,,1,,19580,19580,,5,,,,,,,,,,,,,,,,,"23,24","NEW extension,Extension SoftBank 601HW BLACK"
1665,10058,748,1964,Yes,123-[extension]124Days (Value Rental Pack: 4Months Pack + 3Days),2,カート用延長フラグ,Extension SoftBank 601HW [20GB],1,,,,,,,,*,sk/img001-ex.jpg,*,sk/img001-ex.jpg,,,,,,,,,,,,,,,,,,,,,,,0,1,en_sk_ex_123_bt,,1,,19970,21770,,5,,,,,,,,,,,,,,,,,"23,24","NEW extension,Extension SoftBank 601HW BLACK"
1665,10059,747,1964,No,123-[extension]124Days (Value Rental Pack: 4Months Pack + 3Days),2,カート用延長フラグ,Extension SoftBank 601HW [20GB],1,,,,,,,,*,sk/img001-ex.jpg,*,sk/img001-ex.jpg,,,,,,,,,,,,,,,,,,,,,,,0,1,en_sk_ex_123,,1,,19970,19970,,5,,,,,,,,,,,,,,,,,"23,24","NEW extension,Extension SoftBank 601HW BLACK"
1665,10060,748,1965,Yes,124-[extension]125Days (Value Rental Pack: 4Months Pack + 4Days),2,カート用延長フラグ,Extension SoftBank 601HW [20GB],1,,,,,,,,*,sk/img001-ex.jpg,*,sk/img001-ex.jpg,,,,,,,,,,,,,,,,,,,,,,,0,1,en_sk_ex_124_bt,,1,,20360,22210,,5,,,,,,,,,,,,,,,,,"23,24","NEW extension,Extension SoftBank 601HW BLACK"
1665,10061,747,1965,No,124-[extension]125Days (Value Rental Pack: 4Months Pack + 4Days),2,カート用延長フラグ,Extension SoftBank 601HW [20GB],1,,,,,,,,*,sk/img001-ex.jpg,*,sk/img001-ex.jpg,,,,,,,,,,,,,,,,,,,,,,,0,1,en_sk_ex_124,,1,,20360,20360,,5,,,,,,,,,,,,,,,,,"23,24","NEW extension,Extension SoftBank 601HW BLACK"
1665,10062,748,1966,Yes,125-[extension]126Days (Value Rental Pack: 4Months Pack + 5Days),2,カート用延長フラグ,Extension SoftBank 601HW [20GB],1,,,,,,,,*,sk/img001-ex.jpg,*,sk/img001-ex.jpg,,,,,,,,,,,,,,,,,,,,,,,0,1,en_sk_ex_125_bt,,1,,20750,22650,,5,,,,,,,,,,,,,,,,,"23,24","NEW extension,Extension SoftBank 601HW BLACK"
1665,10063,747,1966,No,125-[extension]126Days (Value Rental Pack: 4Months Pack + 5Days),2,カート用延長フラグ,Extension SoftBank 601HW [20GB],1,,,,,,,,*,sk/img001-ex.jpg,*,sk/img001-ex.jpg,,,,,,,,,,,,,,,,,,,,,,,0,1,en_sk_ex_125,,1,,20750,20750,,5,,,,,,,,,,,,,,,,,"23,24","NEW extension,Extension SoftBank 601HW BLACK"
1665,10064,748,1967,Yes,126-[extension]127Days (Value Rental Pack: 5Months Pack),2,カート用延長フラグ,Extension SoftBank 601HW [20GB],1,,,,,,,,*,sk/img001-ex.jpg,*,sk/img001-ex.jpg,,,,,,,,,,,,,,,,,,,,,,,0,1,en_sk_ex_150_bt,,1,,20800,22750,,5,,,,,,,,,,,,,,,,,"23,24","NEW extension,Extension SoftBank 601HW BLACK"
1665,10065,747,1967,No,126-[extension]127Days (Value Rental Pack: 5Months Pack),2,カート用延長フラグ,Extension SoftBank 601HW [20GB],1,,,,,,,,*,sk/img001-ex.jpg,*,sk/img001-ex.jpg,,,,,,,,,,,,,,,,,,,,,,,0,1,en_sk_ex_150,,1,,20800,20800,,5,,,,,,,,,,,,,,,,,"23,24","NEW extension,Extension SoftBank 601HW BLACK"
1665,10066,748,1968,Yes,127-[extension]128Days (Value Rental Pack: 5Months Pack),2,カート用延長フラグ,Extension SoftBank 601HW [20GB],1,,,,,,,,*,sk/img001-ex.jpg,*,sk/img001-ex.jpg,,,,,,,,,,,,,,,,,,,,,,,0,1,en_sk_ex_150_bt,,1,,20800,22750,,5,,,,,,,,,,,,,,,,,"23,24","NEW extension,Extension SoftBank 601HW BLACK"
1665,10067,747,1968,No,127-[extension]128Days (Value Rental Pack: 5Months Pack),2,カート用延長フラグ,Extension SoftBank 601HW [20GB],1,,,,,,,,*,sk/img001-ex.jpg,*,sk/img001-ex.jpg,,,,,,,,,,,,,,,,,,,,,,,0,1,en_sk_ex_150,,1,,20800,20800,,5,,,,,,,,,,,,,,,,,"23,24","NEW extension,Extension SoftBank 601HW BLACK"
1665,10068,748,1969,Yes,128-[extension]129Days (Value Rental Pack: 5Months Pack),2,カート用延長フラグ,Extension SoftBank 601HW [20GB],1,,,,,,,,*,sk/img001-ex.jpg,*,sk/img001-ex.jpg,,,,,,,,,,,,,,,,,,,,,,,0,1,en_sk_ex_150_bt,,1,,20800,22750,,5,,,,,,,,,,,,,,,,,"23,24","NEW extension,Extension SoftBank 601HW BLACK"
1665,10069,747,1969,No,128-[extension]129Days (Value Rental Pack: 5Months Pack),2,カート用延長フラグ,Extension SoftBank 601HW [20GB],1,,,,,,,,*,sk/img001-ex.jpg,*,sk/img001-ex.jpg,,,,,,,,,,,,,,,,,,,,,,,0,1,en_sk_ex_150,,1,,20800,20800,,5,,,,,,,,,,,,,,,,,"23,24","NEW extension,Extension SoftBank 601HW BLACK"
1665,10070,748,1970,Yes,129-[extension]130Days (Value Rental Pack: 5Months Pack),2,カート用延長フラグ,Extension SoftBank 601HW [20GB],1,,,,,,,,*,sk/img001-ex.jpg,*,sk/img001-ex.jpg,,,,,,,,,,,,,,,,,,,,,,,0,1,en_sk_ex_150_bt,,1,,20800,22750,,5,,,,,,,,,,,,,,,,,"23,24","NEW extension,Extension SoftBank 601HW BLACK"
1665,10071,747,1970,No,129-[extension]130Days (Value Rental Pack: 5Months Pack),2,カート用延長フラグ,Extension SoftBank 601HW [20GB],1,,,,,,,,*,sk/img001-ex.jpg,*,sk/img001-ex.jpg,,,,,,,,,,,,,,,,,,,,,,,0,1,en_sk_ex_150,,1,,20800,20800,,5,,,,,,,,,,,,,,,,,"23,24","NEW extension,Extension SoftBank 601HW BLACK"
1665,10072,748,1971,Yes,130-[extension]131Days (Value Rental Pack: 5Months Pack),2,カート用延長フラグ,Extension SoftBank 601HW [20GB],1,,,,,,,,*,sk/img001-ex.jpg,*,sk/img001-ex.jpg,,,,,,,,,,,,,,,,,,,,,,,0,1,en_sk_ex_150_bt,,1,,20800,22750,,5,,,,,,,,,,,,,,,,,"23,24","NEW extension,Extension SoftBank 601HW BLACK"
1665,10073,747,1971,No,130-[extension]131Days (Value Rental Pack: 5Months Pack),2,カート用延長フラグ,Extension SoftBank 601HW [20GB],1,,,,,,,,*,sk/img001-ex.jpg,*,sk/img001-ex.jpg,,,,,,,,,,,,,,,,,,,,,,,0,1,en_sk_ex_150,,1,,20800,20800,,5,,,,,,,,,,,,,,,,,"23,24","NEW extension,Extension SoftBank 601HW BLACK"
1665,10074,748,1972,Yes,131-[extension]132Days (Value Rental Pack: 5Months Pack),2,カート用延長フラグ,Extension SoftBank 601HW [20GB],1,,,,,,,,*,sk/img001-ex.jpg,*,sk/img001-ex.jpg,,,,,,,,,,,,,,,,,,,,,,,0,1,en_sk_ex_150_bt,,1,,20800,22750,,5,,,,,,,,,,,,,,,,,"23,24","NEW extension,Extension SoftBank 601HW BLACK"
1665,10075,747,1972,No,131-[extension]132Days (Value Rental Pack: 5Months Pack),2,カート用延長フラグ,Extension SoftBank 601HW [20GB],1,,,,,,,,*,sk/img001-ex.jpg,*,sk/img001-ex.jpg,,,,,,,,,,,,,,,,,,,,,,,0,1,en_sk_ex_150,,1,,20800,20800,,5,,,,,,,,,,,,,,,,,"23,24","NEW extension,Extension SoftBank 601HW BLACK"
1665,10076,748,1973,Yes,132-[extension]133Days (Value Rental Pack: 5Months Pack),2,カート用延長フラグ,Extension SoftBank 601HW [20GB],1,,,,,,,,*,sk/img001-ex.jpg,*,sk/img001-ex.jpg,,,,,,,,,,,,,,,,,,,,,,,0,1,en_sk_ex_150_bt,,1,,20800,22750,,5,,,,,,,,,,,,,,,,,"23,24","NEW extension,Extension SoftBank 601HW BLACK"
1665,10077,747,1973,No,132-[extension]133Days (Value Rental Pack: 5Months Pack),2,カート用延長フラグ,Extension SoftBank 601HW [20GB],1,,,,,,,,*,sk/img001-ex.jpg,*,sk/img001-ex.jpg,,,,,,,,,,,,,,,,,,,,,,,0,1,en_sk_ex_150,,1,,20800,20800,,5,,,,,,,,,,,,,,,,,"23,24","NEW extension,Extension SoftBank 601HW BLACK"
1665,10078,748,1974,Yes,133-[extension]134Days (Value Rental Pack: 5Months Pack),2,カート用延長フラグ,Extension SoftBank 601HW [20GB],1,,,,,,,,*,sk/img001-ex.jpg,*,sk/img001-ex.jpg,,,,,,,,,,,,,,,,,,,,,,,0,1,en_sk_ex_150_bt,,1,,20800,22750,,5,,,,,,,,,,,,,,,,,"23,24","NEW extension,Extension SoftBank 601HW BLACK"
1665,10079,747,1974,No,133-[extension]134Days (Value Rental Pack: 5Months Pack),2,カート用延長フラグ,Extension SoftBank 601HW [20GB],1,,,,,,,,*,sk/img001-ex.jpg,*,sk/img001-ex.jpg,,,,,,,,,,,,,,,,,,,,,,,0,1,en_sk_ex_150,,1,,20800,20800,,5,,,,,,,,,,,,,,,,,"23,24","NEW extension,Extension SoftBank 601HW BLACK"
1665,10080,748,1975,Yes,134-[extension]135Days (Value Rental Pack: 5Months Pack),2,カート用延長フラグ,Extension SoftBank 601HW [20GB],1,,,,,,,,*,sk/img001-ex.jpg,*,sk/img001-ex.jpg,,,,,,,,,,,,,,,,,,,,,,,0,1,en_sk_ex_150_bt,,1,,20800,22750,,5,,,,,,,,,,,,,,,,,"23,24","NEW extension,Extension SoftBank 601HW BLACK"
1665,10081,747,1975,No,134-[extension]135Days (Value Rental Pack: 5Months Pack),2,カート用延長フラグ,Extension SoftBank 601HW [20GB],1,,,,,,,,*,sk/img001-ex.jpg,*,sk/img001-ex.jpg,,,,,,,,,,,,,,,,,,,,,,,0,1,en_sk_ex_150,,1,,20800,20800,,5,,,,,,,,,,,,,,,,,"23,24","NEW extension,Extension SoftBank 601HW BLACK"
1665,10082,748,1976,Yes,135-[extension]136Days (Value Rental Pack: 5Months Pack),2,カート用延長フラグ,Extension SoftBank 601HW [20GB],1,,,,,,,,*,sk/img001-ex.jpg,*,sk/img001-ex.jpg,,,,,,,,,,,,,,,,,,,,,,,0,1,en_sk_ex_150_bt,,1,,20800,22750,,5,,,,,,,,,,,,,,,,,"23,24","NEW extension,Extension SoftBank 601HW BLACK"
1665,10083,747,1976,No,135-[extension]136Days (Value Rental Pack: 5Months Pack),2,カート用延長フラグ,Extension SoftBank 601HW [20GB],1,,,,,,,,*,sk/img001-ex.jpg,*,sk/img001-ex.jpg,,,,,,,,,,,,,,,,,,,,,,,0,1,en_sk_ex_150,,1,,20800,20800,,5,,,,,,,,,,,,,,,,,"23,24","NEW extension,Extension SoftBank 601HW BLACK"
1665,10084,748,1977,Yes,136-[extension]137Days (Value Rental Pack: 5Months Pack),2,カート用延長フラグ,Extension SoftBank 601HW [20GB],1,,,,,,,,*,sk/img001-ex.jpg,*,sk/img001-ex.jpg,,,,,,,,,,,,,,,,,,,,,,,0,1,en_sk_ex_150_bt,,1,,20800,22750,,5,,,,,,,,,,,,,,,,,"23,24","NEW extension,Extension SoftBank 601HW BLACK"
1665,10085,747,1977,No,136-[extension]137Days (Value Rental Pack: 5Months Pack),2,カート用延長フラグ,Extension SoftBank 601HW [20GB],1,,,,,,,,*,sk/img001-ex.jpg,*,sk/img001-ex.jpg,,,,,,,,,,,,,,,,,,,,,,,0,1,en_sk_ex_150,,1,,20800,20800,,5,,,,,,,,,,,,,,,,,"23,24","NEW extension,Extension SoftBank 601HW BLACK"
1665,10086,748,1978,Yes,137-[extension]138Days (Value Rental Pack: 5Months Pack),2,カート用延長フラグ,Extension SoftBank 601HW [20GB],1,,,,,,,,*,sk/img001-ex.jpg,*,sk/img001-ex.jpg,,,,,,,,,,,,,,,,,,,,,,,0,1,en_sk_ex_150_bt,,1,,20800,22750,,5,,,,,,,,,,,,,,,,,"23,24","NEW extension,Extension SoftBank 601HW BLACK"
1665,10087,747,1978,No,137-[extension]138Days (Value Rental Pack: 5Months Pack),2,カート用延長フラグ,Extension SoftBank 601HW [20GB],1,,,,,,,,*,sk/img001-ex.jpg,*,sk/img001-ex.jpg,,,,,,,,,,,,,,,,,,,,,,,0,1,en_sk_ex_150,,1,,20800,20800,,5,,,,,,,,,,,,,,,,,"23,24","NEW extension,Extension SoftBank 601HW BLACK"
1665,10088,748,1979,Yes,138-[extension]139Days (Value Rental Pack: 5Months Pack),2,カート用延長フラグ,Extension SoftBank 601HW [20GB],1,,,,,,,,*,sk/img001-ex.jpg,*,sk/img001-ex.jpg,,,,,,,,,,,,,,,,,,,,,,,0,1,en_sk_ex_150_bt,,1,,20800,22750,,5,,,,,,,,,,,,,,,,,"23,24","NEW extension,Extension SoftBank 601HW BLACK"
1665,10089,747,1979,No,138-[extension]139Days (Value Rental Pack: 5Months Pack),2,カート用延長フラグ,Extension SoftBank 601HW [20GB],1,,,,,,,,*,sk/img001-ex.jpg,*,sk/img001-ex.jpg,,,,,,,,,,,,,,,,,,,,,,,0,1,en_sk_ex_150,,1,,20800,20800,,5,,,,,,,,,,,,,,,,,"23,24","NEW extension,Extension SoftBank 601HW BLACK"
1665,10090,748,1980,Yes,139-[extension]140Days (Value Rental Pack: 5Months Pack),2,カート用延長フラグ,Extension SoftBank 601HW [20GB],1,,,,,,,,*,sk/img001-ex.jpg,*,sk/img001-ex.jpg,,,,,,,,,,,,,,,,,,,,,,,0,1,en_sk_ex_150_bt,,1,,20800,22750,,5,,,,,,,,,,,,,,,,,"23,24","NEW extension,Extension SoftBank 601HW BLACK"
1665,10091,747,1980,No,139-[extension]140Days (Value Rental Pack: 5Months Pack),2,カート用延長フラグ,Extension SoftBank 601HW [20GB],1,,,,,,,,*,sk/img001-ex.jpg,*,sk/img001-ex.jpg,,,,,,,,,,,,,,,,,,,,,,,0,1,en_sk_ex_150,,1,,20800,20800,,5,,,,,,,,,,,,,,,,,"23,24","NEW extension,Extension SoftBank 601HW BLACK"
1665,10092,748,1981,Yes,140-[extension]141Days (Value Rental Pack: 5Months Pack),2,カート用延長フラグ,Extension SoftBank 601HW [20GB],1,,,,,,,,*,sk/img001-ex.jpg,*,sk/img001-ex.jpg,,,,,,,,,,,,,,,,,,,,,,,0,1,en_sk_ex_150_bt,,1,,20800,22750,,5,,,,,,,,,,,,,,,,,"23,24","NEW extension,Extension SoftBank 601HW BLACK"
1665,10093,747,1981,No,140-[extension]141Days (Value Rental Pack: 5Months Pack),2,カート用延長フラグ,Extension SoftBank 601HW [20GB],1,,,,,,,,*,sk/img001-ex.jpg,*,sk/img001-ex.jpg,,,,,,,,,,,,,,,,,,,,,,,0,1,en_sk_ex_150,,1,,20800,20800,,5,,,,,,,,,,,,,,,,,"23,24","NEW extension,Extension SoftBank 601HW BLACK"
1665,10094,748,1982,Yes,141-[extension]142Days (Value Rental Pack: 5Months Pack),2,カート用延長フラグ,Extension SoftBank 601HW [20GB],1,,,,,,,,*,sk/img001-ex.jpg,*,sk/img001-ex.jpg,,,,,,,,,,,,,,,,,,,,,,,0,1,en_sk_ex_150_bt,,1,,20800,22750,,5,,,,,,,,,,,,,,,,,"23,24","NEW extension,Extension SoftBank 601HW BLACK"
1665,10095,747,1982,No,141-[extension]142Days (Value Rental Pack: 5Months Pack),2,カート用延長フラグ,Extension SoftBank 601HW [20GB],1,,,,,,,,*,sk/img001-ex.jpg,*,sk/img001-ex.jpg,,,,,,,,,,,,,,,,,,,,,,,0,1,en_sk_ex_150,,1,,20800,20800,,5,,,,,,,,,,,,,,,,,"23,24","NEW extension,Extension SoftBank 601HW BLACK"
1665,10096,748,1983,Yes,142-[extension]143Days (Value Rental Pack: 5Months Pack),2,カート用延長フラグ,Extension SoftBank 601HW [20GB],1,,,,,,,,*,sk/img001-ex.jpg,*,sk/img001-ex.jpg,,,,,,,,,,,,,,,,,,,,,,,0,1,en_sk_ex_150_bt,,1,,20800,22750,,5,,,,,,,,,,,,,,,,,"23,24","NEW extension,Extension SoftBank 601HW BLACK"
1665,10097,747,1983,No,142-[extension]143Days (Value Rental Pack: 5Months Pack),2,カート用延長フラグ,Extension SoftBank 601HW [20GB],1,,,,,,,,*,sk/img001-ex.jpg,*,sk/img001-ex.jpg,,,,,,,,,,,,,,,,,,,,,,,0,1,en_sk_ex_150,,1,,20800,20800,,5,,,,,,,,,,,,,,,,,"23,24","NEW extension,Extension SoftBank 601HW BLACK"
1665,10098,748,1984,Yes,143-[extension]144Days (Value Rental Pack: 5Months Pack),2,カート用延長フラグ,Extension SoftBank 601HW [20GB],1,,,,,,,,*,sk/img001-ex.jpg,*,sk/img001-ex.jpg,,,,,,,,,,,,,,,,,,,,,,,0,1,en_sk_ex_150_bt,,1,,20800,22750,,5,,,,,,,,,,,,,,,,,"23,24","NEW extension,Extension SoftBank 601HW BLACK"
1665,10099,747,1984,No,143-[extension]144Days (Value Rental Pack: 5Months Pack),2,カート用延長フラグ,Extension SoftBank 601HW [20GB],1,,,,,,,,*,sk/img001-ex.jpg,*,sk/img001-ex.jpg,,,,,,,,,,,,,,,,,,,,,,,0,1,en_sk_ex_150,,1,,20800,20800,,5,,,,,,,,,,,,,,,,,"23,24","NEW extension,Extension SoftBank 601HW BLACK"
1665,10100,748,1985,Yes,144-[extension]145Days (Value Rental Pack: 5Months Pack),2,カート用延長フラグ,Extension SoftBank 601HW [20GB],1,,,,,,,,*,sk/img001-ex.jpg,*,sk/img001-ex.jpg,,,,,,,,,,,,,,,,,,,,,,,0,1,en_sk_ex_150_bt,,1,,20800,22750,,5,,,,,,,,,,,,,,,,,"23,24","NEW extension,Extension SoftBank 601HW BLACK"
1665,10101,747,1985,No,144-[extension]145Days (Value Rental Pack: 5Months Pack),2,カート用延長フラグ,Extension SoftBank 601HW [20GB],1,,,,,,,,*,sk/img001-ex.jpg,*,sk/img001-ex.jpg,,,,,,,,,,,,,,,,,,,,,,,0,1,en_sk_ex_150,,1,,20800,20800,,5,,,,,,,,,,,,,,,,,"23,24","NEW extension,Extension SoftBank 601HW BLACK"
1665,10102,748,1986,Yes,145-[extension]146Days (Value Rental Pack: 5Months Pack),2,カート用延長フラグ,Extension SoftBank 601HW [20GB],1,,,,,,,,*,sk/img001-ex.jpg,*,sk/img001-ex.jpg,,,,,,,,,,,,,,,,,,,,,,,0,1,en_sk_ex_150_bt,,1,,20800,22750,,5,,,,,,,,,,,,,,,,,"23,24","NEW extension,Extension SoftBank 601HW BLACK"
1665,10103,747,1986,No,145-[extension]146Days (Value Rental Pack: 5Months Pack),2,カート用延長フラグ,Extension SoftBank 601HW [20GB],1,,,,,,,,*,sk/img001-ex.jpg,*,sk/img001-ex.jpg,,,,,,,,,,,,,,,,,,,,,,,0,1,en_sk_ex_150,,1,,20800,20800,,5,,,,,,,,,,,,,,,,,"23,24","NEW extension,Extension SoftBank 601HW BLACK"
1665,10104,748,1987,Yes,146-[extension]147Days (Value Rental Pack: 5Months Pack),2,カート用延長フラグ,Extension SoftBank 601HW [20GB],1,,,,,,,,*,sk/img001-ex.jpg,*,sk/img001-ex.jpg,,,,,,,,,,,,,,,,,,,,,,,0,1,en_sk_ex_150_bt,,1,,20800,22750,,5,,,,,,,,,,,,,,,,,"23,24","NEW extension,Extension SoftBank 601HW BLACK"
1665,10105,747,1987,No,146-[extension]147Days (Value Rental Pack: 5Months Pack),2,カート用延長フラグ,Extension SoftBank 601HW [20GB],1,,,,,,,,*,sk/img001-ex.jpg,*,sk/img001-ex.jpg,,,,,,,,,,,,,,,,,,,,,,,0,1,en_sk_ex_150,,1,,20800,20800,,5,,,,,,,,,,,,,,,,,"23,24","NEW extension,Extension SoftBank 601HW BLACK"
1665,10106,748,1988,Yes,147-[extension]148Days (Value Rental Pack: 5Months Pack),2,カート用延長フラグ,Extension SoftBank 601HW [20GB],1,,,,,,,,*,sk/img001-ex.jpg,*,sk/img001-ex.jpg,,,,,,,,,,,,,,,,,,,,,,,0,1,en_sk_ex_150_bt,,1,,20800,22750,,5,,,,,,,,,,,,,,,,,"23,24","NEW extension,Extension SoftBank 601HW BLACK"
1665,10107,747,1988,No,147-[extension]148Days (Value Rental Pack: 5Months Pack),2,カート用延長フラグ,Extension SoftBank 601HW [20GB],1,,,,,,,,*,sk/img001-ex.jpg,*,sk/img001-ex.jpg,,,,,,,,,,,,,,,,,,,,,,,0,1,en_sk_ex_150,,1,,20800,20800,,5,,,,,,,,,,,,,,,,,"23,24","NEW extension,Extension SoftBank 601HW BLACK"
1665,10108,748,1989,Yes,148-[extension]149Days (Value Rental Pack: 5Months Pack),2,カート用延長フラグ,Extension SoftBank 601HW [20GB],1,,,,,,,,*,sk/img001-ex.jpg,*,sk/img001-ex.jpg,,,,,,,,,,,,,,,,,,,,,,,0,1,en_sk_ex_150_bt,,1,,20800,22750,,5,,,,,,,,,,,,,,,,,"23,24","NEW extension,Extension SoftBank 601HW BLACK"
1665,10109,747,1989,No,148-[extension]149Days (Value Rental Pack: 5Months Pack),2,カート用延長フラグ,Extension SoftBank 601HW [20GB],1,,,,,,,,*,sk/img001-ex.jpg,*,sk/img001-ex.jpg,,,,,,,,,,,,,,,,,,,,,,,0,1,en_sk_ex_150,,1,,20800,20800,,5,,,,,,,,,,,,,,,,,"23,24","NEW extension,Extension SoftBank 601HW BLACK"
1665,10110,748,1990,Yes,149-[extension]150Days (Value Rental Pack: 5Months Pack),2,カート用延長フラグ,Extension SoftBank 601HW [20GB],1,,,,,,,,*,sk/img001-ex.jpg,*,sk/img001-ex.jpg,,,,,,,,,,,,,,,,,,,,,,,0,1,en_sk_ex_150_bt,,1,,20800,22750,,5,,,,,,,,,,,,,,,,,"23,24","NEW extension,Extension SoftBank 601HW BLACK"
1665,10111,747,1990,No,149-[extension]150Days (Value Rental Pack: 5Months Pack),2,カート用延長フラグ,Extension SoftBank 601HW [20GB],1,,,,,,,,*,sk/img001-ex.jpg,*,sk/img001-ex.jpg,,,,,,,,,,,,,,,,,,,,,,,0,1,en_sk_ex_150,,1,,20800,20800,,5,,,,,,,,,,,,,,,,,"23,24","NEW extension,Extension SoftBank 601HW BLACK"
1665,10112,748,1991,Yes,150-[extension]151Days (Value Rental Pack: 5Months Pack),2,カート用延長フラグ,Extension SoftBank 601HW [20GB],1,,,,,,,,*,sk/img001-ex.jpg,*,sk/img001-ex.jpg,,,,,,,,,,,,,,,,,,,,,,,0,1,en_sk_ex_150_bt,,1,,20800,22750,,5,,,,,,,,,,,,,,,,,"23,24","NEW extension,Extension SoftBank 601HW BLACK"
1665,10113,747,1991,No,150-[extension]151Days (Value Rental Pack: 5Months Pack),2,カート用延長フラグ,Extension SoftBank 601HW [20GB],1,,,,,,,,*,sk/img001-ex.jpg,*,sk/img001-ex.jpg,,,,,,,,,,,,,,,,,,,,,,,0,1,en_sk_ex_150,,1,,20800,20800,,5,,,,,,,,,,,,,,,,,"23,24","NEW extension,Extension SoftBank 601HW BLACK"
1665,10114,748,1992,Yes,151-[extension]152Days (Value Rental Pack: 5Months Pack + 1Day),2,カート用延長フラグ,Extension SoftBank 601HW [20GB],1,,,,,,,,*,sk/img001-ex.jpg,*,sk/img001-ex.jpg,,,,,,,,,,,,,,,,,,,,,,,0,1,en_sk_ex_151_bt,,1,,21190,23190,,5,,,,,,,,,,,,,,,,,"23,24","NEW extension,Extension SoftBank 601HW BLACK"
1665,10115,747,1992,No,151-[extension]152Days (Value Rental Pack: 5Months Pack + 1Day),2,カート用延長フラグ,Extension SoftBank 601HW [20GB],1,,,,,,,,*,sk/img001-ex.jpg,*,sk/img001-ex.jpg,,,,,,,,,,,,,,,,,,,,,,,0,1,en_sk_ex_151,,1,,21190,21190,,5,,,,,,,,,,,,,,,,,"23,24","NEW extension,Extension SoftBank 601HW BLACK"
1665,10116,748,1993,Yes,152-[extension]153Days (Value Rental Pack: 5Months Pack + 2Days),2,カート用延長フラグ,Extension SoftBank 601HW [20GB],1,,,,,,,,*,sk/img001-ex.jpg,*,sk/img001-ex.jpg,,,,,,,,,,,,,,,,,,,,,,,0,1,en_sk_ex_152_bt,,1,,21580,23630,,5,,,,,,,,,,,,,,,,,"23,24","NEW extension,Extension SoftBank 601HW BLACK"
1665,10117,747,1993,No,152-[extension]153Days (Value Rental Pack: 5Months Pack + 2Days),2,カート用延長フラグ,Extension SoftBank 601HW [20GB],1,,,,,,,,*,sk/img001-ex.jpg,*,sk/img001-ex.jpg,,,,,,,,,,,,,,,,,,,,,,,0,1,en_sk_ex_152,,1,,21580,21580,,5,,,,,,,,,,,,,,,,,"23,24","NEW extension,Extension SoftBank 601HW BLACK"
1665,10118,748,1994,Yes,153-[extension]154Days (Value Rental Pack: 5Months Pack + 3Days),2,カート用延長フラグ,Extension SoftBank 601HW [20GB],1,,,,,,,,*,sk/img001-ex.jpg,*,sk/img001-ex.jpg,,,,,,,,,,,,,,,,,,,,,,,0,1,en_sk_ex_153_bt,,1,,21970,24070,,5,,,,,,,,,,,,,,,,,"23,24","NEW extension,Extension SoftBank 601HW BLACK"
1665,10119,747,1994,No,153-[extension]154Days (Value Rental Pack: 5Months Pack + 3Days),2,カート用延長フラグ,Extension SoftBank 601HW [20GB],1,,,,,,,,*,sk/img001-ex.jpg,*,sk/img001-ex.jpg,,,,,,,,,,,,,,,,,,,,,,,0,1,en_sk_ex_153,,1,,21970,21970,,5,,,,,,,,,,,,,,,,,"23,24","NEW extension,Extension SoftBank 601HW BLACK"
1665,10120,748,1995,Yes,154-[extension]155Days (Value Rental Pack: 5Months Pack + 4Days),2,カート用延長フラグ,Extension SoftBank 601HW [20GB],1,,,,,,,,*,sk/img001-ex.jpg,*,sk/img001-ex.jpg,,,,,,,,,,,,,,,,,,,,,,,0,1,en_sk_ex_154_bt,,1,,22360,24510,,5,,,,,,,,,,,,,,,,,"23,24","NEW extension,Extension SoftBank 601HW BLACK"
1665,10121,747,1995,No,154-[extension]155Days (Value Rental Pack: 5Months Pack + 4Days),2,カート用延長フラグ,Extension SoftBank 601HW [20GB],1,,,,,,,,*,sk/img001-ex.jpg,*,sk/img001-ex.jpg,,,,,,,,,,,,,,,,,,,,,,,0,1,en_sk_ex_154,,1,,22360,22360,,5,,,,,,,,,,,,,,,,,"23,24","NEW extension,Extension SoftBank 601HW BLACK"
1665,10122,748,1996,Yes,155-[extension]156Days (Value Rental Pack: 5Months Pack + 5Days),2,カート用延長フラグ,Extension SoftBank 601HW [20GB],1,,,,,,,,*,sk/img001-ex.jpg,*,sk/img001-ex.jpg,,,,,,,,,,,,,,,,,,,,,,,0,1,en_sk_ex_155_bt,,1,,22750,24950,,5,,,,,,,,,,,,,,,,,"23,24","NEW extension,Extension SoftBank 601HW BLACK"
1665,10123,747,1996,No,155-[extension]156Days (Value Rental Pack: 5Months Pack + 5Days),2,カート用延長フラグ,Extension SoftBank 601HW [20GB],1,,,,,,,,*,sk/img001-ex.jpg,*,sk/img001-ex.jpg,,,,,,,,,,,,,,,,,,,,,,,0,1,en_sk_ex_155,,1,,22750,22750,,5,,,,,,,,,,,,,,,,,"23,24","NEW extension,Extension SoftBank 601HW BLACK"
1665,10124,748,1997,Yes,156-[extension]157Days (Value Rental Pack: 6Months Pack),2,カート用延長フラグ,Extension SoftBank 601HW [20GB],1,,,,,,,,*,sk/img001-ex.jpg,*,sk/img001-ex.jpg,,,,,,,,,,,,,,,,,,,,,,,0,1,en_sk_ex_180_bt,,1,,22800,25050,,5,,,,,,,,,,,,,,,,,"23,24","NEW extension,Extension SoftBank 601HW BLACK"
1665,10125,747,1997,No,156-[extension]157Days (Value Rental Pack: 6Months Pack),2,カート用延長フラグ,Extension SoftBank 601HW [20GB],1,,,,,,,,*,sk/img001-ex.jpg,*,sk/img001-ex.jpg,,,,,,,,,,,,,,,,,,,,,,,0,1,en_sk_ex_180,,1,,22800,22800,,5,,,,,,,,,,,,,,,,,"23,24","NEW extension,Extension SoftBank 601HW BLACK"
1665,10126,748,1998,Yes,157-[extension]158Days (Value Rental Pack: 6Months Pack),2,カート用延長フラグ,Extension SoftBank 601HW [20GB],1,,,,,,,,*,sk/img001-ex.jpg,*,sk/img001-ex.jpg,,,,,,,,,,,,,,,,,,,,,,,0,1,en_sk_ex_180_bt,,1,,22800,25050,,5,,,,,,,,,,,,,,,,,"23,24","NEW extension,Extension SoftBank 601HW BLACK"
1665,10127,747,1998,No,157-[extension]158Days (Value Rental Pack: 6Months Pack),2,カート用延長フラグ,Extension SoftBank 601HW [20GB],1,,,,,,,,*,sk/img001-ex.jpg,*,sk/img001-ex.jpg,,,,,,,,,,,,,,,,,,,,,,,0,1,en_sk_ex_180,,1,,22800,22800,,5,,,,,,,,,,,,,,,,,"23,24","NEW extension,Extension SoftBank 601HW BLACK"
1665,10128,748,1999,Yes,158-[extension]159Days (Value Rental Pack: 6Months Pack),2,カート用延長フラグ,Extension SoftBank 601HW [20GB],1,,,,,,,,*,sk/img001-ex.jpg,*,sk/img001-ex.jpg,,,,,,,,,,,,,,,,,,,,,,,0,1,en_sk_ex_180_bt,,1,,22800,25050,,5,,,,,,,,,,,,,,,,,"23,24","NEW extension,Extension SoftBank 601HW BLACK"
1665,10129,747,1999,No,158-[extension]159Days (Value Rental Pack: 6Months Pack),2,カート用延長フラグ,Extension SoftBank 601HW [20GB],1,,,,,,,,*,sk/img001-ex.jpg,*,sk/img001-ex.jpg,,,,,,,,,,,,,,,,,,,,,,,0,1,en_sk_ex_180,,1,,22800,22800,,5,,,,,,,,,,,,,,,,,"23,24","NEW extension,Extension SoftBank 601HW BLACK"
1665,10130,748,2000,Yes,159-[extension]160Days (Value Rental Pack: 6Months Pack),2,カート用延長フラグ,Extension SoftBank 601HW [20GB],1,,,,,,,,*,sk/img001-ex.jpg,*,sk/img001-ex.jpg,,,,,,,,,,,,,,,,,,,,,,,0,1,en_sk_ex_180_bt,,1,,22800,25050,,5,,,,,,,,,,,,,,,,,"23,24","NEW extension,Extension SoftBank 601HW BLACK"
1665,10131,747,2000,No,159-[extension]160Days (Value Rental Pack: 6Months Pack),2,カート用延長フラグ,Extension SoftBank 601HW [20GB],1,,,,,,,,*,sk/img001-ex.jpg,*,sk/img001-ex.jpg,,,,,,,,,,,,,,,,,,,,,,,0,1,en_sk_ex_180,,1,,22800,22800,,5,,,,,,,,,,,,,,,,,"23,24","NEW extension,Extension SoftBank 601HW BLACK"
1665,10132,748,2001,Yes,160-[extension]161Days (Value Rental Pack: 6Months Pack),2,カート用延長フラグ,Extension SoftBank 601HW [20GB],1,,,,,,,,*,sk/img001-ex.jpg,*,sk/img001-ex.jpg,,,,,,,,,,,,,,,,,,,,,,,0,1,en_sk_ex_180_bt,,1,,22800,25050,,5,,,,,,,,,,,,,,,,,"23,24","NEW extension,Extension SoftBank 601HW BLACK"
1665,10133,747,2001,No,160-[extension]161Days (Value Rental Pack: 6Months Pack),2,カート用延長フラグ,Extension SoftBank 601HW [20GB],1,,,,,,,,*,sk/img001-ex.jpg,*,sk/img001-ex.jpg,,,,,,,,,,,,,,,,,,,,,,,0,1,en_sk_ex_180,,1,,22800,22800,,5,,,,,,,,,,,,,,,,,"23,24","NEW extension,Extension SoftBank 601HW BLACK"
1665,10134,748,2002,Yes,161-[extension]162Days (Value Rental Pack: 6Months Pack),2,カート用延長フラグ,Extension SoftBank 601HW [20GB],1,,,,,,,,*,sk/img001-ex.jpg,*,sk/img001-ex.jpg,,,,,,,,,,,,,,,,,,,,,,,0,1,en_sk_ex_180_bt,,1,,22800,25050,,5,,,,,,,,,,,,,,,,,"23,24","NEW extension,Extension SoftBank 601HW BLACK"
1665,10135,747,2002,No,161-[extension]162Days (Value Rental Pack: 6Months Pack),2,カート用延長フラグ,Extension SoftBank 601HW [20GB],1,,,,,,,,*,sk/img001-ex.jpg,*,sk/img001-ex.jpg,,,,,,,,,,,,,,,,,,,,,,,0,1,en_sk_ex_180,,1,,22800,22800,,5,,,,,,,,,,,,,,,,,"23,24","NEW extension,Extension SoftBank 601HW BLACK"
1665,10136,748,2003,Yes,162-[extension]163Days (Value Rental Pack: 6Months Pack),2,カート用延長フラグ,Extension SoftBank 601HW [20GB],1,,,,,,,,*,sk/img001-ex.jpg,*,sk/img001-ex.jpg,,,,,,,,,,,,,,,,,,,,,,,0,1,en_sk_ex_180_bt,,1,,22800,25050,,5,,,,,,,,,,,,,,,,,"23,24","NEW extension,Extension SoftBank 601HW BLACK"
1665,10137,747,2003,No,162-[extension]163Days (Value Rental Pack: 6Months Pack),2,カート用延長フラグ,Extension SoftBank 601HW [20GB],1,,,,,,,,*,sk/img001-ex.jpg,*,sk/img001-ex.jpg,,,,,,,,,,,,,,,,,,,,,,,0,1,en_sk_ex_180,,1,,22800,22800,,5,,,,,,,,,,,,,,,,,"23,24","NEW extension,Extension SoftBank 601HW BLACK"
1665,10138,748,2004,Yes,163-[extension]164Days (Value Rental Pack: 6Months Pack),2,カート用延長フラグ,Extension SoftBank 601HW [20GB],1,,,,,,,,*,sk/img001-ex.jpg,*,sk/img001-ex.jpg,,,,,,,,,,,,,,,,,,,,,,,0,1,en_sk_ex_180_bt,,1,,22800,25050,,5,,,,,,,,,,,,,,,,,"23,24","NEW extension,Extension SoftBank 601HW BLACK"
1665,10139,747,2004,No,163-[extension]164Days (Value Rental Pack: 6Months Pack),2,カート用延長フラグ,Extension SoftBank 601HW [20GB],1,,,,,,,,*,sk/img001-ex.jpg,*,sk/img001-ex.jpg,,,,,,,,,,,,,,,,,,,,,,,0,1,en_sk_ex_180,,1,,22800,22800,,5,,,,,,,,,,,,,,,,,"23,24","NEW extension,Extension SoftBank 601HW BLACK"
1665,10140,748,2005,Yes,164-[extension]165Days (Value Rental Pack: 6Months Pack),2,カート用延長フラグ,Extension SoftBank 601HW [20GB],1,,,,,,,,*,sk/img001-ex.jpg,*,sk/img001-ex.jpg,,,,,,,,,,,,,,,,,,,,,,,0,1,en_sk_ex_180_bt,,1,,22800,25050,,5,,,,,,,,,,,,,,,,,"23,24","NEW extension,Extension SoftBank 601HW BLACK"
1665,10141,747,2005,No,164-[extension]165Days (Value Rental Pack: 6Months Pack),2,カート用延長フラグ,Extension SoftBank 601HW [20GB],1,,,,,,,,*,sk/img001-ex.jpg,*,sk/img001-ex.jpg,,,,,,,,,,,,,,,,,,,,,,,0,1,en_sk_ex_180,,1,,22800,22800,,5,,,,,,,,,,,,,,,,,"23,24","NEW extension,Extension SoftBank 601HW BLACK"
1665,10142,748,2006,Yes,165-[extension]166Days (Value Rental Pack: 6Months Pack),2,カート用延長フラグ,Extension SoftBank 601HW [20GB],1,,,,,,,,*,sk/img001-ex.jpg,*,sk/img001-ex.jpg,,,,,,,,,,,,,,,,,,,,,,,0,1,en_sk_ex_180_bt,,1,,22800,25050,,5,,,,,,,,,,,,,,,,,"23,24","NEW extension,Extension SoftBank 601HW BLACK"
1665,10143,747,2006,No,165-[extension]166Days (Value Rental Pack: 6Months Pack),2,カート用延長フラグ,Extension SoftBank 601HW [20GB],1,,,,,,,,*,sk/img001-ex.jpg,*,sk/img001-ex.jpg,,,,,,,,,,,,,,,,,,,,,,,0,1,en_sk_ex_180,,1,,22800,22800,,5,,,,,,,,,,,,,,,,,"23,24","NEW extension,Extension SoftBank 601HW BLACK"
1665,10144,748,2007,Yes,166-[extension]167Days (Value Rental Pack: 6Months Pack),2,カート用延長フラグ,Extension SoftBank 601HW [20GB],1,,,,,,,,*,sk/img001-ex.jpg,*,sk/img001-ex.jpg,,,,,,,,,,,,,,,,,,,,,,,0,1,en_sk_ex_180_bt,,1,,22800,25050,,5,,,,,,,,,,,,,,,,,"23,24","NEW extension,Extension SoftBank 601HW BLACK"
1665,10145,747,2007,No,166-[extension]167Days (Value Rental Pack: 6Months Pack),2,カート用延長フラグ,Extension SoftBank 601HW [20GB],1,,,,,,,,*,sk/img001-ex.jpg,*,sk/img001-ex.jpg,,,,,,,,,,,,,,,,,,,,,,,0,1,en_sk_ex_180,,1,,22800,22800,,5,,,,,,,,,,,,,,,,,"23,24","NEW extension,Extension SoftBank 601HW BLACK"
1665,10146,748,2008,Yes,167-[extension]168Days (Value Rental Pack: 6Months Pack),2,カート用延長フラグ,Extension SoftBank 601HW [20GB],1,,,,,,,,*,sk/img001-ex.jpg,*,sk/img001-ex.jpg,,,,,,,,,,,,,,,,,,,,,,,0,1,en_sk_ex_180_bt,,1,,22800,25050,,5,,,,,,,,,,,,,,,,,"23,24","NEW extension,Extension SoftBank 601HW BLACK"
1665,10147,747,2008,No,167-[extension]168Days (Value Rental Pack: 6Months Pack),2,カート用延長フラグ,Extension SoftBank 601HW [20GB],1,,,,,,,,*,sk/img001-ex.jpg,*,sk/img001-ex.jpg,,,,,,,,,,,,,,,,,,,,,,,0,1,en_sk_ex_180,,1,,22800,22800,,5,,,,,,,,,,,,,,,,,"23,24","NEW extension,Extension SoftBank 601HW BLACK"
1665,10148,748,2009,Yes,168-[extension]169Days (Value Rental Pack: 6Months Pack),2,カート用延長フラグ,Extension SoftBank 601HW [20GB],1,,,,,,,,*,sk/img001-ex.jpg,*,sk/img001-ex.jpg,,,,,,,,,,,,,,,,,,,,,,,0,1,en_sk_ex_180_bt,,1,,22800,25050,,5,,,,,,,,,,,,,,,,,"23,24","NEW extension,Extension SoftBank 601HW BLACK"
1665,10149,747,2009,No,168-[extension]169Days (Value Rental Pack: 6Months Pack),2,カート用延長フラグ,Extension SoftBank 601HW [20GB],1,,,,,,,,*,sk/img001-ex.jpg,*,sk/img001-ex.jpg,,,,,,,,,,,,,,,,,,,,,,,0,1,en_sk_ex_180,,1,,22800,22800,,5,,,,,,,,,,,,,,,,,"23,24","NEW extension,Extension SoftBank 601HW BLACK"
1665,10150,748,2010,Yes,169-[extension]170Days (Value Rental Pack: 6Months Pack),2,カート用延長フラグ,Extension SoftBank 601HW [20GB],1,,,,,,,,*,sk/img001-ex.jpg,*,sk/img001-ex.jpg,,,,,,,,,,,,,,,,,,,,,,,0,1,en_sk_ex_180_bt,,1,,22800,25050,,5,,,,,,,,,,,,,,,,,"23,24","NEW extension,Extension SoftBank 601HW BLACK"
1665,10151,747,2010,No,169-[extension]170Days (Value Rental Pack: 6Months Pack),2,カート用延長フラグ,Extension SoftBank 601HW [20GB],1,,,,,,,,*,sk/img001-ex.jpg,*,sk/img001-ex.jpg,,,,,,,,,,,,,,,,,,,,,,,0,1,en_sk_ex_180,,1,,22800,22800,,5,,,,,,,,,,,,,,,,,"23,24","NEW extension,Extension SoftBank 601HW BLACK"
1665,10152,748,2011,Yes,170-[extension]171Days (Value Rental Pack: 6Months Pack),2,カート用延長フラグ,Extension SoftBank 601HW [20GB],1,,,,,,,,*,sk/img001-ex.jpg,*,sk/img001-ex.jpg,,,,,,,,,,,,,,,,,,,,,,,0,1,en_sk_ex_180_bt,,1,,22800,25050,,5,,,,,,,,,,,,,,,,,"23,24","NEW extension,Extension SoftBank 601HW BLACK"
1665,10153,747,2011,No,170-[extension]171Days (Value Rental Pack: 6Months Pack),2,カート用延長フラグ,Extension SoftBank 601HW [20GB],1,,,,,,,,*,sk/img001-ex.jpg,*,sk/img001-ex.jpg,,,,,,,,,,,,,,,,,,,,,,,0,1,en_sk_ex_180,,1,,22800,22800,,5,,,,,,,,,,,,,,,,,"23,24","NEW extension,Extension SoftBank 601HW BLACK"
1665,10154,748,2012,Yes,171-[extension]172Days (Value Rental Pack: 6Months Pack),2,カート用延長フラグ,Extension SoftBank 601HW [20GB],1,,,,,,,,*,sk/img001-ex.jpg,*,sk/img001-ex.jpg,,,,,,,,,,,,,,,,,,,,,,,0,1,en_sk_ex_180_bt,,1,,22800,25050,,5,,,,,,,,,,,,,,,,,"23,24","NEW extension,Extension SoftBank 601HW BLACK"
1665,10155,747,2012,No,171-[extension]172Days (Value Rental Pack: 6Months Pack),2,カート用延長フラグ,Extension SoftBank 601HW [20GB],1,,,,,,,,*,sk/img001-ex.jpg,*,sk/img001-ex.jpg,,,,,,,,,,,,,,,,,,,,,,,0,1,en_sk_ex_180,,1,,22800,22800,,5,,,,,,,,,,,,,,,,,"23,24","NEW extension,Extension SoftBank 601HW BLACK"
1665,10156,748,2013,Yes,172-[extension]173Days (Value Rental Pack: 6Months Pack),2,カート用延長フラグ,Extension SoftBank 601HW [20GB],1,,,,,,,,*,sk/img001-ex.jpg,*,sk/img001-ex.jpg,,,,,,,,,,,,,,,,,,,,,,,0,1,en_sk_ex_180_bt,,1,,22800,25050,,5,,,,,,,,,,,,,,,,,"23,24","NEW extension,Extension SoftBank 601HW BLACK"
1665,10157,747,2013,No,172-[extension]173Days (Value Rental Pack: 6Months Pack),2,カート用延長フラグ,Extension SoftBank 601HW [20GB],1,,,,,,,,*,sk/img001-ex.jpg,*,sk/img001-ex.jpg,,,,,,,,,,,,,,,,,,,,,,,0,1,en_sk_ex_180,,1,,22800,22800,,5,,,,,,,,,,,,,,,,,"23,24","NEW extension,Extension SoftBank 601HW BLACK"
1665,10158,748,2014,Yes,173-[extension]174Days (Value Rental Pack: 6Months Pack),2,カート用延長フラグ,Extension SoftBank 601HW [20GB],1,,,,,,,,*,sk/img001-ex.jpg,*,sk/img001-ex.jpg,,,,,,,,,,,,,,,,,,,,,,,0,1,en_sk_ex_180_bt,,1,,22800,25050,,5,,,,,,,,,,,,,,,,,"23,24","NEW extension,Extension SoftBank 601HW BLACK"
1665,10159,747,2014,No,173-[extension]174Days (Value Rental Pack: 6Months Pack),2,カート用延長フラグ,Extension SoftBank 601HW [20GB],1,,,,,,,,*,sk/img001-ex.jpg,*,sk/img001-ex.jpg,,,,,,,,,,,,,,,,,,,,,,,0,1,en_sk_ex_180,,1,,22800,22800,,5,,,,,,,,,,,,,,,,,"23,24","NEW extension,Extension SoftBank 601HW BLACK"
1665,10160,748,2015,Yes,174-[extension]175Days (Value Rental Pack: 6Months Pack),2,カート用延長フラグ,Extension SoftBank 601HW [20GB],1,,,,,,,,*,sk/img001-ex.jpg,*,sk/img001-ex.jpg,,,,,,,,,,,,,,,,,,,,,,,0,1,en_sk_ex_180_bt,,1,,22800,25050,,5,,,,,,,,,,,,,,,,,"23,24","NEW extension,Extension SoftBank 601HW BLACK"
1665,10161,747,2015,No,174-[extension]175Days (Value Rental Pack: 6Months Pack),2,カート用延長フラグ,Extension SoftBank 601HW [20GB],1,,,,,,,,*,sk/img001-ex.jpg,*,sk/img001-ex.jpg,,,,,,,,,,,,,,,,,,,,,,,0,1,en_sk_ex_180,,1,,22800,22800,,5,,,,,,,,,,,,,,,,,"23,24","NEW extension,Extension SoftBank 601HW BLACK"
1665,10162,748,2016,Yes,175-[extension]176Days (Value Rental Pack: 6Months Pack),2,カート用延長フラグ,Extension SoftBank 601HW [20GB],1,,,,,,,,*,sk/img001-ex.jpg,*,sk/img001-ex.jpg,,,,,,,,,,,,,,,,,,,,,,,0,1,en_sk_ex_180_bt,,1,,22800,25050,,5,,,,,,,,,,,,,,,,,"23,24","NEW extension,Extension SoftBank 601HW BLACK"
1665,10163,747,2016,No,175-[extension]176Days (Value Rental Pack: 6Months Pack),2,カート用延長フラグ,Extension SoftBank 601HW [20GB],1,,,,,,,,*,sk/img001-ex.jpg,*,sk/img001-ex.jpg,,,,,,,,,,,,,,,,,,,,,,,0,1,en_sk_ex_180,,1,,22800,22800,,5,,,,,,,,,,,,,,,,,"23,24","NEW extension,Extension SoftBank 601HW BLACK"
1665,10164,748,2017,Yes,176-[extension]177Days (Value Rental Pack: 6Months Pack),2,カート用延長フラグ,Extension SoftBank 601HW [20GB],1,,,,,,,,*,sk/img001-ex.jpg,*,sk/img001-ex.jpg,,,,,,,,,,,,,,,,,,,,,,,0,1,en_sk_ex_180_bt,,1,,22800,25050,,5,,,,,,,,,,,,,,,,,"23,24","NEW extension,Extension SoftBank 601HW BLACK"
1665,10165,747,2017,No,176-[extension]177Days (Value Rental Pack: 6Months Pack),2,カート用延長フラグ,Extension SoftBank 601HW [20GB],1,,,,,,,,*,sk/img001-ex.jpg,*,sk/img001-ex.jpg,,,,,,,,,,,,,,,,,,,,,,,0,1,en_sk_ex_180,,1,,22800,22800,,5,,,,,,,,,,,,,,,,,"23,24","NEW extension,Extension SoftBank 601HW BLACK"
1665,10166,748,2018,Yes,177-[extension]178Days (Value Rental Pack: 6Months Pack),2,カート用延長フラグ,Extension SoftBank 601HW [20GB],1,,,,,,,,*,sk/img001-ex.jpg,*,sk/img001-ex.jpg,,,,,,,,,,,,,,,,,,,,,,,0,1,en_sk_ex_180_bt,,1,,22800,25050,,5,,,,,,,,,,,,,,,,,"23,24","NEW extension,Extension SoftBank 601HW BLACK"
1665,10167,747,2018,No,177-[extension]178Days (Value Rental Pack: 6Months Pack),2,カート用延長フラグ,Extension SoftBank 601HW [20GB],1,,,,,,,,*,sk/img001-ex.jpg,*,sk/img001-ex.jpg,,,,,,,,,,,,,,,,,,,,,,,0,1,en_sk_ex_180,,1,,22800,22800,,5,,,,,,,,,,,,,,,,,"23,24","NEW extension,Extension SoftBank 601HW BLACK"
1665,10168,748,2019,Yes,178-[extension]179Days (Value Rental Pack: 6Months Pack),2,カート用延長フラグ,Extension SoftBank 601HW [20GB],1,,,,,,,,*,sk/img001-ex.jpg,*,sk/img001-ex.jpg,,,,,,,,,,,,,,,,,,,,,,,0,1,en_sk_ex_180_bt,,1,,22800,25050,,5,,,,,,,,,,,,,,,,,"23,24","NEW extension,Extension SoftBank 601HW BLACK"
1665,10169,747,2019,No,178-[extension]179Days (Value Rental Pack: 6Months Pack),2,カート用延長フラグ,Extension SoftBank 601HW [20GB],1,,,,,,,,*,sk/img001-ex.jpg,*,sk/img001-ex.jpg,,,,,,,,,,,,,,,,,,,,,,,0,1,en_sk_ex_180,,1,,22800,22800,,5,,,,,,,,,,,,,,,,,"23,24","NEW extension,Extension SoftBank 601HW BLACK"
1665,10170,748,2020,Yes,179-[extension]180Days (Value Rental Pack: 6Months Pack),2,カート用延長フラグ,Extension SoftBank 601HW [20GB],1,,,,,,,,*,sk/img001-ex.jpg,*,sk/img001-ex.jpg,,,,,,,,,,,,,,,,,,,,,,,0,1,en_sk_ex_180_bt,,1,,22800,25050,,5,,,,,,,,,,,,,,,,,"23,24","NEW extension,Extension SoftBank 601HW BLACK"
1665,10171,747,2020,No,179-[extension]180Days (Value Rental Pack: 6Months Pack),2,カート用延長フラグ,Extension SoftBank 601HW [20GB],1,,,,,,,,*,sk/img001-ex.jpg,*,sk/img001-ex.jpg,,,,,,,,,,,,,,,,,,,,,,,0,1,en_sk_ex_180,,1,,22800,22800,,5,,,,,,,,,,,,,,,,,"23,24","NEW extension,Extension SoftBank 601HW BLACK"
1665,10172,748,2021,Yes,180-[extension]181Days (Value Rental Pack: 6Months Pack),2,カート用延長フラグ,Extension SoftBank 601HW [20GB],1,,,,,,,,*,sk/img001-ex.jpg,*,sk/img001-ex.jpg,,,,,,,,,,,,,,,,,,,,,,,0,1,en_sk_ex_180_bt,,1,,22800,25050,,5,,,,,,,,,,,,,,,,,"23,24","NEW extension,Extension SoftBank 601HW BLACK"
1665,10173,747,2021,No,180-[extension]181Days (Value Rental Pack: 6Months Pack),2,カート用延長フラグ,Extension SoftBank 601HW [20GB],1,,,,,,,,*,sk/img001-ex.jpg,*,sk/img001-ex.jpg,,,,,,,,,,,,,,,,,,,,,,,0,1,en_sk_ex_180,,1,,22800,22800,,5,,,,,,,,,,,,,,,,,"23,24","NEW extension,Extension SoftBank 601HW BLACK"
1665,10174,748,2022,Yes,181-[extension]182Days (Value Rental Pack: 6Months Pack + 1Day),2,カート用延長フラグ,Extension SoftBank 601HW [20GB],1,,,,,,,,*,sk/img001-ex.jpg,*,sk/img001-ex.jpg,,,,,,,,,,,,,,,,,,,,,,,0,1,en_sk_ex_181_bt,,1,,23190,25490,,5,,,,,,,,,,,,,,,,,"23,24","NEW extension,Extension SoftBank 601HW BLACK"
1665,10175,747,2022,No,181-[extension]182Days (Value Rental Pack: 6Months Pack + 1Day),2,カート用延長フラグ,Extension SoftBank 601HW [20GB],1,,,,,,,,*,sk/img001-ex.jpg,*,sk/img001-ex.jpg,,,,,,,,,,,,,,,,,,,,,,,0,1,en_sk_ex_181,,1,,23190,23190,,5,,,,,,,,,,,,,,,,,"23,24","NEW extension,Extension SoftBank 601HW BLACK"
1665,10176,748,2023,Yes,182-[extension]183Days (Value Rental Pack: 6Months Pack + 2Days),2,カート用延長フラグ,Extension SoftBank 601HW [20GB],1,,,,,,,,*,sk/img001-ex.jpg,*,sk/img001-ex.jpg,,,,,,,,,,,,,,,,,,,,,,,0,1,en_sk_ex_182_bt,,1,,23580,25930,,5,,,,,,,,,,,,,,,,,"23,24","NEW extension,Extension SoftBank 601HW BLACK"
1665,10177,747,2023,No,182-[extension]183Days (Value Rental Pack: 6Months Pack + 2Days),2,カート用延長フラグ,Extension SoftBank 601HW [20GB],1,,,,,,,,*,sk/img001-ex.jpg,*,sk/img001-ex.jpg,,,,,,,,,,,,,,,,,,,,,,,0,1,en_sk_ex_182,,1,,23580,23580,,5,,,,,,,,,,,,,,,,,"23,24","NEW extension,Extension SoftBank 601HW BLACK"
1665,10178,748,2024,Yes,183-[extension]184Days (Value Rental Pack: 6Months Pack + 3Days),2,カート用延長フラグ,Extension SoftBank 601HW [20GB],1,,,,,,,,*,sk/img001-ex.jpg,*,sk/img001-ex.jpg,,,,,,,,,,,,,,,,,,,,,,,0,1,en_sk_ex_183_bt,,1,,23970,26370,,5,,,,,,,,,,,,,,,,,"23,24","NEW extension,Extension SoftBank 601HW BLACK"
1665,10179,747,2024,No,183-[extension]184Days (Value Rental Pack: 6Months Pack + 3Days),2,カート用延長フラグ,Extension SoftBank 601HW [20GB],1,,,,,,,,*,sk/img001-ex.jpg,*,sk/img001-ex.jpg,,,,,,,,,,,,,,,,,,,,,,,0,1,en_sk_ex_183,,1,,23970,23970,,5,,,,,,,,,,,,,,,,,"23,24","NEW extension,Extension SoftBank 601HW BLACK"
1665,10180,748,2025,Yes,184-[extension]185Days (Value Rental Pack: 6Months Pack + 4Days),2,カート用延長フラグ,Extension SoftBank 601HW [20GB],1,,,,,,,,*,sk/img001-ex.jpg,*,sk/img001-ex.jpg,,,,,,,,,,,,,,,,,,,,,,,0,1,en_sk_ex_184_bt,,1,,24360,26810,,5,,,,,,,,,,,,,,,,,"23,24","NEW extension,Extension SoftBank 601HW BLACK"
1665,10181,747,2025,No,184-[extension]185Days (Value Rental Pack: 6Months Pack + 4Days),2,カート用延長フラグ,Extension SoftBank 601HW [20GB],1,,,,,,,,*,sk/img001-ex.jpg,*,sk/img001-ex.jpg,,,,,,,,,,,,,,,,,,,,,,,0,1,en_sk_ex_184,,1,,24360,24360,,5,,,,,,,,,,,,,,,,,"23,24","NEW extension,Extension SoftBank 601HW BLACK"
1665,10182,748,2026,Yes,185-[extension]186Days (Value Rental Pack: 6Months Pack + 5Days),2,カート用延長フラグ,Extension SoftBank 601HW [20GB],1,,,,,,,,*,sk/img001-ex.jpg,*,sk/img001-ex.jpg,,,,,,,,,,,,,,,,,,,,,,,0,1,en_sk_ex_185_bt,,1,,24750,27250,,5,,,,,,,,,,,,,,,,,"23,24","NEW extension,Extension SoftBank 601HW BLACK"
1665,10183,747,2026,No,185-[extension]186Days (Value Rental Pack: 6Months Pack + 5Days),2,カート用延長フラグ,Extension SoftBank 601HW [20GB],1,,,,,,,,*,sk/img001-ex.jpg,*,sk/img001-ex.jpg,,,,,,,,,,,,,,,,,,,,,,,0,1,en_sk_ex_185,,1,,24750,24750,,5,,,,,,,,,,,,,,,,,"23,24","NEW extension,Extension SoftBank 601HW BLACK"
1665,10184,748,2027,Yes,186-[extension]187Days (Value Rental Pack: 6Months Pack + 6Days),2,カート用延長フラグ,Extension SoftBank 601HW [20GB],1,,,,,,,,*,sk/img001-ex.jpg,*,sk/img001-ex.jpg,,,,,,,,,,,,,,,,,,,,,,,0,1,en_sk_ex_186_bt,,1,,25140,27690,,5,,,,,,,,,,,,,,,,,"23,24","NEW extension,Extension SoftBank 601HW BLACK"
1665,10185,747,2027,No,186-[extension]187Days (Value Rental Pack: 6Months Pack + 6Days),2,カート用延長フラグ,Extension SoftBank 601HW [20GB],1,,,,,,,,*,sk/img001-ex.jpg,*,sk/img001-ex.jpg,,,,,,,,,,,,,,,,,,,,,,,0,1,en_sk_ex_186,,1,,25140,25140,,5,,,,,,,,,,,,,,,,,"23,24","NEW extension,Extension SoftBank 601HW BLACK"
1665,10186,748,2028,Yes,187-[extension]188Days (Value Rental Pack: 6Months Pack + 7Days),2,カート用延長フラグ,Extension SoftBank 601HW [20GB],1,,,,,,,,*,sk/img001-ex.jpg,*,sk/img001-ex.jpg,,,,,,,,,,,,,,,,,,,,,,,0,1,en_sk_ex_187_bt,,1,,25530,28130,,5,,,,,,,,,,,,,,,,,"23,24","NEW extension,Extension SoftBank 601HW BLACK"
1665,10187,747,2028,No,187-[extension]188Days (Value Rental Pack: 6Months Pack + 7Days),2,カート用延長フラグ,Extension SoftBank 601HW [20GB],1,,,,,,,,*,sk/img001-ex.jpg,*,sk/img001-ex.jpg,,,,,,,,,,,,,,,,,,,,,,,0,1,en_sk_ex_187,,1,,25530,25530,,5,,,,,,,,,,,,,,,,,"23,24","NEW extension,Extension SoftBank 601HW BLACK"
1665,10188,748,2029,Yes,188-[extension]189Days (Value Rental Pack: 6Months Pack + 8Days),2,カート用延長フラグ,Extension SoftBank 601HW [20GB],1,,,,,,,,*,sk/img001-ex.jpg,*,sk/img001-ex.jpg,,,,,,,,,,,,,,,,,,,,,,,0,1,en_sk_ex_188_bt,,1,,25920,28570,,5,,,,,,,,,,,,,,,,,"23,24","NEW extension,Extension SoftBank 601HW BLACK"
1665,10189,747,2029,No,188-[extension]189Days (Value Rental Pack: 6Months Pack + 8Days),2,カート用延長フラグ,Extension SoftBank 601HW [20GB],1,,,,,,,,*,sk/img001-ex.jpg,*,sk/img001-ex.jpg,,,,,,,,,,,,,,,,,,,,,,,0,1,en_sk_ex_188,,1,,25920,25920,,5,,,,,,,,,,,,,,,,,"23,24","NEW extension,Extension SoftBank 601HW BLACK"
1665,10190,748,2030,Yes,189-[extension]190Days (Value Rental Pack: 6Months Pack + 9Days),2,カート用延長フラグ,Extension SoftBank 601HW [20GB],1,,,,,,,,*,sk/img001-ex.jpg,*,sk/img001-ex.jpg,,,,,,,,,,,,,,,,,,,,,,,0,1,en_sk_ex_189_bt,,1,,26310,29010,,5,,,,,,,,,,,,,,,,,"23,24","NEW extension,Extension SoftBank 601HW BLACK"
1665,10191,747,2030,No,189-[extension]190Days (Value Rental Pack: 6Months Pack + 9Days),2,カート用延長フラグ,Extension SoftBank 601HW [20GB],1,,,,,,,,*,sk/img001-ex.jpg,*,sk/img001-ex.jpg,,,,,,,,,,,,,,,,,,,,,,,0,1,en_sk_ex_189,,1,,26310,26310,,5,,,,,,,,,,,,,,,,,"23,24","NEW extension,Extension SoftBank 601HW BLACK"
1665,10192,748,2031,Yes,190-[extension]191Days (Value Rental Pack: 6Months Pack + 10Days),2,カート用延長フラグ,Extension SoftBank 601HW [20GB],1,,,,,,,,*,sk/img001-ex.jpg,*,sk/img001-ex.jpg,,,,,,,,,,,,,,,,,,,,,,,0,1,en_sk_ex_190_bt,,1,,26700,29450,,5,,,,,,,,,,,,,,,,,"23,24","NEW extension,Extension SoftBank 601HW BLACK"
1665,10193,747,2031,No,190-[extension]191Days (Value Rental Pack: 6Months Pack + 10Days),2,カート用延長フラグ,Extension SoftBank 601HW [20GB],1,,,,,,,,*,sk/img001-ex.jpg,*,sk/img001-ex.jpg,,,,,,,,,,,,,,,,,,,,,,,0,1,en_sk_ex_190,,1,,26700,26700,,5,,,,,,,,,,,,,,,,,"23,24","NEW extension,Extension SoftBank 601HW BLACK"
1665,10194,748,2032,Yes,191-[extension]192Days (Value Rental Pack: 6Months Pack + 11Days),2,カート用延長フラグ,Extension SoftBank 601HW [20GB],1,,,,,,,,*,sk/img001-ex.jpg,*,sk/img001-ex.jpg,,,,,,,,,,,,,,,,,,,,,,,0,1,en_sk_ex_191_bt,,1,,27090,29890,,5,,,,,,,,,,,,,,,,,"23,24","NEW extension,Extension SoftBank 601HW BLACK"
1665,10195,747,2032,No,191-[extension]192Days (Value Rental Pack: 6Months Pack + 11Days),2,カート用延長フラグ,Extension SoftBank 601HW [20GB],1,,,,,,,,*,sk/img001-ex.jpg,*,sk/img001-ex.jpg,,,,,,,,,,,,,,,,,,,,,,,0,1,en_sk_ex_191,,1,,27090,27090,,5,,,,,,,,,,,,,,,,,"23,24","NEW extension,Extension SoftBank 601HW BLACK"
1665,10196,748,2033,Yes,192-[extension]193Days (Value Rental Pack: 6Months Pack + 12Days),2,カート用延長フラグ,Extension SoftBank 601HW [20GB],1,,,,,,,,*,sk/img001-ex.jpg,*,sk/img001-ex.jpg,,,,,,,,,,,,,,,,,,,,,,,0,1,en_sk_ex_192_bt,,1,,27480,30330,,5,,,,,,,,,,,,,,,,,"23,24","NEW extension,Extension SoftBank 601HW BLACK"
1665,10197,747,2033,No,192-[extension]193Days (Value Rental Pack: 6Months Pack + 12Days),2,カート用延長フラグ,Extension SoftBank 601HW [20GB],1,,,,,,,,*,sk/img001-ex.jpg,*,sk/img001-ex.jpg,,,,,,,,,,,,,,,,,,,,,,,0,1,en_sk_ex_192,,1,,27480,27480,,5,,,,,,,,,,,,,,,,,"23,24","NEW extension,Extension SoftBank 601HW BLACK"
1665,10198,748,2034,Yes,193-[extension]194Days (Value Rental Pack: 6Months Pack + 13Days),2,カート用延長フラグ,Extension SoftBank 601HW [20GB],1,,,,,,,,*,sk/img001-ex.jpg,*,sk/img001-ex.jpg,,,,,,,,,,,,,,,,,,,,,,,0,1,en_sk_ex_193_bt,,1,,27870,30770,,5,,,,,,,,,,,,,,,,,"23,24","NEW extension,Extension SoftBank 601HW BLACK"
1665,10199,747,2034,No,193-[extension]194Days (Value Rental Pack: 6Months Pack + 13Days),2,カート用延長フラグ,Extension SoftBank 601HW [20GB],1,,,,,,,,*,sk/img001-ex.jpg,*,sk/img001-ex.jpg,,,,,,,,,,,,,,,,,,,,,,,0,1,en_sk_ex_193,,1,,27870,27870,,5,,,,,,,,,,,,,,,,,"23,24","NEW extension,Extension SoftBank 601HW BLACK"
1665,10200,748,2035,Yes,194-[extension]195Days (Value Rental Pack: 6Months Pack + 14Days),2,カート用延長フラグ,Extension SoftBank 601HW [20GB],1,,,,,,,,*,sk/img001-ex.jpg,*,sk/img001-ex.jpg,,,,,,,,,,,,,,,,,,,,,,,0,1,en_sk_ex_194_bt,,1,,28260,31210,,5,,,,,,,,,,,,,,,,,"23,24","NEW extension,Extension SoftBank 601HW BLACK"
1665,10201,747,2035,No,194-[extension]195Days (Value Rental Pack: 6Months Pack + 14Days),2,カート用延長フラグ,Extension SoftBank 601HW [20GB],1,,,,,,,,*,sk/img001-ex.jpg,*,sk/img001-ex.jpg,,,,,,,,,,,,,,,,,,,,,,,0,1,en_sk_ex_194,,1,,28260,28260,,5,,,,,,,,,,,,,,,,,"23,24","NEW extension,Extension SoftBank 601HW BLACK"
1665,10202,748,2036,Yes,195-[extension]196Days (Value Rental Pack: 6Months Pack + 1Month Pack),2,カート用延長フラグ,Extension SoftBank 601HW [20GB],1,,,,,,,,*,sk/img001-ex.jpg,*,sk/img001-ex.jpg,,,,,,,,,,,,,,,,,,,,,,,0,1,en_sk_ex_211_bt,,1,,28650,31650,,5,,,,,,,,,,,,,,,,,"23,24","NEW extension,Extension SoftBank 601HW BLACK"
1665,10203,747,2036,No,195-[extension]196Days (Value Rental Pack: 6Months Pack + 1Month Pack),2,カート用延長フラグ,Extension SoftBank 601HW [20GB],1,,,,,,,,*,sk/img001-ex.jpg,*,sk/img001-ex.jpg,,,,,,,,,,,,,,,,,,,,,,,0,1,en_sk_ex_211,,1,,28650,28650,,5,,,,,,,,,,,,,,,,,"23,24","NEW extension,Extension SoftBank 601HW BLACK"
1665,10204,748,2037,Yes,196-[extension]197Days (Value Rental Pack: 6Months Pack + 1Month Pack),2,カート用延長フラグ,Extension SoftBank 601HW [20GB],1,,,,,,,,*,sk/img001-ex.jpg,*,sk/img001-ex.jpg,,,,,,,,,,,,,,,,,,,,,,,0,1,en_sk_ex_211_bt,,1,,28650,31650,,5,,,,,,,,,,,,,,,,,"23,24","NEW extension,Extension SoftBank 601HW BLACK"
1665,10205,747,2037,No,196-[extension]197Days (Value Rental Pack: 6Months Pack + 1Month Pack),2,カート用延長フラグ,Extension SoftBank 601HW [20GB],1,,,,,,,,*,sk/img001-ex.jpg,*,sk/img001-ex.jpg,,,,,,,,,,,,,,,,,,,,,,,0,1,en_sk_ex_211,,1,,28650,28650,,5,,,,,,,,,,,,,,,,,"23,24","NEW extension,Extension SoftBank 601HW BLACK"
1665,10206,748,2038,Yes,197-[extension]198Days (Value Rental Pack: 6Months Pack + 1Month Pack),2,カート用延長フラグ,Extension SoftBank 601HW [20GB],1,,,,,,,,*,sk/img001-ex.jpg,*,sk/img001-ex.jpg,,,,,,,,,,,,,,,,,,,,,,,0,1,en_sk_ex_211_bt,,1,,28650,31650,,5,,,,,,,,,,,,,,,,,"23,24","NEW extension,Extension SoftBank 601HW BLACK"
1665,10207,747,2038,No,197-[extension]198Days (Value Rental Pack: 6Months Pack + 1Month Pack),2,カート用延長フラグ,Extension SoftBank 601HW [20GB],1,,,,,,,,*,sk/img001-ex.jpg,*,sk/img001-ex.jpg,,,,,,,,,,,,,,,,,,,,,,,0,1,en_sk_ex_211,,1,,28650,28650,,5,,,,,,,,,,,,,,,,,"23,24","NEW extension,Extension SoftBank 601HW BLACK"
1665,10208,748,2039,Yes,198-[extension]199Days (Value Rental Pack: 6Months Pack + 1Month Pack),2,カート用延長フラグ,Extension SoftBank 601HW [20GB],1,,,,,,,,*,sk/img001-ex.jpg,*,sk/img001-ex.jpg,,,,,,,,,,,,,,,,,,,,,,,0,1,en_sk_ex_211_bt,,1,,28650,31650,,5,,,,,,,,,,,,,,,,,"23,24","NEW extension,Extension SoftBank 601HW BLACK"
1665,10209,747,2039,No,198-[extension]199Days (Value Rental Pack: 6Months Pack + 1Month Pack),2,カート用延長フラグ,Extension SoftBank 601HW [20GB],1,,,,,,,,*,sk/img001-ex.jpg,*,sk/img001-ex.jpg,,,,,,,,,,,,,,,,,,,,,,,0,1,en_sk_ex_211,,1,,28650,28650,,5,,,,,,,,,,,,,,,,,"23,24","NEW extension,Extension SoftBank 601HW BLACK"
1665,10210,748,2040,Yes,199-[extension]200Days (Value Rental Pack: 6Months Pack + 1Month Pack),2,カート用延長フラグ,Extension SoftBank 601HW [20GB],1,,,,,,,,*,sk/img001-ex.jpg,*,sk/img001-ex.jpg,,,,,,,,,,,,,,,,,,,,,,,0,1,en_sk_ex_211_bt,,1,,28650,31650,,5,,,,,,,,,,,,,,,,,"23,24","NEW extension,Extension SoftBank 601HW BLACK"
1665,10211,747,2040,No,199-[extension]200Days (Value Rental Pack: 6Months Pack + 1Month Pack),2,カート用延長フラグ,Extension SoftBank 601HW [20GB],1,,,,,,,,*,sk/img001-ex.jpg,*,sk/img001-ex.jpg,,,,,,,,,,,,,,,,,,,,,,,0,1,en_sk_ex_211,,1,,28650,28650,,5,,,,,,,,,,,,,,,,,"23,24","NEW extension,Extension SoftBank 601HW BLACK"
1665,10212,748,2041,Yes,200-[extension]201Days (Value Rental Pack: 6Months Pack + 1Month Pack),2,カート用延長フラグ,Extension SoftBank 601HW [20GB],1,,,,,,,,*,sk/img001-ex.jpg,*,sk/img001-ex.jpg,,,,,,,,,,,,,,,,,,,,,,,0,1,en_sk_ex_211_bt,,1,,28650,31650,,5,,,,,,,,,,,,,,,,,"23,24","NEW extension,Extension SoftBank 601HW BLACK"
1665,10213,747,2041,No,200-[extension]201Days (Value Rental Pack: 6Months Pack + 1Month Pack),2,カート用延長フラグ,Extension SoftBank 601HW [20GB],1,,,,,,,,*,sk/img001-ex.jpg,*,sk/img001-ex.jpg,,,,,,,,,,,,,,,,,,,,,,,0,1,en_sk_ex_211,,1,,28650,28650,,5,,,,,,,,,,,,,,,,,"23,24","NEW extension,Extension SoftBank 601HW BLACK"
1665,10214,748,2042,Yes,201-[extension]202Days (Value Rental Pack: 6Months Pack + 1Month Pack),2,カート用延長フラグ,Extension SoftBank 601HW [20GB],1,,,,,,,,*,sk/img001-ex.jpg,*,sk/img001-ex.jpg,,,,,,,,,,,,,,,,,,,,,,,0,1,en_sk_ex_211_bt,,1,,28650,31650,,5,,,,,,,,,,,,,,,,,"23,24","NEW extension,Extension SoftBank 601HW BLACK"
1665,10215,747,2042,No,201-[extension]202Days (Value Rental Pack: 6Months Pack + 1Month Pack),2,カート用延長フラグ,Extension SoftBank 601HW [20GB],1,,,,,,,,*,sk/img001-ex.jpg,*,sk/img001-ex.jpg,,,,,,,,,,,,,,,,,,,,,,,0,1,en_sk_ex_211,,1,,28650,28650,,5,,,,,,,,,,,,,,,,,"23,24","NEW extension,Extension SoftBank 601HW BLACK"
1665,10216,748,2043,Yes,202-[extension]203Days (Value Rental Pack: 6Months Pack + 1Month Pack),2,カート用延長フラグ,Extension SoftBank 601HW [20GB],1,,,,,,,,*,sk/img001-ex.jpg,*,sk/img001-ex.jpg,,,,,,,,,,,,,,,,,,,,,,,0,1,en_sk_ex_211_bt,,1,,28650,31650,,5,,,,,,,,,,,,,,,,,"23,24","NEW extension,Extension SoftBank 601HW BLACK"
1665,10217,747,2043,No,202-[extension]203Days (Value Rental Pack: 6Months Pack + 1Month Pack),2,カート用延長フラグ,Extension SoftBank 601HW [20GB],1,,,,,,,,*,sk/img001-ex.jpg,*,sk/img001-ex.jpg,,,,,,,,,,,,,,,,,,,,,,,0,1,en_sk_ex_211,,1,,28650,28650,,5,,,,,,,,,,,,,,,,,"23,24","NEW extension,Extension SoftBank 601HW BLACK"
1665,10218,748,2044,Yes,203-[extension]204Days (Value Rental Pack: 6Months Pack + 1Month Pack),2,カート用延長フラグ,Extension SoftBank 601HW [20GB],1,,,,,,,,*,sk/img001-ex.jpg,*,sk/img001-ex.jpg,,,,,,,,,,,,,,,,,,,,,,,0,1,en_sk_ex_211_bt,,1,,28650,31650,,5,,,,,,,,,,,,,,,,,"23,24","NEW extension,Extension SoftBank 601HW BLACK"
1665,10219,747,2044,No,203-[extension]204Days (Value Rental Pack: 6Months Pack + 1Month Pack),2,カート用延長フラグ,Extension SoftBank 601HW [20GB],1,,,,,,,,*,sk/img001-ex.jpg,*,sk/img001-ex.jpg,,,,,,,,,,,,,,,,,,,,,,,0,1,en_sk_ex_211,,1,,28650,28650,,5,,,,,,,,,,,,,,,,,"23,24","NEW extension,Extension SoftBank 601HW BLACK"
1665,10220,748,2045,Yes,204-[extension]205Days (Value Rental Pack: 6Months Pack + 1Month Pack),2,カート用延長フラグ,Extension SoftBank 601HW [20GB],1,,,,,,,,*,sk/img001-ex.jpg,*,sk/img001-ex.jpg,,,,,,,,,,,,,,,,,,,,,,,0,1,en_sk_ex_211_bt,,1,,28650,31650,,5,,,,,,,,,,,,,,,,,"23,24","NEW extension,Extension SoftBank 601HW BLACK"
1665,10221,747,2045,No,204-[extension]205Days (Value Rental Pack: 6Months Pack + 1Month Pack),2,カート用延長フラグ,Extension SoftBank 601HW [20GB],1,,,,,,,,*,sk/img001-ex.jpg,*,sk/img001-ex.jpg,,,,,,,,,,,,,,,,,,,,,,,0,1,en_sk_ex_211,,1,,28650,28650,,5,,,,,,,,,,,,,,,,,"23,24","NEW extension,Extension SoftBank 601HW BLACK"
1665,10222,748,2046,Yes,205-[extension]206Days (Value Rental Pack: 6Months Pack + 1Month Pack),2,カート用延長フラグ,Extension SoftBank 601HW [20GB],1,,,,,,,,*,sk/img001-ex.jpg,*,sk/img001-ex.jpg,,,,,,,,,,,,,,,,,,,,,,,0,1,en_sk_ex_211_bt,,1,,28650,31650,,5,,,,,,,,,,,,,,,,,"23,24","NEW extension,Extension SoftBank 601HW BLACK"
1665,10223,747,2046,No,205-[extension]206Days (Value Rental Pack: 6Months Pack + 1Month Pack),2,カート用延長フラグ,Extension SoftBank 601HW [20GB],1,,,,,,,,*,sk/img001-ex.jpg,*,sk/img001-ex.jpg,,,,,,,,,,,,,,,,,,,,,,,0,1,en_sk_ex_211,,1,,28650,28650,,5,,,,,,,,,,,,,,,,,"23,24","NEW extension,Extension SoftBank 601HW BLACK"
1665,10224,748,2047,Yes,206-[extension]207Days (Value Rental Pack: 6Months Pack + 1Month Pack),2,カート用延長フラグ,Extension SoftBank 601HW [20GB],1,,,,,,,,*,sk/img001-ex.jpg,*,sk/img001-ex.jpg,,,,,,,,,,,,,,,,,,,,,,,0,1,en_sk_ex_211_bt,,1,,28650,31650,,5,,,,,,,,,,,,,,,,,"23,24","NEW extension,Extension SoftBank 601HW BLACK"
1665,10225,747,2047,No,206-[extension]207Days (Value Rental Pack: 6Months Pack + 1Month Pack),2,カート用延長フラグ,Extension SoftBank 601HW [20GB],1,,,,,,,,*,sk/img001-ex.jpg,*,sk/img001-ex.jpg,,,,,,,,,,,,,,,,,,,,,,,0,1,en_sk_ex_211,,1,,28650,28650,,5,,,,,,,,,,,,,,,,,"23,24","NEW extension,Extension SoftBank 601HW BLACK"
1665,10226,748,2048,Yes,207-[extension]208Days (Value Rental Pack: 6Months Pack + 1Month Pack),2,カート用延長フラグ,Extension SoftBank 601HW [20GB],1,,,,,,,,*,sk/img001-ex.jpg,*,sk/img001-ex.jpg,,,,,,,,,,,,,,,,,,,,,,,0,1,en_sk_ex_211_bt,,1,,28650,31650,,5,,,,,,,,,,,,,,,,,"23,24","NEW extension,Extension SoftBank 601HW BLACK"
1665,10227,747,2048,No,207-[extension]208Days (Value Rental Pack: 6Months Pack + 1Month Pack),2,カート用延長フラグ,Extension SoftBank 601HW [20GB],1,,,,,,,,*,sk/img001-ex.jpg,*,sk/img001-ex.jpg,,,,,,,,,,,,,,,,,,,,,,,0,1,en_sk_ex_211,,1,,28650,28650,,5,,,,,,,,,,,,,,,,,"23,24","NEW extension,Extension SoftBank 601HW BLACK"
1665,10228,748,2049,Yes,208-[extension]209Days (Value Rental Pack: 6Months Pack + 1Month Pack),2,カート用延長フラグ,Extension SoftBank 601HW [20GB],1,,,,,,,,*,sk/img001-ex.jpg,*,sk/img001-ex.jpg,,,,,,,,,,,,,,,,,,,,,,,0,1,en_sk_ex_211_bt,,1,,28650,31650,,5,,,,,,,,,,,,,,,,,"23,24","NEW extension,Extension SoftBank 601HW BLACK"
1665,10229,747,2049,No,208-[extension]209Days (Value Rental Pack: 6Months Pack + 1Month Pack),2,カート用延長フラグ,Extension SoftBank 601HW [20GB],1,,,,,,,,*,sk/img001-ex.jpg,*,sk/img001-ex.jpg,,,,,,,,,,,,,,,,,,,,,,,0,1,en_sk_ex_211,,1,,28650,28650,,5,,,,,,,,,,,,,,,,,"23,24","NEW extension,Extension SoftBank 601HW BLACK"
1665,10230,748,2050,Yes,209-[extension]210Days (Value Rental Pack: 6Months Pack + 1Month Pack),2,カート用延長フラグ,Extension SoftBank 601HW [20GB],1,,,,,,,,*,sk/img001-ex.jpg,*,sk/img001-ex.jpg,,,,,,,,,,,,,,,,,,,,,,,0,1,en_sk_ex_211_bt,,1,,28650,31650,,5,,,,,,,,,,,,,,,,,"23,24","NEW extension,Extension SoftBank 601HW BLACK"
1665,10231,747,2050,No,209-[extension]210Days (Value Rental Pack: 6Months Pack + 1Month Pack),2,カート用延長フラグ,Extension SoftBank 601HW [20GB],1,,,,,,,,*,sk/img001-ex.jpg,*,sk/img001-ex.jpg,,,,,,,,,,,,,,,,,,,,,,,0,1,en_sk_ex_211,,1,,28650,28650,,5,,,,,,,,,,,,,,,,,"23,24","NEW extension,Extension SoftBank 601HW BLACK"
1665,10232,748,2051,Yes,210-[extension]211Days (Value Rental Pack: 6Months Pack + 1Month Pack),2,カート用延長フラグ,Extension SoftBank 601HW [20GB],1,,,,,,,,*,sk/img001-ex.jpg,*,sk/img001-ex.jpg,,,,,,,,,,,,,,,,,,,,,,,0,1,en_sk_ex_211_bt,,1,,28650,31650,,5,,,,,,,,,,,,,,,,,"23,24","NEW extension,Extension SoftBank 601HW BLACK"
1665,10233,747,2051,No,210-[extension]211Days (Value Rental Pack: 6Months Pack + 1Month Pack),2,カート用延長フラグ,Extension SoftBank 601HW [20GB],1,,,,,,,,*,sk/img001-ex.jpg,*,sk/img001-ex.jpg,,,,,,,,,,,,,,,,,,,,,,,0,1,en_sk_ex_211,,1,,28650,28650,,5,,,,,,,,,,,,,,,,,"23,24","NEW extension,Extension SoftBank 601HW BLACK"
1665,10234,748,2052,Yes,211-[extension]212Days (Value Rental Pack: 6Months Pack + 1Month Pack),2,カート用延長フラグ,Extension SoftBank 601HW [20GB],1,,,,,,,,*,sk/img001-ex.jpg,*,sk/img001-ex.jpg,,,,,,,,,,,,,,,,,,,,,,,0,1,en_sk_ex_211_bt,,1,,28650,31650,,5,,,,,,,,,,,,,,,,,"23,24","NEW extension,Extension SoftBank 601HW BLACK"
1665,10235,747,2052,No,211-[extension]212Days (Value Rental Pack: 6Months Pack + 1Month Pack),2,カート用延長フラグ,Extension SoftBank 601HW [20GB],1,,,,,,,,*,sk/img001-ex.jpg,*,sk/img001-ex.jpg,,,,,,,,,,,,,,,,,,,,,,,0,1,en_sk_ex_211,,1,,28650,28650,,5,,,,,,,,,,,,,,,,,"23,24","NEW extension,Extension SoftBank 601HW BLACK"
1665,10236,748,2053,Yes,212-[extension]213Days (Value Rental Pack: 6Months Pack + 1Month Pack + 1Day),2,カート用延長フラグ,Extension SoftBank 601HW [20GB],1,,,,,,,,*,sk/img001-ex.jpg,*,sk/img001-ex.jpg,,,,,,,,,,,,,,,,,,,,,,,0,1,en_sk_ex_212_bt,,1,,29040,32090,,5,,,,,,,,,,,,,,,,,"23,24","NEW extension,Extension SoftBank 601HW BLACK"
1665,10237,747,2053,No,212-[extension]213Days (Value Rental Pack: 6Months Pack + 1Month Pack + 1Day),2,カート用延長フラグ,Extension SoftBank 601HW [20GB],1,,,,,,,,*,sk/img001-ex.jpg,*,sk/img001-ex.jpg,,,,,,,,,,,,,,,,,,,,,,,0,1,en_sk_ex_212,,1,,29040,29040,,5,,,,,,,,,,,,,,,,,"23,24","NEW extension,Extension SoftBank 601HW BLACK"
1665,10238,748,2054,Yes,213-[extension]214Days (Value Rental Pack: 6Months Pack + 1Month Pack + 2Days),2,カート用延長フラグ,Extension SoftBank 601HW [20GB],1,,,,,,,,*,sk/img001-ex.jpg,*,sk/img001-ex.jpg,,,,,,,,,,,,,,,,,,,,,,,0,1,en_sk_ex_213_bt,,1,,29430,32530,,5,,,,,,,,,,,,,,,,,"23,24","NEW extension,Extension SoftBank 601HW BLACK"
1665,10239,747,2054,No,213-[extension]214Days (Value Rental Pack: 6Months Pack + 1Month Pack + 2Days),2,カート用延長フラグ,Extension SoftBank 601HW [20GB],1,,,,,,,,*,sk/img001-ex.jpg,*,sk/img001-ex.jpg,,,,,,,,,,,,,,,,,,,,,,,0,1,en_sk_ex_213,,1,,29430,29430,,5,,,,,,,,,,,,,,,,,"23,24","NEW extension,Extension SoftBank 601HW BLACK"
1665,10240,748,2055,Yes,214-[extension]215Days (Value Rental Pack: 6Months Pack + 1Month Pack + 3Days),2,カート用延長フラグ,Extension SoftBank 601HW [20GB],1,,,,,,,,*,sk/img001-ex.jpg,*,sk/img001-ex.jpg,,,,,,,,,,,,,,,,,,,,,,,0,1,en_sk_ex_214_bt,,1,,29820,32970,,5,,,,,,,,,,,,,,,,,"23,24","NEW extension,Extension SoftBank 601HW BLACK"
1665,10241,747,2055,No,214-[extension]215Days (Value Rental Pack: 6Months Pack + 1Month Pack + 3Days),2,カート用延長フラグ,Extension SoftBank 601HW [20GB],1,,,,,,,,*,sk/img001-ex.jpg,*,sk/img001-ex.jpg,,,,,,,,,,,,,,,,,,,,,,,0,1,en_sk_ex_214,,1,,29820,29820,,5,,,,,,,,,,,,,,,,,"23,24","NEW extension,Extension SoftBank 601HW BLACK"
1665,10242,748,2056,Yes,215-[extension]216Days (Value Rental Pack: 6Months Pack + 1Month Pack + 4Days),2,カート用延長フラグ,Extension SoftBank 601HW [20GB],1,,,,,,,,*,sk/img001-ex.jpg,*,sk/img001-ex.jpg,,,,,,,,,,,,,,,,,,,,,,,0,1,en_sk_ex_215_bt,,1,,30210,33410,,5,,,,,,,,,,,,,,,,,"23,24","NEW extension,Extension SoftBank 601HW BLACK"
1665,10243,747,2056,No,215-[extension]216Days (Value Rental Pack: 6Months Pack + 1Month Pack + 4Days),2,カート用延長フラグ,Extension SoftBank 601HW [20GB],1,,,,,,,,*,sk/img001-ex.jpg,*,sk/img001-ex.jpg,,,,,,,,,,,,,,,,,,,,,,,0,1,en_sk_ex_215,,1,,30210,30210,,5,,,,,,,,,,,,,,,,,"23,24","NEW extension,Extension SoftBank 601HW BLACK"
1665,10244,748,2057,Yes,216-[extension]217Days (Value Rental Pack: 6Months Pack + 1Month Pack + 5Days),2,カート用延長フラグ,Extension SoftBank 601HW [20GB],1,,,,,,,,*,sk/img001-ex.jpg,*,sk/img001-ex.jpg,,,,,,,,,,,,,,,,,,,,,,,0,1,en_sk_ex_216_bt,,1,,30600,33850,,5,,,,,,,,,,,,,,,,,"23,24","NEW extension,Extension SoftBank 601HW BLACK"
1665,10245,747,2057,No,216-[extension]217Days (Value Rental Pack: 6Months Pack + 1Month Pack + 5Days),2,カート用延長フラグ,Extension SoftBank 601HW [20GB],1,,,,,,,,*,sk/img001-ex.jpg,*,sk/img001-ex.jpg,,,,,,,,,,,,,,,,,,,,,,,0,1,en_sk_ex_216,,1,,30600,30600,,5,,,,,,,,,,,,,,,,,"23,24","NEW extension,Extension SoftBank 601HW BLACK"
1665,10246,748,2058,Yes,217-[extension]218Days (Value Rental Pack: 6Months Pack + 1Month Pack + 6Days),2,カート用延長フラグ,Extension SoftBank 601HW [20GB],1,,,,,,,,*,sk/img001-ex.jpg,*,sk/img001-ex.jpg,,,,,,,,,,,,,,,,,,,,,,,0,1,en_sk_ex_217_bt,,1,,30990,34290,,5,,,,,,,,,,,,,,,,,"23,24","NEW extension,Extension SoftBank 601HW BLACK"
1665,10247,747,2058,No,217-[extension]218Days (Value Rental Pack: 6Months Pack + 1Month Pack + 6Days),2,カート用延長フラグ,Extension SoftBank 601HW [20GB],1,,,,,,,,*,sk/img001-ex.jpg,*,sk/img001-ex.jpg,,,,,,,,,,,,,,,,,,,,,,,0,1,en_sk_ex_217,,1,,30990,30990,,5,,,,,,,,,,,,,,,,,"23,24","NEW extension,Extension SoftBank 601HW BLACK"
1665,10248,748,2059,Yes,218-[extension]219Days (Value Rental Pack: 6Months Pack + 1Month Pack + 7Days),2,カート用延長フラグ,Extension SoftBank 601HW [20GB],1,,,,,,,,*,sk/img001-ex.jpg,*,sk/img001-ex.jpg,,,,,,,,,,,,,,,,,,,,,,,0,1,en_sk_ex_218_bt,,1,,31380,34680,,5,,,,,,,,,,,,,,,,,"23,24","NEW extension,Extension SoftBank 601HW BLACK"
1665,10249,747,2059,No,218-[extension]219Days (Value Rental Pack: 6Months Pack + 1Month Pack + 7Days),2,カート用延長フラグ,Extension SoftBank 601HW [20GB],1,,,,,,,,*,sk/img001-ex.jpg,*,sk/img001-ex.jpg,,,,,,,,,,,,,,,,,,,,,,,0,1,en_sk_ex_218,,1,,31380,31380,,5,,,,,,,,,,,,,,,,,"23,24","NEW extension,Extension SoftBank 601HW BLACK"
1665,10250,748,2060,Yes,219-[extension]220Days (Value Rental Pack: 6Months Pack + 1Month Pack + 8Days),2,カート用延長フラグ,Extension SoftBank 601HW [20GB],1,,,,,,,,*,sk/img001-ex.jpg,*,sk/img001-ex.jpg,,,,,,,,,,,,,,,,,,,,,,,0,1,en_sk_ex_219_bt,,1,,31770,35070,,5,,,,,,,,,,,,,,,,,"23,24","NEW extension,Extension SoftBank 601HW BLACK"
1665,10251,747,2060,No,219-[extension]220Days (Value Rental Pack: 6Months Pack + 1Month Pack + 8Days),2,カート用延長フラグ,Extension SoftBank 601HW [20GB],1,,,,,,,,*,sk/img001-ex.jpg,*,sk/img001-ex.jpg,,,,,,,,,,,,,,,,,,,,,,,0,1,en_sk_ex_219,,1,,31770,31770,,5,,,,,,,,,,,,,,,,,"23,24","NEW extension,Extension SoftBank 601HW BLACK"
1665,10252,748,2061,Yes,220-[extension]221Days (Value Rental Pack: 6Months Pack + 1Month Pack + 9Days),2,カート用延長フラグ,Extension SoftBank 601HW [20GB],1,,,,,,,,*,sk/img001-ex.jpg,*,sk/img001-ex.jpg,,,,,,,,,,,,,,,,,,,,,,,0,1,en_sk_ex_220_bt,,1,,32160,35460,,5,,,,,,,,,,,,,,,,,"23,24","NEW extension,Extension SoftBank 601HW BLACK"
1665,10253,747,2061,No,220-[extension]221Days (Value Rental Pack: 6Months Pack + 1Month Pack + 9Days),2,カート用延長フラグ,Extension SoftBank 601HW [20GB],1,,,,,,,,*,sk/img001-ex.jpg,*,sk/img001-ex.jpg,,,,,,,,,,,,,,,,,,,,,,,0,1,en_sk_ex_220,,1,,32160,32160,,5,,,,,,,,,,,,,,,,,"23,24","NEW extension,Extension SoftBank 601HW BLACK"
1665,10254,748,2062,Yes,221-[extension]222Days (Value Rental Pack: 6Months Pack + 1Month Pack + 10Days),2,カート用延長フラグ,Extension SoftBank 601HW [20GB],1,,,,,,,,*,sk/img001-ex.jpg,*,sk/img001-ex.jpg,,,,,,,,,,,,,,,,,,,,,,,0,1,en_sk_ex_221_bt,,1,,32550,35850,,5,,,,,,,,,,,,,,,,,"23,24","NEW extension,Extension SoftBank 601HW BLACK"
1665,10255,747,2062,No,221-[extension]222Days (Value Rental Pack: 6Months Pack + 1Month Pack + 10Days),2,カート用延長フラグ,Extension SoftBank 601HW [20GB],1,,,,,,,,*,sk/img001-ex.jpg,*,sk/img001-ex.jpg,,,,,,,,,,,,,,,,,,,,,,,0,1,en_sk_ex_221,,1,,32550,32550,,5,,,,,,,,,,,,,,,,,"23,24","NEW extension,Extension SoftBank 601HW BLACK"
1665,10256,748,2063,Yes,222-[extension]223Days (Value Rental Pack: 6Months Pack + 1Month Pack + 11Days),2,カート用延長フラグ,Extension SoftBank 601HW [20GB],1,,,,,,,,*,sk/img001-ex.jpg,*,sk/img001-ex.jpg,,,,,,,,,,,,,,,,,,,,,,,0,1,en_sk_ex_222_bt,,1,,32940,36240,,5,,,,,,,,,,,,,,,,,"23,24","NEW extension,Extension SoftBank 601HW BLACK"
1665,10257,747,2063,No,222-[extension]223Days (Value Rental Pack: 6Months Pack + 1Month Pack + 11Days),2,カート用延長フラグ,Extension SoftBank 601HW [20GB],1,,,,,,,,*,sk/img001-ex.jpg,*,sk/img001-ex.jpg,,,,,,,,,,,,,,,,,,,,,,,0,1,en_sk_ex_222,,1,,32940,32940,,5,,,,,,,,,,,,,,,,,"23,24","NEW extension,Extension SoftBank 601HW BLACK"
1665,10258,748,2064,Yes,223-[extension]224Days (Value Rental Pack: 6Months Pack + 2Months Pack),2,カート用延長フラグ,Extension SoftBank 601HW [20GB],1,,,,,,,,*,sk/img001-ex.jpg,*,sk/img001-ex.jpg,,,,,,,,,,,,,,,,,,,,,,,0,1,en_sk_ex_241_bt,,1,,33200,36500,,5,,,,,,,,,,,,,,,,,"23,24","NEW extension,Extension SoftBank 601HW BLACK"
1665,10259,747,2064,No,223-[extension]224Days (Value Rental Pack: 6Months Pack + 2Months Pack),2,カート用延長フラグ,Extension SoftBank 601HW [20GB],1,,,,,,,,*,sk/img001-ex.jpg,*,sk/img001-ex.jpg,,,,,,,,,,,,,,,,,,,,,,,0,1,en_sk_ex_241,,1,,33200,33200,,5,,,,,,,,,,,,,,,,,"23,24","NEW extension,Extension SoftBank 601HW BLACK"
1665,10260,748,2065,Yes,224-[extension]225Days (Value Rental Pack: 6Months Pack + 2Months Pack),2,カート用延長フラグ,Extension SoftBank 601HW [20GB],1,,,,,,,,*,sk/img001-ex.jpg,*,sk/img001-ex.jpg,,,,,,,,,,,,,,,,,,,,,,,0,1,en_sk_ex_241_bt,,1,,33200,36500,,5,,,,,,,,,,,,,,,,,"23,24","NEW extension,Extension SoftBank 601HW BLACK"
1665,10261,747,2065,No,224-[extension]225Days (Value Rental Pack: 6Months Pack + 2Months Pack),2,カート用延長フラグ,Extension SoftBank 601HW [20GB],1,,,,,,,,*,sk/img001-ex.jpg,*,sk/img001-ex.jpg,,,,,,,,,,,,,,,,,,,,,,,0,1,en_sk_ex_241,,1,,33200,33200,,5,,,,,,,,,,,,,,,,,"23,24","NEW extension,Extension SoftBank 601HW BLACK"
1665,10262,748,2066,Yes,225-[extension]226Days (Value Rental Pack: 6Months Pack + 2Months Pack),2,カート用延長フラグ,Extension SoftBank 601HW [20GB],1,,,,,,,,*,sk/img001-ex.jpg,*,sk/img001-ex.jpg,,,,,,,,,,,,,,,,,,,,,,,0,1,en_sk_ex_241_bt,,1,,33200,36500,,5,,,,,,,,,,,,,,,,,"23,24","NEW extension,Extension SoftBank 601HW BLACK"
1665,10263,747,2066,No,225-[extension]226Days (Value Rental Pack: 6Months Pack + 2Months Pack),2,カート用延長フラグ,Extension SoftBank 601HW [20GB],1,,,,,,,,*,sk/img001-ex.jpg,*,sk/img001-ex.jpg,,,,,,,,,,,,,,,,,,,,,,,0,1,en_sk_ex_241,,1,,33200,33200,,5,,,,,,,,,,,,,,,,,"23,24","NEW extension,Extension SoftBank 601HW BLACK"
1665,10264,748,2067,Yes,226-[extension]227Days (Value Rental Pack: 6Months Pack + 2Months Pack),2,カート用延長フラグ,Extension SoftBank 601HW [20GB],1,,,,,,,,*,sk/img001-ex.jpg,*,sk/img001-ex.jpg,,,,,,,,,,,,,,,,,,,,,,,0,1,en_sk_ex_241_bt,,1,,33200,36500,,5,,,,,,,,,,,,,,,,,"23,24","NEW extension,Extension SoftBank 601HW BLACK"
1665,10265,747,2067,No,226-[extension]227Days (Value Rental Pack: 6Months Pack + 2Months Pack),2,カート用延長フラグ,Extension SoftBank 601HW [20GB],1,,,,,,,,*,sk/img001-ex.jpg,*,sk/img001-ex.jpg,,,,,,,,,,,,,,,,,,,,,,,0,1,en_sk_ex_241,,1,,33200,33200,,5,,,,,,,,,,,,,,,,,"23,24","NEW extension,Extension SoftBank 601HW BLACK"
1665,10266,748,2068,Yes,227-[extension]228Days (Value Rental Pack: 6Months Pack + 2Months Pack),2,カート用延長フラグ,Extension SoftBank 601HW [20GB],1,,,,,,,,*,sk/img001-ex.jpg,*,sk/img001-ex.jpg,,,,,,,,,,,,,,,,,,,,,,,0,1,en_sk_ex_241_bt,,1,,33200,36500,,5,,,,,,,,,,,,,,,,,"23,24","NEW extension,Extension SoftBank 601HW BLACK"
1665,10267,747,2068,No,227-[extension]228Days (Value Rental Pack: 6Months Pack + 2Months Pack),2,カート用延長フラグ,Extension SoftBank 601HW [20GB],1,,,,,,,,*,sk/img001-ex.jpg,*,sk/img001-ex.jpg,,,,,,,,,,,,,,,,,,,,,,,0,1,en_sk_ex_241,,1,,33200,33200,,5,,,,,,,,,,,,,,,,,"23,24","NEW extension,Extension SoftBank 601HW BLACK"
1665,10268,748,2069,Yes,228-[extension]229Days (Value Rental Pack: 6Months Pack + 2Months Pack),2,カート用延長フラグ,Extension SoftBank 601HW [20GB],1,,,,,,,,*,sk/img001-ex.jpg,*,sk/img001-ex.jpg,,,,,,,,,,,,,,,,,,,,,,,0,1,en_sk_ex_241_bt,,1,,33200,36500,,5,,,,,,,,,,,,,,,,,"23,24","NEW extension,Extension SoftBank 601HW BLACK"
1665,10269,747,2069,No,228-[extension]229Days (Value Rental Pack: 6Months Pack + 2Months Pack),2,カート用延長フラグ,Extension SoftBank 601HW [20GB],1,,,,,,,,*,sk/img001-ex.jpg,*,sk/img001-ex.jpg,,,,,,,,,,,,,,,,,,,,,,,0,1,en_sk_ex_241,,1,,33200,33200,,5,,,,,,,,,,,,,,,,,"23,24","NEW extension,Extension SoftBank 601HW BLACK"
1665,10270,748,2070,Yes,229-[extension]230Days (Value Rental Pack: 6Months Pack + 2Months Pack),2,カート用延長フラグ,Extension SoftBank 601HW [20GB],1,,,,,,,,*,sk/img001-ex.jpg,*,sk/img001-ex.jpg,,,,,,,,,,,,,,,,,,,,,,,0,1,en_sk_ex_241_bt,,1,,33200,36500,,5,,,,,,,,,,,,,,,,,"23,24","NEW extension,Extension SoftBank 601HW BLACK"
1665,10271,747,2070,No,229-[extension]230Days (Value Rental Pack: 6Months Pack + 2Months Pack),2,カート用延長フラグ,Extension SoftBank 601HW [20GB],1,,,,,,,,*,sk/img001-ex.jpg,*,sk/img001-ex.jpg,,,,,,,,,,,,,,,,,,,,,,,0,1,en_sk_ex_241,,1,,33200,33200,,5,,,,,,,,,,,,,,,,,"23,24","NEW extension,Extension SoftBank 601HW BLACK"
1665,10272,748,2071,Yes,230-[extension]231Days (Value Rental Pack: 6Months Pack + 2Months Pack),2,カート用延長フラグ,Extension SoftBank 601HW [20GB],1,,,,,,,,*,sk/img001-ex.jpg,*,sk/img001-ex.jpg,,,,,,,,,,,,,,,,,,,,,,,0,1,en_sk_ex_241_bt,,1,,33200,36500,,5,,,,,,,,,,,,,,,,,"23,24","NEW extension,Extension SoftBank 601HW BLACK"
1665,10273,747,2071,No,230-[extension]231Days (Value Rental Pack: 6Months Pack + 2Months Pack),2,カート用延長フラグ,Extension SoftBank 601HW [20GB],1,,,,,,,,*,sk/img001-ex.jpg,*,sk/img001-ex.jpg,,,,,,,,,,,,,,,,,,,,,,,0,1,en_sk_ex_241,,1,,33200,33200,,5,,,,,,,,,,,,,,,,,"23,24","NEW extension,Extension SoftBank 601HW BLACK"
1665,10274,748,2072,Yes,231-[extension]232Days (Value Rental Pack: 6Months Pack + 2Months Pack),2,カート用延長フラグ,Extension SoftBank 601HW [20GB],1,,,,,,,,*,sk/img001-ex.jpg,*,sk/img001-ex.jpg,,,,,,,,,,,,,,,,,,,,,,,0,1,en_sk_ex_241_bt,,1,,33200,36500,,5,,,,,,,,,,,,,,,,,"23,24","NEW extension,Extension SoftBank 601HW BLACK"
1665,10275,747,2072,No,231-[extension]232Days (Value Rental Pack: 6Months Pack + 2Months Pack),2,カート用延長フラグ,Extension SoftBank 601HW [20GB],1,,,,,,,,*,sk/img001-ex.jpg,*,sk/img001-ex.jpg,,,,,,,,,,,,,,,,,,,,,,,0,1,en_sk_ex_241,,1,,33200,33200,,5,,,,,,,,,,,,,,,,,"23,24","NEW extension,Extension SoftBank 601HW BLACK"
1665,10276,748,2073,Yes,232-[extension]233Days (Value Rental Pack: 6Months Pack + 2Months Pack),2,カート用延長フラグ,Extension SoftBank 601HW [20GB],1,,,,,,,,*,sk/img001-ex.jpg,*,sk/img001-ex.jpg,,,,,,,,,,,,,,,,,,,,,,,0,1,en_sk_ex_241_bt,,1,,33200,36500,,5,,,,,,,,,,,,,,,,,"23,24","NEW extension,Extension SoftBank 601HW BLACK"
1665,10277,747,2073,No,232-[extension]233Days (Value Rental Pack: 6Months Pack + 2Months Pack),2,カート用延長フラグ,Extension SoftBank 601HW [20GB],1,,,,,,,,*,sk/img001-ex.jpg,*,sk/img001-ex.jpg,,,,,,,,,,,,,,,,,,,,,,,0,1,en_sk_ex_241,,1,,33200,33200,,5,,,,,,,,,,,,,,,,,"23,24","NEW extension,Extension SoftBank 601HW BLACK"
1665,10278,748,2074,Yes,233-[extension]234Days (Value Rental Pack: 6Months Pack + 2Months Pack),2,カート用延長フラグ,Extension SoftBank 601HW [20GB],1,,,,,,,,*,sk/img001-ex.jpg,*,sk/img001-ex.jpg,,,,,,,,,,,,,,,,,,,,,,,0,1,en_sk_ex_241_bt,,1,,33200,36500,,5,,,,,,,,,,,,,,,,,"23,24","NEW extension,Extension SoftBank 601HW BLACK"
1665,10279,747,2074,No,233-[extension]234Days (Value Rental Pack: 6Months Pack + 2Months Pack),2,カート用延長フラグ,Extension SoftBank 601HW [20GB],1,,,,,,,,*,sk/img001-ex.jpg,*,sk/img001-ex.jpg,,,,,,,,,,,,,,,,,,,,,,,0,1,en_sk_ex_241,,1,,33200,33200,,5,,,,,,,,,,,,,,,,,"23,24","NEW extension,Extension SoftBank 601HW BLACK"
1665,10280,748,2075,Yes,234-[extension]235Days (Value Rental Pack: 6Months Pack + 2Months Pack),2,カート用延長フラグ,Extension SoftBank 601HW [20GB],1,,,,,,,,*,sk/img001-ex.jpg,*,sk/img001-ex.jpg,,,,,,,,,,,,,,,,,,,,,,,0,1,en_sk_ex_241_bt,,1,,33200,36500,,5,,,,,,,,,,,,,,,,,"23,24","NEW extension,Extension SoftBank 601HW BLACK"
1665,10281,747,2075,No,234-[extension]235Days (Value Rental Pack: 6Months Pack + 2Months Pack),2,カート用延長フラグ,Extension SoftBank 601HW [20GB],1,,,,,,,,*,sk/img001-ex.jpg,*,sk/img001-ex.jpg,,,,,,,,,,,,,,,,,,,,,,,0,1,en_sk_ex_241,,1,,33200,33200,,5,,,,,,,,,,,,,,,,,"23,24","NEW extension,Extension SoftBank 601HW BLACK"
1665,10282,748,2076,Yes,235-[extension]236Days (Value Rental Pack: 6Months Pack + 2Months Pack),2,カート用延長フラグ,Extension SoftBank 601HW [20GB],1,,,,,,,,*,sk/img001-ex.jpg,*,sk/img001-ex.jpg,,,,,,,,,,,,,,,,,,,,,,,0,1,en_sk_ex_241_bt,,1,,33200,36500,,5,,,,,,,,,,,,,,,,,"23,24","NEW extension,Extension SoftBank 601HW BLACK"
1665,10283,747,2076,No,235-[extension]236Days (Value Rental Pack: 6Months Pack + 2Months Pack),2,カート用延長フラグ,Extension SoftBank 601HW [20GB],1,,,,,,,,*,sk/img001-ex.jpg,*,sk/img001-ex.jpg,,,,,,,,,,,,,,,,,,,,,,,0,1,en_sk_ex_241,,1,,33200,33200,,5,,,,,,,,,,,,,,,,,"23,24","NEW extension,Extension SoftBank 601HW BLACK"
1665,10284,748,2077,Yes,236-[extension]237Days (Value Rental Pack: 6Months Pack + 2Months Pack),2,カート用延長フラグ,Extension SoftBank 601HW [20GB],1,,,,,,,,*,sk/img001-ex.jpg,*,sk/img001-ex.jpg,,,,,,,,,,,,,,,,,,,,,,,0,1,en_sk_ex_241_bt,,1,,33200,36500,,5,,,,,,,,,,,,,,,,,"23,24","NEW extension,Extension SoftBank 601HW BLACK"
1665,10285,747,2077,No,236-[extension]237Days (Value Rental Pack: 6Months Pack + 2Months Pack),2,カート用延長フラグ,Extension SoftBank 601HW [20GB],1,,,,,,,,*,sk/img001-ex.jpg,*,sk/img001-ex.jpg,,,,,,,,,,,,,,,,,,,,,,,0,1,en_sk_ex_241,,1,,33200,33200,,5,,,,,,,,,,,,,,,,,"23,24","NEW extension,Extension SoftBank 601HW BLACK"
1665,10286,748,2078,Yes,237-[extension]238Days (Value Rental Pack: 6Months Pack + 2Months Pack),2,カート用延長フラグ,Extension SoftBank 601HW [20GB],1,,,,,,,,*,sk/img001-ex.jpg,*,sk/img001-ex.jpg,,,,,,,,,,,,,,,,,,,,,,,0,1,en_sk_ex_241_bt,,1,,33200,36500,,5,,,,,,,,,,,,,,,,,"23,24","NEW extension,Extension SoftBank 601HW BLACK"
1665,10287,747,2078,No,237-[extension]238Days (Value Rental Pack: 6Months Pack + 2Months Pack),2,カート用延長フラグ,Extension SoftBank 601HW [20GB],1,,,,,,,,*,sk/img001-ex.jpg,*,sk/img001-ex.jpg,,,,,,,,,,,,,,,,,,,,,,,0,1,en_sk_ex_241,,1,,33200,33200,,5,,,,,,,,,,,,,,,,,"23,24","NEW extension,Extension SoftBank 601HW BLACK"
1665,10288,748,2079,Yes,238-[extension]239Days (Value Rental Pack: 6Months Pack + 2Months Pack),2,カート用延長フラグ,Extension SoftBank 601HW [20GB],1,,,,,,,,*,sk/img001-ex.jpg,*,sk/img001-ex.jpg,,,,,,,,,,,,,,,,,,,,,,,0,1,en_sk_ex_241_bt,,1,,33200,36500,,5,,,,,,,,,,,,,,,,,"23,24","NEW extension,Extension SoftBank 601HW BLACK"
1665,10289,747,2079,No,238-[extension]239Days (Value Rental Pack: 6Months Pack + 2Months Pack),2,カート用延長フラグ,Extension SoftBank 601HW [20GB],1,,,,,,,,*,sk/img001-ex.jpg,*,sk/img001-ex.jpg,,,,,,,,,,,,,,,,,,,,,,,0,1,en_sk_ex_241,,1,,33200,33200,,5,,,,,,,,,,,,,,,,,"23,24","NEW extension,Extension SoftBank 601HW BLACK"
1665,10290,748,2080,Yes,239-[extension]240Days (Value Rental Pack: 6Months Pack + 2Months Pack),2,カート用延長フラグ,Extension SoftBank 601HW [20GB],1,,,,,,,,*,sk/img001-ex.jpg,*,sk/img001-ex.jpg,,,,,,,,,,,,,,,,,,,,,,,0,1,en_sk_ex_241_bt,,1,,33200,36500,,5,,,,,,,,,,,,,,,,,"23,24","NEW extension,Extension SoftBank 601HW BLACK"
1665,10291,747,2080,No,239-[extension]240Days (Value Rental Pack: 6Months Pack + 2Months Pack),2,カート用延長フラグ,Extension SoftBank 601HW [20GB],1,,,,,,,,*,sk/img001-ex.jpg,*,sk/img001-ex.jpg,,,,,,,,,,,,,,,,,,,,,,,0,1,en_sk_ex_241,,1,,33200,33200,,5,,,,,,,,,,,,,,,,,"23,24","NEW extension,Extension SoftBank 601HW BLACK"
1665,10292,748,2081,Yes,240-[extension]241Days (Value Rental Pack: 6Months Pack + 2Months Pack),2,カート用延長フラグ,Extension SoftBank 601HW [20GB],1,,,,,,,,*,sk/img001-ex.jpg,*,sk/img001-ex.jpg,,,,,,,,,,,,,,,,,,,,,,,0,1,en_sk_ex_241_bt,,1,,33200,36500,,5,,,,,,,,,,,,,,,,,"23,24","NEW extension,Extension SoftBank 601HW BLACK"
1665,10293,747,2081,No,240-[extension]241Days (Value Rental Pack: 6Months Pack + 2Months Pack),2,カート用延長フラグ,Extension SoftBank 601HW [20GB],1,,,,,,,,*,sk/img001-ex.jpg,*,sk/img001-ex.jpg,,,,,,,,,,,,,,,,,,,,,,,0,1,en_sk_ex_241,,1,,33200,33200,,5,,,,,,,,,,,,,,,,,"23,24","NEW extension,Extension SoftBank 601HW BLACK"
1665,10294,748,2082,Yes,241-[extension]242Days (Value Rental Pack: 6Months Pack + 2Months Pack),2,カート用延長フラグ,Extension SoftBank 601HW [20GB],1,,,,,,,,*,sk/img001-ex.jpg,*,sk/img001-ex.jpg,,,,,,,,,,,,,,,,,,,,,,,0,1,en_sk_ex_241_bt,,1,,33200,36500,,5,,,,,,,,,,,,,,,,,"23,24","NEW extension,Extension SoftBank 601HW BLACK"
1665,10295,747,2082,No,241-[extension]242Days (Value Rental Pack: 6Months Pack + 2Months Pack),2,カート用延長フラグ,Extension SoftBank 601HW [20GB],1,,,,,,,,*,sk/img001-ex.jpg,*,sk/img001-ex.jpg,,,,,,,,,,,,,,,,,,,,,,,0,1,en_sk_ex_241,,1,,33200,33200,,5,,,,,,,,,,,,,,,,,"23,24","NEW extension,Extension SoftBank 601HW BLACK"
1665,10296,748,2083,Yes,242-[extension]243Days (Value Rental Pack: 6Months Pack + 2Months Pack + 1Day),2,カート用延長フラグ,Extension SoftBank 601HW [20GB],1,,,,,,,,*,sk/img001-ex.jpg,*,sk/img001-ex.jpg,,,,,,,,,,,,,,,,,,,,,,,0,1,en_sk_ex_242_bt,,1,,33590,36940,,5,,,,,,,,,,,,,,,,,"23,24","NEW extension,Extension SoftBank 601HW BLACK"
1665,10297,747,2083,No,242-[extension]243Days (Value Rental Pack: 6Months Pack + 2Months Pack + 1Day),2,カート用延長フラグ,Extension SoftBank 601HW [20GB],1,,,,,,,,*,sk/img001-ex.jpg,*,sk/img001-ex.jpg,,,,,,,,,,,,,,,,,,,,,,,0,1,en_sk_ex_242,,1,,33590,33590,,5,,,,,,,,,,,,,,,,,"23,24","NEW extension,Extension SoftBank 601HW BLACK"
1665,10298,748,2084,Yes,243-[extension]244Days (Value Rental Pack: 6Months Pack + 2Months Pack + 2Days),2,カート用延長フラグ,Extension SoftBank 601HW [20GB],1,,,,,,,,*,sk/img001-ex.jpg,*,sk/img001-ex.jpg,,,,,,,,,,,,,,,,,,,,,,,0,1,en_sk_ex_243_bt,,1,,33980,37380,,5,,,,,,,,,,,,,,,,,"23,24","NEW extension,Extension SoftBank 601HW BLACK"
1665,10299,747,2084,No,243-[extension]244Days (Value Rental Pack: 6Months Pack + 2Months Pack + 2Days),2,カート用延長フラグ,Extension SoftBank 601HW [20GB],1,,,,,,,,*,sk/img001-ex.jpg,*,sk/img001-ex.jpg,,,,,,,,,,,,,,,,,,,,,,,0,1,en_sk_ex_243,,1,,33980,33980,,5,,,,,,,,,,,,,,,,,"23,24","NEW extension,Extension SoftBank 601HW BLACK"
1665,10300,748,2085,Yes,244-[extension]245Days (Value Rental Pack: 6Months Pack + 2Months Pack + 3Days),2,カート用延長フラグ,Extension SoftBank 601HW [20GB],1,,,,,,,,*,sk/img001-ex.jpg,*,sk/img001-ex.jpg,,,,,,,,,,,,,,,,,,,,,,,0,1,en_sk_ex_245_bt,,1,,34760,38260,,5,,,,,,,,,,,,,,,,,"23,24","NEW extension,Extension SoftBank 601HW BLACK"
1665,10301,747,2085,No,244-[extension]245Days (Value Rental Pack: 6Months Pack + 2Months Pack + 3Days),2,カート用延長フラグ,Extension SoftBank 601HW [20GB],1,,,,,,,,*,sk/img001-ex.jpg,*,sk/img001-ex.jpg,,,,,,,,,,,,,,,,,,,,,,,0,1,en_sk_ex_245,,1,,34760,34760,,5,,,,,,,,,,,,,,,,,"23,24","NEW extension,Extension SoftBank 601HW BLACK"
1665,10302,748,2086,Yes,245-[extension]246Days (Value Rental Pack: 6Months Pack + 2Months Pack + 4Days),2,カート用延長フラグ,Extension SoftBank 601HW [20GB],1,,,,,,,,*,sk/img001-ex.jpg,*,sk/img001-ex.jpg,,,,,,,,,,,,,,,,,,,,,,,0,1,en_sk_ex_246_bt,,1,,35150,38700,,5,,,,,,,,,,,,,,,,,"23,24","NEW extension,Extension SoftBank 601HW BLACK"
1665,10303,747,2086,No,245-[extension]246Days (Value Rental Pack: 6Months Pack + 2Months Pack + 4Days),2,カート用延長フラグ,Extension SoftBank 601HW [20GB],1,,,,,,,,*,sk/img001-ex.jpg,*,sk/img001-ex.jpg,,,,,,,,,,,,,,,,,,,,,,,0,1,en_sk_ex_246,,1,,35150,35150,,5,,,,,,,,,,,,,,,,,"23,24","NEW extension,Extension SoftBank 601HW BLACK"
1665,10304,748,2087,Yes,246-[extension]247Days (Value Rental Pack: 6Months Pack + 2Months Pack + 5Days),2,カート用延長フラグ,Extension SoftBank 601HW [20GB],1,,,,,,,,*,sk/img001-ex.jpg,*,sk/img001-ex.jpg,,,,,,,,,,,,,,,,,,,,,,,0,1,en_sk_ex_244_bt,,1,,34370,37820,,5,,,,,,,,,,,,,,,,,"23,24","NEW extension,Extension SoftBank 601HW BLACK"
1665,10305,747,2087,No,246-[extension]247Days (Value Rental Pack: 6Months Pack + 2Months Pack + 5Days),2,カート用延長フラグ,Extension SoftBank 601HW [20GB],1,,,,,,,,*,sk/img001-ex.jpg,*,sk/img001-ex.jpg,,,,,,,,,,,,,,,,,,,,,,,0,1,en_sk_ex_244,,1,,34370,34370,,5,,,,,,,,,,,,,,,,,"23,24","NEW extension,Extension SoftBank 601HW BLACK"
1665,10306,748,2088,Yes,247-[extension]248Days (Value Rental Pack: 6Months Pack + 2Months Pack + 6Days),2,カート用延長フラグ,Extension SoftBank 601HW [20GB],1,,,,,,,,*,sk/img001-ex.jpg,*,sk/img001-ex.jpg,,,,,,,,,,,,,,,,,,,,,,,0,1,en_sk_ex_247_bt,,1,,35540,39140,,5,,,,,,,,,,,,,,,,,"23,24","NEW extension,Extension SoftBank 601HW BLACK"
1665,10307,747,2088,No,247-[extension]248Days (Value Rental Pack: 6Months Pack + 2Months Pack + 6Days),2,カート用延長フラグ,Extension SoftBank 601HW [20GB],1,,,,,,,,*,sk/img001-ex.jpg,*,sk/img001-ex.jpg,,,,,,,,,,,,,,,,,,,,,,,0,1,en_sk_ex_247,,1,,35540,35540,,5,,,,,,,,,,,,,,,,,"23,24","NEW extension,Extension SoftBank 601HW BLACK"
1665,10308,748,2089,Yes,248-[extension]249Days (Value Rental Pack: 6Months Pack + 2Months Pack + 7Days),2,カート用延長フラグ,Extension SoftBank 601HW [20GB],1,,,,,,,,*,sk/img001-ex.jpg,*,sk/img001-ex.jpg,,,,,,,,,,,,,,,,,,,,,,,0,1,en_sk_ex_248_bt,,1,,35930,39530,,5,,,,,,,,,,,,,,,,,"23,24","NEW extension,Extension SoftBank 601HW BLACK"
1665,10309,747,2089,No,248-[extension]249Days (Value Rental Pack: 6Months Pack + 2Months Pack + 7Days),2,カート用延長フラグ,Extension SoftBank 601HW [20GB],1,,,,,,,,*,sk/img001-ex.jpg,*,sk/img001-ex.jpg,,,,,,,,,,,,,,,,,,,,,,,0,1,en_sk_ex_248,,1,,35930,35930,,5,,,,,,,,,,,,,,,,,"23,24","NEW extension,Extension SoftBank 601HW BLACK"
1665,10310,748,2090,Yes,249-[extension]250Days (Value Rental Pack: 6Months Pack + 2Months Pack + 8Days),2,カート用延長フラグ,Extension SoftBank 601HW [20GB],1,,,,,,,,*,sk/img001-ex.jpg,*,sk/img001-ex.jpg,,,,,,,,,,,,,,,,,,,,,,,0,1,en_sk_ex_249_bt,,1,,36320,39920,,5,,,,,,,,,,,,,,,,,"23,24","NEW extension,Extension SoftBank 601HW BLACK"
1665,10311,747,2090,No,249-[extension]250Days (Value Rental Pack: 6Months Pack + 2Months Pack + 8Days),2,カート用延長フラグ,Extension SoftBank 601HW [20GB],1,,,,,,,,*,sk/img001-ex.jpg,*,sk/img001-ex.jpg,,,,,,,,,,,,,,,,,,,,,,,0,1,en_sk_ex_249,,1,,36320,36320,,5,,,,,,,,,,,,,,,,,"23,24","NEW extension,Extension SoftBank 601HW BLACK"
1665,10312,748,2091,Yes,250-[extension]251Days (Value Rental Pack: 6Months Pack + 2Months Pack + 9Days),2,カート用延長フラグ,Extension SoftBank 601HW [20GB],1,,,,,,,,*,sk/img001-ex.jpg,*,sk/img001-ex.jpg,,,,,,,,,,,,,,,,,,,,,,,0,1,en_sk_ex_250_bt,,1,,36710,40310,,5,,,,,,,,,,,,,,,,,"23,24","NEW extension,Extension SoftBank 601HW BLACK"
1665,10313,747,2091,No,250-[extension]251Days (Value Rental Pack: 6Months Pack + 2Months Pack + 9Days),2,カート用延長フラグ,Extension SoftBank 601HW [20GB],1,,,,,,,,*,sk/img001-ex.jpg,*,sk/img001-ex.jpg,,,,,,,,,,,,,,,,,,,,,,,0,1,en_sk_ex_250,,1,,36710,36710,,5,,,,,,,,,,,,,,,,,"23,24","NEW extension,Extension SoftBank 601HW BLACK"
1665,10314,748,2092,Yes,251-[extension]252Days (Value Rental Pack: 6Months Pack + 2Months Pack + 10Days),2,カート用延長フラグ,Extension SoftBank 601HW [20GB],1,,,,,,,,*,sk/img001-ex.jpg,*,sk/img001-ex.jpg,,,,,,,,,,,,,,,,,,,,,,,0,1,en_sk_ex_251_bt,,1,,37100,40700,,5,,,,,,,,,,,,,,,,,"23,24","NEW extension,Extension SoftBank 601HW BLACK"
1665,10315,747,2092,No,251-[extension]252Days (Value Rental Pack: 6Months Pack + 2Months Pack + 10Days),2,カート用延長フラグ,Extension SoftBank 601HW [20GB],1,,,,,,,,*,sk/img001-ex.jpg,*,sk/img001-ex.jpg,,,,,,,,,,,,,,,,,,,,,,,0,1,en_sk_ex_251,,1,,37100,37100,,5,,,,,,,,,,,,,,,,,"23,24","NEW extension,Extension SoftBank 601HW BLACK"
1665,10316,748,2093,Yes,252-[extension]253Days (Value Rental Pack: 6Months Pack + 3Months Pack),2,カート用延長フラグ,Extension SoftBank 601HW [20GB],1,,,,,,,,*,sk/img001-ex.jpg,*,sk/img001-ex.jpg,,,,,,,,,,,,,,,,,,,,,,,0,1,en_sk_ex_271_bt,,1,,37400,41000,,5,,,,,,,,,,,,,,,,,"23,24","NEW extension,Extension SoftBank 601HW BLACK"
1665,10317,747,2093,No,252-[extension]253Days (Value Rental Pack: 6Months Pack + 3Months Pack),2,カート用延長フラグ,Extension SoftBank 601HW [20GB],1,,,,,,,,*,sk/img001-ex.jpg,*,sk/img001-ex.jpg,,,,,,,,,,,,,,,,,,,,,,,0,1,en_sk_ex_271,,1,,37400,37400,,5,,,,,,,,,,,,,,,,,"23,24","NEW extension,Extension SoftBank 601HW BLACK"
1665,10318,748,2094,Yes,253-[extension]254Days (Value Rental Pack: 6Months Pack + 3Months Pack),2,カート用延長フラグ,Extension SoftBank 601HW [20GB],1,,,,,,,,*,sk/img001-ex.jpg,*,sk/img001-ex.jpg,,,,,,,,,,,,,,,,,,,,,,,0,1,en_sk_ex_271_bt,,1,,37400,41000,,5,,,,,,,,,,,,,,,,,"23,24","NEW extension,Extension SoftBank 601HW BLACK"
1665,10319,747,2094,No,253-[extension]254Days (Value Rental Pack: 6Months Pack + 3Months Pack),2,カート用延長フラグ,Extension SoftBank 601HW [20GB],1,,,,,,,,*,sk/img001-ex.jpg,*,sk/img001-ex.jpg,,,,,,,,,,,,,,,,,,,,,,,0,1,en_sk_ex_271,,1,,37400,37400,,5,,,,,,,,,,,,,,,,,"23,24","NEW extension,Extension SoftBank 601HW BLACK"
1665,10320,748,2095,Yes,254-[extension]255Days (Value Rental Pack: 6Months Pack + 3Months Pack),2,カート用延長フラグ,Extension SoftBank 601HW [20GB],1,,,,,,,,*,sk/img001-ex.jpg,*,sk/img001-ex.jpg,,,,,,,,,,,,,,,,,,,,,,,0,1,en_sk_ex_271_bt,,1,,37400,41000,,5,,,,,,,,,,,,,,,,,"23,24","NEW extension,Extension SoftBank 601HW BLACK"
1665,10321,747,2095,No,254-[extension]255Days (Value Rental Pack: 6Months Pack + 3Months Pack),2,カート用延長フラグ,Extension SoftBank 601HW [20GB],1,,,,,,,,*,sk/img001-ex.jpg,*,sk/img001-ex.jpg,,,,,,,,,,,,,,,,,,,,,,,0,1,en_sk_ex_271,,1,,37400,37400,,5,,,,,,,,,,,,,,,,,"23,24","NEW extension,Extension SoftBank 601HW BLACK"
1665,10322,748,2096,Yes,255-[extension]256Days (Value Rental Pack: 6Months Pack + 3Months Pack),2,カート用延長フラグ,Extension SoftBank 601HW [20GB],1,,,,,,,,*,sk/img001-ex.jpg,*,sk/img001-ex.jpg,,,,,,,,,,,,,,,,,,,,,,,0,1,en_sk_ex_271_bt,,1,,37400,41000,,5,,,,,,,,,,,,,,,,,"23,24","NEW extension,Extension SoftBank 601HW BLACK"
1665,10323,747,2096,No,255-[extension]256Days (Value Rental Pack: 6Months Pack + 3Months Pack),2,カート用延長フラグ,Extension SoftBank 601HW [20GB],1,,,,,,,,*,sk/img001-ex.jpg,*,sk/img001-ex.jpg,,,,,,,,,,,,,,,,,,,,,,,0,1,en_sk_ex_271,,1,,37400,37400,,5,,,,,,,,,,,,,,,,,"23,24","NEW extension,Extension SoftBank 601HW BLACK"
1665,10324,748,2097,Yes,256-[extension]257Days (Value Rental Pack: 6Months Pack + 3Months Pack),2,カート用延長フラグ,Extension SoftBank 601HW [20GB],1,,,,,,,,*,sk/img001-ex.jpg,*,sk/img001-ex.jpg,,,,,,,,,,,,,,,,,,,,,,,0,1,en_sk_ex_271_bt,,1,,37400,41000,,5,,,,,,,,,,,,,,,,,"23,24","NEW extension,Extension SoftBank 601HW BLACK"
1665,10325,747,2097,No,256-[extension]257Days (Value Rental Pack: 6Months Pack + 3Months Pack),2,カート用延長フラグ,Extension SoftBank 601HW [20GB],1,,,,,,,,*,sk/img001-ex.jpg,*,sk/img001-ex.jpg,,,,,,,,,,,,,,,,,,,,,,,0,1,en_sk_ex_271,,1,,37400,37400,,5,,,,,,,,,,,,,,,,,"23,24","NEW extension,Extension SoftBank 601HW BLACK"
1665,10326,748,2098,Yes,257-[extension]258Days (Value Rental Pack: 6Months Pack + 3Months Pack),2,カート用延長フラグ,Extension SoftBank 601HW [20GB],1,,,,,,,,*,sk/img001-ex.jpg,*,sk/img001-ex.jpg,,,,,,,,,,,,,,,,,,,,,,,0,1,en_sk_ex_271_bt,,1,,37400,41000,,5,,,,,,,,,,,,,,,,,"23,24","NEW extension,Extension SoftBank 601HW BLACK"
1665,10327,747,2098,No,257-[extension]258Days (Value Rental Pack: 6Months Pack + 3Months Pack),2,カート用延長フラグ,Extension SoftBank 601HW [20GB],1,,,,,,,,*,sk/img001-ex.jpg,*,sk/img001-ex.jpg,,,,,,,,,,,,,,,,,,,,,,,0,1,en_sk_ex_271,,1,,37400,37400,,5,,,,,,,,,,,,,,,,,"23,24","NEW extension,Extension SoftBank 601HW BLACK"
1665,10328,748,2099,Yes,258-[extension]259Days (Value Rental Pack: 6Months Pack + 3Months Pack),2,カート用延長フラグ,Extension SoftBank 601HW [20GB],1,,,,,,,,*,sk/img001-ex.jpg,*,sk/img001-ex.jpg,,,,,,,,,,,,,,,,,,,,,,,0,1,en_sk_ex_271_bt,,1,,37400,41000,,5,,,,,,,,,,,,,,,,,"23,24","NEW extension,Extension SoftBank 601HW BLACK"
1665,10329,747,2099,No,258-[extension]259Days (Value Rental Pack: 6Months Pack + 3Months Pack),2,カート用延長フラグ,Extension SoftBank 601HW [20GB],1,,,,,,,,*,sk/img001-ex.jpg,*,sk/img001-ex.jpg,,,,,,,,,,,,,,,,,,,,,,,0,1,en_sk_ex_271,,1,,37400,37400,,5,,,,,,,,,,,,,,,,,"23,24","NEW extension,Extension SoftBank 601HW BLACK"
1665,10330,748,2100,Yes,259-[extension]260Days (Value Rental Pack: 6Months Pack + 3Months Pack),2,カート用延長フラグ,Extension SoftBank 601HW [20GB],1,,,,,,,,*,sk/img001-ex.jpg,*,sk/img001-ex.jpg,,,,,,,,,,,,,,,,,,,,,,,0,1,en_sk_ex_271_bt,,1,,37400,41000,,5,,,,,,,,,,,,,,,,,"23,24","NEW extension,Extension SoftBank 601HW BLACK"
1665,10331,747,2100,No,259-[extension]260Days (Value Rental Pack: 6Months Pack + 3Months Pack),2,カート用延長フラグ,Extension SoftBank 601HW [20GB],1,,,,,,,,*,sk/img001-ex.jpg,*,sk/img001-ex.jpg,,,,,,,,,,,,,,,,,,,,,,,0,1,en_sk_ex_271,,1,,37400,37400,,5,,,,,,,,,,,,,,,,,"23,24","NEW extension,Extension SoftBank 601HW BLACK"
1665,10332,748,2101,Yes,260-[extension]261Days (Value Rental Pack: 6Months Pack + 3Months Pack),2,カート用延長フラグ,Extension SoftBank 601HW [20GB],1,,,,,,,,*,sk/img001-ex.jpg,*,sk/img001-ex.jpg,,,,,,,,,,,,,,,,,,,,,,,0,1,en_sk_ex_271_bt,,1,,37400,41000,,5,,,,,,,,,,,,,,,,,"23,24","NEW extension,Extension SoftBank 601HW BLACK"
1665,10333,747,2101,No,260-[extension]261Days (Value Rental Pack: 6Months Pack + 3Months Pack),2,カート用延長フラグ,Extension SoftBank 601HW [20GB],1,,,,,,,,*,sk/img001-ex.jpg,*,sk/img001-ex.jpg,,,,,,,,,,,,,,,,,,,,,,,0,1,en_sk_ex_271,,1,,37400,37400,,5,,,,,,,,,,,,,,,,,"23,24","NEW extension,Extension SoftBank 601HW BLACK"
1665,10334,748,2102,Yes,261-[extension]262Days (Value Rental Pack: 6Months Pack + 3Months Pack),2,カート用延長フラグ,Extension SoftBank 601HW [20GB],1,,,,,,,,*,sk/img001-ex.jpg,*,sk/img001-ex.jpg,,,,,,,,,,,,,,,,,,,,,,,0,1,en_sk_ex_271_bt,,1,,37400,41000,,5,,,,,,,,,,,,,,,,,"23,24","NEW extension,Extension SoftBank 601HW BLACK"
1665,10335,747,2102,No,261-[extension]262Days (Value Rental Pack: 6Months Pack + 3Months Pack),2,カート用延長フラグ,Extension SoftBank 601HW [20GB],1,,,,,,,,*,sk/img001-ex.jpg,*,sk/img001-ex.jpg,,,,,,,,,,,,,,,,,,,,,,,0,1,en_sk_ex_271,,1,,37400,37400,,5,,,,,,,,,,,,,,,,,"23,24","NEW extension,Extension SoftBank 601HW BLACK"
1665,10336,748,2103,Yes,262-[extension]263Days (Value Rental Pack: 6Months Pack + 3Months Pack),2,カート用延長フラグ,Extension SoftBank 601HW [20GB],1,,,,,,,,*,sk/img001-ex.jpg,*,sk/img001-ex.jpg,,,,,,,,,,,,,,,,,,,,,,,0,1,en_sk_ex_271_bt,,1,,37400,41000,,5,,,,,,,,,,,,,,,,,"23,24","NEW extension,Extension SoftBank 601HW BLACK"
1665,10337,747,2103,No,262-[extension]263Days (Value Rental Pack: 6Months Pack + 3Months Pack),2,カート用延長フラグ,Extension SoftBank 601HW [20GB],1,,,,,,,,*,sk/img001-ex.jpg,*,sk/img001-ex.jpg,,,,,,,,,,,,,,,,,,,,,,,0,1,en_sk_ex_271,,1,,37400,37400,,5,,,,,,,,,,,,,,,,,"23,24","NEW extension,Extension SoftBank 601HW BLACK"
1665,10338,748,2104,Yes,263-[extension]264Days (Value Rental Pack: 6Months Pack + 3Months Pack),2,カート用延長フラグ,Extension SoftBank 601HW [20GB],1,,,,,,,,*,sk/img001-ex.jpg,*,sk/img001-ex.jpg,,,,,,,,,,,,,,,,,,,,,,,0,1,en_sk_ex_271_bt,,1,,37400,41000,,5,,,,,,,,,,,,,,,,,"23,24","NEW extension,Extension SoftBank 601HW BLACK"
1665,10339,747,2104,No,263-[extension]264Days (Value Rental Pack: 6Months Pack + 3Months Pack),2,カート用延長フラグ,Extension SoftBank 601HW [20GB],1,,,,,,,,*,sk/img001-ex.jpg,*,sk/img001-ex.jpg,,,,,,,,,,,,,,,,,,,,,,,0,1,en_sk_ex_271,,1,,37400,37400,,5,,,,,,,,,,,,,,,,,"23,24","NEW extension,Extension SoftBank 601HW BLACK"
1665,10340,748,2105,Yes,264-[extension]265Days (Value Rental Pack: 6Months Pack + 3Months Pack),2,カート用延長フラグ,Extension SoftBank 601HW [20GB],1,,,,,,,,*,sk/img001-ex.jpg,*,sk/img001-ex.jpg,,,,,,,,,,,,,,,,,,,,,,,0,1,en_sk_ex_271_bt,,1,,37400,41000,,5,,,,,,,,,,,,,,,,,"23,24","NEW extension,Extension SoftBank 601HW BLACK"
1665,10341,747,2105,No,264-[extension]265Days (Value Rental Pack: 6Months Pack + 3Months Pack),2,カート用延長フラグ,Extension SoftBank 601HW [20GB],1,,,,,,,,*,sk/img001-ex.jpg,*,sk/img001-ex.jpg,,,,,,,,,,,,,,,,,,,,,,,0,1,en_sk_ex_271,,1,,37400,37400,,5,,,,,,,,,,,,,,,,,"23,24","NEW extension,Extension SoftBank 601HW BLACK"
1665,10342,748,2106,Yes,265-[extension]266Days (Value Rental Pack: 6Months Pack + 3Months Pack),2,カート用延長フラグ,Extension SoftBank 601HW [20GB],1,,,,,,,,*,sk/img001-ex.jpg,*,sk/img001-ex.jpg,,,,,,,,,,,,,,,,,,,,,,,0,1,en_sk_ex_271_bt,,1,,37400,41000,,5,,,,,,,,,,,,,,,,,"23,24","NEW extension,Extension SoftBank 601HW BLACK"
1665,10343,747,2106,No,265-[extension]266Days (Value Rental Pack: 6Months Pack + 3Months Pack),2,カート用延長フラグ,Extension SoftBank 601HW [20GB],1,,,,,,,,*,sk/img001-ex.jpg,*,sk/img001-ex.jpg,,,,,,,,,,,,,,,,,,,,,,,0,1,en_sk_ex_271,,1,,37400,37400,,5,,,,,,,,,,,,,,,,,"23,24","NEW extension,Extension SoftBank 601HW BLACK"
1665,10344,748,2107,Yes,266-[extension]267Days (Value Rental Pack: 6Months Pack + 3Months Pack),2,カート用延長フラグ,Extension SoftBank 601HW [20GB],1,,,,,,,,*,sk/img001-ex.jpg,*,sk/img001-ex.jpg,,,,,,,,,,,,,,,,,,,,,,,0,1,en_sk_ex_271_bt,,1,,37400,41000,,5,,,,,,,,,,,,,,,,,"23,24","NEW extension,Extension SoftBank 601HW BLACK"
1665,10345,747,2107,No,266-[extension]267Days (Value Rental Pack: 6Months Pack + 3Months Pack),2,カート用延長フラグ,Extension SoftBank 601HW [20GB],1,,,,,,,,*,sk/img001-ex.jpg,*,sk/img001-ex.jpg,,,,,,,,,,,,,,,,,,,,,,,0,1,en_sk_ex_271,,1,,37400,37400,,5,,,,,,,,,,,,,,,,,"23,24","NEW extension,Extension SoftBank 601HW BLACK"
1665,10346,748,2108,Yes,267-[extension]268Days (Value Rental Pack: 6Months Pack + 3Months Pack),2,カート用延長フラグ,Extension SoftBank 601HW [20GB],1,,,,,,,,*,sk/img001-ex.jpg,*,sk/img001-ex.jpg,,,,,,,,,,,,,,,,,,,,,,,0,1,en_sk_ex_271_bt,,1,,37400,41000,,5,,,,,,,,,,,,,,,,,"23,24","NEW extension,Extension SoftBank 601HW BLACK"
1665,10347,747,2108,No,267-[extension]268Days (Value Rental Pack: 6Months Pack + 3Months Pack),2,カート用延長フラグ,Extension SoftBank 601HW [20GB],1,,,,,,,,*,sk/img001-ex.jpg,*,sk/img001-ex.jpg,,,,,,,,,,,,,,,,,,,,,,,0,1,en_sk_ex_271,,1,,37400,37400,,5,,,,,,,,,,,,,,,,,"23,24","NEW extension,Extension SoftBank 601HW BLACK"
1665,10348,748,2109,Yes,268-[extension]269Days (Value Rental Pack: 6Months Pack + 3Months Pack),2,カート用延長フラグ,Extension SoftBank 601HW [20GB],1,,,,,,,,*,sk/img001-ex.jpg,*,sk/img001-ex.jpg,,,,,,,,,,,,,,,,,,,,,,,0,1,en_sk_ex_271_bt,,1,,37400,41000,,5,,,,,,,,,,,,,,,,,"23,24","NEW extension,Extension SoftBank 601HW BLACK"
1665,10349,747,2109,No,268-[extension]269Days (Value Rental Pack: 6Months Pack + 3Months Pack),2,カート用延長フラグ,Extension SoftBank 601HW [20GB],1,,,,,,,,*,sk/img001-ex.jpg,*,sk/img001-ex.jpg,,,,,,,,,,,,,,,,,,,,,,,0,1,en_sk_ex_271,,1,,37400,37400,,5,,,,,,,,,,,,,,,,,"23,24","NEW extension,Extension SoftBank 601HW BLACK"
1665,10350,748,2110,Yes,269-[extension]270Days (Value Rental Pack: 6Months Pack + 3Months Pack),2,カート用延長フラグ,Extension SoftBank 601HW [20GB],1,,,,,,,,*,sk/img001-ex.jpg,*,sk/img001-ex.jpg,,,,,,,,,,,,,,,,,,,,,,,0,1,en_sk_ex_271_bt,,1,,37400,41000,,5,,,,,,,,,,,,,,,,,"23,24","NEW extension,Extension SoftBank 601HW BLACK"
1665,10351,747,2110,No,269-[extension]270Days (Value Rental Pack: 6Months Pack + 3Months Pack),2,カート用延長フラグ,Extension SoftBank 601HW [20GB],1,,,,,,,,*,sk/img001-ex.jpg,*,sk/img001-ex.jpg,,,,,,,,,,,,,,,,,,,,,,,0,1,en_sk_ex_271,,1,,37400,37400,,5,,,,,,,,,,,,,,,,,"23,24","NEW extension,Extension SoftBank 601HW BLACK"
1665,10352,748,2111,Yes,270-[extension]271Days (Value Rental Pack: 6Months Pack + 3Months Pack),2,カート用延長フラグ,Extension SoftBank 601HW [20GB],1,,,,,,,,*,sk/img001-ex.jpg,*,sk/img001-ex.jpg,,,,,,,,,,,,,,,,,,,,,,,0,1,en_sk_ex_271_bt,,1,,37400,41000,,5,,,,,,,,,,,,,,,,,"23,24","NEW extension,Extension SoftBank 601HW BLACK"
1665,10353,747,2111,No,270-[extension]271Days (Value Rental Pack: 6Months Pack + 3Months Pack),2,カート用延長フラグ,Extension SoftBank 601HW [20GB],1,,,,,,,,*,sk/img001-ex.jpg,*,sk/img001-ex.jpg,,,,,,,,,,,,,,,,,,,,,,,0,1,en_sk_ex_271,,1,,37400,37400,,5,,,,,,,,,,,,,,,,,"23,24","NEW extension,Extension SoftBank 601HW BLACK"
1665,10354,748,2112,Yes,271-[extension]272Days (Value Rental Pack: 6Months Pack + 3Months Pack),2,カート用延長フラグ,Extension SoftBank 601HW [20GB],1,,,,,,,,*,sk/img001-ex.jpg,*,sk/img001-ex.jpg,,,,,,,,,,,,,,,,,,,,,,,0,1,en_sk_ex_271_bt,,1,,37400,41000,,5,,,,,,,,,,,,,,,,,"23,24","NEW extension,Extension SoftBank 601HW BLACK"
1665,10355,747,2112,No,271-[extension]272Days (Value Rental Pack: 6Months Pack + 3Months Pack),2,カート用延長フラグ,Extension SoftBank 601HW [20GB],1,,,,,,,,*,sk/img001-ex.jpg,*,sk/img001-ex.jpg,,,,,,,,,,,,,,,,,,,,,,,0,1,en_sk_ex_271,,1,,37400,37400,,5,,,,,,,,,,,,,,,,,"23,24","NEW extension,Extension SoftBank 601HW BLACK"
1665,10356,748,2113,Yes,272-[extension]273Days (Value Rental Pack: 6Months Pack + 3Months Pack + 1Day),2,カート用延長フラグ,Extension SoftBank 601HW [20GB],1,,,,,,,,*,sk/img001-ex.jpg,*,sk/img001-ex.jpg,,,,,,,,,,,,,,,,,,,,,,,0,1,en_sk_ex_272_bt,,1,,37790,41440,,5,,,,,,,,,,,,,,,,,"23,24","NEW extension,Extension SoftBank 601HW BLACK"
1665,10357,747,2113,No,272-[extension]273Days (Value Rental Pack: 6Months Pack + 3Months Pack + 1Day),2,カート用延長フラグ,Extension SoftBank 601HW [20GB],1,,,,,,,,*,sk/img001-ex.jpg,*,sk/img001-ex.jpg,,,,,,,,,,,,,,,,,,,,,,,0,1,en_sk_ex_272,,1,,37790,37790,,5,,,,,,,,,,,,,,,,,"23,24","NEW extension,Extension SoftBank 601HW BLACK"
1665,10358,748,2114,Yes,273-[extension]274Days (Value Rental Pack: 6Months Pack + 3Months Pack + 2Days),2,カート用延長フラグ,Extension SoftBank 601HW [20GB],1,,,,,,,,*,sk/img001-ex.jpg,*,sk/img001-ex.jpg,,,,,,,,,,,,,,,,,,,,,,,0,1,en_sk_ex_273_bt,,1,,38180,41880,,5,,,,,,,,,,,,,,,,,"23,24","NEW extension,Extension SoftBank 601HW BLACK"
1665,10359,747,2114,No,273-[extension]274Days (Value Rental Pack: 6Months Pack + 3Months Pack + 2Days),2,カート用延長フラグ,Extension SoftBank 601HW [20GB],1,,,,,,,,*,sk/img001-ex.jpg,*,sk/img001-ex.jpg,,,,,,,,,,,,,,,,,,,,,,,0,1,en_sk_ex_273,,1,,38180,38180,,5,,,,,,,,,,,,,,,,,"23,24","NEW extension,Extension SoftBank 601HW BLACK"
1665,10360,748,2115,Yes,274-[extension]275Days (Value Rental Pack: 6Months Pack + 3Months Pack + 3Days),2,カート用延長フラグ,Extension SoftBank 601HW [20GB],1,,,,,,,,*,sk/img001-ex.jpg,*,sk/img001-ex.jpg,,,,,,,,,,,,,,,,,,,,,,,0,1,en_sk_ex_274_bt,,1,,38570,42320,,5,,,,,,,,,,,,,,,,,"23,24","NEW extension,Extension SoftBank 601HW BLACK"
1665,10361,747,2115,No,274-[extension]275Days (Value Rental Pack: 6Months Pack + 3Months Pack + 3Days),2,カート用延長フラグ,Extension SoftBank 601HW [20GB],1,,,,,,,,*,sk/img001-ex.jpg,*,sk/img001-ex.jpg,,,,,,,,,,,,,,,,,,,,,,,0,1,en_sk_ex_274,,1,,38570,38570,,5,,,,,,,,,,,,,,,,,"23,24","NEW extension,Extension SoftBank 601HW BLACK"
1665,10362,748,2116,Yes,275-[extension]276Days (Value Rental Pack: 6Months Pack + 3Months Pack + 4Days),2,カート用延長フラグ,Extension SoftBank 601HW [20GB],1,,,,,,,,*,sk/img001-ex.jpg,*,sk/img001-ex.jpg,,,,,,,,,,,,,,,,,,,,,,,0,1,en_sk_ex_275_bt,,1,,38960,42760,,5,,,,,,,,,,,,,,,,,"23,24","NEW extension,Extension SoftBank 601HW BLACK"
1665,10363,747,2116,No,275-[extension]276Days (Value Rental Pack: 6Months Pack + 3Months Pack + 4Days),2,カート用延長フラグ,Extension SoftBank 601HW [20GB],1,,,,,,,,*,sk/img001-ex.jpg,*,sk/img001-ex.jpg,,,,,,,,,,,,,,,,,,,,,,,0,1,en_sk_ex_275,,1,,38960,38960,,5,,,,,,,,,,,,,,,,,"23,24","NEW extension,Extension SoftBank 601HW BLACK"
1665,10364,748,2117,Yes,276-[extension]277Days (Value Rental Pack: 6Months Pack + 3Months Pack + 5Days),2,カート用延長フラグ,Extension SoftBank 601HW [20GB],1,,,,,,,,*,sk/img001-ex.jpg,*,sk/img001-ex.jpg,,,,,,,,,,,,,,,,,,,,,,,0,1,en_sk_ex_276_bt,,1,,39350,43200,,5,,,,,,,,,,,,,,,,,"23,24","NEW extension,Extension SoftBank 601HW BLACK"
1665,10365,747,2117,No,276-[extension]277Days (Value Rental Pack: 6Months Pack + 3Months Pack + 5Days),2,カート用延長フラグ,Extension SoftBank 601HW [20GB],1,,,,,,,,*,sk/img001-ex.jpg,*,sk/img001-ex.jpg,,,,,,,,,,,,,,,,,,,,,,,0,1,en_sk_ex_276,,1,,39350,39350,,5,,,,,,,,,,,,,,,,,"23,24","NEW extension,Extension SoftBank 601HW BLACK"
1665,10366,748,2118,Yes,277-[extension]278Days (Value Rental Pack: 6Months Pack + 3Months Pack + 6Days),2,カート用延長フラグ,Extension SoftBank 601HW [20GB],1,,,,,,,,*,sk/img001-ex.jpg,*,sk/img001-ex.jpg,,,,,,,,,,,,,,,,,,,,,,,0,1,en_sk_ex_277_bt,,1,,39740,43640,,5,,,,,,,,,,,,,,,,,"23,24","NEW extension,Extension SoftBank 601HW BLACK"
1665,10367,747,2118,No,277-[extension]278Days (Value Rental Pack: 6Months Pack + 3Months Pack + 6Days),2,カート用延長フラグ,Extension SoftBank 601HW [20GB],1,,,,,,,,*,sk/img001-ex.jpg,*,sk/img001-ex.jpg,,,,,,,,,,,,,,,,,,,,,,,0,1,en_sk_ex_277,,1,,39740,39740,,5,,,,,,,,,,,,,,,,,"23,24","NEW extension,Extension SoftBank 601HW BLACK"
1665,10368,748,2119,Yes,278-[extension]279Days (Value Rental Pack: 6Months Pack + 3Months Pack + 7Days),2,カート用延長フラグ,Extension SoftBank 601HW [20GB],1,,,,,,,,*,sk/img001-ex.jpg,*,sk/img001-ex.jpg,,,,,,,,,,,,,,,,,,,,,,,0,1,en_sk_ex_278_bt,,1,,40130,44030,,5,,,,,,,,,,,,,,,,,"23,24","NEW extension,Extension SoftBank 601HW BLACK"
1665,10369,747,2119,No,278-[extension]279Days (Value Rental Pack: 6Months Pack + 3Months Pack + 7Days),2,カート用延長フラグ,Extension SoftBank 601HW [20GB],1,,,,,,,,*,sk/img001-ex.jpg,*,sk/img001-ex.jpg,,,,,,,,,,,,,,,,,,,,,,,0,1,en_sk_ex_278,,1,,40130,40130,,5,,,,,,,,,,,,,,,,,"23,24","NEW extension,Extension SoftBank 601HW BLACK"
1665,10370,748,2120,Yes,279-[extension]280Days (Value Rental Pack: 6Months Pack + 3Months Pack + 8Days),2,カート用延長フラグ,Extension SoftBank 601HW [20GB],1,,,,,,,,*,sk/img001-ex.jpg,*,sk/img001-ex.jpg,,,,,,,,,,,,,,,,,,,,,,,0,1,en_sk_ex_279_bt,,1,,40520,44420,,5,,,,,,,,,,,,,,,,,"23,24","NEW extension,Extension SoftBank 601HW BLACK"
1665,10371,747,2120,No,279-[extension]280Days (Value Rental Pack: 6Months Pack + 3Months Pack + 8Days),2,カート用延長フラグ,Extension SoftBank 601HW [20GB],1,,,,,,,,*,sk/img001-ex.jpg,*,sk/img001-ex.jpg,,,,,,,,,,,,,,,,,,,,,,,0,1,en_sk_ex_279,,1,,40520,40520,,5,,,,,,,,,,,,,,,,,"23,24","NEW extension,Extension SoftBank 601HW BLACK"
1665,10372,748,2121,Yes,280-[extension]281Days (Value Rental Pack: 6Months Pack + 3Months Pack + 9Days),2,カート用延長フラグ,Extension SoftBank 601HW [20GB],1,,,,,,,,*,sk/img001-ex.jpg,*,sk/img001-ex.jpg,,,,,,,,,,,,,,,,,,,,,,,0,1,en_sk_ex_280_bt,,1,,40910,44810,,5,,,,,,,,,,,,,,,,,"23,24","NEW extension,Extension SoftBank 601HW BLACK"
1665,10373,747,2121,No,280-[extension]281Days (Value Rental Pack: 6Months Pack + 3Months Pack + 9Days),2,カート用延長フラグ,Extension SoftBank 601HW [20GB],1,,,,,,,,*,sk/img001-ex.jpg,*,sk/img001-ex.jpg,,,,,,,,,,,,,,,,,,,,,,,0,1,en_sk_ex_280,,1,,40910,40910,,5,,,,,,,,,,,,,,,,,"23,24","NEW extension,Extension SoftBank 601HW BLACK"
1665,10374,748,2122,Yes,281-[extension]282Days (Value Rental Pack: 6Months Pack + 3Months Pack + 10Days),2,カート用延長フラグ,Extension SoftBank 601HW [20GB],1,,,,,,,,*,sk/img001-ex.jpg,*,sk/img001-ex.jpg,,,,,,,,,,,,,,,,,,,,,,,0,1,en_sk_ex_281_bt,,1,,41300,45200,,5,,,,,,,,,,,,,,,,,"23,24","NEW extension,Extension SoftBank 601HW BLACK"
1665,10375,747,2122,No,281-[extension]282Days (Value Rental Pack: 6Months Pack + 3Months Pack + 10Days),2,カート用延長フラグ,Extension SoftBank 601HW [20GB],1,,,,,,,,*,sk/img001-ex.jpg,*,sk/img001-ex.jpg,,,,,,,,,,,,,,,,,,,,,,,0,1,en_sk_ex_281,,1,,41300,41300,,5,,,,,,,,,,,,,,,,,"23,24","NEW extension,Extension SoftBank 601HW BLACK"
1665,10376,748,2123,Yes,282-[extension]283Days (Value Rental Pack: 6Months Pack + 4Months Pack),2,カート用延長フラグ,Extension SoftBank 601HW [20GB],1,,,,,,,,*,sk/img001-ex.jpg,*,sk/img001-ex.jpg,,,,,,,,,,,,,,,,,,,,,,,0,1,en_sk_ex_301_bt,,1,,41600,45500,,5,,,,,,,,,,,,,,,,,"23,24","NEW extension,Extension SoftBank 601HW BLACK"
1665,10377,747,2123,No,282-[extension]283Days (Value Rental Pack: 6Months Pack + 4Months Pack),2,カート用延長フラグ,Extension SoftBank 601HW [20GB],1,,,,,,,,*,sk/img001-ex.jpg,*,sk/img001-ex.jpg,,,,,,,,,,,,,,,,,,,,,,,0,1,en_sk_ex_301,,1,,41600,41600,,5,,,,,,,,,,,,,,,,,"23,24","NEW extension,Extension SoftBank 601HW BLACK"
1665,10378,748,2124,Yes,283-[extension]284Days (Value Rental Pack: 6Months Pack + 4Months Pack),2,カート用延長フラグ,Extension SoftBank 601HW [20GB],1,,,,,,,,*,sk/img001-ex.jpg,*,sk/img001-ex.jpg,,,,,,,,,,,,,,,,,,,,,,,0,1,en_sk_ex_301_bt,,1,,41600,45500,,5,,,,,,,,,,,,,,,,,"23,24","NEW extension,Extension SoftBank 601HW BLACK"
1665,10379,747,2124,No,283-[extension]284Days (Value Rental Pack: 6Months Pack + 4Months Pack),2,カート用延長フラグ,Extension SoftBank 601HW [20GB],1,,,,,,,,*,sk/img001-ex.jpg,*,sk/img001-ex.jpg,,,,,,,,,,,,,,,,,,,,,,,0,1,en_sk_ex_301,,1,,41600,41600,,5,,,,,,,,,,,,,,,,,"23,24","NEW extension,Extension SoftBank 601HW BLACK"
1665,10380,748,2125,Yes,284-[extension]285Days (Value Rental Pack: 6Months Pack + 4Months Pack),2,カート用延長フラグ,Extension SoftBank 601HW [20GB],1,,,,,,,,*,sk/img001-ex.jpg,*,sk/img001-ex.jpg,,,,,,,,,,,,,,,,,,,,,,,0,1,en_sk_ex_301_bt,,1,,41600,45500,,5,,,,,,,,,,,,,,,,,"23,24","NEW extension,Extension SoftBank 601HW BLACK"
1665,10381,747,2125,No,284-[extension]285Days (Value Rental Pack: 6Months Pack + 4Months Pack),2,カート用延長フラグ,Extension SoftBank 601HW [20GB],1,,,,,,,,*,sk/img001-ex.jpg,*,sk/img001-ex.jpg,,,,,,,,,,,,,,,,,,,,,,,0,1,en_sk_ex_301,,1,,41600,41600,,5,,,,,,,,,,,,,,,,,"23,24","NEW extension,Extension SoftBank 601HW BLACK"
1665,10382,748,2126,Yes,285-[extension]286Days (Value Rental Pack: 6Months Pack + 4Months Pack),2,カート用延長フラグ,Extension SoftBank 601HW [20GB],1,,,,,,,,*,sk/img001-ex.jpg,*,sk/img001-ex.jpg,,,,,,,,,,,,,,,,,,,,,,,0,1,en_sk_ex_301_bt,,1,,41600,45500,,5,,,,,,,,,,,,,,,,,"23,24","NEW extension,Extension SoftBank 601HW BLACK"
1665,10383,747,2126,No,285-[extension]286Days (Value Rental Pack: 6Months Pack + 4Months Pack),2,カート用延長フラグ,Extension SoftBank 601HW [20GB],1,,,,,,,,*,sk/img001-ex.jpg,*,sk/img001-ex.jpg,,,,,,,,,,,,,,,,,,,,,,,0,1,en_sk_ex_301,,1,,41600,41600,,5,,,,,,,,,,,,,,,,,"23,24","NEW extension,Extension SoftBank 601HW BLACK"
1665,10384,748,2127,Yes,286-[extension]287Days (Value Rental Pack: 6Months Pack + 4Months Pack),2,カート用延長フラグ,Extension SoftBank 601HW [20GB],1,,,,,,,,*,sk/img001-ex.jpg,*,sk/img001-ex.jpg,,,,,,,,,,,,,,,,,,,,,,,0,1,en_sk_ex_301_bt,,1,,41600,45500,,5,,,,,,,,,,,,,,,,,"23,24","NEW extension,Extension SoftBank 601HW BLACK"
1665,10385,747,2127,No,286-[extension]287Days (Value Rental Pack: 6Months Pack + 4Months Pack),2,カート用延長フラグ,Extension SoftBank 601HW [20GB],1,,,,,,,,*,sk/img001-ex.jpg,*,sk/img001-ex.jpg,,,,,,,,,,,,,,,,,,,,,,,0,1,en_sk_ex_301,,1,,41600,41600,,5,,,,,,,,,,,,,,,,,"23,24","NEW extension,Extension SoftBank 601HW BLACK"
1665,10386,748,2128,Yes,287-[extension]288Days (Value Rental Pack: 6Months Pack + 4Months Pack),2,カート用延長フラグ,Extension SoftBank 601HW [20GB],1,,,,,,,,*,sk/img001-ex.jpg,*,sk/img001-ex.jpg,,,,,,,,,,,,,,,,,,,,,,,0,1,en_sk_ex_301_bt,,1,,41600,45500,,5,,,,,,,,,,,,,,,,,"23,24","NEW extension,Extension SoftBank 601HW BLACK"
1665,10387,747,2128,No,287-[extension]288Days (Value Rental Pack: 6Months Pack + 4Months Pack),2,カート用延長フラグ,Extension SoftBank 601HW [20GB],1,,,,,,,,*,sk/img001-ex.jpg,*,sk/img001-ex.jpg,,,,,,,,,,,,,,,,,,,,,,,0,1,en_sk_ex_301,,1,,41600,41600,,5,,,,,,,,,,,,,,,,,"23,24","NEW extension,Extension SoftBank 601HW BLACK"
1665,10388,748,2129,Yes,288-[extension]289Days (Value Rental Pack: 6Months Pack + 4Months Pack),2,カート用延長フラグ,Extension SoftBank 601HW [20GB],1,,,,,,,,*,sk/img001-ex.jpg,*,sk/img001-ex.jpg,,,,,,,,,,,,,,,,,,,,,,,0,1,en_sk_ex_301_bt,,1,,41600,45500,,5,,,,,,,,,,,,,,,,,"23,24","NEW extension,Extension SoftBank 601HW BLACK"
1665,10389,747,2129,No,288-[extension]289Days (Value Rental Pack: 6Months Pack + 4Months Pack),2,カート用延長フラグ,Extension SoftBank 601HW [20GB],1,,,,,,,,*,sk/img001-ex.jpg,*,sk/img001-ex.jpg,,,,,,,,,,,,,,,,,,,,,,,0,1,en_sk_ex_301,,1,,41600,41600,,5,,,,,,,,,,,,,,,,,"23,24","NEW extension,Extension SoftBank 601HW BLACK"
1665,10390,748,2130,Yes,289-[extension]290Days (Value Rental Pack: 6Months Pack + 4Months Pack),2,カート用延長フラグ,Extension SoftBank 601HW [20GB],1,,,,,,,,*,sk/img001-ex.jpg,*,sk/img001-ex.jpg,,,,,,,,,,,,,,,,,,,,,,,0,1,en_sk_ex_301_bt,,1,,41600,45500,,5,,,,,,,,,,,,,,,,,"23,24","NEW extension,Extension SoftBank 601HW BLACK"
1665,10391,747,2130,No,289-[extension]290Days (Value Rental Pack: 6Months Pack + 4Months Pack),2,カート用延長フラグ,Extension SoftBank 601HW [20GB],1,,,,,,,,*,sk/img001-ex.jpg,*,sk/img001-ex.jpg,,,,,,,,,,,,,,,,,,,,,,,0,1,en_sk_ex_301,,1,,41600,41600,,5,,,,,,,,,,,,,,,,,"23,24","NEW extension,Extension SoftBank 601HW BLACK"
1665,10392,748,2131,Yes,290-[extension]291Days (Value Rental Pack: 6Months Pack + 4Months Pack),2,カート用延長フラグ,Extension SoftBank 601HW [20GB],1,,,,,,,,*,sk/img001-ex.jpg,*,sk/img001-ex.jpg,,,,,,,,,,,,,,,,,,,,,,,0,1,en_sk_ex_301_bt,,1,,41600,45500,,5,,,,,,,,,,,,,,,,,"23,24","NEW extension,Extension SoftBank 601HW BLACK"
1665,10393,747,2131,No,290-[extension]291Days (Value Rental Pack: 6Months Pack + 4Months Pack),2,カート用延長フラグ,Extension SoftBank 601HW [20GB],1,,,,,,,,*,sk/img001-ex.jpg,*,sk/img001-ex.jpg,,,,,,,,,,,,,,,,,,,,,,,0,1,en_sk_ex_301,,1,,41600,41600,,5,,,,,,,,,,,,,,,,,"23,24","NEW extension,Extension SoftBank 601HW BLACK"
1665,10394,748,2132,Yes,291-[extension]292Days (Value Rental Pack: 6Months Pack + 4Months Pack),2,カート用延長フラグ,Extension SoftBank 601HW [20GB],1,,,,,,,,*,sk/img001-ex.jpg,*,sk/img001-ex.jpg,,,,,,,,,,,,,,,,,,,,,,,0,1,en_sk_ex_301_bt,,1,,41600,45500,,5,,,,,,,,,,,,,,,,,"23,24","NEW extension,Extension SoftBank 601HW BLACK"
1665,10395,747,2132,No,291-[extension]292Days (Value Rental Pack: 6Months Pack + 4Months Pack),2,カート用延長フラグ,Extension SoftBank 601HW [20GB],1,,,,,,,,*,sk/img001-ex.jpg,*,sk/img001-ex.jpg,,,,,,,,,,,,,,,,,,,,,,,0,1,en_sk_ex_301,,1,,41600,41600,,5,,,,,,,,,,,,,,,,,"23,24","NEW extension,Extension SoftBank 601HW BLACK"
1665,10396,748,2133,Yes,292-[extension]293Days (Value Rental Pack: 6Months Pack + 4Months Pack),2,カート用延長フラグ,Extension SoftBank 601HW [20GB],1,,,,,,,,*,sk/img001-ex.jpg,*,sk/img001-ex.jpg,,,,,,,,,,,,,,,,,,,,,,,0,1,en_sk_ex_301_bt,,1,,41600,45500,,5,,,,,,,,,,,,,,,,,"23,24","NEW extension,Extension SoftBank 601HW BLACK"
1665,10397,747,2133,No,292-[extension]293Days (Value Rental Pack: 6Months Pack + 4Months Pack),2,カート用延長フラグ,Extension SoftBank 601HW [20GB],1,,,,,,,,*,sk/img001-ex.jpg,*,sk/img001-ex.jpg,,,,,,,,,,,,,,,,,,,,,,,0,1,en_sk_ex_301,,1,,41600,41600,,5,,,,,,,,,,,,,,,,,"23,24","NEW extension,Extension SoftBank 601HW BLACK"
1665,10398,748,2134,Yes,293-[extension]294Days (Value Rental Pack: 6Months Pack + 4Months Pack),2,カート用延長フラグ,Extension SoftBank 601HW [20GB],1,,,,,,,,*,sk/img001-ex.jpg,*,sk/img001-ex.jpg,,,,,,,,,,,,,,,,,,,,,,,0,1,en_sk_ex_301_bt,,1,,41600,45500,,5,,,,,,,,,,,,,,,,,"23,24","NEW extension,Extension SoftBank 601HW BLACK"
1665,10399,747,2134,No,293-[extension]294Days (Value Rental Pack: 6Months Pack + 4Months Pack),2,カート用延長フラグ,Extension SoftBank 601HW [20GB],1,,,,,,,,*,sk/img001-ex.jpg,*,sk/img001-ex.jpg,,,,,,,,,,,,,,,,,,,,,,,0,1,en_sk_ex_301,,1,,41600,41600,,5,,,,,,,,,,,,,,,,,"23,24","NEW extension,Extension SoftBank 601HW BLACK"
1665,10400,748,2135,Yes,294-[extension]295Days (Value Rental Pack: 6Months Pack + 4Months Pack),2,カート用延長フラグ,Extension SoftBank 601HW [20GB],1,,,,,,,,*,sk/img001-ex.jpg,*,sk/img001-ex.jpg,,,,,,,,,,,,,,,,,,,,,,,0,1,en_sk_ex_301_bt,,1,,41600,45500,,5,,,,,,,,,,,,,,,,,"23,24","NEW extension,Extension SoftBank 601HW BLACK"
1665,10401,747,2135,No,294-[extension]295Days (Value Rental Pack: 6Months Pack + 4Months Pack),2,カート用延長フラグ,Extension SoftBank 601HW [20GB],1,,,,,,,,*,sk/img001-ex.jpg,*,sk/img001-ex.jpg,,,,,,,,,,,,,,,,,,,,,,,0,1,en_sk_ex_301,,1,,41600,41600,,5,,,,,,,,,,,,,,,,,"23,24","NEW extension,Extension SoftBank 601HW BLACK"
1665,10402,748,2136,Yes,295-[extension]296Days (Value Rental Pack: 6Months Pack + 4Months Pack),2,カート用延長フラグ,Extension SoftBank 601HW [20GB],1,,,,,,,,*,sk/img001-ex.jpg,*,sk/img001-ex.jpg,,,,,,,,,,,,,,,,,,,,,,,0,1,en_sk_ex_301_bt,,1,,41600,45500,,5,,,,,,,,,,,,,,,,,"23,24","NEW extension,Extension SoftBank 601HW BLACK"
1665,10403,747,2136,No,295-[extension]296Days (Value Rental Pack: 6Months Pack + 4Months Pack),2,カート用延長フラグ,Extension SoftBank 601HW [20GB],1,,,,,,,,*,sk/img001-ex.jpg,*,sk/img001-ex.jpg,,,,,,,,,,,,,,,,,,,,,,,0,1,en_sk_ex_301,,1,,41600,41600,,5,,,,,,,,,,,,,,,,,"23,24","NEW extension,Extension SoftBank 601HW BLACK"
1665,10404,748,2137,Yes,296-[extension]297Days (Value Rental Pack: 6Months Pack + 4Months Pack),2,カート用延長フラグ,Extension SoftBank 601HW [20GB],1,,,,,,,,*,sk/img001-ex.jpg,*,sk/img001-ex.jpg,,,,,,,,,,,,,,,,,,,,,,,0,1,en_sk_ex_301_bt,,1,,41600,45500,,5,,,,,,,,,,,,,,,,,"23,24","NEW extension,Extension SoftBank 601HW BLACK"
1665,10405,747,2137,No,296-[extension]297Days (Value Rental Pack: 6Months Pack + 4Months Pack),2,カート用延長フラグ,Extension SoftBank 601HW [20GB],1,,,,,,,,*,sk/img001-ex.jpg,*,sk/img001-ex.jpg,,,,,,,,,,,,,,,,,,,,,,,0,1,en_sk_ex_301,,1,,41600,41600,,5,,,,,,,,,,,,,,,,,"23,24","NEW extension,Extension SoftBank 601HW BLACK"
1665,10406,748,2138,Yes,297-[extension]298Days (Value Rental Pack: 6Months Pack + 4Months Pack),2,カート用延長フラグ,Extension SoftBank 601HW [20GB],1,,,,,,,,*,sk/img001-ex.jpg,*,sk/img001-ex.jpg,,,,,,,,,,,,,,,,,,,,,,,0,1,en_sk_ex_301_bt,,1,,41600,45500,,5,,,,,,,,,,,,,,,,,"23,24","NEW extension,Extension SoftBank 601HW BLACK"
1665,10407,747,2138,No,297-[extension]298Days (Value Rental Pack: 6Months Pack + 4Months Pack),2,カート用延長フラグ,Extension SoftBank 601HW [20GB],1,,,,,,,,*,sk/img001-ex.jpg,*,sk/img001-ex.jpg,,,,,,,,,,,,,,,,,,,,,,,0,1,en_sk_ex_301,,1,,41600,41600,,5,,,,,,,,,,,,,,,,,"23,24","NEW extension,Extension SoftBank 601HW BLACK"
1665,10408,748,2139,Yes,298-[extension]299Days (Value Rental Pack: 6Months Pack + 4Months Pack),2,カート用延長フラグ,Extension SoftBank 601HW [20GB],1,,,,,,,,*,sk/img001-ex.jpg,*,sk/img001-ex.jpg,,,,,,,,,,,,,,,,,,,,,,,0,1,en_sk_ex_301_bt,,1,,41600,45500,,5,,,,,,,,,,,,,,,,,"23,24","NEW extension,Extension SoftBank 601HW BLACK"
1665,10409,747,2139,No,298-[extension]299Days (Value Rental Pack: 6Months Pack + 4Months Pack),2,カート用延長フラグ,Extension SoftBank 601HW [20GB],1,,,,,,,,*,sk/img001-ex.jpg,*,sk/img001-ex.jpg,,,,,,,,,,,,,,,,,,,,,,,0,1,en_sk_ex_301,,1,,41600,41600,,5,,,,,,,,,,,,,,,,,"23,24","NEW extension,Extension SoftBank 601HW BLACK"
1665,10410,748,2140,Yes,299-[extension]300Days (Value Rental Pack: 6Months Pack + 4Months Pack),2,カート用延長フラグ,Extension SoftBank 601HW [20GB],1,,,,,,,,*,sk/img001-ex.jpg,*,sk/img001-ex.jpg,,,,,,,,,,,,,,,,,,,,,,,0,1,en_sk_ex_301_bt,,1,,41600,45500,,5,,,,,,,,,,,,,,,,,"23,24","NEW extension,Extension SoftBank 601HW BLACK"
1665,10411,747,2140,No,299-[extension]300Days (Value Rental Pack: 6Months Pack + 4Months Pack),2,カート用延長フラグ,Extension SoftBank 601HW [20GB],1,,,,,,,,*,sk/img001-ex.jpg,*,sk/img001-ex.jpg,,,,,,,,,,,,,,,,,,,,,,,0,1,en_sk_ex_301,,1,,41600,41600,,5,,,,,,,,,,,,,,,,,"23,24","NEW extension,Extension SoftBank 601HW BLACK"
1665,10412,748,2141,Yes,300-[extension]301Days (Value Rental Pack: 6Months Pack + 4Months Pack),2,カート用延長フラグ,Extension SoftBank 601HW [20GB],1,,,,,,,,*,sk/img001-ex.jpg,*,sk/img001-ex.jpg,,,,,,,,,,,,,,,,,,,,,,,0,1,en_sk_ex_301_bt,,1,,41600,45500,,5,,,,,,,,,,,,,,,,,"23,24","NEW extension,Extension SoftBank 601HW BLACK"
1665,10413,747,2141,No,300-[extension]301Days (Value Rental Pack: 6Months Pack + 4Months Pack),2,カート用延長フラグ,Extension SoftBank 601HW [20GB],1,,,,,,,,*,sk/img001-ex.jpg,*,sk/img001-ex.jpg,,,,,,,,,,,,,,,,,,,,,,,0,1,en_sk_ex_301,,1,,41600,41600,,5,,,,,,,,,,,,,,,,,"23,24","NEW extension,Extension SoftBank 601HW BLACK"
1665,10414,748,2142,Yes,301-[extension]302Days (Value Rental Pack: 6Months Pack + 4Months Pack),2,カート用延長フラグ,Extension SoftBank 601HW [20GB],1,,,,,,,,*,sk/img001-ex.jpg,*,sk/img001-ex.jpg,,,,,,,,,,,,,,,,,,,,,,,0,1,en_sk_ex_301_bt,,1,,41600,45500,,5,,,,,,,,,,,,,,,,,"23,24","NEW extension,Extension SoftBank 601HW BLACK"
1665,10415,747,2142,No,301-[extension]302Days (Value Rental Pack: 6Months Pack + 4Months Pack),2,カート用延長フラグ,Extension SoftBank 601HW [20GB],1,,,,,,,,*,sk/img001-ex.jpg,*,sk/img001-ex.jpg,,,,,,,,,,,,,,,,,,,,,,,0,1,en_sk_ex_301,,1,,41600,41600,,5,,,,,,,,,,,,,,,,,"23,24","NEW extension,Extension SoftBank 601HW BLACK"
1665,10416,748,2143,Yes,302-[extension]303Days (Value Rental Pack: 6Months Pack + 4Months Pack + 1Day),2,カート用延長フラグ,Extension SoftBank 601HW [20GB],1,,,,,,,,*,sk/img001-ex.jpg,*,sk/img001-ex.jpg,,,,,,,,,,,,,,,,,,,,,,,0,1,en_sk_ex_302_bt,,1,,41990,45940,,5,,,,,,,,,,,,,,,,,"23,24","NEW extension,Extension SoftBank 601HW BLACK"
1665,10417,747,2143,No,302-[extension]303Days (Value Rental Pack: 6Months Pack + 4Months Pack + 1Day),2,カート用延長フラグ,Extension SoftBank 601HW [20GB],1,,,,,,,,*,sk/img001-ex.jpg,*,sk/img001-ex.jpg,,,,,,,,,,,,,,,,,,,,,,,0,1,en_sk_ex_302,,1,,41990,41990,,5,,,,,,,,,,,,,,,,,"23,24","NEW extension,Extension SoftBank 601HW BLACK"
1665,10418,748,2144,Yes,303-[extension]304Days (Value Rental Pack: 6Months Pack + 4Months Pack + 2Days),2,カート用延長フラグ,Extension SoftBank 601HW [20GB],1,,,,,,,,*,sk/img001-ex.jpg,*,sk/img001-ex.jpg,,,,,,,,,,,,,,,,,,,,,,,0,1,en_sk_ex_303_bt,,1,,42380,46380,,5,,,,,,,,,,,,,,,,,"23,24","NEW extension,Extension SoftBank 601HW BLACK"
1665,10419,747,2144,No,303-[extension]304Days (Value Rental Pack: 6Months Pack + 4Months Pack + 2Days),2,カート用延長フラグ,Extension SoftBank 601HW [20GB],1,,,,,,,,*,sk/img001-ex.jpg,*,sk/img001-ex.jpg,,,,,,,,,,,,,,,,,,,,,,,0,1,en_sk_ex_303,,1,,42380,42380,,5,,,,,,,,,,,,,,,,,"23,24","NEW extension,Extension SoftBank 601HW BLACK"
1665,10420,748,2145,Yes,304-[extension]305Days (Value Rental Pack: 6Months Pack + 4Months Pack + 3Days),2,カート用延長フラグ,Extension SoftBank 601HW [20GB],1,,,,,,,,*,sk/img001-ex.jpg,*,sk/img001-ex.jpg,,,,,,,,,,,,,,,,,,,,,,,0,1,en_sk_ex_304_bt,,1,,42770,46820,,5,,,,,,,,,,,,,,,,,"23,24","NEW extension,Extension SoftBank 601HW BLACK"
1665,10421,747,2145,No,304-[extension]305Days (Value Rental Pack: 6Months Pack + 4Months Pack + 3Days),2,カート用延長フラグ,Extension SoftBank 601HW [20GB],1,,,,,,,,*,sk/img001-ex.jpg,*,sk/img001-ex.jpg,,,,,,,,,,,,,,,,,,,,,,,0,1,en_sk_ex_304,,1,,42770,42770,,5,,,,,,,,,,,,,,,,,"23,24","NEW extension,Extension SoftBank 601HW BLACK"
1665,10422,748,2146,Yes,305-[extension]306Days (Value Rental Pack: 6Months Pack + 4Months Pack + 4Days),2,カート用延長フラグ,Extension SoftBank 601HW [20GB],1,,,,,,,,*,sk/img001-ex.jpg,*,sk/img001-ex.jpg,,,,,,,,,,,,,,,,,,,,,,,0,1,en_sk_ex_305_bt,,1,,43160,47260,,5,,,,,,,,,,,,,,,,,"23,24","NEW extension,Extension SoftBank 601HW BLACK"
1665,10423,747,2146,No,305-[extension]306Days (Value Rental Pack: 6Months Pack + 4Months Pack + 4Days),2,カート用延長フラグ,Extension SoftBank 601HW [20GB],1,,,,,,,,*,sk/img001-ex.jpg,*,sk/img001-ex.jpg,,,,,,,,,,,,,,,,,,,,,,,0,1,en_sk_ex_305,,1,,43160,43160,,5,,,,,,,,,,,,,,,,,"23,24","NEW extension,Extension SoftBank 601HW BLACK"
1665,10424,748,2147,Yes,306-[extension]307Days (Value Rental Pack: 6Months Pack + 4Months Pack + 5Days),2,カート用延長フラグ,Extension SoftBank 601HW [20GB],1,,,,,,,,*,sk/img001-ex.jpg,*,sk/img001-ex.jpg,,,,,,,,,,,,,,,,,,,,,,,0,1,en_sk_ex_306_bt,,1,,43550,47700,,5,,,,,,,,,,,,,,,,,"23,24","NEW extension,Extension SoftBank 601HW BLACK"
1665,10425,747,2147,No,306-[extension]307Days (Value Rental Pack: 6Months Pack + 4Months Pack + 5Days),2,カート用延長フラグ,Extension SoftBank 601HW [20GB],1,,,,,,,,*,sk/img001-ex.jpg,*,sk/img001-ex.jpg,,,,,,,,,,,,,,,,,,,,,,,0,1,en_sk_ex_306,,1,,43550,43550,,5,,,,,,,,,,,,,,,,,"23,24","NEW extension,Extension SoftBank 601HW BLACK"
1665,10426,748,2148,Yes,307-[extension]308Days (Value Rental Pack: 6Months Pack + 5Months Pack),2,カート用延長フラグ,Extension SoftBank 601HW [20GB],1,,,,,,,,*,sk/img001-ex.jpg,*,sk/img001-ex.jpg,,,,,,,,,,,,,,,,,,,,,,,0,1,en_sk_ex_331_bt,,1,,43600,47800,,5,,,,,,,,,,,,,,,,,"23,24","NEW extension,Extension SoftBank 601HW BLACK"
1665,10427,747,2148,No,307-[extension]308Days (Value Rental Pack: 6Months Pack + 5Months Pack),2,カート用延長フラグ,Extension SoftBank 601HW [20GB],1,,,,,,,,*,sk/img001-ex.jpg,*,sk/img001-ex.jpg,,,,,,,,,,,,,,,,,,,,,,,0,1,en_sk_ex_331,,1,,43600,43600,,5,,,,,,,,,,,,,,,,,"23,24","NEW extension,Extension SoftBank 601HW BLACK"
1665,10428,748,2149,Yes,308-[extension]309Days (Value Rental Pack: 6Months Pack + 5Months Pack),2,カート用延長フラグ,Extension SoftBank 601HW [20GB],1,,,,,,,,*,sk/img001-ex.jpg,*,sk/img001-ex.jpg,,,,,,,,,,,,,,,,,,,,,,,0,1,en_sk_ex_331_bt,,1,,43600,47800,,5,,,,,,,,,,,,,,,,,"23,24","NEW extension,Extension SoftBank 601HW BLACK"
1665,10429,747,2149,No,308-[extension]309Days (Value Rental Pack: 6Months Pack + 5Months Pack),2,カート用延長フラグ,Extension SoftBank 601HW [20GB],1,,,,,,,,*,sk/img001-ex.jpg,*,sk/img001-ex.jpg,,,,,,,,,,,,,,,,,,,,,,,0,1,en_sk_ex_331,,1,,43600,43600,,5,,,,,,,,,,,,,,,,,"23,24","NEW extension,Extension SoftBank 601HW BLACK"
1665,10430,748,2150,Yes,309-[extension]310Days (Value Rental Pack: 6Months Pack + 5Months Pack),2,カート用延長フラグ,Extension SoftBank 601HW [20GB],1,,,,,,,,*,sk/img001-ex.jpg,*,sk/img001-ex.jpg,,,,,,,,,,,,,,,,,,,,,,,0,1,en_sk_ex_331_bt,,1,,43600,47800,,5,,,,,,,,,,,,,,,,,"23,24","NEW extension,Extension SoftBank 601HW BLACK"
1665,10431,747,2150,No,309-[extension]310Days (Value Rental Pack: 6Months Pack + 5Months Pack),2,カート用延長フラグ,Extension SoftBank 601HW [20GB],1,,,,,,,,*,sk/img001-ex.jpg,*,sk/img001-ex.jpg,,,,,,,,,,,,,,,,,,,,,,,0,1,en_sk_ex_331,,1,,43600,43600,,5,,,,,,,,,,,,,,,,,"23,24","NEW extension,Extension SoftBank 601HW BLACK"
1665,10432,748,2151,Yes,310-[extension]311Days (Value Rental Pack: 6Months Pack + 5Months Pack),2,カート用延長フラグ,Extension SoftBank 601HW [20GB],1,,,,,,,,*,sk/img001-ex.jpg,*,sk/img001-ex.jpg,,,,,,,,,,,,,,,,,,,,,,,0,1,en_sk_ex_331_bt,,1,,43600,47800,,5,,,,,,,,,,,,,,,,,"23,24","NEW extension,Extension SoftBank 601HW BLACK"
1665,10433,747,2151,No,310-[extension]311Days (Value Rental Pack: 6Months Pack + 5Months Pack),2,カート用延長フラグ,Extension SoftBank 601HW [20GB],1,,,,,,,,*,sk/img001-ex.jpg,*,sk/img001-ex.jpg,,,,,,,,,,,,,,,,,,,,,,,0,1,en_sk_ex_331,,1,,43600,43600,,5,,,,,,,,,,,,,,,,,"23,24","NEW extension,Extension SoftBank 601HW BLACK"
1665,10434,748,2152,Yes,311-[extension]312Days (Value Rental Pack: 6Months Pack + 5Months Pack),2,カート用延長フラグ,Extension SoftBank 601HW [20GB],1,,,,,,,,*,sk/img001-ex.jpg,*,sk/img001-ex.jpg,,,,,,,,,,,,,,,,,,,,,,,0,1,en_sk_ex_331_bt,,1,,43600,47800,,5,,,,,,,,,,,,,,,,,"23,24","NEW extension,Extension SoftBank 601HW BLACK"
1665,10435,747,2152,No,311-[extension]312Days (Value Rental Pack: 6Months Pack + 5Months Pack),2,カート用延長フラグ,Extension SoftBank 601HW [20GB],1,,,,,,,,*,sk/img001-ex.jpg,*,sk/img001-ex.jpg,,,,,,,,,,,,,,,,,,,,,,,0,1,en_sk_ex_331,,1,,43600,43600,,5,,,,,,,,,,,,,,,,,"23,24","NEW extension,Extension SoftBank 601HW BLACK"
1665,10436,748,2153,Yes,312-[extension]313Days (Value Rental Pack: 6Months Pack + 5Months Pack),2,カート用延長フラグ,Extension SoftBank 601HW [20GB],1,,,,,,,,*,sk/img001-ex.jpg,*,sk/img001-ex.jpg,,,,,,,,,,,,,,,,,,,,,,,0,1,en_sk_ex_331_bt,,1,,43600,47800,,5,,,,,,,,,,,,,,,,,"23,24","NEW extension,Extension SoftBank 601HW BLACK"
1665,10437,747,2153,No,312-[extension]313Days (Value Rental Pack: 6Months Pack + 5Months Pack),2,カート用延長フラグ,Extension SoftBank 601HW [20GB],1,,,,,,,,*,sk/img001-ex.jpg,*,sk/img001-ex.jpg,,,,,,,,,,,,,,,,,,,,,,,0,1,en_sk_ex_331,,1,,43600,43600,,5,,,,,,,,,,,,,,,,,"23,24","NEW extension,Extension SoftBank 601HW BLACK"
1665,10438,748,2154,Yes,313-[extension]314Days (Value Rental Pack: 6Months Pack + 5Months Pack),2,カート用延長フラグ,Extension SoftBank 601HW [20GB],1,,,,,,,,*,sk/img001-ex.jpg,*,sk/img001-ex.jpg,,,,,,,,,,,,,,,,,,,,,,,0,1,en_sk_ex_331_bt,,1,,43600,47800,,5,,,,,,,,,,,,,,,,,"23,24","NEW extension,Extension SoftBank 601HW BLACK"
1665,10439,747,2154,No,313-[extension]314Days (Value Rental Pack: 6Months Pack + 5Months Pack),2,カート用延長フラグ,Extension SoftBank 601HW [20GB],1,,,,,,,,*,sk/img001-ex.jpg,*,sk/img001-ex.jpg,,,,,,,,,,,,,,,,,,,,,,,0,1,en_sk_ex_331,,1,,43600,43600,,5,,,,,,,,,,,,,,,,,"23,24","NEW extension,Extension SoftBank 601HW BLACK"
1665,10440,748,2155,Yes,314-[extension]315Days (Value Rental Pack: 6Months Pack + 5Months Pack),2,カート用延長フラグ,Extension SoftBank 601HW [20GB],1,,,,,,,,*,sk/img001-ex.jpg,*,sk/img001-ex.jpg,,,,,,,,,,,,,,,,,,,,,,,0,1,en_sk_ex_331_bt,,1,,43600,47800,,5,,,,,,,,,,,,,,,,,"23,24","NEW extension,Extension SoftBank 601HW BLACK"
1665,10441,747,2155,No,314-[extension]315Days (Value Rental Pack: 6Months Pack + 5Months Pack),2,カート用延長フラグ,Extension SoftBank 601HW [20GB],1,,,,,,,,*,sk/img001-ex.jpg,*,sk/img001-ex.jpg,,,,,,,,,,,,,,,,,,,,,,,0,1,en_sk_ex_331,,1,,43600,43600,,5,,,,,,,,,,,,,,,,,"23,24","NEW extension,Extension SoftBank 601HW BLACK"
1665,10442,748,2156,Yes,315-[extension]316Days (Value Rental Pack: 6Months Pack + 5Months Pack),2,カート用延長フラグ,Extension SoftBank 601HW [20GB],1,,,,,,,,*,sk/img001-ex.jpg,*,sk/img001-ex.jpg,,,,,,,,,,,,,,,,,,,,,,,0,1,en_sk_ex_331_bt,,1,,43600,47800,,5,,,,,,,,,,,,,,,,,"23,24","NEW extension,Extension SoftBank 601HW BLACK"
1665,10443,747,2156,No,315-[extension]316Days (Value Rental Pack: 6Months Pack + 5Months Pack),2,カート用延長フラグ,Extension SoftBank 601HW [20GB],1,,,,,,,,*,sk/img001-ex.jpg,*,sk/img001-ex.jpg,,,,,,,,,,,,,,,,,,,,,,,0,1,en_sk_ex_331,,1,,43600,43600,,5,,,,,,,,,,,,,,,,,"23,24","NEW extension,Extension SoftBank 601HW BLACK"
1665,10444,748,2157,Yes,316-[extension]317Days (Value Rental Pack: 6Months Pack + 5Months Pack),2,カート用延長フラグ,Extension SoftBank 601HW [20GB],1,,,,,,,,*,sk/img001-ex.jpg,*,sk/img001-ex.jpg,,,,,,,,,,,,,,,,,,,,,,,0,1,en_sk_ex_331_bt,,1,,43600,47800,,5,,,,,,,,,,,,,,,,,"23,24","NEW extension,Extension SoftBank 601HW BLACK"
1665,10445,747,2157,No,316-[extension]317Days (Value Rental Pack: 6Months Pack + 5Months Pack),2,カート用延長フラグ,Extension SoftBank 601HW [20GB],1,,,,,,,,*,sk/img001-ex.jpg,*,sk/img001-ex.jpg,,,,,,,,,,,,,,,,,,,,,,,0,1,en_sk_ex_331,,1,,43600,43600,,5,,,,,,,,,,,,,,,,,"23,24","NEW extension,Extension SoftBank 601HW BLACK"
1665,10446,748,2158,Yes,317-[extension]318Days (Value Rental Pack: 6Months Pack + 5Months Pack),2,カート用延長フラグ,Extension SoftBank 601HW [20GB],1,,,,,,,,*,sk/img001-ex.jpg,*,sk/img001-ex.jpg,,,,,,,,,,,,,,,,,,,,,,,0,1,en_sk_ex_331_bt,,1,,43600,47800,,5,,,,,,,,,,,,,,,,,"23,24","NEW extension,Extension SoftBank 601HW BLACK"
1665,10447,747,2158,No,317-[extension]318Days (Value Rental Pack: 6Months Pack + 5Months Pack),2,カート用延長フラグ,Extension SoftBank 601HW [20GB],1,,,,,,,,*,sk/img001-ex.jpg,*,sk/img001-ex.jpg,,,,,,,,,,,,,,,,,,,,,,,0,1,en_sk_ex_331,,1,,43600,43600,,5,,,,,,,,,,,,,,,,,"23,24","NEW extension,Extension SoftBank 601HW BLACK"
1665,10448,748,2159,Yes,318-[extension]319Days (Value Rental Pack: 6Months Pack + 5Months Pack),2,カート用延長フラグ,Extension SoftBank 601HW [20GB],1,,,,,,,,*,sk/img001-ex.jpg,*,sk/img001-ex.jpg,,,,,,,,,,,,,,,,,,,,,,,0,1,en_sk_ex_331_bt,,1,,43600,47800,,5,,,,,,,,,,,,,,,,,"23,24","NEW extension,Extension SoftBank 601HW BLACK"
1665,10449,747,2159,No,318-[extension]319Days (Value Rental Pack: 6Months Pack + 5Months Pack),2,カート用延長フラグ,Extension SoftBank 601HW [20GB],1,,,,,,,,*,sk/img001-ex.jpg,*,sk/img001-ex.jpg,,,,,,,,,,,,,,,,,,,,,,,0,1,en_sk_ex_331,,1,,43600,43600,,5,,,,,,,,,,,,,,,,,"23,24","NEW extension,Extension SoftBank 601HW BLACK"
1665,10450,748,2160,Yes,319-[extension]320Days (Value Rental Pack: 6Months Pack + 5Months Pack),2,カート用延長フラグ,Extension SoftBank 601HW [20GB],1,,,,,,,,*,sk/img001-ex.jpg,*,sk/img001-ex.jpg,,,,,,,,,,,,,,,,,,,,,,,0,1,en_sk_ex_331_bt,,1,,43600,47800,,5,,,,,,,,,,,,,,,,,"23,24","NEW extension,Extension SoftBank 601HW BLACK"
1665,10451,747,2160,No,319-[extension]320Days (Value Rental Pack: 6Months Pack + 5Months Pack),2,カート用延長フラグ,Extension SoftBank 601HW [20GB],1,,,,,,,,*,sk/img001-ex.jpg,*,sk/img001-ex.jpg,,,,,,,,,,,,,,,,,,,,,,,0,1,en_sk_ex_331,,1,,43600,43600,,5,,,,,,,,,,,,,,,,,"23,24","NEW extension,Extension SoftBank 601HW BLACK"
1665,10452,748,2161,Yes,320-[extension]321Days (Value Rental Pack: 6Months Pack + 5Months Pack),2,カート用延長フラグ,Extension SoftBank 601HW [20GB],1,,,,,,,,*,sk/img001-ex.jpg,*,sk/img001-ex.jpg,,,,,,,,,,,,,,,,,,,,,,,0,1,en_sk_ex_331_bt,,1,,43600,47800,,5,,,,,,,,,,,,,,,,,"23,24","NEW extension,Extension SoftBank 601HW BLACK"
1665,10453,747,2161,No,320-[extension]321Days (Value Rental Pack: 6Months Pack + 5Months Pack),2,カート用延長フラグ,Extension SoftBank 601HW [20GB],1,,,,,,,,*,sk/img001-ex.jpg,*,sk/img001-ex.jpg,,,,,,,,,,,,,,,,,,,,,,,0,1,en_sk_ex_331,,1,,43600,43600,,5,,,,,,,,,,,,,,,,,"23,24","NEW extension,Extension SoftBank 601HW BLACK"
1665,10454,748,2162,Yes,321-[extension]322Days (Value Rental Pack: 6Months Pack + 5Months Pack),2,カート用延長フラグ,Extension SoftBank 601HW [20GB],1,,,,,,,,*,sk/img001-ex.jpg,*,sk/img001-ex.jpg,,,,,,,,,,,,,,,,,,,,,,,0,1,en_sk_ex_331_bt,,1,,43600,47800,,5,,,,,,,,,,,,,,,,,"23,24","NEW extension,Extension SoftBank 601HW BLACK"
1665,10455,747,2162,No,321-[extension]322Days (Value Rental Pack: 6Months Pack + 5Months Pack),2,カート用延長フラグ,Extension SoftBank 601HW [20GB],1,,,,,,,,*,sk/img001-ex.jpg,*,sk/img001-ex.jpg,,,,,,,,,,,,,,,,,,,,,,,0,1,en_sk_ex_331,,1,,43600,43600,,5,,,,,,,,,,,,,,,,,"23,24","NEW extension,Extension SoftBank 601HW BLACK"
1665,10456,748,2163,Yes,322-[extension]323Days (Value Rental Pack: 6Months Pack + 5Months Pack),2,カート用延長フラグ,Extension SoftBank 601HW [20GB],1,,,,,,,,*,sk/img001-ex.jpg,*,sk/img001-ex.jpg,,,,,,,,,,,,,,,,,,,,,,,0,1,en_sk_ex_331_bt,,1,,43600,47800,,5,,,,,,,,,,,,,,,,,"23,24","NEW extension,Extension SoftBank 601HW BLACK"
1665,10457,747,2163,No,322-[extension]323Days (Value Rental Pack: 6Months Pack + 5Months Pack),2,カート用延長フラグ,Extension SoftBank 601HW [20GB],1,,,,,,,,*,sk/img001-ex.jpg,*,sk/img001-ex.jpg,,,,,,,,,,,,,,,,,,,,,,,0,1,en_sk_ex_331,,1,,43600,43600,,5,,,,,,,,,,,,,,,,,"23,24","NEW extension,Extension SoftBank 601HW BLACK"
1665,10458,748,2164,Yes,323-[extension]324Days (Value Rental Pack: 6Months Pack + 5Months Pack),2,カート用延長フラグ,Extension SoftBank 601HW [20GB],1,,,,,,,,*,sk/img001-ex.jpg,*,sk/img001-ex.jpg,,,,,,,,,,,,,,,,,,,,,,,0,1,en_sk_ex_331_bt,,1,,43600,47800,,5,,,,,,,,,,,,,,,,,"23,24","NEW extension,Extension SoftBank 601HW BLACK"
1665,10459,747,2164,No,323-[extension]324Days (Value Rental Pack: 6Months Pack + 5Months Pack),2,カート用延長フラグ,Extension SoftBank 601HW [20GB],1,,,,,,,,*,sk/img001-ex.jpg,*,sk/img001-ex.jpg,,,,,,,,,,,,,,,,,,,,,,,0,1,en_sk_ex_331,,1,,43600,43600,,5,,,,,,,,,,,,,,,,,"23,24","NEW extension,Extension SoftBank 601HW BLACK"
1665,10460,748,2165,Yes,324-[extension]325Days (Value Rental Pack: 6Months Pack + 5Months Pack),2,カート用延長フラグ,Extension SoftBank 601HW [20GB],1,,,,,,,,*,sk/img001-ex.jpg,*,sk/img001-ex.jpg,,,,,,,,,,,,,,,,,,,,,,,0,1,en_sk_ex_331_bt,,1,,43600,47800,,5,,,,,,,,,,,,,,,,,"23,24","NEW extension,Extension SoftBank 601HW BLACK"
1665,10461,747,2165,No,324-[extension]325Days (Value Rental Pack: 6Months Pack + 5Months Pack),2,カート用延長フラグ,Extension SoftBank 601HW [20GB],1,,,,,,,,*,sk/img001-ex.jpg,*,sk/img001-ex.jpg,,,,,,,,,,,,,,,,,,,,,,,0,1,en_sk_ex_331,,1,,43600,43600,,5,,,,,,,,,,,,,,,,,"23,24","NEW extension,Extension SoftBank 601HW BLACK"
1665,10462,748,2166,Yes,325-[extension]326Days (Value Rental Pack: 6Months Pack + 5Months Pack),2,カート用延長フラグ,Extension SoftBank 601HW [20GB],1,,,,,,,,*,sk/img001-ex.jpg,*,sk/img001-ex.jpg,,,,,,,,,,,,,,,,,,,,,,,0,1,en_sk_ex_331_bt,,1,,43600,47800,,5,,,,,,,,,,,,,,,,,"23,24","NEW extension,Extension SoftBank 601HW BLACK"
1665,10463,747,2166,No,325-[extension]326Days (Value Rental Pack: 6Months Pack + 5Months Pack),2,カート用延長フラグ,Extension SoftBank 601HW [20GB],1,,,,,,,,*,sk/img001-ex.jpg,*,sk/img001-ex.jpg,,,,,,,,,,,,,,,,,,,,,,,0,1,en_sk_ex_331,,1,,43600,43600,,5,,,,,,,,,,,,,,,,,"23,24","NEW extension,Extension SoftBank 601HW BLACK"
1665,10464,748,2167,Yes,326-[extension]327Days (Value Rental Pack: 6Months Pack + 5Months Pack),2,カート用延長フラグ,Extension SoftBank 601HW [20GB],1,,,,,,,,*,sk/img001-ex.jpg,*,sk/img001-ex.jpg,,,,,,,,,,,,,,,,,,,,,,,0,1,en_sk_ex_331_bt,,1,,43600,47800,,5,,,,,,,,,,,,,,,,,"23,24","NEW extension,Extension SoftBank 601HW BLACK"
1665,10465,747,2167,No,326-[extension]327Days (Value Rental Pack: 6Months Pack + 5Months Pack),2,カート用延長フラグ,Extension SoftBank 601HW [20GB],1,,,,,,,,*,sk/img001-ex.jpg,*,sk/img001-ex.jpg,,,,,,,,,,,,,,,,,,,,,,,0,1,en_sk_ex_331,,1,,43600,43600,,5,,,,,,,,,,,,,,,,,"23,24","NEW extension,Extension SoftBank 601HW BLACK"
1665,10466,748,2168,Yes,327-[extension]328Days (Value Rental Pack: 6Months Pack + 5Months Pack),2,カート用延長フラグ,Extension SoftBank 601HW [20GB],1,,,,,,,,*,sk/img001-ex.jpg,*,sk/img001-ex.jpg,,,,,,,,,,,,,,,,,,,,,,,0,1,en_sk_ex_331_bt,,1,,43600,47800,,5,,,,,,,,,,,,,,,,,"23,24","NEW extension,Extension SoftBank 601HW BLACK"
1665,10467,747,2168,No,327-[extension]328Days (Value Rental Pack: 6Months Pack + 5Months Pack),2,カート用延長フラグ,Extension SoftBank 601HW [20GB],1,,,,,,,,*,sk/img001-ex.jpg,*,sk/img001-ex.jpg,,,,,,,,,,,,,,,,,,,,,,,0,1,en_sk_ex_331,,1,,43600,43600,,5,,,,,,,,,,,,,,,,,"23,24","NEW extension,Extension SoftBank 601HW BLACK"
1665,10468,748,2169,Yes,328-[extension]329Days (Value Rental Pack: 6Months Pack + 5Months Pack),2,カート用延長フラグ,Extension SoftBank 601HW [20GB],1,,,,,,,,*,sk/img001-ex.jpg,*,sk/img001-ex.jpg,,,,,,,,,,,,,,,,,,,,,,,0,1,en_sk_ex_331_bt,,1,,43600,47800,,5,,,,,,,,,,,,,,,,,"23,24","NEW extension,Extension SoftBank 601HW BLACK"
1665,10469,747,2169,No,328-[extension]329Days (Value Rental Pack: 6Months Pack + 5Months Pack),2,カート用延長フラグ,Extension SoftBank 601HW [20GB],1,,,,,,,,*,sk/img001-ex.jpg,*,sk/img001-ex.jpg,,,,,,,,,,,,,,,,,,,,,,,0,1,en_sk_ex_331,,1,,43600,43600,,5,,,,,,,,,,,,,,,,,"23,24","NEW extension,Extension SoftBank 601HW BLACK"
1665,10470,748,2170,Yes,329-[extension]330Days (Value Rental Pack: 6Months Pack + 5Months Pack),2,カート用延長フラグ,Extension SoftBank 601HW [20GB],1,,,,,,,,*,sk/img001-ex.jpg,*,sk/img001-ex.jpg,,,,,,,,,,,,,,,,,,,,,,,0,1,en_sk_ex_331_bt,,1,,43600,47800,,5,,,,,,,,,,,,,,,,,"23,24","NEW extension,Extension SoftBank 601HW BLACK"
1665,10471,747,2170,No,329-[extension]330Days (Value Rental Pack: 6Months Pack + 5Months Pack),2,カート用延長フラグ,Extension SoftBank 601HW [20GB],1,,,,,,,,*,sk/img001-ex.jpg,*,sk/img001-ex.jpg,,,,,,,,,,,,,,,,,,,,,,,0,1,en_sk_ex_331,,1,,43600,43600,,5,,,,,,,,,,,,,,,,,"23,24","NEW extension,Extension SoftBank 601HW BLACK"
1665,10472,748,2171,Yes,330-[extension]331Days (Value Rental Pack: 6Months Pack + 5Months Pack),2,カート用延長フラグ,Extension SoftBank 601HW [20GB],1,,,,,,,,*,sk/img001-ex.jpg,*,sk/img001-ex.jpg,,,,,,,,,,,,,,,,,,,,,,,0,1,en_sk_ex_331_bt,,1,,43600,47800,,5,,,,,,,,,,,,,,,,,"23,24","NEW extension,Extension SoftBank 601HW BLACK"
1665,10473,747,2171,No,330-[extension]331Days (Value Rental Pack: 6Months Pack + 5Months Pack),2,カート用延長フラグ,Extension SoftBank 601HW [20GB],1,,,,,,,,*,sk/img001-ex.jpg,*,sk/img001-ex.jpg,,,,,,,,,,,,,,,,,,,,,,,0,1,en_sk_ex_331,,1,,43600,43600,,5,,,,,,,,,,,,,,,,,"23,24","NEW extension,Extension SoftBank 601HW BLACK"
1665,10474,748,2172,Yes,331-[extension]332Days (Value Rental Pack: 6Months Pack + 5Months Pack),2,カート用延長フラグ,Extension SoftBank 601HW [20GB],1,,,,,,,,*,sk/img001-ex.jpg,*,sk/img001-ex.jpg,,,,,,,,,,,,,,,,,,,,,,,0,1,en_sk_ex_331_bt,,1,,43600,47800,,5,,,,,,,,,,,,,,,,,"23,24","NEW extension,Extension SoftBank 601HW BLACK"
1665,10475,747,2172,No,331-[extension]332Days (Value Rental Pack: 6Months Pack + 5Months Pack),2,カート用延長フラグ,Extension SoftBank 601HW [20GB],1,,,,,,,,*,sk/img001-ex.jpg,*,sk/img001-ex.jpg,,,,,,,,,,,,,,,,,,,,,,,0,1,en_sk_ex_331,,1,,43600,43600,,5,,,,,,,,,,,,,,,,,"23,24","NEW extension,Extension SoftBank 601HW BLACK"
1665,10476,748,2173,Yes,332-[extension]333Days (Value Rental Pack: 6Months Pack + 5Months Pack + 1Day),2,カート用延長フラグ,Extension SoftBank 601HW [20GB],1,,,,,,,,*,sk/img001-ex.jpg,*,sk/img001-ex.jpg,,,,,,,,,,,,,,,,,,,,,,,0,1,en_sk_ex_332_bt,,1,,43990,48240,,5,,,,,,,,,,,,,,,,,"23,24","NEW extension,Extension SoftBank 601HW BLACK"
1665,10477,747,2173,No,332-[extension]333Days (Value Rental Pack: 6Months Pack + 5Months Pack + 1Day),2,カート用延長フラグ,Extension SoftBank 601HW [20GB],1,,,,,,,,*,sk/img001-ex.jpg,*,sk/img001-ex.jpg,,,,,,,,,,,,,,,,,,,,,,,0,1,en_sk_ex_332,,1,,43990,43990,,5,,,,,,,,,,,,,,,,,"23,24","NEW extension,Extension SoftBank 601HW BLACK"
1665,10478,748,2174,Yes,333-[extension]334Days (Value Rental Pack: 6Months Pack + 5Months Pack + 2Days),2,カート用延長フラグ,Extension SoftBank 601HW [20GB],1,,,,,,,,*,sk/img001-ex.jpg,*,sk/img001-ex.jpg,,,,,,,,,,,,,,,,,,,,,,,0,1,en_sk_ex_333_bt,,1,,44380,48680,,5,,,,,,,,,,,,,,,,,"23,24","NEW extension,Extension SoftBank 601HW BLACK"
1665,10479,747,2174,No,333-[extension]334Days (Value Rental Pack: 6Months Pack + 5Months Pack + 2Days),2,カート用延長フラグ,Extension SoftBank 601HW [20GB],1,,,,,,,,*,sk/img001-ex.jpg,*,sk/img001-ex.jpg,,,,,,,,,,,,,,,,,,,,,,,0,1,en_sk_ex_333,,1,,44380,44380,,5,,,,,,,,,,,,,,,,,"23,24","NEW extension,Extension SoftBank 601HW BLACK"
1665,10480,748,2175,Yes,334-[extension]335Days (Value Rental Pack: 6Months Pack + 5Months Pack + 3Days),2,カート用延長フラグ,Extension SoftBank 601HW [20GB],1,,,,,,,,*,sk/img001-ex.jpg,*,sk/img001-ex.jpg,,,,,,,,,,,,,,,,,,,,,,,0,1,en_sk_ex_334_bt,,1,,44770,49120,,5,,,,,,,,,,,,,,,,,"23,24","NEW extension,Extension SoftBank 601HW BLACK"
1665,10481,747,2175,No,334-[extension]335Days (Value Rental Pack: 6Months Pack + 5Months Pack + 3Days),2,カート用延長フラグ,Extension SoftBank 601HW [20GB],1,,,,,,,,*,sk/img001-ex.jpg,*,sk/img001-ex.jpg,,,,,,,,,,,,,,,,,,,,,,,0,1,en_sk_ex_334,,1,,44770,44770,,5,,,,,,,,,,,,,,,,,"23,24","NEW extension,Extension SoftBank 601HW BLACK"
1665,10482,748,2176,Yes,335-[extension]336Days (Value Rental Pack: 6Months Pack + 5Months Pack + 4Days),2,カート用延長フラグ,Extension SoftBank 601HW [20GB],1,,,,,,,,*,sk/img001-ex.jpg,*,sk/img001-ex.jpg,,,,,,,,,,,,,,,,,,,,,,,0,1,en_sk_ex_335_bt,,1,,45160,49560,,5,,,,,,,,,,,,,,,,,"23,24","NEW extension,Extension SoftBank 601HW BLACK"
1665,10483,747,2176,No,335-[extension]336Days (Value Rental Pack: 6Months Pack + 5Months Pack + 4Days),2,カート用延長フラグ,Extension SoftBank 601HW [20GB],1,,,,,,,,*,sk/img001-ex.jpg,*,sk/img001-ex.jpg,,,,,,,,,,,,,,,,,,,,,,,0,1,en_sk_ex_335,,1,,45160,45160,,5,,,,,,,,,,,,,,,,,"23,24","NEW extension,Extension SoftBank 601HW BLACK"
1665,10484,748,2177,Yes,336-[extension]337Days (Value Rental Pack: 6Months Pack + 5Months Pack + 5Days),2,カート用延長フラグ,Extension SoftBank 601HW [20GB],1,,,,,,,,*,sk/img001-ex.jpg,*,sk/img001-ex.jpg,,,,,,,,,,,,,,,,,,,,,,,0,1,en_sk_ex_336_bt,,1,,45550,50000,,5,,,,,,,,,,,,,,,,,"23,24","NEW extension,Extension SoftBank 601HW BLACK"
1665,10485,747,2177,No,336-[extension]337Days (Value Rental Pack: 6Months Pack + 5Months Pack + 5Days),2,カート用延長フラグ,Extension SoftBank 601HW [20GB],1,,,,,,,,*,sk/img001-ex.jpg,*,sk/img001-ex.jpg,,,,,,,,,,,,,,,,,,,,,,,0,1,en_sk_ex_336,,1,,45550,45550,,5,,,,,,,,,,,,,,,,,"23,24","NEW extension,Extension SoftBank 601HW BLACK"
1665,10486,748,2178,Yes,337-[extension]338Days (Value Rental Pack: 6Months Pack + 6Months Pack),2,カート用延長フラグ,Extension SoftBank 601HW [20GB],1,,,,,,,,*,sk/img001-ex.jpg,*,sk/img001-ex.jpg,,,,,,,,,,,,,,,,,,,,,,,0,1,en_sk_ex_361_bt,,1,,45600,50100,,5,,,,,,,,,,,,,,,,,"23,24","NEW extension,Extension SoftBank 601HW BLACK"
1665,10487,747,2178,No,337-[extension]338Days (Value Rental Pack: 6Months Pack + 6Months Pack),2,カート用延長フラグ,Extension SoftBank 601HW [20GB],1,,,,,,,,*,sk/img001-ex.jpg,*,sk/img001-ex.jpg,,,,,,,,,,,,,,,,,,,,,,,0,1,en_sk_ex_361,,1,,45600,45600,,5,,,,,,,,,,,,,,,,,"23,24","NEW extension,Extension SoftBank 601HW BLACK"
1665,10488,748,2179,Yes,338-[extension]339Days (Value Rental Pack: 6Months Pack + 6Months Pack),2,カート用延長フラグ,Extension SoftBank 601HW [20GB],1,,,,,,,,*,sk/img001-ex.jpg,*,sk/img001-ex.jpg,,,,,,,,,,,,,,,,,,,,,,,0,1,en_sk_ex_361_bt,,1,,45600,50100,,5,,,,,,,,,,,,,,,,,"23,24","NEW extension,Extension SoftBank 601HW BLACK"
1665,10489,747,2179,No,338-[extension]339Days (Value Rental Pack: 6Months Pack + 6Months Pack),2,カート用延長フラグ,Extension SoftBank 601HW [20GB],1,,,,,,,,*,sk/img001-ex.jpg,*,sk/img001-ex.jpg,,,,,,,,,,,,,,,,,,,,,,,0,1,en_sk_ex_361,,1,,45600,45600,,5,,,,,,,,,,,,,,,,,"23,24","NEW extension,Extension SoftBank 601HW BLACK"
1665,10490,748,2180,Yes,339-[extension]340Days (Value Rental Pack: 6Months Pack + 6Months Pack),2,カート用延長フラグ,Extension SoftBank 601HW [20GB],1,,,,,,,,*,sk/img001-ex.jpg,*,sk/img001-ex.jpg,,,,,,,,,,,,,,,,,,,,,,,0,1,en_sk_ex_361_bt,,1,,45600,50100,,5,,,,,,,,,,,,,,,,,"23,24","NEW extension,Extension SoftBank 601HW BLACK"
1665,10491,747,2180,No,339-[extension]340Days (Value Rental Pack: 6Months Pack + 6Months Pack),2,カート用延長フラグ,Extension SoftBank 601HW [20GB],1,,,,,,,,*,sk/img001-ex.jpg,*,sk/img001-ex.jpg,,,,,,,,,,,,,,,,,,,,,,,0,1,en_sk_ex_361,,1,,45600,45600,,5,,,,,,,,,,,,,,,,,"23,24","NEW extension,Extension SoftBank 601HW BLACK"
1665,10492,748,2181,Yes,340-[extension]341Days (Value Rental Pack: 6Months Pack + 6Months Pack),2,カート用延長フラグ,Extension SoftBank 601HW [20GB],1,,,,,,,,*,sk/img001-ex.jpg,*,sk/img001-ex.jpg,,,,,,,,,,,,,,,,,,,,,,,0,1,en_sk_ex_361_bt,,1,,45600,50100,,5,,,,,,,,,,,,,,,,,"23,24","NEW extension,Extension SoftBank 601HW BLACK"
1665,10493,747,2181,No,340-[extension]341Days (Value Rental Pack: 6Months Pack + 6Months Pack),2,カート用延長フラグ,Extension SoftBank 601HW [20GB],1,,,,,,,,*,sk/img001-ex.jpg,*,sk/img001-ex.jpg,,,,,,,,,,,,,,,,,,,,,,,0,1,en_sk_ex_361,,1,,45600,45600,,5,,,,,,,,,,,,,,,,,"23,24","NEW extension,Extension SoftBank 601HW BLACK"
1665,10494,748,2182,Yes,341-[extension]342Days (Value Rental Pack: 6Months Pack + 6Months Pack),2,カート用延長フラグ,Extension SoftBank 601HW [20GB],1,,,,,,,,*,sk/img001-ex.jpg,*,sk/img001-ex.jpg,,,,,,,,,,,,,,,,,,,,,,,0,1,en_sk_ex_361_bt,,1,,45600,50100,,5,,,,,,,,,,,,,,,,,"23,24","NEW extension,Extension SoftBank 601HW BLACK"
1665,10495,747,2182,No,341-[extension]342Days (Value Rental Pack: 6Months Pack + 6Months Pack),2,カート用延長フラグ,Extension SoftBank 601HW [20GB],1,,,,,,,,*,sk/img001-ex.jpg,*,sk/img001-ex.jpg,,,,,,,,,,,,,,,,,,,,,,,0,1,en_sk_ex_361,,1,,45600,45600,,5,,,,,,,,,,,,,,,,,"23,24","NEW extension,Extension SoftBank 601HW BLACK"
1665,10496,748,2183,Yes,342-[extension]343Days (Value Rental Pack: 6Months Pack + 6Months Pack),2,カート用延長フラグ,Extension SoftBank 601HW [20GB],1,,,,,,,,*,sk/img001-ex.jpg,*,sk/img001-ex.jpg,,,,,,,,,,,,,,,,,,,,,,,0,1,en_sk_ex_361_bt,,1,,45600,50100,,5,,,,,,,,,,,,,,,,,"23,24","NEW extension,Extension SoftBank 601HW BLACK"
1665,10497,747,2183,No,342-[extension]343Days (Value Rental Pack: 6Months Pack + 6Months Pack),2,カート用延長フラグ,Extension SoftBank 601HW [20GB],1,,,,,,,,*,sk/img001-ex.jpg,*,sk/img001-ex.jpg,,,,,,,,,,,,,,,,,,,,,,,0,1,en_sk_ex_361,,1,,45600,45600,,5,,,,,,,,,,,,,,,,,"23,24","NEW extension,Extension SoftBank 601HW BLACK"
1665,10498,748,2184,Yes,343-[extension]344Days (Value Rental Pack: 6Months Pack + 6Months Pack),2,カート用延長フラグ,Extension SoftBank 601HW [20GB],1,,,,,,,,*,sk/img001-ex.jpg,*,sk/img001-ex.jpg,,,,,,,,,,,,,,,,,,,,,,,0,1,en_sk_ex_361_bt,,1,,45600,50100,,5,,,,,,,,,,,,,,,,,"23,24","NEW extension,Extension SoftBank 601HW BLACK"
1665,10499,747,2184,No,343-[extension]344Days (Value Rental Pack: 6Months Pack + 6Months Pack),2,カート用延長フラグ,Extension SoftBank 601HW [20GB],1,,,,,,,,*,sk/img001-ex.jpg,*,sk/img001-ex.jpg,,,,,,,,,,,,,,,,,,,,,,,0,1,en_sk_ex_361,,1,,45600,45600,,5,,,,,,,,,,,,,,,,,"23,24","NEW extension,Extension SoftBank 601HW BLACK"
1665,10500,748,2185,Yes,344-[extension]345Days (Value Rental Pack: 6Months Pack + 6Months Pack),2,カート用延長フラグ,Extension SoftBank 601HW [20GB],1,,,,,,,,*,sk/img001-ex.jpg,*,sk/img001-ex.jpg,,,,,,,,,,,,,,,,,,,,,,,0,1,en_sk_ex_361_bt,,1,,45600,50100,,5,,,,,,,,,,,,,,,,,"23,24","NEW extension,Extension SoftBank 601HW BLACK"
1665,10501,747,2185,No,344-[extension]345Days (Value Rental Pack: 6Months Pack + 6Months Pack),2,カート用延長フラグ,Extension SoftBank 601HW [20GB],1,,,,,,,,*,sk/img001-ex.jpg,*,sk/img001-ex.jpg,,,,,,,,,,,,,,,,,,,,,,,0,1,en_sk_ex_361,,1,,45600,45600,,5,,,,,,,,,,,,,,,,,"23,24","NEW extension,Extension SoftBank 601HW BLACK"
1665,10502,748,2186,Yes,345-[extension]346Days (Value Rental Pack: 6Months Pack + 6Months Pack),2,カート用延長フラグ,Extension SoftBank 601HW [20GB],1,,,,,,,,*,sk/img001-ex.jpg,*,sk/img001-ex.jpg,,,,,,,,,,,,,,,,,,,,,,,0,1,en_sk_ex_361_bt,,1,,45600,50100,,5,,,,,,,,,,,,,,,,,"23,24","NEW extension,Extension SoftBank 601HW BLACK"
1665,10503,747,2186,No,345-[extension]346Days (Value Rental Pack: 6Months Pack + 6Months Pack),2,カート用延長フラグ,Extension SoftBank 601HW [20GB],1,,,,,,,,*,sk/img001-ex.jpg,*,sk/img001-ex.jpg,,,,,,,,,,,,,,,,,,,,,,,0,1,en_sk_ex_361,,1,,45600,45600,,5,,,,,,,,,,,,,,,,,"23,24","NEW extension,Extension SoftBank 601HW BLACK"
1665,10504,748,2187,Yes,346-[extension]347Days (Value Rental Pack: 6Months Pack + 6Months Pack),2,カート用延長フラグ,Extension SoftBank 601HW [20GB],1,,,,,,,,*,sk/img001-ex.jpg,*,sk/img001-ex.jpg,,,,,,,,,,,,,,,,,,,,,,,0,1,en_sk_ex_361_bt,,1,,45600,50100,,5,,,,,,,,,,,,,,,,,"23,24","NEW extension,Extension SoftBank 601HW BLACK"
1665,10505,747,2187,No,346-[extension]347Days (Value Rental Pack: 6Months Pack + 6Months Pack),2,カート用延長フラグ,Extension SoftBank 601HW [20GB],1,,,,,,,,*,sk/img001-ex.jpg,*,sk/img001-ex.jpg,,,,,,,,,,,,,,,,,,,,,,,0,1,en_sk_ex_361,,1,,45600,45600,,5,,,,,,,,,,,,,,,,,"23,24","NEW extension,Extension SoftBank 601HW BLACK"
1665,10506,748,2188,Yes,347-[extension]348Days (Value Rental Pack: 6Months Pack + 6Months Pack),2,カート用延長フラグ,Extension SoftBank 601HW [20GB],1,,,,,,,,*,sk/img001-ex.jpg,*,sk/img001-ex.jpg,,,,,,,,,,,,,,,,,,,,,,,0,1,en_sk_ex_361_bt,,1,,45600,50100,,5,,,,,,,,,,,,,,,,,"23,24","NEW extension,Extension SoftBank 601HW BLACK"
1665,10507,747,2188,No,347-[extension]348Days (Value Rental Pack: 6Months Pack + 6Months Pack),2,カート用延長フラグ,Extension SoftBank 601HW [20GB],1,,,,,,,,*,sk/img001-ex.jpg,*,sk/img001-ex.jpg,,,,,,,,,,,,,,,,,,,,,,,0,1,en_sk_ex_361,,1,,45600,45600,,5,,,,,,,,,,,,,,,,,"23,24","NEW extension,Extension SoftBank 601HW BLACK"
1665,10508,748,2189,Yes,348-[extension]349Days (Value Rental Pack: 6Months Pack + 6Months Pack),2,カート用延長フラグ,Extension SoftBank 601HW [20GB],1,,,,,,,,*,sk/img001-ex.jpg,*,sk/img001-ex.jpg,,,,,,,,,,,,,,,,,,,,,,,0,1,en_sk_ex_361_bt,,1,,45600,50100,,5,,,,,,,,,,,,,,,,,"23,24","NEW extension,Extension SoftBank 601HW BLACK"
1665,10509,747,2189,No,348-[extension]349Days (Value Rental Pack: 6Months Pack + 6Months Pack),2,カート用延長フラグ,Extension SoftBank 601HW [20GB],1,,,,,,,,*,sk/img001-ex.jpg,*,sk/img001-ex.jpg,,,,,,,,,,,,,,,,,,,,,,,0,1,en_sk_ex_361,,1,,45600,45600,,5,,,,,,,,,,,,,,,,,"23,24","NEW extension,Extension SoftBank 601HW BLACK"
1665,10510,748,2190,Yes,349-[extension]350Days (Value Rental Pack: 6Months Pack + 6Months Pack),2,カート用延長フラグ,Extension SoftBank 601HW [20GB],1,,,,,,,,*,sk/img001-ex.jpg,*,sk/img001-ex.jpg,,,,,,,,,,,,,,,,,,,,,,,0,1,en_sk_ex_361_bt,,1,,45600,50100,,5,,,,,,,,,,,,,,,,,"23,24","NEW extension,Extension SoftBank 601HW BLACK"
1665,10511,747,2190,No,349-[extension]350Days (Value Rental Pack: 6Months Pack + 6Months Pack),2,カート用延長フラグ,Extension SoftBank 601HW [20GB],1,,,,,,,,*,sk/img001-ex.jpg,*,sk/img001-ex.jpg,,,,,,,,,,,,,,,,,,,,,,,0,1,en_sk_ex_361,,1,,45600,45600,,5,,,,,,,,,,,,,,,,,"23,24","NEW extension,Extension SoftBank 601HW BLACK"
1665,10512,748,2191,Yes,350-[extension]351Days (Value Rental Pack: 6Months Pack + 6Months Pack),2,カート用延長フラグ,Extension SoftBank 601HW [20GB],1,,,,,,,,*,sk/img001-ex.jpg,*,sk/img001-ex.jpg,,,,,,,,,,,,,,,,,,,,,,,0,1,en_sk_ex_361_bt,,1,,45600,50100,,5,,,,,,,,,,,,,,,,,"23,24","NEW extension,Extension SoftBank 601HW BLACK"
1665,10513,747,2191,No,350-[extension]351Days (Value Rental Pack: 6Months Pack + 6Months Pack),2,カート用延長フラグ,Extension SoftBank 601HW [20GB],1,,,,,,,,*,sk/img001-ex.jpg,*,sk/img001-ex.jpg,,,,,,,,,,,,,,,,,,,,,,,0,1,en_sk_ex_361,,1,,45600,45600,,5,,,,,,,,,,,,,,,,,"23,24","NEW extension,Extension SoftBank 601HW BLACK"
1665,10514,748,2192,Yes,351-[extension]352Days (Value Rental Pack: 6Months Pack + 6Months Pack),2,カート用延長フラグ,Extension SoftBank 601HW [20GB],1,,,,,,,,*,sk/img001-ex.jpg,*,sk/img001-ex.jpg,,,,,,,,,,,,,,,,,,,,,,,0,1,en_sk_ex_361_bt,,1,,45600,50100,,5,,,,,,,,,,,,,,,,,"23,24","NEW extension,Extension SoftBank 601HW BLACK"
1665,10515,747,2192,No,351-[extension]352Days (Value Rental Pack: 6Months Pack + 6Months Pack),2,カート用延長フラグ,Extension SoftBank 601HW [20GB],1,,,,,,,,*,sk/img001-ex.jpg,*,sk/img001-ex.jpg,,,,,,,,,,,,,,,,,,,,,,,0,1,en_sk_ex_361,,1,,45600,45600,,5,,,,,,,,,,,,,,,,,"23,24","NEW extension,Extension SoftBank 601HW BLACK"
1665,10516,748,2193,Yes,352-[extension]353Days (Value Rental Pack: 6Months Pack + 6Months Pack),2,カート用延長フラグ,Extension SoftBank 601HW [20GB],1,,,,,,,,*,sk/img001-ex.jpg,*,sk/img001-ex.jpg,,,,,,,,,,,,,,,,,,,,,,,0,1,en_sk_ex_361_bt,,1,,45600,50100,,5,,,,,,,,,,,,,,,,,"23,24","NEW extension,Extension SoftBank 601HW BLACK"
1665,10517,747,2193,No,352-[extension]353Days (Value Rental Pack: 6Months Pack + 6Months Pack),2,カート用延長フラグ,Extension SoftBank 601HW [20GB],1,,,,,,,,*,sk/img001-ex.jpg,*,sk/img001-ex.jpg,,,,,,,,,,,,,,,,,,,,,,,0,1,en_sk_ex_361,,1,,45600,45600,,5,,,,,,,,,,,,,,,,,"23,24","NEW extension,Extension SoftBank 601HW BLACK"
1665,10518,748,2194,Yes,353-[extension]354Days (Value Rental Pack: 6Months Pack + 6Months Pack),2,カート用延長フラグ,Extension SoftBank 601HW [20GB],1,,,,,,,,*,sk/img001-ex.jpg,*,sk/img001-ex.jpg,,,,,,,,,,,,,,,,,,,,,,,0,1,en_sk_ex_361_bt,,1,,45600,50100,,5,,,,,,,,,,,,,,,,,"23,24","NEW extension,Extension SoftBank 601HW BLACK"
1665,10519,747,2194,No,353-[extension]354Days (Value Rental Pack: 6Months Pack + 6Months Pack),2,カート用延長フラグ,Extension SoftBank 601HW [20GB],1,,,,,,,,*,sk/img001-ex.jpg,*,sk/img001-ex.jpg,,,,,,,,,,,,,,,,,,,,,,,0,1,en_sk_ex_361,,1,,45600,45600,,5,,,,,,,,,,,,,,,,,"23,24","NEW extension,Extension SoftBank 601HW BLACK"
1665,10520,748,2195,Yes,354-[extension]355Days (Value Rental Pack: 6Months Pack + 6Months Pack),2,カート用延長フラグ,Extension SoftBank 601HW [20GB],1,,,,,,,,*,sk/img001-ex.jpg,*,sk/img001-ex.jpg,,,,,,,,,,,,,,,,,,,,,,,0,1,en_sk_ex_361_bt,,1,,45600,50100,,5,,,,,,,,,,,,,,,,,"23,24","NEW extension,Extension SoftBank 601HW BLACK"
1665,10521,747,2195,No,354-[extension]355Days (Value Rental Pack: 6Months Pack + 6Months Pack),2,カート用延長フラグ,Extension SoftBank 601HW [20GB],1,,,,,,,,*,sk/img001-ex.jpg,*,sk/img001-ex.jpg,,,,,,,,,,,,,,,,,,,,,,,0,1,en_sk_ex_361,,1,,45600,45600,,5,,,,,,,,,,,,,,,,,"23,24","NEW extension,Extension SoftBank 601HW BLACK"
1665,10522,748,2196,Yes,355-[extension]356Days (Value Rental Pack: 6Months Pack + 6Months Pack),2,カート用延長フラグ,Extension SoftBank 601HW [20GB],1,,,,,,,,*,sk/img001-ex.jpg,*,sk/img001-ex.jpg,,,,,,,,,,,,,,,,,,,,,,,0,1,en_sk_ex_361_bt,,1,,45600,50100,,5,,,,,,,,,,,,,,,,,"23,24","NEW extension,Extension SoftBank 601HW BLACK"
1665,10523,747,2196,No,355-[extension]356Days (Value Rental Pack: 6Months Pack + 6Months Pack),2,カート用延長フラグ,Extension SoftBank 601HW [20GB],1,,,,,,,,*,sk/img001-ex.jpg,*,sk/img001-ex.jpg,,,,,,,,,,,,,,,,,,,,,,,0,1,en_sk_ex_361,,1,,45600,45600,,5,,,,,,,,,,,,,,,,,"23,24","NEW extension,Extension SoftBank 601HW BLACK"
1665,10524,748,2197,Yes,356-[extension]357Days (Value Rental Pack: 6Months Pack + 6Months Pack),2,カート用延長フラグ,Extension SoftBank 601HW [20GB],1,,,,,,,,*,sk/img001-ex.jpg,*,sk/img001-ex.jpg,,,,,,,,,,,,,,,,,,,,,,,0,1,en_sk_ex_361_bt,,1,,45600,50100,,5,,,,,,,,,,,,,,,,,"23,24","NEW extension,Extension SoftBank 601HW BLACK"
1665,10525,747,2197,No,356-[extension]357Days (Value Rental Pack: 6Months Pack + 6Months Pack),2,カート用延長フラグ,Extension SoftBank 601HW [20GB],1,,,,,,,,*,sk/img001-ex.jpg,*,sk/img001-ex.jpg,,,,,,,,,,,,,,,,,,,,,,,0,1,en_sk_ex_361,,1,,45600,45600,,5,,,,,,,,,,,,,,,,,"23,24","NEW extension,Extension SoftBank 601HW BLACK"
1665,10526,748,2198,Yes,357-[extension]358Days (Value Rental Pack: 6Months Pack + 6Months Pack),2,カート用延長フラグ,Extension SoftBank 601HW [20GB],1,,,,,,,,*,sk/img001-ex.jpg,*,sk/img001-ex.jpg,,,,,,,,,,,,,,,,,,,,,,,0,1,en_sk_ex_361_bt,,1,,45600,50100,,5,,,,,,,,,,,,,,,,,"23,24","NEW extension,Extension SoftBank 601HW BLACK"
1665,10527,747,2198,No,357-[extension]358Days (Value Rental Pack: 6Months Pack + 6Months Pack),2,カート用延長フラグ,Extension SoftBank 601HW [20GB],1,,,,,,,,*,sk/img001-ex.jpg,*,sk/img001-ex.jpg,,,,,,,,,,,,,,,,,,,,,,,0,1,en_sk_ex_361,,1,,45600,45600,,5,,,,,,,,,,,,,,,,,"23,24","NEW extension,Extension SoftBank 601HW BLACK"
1665,10528,748,2199,Yes,358-[extension]359Days (Value Rental Pack: 6Months Pack + 6Months Pack),2,カート用延長フラグ,Extension SoftBank 601HW [20GB],1,,,,,,,,*,sk/img001-ex.jpg,*,sk/img001-ex.jpg,,,,,,,,,,,,,,,,,,,,,,,0,1,en_sk_ex_361_bt,,1,,45600,50100,,5,,,,,,,,,,,,,,,,,"23,24","NEW extension,Extension SoftBank 601HW BLACK"
1665,10529,747,2199,No,358-[extension]359Days (Value Rental Pack: 6Months Pack + 6Months Pack),2,カート用延長フラグ,Extension SoftBank 601HW [20GB],1,,,,,,,,*,sk/img001-ex.jpg,*,sk/img001-ex.jpg,,,,,,,,,,,,,,,,,,,,,,,0,1,en_sk_ex_361,,1,,45600,45600,,5,,,,,,,,,,,,,,,,,"23,24","NEW extension,Extension SoftBank 601HW BLACK"
1665,10530,748,2200,Yes,359-[extension]360Days (Value Rental Pack: 6Months Pack + 6Months Pack),2,カート用延長フラグ,Extension SoftBank 601HW [20GB],1,,,,,,,,*,sk/img001-ex.jpg,*,sk/img001-ex.jpg,,,,,,,,,,,,,,,,,,,,,,,0,1,en_sk_ex_361_bt,,1,,45600,50100,,5,,,,,,,,,,,,,,,,,"23,24","NEW extension,Extension SoftBank 601HW BLACK"
1665,10531,747,2200,No,359-[extension]360Days (Value Rental Pack: 6Months Pack + 6Months Pack),2,カート用延長フラグ,Extension SoftBank 601HW [20GB],1,,,,,,,,*,sk/img001-ex.jpg,*,sk/img001-ex.jpg,,,,,,,,,,,,,,,,,,,,,,,0,1,en_sk_ex_361,,1,,45600,45600,,5,,,,,,,,,,,,,,,,,"23,24","NEW extension,Extension SoftBank 601HW BLACK"
1665,10532,748,2201,Yes,360-[extension]361Days (Value Rental Pack: 6Months Pack + 6Months Pack),2,カート用延長フラグ,Extension SoftBank 601HW [20GB],1,,,,,,,,*,sk/img001-ex.jpg,*,sk/img001-ex.jpg,,,,,,,,,,,,,,,,,,,,,,,0,1,en_sk_ex_361_bt,,1,,45600,50100,,5,,,,,,,,,,,,,,,,,"23,24","NEW extension,Extension SoftBank 601HW BLACK"
1665,10533,747,2201,No,360-[extension]361Days (Value Rental Pack: 6Months Pack + 6Months Pack),2,カート用延長フラグ,Extension SoftBank 601HW [20GB],1,,,,,,,,*,sk/img001-ex.jpg,*,sk/img001-ex.jpg,,,,,,,,,,,,,,,,,,,,,,,0,1,en_sk_ex_361,,1,,45600,45600,,5,,,,,,,,,,,,,,,,,"23,24","NEW extension,Extension SoftBank 601HW BLACK"
1665,10534,748,2202,Yes,361-[extension]362Days (Value Rental Pack: 6Months Pack + 6Months Pack),2,カート用延長フラグ,Extension SoftBank 601HW [20GB],1,,,,,,,,*,sk/img001-ex.jpg,*,sk/img001-ex.jpg,,,,,,,,,,,,,,,,,,,,,,,0,1,en_sk_ex_361_bt,,1,,45600,50100,,5,,,,,,,,,,,,,,,,,"23,24","NEW extension,Extension SoftBank 601HW BLACK"
1665,10535,747,2202,No,361-[extension]362Days (Value Rental Pack: 6Months Pack + 6Months Pack),2,カート用延長フラグ,Extension SoftBank 601HW [20GB],1,,,,,,,,*,sk/img001-ex.jpg,*,sk/img001-ex.jpg,,,,,,,,,,,,,,,,,,,,,,,0,1,en_sk_ex_361,,1,,45600,45600,,5,,,,,,,,,,,,,,,,,"23,24","NEW extension,Extension SoftBank 601HW BLACK"
1665,10536,748,2203,Yes,362-[extension]363Days (Value Rental Pack: 6Months Pack + 6Months Pack + 1Day),2,カート用延長フラグ,Extension SoftBank 601HW [20GB],1,,,,,,,,*,sk/img001-ex.jpg,*,sk/img001-ex.jpg,,,,,,,,,,,,,,,,,,,,,,,0,1,en_sk_ex_362_bt,,1,,45990,50540,,5,,,,,,,,,,,,,,,,,"23,24","NEW extension,Extension SoftBank 601HW BLACK"
1665,10537,747,2203,No,362-[extension]363Days (Value Rental Pack: 6Months Pack + 6Months Pack + 1Day),2,カート用延長フラグ,Extension SoftBank 601HW [20GB],1,,,,,,,,*,sk/img001-ex.jpg,*,sk/img001-ex.jpg,,,,,,,,,,,,,,,,,,,,,,,0,1,en_sk_ex_362,,1,,45990,45990,,5,,,,,,,,,,,,,,,,,"23,24","NEW extension,Extension SoftBank 601HW BLACK"
1665,10538,748,2204,Yes,363-[extension]364Days (Value Rental Pack: 6Months Pack + 6Months Pack + 2Days),2,カート用延長フラグ,Extension SoftBank 601HW [20GB],1,,,,,,,,*,sk/img001-ex.jpg,*,sk/img001-ex.jpg,,,,,,,,,,,,,,,,,,,,,,,0,1,en_sk_ex_363_bt,,1,,46380,50980,,5,,,,,,,,,,,,,,,,,"23,24","NEW extension,Extension SoftBank 601HW BLACK"
1665,10539,747,2204,No,363-[extension]364Days (Value Rental Pack: 6Months Pack + 6Months Pack + 2Days),2,カート用延長フラグ,Extension SoftBank 601HW [20GB],1,,,,,,,,*,sk/img001-ex.jpg,*,sk/img001-ex.jpg,,,,,,,,,,,,,,,,,,,,,,,0,1,en_sk_ex_363,,1,,46380,46380,,5,,,,,,,,,,,,,,,,,"23,24","NEW extension,Extension SoftBank 601HW BLACK"
1665,10540,748,2205,Yes,364-[extension]365Days (Value Rental Pack: 6Months Pack + 6Months Pack + 3Days),2,カート用延長フラグ,Extension SoftBank 601HW [20GB],1,,,,,,,,*,sk/img001-ex.jpg,*,sk/img001-ex.jpg,,,,,,,,,,,,,,,,,,,,,,,0,1,en_sk_ex_364_bt,,1,,46770,51420,,5,,,,,,,,,,,,,,,,,"23,24","NEW extension,Extension SoftBank 601HW BLACK"
1665,10541,747,2205,No,364-[extension]365Days (Value Rental Pack: 6Months Pack + 6Months Pack + 3Days),2,カート用延長フラグ,Extension SoftBank 601HW [20GB],1,,,,,,,,*,sk/img001-ex.jpg,*,sk/img001-ex.jpg,,,,,,,,,,,,,,,,,,,,,,,0,1,en_sk_ex_364,,1,,46770,46770,,5,,,,,,,,,,,,,,,,,"23,24","NEW extension,Extension SoftBank 601HW BLACK"