商品ID,商品規格ID,親規格分類ID,規格分類ID,親規格分類名,規格分類名,メーカーID,メーカー名,商品名,表示ステータス(公開・非公開),メーカーURL(コメント1),コメント2,検索ワード(コメント3),コメント4,コメント5,コメント6,備考欄(SHOP専用),一覧-メインコメント,一覧-メイン画像,詳細-メインコメント,詳細-メイン画像,詳細-メイン拡大画像,詳細-サブタイトル(1),詳細-サブコメント(1),詳細-サブ画像(1),詳細-サブ拡大画像(1),詳細-サブタイトル(2),詳細-サブコメント(2),詳細-サブ画像(2),詳細-サブ拡大画像(2),詳細-サブタイトル(3),詳細-サブコメント(3),詳細-サブ画像(3),詳細-サブ拡大画像(3),詳細-サブタイトル(4),詳細-サブコメント(4),詳細-サブ画像(4),詳細-サブ拡大画像(4),詳細-サブタイトル(5),詳細-サブコメント(5),詳細-サブ画像(5),詳細-サブ拡大画像(5),発送日目安ID,削除フラグ,商品種別ID,商品コード,在庫数,在庫無制限フラグ,販売制限数,通常価格,販売価格,送料,ポイント付与率,ダウンロードファイル名,ダウンロード実ファイル,関連商品ID(1),関連商品コメント(1),関連商品ID(2),関連商品コメント(2),関連商品ID(3),関連商品コメント(3),関連商品ID(4),関連商品コメント(4),関連商品ID(5),関連商品コメント(5),関連商品ID(6),関連商品コメント(6),商品ステータス,商品ステータス名,カテゴリID,カテゴリ名
1667,11272,748,2571,Yes,0-[extension]1Day,2,カート用延長フラグ,Extension SoftBank 809SH,1,,,,,,,,*,sh/img001-ex.jpg,*,sh/img001-ex.jpg,,,,,,,,,,,,,,,,,,,,,,,0,1,en_sh_ex_000_bt,,1,,590,640,,5,,,,,,,,,,,,,,,,,"23,28","NEW extension,Extension SoftBank 809SH"
1667,11273,747,2571,No,0-[extension]1Day,2,カート用延長フラグ,Extension SoftBank 809SH,1,,,,,,,,*,sh/img001-ex.jpg,*,sh/img001-ex.jpg,,,,,,,,,,,,,,,,,,,,,,,0,1,en_sh_ex_000,,1,,590,590,,5,,,,,,,,,,,,,,,,,"23,28","NEW extension,Extension SoftBank 809SH"
1667,11274,748,2572,Yes,1-[extension]2Days,2,カート用延長フラグ,Extension SoftBank 809SH,1,,,,,,,,*,sh/img001-ex.jpg,*,sh/img001-ex.jpg,,,,,,,,,,,,,,,,,,,,,,,0,1,en_sh_ex_001_bt,,1,,1180,1280,,5,,,,,,,,,,,,,,,,,"23,28","NEW extension,Extension SoftBank 809SH"
1667,11275,747,2572,No,1-[extension]2Days,2,カート用延長フラグ,Extension SoftBank 809SH,1,,,,,,,,*,sh/img001-ex.jpg,*,sh/img001-ex.jpg,,,,,,,,,,,,,,,,,,,,,,,0,1,en_sh_ex_001,,1,,1180,1180,,5,,,,,,,,,,,,,,,,,"23,28","NEW extension,Extension SoftBank 809SH"
1667,11276,748,2573,Yes,2-[extension]3Days,2,カート用延長フラグ,Extension SoftBank 809SH,1,,,,,,,,*,sh/img001-ex.jpg,*,sh/img001-ex.jpg,,,,,,,,,,,,,,,,,,,,,,,0,1,en_sh_ex_002_bt,,1,,1770,1920,,5,,,,,,,,,,,,,,,,,"23,28","NEW extension,Extension SoftBank 809SH"
1667,11277,747,2573,No,2-[extension]3Days,2,カート用延長フラグ,Extension SoftBank 809SH,1,,,,,,,,*,sh/img001-ex.jpg,*,sh/img001-ex.jpg,,,,,,,,,,,,,,,,,,,,,,,0,1,en_sh_ex_002,,1,,1770,1770,,5,,,,,,,,,,,,,,,,,"23,28","NEW extension,Extension SoftBank 809SH"
1667,11278,748,2574,Yes,3-[extension]4Days,2,カート用延長フラグ,Extension SoftBank 809SH,1,,,,,,,,*,sh/img001-ex.jpg,*,sh/img001-ex.jpg,,,,,,,,,,,,,,,,,,,,,,,0,1,en_sh_ex_003_bt,,1,,2360,2560,,5,,,,,,,,,,,,,,,,,"23,28","NEW extension,Extension SoftBank 809SH"
1667,11279,747,2574,No,3-[extension]4Days,2,カート用延長フラグ,Extension SoftBank 809SH,1,,,,,,,,*,sh/img001-ex.jpg,*,sh/img001-ex.jpg,,,,,,,,,,,,,,,,,,,,,,,0,1,en_sh_ex_003,,1,,2360,2360,,5,,,,,,,,,,,,,,,,,"23,28","NEW extension,Extension SoftBank 809SH"
1667,11280,748,2575,Yes,4-[extension]5Days,2,カート用延長フラグ,Extension SoftBank 809SH,1,,,,,,,,*,sh/img001-ex.jpg,*,sh/img001-ex.jpg,,,,,,,,,,,,,,,,,,,,,,,0,1,en_sh_ex_004_bt,,1,,2950,3200,,5,,,,,,,,,,,,,,,,,"23,28","NEW extension,Extension SoftBank 809SH"
1667,11281,747,2575,No,4-[extension]5Days,2,カート用延長フラグ,Extension SoftBank 809SH,1,,,,,,,,*,sh/img001-ex.jpg,*,sh/img001-ex.jpg,,,,,,,,,,,,,,,,,,,,,,,0,1,en_sh_ex_004,,1,,2950,2950,,5,,,,,,,,,,,,,,,,,"23,28","NEW extension,Extension SoftBank 809SH"
1667,11282,748,2576,Yes,5-[extension]6Days,2,カート用延長フラグ,Extension SoftBank 809SH,1,,,,,,,,*,sh/img001-ex.jpg,*,sh/img001-ex.jpg,,,,,,,,,,,,,,,,,,,,,,,0,1,en_sh_ex_005_bt,,1,,3540,3840,,5,,,,,,,,,,,,,,,,,"23,28","NEW extension,Extension SoftBank 809SH"
1667,11283,747,2576,No,5-[extension]6Days,2,カート用延長フラグ,Extension SoftBank 809SH,1,,,,,,,,*,sh/img001-ex.jpg,*,sh/img001-ex.jpg,,,,,,,,,,,,,,,,,,,,,,,0,1,en_sh_ex_005,,1,,3540,3540,,5,,,,,,,,,,,,,,,,,"23,28","NEW extension,Extension SoftBank 809SH"
1667,11284,748,2577,Yes,6-[extension]7Days,2,カート用延長フラグ,Extension SoftBank 809SH,1,,,,,,,,*,sh/img001-ex.jpg,*,sh/img001-ex.jpg,,,,,,,,,,,,,,,,,,,,,,,0,1,en_sh_ex_006_bt,,1,,4130,4480,,5,,,,,,,,,,,,,,,,,"23,28","NEW extension,Extension SoftBank 809SH"
1667,11285,747,2577,No,6-[extension]7Days,2,カート用延長フラグ,Extension SoftBank 809SH,1,,,,,,,,*,sh/img001-ex.jpg,*,sh/img001-ex.jpg,,,,,,,,,,,,,,,,,,,,,,,0,1,en_sh_ex_006,,1,,4130,4130,,5,,,,,,,,,,,,,,,,,"23,28","NEW extension,Extension SoftBank 809SH"
1667,11286,748,2578,Yes,7-[extension]8Days,2,カート用延長フラグ,Extension SoftBank 809SH,1,,,,,,,,*,sh/img001-ex.jpg,*,sh/img001-ex.jpg,,,,,,,,,,,,,,,,,,,,,,,0,1,en_sh_ex_007_bt,,1,,4720,5120,,5,,,,,,,,,,,,,,,,,"23,28","NEW extension,Extension SoftBank 809SH"
1667,11287,747,2578,No,7-[extension]8Days,2,カート用延長フラグ,Extension SoftBank 809SH,1,,,,,,,,*,sh/img001-ex.jpg,*,sh/img001-ex.jpg,,,,,,,,,,,,,,,,,,,,,,,0,1,en_sh_ex_007,,1,,4720,4720,,5,,,,,,,,,,,,,,,,,"23,28","NEW extension,Extension SoftBank 809SH"
1667,11288,748,2579,Yes,8-[extension]9Days,2,カート用延長フラグ,Extension SoftBank 809SH,1,,,,,,,,*,sh/img001-ex.jpg,*,sh/img001-ex.jpg,,,,,,,,,,,,,,,,,,,,,,,0,1,en_sh_ex_008_bt,,1,,5310,5760,,5,,,,,,,,,,,,,,,,,"23,28","NEW extension,Extension SoftBank 809SH"
1667,11289,747,2579,No,8-[extension]9Days,2,カート用延長フラグ,Extension SoftBank 809SH,1,,,,,,,,*,sh/img001-ex.jpg,*,sh/img001-ex.jpg,,,,,,,,,,,,,,,,,,,,,,,0,1,en_sh_ex_008,,1,,5310,5310,,5,,,,,,,,,,,,,,,,,"23,28","NEW extension,Extension SoftBank 809SH"
1667,11290,748,2580,Yes,9-[extension]10Days,2,カート用延長フラグ,Extension SoftBank 809SH,1,,,,,,,,*,sh/img001-ex.jpg,*,sh/img001-ex.jpg,,,,,,,,,,,,,,,,,,,,,,,0,1,en_sh_ex_009_bt,,1,,5900,6400,,5,,,,,,,,,,,,,,,,,"23,28","NEW extension,Extension SoftBank 809SH"
1667,11291,747,2580,No,9-[extension]10Days,2,カート用延長フラグ,Extension SoftBank 809SH,1,,,,,,,,*,sh/img001-ex.jpg,*,sh/img001-ex.jpg,,,,,,,,,,,,,,,,,,,,,,,0,1,en_sh_ex_009,,1,,5900,5900,,5,,,,,,,,,,,,,,,,,"23,28","NEW extension,Extension SoftBank 809SH"
1667,11292,748,2581,Yes,10-[extension]11Days,2,カート用延長フラグ,Extension SoftBank 809SH,1,,,,,,,,*,sh/img001-ex.jpg,*,sh/img001-ex.jpg,,,,,,,,,,,,,,,,,,,,,,,0,1,en_sh_ex_010_bt,,1,,6490,7040,,5,,,,,,,,,,,,,,,,,"23,28","NEW extension,Extension SoftBank 809SH"
1667,11293,747,2581,No,10-[extension]11Days,2,カート用延長フラグ,Extension SoftBank 809SH,1,,,,,,,,*,sh/img001-ex.jpg,*,sh/img001-ex.jpg,,,,,,,,,,,,,,,,,,,,,,,0,1,en_sh_ex_010,,1,,6490,6490,,5,,,,,,,,,,,,,,,,,"23,28","NEW extension,Extension SoftBank 809SH"
1667,11294,748,2582,Yes,11-[extension]12Days,2,カート用延長フラグ,Extension SoftBank 809SH,1,,,,,,,,*,sh/img001-ex.jpg,*,sh/img001-ex.jpg,,,,,,,,,,,,,,,,,,,,,,,0,1,en_sh_ex_011_bt,,1,,7080,7680,,5,,,,,,,,,,,,,,,,,"23,28","NEW extension,Extension SoftBank 809SH"
1667,11295,747,2582,No,11-[extension]12Days,2,カート用延長フラグ,Extension SoftBank 809SH,1,,,,,,,,*,sh/img001-ex.jpg,*,sh/img001-ex.jpg,,,,,,,,,,,,,,,,,,,,,,,0,1,en_sh_ex_011,,1,,7080,7080,,5,,,,,,,,,,,,,,,,,"23,28","NEW extension,Extension SoftBank 809SH"
1667,11296,748,2583,Yes,12-[extension]13Days,2,カート用延長フラグ,Extension SoftBank 809SH,1,,,,,,,,*,sh/img001-ex.jpg,*,sh/img001-ex.jpg,,,,,,,,,,,,,,,,,,,,,,,0,1,en_sh_ex_012_bt,,1,,7670,8320,,5,,,,,,,,,,,,,,,,,"23,28","NEW extension,Extension SoftBank 809SH"
1667,11297,747,2583,No,12-[extension]13Days,2,カート用延長フラグ,Extension SoftBank 809SH,1,,,,,,,,*,sh/img001-ex.jpg,*,sh/img001-ex.jpg,,,,,,,,,,,,,,,,,,,,,,,0,1,en_sh_ex_012,,1,,7670,7670,,5,,,,,,,,,,,,,,,,,"23,28","NEW extension,Extension SoftBank 809SH"
1667,11298,748,2584,Yes,13-[extension]14Days,2,カート用延長フラグ,Extension SoftBank 809SH,1,,,,,,,,*,sh/img001-ex.jpg,*,sh/img001-ex.jpg,,,,,,,,,,,,,,,,,,,,,,,0,1,en_sh_ex_013_bt,,1,,8260,8960,,5,,,,,,,,,,,,,,,,,"23,28","NEW extension,Extension SoftBank 809SH"
1667,11299,747,2584,No,13-[extension]14Days,2,カート用延長フラグ,Extension SoftBank 809SH,1,,,,,,,,*,sh/img001-ex.jpg,*,sh/img001-ex.jpg,,,,,,,,,,,,,,,,,,,,,,,0,1,en_sh_ex_013,,1,,8260,8260,,5,,,,,,,,,,,,,,,,,"23,28","NEW extension,Extension SoftBank 809SH"
1667,11300,748,2585,Yes,14-[extension]15Days (Value Rental Pack: 1Month Pack),2,カート用延長フラグ,Extension SoftBank 809SH,1,,,,,,,,*,sh/img001-ex.jpg,*,sh/img001-ex.jpg,,,,,,,,,,,,,,,,,,,,,,,0,1,en_sh_ex_014_bt,,1,,8850,9600,,5,,,,,,,,,,,,,,,,,"23,28","NEW extension,Extension SoftBank 809SH"
1667,11301,747,2585,No,14-[extension]15Days (Value Rental Pack: 1Month Pack),2,カート用延長フラグ,Extension SoftBank 809SH,1,,,,,,,,*,sh/img001-ex.jpg,*,sh/img001-ex.jpg,,,,,,,,,,,,,,,,,,,,,,,0,1,en_sh_ex_014,,1,,8850,8850,,5,,,,,,,,,,,,,,,,,"23,28","NEW extension,Extension SoftBank 809SH"
1667,11302,748,2586,Yes,15-[extension]16Days (Value Rental Pack: 1Month Pack),2,カート用延長フラグ,Extension SoftBank 809SH,1,,,,,,,,*,sh/img001-ex.jpg,*,sh/img001-ex.jpg,,,,,,,,,,,,,,,,,,,,,,,0,1,en_sh_ex_014_bt,,1,,8850,9600,,5,,,,,,,,,,,,,,,,,"23,28","NEW extension,Extension SoftBank 809SH"
1667,11303,747,2586,No,15-[extension]16Days (Value Rental Pack: 1Month Pack),2,カート用延長フラグ,Extension SoftBank 809SH,1,,,,,,,,*,sh/img001-ex.jpg,*,sh/img001-ex.jpg,,,,,,,,,,,,,,,,,,,,,,,0,1,en_sh_ex_014,,1,,8850,8850,,5,,,,,,,,,,,,,,,,,"23,28","NEW extension,Extension SoftBank 809SH"
1667,11304,748,2587,Yes,16-[extension]17Days (Value Rental Pack: 1Month Pack),2,カート用延長フラグ,Extension SoftBank 809SH,1,,,,,,,,*,sh/img001-ex.jpg,*,sh/img001-ex.jpg,,,,,,,,,,,,,,,,,,,,,,,0,1,en_sh_ex_014_bt,,1,,8850,9600,,5,,,,,,,,,,,,,,,,,"23,28","NEW extension,Extension SoftBank 809SH"
1667,11305,747,2587,No,16-[extension]17Days (Value Rental Pack: 1Month Pack),2,カート用延長フラグ,Extension SoftBank 809SH,1,,,,,,,,*,sh/img001-ex.jpg,*,sh/img001-ex.jpg,,,,,,,,,,,,,,,,,,,,,,,0,1,en_sh_ex_014,,1,,8850,8850,,5,,,,,,,,,,,,,,,,,"23,28","NEW extension,Extension SoftBank 809SH"
1667,11306,748,2588,Yes,17-[extension]18Days (Value Rental Pack: 1Month Pack),2,カート用延長フラグ,Extension SoftBank 809SH,1,,,,,,,,*,sh/img001-ex.jpg,*,sh/img001-ex.jpg,,,,,,,,,,,,,,,,,,,,,,,0,1,en_sh_ex_014_bt,,1,,8850,9600,,5,,,,,,,,,,,,,,,,,"23,28","NEW extension,Extension SoftBank 809SH"
1667,11307,747,2588,No,17-[extension]18Days (Value Rental Pack: 1Month Pack),2,カート用延長フラグ,Extension SoftBank 809SH,1,,,,,,,,*,sh/img001-ex.jpg,*,sh/img001-ex.jpg,,,,,,,,,,,,,,,,,,,,,,,0,1,en_sh_ex_014,,1,,8850,8850,,5,,,,,,,,,,,,,,,,,"23,28","NEW extension,Extension SoftBank 809SH"
1667,11308,748,2589,Yes,18-[extension]19Days (Value Rental Pack: 1Month Pack),2,カート用延長フラグ,Extension SoftBank 809SH,1,,,,,,,,*,sh/img001-ex.jpg,*,sh/img001-ex.jpg,,,,,,,,,,,,,,,,,,,,,,,0,1,en_sh_ex_014_bt,,1,,8850,9600,,5,,,,,,,,,,,,,,,,,"23,28","NEW extension,Extension SoftBank 809SH"
1667,11309,747,2589,No,18-[extension]19Days (Value Rental Pack: 1Month Pack),2,カート用延長フラグ,Extension SoftBank 809SH,1,,,,,,,,*,sh/img001-ex.jpg,*,sh/img001-ex.jpg,,,,,,,,,,,,,,,,,,,,,,,0,1,en_sh_ex_014,,1,,8850,8850,,5,,,,,,,,,,,,,,,,,"23,28","NEW extension,Extension SoftBank 809SH"
1667,11310,748,2590,Yes,19-[extension]20Days (Value Rental Pack: 1Month Pack),2,カート用延長フラグ,Extension SoftBank 809SH,1,,,,,,,,*,sh/img001-ex.jpg,*,sh/img001-ex.jpg,,,,,,,,,,,,,,,,,,,,,,,0,1,en_sh_ex_014_bt,,1,,8850,9600,,5,,,,,,,,,,,,,,,,,"23,28","NEW extension,Extension SoftBank 809SH"
1667,11311,747,2590,No,19-[extension]20Days (Value Rental Pack: 1Month Pack),2,カート用延長フラグ,Extension SoftBank 809SH,1,,,,,,,,*,sh/img001-ex.jpg,*,sh/img001-ex.jpg,,,,,,,,,,,,,,,,,,,,,,,0,1,en_sh_ex_014,,1,,8850,8850,,5,,,,,,,,,,,,,,,,,"23,28","NEW extension,Extension SoftBank 809SH"
1667,11312,748,2591,Yes,20-[extension]21Days (Value Rental Pack: 1Month Pack),2,カート用延長フラグ,Extension SoftBank 809SH,1,,,,,,,,*,sh/img001-ex.jpg,*,sh/img001-ex.jpg,,,,,,,,,,,,,,,,,,,,,,,0,1,en_sh_ex_014_bt,,1,,8850,9600,,5,,,,,,,,,,,,,,,,,"23,28","NEW extension,Extension SoftBank 809SH"
1667,11313,747,2591,No,20-[extension]21Days (Value Rental Pack: 1Month Pack),2,カート用延長フラグ,Extension SoftBank 809SH,1,,,,,,,,*,sh/img001-ex.jpg,*,sh/img001-ex.jpg,,,,,,,,,,,,,,,,,,,,,,,0,1,en_sh_ex_014,,1,,8850,8850,,5,,,,,,,,,,,,,,,,,"23,28","NEW extension,Extension SoftBank 809SH"
1667,11314,748,2592,Yes,21-[extension]22Days (Value Rental Pack: 1Month Pack),2,カート用延長フラグ,Extension SoftBank 809SH,1,,,,,,,,*,sh/img001-ex.jpg,*,sh/img001-ex.jpg,,,,,,,,,,,,,,,,,,,,,,,0,1,en_sh_ex_014_bt,,1,,8850,9600,,5,,,,,,,,,,,,,,,,,"23,28","NEW extension,Extension SoftBank 809SH"
1667,11315,747,2592,No,21-[extension]22Days (Value Rental Pack: 1Month Pack),2,カート用延長フラグ,Extension SoftBank 809SH,1,,,,,,,,*,sh/img001-ex.jpg,*,sh/img001-ex.jpg,,,,,,,,,,,,,,,,,,,,,,,0,1,en_sh_ex_014,,1,,8850,8850,,5,,,,,,,,,,,,,,,,,"23,28","NEW extension,Extension SoftBank 809SH"
1667,11316,748,2593,Yes,22-[extension]23Days (Value Rental Pack: 1Month Pack),2,カート用延長フラグ,Extension SoftBank 809SH,1,,,,,,,,*,sh/img001-ex.jpg,*,sh/img001-ex.jpg,,,,,,,,,,,,,,,,,,,,,,,0,1,en_sh_ex_014_bt,,1,,8850,9600,,5,,,,,,,,,,,,,,,,,"23,28","NEW extension,Extension SoftBank 809SH"
1667,11317,747,2593,No,22-[extension]23Days (Value Rental Pack: 1Month Pack),2,カート用延長フラグ,Extension SoftBank 809SH,1,,,,,,,,*,sh/img001-ex.jpg,*,sh/img001-ex.jpg,,,,,,,,,,,,,,,,,,,,,,,0,1,en_sh_ex_014,,1,,8850,8850,,5,,,,,,,,,,,,,,,,,"23,28","NEW extension,Extension SoftBank 809SH"
1667,11318,748,2594,Yes,23-[extension]24Days (Value Rental Pack: 1Month Pack),2,カート用延長フラグ,Extension SoftBank 809SH,1,,,,,,,,*,sh/img001-ex.jpg,*,sh/img001-ex.jpg,,,,,,,,,,,,,,,,,,,,,,,0,1,en_sh_ex_014_bt,,1,,8850,9600,,5,,,,,,,,,,,,,,,,,"23,28","NEW extension,Extension SoftBank 809SH"
1667,11319,747,2594,No,23-[extension]24Days (Value Rental Pack: 1Month Pack),2,カート用延長フラグ,Extension SoftBank 809SH,1,,,,,,,,*,sh/img001-ex.jpg,*,sh/img001-ex.jpg,,,,,,,,,,,,,,,,,,,,,,,0,1,en_sh_ex_014,,1,,8850,8850,,5,,,,,,,,,,,,,,,,,"23,28","NEW extension,Extension SoftBank 809SH"
1667,11320,748,2595,Yes,24-[extension]25Days (Value Rental Pack: 1Month Pack),2,カート用延長フラグ,Extension SoftBank 809SH,1,,,,,,,,*,sh/img001-ex.jpg,*,sh/img001-ex.jpg,,,,,,,,,,,,,,,,,,,,,,,0,1,en_sh_ex_014_bt,,1,,8850,9600,,5,,,,,,,,,,,,,,,,,"23,28","NEW extension,Extension SoftBank 809SH"
1667,11321,747,2595,No,24-[extension]25Days (Value Rental Pack: 1Month Pack),2,カート用延長フラグ,Extension SoftBank 809SH,1,,,,,,,,*,sh/img001-ex.jpg,*,sh/img001-ex.jpg,,,,,,,,,,,,,,,,,,,,,,,0,1,en_sh_ex_014,,1,,8850,8850,,5,,,,,,,,,,,,,,,,,"23,28","NEW extension,Extension SoftBank 809SH"
1667,11322,748,2596,Yes,25-[extension]26Days (Value Rental Pack: 1Month Pack),2,カート用延長フラグ,Extension SoftBank 809SH,1,,,,,,,,*,sh/img001-ex.jpg,*,sh/img001-ex.jpg,,,,,,,,,,,,,,,,,,,,,,,0,1,en_sh_ex_014_bt,,1,,8850,9600,,5,,,,,,,,,,,,,,,,,"23,28","NEW extension,Extension SoftBank 809SH"
1667,11323,747,2596,No,25-[extension]26Days (Value Rental Pack: 1Month Pack),2,カート用延長フラグ,Extension SoftBank 809SH,1,,,,,,,,*,sh/img001-ex.jpg,*,sh/img001-ex.jpg,,,,,,,,,,,,,,,,,,,,,,,0,1,en_sh_ex_014,,1,,8850,8850,,5,,,,,,,,,,,,,,,,,"23,28","NEW extension,Extension SoftBank 809SH"
1667,11324,748,2597,Yes,26-[extension]27Days (Value Rental Pack: 1Month Pack),2,カート用延長フラグ,Extension SoftBank 809SH,1,,,,,,,,*,sh/img001-ex.jpg,*,sh/img001-ex.jpg,,,,,,,,,,,,,,,,,,,,,,,0,1,en_sh_ex_014_bt,,1,,8850,9600,,5,,,,,,,,,,,,,,,,,"23,28","NEW extension,Extension SoftBank 809SH"
1667,11325,747,2597,No,26-[extension]27Days (Value Rental Pack: 1Month Pack),2,カート用延長フラグ,Extension SoftBank 809SH,1,,,,,,,,*,sh/img001-ex.jpg,*,sh/img001-ex.jpg,,,,,,,,,,,,,,,,,,,,,,,0,1,en_sh_ex_014,,1,,8850,8850,,5,,,,,,,,,,,,,,,,,"23,28","NEW extension,Extension SoftBank 809SH"
1667,11326,748,2598,Yes,27-[extension]28Days (Value Rental Pack: 1Month Pack),2,カート用延長フラグ,Extension SoftBank 809SH,1,,,,,,,,*,sh/img001-ex.jpg,*,sh/img001-ex.jpg,,,,,,,,,,,,,,,,,,,,,,,0,1,en_sh_ex_014_bt,,1,,8850,9600,,5,,,,,,,,,,,,,,,,,"23,28","NEW extension,Extension SoftBank 809SH"
1667,11327,747,2598,No,27-[extension]28Days (Value Rental Pack: 1Month Pack),2,カート用延長フラグ,Extension SoftBank 809SH,1,,,,,,,,*,sh/img001-ex.jpg,*,sh/img001-ex.jpg,,,,,,,,,,,,,,,,,,,,,,,0,1,en_sh_ex_014,,1,,8850,8850,,5,,,,,,,,,,,,,,,,,"23,28","NEW extension,Extension SoftBank 809SH"
1667,11328,748,2599,Yes,28-[extension]29Days (Value Rental Pack: 1Month Pack),2,カート用延長フラグ,Extension SoftBank 809SH,1,,,,,,,,*,sh/img001-ex.jpg,*,sh/img001-ex.jpg,,,,,,,,,,,,,,,,,,,,,,,0,1,en_sh_ex_014_bt,,1,,8850,9600,,5,,,,,,,,,,,,,,,,,"23,28","NEW extension,Extension SoftBank 809SH"
1667,11329,747,2599,No,28-[extension]29Days (Value Rental Pack: 1Month Pack),2,カート用延長フラグ,Extension SoftBank 809SH,1,,,,,,,,*,sh/img001-ex.jpg,*,sh/img001-ex.jpg,,,,,,,,,,,,,,,,,,,,,,,0,1,en_sh_ex_014,,1,,8850,8850,,5,,,,,,,,,,,,,,,,,"23,28","NEW extension,Extension SoftBank 809SH"
1667,11330,748,2600,Yes,29-[extension]30Days (Value Rental Pack: 1Month Pack),2,カート用延長フラグ,Extension SoftBank 809SH,1,,,,,,,,*,sh/img001-ex.jpg,*,sh/img001-ex.jpg,,,,,,,,,,,,,,,,,,,,,,,0,1,en_sh_ex_014_bt,,1,,8850,9600,,5,,,,,,,,,,,,,,,,,"23,28","NEW extension,Extension SoftBank 809SH"
1667,11331,747,2600,No,29-[extension]30Days (Value Rental Pack: 1Month Pack),2,カート用延長フラグ,Extension SoftBank 809SH,1,,,,,,,,*,sh/img001-ex.jpg,*,sh/img001-ex.jpg,,,,,,,,,,,,,,,,,,,,,,,0,1,en_sh_ex_014,,1,,8850,8850,,5,,,,,,,,,,,,,,,,,"23,28","NEW extension,Extension SoftBank 809SH"
1667,11332,748,2601,Yes,30-[extension]31Days (Value Rental Pack: 1Month Pack),2,カート用延長フラグ,Extension SoftBank 809SH,1,,,,,,,,*,sh/img001-ex.jpg,*,sh/img001-ex.jpg,,,,,,,,,,,,,,,,,,,,,,,0,1,en_sh_ex_014_bt,,1,,8850,9600,,5,,,,,,,,,,,,,,,,,"23,28","NEW extension,Extension SoftBank 809SH"
1667,11333,747,2601,No,30-[extension]31Days (Value Rental Pack: 1Month Pack),2,カート用延長フラグ,Extension SoftBank 809SH,1,,,,,,,,*,sh/img001-ex.jpg,*,sh/img001-ex.jpg,,,,,,,,,,,,,,,,,,,,,,,0,1,en_sh_ex_014,,1,,8850,8850,,5,,,,,,,,,,,,,,,,,"23,28","NEW extension,Extension SoftBank 809SH"
1667,11334,748,2602,Yes,31-[extension]32Days (Value Rental Pack: 1Month Pack + 1Day),2,カート用延長フラグ,Extension SoftBank 809SH,1,,,,,,,,*,sh/img001-ex.jpg,*,sh/img001-ex.jpg,,,,,,,,,,,,,,,,,,,,,,,0,1,en_sh_ex_031_bt,,1,,9440,10240,,5,,,,,,,,,,,,,,,,,"23,28","NEW extension,Extension SoftBank 809SH"
1667,11335,747,2602,No,31-[extension]32Days (Value Rental Pack: 1Month Pack + 1Day),2,カート用延長フラグ,Extension SoftBank 809SH,1,,,,,,,,*,sh/img001-ex.jpg,*,sh/img001-ex.jpg,,,,,,,,,,,,,,,,,,,,,,,0,1,en_sh_ex_031,,1,,9440,9440,,5,,,,,,,,,,,,,,,,,"23,28","NEW extension,Extension SoftBank 809SH"
1667,11336,748,2603,Yes,32-[extension]33Days (Value Rental Pack: 1Month Pack + 2Days),2,カート用延長フラグ,Extension SoftBank 809SH,1,,,,,,,,*,sh/img001-ex.jpg,*,sh/img001-ex.jpg,,,,,,,,,,,,,,,,,,,,,,,0,1,en_sh_ex_032_bt,,1,,10030,10880,,5,,,,,,,,,,,,,,,,,"23,28","NEW extension,Extension SoftBank 809SH"
1667,11337,747,2603,No,32-[extension]33Days (Value Rental Pack: 1Month Pack + 2Days),2,カート用延長フラグ,Extension SoftBank 809SH,1,,,,,,,,*,sh/img001-ex.jpg,*,sh/img001-ex.jpg,,,,,,,,,,,,,,,,,,,,,,,0,1,en_sh_ex_032,,1,,10030,10030,,5,,,,,,,,,,,,,,,,,"23,28","NEW extension,Extension SoftBank 809SH"
1667,11338,748,2604,Yes,33-[extension]34Days (Value Rental Pack: 1Month Pack + 3Days),2,カート用延長フラグ,Extension SoftBank 809SH,1,,,,,,,,*,sh/img001-ex.jpg,*,sh/img001-ex.jpg,,,,,,,,,,,,,,,,,,,,,,,0,1,en_sh_ex_033_bt,,1,,10620,11520,,5,,,,,,,,,,,,,,,,,"23,28","NEW extension,Extension SoftBank 809SH"
1667,11339,747,2604,No,33-[extension]34Days (Value Rental Pack: 1Month Pack + 3Days),2,カート用延長フラグ,Extension SoftBank 809SH,1,,,,,,,,*,sh/img001-ex.jpg,*,sh/img001-ex.jpg,,,,,,,,,,,,,,,,,,,,,,,0,1,en_sh_ex_033,,1,,10620,10620,,5,,,,,,,,,,,,,,,,,"23,28","NEW extension,Extension SoftBank 809SH"
1667,11340,748,2605,Yes,34-[extension]35Days (Value Rental Pack: 1Month Pack + 4Days),2,カート用延長フラグ,Extension SoftBank 809SH,1,,,,,,,,*,sh/img001-ex.jpg,*,sh/img001-ex.jpg,,,,,,,,,,,,,,,,,,,,,,,0,1,en_sh_ex_034_bt,,1,,11210,12160,,5,,,,,,,,,,,,,,,,,"23,28","NEW extension,Extension SoftBank 809SH"
1667,11341,747,2605,No,34-[extension]35Days (Value Rental Pack: 1Month Pack + 4Days),2,カート用延長フラグ,Extension SoftBank 809SH,1,,,,,,,,*,sh/img001-ex.jpg,*,sh/img001-ex.jpg,,,,,,,,,,,,,,,,,,,,,,,0,1,en_sh_ex_034,,1,,11210,11210,,5,,,,,,,,,,,,,,,,,"23,28","NEW extension,Extension SoftBank 809SH"
1667,11342,748,2606,Yes,35-[extension]36Days (Value Rental Pack: 1Month Pack + 5Days),2,カート用延長フラグ,Extension SoftBank 809SH,1,,,,,,,,*,sh/img001-ex.jpg,*,sh/img001-ex.jpg,,,,,,,,,,,,,,,,,,,,,,,0,1,en_sh_ex_035_bt,,1,,11800,12800,,5,,,,,,,,,,,,,,,,,"23,28","NEW extension,Extension SoftBank 809SH"
1667,11343,747,2606,No,35-[extension]36Days (Value Rental Pack: 1Month Pack + 5Days),2,カート用延長フラグ,Extension SoftBank 809SH,1,,,,,,,,*,sh/img001-ex.jpg,*,sh/img001-ex.jpg,,,,,,,,,,,,,,,,,,,,,,,0,1,en_sh_ex_035,,1,,11800,11800,,5,,,,,,,,,,,,,,,,,"23,28","NEW extension,Extension SoftBank 809SH"
1667,11344,748,2607,Yes,36-[extension]37Days (Value Rental Pack: 1Month Pack + 6Days),2,カート用延長フラグ,Extension SoftBank 809SH,1,,,,,,,,*,sh/img001-ex.jpg,*,sh/img001-ex.jpg,,,,,,,,,,,,,,,,,,,,,,,0,1,en_sh_ex_036_bt,,1,,12390,13440,,5,,,,,,,,,,,,,,,,,"23,28","NEW extension,Extension SoftBank 809SH"
1667,11345,747,2607,No,36-[extension]37Days (Value Rental Pack: 1Month Pack + 6Days),2,カート用延長フラグ,Extension SoftBank 809SH,1,,,,,,,,*,sh/img001-ex.jpg,*,sh/img001-ex.jpg,,,,,,,,,,,,,,,,,,,,,,,0,1,en_sh_ex_036,,1,,12390,12390,,5,,,,,,,,,,,,,,,,,"23,28","NEW extension,Extension SoftBank 809SH"
1667,11346,748,2608,Yes,37-[extension]38Days (Value Rental Pack: 1Month Pack + 7Days),2,カート用延長フラグ,Extension SoftBank 809SH,1,,,,,,,,*,sh/img001-ex.jpg,*,sh/img001-ex.jpg,,,,,,,,,,,,,,,,,,,,,,,0,1,en_sh_ex_037_bt,,1,,12980,14030,,5,,,,,,,,,,,,,,,,,"23,28","NEW extension,Extension SoftBank 809SH"
1667,11347,747,2608,No,37-[extension]38Days (Value Rental Pack: 1Month Pack + 7Days),2,カート用延長フラグ,Extension SoftBank 809SH,1,,,,,,,,*,sh/img001-ex.jpg,*,sh/img001-ex.jpg,,,,,,,,,,,,,,,,,,,,,,,0,1,en_sh_ex_037,,1,,12980,12980,,5,,,,,,,,,,,,,,,,,"23,28","NEW extension,Extension SoftBank 809SH"
1667,11348,748,2609,Yes,38-[extension]39Days (Value Rental Pack: 1Month Pack + 8Days),2,カート用延長フラグ,Extension SoftBank 809SH,1,,,,,,,,*,sh/img001-ex.jpg,*,sh/img001-ex.jpg,,,,,,,,,,,,,,,,,,,,,,,0,1,en_sh_ex_038_bt,,1,,13570,14620,,5,,,,,,,,,,,,,,,,,"23,28","NEW extension,Extension SoftBank 809SH"
1667,11349,747,2609,No,38-[extension]39Days (Value Rental Pack: 1Month Pack + 8Days),2,カート用延長フラグ,Extension SoftBank 809SH,1,,,,,,,,*,sh/img001-ex.jpg,*,sh/img001-ex.jpg,,,,,,,,,,,,,,,,,,,,,,,0,1,en_sh_ex_038,,1,,13570,13570,,5,,,,,,,,,,,,,,,,,"23,28","NEW extension,Extension SoftBank 809SH"
1667,11350,748,2610,Yes,39-[extension]40Days (Value Rental Pack: 1Month Pack + 9Days),2,カート用延長フラグ,Extension SoftBank 809SH,1,,,,,,,,*,sh/img001-ex.jpg,*,sh/img001-ex.jpg,,,,,,,,,,,,,,,,,,,,,,,0,1,en_sh_ex_039_bt,,1,,14160,15210,,5,,,,,,,,,,,,,,,,,"23,28","NEW extension,Extension SoftBank 809SH"
1667,11351,747,2610,No,39-[extension]40Days (Value Rental Pack: 1Month Pack + 9Days),2,カート用延長フラグ,Extension SoftBank 809SH,1,,,,,,,,*,sh/img001-ex.jpg,*,sh/img001-ex.jpg,,,,,,,,,,,,,,,,,,,,,,,0,1,en_sh_ex_039,,1,,14160,14160,,5,,,,,,,,,,,,,,,,,"23,28","NEW extension,Extension SoftBank 809SH"
1667,11352,748,2611,Yes,40-[extension]41Days (Value Rental Pack: 1Month Pack + 10Days),2,カート用延長フラグ,Extension SoftBank 809SH,1,,,,,,,,*,sh/img001-ex.jpg,*,sh/img001-ex.jpg,,,,,,,,,,,,,,,,,,,,,,,0,1,en_sh_ex_040_bt,,1,,14750,15800,,5,,,,,,,,,,,,,,,,,"23,28","NEW extension,Extension SoftBank 809SH"
1667,11353,747,2611,No,40-[extension]41Days (Value Rental Pack: 1Month Pack + 10Days),2,カート用延長フラグ,Extension SoftBank 809SH,1,,,,,,,,*,sh/img001-ex.jpg,*,sh/img001-ex.jpg,,,,,,,,,,,,,,,,,,,,,,,0,1,en_sh_ex_040,,1,,14750,14750,,5,,,,,,,,,,,,,,,,,"23,28","NEW extension,Extension SoftBank 809SH"
1667,11354,748,2612,Yes,41-[extension]42Days (Value Rental Pack: 1Month Pack + 11Days),2,カート用延長フラグ,Extension SoftBank 809SH,1,,,,,,,,*,sh/img001-ex.jpg,*,sh/img001-ex.jpg,,,,,,,,,,,,,,,,,,,,,,,0,1,en_sh_ex_041_bt,,1,,15340,16390,,5,,,,,,,,,,,,,,,,,"23,28","NEW extension,Extension SoftBank 809SH"
1667,11355,747,2612,No,41-[extension]42Days (Value Rental Pack: 1Month Pack + 11Days),2,カート用延長フラグ,Extension SoftBank 809SH,1,,,,,,,,*,sh/img001-ex.jpg,*,sh/img001-ex.jpg,,,,,,,,,,,,,,,,,,,,,,,0,1,en_sh_ex_041,,1,,15340,15340,,5,,,,,,,,,,,,,,,,,"23,28","NEW extension,Extension SoftBank 809SH"
1667,11356,748,2613,Yes,42-[extension]43Days (Value Rental Pack: 2Months Pack),2,カート用延長フラグ,Extension SoftBank 809SH,1,,,,,,,,*,sh/img001-ex.jpg,*,sh/img001-ex.jpg,,,,,,,,,,,,,,,,,,,,,,,0,1,en_sh_ex_060_bt,,1,,15700,16750,,5,,,,,,,,,,,,,,,,,"23,28","NEW extension,Extension SoftBank 809SH"
1667,11357,747,2613,No,42-[extension]43Days (Value Rental Pack: 2Months Pack),2,カート用延長フラグ,Extension SoftBank 809SH,1,,,,,,,,*,sh/img001-ex.jpg,*,sh/img001-ex.jpg,,,,,,,,,,,,,,,,,,,,,,,0,1,en_sh_ex_060,,1,,15700,15700,,5,,,,,,,,,,,,,,,,,"23,28","NEW extension,Extension SoftBank 809SH"
1667,11358,748,2614,Yes,43-[extension]44Days (Value Rental Pack: 2Months Pack),2,カート用延長フラグ,Extension SoftBank 809SH,1,,,,,,,,*,sh/img001-ex.jpg,*,sh/img001-ex.jpg,,,,,,,,,,,,,,,,,,,,,,,0,1,en_sh_ex_060_bt,,1,,15700,16750,,5,,,,,,,,,,,,,,,,,"23,28","NEW extension,Extension SoftBank 809SH"
1667,11359,747,2614,No,43-[extension]44Days (Value Rental Pack: 2Months Pack),2,カート用延長フラグ,Extension SoftBank 809SH,1,,,,,,,,*,sh/img001-ex.jpg,*,sh/img001-ex.jpg,,,,,,,,,,,,,,,,,,,,,,,0,1,en_sh_ex_060,,1,,15700,15700,,5,,,,,,,,,,,,,,,,,"23,28","NEW extension,Extension SoftBank 809SH"
1667,11360,748,2615,Yes,44-[extension]45Days (Value Rental Pack: 2Months Pack),2,カート用延長フラグ,Extension SoftBank 809SH,1,,,,,,,,*,sh/img001-ex.jpg,*,sh/img001-ex.jpg,,,,,,,,,,,,,,,,,,,,,,,0,1,en_sh_ex_060_bt,,1,,15700,16750,,5,,,,,,,,,,,,,,,,,"23,28","NEW extension,Extension SoftBank 809SH"
1667,11361,747,2615,No,44-[extension]45Days (Value Rental Pack: 2Months Pack),2,カート用延長フラグ,Extension SoftBank 809SH,1,,,,,,,,*,sh/img001-ex.jpg,*,sh/img001-ex.jpg,,,,,,,,,,,,,,,,,,,,,,,0,1,en_sh_ex_060,,1,,15700,15700,,5,,,,,,,,,,,,,,,,,"23,28","NEW extension,Extension SoftBank 809SH"
1667,11362,748,2616,Yes,45-[extension]46Days (Value Rental Pack: 2Months Pack),2,カート用延長フラグ,Extension SoftBank 809SH,1,,,,,,,,*,sh/img001-ex.jpg,*,sh/img001-ex.jpg,,,,,,,,,,,,,,,,,,,,,,,0,1,en_sh_ex_060_bt,,1,,15700,16750,,5,,,,,,,,,,,,,,,,,"23,28","NEW extension,Extension SoftBank 809SH"
1667,11363,747,2616,No,45-[extension]46Days (Value Rental Pack: 2Months Pack),2,カート用延長フラグ,Extension SoftBank 809SH,1,,,,,,,,*,sh/img001-ex.jpg,*,sh/img001-ex.jpg,,,,,,,,,,,,,,,,,,,,,,,0,1,en_sh_ex_060,,1,,15700,15700,,5,,,,,,,,,,,,,,,,,"23,28","NEW extension,Extension SoftBank 809SH"
1667,11364,748,2617,Yes,46-[extension]47Days (Value Rental Pack: 2Months Pack),2,カート用延長フラグ,Extension SoftBank 809SH,1,,,,,,,,*,sh/img001-ex.jpg,*,sh/img001-ex.jpg,,,,,,,,,,,,,,,,,,,,,,,0,1,en_sh_ex_060_bt,,1,,15700,16750,,5,,,,,,,,,,,,,,,,,"23,28","NEW extension,Extension SoftBank 809SH"
1667,11365,747,2617,No,46-[extension]47Days (Value Rental Pack: 2Months Pack),2,カート用延長フラグ,Extension SoftBank 809SH,1,,,,,,,,*,sh/img001-ex.jpg,*,sh/img001-ex.jpg,,,,,,,,,,,,,,,,,,,,,,,0,1,en_sh_ex_060,,1,,15700,15700,,5,,,,,,,,,,,,,,,,,"23,28","NEW extension,Extension SoftBank 809SH"
1667,11366,748,2618,Yes,47-[extension]48Days (Value Rental Pack: 2Months Pack),2,カート用延長フラグ,Extension SoftBank 809SH,1,,,,,,,,*,sh/img001-ex.jpg,*,sh/img001-ex.jpg,,,,,,,,,,,,,,,,,,,,,,,0,1,en_sh_ex_060_bt,,1,,15700,16750,,5,,,,,,,,,,,,,,,,,"23,28","NEW extension,Extension SoftBank 809SH"
1667,11367,747,2618,No,47-[extension]48Days (Value Rental Pack: 2Months Pack),2,カート用延長フラグ,Extension SoftBank 809SH,1,,,,,,,,*,sh/img001-ex.jpg,*,sh/img001-ex.jpg,,,,,,,,,,,,,,,,,,,,,,,0,1,en_sh_ex_060,,1,,15700,15700,,5,,,,,,,,,,,,,,,,,"23,28","NEW extension,Extension SoftBank 809SH"
1667,11368,748,2619,Yes,48-[extension]49Days (Value Rental Pack: 2Months Pack),2,カート用延長フラグ,Extension SoftBank 809SH,1,,,,,,,,*,sh/img001-ex.jpg,*,sh/img001-ex.jpg,,,,,,,,,,,,,,,,,,,,,,,0,1,en_sh_ex_060_bt,,1,,15700,16750,,5,,,,,,,,,,,,,,,,,"23,28","NEW extension,Extension SoftBank 809SH"
1667,11369,747,2619,No,48-[extension]49Days (Value Rental Pack: 2Months Pack),2,カート用延長フラグ,Extension SoftBank 809SH,1,,,,,,,,*,sh/img001-ex.jpg,*,sh/img001-ex.jpg,,,,,,,,,,,,,,,,,,,,,,,0,1,en_sh_ex_060,,1,,15700,15700,,5,,,,,,,,,,,,,,,,,"23,28","NEW extension,Extension SoftBank 809SH"
1667,11370,748,2620,Yes,49-[extension]50Days (Value Rental Pack: 2Months Pack),2,カート用延長フラグ,Extension SoftBank 809SH,1,,,,,,,,*,sh/img001-ex.jpg,*,sh/img001-ex.jpg,,,,,,,,,,,,,,,,,,,,,,,0,1,en_sh_ex_060_bt,,1,,15700,16750,,5,,,,,,,,,,,,,,,,,"23,28","NEW extension,Extension SoftBank 809SH"
1667,11371,747,2620,No,49-[extension]50Days (Value Rental Pack: 2Months Pack),2,カート用延長フラグ,Extension SoftBank 809SH,1,,,,,,,,*,sh/img001-ex.jpg,*,sh/img001-ex.jpg,,,,,,,,,,,,,,,,,,,,,,,0,1,en_sh_ex_060,,1,,15700,15700,,5,,,,,,,,,,,,,,,,,"23,28","NEW extension,Extension SoftBank 809SH"
1667,11372,748,2621,Yes,50-[extension]51Days (Value Rental Pack: 2Months Pack),2,カート用延長フラグ,Extension SoftBank 809SH,1,,,,,,,,*,sh/img001-ex.jpg,*,sh/img001-ex.jpg,,,,,,,,,,,,,,,,,,,,,,,0,1,en_sh_ex_060_bt,,1,,15700,16750,,5,,,,,,,,,,,,,,,,,"23,28","NEW extension,Extension SoftBank 809SH"
1667,11373,747,2621,No,50-[extension]51Days (Value Rental Pack: 2Months Pack),2,カート用延長フラグ,Extension SoftBank 809SH,1,,,,,,,,*,sh/img001-ex.jpg,*,sh/img001-ex.jpg,,,,,,,,,,,,,,,,,,,,,,,0,1,en_sh_ex_060,,1,,15700,15700,,5,,,,,,,,,,,,,,,,,"23,28","NEW extension,Extension SoftBank 809SH"
1667,11374,748,2622,Yes,51-[extension]52Days (Value Rental Pack: 2Months Pack),2,カート用延長フラグ,Extension SoftBank 809SH,1,,,,,,,,*,sh/img001-ex.jpg,*,sh/img001-ex.jpg,,,,,,,,,,,,,,,,,,,,,,,0,1,en_sh_ex_060_bt,,1,,15700,16750,,5,,,,,,,,,,,,,,,,,"23,28","NEW extension,Extension SoftBank 809SH"
1667,11375,747,2622,No,51-[extension]52Days (Value Rental Pack: 2Months Pack),2,カート用延長フラグ,Extension SoftBank 809SH,1,,,,,,,,*,sh/img001-ex.jpg,*,sh/img001-ex.jpg,,,,,,,,,,,,,,,,,,,,,,,0,1,en_sh_ex_060,,1,,15700,15700,,5,,,,,,,,,,,,,,,,,"23,28","NEW extension,Extension SoftBank 809SH"
1667,11376,748,2623,Yes,52-[extension]53Days (Value Rental Pack: 2Months Pack),2,カート用延長フラグ,Extension SoftBank 809SH,1,,,,,,,,*,sh/img001-ex.jpg,*,sh/img001-ex.jpg,,,,,,,,,,,,,,,,,,,,,,,0,1,en_sh_ex_060_bt,,1,,15700,16750,,5,,,,,,,,,,,,,,,,,"23,28","NEW extension,Extension SoftBank 809SH"
1667,11377,747,2623,No,52-[extension]53Days (Value Rental Pack: 2Months Pack),2,カート用延長フラグ,Extension SoftBank 809SH,1,,,,,,,,*,sh/img001-ex.jpg,*,sh/img001-ex.jpg,,,,,,,,,,,,,,,,,,,,,,,0,1,en_sh_ex_060,,1,,15700,15700,,5,,,,,,,,,,,,,,,,,"23,28","NEW extension,Extension SoftBank 809SH"
1667,11378,748,2624,Yes,53-[extension]54Days (Value Rental Pack: 2Months Pack),2,カート用延長フラグ,Extension SoftBank 809SH,1,,,,,,,,*,sh/img001-ex.jpg,*,sh/img001-ex.jpg,,,,,,,,,,,,,,,,,,,,,,,0,1,en_sh_ex_060_bt,,1,,15700,16750,,5,,,,,,,,,,,,,,,,,"23,28","NEW extension,Extension SoftBank 809SH"
1667,11379,747,2624,No,53-[extension]54Days (Value Rental Pack: 2Months Pack),2,カート用延長フラグ,Extension SoftBank 809SH,1,,,,,,,,*,sh/img001-ex.jpg,*,sh/img001-ex.jpg,,,,,,,,,,,,,,,,,,,,,,,0,1,en_sh_ex_060,,1,,15700,15700,,5,,,,,,,,,,,,,,,,,"23,28","NEW extension,Extension SoftBank 809SH"
1667,11380,748,2625,Yes,54-[extension]55Days (Value Rental Pack: 2Months Pack),2,カート用延長フラグ,Extension SoftBank 809SH,1,,,,,,,,*,sh/img001-ex.jpg,*,sh/img001-ex.jpg,,,,,,,,,,,,,,,,,,,,,,,0,1,en_sh_ex_060_bt,,1,,15700,16750,,5,,,,,,,,,,,,,,,,,"23,28","NEW extension,Extension SoftBank 809SH"
1667,11381,747,2625,No,54-[extension]55Days (Value Rental Pack: 2Months Pack),2,カート用延長フラグ,Extension SoftBank 809SH,1,,,,,,,,*,sh/img001-ex.jpg,*,sh/img001-ex.jpg,,,,,,,,,,,,,,,,,,,,,,,0,1,en_sh_ex_060,,1,,15700,15700,,5,,,,,,,,,,,,,,,,,"23,28","NEW extension,Extension SoftBank 809SH"
1667,11382,748,2626,Yes,55-[extension]56Days (Value Rental Pack: 2Months Pack),2,カート用延長フラグ,Extension SoftBank 809SH,1,,,,,,,,*,sh/img001-ex.jpg,*,sh/img001-ex.jpg,,,,,,,,,,,,,,,,,,,,,,,0,1,en_sh_ex_060_bt,,1,,15700,16750,,5,,,,,,,,,,,,,,,,,"23,28","NEW extension,Extension SoftBank 809SH"
1667,11383,747,2626,No,55-[extension]56Days (Value Rental Pack: 2Months Pack),2,カート用延長フラグ,Extension SoftBank 809SH,1,,,,,,,,*,sh/img001-ex.jpg,*,sh/img001-ex.jpg,,,,,,,,,,,,,,,,,,,,,,,0,1,en_sh_ex_060,,1,,15700,15700,,5,,,,,,,,,,,,,,,,,"23,28","NEW extension,Extension SoftBank 809SH"
1667,11384,748,2627,Yes,56-[extension]57Days (Value Rental Pack: 2Months Pack),2,カート用延長フラグ,Extension SoftBank 809SH,1,,,,,,,,*,sh/img001-ex.jpg,*,sh/img001-ex.jpg,,,,,,,,,,,,,,,,,,,,,,,0,1,en_sh_ex_060_bt,,1,,15700,16750,,5,,,,,,,,,,,,,,,,,"23,28","NEW extension,Extension SoftBank 809SH"
1667,11385,747,2627,No,56-[extension]57Days (Value Rental Pack: 2Months Pack),2,カート用延長フラグ,Extension SoftBank 809SH,1,,,,,,,,*,sh/img001-ex.jpg,*,sh/img001-ex.jpg,,,,,,,,,,,,,,,,,,,,,,,0,1,en_sh_ex_060,,1,,15700,15700,,5,,,,,,,,,,,,,,,,,"23,28","NEW extension,Extension SoftBank 809SH"
1667,11386,748,2628,Yes,57-[extension]58Days (Value Rental Pack: 2Months Pack),2,カート用延長フラグ,Extension SoftBank 809SH,1,,,,,,,,*,sh/img001-ex.jpg,*,sh/img001-ex.jpg,,,,,,,,,,,,,,,,,,,,,,,0,1,en_sh_ex_060_bt,,1,,15700,16750,,5,,,,,,,,,,,,,,,,,"23,28","NEW extension,Extension SoftBank 809SH"
1667,11387,747,2628,No,57-[extension]58Days (Value Rental Pack: 2Months Pack),2,カート用延長フラグ,Extension SoftBank 809SH,1,,,,,,,,*,sh/img001-ex.jpg,*,sh/img001-ex.jpg,,,,,,,,,,,,,,,,,,,,,,,0,1,en_sh_ex_060,,1,,15700,15700,,5,,,,,,,,,,,,,,,,,"23,28","NEW extension,Extension SoftBank 809SH"
1667,11388,748,2629,Yes,58-[extension]59Days (Value Rental Pack: 2Months Pack),2,カート用延長フラグ,Extension SoftBank 809SH,1,,,,,,,,*,sh/img001-ex.jpg,*,sh/img001-ex.jpg,,,,,,,,,,,,,,,,,,,,,,,0,1,en_sh_ex_060_bt,,1,,15700,16750,,5,,,,,,,,,,,,,,,,,"23,28","NEW extension,Extension SoftBank 809SH"
1667,11389,747,2629,No,58-[extension]59Days (Value Rental Pack: 2Months Pack),2,カート用延長フラグ,Extension SoftBank 809SH,1,,,,,,,,*,sh/img001-ex.jpg,*,sh/img001-ex.jpg,,,,,,,,,,,,,,,,,,,,,,,0,1,en_sh_ex_060,,1,,15700,15700,,5,,,,,,,,,,,,,,,,,"23,28","NEW extension,Extension SoftBank 809SH"
1667,11390,748,2630,Yes,59-[extension]60Days (Value Rental Pack: 2Months Pack),2,カート用延長フラグ,Extension SoftBank 809SH,1,,,,,,,,*,sh/img001-ex.jpg,*,sh/img001-ex.jpg,,,,,,,,,,,,,,,,,,,,,,,0,1,en_sh_ex_060_bt,,1,,15700,16750,,5,,,,,,,,,,,,,,,,,"23,28","NEW extension,Extension SoftBank 809SH"
1667,11391,747,2630,No,59-[extension]60Days (Value Rental Pack: 2Months Pack),2,カート用延長フラグ,Extension SoftBank 809SH,1,,,,,,,,*,sh/img001-ex.jpg,*,sh/img001-ex.jpg,,,,,,,,,,,,,,,,,,,,,,,0,1,en_sh_ex_060,,1,,15700,15700,,5,,,,,,,,,,,,,,,,,"23,28","NEW extension,Extension SoftBank 809SH"
1667,11392,748,2631,Yes,60-[extension]61Days (Value Rental Pack: 2Months Pack),2,カート用延長フラグ,Extension SoftBank 809SH,1,,,,,,,,*,sh/img001-ex.jpg,*,sh/img001-ex.jpg,,,,,,,,,,,,,,,,,,,,,,,0,1,en_sh_ex_060_bt,,1,,15700,16750,,5,,,,,,,,,,,,,,,,,"23,28","NEW extension,Extension SoftBank 809SH"
1667,11393,747,2631,No,60-[extension]61Days (Value Rental Pack: 2Months Pack),2,カート用延長フラグ,Extension SoftBank 809SH,1,,,,,,,,*,sh/img001-ex.jpg,*,sh/img001-ex.jpg,,,,,,,,,,,,,,,,,,,,,,,0,1,en_sh_ex_060,,1,,15700,15700,,5,,,,,,,,,,,,,,,,,"23,28","NEW extension,Extension SoftBank 809SH"
1667,11394,748,2632,Yes,61-[extension]62Days (Value Rental Pack: 2Months Pack + 1Day),2,カート用延長フラグ,Extension SoftBank 809SH,1,,,,,,,,*,sh/img001-ex.jpg,*,sh/img001-ex.jpg,,,,,,,,,,,,,,,,,,,,,,,0,1,en_sh_ex_061_bt,,1,,16290,17390,,5,,,,,,,,,,,,,,,,,"23,28","NEW extension,Extension SoftBank 809SH"
1667,11395,747,2632,No,61-[extension]62Days (Value Rental Pack: 2Months Pack + 1Day),2,カート用延長フラグ,Extension SoftBank 809SH,1,,,,,,,,*,sh/img001-ex.jpg,*,sh/img001-ex.jpg,,,,,,,,,,,,,,,,,,,,,,,0,1,en_sh_ex_061,,1,,16290,16290,,5,,,,,,,,,,,,,,,,,"23,28","NEW extension,Extension SoftBank 809SH"
1667,11396,748,2633,Yes,62-[extension]63Days (Value Rental Pack: 2Months Pack + 2Days),2,カート用延長フラグ,Extension SoftBank 809SH,1,,,,,,,,*,sh/img001-ex.jpg,*,sh/img001-ex.jpg,,,,,,,,,,,,,,,,,,,,,,,0,1,en_sh_ex_062_bt,,1,,16880,18030,,5,,,,,,,,,,,,,,,,,"23,28","NEW extension,Extension SoftBank 809SH"
1667,11397,747,2633,No,62-[extension]63Days (Value Rental Pack: 2Months Pack + 2Days),2,カート用延長フラグ,Extension SoftBank 809SH,1,,,,,,,,*,sh/img001-ex.jpg,*,sh/img001-ex.jpg,,,,,,,,,,,,,,,,,,,,,,,0,1,en_sh_ex_062,,1,,16880,16880,,5,,,,,,,,,,,,,,,,,"23,28","NEW extension,Extension SoftBank 809SH"
1667,11398,748,2634,Yes,63-[extension]64Days (Value Rental Pack: 2Months Pack + 3Days),2,カート用延長フラグ,Extension SoftBank 809SH,1,,,,,,,,*,sh/img001-ex.jpg,*,sh/img001-ex.jpg,,,,,,,,,,,,,,,,,,,,,,,0,1,en_sh_ex_063_bt,,1,,17470,18670,,5,,,,,,,,,,,,,,,,,"23,28","NEW extension,Extension SoftBank 809SH"
1667,11399,747,2634,No,63-[extension]64Days (Value Rental Pack: 2Months Pack + 3Days),2,カート用延長フラグ,Extension SoftBank 809SH,1,,,,,,,,*,sh/img001-ex.jpg,*,sh/img001-ex.jpg,,,,,,,,,,,,,,,,,,,,,,,0,1,en_sh_ex_063,,1,,17470,17470,,5,,,,,,,,,,,,,,,,,"23,28","NEW extension,Extension SoftBank 809SH"
1667,11400,748,2635,Yes,64-[extension]65Days (Value Rental Pack: 2Months Pack + 4Days),2,カート用延長フラグ,Extension SoftBank 809SH,1,,,,,,,,*,sh/img001-ex.jpg,*,sh/img001-ex.jpg,,,,,,,,,,,,,,,,,,,,,,,0,1,en_sh_ex_064_bt,,1,,18060,19310,,5,,,,,,,,,,,,,,,,,"23,28","NEW extension,Extension SoftBank 809SH"
1667,11401,747,2635,No,64-[extension]65Days (Value Rental Pack: 2Months Pack + 4Days),2,カート用延長フラグ,Extension SoftBank 809SH,1,,,,,,,,*,sh/img001-ex.jpg,*,sh/img001-ex.jpg,,,,,,,,,,,,,,,,,,,,,,,0,1,en_sh_ex_064,,1,,18060,18060,,5,,,,,,,,,,,,,,,,,"23,28","NEW extension,Extension SoftBank 809SH"
1667,11402,748,2636,Yes,65-[extension]66Days (Value Rental Pack: 2Months Pack + 5Days),2,カート用延長フラグ,Extension SoftBank 809SH,1,,,,,,,,*,sh/img001-ex.jpg,*,sh/img001-ex.jpg,,,,,,,,,,,,,,,,,,,,,,,0,1,en_sh_ex_065_bt,,1,,18650,19950,,5,,,,,,,,,,,,,,,,,"23,28","NEW extension,Extension SoftBank 809SH"
1667,11403,747,2636,No,65-[extension]66Days (Value Rental Pack: 2Months Pack + 5Days),2,カート用延長フラグ,Extension SoftBank 809SH,1,,,,,,,,*,sh/img001-ex.jpg,*,sh/img001-ex.jpg,,,,,,,,,,,,,,,,,,,,,,,0,1,en_sh_ex_065,,1,,18650,18650,,5,,,,,,,,,,,,,,,,,"23,28","NEW extension,Extension SoftBank 809SH"
1667,11404,748,2637,Yes,66-[extension]67Days (Value Rental Pack: 2Months Pack + 6Days),2,カート用延長フラグ,Extension SoftBank 809SH,1,,,,,,,,*,sh/img001-ex.jpg,*,sh/img001-ex.jpg,,,,,,,,,,,,,,,,,,,,,,,0,1,en_sh_ex_066_bt,,1,,19240,20590,,5,,,,,,,,,,,,,,,,,"23,28","NEW extension,Extension SoftBank 809SH"
1667,11405,747,2637,No,66-[extension]67Days (Value Rental Pack: 2Months Pack + 6Days),2,カート用延長フラグ,Extension SoftBank 809SH,1,,,,,,,,*,sh/img001-ex.jpg,*,sh/img001-ex.jpg,,,,,,,,,,,,,,,,,,,,,,,0,1,en_sh_ex_066,,1,,19240,19240,,5,,,,,,,,,,,,,,,,,"23,28","NEW extension,Extension SoftBank 809SH"
1667,11406,748,2638,Yes,67-[extension]68Days (Value Rental Pack: 2Months Pack + 7Days),2,カート用延長フラグ,Extension SoftBank 809SH,1,,,,,,,,*,sh/img001-ex.jpg,*,sh/img001-ex.jpg,,,,,,,,,,,,,,,,,,,,,,,0,1,en_sh_ex_067_bt,,1,,19830,21180,,5,,,,,,,,,,,,,,,,,"23,28","NEW extension,Extension SoftBank 809SH"
1667,11407,747,2638,No,67-[extension]68Days (Value Rental Pack: 2Months Pack + 7Days),2,カート用延長フラグ,Extension SoftBank 809SH,1,,,,,,,,*,sh/img001-ex.jpg,*,sh/img001-ex.jpg,,,,,,,,,,,,,,,,,,,,,,,0,1,en_sh_ex_067,,1,,19830,19830,,5,,,,,,,,,,,,,,,,,"23,28","NEW extension,Extension SoftBank 809SH"
1667,11408,748,2639,Yes,68-[extension]69Days (Value Rental Pack: 2Months Pack + 8Days),2,カート用延長フラグ,Extension SoftBank 809SH,1,,,,,,,,*,sh/img001-ex.jpg,*,sh/img001-ex.jpg,,,,,,,,,,,,,,,,,,,,,,,0,1,en_sh_ex_068_bt,,1,,20420,21770,,5,,,,,,,,,,,,,,,,,"23,28","NEW extension,Extension SoftBank 809SH"
1667,11409,747,2639,No,68-[extension]69Days (Value Rental Pack: 2Months Pack + 8Days),2,カート用延長フラグ,Extension SoftBank 809SH,1,,,,,,,,*,sh/img001-ex.jpg,*,sh/img001-ex.jpg,,,,,,,,,,,,,,,,,,,,,,,0,1,en_sh_ex_068,,1,,20420,20420,,5,,,,,,,,,,,,,,,,,"23,28","NEW extension,Extension SoftBank 809SH"
1667,11410,748,2640,Yes,69-[extension]70Days (Value Rental Pack: 2Months Pack + 9Days),2,カート用延長フラグ,Extension SoftBank 809SH,1,,,,,,,,*,sh/img001-ex.jpg,*,sh/img001-ex.jpg,,,,,,,,,,,,,,,,,,,,,,,0,1,en_sh_ex_069_bt,,1,,21010,22360,,5,,,,,,,,,,,,,,,,,"23,28","NEW extension,Extension SoftBank 809SH"
1667,11411,747,2640,No,69-[extension]70Days (Value Rental Pack: 2Months Pack + 9Days),2,カート用延長フラグ,Extension SoftBank 809SH,1,,,,,,,,*,sh/img001-ex.jpg,*,sh/img001-ex.jpg,,,,,,,,,,,,,,,,,,,,,,,0,1,en_sh_ex_069,,1,,21010,21010,,5,,,,,,,,,,,,,,,,,"23,28","NEW extension,Extension SoftBank 809SH"
1667,11412,748,2641,Yes,70-[extension]71Days (Value Rental Pack: 2Months Pack + 10Days),2,カート用延長フラグ,Extension SoftBank 809SH,1,,,,,,,,*,sh/img001-ex.jpg,*,sh/img001-ex.jpg,,,,,,,,,,,,,,,,,,,,,,,0,1,en_sh_ex_070_bt,,1,,21600,22950,,5,,,,,,,,,,,,,,,,,"23,28","NEW extension,Extension SoftBank 809SH"
1667,11413,747,2641,No,70-[extension]71Days (Value Rental Pack: 2Months Pack + 10Days),2,カート用延長フラグ,Extension SoftBank 809SH,1,,,,,,,,*,sh/img001-ex.jpg,*,sh/img001-ex.jpg,,,,,,,,,,,,,,,,,,,,,,,0,1,en_sh_ex_070,,1,,21600,21600,,5,,,,,,,,,,,,,,,,,"23,28","NEW extension,Extension SoftBank 809SH"
1667,11414,748,2642,Yes,71-[extension]72Days (Value Rental Pack: 3Months Pack),2,カート用延長フラグ,Extension SoftBank 809SH,1,,,,,,,,*,sh/img001-ex.jpg,*,sh/img001-ex.jpg,,,,,,,,,,,,,,,,,,,,,,,0,1,en_sh_ex_090_bt,,1,,22000,23350,,5,,,,,,,,,,,,,,,,,"23,28","NEW extension,Extension SoftBank 809SH"
1667,11415,747,2642,No,71-[extension]72Days (Value Rental Pack: 3Months Pack),2,カート用延長フラグ,Extension SoftBank 809SH,1,,,,,,,,*,sh/img001-ex.jpg,*,sh/img001-ex.jpg,,,,,,,,,,,,,,,,,,,,,,,0,1,en_sh_ex_090,,1,,22000,22000,,5,,,,,,,,,,,,,,,,,"23,28","NEW extension,Extension SoftBank 809SH"
1667,11416,748,2643,Yes,72-[extension]73Days (Value Rental Pack: 3Months Pack),2,カート用延長フラグ,Extension SoftBank 809SH,1,,,,,,,,*,sh/img001-ex.jpg,*,sh/img001-ex.jpg,,,,,,,,,,,,,,,,,,,,,,,0,1,en_sh_ex_090_bt,,1,,22000,23350,,5,,,,,,,,,,,,,,,,,"23,28","NEW extension,Extension SoftBank 809SH"
1667,11417,747,2643,No,72-[extension]73Days (Value Rental Pack: 3Months Pack),2,カート用延長フラグ,Extension SoftBank 809SH,1,,,,,,,,*,sh/img001-ex.jpg,*,sh/img001-ex.jpg,,,,,,,,,,,,,,,,,,,,,,,0,1,en_sh_ex_090,,1,,22000,22000,,5,,,,,,,,,,,,,,,,,"23,28","NEW extension,Extension SoftBank 809SH"
1667,11418,748,2644,Yes,73-[extension]74Days (Value Rental Pack: 3Months Pack),2,カート用延長フラグ,Extension SoftBank 809SH,1,,,,,,,,*,sh/img001-ex.jpg,*,sh/img001-ex.jpg,,,,,,,,,,,,,,,,,,,,,,,0,1,en_sh_ex_090_bt,,1,,22000,23350,,5,,,,,,,,,,,,,,,,,"23,28","NEW extension,Extension SoftBank 809SH"
1667,11419,747,2644,No,73-[extension]74Days (Value Rental Pack: 3Months Pack),2,カート用延長フラグ,Extension SoftBank 809SH,1,,,,,,,,*,sh/img001-ex.jpg,*,sh/img001-ex.jpg,,,,,,,,,,,,,,,,,,,,,,,0,1,en_sh_ex_090,,1,,22000,22000,,5,,,,,,,,,,,,,,,,,"23,28","NEW extension,Extension SoftBank 809SH"
1667,11420,748,2645,Yes,74-[extension]75Days (Value Rental Pack: 3Months Pack),2,カート用延長フラグ,Extension SoftBank 809SH,1,,,,,,,,*,sh/img001-ex.jpg,*,sh/img001-ex.jpg,,,,,,,,,,,,,,,,,,,,,,,0,1,en_sh_ex_090_bt,,1,,22000,23350,,5,,,,,,,,,,,,,,,,,"23,28","NEW extension,Extension SoftBank 809SH"
1667,11421,747,2645,No,74-[extension]75Days (Value Rental Pack: 3Months Pack),2,カート用延長フラグ,Extension SoftBank 809SH,1,,,,,,,,*,sh/img001-ex.jpg,*,sh/img001-ex.jpg,,,,,,,,,,,,,,,,,,,,,,,0,1,en_sh_ex_090,,1,,22000,22000,,5,,,,,,,,,,,,,,,,,"23,28","NEW extension,Extension SoftBank 809SH"
1667,11422,748,2646,Yes,75-[extension]76Days (Value Rental Pack: 3Months Pack),2,カート用延長フラグ,Extension SoftBank 809SH,1,,,,,,,,*,sh/img001-ex.jpg,*,sh/img001-ex.jpg,,,,,,,,,,,,,,,,,,,,,,,0,1,en_sh_ex_090_bt,,1,,22000,23350,,5,,,,,,,,,,,,,,,,,"23,28","NEW extension,Extension SoftBank 809SH"
1667,11423,747,2646,No,75-[extension]76Days (Value Rental Pack: 3Months Pack),2,カート用延長フラグ,Extension SoftBank 809SH,1,,,,,,,,*,sh/img001-ex.jpg,*,sh/img001-ex.jpg,,,,,,,,,,,,,,,,,,,,,,,0,1,en_sh_ex_090,,1,,22000,22000,,5,,,,,,,,,,,,,,,,,"23,28","NEW extension,Extension SoftBank 809SH"
1667,11424,748,2647,Yes,76-[extension]77Days (Value Rental Pack: 3Months Pack),2,カート用延長フラグ,Extension SoftBank 809SH,1,,,,,,,,*,sh/img001-ex.jpg,*,sh/img001-ex.jpg,,,,,,,,,,,,,,,,,,,,,,,0,1,en_sh_ex_090_bt,,1,,22000,23350,,5,,,,,,,,,,,,,,,,,"23,28","NEW extension,Extension SoftBank 809SH"
1667,11425,747,2647,No,76-[extension]77Days (Value Rental Pack: 3Months Pack),2,カート用延長フラグ,Extension SoftBank 809SH,1,,,,,,,,*,sh/img001-ex.jpg,*,sh/img001-ex.jpg,,,,,,,,,,,,,,,,,,,,,,,0,1,en_sh_ex_090,,1,,22000,22000,,5,,,,,,,,,,,,,,,,,"23,28","NEW extension,Extension SoftBank 809SH"
1667,11426,748,2648,Yes,77-[extension]78Days (Value Rental Pack: 3Months Pack),2,カート用延長フラグ,Extension SoftBank 809SH,1,,,,,,,,*,sh/img001-ex.jpg,*,sh/img001-ex.jpg,,,,,,,,,,,,,,,,,,,,,,,0,1,en_sh_ex_090_bt,,1,,22000,23350,,5,,,,,,,,,,,,,,,,,"23,28","NEW extension,Extension SoftBank 809SH"
1667,11427,747,2648,No,77-[extension]78Days (Value Rental Pack: 3Months Pack),2,カート用延長フラグ,Extension SoftBank 809SH,1,,,,,,,,*,sh/img001-ex.jpg,*,sh/img001-ex.jpg,,,,,,,,,,,,,,,,,,,,,,,0,1,en_sh_ex_090,,1,,22000,22000,,5,,,,,,,,,,,,,,,,,"23,28","NEW extension,Extension SoftBank 809SH"
1667,11428,748,2649,Yes,78-[extension]79Days (Value Rental Pack: 3Months Pack),2,カート用延長フラグ,Extension SoftBank 809SH,1,,,,,,,,*,sh/img001-ex.jpg,*,sh/img001-ex.jpg,,,,,,,,,,,,,,,,,,,,,,,0,1,en_sh_ex_090_bt,,1,,22000,23350,,5,,,,,,,,,,,,,,,,,"23,28","NEW extension,Extension SoftBank 809SH"
1667,11429,747,2649,No,78-[extension]79Days (Value Rental Pack: 3Months Pack),2,カート用延長フラグ,Extension SoftBank 809SH,1,,,,,,,,*,sh/img001-ex.jpg,*,sh/img001-ex.jpg,,,,,,,,,,,,,,,,,,,,,,,0,1,en_sh_ex_090,,1,,22000,22000,,5,,,,,,,,,,,,,,,,,"23,28","NEW extension,Extension SoftBank 809SH"
1667,11430,748,2650,Yes,79-[extension]80Days (Value Rental Pack: 3Months Pack),2,カート用延長フラグ,Extension SoftBank 809SH,1,,,,,,,,*,sh/img001-ex.jpg,*,sh/img001-ex.jpg,,,,,,,,,,,,,,,,,,,,,,,0,1,en_sh_ex_090_bt,,1,,22000,23350,,5,,,,,,,,,,,,,,,,,"23,28","NEW extension,Extension SoftBank 809SH"
1667,11431,747,2650,No,79-[extension]80Days (Value Rental Pack: 3Months Pack),2,カート用延長フラグ,Extension SoftBank 809SH,1,,,,,,,,*,sh/img001-ex.jpg,*,sh/img001-ex.jpg,,,,,,,,,,,,,,,,,,,,,,,0,1,en_sh_ex_090,,1,,22000,22000,,5,,,,,,,,,,,,,,,,,"23,28","NEW extension,Extension SoftBank 809SH"
1667,11432,748,2651,Yes,80-[extension]81Days (Value Rental Pack: 3Months Pack),2,カート用延長フラグ,Extension SoftBank 809SH,1,,,,,,,,*,sh/img001-ex.jpg,*,sh/img001-ex.jpg,,,,,,,,,,,,,,,,,,,,,,,0,1,en_sh_ex_090_bt,,1,,22000,23350,,5,,,,,,,,,,,,,,,,,"23,28","NEW extension,Extension SoftBank 809SH"
1667,11433,747,2651,No,80-[extension]81Days (Value Rental Pack: 3Months Pack),2,カート用延長フラグ,Extension SoftBank 809SH,1,,,,,,,,*,sh/img001-ex.jpg,*,sh/img001-ex.jpg,,,,,,,,,,,,,,,,,,,,,,,0,1,en_sh_ex_090,,1,,22000,22000,,5,,,,,,,,,,,,,,,,,"23,28","NEW extension,Extension SoftBank 809SH"
1667,11434,748,2652,Yes,81-[extension]82Days (Value Rental Pack: 3Months Pack),2,カート用延長フラグ,Extension SoftBank 809SH,1,,,,,,,,*,sh/img001-ex.jpg,*,sh/img001-ex.jpg,,,,,,,,,,,,,,,,,,,,,,,0,1,en_sh_ex_090_bt,,1,,22000,23350,,5,,,,,,,,,,,,,,,,,"23,28","NEW extension,Extension SoftBank 809SH"
1667,11435,747,2652,No,81-[extension]82Days (Value Rental Pack: 3Months Pack),2,カート用延長フラグ,Extension SoftBank 809SH,1,,,,,,,,*,sh/img001-ex.jpg,*,sh/img001-ex.jpg,,,,,,,,,,,,,,,,,,,,,,,0,1,en_sh_ex_090,,1,,22000,22000,,5,,,,,,,,,,,,,,,,,"23,28","NEW extension,Extension SoftBank 809SH"
1667,11436,748,2653,Yes,82-[extension]83Days (Value Rental Pack: 3Months Pack),2,カート用延長フラグ,Extension SoftBank 809SH,1,,,,,,,,*,sh/img001-ex.jpg,*,sh/img001-ex.jpg,,,,,,,,,,,,,,,,,,,,,,,0,1,en_sh_ex_090_bt,,1,,22000,23350,,5,,,,,,,,,,,,,,,,,"23,28","NEW extension,Extension SoftBank 809SH"
1667,11437,747,2653,No,82-[extension]83Days (Value Rental Pack: 3Months Pack),2,カート用延長フラグ,Extension SoftBank 809SH,1,,,,,,,,*,sh/img001-ex.jpg,*,sh/img001-ex.jpg,,,,,,,,,,,,,,,,,,,,,,,0,1,en_sh_ex_090,,1,,22000,22000,,5,,,,,,,,,,,,,,,,,"23,28","NEW extension,Extension SoftBank 809SH"
1667,11438,748,2654,Yes,83-[extension]84Days (Value Rental Pack: 3Months Pack),2,カート用延長フラグ,Extension SoftBank 809SH,1,,,,,,,,*,sh/img001-ex.jpg,*,sh/img001-ex.jpg,,,,,,,,,,,,,,,,,,,,,,,0,1,en_sh_ex_090_bt,,1,,22000,23350,,5,,,,,,,,,,,,,,,,,"23,28","NEW extension,Extension SoftBank 809SH"
1667,11439,747,2654,No,83-[extension]84Days (Value Rental Pack: 3Months Pack),2,カート用延長フラグ,Extension SoftBank 809SH,1,,,,,,,,*,sh/img001-ex.jpg,*,sh/img001-ex.jpg,,,,,,,,,,,,,,,,,,,,,,,0,1,en_sh_ex_090,,1,,22000,22000,,5,,,,,,,,,,,,,,,,,"23,28","NEW extension,Extension SoftBank 809SH"
1667,11440,748,2655,Yes,84-[extension]85Days (Value Rental Pack: 3Months Pack),2,カート用延長フラグ,Extension SoftBank 809SH,1,,,,,,,,*,sh/img001-ex.jpg,*,sh/img001-ex.jpg,,,,,,,,,,,,,,,,,,,,,,,0,1,en_sh_ex_090_bt,,1,,22000,23350,,5,,,,,,,,,,,,,,,,,"23,28","NEW extension,Extension SoftBank 809SH"
1667,11441,747,2655,No,84-[extension]85Days (Value Rental Pack: 3Months Pack),2,カート用延長フラグ,Extension SoftBank 809SH,1,,,,,,,,*,sh/img001-ex.jpg,*,sh/img001-ex.jpg,,,,,,,,,,,,,,,,,,,,,,,0,1,en_sh_ex_090,,1,,22000,22000,,5,,,,,,,,,,,,,,,,,"23,28","NEW extension,Extension SoftBank 809SH"
1667,11442,748,2656,Yes,85-[extension]86Days (Value Rental Pack: 3Months Pack),2,カート用延長フラグ,Extension SoftBank 809SH,1,,,,,,,,*,sh/img001-ex.jpg,*,sh/img001-ex.jpg,,,,,,,,,,,,,,,,,,,,,,,0,1,en_sh_ex_090_bt,,1,,22000,23350,,5,,,,,,,,,,,,,,,,,"23,28","NEW extension,Extension SoftBank 809SH"
1667,11443,747,2656,No,85-[extension]86Days (Value Rental Pack: 3Months Pack),2,カート用延長フラグ,Extension SoftBank 809SH,1,,,,,,,,*,sh/img001-ex.jpg,*,sh/img001-ex.jpg,,,,,,,,,,,,,,,,,,,,,,,0,1,en_sh_ex_090,,1,,22000,22000,,5,,,,,,,,,,,,,,,,,"23,28","NEW extension,Extension SoftBank 809SH"
1667,11444,748,2657,Yes,86-[extension]87Days (Value Rental Pack: 3Months Pack),2,カート用延長フラグ,Extension SoftBank 809SH,1,,,,,,,,*,sh/img001-ex.jpg,*,sh/img001-ex.jpg,,,,,,,,,,,,,,,,,,,,,,,0,1,en_sh_ex_090_bt,,1,,22000,23350,,5,,,,,,,,,,,,,,,,,"23,28","NEW extension,Extension SoftBank 809SH"
1667,11445,747,2657,No,86-[extension]87Days (Value Rental Pack: 3Months Pack),2,カート用延長フラグ,Extension SoftBank 809SH,1,,,,,,,,*,sh/img001-ex.jpg,*,sh/img001-ex.jpg,,,,,,,,,,,,,,,,,,,,,,,0,1,en_sh_ex_090,,1,,22000,22000,,5,,,,,,,,,,,,,,,,,"23,28","NEW extension,Extension SoftBank 809SH"
1667,11446,748,2658,Yes,87-[extension]88Days (Value Rental Pack: 3Months Pack),2,カート用延長フラグ,Extension SoftBank 809SH,1,,,,,,,,*,sh/img001-ex.jpg,*,sh/img001-ex.jpg,,,,,,,,,,,,,,,,,,,,,,,0,1,en_sh_ex_090_bt,,1,,22000,23350,,5,,,,,,,,,,,,,,,,,"23,28","NEW extension,Extension SoftBank 809SH"
1667,11447,747,2658,No,87-[extension]88Days (Value Rental Pack: 3Months Pack),2,カート用延長フラグ,Extension SoftBank 809SH,1,,,,,,,,*,sh/img001-ex.jpg,*,sh/img001-ex.jpg,,,,,,,,,,,,,,,,,,,,,,,0,1,en_sh_ex_090,,1,,22000,22000,,5,,,,,,,,,,,,,,,,,"23,28","NEW extension,Extension SoftBank 809SH"
1667,11448,748,2659,Yes,88-[extension]89Days (Value Rental Pack: 3Months Pack),2,カート用延長フラグ,Extension SoftBank 809SH,1,,,,,,,,*,sh/img001-ex.jpg,*,sh/img001-ex.jpg,,,,,,,,,,,,,,,,,,,,,,,0,1,en_sh_ex_090_bt,,1,,22000,23350,,5,,,,,,,,,,,,,,,,,"23,28","NEW extension,Extension SoftBank 809SH"
1667,11449,747,2659,No,88-[extension]89Days (Value Rental Pack: 3Months Pack),2,カート用延長フラグ,Extension SoftBank 809SH,1,,,,,,,,*,sh/img001-ex.jpg,*,sh/img001-ex.jpg,,,,,,,,,,,,,,,,,,,,,,,0,1,en_sh_ex_090,,1,,22000,22000,,5,,,,,,,,,,,,,,,,,"23,28","NEW extension,Extension SoftBank 809SH"
1667,11450,748,2660,Yes,89-[extension]90Days (Value Rental Pack: 3Months Pack),2,カート用延長フラグ,Extension SoftBank 809SH,1,,,,,,,,*,sh/img001-ex.jpg,*,sh/img001-ex.jpg,,,,,,,,,,,,,,,,,,,,,,,0,1,en_sh_ex_090_bt,,1,,22000,23350,,5,,,,,,,,,,,,,,,,,"23,28","NEW extension,Extension SoftBank 809SH"
1667,11451,747,2660,No,89-[extension]90Days (Value Rental Pack: 3Months Pack),2,カート用延長フラグ,Extension SoftBank 809SH,1,,,,,,,,*,sh/img001-ex.jpg,*,sh/img001-ex.jpg,,,,,,,,,,,,,,,,,,,,,,,0,1,en_sh_ex_090,,1,,22000,22000,,5,,,,,,,,,,,,,,,,,"23,28","NEW extension,Extension SoftBank 809SH"
1667,11452,748,2661,Yes,90-[extension]91Days (Value Rental Pack: 3Months Pack),2,カート用延長フラグ,Extension SoftBank 809SH,1,,,,,,,,*,sh/img001-ex.jpg,*,sh/img001-ex.jpg,,,,,,,,,,,,,,,,,,,,,,,0,1,en_sh_ex_090_bt,,1,,22000,23350,,5,,,,,,,,,,,,,,,,,"23,28","NEW extension,Extension SoftBank 809SH"
1667,11453,747,2661,No,90-[extension]91Days (Value Rental Pack: 3Months Pack),2,カート用延長フラグ,Extension SoftBank 809SH,1,,,,,,,,*,sh/img001-ex.jpg,*,sh/img001-ex.jpg,,,,,,,,,,,,,,,,,,,,,,,0,1,en_sh_ex_090,,1,,22000,22000,,5,,,,,,,,,,,,,,,,,"23,28","NEW extension,Extension SoftBank 809SH"
1667,11454,748,2662,Yes,91-[extension]92Days (Value Rental Pack: 3Months Pack + 1Day),2,カート用延長フラグ,Extension SoftBank 809SH,1,,,,,,,,*,sh/img001-ex.jpg,*,sh/img001-ex.jpg,,,,,,,,,,,,,,,,,,,,,,,0,1,en_sh_ex_091_bt,,1,,22590,23990,,5,,,,,,,,,,,,,,,,,"23,28","NEW extension,Extension SoftBank 809SH"
1667,11455,747,2662,No,91-[extension]92Days (Value Rental Pack: 3Months Pack + 1Day),2,カート用延長フラグ,Extension SoftBank 809SH,1,,,,,,,,*,sh/img001-ex.jpg,*,sh/img001-ex.jpg,,,,,,,,,,,,,,,,,,,,,,,0,1,en_sh_ex_091,,1,,22590,22590,,5,,,,,,,,,,,,,,,,,"23,28","NEW extension,Extension SoftBank 809SH"
1667,11456,748,2663,Yes,92-[extension]93Days (Value Rental Pack: 3Months Pack + 2Days),2,カート用延長フラグ,Extension SoftBank 809SH,1,,,,,,,,*,sh/img001-ex.jpg,*,sh/img001-ex.jpg,,,,,,,,,,,,,,,,,,,,,,,0,1,en_sh_ex_092_bt,,1,,23180,24630,,5,,,,,,,,,,,,,,,,,"23,28","NEW extension,Extension SoftBank 809SH"
1667,11457,747,2663,No,92-[extension]93Days (Value Rental Pack: 3Months Pack + 2Days),2,カート用延長フラグ,Extension SoftBank 809SH,1,,,,,,,,*,sh/img001-ex.jpg,*,sh/img001-ex.jpg,,,,,,,,,,,,,,,,,,,,,,,0,1,en_sh_ex_092,,1,,23180,23180,,5,,,,,,,,,,,,,,,,,"23,28","NEW extension,Extension SoftBank 809SH"
1667,11458,748,2664,Yes,93-[extension]94Days (Value Rental Pack: 3Months Pack + 3Days),2,カート用延長フラグ,Extension SoftBank 809SH,1,,,,,,,,*,sh/img001-ex.jpg,*,sh/img001-ex.jpg,,,,,,,,,,,,,,,,,,,,,,,0,1,en_sh_ex_093_bt,,1,,23770,25270,,5,,,,,,,,,,,,,,,,,"23,28","NEW extension,Extension SoftBank 809SH"
1667,11459,747,2664,No,93-[extension]94Days (Value Rental Pack: 3Months Pack + 3Days),2,カート用延長フラグ,Extension SoftBank 809SH,1,,,,,,,,*,sh/img001-ex.jpg,*,sh/img001-ex.jpg,,,,,,,,,,,,,,,,,,,,,,,0,1,en_sh_ex_093,,1,,23770,23770,,5,,,,,,,,,,,,,,,,,"23,28","NEW extension,Extension SoftBank 809SH"
1667,11460,748,2665,Yes,94-[extension]95Days (Value Rental Pack: 3Months Pack + 4Days),2,カート用延長フラグ,Extension SoftBank 809SH,1,,,,,,,,*,sh/img001-ex.jpg,*,sh/img001-ex.jpg,,,,,,,,,,,,,,,,,,,,,,,0,1,en_sh_ex_094_bt,,1,,24360,25910,,5,,,,,,,,,,,,,,,,,"23,28","NEW extension,Extension SoftBank 809SH"
1667,11461,747,2665,No,94-[extension]95Days (Value Rental Pack: 3Months Pack + 4Days),2,カート用延長フラグ,Extension SoftBank 809SH,1,,,,,,,,*,sh/img001-ex.jpg,*,sh/img001-ex.jpg,,,,,,,,,,,,,,,,,,,,,,,0,1,en_sh_ex_094,,1,,24360,24360,,5,,,,,,,,,,,,,,,,,"23,28","NEW extension,Extension SoftBank 809SH"
1667,11462,748,2666,Yes,95-[extension]96Days (Value Rental Pack: 3Months Pack + 5Days),2,カート用延長フラグ,Extension SoftBank 809SH,1,,,,,,,,*,sh/img001-ex.jpg,*,sh/img001-ex.jpg,,,,,,,,,,,,,,,,,,,,,,,0,1,en_sh_ex_095_bt,,1,,24950,26550,,5,,,,,,,,,,,,,,,,,"23,28","NEW extension,Extension SoftBank 809SH"
1667,11463,747,2666,No,95-[extension]96Days (Value Rental Pack: 3Months Pack + 5Days),2,カート用延長フラグ,Extension SoftBank 809SH,1,,,,,,,,*,sh/img001-ex.jpg,*,sh/img001-ex.jpg,,,,,,,,,,,,,,,,,,,,,,,0,1,en_sh_ex_095,,1,,24950,24950,,5,,,,,,,,,,,,,,,,,"23,28","NEW extension,Extension SoftBank 809SH"
1667,11464,748,2667,Yes,96-[extension]97Days (Value Rental Pack: 3Months Pack + 6Days),2,カート用延長フラグ,Extension SoftBank 809SH,1,,,,,,,,*,sh/img001-ex.jpg,*,sh/img001-ex.jpg,,,,,,,,,,,,,,,,,,,,,,,0,1,en_sh_ex_096_bt,,1,,25540,27190,,5,,,,,,,,,,,,,,,,,"23,28","NEW extension,Extension SoftBank 809SH"
1667,11465,747,2667,No,96-[extension]97Days (Value Rental Pack: 3Months Pack + 6Days),2,カート用延長フラグ,Extension SoftBank 809SH,1,,,,,,,,*,sh/img001-ex.jpg,*,sh/img001-ex.jpg,,,,,,,,,,,,,,,,,,,,,,,0,1,en_sh_ex_096,,1,,25540,25540,,5,,,,,,,,,,,,,,,,,"23,28","NEW extension,Extension SoftBank 809SH"
1667,11466,748,2668,Yes,97-[extension]98Days (Value Rental Pack: 3Months Pack + 7Days),2,カート用延長フラグ,Extension SoftBank 809SH,1,,,,,,,,*,sh/img001-ex.jpg,*,sh/img001-ex.jpg,,,,,,,,,,,,,,,,,,,,,,,0,1,en_sh_ex_097_bt,,1,,26130,27780,,5,,,,,,,,,,,,,,,,,"23,28","NEW extension,Extension SoftBank 809SH"
1667,11467,747,2668,No,97-[extension]98Days (Value Rental Pack: 3Months Pack + 7Days),2,カート用延長フラグ,Extension SoftBank 809SH,1,,,,,,,,*,sh/img001-ex.jpg,*,sh/img001-ex.jpg,,,,,,,,,,,,,,,,,,,,,,,0,1,en_sh_ex_097,,1,,26130,26130,,5,,,,,,,,,,,,,,,,,"23,28","NEW extension,Extension SoftBank 809SH"
1667,11468,748,2669,Yes,98-[extension]99Days (Value Rental Pack: 3Months Pack + 8Days),2,カート用延長フラグ,Extension SoftBank 809SH,1,,,,,,,,*,sh/img001-ex.jpg,*,sh/img001-ex.jpg,,,,,,,,,,,,,,,,,,,,,,,0,1,en_sh_ex_098_bt,,1,,26720,28370,,5,,,,,,,,,,,,,,,,,"23,28","NEW extension,Extension SoftBank 809SH"
1667,11469,747,2669,No,98-[extension]99Days (Value Rental Pack: 3Months Pack + 8Days),2,カート用延長フラグ,Extension SoftBank 809SH,1,,,,,,,,*,sh/img001-ex.jpg,*,sh/img001-ex.jpg,,,,,,,,,,,,,,,,,,,,,,,0,1,en_sh_ex_098,,1,,26720,26720,,5,,,,,,,,,,,,,,,,,"23,28","NEW extension,Extension SoftBank 809SH"
1667,11470,748,2670,Yes,99-[extension]100Days (Value Rental Pack: 3Months Pack + 9Days),2,カート用延長フラグ,Extension SoftBank 809SH,1,,,,,,,,*,sh/img001-ex.jpg,*,sh/img001-ex.jpg,,,,,,,,,,,,,,,,,,,,,,,0,1,en_sh_ex_099_bt,,1,,27310,28960,,5,,,,,,,,,,,,,,,,,"23,28","NEW extension,Extension SoftBank 809SH"
1667,11471,747,2670,No,99-[extension]100Days (Value Rental Pack: 3Months Pack + 9Days),2,カート用延長フラグ,Extension SoftBank 809SH,1,,,,,,,,*,sh/img001-ex.jpg,*,sh/img001-ex.jpg,,,,,,,,,,,,,,,,,,,,,,,0,1,en_sh_ex_099,,1,,27310,27310,,5,,,,,,,,,,,,,,,,,"23,28","NEW extension,Extension SoftBank 809SH"
1667,11472,748,2671,Yes,100-[extension]101Days (Value Rental Pack: 4Months Pack),2,カート用延長フラグ,Extension SoftBank 809SH,1,,,,,,,,*,sh/img001-ex.jpg,*,sh/img001-ex.jpg,,,,,,,,,,,,,,,,,,,,,,,0,1,en_sh_ex_120_bt,,1,,27600,29250,,5,,,,,,,,,,,,,,,,,"23,28","NEW extension,Extension SoftBank 809SH"
1667,11473,747,2671,No,100-[extension]101Days (Value Rental Pack: 4Months Pack),2,カート用延長フラグ,Extension SoftBank 809SH,1,,,,,,,,*,sh/img001-ex.jpg,*,sh/img001-ex.jpg,,,,,,,,,,,,,,,,,,,,,,,0,1,en_sh_ex_120,,1,,27600,27600,,5,,,,,,,,,,,,,,,,,"23,28","NEW extension,Extension SoftBank 809SH"
1667,11474,748,2672,Yes,101-[extension]102Days (Value Rental Pack: 4Months Pack),2,カート用延長フラグ,Extension SoftBank 809SH,1,,,,,,,,*,sh/img001-ex.jpg,*,sh/img001-ex.jpg,,,,,,,,,,,,,,,,,,,,,,,0,1,en_sh_ex_120_bt,,1,,27600,29250,,5,,,,,,,,,,,,,,,,,"23,28","NEW extension,Extension SoftBank 809SH"
1667,11475,747,2672,No,101-[extension]102Days (Value Rental Pack: 4Months Pack),2,カート用延長フラグ,Extension SoftBank 809SH,1,,,,,,,,*,sh/img001-ex.jpg,*,sh/img001-ex.jpg,,,,,,,,,,,,,,,,,,,,,,,0,1,en_sh_ex_120,,1,,27600,27600,,5,,,,,,,,,,,,,,,,,"23,28","NEW extension,Extension SoftBank 809SH"
1667,11476,748,2673,Yes,102-[extension]103Days (Value Rental Pack: 4Months Pack),2,カート用延長フラグ,Extension SoftBank 809SH,1,,,,,,,,*,sh/img001-ex.jpg,*,sh/img001-ex.jpg,,,,,,,,,,,,,,,,,,,,,,,0,1,en_sh_ex_120_bt,,1,,27600,29250,,5,,,,,,,,,,,,,,,,,"23,28","NEW extension,Extension SoftBank 809SH"
1667,11477,747,2673,No,102-[extension]103Days (Value Rental Pack: 4Months Pack),2,カート用延長フラグ,Extension SoftBank 809SH,1,,,,,,,,*,sh/img001-ex.jpg,*,sh/img001-ex.jpg,,,,,,,,,,,,,,,,,,,,,,,0,1,en_sh_ex_120,,1,,27600,27600,,5,,,,,,,,,,,,,,,,,"23,28","NEW extension,Extension SoftBank 809SH"
1667,11478,748,2674,Yes,103-[extension]104Days (Value Rental Pack: 4Months Pack),2,カート用延長フラグ,Extension SoftBank 809SH,1,,,,,,,,*,sh/img001-ex.jpg,*,sh/img001-ex.jpg,,,,,,,,,,,,,,,,,,,,,,,0,1,en_sh_ex_120_bt,,1,,27600,29250,,5,,,,,,,,,,,,,,,,,"23,28","NEW extension,Extension SoftBank 809SH"
1667,11479,747,2674,No,103-[extension]104Days (Value Rental Pack: 4Months Pack),2,カート用延長フラグ,Extension SoftBank 809SH,1,,,,,,,,*,sh/img001-ex.jpg,*,sh/img001-ex.jpg,,,,,,,,,,,,,,,,,,,,,,,0,1,en_sh_ex_120,,1,,27600,27600,,5,,,,,,,,,,,,,,,,,"23,28","NEW extension,Extension SoftBank 809SH"
1667,11480,748,2675,Yes,104-[extension]105Days (Value Rental Pack: 4Months Pack),2,カート用延長フラグ,Extension SoftBank 809SH,1,,,,,,,,*,sh/img001-ex.jpg,*,sh/img001-ex.jpg,,,,,,,,,,,,,,,,,,,,,,,0,1,en_sh_ex_120_bt,,1,,27600,29250,,5,,,,,,,,,,,,,,,,,"23,28","NEW extension,Extension SoftBank 809SH"
1667,11481,747,2675,No,104-[extension]105Days (Value Rental Pack: 4Months Pack),2,カート用延長フラグ,Extension SoftBank 809SH,1,,,,,,,,*,sh/img001-ex.jpg,*,sh/img001-ex.jpg,,,,,,,,,,,,,,,,,,,,,,,0,1,en_sh_ex_120,,1,,27600,27600,,5,,,,,,,,,,,,,,,,,"23,28","NEW extension,Extension SoftBank 809SH"
1667,11482,748,2676,Yes,105-[extension]106Days (Value Rental Pack: 4Months Pack),2,カート用延長フラグ,Extension SoftBank 809SH,1,,,,,,,,*,sh/img001-ex.jpg,*,sh/img001-ex.jpg,,,,,,,,,,,,,,,,,,,,,,,0,1,en_sh_ex_120_bt,,1,,27600,29250,,5,,,,,,,,,,,,,,,,,"23,28","NEW extension,Extension SoftBank 809SH"
1667,11483,747,2676,No,105-[extension]106Days (Value Rental Pack: 4Months Pack),2,カート用延長フラグ,Extension SoftBank 809SH,1,,,,,,,,*,sh/img001-ex.jpg,*,sh/img001-ex.jpg,,,,,,,,,,,,,,,,,,,,,,,0,1,en_sh_ex_120,,1,,27600,27600,,5,,,,,,,,,,,,,,,,,"23,28","NEW extension,Extension SoftBank 809SH"
1667,11484,748,2677,Yes,106-[extension]107Days (Value Rental Pack: 4Months Pack),2,カート用延長フラグ,Extension SoftBank 809SH,1,,,,,,,,*,sh/img001-ex.jpg,*,sh/img001-ex.jpg,,,,,,,,,,,,,,,,,,,,,,,0,1,en_sh_ex_120_bt,,1,,27600,29250,,5,,,,,,,,,,,,,,,,,"23,28","NEW extension,Extension SoftBank 809SH"
1667,11485,747,2677,No,106-[extension]107Days (Value Rental Pack: 4Months Pack),2,カート用延長フラグ,Extension SoftBank 809SH,1,,,,,,,,*,sh/img001-ex.jpg,*,sh/img001-ex.jpg,,,,,,,,,,,,,,,,,,,,,,,0,1,en_sh_ex_120,,1,,27600,27600,,5,,,,,,,,,,,,,,,,,"23,28","NEW extension,Extension SoftBank 809SH"
1667,11486,748,2678,Yes,107-[extension]108Days (Value Rental Pack: 4Months Pack),2,カート用延長フラグ,Extension SoftBank 809SH,1,,,,,,,,*,sh/img001-ex.jpg,*,sh/img001-ex.jpg,,,,,,,,,,,,,,,,,,,,,,,0,1,en_sh_ex_120_bt,,1,,27600,29250,,5,,,,,,,,,,,,,,,,,"23,28","NEW extension,Extension SoftBank 809SH"
1667,11487,747,2678,No,107-[extension]108Days (Value Rental Pack: 4Months Pack),2,カート用延長フラグ,Extension SoftBank 809SH,1,,,,,,,,*,sh/img001-ex.jpg,*,sh/img001-ex.jpg,,,,,,,,,,,,,,,,,,,,,,,0,1,en_sh_ex_120,,1,,27600,27600,,5,,,,,,,,,,,,,,,,,"23,28","NEW extension,Extension SoftBank 809SH"
1667,11488,748,2679,Yes,108-[extension]109Days (Value Rental Pack: 4Months Pack),2,カート用延長フラグ,Extension SoftBank 809SH,1,,,,,,,,*,sh/img001-ex.jpg,*,sh/img001-ex.jpg,,,,,,,,,,,,,,,,,,,,,,,0,1,en_sh_ex_120_bt,,1,,27600,29250,,5,,,,,,,,,,,,,,,,,"23,28","NEW extension,Extension SoftBank 809SH"
1667,11489,747,2679,No,108-[extension]109Days (Value Rental Pack: 4Months Pack),2,カート用延長フラグ,Extension SoftBank 809SH,1,,,,,,,,*,sh/img001-ex.jpg,*,sh/img001-ex.jpg,,,,,,,,,,,,,,,,,,,,,,,0,1,en_sh_ex_120,,1,,27600,27600,,5,,,,,,,,,,,,,,,,,"23,28","NEW extension,Extension SoftBank 809SH"
1667,11490,748,2680,Yes,109-[extension]110Days (Value Rental Pack: 4Months Pack),2,カート用延長フラグ,Extension SoftBank 809SH,1,,,,,,,,*,sh/img001-ex.jpg,*,sh/img001-ex.jpg,,,,,,,,,,,,,,,,,,,,,,,0,1,en_sh_ex_120_bt,,1,,27600,29250,,5,,,,,,,,,,,,,,,,,"23,28","NEW extension,Extension SoftBank 809SH"
1667,11491,747,2680,No,109-[extension]110Days (Value Rental Pack: 4Months Pack),2,カート用延長フラグ,Extension SoftBank 809SH,1,,,,,,,,*,sh/img001-ex.jpg,*,sh/img001-ex.jpg,,,,,,,,,,,,,,,,,,,,,,,0,1,en_sh_ex_120,,1,,27600,27600,,5,,,,,,,,,,,,,,,,,"23,28","NEW extension,Extension SoftBank 809SH"
1667,11492,748,2681,Yes,110-[extension]111Days (Value Rental Pack: 4Months Pack),2,カート用延長フラグ,Extension SoftBank 809SH,1,,,,,,,,*,sh/img001-ex.jpg,*,sh/img001-ex.jpg,,,,,,,,,,,,,,,,,,,,,,,0,1,en_sh_ex_120_bt,,1,,27600,29250,,5,,,,,,,,,,,,,,,,,"23,28","NEW extension,Extension SoftBank 809SH"
1667,11493,747,2681,No,110-[extension]111Days (Value Rental Pack: 4Months Pack),2,カート用延長フラグ,Extension SoftBank 809SH,1,,,,,,,,*,sh/img001-ex.jpg,*,sh/img001-ex.jpg,,,,,,,,,,,,,,,,,,,,,,,0,1,en_sh_ex_120,,1,,27600,27600,,5,,,,,,,,,,,,,,,,,"23,28","NEW extension,Extension SoftBank 809SH"
1667,11494,748,2682,Yes,111-[extension]112Days (Value Rental Pack: 4Months Pack),2,カート用延長フラグ,Extension SoftBank 809SH,1,,,,,,,,*,sh/img001-ex.jpg,*,sh/img001-ex.jpg,,,,,,,,,,,,,,,,,,,,,,,0,1,en_sh_ex_120_bt,,1,,27600,29250,,5,,,,,,,,,,,,,,,,,"23,28","NEW extension,Extension SoftBank 809SH"
1667,11495,747,2682,No,111-[extension]112Days (Value Rental Pack: 4Months Pack),2,カート用延長フラグ,Extension SoftBank 809SH,1,,,,,,,,*,sh/img001-ex.jpg,*,sh/img001-ex.jpg,,,,,,,,,,,,,,,,,,,,,,,0,1,en_sh_ex_120,,1,,27600,27600,,5,,,,,,,,,,,,,,,,,"23,28","NEW extension,Extension SoftBank 809SH"
1667,11496,748,2683,Yes,112-[extension]113Days (Value Rental Pack: 4Months Pack),2,カート用延長フラグ,Extension SoftBank 809SH,1,,,,,,,,*,sh/img001-ex.jpg,*,sh/img001-ex.jpg,,,,,,,,,,,,,,,,,,,,,,,0,1,en_sh_ex_120_bt,,1,,27600,29250,,5,,,,,,,,,,,,,,,,,"23,28","NEW extension,Extension SoftBank 809SH"
1667,11497,747,2683,No,112-[extension]113Days (Value Rental Pack: 4Months Pack),2,カート用延長フラグ,Extension SoftBank 809SH,1,,,,,,,,*,sh/img001-ex.jpg,*,sh/img001-ex.jpg,,,,,,,,,,,,,,,,,,,,,,,0,1,en_sh_ex_120,,1,,27600,27600,,5,,,,,,,,,,,,,,,,,"23,28","NEW extension,Extension SoftBank 809SH"
1667,11498,748,2684,Yes,113-[extension]114Days (Value Rental Pack: 4Months Pack),2,カート用延長フラグ,Extension SoftBank 809SH,1,,,,,,,,*,sh/img001-ex.jpg,*,sh/img001-ex.jpg,,,,,,,,,,,,,,,,,,,,,,,0,1,en_sh_ex_120_bt,,1,,27600,29250,,5,,,,,,,,,,,,,,,,,"23,28","NEW extension,Extension SoftBank 809SH"
1667,11499,747,2684,No,113-[extension]114Days (Value Rental Pack: 4Months Pack),2,カート用延長フラグ,Extension SoftBank 809SH,1,,,,,,,,*,sh/img001-ex.jpg,*,sh/img001-ex.jpg,,,,,,,,,,,,,,,,,,,,,,,0,1,en_sh_ex_120,,1,,27600,27600,,5,,,,,,,,,,,,,,,,,"23,28","NEW extension,Extension SoftBank 809SH"
1667,11500,748,2685,Yes,114-[extension]115Days (Value Rental Pack: 4Months Pack),2,カート用延長フラグ,Extension SoftBank 809SH,1,,,,,,,,*,sh/img001-ex.jpg,*,sh/img001-ex.jpg,,,,,,,,,,,,,,,,,,,,,,,0,1,en_sh_ex_120_bt,,1,,27600,29250,,5,,,,,,,,,,,,,,,,,"23,28","NEW extension,Extension SoftBank 809SH"
1667,11501,747,2685,No,114-[extension]115Days (Value Rental Pack: 4Months Pack),2,カート用延長フラグ,Extension SoftBank 809SH,1,,,,,,,,*,sh/img001-ex.jpg,*,sh/img001-ex.jpg,,,,,,,,,,,,,,,,,,,,,,,0,1,en_sh_ex_120,,1,,27600,27600,,5,,,,,,,,,,,,,,,,,"23,28","NEW extension,Extension SoftBank 809SH"
1667,11502,748,2686,Yes,115-[extension]116Days (Value Rental Pack: 4Months Pack),2,カート用延長フラグ,Extension SoftBank 809SH,1,,,,,,,,*,sh/img001-ex.jpg,*,sh/img001-ex.jpg,,,,,,,,,,,,,,,,,,,,,,,0,1,en_sh_ex_120_bt,,1,,27600,29250,,5,,,,,,,,,,,,,,,,,"23,28","NEW extension,Extension SoftBank 809SH"
1667,11503,747,2686,No,115-[extension]116Days (Value Rental Pack: 4Months Pack),2,カート用延長フラグ,Extension SoftBank 809SH,1,,,,,,,,*,sh/img001-ex.jpg,*,sh/img001-ex.jpg,,,,,,,,,,,,,,,,,,,,,,,0,1,en_sh_ex_120,,1,,27600,27600,,5,,,,,,,,,,,,,,,,,"23,28","NEW extension,Extension SoftBank 809SH"
1667,11504,748,2687,Yes,116-[extension]117Days (Value Rental Pack: 4Months Pack),2,カート用延長フラグ,Extension SoftBank 809SH,1,,,,,,,,*,sh/img001-ex.jpg,*,sh/img001-ex.jpg,,,,,,,,,,,,,,,,,,,,,,,0,1,en_sh_ex_120_bt,,1,,27600,29250,,5,,,,,,,,,,,,,,,,,"23,28","NEW extension,Extension SoftBank 809SH"
1667,11505,747,2687,No,116-[extension]117Days (Value Rental Pack: 4Months Pack),2,カート用延長フラグ,Extension SoftBank 809SH,1,,,,,,,,*,sh/img001-ex.jpg,*,sh/img001-ex.jpg,,,,,,,,,,,,,,,,,,,,,,,0,1,en_sh_ex_120,,1,,27600,27600,,5,,,,,,,,,,,,,,,,,"23,28","NEW extension,Extension SoftBank 809SH"
1667,11506,748,2688,Yes,117-[extension]118Days (Value Rental Pack: 4Months Pack),2,カート用延長フラグ,Extension SoftBank 809SH,1,,,,,,,,*,sh/img001-ex.jpg,*,sh/img001-ex.jpg,,,,,,,,,,,,,,,,,,,,,,,0,1,en_sh_ex_120_bt,,1,,27600,29250,,5,,,,,,,,,,,,,,,,,"23,28","NEW extension,Extension SoftBank 809SH"
1667,11507,747,2688,No,117-[extension]118Days (Value Rental Pack: 4Months Pack),2,カート用延長フラグ,Extension SoftBank 809SH,1,,,,,,,,*,sh/img001-ex.jpg,*,sh/img001-ex.jpg,,,,,,,,,,,,,,,,,,,,,,,0,1,en_sh_ex_120,,1,,27600,27600,,5,,,,,,,,,,,,,,,,,"23,28","NEW extension,Extension SoftBank 809SH"
1667,11508,748,2689,Yes,118-[extension]119Days (Value Rental Pack: 4Months Pack),2,カート用延長フラグ,Extension SoftBank 809SH,1,,,,,,,,*,sh/img001-ex.jpg,*,sh/img001-ex.jpg,,,,,,,,,,,,,,,,,,,,,,,0,1,en_sh_ex_120_bt,,1,,27600,29250,,5,,,,,,,,,,,,,,,,,"23,28","NEW extension,Extension SoftBank 809SH"
1667,11509,747,2689,No,118-[extension]119Days (Value Rental Pack: 4Months Pack),2,カート用延長フラグ,Extension SoftBank 809SH,1,,,,,,,,*,sh/img001-ex.jpg,*,sh/img001-ex.jpg,,,,,,,,,,,,,,,,,,,,,,,0,1,en_sh_ex_120,,1,,27600,27600,,5,,,,,,,,,,,,,,,,,"23,28","NEW extension,Extension SoftBank 809SH"
1667,11510,748,2690,Yes,119-[extension]120Days (Value Rental Pack: 4Months Pack),2,カート用延長フラグ,Extension SoftBank 809SH,1,,,,,,,,*,sh/img001-ex.jpg,*,sh/img001-ex.jpg,,,,,,,,,,,,,,,,,,,,,,,0,1,en_sh_ex_120_bt,,1,,27600,29250,,5,,,,,,,,,,,,,,,,,"23,28","NEW extension,Extension SoftBank 809SH"
1667,11511,747,2690,No,119-[extension]120Days (Value Rental Pack: 4Months Pack),2,カート用延長フラグ,Extension SoftBank 809SH,1,,,,,,,,*,sh/img001-ex.jpg,*,sh/img001-ex.jpg,,,,,,,,,,,,,,,,,,,,,,,0,1,en_sh_ex_120,,1,,27600,27600,,5,,,,,,,,,,,,,,,,,"23,28","NEW extension,Extension SoftBank 809SH"
1667,11512,748,2691,Yes,120-[extension]121Days (Value Rental Pack: 4Months Pack),2,カート用延長フラグ,Extension SoftBank 809SH,1,,,,,,,,*,sh/img001-ex.jpg,*,sh/img001-ex.jpg,,,,,,,,,,,,,,,,,,,,,,,0,1,en_sh_ex_120_bt,,1,,27600,29250,,5,,,,,,,,,,,,,,,,,"23,28","NEW extension,Extension SoftBank 809SH"
1667,11513,747,2691,No,120-[extension]121Days (Value Rental Pack: 4Months Pack),2,カート用延長フラグ,Extension SoftBank 809SH,1,,,,,,,,*,sh/img001-ex.jpg,*,sh/img001-ex.jpg,,,,,,,,,,,,,,,,,,,,,,,0,1,en_sh_ex_120,,1,,27600,27600,,5,,,,,,,,,,,,,,,,,"23,28","NEW extension,Extension SoftBank 809SH"
1667,11514,748,2692,Yes,121-[extension]122Days (Value Rental Pack: 4Months Pack + 1Day),2,カート用延長フラグ,Extension SoftBank 809SH,1,,,,,,,,*,sh/img001-ex.jpg,*,sh/img001-ex.jpg,,,,,,,,,,,,,,,,,,,,,,,0,1,en_sh_ex_121_bt,,1,,28190,29890,,5,,,,,,,,,,,,,,,,,"23,28","NEW extension,Extension SoftBank 809SH"
1667,11515,747,2692,No,121-[extension]122Days (Value Rental Pack: 4Months Pack + 1Day),2,カート用延長フラグ,Extension SoftBank 809SH,1,,,,,,,,*,sh/img001-ex.jpg,*,sh/img001-ex.jpg,,,,,,,,,,,,,,,,,,,,,,,0,1,en_sh_ex_121,,1,,28190,28190,,5,,,,,,,,,,,,,,,,,"23,28","NEW extension,Extension SoftBank 809SH"
1667,11516,748,2693,Yes,122-[extension]123Days (Value Rental Pack: 4Months Pack + 2Days),2,カート用延長フラグ,Extension SoftBank 809SH,1,,,,,,,,*,sh/img001-ex.jpg,*,sh/img001-ex.jpg,,,,,,,,,,,,,,,,,,,,,,,0,1,en_sh_ex_122_bt,,1,,28780,30530,,5,,,,,,,,,,,,,,,,,"23,28","NEW extension,Extension SoftBank 809SH"
1667,11517,747,2693,No,122-[extension]123Days (Value Rental Pack: 4Months Pack + 2Days),2,カート用延長フラグ,Extension SoftBank 809SH,1,,,,,,,,*,sh/img001-ex.jpg,*,sh/img001-ex.jpg,,,,,,,,,,,,,,,,,,,,,,,0,1,en_sh_ex_122,,1,,28780,28780,,5,,,,,,,,,,,,,,,,,"23,28","NEW extension,Extension SoftBank 809SH"
1667,11518,748,2694,Yes,123-[extension]124Days (Value Rental Pack: 4Months Pack + 3Days),2,カート用延長フラグ,Extension SoftBank 809SH,1,,,,,,,,*,sh/img001-ex.jpg,*,sh/img001-ex.jpg,,,,,,,,,,,,,,,,,,,,,,,0,1,en_sh_ex_123_bt,,1,,29370,31170,,5,,,,,,,,,,,,,,,,,"23,28","NEW extension,Extension SoftBank 809SH"
1667,11519,747,2694,No,123-[extension]124Days (Value Rental Pack: 4Months Pack + 3Days),2,カート用延長フラグ,Extension SoftBank 809SH,1,,,,,,,,*,sh/img001-ex.jpg,*,sh/img001-ex.jpg,,,,,,,,,,,,,,,,,,,,,,,0,1,en_sh_ex_123,,1,,29370,29370,,5,,,,,,,,,,,,,,,,,"23,28","NEW extension,Extension SoftBank 809SH"
1667,11520,748,2695,Yes,124-[extension]125Days (Value Rental Pack: 4Months Pack + 4Days),2,カート用延長フラグ,Extension SoftBank 809SH,1,,,,,,,,*,sh/img001-ex.jpg,*,sh/img001-ex.jpg,,,,,,,,,,,,,,,,,,,,,,,0,1,en_sh_ex_124_bt,,1,,29960,31810,,5,,,,,,,,,,,,,,,,,"23,28","NEW extension,Extension SoftBank 809SH"
1667,11521,747,2695,No,124-[extension]125Days (Value Rental Pack: 4Months Pack + 4Days),2,カート用延長フラグ,Extension SoftBank 809SH,1,,,,,,,,*,sh/img001-ex.jpg,*,sh/img001-ex.jpg,,,,,,,,,,,,,,,,,,,,,,,0,1,en_sh_ex_124,,1,,29960,29960,,5,,,,,,,,,,,,,,,,,"23,28","NEW extension,Extension SoftBank 809SH"
1667,11522,748,2696,Yes,125-[extension]126Days (Value Rental Pack: 4Months Pack + 5Days),2,カート用延長フラグ,Extension SoftBank 809SH,1,,,,,,,,*,sh/img001-ex.jpg,*,sh/img001-ex.jpg,,,,,,,,,,,,,,,,,,,,,,,0,1,en_sh_ex_125_bt,,1,,30550,32450,,5,,,,,,,,,,,,,,,,,"23,28","NEW extension,Extension SoftBank 809SH"
1667,11523,747,2696,No,125-[extension]126Days (Value Rental Pack: 4Months Pack + 5Days),2,カート用延長フラグ,Extension SoftBank 809SH,1,,,,,,,,*,sh/img001-ex.jpg,*,sh/img001-ex.jpg,,,,,,,,,,,,,,,,,,,,,,,0,1,en_sh_ex_125,,1,,30550,30550,,5,,,,,,,,,,,,,,,,,"23,28","NEW extension,Extension SoftBank 809SH"
1667,11524,748,2697,Yes,126-[extension]127Days (Value Rental Pack: 5Months Pack),2,カート用延長フラグ,Extension SoftBank 809SH,1,,,,,,,,*,sh/img001-ex.jpg,*,sh/img001-ex.jpg,,,,,,,,,,,,,,,,,,,,,,,0,1,en_sh_ex_150_bt,,1,,30600,32550,,5,,,,,,,,,,,,,,,,,"23,28","NEW extension,Extension SoftBank 809SH"
1667,11525,747,2697,No,126-[extension]127Days (Value Rental Pack: 5Months Pack),2,カート用延長フラグ,Extension SoftBank 809SH,1,,,,,,,,*,sh/img001-ex.jpg,*,sh/img001-ex.jpg,,,,,,,,,,,,,,,,,,,,,,,0,1,en_sh_ex_150,,1,,30600,30600,,5,,,,,,,,,,,,,,,,,"23,28","NEW extension,Extension SoftBank 809SH"
1667,11526,748,2698,Yes,127-[extension]128Days (Value Rental Pack: 5Months Pack),2,カート用延長フラグ,Extension SoftBank 809SH,1,,,,,,,,*,sh/img001-ex.jpg,*,sh/img001-ex.jpg,,,,,,,,,,,,,,,,,,,,,,,0,1,en_sh_ex_150_bt,,1,,30600,32550,,5,,,,,,,,,,,,,,,,,"23,28","NEW extension,Extension SoftBank 809SH"
1667,11527,747,2698,No,127-[extension]128Days (Value Rental Pack: 5Months Pack),2,カート用延長フラグ,Extension SoftBank 809SH,1,,,,,,,,*,sh/img001-ex.jpg,*,sh/img001-ex.jpg,,,,,,,,,,,,,,,,,,,,,,,0,1,en_sh_ex_150,,1,,30600,30600,,5,,,,,,,,,,,,,,,,,"23,28","NEW extension,Extension SoftBank 809SH"
1667,11528,748,2699,Yes,128-[extension]129Days (Value Rental Pack: 5Months Pack),2,カート用延長フラグ,Extension SoftBank 809SH,1,,,,,,,,*,sh/img001-ex.jpg,*,sh/img001-ex.jpg,,,,,,,,,,,,,,,,,,,,,,,0,1,en_sh_ex_150_bt,,1,,30600,32550,,5,,,,,,,,,,,,,,,,,"23,28","NEW extension,Extension SoftBank 809SH"
1667,11529,747,2699,No,128-[extension]129Days (Value Rental Pack: 5Months Pack),2,カート用延長フラグ,Extension SoftBank 809SH,1,,,,,,,,*,sh/img001-ex.jpg,*,sh/img001-ex.jpg,,,,,,,,,,,,,,,,,,,,,,,0,1,en_sh_ex_150,,1,,30600,30600,,5,,,,,,,,,,,,,,,,,"23,28","NEW extension,Extension SoftBank 809SH"
1667,11530,748,2700,Yes,129-[extension]130Days (Value Rental Pack: 5Months Pack),2,カート用延長フラグ,Extension SoftBank 809SH,1,,,,,,,,*,sh/img001-ex.jpg,*,sh/img001-ex.jpg,,,,,,,,,,,,,,,,,,,,,,,0,1,en_sh_ex_150_bt,,1,,30600,32550,,5,,,,,,,,,,,,,,,,,"23,28","NEW extension,Extension SoftBank 809SH"
1667,11531,747,2700,No,129-[extension]130Days (Value Rental Pack: 5Months Pack),2,カート用延長フラグ,Extension SoftBank 809SH,1,,,,,,,,*,sh/img001-ex.jpg,*,sh/img001-ex.jpg,,,,,,,,,,,,,,,,,,,,,,,0,1,en_sh_ex_150,,1,,30600,30600,,5,,,,,,,,,,,,,,,,,"23,28","NEW extension,Extension SoftBank 809SH"
1667,11532,748,2701,Yes,130-[extension]131Days (Value Rental Pack: 5Months Pack),2,カート用延長フラグ,Extension SoftBank 809SH,1,,,,,,,,*,sh/img001-ex.jpg,*,sh/img001-ex.jpg,,,,,,,,,,,,,,,,,,,,,,,0,1,en_sh_ex_150_bt,,1,,30600,32550,,5,,,,,,,,,,,,,,,,,"23,28","NEW extension,Extension SoftBank 809SH"
1667,11533,747,2701,No,130-[extension]131Days (Value Rental Pack: 5Months Pack),2,カート用延長フラグ,Extension SoftBank 809SH,1,,,,,,,,*,sh/img001-ex.jpg,*,sh/img001-ex.jpg,,,,,,,,,,,,,,,,,,,,,,,0,1,en_sh_ex_150,,1,,30600,30600,,5,,,,,,,,,,,,,,,,,"23,28","NEW extension,Extension SoftBank 809SH"
1667,11534,748,2702,Yes,131-[extension]132Days (Value Rental Pack: 5Months Pack),2,カート用延長フラグ,Extension SoftBank 809SH,1,,,,,,,,*,sh/img001-ex.jpg,*,sh/img001-ex.jpg,,,,,,,,,,,,,,,,,,,,,,,0,1,en_sh_ex_150_bt,,1,,30600,32550,,5,,,,,,,,,,,,,,,,,"23,28","NEW extension,Extension SoftBank 809SH"
1667,11535,747,2702,No,131-[extension]132Days (Value Rental Pack: 5Months Pack),2,カート用延長フラグ,Extension SoftBank 809SH,1,,,,,,,,*,sh/img001-ex.jpg,*,sh/img001-ex.jpg,,,,,,,,,,,,,,,,,,,,,,,0,1,en_sh_ex_150,,1,,30600,30600,,5,,,,,,,,,,,,,,,,,"23,28","NEW extension,Extension SoftBank 809SH"
1667,11536,748,2703,Yes,132-[extension]133Days (Value Rental Pack: 5Months Pack),2,カート用延長フラグ,Extension SoftBank 809SH,1,,,,,,,,*,sh/img001-ex.jpg,*,sh/img001-ex.jpg,,,,,,,,,,,,,,,,,,,,,,,0,1,en_sh_ex_150_bt,,1,,30600,32550,,5,,,,,,,,,,,,,,,,,"23,28","NEW extension,Extension SoftBank 809SH"
1667,11537,747,2703,No,132-[extension]133Days (Value Rental Pack: 5Months Pack),2,カート用延長フラグ,Extension SoftBank 809SH,1,,,,,,,,*,sh/img001-ex.jpg,*,sh/img001-ex.jpg,,,,,,,,,,,,,,,,,,,,,,,0,1,en_sh_ex_150,,1,,30600,30600,,5,,,,,,,,,,,,,,,,,"23,28","NEW extension,Extension SoftBank 809SH"
1667,11538,748,2704,Yes,133-[extension]134Days (Value Rental Pack: 5Months Pack),2,カート用延長フラグ,Extension SoftBank 809SH,1,,,,,,,,*,sh/img001-ex.jpg,*,sh/img001-ex.jpg,,,,,,,,,,,,,,,,,,,,,,,0,1,en_sh_ex_150_bt,,1,,30600,32550,,5,,,,,,,,,,,,,,,,,"23,28","NEW extension,Extension SoftBank 809SH"
1667,11539,747,2704,No,133-[extension]134Days (Value Rental Pack: 5Months Pack),2,カート用延長フラグ,Extension SoftBank 809SH,1,,,,,,,,*,sh/img001-ex.jpg,*,sh/img001-ex.jpg,,,,,,,,,,,,,,,,,,,,,,,0,1,en_sh_ex_150,,1,,30600,30600,,5,,,,,,,,,,,,,,,,,"23,28","NEW extension,Extension SoftBank 809SH"
1667,11540,748,2705,Yes,134-[extension]135Days (Value Rental Pack: 5Months Pack),2,カート用延長フラグ,Extension SoftBank 809SH,1,,,,,,,,*,sh/img001-ex.jpg,*,sh/img001-ex.jpg,,,,,,,,,,,,,,,,,,,,,,,0,1,en_sh_ex_150_bt,,1,,30600,32550,,5,,,,,,,,,,,,,,,,,"23,28","NEW extension,Extension SoftBank 809SH"
1667,11541,747,2705,No,134-[extension]135Days (Value Rental Pack: 5Months Pack),2,カート用延長フラグ,Extension SoftBank 809SH,1,,,,,,,,*,sh/img001-ex.jpg,*,sh/img001-ex.jpg,,,,,,,,,,,,,,,,,,,,,,,0,1,en_sh_ex_150,,1,,30600,30600,,5,,,,,,,,,,,,,,,,,"23,28","NEW extension,Extension SoftBank 809SH"
1667,11542,748,2706,Yes,135-[extension]136Days (Value Rental Pack: 5Months Pack),2,カート用延長フラグ,Extension SoftBank 809SH,1,,,,,,,,*,sh/img001-ex.jpg,*,sh/img001-ex.jpg,,,,,,,,,,,,,,,,,,,,,,,0,1,en_sh_ex_150_bt,,1,,30600,32550,,5,,,,,,,,,,,,,,,,,"23,28","NEW extension,Extension SoftBank 809SH"
1667,11543,747,2706,No,135-[extension]136Days (Value Rental Pack: 5Months Pack),2,カート用延長フラグ,Extension SoftBank 809SH,1,,,,,,,,*,sh/img001-ex.jpg,*,sh/img001-ex.jpg,,,,,,,,,,,,,,,,,,,,,,,0,1,en_sh_ex_150,,1,,30600,30600,,5,,,,,,,,,,,,,,,,,"23,28","NEW extension,Extension SoftBank 809SH"
1667,11544,748,2707,Yes,136-[extension]137Days (Value Rental Pack: 5Months Pack),2,カート用延長フラグ,Extension SoftBank 809SH,1,,,,,,,,*,sh/img001-ex.jpg,*,sh/img001-ex.jpg,,,,,,,,,,,,,,,,,,,,,,,0,1,en_sh_ex_150_bt,,1,,30600,32550,,5,,,,,,,,,,,,,,,,,"23,28","NEW extension,Extension SoftBank 809SH"
1667,11545,747,2707,No,136-[extension]137Days (Value Rental Pack: 5Months Pack),2,カート用延長フラグ,Extension SoftBank 809SH,1,,,,,,,,*,sh/img001-ex.jpg,*,sh/img001-ex.jpg,,,,,,,,,,,,,,,,,,,,,,,0,1,en_sh_ex_150,,1,,30600,30600,,5,,,,,,,,,,,,,,,,,"23,28","NEW extension,Extension SoftBank 809SH"
1667,11546,748,2708,Yes,137-[extension]138Days (Value Rental Pack: 5Months Pack),2,カート用延長フラグ,Extension SoftBank 809SH,1,,,,,,,,*,sh/img001-ex.jpg,*,sh/img001-ex.jpg,,,,,,,,,,,,,,,,,,,,,,,0,1,en_sh_ex_150_bt,,1,,30600,32550,,5,,,,,,,,,,,,,,,,,"23,28","NEW extension,Extension SoftBank 809SH"
1667,11547,747,2708,No,137-[extension]138Days (Value Rental Pack: 5Months Pack),2,カート用延長フラグ,Extension SoftBank 809SH,1,,,,,,,,*,sh/img001-ex.jpg,*,sh/img001-ex.jpg,,,,,,,,,,,,,,,,,,,,,,,0,1,en_sh_ex_150,,1,,30600,30600,,5,,,,,,,,,,,,,,,,,"23,28","NEW extension,Extension SoftBank 809SH"
1667,11548,748,2709,Yes,138-[extension]139Days (Value Rental Pack: 5Months Pack),2,カート用延長フラグ,Extension SoftBank 809SH,1,,,,,,,,*,sh/img001-ex.jpg,*,sh/img001-ex.jpg,,,,,,,,,,,,,,,,,,,,,,,0,1,en_sh_ex_150_bt,,1,,30600,32550,,5,,,,,,,,,,,,,,,,,"23,28","NEW extension,Extension SoftBank 809SH"
1667,11549,747,2709,No,138-[extension]139Days (Value Rental Pack: 5Months Pack),2,カート用延長フラグ,Extension SoftBank 809SH,1,,,,,,,,*,sh/img001-ex.jpg,*,sh/img001-ex.jpg,,,,,,,,,,,,,,,,,,,,,,,0,1,en_sh_ex_150,,1,,30600,30600,,5,,,,,,,,,,,,,,,,,"23,28","NEW extension,Extension SoftBank 809SH"
1667,11550,748,2710,Yes,139-[extension]140Days (Value Rental Pack: 5Months Pack),2,カート用延長フラグ,Extension SoftBank 809SH,1,,,,,,,,*,sh/img001-ex.jpg,*,sh/img001-ex.jpg,,,,,,,,,,,,,,,,,,,,,,,0,1,en_sh_ex_150_bt,,1,,30600,32550,,5,,,,,,,,,,,,,,,,,"23,28","NEW extension,Extension SoftBank 809SH"
1667,11551,747,2710,No,139-[extension]140Days (Value Rental Pack: 5Months Pack),2,カート用延長フラグ,Extension SoftBank 809SH,1,,,,,,,,*,sh/img001-ex.jpg,*,sh/img001-ex.jpg,,,,,,,,,,,,,,,,,,,,,,,0,1,en_sh_ex_150,,1,,30600,30600,,5,,,,,,,,,,,,,,,,,"23,28","NEW extension,Extension SoftBank 809SH"
1667,11552,748,2711,Yes,140-[extension]141Days (Value Rental Pack: 5Months Pack),2,カート用延長フラグ,Extension SoftBank 809SH,1,,,,,,,,*,sh/img001-ex.jpg,*,sh/img001-ex.jpg,,,,,,,,,,,,,,,,,,,,,,,0,1,en_sh_ex_150_bt,,1,,30600,32550,,5,,,,,,,,,,,,,,,,,"23,28","NEW extension,Extension SoftBank 809SH"
1667,11553,747,2711,No,140-[extension]141Days (Value Rental Pack: 5Months Pack),2,カート用延長フラグ,Extension SoftBank 809SH,1,,,,,,,,*,sh/img001-ex.jpg,*,sh/img001-ex.jpg,,,,,,,,,,,,,,,,,,,,,,,0,1,en_sh_ex_150,,1,,30600,30600,,5,,,,,,,,,,,,,,,,,"23,28","NEW extension,Extension SoftBank 809SH"
1667,11554,748,2712,Yes,141-[extension]142Days (Value Rental Pack: 5Months Pack),2,カート用延長フラグ,Extension SoftBank 809SH,1,,,,,,,,*,sh/img001-ex.jpg,*,sh/img001-ex.jpg,,,,,,,,,,,,,,,,,,,,,,,0,1,en_sh_ex_150_bt,,1,,30600,32550,,5,,,,,,,,,,,,,,,,,"23,28","NEW extension,Extension SoftBank 809SH"
1667,11555,747,2712,No,141-[extension]142Days (Value Rental Pack: 5Months Pack),2,カート用延長フラグ,Extension SoftBank 809SH,1,,,,,,,,*,sh/img001-ex.jpg,*,sh/img001-ex.jpg,,,,,,,,,,,,,,,,,,,,,,,0,1,en_sh_ex_150,,1,,30600,30600,,5,,,,,,,,,,,,,,,,,"23,28","NEW extension,Extension SoftBank 809SH"
1667,11556,748,2713,Yes,142-[extension]143Days (Value Rental Pack: 5Months Pack),2,カート用延長フラグ,Extension SoftBank 809SH,1,,,,,,,,*,sh/img001-ex.jpg,*,sh/img001-ex.jpg,,,,,,,,,,,,,,,,,,,,,,,0,1,en_sh_ex_150_bt,,1,,30600,32550,,5,,,,,,,,,,,,,,,,,"23,28","NEW extension,Extension SoftBank 809SH"
1667,11557,747,2713,No,142-[extension]143Days (Value Rental Pack: 5Months Pack),2,カート用延長フラグ,Extension SoftBank 809SH,1,,,,,,,,*,sh/img001-ex.jpg,*,sh/img001-ex.jpg,,,,,,,,,,,,,,,,,,,,,,,0,1,en_sh_ex_150,,1,,30600,30600,,5,,,,,,,,,,,,,,,,,"23,28","NEW extension,Extension SoftBank 809SH"
1667,11558,748,2714,Yes,143-[extension]144Days (Value Rental Pack: 5Months Pack),2,カート用延長フラグ,Extension SoftBank 809SH,1,,,,,,,,*,sh/img001-ex.jpg,*,sh/img001-ex.jpg,,,,,,,,,,,,,,,,,,,,,,,0,1,en_sh_ex_150_bt,,1,,30600,32550,,5,,,,,,,,,,,,,,,,,"23,28","NEW extension,Extension SoftBank 809SH"
1667,11559,747,2714,No,143-[extension]144Days (Value Rental Pack: 5Months Pack),2,カート用延長フラグ,Extension SoftBank 809SH,1,,,,,,,,*,sh/img001-ex.jpg,*,sh/img001-ex.jpg,,,,,,,,,,,,,,,,,,,,,,,0,1,en_sh_ex_150,,1,,30600,30600,,5,,,,,,,,,,,,,,,,,"23,28","NEW extension,Extension SoftBank 809SH"
1667,11560,748,2715,Yes,144-[extension]145Days (Value Rental Pack: 5Months Pack),2,カート用延長フラグ,Extension SoftBank 809SH,1,,,,,,,,*,sh/img001-ex.jpg,*,sh/img001-ex.jpg,,,,,,,,,,,,,,,,,,,,,,,0,1,en_sh_ex_150_bt,,1,,30600,32550,,5,,,,,,,,,,,,,,,,,"23,28","NEW extension,Extension SoftBank 809SH"
1667,11561,747,2715,No,144-[extension]145Days (Value Rental Pack: 5Months Pack),2,カート用延長フラグ,Extension SoftBank 809SH,1,,,,,,,,*,sh/img001-ex.jpg,*,sh/img001-ex.jpg,,,,,,,,,,,,,,,,,,,,,,,0,1,en_sh_ex_150,,1,,30600,30600,,5,,,,,,,,,,,,,,,,,"23,28","NEW extension,Extension SoftBank 809SH"
1667,11562,748,2716,Yes,145-[extension]146Days (Value Rental Pack: 5Months Pack),2,カート用延長フラグ,Extension SoftBank 809SH,1,,,,,,,,*,sh/img001-ex.jpg,*,sh/img001-ex.jpg,,,,,,,,,,,,,,,,,,,,,,,0,1,en_sh_ex_150_bt,,1,,30600,32550,,5,,,,,,,,,,,,,,,,,"23,28","NEW extension,Extension SoftBank 809SH"
1667,11563,747,2716,No,145-[extension]146Days (Value Rental Pack: 5Months Pack),2,カート用延長フラグ,Extension SoftBank 809SH,1,,,,,,,,*,sh/img001-ex.jpg,*,sh/img001-ex.jpg,,,,,,,,,,,,,,,,,,,,,,,0,1,en_sh_ex_150,,1,,30600,30600,,5,,,,,,,,,,,,,,,,,"23,28","NEW extension,Extension SoftBank 809SH"
1667,11564,748,2717,Yes,146-[extension]147Days (Value Rental Pack: 5Months Pack),2,カート用延長フラグ,Extension SoftBank 809SH,1,,,,,,,,*,sh/img001-ex.jpg,*,sh/img001-ex.jpg,,,,,,,,,,,,,,,,,,,,,,,0,1,en_sh_ex_150_bt,,1,,30600,32550,,5,,,,,,,,,,,,,,,,,"23,28","NEW extension,Extension SoftBank 809SH"
1667,11565,747,2717,No,146-[extension]147Days (Value Rental Pack: 5Months Pack),2,カート用延長フラグ,Extension SoftBank 809SH,1,,,,,,,,*,sh/img001-ex.jpg,*,sh/img001-ex.jpg,,,,,,,,,,,,,,,,,,,,,,,0,1,en_sh_ex_150,,1,,30600,30600,,5,,,,,,,,,,,,,,,,,"23,28","NEW extension,Extension SoftBank 809SH"
1667,11566,748,2718,Yes,147-[extension]148Days (Value Rental Pack: 5Months Pack),2,カート用延長フラグ,Extension SoftBank 809SH,1,,,,,,,,*,sh/img001-ex.jpg,*,sh/img001-ex.jpg,,,,,,,,,,,,,,,,,,,,,,,0,1,en_sh_ex_150_bt,,1,,30600,32550,,5,,,,,,,,,,,,,,,,,"23,28","NEW extension,Extension SoftBank 809SH"
1667,11567,747,2718,No,147-[extension]148Days (Value Rental Pack: 5Months Pack),2,カート用延長フラグ,Extension SoftBank 809SH,1,,,,,,,,*,sh/img001-ex.jpg,*,sh/img001-ex.jpg,,,,,,,,,,,,,,,,,,,,,,,0,1,en_sh_ex_150,,1,,30600,30600,,5,,,,,,,,,,,,,,,,,"23,28","NEW extension,Extension SoftBank 809SH"
1667,11568,748,2719,Yes,148-[extension]149Days (Value Rental Pack: 5Months Pack),2,カート用延長フラグ,Extension SoftBank 809SH,1,,,,,,,,*,sh/img001-ex.jpg,*,sh/img001-ex.jpg,,,,,,,,,,,,,,,,,,,,,,,0,1,en_sh_ex_150_bt,,1,,30600,32550,,5,,,,,,,,,,,,,,,,,"23,28","NEW extension,Extension SoftBank 809SH"
1667,11569,747,2719,No,148-[extension]149Days (Value Rental Pack: 5Months Pack),2,カート用延長フラグ,Extension SoftBank 809SH,1,,,,,,,,*,sh/img001-ex.jpg,*,sh/img001-ex.jpg,,,,,,,,,,,,,,,,,,,,,,,0,1,en_sh_ex_150,,1,,30600,30600,,5,,,,,,,,,,,,,,,,,"23,28","NEW extension,Extension SoftBank 809SH"
1667,11570,748,2720,Yes,149-[extension]150Days (Value Rental Pack: 5Months Pack),2,カート用延長フラグ,Extension SoftBank 809SH,1,,,,,,,,*,sh/img001-ex.jpg,*,sh/img001-ex.jpg,,,,,,,,,,,,,,,,,,,,,,,0,1,en_sh_ex_150_bt,,1,,30600,32550,,5,,,,,,,,,,,,,,,,,"23,28","NEW extension,Extension SoftBank 809SH"
1667,11571,747,2720,No,149-[extension]150Days (Value Rental Pack: 5Months Pack),2,カート用延長フラグ,Extension SoftBank 809SH,1,,,,,,,,*,sh/img001-ex.jpg,*,sh/img001-ex.jpg,,,,,,,,,,,,,,,,,,,,,,,0,1,en_sh_ex_150,,1,,30600,30600,,5,,,,,,,,,,,,,,,,,"23,28","NEW extension,Extension SoftBank 809SH"
1667,11572,748,2721,Yes,150-[extension]151Days (Value Rental Pack: 5Months Pack),2,カート用延長フラグ,Extension SoftBank 809SH,1,,,,,,,,*,sh/img001-ex.jpg,*,sh/img001-ex.jpg,,,,,,,,,,,,,,,,,,,,,,,0,1,en_sh_ex_150_bt,,1,,30600,32550,,5,,,,,,,,,,,,,,,,,"23,28","NEW extension,Extension SoftBank 809SH"
1667,11573,747,2721,No,150-[extension]151Days (Value Rental Pack: 5Months Pack),2,カート用延長フラグ,Extension SoftBank 809SH,1,,,,,,,,*,sh/img001-ex.jpg,*,sh/img001-ex.jpg,,,,,,,,,,,,,,,,,,,,,,,0,1,en_sh_ex_150,,1,,30600,30600,,5,,,,,,,,,,,,,,,,,"23,28","NEW extension,Extension SoftBank 809SH"
1667,11574,748,2722,Yes,151-[extension]152Days (Value Rental Pack: 5Months Pack + 1Day),2,カート用延長フラグ,Extension SoftBank 809SH,1,,,,,,,,*,sh/img001-ex.jpg,*,sh/img001-ex.jpg,,,,,,,,,,,,,,,,,,,,,,,0,1,en_sh_ex_151_bt,,1,,31190,33190,,5,,,,,,,,,,,,,,,,,"23,28","NEW extension,Extension SoftBank 809SH"
1667,11575,747,2722,No,151-[extension]152Days (Value Rental Pack: 5Months Pack + 1Day),2,カート用延長フラグ,Extension SoftBank 809SH,1,,,,,,,,*,sh/img001-ex.jpg,*,sh/img001-ex.jpg,,,,,,,,,,,,,,,,,,,,,,,0,1,en_sh_ex_151,,1,,31190,31190,,5,,,,,,,,,,,,,,,,,"23,28","NEW extension,Extension SoftBank 809SH"
1667,11576,748,2723,Yes,152-[extension]153Days (Value Rental Pack: 5Months Pack + 2Days),2,カート用延長フラグ,Extension SoftBank 809SH,1,,,,,,,,*,sh/img001-ex.jpg,*,sh/img001-ex.jpg,,,,,,,,,,,,,,,,,,,,,,,0,1,en_sh_ex_152_bt,,1,,31780,33830,,5,,,,,,,,,,,,,,,,,"23,28","NEW extension,Extension SoftBank 809SH"
1667,11577,747,2723,No,152-[extension]153Days (Value Rental Pack: 5Months Pack + 2Days),2,カート用延長フラグ,Extension SoftBank 809SH,1,,,,,,,,*,sh/img001-ex.jpg,*,sh/img001-ex.jpg,,,,,,,,,,,,,,,,,,,,,,,0,1,en_sh_ex_152,,1,,31780,31780,,5,,,,,,,,,,,,,,,,,"23,28","NEW extension,Extension SoftBank 809SH"
1667,11578,748,2724,Yes,153-[extension]154Days (Value Rental Pack: 5Months Pack + 3Days),2,カート用延長フラグ,Extension SoftBank 809SH,1,,,,,,,,*,sh/img001-ex.jpg,*,sh/img001-ex.jpg,,,,,,,,,,,,,,,,,,,,,,,0,1,en_sh_ex_153_bt,,1,,32370,34470,,5,,,,,,,,,,,,,,,,,"23,28","NEW extension,Extension SoftBank 809SH"
1667,11579,747,2724,No,153-[extension]154Days (Value Rental Pack: 5Months Pack + 3Days),2,カート用延長フラグ,Extension SoftBank 809SH,1,,,,,,,,*,sh/img001-ex.jpg,*,sh/img001-ex.jpg,,,,,,,,,,,,,,,,,,,,,,,0,1,en_sh_ex_153,,1,,32370,32370,,5,,,,,,,,,,,,,,,,,"23,28","NEW extension,Extension SoftBank 809SH"
1667,11580,748,2725,Yes,154-[extension]155Days (Value Rental Pack: 5Months Pack + 4Days),2,カート用延長フラグ,Extension SoftBank 809SH,1,,,,,,,,*,sh/img001-ex.jpg,*,sh/img001-ex.jpg,,,,,,,,,,,,,,,,,,,,,,,0,1,en_sh_ex_154_bt,,1,,32960,35110,,5,,,,,,,,,,,,,,,,,"23,28","NEW extension,Extension SoftBank 809SH"
1667,11581,747,2725,No,154-[extension]155Days (Value Rental Pack: 5Months Pack + 4Days),2,カート用延長フラグ,Extension SoftBank 809SH,1,,,,,,,,*,sh/img001-ex.jpg,*,sh/img001-ex.jpg,,,,,,,,,,,,,,,,,,,,,,,0,1,en_sh_ex_154,,1,,32960,32960,,5,,,,,,,,,,,,,,,,,"23,28","NEW extension,Extension SoftBank 809SH"
1667,11582,748,2726,Yes,155-[extension]156Days (Value Rental Pack: 5Months Pack + 5Days),2,カート用延長フラグ,Extension SoftBank 809SH,1,,,,,,,,*,sh/img001-ex.jpg,*,sh/img001-ex.jpg,,,,,,,,,,,,,,,,,,,,,,,0,1,en_sh_ex_155_bt,,1,,33550,35750,,5,,,,,,,,,,,,,,,,,"23,28","NEW extension,Extension SoftBank 809SH"
1667,11583,747,2726,No,155-[extension]156Days (Value Rental Pack: 5Months Pack + 5Days),2,カート用延長フラグ,Extension SoftBank 809SH,1,,,,,,,,*,sh/img001-ex.jpg,*,sh/img001-ex.jpg,,,,,,,,,,,,,,,,,,,,,,,0,1,en_sh_ex_155,,1,,33550,33550,,5,,,,,,,,,,,,,,,,,"23,28","NEW extension,Extension SoftBank 809SH"
1667,11584,748,2727,Yes,156-[extension]157Days (Value Rental Pack: 6Months Pack),2,カート用延長フラグ,Extension SoftBank 809SH,1,,,,,,,,*,sh/img001-ex.jpg,*,sh/img001-ex.jpg,,,,,,,,,,,,,,,,,,,,,,,0,1,en_sh_ex_180_bt,,1,,33600,35850,,5,,,,,,,,,,,,,,,,,"23,28","NEW extension,Extension SoftBank 809SH"
1667,11585,747,2727,No,156-[extension]157Days (Value Rental Pack: 6Months Pack),2,カート用延長フラグ,Extension SoftBank 809SH,1,,,,,,,,*,sh/img001-ex.jpg,*,sh/img001-ex.jpg,,,,,,,,,,,,,,,,,,,,,,,0,1,en_sh_ex_180,,1,,33600,33600,,5,,,,,,,,,,,,,,,,,"23,28","NEW extension,Extension SoftBank 809SH"
1667,11586,748,2728,Yes,157-[extension]158Days (Value Rental Pack: 6Months Pack),2,カート用延長フラグ,Extension SoftBank 809SH,1,,,,,,,,*,sh/img001-ex.jpg,*,sh/img001-ex.jpg,,,,,,,,,,,,,,,,,,,,,,,0,1,en_sh_ex_180_bt,,1,,33600,35850,,5,,,,,,,,,,,,,,,,,"23,28","NEW extension,Extension SoftBank 809SH"
1667,11587,747,2728,No,157-[extension]158Days (Value Rental Pack: 6Months Pack),2,カート用延長フラグ,Extension SoftBank 809SH,1,,,,,,,,*,sh/img001-ex.jpg,*,sh/img001-ex.jpg,,,,,,,,,,,,,,,,,,,,,,,0,1,en_sh_ex_180,,1,,33600,33600,,5,,,,,,,,,,,,,,,,,"23,28","NEW extension,Extension SoftBank 809SH"
1667,11588,748,2729,Yes,158-[extension]159Days (Value Rental Pack: 6Months Pack),2,カート用延長フラグ,Extension SoftBank 809SH,1,,,,,,,,*,sh/img001-ex.jpg,*,sh/img001-ex.jpg,,,,,,,,,,,,,,,,,,,,,,,0,1,en_sh_ex_180_bt,,1,,33600,35850,,5,,,,,,,,,,,,,,,,,"23,28","NEW extension,Extension SoftBank 809SH"
1667,11589,747,2729,No,158-[extension]159Days (Value Rental Pack: 6Months Pack),2,カート用延長フラグ,Extension SoftBank 809SH,1,,,,,,,,*,sh/img001-ex.jpg,*,sh/img001-ex.jpg,,,,,,,,,,,,,,,,,,,,,,,0,1,en_sh_ex_180,,1,,33600,33600,,5,,,,,,,,,,,,,,,,,"23,28","NEW extension,Extension SoftBank 809SH"
1667,11590,748,2730,Yes,159-[extension]160Days (Value Rental Pack: 6Months Pack),2,カート用延長フラグ,Extension SoftBank 809SH,1,,,,,,,,*,sh/img001-ex.jpg,*,sh/img001-ex.jpg,,,,,,,,,,,,,,,,,,,,,,,0,1,en_sh_ex_180_bt,,1,,33600,35850,,5,,,,,,,,,,,,,,,,,"23,28","NEW extension,Extension SoftBank 809SH"
1667,11591,747,2730,No,159-[extension]160Days (Value Rental Pack: 6Months Pack),2,カート用延長フラグ,Extension SoftBank 809SH,1,,,,,,,,*,sh/img001-ex.jpg,*,sh/img001-ex.jpg,,,,,,,,,,,,,,,,,,,,,,,0,1,en_sh_ex_180,,1,,33600,33600,,5,,,,,,,,,,,,,,,,,"23,28","NEW extension,Extension SoftBank 809SH"
1667,11592,748,2731,Yes,160-[extension]161Days (Value Rental Pack: 6Months Pack),2,カート用延長フラグ,Extension SoftBank 809SH,1,,,,,,,,*,sh/img001-ex.jpg,*,sh/img001-ex.jpg,,,,,,,,,,,,,,,,,,,,,,,0,1,en_sh_ex_180_bt,,1,,33600,35850,,5,,,,,,,,,,,,,,,,,"23,28","NEW extension,Extension SoftBank 809SH"
1667,11593,747,2731,No,160-[extension]161Days (Value Rental Pack: 6Months Pack),2,カート用延長フラグ,Extension SoftBank 809SH,1,,,,,,,,*,sh/img001-ex.jpg,*,sh/img001-ex.jpg,,,,,,,,,,,,,,,,,,,,,,,0,1,en_sh_ex_180,,1,,33600,33600,,5,,,,,,,,,,,,,,,,,"23,28","NEW extension,Extension SoftBank 809SH"
1667,11594,748,2732,Yes,161-[extension]162Days (Value Rental Pack: 6Months Pack),2,カート用延長フラグ,Extension SoftBank 809SH,1,,,,,,,,*,sh/img001-ex.jpg,*,sh/img001-ex.jpg,,,,,,,,,,,,,,,,,,,,,,,0,1,en_sh_ex_180_bt,,1,,33600,35850,,5,,,,,,,,,,,,,,,,,"23,28","NEW extension,Extension SoftBank 809SH"
1667,11595,747,2732,No,161-[extension]162Days (Value Rental Pack: 6Months Pack),2,カート用延長フラグ,Extension SoftBank 809SH,1,,,,,,,,*,sh/img001-ex.jpg,*,sh/img001-ex.jpg,,,,,,,,,,,,,,,,,,,,,,,0,1,en_sh_ex_180,,1,,33600,33600,,5,,,,,,,,,,,,,,,,,"23,28","NEW extension,Extension SoftBank 809SH"
1667,11596,748,2733,Yes,162-[extension]163Days (Value Rental Pack: 6Months Pack),2,カート用延長フラグ,Extension SoftBank 809SH,1,,,,,,,,*,sh/img001-ex.jpg,*,sh/img001-ex.jpg,,,,,,,,,,,,,,,,,,,,,,,0,1,en_sh_ex_180_bt,,1,,33600,35850,,5,,,,,,,,,,,,,,,,,"23,28","NEW extension,Extension SoftBank 809SH"
1667,11597,747,2733,No,162-[extension]163Days (Value Rental Pack: 6Months Pack),2,カート用延長フラグ,Extension SoftBank 809SH,1,,,,,,,,*,sh/img001-ex.jpg,*,sh/img001-ex.jpg,,,,,,,,,,,,,,,,,,,,,,,0,1,en_sh_ex_180,,1,,33600,33600,,5,,,,,,,,,,,,,,,,,"23,28","NEW extension,Extension SoftBank 809SH"
1667,11598,748,2734,Yes,163-[extension]164Days (Value Rental Pack: 6Months Pack),2,カート用延長フラグ,Extension SoftBank 809SH,1,,,,,,,,*,sh/img001-ex.jpg,*,sh/img001-ex.jpg,,,,,,,,,,,,,,,,,,,,,,,0,1,en_sh_ex_180_bt,,1,,33600,35850,,5,,,,,,,,,,,,,,,,,"23,28","NEW extension,Extension SoftBank 809SH"
1667,11599,747,2734,No,163-[extension]164Days (Value Rental Pack: 6Months Pack),2,カート用延長フラグ,Extension SoftBank 809SH,1,,,,,,,,*,sh/img001-ex.jpg,*,sh/img001-ex.jpg,,,,,,,,,,,,,,,,,,,,,,,0,1,en_sh_ex_180,,1,,33600,33600,,5,,,,,,,,,,,,,,,,,"23,28","NEW extension,Extension SoftBank 809SH"
1667,11600,748,2735,Yes,164-[extension]165Days (Value Rental Pack: 6Months Pack),2,カート用延長フラグ,Extension SoftBank 809SH,1,,,,,,,,*,sh/img001-ex.jpg,*,sh/img001-ex.jpg,,,,,,,,,,,,,,,,,,,,,,,0,1,en_sh_ex_180_bt,,1,,33600,35850,,5,,,,,,,,,,,,,,,,,"23,28","NEW extension,Extension SoftBank 809SH"
1667,11601,747,2735,No,164-[extension]165Days (Value Rental Pack: 6Months Pack),2,カート用延長フラグ,Extension SoftBank 809SH,1,,,,,,,,*,sh/img001-ex.jpg,*,sh/img001-ex.jpg,,,,,,,,,,,,,,,,,,,,,,,0,1,en_sh_ex_180,,1,,33600,33600,,5,,,,,,,,,,,,,,,,,"23,28","NEW extension,Extension SoftBank 809SH"
1667,11602,748,2736,Yes,165-[extension]166Days (Value Rental Pack: 6Months Pack),2,カート用延長フラグ,Extension SoftBank 809SH,1,,,,,,,,*,sh/img001-ex.jpg,*,sh/img001-ex.jpg,,,,,,,,,,,,,,,,,,,,,,,0,1,en_sh_ex_180_bt,,1,,33600,35850,,5,,,,,,,,,,,,,,,,,"23,28","NEW extension,Extension SoftBank 809SH"
1667,11603,747,2736,No,165-[extension]166Days (Value Rental Pack: 6Months Pack),2,カート用延長フラグ,Extension SoftBank 809SH,1,,,,,,,,*,sh/img001-ex.jpg,*,sh/img001-ex.jpg,,,,,,,,,,,,,,,,,,,,,,,0,1,en_sh_ex_180,,1,,33600,33600,,5,,,,,,,,,,,,,,,,,"23,28","NEW extension,Extension SoftBank 809SH"
1667,11604,748,2737,Yes,166-[extension]167Days (Value Rental Pack: 6Months Pack),2,カート用延長フラグ,Extension SoftBank 809SH,1,,,,,,,,*,sh/img001-ex.jpg,*,sh/img001-ex.jpg,,,,,,,,,,,,,,,,,,,,,,,0,1,en_sh_ex_180_bt,,1,,33600,35850,,5,,,,,,,,,,,,,,,,,"23,28","NEW extension,Extension SoftBank 809SH"
1667,11605,747,2737,No,166-[extension]167Days (Value Rental Pack: 6Months Pack),2,カート用延長フラグ,Extension SoftBank 809SH,1,,,,,,,,*,sh/img001-ex.jpg,*,sh/img001-ex.jpg,,,,,,,,,,,,,,,,,,,,,,,0,1,en_sh_ex_180,,1,,33600,33600,,5,,,,,,,,,,,,,,,,,"23,28","NEW extension,Extension SoftBank 809SH"
1667,11606,748,2738,Yes,167-[extension]168Days (Value Rental Pack: 6Months Pack),2,カート用延長フラグ,Extension SoftBank 809SH,1,,,,,,,,*,sh/img001-ex.jpg,*,sh/img001-ex.jpg,,,,,,,,,,,,,,,,,,,,,,,0,1,en_sh_ex_180_bt,,1,,33600,35850,,5,,,,,,,,,,,,,,,,,"23,28","NEW extension,Extension SoftBank 809SH"
1667,11607,747,2738,No,167-[extension]168Days (Value Rental Pack: 6Months Pack),2,カート用延長フラグ,Extension SoftBank 809SH,1,,,,,,,,*,sh/img001-ex.jpg,*,sh/img001-ex.jpg,,,,,,,,,,,,,,,,,,,,,,,0,1,en_sh_ex_180,,1,,33600,33600,,5,,,,,,,,,,,,,,,,,"23,28","NEW extension,Extension SoftBank 809SH"
1667,11608,748,2739,Yes,168-[extension]169Days (Value Rental Pack: 6Months Pack),2,カート用延長フラグ,Extension SoftBank 809SH,1,,,,,,,,*,sh/img001-ex.jpg,*,sh/img001-ex.jpg,,,,,,,,,,,,,,,,,,,,,,,0,1,en_sh_ex_180_bt,,1,,33600,35850,,5,,,,,,,,,,,,,,,,,"23,28","NEW extension,Extension SoftBank 809SH"
1667,11609,747,2739,No,168-[extension]169Days (Value Rental Pack: 6Months Pack),2,カート用延長フラグ,Extension SoftBank 809SH,1,,,,,,,,*,sh/img001-ex.jpg,*,sh/img001-ex.jpg,,,,,,,,,,,,,,,,,,,,,,,0,1,en_sh_ex_180,,1,,33600,33600,,5,,,,,,,,,,,,,,,,,"23,28","NEW extension,Extension SoftBank 809SH"
1667,11610,748,2740,Yes,169-[extension]170Days (Value Rental Pack: 6Months Pack),2,カート用延長フラグ,Extension SoftBank 809SH,1,,,,,,,,*,sh/img001-ex.jpg,*,sh/img001-ex.jpg,,,,,,,,,,,,,,,,,,,,,,,0,1,en_sh_ex_180_bt,,1,,33600,35850,,5,,,,,,,,,,,,,,,,,"23,28","NEW extension,Extension SoftBank 809SH"
1667,11611,747,2740,No,169-[extension]170Days (Value Rental Pack: 6Months Pack),2,カート用延長フラグ,Extension SoftBank 809SH,1,,,,,,,,*,sh/img001-ex.jpg,*,sh/img001-ex.jpg,,,,,,,,,,,,,,,,,,,,,,,0,1,en_sh_ex_180,,1,,33600,33600,,5,,,,,,,,,,,,,,,,,"23,28","NEW extension,Extension SoftBank 809SH"
1667,11612,748,2741,Yes,170-[extension]171Days (Value Rental Pack: 6Months Pack),2,カート用延長フラグ,Extension SoftBank 809SH,1,,,,,,,,*,sh/img001-ex.jpg,*,sh/img001-ex.jpg,,,,,,,,,,,,,,,,,,,,,,,0,1,en_sh_ex_180_bt,,1,,33600,35850,,5,,,,,,,,,,,,,,,,,"23,28","NEW extension,Extension SoftBank 809SH"
1667,11613,747,2741,No,170-[extension]171Days (Value Rental Pack: 6Months Pack),2,カート用延長フラグ,Extension SoftBank 809SH,1,,,,,,,,*,sh/img001-ex.jpg,*,sh/img001-ex.jpg,,,,,,,,,,,,,,,,,,,,,,,0,1,en_sh_ex_180,,1,,33600,33600,,5,,,,,,,,,,,,,,,,,"23,28","NEW extension,Extension SoftBank 809SH"
1667,11614,748,2742,Yes,171-[extension]172Days (Value Rental Pack: 6Months Pack),2,カート用延長フラグ,Extension SoftBank 809SH,1,,,,,,,,*,sh/img001-ex.jpg,*,sh/img001-ex.jpg,,,,,,,,,,,,,,,,,,,,,,,0,1,en_sh_ex_180_bt,,1,,33600,35850,,5,,,,,,,,,,,,,,,,,"23,28","NEW extension,Extension SoftBank 809SH"
1667,11615,747,2742,No,171-[extension]172Days (Value Rental Pack: 6Months Pack),2,カート用延長フラグ,Extension SoftBank 809SH,1,,,,,,,,*,sh/img001-ex.jpg,*,sh/img001-ex.jpg,,,,,,,,,,,,,,,,,,,,,,,0,1,en_sh_ex_180,,1,,33600,33600,,5,,,,,,,,,,,,,,,,,"23,28","NEW extension,Extension SoftBank 809SH"
1667,11616,748,2743,Yes,172-[extension]173Days (Value Rental Pack: 6Months Pack),2,カート用延長フラグ,Extension SoftBank 809SH,1,,,,,,,,*,sh/img001-ex.jpg,*,sh/img001-ex.jpg,,,,,,,,,,,,,,,,,,,,,,,0,1,en_sh_ex_180_bt,,1,,33600,35850,,5,,,,,,,,,,,,,,,,,"23,28","NEW extension,Extension SoftBank 809SH"
1667,11617,747,2743,No,172-[extension]173Days (Value Rental Pack: 6Months Pack),2,カート用延長フラグ,Extension SoftBank 809SH,1,,,,,,,,*,sh/img001-ex.jpg,*,sh/img001-ex.jpg,,,,,,,,,,,,,,,,,,,,,,,0,1,en_sh_ex_180,,1,,33600,33600,,5,,,,,,,,,,,,,,,,,"23,28","NEW extension,Extension SoftBank 809SH"
1667,11618,748,2744,Yes,173-[extension]174Days (Value Rental Pack: 6Months Pack),2,カート用延長フラグ,Extension SoftBank 809SH,1,,,,,,,,*,sh/img001-ex.jpg,*,sh/img001-ex.jpg,,,,,,,,,,,,,,,,,,,,,,,0,1,en_sh_ex_180_bt,,1,,33600,35850,,5,,,,,,,,,,,,,,,,,"23,28","NEW extension,Extension SoftBank 809SH"
1667,11619,747,2744,No,173-[extension]174Days (Value Rental Pack: 6Months Pack),2,カート用延長フラグ,Extension SoftBank 809SH,1,,,,,,,,*,sh/img001-ex.jpg,*,sh/img001-ex.jpg,,,,,,,,,,,,,,,,,,,,,,,0,1,en_sh_ex_180,,1,,33600,33600,,5,,,,,,,,,,,,,,,,,"23,28","NEW extension,Extension SoftBank 809SH"
1667,11620,748,2745,Yes,174-[extension]175Days (Value Rental Pack: 6Months Pack),2,カート用延長フラグ,Extension SoftBank 809SH,1,,,,,,,,*,sh/img001-ex.jpg,*,sh/img001-ex.jpg,,,,,,,,,,,,,,,,,,,,,,,0,1,en_sh_ex_180_bt,,1,,33600,35850,,5,,,,,,,,,,,,,,,,,"23,28","NEW extension,Extension SoftBank 809SH"
1667,11621,747,2745,No,174-[extension]175Days (Value Rental Pack: 6Months Pack),2,カート用延長フラグ,Extension SoftBank 809SH,1,,,,,,,,*,sh/img001-ex.jpg,*,sh/img001-ex.jpg,,,,,,,,,,,,,,,,,,,,,,,0,1,en_sh_ex_180,,1,,33600,33600,,5,,,,,,,,,,,,,,,,,"23,28","NEW extension,Extension SoftBank 809SH"
1667,11622,748,2746,Yes,175-[extension]176Days (Value Rental Pack: 6Months Pack),2,カート用延長フラグ,Extension SoftBank 809SH,1,,,,,,,,*,sh/img001-ex.jpg,*,sh/img001-ex.jpg,,,,,,,,,,,,,,,,,,,,,,,0,1,en_sh_ex_180_bt,,1,,33600,35850,,5,,,,,,,,,,,,,,,,,"23,28","NEW extension,Extension SoftBank 809SH"
1667,11623,747,2746,No,175-[extension]176Days (Value Rental Pack: 6Months Pack),2,カート用延長フラグ,Extension SoftBank 809SH,1,,,,,,,,*,sh/img001-ex.jpg,*,sh/img001-ex.jpg,,,,,,,,,,,,,,,,,,,,,,,0,1,en_sh_ex_180,,1,,33600,33600,,5,,,,,,,,,,,,,,,,,"23,28","NEW extension,Extension SoftBank 809SH"
1667,11624,748,2747,Yes,176-[extension]177Days (Value Rental Pack: 6Months Pack),2,カート用延長フラグ,Extension SoftBank 809SH,1,,,,,,,,*,sh/img001-ex.jpg,*,sh/img001-ex.jpg,,,,,,,,,,,,,,,,,,,,,,,0,1,en_sh_ex_180_bt,,1,,33600,35850,,5,,,,,,,,,,,,,,,,,"23,28","NEW extension,Extension SoftBank 809SH"
1667,11625,747,2747,No,176-[extension]177Days (Value Rental Pack: 6Months Pack),2,カート用延長フラグ,Extension SoftBank 809SH,1,,,,,,,,*,sh/img001-ex.jpg,*,sh/img001-ex.jpg,,,,,,,,,,,,,,,,,,,,,,,0,1,en_sh_ex_180,,1,,33600,33600,,5,,,,,,,,,,,,,,,,,"23,28","NEW extension,Extension SoftBank 809SH"
1667,11626,748,2748,Yes,177-[extension]178Days (Value Rental Pack: 6Months Pack),2,カート用延長フラグ,Extension SoftBank 809SH,1,,,,,,,,*,sh/img001-ex.jpg,*,sh/img001-ex.jpg,,,,,,,,,,,,,,,,,,,,,,,0,1,en_sh_ex_180_bt,,1,,33600,35850,,5,,,,,,,,,,,,,,,,,"23,28","NEW extension,Extension SoftBank 809SH"
1667,11627,747,2748,No,177-[extension]178Days (Value Rental Pack: 6Months Pack),2,カート用延長フラグ,Extension SoftBank 809SH,1,,,,,,,,*,sh/img001-ex.jpg,*,sh/img001-ex.jpg,,,,,,,,,,,,,,,,,,,,,,,0,1,en_sh_ex_180,,1,,33600,33600,,5,,,,,,,,,,,,,,,,,"23,28","NEW extension,Extension SoftBank 809SH"
1667,11628,748,2749,Yes,178-[extension]179Days (Value Rental Pack: 6Months Pack),2,カート用延長フラグ,Extension SoftBank 809SH,1,,,,,,,,*,sh/img001-ex.jpg,*,sh/img001-ex.jpg,,,,,,,,,,,,,,,,,,,,,,,0,1,en_sh_ex_180_bt,,1,,33600,35850,,5,,,,,,,,,,,,,,,,,"23,28","NEW extension,Extension SoftBank 809SH"
1667,11629,747,2749,No,178-[extension]179Days (Value Rental Pack: 6Months Pack),2,カート用延長フラグ,Extension SoftBank 809SH,1,,,,,,,,*,sh/img001-ex.jpg,*,sh/img001-ex.jpg,,,,,,,,,,,,,,,,,,,,,,,0,1,en_sh_ex_180,,1,,33600,33600,,5,,,,,,,,,,,,,,,,,"23,28","NEW extension,Extension SoftBank 809SH"
1667,11630,748,2750,Yes,179-[extension]180Days (Value Rental Pack: 6Months Pack),2,カート用延長フラグ,Extension SoftBank 809SH,1,,,,,,,,*,sh/img001-ex.jpg,*,sh/img001-ex.jpg,,,,,,,,,,,,,,,,,,,,,,,0,1,en_sh_ex_180_bt,,1,,33600,35850,,5,,,,,,,,,,,,,,,,,"23,28","NEW extension,Extension SoftBank 809SH"
1667,11631,747,2750,No,179-[extension]180Days (Value Rental Pack: 6Months Pack),2,カート用延長フラグ,Extension SoftBank 809SH,1,,,,,,,,*,sh/img001-ex.jpg,*,sh/img001-ex.jpg,,,,,,,,,,,,,,,,,,,,,,,0,1,en_sh_ex_180,,1,,33600,33600,,5,,,,,,,,,,,,,,,,,"23,28","NEW extension,Extension SoftBank 809SH"
1667,11632,748,2751,Yes,180-[extension]181Days (Value Rental Pack: 6Months Pack),2,カート用延長フラグ,Extension SoftBank 809SH,1,,,,,,,,*,sh/img001-ex.jpg,*,sh/img001-ex.jpg,,,,,,,,,,,,,,,,,,,,,,,0,1,en_sh_ex_180_bt,,1,,33600,35850,,5,,,,,,,,,,,,,,,,,"23,28","NEW extension,Extension SoftBank 809SH"
1667,11633,747,2751,No,180-[extension]181Days (Value Rental Pack: 6Months Pack),2,カート用延長フラグ,Extension SoftBank 809SH,1,,,,,,,,*,sh/img001-ex.jpg,*,sh/img001-ex.jpg,,,,,,,,,,,,,,,,,,,,,,,0,1,en_sh_ex_180,,1,,33600,33600,,5,,,,,,,,,,,,,,,,,"23,28","NEW extension,Extension SoftBank 809SH"
1667,11634,748,2752,Yes,181-[extension]182Days (Value Rental Pack: 6Months Pack + 1Day),2,カート用延長フラグ,Extension SoftBank 809SH,1,,,,,,,,*,sh/img001-ex.jpg,*,sh/img001-ex.jpg,,,,,,,,,,,,,,,,,,,,,,,0,1,en_sh_ex_181_bt,,1,,34190,36490,,5,,,,,,,,,,,,,,,,,"23,28","NEW extension,Extension SoftBank 809SH"
1667,11635,747,2752,No,181-[extension]182Days (Value Rental Pack: 6Months Pack + 1Day),2,カート用延長フラグ,Extension SoftBank 809SH,1,,,,,,,,*,sh/img001-ex.jpg,*,sh/img001-ex.jpg,,,,,,,,,,,,,,,,,,,,,,,0,1,en_sh_ex_181,,1,,34190,34190,,5,,,,,,,,,,,,,,,,,"23,28","NEW extension,Extension SoftBank 809SH"
1667,11636,748,2753,Yes,182-[extension]183Days (Value Rental Pack: 6Months Pack + 2Days),2,カート用延長フラグ,Extension SoftBank 809SH,1,,,,,,,,*,sh/img001-ex.jpg,*,sh/img001-ex.jpg,,,,,,,,,,,,,,,,,,,,,,,0,1,en_sh_ex_182_bt,,1,,34780,37130,,5,,,,,,,,,,,,,,,,,"23,28","NEW extension,Extension SoftBank 809SH"
1667,11637,747,2753,No,182-[extension]183Days (Value Rental Pack: 6Months Pack + 2Days),2,カート用延長フラグ,Extension SoftBank 809SH,1,,,,,,,,*,sh/img001-ex.jpg,*,sh/img001-ex.jpg,,,,,,,,,,,,,,,,,,,,,,,0,1,en_sh_ex_182,,1,,34780,34780,,5,,,,,,,,,,,,,,,,,"23,28","NEW extension,Extension SoftBank 809SH"
1667,11638,748,2754,Yes,183-[extension]184Days (Value Rental Pack: 6Months Pack + 3Days),2,カート用延長フラグ,Extension SoftBank 809SH,1,,,,,,,,*,sh/img001-ex.jpg,*,sh/img001-ex.jpg,,,,,,,,,,,,,,,,,,,,,,,0,1,en_sh_ex_183_bt,,1,,35370,37770,,5,,,,,,,,,,,,,,,,,"23,28","NEW extension,Extension SoftBank 809SH"
1667,11639,747,2754,No,183-[extension]184Days (Value Rental Pack: 6Months Pack + 3Days),2,カート用延長フラグ,Extension SoftBank 809SH,1,,,,,,,,*,sh/img001-ex.jpg,*,sh/img001-ex.jpg,,,,,,,,,,,,,,,,,,,,,,,0,1,en_sh_ex_183,,1,,35370,35370,,5,,,,,,,,,,,,,,,,,"23,28","NEW extension,Extension SoftBank 809SH"
1667,11640,748,2755,Yes,184-[extension]185Days (Value Rental Pack: 6Months Pack + 4Days),2,カート用延長フラグ,Extension SoftBank 809SH,1,,,,,,,,*,sh/img001-ex.jpg,*,sh/img001-ex.jpg,,,,,,,,,,,,,,,,,,,,,,,0,1,en_sh_ex_184_bt,,1,,35960,38410,,5,,,,,,,,,,,,,,,,,"23,28","NEW extension,Extension SoftBank 809SH"
1667,11641,747,2755,No,184-[extension]185Days (Value Rental Pack: 6Months Pack + 4Days),2,カート用延長フラグ,Extension SoftBank 809SH,1,,,,,,,,*,sh/img001-ex.jpg,*,sh/img001-ex.jpg,,,,,,,,,,,,,,,,,,,,,,,0,1,en_sh_ex_184,,1,,35960,35960,,5,,,,,,,,,,,,,,,,,"23,28","NEW extension,Extension SoftBank 809SH"
1667,11642,748,2756,Yes,185-[extension]186Days (Value Rental Pack: 6Months Pack + 5Days),2,カート用延長フラグ,Extension SoftBank 809SH,1,,,,,,,,*,sh/img001-ex.jpg,*,sh/img001-ex.jpg,,,,,,,,,,,,,,,,,,,,,,,0,1,en_sh_ex_185_bt,,1,,36550,39050,,5,,,,,,,,,,,,,,,,,"23,28","NEW extension,Extension SoftBank 809SH"
1667,11643,747,2756,No,185-[extension]186Days (Value Rental Pack: 6Months Pack + 5Days),2,カート用延長フラグ,Extension SoftBank 809SH,1,,,,,,,,*,sh/img001-ex.jpg,*,sh/img001-ex.jpg,,,,,,,,,,,,,,,,,,,,,,,0,1,en_sh_ex_185,,1,,36550,36550,,5,,,,,,,,,,,,,,,,,"23,28","NEW extension,Extension SoftBank 809SH"
1667,11644,748,2757,Yes,186-[extension]187Days (Value Rental Pack: 6Months Pack + 6Days),2,カート用延長フラグ,Extension SoftBank 809SH,1,,,,,,,,*,sh/img001-ex.jpg,*,sh/img001-ex.jpg,,,,,,,,,,,,,,,,,,,,,,,0,1,en_sh_ex_186_bt,,1,,37140,39690,,5,,,,,,,,,,,,,,,,,"23,28","NEW extension,Extension SoftBank 809SH"
1667,11645,747,2757,No,186-[extension]187Days (Value Rental Pack: 6Months Pack + 6Days),2,カート用延長フラグ,Extension SoftBank 809SH,1,,,,,,,,*,sh/img001-ex.jpg,*,sh/img001-ex.jpg,,,,,,,,,,,,,,,,,,,,,,,0,1,en_sh_ex_186,,1,,37140,37140,,5,,,,,,,,,,,,,,,,,"23,28","NEW extension,Extension SoftBank 809SH"
1667,11646,748,2758,Yes,187-[extension]188Days (Value Rental Pack: 6Months Pack + 7Days),2,カート用延長フラグ,Extension SoftBank 809SH,1,,,,,,,,*,sh/img001-ex.jpg,*,sh/img001-ex.jpg,,,,,,,,,,,,,,,,,,,,,,,0,1,en_sh_ex_187_bt,,1,,37730,40330,,5,,,,,,,,,,,,,,,,,"23,28","NEW extension,Extension SoftBank 809SH"
1667,11647,747,2758,No,187-[extension]188Days (Value Rental Pack: 6Months Pack + 7Days),2,カート用延長フラグ,Extension SoftBank 809SH,1,,,,,,,,*,sh/img001-ex.jpg,*,sh/img001-ex.jpg,,,,,,,,,,,,,,,,,,,,,,,0,1,en_sh_ex_187,,1,,37730,37730,,5,,,,,,,,,,,,,,,,,"23,28","NEW extension,Extension SoftBank 809SH"
1667,11648,748,2759,Yes,188-[extension]189Days (Value Rental Pack: 6Months Pack + 8Days),2,カート用延長フラグ,Extension SoftBank 809SH,1,,,,,,,,*,sh/img001-ex.jpg,*,sh/img001-ex.jpg,,,,,,,,,,,,,,,,,,,,,,,0,1,en_sh_ex_188_bt,,1,,38320,40970,,5,,,,,,,,,,,,,,,,,"23,28","NEW extension,Extension SoftBank 809SH"
1667,11649,747,2759,No,188-[extension]189Days (Value Rental Pack: 6Months Pack + 8Days),2,カート用延長フラグ,Extension SoftBank 809SH,1,,,,,,,,*,sh/img001-ex.jpg,*,sh/img001-ex.jpg,,,,,,,,,,,,,,,,,,,,,,,0,1,en_sh_ex_188,,1,,38320,38320,,5,,,,,,,,,,,,,,,,,"23,28","NEW extension,Extension SoftBank 809SH"
1667,11650,748,2760,Yes,189-[extension]190Days (Value Rental Pack: 6Months Pack + 9Days),2,カート用延長フラグ,Extension SoftBank 809SH,1,,,,,,,,*,sh/img001-ex.jpg,*,sh/img001-ex.jpg,,,,,,,,,,,,,,,,,,,,,,,0,1,en_sh_ex_189_bt,,1,,38910,41610,,5,,,,,,,,,,,,,,,,,"23,28","NEW extension,Extension SoftBank 809SH"
1667,11651,747,2760,No,189-[extension]190Days (Value Rental Pack: 6Months Pack + 9Days),2,カート用延長フラグ,Extension SoftBank 809SH,1,,,,,,,,*,sh/img001-ex.jpg,*,sh/img001-ex.jpg,,,,,,,,,,,,,,,,,,,,,,,0,1,en_sh_ex_189,,1,,38910,38910,,5,,,,,,,,,,,,,,,,,"23,28","NEW extension,Extension SoftBank 809SH"
1667,11652,748,2761,Yes,190-[extension]191Days (Value Rental Pack: 6Months Pack + 10Days),2,カート用延長フラグ,Extension SoftBank 809SH,1,,,,,,,,*,sh/img001-ex.jpg,*,sh/img001-ex.jpg,,,,,,,,,,,,,,,,,,,,,,,0,1,en_sh_ex_190_bt,,1,,39500,42250,,5,,,,,,,,,,,,,,,,,"23,28","NEW extension,Extension SoftBank 809SH"
1667,11653,747,2761,No,190-[extension]191Days (Value Rental Pack: 6Months Pack + 10Days),2,カート用延長フラグ,Extension SoftBank 809SH,1,,,,,,,,*,sh/img001-ex.jpg,*,sh/img001-ex.jpg,,,,,,,,,,,,,,,,,,,,,,,0,1,en_sh_ex_190,,1,,39500,39500,,5,,,,,,,,,,,,,,,,,"23,28","NEW extension,Extension SoftBank 809SH"
1667,11654,748,2762,Yes,191-[extension]192Days (Value Rental Pack: 6Months Pack + 11Days),2,カート用延長フラグ,Extension SoftBank 809SH,1,,,,,,,,*,sh/img001-ex.jpg,*,sh/img001-ex.jpg,,,,,,,,,,,,,,,,,,,,,,,0,1,en_sh_ex_191_bt,,1,,40090,42890,,5,,,,,,,,,,,,,,,,,"23,28","NEW extension,Extension SoftBank 809SH"
1667,11655,747,2762,No,191-[extension]192Days (Value Rental Pack: 6Months Pack + 11Days),2,カート用延長フラグ,Extension SoftBank 809SH,1,,,,,,,,*,sh/img001-ex.jpg,*,sh/img001-ex.jpg,,,,,,,,,,,,,,,,,,,,,,,0,1,en_sh_ex_191,,1,,40090,40090,,5,,,,,,,,,,,,,,,,,"23,28","NEW extension,Extension SoftBank 809SH"
1667,11656,748,2763,Yes,192-[extension]193Days (Value Rental Pack: 6Months Pack + 12Days),2,カート用延長フラグ,Extension SoftBank 809SH,1,,,,,,,,*,sh/img001-ex.jpg,*,sh/img001-ex.jpg,,,,,,,,,,,,,,,,,,,,,,,0,1,en_sh_ex_192_bt,,1,,40680,43530,,5,,,,,,,,,,,,,,,,,"23,28","NEW extension,Extension SoftBank 809SH"
1667,11657,747,2763,No,192-[extension]193Days (Value Rental Pack: 6Months Pack + 12Days),2,カート用延長フラグ,Extension SoftBank 809SH,1,,,,,,,,*,sh/img001-ex.jpg,*,sh/img001-ex.jpg,,,,,,,,,,,,,,,,,,,,,,,0,1,en_sh_ex_192,,1,,40680,40680,,5,,,,,,,,,,,,,,,,,"23,28","NEW extension,Extension SoftBank 809SH"
1667,11658,748,2764,Yes,193-[extension]194Days (Value Rental Pack: 6Months Pack + 13Days),2,カート用延長フラグ,Extension SoftBank 809SH,1,,,,,,,,*,sh/img001-ex.jpg,*,sh/img001-ex.jpg,,,,,,,,,,,,,,,,,,,,,,,0,1,en_sh_ex_193_bt,,1,,41270,44170,,5,,,,,,,,,,,,,,,,,"23,28","NEW extension,Extension SoftBank 809SH"
1667,11659,747,2764,No,193-[extension]194Days (Value Rental Pack: 6Months Pack + 13Days),2,カート用延長フラグ,Extension SoftBank 809SH,1,,,,,,,,*,sh/img001-ex.jpg,*,sh/img001-ex.jpg,,,,,,,,,,,,,,,,,,,,,,,0,1,en_sh_ex_193,,1,,41270,41270,,5,,,,,,,,,,,,,,,,,"23,28","NEW extension,Extension SoftBank 809SH"
1667,11660,748,2765,Yes,194-[extension]195Days (Value Rental Pack: 6Months Pack + 14Days),2,カート用延長フラグ,Extension SoftBank 809SH,1,,,,,,,,*,sh/img001-ex.jpg,*,sh/img001-ex.jpg,,,,,,,,,,,,,,,,,,,,,,,0,1,en_sh_ex_194_bt,,1,,41860,44810,,5,,,,,,,,,,,,,,,,,"23,28","NEW extension,Extension SoftBank 809SH"
1667,11661,747,2765,No,194-[extension]195Days (Value Rental Pack: 6Months Pack + 14Days),2,カート用延長フラグ,Extension SoftBank 809SH,1,,,,,,,,*,sh/img001-ex.jpg,*,sh/img001-ex.jpg,,,,,,,,,,,,,,,,,,,,,,,0,1,en_sh_ex_194,,1,,41860,41860,,5,,,,,,,,,,,,,,,,,"23,28","NEW extension,Extension SoftBank 809SH"
1667,11662,748,2766,Yes,195-[extension]196Days (Value Rental Pack: 6Months Pack + 1Month Pack),2,カート用延長フラグ,Extension SoftBank 809SH,1,,,,,,,,*,sh/img001-ex.jpg,*,sh/img001-ex.jpg,,,,,,,,,,,,,,,,,,,,,,,0,1,en_sh_ex_211_bt,,1,,42450,45450,,5,,,,,,,,,,,,,,,,,"23,28","NEW extension,Extension SoftBank 809SH"
1667,11663,747,2766,No,195-[extension]196Days (Value Rental Pack: 6Months Pack + 1Month Pack),2,カート用延長フラグ,Extension SoftBank 809SH,1,,,,,,,,*,sh/img001-ex.jpg,*,sh/img001-ex.jpg,,,,,,,,,,,,,,,,,,,,,,,0,1,en_sh_ex_211,,1,,42450,42450,,5,,,,,,,,,,,,,,,,,"23,28","NEW extension,Extension SoftBank 809SH"
1667,11664,748,2767,Yes,196-[extension]197Days (Value Rental Pack: 6Months Pack + 1Month Pack),2,カート用延長フラグ,Extension SoftBank 809SH,1,,,,,,,,*,sh/img001-ex.jpg,*,sh/img001-ex.jpg,,,,,,,,,,,,,,,,,,,,,,,0,1,en_sh_ex_211_bt,,1,,42450,45450,,5,,,,,,,,,,,,,,,,,"23,28","NEW extension,Extension SoftBank 809SH"
1667,11665,747,2767,No,196-[extension]197Days (Value Rental Pack: 6Months Pack + 1Month Pack),2,カート用延長フラグ,Extension SoftBank 809SH,1,,,,,,,,*,sh/img001-ex.jpg,*,sh/img001-ex.jpg,,,,,,,,,,,,,,,,,,,,,,,0,1,en_sh_ex_211,,1,,42450,42450,,5,,,,,,,,,,,,,,,,,"23,28","NEW extension,Extension SoftBank 809SH"
1667,11666,748,2768,Yes,197-[extension]198Days (Value Rental Pack: 6Months Pack + 1Month Pack),2,カート用延長フラグ,Extension SoftBank 809SH,1,,,,,,,,*,sh/img001-ex.jpg,*,sh/img001-ex.jpg,,,,,,,,,,,,,,,,,,,,,,,0,1,en_sh_ex_211_bt,,1,,42450,45450,,5,,,,,,,,,,,,,,,,,"23,28","NEW extension,Extension SoftBank 809SH"
1667,11667,747,2768,No,197-[extension]198Days (Value Rental Pack: 6Months Pack + 1Month Pack),2,カート用延長フラグ,Extension SoftBank 809SH,1,,,,,,,,*,sh/img001-ex.jpg,*,sh/img001-ex.jpg,,,,,,,,,,,,,,,,,,,,,,,0,1,en_sh_ex_211,,1,,42450,42450,,5,,,,,,,,,,,,,,,,,"23,28","NEW extension,Extension SoftBank 809SH"
1667,11668,748,2769,Yes,198-[extension]199Days (Value Rental Pack: 6Months Pack + 1Month Pack),2,カート用延長フラグ,Extension SoftBank 809SH,1,,,,,,,,*,sh/img001-ex.jpg,*,sh/img001-ex.jpg,,,,,,,,,,,,,,,,,,,,,,,0,1,en_sh_ex_211_bt,,1,,42450,45450,,5,,,,,,,,,,,,,,,,,"23,28","NEW extension,Extension SoftBank 809SH"
1667,11669,747,2769,No,198-[extension]199Days (Value Rental Pack: 6Months Pack + 1Month Pack),2,カート用延長フラグ,Extension SoftBank 809SH,1,,,,,,,,*,sh/img001-ex.jpg,*,sh/img001-ex.jpg,,,,,,,,,,,,,,,,,,,,,,,0,1,en_sh_ex_211,,1,,42450,42450,,5,,,,,,,,,,,,,,,,,"23,28","NEW extension,Extension SoftBank 809SH"
1667,11670,748,2770,Yes,199-[extension]200Days (Value Rental Pack: 6Months Pack + 1Month Pack),2,カート用延長フラグ,Extension SoftBank 809SH,1,,,,,,,,*,sh/img001-ex.jpg,*,sh/img001-ex.jpg,,,,,,,,,,,,,,,,,,,,,,,0,1,en_sh_ex_211_bt,,1,,42450,45450,,5,,,,,,,,,,,,,,,,,"23,28","NEW extension,Extension SoftBank 809SH"
1667,11671,747,2770,No,199-[extension]200Days (Value Rental Pack: 6Months Pack + 1Month Pack),2,カート用延長フラグ,Extension SoftBank 809SH,1,,,,,,,,*,sh/img001-ex.jpg,*,sh/img001-ex.jpg,,,,,,,,,,,,,,,,,,,,,,,0,1,en_sh_ex_211,,1,,42450,42450,,5,,,,,,,,,,,,,,,,,"23,28","NEW extension,Extension SoftBank 809SH"
1667,11672,748,2771,Yes,200-[extension]201Days (Value Rental Pack: 6Months Pack + 1Month Pack),2,カート用延長フラグ,Extension SoftBank 809SH,1,,,,,,,,*,sh/img001-ex.jpg,*,sh/img001-ex.jpg,,,,,,,,,,,,,,,,,,,,,,,0,1,en_sh_ex_211_bt,,1,,42450,45450,,5,,,,,,,,,,,,,,,,,"23,28","NEW extension,Extension SoftBank 809SH"
1667,11673,747,2771,No,200-[extension]201Days (Value Rental Pack: 6Months Pack + 1Month Pack),2,カート用延長フラグ,Extension SoftBank 809SH,1,,,,,,,,*,sh/img001-ex.jpg,*,sh/img001-ex.jpg,,,,,,,,,,,,,,,,,,,,,,,0,1,en_sh_ex_211,,1,,42450,42450,,5,,,,,,,,,,,,,,,,,"23,28","NEW extension,Extension SoftBank 809SH"
1667,11674,748,2772,Yes,201-[extension]202Days (Value Rental Pack: 6Months Pack + 1Month Pack),2,カート用延長フラグ,Extension SoftBank 809SH,1,,,,,,,,*,sh/img001-ex.jpg,*,sh/img001-ex.jpg,,,,,,,,,,,,,,,,,,,,,,,0,1,en_sh_ex_211_bt,,1,,42450,45450,,5,,,,,,,,,,,,,,,,,"23,28","NEW extension,Extension SoftBank 809SH"
1667,11675,747,2772,No,201-[extension]202Days (Value Rental Pack: 6Months Pack + 1Month Pack),2,カート用延長フラグ,Extension SoftBank 809SH,1,,,,,,,,*,sh/img001-ex.jpg,*,sh/img001-ex.jpg,,,,,,,,,,,,,,,,,,,,,,,0,1,en_sh_ex_211,,1,,42450,42450,,5,,,,,,,,,,,,,,,,,"23,28","NEW extension,Extension SoftBank 809SH"
1667,11676,748,2773,Yes,202-[extension]203Days (Value Rental Pack: 6Months Pack + 1Month Pack),2,カート用延長フラグ,Extension SoftBank 809SH,1,,,,,,,,*,sh/img001-ex.jpg,*,sh/img001-ex.jpg,,,,,,,,,,,,,,,,,,,,,,,0,1,en_sh_ex_211_bt,,1,,42450,45450,,5,,,,,,,,,,,,,,,,,"23,28","NEW extension,Extension SoftBank 809SH"
1667,11677,747,2773,No,202-[extension]203Days (Value Rental Pack: 6Months Pack + 1Month Pack),2,カート用延長フラグ,Extension SoftBank 809SH,1,,,,,,,,*,sh/img001-ex.jpg,*,sh/img001-ex.jpg,,,,,,,,,,,,,,,,,,,,,,,0,1,en_sh_ex_211,,1,,42450,42450,,5,,,,,,,,,,,,,,,,,"23,28","NEW extension,Extension SoftBank 809SH"
1667,11678,748,2774,Yes,203-[extension]204Days (Value Rental Pack: 6Months Pack + 1Month Pack),2,カート用延長フラグ,Extension SoftBank 809SH,1,,,,,,,,*,sh/img001-ex.jpg,*,sh/img001-ex.jpg,,,,,,,,,,,,,,,,,,,,,,,0,1,en_sh_ex_211_bt,,1,,42450,45450,,5,,,,,,,,,,,,,,,,,"23,28","NEW extension,Extension SoftBank 809SH"
1667,11679,747,2774,No,203-[extension]204Days (Value Rental Pack: 6Months Pack + 1Month Pack),2,カート用延長フラグ,Extension SoftBank 809SH,1,,,,,,,,*,sh/img001-ex.jpg,*,sh/img001-ex.jpg,,,,,,,,,,,,,,,,,,,,,,,0,1,en_sh_ex_211,,1,,42450,42450,,5,,,,,,,,,,,,,,,,,"23,28","NEW extension,Extension SoftBank 809SH"
1667,11680,748,2775,Yes,204-[extension]205Days (Value Rental Pack: 6Months Pack + 1Month Pack),2,カート用延長フラグ,Extension SoftBank 809SH,1,,,,,,,,*,sh/img001-ex.jpg,*,sh/img001-ex.jpg,,,,,,,,,,,,,,,,,,,,,,,0,1,en_sh_ex_211_bt,,1,,42450,45450,,5,,,,,,,,,,,,,,,,,"23,28","NEW extension,Extension SoftBank 809SH"
1667,11681,747,2775,No,204-[extension]205Days (Value Rental Pack: 6Months Pack + 1Month Pack),2,カート用延長フラグ,Extension SoftBank 809SH,1,,,,,,,,*,sh/img001-ex.jpg,*,sh/img001-ex.jpg,,,,,,,,,,,,,,,,,,,,,,,0,1,en_sh_ex_211,,1,,42450,42450,,5,,,,,,,,,,,,,,,,,"23,28","NEW extension,Extension SoftBank 809SH"
1667,11682,748,2776,Yes,205-[extension]206Days (Value Rental Pack: 6Months Pack + 1Month Pack),2,カート用延長フラグ,Extension SoftBank 809SH,1,,,,,,,,*,sh/img001-ex.jpg,*,sh/img001-ex.jpg,,,,,,,,,,,,,,,,,,,,,,,0,1,en_sh_ex_211_bt,,1,,42450,45450,,5,,,,,,,,,,,,,,,,,"23,28","NEW extension,Extension SoftBank 809SH"
1667,11683,747,2776,No,205-[extension]206Days (Value Rental Pack: 6Months Pack + 1Month Pack),2,カート用延長フラグ,Extension SoftBank 809SH,1,,,,,,,,*,sh/img001-ex.jpg,*,sh/img001-ex.jpg,,,,,,,,,,,,,,,,,,,,,,,0,1,en_sh_ex_211,,1,,42450,42450,,5,,,,,,,,,,,,,,,,,"23,28","NEW extension,Extension SoftBank 809SH"
1667,11684,748,2777,Yes,206-[extension]207Days (Value Rental Pack: 6Months Pack + 1Month Pack),2,カート用延長フラグ,Extension SoftBank 809SH,1,,,,,,,,*,sh/img001-ex.jpg,*,sh/img001-ex.jpg,,,,,,,,,,,,,,,,,,,,,,,0,1,en_sh_ex_211_bt,,1,,42450,45450,,5,,,,,,,,,,,,,,,,,"23,28","NEW extension,Extension SoftBank 809SH"
1667,11685,747,2777,No,206-[extension]207Days (Value Rental Pack: 6Months Pack + 1Month Pack),2,カート用延長フラグ,Extension SoftBank 809SH,1,,,,,,,,*,sh/img001-ex.jpg,*,sh/img001-ex.jpg,,,,,,,,,,,,,,,,,,,,,,,0,1,en_sh_ex_211,,1,,42450,42450,,5,,,,,,,,,,,,,,,,,"23,28","NEW extension,Extension SoftBank 809SH"
1667,11686,748,2778,Yes,207-[extension]208Days (Value Rental Pack: 6Months Pack + 1Month Pack),2,カート用延長フラグ,Extension SoftBank 809SH,1,,,,,,,,*,sh/img001-ex.jpg,*,sh/img001-ex.jpg,,,,,,,,,,,,,,,,,,,,,,,0,1,en_sh_ex_211_bt,,1,,42450,45450,,5,,,,,,,,,,,,,,,,,"23,28","NEW extension,Extension SoftBank 809SH"
1667,11687,747,2778,No,207-[extension]208Days (Value Rental Pack: 6Months Pack + 1Month Pack),2,カート用延長フラグ,Extension SoftBank 809SH,1,,,,,,,,*,sh/img001-ex.jpg,*,sh/img001-ex.jpg,,,,,,,,,,,,,,,,,,,,,,,0,1,en_sh_ex_211,,1,,42450,42450,,5,,,,,,,,,,,,,,,,,"23,28","NEW extension,Extension SoftBank 809SH"
1667,11688,748,2779,Yes,208-[extension]209Days (Value Rental Pack: 6Months Pack + 1Month Pack),2,カート用延長フラグ,Extension SoftBank 809SH,1,,,,,,,,*,sh/img001-ex.jpg,*,sh/img001-ex.jpg,,,,,,,,,,,,,,,,,,,,,,,0,1,en_sh_ex_211_bt,,1,,42450,45450,,5,,,,,,,,,,,,,,,,,"23,28","NEW extension,Extension SoftBank 809SH"
1667,11689,747,2779,No,208-[extension]209Days (Value Rental Pack: 6Months Pack + 1Month Pack),2,カート用延長フラグ,Extension SoftBank 809SH,1,,,,,,,,*,sh/img001-ex.jpg,*,sh/img001-ex.jpg,,,,,,,,,,,,,,,,,,,,,,,0,1,en_sh_ex_211,,1,,42450,42450,,5,,,,,,,,,,,,,,,,,"23,28","NEW extension,Extension SoftBank 809SH"
1667,11690,748,2780,Yes,209-[extension]210Days (Value Rental Pack: 6Months Pack + 1Month Pack),2,カート用延長フラグ,Extension SoftBank 809SH,1,,,,,,,,*,sh/img001-ex.jpg,*,sh/img001-ex.jpg,,,,,,,,,,,,,,,,,,,,,,,0,1,en_sh_ex_211_bt,,1,,42450,45450,,5,,,,,,,,,,,,,,,,,"23,28","NEW extension,Extension SoftBank 809SH"
1667,11691,747,2780,No,209-[extension]210Days (Value Rental Pack: 6Months Pack + 1Month Pack),2,カート用延長フラグ,Extension SoftBank 809SH,1,,,,,,,,*,sh/img001-ex.jpg,*,sh/img001-ex.jpg,,,,,,,,,,,,,,,,,,,,,,,0,1,en_sh_ex_211,,1,,42450,42450,,5,,,,,,,,,,,,,,,,,"23,28","NEW extension,Extension SoftBank 809SH"
1667,11692,748,2781,Yes,210-[extension]211Days (Value Rental Pack: 6Months Pack + 1Month Pack),2,カート用延長フラグ,Extension SoftBank 809SH,1,,,,,,,,*,sh/img001-ex.jpg,*,sh/img001-ex.jpg,,,,,,,,,,,,,,,,,,,,,,,0,1,en_sh_ex_211_bt,,1,,42450,45450,,5,,,,,,,,,,,,,,,,,"23,28","NEW extension,Extension SoftBank 809SH"
1667,11693,747,2781,No,210-[extension]211Days (Value Rental Pack: 6Months Pack + 1Month Pack),2,カート用延長フラグ,Extension SoftBank 809SH,1,,,,,,,,*,sh/img001-ex.jpg,*,sh/img001-ex.jpg,,,,,,,,,,,,,,,,,,,,,,,0,1,en_sh_ex_211,,1,,42450,42450,,5,,,,,,,,,,,,,,,,,"23,28","NEW extension,Extension SoftBank 809SH"
1667,11694,748,2782,Yes,211-[extension]212Days (Value Rental Pack: 6Months Pack + 1Month Pack),2,カート用延長フラグ,Extension SoftBank 809SH,1,,,,,,,,*,sh/img001-ex.jpg,*,sh/img001-ex.jpg,,,,,,,,,,,,,,,,,,,,,,,0,1,en_sh_ex_211_bt,,1,,42450,45450,,5,,,,,,,,,,,,,,,,,"23,28","NEW extension,Extension SoftBank 809SH"
1667,11695,747,2782,No,211-[extension]212Days (Value Rental Pack: 6Months Pack + 1Month Pack),2,カート用延長フラグ,Extension SoftBank 809SH,1,,,,,,,,*,sh/img001-ex.jpg,*,sh/img001-ex.jpg,,,,,,,,,,,,,,,,,,,,,,,0,1,en_sh_ex_211,,1,,42450,42450,,5,,,,,,,,,,,,,,,,,"23,28","NEW extension,Extension SoftBank 809SH"
1667,11696,748,2783,Yes,212-[extension]213Days (Value Rental Pack: 6Months Pack + 1Month Pack + 1Day),2,カート用延長フラグ,Extension SoftBank 809SH,1,,,,,,,,*,sh/img001-ex.jpg,*,sh/img001-ex.jpg,,,,,,,,,,,,,,,,,,,,,,,0,1,en_sh_ex_212_bt,,1,,43040,46090,,5,,,,,,,,,,,,,,,,,"23,28","NEW extension,Extension SoftBank 809SH"
1667,11697,747,2783,No,212-[extension]213Days (Value Rental Pack: 6Months Pack + 1Month Pack + 1Day),2,カート用延長フラグ,Extension SoftBank 809SH,1,,,,,,,,*,sh/img001-ex.jpg,*,sh/img001-ex.jpg,,,,,,,,,,,,,,,,,,,,,,,0,1,en_sh_ex_212,,1,,43040,43040,,5,,,,,,,,,,,,,,,,,"23,28","NEW extension,Extension SoftBank 809SH"
1667,11698,748,2784,Yes,213-[extension]214Days (Value Rental Pack: 6Months Pack + 1Month Pack + 2Days),2,カート用延長フラグ,Extension SoftBank 809SH,1,,,,,,,,*,sh/img001-ex.jpg,*,sh/img001-ex.jpg,,,,,,,,,,,,,,,,,,,,,,,0,1,en_sh_ex_213_bt,,1,,43630,46730,,5,,,,,,,,,,,,,,,,,"23,28","NEW extension,Extension SoftBank 809SH"
1667,11699,747,2784,No,213-[extension]214Days (Value Rental Pack: 6Months Pack + 1Month Pack + 2Days),2,カート用延長フラグ,Extension SoftBank 809SH,1,,,,,,,,*,sh/img001-ex.jpg,*,sh/img001-ex.jpg,,,,,,,,,,,,,,,,,,,,,,,0,1,en_sh_ex_213,,1,,43630,43630,,5,,,,,,,,,,,,,,,,,"23,28","NEW extension,Extension SoftBank 809SH"
1667,11700,748,2785,Yes,214-[extension]215Days (Value Rental Pack: 6Months Pack + 1Month Pack + 3Days),2,カート用延長フラグ,Extension SoftBank 809SH,1,,,,,,,,*,sh/img001-ex.jpg,*,sh/img001-ex.jpg,,,,,,,,,,,,,,,,,,,,,,,0,1,en_sh_ex_214_bt,,1,,44220,47370,,5,,,,,,,,,,,,,,,,,"23,28","NEW extension,Extension SoftBank 809SH"
1667,11701,747,2785,No,214-[extension]215Days (Value Rental Pack: 6Months Pack + 1Month Pack + 3Days),2,カート用延長フラグ,Extension SoftBank 809SH,1,,,,,,,,*,sh/img001-ex.jpg,*,sh/img001-ex.jpg,,,,,,,,,,,,,,,,,,,,,,,0,1,en_sh_ex_214,,1,,44220,44220,,5,,,,,,,,,,,,,,,,,"23,28","NEW extension,Extension SoftBank 809SH"
1667,11702,748,2786,Yes,215-[extension]216Days (Value Rental Pack: 6Months Pack + 1Month Pack + 4Days),2,カート用延長フラグ,Extension SoftBank 809SH,1,,,,,,,,*,sh/img001-ex.jpg,*,sh/img001-ex.jpg,,,,,,,,,,,,,,,,,,,,,,,0,1,en_sh_ex_215_bt,,1,,44810,48010,,5,,,,,,,,,,,,,,,,,"23,28","NEW extension,Extension SoftBank 809SH"
1667,11703,747,2786,No,215-[extension]216Days (Value Rental Pack: 6Months Pack + 1Month Pack + 4Days),2,カート用延長フラグ,Extension SoftBank 809SH,1,,,,,,,,*,sh/img001-ex.jpg,*,sh/img001-ex.jpg,,,,,,,,,,,,,,,,,,,,,,,0,1,en_sh_ex_215,,1,,44810,44810,,5,,,,,,,,,,,,,,,,,"23,28","NEW extension,Extension SoftBank 809SH"
1667,11704,748,2787,Yes,216-[extension]217Days (Value Rental Pack: 6Months Pack + 1Month Pack + 5Days),2,カート用延長フラグ,Extension SoftBank 809SH,1,,,,,,,,*,sh/img001-ex.jpg,*,sh/img001-ex.jpg,,,,,,,,,,,,,,,,,,,,,,,0,1,en_sh_ex_216_bt,,1,,45400,48650,,5,,,,,,,,,,,,,,,,,"23,28","NEW extension,Extension SoftBank 809SH"
1667,11705,747,2787,No,216-[extension]217Days (Value Rental Pack: 6Months Pack + 1Month Pack + 5Days),2,カート用延長フラグ,Extension SoftBank 809SH,1,,,,,,,,*,sh/img001-ex.jpg,*,sh/img001-ex.jpg,,,,,,,,,,,,,,,,,,,,,,,0,1,en_sh_ex_216,,1,,45400,45400,,5,,,,,,,,,,,,,,,,,"23,28","NEW extension,Extension SoftBank 809SH"
1667,11706,748,2788,Yes,217-[extension]218Days (Value Rental Pack: 6Months Pack + 1Month Pack + 6Days),2,カート用延長フラグ,Extension SoftBank 809SH,1,,,,,,,,*,sh/img001-ex.jpg,*,sh/img001-ex.jpg,,,,,,,,,,,,,,,,,,,,,,,0,1,en_sh_ex_217_bt,,1,,45990,49290,,5,,,,,,,,,,,,,,,,,"23,28","NEW extension,Extension SoftBank 809SH"
1667,11707,747,2788,No,217-[extension]218Days (Value Rental Pack: 6Months Pack + 1Month Pack + 6Days),2,カート用延長フラグ,Extension SoftBank 809SH,1,,,,,,,,*,sh/img001-ex.jpg,*,sh/img001-ex.jpg,,,,,,,,,,,,,,,,,,,,,,,0,1,en_sh_ex_217,,1,,45990,45990,,5,,,,,,,,,,,,,,,,,"23,28","NEW extension,Extension SoftBank 809SH"
1667,11708,748,2789,Yes,218-[extension]219Days (Value Rental Pack: 6Months Pack + 1Month Pack + 7Days),2,カート用延長フラグ,Extension SoftBank 809SH,1,,,,,,,,*,sh/img001-ex.jpg,*,sh/img001-ex.jpg,,,,,,,,,,,,,,,,,,,,,,,0,1,en_sh_ex_218_bt,,1,,46580,49880,,5,,,,,,,,,,,,,,,,,"23,28","NEW extension,Extension SoftBank 809SH"
1667,11709,747,2789,No,218-[extension]219Days (Value Rental Pack: 6Months Pack + 1Month Pack + 7Days),2,カート用延長フラグ,Extension SoftBank 809SH,1,,,,,,,,*,sh/img001-ex.jpg,*,sh/img001-ex.jpg,,,,,,,,,,,,,,,,,,,,,,,0,1,en_sh_ex_218,,1,,46580,46580,,5,,,,,,,,,,,,,,,,,"23,28","NEW extension,Extension SoftBank 809SH"
1667,11710,748,2790,Yes,219-[extension]220Days (Value Rental Pack: 6Months Pack + 1Month Pack + 8Days),2,カート用延長フラグ,Extension SoftBank 809SH,1,,,,,,,,*,sh/img001-ex.jpg,*,sh/img001-ex.jpg,,,,,,,,,,,,,,,,,,,,,,,0,1,en_sh_ex_219_bt,,1,,47170,50470,,5,,,,,,,,,,,,,,,,,"23,28","NEW extension,Extension SoftBank 809SH"
1667,11711,747,2790,No,219-[extension]220Days (Value Rental Pack: 6Months Pack + 1Month Pack + 8Days),2,カート用延長フラグ,Extension SoftBank 809SH,1,,,,,,,,*,sh/img001-ex.jpg,*,sh/img001-ex.jpg,,,,,,,,,,,,,,,,,,,,,,,0,1,en_sh_ex_219,,1,,47170,47170,,5,,,,,,,,,,,,,,,,,"23,28","NEW extension,Extension SoftBank 809SH"
1667,11712,748,2791,Yes,220-[extension]221Days (Value Rental Pack: 6Months Pack + 1Month Pack + 9Days),2,カート用延長フラグ,Extension SoftBank 809SH,1,,,,,,,,*,sh/img001-ex.jpg,*,sh/img001-ex.jpg,,,,,,,,,,,,,,,,,,,,,,,0,1,en_sh_ex_220_bt,,1,,47760,51060,,5,,,,,,,,,,,,,,,,,"23,28","NEW extension,Extension SoftBank 809SH"
1667,11713,747,2791,No,220-[extension]221Days (Value Rental Pack: 6Months Pack + 1Month Pack + 9Days),2,カート用延長フラグ,Extension SoftBank 809SH,1,,,,,,,,*,sh/img001-ex.jpg,*,sh/img001-ex.jpg,,,,,,,,,,,,,,,,,,,,,,,0,1,en_sh_ex_220,,1,,47760,47760,,5,,,,,,,,,,,,,,,,,"23,28","NEW extension,Extension SoftBank 809SH"
1667,11714,748,2792,Yes,221-[extension]222Days (Value Rental Pack: 6Months Pack + 1Month Pack + 10Days),2,カート用延長フラグ,Extension SoftBank 809SH,1,,,,,,,,*,sh/img001-ex.jpg,*,sh/img001-ex.jpg,,,,,,,,,,,,,,,,,,,,,,,0,1,en_sh_ex_221_bt,,1,,48350,51650,,5,,,,,,,,,,,,,,,,,"23,28","NEW extension,Extension SoftBank 809SH"
1667,11715,747,2792,No,221-[extension]222Days (Value Rental Pack: 6Months Pack + 1Month Pack + 10Days),2,カート用延長フラグ,Extension SoftBank 809SH,1,,,,,,,,*,sh/img001-ex.jpg,*,sh/img001-ex.jpg,,,,,,,,,,,,,,,,,,,,,,,0,1,en_sh_ex_221,,1,,48350,48350,,5,,,,,,,,,,,,,,,,,"23,28","NEW extension,Extension SoftBank 809SH"
1667,11716,748,2793,Yes,222-[extension]223Days (Value Rental Pack: 6Months Pack + 1Month Pack + 11Days),2,カート用延長フラグ,Extension SoftBank 809SH,1,,,,,,,,*,sh/img001-ex.jpg,*,sh/img001-ex.jpg,,,,,,,,,,,,,,,,,,,,,,,0,1,en_sh_ex_222_bt,,1,,48940,52240,,5,,,,,,,,,,,,,,,,,"23,28","NEW extension,Extension SoftBank 809SH"
1667,11717,747,2793,No,222-[extension]223Days (Value Rental Pack: 6Months Pack + 1Month Pack + 11Days),2,カート用延長フラグ,Extension SoftBank 809SH,1,,,,,,,,*,sh/img001-ex.jpg,*,sh/img001-ex.jpg,,,,,,,,,,,,,,,,,,,,,,,0,1,en_sh_ex_222,,1,,48940,48940,,5,,,,,,,,,,,,,,,,,"23,28","NEW extension,Extension SoftBank 809SH"
1667,11718,748,2794,Yes,223-[extension]224Days (Value Rental Pack: 6Months Pack + 2Months Pack),2,カート用延長フラグ,Extension SoftBank 809SH,1,,,,,,,,*,sh/img001-ex.jpg,*,sh/img001-ex.jpg,,,,,,,,,,,,,,,,,,,,,,,0,1,en_sh_ex_241_bt,,1,,49300,52600,,5,,,,,,,,,,,,,,,,,"23,28","NEW extension,Extension SoftBank 809SH"
1667,11719,747,2794,No,223-[extension]224Days (Value Rental Pack: 6Months Pack + 2Months Pack),2,カート用延長フラグ,Extension SoftBank 809SH,1,,,,,,,,*,sh/img001-ex.jpg,*,sh/img001-ex.jpg,,,,,,,,,,,,,,,,,,,,,,,0,1,en_sh_ex_241,,1,,49300,49300,,5,,,,,,,,,,,,,,,,,"23,28","NEW extension,Extension SoftBank 809SH"
1667,11720,748,2795,Yes,224-[extension]225Days (Value Rental Pack: 6Months Pack + 2Months Pack),2,カート用延長フラグ,Extension SoftBank 809SH,1,,,,,,,,*,sh/img001-ex.jpg,*,sh/img001-ex.jpg,,,,,,,,,,,,,,,,,,,,,,,0,1,en_sh_ex_241_bt,,1,,49300,52600,,5,,,,,,,,,,,,,,,,,"23,28","NEW extension,Extension SoftBank 809SH"
1667,11721,747,2795,No,224-[extension]225Days (Value Rental Pack: 6Months Pack + 2Months Pack),2,カート用延長フラグ,Extension SoftBank 809SH,1,,,,,,,,*,sh/img001-ex.jpg,*,sh/img001-ex.jpg,,,,,,,,,,,,,,,,,,,,,,,0,1,en_sh_ex_241,,1,,49300,49300,,5,,,,,,,,,,,,,,,,,"23,28","NEW extension,Extension SoftBank 809SH"
1667,11722,748,2796,Yes,225-[extension]226Days (Value Rental Pack: 6Months Pack + 2Months Pack),2,カート用延長フラグ,Extension SoftBank 809SH,1,,,,,,,,*,sh/img001-ex.jpg,*,sh/img001-ex.jpg,,,,,,,,,,,,,,,,,,,,,,,0,1,en_sh_ex_241_bt,,1,,49300,52600,,5,,,,,,,,,,,,,,,,,"23,28","NEW extension,Extension SoftBank 809SH"
1667,11723,747,2796,No,225-[extension]226Days (Value Rental Pack: 6Months Pack + 2Months Pack),2,カート用延長フラグ,Extension SoftBank 809SH,1,,,,,,,,*,sh/img001-ex.jpg,*,sh/img001-ex.jpg,,,,,,,,,,,,,,,,,,,,,,,0,1,en_sh_ex_241,,1,,49300,49300,,5,,,,,,,,,,,,,,,,,"23,28","NEW extension,Extension SoftBank 809SH"
1667,11724,748,2797,Yes,226-[extension]227Days (Value Rental Pack: 6Months Pack + 2Months Pack),2,カート用延長フラグ,Extension SoftBank 809SH,1,,,,,,,,*,sh/img001-ex.jpg,*,sh/img001-ex.jpg,,,,,,,,,,,,,,,,,,,,,,,0,1,en_sh_ex_241_bt,,1,,49300,52600,,5,,,,,,,,,,,,,,,,,"23,28","NEW extension,Extension SoftBank 809SH"
1667,11725,747,2797,No,226-[extension]227Days (Value Rental Pack: 6Months Pack + 2Months Pack),2,カート用延長フラグ,Extension SoftBank 809SH,1,,,,,,,,*,sh/img001-ex.jpg,*,sh/img001-ex.jpg,,,,,,,,,,,,,,,,,,,,,,,0,1,en_sh_ex_241,,1,,49300,49300,,5,,,,,,,,,,,,,,,,,"23,28","NEW extension,Extension SoftBank 809SH"
1667,11726,748,2798,Yes,227-[extension]228Days (Value Rental Pack: 6Months Pack + 2Months Pack),2,カート用延長フラグ,Extension SoftBank 809SH,1,,,,,,,,*,sh/img001-ex.jpg,*,sh/img001-ex.jpg,,,,,,,,,,,,,,,,,,,,,,,0,1,en_sh_ex_241_bt,,1,,49300,52600,,5,,,,,,,,,,,,,,,,,"23,28","NEW extension,Extension SoftBank 809SH"
1667,11727,747,2798,No,227-[extension]228Days (Value Rental Pack: 6Months Pack + 2Months Pack),2,カート用延長フラグ,Extension SoftBank 809SH,1,,,,,,,,*,sh/img001-ex.jpg,*,sh/img001-ex.jpg,,,,,,,,,,,,,,,,,,,,,,,0,1,en_sh_ex_241,,1,,49300,49300,,5,,,,,,,,,,,,,,,,,"23,28","NEW extension,Extension SoftBank 809SH"
1667,11728,748,2799,Yes,228-[extension]229Days (Value Rental Pack: 6Months Pack + 2Months Pack),2,カート用延長フラグ,Extension SoftBank 809SH,1,,,,,,,,*,sh/img001-ex.jpg,*,sh/img001-ex.jpg,,,,,,,,,,,,,,,,,,,,,,,0,1,en_sh_ex_241_bt,,1,,49300,52600,,5,,,,,,,,,,,,,,,,,"23,28","NEW extension,Extension SoftBank 809SH"
1667,11729,747,2799,No,228-[extension]229Days (Value Rental Pack: 6Months Pack + 2Months Pack),2,カート用延長フラグ,Extension SoftBank 809SH,1,,,,,,,,*,sh/img001-ex.jpg,*,sh/img001-ex.jpg,,,,,,,,,,,,,,,,,,,,,,,0,1,en_sh_ex_241,,1,,49300,49300,,5,,,,,,,,,,,,,,,,,"23,28","NEW extension,Extension SoftBank 809SH"
1667,11730,748,2800,Yes,229-[extension]230Days (Value Rental Pack: 6Months Pack + 2Months Pack),2,カート用延長フラグ,Extension SoftBank 809SH,1,,,,,,,,*,sh/img001-ex.jpg,*,sh/img001-ex.jpg,,,,,,,,,,,,,,,,,,,,,,,0,1,en_sh_ex_241_bt,,1,,49300,52600,,5,,,,,,,,,,,,,,,,,"23,28","NEW extension,Extension SoftBank 809SH"
1667,11731,747,2800,No,229-[extension]230Days (Value Rental Pack: 6Months Pack + 2Months Pack),2,カート用延長フラグ,Extension SoftBank 809SH,1,,,,,,,,*,sh/img001-ex.jpg,*,sh/img001-ex.jpg,,,,,,,,,,,,,,,,,,,,,,,0,1,en_sh_ex_241,,1,,49300,49300,,5,,,,,,,,,,,,,,,,,"23,28","NEW extension,Extension SoftBank 809SH"
1667,11732,748,2801,Yes,230-[extension]231Days (Value Rental Pack: 6Months Pack + 2Months Pack),2,カート用延長フラグ,Extension SoftBank 809SH,1,,,,,,,,*,sh/img001-ex.jpg,*,sh/img001-ex.jpg,,,,,,,,,,,,,,,,,,,,,,,0,1,en_sh_ex_241_bt,,1,,49300,52600,,5,,,,,,,,,,,,,,,,,"23,28","NEW extension,Extension SoftBank 809SH"
1667,11733,747,2801,No,230-[extension]231Days (Value Rental Pack: 6Months Pack + 2Months Pack),2,カート用延長フラグ,Extension SoftBank 809SH,1,,,,,,,,*,sh/img001-ex.jpg,*,sh/img001-ex.jpg,,,,,,,,,,,,,,,,,,,,,,,0,1,en_sh_ex_241,,1,,49300,49300,,5,,,,,,,,,,,,,,,,,"23,28","NEW extension,Extension SoftBank 809SH"
1667,11734,748,2802,Yes,231-[extension]232Days (Value Rental Pack: 6Months Pack + 2Months Pack),2,カート用延長フラグ,Extension SoftBank 809SH,1,,,,,,,,*,sh/img001-ex.jpg,*,sh/img001-ex.jpg,,,,,,,,,,,,,,,,,,,,,,,0,1,en_sh_ex_241_bt,,1,,49300,52600,,5,,,,,,,,,,,,,,,,,"23,28","NEW extension,Extension SoftBank 809SH"
1667,11735,747,2802,No,231-[extension]232Days (Value Rental Pack: 6Months Pack + 2Months Pack),2,カート用延長フラグ,Extension SoftBank 809SH,1,,,,,,,,*,sh/img001-ex.jpg,*,sh/img001-ex.jpg,,,,,,,,,,,,,,,,,,,,,,,0,1,en_sh_ex_241,,1,,49300,49300,,5,,,,,,,,,,,,,,,,,"23,28","NEW extension,Extension SoftBank 809SH"
1667,11736,748,2803,Yes,232-[extension]233Days (Value Rental Pack: 6Months Pack + 2Months Pack),2,カート用延長フラグ,Extension SoftBank 809SH,1,,,,,,,,*,sh/img001-ex.jpg,*,sh/img001-ex.jpg,,,,,,,,,,,,,,,,,,,,,,,0,1,en_sh_ex_241_bt,,1,,49300,52600,,5,,,,,,,,,,,,,,,,,"23,28","NEW extension,Extension SoftBank 809SH"
1667,11737,747,2803,No,232-[extension]233Days (Value Rental Pack: 6Months Pack + 2Months Pack),2,カート用延長フラグ,Extension SoftBank 809SH,1,,,,,,,,*,sh/img001-ex.jpg,*,sh/img001-ex.jpg,,,,,,,,,,,,,,,,,,,,,,,0,1,en_sh_ex_241,,1,,49300,49300,,5,,,,,,,,,,,,,,,,,"23,28","NEW extension,Extension SoftBank 809SH"
1667,11738,748,2804,Yes,233-[extension]234Days (Value Rental Pack: 6Months Pack + 2Months Pack),2,カート用延長フラグ,Extension SoftBank 809SH,1,,,,,,,,*,sh/img001-ex.jpg,*,sh/img001-ex.jpg,,,,,,,,,,,,,,,,,,,,,,,0,1,en_sh_ex_241_bt,,1,,49300,52600,,5,,,,,,,,,,,,,,,,,"23,28","NEW extension,Extension SoftBank 809SH"
1667,11739,747,2804,No,233-[extension]234Days (Value Rental Pack: 6Months Pack + 2Months Pack),2,カート用延長フラグ,Extension SoftBank 809SH,1,,,,,,,,*,sh/img001-ex.jpg,*,sh/img001-ex.jpg,,,,,,,,,,,,,,,,,,,,,,,0,1,en_sh_ex_241,,1,,49300,49300,,5,,,,,,,,,,,,,,,,,"23,28","NEW extension,Extension SoftBank 809SH"
1667,11740,748,2805,Yes,234-[extension]235Days (Value Rental Pack: 6Months Pack + 2Months Pack),2,カート用延長フラグ,Extension SoftBank 809SH,1,,,,,,,,*,sh/img001-ex.jpg,*,sh/img001-ex.jpg,,,,,,,,,,,,,,,,,,,,,,,0,1,en_sh_ex_241_bt,,1,,49300,52600,,5,,,,,,,,,,,,,,,,,"23,28","NEW extension,Extension SoftBank 809SH"
1667,11741,747,2805,No,234-[extension]235Days (Value Rental Pack: 6Months Pack + 2Months Pack),2,カート用延長フラグ,Extension SoftBank 809SH,1,,,,,,,,*,sh/img001-ex.jpg,*,sh/img001-ex.jpg,,,,,,,,,,,,,,,,,,,,,,,0,1,en_sh_ex_241,,1,,49300,49300,,5,,,,,,,,,,,,,,,,,"23,28","NEW extension,Extension SoftBank 809SH"
1667,11742,748,2806,Yes,235-[extension]236Days (Value Rental Pack: 6Months Pack + 2Months Pack),2,カート用延長フラグ,Extension SoftBank 809SH,1,,,,,,,,*,sh/img001-ex.jpg,*,sh/img001-ex.jpg,,,,,,,,,,,,,,,,,,,,,,,0,1,en_sh_ex_241_bt,,1,,49300,52600,,5,,,,,,,,,,,,,,,,,"23,28","NEW extension,Extension SoftBank 809SH"
1667,11743,747,2806,No,235-[extension]236Days (Value Rental Pack: 6Months Pack + 2Months Pack),2,カート用延長フラグ,Extension SoftBank 809SH,1,,,,,,,,*,sh/img001-ex.jpg,*,sh/img001-ex.jpg,,,,,,,,,,,,,,,,,,,,,,,0,1,en_sh_ex_241,,1,,49300,49300,,5,,,,,,,,,,,,,,,,,"23,28","NEW extension,Extension SoftBank 809SH"
1667,11744,748,2807,Yes,236-[extension]237Days (Value Rental Pack: 6Months Pack + 2Months Pack),2,カート用延長フラグ,Extension SoftBank 809SH,1,,,,,,,,*,sh/img001-ex.jpg,*,sh/img001-ex.jpg,,,,,,,,,,,,,,,,,,,,,,,0,1,en_sh_ex_241_bt,,1,,49300,52600,,5,,,,,,,,,,,,,,,,,"23,28","NEW extension,Extension SoftBank 809SH"
1667,11745,747,2807,No,236-[extension]237Days (Value Rental Pack: 6Months Pack + 2Months Pack),2,カート用延長フラグ,Extension SoftBank 809SH,1,,,,,,,,*,sh/img001-ex.jpg,*,sh/img001-ex.jpg,,,,,,,,,,,,,,,,,,,,,,,0,1,en_sh_ex_241,,1,,49300,49300,,5,,,,,,,,,,,,,,,,,"23,28","NEW extension,Extension SoftBank 809SH"
1667,11746,748,2808,Yes,237-[extension]238Days (Value Rental Pack: 6Months Pack + 2Months Pack),2,カート用延長フラグ,Extension SoftBank 809SH,1,,,,,,,,*,sh/img001-ex.jpg,*,sh/img001-ex.jpg,,,,,,,,,,,,,,,,,,,,,,,0,1,en_sh_ex_241_bt,,1,,49300,52600,,5,,,,,,,,,,,,,,,,,"23,28","NEW extension,Extension SoftBank 809SH"
1667,11747,747,2808,No,237-[extension]238Days (Value Rental Pack: 6Months Pack + 2Months Pack),2,カート用延長フラグ,Extension SoftBank 809SH,1,,,,,,,,*,sh/img001-ex.jpg,*,sh/img001-ex.jpg,,,,,,,,,,,,,,,,,,,,,,,0,1,en_sh_ex_241,,1,,49300,49300,,5,,,,,,,,,,,,,,,,,"23,28","NEW extension,Extension SoftBank 809SH"
1667,11748,748,2809,Yes,238-[extension]239Days (Value Rental Pack: 6Months Pack + 2Months Pack),2,カート用延長フラグ,Extension SoftBank 809SH,1,,,,,,,,*,sh/img001-ex.jpg,*,sh/img001-ex.jpg,,,,,,,,,,,,,,,,,,,,,,,0,1,en_sh_ex_241_bt,,1,,49300,52600,,5,,,,,,,,,,,,,,,,,"23,28","NEW extension,Extension SoftBank 809SH"
1667,11749,747,2809,No,238-[extension]239Days (Value Rental Pack: 6Months Pack + 2Months Pack),2,カート用延長フラグ,Extension SoftBank 809SH,1,,,,,,,,*,sh/img001-ex.jpg,*,sh/img001-ex.jpg,,,,,,,,,,,,,,,,,,,,,,,0,1,en_sh_ex_241,,1,,49300,49300,,5,,,,,,,,,,,,,,,,,"23,28","NEW extension,Extension SoftBank 809SH"
1667,11750,748,2810,Yes,239-[extension]240Days (Value Rental Pack: 6Months Pack + 2Months Pack),2,カート用延長フラグ,Extension SoftBank 809SH,1,,,,,,,,*,sh/img001-ex.jpg,*,sh/img001-ex.jpg,,,,,,,,,,,,,,,,,,,,,,,0,1,en_sh_ex_241_bt,,1,,49300,52600,,5,,,,,,,,,,,,,,,,,"23,28","NEW extension,Extension SoftBank 809SH"
1667,11751,747,2810,No,239-[extension]240Days (Value Rental Pack: 6Months Pack + 2Months Pack),2,カート用延長フラグ,Extension SoftBank 809SH,1,,,,,,,,*,sh/img001-ex.jpg,*,sh/img001-ex.jpg,,,,,,,,,,,,,,,,,,,,,,,0,1,en_sh_ex_241,,1,,49300,49300,,5,,,,,,,,,,,,,,,,,"23,28","NEW extension,Extension SoftBank 809SH"
1667,11752,748,2811,Yes,240-[extension]241Days (Value Rental Pack: 6Months Pack + 2Months Pack),2,カート用延長フラグ,Extension SoftBank 809SH,1,,,,,,,,*,sh/img001-ex.jpg,*,sh/img001-ex.jpg,,,,,,,,,,,,,,,,,,,,,,,0,1,en_sh_ex_241_bt,,1,,49300,52600,,5,,,,,,,,,,,,,,,,,"23,28","NEW extension,Extension SoftBank 809SH"
1667,11753,747,2811,No,240-[extension]241Days (Value Rental Pack: 6Months Pack + 2Months Pack),2,カート用延長フラグ,Extension SoftBank 809SH,1,,,,,,,,*,sh/img001-ex.jpg,*,sh/img001-ex.jpg,,,,,,,,,,,,,,,,,,,,,,,0,1,en_sh_ex_241,,1,,49300,49300,,5,,,,,,,,,,,,,,,,,"23,28","NEW extension,Extension SoftBank 809SH"
1667,11754,748,2812,Yes,241-[extension]242Days (Value Rental Pack: 6Months Pack + 2Months Pack),2,カート用延長フラグ,Extension SoftBank 809SH,1,,,,,,,,*,sh/img001-ex.jpg,*,sh/img001-ex.jpg,,,,,,,,,,,,,,,,,,,,,,,0,1,en_sh_ex_241_bt,,1,,49300,52600,,5,,,,,,,,,,,,,,,,,"23,28","NEW extension,Extension SoftBank 809SH"
1667,11755,747,2812,No,241-[extension]242Days (Value Rental Pack: 6Months Pack + 2Months Pack),2,カート用延長フラグ,Extension SoftBank 809SH,1,,,,,,,,*,sh/img001-ex.jpg,*,sh/img001-ex.jpg,,,,,,,,,,,,,,,,,,,,,,,0,1,en_sh_ex_241,,1,,49300,49300,,5,,,,,,,,,,,,,,,,,"23,28","NEW extension,Extension SoftBank 809SH"
1667,11756,748,2813,Yes,242-[extension]243Days (Value Rental Pack: 6Months Pack + 2Months Pack + 1Day),2,カート用延長フラグ,Extension SoftBank 809SH,1,,,,,,,,*,sh/img001-ex.jpg,*,sh/img001-ex.jpg,,,,,,,,,,,,,,,,,,,,,,,0,1,en_sh_ex_242_bt,,1,,49890,53240,,5,,,,,,,,,,,,,,,,,"23,28","NEW extension,Extension SoftBank 809SH"
1667,11757,747,2813,No,242-[extension]243Days (Value Rental Pack: 6Months Pack + 2Months Pack + 1Day),2,カート用延長フラグ,Extension SoftBank 809SH,1,,,,,,,,*,sh/img001-ex.jpg,*,sh/img001-ex.jpg,,,,,,,,,,,,,,,,,,,,,,,0,1,en_sh_ex_242,,1,,49890,49890,,5,,,,,,,,,,,,,,,,,"23,28","NEW extension,Extension SoftBank 809SH"
1667,11758,748,2814,Yes,243-[extension]244Days (Value Rental Pack: 6Months Pack + 2Months Pack + 2Days),2,カート用延長フラグ,Extension SoftBank 809SH,1,,,,,,,,*,sh/img001-ex.jpg,*,sh/img001-ex.jpg,,,,,,,,,,,,,,,,,,,,,,,0,1,en_sh_ex_243_bt,,1,,50480,53880,,5,,,,,,,,,,,,,,,,,"23,28","NEW extension,Extension SoftBank 809SH"
1667,11759,747,2814,No,243-[extension]244Days (Value Rental Pack: 6Months Pack + 2Months Pack + 2Days),2,カート用延長フラグ,Extension SoftBank 809SH,1,,,,,,,,*,sh/img001-ex.jpg,*,sh/img001-ex.jpg,,,,,,,,,,,,,,,,,,,,,,,0,1,en_sh_ex_243,,1,,50480,50480,,5,,,,,,,,,,,,,,,,,"23,28","NEW extension,Extension SoftBank 809SH"
1667,11760,748,2815,Yes,244-[extension]245Days (Value Rental Pack: 6Months Pack + 2Months Pack + 3Days),2,カート用延長フラグ,Extension SoftBank 809SH,1,,,,,,,,*,sh/img001-ex.jpg,*,sh/img001-ex.jpg,,,,,,,,,,,,,,,,,,,,,,,0,1,en_sh_ex_245_bt,,1,,51660,55160,,5,,,,,,,,,,,,,,,,,"23,28","NEW extension,Extension SoftBank 809SH"
1667,11761,747,2815,No,244-[extension]245Days (Value Rental Pack: 6Months Pack + 2Months Pack + 3Days),2,カート用延長フラグ,Extension SoftBank 809SH,1,,,,,,,,*,sh/img001-ex.jpg,*,sh/img001-ex.jpg,,,,,,,,,,,,,,,,,,,,,,,0,1,en_sh_ex_245,,1,,51660,51660,,5,,,,,,,,,,,,,,,,,"23,28","NEW extension,Extension SoftBank 809SH"
1667,11762,748,2816,Yes,245-[extension]246Days (Value Rental Pack: 6Months Pack + 2Months Pack + 4Days),2,カート用延長フラグ,Extension SoftBank 809SH,1,,,,,,,,*,sh/img001-ex.jpg,*,sh/img001-ex.jpg,,,,,,,,,,,,,,,,,,,,,,,0,1,en_sh_ex_246_bt,,1,,52250,55800,,5,,,,,,,,,,,,,,,,,"23,28","NEW extension,Extension SoftBank 809SH"
1667,11763,747,2816,No,245-[extension]246Days (Value Rental Pack: 6Months Pack + 2Months Pack + 4Days),2,カート用延長フラグ,Extension SoftBank 809SH,1,,,,,,,,*,sh/img001-ex.jpg,*,sh/img001-ex.jpg,,,,,,,,,,,,,,,,,,,,,,,0,1,en_sh_ex_246,,1,,52250,52250,,5,,,,,,,,,,,,,,,,,"23,28","NEW extension,Extension SoftBank 809SH"
1667,11764,748,2817,Yes,246-[extension]247Days (Value Rental Pack: 6Months Pack + 2Months Pack + 5Days),2,カート用延長フラグ,Extension SoftBank 809SH,1,,,,,,,,*,sh/img001-ex.jpg,*,sh/img001-ex.jpg,,,,,,,,,,,,,,,,,,,,,,,0,1,en_sh_ex_244_bt,,1,,51070,54520,,5,,,,,,,,,,,,,,,,,"23,28","NEW extension,Extension SoftBank 809SH"
1667,11765,747,2817,No,246-[extension]247Days (Value Rental Pack: 6Months Pack + 2Months Pack + 5Days),2,カート用延長フラグ,Extension SoftBank 809SH,1,,,,,,,,*,sh/img001-ex.jpg,*,sh/img001-ex.jpg,,,,,,,,,,,,,,,,,,,,,,,0,1,en_sh_ex_244,,1,,51070,51070,,5,,,,,,,,,,,,,,,,,"23,28","NEW extension,Extension SoftBank 809SH"
1667,11766,748,2818,Yes,247-[extension]248Days (Value Rental Pack: 6Months Pack + 2Months Pack + 6Days),2,カート用延長フラグ,Extension SoftBank 809SH,1,,,,,,,,*,sh/img001-ex.jpg,*,sh/img001-ex.jpg,,,,,,,,,,,,,,,,,,,,,,,0,1,en_sh_ex_247_bt,,1,,52840,56440,,5,,,,,,,,,,,,,,,,,"23,28","NEW extension,Extension SoftBank 809SH"
1667,11767,747,2818,No,247-[extension]248Days (Value Rental Pack: 6Months Pack + 2Months Pack + 6Days),2,カート用延長フラグ,Extension SoftBank 809SH,1,,,,,,,,*,sh/img001-ex.jpg,*,sh/img001-ex.jpg,,,,,,,,,,,,,,,,,,,,,,,0,1,en_sh_ex_247,,1,,52840,52840,,5,,,,,,,,,,,,,,,,,"23,28","NEW extension,Extension SoftBank 809SH"
1667,11768,748,2819,Yes,248-[extension]249Days (Value Rental Pack: 6Months Pack + 2Months Pack + 7Days),2,カート用延長フラグ,Extension SoftBank 809SH,1,,,,,,,,*,sh/img001-ex.jpg,*,sh/img001-ex.jpg,,,,,,,,,,,,,,,,,,,,,,,0,1,en_sh_ex_248_bt,,1,,53430,57030,,5,,,,,,,,,,,,,,,,,"23,28","NEW extension,Extension SoftBank 809SH"
1667,11769,747,2819,No,248-[extension]249Days (Value Rental Pack: 6Months Pack + 2Months Pack + 7Days),2,カート用延長フラグ,Extension SoftBank 809SH,1,,,,,,,,*,sh/img001-ex.jpg,*,sh/img001-ex.jpg,,,,,,,,,,,,,,,,,,,,,,,0,1,en_sh_ex_248,,1,,53430,53430,,5,,,,,,,,,,,,,,,,,"23,28","NEW extension,Extension SoftBank 809SH"
1667,11770,748,2820,Yes,249-[extension]250Days (Value Rental Pack: 6Months Pack + 2Months Pack + 8Days),2,カート用延長フラグ,Extension SoftBank 809SH,1,,,,,,,,*,sh/img001-ex.jpg,*,sh/img001-ex.jpg,,,,,,,,,,,,,,,,,,,,,,,0,1,en_sh_ex_249_bt,,1,,54020,57620,,5,,,,,,,,,,,,,,,,,"23,28","NEW extension,Extension SoftBank 809SH"
1667,11771,747,2820,No,249-[extension]250Days (Value Rental Pack: 6Months Pack + 2Months Pack + 8Days),2,カート用延長フラグ,Extension SoftBank 809SH,1,,,,,,,,*,sh/img001-ex.jpg,*,sh/img001-ex.jpg,,,,,,,,,,,,,,,,,,,,,,,0,1,en_sh_ex_249,,1,,54020,54020,,5,,,,,,,,,,,,,,,,,"23,28","NEW extension,Extension SoftBank 809SH"
1667,11772,748,2821,Yes,250-[extension]251Days (Value Rental Pack: 6Months Pack + 2Months Pack + 9Days),2,カート用延長フラグ,Extension SoftBank 809SH,1,,,,,,,,*,sh/img001-ex.jpg,*,sh/img001-ex.jpg,,,,,,,,,,,,,,,,,,,,,,,0,1,en_sh_ex_250_bt,,1,,54610,58210,,5,,,,,,,,,,,,,,,,,"23,28","NEW extension,Extension SoftBank 809SH"
1667,11773,747,2821,No,250-[extension]251Days (Value Rental Pack: 6Months Pack + 2Months Pack + 9Days),2,カート用延長フラグ,Extension SoftBank 809SH,1,,,,,,,,*,sh/img001-ex.jpg,*,sh/img001-ex.jpg,,,,,,,,,,,,,,,,,,,,,,,0,1,en_sh_ex_250,,1,,54610,54610,,5,,,,,,,,,,,,,,,,,"23,28","NEW extension,Extension SoftBank 809SH"
1667,11774,748,2822,Yes,251-[extension]252Days (Value Rental Pack: 6Months Pack + 2Months Pack + 10Days),2,カート用延長フラグ,Extension SoftBank 809SH,1,,,,,,,,*,sh/img001-ex.jpg,*,sh/img001-ex.jpg,,,,,,,,,,,,,,,,,,,,,,,0,1,en_sh_ex_251_bt,,1,,55200,58800,,5,,,,,,,,,,,,,,,,,"23,28","NEW extension,Extension SoftBank 809SH"
1667,11775,747,2822,No,251-[extension]252Days (Value Rental Pack: 6Months Pack + 2Months Pack + 10Days),2,カート用延長フラグ,Extension SoftBank 809SH,1,,,,,,,,*,sh/img001-ex.jpg,*,sh/img001-ex.jpg,,,,,,,,,,,,,,,,,,,,,,,0,1,en_sh_ex_251,,1,,55200,55200,,5,,,,,,,,,,,,,,,,,"23,28","NEW extension,Extension SoftBank 809SH"
1667,11776,748,2823,Yes,252-[extension]253Days (Value Rental Pack: 6Months Pack + 3Months Pack),2,カート用延長フラグ,Extension SoftBank 809SH,1,,,,,,,,*,sh/img001-ex.jpg,*,sh/img001-ex.jpg,,,,,,,,,,,,,,,,,,,,,,,0,1,en_sh_ex_271_bt,,1,,55600,59200,,5,,,,,,,,,,,,,,,,,"23,28","NEW extension,Extension SoftBank 809SH"
1667,11777,747,2823,No,252-[extension]253Days (Value Rental Pack: 6Months Pack + 3Months Pack),2,カート用延長フラグ,Extension SoftBank 809SH,1,,,,,,,,*,sh/img001-ex.jpg,*,sh/img001-ex.jpg,,,,,,,,,,,,,,,,,,,,,,,0,1,en_sh_ex_271,,1,,55600,55600,,5,,,,,,,,,,,,,,,,,"23,28","NEW extension,Extension SoftBank 809SH"
1667,11778,748,2824,Yes,253-[extension]254Days (Value Rental Pack: 6Months Pack + 3Months Pack),2,カート用延長フラグ,Extension SoftBank 809SH,1,,,,,,,,*,sh/img001-ex.jpg,*,sh/img001-ex.jpg,,,,,,,,,,,,,,,,,,,,,,,0,1,en_sh_ex_271_bt,,1,,55600,59200,,5,,,,,,,,,,,,,,,,,"23,28","NEW extension,Extension SoftBank 809SH"
1667,11779,747,2824,No,253-[extension]254Days (Value Rental Pack: 6Months Pack + 3Months Pack),2,カート用延長フラグ,Extension SoftBank 809SH,1,,,,,,,,*,sh/img001-ex.jpg,*,sh/img001-ex.jpg,,,,,,,,,,,,,,,,,,,,,,,0,1,en_sh_ex_271,,1,,55600,55600,,5,,,,,,,,,,,,,,,,,"23,28","NEW extension,Extension SoftBank 809SH"
1667,11780,748,2825,Yes,254-[extension]255Days (Value Rental Pack: 6Months Pack + 3Months Pack),2,カート用延長フラグ,Extension SoftBank 809SH,1,,,,,,,,*,sh/img001-ex.jpg,*,sh/img001-ex.jpg,,,,,,,,,,,,,,,,,,,,,,,0,1,en_sh_ex_271_bt,,1,,55600,59200,,5,,,,,,,,,,,,,,,,,"23,28","NEW extension,Extension SoftBank 809SH"
1667,11781,747,2825,No,254-[extension]255Days (Value Rental Pack: 6Months Pack + 3Months Pack),2,カート用延長フラグ,Extension SoftBank 809SH,1,,,,,,,,*,sh/img001-ex.jpg,*,sh/img001-ex.jpg,,,,,,,,,,,,,,,,,,,,,,,0,1,en_sh_ex_271,,1,,55600,55600,,5,,,,,,,,,,,,,,,,,"23,28","NEW extension,Extension SoftBank 809SH"
1667,11782,748,2826,Yes,255-[extension]256Days (Value Rental Pack: 6Months Pack + 3Months Pack),2,カート用延長フラグ,Extension SoftBank 809SH,1,,,,,,,,*,sh/img001-ex.jpg,*,sh/img001-ex.jpg,,,,,,,,,,,,,,,,,,,,,,,0,1,en_sh_ex_271_bt,,1,,55600,59200,,5,,,,,,,,,,,,,,,,,"23,28","NEW extension,Extension SoftBank 809SH"
1667,11783,747,2826,No,255-[extension]256Days (Value Rental Pack: 6Months Pack + 3Months Pack),2,カート用延長フラグ,Extension SoftBank 809SH,1,,,,,,,,*,sh/img001-ex.jpg,*,sh/img001-ex.jpg,,,,,,,,,,,,,,,,,,,,,,,0,1,en_sh_ex_271,,1,,55600,55600,,5,,,,,,,,,,,,,,,,,"23,28","NEW extension,Extension SoftBank 809SH"
1667,11784,748,2827,Yes,256-[extension]257Days (Value Rental Pack: 6Months Pack + 3Months Pack),2,カート用延長フラグ,Extension SoftBank 809SH,1,,,,,,,,*,sh/img001-ex.jpg,*,sh/img001-ex.jpg,,,,,,,,,,,,,,,,,,,,,,,0,1,en_sh_ex_271_bt,,1,,55600,59200,,5,,,,,,,,,,,,,,,,,"23,28","NEW extension,Extension SoftBank 809SH"
1667,11785,747,2827,No,256-[extension]257Days (Value Rental Pack: 6Months Pack + 3Months Pack),2,カート用延長フラグ,Extension SoftBank 809SH,1,,,,,,,,*,sh/img001-ex.jpg,*,sh/img001-ex.jpg,,,,,,,,,,,,,,,,,,,,,,,0,1,en_sh_ex_271,,1,,55600,55600,,5,,,,,,,,,,,,,,,,,"23,28","NEW extension,Extension SoftBank 809SH"
1667,11786,748,2828,Yes,257-[extension]258Days (Value Rental Pack: 6Months Pack + 3Months Pack),2,カート用延長フラグ,Extension SoftBank 809SH,1,,,,,,,,*,sh/img001-ex.jpg,*,sh/img001-ex.jpg,,,,,,,,,,,,,,,,,,,,,,,0,1,en_sh_ex_271_bt,,1,,55600,59200,,5,,,,,,,,,,,,,,,,,"23,28","NEW extension,Extension SoftBank 809SH"
1667,11787,747,2828,No,257-[extension]258Days (Value Rental Pack: 6Months Pack + 3Months Pack),2,カート用延長フラグ,Extension SoftBank 809SH,1,,,,,,,,*,sh/img001-ex.jpg,*,sh/img001-ex.jpg,,,,,,,,,,,,,,,,,,,,,,,0,1,en_sh_ex_271,,1,,55600,55600,,5,,,,,,,,,,,,,,,,,"23,28","NEW extension,Extension SoftBank 809SH"
1667,11788,748,2829,Yes,258-[extension]259Days (Value Rental Pack: 6Months Pack + 3Months Pack),2,カート用延長フラグ,Extension SoftBank 809SH,1,,,,,,,,*,sh/img001-ex.jpg,*,sh/img001-ex.jpg,,,,,,,,,,,,,,,,,,,,,,,0,1,en_sh_ex_271_bt,,1,,55600,59200,,5,,,,,,,,,,,,,,,,,"23,28","NEW extension,Extension SoftBank 809SH"
1667,11789,747,2829,No,258-[extension]259Days (Value Rental Pack: 6Months Pack + 3Months Pack),2,カート用延長フラグ,Extension SoftBank 809SH,1,,,,,,,,*,sh/img001-ex.jpg,*,sh/img001-ex.jpg,,,,,,,,,,,,,,,,,,,,,,,0,1,en_sh_ex_271,,1,,55600,55600,,5,,,,,,,,,,,,,,,,,"23,28","NEW extension,Extension SoftBank 809SH"
1667,11790,748,2830,Yes,259-[extension]260Days (Value Rental Pack: 6Months Pack + 3Months Pack),2,カート用延長フラグ,Extension SoftBank 809SH,1,,,,,,,,*,sh/img001-ex.jpg,*,sh/img001-ex.jpg,,,,,,,,,,,,,,,,,,,,,,,0,1,en_sh_ex_271_bt,,1,,55600,59200,,5,,,,,,,,,,,,,,,,,"23,28","NEW extension,Extension SoftBank 809SH"
1667,11791,747,2830,No,259-[extension]260Days (Value Rental Pack: 6Months Pack + 3Months Pack),2,カート用延長フラグ,Extension SoftBank 809SH,1,,,,,,,,*,sh/img001-ex.jpg,*,sh/img001-ex.jpg,,,,,,,,,,,,,,,,,,,,,,,0,1,en_sh_ex_271,,1,,55600,55600,,5,,,,,,,,,,,,,,,,,"23,28","NEW extension,Extension SoftBank 809SH"
1667,11792,748,2831,Yes,260-[extension]261Days (Value Rental Pack: 6Months Pack + 3Months Pack),2,カート用延長フラグ,Extension SoftBank 809SH,1,,,,,,,,*,sh/img001-ex.jpg,*,sh/img001-ex.jpg,,,,,,,,,,,,,,,,,,,,,,,0,1,en_sh_ex_271_bt,,1,,55600,59200,,5,,,,,,,,,,,,,,,,,"23,28","NEW extension,Extension SoftBank 809SH"
1667,11793,747,2831,No,260-[extension]261Days (Value Rental Pack: 6Months Pack + 3Months Pack),2,カート用延長フラグ,Extension SoftBank 809SH,1,,,,,,,,*,sh/img001-ex.jpg,*,sh/img001-ex.jpg,,,,,,,,,,,,,,,,,,,,,,,0,1,en_sh_ex_271,,1,,55600,55600,,5,,,,,,,,,,,,,,,,,"23,28","NEW extension,Extension SoftBank 809SH"
1667,11794,748,2832,Yes,261-[extension]262Days (Value Rental Pack: 6Months Pack + 3Months Pack),2,カート用延長フラグ,Extension SoftBank 809SH,1,,,,,,,,*,sh/img001-ex.jpg,*,sh/img001-ex.jpg,,,,,,,,,,,,,,,,,,,,,,,0,1,en_sh_ex_271_bt,,1,,55600,59200,,5,,,,,,,,,,,,,,,,,"23,28","NEW extension,Extension SoftBank 809SH"
1667,11795,747,2832,No,261-[extension]262Days (Value Rental Pack: 6Months Pack + 3Months Pack),2,カート用延長フラグ,Extension SoftBank 809SH,1,,,,,,,,*,sh/img001-ex.jpg,*,sh/img001-ex.jpg,,,,,,,,,,,,,,,,,,,,,,,0,1,en_sh_ex_271,,1,,55600,55600,,5,,,,,,,,,,,,,,,,,"23,28","NEW extension,Extension SoftBank 809SH"
1667,11796,748,2833,Yes,262-[extension]263Days (Value Rental Pack: 6Months Pack + 3Months Pack),2,カート用延長フラグ,Extension SoftBank 809SH,1,,,,,,,,*,sh/img001-ex.jpg,*,sh/img001-ex.jpg,,,,,,,,,,,,,,,,,,,,,,,0,1,en_sh_ex_271_bt,,1,,55600,59200,,5,,,,,,,,,,,,,,,,,"23,28","NEW extension,Extension SoftBank 809SH"
1667,11797,747,2833,No,262-[extension]263Days (Value Rental Pack: 6Months Pack + 3Months Pack),2,カート用延長フラグ,Extension SoftBank 809SH,1,,,,,,,,*,sh/img001-ex.jpg,*,sh/img001-ex.jpg,,,,,,,,,,,,,,,,,,,,,,,0,1,en_sh_ex_271,,1,,55600,55600,,5,,,,,,,,,,,,,,,,,"23,28","NEW extension,Extension SoftBank 809SH"
1667,11798,748,2834,Yes,263-[extension]264Days (Value Rental Pack: 6Months Pack + 3Months Pack),2,カート用延長フラグ,Extension SoftBank 809SH,1,,,,,,,,*,sh/img001-ex.jpg,*,sh/img001-ex.jpg,,,,,,,,,,,,,,,,,,,,,,,0,1,en_sh_ex_271_bt,,1,,55600,59200,,5,,,,,,,,,,,,,,,,,"23,28","NEW extension,Extension SoftBank 809SH"
1667,11799,747,2834,No,263-[extension]264Days (Value Rental Pack: 6Months Pack + 3Months Pack),2,カート用延長フラグ,Extension SoftBank 809SH,1,,,,,,,,*,sh/img001-ex.jpg,*,sh/img001-ex.jpg,,,,,,,,,,,,,,,,,,,,,,,0,1,en_sh_ex_271,,1,,55600,55600,,5,,,,,,,,,,,,,,,,,"23,28","NEW extension,Extension SoftBank 809SH"
1667,11800,748,2835,Yes,264-[extension]265Days (Value Rental Pack: 6Months Pack + 3Months Pack),2,カート用延長フラグ,Extension SoftBank 809SH,1,,,,,,,,*,sh/img001-ex.jpg,*,sh/img001-ex.jpg,,,,,,,,,,,,,,,,,,,,,,,0,1,en_sh_ex_271_bt,,1,,55600,59200,,5,,,,,,,,,,,,,,,,,"23,28","NEW extension,Extension SoftBank 809SH"
1667,11801,747,2835,No,264-[extension]265Days (Value Rental Pack: 6Months Pack + 3Months Pack),2,カート用延長フラグ,Extension SoftBank 809SH,1,,,,,,,,*,sh/img001-ex.jpg,*,sh/img001-ex.jpg,,,,,,,,,,,,,,,,,,,,,,,0,1,en_sh_ex_271,,1,,55600,55600,,5,,,,,,,,,,,,,,,,,"23,28","NEW extension,Extension SoftBank 809SH"
1667,11802,748,2836,Yes,265-[extension]266Days (Value Rental Pack: 6Months Pack + 3Months Pack),2,カート用延長フラグ,Extension SoftBank 809SH,1,,,,,,,,*,sh/img001-ex.jpg,*,sh/img001-ex.jpg,,,,,,,,,,,,,,,,,,,,,,,0,1,en_sh_ex_271_bt,,1,,55600,59200,,5,,,,,,,,,,,,,,,,,"23,28","NEW extension,Extension SoftBank 809SH"
1667,11803,747,2836,No,265-[extension]266Days (Value Rental Pack: 6Months Pack + 3Months Pack),2,カート用延長フラグ,Extension SoftBank 809SH,1,,,,,,,,*,sh/img001-ex.jpg,*,sh/img001-ex.jpg,,,,,,,,,,,,,,,,,,,,,,,0,1,en_sh_ex_271,,1,,55600,55600,,5,,,,,,,,,,,,,,,,,"23,28","NEW extension,Extension SoftBank 809SH"
1667,11804,748,2837,Yes,266-[extension]267Days (Value Rental Pack: 6Months Pack + 3Months Pack),2,カート用延長フラグ,Extension SoftBank 809SH,1,,,,,,,,*,sh/img001-ex.jpg,*,sh/img001-ex.jpg,,,,,,,,,,,,,,,,,,,,,,,0,1,en_sh_ex_271_bt,,1,,55600,59200,,5,,,,,,,,,,,,,,,,,"23,28","NEW extension,Extension SoftBank 809SH"
1667,11805,747,2837,No,266-[extension]267Days (Value Rental Pack: 6Months Pack + 3Months Pack),2,カート用延長フラグ,Extension SoftBank 809SH,1,,,,,,,,*,sh/img001-ex.jpg,*,sh/img001-ex.jpg,,,,,,,,,,,,,,,,,,,,,,,0,1,en_sh_ex_271,,1,,55600,55600,,5,,,,,,,,,,,,,,,,,"23,28","NEW extension,Extension SoftBank 809SH"
1667,11806,748,2838,Yes,267-[extension]268Days (Value Rental Pack: 6Months Pack + 3Months Pack),2,カート用延長フラグ,Extension SoftBank 809SH,1,,,,,,,,*,sh/img001-ex.jpg,*,sh/img001-ex.jpg,,,,,,,,,,,,,,,,,,,,,,,0,1,en_sh_ex_271_bt,,1,,55600,59200,,5,,,,,,,,,,,,,,,,,"23,28","NEW extension,Extension SoftBank 809SH"
1667,11807,747,2838,No,267-[extension]268Days (Value Rental Pack: 6Months Pack + 3Months Pack),2,カート用延長フラグ,Extension SoftBank 809SH,1,,,,,,,,*,sh/img001-ex.jpg,*,sh/img001-ex.jpg,,,,,,,,,,,,,,,,,,,,,,,0,1,en_sh_ex_271,,1,,55600,55600,,5,,,,,,,,,,,,,,,,,"23,28","NEW extension,Extension SoftBank 809SH"
1667,11808,748,2839,Yes,268-[extension]269Days (Value Rental Pack: 6Months Pack + 3Months Pack),2,カート用延長フラグ,Extension SoftBank 809SH,1,,,,,,,,*,sh/img001-ex.jpg,*,sh/img001-ex.jpg,,,,,,,,,,,,,,,,,,,,,,,0,1,en_sh_ex_271_bt,,1,,55600,59200,,5,,,,,,,,,,,,,,,,,"23,28","NEW extension,Extension SoftBank 809SH"
1667,11809,747,2839,No,268-[extension]269Days (Value Rental Pack: 6Months Pack + 3Months Pack),2,カート用延長フラグ,Extension SoftBank 809SH,1,,,,,,,,*,sh/img001-ex.jpg,*,sh/img001-ex.jpg,,,,,,,,,,,,,,,,,,,,,,,0,1,en_sh_ex_271,,1,,55600,55600,,5,,,,,,,,,,,,,,,,,"23,28","NEW extension,Extension SoftBank 809SH"
1667,11810,748,2840,Yes,269-[extension]270Days (Value Rental Pack: 6Months Pack + 3Months Pack),2,カート用延長フラグ,Extension SoftBank 809SH,1,,,,,,,,*,sh/img001-ex.jpg,*,sh/img001-ex.jpg,,,,,,,,,,,,,,,,,,,,,,,0,1,en_sh_ex_271_bt,,1,,55600,59200,,5,,,,,,,,,,,,,,,,,"23,28","NEW extension,Extension SoftBank 809SH"
1667,11811,747,2840,No,269-[extension]270Days (Value Rental Pack: 6Months Pack + 3Months Pack),2,カート用延長フラグ,Extension SoftBank 809SH,1,,,,,,,,*,sh/img001-ex.jpg,*,sh/img001-ex.jpg,,,,,,,,,,,,,,,,,,,,,,,0,1,en_sh_ex_271,,1,,55600,55600,,5,,,,,,,,,,,,,,,,,"23,28","NEW extension,Extension SoftBank 809SH"
1667,11812,748,2841,Yes,270-[extension]271Days (Value Rental Pack: 6Months Pack + 3Months Pack),2,カート用延長フラグ,Extension SoftBank 809SH,1,,,,,,,,*,sh/img001-ex.jpg,*,sh/img001-ex.jpg,,,,,,,,,,,,,,,,,,,,,,,0,1,en_sh_ex_271_bt,,1,,55600,59200,,5,,,,,,,,,,,,,,,,,"23,28","NEW extension,Extension SoftBank 809SH"
1667,11813,747,2841,No,270-[extension]271Days (Value Rental Pack: 6Months Pack + 3Months Pack),2,カート用延長フラグ,Extension SoftBank 809SH,1,,,,,,,,*,sh/img001-ex.jpg,*,sh/img001-ex.jpg,,,,,,,,,,,,,,,,,,,,,,,0,1,en_sh_ex_271,,1,,55600,55600,,5,,,,,,,,,,,,,,,,,"23,28","NEW extension,Extension SoftBank 809SH"
1667,11814,748,2842,Yes,271-[extension]272Days (Value Rental Pack: 6Months Pack + 3Months Pack),2,カート用延長フラグ,Extension SoftBank 809SH,1,,,,,,,,*,sh/img001-ex.jpg,*,sh/img001-ex.jpg,,,,,,,,,,,,,,,,,,,,,,,0,1,en_sh_ex_271_bt,,1,,55600,59200,,5,,,,,,,,,,,,,,,,,"23,28","NEW extension,Extension SoftBank 809SH"
1667,11815,747,2842,No,271-[extension]272Days (Value Rental Pack: 6Months Pack + 3Months Pack),2,カート用延長フラグ,Extension SoftBank 809SH,1,,,,,,,,*,sh/img001-ex.jpg,*,sh/img001-ex.jpg,,,,,,,,,,,,,,,,,,,,,,,0,1,en_sh_ex_271,,1,,55600,55600,,5,,,,,,,,,,,,,,,,,"23,28","NEW extension,Extension SoftBank 809SH"
1667,11816,748,2843,Yes,272-[extension]273Days (Value Rental Pack: 6Months Pack + 3Months Pack + 1Day),2,カート用延長フラグ,Extension SoftBank 809SH,1,,,,,,,,*,sh/img001-ex.jpg,*,sh/img001-ex.jpg,,,,,,,,,,,,,,,,,,,,,,,0,1,en_sh_ex_272_bt,,1,,56190,59840,,5,,,,,,,,,,,,,,,,,"23,28","NEW extension,Extension SoftBank 809SH"
1667,11817,747,2843,No,272-[extension]273Days (Value Rental Pack: 6Months Pack + 3Months Pack + 1Day),2,カート用延長フラグ,Extension SoftBank 809SH,1,,,,,,,,*,sh/img001-ex.jpg,*,sh/img001-ex.jpg,,,,,,,,,,,,,,,,,,,,,,,0,1,en_sh_ex_272,,1,,56190,56190,,5,,,,,,,,,,,,,,,,,"23,28","NEW extension,Extension SoftBank 809SH"
1667,11818,748,2844,Yes,273-[extension]274Days (Value Rental Pack: 6Months Pack + 3Months Pack + 2Days),2,カート用延長フラグ,Extension SoftBank 809SH,1,,,,,,,,*,sh/img001-ex.jpg,*,sh/img001-ex.jpg,,,,,,,,,,,,,,,,,,,,,,,0,1,en_sh_ex_273_bt,,1,,56780,60480,,5,,,,,,,,,,,,,,,,,"23,28","NEW extension,Extension SoftBank 809SH"
1667,11819,747,2844,No,273-[extension]274Days (Value Rental Pack: 6Months Pack + 3Months Pack + 2Days),2,カート用延長フラグ,Extension SoftBank 809SH,1,,,,,,,,*,sh/img001-ex.jpg,*,sh/img001-ex.jpg,,,,,,,,,,,,,,,,,,,,,,,0,1,en_sh_ex_273,,1,,56780,56780,,5,,,,,,,,,,,,,,,,,"23,28","NEW extension,Extension SoftBank 809SH"
1667,11820,748,2845,Yes,274-[extension]275Days (Value Rental Pack: 6Months Pack + 3Months Pack + 3Days),2,カート用延長フラグ,Extension SoftBank 809SH,1,,,,,,,,*,sh/img001-ex.jpg,*,sh/img001-ex.jpg,,,,,,,,,,,,,,,,,,,,,,,0,1,en_sh_ex_274_bt,,1,,57370,61120,,5,,,,,,,,,,,,,,,,,"23,28","NEW extension,Extension SoftBank 809SH"
1667,11821,747,2845,No,274-[extension]275Days (Value Rental Pack: 6Months Pack + 3Months Pack + 3Days),2,カート用延長フラグ,Extension SoftBank 809SH,1,,,,,,,,*,sh/img001-ex.jpg,*,sh/img001-ex.jpg,,,,,,,,,,,,,,,,,,,,,,,0,1,en_sh_ex_274,,1,,57370,57370,,5,,,,,,,,,,,,,,,,,"23,28","NEW extension,Extension SoftBank 809SH"
1667,11822,748,2846,Yes,275-[extension]276Days (Value Rental Pack: 6Months Pack + 3Months Pack + 4Days),2,カート用延長フラグ,Extension SoftBank 809SH,1,,,,,,,,*,sh/img001-ex.jpg,*,sh/img001-ex.jpg,,,,,,,,,,,,,,,,,,,,,,,0,1,en_sh_ex_275_bt,,1,,57960,61760,,5,,,,,,,,,,,,,,,,,"23,28","NEW extension,Extension SoftBank 809SH"
1667,11823,747,2846,No,275-[extension]276Days (Value Rental Pack: 6Months Pack + 3Months Pack + 4Days),2,カート用延長フラグ,Extension SoftBank 809SH,1,,,,,,,,*,sh/img001-ex.jpg,*,sh/img001-ex.jpg,,,,,,,,,,,,,,,,,,,,,,,0,1,en_sh_ex_275,,1,,57960,57960,,5,,,,,,,,,,,,,,,,,"23,28","NEW extension,Extension SoftBank 809SH"
1667,11824,748,2847,Yes,276-[extension]277Days (Value Rental Pack: 6Months Pack + 3Months Pack + 5Days),2,カート用延長フラグ,Extension SoftBank 809SH,1,,,,,,,,*,sh/img001-ex.jpg,*,sh/img001-ex.jpg,,,,,,,,,,,,,,,,,,,,,,,0,1,en_sh_ex_276_bt,,1,,58550,62400,,5,,,,,,,,,,,,,,,,,"23,28","NEW extension,Extension SoftBank 809SH"
1667,11825,747,2847,No,276-[extension]277Days (Value Rental Pack: 6Months Pack + 3Months Pack + 5Days),2,カート用延長フラグ,Extension SoftBank 809SH,1,,,,,,,,*,sh/img001-ex.jpg,*,sh/img001-ex.jpg,,,,,,,,,,,,,,,,,,,,,,,0,1,en_sh_ex_276,,1,,58550,58550,,5,,,,,,,,,,,,,,,,,"23,28","NEW extension,Extension SoftBank 809SH"
1667,11826,748,2848,Yes,277-[extension]278Days (Value Rental Pack: 6Months Pack + 3Months Pack + 6Days),2,カート用延長フラグ,Extension SoftBank 809SH,1,,,,,,,,*,sh/img001-ex.jpg,*,sh/img001-ex.jpg,,,,,,,,,,,,,,,,,,,,,,,0,1,en_sh_ex_277_bt,,1,,59140,63040,,5,,,,,,,,,,,,,,,,,"23,28","NEW extension,Extension SoftBank 809SH"
1667,11827,747,2848,No,277-[extension]278Days (Value Rental Pack: 6Months Pack + 3Months Pack + 6Days),2,カート用延長フラグ,Extension SoftBank 809SH,1,,,,,,,,*,sh/img001-ex.jpg,*,sh/img001-ex.jpg,,,,,,,,,,,,,,,,,,,,,,,0,1,en_sh_ex_277,,1,,59140,59140,,5,,,,,,,,,,,,,,,,,"23,28","NEW extension,Extension SoftBank 809SH"
1667,11828,748,2849,Yes,278-[extension]279Days (Value Rental Pack: 6Months Pack + 3Months Pack + 7Days),2,カート用延長フラグ,Extension SoftBank 809SH,1,,,,,,,,*,sh/img001-ex.jpg,*,sh/img001-ex.jpg,,,,,,,,,,,,,,,,,,,,,,,0,1,en_sh_ex_278_bt,,1,,59730,63630,,5,,,,,,,,,,,,,,,,,"23,28","NEW extension,Extension SoftBank 809SH"
1667,11829,747,2849,No,278-[extension]279Days (Value Rental Pack: 6Months Pack + 3Months Pack + 7Days),2,カート用延長フラグ,Extension SoftBank 809SH,1,,,,,,,,*,sh/img001-ex.jpg,*,sh/img001-ex.jpg,,,,,,,,,,,,,,,,,,,,,,,0,1,en_sh_ex_278,,1,,59730,59730,,5,,,,,,,,,,,,,,,,,"23,28","NEW extension,Extension SoftBank 809SH"
1667,11830,748,2850,Yes,279-[extension]280Days (Value Rental Pack: 6Months Pack + 3Months Pack + 8Days),2,カート用延長フラグ,Extension SoftBank 809SH,1,,,,,,,,*,sh/img001-ex.jpg,*,sh/img001-ex.jpg,,,,,,,,,,,,,,,,,,,,,,,0,1,en_sh_ex_279_bt,,1,,60320,64220,,5,,,,,,,,,,,,,,,,,"23,28","NEW extension,Extension SoftBank 809SH"
1667,11831,747,2850,No,279-[extension]280Days (Value Rental Pack: 6Months Pack + 3Months Pack + 8Days),2,カート用延長フラグ,Extension SoftBank 809SH,1,,,,,,,,*,sh/img001-ex.jpg,*,sh/img001-ex.jpg,,,,,,,,,,,,,,,,,,,,,,,0,1,en_sh_ex_279,,1,,60320,60320,,5,,,,,,,,,,,,,,,,,"23,28","NEW extension,Extension SoftBank 809SH"
1667,11832,748,2851,Yes,280-[extension]281Days (Value Rental Pack: 6Months Pack + 3Months Pack + 9Days),2,カート用延長フラグ,Extension SoftBank 809SH,1,,,,,,,,*,sh/img001-ex.jpg,*,sh/img001-ex.jpg,,,,,,,,,,,,,,,,,,,,,,,0,1,en_sh_ex_280_bt,,1,,60910,64810,,5,,,,,,,,,,,,,,,,,"23,28","NEW extension,Extension SoftBank 809SH"
1667,11833,747,2851,No,280-[extension]281Days (Value Rental Pack: 6Months Pack + 3Months Pack + 9Days),2,カート用延長フラグ,Extension SoftBank 809SH,1,,,,,,,,*,sh/img001-ex.jpg,*,sh/img001-ex.jpg,,,,,,,,,,,,,,,,,,,,,,,0,1,en_sh_ex_280,,1,,60910,60910,,5,,,,,,,,,,,,,,,,,"23,28","NEW extension,Extension SoftBank 809SH"
1667,11834,748,2852,Yes,281-[extension]282Days (Value Rental Pack: 6Months Pack + 4Months Pack),2,カート用延長フラグ,Extension SoftBank 809SH,1,,,,,,,,*,sh/img001-ex.jpg,*,sh/img001-ex.jpg,,,,,,,,,,,,,,,,,,,,,,,0,1,en_sh_ex_301_bt,,1,,61200,65100,,5,,,,,,,,,,,,,,,,,"23,28","NEW extension,Extension SoftBank 809SH"
1667,11835,747,2852,No,281-[extension]282Days (Value Rental Pack: 6Months Pack + 4Months Pack),2,カート用延長フラグ,Extension SoftBank 809SH,1,,,,,,,,*,sh/img001-ex.jpg,*,sh/img001-ex.jpg,,,,,,,,,,,,,,,,,,,,,,,0,1,en_sh_ex_301,,1,,61200,61200,,5,,,,,,,,,,,,,,,,,"23,28","NEW extension,Extension SoftBank 809SH"
1667,11836,748,2853,Yes,282-[extension]283Days (Value Rental Pack: 6Months Pack + 4Months Pack),2,カート用延長フラグ,Extension SoftBank 809SH,1,,,,,,,,*,sh/img001-ex.jpg,*,sh/img001-ex.jpg,,,,,,,,,,,,,,,,,,,,,,,0,1,en_sh_ex_301_bt,,1,,61200,65100,,5,,,,,,,,,,,,,,,,,"23,28","NEW extension,Extension SoftBank 809SH"
1667,11837,747,2853,No,282-[extension]283Days (Value Rental Pack: 6Months Pack + 4Months Pack),2,カート用延長フラグ,Extension SoftBank 809SH,1,,,,,,,,*,sh/img001-ex.jpg,*,sh/img001-ex.jpg,,,,,,,,,,,,,,,,,,,,,,,0,1,en_sh_ex_301,,1,,61200,61200,,5,,,,,,,,,,,,,,,,,"23,28","NEW extension,Extension SoftBank 809SH"
1667,11838,748,2854,Yes,283-[extension]284Days (Value Rental Pack: 6Months Pack + 4Months Pack),2,カート用延長フラグ,Extension SoftBank 809SH,1,,,,,,,,*,sh/img001-ex.jpg,*,sh/img001-ex.jpg,,,,,,,,,,,,,,,,,,,,,,,0,1,en_sh_ex_301_bt,,1,,61200,65100,,5,,,,,,,,,,,,,,,,,"23,28","NEW extension,Extension SoftBank 809SH"
1667,11839,747,2854,No,283-[extension]284Days (Value Rental Pack: 6Months Pack + 4Months Pack),2,カート用延長フラグ,Extension SoftBank 809SH,1,,,,,,,,*,sh/img001-ex.jpg,*,sh/img001-ex.jpg,,,,,,,,,,,,,,,,,,,,,,,0,1,en_sh_ex_301,,1,,61200,61200,,5,,,,,,,,,,,,,,,,,"23,28","NEW extension,Extension SoftBank 809SH"
1667,11840,748,2855,Yes,284-[extension]285Days (Value Rental Pack: 6Months Pack + 4Months Pack),2,カート用延長フラグ,Extension SoftBank 809SH,1,,,,,,,,*,sh/img001-ex.jpg,*,sh/img001-ex.jpg,,,,,,,,,,,,,,,,,,,,,,,0,1,en_sh_ex_301_bt,,1,,61200,65100,,5,,,,,,,,,,,,,,,,,"23,28","NEW extension,Extension SoftBank 809SH"
1667,11841,747,2855,No,284-[extension]285Days (Value Rental Pack: 6Months Pack + 4Months Pack),2,カート用延長フラグ,Extension SoftBank 809SH,1,,,,,,,,*,sh/img001-ex.jpg,*,sh/img001-ex.jpg,,,,,,,,,,,,,,,,,,,,,,,0,1,en_sh_ex_301,,1,,61200,61200,,5,,,,,,,,,,,,,,,,,"23,28","NEW extension,Extension SoftBank 809SH"
1667,11842,748,2856,Yes,285-[extension]286Days (Value Rental Pack: 6Months Pack + 4Months Pack),2,カート用延長フラグ,Extension SoftBank 809SH,1,,,,,,,,*,sh/img001-ex.jpg,*,sh/img001-ex.jpg,,,,,,,,,,,,,,,,,,,,,,,0,1,en_sh_ex_301_bt,,1,,61200,65100,,5,,,,,,,,,,,,,,,,,"23,28","NEW extension,Extension SoftBank 809SH"
1667,11843,747,2856,No,285-[extension]286Days (Value Rental Pack: 6Months Pack + 4Months Pack),2,カート用延長フラグ,Extension SoftBank 809SH,1,,,,,,,,*,sh/img001-ex.jpg,*,sh/img001-ex.jpg,,,,,,,,,,,,,,,,,,,,,,,0,1,en_sh_ex_301,,1,,61200,61200,,5,,,,,,,,,,,,,,,,,"23,28","NEW extension,Extension SoftBank 809SH"
1667,11844,748,2857,Yes,286-[extension]287Days (Value Rental Pack: 6Months Pack + 4Months Pack),2,カート用延長フラグ,Extension SoftBank 809SH,1,,,,,,,,*,sh/img001-ex.jpg,*,sh/img001-ex.jpg,,,,,,,,,,,,,,,,,,,,,,,0,1,en_sh_ex_301_bt,,1,,61200,65100,,5,,,,,,,,,,,,,,,,,"23,28","NEW extension,Extension SoftBank 809SH"
1667,11845,747,2857,No,286-[extension]287Days (Value Rental Pack: 6Months Pack + 4Months Pack),2,カート用延長フラグ,Extension SoftBank 809SH,1,,,,,,,,*,sh/img001-ex.jpg,*,sh/img001-ex.jpg,,,,,,,,,,,,,,,,,,,,,,,0,1,en_sh_ex_301,,1,,61200,61200,,5,,,,,,,,,,,,,,,,,"23,28","NEW extension,Extension SoftBank 809SH"
1667,11846,748,2858,Yes,287-[extension]288Days (Value Rental Pack: 6Months Pack + 4Months Pack),2,カート用延長フラグ,Extension SoftBank 809SH,1,,,,,,,,*,sh/img001-ex.jpg,*,sh/img001-ex.jpg,,,,,,,,,,,,,,,,,,,,,,,0,1,en_sh_ex_301_bt,,1,,61200,65100,,5,,,,,,,,,,,,,,,,,"23,28","NEW extension,Extension SoftBank 809SH"
1667,11847,747,2858,No,287-[extension]288Days (Value Rental Pack: 6Months Pack + 4Months Pack),2,カート用延長フラグ,Extension SoftBank 809SH,1,,,,,,,,*,sh/img001-ex.jpg,*,sh/img001-ex.jpg,,,,,,,,,,,,,,,,,,,,,,,0,1,en_sh_ex_301,,1,,61200,61200,,5,,,,,,,,,,,,,,,,,"23,28","NEW extension,Extension SoftBank 809SH"
1667,11848,748,2859,Yes,288-[extension]289Days (Value Rental Pack: 6Months Pack + 4Months Pack),2,カート用延長フラグ,Extension SoftBank 809SH,1,,,,,,,,*,sh/img001-ex.jpg,*,sh/img001-ex.jpg,,,,,,,,,,,,,,,,,,,,,,,0,1,en_sh_ex_301_bt,,1,,61200,65100,,5,,,,,,,,,,,,,,,,,"23,28","NEW extension,Extension SoftBank 809SH"
1667,11849,747,2859,No,288-[extension]289Days (Value Rental Pack: 6Months Pack + 4Months Pack),2,カート用延長フラグ,Extension SoftBank 809SH,1,,,,,,,,*,sh/img001-ex.jpg,*,sh/img001-ex.jpg,,,,,,,,,,,,,,,,,,,,,,,0,1,en_sh_ex_301,,1,,61200,61200,,5,,,,,,,,,,,,,,,,,"23,28","NEW extension,Extension SoftBank 809SH"
1667,11850,748,2860,Yes,289-[extension]290Days (Value Rental Pack: 6Months Pack + 4Months Pack),2,カート用延長フラグ,Extension SoftBank 809SH,1,,,,,,,,*,sh/img001-ex.jpg,*,sh/img001-ex.jpg,,,,,,,,,,,,,,,,,,,,,,,0,1,en_sh_ex_301_bt,,1,,61200,65100,,5,,,,,,,,,,,,,,,,,"23,28","NEW extension,Extension SoftBank 809SH"
1667,11851,747,2860,No,289-[extension]290Days (Value Rental Pack: 6Months Pack + 4Months Pack),2,カート用延長フラグ,Extension SoftBank 809SH,1,,,,,,,,*,sh/img001-ex.jpg,*,sh/img001-ex.jpg,,,,,,,,,,,,,,,,,,,,,,,0,1,en_sh_ex_301,,1,,61200,61200,,5,,,,,,,,,,,,,,,,,"23,28","NEW extension,Extension SoftBank 809SH"
1667,11852,748,2861,Yes,290-[extension]291Days (Value Rental Pack: 6Months Pack + 4Months Pack),2,カート用延長フラグ,Extension SoftBank 809SH,1,,,,,,,,*,sh/img001-ex.jpg,*,sh/img001-ex.jpg,,,,,,,,,,,,,,,,,,,,,,,0,1,en_sh_ex_301_bt,,1,,61200,65100,,5,,,,,,,,,,,,,,,,,"23,28","NEW extension,Extension SoftBank 809SH"
1667,11853,747,2861,No,290-[extension]291Days (Value Rental Pack: 6Months Pack + 4Months Pack),2,カート用延長フラグ,Extension SoftBank 809SH,1,,,,,,,,*,sh/img001-ex.jpg,*,sh/img001-ex.jpg,,,,,,,,,,,,,,,,,,,,,,,0,1,en_sh_ex_301,,1,,61200,61200,,5,,,,,,,,,,,,,,,,,"23,28","NEW extension,Extension SoftBank 809SH"
1667,11854,748,2862,Yes,291-[extension]292Days (Value Rental Pack: 6Months Pack + 4Months Pack),2,カート用延長フラグ,Extension SoftBank 809SH,1,,,,,,,,*,sh/img001-ex.jpg,*,sh/img001-ex.jpg,,,,,,,,,,,,,,,,,,,,,,,0,1,en_sh_ex_301_bt,,1,,61200,65100,,5,,,,,,,,,,,,,,,,,"23,28","NEW extension,Extension SoftBank 809SH"
1667,11855,747,2862,No,291-[extension]292Days (Value Rental Pack: 6Months Pack + 4Months Pack),2,カート用延長フラグ,Extension SoftBank 809SH,1,,,,,,,,*,sh/img001-ex.jpg,*,sh/img001-ex.jpg,,,,,,,,,,,,,,,,,,,,,,,0,1,en_sh_ex_301,,1,,61200,61200,,5,,,,,,,,,,,,,,,,,"23,28","NEW extension,Extension SoftBank 809SH"
1667,11856,748,2863,Yes,292-[extension]293Days (Value Rental Pack: 6Months Pack + 4Months Pack),2,カート用延長フラグ,Extension SoftBank 809SH,1,,,,,,,,*,sh/img001-ex.jpg,*,sh/img001-ex.jpg,,,,,,,,,,,,,,,,,,,,,,,0,1,en_sh_ex_301_bt,,1,,61200,65100,,5,,,,,,,,,,,,,,,,,"23,28","NEW extension,Extension SoftBank 809SH"
1667,11857,747,2863,No,292-[extension]293Days (Value Rental Pack: 6Months Pack + 4Months Pack),2,カート用延長フラグ,Extension SoftBank 809SH,1,,,,,,,,*,sh/img001-ex.jpg,*,sh/img001-ex.jpg,,,,,,,,,,,,,,,,,,,,,,,0,1,en_sh_ex_301,,1,,61200,61200,,5,,,,,,,,,,,,,,,,,"23,28","NEW extension,Extension SoftBank 809SH"
1667,11858,748,2864,Yes,293-[extension]294Days (Value Rental Pack: 6Months Pack + 4Months Pack),2,カート用延長フラグ,Extension SoftBank 809SH,1,,,,,,,,*,sh/img001-ex.jpg,*,sh/img001-ex.jpg,,,,,,,,,,,,,,,,,,,,,,,0,1,en_sh_ex_301_bt,,1,,61200,65100,,5,,,,,,,,,,,,,,,,,"23,28","NEW extension,Extension SoftBank 809SH"
1667,11859,747,2864,No,293-[extension]294Days (Value Rental Pack: 6Months Pack + 4Months Pack),2,カート用延長フラグ,Extension SoftBank 809SH,1,,,,,,,,*,sh/img001-ex.jpg,*,sh/img001-ex.jpg,,,,,,,,,,,,,,,,,,,,,,,0,1,en_sh_ex_301,,1,,61200,61200,,5,,,,,,,,,,,,,,,,,"23,28","NEW extension,Extension SoftBank 809SH"
1667,11860,748,2865,Yes,294-[extension]295Days (Value Rental Pack: 6Months Pack + 4Months Pack),2,カート用延長フラグ,Extension SoftBank 809SH,1,,,,,,,,*,sh/img001-ex.jpg,*,sh/img001-ex.jpg,,,,,,,,,,,,,,,,,,,,,,,0,1,en_sh_ex_301_bt,,1,,61200,65100,,5,,,,,,,,,,,,,,,,,"23,28","NEW extension,Extension SoftBank 809SH"
1667,11861,747,2865,No,294-[extension]295Days (Value Rental Pack: 6Months Pack + 4Months Pack),2,カート用延長フラグ,Extension SoftBank 809SH,1,,,,,,,,*,sh/img001-ex.jpg,*,sh/img001-ex.jpg,,,,,,,,,,,,,,,,,,,,,,,0,1,en_sh_ex_301,,1,,61200,61200,,5,,,,,,,,,,,,,,,,,"23,28","NEW extension,Extension SoftBank 809SH"
1667,11862,748,2866,Yes,295-[extension]296Days (Value Rental Pack: 6Months Pack + 4Months Pack),2,カート用延長フラグ,Extension SoftBank 809SH,1,,,,,,,,*,sh/img001-ex.jpg,*,sh/img001-ex.jpg,,,,,,,,,,,,,,,,,,,,,,,0,1,en_sh_ex_301_bt,,1,,61200,65100,,5,,,,,,,,,,,,,,,,,"23,28","NEW extension,Extension SoftBank 809SH"
1667,11863,747,2866,No,295-[extension]296Days (Value Rental Pack: 6Months Pack + 4Months Pack),2,カート用延長フラグ,Extension SoftBank 809SH,1,,,,,,,,*,sh/img001-ex.jpg,*,sh/img001-ex.jpg,,,,,,,,,,,,,,,,,,,,,,,0,1,en_sh_ex_301,,1,,61200,61200,,5,,,,,,,,,,,,,,,,,"23,28","NEW extension,Extension SoftBank 809SH"
1667,11864,748,2867,Yes,296-[extension]297Days (Value Rental Pack: 6Months Pack + 4Months Pack),2,カート用延長フラグ,Extension SoftBank 809SH,1,,,,,,,,*,sh/img001-ex.jpg,*,sh/img001-ex.jpg,,,,,,,,,,,,,,,,,,,,,,,0,1,en_sh_ex_301_bt,,1,,61200,65100,,5,,,,,,,,,,,,,,,,,"23,28","NEW extension,Extension SoftBank 809SH"
1667,11865,747,2867,No,296-[extension]297Days (Value Rental Pack: 6Months Pack + 4Months Pack),2,カート用延長フラグ,Extension SoftBank 809SH,1,,,,,,,,*,sh/img001-ex.jpg,*,sh/img001-ex.jpg,,,,,,,,,,,,,,,,,,,,,,,0,1,en_sh_ex_301,,1,,61200,61200,,5,,,,,,,,,,,,,,,,,"23,28","NEW extension,Extension SoftBank 809SH"
1667,11866,748,2868,Yes,297-[extension]298Days (Value Rental Pack: 6Months Pack + 4Months Pack),2,カート用延長フラグ,Extension SoftBank 809SH,1,,,,,,,,*,sh/img001-ex.jpg,*,sh/img001-ex.jpg,,,,,,,,,,,,,,,,,,,,,,,0,1,en_sh_ex_301_bt,,1,,61200,65100,,5,,,,,,,,,,,,,,,,,"23,28","NEW extension,Extension SoftBank 809SH"
1667,11867,747,2868,No,297-[extension]298Days (Value Rental Pack: 6Months Pack + 4Months Pack),2,カート用延長フラグ,Extension SoftBank 809SH,1,,,,,,,,*,sh/img001-ex.jpg,*,sh/img001-ex.jpg,,,,,,,,,,,,,,,,,,,,,,,0,1,en_sh_ex_301,,1,,61200,61200,,5,,,,,,,,,,,,,,,,,"23,28","NEW extension,Extension SoftBank 809SH"
1667,11868,748,2869,Yes,298-[extension]299Days (Value Rental Pack: 6Months Pack + 4Months Pack),2,カート用延長フラグ,Extension SoftBank 809SH,1,,,,,,,,*,sh/img001-ex.jpg,*,sh/img001-ex.jpg,,,,,,,,,,,,,,,,,,,,,,,0,1,en_sh_ex_301_bt,,1,,61200,65100,,5,,,,,,,,,,,,,,,,,"23,28","NEW extension,Extension SoftBank 809SH"
1667,11869,747,2869,No,298-[extension]299Days (Value Rental Pack: 6Months Pack + 4Months Pack),2,カート用延長フラグ,Extension SoftBank 809SH,1,,,,,,,,*,sh/img001-ex.jpg,*,sh/img001-ex.jpg,,,,,,,,,,,,,,,,,,,,,,,0,1,en_sh_ex_301,,1,,61200,61200,,5,,,,,,,,,,,,,,,,,"23,28","NEW extension,Extension SoftBank 809SH"
1667,11870,748,2870,Yes,299-[extension]300Days (Value Rental Pack: 6Months Pack + 4Months Pack),2,カート用延長フラグ,Extension SoftBank 809SH,1,,,,,,,,*,sh/img001-ex.jpg,*,sh/img001-ex.jpg,,,,,,,,,,,,,,,,,,,,,,,0,1,en_sh_ex_301_bt,,1,,61200,65100,,5,,,,,,,,,,,,,,,,,"23,28","NEW extension,Extension SoftBank 809SH"
1667,11871,747,2870,No,299-[extension]300Days (Value Rental Pack: 6Months Pack + 4Months Pack),2,カート用延長フラグ,Extension SoftBank 809SH,1,,,,,,,,*,sh/img001-ex.jpg,*,sh/img001-ex.jpg,,,,,,,,,,,,,,,,,,,,,,,0,1,en_sh_ex_301,,1,,61200,61200,,5,,,,,,,,,,,,,,,,,"23,28","NEW extension,Extension SoftBank 809SH"
1667,11872,748,2871,Yes,300-[extension]301Days (Value Rental Pack: 6Months Pack + 4Months Pack),2,カート用延長フラグ,Extension SoftBank 809SH,1,,,,,,,,*,sh/img001-ex.jpg,*,sh/img001-ex.jpg,,,,,,,,,,,,,,,,,,,,,,,0,1,en_sh_ex_301_bt,,1,,61200,65100,,5,,,,,,,,,,,,,,,,,"23,28","NEW extension,Extension SoftBank 809SH"
1667,11873,747,2871,No,300-[extension]301Days (Value Rental Pack: 6Months Pack + 4Months Pack),2,カート用延長フラグ,Extension SoftBank 809SH,1,,,,,,,,*,sh/img001-ex.jpg,*,sh/img001-ex.jpg,,,,,,,,,,,,,,,,,,,,,,,0,1,en_sh_ex_301,,1,,61200,61200,,5,,,,,,,,,,,,,,,,,"23,28","NEW extension,Extension SoftBank 809SH"
1667,11874,748,2872,Yes,301-[extension]302Days (Value Rental Pack: 6Months Pack + 4Months Pack),2,カート用延長フラグ,Extension SoftBank 809SH,1,,,,,,,,*,sh/img001-ex.jpg,*,sh/img001-ex.jpg,,,,,,,,,,,,,,,,,,,,,,,0,1,en_sh_ex_301_bt,,1,,61200,65100,,5,,,,,,,,,,,,,,,,,"23,28","NEW extension,Extension SoftBank 809SH"
1667,11875,747,2872,No,301-[extension]302Days (Value Rental Pack: 6Months Pack + 4Months Pack),2,カート用延長フラグ,Extension SoftBank 809SH,1,,,,,,,,*,sh/img001-ex.jpg,*,sh/img001-ex.jpg,,,,,,,,,,,,,,,,,,,,,,,0,1,en_sh_ex_301,,1,,61200,61200,,5,,,,,,,,,,,,,,,,,"23,28","NEW extension,Extension SoftBank 809SH"
1667,11876,748,2873,Yes,302-[extension]303Days (Value Rental Pack: 6Months Pack + 4Months Pack + 1Day),2,カート用延長フラグ,Extension SoftBank 809SH,1,,,,,,,,*,sh/img001-ex.jpg,*,sh/img001-ex.jpg,,,,,,,,,,,,,,,,,,,,,,,0,1,en_sh_ex_302_bt,,1,,61790,65740,,5,,,,,,,,,,,,,,,,,"23,28","NEW extension,Extension SoftBank 809SH"
1667,11877,747,2873,No,302-[extension]303Days (Value Rental Pack: 6Months Pack + 4Months Pack + 1Day),2,カート用延長フラグ,Extension SoftBank 809SH,1,,,,,,,,*,sh/img001-ex.jpg,*,sh/img001-ex.jpg,,,,,,,,,,,,,,,,,,,,,,,0,1,en_sh_ex_302,,1,,61790,61790,,5,,,,,,,,,,,,,,,,,"23,28","NEW extension,Extension SoftBank 809SH"
1667,11878,748,2874,Yes,303-[extension]304Days (Value Rental Pack: 6Months Pack + 4Months Pack + 2Days),2,カート用延長フラグ,Extension SoftBank 809SH,1,,,,,,,,*,sh/img001-ex.jpg,*,sh/img001-ex.jpg,,,,,,,,,,,,,,,,,,,,,,,0,1,en_sh_ex_303_bt,,1,,62380,66380,,5,,,,,,,,,,,,,,,,,"23,28","NEW extension,Extension SoftBank 809SH"
1667,11879,747,2874,No,303-[extension]304Days (Value Rental Pack: 6Months Pack + 4Months Pack + 2Days),2,カート用延長フラグ,Extension SoftBank 809SH,1,,,,,,,,*,sh/img001-ex.jpg,*,sh/img001-ex.jpg,,,,,,,,,,,,,,,,,,,,,,,0,1,en_sh_ex_303,,1,,62380,62380,,5,,,,,,,,,,,,,,,,,"23,28","NEW extension,Extension SoftBank 809SH"
1667,11880,748,2875,Yes,304-[extension]305Days (Value Rental Pack: 6Months Pack + 4Months Pack + 3Days),2,カート用延長フラグ,Extension SoftBank 809SH,1,,,,,,,,*,sh/img001-ex.jpg,*,sh/img001-ex.jpg,,,,,,,,,,,,,,,,,,,,,,,0,1,en_sh_ex_304_bt,,1,,62970,67020,,5,,,,,,,,,,,,,,,,,"23,28","NEW extension,Extension SoftBank 809SH"
1667,11881,747,2875,No,304-[extension]305Days (Value Rental Pack: 6Months Pack + 4Months Pack + 3Days),2,カート用延長フラグ,Extension SoftBank 809SH,1,,,,,,,,*,sh/img001-ex.jpg,*,sh/img001-ex.jpg,,,,,,,,,,,,,,,,,,,,,,,0,1,en_sh_ex_304,,1,,62970,62970,,5,,,,,,,,,,,,,,,,,"23,28","NEW extension,Extension SoftBank 809SH"
1667,11882,748,2876,Yes,305-[extension]306Days (Value Rental Pack: 6Months Pack + 4Months Pack + 4Days),2,カート用延長フラグ,Extension SoftBank 809SH,1,,,,,,,,*,sh/img001-ex.jpg,*,sh/img001-ex.jpg,,,,,,,,,,,,,,,,,,,,,,,0,1,en_sh_ex_305_bt,,1,,63560,67660,,5,,,,,,,,,,,,,,,,,"23,28","NEW extension,Extension SoftBank 809SH"
1667,11883,747,2876,No,305-[extension]306Days (Value Rental Pack: 6Months Pack + 4Months Pack + 4Days),2,カート用延長フラグ,Extension SoftBank 809SH,1,,,,,,,,*,sh/img001-ex.jpg,*,sh/img001-ex.jpg,,,,,,,,,,,,,,,,,,,,,,,0,1,en_sh_ex_305,,1,,63560,63560,,5,,,,,,,,,,,,,,,,,"23,28","NEW extension,Extension SoftBank 809SH"
1667,11884,748,2877,Yes,306-[extension]307Days (Value Rental Pack: 6Months Pack + 4Months Pack + 5Days),2,カート用延長フラグ,Extension SoftBank 809SH,1,,,,,,,,*,sh/img001-ex.jpg,*,sh/img001-ex.jpg,,,,,,,,,,,,,,,,,,,,,,,0,1,en_sh_ex_306_bt,,1,,64150,68300,,5,,,,,,,,,,,,,,,,,"23,28","NEW extension,Extension SoftBank 809SH"
1667,11885,747,2877,No,306-[extension]307Days (Value Rental Pack: 6Months Pack + 4Months Pack + 5Days),2,カート用延長フラグ,Extension SoftBank 809SH,1,,,,,,,,*,sh/img001-ex.jpg,*,sh/img001-ex.jpg,,,,,,,,,,,,,,,,,,,,,,,0,1,en_sh_ex_306,,1,,64150,64150,,5,,,,,,,,,,,,,,,,,"23,28","NEW extension,Extension SoftBank 809SH"
1667,11886,748,2878,Yes,307-[extension]308Days (Value Rental Pack: 6Months Pack + 5Months Pack),2,カート用延長フラグ,Extension SoftBank 809SH,1,,,,,,,,*,sh/img001-ex.jpg,*,sh/img001-ex.jpg,,,,,,,,,,,,,,,,,,,,,,,0,1,en_sh_ex_331_bt,,1,,64200,68400,,5,,,,,,,,,,,,,,,,,"23,28","NEW extension,Extension SoftBank 809SH"
1667,11887,747,2878,No,307-[extension]308Days (Value Rental Pack: 6Months Pack + 5Months Pack),2,カート用延長フラグ,Extension SoftBank 809SH,1,,,,,,,,*,sh/img001-ex.jpg,*,sh/img001-ex.jpg,,,,,,,,,,,,,,,,,,,,,,,0,1,en_sh_ex_331,,1,,64200,64200,,5,,,,,,,,,,,,,,,,,"23,28","NEW extension,Extension SoftBank 809SH"
1667,11888,748,2879,Yes,308-[extension]309Days (Value Rental Pack: 6Months Pack + 5Months Pack),2,カート用延長フラグ,Extension SoftBank 809SH,1,,,,,,,,*,sh/img001-ex.jpg,*,sh/img001-ex.jpg,,,,,,,,,,,,,,,,,,,,,,,0,1,en_sh_ex_331_bt,,1,,64200,68400,,5,,,,,,,,,,,,,,,,,"23,28","NEW extension,Extension SoftBank 809SH"
1667,11889,747,2879,No,308-[extension]309Days (Value Rental Pack: 6Months Pack + 5Months Pack),2,カート用延長フラグ,Extension SoftBank 809SH,1,,,,,,,,*,sh/img001-ex.jpg,*,sh/img001-ex.jpg,,,,,,,,,,,,,,,,,,,,,,,0,1,en_sh_ex_331,,1,,64200,64200,,5,,,,,,,,,,,,,,,,,"23,28","NEW extension,Extension SoftBank 809SH"
1667,11890,748,2880,Yes,309-[extension]310Days (Value Rental Pack: 6Months Pack + 5Months Pack),2,カート用延長フラグ,Extension SoftBank 809SH,1,,,,,,,,*,sh/img001-ex.jpg,*,sh/img001-ex.jpg,,,,,,,,,,,,,,,,,,,,,,,0,1,en_sh_ex_331_bt,,1,,64200,68400,,5,,,,,,,,,,,,,,,,,"23,28","NEW extension,Extension SoftBank 809SH"
1667,11891,747,2880,No,309-[extension]310Days (Value Rental Pack: 6Months Pack + 5Months Pack),2,カート用延長フラグ,Extension SoftBank 809SH,1,,,,,,,,*,sh/img001-ex.jpg,*,sh/img001-ex.jpg,,,,,,,,,,,,,,,,,,,,,,,0,1,en_sh_ex_331,,1,,64200,64200,,5,,,,,,,,,,,,,,,,,"23,28","NEW extension,Extension SoftBank 809SH"
1667,11892,748,2881,Yes,310-[extension]311Days (Value Rental Pack: 6Months Pack + 5Months Pack),2,カート用延長フラグ,Extension SoftBank 809SH,1,,,,,,,,*,sh/img001-ex.jpg,*,sh/img001-ex.jpg,,,,,,,,,,,,,,,,,,,,,,,0,1,en_sh_ex_331_bt,,1,,64200,68400,,5,,,,,,,,,,,,,,,,,"23,28","NEW extension,Extension SoftBank 809SH"
1667,11893,747,2881,No,310-[extension]311Days (Value Rental Pack: 6Months Pack + 5Months Pack),2,カート用延長フラグ,Extension SoftBank 809SH,1,,,,,,,,*,sh/img001-ex.jpg,*,sh/img001-ex.jpg,,,,,,,,,,,,,,,,,,,,,,,0,1,en_sh_ex_331,,1,,64200,64200,,5,,,,,,,,,,,,,,,,,"23,28","NEW extension,Extension SoftBank 809SH"
1667,11894,748,2882,Yes,311-[extension]312Days (Value Rental Pack: 6Months Pack + 5Months Pack),2,カート用延長フラグ,Extension SoftBank 809SH,1,,,,,,,,*,sh/img001-ex.jpg,*,sh/img001-ex.jpg,,,,,,,,,,,,,,,,,,,,,,,0,1,en_sh_ex_331_bt,,1,,64200,68400,,5,,,,,,,,,,,,,,,,,"23,28","NEW extension,Extension SoftBank 809SH"
1667,11895,747,2882,No,311-[extension]312Days (Value Rental Pack: 6Months Pack + 5Months Pack),2,カート用延長フラグ,Extension SoftBank 809SH,1,,,,,,,,*,sh/img001-ex.jpg,*,sh/img001-ex.jpg,,,,,,,,,,,,,,,,,,,,,,,0,1,en_sh_ex_331,,1,,64200,64200,,5,,,,,,,,,,,,,,,,,"23,28","NEW extension,Extension SoftBank 809SH"
1667,11896,748,2883,Yes,312-[extension]313Days (Value Rental Pack: 6Months Pack + 5Months Pack),2,カート用延長フラグ,Extension SoftBank 809SH,1,,,,,,,,*,sh/img001-ex.jpg,*,sh/img001-ex.jpg,,,,,,,,,,,,,,,,,,,,,,,0,1,en_sh_ex_331_bt,,1,,64200,68400,,5,,,,,,,,,,,,,,,,,"23,28","NEW extension,Extension SoftBank 809SH"
1667,11897,747,2883,No,312-[extension]313Days (Value Rental Pack: 6Months Pack + 5Months Pack),2,カート用延長フラグ,Extension SoftBank 809SH,1,,,,,,,,*,sh/img001-ex.jpg,*,sh/img001-ex.jpg,,,,,,,,,,,,,,,,,,,,,,,0,1,en_sh_ex_331,,1,,64200,64200,,5,,,,,,,,,,,,,,,,,"23,28","NEW extension,Extension SoftBank 809SH"
1667,11898,748,2884,Yes,313-[extension]314Days (Value Rental Pack: 6Months Pack + 5Months Pack),2,カート用延長フラグ,Extension SoftBank 809SH,1,,,,,,,,*,sh/img001-ex.jpg,*,sh/img001-ex.jpg,,,,,,,,,,,,,,,,,,,,,,,0,1,en_sh_ex_331_bt,,1,,64200,68400,,5,,,,,,,,,,,,,,,,,"23,28","NEW extension,Extension SoftBank 809SH"
1667,11899,747,2884,No,313-[extension]314Days (Value Rental Pack: 6Months Pack + 5Months Pack),2,カート用延長フラグ,Extension SoftBank 809SH,1,,,,,,,,*,sh/img001-ex.jpg,*,sh/img001-ex.jpg,,,,,,,,,,,,,,,,,,,,,,,0,1,en_sh_ex_331,,1,,64200,64200,,5,,,,,,,,,,,,,,,,,"23,28","NEW extension,Extension SoftBank 809SH"
1667,11900,748,2885,Yes,314-[extension]315Days (Value Rental Pack: 6Months Pack + 5Months Pack),2,カート用延長フラグ,Extension SoftBank 809SH,1,,,,,,,,*,sh/img001-ex.jpg,*,sh/img001-ex.jpg,,,,,,,,,,,,,,,,,,,,,,,0,1,en_sh_ex_331_bt,,1,,64200,68400,,5,,,,,,,,,,,,,,,,,"23,28","NEW extension,Extension SoftBank 809SH"
1667,11901,747,2885,No,314-[extension]315Days (Value Rental Pack: 6Months Pack + 5Months Pack),2,カート用延長フラグ,Extension SoftBank 809SH,1,,,,,,,,*,sh/img001-ex.jpg,*,sh/img001-ex.jpg,,,,,,,,,,,,,,,,,,,,,,,0,1,en_sh_ex_331,,1,,64200,64200,,5,,,,,,,,,,,,,,,,,"23,28","NEW extension,Extension SoftBank 809SH"
1667,11902,748,2886,Yes,315-[extension]316Days (Value Rental Pack: 6Months Pack + 5Months Pack),2,カート用延長フラグ,Extension SoftBank 809SH,1,,,,,,,,*,sh/img001-ex.jpg,*,sh/img001-ex.jpg,,,,,,,,,,,,,,,,,,,,,,,0,1,en_sh_ex_331_bt,,1,,64200,68400,,5,,,,,,,,,,,,,,,,,"23,28","NEW extension,Extension SoftBank 809SH"
1667,11903,747,2886,No,315-[extension]316Days (Value Rental Pack: 6Months Pack + 5Months Pack),2,カート用延長フラグ,Extension SoftBank 809SH,1,,,,,,,,*,sh/img001-ex.jpg,*,sh/img001-ex.jpg,,,,,,,,,,,,,,,,,,,,,,,0,1,en_sh_ex_331,,1,,64200,64200,,5,,,,,,,,,,,,,,,,,"23,28","NEW extension,Extension SoftBank 809SH"
1667,11904,748,2887,Yes,316-[extension]317Days (Value Rental Pack: 6Months Pack + 5Months Pack),2,カート用延長フラグ,Extension SoftBank 809SH,1,,,,,,,,*,sh/img001-ex.jpg,*,sh/img001-ex.jpg,,,,,,,,,,,,,,,,,,,,,,,0,1,en_sh_ex_331_bt,,1,,64200,68400,,5,,,,,,,,,,,,,,,,,"23,28","NEW extension,Extension SoftBank 809SH"
1667,11905,747,2887,No,316-[extension]317Days (Value Rental Pack: 6Months Pack + 5Months Pack),2,カート用延長フラグ,Extension SoftBank 809SH,1,,,,,,,,*,sh/img001-ex.jpg,*,sh/img001-ex.jpg,,,,,,,,,,,,,,,,,,,,,,,0,1,en_sh_ex_331,,1,,64200,64200,,5,,,,,,,,,,,,,,,,,"23,28","NEW extension,Extension SoftBank 809SH"
1667,11906,748,2888,Yes,317-[extension]318Days (Value Rental Pack: 6Months Pack + 5Months Pack),2,カート用延長フラグ,Extension SoftBank 809SH,1,,,,,,,,*,sh/img001-ex.jpg,*,sh/img001-ex.jpg,,,,,,,,,,,,,,,,,,,,,,,0,1,en_sh_ex_331_bt,,1,,64200,68400,,5,,,,,,,,,,,,,,,,,"23,28","NEW extension,Extension SoftBank 809SH"
1667,11907,747,2888,No,317-[extension]318Days (Value Rental Pack: 6Months Pack + 5Months Pack),2,カート用延長フラグ,Extension SoftBank 809SH,1,,,,,,,,*,sh/img001-ex.jpg,*,sh/img001-ex.jpg,,,,,,,,,,,,,,,,,,,,,,,0,1,en_sh_ex_331,,1,,64200,64200,,5,,,,,,,,,,,,,,,,,"23,28","NEW extension,Extension SoftBank 809SH"
1667,11908,748,2889,Yes,318-[extension]319Days (Value Rental Pack: 6Months Pack + 5Months Pack),2,カート用延長フラグ,Extension SoftBank 809SH,1,,,,,,,,*,sh/img001-ex.jpg,*,sh/img001-ex.jpg,,,,,,,,,,,,,,,,,,,,,,,0,1,en_sh_ex_331_bt,,1,,64200,68400,,5,,,,,,,,,,,,,,,,,"23,28","NEW extension,Extension SoftBank 809SH"
1667,11909,747,2889,No,318-[extension]319Days (Value Rental Pack: 6Months Pack + 5Months Pack),2,カート用延長フラグ,Extension SoftBank 809SH,1,,,,,,,,*,sh/img001-ex.jpg,*,sh/img001-ex.jpg,,,,,,,,,,,,,,,,,,,,,,,0,1,en_sh_ex_331,,1,,64200,64200,,5,,,,,,,,,,,,,,,,,"23,28","NEW extension,Extension SoftBank 809SH"
1667,11910,748,2890,Yes,319-[extension]320Days (Value Rental Pack: 6Months Pack + 5Months Pack),2,カート用延長フラグ,Extension SoftBank 809SH,1,,,,,,,,*,sh/img001-ex.jpg,*,sh/img001-ex.jpg,,,,,,,,,,,,,,,,,,,,,,,0,1,en_sh_ex_331_bt,,1,,64200,68400,,5,,,,,,,,,,,,,,,,,"23,28","NEW extension,Extension SoftBank 809SH"
1667,11911,747,2890,No,319-[extension]320Days (Value Rental Pack: 6Months Pack + 5Months Pack),2,カート用延長フラグ,Extension SoftBank 809SH,1,,,,,,,,*,sh/img001-ex.jpg,*,sh/img001-ex.jpg,,,,,,,,,,,,,,,,,,,,,,,0,1,en_sh_ex_331,,1,,64200,64200,,5,,,,,,,,,,,,,,,,,"23,28","NEW extension,Extension SoftBank 809SH"
1667,11912,748,2891,Yes,320-[extension]321Days (Value Rental Pack: 6Months Pack + 5Months Pack),2,カート用延長フラグ,Extension SoftBank 809SH,1,,,,,,,,*,sh/img001-ex.jpg,*,sh/img001-ex.jpg,,,,,,,,,,,,,,,,,,,,,,,0,1,en_sh_ex_331_bt,,1,,64200,68400,,5,,,,,,,,,,,,,,,,,"23,28","NEW extension,Extension SoftBank 809SH"
1667,11913,747,2891,No,320-[extension]321Days (Value Rental Pack: 6Months Pack + 5Months Pack),2,カート用延長フラグ,Extension SoftBank 809SH,1,,,,,,,,*,sh/img001-ex.jpg,*,sh/img001-ex.jpg,,,,,,,,,,,,,,,,,,,,,,,0,1,en_sh_ex_331,,1,,64200,64200,,5,,,,,,,,,,,,,,,,,"23,28","NEW extension,Extension SoftBank 809SH"
1667,11914,748,2892,Yes,321-[extension]322Days (Value Rental Pack: 6Months Pack + 5Months Pack),2,カート用延長フラグ,Extension SoftBank 809SH,1,,,,,,,,*,sh/img001-ex.jpg,*,sh/img001-ex.jpg,,,,,,,,,,,,,,,,,,,,,,,0,1,en_sh_ex_331_bt,,1,,64200,68400,,5,,,,,,,,,,,,,,,,,"23,28","NEW extension,Extension SoftBank 809SH"
1667,11915,747,2892,No,321-[extension]322Days (Value Rental Pack: 6Months Pack + 5Months Pack),2,カート用延長フラグ,Extension SoftBank 809SH,1,,,,,,,,*,sh/img001-ex.jpg,*,sh/img001-ex.jpg,,,,,,,,,,,,,,,,,,,,,,,0,1,en_sh_ex_331,,1,,64200,64200,,5,,,,,,,,,,,,,,,,,"23,28","NEW extension,Extension SoftBank 809SH"
1667,11916,748,2893,Yes,322-[extension]323Days (Value Rental Pack: 6Months Pack + 5Months Pack),2,カート用延長フラグ,Extension SoftBank 809SH,1,,,,,,,,*,sh/img001-ex.jpg,*,sh/img001-ex.jpg,,,,,,,,,,,,,,,,,,,,,,,0,1,en_sh_ex_331_bt,,1,,64200,68400,,5,,,,,,,,,,,,,,,,,"23,28","NEW extension,Extension SoftBank 809SH"
1667,11917,747,2893,No,322-[extension]323Days (Value Rental Pack: 6Months Pack + 5Months Pack),2,カート用延長フラグ,Extension SoftBank 809SH,1,,,,,,,,*,sh/img001-ex.jpg,*,sh/img001-ex.jpg,,,,,,,,,,,,,,,,,,,,,,,0,1,en_sh_ex_331,,1,,64200,64200,,5,,,,,,,,,,,,,,,,,"23,28","NEW extension,Extension SoftBank 809SH"
1667,11918,748,2894,Yes,323-[extension]324Days (Value Rental Pack: 6Months Pack + 5Months Pack),2,カート用延長フラグ,Extension SoftBank 809SH,1,,,,,,,,*,sh/img001-ex.jpg,*,sh/img001-ex.jpg,,,,,,,,,,,,,,,,,,,,,,,0,1,en_sh_ex_331_bt,,1,,64200,68400,,5,,,,,,,,,,,,,,,,,"23,28","NEW extension,Extension SoftBank 809SH"
1667,11919,747,2894,No,323-[extension]324Days (Value Rental Pack: 6Months Pack + 5Months Pack),2,カート用延長フラグ,Extension SoftBank 809SH,1,,,,,,,,*,sh/img001-ex.jpg,*,sh/img001-ex.jpg,,,,,,,,,,,,,,,,,,,,,,,0,1,en_sh_ex_331,,1,,64200,64200,,5,,,,,,,,,,,,,,,,,"23,28","NEW extension,Extension SoftBank 809SH"
1667,11920,748,2895,Yes,324-[extension]325Days (Value Rental Pack: 6Months Pack + 5Months Pack),2,カート用延長フラグ,Extension SoftBank 809SH,1,,,,,,,,*,sh/img001-ex.jpg,*,sh/img001-ex.jpg,,,,,,,,,,,,,,,,,,,,,,,0,1,en_sh_ex_331_bt,,1,,64200,68400,,5,,,,,,,,,,,,,,,,,"23,28","NEW extension,Extension SoftBank 809SH"
1667,11921,747,2895,No,324-[extension]325Days (Value Rental Pack: 6Months Pack + 5Months Pack),2,カート用延長フラグ,Extension SoftBank 809SH,1,,,,,,,,*,sh/img001-ex.jpg,*,sh/img001-ex.jpg,,,,,,,,,,,,,,,,,,,,,,,0,1,en_sh_ex_331,,1,,64200,64200,,5,,,,,,,,,,,,,,,,,"23,28","NEW extension,Extension SoftBank 809SH"
1667,11922,748,2896,Yes,325-[extension]326Days (Value Rental Pack: 6Months Pack + 5Months Pack),2,カート用延長フラグ,Extension SoftBank 809SH,1,,,,,,,,*,sh/img001-ex.jpg,*,sh/img001-ex.jpg,,,,,,,,,,,,,,,,,,,,,,,0,1,en_sh_ex_331_bt,,1,,64200,68400,,5,,,,,,,,,,,,,,,,,"23,28","NEW extension,Extension SoftBank 809SH"
1667,11923,747,2896,No,325-[extension]326Days (Value Rental Pack: 6Months Pack + 5Months Pack),2,カート用延長フラグ,Extension SoftBank 809SH,1,,,,,,,,*,sh/img001-ex.jpg,*,sh/img001-ex.jpg,,,,,,,,,,,,,,,,,,,,,,,0,1,en_sh_ex_331,,1,,64200,64200,,5,,,,,,,,,,,,,,,,,"23,28","NEW extension,Extension SoftBank 809SH"
1667,11924,748,2897,Yes,326-[extension]327Days (Value Rental Pack: 6Months Pack + 5Months Pack),2,カート用延長フラグ,Extension SoftBank 809SH,1,,,,,,,,*,sh/img001-ex.jpg,*,sh/img001-ex.jpg,,,,,,,,,,,,,,,,,,,,,,,0,1,en_sh_ex_331_bt,,1,,64200,68400,,5,,,,,,,,,,,,,,,,,"23,28","NEW extension,Extension SoftBank 809SH"
1667,11925,747,2897,No,326-[extension]327Days (Value Rental Pack: 6Months Pack + 5Months Pack),2,カート用延長フラグ,Extension SoftBank 809SH,1,,,,,,,,*,sh/img001-ex.jpg,*,sh/img001-ex.jpg,,,,,,,,,,,,,,,,,,,,,,,0,1,en_sh_ex_331,,1,,64200,64200,,5,,,,,,,,,,,,,,,,,"23,28","NEW extension,Extension SoftBank 809SH"
1667,11926,748,2898,Yes,327-[extension]328Days (Value Rental Pack: 6Months Pack + 5Months Pack),2,カート用延長フラグ,Extension SoftBank 809SH,1,,,,,,,,*,sh/img001-ex.jpg,*,sh/img001-ex.jpg,,,,,,,,,,,,,,,,,,,,,,,0,1,en_sh_ex_331_bt,,1,,64200,68400,,5,,,,,,,,,,,,,,,,,"23,28","NEW extension,Extension SoftBank 809SH"
1667,11927,747,2898,No,327-[extension]328Days (Value Rental Pack: 6Months Pack + 5Months Pack),2,カート用延長フラグ,Extension SoftBank 809SH,1,,,,,,,,*,sh/img001-ex.jpg,*,sh/img001-ex.jpg,,,,,,,,,,,,,,,,,,,,,,,0,1,en_sh_ex_331,,1,,64200,64200,,5,,,,,,,,,,,,,,,,,"23,28","NEW extension,Extension SoftBank 809SH"
1667,11928,748,2899,Yes,328-[extension]329Days (Value Rental Pack: 6Months Pack + 5Months Pack),2,カート用延長フラグ,Extension SoftBank 809SH,1,,,,,,,,*,sh/img001-ex.jpg,*,sh/img001-ex.jpg,,,,,,,,,,,,,,,,,,,,,,,0,1,en_sh_ex_331_bt,,1,,64200,68400,,5,,,,,,,,,,,,,,,,,"23,28","NEW extension,Extension SoftBank 809SH"
1667,11929,747,2899,No,328-[extension]329Days (Value Rental Pack: 6Months Pack + 5Months Pack),2,カート用延長フラグ,Extension SoftBank 809SH,1,,,,,,,,*,sh/img001-ex.jpg,*,sh/img001-ex.jpg,,,,,,,,,,,,,,,,,,,,,,,0,1,en_sh_ex_331,,1,,64200,64200,,5,,,,,,,,,,,,,,,,,"23,28","NEW extension,Extension SoftBank 809SH"
1667,11930,748,2900,Yes,329-[extension]330Days (Value Rental Pack: 6Months Pack + 5Months Pack),2,カート用延長フラグ,Extension SoftBank 809SH,1,,,,,,,,*,sh/img001-ex.jpg,*,sh/img001-ex.jpg,,,,,,,,,,,,,,,,,,,,,,,0,1,en_sh_ex_331_bt,,1,,64200,68400,,5,,,,,,,,,,,,,,,,,"23,28","NEW extension,Extension SoftBank 809SH"
1667,11931,747,2900,No,329-[extension]330Days (Value Rental Pack: 6Months Pack + 5Months Pack),2,カート用延長フラグ,Extension SoftBank 809SH,1,,,,,,,,*,sh/img001-ex.jpg,*,sh/img001-ex.jpg,,,,,,,,,,,,,,,,,,,,,,,0,1,en_sh_ex_331,,1,,64200,64200,,5,,,,,,,,,,,,,,,,,"23,28","NEW extension,Extension SoftBank 809SH"
1667,11932,748,2901,Yes,330-[extension]331Days (Value Rental Pack: 6Months Pack + 5Months Pack),2,カート用延長フラグ,Extension SoftBank 809SH,1,,,,,,,,*,sh/img001-ex.jpg,*,sh/img001-ex.jpg,,,,,,,,,,,,,,,,,,,,,,,0,1,en_sh_ex_331_bt,,1,,64200,68400,,5,,,,,,,,,,,,,,,,,"23,28","NEW extension,Extension SoftBank 809SH"
1667,11933,747,2901,No,330-[extension]331Days (Value Rental Pack: 6Months Pack + 5Months Pack),2,カート用延長フラグ,Extension SoftBank 809SH,1,,,,,,,,*,sh/img001-ex.jpg,*,sh/img001-ex.jpg,,,,,,,,,,,,,,,,,,,,,,,0,1,en_sh_ex_331,,1,,64200,64200,,5,,,,,,,,,,,,,,,,,"23,28","NEW extension,Extension SoftBank 809SH"
1667,11934,748,2902,Yes,331-[extension]332Days (Value Rental Pack: 6Months Pack + 5Months Pack),2,カート用延長フラグ,Extension SoftBank 809SH,1,,,,,,,,*,sh/img001-ex.jpg,*,sh/img001-ex.jpg,,,,,,,,,,,,,,,,,,,,,,,0,1,en_sh_ex_331_bt,,1,,64200,68400,,5,,,,,,,,,,,,,,,,,"23,28","NEW extension,Extension SoftBank 809SH"
1667,11935,747,2902,No,331-[extension]332Days (Value Rental Pack: 6Months Pack + 5Months Pack),2,カート用延長フラグ,Extension SoftBank 809SH,1,,,,,,,,*,sh/img001-ex.jpg,*,sh/img001-ex.jpg,,,,,,,,,,,,,,,,,,,,,,,0,1,en_sh_ex_331,,1,,64200,64200,,5,,,,,,,,,,,,,,,,,"23,28","NEW extension,Extension SoftBank 809SH"
1667,11936,748,2903,Yes,332-[extension]333Days (Value Rental Pack: 6Months Pack + 5Months Pack + 1Day),2,カート用延長フラグ,Extension SoftBank 809SH,1,,,,,,,,*,sh/img001-ex.jpg,*,sh/img001-ex.jpg,,,,,,,,,,,,,,,,,,,,,,,0,1,en_sh_ex_332_bt,,1,,64790,69040,,5,,,,,,,,,,,,,,,,,"23,28","NEW extension,Extension SoftBank 809SH"
1667,11937,747,2903,No,332-[extension]333Days (Value Rental Pack: 6Months Pack + 5Months Pack + 1Day),2,カート用延長フラグ,Extension SoftBank 809SH,1,,,,,,,,*,sh/img001-ex.jpg,*,sh/img001-ex.jpg,,,,,,,,,,,,,,,,,,,,,,,0,1,en_sh_ex_332,,1,,64790,64790,,5,,,,,,,,,,,,,,,,,"23,28","NEW extension,Extension SoftBank 809SH"
1667,11938,748,2904,Yes,333-[extension]334Days (Value Rental Pack: 6Months Pack + 5Months Pack + 2Days),2,カート用延長フラグ,Extension SoftBank 809SH,1,,,,,,,,*,sh/img001-ex.jpg,*,sh/img001-ex.jpg,,,,,,,,,,,,,,,,,,,,,,,0,1,en_sh_ex_333_bt,,1,,65380,69680,,5,,,,,,,,,,,,,,,,,"23,28","NEW extension,Extension SoftBank 809SH"
1667,11939,747,2904,No,333-[extension]334Days (Value Rental Pack: 6Months Pack + 5Months Pack + 2Days),2,カート用延長フラグ,Extension SoftBank 809SH,1,,,,,,,,*,sh/img001-ex.jpg,*,sh/img001-ex.jpg,,,,,,,,,,,,,,,,,,,,,,,0,1,en_sh_ex_333,,1,,65380,65380,,5,,,,,,,,,,,,,,,,,"23,28","NEW extension,Extension SoftBank 809SH"
1667,11940,748,2905,Yes,334-[extension]335Days (Value Rental Pack: 6Months Pack + 5Months Pack + 3Days),2,カート用延長フラグ,Extension SoftBank 809SH,1,,,,,,,,*,sh/img001-ex.jpg,*,sh/img001-ex.jpg,,,,,,,,,,,,,,,,,,,,,,,0,1,en_sh_ex_334_bt,,1,,65970,70320,,5,,,,,,,,,,,,,,,,,"23,28","NEW extension,Extension SoftBank 809SH"
1667,11941,747,2905,No,334-[extension]335Days (Value Rental Pack: 6Months Pack + 5Months Pack + 3Days),2,カート用延長フラグ,Extension SoftBank 809SH,1,,,,,,,,*,sh/img001-ex.jpg,*,sh/img001-ex.jpg,,,,,,,,,,,,,,,,,,,,,,,0,1,en_sh_ex_334,,1,,65970,65970,,5,,,,,,,,,,,,,,,,,"23,28","NEW extension,Extension SoftBank 809SH"
1667,11942,748,2906,Yes,335-[extension]336Days (Value Rental Pack: 6Months Pack + 5Months Pack + 4Days),2,カート用延長フラグ,Extension SoftBank 809SH,1,,,,,,,,*,sh/img001-ex.jpg,*,sh/img001-ex.jpg,,,,,,,,,,,,,,,,,,,,,,,0,1,en_sh_ex_335_bt,,1,,66560,70960,,5,,,,,,,,,,,,,,,,,"23,28","NEW extension,Extension SoftBank 809SH"
1667,11943,747,2906,No,335-[extension]336Days (Value Rental Pack: 6Months Pack + 5Months Pack + 4Days),2,カート用延長フラグ,Extension SoftBank 809SH,1,,,,,,,,*,sh/img001-ex.jpg,*,sh/img001-ex.jpg,,,,,,,,,,,,,,,,,,,,,,,0,1,en_sh_ex_335,,1,,66560,66560,,5,,,,,,,,,,,,,,,,,"23,28","NEW extension,Extension SoftBank 809SH"
1667,11944,748,2907,Yes,336-[extension]337Days (Value Rental Pack: 6Months Pack + 5Months Pack + 5Days),2,カート用延長フラグ,Extension SoftBank 809SH,1,,,,,,,,*,sh/img001-ex.jpg,*,sh/img001-ex.jpg,,,,,,,,,,,,,,,,,,,,,,,0,1,en_sh_ex_336_bt,,1,,67150,71600,,5,,,,,,,,,,,,,,,,,"23,28","NEW extension,Extension SoftBank 809SH"
1667,11945,747,2907,No,336-[extension]337Days (Value Rental Pack: 6Months Pack + 5Months Pack + 5Days),2,カート用延長フラグ,Extension SoftBank 809SH,1,,,,,,,,*,sh/img001-ex.jpg,*,sh/img001-ex.jpg,,,,,,,,,,,,,,,,,,,,,,,0,1,en_sh_ex_336,,1,,67150,67150,,5,,,,,,,,,,,,,,,,,"23,28","NEW extension,Extension SoftBank 809SH"
1667,11946,748,2908,Yes,337-[extension]338Days (Value Rental Pack: 6Months Pack + 6Months Pack),2,カート用延長フラグ,Extension SoftBank 809SH,1,,,,,,,,*,sh/img001-ex.jpg,*,sh/img001-ex.jpg,,,,,,,,,,,,,,,,,,,,,,,0,1,en_sh_ex_361_bt,,1,,67200,71700,,5,,,,,,,,,,,,,,,,,"23,28","NEW extension,Extension SoftBank 809SH"
1667,11947,747,2908,No,337-[extension]338Days (Value Rental Pack: 6Months Pack + 6Months Pack),2,カート用延長フラグ,Extension SoftBank 809SH,1,,,,,,,,*,sh/img001-ex.jpg,*,sh/img001-ex.jpg,,,,,,,,,,,,,,,,,,,,,,,0,1,en_sh_ex_361,,1,,67200,67200,,5,,,,,,,,,,,,,,,,,"23,28","NEW extension,Extension SoftBank 809SH"
1667,11948,748,2909,Yes,338-[extension]339Days (Value Rental Pack: 6Months Pack + 6Months Pack),2,カート用延長フラグ,Extension SoftBank 809SH,1,,,,,,,,*,sh/img001-ex.jpg,*,sh/img001-ex.jpg,,,,,,,,,,,,,,,,,,,,,,,0,1,en_sh_ex_361_bt,,1,,67200,71700,,5,,,,,,,,,,,,,,,,,"23,28","NEW extension,Extension SoftBank 809SH"
1667,11949,747,2909,No,338-[extension]339Days (Value Rental Pack: 6Months Pack + 6Months Pack),2,カート用延長フラグ,Extension SoftBank 809SH,1,,,,,,,,*,sh/img001-ex.jpg,*,sh/img001-ex.jpg,,,,,,,,,,,,,,,,,,,,,,,0,1,en_sh_ex_361,,1,,67200,67200,,5,,,,,,,,,,,,,,,,,"23,28","NEW extension,Extension SoftBank 809SH"
1667,11950,748,2910,Yes,339-[extension]340Days (Value Rental Pack: 6Months Pack + 6Months Pack),2,カート用延長フラグ,Extension SoftBank 809SH,1,,,,,,,,*,sh/img001-ex.jpg,*,sh/img001-ex.jpg,,,,,,,,,,,,,,,,,,,,,,,0,1,en_sh_ex_361_bt,,1,,67200,71700,,5,,,,,,,,,,,,,,,,,"23,28","NEW extension,Extension SoftBank 809SH"
1667,11951,747,2910,No,339-[extension]340Days (Value Rental Pack: 6Months Pack + 6Months Pack),2,カート用延長フラグ,Extension SoftBank 809SH,1,,,,,,,,*,sh/img001-ex.jpg,*,sh/img001-ex.jpg,,,,,,,,,,,,,,,,,,,,,,,0,1,en_sh_ex_361,,1,,67200,67200,,5,,,,,,,,,,,,,,,,,"23,28","NEW extension,Extension SoftBank 809SH"
1667,11952,748,2911,Yes,340-[extension]341Days (Value Rental Pack: 6Months Pack + 6Months Pack),2,カート用延長フラグ,Extension SoftBank 809SH,1,,,,,,,,*,sh/img001-ex.jpg,*,sh/img001-ex.jpg,,,,,,,,,,,,,,,,,,,,,,,0,1,en_sh_ex_361_bt,,1,,67200,71700,,5,,,,,,,,,,,,,,,,,"23,28","NEW extension,Extension SoftBank 809SH"
1667,11953,747,2911,No,340-[extension]341Days (Value Rental Pack: 6Months Pack + 6Months Pack),2,カート用延長フラグ,Extension SoftBank 809SH,1,,,,,,,,*,sh/img001-ex.jpg,*,sh/img001-ex.jpg,,,,,,,,,,,,,,,,,,,,,,,0,1,en_sh_ex_361,,1,,67200,67200,,5,,,,,,,,,,,,,,,,,"23,28","NEW extension,Extension SoftBank 809SH"
1667,11954,748,2912,Yes,341-[extension]342Days (Value Rental Pack: 6Months Pack + 6Months Pack),2,カート用延長フラグ,Extension SoftBank 809SH,1,,,,,,,,*,sh/img001-ex.jpg,*,sh/img001-ex.jpg,,,,,,,,,,,,,,,,,,,,,,,0,1,en_sh_ex_361_bt,,1,,67200,71700,,5,,,,,,,,,,,,,,,,,"23,28","NEW extension,Extension SoftBank 809SH"
1667,11955,747,2912,No,341-[extension]342Days (Value Rental Pack: 6Months Pack + 6Months Pack),2,カート用延長フラグ,Extension SoftBank 809SH,1,,,,,,,,*,sh/img001-ex.jpg,*,sh/img001-ex.jpg,,,,,,,,,,,,,,,,,,,,,,,0,1,en_sh_ex_361,,1,,67200,67200,,5,,,,,,,,,,,,,,,,,"23,28","NEW extension,Extension SoftBank 809SH"
1667,11956,748,2913,Yes,342-[extension]343Days (Value Rental Pack: 6Months Pack + 6Months Pack),2,カート用延長フラグ,Extension SoftBank 809SH,1,,,,,,,,*,sh/img001-ex.jpg,*,sh/img001-ex.jpg,,,,,,,,,,,,,,,,,,,,,,,0,1,en_sh_ex_361_bt,,1,,67200,71700,,5,,,,,,,,,,,,,,,,,"23,28","NEW extension,Extension SoftBank 809SH"
1667,11957,747,2913,No,342-[extension]343Days (Value Rental Pack: 6Months Pack + 6Months Pack),2,カート用延長フラグ,Extension SoftBank 809SH,1,,,,,,,,*,sh/img001-ex.jpg,*,sh/img001-ex.jpg,,,,,,,,,,,,,,,,,,,,,,,0,1,en_sh_ex_361,,1,,67200,67200,,5,,,,,,,,,,,,,,,,,"23,28","NEW extension,Extension SoftBank 809SH"
1667,11958,748,2914,Yes,343-[extension]344Days (Value Rental Pack: 6Months Pack + 6Months Pack),2,カート用延長フラグ,Extension SoftBank 809SH,1,,,,,,,,*,sh/img001-ex.jpg,*,sh/img001-ex.jpg,,,,,,,,,,,,,,,,,,,,,,,0,1,en_sh_ex_361_bt,,1,,67200,71700,,5,,,,,,,,,,,,,,,,,"23,28","NEW extension,Extension SoftBank 809SH"
1667,11959,747,2914,No,343-[extension]344Days (Value Rental Pack: 6Months Pack + 6Months Pack),2,カート用延長フラグ,Extension SoftBank 809SH,1,,,,,,,,*,sh/img001-ex.jpg,*,sh/img001-ex.jpg,,,,,,,,,,,,,,,,,,,,,,,0,1,en_sh_ex_361,,1,,67200,67200,,5,,,,,,,,,,,,,,,,,"23,28","NEW extension,Extension SoftBank 809SH"
1667,11960,748,2915,Yes,344-[extension]345Days (Value Rental Pack: 6Months Pack + 6Months Pack),2,カート用延長フラグ,Extension SoftBank 809SH,1,,,,,,,,*,sh/img001-ex.jpg,*,sh/img001-ex.jpg,,,,,,,,,,,,,,,,,,,,,,,0,1,en_sh_ex_361_bt,,1,,67200,71700,,5,,,,,,,,,,,,,,,,,"23,28","NEW extension,Extension SoftBank 809SH"
1667,11961,747,2915,No,344-[extension]345Days (Value Rental Pack: 6Months Pack + 6Months Pack),2,カート用延長フラグ,Extension SoftBank 809SH,1,,,,,,,,*,sh/img001-ex.jpg,*,sh/img001-ex.jpg,,,,,,,,,,,,,,,,,,,,,,,0,1,en_sh_ex_361,,1,,67200,67200,,5,,,,,,,,,,,,,,,,,"23,28","NEW extension,Extension SoftBank 809SH"
1667,11962,748,2916,Yes,345-[extension]346Days (Value Rental Pack: 6Months Pack + 6Months Pack),2,カート用延長フラグ,Extension SoftBank 809SH,1,,,,,,,,*,sh/img001-ex.jpg,*,sh/img001-ex.jpg,,,,,,,,,,,,,,,,,,,,,,,0,1,en_sh_ex_361_bt,,1,,67200,71700,,5,,,,,,,,,,,,,,,,,"23,28","NEW extension,Extension SoftBank 809SH"
1667,11963,747,2916,No,345-[extension]346Days (Value Rental Pack: 6Months Pack + 6Months Pack),2,カート用延長フラグ,Extension SoftBank 809SH,1,,,,,,,,*,sh/img001-ex.jpg,*,sh/img001-ex.jpg,,,,,,,,,,,,,,,,,,,,,,,0,1,en_sh_ex_361,,1,,67200,67200,,5,,,,,,,,,,,,,,,,,"23,28","NEW extension,Extension SoftBank 809SH"
1667,11964,748,2917,Yes,346-[extension]347Days (Value Rental Pack: 6Months Pack + 6Months Pack),2,カート用延長フラグ,Extension SoftBank 809SH,1,,,,,,,,*,sh/img001-ex.jpg,*,sh/img001-ex.jpg,,,,,,,,,,,,,,,,,,,,,,,0,1,en_sh_ex_361_bt,,1,,67200,71700,,5,,,,,,,,,,,,,,,,,"23,28","NEW extension,Extension SoftBank 809SH"
1667,11965,747,2917,No,346-[extension]347Days (Value Rental Pack: 6Months Pack + 6Months Pack),2,カート用延長フラグ,Extension SoftBank 809SH,1,,,,,,,,*,sh/img001-ex.jpg,*,sh/img001-ex.jpg,,,,,,,,,,,,,,,,,,,,,,,0,1,en_sh_ex_361,,1,,67200,67200,,5,,,,,,,,,,,,,,,,,"23,28","NEW extension,Extension SoftBank 809SH"
1667,11966,748,2918,Yes,347-[extension]348Days (Value Rental Pack: 6Months Pack + 6Months Pack),2,カート用延長フラグ,Extension SoftBank 809SH,1,,,,,,,,*,sh/img001-ex.jpg,*,sh/img001-ex.jpg,,,,,,,,,,,,,,,,,,,,,,,0,1,en_sh_ex_361_bt,,1,,67200,71700,,5,,,,,,,,,,,,,,,,,"23,28","NEW extension,Extension SoftBank 809SH"
1667,11967,747,2918,No,347-[extension]348Days (Value Rental Pack: 6Months Pack + 6Months Pack),2,カート用延長フラグ,Extension SoftBank 809SH,1,,,,,,,,*,sh/img001-ex.jpg,*,sh/img001-ex.jpg,,,,,,,,,,,,,,,,,,,,,,,0,1,en_sh_ex_361,,1,,67200,67200,,5,,,,,,,,,,,,,,,,,"23,28","NEW extension,Extension SoftBank 809SH"
1667,11968,748,2919,Yes,348-[extension]349Days (Value Rental Pack: 6Months Pack + 6Months Pack),2,カート用延長フラグ,Extension SoftBank 809SH,1,,,,,,,,*,sh/img001-ex.jpg,*,sh/img001-ex.jpg,,,,,,,,,,,,,,,,,,,,,,,0,1,en_sh_ex_361_bt,,1,,67200,71700,,5,,,,,,,,,,,,,,,,,"23,28","NEW extension,Extension SoftBank 809SH"
1667,11969,747,2919,No,348-[extension]349Days (Value Rental Pack: 6Months Pack + 6Months Pack),2,カート用延長フラグ,Extension SoftBank 809SH,1,,,,,,,,*,sh/img001-ex.jpg,*,sh/img001-ex.jpg,,,,,,,,,,,,,,,,,,,,,,,0,1,en_sh_ex_361,,1,,67200,67200,,5,,,,,,,,,,,,,,,,,"23,28","NEW extension,Extension SoftBank 809SH"
1667,11970,748,2920,Yes,349-[extension]350Days (Value Rental Pack: 6Months Pack + 6Months Pack),2,カート用延長フラグ,Extension SoftBank 809SH,1,,,,,,,,*,sh/img001-ex.jpg,*,sh/img001-ex.jpg,,,,,,,,,,,,,,,,,,,,,,,0,1,en_sh_ex_361_bt,,1,,67200,71700,,5,,,,,,,,,,,,,,,,,"23,28","NEW extension,Extension SoftBank 809SH"
1667,11971,747,2920,No,349-[extension]350Days (Value Rental Pack: 6Months Pack + 6Months Pack),2,カート用延長フラグ,Extension SoftBank 809SH,1,,,,,,,,*,sh/img001-ex.jpg,*,sh/img001-ex.jpg,,,,,,,,,,,,,,,,,,,,,,,0,1,en_sh_ex_361,,1,,67200,67200,,5,,,,,,,,,,,,,,,,,"23,28","NEW extension,Extension SoftBank 809SH"
1667,11972,748,2921,Yes,350-[extension]351Days (Value Rental Pack: 6Months Pack + 6Months Pack),2,カート用延長フラグ,Extension SoftBank 809SH,1,,,,,,,,*,sh/img001-ex.jpg,*,sh/img001-ex.jpg,,,,,,,,,,,,,,,,,,,,,,,0,1,en_sh_ex_361_bt,,1,,67200,71700,,5,,,,,,,,,,,,,,,,,"23,28","NEW extension,Extension SoftBank 809SH"
1667,11973,747,2921,No,350-[extension]351Days (Value Rental Pack: 6Months Pack + 6Months Pack),2,カート用延長フラグ,Extension SoftBank 809SH,1,,,,,,,,*,sh/img001-ex.jpg,*,sh/img001-ex.jpg,,,,,,,,,,,,,,,,,,,,,,,0,1,en_sh_ex_361,,1,,67200,67200,,5,,,,,,,,,,,,,,,,,"23,28","NEW extension,Extension SoftBank 809SH"
1667,11974,748,2922,Yes,351-[extension]352Days (Value Rental Pack: 6Months Pack + 6Months Pack),2,カート用延長フラグ,Extension SoftBank 809SH,1,,,,,,,,*,sh/img001-ex.jpg,*,sh/img001-ex.jpg,,,,,,,,,,,,,,,,,,,,,,,0,1,en_sh_ex_361_bt,,1,,67200,71700,,5,,,,,,,,,,,,,,,,,"23,28","NEW extension,Extension SoftBank 809SH"
1667,11975,747,2922,No,351-[extension]352Days (Value Rental Pack: 6Months Pack + 6Months Pack),2,カート用延長フラグ,Extension SoftBank 809SH,1,,,,,,,,*,sh/img001-ex.jpg,*,sh/img001-ex.jpg,,,,,,,,,,,,,,,,,,,,,,,0,1,en_sh_ex_361,,1,,67200,67200,,5,,,,,,,,,,,,,,,,,"23,28","NEW extension,Extension SoftBank 809SH"
1667,11976,748,2923,Yes,352-[extension]353Days (Value Rental Pack: 6Months Pack + 6Months Pack),2,カート用延長フラグ,Extension SoftBank 809SH,1,,,,,,,,*,sh/img001-ex.jpg,*,sh/img001-ex.jpg,,,,,,,,,,,,,,,,,,,,,,,0,1,en_sh_ex_361_bt,,1,,67200,71700,,5,,,,,,,,,,,,,,,,,"23,28","NEW extension,Extension SoftBank 809SH"
1667,11977,747,2923,No,352-[extension]353Days (Value Rental Pack: 6Months Pack + 6Months Pack),2,カート用延長フラグ,Extension SoftBank 809SH,1,,,,,,,,*,sh/img001-ex.jpg,*,sh/img001-ex.jpg,,,,,,,,,,,,,,,,,,,,,,,0,1,en_sh_ex_361,,1,,67200,67200,,5,,,,,,,,,,,,,,,,,"23,28","NEW extension,Extension SoftBank 809SH"
1667,11978,748,2924,Yes,353-[extension]354Days (Value Rental Pack: 6Months Pack + 6Months Pack),2,カート用延長フラグ,Extension SoftBank 809SH,1,,,,,,,,*,sh/img001-ex.jpg,*,sh/img001-ex.jpg,,,,,,,,,,,,,,,,,,,,,,,0,1,en_sh_ex_361_bt,,1,,67200,71700,,5,,,,,,,,,,,,,,,,,"23,28","NEW extension,Extension SoftBank 809SH"
1667,11979,747,2924,No,353-[extension]354Days (Value Rental Pack: 6Months Pack + 6Months Pack),2,カート用延長フラグ,Extension SoftBank 809SH,1,,,,,,,,*,sh/img001-ex.jpg,*,sh/img001-ex.jpg,,,,,,,,,,,,,,,,,,,,,,,0,1,en_sh_ex_361,,1,,67200,67200,,5,,,,,,,,,,,,,,,,,"23,28","NEW extension,Extension SoftBank 809SH"
1667,11980,748,2925,Yes,354-[extension]355Days (Value Rental Pack: 6Months Pack + 6Months Pack),2,カート用延長フラグ,Extension SoftBank 809SH,1,,,,,,,,*,sh/img001-ex.jpg,*,sh/img001-ex.jpg,,,,,,,,,,,,,,,,,,,,,,,0,1,en_sh_ex_361_bt,,1,,67200,71700,,5,,,,,,,,,,,,,,,,,"23,28","NEW extension,Extension SoftBank 809SH"
1667,11981,747,2925,No,354-[extension]355Days (Value Rental Pack: 6Months Pack + 6Months Pack),2,カート用延長フラグ,Extension SoftBank 809SH,1,,,,,,,,*,sh/img001-ex.jpg,*,sh/img001-ex.jpg,,,,,,,,,,,,,,,,,,,,,,,0,1,en_sh_ex_361,,1,,67200,67200,,5,,,,,,,,,,,,,,,,,"23,28","NEW extension,Extension SoftBank 809SH"
1667,11982,748,2926,Yes,355-[extension]356Days (Value Rental Pack: 6Months Pack + 6Months Pack),2,カート用延長フラグ,Extension SoftBank 809SH,1,,,,,,,,*,sh/img001-ex.jpg,*,sh/img001-ex.jpg,,,,,,,,,,,,,,,,,,,,,,,0,1,en_sh_ex_361_bt,,1,,67200,71700,,5,,,,,,,,,,,,,,,,,"23,28","NEW extension,Extension SoftBank 809SH"
1667,11983,747,2926,No,355-[extension]356Days (Value Rental Pack: 6Months Pack + 6Months Pack),2,カート用延長フラグ,Extension SoftBank 809SH,1,,,,,,,,*,sh/img001-ex.jpg,*,sh/img001-ex.jpg,,,,,,,,,,,,,,,,,,,,,,,0,1,en_sh_ex_361,,1,,67200,67200,,5,,,,,,,,,,,,,,,,,"23,28","NEW extension,Extension SoftBank 809SH"
1667,11984,748,2927,Yes,356-[extension]357Days (Value Rental Pack: 6Months Pack + 6Months Pack),2,カート用延長フラグ,Extension SoftBank 809SH,1,,,,,,,,*,sh/img001-ex.jpg,*,sh/img001-ex.jpg,,,,,,,,,,,,,,,,,,,,,,,0,1,en_sh_ex_361_bt,,1,,67200,71700,,5,,,,,,,,,,,,,,,,,"23,28","NEW extension,Extension SoftBank 809SH"
1667,11985,747,2927,No,356-[extension]357Days (Value Rental Pack: 6Months Pack + 6Months Pack),2,カート用延長フラグ,Extension SoftBank 809SH,1,,,,,,,,*,sh/img001-ex.jpg,*,sh/img001-ex.jpg,,,,,,,,,,,,,,,,,,,,,,,0,1,en_sh_ex_361,,1,,67200,67200,,5,,,,,,,,,,,,,,,,,"23,28","NEW extension,Extension SoftBank 809SH"
1667,11986,748,2928,Yes,357-[extension]358Days (Value Rental Pack: 6Months Pack + 6Months Pack),2,カート用延長フラグ,Extension SoftBank 809SH,1,,,,,,,,*,sh/img001-ex.jpg,*,sh/img001-ex.jpg,,,,,,,,,,,,,,,,,,,,,,,0,1,en_sh_ex_361_bt,,1,,67200,71700,,5,,,,,,,,,,,,,,,,,"23,28","NEW extension,Extension SoftBank 809SH"
1667,11987,747,2928,No,357-[extension]358Days (Value Rental Pack: 6Months Pack + 6Months Pack),2,カート用延長フラグ,Extension SoftBank 809SH,1,,,,,,,,*,sh/img001-ex.jpg,*,sh/img001-ex.jpg,,,,,,,,,,,,,,,,,,,,,,,0,1,en_sh_ex_361,,1,,67200,67200,,5,,,,,,,,,,,,,,,,,"23,28","NEW extension,Extension SoftBank 809SH"
1667,11988,748,2929,Yes,358-[extension]359Days (Value Rental Pack: 6Months Pack + 6Months Pack),2,カート用延長フラグ,Extension SoftBank 809SH,1,,,,,,,,*,sh/img001-ex.jpg,*,sh/img001-ex.jpg,,,,,,,,,,,,,,,,,,,,,,,0,1,en_sh_ex_361_bt,,1,,67200,71700,,5,,,,,,,,,,,,,,,,,"23,28","NEW extension,Extension SoftBank 809SH"
1667,11989,747,2929,No,358-[extension]359Days (Value Rental Pack: 6Months Pack + 6Months Pack),2,カート用延長フラグ,Extension SoftBank 809SH,1,,,,,,,,*,sh/img001-ex.jpg,*,sh/img001-ex.jpg,,,,,,,,,,,,,,,,,,,,,,,0,1,en_sh_ex_361,,1,,67200,67200,,5,,,,,,,,,,,,,,,,,"23,28","NEW extension,Extension SoftBank 809SH"
1667,11990,748,2930,Yes,359-[extension]360Days (Value Rental Pack: 6Months Pack + 6Months Pack),2,カート用延長フラグ,Extension SoftBank 809SH,1,,,,,,,,*,sh/img001-ex.jpg,*,sh/img001-ex.jpg,,,,,,,,,,,,,,,,,,,,,,,0,1,en_sh_ex_361_bt,,1,,67200,71700,,5,,,,,,,,,,,,,,,,,"23,28","NEW extension,Extension SoftBank 809SH"
1667,11991,747,2930,No,359-[extension]360Days (Value Rental Pack: 6Months Pack + 6Months Pack),2,カート用延長フラグ,Extension SoftBank 809SH,1,,,,,,,,*,sh/img001-ex.jpg,*,sh/img001-ex.jpg,,,,,,,,,,,,,,,,,,,,,,,0,1,en_sh_ex_361,,1,,67200,67200,,5,,,,,,,,,,,,,,,,,"23,28","NEW extension,Extension SoftBank 809SH"
1667,11992,748,2931,Yes,360-[extension]361Days (Value Rental Pack: 6Months Pack + 6Months Pack),2,カート用延長フラグ,Extension SoftBank 809SH,1,,,,,,,,*,sh/img001-ex.jpg,*,sh/img001-ex.jpg,,,,,,,,,,,,,,,,,,,,,,,0,1,en_sh_ex_361_bt,,1,,67200,71700,,5,,,,,,,,,,,,,,,,,"23,28","NEW extension,Extension SoftBank 809SH"
1667,11993,747,2931,No,360-[extension]361Days (Value Rental Pack: 6Months Pack + 6Months Pack),2,カート用延長フラグ,Extension SoftBank 809SH,1,,,,,,,,*,sh/img001-ex.jpg,*,sh/img001-ex.jpg,,,,,,,,,,,,,,,,,,,,,,,0,1,en_sh_ex_361,,1,,67200,67200,,5,,,,,,,,,,,,,,,,,"23,28","NEW extension,Extension SoftBank 809SH"
1667,11994,748,2932,Yes,361-[extension]362Days (Value Rental Pack: 6Months Pack + 6Months Pack),2,カート用延長フラグ,Extension SoftBank 809SH,1,,,,,,,,*,sh/img001-ex.jpg,*,sh/img001-ex.jpg,,,,,,,,,,,,,,,,,,,,,,,0,1,en_sh_ex_361_bt,,1,,67200,71700,,5,,,,,,,,,,,,,,,,,"23,28","NEW extension,Extension SoftBank 809SH"
1667,11995,747,2932,No,361-[extension]362Days (Value Rental Pack: 6Months Pack + 6Months Pack),2,カート用延長フラグ,Extension SoftBank 809SH,1,,,,,,,,*,sh/img001-ex.jpg,*,sh/img001-ex.jpg,,,,,,,,,,,,,,,,,,,,,,,0,1,en_sh_ex_361,,1,,67200,67200,,5,,,,,,,,,,,,,,,,,"23,28","NEW extension,Extension SoftBank 809SH"
1667,11996,748,2933,Yes,362-[extension]363Days (Value Rental Pack: 6Months Pack + 6Months Pack + 1Day),2,カート用延長フラグ,Extension SoftBank 809SH,1,,,,,,,,*,sh/img001-ex.jpg,*,sh/img001-ex.jpg,,,,,,,,,,,,,,,,,,,,,,,0,1,en_sh_ex_362_bt,,1,,67790,72340,,5,,,,,,,,,,,,,,,,,"23,28","NEW extension,Extension SoftBank 809SH"
1667,11997,747,2933,No,362-[extension]363Days (Value Rental Pack: 6Months Pack + 6Months Pack + 1Day),2,カート用延長フラグ,Extension SoftBank 809SH,1,,,,,,,,*,sh/img001-ex.jpg,*,sh/img001-ex.jpg,,,,,,,,,,,,,,,,,,,,,,,0,1,en_sh_ex_362,,1,,67790,67790,,5,,,,,,,,,,,,,,,,,"23,28","NEW extension,Extension SoftBank 809SH"
1667,11998,748,2934,Yes,363-[extension]364Days (Value Rental Pack: 6Months Pack + 6Months Pack + 2Days),2,カート用延長フラグ,Extension SoftBank 809SH,1,,,,,,,,*,sh/img001-ex.jpg,*,sh/img001-ex.jpg,,,,,,,,,,,,,,,,,,,,,,,0,1,en_sh_ex_363_bt,,1,,68380,72980,,5,,,,,,,,,,,,,,,,,"23,28","NEW extension,Extension SoftBank 809SH"
1667,11999,747,2934,No,363-[extension]364Days (Value Rental Pack: 6Months Pack + 6Months Pack + 2Days),2,カート用延長フラグ,Extension SoftBank 809SH,1,,,,,,,,*,sh/img001-ex.jpg,*,sh/img001-ex.jpg,,,,,,,,,,,,,,,,,,,,,,,0,1,en_sh_ex_363,,1,,68380,68380,,5,,,,,,,,,,,,,,,,,"23,28","NEW extension,Extension SoftBank 809SH"
1667,12000,748,2935,Yes,364-[extension]365Days (Value Rental Pack: 6Months Pack + 6Months Pack + 3Days),2,カート用延長フラグ,Extension SoftBank 809SH,1,,,,,,,,*,sh/img001-ex.jpg,*,sh/img001-ex.jpg,,,,,,,,,,,,,,,,,,,,,,,0,1,en_sh_ex_364_bt,,1,,68970,73620,,5,,,,,,,,,,,,,,,,,"23,28","NEW extension,Extension SoftBank 809SH"
1667,12001,747,2935,No,364-[extension]365Days (Value Rental Pack: 6Months Pack + 6Months Pack + 3Days),2,カート用延長フラグ,Extension SoftBank 809SH,1,,,,,,,,*,sh/img001-ex.jpg,*,sh/img001-ex.jpg,,,,,,,,,,,,,,,,,,,,,,,0,1,en_sh_ex_364,,1,,68970,68970,,5,,,,,,,,,,,,,,,,,"23,28","NEW extension,Extension SoftBank 809SH"