商品ID,商品規格ID,親規格分類ID,規格分類ID,親規格分類名,規格分類名,メーカーID,メーカー名,商品名,表示ステータス(公開・非公開),メーカーURL(コメント1),コメント2,検索ワード(コメント3),コメント4,コメント5,コメント6,備考欄(SHOP専用),一覧-メインコメント,一覧-メイン画像,詳細-メインコメント,詳細-メイン画像,詳細-メイン拡大画像,詳細-サブタイトル(1),詳細-サブコメント(1),詳細-サブ画像(1),詳細-サブ拡大画像(1),詳細-サブタイトル(2),詳細-サブコメント(2),詳細-サブ画像(2),詳細-サブ拡大画像(2),詳細-サブタイトル(3),詳細-サブコメント(3),詳細-サブ画像(3),詳細-サブ拡大画像(3),詳細-サブタイトル(4),詳細-サブコメント(4),詳細-サブ画像(4),詳細-サブ拡大画像(4),詳細-サブタイトル(5),詳細-サブコメント(5),詳細-サブ画像(5),詳細-サブ拡大画像(5),発送日目安ID,削除フラグ,商品種別ID,商品コード,在庫数,在庫無制限フラグ,販売制限数,通常価格,販売価格,送料,ポイント付与率,ダウンロードファイル名,ダウンロード実ファイル,関連商品ID(1),関連商品コメント(1),関連商品ID(2),関連商品コメント(2),関連商品ID(3),関連商品コメント(3),関連商品ID(4),関連商品コメント(4),関連商品ID(5),関連商品コメント(5),関連商品ID(6),関連商品コメント(6),商品ステータス,商品ステータス名,カテゴリID,カテゴリ名
1666,10542,748,2206,Yes,0-[extension]1Day,2,カート用延長フラグ,Extension SoftBank 601HW [50GB],1,,,,,,,,*,sl/img001-ex.jpg,*,sl/img001-ex.jpg,,,,,,,,,,,,,,,,,,,,,,,0,1,en_sl_ex_000_bt,,1,,490,540,,5,,,,,,,,,,,,,,,,,"23,27","NEW extension,Extension SoftBank 601HW WHITE"
1666,10543,747,2206,No,0-[extension]1Day,2,カート用延長フラグ,Extension SoftBank 601HW [50GB],1,,,,,,,,*,sl/img001-ex.jpg,*,sl/img001-ex.jpg,,,,,,,,,,,,,,,,,,,,,,,0,1,en_sl_ex_000,,1,,490,490,,5,,,,,,,,,,,,,,,,,"23,27","NEW extension,Extension SoftBank 601HW WHITE"
1666,10544,748,2207,Yes,1-[extension]2Days,2,カート用延長フラグ,Extension SoftBank 601HW [50GB],1,,,,,,,,*,sl/img001-ex.jpg,*,sl/img001-ex.jpg,,,,,,,,,,,,,,,,,,,,,,,0,1,en_sl_ex_001_bt,,1,,980,1080,,5,,,,,,,,,,,,,,,,,"23,27","NEW extension,Extension SoftBank 601HW WHITE"
1666,10545,747,2207,No,1-[extension]2Days,2,カート用延長フラグ,Extension SoftBank 601HW [50GB],1,,,,,,,,*,sl/img001-ex.jpg,*,sl/img001-ex.jpg,,,,,,,,,,,,,,,,,,,,,,,0,1,en_sl_ex_001,,1,,980,980,,5,,,,,,,,,,,,,,,,,"23,27","NEW extension,Extension SoftBank 601HW WHITE"
1666,10546,748,2208,Yes,2-[extension]3Days,2,カート用延長フラグ,Extension SoftBank 601HW [50GB],1,,,,,,,,*,sl/img001-ex.jpg,*,sl/img001-ex.jpg,,,,,,,,,,,,,,,,,,,,,,,0,1,en_sl_ex_002_bt,,1,,1470,1620,,5,,,,,,,,,,,,,,,,,"23,27","NEW extension,Extension SoftBank 601HW WHITE"
1666,10547,747,2208,No,2-[extension]3Days,2,カート用延長フラグ,Extension SoftBank 601HW [50GB],1,,,,,,,,*,sl/img001-ex.jpg,*,sl/img001-ex.jpg,,,,,,,,,,,,,,,,,,,,,,,0,1,en_sl_ex_002,,1,,1470,1470,,5,,,,,,,,,,,,,,,,,"23,27","NEW extension,Extension SoftBank 601HW WHITE"
1666,10548,748,2209,Yes,3-[extension]4Days,2,カート用延長フラグ,Extension SoftBank 601HW [50GB],1,,,,,,,,*,sl/img001-ex.jpg,*,sl/img001-ex.jpg,,,,,,,,,,,,,,,,,,,,,,,0,1,en_sl_ex_003_bt,,1,,1960,2160,,5,,,,,,,,,,,,,,,,,"23,27","NEW extension,Extension SoftBank 601HW WHITE"
1666,10549,747,2209,No,3-[extension]4Days,2,カート用延長フラグ,Extension SoftBank 601HW [50GB],1,,,,,,,,*,sl/img001-ex.jpg,*,sl/img001-ex.jpg,,,,,,,,,,,,,,,,,,,,,,,0,1,en_sl_ex_003,,1,,1960,1960,,5,,,,,,,,,,,,,,,,,"23,27","NEW extension,Extension SoftBank 601HW WHITE"
1666,10550,748,2210,Yes,4-[extension]5Days,2,カート用延長フラグ,Extension SoftBank 601HW [50GB],1,,,,,,,,*,sl/img001-ex.jpg,*,sl/img001-ex.jpg,,,,,,,,,,,,,,,,,,,,,,,0,1,en_sl_ex_004_bt,,1,,2450,2700,,5,,,,,,,,,,,,,,,,,"23,27","NEW extension,Extension SoftBank 601HW WHITE"
1666,10551,747,2210,No,4-[extension]5Days,2,カート用延長フラグ,Extension SoftBank 601HW [50GB],1,,,,,,,,*,sl/img001-ex.jpg,*,sl/img001-ex.jpg,,,,,,,,,,,,,,,,,,,,,,,0,1,en_sl_ex_004,,1,,2450,2450,,5,,,,,,,,,,,,,,,,,"23,27","NEW extension,Extension SoftBank 601HW WHITE"
1666,10552,748,2211,Yes,5-[extension]6Days,2,カート用延長フラグ,Extension SoftBank 601HW [50GB],1,,,,,,,,*,sl/img001-ex.jpg,*,sl/img001-ex.jpg,,,,,,,,,,,,,,,,,,,,,,,0,1,en_sl_ex_005_bt,,1,,2940,3240,,5,,,,,,,,,,,,,,,,,"23,27","NEW extension,Extension SoftBank 601HW WHITE"
1666,10553,747,2211,No,5-[extension]6Days,2,カート用延長フラグ,Extension SoftBank 601HW [50GB],1,,,,,,,,*,sl/img001-ex.jpg,*,sl/img001-ex.jpg,,,,,,,,,,,,,,,,,,,,,,,0,1,en_sl_ex_005,,1,,2940,2940,,5,,,,,,,,,,,,,,,,,"23,27","NEW extension,Extension SoftBank 601HW WHITE"
1666,10554,748,2212,Yes,6-[extension]7Days,2,カート用延長フラグ,Extension SoftBank 601HW [50GB],1,,,,,,,,*,sl/img001-ex.jpg,*,sl/img001-ex.jpg,,,,,,,,,,,,,,,,,,,,,,,0,1,en_sl_ex_006_bt,,1,,3430,3780,,5,,,,,,,,,,,,,,,,,"23,27","NEW extension,Extension SoftBank 601HW WHITE"
1666,10555,747,2212,No,6-[extension]7Days,2,カート用延長フラグ,Extension SoftBank 601HW [50GB],1,,,,,,,,*,sl/img001-ex.jpg,*,sl/img001-ex.jpg,,,,,,,,,,,,,,,,,,,,,,,0,1,en_sl_ex_006,,1,,3430,3430,,5,,,,,,,,,,,,,,,,,"23,27","NEW extension,Extension SoftBank 601HW WHITE"
1666,10556,748,2213,Yes,7-[extension]8Days,2,カート用延長フラグ,Extension SoftBank 601HW [50GB],1,,,,,,,,*,sl/img001-ex.jpg,*,sl/img001-ex.jpg,,,,,,,,,,,,,,,,,,,,,,,0,1,en_sl_ex_007_bt,,1,,3920,4320,,5,,,,,,,,,,,,,,,,,"23,27","NEW extension,Extension SoftBank 601HW WHITE"
1666,10557,747,2213,No,7-[extension]8Days,2,カート用延長フラグ,Extension SoftBank 601HW [50GB],1,,,,,,,,*,sl/img001-ex.jpg,*,sl/img001-ex.jpg,,,,,,,,,,,,,,,,,,,,,,,0,1,en_sl_ex_007,,1,,3920,3920,,5,,,,,,,,,,,,,,,,,"23,27","NEW extension,Extension SoftBank 601HW WHITE"
1666,10558,748,2214,Yes,8-[extension]9Days,2,カート用延長フラグ,Extension SoftBank 601HW [50GB],1,,,,,,,,*,sl/img001-ex.jpg,*,sl/img001-ex.jpg,,,,,,,,,,,,,,,,,,,,,,,0,1,en_sl_ex_008_bt,,1,,4410,4860,,5,,,,,,,,,,,,,,,,,"23,27","NEW extension,Extension SoftBank 601HW WHITE"
1666,10559,747,2214,No,8-[extension]9Days,2,カート用延長フラグ,Extension SoftBank 601HW [50GB],1,,,,,,,,*,sl/img001-ex.jpg,*,sl/img001-ex.jpg,,,,,,,,,,,,,,,,,,,,,,,0,1,en_sl_ex_008,,1,,4410,4410,,5,,,,,,,,,,,,,,,,,"23,27","NEW extension,Extension SoftBank 601HW WHITE"
1666,10560,748,2215,Yes,9-[extension]10Days,2,カート用延長フラグ,Extension SoftBank 601HW [50GB],1,,,,,,,,*,sl/img001-ex.jpg,*,sl/img001-ex.jpg,,,,,,,,,,,,,,,,,,,,,,,0,1,en_sl_ex_009_bt,,1,,4900,5400,,5,,,,,,,,,,,,,,,,,"23,27","NEW extension,Extension SoftBank 601HW WHITE"
1666,10561,747,2215,No,9-[extension]10Days,2,カート用延長フラグ,Extension SoftBank 601HW [50GB],1,,,,,,,,*,sl/img001-ex.jpg,*,sl/img001-ex.jpg,,,,,,,,,,,,,,,,,,,,,,,0,1,en_sl_ex_009,,1,,4900,4900,,5,,,,,,,,,,,,,,,,,"23,27","NEW extension,Extension SoftBank 601HW WHITE"
1666,10562,748,2216,Yes,10-[extension]11Days,2,カート用延長フラグ,Extension SoftBank 601HW [50GB],1,,,,,,,,*,sl/img001-ex.jpg,*,sl/img001-ex.jpg,,,,,,,,,,,,,,,,,,,,,,,0,1,en_sl_ex_010_bt,,1,,5390,5940,,5,,,,,,,,,,,,,,,,,"23,27","NEW extension,Extension SoftBank 601HW WHITE"
1666,10563,747,2216,No,10-[extension]11Days,2,カート用延長フラグ,Extension SoftBank 601HW [50GB],1,,,,,,,,*,sl/img001-ex.jpg,*,sl/img001-ex.jpg,,,,,,,,,,,,,,,,,,,,,,,0,1,en_sl_ex_010,,1,,5390,5390,,5,,,,,,,,,,,,,,,,,"23,27","NEW extension,Extension SoftBank 601HW WHITE"
1666,10564,748,2217,Yes,11-[extension]12Days,2,カート用延長フラグ,Extension SoftBank 601HW [50GB],1,,,,,,,,*,sl/img001-ex.jpg,*,sl/img001-ex.jpg,,,,,,,,,,,,,,,,,,,,,,,0,1,en_sl_ex_011_bt,,1,,5880,6480,,5,,,,,,,,,,,,,,,,,"23,27","NEW extension,Extension SoftBank 601HW WHITE"
1666,10565,747,2217,No,11-[extension]12Days,2,カート用延長フラグ,Extension SoftBank 601HW [50GB],1,,,,,,,,*,sl/img001-ex.jpg,*,sl/img001-ex.jpg,,,,,,,,,,,,,,,,,,,,,,,0,1,en_sl_ex_011,,1,,5880,5880,,5,,,,,,,,,,,,,,,,,"23,27","NEW extension,Extension SoftBank 601HW WHITE"
1666,10566,748,2218,Yes,12-[extension]13Days,2,カート用延長フラグ,Extension SoftBank 601HW [50GB],1,,,,,,,,*,sl/img001-ex.jpg,*,sl/img001-ex.jpg,,,,,,,,,,,,,,,,,,,,,,,0,1,en_sl_ex_012_bt,,1,,6370,7020,,5,,,,,,,,,,,,,,,,,"23,27","NEW extension,Extension SoftBank 601HW WHITE"
1666,10567,747,2218,No,12-[extension]13Days,2,カート用延長フラグ,Extension SoftBank 601HW [50GB],1,,,,,,,,*,sl/img001-ex.jpg,*,sl/img001-ex.jpg,,,,,,,,,,,,,,,,,,,,,,,0,1,en_sl_ex_012,,1,,6370,6370,,5,,,,,,,,,,,,,,,,,"23,27","NEW extension,Extension SoftBank 601HW WHITE"
1666,10568,748,2219,Yes,13-[extension]14Days,2,カート用延長フラグ,Extension SoftBank 601HW [50GB],1,,,,,,,,*,sl/img001-ex.jpg,*,sl/img001-ex.jpg,,,,,,,,,,,,,,,,,,,,,,,0,1,en_sl_ex_013_bt,,1,,6860,7560,,5,,,,,,,,,,,,,,,,,"23,27","NEW extension,Extension SoftBank 601HW WHITE"
1666,10569,747,2219,No,13-[extension]14Days,2,カート用延長フラグ,Extension SoftBank 601HW [50GB],1,,,,,,,,*,sl/img001-ex.jpg,*,sl/img001-ex.jpg,,,,,,,,,,,,,,,,,,,,,,,0,1,en_sl_ex_013,,1,,6860,6860,,5,,,,,,,,,,,,,,,,,"23,27","NEW extension,Extension SoftBank 601HW WHITE"
1666,10570,748,2220,Yes,14-[extension]15Days (Value Rental Pack: 1Month Pack),2,カート用延長フラグ,Extension SoftBank 601HW [50GB],1,,,,,,,,*,sl/img001-ex.jpg,*,sl/img001-ex.jpg,,,,,,,,,,,,,,,,,,,,,,,0,1,en_sl_ex_014_bt,,1,,7350,8100,,5,,,,,,,,,,,,,,,,,"23,27","NEW extension,Extension SoftBank 601HW WHITE"
1666,10571,747,2220,No,14-[extension]15Days (Value Rental Pack: 1Month Pack),2,カート用延長フラグ,Extension SoftBank 601HW [50GB],1,,,,,,,,*,sl/img001-ex.jpg,*,sl/img001-ex.jpg,,,,,,,,,,,,,,,,,,,,,,,0,1,en_sl_ex_014,,1,,7350,7350,,5,,,,,,,,,,,,,,,,,"23,27","NEW extension,Extension SoftBank 601HW WHITE"
1666,10572,748,2221,Yes,15-[extension]16Days (Value Rental Pack: 1Month Pack),2,カート用延長フラグ,Extension SoftBank 601HW [50GB],1,,,,,,,,*,sl/img001-ex.jpg,*,sl/img001-ex.jpg,,,,,,,,,,,,,,,,,,,,,,,0,1,en_sl_ex_014_bt,,1,,7350,8100,,5,,,,,,,,,,,,,,,,,"23,27","NEW extension,Extension SoftBank 601HW WHITE"
1666,10573,747,2221,No,15-[extension]16Days (Value Rental Pack: 1Month Pack),2,カート用延長フラグ,Extension SoftBank 601HW [50GB],1,,,,,,,,*,sl/img001-ex.jpg,*,sl/img001-ex.jpg,,,,,,,,,,,,,,,,,,,,,,,0,1,en_sl_ex_014,,1,,7350,7350,,5,,,,,,,,,,,,,,,,,"23,27","NEW extension,Extension SoftBank 601HW WHITE"
1666,10574,748,2222,Yes,16-[extension]17Days (Value Rental Pack: 1Month Pack),2,カート用延長フラグ,Extension SoftBank 601HW [50GB],1,,,,,,,,*,sl/img001-ex.jpg,*,sl/img001-ex.jpg,,,,,,,,,,,,,,,,,,,,,,,0,1,en_sl_ex_014_bt,,1,,7350,8100,,5,,,,,,,,,,,,,,,,,"23,27","NEW extension,Extension SoftBank 601HW WHITE"
1666,10575,747,2222,No,16-[extension]17Days (Value Rental Pack: 1Month Pack),2,カート用延長フラグ,Extension SoftBank 601HW [50GB],1,,,,,,,,*,sl/img001-ex.jpg,*,sl/img001-ex.jpg,,,,,,,,,,,,,,,,,,,,,,,0,1,en_sl_ex_014,,1,,7350,7350,,5,,,,,,,,,,,,,,,,,"23,27","NEW extension,Extension SoftBank 601HW WHITE"
1666,10576,748,2223,Yes,17-[extension]18Days (Value Rental Pack: 1Month Pack),2,カート用延長フラグ,Extension SoftBank 601HW [50GB],1,,,,,,,,*,sl/img001-ex.jpg,*,sl/img001-ex.jpg,,,,,,,,,,,,,,,,,,,,,,,0,1,en_sl_ex_014_bt,,1,,7350,8100,,5,,,,,,,,,,,,,,,,,"23,27","NEW extension,Extension SoftBank 601HW WHITE"
1666,10577,747,2223,No,17-[extension]18Days (Value Rental Pack: 1Month Pack),2,カート用延長フラグ,Extension SoftBank 601HW [50GB],1,,,,,,,,*,sl/img001-ex.jpg,*,sl/img001-ex.jpg,,,,,,,,,,,,,,,,,,,,,,,0,1,en_sl_ex_014,,1,,7350,7350,,5,,,,,,,,,,,,,,,,,"23,27","NEW extension,Extension SoftBank 601HW WHITE"
1666,10578,748,2224,Yes,18-[extension]19Days (Value Rental Pack: 1Month Pack),2,カート用延長フラグ,Extension SoftBank 601HW [50GB],1,,,,,,,,*,sl/img001-ex.jpg,*,sl/img001-ex.jpg,,,,,,,,,,,,,,,,,,,,,,,0,1,en_sl_ex_014_bt,,1,,7350,8100,,5,,,,,,,,,,,,,,,,,"23,27","NEW extension,Extension SoftBank 601HW WHITE"
1666,10579,747,2224,No,18-[extension]19Days (Value Rental Pack: 1Month Pack),2,カート用延長フラグ,Extension SoftBank 601HW [50GB],1,,,,,,,,*,sl/img001-ex.jpg,*,sl/img001-ex.jpg,,,,,,,,,,,,,,,,,,,,,,,0,1,en_sl_ex_014,,1,,7350,7350,,5,,,,,,,,,,,,,,,,,"23,27","NEW extension,Extension SoftBank 601HW WHITE"
1666,10580,748,2225,Yes,19-[extension]20Days (Value Rental Pack: 1Month Pack),2,カート用延長フラグ,Extension SoftBank 601HW [50GB],1,,,,,,,,*,sl/img001-ex.jpg,*,sl/img001-ex.jpg,,,,,,,,,,,,,,,,,,,,,,,0,1,en_sl_ex_014_bt,,1,,7350,8100,,5,,,,,,,,,,,,,,,,,"23,27","NEW extension,Extension SoftBank 601HW WHITE"
1666,10581,747,2225,No,19-[extension]20Days (Value Rental Pack: 1Month Pack),2,カート用延長フラグ,Extension SoftBank 601HW [50GB],1,,,,,,,,*,sl/img001-ex.jpg,*,sl/img001-ex.jpg,,,,,,,,,,,,,,,,,,,,,,,0,1,en_sl_ex_014,,1,,7350,7350,,5,,,,,,,,,,,,,,,,,"23,27","NEW extension,Extension SoftBank 601HW WHITE"
1666,10582,748,2226,Yes,20-[extension]21Days (Value Rental Pack: 1Month Pack),2,カート用延長フラグ,Extension SoftBank 601HW [50GB],1,,,,,,,,*,sl/img001-ex.jpg,*,sl/img001-ex.jpg,,,,,,,,,,,,,,,,,,,,,,,0,1,en_sl_ex_014_bt,,1,,7350,8100,,5,,,,,,,,,,,,,,,,,"23,27","NEW extension,Extension SoftBank 601HW WHITE"
1666,10583,747,2226,No,20-[extension]21Days (Value Rental Pack: 1Month Pack),2,カート用延長フラグ,Extension SoftBank 601HW [50GB],1,,,,,,,,*,sl/img001-ex.jpg,*,sl/img001-ex.jpg,,,,,,,,,,,,,,,,,,,,,,,0,1,en_sl_ex_014,,1,,7350,7350,,5,,,,,,,,,,,,,,,,,"23,27","NEW extension,Extension SoftBank 601HW WHITE"
1666,10584,748,2227,Yes,21-[extension]22Days (Value Rental Pack: 1Month Pack),2,カート用延長フラグ,Extension SoftBank 601HW [50GB],1,,,,,,,,*,sl/img001-ex.jpg,*,sl/img001-ex.jpg,,,,,,,,,,,,,,,,,,,,,,,0,1,en_sl_ex_014_bt,,1,,7350,8100,,5,,,,,,,,,,,,,,,,,"23,27","NEW extension,Extension SoftBank 601HW WHITE"
1666,10585,747,2227,No,21-[extension]22Days (Value Rental Pack: 1Month Pack),2,カート用延長フラグ,Extension SoftBank 601HW [50GB],1,,,,,,,,*,sl/img001-ex.jpg,*,sl/img001-ex.jpg,,,,,,,,,,,,,,,,,,,,,,,0,1,en_sl_ex_014,,1,,7350,7350,,5,,,,,,,,,,,,,,,,,"23,27","NEW extension,Extension SoftBank 601HW WHITE"
1666,10586,748,2228,Yes,22-[extension]23Days (Value Rental Pack: 1Month Pack),2,カート用延長フラグ,Extension SoftBank 601HW [50GB],1,,,,,,,,*,sl/img001-ex.jpg,*,sl/img001-ex.jpg,,,,,,,,,,,,,,,,,,,,,,,0,1,en_sl_ex_014_bt,,1,,7350,8100,,5,,,,,,,,,,,,,,,,,"23,27","NEW extension,Extension SoftBank 601HW WHITE"
1666,10587,747,2228,No,22-[extension]23Days (Value Rental Pack: 1Month Pack),2,カート用延長フラグ,Extension SoftBank 601HW [50GB],1,,,,,,,,*,sl/img001-ex.jpg,*,sl/img001-ex.jpg,,,,,,,,,,,,,,,,,,,,,,,0,1,en_sl_ex_014,,1,,7350,7350,,5,,,,,,,,,,,,,,,,,"23,27","NEW extension,Extension SoftBank 601HW WHITE"
1666,10588,748,2229,Yes,23-[extension]24Days (Value Rental Pack: 1Month Pack),2,カート用延長フラグ,Extension SoftBank 601HW [50GB],1,,,,,,,,*,sl/img001-ex.jpg,*,sl/img001-ex.jpg,,,,,,,,,,,,,,,,,,,,,,,0,1,en_sl_ex_014_bt,,1,,7350,8100,,5,,,,,,,,,,,,,,,,,"23,27","NEW extension,Extension SoftBank 601HW WHITE"
1666,10589,747,2229,No,23-[extension]24Days (Value Rental Pack: 1Month Pack),2,カート用延長フラグ,Extension SoftBank 601HW [50GB],1,,,,,,,,*,sl/img001-ex.jpg,*,sl/img001-ex.jpg,,,,,,,,,,,,,,,,,,,,,,,0,1,en_sl_ex_014,,1,,7350,7350,,5,,,,,,,,,,,,,,,,,"23,27","NEW extension,Extension SoftBank 601HW WHITE"
1666,10590,748,2230,Yes,24-[extension]25Days (Value Rental Pack: 1Month Pack),2,カート用延長フラグ,Extension SoftBank 601HW [50GB],1,,,,,,,,*,sl/img001-ex.jpg,*,sl/img001-ex.jpg,,,,,,,,,,,,,,,,,,,,,,,0,1,en_sl_ex_014_bt,,1,,7350,8100,,5,,,,,,,,,,,,,,,,,"23,27","NEW extension,Extension SoftBank 601HW WHITE"
1666,10591,747,2230,No,24-[extension]25Days (Value Rental Pack: 1Month Pack),2,カート用延長フラグ,Extension SoftBank 601HW [50GB],1,,,,,,,,*,sl/img001-ex.jpg,*,sl/img001-ex.jpg,,,,,,,,,,,,,,,,,,,,,,,0,1,en_sl_ex_014,,1,,7350,7350,,5,,,,,,,,,,,,,,,,,"23,27","NEW extension,Extension SoftBank 601HW WHITE"
1666,10592,748,2231,Yes,25-[extension]26Days (Value Rental Pack: 1Month Pack),2,カート用延長フラグ,Extension SoftBank 601HW [50GB],1,,,,,,,,*,sl/img001-ex.jpg,*,sl/img001-ex.jpg,,,,,,,,,,,,,,,,,,,,,,,0,1,en_sl_ex_014_bt,,1,,7350,8100,,5,,,,,,,,,,,,,,,,,"23,27","NEW extension,Extension SoftBank 601HW WHITE"
1666,10593,747,2231,No,25-[extension]26Days (Value Rental Pack: 1Month Pack),2,カート用延長フラグ,Extension SoftBank 601HW [50GB],1,,,,,,,,*,sl/img001-ex.jpg,*,sl/img001-ex.jpg,,,,,,,,,,,,,,,,,,,,,,,0,1,en_sl_ex_014,,1,,7350,7350,,5,,,,,,,,,,,,,,,,,"23,27","NEW extension,Extension SoftBank 601HW WHITE"
1666,10594,748,2232,Yes,26-[extension]27Days (Value Rental Pack: 1Month Pack),2,カート用延長フラグ,Extension SoftBank 601HW [50GB],1,,,,,,,,*,sl/img001-ex.jpg,*,sl/img001-ex.jpg,,,,,,,,,,,,,,,,,,,,,,,0,1,en_sl_ex_014_bt,,1,,7350,8100,,5,,,,,,,,,,,,,,,,,"23,27","NEW extension,Extension SoftBank 601HW WHITE"
1666,10595,747,2232,No,26-[extension]27Days (Value Rental Pack: 1Month Pack),2,カート用延長フラグ,Extension SoftBank 601HW [50GB],1,,,,,,,,*,sl/img001-ex.jpg,*,sl/img001-ex.jpg,,,,,,,,,,,,,,,,,,,,,,,0,1,en_sl_ex_014,,1,,7350,7350,,5,,,,,,,,,,,,,,,,,"23,27","NEW extension,Extension SoftBank 601HW WHITE"
1666,10596,748,2233,Yes,27-[extension]28Days (Value Rental Pack: 1Month Pack),2,カート用延長フラグ,Extension SoftBank 601HW [50GB],1,,,,,,,,*,sl/img001-ex.jpg,*,sl/img001-ex.jpg,,,,,,,,,,,,,,,,,,,,,,,0,1,en_sl_ex_014_bt,,1,,7350,8100,,5,,,,,,,,,,,,,,,,,"23,27","NEW extension,Extension SoftBank 601HW WHITE"
1666,10597,747,2233,No,27-[extension]28Days (Value Rental Pack: 1Month Pack),2,カート用延長フラグ,Extension SoftBank 601HW [50GB],1,,,,,,,,*,sl/img001-ex.jpg,*,sl/img001-ex.jpg,,,,,,,,,,,,,,,,,,,,,,,0,1,en_sl_ex_014,,1,,7350,7350,,5,,,,,,,,,,,,,,,,,"23,27","NEW extension,Extension SoftBank 601HW WHITE"
1666,10598,748,2234,Yes,28-[extension]29Days (Value Rental Pack: 1Month Pack),2,カート用延長フラグ,Extension SoftBank 601HW [50GB],1,,,,,,,,*,sl/img001-ex.jpg,*,sl/img001-ex.jpg,,,,,,,,,,,,,,,,,,,,,,,0,1,en_sl_ex_014_bt,,1,,7350,8100,,5,,,,,,,,,,,,,,,,,"23,27","NEW extension,Extension SoftBank 601HW WHITE"
1666,10599,747,2234,No,28-[extension]29Days (Value Rental Pack: 1Month Pack),2,カート用延長フラグ,Extension SoftBank 601HW [50GB],1,,,,,,,,*,sl/img001-ex.jpg,*,sl/img001-ex.jpg,,,,,,,,,,,,,,,,,,,,,,,0,1,en_sl_ex_014,,1,,7350,7350,,5,,,,,,,,,,,,,,,,,"23,27","NEW extension,Extension SoftBank 601HW WHITE"
1666,10600,748,2235,Yes,29-[extension]30Days (Value Rental Pack: 1Month Pack),2,カート用延長フラグ,Extension SoftBank 601HW [50GB],1,,,,,,,,*,sl/img001-ex.jpg,*,sl/img001-ex.jpg,,,,,,,,,,,,,,,,,,,,,,,0,1,en_sl_ex_014_bt,,1,,7350,8100,,5,,,,,,,,,,,,,,,,,"23,27","NEW extension,Extension SoftBank 601HW WHITE"
1666,10601,747,2235,No,29-[extension]30Days (Value Rental Pack: 1Month Pack),2,カート用延長フラグ,Extension SoftBank 601HW [50GB],1,,,,,,,,*,sl/img001-ex.jpg,*,sl/img001-ex.jpg,,,,,,,,,,,,,,,,,,,,,,,0,1,en_sl_ex_014,,1,,7350,7350,,5,,,,,,,,,,,,,,,,,"23,27","NEW extension,Extension SoftBank 601HW WHITE"
1666,10602,748,2236,Yes,30-[extension]31Days (Value Rental Pack: 1Month Pack),2,カート用延長フラグ,Extension SoftBank 601HW [50GB],1,,,,,,,,*,sl/img001-ex.jpg,*,sl/img001-ex.jpg,,,,,,,,,,,,,,,,,,,,,,,0,1,en_sl_ex_014_bt,,1,,7350,8100,,5,,,,,,,,,,,,,,,,,"23,27","NEW extension,Extension SoftBank 601HW WHITE"
1666,10603,747,2236,No,30-[extension]31Days (Value Rental Pack: 1Month Pack),2,カート用延長フラグ,Extension SoftBank 601HW [50GB],1,,,,,,,,*,sl/img001-ex.jpg,*,sl/img001-ex.jpg,,,,,,,,,,,,,,,,,,,,,,,0,1,en_sl_ex_014,,1,,7350,7350,,5,,,,,,,,,,,,,,,,,"23,27","NEW extension,Extension SoftBank 601HW WHITE"
1666,10604,748,2237,Yes,31-[extension]32Days (Value Rental Pack: 1Month Pack + 1Day),2,カート用延長フラグ,Extension SoftBank 601HW [50GB],1,,,,,,,,*,sl/img001-ex.jpg,*,sl/img001-ex.jpg,,,,,,,,,,,,,,,,,,,,,,,0,1,en_sl_ex_031_bt,,1,,7840,8640,,5,,,,,,,,,,,,,,,,,"23,27","NEW extension,Extension SoftBank 601HW WHITE"
1666,10605,747,2237,No,31-[extension]32Days (Value Rental Pack: 1Month Pack + 1Day),2,カート用延長フラグ,Extension SoftBank 601HW [50GB],1,,,,,,,,*,sl/img001-ex.jpg,*,sl/img001-ex.jpg,,,,,,,,,,,,,,,,,,,,,,,0,1,en_sl_ex_031,,1,,7840,7840,,5,,,,,,,,,,,,,,,,,"23,27","NEW extension,Extension SoftBank 601HW WHITE"
1666,10606,748,2238,Yes,32-[extension]33Days (Value Rental Pack: 1Month Pack + 2Days),2,カート用延長フラグ,Extension SoftBank 601HW [50GB],1,,,,,,,,*,sl/img001-ex.jpg,*,sl/img001-ex.jpg,,,,,,,,,,,,,,,,,,,,,,,0,1,en_sl_ex_032_bt,,1,,8330,9180,,5,,,,,,,,,,,,,,,,,"23,27","NEW extension,Extension SoftBank 601HW WHITE"
1666,10607,747,2238,No,32-[extension]33Days (Value Rental Pack: 1Month Pack + 2Days),2,カート用延長フラグ,Extension SoftBank 601HW [50GB],1,,,,,,,,*,sl/img001-ex.jpg,*,sl/img001-ex.jpg,,,,,,,,,,,,,,,,,,,,,,,0,1,en_sl_ex_032,,1,,8330,8330,,5,,,,,,,,,,,,,,,,,"23,27","NEW extension,Extension SoftBank 601HW WHITE"
1666,10608,748,2239,Yes,33-[extension]34Days (Value Rental Pack: 1Month Pack + 3Days),2,カート用延長フラグ,Extension SoftBank 601HW [50GB],1,,,,,,,,*,sl/img001-ex.jpg,*,sl/img001-ex.jpg,,,,,,,,,,,,,,,,,,,,,,,0,1,en_sl_ex_033_bt,,1,,8820,9720,,5,,,,,,,,,,,,,,,,,"23,27","NEW extension,Extension SoftBank 601HW WHITE"
1666,10609,747,2239,No,33-[extension]34Days (Value Rental Pack: 1Month Pack + 3Days),2,カート用延長フラグ,Extension SoftBank 601HW [50GB],1,,,,,,,,*,sl/img001-ex.jpg,*,sl/img001-ex.jpg,,,,,,,,,,,,,,,,,,,,,,,0,1,en_sl_ex_033,,1,,8820,8820,,5,,,,,,,,,,,,,,,,,"23,27","NEW extension,Extension SoftBank 601HW WHITE"
1666,10610,748,2240,Yes,34-[extension]35Days (Value Rental Pack: 1Month Pack + 4Days),2,カート用延長フラグ,Extension SoftBank 601HW [50GB],1,,,,,,,,*,sl/img001-ex.jpg,*,sl/img001-ex.jpg,,,,,,,,,,,,,,,,,,,,,,,0,1,en_sl_ex_034_bt,,1,,9310,10260,,5,,,,,,,,,,,,,,,,,"23,27","NEW extension,Extension SoftBank 601HW WHITE"
1666,10611,747,2240,No,34-[extension]35Days (Value Rental Pack: 1Month Pack + 4Days),2,カート用延長フラグ,Extension SoftBank 601HW [50GB],1,,,,,,,,*,sl/img001-ex.jpg,*,sl/img001-ex.jpg,,,,,,,,,,,,,,,,,,,,,,,0,1,en_sl_ex_034,,1,,9310,9310,,5,,,,,,,,,,,,,,,,,"23,27","NEW extension,Extension SoftBank 601HW WHITE"
1666,10612,748,2241,Yes,35-[extension]36Days (Value Rental Pack: 1Month Pack + 5Days),2,カート用延長フラグ,Extension SoftBank 601HW [50GB],1,,,,,,,,*,sl/img001-ex.jpg,*,sl/img001-ex.jpg,,,,,,,,,,,,,,,,,,,,,,,0,1,en_sl_ex_035_bt,,1,,9800,10800,,5,,,,,,,,,,,,,,,,,"23,27","NEW extension,Extension SoftBank 601HW WHITE"
1666,10613,747,2241,No,35-[extension]36Days (Value Rental Pack: 1Month Pack + 5Days),2,カート用延長フラグ,Extension SoftBank 601HW [50GB],1,,,,,,,,*,sl/img001-ex.jpg,*,sl/img001-ex.jpg,,,,,,,,,,,,,,,,,,,,,,,0,1,en_sl_ex_035,,1,,9800,9800,,5,,,,,,,,,,,,,,,,,"23,27","NEW extension,Extension SoftBank 601HW WHITE"
1666,10614,748,2242,Yes,36-[extension]37Days (Value Rental Pack: 1Month Pack + 6Days),2,カート用延長フラグ,Extension SoftBank 601HW [50GB],1,,,,,,,,*,sl/img001-ex.jpg,*,sl/img001-ex.jpg,,,,,,,,,,,,,,,,,,,,,,,0,1,en_sl_ex_036_bt,,1,,10290,11340,,5,,,,,,,,,,,,,,,,,"23,27","NEW extension,Extension SoftBank 601HW WHITE"
1666,10615,747,2242,No,36-[extension]37Days (Value Rental Pack: 1Month Pack + 6Days),2,カート用延長フラグ,Extension SoftBank 601HW [50GB],1,,,,,,,,*,sl/img001-ex.jpg,*,sl/img001-ex.jpg,,,,,,,,,,,,,,,,,,,,,,,0,1,en_sl_ex_036,,1,,10290,10290,,5,,,,,,,,,,,,,,,,,"23,27","NEW extension,Extension SoftBank 601HW WHITE"
1666,10616,748,2243,Yes,37-[extension]38Days (Value Rental Pack: 1Month Pack + 7Days),2,カート用延長フラグ,Extension SoftBank 601HW [50GB],1,,,,,,,,*,sl/img001-ex.jpg,*,sl/img001-ex.jpg,,,,,,,,,,,,,,,,,,,,,,,0,1,en_sl_ex_037_bt,,1,,10780,11830,,5,,,,,,,,,,,,,,,,,"23,27","NEW extension,Extension SoftBank 601HW WHITE"
1666,10617,747,2243,No,37-[extension]38Days (Value Rental Pack: 1Month Pack + 7Days),2,カート用延長フラグ,Extension SoftBank 601HW [50GB],1,,,,,,,,*,sl/img001-ex.jpg,*,sl/img001-ex.jpg,,,,,,,,,,,,,,,,,,,,,,,0,1,en_sl_ex_037,,1,,10780,10780,,5,,,,,,,,,,,,,,,,,"23,27","NEW extension,Extension SoftBank 601HW WHITE"
1666,10618,748,2244,Yes,38-[extension]39Days (Value Rental Pack: 1Month Pack + 8Days),2,カート用延長フラグ,Extension SoftBank 601HW [50GB],1,,,,,,,,*,sl/img001-ex.jpg,*,sl/img001-ex.jpg,,,,,,,,,,,,,,,,,,,,,,,0,1,en_sl_ex_038_bt,,1,,11270,12320,,5,,,,,,,,,,,,,,,,,"23,27","NEW extension,Extension SoftBank 601HW WHITE"
1666,10619,747,2244,No,38-[extension]39Days (Value Rental Pack: 1Month Pack + 8Days),2,カート用延長フラグ,Extension SoftBank 601HW [50GB],1,,,,,,,,*,sl/img001-ex.jpg,*,sl/img001-ex.jpg,,,,,,,,,,,,,,,,,,,,,,,0,1,en_sl_ex_038,,1,,11270,11270,,5,,,,,,,,,,,,,,,,,"23,27","NEW extension,Extension SoftBank 601HW WHITE"
1666,10620,748,2245,Yes,39-[extension]40Days (Value Rental Pack: 1Month Pack + 9Days),2,カート用延長フラグ,Extension SoftBank 601HW [50GB],1,,,,,,,,*,sl/img001-ex.jpg,*,sl/img001-ex.jpg,,,,,,,,,,,,,,,,,,,,,,,0,1,en_sl_ex_039_bt,,1,,11760,12810,,5,,,,,,,,,,,,,,,,,"23,27","NEW extension,Extension SoftBank 601HW WHITE"
1666,10621,747,2245,No,39-[extension]40Days (Value Rental Pack: 1Month Pack + 9Days),2,カート用延長フラグ,Extension SoftBank 601HW [50GB],1,,,,,,,,*,sl/img001-ex.jpg,*,sl/img001-ex.jpg,,,,,,,,,,,,,,,,,,,,,,,0,1,en_sl_ex_039,,1,,11760,11760,,5,,,,,,,,,,,,,,,,,"23,27","NEW extension,Extension SoftBank 601HW WHITE"
1666,10622,748,2246,Yes,40-[extension]41Days (Value Rental Pack: 1Month Pack + 10Days),2,カート用延長フラグ,Extension SoftBank 601HW [50GB],1,,,,,,,,*,sl/img001-ex.jpg,*,sl/img001-ex.jpg,,,,,,,,,,,,,,,,,,,,,,,0,1,en_sl_ex_040_bt,,1,,12250,13300,,5,,,,,,,,,,,,,,,,,"23,27","NEW extension,Extension SoftBank 601HW WHITE"
1666,10623,747,2246,No,40-[extension]41Days (Value Rental Pack: 1Month Pack + 10Days),2,カート用延長フラグ,Extension SoftBank 601HW [50GB],1,,,,,,,,*,sl/img001-ex.jpg,*,sl/img001-ex.jpg,,,,,,,,,,,,,,,,,,,,,,,0,1,en_sl_ex_040,,1,,12250,12250,,5,,,,,,,,,,,,,,,,,"23,27","NEW extension,Extension SoftBank 601HW WHITE"
1666,10624,748,2247,Yes,41-[extension]42Days (Value Rental Pack: 1Month Pack + 11Days),2,カート用延長フラグ,Extension SoftBank 601HW [50GB],1,,,,,,,,*,sl/img001-ex.jpg,*,sl/img001-ex.jpg,,,,,,,,,,,,,,,,,,,,,,,0,1,en_sl_ex_041_bt,,1,,12740,13790,,5,,,,,,,,,,,,,,,,,"23,27","NEW extension,Extension SoftBank 601HW WHITE"
1666,10625,747,2247,No,41-[extension]42Days (Value Rental Pack: 1Month Pack + 11Days),2,カート用延長フラグ,Extension SoftBank 601HW [50GB],1,,,,,,,,*,sl/img001-ex.jpg,*,sl/img001-ex.jpg,,,,,,,,,,,,,,,,,,,,,,,0,1,en_sl_ex_041,,1,,12740,12740,,5,,,,,,,,,,,,,,,,,"23,27","NEW extension,Extension SoftBank 601HW WHITE"
1666,10626,748,2248,Yes,42-[extension]43Days (Value Rental Pack: 2Months Pack),2,カート用延長フラグ,Extension SoftBank 601HW [50GB],1,,,,,,,,*,sl/img001-ex.jpg,*,sl/img001-ex.jpg,,,,,,,,,,,,,,,,,,,,,,,0,1,en_sl_ex_060_bt,,1,,13050,14100,,5,,,,,,,,,,,,,,,,,"23,27","NEW extension,Extension SoftBank 601HW WHITE"
1666,10627,747,2248,No,42-[extension]43Days (Value Rental Pack: 2Months Pack),2,カート用延長フラグ,Extension SoftBank 601HW [50GB],1,,,,,,,,*,sl/img001-ex.jpg,*,sl/img001-ex.jpg,,,,,,,,,,,,,,,,,,,,,,,0,1,en_sl_ex_060,,1,,13050,13050,,5,,,,,,,,,,,,,,,,,"23,27","NEW extension,Extension SoftBank 601HW WHITE"
1666,10628,748,2249,Yes,43-[extension]44Days (Value Rental Pack: 2Months Pack),2,カート用延長フラグ,Extension SoftBank 601HW [50GB],1,,,,,,,,*,sl/img001-ex.jpg,*,sl/img001-ex.jpg,,,,,,,,,,,,,,,,,,,,,,,0,1,en_sl_ex_060_bt,,1,,13050,14100,,5,,,,,,,,,,,,,,,,,"23,27","NEW extension,Extension SoftBank 601HW WHITE"
1666,10629,747,2249,No,43-[extension]44Days (Value Rental Pack: 2Months Pack),2,カート用延長フラグ,Extension SoftBank 601HW [50GB],1,,,,,,,,*,sl/img001-ex.jpg,*,sl/img001-ex.jpg,,,,,,,,,,,,,,,,,,,,,,,0,1,en_sl_ex_060,,1,,13050,13050,,5,,,,,,,,,,,,,,,,,"23,27","NEW extension,Extension SoftBank 601HW WHITE"
1666,10630,748,2250,Yes,44-[extension]45Days (Value Rental Pack: 2Months Pack),2,カート用延長フラグ,Extension SoftBank 601HW [50GB],1,,,,,,,,*,sl/img001-ex.jpg,*,sl/img001-ex.jpg,,,,,,,,,,,,,,,,,,,,,,,0,1,en_sl_ex_060_bt,,1,,13050,14100,,5,,,,,,,,,,,,,,,,,"23,27","NEW extension,Extension SoftBank 601HW WHITE"
1666,10631,747,2250,No,44-[extension]45Days (Value Rental Pack: 2Months Pack),2,カート用延長フラグ,Extension SoftBank 601HW [50GB],1,,,,,,,,*,sl/img001-ex.jpg,*,sl/img001-ex.jpg,,,,,,,,,,,,,,,,,,,,,,,0,1,en_sl_ex_060,,1,,13050,13050,,5,,,,,,,,,,,,,,,,,"23,27","NEW extension,Extension SoftBank 601HW WHITE"
1666,10632,748,2251,Yes,45-[extension]46Days (Value Rental Pack: 2Months Pack),2,カート用延長フラグ,Extension SoftBank 601HW [50GB],1,,,,,,,,*,sl/img001-ex.jpg,*,sl/img001-ex.jpg,,,,,,,,,,,,,,,,,,,,,,,0,1,en_sl_ex_060_bt,,1,,13050,14100,,5,,,,,,,,,,,,,,,,,"23,27","NEW extension,Extension SoftBank 601HW WHITE"
1666,10633,747,2251,No,45-[extension]46Days (Value Rental Pack: 2Months Pack),2,カート用延長フラグ,Extension SoftBank 601HW [50GB],1,,,,,,,,*,sl/img001-ex.jpg,*,sl/img001-ex.jpg,,,,,,,,,,,,,,,,,,,,,,,0,1,en_sl_ex_060,,1,,13050,13050,,5,,,,,,,,,,,,,,,,,"23,27","NEW extension,Extension SoftBank 601HW WHITE"
1666,10634,748,2252,Yes,46-[extension]47Days (Value Rental Pack: 2Months Pack),2,カート用延長フラグ,Extension SoftBank 601HW [50GB],1,,,,,,,,*,sl/img001-ex.jpg,*,sl/img001-ex.jpg,,,,,,,,,,,,,,,,,,,,,,,0,1,en_sl_ex_060_bt,,1,,13050,14100,,5,,,,,,,,,,,,,,,,,"23,27","NEW extension,Extension SoftBank 601HW WHITE"
1666,10635,747,2252,No,46-[extension]47Days (Value Rental Pack: 2Months Pack),2,カート用延長フラグ,Extension SoftBank 601HW [50GB],1,,,,,,,,*,sl/img001-ex.jpg,*,sl/img001-ex.jpg,,,,,,,,,,,,,,,,,,,,,,,0,1,en_sl_ex_060,,1,,13050,13050,,5,,,,,,,,,,,,,,,,,"23,27","NEW extension,Extension SoftBank 601HW WHITE"
1666,10636,748,2253,Yes,47-[extension]48Days (Value Rental Pack: 2Months Pack),2,カート用延長フラグ,Extension SoftBank 601HW [50GB],1,,,,,,,,*,sl/img001-ex.jpg,*,sl/img001-ex.jpg,,,,,,,,,,,,,,,,,,,,,,,0,1,en_sl_ex_060_bt,,1,,13050,14100,,5,,,,,,,,,,,,,,,,,"23,27","NEW extension,Extension SoftBank 601HW WHITE"
1666,10637,747,2253,No,47-[extension]48Days (Value Rental Pack: 2Months Pack),2,カート用延長フラグ,Extension SoftBank 601HW [50GB],1,,,,,,,,*,sl/img001-ex.jpg,*,sl/img001-ex.jpg,,,,,,,,,,,,,,,,,,,,,,,0,1,en_sl_ex_060,,1,,13050,13050,,5,,,,,,,,,,,,,,,,,"23,27","NEW extension,Extension SoftBank 601HW WHITE"
1666,10638,748,2254,Yes,48-[extension]49Days (Value Rental Pack: 2Months Pack),2,カート用延長フラグ,Extension SoftBank 601HW [50GB],1,,,,,,,,*,sl/img001-ex.jpg,*,sl/img001-ex.jpg,,,,,,,,,,,,,,,,,,,,,,,0,1,en_sl_ex_060_bt,,1,,13050,14100,,5,,,,,,,,,,,,,,,,,"23,27","NEW extension,Extension SoftBank 601HW WHITE"
1666,10639,747,2254,No,48-[extension]49Days (Value Rental Pack: 2Months Pack),2,カート用延長フラグ,Extension SoftBank 601HW [50GB],1,,,,,,,,*,sl/img001-ex.jpg,*,sl/img001-ex.jpg,,,,,,,,,,,,,,,,,,,,,,,0,1,en_sl_ex_060,,1,,13050,13050,,5,,,,,,,,,,,,,,,,,"23,27","NEW extension,Extension SoftBank 601HW WHITE"
1666,10640,748,2255,Yes,49-[extension]50Days (Value Rental Pack: 2Months Pack),2,カート用延長フラグ,Extension SoftBank 601HW [50GB],1,,,,,,,,*,sl/img001-ex.jpg,*,sl/img001-ex.jpg,,,,,,,,,,,,,,,,,,,,,,,0,1,en_sl_ex_060_bt,,1,,13050,14100,,5,,,,,,,,,,,,,,,,,"23,27","NEW extension,Extension SoftBank 601HW WHITE"
1666,10641,747,2255,No,49-[extension]50Days (Value Rental Pack: 2Months Pack),2,カート用延長フラグ,Extension SoftBank 601HW [50GB],1,,,,,,,,*,sl/img001-ex.jpg,*,sl/img001-ex.jpg,,,,,,,,,,,,,,,,,,,,,,,0,1,en_sl_ex_060,,1,,13050,13050,,5,,,,,,,,,,,,,,,,,"23,27","NEW extension,Extension SoftBank 601HW WHITE"
1666,10642,748,2256,Yes,50-[extension]51Days (Value Rental Pack: 2Months Pack),2,カート用延長フラグ,Extension SoftBank 601HW [50GB],1,,,,,,,,*,sl/img001-ex.jpg,*,sl/img001-ex.jpg,,,,,,,,,,,,,,,,,,,,,,,0,1,en_sl_ex_060_bt,,1,,13050,14100,,5,,,,,,,,,,,,,,,,,"23,27","NEW extension,Extension SoftBank 601HW WHITE"
1666,10643,747,2256,No,50-[extension]51Days (Value Rental Pack: 2Months Pack),2,カート用延長フラグ,Extension SoftBank 601HW [50GB],1,,,,,,,,*,sl/img001-ex.jpg,*,sl/img001-ex.jpg,,,,,,,,,,,,,,,,,,,,,,,0,1,en_sl_ex_060,,1,,13050,13050,,5,,,,,,,,,,,,,,,,,"23,27","NEW extension,Extension SoftBank 601HW WHITE"
1666,10644,748,2257,Yes,51-[extension]52Days (Value Rental Pack: 2Months Pack),2,カート用延長フラグ,Extension SoftBank 601HW [50GB],1,,,,,,,,*,sl/img001-ex.jpg,*,sl/img001-ex.jpg,,,,,,,,,,,,,,,,,,,,,,,0,1,en_sl_ex_060_bt,,1,,13050,14100,,5,,,,,,,,,,,,,,,,,"23,27","NEW extension,Extension SoftBank 601HW WHITE"
1666,10645,747,2257,No,51-[extension]52Days (Value Rental Pack: 2Months Pack),2,カート用延長フラグ,Extension SoftBank 601HW [50GB],1,,,,,,,,*,sl/img001-ex.jpg,*,sl/img001-ex.jpg,,,,,,,,,,,,,,,,,,,,,,,0,1,en_sl_ex_060,,1,,13050,13050,,5,,,,,,,,,,,,,,,,,"23,27","NEW extension,Extension SoftBank 601HW WHITE"
1666,10646,748,2258,Yes,52-[extension]53Days (Value Rental Pack: 2Months Pack),2,カート用延長フラグ,Extension SoftBank 601HW [50GB],1,,,,,,,,*,sl/img001-ex.jpg,*,sl/img001-ex.jpg,,,,,,,,,,,,,,,,,,,,,,,0,1,en_sl_ex_060_bt,,1,,13050,14100,,5,,,,,,,,,,,,,,,,,"23,27","NEW extension,Extension SoftBank 601HW WHITE"
1666,10647,747,2258,No,52-[extension]53Days (Value Rental Pack: 2Months Pack),2,カート用延長フラグ,Extension SoftBank 601HW [50GB],1,,,,,,,,*,sl/img001-ex.jpg,*,sl/img001-ex.jpg,,,,,,,,,,,,,,,,,,,,,,,0,1,en_sl_ex_060,,1,,13050,13050,,5,,,,,,,,,,,,,,,,,"23,27","NEW extension,Extension SoftBank 601HW WHITE"
1666,10648,748,2259,Yes,53-[extension]54Days (Value Rental Pack: 2Months Pack),2,カート用延長フラグ,Extension SoftBank 601HW [50GB],1,,,,,,,,*,sl/img001-ex.jpg,*,sl/img001-ex.jpg,,,,,,,,,,,,,,,,,,,,,,,0,1,en_sl_ex_060_bt,,1,,13050,14100,,5,,,,,,,,,,,,,,,,,"23,27","NEW extension,Extension SoftBank 601HW WHITE"
1666,10649,747,2259,No,53-[extension]54Days (Value Rental Pack: 2Months Pack),2,カート用延長フラグ,Extension SoftBank 601HW [50GB],1,,,,,,,,*,sl/img001-ex.jpg,*,sl/img001-ex.jpg,,,,,,,,,,,,,,,,,,,,,,,0,1,en_sl_ex_060,,1,,13050,13050,,5,,,,,,,,,,,,,,,,,"23,27","NEW extension,Extension SoftBank 601HW WHITE"
1666,10650,748,2260,Yes,54-[extension]55Days (Value Rental Pack: 2Months Pack),2,カート用延長フラグ,Extension SoftBank 601HW [50GB],1,,,,,,,,*,sl/img001-ex.jpg,*,sl/img001-ex.jpg,,,,,,,,,,,,,,,,,,,,,,,0,1,en_sl_ex_060_bt,,1,,13050,14100,,5,,,,,,,,,,,,,,,,,"23,27","NEW extension,Extension SoftBank 601HW WHITE"
1666,10651,747,2260,No,54-[extension]55Days (Value Rental Pack: 2Months Pack),2,カート用延長フラグ,Extension SoftBank 601HW [50GB],1,,,,,,,,*,sl/img001-ex.jpg,*,sl/img001-ex.jpg,,,,,,,,,,,,,,,,,,,,,,,0,1,en_sl_ex_060,,1,,13050,13050,,5,,,,,,,,,,,,,,,,,"23,27","NEW extension,Extension SoftBank 601HW WHITE"
1666,10652,748,2261,Yes,55-[extension]56Days (Value Rental Pack: 2Months Pack),2,カート用延長フラグ,Extension SoftBank 601HW [50GB],1,,,,,,,,*,sl/img001-ex.jpg,*,sl/img001-ex.jpg,,,,,,,,,,,,,,,,,,,,,,,0,1,en_sl_ex_060_bt,,1,,13050,14100,,5,,,,,,,,,,,,,,,,,"23,27","NEW extension,Extension SoftBank 601HW WHITE"
1666,10653,747,2261,No,55-[extension]56Days (Value Rental Pack: 2Months Pack),2,カート用延長フラグ,Extension SoftBank 601HW [50GB],1,,,,,,,,*,sl/img001-ex.jpg,*,sl/img001-ex.jpg,,,,,,,,,,,,,,,,,,,,,,,0,1,en_sl_ex_060,,1,,13050,13050,,5,,,,,,,,,,,,,,,,,"23,27","NEW extension,Extension SoftBank 601HW WHITE"
1666,10654,748,2262,Yes,56-[extension]57Days (Value Rental Pack: 2Months Pack),2,カート用延長フラグ,Extension SoftBank 601HW [50GB],1,,,,,,,,*,sl/img001-ex.jpg,*,sl/img001-ex.jpg,,,,,,,,,,,,,,,,,,,,,,,0,1,en_sl_ex_060_bt,,1,,13050,14100,,5,,,,,,,,,,,,,,,,,"23,27","NEW extension,Extension SoftBank 601HW WHITE"
1666,10655,747,2262,No,56-[extension]57Days (Value Rental Pack: 2Months Pack),2,カート用延長フラグ,Extension SoftBank 601HW [50GB],1,,,,,,,,*,sl/img001-ex.jpg,*,sl/img001-ex.jpg,,,,,,,,,,,,,,,,,,,,,,,0,1,en_sl_ex_060,,1,,13050,13050,,5,,,,,,,,,,,,,,,,,"23,27","NEW extension,Extension SoftBank 601HW WHITE"
1666,10656,748,2263,Yes,57-[extension]58Days (Value Rental Pack: 2Months Pack),2,カート用延長フラグ,Extension SoftBank 601HW [50GB],1,,,,,,,,*,sl/img001-ex.jpg,*,sl/img001-ex.jpg,,,,,,,,,,,,,,,,,,,,,,,0,1,en_sl_ex_060_bt,,1,,13050,14100,,5,,,,,,,,,,,,,,,,,"23,27","NEW extension,Extension SoftBank 601HW WHITE"
1666,10657,747,2263,No,57-[extension]58Days (Value Rental Pack: 2Months Pack),2,カート用延長フラグ,Extension SoftBank 601HW [50GB],1,,,,,,,,*,sl/img001-ex.jpg,*,sl/img001-ex.jpg,,,,,,,,,,,,,,,,,,,,,,,0,1,en_sl_ex_060,,1,,13050,13050,,5,,,,,,,,,,,,,,,,,"23,27","NEW extension,Extension SoftBank 601HW WHITE"
1666,10658,748,2264,Yes,58-[extension]59Days (Value Rental Pack: 2Months Pack),2,カート用延長フラグ,Extension SoftBank 601HW [50GB],1,,,,,,,,*,sl/img001-ex.jpg,*,sl/img001-ex.jpg,,,,,,,,,,,,,,,,,,,,,,,0,1,en_sl_ex_060_bt,,1,,13050,14100,,5,,,,,,,,,,,,,,,,,"23,27","NEW extension,Extension SoftBank 601HW WHITE"
1666,10659,747,2264,No,58-[extension]59Days (Value Rental Pack: 2Months Pack),2,カート用延長フラグ,Extension SoftBank 601HW [50GB],1,,,,,,,,*,sl/img001-ex.jpg,*,sl/img001-ex.jpg,,,,,,,,,,,,,,,,,,,,,,,0,1,en_sl_ex_060,,1,,13050,13050,,5,,,,,,,,,,,,,,,,,"23,27","NEW extension,Extension SoftBank 601HW WHITE"
1666,10660,748,2265,Yes,59-[extension]60Days (Value Rental Pack: 2Months Pack),2,カート用延長フラグ,Extension SoftBank 601HW [50GB],1,,,,,,,,*,sl/img001-ex.jpg,*,sl/img001-ex.jpg,,,,,,,,,,,,,,,,,,,,,,,0,1,en_sl_ex_060_bt,,1,,13050,14100,,5,,,,,,,,,,,,,,,,,"23,27","NEW extension,Extension SoftBank 601HW WHITE"
1666,10661,747,2265,No,59-[extension]60Days (Value Rental Pack: 2Months Pack),2,カート用延長フラグ,Extension SoftBank 601HW [50GB],1,,,,,,,,*,sl/img001-ex.jpg,*,sl/img001-ex.jpg,,,,,,,,,,,,,,,,,,,,,,,0,1,en_sl_ex_060,,1,,13050,13050,,5,,,,,,,,,,,,,,,,,"23,27","NEW extension,Extension SoftBank 601HW WHITE"
1666,10662,748,2266,Yes,60-[extension]61Days (Value Rental Pack: 2Months Pack),2,カート用延長フラグ,Extension SoftBank 601HW [50GB],1,,,,,,,,*,sl/img001-ex.jpg,*,sl/img001-ex.jpg,,,,,,,,,,,,,,,,,,,,,,,0,1,en_sl_ex_060_bt,,1,,13050,14100,,5,,,,,,,,,,,,,,,,,"23,27","NEW extension,Extension SoftBank 601HW WHITE"
1666,10663,747,2266,No,60-[extension]61Days (Value Rental Pack: 2Months Pack),2,カート用延長フラグ,Extension SoftBank 601HW [50GB],1,,,,,,,,*,sl/img001-ex.jpg,*,sl/img001-ex.jpg,,,,,,,,,,,,,,,,,,,,,,,0,1,en_sl_ex_060,,1,,13050,13050,,5,,,,,,,,,,,,,,,,,"23,27","NEW extension,Extension SoftBank 601HW WHITE"
1666,10664,748,2267,Yes,61-[extension]62Days (Value Rental Pack: 2Months Pack + 1Day),2,カート用延長フラグ,Extension SoftBank 601HW [50GB],1,,,,,,,,*,sl/img001-ex.jpg,*,sl/img001-ex.jpg,,,,,,,,,,,,,,,,,,,,,,,0,1,en_sl_ex_061_bt,,1,,13540,14640,,5,,,,,,,,,,,,,,,,,"23,27","NEW extension,Extension SoftBank 601HW WHITE"
1666,10665,747,2267,No,61-[extension]62Days (Value Rental Pack: 2Months Pack + 1Day),2,カート用延長フラグ,Extension SoftBank 601HW [50GB],1,,,,,,,,*,sl/img001-ex.jpg,*,sl/img001-ex.jpg,,,,,,,,,,,,,,,,,,,,,,,0,1,en_sl_ex_061,,1,,13540,13540,,5,,,,,,,,,,,,,,,,,"23,27","NEW extension,Extension SoftBank 601HW WHITE"
1666,10666,748,2268,Yes,62-[extension]63Days (Value Rental Pack: 2Months Pack + 2Days),2,カート用延長フラグ,Extension SoftBank 601HW [50GB],1,,,,,,,,*,sl/img001-ex.jpg,*,sl/img001-ex.jpg,,,,,,,,,,,,,,,,,,,,,,,0,1,en_sl_ex_062_bt,,1,,14030,15180,,5,,,,,,,,,,,,,,,,,"23,27","NEW extension,Extension SoftBank 601HW WHITE"
1666,10667,747,2268,No,62-[extension]63Days (Value Rental Pack: 2Months Pack + 2Days),2,カート用延長フラグ,Extension SoftBank 601HW [50GB],1,,,,,,,,*,sl/img001-ex.jpg,*,sl/img001-ex.jpg,,,,,,,,,,,,,,,,,,,,,,,0,1,en_sl_ex_062,,1,,14030,14030,,5,,,,,,,,,,,,,,,,,"23,27","NEW extension,Extension SoftBank 601HW WHITE"
1666,10668,748,2269,Yes,63-[extension]64Days (Value Rental Pack: 2Months Pack + 3Days),2,カート用延長フラグ,Extension SoftBank 601HW [50GB],1,,,,,,,,*,sl/img001-ex.jpg,*,sl/img001-ex.jpg,,,,,,,,,,,,,,,,,,,,,,,0,1,en_sl_ex_063_bt,,1,,14520,15720,,5,,,,,,,,,,,,,,,,,"23,27","NEW extension,Extension SoftBank 601HW WHITE"
1666,10669,747,2269,No,63-[extension]64Days (Value Rental Pack: 2Months Pack + 3Days),2,カート用延長フラグ,Extension SoftBank 601HW [50GB],1,,,,,,,,*,sl/img001-ex.jpg,*,sl/img001-ex.jpg,,,,,,,,,,,,,,,,,,,,,,,0,1,en_sl_ex_063,,1,,14520,14520,,5,,,,,,,,,,,,,,,,,"23,27","NEW extension,Extension SoftBank 601HW WHITE"
1666,10670,748,2270,Yes,64-[extension]65Days (Value Rental Pack: 2Months Pack + 4Days),2,カート用延長フラグ,Extension SoftBank 601HW [50GB],1,,,,,,,,*,sl/img001-ex.jpg,*,sl/img001-ex.jpg,,,,,,,,,,,,,,,,,,,,,,,0,1,en_sl_ex_064_bt,,1,,15010,16260,,5,,,,,,,,,,,,,,,,,"23,27","NEW extension,Extension SoftBank 601HW WHITE"
1666,10671,747,2270,No,64-[extension]65Days (Value Rental Pack: 2Months Pack + 4Days),2,カート用延長フラグ,Extension SoftBank 601HW [50GB],1,,,,,,,,*,sl/img001-ex.jpg,*,sl/img001-ex.jpg,,,,,,,,,,,,,,,,,,,,,,,0,1,en_sl_ex_064,,1,,15010,15010,,5,,,,,,,,,,,,,,,,,"23,27","NEW extension,Extension SoftBank 601HW WHITE"
1666,10672,748,2271,Yes,65-[extension]66Days (Value Rental Pack: 2Months Pack + 5Days),2,カート用延長フラグ,Extension SoftBank 601HW [50GB],1,,,,,,,,*,sl/img001-ex.jpg,*,sl/img001-ex.jpg,,,,,,,,,,,,,,,,,,,,,,,0,1,en_sl_ex_065_bt,,1,,15500,16800,,5,,,,,,,,,,,,,,,,,"23,27","NEW extension,Extension SoftBank 601HW WHITE"
1666,10673,747,2271,No,65-[extension]66Days (Value Rental Pack: 2Months Pack + 5Days),2,カート用延長フラグ,Extension SoftBank 601HW [50GB],1,,,,,,,,*,sl/img001-ex.jpg,*,sl/img001-ex.jpg,,,,,,,,,,,,,,,,,,,,,,,0,1,en_sl_ex_065,,1,,15500,15500,,5,,,,,,,,,,,,,,,,,"23,27","NEW extension,Extension SoftBank 601HW WHITE"
1666,10674,748,2272,Yes,66-[extension]67Days (Value Rental Pack: 2Months Pack + 6Days),2,カート用延長フラグ,Extension SoftBank 601HW [50GB],1,,,,,,,,*,sl/img001-ex.jpg,*,sl/img001-ex.jpg,,,,,,,,,,,,,,,,,,,,,,,0,1,en_sl_ex_066_bt,,1,,15990,17340,,5,,,,,,,,,,,,,,,,,"23,27","NEW extension,Extension SoftBank 601HW WHITE"
1666,10675,747,2272,No,66-[extension]67Days (Value Rental Pack: 2Months Pack + 6Days),2,カート用延長フラグ,Extension SoftBank 601HW [50GB],1,,,,,,,,*,sl/img001-ex.jpg,*,sl/img001-ex.jpg,,,,,,,,,,,,,,,,,,,,,,,0,1,en_sl_ex_066,,1,,15990,15990,,5,,,,,,,,,,,,,,,,,"23,27","NEW extension,Extension SoftBank 601HW WHITE"
1666,10676,748,2273,Yes,67-[extension]68Days (Value Rental Pack: 2Months Pack + 7Days),2,カート用延長フラグ,Extension SoftBank 601HW [50GB],1,,,,,,,,*,sl/img001-ex.jpg,*,sl/img001-ex.jpg,,,,,,,,,,,,,,,,,,,,,,,0,1,en_sl_ex_067_bt,,1,,16480,17830,,5,,,,,,,,,,,,,,,,,"23,27","NEW extension,Extension SoftBank 601HW WHITE"
1666,10677,747,2273,No,67-[extension]68Days (Value Rental Pack: 2Months Pack + 7Days),2,カート用延長フラグ,Extension SoftBank 601HW [50GB],1,,,,,,,,*,sl/img001-ex.jpg,*,sl/img001-ex.jpg,,,,,,,,,,,,,,,,,,,,,,,0,1,en_sl_ex_067,,1,,16480,16480,,5,,,,,,,,,,,,,,,,,"23,27","NEW extension,Extension SoftBank 601HW WHITE"
1666,10678,748,2274,Yes,68-[extension]69Days (Value Rental Pack: 2Months Pack + 8Days),2,カート用延長フラグ,Extension SoftBank 601HW [50GB],1,,,,,,,,*,sl/img001-ex.jpg,*,sl/img001-ex.jpg,,,,,,,,,,,,,,,,,,,,,,,0,1,en_sl_ex_068_bt,,1,,16970,18320,,5,,,,,,,,,,,,,,,,,"23,27","NEW extension,Extension SoftBank 601HW WHITE"
1666,10679,747,2274,No,68-[extension]69Days (Value Rental Pack: 2Months Pack + 8Days),2,カート用延長フラグ,Extension SoftBank 601HW [50GB],1,,,,,,,,*,sl/img001-ex.jpg,*,sl/img001-ex.jpg,,,,,,,,,,,,,,,,,,,,,,,0,1,en_sl_ex_068,,1,,16970,16970,,5,,,,,,,,,,,,,,,,,"23,27","NEW extension,Extension SoftBank 601HW WHITE"
1666,10680,748,2275,Yes,69-[extension]70Days (Value Rental Pack: 2Months Pack + 9Days),2,カート用延長フラグ,Extension SoftBank 601HW [50GB],1,,,,,,,,*,sl/img001-ex.jpg,*,sl/img001-ex.jpg,,,,,,,,,,,,,,,,,,,,,,,0,1,en_sl_ex_069_bt,,1,,17460,18810,,5,,,,,,,,,,,,,,,,,"23,27","NEW extension,Extension SoftBank 601HW WHITE"
1666,10681,747,2275,No,69-[extension]70Days (Value Rental Pack: 2Months Pack + 9Days),2,カート用延長フラグ,Extension SoftBank 601HW [50GB],1,,,,,,,,*,sl/img001-ex.jpg,*,sl/img001-ex.jpg,,,,,,,,,,,,,,,,,,,,,,,0,1,en_sl_ex_069,,1,,17460,17460,,5,,,,,,,,,,,,,,,,,"23,27","NEW extension,Extension SoftBank 601HW WHITE"
1666,10682,748,2276,Yes,70-[extension]71Days (Value Rental Pack: 2Months Pack + 10Days),2,カート用延長フラグ,Extension SoftBank 601HW [50GB],1,,,,,,,,*,sl/img001-ex.jpg,*,sl/img001-ex.jpg,,,,,,,,,,,,,,,,,,,,,,,0,1,en_sl_ex_070_bt,,1,,17950,19300,,5,,,,,,,,,,,,,,,,,"23,27","NEW extension,Extension SoftBank 601HW WHITE"
1666,10683,747,2276,No,70-[extension]71Days (Value Rental Pack: 2Months Pack + 10Days),2,カート用延長フラグ,Extension SoftBank 601HW [50GB],1,,,,,,,,*,sl/img001-ex.jpg,*,sl/img001-ex.jpg,,,,,,,,,,,,,,,,,,,,,,,0,1,en_sl_ex_070,,1,,17950,17950,,5,,,,,,,,,,,,,,,,,"23,27","NEW extension,Extension SoftBank 601HW WHITE"
1666,10684,748,2277,Yes,71-[extension]72Days (Value Rental Pack: 3Months Pack),2,カート用延長フラグ,Extension SoftBank 601HW [50GB],1,,,,,,,,*,sl/img001-ex.jpg,*,sl/img001-ex.jpg,,,,,,,,,,,,,,,,,,,,,,,0,1,en_sl_ex_090_bt,,1,,18300,19650,,5,,,,,,,,,,,,,,,,,"23,27","NEW extension,Extension SoftBank 601HW WHITE"
1666,10685,747,2277,No,71-[extension]72Days (Value Rental Pack: 3Months Pack),2,カート用延長フラグ,Extension SoftBank 601HW [50GB],1,,,,,,,,*,sl/img001-ex.jpg,*,sl/img001-ex.jpg,,,,,,,,,,,,,,,,,,,,,,,0,1,en_sl_ex_090,,1,,18300,18300,,5,,,,,,,,,,,,,,,,,"23,27","NEW extension,Extension SoftBank 601HW WHITE"
1666,10686,748,2278,Yes,72-[extension]73Days (Value Rental Pack: 3Months Pack),2,カート用延長フラグ,Extension SoftBank 601HW [50GB],1,,,,,,,,*,sl/img001-ex.jpg,*,sl/img001-ex.jpg,,,,,,,,,,,,,,,,,,,,,,,0,1,en_sl_ex_090_bt,,1,,18300,19650,,5,,,,,,,,,,,,,,,,,"23,27","NEW extension,Extension SoftBank 601HW WHITE"
1666,10687,747,2278,No,72-[extension]73Days (Value Rental Pack: 3Months Pack),2,カート用延長フラグ,Extension SoftBank 601HW [50GB],1,,,,,,,,*,sl/img001-ex.jpg,*,sl/img001-ex.jpg,,,,,,,,,,,,,,,,,,,,,,,0,1,en_sl_ex_090,,1,,18300,18300,,5,,,,,,,,,,,,,,,,,"23,27","NEW extension,Extension SoftBank 601HW WHITE"
1666,10688,748,2279,Yes,73-[extension]74Days (Value Rental Pack: 3Months Pack),2,カート用延長フラグ,Extension SoftBank 601HW [50GB],1,,,,,,,,*,sl/img001-ex.jpg,*,sl/img001-ex.jpg,,,,,,,,,,,,,,,,,,,,,,,0,1,en_sl_ex_090_bt,,1,,18300,19650,,5,,,,,,,,,,,,,,,,,"23,27","NEW extension,Extension SoftBank 601HW WHITE"
1666,10689,747,2279,No,73-[extension]74Days (Value Rental Pack: 3Months Pack),2,カート用延長フラグ,Extension SoftBank 601HW [50GB],1,,,,,,,,*,sl/img001-ex.jpg,*,sl/img001-ex.jpg,,,,,,,,,,,,,,,,,,,,,,,0,1,en_sl_ex_090,,1,,18300,18300,,5,,,,,,,,,,,,,,,,,"23,27","NEW extension,Extension SoftBank 601HW WHITE"
1666,10690,748,2280,Yes,74-[extension]75Days (Value Rental Pack: 3Months Pack),2,カート用延長フラグ,Extension SoftBank 601HW [50GB],1,,,,,,,,*,sl/img001-ex.jpg,*,sl/img001-ex.jpg,,,,,,,,,,,,,,,,,,,,,,,0,1,en_sl_ex_090_bt,,1,,18300,19650,,5,,,,,,,,,,,,,,,,,"23,27","NEW extension,Extension SoftBank 601HW WHITE"
1666,10691,747,2280,No,74-[extension]75Days (Value Rental Pack: 3Months Pack),2,カート用延長フラグ,Extension SoftBank 601HW [50GB],1,,,,,,,,*,sl/img001-ex.jpg,*,sl/img001-ex.jpg,,,,,,,,,,,,,,,,,,,,,,,0,1,en_sl_ex_090,,1,,18300,18300,,5,,,,,,,,,,,,,,,,,"23,27","NEW extension,Extension SoftBank 601HW WHITE"
1666,10692,748,2281,Yes,75-[extension]76Days (Value Rental Pack: 3Months Pack),2,カート用延長フラグ,Extension SoftBank 601HW [50GB],1,,,,,,,,*,sl/img001-ex.jpg,*,sl/img001-ex.jpg,,,,,,,,,,,,,,,,,,,,,,,0,1,en_sl_ex_090_bt,,1,,18300,19650,,5,,,,,,,,,,,,,,,,,"23,27","NEW extension,Extension SoftBank 601HW WHITE"
1666,10693,747,2281,No,75-[extension]76Days (Value Rental Pack: 3Months Pack),2,カート用延長フラグ,Extension SoftBank 601HW [50GB],1,,,,,,,,*,sl/img001-ex.jpg,*,sl/img001-ex.jpg,,,,,,,,,,,,,,,,,,,,,,,0,1,en_sl_ex_090,,1,,18300,18300,,5,,,,,,,,,,,,,,,,,"23,27","NEW extension,Extension SoftBank 601HW WHITE"
1666,10694,748,2282,Yes,76-[extension]77Days (Value Rental Pack: 3Months Pack),2,カート用延長フラグ,Extension SoftBank 601HW [50GB],1,,,,,,,,*,sl/img001-ex.jpg,*,sl/img001-ex.jpg,,,,,,,,,,,,,,,,,,,,,,,0,1,en_sl_ex_090_bt,,1,,18300,19650,,5,,,,,,,,,,,,,,,,,"23,27","NEW extension,Extension SoftBank 601HW WHITE"
1666,10695,747,2282,No,76-[extension]77Days (Value Rental Pack: 3Months Pack),2,カート用延長フラグ,Extension SoftBank 601HW [50GB],1,,,,,,,,*,sl/img001-ex.jpg,*,sl/img001-ex.jpg,,,,,,,,,,,,,,,,,,,,,,,0,1,en_sl_ex_090,,1,,18300,18300,,5,,,,,,,,,,,,,,,,,"23,27","NEW extension,Extension SoftBank 601HW WHITE"
1666,10696,748,2283,Yes,77-[extension]78Days (Value Rental Pack: 3Months Pack),2,カート用延長フラグ,Extension SoftBank 601HW [50GB],1,,,,,,,,*,sl/img001-ex.jpg,*,sl/img001-ex.jpg,,,,,,,,,,,,,,,,,,,,,,,0,1,en_sl_ex_090_bt,,1,,18300,19650,,5,,,,,,,,,,,,,,,,,"23,27","NEW extension,Extension SoftBank 601HW WHITE"
1666,10697,747,2283,No,77-[extension]78Days (Value Rental Pack: 3Months Pack),2,カート用延長フラグ,Extension SoftBank 601HW [50GB],1,,,,,,,,*,sl/img001-ex.jpg,*,sl/img001-ex.jpg,,,,,,,,,,,,,,,,,,,,,,,0,1,en_sl_ex_090,,1,,18300,18300,,5,,,,,,,,,,,,,,,,,"23,27","NEW extension,Extension SoftBank 601HW WHITE"
1666,10698,748,2284,Yes,78-[extension]79Days (Value Rental Pack: 3Months Pack),2,カート用延長フラグ,Extension SoftBank 601HW [50GB],1,,,,,,,,*,sl/img001-ex.jpg,*,sl/img001-ex.jpg,,,,,,,,,,,,,,,,,,,,,,,0,1,en_sl_ex_090_bt,,1,,18300,19650,,5,,,,,,,,,,,,,,,,,"23,27","NEW extension,Extension SoftBank 601HW WHITE"
1666,10699,747,2284,No,78-[extension]79Days (Value Rental Pack: 3Months Pack),2,カート用延長フラグ,Extension SoftBank 601HW [50GB],1,,,,,,,,*,sl/img001-ex.jpg,*,sl/img001-ex.jpg,,,,,,,,,,,,,,,,,,,,,,,0,1,en_sl_ex_090,,1,,18300,18300,,5,,,,,,,,,,,,,,,,,"23,27","NEW extension,Extension SoftBank 601HW WHITE"
1666,10700,748,2285,Yes,79-[extension]80Days (Value Rental Pack: 3Months Pack),2,カート用延長フラグ,Extension SoftBank 601HW [50GB],1,,,,,,,,*,sl/img001-ex.jpg,*,sl/img001-ex.jpg,,,,,,,,,,,,,,,,,,,,,,,0,1,en_sl_ex_090_bt,,1,,18300,19650,,5,,,,,,,,,,,,,,,,,"23,27","NEW extension,Extension SoftBank 601HW WHITE"
1666,10701,747,2285,No,79-[extension]80Days (Value Rental Pack: 3Months Pack),2,カート用延長フラグ,Extension SoftBank 601HW [50GB],1,,,,,,,,*,sl/img001-ex.jpg,*,sl/img001-ex.jpg,,,,,,,,,,,,,,,,,,,,,,,0,1,en_sl_ex_090,,1,,18300,18300,,5,,,,,,,,,,,,,,,,,"23,27","NEW extension,Extension SoftBank 601HW WHITE"
1666,10702,748,2286,Yes,80-[extension]81Days (Value Rental Pack: 3Months Pack),2,カート用延長フラグ,Extension SoftBank 601HW [50GB],1,,,,,,,,*,sl/img001-ex.jpg,*,sl/img001-ex.jpg,,,,,,,,,,,,,,,,,,,,,,,0,1,en_sl_ex_090_bt,,1,,18300,19650,,5,,,,,,,,,,,,,,,,,"23,27","NEW extension,Extension SoftBank 601HW WHITE"
1666,10703,747,2286,No,80-[extension]81Days (Value Rental Pack: 3Months Pack),2,カート用延長フラグ,Extension SoftBank 601HW [50GB],1,,,,,,,,*,sl/img001-ex.jpg,*,sl/img001-ex.jpg,,,,,,,,,,,,,,,,,,,,,,,0,1,en_sl_ex_090,,1,,18300,18300,,5,,,,,,,,,,,,,,,,,"23,27","NEW extension,Extension SoftBank 601HW WHITE"
1666,10704,748,2287,Yes,81-[extension]82Days (Value Rental Pack: 3Months Pack),2,カート用延長フラグ,Extension SoftBank 601HW [50GB],1,,,,,,,,*,sl/img001-ex.jpg,*,sl/img001-ex.jpg,,,,,,,,,,,,,,,,,,,,,,,0,1,en_sl_ex_090_bt,,1,,18300,19650,,5,,,,,,,,,,,,,,,,,"23,27","NEW extension,Extension SoftBank 601HW WHITE"
1666,10705,747,2287,No,81-[extension]82Days (Value Rental Pack: 3Months Pack),2,カート用延長フラグ,Extension SoftBank 601HW [50GB],1,,,,,,,,*,sl/img001-ex.jpg,*,sl/img001-ex.jpg,,,,,,,,,,,,,,,,,,,,,,,0,1,en_sl_ex_090,,1,,18300,18300,,5,,,,,,,,,,,,,,,,,"23,27","NEW extension,Extension SoftBank 601HW WHITE"
1666,10706,748,2288,Yes,82-[extension]83Days (Value Rental Pack: 3Months Pack),2,カート用延長フラグ,Extension SoftBank 601HW [50GB],1,,,,,,,,*,sl/img001-ex.jpg,*,sl/img001-ex.jpg,,,,,,,,,,,,,,,,,,,,,,,0,1,en_sl_ex_090_bt,,1,,18300,19650,,5,,,,,,,,,,,,,,,,,"23,27","NEW extension,Extension SoftBank 601HW WHITE"
1666,10707,747,2288,No,82-[extension]83Days (Value Rental Pack: 3Months Pack),2,カート用延長フラグ,Extension SoftBank 601HW [50GB],1,,,,,,,,*,sl/img001-ex.jpg,*,sl/img001-ex.jpg,,,,,,,,,,,,,,,,,,,,,,,0,1,en_sl_ex_090,,1,,18300,18300,,5,,,,,,,,,,,,,,,,,"23,27","NEW extension,Extension SoftBank 601HW WHITE"
1666,10708,748,2289,Yes,83-[extension]84Days (Value Rental Pack: 3Months Pack),2,カート用延長フラグ,Extension SoftBank 601HW [50GB],1,,,,,,,,*,sl/img001-ex.jpg,*,sl/img001-ex.jpg,,,,,,,,,,,,,,,,,,,,,,,0,1,en_sl_ex_090_bt,,1,,18300,19650,,5,,,,,,,,,,,,,,,,,"23,27","NEW extension,Extension SoftBank 601HW WHITE"
1666,10709,747,2289,No,83-[extension]84Days (Value Rental Pack: 3Months Pack),2,カート用延長フラグ,Extension SoftBank 601HW [50GB],1,,,,,,,,*,sl/img001-ex.jpg,*,sl/img001-ex.jpg,,,,,,,,,,,,,,,,,,,,,,,0,1,en_sl_ex_090,,1,,18300,18300,,5,,,,,,,,,,,,,,,,,"23,27","NEW extension,Extension SoftBank 601HW WHITE"
1666,10710,748,2290,Yes,84-[extension]85Days (Value Rental Pack: 3Months Pack),2,カート用延長フラグ,Extension SoftBank 601HW [50GB],1,,,,,,,,*,sl/img001-ex.jpg,*,sl/img001-ex.jpg,,,,,,,,,,,,,,,,,,,,,,,0,1,en_sl_ex_090_bt,,1,,18300,19650,,5,,,,,,,,,,,,,,,,,"23,27","NEW extension,Extension SoftBank 601HW WHITE"
1666,10711,747,2290,No,84-[extension]85Days (Value Rental Pack: 3Months Pack),2,カート用延長フラグ,Extension SoftBank 601HW [50GB],1,,,,,,,,*,sl/img001-ex.jpg,*,sl/img001-ex.jpg,,,,,,,,,,,,,,,,,,,,,,,0,1,en_sl_ex_090,,1,,18300,18300,,5,,,,,,,,,,,,,,,,,"23,27","NEW extension,Extension SoftBank 601HW WHITE"
1666,10712,748,2291,Yes,85-[extension]86Days (Value Rental Pack: 3Months Pack),2,カート用延長フラグ,Extension SoftBank 601HW [50GB],1,,,,,,,,*,sl/img001-ex.jpg,*,sl/img001-ex.jpg,,,,,,,,,,,,,,,,,,,,,,,0,1,en_sl_ex_090_bt,,1,,18300,19650,,5,,,,,,,,,,,,,,,,,"23,27","NEW extension,Extension SoftBank 601HW WHITE"
1666,10713,747,2291,No,85-[extension]86Days (Value Rental Pack: 3Months Pack),2,カート用延長フラグ,Extension SoftBank 601HW [50GB],1,,,,,,,,*,sl/img001-ex.jpg,*,sl/img001-ex.jpg,,,,,,,,,,,,,,,,,,,,,,,0,1,en_sl_ex_090,,1,,18300,18300,,5,,,,,,,,,,,,,,,,,"23,27","NEW extension,Extension SoftBank 601HW WHITE"
1666,10714,748,2292,Yes,86-[extension]87Days (Value Rental Pack: 3Months Pack),2,カート用延長フラグ,Extension SoftBank 601HW [50GB],1,,,,,,,,*,sl/img001-ex.jpg,*,sl/img001-ex.jpg,,,,,,,,,,,,,,,,,,,,,,,0,1,en_sl_ex_090_bt,,1,,18300,19650,,5,,,,,,,,,,,,,,,,,"23,27","NEW extension,Extension SoftBank 601HW WHITE"
1666,10715,747,2292,No,86-[extension]87Days (Value Rental Pack: 3Months Pack),2,カート用延長フラグ,Extension SoftBank 601HW [50GB],1,,,,,,,,*,sl/img001-ex.jpg,*,sl/img001-ex.jpg,,,,,,,,,,,,,,,,,,,,,,,0,1,en_sl_ex_090,,1,,18300,18300,,5,,,,,,,,,,,,,,,,,"23,27","NEW extension,Extension SoftBank 601HW WHITE"
1666,10716,748,2293,Yes,87-[extension]88Days (Value Rental Pack: 3Months Pack),2,カート用延長フラグ,Extension SoftBank 601HW [50GB],1,,,,,,,,*,sl/img001-ex.jpg,*,sl/img001-ex.jpg,,,,,,,,,,,,,,,,,,,,,,,0,1,en_sl_ex_090_bt,,1,,18300,19650,,5,,,,,,,,,,,,,,,,,"23,27","NEW extension,Extension SoftBank 601HW WHITE"
1666,10717,747,2293,No,87-[extension]88Days (Value Rental Pack: 3Months Pack),2,カート用延長フラグ,Extension SoftBank 601HW [50GB],1,,,,,,,,*,sl/img001-ex.jpg,*,sl/img001-ex.jpg,,,,,,,,,,,,,,,,,,,,,,,0,1,en_sl_ex_090,,1,,18300,18300,,5,,,,,,,,,,,,,,,,,"23,27","NEW extension,Extension SoftBank 601HW WHITE"
1666,10718,748,2294,Yes,88-[extension]89Days (Value Rental Pack: 3Months Pack),2,カート用延長フラグ,Extension SoftBank 601HW [50GB],1,,,,,,,,*,sl/img001-ex.jpg,*,sl/img001-ex.jpg,,,,,,,,,,,,,,,,,,,,,,,0,1,en_sl_ex_090_bt,,1,,18300,19650,,5,,,,,,,,,,,,,,,,,"23,27","NEW extension,Extension SoftBank 601HW WHITE"
1666,10719,747,2294,No,88-[extension]89Days (Value Rental Pack: 3Months Pack),2,カート用延長フラグ,Extension SoftBank 601HW [50GB],1,,,,,,,,*,sl/img001-ex.jpg,*,sl/img001-ex.jpg,,,,,,,,,,,,,,,,,,,,,,,0,1,en_sl_ex_090,,1,,18300,18300,,5,,,,,,,,,,,,,,,,,"23,27","NEW extension,Extension SoftBank 601HW WHITE"
1666,10720,748,2295,Yes,89-[extension]90Days (Value Rental Pack: 3Months Pack),2,カート用延長フラグ,Extension SoftBank 601HW [50GB],1,,,,,,,,*,sl/img001-ex.jpg,*,sl/img001-ex.jpg,,,,,,,,,,,,,,,,,,,,,,,0,1,en_sl_ex_090_bt,,1,,18300,19650,,5,,,,,,,,,,,,,,,,,"23,27","NEW extension,Extension SoftBank 601HW WHITE"
1666,10721,747,2295,No,89-[extension]90Days (Value Rental Pack: 3Months Pack),2,カート用延長フラグ,Extension SoftBank 601HW [50GB],1,,,,,,,,*,sl/img001-ex.jpg,*,sl/img001-ex.jpg,,,,,,,,,,,,,,,,,,,,,,,0,1,en_sl_ex_090,,1,,18300,18300,,5,,,,,,,,,,,,,,,,,"23,27","NEW extension,Extension SoftBank 601HW WHITE"
1666,10722,748,2296,Yes,90-[extension]91Days (Value Rental Pack: 3Months Pack),2,カート用延長フラグ,Extension SoftBank 601HW [50GB],1,,,,,,,,*,sl/img001-ex.jpg,*,sl/img001-ex.jpg,,,,,,,,,,,,,,,,,,,,,,,0,1,en_sl_ex_090_bt,,1,,18300,19650,,5,,,,,,,,,,,,,,,,,"23,27","NEW extension,Extension SoftBank 601HW WHITE"
1666,10723,747,2296,No,90-[extension]91Days (Value Rental Pack: 3Months Pack),2,カート用延長フラグ,Extension SoftBank 601HW [50GB],1,,,,,,,,*,sl/img001-ex.jpg,*,sl/img001-ex.jpg,,,,,,,,,,,,,,,,,,,,,,,0,1,en_sl_ex_090,,1,,18300,18300,,5,,,,,,,,,,,,,,,,,"23,27","NEW extension,Extension SoftBank 601HW WHITE"
1666,10724,748,2297,Yes,91-[extension]92Days (Value Rental Pack: 3Months Pack + 1Day),2,カート用延長フラグ,Extension SoftBank 601HW [50GB],1,,,,,,,,*,sl/img001-ex.jpg,*,sl/img001-ex.jpg,,,,,,,,,,,,,,,,,,,,,,,0,1,en_sl_ex_091_bt,,1,,18790,20190,,5,,,,,,,,,,,,,,,,,"23,27","NEW extension,Extension SoftBank 601HW WHITE"
1666,10725,747,2297,No,91-[extension]92Days (Value Rental Pack: 3Months Pack + 1Day),2,カート用延長フラグ,Extension SoftBank 601HW [50GB],1,,,,,,,,*,sl/img001-ex.jpg,*,sl/img001-ex.jpg,,,,,,,,,,,,,,,,,,,,,,,0,1,en_sl_ex_091,,1,,18790,18790,,5,,,,,,,,,,,,,,,,,"23,27","NEW extension,Extension SoftBank 601HW WHITE"
1666,10726,748,2298,Yes,92-[extension]93Days (Value Rental Pack: 3Months Pack + 2Days),2,カート用延長フラグ,Extension SoftBank 601HW [50GB],1,,,,,,,,*,sl/img001-ex.jpg,*,sl/img001-ex.jpg,,,,,,,,,,,,,,,,,,,,,,,0,1,en_sl_ex_092_bt,,1,,19280,20730,,5,,,,,,,,,,,,,,,,,"23,27","NEW extension,Extension SoftBank 601HW WHITE"
1666,10727,747,2298,No,92-[extension]93Days (Value Rental Pack: 3Months Pack + 2Days),2,カート用延長フラグ,Extension SoftBank 601HW [50GB],1,,,,,,,,*,sl/img001-ex.jpg,*,sl/img001-ex.jpg,,,,,,,,,,,,,,,,,,,,,,,0,1,en_sl_ex_092,,1,,19280,19280,,5,,,,,,,,,,,,,,,,,"23,27","NEW extension,Extension SoftBank 601HW WHITE"
1666,10728,748,2299,Yes,93-[extension]94Days (Value Rental Pack: 3Months Pack + 3Days),2,カート用延長フラグ,Extension SoftBank 601HW [50GB],1,,,,,,,,*,sl/img001-ex.jpg,*,sl/img001-ex.jpg,,,,,,,,,,,,,,,,,,,,,,,0,1,en_sl_ex_093_bt,,1,,19770,21270,,5,,,,,,,,,,,,,,,,,"23,27","NEW extension,Extension SoftBank 601HW WHITE"
1666,10729,747,2299,No,93-[extension]94Days (Value Rental Pack: 3Months Pack + 3Days),2,カート用延長フラグ,Extension SoftBank 601HW [50GB],1,,,,,,,,*,sl/img001-ex.jpg,*,sl/img001-ex.jpg,,,,,,,,,,,,,,,,,,,,,,,0,1,en_sl_ex_093,,1,,19770,19770,,5,,,,,,,,,,,,,,,,,"23,27","NEW extension,Extension SoftBank 601HW WHITE"
1666,10730,748,2300,Yes,94-[extension]95Days (Value Rental Pack: 3Months Pack + 4Days),2,カート用延長フラグ,Extension SoftBank 601HW [50GB],1,,,,,,,,*,sl/img001-ex.jpg,*,sl/img001-ex.jpg,,,,,,,,,,,,,,,,,,,,,,,0,1,en_sl_ex_094_bt,,1,,20260,21810,,5,,,,,,,,,,,,,,,,,"23,27","NEW extension,Extension SoftBank 601HW WHITE"
1666,10731,747,2300,No,94-[extension]95Days (Value Rental Pack: 3Months Pack + 4Days),2,カート用延長フラグ,Extension SoftBank 601HW [50GB],1,,,,,,,,*,sl/img001-ex.jpg,*,sl/img001-ex.jpg,,,,,,,,,,,,,,,,,,,,,,,0,1,en_sl_ex_094,,1,,20260,20260,,5,,,,,,,,,,,,,,,,,"23,27","NEW extension,Extension SoftBank 601HW WHITE"
1666,10732,748,2301,Yes,95-[extension]96Days (Value Rental Pack: 3Months Pack + 5Days),2,カート用延長フラグ,Extension SoftBank 601HW [50GB],1,,,,,,,,*,sl/img001-ex.jpg,*,sl/img001-ex.jpg,,,,,,,,,,,,,,,,,,,,,,,0,1,en_sl_ex_095_bt,,1,,20750,22350,,5,,,,,,,,,,,,,,,,,"23,27","NEW extension,Extension SoftBank 601HW WHITE"
1666,10733,747,2301,No,95-[extension]96Days (Value Rental Pack: 3Months Pack + 5Days),2,カート用延長フラグ,Extension SoftBank 601HW [50GB],1,,,,,,,,*,sl/img001-ex.jpg,*,sl/img001-ex.jpg,,,,,,,,,,,,,,,,,,,,,,,0,1,en_sl_ex_095,,1,,20750,20750,,5,,,,,,,,,,,,,,,,,"23,27","NEW extension,Extension SoftBank 601HW WHITE"
1666,10734,748,2302,Yes,96-[extension]97Days (Value Rental Pack: 3Months Pack + 6Days),2,カート用延長フラグ,Extension SoftBank 601HW [50GB],1,,,,,,,,*,sl/img001-ex.jpg,*,sl/img001-ex.jpg,,,,,,,,,,,,,,,,,,,,,,,0,1,en_sl_ex_096_bt,,1,,21240,22890,,5,,,,,,,,,,,,,,,,,"23,27","NEW extension,Extension SoftBank 601HW WHITE"
1666,10735,747,2302,No,96-[extension]97Days (Value Rental Pack: 3Months Pack + 6Days),2,カート用延長フラグ,Extension SoftBank 601HW [50GB],1,,,,,,,,*,sl/img001-ex.jpg,*,sl/img001-ex.jpg,,,,,,,,,,,,,,,,,,,,,,,0,1,en_sl_ex_096,,1,,21240,21240,,5,,,,,,,,,,,,,,,,,"23,27","NEW extension,Extension SoftBank 601HW WHITE"
1666,10736,748,2303,Yes,97-[extension]98Days (Value Rental Pack: 3Months Pack + 7Days),2,カート用延長フラグ,Extension SoftBank 601HW [50GB],1,,,,,,,,*,sl/img001-ex.jpg,*,sl/img001-ex.jpg,,,,,,,,,,,,,,,,,,,,,,,0,1,en_sl_ex_097_bt,,1,,21730,23380,,5,,,,,,,,,,,,,,,,,"23,27","NEW extension,Extension SoftBank 601HW WHITE"
1666,10737,747,2303,No,97-[extension]98Days (Value Rental Pack: 3Months Pack + 7Days),2,カート用延長フラグ,Extension SoftBank 601HW [50GB],1,,,,,,,,*,sl/img001-ex.jpg,*,sl/img001-ex.jpg,,,,,,,,,,,,,,,,,,,,,,,0,1,en_sl_ex_097,,1,,21730,21730,,5,,,,,,,,,,,,,,,,,"23,27","NEW extension,Extension SoftBank 601HW WHITE"
1666,10738,748,2304,Yes,98-[extension]99Days (Value Rental Pack: 3Months Pack + 8Days),2,カート用延長フラグ,Extension SoftBank 601HW [50GB],1,,,,,,,,*,sl/img001-ex.jpg,*,sl/img001-ex.jpg,,,,,,,,,,,,,,,,,,,,,,,0,1,en_sl_ex_098_bt,,1,,22220,23870,,5,,,,,,,,,,,,,,,,,"23,27","NEW extension,Extension SoftBank 601HW WHITE"
1666,10739,747,2304,No,98-[extension]99Days (Value Rental Pack: 3Months Pack + 8Days),2,カート用延長フラグ,Extension SoftBank 601HW [50GB],1,,,,,,,,*,sl/img001-ex.jpg,*,sl/img001-ex.jpg,,,,,,,,,,,,,,,,,,,,,,,0,1,en_sl_ex_098,,1,,22220,22220,,5,,,,,,,,,,,,,,,,,"23,27","NEW extension,Extension SoftBank 601HW WHITE"
1666,10740,748,2305,Yes,99-[extension]100Days (Value Rental Pack: 3Months Pack + 9Days),2,カート用延長フラグ,Extension SoftBank 601HW [50GB],1,,,,,,,,*,sl/img001-ex.jpg,*,sl/img001-ex.jpg,,,,,,,,,,,,,,,,,,,,,,,0,1,en_sl_ex_099_bt,,1,,22710,24360,,5,,,,,,,,,,,,,,,,,"23,27","NEW extension,Extension SoftBank 601HW WHITE"
1666,10741,747,2305,No,99-[extension]100Days (Value Rental Pack: 3Months Pack + 9Days),2,カート用延長フラグ,Extension SoftBank 601HW [50GB],1,,,,,,,,*,sl/img001-ex.jpg,*,sl/img001-ex.jpg,,,,,,,,,,,,,,,,,,,,,,,0,1,en_sl_ex_099,,1,,22710,22710,,5,,,,,,,,,,,,,,,,,"23,27","NEW extension,Extension SoftBank 601HW WHITE"
1666,10742,748,2306,Yes,100-[extension]101Days (Value Rental Pack: 4Months Pack),2,カート用延長フラグ,Extension SoftBank 601HW [50GB],1,,,,,,,,*,sl/img001-ex.jpg,*,sl/img001-ex.jpg,,,,,,,,,,,,,,,,,,,,,,,0,1,en_sl_ex_120_bt,,1,,23000,24650,,5,,,,,,,,,,,,,,,,,"23,27","NEW extension,Extension SoftBank 601HW WHITE"
1666,10743,747,2306,No,100-[extension]101Days (Value Rental Pack: 4Months Pack),2,カート用延長フラグ,Extension SoftBank 601HW [50GB],1,,,,,,,,*,sl/img001-ex.jpg,*,sl/img001-ex.jpg,,,,,,,,,,,,,,,,,,,,,,,0,1,en_sl_ex_120,,1,,23000,23000,,5,,,,,,,,,,,,,,,,,"23,27","NEW extension,Extension SoftBank 601HW WHITE"
1666,10744,748,2307,Yes,101-[extension]102Days (Value Rental Pack: 4Months Pack),2,カート用延長フラグ,Extension SoftBank 601HW [50GB],1,,,,,,,,*,sl/img001-ex.jpg,*,sl/img001-ex.jpg,,,,,,,,,,,,,,,,,,,,,,,0,1,en_sl_ex_120_bt,,1,,23000,24650,,5,,,,,,,,,,,,,,,,,"23,27","NEW extension,Extension SoftBank 601HW WHITE"
1666,10745,747,2307,No,101-[extension]102Days (Value Rental Pack: 4Months Pack),2,カート用延長フラグ,Extension SoftBank 601HW [50GB],1,,,,,,,,*,sl/img001-ex.jpg,*,sl/img001-ex.jpg,,,,,,,,,,,,,,,,,,,,,,,0,1,en_sl_ex_120,,1,,23000,23000,,5,,,,,,,,,,,,,,,,,"23,27","NEW extension,Extension SoftBank 601HW WHITE"
1666,10746,748,2308,Yes,102-[extension]103Days (Value Rental Pack: 4Months Pack),2,カート用延長フラグ,Extension SoftBank 601HW [50GB],1,,,,,,,,*,sl/img001-ex.jpg,*,sl/img001-ex.jpg,,,,,,,,,,,,,,,,,,,,,,,0,1,en_sl_ex_120_bt,,1,,23000,24650,,5,,,,,,,,,,,,,,,,,"23,27","NEW extension,Extension SoftBank 601HW WHITE"
1666,10747,747,2308,No,102-[extension]103Days (Value Rental Pack: 4Months Pack),2,カート用延長フラグ,Extension SoftBank 601HW [50GB],1,,,,,,,,*,sl/img001-ex.jpg,*,sl/img001-ex.jpg,,,,,,,,,,,,,,,,,,,,,,,0,1,en_sl_ex_120,,1,,23000,23000,,5,,,,,,,,,,,,,,,,,"23,27","NEW extension,Extension SoftBank 601HW WHITE"
1666,10748,748,2309,Yes,103-[extension]104Days (Value Rental Pack: 4Months Pack),2,カート用延長フラグ,Extension SoftBank 601HW [50GB],1,,,,,,,,*,sl/img001-ex.jpg,*,sl/img001-ex.jpg,,,,,,,,,,,,,,,,,,,,,,,0,1,en_sl_ex_120_bt,,1,,23000,24650,,5,,,,,,,,,,,,,,,,,"23,27","NEW extension,Extension SoftBank 601HW WHITE"
1666,10749,747,2309,No,103-[extension]104Days (Value Rental Pack: 4Months Pack),2,カート用延長フラグ,Extension SoftBank 601HW [50GB],1,,,,,,,,*,sl/img001-ex.jpg,*,sl/img001-ex.jpg,,,,,,,,,,,,,,,,,,,,,,,0,1,en_sl_ex_120,,1,,23000,23000,,5,,,,,,,,,,,,,,,,,"23,27","NEW extension,Extension SoftBank 601HW WHITE"
1666,10750,748,2310,Yes,104-[extension]105Days (Value Rental Pack: 4Months Pack),2,カート用延長フラグ,Extension SoftBank 601HW [50GB],1,,,,,,,,*,sl/img001-ex.jpg,*,sl/img001-ex.jpg,,,,,,,,,,,,,,,,,,,,,,,0,1,en_sl_ex_120_bt,,1,,23000,24650,,5,,,,,,,,,,,,,,,,,"23,27","NEW extension,Extension SoftBank 601HW WHITE"
1666,10751,747,2310,No,104-[extension]105Days (Value Rental Pack: 4Months Pack),2,カート用延長フラグ,Extension SoftBank 601HW [50GB],1,,,,,,,,*,sl/img001-ex.jpg,*,sl/img001-ex.jpg,,,,,,,,,,,,,,,,,,,,,,,0,1,en_sl_ex_120,,1,,23000,23000,,5,,,,,,,,,,,,,,,,,"23,27","NEW extension,Extension SoftBank 601HW WHITE"
1666,10752,748,2311,Yes,105-[extension]106Days (Value Rental Pack: 4Months Pack),2,カート用延長フラグ,Extension SoftBank 601HW [50GB],1,,,,,,,,*,sl/img001-ex.jpg,*,sl/img001-ex.jpg,,,,,,,,,,,,,,,,,,,,,,,0,1,en_sl_ex_120_bt,,1,,23000,24650,,5,,,,,,,,,,,,,,,,,"23,27","NEW extension,Extension SoftBank 601HW WHITE"
1666,10753,747,2311,No,105-[extension]106Days (Value Rental Pack: 4Months Pack),2,カート用延長フラグ,Extension SoftBank 601HW [50GB],1,,,,,,,,*,sl/img001-ex.jpg,*,sl/img001-ex.jpg,,,,,,,,,,,,,,,,,,,,,,,0,1,en_sl_ex_120,,1,,23000,23000,,5,,,,,,,,,,,,,,,,,"23,27","NEW extension,Extension SoftBank 601HW WHITE"
1666,10754,748,2312,Yes,106-[extension]107Days (Value Rental Pack: 4Months Pack),2,カート用延長フラグ,Extension SoftBank 601HW [50GB],1,,,,,,,,*,sl/img001-ex.jpg,*,sl/img001-ex.jpg,,,,,,,,,,,,,,,,,,,,,,,0,1,en_sl_ex_120_bt,,1,,23000,24650,,5,,,,,,,,,,,,,,,,,"23,27","NEW extension,Extension SoftBank 601HW WHITE"
1666,10755,747,2312,No,106-[extension]107Days (Value Rental Pack: 4Months Pack),2,カート用延長フラグ,Extension SoftBank 601HW [50GB],1,,,,,,,,*,sl/img001-ex.jpg,*,sl/img001-ex.jpg,,,,,,,,,,,,,,,,,,,,,,,0,1,en_sl_ex_120,,1,,23000,23000,,5,,,,,,,,,,,,,,,,,"23,27","NEW extension,Extension SoftBank 601HW WHITE"
1666,10756,748,2313,Yes,107-[extension]108Days (Value Rental Pack: 4Months Pack),2,カート用延長フラグ,Extension SoftBank 601HW [50GB],1,,,,,,,,*,sl/img001-ex.jpg,*,sl/img001-ex.jpg,,,,,,,,,,,,,,,,,,,,,,,0,1,en_sl_ex_120_bt,,1,,23000,24650,,5,,,,,,,,,,,,,,,,,"23,27","NEW extension,Extension SoftBank 601HW WHITE"
1666,10757,747,2313,No,107-[extension]108Days (Value Rental Pack: 4Months Pack),2,カート用延長フラグ,Extension SoftBank 601HW [50GB],1,,,,,,,,*,sl/img001-ex.jpg,*,sl/img001-ex.jpg,,,,,,,,,,,,,,,,,,,,,,,0,1,en_sl_ex_120,,1,,23000,23000,,5,,,,,,,,,,,,,,,,,"23,27","NEW extension,Extension SoftBank 601HW WHITE"
1666,10758,748,2314,Yes,108-[extension]109Days (Value Rental Pack: 4Months Pack),2,カート用延長フラグ,Extension SoftBank 601HW [50GB],1,,,,,,,,*,sl/img001-ex.jpg,*,sl/img001-ex.jpg,,,,,,,,,,,,,,,,,,,,,,,0,1,en_sl_ex_120_bt,,1,,23000,24650,,5,,,,,,,,,,,,,,,,,"23,27","NEW extension,Extension SoftBank 601HW WHITE"
1666,10759,747,2314,No,108-[extension]109Days (Value Rental Pack: 4Months Pack),2,カート用延長フラグ,Extension SoftBank 601HW [50GB],1,,,,,,,,*,sl/img001-ex.jpg,*,sl/img001-ex.jpg,,,,,,,,,,,,,,,,,,,,,,,0,1,en_sl_ex_120,,1,,23000,23000,,5,,,,,,,,,,,,,,,,,"23,27","NEW extension,Extension SoftBank 601HW WHITE"
1666,10760,748,2315,Yes,109-[extension]110Days (Value Rental Pack: 4Months Pack),2,カート用延長フラグ,Extension SoftBank 601HW [50GB],1,,,,,,,,*,sl/img001-ex.jpg,*,sl/img001-ex.jpg,,,,,,,,,,,,,,,,,,,,,,,0,1,en_sl_ex_120_bt,,1,,23000,24650,,5,,,,,,,,,,,,,,,,,"23,27","NEW extension,Extension SoftBank 601HW WHITE"
1666,10761,747,2315,No,109-[extension]110Days (Value Rental Pack: 4Months Pack),2,カート用延長フラグ,Extension SoftBank 601HW [50GB],1,,,,,,,,*,sl/img001-ex.jpg,*,sl/img001-ex.jpg,,,,,,,,,,,,,,,,,,,,,,,0,1,en_sl_ex_120,,1,,23000,23000,,5,,,,,,,,,,,,,,,,,"23,27","NEW extension,Extension SoftBank 601HW WHITE"
1666,10762,748,2316,Yes,110-[extension]111Days (Value Rental Pack: 4Months Pack),2,カート用延長フラグ,Extension SoftBank 601HW [50GB],1,,,,,,,,*,sl/img001-ex.jpg,*,sl/img001-ex.jpg,,,,,,,,,,,,,,,,,,,,,,,0,1,en_sl_ex_120_bt,,1,,23000,24650,,5,,,,,,,,,,,,,,,,,"23,27","NEW extension,Extension SoftBank 601HW WHITE"
1666,10763,747,2316,No,110-[extension]111Days (Value Rental Pack: 4Months Pack),2,カート用延長フラグ,Extension SoftBank 601HW [50GB],1,,,,,,,,*,sl/img001-ex.jpg,*,sl/img001-ex.jpg,,,,,,,,,,,,,,,,,,,,,,,0,1,en_sl_ex_120,,1,,23000,23000,,5,,,,,,,,,,,,,,,,,"23,27","NEW extension,Extension SoftBank 601HW WHITE"
1666,10764,748,2317,Yes,111-[extension]112Days (Value Rental Pack: 4Months Pack),2,カート用延長フラグ,Extension SoftBank 601HW [50GB],1,,,,,,,,*,sl/img001-ex.jpg,*,sl/img001-ex.jpg,,,,,,,,,,,,,,,,,,,,,,,0,1,en_sl_ex_120_bt,,1,,23000,24650,,5,,,,,,,,,,,,,,,,,"23,27","NEW extension,Extension SoftBank 601HW WHITE"
1666,10765,747,2317,No,111-[extension]112Days (Value Rental Pack: 4Months Pack),2,カート用延長フラグ,Extension SoftBank 601HW [50GB],1,,,,,,,,*,sl/img001-ex.jpg,*,sl/img001-ex.jpg,,,,,,,,,,,,,,,,,,,,,,,0,1,en_sl_ex_120,,1,,23000,23000,,5,,,,,,,,,,,,,,,,,"23,27","NEW extension,Extension SoftBank 601HW WHITE"
1666,10766,748,2318,Yes,112-[extension]113Days (Value Rental Pack: 4Months Pack),2,カート用延長フラグ,Extension SoftBank 601HW [50GB],1,,,,,,,,*,sl/img001-ex.jpg,*,sl/img001-ex.jpg,,,,,,,,,,,,,,,,,,,,,,,0,1,en_sl_ex_120_bt,,1,,23000,24650,,5,,,,,,,,,,,,,,,,,"23,27","NEW extension,Extension SoftBank 601HW WHITE"
1666,10767,747,2318,No,112-[extension]113Days (Value Rental Pack: 4Months Pack),2,カート用延長フラグ,Extension SoftBank 601HW [50GB],1,,,,,,,,*,sl/img001-ex.jpg,*,sl/img001-ex.jpg,,,,,,,,,,,,,,,,,,,,,,,0,1,en_sl_ex_120,,1,,23000,23000,,5,,,,,,,,,,,,,,,,,"23,27","NEW extension,Extension SoftBank 601HW WHITE"
1666,10768,748,2319,Yes,113-[extension]114Days (Value Rental Pack: 4Months Pack),2,カート用延長フラグ,Extension SoftBank 601HW [50GB],1,,,,,,,,*,sl/img001-ex.jpg,*,sl/img001-ex.jpg,,,,,,,,,,,,,,,,,,,,,,,0,1,en_sl_ex_120_bt,,1,,23000,24650,,5,,,,,,,,,,,,,,,,,"23,27","NEW extension,Extension SoftBank 601HW WHITE"
1666,10769,747,2319,No,113-[extension]114Days (Value Rental Pack: 4Months Pack),2,カート用延長フラグ,Extension SoftBank 601HW [50GB],1,,,,,,,,*,sl/img001-ex.jpg,*,sl/img001-ex.jpg,,,,,,,,,,,,,,,,,,,,,,,0,1,en_sl_ex_120,,1,,23000,23000,,5,,,,,,,,,,,,,,,,,"23,27","NEW extension,Extension SoftBank 601HW WHITE"
1666,10770,748,2320,Yes,114-[extension]115Days (Value Rental Pack: 4Months Pack),2,カート用延長フラグ,Extension SoftBank 601HW [50GB],1,,,,,,,,*,sl/img001-ex.jpg,*,sl/img001-ex.jpg,,,,,,,,,,,,,,,,,,,,,,,0,1,en_sl_ex_120_bt,,1,,23000,24650,,5,,,,,,,,,,,,,,,,,"23,27","NEW extension,Extension SoftBank 601HW WHITE"
1666,10771,747,2320,No,114-[extension]115Days (Value Rental Pack: 4Months Pack),2,カート用延長フラグ,Extension SoftBank 601HW [50GB],1,,,,,,,,*,sl/img001-ex.jpg,*,sl/img001-ex.jpg,,,,,,,,,,,,,,,,,,,,,,,0,1,en_sl_ex_120,,1,,23000,23000,,5,,,,,,,,,,,,,,,,,"23,27","NEW extension,Extension SoftBank 601HW WHITE"
1666,10772,748,2321,Yes,115-[extension]116Days (Value Rental Pack: 4Months Pack),2,カート用延長フラグ,Extension SoftBank 601HW [50GB],1,,,,,,,,*,sl/img001-ex.jpg,*,sl/img001-ex.jpg,,,,,,,,,,,,,,,,,,,,,,,0,1,en_sl_ex_120_bt,,1,,23000,24650,,5,,,,,,,,,,,,,,,,,"23,27","NEW extension,Extension SoftBank 601HW WHITE"
1666,10773,747,2321,No,115-[extension]116Days (Value Rental Pack: 4Months Pack),2,カート用延長フラグ,Extension SoftBank 601HW [50GB],1,,,,,,,,*,sl/img001-ex.jpg,*,sl/img001-ex.jpg,,,,,,,,,,,,,,,,,,,,,,,0,1,en_sl_ex_120,,1,,23000,23000,,5,,,,,,,,,,,,,,,,,"23,27","NEW extension,Extension SoftBank 601HW WHITE"
1666,10774,748,2322,Yes,116-[extension]117Days (Value Rental Pack: 4Months Pack),2,カート用延長フラグ,Extension SoftBank 601HW [50GB],1,,,,,,,,*,sl/img001-ex.jpg,*,sl/img001-ex.jpg,,,,,,,,,,,,,,,,,,,,,,,0,1,en_sl_ex_120_bt,,1,,23000,24650,,5,,,,,,,,,,,,,,,,,"23,27","NEW extension,Extension SoftBank 601HW WHITE"
1666,10775,747,2322,No,116-[extension]117Days (Value Rental Pack: 4Months Pack),2,カート用延長フラグ,Extension SoftBank 601HW [50GB],1,,,,,,,,*,sl/img001-ex.jpg,*,sl/img001-ex.jpg,,,,,,,,,,,,,,,,,,,,,,,0,1,en_sl_ex_120,,1,,23000,23000,,5,,,,,,,,,,,,,,,,,"23,27","NEW extension,Extension SoftBank 601HW WHITE"
1666,10776,748,2323,Yes,117-[extension]118Days (Value Rental Pack: 4Months Pack),2,カート用延長フラグ,Extension SoftBank 601HW [50GB],1,,,,,,,,*,sl/img001-ex.jpg,*,sl/img001-ex.jpg,,,,,,,,,,,,,,,,,,,,,,,0,1,en_sl_ex_120_bt,,1,,23000,24650,,5,,,,,,,,,,,,,,,,,"23,27","NEW extension,Extension SoftBank 601HW WHITE"
1666,10777,747,2323,No,117-[extension]118Days (Value Rental Pack: 4Months Pack),2,カート用延長フラグ,Extension SoftBank 601HW [50GB],1,,,,,,,,*,sl/img001-ex.jpg,*,sl/img001-ex.jpg,,,,,,,,,,,,,,,,,,,,,,,0,1,en_sl_ex_120,,1,,23000,23000,,5,,,,,,,,,,,,,,,,,"23,27","NEW extension,Extension SoftBank 601HW WHITE"
1666,10778,748,2324,Yes,118-[extension]119Days (Value Rental Pack: 4Months Pack),2,カート用延長フラグ,Extension SoftBank 601HW [50GB],1,,,,,,,,*,sl/img001-ex.jpg,*,sl/img001-ex.jpg,,,,,,,,,,,,,,,,,,,,,,,0,1,en_sl_ex_120_bt,,1,,23000,24650,,5,,,,,,,,,,,,,,,,,"23,27","NEW extension,Extension SoftBank 601HW WHITE"
1666,10779,747,2324,No,118-[extension]119Days (Value Rental Pack: 4Months Pack),2,カート用延長フラグ,Extension SoftBank 601HW [50GB],1,,,,,,,,*,sl/img001-ex.jpg,*,sl/img001-ex.jpg,,,,,,,,,,,,,,,,,,,,,,,0,1,en_sl_ex_120,,1,,23000,23000,,5,,,,,,,,,,,,,,,,,"23,27","NEW extension,Extension SoftBank 601HW WHITE"
1666,10780,748,2325,Yes,119-[extension]120Days (Value Rental Pack: 4Months Pack),2,カート用延長フラグ,Extension SoftBank 601HW [50GB],1,,,,,,,,*,sl/img001-ex.jpg,*,sl/img001-ex.jpg,,,,,,,,,,,,,,,,,,,,,,,0,1,en_sl_ex_120_bt,,1,,23000,24650,,5,,,,,,,,,,,,,,,,,"23,27","NEW extension,Extension SoftBank 601HW WHITE"
1666,10781,747,2325,No,119-[extension]120Days (Value Rental Pack: 4Months Pack),2,カート用延長フラグ,Extension SoftBank 601HW [50GB],1,,,,,,,,*,sl/img001-ex.jpg,*,sl/img001-ex.jpg,,,,,,,,,,,,,,,,,,,,,,,0,1,en_sl_ex_120,,1,,23000,23000,,5,,,,,,,,,,,,,,,,,"23,27","NEW extension,Extension SoftBank 601HW WHITE"
1666,10782,748,2326,Yes,120-[extension]121Days (Value Rental Pack: 4Months Pack),2,カート用延長フラグ,Extension SoftBank 601HW [50GB],1,,,,,,,,*,sl/img001-ex.jpg,*,sl/img001-ex.jpg,,,,,,,,,,,,,,,,,,,,,,,0,1,en_sl_ex_120_bt,,1,,23000,24650,,5,,,,,,,,,,,,,,,,,"23,27","NEW extension,Extension SoftBank 601HW WHITE"
1666,10783,747,2326,No,120-[extension]121Days (Value Rental Pack: 4Months Pack),2,カート用延長フラグ,Extension SoftBank 601HW [50GB],1,,,,,,,,*,sl/img001-ex.jpg,*,sl/img001-ex.jpg,,,,,,,,,,,,,,,,,,,,,,,0,1,en_sl_ex_120,,1,,23000,23000,,5,,,,,,,,,,,,,,,,,"23,27","NEW extension,Extension SoftBank 601HW WHITE"
1666,10784,748,2327,Yes,121-[extension]122Days (Value Rental Pack: 4Months Pack + 1Day),2,カート用延長フラグ,Extension SoftBank 601HW [50GB],1,,,,,,,,*,sl/img001-ex.jpg,*,sl/img001-ex.jpg,,,,,,,,,,,,,,,,,,,,,,,0,1,en_sl_ex_121_bt,,1,,23490,25190,,5,,,,,,,,,,,,,,,,,"23,27","NEW extension,Extension SoftBank 601HW WHITE"
1666,10785,747,2327,No,121-[extension]122Days (Value Rental Pack: 4Months Pack + 1Day),2,カート用延長フラグ,Extension SoftBank 601HW [50GB],1,,,,,,,,*,sl/img001-ex.jpg,*,sl/img001-ex.jpg,,,,,,,,,,,,,,,,,,,,,,,0,1,en_sl_ex_121,,1,,23490,23490,,5,,,,,,,,,,,,,,,,,"23,27","NEW extension,Extension SoftBank 601HW WHITE"
1666,10786,748,2328,Yes,122-[extension]123Days (Value Rental Pack: 4Months Pack + 2Days),2,カート用延長フラグ,Extension SoftBank 601HW [50GB],1,,,,,,,,*,sl/img001-ex.jpg,*,sl/img001-ex.jpg,,,,,,,,,,,,,,,,,,,,,,,0,1,en_sl_ex_122_bt,,1,,23980,25730,,5,,,,,,,,,,,,,,,,,"23,27","NEW extension,Extension SoftBank 601HW WHITE"
1666,10787,747,2328,No,122-[extension]123Days (Value Rental Pack: 4Months Pack + 2Days),2,カート用延長フラグ,Extension SoftBank 601HW [50GB],1,,,,,,,,*,sl/img001-ex.jpg,*,sl/img001-ex.jpg,,,,,,,,,,,,,,,,,,,,,,,0,1,en_sl_ex_122,,1,,23980,23980,,5,,,,,,,,,,,,,,,,,"23,27","NEW extension,Extension SoftBank 601HW WHITE"
1666,10788,748,2329,Yes,123-[extension]124Days (Value Rental Pack: 4Months Pack + 3Days),2,カート用延長フラグ,Extension SoftBank 601HW [50GB],1,,,,,,,,*,sl/img001-ex.jpg,*,sl/img001-ex.jpg,,,,,,,,,,,,,,,,,,,,,,,0,1,en_sl_ex_123_bt,,1,,24470,26270,,5,,,,,,,,,,,,,,,,,"23,27","NEW extension,Extension SoftBank 601HW WHITE"
1666,10789,747,2329,No,123-[extension]124Days (Value Rental Pack: 4Months Pack + 3Days),2,カート用延長フラグ,Extension SoftBank 601HW [50GB],1,,,,,,,,*,sl/img001-ex.jpg,*,sl/img001-ex.jpg,,,,,,,,,,,,,,,,,,,,,,,0,1,en_sl_ex_123,,1,,24470,24470,,5,,,,,,,,,,,,,,,,,"23,27","NEW extension,Extension SoftBank 601HW WHITE"
1666,10790,748,2330,Yes,124-[extension]125Days (Value Rental Pack: 4Months Pack + 4Days),2,カート用延長フラグ,Extension SoftBank 601HW [50GB],1,,,,,,,,*,sl/img001-ex.jpg,*,sl/img001-ex.jpg,,,,,,,,,,,,,,,,,,,,,,,0,1,en_sl_ex_124_bt,,1,,24960,26810,,5,,,,,,,,,,,,,,,,,"23,27","NEW extension,Extension SoftBank 601HW WHITE"
1666,10791,747,2330,No,124-[extension]125Days (Value Rental Pack: 4Months Pack + 4Days),2,カート用延長フラグ,Extension SoftBank 601HW [50GB],1,,,,,,,,*,sl/img001-ex.jpg,*,sl/img001-ex.jpg,,,,,,,,,,,,,,,,,,,,,,,0,1,en_sl_ex_124,,1,,24960,24960,,5,,,,,,,,,,,,,,,,,"23,27","NEW extension,Extension SoftBank 601HW WHITE"
1666,10792,748,2331,Yes,125-[extension]126Days (Value Rental Pack: 4Months Pack + 5Days),2,カート用延長フラグ,Extension SoftBank 601HW [50GB],1,,,,,,,,*,sl/img001-ex.jpg,*,sl/img001-ex.jpg,,,,,,,,,,,,,,,,,,,,,,,0,1,en_sl_ex_125_bt,,1,,25450,27350,,5,,,,,,,,,,,,,,,,,"23,27","NEW extension,Extension SoftBank 601HW WHITE"
1666,10793,747,2331,No,125-[extension]126Days (Value Rental Pack: 4Months Pack + 5Days),2,カート用延長フラグ,Extension SoftBank 601HW [50GB],1,,,,,,,,*,sl/img001-ex.jpg,*,sl/img001-ex.jpg,,,,,,,,,,,,,,,,,,,,,,,0,1,en_sl_ex_125,,1,,25450,25450,,5,,,,,,,,,,,,,,,,,"23,27","NEW extension,Extension SoftBank 601HW WHITE"
1666,10794,748,2332,Yes,126-[extension]127Days (Value Rental Pack: 5Months Pack),2,カート用延長フラグ,Extension SoftBank 601HW [50GB],1,,,,,,,,*,sl/img001-ex.jpg,*,sl/img001-ex.jpg,,,,,,,,,,,,,,,,,,,,,,,0,1,en_sl_ex_150_bt,,1,,25500,27450,,5,,,,,,,,,,,,,,,,,"23,27","NEW extension,Extension SoftBank 601HW WHITE"
1666,10795,747,2332,No,126-[extension]127Days (Value Rental Pack: 5Months Pack),2,カート用延長フラグ,Extension SoftBank 601HW [50GB],1,,,,,,,,*,sl/img001-ex.jpg,*,sl/img001-ex.jpg,,,,,,,,,,,,,,,,,,,,,,,0,1,en_sl_ex_150,,1,,25500,25500,,5,,,,,,,,,,,,,,,,,"23,27","NEW extension,Extension SoftBank 601HW WHITE"
1666,10796,748,2333,Yes,127-[extension]128Days (Value Rental Pack: 5Months Pack),2,カート用延長フラグ,Extension SoftBank 601HW [50GB],1,,,,,,,,*,sl/img001-ex.jpg,*,sl/img001-ex.jpg,,,,,,,,,,,,,,,,,,,,,,,0,1,en_sl_ex_150_bt,,1,,25500,27450,,5,,,,,,,,,,,,,,,,,"23,27","NEW extension,Extension SoftBank 601HW WHITE"
1666,10797,747,2333,No,127-[extension]128Days (Value Rental Pack: 5Months Pack),2,カート用延長フラグ,Extension SoftBank 601HW [50GB],1,,,,,,,,*,sl/img001-ex.jpg,*,sl/img001-ex.jpg,,,,,,,,,,,,,,,,,,,,,,,0,1,en_sl_ex_150,,1,,25500,25500,,5,,,,,,,,,,,,,,,,,"23,27","NEW extension,Extension SoftBank 601HW WHITE"
1666,10798,748,2334,Yes,128-[extension]129Days (Value Rental Pack: 5Months Pack),2,カート用延長フラグ,Extension SoftBank 601HW [50GB],1,,,,,,,,*,sl/img001-ex.jpg,*,sl/img001-ex.jpg,,,,,,,,,,,,,,,,,,,,,,,0,1,en_sl_ex_150_bt,,1,,25500,27450,,5,,,,,,,,,,,,,,,,,"23,27","NEW extension,Extension SoftBank 601HW WHITE"
1666,10799,747,2334,No,128-[extension]129Days (Value Rental Pack: 5Months Pack),2,カート用延長フラグ,Extension SoftBank 601HW [50GB],1,,,,,,,,*,sl/img001-ex.jpg,*,sl/img001-ex.jpg,,,,,,,,,,,,,,,,,,,,,,,0,1,en_sl_ex_150,,1,,25500,25500,,5,,,,,,,,,,,,,,,,,"23,27","NEW extension,Extension SoftBank 601HW WHITE"
1666,10800,748,2335,Yes,129-[extension]130Days (Value Rental Pack: 5Months Pack),2,カート用延長フラグ,Extension SoftBank 601HW [50GB],1,,,,,,,,*,sl/img001-ex.jpg,*,sl/img001-ex.jpg,,,,,,,,,,,,,,,,,,,,,,,0,1,en_sl_ex_150_bt,,1,,25500,27450,,5,,,,,,,,,,,,,,,,,"23,27","NEW extension,Extension SoftBank 601HW WHITE"
1666,10801,747,2335,No,129-[extension]130Days (Value Rental Pack: 5Months Pack),2,カート用延長フラグ,Extension SoftBank 601HW [50GB],1,,,,,,,,*,sl/img001-ex.jpg,*,sl/img001-ex.jpg,,,,,,,,,,,,,,,,,,,,,,,0,1,en_sl_ex_150,,1,,25500,25500,,5,,,,,,,,,,,,,,,,,"23,27","NEW extension,Extension SoftBank 601HW WHITE"
1666,10802,748,2336,Yes,130-[extension]131Days (Value Rental Pack: 5Months Pack),2,カート用延長フラグ,Extension SoftBank 601HW [50GB],1,,,,,,,,*,sl/img001-ex.jpg,*,sl/img001-ex.jpg,,,,,,,,,,,,,,,,,,,,,,,0,1,en_sl_ex_150_bt,,1,,25500,27450,,5,,,,,,,,,,,,,,,,,"23,27","NEW extension,Extension SoftBank 601HW WHITE"
1666,10803,747,2336,No,130-[extension]131Days (Value Rental Pack: 5Months Pack),2,カート用延長フラグ,Extension SoftBank 601HW [50GB],1,,,,,,,,*,sl/img001-ex.jpg,*,sl/img001-ex.jpg,,,,,,,,,,,,,,,,,,,,,,,0,1,en_sl_ex_150,,1,,25500,25500,,5,,,,,,,,,,,,,,,,,"23,27","NEW extension,Extension SoftBank 601HW WHITE"
1666,10804,748,2337,Yes,131-[extension]132Days (Value Rental Pack: 5Months Pack),2,カート用延長フラグ,Extension SoftBank 601HW [50GB],1,,,,,,,,*,sl/img001-ex.jpg,*,sl/img001-ex.jpg,,,,,,,,,,,,,,,,,,,,,,,0,1,en_sl_ex_150_bt,,1,,25500,27450,,5,,,,,,,,,,,,,,,,,"23,27","NEW extension,Extension SoftBank 601HW WHITE"
1666,10805,747,2337,No,131-[extension]132Days (Value Rental Pack: 5Months Pack),2,カート用延長フラグ,Extension SoftBank 601HW [50GB],1,,,,,,,,*,sl/img001-ex.jpg,*,sl/img001-ex.jpg,,,,,,,,,,,,,,,,,,,,,,,0,1,en_sl_ex_150,,1,,25500,25500,,5,,,,,,,,,,,,,,,,,"23,27","NEW extension,Extension SoftBank 601HW WHITE"
1666,10806,748,2338,Yes,132-[extension]133Days (Value Rental Pack: 5Months Pack),2,カート用延長フラグ,Extension SoftBank 601HW [50GB],1,,,,,,,,*,sl/img001-ex.jpg,*,sl/img001-ex.jpg,,,,,,,,,,,,,,,,,,,,,,,0,1,en_sl_ex_150_bt,,1,,25500,27450,,5,,,,,,,,,,,,,,,,,"23,27","NEW extension,Extension SoftBank 601HW WHITE"
1666,10807,747,2338,No,132-[extension]133Days (Value Rental Pack: 5Months Pack),2,カート用延長フラグ,Extension SoftBank 601HW [50GB],1,,,,,,,,*,sl/img001-ex.jpg,*,sl/img001-ex.jpg,,,,,,,,,,,,,,,,,,,,,,,0,1,en_sl_ex_150,,1,,25500,25500,,5,,,,,,,,,,,,,,,,,"23,27","NEW extension,Extension SoftBank 601HW WHITE"
1666,10808,748,2339,Yes,133-[extension]134Days (Value Rental Pack: 5Months Pack),2,カート用延長フラグ,Extension SoftBank 601HW [50GB],1,,,,,,,,*,sl/img001-ex.jpg,*,sl/img001-ex.jpg,,,,,,,,,,,,,,,,,,,,,,,0,1,en_sl_ex_150_bt,,1,,25500,27450,,5,,,,,,,,,,,,,,,,,"23,27","NEW extension,Extension SoftBank 601HW WHITE"
1666,10809,747,2339,No,133-[extension]134Days (Value Rental Pack: 5Months Pack),2,カート用延長フラグ,Extension SoftBank 601HW [50GB],1,,,,,,,,*,sl/img001-ex.jpg,*,sl/img001-ex.jpg,,,,,,,,,,,,,,,,,,,,,,,0,1,en_sl_ex_150,,1,,25500,25500,,5,,,,,,,,,,,,,,,,,"23,27","NEW extension,Extension SoftBank 601HW WHITE"
1666,10810,748,2340,Yes,134-[extension]135Days (Value Rental Pack: 5Months Pack),2,カート用延長フラグ,Extension SoftBank 601HW [50GB],1,,,,,,,,*,sl/img001-ex.jpg,*,sl/img001-ex.jpg,,,,,,,,,,,,,,,,,,,,,,,0,1,en_sl_ex_150_bt,,1,,25500,27450,,5,,,,,,,,,,,,,,,,,"23,27","NEW extension,Extension SoftBank 601HW WHITE"
1666,10811,747,2340,No,134-[extension]135Days (Value Rental Pack: 5Months Pack),2,カート用延長フラグ,Extension SoftBank 601HW [50GB],1,,,,,,,,*,sl/img001-ex.jpg,*,sl/img001-ex.jpg,,,,,,,,,,,,,,,,,,,,,,,0,1,en_sl_ex_150,,1,,25500,25500,,5,,,,,,,,,,,,,,,,,"23,27","NEW extension,Extension SoftBank 601HW WHITE"
1666,10812,748,2341,Yes,135-[extension]136Days (Value Rental Pack: 5Months Pack),2,カート用延長フラグ,Extension SoftBank 601HW [50GB],1,,,,,,,,*,sl/img001-ex.jpg,*,sl/img001-ex.jpg,,,,,,,,,,,,,,,,,,,,,,,0,1,en_sl_ex_150_bt,,1,,25500,27450,,5,,,,,,,,,,,,,,,,,"23,27","NEW extension,Extension SoftBank 601HW WHITE"
1666,10813,747,2341,No,135-[extension]136Days (Value Rental Pack: 5Months Pack),2,カート用延長フラグ,Extension SoftBank 601HW [50GB],1,,,,,,,,*,sl/img001-ex.jpg,*,sl/img001-ex.jpg,,,,,,,,,,,,,,,,,,,,,,,0,1,en_sl_ex_150,,1,,25500,25500,,5,,,,,,,,,,,,,,,,,"23,27","NEW extension,Extension SoftBank 601HW WHITE"
1666,10814,748,2342,Yes,136-[extension]137Days (Value Rental Pack: 5Months Pack),2,カート用延長フラグ,Extension SoftBank 601HW [50GB],1,,,,,,,,*,sl/img001-ex.jpg,*,sl/img001-ex.jpg,,,,,,,,,,,,,,,,,,,,,,,0,1,en_sl_ex_150_bt,,1,,25500,27450,,5,,,,,,,,,,,,,,,,,"23,27","NEW extension,Extension SoftBank 601HW WHITE"
1666,10815,747,2342,No,136-[extension]137Days (Value Rental Pack: 5Months Pack),2,カート用延長フラグ,Extension SoftBank 601HW [50GB],1,,,,,,,,*,sl/img001-ex.jpg,*,sl/img001-ex.jpg,,,,,,,,,,,,,,,,,,,,,,,0,1,en_sl_ex_150,,1,,25500,25500,,5,,,,,,,,,,,,,,,,,"23,27","NEW extension,Extension SoftBank 601HW WHITE"
1666,10816,748,2343,Yes,137-[extension]138Days (Value Rental Pack: 5Months Pack),2,カート用延長フラグ,Extension SoftBank 601HW [50GB],1,,,,,,,,*,sl/img001-ex.jpg,*,sl/img001-ex.jpg,,,,,,,,,,,,,,,,,,,,,,,0,1,en_sl_ex_150_bt,,1,,25500,27450,,5,,,,,,,,,,,,,,,,,"23,27","NEW extension,Extension SoftBank 601HW WHITE"
1666,10817,747,2343,No,137-[extension]138Days (Value Rental Pack: 5Months Pack),2,カート用延長フラグ,Extension SoftBank 601HW [50GB],1,,,,,,,,*,sl/img001-ex.jpg,*,sl/img001-ex.jpg,,,,,,,,,,,,,,,,,,,,,,,0,1,en_sl_ex_150,,1,,25500,25500,,5,,,,,,,,,,,,,,,,,"23,27","NEW extension,Extension SoftBank 601HW WHITE"
1666,10818,748,2344,Yes,138-[extension]139Days (Value Rental Pack: 5Months Pack),2,カート用延長フラグ,Extension SoftBank 601HW [50GB],1,,,,,,,,*,sl/img001-ex.jpg,*,sl/img001-ex.jpg,,,,,,,,,,,,,,,,,,,,,,,0,1,en_sl_ex_150_bt,,1,,25500,27450,,5,,,,,,,,,,,,,,,,,"23,27","NEW extension,Extension SoftBank 601HW WHITE"
1666,10819,747,2344,No,138-[extension]139Days (Value Rental Pack: 5Months Pack),2,カート用延長フラグ,Extension SoftBank 601HW [50GB],1,,,,,,,,*,sl/img001-ex.jpg,*,sl/img001-ex.jpg,,,,,,,,,,,,,,,,,,,,,,,0,1,en_sl_ex_150,,1,,25500,25500,,5,,,,,,,,,,,,,,,,,"23,27","NEW extension,Extension SoftBank 601HW WHITE"
1666,10820,748,2345,Yes,139-[extension]140Days (Value Rental Pack: 5Months Pack),2,カート用延長フラグ,Extension SoftBank 601HW [50GB],1,,,,,,,,*,sl/img001-ex.jpg,*,sl/img001-ex.jpg,,,,,,,,,,,,,,,,,,,,,,,0,1,en_sl_ex_150_bt,,1,,25500,27450,,5,,,,,,,,,,,,,,,,,"23,27","NEW extension,Extension SoftBank 601HW WHITE"
1666,10821,747,2345,No,139-[extension]140Days (Value Rental Pack: 5Months Pack),2,カート用延長フラグ,Extension SoftBank 601HW [50GB],1,,,,,,,,*,sl/img001-ex.jpg,*,sl/img001-ex.jpg,,,,,,,,,,,,,,,,,,,,,,,0,1,en_sl_ex_150,,1,,25500,25500,,5,,,,,,,,,,,,,,,,,"23,27","NEW extension,Extension SoftBank 601HW WHITE"
1666,10822,748,2346,Yes,140-[extension]141Days (Value Rental Pack: 5Months Pack),2,カート用延長フラグ,Extension SoftBank 601HW [50GB],1,,,,,,,,*,sl/img001-ex.jpg,*,sl/img001-ex.jpg,,,,,,,,,,,,,,,,,,,,,,,0,1,en_sl_ex_150_bt,,1,,25500,27450,,5,,,,,,,,,,,,,,,,,"23,27","NEW extension,Extension SoftBank 601HW WHITE"
1666,10823,747,2346,No,140-[extension]141Days (Value Rental Pack: 5Months Pack),2,カート用延長フラグ,Extension SoftBank 601HW [50GB],1,,,,,,,,*,sl/img001-ex.jpg,*,sl/img001-ex.jpg,,,,,,,,,,,,,,,,,,,,,,,0,1,en_sl_ex_150,,1,,25500,25500,,5,,,,,,,,,,,,,,,,,"23,27","NEW extension,Extension SoftBank 601HW WHITE"
1666,10824,748,2347,Yes,141-[extension]142Days (Value Rental Pack: 5Months Pack),2,カート用延長フラグ,Extension SoftBank 601HW [50GB],1,,,,,,,,*,sl/img001-ex.jpg,*,sl/img001-ex.jpg,,,,,,,,,,,,,,,,,,,,,,,0,1,en_sl_ex_150_bt,,1,,25500,27450,,5,,,,,,,,,,,,,,,,,"23,27","NEW extension,Extension SoftBank 601HW WHITE"
1666,10825,747,2347,No,141-[extension]142Days (Value Rental Pack: 5Months Pack),2,カート用延長フラグ,Extension SoftBank 601HW [50GB],1,,,,,,,,*,sl/img001-ex.jpg,*,sl/img001-ex.jpg,,,,,,,,,,,,,,,,,,,,,,,0,1,en_sl_ex_150,,1,,25500,25500,,5,,,,,,,,,,,,,,,,,"23,27","NEW extension,Extension SoftBank 601HW WHITE"
1666,10826,748,2348,Yes,142-[extension]143Days (Value Rental Pack: 5Months Pack),2,カート用延長フラグ,Extension SoftBank 601HW [50GB],1,,,,,,,,*,sl/img001-ex.jpg,*,sl/img001-ex.jpg,,,,,,,,,,,,,,,,,,,,,,,0,1,en_sl_ex_150_bt,,1,,25500,27450,,5,,,,,,,,,,,,,,,,,"23,27","NEW extension,Extension SoftBank 601HW WHITE"
1666,10827,747,2348,No,142-[extension]143Days (Value Rental Pack: 5Months Pack),2,カート用延長フラグ,Extension SoftBank 601HW [50GB],1,,,,,,,,*,sl/img001-ex.jpg,*,sl/img001-ex.jpg,,,,,,,,,,,,,,,,,,,,,,,0,1,en_sl_ex_150,,1,,25500,25500,,5,,,,,,,,,,,,,,,,,"23,27","NEW extension,Extension SoftBank 601HW WHITE"
1666,10828,748,2349,Yes,143-[extension]144Days (Value Rental Pack: 5Months Pack),2,カート用延長フラグ,Extension SoftBank 601HW [50GB],1,,,,,,,,*,sl/img001-ex.jpg,*,sl/img001-ex.jpg,,,,,,,,,,,,,,,,,,,,,,,0,1,en_sl_ex_150_bt,,1,,25500,27450,,5,,,,,,,,,,,,,,,,,"23,27","NEW extension,Extension SoftBank 601HW WHITE"
1666,10829,747,2349,No,143-[extension]144Days (Value Rental Pack: 5Months Pack),2,カート用延長フラグ,Extension SoftBank 601HW [50GB],1,,,,,,,,*,sl/img001-ex.jpg,*,sl/img001-ex.jpg,,,,,,,,,,,,,,,,,,,,,,,0,1,en_sl_ex_150,,1,,25500,25500,,5,,,,,,,,,,,,,,,,,"23,27","NEW extension,Extension SoftBank 601HW WHITE"
1666,10830,748,2350,Yes,144-[extension]145Days (Value Rental Pack: 5Months Pack),2,カート用延長フラグ,Extension SoftBank 601HW [50GB],1,,,,,,,,*,sl/img001-ex.jpg,*,sl/img001-ex.jpg,,,,,,,,,,,,,,,,,,,,,,,0,1,en_sl_ex_150_bt,,1,,25500,27450,,5,,,,,,,,,,,,,,,,,"23,27","NEW extension,Extension SoftBank 601HW WHITE"
1666,10831,747,2350,No,144-[extension]145Days (Value Rental Pack: 5Months Pack),2,カート用延長フラグ,Extension SoftBank 601HW [50GB],1,,,,,,,,*,sl/img001-ex.jpg,*,sl/img001-ex.jpg,,,,,,,,,,,,,,,,,,,,,,,0,1,en_sl_ex_150,,1,,25500,25500,,5,,,,,,,,,,,,,,,,,"23,27","NEW extension,Extension SoftBank 601HW WHITE"
1666,10832,748,2351,Yes,145-[extension]146Days (Value Rental Pack: 5Months Pack),2,カート用延長フラグ,Extension SoftBank 601HW [50GB],1,,,,,,,,*,sl/img001-ex.jpg,*,sl/img001-ex.jpg,,,,,,,,,,,,,,,,,,,,,,,0,1,en_sl_ex_150_bt,,1,,25500,27450,,5,,,,,,,,,,,,,,,,,"23,27","NEW extension,Extension SoftBank 601HW WHITE"
1666,10833,747,2351,No,145-[extension]146Days (Value Rental Pack: 5Months Pack),2,カート用延長フラグ,Extension SoftBank 601HW [50GB],1,,,,,,,,*,sl/img001-ex.jpg,*,sl/img001-ex.jpg,,,,,,,,,,,,,,,,,,,,,,,0,1,en_sl_ex_150,,1,,25500,25500,,5,,,,,,,,,,,,,,,,,"23,27","NEW extension,Extension SoftBank 601HW WHITE"
1666,10834,748,2352,Yes,146-[extension]147Days (Value Rental Pack: 5Months Pack),2,カート用延長フラグ,Extension SoftBank 601HW [50GB],1,,,,,,,,*,sl/img001-ex.jpg,*,sl/img001-ex.jpg,,,,,,,,,,,,,,,,,,,,,,,0,1,en_sl_ex_150_bt,,1,,25500,27450,,5,,,,,,,,,,,,,,,,,"23,27","NEW extension,Extension SoftBank 601HW WHITE"
1666,10835,747,2352,No,146-[extension]147Days (Value Rental Pack: 5Months Pack),2,カート用延長フラグ,Extension SoftBank 601HW [50GB],1,,,,,,,,*,sl/img001-ex.jpg,*,sl/img001-ex.jpg,,,,,,,,,,,,,,,,,,,,,,,0,1,en_sl_ex_150,,1,,25500,25500,,5,,,,,,,,,,,,,,,,,"23,27","NEW extension,Extension SoftBank 601HW WHITE"
1666,10836,748,2353,Yes,147-[extension]148Days (Value Rental Pack: 5Months Pack),2,カート用延長フラグ,Extension SoftBank 601HW [50GB],1,,,,,,,,*,sl/img001-ex.jpg,*,sl/img001-ex.jpg,,,,,,,,,,,,,,,,,,,,,,,0,1,en_sl_ex_150_bt,,1,,25500,27450,,5,,,,,,,,,,,,,,,,,"23,27","NEW extension,Extension SoftBank 601HW WHITE"
1666,10837,747,2353,No,147-[extension]148Days (Value Rental Pack: 5Months Pack),2,カート用延長フラグ,Extension SoftBank 601HW [50GB],1,,,,,,,,*,sl/img001-ex.jpg,*,sl/img001-ex.jpg,,,,,,,,,,,,,,,,,,,,,,,0,1,en_sl_ex_150,,1,,25500,25500,,5,,,,,,,,,,,,,,,,,"23,27","NEW extension,Extension SoftBank 601HW WHITE"
1666,10838,748,2354,Yes,148-[extension]149Days (Value Rental Pack: 5Months Pack),2,カート用延長フラグ,Extension SoftBank 601HW [50GB],1,,,,,,,,*,sl/img001-ex.jpg,*,sl/img001-ex.jpg,,,,,,,,,,,,,,,,,,,,,,,0,1,en_sl_ex_150_bt,,1,,25500,27450,,5,,,,,,,,,,,,,,,,,"23,27","NEW extension,Extension SoftBank 601HW WHITE"
1666,10839,747,2354,No,148-[extension]149Days (Value Rental Pack: 5Months Pack),2,カート用延長フラグ,Extension SoftBank 601HW [50GB],1,,,,,,,,*,sl/img001-ex.jpg,*,sl/img001-ex.jpg,,,,,,,,,,,,,,,,,,,,,,,0,1,en_sl_ex_150,,1,,25500,25500,,5,,,,,,,,,,,,,,,,,"23,27","NEW extension,Extension SoftBank 601HW WHITE"
1666,10840,748,2355,Yes,149-[extension]150Days (Value Rental Pack: 5Months Pack),2,カート用延長フラグ,Extension SoftBank 601HW [50GB],1,,,,,,,,*,sl/img001-ex.jpg,*,sl/img001-ex.jpg,,,,,,,,,,,,,,,,,,,,,,,0,1,en_sl_ex_150_bt,,1,,25500,27450,,5,,,,,,,,,,,,,,,,,"23,27","NEW extension,Extension SoftBank 601HW WHITE"
1666,10841,747,2355,No,149-[extension]150Days (Value Rental Pack: 5Months Pack),2,カート用延長フラグ,Extension SoftBank 601HW [50GB],1,,,,,,,,*,sl/img001-ex.jpg,*,sl/img001-ex.jpg,,,,,,,,,,,,,,,,,,,,,,,0,1,en_sl_ex_150,,1,,25500,25500,,5,,,,,,,,,,,,,,,,,"23,27","NEW extension,Extension SoftBank 601HW WHITE"
1666,10842,748,2356,Yes,150-[extension]151Days (Value Rental Pack: 5Months Pack),2,カート用延長フラグ,Extension SoftBank 601HW [50GB],1,,,,,,,,*,sl/img001-ex.jpg,*,sl/img001-ex.jpg,,,,,,,,,,,,,,,,,,,,,,,0,1,en_sl_ex_150_bt,,1,,25500,27450,,5,,,,,,,,,,,,,,,,,"23,27","NEW extension,Extension SoftBank 601HW WHITE"
1666,10843,747,2356,No,150-[extension]151Days (Value Rental Pack: 5Months Pack),2,カート用延長フラグ,Extension SoftBank 601HW [50GB],1,,,,,,,,*,sl/img001-ex.jpg,*,sl/img001-ex.jpg,,,,,,,,,,,,,,,,,,,,,,,0,1,en_sl_ex_150,,1,,25500,25500,,5,,,,,,,,,,,,,,,,,"23,27","NEW extension,Extension SoftBank 601HW WHITE"
1666,10844,748,2357,Yes,151-[extension]152Days (Value Rental Pack: 5Months Pack + 1Day),2,カート用延長フラグ,Extension SoftBank 601HW [50GB],1,,,,,,,,*,sl/img001-ex.jpg,*,sl/img001-ex.jpg,,,,,,,,,,,,,,,,,,,,,,,0,1,en_sl_ex_151_bt,,1,,25990,27990,,5,,,,,,,,,,,,,,,,,"23,27","NEW extension,Extension SoftBank 601HW WHITE"
1666,10845,747,2357,No,151-[extension]152Days (Value Rental Pack: 5Months Pack + 1Day),2,カート用延長フラグ,Extension SoftBank 601HW [50GB],1,,,,,,,,*,sl/img001-ex.jpg,*,sl/img001-ex.jpg,,,,,,,,,,,,,,,,,,,,,,,0,1,en_sl_ex_151,,1,,25990,25990,,5,,,,,,,,,,,,,,,,,"23,27","NEW extension,Extension SoftBank 601HW WHITE"
1666,10846,748,2358,Yes,152-[extension]153Days (Value Rental Pack: 5Months Pack + 2Days),2,カート用延長フラグ,Extension SoftBank 601HW [50GB],1,,,,,,,,*,sl/img001-ex.jpg,*,sl/img001-ex.jpg,,,,,,,,,,,,,,,,,,,,,,,0,1,en_sl_ex_152_bt,,1,,26480,28530,,5,,,,,,,,,,,,,,,,,"23,27","NEW extension,Extension SoftBank 601HW WHITE"
1666,10847,747,2358,No,152-[extension]153Days (Value Rental Pack: 5Months Pack + 2Days),2,カート用延長フラグ,Extension SoftBank 601HW [50GB],1,,,,,,,,*,sl/img001-ex.jpg,*,sl/img001-ex.jpg,,,,,,,,,,,,,,,,,,,,,,,0,1,en_sl_ex_152,,1,,26480,26480,,5,,,,,,,,,,,,,,,,,"23,27","NEW extension,Extension SoftBank 601HW WHITE"
1666,10848,748,2359,Yes,153-[extension]154Days (Value Rental Pack: 5Months Pack + 3Days),2,カート用延長フラグ,Extension SoftBank 601HW [50GB],1,,,,,,,,*,sl/img001-ex.jpg,*,sl/img001-ex.jpg,,,,,,,,,,,,,,,,,,,,,,,0,1,en_sl_ex_153_bt,,1,,26970,29070,,5,,,,,,,,,,,,,,,,,"23,27","NEW extension,Extension SoftBank 601HW WHITE"
1666,10849,747,2359,No,153-[extension]154Days (Value Rental Pack: 5Months Pack + 3Days),2,カート用延長フラグ,Extension SoftBank 601HW [50GB],1,,,,,,,,*,sl/img001-ex.jpg,*,sl/img001-ex.jpg,,,,,,,,,,,,,,,,,,,,,,,0,1,en_sl_ex_153,,1,,26970,26970,,5,,,,,,,,,,,,,,,,,"23,27","NEW extension,Extension SoftBank 601HW WHITE"
1666,10850,748,2360,Yes,154-[extension]155Days (Value Rental Pack: 5Months Pack + 4Days),2,カート用延長フラグ,Extension SoftBank 601HW [50GB],1,,,,,,,,*,sl/img001-ex.jpg,*,sl/img001-ex.jpg,,,,,,,,,,,,,,,,,,,,,,,0,1,en_sl_ex_154_bt,,1,,27460,29610,,5,,,,,,,,,,,,,,,,,"23,27","NEW extension,Extension SoftBank 601HW WHITE"
1666,10851,747,2360,No,154-[extension]155Days (Value Rental Pack: 5Months Pack + 4Days),2,カート用延長フラグ,Extension SoftBank 601HW [50GB],1,,,,,,,,*,sl/img001-ex.jpg,*,sl/img001-ex.jpg,,,,,,,,,,,,,,,,,,,,,,,0,1,en_sl_ex_154,,1,,27460,27460,,5,,,,,,,,,,,,,,,,,"23,27","NEW extension,Extension SoftBank 601HW WHITE"
1666,10852,748,2361,Yes,155-[extension]156Days (Value Rental Pack: 5Months Pack + 5Days),2,カート用延長フラグ,Extension SoftBank 601HW [50GB],1,,,,,,,,*,sl/img001-ex.jpg,*,sl/img001-ex.jpg,,,,,,,,,,,,,,,,,,,,,,,0,1,en_sl_ex_155_bt,,1,,27950,30150,,5,,,,,,,,,,,,,,,,,"23,27","NEW extension,Extension SoftBank 601HW WHITE"
1666,10853,747,2361,No,155-[extension]156Days (Value Rental Pack: 5Months Pack + 5Days),2,カート用延長フラグ,Extension SoftBank 601HW [50GB],1,,,,,,,,*,sl/img001-ex.jpg,*,sl/img001-ex.jpg,,,,,,,,,,,,,,,,,,,,,,,0,1,en_sl_ex_155,,1,,27950,27950,,5,,,,,,,,,,,,,,,,,"23,27","NEW extension,Extension SoftBank 601HW WHITE"
1666,10854,748,2362,Yes,156-[extension]157Days (Value Rental Pack: 6Months Pack),2,カート用延長フラグ,Extension SoftBank 601HW [50GB],1,,,,,,,,*,sl/img001-ex.jpg,*,sl/img001-ex.jpg,,,,,,,,,,,,,,,,,,,,,,,0,1,en_sl_ex_180_bt,,1,,28000,30250,,5,,,,,,,,,,,,,,,,,"23,27","NEW extension,Extension SoftBank 601HW WHITE"
1666,10855,747,2362,No,156-[extension]157Days (Value Rental Pack: 6Months Pack),2,カート用延長フラグ,Extension SoftBank 601HW [50GB],1,,,,,,,,*,sl/img001-ex.jpg,*,sl/img001-ex.jpg,,,,,,,,,,,,,,,,,,,,,,,0,1,en_sl_ex_180,,1,,28000,28000,,5,,,,,,,,,,,,,,,,,"23,27","NEW extension,Extension SoftBank 601HW WHITE"
1666,10856,748,2363,Yes,157-[extension]158Days (Value Rental Pack: 6Months Pack),2,カート用延長フラグ,Extension SoftBank 601HW [50GB],1,,,,,,,,*,sl/img001-ex.jpg,*,sl/img001-ex.jpg,,,,,,,,,,,,,,,,,,,,,,,0,1,en_sl_ex_180_bt,,1,,28000,30250,,5,,,,,,,,,,,,,,,,,"23,27","NEW extension,Extension SoftBank 601HW WHITE"
1666,10857,747,2363,No,157-[extension]158Days (Value Rental Pack: 6Months Pack),2,カート用延長フラグ,Extension SoftBank 601HW [50GB],1,,,,,,,,*,sl/img001-ex.jpg,*,sl/img001-ex.jpg,,,,,,,,,,,,,,,,,,,,,,,0,1,en_sl_ex_180,,1,,28000,28000,,5,,,,,,,,,,,,,,,,,"23,27","NEW extension,Extension SoftBank 601HW WHITE"
1666,10858,748,2364,Yes,158-[extension]159Days (Value Rental Pack: 6Months Pack),2,カート用延長フラグ,Extension SoftBank 601HW [50GB],1,,,,,,,,*,sl/img001-ex.jpg,*,sl/img001-ex.jpg,,,,,,,,,,,,,,,,,,,,,,,0,1,en_sl_ex_180_bt,,1,,28000,30250,,5,,,,,,,,,,,,,,,,,"23,27","NEW extension,Extension SoftBank 601HW WHITE"
1666,10859,747,2364,No,158-[extension]159Days (Value Rental Pack: 6Months Pack),2,カート用延長フラグ,Extension SoftBank 601HW [50GB],1,,,,,,,,*,sl/img001-ex.jpg,*,sl/img001-ex.jpg,,,,,,,,,,,,,,,,,,,,,,,0,1,en_sl_ex_180,,1,,28000,28000,,5,,,,,,,,,,,,,,,,,"23,27","NEW extension,Extension SoftBank 601HW WHITE"
1666,10860,748,2365,Yes,159-[extension]160Days (Value Rental Pack: 6Months Pack),2,カート用延長フラグ,Extension SoftBank 601HW [50GB],1,,,,,,,,*,sl/img001-ex.jpg,*,sl/img001-ex.jpg,,,,,,,,,,,,,,,,,,,,,,,0,1,en_sl_ex_180_bt,,1,,28000,30250,,5,,,,,,,,,,,,,,,,,"23,27","NEW extension,Extension SoftBank 601HW WHITE"
1666,10861,747,2365,No,159-[extension]160Days (Value Rental Pack: 6Months Pack),2,カート用延長フラグ,Extension SoftBank 601HW [50GB],1,,,,,,,,*,sl/img001-ex.jpg,*,sl/img001-ex.jpg,,,,,,,,,,,,,,,,,,,,,,,0,1,en_sl_ex_180,,1,,28000,28000,,5,,,,,,,,,,,,,,,,,"23,27","NEW extension,Extension SoftBank 601HW WHITE"
1666,10862,748,2366,Yes,160-[extension]161Days (Value Rental Pack: 6Months Pack),2,カート用延長フラグ,Extension SoftBank 601HW [50GB],1,,,,,,,,*,sl/img001-ex.jpg,*,sl/img001-ex.jpg,,,,,,,,,,,,,,,,,,,,,,,0,1,en_sl_ex_180_bt,,1,,28000,30250,,5,,,,,,,,,,,,,,,,,"23,27","NEW extension,Extension SoftBank 601HW WHITE"
1666,10863,747,2366,No,160-[extension]161Days (Value Rental Pack: 6Months Pack),2,カート用延長フラグ,Extension SoftBank 601HW [50GB],1,,,,,,,,*,sl/img001-ex.jpg,*,sl/img001-ex.jpg,,,,,,,,,,,,,,,,,,,,,,,0,1,en_sl_ex_180,,1,,28000,28000,,5,,,,,,,,,,,,,,,,,"23,27","NEW extension,Extension SoftBank 601HW WHITE"
1666,10864,748,2367,Yes,161-[extension]162Days (Value Rental Pack: 6Months Pack),2,カート用延長フラグ,Extension SoftBank 601HW [50GB],1,,,,,,,,*,sl/img001-ex.jpg,*,sl/img001-ex.jpg,,,,,,,,,,,,,,,,,,,,,,,0,1,en_sl_ex_180_bt,,1,,28000,30250,,5,,,,,,,,,,,,,,,,,"23,27","NEW extension,Extension SoftBank 601HW WHITE"
1666,10865,747,2367,No,161-[extension]162Days (Value Rental Pack: 6Months Pack),2,カート用延長フラグ,Extension SoftBank 601HW [50GB],1,,,,,,,,*,sl/img001-ex.jpg,*,sl/img001-ex.jpg,,,,,,,,,,,,,,,,,,,,,,,0,1,en_sl_ex_180,,1,,28000,28000,,5,,,,,,,,,,,,,,,,,"23,27","NEW extension,Extension SoftBank 601HW WHITE"
1666,10866,748,2368,Yes,162-[extension]163Days (Value Rental Pack: 6Months Pack),2,カート用延長フラグ,Extension SoftBank 601HW [50GB],1,,,,,,,,*,sl/img001-ex.jpg,*,sl/img001-ex.jpg,,,,,,,,,,,,,,,,,,,,,,,0,1,en_sl_ex_180_bt,,1,,28000,30250,,5,,,,,,,,,,,,,,,,,"23,27","NEW extension,Extension SoftBank 601HW WHITE"
1666,10867,747,2368,No,162-[extension]163Days (Value Rental Pack: 6Months Pack),2,カート用延長フラグ,Extension SoftBank 601HW [50GB],1,,,,,,,,*,sl/img001-ex.jpg,*,sl/img001-ex.jpg,,,,,,,,,,,,,,,,,,,,,,,0,1,en_sl_ex_180,,1,,28000,28000,,5,,,,,,,,,,,,,,,,,"23,27","NEW extension,Extension SoftBank 601HW WHITE"
1666,10868,748,2369,Yes,163-[extension]164Days (Value Rental Pack: 6Months Pack),2,カート用延長フラグ,Extension SoftBank 601HW [50GB],1,,,,,,,,*,sl/img001-ex.jpg,*,sl/img001-ex.jpg,,,,,,,,,,,,,,,,,,,,,,,0,1,en_sl_ex_180_bt,,1,,28000,30250,,5,,,,,,,,,,,,,,,,,"23,27","NEW extension,Extension SoftBank 601HW WHITE"
1666,10869,747,2369,No,163-[extension]164Days (Value Rental Pack: 6Months Pack),2,カート用延長フラグ,Extension SoftBank 601HW [50GB],1,,,,,,,,*,sl/img001-ex.jpg,*,sl/img001-ex.jpg,,,,,,,,,,,,,,,,,,,,,,,0,1,en_sl_ex_180,,1,,28000,28000,,5,,,,,,,,,,,,,,,,,"23,27","NEW extension,Extension SoftBank 601HW WHITE"
1666,10870,748,2370,Yes,164-[extension]165Days (Value Rental Pack: 6Months Pack),2,カート用延長フラグ,Extension SoftBank 601HW [50GB],1,,,,,,,,*,sl/img001-ex.jpg,*,sl/img001-ex.jpg,,,,,,,,,,,,,,,,,,,,,,,0,1,en_sl_ex_180_bt,,1,,28000,30250,,5,,,,,,,,,,,,,,,,,"23,27","NEW extension,Extension SoftBank 601HW WHITE"
1666,10871,747,2370,No,164-[extension]165Days (Value Rental Pack: 6Months Pack),2,カート用延長フラグ,Extension SoftBank 601HW [50GB],1,,,,,,,,*,sl/img001-ex.jpg,*,sl/img001-ex.jpg,,,,,,,,,,,,,,,,,,,,,,,0,1,en_sl_ex_180,,1,,28000,28000,,5,,,,,,,,,,,,,,,,,"23,27","NEW extension,Extension SoftBank 601HW WHITE"
1666,10872,748,2371,Yes,165-[extension]166Days (Value Rental Pack: 6Months Pack),2,カート用延長フラグ,Extension SoftBank 601HW [50GB],1,,,,,,,,*,sl/img001-ex.jpg,*,sl/img001-ex.jpg,,,,,,,,,,,,,,,,,,,,,,,0,1,en_sl_ex_180_bt,,1,,28000,30250,,5,,,,,,,,,,,,,,,,,"23,27","NEW extension,Extension SoftBank 601HW WHITE"
1666,10873,747,2371,No,165-[extension]166Days (Value Rental Pack: 6Months Pack),2,カート用延長フラグ,Extension SoftBank 601HW [50GB],1,,,,,,,,*,sl/img001-ex.jpg,*,sl/img001-ex.jpg,,,,,,,,,,,,,,,,,,,,,,,0,1,en_sl_ex_180,,1,,28000,28000,,5,,,,,,,,,,,,,,,,,"23,27","NEW extension,Extension SoftBank 601HW WHITE"
1666,10874,748,2372,Yes,166-[extension]167Days (Value Rental Pack: 6Months Pack),2,カート用延長フラグ,Extension SoftBank 601HW [50GB],1,,,,,,,,*,sl/img001-ex.jpg,*,sl/img001-ex.jpg,,,,,,,,,,,,,,,,,,,,,,,0,1,en_sl_ex_180_bt,,1,,28000,30250,,5,,,,,,,,,,,,,,,,,"23,27","NEW extension,Extension SoftBank 601HW WHITE"
1666,10875,747,2372,No,166-[extension]167Days (Value Rental Pack: 6Months Pack),2,カート用延長フラグ,Extension SoftBank 601HW [50GB],1,,,,,,,,*,sl/img001-ex.jpg,*,sl/img001-ex.jpg,,,,,,,,,,,,,,,,,,,,,,,0,1,en_sl_ex_180,,1,,28000,28000,,5,,,,,,,,,,,,,,,,,"23,27","NEW extension,Extension SoftBank 601HW WHITE"
1666,10876,748,2373,Yes,167-[extension]168Days (Value Rental Pack: 6Months Pack),2,カート用延長フラグ,Extension SoftBank 601HW [50GB],1,,,,,,,,*,sl/img001-ex.jpg,*,sl/img001-ex.jpg,,,,,,,,,,,,,,,,,,,,,,,0,1,en_sl_ex_180_bt,,1,,28000,30250,,5,,,,,,,,,,,,,,,,,"23,27","NEW extension,Extension SoftBank 601HW WHITE"
1666,10877,747,2373,No,167-[extension]168Days (Value Rental Pack: 6Months Pack),2,カート用延長フラグ,Extension SoftBank 601HW [50GB],1,,,,,,,,*,sl/img001-ex.jpg,*,sl/img001-ex.jpg,,,,,,,,,,,,,,,,,,,,,,,0,1,en_sl_ex_180,,1,,28000,28000,,5,,,,,,,,,,,,,,,,,"23,27","NEW extension,Extension SoftBank 601HW WHITE"
1666,10878,748,2374,Yes,168-[extension]169Days (Value Rental Pack: 6Months Pack),2,カート用延長フラグ,Extension SoftBank 601HW [50GB],1,,,,,,,,*,sl/img001-ex.jpg,*,sl/img001-ex.jpg,,,,,,,,,,,,,,,,,,,,,,,0,1,en_sl_ex_180_bt,,1,,28000,30250,,5,,,,,,,,,,,,,,,,,"23,27","NEW extension,Extension SoftBank 601HW WHITE"
1666,10879,747,2374,No,168-[extension]169Days (Value Rental Pack: 6Months Pack),2,カート用延長フラグ,Extension SoftBank 601HW [50GB],1,,,,,,,,*,sl/img001-ex.jpg,*,sl/img001-ex.jpg,,,,,,,,,,,,,,,,,,,,,,,0,1,en_sl_ex_180,,1,,28000,28000,,5,,,,,,,,,,,,,,,,,"23,27","NEW extension,Extension SoftBank 601HW WHITE"
1666,10880,748,2375,Yes,169-[extension]170Days (Value Rental Pack: 6Months Pack),2,カート用延長フラグ,Extension SoftBank 601HW [50GB],1,,,,,,,,*,sl/img001-ex.jpg,*,sl/img001-ex.jpg,,,,,,,,,,,,,,,,,,,,,,,0,1,en_sl_ex_180_bt,,1,,28000,30250,,5,,,,,,,,,,,,,,,,,"23,27","NEW extension,Extension SoftBank 601HW WHITE"
1666,10881,747,2375,No,169-[extension]170Days (Value Rental Pack: 6Months Pack),2,カート用延長フラグ,Extension SoftBank 601HW [50GB],1,,,,,,,,*,sl/img001-ex.jpg,*,sl/img001-ex.jpg,,,,,,,,,,,,,,,,,,,,,,,0,1,en_sl_ex_180,,1,,28000,28000,,5,,,,,,,,,,,,,,,,,"23,27","NEW extension,Extension SoftBank 601HW WHITE"
1666,10882,748,2376,Yes,170-[extension]171Days (Value Rental Pack: 6Months Pack),2,カート用延長フラグ,Extension SoftBank 601HW [50GB],1,,,,,,,,*,sl/img001-ex.jpg,*,sl/img001-ex.jpg,,,,,,,,,,,,,,,,,,,,,,,0,1,en_sl_ex_180_bt,,1,,28000,30250,,5,,,,,,,,,,,,,,,,,"23,27","NEW extension,Extension SoftBank 601HW WHITE"
1666,10883,747,2376,No,170-[extension]171Days (Value Rental Pack: 6Months Pack),2,カート用延長フラグ,Extension SoftBank 601HW [50GB],1,,,,,,,,*,sl/img001-ex.jpg,*,sl/img001-ex.jpg,,,,,,,,,,,,,,,,,,,,,,,0,1,en_sl_ex_180,,1,,28000,28000,,5,,,,,,,,,,,,,,,,,"23,27","NEW extension,Extension SoftBank 601HW WHITE"
1666,10884,748,2377,Yes,171-[extension]172Days (Value Rental Pack: 6Months Pack),2,カート用延長フラグ,Extension SoftBank 601HW [50GB],1,,,,,,,,*,sl/img001-ex.jpg,*,sl/img001-ex.jpg,,,,,,,,,,,,,,,,,,,,,,,0,1,en_sl_ex_180_bt,,1,,28000,30250,,5,,,,,,,,,,,,,,,,,"23,27","NEW extension,Extension SoftBank 601HW WHITE"
1666,10885,747,2377,No,171-[extension]172Days (Value Rental Pack: 6Months Pack),2,カート用延長フラグ,Extension SoftBank 601HW [50GB],1,,,,,,,,*,sl/img001-ex.jpg,*,sl/img001-ex.jpg,,,,,,,,,,,,,,,,,,,,,,,0,1,en_sl_ex_180,,1,,28000,28000,,5,,,,,,,,,,,,,,,,,"23,27","NEW extension,Extension SoftBank 601HW WHITE"
1666,10886,748,2378,Yes,172-[extension]173Days (Value Rental Pack: 6Months Pack),2,カート用延長フラグ,Extension SoftBank 601HW [50GB],1,,,,,,,,*,sl/img001-ex.jpg,*,sl/img001-ex.jpg,,,,,,,,,,,,,,,,,,,,,,,0,1,en_sl_ex_180_bt,,1,,28000,30250,,5,,,,,,,,,,,,,,,,,"23,27","NEW extension,Extension SoftBank 601HW WHITE"
1666,10887,747,2378,No,172-[extension]173Days (Value Rental Pack: 6Months Pack),2,カート用延長フラグ,Extension SoftBank 601HW [50GB],1,,,,,,,,*,sl/img001-ex.jpg,*,sl/img001-ex.jpg,,,,,,,,,,,,,,,,,,,,,,,0,1,en_sl_ex_180,,1,,28000,28000,,5,,,,,,,,,,,,,,,,,"23,27","NEW extension,Extension SoftBank 601HW WHITE"
1666,10888,748,2379,Yes,173-[extension]174Days (Value Rental Pack: 6Months Pack),2,カート用延長フラグ,Extension SoftBank 601HW [50GB],1,,,,,,,,*,sl/img001-ex.jpg,*,sl/img001-ex.jpg,,,,,,,,,,,,,,,,,,,,,,,0,1,en_sl_ex_180_bt,,1,,28000,30250,,5,,,,,,,,,,,,,,,,,"23,27","NEW extension,Extension SoftBank 601HW WHITE"
1666,10889,747,2379,No,173-[extension]174Days (Value Rental Pack: 6Months Pack),2,カート用延長フラグ,Extension SoftBank 601HW [50GB],1,,,,,,,,*,sl/img001-ex.jpg,*,sl/img001-ex.jpg,,,,,,,,,,,,,,,,,,,,,,,0,1,en_sl_ex_180,,1,,28000,28000,,5,,,,,,,,,,,,,,,,,"23,27","NEW extension,Extension SoftBank 601HW WHITE"
1666,10890,748,2380,Yes,174-[extension]175Days (Value Rental Pack: 6Months Pack),2,カート用延長フラグ,Extension SoftBank 601HW [50GB],1,,,,,,,,*,sl/img001-ex.jpg,*,sl/img001-ex.jpg,,,,,,,,,,,,,,,,,,,,,,,0,1,en_sl_ex_180_bt,,1,,28000,30250,,5,,,,,,,,,,,,,,,,,"23,27","NEW extension,Extension SoftBank 601HW WHITE"
1666,10891,747,2380,No,174-[extension]175Days (Value Rental Pack: 6Months Pack),2,カート用延長フラグ,Extension SoftBank 601HW [50GB],1,,,,,,,,*,sl/img001-ex.jpg,*,sl/img001-ex.jpg,,,,,,,,,,,,,,,,,,,,,,,0,1,en_sl_ex_180,,1,,28000,28000,,5,,,,,,,,,,,,,,,,,"23,27","NEW extension,Extension SoftBank 601HW WHITE"
1666,10892,748,2381,Yes,175-[extension]176Days (Value Rental Pack: 6Months Pack),2,カート用延長フラグ,Extension SoftBank 601HW [50GB],1,,,,,,,,*,sl/img001-ex.jpg,*,sl/img001-ex.jpg,,,,,,,,,,,,,,,,,,,,,,,0,1,en_sl_ex_180_bt,,1,,28000,30250,,5,,,,,,,,,,,,,,,,,"23,27","NEW extension,Extension SoftBank 601HW WHITE"
1666,10893,747,2381,No,175-[extension]176Days (Value Rental Pack: 6Months Pack),2,カート用延長フラグ,Extension SoftBank 601HW [50GB],1,,,,,,,,*,sl/img001-ex.jpg,*,sl/img001-ex.jpg,,,,,,,,,,,,,,,,,,,,,,,0,1,en_sl_ex_180,,1,,28000,28000,,5,,,,,,,,,,,,,,,,,"23,27","NEW extension,Extension SoftBank 601HW WHITE"
1666,10894,748,2382,Yes,176-[extension]177Days (Value Rental Pack: 6Months Pack),2,カート用延長フラグ,Extension SoftBank 601HW [50GB],1,,,,,,,,*,sl/img001-ex.jpg,*,sl/img001-ex.jpg,,,,,,,,,,,,,,,,,,,,,,,0,1,en_sl_ex_180_bt,,1,,28000,30250,,5,,,,,,,,,,,,,,,,,"23,27","NEW extension,Extension SoftBank 601HW WHITE"
1666,10895,747,2382,No,176-[extension]177Days (Value Rental Pack: 6Months Pack),2,カート用延長フラグ,Extension SoftBank 601HW [50GB],1,,,,,,,,*,sl/img001-ex.jpg,*,sl/img001-ex.jpg,,,,,,,,,,,,,,,,,,,,,,,0,1,en_sl_ex_180,,1,,28000,28000,,5,,,,,,,,,,,,,,,,,"23,27","NEW extension,Extension SoftBank 601HW WHITE"
1666,10896,748,2383,Yes,177-[extension]178Days (Value Rental Pack: 6Months Pack),2,カート用延長フラグ,Extension SoftBank 601HW [50GB],1,,,,,,,,*,sl/img001-ex.jpg,*,sl/img001-ex.jpg,,,,,,,,,,,,,,,,,,,,,,,0,1,en_sl_ex_180_bt,,1,,28000,30250,,5,,,,,,,,,,,,,,,,,"23,27","NEW extension,Extension SoftBank 601HW WHITE"
1666,10897,747,2383,No,177-[extension]178Days (Value Rental Pack: 6Months Pack),2,カート用延長フラグ,Extension SoftBank 601HW [50GB],1,,,,,,,,*,sl/img001-ex.jpg,*,sl/img001-ex.jpg,,,,,,,,,,,,,,,,,,,,,,,0,1,en_sl_ex_180,,1,,28000,28000,,5,,,,,,,,,,,,,,,,,"23,27","NEW extension,Extension SoftBank 601HW WHITE"
1666,10898,748,2384,Yes,178-[extension]179Days (Value Rental Pack: 6Months Pack),2,カート用延長フラグ,Extension SoftBank 601HW [50GB],1,,,,,,,,*,sl/img001-ex.jpg,*,sl/img001-ex.jpg,,,,,,,,,,,,,,,,,,,,,,,0,1,en_sl_ex_180_bt,,1,,28000,30250,,5,,,,,,,,,,,,,,,,,"23,27","NEW extension,Extension SoftBank 601HW WHITE"
1666,10899,747,2384,No,178-[extension]179Days (Value Rental Pack: 6Months Pack),2,カート用延長フラグ,Extension SoftBank 601HW [50GB],1,,,,,,,,*,sl/img001-ex.jpg,*,sl/img001-ex.jpg,,,,,,,,,,,,,,,,,,,,,,,0,1,en_sl_ex_180,,1,,28000,28000,,5,,,,,,,,,,,,,,,,,"23,27","NEW extension,Extension SoftBank 601HW WHITE"
1666,10900,748,2385,Yes,179-[extension]180Days (Value Rental Pack: 6Months Pack),2,カート用延長フラグ,Extension SoftBank 601HW [50GB],1,,,,,,,,*,sl/img001-ex.jpg,*,sl/img001-ex.jpg,,,,,,,,,,,,,,,,,,,,,,,0,1,en_sl_ex_180_bt,,1,,28000,30250,,5,,,,,,,,,,,,,,,,,"23,27","NEW extension,Extension SoftBank 601HW WHITE"
1666,10901,747,2385,No,179-[extension]180Days (Value Rental Pack: 6Months Pack),2,カート用延長フラグ,Extension SoftBank 601HW [50GB],1,,,,,,,,*,sl/img001-ex.jpg,*,sl/img001-ex.jpg,,,,,,,,,,,,,,,,,,,,,,,0,1,en_sl_ex_180,,1,,28000,28000,,5,,,,,,,,,,,,,,,,,"23,27","NEW extension,Extension SoftBank 601HW WHITE"
1666,10902,748,2386,Yes,180-[extension]181Days (Value Rental Pack: 6Months Pack),2,カート用延長フラグ,Extension SoftBank 601HW [50GB],1,,,,,,,,*,sl/img001-ex.jpg,*,sl/img001-ex.jpg,,,,,,,,,,,,,,,,,,,,,,,0,1,en_sl_ex_180_bt,,1,,28000,30250,,5,,,,,,,,,,,,,,,,,"23,27","NEW extension,Extension SoftBank 601HW WHITE"
1666,10903,747,2386,No,180-[extension]181Days (Value Rental Pack: 6Months Pack),2,カート用延長フラグ,Extension SoftBank 601HW [50GB],1,,,,,,,,*,sl/img001-ex.jpg,*,sl/img001-ex.jpg,,,,,,,,,,,,,,,,,,,,,,,0,1,en_sl_ex_180,,1,,28000,28000,,5,,,,,,,,,,,,,,,,,"23,27","NEW extension,Extension SoftBank 601HW WHITE"
1666,10904,748,2387,Yes,181-[extension]182Days (Value Rental Pack: 6Months Pack + 1Day),2,カート用延長フラグ,Extension SoftBank 601HW [50GB],1,,,,,,,,*,sl/img001-ex.jpg,*,sl/img001-ex.jpg,,,,,,,,,,,,,,,,,,,,,,,0,1,en_sl_ex_181_bt,,1,,28490,30790,,5,,,,,,,,,,,,,,,,,"23,27","NEW extension,Extension SoftBank 601HW WHITE"
1666,10905,747,2387,No,181-[extension]182Days (Value Rental Pack: 6Months Pack + 1Day),2,カート用延長フラグ,Extension SoftBank 601HW [50GB],1,,,,,,,,*,sl/img001-ex.jpg,*,sl/img001-ex.jpg,,,,,,,,,,,,,,,,,,,,,,,0,1,en_sl_ex_181,,1,,28490,28490,,5,,,,,,,,,,,,,,,,,"23,27","NEW extension,Extension SoftBank 601HW WHITE"
1666,10906,748,2388,Yes,182-[extension]183Days (Value Rental Pack: 6Months Pack + 2Days),2,カート用延長フラグ,Extension SoftBank 601HW [50GB],1,,,,,,,,*,sl/img001-ex.jpg,*,sl/img001-ex.jpg,,,,,,,,,,,,,,,,,,,,,,,0,1,en_sl_ex_182_bt,,1,,28980,31330,,5,,,,,,,,,,,,,,,,,"23,27","NEW extension,Extension SoftBank 601HW WHITE"
1666,10907,747,2388,No,182-[extension]183Days (Value Rental Pack: 6Months Pack + 2Days),2,カート用延長フラグ,Extension SoftBank 601HW [50GB],1,,,,,,,,*,sl/img001-ex.jpg,*,sl/img001-ex.jpg,,,,,,,,,,,,,,,,,,,,,,,0,1,en_sl_ex_182,,1,,28980,28980,,5,,,,,,,,,,,,,,,,,"23,27","NEW extension,Extension SoftBank 601HW WHITE"
1666,10908,748,2389,Yes,183-[extension]184Days (Value Rental Pack: 6Months Pack + 3Days),2,カート用延長フラグ,Extension SoftBank 601HW [50GB],1,,,,,,,,*,sl/img001-ex.jpg,*,sl/img001-ex.jpg,,,,,,,,,,,,,,,,,,,,,,,0,1,en_sl_ex_183_bt,,1,,29470,31870,,5,,,,,,,,,,,,,,,,,"23,27","NEW extension,Extension SoftBank 601HW WHITE"
1666,10909,747,2389,No,183-[extension]184Days (Value Rental Pack: 6Months Pack + 3Days),2,カート用延長フラグ,Extension SoftBank 601HW [50GB],1,,,,,,,,*,sl/img001-ex.jpg,*,sl/img001-ex.jpg,,,,,,,,,,,,,,,,,,,,,,,0,1,en_sl_ex_183,,1,,29470,29470,,5,,,,,,,,,,,,,,,,,"23,27","NEW extension,Extension SoftBank 601HW WHITE"
1666,10910,748,2390,Yes,184-[extension]185Days (Value Rental Pack: 6Months Pack + 4Days),2,カート用延長フラグ,Extension SoftBank 601HW [50GB],1,,,,,,,,*,sl/img001-ex.jpg,*,sl/img001-ex.jpg,,,,,,,,,,,,,,,,,,,,,,,0,1,en_sl_ex_184_bt,,1,,29960,32410,,5,,,,,,,,,,,,,,,,,"23,27","NEW extension,Extension SoftBank 601HW WHITE"
1666,10911,747,2390,No,184-[extension]185Days (Value Rental Pack: 6Months Pack + 4Days),2,カート用延長フラグ,Extension SoftBank 601HW [50GB],1,,,,,,,,*,sl/img001-ex.jpg,*,sl/img001-ex.jpg,,,,,,,,,,,,,,,,,,,,,,,0,1,en_sl_ex_184,,1,,29960,29960,,5,,,,,,,,,,,,,,,,,"23,27","NEW extension,Extension SoftBank 601HW WHITE"
1666,10912,748,2391,Yes,185-[extension]186Days (Value Rental Pack: 6Months Pack + 5Days),2,カート用延長フラグ,Extension SoftBank 601HW [50GB],1,,,,,,,,*,sl/img001-ex.jpg,*,sl/img001-ex.jpg,,,,,,,,,,,,,,,,,,,,,,,0,1,en_sl_ex_185_bt,,1,,30450,32950,,5,,,,,,,,,,,,,,,,,"23,27","NEW extension,Extension SoftBank 601HW WHITE"
1666,10913,747,2391,No,185-[extension]186Days (Value Rental Pack: 6Months Pack + 5Days),2,カート用延長フラグ,Extension SoftBank 601HW [50GB],1,,,,,,,,*,sl/img001-ex.jpg,*,sl/img001-ex.jpg,,,,,,,,,,,,,,,,,,,,,,,0,1,en_sl_ex_185,,1,,30450,30450,,5,,,,,,,,,,,,,,,,,"23,27","NEW extension,Extension SoftBank 601HW WHITE"
1666,10914,748,2392,Yes,186-[extension]187Days (Value Rental Pack: 6Months Pack + 6Days),2,カート用延長フラグ,Extension SoftBank 601HW [50GB],1,,,,,,,,*,sl/img001-ex.jpg,*,sl/img001-ex.jpg,,,,,,,,,,,,,,,,,,,,,,,0,1,en_sl_ex_186_bt,,1,,30940,33490,,5,,,,,,,,,,,,,,,,,"23,27","NEW extension,Extension SoftBank 601HW WHITE"
1666,10915,747,2392,No,186-[extension]187Days (Value Rental Pack: 6Months Pack + 6Days),2,カート用延長フラグ,Extension SoftBank 601HW [50GB],1,,,,,,,,*,sl/img001-ex.jpg,*,sl/img001-ex.jpg,,,,,,,,,,,,,,,,,,,,,,,0,1,en_sl_ex_186,,1,,30940,30940,,5,,,,,,,,,,,,,,,,,"23,27","NEW extension,Extension SoftBank 601HW WHITE"
1666,10916,748,2393,Yes,187-[extension]188Days (Value Rental Pack: 6Months Pack + 7Days),2,カート用延長フラグ,Extension SoftBank 601HW [50GB],1,,,,,,,,*,sl/img001-ex.jpg,*,sl/img001-ex.jpg,,,,,,,,,,,,,,,,,,,,,,,0,1,en_sl_ex_187_bt,,1,,31430,34030,,5,,,,,,,,,,,,,,,,,"23,27","NEW extension,Extension SoftBank 601HW WHITE"
1666,10917,747,2393,No,187-[extension]188Days (Value Rental Pack: 6Months Pack + 7Days),2,カート用延長フラグ,Extension SoftBank 601HW [50GB],1,,,,,,,,*,sl/img001-ex.jpg,*,sl/img001-ex.jpg,,,,,,,,,,,,,,,,,,,,,,,0,1,en_sl_ex_187,,1,,31430,31430,,5,,,,,,,,,,,,,,,,,"23,27","NEW extension,Extension SoftBank 601HW WHITE"
1666,10918,748,2394,Yes,188-[extension]189Days (Value Rental Pack: 6Months Pack + 8Days),2,カート用延長フラグ,Extension SoftBank 601HW [50GB],1,,,,,,,,*,sl/img001-ex.jpg,*,sl/img001-ex.jpg,,,,,,,,,,,,,,,,,,,,,,,0,1,en_sl_ex_188_bt,,1,,31920,34570,,5,,,,,,,,,,,,,,,,,"23,27","NEW extension,Extension SoftBank 601HW WHITE"
1666,10919,747,2394,No,188-[extension]189Days (Value Rental Pack: 6Months Pack + 8Days),2,カート用延長フラグ,Extension SoftBank 601HW [50GB],1,,,,,,,,*,sl/img001-ex.jpg,*,sl/img001-ex.jpg,,,,,,,,,,,,,,,,,,,,,,,0,1,en_sl_ex_188,,1,,31920,31920,,5,,,,,,,,,,,,,,,,,"23,27","NEW extension,Extension SoftBank 601HW WHITE"
1666,10920,748,2395,Yes,189-[extension]190Days (Value Rental Pack: 6Months Pack + 9Days),2,カート用延長フラグ,Extension SoftBank 601HW [50GB],1,,,,,,,,*,sl/img001-ex.jpg,*,sl/img001-ex.jpg,,,,,,,,,,,,,,,,,,,,,,,0,1,en_sl_ex_189_bt,,1,,32410,35110,,5,,,,,,,,,,,,,,,,,"23,27","NEW extension,Extension SoftBank 601HW WHITE"
1666,10921,747,2395,No,189-[extension]190Days (Value Rental Pack: 6Months Pack + 9Days),2,カート用延長フラグ,Extension SoftBank 601HW [50GB],1,,,,,,,,*,sl/img001-ex.jpg,*,sl/img001-ex.jpg,,,,,,,,,,,,,,,,,,,,,,,0,1,en_sl_ex_189,,1,,32410,32410,,5,,,,,,,,,,,,,,,,,"23,27","NEW extension,Extension SoftBank 601HW WHITE"
1666,10922,748,2396,Yes,190-[extension]191Days (Value Rental Pack: 6Months Pack + 10Days),2,カート用延長フラグ,Extension SoftBank 601HW [50GB],1,,,,,,,,*,sl/img001-ex.jpg,*,sl/img001-ex.jpg,,,,,,,,,,,,,,,,,,,,,,,0,1,en_sl_ex_190_bt,,1,,32900,35650,,5,,,,,,,,,,,,,,,,,"23,27","NEW extension,Extension SoftBank 601HW WHITE"
1666,10923,747,2396,No,190-[extension]191Days (Value Rental Pack: 6Months Pack + 10Days),2,カート用延長フラグ,Extension SoftBank 601HW [50GB],1,,,,,,,,*,sl/img001-ex.jpg,*,sl/img001-ex.jpg,,,,,,,,,,,,,,,,,,,,,,,0,1,en_sl_ex_190,,1,,32900,32900,,5,,,,,,,,,,,,,,,,,"23,27","NEW extension,Extension SoftBank 601HW WHITE"
1666,10924,748,2397,Yes,191-[extension]192Days (Value Rental Pack: 6Months Pack + 11Days),2,カート用延長フラグ,Extension SoftBank 601HW [50GB],1,,,,,,,,*,sl/img001-ex.jpg,*,sl/img001-ex.jpg,,,,,,,,,,,,,,,,,,,,,,,0,1,en_sl_ex_191_bt,,1,,33390,36190,,5,,,,,,,,,,,,,,,,,"23,27","NEW extension,Extension SoftBank 601HW WHITE"
1666,10925,747,2397,No,191-[extension]192Days (Value Rental Pack: 6Months Pack + 11Days),2,カート用延長フラグ,Extension SoftBank 601HW [50GB],1,,,,,,,,*,sl/img001-ex.jpg,*,sl/img001-ex.jpg,,,,,,,,,,,,,,,,,,,,,,,0,1,en_sl_ex_191,,1,,33390,33390,,5,,,,,,,,,,,,,,,,,"23,27","NEW extension,Extension SoftBank 601HW WHITE"
1666,10926,748,2398,Yes,192-[extension]193Days (Value Rental Pack: 6Months Pack + 12Days),2,カート用延長フラグ,Extension SoftBank 601HW [50GB],1,,,,,,,,*,sl/img001-ex.jpg,*,sl/img001-ex.jpg,,,,,,,,,,,,,,,,,,,,,,,0,1,en_sl_ex_192_bt,,1,,33880,36730,,5,,,,,,,,,,,,,,,,,"23,27","NEW extension,Extension SoftBank 601HW WHITE"
1666,10927,747,2398,No,192-[extension]193Days (Value Rental Pack: 6Months Pack + 12Days),2,カート用延長フラグ,Extension SoftBank 601HW [50GB],1,,,,,,,,*,sl/img001-ex.jpg,*,sl/img001-ex.jpg,,,,,,,,,,,,,,,,,,,,,,,0,1,en_sl_ex_192,,1,,33880,33880,,5,,,,,,,,,,,,,,,,,"23,27","NEW extension,Extension SoftBank 601HW WHITE"
1666,10928,748,2399,Yes,193-[extension]194Days (Value Rental Pack: 6Months Pack + 13Days),2,カート用延長フラグ,Extension SoftBank 601HW [50GB],1,,,,,,,,*,sl/img001-ex.jpg,*,sl/img001-ex.jpg,,,,,,,,,,,,,,,,,,,,,,,0,1,en_sl_ex_193_bt,,1,,34370,37270,,5,,,,,,,,,,,,,,,,,"23,27","NEW extension,Extension SoftBank 601HW WHITE"
1666,10929,747,2399,No,193-[extension]194Days (Value Rental Pack: 6Months Pack + 13Days),2,カート用延長フラグ,Extension SoftBank 601HW [50GB],1,,,,,,,,*,sl/img001-ex.jpg,*,sl/img001-ex.jpg,,,,,,,,,,,,,,,,,,,,,,,0,1,en_sl_ex_193,,1,,34370,34370,,5,,,,,,,,,,,,,,,,,"23,27","NEW extension,Extension SoftBank 601HW WHITE"
1666,10930,748,2400,Yes,194-[extension]195Days (Value Rental Pack: 6Months Pack + 14Days),2,カート用延長フラグ,Extension SoftBank 601HW [50GB],1,,,,,,,,*,sl/img001-ex.jpg,*,sl/img001-ex.jpg,,,,,,,,,,,,,,,,,,,,,,,0,1,en_sl_ex_194_bt,,1,,34860,37810,,5,,,,,,,,,,,,,,,,,"23,27","NEW extension,Extension SoftBank 601HW WHITE"
1666,10931,747,2400,No,194-[extension]195Days (Value Rental Pack: 6Months Pack + 14Days),2,カート用延長フラグ,Extension SoftBank 601HW [50GB],1,,,,,,,,*,sl/img001-ex.jpg,*,sl/img001-ex.jpg,,,,,,,,,,,,,,,,,,,,,,,0,1,en_sl_ex_194,,1,,34860,34860,,5,,,,,,,,,,,,,,,,,"23,27","NEW extension,Extension SoftBank 601HW WHITE"
1666,10932,748,2401,Yes,195-[extension]196Days (Value Rental Pack: 6Months Pack + 1Month Pack),2,カート用延長フラグ,Extension SoftBank 601HW [50GB],1,,,,,,,,*,sl/img001-ex.jpg,*,sl/img001-ex.jpg,,,,,,,,,,,,,,,,,,,,,,,0,1,en_sl_ex_211_bt,,1,,35350,38350,,5,,,,,,,,,,,,,,,,,"23,27","NEW extension,Extension SoftBank 601HW WHITE"
1666,10933,747,2401,No,195-[extension]196Days (Value Rental Pack: 6Months Pack + 1Month Pack),2,カート用延長フラグ,Extension SoftBank 601HW [50GB],1,,,,,,,,*,sl/img001-ex.jpg,*,sl/img001-ex.jpg,,,,,,,,,,,,,,,,,,,,,,,0,1,en_sl_ex_211,,1,,35350,35350,,5,,,,,,,,,,,,,,,,,"23,27","NEW extension,Extension SoftBank 601HW WHITE"
1666,10934,748,2402,Yes,196-[extension]197Days (Value Rental Pack: 6Months Pack + 1Month Pack),2,カート用延長フラグ,Extension SoftBank 601HW [50GB],1,,,,,,,,*,sl/img001-ex.jpg,*,sl/img001-ex.jpg,,,,,,,,,,,,,,,,,,,,,,,0,1,en_sl_ex_211_bt,,1,,35350,38350,,5,,,,,,,,,,,,,,,,,"23,27","NEW extension,Extension SoftBank 601HW WHITE"
1666,10935,747,2402,No,196-[extension]197Days (Value Rental Pack: 6Months Pack + 1Month Pack),2,カート用延長フラグ,Extension SoftBank 601HW [50GB],1,,,,,,,,*,sl/img001-ex.jpg,*,sl/img001-ex.jpg,,,,,,,,,,,,,,,,,,,,,,,0,1,en_sl_ex_211,,1,,35350,35350,,5,,,,,,,,,,,,,,,,,"23,27","NEW extension,Extension SoftBank 601HW WHITE"
1666,10936,748,2403,Yes,197-[extension]198Days (Value Rental Pack: 6Months Pack + 1Month Pack),2,カート用延長フラグ,Extension SoftBank 601HW [50GB],1,,,,,,,,*,sl/img001-ex.jpg,*,sl/img001-ex.jpg,,,,,,,,,,,,,,,,,,,,,,,0,1,en_sl_ex_211_bt,,1,,35350,38350,,5,,,,,,,,,,,,,,,,,"23,27","NEW extension,Extension SoftBank 601HW WHITE"
1666,10937,747,2403,No,197-[extension]198Days (Value Rental Pack: 6Months Pack + 1Month Pack),2,カート用延長フラグ,Extension SoftBank 601HW [50GB],1,,,,,,,,*,sl/img001-ex.jpg,*,sl/img001-ex.jpg,,,,,,,,,,,,,,,,,,,,,,,0,1,en_sl_ex_211,,1,,35350,35350,,5,,,,,,,,,,,,,,,,,"23,27","NEW extension,Extension SoftBank 601HW WHITE"
1666,10938,748,2404,Yes,198-[extension]199Days (Value Rental Pack: 6Months Pack + 1Month Pack),2,カート用延長フラグ,Extension SoftBank 601HW [50GB],1,,,,,,,,*,sl/img001-ex.jpg,*,sl/img001-ex.jpg,,,,,,,,,,,,,,,,,,,,,,,0,1,en_sl_ex_211_bt,,1,,35350,38350,,5,,,,,,,,,,,,,,,,,"23,27","NEW extension,Extension SoftBank 601HW WHITE"
1666,10939,747,2404,No,198-[extension]199Days (Value Rental Pack: 6Months Pack + 1Month Pack),2,カート用延長フラグ,Extension SoftBank 601HW [50GB],1,,,,,,,,*,sl/img001-ex.jpg,*,sl/img001-ex.jpg,,,,,,,,,,,,,,,,,,,,,,,0,1,en_sl_ex_211,,1,,35350,35350,,5,,,,,,,,,,,,,,,,,"23,27","NEW extension,Extension SoftBank 601HW WHITE"
1666,10940,748,2405,Yes,199-[extension]200Days (Value Rental Pack: 6Months Pack + 1Month Pack),2,カート用延長フラグ,Extension SoftBank 601HW [50GB],1,,,,,,,,*,sl/img001-ex.jpg,*,sl/img001-ex.jpg,,,,,,,,,,,,,,,,,,,,,,,0,1,en_sl_ex_211_bt,,1,,35350,38350,,5,,,,,,,,,,,,,,,,,"23,27","NEW extension,Extension SoftBank 601HW WHITE"
1666,10941,747,2405,No,199-[extension]200Days (Value Rental Pack: 6Months Pack + 1Month Pack),2,カート用延長フラグ,Extension SoftBank 601HW [50GB],1,,,,,,,,*,sl/img001-ex.jpg,*,sl/img001-ex.jpg,,,,,,,,,,,,,,,,,,,,,,,0,1,en_sl_ex_211,,1,,35350,35350,,5,,,,,,,,,,,,,,,,,"23,27","NEW extension,Extension SoftBank 601HW WHITE"
1666,10942,748,2406,Yes,200-[extension]201Days (Value Rental Pack: 6Months Pack + 1Month Pack),2,カート用延長フラグ,Extension SoftBank 601HW [50GB],1,,,,,,,,*,sl/img001-ex.jpg,*,sl/img001-ex.jpg,,,,,,,,,,,,,,,,,,,,,,,0,1,en_sl_ex_211_bt,,1,,35350,38350,,5,,,,,,,,,,,,,,,,,"23,27","NEW extension,Extension SoftBank 601HW WHITE"
1666,10943,747,2406,No,200-[extension]201Days (Value Rental Pack: 6Months Pack + 1Month Pack),2,カート用延長フラグ,Extension SoftBank 601HW [50GB],1,,,,,,,,*,sl/img001-ex.jpg,*,sl/img001-ex.jpg,,,,,,,,,,,,,,,,,,,,,,,0,1,en_sl_ex_211,,1,,35350,35350,,5,,,,,,,,,,,,,,,,,"23,27","NEW extension,Extension SoftBank 601HW WHITE"
1666,10944,748,2407,Yes,201-[extension]202Days (Value Rental Pack: 6Months Pack + 1Month Pack),2,カート用延長フラグ,Extension SoftBank 601HW [50GB],1,,,,,,,,*,sl/img001-ex.jpg,*,sl/img001-ex.jpg,,,,,,,,,,,,,,,,,,,,,,,0,1,en_sl_ex_211_bt,,1,,35350,38350,,5,,,,,,,,,,,,,,,,,"23,27","NEW extension,Extension SoftBank 601HW WHITE"
1666,10945,747,2407,No,201-[extension]202Days (Value Rental Pack: 6Months Pack + 1Month Pack),2,カート用延長フラグ,Extension SoftBank 601HW [50GB],1,,,,,,,,*,sl/img001-ex.jpg,*,sl/img001-ex.jpg,,,,,,,,,,,,,,,,,,,,,,,0,1,en_sl_ex_211,,1,,35350,35350,,5,,,,,,,,,,,,,,,,,"23,27","NEW extension,Extension SoftBank 601HW WHITE"
1666,10946,748,2408,Yes,202-[extension]203Days (Value Rental Pack: 6Months Pack + 1Month Pack),2,カート用延長フラグ,Extension SoftBank 601HW [50GB],1,,,,,,,,*,sl/img001-ex.jpg,*,sl/img001-ex.jpg,,,,,,,,,,,,,,,,,,,,,,,0,1,en_sl_ex_211_bt,,1,,35350,38350,,5,,,,,,,,,,,,,,,,,"23,27","NEW extension,Extension SoftBank 601HW WHITE"
1666,10947,747,2408,No,202-[extension]203Days (Value Rental Pack: 6Months Pack + 1Month Pack),2,カート用延長フラグ,Extension SoftBank 601HW [50GB],1,,,,,,,,*,sl/img001-ex.jpg,*,sl/img001-ex.jpg,,,,,,,,,,,,,,,,,,,,,,,0,1,en_sl_ex_211,,1,,35350,35350,,5,,,,,,,,,,,,,,,,,"23,27","NEW extension,Extension SoftBank 601HW WHITE"
1666,10948,748,2409,Yes,203-[extension]204Days (Value Rental Pack: 6Months Pack + 1Month Pack),2,カート用延長フラグ,Extension SoftBank 601HW [50GB],1,,,,,,,,*,sl/img001-ex.jpg,*,sl/img001-ex.jpg,,,,,,,,,,,,,,,,,,,,,,,0,1,en_sl_ex_211_bt,,1,,35350,38350,,5,,,,,,,,,,,,,,,,,"23,27","NEW extension,Extension SoftBank 601HW WHITE"
1666,10949,747,2409,No,203-[extension]204Days (Value Rental Pack: 6Months Pack + 1Month Pack),2,カート用延長フラグ,Extension SoftBank 601HW [50GB],1,,,,,,,,*,sl/img001-ex.jpg,*,sl/img001-ex.jpg,,,,,,,,,,,,,,,,,,,,,,,0,1,en_sl_ex_211,,1,,35350,35350,,5,,,,,,,,,,,,,,,,,"23,27","NEW extension,Extension SoftBank 601HW WHITE"
1666,10950,748,2410,Yes,204-[extension]205Days (Value Rental Pack: 6Months Pack + 1Month Pack),2,カート用延長フラグ,Extension SoftBank 601HW [50GB],1,,,,,,,,*,sl/img001-ex.jpg,*,sl/img001-ex.jpg,,,,,,,,,,,,,,,,,,,,,,,0,1,en_sl_ex_211_bt,,1,,35350,38350,,5,,,,,,,,,,,,,,,,,"23,27","NEW extension,Extension SoftBank 601HW WHITE"
1666,10951,747,2410,No,204-[extension]205Days (Value Rental Pack: 6Months Pack + 1Month Pack),2,カート用延長フラグ,Extension SoftBank 601HW [50GB],1,,,,,,,,*,sl/img001-ex.jpg,*,sl/img001-ex.jpg,,,,,,,,,,,,,,,,,,,,,,,0,1,en_sl_ex_211,,1,,35350,35350,,5,,,,,,,,,,,,,,,,,"23,27","NEW extension,Extension SoftBank 601HW WHITE"
1666,10952,748,2411,Yes,205-[extension]206Days (Value Rental Pack: 6Months Pack + 1Month Pack),2,カート用延長フラグ,Extension SoftBank 601HW [50GB],1,,,,,,,,*,sl/img001-ex.jpg,*,sl/img001-ex.jpg,,,,,,,,,,,,,,,,,,,,,,,0,1,en_sl_ex_211_bt,,1,,35350,38350,,5,,,,,,,,,,,,,,,,,"23,27","NEW extension,Extension SoftBank 601HW WHITE"
1666,10953,747,2411,No,205-[extension]206Days (Value Rental Pack: 6Months Pack + 1Month Pack),2,カート用延長フラグ,Extension SoftBank 601HW [50GB],1,,,,,,,,*,sl/img001-ex.jpg,*,sl/img001-ex.jpg,,,,,,,,,,,,,,,,,,,,,,,0,1,en_sl_ex_211,,1,,35350,35350,,5,,,,,,,,,,,,,,,,,"23,27","NEW extension,Extension SoftBank 601HW WHITE"
1666,10954,748,2412,Yes,206-[extension]207Days (Value Rental Pack: 6Months Pack + 1Month Pack),2,カート用延長フラグ,Extension SoftBank 601HW [50GB],1,,,,,,,,*,sl/img001-ex.jpg,*,sl/img001-ex.jpg,,,,,,,,,,,,,,,,,,,,,,,0,1,en_sl_ex_211_bt,,1,,35350,38350,,5,,,,,,,,,,,,,,,,,"23,27","NEW extension,Extension SoftBank 601HW WHITE"
1666,10955,747,2412,No,206-[extension]207Days (Value Rental Pack: 6Months Pack + 1Month Pack),2,カート用延長フラグ,Extension SoftBank 601HW [50GB],1,,,,,,,,*,sl/img001-ex.jpg,*,sl/img001-ex.jpg,,,,,,,,,,,,,,,,,,,,,,,0,1,en_sl_ex_211,,1,,35350,35350,,5,,,,,,,,,,,,,,,,,"23,27","NEW extension,Extension SoftBank 601HW WHITE"
1666,10956,748,2413,Yes,207-[extension]208Days (Value Rental Pack: 6Months Pack + 1Month Pack),2,カート用延長フラグ,Extension SoftBank 601HW [50GB],1,,,,,,,,*,sl/img001-ex.jpg,*,sl/img001-ex.jpg,,,,,,,,,,,,,,,,,,,,,,,0,1,en_sl_ex_211_bt,,1,,35350,38350,,5,,,,,,,,,,,,,,,,,"23,27","NEW extension,Extension SoftBank 601HW WHITE"
1666,10957,747,2413,No,207-[extension]208Days (Value Rental Pack: 6Months Pack + 1Month Pack),2,カート用延長フラグ,Extension SoftBank 601HW [50GB],1,,,,,,,,*,sl/img001-ex.jpg,*,sl/img001-ex.jpg,,,,,,,,,,,,,,,,,,,,,,,0,1,en_sl_ex_211,,1,,35350,35350,,5,,,,,,,,,,,,,,,,,"23,27","NEW extension,Extension SoftBank 601HW WHITE"
1666,10958,748,2414,Yes,208-[extension]209Days (Value Rental Pack: 6Months Pack + 1Month Pack),2,カート用延長フラグ,Extension SoftBank 601HW [50GB],1,,,,,,,,*,sl/img001-ex.jpg,*,sl/img001-ex.jpg,,,,,,,,,,,,,,,,,,,,,,,0,1,en_sl_ex_211_bt,,1,,35350,38350,,5,,,,,,,,,,,,,,,,,"23,27","NEW extension,Extension SoftBank 601HW WHITE"
1666,10959,747,2414,No,208-[extension]209Days (Value Rental Pack: 6Months Pack + 1Month Pack),2,カート用延長フラグ,Extension SoftBank 601HW [50GB],1,,,,,,,,*,sl/img001-ex.jpg,*,sl/img001-ex.jpg,,,,,,,,,,,,,,,,,,,,,,,0,1,en_sl_ex_211,,1,,35350,35350,,5,,,,,,,,,,,,,,,,,"23,27","NEW extension,Extension SoftBank 601HW WHITE"
1666,10960,748,2415,Yes,209-[extension]210Days (Value Rental Pack: 6Months Pack + 1Month Pack),2,カート用延長フラグ,Extension SoftBank 601HW [50GB],1,,,,,,,,*,sl/img001-ex.jpg,*,sl/img001-ex.jpg,,,,,,,,,,,,,,,,,,,,,,,0,1,en_sl_ex_211_bt,,1,,35350,38350,,5,,,,,,,,,,,,,,,,,"23,27","NEW extension,Extension SoftBank 601HW WHITE"
1666,10961,747,2415,No,209-[extension]210Days (Value Rental Pack: 6Months Pack + 1Month Pack),2,カート用延長フラグ,Extension SoftBank 601HW [50GB],1,,,,,,,,*,sl/img001-ex.jpg,*,sl/img001-ex.jpg,,,,,,,,,,,,,,,,,,,,,,,0,1,en_sl_ex_211,,1,,35350,35350,,5,,,,,,,,,,,,,,,,,"23,27","NEW extension,Extension SoftBank 601HW WHITE"
1666,10962,748,2416,Yes,210-[extension]211Days (Value Rental Pack: 6Months Pack + 1Month Pack),2,カート用延長フラグ,Extension SoftBank 601HW [50GB],1,,,,,,,,*,sl/img001-ex.jpg,*,sl/img001-ex.jpg,,,,,,,,,,,,,,,,,,,,,,,0,1,en_sl_ex_211_bt,,1,,35350,38350,,5,,,,,,,,,,,,,,,,,"23,27","NEW extension,Extension SoftBank 601HW WHITE"
1666,10963,747,2416,No,210-[extension]211Days (Value Rental Pack: 6Months Pack + 1Month Pack),2,カート用延長フラグ,Extension SoftBank 601HW [50GB],1,,,,,,,,*,sl/img001-ex.jpg,*,sl/img001-ex.jpg,,,,,,,,,,,,,,,,,,,,,,,0,1,en_sl_ex_211,,1,,35350,35350,,5,,,,,,,,,,,,,,,,,"23,27","NEW extension,Extension SoftBank 601HW WHITE"
1666,10964,748,2417,Yes,211-[extension]212Days (Value Rental Pack: 6Months Pack + 1Month Pack),2,カート用延長フラグ,Extension SoftBank 601HW [50GB],1,,,,,,,,*,sl/img001-ex.jpg,*,sl/img001-ex.jpg,,,,,,,,,,,,,,,,,,,,,,,0,1,en_sl_ex_211_bt,,1,,35350,38350,,5,,,,,,,,,,,,,,,,,"23,27","NEW extension,Extension SoftBank 601HW WHITE"
1666,10965,747,2417,No,211-[extension]212Days (Value Rental Pack: 6Months Pack + 1Month Pack),2,カート用延長フラグ,Extension SoftBank 601HW [50GB],1,,,,,,,,*,sl/img001-ex.jpg,*,sl/img001-ex.jpg,,,,,,,,,,,,,,,,,,,,,,,0,1,en_sl_ex_211,,1,,35350,35350,,5,,,,,,,,,,,,,,,,,"23,27","NEW extension,Extension SoftBank 601HW WHITE"
1666,10966,748,2418,Yes,212-[extension]213Days (Value Rental Pack: 6Months Pack + 1Month Pack + 1Day),2,カート用延長フラグ,Extension SoftBank 601HW [50GB],1,,,,,,,,*,sl/img001-ex.jpg,*,sl/img001-ex.jpg,,,,,,,,,,,,,,,,,,,,,,,0,1,en_sl_ex_212_bt,,1,,35840,38890,,5,,,,,,,,,,,,,,,,,"23,27","NEW extension,Extension SoftBank 601HW WHITE"
1666,10967,747,2418,No,212-[extension]213Days (Value Rental Pack: 6Months Pack + 1Month Pack + 1Day),2,カート用延長フラグ,Extension SoftBank 601HW [50GB],1,,,,,,,,*,sl/img001-ex.jpg,*,sl/img001-ex.jpg,,,,,,,,,,,,,,,,,,,,,,,0,1,en_sl_ex_212,,1,,35840,35840,,5,,,,,,,,,,,,,,,,,"23,27","NEW extension,Extension SoftBank 601HW WHITE"
1666,10968,748,2419,Yes,213-[extension]214Days (Value Rental Pack: 6Months Pack + 1Month Pack + 2Days),2,カート用延長フラグ,Extension SoftBank 601HW [50GB],1,,,,,,,,*,sl/img001-ex.jpg,*,sl/img001-ex.jpg,,,,,,,,,,,,,,,,,,,,,,,0,1,en_sl_ex_213_bt,,1,,36330,39430,,5,,,,,,,,,,,,,,,,,"23,27","NEW extension,Extension SoftBank 601HW WHITE"
1666,10969,747,2419,No,213-[extension]214Days (Value Rental Pack: 6Months Pack + 1Month Pack + 2Days),2,カート用延長フラグ,Extension SoftBank 601HW [50GB],1,,,,,,,,*,sl/img001-ex.jpg,*,sl/img001-ex.jpg,,,,,,,,,,,,,,,,,,,,,,,0,1,en_sl_ex_213,,1,,36330,36330,,5,,,,,,,,,,,,,,,,,"23,27","NEW extension,Extension SoftBank 601HW WHITE"
1666,10970,748,2420,Yes,214-[extension]215Days (Value Rental Pack: 6Months Pack + 1Month Pack + 3Days),2,カート用延長フラグ,Extension SoftBank 601HW [50GB],1,,,,,,,,*,sl/img001-ex.jpg,*,sl/img001-ex.jpg,,,,,,,,,,,,,,,,,,,,,,,0,1,en_sl_ex_214_bt,,1,,36820,39970,,5,,,,,,,,,,,,,,,,,"23,27","NEW extension,Extension SoftBank 601HW WHITE"
1666,10971,747,2420,No,214-[extension]215Days (Value Rental Pack: 6Months Pack + 1Month Pack + 3Days),2,カート用延長フラグ,Extension SoftBank 601HW [50GB],1,,,,,,,,*,sl/img001-ex.jpg,*,sl/img001-ex.jpg,,,,,,,,,,,,,,,,,,,,,,,0,1,en_sl_ex_214,,1,,36820,36820,,5,,,,,,,,,,,,,,,,,"23,27","NEW extension,Extension SoftBank 601HW WHITE"
1666,10972,748,2421,Yes,215-[extension]216Days (Value Rental Pack: 6Months Pack + 1Month Pack + 4Days),2,カート用延長フラグ,Extension SoftBank 601HW [50GB],1,,,,,,,,*,sl/img001-ex.jpg,*,sl/img001-ex.jpg,,,,,,,,,,,,,,,,,,,,,,,0,1,en_sl_ex_215_bt,,1,,37310,40510,,5,,,,,,,,,,,,,,,,,"23,27","NEW extension,Extension SoftBank 601HW WHITE"
1666,10973,747,2421,No,215-[extension]216Days (Value Rental Pack: 6Months Pack + 1Month Pack + 4Days),2,カート用延長フラグ,Extension SoftBank 601HW [50GB],1,,,,,,,,*,sl/img001-ex.jpg,*,sl/img001-ex.jpg,,,,,,,,,,,,,,,,,,,,,,,0,1,en_sl_ex_215,,1,,37310,37310,,5,,,,,,,,,,,,,,,,,"23,27","NEW extension,Extension SoftBank 601HW WHITE"
1666,10974,748,2422,Yes,216-[extension]217Days (Value Rental Pack: 6Months Pack + 1Month Pack + 5Days),2,カート用延長フラグ,Extension SoftBank 601HW [50GB],1,,,,,,,,*,sl/img001-ex.jpg,*,sl/img001-ex.jpg,,,,,,,,,,,,,,,,,,,,,,,0,1,en_sl_ex_216_bt,,1,,37800,41050,,5,,,,,,,,,,,,,,,,,"23,27","NEW extension,Extension SoftBank 601HW WHITE"
1666,10975,747,2422,No,216-[extension]217Days (Value Rental Pack: 6Months Pack + 1Month Pack + 5Days),2,カート用延長フラグ,Extension SoftBank 601HW [50GB],1,,,,,,,,*,sl/img001-ex.jpg,*,sl/img001-ex.jpg,,,,,,,,,,,,,,,,,,,,,,,0,1,en_sl_ex_216,,1,,37800,37800,,5,,,,,,,,,,,,,,,,,"23,27","NEW extension,Extension SoftBank 601HW WHITE"
1666,10976,748,2423,Yes,217-[extension]218Days (Value Rental Pack: 6Months Pack + 1Month Pack + 6Days),2,カート用延長フラグ,Extension SoftBank 601HW [50GB],1,,,,,,,,*,sl/img001-ex.jpg,*,sl/img001-ex.jpg,,,,,,,,,,,,,,,,,,,,,,,0,1,en_sl_ex_217_bt,,1,,38290,41590,,5,,,,,,,,,,,,,,,,,"23,27","NEW extension,Extension SoftBank 601HW WHITE"
1666,10977,747,2423,No,217-[extension]218Days (Value Rental Pack: 6Months Pack + 1Month Pack + 6Days),2,カート用延長フラグ,Extension SoftBank 601HW [50GB],1,,,,,,,,*,sl/img001-ex.jpg,*,sl/img001-ex.jpg,,,,,,,,,,,,,,,,,,,,,,,0,1,en_sl_ex_217,,1,,38290,38290,,5,,,,,,,,,,,,,,,,,"23,27","NEW extension,Extension SoftBank 601HW WHITE"
1666,10978,748,2424,Yes,218-[extension]219Days (Value Rental Pack: 6Months Pack + 1Month Pack + 7Days),2,カート用延長フラグ,Extension SoftBank 601HW [50GB],1,,,,,,,,*,sl/img001-ex.jpg,*,sl/img001-ex.jpg,,,,,,,,,,,,,,,,,,,,,,,0,1,en_sl_ex_218_bt,,1,,38780,42080,,5,,,,,,,,,,,,,,,,,"23,27","NEW extension,Extension SoftBank 601HW WHITE"
1666,10979,747,2424,No,218-[extension]219Days (Value Rental Pack: 6Months Pack + 1Month Pack + 7Days),2,カート用延長フラグ,Extension SoftBank 601HW [50GB],1,,,,,,,,*,sl/img001-ex.jpg,*,sl/img001-ex.jpg,,,,,,,,,,,,,,,,,,,,,,,0,1,en_sl_ex_218,,1,,38780,38780,,5,,,,,,,,,,,,,,,,,"23,27","NEW extension,Extension SoftBank 601HW WHITE"
1666,10980,748,2425,Yes,219-[extension]220Days (Value Rental Pack: 6Months Pack + 1Month Pack + 8Days),2,カート用延長フラグ,Extension SoftBank 601HW [50GB],1,,,,,,,,*,sl/img001-ex.jpg,*,sl/img001-ex.jpg,,,,,,,,,,,,,,,,,,,,,,,0,1,en_sl_ex_219_bt,,1,,39270,42570,,5,,,,,,,,,,,,,,,,,"23,27","NEW extension,Extension SoftBank 601HW WHITE"
1666,10981,747,2425,No,219-[extension]220Days (Value Rental Pack: 6Months Pack + 1Month Pack + 8Days),2,カート用延長フラグ,Extension SoftBank 601HW [50GB],1,,,,,,,,*,sl/img001-ex.jpg,*,sl/img001-ex.jpg,,,,,,,,,,,,,,,,,,,,,,,0,1,en_sl_ex_219,,1,,39270,39270,,5,,,,,,,,,,,,,,,,,"23,27","NEW extension,Extension SoftBank 601HW WHITE"
1666,10982,748,2426,Yes,220-[extension]221Days (Value Rental Pack: 6Months Pack + 1Month Pack + 9Days),2,カート用延長フラグ,Extension SoftBank 601HW [50GB],1,,,,,,,,*,sl/img001-ex.jpg,*,sl/img001-ex.jpg,,,,,,,,,,,,,,,,,,,,,,,0,1,en_sl_ex_220_bt,,1,,39760,43060,,5,,,,,,,,,,,,,,,,,"23,27","NEW extension,Extension SoftBank 601HW WHITE"
1666,10983,747,2426,No,220-[extension]221Days (Value Rental Pack: 6Months Pack + 1Month Pack + 9Days),2,カート用延長フラグ,Extension SoftBank 601HW [50GB],1,,,,,,,,*,sl/img001-ex.jpg,*,sl/img001-ex.jpg,,,,,,,,,,,,,,,,,,,,,,,0,1,en_sl_ex_220,,1,,39760,39760,,5,,,,,,,,,,,,,,,,,"23,27","NEW extension,Extension SoftBank 601HW WHITE"
1666,10984,748,2427,Yes,221-[extension]222Days (Value Rental Pack: 6Months Pack + 1Month Pack + 10Days),2,カート用延長フラグ,Extension SoftBank 601HW [50GB],1,,,,,,,,*,sl/img001-ex.jpg,*,sl/img001-ex.jpg,,,,,,,,,,,,,,,,,,,,,,,0,1,en_sl_ex_221_bt,,1,,40250,43550,,5,,,,,,,,,,,,,,,,,"23,27","NEW extension,Extension SoftBank 601HW WHITE"
1666,10985,747,2427,No,221-[extension]222Days (Value Rental Pack: 6Months Pack + 1Month Pack + 10Days),2,カート用延長フラグ,Extension SoftBank 601HW [50GB],1,,,,,,,,*,sl/img001-ex.jpg,*,sl/img001-ex.jpg,,,,,,,,,,,,,,,,,,,,,,,0,1,en_sl_ex_221,,1,,40250,40250,,5,,,,,,,,,,,,,,,,,"23,27","NEW extension,Extension SoftBank 601HW WHITE"
1666,10986,748,2428,Yes,222-[extension]223Days (Value Rental Pack: 6Months Pack + 1Month Pack + 11Days),2,カート用延長フラグ,Extension SoftBank 601HW [50GB],1,,,,,,,,*,sl/img001-ex.jpg,*,sl/img001-ex.jpg,,,,,,,,,,,,,,,,,,,,,,,0,1,en_sl_ex_222_bt,,1,,40740,44040,,5,,,,,,,,,,,,,,,,,"23,27","NEW extension,Extension SoftBank 601HW WHITE"
1666,10987,747,2428,No,222-[extension]223Days (Value Rental Pack: 6Months Pack + 1Month Pack + 11Days),2,カート用延長フラグ,Extension SoftBank 601HW [50GB],1,,,,,,,,*,sl/img001-ex.jpg,*,sl/img001-ex.jpg,,,,,,,,,,,,,,,,,,,,,,,0,1,en_sl_ex_222,,1,,40740,40740,,5,,,,,,,,,,,,,,,,,"23,27","NEW extension,Extension SoftBank 601HW WHITE"
1666,10988,748,2429,Yes,223-[extension]224Days (Value Rental Pack: 6Months Pack + 2Months Pack),2,カート用延長フラグ,Extension SoftBank 601HW [50GB],1,,,,,,,,*,sl/img001-ex.jpg,*,sl/img001-ex.jpg,,,,,,,,,,,,,,,,,,,,,,,0,1,en_sl_ex_241_bt,,1,,41050,44350,,5,,,,,,,,,,,,,,,,,"23,27","NEW extension,Extension SoftBank 601HW WHITE"
1666,10989,747,2429,No,223-[extension]224Days (Value Rental Pack: 6Months Pack + 2Months Pack),2,カート用延長フラグ,Extension SoftBank 601HW [50GB],1,,,,,,,,*,sl/img001-ex.jpg,*,sl/img001-ex.jpg,,,,,,,,,,,,,,,,,,,,,,,0,1,en_sl_ex_241,,1,,41050,41050,,5,,,,,,,,,,,,,,,,,"23,27","NEW extension,Extension SoftBank 601HW WHITE"
1666,10990,748,2430,Yes,224-[extension]225Days (Value Rental Pack: 6Months Pack + 2Months Pack),2,カート用延長フラグ,Extension SoftBank 601HW [50GB],1,,,,,,,,*,sl/img001-ex.jpg,*,sl/img001-ex.jpg,,,,,,,,,,,,,,,,,,,,,,,0,1,en_sl_ex_241_bt,,1,,41050,44350,,5,,,,,,,,,,,,,,,,,"23,27","NEW extension,Extension SoftBank 601HW WHITE"
1666,10991,747,2430,No,224-[extension]225Days (Value Rental Pack: 6Months Pack + 2Months Pack),2,カート用延長フラグ,Extension SoftBank 601HW [50GB],1,,,,,,,,*,sl/img001-ex.jpg,*,sl/img001-ex.jpg,,,,,,,,,,,,,,,,,,,,,,,0,1,en_sl_ex_241,,1,,41050,41050,,5,,,,,,,,,,,,,,,,,"23,27","NEW extension,Extension SoftBank 601HW WHITE"
1666,10992,748,2431,Yes,225-[extension]226Days (Value Rental Pack: 6Months Pack + 2Months Pack),2,カート用延長フラグ,Extension SoftBank 601HW [50GB],1,,,,,,,,*,sl/img001-ex.jpg,*,sl/img001-ex.jpg,,,,,,,,,,,,,,,,,,,,,,,0,1,en_sl_ex_241_bt,,1,,41050,44350,,5,,,,,,,,,,,,,,,,,"23,27","NEW extension,Extension SoftBank 601HW WHITE"
1666,10993,747,2431,No,225-[extension]226Days (Value Rental Pack: 6Months Pack + 2Months Pack),2,カート用延長フラグ,Extension SoftBank 601HW [50GB],1,,,,,,,,*,sl/img001-ex.jpg,*,sl/img001-ex.jpg,,,,,,,,,,,,,,,,,,,,,,,0,1,en_sl_ex_241,,1,,41050,41050,,5,,,,,,,,,,,,,,,,,"23,27","NEW extension,Extension SoftBank 601HW WHITE"
1666,10994,748,2432,Yes,226-[extension]227Days (Value Rental Pack: 6Months Pack + 2Months Pack),2,カート用延長フラグ,Extension SoftBank 601HW [50GB],1,,,,,,,,*,sl/img001-ex.jpg,*,sl/img001-ex.jpg,,,,,,,,,,,,,,,,,,,,,,,0,1,en_sl_ex_241_bt,,1,,41050,44350,,5,,,,,,,,,,,,,,,,,"23,27","NEW extension,Extension SoftBank 601HW WHITE"
1666,10995,747,2432,No,226-[extension]227Days (Value Rental Pack: 6Months Pack + 2Months Pack),2,カート用延長フラグ,Extension SoftBank 601HW [50GB],1,,,,,,,,*,sl/img001-ex.jpg,*,sl/img001-ex.jpg,,,,,,,,,,,,,,,,,,,,,,,0,1,en_sl_ex_241,,1,,41050,41050,,5,,,,,,,,,,,,,,,,,"23,27","NEW extension,Extension SoftBank 601HW WHITE"
1666,10996,748,2433,Yes,227-[extension]228Days (Value Rental Pack: 6Months Pack + 2Months Pack),2,カート用延長フラグ,Extension SoftBank 601HW [50GB],1,,,,,,,,*,sl/img001-ex.jpg,*,sl/img001-ex.jpg,,,,,,,,,,,,,,,,,,,,,,,0,1,en_sl_ex_241_bt,,1,,41050,44350,,5,,,,,,,,,,,,,,,,,"23,27","NEW extension,Extension SoftBank 601HW WHITE"
1666,10997,747,2433,No,227-[extension]228Days (Value Rental Pack: 6Months Pack + 2Months Pack),2,カート用延長フラグ,Extension SoftBank 601HW [50GB],1,,,,,,,,*,sl/img001-ex.jpg,*,sl/img001-ex.jpg,,,,,,,,,,,,,,,,,,,,,,,0,1,en_sl_ex_241,,1,,41050,41050,,5,,,,,,,,,,,,,,,,,"23,27","NEW extension,Extension SoftBank 601HW WHITE"
1666,10998,748,2434,Yes,228-[extension]229Days (Value Rental Pack: 6Months Pack + 2Months Pack),2,カート用延長フラグ,Extension SoftBank 601HW [50GB],1,,,,,,,,*,sl/img001-ex.jpg,*,sl/img001-ex.jpg,,,,,,,,,,,,,,,,,,,,,,,0,1,en_sl_ex_241_bt,,1,,41050,44350,,5,,,,,,,,,,,,,,,,,"23,27","NEW extension,Extension SoftBank 601HW WHITE"
1666,10999,747,2434,No,228-[extension]229Days (Value Rental Pack: 6Months Pack + 2Months Pack),2,カート用延長フラグ,Extension SoftBank 601HW [50GB],1,,,,,,,,*,sl/img001-ex.jpg,*,sl/img001-ex.jpg,,,,,,,,,,,,,,,,,,,,,,,0,1,en_sl_ex_241,,1,,41050,41050,,5,,,,,,,,,,,,,,,,,"23,27","NEW extension,Extension SoftBank 601HW WHITE"
1666,11000,748,2435,Yes,229-[extension]230Days (Value Rental Pack: 6Months Pack + 2Months Pack),2,カート用延長フラグ,Extension SoftBank 601HW [50GB],1,,,,,,,,*,sl/img001-ex.jpg,*,sl/img001-ex.jpg,,,,,,,,,,,,,,,,,,,,,,,0,1,en_sl_ex_241_bt,,1,,41050,44350,,5,,,,,,,,,,,,,,,,,"23,27","NEW extension,Extension SoftBank 601HW WHITE"
1666,11001,747,2435,No,229-[extension]230Days (Value Rental Pack: 6Months Pack + 2Months Pack),2,カート用延長フラグ,Extension SoftBank 601HW [50GB],1,,,,,,,,*,sl/img001-ex.jpg,*,sl/img001-ex.jpg,,,,,,,,,,,,,,,,,,,,,,,0,1,en_sl_ex_241,,1,,41050,41050,,5,,,,,,,,,,,,,,,,,"23,27","NEW extension,Extension SoftBank 601HW WHITE"
1666,11002,748,2436,Yes,230-[extension]231Days (Value Rental Pack: 6Months Pack + 2Months Pack),2,カート用延長フラグ,Extension SoftBank 601HW [50GB],1,,,,,,,,*,sl/img001-ex.jpg,*,sl/img001-ex.jpg,,,,,,,,,,,,,,,,,,,,,,,0,1,en_sl_ex_241_bt,,1,,41050,44350,,5,,,,,,,,,,,,,,,,,"23,27","NEW extension,Extension SoftBank 601HW WHITE"
1666,11003,747,2436,No,230-[extension]231Days (Value Rental Pack: 6Months Pack + 2Months Pack),2,カート用延長フラグ,Extension SoftBank 601HW [50GB],1,,,,,,,,*,sl/img001-ex.jpg,*,sl/img001-ex.jpg,,,,,,,,,,,,,,,,,,,,,,,0,1,en_sl_ex_241,,1,,41050,41050,,5,,,,,,,,,,,,,,,,,"23,27","NEW extension,Extension SoftBank 601HW WHITE"
1666,11004,748,2437,Yes,231-[extension]232Days (Value Rental Pack: 6Months Pack + 2Months Pack),2,カート用延長フラグ,Extension SoftBank 601HW [50GB],1,,,,,,,,*,sl/img001-ex.jpg,*,sl/img001-ex.jpg,,,,,,,,,,,,,,,,,,,,,,,0,1,en_sl_ex_241_bt,,1,,41050,44350,,5,,,,,,,,,,,,,,,,,"23,27","NEW extension,Extension SoftBank 601HW WHITE"
1666,11005,747,2437,No,231-[extension]232Days (Value Rental Pack: 6Months Pack + 2Months Pack),2,カート用延長フラグ,Extension SoftBank 601HW [50GB],1,,,,,,,,*,sl/img001-ex.jpg,*,sl/img001-ex.jpg,,,,,,,,,,,,,,,,,,,,,,,0,1,en_sl_ex_241,,1,,41050,41050,,5,,,,,,,,,,,,,,,,,"23,27","NEW extension,Extension SoftBank 601HW WHITE"
1666,11006,748,2438,Yes,232-[extension]233Days (Value Rental Pack: 6Months Pack + 2Months Pack),2,カート用延長フラグ,Extension SoftBank 601HW [50GB],1,,,,,,,,*,sl/img001-ex.jpg,*,sl/img001-ex.jpg,,,,,,,,,,,,,,,,,,,,,,,0,1,en_sl_ex_241_bt,,1,,41050,44350,,5,,,,,,,,,,,,,,,,,"23,27","NEW extension,Extension SoftBank 601HW WHITE"
1666,11007,747,2438,No,232-[extension]233Days (Value Rental Pack: 6Months Pack + 2Months Pack),2,カート用延長フラグ,Extension SoftBank 601HW [50GB],1,,,,,,,,*,sl/img001-ex.jpg,*,sl/img001-ex.jpg,,,,,,,,,,,,,,,,,,,,,,,0,1,en_sl_ex_241,,1,,41050,41050,,5,,,,,,,,,,,,,,,,,"23,27","NEW extension,Extension SoftBank 601HW WHITE"
1666,11008,748,2439,Yes,233-[extension]234Days (Value Rental Pack: 6Months Pack + 2Months Pack),2,カート用延長フラグ,Extension SoftBank 601HW [50GB],1,,,,,,,,*,sl/img001-ex.jpg,*,sl/img001-ex.jpg,,,,,,,,,,,,,,,,,,,,,,,0,1,en_sl_ex_241_bt,,1,,41050,44350,,5,,,,,,,,,,,,,,,,,"23,27","NEW extension,Extension SoftBank 601HW WHITE"
1666,11009,747,2439,No,233-[extension]234Days (Value Rental Pack: 6Months Pack + 2Months Pack),2,カート用延長フラグ,Extension SoftBank 601HW [50GB],1,,,,,,,,*,sl/img001-ex.jpg,*,sl/img001-ex.jpg,,,,,,,,,,,,,,,,,,,,,,,0,1,en_sl_ex_241,,1,,41050,41050,,5,,,,,,,,,,,,,,,,,"23,27","NEW extension,Extension SoftBank 601HW WHITE"
1666,11010,748,2440,Yes,234-[extension]235Days (Value Rental Pack: 6Months Pack + 2Months Pack),2,カート用延長フラグ,Extension SoftBank 601HW [50GB],1,,,,,,,,*,sl/img001-ex.jpg,*,sl/img001-ex.jpg,,,,,,,,,,,,,,,,,,,,,,,0,1,en_sl_ex_241_bt,,1,,41050,44350,,5,,,,,,,,,,,,,,,,,"23,27","NEW extension,Extension SoftBank 601HW WHITE"
1666,11011,747,2440,No,234-[extension]235Days (Value Rental Pack: 6Months Pack + 2Months Pack),2,カート用延長フラグ,Extension SoftBank 601HW [50GB],1,,,,,,,,*,sl/img001-ex.jpg,*,sl/img001-ex.jpg,,,,,,,,,,,,,,,,,,,,,,,0,1,en_sl_ex_241,,1,,41050,41050,,5,,,,,,,,,,,,,,,,,"23,27","NEW extension,Extension SoftBank 601HW WHITE"
1666,11012,748,2441,Yes,235-[extension]236Days (Value Rental Pack: 6Months Pack + 2Months Pack),2,カート用延長フラグ,Extension SoftBank 601HW [50GB],1,,,,,,,,*,sl/img001-ex.jpg,*,sl/img001-ex.jpg,,,,,,,,,,,,,,,,,,,,,,,0,1,en_sl_ex_241_bt,,1,,41050,44350,,5,,,,,,,,,,,,,,,,,"23,27","NEW extension,Extension SoftBank 601HW WHITE"
1666,11013,747,2441,No,235-[extension]236Days (Value Rental Pack: 6Months Pack + 2Months Pack),2,カート用延長フラグ,Extension SoftBank 601HW [50GB],1,,,,,,,,*,sl/img001-ex.jpg,*,sl/img001-ex.jpg,,,,,,,,,,,,,,,,,,,,,,,0,1,en_sl_ex_241,,1,,41050,41050,,5,,,,,,,,,,,,,,,,,"23,27","NEW extension,Extension SoftBank 601HW WHITE"
1666,11014,748,2442,Yes,236-[extension]237Days (Value Rental Pack: 6Months Pack + 2Months Pack),2,カート用延長フラグ,Extension SoftBank 601HW [50GB],1,,,,,,,,*,sl/img001-ex.jpg,*,sl/img001-ex.jpg,,,,,,,,,,,,,,,,,,,,,,,0,1,en_sl_ex_241_bt,,1,,41050,44350,,5,,,,,,,,,,,,,,,,,"23,27","NEW extension,Extension SoftBank 601HW WHITE"
1666,11015,747,2442,No,236-[extension]237Days (Value Rental Pack: 6Months Pack + 2Months Pack),2,カート用延長フラグ,Extension SoftBank 601HW [50GB],1,,,,,,,,*,sl/img001-ex.jpg,*,sl/img001-ex.jpg,,,,,,,,,,,,,,,,,,,,,,,0,1,en_sl_ex_241,,1,,41050,41050,,5,,,,,,,,,,,,,,,,,"23,27","NEW extension,Extension SoftBank 601HW WHITE"
1666,11016,748,2443,Yes,237-[extension]238Days (Value Rental Pack: 6Months Pack + 2Months Pack),2,カート用延長フラグ,Extension SoftBank 601HW [50GB],1,,,,,,,,*,sl/img001-ex.jpg,*,sl/img001-ex.jpg,,,,,,,,,,,,,,,,,,,,,,,0,1,en_sl_ex_241_bt,,1,,41050,44350,,5,,,,,,,,,,,,,,,,,"23,27","NEW extension,Extension SoftBank 601HW WHITE"
1666,11017,747,2443,No,237-[extension]238Days (Value Rental Pack: 6Months Pack + 2Months Pack),2,カート用延長フラグ,Extension SoftBank 601HW [50GB],1,,,,,,,,*,sl/img001-ex.jpg,*,sl/img001-ex.jpg,,,,,,,,,,,,,,,,,,,,,,,0,1,en_sl_ex_241,,1,,41050,41050,,5,,,,,,,,,,,,,,,,,"23,27","NEW extension,Extension SoftBank 601HW WHITE"
1666,11018,748,2444,Yes,238-[extension]239Days (Value Rental Pack: 6Months Pack + 2Months Pack),2,カート用延長フラグ,Extension SoftBank 601HW [50GB],1,,,,,,,,*,sl/img001-ex.jpg,*,sl/img001-ex.jpg,,,,,,,,,,,,,,,,,,,,,,,0,1,en_sl_ex_241_bt,,1,,41050,44350,,5,,,,,,,,,,,,,,,,,"23,27","NEW extension,Extension SoftBank 601HW WHITE"
1666,11019,747,2444,No,238-[extension]239Days (Value Rental Pack: 6Months Pack + 2Months Pack),2,カート用延長フラグ,Extension SoftBank 601HW [50GB],1,,,,,,,,*,sl/img001-ex.jpg,*,sl/img001-ex.jpg,,,,,,,,,,,,,,,,,,,,,,,0,1,en_sl_ex_241,,1,,41050,41050,,5,,,,,,,,,,,,,,,,,"23,27","NEW extension,Extension SoftBank 601HW WHITE"
1666,11020,748,2445,Yes,239-[extension]240Days (Value Rental Pack: 6Months Pack + 2Months Pack),2,カート用延長フラグ,Extension SoftBank 601HW [50GB],1,,,,,,,,*,sl/img001-ex.jpg,*,sl/img001-ex.jpg,,,,,,,,,,,,,,,,,,,,,,,0,1,en_sl_ex_241_bt,,1,,41050,44350,,5,,,,,,,,,,,,,,,,,"23,27","NEW extension,Extension SoftBank 601HW WHITE"
1666,11021,747,2445,No,239-[extension]240Days (Value Rental Pack: 6Months Pack + 2Months Pack),2,カート用延長フラグ,Extension SoftBank 601HW [50GB],1,,,,,,,,*,sl/img001-ex.jpg,*,sl/img001-ex.jpg,,,,,,,,,,,,,,,,,,,,,,,0,1,en_sl_ex_241,,1,,41050,41050,,5,,,,,,,,,,,,,,,,,"23,27","NEW extension,Extension SoftBank 601HW WHITE"
1666,11022,748,2446,Yes,240-[extension]241Days (Value Rental Pack: 6Months Pack + 2Months Pack),2,カート用延長フラグ,Extension SoftBank 601HW [50GB],1,,,,,,,,*,sl/img001-ex.jpg,*,sl/img001-ex.jpg,,,,,,,,,,,,,,,,,,,,,,,0,1,en_sl_ex_241_bt,,1,,41050,44350,,5,,,,,,,,,,,,,,,,,"23,27","NEW extension,Extension SoftBank 601HW WHITE"
1666,11023,747,2446,No,240-[extension]241Days (Value Rental Pack: 6Months Pack + 2Months Pack),2,カート用延長フラグ,Extension SoftBank 601HW [50GB],1,,,,,,,,*,sl/img001-ex.jpg,*,sl/img001-ex.jpg,,,,,,,,,,,,,,,,,,,,,,,0,1,en_sl_ex_241,,1,,41050,41050,,5,,,,,,,,,,,,,,,,,"23,27","NEW extension,Extension SoftBank 601HW WHITE"
1666,11024,748,2447,Yes,241-[extension]242Days (Value Rental Pack: 6Months Pack + 2Months Pack),2,カート用延長フラグ,Extension SoftBank 601HW [50GB],1,,,,,,,,*,sl/img001-ex.jpg,*,sl/img001-ex.jpg,,,,,,,,,,,,,,,,,,,,,,,0,1,en_sl_ex_241_bt,,1,,41050,44350,,5,,,,,,,,,,,,,,,,,"23,27","NEW extension,Extension SoftBank 601HW WHITE"
1666,11025,747,2447,No,241-[extension]242Days (Value Rental Pack: 6Months Pack + 2Months Pack),2,カート用延長フラグ,Extension SoftBank 601HW [50GB],1,,,,,,,,*,sl/img001-ex.jpg,*,sl/img001-ex.jpg,,,,,,,,,,,,,,,,,,,,,,,0,1,en_sl_ex_241,,1,,41050,41050,,5,,,,,,,,,,,,,,,,,"23,27","NEW extension,Extension SoftBank 601HW WHITE"
1666,11026,748,2448,Yes,242-[extension]243Days (Value Rental Pack: 6Months Pack + 2Months Pack + 1Day),2,カート用延長フラグ,Extension SoftBank 601HW [50GB],1,,,,,,,,*,sl/img001-ex.jpg,*,sl/img001-ex.jpg,,,,,,,,,,,,,,,,,,,,,,,0,1,en_sl_ex_242_bt,,1,,41540,44890,,5,,,,,,,,,,,,,,,,,"23,27","NEW extension,Extension SoftBank 601HW WHITE"
1666,11027,747,2448,No,242-[extension]243Days (Value Rental Pack: 6Months Pack + 2Months Pack + 1Day),2,カート用延長フラグ,Extension SoftBank 601HW [50GB],1,,,,,,,,*,sl/img001-ex.jpg,*,sl/img001-ex.jpg,,,,,,,,,,,,,,,,,,,,,,,0,1,en_sl_ex_242,,1,,41540,41540,,5,,,,,,,,,,,,,,,,,"23,27","NEW extension,Extension SoftBank 601HW WHITE"
1666,11028,748,2449,Yes,243-[extension]244Days (Value Rental Pack: 6Months Pack + 2Months Pack + 2Days),2,カート用延長フラグ,Extension SoftBank 601HW [50GB],1,,,,,,,,*,sl/img001-ex.jpg,*,sl/img001-ex.jpg,,,,,,,,,,,,,,,,,,,,,,,0,1,en_sl_ex_243_bt,,1,,42030,45430,,5,,,,,,,,,,,,,,,,,"23,27","NEW extension,Extension SoftBank 601HW WHITE"
1666,11029,747,2449,No,243-[extension]244Days (Value Rental Pack: 6Months Pack + 2Months Pack + 2Days),2,カート用延長フラグ,Extension SoftBank 601HW [50GB],1,,,,,,,,*,sl/img001-ex.jpg,*,sl/img001-ex.jpg,,,,,,,,,,,,,,,,,,,,,,,0,1,en_sl_ex_243,,1,,42030,42030,,5,,,,,,,,,,,,,,,,,"23,27","NEW extension,Extension SoftBank 601HW WHITE"
1666,11030,748,2450,Yes,244-[extension]245Days (Value Rental Pack: 6Months Pack + 2Months Pack + 3Days),2,カート用延長フラグ,Extension SoftBank 601HW [50GB],1,,,,,,,,*,sl/img001-ex.jpg,*,sl/img001-ex.jpg,,,,,,,,,,,,,,,,,,,,,,,0,1,en_sl_ex_245_bt,,1,,43010,46510,,5,,,,,,,,,,,,,,,,,"23,27","NEW extension,Extension SoftBank 601HW WHITE"
1666,11031,747,2450,No,244-[extension]245Days (Value Rental Pack: 6Months Pack + 2Months Pack + 3Days),2,カート用延長フラグ,Extension SoftBank 601HW [50GB],1,,,,,,,,*,sl/img001-ex.jpg,*,sl/img001-ex.jpg,,,,,,,,,,,,,,,,,,,,,,,0,1,en_sl_ex_245,,1,,43010,43010,,5,,,,,,,,,,,,,,,,,"23,27","NEW extension,Extension SoftBank 601HW WHITE"
1666,11032,748,2451,Yes,245-[extension]246Days (Value Rental Pack: 6Months Pack + 2Months Pack + 4Days),2,カート用延長フラグ,Extension SoftBank 601HW [50GB],1,,,,,,,,*,sl/img001-ex.jpg,*,sl/img001-ex.jpg,,,,,,,,,,,,,,,,,,,,,,,0,1,en_sl_ex_246_bt,,1,,43500,47050,,5,,,,,,,,,,,,,,,,,"23,27","NEW extension,Extension SoftBank 601HW WHITE"
1666,11033,747,2451,No,245-[extension]246Days (Value Rental Pack: 6Months Pack + 2Months Pack + 4Days),2,カート用延長フラグ,Extension SoftBank 601HW [50GB],1,,,,,,,,*,sl/img001-ex.jpg,*,sl/img001-ex.jpg,,,,,,,,,,,,,,,,,,,,,,,0,1,en_sl_ex_246,,1,,43500,43500,,5,,,,,,,,,,,,,,,,,"23,27","NEW extension,Extension SoftBank 601HW WHITE"
1666,11034,748,2452,Yes,246-[extension]247Days (Value Rental Pack: 6Months Pack + 2Months Pack + 5Days),2,カート用延長フラグ,Extension SoftBank 601HW [50GB],1,,,,,,,,*,sl/img001-ex.jpg,*,sl/img001-ex.jpg,,,,,,,,,,,,,,,,,,,,,,,0,1,en_sl_ex_244_bt,,1,,42520,45970,,5,,,,,,,,,,,,,,,,,"23,27","NEW extension,Extension SoftBank 601HW WHITE"
1666,11035,747,2452,No,246-[extension]247Days (Value Rental Pack: 6Months Pack + 2Months Pack + 5Days),2,カート用延長フラグ,Extension SoftBank 601HW [50GB],1,,,,,,,,*,sl/img001-ex.jpg,*,sl/img001-ex.jpg,,,,,,,,,,,,,,,,,,,,,,,0,1,en_sl_ex_244,,1,,42520,42520,,5,,,,,,,,,,,,,,,,,"23,27","NEW extension,Extension SoftBank 601HW WHITE"
1666,11036,748,2453,Yes,247-[extension]248Days (Value Rental Pack: 6Months Pack + 2Months Pack + 6Days),2,カート用延長フラグ,Extension SoftBank 601HW [50GB],1,,,,,,,,*,sl/img001-ex.jpg,*,sl/img001-ex.jpg,,,,,,,,,,,,,,,,,,,,,,,0,1,en_sl_ex_247_bt,,1,,43990,47590,,5,,,,,,,,,,,,,,,,,"23,27","NEW extension,Extension SoftBank 601HW WHITE"
1666,11037,747,2453,No,247-[extension]248Days (Value Rental Pack: 6Months Pack + 2Months Pack + 6Days),2,カート用延長フラグ,Extension SoftBank 601HW [50GB],1,,,,,,,,*,sl/img001-ex.jpg,*,sl/img001-ex.jpg,,,,,,,,,,,,,,,,,,,,,,,0,1,en_sl_ex_247,,1,,43990,43990,,5,,,,,,,,,,,,,,,,,"23,27","NEW extension,Extension SoftBank 601HW WHITE"
1666,11038,748,2454,Yes,248-[extension]249Days (Value Rental Pack: 6Months Pack + 2Months Pack + 7Days),2,カート用延長フラグ,Extension SoftBank 601HW [50GB],1,,,,,,,,*,sl/img001-ex.jpg,*,sl/img001-ex.jpg,,,,,,,,,,,,,,,,,,,,,,,0,1,en_sl_ex_248_bt,,1,,44480,48080,,5,,,,,,,,,,,,,,,,,"23,27","NEW extension,Extension SoftBank 601HW WHITE"
1666,11039,747,2454,No,248-[extension]249Days (Value Rental Pack: 6Months Pack + 2Months Pack + 7Days),2,カート用延長フラグ,Extension SoftBank 601HW [50GB],1,,,,,,,,*,sl/img001-ex.jpg,*,sl/img001-ex.jpg,,,,,,,,,,,,,,,,,,,,,,,0,1,en_sl_ex_248,,1,,44480,44480,,5,,,,,,,,,,,,,,,,,"23,27","NEW extension,Extension SoftBank 601HW WHITE"
1666,11040,748,2455,Yes,249-[extension]250Days (Value Rental Pack: 6Months Pack + 2Months Pack + 8Days),2,カート用延長フラグ,Extension SoftBank 601HW [50GB],1,,,,,,,,*,sl/img001-ex.jpg,*,sl/img001-ex.jpg,,,,,,,,,,,,,,,,,,,,,,,0,1,en_sl_ex_249_bt,,1,,44970,48570,,5,,,,,,,,,,,,,,,,,"23,27","NEW extension,Extension SoftBank 601HW WHITE"
1666,11041,747,2455,No,249-[extension]250Days (Value Rental Pack: 6Months Pack + 2Months Pack + 8Days),2,カート用延長フラグ,Extension SoftBank 601HW [50GB],1,,,,,,,,*,sl/img001-ex.jpg,*,sl/img001-ex.jpg,,,,,,,,,,,,,,,,,,,,,,,0,1,en_sl_ex_249,,1,,44970,44970,,5,,,,,,,,,,,,,,,,,"23,27","NEW extension,Extension SoftBank 601HW WHITE"
1666,11042,748,2456,Yes,250-[extension]251Days (Value Rental Pack: 6Months Pack + 2Months Pack + 9Days),2,カート用延長フラグ,Extension SoftBank 601HW [50GB],1,,,,,,,,*,sl/img001-ex.jpg,*,sl/img001-ex.jpg,,,,,,,,,,,,,,,,,,,,,,,0,1,en_sl_ex_250_bt,,1,,45460,49060,,5,,,,,,,,,,,,,,,,,"23,27","NEW extension,Extension SoftBank 601HW WHITE"
1666,11043,747,2456,No,250-[extension]251Days (Value Rental Pack: 6Months Pack + 2Months Pack + 9Days),2,カート用延長フラグ,Extension SoftBank 601HW [50GB],1,,,,,,,,*,sl/img001-ex.jpg,*,sl/img001-ex.jpg,,,,,,,,,,,,,,,,,,,,,,,0,1,en_sl_ex_250,,1,,45460,45460,,5,,,,,,,,,,,,,,,,,"23,27","NEW extension,Extension SoftBank 601HW WHITE"
1666,11044,748,2457,Yes,251-[extension]252Days (Value Rental Pack: 6Months Pack + 2Months Pack + 10Days),2,カート用延長フラグ,Extension SoftBank 601HW [50GB],1,,,,,,,,*,sl/img001-ex.jpg,*,sl/img001-ex.jpg,,,,,,,,,,,,,,,,,,,,,,,0,1,en_sl_ex_251_bt,,1,,45950,49550,,5,,,,,,,,,,,,,,,,,"23,27","NEW extension,Extension SoftBank 601HW WHITE"
1666,11045,747,2457,No,251-[extension]252Days (Value Rental Pack: 6Months Pack + 2Months Pack + 10Days),2,カート用延長フラグ,Extension SoftBank 601HW [50GB],1,,,,,,,,*,sl/img001-ex.jpg,*,sl/img001-ex.jpg,,,,,,,,,,,,,,,,,,,,,,,0,1,en_sl_ex_251,,1,,45950,45950,,5,,,,,,,,,,,,,,,,,"23,27","NEW extension,Extension SoftBank 601HW WHITE"
1666,11046,748,2458,Yes,252-[extension]253Days (Value Rental Pack: 6Months Pack + 3Months Pack),2,カート用延長フラグ,Extension SoftBank 601HW [50GB],1,,,,,,,,*,sl/img001-ex.jpg,*,sl/img001-ex.jpg,,,,,,,,,,,,,,,,,,,,,,,0,1,en_sl_ex_271_bt,,1,,46300,49900,,5,,,,,,,,,,,,,,,,,"23,27","NEW extension,Extension SoftBank 601HW WHITE"
1666,11047,747,2458,No,252-[extension]253Days (Value Rental Pack: 6Months Pack + 3Months Pack),2,カート用延長フラグ,Extension SoftBank 601HW [50GB],1,,,,,,,,*,sl/img001-ex.jpg,*,sl/img001-ex.jpg,,,,,,,,,,,,,,,,,,,,,,,0,1,en_sl_ex_271,,1,,46300,46300,,5,,,,,,,,,,,,,,,,,"23,27","NEW extension,Extension SoftBank 601HW WHITE"
1666,11048,748,2459,Yes,253-[extension]254Days (Value Rental Pack: 6Months Pack + 3Months Pack),2,カート用延長フラグ,Extension SoftBank 601HW [50GB],1,,,,,,,,*,sl/img001-ex.jpg,*,sl/img001-ex.jpg,,,,,,,,,,,,,,,,,,,,,,,0,1,en_sl_ex_271_bt,,1,,46300,49900,,5,,,,,,,,,,,,,,,,,"23,27","NEW extension,Extension SoftBank 601HW WHITE"
1666,11049,747,2459,No,253-[extension]254Days (Value Rental Pack: 6Months Pack + 3Months Pack),2,カート用延長フラグ,Extension SoftBank 601HW [50GB],1,,,,,,,,*,sl/img001-ex.jpg,*,sl/img001-ex.jpg,,,,,,,,,,,,,,,,,,,,,,,0,1,en_sl_ex_271,,1,,46300,46300,,5,,,,,,,,,,,,,,,,,"23,27","NEW extension,Extension SoftBank 601HW WHITE"
1666,11050,748,2460,Yes,254-[extension]255Days (Value Rental Pack: 6Months Pack + 3Months Pack),2,カート用延長フラグ,Extension SoftBank 601HW [50GB],1,,,,,,,,*,sl/img001-ex.jpg,*,sl/img001-ex.jpg,,,,,,,,,,,,,,,,,,,,,,,0,1,en_sl_ex_271_bt,,1,,46300,49900,,5,,,,,,,,,,,,,,,,,"23,27","NEW extension,Extension SoftBank 601HW WHITE"
1666,11051,747,2460,No,254-[extension]255Days (Value Rental Pack: 6Months Pack + 3Months Pack),2,カート用延長フラグ,Extension SoftBank 601HW [50GB],1,,,,,,,,*,sl/img001-ex.jpg,*,sl/img001-ex.jpg,,,,,,,,,,,,,,,,,,,,,,,0,1,en_sl_ex_271,,1,,46300,46300,,5,,,,,,,,,,,,,,,,,"23,27","NEW extension,Extension SoftBank 601HW WHITE"
1666,11052,748,2461,Yes,255-[extension]256Days (Value Rental Pack: 6Months Pack + 3Months Pack),2,カート用延長フラグ,Extension SoftBank 601HW [50GB],1,,,,,,,,*,sl/img001-ex.jpg,*,sl/img001-ex.jpg,,,,,,,,,,,,,,,,,,,,,,,0,1,en_sl_ex_271_bt,,1,,46300,49900,,5,,,,,,,,,,,,,,,,,"23,27","NEW extension,Extension SoftBank 601HW WHITE"
1666,11053,747,2461,No,255-[extension]256Days (Value Rental Pack: 6Months Pack + 3Months Pack),2,カート用延長フラグ,Extension SoftBank 601HW [50GB],1,,,,,,,,*,sl/img001-ex.jpg,*,sl/img001-ex.jpg,,,,,,,,,,,,,,,,,,,,,,,0,1,en_sl_ex_271,,1,,46300,46300,,5,,,,,,,,,,,,,,,,,"23,27","NEW extension,Extension SoftBank 601HW WHITE"
1666,11054,748,2462,Yes,256-[extension]257Days (Value Rental Pack: 6Months Pack + 3Months Pack),2,カート用延長フラグ,Extension SoftBank 601HW [50GB],1,,,,,,,,*,sl/img001-ex.jpg,*,sl/img001-ex.jpg,,,,,,,,,,,,,,,,,,,,,,,0,1,en_sl_ex_271_bt,,1,,46300,49900,,5,,,,,,,,,,,,,,,,,"23,27","NEW extension,Extension SoftBank 601HW WHITE"
1666,11055,747,2462,No,256-[extension]257Days (Value Rental Pack: 6Months Pack + 3Months Pack),2,カート用延長フラグ,Extension SoftBank 601HW [50GB],1,,,,,,,,*,sl/img001-ex.jpg,*,sl/img001-ex.jpg,,,,,,,,,,,,,,,,,,,,,,,0,1,en_sl_ex_271,,1,,46300,46300,,5,,,,,,,,,,,,,,,,,"23,27","NEW extension,Extension SoftBank 601HW WHITE"
1666,11056,748,2463,Yes,257-[extension]258Days (Value Rental Pack: 6Months Pack + 3Months Pack),2,カート用延長フラグ,Extension SoftBank 601HW [50GB],1,,,,,,,,*,sl/img001-ex.jpg,*,sl/img001-ex.jpg,,,,,,,,,,,,,,,,,,,,,,,0,1,en_sl_ex_271_bt,,1,,46300,49900,,5,,,,,,,,,,,,,,,,,"23,27","NEW extension,Extension SoftBank 601HW WHITE"
1666,11057,747,2463,No,257-[extension]258Days (Value Rental Pack: 6Months Pack + 3Months Pack),2,カート用延長フラグ,Extension SoftBank 601HW [50GB],1,,,,,,,,*,sl/img001-ex.jpg,*,sl/img001-ex.jpg,,,,,,,,,,,,,,,,,,,,,,,0,1,en_sl_ex_271,,1,,46300,46300,,5,,,,,,,,,,,,,,,,,"23,27","NEW extension,Extension SoftBank 601HW WHITE"
1666,11058,748,2464,Yes,258-[extension]259Days (Value Rental Pack: 6Months Pack + 3Months Pack),2,カート用延長フラグ,Extension SoftBank 601HW [50GB],1,,,,,,,,*,sl/img001-ex.jpg,*,sl/img001-ex.jpg,,,,,,,,,,,,,,,,,,,,,,,0,1,en_sl_ex_271_bt,,1,,46300,49900,,5,,,,,,,,,,,,,,,,,"23,27","NEW extension,Extension SoftBank 601HW WHITE"
1666,11059,747,2464,No,258-[extension]259Days (Value Rental Pack: 6Months Pack + 3Months Pack),2,カート用延長フラグ,Extension SoftBank 601HW [50GB],1,,,,,,,,*,sl/img001-ex.jpg,*,sl/img001-ex.jpg,,,,,,,,,,,,,,,,,,,,,,,0,1,en_sl_ex_271,,1,,46300,46300,,5,,,,,,,,,,,,,,,,,"23,27","NEW extension,Extension SoftBank 601HW WHITE"
1666,11060,748,2465,Yes,259-[extension]260Days (Value Rental Pack: 6Months Pack + 3Months Pack),2,カート用延長フラグ,Extension SoftBank 601HW [50GB],1,,,,,,,,*,sl/img001-ex.jpg,*,sl/img001-ex.jpg,,,,,,,,,,,,,,,,,,,,,,,0,1,en_sl_ex_271_bt,,1,,46300,49900,,5,,,,,,,,,,,,,,,,,"23,27","NEW extension,Extension SoftBank 601HW WHITE"
1666,11061,747,2465,No,259-[extension]260Days (Value Rental Pack: 6Months Pack + 3Months Pack),2,カート用延長フラグ,Extension SoftBank 601HW [50GB],1,,,,,,,,*,sl/img001-ex.jpg,*,sl/img001-ex.jpg,,,,,,,,,,,,,,,,,,,,,,,0,1,en_sl_ex_271,,1,,46300,46300,,5,,,,,,,,,,,,,,,,,"23,27","NEW extension,Extension SoftBank 601HW WHITE"
1666,11062,748,2466,Yes,260-[extension]261Days (Value Rental Pack: 6Months Pack + 3Months Pack),2,カート用延長フラグ,Extension SoftBank 601HW [50GB],1,,,,,,,,*,sl/img001-ex.jpg,*,sl/img001-ex.jpg,,,,,,,,,,,,,,,,,,,,,,,0,1,en_sl_ex_271_bt,,1,,46300,49900,,5,,,,,,,,,,,,,,,,,"23,27","NEW extension,Extension SoftBank 601HW WHITE"
1666,11063,747,2466,No,260-[extension]261Days (Value Rental Pack: 6Months Pack + 3Months Pack),2,カート用延長フラグ,Extension SoftBank 601HW [50GB],1,,,,,,,,*,sl/img001-ex.jpg,*,sl/img001-ex.jpg,,,,,,,,,,,,,,,,,,,,,,,0,1,en_sl_ex_271,,1,,46300,46300,,5,,,,,,,,,,,,,,,,,"23,27","NEW extension,Extension SoftBank 601HW WHITE"
1666,11064,748,2467,Yes,261-[extension]262Days (Value Rental Pack: 6Months Pack + 3Months Pack),2,カート用延長フラグ,Extension SoftBank 601HW [50GB],1,,,,,,,,*,sl/img001-ex.jpg,*,sl/img001-ex.jpg,,,,,,,,,,,,,,,,,,,,,,,0,1,en_sl_ex_271_bt,,1,,46300,49900,,5,,,,,,,,,,,,,,,,,"23,27","NEW extension,Extension SoftBank 601HW WHITE"
1666,11065,747,2467,No,261-[extension]262Days (Value Rental Pack: 6Months Pack + 3Months Pack),2,カート用延長フラグ,Extension SoftBank 601HW [50GB],1,,,,,,,,*,sl/img001-ex.jpg,*,sl/img001-ex.jpg,,,,,,,,,,,,,,,,,,,,,,,0,1,en_sl_ex_271,,1,,46300,46300,,5,,,,,,,,,,,,,,,,,"23,27","NEW extension,Extension SoftBank 601HW WHITE"
1666,11066,748,2468,Yes,262-[extension]263Days (Value Rental Pack: 6Months Pack + 3Months Pack),2,カート用延長フラグ,Extension SoftBank 601HW [50GB],1,,,,,,,,*,sl/img001-ex.jpg,*,sl/img001-ex.jpg,,,,,,,,,,,,,,,,,,,,,,,0,1,en_sl_ex_271_bt,,1,,46300,49900,,5,,,,,,,,,,,,,,,,,"23,27","NEW extension,Extension SoftBank 601HW WHITE"
1666,11067,747,2468,No,262-[extension]263Days (Value Rental Pack: 6Months Pack + 3Months Pack),2,カート用延長フラグ,Extension SoftBank 601HW [50GB],1,,,,,,,,*,sl/img001-ex.jpg,*,sl/img001-ex.jpg,,,,,,,,,,,,,,,,,,,,,,,0,1,en_sl_ex_271,,1,,46300,46300,,5,,,,,,,,,,,,,,,,,"23,27","NEW extension,Extension SoftBank 601HW WHITE"
1666,11068,748,2469,Yes,263-[extension]264Days (Value Rental Pack: 6Months Pack + 3Months Pack),2,カート用延長フラグ,Extension SoftBank 601HW [50GB],1,,,,,,,,*,sl/img001-ex.jpg,*,sl/img001-ex.jpg,,,,,,,,,,,,,,,,,,,,,,,0,1,en_sl_ex_271_bt,,1,,46300,49900,,5,,,,,,,,,,,,,,,,,"23,27","NEW extension,Extension SoftBank 601HW WHITE"
1666,11069,747,2469,No,263-[extension]264Days (Value Rental Pack: 6Months Pack + 3Months Pack),2,カート用延長フラグ,Extension SoftBank 601HW [50GB],1,,,,,,,,*,sl/img001-ex.jpg,*,sl/img001-ex.jpg,,,,,,,,,,,,,,,,,,,,,,,0,1,en_sl_ex_271,,1,,46300,46300,,5,,,,,,,,,,,,,,,,,"23,27","NEW extension,Extension SoftBank 601HW WHITE"
1666,11070,748,2470,Yes,264-[extension]265Days (Value Rental Pack: 6Months Pack + 3Months Pack),2,カート用延長フラグ,Extension SoftBank 601HW [50GB],1,,,,,,,,*,sl/img001-ex.jpg,*,sl/img001-ex.jpg,,,,,,,,,,,,,,,,,,,,,,,0,1,en_sl_ex_271_bt,,1,,46300,49900,,5,,,,,,,,,,,,,,,,,"23,27","NEW extension,Extension SoftBank 601HW WHITE"
1666,11071,747,2470,No,264-[extension]265Days (Value Rental Pack: 6Months Pack + 3Months Pack),2,カート用延長フラグ,Extension SoftBank 601HW [50GB],1,,,,,,,,*,sl/img001-ex.jpg,*,sl/img001-ex.jpg,,,,,,,,,,,,,,,,,,,,,,,0,1,en_sl_ex_271,,1,,46300,46300,,5,,,,,,,,,,,,,,,,,"23,27","NEW extension,Extension SoftBank 601HW WHITE"
1666,11072,748,2471,Yes,265-[extension]266Days (Value Rental Pack: 6Months Pack + 3Months Pack),2,カート用延長フラグ,Extension SoftBank 601HW [50GB],1,,,,,,,,*,sl/img001-ex.jpg,*,sl/img001-ex.jpg,,,,,,,,,,,,,,,,,,,,,,,0,1,en_sl_ex_271_bt,,1,,46300,49900,,5,,,,,,,,,,,,,,,,,"23,27","NEW extension,Extension SoftBank 601HW WHITE"
1666,11073,747,2471,No,265-[extension]266Days (Value Rental Pack: 6Months Pack + 3Months Pack),2,カート用延長フラグ,Extension SoftBank 601HW [50GB],1,,,,,,,,*,sl/img001-ex.jpg,*,sl/img001-ex.jpg,,,,,,,,,,,,,,,,,,,,,,,0,1,en_sl_ex_271,,1,,46300,46300,,5,,,,,,,,,,,,,,,,,"23,27","NEW extension,Extension SoftBank 601HW WHITE"
1666,11074,748,2472,Yes,266-[extension]267Days (Value Rental Pack: 6Months Pack + 3Months Pack),2,カート用延長フラグ,Extension SoftBank 601HW [50GB],1,,,,,,,,*,sl/img001-ex.jpg,*,sl/img001-ex.jpg,,,,,,,,,,,,,,,,,,,,,,,0,1,en_sl_ex_271_bt,,1,,46300,49900,,5,,,,,,,,,,,,,,,,,"23,27","NEW extension,Extension SoftBank 601HW WHITE"
1666,11075,747,2472,No,266-[extension]267Days (Value Rental Pack: 6Months Pack + 3Months Pack),2,カート用延長フラグ,Extension SoftBank 601HW [50GB],1,,,,,,,,*,sl/img001-ex.jpg,*,sl/img001-ex.jpg,,,,,,,,,,,,,,,,,,,,,,,0,1,en_sl_ex_271,,1,,46300,46300,,5,,,,,,,,,,,,,,,,,"23,27","NEW extension,Extension SoftBank 601HW WHITE"
1666,11076,748,2473,Yes,267-[extension]268Days (Value Rental Pack: 6Months Pack + 3Months Pack),2,カート用延長フラグ,Extension SoftBank 601HW [50GB],1,,,,,,,,*,sl/img001-ex.jpg,*,sl/img001-ex.jpg,,,,,,,,,,,,,,,,,,,,,,,0,1,en_sl_ex_271_bt,,1,,46300,49900,,5,,,,,,,,,,,,,,,,,"23,27","NEW extension,Extension SoftBank 601HW WHITE"
1666,11077,747,2473,No,267-[extension]268Days (Value Rental Pack: 6Months Pack + 3Months Pack),2,カート用延長フラグ,Extension SoftBank 601HW [50GB],1,,,,,,,,*,sl/img001-ex.jpg,*,sl/img001-ex.jpg,,,,,,,,,,,,,,,,,,,,,,,0,1,en_sl_ex_271,,1,,46300,46300,,5,,,,,,,,,,,,,,,,,"23,27","NEW extension,Extension SoftBank 601HW WHITE"
1666,11078,748,2474,Yes,268-[extension]269Days (Value Rental Pack: 6Months Pack + 3Months Pack),2,カート用延長フラグ,Extension SoftBank 601HW [50GB],1,,,,,,,,*,sl/img001-ex.jpg,*,sl/img001-ex.jpg,,,,,,,,,,,,,,,,,,,,,,,0,1,en_sl_ex_271_bt,,1,,46300,49900,,5,,,,,,,,,,,,,,,,,"23,27","NEW extension,Extension SoftBank 601HW WHITE"
1666,11079,747,2474,No,268-[extension]269Days (Value Rental Pack: 6Months Pack + 3Months Pack),2,カート用延長フラグ,Extension SoftBank 601HW [50GB],1,,,,,,,,*,sl/img001-ex.jpg,*,sl/img001-ex.jpg,,,,,,,,,,,,,,,,,,,,,,,0,1,en_sl_ex_271,,1,,46300,46300,,5,,,,,,,,,,,,,,,,,"23,27","NEW extension,Extension SoftBank 601HW WHITE"
1666,11080,748,2475,Yes,269-[extension]270Days (Value Rental Pack: 6Months Pack + 3Months Pack),2,カート用延長フラグ,Extension SoftBank 601HW [50GB],1,,,,,,,,*,sl/img001-ex.jpg,*,sl/img001-ex.jpg,,,,,,,,,,,,,,,,,,,,,,,0,1,en_sl_ex_271_bt,,1,,46300,49900,,5,,,,,,,,,,,,,,,,,"23,27","NEW extension,Extension SoftBank 601HW WHITE"
1666,11081,747,2475,No,269-[extension]270Days (Value Rental Pack: 6Months Pack + 3Months Pack),2,カート用延長フラグ,Extension SoftBank 601HW [50GB],1,,,,,,,,*,sl/img001-ex.jpg,*,sl/img001-ex.jpg,,,,,,,,,,,,,,,,,,,,,,,0,1,en_sl_ex_271,,1,,46300,46300,,5,,,,,,,,,,,,,,,,,"23,27","NEW extension,Extension SoftBank 601HW WHITE"
1666,11082,748,2476,Yes,270-[extension]271Days (Value Rental Pack: 6Months Pack + 3Months Pack),2,カート用延長フラグ,Extension SoftBank 601HW [50GB],1,,,,,,,,*,sl/img001-ex.jpg,*,sl/img001-ex.jpg,,,,,,,,,,,,,,,,,,,,,,,0,1,en_sl_ex_271_bt,,1,,46300,49900,,5,,,,,,,,,,,,,,,,,"23,27","NEW extension,Extension SoftBank 601HW WHITE"
1666,11083,747,2476,No,270-[extension]271Days (Value Rental Pack: 6Months Pack + 3Months Pack),2,カート用延長フラグ,Extension SoftBank 601HW [50GB],1,,,,,,,,*,sl/img001-ex.jpg,*,sl/img001-ex.jpg,,,,,,,,,,,,,,,,,,,,,,,0,1,en_sl_ex_271,,1,,46300,46300,,5,,,,,,,,,,,,,,,,,"23,27","NEW extension,Extension SoftBank 601HW WHITE"
1666,11084,748,2477,Yes,271-[extension]272Days (Value Rental Pack: 6Months Pack + 3Months Pack),2,カート用延長フラグ,Extension SoftBank 601HW [50GB],1,,,,,,,,*,sl/img001-ex.jpg,*,sl/img001-ex.jpg,,,,,,,,,,,,,,,,,,,,,,,0,1,en_sl_ex_271_bt,,1,,46300,49900,,5,,,,,,,,,,,,,,,,,"23,27","NEW extension,Extension SoftBank 601HW WHITE"
1666,11085,747,2477,No,271-[extension]272Days (Value Rental Pack: 6Months Pack + 3Months Pack),2,カート用延長フラグ,Extension SoftBank 601HW [50GB],1,,,,,,,,*,sl/img001-ex.jpg,*,sl/img001-ex.jpg,,,,,,,,,,,,,,,,,,,,,,,0,1,en_sl_ex_271,,1,,46300,46300,,5,,,,,,,,,,,,,,,,,"23,27","NEW extension,Extension SoftBank 601HW WHITE"
1666,11086,748,2478,Yes,272-[extension]273Days (Value Rental Pack: 6Months Pack + 3Months Pack + 1Day),2,カート用延長フラグ,Extension SoftBank 601HW [50GB],1,,,,,,,,*,sl/img001-ex.jpg,*,sl/img001-ex.jpg,,,,,,,,,,,,,,,,,,,,,,,0,1,en_sl_ex_272_bt,,1,,46790,50440,,5,,,,,,,,,,,,,,,,,"23,27","NEW extension,Extension SoftBank 601HW WHITE"
1666,11087,747,2478,No,272-[extension]273Days (Value Rental Pack: 6Months Pack + 3Months Pack + 1Day),2,カート用延長フラグ,Extension SoftBank 601HW [50GB],1,,,,,,,,*,sl/img001-ex.jpg,*,sl/img001-ex.jpg,,,,,,,,,,,,,,,,,,,,,,,0,1,en_sl_ex_272,,1,,46790,46790,,5,,,,,,,,,,,,,,,,,"23,27","NEW extension,Extension SoftBank 601HW WHITE"
1666,11088,748,2479,Yes,273-[extension]274Days (Value Rental Pack: 6Months Pack + 3Months Pack + 2Days),2,カート用延長フラグ,Extension SoftBank 601HW [50GB],1,,,,,,,,*,sl/img001-ex.jpg,*,sl/img001-ex.jpg,,,,,,,,,,,,,,,,,,,,,,,0,1,en_sl_ex_273_bt,,1,,47280,50980,,5,,,,,,,,,,,,,,,,,"23,27","NEW extension,Extension SoftBank 601HW WHITE"
1666,11089,747,2479,No,273-[extension]274Days (Value Rental Pack: 6Months Pack + 3Months Pack + 2Days),2,カート用延長フラグ,Extension SoftBank 601HW [50GB],1,,,,,,,,*,sl/img001-ex.jpg,*,sl/img001-ex.jpg,,,,,,,,,,,,,,,,,,,,,,,0,1,en_sl_ex_273,,1,,47280,47280,,5,,,,,,,,,,,,,,,,,"23,27","NEW extension,Extension SoftBank 601HW WHITE"
1666,11090,748,2480,Yes,274-[extension]275Days (Value Rental Pack: 6Months Pack + 3Months Pack + 3Days),2,カート用延長フラグ,Extension SoftBank 601HW [50GB],1,,,,,,,,*,sl/img001-ex.jpg,*,sl/img001-ex.jpg,,,,,,,,,,,,,,,,,,,,,,,0,1,en_sl_ex_274_bt,,1,,47770,51520,,5,,,,,,,,,,,,,,,,,"23,27","NEW extension,Extension SoftBank 601HW WHITE"
1666,11091,747,2480,No,274-[extension]275Days (Value Rental Pack: 6Months Pack + 3Months Pack + 3Days),2,カート用延長フラグ,Extension SoftBank 601HW [50GB],1,,,,,,,,*,sl/img001-ex.jpg,*,sl/img001-ex.jpg,,,,,,,,,,,,,,,,,,,,,,,0,1,en_sl_ex_274,,1,,47770,47770,,5,,,,,,,,,,,,,,,,,"23,27","NEW extension,Extension SoftBank 601HW WHITE"
1666,11092,748,2481,Yes,275-[extension]276Days (Value Rental Pack: 6Months Pack + 3Months Pack + 4Days),2,カート用延長フラグ,Extension SoftBank 601HW [50GB],1,,,,,,,,*,sl/img001-ex.jpg,*,sl/img001-ex.jpg,,,,,,,,,,,,,,,,,,,,,,,0,1,en_sl_ex_275_bt,,1,,48260,52060,,5,,,,,,,,,,,,,,,,,"23,27","NEW extension,Extension SoftBank 601HW WHITE"
1666,11093,747,2481,No,275-[extension]276Days (Value Rental Pack: 6Months Pack + 3Months Pack + 4Days),2,カート用延長フラグ,Extension SoftBank 601HW [50GB],1,,,,,,,,*,sl/img001-ex.jpg,*,sl/img001-ex.jpg,,,,,,,,,,,,,,,,,,,,,,,0,1,en_sl_ex_275,,1,,48260,48260,,5,,,,,,,,,,,,,,,,,"23,27","NEW extension,Extension SoftBank 601HW WHITE"
1666,11094,748,2482,Yes,276-[extension]277Days (Value Rental Pack: 6Months Pack + 3Months Pack + 5Days),2,カート用延長フラグ,Extension SoftBank 601HW [50GB],1,,,,,,,,*,sl/img001-ex.jpg,*,sl/img001-ex.jpg,,,,,,,,,,,,,,,,,,,,,,,0,1,en_sl_ex_276_bt,,1,,48750,52600,,5,,,,,,,,,,,,,,,,,"23,27","NEW extension,Extension SoftBank 601HW WHITE"
1666,11095,747,2482,No,276-[extension]277Days (Value Rental Pack: 6Months Pack + 3Months Pack + 5Days),2,カート用延長フラグ,Extension SoftBank 601HW [50GB],1,,,,,,,,*,sl/img001-ex.jpg,*,sl/img001-ex.jpg,,,,,,,,,,,,,,,,,,,,,,,0,1,en_sl_ex_276,,1,,48750,48750,,5,,,,,,,,,,,,,,,,,"23,27","NEW extension,Extension SoftBank 601HW WHITE"
1666,11096,748,2483,Yes,277-[extension]278Days (Value Rental Pack: 6Months Pack + 3Months Pack + 6Days),2,カート用延長フラグ,Extension SoftBank 601HW [50GB],1,,,,,,,,*,sl/img001-ex.jpg,*,sl/img001-ex.jpg,,,,,,,,,,,,,,,,,,,,,,,0,1,en_sl_ex_277_bt,,1,,49240,53140,,5,,,,,,,,,,,,,,,,,"23,27","NEW extension,Extension SoftBank 601HW WHITE"
1666,11097,747,2483,No,277-[extension]278Days (Value Rental Pack: 6Months Pack + 3Months Pack + 6Days),2,カート用延長フラグ,Extension SoftBank 601HW [50GB],1,,,,,,,,*,sl/img001-ex.jpg,*,sl/img001-ex.jpg,,,,,,,,,,,,,,,,,,,,,,,0,1,en_sl_ex_277,,1,,49240,49240,,5,,,,,,,,,,,,,,,,,"23,27","NEW extension,Extension SoftBank 601HW WHITE"
1666,11098,748,2484,Yes,278-[extension]279Days (Value Rental Pack: 6Months Pack + 3Months Pack + 7Days),2,カート用延長フラグ,Extension SoftBank 601HW [50GB],1,,,,,,,,*,sl/img001-ex.jpg,*,sl/img001-ex.jpg,,,,,,,,,,,,,,,,,,,,,,,0,1,en_sl_ex_278_bt,,1,,49730,53630,,5,,,,,,,,,,,,,,,,,"23,27","NEW extension,Extension SoftBank 601HW WHITE"
1666,11099,747,2484,No,278-[extension]279Days (Value Rental Pack: 6Months Pack + 3Months Pack + 7Days),2,カート用延長フラグ,Extension SoftBank 601HW [50GB],1,,,,,,,,*,sl/img001-ex.jpg,*,sl/img001-ex.jpg,,,,,,,,,,,,,,,,,,,,,,,0,1,en_sl_ex_278,,1,,49730,49730,,5,,,,,,,,,,,,,,,,,"23,27","NEW extension,Extension SoftBank 601HW WHITE"
1666,11100,748,2485,Yes,279-[extension]280Days (Value Rental Pack: 6Months Pack + 3Months Pack + 8Days),2,カート用延長フラグ,Extension SoftBank 601HW [50GB],1,,,,,,,,*,sl/img001-ex.jpg,*,sl/img001-ex.jpg,,,,,,,,,,,,,,,,,,,,,,,0,1,en_sl_ex_279_bt,,1,,50220,54120,,5,,,,,,,,,,,,,,,,,"23,27","NEW extension,Extension SoftBank 601HW WHITE"
1666,11101,747,2485,No,279-[extension]280Days (Value Rental Pack: 6Months Pack + 3Months Pack + 8Days),2,カート用延長フラグ,Extension SoftBank 601HW [50GB],1,,,,,,,,*,sl/img001-ex.jpg,*,sl/img001-ex.jpg,,,,,,,,,,,,,,,,,,,,,,,0,1,en_sl_ex_279,,1,,50220,50220,,5,,,,,,,,,,,,,,,,,"23,27","NEW extension,Extension SoftBank 601HW WHITE"
1666,11102,748,2486,Yes,280-[extension]281Days (Value Rental Pack: 6Months Pack + 3Months Pack + 9Days),2,カート用延長フラグ,Extension SoftBank 601HW [50GB],1,,,,,,,,*,sl/img001-ex.jpg,*,sl/img001-ex.jpg,,,,,,,,,,,,,,,,,,,,,,,0,1,en_sl_ex_280_bt,,1,,50710,54610,,5,,,,,,,,,,,,,,,,,"23,27","NEW extension,Extension SoftBank 601HW WHITE"
1666,11103,747,2486,No,280-[extension]281Days (Value Rental Pack: 6Months Pack + 3Months Pack + 9Days),2,カート用延長フラグ,Extension SoftBank 601HW [50GB],1,,,,,,,,*,sl/img001-ex.jpg,*,sl/img001-ex.jpg,,,,,,,,,,,,,,,,,,,,,,,0,1,en_sl_ex_280,,1,,50710,50710,,5,,,,,,,,,,,,,,,,,"23,27","NEW extension,Extension SoftBank 601HW WHITE"
1666,11104,748,2487,Yes,281-[extension]282Days (Value Rental Pack: 6Months Pack + 4Months Pack),2,カート用延長フラグ,Extension SoftBank 601HW [50GB],1,,,,,,,,*,sl/img001-ex.jpg,*,sl/img001-ex.jpg,,,,,,,,,,,,,,,,,,,,,,,0,1,en_sl_ex_301_bt,,1,,51000,54900,,5,,,,,,,,,,,,,,,,,"23,27","NEW extension,Extension SoftBank 601HW WHITE"
1666,11105,747,2487,No,281-[extension]282Days (Value Rental Pack: 6Months Pack + 4Months Pack),2,カート用延長フラグ,Extension SoftBank 601HW [50GB],1,,,,,,,,*,sl/img001-ex.jpg,*,sl/img001-ex.jpg,,,,,,,,,,,,,,,,,,,,,,,0,1,en_sl_ex_301,,1,,51000,51000,,5,,,,,,,,,,,,,,,,,"23,27","NEW extension,Extension SoftBank 601HW WHITE"
1666,11106,748,2488,Yes,282-[extension]283Days (Value Rental Pack: 6Months Pack + 4Months Pack),2,カート用延長フラグ,Extension SoftBank 601HW [50GB],1,,,,,,,,*,sl/img001-ex.jpg,*,sl/img001-ex.jpg,,,,,,,,,,,,,,,,,,,,,,,0,1,en_sl_ex_301_bt,,1,,51000,54900,,5,,,,,,,,,,,,,,,,,"23,27","NEW extension,Extension SoftBank 601HW WHITE"
1666,11107,747,2488,No,282-[extension]283Days (Value Rental Pack: 6Months Pack + 4Months Pack),2,カート用延長フラグ,Extension SoftBank 601HW [50GB],1,,,,,,,,*,sl/img001-ex.jpg,*,sl/img001-ex.jpg,,,,,,,,,,,,,,,,,,,,,,,0,1,en_sl_ex_301,,1,,51000,51000,,5,,,,,,,,,,,,,,,,,"23,27","NEW extension,Extension SoftBank 601HW WHITE"
1666,11108,748,2489,Yes,283-[extension]284Days (Value Rental Pack: 6Months Pack + 4Months Pack),2,カート用延長フラグ,Extension SoftBank 601HW [50GB],1,,,,,,,,*,sl/img001-ex.jpg,*,sl/img001-ex.jpg,,,,,,,,,,,,,,,,,,,,,,,0,1,en_sl_ex_301_bt,,1,,51000,54900,,5,,,,,,,,,,,,,,,,,"23,27","NEW extension,Extension SoftBank 601HW WHITE"
1666,11109,747,2489,No,283-[extension]284Days (Value Rental Pack: 6Months Pack + 4Months Pack),2,カート用延長フラグ,Extension SoftBank 601HW [50GB],1,,,,,,,,*,sl/img001-ex.jpg,*,sl/img001-ex.jpg,,,,,,,,,,,,,,,,,,,,,,,0,1,en_sl_ex_301,,1,,51000,51000,,5,,,,,,,,,,,,,,,,,"23,27","NEW extension,Extension SoftBank 601HW WHITE"
1666,11110,748,2490,Yes,284-[extension]285Days (Value Rental Pack: 6Months Pack + 4Months Pack),2,カート用延長フラグ,Extension SoftBank 601HW [50GB],1,,,,,,,,*,sl/img001-ex.jpg,*,sl/img001-ex.jpg,,,,,,,,,,,,,,,,,,,,,,,0,1,en_sl_ex_301_bt,,1,,51000,54900,,5,,,,,,,,,,,,,,,,,"23,27","NEW extension,Extension SoftBank 601HW WHITE"
1666,11111,747,2490,No,284-[extension]285Days (Value Rental Pack: 6Months Pack + 4Months Pack),2,カート用延長フラグ,Extension SoftBank 601HW [50GB],1,,,,,,,,*,sl/img001-ex.jpg,*,sl/img001-ex.jpg,,,,,,,,,,,,,,,,,,,,,,,0,1,en_sl_ex_301,,1,,51000,51000,,5,,,,,,,,,,,,,,,,,"23,27","NEW extension,Extension SoftBank 601HW WHITE"
1666,11112,748,2491,Yes,285-[extension]286Days (Value Rental Pack: 6Months Pack + 4Months Pack),2,カート用延長フラグ,Extension SoftBank 601HW [50GB],1,,,,,,,,*,sl/img001-ex.jpg,*,sl/img001-ex.jpg,,,,,,,,,,,,,,,,,,,,,,,0,1,en_sl_ex_301_bt,,1,,51000,54900,,5,,,,,,,,,,,,,,,,,"23,27","NEW extension,Extension SoftBank 601HW WHITE"
1666,11113,747,2491,No,285-[extension]286Days (Value Rental Pack: 6Months Pack + 4Months Pack),2,カート用延長フラグ,Extension SoftBank 601HW [50GB],1,,,,,,,,*,sl/img001-ex.jpg,*,sl/img001-ex.jpg,,,,,,,,,,,,,,,,,,,,,,,0,1,en_sl_ex_301,,1,,51000,51000,,5,,,,,,,,,,,,,,,,,"23,27","NEW extension,Extension SoftBank 601HW WHITE"
1666,11114,748,2492,Yes,286-[extension]287Days (Value Rental Pack: 6Months Pack + 4Months Pack),2,カート用延長フラグ,Extension SoftBank 601HW [50GB],1,,,,,,,,*,sl/img001-ex.jpg,*,sl/img001-ex.jpg,,,,,,,,,,,,,,,,,,,,,,,0,1,en_sl_ex_301_bt,,1,,51000,54900,,5,,,,,,,,,,,,,,,,,"23,27","NEW extension,Extension SoftBank 601HW WHITE"
1666,11115,747,2492,No,286-[extension]287Days (Value Rental Pack: 6Months Pack + 4Months Pack),2,カート用延長フラグ,Extension SoftBank 601HW [50GB],1,,,,,,,,*,sl/img001-ex.jpg,*,sl/img001-ex.jpg,,,,,,,,,,,,,,,,,,,,,,,0,1,en_sl_ex_301,,1,,51000,51000,,5,,,,,,,,,,,,,,,,,"23,27","NEW extension,Extension SoftBank 601HW WHITE"
1666,11116,748,2493,Yes,287-[extension]288Days (Value Rental Pack: 6Months Pack + 4Months Pack),2,カート用延長フラグ,Extension SoftBank 601HW [50GB],1,,,,,,,,*,sl/img001-ex.jpg,*,sl/img001-ex.jpg,,,,,,,,,,,,,,,,,,,,,,,0,1,en_sl_ex_301_bt,,1,,51000,54900,,5,,,,,,,,,,,,,,,,,"23,27","NEW extension,Extension SoftBank 601HW WHITE"
1666,11117,747,2493,No,287-[extension]288Days (Value Rental Pack: 6Months Pack + 4Months Pack),2,カート用延長フラグ,Extension SoftBank 601HW [50GB],1,,,,,,,,*,sl/img001-ex.jpg,*,sl/img001-ex.jpg,,,,,,,,,,,,,,,,,,,,,,,0,1,en_sl_ex_301,,1,,51000,51000,,5,,,,,,,,,,,,,,,,,"23,27","NEW extension,Extension SoftBank 601HW WHITE"
1666,11118,748,2494,Yes,288-[extension]289Days (Value Rental Pack: 6Months Pack + 4Months Pack),2,カート用延長フラグ,Extension SoftBank 601HW [50GB],1,,,,,,,,*,sl/img001-ex.jpg,*,sl/img001-ex.jpg,,,,,,,,,,,,,,,,,,,,,,,0,1,en_sl_ex_301_bt,,1,,51000,54900,,5,,,,,,,,,,,,,,,,,"23,27","NEW extension,Extension SoftBank 601HW WHITE"
1666,11119,747,2494,No,288-[extension]289Days (Value Rental Pack: 6Months Pack + 4Months Pack),2,カート用延長フラグ,Extension SoftBank 601HW [50GB],1,,,,,,,,*,sl/img001-ex.jpg,*,sl/img001-ex.jpg,,,,,,,,,,,,,,,,,,,,,,,0,1,en_sl_ex_301,,1,,51000,51000,,5,,,,,,,,,,,,,,,,,"23,27","NEW extension,Extension SoftBank 601HW WHITE"
1666,11120,748,2495,Yes,289-[extension]290Days (Value Rental Pack: 6Months Pack + 4Months Pack),2,カート用延長フラグ,Extension SoftBank 601HW [50GB],1,,,,,,,,*,sl/img001-ex.jpg,*,sl/img001-ex.jpg,,,,,,,,,,,,,,,,,,,,,,,0,1,en_sl_ex_301_bt,,1,,51000,54900,,5,,,,,,,,,,,,,,,,,"23,27","NEW extension,Extension SoftBank 601HW WHITE"
1666,11121,747,2495,No,289-[extension]290Days (Value Rental Pack: 6Months Pack + 4Months Pack),2,カート用延長フラグ,Extension SoftBank 601HW [50GB],1,,,,,,,,*,sl/img001-ex.jpg,*,sl/img001-ex.jpg,,,,,,,,,,,,,,,,,,,,,,,0,1,en_sl_ex_301,,1,,51000,51000,,5,,,,,,,,,,,,,,,,,"23,27","NEW extension,Extension SoftBank 601HW WHITE"
1666,11122,748,2496,Yes,290-[extension]291Days (Value Rental Pack: 6Months Pack + 4Months Pack),2,カート用延長フラグ,Extension SoftBank 601HW [50GB],1,,,,,,,,*,sl/img001-ex.jpg,*,sl/img001-ex.jpg,,,,,,,,,,,,,,,,,,,,,,,0,1,en_sl_ex_301_bt,,1,,51000,54900,,5,,,,,,,,,,,,,,,,,"23,27","NEW extension,Extension SoftBank 601HW WHITE"
1666,11123,747,2496,No,290-[extension]291Days (Value Rental Pack: 6Months Pack + 4Months Pack),2,カート用延長フラグ,Extension SoftBank 601HW [50GB],1,,,,,,,,*,sl/img001-ex.jpg,*,sl/img001-ex.jpg,,,,,,,,,,,,,,,,,,,,,,,0,1,en_sl_ex_301,,1,,51000,51000,,5,,,,,,,,,,,,,,,,,"23,27","NEW extension,Extension SoftBank 601HW WHITE"
1666,11124,748,2497,Yes,291-[extension]292Days (Value Rental Pack: 6Months Pack + 4Months Pack),2,カート用延長フラグ,Extension SoftBank 601HW [50GB],1,,,,,,,,*,sl/img001-ex.jpg,*,sl/img001-ex.jpg,,,,,,,,,,,,,,,,,,,,,,,0,1,en_sl_ex_301_bt,,1,,51000,54900,,5,,,,,,,,,,,,,,,,,"23,27","NEW extension,Extension SoftBank 601HW WHITE"
1666,11125,747,2497,No,291-[extension]292Days (Value Rental Pack: 6Months Pack + 4Months Pack),2,カート用延長フラグ,Extension SoftBank 601HW [50GB],1,,,,,,,,*,sl/img001-ex.jpg,*,sl/img001-ex.jpg,,,,,,,,,,,,,,,,,,,,,,,0,1,en_sl_ex_301,,1,,51000,51000,,5,,,,,,,,,,,,,,,,,"23,27","NEW extension,Extension SoftBank 601HW WHITE"
1666,11126,748,2498,Yes,292-[extension]293Days (Value Rental Pack: 6Months Pack + 4Months Pack),2,カート用延長フラグ,Extension SoftBank 601HW [50GB],1,,,,,,,,*,sl/img001-ex.jpg,*,sl/img001-ex.jpg,,,,,,,,,,,,,,,,,,,,,,,0,1,en_sl_ex_301_bt,,1,,51000,54900,,5,,,,,,,,,,,,,,,,,"23,27","NEW extension,Extension SoftBank 601HW WHITE"
1666,11127,747,2498,No,292-[extension]293Days (Value Rental Pack: 6Months Pack + 4Months Pack),2,カート用延長フラグ,Extension SoftBank 601HW [50GB],1,,,,,,,,*,sl/img001-ex.jpg,*,sl/img001-ex.jpg,,,,,,,,,,,,,,,,,,,,,,,0,1,en_sl_ex_301,,1,,51000,51000,,5,,,,,,,,,,,,,,,,,"23,27","NEW extension,Extension SoftBank 601HW WHITE"
1666,11128,748,2499,Yes,293-[extension]294Days (Value Rental Pack: 6Months Pack + 4Months Pack),2,カート用延長フラグ,Extension SoftBank 601HW [50GB],1,,,,,,,,*,sl/img001-ex.jpg,*,sl/img001-ex.jpg,,,,,,,,,,,,,,,,,,,,,,,0,1,en_sl_ex_301_bt,,1,,51000,54900,,5,,,,,,,,,,,,,,,,,"23,27","NEW extension,Extension SoftBank 601HW WHITE"
1666,11129,747,2499,No,293-[extension]294Days (Value Rental Pack: 6Months Pack + 4Months Pack),2,カート用延長フラグ,Extension SoftBank 601HW [50GB],1,,,,,,,,*,sl/img001-ex.jpg,*,sl/img001-ex.jpg,,,,,,,,,,,,,,,,,,,,,,,0,1,en_sl_ex_301,,1,,51000,51000,,5,,,,,,,,,,,,,,,,,"23,27","NEW extension,Extension SoftBank 601HW WHITE"
1666,11130,748,2500,Yes,294-[extension]295Days (Value Rental Pack: 6Months Pack + 4Months Pack),2,カート用延長フラグ,Extension SoftBank 601HW [50GB],1,,,,,,,,*,sl/img001-ex.jpg,*,sl/img001-ex.jpg,,,,,,,,,,,,,,,,,,,,,,,0,1,en_sl_ex_301_bt,,1,,51000,54900,,5,,,,,,,,,,,,,,,,,"23,27","NEW extension,Extension SoftBank 601HW WHITE"
1666,11131,747,2500,No,294-[extension]295Days (Value Rental Pack: 6Months Pack + 4Months Pack),2,カート用延長フラグ,Extension SoftBank 601HW [50GB],1,,,,,,,,*,sl/img001-ex.jpg,*,sl/img001-ex.jpg,,,,,,,,,,,,,,,,,,,,,,,0,1,en_sl_ex_301,,1,,51000,51000,,5,,,,,,,,,,,,,,,,,"23,27","NEW extension,Extension SoftBank 601HW WHITE"
1666,11132,748,2501,Yes,295-[extension]296Days (Value Rental Pack: 6Months Pack + 4Months Pack),2,カート用延長フラグ,Extension SoftBank 601HW [50GB],1,,,,,,,,*,sl/img001-ex.jpg,*,sl/img001-ex.jpg,,,,,,,,,,,,,,,,,,,,,,,0,1,en_sl_ex_301_bt,,1,,51000,54900,,5,,,,,,,,,,,,,,,,,"23,27","NEW extension,Extension SoftBank 601HW WHITE"
1666,11133,747,2501,No,295-[extension]296Days (Value Rental Pack: 6Months Pack + 4Months Pack),2,カート用延長フラグ,Extension SoftBank 601HW [50GB],1,,,,,,,,*,sl/img001-ex.jpg,*,sl/img001-ex.jpg,,,,,,,,,,,,,,,,,,,,,,,0,1,en_sl_ex_301,,1,,51000,51000,,5,,,,,,,,,,,,,,,,,"23,27","NEW extension,Extension SoftBank 601HW WHITE"
1666,11134,748,2502,Yes,296-[extension]297Days (Value Rental Pack: 6Months Pack + 4Months Pack),2,カート用延長フラグ,Extension SoftBank 601HW [50GB],1,,,,,,,,*,sl/img001-ex.jpg,*,sl/img001-ex.jpg,,,,,,,,,,,,,,,,,,,,,,,0,1,en_sl_ex_301_bt,,1,,51000,54900,,5,,,,,,,,,,,,,,,,,"23,27","NEW extension,Extension SoftBank 601HW WHITE"
1666,11135,747,2502,No,296-[extension]297Days (Value Rental Pack: 6Months Pack + 4Months Pack),2,カート用延長フラグ,Extension SoftBank 601HW [50GB],1,,,,,,,,*,sl/img001-ex.jpg,*,sl/img001-ex.jpg,,,,,,,,,,,,,,,,,,,,,,,0,1,en_sl_ex_301,,1,,51000,51000,,5,,,,,,,,,,,,,,,,,"23,27","NEW extension,Extension SoftBank 601HW WHITE"
1666,11136,748,2503,Yes,297-[extension]298Days (Value Rental Pack: 6Months Pack + 4Months Pack),2,カート用延長フラグ,Extension SoftBank 601HW [50GB],1,,,,,,,,*,sl/img001-ex.jpg,*,sl/img001-ex.jpg,,,,,,,,,,,,,,,,,,,,,,,0,1,en_sl_ex_301_bt,,1,,51000,54900,,5,,,,,,,,,,,,,,,,,"23,27","NEW extension,Extension SoftBank 601HW WHITE"
1666,11137,747,2503,No,297-[extension]298Days (Value Rental Pack: 6Months Pack + 4Months Pack),2,カート用延長フラグ,Extension SoftBank 601HW [50GB],1,,,,,,,,*,sl/img001-ex.jpg,*,sl/img001-ex.jpg,,,,,,,,,,,,,,,,,,,,,,,0,1,en_sl_ex_301,,1,,51000,51000,,5,,,,,,,,,,,,,,,,,"23,27","NEW extension,Extension SoftBank 601HW WHITE"
1666,11138,748,2504,Yes,298-[extension]299Days (Value Rental Pack: 6Months Pack + 4Months Pack),2,カート用延長フラグ,Extension SoftBank 601HW [50GB],1,,,,,,,,*,sl/img001-ex.jpg,*,sl/img001-ex.jpg,,,,,,,,,,,,,,,,,,,,,,,0,1,en_sl_ex_301_bt,,1,,51000,54900,,5,,,,,,,,,,,,,,,,,"23,27","NEW extension,Extension SoftBank 601HW WHITE"
1666,11139,747,2504,No,298-[extension]299Days (Value Rental Pack: 6Months Pack + 4Months Pack),2,カート用延長フラグ,Extension SoftBank 601HW [50GB],1,,,,,,,,*,sl/img001-ex.jpg,*,sl/img001-ex.jpg,,,,,,,,,,,,,,,,,,,,,,,0,1,en_sl_ex_301,,1,,51000,51000,,5,,,,,,,,,,,,,,,,,"23,27","NEW extension,Extension SoftBank 601HW WHITE"
1666,11140,748,2505,Yes,299-[extension]300Days (Value Rental Pack: 6Months Pack + 4Months Pack),2,カート用延長フラグ,Extension SoftBank 601HW [50GB],1,,,,,,,,*,sl/img001-ex.jpg,*,sl/img001-ex.jpg,,,,,,,,,,,,,,,,,,,,,,,0,1,en_sl_ex_301_bt,,1,,51000,54900,,5,,,,,,,,,,,,,,,,,"23,27","NEW extension,Extension SoftBank 601HW WHITE"
1666,11141,747,2505,No,299-[extension]300Days (Value Rental Pack: 6Months Pack + 4Months Pack),2,カート用延長フラグ,Extension SoftBank 601HW [50GB],1,,,,,,,,*,sl/img001-ex.jpg,*,sl/img001-ex.jpg,,,,,,,,,,,,,,,,,,,,,,,0,1,en_sl_ex_301,,1,,51000,51000,,5,,,,,,,,,,,,,,,,,"23,27","NEW extension,Extension SoftBank 601HW WHITE"
1666,11142,748,2506,Yes,300-[extension]301Days (Value Rental Pack: 6Months Pack + 4Months Pack),2,カート用延長フラグ,Extension SoftBank 601HW [50GB],1,,,,,,,,*,sl/img001-ex.jpg,*,sl/img001-ex.jpg,,,,,,,,,,,,,,,,,,,,,,,0,1,en_sl_ex_301_bt,,1,,51000,54900,,5,,,,,,,,,,,,,,,,,"23,27","NEW extension,Extension SoftBank 601HW WHITE"
1666,11143,747,2506,No,300-[extension]301Days (Value Rental Pack: 6Months Pack + 4Months Pack),2,カート用延長フラグ,Extension SoftBank 601HW [50GB],1,,,,,,,,*,sl/img001-ex.jpg,*,sl/img001-ex.jpg,,,,,,,,,,,,,,,,,,,,,,,0,1,en_sl_ex_301,,1,,51000,51000,,5,,,,,,,,,,,,,,,,,"23,27","NEW extension,Extension SoftBank 601HW WHITE"
1666,11144,748,2507,Yes,301-[extension]302Days (Value Rental Pack: 6Months Pack + 4Months Pack),2,カート用延長フラグ,Extension SoftBank 601HW [50GB],1,,,,,,,,*,sl/img001-ex.jpg,*,sl/img001-ex.jpg,,,,,,,,,,,,,,,,,,,,,,,0,1,en_sl_ex_301_bt,,1,,51000,54900,,5,,,,,,,,,,,,,,,,,"23,27","NEW extension,Extension SoftBank 601HW WHITE"
1666,11145,747,2507,No,301-[extension]302Days (Value Rental Pack: 6Months Pack + 4Months Pack),2,カート用延長フラグ,Extension SoftBank 601HW [50GB],1,,,,,,,,*,sl/img001-ex.jpg,*,sl/img001-ex.jpg,,,,,,,,,,,,,,,,,,,,,,,0,1,en_sl_ex_301,,1,,51000,51000,,5,,,,,,,,,,,,,,,,,"23,27","NEW extension,Extension SoftBank 601HW WHITE"
1666,11146,748,2508,Yes,302-[extension]303Days (Value Rental Pack: 6Months Pack + 4Months Pack + 1Day),2,カート用延長フラグ,Extension SoftBank 601HW [50GB],1,,,,,,,,*,sl/img001-ex.jpg,*,sl/img001-ex.jpg,,,,,,,,,,,,,,,,,,,,,,,0,1,en_sl_ex_302_bt,,1,,51490,55440,,5,,,,,,,,,,,,,,,,,"23,27","NEW extension,Extension SoftBank 601HW WHITE"
1666,11147,747,2508,No,302-[extension]303Days (Value Rental Pack: 6Months Pack + 4Months Pack + 1Day),2,カート用延長フラグ,Extension SoftBank 601HW [50GB],1,,,,,,,,*,sl/img001-ex.jpg,*,sl/img001-ex.jpg,,,,,,,,,,,,,,,,,,,,,,,0,1,en_sl_ex_302,,1,,51490,51490,,5,,,,,,,,,,,,,,,,,"23,27","NEW extension,Extension SoftBank 601HW WHITE"
1666,11148,748,2509,Yes,303-[extension]304Days (Value Rental Pack: 6Months Pack + 4Months Pack + 2Days),2,カート用延長フラグ,Extension SoftBank 601HW [50GB],1,,,,,,,,*,sl/img001-ex.jpg,*,sl/img001-ex.jpg,,,,,,,,,,,,,,,,,,,,,,,0,1,en_sl_ex_303_bt,,1,,51980,55980,,5,,,,,,,,,,,,,,,,,"23,27","NEW extension,Extension SoftBank 601HW WHITE"
1666,11149,747,2509,No,303-[extension]304Days (Value Rental Pack: 6Months Pack + 4Months Pack + 2Days),2,カート用延長フラグ,Extension SoftBank 601HW [50GB],1,,,,,,,,*,sl/img001-ex.jpg,*,sl/img001-ex.jpg,,,,,,,,,,,,,,,,,,,,,,,0,1,en_sl_ex_303,,1,,51980,51980,,5,,,,,,,,,,,,,,,,,"23,27","NEW extension,Extension SoftBank 601HW WHITE"
1666,11150,748,2510,Yes,304-[extension]305Days (Value Rental Pack: 6Months Pack + 4Months Pack + 3Days),2,カート用延長フラグ,Extension SoftBank 601HW [50GB],1,,,,,,,,*,sl/img001-ex.jpg,*,sl/img001-ex.jpg,,,,,,,,,,,,,,,,,,,,,,,0,1,en_sl_ex_304_bt,,1,,52470,56520,,5,,,,,,,,,,,,,,,,,"23,27","NEW extension,Extension SoftBank 601HW WHITE"
1666,11151,747,2510,No,304-[extension]305Days (Value Rental Pack: 6Months Pack + 4Months Pack + 3Days),2,カート用延長フラグ,Extension SoftBank 601HW [50GB],1,,,,,,,,*,sl/img001-ex.jpg,*,sl/img001-ex.jpg,,,,,,,,,,,,,,,,,,,,,,,0,1,en_sl_ex_304,,1,,52470,52470,,5,,,,,,,,,,,,,,,,,"23,27","NEW extension,Extension SoftBank 601HW WHITE"
1666,11152,748,2511,Yes,305-[extension]306Days (Value Rental Pack: 6Months Pack + 4Months Pack + 4Days),2,カート用延長フラグ,Extension SoftBank 601HW [50GB],1,,,,,,,,*,sl/img001-ex.jpg,*,sl/img001-ex.jpg,,,,,,,,,,,,,,,,,,,,,,,0,1,en_sl_ex_305_bt,,1,,52960,57060,,5,,,,,,,,,,,,,,,,,"23,27","NEW extension,Extension SoftBank 601HW WHITE"
1666,11153,747,2511,No,305-[extension]306Days (Value Rental Pack: 6Months Pack + 4Months Pack + 4Days),2,カート用延長フラグ,Extension SoftBank 601HW [50GB],1,,,,,,,,*,sl/img001-ex.jpg,*,sl/img001-ex.jpg,,,,,,,,,,,,,,,,,,,,,,,0,1,en_sl_ex_305,,1,,52960,52960,,5,,,,,,,,,,,,,,,,,"23,27","NEW extension,Extension SoftBank 601HW WHITE"
1666,11154,748,2512,Yes,306-[extension]307Days (Value Rental Pack: 6Months Pack + 4Months Pack + 5Days),2,カート用延長フラグ,Extension SoftBank 601HW [50GB],1,,,,,,,,*,sl/img001-ex.jpg,*,sl/img001-ex.jpg,,,,,,,,,,,,,,,,,,,,,,,0,1,en_sl_ex_306_bt,,1,,53450,57600,,5,,,,,,,,,,,,,,,,,"23,27","NEW extension,Extension SoftBank 601HW WHITE"
1666,11155,747,2512,No,306-[extension]307Days (Value Rental Pack: 6Months Pack + 4Months Pack + 5Days),2,カート用延長フラグ,Extension SoftBank 601HW [50GB],1,,,,,,,,*,sl/img001-ex.jpg,*,sl/img001-ex.jpg,,,,,,,,,,,,,,,,,,,,,,,0,1,en_sl_ex_306,,1,,53450,53450,,5,,,,,,,,,,,,,,,,,"23,27","NEW extension,Extension SoftBank 601HW WHITE"
1666,11156,748,2513,Yes,307-[extension]308Days (Value Rental Pack: 6Months Pack + 5Months Pack),2,カート用延長フラグ,Extension SoftBank 601HW [50GB],1,,,,,,,,*,sl/img001-ex.jpg,*,sl/img001-ex.jpg,,,,,,,,,,,,,,,,,,,,,,,0,1,en_sl_ex_331_bt,,1,,53500,57700,,5,,,,,,,,,,,,,,,,,"23,27","NEW extension,Extension SoftBank 601HW WHITE"
1666,11157,747,2513,No,307-[extension]308Days (Value Rental Pack: 6Months Pack + 5Months Pack),2,カート用延長フラグ,Extension SoftBank 601HW [50GB],1,,,,,,,,*,sl/img001-ex.jpg,*,sl/img001-ex.jpg,,,,,,,,,,,,,,,,,,,,,,,0,1,en_sl_ex_331,,1,,53500,53500,,5,,,,,,,,,,,,,,,,,"23,27","NEW extension,Extension SoftBank 601HW WHITE"
1666,11158,748,2514,Yes,308-[extension]309Days (Value Rental Pack: 6Months Pack + 5Months Pack),2,カート用延長フラグ,Extension SoftBank 601HW [50GB],1,,,,,,,,*,sl/img001-ex.jpg,*,sl/img001-ex.jpg,,,,,,,,,,,,,,,,,,,,,,,0,1,en_sl_ex_331_bt,,1,,53500,57700,,5,,,,,,,,,,,,,,,,,"23,27","NEW extension,Extension SoftBank 601HW WHITE"
1666,11159,747,2514,No,308-[extension]309Days (Value Rental Pack: 6Months Pack + 5Months Pack),2,カート用延長フラグ,Extension SoftBank 601HW [50GB],1,,,,,,,,*,sl/img001-ex.jpg,*,sl/img001-ex.jpg,,,,,,,,,,,,,,,,,,,,,,,0,1,en_sl_ex_331,,1,,53500,53500,,5,,,,,,,,,,,,,,,,,"23,27","NEW extension,Extension SoftBank 601HW WHITE"
1666,11160,748,2515,Yes,309-[extension]310Days (Value Rental Pack: 6Months Pack + 5Months Pack),2,カート用延長フラグ,Extension SoftBank 601HW [50GB],1,,,,,,,,*,sl/img001-ex.jpg,*,sl/img001-ex.jpg,,,,,,,,,,,,,,,,,,,,,,,0,1,en_sl_ex_331_bt,,1,,53500,57700,,5,,,,,,,,,,,,,,,,,"23,27","NEW extension,Extension SoftBank 601HW WHITE"
1666,11161,747,2515,No,309-[extension]310Days (Value Rental Pack: 6Months Pack + 5Months Pack),2,カート用延長フラグ,Extension SoftBank 601HW [50GB],1,,,,,,,,*,sl/img001-ex.jpg,*,sl/img001-ex.jpg,,,,,,,,,,,,,,,,,,,,,,,0,1,en_sl_ex_331,,1,,53500,53500,,5,,,,,,,,,,,,,,,,,"23,27","NEW extension,Extension SoftBank 601HW WHITE"
1666,11162,748,2516,Yes,310-[extension]311Days (Value Rental Pack: 6Months Pack + 5Months Pack),2,カート用延長フラグ,Extension SoftBank 601HW [50GB],1,,,,,,,,*,sl/img001-ex.jpg,*,sl/img001-ex.jpg,,,,,,,,,,,,,,,,,,,,,,,0,1,en_sl_ex_331_bt,,1,,53500,57700,,5,,,,,,,,,,,,,,,,,"23,27","NEW extension,Extension SoftBank 601HW WHITE"
1666,11163,747,2516,No,310-[extension]311Days (Value Rental Pack: 6Months Pack + 5Months Pack),2,カート用延長フラグ,Extension SoftBank 601HW [50GB],1,,,,,,,,*,sl/img001-ex.jpg,*,sl/img001-ex.jpg,,,,,,,,,,,,,,,,,,,,,,,0,1,en_sl_ex_331,,1,,53500,53500,,5,,,,,,,,,,,,,,,,,"23,27","NEW extension,Extension SoftBank 601HW WHITE"
1666,11164,748,2517,Yes,311-[extension]312Days (Value Rental Pack: 6Months Pack + 5Months Pack),2,カート用延長フラグ,Extension SoftBank 601HW [50GB],1,,,,,,,,*,sl/img001-ex.jpg,*,sl/img001-ex.jpg,,,,,,,,,,,,,,,,,,,,,,,0,1,en_sl_ex_331_bt,,1,,53500,57700,,5,,,,,,,,,,,,,,,,,"23,27","NEW extension,Extension SoftBank 601HW WHITE"
1666,11165,747,2517,No,311-[extension]312Days (Value Rental Pack: 6Months Pack + 5Months Pack),2,カート用延長フラグ,Extension SoftBank 601HW [50GB],1,,,,,,,,*,sl/img001-ex.jpg,*,sl/img001-ex.jpg,,,,,,,,,,,,,,,,,,,,,,,0,1,en_sl_ex_331,,1,,53500,53500,,5,,,,,,,,,,,,,,,,,"23,27","NEW extension,Extension SoftBank 601HW WHITE"
1666,11166,748,2518,Yes,312-[extension]313Days (Value Rental Pack: 6Months Pack + 5Months Pack),2,カート用延長フラグ,Extension SoftBank 601HW [50GB],1,,,,,,,,*,sl/img001-ex.jpg,*,sl/img001-ex.jpg,,,,,,,,,,,,,,,,,,,,,,,0,1,en_sl_ex_331_bt,,1,,53500,57700,,5,,,,,,,,,,,,,,,,,"23,27","NEW extension,Extension SoftBank 601HW WHITE"
1666,11167,747,2518,No,312-[extension]313Days (Value Rental Pack: 6Months Pack + 5Months Pack),2,カート用延長フラグ,Extension SoftBank 601HW [50GB],1,,,,,,,,*,sl/img001-ex.jpg,*,sl/img001-ex.jpg,,,,,,,,,,,,,,,,,,,,,,,0,1,en_sl_ex_331,,1,,53500,53500,,5,,,,,,,,,,,,,,,,,"23,27","NEW extension,Extension SoftBank 601HW WHITE"
1666,11168,748,2519,Yes,313-[extension]314Days (Value Rental Pack: 6Months Pack + 5Months Pack),2,カート用延長フラグ,Extension SoftBank 601HW [50GB],1,,,,,,,,*,sl/img001-ex.jpg,*,sl/img001-ex.jpg,,,,,,,,,,,,,,,,,,,,,,,0,1,en_sl_ex_331_bt,,1,,53500,57700,,5,,,,,,,,,,,,,,,,,"23,27","NEW extension,Extension SoftBank 601HW WHITE"
1666,11169,747,2519,No,313-[extension]314Days (Value Rental Pack: 6Months Pack + 5Months Pack),2,カート用延長フラグ,Extension SoftBank 601HW [50GB],1,,,,,,,,*,sl/img001-ex.jpg,*,sl/img001-ex.jpg,,,,,,,,,,,,,,,,,,,,,,,0,1,en_sl_ex_331,,1,,53500,53500,,5,,,,,,,,,,,,,,,,,"23,27","NEW extension,Extension SoftBank 601HW WHITE"
1666,11170,748,2520,Yes,314-[extension]315Days (Value Rental Pack: 6Months Pack + 5Months Pack),2,カート用延長フラグ,Extension SoftBank 601HW [50GB],1,,,,,,,,*,sl/img001-ex.jpg,*,sl/img001-ex.jpg,,,,,,,,,,,,,,,,,,,,,,,0,1,en_sl_ex_331_bt,,1,,53500,57700,,5,,,,,,,,,,,,,,,,,"23,27","NEW extension,Extension SoftBank 601HW WHITE"
1666,11171,747,2520,No,314-[extension]315Days (Value Rental Pack: 6Months Pack + 5Months Pack),2,カート用延長フラグ,Extension SoftBank 601HW [50GB],1,,,,,,,,*,sl/img001-ex.jpg,*,sl/img001-ex.jpg,,,,,,,,,,,,,,,,,,,,,,,0,1,en_sl_ex_331,,1,,53500,53500,,5,,,,,,,,,,,,,,,,,"23,27","NEW extension,Extension SoftBank 601HW WHITE"
1666,11172,748,2521,Yes,315-[extension]316Days (Value Rental Pack: 6Months Pack + 5Months Pack),2,カート用延長フラグ,Extension SoftBank 601HW [50GB],1,,,,,,,,*,sl/img001-ex.jpg,*,sl/img001-ex.jpg,,,,,,,,,,,,,,,,,,,,,,,0,1,en_sl_ex_331_bt,,1,,53500,57700,,5,,,,,,,,,,,,,,,,,"23,27","NEW extension,Extension SoftBank 601HW WHITE"
1666,11173,747,2521,No,315-[extension]316Days (Value Rental Pack: 6Months Pack + 5Months Pack),2,カート用延長フラグ,Extension SoftBank 601HW [50GB],1,,,,,,,,*,sl/img001-ex.jpg,*,sl/img001-ex.jpg,,,,,,,,,,,,,,,,,,,,,,,0,1,en_sl_ex_331,,1,,53500,53500,,5,,,,,,,,,,,,,,,,,"23,27","NEW extension,Extension SoftBank 601HW WHITE"
1666,11174,748,2522,Yes,316-[extension]317Days (Value Rental Pack: 6Months Pack + 5Months Pack),2,カート用延長フラグ,Extension SoftBank 601HW [50GB],1,,,,,,,,*,sl/img001-ex.jpg,*,sl/img001-ex.jpg,,,,,,,,,,,,,,,,,,,,,,,0,1,en_sl_ex_331_bt,,1,,53500,57700,,5,,,,,,,,,,,,,,,,,"23,27","NEW extension,Extension SoftBank 601HW WHITE"
1666,11175,747,2522,No,316-[extension]317Days (Value Rental Pack: 6Months Pack + 5Months Pack),2,カート用延長フラグ,Extension SoftBank 601HW [50GB],1,,,,,,,,*,sl/img001-ex.jpg,*,sl/img001-ex.jpg,,,,,,,,,,,,,,,,,,,,,,,0,1,en_sl_ex_331,,1,,53500,53500,,5,,,,,,,,,,,,,,,,,"23,27","NEW extension,Extension SoftBank 601HW WHITE"
1666,11176,748,2523,Yes,317-[extension]318Days (Value Rental Pack: 6Months Pack + 5Months Pack),2,カート用延長フラグ,Extension SoftBank 601HW [50GB],1,,,,,,,,*,sl/img001-ex.jpg,*,sl/img001-ex.jpg,,,,,,,,,,,,,,,,,,,,,,,0,1,en_sl_ex_331_bt,,1,,53500,57700,,5,,,,,,,,,,,,,,,,,"23,27","NEW extension,Extension SoftBank 601HW WHITE"
1666,11177,747,2523,No,317-[extension]318Days (Value Rental Pack: 6Months Pack + 5Months Pack),2,カート用延長フラグ,Extension SoftBank 601HW [50GB],1,,,,,,,,*,sl/img001-ex.jpg,*,sl/img001-ex.jpg,,,,,,,,,,,,,,,,,,,,,,,0,1,en_sl_ex_331,,1,,53500,53500,,5,,,,,,,,,,,,,,,,,"23,27","NEW extension,Extension SoftBank 601HW WHITE"
1666,11178,748,2524,Yes,318-[extension]319Days (Value Rental Pack: 6Months Pack + 5Months Pack),2,カート用延長フラグ,Extension SoftBank 601HW [50GB],1,,,,,,,,*,sl/img001-ex.jpg,*,sl/img001-ex.jpg,,,,,,,,,,,,,,,,,,,,,,,0,1,en_sl_ex_331_bt,,1,,53500,57700,,5,,,,,,,,,,,,,,,,,"23,27","NEW extension,Extension SoftBank 601HW WHITE"
1666,11179,747,2524,No,318-[extension]319Days (Value Rental Pack: 6Months Pack + 5Months Pack),2,カート用延長フラグ,Extension SoftBank 601HW [50GB],1,,,,,,,,*,sl/img001-ex.jpg,*,sl/img001-ex.jpg,,,,,,,,,,,,,,,,,,,,,,,0,1,en_sl_ex_331,,1,,53500,53500,,5,,,,,,,,,,,,,,,,,"23,27","NEW extension,Extension SoftBank 601HW WHITE"
1666,11180,748,2525,Yes,319-[extension]320Days (Value Rental Pack: 6Months Pack + 5Months Pack),2,カート用延長フラグ,Extension SoftBank 601HW [50GB],1,,,,,,,,*,sl/img001-ex.jpg,*,sl/img001-ex.jpg,,,,,,,,,,,,,,,,,,,,,,,0,1,en_sl_ex_331_bt,,1,,53500,57700,,5,,,,,,,,,,,,,,,,,"23,27","NEW extension,Extension SoftBank 601HW WHITE"
1666,11181,747,2525,No,319-[extension]320Days (Value Rental Pack: 6Months Pack + 5Months Pack),2,カート用延長フラグ,Extension SoftBank 601HW [50GB],1,,,,,,,,*,sl/img001-ex.jpg,*,sl/img001-ex.jpg,,,,,,,,,,,,,,,,,,,,,,,0,1,en_sl_ex_331,,1,,53500,53500,,5,,,,,,,,,,,,,,,,,"23,27","NEW extension,Extension SoftBank 601HW WHITE"
1666,11182,748,2526,Yes,320-[extension]321Days (Value Rental Pack: 6Months Pack + 5Months Pack),2,カート用延長フラグ,Extension SoftBank 601HW [50GB],1,,,,,,,,*,sl/img001-ex.jpg,*,sl/img001-ex.jpg,,,,,,,,,,,,,,,,,,,,,,,0,1,en_sl_ex_331_bt,,1,,53500,57700,,5,,,,,,,,,,,,,,,,,"23,27","NEW extension,Extension SoftBank 601HW WHITE"
1666,11183,747,2526,No,320-[extension]321Days (Value Rental Pack: 6Months Pack + 5Months Pack),2,カート用延長フラグ,Extension SoftBank 601HW [50GB],1,,,,,,,,*,sl/img001-ex.jpg,*,sl/img001-ex.jpg,,,,,,,,,,,,,,,,,,,,,,,0,1,en_sl_ex_331,,1,,53500,53500,,5,,,,,,,,,,,,,,,,,"23,27","NEW extension,Extension SoftBank 601HW WHITE"
1666,11184,748,2527,Yes,321-[extension]322Days (Value Rental Pack: 6Months Pack + 5Months Pack),2,カート用延長フラグ,Extension SoftBank 601HW [50GB],1,,,,,,,,*,sl/img001-ex.jpg,*,sl/img001-ex.jpg,,,,,,,,,,,,,,,,,,,,,,,0,1,en_sl_ex_331_bt,,1,,53500,57700,,5,,,,,,,,,,,,,,,,,"23,27","NEW extension,Extension SoftBank 601HW WHITE"
1666,11185,747,2527,No,321-[extension]322Days (Value Rental Pack: 6Months Pack + 5Months Pack),2,カート用延長フラグ,Extension SoftBank 601HW [50GB],1,,,,,,,,*,sl/img001-ex.jpg,*,sl/img001-ex.jpg,,,,,,,,,,,,,,,,,,,,,,,0,1,en_sl_ex_331,,1,,53500,53500,,5,,,,,,,,,,,,,,,,,"23,27","NEW extension,Extension SoftBank 601HW WHITE"
1666,11186,748,2528,Yes,322-[extension]323Days (Value Rental Pack: 6Months Pack + 5Months Pack),2,カート用延長フラグ,Extension SoftBank 601HW [50GB],1,,,,,,,,*,sl/img001-ex.jpg,*,sl/img001-ex.jpg,,,,,,,,,,,,,,,,,,,,,,,0,1,en_sl_ex_331_bt,,1,,53500,57700,,5,,,,,,,,,,,,,,,,,"23,27","NEW extension,Extension SoftBank 601HW WHITE"
1666,11187,747,2528,No,322-[extension]323Days (Value Rental Pack: 6Months Pack + 5Months Pack),2,カート用延長フラグ,Extension SoftBank 601HW [50GB],1,,,,,,,,*,sl/img001-ex.jpg,*,sl/img001-ex.jpg,,,,,,,,,,,,,,,,,,,,,,,0,1,en_sl_ex_331,,1,,53500,53500,,5,,,,,,,,,,,,,,,,,"23,27","NEW extension,Extension SoftBank 601HW WHITE"
1666,11188,748,2529,Yes,323-[extension]324Days (Value Rental Pack: 6Months Pack + 5Months Pack),2,カート用延長フラグ,Extension SoftBank 601HW [50GB],1,,,,,,,,*,sl/img001-ex.jpg,*,sl/img001-ex.jpg,,,,,,,,,,,,,,,,,,,,,,,0,1,en_sl_ex_331_bt,,1,,53500,57700,,5,,,,,,,,,,,,,,,,,"23,27","NEW extension,Extension SoftBank 601HW WHITE"
1666,11189,747,2529,No,323-[extension]324Days (Value Rental Pack: 6Months Pack + 5Months Pack),2,カート用延長フラグ,Extension SoftBank 601HW [50GB],1,,,,,,,,*,sl/img001-ex.jpg,*,sl/img001-ex.jpg,,,,,,,,,,,,,,,,,,,,,,,0,1,en_sl_ex_331,,1,,53500,53500,,5,,,,,,,,,,,,,,,,,"23,27","NEW extension,Extension SoftBank 601HW WHITE"
1666,11190,748,2530,Yes,324-[extension]325Days (Value Rental Pack: 6Months Pack + 5Months Pack),2,カート用延長フラグ,Extension SoftBank 601HW [50GB],1,,,,,,,,*,sl/img001-ex.jpg,*,sl/img001-ex.jpg,,,,,,,,,,,,,,,,,,,,,,,0,1,en_sl_ex_331_bt,,1,,53500,57700,,5,,,,,,,,,,,,,,,,,"23,27","NEW extension,Extension SoftBank 601HW WHITE"
1666,11191,747,2530,No,324-[extension]325Days (Value Rental Pack: 6Months Pack + 5Months Pack),2,カート用延長フラグ,Extension SoftBank 601HW [50GB],1,,,,,,,,*,sl/img001-ex.jpg,*,sl/img001-ex.jpg,,,,,,,,,,,,,,,,,,,,,,,0,1,en_sl_ex_331,,1,,53500,53500,,5,,,,,,,,,,,,,,,,,"23,27","NEW extension,Extension SoftBank 601HW WHITE"
1666,11192,748,2531,Yes,325-[extension]326Days (Value Rental Pack: 6Months Pack + 5Months Pack),2,カート用延長フラグ,Extension SoftBank 601HW [50GB],1,,,,,,,,*,sl/img001-ex.jpg,*,sl/img001-ex.jpg,,,,,,,,,,,,,,,,,,,,,,,0,1,en_sl_ex_331_bt,,1,,53500,57700,,5,,,,,,,,,,,,,,,,,"23,27","NEW extension,Extension SoftBank 601HW WHITE"
1666,11193,747,2531,No,325-[extension]326Days (Value Rental Pack: 6Months Pack + 5Months Pack),2,カート用延長フラグ,Extension SoftBank 601HW [50GB],1,,,,,,,,*,sl/img001-ex.jpg,*,sl/img001-ex.jpg,,,,,,,,,,,,,,,,,,,,,,,0,1,en_sl_ex_331,,1,,53500,53500,,5,,,,,,,,,,,,,,,,,"23,27","NEW extension,Extension SoftBank 601HW WHITE"
1666,11194,748,2532,Yes,326-[extension]327Days (Value Rental Pack: 6Months Pack + 5Months Pack),2,カート用延長フラグ,Extension SoftBank 601HW [50GB],1,,,,,,,,*,sl/img001-ex.jpg,*,sl/img001-ex.jpg,,,,,,,,,,,,,,,,,,,,,,,0,1,en_sl_ex_331_bt,,1,,53500,57700,,5,,,,,,,,,,,,,,,,,"23,27","NEW extension,Extension SoftBank 601HW WHITE"
1666,11195,747,2532,No,326-[extension]327Days (Value Rental Pack: 6Months Pack + 5Months Pack),2,カート用延長フラグ,Extension SoftBank 601HW [50GB],1,,,,,,,,*,sl/img001-ex.jpg,*,sl/img001-ex.jpg,,,,,,,,,,,,,,,,,,,,,,,0,1,en_sl_ex_331,,1,,53500,53500,,5,,,,,,,,,,,,,,,,,"23,27","NEW extension,Extension SoftBank 601HW WHITE"
1666,11196,748,2533,Yes,327-[extension]328Days (Value Rental Pack: 6Months Pack + 5Months Pack),2,カート用延長フラグ,Extension SoftBank 601HW [50GB],1,,,,,,,,*,sl/img001-ex.jpg,*,sl/img001-ex.jpg,,,,,,,,,,,,,,,,,,,,,,,0,1,en_sl_ex_331_bt,,1,,53500,57700,,5,,,,,,,,,,,,,,,,,"23,27","NEW extension,Extension SoftBank 601HW WHITE"
1666,11197,747,2533,No,327-[extension]328Days (Value Rental Pack: 6Months Pack + 5Months Pack),2,カート用延長フラグ,Extension SoftBank 601HW [50GB],1,,,,,,,,*,sl/img001-ex.jpg,*,sl/img001-ex.jpg,,,,,,,,,,,,,,,,,,,,,,,0,1,en_sl_ex_331,,1,,53500,53500,,5,,,,,,,,,,,,,,,,,"23,27","NEW extension,Extension SoftBank 601HW WHITE"
1666,11198,748,2534,Yes,328-[extension]329Days (Value Rental Pack: 6Months Pack + 5Months Pack),2,カート用延長フラグ,Extension SoftBank 601HW [50GB],1,,,,,,,,*,sl/img001-ex.jpg,*,sl/img001-ex.jpg,,,,,,,,,,,,,,,,,,,,,,,0,1,en_sl_ex_331_bt,,1,,53500,57700,,5,,,,,,,,,,,,,,,,,"23,27","NEW extension,Extension SoftBank 601HW WHITE"
1666,11199,747,2534,No,328-[extension]329Days (Value Rental Pack: 6Months Pack + 5Months Pack),2,カート用延長フラグ,Extension SoftBank 601HW [50GB],1,,,,,,,,*,sl/img001-ex.jpg,*,sl/img001-ex.jpg,,,,,,,,,,,,,,,,,,,,,,,0,1,en_sl_ex_331,,1,,53500,53500,,5,,,,,,,,,,,,,,,,,"23,27","NEW extension,Extension SoftBank 601HW WHITE"
1666,11200,748,2535,Yes,329-[extension]330Days (Value Rental Pack: 6Months Pack + 5Months Pack),2,カート用延長フラグ,Extension SoftBank 601HW [50GB],1,,,,,,,,*,sl/img001-ex.jpg,*,sl/img001-ex.jpg,,,,,,,,,,,,,,,,,,,,,,,0,1,en_sl_ex_331_bt,,1,,53500,57700,,5,,,,,,,,,,,,,,,,,"23,27","NEW extension,Extension SoftBank 601HW WHITE"
1666,11201,747,2535,No,329-[extension]330Days (Value Rental Pack: 6Months Pack + 5Months Pack),2,カート用延長フラグ,Extension SoftBank 601HW [50GB],1,,,,,,,,*,sl/img001-ex.jpg,*,sl/img001-ex.jpg,,,,,,,,,,,,,,,,,,,,,,,0,1,en_sl_ex_331,,1,,53500,53500,,5,,,,,,,,,,,,,,,,,"23,27","NEW extension,Extension SoftBank 601HW WHITE"
1666,11202,748,2536,Yes,330-[extension]331Days (Value Rental Pack: 6Months Pack + 5Months Pack),2,カート用延長フラグ,Extension SoftBank 601HW [50GB],1,,,,,,,,*,sl/img001-ex.jpg,*,sl/img001-ex.jpg,,,,,,,,,,,,,,,,,,,,,,,0,1,en_sl_ex_331_bt,,1,,53500,57700,,5,,,,,,,,,,,,,,,,,"23,27","NEW extension,Extension SoftBank 601HW WHITE"
1666,11203,747,2536,No,330-[extension]331Days (Value Rental Pack: 6Months Pack + 5Months Pack),2,カート用延長フラグ,Extension SoftBank 601HW [50GB],1,,,,,,,,*,sl/img001-ex.jpg,*,sl/img001-ex.jpg,,,,,,,,,,,,,,,,,,,,,,,0,1,en_sl_ex_331,,1,,53500,53500,,5,,,,,,,,,,,,,,,,,"23,27","NEW extension,Extension SoftBank 601HW WHITE"
1666,11204,748,2537,Yes,331-[extension]332Days (Value Rental Pack: 6Months Pack + 5Months Pack),2,カート用延長フラグ,Extension SoftBank 601HW [50GB],1,,,,,,,,*,sl/img001-ex.jpg,*,sl/img001-ex.jpg,,,,,,,,,,,,,,,,,,,,,,,0,1,en_sl_ex_331_bt,,1,,53500,57700,,5,,,,,,,,,,,,,,,,,"23,27","NEW extension,Extension SoftBank 601HW WHITE"
1666,11205,747,2537,No,331-[extension]332Days (Value Rental Pack: 6Months Pack + 5Months Pack),2,カート用延長フラグ,Extension SoftBank 601HW [50GB],1,,,,,,,,*,sl/img001-ex.jpg,*,sl/img001-ex.jpg,,,,,,,,,,,,,,,,,,,,,,,0,1,en_sl_ex_331,,1,,53500,53500,,5,,,,,,,,,,,,,,,,,"23,27","NEW extension,Extension SoftBank 601HW WHITE"
1666,11206,748,2538,Yes,332-[extension]333Days (Value Rental Pack: 6Months Pack + 5Months Pack + 1Day),2,カート用延長フラグ,Extension SoftBank 601HW [50GB],1,,,,,,,,*,sl/img001-ex.jpg,*,sl/img001-ex.jpg,,,,,,,,,,,,,,,,,,,,,,,0,1,en_sl_ex_332_bt,,1,,53990,58240,,5,,,,,,,,,,,,,,,,,"23,27","NEW extension,Extension SoftBank 601HW WHITE"
1666,11207,747,2538,No,332-[extension]333Days (Value Rental Pack: 6Months Pack + 5Months Pack + 1Day),2,カート用延長フラグ,Extension SoftBank 601HW [50GB],1,,,,,,,,*,sl/img001-ex.jpg,*,sl/img001-ex.jpg,,,,,,,,,,,,,,,,,,,,,,,0,1,en_sl_ex_332,,1,,53990,53990,,5,,,,,,,,,,,,,,,,,"23,27","NEW extension,Extension SoftBank 601HW WHITE"
1666,11208,748,2539,Yes,333-[extension]334Days (Value Rental Pack: 6Months Pack + 5Months Pack + 2Days),2,カート用延長フラグ,Extension SoftBank 601HW [50GB],1,,,,,,,,*,sl/img001-ex.jpg,*,sl/img001-ex.jpg,,,,,,,,,,,,,,,,,,,,,,,0,1,en_sl_ex_333_bt,,1,,54480,58780,,5,,,,,,,,,,,,,,,,,"23,27","NEW extension,Extension SoftBank 601HW WHITE"
1666,11209,747,2539,No,333-[extension]334Days (Value Rental Pack: 6Months Pack + 5Months Pack + 2Days),2,カート用延長フラグ,Extension SoftBank 601HW [50GB],1,,,,,,,,*,sl/img001-ex.jpg,*,sl/img001-ex.jpg,,,,,,,,,,,,,,,,,,,,,,,0,1,en_sl_ex_333,,1,,54480,54480,,5,,,,,,,,,,,,,,,,,"23,27","NEW extension,Extension SoftBank 601HW WHITE"
1666,11210,748,2540,Yes,334-[extension]335Days (Value Rental Pack: 6Months Pack + 5Months Pack + 3Days),2,カート用延長フラグ,Extension SoftBank 601HW [50GB],1,,,,,,,,*,sl/img001-ex.jpg,*,sl/img001-ex.jpg,,,,,,,,,,,,,,,,,,,,,,,0,1,en_sl_ex_334_bt,,1,,54970,59320,,5,,,,,,,,,,,,,,,,,"23,27","NEW extension,Extension SoftBank 601HW WHITE"
1666,11211,747,2540,No,334-[extension]335Days (Value Rental Pack: 6Months Pack + 5Months Pack + 3Days),2,カート用延長フラグ,Extension SoftBank 601HW [50GB],1,,,,,,,,*,sl/img001-ex.jpg,*,sl/img001-ex.jpg,,,,,,,,,,,,,,,,,,,,,,,0,1,en_sl_ex_334,,1,,54970,54970,,5,,,,,,,,,,,,,,,,,"23,27","NEW extension,Extension SoftBank 601HW WHITE"
1666,11212,748,2541,Yes,335-[extension]336Days (Value Rental Pack: 6Months Pack + 5Months Pack + 4Days),2,カート用延長フラグ,Extension SoftBank 601HW [50GB],1,,,,,,,,*,sl/img001-ex.jpg,*,sl/img001-ex.jpg,,,,,,,,,,,,,,,,,,,,,,,0,1,en_sl_ex_335_bt,,1,,55460,59860,,5,,,,,,,,,,,,,,,,,"23,27","NEW extension,Extension SoftBank 601HW WHITE"
1666,11213,747,2541,No,335-[extension]336Days (Value Rental Pack: 6Months Pack + 5Months Pack + 4Days),2,カート用延長フラグ,Extension SoftBank 601HW [50GB],1,,,,,,,,*,sl/img001-ex.jpg,*,sl/img001-ex.jpg,,,,,,,,,,,,,,,,,,,,,,,0,1,en_sl_ex_335,,1,,55460,55460,,5,,,,,,,,,,,,,,,,,"23,27","NEW extension,Extension SoftBank 601HW WHITE"
1666,11214,748,2542,Yes,336-[extension]337Days (Value Rental Pack: 6Months Pack + 5Months Pack + 5Days),2,カート用延長フラグ,Extension SoftBank 601HW [50GB],1,,,,,,,,*,sl/img001-ex.jpg,*,sl/img001-ex.jpg,,,,,,,,,,,,,,,,,,,,,,,0,1,en_sl_ex_336_bt,,1,,55950,60400,,5,,,,,,,,,,,,,,,,,"23,27","NEW extension,Extension SoftBank 601HW WHITE"
1666,11215,747,2542,No,336-[extension]337Days (Value Rental Pack: 6Months Pack + 5Months Pack + 5Days),2,カート用延長フラグ,Extension SoftBank 601HW [50GB],1,,,,,,,,*,sl/img001-ex.jpg,*,sl/img001-ex.jpg,,,,,,,,,,,,,,,,,,,,,,,0,1,en_sl_ex_336,,1,,55950,55950,,5,,,,,,,,,,,,,,,,,"23,27","NEW extension,Extension SoftBank 601HW WHITE"
1666,11216,748,2543,Yes,337-[extension]338Days (Value Rental Pack: 6Months Pack + 6Months Pack),2,カート用延長フラグ,Extension SoftBank 601HW [50GB],1,,,,,,,,*,sl/img001-ex.jpg,*,sl/img001-ex.jpg,,,,,,,,,,,,,,,,,,,,,,,0,1,en_sl_ex_361_bt,,1,,56000,60500,,5,,,,,,,,,,,,,,,,,"23,27","NEW extension,Extension SoftBank 601HW WHITE"
1666,11217,747,2543,No,337-[extension]338Days (Value Rental Pack: 6Months Pack + 6Months Pack),2,カート用延長フラグ,Extension SoftBank 601HW [50GB],1,,,,,,,,*,sl/img001-ex.jpg,*,sl/img001-ex.jpg,,,,,,,,,,,,,,,,,,,,,,,0,1,en_sl_ex_361,,1,,56000,56000,,5,,,,,,,,,,,,,,,,,"23,27","NEW extension,Extension SoftBank 601HW WHITE"
1666,11218,748,2544,Yes,338-[extension]339Days (Value Rental Pack: 6Months Pack + 6Months Pack),2,カート用延長フラグ,Extension SoftBank 601HW [50GB],1,,,,,,,,*,sl/img001-ex.jpg,*,sl/img001-ex.jpg,,,,,,,,,,,,,,,,,,,,,,,0,1,en_sl_ex_361_bt,,1,,56000,60500,,5,,,,,,,,,,,,,,,,,"23,27","NEW extension,Extension SoftBank 601HW WHITE"
1666,11219,747,2544,No,338-[extension]339Days (Value Rental Pack: 6Months Pack + 6Months Pack),2,カート用延長フラグ,Extension SoftBank 601HW [50GB],1,,,,,,,,*,sl/img001-ex.jpg,*,sl/img001-ex.jpg,,,,,,,,,,,,,,,,,,,,,,,0,1,en_sl_ex_361,,1,,56000,56000,,5,,,,,,,,,,,,,,,,,"23,27","NEW extension,Extension SoftBank 601HW WHITE"
1666,11220,748,2545,Yes,339-[extension]340Days (Value Rental Pack: 6Months Pack + 6Months Pack),2,カート用延長フラグ,Extension SoftBank 601HW [50GB],1,,,,,,,,*,sl/img001-ex.jpg,*,sl/img001-ex.jpg,,,,,,,,,,,,,,,,,,,,,,,0,1,en_sl_ex_361_bt,,1,,56000,60500,,5,,,,,,,,,,,,,,,,,"23,27","NEW extension,Extension SoftBank 601HW WHITE"
1666,11221,747,2545,No,339-[extension]340Days (Value Rental Pack: 6Months Pack + 6Months Pack),2,カート用延長フラグ,Extension SoftBank 601HW [50GB],1,,,,,,,,*,sl/img001-ex.jpg,*,sl/img001-ex.jpg,,,,,,,,,,,,,,,,,,,,,,,0,1,en_sl_ex_361,,1,,56000,56000,,5,,,,,,,,,,,,,,,,,"23,27","NEW extension,Extension SoftBank 601HW WHITE"
1666,11222,748,2546,Yes,340-[extension]341Days (Value Rental Pack: 6Months Pack + 6Months Pack),2,カート用延長フラグ,Extension SoftBank 601HW [50GB],1,,,,,,,,*,sl/img001-ex.jpg,*,sl/img001-ex.jpg,,,,,,,,,,,,,,,,,,,,,,,0,1,en_sl_ex_361_bt,,1,,56000,60500,,5,,,,,,,,,,,,,,,,,"23,27","NEW extension,Extension SoftBank 601HW WHITE"
1666,11223,747,2546,No,340-[extension]341Days (Value Rental Pack: 6Months Pack + 6Months Pack),2,カート用延長フラグ,Extension SoftBank 601HW [50GB],1,,,,,,,,*,sl/img001-ex.jpg,*,sl/img001-ex.jpg,,,,,,,,,,,,,,,,,,,,,,,0,1,en_sl_ex_361,,1,,56000,56000,,5,,,,,,,,,,,,,,,,,"23,27","NEW extension,Extension SoftBank 601HW WHITE"
1666,11224,748,2547,Yes,341-[extension]342Days (Value Rental Pack: 6Months Pack + 6Months Pack),2,カート用延長フラグ,Extension SoftBank 601HW [50GB],1,,,,,,,,*,sl/img001-ex.jpg,*,sl/img001-ex.jpg,,,,,,,,,,,,,,,,,,,,,,,0,1,en_sl_ex_361_bt,,1,,56000,60500,,5,,,,,,,,,,,,,,,,,"23,27","NEW extension,Extension SoftBank 601HW WHITE"
1666,11225,747,2547,No,341-[extension]342Days (Value Rental Pack: 6Months Pack + 6Months Pack),2,カート用延長フラグ,Extension SoftBank 601HW [50GB],1,,,,,,,,*,sl/img001-ex.jpg,*,sl/img001-ex.jpg,,,,,,,,,,,,,,,,,,,,,,,0,1,en_sl_ex_361,,1,,56000,56000,,5,,,,,,,,,,,,,,,,,"23,27","NEW extension,Extension SoftBank 601HW WHITE"
1666,11226,748,2548,Yes,342-[extension]343Days (Value Rental Pack: 6Months Pack + 6Months Pack),2,カート用延長フラグ,Extension SoftBank 601HW [50GB],1,,,,,,,,*,sl/img001-ex.jpg,*,sl/img001-ex.jpg,,,,,,,,,,,,,,,,,,,,,,,0,1,en_sl_ex_361_bt,,1,,56000,60500,,5,,,,,,,,,,,,,,,,,"23,27","NEW extension,Extension SoftBank 601HW WHITE"
1666,11227,747,2548,No,342-[extension]343Days (Value Rental Pack: 6Months Pack + 6Months Pack),2,カート用延長フラグ,Extension SoftBank 601HW [50GB],1,,,,,,,,*,sl/img001-ex.jpg,*,sl/img001-ex.jpg,,,,,,,,,,,,,,,,,,,,,,,0,1,en_sl_ex_361,,1,,56000,56000,,5,,,,,,,,,,,,,,,,,"23,27","NEW extension,Extension SoftBank 601HW WHITE"
1666,11228,748,2549,Yes,343-[extension]344Days (Value Rental Pack: 6Months Pack + 6Months Pack),2,カート用延長フラグ,Extension SoftBank 601HW [50GB],1,,,,,,,,*,sl/img001-ex.jpg,*,sl/img001-ex.jpg,,,,,,,,,,,,,,,,,,,,,,,0,1,en_sl_ex_361_bt,,1,,56000,60500,,5,,,,,,,,,,,,,,,,,"23,27","NEW extension,Extension SoftBank 601HW WHITE"
1666,11229,747,2549,No,343-[extension]344Days (Value Rental Pack: 6Months Pack + 6Months Pack),2,カート用延長フラグ,Extension SoftBank 601HW [50GB],1,,,,,,,,*,sl/img001-ex.jpg,*,sl/img001-ex.jpg,,,,,,,,,,,,,,,,,,,,,,,0,1,en_sl_ex_361,,1,,56000,56000,,5,,,,,,,,,,,,,,,,,"23,27","NEW extension,Extension SoftBank 601HW WHITE"
1666,11230,748,2550,Yes,344-[extension]345Days (Value Rental Pack: 6Months Pack + 6Months Pack),2,カート用延長フラグ,Extension SoftBank 601HW [50GB],1,,,,,,,,*,sl/img001-ex.jpg,*,sl/img001-ex.jpg,,,,,,,,,,,,,,,,,,,,,,,0,1,en_sl_ex_361_bt,,1,,56000,60500,,5,,,,,,,,,,,,,,,,,"23,27","NEW extension,Extension SoftBank 601HW WHITE"
1666,11231,747,2550,No,344-[extension]345Days (Value Rental Pack: 6Months Pack + 6Months Pack),2,カート用延長フラグ,Extension SoftBank 601HW [50GB],1,,,,,,,,*,sl/img001-ex.jpg,*,sl/img001-ex.jpg,,,,,,,,,,,,,,,,,,,,,,,0,1,en_sl_ex_361,,1,,56000,56000,,5,,,,,,,,,,,,,,,,,"23,27","NEW extension,Extension SoftBank 601HW WHITE"
1666,11232,748,2551,Yes,345-[extension]346Days (Value Rental Pack: 6Months Pack + 6Months Pack),2,カート用延長フラグ,Extension SoftBank 601HW [50GB],1,,,,,,,,*,sl/img001-ex.jpg,*,sl/img001-ex.jpg,,,,,,,,,,,,,,,,,,,,,,,0,1,en_sl_ex_361_bt,,1,,56000,60500,,5,,,,,,,,,,,,,,,,,"23,27","NEW extension,Extension SoftBank 601HW WHITE"
1666,11233,747,2551,No,345-[extension]346Days (Value Rental Pack: 6Months Pack + 6Months Pack),2,カート用延長フラグ,Extension SoftBank 601HW [50GB],1,,,,,,,,*,sl/img001-ex.jpg,*,sl/img001-ex.jpg,,,,,,,,,,,,,,,,,,,,,,,0,1,en_sl_ex_361,,1,,56000,56000,,5,,,,,,,,,,,,,,,,,"23,27","NEW extension,Extension SoftBank 601HW WHITE"
1666,11234,748,2552,Yes,346-[extension]347Days (Value Rental Pack: 6Months Pack + 6Months Pack),2,カート用延長フラグ,Extension SoftBank 601HW [50GB],1,,,,,,,,*,sl/img001-ex.jpg,*,sl/img001-ex.jpg,,,,,,,,,,,,,,,,,,,,,,,0,1,en_sl_ex_361_bt,,1,,56000,60500,,5,,,,,,,,,,,,,,,,,"23,27","NEW extension,Extension SoftBank 601HW WHITE"
1666,11235,747,2552,No,346-[extension]347Days (Value Rental Pack: 6Months Pack + 6Months Pack),2,カート用延長フラグ,Extension SoftBank 601HW [50GB],1,,,,,,,,*,sl/img001-ex.jpg,*,sl/img001-ex.jpg,,,,,,,,,,,,,,,,,,,,,,,0,1,en_sl_ex_361,,1,,56000,56000,,5,,,,,,,,,,,,,,,,,"23,27","NEW extension,Extension SoftBank 601HW WHITE"
1666,11236,748,2553,Yes,347-[extension]348Days (Value Rental Pack: 6Months Pack + 6Months Pack),2,カート用延長フラグ,Extension SoftBank 601HW [50GB],1,,,,,,,,*,sl/img001-ex.jpg,*,sl/img001-ex.jpg,,,,,,,,,,,,,,,,,,,,,,,0,1,en_sl_ex_361_bt,,1,,56000,60500,,5,,,,,,,,,,,,,,,,,"23,27","NEW extension,Extension SoftBank 601HW WHITE"
1666,11237,747,2553,No,347-[extension]348Days (Value Rental Pack: 6Months Pack + 6Months Pack),2,カート用延長フラグ,Extension SoftBank 601HW [50GB],1,,,,,,,,*,sl/img001-ex.jpg,*,sl/img001-ex.jpg,,,,,,,,,,,,,,,,,,,,,,,0,1,en_sl_ex_361,,1,,56000,56000,,5,,,,,,,,,,,,,,,,,"23,27","NEW extension,Extension SoftBank 601HW WHITE"
1666,11238,748,2554,Yes,348-[extension]349Days (Value Rental Pack: 6Months Pack + 6Months Pack),2,カート用延長フラグ,Extension SoftBank 601HW [50GB],1,,,,,,,,*,sl/img001-ex.jpg,*,sl/img001-ex.jpg,,,,,,,,,,,,,,,,,,,,,,,0,1,en_sl_ex_361_bt,,1,,56000,60500,,5,,,,,,,,,,,,,,,,,"23,27","NEW extension,Extension SoftBank 601HW WHITE"
1666,11239,747,2554,No,348-[extension]349Days (Value Rental Pack: 6Months Pack + 6Months Pack),2,カート用延長フラグ,Extension SoftBank 601HW [50GB],1,,,,,,,,*,sl/img001-ex.jpg,*,sl/img001-ex.jpg,,,,,,,,,,,,,,,,,,,,,,,0,1,en_sl_ex_361,,1,,56000,56000,,5,,,,,,,,,,,,,,,,,"23,27","NEW extension,Extension SoftBank 601HW WHITE"
1666,11240,748,2555,Yes,349-[extension]350Days (Value Rental Pack: 6Months Pack + 6Months Pack),2,カート用延長フラグ,Extension SoftBank 601HW [50GB],1,,,,,,,,*,sl/img001-ex.jpg,*,sl/img001-ex.jpg,,,,,,,,,,,,,,,,,,,,,,,0,1,en_sl_ex_361_bt,,1,,56000,60500,,5,,,,,,,,,,,,,,,,,"23,27","NEW extension,Extension SoftBank 601HW WHITE"
1666,11241,747,2555,No,349-[extension]350Days (Value Rental Pack: 6Months Pack + 6Months Pack),2,カート用延長フラグ,Extension SoftBank 601HW [50GB],1,,,,,,,,*,sl/img001-ex.jpg,*,sl/img001-ex.jpg,,,,,,,,,,,,,,,,,,,,,,,0,1,en_sl_ex_361,,1,,56000,56000,,5,,,,,,,,,,,,,,,,,"23,27","NEW extension,Extension SoftBank 601HW WHITE"
1666,11242,748,2556,Yes,350-[extension]351Days (Value Rental Pack: 6Months Pack + 6Months Pack),2,カート用延長フラグ,Extension SoftBank 601HW [50GB],1,,,,,,,,*,sl/img001-ex.jpg,*,sl/img001-ex.jpg,,,,,,,,,,,,,,,,,,,,,,,0,1,en_sl_ex_361_bt,,1,,56000,60500,,5,,,,,,,,,,,,,,,,,"23,27","NEW extension,Extension SoftBank 601HW WHITE"
1666,11243,747,2556,No,350-[extension]351Days (Value Rental Pack: 6Months Pack + 6Months Pack),2,カート用延長フラグ,Extension SoftBank 601HW [50GB],1,,,,,,,,*,sl/img001-ex.jpg,*,sl/img001-ex.jpg,,,,,,,,,,,,,,,,,,,,,,,0,1,en_sl_ex_361,,1,,56000,56000,,5,,,,,,,,,,,,,,,,,"23,27","NEW extension,Extension SoftBank 601HW WHITE"
1666,11244,748,2557,Yes,351-[extension]352Days (Value Rental Pack: 6Months Pack + 6Months Pack),2,カート用延長フラグ,Extension SoftBank 601HW [50GB],1,,,,,,,,*,sl/img001-ex.jpg,*,sl/img001-ex.jpg,,,,,,,,,,,,,,,,,,,,,,,0,1,en_sl_ex_361_bt,,1,,56000,60500,,5,,,,,,,,,,,,,,,,,"23,27","NEW extension,Extension SoftBank 601HW WHITE"
1666,11245,747,2557,No,351-[extension]352Days (Value Rental Pack: 6Months Pack + 6Months Pack),2,カート用延長フラグ,Extension SoftBank 601HW [50GB],1,,,,,,,,*,sl/img001-ex.jpg,*,sl/img001-ex.jpg,,,,,,,,,,,,,,,,,,,,,,,0,1,en_sl_ex_361,,1,,56000,56000,,5,,,,,,,,,,,,,,,,,"23,27","NEW extension,Extension SoftBank 601HW WHITE"
1666,11246,748,2558,Yes,352-[extension]353Days (Value Rental Pack: 6Months Pack + 6Months Pack),2,カート用延長フラグ,Extension SoftBank 601HW [50GB],1,,,,,,,,*,sl/img001-ex.jpg,*,sl/img001-ex.jpg,,,,,,,,,,,,,,,,,,,,,,,0,1,en_sl_ex_361_bt,,1,,56000,60500,,5,,,,,,,,,,,,,,,,,"23,27","NEW extension,Extension SoftBank 601HW WHITE"
1666,11247,747,2558,No,352-[extension]353Days (Value Rental Pack: 6Months Pack + 6Months Pack),2,カート用延長フラグ,Extension SoftBank 601HW [50GB],1,,,,,,,,*,sl/img001-ex.jpg,*,sl/img001-ex.jpg,,,,,,,,,,,,,,,,,,,,,,,0,1,en_sl_ex_361,,1,,56000,56000,,5,,,,,,,,,,,,,,,,,"23,27","NEW extension,Extension SoftBank 601HW WHITE"
1666,11248,748,2559,Yes,353-[extension]354Days (Value Rental Pack: 6Months Pack + 6Months Pack),2,カート用延長フラグ,Extension SoftBank 601HW [50GB],1,,,,,,,,*,sl/img001-ex.jpg,*,sl/img001-ex.jpg,,,,,,,,,,,,,,,,,,,,,,,0,1,en_sl_ex_361_bt,,1,,56000,60500,,5,,,,,,,,,,,,,,,,,"23,27","NEW extension,Extension SoftBank 601HW WHITE"
1666,11249,747,2559,No,353-[extension]354Days (Value Rental Pack: 6Months Pack + 6Months Pack),2,カート用延長フラグ,Extension SoftBank 601HW [50GB],1,,,,,,,,*,sl/img001-ex.jpg,*,sl/img001-ex.jpg,,,,,,,,,,,,,,,,,,,,,,,0,1,en_sl_ex_361,,1,,56000,56000,,5,,,,,,,,,,,,,,,,,"23,27","NEW extension,Extension SoftBank 601HW WHITE"
1666,11250,748,2560,Yes,354-[extension]355Days (Value Rental Pack: 6Months Pack + 6Months Pack),2,カート用延長フラグ,Extension SoftBank 601HW [50GB],1,,,,,,,,*,sl/img001-ex.jpg,*,sl/img001-ex.jpg,,,,,,,,,,,,,,,,,,,,,,,0,1,en_sl_ex_361_bt,,1,,56000,60500,,5,,,,,,,,,,,,,,,,,"23,27","NEW extension,Extension SoftBank 601HW WHITE"
1666,11251,747,2560,No,354-[extension]355Days (Value Rental Pack: 6Months Pack + 6Months Pack),2,カート用延長フラグ,Extension SoftBank 601HW [50GB],1,,,,,,,,*,sl/img001-ex.jpg,*,sl/img001-ex.jpg,,,,,,,,,,,,,,,,,,,,,,,0,1,en_sl_ex_361,,1,,56000,56000,,5,,,,,,,,,,,,,,,,,"23,27","NEW extension,Extension SoftBank 601HW WHITE"
1666,11252,748,2561,Yes,355-[extension]356Days (Value Rental Pack: 6Months Pack + 6Months Pack),2,カート用延長フラグ,Extension SoftBank 601HW [50GB],1,,,,,,,,*,sl/img001-ex.jpg,*,sl/img001-ex.jpg,,,,,,,,,,,,,,,,,,,,,,,0,1,en_sl_ex_361_bt,,1,,56000,60500,,5,,,,,,,,,,,,,,,,,"23,27","NEW extension,Extension SoftBank 601HW WHITE"
1666,11253,747,2561,No,355-[extension]356Days (Value Rental Pack: 6Months Pack + 6Months Pack),2,カート用延長フラグ,Extension SoftBank 601HW [50GB],1,,,,,,,,*,sl/img001-ex.jpg,*,sl/img001-ex.jpg,,,,,,,,,,,,,,,,,,,,,,,0,1,en_sl_ex_361,,1,,56000,56000,,5,,,,,,,,,,,,,,,,,"23,27","NEW extension,Extension SoftBank 601HW WHITE"
1666,11254,748,2562,Yes,356-[extension]357Days (Value Rental Pack: 6Months Pack + 6Months Pack),2,カート用延長フラグ,Extension SoftBank 601HW [50GB],1,,,,,,,,*,sl/img001-ex.jpg,*,sl/img001-ex.jpg,,,,,,,,,,,,,,,,,,,,,,,0,1,en_sl_ex_361_bt,,1,,56000,60500,,5,,,,,,,,,,,,,,,,,"23,27","NEW extension,Extension SoftBank 601HW WHITE"
1666,11255,747,2562,No,356-[extension]357Days (Value Rental Pack: 6Months Pack + 6Months Pack),2,カート用延長フラグ,Extension SoftBank 601HW [50GB],1,,,,,,,,*,sl/img001-ex.jpg,*,sl/img001-ex.jpg,,,,,,,,,,,,,,,,,,,,,,,0,1,en_sl_ex_361,,1,,56000,56000,,5,,,,,,,,,,,,,,,,,"23,27","NEW extension,Extension SoftBank 601HW WHITE"
1666,11256,748,2563,Yes,357-[extension]358Days (Value Rental Pack: 6Months Pack + 6Months Pack),2,カート用延長フラグ,Extension SoftBank 601HW [50GB],1,,,,,,,,*,sl/img001-ex.jpg,*,sl/img001-ex.jpg,,,,,,,,,,,,,,,,,,,,,,,0,1,en_sl_ex_361_bt,,1,,56000,60500,,5,,,,,,,,,,,,,,,,,"23,27","NEW extension,Extension SoftBank 601HW WHITE"
1666,11257,747,2563,No,357-[extension]358Days (Value Rental Pack: 6Months Pack + 6Months Pack),2,カート用延長フラグ,Extension SoftBank 601HW [50GB],1,,,,,,,,*,sl/img001-ex.jpg,*,sl/img001-ex.jpg,,,,,,,,,,,,,,,,,,,,,,,0,1,en_sl_ex_361,,1,,56000,56000,,5,,,,,,,,,,,,,,,,,"23,27","NEW extension,Extension SoftBank 601HW WHITE"
1666,11258,748,2564,Yes,358-[extension]359Days (Value Rental Pack: 6Months Pack + 6Months Pack),2,カート用延長フラグ,Extension SoftBank 601HW [50GB],1,,,,,,,,*,sl/img001-ex.jpg,*,sl/img001-ex.jpg,,,,,,,,,,,,,,,,,,,,,,,0,1,en_sl_ex_361_bt,,1,,56000,60500,,5,,,,,,,,,,,,,,,,,"23,27","NEW extension,Extension SoftBank 601HW WHITE"
1666,11259,747,2564,No,358-[extension]359Days (Value Rental Pack: 6Months Pack + 6Months Pack),2,カート用延長フラグ,Extension SoftBank 601HW [50GB],1,,,,,,,,*,sl/img001-ex.jpg,*,sl/img001-ex.jpg,,,,,,,,,,,,,,,,,,,,,,,0,1,en_sl_ex_361,,1,,56000,56000,,5,,,,,,,,,,,,,,,,,"23,27","NEW extension,Extension SoftBank 601HW WHITE"
1666,11260,748,2565,Yes,359-[extension]360Days (Value Rental Pack: 6Months Pack + 6Months Pack),2,カート用延長フラグ,Extension SoftBank 601HW [50GB],1,,,,,,,,*,sl/img001-ex.jpg,*,sl/img001-ex.jpg,,,,,,,,,,,,,,,,,,,,,,,0,1,en_sl_ex_361_bt,,1,,56000,60500,,5,,,,,,,,,,,,,,,,,"23,27","NEW extension,Extension SoftBank 601HW WHITE"
1666,11261,747,2565,No,359-[extension]360Days (Value Rental Pack: 6Months Pack + 6Months Pack),2,カート用延長フラグ,Extension SoftBank 601HW [50GB],1,,,,,,,,*,sl/img001-ex.jpg,*,sl/img001-ex.jpg,,,,,,,,,,,,,,,,,,,,,,,0,1,en_sl_ex_361,,1,,56000,56000,,5,,,,,,,,,,,,,,,,,"23,27","NEW extension,Extension SoftBank 601HW WHITE"
1666,11262,748,2566,Yes,360-[extension]361Days (Value Rental Pack: 6Months Pack + 6Months Pack),2,カート用延長フラグ,Extension SoftBank 601HW [50GB],1,,,,,,,,*,sl/img001-ex.jpg,*,sl/img001-ex.jpg,,,,,,,,,,,,,,,,,,,,,,,0,1,en_sl_ex_361_bt,,1,,56000,60500,,5,,,,,,,,,,,,,,,,,"23,27","NEW extension,Extension SoftBank 601HW WHITE"
1666,11263,747,2566,No,360-[extension]361Days (Value Rental Pack: 6Months Pack + 6Months Pack),2,カート用延長フラグ,Extension SoftBank 601HW [50GB],1,,,,,,,,*,sl/img001-ex.jpg,*,sl/img001-ex.jpg,,,,,,,,,,,,,,,,,,,,,,,0,1,en_sl_ex_361,,1,,56000,56000,,5,,,,,,,,,,,,,,,,,"23,27","NEW extension,Extension SoftBank 601HW WHITE"
1666,11264,748,2567,Yes,361-[extension]362Days (Value Rental Pack: 6Months Pack + 6Months Pack),2,カート用延長フラグ,Extension SoftBank 601HW [50GB],1,,,,,,,,*,sl/img001-ex.jpg,*,sl/img001-ex.jpg,,,,,,,,,,,,,,,,,,,,,,,0,1,en_sl_ex_361_bt,,1,,56000,60500,,5,,,,,,,,,,,,,,,,,"23,27","NEW extension,Extension SoftBank 601HW WHITE"
1666,11265,747,2567,No,361-[extension]362Days (Value Rental Pack: 6Months Pack + 6Months Pack),2,カート用延長フラグ,Extension SoftBank 601HW [50GB],1,,,,,,,,*,sl/img001-ex.jpg,*,sl/img001-ex.jpg,,,,,,,,,,,,,,,,,,,,,,,0,1,en_sl_ex_361,,1,,56000,56000,,5,,,,,,,,,,,,,,,,,"23,27","NEW extension,Extension SoftBank 601HW WHITE"
1666,11266,748,2568,Yes,362-[extension]363Days (Value Rental Pack: 6Months Pack + 6Months Pack + 1Day),2,カート用延長フラグ,Extension SoftBank 601HW [50GB],1,,,,,,,,*,sl/img001-ex.jpg,*,sl/img001-ex.jpg,,,,,,,,,,,,,,,,,,,,,,,0,1,en_sl_ex_362_bt,,1,,56490,61040,,5,,,,,,,,,,,,,,,,,"23,27","NEW extension,Extension SoftBank 601HW WHITE"
1666,11267,747,2568,No,362-[extension]363Days (Value Rental Pack: 6Months Pack + 6Months Pack + 1Day),2,カート用延長フラグ,Extension SoftBank 601HW [50GB],1,,,,,,,,*,sl/img001-ex.jpg,*,sl/img001-ex.jpg,,,,,,,,,,,,,,,,,,,,,,,0,1,en_sl_ex_362,,1,,56490,56490,,5,,,,,,,,,,,,,,,,,"23,27","NEW extension,Extension SoftBank 601HW WHITE"
1666,11268,748,2569,Yes,363-[extension]364Days (Value Rental Pack: 6Months Pack + 6Months Pack + 2Days),2,カート用延長フラグ,Extension SoftBank 601HW [50GB],1,,,,,,,,*,sl/img001-ex.jpg,*,sl/img001-ex.jpg,,,,,,,,,,,,,,,,,,,,,,,0,1,en_sl_ex_363_bt,,1,,56980,61580,,5,,,,,,,,,,,,,,,,,"23,27","NEW extension,Extension SoftBank 601HW WHITE"
1666,11269,747,2569,No,363-[extension]364Days (Value Rental Pack: 6Months Pack + 6Months Pack + 2Days),2,カート用延長フラグ,Extension SoftBank 601HW [50GB],1,,,,,,,,*,sl/img001-ex.jpg,*,sl/img001-ex.jpg,,,,,,,,,,,,,,,,,,,,,,,0,1,en_sl_ex_363,,1,,56980,56980,,5,,,,,,,,,,,,,,,,,"23,27","NEW extension,Extension SoftBank 601HW WHITE"
1666,11270,748,2570,Yes,364-[extension]365Days (Value Rental Pack: 6Months Pack + 6Months Pack + 3Days),2,カート用延長フラグ,Extension SoftBank 601HW [50GB],1,,,,,,,,*,sl/img001-ex.jpg,*,sl/img001-ex.jpg,,,,,,,,,,,,,,,,,,,,,,,0,1,en_sl_ex_364_bt,,1,,57470,62120,,5,,,,,,,,,,,,,,,,,"23,27","NEW extension,Extension SoftBank 601HW WHITE"
1666,11271,747,2570,No,364-[extension]365Days (Value Rental Pack: 6Months Pack + 6Months Pack + 3Days),2,カート用延長フラグ,Extension SoftBank 601HW [50GB],1,,,,,,,,*,sl/img001-ex.jpg,*,sl/img001-ex.jpg,,,,,,,,,,,,,,,,,,,,,,,0,1,en_sl_ex_364,,1,,57470,57470,,5,,,,,,,,,,,,,,,,,"23,27","NEW extension,Extension SoftBank 601HW WHITE"