商品ID,商品規格ID,親規格分類ID,規格分類ID,親規格分類名,規格分類名,メーカーID,メーカー名,商品名,表示ステータス(公開・非公開),メーカーURL(コメント1),コメント2,検索ワード(コメント3),コメント4,コメント5,コメント6,備考欄(SHOP専用),一覧-メインコメント,一覧-メイン画像,詳細-メインコメント,詳細-メイン画像,詳細-メイン拡大画像,詳細-サブタイトル(1),詳細-サブコメント(1),詳細-サブ画像(1),詳細-サブ拡大画像(1),詳細-サブタイトル(2),詳細-サブコメント(2),詳細-サブ画像(2),詳細-サブ拡大画像(2),詳細-サブタイトル(3),詳細-サブコメント(3),詳細-サブ画像(3),詳細-サブ拡大画像(3),詳細-サブタイトル(4),詳細-サブコメント(4),詳細-サブ画像(4),詳細-サブ拡大画像(4),詳細-サブタイトル(5),詳細-サブコメント(5),詳細-サブ画像(5),詳細-サブ拡大画像(5),発送日目安ID,削除フラグ,商品種別ID,商品コード,在庫数,在庫無制限フラグ,販売制限数,通常価格,販売価格,送料,ポイント付与率,ダウンロードファイル名,ダウンロード実ファイル,関連商品ID(1),関連商品コメント(1),関連商品ID(2),関連商品コメント(2),関連商品ID(3),関連商品コメント(3),関連商品ID(4),関連商品コメント(4),関連商品ID(5),関連商品コメント(5),関連商品ID(6),関連商品コメント(6),商品ステータス,商品ステータス名,カテゴリID,カテゴリ名
3136,20757,748,2571,Yes,0-[extension]1Day,2,カート用延長フラグ,Extension WiMAX HOME 5G L12/L13,1,,,,,,,,*,wh/img001-ex.jpg,*,wh/img001-ex.jpg,,,,,,,,,,,,,,,,,,,,,,,1,1,en_wh_ex_000_bt,,1,,590,640,,5,,,,,,,,,,,,,,,,,37,Extension WiMAX HOME 5G L12/L13
3136,20758,747,2571,No,0-[extension]1Day,2,カート用延長フラグ,Extension WiMAX HOME 5G L12/L13,1,,,,,,,,*,wh/img001-ex.jpg,*,wh/img001-ex.jpg,,,,,,,,,,,,,,,,,,,,,,,0,1,en_wh_ex_000,,1,,590,590,,5,,,,,,,,,,,,,,,,,37,Extension WiMAX HOME 5G L12/L13
3136,20759,748,2572,Yes,1-[extension]2Days,2,カート用延長フラグ,Extension WiMAX HOME 5G L12/L13,1,,,,,,,,*,wh/img001-ex.jpg,*,wh/img001-ex.jpg,,,,,,,,,,,,,,,,,,,,,,,1,1,en_wh_ex_001_bt,,1,,1180,1280,,5,,,,,,,,,,,,,,,,,37,Extension WiMAX HOME 5G L12/L13
3136,20760,747,2572,No,1-[extension]2Days,2,カート用延長フラグ,Extension WiMAX HOME 5G L12/L13,1,,,,,,,,*,wh/img001-ex.jpg,*,wh/img001-ex.jpg,,,,,,,,,,,,,,,,,,,,,,,0,1,en_wh_ex_001,,1,,1180,1180,,5,,,,,,,,,,,,,,,,,37,Extension WiMAX HOME 5G L12/L13
3136,20761,748,2573,Yes,2-[extension]3Days,2,カート用延長フラグ,Extension WiMAX HOME 5G L12/L13,1,,,,,,,,*,wh/img001-ex.jpg,*,wh/img001-ex.jpg,,,,,,,,,,,,,,,,,,,,,,,1,1,en_wh_ex_002_bt,,1,,1770,1920,,5,,,,,,,,,,,,,,,,,37,Extension WiMAX HOME 5G L12/L13
3136,20762,747,2573,No,2-[extension]3Days,2,カート用延長フラグ,Extension WiMAX HOME 5G L12/L13,1,,,,,,,,*,wh/img001-ex.jpg,*,wh/img001-ex.jpg,,,,,,,,,,,,,,,,,,,,,,,0,1,en_wh_ex_002,,1,,1770,1770,,5,,,,,,,,,,,,,,,,,37,Extension WiMAX HOME 5G L12/L13
3136,20763,748,2574,Yes,3-[extension]4Days,2,カート用延長フラグ,Extension WiMAX HOME 5G L12/L13,1,,,,,,,,*,wh/img001-ex.jpg,*,wh/img001-ex.jpg,,,,,,,,,,,,,,,,,,,,,,,1,1,en_wh_ex_003_bt,,1,,2360,2560,,5,,,,,,,,,,,,,,,,,37,Extension WiMAX HOME 5G L12/L13
3136,20764,747,2574,No,3-[extension]4Days,2,カート用延長フラグ,Extension WiMAX HOME 5G L12/L13,1,,,,,,,,*,wh/img001-ex.jpg,*,wh/img001-ex.jpg,,,,,,,,,,,,,,,,,,,,,,,0,1,en_wh_ex_003,,1,,2360,2360,,5,,,,,,,,,,,,,,,,,37,Extension WiMAX HOME 5G L12/L13
3136,20765,748,2575,Yes,4-[extension]5Days,2,カート用延長フラグ,Extension WiMAX HOME 5G L12/L13,1,,,,,,,,*,wh/img001-ex.jpg,*,wh/img001-ex.jpg,,,,,,,,,,,,,,,,,,,,,,,1,1,en_wh_ex_004_bt,,1,,2950,3200,,5,,,,,,,,,,,,,,,,,37,Extension WiMAX HOME 5G L12/L13
3136,20766,747,2575,No,4-[extension]5Days,2,カート用延長フラグ,Extension WiMAX HOME 5G L12/L13,1,,,,,,,,*,wh/img001-ex.jpg,*,wh/img001-ex.jpg,,,,,,,,,,,,,,,,,,,,,,,0,1,en_wh_ex_004,,1,,2950,2950,,5,,,,,,,,,,,,,,,,,37,Extension WiMAX HOME 5G L12/L13
3136,20767,748,2576,Yes,5-[extension]6Days,2,カート用延長フラグ,Extension WiMAX HOME 5G L12/L13,1,,,,,,,,*,wh/img001-ex.jpg,*,wh/img001-ex.jpg,,,,,,,,,,,,,,,,,,,,,,,1,1,en_wh_ex_005_bt,,1,,3540,3840,,5,,,,,,,,,,,,,,,,,37,Extension WiMAX HOME 5G L12/L13
3136,20768,747,2576,No,5-[extension]6Days,2,カート用延長フラグ,Extension WiMAX HOME 5G L12/L13,1,,,,,,,,*,wh/img001-ex.jpg,*,wh/img001-ex.jpg,,,,,,,,,,,,,,,,,,,,,,,0,1,en_wh_ex_005,,1,,3540,3540,,5,,,,,,,,,,,,,,,,,37,Extension WiMAX HOME 5G L12/L13
3136,20769,748,2577,Yes,6-[extension]7Days,2,カート用延長フラグ,Extension WiMAX HOME 5G L12/L13,1,,,,,,,,*,wh/img001-ex.jpg,*,wh/img001-ex.jpg,,,,,,,,,,,,,,,,,,,,,,,1,1,en_wh_ex_006_bt,,1,,4130,4480,,5,,,,,,,,,,,,,,,,,37,Extension WiMAX HOME 5G L12/L13
3136,20770,747,2577,No,6-[extension]7Days,2,カート用延長フラグ,Extension WiMAX HOME 5G L12/L13,1,,,,,,,,*,wh/img001-ex.jpg,*,wh/img001-ex.jpg,,,,,,,,,,,,,,,,,,,,,,,0,1,en_wh_ex_006,,1,,4130,4130,,5,,,,,,,,,,,,,,,,,37,Extension WiMAX HOME 5G L12/L13
3136,20771,748,2578,Yes,7-[extension]8Days,2,カート用延長フラグ,Extension WiMAX HOME 5G L12/L13,1,,,,,,,,*,wh/img001-ex.jpg,*,wh/img001-ex.jpg,,,,,,,,,,,,,,,,,,,,,,,1,1,en_wh_ex_007_bt,,1,,4720,5120,,5,,,,,,,,,,,,,,,,,37,Extension WiMAX HOME 5G L12/L13
3136,20772,747,2578,No,7-[extension]8Days,2,カート用延長フラグ,Extension WiMAX HOME 5G L12/L13,1,,,,,,,,*,wh/img001-ex.jpg,*,wh/img001-ex.jpg,,,,,,,,,,,,,,,,,,,,,,,0,1,en_wh_ex_007,,1,,4720,4720,,5,,,,,,,,,,,,,,,,,37,Extension WiMAX HOME 5G L12/L13
3136,20773,748,2579,Yes,8-[extension]9Days,2,カート用延長フラグ,Extension WiMAX HOME 5G L12/L13,1,,,,,,,,*,wh/img001-ex.jpg,*,wh/img001-ex.jpg,,,,,,,,,,,,,,,,,,,,,,,1,1,en_wh_ex_008_bt,,1,,5310,5760,,5,,,,,,,,,,,,,,,,,37,Extension WiMAX HOME 5G L12/L13
3136,20774,747,2579,No,8-[extension]9Days,2,カート用延長フラグ,Extension WiMAX HOME 5G L12/L13,1,,,,,,,,*,wh/img001-ex.jpg,*,wh/img001-ex.jpg,,,,,,,,,,,,,,,,,,,,,,,0,1,en_wh_ex_008,,1,,5310,5310,,5,,,,,,,,,,,,,,,,,37,Extension WiMAX HOME 5G L12/L13
3136,20775,748,2580,Yes,9-[extension]10Days,2,カート用延長フラグ,Extension WiMAX HOME 5G L12/L13,1,,,,,,,,*,wh/img001-ex.jpg,*,wh/img001-ex.jpg,,,,,,,,,,,,,,,,,,,,,,,1,1,en_wh_ex_009_bt,,1,,5900,6400,,5,,,,,,,,,,,,,,,,,37,Extension WiMAX HOME 5G L12/L13
3136,20776,747,2580,No,9-[extension]10Days,2,カート用延長フラグ,Extension WiMAX HOME 5G L12/L13,1,,,,,,,,*,wh/img001-ex.jpg,*,wh/img001-ex.jpg,,,,,,,,,,,,,,,,,,,,,,,0,1,en_wh_ex_009,,1,,5900,5900,,5,,,,,,,,,,,,,,,,,37,Extension WiMAX HOME 5G L12/L13
3136,20777,748,2581,Yes,10-[extension]11Days,2,カート用延長フラグ,Extension WiMAX HOME 5G L12/L13,1,,,,,,,,*,wh/img001-ex.jpg,*,wh/img001-ex.jpg,,,,,,,,,,,,,,,,,,,,,,,1,1,en_wh_ex_010_bt,,1,,6490,7040,,5,,,,,,,,,,,,,,,,,37,Extension WiMAX HOME 5G L12/L13
3136,20778,747,2581,No,10-[extension]11Days,2,カート用延長フラグ,Extension WiMAX HOME 5G L12/L13,1,,,,,,,,*,wh/img001-ex.jpg,*,wh/img001-ex.jpg,,,,,,,,,,,,,,,,,,,,,,,0,1,en_wh_ex_010,,1,,6490,6490,,5,,,,,,,,,,,,,,,,,37,Extension WiMAX HOME 5G L12/L13
3136,20779,748,2582,Yes,11-[extension]12Days,2,カート用延長フラグ,Extension WiMAX HOME 5G L12/L13,1,,,,,,,,*,wh/img001-ex.jpg,*,wh/img001-ex.jpg,,,,,,,,,,,,,,,,,,,,,,,1,1,en_wh_ex_011_bt,,1,,7080,7680,,5,,,,,,,,,,,,,,,,,37,Extension WiMAX HOME 5G L12/L13
3136,20780,747,2582,No,11-[extension]12Days,2,カート用延長フラグ,Extension WiMAX HOME 5G L12/L13,1,,,,,,,,*,wh/img001-ex.jpg,*,wh/img001-ex.jpg,,,,,,,,,,,,,,,,,,,,,,,0,1,en_wh_ex_011,,1,,7080,7080,,5,,,,,,,,,,,,,,,,,37,Extension WiMAX HOME 5G L12/L13
3136,20781,748,2583,Yes,12-[extension]13Days,2,カート用延長フラグ,Extension WiMAX HOME 5G L12/L13,1,,,,,,,,*,wh/img001-ex.jpg,*,wh/img001-ex.jpg,,,,,,,,,,,,,,,,,,,,,,,1,1,en_wh_ex_012_bt,,1,,7670,8320,,5,,,,,,,,,,,,,,,,,37,Extension WiMAX HOME 5G L12/L13
3136,20782,747,2583,No,12-[extension]13Days,2,カート用延長フラグ,Extension WiMAX HOME 5G L12/L13,1,,,,,,,,*,wh/img001-ex.jpg,*,wh/img001-ex.jpg,,,,,,,,,,,,,,,,,,,,,,,0,1,en_wh_ex_012,,1,,7670,7670,,5,,,,,,,,,,,,,,,,,37,Extension WiMAX HOME 5G L12/L13
3136,20783,748,2584,Yes,13-[extension]14Days,2,カート用延長フラグ,Extension WiMAX HOME 5G L12/L13,1,,,,,,,,*,wh/img001-ex.jpg,*,wh/img001-ex.jpg,,,,,,,,,,,,,,,,,,,,,,,1,1,en_wh_ex_013_bt,,1,,8260,8960,,5,,,,,,,,,,,,,,,,,37,Extension WiMAX HOME 5G L12/L13
3136,20784,747,2584,No,13-[extension]14Days,2,カート用延長フラグ,Extension WiMAX HOME 5G L12/L13,1,,,,,,,,*,wh/img001-ex.jpg,*,wh/img001-ex.jpg,,,,,,,,,,,,,,,,,,,,,,,0,1,en_wh_ex_013,,1,,8260,8260,,5,,,,,,,,,,,,,,,,,37,Extension WiMAX HOME 5G L12/L13
3136,20785,748,2585,Yes,14-[extension]15Days (Value Rental Pack: 1Month Pack),2,カート用延長フラグ,Extension WiMAX HOME 5G L12/L13,1,,,,,,,,*,wh/img001-ex.jpg,*,wh/img001-ex.jpg,,,,,,,,,,,,,,,,,,,,,,,1,1,en_wh_ex_014_bt,,1,,8850,9600,,5,,,,,,,,,,,,,,,,,37,Extension WiMAX HOME 5G L12/L13
3136,20786,747,2585,No,14-[extension]15Days (Value Rental Pack: 1Month Pack),2,カート用延長フラグ,Extension WiMAX HOME 5G L12/L13,1,,,,,,,,*,wh/img001-ex.jpg,*,wh/img001-ex.jpg,,,,,,,,,,,,,,,,,,,,,,,0,1,en_wh_ex_014,,1,,8850,8850,,5,,,,,,,,,,,,,,,,,37,Extension WiMAX HOME 5G L12/L13
3136,20787,748,2586,Yes,15-[extension]16Days (Value Rental Pack: 1Month Pack),2,カート用延長フラグ,Extension WiMAX HOME 5G L12/L13,1,,,,,,,,*,wh/img001-ex.jpg,*,wh/img001-ex.jpg,,,,,,,,,,,,,,,,,,,,,,,1,1,en_wh_ex_014_bt,,1,,8850,9600,,5,,,,,,,,,,,,,,,,,37,Extension WiMAX HOME 5G L12/L13
3136,20788,747,2586,No,15-[extension]16Days (Value Rental Pack: 1Month Pack),2,カート用延長フラグ,Extension WiMAX HOME 5G L12/L13,1,,,,,,,,*,wh/img001-ex.jpg,*,wh/img001-ex.jpg,,,,,,,,,,,,,,,,,,,,,,,0,1,en_wh_ex_014,,1,,8850,8850,,5,,,,,,,,,,,,,,,,,37,Extension WiMAX HOME 5G L12/L13
3136,20789,748,2587,Yes,16-[extension]17Days (Value Rental Pack: 1Month Pack),2,カート用延長フラグ,Extension WiMAX HOME 5G L12/L13,1,,,,,,,,*,wh/img001-ex.jpg,*,wh/img001-ex.jpg,,,,,,,,,,,,,,,,,,,,,,,1,1,en_wh_ex_014_bt,,1,,8850,9600,,5,,,,,,,,,,,,,,,,,37,Extension WiMAX HOME 5G L12/L13
3136,20790,747,2587,No,16-[extension]17Days (Value Rental Pack: 1Month Pack),2,カート用延長フラグ,Extension WiMAX HOME 5G L12/L13,1,,,,,,,,*,wh/img001-ex.jpg,*,wh/img001-ex.jpg,,,,,,,,,,,,,,,,,,,,,,,0,1,en_wh_ex_014,,1,,8850,8850,,5,,,,,,,,,,,,,,,,,37,Extension WiMAX HOME 5G L12/L13
3136,20791,748,2588,Yes,17-[extension]18Days (Value Rental Pack: 1Month Pack),2,カート用延長フラグ,Extension WiMAX HOME 5G L12/L13,1,,,,,,,,*,wh/img001-ex.jpg,*,wh/img001-ex.jpg,,,,,,,,,,,,,,,,,,,,,,,1,1,en_wh_ex_014_bt,,1,,8850,9600,,5,,,,,,,,,,,,,,,,,37,Extension WiMAX HOME 5G L12/L13
3136,20792,747,2588,No,17-[extension]18Days (Value Rental Pack: 1Month Pack),2,カート用延長フラグ,Extension WiMAX HOME 5G L12/L13,1,,,,,,,,*,wh/img001-ex.jpg,*,wh/img001-ex.jpg,,,,,,,,,,,,,,,,,,,,,,,0,1,en_wh_ex_014,,1,,8850,8850,,5,,,,,,,,,,,,,,,,,37,Extension WiMAX HOME 5G L12/L13
3136,20793,748,2589,Yes,18-[extension]19Days (Value Rental Pack: 1Month Pack),2,カート用延長フラグ,Extension WiMAX HOME 5G L12/L13,1,,,,,,,,*,wh/img001-ex.jpg,*,wh/img001-ex.jpg,,,,,,,,,,,,,,,,,,,,,,,1,1,en_wh_ex_014_bt,,1,,8850,9600,,5,,,,,,,,,,,,,,,,,37,Extension WiMAX HOME 5G L12/L13
3136,20794,747,2589,No,18-[extension]19Days (Value Rental Pack: 1Month Pack),2,カート用延長フラグ,Extension WiMAX HOME 5G L12/L13,1,,,,,,,,*,wh/img001-ex.jpg,*,wh/img001-ex.jpg,,,,,,,,,,,,,,,,,,,,,,,0,1,en_wh_ex_014,,1,,8850,8850,,5,,,,,,,,,,,,,,,,,37,Extension WiMAX HOME 5G L12/L13
3136,20795,748,2590,Yes,19-[extension]20Days (Value Rental Pack: 1Month Pack),2,カート用延長フラグ,Extension WiMAX HOME 5G L12/L13,1,,,,,,,,*,wh/img001-ex.jpg,*,wh/img001-ex.jpg,,,,,,,,,,,,,,,,,,,,,,,1,1,en_wh_ex_014_bt,,1,,8850,9600,,5,,,,,,,,,,,,,,,,,37,Extension WiMAX HOME 5G L12/L13
3136,20796,747,2590,No,19-[extension]20Days (Value Rental Pack: 1Month Pack),2,カート用延長フラグ,Extension WiMAX HOME 5G L12/L13,1,,,,,,,,*,wh/img001-ex.jpg,*,wh/img001-ex.jpg,,,,,,,,,,,,,,,,,,,,,,,0,1,en_wh_ex_014,,1,,8850,8850,,5,,,,,,,,,,,,,,,,,37,Extension WiMAX HOME 5G L12/L13
3136,20797,748,2591,Yes,20-[extension]21Days (Value Rental Pack: 1Month Pack),2,カート用延長フラグ,Extension WiMAX HOME 5G L12/L13,1,,,,,,,,*,wh/img001-ex.jpg,*,wh/img001-ex.jpg,,,,,,,,,,,,,,,,,,,,,,,1,1,en_wh_ex_014_bt,,1,,8850,9600,,5,,,,,,,,,,,,,,,,,37,Extension WiMAX HOME 5G L12/L13
3136,20798,747,2591,No,20-[extension]21Days (Value Rental Pack: 1Month Pack),2,カート用延長フラグ,Extension WiMAX HOME 5G L12/L13,1,,,,,,,,*,wh/img001-ex.jpg,*,wh/img001-ex.jpg,,,,,,,,,,,,,,,,,,,,,,,0,1,en_wh_ex_014,,1,,8850,8850,,5,,,,,,,,,,,,,,,,,37,Extension WiMAX HOME 5G L12/L13
3136,20799,748,2592,Yes,21-[extension]22Days (Value Rental Pack: 1Month Pack),2,カート用延長フラグ,Extension WiMAX HOME 5G L12/L13,1,,,,,,,,*,wh/img001-ex.jpg,*,wh/img001-ex.jpg,,,,,,,,,,,,,,,,,,,,,,,1,1,en_wh_ex_014_bt,,1,,8850,9600,,5,,,,,,,,,,,,,,,,,37,Extension WiMAX HOME 5G L12/L13
3136,20800,747,2592,No,21-[extension]22Days (Value Rental Pack: 1Month Pack),2,カート用延長フラグ,Extension WiMAX HOME 5G L12/L13,1,,,,,,,,*,wh/img001-ex.jpg,*,wh/img001-ex.jpg,,,,,,,,,,,,,,,,,,,,,,,0,1,en_wh_ex_014,,1,,8850,8850,,5,,,,,,,,,,,,,,,,,37,Extension WiMAX HOME 5G L12/L13
3136,20801,748,2593,Yes,22-[extension]23Days (Value Rental Pack: 1Month Pack),2,カート用延長フラグ,Extension WiMAX HOME 5G L12/L13,1,,,,,,,,*,wh/img001-ex.jpg,*,wh/img001-ex.jpg,,,,,,,,,,,,,,,,,,,,,,,1,1,en_wh_ex_014_bt,,1,,8850,9600,,5,,,,,,,,,,,,,,,,,37,Extension WiMAX HOME 5G L12/L13
3136,20802,747,2593,No,22-[extension]23Days (Value Rental Pack: 1Month Pack),2,カート用延長フラグ,Extension WiMAX HOME 5G L12/L13,1,,,,,,,,*,wh/img001-ex.jpg,*,wh/img001-ex.jpg,,,,,,,,,,,,,,,,,,,,,,,0,1,en_wh_ex_014,,1,,8850,8850,,5,,,,,,,,,,,,,,,,,37,Extension WiMAX HOME 5G L12/L13
3136,20803,748,2594,Yes,23-[extension]24Days (Value Rental Pack: 1Month Pack),2,カート用延長フラグ,Extension WiMAX HOME 5G L12/L13,1,,,,,,,,*,wh/img001-ex.jpg,*,wh/img001-ex.jpg,,,,,,,,,,,,,,,,,,,,,,,1,1,en_wh_ex_014_bt,,1,,8850,9600,,5,,,,,,,,,,,,,,,,,37,Extension WiMAX HOME 5G L12/L13
3136,20804,747,2594,No,23-[extension]24Days (Value Rental Pack: 1Month Pack),2,カート用延長フラグ,Extension WiMAX HOME 5G L12/L13,1,,,,,,,,*,wh/img001-ex.jpg,*,wh/img001-ex.jpg,,,,,,,,,,,,,,,,,,,,,,,0,1,en_wh_ex_014,,1,,8850,8850,,5,,,,,,,,,,,,,,,,,37,Extension WiMAX HOME 5G L12/L13
3136,20805,748,2595,Yes,24-[extension]25Days (Value Rental Pack: 1Month Pack),2,カート用延長フラグ,Extension WiMAX HOME 5G L12/L13,1,,,,,,,,*,wh/img001-ex.jpg,*,wh/img001-ex.jpg,,,,,,,,,,,,,,,,,,,,,,,1,1,en_wh_ex_014_bt,,1,,8850,9600,,5,,,,,,,,,,,,,,,,,37,Extension WiMAX HOME 5G L12/L13
3136,20806,747,2595,No,24-[extension]25Days (Value Rental Pack: 1Month Pack),2,カート用延長フラグ,Extension WiMAX HOME 5G L12/L13,1,,,,,,,,*,wh/img001-ex.jpg,*,wh/img001-ex.jpg,,,,,,,,,,,,,,,,,,,,,,,0,1,en_wh_ex_014,,1,,8850,8850,,5,,,,,,,,,,,,,,,,,37,Extension WiMAX HOME 5G L12/L13
3136,20807,748,2596,Yes,25-[extension]26Days (Value Rental Pack: 1Month Pack),2,カート用延長フラグ,Extension WiMAX HOME 5G L12/L13,1,,,,,,,,*,wh/img001-ex.jpg,*,wh/img001-ex.jpg,,,,,,,,,,,,,,,,,,,,,,,1,1,en_wh_ex_014_bt,,1,,8850,9600,,5,,,,,,,,,,,,,,,,,37,Extension WiMAX HOME 5G L12/L13
3136,20808,747,2596,No,25-[extension]26Days (Value Rental Pack: 1Month Pack),2,カート用延長フラグ,Extension WiMAX HOME 5G L12/L13,1,,,,,,,,*,wh/img001-ex.jpg,*,wh/img001-ex.jpg,,,,,,,,,,,,,,,,,,,,,,,0,1,en_wh_ex_014,,1,,8850,8850,,5,,,,,,,,,,,,,,,,,37,Extension WiMAX HOME 5G L12/L13
3136,20809,748,2597,Yes,26-[extension]27Days (Value Rental Pack: 1Month Pack),2,カート用延長フラグ,Extension WiMAX HOME 5G L12/L13,1,,,,,,,,*,wh/img001-ex.jpg,*,wh/img001-ex.jpg,,,,,,,,,,,,,,,,,,,,,,,1,1,en_wh_ex_014_bt,,1,,8850,9600,,5,,,,,,,,,,,,,,,,,37,Extension WiMAX HOME 5G L12/L13
3136,20810,747,2597,No,26-[extension]27Days (Value Rental Pack: 1Month Pack),2,カート用延長フラグ,Extension WiMAX HOME 5G L12/L13,1,,,,,,,,*,wh/img001-ex.jpg,*,wh/img001-ex.jpg,,,,,,,,,,,,,,,,,,,,,,,0,1,en_wh_ex_014,,1,,8850,8850,,5,,,,,,,,,,,,,,,,,37,Extension WiMAX HOME 5G L12/L13
3136,20811,748,2598,Yes,27-[extension]28Days (Value Rental Pack: 1Month Pack),2,カート用延長フラグ,Extension WiMAX HOME 5G L12/L13,1,,,,,,,,*,wh/img001-ex.jpg,*,wh/img001-ex.jpg,,,,,,,,,,,,,,,,,,,,,,,1,1,en_wh_ex_014_bt,,1,,8850,9600,,5,,,,,,,,,,,,,,,,,37,Extension WiMAX HOME 5G L12/L13
3136,20812,747,2598,No,27-[extension]28Days (Value Rental Pack: 1Month Pack),2,カート用延長フラグ,Extension WiMAX HOME 5G L12/L13,1,,,,,,,,*,wh/img001-ex.jpg,*,wh/img001-ex.jpg,,,,,,,,,,,,,,,,,,,,,,,0,1,en_wh_ex_014,,1,,8850,8850,,5,,,,,,,,,,,,,,,,,37,Extension WiMAX HOME 5G L12/L13
3136,20813,748,2599,Yes,28-[extension]29Days (Value Rental Pack: 1Month Pack),2,カート用延長フラグ,Extension WiMAX HOME 5G L12/L13,1,,,,,,,,*,wh/img001-ex.jpg,*,wh/img001-ex.jpg,,,,,,,,,,,,,,,,,,,,,,,1,1,en_wh_ex_014_bt,,1,,8850,9600,,5,,,,,,,,,,,,,,,,,37,Extension WiMAX HOME 5G L12/L13
3136,20814,747,2599,No,28-[extension]29Days (Value Rental Pack: 1Month Pack),2,カート用延長フラグ,Extension WiMAX HOME 5G L12/L13,1,,,,,,,,*,wh/img001-ex.jpg,*,wh/img001-ex.jpg,,,,,,,,,,,,,,,,,,,,,,,0,1,en_wh_ex_014,,1,,8850,8850,,5,,,,,,,,,,,,,,,,,37,Extension WiMAX HOME 5G L12/L13
3136,20815,748,2600,Yes,29-[extension]30Days (Value Rental Pack: 1Month Pack),2,カート用延長フラグ,Extension WiMAX HOME 5G L12/L13,1,,,,,,,,*,wh/img001-ex.jpg,*,wh/img001-ex.jpg,,,,,,,,,,,,,,,,,,,,,,,1,1,en_wh_ex_014_bt,,1,,8850,9600,,5,,,,,,,,,,,,,,,,,37,Extension WiMAX HOME 5G L12/L13
3136,20816,747,2600,No,29-[extension]30Days (Value Rental Pack: 1Month Pack),2,カート用延長フラグ,Extension WiMAX HOME 5G L12/L13,1,,,,,,,,*,wh/img001-ex.jpg,*,wh/img001-ex.jpg,,,,,,,,,,,,,,,,,,,,,,,0,1,en_wh_ex_014,,1,,8850,8850,,5,,,,,,,,,,,,,,,,,37,Extension WiMAX HOME 5G L12/L13
3136,20817,748,2601,Yes,30-[extension]31Days (Value Rental Pack: 1Month Pack),2,カート用延長フラグ,Extension WiMAX HOME 5G L12/L13,1,,,,,,,,*,wh/img001-ex.jpg,*,wh/img001-ex.jpg,,,,,,,,,,,,,,,,,,,,,,,1,1,en_wh_ex_014_bt,,1,,8850,9600,,5,,,,,,,,,,,,,,,,,37,Extension WiMAX HOME 5G L12/L13
3136,20818,747,2601,No,30-[extension]31Days (Value Rental Pack: 1Month Pack),2,カート用延長フラグ,Extension WiMAX HOME 5G L12/L13,1,,,,,,,,*,wh/img001-ex.jpg,*,wh/img001-ex.jpg,,,,,,,,,,,,,,,,,,,,,,,0,1,en_wh_ex_014,,1,,8850,8850,,5,,,,,,,,,,,,,,,,,37,Extension WiMAX HOME 5G L12/L13
3136,20819,748,2602,Yes,31-[extension]32Days (Value Rental Pack: 1Month Pack + 1Day),2,カート用延長フラグ,Extension WiMAX HOME 5G L12/L13,1,,,,,,,,*,wh/img001-ex.jpg,*,wh/img001-ex.jpg,,,,,,,,,,,,,,,,,,,,,,,1,1,en_wh_ex_031_bt,,1,,9440,10240,,5,,,,,,,,,,,,,,,,,37,Extension WiMAX HOME 5G L12/L13
3136,20820,747,2602,No,31-[extension]32Days (Value Rental Pack: 1Month Pack + 1Day),2,カート用延長フラグ,Extension WiMAX HOME 5G L12/L13,1,,,,,,,,*,wh/img001-ex.jpg,*,wh/img001-ex.jpg,,,,,,,,,,,,,,,,,,,,,,,0,1,en_wh_ex_031,,1,,9440,9440,,5,,,,,,,,,,,,,,,,,37,Extension WiMAX HOME 5G L12/L13
3136,20821,748,2603,Yes,32-[extension]33Days (Value Rental Pack: 1Month Pack + 2Days),2,カート用延長フラグ,Extension WiMAX HOME 5G L12/L13,1,,,,,,,,*,wh/img001-ex.jpg,*,wh/img001-ex.jpg,,,,,,,,,,,,,,,,,,,,,,,1,1,en_wh_ex_032_bt,,1,,10030,10880,,5,,,,,,,,,,,,,,,,,37,Extension WiMAX HOME 5G L12/L13
3136,20822,747,2603,No,32-[extension]33Days (Value Rental Pack: 1Month Pack + 2Days),2,カート用延長フラグ,Extension WiMAX HOME 5G L12/L13,1,,,,,,,,*,wh/img001-ex.jpg,*,wh/img001-ex.jpg,,,,,,,,,,,,,,,,,,,,,,,0,1,en_wh_ex_032,,1,,10030,10030,,5,,,,,,,,,,,,,,,,,37,Extension WiMAX HOME 5G L12/L13
3136,20823,748,2604,Yes,33-[extension]34Days (Value Rental Pack: 1Month Pack + 3Days),2,カート用延長フラグ,Extension WiMAX HOME 5G L12/L13,1,,,,,,,,*,wh/img001-ex.jpg,*,wh/img001-ex.jpg,,,,,,,,,,,,,,,,,,,,,,,1,1,en_wh_ex_033_bt,,1,,10620,11520,,5,,,,,,,,,,,,,,,,,37,Extension WiMAX HOME 5G L12/L13
3136,20824,747,2604,No,33-[extension]34Days (Value Rental Pack: 1Month Pack + 3Days),2,カート用延長フラグ,Extension WiMAX HOME 5G L12/L13,1,,,,,,,,*,wh/img001-ex.jpg,*,wh/img001-ex.jpg,,,,,,,,,,,,,,,,,,,,,,,0,1,en_wh_ex_033,,1,,10620,10620,,5,,,,,,,,,,,,,,,,,37,Extension WiMAX HOME 5G L12/L13
3136,20825,748,2605,Yes,34-[extension]35Days (Value Rental Pack: 1Month Pack + 4Days),2,カート用延長フラグ,Extension WiMAX HOME 5G L12/L13,1,,,,,,,,*,wh/img001-ex.jpg,*,wh/img001-ex.jpg,,,,,,,,,,,,,,,,,,,,,,,1,1,en_wh_ex_034_bt,,1,,11210,12160,,5,,,,,,,,,,,,,,,,,37,Extension WiMAX HOME 5G L12/L13
3136,20826,747,2605,No,34-[extension]35Days (Value Rental Pack: 1Month Pack + 4Days),2,カート用延長フラグ,Extension WiMAX HOME 5G L12/L13,1,,,,,,,,*,wh/img001-ex.jpg,*,wh/img001-ex.jpg,,,,,,,,,,,,,,,,,,,,,,,0,1,en_wh_ex_034,,1,,11210,11210,,5,,,,,,,,,,,,,,,,,37,Extension WiMAX HOME 5G L12/L13
3136,20827,748,2606,Yes,35-[extension]36Days (Value Rental Pack: 1Month Pack + 5Days),2,カート用延長フラグ,Extension WiMAX HOME 5G L12/L13,1,,,,,,,,*,wh/img001-ex.jpg,*,wh/img001-ex.jpg,,,,,,,,,,,,,,,,,,,,,,,1,1,en_wh_ex_035_bt,,1,,11800,12800,,5,,,,,,,,,,,,,,,,,37,Extension WiMAX HOME 5G L12/L13
3136,20828,747,2606,No,35-[extension]36Days (Value Rental Pack: 1Month Pack + 5Days),2,カート用延長フラグ,Extension WiMAX HOME 5G L12/L13,1,,,,,,,,*,wh/img001-ex.jpg,*,wh/img001-ex.jpg,,,,,,,,,,,,,,,,,,,,,,,0,1,en_wh_ex_035,,1,,11800,11800,,5,,,,,,,,,,,,,,,,,37,Extension WiMAX HOME 5G L12/L13
3136,20829,748,2607,Yes,36-[extension]37Days (Value Rental Pack: 1Month Pack + 6Days),2,カート用延長フラグ,Extension WiMAX HOME 5G L12/L13,1,,,,,,,,*,wh/img001-ex.jpg,*,wh/img001-ex.jpg,,,,,,,,,,,,,,,,,,,,,,,1,1,en_wh_ex_036_bt,,1,,12390,13440,,5,,,,,,,,,,,,,,,,,37,Extension WiMAX HOME 5G L12/L13
3136,20830,747,2607,No,36-[extension]37Days (Value Rental Pack: 1Month Pack + 6Days),2,カート用延長フラグ,Extension WiMAX HOME 5G L12/L13,1,,,,,,,,*,wh/img001-ex.jpg,*,wh/img001-ex.jpg,,,,,,,,,,,,,,,,,,,,,,,0,1,en_wh_ex_036,,1,,12390,12390,,5,,,,,,,,,,,,,,,,,37,Extension WiMAX HOME 5G L12/L13
3136,20831,748,2608,Yes,37-[extension]38Days (Value Rental Pack: 1Month Pack + 7Days),2,カート用延長フラグ,Extension WiMAX HOME 5G L12/L13,1,,,,,,,,*,wh/img001-ex.jpg,*,wh/img001-ex.jpg,,,,,,,,,,,,,,,,,,,,,,,1,1,en_wh_ex_037_bt,,1,,12980,14030,,5,,,,,,,,,,,,,,,,,37,Extension WiMAX HOME 5G L12/L13
3136,20832,747,2608,No,37-[extension]38Days (Value Rental Pack: 1Month Pack + 7Days),2,カート用延長フラグ,Extension WiMAX HOME 5G L12/L13,1,,,,,,,,*,wh/img001-ex.jpg,*,wh/img001-ex.jpg,,,,,,,,,,,,,,,,,,,,,,,0,1,en_wh_ex_037,,1,,12980,12980,,5,,,,,,,,,,,,,,,,,37,Extension WiMAX HOME 5G L12/L13
3136,20833,748,2609,Yes,38-[extension]39Days (Value Rental Pack: 1Month Pack + 8Days),2,カート用延長フラグ,Extension WiMAX HOME 5G L12/L13,1,,,,,,,,*,wh/img001-ex.jpg,*,wh/img001-ex.jpg,,,,,,,,,,,,,,,,,,,,,,,1,1,en_wh_ex_038_bt,,1,,13570,14620,,5,,,,,,,,,,,,,,,,,37,Extension WiMAX HOME 5G L12/L13
3136,20834,747,2609,No,38-[extension]39Days (Value Rental Pack: 1Month Pack + 8Days),2,カート用延長フラグ,Extension WiMAX HOME 5G L12/L13,1,,,,,,,,*,wh/img001-ex.jpg,*,wh/img001-ex.jpg,,,,,,,,,,,,,,,,,,,,,,,0,1,en_wh_ex_038,,1,,13570,13570,,5,,,,,,,,,,,,,,,,,37,Extension WiMAX HOME 5G L12/L13
3136,20835,748,2610,Yes,39-[extension]40Days (Value Rental Pack: 1Month Pack + 9Days),2,カート用延長フラグ,Extension WiMAX HOME 5G L12/L13,1,,,,,,,,*,wh/img001-ex.jpg,*,wh/img001-ex.jpg,,,,,,,,,,,,,,,,,,,,,,,1,1,en_wh_ex_039_bt,,1,,14160,15210,,5,,,,,,,,,,,,,,,,,37,Extension WiMAX HOME 5G L12/L13
3136,20836,747,2610,No,39-[extension]40Days (Value Rental Pack: 1Month Pack + 9Days),2,カート用延長フラグ,Extension WiMAX HOME 5G L12/L13,1,,,,,,,,*,wh/img001-ex.jpg,*,wh/img001-ex.jpg,,,,,,,,,,,,,,,,,,,,,,,0,1,en_wh_ex_039,,1,,14160,14160,,5,,,,,,,,,,,,,,,,,37,Extension WiMAX HOME 5G L12/L13
3136,20837,748,2611,Yes,40-[extension]41Days (Value Rental Pack: 1Month Pack + 10Days),2,カート用延長フラグ,Extension WiMAX HOME 5G L12/L13,1,,,,,,,,*,wh/img001-ex.jpg,*,wh/img001-ex.jpg,,,,,,,,,,,,,,,,,,,,,,,1,1,en_wh_ex_040_bt,,1,,14750,15800,,5,,,,,,,,,,,,,,,,,37,Extension WiMAX HOME 5G L12/L13
3136,20838,747,2611,No,40-[extension]41Days (Value Rental Pack: 1Month Pack + 10Days),2,カート用延長フラグ,Extension WiMAX HOME 5G L12/L13,1,,,,,,,,*,wh/img001-ex.jpg,*,wh/img001-ex.jpg,,,,,,,,,,,,,,,,,,,,,,,0,1,en_wh_ex_040,,1,,14750,14750,,5,,,,,,,,,,,,,,,,,37,Extension WiMAX HOME 5G L12/L13
3136,20839,748,2612,Yes,41-[extension]42Days (Value Rental Pack: 1Month Pack + 11Days),2,カート用延長フラグ,Extension WiMAX HOME 5G L12/L13,1,,,,,,,,*,wh/img001-ex.jpg,*,wh/img001-ex.jpg,,,,,,,,,,,,,,,,,,,,,,,1,1,en_wh_ex_041_bt,,1,,15340,16390,,5,,,,,,,,,,,,,,,,,37,Extension WiMAX HOME 5G L12/L13
3136,20840,747,2612,No,41-[extension]42Days (Value Rental Pack: 1Month Pack + 11Days),2,カート用延長フラグ,Extension WiMAX HOME 5G L12/L13,1,,,,,,,,*,wh/img001-ex.jpg,*,wh/img001-ex.jpg,,,,,,,,,,,,,,,,,,,,,,,0,1,en_wh_ex_041,,1,,15340,15340,,5,,,,,,,,,,,,,,,,,37,Extension WiMAX HOME 5G L12/L13
3136,20841,748,2613,Yes,42-[extension]43Days (Value Rental Pack: 2Months Pack),2,カート用延長フラグ,Extension WiMAX HOME 5G L12/L13,1,,,,,,,,*,wh/img001-ex.jpg,*,wh/img001-ex.jpg,,,,,,,,,,,,,,,,,,,,,,,1,1,en_wh_ex_060_bt,,1,,15700,16750,,5,,,,,,,,,,,,,,,,,37,Extension WiMAX HOME 5G L12/L13
3136,20842,747,2613,No,42-[extension]43Days (Value Rental Pack: 2Months Pack),2,カート用延長フラグ,Extension WiMAX HOME 5G L12/L13,1,,,,,,,,*,wh/img001-ex.jpg,*,wh/img001-ex.jpg,,,,,,,,,,,,,,,,,,,,,,,0,1,en_wh_ex_060,,1,,15700,15700,,5,,,,,,,,,,,,,,,,,37,Extension WiMAX HOME 5G L12/L13
3136,20843,748,2614,Yes,43-[extension]44Days (Value Rental Pack: 2Months Pack),2,カート用延長フラグ,Extension WiMAX HOME 5G L12/L13,1,,,,,,,,*,wh/img001-ex.jpg,*,wh/img001-ex.jpg,,,,,,,,,,,,,,,,,,,,,,,1,1,en_wh_ex_060_bt,,1,,15700,16750,,5,,,,,,,,,,,,,,,,,37,Extension WiMAX HOME 5G L12/L13
3136,20844,747,2614,No,43-[extension]44Days (Value Rental Pack: 2Months Pack),2,カート用延長フラグ,Extension WiMAX HOME 5G L12/L13,1,,,,,,,,*,wh/img001-ex.jpg,*,wh/img001-ex.jpg,,,,,,,,,,,,,,,,,,,,,,,0,1,en_wh_ex_060,,1,,15700,15700,,5,,,,,,,,,,,,,,,,,37,Extension WiMAX HOME 5G L12/L13
3136,20845,748,2615,Yes,44-[extension]45Days (Value Rental Pack: 2Months Pack),2,カート用延長フラグ,Extension WiMAX HOME 5G L12/L13,1,,,,,,,,*,wh/img001-ex.jpg,*,wh/img001-ex.jpg,,,,,,,,,,,,,,,,,,,,,,,1,1,en_wh_ex_060_bt,,1,,15700,16750,,5,,,,,,,,,,,,,,,,,37,Extension WiMAX HOME 5G L12/L13
3136,20846,747,2615,No,44-[extension]45Days (Value Rental Pack: 2Months Pack),2,カート用延長フラグ,Extension WiMAX HOME 5G L12/L13,1,,,,,,,,*,wh/img001-ex.jpg,*,wh/img001-ex.jpg,,,,,,,,,,,,,,,,,,,,,,,0,1,en_wh_ex_060,,1,,15700,15700,,5,,,,,,,,,,,,,,,,,37,Extension WiMAX HOME 5G L12/L13
3136,20847,748,2616,Yes,45-[extension]46Days (Value Rental Pack: 2Months Pack),2,カート用延長フラグ,Extension WiMAX HOME 5G L12/L13,1,,,,,,,,*,wh/img001-ex.jpg,*,wh/img001-ex.jpg,,,,,,,,,,,,,,,,,,,,,,,1,1,en_wh_ex_060_bt,,1,,15700,16750,,5,,,,,,,,,,,,,,,,,37,Extension WiMAX HOME 5G L12/L13
3136,20848,747,2616,No,45-[extension]46Days (Value Rental Pack: 2Months Pack),2,カート用延長フラグ,Extension WiMAX HOME 5G L12/L13,1,,,,,,,,*,wh/img001-ex.jpg,*,wh/img001-ex.jpg,,,,,,,,,,,,,,,,,,,,,,,0,1,en_wh_ex_060,,1,,15700,15700,,5,,,,,,,,,,,,,,,,,37,Extension WiMAX HOME 5G L12/L13
3136,20849,748,2617,Yes,46-[extension]47Days (Value Rental Pack: 2Months Pack),2,カート用延長フラグ,Extension WiMAX HOME 5G L12/L13,1,,,,,,,,*,wh/img001-ex.jpg,*,wh/img001-ex.jpg,,,,,,,,,,,,,,,,,,,,,,,1,1,en_wh_ex_060_bt,,1,,15700,16750,,5,,,,,,,,,,,,,,,,,37,Extension WiMAX HOME 5G L12/L13
3136,20850,747,2617,No,46-[extension]47Days (Value Rental Pack: 2Months Pack),2,カート用延長フラグ,Extension WiMAX HOME 5G L12/L13,1,,,,,,,,*,wh/img001-ex.jpg,*,wh/img001-ex.jpg,,,,,,,,,,,,,,,,,,,,,,,0,1,en_wh_ex_060,,1,,15700,15700,,5,,,,,,,,,,,,,,,,,37,Extension WiMAX HOME 5G L12/L13
3136,20851,748,2618,Yes,47-[extension]48Days (Value Rental Pack: 2Months Pack),2,カート用延長フラグ,Extension WiMAX HOME 5G L12/L13,1,,,,,,,,*,wh/img001-ex.jpg,*,wh/img001-ex.jpg,,,,,,,,,,,,,,,,,,,,,,,1,1,en_wh_ex_060_bt,,1,,15700,16750,,5,,,,,,,,,,,,,,,,,37,Extension WiMAX HOME 5G L12/L13
3136,20852,747,2618,No,47-[extension]48Days (Value Rental Pack: 2Months Pack),2,カート用延長フラグ,Extension WiMAX HOME 5G L12/L13,1,,,,,,,,*,wh/img001-ex.jpg,*,wh/img001-ex.jpg,,,,,,,,,,,,,,,,,,,,,,,0,1,en_wh_ex_060,,1,,15700,15700,,5,,,,,,,,,,,,,,,,,37,Extension WiMAX HOME 5G L12/L13
3136,20853,748,2619,Yes,48-[extension]49Days (Value Rental Pack: 2Months Pack),2,カート用延長フラグ,Extension WiMAX HOME 5G L12/L13,1,,,,,,,,*,wh/img001-ex.jpg,*,wh/img001-ex.jpg,,,,,,,,,,,,,,,,,,,,,,,1,1,en_wh_ex_060_bt,,1,,15700,16750,,5,,,,,,,,,,,,,,,,,37,Extension WiMAX HOME 5G L12/L13
3136,20854,747,2619,No,48-[extension]49Days (Value Rental Pack: 2Months Pack),2,カート用延長フラグ,Extension WiMAX HOME 5G L12/L13,1,,,,,,,,*,wh/img001-ex.jpg,*,wh/img001-ex.jpg,,,,,,,,,,,,,,,,,,,,,,,0,1,en_wh_ex_060,,1,,15700,15700,,5,,,,,,,,,,,,,,,,,37,Extension WiMAX HOME 5G L12/L13
3136,20855,748,2620,Yes,49-[extension]50Days (Value Rental Pack: 2Months Pack),2,カート用延長フラグ,Extension WiMAX HOME 5G L12/L13,1,,,,,,,,*,wh/img001-ex.jpg,*,wh/img001-ex.jpg,,,,,,,,,,,,,,,,,,,,,,,1,1,en_wh_ex_060_bt,,1,,15700,16750,,5,,,,,,,,,,,,,,,,,37,Extension WiMAX HOME 5G L12/L13
3136,20856,747,2620,No,49-[extension]50Days (Value Rental Pack: 2Months Pack),2,カート用延長フラグ,Extension WiMAX HOME 5G L12/L13,1,,,,,,,,*,wh/img001-ex.jpg,*,wh/img001-ex.jpg,,,,,,,,,,,,,,,,,,,,,,,0,1,en_wh_ex_060,,1,,15700,15700,,5,,,,,,,,,,,,,,,,,37,Extension WiMAX HOME 5G L12/L13
3136,20857,748,2621,Yes,50-[extension]51Days (Value Rental Pack: 2Months Pack),2,カート用延長フラグ,Extension WiMAX HOME 5G L12/L13,1,,,,,,,,*,wh/img001-ex.jpg,*,wh/img001-ex.jpg,,,,,,,,,,,,,,,,,,,,,,,1,1,en_wh_ex_060_bt,,1,,15700,16750,,5,,,,,,,,,,,,,,,,,37,Extension WiMAX HOME 5G L12/L13
3136,20858,747,2621,No,50-[extension]51Days (Value Rental Pack: 2Months Pack),2,カート用延長フラグ,Extension WiMAX HOME 5G L12/L13,1,,,,,,,,*,wh/img001-ex.jpg,*,wh/img001-ex.jpg,,,,,,,,,,,,,,,,,,,,,,,0,1,en_wh_ex_060,,1,,15700,15700,,5,,,,,,,,,,,,,,,,,37,Extension WiMAX HOME 5G L12/L13
3136,20859,748,2622,Yes,51-[extension]52Days (Value Rental Pack: 2Months Pack),2,カート用延長フラグ,Extension WiMAX HOME 5G L12/L13,1,,,,,,,,*,wh/img001-ex.jpg,*,wh/img001-ex.jpg,,,,,,,,,,,,,,,,,,,,,,,1,1,en_wh_ex_060_bt,,1,,15700,16750,,5,,,,,,,,,,,,,,,,,37,Extension WiMAX HOME 5G L12/L13
3136,20860,747,2622,No,51-[extension]52Days (Value Rental Pack: 2Months Pack),2,カート用延長フラグ,Extension WiMAX HOME 5G L12/L13,1,,,,,,,,*,wh/img001-ex.jpg,*,wh/img001-ex.jpg,,,,,,,,,,,,,,,,,,,,,,,0,1,en_wh_ex_060,,1,,15700,15700,,5,,,,,,,,,,,,,,,,,37,Extension WiMAX HOME 5G L12/L13
3136,20861,748,2623,Yes,52-[extension]53Days (Value Rental Pack: 2Months Pack),2,カート用延長フラグ,Extension WiMAX HOME 5G L12/L13,1,,,,,,,,*,wh/img001-ex.jpg,*,wh/img001-ex.jpg,,,,,,,,,,,,,,,,,,,,,,,1,1,en_wh_ex_060_bt,,1,,15700,16750,,5,,,,,,,,,,,,,,,,,37,Extension WiMAX HOME 5G L12/L13
3136,20862,747,2623,No,52-[extension]53Days (Value Rental Pack: 2Months Pack),2,カート用延長フラグ,Extension WiMAX HOME 5G L12/L13,1,,,,,,,,*,wh/img001-ex.jpg,*,wh/img001-ex.jpg,,,,,,,,,,,,,,,,,,,,,,,0,1,en_wh_ex_060,,1,,15700,15700,,5,,,,,,,,,,,,,,,,,37,Extension WiMAX HOME 5G L12/L13
3136,20863,748,2624,Yes,53-[extension]54Days (Value Rental Pack: 2Months Pack),2,カート用延長フラグ,Extension WiMAX HOME 5G L12/L13,1,,,,,,,,*,wh/img001-ex.jpg,*,wh/img001-ex.jpg,,,,,,,,,,,,,,,,,,,,,,,1,1,en_wh_ex_060_bt,,1,,15700,16750,,5,,,,,,,,,,,,,,,,,37,Extension WiMAX HOME 5G L12/L13
3136,20864,747,2624,No,53-[extension]54Days (Value Rental Pack: 2Months Pack),2,カート用延長フラグ,Extension WiMAX HOME 5G L12/L13,1,,,,,,,,*,wh/img001-ex.jpg,*,wh/img001-ex.jpg,,,,,,,,,,,,,,,,,,,,,,,0,1,en_wh_ex_060,,1,,15700,15700,,5,,,,,,,,,,,,,,,,,37,Extension WiMAX HOME 5G L12/L13
3136,20865,748,2625,Yes,54-[extension]55Days (Value Rental Pack: 2Months Pack),2,カート用延長フラグ,Extension WiMAX HOME 5G L12/L13,1,,,,,,,,*,wh/img001-ex.jpg,*,wh/img001-ex.jpg,,,,,,,,,,,,,,,,,,,,,,,1,1,en_wh_ex_060_bt,,1,,15700,16750,,5,,,,,,,,,,,,,,,,,37,Extension WiMAX HOME 5G L12/L13
3136,20866,747,2625,No,54-[extension]55Days (Value Rental Pack: 2Months Pack),2,カート用延長フラグ,Extension WiMAX HOME 5G L12/L13,1,,,,,,,,*,wh/img001-ex.jpg,*,wh/img001-ex.jpg,,,,,,,,,,,,,,,,,,,,,,,0,1,en_wh_ex_060,,1,,15700,15700,,5,,,,,,,,,,,,,,,,,37,Extension WiMAX HOME 5G L12/L13
3136,20867,748,2626,Yes,55-[extension]56Days (Value Rental Pack: 2Months Pack),2,カート用延長フラグ,Extension WiMAX HOME 5G L12/L13,1,,,,,,,,*,wh/img001-ex.jpg,*,wh/img001-ex.jpg,,,,,,,,,,,,,,,,,,,,,,,1,1,en_wh_ex_060_bt,,1,,15700,16750,,5,,,,,,,,,,,,,,,,,37,Extension WiMAX HOME 5G L12/L13
3136,20868,747,2626,No,55-[extension]56Days (Value Rental Pack: 2Months Pack),2,カート用延長フラグ,Extension WiMAX HOME 5G L12/L13,1,,,,,,,,*,wh/img001-ex.jpg,*,wh/img001-ex.jpg,,,,,,,,,,,,,,,,,,,,,,,0,1,en_wh_ex_060,,1,,15700,15700,,5,,,,,,,,,,,,,,,,,37,Extension WiMAX HOME 5G L12/L13
3136,20869,748,2627,Yes,56-[extension]57Days (Value Rental Pack: 2Months Pack),2,カート用延長フラグ,Extension WiMAX HOME 5G L12/L13,1,,,,,,,,*,wh/img001-ex.jpg,*,wh/img001-ex.jpg,,,,,,,,,,,,,,,,,,,,,,,1,1,en_wh_ex_060_bt,,1,,15700,16750,,5,,,,,,,,,,,,,,,,,37,Extension WiMAX HOME 5G L12/L13
3136,20870,747,2627,No,56-[extension]57Days (Value Rental Pack: 2Months Pack),2,カート用延長フラグ,Extension WiMAX HOME 5G L12/L13,1,,,,,,,,*,wh/img001-ex.jpg,*,wh/img001-ex.jpg,,,,,,,,,,,,,,,,,,,,,,,0,1,en_wh_ex_060,,1,,15700,15700,,5,,,,,,,,,,,,,,,,,37,Extension WiMAX HOME 5G L12/L13
3136,20871,748,2628,Yes,57-[extension]58Days (Value Rental Pack: 2Months Pack),2,カート用延長フラグ,Extension WiMAX HOME 5G L12/L13,1,,,,,,,,*,wh/img001-ex.jpg,*,wh/img001-ex.jpg,,,,,,,,,,,,,,,,,,,,,,,1,1,en_wh_ex_060_bt,,1,,15700,16750,,5,,,,,,,,,,,,,,,,,37,Extension WiMAX HOME 5G L12/L13
3136,20872,747,2628,No,57-[extension]58Days (Value Rental Pack: 2Months Pack),2,カート用延長フラグ,Extension WiMAX HOME 5G L12/L13,1,,,,,,,,*,wh/img001-ex.jpg,*,wh/img001-ex.jpg,,,,,,,,,,,,,,,,,,,,,,,0,1,en_wh_ex_060,,1,,15700,15700,,5,,,,,,,,,,,,,,,,,37,Extension WiMAX HOME 5G L12/L13
3136,20873,748,2629,Yes,58-[extension]59Days (Value Rental Pack: 2Months Pack),2,カート用延長フラグ,Extension WiMAX HOME 5G L12/L13,1,,,,,,,,*,wh/img001-ex.jpg,*,wh/img001-ex.jpg,,,,,,,,,,,,,,,,,,,,,,,1,1,en_wh_ex_060_bt,,1,,15700,16750,,5,,,,,,,,,,,,,,,,,37,Extension WiMAX HOME 5G L12/L13
3136,20874,747,2629,No,58-[extension]59Days (Value Rental Pack: 2Months Pack),2,カート用延長フラグ,Extension WiMAX HOME 5G L12/L13,1,,,,,,,,*,wh/img001-ex.jpg,*,wh/img001-ex.jpg,,,,,,,,,,,,,,,,,,,,,,,0,1,en_wh_ex_060,,1,,15700,15700,,5,,,,,,,,,,,,,,,,,37,Extension WiMAX HOME 5G L12/L13
3136,20875,748,2630,Yes,59-[extension]60Days (Value Rental Pack: 2Months Pack),2,カート用延長フラグ,Extension WiMAX HOME 5G L12/L13,1,,,,,,,,*,wh/img001-ex.jpg,*,wh/img001-ex.jpg,,,,,,,,,,,,,,,,,,,,,,,1,1,en_wh_ex_060_bt,,1,,15700,16750,,5,,,,,,,,,,,,,,,,,37,Extension WiMAX HOME 5G L12/L13
3136,20876,747,2630,No,59-[extension]60Days (Value Rental Pack: 2Months Pack),2,カート用延長フラグ,Extension WiMAX HOME 5G L12/L13,1,,,,,,,,*,wh/img001-ex.jpg,*,wh/img001-ex.jpg,,,,,,,,,,,,,,,,,,,,,,,0,1,en_wh_ex_060,,1,,15700,15700,,5,,,,,,,,,,,,,,,,,37,Extension WiMAX HOME 5G L12/L13
3136,20877,748,2631,Yes,60-[extension]61Days (Value Rental Pack: 2Months Pack),2,カート用延長フラグ,Extension WiMAX HOME 5G L12/L13,1,,,,,,,,*,wh/img001-ex.jpg,*,wh/img001-ex.jpg,,,,,,,,,,,,,,,,,,,,,,,1,1,en_wh_ex_060_bt,,1,,15700,16750,,5,,,,,,,,,,,,,,,,,37,Extension WiMAX HOME 5G L12/L13
3136,20878,747,2631,No,60-[extension]61Days (Value Rental Pack: 2Months Pack),2,カート用延長フラグ,Extension WiMAX HOME 5G L12/L13,1,,,,,,,,*,wh/img001-ex.jpg,*,wh/img001-ex.jpg,,,,,,,,,,,,,,,,,,,,,,,0,1,en_wh_ex_060,,1,,15700,15700,,5,,,,,,,,,,,,,,,,,37,Extension WiMAX HOME 5G L12/L13
3136,20879,748,2632,Yes,61-[extension]62Days (Value Rental Pack: 2Months Pack + 1Day),2,カート用延長フラグ,Extension WiMAX HOME 5G L12/L13,1,,,,,,,,*,wh/img001-ex.jpg,*,wh/img001-ex.jpg,,,,,,,,,,,,,,,,,,,,,,,1,1,en_wh_ex_061_bt,,1,,16290,17390,,5,,,,,,,,,,,,,,,,,37,Extension WiMAX HOME 5G L12/L13
3136,20880,747,2632,No,61-[extension]62Days (Value Rental Pack: 2Months Pack + 1Day),2,カート用延長フラグ,Extension WiMAX HOME 5G L12/L13,1,,,,,,,,*,wh/img001-ex.jpg,*,wh/img001-ex.jpg,,,,,,,,,,,,,,,,,,,,,,,0,1,en_wh_ex_061,,1,,16290,16290,,5,,,,,,,,,,,,,,,,,37,Extension WiMAX HOME 5G L12/L13
3136,20881,748,2633,Yes,62-[extension]63Days (Value Rental Pack: 2Months Pack + 2Days),2,カート用延長フラグ,Extension WiMAX HOME 5G L12/L13,1,,,,,,,,*,wh/img001-ex.jpg,*,wh/img001-ex.jpg,,,,,,,,,,,,,,,,,,,,,,,1,1,en_wh_ex_062_bt,,1,,16880,18030,,5,,,,,,,,,,,,,,,,,37,Extension WiMAX HOME 5G L12/L13
3136,20882,747,2633,No,62-[extension]63Days (Value Rental Pack: 2Months Pack + 2Days),2,カート用延長フラグ,Extension WiMAX HOME 5G L12/L13,1,,,,,,,,*,wh/img001-ex.jpg,*,wh/img001-ex.jpg,,,,,,,,,,,,,,,,,,,,,,,0,1,en_wh_ex_062,,1,,16880,16880,,5,,,,,,,,,,,,,,,,,37,Extension WiMAX HOME 5G L12/L13
3136,20883,748,2634,Yes,63-[extension]64Days (Value Rental Pack: 2Months Pack + 3Days),2,カート用延長フラグ,Extension WiMAX HOME 5G L12/L13,1,,,,,,,,*,wh/img001-ex.jpg,*,wh/img001-ex.jpg,,,,,,,,,,,,,,,,,,,,,,,1,1,en_wh_ex_063_bt,,1,,17470,18670,,5,,,,,,,,,,,,,,,,,37,Extension WiMAX HOME 5G L12/L13
3136,20884,747,2634,No,63-[extension]64Days (Value Rental Pack: 2Months Pack + 3Days),2,カート用延長フラグ,Extension WiMAX HOME 5G L12/L13,1,,,,,,,,*,wh/img001-ex.jpg,*,wh/img001-ex.jpg,,,,,,,,,,,,,,,,,,,,,,,0,1,en_wh_ex_063,,1,,17470,17470,,5,,,,,,,,,,,,,,,,,37,Extension WiMAX HOME 5G L12/L13
3136,20885,748,2635,Yes,64-[extension]65Days (Value Rental Pack: 2Months Pack + 4Days),2,カート用延長フラグ,Extension WiMAX HOME 5G L12/L13,1,,,,,,,,*,wh/img001-ex.jpg,*,wh/img001-ex.jpg,,,,,,,,,,,,,,,,,,,,,,,1,1,en_wh_ex_064_bt,,1,,18060,19310,,5,,,,,,,,,,,,,,,,,37,Extension WiMAX HOME 5G L12/L13
3136,20886,747,2635,No,64-[extension]65Days (Value Rental Pack: 2Months Pack + 4Days),2,カート用延長フラグ,Extension WiMAX HOME 5G L12/L13,1,,,,,,,,*,wh/img001-ex.jpg,*,wh/img001-ex.jpg,,,,,,,,,,,,,,,,,,,,,,,0,1,en_wh_ex_064,,1,,18060,18060,,5,,,,,,,,,,,,,,,,,37,Extension WiMAX HOME 5G L12/L13
3136,20887,748,2636,Yes,65-[extension]66Days (Value Rental Pack: 2Months Pack + 5Days),2,カート用延長フラグ,Extension WiMAX HOME 5G L12/L13,1,,,,,,,,*,wh/img001-ex.jpg,*,wh/img001-ex.jpg,,,,,,,,,,,,,,,,,,,,,,,1,1,en_wh_ex_065_bt,,1,,18650,19950,,5,,,,,,,,,,,,,,,,,37,Extension WiMAX HOME 5G L12/L13
3136,20888,747,2636,No,65-[extension]66Days (Value Rental Pack: 2Months Pack + 5Days),2,カート用延長フラグ,Extension WiMAX HOME 5G L12/L13,1,,,,,,,,*,wh/img001-ex.jpg,*,wh/img001-ex.jpg,,,,,,,,,,,,,,,,,,,,,,,0,1,en_wh_ex_065,,1,,18650,18650,,5,,,,,,,,,,,,,,,,,37,Extension WiMAX HOME 5G L12/L13
3136,20889,748,2637,Yes,66-[extension]67Days (Value Rental Pack: 2Months Pack + 6Days),2,カート用延長フラグ,Extension WiMAX HOME 5G L12/L13,1,,,,,,,,*,wh/img001-ex.jpg,*,wh/img001-ex.jpg,,,,,,,,,,,,,,,,,,,,,,,1,1,en_wh_ex_066_bt,,1,,19240,20590,,5,,,,,,,,,,,,,,,,,37,Extension WiMAX HOME 5G L12/L13
3136,20890,747,2637,No,66-[extension]67Days (Value Rental Pack: 2Months Pack + 6Days),2,カート用延長フラグ,Extension WiMAX HOME 5G L12/L13,1,,,,,,,,*,wh/img001-ex.jpg,*,wh/img001-ex.jpg,,,,,,,,,,,,,,,,,,,,,,,0,1,en_wh_ex_066,,1,,19240,19240,,5,,,,,,,,,,,,,,,,,37,Extension WiMAX HOME 5G L12/L13
3136,20891,748,2638,Yes,67-[extension]68Days (Value Rental Pack: 2Months Pack + 7Days),2,カート用延長フラグ,Extension WiMAX HOME 5G L12/L13,1,,,,,,,,*,wh/img001-ex.jpg,*,wh/img001-ex.jpg,,,,,,,,,,,,,,,,,,,,,,,1,1,en_wh_ex_067_bt,,1,,19830,21180,,5,,,,,,,,,,,,,,,,,37,Extension WiMAX HOME 5G L12/L13
3136,20892,747,2638,No,67-[extension]68Days (Value Rental Pack: 2Months Pack + 7Days),2,カート用延長フラグ,Extension WiMAX HOME 5G L12/L13,1,,,,,,,,*,wh/img001-ex.jpg,*,wh/img001-ex.jpg,,,,,,,,,,,,,,,,,,,,,,,0,1,en_wh_ex_067,,1,,19830,19830,,5,,,,,,,,,,,,,,,,,37,Extension WiMAX HOME 5G L12/L13
3136,20893,748,2639,Yes,68-[extension]69Days (Value Rental Pack: 2Months Pack + 8Days),2,カート用延長フラグ,Extension WiMAX HOME 5G L12/L13,1,,,,,,,,*,wh/img001-ex.jpg,*,wh/img001-ex.jpg,,,,,,,,,,,,,,,,,,,,,,,1,1,en_wh_ex_068_bt,,1,,20420,21770,,5,,,,,,,,,,,,,,,,,37,Extension WiMAX HOME 5G L12/L13
3136,20894,747,2639,No,68-[extension]69Days (Value Rental Pack: 2Months Pack + 8Days),2,カート用延長フラグ,Extension WiMAX HOME 5G L12/L13,1,,,,,,,,*,wh/img001-ex.jpg,*,wh/img001-ex.jpg,,,,,,,,,,,,,,,,,,,,,,,0,1,en_wh_ex_068,,1,,20420,20420,,5,,,,,,,,,,,,,,,,,37,Extension WiMAX HOME 5G L12/L13
3136,20895,748,2640,Yes,69-[extension]70Days (Value Rental Pack: 2Months Pack + 9Days),2,カート用延長フラグ,Extension WiMAX HOME 5G L12/L13,1,,,,,,,,*,wh/img001-ex.jpg,*,wh/img001-ex.jpg,,,,,,,,,,,,,,,,,,,,,,,1,1,en_wh_ex_069_bt,,1,,21010,22360,,5,,,,,,,,,,,,,,,,,37,Extension WiMAX HOME 5G L12/L13
3136,20896,747,2640,No,69-[extension]70Days (Value Rental Pack: 2Months Pack + 9Days),2,カート用延長フラグ,Extension WiMAX HOME 5G L12/L13,1,,,,,,,,*,wh/img001-ex.jpg,*,wh/img001-ex.jpg,,,,,,,,,,,,,,,,,,,,,,,0,1,en_wh_ex_069,,1,,21010,21010,,5,,,,,,,,,,,,,,,,,37,Extension WiMAX HOME 5G L12/L13
3136,20897,748,2641,Yes,70-[extension]71Days (Value Rental Pack: 2Months Pack + 10Days),2,カート用延長フラグ,Extension WiMAX HOME 5G L12/L13,1,,,,,,,,*,wh/img001-ex.jpg,*,wh/img001-ex.jpg,,,,,,,,,,,,,,,,,,,,,,,1,1,en_wh_ex_070_bt,,1,,21600,22950,,5,,,,,,,,,,,,,,,,,37,Extension WiMAX HOME 5G L12/L13
3136,20898,747,2641,No,70-[extension]71Days (Value Rental Pack: 2Months Pack + 10Days),2,カート用延長フラグ,Extension WiMAX HOME 5G L12/L13,1,,,,,,,,*,wh/img001-ex.jpg,*,wh/img001-ex.jpg,,,,,,,,,,,,,,,,,,,,,,,0,1,en_wh_ex_070,,1,,21600,21600,,5,,,,,,,,,,,,,,,,,37,Extension WiMAX HOME 5G L12/L13
3136,20899,748,2642,Yes,71-[extension]72Days (Value Rental Pack: 3Months Pack),2,カート用延長フラグ,Extension WiMAX HOME 5G L12/L13,1,,,,,,,,*,wh/img001-ex.jpg,*,wh/img001-ex.jpg,,,,,,,,,,,,,,,,,,,,,,,1,1,en_wh_ex_090_bt,,1,,22000,23350,,5,,,,,,,,,,,,,,,,,37,Extension WiMAX HOME 5G L12/L13
3136,20900,747,2642,No,71-[extension]72Days (Value Rental Pack: 3Months Pack),2,カート用延長フラグ,Extension WiMAX HOME 5G L12/L13,1,,,,,,,,*,wh/img001-ex.jpg,*,wh/img001-ex.jpg,,,,,,,,,,,,,,,,,,,,,,,0,1,en_wh_ex_090,,1,,22000,22000,,5,,,,,,,,,,,,,,,,,37,Extension WiMAX HOME 5G L12/L13
3136,20901,748,2643,Yes,72-[extension]73Days (Value Rental Pack: 3Months Pack),2,カート用延長フラグ,Extension WiMAX HOME 5G L12/L13,1,,,,,,,,*,wh/img001-ex.jpg,*,wh/img001-ex.jpg,,,,,,,,,,,,,,,,,,,,,,,1,1,en_wh_ex_090_bt,,1,,22000,23350,,5,,,,,,,,,,,,,,,,,37,Extension WiMAX HOME 5G L12/L13
3136,20902,747,2643,No,72-[extension]73Days (Value Rental Pack: 3Months Pack),2,カート用延長フラグ,Extension WiMAX HOME 5G L12/L13,1,,,,,,,,*,wh/img001-ex.jpg,*,wh/img001-ex.jpg,,,,,,,,,,,,,,,,,,,,,,,0,1,en_wh_ex_090,,1,,22000,22000,,5,,,,,,,,,,,,,,,,,37,Extension WiMAX HOME 5G L12/L13
3136,20903,748,2644,Yes,73-[extension]74Days (Value Rental Pack: 3Months Pack),2,カート用延長フラグ,Extension WiMAX HOME 5G L12/L13,1,,,,,,,,*,wh/img001-ex.jpg,*,wh/img001-ex.jpg,,,,,,,,,,,,,,,,,,,,,,,1,1,en_wh_ex_090_bt,,1,,22000,23350,,5,,,,,,,,,,,,,,,,,37,Extension WiMAX HOME 5G L12/L13
3136,20904,747,2644,No,73-[extension]74Days (Value Rental Pack: 3Months Pack),2,カート用延長フラグ,Extension WiMAX HOME 5G L12/L13,1,,,,,,,,*,wh/img001-ex.jpg,*,wh/img001-ex.jpg,,,,,,,,,,,,,,,,,,,,,,,0,1,en_wh_ex_090,,1,,22000,22000,,5,,,,,,,,,,,,,,,,,37,Extension WiMAX HOME 5G L12/L13
3136,20905,748,2645,Yes,74-[extension]75Days (Value Rental Pack: 3Months Pack),2,カート用延長フラグ,Extension WiMAX HOME 5G L12/L13,1,,,,,,,,*,wh/img001-ex.jpg,*,wh/img001-ex.jpg,,,,,,,,,,,,,,,,,,,,,,,1,1,en_wh_ex_090_bt,,1,,22000,23350,,5,,,,,,,,,,,,,,,,,37,Extension WiMAX HOME 5G L12/L13
3136,20906,747,2645,No,74-[extension]75Days (Value Rental Pack: 3Months Pack),2,カート用延長フラグ,Extension WiMAX HOME 5G L12/L13,1,,,,,,,,*,wh/img001-ex.jpg,*,wh/img001-ex.jpg,,,,,,,,,,,,,,,,,,,,,,,0,1,en_wh_ex_090,,1,,22000,22000,,5,,,,,,,,,,,,,,,,,37,Extension WiMAX HOME 5G L12/L13
3136,20907,748,2646,Yes,75-[extension]76Days (Value Rental Pack: 3Months Pack),2,カート用延長フラグ,Extension WiMAX HOME 5G L12/L13,1,,,,,,,,*,wh/img001-ex.jpg,*,wh/img001-ex.jpg,,,,,,,,,,,,,,,,,,,,,,,1,1,en_wh_ex_090_bt,,1,,22000,23350,,5,,,,,,,,,,,,,,,,,37,Extension WiMAX HOME 5G L12/L13
3136,20908,747,2646,No,75-[extension]76Days (Value Rental Pack: 3Months Pack),2,カート用延長フラグ,Extension WiMAX HOME 5G L12/L13,1,,,,,,,,*,wh/img001-ex.jpg,*,wh/img001-ex.jpg,,,,,,,,,,,,,,,,,,,,,,,0,1,en_wh_ex_090,,1,,22000,22000,,5,,,,,,,,,,,,,,,,,37,Extension WiMAX HOME 5G L12/L13
3136,20909,748,2647,Yes,76-[extension]77Days (Value Rental Pack: 3Months Pack),2,カート用延長フラグ,Extension WiMAX HOME 5G L12/L13,1,,,,,,,,*,wh/img001-ex.jpg,*,wh/img001-ex.jpg,,,,,,,,,,,,,,,,,,,,,,,1,1,en_wh_ex_090_bt,,1,,22000,23350,,5,,,,,,,,,,,,,,,,,37,Extension WiMAX HOME 5G L12/L13
3136,20910,747,2647,No,76-[extension]77Days (Value Rental Pack: 3Months Pack),2,カート用延長フラグ,Extension WiMAX HOME 5G L12/L13,1,,,,,,,,*,wh/img001-ex.jpg,*,wh/img001-ex.jpg,,,,,,,,,,,,,,,,,,,,,,,0,1,en_wh_ex_090,,1,,22000,22000,,5,,,,,,,,,,,,,,,,,37,Extension WiMAX HOME 5G L12/L13
3136,20911,748,2648,Yes,77-[extension]78Days (Value Rental Pack: 3Months Pack),2,カート用延長フラグ,Extension WiMAX HOME 5G L12/L13,1,,,,,,,,*,wh/img001-ex.jpg,*,wh/img001-ex.jpg,,,,,,,,,,,,,,,,,,,,,,,1,1,en_wh_ex_090_bt,,1,,22000,23350,,5,,,,,,,,,,,,,,,,,37,Extension WiMAX HOME 5G L12/L13
3136,20912,747,2648,No,77-[extension]78Days (Value Rental Pack: 3Months Pack),2,カート用延長フラグ,Extension WiMAX HOME 5G L12/L13,1,,,,,,,,*,wh/img001-ex.jpg,*,wh/img001-ex.jpg,,,,,,,,,,,,,,,,,,,,,,,0,1,en_wh_ex_090,,1,,22000,22000,,5,,,,,,,,,,,,,,,,,37,Extension WiMAX HOME 5G L12/L13
3136,20913,748,2649,Yes,78-[extension]79Days (Value Rental Pack: 3Months Pack),2,カート用延長フラグ,Extension WiMAX HOME 5G L12/L13,1,,,,,,,,*,wh/img001-ex.jpg,*,wh/img001-ex.jpg,,,,,,,,,,,,,,,,,,,,,,,1,1,en_wh_ex_090_bt,,1,,22000,23350,,5,,,,,,,,,,,,,,,,,37,Extension WiMAX HOME 5G L12/L13
3136,20914,747,2649,No,78-[extension]79Days (Value Rental Pack: 3Months Pack),2,カート用延長フラグ,Extension WiMAX HOME 5G L12/L13,1,,,,,,,,*,wh/img001-ex.jpg,*,wh/img001-ex.jpg,,,,,,,,,,,,,,,,,,,,,,,0,1,en_wh_ex_090,,1,,22000,22000,,5,,,,,,,,,,,,,,,,,37,Extension WiMAX HOME 5G L12/L13
3136,20915,748,2650,Yes,79-[extension]80Days (Value Rental Pack: 3Months Pack),2,カート用延長フラグ,Extension WiMAX HOME 5G L12/L13,1,,,,,,,,*,wh/img001-ex.jpg,*,wh/img001-ex.jpg,,,,,,,,,,,,,,,,,,,,,,,1,1,en_wh_ex_090_bt,,1,,22000,23350,,5,,,,,,,,,,,,,,,,,37,Extension WiMAX HOME 5G L12/L13
3136,20916,747,2650,No,79-[extension]80Days (Value Rental Pack: 3Months Pack),2,カート用延長フラグ,Extension WiMAX HOME 5G L12/L13,1,,,,,,,,*,wh/img001-ex.jpg,*,wh/img001-ex.jpg,,,,,,,,,,,,,,,,,,,,,,,0,1,en_wh_ex_090,,1,,22000,22000,,5,,,,,,,,,,,,,,,,,37,Extension WiMAX HOME 5G L12/L13
3136,20917,748,2651,Yes,80-[extension]81Days (Value Rental Pack: 3Months Pack),2,カート用延長フラグ,Extension WiMAX HOME 5G L12/L13,1,,,,,,,,*,wh/img001-ex.jpg,*,wh/img001-ex.jpg,,,,,,,,,,,,,,,,,,,,,,,1,1,en_wh_ex_090_bt,,1,,22000,23350,,5,,,,,,,,,,,,,,,,,37,Extension WiMAX HOME 5G L12/L13
3136,20918,747,2651,No,80-[extension]81Days (Value Rental Pack: 3Months Pack),2,カート用延長フラグ,Extension WiMAX HOME 5G L12/L13,1,,,,,,,,*,wh/img001-ex.jpg,*,wh/img001-ex.jpg,,,,,,,,,,,,,,,,,,,,,,,0,1,en_wh_ex_090,,1,,22000,22000,,5,,,,,,,,,,,,,,,,,37,Extension WiMAX HOME 5G L12/L13
3136,20919,748,2652,Yes,81-[extension]82Days (Value Rental Pack: 3Months Pack),2,カート用延長フラグ,Extension WiMAX HOME 5G L12/L13,1,,,,,,,,*,wh/img001-ex.jpg,*,wh/img001-ex.jpg,,,,,,,,,,,,,,,,,,,,,,,1,1,en_wh_ex_090_bt,,1,,22000,23350,,5,,,,,,,,,,,,,,,,,37,Extension WiMAX HOME 5G L12/L13
3136,20920,747,2652,No,81-[extension]82Days (Value Rental Pack: 3Months Pack),2,カート用延長フラグ,Extension WiMAX HOME 5G L12/L13,1,,,,,,,,*,wh/img001-ex.jpg,*,wh/img001-ex.jpg,,,,,,,,,,,,,,,,,,,,,,,0,1,en_wh_ex_090,,1,,22000,22000,,5,,,,,,,,,,,,,,,,,37,Extension WiMAX HOME 5G L12/L13
3136,20921,748,2653,Yes,82-[extension]83Days (Value Rental Pack: 3Months Pack),2,カート用延長フラグ,Extension WiMAX HOME 5G L12/L13,1,,,,,,,,*,wh/img001-ex.jpg,*,wh/img001-ex.jpg,,,,,,,,,,,,,,,,,,,,,,,1,1,en_wh_ex_090_bt,,1,,22000,23350,,5,,,,,,,,,,,,,,,,,37,Extension WiMAX HOME 5G L12/L13
3136,20922,747,2653,No,82-[extension]83Days (Value Rental Pack: 3Months Pack),2,カート用延長フラグ,Extension WiMAX HOME 5G L12/L13,1,,,,,,,,*,wh/img001-ex.jpg,*,wh/img001-ex.jpg,,,,,,,,,,,,,,,,,,,,,,,0,1,en_wh_ex_090,,1,,22000,22000,,5,,,,,,,,,,,,,,,,,37,Extension WiMAX HOME 5G L12/L13
3136,20923,748,2654,Yes,83-[extension]84Days (Value Rental Pack: 3Months Pack),2,カート用延長フラグ,Extension WiMAX HOME 5G L12/L13,1,,,,,,,,*,wh/img001-ex.jpg,*,wh/img001-ex.jpg,,,,,,,,,,,,,,,,,,,,,,,1,1,en_wh_ex_090_bt,,1,,22000,23350,,5,,,,,,,,,,,,,,,,,37,Extension WiMAX HOME 5G L12/L13
3136,20924,747,2654,No,83-[extension]84Days (Value Rental Pack: 3Months Pack),2,カート用延長フラグ,Extension WiMAX HOME 5G L12/L13,1,,,,,,,,*,wh/img001-ex.jpg,*,wh/img001-ex.jpg,,,,,,,,,,,,,,,,,,,,,,,0,1,en_wh_ex_090,,1,,22000,22000,,5,,,,,,,,,,,,,,,,,37,Extension WiMAX HOME 5G L12/L13
3136,20925,748,2655,Yes,84-[extension]85Days (Value Rental Pack: 3Months Pack),2,カート用延長フラグ,Extension WiMAX HOME 5G L12/L13,1,,,,,,,,*,wh/img001-ex.jpg,*,wh/img001-ex.jpg,,,,,,,,,,,,,,,,,,,,,,,1,1,en_wh_ex_090_bt,,1,,22000,23350,,5,,,,,,,,,,,,,,,,,37,Extension WiMAX HOME 5G L12/L13
3136,20926,747,2655,No,84-[extension]85Days (Value Rental Pack: 3Months Pack),2,カート用延長フラグ,Extension WiMAX HOME 5G L12/L13,1,,,,,,,,*,wh/img001-ex.jpg,*,wh/img001-ex.jpg,,,,,,,,,,,,,,,,,,,,,,,0,1,en_wh_ex_090,,1,,22000,22000,,5,,,,,,,,,,,,,,,,,37,Extension WiMAX HOME 5G L12/L13
3136,20927,748,2656,Yes,85-[extension]86Days (Value Rental Pack: 3Months Pack),2,カート用延長フラグ,Extension WiMAX HOME 5G L12/L13,1,,,,,,,,*,wh/img001-ex.jpg,*,wh/img001-ex.jpg,,,,,,,,,,,,,,,,,,,,,,,1,1,en_wh_ex_090_bt,,1,,22000,23350,,5,,,,,,,,,,,,,,,,,37,Extension WiMAX HOME 5G L12/L13
3136,20928,747,2656,No,85-[extension]86Days (Value Rental Pack: 3Months Pack),2,カート用延長フラグ,Extension WiMAX HOME 5G L12/L13,1,,,,,,,,*,wh/img001-ex.jpg,*,wh/img001-ex.jpg,,,,,,,,,,,,,,,,,,,,,,,0,1,en_wh_ex_090,,1,,22000,22000,,5,,,,,,,,,,,,,,,,,37,Extension WiMAX HOME 5G L12/L13
3136,20929,748,2657,Yes,86-[extension]87Days (Value Rental Pack: 3Months Pack),2,カート用延長フラグ,Extension WiMAX HOME 5G L12/L13,1,,,,,,,,*,wh/img001-ex.jpg,*,wh/img001-ex.jpg,,,,,,,,,,,,,,,,,,,,,,,1,1,en_wh_ex_090_bt,,1,,22000,23350,,5,,,,,,,,,,,,,,,,,37,Extension WiMAX HOME 5G L12/L13
3136,20930,747,2657,No,86-[extension]87Days (Value Rental Pack: 3Months Pack),2,カート用延長フラグ,Extension WiMAX HOME 5G L12/L13,1,,,,,,,,*,wh/img001-ex.jpg,*,wh/img001-ex.jpg,,,,,,,,,,,,,,,,,,,,,,,0,1,en_wh_ex_090,,1,,22000,22000,,5,,,,,,,,,,,,,,,,,37,Extension WiMAX HOME 5G L12/L13
3136,20931,748,2658,Yes,87-[extension]88Days (Value Rental Pack: 3Months Pack),2,カート用延長フラグ,Extension WiMAX HOME 5G L12/L13,1,,,,,,,,*,wh/img001-ex.jpg,*,wh/img001-ex.jpg,,,,,,,,,,,,,,,,,,,,,,,1,1,en_wh_ex_090_bt,,1,,22000,23350,,5,,,,,,,,,,,,,,,,,37,Extension WiMAX HOME 5G L12/L13
3136,20932,747,2658,No,87-[extension]88Days (Value Rental Pack: 3Months Pack),2,カート用延長フラグ,Extension WiMAX HOME 5G L12/L13,1,,,,,,,,*,wh/img001-ex.jpg,*,wh/img001-ex.jpg,,,,,,,,,,,,,,,,,,,,,,,0,1,en_wh_ex_090,,1,,22000,22000,,5,,,,,,,,,,,,,,,,,37,Extension WiMAX HOME 5G L12/L13
3136,20933,748,2659,Yes,88-[extension]89Days (Value Rental Pack: 3Months Pack),2,カート用延長フラグ,Extension WiMAX HOME 5G L12/L13,1,,,,,,,,*,wh/img001-ex.jpg,*,wh/img001-ex.jpg,,,,,,,,,,,,,,,,,,,,,,,1,1,en_wh_ex_090_bt,,1,,22000,23350,,5,,,,,,,,,,,,,,,,,37,Extension WiMAX HOME 5G L12/L13
3136,20934,747,2659,No,88-[extension]89Days (Value Rental Pack: 3Months Pack),2,カート用延長フラグ,Extension WiMAX HOME 5G L12/L13,1,,,,,,,,*,wh/img001-ex.jpg,*,wh/img001-ex.jpg,,,,,,,,,,,,,,,,,,,,,,,0,1,en_wh_ex_090,,1,,22000,22000,,5,,,,,,,,,,,,,,,,,37,Extension WiMAX HOME 5G L12/L13
3136,20935,748,2660,Yes,89-[extension]90Days (Value Rental Pack: 3Months Pack),2,カート用延長フラグ,Extension WiMAX HOME 5G L12/L13,1,,,,,,,,*,wh/img001-ex.jpg,*,wh/img001-ex.jpg,,,,,,,,,,,,,,,,,,,,,,,1,1,en_wh_ex_090_bt,,1,,22000,23350,,5,,,,,,,,,,,,,,,,,37,Extension WiMAX HOME 5G L12/L13
3136,20936,747,2660,No,89-[extension]90Days (Value Rental Pack: 3Months Pack),2,カート用延長フラグ,Extension WiMAX HOME 5G L12/L13,1,,,,,,,,*,wh/img001-ex.jpg,*,wh/img001-ex.jpg,,,,,,,,,,,,,,,,,,,,,,,0,1,en_wh_ex_090,,1,,22000,22000,,5,,,,,,,,,,,,,,,,,37,Extension WiMAX HOME 5G L12/L13
3136,20937,748,2661,Yes,90-[extension]91Days (Value Rental Pack: 3Months Pack),2,カート用延長フラグ,Extension WiMAX HOME 5G L12/L13,1,,,,,,,,*,wh/img001-ex.jpg,*,wh/img001-ex.jpg,,,,,,,,,,,,,,,,,,,,,,,1,1,en_wh_ex_090_bt,,1,,22000,23350,,5,,,,,,,,,,,,,,,,,37,Extension WiMAX HOME 5G L12/L13
3136,20938,747,2661,No,90-[extension]91Days (Value Rental Pack: 3Months Pack),2,カート用延長フラグ,Extension WiMAX HOME 5G L12/L13,1,,,,,,,,*,wh/img001-ex.jpg,*,wh/img001-ex.jpg,,,,,,,,,,,,,,,,,,,,,,,0,1,en_wh_ex_090,,1,,22000,22000,,5,,,,,,,,,,,,,,,,,37,Extension WiMAX HOME 5G L12/L13
3136,20939,748,2662,Yes,91-[extension]92Days (Value Rental Pack: 3Months Pack + 1Day),2,カート用延長フラグ,Extension WiMAX HOME 5G L12/L13,1,,,,,,,,*,wh/img001-ex.jpg,*,wh/img001-ex.jpg,,,,,,,,,,,,,,,,,,,,,,,1,1,en_wh_ex_091_bt,,1,,22590,23990,,5,,,,,,,,,,,,,,,,,37,Extension WiMAX HOME 5G L12/L13
3136,20940,747,2662,No,91-[extension]92Days (Value Rental Pack: 3Months Pack + 1Day),2,カート用延長フラグ,Extension WiMAX HOME 5G L12/L13,1,,,,,,,,*,wh/img001-ex.jpg,*,wh/img001-ex.jpg,,,,,,,,,,,,,,,,,,,,,,,0,1,en_wh_ex_091,,1,,22590,22590,,5,,,,,,,,,,,,,,,,,37,Extension WiMAX HOME 5G L12/L13
3136,20941,748,2663,Yes,92-[extension]93Days (Value Rental Pack: 3Months Pack + 2Days),2,カート用延長フラグ,Extension WiMAX HOME 5G L12/L13,1,,,,,,,,*,wh/img001-ex.jpg,*,wh/img001-ex.jpg,,,,,,,,,,,,,,,,,,,,,,,1,1,en_wh_ex_092_bt,,1,,23180,24630,,5,,,,,,,,,,,,,,,,,37,Extension WiMAX HOME 5G L12/L13
3136,20942,747,2663,No,92-[extension]93Days (Value Rental Pack: 3Months Pack + 2Days),2,カート用延長フラグ,Extension WiMAX HOME 5G L12/L13,1,,,,,,,,*,wh/img001-ex.jpg,*,wh/img001-ex.jpg,,,,,,,,,,,,,,,,,,,,,,,0,1,en_wh_ex_092,,1,,23180,23180,,5,,,,,,,,,,,,,,,,,37,Extension WiMAX HOME 5G L12/L13
3136,20943,748,2664,Yes,93-[extension]94Days (Value Rental Pack: 3Months Pack + 3Days),2,カート用延長フラグ,Extension WiMAX HOME 5G L12/L13,1,,,,,,,,*,wh/img001-ex.jpg,*,wh/img001-ex.jpg,,,,,,,,,,,,,,,,,,,,,,,1,1,en_wh_ex_093_bt,,1,,23770,25270,,5,,,,,,,,,,,,,,,,,37,Extension WiMAX HOME 5G L12/L13
3136,20944,747,2664,No,93-[extension]94Days (Value Rental Pack: 3Months Pack + 3Days),2,カート用延長フラグ,Extension WiMAX HOME 5G L12/L13,1,,,,,,,,*,wh/img001-ex.jpg,*,wh/img001-ex.jpg,,,,,,,,,,,,,,,,,,,,,,,0,1,en_wh_ex_093,,1,,23770,23770,,5,,,,,,,,,,,,,,,,,37,Extension WiMAX HOME 5G L12/L13
3136,20945,748,2665,Yes,94-[extension]95Days (Value Rental Pack: 3Months Pack + 4Days),2,カート用延長フラグ,Extension WiMAX HOME 5G L12/L13,1,,,,,,,,*,wh/img001-ex.jpg,*,wh/img001-ex.jpg,,,,,,,,,,,,,,,,,,,,,,,1,1,en_wh_ex_094_bt,,1,,24360,25910,,5,,,,,,,,,,,,,,,,,37,Extension WiMAX HOME 5G L12/L13
3136,20946,747,2665,No,94-[extension]95Days (Value Rental Pack: 3Months Pack + 4Days),2,カート用延長フラグ,Extension WiMAX HOME 5G L12/L13,1,,,,,,,,*,wh/img001-ex.jpg,*,wh/img001-ex.jpg,,,,,,,,,,,,,,,,,,,,,,,0,1,en_wh_ex_094,,1,,24360,24360,,5,,,,,,,,,,,,,,,,,37,Extension WiMAX HOME 5G L12/L13
3136,20947,748,2666,Yes,95-[extension]96Days (Value Rental Pack: 3Months Pack + 5Days),2,カート用延長フラグ,Extension WiMAX HOME 5G L12/L13,1,,,,,,,,*,wh/img001-ex.jpg,*,wh/img001-ex.jpg,,,,,,,,,,,,,,,,,,,,,,,1,1,en_wh_ex_095_bt,,1,,24950,26550,,5,,,,,,,,,,,,,,,,,37,Extension WiMAX HOME 5G L12/L13
3136,20948,747,2666,No,95-[extension]96Days (Value Rental Pack: 3Months Pack + 5Days),2,カート用延長フラグ,Extension WiMAX HOME 5G L12/L13,1,,,,,,,,*,wh/img001-ex.jpg,*,wh/img001-ex.jpg,,,,,,,,,,,,,,,,,,,,,,,0,1,en_wh_ex_095,,1,,24950,24950,,5,,,,,,,,,,,,,,,,,37,Extension WiMAX HOME 5G L12/L13
3136,20949,748,2667,Yes,96-[extension]97Days (Value Rental Pack: 3Months Pack + 6Days),2,カート用延長フラグ,Extension WiMAX HOME 5G L12/L13,1,,,,,,,,*,wh/img001-ex.jpg,*,wh/img001-ex.jpg,,,,,,,,,,,,,,,,,,,,,,,1,1,en_wh_ex_096_bt,,1,,25540,27190,,5,,,,,,,,,,,,,,,,,37,Extension WiMAX HOME 5G L12/L13
3136,20950,747,2667,No,96-[extension]97Days (Value Rental Pack: 3Months Pack + 6Days),2,カート用延長フラグ,Extension WiMAX HOME 5G L12/L13,1,,,,,,,,*,wh/img001-ex.jpg,*,wh/img001-ex.jpg,,,,,,,,,,,,,,,,,,,,,,,0,1,en_wh_ex_096,,1,,25540,25540,,5,,,,,,,,,,,,,,,,,37,Extension WiMAX HOME 5G L12/L13
3136,20951,748,2668,Yes,97-[extension]98Days (Value Rental Pack: 3Months Pack + 7Days),2,カート用延長フラグ,Extension WiMAX HOME 5G L12/L13,1,,,,,,,,*,wh/img001-ex.jpg,*,wh/img001-ex.jpg,,,,,,,,,,,,,,,,,,,,,,,1,1,en_wh_ex_097_bt,,1,,26130,27780,,5,,,,,,,,,,,,,,,,,37,Extension WiMAX HOME 5G L12/L13
3136,20952,747,2668,No,97-[extension]98Days (Value Rental Pack: 3Months Pack + 7Days),2,カート用延長フラグ,Extension WiMAX HOME 5G L12/L13,1,,,,,,,,*,wh/img001-ex.jpg,*,wh/img001-ex.jpg,,,,,,,,,,,,,,,,,,,,,,,0,1,en_wh_ex_097,,1,,26130,26130,,5,,,,,,,,,,,,,,,,,37,Extension WiMAX HOME 5G L12/L13
3136,20953,748,2669,Yes,98-[extension]99Days (Value Rental Pack: 3Months Pack + 8Days),2,カート用延長フラグ,Extension WiMAX HOME 5G L12/L13,1,,,,,,,,*,wh/img001-ex.jpg,*,wh/img001-ex.jpg,,,,,,,,,,,,,,,,,,,,,,,1,1,en_wh_ex_098_bt,,1,,26720,28370,,5,,,,,,,,,,,,,,,,,37,Extension WiMAX HOME 5G L12/L13
3136,20954,747,2669,No,98-[extension]99Days (Value Rental Pack: 3Months Pack + 8Days),2,カート用延長フラグ,Extension WiMAX HOME 5G L12/L13,1,,,,,,,,*,wh/img001-ex.jpg,*,wh/img001-ex.jpg,,,,,,,,,,,,,,,,,,,,,,,0,1,en_wh_ex_098,,1,,26720,26720,,5,,,,,,,,,,,,,,,,,37,Extension WiMAX HOME 5G L12/L13
3136,20955,748,2670,Yes,99-[extension]100Days (Value Rental Pack: 3Months Pack + 9Days),2,カート用延長フラグ,Extension WiMAX HOME 5G L12/L13,1,,,,,,,,*,wh/img001-ex.jpg,*,wh/img001-ex.jpg,,,,,,,,,,,,,,,,,,,,,,,1,1,en_wh_ex_099_bt,,1,,27310,28960,,5,,,,,,,,,,,,,,,,,37,Extension WiMAX HOME 5G L12/L13
3136,20956,747,2670,No,99-[extension]100Days (Value Rental Pack: 3Months Pack + 9Days),2,カート用延長フラグ,Extension WiMAX HOME 5G L12/L13,1,,,,,,,,*,wh/img001-ex.jpg,*,wh/img001-ex.jpg,,,,,,,,,,,,,,,,,,,,,,,0,1,en_wh_ex_099,,1,,27310,27310,,5,,,,,,,,,,,,,,,,,37,Extension WiMAX HOME 5G L12/L13
3136,20957,748,2671,Yes,100-[extension]101Days (Value Rental Pack: 4Months Pack),2,カート用延長フラグ,Extension WiMAX HOME 5G L12/L13,1,,,,,,,,*,wh/img001-ex.jpg,*,wh/img001-ex.jpg,,,,,,,,,,,,,,,,,,,,,,,1,1,en_wh_ex_120_bt,,1,,27600,29250,,5,,,,,,,,,,,,,,,,,37,Extension WiMAX HOME 5G L12/L13
3136,20958,747,2671,No,100-[extension]101Days (Value Rental Pack: 4Months Pack),2,カート用延長フラグ,Extension WiMAX HOME 5G L12/L13,1,,,,,,,,*,wh/img001-ex.jpg,*,wh/img001-ex.jpg,,,,,,,,,,,,,,,,,,,,,,,0,1,en_wh_ex_120,,1,,27600,27600,,5,,,,,,,,,,,,,,,,,37,Extension WiMAX HOME 5G L12/L13
3136,20959,748,2672,Yes,101-[extension]102Days (Value Rental Pack: 4Months Pack),2,カート用延長フラグ,Extension WiMAX HOME 5G L12/L13,1,,,,,,,,*,wh/img001-ex.jpg,*,wh/img001-ex.jpg,,,,,,,,,,,,,,,,,,,,,,,1,1,en_wh_ex_120_bt,,1,,27600,29250,,5,,,,,,,,,,,,,,,,,37,Extension WiMAX HOME 5G L12/L13
3136,20960,747,2672,No,101-[extension]102Days (Value Rental Pack: 4Months Pack),2,カート用延長フラグ,Extension WiMAX HOME 5G L12/L13,1,,,,,,,,*,wh/img001-ex.jpg,*,wh/img001-ex.jpg,,,,,,,,,,,,,,,,,,,,,,,0,1,en_wh_ex_120,,1,,27600,27600,,5,,,,,,,,,,,,,,,,,37,Extension WiMAX HOME 5G L12/L13
3136,20961,748,2673,Yes,102-[extension]103Days (Value Rental Pack: 4Months Pack),2,カート用延長フラグ,Extension WiMAX HOME 5G L12/L13,1,,,,,,,,*,wh/img001-ex.jpg,*,wh/img001-ex.jpg,,,,,,,,,,,,,,,,,,,,,,,1,1,en_wh_ex_120_bt,,1,,27600,29250,,5,,,,,,,,,,,,,,,,,37,Extension WiMAX HOME 5G L12/L13
3136,20962,747,2673,No,102-[extension]103Days (Value Rental Pack: 4Months Pack),2,カート用延長フラグ,Extension WiMAX HOME 5G L12/L13,1,,,,,,,,*,wh/img001-ex.jpg,*,wh/img001-ex.jpg,,,,,,,,,,,,,,,,,,,,,,,0,1,en_wh_ex_120,,1,,27600,27600,,5,,,,,,,,,,,,,,,,,37,Extension WiMAX HOME 5G L12/L13
3136,20963,748,2674,Yes,103-[extension]104Days (Value Rental Pack: 4Months Pack),2,カート用延長フラグ,Extension WiMAX HOME 5G L12/L13,1,,,,,,,,*,wh/img001-ex.jpg,*,wh/img001-ex.jpg,,,,,,,,,,,,,,,,,,,,,,,1,1,en_wh_ex_120_bt,,1,,27600,29250,,5,,,,,,,,,,,,,,,,,37,Extension WiMAX HOME 5G L12/L13
3136,20964,747,2674,No,103-[extension]104Days (Value Rental Pack: 4Months Pack),2,カート用延長フラグ,Extension WiMAX HOME 5G L12/L13,1,,,,,,,,*,wh/img001-ex.jpg,*,wh/img001-ex.jpg,,,,,,,,,,,,,,,,,,,,,,,0,1,en_wh_ex_120,,1,,27600,27600,,5,,,,,,,,,,,,,,,,,37,Extension WiMAX HOME 5G L12/L13
3136,20965,748,2675,Yes,104-[extension]105Days (Value Rental Pack: 4Months Pack),2,カート用延長フラグ,Extension WiMAX HOME 5G L12/L13,1,,,,,,,,*,wh/img001-ex.jpg,*,wh/img001-ex.jpg,,,,,,,,,,,,,,,,,,,,,,,1,1,en_wh_ex_120_bt,,1,,27600,29250,,5,,,,,,,,,,,,,,,,,37,Extension WiMAX HOME 5G L12/L13
3136,20966,747,2675,No,104-[extension]105Days (Value Rental Pack: 4Months Pack),2,カート用延長フラグ,Extension WiMAX HOME 5G L12/L13,1,,,,,,,,*,wh/img001-ex.jpg,*,wh/img001-ex.jpg,,,,,,,,,,,,,,,,,,,,,,,0,1,en_wh_ex_120,,1,,27600,27600,,5,,,,,,,,,,,,,,,,,37,Extension WiMAX HOME 5G L12/L13
3136,20967,748,2676,Yes,105-[extension]106Days (Value Rental Pack: 4Months Pack),2,カート用延長フラグ,Extension WiMAX HOME 5G L12/L13,1,,,,,,,,*,wh/img001-ex.jpg,*,wh/img001-ex.jpg,,,,,,,,,,,,,,,,,,,,,,,1,1,en_wh_ex_120_bt,,1,,27600,29250,,5,,,,,,,,,,,,,,,,,37,Extension WiMAX HOME 5G L12/L13
3136,20968,747,2676,No,105-[extension]106Days (Value Rental Pack: 4Months Pack),2,カート用延長フラグ,Extension WiMAX HOME 5G L12/L13,1,,,,,,,,*,wh/img001-ex.jpg,*,wh/img001-ex.jpg,,,,,,,,,,,,,,,,,,,,,,,0,1,en_wh_ex_120,,1,,27600,27600,,5,,,,,,,,,,,,,,,,,37,Extension WiMAX HOME 5G L12/L13
3136,20969,748,2677,Yes,106-[extension]107Days (Value Rental Pack: 4Months Pack),2,カート用延長フラグ,Extension WiMAX HOME 5G L12/L13,1,,,,,,,,*,wh/img001-ex.jpg,*,wh/img001-ex.jpg,,,,,,,,,,,,,,,,,,,,,,,1,1,en_wh_ex_120_bt,,1,,27600,29250,,5,,,,,,,,,,,,,,,,,37,Extension WiMAX HOME 5G L12/L13
3136,20970,747,2677,No,106-[extension]107Days (Value Rental Pack: 4Months Pack),2,カート用延長フラグ,Extension WiMAX HOME 5G L12/L13,1,,,,,,,,*,wh/img001-ex.jpg,*,wh/img001-ex.jpg,,,,,,,,,,,,,,,,,,,,,,,0,1,en_wh_ex_120,,1,,27600,27600,,5,,,,,,,,,,,,,,,,,37,Extension WiMAX HOME 5G L12/L13
3136,20971,748,2678,Yes,107-[extension]108Days (Value Rental Pack: 4Months Pack),2,カート用延長フラグ,Extension WiMAX HOME 5G L12/L13,1,,,,,,,,*,wh/img001-ex.jpg,*,wh/img001-ex.jpg,,,,,,,,,,,,,,,,,,,,,,,1,1,en_wh_ex_120_bt,,1,,27600,29250,,5,,,,,,,,,,,,,,,,,37,Extension WiMAX HOME 5G L12/L13
3136,20972,747,2678,No,107-[extension]108Days (Value Rental Pack: 4Months Pack),2,カート用延長フラグ,Extension WiMAX HOME 5G L12/L13,1,,,,,,,,*,wh/img001-ex.jpg,*,wh/img001-ex.jpg,,,,,,,,,,,,,,,,,,,,,,,0,1,en_wh_ex_120,,1,,27600,27600,,5,,,,,,,,,,,,,,,,,37,Extension WiMAX HOME 5G L12/L13
3136,20973,748,2679,Yes,108-[extension]109Days (Value Rental Pack: 4Months Pack),2,カート用延長フラグ,Extension WiMAX HOME 5G L12/L13,1,,,,,,,,*,wh/img001-ex.jpg,*,wh/img001-ex.jpg,,,,,,,,,,,,,,,,,,,,,,,1,1,en_wh_ex_120_bt,,1,,27600,29250,,5,,,,,,,,,,,,,,,,,37,Extension WiMAX HOME 5G L12/L13
3136,20974,747,2679,No,108-[extension]109Days (Value Rental Pack: 4Months Pack),2,カート用延長フラグ,Extension WiMAX HOME 5G L12/L13,1,,,,,,,,*,wh/img001-ex.jpg,*,wh/img001-ex.jpg,,,,,,,,,,,,,,,,,,,,,,,0,1,en_wh_ex_120,,1,,27600,27600,,5,,,,,,,,,,,,,,,,,37,Extension WiMAX HOME 5G L12/L13
3136,20975,748,2680,Yes,109-[extension]110Days (Value Rental Pack: 4Months Pack),2,カート用延長フラグ,Extension WiMAX HOME 5G L12/L13,1,,,,,,,,*,wh/img001-ex.jpg,*,wh/img001-ex.jpg,,,,,,,,,,,,,,,,,,,,,,,1,1,en_wh_ex_120_bt,,1,,27600,29250,,5,,,,,,,,,,,,,,,,,37,Extension WiMAX HOME 5G L12/L13
3136,20976,747,2680,No,109-[extension]110Days (Value Rental Pack: 4Months Pack),2,カート用延長フラグ,Extension WiMAX HOME 5G L12/L13,1,,,,,,,,*,wh/img001-ex.jpg,*,wh/img001-ex.jpg,,,,,,,,,,,,,,,,,,,,,,,0,1,en_wh_ex_120,,1,,27600,27600,,5,,,,,,,,,,,,,,,,,37,Extension WiMAX HOME 5G L12/L13
3136,20977,748,2681,Yes,110-[extension]111Days (Value Rental Pack: 4Months Pack),2,カート用延長フラグ,Extension WiMAX HOME 5G L12/L13,1,,,,,,,,*,wh/img001-ex.jpg,*,wh/img001-ex.jpg,,,,,,,,,,,,,,,,,,,,,,,1,1,en_wh_ex_120_bt,,1,,27600,29250,,5,,,,,,,,,,,,,,,,,37,Extension WiMAX HOME 5G L12/L13
3136,20978,747,2681,No,110-[extension]111Days (Value Rental Pack: 4Months Pack),2,カート用延長フラグ,Extension WiMAX HOME 5G L12/L13,1,,,,,,,,*,wh/img001-ex.jpg,*,wh/img001-ex.jpg,,,,,,,,,,,,,,,,,,,,,,,0,1,en_wh_ex_120,,1,,27600,27600,,5,,,,,,,,,,,,,,,,,37,Extension WiMAX HOME 5G L12/L13
3136,20979,748,2682,Yes,111-[extension]112Days (Value Rental Pack: 4Months Pack),2,カート用延長フラグ,Extension WiMAX HOME 5G L12/L13,1,,,,,,,,*,wh/img001-ex.jpg,*,wh/img001-ex.jpg,,,,,,,,,,,,,,,,,,,,,,,1,1,en_wh_ex_120_bt,,1,,27600,29250,,5,,,,,,,,,,,,,,,,,37,Extension WiMAX HOME 5G L12/L13
3136,20980,747,2682,No,111-[extension]112Days (Value Rental Pack: 4Months Pack),2,カート用延長フラグ,Extension WiMAX HOME 5G L12/L13,1,,,,,,,,*,wh/img001-ex.jpg,*,wh/img001-ex.jpg,,,,,,,,,,,,,,,,,,,,,,,0,1,en_wh_ex_120,,1,,27600,27600,,5,,,,,,,,,,,,,,,,,37,Extension WiMAX HOME 5G L12/L13
3136,20981,748,2683,Yes,112-[extension]113Days (Value Rental Pack: 4Months Pack),2,カート用延長フラグ,Extension WiMAX HOME 5G L12/L13,1,,,,,,,,*,wh/img001-ex.jpg,*,wh/img001-ex.jpg,,,,,,,,,,,,,,,,,,,,,,,1,1,en_wh_ex_120_bt,,1,,27600,29250,,5,,,,,,,,,,,,,,,,,37,Extension WiMAX HOME 5G L12/L13
3136,20982,747,2683,No,112-[extension]113Days (Value Rental Pack: 4Months Pack),2,カート用延長フラグ,Extension WiMAX HOME 5G L12/L13,1,,,,,,,,*,wh/img001-ex.jpg,*,wh/img001-ex.jpg,,,,,,,,,,,,,,,,,,,,,,,0,1,en_wh_ex_120,,1,,27600,27600,,5,,,,,,,,,,,,,,,,,37,Extension WiMAX HOME 5G L12/L13
3136,20983,748,2684,Yes,113-[extension]114Days (Value Rental Pack: 4Months Pack),2,カート用延長フラグ,Extension WiMAX HOME 5G L12/L13,1,,,,,,,,*,wh/img001-ex.jpg,*,wh/img001-ex.jpg,,,,,,,,,,,,,,,,,,,,,,,1,1,en_wh_ex_120_bt,,1,,27600,29250,,5,,,,,,,,,,,,,,,,,37,Extension WiMAX HOME 5G L12/L13
3136,20984,747,2684,No,113-[extension]114Days (Value Rental Pack: 4Months Pack),2,カート用延長フラグ,Extension WiMAX HOME 5G L12/L13,1,,,,,,,,*,wh/img001-ex.jpg,*,wh/img001-ex.jpg,,,,,,,,,,,,,,,,,,,,,,,0,1,en_wh_ex_120,,1,,27600,27600,,5,,,,,,,,,,,,,,,,,37,Extension WiMAX HOME 5G L12/L13
3136,20985,748,2685,Yes,114-[extension]115Days (Value Rental Pack: 4Months Pack),2,カート用延長フラグ,Extension WiMAX HOME 5G L12/L13,1,,,,,,,,*,wh/img001-ex.jpg,*,wh/img001-ex.jpg,,,,,,,,,,,,,,,,,,,,,,,1,1,en_wh_ex_120_bt,,1,,27600,29250,,5,,,,,,,,,,,,,,,,,37,Extension WiMAX HOME 5G L12/L13
3136,20986,747,2685,No,114-[extension]115Days (Value Rental Pack: 4Months Pack),2,カート用延長フラグ,Extension WiMAX HOME 5G L12/L13,1,,,,,,,,*,wh/img001-ex.jpg,*,wh/img001-ex.jpg,,,,,,,,,,,,,,,,,,,,,,,0,1,en_wh_ex_120,,1,,27600,27600,,5,,,,,,,,,,,,,,,,,37,Extension WiMAX HOME 5G L12/L13
3136,20987,748,2686,Yes,115-[extension]116Days (Value Rental Pack: 4Months Pack),2,カート用延長フラグ,Extension WiMAX HOME 5G L12/L13,1,,,,,,,,*,wh/img001-ex.jpg,*,wh/img001-ex.jpg,,,,,,,,,,,,,,,,,,,,,,,1,1,en_wh_ex_120_bt,,1,,27600,29250,,5,,,,,,,,,,,,,,,,,37,Extension WiMAX HOME 5G L12/L13
3136,20988,747,2686,No,115-[extension]116Days (Value Rental Pack: 4Months Pack),2,カート用延長フラグ,Extension WiMAX HOME 5G L12/L13,1,,,,,,,,*,wh/img001-ex.jpg,*,wh/img001-ex.jpg,,,,,,,,,,,,,,,,,,,,,,,0,1,en_wh_ex_120,,1,,27600,27600,,5,,,,,,,,,,,,,,,,,37,Extension WiMAX HOME 5G L12/L13
3136,20989,748,2687,Yes,116-[extension]117Days (Value Rental Pack: 4Months Pack),2,カート用延長フラグ,Extension WiMAX HOME 5G L12/L13,1,,,,,,,,*,wh/img001-ex.jpg,*,wh/img001-ex.jpg,,,,,,,,,,,,,,,,,,,,,,,1,1,en_wh_ex_120_bt,,1,,27600,29250,,5,,,,,,,,,,,,,,,,,37,Extension WiMAX HOME 5G L12/L13
3136,20990,747,2687,No,116-[extension]117Days (Value Rental Pack: 4Months Pack),2,カート用延長フラグ,Extension WiMAX HOME 5G L12/L13,1,,,,,,,,*,wh/img001-ex.jpg,*,wh/img001-ex.jpg,,,,,,,,,,,,,,,,,,,,,,,0,1,en_wh_ex_120,,1,,27600,27600,,5,,,,,,,,,,,,,,,,,37,Extension WiMAX HOME 5G L12/L13
3136,20991,748,2688,Yes,117-[extension]118Days (Value Rental Pack: 4Months Pack),2,カート用延長フラグ,Extension WiMAX HOME 5G L12/L13,1,,,,,,,,*,wh/img001-ex.jpg,*,wh/img001-ex.jpg,,,,,,,,,,,,,,,,,,,,,,,1,1,en_wh_ex_120_bt,,1,,27600,29250,,5,,,,,,,,,,,,,,,,,37,Extension WiMAX HOME 5G L12/L13
3136,20992,747,2688,No,117-[extension]118Days (Value Rental Pack: 4Months Pack),2,カート用延長フラグ,Extension WiMAX HOME 5G L12/L13,1,,,,,,,,*,wh/img001-ex.jpg,*,wh/img001-ex.jpg,,,,,,,,,,,,,,,,,,,,,,,0,1,en_wh_ex_120,,1,,27600,27600,,5,,,,,,,,,,,,,,,,,37,Extension WiMAX HOME 5G L12/L13
3136,20993,748,2689,Yes,118-[extension]119Days (Value Rental Pack: 4Months Pack),2,カート用延長フラグ,Extension WiMAX HOME 5G L12/L13,1,,,,,,,,*,wh/img001-ex.jpg,*,wh/img001-ex.jpg,,,,,,,,,,,,,,,,,,,,,,,1,1,en_wh_ex_120_bt,,1,,27600,29250,,5,,,,,,,,,,,,,,,,,37,Extension WiMAX HOME 5G L12/L13
3136,20994,747,2689,No,118-[extension]119Days (Value Rental Pack: 4Months Pack),2,カート用延長フラグ,Extension WiMAX HOME 5G L12/L13,1,,,,,,,,*,wh/img001-ex.jpg,*,wh/img001-ex.jpg,,,,,,,,,,,,,,,,,,,,,,,0,1,en_wh_ex_120,,1,,27600,27600,,5,,,,,,,,,,,,,,,,,37,Extension WiMAX HOME 5G L12/L13
3136,20995,748,2690,Yes,119-[extension]120Days (Value Rental Pack: 4Months Pack),2,カート用延長フラグ,Extension WiMAX HOME 5G L12/L13,1,,,,,,,,*,wh/img001-ex.jpg,*,wh/img001-ex.jpg,,,,,,,,,,,,,,,,,,,,,,,1,1,en_wh_ex_120_bt,,1,,27600,29250,,5,,,,,,,,,,,,,,,,,37,Extension WiMAX HOME 5G L12/L13
3136,20996,747,2690,No,119-[extension]120Days (Value Rental Pack: 4Months Pack),2,カート用延長フラグ,Extension WiMAX HOME 5G L12/L13,1,,,,,,,,*,wh/img001-ex.jpg,*,wh/img001-ex.jpg,,,,,,,,,,,,,,,,,,,,,,,0,1,en_wh_ex_120,,1,,27600,27600,,5,,,,,,,,,,,,,,,,,37,Extension WiMAX HOME 5G L12/L13
3136,20997,748,2691,Yes,120-[extension]121Days (Value Rental Pack: 4Months Pack),2,カート用延長フラグ,Extension WiMAX HOME 5G L12/L13,1,,,,,,,,*,wh/img001-ex.jpg,*,wh/img001-ex.jpg,,,,,,,,,,,,,,,,,,,,,,,1,1,en_wh_ex_120_bt,,1,,27600,29250,,5,,,,,,,,,,,,,,,,,37,Extension WiMAX HOME 5G L12/L13
3136,20998,747,2691,No,120-[extension]121Days (Value Rental Pack: 4Months Pack),2,カート用延長フラグ,Extension WiMAX HOME 5G L12/L13,1,,,,,,,,*,wh/img001-ex.jpg,*,wh/img001-ex.jpg,,,,,,,,,,,,,,,,,,,,,,,0,1,en_wh_ex_120,,1,,27600,27600,,5,,,,,,,,,,,,,,,,,37,Extension WiMAX HOME 5G L12/L13
3136,20999,748,2692,Yes,121-[extension]122Days (Value Rental Pack: 4Months Pack + 1Day),2,カート用延長フラグ,Extension WiMAX HOME 5G L12/L13,1,,,,,,,,*,wh/img001-ex.jpg,*,wh/img001-ex.jpg,,,,,,,,,,,,,,,,,,,,,,,1,1,en_wh_ex_121_bt,,1,,28190,29890,,5,,,,,,,,,,,,,,,,,37,Extension WiMAX HOME 5G L12/L13
3136,21000,747,2692,No,121-[extension]122Days (Value Rental Pack: 4Months Pack + 1Day),2,カート用延長フラグ,Extension WiMAX HOME 5G L12/L13,1,,,,,,,,*,wh/img001-ex.jpg,*,wh/img001-ex.jpg,,,,,,,,,,,,,,,,,,,,,,,0,1,en_wh_ex_121,,1,,28190,28190,,5,,,,,,,,,,,,,,,,,37,Extension WiMAX HOME 5G L12/L13
3136,21001,748,2693,Yes,122-[extension]123Days (Value Rental Pack: 4Months Pack + 2Days),2,カート用延長フラグ,Extension WiMAX HOME 5G L12/L13,1,,,,,,,,*,wh/img001-ex.jpg,*,wh/img001-ex.jpg,,,,,,,,,,,,,,,,,,,,,,,1,1,en_wh_ex_122_bt,,1,,28780,30530,,5,,,,,,,,,,,,,,,,,37,Extension WiMAX HOME 5G L12/L13
3136,21002,747,2693,No,122-[extension]123Days (Value Rental Pack: 4Months Pack + 2Days),2,カート用延長フラグ,Extension WiMAX HOME 5G L12/L13,1,,,,,,,,*,wh/img001-ex.jpg,*,wh/img001-ex.jpg,,,,,,,,,,,,,,,,,,,,,,,0,1,en_wh_ex_122,,1,,28780,28780,,5,,,,,,,,,,,,,,,,,37,Extension WiMAX HOME 5G L12/L13
3136,21003,748,2694,Yes,123-[extension]124Days (Value Rental Pack: 4Months Pack + 3Days),2,カート用延長フラグ,Extension WiMAX HOME 5G L12/L13,1,,,,,,,,*,wh/img001-ex.jpg,*,wh/img001-ex.jpg,,,,,,,,,,,,,,,,,,,,,,,1,1,en_wh_ex_123_bt,,1,,29370,31170,,5,,,,,,,,,,,,,,,,,37,Extension WiMAX HOME 5G L12/L13
3136,21004,747,2694,No,123-[extension]124Days (Value Rental Pack: 4Months Pack + 3Days),2,カート用延長フラグ,Extension WiMAX HOME 5G L12/L13,1,,,,,,,,*,wh/img001-ex.jpg,*,wh/img001-ex.jpg,,,,,,,,,,,,,,,,,,,,,,,0,1,en_wh_ex_123,,1,,29370,29370,,5,,,,,,,,,,,,,,,,,37,Extension WiMAX HOME 5G L12/L13
3136,21005,748,2695,Yes,124-[extension]125Days (Value Rental Pack: 4Months Pack + 4Days),2,カート用延長フラグ,Extension WiMAX HOME 5G L12/L13,1,,,,,,,,*,wh/img001-ex.jpg,*,wh/img001-ex.jpg,,,,,,,,,,,,,,,,,,,,,,,1,1,en_wh_ex_124_bt,,1,,29960,31810,,5,,,,,,,,,,,,,,,,,37,Extension WiMAX HOME 5G L12/L13
3136,21006,747,2695,No,124-[extension]125Days (Value Rental Pack: 4Months Pack + 4Days),2,カート用延長フラグ,Extension WiMAX HOME 5G L12/L13,1,,,,,,,,*,wh/img001-ex.jpg,*,wh/img001-ex.jpg,,,,,,,,,,,,,,,,,,,,,,,0,1,en_wh_ex_124,,1,,29960,29960,,5,,,,,,,,,,,,,,,,,37,Extension WiMAX HOME 5G L12/L13
3136,21007,748,2696,Yes,125-[extension]126Days (Value Rental Pack: 4Months Pack + 5Days),2,カート用延長フラグ,Extension WiMAX HOME 5G L12/L13,1,,,,,,,,*,wh/img001-ex.jpg,*,wh/img001-ex.jpg,,,,,,,,,,,,,,,,,,,,,,,1,1,en_wh_ex_125_bt,,1,,30550,32450,,5,,,,,,,,,,,,,,,,,37,Extension WiMAX HOME 5G L12/L13
3136,21008,747,2696,No,125-[extension]126Days (Value Rental Pack: 4Months Pack + 5Days),2,カート用延長フラグ,Extension WiMAX HOME 5G L12/L13,1,,,,,,,,*,wh/img001-ex.jpg,*,wh/img001-ex.jpg,,,,,,,,,,,,,,,,,,,,,,,0,1,en_wh_ex_125,,1,,30550,30550,,5,,,,,,,,,,,,,,,,,37,Extension WiMAX HOME 5G L12/L13
3136,21009,748,2697,Yes,126-[extension]127Days (Value Rental Pack: 5Months Pack),2,カート用延長フラグ,Extension WiMAX HOME 5G L12/L13,1,,,,,,,,*,wh/img001-ex.jpg,*,wh/img001-ex.jpg,,,,,,,,,,,,,,,,,,,,,,,1,1,en_wh_ex_150_bt,,1,,30600,32550,,5,,,,,,,,,,,,,,,,,37,Extension WiMAX HOME 5G L12/L13
3136,21010,747,2697,No,126-[extension]127Days (Value Rental Pack: 5Months Pack),2,カート用延長フラグ,Extension WiMAX HOME 5G L12/L13,1,,,,,,,,*,wh/img001-ex.jpg,*,wh/img001-ex.jpg,,,,,,,,,,,,,,,,,,,,,,,0,1,en_wh_ex_150,,1,,30600,30600,,5,,,,,,,,,,,,,,,,,37,Extension WiMAX HOME 5G L12/L13
3136,21011,748,2698,Yes,127-[extension]128Days (Value Rental Pack: 5Months Pack),2,カート用延長フラグ,Extension WiMAX HOME 5G L12/L13,1,,,,,,,,*,wh/img001-ex.jpg,*,wh/img001-ex.jpg,,,,,,,,,,,,,,,,,,,,,,,1,1,en_wh_ex_150_bt,,1,,30600,32550,,5,,,,,,,,,,,,,,,,,37,Extension WiMAX HOME 5G L12/L13
3136,21012,747,2698,No,127-[extension]128Days (Value Rental Pack: 5Months Pack),2,カート用延長フラグ,Extension WiMAX HOME 5G L12/L13,1,,,,,,,,*,wh/img001-ex.jpg,*,wh/img001-ex.jpg,,,,,,,,,,,,,,,,,,,,,,,0,1,en_wh_ex_150,,1,,30600,30600,,5,,,,,,,,,,,,,,,,,37,Extension WiMAX HOME 5G L12/L13
3136,21013,748,2699,Yes,128-[extension]129Days (Value Rental Pack: 5Months Pack),2,カート用延長フラグ,Extension WiMAX HOME 5G L12/L13,1,,,,,,,,*,wh/img001-ex.jpg,*,wh/img001-ex.jpg,,,,,,,,,,,,,,,,,,,,,,,1,1,en_wh_ex_150_bt,,1,,30600,32550,,5,,,,,,,,,,,,,,,,,37,Extension WiMAX HOME 5G L12/L13
3136,21014,747,2699,No,128-[extension]129Days (Value Rental Pack: 5Months Pack),2,カート用延長フラグ,Extension WiMAX HOME 5G L12/L13,1,,,,,,,,*,wh/img001-ex.jpg,*,wh/img001-ex.jpg,,,,,,,,,,,,,,,,,,,,,,,0,1,en_wh_ex_150,,1,,30600,30600,,5,,,,,,,,,,,,,,,,,37,Extension WiMAX HOME 5G L12/L13
3136,21015,748,2700,Yes,129-[extension]130Days (Value Rental Pack: 5Months Pack),2,カート用延長フラグ,Extension WiMAX HOME 5G L12/L13,1,,,,,,,,*,wh/img001-ex.jpg,*,wh/img001-ex.jpg,,,,,,,,,,,,,,,,,,,,,,,1,1,en_wh_ex_150_bt,,1,,30600,32550,,5,,,,,,,,,,,,,,,,,37,Extension WiMAX HOME 5G L12/L13
3136,21016,747,2700,No,129-[extension]130Days (Value Rental Pack: 5Months Pack),2,カート用延長フラグ,Extension WiMAX HOME 5G L12/L13,1,,,,,,,,*,wh/img001-ex.jpg,*,wh/img001-ex.jpg,,,,,,,,,,,,,,,,,,,,,,,0,1,en_wh_ex_150,,1,,30600,30600,,5,,,,,,,,,,,,,,,,,37,Extension WiMAX HOME 5G L12/L13
3136,21017,748,2701,Yes,130-[extension]131Days (Value Rental Pack: 5Months Pack),2,カート用延長フラグ,Extension WiMAX HOME 5G L12/L13,1,,,,,,,,*,wh/img001-ex.jpg,*,wh/img001-ex.jpg,,,,,,,,,,,,,,,,,,,,,,,1,1,en_wh_ex_150_bt,,1,,30600,32550,,5,,,,,,,,,,,,,,,,,37,Extension WiMAX HOME 5G L12/L13
3136,21018,747,2701,No,130-[extension]131Days (Value Rental Pack: 5Months Pack),2,カート用延長フラグ,Extension WiMAX HOME 5G L12/L13,1,,,,,,,,*,wh/img001-ex.jpg,*,wh/img001-ex.jpg,,,,,,,,,,,,,,,,,,,,,,,0,1,en_wh_ex_150,,1,,30600,30600,,5,,,,,,,,,,,,,,,,,37,Extension WiMAX HOME 5G L12/L13
3136,21019,748,2702,Yes,131-[extension]132Days (Value Rental Pack: 5Months Pack),2,カート用延長フラグ,Extension WiMAX HOME 5G L12/L13,1,,,,,,,,*,wh/img001-ex.jpg,*,wh/img001-ex.jpg,,,,,,,,,,,,,,,,,,,,,,,1,1,en_wh_ex_150_bt,,1,,30600,32550,,5,,,,,,,,,,,,,,,,,37,Extension WiMAX HOME 5G L12/L13
3136,21020,747,2702,No,131-[extension]132Days (Value Rental Pack: 5Months Pack),2,カート用延長フラグ,Extension WiMAX HOME 5G L12/L13,1,,,,,,,,*,wh/img001-ex.jpg,*,wh/img001-ex.jpg,,,,,,,,,,,,,,,,,,,,,,,0,1,en_wh_ex_150,,1,,30600,30600,,5,,,,,,,,,,,,,,,,,37,Extension WiMAX HOME 5G L12/L13
3136,21021,748,2703,Yes,132-[extension]133Days (Value Rental Pack: 5Months Pack),2,カート用延長フラグ,Extension WiMAX HOME 5G L12/L13,1,,,,,,,,*,wh/img001-ex.jpg,*,wh/img001-ex.jpg,,,,,,,,,,,,,,,,,,,,,,,1,1,en_wh_ex_150_bt,,1,,30600,32550,,5,,,,,,,,,,,,,,,,,37,Extension WiMAX HOME 5G L12/L13
3136,21022,747,2703,No,132-[extension]133Days (Value Rental Pack: 5Months Pack),2,カート用延長フラグ,Extension WiMAX HOME 5G L12/L13,1,,,,,,,,*,wh/img001-ex.jpg,*,wh/img001-ex.jpg,,,,,,,,,,,,,,,,,,,,,,,0,1,en_wh_ex_150,,1,,30600,30600,,5,,,,,,,,,,,,,,,,,37,Extension WiMAX HOME 5G L12/L13
3136,21023,748,2704,Yes,133-[extension]134Days (Value Rental Pack: 5Months Pack),2,カート用延長フラグ,Extension WiMAX HOME 5G L12/L13,1,,,,,,,,*,wh/img001-ex.jpg,*,wh/img001-ex.jpg,,,,,,,,,,,,,,,,,,,,,,,1,1,en_wh_ex_150_bt,,1,,30600,32550,,5,,,,,,,,,,,,,,,,,37,Extension WiMAX HOME 5G L12/L13
3136,21024,747,2704,No,133-[extension]134Days (Value Rental Pack: 5Months Pack),2,カート用延長フラグ,Extension WiMAX HOME 5G L12/L13,1,,,,,,,,*,wh/img001-ex.jpg,*,wh/img001-ex.jpg,,,,,,,,,,,,,,,,,,,,,,,0,1,en_wh_ex_150,,1,,30600,30600,,5,,,,,,,,,,,,,,,,,37,Extension WiMAX HOME 5G L12/L13
3136,21025,748,2705,Yes,134-[extension]135Days (Value Rental Pack: 5Months Pack),2,カート用延長フラグ,Extension WiMAX HOME 5G L12/L13,1,,,,,,,,*,wh/img001-ex.jpg,*,wh/img001-ex.jpg,,,,,,,,,,,,,,,,,,,,,,,1,1,en_wh_ex_150_bt,,1,,30600,32550,,5,,,,,,,,,,,,,,,,,37,Extension WiMAX HOME 5G L12/L13
3136,21026,747,2705,No,134-[extension]135Days (Value Rental Pack: 5Months Pack),2,カート用延長フラグ,Extension WiMAX HOME 5G L12/L13,1,,,,,,,,*,wh/img001-ex.jpg,*,wh/img001-ex.jpg,,,,,,,,,,,,,,,,,,,,,,,0,1,en_wh_ex_150,,1,,30600,30600,,5,,,,,,,,,,,,,,,,,37,Extension WiMAX HOME 5G L12/L13
3136,21027,748,2706,Yes,135-[extension]136Days (Value Rental Pack: 5Months Pack),2,カート用延長フラグ,Extension WiMAX HOME 5G L12/L13,1,,,,,,,,*,wh/img001-ex.jpg,*,wh/img001-ex.jpg,,,,,,,,,,,,,,,,,,,,,,,1,1,en_wh_ex_150_bt,,1,,30600,32550,,5,,,,,,,,,,,,,,,,,37,Extension WiMAX HOME 5G L12/L13
3136,21028,747,2706,No,135-[extension]136Days (Value Rental Pack: 5Months Pack),2,カート用延長フラグ,Extension WiMAX HOME 5G L12/L13,1,,,,,,,,*,wh/img001-ex.jpg,*,wh/img001-ex.jpg,,,,,,,,,,,,,,,,,,,,,,,0,1,en_wh_ex_150,,1,,30600,30600,,5,,,,,,,,,,,,,,,,,37,Extension WiMAX HOME 5G L12/L13
3136,21029,748,2707,Yes,136-[extension]137Days (Value Rental Pack: 5Months Pack),2,カート用延長フラグ,Extension WiMAX HOME 5G L12/L13,1,,,,,,,,*,wh/img001-ex.jpg,*,wh/img001-ex.jpg,,,,,,,,,,,,,,,,,,,,,,,1,1,en_wh_ex_150_bt,,1,,30600,32550,,5,,,,,,,,,,,,,,,,,37,Extension WiMAX HOME 5G L12/L13
3136,21030,747,2707,No,136-[extension]137Days (Value Rental Pack: 5Months Pack),2,カート用延長フラグ,Extension WiMAX HOME 5G L12/L13,1,,,,,,,,*,wh/img001-ex.jpg,*,wh/img001-ex.jpg,,,,,,,,,,,,,,,,,,,,,,,0,1,en_wh_ex_150,,1,,30600,30600,,5,,,,,,,,,,,,,,,,,37,Extension WiMAX HOME 5G L12/L13
3136,21031,748,2708,Yes,137-[extension]138Days (Value Rental Pack: 5Months Pack),2,カート用延長フラグ,Extension WiMAX HOME 5G L12/L13,1,,,,,,,,*,wh/img001-ex.jpg,*,wh/img001-ex.jpg,,,,,,,,,,,,,,,,,,,,,,,1,1,en_wh_ex_150_bt,,1,,30600,32550,,5,,,,,,,,,,,,,,,,,37,Extension WiMAX HOME 5G L12/L13
3136,21032,747,2708,No,137-[extension]138Days (Value Rental Pack: 5Months Pack),2,カート用延長フラグ,Extension WiMAX HOME 5G L12/L13,1,,,,,,,,*,wh/img001-ex.jpg,*,wh/img001-ex.jpg,,,,,,,,,,,,,,,,,,,,,,,0,1,en_wh_ex_150,,1,,30600,30600,,5,,,,,,,,,,,,,,,,,37,Extension WiMAX HOME 5G L12/L13
3136,21033,748,2709,Yes,138-[extension]139Days (Value Rental Pack: 5Months Pack),2,カート用延長フラグ,Extension WiMAX HOME 5G L12/L13,1,,,,,,,,*,wh/img001-ex.jpg,*,wh/img001-ex.jpg,,,,,,,,,,,,,,,,,,,,,,,1,1,en_wh_ex_150_bt,,1,,30600,32550,,5,,,,,,,,,,,,,,,,,37,Extension WiMAX HOME 5G L12/L13
3136,21034,747,2709,No,138-[extension]139Days (Value Rental Pack: 5Months Pack),2,カート用延長フラグ,Extension WiMAX HOME 5G L12/L13,1,,,,,,,,*,wh/img001-ex.jpg,*,wh/img001-ex.jpg,,,,,,,,,,,,,,,,,,,,,,,0,1,en_wh_ex_150,,1,,30600,30600,,5,,,,,,,,,,,,,,,,,37,Extension WiMAX HOME 5G L12/L13
3136,21035,748,2710,Yes,139-[extension]140Days (Value Rental Pack: 5Months Pack),2,カート用延長フラグ,Extension WiMAX HOME 5G L12/L13,1,,,,,,,,*,wh/img001-ex.jpg,*,wh/img001-ex.jpg,,,,,,,,,,,,,,,,,,,,,,,1,1,en_wh_ex_150_bt,,1,,30600,32550,,5,,,,,,,,,,,,,,,,,37,Extension WiMAX HOME 5G L12/L13
3136,21036,747,2710,No,139-[extension]140Days (Value Rental Pack: 5Months Pack),2,カート用延長フラグ,Extension WiMAX HOME 5G L12/L13,1,,,,,,,,*,wh/img001-ex.jpg,*,wh/img001-ex.jpg,,,,,,,,,,,,,,,,,,,,,,,0,1,en_wh_ex_150,,1,,30600,30600,,5,,,,,,,,,,,,,,,,,37,Extension WiMAX HOME 5G L12/L13
3136,21037,748,2711,Yes,140-[extension]141Days (Value Rental Pack: 5Months Pack),2,カート用延長フラグ,Extension WiMAX HOME 5G L12/L13,1,,,,,,,,*,wh/img001-ex.jpg,*,wh/img001-ex.jpg,,,,,,,,,,,,,,,,,,,,,,,1,1,en_wh_ex_150_bt,,1,,30600,32550,,5,,,,,,,,,,,,,,,,,37,Extension WiMAX HOME 5G L12/L13
3136,21038,747,2711,No,140-[extension]141Days (Value Rental Pack: 5Months Pack),2,カート用延長フラグ,Extension WiMAX HOME 5G L12/L13,1,,,,,,,,*,wh/img001-ex.jpg,*,wh/img001-ex.jpg,,,,,,,,,,,,,,,,,,,,,,,0,1,en_wh_ex_150,,1,,30600,30600,,5,,,,,,,,,,,,,,,,,37,Extension WiMAX HOME 5G L12/L13
3136,21039,748,2712,Yes,141-[extension]142Days (Value Rental Pack: 5Months Pack),2,カート用延長フラグ,Extension WiMAX HOME 5G L12/L13,1,,,,,,,,*,wh/img001-ex.jpg,*,wh/img001-ex.jpg,,,,,,,,,,,,,,,,,,,,,,,1,1,en_wh_ex_150_bt,,1,,30600,32550,,5,,,,,,,,,,,,,,,,,37,Extension WiMAX HOME 5G L12/L13
3136,21040,747,2712,No,141-[extension]142Days (Value Rental Pack: 5Months Pack),2,カート用延長フラグ,Extension WiMAX HOME 5G L12/L13,1,,,,,,,,*,wh/img001-ex.jpg,*,wh/img001-ex.jpg,,,,,,,,,,,,,,,,,,,,,,,0,1,en_wh_ex_150,,1,,30600,30600,,5,,,,,,,,,,,,,,,,,37,Extension WiMAX HOME 5G L12/L13
3136,21041,748,2713,Yes,142-[extension]143Days (Value Rental Pack: 5Months Pack),2,カート用延長フラグ,Extension WiMAX HOME 5G L12/L13,1,,,,,,,,*,wh/img001-ex.jpg,*,wh/img001-ex.jpg,,,,,,,,,,,,,,,,,,,,,,,1,1,en_wh_ex_150_bt,,1,,30600,32550,,5,,,,,,,,,,,,,,,,,37,Extension WiMAX HOME 5G L12/L13
3136,21042,747,2713,No,142-[extension]143Days (Value Rental Pack: 5Months Pack),2,カート用延長フラグ,Extension WiMAX HOME 5G L12/L13,1,,,,,,,,*,wh/img001-ex.jpg,*,wh/img001-ex.jpg,,,,,,,,,,,,,,,,,,,,,,,0,1,en_wh_ex_150,,1,,30600,30600,,5,,,,,,,,,,,,,,,,,37,Extension WiMAX HOME 5G L12/L13
3136,21043,748,2714,Yes,143-[extension]144Days (Value Rental Pack: 5Months Pack),2,カート用延長フラグ,Extension WiMAX HOME 5G L12/L13,1,,,,,,,,*,wh/img001-ex.jpg,*,wh/img001-ex.jpg,,,,,,,,,,,,,,,,,,,,,,,1,1,en_wh_ex_150_bt,,1,,30600,32550,,5,,,,,,,,,,,,,,,,,37,Extension WiMAX HOME 5G L12/L13
3136,21044,747,2714,No,143-[extension]144Days (Value Rental Pack: 5Months Pack),2,カート用延長フラグ,Extension WiMAX HOME 5G L12/L13,1,,,,,,,,*,wh/img001-ex.jpg,*,wh/img001-ex.jpg,,,,,,,,,,,,,,,,,,,,,,,0,1,en_wh_ex_150,,1,,30600,30600,,5,,,,,,,,,,,,,,,,,37,Extension WiMAX HOME 5G L12/L13
3136,21045,748,2715,Yes,144-[extension]145Days (Value Rental Pack: 5Months Pack),2,カート用延長フラグ,Extension WiMAX HOME 5G L12/L13,1,,,,,,,,*,wh/img001-ex.jpg,*,wh/img001-ex.jpg,,,,,,,,,,,,,,,,,,,,,,,1,1,en_wh_ex_150_bt,,1,,30600,32550,,5,,,,,,,,,,,,,,,,,37,Extension WiMAX HOME 5G L12/L13
3136,21046,747,2715,No,144-[extension]145Days (Value Rental Pack: 5Months Pack),2,カート用延長フラグ,Extension WiMAX HOME 5G L12/L13,1,,,,,,,,*,wh/img001-ex.jpg,*,wh/img001-ex.jpg,,,,,,,,,,,,,,,,,,,,,,,0,1,en_wh_ex_150,,1,,30600,30600,,5,,,,,,,,,,,,,,,,,37,Extension WiMAX HOME 5G L12/L13
3136,21047,748,2716,Yes,145-[extension]146Days (Value Rental Pack: 5Months Pack),2,カート用延長フラグ,Extension WiMAX HOME 5G L12/L13,1,,,,,,,,*,wh/img001-ex.jpg,*,wh/img001-ex.jpg,,,,,,,,,,,,,,,,,,,,,,,1,1,en_wh_ex_150_bt,,1,,30600,32550,,5,,,,,,,,,,,,,,,,,37,Extension WiMAX HOME 5G L12/L13
3136,21048,747,2716,No,145-[extension]146Days (Value Rental Pack: 5Months Pack),2,カート用延長フラグ,Extension WiMAX HOME 5G L12/L13,1,,,,,,,,*,wh/img001-ex.jpg,*,wh/img001-ex.jpg,,,,,,,,,,,,,,,,,,,,,,,0,1,en_wh_ex_150,,1,,30600,30600,,5,,,,,,,,,,,,,,,,,37,Extension WiMAX HOME 5G L12/L13
3136,21049,748,2717,Yes,146-[extension]147Days (Value Rental Pack: 5Months Pack),2,カート用延長フラグ,Extension WiMAX HOME 5G L12/L13,1,,,,,,,,*,wh/img001-ex.jpg,*,wh/img001-ex.jpg,,,,,,,,,,,,,,,,,,,,,,,1,1,en_wh_ex_150_bt,,1,,30600,32550,,5,,,,,,,,,,,,,,,,,37,Extension WiMAX HOME 5G L12/L13
3136,21050,747,2717,No,146-[extension]147Days (Value Rental Pack: 5Months Pack),2,カート用延長フラグ,Extension WiMAX HOME 5G L12/L13,1,,,,,,,,*,wh/img001-ex.jpg,*,wh/img001-ex.jpg,,,,,,,,,,,,,,,,,,,,,,,0,1,en_wh_ex_150,,1,,30600,30600,,5,,,,,,,,,,,,,,,,,37,Extension WiMAX HOME 5G L12/L13
3136,21051,748,2718,Yes,147-[extension]148Days (Value Rental Pack: 5Months Pack),2,カート用延長フラグ,Extension WiMAX HOME 5G L12/L13,1,,,,,,,,*,wh/img001-ex.jpg,*,wh/img001-ex.jpg,,,,,,,,,,,,,,,,,,,,,,,1,1,en_wh_ex_150_bt,,1,,30600,32550,,5,,,,,,,,,,,,,,,,,37,Extension WiMAX HOME 5G L12/L13
3136,21052,747,2718,No,147-[extension]148Days (Value Rental Pack: 5Months Pack),2,カート用延長フラグ,Extension WiMAX HOME 5G L12/L13,1,,,,,,,,*,wh/img001-ex.jpg,*,wh/img001-ex.jpg,,,,,,,,,,,,,,,,,,,,,,,0,1,en_wh_ex_150,,1,,30600,30600,,5,,,,,,,,,,,,,,,,,37,Extension WiMAX HOME 5G L12/L13
3136,21053,748,2719,Yes,148-[extension]149Days (Value Rental Pack: 5Months Pack),2,カート用延長フラグ,Extension WiMAX HOME 5G L12/L13,1,,,,,,,,*,wh/img001-ex.jpg,*,wh/img001-ex.jpg,,,,,,,,,,,,,,,,,,,,,,,1,1,en_wh_ex_150_bt,,1,,30600,32550,,5,,,,,,,,,,,,,,,,,37,Extension WiMAX HOME 5G L12/L13
3136,21054,747,2719,No,148-[extension]149Days (Value Rental Pack: 5Months Pack),2,カート用延長フラグ,Extension WiMAX HOME 5G L12/L13,1,,,,,,,,*,wh/img001-ex.jpg,*,wh/img001-ex.jpg,,,,,,,,,,,,,,,,,,,,,,,0,1,en_wh_ex_150,,1,,30600,30600,,5,,,,,,,,,,,,,,,,,37,Extension WiMAX HOME 5G L12/L13
3136,21055,748,2720,Yes,149-[extension]150Days (Value Rental Pack: 5Months Pack),2,カート用延長フラグ,Extension WiMAX HOME 5G L12/L13,1,,,,,,,,*,wh/img001-ex.jpg,*,wh/img001-ex.jpg,,,,,,,,,,,,,,,,,,,,,,,1,1,en_wh_ex_150_bt,,1,,30600,32550,,5,,,,,,,,,,,,,,,,,37,Extension WiMAX HOME 5G L12/L13
3136,21056,747,2720,No,149-[extension]150Days (Value Rental Pack: 5Months Pack),2,カート用延長フラグ,Extension WiMAX HOME 5G L12/L13,1,,,,,,,,*,wh/img001-ex.jpg,*,wh/img001-ex.jpg,,,,,,,,,,,,,,,,,,,,,,,0,1,en_wh_ex_150,,1,,30600,30600,,5,,,,,,,,,,,,,,,,,37,Extension WiMAX HOME 5G L12/L13
3136,21057,748,2721,Yes,150-[extension]151Days (Value Rental Pack: 5Months Pack),2,カート用延長フラグ,Extension WiMAX HOME 5G L12/L13,1,,,,,,,,*,wh/img001-ex.jpg,*,wh/img001-ex.jpg,,,,,,,,,,,,,,,,,,,,,,,1,1,en_wh_ex_150_bt,,1,,30600,32550,,5,,,,,,,,,,,,,,,,,37,Extension WiMAX HOME 5G L12/L13
3136,21058,747,2721,No,150-[extension]151Days (Value Rental Pack: 5Months Pack),2,カート用延長フラグ,Extension WiMAX HOME 5G L12/L13,1,,,,,,,,*,wh/img001-ex.jpg,*,wh/img001-ex.jpg,,,,,,,,,,,,,,,,,,,,,,,0,1,en_wh_ex_150,,1,,30600,30600,,5,,,,,,,,,,,,,,,,,37,Extension WiMAX HOME 5G L12/L13
3136,21059,748,2722,Yes,151-[extension]152Days (Value Rental Pack: 5Months Pack + 1Day),2,カート用延長フラグ,Extension WiMAX HOME 5G L12/L13,1,,,,,,,,*,wh/img001-ex.jpg,*,wh/img001-ex.jpg,,,,,,,,,,,,,,,,,,,,,,,1,1,en_wh_ex_151_bt,,1,,31190,33190,,5,,,,,,,,,,,,,,,,,37,Extension WiMAX HOME 5G L12/L13
3136,21060,747,2722,No,151-[extension]152Days (Value Rental Pack: 5Months Pack + 1Day),2,カート用延長フラグ,Extension WiMAX HOME 5G L12/L13,1,,,,,,,,*,wh/img001-ex.jpg,*,wh/img001-ex.jpg,,,,,,,,,,,,,,,,,,,,,,,0,1,en_wh_ex_151,,1,,31190,31190,,5,,,,,,,,,,,,,,,,,37,Extension WiMAX HOME 5G L12/L13
3136,21061,748,2723,Yes,152-[extension]153Days (Value Rental Pack: 5Months Pack + 2Days),2,カート用延長フラグ,Extension WiMAX HOME 5G L12/L13,1,,,,,,,,*,wh/img001-ex.jpg,*,wh/img001-ex.jpg,,,,,,,,,,,,,,,,,,,,,,,1,1,en_wh_ex_152_bt,,1,,31780,33830,,5,,,,,,,,,,,,,,,,,37,Extension WiMAX HOME 5G L12/L13
3136,21062,747,2723,No,152-[extension]153Days (Value Rental Pack: 5Months Pack + 2Days),2,カート用延長フラグ,Extension WiMAX HOME 5G L12/L13,1,,,,,,,,*,wh/img001-ex.jpg,*,wh/img001-ex.jpg,,,,,,,,,,,,,,,,,,,,,,,0,1,en_wh_ex_152,,1,,31780,31780,,5,,,,,,,,,,,,,,,,,37,Extension WiMAX HOME 5G L12/L13
3136,21063,748,2724,Yes,153-[extension]154Days (Value Rental Pack: 5Months Pack + 3Days),2,カート用延長フラグ,Extension WiMAX HOME 5G L12/L13,1,,,,,,,,*,wh/img001-ex.jpg,*,wh/img001-ex.jpg,,,,,,,,,,,,,,,,,,,,,,,1,1,en_wh_ex_153_bt,,1,,32370,34470,,5,,,,,,,,,,,,,,,,,37,Extension WiMAX HOME 5G L12/L13
3136,21064,747,2724,No,153-[extension]154Days (Value Rental Pack: 5Months Pack + 3Days),2,カート用延長フラグ,Extension WiMAX HOME 5G L12/L13,1,,,,,,,,*,wh/img001-ex.jpg,*,wh/img001-ex.jpg,,,,,,,,,,,,,,,,,,,,,,,0,1,en_wh_ex_153,,1,,32370,32370,,5,,,,,,,,,,,,,,,,,37,Extension WiMAX HOME 5G L12/L13
3136,21065,748,2725,Yes,154-[extension]155Days (Value Rental Pack: 5Months Pack + 4Days),2,カート用延長フラグ,Extension WiMAX HOME 5G L12/L13,1,,,,,,,,*,wh/img001-ex.jpg,*,wh/img001-ex.jpg,,,,,,,,,,,,,,,,,,,,,,,1,1,en_wh_ex_154_bt,,1,,32960,35110,,5,,,,,,,,,,,,,,,,,37,Extension WiMAX HOME 5G L12/L13
3136,21066,747,2725,No,154-[extension]155Days (Value Rental Pack: 5Months Pack + 4Days),2,カート用延長フラグ,Extension WiMAX HOME 5G L12/L13,1,,,,,,,,*,wh/img001-ex.jpg,*,wh/img001-ex.jpg,,,,,,,,,,,,,,,,,,,,,,,0,1,en_wh_ex_154,,1,,32960,32960,,5,,,,,,,,,,,,,,,,,37,Extension WiMAX HOME 5G L12/L13
3136,21067,748,2726,Yes,155-[extension]156Days (Value Rental Pack: 5Months Pack + 5Days),2,カート用延長フラグ,Extension WiMAX HOME 5G L12/L13,1,,,,,,,,*,wh/img001-ex.jpg,*,wh/img001-ex.jpg,,,,,,,,,,,,,,,,,,,,,,,1,1,en_wh_ex_155_bt,,1,,33550,35750,,5,,,,,,,,,,,,,,,,,37,Extension WiMAX HOME 5G L12/L13
3136,21068,747,2726,No,155-[extension]156Days (Value Rental Pack: 5Months Pack + 5Days),2,カート用延長フラグ,Extension WiMAX HOME 5G L12/L13,1,,,,,,,,*,wh/img001-ex.jpg,*,wh/img001-ex.jpg,,,,,,,,,,,,,,,,,,,,,,,0,1,en_wh_ex_155,,1,,33550,33550,,5,,,,,,,,,,,,,,,,,37,Extension WiMAX HOME 5G L12/L13
3136,21069,748,2727,Yes,156-[extension]157Days (Value Rental Pack: 6Months Pack),2,カート用延長フラグ,Extension WiMAX HOME 5G L12/L13,1,,,,,,,,*,wh/img001-ex.jpg,*,wh/img001-ex.jpg,,,,,,,,,,,,,,,,,,,,,,,1,1,en_wh_ex_180_bt,,1,,33600,35850,,5,,,,,,,,,,,,,,,,,37,Extension WiMAX HOME 5G L12/L13
3136,21070,747,2727,No,156-[extension]157Days (Value Rental Pack: 6Months Pack),2,カート用延長フラグ,Extension WiMAX HOME 5G L12/L13,1,,,,,,,,*,wh/img001-ex.jpg,*,wh/img001-ex.jpg,,,,,,,,,,,,,,,,,,,,,,,0,1,en_wh_ex_180,,1,,33600,33600,,5,,,,,,,,,,,,,,,,,37,Extension WiMAX HOME 5G L12/L13
3136,21071,748,2728,Yes,157-[extension]158Days (Value Rental Pack: 6Months Pack),2,カート用延長フラグ,Extension WiMAX HOME 5G L12/L13,1,,,,,,,,*,wh/img001-ex.jpg,*,wh/img001-ex.jpg,,,,,,,,,,,,,,,,,,,,,,,1,1,en_wh_ex_180_bt,,1,,33600,35850,,5,,,,,,,,,,,,,,,,,37,Extension WiMAX HOME 5G L12/L13
3136,21072,747,2728,No,157-[extension]158Days (Value Rental Pack: 6Months Pack),2,カート用延長フラグ,Extension WiMAX HOME 5G L12/L13,1,,,,,,,,*,wh/img001-ex.jpg,*,wh/img001-ex.jpg,,,,,,,,,,,,,,,,,,,,,,,0,1,en_wh_ex_180,,1,,33600,33600,,5,,,,,,,,,,,,,,,,,37,Extension WiMAX HOME 5G L12/L13
3136,21073,748,2729,Yes,158-[extension]159Days (Value Rental Pack: 6Months Pack),2,カート用延長フラグ,Extension WiMAX HOME 5G L12/L13,1,,,,,,,,*,wh/img001-ex.jpg,*,wh/img001-ex.jpg,,,,,,,,,,,,,,,,,,,,,,,1,1,en_wh_ex_180_bt,,1,,33600,35850,,5,,,,,,,,,,,,,,,,,37,Extension WiMAX HOME 5G L12/L13
3136,21074,747,2729,No,158-[extension]159Days (Value Rental Pack: 6Months Pack),2,カート用延長フラグ,Extension WiMAX HOME 5G L12/L13,1,,,,,,,,*,wh/img001-ex.jpg,*,wh/img001-ex.jpg,,,,,,,,,,,,,,,,,,,,,,,0,1,en_wh_ex_180,,1,,33600,33600,,5,,,,,,,,,,,,,,,,,37,Extension WiMAX HOME 5G L12/L13
3136,21075,748,2730,Yes,159-[extension]160Days (Value Rental Pack: 6Months Pack),2,カート用延長フラグ,Extension WiMAX HOME 5G L12/L13,1,,,,,,,,*,wh/img001-ex.jpg,*,wh/img001-ex.jpg,,,,,,,,,,,,,,,,,,,,,,,1,1,en_wh_ex_180_bt,,1,,33600,35850,,5,,,,,,,,,,,,,,,,,37,Extension WiMAX HOME 5G L12/L13
3136,21076,747,2730,No,159-[extension]160Days (Value Rental Pack: 6Months Pack),2,カート用延長フラグ,Extension WiMAX HOME 5G L12/L13,1,,,,,,,,*,wh/img001-ex.jpg,*,wh/img001-ex.jpg,,,,,,,,,,,,,,,,,,,,,,,0,1,en_wh_ex_180,,1,,33600,33600,,5,,,,,,,,,,,,,,,,,37,Extension WiMAX HOME 5G L12/L13
3136,21077,748,2731,Yes,160-[extension]161Days (Value Rental Pack: 6Months Pack),2,カート用延長フラグ,Extension WiMAX HOME 5G L12/L13,1,,,,,,,,*,wh/img001-ex.jpg,*,wh/img001-ex.jpg,,,,,,,,,,,,,,,,,,,,,,,1,1,en_wh_ex_180_bt,,1,,33600,35850,,5,,,,,,,,,,,,,,,,,37,Extension WiMAX HOME 5G L12/L13
3136,21078,747,2731,No,160-[extension]161Days (Value Rental Pack: 6Months Pack),2,カート用延長フラグ,Extension WiMAX HOME 5G L12/L13,1,,,,,,,,*,wh/img001-ex.jpg,*,wh/img001-ex.jpg,,,,,,,,,,,,,,,,,,,,,,,0,1,en_wh_ex_180,,1,,33600,33600,,5,,,,,,,,,,,,,,,,,37,Extension WiMAX HOME 5G L12/L13
3136,21079,748,2732,Yes,161-[extension]162Days (Value Rental Pack: 6Months Pack),2,カート用延長フラグ,Extension WiMAX HOME 5G L12/L13,1,,,,,,,,*,wh/img001-ex.jpg,*,wh/img001-ex.jpg,,,,,,,,,,,,,,,,,,,,,,,1,1,en_wh_ex_180_bt,,1,,33600,35850,,5,,,,,,,,,,,,,,,,,37,Extension WiMAX HOME 5G L12/L13
3136,21080,747,2732,No,161-[extension]162Days (Value Rental Pack: 6Months Pack),2,カート用延長フラグ,Extension WiMAX HOME 5G L12/L13,1,,,,,,,,*,wh/img001-ex.jpg,*,wh/img001-ex.jpg,,,,,,,,,,,,,,,,,,,,,,,0,1,en_wh_ex_180,,1,,33600,33600,,5,,,,,,,,,,,,,,,,,37,Extension WiMAX HOME 5G L12/L13
3136,21081,748,2733,Yes,162-[extension]163Days (Value Rental Pack: 6Months Pack),2,カート用延長フラグ,Extension WiMAX HOME 5G L12/L13,1,,,,,,,,*,wh/img001-ex.jpg,*,wh/img001-ex.jpg,,,,,,,,,,,,,,,,,,,,,,,1,1,en_wh_ex_180_bt,,1,,33600,35850,,5,,,,,,,,,,,,,,,,,37,Extension WiMAX HOME 5G L12/L13
3136,21082,747,2733,No,162-[extension]163Days (Value Rental Pack: 6Months Pack),2,カート用延長フラグ,Extension WiMAX HOME 5G L12/L13,1,,,,,,,,*,wh/img001-ex.jpg,*,wh/img001-ex.jpg,,,,,,,,,,,,,,,,,,,,,,,0,1,en_wh_ex_180,,1,,33600,33600,,5,,,,,,,,,,,,,,,,,37,Extension WiMAX HOME 5G L12/L13
3136,21083,748,2734,Yes,163-[extension]164Days (Value Rental Pack: 6Months Pack),2,カート用延長フラグ,Extension WiMAX HOME 5G L12/L13,1,,,,,,,,*,wh/img001-ex.jpg,*,wh/img001-ex.jpg,,,,,,,,,,,,,,,,,,,,,,,1,1,en_wh_ex_180_bt,,1,,33600,35850,,5,,,,,,,,,,,,,,,,,37,Extension WiMAX HOME 5G L12/L13
3136,21084,747,2734,No,163-[extension]164Days (Value Rental Pack: 6Months Pack),2,カート用延長フラグ,Extension WiMAX HOME 5G L12/L13,1,,,,,,,,*,wh/img001-ex.jpg,*,wh/img001-ex.jpg,,,,,,,,,,,,,,,,,,,,,,,0,1,en_wh_ex_180,,1,,33600,33600,,5,,,,,,,,,,,,,,,,,37,Extension WiMAX HOME 5G L12/L13
3136,21085,748,2735,Yes,164-[extension]165Days (Value Rental Pack: 6Months Pack),2,カート用延長フラグ,Extension WiMAX HOME 5G L12/L13,1,,,,,,,,*,wh/img001-ex.jpg,*,wh/img001-ex.jpg,,,,,,,,,,,,,,,,,,,,,,,1,1,en_wh_ex_180_bt,,1,,33600,35850,,5,,,,,,,,,,,,,,,,,37,Extension WiMAX HOME 5G L12/L13
3136,21086,747,2735,No,164-[extension]165Days (Value Rental Pack: 6Months Pack),2,カート用延長フラグ,Extension WiMAX HOME 5G L12/L13,1,,,,,,,,*,wh/img001-ex.jpg,*,wh/img001-ex.jpg,,,,,,,,,,,,,,,,,,,,,,,0,1,en_wh_ex_180,,1,,33600,33600,,5,,,,,,,,,,,,,,,,,37,Extension WiMAX HOME 5G L12/L13
3136,21087,748,2736,Yes,165-[extension]166Days (Value Rental Pack: 6Months Pack),2,カート用延長フラグ,Extension WiMAX HOME 5G L12/L13,1,,,,,,,,*,wh/img001-ex.jpg,*,wh/img001-ex.jpg,,,,,,,,,,,,,,,,,,,,,,,1,1,en_wh_ex_180_bt,,1,,33600,35850,,5,,,,,,,,,,,,,,,,,37,Extension WiMAX HOME 5G L12/L13
3136,21088,747,2736,No,165-[extension]166Days (Value Rental Pack: 6Months Pack),2,カート用延長フラグ,Extension WiMAX HOME 5G L12/L13,1,,,,,,,,*,wh/img001-ex.jpg,*,wh/img001-ex.jpg,,,,,,,,,,,,,,,,,,,,,,,0,1,en_wh_ex_180,,1,,33600,33600,,5,,,,,,,,,,,,,,,,,37,Extension WiMAX HOME 5G L12/L13
3136,21089,748,2737,Yes,166-[extension]167Days (Value Rental Pack: 6Months Pack),2,カート用延長フラグ,Extension WiMAX HOME 5G L12/L13,1,,,,,,,,*,wh/img001-ex.jpg,*,wh/img001-ex.jpg,,,,,,,,,,,,,,,,,,,,,,,1,1,en_wh_ex_180_bt,,1,,33600,35850,,5,,,,,,,,,,,,,,,,,37,Extension WiMAX HOME 5G L12/L13
3136,21090,747,2737,No,166-[extension]167Days (Value Rental Pack: 6Months Pack),2,カート用延長フラグ,Extension WiMAX HOME 5G L12/L13,1,,,,,,,,*,wh/img001-ex.jpg,*,wh/img001-ex.jpg,,,,,,,,,,,,,,,,,,,,,,,0,1,en_wh_ex_180,,1,,33600,33600,,5,,,,,,,,,,,,,,,,,37,Extension WiMAX HOME 5G L12/L13
3136,21091,748,2738,Yes,167-[extension]168Days (Value Rental Pack: 6Months Pack),2,カート用延長フラグ,Extension WiMAX HOME 5G L12/L13,1,,,,,,,,*,wh/img001-ex.jpg,*,wh/img001-ex.jpg,,,,,,,,,,,,,,,,,,,,,,,1,1,en_wh_ex_180_bt,,1,,33600,35850,,5,,,,,,,,,,,,,,,,,37,Extension WiMAX HOME 5G L12/L13
3136,21092,747,2738,No,167-[extension]168Days (Value Rental Pack: 6Months Pack),2,カート用延長フラグ,Extension WiMAX HOME 5G L12/L13,1,,,,,,,,*,wh/img001-ex.jpg,*,wh/img001-ex.jpg,,,,,,,,,,,,,,,,,,,,,,,0,1,en_wh_ex_180,,1,,33600,33600,,5,,,,,,,,,,,,,,,,,37,Extension WiMAX HOME 5G L12/L13
3136,21093,748,2739,Yes,168-[extension]169Days (Value Rental Pack: 6Months Pack),2,カート用延長フラグ,Extension WiMAX HOME 5G L12/L13,1,,,,,,,,*,wh/img001-ex.jpg,*,wh/img001-ex.jpg,,,,,,,,,,,,,,,,,,,,,,,1,1,en_wh_ex_180_bt,,1,,33600,35850,,5,,,,,,,,,,,,,,,,,37,Extension WiMAX HOME 5G L12/L13
3136,21094,747,2739,No,168-[extension]169Days (Value Rental Pack: 6Months Pack),2,カート用延長フラグ,Extension WiMAX HOME 5G L12/L13,1,,,,,,,,*,wh/img001-ex.jpg,*,wh/img001-ex.jpg,,,,,,,,,,,,,,,,,,,,,,,0,1,en_wh_ex_180,,1,,33600,33600,,5,,,,,,,,,,,,,,,,,37,Extension WiMAX HOME 5G L12/L13
3136,21095,748,2740,Yes,169-[extension]170Days (Value Rental Pack: 6Months Pack),2,カート用延長フラグ,Extension WiMAX HOME 5G L12/L13,1,,,,,,,,*,wh/img001-ex.jpg,*,wh/img001-ex.jpg,,,,,,,,,,,,,,,,,,,,,,,1,1,en_wh_ex_180_bt,,1,,33600,35850,,5,,,,,,,,,,,,,,,,,37,Extension WiMAX HOME 5G L12/L13
3136,21096,747,2740,No,169-[extension]170Days (Value Rental Pack: 6Months Pack),2,カート用延長フラグ,Extension WiMAX HOME 5G L12/L13,1,,,,,,,,*,wh/img001-ex.jpg,*,wh/img001-ex.jpg,,,,,,,,,,,,,,,,,,,,,,,0,1,en_wh_ex_180,,1,,33600,33600,,5,,,,,,,,,,,,,,,,,37,Extension WiMAX HOME 5G L12/L13
3136,21097,748,2741,Yes,170-[extension]171Days (Value Rental Pack: 6Months Pack),2,カート用延長フラグ,Extension WiMAX HOME 5G L12/L13,1,,,,,,,,*,wh/img001-ex.jpg,*,wh/img001-ex.jpg,,,,,,,,,,,,,,,,,,,,,,,1,1,en_wh_ex_180_bt,,1,,33600,35850,,5,,,,,,,,,,,,,,,,,37,Extension WiMAX HOME 5G L12/L13
3136,21098,747,2741,No,170-[extension]171Days (Value Rental Pack: 6Months Pack),2,カート用延長フラグ,Extension WiMAX HOME 5G L12/L13,1,,,,,,,,*,wh/img001-ex.jpg,*,wh/img001-ex.jpg,,,,,,,,,,,,,,,,,,,,,,,0,1,en_wh_ex_180,,1,,33600,33600,,5,,,,,,,,,,,,,,,,,37,Extension WiMAX HOME 5G L12/L13
3136,21099,748,2742,Yes,171-[extension]172Days (Value Rental Pack: 6Months Pack),2,カート用延長フラグ,Extension WiMAX HOME 5G L12/L13,1,,,,,,,,*,wh/img001-ex.jpg,*,wh/img001-ex.jpg,,,,,,,,,,,,,,,,,,,,,,,1,1,en_wh_ex_180_bt,,1,,33600,35850,,5,,,,,,,,,,,,,,,,,37,Extension WiMAX HOME 5G L12/L13
3136,21100,747,2742,No,171-[extension]172Days (Value Rental Pack: 6Months Pack),2,カート用延長フラグ,Extension WiMAX HOME 5G L12/L13,1,,,,,,,,*,wh/img001-ex.jpg,*,wh/img001-ex.jpg,,,,,,,,,,,,,,,,,,,,,,,0,1,en_wh_ex_180,,1,,33600,33600,,5,,,,,,,,,,,,,,,,,37,Extension WiMAX HOME 5G L12/L13
3136,21101,748,2743,Yes,172-[extension]173Days (Value Rental Pack: 6Months Pack),2,カート用延長フラグ,Extension WiMAX HOME 5G L12/L13,1,,,,,,,,*,wh/img001-ex.jpg,*,wh/img001-ex.jpg,,,,,,,,,,,,,,,,,,,,,,,1,1,en_wh_ex_180_bt,,1,,33600,35850,,5,,,,,,,,,,,,,,,,,37,Extension WiMAX HOME 5G L12/L13
3136,21102,747,2743,No,172-[extension]173Days (Value Rental Pack: 6Months Pack),2,カート用延長フラグ,Extension WiMAX HOME 5G L12/L13,1,,,,,,,,*,wh/img001-ex.jpg,*,wh/img001-ex.jpg,,,,,,,,,,,,,,,,,,,,,,,0,1,en_wh_ex_180,,1,,33600,33600,,5,,,,,,,,,,,,,,,,,37,Extension WiMAX HOME 5G L12/L13
3136,21103,748,2744,Yes,173-[extension]174Days (Value Rental Pack: 6Months Pack),2,カート用延長フラグ,Extension WiMAX HOME 5G L12/L13,1,,,,,,,,*,wh/img001-ex.jpg,*,wh/img001-ex.jpg,,,,,,,,,,,,,,,,,,,,,,,1,1,en_wh_ex_180_bt,,1,,33600,35850,,5,,,,,,,,,,,,,,,,,37,Extension WiMAX HOME 5G L12/L13
3136,21104,747,2744,No,173-[extension]174Days (Value Rental Pack: 6Months Pack),2,カート用延長フラグ,Extension WiMAX HOME 5G L12/L13,1,,,,,,,,*,wh/img001-ex.jpg,*,wh/img001-ex.jpg,,,,,,,,,,,,,,,,,,,,,,,0,1,en_wh_ex_180,,1,,33600,33600,,5,,,,,,,,,,,,,,,,,37,Extension WiMAX HOME 5G L12/L13
3136,21105,748,2745,Yes,174-[extension]175Days (Value Rental Pack: 6Months Pack),2,カート用延長フラグ,Extension WiMAX HOME 5G L12/L13,1,,,,,,,,*,wh/img001-ex.jpg,*,wh/img001-ex.jpg,,,,,,,,,,,,,,,,,,,,,,,1,1,en_wh_ex_180_bt,,1,,33600,35850,,5,,,,,,,,,,,,,,,,,37,Extension WiMAX HOME 5G L12/L13
3136,21106,747,2745,No,174-[extension]175Days (Value Rental Pack: 6Months Pack),2,カート用延長フラグ,Extension WiMAX HOME 5G L12/L13,1,,,,,,,,*,wh/img001-ex.jpg,*,wh/img001-ex.jpg,,,,,,,,,,,,,,,,,,,,,,,0,1,en_wh_ex_180,,1,,33600,33600,,5,,,,,,,,,,,,,,,,,37,Extension WiMAX HOME 5G L12/L13
3136,21107,748,2746,Yes,175-[extension]176Days (Value Rental Pack: 6Months Pack),2,カート用延長フラグ,Extension WiMAX HOME 5G L12/L13,1,,,,,,,,*,wh/img001-ex.jpg,*,wh/img001-ex.jpg,,,,,,,,,,,,,,,,,,,,,,,1,1,en_wh_ex_180_bt,,1,,33600,35850,,5,,,,,,,,,,,,,,,,,37,Extension WiMAX HOME 5G L12/L13
3136,21108,747,2746,No,175-[extension]176Days (Value Rental Pack: 6Months Pack),2,カート用延長フラグ,Extension WiMAX HOME 5G L12/L13,1,,,,,,,,*,wh/img001-ex.jpg,*,wh/img001-ex.jpg,,,,,,,,,,,,,,,,,,,,,,,0,1,en_wh_ex_180,,1,,33600,33600,,5,,,,,,,,,,,,,,,,,37,Extension WiMAX HOME 5G L12/L13
3136,21109,748,2747,Yes,176-[extension]177Days (Value Rental Pack: 6Months Pack),2,カート用延長フラグ,Extension WiMAX HOME 5G L12/L13,1,,,,,,,,*,wh/img001-ex.jpg,*,wh/img001-ex.jpg,,,,,,,,,,,,,,,,,,,,,,,1,1,en_wh_ex_180_bt,,1,,33600,35850,,5,,,,,,,,,,,,,,,,,37,Extension WiMAX HOME 5G L12/L13
3136,21110,747,2747,No,176-[extension]177Days (Value Rental Pack: 6Months Pack),2,カート用延長フラグ,Extension WiMAX HOME 5G L12/L13,1,,,,,,,,*,wh/img001-ex.jpg,*,wh/img001-ex.jpg,,,,,,,,,,,,,,,,,,,,,,,0,1,en_wh_ex_180,,1,,33600,33600,,5,,,,,,,,,,,,,,,,,37,Extension WiMAX HOME 5G L12/L13
3136,21111,748,2748,Yes,177-[extension]178Days (Value Rental Pack: 6Months Pack),2,カート用延長フラグ,Extension WiMAX HOME 5G L12/L13,1,,,,,,,,*,wh/img001-ex.jpg,*,wh/img001-ex.jpg,,,,,,,,,,,,,,,,,,,,,,,1,1,en_wh_ex_180_bt,,1,,33600,35850,,5,,,,,,,,,,,,,,,,,37,Extension WiMAX HOME 5G L12/L13
3136,21112,747,2748,No,177-[extension]178Days (Value Rental Pack: 6Months Pack),2,カート用延長フラグ,Extension WiMAX HOME 5G L12/L13,1,,,,,,,,*,wh/img001-ex.jpg,*,wh/img001-ex.jpg,,,,,,,,,,,,,,,,,,,,,,,0,1,en_wh_ex_180,,1,,33600,33600,,5,,,,,,,,,,,,,,,,,37,Extension WiMAX HOME 5G L12/L13
3136,21113,748,2749,Yes,178-[extension]179Days (Value Rental Pack: 6Months Pack),2,カート用延長フラグ,Extension WiMAX HOME 5G L12/L13,1,,,,,,,,*,wh/img001-ex.jpg,*,wh/img001-ex.jpg,,,,,,,,,,,,,,,,,,,,,,,1,1,en_wh_ex_180_bt,,1,,33600,35850,,5,,,,,,,,,,,,,,,,,37,Extension WiMAX HOME 5G L12/L13
3136,21114,747,2749,No,178-[extension]179Days (Value Rental Pack: 6Months Pack),2,カート用延長フラグ,Extension WiMAX HOME 5G L12/L13,1,,,,,,,,*,wh/img001-ex.jpg,*,wh/img001-ex.jpg,,,,,,,,,,,,,,,,,,,,,,,0,1,en_wh_ex_180,,1,,33600,33600,,5,,,,,,,,,,,,,,,,,37,Extension WiMAX HOME 5G L12/L13
3136,21115,748,2750,Yes,179-[extension]180Days (Value Rental Pack: 6Months Pack),2,カート用延長フラグ,Extension WiMAX HOME 5G L12/L13,1,,,,,,,,*,wh/img001-ex.jpg,*,wh/img001-ex.jpg,,,,,,,,,,,,,,,,,,,,,,,1,1,en_wh_ex_180_bt,,1,,33600,35850,,5,,,,,,,,,,,,,,,,,37,Extension WiMAX HOME 5G L12/L13
3136,21116,747,2750,No,179-[extension]180Days (Value Rental Pack: 6Months Pack),2,カート用延長フラグ,Extension WiMAX HOME 5G L12/L13,1,,,,,,,,*,wh/img001-ex.jpg,*,wh/img001-ex.jpg,,,,,,,,,,,,,,,,,,,,,,,0,1,en_wh_ex_180,,1,,33600,33600,,5,,,,,,,,,,,,,,,,,37,Extension WiMAX HOME 5G L12/L13
3136,21117,748,2751,Yes,180-[extension]181Days (Value Rental Pack: 6Months Pack),2,カート用延長フラグ,Extension WiMAX HOME 5G L12/L13,1,,,,,,,,*,wh/img001-ex.jpg,*,wh/img001-ex.jpg,,,,,,,,,,,,,,,,,,,,,,,1,1,en_wh_ex_180_bt,,1,,33600,35850,,5,,,,,,,,,,,,,,,,,37,Extension WiMAX HOME 5G L12/L13
3136,21118,747,2751,No,180-[extension]181Days (Value Rental Pack: 6Months Pack),2,カート用延長フラグ,Extension WiMAX HOME 5G L12/L13,1,,,,,,,,*,wh/img001-ex.jpg,*,wh/img001-ex.jpg,,,,,,,,,,,,,,,,,,,,,,,0,1,en_wh_ex_180,,1,,33600,33600,,5,,,,,,,,,,,,,,,,,37,Extension WiMAX HOME 5G L12/L13
3136,21119,748,2752,Yes,181-[extension]182Days (Value Rental Pack: 6Months Pack + 1Day),2,カート用延長フラグ,Extension WiMAX HOME 5G L12/L13,1,,,,,,,,*,wh/img001-ex.jpg,*,wh/img001-ex.jpg,,,,,,,,,,,,,,,,,,,,,,,1,1,en_wh_ex_181_bt,,1,,34190,36490,,5,,,,,,,,,,,,,,,,,37,Extension WiMAX HOME 5G L12/L13
3136,21120,747,2752,No,181-[extension]182Days (Value Rental Pack: 6Months Pack + 1Day),2,カート用延長フラグ,Extension WiMAX HOME 5G L12/L13,1,,,,,,,,*,wh/img001-ex.jpg,*,wh/img001-ex.jpg,,,,,,,,,,,,,,,,,,,,,,,0,1,en_wh_ex_181,,1,,34190,34190,,5,,,,,,,,,,,,,,,,,37,Extension WiMAX HOME 5G L12/L13
3136,21121,748,2753,Yes,182-[extension]183Days (Value Rental Pack: 6Months Pack + 2Days),2,カート用延長フラグ,Extension WiMAX HOME 5G L12/L13,1,,,,,,,,*,wh/img001-ex.jpg,*,wh/img001-ex.jpg,,,,,,,,,,,,,,,,,,,,,,,1,1,en_wh_ex_182_bt,,1,,34780,37130,,5,,,,,,,,,,,,,,,,,37,Extension WiMAX HOME 5G L12/L13
3136,21122,747,2753,No,182-[extension]183Days (Value Rental Pack: 6Months Pack + 2Days),2,カート用延長フラグ,Extension WiMAX HOME 5G L12/L13,1,,,,,,,,*,wh/img001-ex.jpg,*,wh/img001-ex.jpg,,,,,,,,,,,,,,,,,,,,,,,0,1,en_wh_ex_182,,1,,34780,34780,,5,,,,,,,,,,,,,,,,,37,Extension WiMAX HOME 5G L12/L13
3136,21123,748,2754,Yes,183-[extension]184Days (Value Rental Pack: 6Months Pack + 3Days),2,カート用延長フラグ,Extension WiMAX HOME 5G L12/L13,1,,,,,,,,*,wh/img001-ex.jpg,*,wh/img001-ex.jpg,,,,,,,,,,,,,,,,,,,,,,,1,1,en_wh_ex_183_bt,,1,,35370,37770,,5,,,,,,,,,,,,,,,,,37,Extension WiMAX HOME 5G L12/L13
3136,21124,747,2754,No,183-[extension]184Days (Value Rental Pack: 6Months Pack + 3Days),2,カート用延長フラグ,Extension WiMAX HOME 5G L12/L13,1,,,,,,,,*,wh/img001-ex.jpg,*,wh/img001-ex.jpg,,,,,,,,,,,,,,,,,,,,,,,0,1,en_wh_ex_183,,1,,35370,35370,,5,,,,,,,,,,,,,,,,,37,Extension WiMAX HOME 5G L12/L13
3136,21125,748,2755,Yes,184-[extension]185Days (Value Rental Pack: 6Months Pack + 4Days),2,カート用延長フラグ,Extension WiMAX HOME 5G L12/L13,1,,,,,,,,*,wh/img001-ex.jpg,*,wh/img001-ex.jpg,,,,,,,,,,,,,,,,,,,,,,,1,1,en_wh_ex_184_bt,,1,,35960,38410,,5,,,,,,,,,,,,,,,,,37,Extension WiMAX HOME 5G L12/L13
3136,21126,747,2755,No,184-[extension]185Days (Value Rental Pack: 6Months Pack + 4Days),2,カート用延長フラグ,Extension WiMAX HOME 5G L12/L13,1,,,,,,,,*,wh/img001-ex.jpg,*,wh/img001-ex.jpg,,,,,,,,,,,,,,,,,,,,,,,0,1,en_wh_ex_184,,1,,35960,35960,,5,,,,,,,,,,,,,,,,,37,Extension WiMAX HOME 5G L12/L13
3136,21127,748,2756,Yes,185-[extension]186Days (Value Rental Pack: 6Months Pack + 5Days),2,カート用延長フラグ,Extension WiMAX HOME 5G L12/L13,1,,,,,,,,*,wh/img001-ex.jpg,*,wh/img001-ex.jpg,,,,,,,,,,,,,,,,,,,,,,,1,1,en_wh_ex_185_bt,,1,,36550,39050,,5,,,,,,,,,,,,,,,,,37,Extension WiMAX HOME 5G L12/L13
3136,21128,747,2756,No,185-[extension]186Days (Value Rental Pack: 6Months Pack + 5Days),2,カート用延長フラグ,Extension WiMAX HOME 5G L12/L13,1,,,,,,,,*,wh/img001-ex.jpg,*,wh/img001-ex.jpg,,,,,,,,,,,,,,,,,,,,,,,0,1,en_wh_ex_185,,1,,36550,36550,,5,,,,,,,,,,,,,,,,,37,Extension WiMAX HOME 5G L12/L13
3136,21129,748,2757,Yes,186-[extension]187Days (Value Rental Pack: 6Months Pack + 6Days),2,カート用延長フラグ,Extension WiMAX HOME 5G L12/L13,1,,,,,,,,*,wh/img001-ex.jpg,*,wh/img001-ex.jpg,,,,,,,,,,,,,,,,,,,,,,,1,1,en_wh_ex_186_bt,,1,,37140,39690,,5,,,,,,,,,,,,,,,,,37,Extension WiMAX HOME 5G L12/L13
3136,21130,747,2757,No,186-[extension]187Days (Value Rental Pack: 6Months Pack + 6Days),2,カート用延長フラグ,Extension WiMAX HOME 5G L12/L13,1,,,,,,,,*,wh/img001-ex.jpg,*,wh/img001-ex.jpg,,,,,,,,,,,,,,,,,,,,,,,0,1,en_wh_ex_186,,1,,37140,37140,,5,,,,,,,,,,,,,,,,,37,Extension WiMAX HOME 5G L12/L13
3136,21131,748,2758,Yes,187-[extension]188Days (Value Rental Pack: 6Months Pack + 7Days),2,カート用延長フラグ,Extension WiMAX HOME 5G L12/L13,1,,,,,,,,*,wh/img001-ex.jpg,*,wh/img001-ex.jpg,,,,,,,,,,,,,,,,,,,,,,,1,1,en_wh_ex_187_bt,,1,,37730,40330,,5,,,,,,,,,,,,,,,,,37,Extension WiMAX HOME 5G L12/L13
3136,21132,747,2758,No,187-[extension]188Days (Value Rental Pack: 6Months Pack + 7Days),2,カート用延長フラグ,Extension WiMAX HOME 5G L12/L13,1,,,,,,,,*,wh/img001-ex.jpg,*,wh/img001-ex.jpg,,,,,,,,,,,,,,,,,,,,,,,0,1,en_wh_ex_187,,1,,37730,37730,,5,,,,,,,,,,,,,,,,,37,Extension WiMAX HOME 5G L12/L13
3136,21133,748,2759,Yes,188-[extension]189Days (Value Rental Pack: 6Months Pack + 8Days),2,カート用延長フラグ,Extension WiMAX HOME 5G L12/L13,1,,,,,,,,*,wh/img001-ex.jpg,*,wh/img001-ex.jpg,,,,,,,,,,,,,,,,,,,,,,,1,1,en_wh_ex_188_bt,,1,,38320,40970,,5,,,,,,,,,,,,,,,,,37,Extension WiMAX HOME 5G L12/L13
3136,21134,747,2759,No,188-[extension]189Days (Value Rental Pack: 6Months Pack + 8Days),2,カート用延長フラグ,Extension WiMAX HOME 5G L12/L13,1,,,,,,,,*,wh/img001-ex.jpg,*,wh/img001-ex.jpg,,,,,,,,,,,,,,,,,,,,,,,0,1,en_wh_ex_188,,1,,38320,38320,,5,,,,,,,,,,,,,,,,,37,Extension WiMAX HOME 5G L12/L13
3136,21135,748,2760,Yes,189-[extension]190Days (Value Rental Pack: 6Months Pack + 9Days),2,カート用延長フラグ,Extension WiMAX HOME 5G L12/L13,1,,,,,,,,*,wh/img001-ex.jpg,*,wh/img001-ex.jpg,,,,,,,,,,,,,,,,,,,,,,,1,1,en_wh_ex_189_bt,,1,,38910,41610,,5,,,,,,,,,,,,,,,,,37,Extension WiMAX HOME 5G L12/L13
3136,21136,747,2760,No,189-[extension]190Days (Value Rental Pack: 6Months Pack + 9Days),2,カート用延長フラグ,Extension WiMAX HOME 5G L12/L13,1,,,,,,,,*,wh/img001-ex.jpg,*,wh/img001-ex.jpg,,,,,,,,,,,,,,,,,,,,,,,0,1,en_wh_ex_189,,1,,38910,38910,,5,,,,,,,,,,,,,,,,,37,Extension WiMAX HOME 5G L12/L13
3136,21137,748,2761,Yes,190-[extension]191Days (Value Rental Pack: 6Months Pack + 10Days),2,カート用延長フラグ,Extension WiMAX HOME 5G L12/L13,1,,,,,,,,*,wh/img001-ex.jpg,*,wh/img001-ex.jpg,,,,,,,,,,,,,,,,,,,,,,,1,1,en_wh_ex_190_bt,,1,,39500,42250,,5,,,,,,,,,,,,,,,,,37,Extension WiMAX HOME 5G L12/L13
3136,21138,747,2761,No,190-[extension]191Days (Value Rental Pack: 6Months Pack + 10Days),2,カート用延長フラグ,Extension WiMAX HOME 5G L12/L13,1,,,,,,,,*,wh/img001-ex.jpg,*,wh/img001-ex.jpg,,,,,,,,,,,,,,,,,,,,,,,0,1,en_wh_ex_190,,1,,39500,39500,,5,,,,,,,,,,,,,,,,,37,Extension WiMAX HOME 5G L12/L13
3136,21139,748,2762,Yes,191-[extension]192Days (Value Rental Pack: 6Months Pack + 11Days),2,カート用延長フラグ,Extension WiMAX HOME 5G L12/L13,1,,,,,,,,*,wh/img001-ex.jpg,*,wh/img001-ex.jpg,,,,,,,,,,,,,,,,,,,,,,,1,1,en_wh_ex_191_bt,,1,,40090,42890,,5,,,,,,,,,,,,,,,,,37,Extension WiMAX HOME 5G L12/L13
3136,21140,747,2762,No,191-[extension]192Days (Value Rental Pack: 6Months Pack + 11Days),2,カート用延長フラグ,Extension WiMAX HOME 5G L12/L13,1,,,,,,,,*,wh/img001-ex.jpg,*,wh/img001-ex.jpg,,,,,,,,,,,,,,,,,,,,,,,0,1,en_wh_ex_191,,1,,40090,40090,,5,,,,,,,,,,,,,,,,,37,Extension WiMAX HOME 5G L12/L13
3136,21141,748,2763,Yes,192-[extension]193Days (Value Rental Pack: 6Months Pack + 12Days),2,カート用延長フラグ,Extension WiMAX HOME 5G L12/L13,1,,,,,,,,*,wh/img001-ex.jpg,*,wh/img001-ex.jpg,,,,,,,,,,,,,,,,,,,,,,,1,1,en_wh_ex_192_bt,,1,,40680,43530,,5,,,,,,,,,,,,,,,,,37,Extension WiMAX HOME 5G L12/L13
3136,21142,747,2763,No,192-[extension]193Days (Value Rental Pack: 6Months Pack + 12Days),2,カート用延長フラグ,Extension WiMAX HOME 5G L12/L13,1,,,,,,,,*,wh/img001-ex.jpg,*,wh/img001-ex.jpg,,,,,,,,,,,,,,,,,,,,,,,0,1,en_wh_ex_192,,1,,40680,40680,,5,,,,,,,,,,,,,,,,,37,Extension WiMAX HOME 5G L12/L13
3136,21143,748,2764,Yes,193-[extension]194Days (Value Rental Pack: 6Months Pack + 13Days),2,カート用延長フラグ,Extension WiMAX HOME 5G L12/L13,1,,,,,,,,*,wh/img001-ex.jpg,*,wh/img001-ex.jpg,,,,,,,,,,,,,,,,,,,,,,,1,1,en_wh_ex_193_bt,,1,,41270,44170,,5,,,,,,,,,,,,,,,,,37,Extension WiMAX HOME 5G L12/L13
3136,21144,747,2764,No,193-[extension]194Days (Value Rental Pack: 6Months Pack + 13Days),2,カート用延長フラグ,Extension WiMAX HOME 5G L12/L13,1,,,,,,,,*,wh/img001-ex.jpg,*,wh/img001-ex.jpg,,,,,,,,,,,,,,,,,,,,,,,0,1,en_wh_ex_193,,1,,41270,41270,,5,,,,,,,,,,,,,,,,,37,Extension WiMAX HOME 5G L12/L13
3136,21145,748,2765,Yes,194-[extension]195Days (Value Rental Pack: 6Months Pack + 14Days),2,カート用延長フラグ,Extension WiMAX HOME 5G L12/L13,1,,,,,,,,*,wh/img001-ex.jpg,*,wh/img001-ex.jpg,,,,,,,,,,,,,,,,,,,,,,,1,1,en_wh_ex_194_bt,,1,,41860,44810,,5,,,,,,,,,,,,,,,,,37,Extension WiMAX HOME 5G L12/L13
3136,21146,747,2765,No,194-[extension]195Days (Value Rental Pack: 6Months Pack + 14Days),2,カート用延長フラグ,Extension WiMAX HOME 5G L12/L13,1,,,,,,,,*,wh/img001-ex.jpg,*,wh/img001-ex.jpg,,,,,,,,,,,,,,,,,,,,,,,0,1,en_wh_ex_194,,1,,41860,41860,,5,,,,,,,,,,,,,,,,,37,Extension WiMAX HOME 5G L12/L13
3136,21147,748,2766,Yes,195-[extension]196Days (Value Rental Pack: 6Months Pack + 1Month Pack),2,カート用延長フラグ,Extension WiMAX HOME 5G L12/L13,1,,,,,,,,*,wh/img001-ex.jpg,*,wh/img001-ex.jpg,,,,,,,,,,,,,,,,,,,,,,,1,1,en_wh_ex_211_bt,,1,,42450,45450,,5,,,,,,,,,,,,,,,,,37,Extension WiMAX HOME 5G L12/L13
3136,21148,747,2766,No,195-[extension]196Days (Value Rental Pack: 6Months Pack + 1Month Pack),2,カート用延長フラグ,Extension WiMAX HOME 5G L12/L13,1,,,,,,,,*,wh/img001-ex.jpg,*,wh/img001-ex.jpg,,,,,,,,,,,,,,,,,,,,,,,0,1,en_wh_ex_211,,1,,42450,42450,,5,,,,,,,,,,,,,,,,,37,Extension WiMAX HOME 5G L12/L13
3136,21149,748,2767,Yes,196-[extension]197Days (Value Rental Pack: 6Months Pack + 1Month Pack),2,カート用延長フラグ,Extension WiMAX HOME 5G L12/L13,1,,,,,,,,*,wh/img001-ex.jpg,*,wh/img001-ex.jpg,,,,,,,,,,,,,,,,,,,,,,,1,1,en_wh_ex_211_bt,,1,,42450,45450,,5,,,,,,,,,,,,,,,,,37,Extension WiMAX HOME 5G L12/L13
3136,21150,747,2767,No,196-[extension]197Days (Value Rental Pack: 6Months Pack + 1Month Pack),2,カート用延長フラグ,Extension WiMAX HOME 5G L12/L13,1,,,,,,,,*,wh/img001-ex.jpg,*,wh/img001-ex.jpg,,,,,,,,,,,,,,,,,,,,,,,0,1,en_wh_ex_211,,1,,42450,42450,,5,,,,,,,,,,,,,,,,,37,Extension WiMAX HOME 5G L12/L13
3136,21151,748,2768,Yes,197-[extension]198Days (Value Rental Pack: 6Months Pack + 1Month Pack),2,カート用延長フラグ,Extension WiMAX HOME 5G L12/L13,1,,,,,,,,*,wh/img001-ex.jpg,*,wh/img001-ex.jpg,,,,,,,,,,,,,,,,,,,,,,,1,1,en_wh_ex_211_bt,,1,,42450,45450,,5,,,,,,,,,,,,,,,,,37,Extension WiMAX HOME 5G L12/L13
3136,21152,747,2768,No,197-[extension]198Days (Value Rental Pack: 6Months Pack + 1Month Pack),2,カート用延長フラグ,Extension WiMAX HOME 5G L12/L13,1,,,,,,,,*,wh/img001-ex.jpg,*,wh/img001-ex.jpg,,,,,,,,,,,,,,,,,,,,,,,0,1,en_wh_ex_211,,1,,42450,42450,,5,,,,,,,,,,,,,,,,,37,Extension WiMAX HOME 5G L12/L13
3136,21153,748,2769,Yes,198-[extension]199Days (Value Rental Pack: 6Months Pack + 1Month Pack),2,カート用延長フラグ,Extension WiMAX HOME 5G L12/L13,1,,,,,,,,*,wh/img001-ex.jpg,*,wh/img001-ex.jpg,,,,,,,,,,,,,,,,,,,,,,,1,1,en_wh_ex_211_bt,,1,,42450,45450,,5,,,,,,,,,,,,,,,,,37,Extension WiMAX HOME 5G L12/L13
3136,21154,747,2769,No,198-[extension]199Days (Value Rental Pack: 6Months Pack + 1Month Pack),2,カート用延長フラグ,Extension WiMAX HOME 5G L12/L13,1,,,,,,,,*,wh/img001-ex.jpg,*,wh/img001-ex.jpg,,,,,,,,,,,,,,,,,,,,,,,0,1,en_wh_ex_211,,1,,42450,42450,,5,,,,,,,,,,,,,,,,,37,Extension WiMAX HOME 5G L12/L13
3136,21155,748,2770,Yes,199-[extension]200Days (Value Rental Pack: 6Months Pack + 1Month Pack),2,カート用延長フラグ,Extension WiMAX HOME 5G L12/L13,1,,,,,,,,*,wh/img001-ex.jpg,*,wh/img001-ex.jpg,,,,,,,,,,,,,,,,,,,,,,,1,1,en_wh_ex_211_bt,,1,,42450,45450,,5,,,,,,,,,,,,,,,,,37,Extension WiMAX HOME 5G L12/L13
3136,21156,747,2770,No,199-[extension]200Days (Value Rental Pack: 6Months Pack + 1Month Pack),2,カート用延長フラグ,Extension WiMAX HOME 5G L12/L13,1,,,,,,,,*,wh/img001-ex.jpg,*,wh/img001-ex.jpg,,,,,,,,,,,,,,,,,,,,,,,0,1,en_wh_ex_211,,1,,42450,42450,,5,,,,,,,,,,,,,,,,,37,Extension WiMAX HOME 5G L12/L13
3136,21157,748,2771,Yes,200-[extension]201Days (Value Rental Pack: 6Months Pack + 1Month Pack),2,カート用延長フラグ,Extension WiMAX HOME 5G L12/L13,1,,,,,,,,*,wh/img001-ex.jpg,*,wh/img001-ex.jpg,,,,,,,,,,,,,,,,,,,,,,,1,1,en_wh_ex_211_bt,,1,,42450,45450,,5,,,,,,,,,,,,,,,,,37,Extension WiMAX HOME 5G L12/L13
3136,21158,747,2771,No,200-[extension]201Days (Value Rental Pack: 6Months Pack + 1Month Pack),2,カート用延長フラグ,Extension WiMAX HOME 5G L12/L13,1,,,,,,,,*,wh/img001-ex.jpg,*,wh/img001-ex.jpg,,,,,,,,,,,,,,,,,,,,,,,0,1,en_wh_ex_211,,1,,42450,42450,,5,,,,,,,,,,,,,,,,,37,Extension WiMAX HOME 5G L12/L13
3136,21159,748,2772,Yes,201-[extension]202Days (Value Rental Pack: 6Months Pack + 1Month Pack),2,カート用延長フラグ,Extension WiMAX HOME 5G L12/L13,1,,,,,,,,*,wh/img001-ex.jpg,*,wh/img001-ex.jpg,,,,,,,,,,,,,,,,,,,,,,,1,1,en_wh_ex_211_bt,,1,,42450,45450,,5,,,,,,,,,,,,,,,,,37,Extension WiMAX HOME 5G L12/L13
3136,21160,747,2772,No,201-[extension]202Days (Value Rental Pack: 6Months Pack + 1Month Pack),2,カート用延長フラグ,Extension WiMAX HOME 5G L12/L13,1,,,,,,,,*,wh/img001-ex.jpg,*,wh/img001-ex.jpg,,,,,,,,,,,,,,,,,,,,,,,0,1,en_wh_ex_211,,1,,42450,42450,,5,,,,,,,,,,,,,,,,,37,Extension WiMAX HOME 5G L12/L13
3136,21161,748,2773,Yes,202-[extension]203Days (Value Rental Pack: 6Months Pack + 1Month Pack),2,カート用延長フラグ,Extension WiMAX HOME 5G L12/L13,1,,,,,,,,*,wh/img001-ex.jpg,*,wh/img001-ex.jpg,,,,,,,,,,,,,,,,,,,,,,,1,1,en_wh_ex_211_bt,,1,,42450,45450,,5,,,,,,,,,,,,,,,,,37,Extension WiMAX HOME 5G L12/L13
3136,21162,747,2773,No,202-[extension]203Days (Value Rental Pack: 6Months Pack + 1Month Pack),2,カート用延長フラグ,Extension WiMAX HOME 5G L12/L13,1,,,,,,,,*,wh/img001-ex.jpg,*,wh/img001-ex.jpg,,,,,,,,,,,,,,,,,,,,,,,0,1,en_wh_ex_211,,1,,42450,42450,,5,,,,,,,,,,,,,,,,,37,Extension WiMAX HOME 5G L12/L13
3136,21163,748,2774,Yes,203-[extension]204Days (Value Rental Pack: 6Months Pack + 1Month Pack),2,カート用延長フラグ,Extension WiMAX HOME 5G L12/L13,1,,,,,,,,*,wh/img001-ex.jpg,*,wh/img001-ex.jpg,,,,,,,,,,,,,,,,,,,,,,,1,1,en_wh_ex_211_bt,,1,,42450,45450,,5,,,,,,,,,,,,,,,,,37,Extension WiMAX HOME 5G L12/L13
3136,21164,747,2774,No,203-[extension]204Days (Value Rental Pack: 6Months Pack + 1Month Pack),2,カート用延長フラグ,Extension WiMAX HOME 5G L12/L13,1,,,,,,,,*,wh/img001-ex.jpg,*,wh/img001-ex.jpg,,,,,,,,,,,,,,,,,,,,,,,0,1,en_wh_ex_211,,1,,42450,42450,,5,,,,,,,,,,,,,,,,,37,Extension WiMAX HOME 5G L12/L13
3136,21165,748,2775,Yes,204-[extension]205Days (Value Rental Pack: 6Months Pack + 1Month Pack),2,カート用延長フラグ,Extension WiMAX HOME 5G L12/L13,1,,,,,,,,*,wh/img001-ex.jpg,*,wh/img001-ex.jpg,,,,,,,,,,,,,,,,,,,,,,,1,1,en_wh_ex_211_bt,,1,,42450,45450,,5,,,,,,,,,,,,,,,,,37,Extension WiMAX HOME 5G L12/L13
3136,21166,747,2775,No,204-[extension]205Days (Value Rental Pack: 6Months Pack + 1Month Pack),2,カート用延長フラグ,Extension WiMAX HOME 5G L12/L13,1,,,,,,,,*,wh/img001-ex.jpg,*,wh/img001-ex.jpg,,,,,,,,,,,,,,,,,,,,,,,0,1,en_wh_ex_211,,1,,42450,42450,,5,,,,,,,,,,,,,,,,,37,Extension WiMAX HOME 5G L12/L13
3136,21167,748,2776,Yes,205-[extension]206Days (Value Rental Pack: 6Months Pack + 1Month Pack),2,カート用延長フラグ,Extension WiMAX HOME 5G L12/L13,1,,,,,,,,*,wh/img001-ex.jpg,*,wh/img001-ex.jpg,,,,,,,,,,,,,,,,,,,,,,,1,1,en_wh_ex_211_bt,,1,,42450,45450,,5,,,,,,,,,,,,,,,,,37,Extension WiMAX HOME 5G L12/L13
3136,21168,747,2776,No,205-[extension]206Days (Value Rental Pack: 6Months Pack + 1Month Pack),2,カート用延長フラグ,Extension WiMAX HOME 5G L12/L13,1,,,,,,,,*,wh/img001-ex.jpg,*,wh/img001-ex.jpg,,,,,,,,,,,,,,,,,,,,,,,0,1,en_wh_ex_211,,1,,42450,42450,,5,,,,,,,,,,,,,,,,,37,Extension WiMAX HOME 5G L12/L13
3136,21169,748,2777,Yes,206-[extension]207Days (Value Rental Pack: 6Months Pack + 1Month Pack),2,カート用延長フラグ,Extension WiMAX HOME 5G L12/L13,1,,,,,,,,*,wh/img001-ex.jpg,*,wh/img001-ex.jpg,,,,,,,,,,,,,,,,,,,,,,,1,1,en_wh_ex_211_bt,,1,,42450,45450,,5,,,,,,,,,,,,,,,,,37,Extension WiMAX HOME 5G L12/L13
3136,21170,747,2777,No,206-[extension]207Days (Value Rental Pack: 6Months Pack + 1Month Pack),2,カート用延長フラグ,Extension WiMAX HOME 5G L12/L13,1,,,,,,,,*,wh/img001-ex.jpg,*,wh/img001-ex.jpg,,,,,,,,,,,,,,,,,,,,,,,0,1,en_wh_ex_211,,1,,42450,42450,,5,,,,,,,,,,,,,,,,,37,Extension WiMAX HOME 5G L12/L13
3136,21171,748,2778,Yes,207-[extension]208Days (Value Rental Pack: 6Months Pack + 1Month Pack),2,カート用延長フラグ,Extension WiMAX HOME 5G L12/L13,1,,,,,,,,*,wh/img001-ex.jpg,*,wh/img001-ex.jpg,,,,,,,,,,,,,,,,,,,,,,,1,1,en_wh_ex_211_bt,,1,,42450,45450,,5,,,,,,,,,,,,,,,,,37,Extension WiMAX HOME 5G L12/L13
3136,21172,747,2778,No,207-[extension]208Days (Value Rental Pack: 6Months Pack + 1Month Pack),2,カート用延長フラグ,Extension WiMAX HOME 5G L12/L13,1,,,,,,,,*,wh/img001-ex.jpg,*,wh/img001-ex.jpg,,,,,,,,,,,,,,,,,,,,,,,0,1,en_wh_ex_211,,1,,42450,42450,,5,,,,,,,,,,,,,,,,,37,Extension WiMAX HOME 5G L12/L13
3136,21173,748,2779,Yes,208-[extension]209Days (Value Rental Pack: 6Months Pack + 1Month Pack),2,カート用延長フラグ,Extension WiMAX HOME 5G L12/L13,1,,,,,,,,*,wh/img001-ex.jpg,*,wh/img001-ex.jpg,,,,,,,,,,,,,,,,,,,,,,,1,1,en_wh_ex_211_bt,,1,,42450,45450,,5,,,,,,,,,,,,,,,,,37,Extension WiMAX HOME 5G L12/L13
3136,21174,747,2779,No,208-[extension]209Days (Value Rental Pack: 6Months Pack + 1Month Pack),2,カート用延長フラグ,Extension WiMAX HOME 5G L12/L13,1,,,,,,,,*,wh/img001-ex.jpg,*,wh/img001-ex.jpg,,,,,,,,,,,,,,,,,,,,,,,0,1,en_wh_ex_211,,1,,42450,42450,,5,,,,,,,,,,,,,,,,,37,Extension WiMAX HOME 5G L12/L13
3136,21175,748,2780,Yes,209-[extension]210Days (Value Rental Pack: 6Months Pack + 1Month Pack),2,カート用延長フラグ,Extension WiMAX HOME 5G L12/L13,1,,,,,,,,*,wh/img001-ex.jpg,*,wh/img001-ex.jpg,,,,,,,,,,,,,,,,,,,,,,,1,1,en_wh_ex_211_bt,,1,,42450,45450,,5,,,,,,,,,,,,,,,,,37,Extension WiMAX HOME 5G L12/L13
3136,21176,747,2780,No,209-[extension]210Days (Value Rental Pack: 6Months Pack + 1Month Pack),2,カート用延長フラグ,Extension WiMAX HOME 5G L12/L13,1,,,,,,,,*,wh/img001-ex.jpg,*,wh/img001-ex.jpg,,,,,,,,,,,,,,,,,,,,,,,0,1,en_wh_ex_211,,1,,42450,42450,,5,,,,,,,,,,,,,,,,,37,Extension WiMAX HOME 5G L12/L13
3136,21177,748,2781,Yes,210-[extension]211Days (Value Rental Pack: 6Months Pack + 1Month Pack),2,カート用延長フラグ,Extension WiMAX HOME 5G L12/L13,1,,,,,,,,*,wh/img001-ex.jpg,*,wh/img001-ex.jpg,,,,,,,,,,,,,,,,,,,,,,,1,1,en_wh_ex_211_bt,,1,,42450,45450,,5,,,,,,,,,,,,,,,,,37,Extension WiMAX HOME 5G L12/L13
3136,21178,747,2781,No,210-[extension]211Days (Value Rental Pack: 6Months Pack + 1Month Pack),2,カート用延長フラグ,Extension WiMAX HOME 5G L12/L13,1,,,,,,,,*,wh/img001-ex.jpg,*,wh/img001-ex.jpg,,,,,,,,,,,,,,,,,,,,,,,0,1,en_wh_ex_211,,1,,42450,42450,,5,,,,,,,,,,,,,,,,,37,Extension WiMAX HOME 5G L12/L13
3136,21179,748,2782,Yes,211-[extension]212Days (Value Rental Pack: 6Months Pack + 1Month Pack),2,カート用延長フラグ,Extension WiMAX HOME 5G L12/L13,1,,,,,,,,*,wh/img001-ex.jpg,*,wh/img001-ex.jpg,,,,,,,,,,,,,,,,,,,,,,,1,1,en_wh_ex_211_bt,,1,,42450,45450,,5,,,,,,,,,,,,,,,,,37,Extension WiMAX HOME 5G L12/L13
3136,21180,747,2782,No,211-[extension]212Days (Value Rental Pack: 6Months Pack + 1Month Pack),2,カート用延長フラグ,Extension WiMAX HOME 5G L12/L13,1,,,,,,,,*,wh/img001-ex.jpg,*,wh/img001-ex.jpg,,,,,,,,,,,,,,,,,,,,,,,0,1,en_wh_ex_211,,1,,42450,42450,,5,,,,,,,,,,,,,,,,,37,Extension WiMAX HOME 5G L12/L13
3136,21181,748,2783,Yes,212-[extension]213Days (Value Rental Pack: 6Months Pack + 1Month Pack + 1Day),2,カート用延長フラグ,Extension WiMAX HOME 5G L12/L13,1,,,,,,,,*,wh/img001-ex.jpg,*,wh/img001-ex.jpg,,,,,,,,,,,,,,,,,,,,,,,1,1,en_wh_ex_212_bt,,1,,43040,46090,,5,,,,,,,,,,,,,,,,,37,Extension WiMAX HOME 5G L12/L13
3136,21182,747,2783,No,212-[extension]213Days (Value Rental Pack: 6Months Pack + 1Month Pack + 1Day),2,カート用延長フラグ,Extension WiMAX HOME 5G L12/L13,1,,,,,,,,*,wh/img001-ex.jpg,*,wh/img001-ex.jpg,,,,,,,,,,,,,,,,,,,,,,,0,1,en_wh_ex_212,,1,,43040,43040,,5,,,,,,,,,,,,,,,,,37,Extension WiMAX HOME 5G L12/L13
3136,21183,748,2784,Yes,213-[extension]214Days (Value Rental Pack: 6Months Pack + 1Month Pack + 2Days),2,カート用延長フラグ,Extension WiMAX HOME 5G L12/L13,1,,,,,,,,*,wh/img001-ex.jpg,*,wh/img001-ex.jpg,,,,,,,,,,,,,,,,,,,,,,,1,1,en_wh_ex_213_bt,,1,,43630,46730,,5,,,,,,,,,,,,,,,,,37,Extension WiMAX HOME 5G L12/L13
3136,21184,747,2784,No,213-[extension]214Days (Value Rental Pack: 6Months Pack + 1Month Pack + 2Days),2,カート用延長フラグ,Extension WiMAX HOME 5G L12/L13,1,,,,,,,,*,wh/img001-ex.jpg,*,wh/img001-ex.jpg,,,,,,,,,,,,,,,,,,,,,,,0,1,en_wh_ex_213,,1,,43630,43630,,5,,,,,,,,,,,,,,,,,37,Extension WiMAX HOME 5G L12/L13
3136,21185,748,2785,Yes,214-[extension]215Days (Value Rental Pack: 6Months Pack + 1Month Pack + 3Days),2,カート用延長フラグ,Extension WiMAX HOME 5G L12/L13,1,,,,,,,,*,wh/img001-ex.jpg,*,wh/img001-ex.jpg,,,,,,,,,,,,,,,,,,,,,,,1,1,en_wh_ex_214_bt,,1,,44220,47370,,5,,,,,,,,,,,,,,,,,37,Extension WiMAX HOME 5G L12/L13
3136,21186,747,2785,No,214-[extension]215Days (Value Rental Pack: 6Months Pack + 1Month Pack + 3Days),2,カート用延長フラグ,Extension WiMAX HOME 5G L12/L13,1,,,,,,,,*,wh/img001-ex.jpg,*,wh/img001-ex.jpg,,,,,,,,,,,,,,,,,,,,,,,0,1,en_wh_ex_214,,1,,44220,44220,,5,,,,,,,,,,,,,,,,,37,Extension WiMAX HOME 5G L12/L13
3136,21187,748,2786,Yes,215-[extension]216Days (Value Rental Pack: 6Months Pack + 1Month Pack + 4Days),2,カート用延長フラグ,Extension WiMAX HOME 5G L12/L13,1,,,,,,,,*,wh/img001-ex.jpg,*,wh/img001-ex.jpg,,,,,,,,,,,,,,,,,,,,,,,1,1,en_wh_ex_215_bt,,1,,44810,48010,,5,,,,,,,,,,,,,,,,,37,Extension WiMAX HOME 5G L12/L13
3136,21188,747,2786,No,215-[extension]216Days (Value Rental Pack: 6Months Pack + 1Month Pack + 4Days),2,カート用延長フラグ,Extension WiMAX HOME 5G L12/L13,1,,,,,,,,*,wh/img001-ex.jpg,*,wh/img001-ex.jpg,,,,,,,,,,,,,,,,,,,,,,,0,1,en_wh_ex_215,,1,,44810,44810,,5,,,,,,,,,,,,,,,,,37,Extension WiMAX HOME 5G L12/L13
3136,21189,748,2787,Yes,216-[extension]217Days (Value Rental Pack: 6Months Pack + 1Month Pack + 5Days),2,カート用延長フラグ,Extension WiMAX HOME 5G L12/L13,1,,,,,,,,*,wh/img001-ex.jpg,*,wh/img001-ex.jpg,,,,,,,,,,,,,,,,,,,,,,,1,1,en_wh_ex_216_bt,,1,,45400,48650,,5,,,,,,,,,,,,,,,,,37,Extension WiMAX HOME 5G L12/L13
3136,21190,747,2787,No,216-[extension]217Days (Value Rental Pack: 6Months Pack + 1Month Pack + 5Days),2,カート用延長フラグ,Extension WiMAX HOME 5G L12/L13,1,,,,,,,,*,wh/img001-ex.jpg,*,wh/img001-ex.jpg,,,,,,,,,,,,,,,,,,,,,,,0,1,en_wh_ex_216,,1,,45400,45400,,5,,,,,,,,,,,,,,,,,37,Extension WiMAX HOME 5G L12/L13
3136,21191,748,2788,Yes,217-[extension]218Days (Value Rental Pack: 6Months Pack + 1Month Pack + 6Days),2,カート用延長フラグ,Extension WiMAX HOME 5G L12/L13,1,,,,,,,,*,wh/img001-ex.jpg,*,wh/img001-ex.jpg,,,,,,,,,,,,,,,,,,,,,,,1,1,en_wh_ex_217_bt,,1,,45990,49290,,5,,,,,,,,,,,,,,,,,37,Extension WiMAX HOME 5G L12/L13
3136,21192,747,2788,No,217-[extension]218Days (Value Rental Pack: 6Months Pack + 1Month Pack + 6Days),2,カート用延長フラグ,Extension WiMAX HOME 5G L12/L13,1,,,,,,,,*,wh/img001-ex.jpg,*,wh/img001-ex.jpg,,,,,,,,,,,,,,,,,,,,,,,0,1,en_wh_ex_217,,1,,45990,45990,,5,,,,,,,,,,,,,,,,,37,Extension WiMAX HOME 5G L12/L13
3136,21193,748,2789,Yes,218-[extension]219Days (Value Rental Pack: 6Months Pack + 1Month Pack + 7Days),2,カート用延長フラグ,Extension WiMAX HOME 5G L12/L13,1,,,,,,,,*,wh/img001-ex.jpg,*,wh/img001-ex.jpg,,,,,,,,,,,,,,,,,,,,,,,1,1,en_wh_ex_218_bt,,1,,46580,49880,,5,,,,,,,,,,,,,,,,,37,Extension WiMAX HOME 5G L12/L13
3136,21194,747,2789,No,218-[extension]219Days (Value Rental Pack: 6Months Pack + 1Month Pack + 7Days),2,カート用延長フラグ,Extension WiMAX HOME 5G L12/L13,1,,,,,,,,*,wh/img001-ex.jpg,*,wh/img001-ex.jpg,,,,,,,,,,,,,,,,,,,,,,,0,1,en_wh_ex_218,,1,,46580,46580,,5,,,,,,,,,,,,,,,,,37,Extension WiMAX HOME 5G L12/L13
3136,21195,748,2790,Yes,219-[extension]220Days (Value Rental Pack: 6Months Pack + 1Month Pack + 8Days),2,カート用延長フラグ,Extension WiMAX HOME 5G L12/L13,1,,,,,,,,*,wh/img001-ex.jpg,*,wh/img001-ex.jpg,,,,,,,,,,,,,,,,,,,,,,,1,1,en_wh_ex_219_bt,,1,,47170,50470,,5,,,,,,,,,,,,,,,,,37,Extension WiMAX HOME 5G L12/L13
3136,21196,747,2790,No,219-[extension]220Days (Value Rental Pack: 6Months Pack + 1Month Pack + 8Days),2,カート用延長フラグ,Extension WiMAX HOME 5G L12/L13,1,,,,,,,,*,wh/img001-ex.jpg,*,wh/img001-ex.jpg,,,,,,,,,,,,,,,,,,,,,,,0,1,en_wh_ex_219,,1,,47170,47170,,5,,,,,,,,,,,,,,,,,37,Extension WiMAX HOME 5G L12/L13
3136,21197,748,2791,Yes,220-[extension]221Days (Value Rental Pack: 6Months Pack + 1Month Pack + 9Days),2,カート用延長フラグ,Extension WiMAX HOME 5G L12/L13,1,,,,,,,,*,wh/img001-ex.jpg,*,wh/img001-ex.jpg,,,,,,,,,,,,,,,,,,,,,,,1,1,en_wh_ex_220_bt,,1,,47760,51060,,5,,,,,,,,,,,,,,,,,37,Extension WiMAX HOME 5G L12/L13
3136,21198,747,2791,No,220-[extension]221Days (Value Rental Pack: 6Months Pack + 1Month Pack + 9Days),2,カート用延長フラグ,Extension WiMAX HOME 5G L12/L13,1,,,,,,,,*,wh/img001-ex.jpg,*,wh/img001-ex.jpg,,,,,,,,,,,,,,,,,,,,,,,0,1,en_wh_ex_220,,1,,47760,47760,,5,,,,,,,,,,,,,,,,,37,Extension WiMAX HOME 5G L12/L13
3136,21199,748,2792,Yes,221-[extension]222Days (Value Rental Pack: 6Months Pack + 1Month Pack + 10Days),2,カート用延長フラグ,Extension WiMAX HOME 5G L12/L13,1,,,,,,,,*,wh/img001-ex.jpg,*,wh/img001-ex.jpg,,,,,,,,,,,,,,,,,,,,,,,1,1,en_wh_ex_221_bt,,1,,48350,51650,,5,,,,,,,,,,,,,,,,,37,Extension WiMAX HOME 5G L12/L13
3136,21200,747,2792,No,221-[extension]222Days (Value Rental Pack: 6Months Pack + 1Month Pack + 10Days),2,カート用延長フラグ,Extension WiMAX HOME 5G L12/L13,1,,,,,,,,*,wh/img001-ex.jpg,*,wh/img001-ex.jpg,,,,,,,,,,,,,,,,,,,,,,,0,1,en_wh_ex_221,,1,,48350,48350,,5,,,,,,,,,,,,,,,,,37,Extension WiMAX HOME 5G L12/L13
3136,21201,748,2793,Yes,222-[extension]223Days (Value Rental Pack: 6Months Pack + 1Month Pack + 11Days),2,カート用延長フラグ,Extension WiMAX HOME 5G L12/L13,1,,,,,,,,*,wh/img001-ex.jpg,*,wh/img001-ex.jpg,,,,,,,,,,,,,,,,,,,,,,,1,1,en_wh_ex_222_bt,,1,,48940,52240,,5,,,,,,,,,,,,,,,,,37,Extension WiMAX HOME 5G L12/L13
3136,21202,747,2793,No,222-[extension]223Days (Value Rental Pack: 6Months Pack + 1Month Pack + 11Days),2,カート用延長フラグ,Extension WiMAX HOME 5G L12/L13,1,,,,,,,,*,wh/img001-ex.jpg,*,wh/img001-ex.jpg,,,,,,,,,,,,,,,,,,,,,,,0,1,en_wh_ex_222,,1,,48940,48940,,5,,,,,,,,,,,,,,,,,37,Extension WiMAX HOME 5G L12/L13
3136,21203,748,2794,Yes,223-[extension]224Days (Value Rental Pack: 6Months Pack + 2Months Pack),2,カート用延長フラグ,Extension WiMAX HOME 5G L12/L13,1,,,,,,,,*,wh/img001-ex.jpg,*,wh/img001-ex.jpg,,,,,,,,,,,,,,,,,,,,,,,1,1,en_wh_ex_241_bt,,1,,49300,52600,,5,,,,,,,,,,,,,,,,,37,Extension WiMAX HOME 5G L12/L13
3136,21204,747,2794,No,223-[extension]224Days (Value Rental Pack: 6Months Pack + 2Months Pack),2,カート用延長フラグ,Extension WiMAX HOME 5G L12/L13,1,,,,,,,,*,wh/img001-ex.jpg,*,wh/img001-ex.jpg,,,,,,,,,,,,,,,,,,,,,,,0,1,en_wh_ex_241,,1,,49300,49300,,5,,,,,,,,,,,,,,,,,37,Extension WiMAX HOME 5G L12/L13
3136,21205,748,2795,Yes,224-[extension]225Days (Value Rental Pack: 6Months Pack + 2Months Pack),2,カート用延長フラグ,Extension WiMAX HOME 5G L12/L13,1,,,,,,,,*,wh/img001-ex.jpg,*,wh/img001-ex.jpg,,,,,,,,,,,,,,,,,,,,,,,1,1,en_wh_ex_241_bt,,1,,49300,52600,,5,,,,,,,,,,,,,,,,,37,Extension WiMAX HOME 5G L12/L13
3136,21206,747,2795,No,224-[extension]225Days (Value Rental Pack: 6Months Pack + 2Months Pack),2,カート用延長フラグ,Extension WiMAX HOME 5G L12/L13,1,,,,,,,,*,wh/img001-ex.jpg,*,wh/img001-ex.jpg,,,,,,,,,,,,,,,,,,,,,,,0,1,en_wh_ex_241,,1,,49300,49300,,5,,,,,,,,,,,,,,,,,37,Extension WiMAX HOME 5G L12/L13
3136,21207,748,2796,Yes,225-[extension]226Days (Value Rental Pack: 6Months Pack + 2Months Pack),2,カート用延長フラグ,Extension WiMAX HOME 5G L12/L13,1,,,,,,,,*,wh/img001-ex.jpg,*,wh/img001-ex.jpg,,,,,,,,,,,,,,,,,,,,,,,1,1,en_wh_ex_241_bt,,1,,49300,52600,,5,,,,,,,,,,,,,,,,,37,Extension WiMAX HOME 5G L12/L13
3136,21208,747,2796,No,225-[extension]226Days (Value Rental Pack: 6Months Pack + 2Months Pack),2,カート用延長フラグ,Extension WiMAX HOME 5G L12/L13,1,,,,,,,,*,wh/img001-ex.jpg,*,wh/img001-ex.jpg,,,,,,,,,,,,,,,,,,,,,,,0,1,en_wh_ex_241,,1,,49300,49300,,5,,,,,,,,,,,,,,,,,37,Extension WiMAX HOME 5G L12/L13
3136,21209,748,2797,Yes,226-[extension]227Days (Value Rental Pack: 6Months Pack + 2Months Pack),2,カート用延長フラグ,Extension WiMAX HOME 5G L12/L13,1,,,,,,,,*,wh/img001-ex.jpg,*,wh/img001-ex.jpg,,,,,,,,,,,,,,,,,,,,,,,1,1,en_wh_ex_241_bt,,1,,49300,52600,,5,,,,,,,,,,,,,,,,,37,Extension WiMAX HOME 5G L12/L13
3136,21210,747,2797,No,226-[extension]227Days (Value Rental Pack: 6Months Pack + 2Months Pack),2,カート用延長フラグ,Extension WiMAX HOME 5G L12/L13,1,,,,,,,,*,wh/img001-ex.jpg,*,wh/img001-ex.jpg,,,,,,,,,,,,,,,,,,,,,,,0,1,en_wh_ex_241,,1,,49300,49300,,5,,,,,,,,,,,,,,,,,37,Extension WiMAX HOME 5G L12/L13
3136,21211,748,2798,Yes,227-[extension]228Days (Value Rental Pack: 6Months Pack + 2Months Pack),2,カート用延長フラグ,Extension WiMAX HOME 5G L12/L13,1,,,,,,,,*,wh/img001-ex.jpg,*,wh/img001-ex.jpg,,,,,,,,,,,,,,,,,,,,,,,1,1,en_wh_ex_241_bt,,1,,49300,52600,,5,,,,,,,,,,,,,,,,,37,Extension WiMAX HOME 5G L12/L13
3136,21212,747,2798,No,227-[extension]228Days (Value Rental Pack: 6Months Pack + 2Months Pack),2,カート用延長フラグ,Extension WiMAX HOME 5G L12/L13,1,,,,,,,,*,wh/img001-ex.jpg,*,wh/img001-ex.jpg,,,,,,,,,,,,,,,,,,,,,,,0,1,en_wh_ex_241,,1,,49300,49300,,5,,,,,,,,,,,,,,,,,37,Extension WiMAX HOME 5G L12/L13
3136,21213,748,2799,Yes,228-[extension]229Days (Value Rental Pack: 6Months Pack + 2Months Pack),2,カート用延長フラグ,Extension WiMAX HOME 5G L12/L13,1,,,,,,,,*,wh/img001-ex.jpg,*,wh/img001-ex.jpg,,,,,,,,,,,,,,,,,,,,,,,1,1,en_wh_ex_241_bt,,1,,49300,52600,,5,,,,,,,,,,,,,,,,,37,Extension WiMAX HOME 5G L12/L13
3136,21214,747,2799,No,228-[extension]229Days (Value Rental Pack: 6Months Pack + 2Months Pack),2,カート用延長フラグ,Extension WiMAX HOME 5G L12/L13,1,,,,,,,,*,wh/img001-ex.jpg,*,wh/img001-ex.jpg,,,,,,,,,,,,,,,,,,,,,,,0,1,en_wh_ex_241,,1,,49300,49300,,5,,,,,,,,,,,,,,,,,37,Extension WiMAX HOME 5G L12/L13
3136,21215,748,2800,Yes,229-[extension]230Days (Value Rental Pack: 6Months Pack + 2Months Pack),2,カート用延長フラグ,Extension WiMAX HOME 5G L12/L13,1,,,,,,,,*,wh/img001-ex.jpg,*,wh/img001-ex.jpg,,,,,,,,,,,,,,,,,,,,,,,1,1,en_wh_ex_241_bt,,1,,49300,52600,,5,,,,,,,,,,,,,,,,,37,Extension WiMAX HOME 5G L12/L13
3136,21216,747,2800,No,229-[extension]230Days (Value Rental Pack: 6Months Pack + 2Months Pack),2,カート用延長フラグ,Extension WiMAX HOME 5G L12/L13,1,,,,,,,,*,wh/img001-ex.jpg,*,wh/img001-ex.jpg,,,,,,,,,,,,,,,,,,,,,,,0,1,en_wh_ex_241,,1,,49300,49300,,5,,,,,,,,,,,,,,,,,37,Extension WiMAX HOME 5G L12/L13
3136,21217,748,2801,Yes,230-[extension]231Days (Value Rental Pack: 6Months Pack + 2Months Pack),2,カート用延長フラグ,Extension WiMAX HOME 5G L12/L13,1,,,,,,,,*,wh/img001-ex.jpg,*,wh/img001-ex.jpg,,,,,,,,,,,,,,,,,,,,,,,1,1,en_wh_ex_241_bt,,1,,49300,52600,,5,,,,,,,,,,,,,,,,,37,Extension WiMAX HOME 5G L12/L13
3136,21218,747,2801,No,230-[extension]231Days (Value Rental Pack: 6Months Pack + 2Months Pack),2,カート用延長フラグ,Extension WiMAX HOME 5G L12/L13,1,,,,,,,,*,wh/img001-ex.jpg,*,wh/img001-ex.jpg,,,,,,,,,,,,,,,,,,,,,,,0,1,en_wh_ex_241,,1,,49300,49300,,5,,,,,,,,,,,,,,,,,37,Extension WiMAX HOME 5G L12/L13
3136,21219,748,2802,Yes,231-[extension]232Days (Value Rental Pack: 6Months Pack + 2Months Pack),2,カート用延長フラグ,Extension WiMAX HOME 5G L12/L13,1,,,,,,,,*,wh/img001-ex.jpg,*,wh/img001-ex.jpg,,,,,,,,,,,,,,,,,,,,,,,1,1,en_wh_ex_241_bt,,1,,49300,52600,,5,,,,,,,,,,,,,,,,,37,Extension WiMAX HOME 5G L12/L13
3136,21220,747,2802,No,231-[extension]232Days (Value Rental Pack: 6Months Pack + 2Months Pack),2,カート用延長フラグ,Extension WiMAX HOME 5G L12/L13,1,,,,,,,,*,wh/img001-ex.jpg,*,wh/img001-ex.jpg,,,,,,,,,,,,,,,,,,,,,,,0,1,en_wh_ex_241,,1,,49300,49300,,5,,,,,,,,,,,,,,,,,37,Extension WiMAX HOME 5G L12/L13
3136,21221,748,2803,Yes,232-[extension]233Days (Value Rental Pack: 6Months Pack + 2Months Pack),2,カート用延長フラグ,Extension WiMAX HOME 5G L12/L13,1,,,,,,,,*,wh/img001-ex.jpg,*,wh/img001-ex.jpg,,,,,,,,,,,,,,,,,,,,,,,1,1,en_wh_ex_241_bt,,1,,49300,52600,,5,,,,,,,,,,,,,,,,,37,Extension WiMAX HOME 5G L12/L13
3136,21222,747,2803,No,232-[extension]233Days (Value Rental Pack: 6Months Pack + 2Months Pack),2,カート用延長フラグ,Extension WiMAX HOME 5G L12/L13,1,,,,,,,,*,wh/img001-ex.jpg,*,wh/img001-ex.jpg,,,,,,,,,,,,,,,,,,,,,,,0,1,en_wh_ex_241,,1,,49300,49300,,5,,,,,,,,,,,,,,,,,37,Extension WiMAX HOME 5G L12/L13
3136,21223,748,2804,Yes,233-[extension]234Days (Value Rental Pack: 6Months Pack + 2Months Pack),2,カート用延長フラグ,Extension WiMAX HOME 5G L12/L13,1,,,,,,,,*,wh/img001-ex.jpg,*,wh/img001-ex.jpg,,,,,,,,,,,,,,,,,,,,,,,1,1,en_wh_ex_241_bt,,1,,49300,52600,,5,,,,,,,,,,,,,,,,,37,Extension WiMAX HOME 5G L12/L13
3136,21224,747,2804,No,233-[extension]234Days (Value Rental Pack: 6Months Pack + 2Months Pack),2,カート用延長フラグ,Extension WiMAX HOME 5G L12/L13,1,,,,,,,,*,wh/img001-ex.jpg,*,wh/img001-ex.jpg,,,,,,,,,,,,,,,,,,,,,,,0,1,en_wh_ex_241,,1,,49300,49300,,5,,,,,,,,,,,,,,,,,37,Extension WiMAX HOME 5G L12/L13
3136,21225,748,2805,Yes,234-[extension]235Days (Value Rental Pack: 6Months Pack + 2Months Pack),2,カート用延長フラグ,Extension WiMAX HOME 5G L12/L13,1,,,,,,,,*,wh/img001-ex.jpg,*,wh/img001-ex.jpg,,,,,,,,,,,,,,,,,,,,,,,1,1,en_wh_ex_241_bt,,1,,49300,52600,,5,,,,,,,,,,,,,,,,,37,Extension WiMAX HOME 5G L12/L13
3136,21226,747,2805,No,234-[extension]235Days (Value Rental Pack: 6Months Pack + 2Months Pack),2,カート用延長フラグ,Extension WiMAX HOME 5G L12/L13,1,,,,,,,,*,wh/img001-ex.jpg,*,wh/img001-ex.jpg,,,,,,,,,,,,,,,,,,,,,,,0,1,en_wh_ex_241,,1,,49300,49300,,5,,,,,,,,,,,,,,,,,37,Extension WiMAX HOME 5G L12/L13
3136,21227,748,2806,Yes,235-[extension]236Days (Value Rental Pack: 6Months Pack + 2Months Pack),2,カート用延長フラグ,Extension WiMAX HOME 5G L12/L13,1,,,,,,,,*,wh/img001-ex.jpg,*,wh/img001-ex.jpg,,,,,,,,,,,,,,,,,,,,,,,1,1,en_wh_ex_241_bt,,1,,49300,52600,,5,,,,,,,,,,,,,,,,,37,Extension WiMAX HOME 5G L12/L13
3136,21228,747,2806,No,235-[extension]236Days (Value Rental Pack: 6Months Pack + 2Months Pack),2,カート用延長フラグ,Extension WiMAX HOME 5G L12/L13,1,,,,,,,,*,wh/img001-ex.jpg,*,wh/img001-ex.jpg,,,,,,,,,,,,,,,,,,,,,,,0,1,en_wh_ex_241,,1,,49300,49300,,5,,,,,,,,,,,,,,,,,37,Extension WiMAX HOME 5G L12/L13
3136,21229,748,2807,Yes,236-[extension]237Days (Value Rental Pack: 6Months Pack + 2Months Pack),2,カート用延長フラグ,Extension WiMAX HOME 5G L12/L13,1,,,,,,,,*,wh/img001-ex.jpg,*,wh/img001-ex.jpg,,,,,,,,,,,,,,,,,,,,,,,1,1,en_wh_ex_241_bt,,1,,49300,52600,,5,,,,,,,,,,,,,,,,,37,Extension WiMAX HOME 5G L12/L13
3136,21230,747,2807,No,236-[extension]237Days (Value Rental Pack: 6Months Pack + 2Months Pack),2,カート用延長フラグ,Extension WiMAX HOME 5G L12/L13,1,,,,,,,,*,wh/img001-ex.jpg,*,wh/img001-ex.jpg,,,,,,,,,,,,,,,,,,,,,,,0,1,en_wh_ex_241,,1,,49300,49300,,5,,,,,,,,,,,,,,,,,37,Extension WiMAX HOME 5G L12/L13
3136,21231,748,2808,Yes,237-[extension]238Days (Value Rental Pack: 6Months Pack + 2Months Pack),2,カート用延長フラグ,Extension WiMAX HOME 5G L12/L13,1,,,,,,,,*,wh/img001-ex.jpg,*,wh/img001-ex.jpg,,,,,,,,,,,,,,,,,,,,,,,1,1,en_wh_ex_241_bt,,1,,49300,52600,,5,,,,,,,,,,,,,,,,,37,Extension WiMAX HOME 5G L12/L13
3136,21232,747,2808,No,237-[extension]238Days (Value Rental Pack: 6Months Pack + 2Months Pack),2,カート用延長フラグ,Extension WiMAX HOME 5G L12/L13,1,,,,,,,,*,wh/img001-ex.jpg,*,wh/img001-ex.jpg,,,,,,,,,,,,,,,,,,,,,,,0,1,en_wh_ex_241,,1,,49300,49300,,5,,,,,,,,,,,,,,,,,37,Extension WiMAX HOME 5G L12/L13
3136,21233,748,2809,Yes,238-[extension]239Days (Value Rental Pack: 6Months Pack + 2Months Pack),2,カート用延長フラグ,Extension WiMAX HOME 5G L12/L13,1,,,,,,,,*,wh/img001-ex.jpg,*,wh/img001-ex.jpg,,,,,,,,,,,,,,,,,,,,,,,1,1,en_wh_ex_241_bt,,1,,49300,52600,,5,,,,,,,,,,,,,,,,,37,Extension WiMAX HOME 5G L12/L13
3136,21234,747,2809,No,238-[extension]239Days (Value Rental Pack: 6Months Pack + 2Months Pack),2,カート用延長フラグ,Extension WiMAX HOME 5G L12/L13,1,,,,,,,,*,wh/img001-ex.jpg,*,wh/img001-ex.jpg,,,,,,,,,,,,,,,,,,,,,,,0,1,en_wh_ex_241,,1,,49300,49300,,5,,,,,,,,,,,,,,,,,37,Extension WiMAX HOME 5G L12/L13
3136,21235,748,2810,Yes,239-[extension]240Days (Value Rental Pack: 6Months Pack + 2Months Pack),2,カート用延長フラグ,Extension WiMAX HOME 5G L12/L13,1,,,,,,,,*,wh/img001-ex.jpg,*,wh/img001-ex.jpg,,,,,,,,,,,,,,,,,,,,,,,1,1,en_wh_ex_241_bt,,1,,49300,52600,,5,,,,,,,,,,,,,,,,,37,Extension WiMAX HOME 5G L12/L13
3136,21236,747,2810,No,239-[extension]240Days (Value Rental Pack: 6Months Pack + 2Months Pack),2,カート用延長フラグ,Extension WiMAX HOME 5G L12/L13,1,,,,,,,,*,wh/img001-ex.jpg,*,wh/img001-ex.jpg,,,,,,,,,,,,,,,,,,,,,,,0,1,en_wh_ex_241,,1,,49300,49300,,5,,,,,,,,,,,,,,,,,37,Extension WiMAX HOME 5G L12/L13
3136,21237,748,2811,Yes,240-[extension]241Days (Value Rental Pack: 6Months Pack + 2Months Pack),2,カート用延長フラグ,Extension WiMAX HOME 5G L12/L13,1,,,,,,,,*,wh/img001-ex.jpg,*,wh/img001-ex.jpg,,,,,,,,,,,,,,,,,,,,,,,1,1,en_wh_ex_241_bt,,1,,49300,52600,,5,,,,,,,,,,,,,,,,,37,Extension WiMAX HOME 5G L12/L13
3136,21238,747,2811,No,240-[extension]241Days (Value Rental Pack: 6Months Pack + 2Months Pack),2,カート用延長フラグ,Extension WiMAX HOME 5G L12/L13,1,,,,,,,,*,wh/img001-ex.jpg,*,wh/img001-ex.jpg,,,,,,,,,,,,,,,,,,,,,,,0,1,en_wh_ex_241,,1,,49300,49300,,5,,,,,,,,,,,,,,,,,37,Extension WiMAX HOME 5G L12/L13
3136,21239,748,2812,Yes,241-[extension]242Days (Value Rental Pack: 6Months Pack + 2Months Pack),2,カート用延長フラグ,Extension WiMAX HOME 5G L12/L13,1,,,,,,,,*,wh/img001-ex.jpg,*,wh/img001-ex.jpg,,,,,,,,,,,,,,,,,,,,,,,1,1,en_wh_ex_241_bt,,1,,49300,52600,,5,,,,,,,,,,,,,,,,,37,Extension WiMAX HOME 5G L12/L13
3136,21240,747,2812,No,241-[extension]242Days (Value Rental Pack: 6Months Pack + 2Months Pack),2,カート用延長フラグ,Extension WiMAX HOME 5G L12/L13,1,,,,,,,,*,wh/img001-ex.jpg,*,wh/img001-ex.jpg,,,,,,,,,,,,,,,,,,,,,,,0,1,en_wh_ex_241,,1,,49300,49300,,5,,,,,,,,,,,,,,,,,37,Extension WiMAX HOME 5G L12/L13
3136,21241,748,2813,Yes,242-[extension]243Days (Value Rental Pack: 6Months Pack + 2Months Pack + 1Day),2,カート用延長フラグ,Extension WiMAX HOME 5G L12/L13,1,,,,,,,,*,wh/img001-ex.jpg,*,wh/img001-ex.jpg,,,,,,,,,,,,,,,,,,,,,,,1,1,en_wh_ex_242_bt,,1,,49890,53240,,5,,,,,,,,,,,,,,,,,37,Extension WiMAX HOME 5G L12/L13
3136,21242,747,2813,No,242-[extension]243Days (Value Rental Pack: 6Months Pack + 2Months Pack + 1Day),2,カート用延長フラグ,Extension WiMAX HOME 5G L12/L13,1,,,,,,,,*,wh/img001-ex.jpg,*,wh/img001-ex.jpg,,,,,,,,,,,,,,,,,,,,,,,0,1,en_wh_ex_242,,1,,49890,49890,,5,,,,,,,,,,,,,,,,,37,Extension WiMAX HOME 5G L12/L13
3136,21243,748,2814,Yes,243-[extension]244Days (Value Rental Pack: 6Months Pack + 2Months Pack + 2Days),2,カート用延長フラグ,Extension WiMAX HOME 5G L12/L13,1,,,,,,,,*,wh/img001-ex.jpg,*,wh/img001-ex.jpg,,,,,,,,,,,,,,,,,,,,,,,1,1,en_wh_ex_243_bt,,1,,50480,53880,,5,,,,,,,,,,,,,,,,,37,Extension WiMAX HOME 5G L12/L13
3136,21244,747,2814,No,243-[extension]244Days (Value Rental Pack: 6Months Pack + 2Months Pack + 2Days),2,カート用延長フラグ,Extension WiMAX HOME 5G L12/L13,1,,,,,,,,*,wh/img001-ex.jpg,*,wh/img001-ex.jpg,,,,,,,,,,,,,,,,,,,,,,,0,1,en_wh_ex_243,,1,,50480,50480,,5,,,,,,,,,,,,,,,,,37,Extension WiMAX HOME 5G L12/L13
3136,21245,748,2815,Yes,244-[extension]245Days (Value Rental Pack: 6Months Pack + 2Months Pack + 3Days),2,カート用延長フラグ,Extension WiMAX HOME 5G L12/L13,1,,,,,,,,*,wh/img001-ex.jpg,*,wh/img001-ex.jpg,,,,,,,,,,,,,,,,,,,,,,,1,1,en_wh_ex_245_bt,,1,,51660,55160,,5,,,,,,,,,,,,,,,,,37,Extension WiMAX HOME 5G L12/L13
3136,21246,747,2815,No,244-[extension]245Days (Value Rental Pack: 6Months Pack + 2Months Pack + 3Days),2,カート用延長フラグ,Extension WiMAX HOME 5G L12/L13,1,,,,,,,,*,wh/img001-ex.jpg,*,wh/img001-ex.jpg,,,,,,,,,,,,,,,,,,,,,,,0,1,en_wh_ex_245,,1,,51660,51660,,5,,,,,,,,,,,,,,,,,37,Extension WiMAX HOME 5G L12/L13
3136,21247,748,2816,Yes,245-[extension]246Days (Value Rental Pack: 6Months Pack + 2Months Pack + 4Days),2,カート用延長フラグ,Extension WiMAX HOME 5G L12/L13,1,,,,,,,,*,wh/img001-ex.jpg,*,wh/img001-ex.jpg,,,,,,,,,,,,,,,,,,,,,,,1,1,en_wh_ex_246_bt,,1,,52250,55800,,5,,,,,,,,,,,,,,,,,37,Extension WiMAX HOME 5G L12/L13
3136,21248,747,2816,No,245-[extension]246Days (Value Rental Pack: 6Months Pack + 2Months Pack + 4Days),2,カート用延長フラグ,Extension WiMAX HOME 5G L12/L13,1,,,,,,,,*,wh/img001-ex.jpg,*,wh/img001-ex.jpg,,,,,,,,,,,,,,,,,,,,,,,0,1,en_wh_ex_246,,1,,52250,52250,,5,,,,,,,,,,,,,,,,,37,Extension WiMAX HOME 5G L12/L13
3136,21249,748,2817,Yes,246-[extension]247Days (Value Rental Pack: 6Months Pack + 2Months Pack + 5Days),2,カート用延長フラグ,Extension WiMAX HOME 5G L12/L13,1,,,,,,,,*,wh/img001-ex.jpg,*,wh/img001-ex.jpg,,,,,,,,,,,,,,,,,,,,,,,1,1,en_wh_ex_244_bt,,1,,51070,54520,,5,,,,,,,,,,,,,,,,,37,Extension WiMAX HOME 5G L12/L13
3136,21250,747,2817,No,246-[extension]247Days (Value Rental Pack: 6Months Pack + 2Months Pack + 5Days),2,カート用延長フラグ,Extension WiMAX HOME 5G L12/L13,1,,,,,,,,*,wh/img001-ex.jpg,*,wh/img001-ex.jpg,,,,,,,,,,,,,,,,,,,,,,,0,1,en_wh_ex_244,,1,,51070,51070,,5,,,,,,,,,,,,,,,,,37,Extension WiMAX HOME 5G L12/L13
3136,21251,748,2818,Yes,247-[extension]248Days (Value Rental Pack: 6Months Pack + 2Months Pack + 6Days),2,カート用延長フラグ,Extension WiMAX HOME 5G L12/L13,1,,,,,,,,*,wh/img001-ex.jpg,*,wh/img001-ex.jpg,,,,,,,,,,,,,,,,,,,,,,,1,1,en_wh_ex_247_bt,,1,,52840,56440,,5,,,,,,,,,,,,,,,,,37,Extension WiMAX HOME 5G L12/L13
3136,21252,747,2818,No,247-[extension]248Days (Value Rental Pack: 6Months Pack + 2Months Pack + 6Days),2,カート用延長フラグ,Extension WiMAX HOME 5G L12/L13,1,,,,,,,,*,wh/img001-ex.jpg,*,wh/img001-ex.jpg,,,,,,,,,,,,,,,,,,,,,,,0,1,en_wh_ex_247,,1,,52840,52840,,5,,,,,,,,,,,,,,,,,37,Extension WiMAX HOME 5G L12/L13
3136,21253,748,2819,Yes,248-[extension]249Days (Value Rental Pack: 6Months Pack + 2Months Pack + 7Days),2,カート用延長フラグ,Extension WiMAX HOME 5G L12/L13,1,,,,,,,,*,wh/img001-ex.jpg,*,wh/img001-ex.jpg,,,,,,,,,,,,,,,,,,,,,,,1,1,en_wh_ex_248_bt,,1,,53430,57030,,5,,,,,,,,,,,,,,,,,37,Extension WiMAX HOME 5G L12/L13
3136,21254,747,2819,No,248-[extension]249Days (Value Rental Pack: 6Months Pack + 2Months Pack + 7Days),2,カート用延長フラグ,Extension WiMAX HOME 5G L12/L13,1,,,,,,,,*,wh/img001-ex.jpg,*,wh/img001-ex.jpg,,,,,,,,,,,,,,,,,,,,,,,0,1,en_wh_ex_248,,1,,53430,53430,,5,,,,,,,,,,,,,,,,,37,Extension WiMAX HOME 5G L12/L13
3136,21255,748,2820,Yes,249-[extension]250Days (Value Rental Pack: 6Months Pack + 2Months Pack + 8Days),2,カート用延長フラグ,Extension WiMAX HOME 5G L12/L13,1,,,,,,,,*,wh/img001-ex.jpg,*,wh/img001-ex.jpg,,,,,,,,,,,,,,,,,,,,,,,1,1,en_wh_ex_249_bt,,1,,54020,57620,,5,,,,,,,,,,,,,,,,,37,Extension WiMAX HOME 5G L12/L13
3136,21256,747,2820,No,249-[extension]250Days (Value Rental Pack: 6Months Pack + 2Months Pack + 8Days),2,カート用延長フラグ,Extension WiMAX HOME 5G L12/L13,1,,,,,,,,*,wh/img001-ex.jpg,*,wh/img001-ex.jpg,,,,,,,,,,,,,,,,,,,,,,,0,1,en_wh_ex_249,,1,,54020,54020,,5,,,,,,,,,,,,,,,,,37,Extension WiMAX HOME 5G L12/L13
3136,21257,748,2821,Yes,250-[extension]251Days (Value Rental Pack: 6Months Pack + 2Months Pack + 9Days),2,カート用延長フラグ,Extension WiMAX HOME 5G L12/L13,1,,,,,,,,*,wh/img001-ex.jpg,*,wh/img001-ex.jpg,,,,,,,,,,,,,,,,,,,,,,,1,1,en_wh_ex_250_bt,,1,,54610,58210,,5,,,,,,,,,,,,,,,,,37,Extension WiMAX HOME 5G L12/L13
3136,21258,747,2821,No,250-[extension]251Days (Value Rental Pack: 6Months Pack + 2Months Pack + 9Days),2,カート用延長フラグ,Extension WiMAX HOME 5G L12/L13,1,,,,,,,,*,wh/img001-ex.jpg,*,wh/img001-ex.jpg,,,,,,,,,,,,,,,,,,,,,,,0,1,en_wh_ex_250,,1,,54610,54610,,5,,,,,,,,,,,,,,,,,37,Extension WiMAX HOME 5G L12/L13
3136,21259,748,2822,Yes,251-[extension]252Days (Value Rental Pack: 6Months Pack + 2Months Pack + 10Days),2,カート用延長フラグ,Extension WiMAX HOME 5G L12/L13,1,,,,,,,,*,wh/img001-ex.jpg,*,wh/img001-ex.jpg,,,,,,,,,,,,,,,,,,,,,,,1,1,en_wh_ex_251_bt,,1,,55200,58800,,5,,,,,,,,,,,,,,,,,37,Extension WiMAX HOME 5G L12/L13
3136,21260,747,2822,No,251-[extension]252Days (Value Rental Pack: 6Months Pack + 2Months Pack + 10Days),2,カート用延長フラグ,Extension WiMAX HOME 5G L12/L13,1,,,,,,,,*,wh/img001-ex.jpg,*,wh/img001-ex.jpg,,,,,,,,,,,,,,,,,,,,,,,0,1,en_wh_ex_251,,1,,55200,55200,,5,,,,,,,,,,,,,,,,,37,Extension WiMAX HOME 5G L12/L13
3136,21261,748,2823,Yes,252-[extension]253Days (Value Rental Pack: 6Months Pack + 3Months Pack),2,カート用延長フラグ,Extension WiMAX HOME 5G L12/L13,1,,,,,,,,*,wh/img001-ex.jpg,*,wh/img001-ex.jpg,,,,,,,,,,,,,,,,,,,,,,,1,1,en_wh_ex_271_bt,,1,,55600,59200,,5,,,,,,,,,,,,,,,,,37,Extension WiMAX HOME 5G L12/L13
3136,21262,747,2823,No,252-[extension]253Days (Value Rental Pack: 6Months Pack + 3Months Pack),2,カート用延長フラグ,Extension WiMAX HOME 5G L12/L13,1,,,,,,,,*,wh/img001-ex.jpg,*,wh/img001-ex.jpg,,,,,,,,,,,,,,,,,,,,,,,0,1,en_wh_ex_271,,1,,55600,55600,,5,,,,,,,,,,,,,,,,,37,Extension WiMAX HOME 5G L12/L13
3136,21263,748,2824,Yes,253-[extension]254Days (Value Rental Pack: 6Months Pack + 3Months Pack),2,カート用延長フラグ,Extension WiMAX HOME 5G L12/L13,1,,,,,,,,*,wh/img001-ex.jpg,*,wh/img001-ex.jpg,,,,,,,,,,,,,,,,,,,,,,,1,1,en_wh_ex_271_bt,,1,,55600,59200,,5,,,,,,,,,,,,,,,,,37,Extension WiMAX HOME 5G L12/L13
3136,21264,747,2824,No,253-[extension]254Days (Value Rental Pack: 6Months Pack + 3Months Pack),2,カート用延長フラグ,Extension WiMAX HOME 5G L12/L13,1,,,,,,,,*,wh/img001-ex.jpg,*,wh/img001-ex.jpg,,,,,,,,,,,,,,,,,,,,,,,0,1,en_wh_ex_271,,1,,55600,55600,,5,,,,,,,,,,,,,,,,,37,Extension WiMAX HOME 5G L12/L13
3136,21265,748,2825,Yes,254-[extension]255Days (Value Rental Pack: 6Months Pack + 3Months Pack),2,カート用延長フラグ,Extension WiMAX HOME 5G L12/L13,1,,,,,,,,*,wh/img001-ex.jpg,*,wh/img001-ex.jpg,,,,,,,,,,,,,,,,,,,,,,,1,1,en_wh_ex_271_bt,,1,,55600,59200,,5,,,,,,,,,,,,,,,,,37,Extension WiMAX HOME 5G L12/L13
3136,21266,747,2825,No,254-[extension]255Days (Value Rental Pack: 6Months Pack + 3Months Pack),2,カート用延長フラグ,Extension WiMAX HOME 5G L12/L13,1,,,,,,,,*,wh/img001-ex.jpg,*,wh/img001-ex.jpg,,,,,,,,,,,,,,,,,,,,,,,0,1,en_wh_ex_271,,1,,55600,55600,,5,,,,,,,,,,,,,,,,,37,Extension WiMAX HOME 5G L12/L13
3136,21267,748,2826,Yes,255-[extension]256Days (Value Rental Pack: 6Months Pack + 3Months Pack),2,カート用延長フラグ,Extension WiMAX HOME 5G L12/L13,1,,,,,,,,*,wh/img001-ex.jpg,*,wh/img001-ex.jpg,,,,,,,,,,,,,,,,,,,,,,,1,1,en_wh_ex_271_bt,,1,,55600,59200,,5,,,,,,,,,,,,,,,,,37,Extension WiMAX HOME 5G L12/L13
3136,21268,747,2826,No,255-[extension]256Days (Value Rental Pack: 6Months Pack + 3Months Pack),2,カート用延長フラグ,Extension WiMAX HOME 5G L12/L13,1,,,,,,,,*,wh/img001-ex.jpg,*,wh/img001-ex.jpg,,,,,,,,,,,,,,,,,,,,,,,0,1,en_wh_ex_271,,1,,55600,55600,,5,,,,,,,,,,,,,,,,,37,Extension WiMAX HOME 5G L12/L13
3136,21269,748,2827,Yes,256-[extension]257Days (Value Rental Pack: 6Months Pack + 3Months Pack),2,カート用延長フラグ,Extension WiMAX HOME 5G L12/L13,1,,,,,,,,*,wh/img001-ex.jpg,*,wh/img001-ex.jpg,,,,,,,,,,,,,,,,,,,,,,,1,1,en_wh_ex_271_bt,,1,,55600,59200,,5,,,,,,,,,,,,,,,,,37,Extension WiMAX HOME 5G L12/L13
3136,21270,747,2827,No,256-[extension]257Days (Value Rental Pack: 6Months Pack + 3Months Pack),2,カート用延長フラグ,Extension WiMAX HOME 5G L12/L13,1,,,,,,,,*,wh/img001-ex.jpg,*,wh/img001-ex.jpg,,,,,,,,,,,,,,,,,,,,,,,0,1,en_wh_ex_271,,1,,55600,55600,,5,,,,,,,,,,,,,,,,,37,Extension WiMAX HOME 5G L12/L13
3136,21271,748,2828,Yes,257-[extension]258Days (Value Rental Pack: 6Months Pack + 3Months Pack),2,カート用延長フラグ,Extension WiMAX HOME 5G L12/L13,1,,,,,,,,*,wh/img001-ex.jpg,*,wh/img001-ex.jpg,,,,,,,,,,,,,,,,,,,,,,,1,1,en_wh_ex_271_bt,,1,,55600,59200,,5,,,,,,,,,,,,,,,,,37,Extension WiMAX HOME 5G L12/L13
3136,21272,747,2828,No,257-[extension]258Days (Value Rental Pack: 6Months Pack + 3Months Pack),2,カート用延長フラグ,Extension WiMAX HOME 5G L12/L13,1,,,,,,,,*,wh/img001-ex.jpg,*,wh/img001-ex.jpg,,,,,,,,,,,,,,,,,,,,,,,0,1,en_wh_ex_271,,1,,55600,55600,,5,,,,,,,,,,,,,,,,,37,Extension WiMAX HOME 5G L12/L13
3136,21273,748,2829,Yes,258-[extension]259Days (Value Rental Pack: 6Months Pack + 3Months Pack),2,カート用延長フラグ,Extension WiMAX HOME 5G L12/L13,1,,,,,,,,*,wh/img001-ex.jpg,*,wh/img001-ex.jpg,,,,,,,,,,,,,,,,,,,,,,,1,1,en_wh_ex_271_bt,,1,,55600,59200,,5,,,,,,,,,,,,,,,,,37,Extension WiMAX HOME 5G L12/L13
3136,21274,747,2829,No,258-[extension]259Days (Value Rental Pack: 6Months Pack + 3Months Pack),2,カート用延長フラグ,Extension WiMAX HOME 5G L12/L13,1,,,,,,,,*,wh/img001-ex.jpg,*,wh/img001-ex.jpg,,,,,,,,,,,,,,,,,,,,,,,0,1,en_wh_ex_271,,1,,55600,55600,,5,,,,,,,,,,,,,,,,,37,Extension WiMAX HOME 5G L12/L13
3136,21275,748,2830,Yes,259-[extension]260Days (Value Rental Pack: 6Months Pack + 3Months Pack),2,カート用延長フラグ,Extension WiMAX HOME 5G L12/L13,1,,,,,,,,*,wh/img001-ex.jpg,*,wh/img001-ex.jpg,,,,,,,,,,,,,,,,,,,,,,,1,1,en_wh_ex_271_bt,,1,,55600,59200,,5,,,,,,,,,,,,,,,,,37,Extension WiMAX HOME 5G L12/L13
3136,21276,747,2830,No,259-[extension]260Days (Value Rental Pack: 6Months Pack + 3Months Pack),2,カート用延長フラグ,Extension WiMAX HOME 5G L12/L13,1,,,,,,,,*,wh/img001-ex.jpg,*,wh/img001-ex.jpg,,,,,,,,,,,,,,,,,,,,,,,0,1,en_wh_ex_271,,1,,55600,55600,,5,,,,,,,,,,,,,,,,,37,Extension WiMAX HOME 5G L12/L13
3136,21277,748,2831,Yes,260-[extension]261Days (Value Rental Pack: 6Months Pack + 3Months Pack),2,カート用延長フラグ,Extension WiMAX HOME 5G L12/L13,1,,,,,,,,*,wh/img001-ex.jpg,*,wh/img001-ex.jpg,,,,,,,,,,,,,,,,,,,,,,,1,1,en_wh_ex_271_bt,,1,,55600,59200,,5,,,,,,,,,,,,,,,,,37,Extension WiMAX HOME 5G L12/L13
3136,21278,747,2831,No,260-[extension]261Days (Value Rental Pack: 6Months Pack + 3Months Pack),2,カート用延長フラグ,Extension WiMAX HOME 5G L12/L13,1,,,,,,,,*,wh/img001-ex.jpg,*,wh/img001-ex.jpg,,,,,,,,,,,,,,,,,,,,,,,0,1,en_wh_ex_271,,1,,55600,55600,,5,,,,,,,,,,,,,,,,,37,Extension WiMAX HOME 5G L12/L13
3136,21279,748,2832,Yes,261-[extension]262Days (Value Rental Pack: 6Months Pack + 3Months Pack),2,カート用延長フラグ,Extension WiMAX HOME 5G L12/L13,1,,,,,,,,*,wh/img001-ex.jpg,*,wh/img001-ex.jpg,,,,,,,,,,,,,,,,,,,,,,,1,1,en_wh_ex_271_bt,,1,,55600,59200,,5,,,,,,,,,,,,,,,,,37,Extension WiMAX HOME 5G L12/L13
3136,21280,747,2832,No,261-[extension]262Days (Value Rental Pack: 6Months Pack + 3Months Pack),2,カート用延長フラグ,Extension WiMAX HOME 5G L12/L13,1,,,,,,,,*,wh/img001-ex.jpg,*,wh/img001-ex.jpg,,,,,,,,,,,,,,,,,,,,,,,0,1,en_wh_ex_271,,1,,55600,55600,,5,,,,,,,,,,,,,,,,,37,Extension WiMAX HOME 5G L12/L13
3136,21281,748,2833,Yes,262-[extension]263Days (Value Rental Pack: 6Months Pack + 3Months Pack),2,カート用延長フラグ,Extension WiMAX HOME 5G L12/L13,1,,,,,,,,*,wh/img001-ex.jpg,*,wh/img001-ex.jpg,,,,,,,,,,,,,,,,,,,,,,,1,1,en_wh_ex_271_bt,,1,,55600,59200,,5,,,,,,,,,,,,,,,,,37,Extension WiMAX HOME 5G L12/L13
3136,21282,747,2833,No,262-[extension]263Days (Value Rental Pack: 6Months Pack + 3Months Pack),2,カート用延長フラグ,Extension WiMAX HOME 5G L12/L13,1,,,,,,,,*,wh/img001-ex.jpg,*,wh/img001-ex.jpg,,,,,,,,,,,,,,,,,,,,,,,0,1,en_wh_ex_271,,1,,55600,55600,,5,,,,,,,,,,,,,,,,,37,Extension WiMAX HOME 5G L12/L13
3136,21283,748,2834,Yes,263-[extension]264Days (Value Rental Pack: 6Months Pack + 3Months Pack),2,カート用延長フラグ,Extension WiMAX HOME 5G L12/L13,1,,,,,,,,*,wh/img001-ex.jpg,*,wh/img001-ex.jpg,,,,,,,,,,,,,,,,,,,,,,,1,1,en_wh_ex_271_bt,,1,,55600,59200,,5,,,,,,,,,,,,,,,,,37,Extension WiMAX HOME 5G L12/L13
3136,21284,747,2834,No,263-[extension]264Days (Value Rental Pack: 6Months Pack + 3Months Pack),2,カート用延長フラグ,Extension WiMAX HOME 5G L12/L13,1,,,,,,,,*,wh/img001-ex.jpg,*,wh/img001-ex.jpg,,,,,,,,,,,,,,,,,,,,,,,0,1,en_wh_ex_271,,1,,55600,55600,,5,,,,,,,,,,,,,,,,,37,Extension WiMAX HOME 5G L12/L13
3136,21285,748,2835,Yes,264-[extension]265Days (Value Rental Pack: 6Months Pack + 3Months Pack),2,カート用延長フラグ,Extension WiMAX HOME 5G L12/L13,1,,,,,,,,*,wh/img001-ex.jpg,*,wh/img001-ex.jpg,,,,,,,,,,,,,,,,,,,,,,,1,1,en_wh_ex_271_bt,,1,,55600,59200,,5,,,,,,,,,,,,,,,,,37,Extension WiMAX HOME 5G L12/L13
3136,21286,747,2835,No,264-[extension]265Days (Value Rental Pack: 6Months Pack + 3Months Pack),2,カート用延長フラグ,Extension WiMAX HOME 5G L12/L13,1,,,,,,,,*,wh/img001-ex.jpg,*,wh/img001-ex.jpg,,,,,,,,,,,,,,,,,,,,,,,0,1,en_wh_ex_271,,1,,55600,55600,,5,,,,,,,,,,,,,,,,,37,Extension WiMAX HOME 5G L12/L13
3136,21287,748,2836,Yes,265-[extension]266Days (Value Rental Pack: 6Months Pack + 3Months Pack),2,カート用延長フラグ,Extension WiMAX HOME 5G L12/L13,1,,,,,,,,*,wh/img001-ex.jpg,*,wh/img001-ex.jpg,,,,,,,,,,,,,,,,,,,,,,,1,1,en_wh_ex_271_bt,,1,,55600,59200,,5,,,,,,,,,,,,,,,,,37,Extension WiMAX HOME 5G L12/L13
3136,21288,747,2836,No,265-[extension]266Days (Value Rental Pack: 6Months Pack + 3Months Pack),2,カート用延長フラグ,Extension WiMAX HOME 5G L12/L13,1,,,,,,,,*,wh/img001-ex.jpg,*,wh/img001-ex.jpg,,,,,,,,,,,,,,,,,,,,,,,0,1,en_wh_ex_271,,1,,55600,55600,,5,,,,,,,,,,,,,,,,,37,Extension WiMAX HOME 5G L12/L13
3136,21289,748,2837,Yes,266-[extension]267Days (Value Rental Pack: 6Months Pack + 3Months Pack),2,カート用延長フラグ,Extension WiMAX HOME 5G L12/L13,1,,,,,,,,*,wh/img001-ex.jpg,*,wh/img001-ex.jpg,,,,,,,,,,,,,,,,,,,,,,,1,1,en_wh_ex_271_bt,,1,,55600,59200,,5,,,,,,,,,,,,,,,,,37,Extension WiMAX HOME 5G L12/L13
3136,21290,747,2837,No,266-[extension]267Days (Value Rental Pack: 6Months Pack + 3Months Pack),2,カート用延長フラグ,Extension WiMAX HOME 5G L12/L13,1,,,,,,,,*,wh/img001-ex.jpg,*,wh/img001-ex.jpg,,,,,,,,,,,,,,,,,,,,,,,0,1,en_wh_ex_271,,1,,55600,55600,,5,,,,,,,,,,,,,,,,,37,Extension WiMAX HOME 5G L12/L13
3136,21291,748,2838,Yes,267-[extension]268Days (Value Rental Pack: 6Months Pack + 3Months Pack),2,カート用延長フラグ,Extension WiMAX HOME 5G L12/L13,1,,,,,,,,*,wh/img001-ex.jpg,*,wh/img001-ex.jpg,,,,,,,,,,,,,,,,,,,,,,,1,1,en_wh_ex_271_bt,,1,,55600,59200,,5,,,,,,,,,,,,,,,,,37,Extension WiMAX HOME 5G L12/L13
3136,21292,747,2838,No,267-[extension]268Days (Value Rental Pack: 6Months Pack + 3Months Pack),2,カート用延長フラグ,Extension WiMAX HOME 5G L12/L13,1,,,,,,,,*,wh/img001-ex.jpg,*,wh/img001-ex.jpg,,,,,,,,,,,,,,,,,,,,,,,0,1,en_wh_ex_271,,1,,55600,55600,,5,,,,,,,,,,,,,,,,,37,Extension WiMAX HOME 5G L12/L13
3136,21293,748,2839,Yes,268-[extension]269Days (Value Rental Pack: 6Months Pack + 3Months Pack),2,カート用延長フラグ,Extension WiMAX HOME 5G L12/L13,1,,,,,,,,*,wh/img001-ex.jpg,*,wh/img001-ex.jpg,,,,,,,,,,,,,,,,,,,,,,,1,1,en_wh_ex_271_bt,,1,,55600,59200,,5,,,,,,,,,,,,,,,,,37,Extension WiMAX HOME 5G L12/L13
3136,21294,747,2839,No,268-[extension]269Days (Value Rental Pack: 6Months Pack + 3Months Pack),2,カート用延長フラグ,Extension WiMAX HOME 5G L12/L13,1,,,,,,,,*,wh/img001-ex.jpg,*,wh/img001-ex.jpg,,,,,,,,,,,,,,,,,,,,,,,0,1,en_wh_ex_271,,1,,55600,55600,,5,,,,,,,,,,,,,,,,,37,Extension WiMAX HOME 5G L12/L13
3136,21295,748,2840,Yes,269-[extension]270Days (Value Rental Pack: 6Months Pack + 3Months Pack),2,カート用延長フラグ,Extension WiMAX HOME 5G L12/L13,1,,,,,,,,*,wh/img001-ex.jpg,*,wh/img001-ex.jpg,,,,,,,,,,,,,,,,,,,,,,,1,1,en_wh_ex_271_bt,,1,,55600,59200,,5,,,,,,,,,,,,,,,,,37,Extension WiMAX HOME 5G L12/L13
3136,21296,747,2840,No,269-[extension]270Days (Value Rental Pack: 6Months Pack + 3Months Pack),2,カート用延長フラグ,Extension WiMAX HOME 5G L12/L13,1,,,,,,,,*,wh/img001-ex.jpg,*,wh/img001-ex.jpg,,,,,,,,,,,,,,,,,,,,,,,0,1,en_wh_ex_271,,1,,55600,55600,,5,,,,,,,,,,,,,,,,,37,Extension WiMAX HOME 5G L12/L13
3136,21297,748,2841,Yes,270-[extension]271Days (Value Rental Pack: 6Months Pack + 3Months Pack),2,カート用延長フラグ,Extension WiMAX HOME 5G L12/L13,1,,,,,,,,*,wh/img001-ex.jpg,*,wh/img001-ex.jpg,,,,,,,,,,,,,,,,,,,,,,,1,1,en_wh_ex_271_bt,,1,,55600,59200,,5,,,,,,,,,,,,,,,,,37,Extension WiMAX HOME 5G L12/L13
3136,21298,747,2841,No,270-[extension]271Days (Value Rental Pack: 6Months Pack + 3Months Pack),2,カート用延長フラグ,Extension WiMAX HOME 5G L12/L13,1,,,,,,,,*,wh/img001-ex.jpg,*,wh/img001-ex.jpg,,,,,,,,,,,,,,,,,,,,,,,0,1,en_wh_ex_271,,1,,55600,55600,,5,,,,,,,,,,,,,,,,,37,Extension WiMAX HOME 5G L12/L13
3136,21299,748,2842,Yes,271-[extension]272Days (Value Rental Pack: 6Months Pack + 3Months Pack),2,カート用延長フラグ,Extension WiMAX HOME 5G L12/L13,1,,,,,,,,*,wh/img001-ex.jpg,*,wh/img001-ex.jpg,,,,,,,,,,,,,,,,,,,,,,,1,1,en_wh_ex_271_bt,,1,,55600,59200,,5,,,,,,,,,,,,,,,,,37,Extension WiMAX HOME 5G L12/L13
3136,21300,747,2842,No,271-[extension]272Days (Value Rental Pack: 6Months Pack + 3Months Pack),2,カート用延長フラグ,Extension WiMAX HOME 5G L12/L13,1,,,,,,,,*,wh/img001-ex.jpg,*,wh/img001-ex.jpg,,,,,,,,,,,,,,,,,,,,,,,0,1,en_wh_ex_271,,1,,55600,55600,,5,,,,,,,,,,,,,,,,,37,Extension WiMAX HOME 5G L12/L13
3136,21301,748,2843,Yes,272-[extension]273Days (Value Rental Pack: 6Months Pack + 3Months Pack + 1Day),2,カート用延長フラグ,Extension WiMAX HOME 5G L12/L13,1,,,,,,,,*,wh/img001-ex.jpg,*,wh/img001-ex.jpg,,,,,,,,,,,,,,,,,,,,,,,1,1,en_wh_ex_272_bt,,1,,56190,59840,,5,,,,,,,,,,,,,,,,,37,Extension WiMAX HOME 5G L12/L13
3136,21302,747,2843,No,272-[extension]273Days (Value Rental Pack: 6Months Pack + 3Months Pack + 1Day),2,カート用延長フラグ,Extension WiMAX HOME 5G L12/L13,1,,,,,,,,*,wh/img001-ex.jpg,*,wh/img001-ex.jpg,,,,,,,,,,,,,,,,,,,,,,,0,1,en_wh_ex_272,,1,,56190,56190,,5,,,,,,,,,,,,,,,,,37,Extension WiMAX HOME 5G L12/L13
3136,21303,748,2844,Yes,273-[extension]274Days (Value Rental Pack: 6Months Pack + 3Months Pack + 2Days),2,カート用延長フラグ,Extension WiMAX HOME 5G L12/L13,1,,,,,,,,*,wh/img001-ex.jpg,*,wh/img001-ex.jpg,,,,,,,,,,,,,,,,,,,,,,,1,1,en_wh_ex_273_bt,,1,,56780,60480,,5,,,,,,,,,,,,,,,,,37,Extension WiMAX HOME 5G L12/L13
3136,21304,747,2844,No,273-[extension]274Days (Value Rental Pack: 6Months Pack + 3Months Pack + 2Days),2,カート用延長フラグ,Extension WiMAX HOME 5G L12/L13,1,,,,,,,,*,wh/img001-ex.jpg,*,wh/img001-ex.jpg,,,,,,,,,,,,,,,,,,,,,,,0,1,en_wh_ex_273,,1,,56780,56780,,5,,,,,,,,,,,,,,,,,37,Extension WiMAX HOME 5G L12/L13
3136,21305,748,2845,Yes,274-[extension]275Days (Value Rental Pack: 6Months Pack + 3Months Pack + 3Days),2,カート用延長フラグ,Extension WiMAX HOME 5G L12/L13,1,,,,,,,,*,wh/img001-ex.jpg,*,wh/img001-ex.jpg,,,,,,,,,,,,,,,,,,,,,,,1,1,en_wh_ex_274_bt,,1,,57370,61120,,5,,,,,,,,,,,,,,,,,37,Extension WiMAX HOME 5G L12/L13
3136,21306,747,2845,No,274-[extension]275Days (Value Rental Pack: 6Months Pack + 3Months Pack + 3Days),2,カート用延長フラグ,Extension WiMAX HOME 5G L12/L13,1,,,,,,,,*,wh/img001-ex.jpg,*,wh/img001-ex.jpg,,,,,,,,,,,,,,,,,,,,,,,0,1,en_wh_ex_274,,1,,57370,57370,,5,,,,,,,,,,,,,,,,,37,Extension WiMAX HOME 5G L12/L13
3136,21307,748,2846,Yes,275-[extension]276Days (Value Rental Pack: 6Months Pack + 3Months Pack + 4Days),2,カート用延長フラグ,Extension WiMAX HOME 5G L12/L13,1,,,,,,,,*,wh/img001-ex.jpg,*,wh/img001-ex.jpg,,,,,,,,,,,,,,,,,,,,,,,1,1,en_wh_ex_275_bt,,1,,57960,61760,,5,,,,,,,,,,,,,,,,,37,Extension WiMAX HOME 5G L12/L13
3136,21308,747,2846,No,275-[extension]276Days (Value Rental Pack: 6Months Pack + 3Months Pack + 4Days),2,カート用延長フラグ,Extension WiMAX HOME 5G L12/L13,1,,,,,,,,*,wh/img001-ex.jpg,*,wh/img001-ex.jpg,,,,,,,,,,,,,,,,,,,,,,,0,1,en_wh_ex_275,,1,,57960,57960,,5,,,,,,,,,,,,,,,,,37,Extension WiMAX HOME 5G L12/L13
3136,21309,748,2847,Yes,276-[extension]277Days (Value Rental Pack: 6Months Pack + 3Months Pack + 5Days),2,カート用延長フラグ,Extension WiMAX HOME 5G L12/L13,1,,,,,,,,*,wh/img001-ex.jpg,*,wh/img001-ex.jpg,,,,,,,,,,,,,,,,,,,,,,,1,1,en_wh_ex_276_bt,,1,,58550,62400,,5,,,,,,,,,,,,,,,,,37,Extension WiMAX HOME 5G L12/L13
3136,21310,747,2847,No,276-[extension]277Days (Value Rental Pack: 6Months Pack + 3Months Pack + 5Days),2,カート用延長フラグ,Extension WiMAX HOME 5G L12/L13,1,,,,,,,,*,wh/img001-ex.jpg,*,wh/img001-ex.jpg,,,,,,,,,,,,,,,,,,,,,,,0,1,en_wh_ex_276,,1,,58550,58550,,5,,,,,,,,,,,,,,,,,37,Extension WiMAX HOME 5G L12/L13
3136,21311,748,2848,Yes,277-[extension]278Days (Value Rental Pack: 6Months Pack + 3Months Pack + 6Days),2,カート用延長フラグ,Extension WiMAX HOME 5G L12/L13,1,,,,,,,,*,wh/img001-ex.jpg,*,wh/img001-ex.jpg,,,,,,,,,,,,,,,,,,,,,,,1,1,en_wh_ex_277_bt,,1,,59140,63040,,5,,,,,,,,,,,,,,,,,37,Extension WiMAX HOME 5G L12/L13
3136,21312,747,2848,No,277-[extension]278Days (Value Rental Pack: 6Months Pack + 3Months Pack + 6Days),2,カート用延長フラグ,Extension WiMAX HOME 5G L12/L13,1,,,,,,,,*,wh/img001-ex.jpg,*,wh/img001-ex.jpg,,,,,,,,,,,,,,,,,,,,,,,0,1,en_wh_ex_277,,1,,59140,59140,,5,,,,,,,,,,,,,,,,,37,Extension WiMAX HOME 5G L12/L13
3136,21313,748,2849,Yes,278-[extension]279Days (Value Rental Pack: 6Months Pack + 3Months Pack + 7Days),2,カート用延長フラグ,Extension WiMAX HOME 5G L12/L13,1,,,,,,,,*,wh/img001-ex.jpg,*,wh/img001-ex.jpg,,,,,,,,,,,,,,,,,,,,,,,1,1,en_wh_ex_278_bt,,1,,59730,63630,,5,,,,,,,,,,,,,,,,,37,Extension WiMAX HOME 5G L12/L13
3136,21314,747,2849,No,278-[extension]279Days (Value Rental Pack: 6Months Pack + 3Months Pack + 7Days),2,カート用延長フラグ,Extension WiMAX HOME 5G L12/L13,1,,,,,,,,*,wh/img001-ex.jpg,*,wh/img001-ex.jpg,,,,,,,,,,,,,,,,,,,,,,,0,1,en_wh_ex_278,,1,,59730,59730,,5,,,,,,,,,,,,,,,,,37,Extension WiMAX HOME 5G L12/L13
3136,21315,748,2850,Yes,279-[extension]280Days (Value Rental Pack: 6Months Pack + 3Months Pack + 8Days),2,カート用延長フラグ,Extension WiMAX HOME 5G L12/L13,1,,,,,,,,*,wh/img001-ex.jpg,*,wh/img001-ex.jpg,,,,,,,,,,,,,,,,,,,,,,,1,1,en_wh_ex_279_bt,,1,,60320,64220,,5,,,,,,,,,,,,,,,,,37,Extension WiMAX HOME 5G L12/L13
3136,21316,747,2850,No,279-[extension]280Days (Value Rental Pack: 6Months Pack + 3Months Pack + 8Days),2,カート用延長フラグ,Extension WiMAX HOME 5G L12/L13,1,,,,,,,,*,wh/img001-ex.jpg,*,wh/img001-ex.jpg,,,,,,,,,,,,,,,,,,,,,,,0,1,en_wh_ex_279,,1,,60320,60320,,5,,,,,,,,,,,,,,,,,37,Extension WiMAX HOME 5G L12/L13
3136,21317,748,2851,Yes,280-[extension]281Days (Value Rental Pack: 6Months Pack + 3Months Pack + 9Days),2,カート用延長フラグ,Extension WiMAX HOME 5G L12/L13,1,,,,,,,,*,wh/img001-ex.jpg,*,wh/img001-ex.jpg,,,,,,,,,,,,,,,,,,,,,,,1,1,en_wh_ex_280_bt,,1,,60910,64810,,5,,,,,,,,,,,,,,,,,37,Extension WiMAX HOME 5G L12/L13
3136,21318,747,2851,No,280-[extension]281Days (Value Rental Pack: 6Months Pack + 3Months Pack + 9Days),2,カート用延長フラグ,Extension WiMAX HOME 5G L12/L13,1,,,,,,,,*,wh/img001-ex.jpg,*,wh/img001-ex.jpg,,,,,,,,,,,,,,,,,,,,,,,0,1,en_wh_ex_280,,1,,60910,60910,,5,,,,,,,,,,,,,,,,,37,Extension WiMAX HOME 5G L12/L13
3136,21319,748,2852,Yes,281-[extension]282Days (Value Rental Pack: 6Months Pack + 4Months Pack),2,カート用延長フラグ,Extension WiMAX HOME 5G L12/L13,1,,,,,,,,*,wh/img001-ex.jpg,*,wh/img001-ex.jpg,,,,,,,,,,,,,,,,,,,,,,,1,1,en_wh_ex_301_bt,,1,,61200,65100,,5,,,,,,,,,,,,,,,,,37,Extension WiMAX HOME 5G L12/L13
3136,21320,747,2852,No,281-[extension]282Days (Value Rental Pack: 6Months Pack + 4Months Pack),2,カート用延長フラグ,Extension WiMAX HOME 5G L12/L13,1,,,,,,,,*,wh/img001-ex.jpg,*,wh/img001-ex.jpg,,,,,,,,,,,,,,,,,,,,,,,0,1,en_wh_ex_301,,1,,61200,61200,,5,,,,,,,,,,,,,,,,,37,Extension WiMAX HOME 5G L12/L13
3136,21321,748,2853,Yes,282-[extension]283Days (Value Rental Pack: 6Months Pack + 4Months Pack),2,カート用延長フラグ,Extension WiMAX HOME 5G L12/L13,1,,,,,,,,*,wh/img001-ex.jpg,*,wh/img001-ex.jpg,,,,,,,,,,,,,,,,,,,,,,,1,1,en_wh_ex_301_bt,,1,,61200,65100,,5,,,,,,,,,,,,,,,,,37,Extension WiMAX HOME 5G L12/L13
3136,21322,747,2853,No,282-[extension]283Days (Value Rental Pack: 6Months Pack + 4Months Pack),2,カート用延長フラグ,Extension WiMAX HOME 5G L12/L13,1,,,,,,,,*,wh/img001-ex.jpg,*,wh/img001-ex.jpg,,,,,,,,,,,,,,,,,,,,,,,0,1,en_wh_ex_301,,1,,61200,61200,,5,,,,,,,,,,,,,,,,,37,Extension WiMAX HOME 5G L12/L13
3136,21323,748,2854,Yes,283-[extension]284Days (Value Rental Pack: 6Months Pack + 4Months Pack),2,カート用延長フラグ,Extension WiMAX HOME 5G L12/L13,1,,,,,,,,*,wh/img001-ex.jpg,*,wh/img001-ex.jpg,,,,,,,,,,,,,,,,,,,,,,,1,1,en_wh_ex_301_bt,,1,,61200,65100,,5,,,,,,,,,,,,,,,,,37,Extension WiMAX HOME 5G L12/L13
3136,21324,747,2854,No,283-[extension]284Days (Value Rental Pack: 6Months Pack + 4Months Pack),2,カート用延長フラグ,Extension WiMAX HOME 5G L12/L13,1,,,,,,,,*,wh/img001-ex.jpg,*,wh/img001-ex.jpg,,,,,,,,,,,,,,,,,,,,,,,0,1,en_wh_ex_301,,1,,61200,61200,,5,,,,,,,,,,,,,,,,,37,Extension WiMAX HOME 5G L12/L13
3136,21325,748,2855,Yes,284-[extension]285Days (Value Rental Pack: 6Months Pack + 4Months Pack),2,カート用延長フラグ,Extension WiMAX HOME 5G L12/L13,1,,,,,,,,*,wh/img001-ex.jpg,*,wh/img001-ex.jpg,,,,,,,,,,,,,,,,,,,,,,,1,1,en_wh_ex_301_bt,,1,,61200,65100,,5,,,,,,,,,,,,,,,,,37,Extension WiMAX HOME 5G L12/L13
3136,21326,747,2855,No,284-[extension]285Days (Value Rental Pack: 6Months Pack + 4Months Pack),2,カート用延長フラグ,Extension WiMAX HOME 5G L12/L13,1,,,,,,,,*,wh/img001-ex.jpg,*,wh/img001-ex.jpg,,,,,,,,,,,,,,,,,,,,,,,0,1,en_wh_ex_301,,1,,61200,61200,,5,,,,,,,,,,,,,,,,,37,Extension WiMAX HOME 5G L12/L13
3136,21327,748,2856,Yes,285-[extension]286Days (Value Rental Pack: 6Months Pack + 4Months Pack),2,カート用延長フラグ,Extension WiMAX HOME 5G L12/L13,1,,,,,,,,*,wh/img001-ex.jpg,*,wh/img001-ex.jpg,,,,,,,,,,,,,,,,,,,,,,,1,1,en_wh_ex_301_bt,,1,,61200,65100,,5,,,,,,,,,,,,,,,,,37,Extension WiMAX HOME 5G L12/L13
3136,21328,747,2856,No,285-[extension]286Days (Value Rental Pack: 6Months Pack + 4Months Pack),2,カート用延長フラグ,Extension WiMAX HOME 5G L12/L13,1,,,,,,,,*,wh/img001-ex.jpg,*,wh/img001-ex.jpg,,,,,,,,,,,,,,,,,,,,,,,0,1,en_wh_ex_301,,1,,61200,61200,,5,,,,,,,,,,,,,,,,,37,Extension WiMAX HOME 5G L12/L13
3136,21329,748,2857,Yes,286-[extension]287Days (Value Rental Pack: 6Months Pack + 4Months Pack),2,カート用延長フラグ,Extension WiMAX HOME 5G L12/L13,1,,,,,,,,*,wh/img001-ex.jpg,*,wh/img001-ex.jpg,,,,,,,,,,,,,,,,,,,,,,,1,1,en_wh_ex_301_bt,,1,,61200,65100,,5,,,,,,,,,,,,,,,,,37,Extension WiMAX HOME 5G L12/L13
3136,21330,747,2857,No,286-[extension]287Days (Value Rental Pack: 6Months Pack + 4Months Pack),2,カート用延長フラグ,Extension WiMAX HOME 5G L12/L13,1,,,,,,,,*,wh/img001-ex.jpg,*,wh/img001-ex.jpg,,,,,,,,,,,,,,,,,,,,,,,0,1,en_wh_ex_301,,1,,61200,61200,,5,,,,,,,,,,,,,,,,,37,Extension WiMAX HOME 5G L12/L13
3136,21331,748,2858,Yes,287-[extension]288Days (Value Rental Pack: 6Months Pack + 4Months Pack),2,カート用延長フラグ,Extension WiMAX HOME 5G L12/L13,1,,,,,,,,*,wh/img001-ex.jpg,*,wh/img001-ex.jpg,,,,,,,,,,,,,,,,,,,,,,,1,1,en_wh_ex_301_bt,,1,,61200,65100,,5,,,,,,,,,,,,,,,,,37,Extension WiMAX HOME 5G L12/L13
3136,21332,747,2858,No,287-[extension]288Days (Value Rental Pack: 6Months Pack + 4Months Pack),2,カート用延長フラグ,Extension WiMAX HOME 5G L12/L13,1,,,,,,,,*,wh/img001-ex.jpg,*,wh/img001-ex.jpg,,,,,,,,,,,,,,,,,,,,,,,0,1,en_wh_ex_301,,1,,61200,61200,,5,,,,,,,,,,,,,,,,,37,Extension WiMAX HOME 5G L12/L13
3136,21333,748,2859,Yes,288-[extension]289Days (Value Rental Pack: 6Months Pack + 4Months Pack),2,カート用延長フラグ,Extension WiMAX HOME 5G L12/L13,1,,,,,,,,*,wh/img001-ex.jpg,*,wh/img001-ex.jpg,,,,,,,,,,,,,,,,,,,,,,,1,1,en_wh_ex_301_bt,,1,,61200,65100,,5,,,,,,,,,,,,,,,,,37,Extension WiMAX HOME 5G L12/L13
3136,21334,747,2859,No,288-[extension]289Days (Value Rental Pack: 6Months Pack + 4Months Pack),2,カート用延長フラグ,Extension WiMAX HOME 5G L12/L13,1,,,,,,,,*,wh/img001-ex.jpg,*,wh/img001-ex.jpg,,,,,,,,,,,,,,,,,,,,,,,0,1,en_wh_ex_301,,1,,61200,61200,,5,,,,,,,,,,,,,,,,,37,Extension WiMAX HOME 5G L12/L13
3136,21335,748,2860,Yes,289-[extension]290Days (Value Rental Pack: 6Months Pack + 4Months Pack),2,カート用延長フラグ,Extension WiMAX HOME 5G L12/L13,1,,,,,,,,*,wh/img001-ex.jpg,*,wh/img001-ex.jpg,,,,,,,,,,,,,,,,,,,,,,,1,1,en_wh_ex_301_bt,,1,,61200,65100,,5,,,,,,,,,,,,,,,,,37,Extension WiMAX HOME 5G L12/L13
3136,21336,747,2860,No,289-[extension]290Days (Value Rental Pack: 6Months Pack + 4Months Pack),2,カート用延長フラグ,Extension WiMAX HOME 5G L12/L13,1,,,,,,,,*,wh/img001-ex.jpg,*,wh/img001-ex.jpg,,,,,,,,,,,,,,,,,,,,,,,0,1,en_wh_ex_301,,1,,61200,61200,,5,,,,,,,,,,,,,,,,,37,Extension WiMAX HOME 5G L12/L13
3136,21337,748,2861,Yes,290-[extension]291Days (Value Rental Pack: 6Months Pack + 4Months Pack),2,カート用延長フラグ,Extension WiMAX HOME 5G L12/L13,1,,,,,,,,*,wh/img001-ex.jpg,*,wh/img001-ex.jpg,,,,,,,,,,,,,,,,,,,,,,,1,1,en_wh_ex_301_bt,,1,,61200,65100,,5,,,,,,,,,,,,,,,,,37,Extension WiMAX HOME 5G L12/L13
3136,21338,747,2861,No,290-[extension]291Days (Value Rental Pack: 6Months Pack + 4Months Pack),2,カート用延長フラグ,Extension WiMAX HOME 5G L12/L13,1,,,,,,,,*,wh/img001-ex.jpg,*,wh/img001-ex.jpg,,,,,,,,,,,,,,,,,,,,,,,0,1,en_wh_ex_301,,1,,61200,61200,,5,,,,,,,,,,,,,,,,,37,Extension WiMAX HOME 5G L12/L13
3136,21339,748,2862,Yes,291-[extension]292Days (Value Rental Pack: 6Months Pack + 4Months Pack),2,カート用延長フラグ,Extension WiMAX HOME 5G L12/L13,1,,,,,,,,*,wh/img001-ex.jpg,*,wh/img001-ex.jpg,,,,,,,,,,,,,,,,,,,,,,,1,1,en_wh_ex_301_bt,,1,,61200,65100,,5,,,,,,,,,,,,,,,,,37,Extension WiMAX HOME 5G L12/L13
3136,21340,747,2862,No,291-[extension]292Days (Value Rental Pack: 6Months Pack + 4Months Pack),2,カート用延長フラグ,Extension WiMAX HOME 5G L12/L13,1,,,,,,,,*,wh/img001-ex.jpg,*,wh/img001-ex.jpg,,,,,,,,,,,,,,,,,,,,,,,0,1,en_wh_ex_301,,1,,61200,61200,,5,,,,,,,,,,,,,,,,,37,Extension WiMAX HOME 5G L12/L13
3136,21341,748,2863,Yes,292-[extension]293Days (Value Rental Pack: 6Months Pack + 4Months Pack),2,カート用延長フラグ,Extension WiMAX HOME 5G L12/L13,1,,,,,,,,*,wh/img001-ex.jpg,*,wh/img001-ex.jpg,,,,,,,,,,,,,,,,,,,,,,,1,1,en_wh_ex_301_bt,,1,,61200,65100,,5,,,,,,,,,,,,,,,,,37,Extension WiMAX HOME 5G L12/L13
3136,21342,747,2863,No,292-[extension]293Days (Value Rental Pack: 6Months Pack + 4Months Pack),2,カート用延長フラグ,Extension WiMAX HOME 5G L12/L13,1,,,,,,,,*,wh/img001-ex.jpg,*,wh/img001-ex.jpg,,,,,,,,,,,,,,,,,,,,,,,0,1,en_wh_ex_301,,1,,61200,61200,,5,,,,,,,,,,,,,,,,,37,Extension WiMAX HOME 5G L12/L13
3136,21343,748,2864,Yes,293-[extension]294Days (Value Rental Pack: 6Months Pack + 4Months Pack),2,カート用延長フラグ,Extension WiMAX HOME 5G L12/L13,1,,,,,,,,*,wh/img001-ex.jpg,*,wh/img001-ex.jpg,,,,,,,,,,,,,,,,,,,,,,,1,1,en_wh_ex_301_bt,,1,,61200,65100,,5,,,,,,,,,,,,,,,,,37,Extension WiMAX HOME 5G L12/L13
3136,21344,747,2864,No,293-[extension]294Days (Value Rental Pack: 6Months Pack + 4Months Pack),2,カート用延長フラグ,Extension WiMAX HOME 5G L12/L13,1,,,,,,,,*,wh/img001-ex.jpg,*,wh/img001-ex.jpg,,,,,,,,,,,,,,,,,,,,,,,0,1,en_wh_ex_301,,1,,61200,61200,,5,,,,,,,,,,,,,,,,,37,Extension WiMAX HOME 5G L12/L13
3136,21345,748,2865,Yes,294-[extension]295Days (Value Rental Pack: 6Months Pack + 4Months Pack),2,カート用延長フラグ,Extension WiMAX HOME 5G L12/L13,1,,,,,,,,*,wh/img001-ex.jpg,*,wh/img001-ex.jpg,,,,,,,,,,,,,,,,,,,,,,,1,1,en_wh_ex_301_bt,,1,,61200,65100,,5,,,,,,,,,,,,,,,,,37,Extension WiMAX HOME 5G L12/L13
3136,21346,747,2865,No,294-[extension]295Days (Value Rental Pack: 6Months Pack + 4Months Pack),2,カート用延長フラグ,Extension WiMAX HOME 5G L12/L13,1,,,,,,,,*,wh/img001-ex.jpg,*,wh/img001-ex.jpg,,,,,,,,,,,,,,,,,,,,,,,0,1,en_wh_ex_301,,1,,61200,61200,,5,,,,,,,,,,,,,,,,,37,Extension WiMAX HOME 5G L12/L13
3136,21347,748,2866,Yes,295-[extension]296Days (Value Rental Pack: 6Months Pack + 4Months Pack),2,カート用延長フラグ,Extension WiMAX HOME 5G L12/L13,1,,,,,,,,*,wh/img001-ex.jpg,*,wh/img001-ex.jpg,,,,,,,,,,,,,,,,,,,,,,,1,1,en_wh_ex_301_bt,,1,,61200,65100,,5,,,,,,,,,,,,,,,,,37,Extension WiMAX HOME 5G L12/L13
3136,21348,747,2866,No,295-[extension]296Days (Value Rental Pack: 6Months Pack + 4Months Pack),2,カート用延長フラグ,Extension WiMAX HOME 5G L12/L13,1,,,,,,,,*,wh/img001-ex.jpg,*,wh/img001-ex.jpg,,,,,,,,,,,,,,,,,,,,,,,0,1,en_wh_ex_301,,1,,61200,61200,,5,,,,,,,,,,,,,,,,,37,Extension WiMAX HOME 5G L12/L13
3136,21349,748,2867,Yes,296-[extension]297Days (Value Rental Pack: 6Months Pack + 4Months Pack),2,カート用延長フラグ,Extension WiMAX HOME 5G L12/L13,1,,,,,,,,*,wh/img001-ex.jpg,*,wh/img001-ex.jpg,,,,,,,,,,,,,,,,,,,,,,,1,1,en_wh_ex_301_bt,,1,,61200,65100,,5,,,,,,,,,,,,,,,,,37,Extension WiMAX HOME 5G L12/L13
3136,21350,747,2867,No,296-[extension]297Days (Value Rental Pack: 6Months Pack + 4Months Pack),2,カート用延長フラグ,Extension WiMAX HOME 5G L12/L13,1,,,,,,,,*,wh/img001-ex.jpg,*,wh/img001-ex.jpg,,,,,,,,,,,,,,,,,,,,,,,0,1,en_wh_ex_301,,1,,61200,61200,,5,,,,,,,,,,,,,,,,,37,Extension WiMAX HOME 5G L12/L13
3136,21351,748,2868,Yes,297-[extension]298Days (Value Rental Pack: 6Months Pack + 4Months Pack),2,カート用延長フラグ,Extension WiMAX HOME 5G L12/L13,1,,,,,,,,*,wh/img001-ex.jpg,*,wh/img001-ex.jpg,,,,,,,,,,,,,,,,,,,,,,,1,1,en_wh_ex_301_bt,,1,,61200,65100,,5,,,,,,,,,,,,,,,,,37,Extension WiMAX HOME 5G L12/L13
3136,21352,747,2868,No,297-[extension]298Days (Value Rental Pack: 6Months Pack + 4Months Pack),2,カート用延長フラグ,Extension WiMAX HOME 5G L12/L13,1,,,,,,,,*,wh/img001-ex.jpg,*,wh/img001-ex.jpg,,,,,,,,,,,,,,,,,,,,,,,0,1,en_wh_ex_301,,1,,61200,61200,,5,,,,,,,,,,,,,,,,,37,Extension WiMAX HOME 5G L12/L13
3136,21353,748,2869,Yes,298-[extension]299Days (Value Rental Pack: 6Months Pack + 4Months Pack),2,カート用延長フラグ,Extension WiMAX HOME 5G L12/L13,1,,,,,,,,*,wh/img001-ex.jpg,*,wh/img001-ex.jpg,,,,,,,,,,,,,,,,,,,,,,,1,1,en_wh_ex_301_bt,,1,,61200,65100,,5,,,,,,,,,,,,,,,,,37,Extension WiMAX HOME 5G L12/L13
3136,21354,747,2869,No,298-[extension]299Days (Value Rental Pack: 6Months Pack + 4Months Pack),2,カート用延長フラグ,Extension WiMAX HOME 5G L12/L13,1,,,,,,,,*,wh/img001-ex.jpg,*,wh/img001-ex.jpg,,,,,,,,,,,,,,,,,,,,,,,0,1,en_wh_ex_301,,1,,61200,61200,,5,,,,,,,,,,,,,,,,,37,Extension WiMAX HOME 5G L12/L13
3136,21355,748,2870,Yes,299-[extension]300Days (Value Rental Pack: 6Months Pack + 4Months Pack),2,カート用延長フラグ,Extension WiMAX HOME 5G L12/L13,1,,,,,,,,*,wh/img001-ex.jpg,*,wh/img001-ex.jpg,,,,,,,,,,,,,,,,,,,,,,,1,1,en_wh_ex_301_bt,,1,,61200,65100,,5,,,,,,,,,,,,,,,,,37,Extension WiMAX HOME 5G L12/L13
3136,21356,747,2870,No,299-[extension]300Days (Value Rental Pack: 6Months Pack + 4Months Pack),2,カート用延長フラグ,Extension WiMAX HOME 5G L12/L13,1,,,,,,,,*,wh/img001-ex.jpg,*,wh/img001-ex.jpg,,,,,,,,,,,,,,,,,,,,,,,0,1,en_wh_ex_301,,1,,61200,61200,,5,,,,,,,,,,,,,,,,,37,Extension WiMAX HOME 5G L12/L13
3136,21357,748,2871,Yes,300-[extension]301Days (Value Rental Pack: 6Months Pack + 4Months Pack),2,カート用延長フラグ,Extension WiMAX HOME 5G L12/L13,1,,,,,,,,*,wh/img001-ex.jpg,*,wh/img001-ex.jpg,,,,,,,,,,,,,,,,,,,,,,,1,1,en_wh_ex_301_bt,,1,,61200,65100,,5,,,,,,,,,,,,,,,,,37,Extension WiMAX HOME 5G L12/L13
3136,21358,747,2871,No,300-[extension]301Days (Value Rental Pack: 6Months Pack + 4Months Pack),2,カート用延長フラグ,Extension WiMAX HOME 5G L12/L13,1,,,,,,,,*,wh/img001-ex.jpg,*,wh/img001-ex.jpg,,,,,,,,,,,,,,,,,,,,,,,0,1,en_wh_ex_301,,1,,61200,61200,,5,,,,,,,,,,,,,,,,,37,Extension WiMAX HOME 5G L12/L13
3136,21359,748,2872,Yes,301-[extension]302Days (Value Rental Pack: 6Months Pack + 4Months Pack),2,カート用延長フラグ,Extension WiMAX HOME 5G L12/L13,1,,,,,,,,*,wh/img001-ex.jpg,*,wh/img001-ex.jpg,,,,,,,,,,,,,,,,,,,,,,,1,1,en_wh_ex_301_bt,,1,,61200,65100,,5,,,,,,,,,,,,,,,,,37,Extension WiMAX HOME 5G L12/L13
3136,21360,747,2872,No,301-[extension]302Days (Value Rental Pack: 6Months Pack + 4Months Pack),2,カート用延長フラグ,Extension WiMAX HOME 5G L12/L13,1,,,,,,,,*,wh/img001-ex.jpg,*,wh/img001-ex.jpg,,,,,,,,,,,,,,,,,,,,,,,0,1,en_wh_ex_301,,1,,61200,61200,,5,,,,,,,,,,,,,,,,,37,Extension WiMAX HOME 5G L12/L13
3136,21361,748,2873,Yes,302-[extension]303Days (Value Rental Pack: 6Months Pack + 4Months Pack + 1Day),2,カート用延長フラグ,Extension WiMAX HOME 5G L12/L13,1,,,,,,,,*,wh/img001-ex.jpg,*,wh/img001-ex.jpg,,,,,,,,,,,,,,,,,,,,,,,1,1,en_wh_ex_302_bt,,1,,61790,65740,,5,,,,,,,,,,,,,,,,,37,Extension WiMAX HOME 5G L12/L13
3136,21362,747,2873,No,302-[extension]303Days (Value Rental Pack: 6Months Pack + 4Months Pack + 1Day),2,カート用延長フラグ,Extension WiMAX HOME 5G L12/L13,1,,,,,,,,*,wh/img001-ex.jpg,*,wh/img001-ex.jpg,,,,,,,,,,,,,,,,,,,,,,,0,1,en_wh_ex_302,,1,,61790,61790,,5,,,,,,,,,,,,,,,,,37,Extension WiMAX HOME 5G L12/L13
3136,21363,748,2874,Yes,303-[extension]304Days (Value Rental Pack: 6Months Pack + 4Months Pack + 2Days),2,カート用延長フラグ,Extension WiMAX HOME 5G L12/L13,1,,,,,,,,*,wh/img001-ex.jpg,*,wh/img001-ex.jpg,,,,,,,,,,,,,,,,,,,,,,,1,1,en_wh_ex_303_bt,,1,,62380,66380,,5,,,,,,,,,,,,,,,,,37,Extension WiMAX HOME 5G L12/L13
3136,21364,747,2874,No,303-[extension]304Days (Value Rental Pack: 6Months Pack + 4Months Pack + 2Days),2,カート用延長フラグ,Extension WiMAX HOME 5G L12/L13,1,,,,,,,,*,wh/img001-ex.jpg,*,wh/img001-ex.jpg,,,,,,,,,,,,,,,,,,,,,,,0,1,en_wh_ex_303,,1,,62380,62380,,5,,,,,,,,,,,,,,,,,37,Extension WiMAX HOME 5G L12/L13
3136,21365,748,2875,Yes,304-[extension]305Days (Value Rental Pack: 6Months Pack + 4Months Pack + 3Days),2,カート用延長フラグ,Extension WiMAX HOME 5G L12/L13,1,,,,,,,,*,wh/img001-ex.jpg,*,wh/img001-ex.jpg,,,,,,,,,,,,,,,,,,,,,,,1,1,en_wh_ex_304_bt,,1,,62970,67020,,5,,,,,,,,,,,,,,,,,37,Extension WiMAX HOME 5G L12/L13
3136,21366,747,2875,No,304-[extension]305Days (Value Rental Pack: 6Months Pack + 4Months Pack + 3Days),2,カート用延長フラグ,Extension WiMAX HOME 5G L12/L13,1,,,,,,,,*,wh/img001-ex.jpg,*,wh/img001-ex.jpg,,,,,,,,,,,,,,,,,,,,,,,0,1,en_wh_ex_304,,1,,62970,62970,,5,,,,,,,,,,,,,,,,,37,Extension WiMAX HOME 5G L12/L13
3136,21367,748,2876,Yes,305-[extension]306Days (Value Rental Pack: 6Months Pack + 4Months Pack + 4Days),2,カート用延長フラグ,Extension WiMAX HOME 5G L12/L13,1,,,,,,,,*,wh/img001-ex.jpg,*,wh/img001-ex.jpg,,,,,,,,,,,,,,,,,,,,,,,1,1,en_wh_ex_305_bt,,1,,63560,67660,,5,,,,,,,,,,,,,,,,,37,Extension WiMAX HOME 5G L12/L13
3136,21368,747,2876,No,305-[extension]306Days (Value Rental Pack: 6Months Pack + 4Months Pack + 4Days),2,カート用延長フラグ,Extension WiMAX HOME 5G L12/L13,1,,,,,,,,*,wh/img001-ex.jpg,*,wh/img001-ex.jpg,,,,,,,,,,,,,,,,,,,,,,,0,1,en_wh_ex_305,,1,,63560,63560,,5,,,,,,,,,,,,,,,,,37,Extension WiMAX HOME 5G L12/L13
3136,21369,748,2877,Yes,306-[extension]307Days (Value Rental Pack: 6Months Pack + 4Months Pack + 5Days),2,カート用延長フラグ,Extension WiMAX HOME 5G L12/L13,1,,,,,,,,*,wh/img001-ex.jpg,*,wh/img001-ex.jpg,,,,,,,,,,,,,,,,,,,,,,,1,1,en_wh_ex_306_bt,,1,,64150,68300,,5,,,,,,,,,,,,,,,,,37,Extension WiMAX HOME 5G L12/L13
3136,21370,747,2877,No,306-[extension]307Days (Value Rental Pack: 6Months Pack + 4Months Pack + 5Days),2,カート用延長フラグ,Extension WiMAX HOME 5G L12/L13,1,,,,,,,,*,wh/img001-ex.jpg,*,wh/img001-ex.jpg,,,,,,,,,,,,,,,,,,,,,,,0,1,en_wh_ex_306,,1,,64150,64150,,5,,,,,,,,,,,,,,,,,37,Extension WiMAX HOME 5G L12/L13
3136,21371,748,2878,Yes,307-[extension]308Days (Value Rental Pack: 6Months Pack + 5Months Pack),2,カート用延長フラグ,Extension WiMAX HOME 5G L12/L13,1,,,,,,,,*,wh/img001-ex.jpg,*,wh/img001-ex.jpg,,,,,,,,,,,,,,,,,,,,,,,1,1,en_wh_ex_331_bt,,1,,64200,68400,,5,,,,,,,,,,,,,,,,,37,Extension WiMAX HOME 5G L12/L13
3136,21372,747,2878,No,307-[extension]308Days (Value Rental Pack: 6Months Pack + 5Months Pack),2,カート用延長フラグ,Extension WiMAX HOME 5G L12/L13,1,,,,,,,,*,wh/img001-ex.jpg,*,wh/img001-ex.jpg,,,,,,,,,,,,,,,,,,,,,,,0,1,en_wh_ex_331,,1,,64200,64200,,5,,,,,,,,,,,,,,,,,37,Extension WiMAX HOME 5G L12/L13
3136,21373,748,2879,Yes,308-[extension]309Days (Value Rental Pack: 6Months Pack + 5Months Pack),2,カート用延長フラグ,Extension WiMAX HOME 5G L12/L13,1,,,,,,,,*,wh/img001-ex.jpg,*,wh/img001-ex.jpg,,,,,,,,,,,,,,,,,,,,,,,1,1,en_wh_ex_331_bt,,1,,64200,68400,,5,,,,,,,,,,,,,,,,,37,Extension WiMAX HOME 5G L12/L13
3136,21374,747,2879,No,308-[extension]309Days (Value Rental Pack: 6Months Pack + 5Months Pack),2,カート用延長フラグ,Extension WiMAX HOME 5G L12/L13,1,,,,,,,,*,wh/img001-ex.jpg,*,wh/img001-ex.jpg,,,,,,,,,,,,,,,,,,,,,,,0,1,en_wh_ex_331,,1,,64200,64200,,5,,,,,,,,,,,,,,,,,37,Extension WiMAX HOME 5G L12/L13
3136,21375,748,2880,Yes,309-[extension]310Days (Value Rental Pack: 6Months Pack + 5Months Pack),2,カート用延長フラグ,Extension WiMAX HOME 5G L12/L13,1,,,,,,,,*,wh/img001-ex.jpg,*,wh/img001-ex.jpg,,,,,,,,,,,,,,,,,,,,,,,1,1,en_wh_ex_331_bt,,1,,64200,68400,,5,,,,,,,,,,,,,,,,,37,Extension WiMAX HOME 5G L12/L13
3136,21376,747,2880,No,309-[extension]310Days (Value Rental Pack: 6Months Pack + 5Months Pack),2,カート用延長フラグ,Extension WiMAX HOME 5G L12/L13,1,,,,,,,,*,wh/img001-ex.jpg,*,wh/img001-ex.jpg,,,,,,,,,,,,,,,,,,,,,,,0,1,en_wh_ex_331,,1,,64200,64200,,5,,,,,,,,,,,,,,,,,37,Extension WiMAX HOME 5G L12/L13
3136,21377,748,2881,Yes,310-[extension]311Days (Value Rental Pack: 6Months Pack + 5Months Pack),2,カート用延長フラグ,Extension WiMAX HOME 5G L12/L13,1,,,,,,,,*,wh/img001-ex.jpg,*,wh/img001-ex.jpg,,,,,,,,,,,,,,,,,,,,,,,1,1,en_wh_ex_331_bt,,1,,64200,68400,,5,,,,,,,,,,,,,,,,,37,Extension WiMAX HOME 5G L12/L13
3136,21378,747,2881,No,310-[extension]311Days (Value Rental Pack: 6Months Pack + 5Months Pack),2,カート用延長フラグ,Extension WiMAX HOME 5G L12/L13,1,,,,,,,,*,wh/img001-ex.jpg,*,wh/img001-ex.jpg,,,,,,,,,,,,,,,,,,,,,,,0,1,en_wh_ex_331,,1,,64200,64200,,5,,,,,,,,,,,,,,,,,37,Extension WiMAX HOME 5G L12/L13
3136,21379,748,2882,Yes,311-[extension]312Days (Value Rental Pack: 6Months Pack + 5Months Pack),2,カート用延長フラグ,Extension WiMAX HOME 5G L12/L13,1,,,,,,,,*,wh/img001-ex.jpg,*,wh/img001-ex.jpg,,,,,,,,,,,,,,,,,,,,,,,1,1,en_wh_ex_331_bt,,1,,64200,68400,,5,,,,,,,,,,,,,,,,,37,Extension WiMAX HOME 5G L12/L13
3136,21380,747,2882,No,311-[extension]312Days (Value Rental Pack: 6Months Pack + 5Months Pack),2,カート用延長フラグ,Extension WiMAX HOME 5G L12/L13,1,,,,,,,,*,wh/img001-ex.jpg,*,wh/img001-ex.jpg,,,,,,,,,,,,,,,,,,,,,,,0,1,en_wh_ex_331,,1,,64200,64200,,5,,,,,,,,,,,,,,,,,37,Extension WiMAX HOME 5G L12/L13
3136,21381,748,2883,Yes,312-[extension]313Days (Value Rental Pack: 6Months Pack + 5Months Pack),2,カート用延長フラグ,Extension WiMAX HOME 5G L12/L13,1,,,,,,,,*,wh/img001-ex.jpg,*,wh/img001-ex.jpg,,,,,,,,,,,,,,,,,,,,,,,1,1,en_wh_ex_331_bt,,1,,64200,68400,,5,,,,,,,,,,,,,,,,,37,Extension WiMAX HOME 5G L12/L13
3136,21382,747,2883,No,312-[extension]313Days (Value Rental Pack: 6Months Pack + 5Months Pack),2,カート用延長フラグ,Extension WiMAX HOME 5G L12/L13,1,,,,,,,,*,wh/img001-ex.jpg,*,wh/img001-ex.jpg,,,,,,,,,,,,,,,,,,,,,,,0,1,en_wh_ex_331,,1,,64200,64200,,5,,,,,,,,,,,,,,,,,37,Extension WiMAX HOME 5G L12/L13
3136,21383,748,2884,Yes,313-[extension]314Days (Value Rental Pack: 6Months Pack + 5Months Pack),2,カート用延長フラグ,Extension WiMAX HOME 5G L12/L13,1,,,,,,,,*,wh/img001-ex.jpg,*,wh/img001-ex.jpg,,,,,,,,,,,,,,,,,,,,,,,1,1,en_wh_ex_331_bt,,1,,64200,68400,,5,,,,,,,,,,,,,,,,,37,Extension WiMAX HOME 5G L12/L13
3136,21384,747,2884,No,313-[extension]314Days (Value Rental Pack: 6Months Pack + 5Months Pack),2,カート用延長フラグ,Extension WiMAX HOME 5G L12/L13,1,,,,,,,,*,wh/img001-ex.jpg,*,wh/img001-ex.jpg,,,,,,,,,,,,,,,,,,,,,,,0,1,en_wh_ex_331,,1,,64200,64200,,5,,,,,,,,,,,,,,,,,37,Extension WiMAX HOME 5G L12/L13
3136,21385,748,2885,Yes,314-[extension]315Days (Value Rental Pack: 6Months Pack + 5Months Pack),2,カート用延長フラグ,Extension WiMAX HOME 5G L12/L13,1,,,,,,,,*,wh/img001-ex.jpg,*,wh/img001-ex.jpg,,,,,,,,,,,,,,,,,,,,,,,1,1,en_wh_ex_331_bt,,1,,64200,68400,,5,,,,,,,,,,,,,,,,,37,Extension WiMAX HOME 5G L12/L13
3136,21386,747,2885,No,314-[extension]315Days (Value Rental Pack: 6Months Pack + 5Months Pack),2,カート用延長フラグ,Extension WiMAX HOME 5G L12/L13,1,,,,,,,,*,wh/img001-ex.jpg,*,wh/img001-ex.jpg,,,,,,,,,,,,,,,,,,,,,,,0,1,en_wh_ex_331,,1,,64200,64200,,5,,,,,,,,,,,,,,,,,37,Extension WiMAX HOME 5G L12/L13
3136,21387,748,2886,Yes,315-[extension]316Days (Value Rental Pack: 6Months Pack + 5Months Pack),2,カート用延長フラグ,Extension WiMAX HOME 5G L12/L13,1,,,,,,,,*,wh/img001-ex.jpg,*,wh/img001-ex.jpg,,,,,,,,,,,,,,,,,,,,,,,1,1,en_wh_ex_331_bt,,1,,64200,68400,,5,,,,,,,,,,,,,,,,,37,Extension WiMAX HOME 5G L12/L13
3136,21388,747,2886,No,315-[extension]316Days (Value Rental Pack: 6Months Pack + 5Months Pack),2,カート用延長フラグ,Extension WiMAX HOME 5G L12/L13,1,,,,,,,,*,wh/img001-ex.jpg,*,wh/img001-ex.jpg,,,,,,,,,,,,,,,,,,,,,,,0,1,en_wh_ex_331,,1,,64200,64200,,5,,,,,,,,,,,,,,,,,37,Extension WiMAX HOME 5G L12/L13
3136,21389,748,2887,Yes,316-[extension]317Days (Value Rental Pack: 6Months Pack + 5Months Pack),2,カート用延長フラグ,Extension WiMAX HOME 5G L12/L13,1,,,,,,,,*,wh/img001-ex.jpg,*,wh/img001-ex.jpg,,,,,,,,,,,,,,,,,,,,,,,1,1,en_wh_ex_331_bt,,1,,64200,68400,,5,,,,,,,,,,,,,,,,,37,Extension WiMAX HOME 5G L12/L13
3136,21390,747,2887,No,316-[extension]317Days (Value Rental Pack: 6Months Pack + 5Months Pack),2,カート用延長フラグ,Extension WiMAX HOME 5G L12/L13,1,,,,,,,,*,wh/img001-ex.jpg,*,wh/img001-ex.jpg,,,,,,,,,,,,,,,,,,,,,,,0,1,en_wh_ex_331,,1,,64200,64200,,5,,,,,,,,,,,,,,,,,37,Extension WiMAX HOME 5G L12/L13
3136,21391,748,2888,Yes,317-[extension]318Days (Value Rental Pack: 6Months Pack + 5Months Pack),2,カート用延長フラグ,Extension WiMAX HOME 5G L12/L13,1,,,,,,,,*,wh/img001-ex.jpg,*,wh/img001-ex.jpg,,,,,,,,,,,,,,,,,,,,,,,1,1,en_wh_ex_331_bt,,1,,64200,68400,,5,,,,,,,,,,,,,,,,,37,Extension WiMAX HOME 5G L12/L13
3136,21392,747,2888,No,317-[extension]318Days (Value Rental Pack: 6Months Pack + 5Months Pack),2,カート用延長フラグ,Extension WiMAX HOME 5G L12/L13,1,,,,,,,,*,wh/img001-ex.jpg,*,wh/img001-ex.jpg,,,,,,,,,,,,,,,,,,,,,,,0,1,en_wh_ex_331,,1,,64200,64200,,5,,,,,,,,,,,,,,,,,37,Extension WiMAX HOME 5G L12/L13
3136,21393,748,2889,Yes,318-[extension]319Days (Value Rental Pack: 6Months Pack + 5Months Pack),2,カート用延長フラグ,Extension WiMAX HOME 5G L12/L13,1,,,,,,,,*,wh/img001-ex.jpg,*,wh/img001-ex.jpg,,,,,,,,,,,,,,,,,,,,,,,1,1,en_wh_ex_331_bt,,1,,64200,68400,,5,,,,,,,,,,,,,,,,,37,Extension WiMAX HOME 5G L12/L13
3136,21394,747,2889,No,318-[extension]319Days (Value Rental Pack: 6Months Pack + 5Months Pack),2,カート用延長フラグ,Extension WiMAX HOME 5G L12/L13,1,,,,,,,,*,wh/img001-ex.jpg,*,wh/img001-ex.jpg,,,,,,,,,,,,,,,,,,,,,,,0,1,en_wh_ex_331,,1,,64200,64200,,5,,,,,,,,,,,,,,,,,37,Extension WiMAX HOME 5G L12/L13
3136,21395,748,2890,Yes,319-[extension]320Days (Value Rental Pack: 6Months Pack + 5Months Pack),2,カート用延長フラグ,Extension WiMAX HOME 5G L12/L13,1,,,,,,,,*,wh/img001-ex.jpg,*,wh/img001-ex.jpg,,,,,,,,,,,,,,,,,,,,,,,1,1,en_wh_ex_331_bt,,1,,64200,68400,,5,,,,,,,,,,,,,,,,,37,Extension WiMAX HOME 5G L12/L13
3136,21396,747,2890,No,319-[extension]320Days (Value Rental Pack: 6Months Pack + 5Months Pack),2,カート用延長フラグ,Extension WiMAX HOME 5G L12/L13,1,,,,,,,,*,wh/img001-ex.jpg,*,wh/img001-ex.jpg,,,,,,,,,,,,,,,,,,,,,,,0,1,en_wh_ex_331,,1,,64200,64200,,5,,,,,,,,,,,,,,,,,37,Extension WiMAX HOME 5G L12/L13
3136,21397,748,2891,Yes,320-[extension]321Days (Value Rental Pack: 6Months Pack + 5Months Pack),2,カート用延長フラグ,Extension WiMAX HOME 5G L12/L13,1,,,,,,,,*,wh/img001-ex.jpg,*,wh/img001-ex.jpg,,,,,,,,,,,,,,,,,,,,,,,1,1,en_wh_ex_331_bt,,1,,64200,68400,,5,,,,,,,,,,,,,,,,,37,Extension WiMAX HOME 5G L12/L13
3136,21398,747,2891,No,320-[extension]321Days (Value Rental Pack: 6Months Pack + 5Months Pack),2,カート用延長フラグ,Extension WiMAX HOME 5G L12/L13,1,,,,,,,,*,wh/img001-ex.jpg,*,wh/img001-ex.jpg,,,,,,,,,,,,,,,,,,,,,,,0,1,en_wh_ex_331,,1,,64200,64200,,5,,,,,,,,,,,,,,,,,37,Extension WiMAX HOME 5G L12/L13
3136,21399,748,2892,Yes,321-[extension]322Days (Value Rental Pack: 6Months Pack + 5Months Pack),2,カート用延長フラグ,Extension WiMAX HOME 5G L12/L13,1,,,,,,,,*,wh/img001-ex.jpg,*,wh/img001-ex.jpg,,,,,,,,,,,,,,,,,,,,,,,1,1,en_wh_ex_331_bt,,1,,64200,68400,,5,,,,,,,,,,,,,,,,,37,Extension WiMAX HOME 5G L12/L13
3136,21400,747,2892,No,321-[extension]322Days (Value Rental Pack: 6Months Pack + 5Months Pack),2,カート用延長フラグ,Extension WiMAX HOME 5G L12/L13,1,,,,,,,,*,wh/img001-ex.jpg,*,wh/img001-ex.jpg,,,,,,,,,,,,,,,,,,,,,,,0,1,en_wh_ex_331,,1,,64200,64200,,5,,,,,,,,,,,,,,,,,37,Extension WiMAX HOME 5G L12/L13
3136,21401,748,2893,Yes,322-[extension]323Days (Value Rental Pack: 6Months Pack + 5Months Pack),2,カート用延長フラグ,Extension WiMAX HOME 5G L12/L13,1,,,,,,,,*,wh/img001-ex.jpg,*,wh/img001-ex.jpg,,,,,,,,,,,,,,,,,,,,,,,1,1,en_wh_ex_331_bt,,1,,64200,68400,,5,,,,,,,,,,,,,,,,,37,Extension WiMAX HOME 5G L12/L13
3136,21402,747,2893,No,322-[extension]323Days (Value Rental Pack: 6Months Pack + 5Months Pack),2,カート用延長フラグ,Extension WiMAX HOME 5G L12/L13,1,,,,,,,,*,wh/img001-ex.jpg,*,wh/img001-ex.jpg,,,,,,,,,,,,,,,,,,,,,,,0,1,en_wh_ex_331,,1,,64200,64200,,5,,,,,,,,,,,,,,,,,37,Extension WiMAX HOME 5G L12/L13
3136,21403,748,2894,Yes,323-[extension]324Days (Value Rental Pack: 6Months Pack + 5Months Pack),2,カート用延長フラグ,Extension WiMAX HOME 5G L12/L13,1,,,,,,,,*,wh/img001-ex.jpg,*,wh/img001-ex.jpg,,,,,,,,,,,,,,,,,,,,,,,1,1,en_wh_ex_331_bt,,1,,64200,68400,,5,,,,,,,,,,,,,,,,,37,Extension WiMAX HOME 5G L12/L13
3136,21404,747,2894,No,323-[extension]324Days (Value Rental Pack: 6Months Pack + 5Months Pack),2,カート用延長フラグ,Extension WiMAX HOME 5G L12/L13,1,,,,,,,,*,wh/img001-ex.jpg,*,wh/img001-ex.jpg,,,,,,,,,,,,,,,,,,,,,,,0,1,en_wh_ex_331,,1,,64200,64200,,5,,,,,,,,,,,,,,,,,37,Extension WiMAX HOME 5G L12/L13
3136,21405,748,2895,Yes,324-[extension]325Days (Value Rental Pack: 6Months Pack + 5Months Pack),2,カート用延長フラグ,Extension WiMAX HOME 5G L12/L13,1,,,,,,,,*,wh/img001-ex.jpg,*,wh/img001-ex.jpg,,,,,,,,,,,,,,,,,,,,,,,1,1,en_wh_ex_331_bt,,1,,64200,68400,,5,,,,,,,,,,,,,,,,,37,Extension WiMAX HOME 5G L12/L13
3136,21406,747,2895,No,324-[extension]325Days (Value Rental Pack: 6Months Pack + 5Months Pack),2,カート用延長フラグ,Extension WiMAX HOME 5G L12/L13,1,,,,,,,,*,wh/img001-ex.jpg,*,wh/img001-ex.jpg,,,,,,,,,,,,,,,,,,,,,,,0,1,en_wh_ex_331,,1,,64200,64200,,5,,,,,,,,,,,,,,,,,37,Extension WiMAX HOME 5G L12/L13
3136,21407,748,2896,Yes,325-[extension]326Days (Value Rental Pack: 6Months Pack + 5Months Pack),2,カート用延長フラグ,Extension WiMAX HOME 5G L12/L13,1,,,,,,,,*,wh/img001-ex.jpg,*,wh/img001-ex.jpg,,,,,,,,,,,,,,,,,,,,,,,1,1,en_wh_ex_331_bt,,1,,64200,68400,,5,,,,,,,,,,,,,,,,,37,Extension WiMAX HOME 5G L12/L13
3136,21408,747,2896,No,325-[extension]326Days (Value Rental Pack: 6Months Pack + 5Months Pack),2,カート用延長フラグ,Extension WiMAX HOME 5G L12/L13,1,,,,,,,,*,wh/img001-ex.jpg,*,wh/img001-ex.jpg,,,,,,,,,,,,,,,,,,,,,,,0,1,en_wh_ex_331,,1,,64200,64200,,5,,,,,,,,,,,,,,,,,37,Extension WiMAX HOME 5G L12/L13
3136,21409,748,2897,Yes,326-[extension]327Days (Value Rental Pack: 6Months Pack + 5Months Pack),2,カート用延長フラグ,Extension WiMAX HOME 5G L12/L13,1,,,,,,,,*,wh/img001-ex.jpg,*,wh/img001-ex.jpg,,,,,,,,,,,,,,,,,,,,,,,1,1,en_wh_ex_331_bt,,1,,64200,68400,,5,,,,,,,,,,,,,,,,,37,Extension WiMAX HOME 5G L12/L13
3136,21410,747,2897,No,326-[extension]327Days (Value Rental Pack: 6Months Pack + 5Months Pack),2,カート用延長フラグ,Extension WiMAX HOME 5G L12/L13,1,,,,,,,,*,wh/img001-ex.jpg,*,wh/img001-ex.jpg,,,,,,,,,,,,,,,,,,,,,,,0,1,en_wh_ex_331,,1,,64200,64200,,5,,,,,,,,,,,,,,,,,37,Extension WiMAX HOME 5G L12/L13
3136,21411,748,2898,Yes,327-[extension]328Days (Value Rental Pack: 6Months Pack + 5Months Pack),2,カート用延長フラグ,Extension WiMAX HOME 5G L12/L13,1,,,,,,,,*,wh/img001-ex.jpg,*,wh/img001-ex.jpg,,,,,,,,,,,,,,,,,,,,,,,1,1,en_wh_ex_331_bt,,1,,64200,68400,,5,,,,,,,,,,,,,,,,,37,Extension WiMAX HOME 5G L12/L13
3136,21412,747,2898,No,327-[extension]328Days (Value Rental Pack: 6Months Pack + 5Months Pack),2,カート用延長フラグ,Extension WiMAX HOME 5G L12/L13,1,,,,,,,,*,wh/img001-ex.jpg,*,wh/img001-ex.jpg,,,,,,,,,,,,,,,,,,,,,,,0,1,en_wh_ex_331,,1,,64200,64200,,5,,,,,,,,,,,,,,,,,37,Extension WiMAX HOME 5G L12/L13
3136,21413,748,2899,Yes,328-[extension]329Days (Value Rental Pack: 6Months Pack + 5Months Pack),2,カート用延長フラグ,Extension WiMAX HOME 5G L12/L13,1,,,,,,,,*,wh/img001-ex.jpg,*,wh/img001-ex.jpg,,,,,,,,,,,,,,,,,,,,,,,1,1,en_wh_ex_331_bt,,1,,64200,68400,,5,,,,,,,,,,,,,,,,,37,Extension WiMAX HOME 5G L12/L13
3136,21414,747,2899,No,328-[extension]329Days (Value Rental Pack: 6Months Pack + 5Months Pack),2,カート用延長フラグ,Extension WiMAX HOME 5G L12/L13,1,,,,,,,,*,wh/img001-ex.jpg,*,wh/img001-ex.jpg,,,,,,,,,,,,,,,,,,,,,,,0,1,en_wh_ex_331,,1,,64200,64200,,5,,,,,,,,,,,,,,,,,37,Extension WiMAX HOME 5G L12/L13
3136,21415,748,2900,Yes,329-[extension]330Days (Value Rental Pack: 6Months Pack + 5Months Pack),2,カート用延長フラグ,Extension WiMAX HOME 5G L12/L13,1,,,,,,,,*,wh/img001-ex.jpg,*,wh/img001-ex.jpg,,,,,,,,,,,,,,,,,,,,,,,1,1,en_wh_ex_331_bt,,1,,64200,68400,,5,,,,,,,,,,,,,,,,,37,Extension WiMAX HOME 5G L12/L13
3136,21416,747,2900,No,329-[extension]330Days (Value Rental Pack: 6Months Pack + 5Months Pack),2,カート用延長フラグ,Extension WiMAX HOME 5G L12/L13,1,,,,,,,,*,wh/img001-ex.jpg,*,wh/img001-ex.jpg,,,,,,,,,,,,,,,,,,,,,,,0,1,en_wh_ex_331,,1,,64200,64200,,5,,,,,,,,,,,,,,,,,37,Extension WiMAX HOME 5G L12/L13
3136,21417,748,2901,Yes,330-[extension]331Days (Value Rental Pack: 6Months Pack + 5Months Pack),2,カート用延長フラグ,Extension WiMAX HOME 5G L12/L13,1,,,,,,,,*,wh/img001-ex.jpg,*,wh/img001-ex.jpg,,,,,,,,,,,,,,,,,,,,,,,1,1,en_wh_ex_331_bt,,1,,64200,68400,,5,,,,,,,,,,,,,,,,,37,Extension WiMAX HOME 5G L12/L13
3136,21418,747,2901,No,330-[extension]331Days (Value Rental Pack: 6Months Pack + 5Months Pack),2,カート用延長フラグ,Extension WiMAX HOME 5G L12/L13,1,,,,,,,,*,wh/img001-ex.jpg,*,wh/img001-ex.jpg,,,,,,,,,,,,,,,,,,,,,,,0,1,en_wh_ex_331,,1,,64200,64200,,5,,,,,,,,,,,,,,,,,37,Extension WiMAX HOME 5G L12/L13
3136,21419,748,2902,Yes,331-[extension]332Days (Value Rental Pack: 6Months Pack + 5Months Pack),2,カート用延長フラグ,Extension WiMAX HOME 5G L12/L13,1,,,,,,,,*,wh/img001-ex.jpg,*,wh/img001-ex.jpg,,,,,,,,,,,,,,,,,,,,,,,1,1,en_wh_ex_331_bt,,1,,64200,68400,,5,,,,,,,,,,,,,,,,,37,Extension WiMAX HOME 5G L12/L13
3136,21420,747,2902,No,331-[extension]332Days (Value Rental Pack: 6Months Pack + 5Months Pack),2,カート用延長フラグ,Extension WiMAX HOME 5G L12/L13,1,,,,,,,,*,wh/img001-ex.jpg,*,wh/img001-ex.jpg,,,,,,,,,,,,,,,,,,,,,,,0,1,en_wh_ex_331,,1,,64200,64200,,5,,,,,,,,,,,,,,,,,37,Extension WiMAX HOME 5G L12/L13
3136,21421,748,2903,Yes,332-[extension]333Days (Value Rental Pack: 6Months Pack + 5Months Pack + 1Day),2,カート用延長フラグ,Extension WiMAX HOME 5G L12/L13,1,,,,,,,,*,wh/img001-ex.jpg,*,wh/img001-ex.jpg,,,,,,,,,,,,,,,,,,,,,,,1,1,en_wh_ex_332_bt,,1,,64790,69040,,5,,,,,,,,,,,,,,,,,37,Extension WiMAX HOME 5G L12/L13
3136,21422,747,2903,No,332-[extension]333Days (Value Rental Pack: 6Months Pack + 5Months Pack + 1Day),2,カート用延長フラグ,Extension WiMAX HOME 5G L12/L13,1,,,,,,,,*,wh/img001-ex.jpg,*,wh/img001-ex.jpg,,,,,,,,,,,,,,,,,,,,,,,0,1,en_wh_ex_332,,1,,64790,64790,,5,,,,,,,,,,,,,,,,,37,Extension WiMAX HOME 5G L12/L13
3136,21423,748,2904,Yes,333-[extension]334Days (Value Rental Pack: 6Months Pack + 5Months Pack + 2Days),2,カート用延長フラグ,Extension WiMAX HOME 5G L12/L13,1,,,,,,,,*,wh/img001-ex.jpg,*,wh/img001-ex.jpg,,,,,,,,,,,,,,,,,,,,,,,1,1,en_wh_ex_333_bt,,1,,65380,69680,,5,,,,,,,,,,,,,,,,,37,Extension WiMAX HOME 5G L12/L13
3136,21424,747,2904,No,333-[extension]334Days (Value Rental Pack: 6Months Pack + 5Months Pack + 2Days),2,カート用延長フラグ,Extension WiMAX HOME 5G L12/L13,1,,,,,,,,*,wh/img001-ex.jpg,*,wh/img001-ex.jpg,,,,,,,,,,,,,,,,,,,,,,,0,1,en_wh_ex_333,,1,,65380,65380,,5,,,,,,,,,,,,,,,,,37,Extension WiMAX HOME 5G L12/L13
3136,21425,748,2905,Yes,334-[extension]335Days (Value Rental Pack: 6Months Pack + 5Months Pack + 3Days),2,カート用延長フラグ,Extension WiMAX HOME 5G L12/L13,1,,,,,,,,*,wh/img001-ex.jpg,*,wh/img001-ex.jpg,,,,,,,,,,,,,,,,,,,,,,,1,1,en_wh_ex_334_bt,,1,,65970,70320,,5,,,,,,,,,,,,,,,,,37,Extension WiMAX HOME 5G L12/L13
3136,21426,747,2905,No,334-[extension]335Days (Value Rental Pack: 6Months Pack + 5Months Pack + 3Days),2,カート用延長フラグ,Extension WiMAX HOME 5G L12/L13,1,,,,,,,,*,wh/img001-ex.jpg,*,wh/img001-ex.jpg,,,,,,,,,,,,,,,,,,,,,,,0,1,en_wh_ex_334,,1,,65970,65970,,5,,,,,,,,,,,,,,,,,37,Extension WiMAX HOME 5G L12/L13
3136,21427,748,2906,Yes,335-[extension]336Days (Value Rental Pack: 6Months Pack + 5Months Pack + 4Days),2,カート用延長フラグ,Extension WiMAX HOME 5G L12/L13,1,,,,,,,,*,wh/img001-ex.jpg,*,wh/img001-ex.jpg,,,,,,,,,,,,,,,,,,,,,,,1,1,en_wh_ex_335_bt,,1,,66560,70960,,5,,,,,,,,,,,,,,,,,37,Extension WiMAX HOME 5G L12/L13
3136,21428,747,2906,No,335-[extension]336Days (Value Rental Pack: 6Months Pack + 5Months Pack + 4Days),2,カート用延長フラグ,Extension WiMAX HOME 5G L12/L13,1,,,,,,,,*,wh/img001-ex.jpg,*,wh/img001-ex.jpg,,,,,,,,,,,,,,,,,,,,,,,0,1,en_wh_ex_335,,1,,66560,66560,,5,,,,,,,,,,,,,,,,,37,Extension WiMAX HOME 5G L12/L13
3136,21429,748,2907,Yes,336-[extension]337Days (Value Rental Pack: 6Months Pack + 5Months Pack + 5Days),2,カート用延長フラグ,Extension WiMAX HOME 5G L12/L13,1,,,,,,,,*,wh/img001-ex.jpg,*,wh/img001-ex.jpg,,,,,,,,,,,,,,,,,,,,,,,1,1,en_wh_ex_336_bt,,1,,67150,71600,,5,,,,,,,,,,,,,,,,,37,Extension WiMAX HOME 5G L12/L13
3136,21430,747,2907,No,336-[extension]337Days (Value Rental Pack: 6Months Pack + 5Months Pack + 5Days),2,カート用延長フラグ,Extension WiMAX HOME 5G L12/L13,1,,,,,,,,*,wh/img001-ex.jpg,*,wh/img001-ex.jpg,,,,,,,,,,,,,,,,,,,,,,,0,1,en_wh_ex_336,,1,,67150,67150,,5,,,,,,,,,,,,,,,,,37,Extension WiMAX HOME 5G L12/L13
3136,21431,748,2908,Yes,337-[extension]338Days (Value Rental Pack: 6Months Pack + 6Months Pack),2,カート用延長フラグ,Extension WiMAX HOME 5G L12/L13,1,,,,,,,,*,wh/img001-ex.jpg,*,wh/img001-ex.jpg,,,,,,,,,,,,,,,,,,,,,,,1,1,en_wh_ex_361_bt,,1,,67200,71700,,5,,,,,,,,,,,,,,,,,37,Extension WiMAX HOME 5G L12/L13
3136,21432,747,2908,No,337-[extension]338Days (Value Rental Pack: 6Months Pack + 6Months Pack),2,カート用延長フラグ,Extension WiMAX HOME 5G L12/L13,1,,,,,,,,*,wh/img001-ex.jpg,*,wh/img001-ex.jpg,,,,,,,,,,,,,,,,,,,,,,,0,1,en_wh_ex_361,,1,,67200,67200,,5,,,,,,,,,,,,,,,,,37,Extension WiMAX HOME 5G L12/L13
3136,21433,748,2909,Yes,338-[extension]339Days (Value Rental Pack: 6Months Pack + 6Months Pack),2,カート用延長フラグ,Extension WiMAX HOME 5G L12/L13,1,,,,,,,,*,wh/img001-ex.jpg,*,wh/img001-ex.jpg,,,,,,,,,,,,,,,,,,,,,,,1,1,en_wh_ex_361_bt,,1,,67200,71700,,5,,,,,,,,,,,,,,,,,37,Extension WiMAX HOME 5G L12/L13
3136,21434,747,2909,No,338-[extension]339Days (Value Rental Pack: 6Months Pack + 6Months Pack),2,カート用延長フラグ,Extension WiMAX HOME 5G L12/L13,1,,,,,,,,*,wh/img001-ex.jpg,*,wh/img001-ex.jpg,,,,,,,,,,,,,,,,,,,,,,,0,1,en_wh_ex_361,,1,,67200,67200,,5,,,,,,,,,,,,,,,,,37,Extension WiMAX HOME 5G L12/L13
3136,21435,748,2910,Yes,339-[extension]340Days (Value Rental Pack: 6Months Pack + 6Months Pack),2,カート用延長フラグ,Extension WiMAX HOME 5G L12/L13,1,,,,,,,,*,wh/img001-ex.jpg,*,wh/img001-ex.jpg,,,,,,,,,,,,,,,,,,,,,,,1,1,en_wh_ex_361_bt,,1,,67200,71700,,5,,,,,,,,,,,,,,,,,37,Extension WiMAX HOME 5G L12/L13
3136,21436,747,2910,No,339-[extension]340Days (Value Rental Pack: 6Months Pack + 6Months Pack),2,カート用延長フラグ,Extension WiMAX HOME 5G L12/L13,1,,,,,,,,*,wh/img001-ex.jpg,*,wh/img001-ex.jpg,,,,,,,,,,,,,,,,,,,,,,,0,1,en_wh_ex_361,,1,,67200,67200,,5,,,,,,,,,,,,,,,,,37,Extension WiMAX HOME 5G L12/L13
3136,21437,748,2911,Yes,340-[extension]341Days (Value Rental Pack: 6Months Pack + 6Months Pack),2,カート用延長フラグ,Extension WiMAX HOME 5G L12/L13,1,,,,,,,,*,wh/img001-ex.jpg,*,wh/img001-ex.jpg,,,,,,,,,,,,,,,,,,,,,,,1,1,en_wh_ex_361_bt,,1,,67200,71700,,5,,,,,,,,,,,,,,,,,37,Extension WiMAX HOME 5G L12/L13
3136,21438,747,2911,No,340-[extension]341Days (Value Rental Pack: 6Months Pack + 6Months Pack),2,カート用延長フラグ,Extension WiMAX HOME 5G L12/L13,1,,,,,,,,*,wh/img001-ex.jpg,*,wh/img001-ex.jpg,,,,,,,,,,,,,,,,,,,,,,,0,1,en_wh_ex_361,,1,,67200,67200,,5,,,,,,,,,,,,,,,,,37,Extension WiMAX HOME 5G L12/L13
3136,21439,748,2912,Yes,341-[extension]342Days (Value Rental Pack: 6Months Pack + 6Months Pack),2,カート用延長フラグ,Extension WiMAX HOME 5G L12/L13,1,,,,,,,,*,wh/img001-ex.jpg,*,wh/img001-ex.jpg,,,,,,,,,,,,,,,,,,,,,,,1,1,en_wh_ex_361_bt,,1,,67200,71700,,5,,,,,,,,,,,,,,,,,37,Extension WiMAX HOME 5G L12/L13
3136,21440,747,2912,No,341-[extension]342Days (Value Rental Pack: 6Months Pack + 6Months Pack),2,カート用延長フラグ,Extension WiMAX HOME 5G L12/L13,1,,,,,,,,*,wh/img001-ex.jpg,*,wh/img001-ex.jpg,,,,,,,,,,,,,,,,,,,,,,,0,1,en_wh_ex_361,,1,,67200,67200,,5,,,,,,,,,,,,,,,,,37,Extension WiMAX HOME 5G L12/L13
3136,21441,748,2913,Yes,342-[extension]343Days (Value Rental Pack: 6Months Pack + 6Months Pack),2,カート用延長フラグ,Extension WiMAX HOME 5G L12/L13,1,,,,,,,,*,wh/img001-ex.jpg,*,wh/img001-ex.jpg,,,,,,,,,,,,,,,,,,,,,,,1,1,en_wh_ex_361_bt,,1,,67200,71700,,5,,,,,,,,,,,,,,,,,37,Extension WiMAX HOME 5G L12/L13
3136,21442,747,2913,No,342-[extension]343Days (Value Rental Pack: 6Months Pack + 6Months Pack),2,カート用延長フラグ,Extension WiMAX HOME 5G L12/L13,1,,,,,,,,*,wh/img001-ex.jpg,*,wh/img001-ex.jpg,,,,,,,,,,,,,,,,,,,,,,,0,1,en_wh_ex_361,,1,,67200,67200,,5,,,,,,,,,,,,,,,,,37,Extension WiMAX HOME 5G L12/L13
3136,21443,748,2914,Yes,343-[extension]344Days (Value Rental Pack: 6Months Pack + 6Months Pack),2,カート用延長フラグ,Extension WiMAX HOME 5G L12/L13,1,,,,,,,,*,wh/img001-ex.jpg,*,wh/img001-ex.jpg,,,,,,,,,,,,,,,,,,,,,,,1,1,en_wh_ex_361_bt,,1,,67200,71700,,5,,,,,,,,,,,,,,,,,37,Extension WiMAX HOME 5G L12/L13
3136,21444,747,2914,No,343-[extension]344Days (Value Rental Pack: 6Months Pack + 6Months Pack),2,カート用延長フラグ,Extension WiMAX HOME 5G L12/L13,1,,,,,,,,*,wh/img001-ex.jpg,*,wh/img001-ex.jpg,,,,,,,,,,,,,,,,,,,,,,,0,1,en_wh_ex_361,,1,,67200,67200,,5,,,,,,,,,,,,,,,,,37,Extension WiMAX HOME 5G L12/L13
3136,21445,748,2915,Yes,344-[extension]345Days (Value Rental Pack: 6Months Pack + 6Months Pack),2,カート用延長フラグ,Extension WiMAX HOME 5G L12/L13,1,,,,,,,,*,wh/img001-ex.jpg,*,wh/img001-ex.jpg,,,,,,,,,,,,,,,,,,,,,,,1,1,en_wh_ex_361_bt,,1,,67200,71700,,5,,,,,,,,,,,,,,,,,37,Extension WiMAX HOME 5G L12/L13
3136,21446,747,2915,No,344-[extension]345Days (Value Rental Pack: 6Months Pack + 6Months Pack),2,カート用延長フラグ,Extension WiMAX HOME 5G L12/L13,1,,,,,,,,*,wh/img001-ex.jpg,*,wh/img001-ex.jpg,,,,,,,,,,,,,,,,,,,,,,,0,1,en_wh_ex_361,,1,,67200,67200,,5,,,,,,,,,,,,,,,,,37,Extension WiMAX HOME 5G L12/L13
3136,21447,748,2916,Yes,345-[extension]346Days (Value Rental Pack: 6Months Pack + 6Months Pack),2,カート用延長フラグ,Extension WiMAX HOME 5G L12/L13,1,,,,,,,,*,wh/img001-ex.jpg,*,wh/img001-ex.jpg,,,,,,,,,,,,,,,,,,,,,,,1,1,en_wh_ex_361_bt,,1,,67200,71700,,5,,,,,,,,,,,,,,,,,37,Extension WiMAX HOME 5G L12/L13
3136,21448,747,2916,No,345-[extension]346Days (Value Rental Pack: 6Months Pack + 6Months Pack),2,カート用延長フラグ,Extension WiMAX HOME 5G L12/L13,1,,,,,,,,*,wh/img001-ex.jpg,*,wh/img001-ex.jpg,,,,,,,,,,,,,,,,,,,,,,,0,1,en_wh_ex_361,,1,,67200,67200,,5,,,,,,,,,,,,,,,,,37,Extension WiMAX HOME 5G L12/L13
3136,21449,748,2917,Yes,346-[extension]347Days (Value Rental Pack: 6Months Pack + 6Months Pack),2,カート用延長フラグ,Extension WiMAX HOME 5G L12/L13,1,,,,,,,,*,wh/img001-ex.jpg,*,wh/img001-ex.jpg,,,,,,,,,,,,,,,,,,,,,,,1,1,en_wh_ex_361_bt,,1,,67200,71700,,5,,,,,,,,,,,,,,,,,37,Extension WiMAX HOME 5G L12/L13
3136,21450,747,2917,No,346-[extension]347Days (Value Rental Pack: 6Months Pack + 6Months Pack),2,カート用延長フラグ,Extension WiMAX HOME 5G L12/L13,1,,,,,,,,*,wh/img001-ex.jpg,*,wh/img001-ex.jpg,,,,,,,,,,,,,,,,,,,,,,,0,1,en_wh_ex_361,,1,,67200,67200,,5,,,,,,,,,,,,,,,,,37,Extension WiMAX HOME 5G L12/L13
3136,21451,748,2918,Yes,347-[extension]348Days (Value Rental Pack: 6Months Pack + 6Months Pack),2,カート用延長フラグ,Extension WiMAX HOME 5G L12/L13,1,,,,,,,,*,wh/img001-ex.jpg,*,wh/img001-ex.jpg,,,,,,,,,,,,,,,,,,,,,,,1,1,en_wh_ex_361_bt,,1,,67200,71700,,5,,,,,,,,,,,,,,,,,37,Extension WiMAX HOME 5G L12/L13
3136,21452,747,2918,No,347-[extension]348Days (Value Rental Pack: 6Months Pack + 6Months Pack),2,カート用延長フラグ,Extension WiMAX HOME 5G L12/L13,1,,,,,,,,*,wh/img001-ex.jpg,*,wh/img001-ex.jpg,,,,,,,,,,,,,,,,,,,,,,,0,1,en_wh_ex_361,,1,,67200,67200,,5,,,,,,,,,,,,,,,,,37,Extension WiMAX HOME 5G L12/L13
3136,21453,748,2919,Yes,348-[extension]349Days (Value Rental Pack: 6Months Pack + 6Months Pack),2,カート用延長フラグ,Extension WiMAX HOME 5G L12/L13,1,,,,,,,,*,wh/img001-ex.jpg,*,wh/img001-ex.jpg,,,,,,,,,,,,,,,,,,,,,,,1,1,en_wh_ex_361_bt,,1,,67200,71700,,5,,,,,,,,,,,,,,,,,37,Extension WiMAX HOME 5G L12/L13
3136,21454,747,2919,No,348-[extension]349Days (Value Rental Pack: 6Months Pack + 6Months Pack),2,カート用延長フラグ,Extension WiMAX HOME 5G L12/L13,1,,,,,,,,*,wh/img001-ex.jpg,*,wh/img001-ex.jpg,,,,,,,,,,,,,,,,,,,,,,,0,1,en_wh_ex_361,,1,,67200,67200,,5,,,,,,,,,,,,,,,,,37,Extension WiMAX HOME 5G L12/L13
3136,21455,748,2920,Yes,349-[extension]350Days (Value Rental Pack: 6Months Pack + 6Months Pack),2,カート用延長フラグ,Extension WiMAX HOME 5G L12/L13,1,,,,,,,,*,wh/img001-ex.jpg,*,wh/img001-ex.jpg,,,,,,,,,,,,,,,,,,,,,,,1,1,en_wh_ex_361_bt,,1,,67200,71700,,5,,,,,,,,,,,,,,,,,37,Extension WiMAX HOME 5G L12/L13
3136,21456,747,2920,No,349-[extension]350Days (Value Rental Pack: 6Months Pack + 6Months Pack),2,カート用延長フラグ,Extension WiMAX HOME 5G L12/L13,1,,,,,,,,*,wh/img001-ex.jpg,*,wh/img001-ex.jpg,,,,,,,,,,,,,,,,,,,,,,,0,1,en_wh_ex_361,,1,,67200,67200,,5,,,,,,,,,,,,,,,,,37,Extension WiMAX HOME 5G L12/L13
3136,21457,748,2921,Yes,350-[extension]351Days (Value Rental Pack: 6Months Pack + 6Months Pack),2,カート用延長フラグ,Extension WiMAX HOME 5G L12/L13,1,,,,,,,,*,wh/img001-ex.jpg,*,wh/img001-ex.jpg,,,,,,,,,,,,,,,,,,,,,,,1,1,en_wh_ex_361_bt,,1,,67200,71700,,5,,,,,,,,,,,,,,,,,37,Extension WiMAX HOME 5G L12/L13
3136,21458,747,2921,No,350-[extension]351Days (Value Rental Pack: 6Months Pack + 6Months Pack),2,カート用延長フラグ,Extension WiMAX HOME 5G L12/L13,1,,,,,,,,*,wh/img001-ex.jpg,*,wh/img001-ex.jpg,,,,,,,,,,,,,,,,,,,,,,,0,1,en_wh_ex_361,,1,,67200,67200,,5,,,,,,,,,,,,,,,,,37,Extension WiMAX HOME 5G L12/L13
3136,21459,748,2922,Yes,351-[extension]352Days (Value Rental Pack: 6Months Pack + 6Months Pack),2,カート用延長フラグ,Extension WiMAX HOME 5G L12/L13,1,,,,,,,,*,wh/img001-ex.jpg,*,wh/img001-ex.jpg,,,,,,,,,,,,,,,,,,,,,,,1,1,en_wh_ex_361_bt,,1,,67200,71700,,5,,,,,,,,,,,,,,,,,37,Extension WiMAX HOME 5G L12/L13
3136,21460,747,2922,No,351-[extension]352Days (Value Rental Pack: 6Months Pack + 6Months Pack),2,カート用延長フラグ,Extension WiMAX HOME 5G L12/L13,1,,,,,,,,*,wh/img001-ex.jpg,*,wh/img001-ex.jpg,,,,,,,,,,,,,,,,,,,,,,,0,1,en_wh_ex_361,,1,,67200,67200,,5,,,,,,,,,,,,,,,,,37,Extension WiMAX HOME 5G L12/L13
3136,21461,748,2923,Yes,352-[extension]353Days (Value Rental Pack: 6Months Pack + 6Months Pack),2,カート用延長フラグ,Extension WiMAX HOME 5G L12/L13,1,,,,,,,,*,wh/img001-ex.jpg,*,wh/img001-ex.jpg,,,,,,,,,,,,,,,,,,,,,,,1,1,en_wh_ex_361_bt,,1,,67200,71700,,5,,,,,,,,,,,,,,,,,37,Extension WiMAX HOME 5G L12/L13
3136,21462,747,2923,No,352-[extension]353Days (Value Rental Pack: 6Months Pack + 6Months Pack),2,カート用延長フラグ,Extension WiMAX HOME 5G L12/L13,1,,,,,,,,*,wh/img001-ex.jpg,*,wh/img001-ex.jpg,,,,,,,,,,,,,,,,,,,,,,,0,1,en_wh_ex_361,,1,,67200,67200,,5,,,,,,,,,,,,,,,,,37,Extension WiMAX HOME 5G L12/L13
3136,21463,748,2924,Yes,353-[extension]354Days (Value Rental Pack: 6Months Pack + 6Months Pack),2,カート用延長フラグ,Extension WiMAX HOME 5G L12/L13,1,,,,,,,,*,wh/img001-ex.jpg,*,wh/img001-ex.jpg,,,,,,,,,,,,,,,,,,,,,,,1,1,en_wh_ex_361_bt,,1,,67200,71700,,5,,,,,,,,,,,,,,,,,37,Extension WiMAX HOME 5G L12/L13
3136,21464,747,2924,No,353-[extension]354Days (Value Rental Pack: 6Months Pack + 6Months Pack),2,カート用延長フラグ,Extension WiMAX HOME 5G L12/L13,1,,,,,,,,*,wh/img001-ex.jpg,*,wh/img001-ex.jpg,,,,,,,,,,,,,,,,,,,,,,,0,1,en_wh_ex_361,,1,,67200,67200,,5,,,,,,,,,,,,,,,,,37,Extension WiMAX HOME 5G L12/L13
3136,21465,748,2925,Yes,354-[extension]355Days (Value Rental Pack: 6Months Pack + 6Months Pack),2,カート用延長フラグ,Extension WiMAX HOME 5G L12/L13,1,,,,,,,,*,wh/img001-ex.jpg,*,wh/img001-ex.jpg,,,,,,,,,,,,,,,,,,,,,,,1,1,en_wh_ex_361_bt,,1,,67200,71700,,5,,,,,,,,,,,,,,,,,37,Extension WiMAX HOME 5G L12/L13
3136,21466,747,2925,No,354-[extension]355Days (Value Rental Pack: 6Months Pack + 6Months Pack),2,カート用延長フラグ,Extension WiMAX HOME 5G L12/L13,1,,,,,,,,*,wh/img001-ex.jpg,*,wh/img001-ex.jpg,,,,,,,,,,,,,,,,,,,,,,,0,1,en_wh_ex_361,,1,,67200,67200,,5,,,,,,,,,,,,,,,,,37,Extension WiMAX HOME 5G L12/L13
3136,21467,748,2926,Yes,355-[extension]356Days (Value Rental Pack: 6Months Pack + 6Months Pack),2,カート用延長フラグ,Extension WiMAX HOME 5G L12/L13,1,,,,,,,,*,wh/img001-ex.jpg,*,wh/img001-ex.jpg,,,,,,,,,,,,,,,,,,,,,,,1,1,en_wh_ex_361_bt,,1,,67200,71700,,5,,,,,,,,,,,,,,,,,37,Extension WiMAX HOME 5G L12/L13
3136,21468,747,2926,No,355-[extension]356Days (Value Rental Pack: 6Months Pack + 6Months Pack),2,カート用延長フラグ,Extension WiMAX HOME 5G L12/L13,1,,,,,,,,*,wh/img001-ex.jpg,*,wh/img001-ex.jpg,,,,,,,,,,,,,,,,,,,,,,,0,1,en_wh_ex_361,,1,,67200,67200,,5,,,,,,,,,,,,,,,,,37,Extension WiMAX HOME 5G L12/L13
3136,21469,748,2927,Yes,356-[extension]357Days (Value Rental Pack: 6Months Pack + 6Months Pack),2,カート用延長フラグ,Extension WiMAX HOME 5G L12/L13,1,,,,,,,,*,wh/img001-ex.jpg,*,wh/img001-ex.jpg,,,,,,,,,,,,,,,,,,,,,,,1,1,en_wh_ex_361_bt,,1,,67200,71700,,5,,,,,,,,,,,,,,,,,37,Extension WiMAX HOME 5G L12/L13
3136,21470,747,2927,No,356-[extension]357Days (Value Rental Pack: 6Months Pack + 6Months Pack),2,カート用延長フラグ,Extension WiMAX HOME 5G L12/L13,1,,,,,,,,*,wh/img001-ex.jpg,*,wh/img001-ex.jpg,,,,,,,,,,,,,,,,,,,,,,,0,1,en_wh_ex_361,,1,,67200,67200,,5,,,,,,,,,,,,,,,,,37,Extension WiMAX HOME 5G L12/L13
3136,21471,748,2928,Yes,357-[extension]358Days (Value Rental Pack: 6Months Pack + 6Months Pack),2,カート用延長フラグ,Extension WiMAX HOME 5G L12/L13,1,,,,,,,,*,wh/img001-ex.jpg,*,wh/img001-ex.jpg,,,,,,,,,,,,,,,,,,,,,,,1,1,en_wh_ex_361_bt,,1,,67200,71700,,5,,,,,,,,,,,,,,,,,37,Extension WiMAX HOME 5G L12/L13
3136,21472,747,2928,No,357-[extension]358Days (Value Rental Pack: 6Months Pack + 6Months Pack),2,カート用延長フラグ,Extension WiMAX HOME 5G L12/L13,1,,,,,,,,*,wh/img001-ex.jpg,*,wh/img001-ex.jpg,,,,,,,,,,,,,,,,,,,,,,,0,1,en_wh_ex_361,,1,,67200,67200,,5,,,,,,,,,,,,,,,,,37,Extension WiMAX HOME 5G L12/L13
3136,21473,748,2929,Yes,358-[extension]359Days (Value Rental Pack: 6Months Pack + 6Months Pack),2,カート用延長フラグ,Extension WiMAX HOME 5G L12/L13,1,,,,,,,,*,wh/img001-ex.jpg,*,wh/img001-ex.jpg,,,,,,,,,,,,,,,,,,,,,,,1,1,en_wh_ex_361_bt,,1,,67200,71700,,5,,,,,,,,,,,,,,,,,37,Extension WiMAX HOME 5G L12/L13
3136,21474,747,2929,No,358-[extension]359Days (Value Rental Pack: 6Months Pack + 6Months Pack),2,カート用延長フラグ,Extension WiMAX HOME 5G L12/L13,1,,,,,,,,*,wh/img001-ex.jpg,*,wh/img001-ex.jpg,,,,,,,,,,,,,,,,,,,,,,,0,1,en_wh_ex_361,,1,,67200,67200,,5,,,,,,,,,,,,,,,,,37,Extension WiMAX HOME 5G L12/L13
3136,21475,748,2930,Yes,359-[extension]360Days (Value Rental Pack: 6Months Pack + 6Months Pack),2,カート用延長フラグ,Extension WiMAX HOME 5G L12/L13,1,,,,,,,,*,wh/img001-ex.jpg,*,wh/img001-ex.jpg,,,,,,,,,,,,,,,,,,,,,,,1,1,en_wh_ex_361_bt,,1,,67200,71700,,5,,,,,,,,,,,,,,,,,37,Extension WiMAX HOME 5G L12/L13
3136,21476,747,2930,No,359-[extension]360Days (Value Rental Pack: 6Months Pack + 6Months Pack),2,カート用延長フラグ,Extension WiMAX HOME 5G L12/L13,1,,,,,,,,*,wh/img001-ex.jpg,*,wh/img001-ex.jpg,,,,,,,,,,,,,,,,,,,,,,,0,1,en_wh_ex_361,,1,,67200,67200,,5,,,,,,,,,,,,,,,,,37,Extension WiMAX HOME 5G L12/L13
3136,21477,748,2931,Yes,360-[extension]361Days (Value Rental Pack: 6Months Pack + 6Months Pack),2,カート用延長フラグ,Extension WiMAX HOME 5G L12/L13,1,,,,,,,,*,wh/img001-ex.jpg,*,wh/img001-ex.jpg,,,,,,,,,,,,,,,,,,,,,,,1,1,en_wh_ex_361_bt,,1,,67200,71700,,5,,,,,,,,,,,,,,,,,37,Extension WiMAX HOME 5G L12/L13
3136,21478,747,2931,No,360-[extension]361Days (Value Rental Pack: 6Months Pack + 6Months Pack),2,カート用延長フラグ,Extension WiMAX HOME 5G L12/L13,1,,,,,,,,*,wh/img001-ex.jpg,*,wh/img001-ex.jpg,,,,,,,,,,,,,,,,,,,,,,,0,1,en_wh_ex_361,,1,,67200,67200,,5,,,,,,,,,,,,,,,,,37,Extension WiMAX HOME 5G L12/L13
3136,21479,748,2932,Yes,361-[extension]362Days (Value Rental Pack: 6Months Pack + 6Months Pack),2,カート用延長フラグ,Extension WiMAX HOME 5G L12/L13,1,,,,,,,,*,wh/img001-ex.jpg,*,wh/img001-ex.jpg,,,,,,,,,,,,,,,,,,,,,,,1,1,en_wh_ex_361_bt,,1,,67200,71700,,5,,,,,,,,,,,,,,,,,37,Extension WiMAX HOME 5G L12/L13
3136,21480,747,2932,No,361-[extension]362Days (Value Rental Pack: 6Months Pack + 6Months Pack),2,カート用延長フラグ,Extension WiMAX HOME 5G L12/L13,1,,,,,,,,*,wh/img001-ex.jpg,*,wh/img001-ex.jpg,,,,,,,,,,,,,,,,,,,,,,,0,1,en_wh_ex_361,,1,,67200,67200,,5,,,,,,,,,,,,,,,,,37,Extension WiMAX HOME 5G L12/L13
3136,21481,748,2933,Yes,362-[extension]363Days (Value Rental Pack: 6Months Pack + 6Months Pack + 1Day),2,カート用延長フラグ,Extension WiMAX HOME 5G L12/L13,1,,,,,,,,*,wh/img001-ex.jpg,*,wh/img001-ex.jpg,,,,,,,,,,,,,,,,,,,,,,,1,1,en_wh_ex_362_bt,,1,,67790,72340,,5,,,,,,,,,,,,,,,,,37,Extension WiMAX HOME 5G L12/L13
3136,21482,747,2933,No,362-[extension]363Days (Value Rental Pack: 6Months Pack + 6Months Pack + 1Day),2,カート用延長フラグ,Extension WiMAX HOME 5G L12/L13,1,,,,,,,,*,wh/img001-ex.jpg,*,wh/img001-ex.jpg,,,,,,,,,,,,,,,,,,,,,,,0,1,en_wh_ex_362,,1,,67790,67790,,5,,,,,,,,,,,,,,,,,37,Extension WiMAX HOME 5G L12/L13
3136,21483,748,2934,Yes,363-[extension]364Days (Value Rental Pack: 6Months Pack + 6Months Pack + 2Days),2,カート用延長フラグ,Extension WiMAX HOME 5G L12/L13,1,,,,,,,,*,wh/img001-ex.jpg,*,wh/img001-ex.jpg,,,,,,,,,,,,,,,,,,,,,,,1,1,en_wh_ex_363_bt,,1,,68380,72980,,5,,,,,,,,,,,,,,,,,37,Extension WiMAX HOME 5G L12/L13
3136,21484,747,2934,No,363-[extension]364Days (Value Rental Pack: 6Months Pack + 6Months Pack + 2Days),2,カート用延長フラグ,Extension WiMAX HOME 5G L12/L13,1,,,,,,,,*,wh/img001-ex.jpg,*,wh/img001-ex.jpg,,,,,,,,,,,,,,,,,,,,,,,0,1,en_wh_ex_363,,1,,68380,68380,,5,,,,,,,,,,,,,,,,,37,Extension WiMAX HOME 5G L12/L13
3136,21485,748,2935,Yes,364-[extension]365Days (Value Rental Pack: 6Months Pack + 6Months Pack + 3Days),2,カート用延長フラグ,Extension WiMAX HOME 5G L12/L13,1,,,,,,,,*,wh/img001-ex.jpg,*,wh/img001-ex.jpg,,,,,,,,,,,,,,,,,,,,,,,1,1,en_wh_ex_364_bt,,1,,68970,73620,,5,,,,,,,,,,,,,,,,,37,Extension WiMAX HOME 5G L12/L13
3136,21486,747,2935,No,364-[extension]365Days (Value Rental Pack: 6Months Pack + 6Months Pack + 3Days),2,カート用延長フラグ,Extension WiMAX HOME 5G L12/L13,1,,,,,,,,*,wh/img001-ex.jpg,*,wh/img001-ex.jpg,,,,,,,,,,,,,,,,,,,,,,,0,1,en_wh_ex_364,,1,,68970,68970,,5,,,,,,,,,,,,,,,,,37,Extension WiMAX HOME 5G L12/L13
