商品ID,商品規格ID,親規格分類ID,規格分類ID,親規格分類名,規格分類名,メーカーID,メーカー名,商品名,表示ステータス(公開・非公開),メーカーURL(コメント1),コメント2,検索ワード(コメント3),コメント4,コメント5,コメント6,備考欄(SHOP専用),一覧-メインコメント,一覧-メイン画像,詳細-メインコメント,詳細-メイン画像,詳細-メイン拡大画像,詳細-サブタイトル(1),詳細-サブコメント(1),詳細-サブ画像(1),詳細-サブ拡大画像(1),詳細-サブタイトル(2),詳細-サブコメント(2),詳細-サブ画像(2),詳細-サブ拡大画像(2),詳細-サブタイトル(3),詳細-サブコメント(3),詳細-サブ画像(3),詳細-サブ拡大画像(3),詳細-サブタイトル(4),詳細-サブコメント(4),詳細-サブ画像(4),詳細-サブ拡大画像(4),詳細-サブタイトル(5),詳細-サブコメント(5),詳細-サブ画像(5),詳細-サブ拡大画像(5),発送日目安ID,削除フラグ,商品種別ID,商品コード,在庫数,在庫無制限フラグ,販売制限数,通常価格,販売価格,送料,ポイント付与率,ダウンロードファイル名,ダウンロード実ファイル,関連商品ID(1),関連商品コメント(1),関連商品ID(2),関連商品コメント(2),関連商品ID(3),関連商品コメント(3),関連商品ID(4),関連商品コメント(4),関連商品ID(5),関連商品コメント(5),関連商品ID(6),関連商品コメント(6),商品ステータス,商品ステータス名,カテゴリID,カテゴリ名
2384,18548,0,0,,,1,カート用通常フラグ,WiMAX HOME 5G L12/L13 Unlimited,1,,,,,,,,*,wh/img001.jpg,*,wh/img001.jpg,,,,,,,,,,,,,,,,,,,,,,,1,1,en_wh_361,,1,,67200,67200,,5,,,,,,,,,,,,,,,,,"21,36","NEW rental,WiMAX HOME 5G L12/L13"
2385,18549,0,0,,,1,カート用通常フラグ,WiMAX HOME 5G L12/L13 Unlimited,1,,,,,,,,*,wh/img001.jpg,*,wh/img001.jpg,,,,,,,,,,,,,,,,,,,,,,,1,1,en_wh_361_in,,1,,67200,67750,,5,,,,,,,,,,,,,,,,,"21,36","NEW rental,WiMAX HOME 5G L12/L13"
2386,18550,0,0,,,1,カート用通常フラグ,WiMAX HOME 5G L12/L13 Unlimited,1,,,,,,,,*,wh/img001.jpg,*,wh/img001.jpg,,,,,,,,,,,,,,,,,,,,,,,1,1,en_wh_361,,1,,67200,67200,,5,,,,,,,,,,,,,,,,,"21,36","NEW rental,WiMAX HOME 5G L12/L13"
2387,18551,0,0,,,1,カート用通常フラグ,WiMAX HOME 5G L12/L13 Unlimited,1,,,,,,,,*,wh/img001.jpg,*,wh/img001.jpg,,,,,,,,,,,,,,,,,,,,,,,1,1,en_wh_361_in,,1,,67200,67750,,5,,,,,,,,,,,,,,,,,"21,36","NEW rental,WiMAX HOME 5G L12/L13"
2388,18552,0,0,,,1,カート用通常フラグ,WiMAX HOME 5G L12/L13 Unlimited,1,,,,,,,,*,wh/img001.jpg,*,wh/img001.jpg,,,,,,,,,,,,,,,,,,,,,,,1,1,en_wh_361,,1,,67200,67200,,5,,,,,,,,,,,,,,,,,"21,36","NEW rental,WiMAX HOME 5G L12/L13"
2389,18553,0,0,,,1,カート用通常フラグ,WiMAX HOME 5G L12/L13 Unlimited,1,,,,,,,,*,wh/img001.jpg,*,wh/img001.jpg,,,,,,,,,,,,,,,,,,,,,,,1,1,en_wh_361_in,,1,,67200,67750,,5,,,,,,,,,,,,,,,,,"21,36","NEW rental,WiMAX HOME 5G L12/L13"
2390,18554,0,0,,,1,カート用通常フラグ,WiMAX HOME 5G L12/L13 Unlimited,1,,,,,,,,*,wh/img001.jpg,*,wh/img001.jpg,,,,,,,,,,,,,,,,,,,,,,,1,1,en_wh_361,,1,,67200,67200,,5,,,,,,,,,,,,,,,,,"21,36","NEW rental,WiMAX HOME 5G L12/L13"
2391,18555,0,0,,,1,カート用通常フラグ,WiMAX HOME 5G L12/L13 Unlimited,1,,,,,,,,*,wh/img001.jpg,*,wh/img001.jpg,,,,,,,,,,,,,,,,,,,,,,,1,1,en_wh_361_in,,1,,67200,67750,,5,,,,,,,,,,,,,,,,,"21,36","NEW rental,WiMAX HOME 5G L12/L13"
2392,18556,0,0,,,1,カート用通常フラグ,WiMAX HOME 5G L12/L13 Unlimited,1,,,,,,,,*,wh/img001.jpg,*,wh/img001.jpg,,,,,,,,,,,,,,,,,,,,,,,1,1,en_wh_361,,1,,67200,67200,,5,,,,,,,,,,,,,,,,,"21,36","NEW rental,WiMAX HOME 5G L12/L13"
2393,18557,0,0,,,1,カート用通常フラグ,WiMAX HOME 5G L12/L13 Unlimited,1,,,,,,,,*,wh/img001.jpg,*,wh/img001.jpg,,,,,,,,,,,,,,,,,,,,,,,1,1,en_wh_361_in,,1,,67200,67750,,5,,,,,,,,,,,,,,,,,"21,36","NEW rental,WiMAX HOME 5G L12/L13"
2394,18558,0,0,,,1,カート用通常フラグ,WiMAX HOME 5G L12/L13 Unlimited,1,,,,,,,,*,wh/img001.jpg,*,wh/img001.jpg,,,,,,,,,,,,,,,,,,,,,,,1,1,en_wh_361,,1,,67200,67200,,5,,,,,,,,,,,,,,,,,"21,36","NEW rental,WiMAX HOME 5G L12/L13"
2395,18559,0,0,,,1,カート用通常フラグ,WiMAX HOME 5G L12/L13 Unlimited,1,,,,,,,,*,wh/img001.jpg,*,wh/img001.jpg,,,,,,,,,,,,,,,,,,,,,,,1,1,en_wh_361_in,,1,,67200,67750,,5,,,,,,,,,,,,,,,,,"21,36","NEW rental,WiMAX HOME 5G L12/L13"
2396,18560,0,0,,,1,カート用通常フラグ,WiMAX HOME 5G L12/L13 Unlimited,1,,,,,,,,*,wh/img001.jpg,*,wh/img001.jpg,,,,,,,,,,,,,,,,,,,,,,,1,1,en_wh_361,,1,,67200,67200,,5,,,,,,,,,,,,,,,,,"21,36","NEW rental,WiMAX HOME 5G L12/L13"
2397,18561,0,0,,,1,カート用通常フラグ,WiMAX HOME 5G L12/L13 Unlimited,1,,,,,,,,*,wh/img001.jpg,*,wh/img001.jpg,,,,,,,,,,,,,,,,,,,,,,,1,1,en_wh_361_in,,1,,67200,67750,,5,,,,,,,,,,,,,,,,,"21,36","NEW rental,WiMAX HOME 5G L12/L13"
2398,18562,0,0,,,1,カート用通常フラグ,WiMAX HOME 5G L12/L13 Unlimited,1,,,,,,,,*,wh/img001.jpg,*,wh/img001.jpg,,,,,,,,,,,,,,,,,,,,,,,1,1,en_wh_361,,1,,67200,67200,,5,,,,,,,,,,,,,,,,,"21,36","NEW rental,WiMAX HOME 5G L12/L13"
2399,18563,0,0,,,1,カート用通常フラグ,WiMAX HOME 5G L12/L13 Unlimited,1,,,,,,,,*,wh/img001.jpg,*,wh/img001.jpg,,,,,,,,,,,,,,,,,,,,,,,1,1,en_wh_361_in,,1,,67200,67750,,5,,,,,,,,,,,,,,,,,"21,36","NEW rental,WiMAX HOME 5G L12/L13"
2400,18564,0,0,,,1,カート用通常フラグ,WiMAX HOME 5G L12/L13 Unlimited,1,,,,,,,,*,wh/img001.jpg,*,wh/img001.jpg,,,,,,,,,,,,,,,,,,,,,,,1,1,en_wh_361,,1,,67200,67200,,5,,,,,,,,,,,,,,,,,"21,36","NEW rental,WiMAX HOME 5G L12/L13"
2401,18565,0,0,,,1,カート用通常フラグ,WiMAX HOME 5G L12/L13 Unlimited,1,,,,,,,,*,wh/img001.jpg,*,wh/img001.jpg,,,,,,,,,,,,,,,,,,,,,,,1,1,en_wh_362_in,,1,,67790,68340,,5,,,,,,,,,,,,,,,,,"21,36","NEW rental,WiMAX HOME 5G L12/L13"
2402,18566,0,0,,,1,カート用通常フラグ,WiMAX HOME 5G L12/L13 Unlimited,1,,,,,,,,*,wh/img001.jpg,*,wh/img001.jpg,,,,,,,,,,,,,,,,,,,,,,,1,1,en_wh_362,,1,,67790,67790,,5,,,,,,,,,,,,,,,,,"21,36","NEW rental,WiMAX HOME 5G L12/L13"
2403,18567,0,0,,,1,カート用通常フラグ,WiMAX HOME 5G L12/L13 Unlimited,1,,,,,,,,*,wh/img001.jpg,*,wh/img001.jpg,,,,,,,,,,,,,,,,,,,,,,,1,1,en_wh_363_in,,1,,68380,68930,,5,,,,,,,,,,,,,,,,,"21,36","NEW rental,WiMAX HOME 5G L12/L13"
2404,18568,0,0,,,1,カート用通常フラグ,WiMAX HOME 5G L12/L13 Unlimited,1,,,,,,,,*,wh/img001.jpg,*,wh/img001.jpg,,,,,,,,,,,,,,,,,,,,,,,1,1,en_wh_363,,1,,68380,68380,,5,,,,,,,,,,,,,,,,,"21,36","NEW rental,WiMAX HOME 5G L12/L13"
2405,18569,0,0,,,1,カート用通常フラグ,WiMAX HOME 5G L12/L13 Unlimited,1,,,,,,,,*,wh/img001.jpg,*,wh/img001.jpg,,,,,,,,,,,,,,,,,,,,,,,1,1,en_wh_364_in,,1,,68970,69520,,5,,,,,,,,,,,,,,,,,"21,36","NEW rental,WiMAX HOME 5G L12/L13"
2406,18570,0,0,,,1,カート用通常フラグ,WiMAX HOME 5G L12/L13 Unlimited,1,,,,,,,,*,wh/img001.jpg,*,wh/img001.jpg,,,,,,,,,,,,,,,,,,,,,,,1,1,en_wh_364,,1,,68970,68970,,5,,,,,,,,,,,,,,,,,"21,36","NEW rental,WiMAX HOME 5G L12/L13"
2354,18518,0,0,,,1,カート用通常フラグ,WiMAX HOME 5G L12/L13 Unlimited,1,,,,,,,,*,wh/img001.jpg,*,wh/img001.jpg,,,,,,,,,,,,,,,,,,,,,,,1,1,en_wh_361,,1,,67200,67200,,5,,,,,,,,,,,,,,,,,"21,36","NEW rental,WiMAX HOME 5G L12/L13"
2355,18519,0,0,,,1,カート用通常フラグ,WiMAX HOME 5G L12/L13 Unlimited,1,,,,,,,,*,wh/img001.jpg,*,wh/img001.jpg,,,,,,,,,,,,,,,,,,,,,,,1,1,en_wh_361_in,,1,,67200,67750,,5,,,,,,,,,,,,,,,,,"21,36","NEW rental,WiMAX HOME 5G L12/L13"
2356,18520,0,0,,,1,カート用通常フラグ,WiMAX HOME 5G L12/L13 Unlimited,1,,,,,,,,*,wh/img001.jpg,*,wh/img001.jpg,,,,,,,,,,,,,,,,,,,,,,,1,1,en_wh_361,,1,,67200,67200,,5,,,,,,,,,,,,,,,,,"21,36","NEW rental,WiMAX HOME 5G L12/L13"
2357,18521,0,0,,,1,カート用通常フラグ,WiMAX HOME 5G L12/L13 Unlimited,1,,,,,,,,*,wh/img001.jpg,*,wh/img001.jpg,,,,,,,,,,,,,,,,,,,,,,,1,1,en_wh_361_in,,1,,67200,67750,,5,,,,,,,,,,,,,,,,,"21,36","NEW rental,WiMAX HOME 5G L12/L13"
2358,18522,0,0,,,1,カート用通常フラグ,WiMAX HOME 5G L12/L13 Unlimited,1,,,,,,,,*,wh/img001.jpg,*,wh/img001.jpg,,,,,,,,,,,,,,,,,,,,,,,1,1,en_wh_361,,1,,67200,67200,,5,,,,,,,,,,,,,,,,,"21,36","NEW rental,WiMAX HOME 5G L12/L13"
2359,18523,0,0,,,1,カート用通常フラグ,WiMAX HOME 5G L12/L13 Unlimited,1,,,,,,,,*,wh/img001.jpg,*,wh/img001.jpg,,,,,,,,,,,,,,,,,,,,,,,1,1,en_wh_361_in,,1,,67200,67750,,5,,,,,,,,,,,,,,,,,"21,36","NEW rental,WiMAX HOME 5G L12/L13"
2360,18524,0,0,,,1,カート用通常フラグ,WiMAX HOME 5G L12/L13 Unlimited,1,,,,,,,,*,wh/img001.jpg,*,wh/img001.jpg,,,,,,,,,,,,,,,,,,,,,,,1,1,en_wh_361,,1,,67200,67200,,5,,,,,,,,,,,,,,,,,"21,36","NEW rental,WiMAX HOME 5G L12/L13"
2361,18525,0,0,,,1,カート用通常フラグ,WiMAX HOME 5G L12/L13 Unlimited,1,,,,,,,,*,wh/img001.jpg,*,wh/img001.jpg,,,,,,,,,,,,,,,,,,,,,,,1,1,en_wh_361_in,,1,,67200,67750,,5,,,,,,,,,,,,,,,,,"21,36","NEW rental,WiMAX HOME 5G L12/L13"
2362,18526,0,0,,,1,カート用通常フラグ,WiMAX HOME 5G L12/L13 Unlimited,1,,,,,,,,*,wh/img001.jpg,*,wh/img001.jpg,,,,,,,,,,,,,,,,,,,,,,,1,1,en_wh_361,,1,,67200,67200,,5,,,,,,,,,,,,,,,,,"21,36","NEW rental,WiMAX HOME 5G L12/L13"
2363,18527,0,0,,,1,カート用通常フラグ,WiMAX HOME 5G L12/L13 Unlimited,1,,,,,,,,*,wh/img001.jpg,*,wh/img001.jpg,,,,,,,,,,,,,,,,,,,,,,,1,1,en_wh_361_in,,1,,67200,67750,,5,,,,,,,,,,,,,,,,,"21,36","NEW rental,WiMAX HOME 5G L12/L13"
2364,18528,0,0,,,1,カート用通常フラグ,WiMAX HOME 5G L12/L13 Unlimited,1,,,,,,,,*,wh/img001.jpg,*,wh/img001.jpg,,,,,,,,,,,,,,,,,,,,,,,1,1,en_wh_361,,1,,67200,67200,,5,,,,,,,,,,,,,,,,,"21,36","NEW rental,WiMAX HOME 5G L12/L13"
2365,18529,0,0,,,1,カート用通常フラグ,WiMAX HOME 5G L12/L13 Unlimited,1,,,,,,,,*,wh/img001.jpg,*,wh/img001.jpg,,,,,,,,,,,,,,,,,,,,,,,1,1,en_wh_361_in,,1,,67200,67750,,5,,,,,,,,,,,,,,,,,"21,36","NEW rental,WiMAX HOME 5G L12/L13"
2366,18530,0,0,,,1,カート用通常フラグ,WiMAX HOME 5G L12/L13 Unlimited,1,,,,,,,,*,wh/img001.jpg,*,wh/img001.jpg,,,,,,,,,,,,,,,,,,,,,,,1,1,en_wh_361,,1,,67200,67200,,5,,,,,,,,,,,,,,,,,"21,36","NEW rental,WiMAX HOME 5G L12/L13"
2367,18531,0,0,,,1,カート用通常フラグ,WiMAX HOME 5G L12/L13 Unlimited,1,,,,,,,,*,wh/img001.jpg,*,wh/img001.jpg,,,,,,,,,,,,,,,,,,,,,,,1,1,en_wh_361_in,,1,,67200,67750,,5,,,,,,,,,,,,,,,,,"21,36","NEW rental,WiMAX HOME 5G L12/L13"
2368,18532,0,0,,,1,カート用通常フラグ,WiMAX HOME 5G L12/L13 Unlimited,1,,,,,,,,*,wh/img001.jpg,*,wh/img001.jpg,,,,,,,,,,,,,,,,,,,,,,,1,1,en_wh_361,,1,,67200,67200,,5,,,,,,,,,,,,,,,,,"21,36","NEW rental,WiMAX HOME 5G L12/L13"
2369,18533,0,0,,,1,カート用通常フラグ,WiMAX HOME 5G L12/L13 Unlimited,1,,,,,,,,*,wh/img001.jpg,*,wh/img001.jpg,,,,,,,,,,,,,,,,,,,,,,,1,1,en_wh_361_in,,1,,67200,67750,,5,,,,,,,,,,,,,,,,,"21,36","NEW rental,WiMAX HOME 5G L12/L13"
2370,18534,0,0,,,1,カート用通常フラグ,WiMAX HOME 5G L12/L13 Unlimited,1,,,,,,,,*,wh/img001.jpg,*,wh/img001.jpg,,,,,,,,,,,,,,,,,,,,,,,1,1,en_wh_361,,1,,67200,67200,,5,,,,,,,,,,,,,,,,,"21,36","NEW rental,WiMAX HOME 5G L12/L13"
2371,18535,0,0,,,1,カート用通常フラグ,WiMAX HOME 5G L12/L13 Unlimited,1,,,,,,,,*,wh/img001.jpg,*,wh/img001.jpg,,,,,,,,,,,,,,,,,,,,,,,1,1,en_wh_361_in,,1,,67200,67750,,5,,,,,,,,,,,,,,,,,"21,36","NEW rental,WiMAX HOME 5G L12/L13"
2372,18536,0,0,,,1,カート用通常フラグ,WiMAX HOME 5G L12/L13 Unlimited,1,,,,,,,,*,wh/img001.jpg,*,wh/img001.jpg,,,,,,,,,,,,,,,,,,,,,,,1,1,en_wh_361,,1,,67200,67200,,5,,,,,,,,,,,,,,,,,"21,36","NEW rental,WiMAX HOME 5G L12/L13"
2373,18537,0,0,,,1,カート用通常フラグ,WiMAX HOME 5G L12/L13 Unlimited,1,,,,,,,,*,wh/img001.jpg,*,wh/img001.jpg,,,,,,,,,,,,,,,,,,,,,,,1,1,en_wh_361_in,,1,,67200,67750,,5,,,,,,,,,,,,,,,,,"21,36","NEW rental,WiMAX HOME 5G L12/L13"
2374,18538,0,0,,,1,カート用通常フラグ,WiMAX HOME 5G L12/L13 Unlimited,1,,,,,,,,*,wh/img001.jpg,*,wh/img001.jpg,,,,,,,,,,,,,,,,,,,,,,,1,1,en_wh_361,,1,,67200,67200,,5,,,,,,,,,,,,,,,,,"21,36","NEW rental,WiMAX HOME 5G L12/L13"
2375,18539,0,0,,,1,カート用通常フラグ,WiMAX HOME 5G L12/L13 Unlimited,1,,,,,,,,*,wh/img001.jpg,*,wh/img001.jpg,,,,,,,,,,,,,,,,,,,,,,,1,1,en_wh_361_in,,1,,67200,67750,,5,,,,,,,,,,,,,,,,,"21,36","NEW rental,WiMAX HOME 5G L12/L13"
2376,18540,0,0,,,1,カート用通常フラグ,WiMAX HOME 5G L12/L13 Unlimited,1,,,,,,,,*,wh/img001.jpg,*,wh/img001.jpg,,,,,,,,,,,,,,,,,,,,,,,1,1,en_wh_361,,1,,67200,67200,,5,,,,,,,,,,,,,,,,,"21,36","NEW rental,WiMAX HOME 5G L12/L13"
2377,18541,0,0,,,1,カート用通常フラグ,WiMAX HOME 5G L12/L13 Unlimited,1,,,,,,,,*,wh/img001.jpg,*,wh/img001.jpg,,,,,,,,,,,,,,,,,,,,,,,1,1,en_wh_361_in,,1,,67200,67750,,5,,,,,,,,,,,,,,,,,"21,36","NEW rental,WiMAX HOME 5G L12/L13"
2378,18542,0,0,,,1,カート用通常フラグ,WiMAX HOME 5G L12/L13 Unlimited,1,,,,,,,,*,wh/img001.jpg,*,wh/img001.jpg,,,,,,,,,,,,,,,,,,,,,,,1,1,en_wh_361,,1,,67200,67200,,5,,,,,,,,,,,,,,,,,"21,36","NEW rental,WiMAX HOME 5G L12/L13"
2379,18543,0,0,,,1,カート用通常フラグ,WiMAX HOME 5G L12/L13 Unlimited,1,,,,,,,,*,wh/img001.jpg,*,wh/img001.jpg,,,,,,,,,,,,,,,,,,,,,,,1,1,en_wh_361_in,,1,,67200,67750,,5,,,,,,,,,,,,,,,,,"21,36","NEW rental,WiMAX HOME 5G L12/L13"
2380,18544,0,0,,,1,カート用通常フラグ,WiMAX HOME 5G L12/L13 Unlimited,1,,,,,,,,*,wh/img001.jpg,*,wh/img001.jpg,,,,,,,,,,,,,,,,,,,,,,,1,1,en_wh_361,,1,,67200,67200,,5,,,,,,,,,,,,,,,,,"21,36","NEW rental,WiMAX HOME 5G L12/L13"
2381,18545,0,0,,,1,カート用通常フラグ,WiMAX HOME 5G L12/L13 Unlimited,1,,,,,,,,*,wh/img001.jpg,*,wh/img001.jpg,,,,,,,,,,,,,,,,,,,,,,,1,1,en_wh_361_in,,1,,67200,67750,,5,,,,,,,,,,,,,,,,,"21,36","NEW rental,WiMAX HOME 5G L12/L13"
2382,18546,0,0,,,1,カート用通常フラグ,WiMAX HOME 5G L12/L13 Unlimited,1,,,,,,,,*,wh/img001.jpg,*,wh/img001.jpg,,,,,,,,,,,,,,,,,,,,,,,1,1,en_wh_361,,1,,67200,67200,,5,,,,,,,,,,,,,,,,,"21,36","NEW rental,WiMAX HOME 5G L12/L13"
2383,18547,0,0,,,1,カート用通常フラグ,WiMAX HOME 5G L12/L13 Unlimited,1,,,,,,,,*,wh/img001.jpg,*,wh/img001.jpg,,,,,,,,,,,,,,,,,,,,,,,1,1,en_wh_361_in,,1,,67200,67750,,5,,,,,,,,,,,,,,,,,"21,36","NEW rental,WiMAX HOME 5G L12/L13"
2324,18488,0,0,,,1,カート用通常フラグ,WiMAX HOME 5G L12/L13 Unlimited,1,,,,,,,,*,wh/img001.jpg,*,wh/img001.jpg,,,,,,,,,,,,,,,,,,,,,,,1,1,en_wh_331,,1,,64200,64200,,5,,,,,,,,,,,,,,,,,"21,36","NEW rental,WiMAX HOME 5G L12/L13"
2325,18489,0,0,,,1,カート用通常フラグ,WiMAX HOME 5G L12/L13 Unlimited,1,,,,,,,,*,wh/img001.jpg,*,wh/img001.jpg,,,,,,,,,,,,,,,,,,,,,,,1,1,en_wh_331_in,,1,,64200,64750,,5,,,,,,,,,,,,,,,,,"21,36","NEW rental,WiMAX HOME 5G L12/L13"
2326,18490,0,0,,,1,カート用通常フラグ,WiMAX HOME 5G L12/L13 Unlimited,1,,,,,,,,*,wh/img001.jpg,*,wh/img001.jpg,,,,,,,,,,,,,,,,,,,,,,,1,1,en_wh_331,,1,,64200,64200,,5,,,,,,,,,,,,,,,,,"21,36","NEW rental,WiMAX HOME 5G L12/L13"
2327,18491,0,0,,,1,カート用通常フラグ,WiMAX HOME 5G L12/L13 Unlimited,1,,,,,,,,*,wh/img001.jpg,*,wh/img001.jpg,,,,,,,,,,,,,,,,,,,,,,,1,1,en_wh_331_in,,1,,64200,64750,,5,,,,,,,,,,,,,,,,,"21,36","NEW rental,WiMAX HOME 5G L12/L13"
2328,18492,0,0,,,1,カート用通常フラグ,WiMAX HOME 5G L12/L13 Unlimited,1,,,,,,,,*,wh/img001.jpg,*,wh/img001.jpg,,,,,,,,,,,,,,,,,,,,,,,1,1,en_wh_331,,1,,64200,64200,,5,,,,,,,,,,,,,,,,,"21,36","NEW rental,WiMAX HOME 5G L12/L13"
2329,18493,0,0,,,1,カート用通常フラグ,WiMAX HOME 5G L12/L13 Unlimited,1,,,,,,,,*,wh/img001.jpg,*,wh/img001.jpg,,,,,,,,,,,,,,,,,,,,,,,1,1,en_wh_331_in,,1,,64200,64750,,5,,,,,,,,,,,,,,,,,"21,36","NEW rental,WiMAX HOME 5G L12/L13"
2330,18494,0,0,,,1,カート用通常フラグ,WiMAX HOME 5G L12/L13 Unlimited,1,,,,,,,,*,wh/img001.jpg,*,wh/img001.jpg,,,,,,,,,,,,,,,,,,,,,,,1,1,en_wh_331,,1,,64200,64200,,5,,,,,,,,,,,,,,,,,"21,36","NEW rental,WiMAX HOME 5G L12/L13"
2331,18495,0,0,,,1,カート用通常フラグ,WiMAX HOME 5G L12/L13 Unlimited,1,,,,,,,,*,wh/img001.jpg,*,wh/img001.jpg,,,,,,,,,,,,,,,,,,,,,,,1,1,en_wh_331_in,,1,,64200,64750,,5,,,,,,,,,,,,,,,,,"21,36","NEW rental,WiMAX HOME 5G L12/L13"
2332,18496,0,0,,,1,カート用通常フラグ,WiMAX HOME 5G L12/L13 Unlimited,1,,,,,,,,*,wh/img001.jpg,*,wh/img001.jpg,,,,,,,,,,,,,,,,,,,,,,,1,1,en_wh_331,,1,,64200,64200,,5,,,,,,,,,,,,,,,,,"21,36","NEW rental,WiMAX HOME 5G L12/L13"
2333,18497,0,0,,,1,カート用通常フラグ,WiMAX HOME 5G L12/L13 Unlimited,1,,,,,,,,*,wh/img001.jpg,*,wh/img001.jpg,,,,,,,,,,,,,,,,,,,,,,,1,1,en_wh_331_in,,1,,64200,64750,,5,,,,,,,,,,,,,,,,,"21,36","NEW rental,WiMAX HOME 5G L12/L13"
2334,18498,0,0,,,1,カート用通常フラグ,WiMAX HOME 5G L12/L13 Unlimited,1,,,,,,,,*,wh/img001.jpg,*,wh/img001.jpg,,,,,,,,,,,,,,,,,,,,,,,1,1,en_wh_331,,1,,64200,64200,,5,,,,,,,,,,,,,,,,,"21,36","NEW rental,WiMAX HOME 5G L12/L13"
2335,18499,0,0,,,1,カート用通常フラグ,WiMAX HOME 5G L12/L13 Unlimited,1,,,,,,,,*,wh/img001.jpg,*,wh/img001.jpg,,,,,,,,,,,,,,,,,,,,,,,1,1,en_wh_331_in,,1,,64200,64750,,5,,,,,,,,,,,,,,,,,"21,36","NEW rental,WiMAX HOME 5G L12/L13"
2336,18500,0,0,,,1,カート用通常フラグ,WiMAX HOME 5G L12/L13 Unlimited,1,,,,,,,,*,wh/img001.jpg,*,wh/img001.jpg,,,,,,,,,,,,,,,,,,,,,,,1,1,en_wh_331,,1,,64200,64200,,5,,,,,,,,,,,,,,,,,"21,36","NEW rental,WiMAX HOME 5G L12/L13"
2337,18501,0,0,,,1,カート用通常フラグ,WiMAX HOME 5G L12/L13 Unlimited,1,,,,,,,,*,wh/img001.jpg,*,wh/img001.jpg,,,,,,,,,,,,,,,,,,,,,,,1,1,en_wh_331_in,,1,,64200,64750,,5,,,,,,,,,,,,,,,,,"21,36","NEW rental,WiMAX HOME 5G L12/L13"
2338,18502,0,0,,,1,カート用通常フラグ,WiMAX HOME 5G L12/L13 Unlimited,1,,,,,,,,*,wh/img001.jpg,*,wh/img001.jpg,,,,,,,,,,,,,,,,,,,,,,,1,1,en_wh_331,,1,,64200,64200,,5,,,,,,,,,,,,,,,,,"21,36","NEW rental,WiMAX HOME 5G L12/L13"
2339,18503,0,0,,,1,カート用通常フラグ,WiMAX HOME 5G L12/L13 Unlimited,1,,,,,,,,*,wh/img001.jpg,*,wh/img001.jpg,,,,,,,,,,,,,,,,,,,,,,,1,1,en_wh_331_in,,1,,64200,64750,,5,,,,,,,,,,,,,,,,,"21,36","NEW rental,WiMAX HOME 5G L12/L13"
2340,18504,0,0,,,1,カート用通常フラグ,WiMAX HOME 5G L12/L13 Unlimited,1,,,,,,,,*,wh/img001.jpg,*,wh/img001.jpg,,,,,,,,,,,,,,,,,,,,,,,1,1,en_wh_331,,1,,64200,64200,,5,,,,,,,,,,,,,,,,,"21,36","NEW rental,WiMAX HOME 5G L12/L13"
2341,18505,0,0,,,1,カート用通常フラグ,WiMAX HOME 5G L12/L13 Unlimited,1,,,,,,,,*,wh/img001.jpg,*,wh/img001.jpg,,,,,,,,,,,,,,,,,,,,,,,1,1,en_wh_332_in,,1,,64790,65340,,5,,,,,,,,,,,,,,,,,"21,36","NEW rental,WiMAX HOME 5G L12/L13"
2342,18506,0,0,,,1,カート用通常フラグ,WiMAX HOME 5G L12/L13 Unlimited,1,,,,,,,,*,wh/img001.jpg,*,wh/img001.jpg,,,,,,,,,,,,,,,,,,,,,,,1,1,en_wh_332,,1,,64790,64790,,5,,,,,,,,,,,,,,,,,"21,36","NEW rental,WiMAX HOME 5G L12/L13"
2343,18507,0,0,,,1,カート用通常フラグ,WiMAX HOME 5G L12/L13 Unlimited,1,,,,,,,,*,wh/img001.jpg,*,wh/img001.jpg,,,,,,,,,,,,,,,,,,,,,,,1,1,en_wh_333_in,,1,,65380,65930,,5,,,,,,,,,,,,,,,,,"21,36","NEW rental,WiMAX HOME 5G L12/L13"
2344,18508,0,0,,,1,カート用通常フラグ,WiMAX HOME 5G L12/L13 Unlimited,1,,,,,,,,*,wh/img001.jpg,*,wh/img001.jpg,,,,,,,,,,,,,,,,,,,,,,,1,1,en_wh_333,,1,,65380,65380,,5,,,,,,,,,,,,,,,,,"21,36","NEW rental,WiMAX HOME 5G L12/L13"
2345,18509,0,0,,,1,カート用通常フラグ,WiMAX HOME 5G L12/L13 Unlimited,1,,,,,,,,*,wh/img001.jpg,*,wh/img001.jpg,,,,,,,,,,,,,,,,,,,,,,,1,1,en_wh_334_in,,1,,65970,66520,,5,,,,,,,,,,,,,,,,,"21,36","NEW rental,WiMAX HOME 5G L12/L13"
2346,18510,0,0,,,1,カート用通常フラグ,WiMAX HOME 5G L12/L13 Unlimited,1,,,,,,,,*,wh/img001.jpg,*,wh/img001.jpg,,,,,,,,,,,,,,,,,,,,,,,1,1,en_wh_334,,1,,65970,65970,,5,,,,,,,,,,,,,,,,,"21,36","NEW rental,WiMAX HOME 5G L12/L13"
2347,18511,0,0,,,1,カート用通常フラグ,WiMAX HOME 5G L12/L13 Unlimited,1,,,,,,,,*,wh/img001.jpg,*,wh/img001.jpg,,,,,,,,,,,,,,,,,,,,,,,1,1,en_wh_335_in,,1,,66560,67110,,5,,,,,,,,,,,,,,,,,"21,36","NEW rental,WiMAX HOME 5G L12/L13"
2348,18512,0,0,,,1,カート用通常フラグ,WiMAX HOME 5G L12/L13 Unlimited,1,,,,,,,,*,wh/img001.jpg,*,wh/img001.jpg,,,,,,,,,,,,,,,,,,,,,,,1,1,en_wh_335,,1,,66560,66560,,5,,,,,,,,,,,,,,,,,"21,36","NEW rental,WiMAX HOME 5G L12/L13"
2349,18513,0,0,,,1,カート用通常フラグ,WiMAX HOME 5G L12/L13 Unlimited,1,,,,,,,,*,wh/img001.jpg,*,wh/img001.jpg,,,,,,,,,,,,,,,,,,,,,,,1,1,en_wh_336_in,,1,,67150,67700,,5,,,,,,,,,,,,,,,,,"21,36","NEW rental,WiMAX HOME 5G L12/L13"
2350,18514,0,0,,,1,カート用通常フラグ,WiMAX HOME 5G L12/L13 Unlimited,1,,,,,,,,*,wh/img001.jpg,*,wh/img001.jpg,,,,,,,,,,,,,,,,,,,,,,,1,1,en_wh_336,,1,,67150,67150,,5,,,,,,,,,,,,,,,,,"21,36","NEW rental,WiMAX HOME 5G L12/L13"
2351,18515,0,0,,,1,カート用通常フラグ,WiMAX HOME 5G L12/L13 Unlimited,1,,,,,,,,*,wh/img001.jpg,*,wh/img001.jpg,,,,,,,,,,,,,,,,,,,,,,,1,1,en_wh_361_in,,1,,67200,67750,,5,,,,,,,,,,,,,,,,,"21,36","NEW rental,WiMAX HOME 5G L12/L13"
2352,18516,0,0,,,1,カート用通常フラグ,WiMAX HOME 5G L12/L13 Unlimited,1,,,,,,,,*,wh/img001.jpg,*,wh/img001.jpg,,,,,,,,,,,,,,,,,,,,,,,1,1,en_wh_361,,1,,67200,67200,,5,,,,,,,,,,,,,,,,,"21,36","NEW rental,WiMAX HOME 5G L12/L13"
2353,18517,0,0,,,1,カート用通常フラグ,WiMAX HOME 5G L12/L13 Unlimited,1,,,,,,,,*,wh/img001.jpg,*,wh/img001.jpg,,,,,,,,,,,,,,,,,,,,,,,1,1,en_wh_361_in,,1,,67200,67750,,5,,,,,,,,,,,,,,,,,"21,36","NEW rental,WiMAX HOME 5G L12/L13"
2295,18459,0,0,,,1,カート用通常フラグ,WiMAX HOME 5G L12/L13 Unlimited,1,,,,,,,,*,wh/img001.jpg,*,wh/img001.jpg,,,,,,,,,,,,,,,,,,,,,,,1,1,en_wh_331_in,,1,,64200,64750,,5,,,,,,,,,,,,,,,,,"21,36","NEW rental,WiMAX HOME 5G L12/L13"
2296,18460,0,0,,,1,カート用通常フラグ,WiMAX HOME 5G L12/L13 Unlimited,1,,,,,,,,*,wh/img001.jpg,*,wh/img001.jpg,,,,,,,,,,,,,,,,,,,,,,,1,1,en_wh_331,,1,,64200,64200,,5,,,,,,,,,,,,,,,,,"21,36","NEW rental,WiMAX HOME 5G L12/L13"
2297,18461,0,0,,,1,カート用通常フラグ,WiMAX HOME 5G L12/L13 Unlimited,1,,,,,,,,*,wh/img001.jpg,*,wh/img001.jpg,,,,,,,,,,,,,,,,,,,,,,,1,1,en_wh_331_in,,1,,64200,64750,,5,,,,,,,,,,,,,,,,,"21,36","NEW rental,WiMAX HOME 5G L12/L13"
2298,18462,0,0,,,1,カート用通常フラグ,WiMAX HOME 5G L12/L13 Unlimited,1,,,,,,,,*,wh/img001.jpg,*,wh/img001.jpg,,,,,,,,,,,,,,,,,,,,,,,1,1,en_wh_331,,1,,64200,64200,,5,,,,,,,,,,,,,,,,,"21,36","NEW rental,WiMAX HOME 5G L12/L13"
2299,18463,0,0,,,1,カート用通常フラグ,WiMAX HOME 5G L12/L13 Unlimited,1,,,,,,,,*,wh/img001.jpg,*,wh/img001.jpg,,,,,,,,,,,,,,,,,,,,,,,1,1,en_wh_331_in,,1,,64200,64750,,5,,,,,,,,,,,,,,,,,"21,36","NEW rental,WiMAX HOME 5G L12/L13"
2300,18464,0,0,,,1,カート用通常フラグ,WiMAX HOME 5G L12/L13 Unlimited,1,,,,,,,,*,wh/img001.jpg,*,wh/img001.jpg,,,,,,,,,,,,,,,,,,,,,,,1,1,en_wh_331,,1,,64200,64200,,5,,,,,,,,,,,,,,,,,"21,36","NEW rental,WiMAX HOME 5G L12/L13"
2301,18465,0,0,,,1,カート用通常フラグ,WiMAX HOME 5G L12/L13 Unlimited,1,,,,,,,,*,wh/img001.jpg,*,wh/img001.jpg,,,,,,,,,,,,,,,,,,,,,,,1,1,en_wh_331_in,,1,,64200,64750,,5,,,,,,,,,,,,,,,,,"21,36","NEW rental,WiMAX HOME 5G L12/L13"
2302,18466,0,0,,,1,カート用通常フラグ,WiMAX HOME 5G L12/L13 Unlimited,1,,,,,,,,*,wh/img001.jpg,*,wh/img001.jpg,,,,,,,,,,,,,,,,,,,,,,,1,1,en_wh_331,,1,,64200,64200,,5,,,,,,,,,,,,,,,,,"21,36","NEW rental,WiMAX HOME 5G L12/L13"
2303,18467,0,0,,,1,カート用通常フラグ,WiMAX HOME 5G L12/L13 Unlimited,1,,,,,,,,*,wh/img001.jpg,*,wh/img001.jpg,,,,,,,,,,,,,,,,,,,,,,,1,1,en_wh_331_in,,1,,64200,64750,,5,,,,,,,,,,,,,,,,,"21,36","NEW rental,WiMAX HOME 5G L12/L13"
2304,18468,0,0,,,1,カート用通常フラグ,WiMAX HOME 5G L12/L13 Unlimited,1,,,,,,,,*,wh/img001.jpg,*,wh/img001.jpg,,,,,,,,,,,,,,,,,,,,,,,1,1,en_wh_331,,1,,64200,64200,,5,,,,,,,,,,,,,,,,,"21,36","NEW rental,WiMAX HOME 5G L12/L13"
2305,18469,0,0,,,1,カート用通常フラグ,WiMAX HOME 5G L12/L13 Unlimited,1,,,,,,,,*,wh/img001.jpg,*,wh/img001.jpg,,,,,,,,,,,,,,,,,,,,,,,1,1,en_wh_331_in,,1,,64200,64750,,5,,,,,,,,,,,,,,,,,"21,36","NEW rental,WiMAX HOME 5G L12/L13"
2306,18470,0,0,,,1,カート用通常フラグ,WiMAX HOME 5G L12/L13 Unlimited,1,,,,,,,,*,wh/img001.jpg,*,wh/img001.jpg,,,,,,,,,,,,,,,,,,,,,,,1,1,en_wh_331,,1,,64200,64200,,5,,,,,,,,,,,,,,,,,"21,36","NEW rental,WiMAX HOME 5G L12/L13"
2307,18471,0,0,,,1,カート用通常フラグ,WiMAX HOME 5G L12/L13 Unlimited,1,,,,,,,,*,wh/img001.jpg,*,wh/img001.jpg,,,,,,,,,,,,,,,,,,,,,,,1,1,en_wh_331_in,,1,,64200,64750,,5,,,,,,,,,,,,,,,,,"21,36","NEW rental,WiMAX HOME 5G L12/L13"
2308,18472,0,0,,,1,カート用通常フラグ,WiMAX HOME 5G L12/L13 Unlimited,1,,,,,,,,*,wh/img001.jpg,*,wh/img001.jpg,,,,,,,,,,,,,,,,,,,,,,,1,1,en_wh_331,,1,,64200,64200,,5,,,,,,,,,,,,,,,,,"21,36","NEW rental,WiMAX HOME 5G L12/L13"
2309,18473,0,0,,,1,カート用通常フラグ,WiMAX HOME 5G L12/L13 Unlimited,1,,,,,,,,*,wh/img001.jpg,*,wh/img001.jpg,,,,,,,,,,,,,,,,,,,,,,,1,1,en_wh_331_in,,1,,64200,64750,,5,,,,,,,,,,,,,,,,,"21,36","NEW rental,WiMAX HOME 5G L12/L13"
2310,18474,0,0,,,1,カート用通常フラグ,WiMAX HOME 5G L12/L13 Unlimited,1,,,,,,,,*,wh/img001.jpg,*,wh/img001.jpg,,,,,,,,,,,,,,,,,,,,,,,1,1,en_wh_331,,1,,64200,64200,,5,,,,,,,,,,,,,,,,,"21,36","NEW rental,WiMAX HOME 5G L12/L13"
2311,18475,0,0,,,1,カート用通常フラグ,WiMAX HOME 5G L12/L13 Unlimited,1,,,,,,,,*,wh/img001.jpg,*,wh/img001.jpg,,,,,,,,,,,,,,,,,,,,,,,1,1,en_wh_331_in,,1,,64200,64750,,5,,,,,,,,,,,,,,,,,"21,36","NEW rental,WiMAX HOME 5G L12/L13"
2312,18476,0,0,,,1,カート用通常フラグ,WiMAX HOME 5G L12/L13 Unlimited,1,,,,,,,,*,wh/img001.jpg,*,wh/img001.jpg,,,,,,,,,,,,,,,,,,,,,,,1,1,en_wh_331,,1,,64200,64200,,5,,,,,,,,,,,,,,,,,"21,36","NEW rental,WiMAX HOME 5G L12/L13"
2313,18477,0,0,,,1,カート用通常フラグ,WiMAX HOME 5G L12/L13 Unlimited,1,,,,,,,,*,wh/img001.jpg,*,wh/img001.jpg,,,,,,,,,,,,,,,,,,,,,,,1,1,en_wh_331_in,,1,,64200,64750,,5,,,,,,,,,,,,,,,,,"21,36","NEW rental,WiMAX HOME 5G L12/L13"
2314,18478,0,0,,,1,カート用通常フラグ,WiMAX HOME 5G L12/L13 Unlimited,1,,,,,,,,*,wh/img001.jpg,*,wh/img001.jpg,,,,,,,,,,,,,,,,,,,,,,,1,1,en_wh_331,,1,,64200,64200,,5,,,,,,,,,,,,,,,,,"21,36","NEW rental,WiMAX HOME 5G L12/L13"
2315,18479,0,0,,,1,カート用通常フラグ,WiMAX HOME 5G L12/L13 Unlimited,1,,,,,,,,*,wh/img001.jpg,*,wh/img001.jpg,,,,,,,,,,,,,,,,,,,,,,,1,1,en_wh_331_in,,1,,64200,64750,,5,,,,,,,,,,,,,,,,,"21,36","NEW rental,WiMAX HOME 5G L12/L13"
2316,18480,0,0,,,1,カート用通常フラグ,WiMAX HOME 5G L12/L13 Unlimited,1,,,,,,,,*,wh/img001.jpg,*,wh/img001.jpg,,,,,,,,,,,,,,,,,,,,,,,1,1,en_wh_331,,1,,64200,64200,,5,,,,,,,,,,,,,,,,,"21,36","NEW rental,WiMAX HOME 5G L12/L13"
2317,18481,0,0,,,1,カート用通常フラグ,WiMAX HOME 5G L12/L13 Unlimited,1,,,,,,,,*,wh/img001.jpg,*,wh/img001.jpg,,,,,,,,,,,,,,,,,,,,,,,1,1,en_wh_331_in,,1,,64200,64750,,5,,,,,,,,,,,,,,,,,"21,36","NEW rental,WiMAX HOME 5G L12/L13"
2318,18482,0,0,,,1,カート用通常フラグ,WiMAX HOME 5G L12/L13 Unlimited,1,,,,,,,,*,wh/img001.jpg,*,wh/img001.jpg,,,,,,,,,,,,,,,,,,,,,,,1,1,en_wh_331,,1,,64200,64200,,5,,,,,,,,,,,,,,,,,"21,36","NEW rental,WiMAX HOME 5G L12/L13"
2319,18483,0,0,,,1,カート用通常フラグ,WiMAX HOME 5G L12/L13 Unlimited,1,,,,,,,,*,wh/img001.jpg,*,wh/img001.jpg,,,,,,,,,,,,,,,,,,,,,,,1,1,en_wh_331_in,,1,,64200,64750,,5,,,,,,,,,,,,,,,,,"21,36","NEW rental,WiMAX HOME 5G L12/L13"
2320,18484,0,0,,,1,カート用通常フラグ,WiMAX HOME 5G L12/L13 Unlimited,1,,,,,,,,*,wh/img001.jpg,*,wh/img001.jpg,,,,,,,,,,,,,,,,,,,,,,,1,1,en_wh_331,,1,,64200,64200,,5,,,,,,,,,,,,,,,,,"21,36","NEW rental,WiMAX HOME 5G L12/L13"
2321,18485,0,0,,,1,カート用通常フラグ,WiMAX HOME 5G L12/L13 Unlimited,1,,,,,,,,*,wh/img001.jpg,*,wh/img001.jpg,,,,,,,,,,,,,,,,,,,,,,,1,1,en_wh_331_in,,1,,64200,64750,,5,,,,,,,,,,,,,,,,,"21,36","NEW rental,WiMAX HOME 5G L12/L13"
2322,18486,0,0,,,1,カート用通常フラグ,WiMAX HOME 5G L12/L13 Unlimited,1,,,,,,,,*,wh/img001.jpg,*,wh/img001.jpg,,,,,,,,,,,,,,,,,,,,,,,1,1,en_wh_331,,1,,64200,64200,,5,,,,,,,,,,,,,,,,,"21,36","NEW rental,WiMAX HOME 5G L12/L13"
2323,18487,0,0,,,1,カート用通常フラグ,WiMAX HOME 5G L12/L13 Unlimited,1,,,,,,,,*,wh/img001.jpg,*,wh/img001.jpg,,,,,,,,,,,,,,,,,,,,,,,1,1,en_wh_331_in,,1,,64200,64750,,5,,,,,,,,,,,,,,,,,"21,36","NEW rental,WiMAX HOME 5G L12/L13"
2265,18429,0,0,,,1,カート用通常フラグ,WiMAX HOME 5G L12/L13 Unlimited,1,,,,,,,,*,wh/img001.jpg,*,wh/img001.jpg,,,,,,,,,,,,,,,,,,,,,,,1,1,en_wh_301_in,,1,,61200,61750,,5,,,,,,,,,,,,,,,,,"21,36","NEW rental,WiMAX HOME 5G L12/L13"
2266,18430,0,0,,,1,カート用通常フラグ,WiMAX HOME 5G L12/L13 Unlimited,1,,,,,,,,*,wh/img001.jpg,*,wh/img001.jpg,,,,,,,,,,,,,,,,,,,,,,,1,1,en_wh_301,,1,,61200,61200,,5,,,,,,,,,,,,,,,,,"21,36","NEW rental,WiMAX HOME 5G L12/L13"
2267,18431,0,0,,,1,カート用通常フラグ,WiMAX HOME 5G L12/L13 Unlimited,1,,,,,,,,*,wh/img001.jpg,*,wh/img001.jpg,,,,,,,,,,,,,,,,,,,,,,,1,1,en_wh_301_in,,1,,61200,61750,,5,,,,,,,,,,,,,,,,,"21,36","NEW rental,WiMAX HOME 5G L12/L13"
2268,18432,0,0,,,1,カート用通常フラグ,WiMAX HOME 5G L12/L13 Unlimited,1,,,,,,,,*,wh/img001.jpg,*,wh/img001.jpg,,,,,,,,,,,,,,,,,,,,,,,1,1,en_wh_301,,1,,61200,61200,,5,,,,,,,,,,,,,,,,,"21,36","NEW rental,WiMAX HOME 5G L12/L13"
2269,18433,0,0,,,1,カート用通常フラグ,WiMAX HOME 5G L12/L13 Unlimited,1,,,,,,,,*,wh/img001.jpg,*,wh/img001.jpg,,,,,,,,,,,,,,,,,,,,,,,1,1,en_wh_301_in,,1,,61200,61750,,5,,,,,,,,,,,,,,,,,"21,36","NEW rental,WiMAX HOME 5G L12/L13"
2270,18434,0,0,,,1,カート用通常フラグ,WiMAX HOME 5G L12/L13 Unlimited,1,,,,,,,,*,wh/img001.jpg,*,wh/img001.jpg,,,,,,,,,,,,,,,,,,,,,,,1,1,en_wh_301,,1,,61200,61200,,5,,,,,,,,,,,,,,,,,"21,36","NEW rental,WiMAX HOME 5G L12/L13"
2271,18435,0,0,,,1,カート用通常フラグ,WiMAX HOME 5G L12/L13 Unlimited,1,,,,,,,,*,wh/img001.jpg,*,wh/img001.jpg,,,,,,,,,,,,,,,,,,,,,,,1,1,en_wh_301_in,,1,,61200,61750,,5,,,,,,,,,,,,,,,,,"21,36","NEW rental,WiMAX HOME 5G L12/L13"
2272,18436,0,0,,,1,カート用通常フラグ,WiMAX HOME 5G L12/L13 Unlimited,1,,,,,,,,*,wh/img001.jpg,*,wh/img001.jpg,,,,,,,,,,,,,,,,,,,,,,,1,1,en_wh_301,,1,,61200,61200,,5,,,,,,,,,,,,,,,,,"21,36","NEW rental,WiMAX HOME 5G L12/L13"
2273,18437,0,0,,,1,カート用通常フラグ,WiMAX HOME 5G L12/L13 Unlimited,1,,,,,,,,*,wh/img001.jpg,*,wh/img001.jpg,,,,,,,,,,,,,,,,,,,,,,,1,1,en_wh_301_in,,1,,61200,61750,,5,,,,,,,,,,,,,,,,,"21,36","NEW rental,WiMAX HOME 5G L12/L13"
2274,18438,0,0,,,1,カート用通常フラグ,WiMAX HOME 5G L12/L13 Unlimited,1,,,,,,,,*,wh/img001.jpg,*,wh/img001.jpg,,,,,,,,,,,,,,,,,,,,,,,1,1,en_wh_301,,1,,61200,61200,,5,,,,,,,,,,,,,,,,,"21,36","NEW rental,WiMAX HOME 5G L12/L13"
2275,18439,0,0,,,1,カート用通常フラグ,WiMAX HOME 5G L12/L13 Unlimited,1,,,,,,,,*,wh/img001.jpg,*,wh/img001.jpg,,,,,,,,,,,,,,,,,,,,,,,1,1,en_wh_301_in,,1,,61200,61750,,5,,,,,,,,,,,,,,,,,"21,36","NEW rental,WiMAX HOME 5G L12/L13"
2276,18440,0,0,,,1,カート用通常フラグ,WiMAX HOME 5G L12/L13 Unlimited,1,,,,,,,,*,wh/img001.jpg,*,wh/img001.jpg,,,,,,,,,,,,,,,,,,,,,,,1,1,en_wh_301,,1,,61200,61200,,5,,,,,,,,,,,,,,,,,"21,36","NEW rental,WiMAX HOME 5G L12/L13"
2277,18441,0,0,,,1,カート用通常フラグ,WiMAX HOME 5G L12/L13 Unlimited,1,,,,,,,,*,wh/img001.jpg,*,wh/img001.jpg,,,,,,,,,,,,,,,,,,,,,,,1,1,en_wh_301_in,,1,,61200,61750,,5,,,,,,,,,,,,,,,,,"21,36","NEW rental,WiMAX HOME 5G L12/L13"
2278,18442,0,0,,,1,カート用通常フラグ,WiMAX HOME 5G L12/L13 Unlimited,1,,,,,,,,*,wh/img001.jpg,*,wh/img001.jpg,,,,,,,,,,,,,,,,,,,,,,,1,1,en_wh_301,,1,,61200,61200,,5,,,,,,,,,,,,,,,,,"21,36","NEW rental,WiMAX HOME 5G L12/L13"
2279,18443,0,0,,,1,カート用通常フラグ,WiMAX HOME 5G L12/L13 Unlimited,1,,,,,,,,*,wh/img001.jpg,*,wh/img001.jpg,,,,,,,,,,,,,,,,,,,,,,,1,1,en_wh_301_in,,1,,61200,61750,,5,,,,,,,,,,,,,,,,,"21,36","NEW rental,WiMAX HOME 5G L12/L13"
2280,18444,0,0,,,1,カート用通常フラグ,WiMAX HOME 5G L12/L13 Unlimited,1,,,,,,,,*,wh/img001.jpg,*,wh/img001.jpg,,,,,,,,,,,,,,,,,,,,,,,1,1,en_wh_301,,1,,61200,61200,,5,,,,,,,,,,,,,,,,,"21,36","NEW rental,WiMAX HOME 5G L12/L13"
2281,18445,0,0,,,1,カート用通常フラグ,WiMAX HOME 5G L12/L13 Unlimited,1,,,,,,,,*,wh/img001.jpg,*,wh/img001.jpg,,,,,,,,,,,,,,,,,,,,,,,1,1,en_wh_302_in,,1,,61790,62340,,5,,,,,,,,,,,,,,,,,"21,36","NEW rental,WiMAX HOME 5G L12/L13"
2282,18446,0,0,,,1,カート用通常フラグ,WiMAX HOME 5G L12/L13 Unlimited,1,,,,,,,,*,wh/img001.jpg,*,wh/img001.jpg,,,,,,,,,,,,,,,,,,,,,,,1,1,en_wh_302,,1,,61790,61790,,5,,,,,,,,,,,,,,,,,"21,36","NEW rental,WiMAX HOME 5G L12/L13"
2283,18447,0,0,,,1,カート用通常フラグ,WiMAX HOME 5G L12/L13 Unlimited,1,,,,,,,,*,wh/img001.jpg,*,wh/img001.jpg,,,,,,,,,,,,,,,,,,,,,,,1,1,en_wh_303_in,,1,,62380,62930,,5,,,,,,,,,,,,,,,,,"21,36","NEW rental,WiMAX HOME 5G L12/L13"
2284,18448,0,0,,,1,カート用通常フラグ,WiMAX HOME 5G L12/L13 Unlimited,1,,,,,,,,*,wh/img001.jpg,*,wh/img001.jpg,,,,,,,,,,,,,,,,,,,,,,,1,1,en_wh_303,,1,,62380,62380,,5,,,,,,,,,,,,,,,,,"21,36","NEW rental,WiMAX HOME 5G L12/L13"
2285,18449,0,0,,,1,カート用通常フラグ,WiMAX HOME 5G L12/L13 Unlimited,1,,,,,,,,*,wh/img001.jpg,*,wh/img001.jpg,,,,,,,,,,,,,,,,,,,,,,,1,1,en_wh_304_in,,1,,62970,63520,,5,,,,,,,,,,,,,,,,,"21,36","NEW rental,WiMAX HOME 5G L12/L13"
2286,18450,0,0,,,1,カート用通常フラグ,WiMAX HOME 5G L12/L13 Unlimited,1,,,,,,,,*,wh/img001.jpg,*,wh/img001.jpg,,,,,,,,,,,,,,,,,,,,,,,1,1,en_wh_304,,1,,62970,62970,,5,,,,,,,,,,,,,,,,,"21,36","NEW rental,WiMAX HOME 5G L12/L13"
2287,18451,0,0,,,1,カート用通常フラグ,WiMAX HOME 5G L12/L13 Unlimited,1,,,,,,,,*,wh/img001.jpg,*,wh/img001.jpg,,,,,,,,,,,,,,,,,,,,,,,1,1,en_wh_305_in,,1,,63560,64110,,5,,,,,,,,,,,,,,,,,"21,36","NEW rental,WiMAX HOME 5G L12/L13"
2288,18452,0,0,,,1,カート用通常フラグ,WiMAX HOME 5G L12/L13 Unlimited,1,,,,,,,,*,wh/img001.jpg,*,wh/img001.jpg,,,,,,,,,,,,,,,,,,,,,,,1,1,en_wh_305,,1,,63560,63560,,5,,,,,,,,,,,,,,,,,"21,36","NEW rental,WiMAX HOME 5G L12/L13"
2289,18453,0,0,,,1,カート用通常フラグ,WiMAX HOME 5G L12/L13 Unlimited,1,,,,,,,,*,wh/img001.jpg,*,wh/img001.jpg,,,,,,,,,,,,,,,,,,,,,,,1,1,en_wh_306_in,,1,,64150,64700,,5,,,,,,,,,,,,,,,,,"21,36","NEW rental,WiMAX HOME 5G L12/L13"
2290,18454,0,0,,,1,カート用通常フラグ,WiMAX HOME 5G L12/L13 Unlimited,1,,,,,,,,*,wh/img001.jpg,*,wh/img001.jpg,,,,,,,,,,,,,,,,,,,,,,,1,1,en_wh_306,,1,,64150,64150,,5,,,,,,,,,,,,,,,,,"21,36","NEW rental,WiMAX HOME 5G L12/L13"
2291,18455,0,0,,,1,カート用通常フラグ,WiMAX HOME 5G L12/L13 Unlimited,1,,,,,,,,*,wh/img001.jpg,*,wh/img001.jpg,,,,,,,,,,,,,,,,,,,,,,,1,1,en_wh_331_in,,1,,64200,64750,,5,,,,,,,,,,,,,,,,,"21,36","NEW rental,WiMAX HOME 5G L12/L13"
2292,18456,0,0,,,1,カート用通常フラグ,WiMAX HOME 5G L12/L13 Unlimited,1,,,,,,,,*,wh/img001.jpg,*,wh/img001.jpg,,,,,,,,,,,,,,,,,,,,,,,1,1,en_wh_331,,1,,64200,64200,,5,,,,,,,,,,,,,,,,,"21,36","NEW rental,WiMAX HOME 5G L12/L13"
2293,18457,0,0,,,1,カート用通常フラグ,WiMAX HOME 5G L12/L13 Unlimited,1,,,,,,,,*,wh/img001.jpg,*,wh/img001.jpg,,,,,,,,,,,,,,,,,,,,,,,1,1,en_wh_331_in,,1,,64200,64750,,5,,,,,,,,,,,,,,,,,"21,36","NEW rental,WiMAX HOME 5G L12/L13"
2294,18458,0,0,,,1,カート用通常フラグ,WiMAX HOME 5G L12/L13 Unlimited,1,,,,,,,,*,wh/img001.jpg,*,wh/img001.jpg,,,,,,,,,,,,,,,,,,,,,,,1,1,en_wh_331,,1,,64200,64200,,5,,,,,,,,,,,,,,,,,"21,36","NEW rental,WiMAX HOME 5G L12/L13"
2235,18399,0,0,,,1,カート用通常フラグ,WiMAX HOME 5G L12/L13 Unlimited,1,,,,,,,,*,wh/img001.jpg,*,wh/img001.jpg,,,,,,,,,,,,,,,,,,,,,,,1,1,en_wh_279_in,,1,,60320,60870,,5,,,,,,,,,,,,,,,,,"21,36","NEW rental,WiMAX HOME 5G L12/L13"
2236,18400,0,0,,,1,カート用通常フラグ,WiMAX HOME 5G L12/L13 Unlimited,1,,,,,,,,*,wh/img001.jpg,*,wh/img001.jpg,,,,,,,,,,,,,,,,,,,,,,,1,1,en_wh_279,,1,,60320,60320,,5,,,,,,,,,,,,,,,,,"21,36","NEW rental,WiMAX HOME 5G L12/L13"
2237,18401,0,0,,,1,カート用通常フラグ,WiMAX HOME 5G L12/L13 Unlimited,1,,,,,,,,*,wh/img001.jpg,*,wh/img001.jpg,,,,,,,,,,,,,,,,,,,,,,,1,1,en_wh_280_in,,1,,60910,61460,,5,,,,,,,,,,,,,,,,,"21,36","NEW rental,WiMAX HOME 5G L12/L13"
2238,18402,0,0,,,1,カート用通常フラグ,WiMAX HOME 5G L12/L13 Unlimited,1,,,,,,,,*,wh/img001.jpg,*,wh/img001.jpg,,,,,,,,,,,,,,,,,,,,,,,1,1,en_wh_280,,1,,60910,60910,,5,,,,,,,,,,,,,,,,,"21,36","NEW rental,WiMAX HOME 5G L12/L13"
2239,18403,0,0,,,1,カート用通常フラグ,WiMAX HOME 5G L12/L13 Unlimited,1,,,,,,,,*,wh/img001.jpg,*,wh/img001.jpg,,,,,,,,,,,,,,,,,,,,,,,1,1,en_wh_301_in,,1,,61200,61750,,5,,,,,,,,,,,,,,,,,"21,36","NEW rental,WiMAX HOME 5G L12/L13"
2240,18404,0,0,,,1,カート用通常フラグ,WiMAX HOME 5G L12/L13 Unlimited,1,,,,,,,,*,wh/img001.jpg,*,wh/img001.jpg,,,,,,,,,,,,,,,,,,,,,,,1,1,en_wh_301,,1,,61200,61200,,5,,,,,,,,,,,,,,,,,"21,36","NEW rental,WiMAX HOME 5G L12/L13"
2241,18405,0,0,,,1,カート用通常フラグ,WiMAX HOME 5G L12/L13 Unlimited,1,,,,,,,,*,wh/img001.jpg,*,wh/img001.jpg,,,,,,,,,,,,,,,,,,,,,,,1,1,en_wh_301_in,,1,,61200,61750,,5,,,,,,,,,,,,,,,,,"21,36","NEW rental,WiMAX HOME 5G L12/L13"
2242,18406,0,0,,,1,カート用通常フラグ,WiMAX HOME 5G L12/L13 Unlimited,1,,,,,,,,*,wh/img001.jpg,*,wh/img001.jpg,,,,,,,,,,,,,,,,,,,,,,,1,1,en_wh_301,,1,,61200,61200,,5,,,,,,,,,,,,,,,,,"21,36","NEW rental,WiMAX HOME 5G L12/L13"
2243,18407,0,0,,,1,カート用通常フラグ,WiMAX HOME 5G L12/L13 Unlimited,1,,,,,,,,*,wh/img001.jpg,*,wh/img001.jpg,,,,,,,,,,,,,,,,,,,,,,,1,1,en_wh_301_in,,1,,61200,61750,,5,,,,,,,,,,,,,,,,,"21,36","NEW rental,WiMAX HOME 5G L12/L13"
2244,18408,0,0,,,1,カート用通常フラグ,WiMAX HOME 5G L12/L13 Unlimited,1,,,,,,,,*,wh/img001.jpg,*,wh/img001.jpg,,,,,,,,,,,,,,,,,,,,,,,1,1,en_wh_301,,1,,61200,61200,,5,,,,,,,,,,,,,,,,,"21,36","NEW rental,WiMAX HOME 5G L12/L13"
2245,18409,0,0,,,1,カート用通常フラグ,WiMAX HOME 5G L12/L13 Unlimited,1,,,,,,,,*,wh/img001.jpg,*,wh/img001.jpg,,,,,,,,,,,,,,,,,,,,,,,1,1,en_wh_301_in,,1,,61200,61750,,5,,,,,,,,,,,,,,,,,"21,36","NEW rental,WiMAX HOME 5G L12/L13"
2246,18410,0,0,,,1,カート用通常フラグ,WiMAX HOME 5G L12/L13 Unlimited,1,,,,,,,,*,wh/img001.jpg,*,wh/img001.jpg,,,,,,,,,,,,,,,,,,,,,,,1,1,en_wh_301,,1,,61200,61200,,5,,,,,,,,,,,,,,,,,"21,36","NEW rental,WiMAX HOME 5G L12/L13"
2247,18411,0,0,,,1,カート用通常フラグ,WiMAX HOME 5G L12/L13 Unlimited,1,,,,,,,,*,wh/img001.jpg,*,wh/img001.jpg,,,,,,,,,,,,,,,,,,,,,,,1,1,en_wh_301_in,,1,,61200,61750,,5,,,,,,,,,,,,,,,,,"21,36","NEW rental,WiMAX HOME 5G L12/L13"
2248,18412,0,0,,,1,カート用通常フラグ,WiMAX HOME 5G L12/L13 Unlimited,1,,,,,,,,*,wh/img001.jpg,*,wh/img001.jpg,,,,,,,,,,,,,,,,,,,,,,,1,1,en_wh_301,,1,,61200,61200,,5,,,,,,,,,,,,,,,,,"21,36","NEW rental,WiMAX HOME 5G L12/L13"
2249,18413,0,0,,,1,カート用通常フラグ,WiMAX HOME 5G L12/L13 Unlimited,1,,,,,,,,*,wh/img001.jpg,*,wh/img001.jpg,,,,,,,,,,,,,,,,,,,,,,,1,1,en_wh_301_in,,1,,61200,61750,,5,,,,,,,,,,,,,,,,,"21,36","NEW rental,WiMAX HOME 5G L12/L13"
2250,18414,0,0,,,1,カート用通常フラグ,WiMAX HOME 5G L12/L13 Unlimited,1,,,,,,,,*,wh/img001.jpg,*,wh/img001.jpg,,,,,,,,,,,,,,,,,,,,,,,1,1,en_wh_301,,1,,61200,61200,,5,,,,,,,,,,,,,,,,,"21,36","NEW rental,WiMAX HOME 5G L12/L13"
2251,18415,0,0,,,1,カート用通常フラグ,WiMAX HOME 5G L12/L13 Unlimited,1,,,,,,,,*,wh/img001.jpg,*,wh/img001.jpg,,,,,,,,,,,,,,,,,,,,,,,1,1,en_wh_301_in,,1,,61200,61750,,5,,,,,,,,,,,,,,,,,"21,36","NEW rental,WiMAX HOME 5G L12/L13"
2252,18416,0,0,,,1,カート用通常フラグ,WiMAX HOME 5G L12/L13 Unlimited,1,,,,,,,,*,wh/img001.jpg,*,wh/img001.jpg,,,,,,,,,,,,,,,,,,,,,,,1,1,en_wh_301,,1,,61200,61200,,5,,,,,,,,,,,,,,,,,"21,36","NEW rental,WiMAX HOME 5G L12/L13"
2253,18417,0,0,,,1,カート用通常フラグ,WiMAX HOME 5G L12/L13 Unlimited,1,,,,,,,,*,wh/img001.jpg,*,wh/img001.jpg,,,,,,,,,,,,,,,,,,,,,,,1,1,en_wh_301_in,,1,,61200,61750,,5,,,,,,,,,,,,,,,,,"21,36","NEW rental,WiMAX HOME 5G L12/L13"
2254,18418,0,0,,,1,カート用通常フラグ,WiMAX HOME 5G L12/L13 Unlimited,1,,,,,,,,*,wh/img001.jpg,*,wh/img001.jpg,,,,,,,,,,,,,,,,,,,,,,,1,1,en_wh_301,,1,,61200,61200,,5,,,,,,,,,,,,,,,,,"21,36","NEW rental,WiMAX HOME 5G L12/L13"
2255,18419,0,0,,,1,カート用通常フラグ,WiMAX HOME 5G L12/L13 Unlimited,1,,,,,,,,*,wh/img001.jpg,*,wh/img001.jpg,,,,,,,,,,,,,,,,,,,,,,,1,1,en_wh_301_in,,1,,61200,61750,,5,,,,,,,,,,,,,,,,,"21,36","NEW rental,WiMAX HOME 5G L12/L13"
2256,18420,0,0,,,1,カート用通常フラグ,WiMAX HOME 5G L12/L13 Unlimited,1,,,,,,,,*,wh/img001.jpg,*,wh/img001.jpg,,,,,,,,,,,,,,,,,,,,,,,1,1,en_wh_301,,1,,61200,61200,,5,,,,,,,,,,,,,,,,,"21,36","NEW rental,WiMAX HOME 5G L12/L13"
2257,18421,0,0,,,1,カート用通常フラグ,WiMAX HOME 5G L12/L13 Unlimited,1,,,,,,,,*,wh/img001.jpg,*,wh/img001.jpg,,,,,,,,,,,,,,,,,,,,,,,1,1,en_wh_301_in,,1,,61200,61750,,5,,,,,,,,,,,,,,,,,"21,36","NEW rental,WiMAX HOME 5G L12/L13"
2258,18422,0,0,,,1,カート用通常フラグ,WiMAX HOME 5G L12/L13 Unlimited,1,,,,,,,,*,wh/img001.jpg,*,wh/img001.jpg,,,,,,,,,,,,,,,,,,,,,,,1,1,en_wh_301,,1,,61200,61200,,5,,,,,,,,,,,,,,,,,"21,36","NEW rental,WiMAX HOME 5G L12/L13"
2259,18423,0,0,,,1,カート用通常フラグ,WiMAX HOME 5G L12/L13 Unlimited,1,,,,,,,,*,wh/img001.jpg,*,wh/img001.jpg,,,,,,,,,,,,,,,,,,,,,,,1,1,en_wh_301_in,,1,,61200,61750,,5,,,,,,,,,,,,,,,,,"21,36","NEW rental,WiMAX HOME 5G L12/L13"
2260,18424,0,0,,,1,カート用通常フラグ,WiMAX HOME 5G L12/L13 Unlimited,1,,,,,,,,*,wh/img001.jpg,*,wh/img001.jpg,,,,,,,,,,,,,,,,,,,,,,,1,1,en_wh_301,,1,,61200,61200,,5,,,,,,,,,,,,,,,,,"21,36","NEW rental,WiMAX HOME 5G L12/L13"
2261,18425,0,0,,,1,カート用通常フラグ,WiMAX HOME 5G L12/L13 Unlimited,1,,,,,,,,*,wh/img001.jpg,*,wh/img001.jpg,,,,,,,,,,,,,,,,,,,,,,,1,1,en_wh_301_in,,1,,61200,61750,,5,,,,,,,,,,,,,,,,,"21,36","NEW rental,WiMAX HOME 5G L12/L13"
2262,18426,0,0,,,1,カート用通常フラグ,WiMAX HOME 5G L12/L13 Unlimited,1,,,,,,,,*,wh/img001.jpg,*,wh/img001.jpg,,,,,,,,,,,,,,,,,,,,,,,1,1,en_wh_301,,1,,61200,61200,,5,,,,,,,,,,,,,,,,,"21,36","NEW rental,WiMAX HOME 5G L12/L13"
2263,18427,0,0,,,1,カート用通常フラグ,WiMAX HOME 5G L12/L13 Unlimited,1,,,,,,,,*,wh/img001.jpg,*,wh/img001.jpg,,,,,,,,,,,,,,,,,,,,,,,1,1,en_wh_301_in,,1,,61200,61750,,5,,,,,,,,,,,,,,,,,"21,36","NEW rental,WiMAX HOME 5G L12/L13"
2264,18428,0,0,,,1,カート用通常フラグ,WiMAX HOME 5G L12/L13 Unlimited,1,,,,,,,,*,wh/img001.jpg,*,wh/img001.jpg,,,,,,,,,,,,,,,,,,,,,,,1,1,en_wh_301,,1,,61200,61200,,5,,,,,,,,,,,,,,,,,"21,36","NEW rental,WiMAX HOME 5G L12/L13"
2206,18370,0,0,,,1,カート用通常フラグ,WiMAX HOME 5G L12/L13 Unlimited,1,,,,,,,,*,wh/img001.jpg,*,wh/img001.jpg,,,,,,,,,,,,,,,,,,,,,,,1,1,en_wh_271,,1,,55600,55600,,5,,,,,,,,,,,,,,,,,"21,36","NEW rental,WiMAX HOME 5G L12/L13"
2207,18371,0,0,,,1,カート用通常フラグ,WiMAX HOME 5G L12/L13 Unlimited,1,,,,,,,,*,wh/img001.jpg,*,wh/img001.jpg,,,,,,,,,,,,,,,,,,,,,,,1,1,en_wh_271_in,,1,,55600,56150,,5,,,,,,,,,,,,,,,,,"21,36","NEW rental,WiMAX HOME 5G L12/L13"
2208,18372,0,0,,,1,カート用通常フラグ,WiMAX HOME 5G L12/L13 Unlimited,1,,,,,,,,*,wh/img001.jpg,*,wh/img001.jpg,,,,,,,,,,,,,,,,,,,,,,,1,1,en_wh_271,,1,,55600,55600,,5,,,,,,,,,,,,,,,,,"21,36","NEW rental,WiMAX HOME 5G L12/L13"
2209,18373,0,0,,,1,カート用通常フラグ,WiMAX HOME 5G L12/L13 Unlimited,1,,,,,,,,*,wh/img001.jpg,*,wh/img001.jpg,,,,,,,,,,,,,,,,,,,,,,,1,1,en_wh_271_in,,1,,55600,56150,,5,,,,,,,,,,,,,,,,,"21,36","NEW rental,WiMAX HOME 5G L12/L13"
2210,18374,0,0,,,1,カート用通常フラグ,WiMAX HOME 5G L12/L13 Unlimited,1,,,,,,,,*,wh/img001.jpg,*,wh/img001.jpg,,,,,,,,,,,,,,,,,,,,,,,1,1,en_wh_271,,1,,55600,55600,,5,,,,,,,,,,,,,,,,,"21,36","NEW rental,WiMAX HOME 5G L12/L13"
2211,18375,0,0,,,1,カート用通常フラグ,WiMAX HOME 5G L12/L13 Unlimited,1,,,,,,,,*,wh/img001.jpg,*,wh/img001.jpg,,,,,,,,,,,,,,,,,,,,,,,1,1,en_wh_271_in,,1,,55600,56150,,5,,,,,,,,,,,,,,,,,"21,36","NEW rental,WiMAX HOME 5G L12/L13"
2212,18376,0,0,,,1,カート用通常フラグ,WiMAX HOME 5G L12/L13 Unlimited,1,,,,,,,,*,wh/img001.jpg,*,wh/img001.jpg,,,,,,,,,,,,,,,,,,,,,,,1,1,en_wh_271,,1,,55600,55600,,5,,,,,,,,,,,,,,,,,"21,36","NEW rental,WiMAX HOME 5G L12/L13"
2213,18377,0,0,,,1,カート用通常フラグ,WiMAX HOME 5G L12/L13 Unlimited,1,,,,,,,,*,wh/img001.jpg,*,wh/img001.jpg,,,,,,,,,,,,,,,,,,,,,,,1,1,en_wh_271_in,,1,,55600,56150,,5,,,,,,,,,,,,,,,,,"21,36","NEW rental,WiMAX HOME 5G L12/L13"
2214,18378,0,0,,,1,カート用通常フラグ,WiMAX HOME 5G L12/L13 Unlimited,1,,,,,,,,*,wh/img001.jpg,*,wh/img001.jpg,,,,,,,,,,,,,,,,,,,,,,,1,1,en_wh_271,,1,,55600,55600,,5,,,,,,,,,,,,,,,,,"21,36","NEW rental,WiMAX HOME 5G L12/L13"
2215,18379,0,0,,,1,カート用通常フラグ,WiMAX HOME 5G L12/L13 Unlimited,1,,,,,,,,*,wh/img001.jpg,*,wh/img001.jpg,,,,,,,,,,,,,,,,,,,,,,,1,1,en_wh_271_in,,1,,55600,56150,,5,,,,,,,,,,,,,,,,,"21,36","NEW rental,WiMAX HOME 5G L12/L13"
2216,18380,0,0,,,1,カート用通常フラグ,WiMAX HOME 5G L12/L13 Unlimited,1,,,,,,,,*,wh/img001.jpg,*,wh/img001.jpg,,,,,,,,,,,,,,,,,,,,,,,1,1,en_wh_271,,1,,55600,55600,,5,,,,,,,,,,,,,,,,,"21,36","NEW rental,WiMAX HOME 5G L12/L13"
2217,18381,0,0,,,1,カート用通常フラグ,WiMAX HOME 5G L12/L13 Unlimited,1,,,,,,,,*,wh/img001.jpg,*,wh/img001.jpg,,,,,,,,,,,,,,,,,,,,,,,1,1,en_wh_271_in,,1,,55600,56150,,5,,,,,,,,,,,,,,,,,"21,36","NEW rental,WiMAX HOME 5G L12/L13"
2218,18382,0,0,,,1,カート用通常フラグ,WiMAX HOME 5G L12/L13 Unlimited,1,,,,,,,,*,wh/img001.jpg,*,wh/img001.jpg,,,,,,,,,,,,,,,,,,,,,,,1,1,en_wh_271,,1,,55600,55600,,5,,,,,,,,,,,,,,,,,"21,36","NEW rental,WiMAX HOME 5G L12/L13"
2219,18383,0,0,,,1,カート用通常フラグ,WiMAX HOME 5G L12/L13 Unlimited,1,,,,,,,,*,wh/img001.jpg,*,wh/img001.jpg,,,,,,,,,,,,,,,,,,,,,,,1,1,en_wh_271_in,,1,,55600,56150,,5,,,,,,,,,,,,,,,,,"21,36","NEW rental,WiMAX HOME 5G L12/L13"
2220,18384,0,0,,,1,カート用通常フラグ,WiMAX HOME 5G L12/L13 Unlimited,1,,,,,,,,*,wh/img001.jpg,*,wh/img001.jpg,,,,,,,,,,,,,,,,,,,,,,,1,1,en_wh_271,,1,,55600,55600,,5,,,,,,,,,,,,,,,,,"21,36","NEW rental,WiMAX HOME 5G L12/L13"
2221,18385,0,0,,,1,カート用通常フラグ,WiMAX HOME 5G L12/L13 Unlimited,1,,,,,,,,*,wh/img001.jpg,*,wh/img001.jpg,,,,,,,,,,,,,,,,,,,,,,,1,1,en_wh_272_in,,1,,56190,56740,,5,,,,,,,,,,,,,,,,,"21,36","NEW rental,WiMAX HOME 5G L12/L13"
2222,18386,0,0,,,1,カート用通常フラグ,WiMAX HOME 5G L12/L13 Unlimited,1,,,,,,,,*,wh/img001.jpg,*,wh/img001.jpg,,,,,,,,,,,,,,,,,,,,,,,1,1,en_wh_272,,1,,56190,56190,,5,,,,,,,,,,,,,,,,,"21,36","NEW rental,WiMAX HOME 5G L12/L13"
2223,18387,0,0,,,1,カート用通常フラグ,WiMAX HOME 5G L12/L13 Unlimited,1,,,,,,,,*,wh/img001.jpg,*,wh/img001.jpg,,,,,,,,,,,,,,,,,,,,,,,1,1,en_wh_273_in,,1,,56780,57330,,5,,,,,,,,,,,,,,,,,"21,36","NEW rental,WiMAX HOME 5G L12/L13"
2224,18388,0,0,,,1,カート用通常フラグ,WiMAX HOME 5G L12/L13 Unlimited,1,,,,,,,,*,wh/img001.jpg,*,wh/img001.jpg,,,,,,,,,,,,,,,,,,,,,,,1,1,en_wh_273,,1,,56780,56780,,5,,,,,,,,,,,,,,,,,"21,36","NEW rental,WiMAX HOME 5G L12/L13"
2225,18389,0,0,,,1,カート用通常フラグ,WiMAX HOME 5G L12/L13 Unlimited,1,,,,,,,,*,wh/img001.jpg,*,wh/img001.jpg,,,,,,,,,,,,,,,,,,,,,,,1,1,en_wh_274_in,,1,,57370,57920,,5,,,,,,,,,,,,,,,,,"21,36","NEW rental,WiMAX HOME 5G L12/L13"
2226,18390,0,0,,,1,カート用通常フラグ,WiMAX HOME 5G L12/L13 Unlimited,1,,,,,,,,*,wh/img001.jpg,*,wh/img001.jpg,,,,,,,,,,,,,,,,,,,,,,,1,1,en_wh_274,,1,,57370,57370,,5,,,,,,,,,,,,,,,,,"21,36","NEW rental,WiMAX HOME 5G L12/L13"
2227,18391,0,0,,,1,カート用通常フラグ,WiMAX HOME 5G L12/L13 Unlimited,1,,,,,,,,*,wh/img001.jpg,*,wh/img001.jpg,,,,,,,,,,,,,,,,,,,,,,,1,1,en_wh_275_in,,1,,57960,58510,,5,,,,,,,,,,,,,,,,,"21,36","NEW rental,WiMAX HOME 5G L12/L13"
2228,18392,0,0,,,1,カート用通常フラグ,WiMAX HOME 5G L12/L13 Unlimited,1,,,,,,,,*,wh/img001.jpg,*,wh/img001.jpg,,,,,,,,,,,,,,,,,,,,,,,1,1,en_wh_275,,1,,57960,57960,,5,,,,,,,,,,,,,,,,,"21,36","NEW rental,WiMAX HOME 5G L12/L13"
2229,18393,0,0,,,1,カート用通常フラグ,WiMAX HOME 5G L12/L13 Unlimited,1,,,,,,,,*,wh/img001.jpg,*,wh/img001.jpg,,,,,,,,,,,,,,,,,,,,,,,1,1,en_wh_276_in,,1,,58550,59100,,5,,,,,,,,,,,,,,,,,"21,36","NEW rental,WiMAX HOME 5G L12/L13"
2230,18394,0,0,,,1,カート用通常フラグ,WiMAX HOME 5G L12/L13 Unlimited,1,,,,,,,,*,wh/img001.jpg,*,wh/img001.jpg,,,,,,,,,,,,,,,,,,,,,,,1,1,en_wh_276,,1,,58550,58550,,5,,,,,,,,,,,,,,,,,"21,36","NEW rental,WiMAX HOME 5G L12/L13"
2231,18395,0,0,,,1,カート用通常フラグ,WiMAX HOME 5G L12/L13 Unlimited,1,,,,,,,,*,wh/img001.jpg,*,wh/img001.jpg,,,,,,,,,,,,,,,,,,,,,,,1,1,en_wh_277_in,,1,,59140,59690,,5,,,,,,,,,,,,,,,,,"21,36","NEW rental,WiMAX HOME 5G L12/L13"
2232,18396,0,0,,,1,カート用通常フラグ,WiMAX HOME 5G L12/L13 Unlimited,1,,,,,,,,*,wh/img001.jpg,*,wh/img001.jpg,,,,,,,,,,,,,,,,,,,,,,,1,1,en_wh_277,,1,,59140,59140,,5,,,,,,,,,,,,,,,,,"21,36","NEW rental,WiMAX HOME 5G L12/L13"
2233,18397,0,0,,,1,カート用通常フラグ,WiMAX HOME 5G L12/L13 Unlimited,1,,,,,,,,*,wh/img001.jpg,*,wh/img001.jpg,,,,,,,,,,,,,,,,,,,,,,,1,1,en_wh_278_in,,1,,59730,60280,,5,,,,,,,,,,,,,,,,,"21,36","NEW rental,WiMAX HOME 5G L12/L13"
2234,18398,0,0,,,1,カート用通常フラグ,WiMAX HOME 5G L12/L13 Unlimited,1,,,,,,,,*,wh/img001.jpg,*,wh/img001.jpg,,,,,,,,,,,,,,,,,,,,,,,1,1,en_wh_278,,1,,59730,59730,,5,,,,,,,,,,,,,,,,,"21,36","NEW rental,WiMAX HOME 5G L12/L13"
2178,18342,0,0,,,1,カート用通常フラグ,WiMAX HOME 5G L12/L13 Unlimited,1,,,,,,,,*,wh/img001.jpg,*,wh/img001.jpg,,,,,,,,,,,,,,,,,,,,,,,1,1,en_wh_250,,1,,54610,54610,,5,,,,,,,,,,,,,,,,,"21,36","NEW rental,WiMAX HOME 5G L12/L13"
2179,18343,0,0,,,1,カート用通常フラグ,WiMAX HOME 5G L12/L13 Unlimited,1,,,,,,,,*,wh/img001.jpg,*,wh/img001.jpg,,,,,,,,,,,,,,,,,,,,,,,1,1,en_wh_251_in,,1,,55200,55750,,5,,,,,,,,,,,,,,,,,"21,36","NEW rental,WiMAX HOME 5G L12/L13"
2180,18344,0,0,,,1,カート用通常フラグ,WiMAX HOME 5G L12/L13 Unlimited,1,,,,,,,,*,wh/img001.jpg,*,wh/img001.jpg,,,,,,,,,,,,,,,,,,,,,,,1,1,en_wh_251,,1,,55200,55200,,5,,,,,,,,,,,,,,,,,"21,36","NEW rental,WiMAX HOME 5G L12/L13"
2181,18345,0,0,,,1,カート用通常フラグ,WiMAX HOME 5G L12/L13 Unlimited,1,,,,,,,,*,wh/img001.jpg,*,wh/img001.jpg,,,,,,,,,,,,,,,,,,,,,,,1,1,en_wh_271_in,,1,,55600,56150,,5,,,,,,,,,,,,,,,,,"21,36","NEW rental,WiMAX HOME 5G L12/L13"
2182,18346,0,0,,,1,カート用通常フラグ,WiMAX HOME 5G L12/L13 Unlimited,1,,,,,,,,*,wh/img001.jpg,*,wh/img001.jpg,,,,,,,,,,,,,,,,,,,,,,,1,1,en_wh_271,,1,,55600,55600,,5,,,,,,,,,,,,,,,,,"21,36","NEW rental,WiMAX HOME 5G L12/L13"
2183,18347,0,0,,,1,カート用通常フラグ,WiMAX HOME 5G L12/L13 Unlimited,1,,,,,,,,*,wh/img001.jpg,*,wh/img001.jpg,,,,,,,,,,,,,,,,,,,,,,,1,1,en_wh_271_in,,1,,55600,56150,,5,,,,,,,,,,,,,,,,,"21,36","NEW rental,WiMAX HOME 5G L12/L13"
2184,18348,0,0,,,1,カート用通常フラグ,WiMAX HOME 5G L12/L13 Unlimited,1,,,,,,,,*,wh/img001.jpg,*,wh/img001.jpg,,,,,,,,,,,,,,,,,,,,,,,1,1,en_wh_271,,1,,55600,55600,,5,,,,,,,,,,,,,,,,,"21,36","NEW rental,WiMAX HOME 5G L12/L13"
2185,18349,0,0,,,1,カート用通常フラグ,WiMAX HOME 5G L12/L13 Unlimited,1,,,,,,,,*,wh/img001.jpg,*,wh/img001.jpg,,,,,,,,,,,,,,,,,,,,,,,1,1,en_wh_271_in,,1,,55600,56150,,5,,,,,,,,,,,,,,,,,"21,36","NEW rental,WiMAX HOME 5G L12/L13"
2186,18350,0,0,,,1,カート用通常フラグ,WiMAX HOME 5G L12/L13 Unlimited,1,,,,,,,,*,wh/img001.jpg,*,wh/img001.jpg,,,,,,,,,,,,,,,,,,,,,,,1,1,en_wh_271,,1,,55600,55600,,5,,,,,,,,,,,,,,,,,"21,36","NEW rental,WiMAX HOME 5G L12/L13"
2187,18351,0,0,,,1,カート用通常フラグ,WiMAX HOME 5G L12/L13 Unlimited,1,,,,,,,,*,wh/img001.jpg,*,wh/img001.jpg,,,,,,,,,,,,,,,,,,,,,,,1,1,en_wh_271_in,,1,,55600,56150,,5,,,,,,,,,,,,,,,,,"21,36","NEW rental,WiMAX HOME 5G L12/L13"
2188,18352,0,0,,,1,カート用通常フラグ,WiMAX HOME 5G L12/L13 Unlimited,1,,,,,,,,*,wh/img001.jpg,*,wh/img001.jpg,,,,,,,,,,,,,,,,,,,,,,,1,1,en_wh_271,,1,,55600,55600,,5,,,,,,,,,,,,,,,,,"21,36","NEW rental,WiMAX HOME 5G L12/L13"
2189,18353,0,0,,,1,カート用通常フラグ,WiMAX HOME 5G L12/L13 Unlimited,1,,,,,,,,*,wh/img001.jpg,*,wh/img001.jpg,,,,,,,,,,,,,,,,,,,,,,,1,1,en_wh_271_in,,1,,55600,56150,,5,,,,,,,,,,,,,,,,,"21,36","NEW rental,WiMAX HOME 5G L12/L13"
2190,18354,0,0,,,1,カート用通常フラグ,WiMAX HOME 5G L12/L13 Unlimited,1,,,,,,,,*,wh/img001.jpg,*,wh/img001.jpg,,,,,,,,,,,,,,,,,,,,,,,1,1,en_wh_271,,1,,55600,55600,,5,,,,,,,,,,,,,,,,,"21,36","NEW rental,WiMAX HOME 5G L12/L13"
2191,18355,0,0,,,1,カート用通常フラグ,WiMAX HOME 5G L12/L13 Unlimited,1,,,,,,,,*,wh/img001.jpg,*,wh/img001.jpg,,,,,,,,,,,,,,,,,,,,,,,1,1,en_wh_271_in,,1,,55600,56150,,5,,,,,,,,,,,,,,,,,"21,36","NEW rental,WiMAX HOME 5G L12/L13"
2192,18356,0,0,,,1,カート用通常フラグ,WiMAX HOME 5G L12/L13 Unlimited,1,,,,,,,,*,wh/img001.jpg,*,wh/img001.jpg,,,,,,,,,,,,,,,,,,,,,,,1,1,en_wh_271,,1,,55600,55600,,5,,,,,,,,,,,,,,,,,"21,36","NEW rental,WiMAX HOME 5G L12/L13"
2193,18357,0,0,,,1,カート用通常フラグ,WiMAX HOME 5G L12/L13 Unlimited,1,,,,,,,,*,wh/img001.jpg,*,wh/img001.jpg,,,,,,,,,,,,,,,,,,,,,,,1,1,en_wh_271_in,,1,,55600,56150,,5,,,,,,,,,,,,,,,,,"21,36","NEW rental,WiMAX HOME 5G L12/L13"
2194,18358,0,0,,,1,カート用通常フラグ,WiMAX HOME 5G L12/L13 Unlimited,1,,,,,,,,*,wh/img001.jpg,*,wh/img001.jpg,,,,,,,,,,,,,,,,,,,,,,,1,1,en_wh_271,,1,,55600,55600,,5,,,,,,,,,,,,,,,,,"21,36","NEW rental,WiMAX HOME 5G L12/L13"
2195,18359,0,0,,,1,カート用通常フラグ,WiMAX HOME 5G L12/L13 Unlimited,1,,,,,,,,*,wh/img001.jpg,*,wh/img001.jpg,,,,,,,,,,,,,,,,,,,,,,,1,1,en_wh_271_in,,1,,55600,56150,,5,,,,,,,,,,,,,,,,,"21,36","NEW rental,WiMAX HOME 5G L12/L13"
2196,18360,0,0,,,1,カート用通常フラグ,WiMAX HOME 5G L12/L13 Unlimited,1,,,,,,,,*,wh/img001.jpg,*,wh/img001.jpg,,,,,,,,,,,,,,,,,,,,,,,1,1,en_wh_271,,1,,55600,55600,,5,,,,,,,,,,,,,,,,,"21,36","NEW rental,WiMAX HOME 5G L12/L13"
2197,18361,0,0,,,1,カート用通常フラグ,WiMAX HOME 5G L12/L13 Unlimited,1,,,,,,,,*,wh/img001.jpg,*,wh/img001.jpg,,,,,,,,,,,,,,,,,,,,,,,1,1,en_wh_271_in,,1,,55600,56150,,5,,,,,,,,,,,,,,,,,"21,36","NEW rental,WiMAX HOME 5G L12/L13"
2198,18362,0,0,,,1,カート用通常フラグ,WiMAX HOME 5G L12/L13 Unlimited,1,,,,,,,,*,wh/img001.jpg,*,wh/img001.jpg,,,,,,,,,,,,,,,,,,,,,,,1,1,en_wh_271,,1,,55600,55600,,5,,,,,,,,,,,,,,,,,"21,36","NEW rental,WiMAX HOME 5G L12/L13"
2199,18363,0,0,,,1,カート用通常フラグ,WiMAX HOME 5G L12/L13 Unlimited,1,,,,,,,,*,wh/img001.jpg,*,wh/img001.jpg,,,,,,,,,,,,,,,,,,,,,,,1,1,en_wh_271_in,,1,,55600,56150,,5,,,,,,,,,,,,,,,,,"21,36","NEW rental,WiMAX HOME 5G L12/L13"
2200,18364,0,0,,,1,カート用通常フラグ,WiMAX HOME 5G L12/L13 Unlimited,1,,,,,,,,*,wh/img001.jpg,*,wh/img001.jpg,,,,,,,,,,,,,,,,,,,,,,,1,1,en_wh_271,,1,,55600,55600,,5,,,,,,,,,,,,,,,,,"21,36","NEW rental,WiMAX HOME 5G L12/L13"
2201,18365,0,0,,,1,カート用通常フラグ,WiMAX HOME 5G L12/L13 Unlimited,1,,,,,,,,*,wh/img001.jpg,*,wh/img001.jpg,,,,,,,,,,,,,,,,,,,,,,,1,1,en_wh_271_in,,1,,55600,56150,,5,,,,,,,,,,,,,,,,,"21,36","NEW rental,WiMAX HOME 5G L12/L13"
2202,18366,0,0,,,1,カート用通常フラグ,WiMAX HOME 5G L12/L13 Unlimited,1,,,,,,,,*,wh/img001.jpg,*,wh/img001.jpg,,,,,,,,,,,,,,,,,,,,,,,1,1,en_wh_271,,1,,55600,55600,,5,,,,,,,,,,,,,,,,,"21,36","NEW rental,WiMAX HOME 5G L12/L13"
2203,18367,0,0,,,1,カート用通常フラグ,WiMAX HOME 5G L12/L13 Unlimited,1,,,,,,,,*,wh/img001.jpg,*,wh/img001.jpg,,,,,,,,,,,,,,,,,,,,,,,1,1,en_wh_271_in,,1,,55600,56150,,5,,,,,,,,,,,,,,,,,"21,36","NEW rental,WiMAX HOME 5G L12/L13"
2204,18368,0,0,,,1,カート用通常フラグ,WiMAX HOME 5G L12/L13 Unlimited,1,,,,,,,,*,wh/img001.jpg,*,wh/img001.jpg,,,,,,,,,,,,,,,,,,,,,,,1,1,en_wh_271,,1,,55600,55600,,5,,,,,,,,,,,,,,,,,"21,36","NEW rental,WiMAX HOME 5G L12/L13"
2205,18369,0,0,,,1,カート用通常フラグ,WiMAX HOME 5G L12/L13 Unlimited,1,,,,,,,,*,wh/img001.jpg,*,wh/img001.jpg,,,,,,,,,,,,,,,,,,,,,,,1,1,en_wh_271_in,,1,,55600,56150,,5,,,,,,,,,,,,,,,,,"21,36","NEW rental,WiMAX HOME 5G L12/L13"
2149,18313,0,0,,,1,カート用通常フラグ,WiMAX HOME 5G L12/L13 Unlimited,1,,,,,,,,*,wh/img001.jpg,*,wh/img001.jpg,,,,,,,,,,,,,,,,,,,,,,,1,1,en_wh_241_in,,1,,49300,49850,,5,,,,,,,,,,,,,,,,,"21,36","NEW rental,WiMAX HOME 5G L12/L13"
2150,18314,0,0,,,1,カート用通常フラグ,WiMAX HOME 5G L12/L13 Unlimited,1,,,,,,,,*,wh/img001.jpg,*,wh/img001.jpg,,,,,,,,,,,,,,,,,,,,,,,1,1,en_wh_241,,1,,49300,49300,,5,,,,,,,,,,,,,,,,,"21,36","NEW rental,WiMAX HOME 5G L12/L13"
2151,18315,0,0,,,1,カート用通常フラグ,WiMAX HOME 5G L12/L13 Unlimited,1,,,,,,,,*,wh/img001.jpg,*,wh/img001.jpg,,,,,,,,,,,,,,,,,,,,,,,1,1,en_wh_241_in,,1,,49300,49850,,5,,,,,,,,,,,,,,,,,"21,36","NEW rental,WiMAX HOME 5G L12/L13"
2152,18316,0,0,,,1,カート用通常フラグ,WiMAX HOME 5G L12/L13 Unlimited,1,,,,,,,,*,wh/img001.jpg,*,wh/img001.jpg,,,,,,,,,,,,,,,,,,,,,,,1,1,en_wh_241,,1,,49300,49300,,5,,,,,,,,,,,,,,,,,"21,36","NEW rental,WiMAX HOME 5G L12/L13"
2153,18317,0,0,,,1,カート用通常フラグ,WiMAX HOME 5G L12/L13 Unlimited,1,,,,,,,,*,wh/img001.jpg,*,wh/img001.jpg,,,,,,,,,,,,,,,,,,,,,,,1,1,en_wh_241_in,,1,,49300,49850,,5,,,,,,,,,,,,,,,,,"21,36","NEW rental,WiMAX HOME 5G L12/L13"
2154,18318,0,0,,,1,カート用通常フラグ,WiMAX HOME 5G L12/L13 Unlimited,1,,,,,,,,*,wh/img001.jpg,*,wh/img001.jpg,,,,,,,,,,,,,,,,,,,,,,,1,1,en_wh_241,,1,,49300,49300,,5,,,,,,,,,,,,,,,,,"21,36","NEW rental,WiMAX HOME 5G L12/L13"
2155,18319,0,0,,,1,カート用通常フラグ,WiMAX HOME 5G L12/L13 Unlimited,1,,,,,,,,*,wh/img001.jpg,*,wh/img001.jpg,,,,,,,,,,,,,,,,,,,,,,,1,1,en_wh_241_in,,1,,49300,49850,,5,,,,,,,,,,,,,,,,,"21,36","NEW rental,WiMAX HOME 5G L12/L13"
2156,18320,0,0,,,1,カート用通常フラグ,WiMAX HOME 5G L12/L13 Unlimited,1,,,,,,,,*,wh/img001.jpg,*,wh/img001.jpg,,,,,,,,,,,,,,,,,,,,,,,1,1,en_wh_241,,1,,49300,49300,,5,,,,,,,,,,,,,,,,,"21,36","NEW rental,WiMAX HOME 5G L12/L13"
2157,18321,0,0,,,1,カート用通常フラグ,WiMAX HOME 5G L12/L13 Unlimited,1,,,,,,,,*,wh/img001.jpg,*,wh/img001.jpg,,,,,,,,,,,,,,,,,,,,,,,1,1,en_wh_241_in,,1,,49300,49850,,5,,,,,,,,,,,,,,,,,"21,36","NEW rental,WiMAX HOME 5G L12/L13"
2158,18322,0,0,,,1,カート用通常フラグ,WiMAX HOME 5G L12/L13 Unlimited,1,,,,,,,,*,wh/img001.jpg,*,wh/img001.jpg,,,,,,,,,,,,,,,,,,,,,,,1,1,en_wh_241,,1,,49300,49300,,5,,,,,,,,,,,,,,,,,"21,36","NEW rental,WiMAX HOME 5G L12/L13"
2159,18323,0,0,,,1,カート用通常フラグ,WiMAX HOME 5G L12/L13 Unlimited,1,,,,,,,,*,wh/img001.jpg,*,wh/img001.jpg,,,,,,,,,,,,,,,,,,,,,,,1,1,en_wh_241_in,,1,,49300,49850,,5,,,,,,,,,,,,,,,,,"21,36","NEW rental,WiMAX HOME 5G L12/L13"
2160,18324,0,0,,,1,カート用通常フラグ,WiMAX HOME 5G L12/L13 Unlimited,1,,,,,,,,*,wh/img001.jpg,*,wh/img001.jpg,,,,,,,,,,,,,,,,,,,,,,,1,1,en_wh_241,,1,,49300,49300,,5,,,,,,,,,,,,,,,,,"21,36","NEW rental,WiMAX HOME 5G L12/L13"
2161,18325,0,0,,,1,カート用通常フラグ,WiMAX HOME 5G L12/L13 Unlimited,1,,,,,,,,*,wh/img001.jpg,*,wh/img001.jpg,,,,,,,,,,,,,,,,,,,,,,,1,1,en_wh_242_in,,1,,49890,50440,,5,,,,,,,,,,,,,,,,,"21,36","NEW rental,WiMAX HOME 5G L12/L13"
2162,18326,0,0,,,1,カート用通常フラグ,WiMAX HOME 5G L12/L13 Unlimited,1,,,,,,,,*,wh/img001.jpg,*,wh/img001.jpg,,,,,,,,,,,,,,,,,,,,,,,1,1,en_wh_242,,1,,49890,49890,,5,,,,,,,,,,,,,,,,,"21,36","NEW rental,WiMAX HOME 5G L12/L13"
2163,18327,0,0,,,1,カート用通常フラグ,WiMAX HOME 5G L12/L13 Unlimited,1,,,,,,,,*,wh/img001.jpg,*,wh/img001.jpg,,,,,,,,,,,,,,,,,,,,,,,1,1,en_wh_243_in,,1,,50480,51030,,5,,,,,,,,,,,,,,,,,"21,36","NEW rental,WiMAX HOME 5G L12/L13"
2164,18328,0,0,,,1,カート用通常フラグ,WiMAX HOME 5G L12/L13 Unlimited,1,,,,,,,,*,wh/img001.jpg,*,wh/img001.jpg,,,,,,,,,,,,,,,,,,,,,,,1,1,en_wh_243,,1,,50480,50480,,5,,,,,,,,,,,,,,,,,"21,36","NEW rental,WiMAX HOME 5G L12/L13"
2165,18329,0,0,,,1,カート用通常フラグ,WiMAX HOME 5G L12/L13 Unlimited,1,,,,,,,,*,wh/img001.jpg,*,wh/img001.jpg,,,,,,,,,,,,,,,,,,,,,,,1,1,en_wh_244_in,,1,,51070,51620,,5,,,,,,,,,,,,,,,,,"21,36","NEW rental,WiMAX HOME 5G L12/L13"
2166,18330,0,0,,,1,カート用通常フラグ,WiMAX HOME 5G L12/L13 Unlimited,1,,,,,,,,*,wh/img001.jpg,*,wh/img001.jpg,,,,,,,,,,,,,,,,,,,,,,,1,1,en_wh_244,,1,,51070,51070,,5,,,,,,,,,,,,,,,,,"21,36","NEW rental,WiMAX HOME 5G L12/L13"
2167,18331,0,0,,,1,カート用通常フラグ,WiMAX HOME 5G L12/L13 Unlimited,1,,,,,,,,*,wh/img001.jpg,*,wh/img001.jpg,,,,,,,,,,,,,,,,,,,,,,,1,1,en_wh_245_in,,1,,51660,52210,,5,,,,,,,,,,,,,,,,,"21,36","NEW rental,WiMAX HOME 5G L12/L13"
2168,18332,0,0,,,1,カート用通常フラグ,WiMAX HOME 5G L12/L13 Unlimited,1,,,,,,,,*,wh/img001.jpg,*,wh/img001.jpg,,,,,,,,,,,,,,,,,,,,,,,1,1,en_wh_245,,1,,51660,51660,,5,,,,,,,,,,,,,,,,,"21,36","NEW rental,WiMAX HOME 5G L12/L13"
2169,18333,0,0,,,1,カート用通常フラグ,WiMAX HOME 5G L12/L13 Unlimited,1,,,,,,,,*,wh/img001.jpg,*,wh/img001.jpg,,,,,,,,,,,,,,,,,,,,,,,1,1,en_wh_246_in,,1,,52250,52800,,5,,,,,,,,,,,,,,,,,"21,36","NEW rental,WiMAX HOME 5G L12/L13"
2170,18334,0,0,,,1,カート用通常フラグ,WiMAX HOME 5G L12/L13 Unlimited,1,,,,,,,,*,wh/img001.jpg,*,wh/img001.jpg,,,,,,,,,,,,,,,,,,,,,,,1,1,en_wh_246,,1,,52250,52250,,5,,,,,,,,,,,,,,,,,"21,36","NEW rental,WiMAX HOME 5G L12/L13"
2171,18335,0,0,,,1,カート用通常フラグ,WiMAX HOME 5G L12/L13 Unlimited,1,,,,,,,,*,wh/img001.jpg,*,wh/img001.jpg,,,,,,,,,,,,,,,,,,,,,,,1,1,en_wh_247_in,,1,,52840,53390,,5,,,,,,,,,,,,,,,,,"21,36","NEW rental,WiMAX HOME 5G L12/L13"
2172,18336,0,0,,,1,カート用通常フラグ,WiMAX HOME 5G L12/L13 Unlimited,1,,,,,,,,*,wh/img001.jpg,*,wh/img001.jpg,,,,,,,,,,,,,,,,,,,,,,,1,1,en_wh_247,,1,,52840,52840,,5,,,,,,,,,,,,,,,,,"21,36","NEW rental,WiMAX HOME 5G L12/L13"
2173,18337,0,0,,,1,カート用通常フラグ,WiMAX HOME 5G L12/L13 Unlimited,1,,,,,,,,*,wh/img001.jpg,*,wh/img001.jpg,,,,,,,,,,,,,,,,,,,,,,,1,1,en_wh_248_in,,1,,53430,53980,,5,,,,,,,,,,,,,,,,,"21,36","NEW rental,WiMAX HOME 5G L12/L13"
2174,18338,0,0,,,1,カート用通常フラグ,WiMAX HOME 5G L12/L13 Unlimited,1,,,,,,,,*,wh/img001.jpg,*,wh/img001.jpg,,,,,,,,,,,,,,,,,,,,,,,1,1,en_wh_248,,1,,53430,53430,,5,,,,,,,,,,,,,,,,,"21,36","NEW rental,WiMAX HOME 5G L12/L13"
2175,18339,0,0,,,1,カート用通常フラグ,WiMAX HOME 5G L12/L13 Unlimited,1,,,,,,,,*,wh/img001.jpg,*,wh/img001.jpg,,,,,,,,,,,,,,,,,,,,,,,1,1,en_wh_249_in,,1,,54020,54570,,5,,,,,,,,,,,,,,,,,"21,36","NEW rental,WiMAX HOME 5G L12/L13"
2176,18340,0,0,,,1,カート用通常フラグ,WiMAX HOME 5G L12/L13 Unlimited,1,,,,,,,,*,wh/img001.jpg,*,wh/img001.jpg,,,,,,,,,,,,,,,,,,,,,,,1,1,en_wh_249,,1,,54020,54020,,5,,,,,,,,,,,,,,,,,"21,36","NEW rental,WiMAX HOME 5G L12/L13"
2177,18341,0,0,,,1,カート用通常フラグ,WiMAX HOME 5G L12/L13 Unlimited,1,,,,,,,,*,wh/img001.jpg,*,wh/img001.jpg,,,,,,,,,,,,,,,,,,,,,,,1,1,en_wh_250_in,,1,,54610,55160,,5,,,,,,,,,,,,,,,,,"21,36","NEW rental,WiMAX HOME 5G L12/L13"
2119,18283,0,0,,,1,カート用通常フラグ,WiMAX HOME 5G L12/L13 Unlimited,1,,,,,,,,*,wh/img001.jpg,*,wh/img001.jpg,,,,,,,,,,,,,,,,,,,,,,,1,1,en_wh_221_in,,1,,48350,48900,,5,,,,,,,,,,,,,,,,,"21,36","NEW rental,WiMAX HOME 5G L12/L13"
2120,18284,0,0,,,1,カート用通常フラグ,WiMAX HOME 5G L12/L13 Unlimited,1,,,,,,,,*,wh/img001.jpg,*,wh/img001.jpg,,,,,,,,,,,,,,,,,,,,,,,1,1,en_wh_221,,1,,48350,48350,,5,,,,,,,,,,,,,,,,,"21,36","NEW rental,WiMAX HOME 5G L12/L13"
2121,18285,0,0,,,1,カート用通常フラグ,WiMAX HOME 5G L12/L13 Unlimited,1,,,,,,,,*,wh/img001.jpg,*,wh/img001.jpg,,,,,,,,,,,,,,,,,,,,,,,1,1,en_wh_222_in,,1,,48940,49490,,5,,,,,,,,,,,,,,,,,"21,36","NEW rental,WiMAX HOME 5G L12/L13"
2122,18286,0,0,,,1,カート用通常フラグ,WiMAX HOME 5G L12/L13 Unlimited,1,,,,,,,,*,wh/img001.jpg,*,wh/img001.jpg,,,,,,,,,,,,,,,,,,,,,,,1,1,en_wh_222,,1,,48940,48940,,5,,,,,,,,,,,,,,,,,"21,36","NEW rental,WiMAX HOME 5G L12/L13"
2123,18287,0,0,,,1,カート用通常フラグ,WiMAX HOME 5G L12/L13 Unlimited,1,,,,,,,,*,wh/img001.jpg,*,wh/img001.jpg,,,,,,,,,,,,,,,,,,,,,,,1,1,en_wh_241_in,,1,,49300,49850,,5,,,,,,,,,,,,,,,,,"21,36","NEW rental,WiMAX HOME 5G L12/L13"
2124,18288,0,0,,,1,カート用通常フラグ,WiMAX HOME 5G L12/L13 Unlimited,1,,,,,,,,*,wh/img001.jpg,*,wh/img001.jpg,,,,,,,,,,,,,,,,,,,,,,,1,1,en_wh_241,,1,,49300,49300,,5,,,,,,,,,,,,,,,,,"21,36","NEW rental,WiMAX HOME 5G L12/L13"
2125,18289,0,0,,,1,カート用通常フラグ,WiMAX HOME 5G L12/L13 Unlimited,1,,,,,,,,*,wh/img001.jpg,*,wh/img001.jpg,,,,,,,,,,,,,,,,,,,,,,,1,1,en_wh_241_in,,1,,49300,49850,,5,,,,,,,,,,,,,,,,,"21,36","NEW rental,WiMAX HOME 5G L12/L13"
2126,18290,0,0,,,1,カート用通常フラグ,WiMAX HOME 5G L12/L13 Unlimited,1,,,,,,,,*,wh/img001.jpg,*,wh/img001.jpg,,,,,,,,,,,,,,,,,,,,,,,1,1,en_wh_241,,1,,49300,49300,,5,,,,,,,,,,,,,,,,,"21,36","NEW rental,WiMAX HOME 5G L12/L13"
2127,18291,0,0,,,1,カート用通常フラグ,WiMAX HOME 5G L12/L13 Unlimited,1,,,,,,,,*,wh/img001.jpg,*,wh/img001.jpg,,,,,,,,,,,,,,,,,,,,,,,1,1,en_wh_241_in,,1,,49300,49850,,5,,,,,,,,,,,,,,,,,"21,36","NEW rental,WiMAX HOME 5G L12/L13"
2128,18292,0,0,,,1,カート用通常フラグ,WiMAX HOME 5G L12/L13 Unlimited,1,,,,,,,,*,wh/img001.jpg,*,wh/img001.jpg,,,,,,,,,,,,,,,,,,,,,,,1,1,en_wh_241,,1,,49300,49300,,5,,,,,,,,,,,,,,,,,"21,36","NEW rental,WiMAX HOME 5G L12/L13"
2129,18293,0,0,,,1,カート用通常フラグ,WiMAX HOME 5G L12/L13 Unlimited,1,,,,,,,,*,wh/img001.jpg,*,wh/img001.jpg,,,,,,,,,,,,,,,,,,,,,,,1,1,en_wh_241_in,,1,,49300,49850,,5,,,,,,,,,,,,,,,,,"21,36","NEW rental,WiMAX HOME 5G L12/L13"
2130,18294,0,0,,,1,カート用通常フラグ,WiMAX HOME 5G L12/L13 Unlimited,1,,,,,,,,*,wh/img001.jpg,*,wh/img001.jpg,,,,,,,,,,,,,,,,,,,,,,,1,1,en_wh_241,,1,,49300,49300,,5,,,,,,,,,,,,,,,,,"21,36","NEW rental,WiMAX HOME 5G L12/L13"
2131,18295,0,0,,,1,カート用通常フラグ,WiMAX HOME 5G L12/L13 Unlimited,1,,,,,,,,*,wh/img001.jpg,*,wh/img001.jpg,,,,,,,,,,,,,,,,,,,,,,,1,1,en_wh_241_in,,1,,49300,49850,,5,,,,,,,,,,,,,,,,,"21,36","NEW rental,WiMAX HOME 5G L12/L13"
2132,18296,0,0,,,1,カート用通常フラグ,WiMAX HOME 5G L12/L13 Unlimited,1,,,,,,,,*,wh/img001.jpg,*,wh/img001.jpg,,,,,,,,,,,,,,,,,,,,,,,1,1,en_wh_241,,1,,49300,49300,,5,,,,,,,,,,,,,,,,,"21,36","NEW rental,WiMAX HOME 5G L12/L13"
2133,18297,0,0,,,1,カート用通常フラグ,WiMAX HOME 5G L12/L13 Unlimited,1,,,,,,,,*,wh/img001.jpg,*,wh/img001.jpg,,,,,,,,,,,,,,,,,,,,,,,1,1,en_wh_241_in,,1,,49300,49850,,5,,,,,,,,,,,,,,,,,"21,36","NEW rental,WiMAX HOME 5G L12/L13"
2134,18298,0,0,,,1,カート用通常フラグ,WiMAX HOME 5G L12/L13 Unlimited,1,,,,,,,,*,wh/img001.jpg,*,wh/img001.jpg,,,,,,,,,,,,,,,,,,,,,,,1,1,en_wh_241,,1,,49300,49300,,5,,,,,,,,,,,,,,,,,"21,36","NEW rental,WiMAX HOME 5G L12/L13"
2135,18299,0,0,,,1,カート用通常フラグ,WiMAX HOME 5G L12/L13 Unlimited,1,,,,,,,,*,wh/img001.jpg,*,wh/img001.jpg,,,,,,,,,,,,,,,,,,,,,,,1,1,en_wh_241_in,,1,,49300,49850,,5,,,,,,,,,,,,,,,,,"21,36","NEW rental,WiMAX HOME 5G L12/L13"
2136,18300,0,0,,,1,カート用通常フラグ,WiMAX HOME 5G L12/L13 Unlimited,1,,,,,,,,*,wh/img001.jpg,*,wh/img001.jpg,,,,,,,,,,,,,,,,,,,,,,,1,1,en_wh_241,,1,,49300,49300,,5,,,,,,,,,,,,,,,,,"21,36","NEW rental,WiMAX HOME 5G L12/L13"
2137,18301,0,0,,,1,カート用通常フラグ,WiMAX HOME 5G L12/L13 Unlimited,1,,,,,,,,*,wh/img001.jpg,*,wh/img001.jpg,,,,,,,,,,,,,,,,,,,,,,,1,1,en_wh_241_in,,1,,49300,49850,,5,,,,,,,,,,,,,,,,,"21,36","NEW rental,WiMAX HOME 5G L12/L13"
2138,18302,0,0,,,1,カート用通常フラグ,WiMAX HOME 5G L12/L13 Unlimited,1,,,,,,,,*,wh/img001.jpg,*,wh/img001.jpg,,,,,,,,,,,,,,,,,,,,,,,1,1,en_wh_241,,1,,49300,49300,,5,,,,,,,,,,,,,,,,,"21,36","NEW rental,WiMAX HOME 5G L12/L13"
2139,18303,0,0,,,1,カート用通常フラグ,WiMAX HOME 5G L12/L13 Unlimited,1,,,,,,,,*,wh/img001.jpg,*,wh/img001.jpg,,,,,,,,,,,,,,,,,,,,,,,1,1,en_wh_241_in,,1,,49300,49850,,5,,,,,,,,,,,,,,,,,"21,36","NEW rental,WiMAX HOME 5G L12/L13"
2140,18304,0,0,,,1,カート用通常フラグ,WiMAX HOME 5G L12/L13 Unlimited,1,,,,,,,,*,wh/img001.jpg,*,wh/img001.jpg,,,,,,,,,,,,,,,,,,,,,,,1,1,en_wh_241,,1,,49300,49300,,5,,,,,,,,,,,,,,,,,"21,36","NEW rental,WiMAX HOME 5G L12/L13"
2141,18305,0,0,,,1,カート用通常フラグ,WiMAX HOME 5G L12/L13 Unlimited,1,,,,,,,,*,wh/img001.jpg,*,wh/img001.jpg,,,,,,,,,,,,,,,,,,,,,,,1,1,en_wh_241_in,,1,,49300,49850,,5,,,,,,,,,,,,,,,,,"21,36","NEW rental,WiMAX HOME 5G L12/L13"
2142,18306,0,0,,,1,カート用通常フラグ,WiMAX HOME 5G L12/L13 Unlimited,1,,,,,,,,*,wh/img001.jpg,*,wh/img001.jpg,,,,,,,,,,,,,,,,,,,,,,,1,1,en_wh_241,,1,,49300,49300,,5,,,,,,,,,,,,,,,,,"21,36","NEW rental,WiMAX HOME 5G L12/L13"
2143,18307,0,0,,,1,カート用通常フラグ,WiMAX HOME 5G L12/L13 Unlimited,1,,,,,,,,*,wh/img001.jpg,*,wh/img001.jpg,,,,,,,,,,,,,,,,,,,,,,,1,1,en_wh_241_in,,1,,49300,49850,,5,,,,,,,,,,,,,,,,,"21,36","NEW rental,WiMAX HOME 5G L12/L13"
2144,18308,0,0,,,1,カート用通常フラグ,WiMAX HOME 5G L12/L13 Unlimited,1,,,,,,,,*,wh/img001.jpg,*,wh/img001.jpg,,,,,,,,,,,,,,,,,,,,,,,1,1,en_wh_241,,1,,49300,49300,,5,,,,,,,,,,,,,,,,,"21,36","NEW rental,WiMAX HOME 5G L12/L13"
2145,18309,0,0,,,1,カート用通常フラグ,WiMAX HOME 5G L12/L13 Unlimited,1,,,,,,,,*,wh/img001.jpg,*,wh/img001.jpg,,,,,,,,,,,,,,,,,,,,,,,1,1,en_wh_241_in,,1,,49300,49850,,5,,,,,,,,,,,,,,,,,"21,36","NEW rental,WiMAX HOME 5G L12/L13"
2146,18310,0,0,,,1,カート用通常フラグ,WiMAX HOME 5G L12/L13 Unlimited,1,,,,,,,,*,wh/img001.jpg,*,wh/img001.jpg,,,,,,,,,,,,,,,,,,,,,,,1,1,en_wh_241,,1,,49300,49300,,5,,,,,,,,,,,,,,,,,"21,36","NEW rental,WiMAX HOME 5G L12/L13"
2147,18311,0,0,,,1,カート用通常フラグ,WiMAX HOME 5G L12/L13 Unlimited,1,,,,,,,,*,wh/img001.jpg,*,wh/img001.jpg,,,,,,,,,,,,,,,,,,,,,,,1,1,en_wh_241_in,,1,,49300,49850,,5,,,,,,,,,,,,,,,,,"21,36","NEW rental,WiMAX HOME 5G L12/L13"
2148,18312,0,0,,,1,カート用通常フラグ,WiMAX HOME 5G L12/L13 Unlimited,1,,,,,,,,*,wh/img001.jpg,*,wh/img001.jpg,,,,,,,,,,,,,,,,,,,,,,,1,1,en_wh_241,,1,,49300,49300,,5,,,,,,,,,,,,,,,,,"21,36","NEW rental,WiMAX HOME 5G L12/L13"
2088,18252,0,0,,,1,カート用通常フラグ,WiMAX HOME 5G L12/L13 Unlimited,1,,,,,,,,*,wh/img001.jpg,*,wh/img001.jpg,,,,,,,,,,,,,,,,,,,,,,,1,1,en_wh_211,,1,,42450,42450,,5,,,,,,,,,,,,,,,,,"21,36","NEW rental,WiMAX HOME 5G L12/L13"
2089,18253,0,0,,,1,カート用通常フラグ,WiMAX HOME 5G L12/L13 Unlimited,1,,,,,,,,*,wh/img001.jpg,*,wh/img001.jpg,,,,,,,,,,,,,,,,,,,,,,,1,1,en_wh_211_in,,1,,42450,43000,,5,,,,,,,,,,,,,,,,,"21,36","NEW rental,WiMAX HOME 5G L12/L13"
2090,18254,0,0,,,1,カート用通常フラグ,WiMAX HOME 5G L12/L13 Unlimited,1,,,,,,,,*,wh/img001.jpg,*,wh/img001.jpg,,,,,,,,,,,,,,,,,,,,,,,1,1,en_wh_211,,1,,42450,42450,,5,,,,,,,,,,,,,,,,,"21,36","NEW rental,WiMAX HOME 5G L12/L13"
2091,18255,0,0,,,1,カート用通常フラグ,WiMAX HOME 5G L12/L13 Unlimited,1,,,,,,,,*,wh/img001.jpg,*,wh/img001.jpg,,,,,,,,,,,,,,,,,,,,,,,1,1,en_wh_211_in,,1,,42450,43000,,5,,,,,,,,,,,,,,,,,"21,36","NEW rental,WiMAX HOME 5G L12/L13"
2092,18256,0,0,,,1,カート用通常フラグ,WiMAX HOME 5G L12/L13 Unlimited,1,,,,,,,,*,wh/img001.jpg,*,wh/img001.jpg,,,,,,,,,,,,,,,,,,,,,,,1,1,en_wh_211,,1,,42450,42450,,5,,,,,,,,,,,,,,,,,"21,36","NEW rental,WiMAX HOME 5G L12/L13"
2093,18257,0,0,,,1,カート用通常フラグ,WiMAX HOME 5G L12/L13 Unlimited,1,,,,,,,,*,wh/img001.jpg,*,wh/img001.jpg,,,,,,,,,,,,,,,,,,,,,,,1,1,en_wh_211_in,,1,,42450,43000,,5,,,,,,,,,,,,,,,,,"21,36","NEW rental,WiMAX HOME 5G L12/L13"
2094,18258,0,0,,,1,カート用通常フラグ,WiMAX HOME 5G L12/L13 Unlimited,1,,,,,,,,*,wh/img001.jpg,*,wh/img001.jpg,,,,,,,,,,,,,,,,,,,,,,,1,1,en_wh_211,,1,,42450,42450,,5,,,,,,,,,,,,,,,,,"21,36","NEW rental,WiMAX HOME 5G L12/L13"
2095,18259,0,0,,,1,カート用通常フラグ,WiMAX HOME 5G L12/L13 Unlimited,1,,,,,,,,*,wh/img001.jpg,*,wh/img001.jpg,,,,,,,,,,,,,,,,,,,,,,,1,1,en_wh_211_in,,1,,42450,43000,,5,,,,,,,,,,,,,,,,,"21,36","NEW rental,WiMAX HOME 5G L12/L13"
2096,18260,0,0,,,1,カート用通常フラグ,WiMAX HOME 5G L12/L13 Unlimited,1,,,,,,,,*,wh/img001.jpg,*,wh/img001.jpg,,,,,,,,,,,,,,,,,,,,,,,1,1,en_wh_211,,1,,42450,42450,,5,,,,,,,,,,,,,,,,,"21,36","NEW rental,WiMAX HOME 5G L12/L13"
2097,18261,0,0,,,1,カート用通常フラグ,WiMAX HOME 5G L12/L13 Unlimited,1,,,,,,,,*,wh/img001.jpg,*,wh/img001.jpg,,,,,,,,,,,,,,,,,,,,,,,1,1,en_wh_211_in,,1,,42450,43000,,5,,,,,,,,,,,,,,,,,"21,36","NEW rental,WiMAX HOME 5G L12/L13"
2098,18262,0,0,,,1,カート用通常フラグ,WiMAX HOME 5G L12/L13 Unlimited,1,,,,,,,,*,wh/img001.jpg,*,wh/img001.jpg,,,,,,,,,,,,,,,,,,,,,,,1,1,en_wh_211,,1,,42450,42450,,5,,,,,,,,,,,,,,,,,"21,36","NEW rental,WiMAX HOME 5G L12/L13"
2099,18263,0,0,,,1,カート用通常フラグ,WiMAX HOME 5G L12/L13 Unlimited,1,,,,,,,,*,wh/img001.jpg,*,wh/img001.jpg,,,,,,,,,,,,,,,,,,,,,,,1,1,en_wh_211_in,,1,,42450,43000,,5,,,,,,,,,,,,,,,,,"21,36","NEW rental,WiMAX HOME 5G L12/L13"
2100,18264,0,0,,,1,カート用通常フラグ,WiMAX HOME 5G L12/L13 Unlimited,1,,,,,,,,*,wh/img001.jpg,*,wh/img001.jpg,,,,,,,,,,,,,,,,,,,,,,,1,1,en_wh_211,,1,,42450,42450,,5,,,,,,,,,,,,,,,,,"21,36","NEW rental,WiMAX HOME 5G L12/L13"
2101,18265,0,0,,,1,カート用通常フラグ,WiMAX HOME 5G L12/L13 Unlimited,1,,,,,,,,*,wh/img001.jpg,*,wh/img001.jpg,,,,,,,,,,,,,,,,,,,,,,,1,1,en_wh_212_in,,1,,43040,43590,,5,,,,,,,,,,,,,,,,,"21,36","NEW rental,WiMAX HOME 5G L12/L13"
2102,18266,0,0,,,1,カート用通常フラグ,WiMAX HOME 5G L12/L13 Unlimited,1,,,,,,,,*,wh/img001.jpg,*,wh/img001.jpg,,,,,,,,,,,,,,,,,,,,,,,1,1,en_wh_212,,1,,43040,43040,,5,,,,,,,,,,,,,,,,,"21,36","NEW rental,WiMAX HOME 5G L12/L13"
2103,18267,0,0,,,1,カート用通常フラグ,WiMAX HOME 5G L12/L13 Unlimited,1,,,,,,,,*,wh/img001.jpg,*,wh/img001.jpg,,,,,,,,,,,,,,,,,,,,,,,1,1,en_wh_213_in,,1,,43630,44180,,5,,,,,,,,,,,,,,,,,"21,36","NEW rental,WiMAX HOME 5G L12/L13"
2104,18268,0,0,,,1,カート用通常フラグ,WiMAX HOME 5G L12/L13 Unlimited,1,,,,,,,,*,wh/img001.jpg,*,wh/img001.jpg,,,,,,,,,,,,,,,,,,,,,,,1,1,en_wh_213,,1,,43630,43630,,5,,,,,,,,,,,,,,,,,"21,36","NEW rental,WiMAX HOME 5G L12/L13"
2105,18269,0,0,,,1,カート用通常フラグ,WiMAX HOME 5G L12/L13 Unlimited,1,,,,,,,,*,wh/img001.jpg,*,wh/img001.jpg,,,,,,,,,,,,,,,,,,,,,,,1,1,en_wh_214_in,,1,,44220,44770,,5,,,,,,,,,,,,,,,,,"21,36","NEW rental,WiMAX HOME 5G L12/L13"
2106,18270,0,0,,,1,カート用通常フラグ,WiMAX HOME 5G L12/L13 Unlimited,1,,,,,,,,*,wh/img001.jpg,*,wh/img001.jpg,,,,,,,,,,,,,,,,,,,,,,,1,1,en_wh_214,,1,,44220,44220,,5,,,,,,,,,,,,,,,,,"21,36","NEW rental,WiMAX HOME 5G L12/L13"
2107,18271,0,0,,,1,カート用通常フラグ,WiMAX HOME 5G L12/L13 Unlimited,1,,,,,,,,*,wh/img001.jpg,*,wh/img001.jpg,,,,,,,,,,,,,,,,,,,,,,,1,1,en_wh_215_in,,1,,44810,45360,,5,,,,,,,,,,,,,,,,,"21,36","NEW rental,WiMAX HOME 5G L12/L13"
2108,18272,0,0,,,1,カート用通常フラグ,WiMAX HOME 5G L12/L13 Unlimited,1,,,,,,,,*,wh/img001.jpg,*,wh/img001.jpg,,,,,,,,,,,,,,,,,,,,,,,1,1,en_wh_215,,1,,44810,44810,,5,,,,,,,,,,,,,,,,,"21,36","NEW rental,WiMAX HOME 5G L12/L13"
2109,18273,0,0,,,1,カート用通常フラグ,WiMAX HOME 5G L12/L13 Unlimited,1,,,,,,,,*,wh/img001.jpg,*,wh/img001.jpg,,,,,,,,,,,,,,,,,,,,,,,1,1,en_wh_216_in,,1,,45400,45950,,5,,,,,,,,,,,,,,,,,"21,36","NEW rental,WiMAX HOME 5G L12/L13"
2110,18274,0,0,,,1,カート用通常フラグ,WiMAX HOME 5G L12/L13 Unlimited,1,,,,,,,,*,wh/img001.jpg,*,wh/img001.jpg,,,,,,,,,,,,,,,,,,,,,,,1,1,en_wh_216,,1,,45400,45400,,5,,,,,,,,,,,,,,,,,"21,36","NEW rental,WiMAX HOME 5G L12/L13"
2111,18275,0,0,,,1,カート用通常フラグ,WiMAX HOME 5G L12/L13 Unlimited,1,,,,,,,,*,wh/img001.jpg,*,wh/img001.jpg,,,,,,,,,,,,,,,,,,,,,,,1,1,en_wh_217_in,,1,,45990,46540,,5,,,,,,,,,,,,,,,,,"21,36","NEW rental,WiMAX HOME 5G L12/L13"
2112,18276,0,0,,,1,カート用通常フラグ,WiMAX HOME 5G L12/L13 Unlimited,1,,,,,,,,*,wh/img001.jpg,*,wh/img001.jpg,,,,,,,,,,,,,,,,,,,,,,,1,1,en_wh_217,,1,,45990,45990,,5,,,,,,,,,,,,,,,,,"21,36","NEW rental,WiMAX HOME 5G L12/L13"
2113,18277,0,0,,,1,カート用通常フラグ,WiMAX HOME 5G L12/L13 Unlimited,1,,,,,,,,*,wh/img001.jpg,*,wh/img001.jpg,,,,,,,,,,,,,,,,,,,,,,,1,1,en_wh_218_in,,1,,46580,47130,,5,,,,,,,,,,,,,,,,,"21,36","NEW rental,WiMAX HOME 5G L12/L13"
2114,18278,0,0,,,1,カート用通常フラグ,WiMAX HOME 5G L12/L13 Unlimited,1,,,,,,,,*,wh/img001.jpg,*,wh/img001.jpg,,,,,,,,,,,,,,,,,,,,,,,1,1,en_wh_218,,1,,46580,46580,,5,,,,,,,,,,,,,,,,,"21,36","NEW rental,WiMAX HOME 5G L12/L13"
2115,18279,0,0,,,1,カート用通常フラグ,WiMAX HOME 5G L12/L13 Unlimited,1,,,,,,,,*,wh/img001.jpg,*,wh/img001.jpg,,,,,,,,,,,,,,,,,,,,,,,1,1,en_wh_219_in,,1,,47170,47720,,5,,,,,,,,,,,,,,,,,"21,36","NEW rental,WiMAX HOME 5G L12/L13"
2116,18280,0,0,,,1,カート用通常フラグ,WiMAX HOME 5G L12/L13 Unlimited,1,,,,,,,,*,wh/img001.jpg,*,wh/img001.jpg,,,,,,,,,,,,,,,,,,,,,,,1,1,en_wh_219,,1,,47170,47170,,5,,,,,,,,,,,,,,,,,"21,36","NEW rental,WiMAX HOME 5G L12/L13"
2117,18281,0,0,,,1,カート用通常フラグ,WiMAX HOME 5G L12/L13 Unlimited,1,,,,,,,,*,wh/img001.jpg,*,wh/img001.jpg,,,,,,,,,,,,,,,,,,,,,,,1,1,en_wh_220_in,,1,,47760,48310,,5,,,,,,,,,,,,,,,,,"21,36","NEW rental,WiMAX HOME 5G L12/L13"
2118,18282,0,0,,,1,カート用通常フラグ,WiMAX HOME 5G L12/L13 Unlimited,1,,,,,,,,*,wh/img001.jpg,*,wh/img001.jpg,,,,,,,,,,,,,,,,,,,,,,,1,1,en_wh_220,,1,,47760,47760,,5,,,,,,,,,,,,,,,,,"21,36","NEW rental,WiMAX HOME 5G L12/L13"
2058,18222,0,0,,,1,カート用通常フラグ,WiMAX HOME 5G L12/L13 Unlimited,1,,,,,,,,*,wh/img001.jpg,*,wh/img001.jpg,,,,,,,,,,,,,,,,,,,,,,,1,1,en_wh_190,,1,,39500,39500,,5,,,,,,,,,,,,,,,,,"21,36","NEW rental,WiMAX HOME 5G L12/L13"
2059,18223,0,0,,,1,カート用通常フラグ,WiMAX HOME 5G L12/L13 Unlimited,1,,,,,,,,*,wh/img001.jpg,*,wh/img001.jpg,,,,,,,,,,,,,,,,,,,,,,,1,1,en_wh_191_in,,1,,40090,40640,,5,,,,,,,,,,,,,,,,,"21,36","NEW rental,WiMAX HOME 5G L12/L13"
2060,18224,0,0,,,1,カート用通常フラグ,WiMAX HOME 5G L12/L13 Unlimited,1,,,,,,,,*,wh/img001.jpg,*,wh/img001.jpg,,,,,,,,,,,,,,,,,,,,,,,1,1,en_wh_191,,1,,40090,40090,,5,,,,,,,,,,,,,,,,,"21,36","NEW rental,WiMAX HOME 5G L12/L13"
2061,18225,0,0,,,1,カート用通常フラグ,WiMAX HOME 5G L12/L13 Unlimited,1,,,,,,,,*,wh/img001.jpg,*,wh/img001.jpg,,,,,,,,,,,,,,,,,,,,,,,1,1,en_wh_192_in,,1,,40680,41230,,5,,,,,,,,,,,,,,,,,"21,36","NEW rental,WiMAX HOME 5G L12/L13"
2062,18226,0,0,,,1,カート用通常フラグ,WiMAX HOME 5G L12/L13 Unlimited,1,,,,,,,,*,wh/img001.jpg,*,wh/img001.jpg,,,,,,,,,,,,,,,,,,,,,,,1,1,en_wh_192,,1,,40680,40680,,5,,,,,,,,,,,,,,,,,"21,36","NEW rental,WiMAX HOME 5G L12/L13"
2063,18227,0,0,,,1,カート用通常フラグ,WiMAX HOME 5G L12/L13 Unlimited,1,,,,,,,,*,wh/img001.jpg,*,wh/img001.jpg,,,,,,,,,,,,,,,,,,,,,,,1,1,en_wh_193_in,,1,,41270,41820,,5,,,,,,,,,,,,,,,,,"21,36","NEW rental,WiMAX HOME 5G L12/L13"
2064,18228,0,0,,,1,カート用通常フラグ,WiMAX HOME 5G L12/L13 Unlimited,1,,,,,,,,*,wh/img001.jpg,*,wh/img001.jpg,,,,,,,,,,,,,,,,,,,,,,,1,1,en_wh_193,,1,,41270,41270,,5,,,,,,,,,,,,,,,,,"21,36","NEW rental,WiMAX HOME 5G L12/L13"
2065,18229,0,0,,,1,カート用通常フラグ,WiMAX HOME 5G L12/L13 Unlimited,1,,,,,,,,*,wh/img001.jpg,*,wh/img001.jpg,,,,,,,,,,,,,,,,,,,,,,,1,1,en_wh_194_in,,1,,41860,42410,,5,,,,,,,,,,,,,,,,,"21,36","NEW rental,WiMAX HOME 5G L12/L13"
2066,18230,0,0,,,1,カート用通常フラグ,WiMAX HOME 5G L12/L13 Unlimited,1,,,,,,,,*,wh/img001.jpg,*,wh/img001.jpg,,,,,,,,,,,,,,,,,,,,,,,1,1,en_wh_194,,1,,41860,41860,,5,,,,,,,,,,,,,,,,,"21,36","NEW rental,WiMAX HOME 5G L12/L13"
2067,18231,0,0,,,1,カート用通常フラグ,WiMAX HOME 5G L12/L13 Unlimited,1,,,,,,,,*,wh/img001.jpg,*,wh/img001.jpg,,,,,,,,,,,,,,,,,,,,,,,1,1,en_wh_211_in,,1,,42450,43000,,5,,,,,,,,,,,,,,,,,"21,36","NEW rental,WiMAX HOME 5G L12/L13"
2068,18232,0,0,,,1,カート用通常フラグ,WiMAX HOME 5G L12/L13 Unlimited,1,,,,,,,,*,wh/img001.jpg,*,wh/img001.jpg,,,,,,,,,,,,,,,,,,,,,,,1,1,en_wh_211,,1,,42450,42450,,5,,,,,,,,,,,,,,,,,"21,36","NEW rental,WiMAX HOME 5G L12/L13"
2069,18233,0,0,,,1,カート用通常フラグ,WiMAX HOME 5G L12/L13 Unlimited,1,,,,,,,,*,wh/img001.jpg,*,wh/img001.jpg,,,,,,,,,,,,,,,,,,,,,,,1,1,en_wh_211_in,,1,,42450,43000,,5,,,,,,,,,,,,,,,,,"21,36","NEW rental,WiMAX HOME 5G L12/L13"
2070,18234,0,0,,,1,カート用通常フラグ,WiMAX HOME 5G L12/L13 Unlimited,1,,,,,,,,*,wh/img001.jpg,*,wh/img001.jpg,,,,,,,,,,,,,,,,,,,,,,,1,1,en_wh_211,,1,,42450,42450,,5,,,,,,,,,,,,,,,,,"21,36","NEW rental,WiMAX HOME 5G L12/L13"
2071,18235,0,0,,,1,カート用通常フラグ,WiMAX HOME 5G L12/L13 Unlimited,1,,,,,,,,*,wh/img001.jpg,*,wh/img001.jpg,,,,,,,,,,,,,,,,,,,,,,,1,1,en_wh_211_in,,1,,42450,43000,,5,,,,,,,,,,,,,,,,,"21,36","NEW rental,WiMAX HOME 5G L12/L13"
2072,18236,0,0,,,1,カート用通常フラグ,WiMAX HOME 5G L12/L13 Unlimited,1,,,,,,,,*,wh/img001.jpg,*,wh/img001.jpg,,,,,,,,,,,,,,,,,,,,,,,1,1,en_wh_211,,1,,42450,42450,,5,,,,,,,,,,,,,,,,,"21,36","NEW rental,WiMAX HOME 5G L12/L13"
2073,18237,0,0,,,1,カート用通常フラグ,WiMAX HOME 5G L12/L13 Unlimited,1,,,,,,,,*,wh/img001.jpg,*,wh/img001.jpg,,,,,,,,,,,,,,,,,,,,,,,1,1,en_wh_211_in,,1,,42450,43000,,5,,,,,,,,,,,,,,,,,"21,36","NEW rental,WiMAX HOME 5G L12/L13"
2074,18238,0,0,,,1,カート用通常フラグ,WiMAX HOME 5G L12/L13 Unlimited,1,,,,,,,,*,wh/img001.jpg,*,wh/img001.jpg,,,,,,,,,,,,,,,,,,,,,,,1,1,en_wh_211,,1,,42450,42450,,5,,,,,,,,,,,,,,,,,"21,36","NEW rental,WiMAX HOME 5G L12/L13"
2075,18239,0,0,,,1,カート用通常フラグ,WiMAX HOME 5G L12/L13 Unlimited,1,,,,,,,,*,wh/img001.jpg,*,wh/img001.jpg,,,,,,,,,,,,,,,,,,,,,,,1,1,en_wh_211_in,,1,,42450,43000,,5,,,,,,,,,,,,,,,,,"21,36","NEW rental,WiMAX HOME 5G L12/L13"
2076,18240,0,0,,,1,カート用通常フラグ,WiMAX HOME 5G L12/L13 Unlimited,1,,,,,,,,*,wh/img001.jpg,*,wh/img001.jpg,,,,,,,,,,,,,,,,,,,,,,,1,1,en_wh_211,,1,,42450,42450,,5,,,,,,,,,,,,,,,,,"21,36","NEW rental,WiMAX HOME 5G L12/L13"
2077,18241,0,0,,,1,カート用通常フラグ,WiMAX HOME 5G L12/L13 Unlimited,1,,,,,,,,*,wh/img001.jpg,*,wh/img001.jpg,,,,,,,,,,,,,,,,,,,,,,,1,1,en_wh_211_in,,1,,42450,43000,,5,,,,,,,,,,,,,,,,,"21,36","NEW rental,WiMAX HOME 5G L12/L13"
2078,18242,0,0,,,1,カート用通常フラグ,WiMAX HOME 5G L12/L13 Unlimited,1,,,,,,,,*,wh/img001.jpg,*,wh/img001.jpg,,,,,,,,,,,,,,,,,,,,,,,1,1,en_wh_211,,1,,42450,42450,,5,,,,,,,,,,,,,,,,,"21,36","NEW rental,WiMAX HOME 5G L12/L13"
2079,18243,0,0,,,1,カート用通常フラグ,WiMAX HOME 5G L12/L13 Unlimited,1,,,,,,,,*,wh/img001.jpg,*,wh/img001.jpg,,,,,,,,,,,,,,,,,,,,,,,1,1,en_wh_211_in,,1,,42450,43000,,5,,,,,,,,,,,,,,,,,"21,36","NEW rental,WiMAX HOME 5G L12/L13"
2080,18244,0,0,,,1,カート用通常フラグ,WiMAX HOME 5G L12/L13 Unlimited,1,,,,,,,,*,wh/img001.jpg,*,wh/img001.jpg,,,,,,,,,,,,,,,,,,,,,,,1,1,en_wh_211,,1,,42450,42450,,5,,,,,,,,,,,,,,,,,"21,36","NEW rental,WiMAX HOME 5G L12/L13"
2081,18245,0,0,,,1,カート用通常フラグ,WiMAX HOME 5G L12/L13 Unlimited,1,,,,,,,,*,wh/img001.jpg,*,wh/img001.jpg,,,,,,,,,,,,,,,,,,,,,,,1,1,en_wh_211_in,,1,,42450,43000,,5,,,,,,,,,,,,,,,,,"21,36","NEW rental,WiMAX HOME 5G L12/L13"
2082,18246,0,0,,,1,カート用通常フラグ,WiMAX HOME 5G L12/L13 Unlimited,1,,,,,,,,*,wh/img001.jpg,*,wh/img001.jpg,,,,,,,,,,,,,,,,,,,,,,,1,1,en_wh_211,,1,,42450,42450,,5,,,,,,,,,,,,,,,,,"21,36","NEW rental,WiMAX HOME 5G L12/L13"
2083,18247,0,0,,,1,カート用通常フラグ,WiMAX HOME 5G L12/L13 Unlimited,1,,,,,,,,*,wh/img001.jpg,*,wh/img001.jpg,,,,,,,,,,,,,,,,,,,,,,,1,1,en_wh_211_in,,1,,42450,43000,,5,,,,,,,,,,,,,,,,,"21,36","NEW rental,WiMAX HOME 5G L12/L13"
2084,18248,0,0,,,1,カート用通常フラグ,WiMAX HOME 5G L12/L13 Unlimited,1,,,,,,,,*,wh/img001.jpg,*,wh/img001.jpg,,,,,,,,,,,,,,,,,,,,,,,1,1,en_wh_211,,1,,42450,42450,,5,,,,,,,,,,,,,,,,,"21,36","NEW rental,WiMAX HOME 5G L12/L13"
2085,18249,0,0,,,1,カート用通常フラグ,WiMAX HOME 5G L12/L13 Unlimited,1,,,,,,,,*,wh/img001.jpg,*,wh/img001.jpg,,,,,,,,,,,,,,,,,,,,,,,1,1,en_wh_211_in,,1,,42450,43000,,5,,,,,,,,,,,,,,,,,"21,36","NEW rental,WiMAX HOME 5G L12/L13"
2086,18250,0,0,,,1,カート用通常フラグ,WiMAX HOME 5G L12/L13 Unlimited,1,,,,,,,,*,wh/img001.jpg,*,wh/img001.jpg,,,,,,,,,,,,,,,,,,,,,,,1,1,en_wh_211,,1,,42450,42450,,5,,,,,,,,,,,,,,,,,"21,36","NEW rental,WiMAX HOME 5G L12/L13"
2087,18251,0,0,,,1,カート用通常フラグ,WiMAX HOME 5G L12/L13 Unlimited,1,,,,,,,,*,wh/img001.jpg,*,wh/img001.jpg,,,,,,,,,,,,,,,,,,,,,,,1,1,en_wh_211_in,,1,,42450,43000,,5,,,,,,,,,,,,,,,,,"21,36","NEW rental,WiMAX HOME 5G L12/L13"
2029,18193,0,0,,,1,カート用通常フラグ,WiMAX HOME 5G L12/L13 Unlimited,1,,,,,,,,*,wh/img001.jpg,*,wh/img001.jpg,,,,,,,,,,,,,,,,,,,,,,,1,1,en_wh_180_in,,1,,33600,34150,,5,,,,,,,,,,,,,,,,,"21,36","NEW rental,WiMAX HOME 5G L12/L13"
2030,18194,0,0,,,1,カート用通常フラグ,WiMAX HOME 5G L12/L13 Unlimited,1,,,,,,,,*,wh/img001.jpg,*,wh/img001.jpg,,,,,,,,,,,,,,,,,,,,,,,1,1,en_wh_180,,1,,33600,33600,,5,,,,,,,,,,,,,,,,,"21,36","NEW rental,WiMAX HOME 5G L12/L13"
2031,18195,0,0,,,1,カート用通常フラグ,WiMAX HOME 5G L12/L13 Unlimited,1,,,,,,,,*,wh/img001.jpg,*,wh/img001.jpg,,,,,,,,,,,,,,,,,,,,,,,1,1,en_wh_180_in,,1,,33600,34150,,5,,,,,,,,,,,,,,,,,"21,36","NEW rental,WiMAX HOME 5G L12/L13"
2032,18196,0,0,,,1,カート用通常フラグ,WiMAX HOME 5G L12/L13 Unlimited,1,,,,,,,,*,wh/img001.jpg,*,wh/img001.jpg,,,,,,,,,,,,,,,,,,,,,,,1,1,en_wh_180,,1,,33600,33600,,5,,,,,,,,,,,,,,,,,"21,36","NEW rental,WiMAX HOME 5G L12/L13"
2033,18197,0,0,,,1,カート用通常フラグ,WiMAX HOME 5G L12/L13 Unlimited,1,,,,,,,,*,wh/img001.jpg,*,wh/img001.jpg,,,,,,,,,,,,,,,,,,,,,,,1,1,en_wh_180_in,,1,,33600,34150,,5,,,,,,,,,,,,,,,,,"21,36","NEW rental,WiMAX HOME 5G L12/L13"
2034,18198,0,0,,,1,カート用通常フラグ,WiMAX HOME 5G L12/L13 Unlimited,1,,,,,,,,*,wh/img001.jpg,*,wh/img001.jpg,,,,,,,,,,,,,,,,,,,,,,,1,1,en_wh_180,,1,,33600,33600,,5,,,,,,,,,,,,,,,,,"21,36","NEW rental,WiMAX HOME 5G L12/L13"
2035,18199,0,0,,,1,カート用通常フラグ,WiMAX HOME 5G L12/L13 Unlimited,1,,,,,,,,*,wh/img001.jpg,*,wh/img001.jpg,,,,,,,,,,,,,,,,,,,,,,,1,1,en_wh_180_in,,1,,33600,34150,,5,,,,,,,,,,,,,,,,,"21,36","NEW rental,WiMAX HOME 5G L12/L13"
2036,18200,0,0,,,1,カート用通常フラグ,WiMAX HOME 5G L12/L13 Unlimited,1,,,,,,,,*,wh/img001.jpg,*,wh/img001.jpg,,,,,,,,,,,,,,,,,,,,,,,1,1,en_wh_180,,1,,33600,33600,,5,,,,,,,,,,,,,,,,,"21,36","NEW rental,WiMAX HOME 5G L12/L13"
2037,18201,0,0,,,1,カート用通常フラグ,WiMAX HOME 5G L12/L13 Unlimited,1,,,,,,,,*,wh/img001.jpg,*,wh/img001.jpg,,,,,,,,,,,,,,,,,,,,,,,1,1,en_wh_180_in,,1,,33600,34150,,5,,,,,,,,,,,,,,,,,"21,36","NEW rental,WiMAX HOME 5G L12/L13"
2038,18202,0,0,,,1,カート用通常フラグ,WiMAX HOME 5G L12/L13 Unlimited,1,,,,,,,,*,wh/img001.jpg,*,wh/img001.jpg,,,,,,,,,,,,,,,,,,,,,,,1,1,en_wh_180,,1,,33600,33600,,5,,,,,,,,,,,,,,,,,"21,36","NEW rental,WiMAX HOME 5G L12/L13"
2039,18203,0,0,,,1,カート用通常フラグ,WiMAX HOME 5G L12/L13 Unlimited,1,,,,,,,,*,wh/img001.jpg,*,wh/img001.jpg,,,,,,,,,,,,,,,,,,,,,,,1,1,en_wh_181_in,,1,,34190,34740,,5,,,,,,,,,,,,,,,,,"21,36","NEW rental,WiMAX HOME 5G L12/L13"
2040,18204,0,0,,,1,カート用通常フラグ,WiMAX HOME 5G L12/L13 Unlimited,1,,,,,,,,*,wh/img001.jpg,*,wh/img001.jpg,,,,,,,,,,,,,,,,,,,,,,,1,1,en_wh_181,,1,,34190,34190,,5,,,,,,,,,,,,,,,,,"21,36","NEW rental,WiMAX HOME 5G L12/L13"
2041,18205,0,0,,,1,カート用通常フラグ,WiMAX HOME 5G L12/L13 Unlimited,1,,,,,,,,*,wh/img001.jpg,*,wh/img001.jpg,,,,,,,,,,,,,,,,,,,,,,,1,1,en_wh_182_in,,1,,34780,35330,,5,,,,,,,,,,,,,,,,,"21,36","NEW rental,WiMAX HOME 5G L12/L13"
2042,18206,0,0,,,1,カート用通常フラグ,WiMAX HOME 5G L12/L13 Unlimited,1,,,,,,,,*,wh/img001.jpg,*,wh/img001.jpg,,,,,,,,,,,,,,,,,,,,,,,1,1,en_wh_182,,1,,34780,34780,,5,,,,,,,,,,,,,,,,,"21,36","NEW rental,WiMAX HOME 5G L12/L13"
2043,18207,0,0,,,1,カート用通常フラグ,WiMAX HOME 5G L12/L13 Unlimited,1,,,,,,,,*,wh/img001.jpg,*,wh/img001.jpg,,,,,,,,,,,,,,,,,,,,,,,1,1,en_wh_183_in,,1,,35370,35920,,5,,,,,,,,,,,,,,,,,"21,36","NEW rental,WiMAX HOME 5G L12/L13"
2044,18208,0,0,,,1,カート用通常フラグ,WiMAX HOME 5G L12/L13 Unlimited,1,,,,,,,,*,wh/img001.jpg,*,wh/img001.jpg,,,,,,,,,,,,,,,,,,,,,,,1,1,en_wh_183,,1,,35370,35370,,5,,,,,,,,,,,,,,,,,"21,36","NEW rental,WiMAX HOME 5G L12/L13"
2045,18209,0,0,,,1,カート用通常フラグ,WiMAX HOME 5G L12/L13 Unlimited,1,,,,,,,,*,wh/img001.jpg,*,wh/img001.jpg,,,,,,,,,,,,,,,,,,,,,,,1,1,en_wh_184_in,,1,,35960,36510,,5,,,,,,,,,,,,,,,,,"21,36","NEW rental,WiMAX HOME 5G L12/L13"
2046,18210,0,0,,,1,カート用通常フラグ,WiMAX HOME 5G L12/L13 Unlimited,1,,,,,,,,*,wh/img001.jpg,*,wh/img001.jpg,,,,,,,,,,,,,,,,,,,,,,,1,1,en_wh_184,,1,,35960,35960,,5,,,,,,,,,,,,,,,,,"21,36","NEW rental,WiMAX HOME 5G L12/L13"
2047,18211,0,0,,,1,カート用通常フラグ,WiMAX HOME 5G L12/L13 Unlimited,1,,,,,,,,*,wh/img001.jpg,*,wh/img001.jpg,,,,,,,,,,,,,,,,,,,,,,,1,1,en_wh_185_in,,1,,36550,37100,,5,,,,,,,,,,,,,,,,,"21,36","NEW rental,WiMAX HOME 5G L12/L13"
2048,18212,0,0,,,1,カート用通常フラグ,WiMAX HOME 5G L12/L13 Unlimited,1,,,,,,,,*,wh/img001.jpg,*,wh/img001.jpg,,,,,,,,,,,,,,,,,,,,,,,1,1,en_wh_185,,1,,36550,36550,,5,,,,,,,,,,,,,,,,,"21,36","NEW rental,WiMAX HOME 5G L12/L13"
2049,18213,0,0,,,1,カート用通常フラグ,WiMAX HOME 5G L12/L13 Unlimited,1,,,,,,,,*,wh/img001.jpg,*,wh/img001.jpg,,,,,,,,,,,,,,,,,,,,,,,1,1,en_wh_186_in,,1,,37140,37690,,5,,,,,,,,,,,,,,,,,"21,36","NEW rental,WiMAX HOME 5G L12/L13"
2050,18214,0,0,,,1,カート用通常フラグ,WiMAX HOME 5G L12/L13 Unlimited,1,,,,,,,,*,wh/img001.jpg,*,wh/img001.jpg,,,,,,,,,,,,,,,,,,,,,,,1,1,en_wh_186,,1,,37140,37140,,5,,,,,,,,,,,,,,,,,"21,36","NEW rental,WiMAX HOME 5G L12/L13"
2051,18215,0,0,,,1,カート用通常フラグ,WiMAX HOME 5G L12/L13 Unlimited,1,,,,,,,,*,wh/img001.jpg,*,wh/img001.jpg,,,,,,,,,,,,,,,,,,,,,,,1,1,en_wh_187_in,,1,,37730,38280,,5,,,,,,,,,,,,,,,,,"21,36","NEW rental,WiMAX HOME 5G L12/L13"
2052,18216,0,0,,,1,カート用通常フラグ,WiMAX HOME 5G L12/L13 Unlimited,1,,,,,,,,*,wh/img001.jpg,*,wh/img001.jpg,,,,,,,,,,,,,,,,,,,,,,,1,1,en_wh_187,,1,,37730,37730,,5,,,,,,,,,,,,,,,,,"21,36","NEW rental,WiMAX HOME 5G L12/L13"
2053,18217,0,0,,,1,カート用通常フラグ,WiMAX HOME 5G L12/L13 Unlimited,1,,,,,,,,*,wh/img001.jpg,*,wh/img001.jpg,,,,,,,,,,,,,,,,,,,,,,,1,1,en_wh_188_in,,1,,38320,38870,,5,,,,,,,,,,,,,,,,,"21,36","NEW rental,WiMAX HOME 5G L12/L13"
2054,18218,0,0,,,1,カート用通常フラグ,WiMAX HOME 5G L12/L13 Unlimited,1,,,,,,,,*,wh/img001.jpg,*,wh/img001.jpg,,,,,,,,,,,,,,,,,,,,,,,1,1,en_wh_188,,1,,38320,38320,,5,,,,,,,,,,,,,,,,,"21,36","NEW rental,WiMAX HOME 5G L12/L13"
2055,18219,0,0,,,1,カート用通常フラグ,WiMAX HOME 5G L12/L13 Unlimited,1,,,,,,,,*,wh/img001.jpg,*,wh/img001.jpg,,,,,,,,,,,,,,,,,,,,,,,1,1,en_wh_189_in,,1,,38910,39460,,5,,,,,,,,,,,,,,,,,"21,36","NEW rental,WiMAX HOME 5G L12/L13"
2056,18220,0,0,,,1,カート用通常フラグ,WiMAX HOME 5G L12/L13 Unlimited,1,,,,,,,,*,wh/img001.jpg,*,wh/img001.jpg,,,,,,,,,,,,,,,,,,,,,,,1,1,en_wh_189,,1,,38910,38910,,5,,,,,,,,,,,,,,,,,"21,36","NEW rental,WiMAX HOME 5G L12/L13"
2057,18221,0,0,,,1,カート用通常フラグ,WiMAX HOME 5G L12/L13 Unlimited,1,,,,,,,,*,wh/img001.jpg,*,wh/img001.jpg,,,,,,,,,,,,,,,,,,,,,,,1,1,en_wh_190_in,,1,,39500,40050,,5,,,,,,,,,,,,,,,,,"21,36","NEW rental,WiMAX HOME 5G L12/L13"
1999,18163,0,0,,,1,カート用通常フラグ,WiMAX HOME 5G L12/L13 Unlimited,1,,,,,,,,*,wh/img001.jpg,*,wh/img001.jpg,,,,,,,,,,,,,,,,,,,,,,,1,1,en_wh_180_in,,1,,33600,34150,,5,,,,,,,,,,,,,,,,,"21,36","NEW rental,WiMAX HOME 5G L12/L13"
2000,18164,0,0,,,1,カート用通常フラグ,WiMAX HOME 5G L12/L13 Unlimited,1,,,,,,,,*,wh/img001.jpg,*,wh/img001.jpg,,,,,,,,,,,,,,,,,,,,,,,1,1,en_wh_180,,1,,33600,33600,,5,,,,,,,,,,,,,,,,,"21,36","NEW rental,WiMAX HOME 5G L12/L13"
2001,18165,0,0,,,1,カート用通常フラグ,WiMAX HOME 5G L12/L13 Unlimited,1,,,,,,,,*,wh/img001.jpg,*,wh/img001.jpg,,,,,,,,,,,,,,,,,,,,,,,1,1,en_wh_180_in,,1,,33600,34150,,5,,,,,,,,,,,,,,,,,"21,36","NEW rental,WiMAX HOME 5G L12/L13"
2002,18166,0,0,,,1,カート用通常フラグ,WiMAX HOME 5G L12/L13 Unlimited,1,,,,,,,,*,wh/img001.jpg,*,wh/img001.jpg,,,,,,,,,,,,,,,,,,,,,,,1,1,en_wh_180,,1,,33600,33600,,5,,,,,,,,,,,,,,,,,"21,36","NEW rental,WiMAX HOME 5G L12/L13"
2003,18167,0,0,,,1,カート用通常フラグ,WiMAX HOME 5G L12/L13 Unlimited,1,,,,,,,,*,wh/img001.jpg,*,wh/img001.jpg,,,,,,,,,,,,,,,,,,,,,,,1,1,en_wh_180_in,,1,,33600,34150,,5,,,,,,,,,,,,,,,,,"21,36","NEW rental,WiMAX HOME 5G L12/L13"
2004,18168,0,0,,,1,カート用通常フラグ,WiMAX HOME 5G L12/L13 Unlimited,1,,,,,,,,*,wh/img001.jpg,*,wh/img001.jpg,,,,,,,,,,,,,,,,,,,,,,,1,1,en_wh_180,,1,,33600,33600,,5,,,,,,,,,,,,,,,,,"21,36","NEW rental,WiMAX HOME 5G L12/L13"
2005,18169,0,0,,,1,カート用通常フラグ,WiMAX HOME 5G L12/L13 Unlimited,1,,,,,,,,*,wh/img001.jpg,*,wh/img001.jpg,,,,,,,,,,,,,,,,,,,,,,,1,1,en_wh_180_in,,1,,33600,34150,,5,,,,,,,,,,,,,,,,,"21,36","NEW rental,WiMAX HOME 5G L12/L13"
2006,18170,0,0,,,1,カート用通常フラグ,WiMAX HOME 5G L12/L13 Unlimited,1,,,,,,,,*,wh/img001.jpg,*,wh/img001.jpg,,,,,,,,,,,,,,,,,,,,,,,1,1,en_wh_180,,1,,33600,33600,,5,,,,,,,,,,,,,,,,,"21,36","NEW rental,WiMAX HOME 5G L12/L13"
2007,18171,0,0,,,1,カート用通常フラグ,WiMAX HOME 5G L12/L13 Unlimited,1,,,,,,,,*,wh/img001.jpg,*,wh/img001.jpg,,,,,,,,,,,,,,,,,,,,,,,1,1,en_wh_180_in,,1,,33600,34150,,5,,,,,,,,,,,,,,,,,"21,36","NEW rental,WiMAX HOME 5G L12/L13"
2008,18172,0,0,,,1,カート用通常フラグ,WiMAX HOME 5G L12/L13 Unlimited,1,,,,,,,,*,wh/img001.jpg,*,wh/img001.jpg,,,,,,,,,,,,,,,,,,,,,,,1,1,en_wh_180,,1,,33600,33600,,5,,,,,,,,,,,,,,,,,"21,36","NEW rental,WiMAX HOME 5G L12/L13"
2009,18173,0,0,,,1,カート用通常フラグ,WiMAX HOME 5G L12/L13 Unlimited,1,,,,,,,,*,wh/img001.jpg,*,wh/img001.jpg,,,,,,,,,,,,,,,,,,,,,,,1,1,en_wh_180_in,,1,,33600,34150,,5,,,,,,,,,,,,,,,,,"21,36","NEW rental,WiMAX HOME 5G L12/L13"
2010,18174,0,0,,,1,カート用通常フラグ,WiMAX HOME 5G L12/L13 Unlimited,1,,,,,,,,*,wh/img001.jpg,*,wh/img001.jpg,,,,,,,,,,,,,,,,,,,,,,,1,1,en_wh_180,,1,,33600,33600,,5,,,,,,,,,,,,,,,,,"21,36","NEW rental,WiMAX HOME 5G L12/L13"
2011,18175,0,0,,,1,カート用通常フラグ,WiMAX HOME 5G L12/L13 Unlimited,1,,,,,,,,*,wh/img001.jpg,*,wh/img001.jpg,,,,,,,,,,,,,,,,,,,,,,,1,1,en_wh_180_in,,1,,33600,34150,,5,,,,,,,,,,,,,,,,,"21,36","NEW rental,WiMAX HOME 5G L12/L13"
2012,18176,0,0,,,1,カート用通常フラグ,WiMAX HOME 5G L12/L13 Unlimited,1,,,,,,,,*,wh/img001.jpg,*,wh/img001.jpg,,,,,,,,,,,,,,,,,,,,,,,1,1,en_wh_180,,1,,33600,33600,,5,,,,,,,,,,,,,,,,,"21,36","NEW rental,WiMAX HOME 5G L12/L13"
2013,18177,0,0,,,1,カート用通常フラグ,WiMAX HOME 5G L12/L13 Unlimited,1,,,,,,,,*,wh/img001.jpg,*,wh/img001.jpg,,,,,,,,,,,,,,,,,,,,,,,1,1,en_wh_180_in,,1,,33600,34150,,5,,,,,,,,,,,,,,,,,"21,36","NEW rental,WiMAX HOME 5G L12/L13"
2014,18178,0,0,,,1,カート用通常フラグ,WiMAX HOME 5G L12/L13 Unlimited,1,,,,,,,,*,wh/img001.jpg,*,wh/img001.jpg,,,,,,,,,,,,,,,,,,,,,,,1,1,en_wh_180,,1,,33600,33600,,5,,,,,,,,,,,,,,,,,"21,36","NEW rental,WiMAX HOME 5G L12/L13"
2015,18179,0,0,,,1,カート用通常フラグ,WiMAX HOME 5G L12/L13 Unlimited,1,,,,,,,,*,wh/img001.jpg,*,wh/img001.jpg,,,,,,,,,,,,,,,,,,,,,,,1,1,en_wh_180_in,,1,,33600,34150,,5,,,,,,,,,,,,,,,,,"21,36","NEW rental,WiMAX HOME 5G L12/L13"
2016,18180,0,0,,,1,カート用通常フラグ,WiMAX HOME 5G L12/L13 Unlimited,1,,,,,,,,*,wh/img001.jpg,*,wh/img001.jpg,,,,,,,,,,,,,,,,,,,,,,,1,1,en_wh_180,,1,,33600,33600,,5,,,,,,,,,,,,,,,,,"21,36","NEW rental,WiMAX HOME 5G L12/L13"
2017,18181,0,0,,,1,カート用通常フラグ,WiMAX HOME 5G L12/L13 Unlimited,1,,,,,,,,*,wh/img001.jpg,*,wh/img001.jpg,,,,,,,,,,,,,,,,,,,,,,,1,1,en_wh_180_in,,1,,33600,34150,,5,,,,,,,,,,,,,,,,,"21,36","NEW rental,WiMAX HOME 5G L12/L13"
2018,18182,0,0,,,1,カート用通常フラグ,WiMAX HOME 5G L12/L13 Unlimited,1,,,,,,,,*,wh/img001.jpg,*,wh/img001.jpg,,,,,,,,,,,,,,,,,,,,,,,1,1,en_wh_180,,1,,33600,33600,,5,,,,,,,,,,,,,,,,,"21,36","NEW rental,WiMAX HOME 5G L12/L13"
2019,18183,0,0,,,1,カート用通常フラグ,WiMAX HOME 5G L12/L13 Unlimited,1,,,,,,,,*,wh/img001.jpg,*,wh/img001.jpg,,,,,,,,,,,,,,,,,,,,,,,1,1,en_wh_180_in,,1,,33600,34150,,5,,,,,,,,,,,,,,,,,"21,36","NEW rental,WiMAX HOME 5G L12/L13"
2020,18184,0,0,,,1,カート用通常フラグ,WiMAX HOME 5G L12/L13 Unlimited,1,,,,,,,,*,wh/img001.jpg,*,wh/img001.jpg,,,,,,,,,,,,,,,,,,,,,,,1,1,en_wh_180,,1,,33600,33600,,5,,,,,,,,,,,,,,,,,"21,36","NEW rental,WiMAX HOME 5G L12/L13"
2021,18185,0,0,,,1,カート用通常フラグ,WiMAX HOME 5G L12/L13 Unlimited,1,,,,,,,,*,wh/img001.jpg,*,wh/img001.jpg,,,,,,,,,,,,,,,,,,,,,,,1,1,en_wh_180_in,,1,,33600,34150,,5,,,,,,,,,,,,,,,,,"21,36","NEW rental,WiMAX HOME 5G L12/L13"
2022,18186,0,0,,,1,カート用通常フラグ,WiMAX HOME 5G L12/L13 Unlimited,1,,,,,,,,*,wh/img001.jpg,*,wh/img001.jpg,,,,,,,,,,,,,,,,,,,,,,,1,1,en_wh_180,,1,,33600,33600,,5,,,,,,,,,,,,,,,,,"21,36","NEW rental,WiMAX HOME 5G L12/L13"
2023,18187,0,0,,,1,カート用通常フラグ,WiMAX HOME 5G L12/L13 Unlimited,1,,,,,,,,*,wh/img001.jpg,*,wh/img001.jpg,,,,,,,,,,,,,,,,,,,,,,,1,1,en_wh_180_in,,1,,33600,34150,,5,,,,,,,,,,,,,,,,,"21,36","NEW rental,WiMAX HOME 5G L12/L13"
2024,18188,0,0,,,1,カート用通常フラグ,WiMAX HOME 5G L12/L13 Unlimited,1,,,,,,,,*,wh/img001.jpg,*,wh/img001.jpg,,,,,,,,,,,,,,,,,,,,,,,1,1,en_wh_180,,1,,33600,33600,,5,,,,,,,,,,,,,,,,,"21,36","NEW rental,WiMAX HOME 5G L12/L13"
2025,18189,0,0,,,1,カート用通常フラグ,WiMAX HOME 5G L12/L13 Unlimited,1,,,,,,,,*,wh/img001.jpg,*,wh/img001.jpg,,,,,,,,,,,,,,,,,,,,,,,1,1,en_wh_180_in,,1,,33600,34150,,5,,,,,,,,,,,,,,,,,"21,36","NEW rental,WiMAX HOME 5G L12/L13"
2026,18190,0,0,,,1,カート用通常フラグ,WiMAX HOME 5G L12/L13 Unlimited,1,,,,,,,,*,wh/img001.jpg,*,wh/img001.jpg,,,,,,,,,,,,,,,,,,,,,,,1,1,en_wh_180,,1,,33600,33600,,5,,,,,,,,,,,,,,,,,"21,36","NEW rental,WiMAX HOME 5G L12/L13"
2027,18191,0,0,,,1,カート用通常フラグ,WiMAX HOME 5G L12/L13 Unlimited,1,,,,,,,,*,wh/img001.jpg,*,wh/img001.jpg,,,,,,,,,,,,,,,,,,,,,,,1,1,en_wh_180_in,,1,,33600,34150,,5,,,,,,,,,,,,,,,,,"21,36","NEW rental,WiMAX HOME 5G L12/L13"
2028,18192,0,0,,,1,カート用通常フラグ,WiMAX HOME 5G L12/L13 Unlimited,1,,,,,,,,*,wh/img001.jpg,*,wh/img001.jpg,,,,,,,,,,,,,,,,,,,,,,,1,1,en_wh_180,,1,,33600,33600,,5,,,,,,,,,,,,,,,,,"21,36","NEW rental,WiMAX HOME 5G L12/L13"
1967,18131,0,0,,,1,カート用通常フラグ,WiMAX HOME 5G L12/L13 Unlimited,1,,,,,,,,*,wh/img001.jpg,*,wh/img001.jpg,,,,,,,,,,,,,,,,,,,,,,,1,1,en_wh_150_in,,1,,30600,31150,,5,,,,,,,,,,,,,,,,,"21,36","NEW rental,WiMAX HOME 5G L12/L13"
1968,18132,0,0,,,1,カート用通常フラグ,WiMAX HOME 5G L12/L13 Unlimited,1,,,,,,,,*,wh/img001.jpg,*,wh/img001.jpg,,,,,,,,,,,,,,,,,,,,,,,1,1,en_wh_150,,1,,30600,30600,,5,,,,,,,,,,,,,,,,,"21,36","NEW rental,WiMAX HOME 5G L12/L13"
1969,18133,0,0,,,1,カート用通常フラグ,WiMAX HOME 5G L12/L13 Unlimited,1,,,,,,,,*,wh/img001.jpg,*,wh/img001.jpg,,,,,,,,,,,,,,,,,,,,,,,1,1,en_wh_150_in,,1,,30600,31150,,5,,,,,,,,,,,,,,,,,"21,36","NEW rental,WiMAX HOME 5G L12/L13"
1970,18134,0,0,,,1,カート用通常フラグ,WiMAX HOME 5G L12/L13 Unlimited,1,,,,,,,,*,wh/img001.jpg,*,wh/img001.jpg,,,,,,,,,,,,,,,,,,,,,,,1,1,en_wh_150,,1,,30600,30600,,5,,,,,,,,,,,,,,,,,"21,36","NEW rental,WiMAX HOME 5G L12/L13"
1971,18135,0,0,,,1,カート用通常フラグ,WiMAX HOME 5G L12/L13 Unlimited,1,,,,,,,,*,wh/img001.jpg,*,wh/img001.jpg,,,,,,,,,,,,,,,,,,,,,,,1,1,en_wh_150_in,,1,,30600,31150,,5,,,,,,,,,,,,,,,,,"21,36","NEW rental,WiMAX HOME 5G L12/L13"
1972,18136,0,0,,,1,カート用通常フラグ,WiMAX HOME 5G L12/L13 Unlimited,1,,,,,,,,*,wh/img001.jpg,*,wh/img001.jpg,,,,,,,,,,,,,,,,,,,,,,,1,1,en_wh_150,,1,,30600,30600,,5,,,,,,,,,,,,,,,,,"21,36","NEW rental,WiMAX HOME 5G L12/L13"
1973,18137,0,0,,,1,カート用通常フラグ,WiMAX HOME 5G L12/L13 Unlimited,1,,,,,,,,*,wh/img001.jpg,*,wh/img001.jpg,,,,,,,,,,,,,,,,,,,,,,,1,1,en_wh_150_in,,1,,30600,31150,,5,,,,,,,,,,,,,,,,,"21,36","NEW rental,WiMAX HOME 5G L12/L13"
1974,18138,0,0,,,1,カート用通常フラグ,WiMAX HOME 5G L12/L13 Unlimited,1,,,,,,,,*,wh/img001.jpg,*,wh/img001.jpg,,,,,,,,,,,,,,,,,,,,,,,1,1,en_wh_150,,1,,30600,30600,,5,,,,,,,,,,,,,,,,,"21,36","NEW rental,WiMAX HOME 5G L12/L13"
1975,18139,0,0,,,1,カート用通常フラグ,WiMAX HOME 5G L12/L13 Unlimited,1,,,,,,,,*,wh/img001.jpg,*,wh/img001.jpg,,,,,,,,,,,,,,,,,,,,,,,1,1,en_wh_150_in,,1,,30600,31150,,5,,,,,,,,,,,,,,,,,"21,36","NEW rental,WiMAX HOME 5G L12/L13"
1976,18140,0,0,,,1,カート用通常フラグ,WiMAX HOME 5G L12/L13 Unlimited,1,,,,,,,,*,wh/img001.jpg,*,wh/img001.jpg,,,,,,,,,,,,,,,,,,,,,,,1,1,en_wh_150,,1,,30600,30600,,5,,,,,,,,,,,,,,,,,"21,36","NEW rental,WiMAX HOME 5G L12/L13"
1977,18141,0,0,,,1,カート用通常フラグ,WiMAX HOME 5G L12/L13 Unlimited,1,,,,,,,,*,wh/img001.jpg,*,wh/img001.jpg,,,,,,,,,,,,,,,,,,,,,,,1,1,en_wh_150_in,,1,,30600,31150,,5,,,,,,,,,,,,,,,,,"21,36","NEW rental,WiMAX HOME 5G L12/L13"
1978,18142,0,0,,,1,カート用通常フラグ,WiMAX HOME 5G L12/L13 Unlimited,1,,,,,,,,*,wh/img001.jpg,*,wh/img001.jpg,,,,,,,,,,,,,,,,,,,,,,,1,1,en_wh_150,,1,,30600,30600,,5,,,,,,,,,,,,,,,,,"21,36","NEW rental,WiMAX HOME 5G L12/L13"
1979,18143,0,0,,,1,カート用通常フラグ,WiMAX HOME 5G L12/L13 Unlimited,1,,,,,,,,*,wh/img001.jpg,*,wh/img001.jpg,,,,,,,,,,,,,,,,,,,,,,,1,1,en_wh_151_in,,1,,31190,31740,,5,,,,,,,,,,,,,,,,,"21,36","NEW rental,WiMAX HOME 5G L12/L13"
1980,18144,0,0,,,1,カート用通常フラグ,WiMAX HOME 5G L12/L13 Unlimited,1,,,,,,,,*,wh/img001.jpg,*,wh/img001.jpg,,,,,,,,,,,,,,,,,,,,,,,1,1,en_wh_151,,1,,31190,31190,,5,,,,,,,,,,,,,,,,,"21,36","NEW rental,WiMAX HOME 5G L12/L13"
1981,18145,0,0,,,1,カート用通常フラグ,WiMAX HOME 5G L12/L13 Unlimited,1,,,,,,,,*,wh/img001.jpg,*,wh/img001.jpg,,,,,,,,,,,,,,,,,,,,,,,1,1,en_wh_152_in,,1,,31780,32330,,5,,,,,,,,,,,,,,,,,"21,36","NEW rental,WiMAX HOME 5G L12/L13"
1982,18146,0,0,,,1,カート用通常フラグ,WiMAX HOME 5G L12/L13 Unlimited,1,,,,,,,,*,wh/img001.jpg,*,wh/img001.jpg,,,,,,,,,,,,,,,,,,,,,,,1,1,en_wh_152,,1,,31780,31780,,5,,,,,,,,,,,,,,,,,"21,36","NEW rental,WiMAX HOME 5G L12/L13"
1983,18147,0,0,,,1,カート用通常フラグ,WiMAX HOME 5G L12/L13 Unlimited,1,,,,,,,,*,wh/img001.jpg,*,wh/img001.jpg,,,,,,,,,,,,,,,,,,,,,,,1,1,en_wh_153_in,,1,,32370,32920,,5,,,,,,,,,,,,,,,,,"21,36","NEW rental,WiMAX HOME 5G L12/L13"
1984,18148,0,0,,,1,カート用通常フラグ,WiMAX HOME 5G L12/L13 Unlimited,1,,,,,,,,*,wh/img001.jpg,*,wh/img001.jpg,,,,,,,,,,,,,,,,,,,,,,,1,1,en_wh_153,,1,,32370,32370,,5,,,,,,,,,,,,,,,,,"21,36","NEW rental,WiMAX HOME 5G L12/L13"
1985,18149,0,0,,,1,カート用通常フラグ,WiMAX HOME 5G L12/L13 Unlimited,1,,,,,,,,*,wh/img001.jpg,*,wh/img001.jpg,,,,,,,,,,,,,,,,,,,,,,,1,1,en_wh_154_in,,1,,32960,33510,,5,,,,,,,,,,,,,,,,,"21,36","NEW rental,WiMAX HOME 5G L12/L13"
1986,18150,0,0,,,1,カート用通常フラグ,WiMAX HOME 5G L12/L13 Unlimited,1,,,,,,,,*,wh/img001.jpg,*,wh/img001.jpg,,,,,,,,,,,,,,,,,,,,,,,1,1,en_wh_154,,1,,32960,32960,,5,,,,,,,,,,,,,,,,,"21,36","NEW rental,WiMAX HOME 5G L12/L13"
1987,18151,0,0,,,1,カート用通常フラグ,WiMAX HOME 5G L12/L13 Unlimited,1,,,,,,,,*,wh/img001.jpg,*,wh/img001.jpg,,,,,,,,,,,,,,,,,,,,,,,1,1,en_wh_155_in,,1,,33550,34100,,5,,,,,,,,,,,,,,,,,"21,36","NEW rental,WiMAX HOME 5G L12/L13"
1988,18152,0,0,,,1,カート用通常フラグ,WiMAX HOME 5G L12/L13 Unlimited,1,,,,,,,,*,wh/img001.jpg,*,wh/img001.jpg,,,,,,,,,,,,,,,,,,,,,,,1,1,en_wh_155,,1,,33550,33550,,5,,,,,,,,,,,,,,,,,"21,36","NEW rental,WiMAX HOME 5G L12/L13"
1989,18153,0,0,,,1,カート用通常フラグ,WiMAX HOME 5G L12/L13 Unlimited,1,,,,,,,,*,wh/img001.jpg,*,wh/img001.jpg,,,,,,,,,,,,,,,,,,,,,,,1,1,en_wh_180_in,,1,,33600,34150,,5,,,,,,,,,,,,,,,,,"21,36","NEW rental,WiMAX HOME 5G L12/L13"
1990,18154,0,0,,,1,カート用通常フラグ,WiMAX HOME 5G L12/L13 Unlimited,1,,,,,,,,*,wh/img001.jpg,*,wh/img001.jpg,,,,,,,,,,,,,,,,,,,,,,,1,1,en_wh_180,,1,,33600,33600,,5,,,,,,,,,,,,,,,,,"21,36","NEW rental,WiMAX HOME 5G L12/L13"
1991,18155,0,0,,,1,カート用通常フラグ,WiMAX HOME 5G L12/L13 Unlimited,1,,,,,,,,*,wh/img001.jpg,*,wh/img001.jpg,,,,,,,,,,,,,,,,,,,,,,,1,1,en_wh_180_in,,1,,33600,34150,,5,,,,,,,,,,,,,,,,,"21,36","NEW rental,WiMAX HOME 5G L12/L13"
1992,18156,0,0,,,1,カート用通常フラグ,WiMAX HOME 5G L12/L13 Unlimited,1,,,,,,,,*,wh/img001.jpg,*,wh/img001.jpg,,,,,,,,,,,,,,,,,,,,,,,1,1,en_wh_180,,1,,33600,33600,,5,,,,,,,,,,,,,,,,,"21,36","NEW rental,WiMAX HOME 5G L12/L13"
1993,18157,0,0,,,1,カート用通常フラグ,WiMAX HOME 5G L12/L13 Unlimited,1,,,,,,,,*,wh/img001.jpg,*,wh/img001.jpg,,,,,,,,,,,,,,,,,,,,,,,1,1,en_wh_180_in,,1,,33600,34150,,5,,,,,,,,,,,,,,,,,"21,36","NEW rental,WiMAX HOME 5G L12/L13"
1994,18158,0,0,,,1,カート用通常フラグ,WiMAX HOME 5G L12/L13 Unlimited,1,,,,,,,,*,wh/img001.jpg,*,wh/img001.jpg,,,,,,,,,,,,,,,,,,,,,,,1,1,en_wh_180,,1,,33600,33600,,5,,,,,,,,,,,,,,,,,"21,36","NEW rental,WiMAX HOME 5G L12/L13"
1995,18159,0,0,,,1,カート用通常フラグ,WiMAX HOME 5G L12/L13 Unlimited,1,,,,,,,,*,wh/img001.jpg,*,wh/img001.jpg,,,,,,,,,,,,,,,,,,,,,,,1,1,en_wh_180_in,,1,,33600,34150,,5,,,,,,,,,,,,,,,,,"21,36","NEW rental,WiMAX HOME 5G L12/L13"
1996,18160,0,0,,,1,カート用通常フラグ,WiMAX HOME 5G L12/L13 Unlimited,1,,,,,,,,*,wh/img001.jpg,*,wh/img001.jpg,,,,,,,,,,,,,,,,,,,,,,,1,1,en_wh_180,,1,,33600,33600,,5,,,,,,,,,,,,,,,,,"21,36","NEW rental,WiMAX HOME 5G L12/L13"
1997,18161,0,0,,,1,カート用通常フラグ,WiMAX HOME 5G L12/L13 Unlimited,1,,,,,,,,*,wh/img001.jpg,*,wh/img001.jpg,,,,,,,,,,,,,,,,,,,,,,,1,1,en_wh_180_in,,1,,33600,34150,,5,,,,,,,,,,,,,,,,,"21,36","NEW rental,WiMAX HOME 5G L12/L13"
1998,18162,0,0,,,1,カート用通常フラグ,WiMAX HOME 5G L12/L13 Unlimited,1,,,,,,,,*,wh/img001.jpg,*,wh/img001.jpg,,,,,,,,,,,,,,,,,,,,,,,1,1,en_wh_180,,1,,33600,33600,,5,,,,,,,,,,,,,,,,,"21,36","NEW rental,WiMAX HOME 5G L12/L13"
1936,18100,0,0,,,1,カート用通常フラグ,WiMAX HOME 5G L12/L13 Unlimited,1,,,,,,,,*,wh/img001.jpg,*,wh/img001.jpg,,,,,,,,,,,,,,,,,,,,,,,1,1,en_wh_150,,1,,30600,30600,,5,,,,,,,,,,,,,,,,,"21,36","NEW rental,WiMAX HOME 5G L12/L13"
1937,18101,0,0,,,1,カート用通常フラグ,WiMAX HOME 5G L12/L13 Unlimited,1,,,,,,,,*,wh/img001.jpg,*,wh/img001.jpg,,,,,,,,,,,,,,,,,,,,,,,1,1,en_wh_150_in,,1,,30600,31150,,5,,,,,,,,,,,,,,,,,"21,36","NEW rental,WiMAX HOME 5G L12/L13"
1938,18102,0,0,,,1,カート用通常フラグ,WiMAX HOME 5G L12/L13 Unlimited,1,,,,,,,,*,wh/img001.jpg,*,wh/img001.jpg,,,,,,,,,,,,,,,,,,,,,,,1,1,en_wh_150,,1,,30600,30600,,5,,,,,,,,,,,,,,,,,"21,36","NEW rental,WiMAX HOME 5G L12/L13"
1939,18103,0,0,,,1,カート用通常フラグ,WiMAX HOME 5G L12/L13 Unlimited,1,,,,,,,,*,wh/img001.jpg,*,wh/img001.jpg,,,,,,,,,,,,,,,,,,,,,,,1,1,en_wh_150_in,,1,,30600,31150,,5,,,,,,,,,,,,,,,,,"21,36","NEW rental,WiMAX HOME 5G L12/L13"
1940,18104,0,0,,,1,カート用通常フラグ,WiMAX HOME 5G L12/L13 Unlimited,1,,,,,,,,*,wh/img001.jpg,*,wh/img001.jpg,,,,,,,,,,,,,,,,,,,,,,,1,1,en_wh_150,,1,,30600,30600,,5,,,,,,,,,,,,,,,,,"21,36","NEW rental,WiMAX HOME 5G L12/L13"
1941,18105,0,0,,,1,カート用通常フラグ,WiMAX HOME 5G L12/L13 Unlimited,1,,,,,,,,*,wh/img001.jpg,*,wh/img001.jpg,,,,,,,,,,,,,,,,,,,,,,,1,1,en_wh_150_in,,1,,30600,31150,,5,,,,,,,,,,,,,,,,,"21,36","NEW rental,WiMAX HOME 5G L12/L13"
1942,18106,0,0,,,1,カート用通常フラグ,WiMAX HOME 5G L12/L13 Unlimited,1,,,,,,,,*,wh/img001.jpg,*,wh/img001.jpg,,,,,,,,,,,,,,,,,,,,,,,1,1,en_wh_150,,1,,30600,30600,,5,,,,,,,,,,,,,,,,,"21,36","NEW rental,WiMAX HOME 5G L12/L13"
1943,18107,0,0,,,1,カート用通常フラグ,WiMAX HOME 5G L12/L13 Unlimited,1,,,,,,,,*,wh/img001.jpg,*,wh/img001.jpg,,,,,,,,,,,,,,,,,,,,,,,1,1,en_wh_150_in,,1,,30600,31150,,5,,,,,,,,,,,,,,,,,"21,36","NEW rental,WiMAX HOME 5G L12/L13"
1944,18108,0,0,,,1,カート用通常フラグ,WiMAX HOME 5G L12/L13 Unlimited,1,,,,,,,,*,wh/img001.jpg,*,wh/img001.jpg,,,,,,,,,,,,,,,,,,,,,,,1,1,en_wh_150,,1,,30600,30600,,5,,,,,,,,,,,,,,,,,"21,36","NEW rental,WiMAX HOME 5G L12/L13"
1945,18109,0,0,,,1,カート用通常フラグ,WiMAX HOME 5G L12/L13 Unlimited,1,,,,,,,,*,wh/img001.jpg,*,wh/img001.jpg,,,,,,,,,,,,,,,,,,,,,,,1,1,en_wh_150_in,,1,,30600,31150,,5,,,,,,,,,,,,,,,,,"21,36","NEW rental,WiMAX HOME 5G L12/L13"
1946,18110,0,0,,,1,カート用通常フラグ,WiMAX HOME 5G L12/L13 Unlimited,1,,,,,,,,*,wh/img001.jpg,*,wh/img001.jpg,,,,,,,,,,,,,,,,,,,,,,,1,1,en_wh_150,,1,,30600,30600,,5,,,,,,,,,,,,,,,,,"21,36","NEW rental,WiMAX HOME 5G L12/L13"
1947,18111,0,0,,,1,カート用通常フラグ,WiMAX HOME 5G L12/L13 Unlimited,1,,,,,,,,*,wh/img001.jpg,*,wh/img001.jpg,,,,,,,,,,,,,,,,,,,,,,,1,1,en_wh_150_in,,1,,30600,31150,,5,,,,,,,,,,,,,,,,,"21,36","NEW rental,WiMAX HOME 5G L12/L13"
1948,18112,0,0,,,1,カート用通常フラグ,WiMAX HOME 5G L12/L13 Unlimited,1,,,,,,,,*,wh/img001.jpg,*,wh/img001.jpg,,,,,,,,,,,,,,,,,,,,,,,1,1,en_wh_150,,1,,30600,30600,,5,,,,,,,,,,,,,,,,,"21,36","NEW rental,WiMAX HOME 5G L12/L13"
1949,18113,0,0,,,1,カート用通常フラグ,WiMAX HOME 5G L12/L13 Unlimited,1,,,,,,,,*,wh/img001.jpg,*,wh/img001.jpg,,,,,,,,,,,,,,,,,,,,,,,1,1,en_wh_150_in,,1,,30600,31150,,5,,,,,,,,,,,,,,,,,"21,36","NEW rental,WiMAX HOME 5G L12/L13"
1950,18114,0,0,,,1,カート用通常フラグ,WiMAX HOME 5G L12/L13 Unlimited,1,,,,,,,,*,wh/img001.jpg,*,wh/img001.jpg,,,,,,,,,,,,,,,,,,,,,,,1,1,en_wh_150,,1,,30600,30600,,5,,,,,,,,,,,,,,,,,"21,36","NEW rental,WiMAX HOME 5G L12/L13"
1951,18115,0,0,,,1,カート用通常フラグ,WiMAX HOME 5G L12/L13 Unlimited,1,,,,,,,,*,wh/img001.jpg,*,wh/img001.jpg,,,,,,,,,,,,,,,,,,,,,,,1,1,en_wh_150_in,,1,,30600,31150,,5,,,,,,,,,,,,,,,,,"21,36","NEW rental,WiMAX HOME 5G L12/L13"
1952,18116,0,0,,,1,カート用通常フラグ,WiMAX HOME 5G L12/L13 Unlimited,1,,,,,,,,*,wh/img001.jpg,*,wh/img001.jpg,,,,,,,,,,,,,,,,,,,,,,,1,1,en_wh_150,,1,,30600,30600,,5,,,,,,,,,,,,,,,,,"21,36","NEW rental,WiMAX HOME 5G L12/L13"
1953,18117,0,0,,,1,カート用通常フラグ,WiMAX HOME 5G L12/L13 Unlimited,1,,,,,,,,*,wh/img001.jpg,*,wh/img001.jpg,,,,,,,,,,,,,,,,,,,,,,,1,1,en_wh_150_in,,1,,30600,31150,,5,,,,,,,,,,,,,,,,,"21,36","NEW rental,WiMAX HOME 5G L12/L13"
1954,18118,0,0,,,1,カート用通常フラグ,WiMAX HOME 5G L12/L13 Unlimited,1,,,,,,,,*,wh/img001.jpg,*,wh/img001.jpg,,,,,,,,,,,,,,,,,,,,,,,1,1,en_wh_150,,1,,30600,30600,,5,,,,,,,,,,,,,,,,,"21,36","NEW rental,WiMAX HOME 5G L12/L13"
1955,18119,0,0,,,1,カート用通常フラグ,WiMAX HOME 5G L12/L13 Unlimited,1,,,,,,,,*,wh/img001.jpg,*,wh/img001.jpg,,,,,,,,,,,,,,,,,,,,,,,1,1,en_wh_150_in,,1,,30600,31150,,5,,,,,,,,,,,,,,,,,"21,36","NEW rental,WiMAX HOME 5G L12/L13"
1956,18120,0,0,,,1,カート用通常フラグ,WiMAX HOME 5G L12/L13 Unlimited,1,,,,,,,,*,wh/img001.jpg,*,wh/img001.jpg,,,,,,,,,,,,,,,,,,,,,,,1,1,en_wh_150,,1,,30600,30600,,5,,,,,,,,,,,,,,,,,"21,36","NEW rental,WiMAX HOME 5G L12/L13"
1957,18121,0,0,,,1,カート用通常フラグ,WiMAX HOME 5G L12/L13 Unlimited,1,,,,,,,,*,wh/img001.jpg,*,wh/img001.jpg,,,,,,,,,,,,,,,,,,,,,,,1,1,en_wh_150_in,,1,,30600,31150,,5,,,,,,,,,,,,,,,,,"21,36","NEW rental,WiMAX HOME 5G L12/L13"
1958,18122,0,0,,,1,カート用通常フラグ,WiMAX HOME 5G L12/L13 Unlimited,1,,,,,,,,*,wh/img001.jpg,*,wh/img001.jpg,,,,,,,,,,,,,,,,,,,,,,,1,1,en_wh_150,,1,,30600,30600,,5,,,,,,,,,,,,,,,,,"21,36","NEW rental,WiMAX HOME 5G L12/L13"
1959,18123,0,0,,,1,カート用通常フラグ,WiMAX HOME 5G L12/L13 Unlimited,1,,,,,,,,*,wh/img001.jpg,*,wh/img001.jpg,,,,,,,,,,,,,,,,,,,,,,,1,1,en_wh_150_in,,1,,30600,31150,,5,,,,,,,,,,,,,,,,,"21,36","NEW rental,WiMAX HOME 5G L12/L13"
1960,18124,0,0,,,1,カート用通常フラグ,WiMAX HOME 5G L12/L13 Unlimited,1,,,,,,,,*,wh/img001.jpg,*,wh/img001.jpg,,,,,,,,,,,,,,,,,,,,,,,1,1,en_wh_150,,1,,30600,30600,,5,,,,,,,,,,,,,,,,,"21,36","NEW rental,WiMAX HOME 5G L12/L13"
1961,18125,0,0,,,1,カート用通常フラグ,WiMAX HOME 5G L12/L13 Unlimited,1,,,,,,,,*,wh/img001.jpg,*,wh/img001.jpg,,,,,,,,,,,,,,,,,,,,,,,1,1,en_wh_150_in,,1,,30600,31150,,5,,,,,,,,,,,,,,,,,"21,36","NEW rental,WiMAX HOME 5G L12/L13"
1962,18126,0,0,,,1,カート用通常フラグ,WiMAX HOME 5G L12/L13 Unlimited,1,,,,,,,,*,wh/img001.jpg,*,wh/img001.jpg,,,,,,,,,,,,,,,,,,,,,,,1,1,en_wh_150,,1,,30600,30600,,5,,,,,,,,,,,,,,,,,"21,36","NEW rental,WiMAX HOME 5G L12/L13"
1963,18127,0,0,,,1,カート用通常フラグ,WiMAX HOME 5G L12/L13 Unlimited,1,,,,,,,,*,wh/img001.jpg,*,wh/img001.jpg,,,,,,,,,,,,,,,,,,,,,,,1,1,en_wh_150_in,,1,,30600,31150,,5,,,,,,,,,,,,,,,,,"21,36","NEW rental,WiMAX HOME 5G L12/L13"
1964,18128,0,0,,,1,カート用通常フラグ,WiMAX HOME 5G L12/L13 Unlimited,1,,,,,,,,*,wh/img001.jpg,*,wh/img001.jpg,,,,,,,,,,,,,,,,,,,,,,,1,1,en_wh_150,,1,,30600,30600,,5,,,,,,,,,,,,,,,,,"21,36","NEW rental,WiMAX HOME 5G L12/L13"
1965,18129,0,0,,,1,カート用通常フラグ,WiMAX HOME 5G L12/L13 Unlimited,1,,,,,,,,*,wh/img001.jpg,*,wh/img001.jpg,,,,,,,,,,,,,,,,,,,,,,,1,1,en_wh_150_in,,1,,30600,31150,,5,,,,,,,,,,,,,,,,,"21,36","NEW rental,WiMAX HOME 5G L12/L13"
1966,18130,0,0,,,1,カート用通常フラグ,WiMAX HOME 5G L12/L13 Unlimited,1,,,,,,,,*,wh/img001.jpg,*,wh/img001.jpg,,,,,,,,,,,,,,,,,,,,,,,1,1,en_wh_150,,1,,30600,30600,,5,,,,,,,,,,,,,,,,,"21,36","NEW rental,WiMAX HOME 5G L12/L13"
1904,18068,0,0,,,1,カート用通常フラグ,WiMAX HOME 5G L12/L13 Unlimited,1,,,,,,,,*,wh/img001.jpg,*,wh/img001.jpg,,,,,,,,,,,,,,,,,,,,,,,1,1,en_wh_120,,1,,27600,27600,,5,,,,,,,,,,,,,,,,,"21,36","NEW rental,WiMAX HOME 5G L12/L13"
1905,18069,0,0,,,1,カート用通常フラグ,WiMAX HOME 5G L12/L13 Unlimited,1,,,,,,,,*,wh/img001.jpg,*,wh/img001.jpg,,,,,,,,,,,,,,,,,,,,,,,1,1,en_wh_120_in,,1,,27600,28150,,5,,,,,,,,,,,,,,,,,"21,36","NEW rental,WiMAX HOME 5G L12/L13"
1906,18070,0,0,,,1,カート用通常フラグ,WiMAX HOME 5G L12/L13 Unlimited,1,,,,,,,,*,wh/img001.jpg,*,wh/img001.jpg,,,,,,,,,,,,,,,,,,,,,,,1,1,en_wh_120,,1,,27600,27600,,5,,,,,,,,,,,,,,,,,"21,36","NEW rental,WiMAX HOME 5G L12/L13"
1907,18071,0,0,,,1,カート用通常フラグ,WiMAX HOME 5G L12/L13 Unlimited,1,,,,,,,,*,wh/img001.jpg,*,wh/img001.jpg,,,,,,,,,,,,,,,,,,,,,,,1,1,en_wh_120_in,,1,,27600,28150,,5,,,,,,,,,,,,,,,,,"21,36","NEW rental,WiMAX HOME 5G L12/L13"
1908,18072,0,0,,,1,カート用通常フラグ,WiMAX HOME 5G L12/L13 Unlimited,1,,,,,,,,*,wh/img001.jpg,*,wh/img001.jpg,,,,,,,,,,,,,,,,,,,,,,,1,1,en_wh_120,,1,,27600,27600,,5,,,,,,,,,,,,,,,,,"21,36","NEW rental,WiMAX HOME 5G L12/L13"
1909,18073,0,0,,,1,カート用通常フラグ,WiMAX HOME 5G L12/L13 Unlimited,1,,,,,,,,*,wh/img001.jpg,*,wh/img001.jpg,,,,,,,,,,,,,,,,,,,,,,,1,1,en_wh_120_in,,1,,27600,28150,,5,,,,,,,,,,,,,,,,,"21,36","NEW rental,WiMAX HOME 5G L12/L13"
1910,18074,0,0,,,1,カート用通常フラグ,WiMAX HOME 5G L12/L13 Unlimited,1,,,,,,,,*,wh/img001.jpg,*,wh/img001.jpg,,,,,,,,,,,,,,,,,,,,,,,1,1,en_wh_120,,1,,27600,27600,,5,,,,,,,,,,,,,,,,,"21,36","NEW rental,WiMAX HOME 5G L12/L13"
1911,18075,0,0,,,1,カート用通常フラグ,WiMAX HOME 5G L12/L13 Unlimited,1,,,,,,,,*,wh/img001.jpg,*,wh/img001.jpg,,,,,,,,,,,,,,,,,,,,,,,1,1,en_wh_120_in,,1,,27600,28150,,5,,,,,,,,,,,,,,,,,"21,36","NEW rental,WiMAX HOME 5G L12/L13"
1912,18076,0,0,,,1,カート用通常フラグ,WiMAX HOME 5G L12/L13 Unlimited,1,,,,,,,,*,wh/img001.jpg,*,wh/img001.jpg,,,,,,,,,,,,,,,,,,,,,,,1,1,en_wh_120,,1,,27600,27600,,5,,,,,,,,,,,,,,,,,"21,36","NEW rental,WiMAX HOME 5G L12/L13"
1913,18077,0,0,,,1,カート用通常フラグ,WiMAX HOME 5G L12/L13 Unlimited,1,,,,,,,,*,wh/img001.jpg,*,wh/img001.jpg,,,,,,,,,,,,,,,,,,,,,,,1,1,en_wh_120_in,,1,,27600,28150,,5,,,,,,,,,,,,,,,,,"21,36","NEW rental,WiMAX HOME 5G L12/L13"
1914,18078,0,0,,,1,カート用通常フラグ,WiMAX HOME 5G L12/L13 Unlimited,1,,,,,,,,*,wh/img001.jpg,*,wh/img001.jpg,,,,,,,,,,,,,,,,,,,,,,,1,1,en_wh_120,,1,,27600,27600,,5,,,,,,,,,,,,,,,,,"21,36","NEW rental,WiMAX HOME 5G L12/L13"
1915,18079,0,0,,,1,カート用通常フラグ,WiMAX HOME 5G L12/L13 Unlimited,1,,,,,,,,*,wh/img001.jpg,*,wh/img001.jpg,,,,,,,,,,,,,,,,,,,,,,,1,1,en_wh_120_in,,1,,27600,28150,,5,,,,,,,,,,,,,,,,,"21,36","NEW rental,WiMAX HOME 5G L12/L13"
1916,18080,0,0,,,1,カート用通常フラグ,WiMAX HOME 5G L12/L13 Unlimited,1,,,,,,,,*,wh/img001.jpg,*,wh/img001.jpg,,,,,,,,,,,,,,,,,,,,,,,1,1,en_wh_120,,1,,27600,27600,,5,,,,,,,,,,,,,,,,,"21,36","NEW rental,WiMAX HOME 5G L12/L13"
1917,18081,0,0,,,1,カート用通常フラグ,WiMAX HOME 5G L12/L13 Unlimited,1,,,,,,,,*,wh/img001.jpg,*,wh/img001.jpg,,,,,,,,,,,,,,,,,,,,,,,1,1,en_wh_120_in,,1,,27600,28150,,5,,,,,,,,,,,,,,,,,"21,36","NEW rental,WiMAX HOME 5G L12/L13"
1918,18082,0,0,,,1,カート用通常フラグ,WiMAX HOME 5G L12/L13 Unlimited,1,,,,,,,,*,wh/img001.jpg,*,wh/img001.jpg,,,,,,,,,,,,,,,,,,,,,,,1,1,en_wh_120,,1,,27600,27600,,5,,,,,,,,,,,,,,,,,"21,36","NEW rental,WiMAX HOME 5G L12/L13"
1919,18083,0,0,,,1,カート用通常フラグ,WiMAX HOME 5G L12/L13 Unlimited,1,,,,,,,,*,wh/img001.jpg,*,wh/img001.jpg,,,,,,,,,,,,,,,,,,,,,,,1,1,en_wh_121_in,,1,,28190,28740,,5,,,,,,,,,,,,,,,,,"21,36","NEW rental,WiMAX HOME 5G L12/L13"
1920,18084,0,0,,,1,カート用通常フラグ,WiMAX HOME 5G L12/L13 Unlimited,1,,,,,,,,*,wh/img001.jpg,*,wh/img001.jpg,,,,,,,,,,,,,,,,,,,,,,,1,1,en_wh_121,,1,,28190,28190,,5,,,,,,,,,,,,,,,,,"21,36","NEW rental,WiMAX HOME 5G L12/L13"
1921,18085,0,0,,,1,カート用通常フラグ,WiMAX HOME 5G L12/L13 Unlimited,1,,,,,,,,*,wh/img001.jpg,*,wh/img001.jpg,,,,,,,,,,,,,,,,,,,,,,,1,1,en_wh_122_in,,1,,28780,29330,,5,,,,,,,,,,,,,,,,,"21,36","NEW rental,WiMAX HOME 5G L12/L13"
1922,18086,0,0,,,1,カート用通常フラグ,WiMAX HOME 5G L12/L13 Unlimited,1,,,,,,,,*,wh/img001.jpg,*,wh/img001.jpg,,,,,,,,,,,,,,,,,,,,,,,1,1,en_wh_122,,1,,28780,28780,,5,,,,,,,,,,,,,,,,,"21,36","NEW rental,WiMAX HOME 5G L12/L13"
1923,18087,0,0,,,1,カート用通常フラグ,WiMAX HOME 5G L12/L13 Unlimited,1,,,,,,,,*,wh/img001.jpg,*,wh/img001.jpg,,,,,,,,,,,,,,,,,,,,,,,1,1,en_wh_123_in,,1,,29370,29920,,5,,,,,,,,,,,,,,,,,"21,36","NEW rental,WiMAX HOME 5G L12/L13"
1924,18088,0,0,,,1,カート用通常フラグ,WiMAX HOME 5G L12/L13 Unlimited,1,,,,,,,,*,wh/img001.jpg,*,wh/img001.jpg,,,,,,,,,,,,,,,,,,,,,,,1,1,en_wh_123,,1,,29370,29370,,5,,,,,,,,,,,,,,,,,"21,36","NEW rental,WiMAX HOME 5G L12/L13"
1925,18089,0,0,,,1,カート用通常フラグ,WiMAX HOME 5G L12/L13 Unlimited,1,,,,,,,,*,wh/img001.jpg,*,wh/img001.jpg,,,,,,,,,,,,,,,,,,,,,,,1,1,en_wh_124_in,,1,,29960,30510,,5,,,,,,,,,,,,,,,,,"21,36","NEW rental,WiMAX HOME 5G L12/L13"
1926,18090,0,0,,,1,カート用通常フラグ,WiMAX HOME 5G L12/L13 Unlimited,1,,,,,,,,*,wh/img001.jpg,*,wh/img001.jpg,,,,,,,,,,,,,,,,,,,,,,,1,1,en_wh_124,,1,,29960,29960,,5,,,,,,,,,,,,,,,,,"21,36","NEW rental,WiMAX HOME 5G L12/L13"
1927,18091,0,0,,,1,カート用通常フラグ,WiMAX HOME 5G L12/L13 Unlimited,1,,,,,,,,*,wh/img001.jpg,*,wh/img001.jpg,,,,,,,,,,,,,,,,,,,,,,,1,1,en_wh_125_in,,1,,30550,31100,,5,,,,,,,,,,,,,,,,,"21,36","NEW rental,WiMAX HOME 5G L12/L13"
1928,18092,0,0,,,1,カート用通常フラグ,WiMAX HOME 5G L12/L13 Unlimited,1,,,,,,,,*,wh/img001.jpg,*,wh/img001.jpg,,,,,,,,,,,,,,,,,,,,,,,1,1,en_wh_125,,1,,30550,30550,,5,,,,,,,,,,,,,,,,,"21,36","NEW rental,WiMAX HOME 5G L12/L13"
1929,18093,0,0,,,1,カート用通常フラグ,WiMAX HOME 5G L12/L13 Unlimited,1,,,,,,,,*,wh/img001.jpg,*,wh/img001.jpg,,,,,,,,,,,,,,,,,,,,,,,1,1,en_wh_150_in,,1,,30600,31150,,5,,,,,,,,,,,,,,,,,"21,36","NEW rental,WiMAX HOME 5G L12/L13"
1930,18094,0,0,,,1,カート用通常フラグ,WiMAX HOME 5G L12/L13 Unlimited,1,,,,,,,,*,wh/img001.jpg,*,wh/img001.jpg,,,,,,,,,,,,,,,,,,,,,,,1,1,en_wh_150,,1,,30600,30600,,5,,,,,,,,,,,,,,,,,"21,36","NEW rental,WiMAX HOME 5G L12/L13"
1931,18095,0,0,,,1,カート用通常フラグ,WiMAX HOME 5G L12/L13 Unlimited,1,,,,,,,,*,wh/img001.jpg,*,wh/img001.jpg,,,,,,,,,,,,,,,,,,,,,,,1,1,en_wh_150_in,,1,,30600,31150,,5,,,,,,,,,,,,,,,,,"21,36","NEW rental,WiMAX HOME 5G L12/L13"
1932,18096,0,0,,,1,カート用通常フラグ,WiMAX HOME 5G L12/L13 Unlimited,1,,,,,,,,*,wh/img001.jpg,*,wh/img001.jpg,,,,,,,,,,,,,,,,,,,,,,,1,1,en_wh_150,,1,,30600,30600,,5,,,,,,,,,,,,,,,,,"21,36","NEW rental,WiMAX HOME 5G L12/L13"
1933,18097,0,0,,,1,カート用通常フラグ,WiMAX HOME 5G L12/L13 Unlimited,1,,,,,,,,*,wh/img001.jpg,*,wh/img001.jpg,,,,,,,,,,,,,,,,,,,,,,,1,1,en_wh_150_in,,1,,30600,31150,,5,,,,,,,,,,,,,,,,,"21,36","NEW rental,WiMAX HOME 5G L12/L13"
1934,18098,0,0,,,1,カート用通常フラグ,WiMAX HOME 5G L12/L13 Unlimited,1,,,,,,,,*,wh/img001.jpg,*,wh/img001.jpg,,,,,,,,,,,,,,,,,,,,,,,1,1,en_wh_150,,1,,30600,30600,,5,,,,,,,,,,,,,,,,,"21,36","NEW rental,WiMAX HOME 5G L12/L13"
1935,18099,0,0,,,1,カート用通常フラグ,WiMAX HOME 5G L12/L13 Unlimited,1,,,,,,,,*,wh/img001.jpg,*,wh/img001.jpg,,,,,,,,,,,,,,,,,,,,,,,1,1,en_wh_150_in,,1,,30600,31150,,5,,,,,,,,,,,,,,,,,"21,36","NEW rental,WiMAX HOME 5G L12/L13"
1874,18038,0,0,,,1,カート用通常フラグ,WiMAX HOME 5G L12/L13 Unlimited,1,,,,,,,,*,wh/img001.jpg,*,wh/img001.jpg,,,,,,,,,,,,,,,,,,,,,,,1,1,en_wh_098,,1,,26720,26720,,5,,,,,,,,,,,,,,,,,"21,36","NEW rental,WiMAX HOME 5G L12/L13"
1875,18039,0,0,,,1,カート用通常フラグ,WiMAX HOME 5G L12/L13 Unlimited,1,,,,,,,,*,wh/img001.jpg,*,wh/img001.jpg,,,,,,,,,,,,,,,,,,,,,,,1,1,en_wh_099_in,,1,,27310,27860,,5,,,,,,,,,,,,,,,,,"21,36","NEW rental,WiMAX HOME 5G L12/L13"
1876,18040,0,0,,,1,カート用通常フラグ,WiMAX HOME 5G L12/L13 Unlimited,1,,,,,,,,*,wh/img001.jpg,*,wh/img001.jpg,,,,,,,,,,,,,,,,,,,,,,,1,1,en_wh_099,,1,,27310,27310,,5,,,,,,,,,,,,,,,,,"21,36","NEW rental,WiMAX HOME 5G L12/L13"
1877,18041,0,0,,,1,カート用通常フラグ,WiMAX HOME 5G L12/L13 Unlimited,1,,,,,,,,*,wh/img001.jpg,*,wh/img001.jpg,,,,,,,,,,,,,,,,,,,,,,,1,1,en_wh_120_in,,1,,27600,28150,,5,,,,,,,,,,,,,,,,,"21,36","NEW rental,WiMAX HOME 5G L12/L13"
1878,18042,0,0,,,1,カート用通常フラグ,WiMAX HOME 5G L12/L13 Unlimited,1,,,,,,,,*,wh/img001.jpg,*,wh/img001.jpg,,,,,,,,,,,,,,,,,,,,,,,1,1,en_wh_120,,1,,27600,27600,,5,,,,,,,,,,,,,,,,,"21,36","NEW rental,WiMAX HOME 5G L12/L13"
1879,18043,0,0,,,1,カート用通常フラグ,WiMAX HOME 5G L12/L13 Unlimited,1,,,,,,,,*,wh/img001.jpg,*,wh/img001.jpg,,,,,,,,,,,,,,,,,,,,,,,1,1,en_wh_120_in,,1,,27600,28150,,5,,,,,,,,,,,,,,,,,"21,36","NEW rental,WiMAX HOME 5G L12/L13"
1880,18044,0,0,,,1,カート用通常フラグ,WiMAX HOME 5G L12/L13 Unlimited,1,,,,,,,,*,wh/img001.jpg,*,wh/img001.jpg,,,,,,,,,,,,,,,,,,,,,,,1,1,en_wh_120,,1,,27600,27600,,5,,,,,,,,,,,,,,,,,"21,36","NEW rental,WiMAX HOME 5G L12/L13"
1881,18045,0,0,,,1,カート用通常フラグ,WiMAX HOME 5G L12/L13 Unlimited,1,,,,,,,,*,wh/img001.jpg,*,wh/img001.jpg,,,,,,,,,,,,,,,,,,,,,,,1,1,en_wh_120_in,,1,,27600,28150,,5,,,,,,,,,,,,,,,,,"21,36","NEW rental,WiMAX HOME 5G L12/L13"
1882,18046,0,0,,,1,カート用通常フラグ,WiMAX HOME 5G L12/L13 Unlimited,1,,,,,,,,*,wh/img001.jpg,*,wh/img001.jpg,,,,,,,,,,,,,,,,,,,,,,,1,1,en_wh_120,,1,,27600,27600,,5,,,,,,,,,,,,,,,,,"21,36","NEW rental,WiMAX HOME 5G L12/L13"
1883,18047,0,0,,,1,カート用通常フラグ,WiMAX HOME 5G L12/L13 Unlimited,1,,,,,,,,*,wh/img001.jpg,*,wh/img001.jpg,,,,,,,,,,,,,,,,,,,,,,,1,1,en_wh_120_in,,1,,27600,28150,,5,,,,,,,,,,,,,,,,,"21,36","NEW rental,WiMAX HOME 5G L12/L13"
1884,18048,0,0,,,1,カート用通常フラグ,WiMAX HOME 5G L12/L13 Unlimited,1,,,,,,,,*,wh/img001.jpg,*,wh/img001.jpg,,,,,,,,,,,,,,,,,,,,,,,1,1,en_wh_120,,1,,27600,27600,,5,,,,,,,,,,,,,,,,,"21,36","NEW rental,WiMAX HOME 5G L12/L13"
1885,18049,0,0,,,1,カート用通常フラグ,WiMAX HOME 5G L12/L13 Unlimited,1,,,,,,,,*,wh/img001.jpg,*,wh/img001.jpg,,,,,,,,,,,,,,,,,,,,,,,1,1,en_wh_120_in,,1,,27600,28150,,5,,,,,,,,,,,,,,,,,"21,36","NEW rental,WiMAX HOME 5G L12/L13"
1886,18050,0,0,,,1,カート用通常フラグ,WiMAX HOME 5G L12/L13 Unlimited,1,,,,,,,,*,wh/img001.jpg,*,wh/img001.jpg,,,,,,,,,,,,,,,,,,,,,,,1,1,en_wh_120,,1,,27600,27600,,5,,,,,,,,,,,,,,,,,"21,36","NEW rental,WiMAX HOME 5G L12/L13"
1887,18051,0,0,,,1,カート用通常フラグ,WiMAX HOME 5G L12/L13 Unlimited,1,,,,,,,,*,wh/img001.jpg,*,wh/img001.jpg,,,,,,,,,,,,,,,,,,,,,,,1,1,en_wh_120_in,,1,,27600,28150,,5,,,,,,,,,,,,,,,,,"21,36","NEW rental,WiMAX HOME 5G L12/L13"
1888,18052,0,0,,,1,カート用通常フラグ,WiMAX HOME 5G L12/L13 Unlimited,1,,,,,,,,*,wh/img001.jpg,*,wh/img001.jpg,,,,,,,,,,,,,,,,,,,,,,,1,1,en_wh_120,,1,,27600,27600,,5,,,,,,,,,,,,,,,,,"21,36","NEW rental,WiMAX HOME 5G L12/L13"
1889,18053,0,0,,,1,カート用通常フラグ,WiMAX HOME 5G L12/L13 Unlimited,1,,,,,,,,*,wh/img001.jpg,*,wh/img001.jpg,,,,,,,,,,,,,,,,,,,,,,,1,1,en_wh_120_in,,1,,27600,28150,,5,,,,,,,,,,,,,,,,,"21,36","NEW rental,WiMAX HOME 5G L12/L13"
1890,18054,0,0,,,1,カート用通常フラグ,WiMAX HOME 5G L12/L13 Unlimited,1,,,,,,,,*,wh/img001.jpg,*,wh/img001.jpg,,,,,,,,,,,,,,,,,,,,,,,1,1,en_wh_120,,1,,27600,27600,,5,,,,,,,,,,,,,,,,,"21,36","NEW rental,WiMAX HOME 5G L12/L13"
1891,18055,0,0,,,1,カート用通常フラグ,WiMAX HOME 5G L12/L13 Unlimited,1,,,,,,,,*,wh/img001.jpg,*,wh/img001.jpg,,,,,,,,,,,,,,,,,,,,,,,1,1,en_wh_120_in,,1,,27600,28150,,5,,,,,,,,,,,,,,,,,"21,36","NEW rental,WiMAX HOME 5G L12/L13"
1892,18056,0,0,,,1,カート用通常フラグ,WiMAX HOME 5G L12/L13 Unlimited,1,,,,,,,,*,wh/img001.jpg,*,wh/img001.jpg,,,,,,,,,,,,,,,,,,,,,,,1,1,en_wh_120,,1,,27600,27600,,5,,,,,,,,,,,,,,,,,"21,36","NEW rental,WiMAX HOME 5G L12/L13"
1893,18057,0,0,,,1,カート用通常フラグ,WiMAX HOME 5G L12/L13 Unlimited,1,,,,,,,,*,wh/img001.jpg,*,wh/img001.jpg,,,,,,,,,,,,,,,,,,,,,,,1,1,en_wh_120_in,,1,,27600,28150,,5,,,,,,,,,,,,,,,,,"21,36","NEW rental,WiMAX HOME 5G L12/L13"
1894,18058,0,0,,,1,カート用通常フラグ,WiMAX HOME 5G L12/L13 Unlimited,1,,,,,,,,*,wh/img001.jpg,*,wh/img001.jpg,,,,,,,,,,,,,,,,,,,,,,,1,1,en_wh_120,,1,,27600,27600,,5,,,,,,,,,,,,,,,,,"21,36","NEW rental,WiMAX HOME 5G L12/L13"
1895,18059,0,0,,,1,カート用通常フラグ,WiMAX HOME 5G L12/L13 Unlimited,1,,,,,,,,*,wh/img001.jpg,*,wh/img001.jpg,,,,,,,,,,,,,,,,,,,,,,,1,1,en_wh_120_in,,1,,27600,28150,,5,,,,,,,,,,,,,,,,,"21,36","NEW rental,WiMAX HOME 5G L12/L13"
1896,18060,0,0,,,1,カート用通常フラグ,WiMAX HOME 5G L12/L13 Unlimited,1,,,,,,,,*,wh/img001.jpg,*,wh/img001.jpg,,,,,,,,,,,,,,,,,,,,,,,1,1,en_wh_120,,1,,27600,27600,,5,,,,,,,,,,,,,,,,,"21,36","NEW rental,WiMAX HOME 5G L12/L13"
1897,18061,0,0,,,1,カート用通常フラグ,WiMAX HOME 5G L12/L13 Unlimited,1,,,,,,,,*,wh/img001.jpg,*,wh/img001.jpg,,,,,,,,,,,,,,,,,,,,,,,1,1,en_wh_120_in,,1,,27600,28150,,5,,,,,,,,,,,,,,,,,"21,36","NEW rental,WiMAX HOME 5G L12/L13"
1898,18062,0,0,,,1,カート用通常フラグ,WiMAX HOME 5G L12/L13 Unlimited,1,,,,,,,,*,wh/img001.jpg,*,wh/img001.jpg,,,,,,,,,,,,,,,,,,,,,,,1,1,en_wh_120,,1,,27600,27600,,5,,,,,,,,,,,,,,,,,"21,36","NEW rental,WiMAX HOME 5G L12/L13"
1899,18063,0,0,,,1,カート用通常フラグ,WiMAX HOME 5G L12/L13 Unlimited,1,,,,,,,,*,wh/img001.jpg,*,wh/img001.jpg,,,,,,,,,,,,,,,,,,,,,,,1,1,en_wh_120_in,,1,,27600,28150,,5,,,,,,,,,,,,,,,,,"21,36","NEW rental,WiMAX HOME 5G L12/L13"
1900,18064,0,0,,,1,カート用通常フラグ,WiMAX HOME 5G L12/L13 Unlimited,1,,,,,,,,*,wh/img001.jpg,*,wh/img001.jpg,,,,,,,,,,,,,,,,,,,,,,,1,1,en_wh_120,,1,,27600,27600,,5,,,,,,,,,,,,,,,,,"21,36","NEW rental,WiMAX HOME 5G L12/L13"
1901,18065,0,0,,,1,カート用通常フラグ,WiMAX HOME 5G L12/L13 Unlimited,1,,,,,,,,*,wh/img001.jpg,*,wh/img001.jpg,,,,,,,,,,,,,,,,,,,,,,,1,1,en_wh_120_in,,1,,27600,28150,,5,,,,,,,,,,,,,,,,,"21,36","NEW rental,WiMAX HOME 5G L12/L13"
1902,18066,0,0,,,1,カート用通常フラグ,WiMAX HOME 5G L12/L13 Unlimited,1,,,,,,,,*,wh/img001.jpg,*,wh/img001.jpg,,,,,,,,,,,,,,,,,,,,,,,1,1,en_wh_120,,1,,27600,27600,,5,,,,,,,,,,,,,,,,,"21,36","NEW rental,WiMAX HOME 5G L12/L13"
1903,18067,0,0,,,1,カート用通常フラグ,WiMAX HOME 5G L12/L13 Unlimited,1,,,,,,,,*,wh/img001.jpg,*,wh/img001.jpg,,,,,,,,,,,,,,,,,,,,,,,1,1,en_wh_120_in,,1,,27600,28150,,5,,,,,,,,,,,,,,,,,"21,36","NEW rental,WiMAX HOME 5G L12/L13"
1841,18005,0,0,,,1,カート用通常フラグ,WiMAX HOME 5G L12/L13 Unlimited,1,,,,,,,,*,wh/img001.jpg,*,wh/img001.jpg,,,,,,,,,,,,,,,,,,,,,,,1,1,en_wh_090_in,,1,,22000,22550,,5,,,,,,,,,,,,,,,,,"21,36","NEW rental,WiMAX HOME 5G L12/L13"
1842,18006,0,0,,,1,カート用通常フラグ,WiMAX HOME 5G L12/L13 Unlimited,1,,,,,,,,*,wh/img001.jpg,*,wh/img001.jpg,,,,,,,,,,,,,,,,,,,,,,,1,1,en_wh_090,,1,,22000,22000,,5,,,,,,,,,,,,,,,,,"21,36","NEW rental,WiMAX HOME 5G L12/L13"
1843,18007,0,0,,,1,カート用通常フラグ,WiMAX HOME 5G L12/L13 Unlimited,1,,,,,,,,*,wh/img001.jpg,*,wh/img001.jpg,,,,,,,,,,,,,,,,,,,,,,,1,1,en_wh_090_in,,1,,22000,22550,,5,,,,,,,,,,,,,,,,,"21,36","NEW rental,WiMAX HOME 5G L12/L13"
1844,18008,0,0,,,1,カート用通常フラグ,WiMAX HOME 5G L12/L13 Unlimited,1,,,,,,,,*,wh/img001.jpg,*,wh/img001.jpg,,,,,,,,,,,,,,,,,,,,,,,1,1,en_wh_090,,1,,22000,22000,,5,,,,,,,,,,,,,,,,,"21,36","NEW rental,WiMAX HOME 5G L12/L13"
1845,18009,0,0,,,1,カート用通常フラグ,WiMAX HOME 5G L12/L13 Unlimited,1,,,,,,,,*,wh/img001.jpg,*,wh/img001.jpg,,,,,,,,,,,,,,,,,,,,,,,1,1,en_wh_090_in,,1,,22000,22550,,5,,,,,,,,,,,,,,,,,"21,36","NEW rental,WiMAX HOME 5G L12/L13"
1846,18010,0,0,,,1,カート用通常フラグ,WiMAX HOME 5G L12/L13 Unlimited,1,,,,,,,,*,wh/img001.jpg,*,wh/img001.jpg,,,,,,,,,,,,,,,,,,,,,,,1,1,en_wh_090,,1,,22000,22000,,5,,,,,,,,,,,,,,,,,"21,36","NEW rental,WiMAX HOME 5G L12/L13"
1847,18011,0,0,,,1,カート用通常フラグ,WiMAX HOME 5G L12/L13 Unlimited,1,,,,,,,,*,wh/img001.jpg,*,wh/img001.jpg,,,,,,,,,,,,,,,,,,,,,,,1,1,en_wh_090_in,,1,,22000,22550,,5,,,,,,,,,,,,,,,,,"21,36","NEW rental,WiMAX HOME 5G L12/L13"
1848,18012,0,0,,,1,カート用通常フラグ,WiMAX HOME 5G L12/L13 Unlimited,1,,,,,,,,*,wh/img001.jpg,*,wh/img001.jpg,,,,,,,,,,,,,,,,,,,,,,,1,1,en_wh_090,,1,,22000,22000,,5,,,,,,,,,,,,,,,,,"21,36","NEW rental,WiMAX HOME 5G L12/L13"
1849,18013,0,0,,,1,カート用通常フラグ,WiMAX HOME 5G L12/L13 Unlimited,1,,,,,,,,*,wh/img001.jpg,*,wh/img001.jpg,,,,,,,,,,,,,,,,,,,,,,,1,1,en_wh_090_in,,1,,22000,22550,,5,,,,,,,,,,,,,,,,,"21,36","NEW rental,WiMAX HOME 5G L12/L13"
1850,18014,0,0,,,1,カート用通常フラグ,WiMAX HOME 5G L12/L13 Unlimited,1,,,,,,,,*,wh/img001.jpg,*,wh/img001.jpg,,,,,,,,,,,,,,,,,,,,,,,1,1,en_wh_090,,1,,22000,22000,,5,,,,,,,,,,,,,,,,,"21,36","NEW rental,WiMAX HOME 5G L12/L13"
1851,18015,0,0,,,1,カート用通常フラグ,WiMAX HOME 5G L12/L13 Unlimited,1,,,,,,,,*,wh/img001.jpg,*,wh/img001.jpg,,,,,,,,,,,,,,,,,,,,,,,1,1,en_wh_090_in,,1,,22000,22550,,5,,,,,,,,,,,,,,,,,"21,36","NEW rental,WiMAX HOME 5G L12/L13"
1852,18016,0,0,,,1,カート用通常フラグ,WiMAX HOME 5G L12/L13 Unlimited,1,,,,,,,,*,wh/img001.jpg,*,wh/img001.jpg,,,,,,,,,,,,,,,,,,,,,,,1,1,en_wh_090,,1,,22000,22000,,5,,,,,,,,,,,,,,,,,"21,36","NEW rental,WiMAX HOME 5G L12/L13"
1853,18017,0,0,,,1,カート用通常フラグ,WiMAX HOME 5G L12/L13 Unlimited,1,,,,,,,,*,wh/img001.jpg,*,wh/img001.jpg,,,,,,,,,,,,,,,,,,,,,,,1,1,en_wh_090_in,,1,,22000,22550,,5,,,,,,,,,,,,,,,,,"21,36","NEW rental,WiMAX HOME 5G L12/L13"
1854,18018,0,0,,,1,カート用通常フラグ,WiMAX HOME 5G L12/L13 Unlimited,1,,,,,,,,*,wh/img001.jpg,*,wh/img001.jpg,,,,,,,,,,,,,,,,,,,,,,,1,1,en_wh_090,,1,,22000,22000,,5,,,,,,,,,,,,,,,,,"21,36","NEW rental,WiMAX HOME 5G L12/L13"
1855,18019,0,0,,,1,カート用通常フラグ,WiMAX HOME 5G L12/L13 Unlimited,1,,,,,,,,*,wh/img001.jpg,*,wh/img001.jpg,,,,,,,,,,,,,,,,,,,,,,,1,1,en_wh_090_in,,1,,22000,22550,,5,,,,,,,,,,,,,,,,,"21,36","NEW rental,WiMAX HOME 5G L12/L13"
1856,18020,0,0,,,1,カート用通常フラグ,WiMAX HOME 5G L12/L13 Unlimited,1,,,,,,,,*,wh/img001.jpg,*,wh/img001.jpg,,,,,,,,,,,,,,,,,,,,,,,1,1,en_wh_090,,1,,22000,22000,,5,,,,,,,,,,,,,,,,,"21,36","NEW rental,WiMAX HOME 5G L12/L13"
1857,18021,0,0,,,1,カート用通常フラグ,WiMAX HOME 5G L12/L13 Unlimited,1,,,,,,,,*,wh/img001.jpg,*,wh/img001.jpg,,,,,,,,,,,,,,,,,,,,,,,1,1,en_wh_090_in,,1,,22000,22550,,5,,,,,,,,,,,,,,,,,"21,36","NEW rental,WiMAX HOME 5G L12/L13"
1858,18022,0,0,,,1,カート用通常フラグ,WiMAX HOME 5G L12/L13 Unlimited,1,,,,,,,,*,wh/img001.jpg,*,wh/img001.jpg,,,,,,,,,,,,,,,,,,,,,,,1,1,en_wh_090,,1,,22000,22000,,5,,,,,,,,,,,,,,,,,"21,36","NEW rental,WiMAX HOME 5G L12/L13"
1859,18023,0,0,,,1,カート用通常フラグ,WiMAX HOME 5G L12/L13 Unlimited,1,,,,,,,,*,wh/img001.jpg,*,wh/img001.jpg,,,,,,,,,,,,,,,,,,,,,,,1,1,en_wh_091_in,,1,,22590,23140,,5,,,,,,,,,,,,,,,,,"21,36","NEW rental,WiMAX HOME 5G L12/L13"
1860,18024,0,0,,,1,カート用通常フラグ,WiMAX HOME 5G L12/L13 Unlimited,1,,,,,,,,*,wh/img001.jpg,*,wh/img001.jpg,,,,,,,,,,,,,,,,,,,,,,,1,1,en_wh_091,,1,,22590,22590,,5,,,,,,,,,,,,,,,,,"21,36","NEW rental,WiMAX HOME 5G L12/L13"
1861,18025,0,0,,,1,カート用通常フラグ,WiMAX HOME 5G L12/L13 Unlimited,1,,,,,,,,*,wh/img001.jpg,*,wh/img001.jpg,,,,,,,,,,,,,,,,,,,,,,,1,1,en_wh_092_in,,1,,23180,23730,,5,,,,,,,,,,,,,,,,,"21,36","NEW rental,WiMAX HOME 5G L12/L13"
1862,18026,0,0,,,1,カート用通常フラグ,WiMAX HOME 5G L12/L13 Unlimited,1,,,,,,,,*,wh/img001.jpg,*,wh/img001.jpg,,,,,,,,,,,,,,,,,,,,,,,1,1,en_wh_092,,1,,23180,23180,,5,,,,,,,,,,,,,,,,,"21,36","NEW rental,WiMAX HOME 5G L12/L13"
1863,18027,0,0,,,1,カート用通常フラグ,WiMAX HOME 5G L12/L13 Unlimited,1,,,,,,,,*,wh/img001.jpg,*,wh/img001.jpg,,,,,,,,,,,,,,,,,,,,,,,1,1,en_wh_093_in,,1,,23770,24320,,5,,,,,,,,,,,,,,,,,"21,36","NEW rental,WiMAX HOME 5G L12/L13"
1864,18028,0,0,,,1,カート用通常フラグ,WiMAX HOME 5G L12/L13 Unlimited,1,,,,,,,,*,wh/img001.jpg,*,wh/img001.jpg,,,,,,,,,,,,,,,,,,,,,,,1,1,en_wh_093,,1,,23770,23770,,5,,,,,,,,,,,,,,,,,"21,36","NEW rental,WiMAX HOME 5G L12/L13"
1865,18029,0,0,,,1,カート用通常フラグ,WiMAX HOME 5G L12/L13 Unlimited,1,,,,,,,,*,wh/img001.jpg,*,wh/img001.jpg,,,,,,,,,,,,,,,,,,,,,,,1,1,en_wh_094_in,,1,,24360,24910,,5,,,,,,,,,,,,,,,,,"21,36","NEW rental,WiMAX HOME 5G L12/L13"
1866,18030,0,0,,,1,カート用通常フラグ,WiMAX HOME 5G L12/L13 Unlimited,1,,,,,,,,*,wh/img001.jpg,*,wh/img001.jpg,,,,,,,,,,,,,,,,,,,,,,,1,1,en_wh_094,,1,,24360,24360,,5,,,,,,,,,,,,,,,,,"21,36","NEW rental,WiMAX HOME 5G L12/L13"
1867,18031,0,0,,,1,カート用通常フラグ,WiMAX HOME 5G L12/L13 Unlimited,1,,,,,,,,*,wh/img001.jpg,*,wh/img001.jpg,,,,,,,,,,,,,,,,,,,,,,,1,1,en_wh_095_in,,1,,24950,25500,,5,,,,,,,,,,,,,,,,,"21,36","NEW rental,WiMAX HOME 5G L12/L13"
1868,18032,0,0,,,1,カート用通常フラグ,WiMAX HOME 5G L12/L13 Unlimited,1,,,,,,,,*,wh/img001.jpg,*,wh/img001.jpg,,,,,,,,,,,,,,,,,,,,,,,1,1,en_wh_095,,1,,24950,24950,,5,,,,,,,,,,,,,,,,,"21,36","NEW rental,WiMAX HOME 5G L12/L13"
1869,18033,0,0,,,1,カート用通常フラグ,WiMAX HOME 5G L12/L13 Unlimited,1,,,,,,,,*,wh/img001.jpg,*,wh/img001.jpg,,,,,,,,,,,,,,,,,,,,,,,1,1,en_wh_096_in,,1,,25540,26090,,5,,,,,,,,,,,,,,,,,"21,36","NEW rental,WiMAX HOME 5G L12/L13"
1870,18034,0,0,,,1,カート用通常フラグ,WiMAX HOME 5G L12/L13 Unlimited,1,,,,,,,,*,wh/img001.jpg,*,wh/img001.jpg,,,,,,,,,,,,,,,,,,,,,,,1,1,en_wh_096,,1,,25540,25540,,5,,,,,,,,,,,,,,,,,"21,36","NEW rental,WiMAX HOME 5G L12/L13"
1871,18035,0,0,,,1,カート用通常フラグ,WiMAX HOME 5G L12/L13 Unlimited,1,,,,,,,,*,wh/img001.jpg,*,wh/img001.jpg,,,,,,,,,,,,,,,,,,,,,,,1,1,en_wh_097_in,,1,,26130,26680,,5,,,,,,,,,,,,,,,,,"21,36","NEW rental,WiMAX HOME 5G L12/L13"
1872,18036,0,0,,,1,カート用通常フラグ,WiMAX HOME 5G L12/L13 Unlimited,1,,,,,,,,*,wh/img001.jpg,*,wh/img001.jpg,,,,,,,,,,,,,,,,,,,,,,,1,1,en_wh_097,,1,,26130,26130,,5,,,,,,,,,,,,,,,,,"21,36","NEW rental,WiMAX HOME 5G L12/L13"
1873,18037,0,0,,,1,カート用通常フラグ,WiMAX HOME 5G L12/L13 Unlimited,1,,,,,,,,*,wh/img001.jpg,*,wh/img001.jpg,,,,,,,,,,,,,,,,,,,,,,,1,1,en_wh_098_in,,1,,26720,27270,,5,,,,,,,,,,,,,,,,,"21,36","NEW rental,WiMAX HOME 5G L12/L13"
1806,17970,0,0,,,1,カート用通常フラグ,WiMAX HOME 5G L12/L13 Unlimited,1,,,,,,,,*,wh/img001.jpg,*,wh/img001.jpg,,,,,,,,,,,,,,,,,,,,,,,1,1,en_wh_064,,1,,18060,18060,,5,,,,,,,,,,,,,,,,,"21,36","NEW rental,WiMAX HOME 5G L12/L13"
1807,17971,0,0,,,1,カート用通常フラグ,WiMAX HOME 5G L12/L13 Unlimited,1,,,,,,,,*,wh/img001.jpg,*,wh/img001.jpg,,,,,,,,,,,,,,,,,,,,,,,1,1,en_wh_065_in,,1,,18650,19200,,5,,,,,,,,,,,,,,,,,"21,36","NEW rental,WiMAX HOME 5G L12/L13"
1808,17972,0,0,,,1,カート用通常フラグ,WiMAX HOME 5G L12/L13 Unlimited,1,,,,,,,,*,wh/img001.jpg,*,wh/img001.jpg,,,,,,,,,,,,,,,,,,,,,,,1,1,en_wh_065,,1,,18650,18650,,5,,,,,,,,,,,,,,,,,"21,36","NEW rental,WiMAX HOME 5G L12/L13"
1809,17973,0,0,,,1,カート用通常フラグ,WiMAX HOME 5G L12/L13 Unlimited,1,,,,,,,,*,wh/img001.jpg,*,wh/img001.jpg,,,,,,,,,,,,,,,,,,,,,,,1,1,en_wh_066_in,,1,,19240,19790,,5,,,,,,,,,,,,,,,,,"21,36","NEW rental,WiMAX HOME 5G L12/L13"
1810,17974,0,0,,,1,カート用通常フラグ,WiMAX HOME 5G L12/L13 Unlimited,1,,,,,,,,*,wh/img001.jpg,*,wh/img001.jpg,,,,,,,,,,,,,,,,,,,,,,,1,1,en_wh_066,,1,,19240,19240,,5,,,,,,,,,,,,,,,,,"21,36","NEW rental,WiMAX HOME 5G L12/L13"
1811,17975,0,0,,,1,カート用通常フラグ,WiMAX HOME 5G L12/L13 Unlimited,1,,,,,,,,*,wh/img001.jpg,*,wh/img001.jpg,,,,,,,,,,,,,,,,,,,,,,,1,1,en_wh_067_in,,1,,19830,20380,,5,,,,,,,,,,,,,,,,,"21,36","NEW rental,WiMAX HOME 5G L12/L13"
1812,17976,0,0,,,1,カート用通常フラグ,WiMAX HOME 5G L12/L13 Unlimited,1,,,,,,,,*,wh/img001.jpg,*,wh/img001.jpg,,,,,,,,,,,,,,,,,,,,,,,1,1,en_wh_067,,1,,19830,19830,,5,,,,,,,,,,,,,,,,,"21,36","NEW rental,WiMAX HOME 5G L12/L13"
1813,17977,0,0,,,1,カート用通常フラグ,WiMAX HOME 5G L12/L13 Unlimited,1,,,,,,,,*,wh/img001.jpg,*,wh/img001.jpg,,,,,,,,,,,,,,,,,,,,,,,1,1,en_wh_068_in,,1,,20420,20970,,5,,,,,,,,,,,,,,,,,"21,36","NEW rental,WiMAX HOME 5G L12/L13"
1814,17978,0,0,,,1,カート用通常フラグ,WiMAX HOME 5G L12/L13 Unlimited,1,,,,,,,,*,wh/img001.jpg,*,wh/img001.jpg,,,,,,,,,,,,,,,,,,,,,,,1,1,en_wh_068,,1,,20420,20420,,5,,,,,,,,,,,,,,,,,"21,36","NEW rental,WiMAX HOME 5G L12/L13"
1815,17979,0,0,,,1,カート用通常フラグ,WiMAX HOME 5G L12/L13 Unlimited,1,,,,,,,,*,wh/img001.jpg,*,wh/img001.jpg,,,,,,,,,,,,,,,,,,,,,,,1,1,en_wh_069_in,,1,,21010,21560,,5,,,,,,,,,,,,,,,,,"21,36","NEW rental,WiMAX HOME 5G L12/L13"
1816,17980,0,0,,,1,カート用通常フラグ,WiMAX HOME 5G L12/L13 Unlimited,1,,,,,,,,*,wh/img001.jpg,*,wh/img001.jpg,,,,,,,,,,,,,,,,,,,,,,,1,1,en_wh_069,,1,,21010,21010,,5,,,,,,,,,,,,,,,,,"21,36","NEW rental,WiMAX HOME 5G L12/L13"
1817,17981,0,0,,,1,カート用通常フラグ,WiMAX HOME 5G L12/L13 Unlimited,1,,,,,,,,*,wh/img001.jpg,*,wh/img001.jpg,,,,,,,,,,,,,,,,,,,,,,,1,1,en_wh_070_in,,1,,21600,22150,,5,,,,,,,,,,,,,,,,,"21,36","NEW rental,WiMAX HOME 5G L12/L13"
1818,17982,0,0,,,1,カート用通常フラグ,WiMAX HOME 5G L12/L13 Unlimited,1,,,,,,,,*,wh/img001.jpg,*,wh/img001.jpg,,,,,,,,,,,,,,,,,,,,,,,1,1,en_wh_070,,1,,21600,21600,,5,,,,,,,,,,,,,,,,,"21,36","NEW rental,WiMAX HOME 5G L12/L13"
1819,17983,0,0,,,1,カート用通常フラグ,WiMAX HOME 5G L12/L13 Unlimited,1,,,,,,,,*,wh/img001.jpg,*,wh/img001.jpg,,,,,,,,,,,,,,,,,,,,,,,1,1,en_wh_090_in,,1,,22000,22550,,5,,,,,,,,,,,,,,,,,"21,36","NEW rental,WiMAX HOME 5G L12/L13"
1820,17984,0,0,,,1,カート用通常フラグ,WiMAX HOME 5G L12/L13 Unlimited,1,,,,,,,,*,wh/img001.jpg,*,wh/img001.jpg,,,,,,,,,,,,,,,,,,,,,,,1,1,en_wh_090,,1,,22000,22000,,5,,,,,,,,,,,,,,,,,"21,36","NEW rental,WiMAX HOME 5G L12/L13"
1821,17985,0,0,,,1,カート用通常フラグ,WiMAX HOME 5G L12/L13 Unlimited,1,,,,,,,,*,wh/img001.jpg,*,wh/img001.jpg,,,,,,,,,,,,,,,,,,,,,,,1,1,en_wh_090_in,,1,,22000,22550,,5,,,,,,,,,,,,,,,,,"21,36","NEW rental,WiMAX HOME 5G L12/L13"
1822,17986,0,0,,,1,カート用通常フラグ,WiMAX HOME 5G L12/L13 Unlimited,1,,,,,,,,*,wh/img001.jpg,*,wh/img001.jpg,,,,,,,,,,,,,,,,,,,,,,,1,1,en_wh_090,,1,,22000,22000,,5,,,,,,,,,,,,,,,,,"21,36","NEW rental,WiMAX HOME 5G L12/L13"
1823,17987,0,0,,,1,カート用通常フラグ,WiMAX HOME 5G L12/L13 Unlimited,1,,,,,,,,*,wh/img001.jpg,*,wh/img001.jpg,,,,,,,,,,,,,,,,,,,,,,,1,1,en_wh_090_in,,1,,22000,22550,,5,,,,,,,,,,,,,,,,,"21,36","NEW rental,WiMAX HOME 5G L12/L13"
1824,17988,0,0,,,1,カート用通常フラグ,WiMAX HOME 5G L12/L13 Unlimited,1,,,,,,,,*,wh/img001.jpg,*,wh/img001.jpg,,,,,,,,,,,,,,,,,,,,,,,1,1,en_wh_090,,1,,22000,22000,,5,,,,,,,,,,,,,,,,,"21,36","NEW rental,WiMAX HOME 5G L12/L13"
1825,17989,0,0,,,1,カート用通常フラグ,WiMAX HOME 5G L12/L13 Unlimited,1,,,,,,,,*,wh/img001.jpg,*,wh/img001.jpg,,,,,,,,,,,,,,,,,,,,,,,1,1,en_wh_090_in,,1,,22000,22550,,5,,,,,,,,,,,,,,,,,"21,36","NEW rental,WiMAX HOME 5G L12/L13"
1826,17990,0,0,,,1,カート用通常フラグ,WiMAX HOME 5G L12/L13 Unlimited,1,,,,,,,,*,wh/img001.jpg,*,wh/img001.jpg,,,,,,,,,,,,,,,,,,,,,,,1,1,en_wh_090,,1,,22000,22000,,5,,,,,,,,,,,,,,,,,"21,36","NEW rental,WiMAX HOME 5G L12/L13"
1827,17991,0,0,,,1,カート用通常フラグ,WiMAX HOME 5G L12/L13 Unlimited,1,,,,,,,,*,wh/img001.jpg,*,wh/img001.jpg,,,,,,,,,,,,,,,,,,,,,,,1,1,en_wh_090_in,,1,,22000,22550,,5,,,,,,,,,,,,,,,,,"21,36","NEW rental,WiMAX HOME 5G L12/L13"
1828,17992,0,0,,,1,カート用通常フラグ,WiMAX HOME 5G L12/L13 Unlimited,1,,,,,,,,*,wh/img001.jpg,*,wh/img001.jpg,,,,,,,,,,,,,,,,,,,,,,,1,1,en_wh_090,,1,,22000,22000,,5,,,,,,,,,,,,,,,,,"21,36","NEW rental,WiMAX HOME 5G L12/L13"
1829,17993,0,0,,,1,カート用通常フラグ,WiMAX HOME 5G L12/L13 Unlimited,1,,,,,,,,*,wh/img001.jpg,*,wh/img001.jpg,,,,,,,,,,,,,,,,,,,,,,,1,1,en_wh_090_in,,1,,22000,22550,,5,,,,,,,,,,,,,,,,,"21,36","NEW rental,WiMAX HOME 5G L12/L13"
1830,17994,0,0,,,1,カート用通常フラグ,WiMAX HOME 5G L12/L13 Unlimited,1,,,,,,,,*,wh/img001.jpg,*,wh/img001.jpg,,,,,,,,,,,,,,,,,,,,,,,1,1,en_wh_090,,1,,22000,22000,,5,,,,,,,,,,,,,,,,,"21,36","NEW rental,WiMAX HOME 5G L12/L13"
1831,17995,0,0,,,1,カート用通常フラグ,WiMAX HOME 5G L12/L13 Unlimited,1,,,,,,,,*,wh/img001.jpg,*,wh/img001.jpg,,,,,,,,,,,,,,,,,,,,,,,1,1,en_wh_090_in,,1,,22000,22550,,5,,,,,,,,,,,,,,,,,"21,36","NEW rental,WiMAX HOME 5G L12/L13"
1832,17996,0,0,,,1,カート用通常フラグ,WiMAX HOME 5G L12/L13 Unlimited,1,,,,,,,,*,wh/img001.jpg,*,wh/img001.jpg,,,,,,,,,,,,,,,,,,,,,,,1,1,en_wh_090,,1,,22000,22000,,5,,,,,,,,,,,,,,,,,"21,36","NEW rental,WiMAX HOME 5G L12/L13"
1833,17997,0,0,,,1,カート用通常フラグ,WiMAX HOME 5G L12/L13 Unlimited,1,,,,,,,,*,wh/img001.jpg,*,wh/img001.jpg,,,,,,,,,,,,,,,,,,,,,,,1,1,en_wh_090_in,,1,,22000,22550,,5,,,,,,,,,,,,,,,,,"21,36","NEW rental,WiMAX HOME 5G L12/L13"
1834,17998,0,0,,,1,カート用通常フラグ,WiMAX HOME 5G L12/L13 Unlimited,1,,,,,,,,*,wh/img001.jpg,*,wh/img001.jpg,,,,,,,,,,,,,,,,,,,,,,,1,1,en_wh_090,,1,,22000,22000,,5,,,,,,,,,,,,,,,,,"21,36","NEW rental,WiMAX HOME 5G L12/L13"
1835,17999,0,0,,,1,カート用通常フラグ,WiMAX HOME 5G L12/L13 Unlimited,1,,,,,,,,*,wh/img001.jpg,*,wh/img001.jpg,,,,,,,,,,,,,,,,,,,,,,,1,1,en_wh_090_in,,1,,22000,22550,,5,,,,,,,,,,,,,,,,,"21,36","NEW rental,WiMAX HOME 5G L12/L13"
1836,18000,0,0,,,1,カート用通常フラグ,WiMAX HOME 5G L12/L13 Unlimited,1,,,,,,,,*,wh/img001.jpg,*,wh/img001.jpg,,,,,,,,,,,,,,,,,,,,,,,1,1,en_wh_090,,1,,22000,22000,,5,,,,,,,,,,,,,,,,,"21,36","NEW rental,WiMAX HOME 5G L12/L13"
1837,18001,0,0,,,1,カート用通常フラグ,WiMAX HOME 5G L12/L13 Unlimited,1,,,,,,,,*,wh/img001.jpg,*,wh/img001.jpg,,,,,,,,,,,,,,,,,,,,,,,1,1,en_wh_090_in,,1,,22000,22550,,5,,,,,,,,,,,,,,,,,"21,36","NEW rental,WiMAX HOME 5G L12/L13"
1838,18002,0,0,,,1,カート用通常フラグ,WiMAX HOME 5G L12/L13 Unlimited,1,,,,,,,,*,wh/img001.jpg,*,wh/img001.jpg,,,,,,,,,,,,,,,,,,,,,,,1,1,en_wh_090,,1,,22000,22000,,5,,,,,,,,,,,,,,,,,"21,36","NEW rental,WiMAX HOME 5G L12/L13"
1839,18003,0,0,,,1,カート用通常フラグ,WiMAX HOME 5G L12/L13 Unlimited,1,,,,,,,,*,wh/img001.jpg,*,wh/img001.jpg,,,,,,,,,,,,,,,,,,,,,,,1,1,en_wh_090_in,,1,,22000,22550,,5,,,,,,,,,,,,,,,,,"21,36","NEW rental,WiMAX HOME 5G L12/L13"
1840,18004,0,0,,,1,カート用通常フラグ,WiMAX HOME 5G L12/L13 Unlimited,1,,,,,,,,*,wh/img001.jpg,*,wh/img001.jpg,,,,,,,,,,,,,,,,,,,,,,,1,1,en_wh_090,,1,,22000,22000,,5,,,,,,,,,,,,,,,,,"21,36","NEW rental,WiMAX HOME 5G L12/L13"
1770,17934,0,0,,,1,カート用通常フラグ,WiMAX HOME 5G L12/L13 Unlimited,1,,,,,,,,*,wh/img001.jpg,*,wh/img001.jpg,,,,,,,,,,,,,,,,,,,,,,,1,1,en_wh_060,,1,,15700,15700,,5,,,,,,,,,,,,,,,,,"21,36","NEW rental,WiMAX HOME 5G L12/L13"
1771,17935,0,0,,,1,カート用通常フラグ,WiMAX HOME 5G L12/L13 Unlimited,1,,,,,,,,*,wh/img001.jpg,*,wh/img001.jpg,,,,,,,,,,,,,,,,,,,,,,,1,1,en_wh_060_in,,1,,15700,16250,,5,,,,,,,,,,,,,,,,,"21,36","NEW rental,WiMAX HOME 5G L12/L13"
1772,17936,0,0,,,1,カート用通常フラグ,WiMAX HOME 5G L12/L13 Unlimited,1,,,,,,,,*,wh/img001.jpg,*,wh/img001.jpg,,,,,,,,,,,,,,,,,,,,,,,1,1,en_wh_060,,1,,15700,15700,,5,,,,,,,,,,,,,,,,,"21,36","NEW rental,WiMAX HOME 5G L12/L13"
1773,17937,0,0,,,1,カート用通常フラグ,WiMAX HOME 5G L12/L13 Unlimited,1,,,,,,,,*,wh/img001.jpg,*,wh/img001.jpg,,,,,,,,,,,,,,,,,,,,,,,1,1,en_wh_060_in,,1,,15700,16250,,5,,,,,,,,,,,,,,,,,"21,36","NEW rental,WiMAX HOME 5G L12/L13"
1774,17938,0,0,,,1,カート用通常フラグ,WiMAX HOME 5G L12/L13 Unlimited,1,,,,,,,,*,wh/img001.jpg,*,wh/img001.jpg,,,,,,,,,,,,,,,,,,,,,,,1,1,en_wh_060,,1,,15700,15700,,5,,,,,,,,,,,,,,,,,"21,36","NEW rental,WiMAX HOME 5G L12/L13"
1775,17939,0,0,,,1,カート用通常フラグ,WiMAX HOME 5G L12/L13 Unlimited,1,,,,,,,,*,wh/img001.jpg,*,wh/img001.jpg,,,,,,,,,,,,,,,,,,,,,,,1,1,en_wh_060_in,,1,,15700,16250,,5,,,,,,,,,,,,,,,,,"21,36","NEW rental,WiMAX HOME 5G L12/L13"
1776,17940,0,0,,,1,カート用通常フラグ,WiMAX HOME 5G L12/L13 Unlimited,1,,,,,,,,*,wh/img001.jpg,*,wh/img001.jpg,,,,,,,,,,,,,,,,,,,,,,,1,1,en_wh_060,,1,,15700,15700,,5,,,,,,,,,,,,,,,,,"21,36","NEW rental,WiMAX HOME 5G L12/L13"
1777,17941,0,0,,,1,カート用通常フラグ,WiMAX HOME 5G L12/L13 Unlimited,1,,,,,,,,*,wh/img001.jpg,*,wh/img001.jpg,,,,,,,,,,,,,,,,,,,,,,,1,1,en_wh_060_in,,1,,15700,16250,,5,,,,,,,,,,,,,,,,,"21,36","NEW rental,WiMAX HOME 5G L12/L13"
1778,17942,0,0,,,1,カート用通常フラグ,WiMAX HOME 5G L12/L13 Unlimited,1,,,,,,,,*,wh/img001.jpg,*,wh/img001.jpg,,,,,,,,,,,,,,,,,,,,,,,1,1,en_wh_060,,1,,15700,15700,,5,,,,,,,,,,,,,,,,,"21,36","NEW rental,WiMAX HOME 5G L12/L13"
1779,17943,0,0,,,1,カート用通常フラグ,WiMAX HOME 5G L12/L13 Unlimited,1,,,,,,,,*,wh/img001.jpg,*,wh/img001.jpg,,,,,,,,,,,,,,,,,,,,,,,1,1,en_wh_060_in,,1,,15700,16250,,5,,,,,,,,,,,,,,,,,"21,36","NEW rental,WiMAX HOME 5G L12/L13"
1780,17944,0,0,,,1,カート用通常フラグ,WiMAX HOME 5G L12/L13 Unlimited,1,,,,,,,,*,wh/img001.jpg,*,wh/img001.jpg,,,,,,,,,,,,,,,,,,,,,,,1,1,en_wh_060,,1,,15700,15700,,5,,,,,,,,,,,,,,,,,"21,36","NEW rental,WiMAX HOME 5G L12/L13"
1781,17945,0,0,,,1,カート用通常フラグ,WiMAX HOME 5G L12/L13 Unlimited,1,,,,,,,,*,wh/img001.jpg,*,wh/img001.jpg,,,,,,,,,,,,,,,,,,,,,,,1,1,en_wh_060_in,,1,,15700,16250,,5,,,,,,,,,,,,,,,,,"21,36","NEW rental,WiMAX HOME 5G L12/L13"
1782,17946,0,0,,,1,カート用通常フラグ,WiMAX HOME 5G L12/L13 Unlimited,1,,,,,,,,*,wh/img001.jpg,*,wh/img001.jpg,,,,,,,,,,,,,,,,,,,,,,,1,1,en_wh_060,,1,,15700,15700,,5,,,,,,,,,,,,,,,,,"21,36","NEW rental,WiMAX HOME 5G L12/L13"
1783,17947,0,0,,,1,カート用通常フラグ,WiMAX HOME 5G L12/L13 Unlimited,1,,,,,,,,*,wh/img001.jpg,*,wh/img001.jpg,,,,,,,,,,,,,,,,,,,,,,,1,1,en_wh_060_in,,1,,15700,16250,,5,,,,,,,,,,,,,,,,,"21,36","NEW rental,WiMAX HOME 5G L12/L13"
1784,17948,0,0,,,1,カート用通常フラグ,WiMAX HOME 5G L12/L13 Unlimited,1,,,,,,,,*,wh/img001.jpg,*,wh/img001.jpg,,,,,,,,,,,,,,,,,,,,,,,1,1,en_wh_060,,1,,15700,15700,,5,,,,,,,,,,,,,,,,,"21,36","NEW rental,WiMAX HOME 5G L12/L13"
1785,17949,0,0,,,1,カート用通常フラグ,WiMAX HOME 5G L12/L13 Unlimited,1,,,,,,,,*,wh/img001.jpg,*,wh/img001.jpg,,,,,,,,,,,,,,,,,,,,,,,1,1,en_wh_060_in,,1,,15700,16250,,5,,,,,,,,,,,,,,,,,"21,36","NEW rental,WiMAX HOME 5G L12/L13"
1786,17950,0,0,,,1,カート用通常フラグ,WiMAX HOME 5G L12/L13 Unlimited,1,,,,,,,,*,wh/img001.jpg,*,wh/img001.jpg,,,,,,,,,,,,,,,,,,,,,,,1,1,en_wh_060,,1,,15700,15700,,5,,,,,,,,,,,,,,,,,"21,36","NEW rental,WiMAX HOME 5G L12/L13"
1787,17951,0,0,,,1,カート用通常フラグ,WiMAX HOME 5G L12/L13 Unlimited,1,,,,,,,,*,wh/img001.jpg,*,wh/img001.jpg,,,,,,,,,,,,,,,,,,,,,,,1,1,en_wh_060_in,,1,,15700,16250,,5,,,,,,,,,,,,,,,,,"21,36","NEW rental,WiMAX HOME 5G L12/L13"
1788,17952,0,0,,,1,カート用通常フラグ,WiMAX HOME 5G L12/L13 Unlimited,1,,,,,,,,*,wh/img001.jpg,*,wh/img001.jpg,,,,,,,,,,,,,,,,,,,,,,,1,1,en_wh_060,,1,,15700,15700,,5,,,,,,,,,,,,,,,,,"21,36","NEW rental,WiMAX HOME 5G L12/L13"
1789,17953,0,0,,,1,カート用通常フラグ,WiMAX HOME 5G L12/L13 Unlimited,1,,,,,,,,*,wh/img001.jpg,*,wh/img001.jpg,,,,,,,,,,,,,,,,,,,,,,,1,1,en_wh_060_in,,1,,15700,16250,,5,,,,,,,,,,,,,,,,,"21,36","NEW rental,WiMAX HOME 5G L12/L13"
1790,17954,0,0,,,1,カート用通常フラグ,WiMAX HOME 5G L12/L13 Unlimited,1,,,,,,,,*,wh/img001.jpg,*,wh/img001.jpg,,,,,,,,,,,,,,,,,,,,,,,1,1,en_wh_060,,1,,15700,15700,,5,,,,,,,,,,,,,,,,,"21,36","NEW rental,WiMAX HOME 5G L12/L13"
1791,17955,0,0,,,1,カート用通常フラグ,WiMAX HOME 5G L12/L13 Unlimited,1,,,,,,,,*,wh/img001.jpg,*,wh/img001.jpg,,,,,,,,,,,,,,,,,,,,,,,1,1,en_wh_060_in,,1,,15700,16250,,5,,,,,,,,,,,,,,,,,"21,36","NEW rental,WiMAX HOME 5G L12/L13"
1792,17956,0,0,,,1,カート用通常フラグ,WiMAX HOME 5G L12/L13 Unlimited,1,,,,,,,,*,wh/img001.jpg,*,wh/img001.jpg,,,,,,,,,,,,,,,,,,,,,,,1,1,en_wh_060,,1,,15700,15700,,5,,,,,,,,,,,,,,,,,"21,36","NEW rental,WiMAX HOME 5G L12/L13"
1793,17957,0,0,,,1,カート用通常フラグ,WiMAX HOME 5G L12/L13 Unlimited,1,,,,,,,,*,wh/img001.jpg,*,wh/img001.jpg,,,,,,,,,,,,,,,,,,,,,,,1,1,en_wh_060_in,,1,,15700,16250,,5,,,,,,,,,,,,,,,,,"21,36","NEW rental,WiMAX HOME 5G L12/L13"
1794,17958,0,0,,,1,カート用通常フラグ,WiMAX HOME 5G L12/L13 Unlimited,1,,,,,,,,*,wh/img001.jpg,*,wh/img001.jpg,,,,,,,,,,,,,,,,,,,,,,,1,1,en_wh_060,,1,,15700,15700,,5,,,,,,,,,,,,,,,,,"21,36","NEW rental,WiMAX HOME 5G L12/L13"
1795,17959,0,0,,,1,カート用通常フラグ,WiMAX HOME 5G L12/L13 Unlimited,1,,,,,,,,*,wh/img001.jpg,*,wh/img001.jpg,,,,,,,,,,,,,,,,,,,,,,,1,1,en_wh_060_in,,1,,15700,16250,,5,,,,,,,,,,,,,,,,,"21,36","NEW rental,WiMAX HOME 5G L12/L13"
1796,17960,0,0,,,1,カート用通常フラグ,WiMAX HOME 5G L12/L13 Unlimited,1,,,,,,,,*,wh/img001.jpg,*,wh/img001.jpg,,,,,,,,,,,,,,,,,,,,,,,1,1,en_wh_060,,1,,15700,15700,,5,,,,,,,,,,,,,,,,,"21,36","NEW rental,WiMAX HOME 5G L12/L13"
1797,17961,0,0,,,1,カート用通常フラグ,WiMAX HOME 5G L12/L13 Unlimited,1,,,,,,,,*,wh/img001.jpg,*,wh/img001.jpg,,,,,,,,,,,,,,,,,,,,,,,1,1,en_wh_060_in,,1,,15700,16250,,5,,,,,,,,,,,,,,,,,"21,36","NEW rental,WiMAX HOME 5G L12/L13"
1798,17962,0,0,,,1,カート用通常フラグ,WiMAX HOME 5G L12/L13 Unlimited,1,,,,,,,,*,wh/img001.jpg,*,wh/img001.jpg,,,,,,,,,,,,,,,,,,,,,,,1,1,en_wh_060,,1,,15700,15700,,5,,,,,,,,,,,,,,,,,"21,36","NEW rental,WiMAX HOME 5G L12/L13"
1799,17963,0,0,,,1,カート用通常フラグ,WiMAX HOME 5G L12/L13 Unlimited,1,,,,,,,,*,wh/img001.jpg,*,wh/img001.jpg,,,,,,,,,,,,,,,,,,,,,,,1,1,en_wh_061_in,,1,,16290,16840,,5,,,,,,,,,,,,,,,,,"21,36","NEW rental,WiMAX HOME 5G L12/L13"
1800,17964,0,0,,,1,カート用通常フラグ,WiMAX HOME 5G L12/L13 Unlimited,1,,,,,,,,*,wh/img001.jpg,*,wh/img001.jpg,,,,,,,,,,,,,,,,,,,,,,,1,1,en_wh_061,,1,,16290,16290,,5,,,,,,,,,,,,,,,,,"21,36","NEW rental,WiMAX HOME 5G L12/L13"
1801,17965,0,0,,,1,カート用通常フラグ,WiMAX HOME 5G L12/L13 Unlimited,1,,,,,,,,*,wh/img001.jpg,*,wh/img001.jpg,,,,,,,,,,,,,,,,,,,,,,,1,1,en_wh_062_in,,1,,16880,17430,,5,,,,,,,,,,,,,,,,,"21,36","NEW rental,WiMAX HOME 5G L12/L13"
1802,17966,0,0,,,1,カート用通常フラグ,WiMAX HOME 5G L12/L13 Unlimited,1,,,,,,,,*,wh/img001.jpg,*,wh/img001.jpg,,,,,,,,,,,,,,,,,,,,,,,1,1,en_wh_062,,1,,16880,16880,,5,,,,,,,,,,,,,,,,,"21,36","NEW rental,WiMAX HOME 5G L12/L13"
1803,17967,0,0,,,1,カート用通常フラグ,WiMAX HOME 5G L12/L13 Unlimited,1,,,,,,,,*,wh/img001.jpg,*,wh/img001.jpg,,,,,,,,,,,,,,,,,,,,,,,1,1,en_wh_063_in,,1,,17470,18020,,5,,,,,,,,,,,,,,,,,"21,36","NEW rental,WiMAX HOME 5G L12/L13"
1804,17968,0,0,,,1,カート用通常フラグ,WiMAX HOME 5G L12/L13 Unlimited,1,,,,,,,,*,wh/img001.jpg,*,wh/img001.jpg,,,,,,,,,,,,,,,,,,,,,,,1,1,en_wh_063,,1,,17470,17470,,5,,,,,,,,,,,,,,,,,"21,36","NEW rental,WiMAX HOME 5G L12/L13"
1805,17969,0,0,,,1,カート用通常フラグ,WiMAX HOME 5G L12/L13 Unlimited,1,,,,,,,,*,wh/img001.jpg,*,wh/img001.jpg,,,,,,,,,,,,,,,,,,,,,,,1,1,en_wh_064_in,,1,,18060,18610,,5,,,,,,,,,,,,,,,,,"21,36","NEW rental,WiMAX HOME 5G L12/L13"
1734,17898,0,0,,,1,カート用通常フラグ,WiMAX HOME 5G L12/L13 Unlimited,1,,,,,,,,*,wh/img001.jpg,*,wh/img001.jpg,,,,,,,,,,,,,,,,,,,,,,,1,1,en_wh_014,,1,,8850,8850,,5,,,,,,,,,,,,,,,,,"21,36","NEW rental,WiMAX HOME 5G L12/L13"
1735,17899,0,0,,,1,カート用通常フラグ,WiMAX HOME 5G L12/L13 Unlimited,1,,,,,,,,*,wh/img001.jpg,*,wh/img001.jpg,,,,,,,,,,,,,,,,,,,,,,,1,1,en_wh_014_in,,1,,8850,9400,,5,,,,,,,,,,,,,,,,,"21,36","NEW rental,WiMAX HOME 5G L12/L13"
1736,17900,0,0,,,1,カート用通常フラグ,WiMAX HOME 5G L12/L13 Unlimited,1,,,,,,,,*,wh/img001.jpg,*,wh/img001.jpg,,,,,,,,,,,,,,,,,,,,,,,1,1,en_wh_014,,1,,8850,8850,,5,,,,,,,,,,,,,,,,,"21,36","NEW rental,WiMAX HOME 5G L12/L13"
1737,17901,0,0,,,1,カート用通常フラグ,WiMAX HOME 5G L12/L13 Unlimited,1,,,,,,,,*,wh/img001.jpg,*,wh/img001.jpg,,,,,,,,,,,,,,,,,,,,,,,1,1,en_wh_014_in,,1,,8850,9400,,5,,,,,,,,,,,,,,,,,"21,36","NEW rental,WiMAX HOME 5G L12/L13"
1738,17902,0,0,,,1,カート用通常フラグ,WiMAX HOME 5G L12/L13 Unlimited,1,,,,,,,,*,wh/img001.jpg,*,wh/img001.jpg,,,,,,,,,,,,,,,,,,,,,,,1,1,en_wh_014,,1,,8850,8850,,5,,,,,,,,,,,,,,,,,"21,36","NEW rental,WiMAX HOME 5G L12/L13"
1739,17903,0,0,,,1,カート用通常フラグ,WiMAX HOME 5G L12/L13 Unlimited,1,,,,,,,,*,wh/img001.jpg,*,wh/img001.jpg,,,,,,,,,,,,,,,,,,,,,,,1,1,en_wh_031_in,,1,,9440,9990,,5,,,,,,,,,,,,,,,,,"21,36","NEW rental,WiMAX HOME 5G L12/L13"
1740,17904,0,0,,,1,カート用通常フラグ,WiMAX HOME 5G L12/L13 Unlimited,1,,,,,,,,*,wh/img001.jpg,*,wh/img001.jpg,,,,,,,,,,,,,,,,,,,,,,,1,1,en_wh_031,,1,,9440,9440,,5,,,,,,,,,,,,,,,,,"21,36","NEW rental,WiMAX HOME 5G L12/L13"
1741,17905,0,0,,,1,カート用通常フラグ,WiMAX HOME 5G L12/L13 Unlimited,1,,,,,,,,*,wh/img001.jpg,*,wh/img001.jpg,,,,,,,,,,,,,,,,,,,,,,,1,1,en_wh_032_in,,1,,10030,10580,,5,,,,,,,,,,,,,,,,,"21,36","NEW rental,WiMAX HOME 5G L12/L13"
1742,17906,0,0,,,1,カート用通常フラグ,WiMAX HOME 5G L12/L13 Unlimited,1,,,,,,,,*,wh/img001.jpg,*,wh/img001.jpg,,,,,,,,,,,,,,,,,,,,,,,1,1,en_wh_032,,1,,10030,10030,,5,,,,,,,,,,,,,,,,,"21,36","NEW rental,WiMAX HOME 5G L12/L13"
1743,17907,0,0,,,1,カート用通常フラグ,WiMAX HOME 5G L12/L13 Unlimited,1,,,,,,,,*,wh/img001.jpg,*,wh/img001.jpg,,,,,,,,,,,,,,,,,,,,,,,1,1,en_wh_033_in,,1,,10620,11170,,5,,,,,,,,,,,,,,,,,"21,36","NEW rental,WiMAX HOME 5G L12/L13"
1744,17908,0,0,,,1,カート用通常フラグ,WiMAX HOME 5G L12/L13 Unlimited,1,,,,,,,,*,wh/img001.jpg,*,wh/img001.jpg,,,,,,,,,,,,,,,,,,,,,,,1,1,en_wh_033,,1,,10620,10620,,5,,,,,,,,,,,,,,,,,"21,36","NEW rental,WiMAX HOME 5G L12/L13"
1745,17909,0,0,,,1,カート用通常フラグ,WiMAX HOME 5G L12/L13 Unlimited,1,,,,,,,,*,wh/img001.jpg,*,wh/img001.jpg,,,,,,,,,,,,,,,,,,,,,,,1,1,en_wh_034_in,,1,,11210,11760,,5,,,,,,,,,,,,,,,,,"21,36","NEW rental,WiMAX HOME 5G L12/L13"
1746,17910,0,0,,,1,カート用通常フラグ,WiMAX HOME 5G L12/L13 Unlimited,1,,,,,,,,*,wh/img001.jpg,*,wh/img001.jpg,,,,,,,,,,,,,,,,,,,,,,,1,1,en_wh_034,,1,,11210,11210,,5,,,,,,,,,,,,,,,,,"21,36","NEW rental,WiMAX HOME 5G L12/L13"
1747,17911,0,0,,,1,カート用通常フラグ,WiMAX HOME 5G L12/L13 Unlimited,1,,,,,,,,*,wh/img001.jpg,*,wh/img001.jpg,,,,,,,,,,,,,,,,,,,,,,,1,1,en_wh_035_in,,1,,11800,12350,,5,,,,,,,,,,,,,,,,,"21,36","NEW rental,WiMAX HOME 5G L12/L13"
1748,17912,0,0,,,1,カート用通常フラグ,WiMAX HOME 5G L12/L13 Unlimited,1,,,,,,,,*,wh/img001.jpg,*,wh/img001.jpg,,,,,,,,,,,,,,,,,,,,,,,1,1,en_wh_035,,1,,11800,11800,,5,,,,,,,,,,,,,,,,,"21,36","NEW rental,WiMAX HOME 5G L12/L13"
1749,17913,0,0,,,1,カート用通常フラグ,WiMAX HOME 5G L12/L13 Unlimited,1,,,,,,,,*,wh/img001.jpg,*,wh/img001.jpg,,,,,,,,,,,,,,,,,,,,,,,1,1,en_wh_036_in,,1,,12390,12940,,5,,,,,,,,,,,,,,,,,"21,36","NEW rental,WiMAX HOME 5G L12/L13"
1750,17914,0,0,,,1,カート用通常フラグ,WiMAX HOME 5G L12/L13 Unlimited,1,,,,,,,,*,wh/img001.jpg,*,wh/img001.jpg,,,,,,,,,,,,,,,,,,,,,,,1,1,en_wh_036,,1,,12390,12390,,5,,,,,,,,,,,,,,,,,"21,36","NEW rental,WiMAX HOME 5G L12/L13"
1751,17915,0,0,,,1,カート用通常フラグ,WiMAX HOME 5G L12/L13 Unlimited,1,,,,,,,,*,wh/img001.jpg,*,wh/img001.jpg,,,,,,,,,,,,,,,,,,,,,,,1,1,en_wh_037_in,,1,,12980,13530,,5,,,,,,,,,,,,,,,,,"21,36","NEW rental,WiMAX HOME 5G L12/L13"
1752,17916,0,0,,,1,カート用通常フラグ,WiMAX HOME 5G L12/L13 Unlimited,1,,,,,,,,*,wh/img001.jpg,*,wh/img001.jpg,,,,,,,,,,,,,,,,,,,,,,,1,1,en_wh_037,,1,,12980,12980,,5,,,,,,,,,,,,,,,,,"21,36","NEW rental,WiMAX HOME 5G L12/L13"
1753,17917,0,0,,,1,カート用通常フラグ,WiMAX HOME 5G L12/L13 Unlimited,1,,,,,,,,*,wh/img001.jpg,*,wh/img001.jpg,,,,,,,,,,,,,,,,,,,,,,,1,1,en_wh_038_in,,1,,13570,14120,,5,,,,,,,,,,,,,,,,,"21,36","NEW rental,WiMAX HOME 5G L12/L13"
1754,17918,0,0,,,1,カート用通常フラグ,WiMAX HOME 5G L12/L13 Unlimited,1,,,,,,,,*,wh/img001.jpg,*,wh/img001.jpg,,,,,,,,,,,,,,,,,,,,,,,1,1,en_wh_038,,1,,13570,13570,,5,,,,,,,,,,,,,,,,,"21,36","NEW rental,WiMAX HOME 5G L12/L13"
1755,17919,0,0,,,1,カート用通常フラグ,WiMAX HOME 5G L12/L13 Unlimited,1,,,,,,,,*,wh/img001.jpg,*,wh/img001.jpg,,,,,,,,,,,,,,,,,,,,,,,1,1,en_wh_039_in,,1,,14160,14710,,5,,,,,,,,,,,,,,,,,"21,36","NEW rental,WiMAX HOME 5G L12/L13"
1756,17920,0,0,,,1,カート用通常フラグ,WiMAX HOME 5G L12/L13 Unlimited,1,,,,,,,,*,wh/img001.jpg,*,wh/img001.jpg,,,,,,,,,,,,,,,,,,,,,,,1,1,en_wh_039,,1,,14160,14160,,5,,,,,,,,,,,,,,,,,"21,36","NEW rental,WiMAX HOME 5G L12/L13"
1757,17921,0,0,,,1,カート用通常フラグ,WiMAX HOME 5G L12/L13 Unlimited,1,,,,,,,,*,wh/img001.jpg,*,wh/img001.jpg,,,,,,,,,,,,,,,,,,,,,,,1,1,en_wh_040_in,,1,,14750,15300,,5,,,,,,,,,,,,,,,,,"21,36","NEW rental,WiMAX HOME 5G L12/L13"
1758,17922,0,0,,,1,カート用通常フラグ,WiMAX HOME 5G L12/L13 Unlimited,1,,,,,,,,*,wh/img001.jpg,*,wh/img001.jpg,,,,,,,,,,,,,,,,,,,,,,,1,1,en_wh_040,,1,,14750,14750,,5,,,,,,,,,,,,,,,,,"21,36","NEW rental,WiMAX HOME 5G L12/L13"
1759,17923,0,0,,,1,カート用通常フラグ,WiMAX HOME 5G L12/L13 Unlimited,1,,,,,,,,*,wh/img001.jpg,*,wh/img001.jpg,,,,,,,,,,,,,,,,,,,,,,,1,1,en_wh_041_in,,1,,15340,15890,,5,,,,,,,,,,,,,,,,,"21,36","NEW rental,WiMAX HOME 5G L12/L13"
1760,17924,0,0,,,1,カート用通常フラグ,WiMAX HOME 5G L12/L13 Unlimited,1,,,,,,,,*,wh/img001.jpg,*,wh/img001.jpg,,,,,,,,,,,,,,,,,,,,,,,1,1,en_wh_041,,1,,15340,15340,,5,,,,,,,,,,,,,,,,,"21,36","NEW rental,WiMAX HOME 5G L12/L13"
1761,17925,0,0,,,1,カート用通常フラグ,WiMAX HOME 5G L12/L13 Unlimited,1,,,,,,,,*,wh/img001.jpg,*,wh/img001.jpg,,,,,,,,,,,,,,,,,,,,,,,1,1,en_wh_060_in,,1,,15700,16250,,5,,,,,,,,,,,,,,,,,"21,36","NEW rental,WiMAX HOME 5G L12/L13"
1762,17926,0,0,,,1,カート用通常フラグ,WiMAX HOME 5G L12/L13 Unlimited,1,,,,,,,,*,wh/img001.jpg,*,wh/img001.jpg,,,,,,,,,,,,,,,,,,,,,,,1,1,en_wh_060,,1,,15700,15700,,5,,,,,,,,,,,,,,,,,"21,36","NEW rental,WiMAX HOME 5G L12/L13"
1763,17927,0,0,,,1,カート用通常フラグ,WiMAX HOME 5G L12/L13 Unlimited,1,,,,,,,,*,wh/img001.jpg,*,wh/img001.jpg,,,,,,,,,,,,,,,,,,,,,,,1,1,en_wh_060_in,,1,,15700,16250,,5,,,,,,,,,,,,,,,,,"21,36","NEW rental,WiMAX HOME 5G L12/L13"
1764,17928,0,0,,,1,カート用通常フラグ,WiMAX HOME 5G L12/L13 Unlimited,1,,,,,,,,*,wh/img001.jpg,*,wh/img001.jpg,,,,,,,,,,,,,,,,,,,,,,,1,1,en_wh_060,,1,,15700,15700,,5,,,,,,,,,,,,,,,,,"21,36","NEW rental,WiMAX HOME 5G L12/L13"
1765,17929,0,0,,,1,カート用通常フラグ,WiMAX HOME 5G L12/L13 Unlimited,1,,,,,,,,*,wh/img001.jpg,*,wh/img001.jpg,,,,,,,,,,,,,,,,,,,,,,,1,1,en_wh_060_in,,1,,15700,16250,,5,,,,,,,,,,,,,,,,,"21,36","NEW rental,WiMAX HOME 5G L12/L13"
1766,17930,0,0,,,1,カート用通常フラグ,WiMAX HOME 5G L12/L13 Unlimited,1,,,,,,,,*,wh/img001.jpg,*,wh/img001.jpg,,,,,,,,,,,,,,,,,,,,,,,1,1,en_wh_060,,1,,15700,15700,,5,,,,,,,,,,,,,,,,,"21,36","NEW rental,WiMAX HOME 5G L12/L13"
1767,17931,0,0,,,1,カート用通常フラグ,WiMAX HOME 5G L12/L13 Unlimited,1,,,,,,,,*,wh/img001.jpg,*,wh/img001.jpg,,,,,,,,,,,,,,,,,,,,,,,1,1,en_wh_060_in,,1,,15700,16250,,5,,,,,,,,,,,,,,,,,"21,36","NEW rental,WiMAX HOME 5G L12/L13"
1768,17932,0,0,,,1,カート用通常フラグ,WiMAX HOME 5G L12/L13 Unlimited,1,,,,,,,,*,wh/img001.jpg,*,wh/img001.jpg,,,,,,,,,,,,,,,,,,,,,,,1,1,en_wh_060,,1,,15700,15700,,5,,,,,,,,,,,,,,,,,"21,36","NEW rental,WiMAX HOME 5G L12/L13"
1769,17933,0,0,,,1,カート用通常フラグ,WiMAX HOME 5G L12/L13 Unlimited,1,,,,,,,,*,wh/img001.jpg,*,wh/img001.jpg,,,,,,,,,,,,,,,,,,,,,,,1,1,en_wh_060_in,,1,,15700,16250,,5,,,,,,,,,,,,,,,,,"21,36","NEW rental,WiMAX HOME 5G L12/L13"
1702,17866,0,0,,,1,カート用通常フラグ,WiMAX HOME 5G L12/L13 Unlimited,1,,,,,,,,*,wh/img001.jpg,*,wh/img001.jpg,,,,,,,,,,,,,,,,,,,,,,,1,1,en_wh_012,,1,,7670,7670,,5,,,,,,,,,,,,,,,,,"21,36","NEW rental,WiMAX HOME 5G L12/L13"
1703,17867,0,0,,,1,カート用通常フラグ,WiMAX HOME 5G L12/L13 Unlimited,1,,,,,,,,*,wh/img001.jpg,*,wh/img001.jpg,,,,,,,,,,,,,,,,,,,,,,,1,1,en_wh_013_in,,1,,8260,8810,,5,,,,,,,,,,,,,,,,,"21,36","NEW rental,WiMAX HOME 5G L12/L13"
1704,17868,0,0,,,1,カート用通常フラグ,WiMAX HOME 5G L12/L13 Unlimited,1,,,,,,,,*,wh/img001.jpg,*,wh/img001.jpg,,,,,,,,,,,,,,,,,,,,,,,1,1,en_wh_013,,1,,8260,8260,,5,,,,,,,,,,,,,,,,,"21,36","NEW rental,WiMAX HOME 5G L12/L13"
1705,17869,0,0,,,1,カート用通常フラグ,WiMAX HOME 5G L12/L13 Unlimited,1,,,,,,,,*,wh/img001.jpg,*,wh/img001.jpg,,,,,,,,,,,,,,,,,,,,,,,1,1,en_wh_014_in,,1,,8850,9400,,5,,,,,,,,,,,,,,,,,"21,36","NEW rental,WiMAX HOME 5G L12/L13"
1706,17870,0,0,,,1,カート用通常フラグ,WiMAX HOME 5G L12/L13 Unlimited,1,,,,,,,,*,wh/img001.jpg,*,wh/img001.jpg,,,,,,,,,,,,,,,,,,,,,,,1,1,en_wh_014,,1,,8850,8850,,5,,,,,,,,,,,,,,,,,"21,36","NEW rental,WiMAX HOME 5G L12/L13"
1707,17871,0,0,,,1,カート用通常フラグ,WiMAX HOME 5G L12/L13 Unlimited,1,,,,,,,,*,wh/img001.jpg,*,wh/img001.jpg,,,,,,,,,,,,,,,,,,,,,,,1,1,en_wh_014_in,,1,,8850,9400,,5,,,,,,,,,,,,,,,,,"21,36","NEW rental,WiMAX HOME 5G L12/L13"
1708,17872,0,0,,,1,カート用通常フラグ,WiMAX HOME 5G L12/L13 Unlimited,1,,,,,,,,*,wh/img001.jpg,*,wh/img001.jpg,,,,,,,,,,,,,,,,,,,,,,,1,1,en_wh_014,,1,,8850,8850,,5,,,,,,,,,,,,,,,,,"21,36","NEW rental,WiMAX HOME 5G L12/L13"
1709,17873,0,0,,,1,カート用通常フラグ,WiMAX HOME 5G L12/L13 Unlimited,1,,,,,,,,*,wh/img001.jpg,*,wh/img001.jpg,,,,,,,,,,,,,,,,,,,,,,,1,1,en_wh_014_in,,1,,8850,9400,,5,,,,,,,,,,,,,,,,,"21,36","NEW rental,WiMAX HOME 5G L12/L13"
1710,17874,0,0,,,1,カート用通常フラグ,WiMAX HOME 5G L12/L13 Unlimited,1,,,,,,,,*,wh/img001.jpg,*,wh/img001.jpg,,,,,,,,,,,,,,,,,,,,,,,1,1,en_wh_014,,1,,8850,8850,,5,,,,,,,,,,,,,,,,,"21,36","NEW rental,WiMAX HOME 5G L12/L13"
1711,17875,0,0,,,1,カート用通常フラグ,WiMAX HOME 5G L12/L13 Unlimited,1,,,,,,,,*,wh/img001.jpg,*,wh/img001.jpg,,,,,,,,,,,,,,,,,,,,,,,1,1,en_wh_014_in,,1,,8850,9400,,5,,,,,,,,,,,,,,,,,"21,36","NEW rental,WiMAX HOME 5G L12/L13"
1712,17876,0,0,,,1,カート用通常フラグ,WiMAX HOME 5G L12/L13 Unlimited,1,,,,,,,,*,wh/img001.jpg,*,wh/img001.jpg,,,,,,,,,,,,,,,,,,,,,,,1,1,en_wh_014,,1,,8850,8850,,5,,,,,,,,,,,,,,,,,"21,36","NEW rental,WiMAX HOME 5G L12/L13"
1713,17877,0,0,,,1,カート用通常フラグ,WiMAX HOME 5G L12/L13 Unlimited,1,,,,,,,,*,wh/img001.jpg,*,wh/img001.jpg,,,,,,,,,,,,,,,,,,,,,,,1,1,en_wh_014_in,,1,,8850,9400,,5,,,,,,,,,,,,,,,,,"21,36","NEW rental,WiMAX HOME 5G L12/L13"
1714,17878,0,0,,,1,カート用通常フラグ,WiMAX HOME 5G L12/L13 Unlimited,1,,,,,,,,*,wh/img001.jpg,*,wh/img001.jpg,,,,,,,,,,,,,,,,,,,,,,,1,1,en_wh_014,,1,,8850,8850,,5,,,,,,,,,,,,,,,,,"21,36","NEW rental,WiMAX HOME 5G L12/L13"
1715,17879,0,0,,,1,カート用通常フラグ,WiMAX HOME 5G L12/L13 Unlimited,1,,,,,,,,*,wh/img001.jpg,*,wh/img001.jpg,,,,,,,,,,,,,,,,,,,,,,,1,1,en_wh_014_in,,1,,8850,9400,,5,,,,,,,,,,,,,,,,,"21,36","NEW rental,WiMAX HOME 5G L12/L13"
1716,17880,0,0,,,1,カート用通常フラグ,WiMAX HOME 5G L12/L13 Unlimited,1,,,,,,,,*,wh/img001.jpg,*,wh/img001.jpg,,,,,,,,,,,,,,,,,,,,,,,1,1,en_wh_014,,1,,8850,8850,,5,,,,,,,,,,,,,,,,,"21,36","NEW rental,WiMAX HOME 5G L12/L13"
1717,17881,0,0,,,1,カート用通常フラグ,WiMAX HOME 5G L12/L13 Unlimited,1,,,,,,,,*,wh/img001.jpg,*,wh/img001.jpg,,,,,,,,,,,,,,,,,,,,,,,1,1,en_wh_014_in,,1,,8850,9400,,5,,,,,,,,,,,,,,,,,"21,36","NEW rental,WiMAX HOME 5G L12/L13"
1718,17882,0,0,,,1,カート用通常フラグ,WiMAX HOME 5G L12/L13 Unlimited,1,,,,,,,,*,wh/img001.jpg,*,wh/img001.jpg,,,,,,,,,,,,,,,,,,,,,,,1,1,en_wh_014,,1,,8850,8850,,5,,,,,,,,,,,,,,,,,"21,36","NEW rental,WiMAX HOME 5G L12/L13"
1719,17883,0,0,,,1,カート用通常フラグ,WiMAX HOME 5G L12/L13 Unlimited,1,,,,,,,,*,wh/img001.jpg,*,wh/img001.jpg,,,,,,,,,,,,,,,,,,,,,,,1,1,en_wh_014_in,,1,,8850,9400,,5,,,,,,,,,,,,,,,,,"21,36","NEW rental,WiMAX HOME 5G L12/L13"
1720,17884,0,0,,,1,カート用通常フラグ,WiMAX HOME 5G L12/L13 Unlimited,1,,,,,,,,*,wh/img001.jpg,*,wh/img001.jpg,,,,,,,,,,,,,,,,,,,,,,,1,1,en_wh_014,,1,,8850,8850,,5,,,,,,,,,,,,,,,,,"21,36","NEW rental,WiMAX HOME 5G L12/L13"
1721,17885,0,0,,,1,カート用通常フラグ,WiMAX HOME 5G L12/L13 Unlimited,1,,,,,,,,*,wh/img001.jpg,*,wh/img001.jpg,,,,,,,,,,,,,,,,,,,,,,,1,1,en_wh_014_in,,1,,8850,9400,,5,,,,,,,,,,,,,,,,,"21,36","NEW rental,WiMAX HOME 5G L12/L13"
1722,17886,0,0,,,1,カート用通常フラグ,WiMAX HOME 5G L12/L13 Unlimited,1,,,,,,,,*,wh/img001.jpg,*,wh/img001.jpg,,,,,,,,,,,,,,,,,,,,,,,1,1,en_wh_014,,1,,8850,8850,,5,,,,,,,,,,,,,,,,,"21,36","NEW rental,WiMAX HOME 5G L12/L13"
1723,17887,0,0,,,1,カート用通常フラグ,WiMAX HOME 5G L12/L13 Unlimited,1,,,,,,,,*,wh/img001.jpg,*,wh/img001.jpg,,,,,,,,,,,,,,,,,,,,,,,1,1,en_wh_014_in,,1,,8850,9400,,5,,,,,,,,,,,,,,,,,"21,36","NEW rental,WiMAX HOME 5G L12/L13"
1724,17888,0,0,,,1,カート用通常フラグ,WiMAX HOME 5G L12/L13 Unlimited,1,,,,,,,,*,wh/img001.jpg,*,wh/img001.jpg,,,,,,,,,,,,,,,,,,,,,,,1,1,en_wh_014,,1,,8850,8850,,5,,,,,,,,,,,,,,,,,"21,36","NEW rental,WiMAX HOME 5G L12/L13"
1725,17889,0,0,,,1,カート用通常フラグ,WiMAX HOME 5G L12/L13 Unlimited,1,,,,,,,,*,wh/img001.jpg,*,wh/img001.jpg,,,,,,,,,,,,,,,,,,,,,,,1,1,en_wh_014_in,,1,,8850,9400,,5,,,,,,,,,,,,,,,,,"21,36","NEW rental,WiMAX HOME 5G L12/L13"
1726,17890,0,0,,,1,カート用通常フラグ,WiMAX HOME 5G L12/L13 Unlimited,1,,,,,,,,*,wh/img001.jpg,*,wh/img001.jpg,,,,,,,,,,,,,,,,,,,,,,,1,1,en_wh_014,,1,,8850,8850,,5,,,,,,,,,,,,,,,,,"21,36","NEW rental,WiMAX HOME 5G L12/L13"
1727,17891,0,0,,,1,カート用通常フラグ,WiMAX HOME 5G L12/L13 Unlimited,1,,,,,,,,*,wh/img001.jpg,*,wh/img001.jpg,,,,,,,,,,,,,,,,,,,,,,,1,1,en_wh_014_in,,1,,8850,9400,,5,,,,,,,,,,,,,,,,,"21,36","NEW rental,WiMAX HOME 5G L12/L13"
1728,17892,0,0,,,1,カート用通常フラグ,WiMAX HOME 5G L12/L13 Unlimited,1,,,,,,,,*,wh/img001.jpg,*,wh/img001.jpg,,,,,,,,,,,,,,,,,,,,,,,1,1,en_wh_014,,1,,8850,8850,,5,,,,,,,,,,,,,,,,,"21,36","NEW rental,WiMAX HOME 5G L12/L13"
1729,17893,0,0,,,1,カート用通常フラグ,WiMAX HOME 5G L12/L13 Unlimited,1,,,,,,,,*,wh/img001.jpg,*,wh/img001.jpg,,,,,,,,,,,,,,,,,,,,,,,1,1,en_wh_014_in,,1,,8850,9400,,5,,,,,,,,,,,,,,,,,"21,36","NEW rental,WiMAX HOME 5G L12/L13"
1730,17894,0,0,,,1,カート用通常フラグ,WiMAX HOME 5G L12/L13 Unlimited,1,,,,,,,,*,wh/img001.jpg,*,wh/img001.jpg,,,,,,,,,,,,,,,,,,,,,,,1,1,en_wh_014,,1,,8850,8850,,5,,,,,,,,,,,,,,,,,"21,36","NEW rental,WiMAX HOME 5G L12/L13"
1731,17895,0,0,,,1,カート用通常フラグ,WiMAX HOME 5G L12/L13 Unlimited,1,,,,,,,,*,wh/img001.jpg,*,wh/img001.jpg,,,,,,,,,,,,,,,,,,,,,,,1,1,en_wh_014_in,,1,,8850,9400,,5,,,,,,,,,,,,,,,,,"21,36","NEW rental,WiMAX HOME 5G L12/L13"
1732,17896,0,0,,,1,カート用通常フラグ,WiMAX HOME 5G L12/L13 Unlimited,1,,,,,,,,*,wh/img001.jpg,*,wh/img001.jpg,,,,,,,,,,,,,,,,,,,,,,,1,1,en_wh_014,,1,,8850,8850,,5,,,,,,,,,,,,,,,,,"21,36","NEW rental,WiMAX HOME 5G L12/L13"
1733,17897,0,0,,,1,カート用通常フラグ,WiMAX HOME 5G L12/L13 Unlimited,1,,,,,,,,*,wh/img001.jpg,*,wh/img001.jpg,,,,,,,,,,,,,,,,,,,,,,,1,1,en_wh_014_in,,1,,8850,9400,,5,,,,,,,,,,,,,,,,,"21,36","NEW rental,WiMAX HOME 5G L12/L13"
1679,17843,0,0,,,1,カート用通常フラグ,WiMAX HOME 5G L12/L13 Unlimited,1,,,,,,,,*,wh/img001.jpg,*,wh/img001.jpg,,,,,,,,,,,,,,,,,,,,,,,1,1,en_wh_001_in,,1,,1180,1730,,5,,,,,,,,,,,,,,,,,"21,36","NEW rental,WiMAX HOME 5G L12/L13"
1680,17844,0,0,,,1,カート用通常フラグ,WiMAX HOME 5G L12/L13 Unlimited,1,,,,,,,,*,wh/img001.jpg,*,wh/img001.jpg,,,,,,,,,,,,,,,,,,,,,,,1,1,en_wh_001,,1,,1180,1180,,5,,,,,,,,,,,,,,,,,"21,36","NEW rental,WiMAX HOME 5G L12/L13"
1681,17845,0,0,,,1,カート用通常フラグ,WiMAX HOME 5G L12/L13 Unlimited,1,,,,,,,,*,wh/img001.jpg,*,wh/img001.jpg,,,,,,,,,,,,,,,,,,,,,,,1,1,en_wh_002_in,,1,,1770,2320,,5,,,,,,,,,,,,,,,,,"21,36","NEW rental,WiMAX HOME 5G L12/L13"
1682,17846,0,0,,,1,カート用通常フラグ,WiMAX HOME 5G L12/L13 Unlimited,1,,,,,,,,*,wh/img001.jpg,*,wh/img001.jpg,,,,,,,,,,,,,,,,,,,,,,,1,1,en_wh_002,,1,,1770,1770,,5,,,,,,,,,,,,,,,,,"21,36","NEW rental,WiMAX HOME 5G L12/L13"
1683,17847,0,0,,,1,カート用通常フラグ,WiMAX HOME 5G L12/L13 Unlimited,1,,,,,,,,*,wh/img001.jpg,*,wh/img001.jpg,,,,,,,,,,,,,,,,,,,,,,,1,1,en_wh_003_in,,1,,2360,2910,,5,,,,,,,,,,,,,,,,,"21,36","NEW rental,WiMAX HOME 5G L12/L13"
1684,17848,0,0,,,1,カート用通常フラグ,WiMAX HOME 5G L12/L13 Unlimited,1,,,,,,,,*,wh/img001.jpg,*,wh/img001.jpg,,,,,,,,,,,,,,,,,,,,,,,1,1,en_wh_003,,1,,2360,2360,,5,,,,,,,,,,,,,,,,,"21,36","NEW rental,WiMAX HOME 5G L12/L13"
1685,17849,0,0,,,1,カート用通常フラグ,WiMAX HOME 5G L12/L13 Unlimited,1,,,,,,,,*,wh/img001.jpg,*,wh/img001.jpg,,,,,,,,,,,,,,,,,,,,,,,1,1,en_wh_004_in,,1,,2950,3500,,5,,,,,,,,,,,,,,,,,"21,36","NEW rental,WiMAX HOME 5G L12/L13"
1686,17850,0,0,,,1,カート用通常フラグ,WiMAX HOME 5G L12/L13 Unlimited,1,,,,,,,,*,wh/img001.jpg,*,wh/img001.jpg,,,,,,,,,,,,,,,,,,,,,,,1,1,en_wh_004,,1,,2950,2950,,5,,,,,,,,,,,,,,,,,"21,36","NEW rental,WiMAX HOME 5G L12/L13"
1687,17851,0,0,,,1,カート用通常フラグ,WiMAX HOME 5G L12/L13 Unlimited,1,,,,,,,,*,wh/img001.jpg,*,wh/img001.jpg,,,,,,,,,,,,,,,,,,,,,,,1,1,en_wh_005_in,,1,,3540,4090,,5,,,,,,,,,,,,,,,,,"21,36","NEW rental,WiMAX HOME 5G L12/L13"
1688,17852,0,0,,,1,カート用通常フラグ,WiMAX HOME 5G L12/L13 Unlimited,1,,,,,,,,*,wh/img001.jpg,*,wh/img001.jpg,,,,,,,,,,,,,,,,,,,,,,,1,1,en_wh_005,,1,,3540,3540,,5,,,,,,,,,,,,,,,,,"21,36","NEW rental,WiMAX HOME 5G L12/L13"
1689,17853,0,0,,,1,カート用通常フラグ,WiMAX HOME 5G L12/L13 Unlimited,1,,,,,,,,*,wh/img001.jpg,*,wh/img001.jpg,,,,,,,,,,,,,,,,,,,,,,,1,1,en_wh_006_in,,1,,4130,4680,,5,,,,,,,,,,,,,,,,,"21,36","NEW rental,WiMAX HOME 5G L12/L13"
1690,17854,0,0,,,1,カート用通常フラグ,WiMAX HOME 5G L12/L13 Unlimited,1,,,,,,,,*,wh/img001.jpg,*,wh/img001.jpg,,,,,,,,,,,,,,,,,,,,,,,1,1,en_wh_006,,1,,4130,4130,,5,,,,,,,,,,,,,,,,,"21,36","NEW rental,WiMAX HOME 5G L12/L13"
1691,17855,0,0,,,1,カート用通常フラグ,WiMAX HOME 5G L12/L13 Unlimited,1,,,,,,,,*,wh/img001.jpg,*,wh/img001.jpg,,,,,,,,,,,,,,,,,,,,,,,1,1,en_wh_007_in,,1,,4720,5270,,5,,,,,,,,,,,,,,,,,"21,36","NEW rental,WiMAX HOME 5G L12/L13"
1692,17856,0,0,,,1,カート用通常フラグ,WiMAX HOME 5G L12/L13 Unlimited,1,,,,,,,,*,wh/img001.jpg,*,wh/img001.jpg,,,,,,,,,,,,,,,,,,,,,,,1,1,en_wh_007,,1,,4720,4720,,5,,,,,,,,,,,,,,,,,"21,36","NEW rental,WiMAX HOME 5G L12/L13"
1693,17857,0,0,,,1,カート用通常フラグ,WiMAX HOME 5G L12/L13 Unlimited,1,,,,,,,,*,wh/img001.jpg,*,wh/img001.jpg,,,,,,,,,,,,,,,,,,,,,,,1,1,en_wh_008_in,,1,,5310,5860,,5,,,,,,,,,,,,,,,,,"21,36","NEW rental,WiMAX HOME 5G L12/L13"
1694,17858,0,0,,,1,カート用通常フラグ,WiMAX HOME 5G L12/L13 Unlimited,1,,,,,,,,*,wh/img001.jpg,*,wh/img001.jpg,,,,,,,,,,,,,,,,,,,,,,,1,1,en_wh_008,,1,,5310,5310,,5,,,,,,,,,,,,,,,,,"21,36","NEW rental,WiMAX HOME 5G L12/L13"
1695,17859,0,0,,,1,カート用通常フラグ,WiMAX HOME 5G L12/L13 Unlimited,1,,,,,,,,*,wh/img001.jpg,*,wh/img001.jpg,,,,,,,,,,,,,,,,,,,,,,,1,1,en_wh_009_in,,1,,5900,6450,,5,,,,,,,,,,,,,,,,,"21,36","NEW rental,WiMAX HOME 5G L12/L13"
1696,17860,0,0,,,1,カート用通常フラグ,WiMAX HOME 5G L12/L13 Unlimited,1,,,,,,,,*,wh/img001.jpg,*,wh/img001.jpg,,,,,,,,,,,,,,,,,,,,,,,1,1,en_wh_009,,1,,5900,5900,,5,,,,,,,,,,,,,,,,,"21,36","NEW rental,WiMAX HOME 5G L12/L13"
1697,17861,0,0,,,1,カート用通常フラグ,WiMAX HOME 5G L12/L13 Unlimited,1,,,,,,,,*,wh/img001.jpg,*,wh/img001.jpg,,,,,,,,,,,,,,,,,,,,,,,1,1,en_wh_010_in,,1,,6490,7040,,5,,,,,,,,,,,,,,,,,"21,36","NEW rental,WiMAX HOME 5G L12/L13"
1698,17862,0,0,,,1,カート用通常フラグ,WiMAX HOME 5G L12/L13 Unlimited,1,,,,,,,,*,wh/img001.jpg,*,wh/img001.jpg,,,,,,,,,,,,,,,,,,,,,,,1,1,en_wh_010,,1,,6490,6490,,5,,,,,,,,,,,,,,,,,"21,36","NEW rental,WiMAX HOME 5G L12/L13"
1699,17863,0,0,,,1,カート用通常フラグ,WiMAX HOME 5G L12/L13 Unlimited,1,,,,,,,,*,wh/img001.jpg,*,wh/img001.jpg,,,,,,,,,,,,,,,,,,,,,,,1,1,en_wh_011_in,,1,,7080,7630,,5,,,,,,,,,,,,,,,,,"21,36","NEW rental,WiMAX HOME 5G L12/L13"
1700,17864,0,0,,,1,カート用通常フラグ,WiMAX HOME 5G L12/L13 Unlimited,1,,,,,,,,*,wh/img001.jpg,*,wh/img001.jpg,,,,,,,,,,,,,,,,,,,,,,,1,1,en_wh_011,,1,,7080,7080,,5,,,,,,,,,,,,,,,,,"21,36","NEW rental,WiMAX HOME 5G L12/L13"
1701,17865,0,0,,,1,カート用通常フラグ,WiMAX HOME 5G L12/L13 Unlimited,1,,,,,,,,*,wh/img001.jpg,*,wh/img001.jpg,,,,,,,,,,,,,,,,,,,,,,,1,1,en_wh_012_in,,1,,7670,8220,,5,,,,,,,,,,,,,,,,,"21,36","NEW rental,WiMAX HOME 5G L12/L13"
