商品ID,商品規格ID,親規格分類ID,規格分類ID,親規格分類名,規格分類名,メーカーID,メーカー名,商品名,表示ステータス(公開・非公開),メーカーURL(コメント1),コメント2,検索ワード(コメント3),コメント4,コメント5,コメント6,備考欄(SHOP専用),一覧-メインコメント,一覧-メイン画像,詳細-メインコメント,詳細-メイン画像,詳細-メイン拡大画像,詳細-サブタイトル(1),詳細-サブコメント(1),詳細-サブ画像(1),詳細-サブ拡大画像(1),詳細-サブタイトル(2),詳細-サブコメント(2),詳細-サブ画像(2),詳細-サブ拡大画像(2),詳細-サブタイトル(3),詳細-サブコメント(3),詳細-サブ画像(3),詳細-サブ拡大画像(3),詳細-サブタイトル(4),詳細-サブコメント(4),詳細-サブ画像(4),詳細-サブ拡大画像(4),詳細-サブタイトル(5),詳細-サブコメント(5),詳細-サブ画像(5),詳細-サブ拡大画像(5),発送日目安ID,削除フラグ,商品種別ID,商品コード,在庫数,在庫無制限フラグ,販売制限数,通常価格,販売価格,送料,ポイント付与率,ダウンロードファイル名,ダウンロード実ファイル,関連商品ID(1),関連商品コメント(1),関連商品ID(2),関連商品コメント(2),関連商品ID(3),関連商品コメント(3),関連商品ID(4),関連商品コメント(4),関連商品ID(5),関連商品コメント(5),関連商品ID(6),関連商品コメント(6),商品ステータス,商品ステータス名,カテゴリID,カテゴリ名
5,13,0,0,,,,,【2days/1night RENTAL】Y!mobile Pocket Wi-Fi  GL06P,1,,,,,,,,【2days/1night RENTAL】EMOBILE Pocket Wi-Fi LTE GL06P,03191055_550a2ca96b12f.jpg,*,03191055_550a2ca9685eb.jpg,03191055_550a2ca96578d.jpg,,,,,,,,,,,,,,,,,,,,,,0,1,en_ym_001,,1,,,900,,5,,,,,,,,,,,,,,,,,2,EMOBILE
6,14,0,0,,,,,【3days/2nights RENTAL】Y!mobile Pocket Wi-Fi  GL06P,1,,,,,,,,【3days/2nights RENTAL】EMOBILE Pocket Wi-Fi LTE GL06P,03191055_550a2c9025a5b.jpg,*,03191055_550a2c9023293.jpg,03191055_550a2c9020635.jpg,,,,,,,,,,,,,,,,,,,,,,0,1,en_ym_002,,1,,,1350,,5,,,,,,,,,,,,,,,,,2,EMOBILE
7,15,0,0,,,,,【4days/3nights RENTAL】Y!mobile Pocket Wi-Fi  GL06P,1,,,,,,,,【4days/3nights RENTAL】EMOBILE Pocket Wi-Fi LTE GL06P,03191055_550a2c7821bc1.jpg,*,03191055_550a2c781ed69.jpg,03191055_550a2c781b92d.jpg,,,,,,,,,,,,,,,,,,,,,,0,1,en_ym_003,,1,,,1800,,5,,,,,,,,,,,,,,,,,2,EMOBILE
8,16,0,0,,,,,【5days/4nights RENTAL】Y!mobile Pocket Wi-Fi  GL06P,1,,,,,,,,【5days/4nights RENTAL】EMOBILE Pocket Wi-Fi LTE GL06P,03191054_550a2c6580eff.jpg,*,03191054_550a2c657e355.jpg,03191054_550a2c657b3b9.jpg,,,,,,,,,,,,,,,,,,,,,,0,1,en_ym_004,,1,,,2250,,5,,,,,,,,,,,,,,,,,2,EMOBILE
9,17,0,0,,,,,【6days/5nights RENTAL】Y!mobile Pocket Wi-Fi  GL06P,1,,,,,,,,【6days/5nights RENTAL】EMOBILE Pocket Wi-Fi LTE GL06P,03191052_550a2bf1a44c0.jpg,*,03191052_550a2bf1a1965.jpg,03191052_550a2bf19e9eb.jpg,,,,,,,,,,,,,,,,,,,,,,0,1,en_ym_005,,1,,,2700,,5,,,,,,,,,,,,,,,,,2,EMOBILE
10,18,0,0,,,,,【7days/6nights RENTAL】Y!mobile Pocket Wi-Fi  GL06P,1,,,,,,,,【7days/6nights RENTAL】EMOBILE Pocket Wi-Fi LTE GL06P,03191052_550a2bdb2707e.jpg,*,03191052_550a2bdb2456d.jpg,03191052_550a2bdb21688.jpg,,,,,,,,,,,,,,,,,,,,,,0,1,en_ym_006,,1,,,3150,,5,,,,,,,,,,,,,,,,,2,EMOBILE
11,19,0,0,,,,,【8days/7nights RENTAL】Y!mobile Pocket Wi-Fi  GL06P,1,,,,,,,,【8days/7nights RENTAL】EMOBILE Pocket Wi-Fi LTE GL06P,03191052_550a2bc62288c.jpg,*,03191052_550a2bc61fc34.jpg,03191052_550a2bc61cd07.jpg,,,,,,,,,,,,,,,,,,,,,,0,1,en_ym_007,,1,,,3600,,5,,,,,,,,,,,,,,,,,2,EMOBILE
12,20,0,0,,,,,【9days/8nights RENTAL】Y!mobile Pocket Wi-Fi  GL06P,1,,,,,,,,【9days/8nights RENTAL】EMOBILE Pocket Wi-Fi LTE GL06P,03191051_550a2baf4be24.jpg,*,03191051_550a2baf494db.jpg,03191051_550a2baf46740.jpg,,,,,,,,,,,,,,,,,,,,,,0,1,en_ym_008,,1,,,4050,,5,,,,,,,,,,,,,,,,,2,EMOBILE
13,21,0,0,,,,,【10days/9nights RENTAL】Y!mobile Pocket Wi-Fi  GL06P,1,,,,,,,,【10days/9nights RENTAL】EMOBILE Pocket Wi-Fi LTE GL06P,03191051_550a2b9983e7d.jpg,*,03191051_550a2b99813d5.jpg,03191051_550a2b997e60a.jpg,,,,,,,,,,,,,,,,,,,,,,0,1,en_ym_009,,1,,,4500,,5,,,,,,,,,,,,,,,,,2,EMOBILE
14,22,0,0,,,,,【11days/10nights RENTAL】Y!mobile Pocket Wi-Fi  GL06P,1,,,,,,,,【11days/10nights RENTAL】EMOBILE Pocket Wi-Fi LTE GL06P,03191054_550a2c4923902.jpg,*,03191054_550a2c4920d75.jpg,03191054_550a2c491dec0.jpg,,,,,,,,,,,,,,,,,,,,,,0,1,en_ym_010,,1,,,4950,,5,,,,,,,,,,,,,,,,,2,EMOBILE
15,23,0,0,,,,,【12days/11nights RENTAL】Y!mobile Pocket Wi-Fi  GL06P,1,,,,,,,,【12days/11nights RENTAL】EMOBILE Pocket Wi-Fi LTE GL06P,03191051_550a2b854d68c.jpg,*,03191051_550a2b854aeaa.jpg,03191051_550a2b85481f5.jpg,,,,,,,,,,,,,,,,,,,,,,0,1,en_ym_011,,1,,,5400,,5,,,,,,,,,,,,,,,,,2,EMOBILE
16,24,0,0,,,,,【13days/12nights RENTAL】Y!mobile Pocket Wi-Fi  GL06P,1,,,,,,,,【13days/12nights RENTAL】EMOBILE Pocket Wi-Fi LTE GL06P,03191050_550a2b7340f55.jpg,*,03191050_550a2b733e650.jpg,03191050_550a2b733b7ad.jpg,,,,,,,,,,,,,,,,,,,,,,0,1,en_ym_012,,1,,,5850,,5,,,,,,,,,,,,,,,,,2,EMOBILE
17,25,0,0,,,,,【14days/13nights RENTAL】Y!mobile Pocket Wi-Fi  GL06P,1,,,,,,,,【14days/13nights RENTAL】EMOBILE Pocket Wi-Fi LTE GL06P,03191050_550a2b5cb9f0d.jpg,*,03191050_550a2b5cb75da.jpg,03191050_550a2b5cb4539.jpg,,,,,,,,,,,,,,,,,,,,,,0,1,en_ym_013,,1,,,6300,,5,,,,,,,,,,,,,,,,,2,EMOBILE
18,26,0,0,,,,,【15days/14nights〜1month RENTAL】Y!mobile Pocket Wi-Fi  GL06P,1,,,,,,,,【15days/14nights〜1month RENTAL】EMOBILE Pocket Wi-Fi LTE GL06P,03191049_550a2b463df9b.jpg,*,03191049_550a2b463b4b2.jpg,03191049_550a2b46385c4.jpg,,,,,,,,,,,,,,,,,,,,,,0,1,en_ym_014,,1,,,6750,,5,,,,,,,,,,,,,,,,,2,EMOBILE
19,27,0,0,,,,,【2-month RENTAL】Y!mobile Pocket Wi-Fi  GL06P,1,,,,,,,,【2-month RENTAL】EMOBILE Pocket Wi-Fi LTE GL06P,03191049_550a2b309c673.jpg,*,03191049_550a2b3099c5a.jpg,03191049_550a2b3096cb2.jpg,,,,,,,,,,,,,,,,,,,,,,0,1,en_ym_060,,1,,,12000,,5,,,,,,,,,,,,,,,,,2,EMOBILE
20,28,0,0,,,,,【3-month RENTAL】Y!mobile Pocket Wi-Fi  GL06P,1,,,,,,,,【3-month RENTAL】EMOBILE Pocket Wi-Fi LTE GL06P,03191049_550a2b172ba9b.jpg,*,03191049_550a2b1729120.jpg,03191049_550a2b172617a.jpg,,,,,,,,,,,,,,,,,,,,,,0,1,en_ym_090,,1,,,16800,,5,,,,,,,,,,,,,,,,,2,EMOBILE
21,29,0,0,,,,,【2days/1night RENTAL】WiMAX Aterm3800R,1,,,,,,,,【2days/1night RENTAL】WiMAX Wi-Fi Aterm WM3800R,03191116_550a3161427d4.jpg,*,03191116_550a31613fd2e.jpg,03191116_550a31613cdbc.jpg,,,,,,,,,,,,,,,,,,,,,,0,1,7066,,1,,,900,,5,,,,,,,,,,,,,,,,,1,WiMAX
22,30,0,0,,,,,【3days/2nights RENTAL】WiMAX Aterm3800R,1,,,,,,,,【3days/2nights RENTAL】WiMAX Wi-Fi Aterm WM3800R,03191058_550a2d2c8c9d0.jpg,*,03191058_550a2d2c89d90.jpg,03191058_550a2d2c86ba6.jpg,,,,,,,,,,,,,,,,,,,,,,0,1,7067,,1,,,1350,,5,,,,,,,,,,,,,,,,,1,WiMAX
23,31,0,0,,,,,【4days/3nights RENTAL】WiMAX Aterm3800R,1,,,,,,,,【4days/3nights RENTAL】WiMAX Wi-Fi Aterm WM3800R,03191058_550a2d46de058.jpg,*,03191058_550a2d46db513.jpg,03191058_550a2d46d84c9.jpg,,,,,,,,,,,,,,,,,,,,,,0,1,7068,,1,,,1800,,5,,,,,,,,,,,,,,,,,1,WiMAX
24,32,0,0,,,,,【5days/4nights RENTAL】WiMAX Aterm3800R,1,,,,,,,,【5days/4nights RENTAL】WiMAX Wi-Fi Aterm WM3800R,03191058_550a2d5c9b0f3.jpg,*,03191058_550a2d5c98554.jpg,03191058_550a2d5c95430.jpg,,,,,,,,,,,,,,,,,,,,,,0,1,7069,,1,,,2250,,5,,,,,,,,,,,,,,,,,1,WiMAX
25,33,0,0,,,,,【6days/5nights RENTAL】WiMAX Aterm3800R,1,,,,,,,,【6days/5nights RENTAL】WiMAX Wi-Fi Aterm WM3800R,03191059_550a2d7baeb81.jpg,*,03191059_550a2d7bac167.jpg,03191059_550a2d7ba9246.jpg,,,,,,,,,,,,,,,,,,,,,,0,1,7070,,1,,,2700,,5,,,,,,,,,,,,,,,,,1,WiMAX
26,34,0,0,,,,,【7days/6nights RENTAL】WiMAX Aterm3800R,1,,,,,,,,【7days/6nights RENTAL】WiMAX Wi-Fi Aterm WM3800R,03191059_550a2d9a9fe6f.jpg,*,03191059_550a2d9a9d375.jpg,03191059_550a2d9a9a3bf.jpg,,,,,,,,,,,,,,,,,,,,,,0,1,7071,,1,,,3150,,5,,,,,,,,,,,,,,,,,1,WiMAX
27,35,0,0,,,,,【8days/7nights RENTAL】WiMAX Aterm3800R,1,,,,,,,,【8days/7nights RENTAL】WiMAX Wi-Fi Aterm WM3800R,03191100_550a2dae40281.jpg,*,03191100_550a2dae3d903.jpg,03191100_550a2dae3ad3a.jpg,,,,,,,,,,,,,,,,,,,,,,0,1,7072,,1,,,3600,,5,,,,,,,,,,,,,,,,,1,WiMAX
28,36,0,0,,,,,【9days/8nights RENTAL】WiMAX Aterm3800R,1,,,,,,,,【9days/8nights RENTAL】WiMAX Wi-Fi Aterm WM3800R,03191102_550a2e2bcda2f.jpg,*,03191102_550a2e2bcad3c.jpg,03191102_550a2e2bc7af5.jpg,,,,,,,,,,,,,,,,,,,,,,0,1,7073,,1,,,4050,,5,,,,,,,,,,,,,,,,,1,WiMAX
29,37,0,0,,,,,【10days/9nights RENTAL】WiMAX Aterm3800R,1,,,,,,,,【10days/9nights RENTAL】WiMAX Wi-Fi Aterm WM3800R,03191102_550a2e476f916.jpg,*,03191102_550a2e476cf16.jpg,03191102_550a2e476a092.jpg,,,,,,,,,,,,,,,,,,,,,,0,1,7074,,1,,,4500,,5,,,,,,,,,,,,,,,,,1,WiMAX
30,38,0,0,,,,,【11days/10nights RENTAL】WiMAX Aterm3800R,1,,,,,,,,【11days/10nights RENTAL】WiMAX Wi-Fi Aterm WM3800R,03191116_550a317fed129.jpg,*,03191116_550a317fea6b4.jpg,03191116_550a317fe7819.jpg,,,,,,,,,,,,,,,,,,,,,,0,1,7075,,1,,,4950,,5,,,,,,,,,,,,,,,,,1,WiMAX
31,39,0,0,,,,,【12days/11nights RENTAL】WiMAX Aterm3800R,1,,,,,,,,【12days/11nights RENTAL】WiMAX Wi-Fi Aterm WM3800R,03191117_550a31a13f68d.jpg,*,03191117_550a31a13c7da.jpg,03191117_550a31a13969f.jpg,,,,,,,,,,,,,,,,,,,,,,0,1,7076,,1,,,5400,,5,,,,,,,,,,,,,,,,,1,WiMAX
32,40,0,0,,,,,【13days/12nights RENTAL】WiMAX Aterm3800R,1,,,,,,,,【13days/12nights RENTAL】WiMAX Wi-Fi Aterm WM3800R,03191117_550a31b7c673b.jpg,*,03191117_550a31b7c3e51.jpg,03191117_550a31b7c13ff.jpg,,,,,,,,,,,,,,,,,,,,,,0,1,7077,,1,,,5850,,5,,,,,,,,,,,,,,,,,1,WiMAX
33,41,0,0,,,,,【14days/13nights RENTAL】WiMAX Aterm3800R,1,,,,,,,,【14days/13nights RENTAL】WiMAX Wi-Fi Aterm WM3800R,03191117_550a31d439bb4.jpg,*,03191117_550a31d43735d.jpg,03191117_550a31d434616.jpg,,,,,,,,,,,,,,,,,,,,,,0,1,7078,,1,,,6300,,5,,,,,,,,,,,,,,,,,1,WiMAX
34,42,0,0,,,,,【15days/14nights〜1-month RENTAL】WiMAX  Aterm3800R,1,,,,,,,,【15days/14nights〜1-month RENTAL】WiMAX Wi-Fi Aterm WM3800R,03191118_550a31eb9b7cf.jpg,*,03191118_550a31eb98d09.jpg,03191118_550a31eb95df6.jpg,,,,,,,,,,,,,,,,,,,,,,0,1,7079,,1,,,6750,,5,,,,,,,,,,,,,,,,,1,WiMAX
35,43,0,0,,,,,【2-month(61days/60nights) RENTAL】WiMAX Aterm3800R,1,,,,,,,,【2-month(61days/60nights) RENTAL】WiMAX Wi-Fi Aterm WM3800R,03191118_550a320823acb.jpg,*,03191118_550a3208210d7.jpg,03191118_550a32081e2a3.jpg,,,,,,,,,,,,,,,,,,,,,,0,1,7080,,1,,,12000,,5,,,,,,,,,,,,,,,,,1,WiMAX
36,44,0,0,,,,,【3-month(91days/90nights) RENTAL】WiMAX Aterm3800R,1,,,,,,,,【3-month(91days/90nights) RENTAL】WiMAX Wi-Fi Aterm WM3800R,03191119_550a32204cfe2.jpg,*,03191119_550a32204a2b6.jpg,03191119_550a322047322.jpg,,,,,,,,,,,,,,,,,,,,,,0,1,7081,,1,,,16800,,5,,,,,,,,,,,,,,,,,1,WiMAX
37,45,0,0,,,,,【2days/1night RENTAL】Y!mobile Pocket Wi-Fi  GL06P+Insurance,1,,,,,,,,【2days/1night RENTAL】EMOBILE Pocket Wi-Fi LTE GL06P + Insurance,03191048_550a2b015310f.jpg,*,03191048_550a2b015060b.jpg,03191048_550a2b014d5c0.jpg,,,,,,,,,,,,,,,,,,,,,,0,1,en_ym_001_in,,1,,,1440,,5,,,,,,,,,,,,,,,,,2,EMOBILE
38,46,0,0,,,,,【3days/2nights RENTAL】Y!mobile Pocket Wi-Fi  GL06P+Insurance,1,,,,,,,,【3days/2nights RENTAL】EMOBILE Pocket Wi-Fi LTE GL06P+Insurance,03191048_550a2aedef789.jpg,*,03191048_550a2aedeccbb.jpg,03191048_550a2aede9ea0.jpg,,,,,,,,,,,,,,,,,,,,,,0,1,en_ym_002_in,,1,,,1890,,5,,,,,,,,,,,,,,,,,2,EMOBILE
39,47,0,0,,,,,【4days/3nights RENTAL】Y!mobile Pocket Wi-Fi  GL06P+Insurance,1,,,,,,,,【4days/3nights RENTAL】EMOBILE Pocket Wi-Fi LTE GL06P+Insurance,03191048_550a2ad6c8278.jpg,*,03191048_550a2ad6c58c4.jpg,03191048_550a2ad6c2dbb.jpg,,,,,,,,,,,,,,,,,,,,,,0,1,en_ym_003_in,,1,,,2340,,5,,,,,,,,,,,,,,,,,2,EMOBILE
40,48,0,0,,,,,【5days/4nights RENTAL】Y!mobile Pocket Wi-Fi  GL06P+Insurance,1,,,,,,,,【5days/4nights RENTAL】EMOBILE Pocket Wi-Fi LTE GL06P+Insurance,03191047_550a2abd940b9.jpg,*,03191047_550a2abd91697.jpg,03191047_550a2abd8e4c9.jpg,,,,,,,,,,,,,,,,,,,,,,0,1,en_ym_004_in,,1,,,2790,,5,,,,,,,,,,,,,,,,,2,EMOBILE
41,49,0,0,,,,,【6days/5nights RENTAL】Y!mobile Pocket Wi-Fi  GL06P+Insurance,1,,,,,,,,【6days/5nights RENTAL】EMOBILE Pocket Wi-Fi LTE GL06P+Insurance,03191047_550a2aa371fab.jpg,*,03191047_550a2aa36f6f7.jpg,03191047_550a2aa36cbd0.jpg,,,,,,,,,,,,,,,,,,,,,,0,1,en_ym_005_in,,1,,,3240,,5,,,,,,,,,,,,,,,,,2,EMOBILE
42,50,0,0,,,,,【7days/6nights RENTAL】Y!mobile Pocket Wi-Fi  GL06P+Insurance,1,,,,,,,,【7days/6nights RENTAL】EMOBILE Pocket Wi-Fi LTE GL06P+Insurance,03191046_550a2a8569f7e.jpg,*,03191046_550a2a856771c.jpg,03191046_550a2a8564b2a.jpg,,,,,,,,,,,,,,,,,,,,,,0,1,en_ym_006_in,,1,,,3690,,5,,,,,,,,,,,,,,,,,2,EMOBILE
43,51,0,0,,,,,【8days/7nights RENTAL】Y!mobile Pocket Wi-Fi  GL06P+Insurance,1,,,,,,,,【8days/7nights RENTAL】EMOBILE Pocket Wi-Fi LTE GL06P+Insurance,03191046_550a2a63e6225.jpg,*,03191046_550a2a63e377a.jpg,03191046_550a2a63e0569.jpg,,,,,,,,,,,,,,,,,,,,,,0,1,en_ym_007_in,,1,,,4140,,5,,,,,,,,,,,,,,,,,2,EMOBILE
44,52,0,0,,,,,【9days/8nights RENTAL】Y!mobile Pocket Wi-Fi  GL06P+Insurance,1,,,,,,,,【9days/8nights RENTAL】EMOBILE Pocket Wi-Fi LTE GL06P+Insurance,03191045_550a2a4a15264.jpg,*,03191045_550a2a4a1292b.jpg,03191045_550a2a4a0fdf7.jpg,,,,,,,,,,,,,,,,,,,,,,0,1,en_ym_008_in,,1,,,4590,,5,,,,,,,,,,,,,,,,,2,EMOBILE
45,53,0,0,,,,,【10days/9nights RENTAL】Y!mobile Pocket Wi-Fi  GL06P+Insurance,1,,,,,,,,【10days/9nights RENTAL】EMOBILE Pocket Wi-Fi LTE GL06P+Insurance,03191044_550a2a07ec6d9.jpg,*,03191044_550a2a07e9c4c.jpg,03191044_550a2a07e6e45.jpg,,,,,,,,,,,,,,,,,,,,,,0,1,en_ym_009_in,,1,,,5040,,5,,,,,,,,,,,,,,,,,2,EMOBILE
46,54,0,0,,,,,【11days/10nights RENTAL】Y!mobile Pocket Wi-Fi  GL06P+Insurance,1,,,,,,,,【11days/10nights RENTAL】EMOBILE Pocket Wi-Fi LTE GL06P+Insurance,03191043_550a29db9a403.jpg,*,03191043_550a29db97911.jpg,03191043_550a29db948bb.jpg,,,,,,,,,,,,,,,,,,,,,,0,1,en_ym_010_in,,1,,,5490,,5,,,,,,,,,,,,,,,,,2,EMOBILE
47,55,0,0,,,,,【12days/11nights RENTAL】Y!mobile Pocket Wi-Fi  GL06P+Insurance,1,,,,,,,,【12days/11nights RENTAL】EMOBILE Pocket Wi-Fi LTE GL06P+Insurance,03191043_550a29c24e89d.jpg,*,03191043_550a29c24bed0.jpg,03191043_550a29c249021.jpg,,,,,,,,,,,,,,,,,,,,,,0,1,en_ym_011_in,,1,,,5940,,5,,,,,,,,,,,,,,,,,2,EMOBILE
48,56,0,0,,,,,【13days/12nights RENTAL】Y!mobile Pocket Wi-Fi  GL06P+Insurance,1,,,,,,,,【13days/12nights RENTAL】EMOBILE Pocket Wi-Fi LTE GL06P+Insurance,03191043_550a29a893852.jpg,*,03191043_550a29a890df5.jpg,03191043_550a29a88df99.jpg,,,,,,,,,,,,,,,,,,,,,,0,1,en_ym_012_in,,1,,,6390,,5,,,,,,,,,,,,,,,,,2,EMOBILE
49,57,0,0,,,,,【14days/13nights RENTAL】Y!mobile Pocket Wi-Fi  GL06P+Insurance,1,,,,,,,,【14days/13nights RENTAL】EMOBILE Pocket Wi-Fi LTE GL06P+Insurance,03191039_550a28df06410.jpg,*,03191042_550a297faed64.jpg,03191039_550a28c116f4e.jpg,,,,,,,,,,,,,,,,,,,,,,0,1,en_ym_013_in,,1,,,6840,,5,,,,,,,,,,,,,,,,,2,EMOBILE
50,58,0,0,,,,,【15days/14nights〜1month RENTAL】Y!mobile Pocket Wi-Fi  GL06P+Insurance,1,,,,,,,,【15days/14nights〜1month RENTAL】EMOBILE Pocket Wi-Fi LTE GL06P+Insurance,03191053_550a2c3206c25.jpg,*,03191053_550a2c320431a.jpg,03191053_550a2c3201277.jpg,,,,,,,,,,,,,,,,,,,,,,0,1,en_ym_014_in,,1,,,7290,,5,,,,,,,,,,,,,,,,,2,EMOBILE
51,59,0,0,,,,,【2-month RENTAL】Y!mobile Pocket Wi-Fi  GL06P+Insurance,1,,,,,,,,【2-month RENTAL】EMOBILE Pocket Wi-Fi LTE GL06P+Insurance,03191053_550a2c1badbc0.jpg,*,03191053_550a2c1bab098.jpg,03191053_550a2c1ba805e.jpg,,,,,,,,,,,,,,,,,,,,,,0,1,en_ym_060_in,,1,,,12540,,5,,,,,,,,,,,,,,,,,2,EMOBILE
52,60,0,0,,,,,【3-month RENTAL】Y!mobile Pocket Wi-Fi  GL06P+Insurance,1,,,,,,,,【3-month RENTAL】EMOBILE Pocket Wi-Fi LTE GL06P+Insurance,03191053_550a2c07e9054.jpg,*,03191053_550a2c07e64be.jpg,03191053_550a2c07e347f.jpg,,,,,,,,,,,,,,,,,,,,,,0,1,en_ym_090_in,,1,,,17340,,5,,,,,,,,,,,,,,,,,2,EMOBILE
53,61,0,0,,,,,【2days/1night RENTAL】WiMAX Aterm3800R+Insurance,1,,,,,,,,【2days/1night RENTAL】WiMAX Wi-Fi Aterm WM3800R+Insurance,03191106_550a2f2556935.jpg,*,03191106_550a2f2553f7f.jpg,03191106_550a2f2551086.jpg,,,,,,,,,,,,,,,,,,,,,,0,1,7085,,1,,,1440,,5,,,,,,,,,,,,,,,,,1,WiMAX
54,62,0,0,,,,,【3days/2nights RENTAL】WiMAX Aterm3800R+Insurance,1,,,,,,,,【3days/2nights RENTAL】WiMAX Wi-Fi Aterm WM3800R+Insurance,03191106_550a2f3b5d989.jpg,*,03191106_550a2f3b5af8c.jpg,03191106_550a2f3b581da.jpg,,,,,,,,,,,,,,,,,,,,,,0,1,7086,,1,,,1890,,5,,,,,,,,,,,,,,,,,1,WiMAX
55,63,0,0,,,,,【4days/3nights】RENTALWiMAX Aterm3800R+Insurance,1,,,,,,,,【4days/3nights RENTAL】WiMAX Wi-Fi Aterm WM3800R+Insurance,03191107_550a2f54eefab.jpg,*,03191107_550a2f54ec431.jpg,03191107_550a2f54e9547.jpg,,,,,,,,,,,,,,,,,,,,,,0,1,7087,,1,,,2340,,5,,,,,,,,,,,,,,,,,1,WiMAX
56,64,0,0,,,,,【5days/4nights RENTAL】WiMAX Aterm3800R+Insurance,1,,,,,,,,【5days/4nights RENTAL】WiMAX Wi-Fi Aterm WM3800R+Insurance,03191107_550a2f7307d6c.jpg,*,03191107_550a2f7305471.jpg,03191107_550a2f73027c4.jpg,,,,,,,,,,,,,,,,,,,,,,0,1,7088,,1,,,2790,,5,,,,,,,,,,,,,,,,,1,WiMAX
57,65,0,0,,,,,【6days/5nights RENTAL】WiMAX Aterm3800R+Insurance,1,,,,,,,,【6days/5nights RENTAL】WiMAX Wi-Fi Aterm WM3800R+Insurance,03191108_550a2f880a8d8.jpg,*,03191108_550a2f8807e86.jpg,03191108_550a2f88051e2.jpg,,,,,,,,,,,,,,,,,,,,,,0,1,7089,,1,,,3240,,5,,,,,,,,,,,,,,,,,1,WiMAX
58,66,0,0,,,,,【7days/6nights RENTAL】WiMAX Aterm3800R+Insurance,1,,,,,,,,【7days/6nights RENTAL】WiMAX Wi-Fi Aterm WM3800R+Insurance,03191108_550a2f9ca469e.jpg,*,03191108_550a2f9ca1a10.jpg,03191108_550a2f9c9e8e4.jpg,,,,,,,,,,,,,,,,,,,,,,0,1,7090,,1,,,3690,,5,,,,,,,,,,,,,,,,,1,WiMAX
59,67,0,0,,,,,【8days/7nights RENTAL】WiMAX Aterm3800R+Insurance,1,,,,,,,,【8days/7nights RENTAL】WiMAX Wi-Fi Aterm WM3800R+Insurance,03191108_550a2fb75f4e2.jpg,*,03191108_550a2fb75cd80.jpg,03191108_550a2fb75a343.jpg,,,,,,,,,,,,,,,,,,,,,,0,1,7091,,1,,,4140,,5,,,,,,,,,,,,,,,,,1,WiMAX
60,68,0,0,,,,,【9days/8nights RENTAL】WiMAX Aterm3800R+Insurance,1,,,,,,,,【9days/8nights RENTAL】WiMAX Wi-Fi Aterm WM3800R+Insurance,03191109_550a2fcc7f6bc.jpg,*,03191109_550a2fcc7c9bc.jpg,03191109_550a2fcc7994b.jpg,,,,,,,,,,,,,,,,,,,,,,0,1,7092,,1,,,4590,,5,,,,,,,,,,,,,,,1,NEW,1,WiMAX
61,69,0,0,,,,,【10days/9nights RENTAL】WiMAX Aterm3800R+Insurance,1,,,,,,,,【10days/9nights RENTAL】WiMAX Wi-Fi Aterm WM3800R+Insurance,03191109_550a2fe1af920.jpg,*,03191109_550a2fe1ace90.jpg,03191109_550a2fe1a9efb.jpg,,,,,,,,,,,,,,,,,,,,,,0,1,7093,,1,,,5040,,5,,,,,,,,,,,,,,,,,1,WiMAX
62,70,0,0,,,,,【11days/10nights RENTAL】WiMAX Aterm3800R+Insurance,1,,,,,,,,【11days/10nights RENTAL】WiMAX Wi-Fi Aterm WM3800R+Insurance,03191110_550a2ffd5226f.jpg,*,03191110_550a2ffd4f5fa.jpg,03191110_550a2ffd4c678.jpg,,,,,,,,,,,,,,,,,,,,,,0,1,7094,,1,,,5490,,5,,,,,,,,,,,,,,,,,1,WiMAX
63,71,0,0,,,,,【13days/12nights RENTAL】WiMAX Aterm3800R+Insurance,1,,,,,,,,【13days/12nights RENTAL】WiMAX Wi-Fi Aterm WM3800R+Insurance,03191111_550a30395e3d7.jpg,*,03191111_550a30395b5ea.jpg,03191111_550a3039586fe.jpg,,,,,,,,,,,,,,,,,,,,,,0,1,7096,,1,,,6390,,5,,,,,,,,,,,,,,,,,1,WiMAX
64,72,0,0,,,,,【14days/13nights RENTAL】WiMAX Aterm3800R+Insurance,1,,,,,,,,【14days/13nights RENTAL】WiMAX Wi-Fi Aterm WM3800R+Insurance,03191119_550a323648b36.jpg,*,03191119_550a323645ed0.jpg,03191119_550a323642e7c.jpg,,,,,,,,,,,,,,,,,,,,,,0,1,7097,,1,,,6840,,5,,,,,,,,,,,,,,,,,1,WiMAX
65,73,0,0,,,,,【15days/14nights〜1-month RENTAL】WiMAX+Insurance,1,,,,,,,,【15days/14nights〜1-month RENTAL】WiMAX Wi-Fi Aterm WM3800R+Insurance,03191120_550a32584efe0.jpg,*,03191120_550a32584c402.jpg,03191120_550a325849350.jpg,,,,,,,,,,,,,,,,,,,,,,0,1,7098,,1,,,7290,,5,,,,,,,,,,,,,,,,,1,WiMAX
66,74,0,0,,,,,【2-month(61days/60nights) RENTAL】WiMAX +Insurance,1,,,,,,,,【2-month(61days/60nights) RENTAL】WiMAX Wi-Fi Aterm WM3800R+Insurance,03191111_550a3066ecc16.jpg,*,03191111_550a3066e9eae.jpg,03191111_550a3066e6e5d.jpg,,,,,,,,,,,,,,,,,,,,,,0,1,7099,,1,,,12540,,5,,,,,,,,,,,,,,,,,1,WiMAX
67,75,0,0,,,,,【3-month(91days/90nights) RENTAL】WiMAX +Insurance,1,,,,,,,,【3-month(91days/90nights) RENTAL】WiMAX Wi-Fi Aterm WM3800R+Insurance,03191112_550a307e4b2d7.jpg,*,03191112_550a307e48670.jpg,03191112_550a307e457c8.jpg,,,,,,,,,,,,,,,,,,,,,,0,1,7100,,1,,,17340,,5,,,,,,,,,,,,,,,,,1,WiMAX
68,76,0,0,,,,,【12days/11nights RENTAL】WiMAX Aterm3800R+Insurance,1,,,,,,,,【12days/11nights RENTAL】WiMAX Wi-Fi Aterm WM3800R+Insurance,03191120_550a3273e0070.jpg,*,03191120_550a3273dd36e.jpg,03191120_550a3273da258.jpg,,,,,,,,,,,,,,,,,,,,,,0,1,7095,,1,,,5940,,5,,,,,,,,,,,,,,,,,1,WiMAX
69,77,0,0,,,,,Change to WiMAX,1,,,,,,,,This is the fee to change to WiMAX,08181238_53f175220b32b.jpg,*,08181245_53f176f33bb4f.jpg,,,,,,,,,,,,,,,,,,,,,,,0,1,WiMAXCH,,1,,540,500,,5,,,,,,,,,,,,,,,,,1,WiMAX
70,78,0,0,,,,,【1day RENTAL】EMOBILE GL06P,1,,,,,,,,*,08201031_53f3fa6d60fa2.jpg,*,08201031_53f3fa7747a65.jpg,,,,,,,,,,,,,,,,,,,,,,,0,1,7049,,1,,,450,,5,,,,,,,,,,,,,,,,,2,EMOBILE
71,79,0,0,,,,,【4-month(121days/120nights) 】WiMAX Aterm3800R,1,,,,,,,,【4-month(121days/120nights) RENTAL】WiMAX Wi-Fi Aterm WM3800R,03191112_550a3098d7fec.jpg,*,03191112_550a3098d536b.jpg,03191112_550a3098d230a.jpg,,,,,,,,,,,,,,,,,,,,,,0,1,7082,,1,,,18800,,5,,,,,,,,,,,,,,,,,1,WiMAX
72,80,0,0,,,,,【4-month(121days/120nights) 】WiMAX+Insurance,1,,,,,,,,【4-month(121days/120nights) RENTAL】WiMAX Wi-Fi Aterm WM3800R,03191113_550a30b63c2a8.jpg,*,03191113_550a30b6397c4.jpg,03191113_550a30b63684c.jpg,,,,,,,,,,,,,,,,,,,,,,0,1,7101,,1,,,19340,,5,,,,,,,,,,,,,,,,,1,WiMAX
73,81,0,0,,,,,【5-month(151days/150nights) 】WiMAX Aterm3800R,1,,,,,,,,【5-month(151days/150nights) RENTAL】WiMAX Wi-Fi Aterm WM3800R,03191113_550a30ce538bf.jpg,*,03191113_550a30ce50e24.jpg,03191113_550a30ce4e148.jpg,,,,,,,,,,,,,,,,,,,,,,0,1,7083,,1,,,20800,,5,,,,,,,,,,,,,,,,,1,WiMAX
74,82,0,0,,,,,【5-month(151days/150nights) 】WiMAX+Insurance,1,,,,,,,,【5-month(151days/150nights) RENTAL】WiMAX Wi-Fi Aterm WM3800R+Insurance,03191114_550a30e8d0340.jpg,*,03191114_550a30e8cd26c.jpg,03191114_550a30e8c9f43.jpg,,,,,,,,,,,,,,,,,,,,,,0,1,7102,,1,,,21340,,5,,,,,,,,,,,,,,,,,1,WiMAX
75,83,0,0,,,,,【6-month(181days/180nights) 】WiMAX Aterm3800R,1,,,,,,,,【6-month(181days/180nights) RENTAL】WiMAX Wi-Fi Aterm WM3800R,03191114_550a311aa651b.jpg,*,03191114_550a311aa398d.jpg,03191114_550a311a9ff02.jpg,,,,,,,,,,,,,,,,,,,,,,0,1,7084,,1,,,22800,,5,,,,,,,,,,,,,,,,,1,WiMAX
76,84,0,0,,,,,【6-month(181days/180nights) 】WiMAX+Insurance,1,,,,,,,,【6-month(181days/180nights) RENTAL】WiMAX Wi-Fi Aterm WM3800R+Insurance,03191115_550a3144b1039.jpg,*,03191115_550a3144ae5c1.jpg,03191115_550a3144ab5a4.jpg,,,,,,,,,,,,,,,,,,,,,,0,1,7103,,1,,,23340,,5,,,,,,,,,,,,,,,,,1,WiMAX
77,85,0,0,,,,,【2days/1nights RENTAL】au KDDI HWD11,1,,,,,,,,【2days/1nights RENTAL】au KDDI HWD11,03151248_550500f63487f.jpg,*,03151248_550500f631e8c.jpg,03151248_550500f62ed7d.jpg,,,,,,,,,,,,,,,,,,,,,,0,1,en_au_001,,1,,,1300,,5,,,,,,,,,,,,,,,,,7,au
78,86,0,0,,,,,【3days/2nights RENTAL】au KDDI HWD11,1,,,,,,,,【3days/2nights RENTAL】au KDDI HWD11,03151238_5504feb192510.jpg,*,03151238_5504feb18fa7f.jpg,03151238_5504feb18c96e.jpg,,,,,,,,,,,,,,,,,,,,,,0,1,en_au_002,,1,,,1950,,5,,,,,,,,,,,,,,,,,7,au
79,87,0,0,,,,,【4days/3nights RENTAL】au KDDI HWD11,1,,,,,,,,【4days/3nights RENTAL】au KDDI HWD11,03151237_5504fe91d7fda.jpg,*,03151237_5504fe91d5630.jpg,03151237_5504fe91d22e5.jpg,,,,,,,,,,,,,,,,,,,,,,0,1,en_au_003,,1,,,2600,,5,,,,,,,,,,,,,,,,,7,au
80,88,0,0,,,,,【5days/4nights RENTAL】au KDDI HWD11,1,,,,,,,,【5days/4nights RENTAL】au KDDI HWD11,03151237_5504fe7babfe3.jpg,*,03151237_5504fe7ba9607.jpg,03151237_5504fe7ba5dd1.jpg,,,,,,,,,,,,,,,,,,,,,,0,1,en_au_004,,1,,,3250,,5,,,,,,,,,,,,,,,,,7,au
81,89,0,0,,,,,【6days/5nights RENTAL】au KDDI HWD11,1,,,,,,,,【6days/5nights RENTAL】au KDDI HWD11,03151237_5504fe6771bc6.jpg,*,03151237_5504fe676f176.jpg,03151237_5504fe676c040.jpg,,,,,,,,,,,,,,,,,,,,,,0,1,en_au_005,,1,,,3900,,5,,,,,,,,,,,,,,,,,7,au
82,90,0,0,,,,,【7days/6nights RENTAL】au KDDI HWD11,1,,,,,,,,【7days/6nights RENTAL】au KDDI HWD11,03151236_5504fe5027b82.jpg,*,03151236_5504fe502538c.jpg,03151236_5504fe5022508.jpg,,,,,,,,,,,,,,,,,,,,,,0,1,en_au_006,,1,,,4550,,5,,,,,,,,,,,,,,,,,7,au
83,91,0,0,,,,,【8days/7nights RENTAL】au KDDI HWD11,1,,,,,,,,【8days/7nights RENTAL】au KDDI HWD11,03151236_5504fe3c06981.jpg,*,03151236_5504fe3c03ed9.jpg,03151236_5504fe3c00e55.jpg,,,,,,,,,,,,,,,,,,,,,,0,1,en_au_007,,1,,,5200,,5,,,,,,,,,,,,,,,,,7,au
84,92,0,0,,,,,【9days/8nights RENTAL】au KDDI HWD11,1,,,,,,,,【9days/8nights RENTAL】au KDDI HWD11,03151236_5504fe28b3e26.jpg,*,03151236_5504fe28b15cf.jpg,03151236_5504fe28ae69d.jpg,,,,,,,,,,,,,,,,,,,,,,0,1,en_au_008,,1,,,5850,,5,,,,,,,,,,,,,,,,,7,au
85,93,0,0,,,,,【10days/9nights RENTAL】au KDDI HWD11,1,,,,,,,,【10days/9nights RENTAL】au KDDI HWD11,03151235_5504fe13b2772.jpg,*,03151235_5504fe13b0020.jpg,03151235_5504fe13ad223.jpg,,,,,,,,,,,,,,,,,,,,,,0,1,en_au_009,,1,,,6500,,5,,,,,,,,,,,,,,,,,7,au
86,94,0,0,,,,,【11days/10nights RENTAL】au KDDI HWD11,1,,,,,,,,【11days/10nights RENTAL】au KDDI HWD11,03151235_5504fdfe1fee8.jpg,*,03151235_5504fdfe1d53e.jpg,03151235_5504fdfe1a390.jpg,,,,,,,,,,,,,,,,,,,,,,0,1,en_au_010,,1,,,7150,,5,,,,,,,,,,,,,,,,,7,au
87,95,0,0,,,,,【12days/11nights RENTAL】au KDDI HWD11,1,,,,,,,,【12days/11nights RENTAL】au KDDI HWD11,03151234_5504fde2a1ffd.jpg,*,03151234_5504fde29f485.jpg,03151234_5504fde29c3fa.jpg,,,,,,,,,,,,,,,,,,,,,,0,1,en_au_011,,1,,,7800,,5,,,,,,,,,,,,,,,,,7,au
88,96,0,0,,,,,【13days/12nights RENTAL】au KDDI HWD11,1,,,,,,,,【13days/12nights RENTAL】au KDDI HWD11,03151234_5504fdcc7a1ee.jpg,*,03151234_5504fdcc771c1.jpg,03151234_5504fdcc733f5.jpg,,,,,,,,,,,,,,,,,,,,,,0,1,en_au_012,,1,,,8450,,5,,,,,,,,,,,,,,,,,7,au
89,97,0,0,,,,,【14days/13nights RENTAL】au KDDI HWD11,1,,,,,,,,【14days/13nights RENTAL】au KDDI HWD11,03151233_5504fda1d241d.jpg,*,03151233_5504fda1cf9ba.jpg,03151233_5504fda1cc895.jpg,,,,,,,,,,,,,,,,,,,,,,0,1,en_au_013,,1,,,9100,,5,,,,,,,,,,,,,,,,,7,au
90,98,0,0,,,,,【15days/14nights〜1month RENTAL】au KDDI HWD11,1,,,,,,,,【15days/14nights〜1month RENTAL】au KDDI HWD11,03151247_550500b50526e.jpg,*,03151247_550500b502883.jpg,03151247_550500b4f3824.jpg,,,,,,,,,,,,,,,,,,,,,,0,1,en_au_014,,1,,,9750,,5,,,,,,,,,,,,,,,,,7,au
91,99,0,0,,,,,【2-month(61days/60nights) RENTAL】au KDDI HWD11,1,,,,,,,,【2-month(61days/60nights) RENTAL】au KDDI HWD11,03151246_5505009e5780e.jpg,*,03151246_5505009e54fcb.jpg,03151246_5505009e51ce5.jpg,,,,,,,,,,,,,,,,,,,,,,0,1,en_au_060,,1,,,17300,,5,,,,,,,,,,,,,,,,,7,au
92,100,0,0,,,,,【3-month(91days/90nights) RENTAL】au KDDI HWD11,1,,,,,,,,【3-month(91days/90nights) RENTAL】au KDDI HWD11,03151246_550500824f76e.jpg,*,03151246_550500824c667.jpg,03151246_5505008249602.jpg,,,,,,,,,,,,,,,,,,,,,,0,1,en_au_090,,1,,,24200,,5,,,,,,,,,,,,,,,,,7,au
93,101,0,0,,,,,【2days/1nights RENTAL】au KDDI HWD11+Insurance,1,,,,,,,,【2days/1nights RENTAL】au KDDI HWD11+Insurance,03151247_550500d854229.jpg,*,03151247_550500d85142c.jpg,03151247_550500d84ddfb.jpg,,,,,,,,,,,,,,,,,,,,,,0,1,en_au_001_in,,1,,,1840,,5,,,,,,,,,,,,,,,,,7,au
94,102,0,0,,,,,【3days/2nights RENTAL】au KDDI HWD11+Insurance,1,,,,,,,,【3days/2nights RENTAL】au KDDI HWD11+Insurance,03151245_55050065c46fa.jpg,*,03151245_55050065c152c.jpg,03151245_55050065be1c5.jpg,,,,,,,,,,,,,,,,,,,,,,0,1,en_au_002_in,,1,,,2490,,5,,,,,,,,,,,,,,,,,7,au
95,103,0,0,,,,,【4days/3nights RENTAL】au KDDI HWD11+Insurance,1,,,,,,,,【4days/3nights RENTAL】au KDDI HWD11+Insurance,03151245_5505004665f56.jpg,*,03151245_5505004663462.jpg,03151245_55050046600b0.jpg,,,,,,,,,,,,,,,,,,,,,,0,1,en_au_003_in,,1,,,3140,,5,,,,,,,,,,,,,,,,,7,au
96,104,0,0,,,,,【5days/4nights RENTAL】au KDDI HWD11+Insurance,1,,,,,,,,【5days/4nights RENTAL】au KDDI HWD11+Insurance,03151244_55050026a9575.jpg,*,03151244_55050026a69b9.jpg,03151244_55050026a33c8.jpg,,,,,,,,,,,,,,,,,,,,,,0,1,en_au_004_in,,1,,,3790,,5,,,,,,,,,,,,,,,,,7,au
97,105,0,0,,,,,【6days/5nights RENTAL】au KDDI HWD11+Insurance,1,,,,,,,,【6days/5nights RENTAL】au KDDI HWD11+Insurance,03151243_5504fffdad3be.jpg,*,03151243_5504fffdaaa8a.jpg,03151243_5504fffda799b.jpg,,,,,,,,,,,,,,,,,,,,,,0,1,en_au_005_in,,1,,,4440,,5,,,,,,,,,,,,,,,,,7,au
98,106,0,0,,,,,【7days/6nights RENTAL】au KDDI HWD11+Insurance,1,,,,,,,,【7days/6nights RENTAL】au KDDI HWD11+Insurance,03151243_5504ffe190fcb.jpg,*,03151243_5504ffe18e485.jpg,03151243_5504ffe18b309.jpg,,,,,,,,,,,,,,,,,,,,,,0,1,en_au_006_in,,1,,,5090,,5,,,,,,,,,,,,,,,,,7,au
99,107,0,0,,,,,【8days/7nights RENTAL】au KDDI HWD11+Insurance,1,,,,,,,,【8days/7nights RENTAL】au KDDI HWD11+Insurance,03151243_5504ffc5bd8fc.jpg,*,03151243_5504ffc5badf0.jpg,03151243_5504ffc5b7dcc.jpg,,,,,,,,,,,,,,,,,,,,,,0,1,en_au_007_in,,1,,,5740,,5,,,,,,,,,,,,,,,,,7,au
100,108,0,0,,,,,【9days/8nights RENTAL】au KDDI HWD11+Insurance,1,,,,,,,,【9days/8nights RENTAL】au KDDI HWD11+Insurance,03151242_5504ffaeeb4d4.jpg,*,03151242_5504ffaee8a16.jpg,03151242_5504ffaee58de.jpg,,,,,,,,,,,,,,,,,,,,,,0,1,en_au_008_in,,1,,,6390,,5,,,,,,,,,,,,,,,,,7,au
101,109,0,0,,,,,【10days/9nights RENTAL】au KDDI HWD11+Insurance,1,,,,,,,,【10days/9nights RENTAL】au KDDI HWD11+Insurance,03151242_5504ff97b90c2.jpg,*,03151242_5504ff97b66f6.jpg,03151242_5504ff97b34fa.jpg,,,,,,,,,,,,,,,,,,,,,,0,1,en_au_009_in,,1,,,7040,,5,,,,,,,,,,,,,,,,,7,au
102,110,0,0,,,,,【11days/10nights RENTAL】au KDDI HWD11+Insurance,1,,,,,,,,【11days/10nights RENTAL】au KDDI HWD11+Insurance,03151241_5504ff80c5361.jpg,*,03151241_5504ff80c2c28.jpg,03151241_5504ff80bff27.jpg,,,,,,,,,,,,,,,,,,,,,,0,1,en_au_010_in,,1,,,7690,,5,,,,,,,,,,,,,,,,,7,au
103,111,0,0,,,,,【12days/11nights RENTAL】au KDDI HWD11+Insurance,1,,,,,,,,【12days/11nights RENTAL】au KDDI HWD11+Insurance,03151241_5504ff6a0d8e5.jpg,*,03151241_5504ff6a0b1d0.jpg,03151241_5504ff6a0851c.jpg,,,,,,,,,,,,,,,,,,,,,,0,1,en_au_011_in,,1,,,8340,,5,,,,,,,,,,,,,,,,,7,au
104,112,0,0,,,,,【13days/12nights RENTAL】au KDDI HWD11+Insurance,1,,,,,,,,【13days/12nights RENTAL】au KDDI HWD11+Insurance,03151240_5504ff4be759f.jpg,*,03151240_5504ff4be4b15.jpg,03151240_5504ff4be1bc3.jpg,,,,,,,,,,,,,,,,,,,,,,0,1,en_au_012_in,,1,,,8990,,5,,,,,,,,,,,,,,,,,7,au
105,113,0,0,,,,,【14days/13nights RENTAL】au KDDI HWD11+Insurance,1,,,,,,,,【14days/13nights RENTAL】au KDDI HWD11+Insurance,03151240_5504ff3313b3e.jpg,*,03151240_5504ff3311035.jpg,03151240_5504ff330df07.jpg,,,,,,,,,,,,,,,,,,,,,,0,1,en_au_013_in,,1,,,9640,,5,,,,,,,,,,,,,,,,,7,au
106,114,0,0,,,,,【15days/14nights〜1month RENTAL】au +Insurance,1,,,,,,,,【15days/14nights〜1month RENTAL】au +Insurance,03151240_5504ff1a4ae50.jpg,*,03151240_5504ff1a48313.jpg,03151240_5504ff1a4535a.jpg,,,,,,,,,,,,,,,,,,,,,,0,1,en_au_014_in,,1,,,10290,,5,,,,,,,,,,,,,,,,,7,au
107,115,0,0,,,,,【2-month(61days/60nights) RENTAL】au +Insurance,1,,,,,,,,【2-month(61days/60nights) RENTAL】au +Insurance,03151239_5504feee8df22.jpg,*,03151239_5504feee8b6e1.jpg,03151239_5504feee887db.jpg,,,,,,,,,,,,,,,,,,,,,,0,1,en_au_060_in,,1,,,17840,,5,,,,,,,,,,,,,,,,,7,au
108,116,0,0,,,,,【3-month(91days/90nights) RENTAL】au +Insurance,1,,,,,,,,【3-month(91days/90nights) RENTAL】au +Insurance,03151239_5504fed98c412.jpg,*,03151239_5504fed98985c.jpg,03151239_5504fed9866a2.jpg,,,,,,,,,,,,,,,,,,,,,,0,1,en_au_090_in,,1,,,24740,,5,,,,,,,,,,,,,,,,,7,au
109,117,0,0,,,,,【1day extension of rental】Y!mobile,1,,,,,,,,【1day extension of rental】Y!mobile,03201042_550b7b07e7e63.jpg,*,03201042_550b7b07e5191.jpg,03201042_550b7b07e1eb7.jpg,,,,,,,,,,,,,,,,,,,,,,0,1,em_1day_ex,,1,,,450,,5,,,,,,,,,,,,,,,,,8,Ymobile_extension
110,118,0,0,,,,,【2days/1nights extension of rental】Y!mobile,1,,,,,,,,【2days/1nights extension of rental】Y!mobile,03201042_550b7af30384a.jpg,*,03201042_550b7af300b00.jpg,03201042_550b7af2f193d.jpg,,,,,,,,,,,,,,,,,,,,,,0,1,em_01_02_ex,,1,,,900,,5,,,,,,,,,,,,,,,,,8,Ymobile_extension
111,119,0,0,,,,,【3days/2nights extension of rental】Y!mobile,1,,,,,,,,【3days/2nights extension of rental】Y!mobile,03201041_550b7ae679170.jpg,*,03201041_550b7ae676601.jpg,03201041_550b7ae673a4f.jpg,,,,,,,,,,,,,,,,,,,,,,0,1,em_02_03_ex,,1,,,1350,,5,,,,,,,,,,,,,,,,,8,Ymobile_extension
112,120,0,0,,,,,【4days/3nights extension of rental】Y!mobile,1,,,,,,,,【4days/3nights extension of rental】Y!mobile,03201041_550b7ada7be2c.jpg,*,03201041_550b7ada79379.jpg,03201041_550b7ada76617.jpg,,,,,,,,,,,,,,,,,,,,,,0,1,em_03_04_ex,,1,,,1800,,5,,,,,,,,,,,,,,,,,8,Ymobile_extension
113,121,0,0,,,,,【5days/4nights extension of rental】Y!mobile,1,,,,,,,,【5days/4nights extension of rental】Y!mobile,03201041_550b7acde8db4.jpg,*,03201041_550b7acde6275.jpg,03201041_550b7acde3328.jpg,,,,,,,,,,,,,,,,,,,,,,0,1,em_04_05_ex,,1,,,2250,,5,,,,,,,,,,,,,,,,,8,Ymobile_extension
114,122,0,0,,,,,【6days/5nights extension of rental】Y!mobile,1,,,,,,,,【6days/5nights extension of rental】Y!mobile,03201041_550b7ac204592.jpg,*,03201041_550b7ac20197a.jpg,03201041_550b7ac1f29ae.jpg,,,,,,,,,,,,,,,,,,,,,,0,1,em_05_06_ex,,1,,,2700,,5,,,,,,,,,,,,,,,,,8,Ymobile_extension
115,123,0,0,,,,,【7days/6nights extension of rental】Y!mobile,1,,,,,,,,【7days/6nights extension of rental】Y!mobile,03201041_550b7ab32ac2f.jpg,*,03201041_550b7ab3284d2.jpg,03201041_550b7ab325a3a.jpg,,,,,,,,,,,,,,,,,,,,,,0,1,em_06_07_ex,,1,,,3150,,5,,,,,,,,,,,,,,,,,8,Ymobile_extension
116,124,0,0,,,,,【8days/7nights extension of rental】Y!mobile,1,,,,,,,,【8days/7nights extension of rental】Y!mobile,03201040_550b7aa61e3ec.jpg,*,03201040_550b7aa61b69f.jpg,03201040_550b7aa618519.jpg,,,,,,,,,,,,,,,,,,,,,,0,1,em_07_08_ex,,1,,,3600,,5,,,,,,,,,,,,,,,,,8,Ymobile_extension
117,125,0,0,,,,,【9days/8nights extension of rental】Y!mobile,1,,,,,,,,【9days/8nights extension of rental】Y!mobile,03201040_550b7a99139d6.jpg,*,03201040_550b7a9910f19.jpg,03201040_550b7a990dfc5.jpg,,,,,,,,,,,,,,,,,,,,,,0,1,em_08_09_ex,,1,,,4050,,5,,,,,,,,,,,,,,,,,8,Ymobile_extension
118,126,0,0,,,,,【10days/9nights extension of rental】Y!mobile,1,,,,,,,,【10days/9nights extension of rental】Y!mobile,03201040_550b7a8da6e67.jpg,*,03201040_550b7a8da4464.jpg,03201040_550b7a8da15e7.jpg,,,,,,,,,,,,,,,,,,,,,,0,1,em_09_10_ex,,1,,,4500,,5,,,,,,,,,,,,,,,,,8,Ymobile_extension
119,127,0,0,,,,,【11days/10nights extension of rental】Y!mobile,1,,,,,,,,【11days/10nights extension of rental】Y!mobile,03201040_550b7a8351ae0.jpg,*,03201040_550b7a834f149.jpg,03201040_550b7a834c271.jpg,,,,,,,,,,,,,,,,,,,,,,0,1,em_10_11_ex,,1,,,4950,,5,,,,,,,,,,,,,,,,,8,Ymobile_extension
120,128,0,0,,,,,【12days/11nights extension of rental】Y!mobile,1,,,,,,,,【12days/11nights extension of rental】Y!mobile,03201040_550b7a78ab6e9.jpg,*,03201040_550b7a78a8cd5.jpg,03201040_550b7a78a5e9d.jpg,,,,,,,,,,,,,,,,,,,,,,0,1,em_11_12_ex,,1,,,5400,,5,,,,,,,,,,,,,,,,,8,Ymobile_extension
121,129,0,0,,,,,【13days/12nights extension of rental】Y!mobile,1,,,,,,,,【13days/12nights extension of rental】Y!mobile,03201039_550b7a6be26d8.jpg,*,03201039_550b7a6bdf78c.jpg,03201039_550b7a6bdc5d1.jpg,,,,,,,,,,,,,,,,,,,,,,0,1,em_12_13_ex,,1,,,5850,,5,,,,,,,,,,,,,,,,,8,Ymobile_extension
122,130,0,0,,,,,【14days/13nights extension of rental】Y!mobile,1,,,,,,,,【14days/13nights extension of rental】Y!mobile,03201039_550b7a6067ded.jpg,*,03201039_550b7a6065186.jpg,03201039_550b7a606201a.jpg,,,,,,,,,,,,,,,,,,,,,,0,1,em_13_14_ex,,1,,,6300,,5,,,,,,,,,,,,,,,,,8,Ymobile_extension
123,131,0,0,,,,,【15days/14nights〜1month extension of rental】Y!mobile,1,,,,,,,,【15days/14nights〜1month extension of rental】Y!mobile,03201039_550b7a516545f.jpg,*,03201039_550b7a51626bd.jpg,03201039_550b7a515f5d1.jpg,,,,,,,,,,,,,,,,,,,,,,0,1,em_30_31_ex,,1,,,6750,,5,,,,,,,,,,,,,,,,,8,Ymobile_extension
124,132,0,0,,,,,【2month extension of rental】Y!mobile,1,,,,,,,,【2month extension of rental】Y!mobile,03201039_550b7a428cfba.jpg,*,03201039_550b7a428a61e.jpg,03201039_550b7a4287728.jpg,,,,,,,,,,,,,,,,,,,,,,0,1,em_60_61_ex,,1,,,12000,,5,,,,,,,,,,,,,,,,,8,Ymobile_extension
125,133,0,0,,,,,【3month extension of rental】Y!mobile,1,,,,,,,,【3month extension of rental】Y!mobile,03201039_550b7a372d839.jpg,*,03201039_550b7a372a638.jpg,03201039_550b7a372724c.jpg,,,,,,,,,,,,,,,,,,,,,,0,1,em_90_91_ex,,1,,,16800,,5,,,,,,,,,,,,,,,,,8,Ymobile_extension
126,134,0,0,,,,,【1day extension of rental】Y!mobile+Insurance,1,,,,,,,,【1day extension of rental】Y!mobile+Insurance,03201038_550b7a16749b0.jpg,*,03201038_550b7a1671eb7.jpg,03201038_550b7a166edec.jpg,,,,,,,,,,,,,,,,,,,,,,0,1,em_1day_ex+Insurance,,1,,,990,,5,,,,,,,,,,,,,,,,,8,Ymobile_extension
127,135,0,0,,,,,【2days/1nights extension of rental】Y!mobile+Insurance,1,,,,,,,,【2days/1nights extension of rental】Y!mobile+Insurance,03201038_550b7a07266c1.jpg,*,03201038_550b7a0723ada.jpg,03201038_550b7a0720c6f.jpg,,,,,,,,,,,,,,,,,,,,,,0,1,em_01_02_ex+Insurance,,1,,,1440,,5,,,,,,,,,,,,,,,,,8,Ymobile_extension
128,136,0,0,,,,,【3days/2nights extension of rental】Y!mobile+Insurance,1,,,,,,,,【3days/2nights extension of rental】Y!mobile+Insurance,03201038_550b79f93b1c6.jpg,*,03201038_550b79f938689.jpg,03201038_550b79f935806.jpg,,,,,,,,,,,,,,,,,,,,,,0,1,em_02_03_ex+Insurance,,1,,,1890,,5,,,,,,,,,,,,,,,,,8,Ymobile_extension
129,137,0,0,,,,,【4days/3nights extension of rental】Y!mobile+Insurance,1,,,,,,,,【4days/3nights extension of rental】Y!mobile+Insurance,03201037_550b79eb2d3c5.jpg,*,03201037_550b79eb2ab20.jpg,03201037_550b79eb27eb3.jpg,,,,,,,,,,,,,,,,,,,,,,0,1,em_03_04_ex+Insurance,,1,,,2340,,5,,,,,,,,,,,,,,,,,8,Ymobile_extension
130,138,0,0,,,,,【5days/4nights extension of rental】Y!mobile+Insurance,1,,,,,,,,【5days/4nights extension of rental】Y!mobile+Insurance,03201037_550b79d98d8a0.jpg,*,03201037_550b79d98abd1.jpg,03201037_550b79d987cf2.jpg,,,,,,,,,,,,,,,,,,,,,,0,1,em_04_05_ex+Insurance,,1,,,2790,,5,,,,,,,,,,,,,,,,,8,Ymobile_extension
131,139,0,0,,,,,【6days/5nights extension of rental】Y!mobile+Insurance,1,,,,,,,,【6days/5nights extension of rental】Y!mobile+Insurance,03201037_550b79cbbdf2c.jpg,*,03201037_550b79cbbb1e0.jpg,03201037_550b79cbb7e93.jpg,,,,,,,,,,,,,,,,,,,,,,0,1,em_05_06_ex+Insurance,,1,,,3240,,5,,,,,,,,,,,,,,,,,8,Ymobile_extension
132,140,0,0,,,,,【7days/6nights extension of rental】Y!mobile+Insurance,1,,,,,,,,【7days/6nights extension of rental】Y!mobile+Insurance,03201036_550b79b721ee6.jpg,*,03201036_550b79b71f4f2.jpg,03201036_550b79b71c67d.jpg,,,,,,,,,,,,,,,,,,,,,,0,1,em_06_07_ex+Insurance,,1,,,3690,,5,,,,,,,,,,,,,,,,,8,Ymobile_extension
133,141,0,0,,,,,【8days/7nights extension of rental】Y!mobile+Insurance,1,,,,,,,,【8days/7nights extension of rental】Y!mobile+Insurance,03201036_550b79aa06406.jpg,*,03201036_550b79aa03965.jpg,03201036_550b79aa00abb.jpg,,,,,,,,,,,,,,,,,,,,,,0,1,em_07_08_ex+Insurance,,1,,,4140,,5,,,,,,,,,,,,,,,,,8,Ymobile_extension
134,142,0,0,,,,,【9days/8nights extension of rental】Y!mobile+Insurance,1,,,,,,,,【9days/8nights extension of rental】Y!mobile+Insurance,03201036_550b799c6ffd2.jpg,*,03201036_550b799c6d526.jpg,03201036_550b799c6a647.jpg,,,,,,,,,,,,,,,,,,,,,,0,1,em_08_09_ex+Insurance,,1,,,4590,,5,,,,,,,,,,,,,,,,,8,Ymobile_extension
135,143,0,0,,,,,【10days/9nights extension of rental】Y!mobile+Insurance,1,,,,,,,,【10days/9nights extension of rental】Y!mobile+Insurance,03201036_550b798dc9a0d.jpg,*,03201036_550b798dc6e08.jpg,03201036_550b798dc3e34.jpg,,,,,,,,,,,,,,,,,,,,,,0,1,em_09_10_ex+Insurance,,1,,,5040,,5,,,,,,,,,,,,,,,,,8,Ymobile_extension
136,144,0,0,,,,,【11days/10nights extension of rental】Y!mobile+Insurance,1,,,,,,,,【11days/10nights extension of rental】Y!mobile+Insurance,03201035_550b797cd99c8.jpg,*,03201035_550b797cd6f37.jpg,03201035_550b797cd3ce3.jpg,,,,,,,,,,,,,,,,,,,,,,0,1,em_10_11_ex+Insurance,,1,,,5490,,5,,,,,,,,,,,,,,,,,8,Ymobile_extension
137,145,0,0,,,,,【12days/11nights extension of rental】Y!mobile+Insurance,1,,,,,,,,【12days/11nights extension of rental】Y!mobile+Insurance,03201035_550b796e5d569.jpg,*,03201035_550b796e5aa58.jpg,03201035_550b796e57abb.jpg,,,,,,,,,,,,,,,,,,,,,,0,1,em_11_12_ex+Insurance,,1,,,5940,,5,,,,,,,,,,,,,,,,,8,Ymobile_extension
138,146,0,0,,,,,【13days/12nights extension of rental】Y!mobile+Insurance,1,,,,,,,,【13days/12nights extension of rental】Y!mobile+Insurance,03201035_550b795966c30.jpg,*,03201035_550b795963ed7.jpg,03201035_550b795960d23.jpg,,,,,,,,,,,,,,,,,,,,,,0,1,em_12_13_ex+Insurance,,1,,,6390,,5,,,,,,,,,,,,,,,,,8,Ymobile_extension
139,147,0,0,,,,,【14days/13nights extension of rental】Y!mobile+Insurance,1,,,,,,,,【14days/13nights extension of rental】Y!mobile+Insurance,03201035_550b794d5a525.jpg,*,03201035_550b794d5792e.jpg,03201035_550b794d54980.jpg,,,,,,,,,,,,,,,,,,,,,,0,1,em_13_14_ex+Insurance,,1,,,6840,,5,,,,,,,,,,,,,,,,,8,Ymobile_extension
140,148,0,0,,,,,【15days/14nights〜1month extension of rental】Y!mobile+Insurance,1,,,,,,,,【15days/14nights〜1month extension of rental】Y!mobile+Insurance,03201034_550b793e173ce.jpg,*,03201034_550b793e14886.jpg,03201034_550b793e11565.jpg,,,,,,,,,,,,,,,,,,,,,,0,1,em_30_31_ex+Insurance,,1,,,7290,,5,,,,,,,,,,,,,,,,,8,Ymobile_extension
141,149,0,0,,,,,【2month extension of rental】Y!mobile+Insurance,1,,,,,,,,【2month extension of rental】Y!mobile+Insurance,03201034_550b792e10882.jpg,*,03201034_550b792e0de4d.jpg,03201034_550b792e0b125.jpg,,,,,,,,,,,,,,,,,,,,,,0,1,em_60_61_ex+Insurance,,1,,,12540,,5,,,,,,,,,,,,,,,,,8,Ymobile_extension
142,150,0,0,,,,,【3month extension of rental】Y!mobile+Insurance,1,,,,,,,,【3month extension of rental】Y!mobile+Insurance,03201034_550b791c85aea.jpg,*,03201034_550b791c832f5.jpg,03201034_550b791c80621.jpg,,,,,,,,,,,,,,,,,,,,,,0,1,em_90_91_ex+Insurance,,1,,,17340,,5,,,,,,,,,,,,,,,,,8,Ymobile_extension
143,151,0,0,,,,,【1day extension of rental】WiMAX,1,,,,,,,,【1day extension of rental】WiMAX,03201101_550b7f9479568.jpg,*,03201101_550b7f947682a.jpg,03201101_550b7f9473775.jpg,,,,,,,,,,,,,,,,,,,,,,0,1,wm_1day_ex,,1,,,450,,5,,,,,,,,,,,,,,,,,9,WiMAX_extension
144,152,0,0,,,,,【2days/1nights extension of rental】WiMAX,1,,,,,,,,【2days/1nights extension of rental】WiMAX,03201101_550b7f884691c.jpg,*,03201101_550b7f8843c53.jpg,03201101_550b7f8840b36.jpg,,,,,,,,,,,,,,,,,,,,,,0,1,wm_01_02_ex,,1,,,900,,5,,,,,,,,,,,,,,,,,9,WiMAX_extension
145,153,0,0,,,,,【3days/2nights extension of rental】WiMAX,1,,,,,,,,【3days/2nights extension of rental】WiMAX,03201101_550b7f7a07d6a.jpg,*,03201101_550b7f7a0502b.jpg,03201101_550b7f7a01f61.jpg,,,,,,,,,,,,,,,,,,,,,,0,1,wm_02_03_ex,,1,,,1350,,5,,,,,,,,,,,,,,,,,9,WiMAX_extension
146,154,0,0,,,,,【4days/3nights extension of rental】WiMAX,1,,,,,,,,【4days/3nights extension of rental】WiMAX,03201101_550b7f6ad12b9.jpg,*,03201101_550b7f6ace601.jpg,03201101_550b7f6acb55d.jpg,,,,,,,,,,,,,,,,,,,,,,0,1,wm_03_04_ex,,1,,,1800,,5,,,,,,,,,,,,,,,,,9,WiMAX_extension
147,155,0,0,,,,,【5days/4nights extension of rental】WiMAX,1,,,,,,,,【5days/4nights extension of rental】WiMAX,03201101_550b7f5da7386.jpg,*,03201101_550b7f5da47ee.jpg,03201101_550b7f5da18c8.jpg,,,,,,,,,,,,,,,,,,,,,,0,1,wm_04_05_ex,,1,,,2250,,5,,,,,,,,,,,,,,,,,9,WiMAX_extension
148,156,0,0,,,,,【6days/5nights extension of rental】WiMAX,1,,,,,,,,【6days/5nights extension of rental】WiMAX,03201100_550b7f4e008ec.jpg,*,03201100_550b7f4df1dd1.jpg,03201100_550b7f4deeeeb.jpg,,,,,,,,,,,,,,,,,,,,,,0,1,wm_05_06_ex,,1,,,2700,,5,,,,,,,,,,,,,,,,,9,WiMAX_extension
149,157,0,0,,,,,【7days/6nights extension of rental】WiMAX,1,,,,,,,,【7days/6nights extension of rental】WiMAX,03201100_550b7f41197df.jpg,*,03201100_550b7f4116b8b.jpg,03201100_550b7f4113a68.jpg,,,,,,,,,,,,,,,,,,,,,,0,1,wm_06_07_ex,,1,,,3150,,5,,,,,,,,,,,,,,,,,9,WiMAX_extension
150,158,0,0,,,,,【8days/7nights extension of rental】WiMAX,1,,,,,,,,【8days/7nights extension of rental】WiMAX,03201100_550b7f33cfd9a.jpg,*,03201100_550b7f33cd1ef.jpg,03201100_550b7f33ca2b5.jpg,,,,,,,,,,,,,,,,,,,,,,0,1,wm_07_08_ex,,1,,,3600,,5,,,,,,,,,,,,,,,,,9,WiMAX_extension
151,159,0,0,,,,,【9days/8nights extension of rental】WiMAX,1,,,,,,,,【9days/8nights extension of rental】WiMAX,03201045_550b7b9c75694.jpg,*,03201045_550b7b9c72c87.jpg,03201045_550b7b9c6f72e.jpg,,,,,,,,,,,,,,,,,,,,,,0,1,wm_08_09_ex,,1,,,4050,,5,,,,,,,,,,,,,,,,,9,WiMAX_extension
152,160,0,0,,,,,【10days/9nights extension of rental】WiMAX,1,,,,,,,,【10days/9nights extension of rental】WiMAX,03201044_550b7b8cca75f.jpg,*,03201044_550b7b8cc7355.jpg,03201044_550b7b8cc4489.jpg,,,,,,,,,,,,,,,,,,,,,,0,1,wm_09_10_ex,,1,,,4500,,5,,,,,,,,,,,,,,,,,9,WiMAX_extension
153,161,0,0,,,,,【11days/10nights extension of rental】WiMAX,1,,,,,,,,【11days/10nights extension of rental】WiMAX,03201044_550b7b7f54568.jpg,*,03201044_550b7b7f518b5.jpg,03201044_550b7b7f4d796.jpg,,,,,,,,,,,,,,,,,,,,,,0,1,wm_10_11_ex,,1,,,4950,,5,,,,,,,,,,,,,,,,,9,WiMAX_extension
154,162,0,0,,,,,【12days/11nights extension of rental】WiMAX,1,,,,,,,,【12days/11nights extension of rental】WiMAX,03201059_550b7f1fea34c.jpg,*,03201059_550b7f1fe7644.jpg,03201059_550b7f1fe4363.jpg,,,,,,,,,,,,,,,,,,,,,,0,1,wm_11_12_ex,,1,,,5400,,5,,,,,,,,,,,,,,,,,9,WiMAX_extension
155,163,0,0,,,,,【13days/12nights extension of rental】WiMAX,1,,,,,,,,【13days/12nights extension of rental】WiMAX,03201059_550b7f1187ac6.jpg,*,03201059_550b7f1184dfa.jpg,03201059_550b7f118182d.jpg,,,,,,,,,,,,,,,,,,,,,,0,1,wm_12_13_ex,,1,,,5850,,5,,,,,,,,,,,,,,,,,9,WiMAX_extension
156,164,0,0,,,,,【14days/13nights extension of rental】WiMAX,1,,,,,,,,【14days/13nights extension of rental】WiMAX,03201058_550b7edc3c152.jpg,*,03201058_550b7edc39531.jpg,03201058_550b7edc36587.jpg,,,,,,,,,,,,,,,,,,,,,,0,1,wm_13_14_ex,,1,,,6300,,5,,,,,,,,,,,,,,,,,9,WiMAX_extension
157,165,0,0,,,,,【15days/14nights〜1month extension of rental】WiMAX,1,,,,,,,,【15days/14nights〜1month extension of rental】WiMAX,03201058_550b7ecd87b90.jpg,*,03201058_550b7ecd84fce.jpg,03201058_550b7ecd82069.jpg,,,,,,,,,,,,,,,,,,,,,,0,1,wm_30_31_ex,,1,,,6750,,5,,,,,,,,,,,,,,,,,9,WiMAX_extension
158,166,0,0,,,,,【2month extension of rental】WiMAX,1,,,,,,,,【2month extension of rental】WiMAX,03201058_550b7ec0acb79.jpg,*,03201058_550b7ec0aa1f9.jpg,03201058_550b7ec0a7353.jpg,,,,,,,,,,,,,,,,,,,,,,0,1,wm_60_61_ex,,1,,,12000,,5,,,,,,,,,,,,,,,,,9,WiMAX_extension
159,167,0,0,,,,,【3month extension of rental】WiMAX,1,,,,,,,,【3month extension of rental】WiMAX,03201058_550b7eb40f80f.jpg,*,03201058_550b7eb40c5ae.jpg,03201058_550b7eb4092e5.jpg,,,,,,,,,,,,,,,,,,,,,,0,1,wm_90_91_ex,,1,,,16800,,5,,,,,,,,,,,,,,,,,9,WiMAX_extension
160,168,0,0,,,,,【4month extension of rental】WiMAX,1,,,,,,,,【4month extension of rental】WiMAX,03201059_550b7efa253c6.jpg,*,03201059_550b7efa2264e.jpg,03201059_550b7efa1f51e.jpg,,,,,,,,,,,,,,,,,,,,,,0,1,wm_120_121_ex,,1,,,18800,,5,,,,,,,,,,,,,,,,,9,WiMAX_extension
161,169,0,0,,,,,【5month extension of rental】WiMAX,1,,,,,,,,【5month extension of rental】WiMAX,03201057_550b7e86af4f2.jpg,*,03201057_550b7e86aca2f.jpg,03201057_550b7e86a9cac.jpg,,,,,,,,,,,,,,,,,,,,,,0,1,wm_150_151_ex,,1,,,20800,,5,,,,,,,,,,,,,,,,,9,WiMAX_extension
162,170,0,0,,,,,【6month extension of rental】WiMAX,1,,,,,,,,【6month extension of rental】WiMAX,03201057_550b7e7aa26e4.jpg,*,03201057_550b7e7a9fbc5.jpg,03201057_550b7e7a9cd9b.jpg,,,,,,,,,,,,,,,,,,,,,,0,1,wm_180_181_ex,,1,,,22800,,5,,,,,,,,,,,,,,,,,9,WiMAX_extension
163,171,0,0,,,,,【1day extension of rental】WiMAX+Insurance,1,,,,,,,,【1day extension of rental】WiMAX+Insurance,03201056_550b7e6a6c5b5.jpg,*,03201056_550b7e6a69b99.jpg,03201056_550b7e6a66c9a.jpg,,,,,,,,,,,,,,,,,,,,,,0,1,wm_1day_ex+Insurance,,1,,,990,,5,,,,,,,,,,,,,,,,,9,WiMAX_extension
164,172,0,0,,,,,【2days/1nights extension of rental】WiMAX+Insurance,1,,,,,,,,【2days/1nights extension of rental】WiMAX+Insurance,03201056_550b7e5a61701.jpg,*,03201056_550b7e5a5eb90.jpg,03201056_550b7e5a5bb02.jpg,,,,,,,,,,,,,,,,,,,,,,0,1,wm_01_02_ex+Insurance,,1,,,1440,,5,,,,,,,,,,,,,,,,,9,WiMAX_extension
165,173,0,0,,,,,【3days/2nights extension of rental】WiMAX+Insurance,1,,,,,,,,【3days/2nights extension of rental】WiMAX+Insurance,03201056_550b7e4a6542e.jpg,*,03201056_550b7e4a62633.jpg,03201056_550b7e4a5f520.jpg,,,,,,,,,,,,,,,,,,,,,,0,1,wm_02_03_ex+Insurance,,1,,,1890,,5,,,,,,,,,,,,,,,,,9,WiMAX_extension
166,174,0,0,,,,,【4days/3nights extension of rental】WiMAX+Insurance,1,,,,,,,,【4days/3nights extension of rental】WiMAX+Insurance,03201056_550b7e3c0603c.jpg,*,03201056_550b7e3c03394.jpg,03201056_550b7e3c0011a.jpg,,,,,,,,,,,,,,,,,,,,,,0,1,wm_03_04_ex+Insurance,,1,,,2340,,5,,,,,,,,,,,,,,,,,9,WiMAX_extension
167,175,0,0,,,,,【5days/4nights extension of rental】WiMAX+Insurance,1,,,,,,,,【5days/4nights extension of rental】WiMAX+Insurance,03201055_550b7e2d9fa6b.jpg,*,03201055_550b7e2d9cf02.jpg,03201055_550b7e2d9a096.jpg,,,,,,,,,,,,,,,,,,,,,,0,1,wm_04_05_ex+Insurance,,1,,,2790,,5,,,,,,,,,,,,,,,,,9,WiMAX_extension
168,176,0,0,,,,,【6days/5nights extension of rental】WiMAX+Insurance,1,,,,,,,,【6days/5nights extension of rental】WiMAX+Insurance,03201055_550b7e0e4bf17.jpg,*,03201055_550b7e0e4925f.jpg,03201055_550b7e0e461df.jpg,,,,,,,,,,,,,,,,,,,,,,0,1,wm_05_06_ex+Insurance,,1,,,3240,,5,,,,,,,,,,,,,,,,,9,WiMAX_extension
169,177,0,0,,,,,【7days/6nights extension of rental】WiMAX+Insurance,1,,,,,,,,【7days/6nights extension of rental】WiMAX+Insurance,03201055_550b7dfcd4d19.jpg,*,03201055_550b7dfcd2073.jpg,03201055_550b7dfccf077.jpg,,,,,,,,,,,,,,,,,,,,,,0,1,wm_06_07_ex+Insurance,,1,,,3690,,5,,,,,,,,,,,,,,,,,9,WiMAX_extension
170,178,0,0,,,,,【8days/7nights extension of rental】WiMAX+Insurance,1,,,,,,,,【8days/7nights extension of rental】WiMAX+Insurance,03201054_550b7df07e52a.jpg,*,03201054_550b7df07b7db.jpg,03201054_550b7df0785d1.jpg,,,,,,,,,,,,,,,,,,,,,,0,1,wm_07_08_ex+Insurance,,1,,,4140,,5,,,,,,,,,,,,,,,,,9,WiMAX_extension
171,179,0,0,,,,,【9days/8nights extension of rental】WiMAX+Insurance,1,,,,,,,,【9days/8nights extension of rental】WiMAX+Insurance,03201047_550b7c4f1cb62.jpg,*,03201047_550b7c4f19e0f.jpg,03201047_550b7c4f16cdb.jpg,,,,,,,,,,,,,,,,,,,,,,0,1,wm_08_09_ex+Insurance,,1,,,4590,,5,,,,,,,,,,,,,,,,,9,WiMAX_extension
172,180,0,0,,,,,【10days/9nights extension of rental】WiMAX+Insurance,1,,,,,,,,【10days/9nights extension of rental】WiMAX+Insurance,03201047_550b7c3fdbd55.jpg,*,03201047_550b7c3fd96b2.jpg,03201047_550b7c3fd6d8b.jpg,,,,,,,,,,,,,,,,,,,,,,0,1,wm_09_10_ex+Insurance,,1,,,5040,,5,,,,,,,,,,,,,,,,,9,WiMAX_extension
173,181,0,0,,,,,【11days/10nights extension of rental】WiMAX+Insurance,1,,,,,,,,【11days/10nights extension of rental】WiMAX+Insurance,03201047_550b7c335f831.jpg,*,03201047_550b7c335cbd8.jpg,03201047_550b7c3359a78.jpg,,,,,,,,,,,,,,,,,,,,,,0,1,wm_10_11_ex+Insurance,,1,,,5490,,5,,,,,,,,,,,,,,,,,9,WiMAX_extension
174,182,0,0,,,,,【12days/11nights extension of rental】WiMAX+Insurance,1,,,,,,,,【12days/11nights extension of rental】WiMAX+Insurance,03201047_550b7c25b6563.jpg,*,03201047_550b7c25b3909.jpg,03201047_550b7c25b011b.jpg,,,,,,,,,,,,,,,,,,,,,,0,1,wm_11_12_ex+Insurance,,1,,,5940,,5,,,,,,,,,,,,,,,,,9,WiMAX_extension
175,183,0,0,,,,,【13days/12nights extension of rental】WiMAX+Insurance,1,,,,,,,,【13days/12nights extension of rental】WiMAX+Insurance,03201047_550b7c184f743.jpg,*,03201047_550b7c184cd83.jpg,03201047_550b7c1849eb2.jpg,,,,,,,,,,,,,,,,,,,,,,0,1,wm_12_13_ex+Insurance,,1,,,6390,,5,,,,,,,,,,,,,,,,,9,WiMAX_extension
176,184,0,0,,,,,【14days/13nights extension of rental】WiMAX+Insurance,1,,,,,,,,【14days/13nights extension of rental】WiMAX+Insurance,03201046_550b7c0b179ff.jpg,*,03201046_550b7c0b14d45.jpg,03201046_550b7c0b119e9.jpg,,,,,,,,,,,,,,,,,,,,,,0,1,wm_13_14_ex+Insurance,,1,,,6840,,5,,,,,,,,,,,,,,,,,9,WiMAX_extension
177,185,0,0,,,,,【15days/14nights〜1month extension of rental】WiMAX+Insurance,1,,,,,,,,【15days/14nights〜1month extension of rental】WiMAX+Insurance,03201046_550b7bfb5d8f3.jpg,*,03201046_550b7bfb5aa0a.jpg,03201046_550b7bfb56ec6.jpg,,,,,,,,,,,,,,,,,,,,,,0,1,wm_30_31_ex+Insurance,,1,,,7290,,5,,,,,,,,,,,,,,,,,9,WiMAX_extension
178,186,0,0,,,,,【2month extension of rental】WiMAX+Insurance,1,,,,,,,,【2month extension of rental】WiMAX+Insurance,03201046_550b7bed4355b.jpg,*,03201046_550b7bed408db.jpg,03201046_550b7bed3d849.jpg,,,,,,,,,,,,,,,,,,,,,,0,1,wm_60_61_ex+Insurance,,1,,,12540,,5,,,,,,,,,,,,,,,,,9,WiMAX_extension
179,187,0,0,,,,,【3month extension of rental】WiMAX+Insurance,1,,,,,,,,【3month extension of rental】WiMAX+Insurance,03201046_550b7bdc3c54b.jpg,*,03201046_550b7bdc39932.jpg,03201046_550b7bdc36b15.jpg,,,,,,,,,,,,,,,,,,,,,,0,1,wm_90_91_ex+Insurance,,1,,,17340,,5,,,,,,,,,,,,,,,,,9,WiMAX_extension
180,188,0,0,,,,,【4month extension of rental】WiMAX+Insurance,1,,,,,,,,【4month extension of rental】WiMAX+Insurance,03201045_550b7bcc5c003.jpg,*,03201045_550b7bcc592bb.jpg,03201045_550b7bcc5616c.jpg,,,,,,,,,,,,,,,,,,,,,,0,1,wm_120_121_ex+Insurance,,1,,,19340,,5,,,,,,,,,,,,,,,,,9,WiMAX_extension
181,189,0,0,,,,,【5month extension of rental】WiMAX+Insurance,1,,,,,,,,【5month extension of rental】WiMAX+Insurance,03201045_550b7bbbaf27e.jpg,*,03201045_550b7bbbac66b.jpg,03201045_550b7bbba94c6.jpg,,,,,,,,,,,,,,,,,,,,,,0,1,wm_150_151_ex+Insurance,,1,,,21340,,5,,,,,,,,,,,,,,,,,9,WiMAX_extension
182,190,0,0,,,,,【6month extension of rental】WiMAX+Insurance,1,,,,,,,,【6month extension of rental】WiMAX+Insurance,03201045_550b7badb8b26.jpg,*,03201045_550b7badb5dc8.jpg,03201045_550b7badb2d72.jpg,,,,,,,,,,,,,,,,,,,,,,0,1,wm_180_181_ex+Insurance,,1,,,23340,,5,,,,,,,,,,,,,,,,,9,WiMAX_extension
183,191,0,0,,,,,【1day extension of rental】au KDDI,1,,,,,,,,【1day extension of rental】au KDDI,au_ex-00.jpg,*,au_ex-00.jpg,au_ex-00.jpg,,,,,,,,,,,,,,,,,,,,,,0,1,7033,,1,,,650,,5,,,,,,,,,,,,,,,,,10,au_extension
184,192,0,0,,,,,【2days/1nights extension of rental】au KDDI,1,,,,,,,,【2days/1nights extension of rental】au KDDI,au_ex-01.jpg,*,au_ex-01.jpg,au_ex-01.jpg,,,,,,,,,,,,,,,,,,,,,,0,1,7034,,1,,,1300,,5,,,,,,,,,,,,,,,,,10,au_extension
185,193,0,0,,,,,【3days/2nights extension of rental】au KDDI,1,,,,,,,,【3days/2nights extension of rental】au KDDI,au_ex-02.jpg,*,au_ex-02.jpg,au_ex-02.jpg,,,,,,,,,,,,,,,,,,,,,,0,1,7035,,1,,,1950,,5,,,,,,,,,,,,,,,,,10,au_extension
186,194,0,0,,,,,【4days/3nights extension of rental】au KDDI,1,,,,,,,,【4days/3nights extension of rental】au KDDI,au_ex-03.jpg,*,au_ex-03.jpg,au_ex-03.jpg,,,,,,,,,,,,,,,,,,,,,,0,1,7036,,1,,,2600,,5,,,,,,,,,,,,,,,,,10,au_extension
187,195,0,0,,,,,【5days/4nights extension of rental】au KDDI,1,,,,,,,,【5days/4nights extension of rental】au KDDI,au_ex-04.jpg,*,au_ex-04.jpg,au_ex-04.jpg,,,,,,,,,,,,,,,,,,,,,,0,1,7037,,1,,,3250,,5,,,,,,,,,,,,,,,,,10,au_extension
188,196,0,0,,,,,【6days/5nights extension of rental】au KDDI,1,,,,,,,,【6days/5nights extension of rental】au KDDI,au_ex-05.jpg,*,au_ex-05.jpg,au_ex-05.jpg,,,,,,,,,,,,,,,,,,,,,,0,1,7038,,1,,,3900,,5,,,,,,,,,,,,,,,,,10,au_extension
189,197,0,0,,,,,【7days/6nights extension of rental】au KDDI,1,,,,,,,,【7days/6nights extension of rental】au KDDI,au_ex-06.jpg,*,au_ex-06.jpg,au_ex-06.jpg,,,,,,,,,,,,,,,,,,,,,,0,1,7039,,1,,,4550,,5,,,,,,,,,,,,,,,,,10,au_extension
190,198,0,0,,,,,【8days/7nights extension of rental】au KDDI,1,,,,,,,,【8days/7nights extension of rental】au KDDI,au_ex-07.jpg,*,au_ex-07.jpg,au_ex-07.jpg,,,,,,,,,,,,,,,,,,,,,,0,1,7049,,1,,,5200,,5,,,,,,,,,,,,,,,,,10,au_extension
191,199,0,0,,,,,【9days/8nights extension of rental】au KDDI,1,,,,,,,,【9days/8nights extension of rental】au KDDI,au_ex-08.jpg,*,au_ex-08.jpg,au_ex-08.jpg,,,,,,,,,,,,,,,,,,,,,,0,1,7050,,1,,,5850,,5,,,,,,,,,,,,,,,,,10,au_extension
192,200,0,0,,,,,【10days/9nights extension of rental】au KDDI,1,,,,,,,,【10days/9nights extension of rental】au KDDI,au_ex-09.jpg,*,au_ex-09.jpg,au_ex-09.jpg,,,,,,,,,,,,,,,,,,,,,,0,1,7051,,1,,,6500,,5,,,,,,,,,,,,,,,,,10,au_extension
193,201,0,0,,,,,【11days/10nights extension of rental】au KDDI,1,,,,,,,,【11days/10nights extension of rental】au KDDI,au_ex-10.jpg,*,au_ex-10.jpg,au_ex-10.jpg,,,,,,,,,,,,,,,,,,,,,,0,1,7052,,1,,,7150,,5,,,,,,,,,,,,,,,,,10,au_extension
194,202,0,0,,,,,【12days/11nights extension of rental】au KDDI,1,,,,,,,,【12days/11nights extension of rental】au KDDI,au_ex-11.jpg,*,au_ex-11.jpg,au_ex-11.jpg,,,,,,,,,,,,,,,,,,,,,,0,1,7053,,1,,,7800,,5,,,,,,,,,,,,,,,,,10,au_extension
195,203,0,0,,,,,【13days/12nights extension of rental】au KDDI,1,,,,,,,,【13days/12nights extension of rental】au KDDI,au_ex-12.jpg,*,au_ex-12.jpg,au_ex-12.jpg,,,,,,,,,,,,,,,,,,,,,,0,1,7054,,1,,,8450,,5,,,,,,,,,,,,,,,,,10,au_extension
196,204,0,0,,,,,【14days/13nights extension of rental】au KDDI,1,,,,,,,,【14days/13nights extension of rental】au KDDI,au_ex-13.jpg,*,au_ex-13.jpg,au_ex-13.jpg,,,,,,,,,,,,,,,,,,,,,,0,1,7055,,1,,,9100,,5,,,,,,,,,,,,,,,,,10,au_extension
197,205,0,0,,,,,【15days/14nights〜1month extension of rental】au KDDI,1,,,,,,,,【15days/14nights〜1month extension of rental】au KDDI,au_ex-14.jpg,*,au_ex-14.jpg,au_ex-14.jpg,,,,,,,,,,,,,,,,,,,,,,0,1,7056,,1,,,9750,,5,,,,,,,,,,,,,,,,,10,au_extension
198,206,0,0,,,,,【2month extension of rental】au KDDI,1,,,,,,,,【2month extension of rental】au KDDI,au_ex-15.jpg,*,au_ex-15.jpg,au_ex-15.jpg,,,,,,,,,,,,,,,,,,,,,,0,1,7057,,1,,,17300,,5,,,,,,,,,,,,,,,,,10,au_extension
199,207,0,0,,,,,【3month extension of rental】au KDDI,1,,,,,,,,【3month extension of rental】au KDDI,au_ex-16.jpg,*,au_ex-16.jpg,au_ex-16.jpg,,,,,,,,,,,,,,,,,,,,,,0,1,7058,,1,,,24200,,5,,,,,,,,,,,,,,,,,10,au_extension
200,208,0,0,,,,,【1day extension of rental】au KDDI+Insurance,1,,,,,,,,【1day extension of rental】au KDDI+Insurance,au_ex-00.jpg,*,au_ex-00.jpg,au_ex-00.jpg,,,,,,,,,,,,,,,,,,,,,,0,1,7059,,1,,,1190,,5,,,,,,,,,,,,,,,,,10,au_extension
201,209,0,0,,,,,【2days/1nights extension of rental】au KDDI+Insurance,1,,,,,,,,【2days/1nights extension of rental】au KDDI+Insurance,au_ex-01.jpg,*,au_ex-01.jpg,au_ex-01.jpg,,,,,,,,,,,,,,,,,,,,,,0,1,7060,,1,,,1840,,5,,,,,,,,,,,,,,,,,10,au_extension
202,210,0,0,,,,,【3days/2nights extension of rental】au KDDI+Insurance,1,,,,,,,,【3days/2nights extension of rental】au KDDI+Insurance,au_ex-02.jpg,*,au_ex-02.jpg,au_ex-02.jpg,,,,,,,,,,,,,,,,,,,,,,0,1,7061,,1,,,2490,,5,,,,,,,,,,,,,,,,,10,au_extension
203,211,0,0,,,,,【4days/3nights extension of rental】au KDDI+Insurance,1,,,,,,,,【4days/3nights extension of rental】au KDDI+Insurance,au_ex-03.jpg,*,au_ex-03.jpg,au_ex-03.jpg,,,,,,,,,,,,,,,,,,,,,,0,1,7062,,1,,,3140,,5,,,,,,,,,,,,,,,,,10,au_extension
204,212,0,0,,,,,【5days/4nights extension of rental】au KDDI+Insurance,1,,,,,,,,【5days/4nights extension of rental】au KDDI+Insurance,au_ex-04.jpg,*,au_ex-04.jpg,au_ex-04.jpg,,,,,,,,,,,,,,,,,,,,,,0,1,7063,,1,,,3790,,5,,,,,,,,,,,,,,,,,10,au_extension
205,213,0,0,,,,,【6days/5nights extension of rental】au KDDI+Insurance,1,,,,,,,,【6days/5nights extension of rental】au KDDI+Insurance,au_ex-05.jpg,*,au_ex-05.jpg,au_ex-05.jpg,,,,,,,,,,,,,,,,,,,,,,0,1,7064,,1,,,4440,,5,,,,,,,,,,,,,,,,,10,au_extension
206,214,0,0,,,,,【7days/6nights extension of rental】au KDDI+Insurance,1,,,,,,,,【7days/6nights extension of rental】au KDDI+Insurance,au_ex-06.jpg,*,au_ex-06.jpg,au_ex-06.jpg,,,,,,,,,,,,,,,,,,,,,,0,1,7065,,1,,,5090,,5,,,,,,,,,,,,,,,,,10,au_extension
207,215,0,0,,,,,【8days/7nights extension of rental】au KDDI+Insurance,1,,,,,,,,【8days/7nights extension of rental】au KDDI+Insurance,au_ex-07.jpg,*,au_ex-07.jpg,au_ex-07.jpg,,,,,,,,,,,,,,,,,,,,,,0,1,7066,,1,,,5740,,5,,,,,,,,,,,,,,,,,10,au_extension
208,216,0,0,,,,,【9days/8nights extension of rental】au KDDI+Insurance,1,,,,,,,,【9days/8nights extension of rental】au KDDI+Insurance,au_ex-08.jpg,*,au_ex-08.jpg,au_ex-08.jpg,,,,,,,,,,,,,,,,,,,,,,0,1,7067,,1,,,6390,,5,,,,,,,,,,,,,,,,,10,au_extension
209,217,0,0,,,,,【10days/9nights extension of rental】au KDDI+Insurance,1,,,,,,,,【10days/9nights extension of rental】au KDDI+Insurance,au_ex-09.jpg,*,au_ex-09.jpg,au_ex-09.jpg,,,,,,,,,,,,,,,,,,,,,,0,1,7068,,1,,,7040,,5,,,,,,,,,,,,,,,,,10,au_extension
210,218,0,0,,,,,【11days/10nights extension of rental】au KDDI+Insurance,1,,,,,,,,【11days/10nights extension of rental】au KDDI+Insurance,au_ex-10.jpg,*,au_ex-10.jpg,au_ex-10.jpg,,,,,,,,,,,,,,,,,,,,,,0,1,7069,,1,,,7690,,5,,,,,,,,,,,,,,,,,10,au_extension
211,219,0,0,,,,,【12days/11nights extension of rental】au KDDI+Insurance,1,,,,,,,,【12days/11nights extension of rental】au KDDI+Insurance,au_ex-11.jpg,*,au_ex-11.jpg,au_ex-11.jpg,,,,,,,,,,,,,,,,,,,,,,0,1,7070,,1,,,8340,,5,,,,,,,,,,,,,,,,,10,au_extension
212,220,0,0,,,,,【13days/12nights extension of rental】au KDDI+Insurance,1,,,,,,,,【13days/12nights extension of rental】au KDDI+Insurance,au_ex-12.jpg,*,au_ex-12.jpg,au_ex-12.jpg,,,,,,,,,,,,,,,,,,,,,,0,1,7071,,1,,,8990,,5,,,,,,,,,,,,,,,,,10,au_extension
213,221,0,0,,,,,【14days/13nights extension of rental】au KDDI+Insurance,1,,,,,,,,【14days/13nights extension of rental】au KDDI+Insurance,au_ex-13.jpg,*,au_ex-13.jpg,au_ex-13.jpg,,,,,,,,,,,,,,,,,,,,,,0,1,7072,,1,,,9640,,5,,,,,,,,,,,,,,,,,10,au_extension
214,222,0,0,,,,,【15days/14nights〜1month extension of rental】au KDDI+Insurance,1,,,,,,,,【15days/14nights〜1month extension of rental】au KDDI+Insurance,au_ex-14.jpg,*,au_ex-14.jpg,au_ex-14.jpg,,,,,,,,,,,,,,,,,,,,,,0,1,7073,,1,,,10290,,5,,,,,,,,,,,,,,,,,10,au_extension
215,223,0,0,,,,,【2month extension of rental】au KDDI+Insurance,1,,,,,,,,【2month extension of rental】au KDDI+Insurance,au_ex-15.jpg,*,au_ex-15.jpg,au_ex-15.jpg,,,,,,,,,,,,,,,,,,,,,,0,1,7074,,1,,,17840,,5,,,,,,,,,,,,,,,,,10,au_extension
216,224,0,0,,,,,【3month extension of rental】au KDDI+Insurance,1,,,,,,,,【3month extension of rental】au KDDI+Insurance,au_ex-16.jpg,*,au_ex-16.jpg,au_ex-16.jpg,,,,,,,,,,,,,,,,,,,,,,0,1,7075,,1,,,24740,,5,,,,,,,,,,,,,,,,,10,au_extension
220,228,0,0,,,,,addcharge,1,,,,,,,,*,,*,,,,,,,,,,,,,,,,,,,,,,,,0,1,addcharge,,1,,,1080,,0,,,,,,,,,,,,,,,,,"8,9,10","Ymobile_extension,WiMAX_extension,au_extension"
222,230,0,0,,,,,【2days/1nights RENTAL】SoftBank 303ZT,1,,,,,,,,【2days/1nights RENTAL】SoftBank 303ZT,sb/sb-01.jpg,*,sb/sb-01.jpg,sb/sb-01.jpg,,,,,,,,,,,,,,,,,,,,,,0,1,en_sb_001,,1,,,1100,,5,,,,,,,,,,,,,,,,,11,SoftBank
223,231,0,0,,,,,【3days/2nights RENTAL】SoftBank 303ZT,1,,,,,,,,【3days/2nights RENTAL】SoftBank 303ZT,sb/sb-02.jpg,*,sb/sb-02.jpg,sb/sb-02.jpg,,,,,,,,,,,,,,,,,,,,,,0,1,en_sb_002,,1,,,1650,,5,,,,,,,,,,,,,,,,,11,SoftBank
224,232,0,0,,,,,【4days/3nights RENTAL】SoftBank 303ZT,1,,,,,,,,【4days/3nights RENTAL】SoftBank 303ZT,sb/sb-03.jpg,*,sb/sb-03.jpg,sb/sb-03.jpg,,,,,,,,,,,,,,,,,,,,,,0,1,en_sb_003,,1,,,2200,,5,,,,,,,,,,,,,,,,,11,SoftBank
225,233,0,0,,,,,【5days/4nights RENTAL】SoftBank 303ZT,1,,,,,,,,【5days/4nights RENTAL】SoftBank 303ZT,sb/sb-04.jpg,*,sb/sb-04.jpg,sb/sb-04.jpg,,,,,,,,,,,,,,,,,,,,,,0,1,en_sb_004,,1,,,2750,,5,,,,,,,,,,,,,,,,,11,SoftBank
226,234,0,0,,,,,【6days/5nights RENTAL】SoftBank 303ZT,1,,,,,,,,【6days/5nights RENTAL】SoftBank 303ZT,sb/sb-05.jpg,*,sb/sb-05.jpg,sb/sb-05.jpg,,,,,,,,,,,,,,,,,,,,,,0,1,en_sb_005,,1,,,3300,,5,,,,,,,,,,,,,,,,,11,SoftBank
227,235,0,0,,,,,【7days/6nights RENTAL】SoftBank 303ZT,1,,,,,,,,【7days/6nights RENTAL】SoftBank 303ZT,sb/sb-06.jpg,*,sb/sb-06.jpg,sb/sb-06.jpg,,,,,,,,,,,,,,,,,,,,,,0,1,en_sb_006,,1,,,3850,,5,,,,,,,,,,,,,,,,,11,SoftBank
228,236,0,0,,,,,【8days/7nights RENTAL】SoftBank 303ZT,1,,,,,,,,【8days/7nights RENTAL】SoftBank 303ZT,sb/sb-07.jpg,*,sb/sb-07.jpg,sb/sb-07.jpg,,,,,,,,,,,,,,,,,,,,,,0,1,en_sb_007,,1,,,4400,,5,,,,,,,,,,,,,,,,,11,SoftBank
229,237,0,0,,,,,【9days/8nights RENTAL】SoftBank 303ZT,1,,,,,,,,【9days/8nights RENTAL】SoftBank 303ZT,sb/sb-08.jpg,*,sb/sb-08.jpg,sb/sb-08.jpg,,,,,,,,,,,,,,,,,,,,,,0,1,en_sb_008,,1,,,4950,,5,,,,,,,,,,,,,,,,,11,SoftBank
230,238,0,0,,,,,【10days/9nights RENTAL】SoftBank 303ZT,1,,,,,,,,【10days/9nights RENTAL】SoftBank 303ZT,sb/sb-09.jpg,*,sb/sb-09.jpg,sb/sb-09.jpg,,,,,,,,,,,,,,,,,,,,,,0,1,en_sb_009,,1,,,5500,,5,,,,,,,,,,,,,,,,,11,SoftBank
231,239,0,0,,,,,【11days/10nights RENTAL】SoftBank 303ZT,1,,,,,,,,【11days/10nights RENTAL】SoftBank 303ZT,sb/sb-10.jpg,*,sb/sb-10.jpg,sb/sb-10.jpg,,,,,,,,,,,,,,,,,,,,,,0,1,en_sb_010,,1,,,6050,,5,,,,,,,,,,,,,,,,,11,SoftBank
232,240,0,0,,,,,【12days/11nights RENTAL】SoftBank 303ZT,1,,,,,,,,【12days/11nights RENTAL】SoftBank 303ZT,sb/sb-11.jpg,*,sb/sb-11.jpg,sb/sb-11.jpg,,,,,,,,,,,,,,,,,,,,,,0,1,en_sb_011,,1,,,6600,,5,,,,,,,,,,,,,,,,,11,SoftBank
233,241,0,0,,,,,【13days/12nights RENTAL】SoftBank 303ZT,1,,,,,,,,【13days/12nights RENTAL】SoftBank 303ZT,sb/sb-12.jpg,*,sb/sb-12.jpg,sb/sb-12.jpg,,,,,,,,,,,,,,,,,,,,,,0,1,en_sb_012,,1,,,7150,,5,,,,,,,,,,,,,,,,,11,SoftBank
234,242,0,0,,,,,【14days/13nights RENTAL】SoftBank 303ZT,1,,,,,,,,【14days/13nights RENTAL】SoftBank 303ZT,sb/sb-13.jpg,*,sb/sb-13.jpg,sb/sb-13.jpg,,,,,,,,,,,,,,,,,,,,,,0,1,en_sb_013,,1,,,7700,,5,,,,,,,,,,,,,,,,,11,SoftBank
235,243,0,0,,,,,【15days/14nights〜1month RENTAL】SoftBank 303ZT,1,,,,,,,,【15days/14nights〜1month RENTAL】SoftBank 303ZT,sb/sb-14.jpg,*,sb/sb-14.jpg,sb/sb-14.jpg,,,,,,,,,,,,,,,,,,,,,,0,1,en_sb_014,,1,,,8250,,5,,,,,,,,,,,,,,,,,11,SoftBank
236,244,0,0,,,,,【2-month(61days/60nights) RENTAL】SoftBank 303ZT,1,,,,,,,,【2-month(61days/60nights) RENTAL】SoftBank 303ZT,sb/sb-15.jpg,*,sb/sb-15.jpg,sb/sb-15.jpg,,,,,,,,,,,,,,,,,,,,,,0,1,en_sb_060,,1,,,14650,,5,,,,,,,,,,,,,,,,,11,SoftBank
237,245,0,0,,,,,【3-month(91days/90nights) RENTAL】SoftBank 303ZT,1,,,,,,,,【3-month(91days/90nights) RENTAL】SoftBank 303ZT,sb/sb-16.jpg,*,sb/sb-16.jpg,sb/sb-16.jpg,,,,,,,,,,,,,,,,,,,,,,0,1,en_sb_090,,1,,,20500,,5,,,,,,,,,,,,,,,,,11,SoftBank
238,246,0,0,,,,,【2days/1nights RENTAL】SoftBank 303ZT+Insurance,1,,,,,,,,【2days/1nights RENTAL】SoftBank 303ZT+Insurance,sb/sb-01.jpg,*,sb/sb-01.jpg,sb/sb-01.jpg,,,,,,,,,,,,,,,,,,,,,,0,1,en_sb_001_in,,1,,,1640,,5,,,,,,,,,,,,,,,,,11,SoftBank
239,247,0,0,,,,,【3days/2nights RENTAL】SoftBank 303ZT+Insurance,1,,,,,,,,【3days/2nights RENTAL】SoftBank 303ZT+Insurance,sb/sb-02.jpg,*,sb/sb-02.jpg,sb/sb-02.jpg,,,,,,,,,,,,,,,,,,,,,,0,1,en_sb_002_in,,1,,,2190,,5,,,,,,,,,,,,,,,,,11,SoftBank
240,248,0,0,,,,,【4days/3nights RENTAL】SoftBank 303ZT+Insurance,1,,,,,,,,【4days/3nights RENTAL】SoftBank 303ZT+Insurance,sb/sb-03.jpg,*,sb/sb-03.jpg,sb/sb-03.jpg,,,,,,,,,,,,,,,,,,,,,,0,1,en_sb_003_in,,1,,,2740,,5,,,,,,,,,,,,,,,,,11,SoftBank
241,249,0,0,,,,,【5days/4nights RENTAL】SoftBank 303ZT+Insurance,1,,,,,,,,【5days/4nights RENTAL】SoftBank 303ZT+Insurance,sb/sb-04.jpg,*,sb/sb-04.jpg,sb/sb-04.jpg,,,,,,,,,,,,,,,,,,,,,,0,1,en_sb_004_in,,1,,,3290,,5,,,,,,,,,,,,,,,,,11,SoftBank
242,250,0,0,,,,,【6days/5nights RENTAL】SoftBank 303ZT+Insurance,1,,,,,,,,【6days/5nights RENTAL】SoftBank 303ZT+Insurance,sb/sb-05.jpg,*,sb/sb-05.jpg,sb/sb-05.jpg,,,,,,,,,,,,,,,,,,,,,,0,1,en_sb_005_in,,1,,,3840,,5,,,,,,,,,,,,,,,,,11,SoftBank
243,251,0,0,,,,,【7days/6nights RENTAL】SoftBank 303ZT+Insurance,1,,,,,,,,【7days/6nights RENTAL】SoftBank 303ZT+Insurance,sb/sb-06.jpg,*,sb/sb-06.jpg,sb/sb-06.jpg,,,,,,,,,,,,,,,,,,,,,,0,1,en_sb_006_in,,1,,,4390,,5,,,,,,,,,,,,,,,,,11,SoftBank
244,252,0,0,,,,,【8days/7nights RENTAL】SoftBank 303ZT+Insurance,1,,,,,,,,【8days/7nights RENTAL】SoftBank 303ZT+Insurance,sb/sb-07.jpg,*,sb/sb-07.jpg,sb/sb-07.jpg,,,,,,,,,,,,,,,,,,,,,,0,1,en_sb_007_in,,1,,,4940,,5,,,,,,,,,,,,,,,,,11,SoftBank
245,253,0,0,,,,,【9days/8nights RENTAL】SoftBank 303ZT+Insurance,1,,,,,,,,【9days/8nights RENTAL】SoftBank 303ZT+Insurance,sb/sb-08.jpg,*,sb/sb-08.jpg,sb/sb-08.jpg,,,,,,,,,,,,,,,,,,,,,,0,1,en_sb_008_in,,1,,,5490,,5,,,,,,,,,,,,,,,,,11,SoftBank
246,254,0,0,,,,,【10days/9nights RENTAL】SoftBank 303ZT+Insurance,1,,,,,,,,【10days/9nights RENTAL】SoftBank 303ZT+Insurance,sb/sb-09.jpg,*,sb/sb-09.jpg,sb/sb-09.jpg,,,,,,,,,,,,,,,,,,,,,,0,1,en_sb_009_in,,1,,,6040,,5,,,,,,,,,,,,,,,,,11,SoftBank
247,255,0,0,,,,,【11days/10nights RENTAL】SoftBank 303ZT+Insurance,1,,,,,,,,【11days/10nights RENTAL】SoftBank 303ZT+Insurance,sb/sb-10.jpg,*,sb/sb-10.jpg,sb/sb-10.jpg,,,,,,,,,,,,,,,,,,,,,,0,1,en_sb_010_in,,1,,,6590,,5,,,,,,,,,,,,,,,,,11,SoftBank
248,256,0,0,,,,,【12days/11nights RENTAL】SoftBank 303ZT+Insurance,1,,,,,,,,【12days/11nights RENTAL】SoftBank 303ZT+Insurance,sb/sb-11.jpg,*,sb/sb-11.jpg,sb/sb-11.jpg,,,,,,,,,,,,,,,,,,,,,,0,1,en_sb_011_in,,1,,,7140,,5,,,,,,,,,,,,,,,,,11,SoftBank
249,257,0,0,,,,,【13days/12nights RENTAL】SoftBank 303ZT+Insurance,1,,,,,,,,【13days/12nights RENTAL】SoftBank 303ZT+Insurance,sb/sb-12.jpg,*,sb/sb-12.jpg,sb/sb-12.jpg,,,,,,,,,,,,,,,,,,,,,,0,1,en_sb_012_in,,1,,,7690,,5,,,,,,,,,,,,,,,,,11,SoftBank
250,258,0,0,,,,,【14days/13nights RENTAL】SoftBank 303ZT+Insurance,1,,,,,,,,【14days/13nights RENTAL】SoftBank 303ZT+Insurance,sb/sb-13.jpg,*,sb/sb-13.jpg,sb/sb-13.jpg,,,,,,,,,,,,,,,,,,,,,,0,1,en_sb_013_in,,1,,,8240,,5,,,,,,,,,,,,,,,,,11,SoftBank
251,259,0,0,,,,,【15days/14nights〜1month RENTAL】SoftBank +Insurance,1,,,,,,,,【15days/14nights〜1month RENTAL】SoftBank +Insurance,sb/sb-14.jpg,*,sb/sb-14.jpg,sb/sb-14.jpg,,,,,,,,,,,,,,,,,,,,,,0,1,en_sb_014_in,,1,,,8790,,5,,,,,,,,,,,,,,,,,11,SoftBank
252,260,0,0,,,,,【2-month(61days/60nights) RENTAL】SoftBank +Insurance,1,,,,,,,,【2-month(61days/60nights) RENTAL】SoftBank +Insurance,sb/sb-15.jpg,*,sb/sb-15.jpg,sb/sb-15.jpg,,,,,,,,,,,,,,,,,,,,,,0,1,en_sb_060_in,,1,,,15190,,5,,,,,,,,,,,,,,,,,11,SoftBank
253,261,0,0,,,,,【3-month(91days/90nights) RENTAL】SoftBank +Insurance,1,,,,,,,,【3-month(91days/90nights) RENTAL】SoftBank +Insurance,sb/sb-16.jpg,*,sb/sb-16.jpg,sb/sb-16.jpg,,,,,,,,,,,,,,,,,,,,,,0,1,en_sb_090_in,,1,,,21040,,5,,,,,,,,,,,,,,,,,11,SoftBank
254,262,0,0,,,,,【1day extension of rental】SoftBank,1,,,,,,,,【1day extension of rental】SoftBank,sb_ex/ex-00.jpg,*,sb_ex/ex-00.jpg,sb_ex/ex-00.jpg,,,,,,,,,,,,,,,,,,,,,,0,1,7142,,1,,,550,,5,,,,,,,,,,,,,,,,,12,SoftBank_extension
255,263,0,0,,,,,【2days/1nights extension of rental】SoftBank,1,,,,,,,,【2days/1nights extension of rental】SoftBank,sb_ex/ex-01.jpg,*,sb_ex/ex-01.jpg,sb_ex/ex-01.jpg,,,,,,,,,,,,,,,,,,,,,,0,1,7143,,1,,,1100,,5,,,,,,,,,,,,,,,,,12,SoftBank_extension
256,264,0,0,,,,,【3days/2nights extension of rental】SoftBank,1,,,,,,,,【3days/2nights extension of rental】SoftBank,sb_ex/ex-02.jpg,*,sb_ex/ex-02.jpg,sb_ex/ex-02.jpg,,,,,,,,,,,,,,,,,,,,,,0,1,7144,,1,,,1650,,5,,,,,,,,,,,,,,,,,12,SoftBank_extension
257,265,0,0,,,,,【4days/3nights extension of rental】SoftBank,1,,,,,,,,【4days/3nights extension of rental】SoftBank,sb_ex/ex-03.jpg,*,sb_ex/ex-03.jpg,sb_ex/ex-03.jpg,,,,,,,,,,,,,,,,,,,,,,0,1,7145,,1,,,2200,,5,,,,,,,,,,,,,,,,,12,SoftBank_extension
258,266,0,0,,,,,【5days/4nights extension of rental】SoftBank,1,,,,,,,,【5days/4nights extension of rental】SoftBank,sb_ex/ex-04.jpg,*,sb_ex/ex-04.jpg,sb_ex/ex-04.jpg,,,,,,,,,,,,,,,,,,,,,,0,1,7146,,1,,,2750,,5,,,,,,,,,,,,,,,,,12,SoftBank_extension
259,267,0,0,,,,,【6days/5nights extension of rental】SoftBank,1,,,,,,,,【6days/5nights extension of rental】SoftBank,sb_ex/ex-05.jpg,*,sb_ex/ex-05.jpg,sb_ex/ex-05.jpg,,,,,,,,,,,,,,,,,,,,,,0,1,7147,,1,,,3300,,5,,,,,,,,,,,,,,,,,12,SoftBank_extension
260,268,0,0,,,,,【7days/6nights extension of rental】SoftBank,1,,,,,,,,【7days/6nights extension of rental】SoftBank,sb_ex/ex-06.jpg,*,sb_ex/ex-06.jpg,sb_ex/ex-06.jpg,,,,,,,,,,,,,,,,,,,,,,0,1,7148,,1,,,3850,,5,,,,,,,,,,,,,,,,,12,SoftBank_extension
261,269,0,0,,,,,【8days/7nights extension of rental】SoftBank,1,,,,,,,,【8days/7nights extension of rental】SoftBank,sb_ex/ex-07.jpg,*,sb_ex/ex-07.jpg,sb_ex/ex-07.jpg,,,,,,,,,,,,,,,,,,,,,,0,1,7149,,1,,,4400,,5,,,,,,,,,,,,,,,,,12,SoftBank_extension
262,270,0,0,,,,,【9days/8nights extension of rental】SoftBank,1,,,,,,,,【9days/8nights extension of rental】SoftBank,sb_ex/ex-08.jpg,*,sb_ex/ex-08.jpg,sb_ex/ex-08.jpg,,,,,,,,,,,,,,,,,,,,,,0,1,7150,,1,,,4950,,5,,,,,,,,,,,,,,,,,12,SoftBank_extension
263,271,0,0,,,,,【10days/9nights extension of rental】SoftBank,1,,,,,,,,【10days/9nights extension of rental】SoftBank,sb_ex/ex-09.jpg,*,sb_ex/ex-09.jpg,sb_ex/ex-09.jpg,,,,,,,,,,,,,,,,,,,,,,0,1,7151,,1,,,5500,,5,,,,,,,,,,,,,,,,,12,SoftBank_extension
264,272,0,0,,,,,【11days/10nights extension of rental】SoftBank,1,,,,,,,,【11days/10nights extension of rental】SoftBank,sb_ex/ex-10.jpg,*,sb_ex/ex-10.jpg,sb_ex/ex-10.jpg,,,,,,,,,,,,,,,,,,,,,,0,1,7152,,1,,,6050,,5,,,,,,,,,,,,,,,,,12,SoftBank_extension
265,273,0,0,,,,,【12days/11nights extension of rental】SoftBank,1,,,,,,,,【12days/11nights extension of rental】SoftBank,sb_ex/ex-11.jpg,*,sb_ex/ex-11.jpg,sb_ex/ex-11.jpg,,,,,,,,,,,,,,,,,,,,,,0,1,7153,,1,,,6600,,5,,,,,,,,,,,,,,,,,12,SoftBank_extension
266,274,0,0,,,,,【13days/12nights extension of rental】SoftBank,1,,,,,,,,【13days/12nights extension of rental】SoftBank,sb_ex/ex-12.jpg,*,sb_ex/ex-12.jpg,sb_ex/ex-12.jpg,,,,,,,,,,,,,,,,,,,,,,0,1,7154,,1,,,7150,,5,,,,,,,,,,,,,,,,,12,SoftBank_extension
267,275,0,0,,,,,【14days/13nights extension of rental】SoftBank,1,,,,,,,,【14days/13nights extension of rental】SoftBank,sb_ex/ex-13.jpg,*,sb_ex/ex-13.jpg,sb_ex/ex-13.jpg,,,,,,,,,,,,,,,,,,,,,,0,1,7155,,1,,,7700,,5,,,,,,,,,,,,,,,,,12,SoftBank_extension
268,276,0,0,,,,,【15days/14nights〜1month extension of rental】SoftBank,1,,,,,,,,【15days/14nights〜1month extension of rental】SoftBank,sb_ex/ex-14.jpg,*,sb_ex/ex-14.jpg,sb_ex/ex-14.jpg,,,,,,,,,,,,,,,,,,,,,,0,1,7156,,1,,,8250,,5,,,,,,,,,,,,,,,,,12,SoftBank_extension
269,277,0,0,,,,,【2month extension of rental】SoftBank,1,,,,,,,,【2month extension of rental】SoftBank,sb_ex/ex-15.jpg,*,sb_ex/ex-15.jpg,sb_ex/ex-15.jpg,,,,,,,,,,,,,,,,,,,,,,0,1,7157,,1,,,14650,,5,,,,,,,,,,,,,,,,,12,SoftBank_extension
270,278,0,0,,,,,【3month extension of rental】SoftBank,1,,,,,,,,【3month extension of rental】SoftBank,sb_ex/ex-16.jpg,*,sb_ex/ex-16.jpg,sb_ex/ex-16.jpg,,,,,,,,,,,,,,,,,,,,,,0,1,7158,,1,,,20500,,5,,,,,,,,,,,,,,,,,12,SoftBank_extension
271,279,0,0,,,,,【4-month(121days/120nights) RENTAL】SoftBank 303ZT,1,,,,,,,,【4-month(121days/120nights) RENTAL】SoftBank 303ZT,sb/sb-17.jpg,*,sb/sb-17.jpg,sb/sb-17.jpg,,,,,,,,,,,,,,,,,,,,,,0,1,en_sb_120,,1,,,23000,,5,,,,,,,,,,,,,,,,,11,SoftBank
272,280,0,0,,,,,【5-month(151days/150nights) RENTAL】SoftBank 303ZT,1,,,,,,,,【5-month(151days/150nights) RENTAL】SoftBank 303ZT,sb/sb-18.jpg,*,sb/sb-18.jpg,sb/sb-18.jpg,,,,,,,,,,,,,,,,,,,,,,0,1,en_sb_150,,1,,,25500,,5,,,,,,,,,,,,,,,,,11,SoftBank
273,281,0,0,,,,,【6-month(181days/180nights) RENTAL】SoftBank 303ZT,1,,,,,,,,【6-month(181days/180nights) RENTAL】SoftBank 303ZT,sb/sb-19.jpg,*,sb/sb-19.jpg,sb/sb-19.jpg,,,,,,,,,,,,,,,,,,,,,,0,1,en_sb_180,,1,,,28000,,5,,,,,,,,,,,,,,,,,11,SoftBank
274,282,0,0,,,,,【4-month(121days/120nights) RENTAL】SoftBank +Insurance,1,,,,,,,,【4-month(121days/120nights) RENTAL】SoftBank +Insurance,sb/sb-17.jpg,*,sb/sb-17.jpg,sb/sb-17.jpg,,,,,,,,,,,,,,,,,,,,,,0,1,en_sb_120_in,,1,,,23540,,5,,,,,,,,,,,,,,,,,11,SoftBank
275,283,0,0,,,,,【5-month(151days/150nights) RENTAL】SoftBank +Insurance,1,,,,,,,,【5-month(151days/150nights) RENTAL】SoftBank +Insurance,sb/sb-18.jpg,*,sb/sb-18.jpg,sb/sb-18.jpg,,,,,,,,,,,,,,,,,,,,,,0,1,en_sb_150_in,,1,,,26040,,5,,,,,,,,,,,,,,,,,11,SoftBank
276,284,0,0,,,,,【6-month(181days/180nights) RENTAL】SoftBank +Insurance,1,,,,,,,,【6-month(181days/180nights) RENTAL】SoftBank +Insurance,sb/sb-19.jpg,*,sb/sb-19.jpg,sb/sb-19.jpg,,,,,,,,,,,,,,,,,,,,,,0,1,en_sb_180_in,,1,,,28540,,5,,,,,,,,,,,,,,,,,11,SoftBank
277,285,0,0,,,,,【4month extension of rental】SoftBank,1,,,,,,,,【4month extension of rental】SoftBank,sb_ex/ex-17.jpg,*,sb_ex/ex-17.jpg,sb_ex/ex-17.jpg,,,,,,,,,,,,,,,,,,,,,,0,1,7159,,1,,,23000,,5,,,,,,,,,,,,,,,,,12,SoftBank_extension
278,286,0,0,,,,,【5month extension of rental】SoftBank,1,,,,,,,,【5month extension of rental】SoftBank,sb_ex/ex-18.jpg,*,sb_ex/ex-18.jpg,sb_ex/ex-18.jpg,,,,,,,,,,,,,,,,,,,,,,0,1,7160,,1,,,25500,,5,,,,,,,,,,,,,,,,,12,SoftBank_extension
279,287,0,0,,,,,【6month extension of rental】SoftBank,1,,,,,,,,【6month extension of rental】SoftBank,sb_ex/ex-19.jpg,*,sb_ex/ex-19.jpg,sb_ex/ex-19.jpg,,,,,,,,,,,,,,,,,,,,,,0,1,7161,,1,,,28000,,5,,,,,,,,,,,,,,,,,12,SoftBank_extension
280,288,0,0,,,,,【4-month RENTAL】Y!mobile Pocket Wi-Fi  GL06P,1,,,,,,,,【4-month RENTAL】EMOBILE Pocket Wi-Fi LTE GL06P,ym/ym-17.jpg,*,ym/ym-17.jpg,ym/ym-17.jpg,,,,,,,,,,,,,,,,,,,,,,0,1,en_ym_120,,1,,,18800,,5,,,,,,,,,,,,,,,,,2,EMOBILE
281,289,0,0,,,,,【5-month RENTAL】Y!mobile Pocket Wi-Fi  GL06P,1,,,,,,,,【5-month RENTAL】EMOBILE Pocket Wi-Fi LTE GL06P,ym/ym-18.jpg,*,ym/ym-18.jpg,ym/ym-18.jpg,,,,,,,,,,,,,,,,,,,,,,0,1,en_ym_150,,1,,,20800,,5,,,,,,,,,,,,,,,,,2,EMOBILE
282,290,0,0,,,,,【6-month RENTAL】Y!mobile Pocket Wi-Fi  GL06P,1,,,,,,,,【6-month RENTAL】EMOBILE Pocket Wi-Fi LTE GL06P,ym/ym-19.jpg,*,ym/ym-19.jpg,ym/ym-19.jpg,,,,,,,,,,,,,,,,,,,,,,0,1,en_ym_180,,1,,,22800,,5,,,,,,,,,,,,,,,,,2,EMOBILE
283,291,0,0,,,,,【4-month RENTAL】Y!mobile Pocket Wi-Fi  GL06P+Insurance,1,,,,,,,,【4-month RENTAL】Y!mobile Pocket Wi-Fi  GL06P+Insurance,ym/ym-17.jpg,*,ym/ym-17.jpg,ym/ym-17.jpg,,,,,,,,,,,,,,,,,,,,,,0,1,en_ym_120_in,,1,,,19340,,5,,,,,,,,,,,,,,,,,2,EMOBILE
284,292,0,0,,,,,【5-month RENTAL】Y!mobile Pocket Wi-Fi  GL06P+Insurance,1,,,,,,,,【5-month RENTAL】Y!mobile Pocket Wi-Fi  GL06P+Insurance,ym/ym-18.jpg,*,ym/ym-18.jpg,ym/ym-18.jpg,,,,,,,,,,,,,,,,,,,,,,0,1,en_ym_150_in,,1,,,21340,,5,,,,,,,,,,,,,,,,,2,EMOBILE
285,293,0,0,,,,,【6-month RENTAL】Y!mobile Pocket Wi-Fi  GL06P+Insurance,1,,,,,,,,【6-month RENTAL】Y!mobile Pocket Wi-Fi  GL06P+Insurance,ym/ym-19.jpg,*,ym/ym-19.jpg,ym/ym-19.jpg,,,,,,,,,,,,,,,,,,,,,,0,1,en_ym_180_in,,1,,,23340,,5,,,,,,,,,,,,,,,,,2,EMOBILE
286,294,0,0,,,,,【4month extension of rental】Y!mobile,1,,,,,,,,【4month extension of rental】Y!mobile,ym_ex/ym_ex-17.jpg,*,ym_ex/ym_ex-17.jpg,ym_ex/ym_ex-17.jpg,,,,,,,,,,,,,,,,,,,,,,0,1,7168,,1,,,18800,,5,,,,,,,,,,,,,,,,,8,Ymobile_extension
287,295,0,0,,,,,【5month extension of rental】Y!mobile,1,,,,,,,,【5month extension of rental】Y!mobile,ym_ex/ym_ex-18.jpg,*,ym_ex/ym_ex-18.jpg,ym_ex/ym_ex-18.jpg,,,,,,,,,,,,,,,,,,,,,,0,1,7169,,1,,,20800,,5,,,,,,,,,,,,,,,,,8,Ymobile_extension
288,296,0,0,,,,,【6month extension of rental】Y!mobile,1,,,,,,,,【6month extension of rental】Y!mobile,ym_ex/ym_ex-19.jpg,*,ym_ex/ym_ex-19.jpg,ym_ex/ym_ex-19.jpg,,,,,,,,,,,,,,,,,,,,,,0,1,7170,,1,,,22800,,5,,,,,,,,,,,,,,,,,8,Ymobile_extension
289,297,0,0,,,,,【1day RENTAL】SoftBank 303ZT,1,,,,,,,,【1day RENTAL】SoftBank 303ZT,sb/sb-00.jpg,*,sb/sb-00.jpg,sb/sb-00.jpg,,,,,,,,,,,,,,,,,,,,,,0,1,7171,,1,,,550,,5,,,,,,,,,,,,,,,,,11,SoftBank
290,298,0,0,,,,,【1day RENTAL】au KDDI HWD11,1,,,,,,,,【1day RENTAL】au KDDI HWD11,au/au-00.jpg,*,au/au-00.jpg,au/au-00.jpg,,,,,,,,,,,,,,,,,,,,,,0,1,7172,,1,,,650,,5,,,,,,,,,,,,,,,,,7,au
291,299,0,0,,,,,AC adapter,1,,,,,,,,*,,*,,,,,,,,,,,,,,,,,,,,,,,,0,1,AC adapter,0,0,,,2916,,0,,,,,,,,,,,,,,,,,2,EMOBILE
,,0,0,,,,,【2days/1night RENTAL】Y!mobile Pocket Wi-Fi  GL06P,1,,,,,,,,【2days/1night RENTAL】EMOBILE Pocket Wi-Fi LTE GL06P,03191055_550a2ca96b12f.jpg,*,03191055_550a2ca9685eb.jpg,03191055_550a2ca96578d.jpg,,,,,,,,,,,,,,,,,,,,,,0,1,en_ym_001,,1,,,900,,5,,,,,,,,,,,,,,,,,2,EMOBILE
,,0,0,,,,,【3days/2nights RENTAL】Y!mobile Pocket Wi-Fi  GL06P,1,,,,,,,,【3days/2nights RENTAL】EMOBILE Pocket Wi-Fi LTE GL06P,03191055_550a2c9025a5b.jpg,*,03191055_550a2c9023293.jpg,03191055_550a2c9020635.jpg,,,,,,,,,,,,,,,,,,,,,,0,1,en_ym_002,,1,,,1350,,5,,,,,,,,,,,,,,,,,2,EMOBILE
,,0,0,,,,,【4days/3nights RENTAL】Y!mobile Pocket Wi-Fi  GL06P,1,,,,,,,,【4days/3nights RENTAL】EMOBILE Pocket Wi-Fi LTE GL06P,03191055_550a2c7821bc1.jpg,*,03191055_550a2c781ed69.jpg,03191055_550a2c781b92d.jpg,,,,,,,,,,,,,,,,,,,,,,0,1,en_ym_003,,1,,,1800,,5,,,,,,,,,,,,,,,,,2,EMOBILE
,,0,0,,,,,【5days/4nights RENTAL】Y!mobile Pocket Wi-Fi  GL06P,1,,,,,,,,【5days/4nights RENTAL】EMOBILE Pocket Wi-Fi LTE GL06P,03191054_550a2c6580eff.jpg,*,03191054_550a2c657e355.jpg,03191054_550a2c657b3b9.jpg,,,,,,,,,,,,,,,,,,,,,,0,1,en_ym_004,,1,,,2250,,5,,,,,,,,,,,,,,,,,2,EMOBILE
,,0,0,,,,,【6days/5nights RENTAL】Y!mobile Pocket Wi-Fi  GL06P,1,,,,,,,,【6days/5nights RENTAL】EMOBILE Pocket Wi-Fi LTE GL06P,03191052_550a2bf1a44c0.jpg,*,03191052_550a2bf1a1965.jpg,03191052_550a2bf19e9eb.jpg,,,,,,,,,,,,,,,,,,,,,,0,1,en_ym_005,,1,,,2700,,5,,,,,,,,,,,,,,,,,2,EMOBILE
,,0,0,,,,,【7days/6nights RENTAL】Y!mobile Pocket Wi-Fi  GL06P,1,,,,,,,,【7days/6nights RENTAL】EMOBILE Pocket Wi-Fi LTE GL06P,03191052_550a2bdb2707e.jpg,*,03191052_550a2bdb2456d.jpg,03191052_550a2bdb21688.jpg,,,,,,,,,,,,,,,,,,,,,,0,1,en_ym_006,,1,,,3150,,5,,,,,,,,,,,,,,,,,2,EMOBILE
,,0,0,,,,,【8days/7nights RENTAL】Y!mobile Pocket Wi-Fi  GL06P,1,,,,,,,,【8days/7nights RENTAL】EMOBILE Pocket Wi-Fi LTE GL06P,03191052_550a2bc62288c.jpg,*,03191052_550a2bc61fc34.jpg,03191052_550a2bc61cd07.jpg,,,,,,,,,,,,,,,,,,,,,,0,1,en_ym_007,,1,,,3600,,5,,,,,,,,,,,,,,,,,2,EMOBILE
,,0,0,,,,,【9days/8nights RENTAL】Y!mobile Pocket Wi-Fi  GL06P,1,,,,,,,,【9days/8nights RENTAL】EMOBILE Pocket Wi-Fi LTE GL06P,03191051_550a2baf4be24.jpg,*,03191051_550a2baf494db.jpg,03191051_550a2baf46740.jpg,,,,,,,,,,,,,,,,,,,,,,0,1,en_ym_008,,1,,,4050,,5,,,,,,,,,,,,,,,,,2,EMOBILE
,,0,0,,,,,【10days/9nights RENTAL】Y!mobile Pocket Wi-Fi  GL06P,1,,,,,,,,【10days/9nights RENTAL】EMOBILE Pocket Wi-Fi LTE GL06P,03191051_550a2b9983e7d.jpg,*,03191051_550a2b99813d5.jpg,03191051_550a2b997e60a.jpg,,,,,,,,,,,,,,,,,,,,,,0,1,en_ym_009,,1,,,4500,,5,,,,,,,,,,,,,,,,,2,EMOBILE
,,0,0,,,,,【11days/10nights RENTAL】Y!mobile Pocket Wi-Fi  GL06P,1,,,,,,,,【11days/10nights RENTAL】EMOBILE Pocket Wi-Fi LTE GL06P,03191054_550a2c4923902.jpg,*,03191054_550a2c4920d75.jpg,03191054_550a2c491dec0.jpg,,,,,,,,,,,,,,,,,,,,,,0,1,en_ym_010,,1,,,4950,,5,,,,,,,,,,,,,,,,,2,EMOBILE
,,0,0,,,,,【12days/11nights RENTAL】Y!mobile Pocket Wi-Fi  GL06P,1,,,,,,,,【12days/11nights RENTAL】EMOBILE Pocket Wi-Fi LTE GL06P,03191051_550a2b854d68c.jpg,*,03191051_550a2b854aeaa.jpg,03191051_550a2b85481f5.jpg,,,,,,,,,,,,,,,,,,,,,,0,1,en_ym_011,,1,,,5400,,5,,,,,,,,,,,,,,,,,2,EMOBILE
,,0,0,,,,,【13days/12nights RENTAL】Y!mobile Pocket Wi-Fi  GL06P,1,,,,,,,,【13days/12nights RENTAL】EMOBILE Pocket Wi-Fi LTE GL06P,03191050_550a2b7340f55.jpg,*,03191050_550a2b733e650.jpg,03191050_550a2b733b7ad.jpg,,,,,,,,,,,,,,,,,,,,,,0,1,en_ym_012,,1,,,5850,,5,,,,,,,,,,,,,,,,,2,EMOBILE
,,0,0,,,,,【14days/13nights RENTAL】Y!mobile Pocket Wi-Fi  GL06P,1,,,,,,,,【14days/13nights RENTAL】EMOBILE Pocket Wi-Fi LTE GL06P,03191050_550a2b5cb9f0d.jpg,*,03191050_550a2b5cb75da.jpg,03191050_550a2b5cb4539.jpg,,,,,,,,,,,,,,,,,,,,,,0,1,en_ym_013,,1,,,6300,,5,,,,,,,,,,,,,,,,,2,EMOBILE
,,0,0,,,,,【15days/14nights〜1month RENTAL】Y!mobile Pocket Wi-Fi  GL06P,1,,,,,,,,【15days/14nights〜1month RENTAL】EMOBILE Pocket Wi-Fi LTE GL06P,03191049_550a2b463df9b.jpg,*,03191049_550a2b463b4b2.jpg,03191049_550a2b46385c4.jpg,,,,,,,,,,,,,,,,,,,,,,0,1,en_ym_014,,1,,,6750,,5,,,,,,,,,,,,,,,,,2,EMOBILE
,,0,0,,,,,【2-month RENTAL】Y!mobile Pocket Wi-Fi  GL06P,1,,,,,,,,【2-month RENTAL】EMOBILE Pocket Wi-Fi LTE GL06P,03191049_550a2b309c673.jpg,*,03191049_550a2b3099c5a.jpg,03191049_550a2b3096cb2.jpg,,,,,,,,,,,,,,,,,,,,,,0,1,en_ym_060,,1,,,12000,,5,,,,,,,,,,,,,,,,,2,EMOBILE
,,0,0,,,,,【3-month RENTAL】Y!mobile Pocket Wi-Fi  GL06P,1,,,,,,,,【3-month RENTAL】EMOBILE Pocket Wi-Fi LTE GL06P,03191049_550a2b172ba9b.jpg,*,03191049_550a2b1729120.jpg,03191049_550a2b172617a.jpg,,,,,,,,,,,,,,,,,,,,,,0,1,en_ym_090,,1,,,16800,,5,,,,,,,,,,,,,,,,,2,EMOBILE
,,0,0,,,,,【4-month RENTAL】Y!mobile Pocket Wi-Fi  GL06P,1,,,,,,,,【4-month RENTAL】EMOBILE Pocket Wi-Fi LTE GL06P,ym/ym-17.jpg,*,ym/ym-17.jpg,ym/ym-17.jpg,,,,,,,,,,,,,,,,,,,,,,0,1,en_ym_120,,1,,,18800,,5,,,,,,,,,,,,,,,,,2,EMOBILE
,,0,0,,,,,【5-month RENTAL】Y!mobile Pocket Wi-Fi  GL06P,1,,,,,,,,【5-month RENTAL】EMOBILE Pocket Wi-Fi LTE GL06P,ym/ym-18.jpg,*,ym/ym-18.jpg,ym/ym-18.jpg,,,,,,,,,,,,,,,,,,,,,,0,1,en_ym_150,,1,,,20800,,5,,,,,,,,,,,,,,,,,2,EMOBILE
,,0,0,,,,,【6-month RENTAL】Y!mobile Pocket Wi-Fi  GL06P,1,,,,,,,,【6-month RENTAL】EMOBILE Pocket Wi-Fi LTE GL06P,ym/ym-19.jpg,*,ym/ym-19.jpg,ym/ym-19.jpg,,,,,,,,,,,,,,,,,,,,,,0,1,en_ym_180,,1,,,22800,,5,,,,,,,,,,,,,,,,,2,EMOBILE
,,0,0,,,,,【1day extension of rental】Y!mobile,1,,,,,,,,【1day extension of rental】Y!mobile,03201042_550b7b07e7e63.jpg,*,03201042_550b7b07e5191.jpg,03201042_550b7b07e1eb7.jpg,,,,,,,,,,,,,,,,,,,,,,0,1,en_ym_ex_000,,1,,,450,,5,,,,,,,,,,,,,,,,,8,Ymobile_extension
,,0,0,,,,,【2days/1nights extension of rental】Y!mobile,1,,,,,,,,【2days/1nights extension of rental】Y!mobile,03201042_550b7af30384a.jpg,*,03201042_550b7af300b00.jpg,03201042_550b7af2f193d.jpg,,,,,,,,,,,,,,,,,,,,,,0,1,en_ym_ex_001,,1,,,900,,5,,,,,,,,,,,,,,,,,8,Ymobile_extension
,,0,0,,,,,【3days/2nights extension of rental】Y!mobile,1,,,,,,,,【3days/2nights extension of rental】Y!mobile,03201041_550b7ae679170.jpg,*,03201041_550b7ae676601.jpg,03201041_550b7ae673a4f.jpg,,,,,,,,,,,,,,,,,,,,,,0,1,en_ym_ex_002,,1,,,1350,,5,,,,,,,,,,,,,,,,,8,Ymobile_extension
,,0,0,,,,,【4days/3nights extension of rental】Y!mobile,1,,,,,,,,【4days/3nights extension of rental】Y!mobile,03201041_550b7ada7be2c.jpg,*,03201041_550b7ada79379.jpg,03201041_550b7ada76617.jpg,,,,,,,,,,,,,,,,,,,,,,0,1,en_ym_ex_003,,1,,,1800,,5,,,,,,,,,,,,,,,,,8,Ymobile_extension
,,0,0,,,,,【5days/4nights extension of rental】Y!mobile,1,,,,,,,,【5days/4nights extension of rental】Y!mobile,03201041_550b7acde8db4.jpg,*,03201041_550b7acde6275.jpg,03201041_550b7acde3328.jpg,,,,,,,,,,,,,,,,,,,,,,0,1,en_ym_ex_004,,1,,,2250,,5,,,,,,,,,,,,,,,,,8,Ymobile_extension
,,0,0,,,,,【6days/5nights extension of rental】Y!mobile,1,,,,,,,,【6days/5nights extension of rental】Y!mobile,03201041_550b7ac204592.jpg,*,03201041_550b7ac20197a.jpg,03201041_550b7ac1f29ae.jpg,,,,,,,,,,,,,,,,,,,,,,0,1,en_ym_ex_005,,1,,,2700,,5,,,,,,,,,,,,,,,,,8,Ymobile_extension
,,0,0,,,,,【7days/6nights extension of rental】Y!mobile,1,,,,,,,,【7days/6nights extension of rental】Y!mobile,03201041_550b7ab32ac2f.jpg,*,03201041_550b7ab3284d2.jpg,03201041_550b7ab325a3a.jpg,,,,,,,,,,,,,,,,,,,,,,0,1,en_ym_ex_006,,1,,,3150,,5,,,,,,,,,,,,,,,,,8,Ymobile_extension
,,0,0,,,,,【8days/7nights extension of rental】Y!mobile,1,,,,,,,,【8days/7nights extension of rental】Y!mobile,03201040_550b7aa61e3ec.jpg,*,03201040_550b7aa61b69f.jpg,03201040_550b7aa618519.jpg,,,,,,,,,,,,,,,,,,,,,,0,1,en_ym_ex_007,,1,,,3600,,5,,,,,,,,,,,,,,,,,8,Ymobile_extension
,,0,0,,,,,【9days/8nights extension of rental】Y!mobile,1,,,,,,,,【9days/8nights extension of rental】Y!mobile,03201040_550b7a99139d6.jpg,*,03201040_550b7a9910f19.jpg,03201040_550b7a990dfc5.jpg,,,,,,,,,,,,,,,,,,,,,,0,1,en_ym_ex_008,,1,,,4050,,5,,,,,,,,,,,,,,,,,8,Ymobile_extension
,,0,0,,,,,【10days/9nights extension of rental】Y!mobile,1,,,,,,,,【10days/9nights extension of rental】Y!mobile,03201040_550b7a8da6e67.jpg,*,03201040_550b7a8da4464.jpg,03201040_550b7a8da15e7.jpg,,,,,,,,,,,,,,,,,,,,,,0,1,en_ym_ex_009,,1,,,4500,,5,,,,,,,,,,,,,,,,,8,Ymobile_extension
,,0,0,,,,,【11days/10nights extension of rental】Y!mobile,1,,,,,,,,【11days/10nights extension of rental】Y!mobile,03201040_550b7a8351ae0.jpg,*,03201040_550b7a834f149.jpg,03201040_550b7a834c271.jpg,,,,,,,,,,,,,,,,,,,,,,0,1,en_ym_ex_010,,1,,,4950,,5,,,,,,,,,,,,,,,,,8,Ymobile_extension
,,0,0,,,,,【12days/11nights extension of rental】Y!mobile,1,,,,,,,,【12days/11nights extension of rental】Y!mobile,03201040_550b7a78ab6e9.jpg,*,03201040_550b7a78a8cd5.jpg,03201040_550b7a78a5e9d.jpg,,,,,,,,,,,,,,,,,,,,,,0,1,en_ym_ex_011,,1,,,5400,,5,,,,,,,,,,,,,,,,,8,Ymobile_extension
,,0,0,,,,,【13days/12nights extension of rental】Y!mobile,1,,,,,,,,【13days/12nights extension of rental】Y!mobile,03201039_550b7a6be26d8.jpg,*,03201039_550b7a6bdf78c.jpg,03201039_550b7a6bdc5d1.jpg,,,,,,,,,,,,,,,,,,,,,,0,1,en_ym_ex_012,,1,,,5850,,5,,,,,,,,,,,,,,,,,8,Ymobile_extension
,,0,0,,,,,【14days/13nights extension of rental】Y!mobile,1,,,,,,,,【14days/13nights extension of rental】Y!mobile,03201039_550b7a6067ded.jpg,*,03201039_550b7a6065186.jpg,03201039_550b7a606201a.jpg,,,,,,,,,,,,,,,,,,,,,,0,1,en_ym_ex_013,,1,,,6300,,5,,,,,,,,,,,,,,,,,8,Ymobile_extension
,,0,0,,,,,【15days/14nights〜1month extension of rental】Y!mobile,1,,,,,,,,【15days/14nights〜1month extension of rental】Y!mobile,03201039_550b7a516545f.jpg,*,03201039_550b7a51626bd.jpg,03201039_550b7a515f5d1.jpg,,,,,,,,,,,,,,,,,,,,,,0,1,en_ym_ex_014,,1,,,6750,,5,,,,,,,,,,,,,,,,,8,Ymobile_extension
,,0,0,,,,,【2month extension of rental】Y!mobile,1,,,,,,,,【2month extension of rental】Y!mobile,03201039_550b7a428cfba.jpg,*,03201039_550b7a428a61e.jpg,03201039_550b7a4287728.jpg,,,,,,,,,,,,,,,,,,,,,,0,1,en_ym_ex_060,,1,,,12000,,5,,,,,,,,,,,,,,,,,8,Ymobile_extension
,,0,0,,,,,【3month extension of rental】Y!mobile,1,,,,,,,,【3month extension of rental】Y!mobile,03201039_550b7a372d839.jpg,*,03201039_550b7a372a638.jpg,03201039_550b7a372724c.jpg,,,,,,,,,,,,,,,,,,,,,,0,1,en_ym_ex_090,,1,,,16800,,5,,,,,,,,,,,,,,,,,8,Ymobile_extension
,,0,0,,,,,【4month extension of rental】Y!mobile,1,,,,,,,,【4month extension of rental】Y!mobile,ym_ex/ym_ex-17.jpg,*,ym_ex/ym_ex-17.jpg,ym_ex/ym_ex-17.jpg,,,,,,,,,,,,,,,,,,,,,,0,1,en_ym_ex_120,,1,,,18800,,5,,,,,,,,,,,,,,,,,8,Ymobile_extension
,,0,0,,,,,【5month extension of rental】Y!mobile,1,,,,,,,,【5month extension of rental】Y!mobile,ym_ex/ym_ex-18.jpg,*,ym_ex/ym_ex-18.jpg,ym_ex/ym_ex-18.jpg,,,,,,,,,,,,,,,,,,,,,,0,1,en_ym_ex_150,,1,,,20800,,5,,,,,,,,,,,,,,,,,8,Ymobile_extension
,,0,0,,,,,【6month extension of rental】Y!mobile,1,,,,,,,,【6month extension of rental】Y!mobile,ym_ex/ym_ex-19.jpg,*,ym_ex/ym_ex-19.jpg,ym_ex/ym_ex-19.jpg,,,,,,,,,,,,,,,,,,,,,,0,1,en_ym_ex_180,,1,,,22800,,5,,,,,,,,,,,,,,,,,8,Ymobile_extension
,,0,0,,,,,【2days/1nights RENTAL】au KDDI HWD11,1,,,,,,,,【2days/1nights RENTAL】au KDDI HWD11,03151248_550500f63487f.jpg,*,03151248_550500f631e8c.jpg,03151248_550500f62ed7d.jpg,,,,,,,,,,,,,,,,,,,,,,0,1,en_au_001,,1,,,1300,,5,,,,,,,,,,,,,,,,,7,au
,,0,0,,,,,【3days/2nights RENTAL】au KDDI HWD11,1,,,,,,,,【3days/2nights RENTAL】au KDDI HWD11,03151238_5504feb192510.jpg,*,03151238_5504feb18fa7f.jpg,03151238_5504feb18c96e.jpg,,,,,,,,,,,,,,,,,,,,,,0,1,en_au_002,,1,,,1950,,5,,,,,,,,,,,,,,,,,7,au
,,0,0,,,,,【4days/3nights RENTAL】au KDDI HWD11,1,,,,,,,,【4days/3nights RENTAL】au KDDI HWD11,03151237_5504fe91d7fda.jpg,*,03151237_5504fe91d5630.jpg,03151237_5504fe91d22e5.jpg,,,,,,,,,,,,,,,,,,,,,,0,1,en_au_003,,1,,,2600,,5,,,,,,,,,,,,,,,,,7,au
,,0,0,,,,,【5days/4nights RENTAL】au KDDI HWD11,1,,,,,,,,【5days/4nights RENTAL】au KDDI HWD11,03151237_5504fe7babfe3.jpg,*,03151237_5504fe7ba9607.jpg,03151237_5504fe7ba5dd1.jpg,,,,,,,,,,,,,,,,,,,,,,0,1,en_au_004,,1,,,3250,,5,,,,,,,,,,,,,,,,,7,au
,,0,0,,,,,【6days/5nights RENTAL】au KDDI HWD11,1,,,,,,,,【6days/5nights RENTAL】au KDDI HWD11,03151237_5504fe6771bc6.jpg,*,03151237_5504fe676f176.jpg,03151237_5504fe676c040.jpg,,,,,,,,,,,,,,,,,,,,,,0,1,en_au_005,,1,,,3900,,5,,,,,,,,,,,,,,,,,7,au
,,0,0,,,,,【7days/6nights RENTAL】au KDDI HWD11,1,,,,,,,,【7days/6nights RENTAL】au KDDI HWD11,03151236_5504fe5027b82.jpg,*,03151236_5504fe502538c.jpg,03151236_5504fe5022508.jpg,,,,,,,,,,,,,,,,,,,,,,0,1,en_au_006,,1,,,4550,,5,,,,,,,,,,,,,,,,,7,au
,,0,0,,,,,【8days/7nights RENTAL】au KDDI HWD11,1,,,,,,,,【8days/7nights RENTAL】au KDDI HWD11,03151236_5504fe3c06981.jpg,*,03151236_5504fe3c03ed9.jpg,03151236_5504fe3c00e55.jpg,,,,,,,,,,,,,,,,,,,,,,0,1,en_au_007,,1,,,5200,,5,,,,,,,,,,,,,,,,,7,au
,,0,0,,,,,【9days/8nights RENTAL】au KDDI HWD11,1,,,,,,,,【9days/8nights RENTAL】au KDDI HWD11,03151236_5504fe28b3e26.jpg,*,03151236_5504fe28b15cf.jpg,03151236_5504fe28ae69d.jpg,,,,,,,,,,,,,,,,,,,,,,0,1,en_au_008,,1,,,5850,,5,,,,,,,,,,,,,,,,,7,au
,,0,0,,,,,【10days/9nights RENTAL】au KDDI HWD11,1,,,,,,,,【10days/9nights RENTAL】au KDDI HWD11,03151235_5504fe13b2772.jpg,*,03151235_5504fe13b0020.jpg,03151235_5504fe13ad223.jpg,,,,,,,,,,,,,,,,,,,,,,0,1,en_au_009,,1,,,6500,,5,,,,,,,,,,,,,,,,,7,au
,,0,0,,,,,【11days/10nights RENTAL】au KDDI HWD11,1,,,,,,,,【11days/10nights RENTAL】au KDDI HWD11,03151235_5504fdfe1fee8.jpg,*,03151235_5504fdfe1d53e.jpg,03151235_5504fdfe1a390.jpg,,,,,,,,,,,,,,,,,,,,,,0,1,en_au_010,,1,,,7150,,5,,,,,,,,,,,,,,,,,7,au
,,0,0,,,,,【12days/11nights RENTAL】au KDDI HWD11,1,,,,,,,,【12days/11nights RENTAL】au KDDI HWD11,03151234_5504fde2a1ffd.jpg,*,03151234_5504fde29f485.jpg,03151234_5504fde29c3fa.jpg,,,,,,,,,,,,,,,,,,,,,,0,1,en_au_011,,1,,,7800,,5,,,,,,,,,,,,,,,,,7,au
,,0,0,,,,,【13days/12nights RENTAL】au KDDI HWD11,1,,,,,,,,【13days/12nights RENTAL】au KDDI HWD11,03151234_5504fdcc7a1ee.jpg,*,03151234_5504fdcc771c1.jpg,03151234_5504fdcc733f5.jpg,,,,,,,,,,,,,,,,,,,,,,0,1,en_au_012,,1,,,8450,,5,,,,,,,,,,,,,,,,,7,au
,,0,0,,,,,【14days/13nights RENTAL】au KDDI HWD11,1,,,,,,,,【14days/13nights RENTAL】au KDDI HWD11,03151233_5504fda1d241d.jpg,*,03151233_5504fda1cf9ba.jpg,03151233_5504fda1cc895.jpg,,,,,,,,,,,,,,,,,,,,,,0,1,en_au_013,,1,,,9100,,5,,,,,,,,,,,,,,,,,7,au
,,0,0,,,,,【15days/14nights〜1month RENTAL】au KDDI HWD11,1,,,,,,,,【15days/14nights〜1month RENTAL】au KDDI HWD11,03151247_550500b50526e.jpg,*,03151247_550500b502883.jpg,03151247_550500b4f3824.jpg,,,,,,,,,,,,,,,,,,,,,,0,1,en_au_014,,1,,,9750,,5,,,,,,,,,,,,,,,,,7,au
,,0,0,,,,,【2-month(61days/60nights) RENTAL】au KDDI HWD11,1,,,,,,,,【2-month(61days/60nights) RENTAL】au KDDI HWD11,03151246_5505009e5780e.jpg,*,03151246_5505009e54fcb.jpg,03151246_5505009e51ce5.jpg,,,,,,,,,,,,,,,,,,,,,,0,1,en_au_060,,1,,,17300,,5,,,,,,,,,,,,,,,,,7,au
,,0,0,,,,,【3-month(91days/90nights) RENTAL】au KDDI HWD11,1,,,,,,,,【3-month(91days/90nights) RENTAL】au KDDI HWD11,03151246_550500824f76e.jpg,*,03151246_550500824c667.jpg,03151246_5505008249602.jpg,,,,,,,,,,,,,,,,,,,,,,0,1,en_au_090,,1,,,24200,,5,,,,,,,,,,,,,,,,,7,au
,,0,0,,,,,【1day extension of rental】au KDDI,1,,,,,,,,【1day extension of rental】au KDDI,au_ex-00.jpg,*,au_ex-00.jpg,au_ex-00.jpg,,,,,,,,,,,,,,,,,,,,,,0,1,en_au_ex_000,,1,,,650,,5,,,,,,,,,,,,,,,,,10,au_extension
,,0,0,,,,,【2days/1nights extension of rental】au KDDI,1,,,,,,,,【2days/1nights extension of rental】au KDDI,au_ex-01.jpg,*,au_ex-01.jpg,au_ex-01.jpg,,,,,,,,,,,,,,,,,,,,,,0,1,en_au_ex_001,,1,,,1300,,5,,,,,,,,,,,,,,,,,10,au_extension
,,0,0,,,,,【3days/2nights extension of rental】au KDDI,1,,,,,,,,【3days/2nights extension of rental】au KDDI,au_ex-02.jpg,*,au_ex-02.jpg,au_ex-02.jpg,,,,,,,,,,,,,,,,,,,,,,0,1,en_au_ex_002,,1,,,1950,,5,,,,,,,,,,,,,,,,,10,au_extension
,,0,0,,,,,【4days/3nights extension of rental】au KDDI,1,,,,,,,,【4days/3nights extension of rental】au KDDI,au_ex-03.jpg,*,au_ex-03.jpg,au_ex-03.jpg,,,,,,,,,,,,,,,,,,,,,,0,1,en_au_ex_003,,1,,,2600,,5,,,,,,,,,,,,,,,,,10,au_extension
,,0,0,,,,,【5days/4nights extension of rental】au KDDI,1,,,,,,,,【5days/4nights extension of rental】au KDDI,au_ex-04.jpg,*,au_ex-04.jpg,au_ex-04.jpg,,,,,,,,,,,,,,,,,,,,,,0,1,en_au_ex_004,,1,,,3250,,5,,,,,,,,,,,,,,,,,10,au_extension
,,0,0,,,,,【6days/5nights extension of rental】au KDDI,1,,,,,,,,【6days/5nights extension of rental】au KDDI,au_ex-05.jpg,*,au_ex-05.jpg,au_ex-05.jpg,,,,,,,,,,,,,,,,,,,,,,0,1,en_au_ex_005,,1,,,3900,,5,,,,,,,,,,,,,,,,,10,au_extension
,,0,0,,,,,【7days/6nights extension of rental】au KDDI,1,,,,,,,,【7days/6nights extension of rental】au KDDI,au_ex-06.jpg,*,au_ex-06.jpg,au_ex-06.jpg,,,,,,,,,,,,,,,,,,,,,,0,1,en_au_ex_006,,1,,,4550,,5,,,,,,,,,,,,,,,,,10,au_extension
,,0,0,,,,,【8days/7nights extension of rental】au KDDI,1,,,,,,,,【8days/7nights extension of rental】au KDDI,au_ex-07.jpg,*,au_ex-07.jpg,au_ex-07.jpg,,,,,,,,,,,,,,,,,,,,,,0,1,en_au_ex_007,,1,,,5200,,5,,,,,,,,,,,,,,,,,10,au_extension
,,0,0,,,,,【9days/8nights extension of rental】au KDDI,1,,,,,,,,【9days/8nights extension of rental】au KDDI,au_ex-08.jpg,*,au_ex-08.jpg,au_ex-08.jpg,,,,,,,,,,,,,,,,,,,,,,0,1,en_au_ex_008,,1,,,5850,,5,,,,,,,,,,,,,,,,,10,au_extension
,,0,0,,,,,【10days/9nights extension of rental】au KDDI,1,,,,,,,,【10days/9nights extension of rental】au KDDI,au_ex-09.jpg,*,au_ex-09.jpg,au_ex-09.jpg,,,,,,,,,,,,,,,,,,,,,,0,1,en_au_ex_009,,1,,,6500,,5,,,,,,,,,,,,,,,,,10,au_extension
,,0,0,,,,,【11days/10nights extension of rental】au KDDI,1,,,,,,,,【11days/10nights extension of rental】au KDDI,au_ex-10.jpg,*,au_ex-10.jpg,au_ex-10.jpg,,,,,,,,,,,,,,,,,,,,,,0,1,en_au_ex_010,,1,,,7150,,5,,,,,,,,,,,,,,,,,10,au_extension
,,0,0,,,,,【12days/11nights extension of rental】au KDDI,1,,,,,,,,【12days/11nights extension of rental】au KDDI,au_ex-11.jpg,*,au_ex-11.jpg,au_ex-11.jpg,,,,,,,,,,,,,,,,,,,,,,0,1,en_au_ex_011,,1,,,7800,,5,,,,,,,,,,,,,,,,,10,au_extension
,,0,0,,,,,【13days/12nights extension of rental】au KDDI,1,,,,,,,,【13days/12nights extension of rental】au KDDI,au_ex-12.jpg,*,au_ex-12.jpg,au_ex-12.jpg,,,,,,,,,,,,,,,,,,,,,,0,1,en_au_ex_012,,1,,,8450,,5,,,,,,,,,,,,,,,,,10,au_extension
,,0,0,,,,,【14days/13nights extension of rental】au KDDI,1,,,,,,,,【14days/13nights extension of rental】au KDDI,au_ex-13.jpg,*,au_ex-13.jpg,au_ex-13.jpg,,,,,,,,,,,,,,,,,,,,,,0,1,en_au_ex_013,,1,,,9100,,5,,,,,,,,,,,,,,,,,10,au_extension
,,0,0,,,,,【15days/14nights〜1month extension of rental】au KDDI,1,,,,,,,,【15days/14nights〜1month extension of rental】au KDDI,au_ex-14.jpg,*,au_ex-14.jpg,au_ex-14.jpg,,,,,,,,,,,,,,,,,,,,,,0,1,en_au_ex_014,,1,,,9750,,5,,,,,,,,,,,,,,,,,10,au_extension
,,0,0,,,,,【2month extension of rental】au KDDI,1,,,,,,,,【2month extension of rental】au KDDI,au_ex-15.jpg,*,au_ex-15.jpg,au_ex-15.jpg,,,,,,,,,,,,,,,,,,,,,,0,1,en_au_ex_060,,1,,,17300,,5,,,,,,,,,,,,,,,,,10,au_extension
,,0,0,,,,,【3month extension of rental】au KDDI,1,,,,,,,,【3month extension of rental】au KDDI,au_ex-16.jpg,*,au_ex-16.jpg,au_ex-16.jpg,,,,,,,,,,,,,,,,,,,,,,0,1,en_au_ex_090,,1,,,24200,,5,,,,,,,,,,,,,,,,,10,au_extension
,,0,0,,,,,【2days/1nights RENTAL】SoftBank 303ZT,1,,,,,,,,【2days/1nights RENTAL】SoftBank 303ZT,sb/sb-01.jpg,*,sb/sb-01.jpg,sb/sb-01.jpg,,,,,,,,,,,,,,,,,,,,,,0,1,en_sb_001,,1,,,1100,,5,,,,,,,,,,,,,,,,,11,SoftBank
,,0,0,,,,,【3days/2nights RENTAL】SoftBank 303ZT,1,,,,,,,,【3days/2nights RENTAL】SoftBank 303ZT,sb/sb-02.jpg,*,sb/sb-02.jpg,sb/sb-02.jpg,,,,,,,,,,,,,,,,,,,,,,0,1,en_sb_002,,1,,,1650,,5,,,,,,,,,,,,,,,,,11,SoftBank
,,0,0,,,,,【4days/3nights RENTAL】SoftBank 303ZT,1,,,,,,,,【4days/3nights RENTAL】SoftBank 303ZT,sb/sb-03.jpg,*,sb/sb-03.jpg,sb/sb-03.jpg,,,,,,,,,,,,,,,,,,,,,,0,1,en_sb_003,,1,,,2200,,5,,,,,,,,,,,,,,,,,11,SoftBank
,,0,0,,,,,【5days/4nights RENTAL】SoftBank 303ZT,1,,,,,,,,【5days/4nights RENTAL】SoftBank 303ZT,sb/sb-04.jpg,*,sb/sb-04.jpg,sb/sb-04.jpg,,,,,,,,,,,,,,,,,,,,,,0,1,en_sb_004,,1,,,2750,,5,,,,,,,,,,,,,,,,,11,SoftBank
,,0,0,,,,,【6days/5nights RENTAL】SoftBank 303ZT,1,,,,,,,,【6days/5nights RENTAL】SoftBank 303ZT,sb/sb-05.jpg,*,sb/sb-05.jpg,sb/sb-05.jpg,,,,,,,,,,,,,,,,,,,,,,0,1,en_sb_005,,1,,,3300,,5,,,,,,,,,,,,,,,,,11,SoftBank
,,0,0,,,,,【7days/6nights RENTAL】SoftBank 303ZT,1,,,,,,,,【7days/6nights RENTAL】SoftBank 303ZT,sb/sb-06.jpg,*,sb/sb-06.jpg,sb/sb-06.jpg,,,,,,,,,,,,,,,,,,,,,,0,1,en_sb_006,,1,,,3850,,5,,,,,,,,,,,,,,,,,11,SoftBank
,,0,0,,,,,【8days/7nights RENTAL】SoftBank 303ZT,1,,,,,,,,【8days/7nights RENTAL】SoftBank 303ZT,sb/sb-07.jpg,*,sb/sb-07.jpg,sb/sb-07.jpg,,,,,,,,,,,,,,,,,,,,,,0,1,en_sb_007,,1,,,4400,,5,,,,,,,,,,,,,,,,,11,SoftBank
,,0,0,,,,,【9days/8nights RENTAL】SoftBank 303ZT,1,,,,,,,,【9days/8nights RENTAL】SoftBank 303ZT,sb/sb-08.jpg,*,sb/sb-08.jpg,sb/sb-08.jpg,,,,,,,,,,,,,,,,,,,,,,0,1,en_sb_008,,1,,,4950,,5,,,,,,,,,,,,,,,,,11,SoftBank
,,0,0,,,,,【10days/9nights RENTAL】SoftBank 303ZT,1,,,,,,,,【10days/9nights RENTAL】SoftBank 303ZT,sb/sb-09.jpg,*,sb/sb-09.jpg,sb/sb-09.jpg,,,,,,,,,,,,,,,,,,,,,,0,1,en_sb_009,,1,,,5500,,5,,,,,,,,,,,,,,,,,11,SoftBank
,,0,0,,,,,【11days/10nights RENTAL】SoftBank 303ZT,1,,,,,,,,【11days/10nights RENTAL】SoftBank 303ZT,sb/sb-10.jpg,*,sb/sb-10.jpg,sb/sb-10.jpg,,,,,,,,,,,,,,,,,,,,,,0,1,en_sb_010,,1,,,6050,,5,,,,,,,,,,,,,,,,,11,SoftBank
,,0,0,,,,,【12days/11nights RENTAL】SoftBank 303ZT,1,,,,,,,,【12days/11nights RENTAL】SoftBank 303ZT,sb/sb-11.jpg,*,sb/sb-11.jpg,sb/sb-11.jpg,,,,,,,,,,,,,,,,,,,,,,0,1,en_sb_011,,1,,,6600,,5,,,,,,,,,,,,,,,,,11,SoftBank
,,0,0,,,,,【13days/12nights RENTAL】SoftBank 303ZT,1,,,,,,,,【13days/12nights RENTAL】SoftBank 303ZT,sb/sb-12.jpg,*,sb/sb-12.jpg,sb/sb-12.jpg,,,,,,,,,,,,,,,,,,,,,,0,1,en_sb_012,,1,,,7150,,5,,,,,,,,,,,,,,,,,11,SoftBank
,,0,0,,,,,【14days/13nights RENTAL】SoftBank 303ZT,1,,,,,,,,【14days/13nights RENTAL】SoftBank 303ZT,sb/sb-13.jpg,*,sb/sb-13.jpg,sb/sb-13.jpg,,,,,,,,,,,,,,,,,,,,,,0,1,en_sb_013,,1,,,7700,,5,,,,,,,,,,,,,,,,,11,SoftBank
,,0,0,,,,,【15days/14nights〜1month RENTAL】SoftBank 303ZT,1,,,,,,,,【15days/14nights〜1month RENTAL】SoftBank 303ZT,sb/sb-14.jpg,*,sb/sb-14.jpg,sb/sb-14.jpg,,,,,,,,,,,,,,,,,,,,,,0,1,en_sb_014,,1,,,8250,,5,,,,,,,,,,,,,,,,,11,SoftBank
,,0,0,,,,,【2-month(61days/60nights) RENTAL】SoftBank 303ZT,1,,,,,,,,【2-month(61days/60nights) RENTAL】SoftBank 303ZT,sb/sb-15.jpg,*,sb/sb-15.jpg,sb/sb-15.jpg,,,,,,,,,,,,,,,,,,,,,,0,1,en_sb_060,,1,,,14650,,5,,,,,,,,,,,,,,,,,11,SoftBank
,,0,0,,,,,【3-month(91days/90nights) RENTAL】SoftBank 303ZT,1,,,,,,,,【3-month(91days/90nights) RENTAL】SoftBank 303ZT,sb/sb-16.jpg,*,sb/sb-16.jpg,sb/sb-16.jpg,,,,,,,,,,,,,,,,,,,,,,0,1,en_sb_090,,1,,,20500,,5,,,,,,,,,,,,,,,,,11,SoftBank
,,0,0,,,,,【4-month(121days/120nights) RENTAL】SoftBank 303ZT,1,,,,,,,,【4-month(121days/120nights) RENTAL】SoftBank 303ZT,sb/sb-17.jpg,*,sb/sb-17.jpg,sb/sb-17.jpg,,,,,,,,,,,,,,,,,,,,,,0,1,en_sb_120,,1,,,23000,,5,,,,,,,,,,,,,,,,,11,SoftBank
,,0,0,,,,,【5-month(151days/150nights) RENTAL】SoftBank 303ZT,1,,,,,,,,【5-month(151days/150nights) RENTAL】SoftBank 303ZT,sb/sb-18.jpg,*,sb/sb-18.jpg,sb/sb-18.jpg,,,,,,,,,,,,,,,,,,,,,,0,1,en_sb_150,,1,,,25500,,5,,,,,,,,,,,,,,,,,11,SoftBank
,,0,0,,,,,【6-month(181days/180nights) RENTAL】SoftBank 303ZT,1,,,,,,,,【6-month(181days/180nights) RENTAL】SoftBank 303ZT,sb/sb-19.jpg,*,sb/sb-19.jpg,sb/sb-19.jpg,,,,,,,,,,,,,,,,,,,,,,0,1,en_sb_180,,1,,,28000,,5,,,,,,,,,,,,,,,,,11,SoftBank
,,0,0,,,,,【1day extension of rental】SoftBank,1,,,,,,,,【1day extension of rental】SoftBank,sb_ex/ex-00.jpg,*,sb_ex/ex-00.jpg,sb_ex/ex-00.jpg,,,,,,,,,,,,,,,,,,,,,,0,1,en_sb_ex_000,,1,,,550,,5,,,,,,,,,,,,,,,,,12,SoftBank_extension
,,0,0,,,,,【2days/1nights extension of rental】SoftBank,1,,,,,,,,【2days/1nights extension of rental】SoftBank,sb_ex/ex-01.jpg,*,sb_ex/ex-01.jpg,sb_ex/ex-01.jpg,,,,,,,,,,,,,,,,,,,,,,0,1,en_sb_ex_001,,1,,,1100,,5,,,,,,,,,,,,,,,,,12,SoftBank_extension
,,0,0,,,,,【3days/2nights extension of rental】SoftBank,1,,,,,,,,【3days/2nights extension of rental】SoftBank,sb_ex/ex-02.jpg,*,sb_ex/ex-02.jpg,sb_ex/ex-02.jpg,,,,,,,,,,,,,,,,,,,,,,0,1,en_sb_ex_002,,1,,,1650,,5,,,,,,,,,,,,,,,,,12,SoftBank_extension
,,0,0,,,,,【4days/3nights extension of rental】SoftBank,1,,,,,,,,【4days/3nights extension of rental】SoftBank,sb_ex/ex-03.jpg,*,sb_ex/ex-03.jpg,sb_ex/ex-03.jpg,,,,,,,,,,,,,,,,,,,,,,0,1,en_sb_ex_003,,1,,,2200,,5,,,,,,,,,,,,,,,,,12,SoftBank_extension
,,0,0,,,,,【5days/4nights extension of rental】SoftBank,1,,,,,,,,【5days/4nights extension of rental】SoftBank,sb_ex/ex-04.jpg,*,sb_ex/ex-04.jpg,sb_ex/ex-04.jpg,,,,,,,,,,,,,,,,,,,,,,0,1,en_sb_ex_004,,1,,,2750,,5,,,,,,,,,,,,,,,,,12,SoftBank_extension
,,0,0,,,,,【6days/5nights extension of rental】SoftBank,1,,,,,,,,【6days/5nights extension of rental】SoftBank,sb_ex/ex-05.jpg,*,sb_ex/ex-05.jpg,sb_ex/ex-05.jpg,,,,,,,,,,,,,,,,,,,,,,0,1,en_sb_ex_005,,1,,,3300,,5,,,,,,,,,,,,,,,,,12,SoftBank_extension
,,0,0,,,,,【7days/6nights extension of rental】SoftBank,1,,,,,,,,【7days/6nights extension of rental】SoftBank,sb_ex/ex-06.jpg,*,sb_ex/ex-06.jpg,sb_ex/ex-06.jpg,,,,,,,,,,,,,,,,,,,,,,0,1,en_sb_ex_006,,1,,,3850,,5,,,,,,,,,,,,,,,,,12,SoftBank_extension
,,0,0,,,,,【8days/7nights extension of rental】SoftBank,1,,,,,,,,【8days/7nights extension of rental】SoftBank,sb_ex/ex-07.jpg,*,sb_ex/ex-07.jpg,sb_ex/ex-07.jpg,,,,,,,,,,,,,,,,,,,,,,0,1,en_sb_ex_007,,1,,,4400,,5,,,,,,,,,,,,,,,,,12,SoftBank_extension
,,0,0,,,,,【9days/8nights extension of rental】SoftBank,1,,,,,,,,【9days/8nights extension of rental】SoftBank,sb_ex/ex-08.jpg,*,sb_ex/ex-08.jpg,sb_ex/ex-08.jpg,,,,,,,,,,,,,,,,,,,,,,0,1,en_sb_ex_008,,1,,,4950,,5,,,,,,,,,,,,,,,,,12,SoftBank_extension
,,0,0,,,,,【10days/9nights extension of rental】SoftBank,1,,,,,,,,【10days/9nights extension of rental】SoftBank,sb_ex/ex-09.jpg,*,sb_ex/ex-09.jpg,sb_ex/ex-09.jpg,,,,,,,,,,,,,,,,,,,,,,0,1,en_sb_ex_009,,1,,,5500,,5,,,,,,,,,,,,,,,,,12,SoftBank_extension
,,0,0,,,,,【11days/10nights extension of rental】SoftBank,1,,,,,,,,【11days/10nights extension of rental】SoftBank,sb_ex/ex-10.jpg,*,sb_ex/ex-10.jpg,sb_ex/ex-10.jpg,,,,,,,,,,,,,,,,,,,,,,0,1,en_sb_ex_010,,1,,,6050,,5,,,,,,,,,,,,,,,,,12,SoftBank_extension
,,0,0,,,,,【12days/11nights extension of rental】SoftBank,1,,,,,,,,【12days/11nights extension of rental】SoftBank,sb_ex/ex-11.jpg,*,sb_ex/ex-11.jpg,sb_ex/ex-11.jpg,,,,,,,,,,,,,,,,,,,,,,0,1,en_sb_ex_011,,1,,,6600,,5,,,,,,,,,,,,,,,,,12,SoftBank_extension
,,0,0,,,,,【13days/12nights extension of rental】SoftBank,1,,,,,,,,【13days/12nights extension of rental】SoftBank,sb_ex/ex-12.jpg,*,sb_ex/ex-12.jpg,sb_ex/ex-12.jpg,,,,,,,,,,,,,,,,,,,,,,0,1,en_sb_ex_012,,1,,,7150,,5,,,,,,,,,,,,,,,,,12,SoftBank_extension
,,0,0,,,,,【14days/13nights extension of rental】SoftBank,1,,,,,,,,【14days/13nights extension of rental】SoftBank,sb_ex/ex-13.jpg,*,sb_ex/ex-13.jpg,sb_ex/ex-13.jpg,,,,,,,,,,,,,,,,,,,,,,0,1,en_sb_ex_013,,1,,,7700,,5,,,,,,,,,,,,,,,,,12,SoftBank_extension
,,0,0,,,,,【15days/14nights〜1month extension of rental】SoftBank,1,,,,,,,,【15days/14nights〜1month extension of rental】SoftBank,sb_ex/ex-14.jpg,*,sb_ex/ex-14.jpg,sb_ex/ex-14.jpg,,,,,,,,,,,,,,,,,,,,,,0,1,en_sb_ex_014,,1,,,8250,,5,,,,,,,,,,,,,,,,,12,SoftBank_extension
,,0,0,,,,,【2month extension of rental】SoftBank,1,,,,,,,,【2month extension of rental】SoftBank,sb_ex/ex-15.jpg,*,sb_ex/ex-15.jpg,sb_ex/ex-15.jpg,,,,,,,,,,,,,,,,,,,,,,0,1,en_sb_ex_060,,1,,,14650,,5,,,,,,,,,,,,,,,,,12,SoftBank_extension
,,0,0,,,,,【3month extension of rental】SoftBank,1,,,,,,,,【3month extension of rental】SoftBank,sb_ex/ex-16.jpg,*,sb_ex/ex-16.jpg,sb_ex/ex-16.jpg,,,,,,,,,,,,,,,,,,,,,,0,1,en_sb_ex_090,,1,,,20500,,5,,,,,,,,,,,,,,,,,12,SoftBank_extension
,,0,0,,,,,【4month extension of rental】SoftBank,1,,,,,,,,【4month extension of rental】SoftBank,sb_ex/ex-17.jpg,*,sb_ex/ex-17.jpg,sb_ex/ex-17.jpg,,,,,,,,,,,,,,,,,,,,,,0,1,en_sb_ex_120,,1,,,23000,,5,,,,,,,,,,,,,,,,,12,SoftBank_extension
,,0,0,,,,,【5month extension of rental】SoftBank,1,,,,,,,,【5month extension of rental】SoftBank,sb_ex/ex-18.jpg,*,sb_ex/ex-18.jpg,sb_ex/ex-18.jpg,,,,,,,,,,,,,,,,,,,,,,0,1,en_sb_ex_150,,1,,,25500,,5,,,,,,,,,,,,,,,,,12,SoftBank_extension
,,0,0,,,,,【6month extension of rental】SoftBank,1,,,,,,,,【6month extension of rental】SoftBank,sb_ex/ex-19.jpg,*,sb_ex/ex-19.jpg,sb_ex/ex-19.jpg,,,,,,,,,,,,,,,,,,,,,,0,1,en_sb_ex_180,,1,,,28000,,5,,,,,,,,,,,,,,,,,12,SoftBank_extension