商品ID,商品規格ID,親規格分類ID,規格分類ID,親規格分類名,規格分類名,メーカーID,メーカー名,商品名,表示ステータス(公開・非公開),メーカーURL(コメント1),コメント2,検索ワード(コメント3),コメント4,コメント5,コメント6,備考欄(SHOP専用),一覧-メインコメント,一覧-メイン画像,詳細-メインコメント,詳細-メイン画像,詳細-メイン拡大画像,詳細-サブタイトル(1),詳細-サブコメント(1),詳細-サブ画像(1),詳細-サブ拡大画像(1),詳細-サブタイトル(2),詳細-サブコメント(2),詳細-サブ画像(2),詳細-サブ拡大画像(2),詳細-サブタイトル(3),詳細-サブコメント(3),詳細-サブ画像(3),詳細-サブ拡大画像(3),詳細-サブタイトル(4),詳細-サブコメント(4),詳細-サブ画像(4),詳細-サブ拡大画像(4),詳細-サブタイトル(5),詳細-サブコメント(5),詳細-サブ画像(5),詳細-サブ拡大画像(5),発送日目安ID,削除フラグ,商品種別ID,商品コード,在庫数,在庫無制限フラグ,販売制限数,通常価格,販売価格,送料,ポイント付与率,ダウンロードファイル名,ダウンロード実ファイル,関連商品ID(1),関連商品コメント(1),関連商品ID(2),関連商品コメント(2),関連商品ID(3),関連商品コメント(3),関連商品ID(4),関連商品コメント(4),関連商品ID(5),関連商品コメント(5),関連商品ID(6),関連商品コメント(6),商品ステータス,商品ステータス名,カテゴリID,カテゴリ名
3161,23515,3666,1477,None (+ 0 JPY),1-2Days,1,カート用通常フラグ,new WiMAX HOME 5G L13 Unlimited Data,1,,,,,,,,*,wh/img001.jpg,*,wh/img001.jpg,,,,,,,,,,,,,,,,,,,,,,,0,1,en_wh_001,,1,,1180,1180,,5,,,,,,,,,,,,,,,,,"21,36,39","NEW rental,WiMAX HOME 5G L13,バッテリーなし"
3161,23516,3666,1478,None (+ 0 JPY),2-3Days,1,カート用通常フラグ,new WiMAX HOME 5G L13 Unlimited Data,1,,,,,,,,*,wh/img001.jpg,*,wh/img001.jpg,,,,,,,,,,,,,,,,,,,,,,,0,1,en_wh_002,,1,,1770,1770,,5,,,,,,,,,,,,,,,,,"21,36,39","NEW rental,WiMAX HOME 5G L13,バッテリーなし"
3161,23517,3666,1479,None (+ 0 JPY),3-4Days,1,カート用通常フラグ,new WiMAX HOME 5G L13 Unlimited Data,1,,,,,,,,*,wh/img001.jpg,*,wh/img001.jpg,,,,,,,,,,,,,,,,,,,,,,,0,1,en_wh_003,,1,,2360,2360,,5,,,,,,,,,,,,,,,,,"21,36,39","NEW rental,WiMAX HOME 5G L13,バッテリーなし"
3161,23518,3666,1480,None (+ 0 JPY),4-5Days,1,カート用通常フラグ,new WiMAX HOME 5G L13 Unlimited Data,1,,,,,,,,*,wh/img001.jpg,*,wh/img001.jpg,,,,,,,,,,,,,,,,,,,,,,,0,1,en_wh_004,,1,,2950,2950,,5,,,,,,,,,,,,,,,,,"21,36,39","NEW rental,WiMAX HOME 5G L13,バッテリーなし"
3161,23519,3666,1481,None (+ 0 JPY),5-6Days,1,カート用通常フラグ,new WiMAX HOME 5G L13 Unlimited Data,1,,,,,,,,*,wh/img001.jpg,*,wh/img001.jpg,,,,,,,,,,,,,,,,,,,,,,,0,1,en_wh_005,,1,,3540,3540,,5,,,,,,,,,,,,,,,,,"21,36,39","NEW rental,WiMAX HOME 5G L13,バッテリーなし"
3161,23520,3666,1482,None (+ 0 JPY),6-7Days,1,カート用通常フラグ,new WiMAX HOME 5G L13 Unlimited Data,1,,,,,,,,*,wh/img001.jpg,*,wh/img001.jpg,,,,,,,,,,,,,,,,,,,,,,,0,1,en_wh_006,,1,,4130,4130,,5,,,,,,,,,,,,,,,,,"21,36,39","NEW rental,WiMAX HOME 5G L13,バッテリーなし"
3161,23521,3666,1483,None (+ 0 JPY),7-8Days,1,カート用通常フラグ,new WiMAX HOME 5G L13 Unlimited Data,1,,,,,,,,*,wh/img001.jpg,*,wh/img001.jpg,,,,,,,,,,,,,,,,,,,,,,,0,1,en_wh_007,,1,,4720,4720,,5,,,,,,,,,,,,,,,,,"21,36,39","NEW rental,WiMAX HOME 5G L13,バッテリーなし"
3161,23522,3666,1484,None (+ 0 JPY),8-9Days,1,カート用通常フラグ,new WiMAX HOME 5G L13 Unlimited Data,1,,,,,,,,*,wh/img001.jpg,*,wh/img001.jpg,,,,,,,,,,,,,,,,,,,,,,,0,1,en_wh_008,,1,,5310,5310,,5,,,,,,,,,,,,,,,,,"21,36,39","NEW rental,WiMAX HOME 5G L13,バッテリーなし"
3161,23523,3666,1485,None (+ 0 JPY),9-10Days,1,カート用通常フラグ,new WiMAX HOME 5G L13 Unlimited Data,1,,,,,,,,*,wh/img001.jpg,*,wh/img001.jpg,,,,,,,,,,,,,,,,,,,,,,,0,1,en_wh_009,,1,,5900,5900,,5,,,,,,,,,,,,,,,,,"21,36,39","NEW rental,WiMAX HOME 5G L13,バッテリーなし"
3161,23524,3666,1486,None (+ 0 JPY),10-11Days,1,カート用通常フラグ,new WiMAX HOME 5G L13 Unlimited Data,1,,,,,,,,*,wh/img001.jpg,*,wh/img001.jpg,,,,,,,,,,,,,,,,,,,,,,,0,1,en_wh_010,,1,,6490,6490,,5,,,,,,,,,,,,,,,,,"21,36,39","NEW rental,WiMAX HOME 5G L13,バッテリーなし"
3161,23525,3666,1487,None (+ 0 JPY),11-12Days,1,カート用通常フラグ,new WiMAX HOME 5G L13 Unlimited Data,1,,,,,,,,*,wh/img001.jpg,*,wh/img001.jpg,,,,,,,,,,,,,,,,,,,,,,,0,1,en_wh_011,,1,,7080,7080,,5,,,,,,,,,,,,,,,,,"21,36,39","NEW rental,WiMAX HOME 5G L13,バッテリーなし"
3161,23526,3666,1488,None (+ 0 JPY),12-13Days,1,カート用通常フラグ,new WiMAX HOME 5G L13 Unlimited Data,1,,,,,,,,*,wh/img001.jpg,*,wh/img001.jpg,,,,,,,,,,,,,,,,,,,,,,,0,1,en_wh_012,,1,,7670,7670,,5,,,,,,,,,,,,,,,,,"21,36,39","NEW rental,WiMAX HOME 5G L13,バッテリーなし"
3161,23527,3666,1489,None (+ 0 JPY),13-14Days,1,カート用通常フラグ,new WiMAX HOME 5G L13 Unlimited Data,1,,,,,,,,*,wh/img001.jpg,*,wh/img001.jpg,,,,,,,,,,,,,,,,,,,,,,,0,1,en_wh_013,,1,,8260,8260,,5,,,,,,,,,,,,,,,,,"21,36,39","NEW rental,WiMAX HOME 5G L13,バッテリーなし"
3161,23528,3666,1490,None (+ 0 JPY),14-15Days (Value Rental Pack: 1Month Pack),1,カート用通常フラグ,new WiMAX HOME 5G L13 Unlimited Data,1,,,,,,,,*,wh/img001.jpg,*,wh/img001.jpg,,,,,,,,,,,,,,,,,,,,,,,0,1,en_wh_014,,1,,8850,8850,,5,,,,,,,,,,,,,,,,,"21,36,39","NEW rental,WiMAX HOME 5G L13,バッテリーなし"
3161,23529,3666,1491,None (+ 0 JPY),15-16Days (Value Rental Pack: 1Month Pack),1,カート用通常フラグ,new WiMAX HOME 5G L13 Unlimited Data,1,,,,,,,,*,wh/img001.jpg,*,wh/img001.jpg,,,,,,,,,,,,,,,,,,,,,,,0,1,en_wh_014,,1,,8850,8850,,5,,,,,,,,,,,,,,,,,"21,36,39","NEW rental,WiMAX HOME 5G L13,バッテリーなし"
3161,23530,3666,1492,None (+ 0 JPY),16-17Days (Value Rental Pack: 1Month Pack),1,カート用通常フラグ,new WiMAX HOME 5G L13 Unlimited Data,1,,,,,,,,*,wh/img001.jpg,*,wh/img001.jpg,,,,,,,,,,,,,,,,,,,,,,,0,1,en_wh_014,,1,,8850,8850,,5,,,,,,,,,,,,,,,,,"21,36,39","NEW rental,WiMAX HOME 5G L13,バッテリーなし"
3161,23531,3666,1493,None (+ 0 JPY),17-18Days (Value Rental Pack: 1Month Pack),1,カート用通常フラグ,new WiMAX HOME 5G L13 Unlimited Data,1,,,,,,,,*,wh/img001.jpg,*,wh/img001.jpg,,,,,,,,,,,,,,,,,,,,,,,0,1,en_wh_014,,1,,8850,8850,,5,,,,,,,,,,,,,,,,,"21,36,39","NEW rental,WiMAX HOME 5G L13,バッテリーなし"
3161,23532,3666,1494,None (+ 0 JPY),18-19Days (Value Rental Pack: 1Month Pack),1,カート用通常フラグ,new WiMAX HOME 5G L13 Unlimited Data,1,,,,,,,,*,wh/img001.jpg,*,wh/img001.jpg,,,,,,,,,,,,,,,,,,,,,,,0,1,en_wh_014,,1,,8850,8850,,5,,,,,,,,,,,,,,,,,"21,36,39","NEW rental,WiMAX HOME 5G L13,バッテリーなし"
3161,23533,3666,1495,None (+ 0 JPY),19-20Days (Value Rental Pack: 1Month Pack),1,カート用通常フラグ,new WiMAX HOME 5G L13 Unlimited Data,1,,,,,,,,*,wh/img001.jpg,*,wh/img001.jpg,,,,,,,,,,,,,,,,,,,,,,,0,1,en_wh_014,,1,,8850,8850,,5,,,,,,,,,,,,,,,,,"21,36,39","NEW rental,WiMAX HOME 5G L13,バッテリーなし"
3161,23534,3666,1496,None (+ 0 JPY),20-21Days (Value Rental Pack: 1Month Pack),1,カート用通常フラグ,new WiMAX HOME 5G L13 Unlimited Data,1,,,,,,,,*,wh/img001.jpg,*,wh/img001.jpg,,,,,,,,,,,,,,,,,,,,,,,0,1,en_wh_014,,1,,8850,8850,,5,,,,,,,,,,,,,,,,,"21,36,39","NEW rental,WiMAX HOME 5G L13,バッテリーなし"
3161,23535,3666,1497,None (+ 0 JPY),21-22Days (Value Rental Pack: 1Month Pack),1,カート用通常フラグ,new WiMAX HOME 5G L13 Unlimited Data,1,,,,,,,,*,wh/img001.jpg,*,wh/img001.jpg,,,,,,,,,,,,,,,,,,,,,,,0,1,en_wh_014,,1,,8850,8850,,5,,,,,,,,,,,,,,,,,"21,36,39","NEW rental,WiMAX HOME 5G L13,バッテリーなし"
3161,23536,3666,1498,None (+ 0 JPY),22-23Days (Value Rental Pack: 1Month Pack),1,カート用通常フラグ,new WiMAX HOME 5G L13 Unlimited Data,1,,,,,,,,*,wh/img001.jpg,*,wh/img001.jpg,,,,,,,,,,,,,,,,,,,,,,,0,1,en_wh_014,,1,,8850,8850,,5,,,,,,,,,,,,,,,,,"21,36,39","NEW rental,WiMAX HOME 5G L13,バッテリーなし"
3161,23537,3666,1499,None (+ 0 JPY),23-24Days (Value Rental Pack: 1Month Pack),1,カート用通常フラグ,new WiMAX HOME 5G L13 Unlimited Data,1,,,,,,,,*,wh/img001.jpg,*,wh/img001.jpg,,,,,,,,,,,,,,,,,,,,,,,0,1,en_wh_014,,1,,8850,8850,,5,,,,,,,,,,,,,,,,,"21,36,39","NEW rental,WiMAX HOME 5G L13,バッテリーなし"
3161,23538,3666,1500,None (+ 0 JPY),24-25Days (Value Rental Pack: 1Month Pack),1,カート用通常フラグ,new WiMAX HOME 5G L13 Unlimited Data,1,,,,,,,,*,wh/img001.jpg,*,wh/img001.jpg,,,,,,,,,,,,,,,,,,,,,,,0,1,en_wh_014,,1,,8850,8850,,5,,,,,,,,,,,,,,,,,"21,36,39","NEW rental,WiMAX HOME 5G L13,バッテリーなし"
3161,23539,3666,1501,None (+ 0 JPY),25-26Days (Value Rental Pack: 1Month Pack),1,カート用通常フラグ,new WiMAX HOME 5G L13 Unlimited Data,1,,,,,,,,*,wh/img001.jpg,*,wh/img001.jpg,,,,,,,,,,,,,,,,,,,,,,,0,1,en_wh_014,,1,,8850,8850,,5,,,,,,,,,,,,,,,,,"21,36,39","NEW rental,WiMAX HOME 5G L13,バッテリーなし"
3161,23540,3666,1502,None (+ 0 JPY),26-27Days (Value Rental Pack: 1Month Pack),1,カート用通常フラグ,new WiMAX HOME 5G L13 Unlimited Data,1,,,,,,,,*,wh/img001.jpg,*,wh/img001.jpg,,,,,,,,,,,,,,,,,,,,,,,0,1,en_wh_014,,1,,8850,8850,,5,,,,,,,,,,,,,,,,,"21,36,39","NEW rental,WiMAX HOME 5G L13,バッテリーなし"
3161,23541,3666,1503,None (+ 0 JPY),27-28Days (Value Rental Pack: 1Month Pack),1,カート用通常フラグ,new WiMAX HOME 5G L13 Unlimited Data,1,,,,,,,,*,wh/img001.jpg,*,wh/img001.jpg,,,,,,,,,,,,,,,,,,,,,,,0,1,en_wh_014,,1,,8850,8850,,5,,,,,,,,,,,,,,,,,"21,36,39","NEW rental,WiMAX HOME 5G L13,バッテリーなし"
3161,23542,3666,1504,None (+ 0 JPY),28-29Days (Value Rental Pack: 1Month Pack),1,カート用通常フラグ,new WiMAX HOME 5G L13 Unlimited Data,1,,,,,,,,*,wh/img001.jpg,*,wh/img001.jpg,,,,,,,,,,,,,,,,,,,,,,,0,1,en_wh_014,,1,,8850,8850,,5,,,,,,,,,,,,,,,,,"21,36,39","NEW rental,WiMAX HOME 5G L13,バッテリーなし"
3161,23543,3666,1505,None (+ 0 JPY),29-30Days (Value Rental Pack: 1Month Pack),1,カート用通常フラグ,new WiMAX HOME 5G L13 Unlimited Data,1,,,,,,,,*,wh/img001.jpg,*,wh/img001.jpg,,,,,,,,,,,,,,,,,,,,,,,0,1,en_wh_014,,1,,8850,8850,,5,,,,,,,,,,,,,,,,,"21,36,39","NEW rental,WiMAX HOME 5G L13,バッテリーなし"
3161,23544,3666,1506,None (+ 0 JPY),30-31Days (Value Rental Pack: 1Month Pack),1,カート用通常フラグ,new WiMAX HOME 5G L13 Unlimited Data,1,,,,,,,,*,wh/img001.jpg,*,wh/img001.jpg,,,,,,,,,,,,,,,,,,,,,,,0,1,en_wh_014,,1,,8850,8850,,5,,,,,,,,,,,,,,,,,"21,36,39","NEW rental,WiMAX HOME 5G L13,バッテリーなし"
3161,23545,3666,1507,None (+ 0 JPY),31-32Days (Value Rental Pack: 1Month Pack + 1Day),1,カート用通常フラグ,new WiMAX HOME 5G L13 Unlimited Data,1,,,,,,,,*,wh/img001.jpg,*,wh/img001.jpg,,,,,,,,,,,,,,,,,,,,,,,0,1,en_wh_031,,1,,9440,9440,,5,,,,,,,,,,,,,,,,,"21,36,39","NEW rental,WiMAX HOME 5G L13,バッテリーなし"
3161,23546,3666,1508,None (+ 0 JPY),32-33Days (Value Rental Pack: 1Month Pack + 2Days),1,カート用通常フラグ,new WiMAX HOME 5G L13 Unlimited Data,1,,,,,,,,*,wh/img001.jpg,*,wh/img001.jpg,,,,,,,,,,,,,,,,,,,,,,,0,1,en_wh_032,,1,,10030,10030,,5,,,,,,,,,,,,,,,,,"21,36,39","NEW rental,WiMAX HOME 5G L13,バッテリーなし"
3161,23547,3666,1509,None (+ 0 JPY),33-34Days (Value Rental Pack: 1Month Pack + 3Days),1,カート用通常フラグ,new WiMAX HOME 5G L13 Unlimited Data,1,,,,,,,,*,wh/img001.jpg,*,wh/img001.jpg,,,,,,,,,,,,,,,,,,,,,,,0,1,en_wh_033,,1,,10620,10620,,5,,,,,,,,,,,,,,,,,"21,36,39","NEW rental,WiMAX HOME 5G L13,バッテリーなし"
3161,23548,3666,1510,None (+ 0 JPY),34-35Days (Value Rental Pack: 1Month Pack + 4Days),1,カート用通常フラグ,new WiMAX HOME 5G L13 Unlimited Data,1,,,,,,,,*,wh/img001.jpg,*,wh/img001.jpg,,,,,,,,,,,,,,,,,,,,,,,0,1,en_wh_034,,1,,11210,11210,,5,,,,,,,,,,,,,,,,,"21,36,39","NEW rental,WiMAX HOME 5G L13,バッテリーなし"
3161,23549,3666,1511,None (+ 0 JPY),35-36Days (Value Rental Pack: 1Month Pack + 5Days),1,カート用通常フラグ,new WiMAX HOME 5G L13 Unlimited Data,1,,,,,,,,*,wh/img001.jpg,*,wh/img001.jpg,,,,,,,,,,,,,,,,,,,,,,,0,1,en_wh_035,,1,,11800,11800,,5,,,,,,,,,,,,,,,,,"21,36,39","NEW rental,WiMAX HOME 5G L13,バッテリーなし"
3161,23550,3666,1512,None (+ 0 JPY),36-37Days (Value Rental Pack: 1Month Pack + 6Days),1,カート用通常フラグ,new WiMAX HOME 5G L13 Unlimited Data,1,,,,,,,,*,wh/img001.jpg,*,wh/img001.jpg,,,,,,,,,,,,,,,,,,,,,,,0,1,en_wh_036,,1,,12390,12390,,5,,,,,,,,,,,,,,,,,"21,36,39","NEW rental,WiMAX HOME 5G L13,バッテリーなし"
3161,23551,3666,1513,None (+ 0 JPY),37-38Days (Value Rental Pack: 1Month Pack + 7Days),1,カート用通常フラグ,new WiMAX HOME 5G L13 Unlimited Data,1,,,,,,,,*,wh/img001.jpg,*,wh/img001.jpg,,,,,,,,,,,,,,,,,,,,,,,0,1,en_wh_037,,1,,12980,12980,,5,,,,,,,,,,,,,,,,,"21,36,39","NEW rental,WiMAX HOME 5G L13,バッテリーなし"
3161,23552,3666,1514,None (+ 0 JPY),38-39Days (Value Rental Pack: 1Month Pack + 8Days),1,カート用通常フラグ,new WiMAX HOME 5G L13 Unlimited Data,1,,,,,,,,*,wh/img001.jpg,*,wh/img001.jpg,,,,,,,,,,,,,,,,,,,,,,,0,1,en_wh_038,,1,,13570,13570,,5,,,,,,,,,,,,,,,,,"21,36,39","NEW rental,WiMAX HOME 5G L13,バッテリーなし"
3161,23553,3666,1515,None (+ 0 JPY),39-40Days (Value Rental Pack: 1Month Pack + 9Days),1,カート用通常フラグ,new WiMAX HOME 5G L13 Unlimited Data,1,,,,,,,,*,wh/img001.jpg,*,wh/img001.jpg,,,,,,,,,,,,,,,,,,,,,,,0,1,en_wh_039,,1,,14160,14160,,5,,,,,,,,,,,,,,,,,"21,36,39","NEW rental,WiMAX HOME 5G L13,バッテリーなし"
3161,23554,3666,1516,None (+ 0 JPY),40-41Days (Value Rental Pack: 1Month Pack + 10Days),1,カート用通常フラグ,new WiMAX HOME 5G L13 Unlimited Data,1,,,,,,,,*,wh/img001.jpg,*,wh/img001.jpg,,,,,,,,,,,,,,,,,,,,,,,0,1,en_wh_040,,1,,14750,14750,,5,,,,,,,,,,,,,,,,,"21,36,39","NEW rental,WiMAX HOME 5G L13,バッテリーなし"
3161,23555,3666,1517,None (+ 0 JPY),41-42Days (Value Rental Pack: 1Month Pack + 11Days),1,カート用通常フラグ,new WiMAX HOME 5G L13 Unlimited Data,1,,,,,,,,*,wh/img001.jpg,*,wh/img001.jpg,,,,,,,,,,,,,,,,,,,,,,,0,1,en_wh_041,,1,,15340,15340,,5,,,,,,,,,,,,,,,,,"21,36,39","NEW rental,WiMAX HOME 5G L13,バッテリーなし"
3161,23556,3666,1518,None (+ 0 JPY),42-43Days (Value Rental Pack: 2Months Pack),1,カート用通常フラグ,new WiMAX HOME 5G L13 Unlimited Data,1,,,,,,,,*,wh/img001.jpg,*,wh/img001.jpg,,,,,,,,,,,,,,,,,,,,,,,0,1,en_wh_060,,1,,15700,15700,,5,,,,,,,,,,,,,,,,,"21,36,39","NEW rental,WiMAX HOME 5G L13,バッテリーなし"
3161,23557,3666,1519,None (+ 0 JPY),43-44Days (Value Rental Pack: 2Months Pack),1,カート用通常フラグ,new WiMAX HOME 5G L13 Unlimited Data,1,,,,,,,,*,wh/img001.jpg,*,wh/img001.jpg,,,,,,,,,,,,,,,,,,,,,,,0,1,en_wh_060,,1,,15700,15700,,5,,,,,,,,,,,,,,,,,"21,36,39","NEW rental,WiMAX HOME 5G L13,バッテリーなし"
3161,23558,3666,1520,None (+ 0 JPY),44-45Days (Value Rental Pack: 2Months Pack),1,カート用通常フラグ,new WiMAX HOME 5G L13 Unlimited Data,1,,,,,,,,*,wh/img001.jpg,*,wh/img001.jpg,,,,,,,,,,,,,,,,,,,,,,,0,1,en_wh_060,,1,,15700,15700,,5,,,,,,,,,,,,,,,,,"21,36,39","NEW rental,WiMAX HOME 5G L13,バッテリーなし"
3161,23559,3666,1521,None (+ 0 JPY),45-46Days (Value Rental Pack: 2Months Pack),1,カート用通常フラグ,new WiMAX HOME 5G L13 Unlimited Data,1,,,,,,,,*,wh/img001.jpg,*,wh/img001.jpg,,,,,,,,,,,,,,,,,,,,,,,0,1,en_wh_060,,1,,15700,15700,,5,,,,,,,,,,,,,,,,,"21,36,39","NEW rental,WiMAX HOME 5G L13,バッテリーなし"
3161,23560,3666,1522,None (+ 0 JPY),46-47Days (Value Rental Pack: 2Months Pack),1,カート用通常フラグ,new WiMAX HOME 5G L13 Unlimited Data,1,,,,,,,,*,wh/img001.jpg,*,wh/img001.jpg,,,,,,,,,,,,,,,,,,,,,,,0,1,en_wh_060,,1,,15700,15700,,5,,,,,,,,,,,,,,,,,"21,36,39","NEW rental,WiMAX HOME 5G L13,バッテリーなし"
3161,23561,3666,1523,None (+ 0 JPY),47-48Days (Value Rental Pack: 2Months Pack),1,カート用通常フラグ,new WiMAX HOME 5G L13 Unlimited Data,1,,,,,,,,*,wh/img001.jpg,*,wh/img001.jpg,,,,,,,,,,,,,,,,,,,,,,,0,1,en_wh_060,,1,,15700,15700,,5,,,,,,,,,,,,,,,,,"21,36,39","NEW rental,WiMAX HOME 5G L13,バッテリーなし"
3161,23562,3666,1524,None (+ 0 JPY),48-49Days (Value Rental Pack: 2Months Pack),1,カート用通常フラグ,new WiMAX HOME 5G L13 Unlimited Data,1,,,,,,,,*,wh/img001.jpg,*,wh/img001.jpg,,,,,,,,,,,,,,,,,,,,,,,0,1,en_wh_060,,1,,15700,15700,,5,,,,,,,,,,,,,,,,,"21,36,39","NEW rental,WiMAX HOME 5G L13,バッテリーなし"
3161,23563,3666,1525,None (+ 0 JPY),49-50Days (Value Rental Pack: 2Months Pack),1,カート用通常フラグ,new WiMAX HOME 5G L13 Unlimited Data,1,,,,,,,,*,wh/img001.jpg,*,wh/img001.jpg,,,,,,,,,,,,,,,,,,,,,,,0,1,en_wh_060,,1,,15700,15700,,5,,,,,,,,,,,,,,,,,"21,36,39","NEW rental,WiMAX HOME 5G L13,バッテリーなし"
3161,23564,3666,1526,None (+ 0 JPY),50-51Days (Value Rental Pack: 2Months Pack),1,カート用通常フラグ,new WiMAX HOME 5G L13 Unlimited Data,1,,,,,,,,*,wh/img001.jpg,*,wh/img001.jpg,,,,,,,,,,,,,,,,,,,,,,,0,1,en_wh_060,,1,,15700,15700,,5,,,,,,,,,,,,,,,,,"21,36,39","NEW rental,WiMAX HOME 5G L13,バッテリーなし"
3161,23565,3666,1527,None (+ 0 JPY),51-52Days (Value Rental Pack: 2Months Pack),1,カート用通常フラグ,new WiMAX HOME 5G L13 Unlimited Data,1,,,,,,,,*,wh/img001.jpg,*,wh/img001.jpg,,,,,,,,,,,,,,,,,,,,,,,0,1,en_wh_060,,1,,15700,15700,,5,,,,,,,,,,,,,,,,,"21,36,39","NEW rental,WiMAX HOME 5G L13,バッテリーなし"
3161,23566,3666,1528,None (+ 0 JPY),52-53Days (Value Rental Pack: 2Months Pack),1,カート用通常フラグ,new WiMAX HOME 5G L13 Unlimited Data,1,,,,,,,,*,wh/img001.jpg,*,wh/img001.jpg,,,,,,,,,,,,,,,,,,,,,,,0,1,en_wh_060,,1,,15700,15700,,5,,,,,,,,,,,,,,,,,"21,36,39","NEW rental,WiMAX HOME 5G L13,バッテリーなし"
3161,23567,3666,1529,None (+ 0 JPY),53-54Days (Value Rental Pack: 2Months Pack),1,カート用通常フラグ,new WiMAX HOME 5G L13 Unlimited Data,1,,,,,,,,*,wh/img001.jpg,*,wh/img001.jpg,,,,,,,,,,,,,,,,,,,,,,,0,1,en_wh_060,,1,,15700,15700,,5,,,,,,,,,,,,,,,,,"21,36,39","NEW rental,WiMAX HOME 5G L13,バッテリーなし"
3161,23568,3666,1530,None (+ 0 JPY),54-55Days (Value Rental Pack: 2Months Pack),1,カート用通常フラグ,new WiMAX HOME 5G L13 Unlimited Data,1,,,,,,,,*,wh/img001.jpg,*,wh/img001.jpg,,,,,,,,,,,,,,,,,,,,,,,0,1,en_wh_060,,1,,15700,15700,,5,,,,,,,,,,,,,,,,,"21,36,39","NEW rental,WiMAX HOME 5G L13,バッテリーなし"
3161,23569,3666,1531,None (+ 0 JPY),55-56Days (Value Rental Pack: 2Months Pack),1,カート用通常フラグ,new WiMAX HOME 5G L13 Unlimited Data,1,,,,,,,,*,wh/img001.jpg,*,wh/img001.jpg,,,,,,,,,,,,,,,,,,,,,,,0,1,en_wh_060,,1,,15700,15700,,5,,,,,,,,,,,,,,,,,"21,36,39","NEW rental,WiMAX HOME 5G L13,バッテリーなし"
3161,23570,3666,1532,None (+ 0 JPY),56-57Days (Value Rental Pack: 2Months Pack),1,カート用通常フラグ,new WiMAX HOME 5G L13 Unlimited Data,1,,,,,,,,*,wh/img001.jpg,*,wh/img001.jpg,,,,,,,,,,,,,,,,,,,,,,,0,1,en_wh_060,,1,,15700,15700,,5,,,,,,,,,,,,,,,,,"21,36,39","NEW rental,WiMAX HOME 5G L13,バッテリーなし"
3161,23571,3666,1533,None (+ 0 JPY),57-58Days (Value Rental Pack: 2Months Pack),1,カート用通常フラグ,new WiMAX HOME 5G L13 Unlimited Data,1,,,,,,,,*,wh/img001.jpg,*,wh/img001.jpg,,,,,,,,,,,,,,,,,,,,,,,0,1,en_wh_060,,1,,15700,15700,,5,,,,,,,,,,,,,,,,,"21,36,39","NEW rental,WiMAX HOME 5G L13,バッテリーなし"
3161,23572,3666,1534,None (+ 0 JPY),58-59Days (Value Rental Pack: 2Months Pack),1,カート用通常フラグ,new WiMAX HOME 5G L13 Unlimited Data,1,,,,,,,,*,wh/img001.jpg,*,wh/img001.jpg,,,,,,,,,,,,,,,,,,,,,,,0,1,en_wh_060,,1,,15700,15700,,5,,,,,,,,,,,,,,,,,"21,36,39","NEW rental,WiMAX HOME 5G L13,バッテリーなし"
3161,23573,3666,1535,None (+ 0 JPY),59-60Days (Value Rental Pack: 2Months Pack),1,カート用通常フラグ,new WiMAX HOME 5G L13 Unlimited Data,1,,,,,,,,*,wh/img001.jpg,*,wh/img001.jpg,,,,,,,,,,,,,,,,,,,,,,,0,1,en_wh_060,,1,,15700,15700,,5,,,,,,,,,,,,,,,,,"21,36,39","NEW rental,WiMAX HOME 5G L13,バッテリーなし"
3161,23574,3666,1536,None (+ 0 JPY),60-61Days (Value Rental Pack: 2Months Pack),1,カート用通常フラグ,new WiMAX HOME 5G L13 Unlimited Data,1,,,,,,,,*,wh/img001.jpg,*,wh/img001.jpg,,,,,,,,,,,,,,,,,,,,,,,0,1,en_wh_060,,1,,15700,15700,,5,,,,,,,,,,,,,,,,,"21,36,39","NEW rental,WiMAX HOME 5G L13,バッテリーなし"
3161,23575,3666,1537,None (+ 0 JPY),61-62Days (Value Rental Pack: 2Months Pack + 1Day),1,カート用通常フラグ,new WiMAX HOME 5G L13 Unlimited Data,1,,,,,,,,*,wh/img001.jpg,*,wh/img001.jpg,,,,,,,,,,,,,,,,,,,,,,,0,1,en_wh_061,,1,,16290,16290,,5,,,,,,,,,,,,,,,,,"21,36,39","NEW rental,WiMAX HOME 5G L13,バッテリーなし"
3161,23576,3666,1538,None (+ 0 JPY),62-63Days (Value Rental Pack: 2Months Pack + 2Days),1,カート用通常フラグ,new WiMAX HOME 5G L13 Unlimited Data,1,,,,,,,,*,wh/img001.jpg,*,wh/img001.jpg,,,,,,,,,,,,,,,,,,,,,,,0,1,en_wh_062,,1,,16880,16880,,5,,,,,,,,,,,,,,,,,"21,36,39","NEW rental,WiMAX HOME 5G L13,バッテリーなし"
3161,23577,3666,1539,None (+ 0 JPY),63-64Days (Value Rental Pack: 2Months Pack + 3Days),1,カート用通常フラグ,new WiMAX HOME 5G L13 Unlimited Data,1,,,,,,,,*,wh/img001.jpg,*,wh/img001.jpg,,,,,,,,,,,,,,,,,,,,,,,0,1,en_wh_063,,1,,17470,17470,,5,,,,,,,,,,,,,,,,,"21,36,39","NEW rental,WiMAX HOME 5G L13,バッテリーなし"
3161,23578,3666,1540,None (+ 0 JPY),64-65Days (Value Rental Pack: 2Months Pack + 4Days),1,カート用通常フラグ,new WiMAX HOME 5G L13 Unlimited Data,1,,,,,,,,*,wh/img001.jpg,*,wh/img001.jpg,,,,,,,,,,,,,,,,,,,,,,,0,1,en_wh_064,,1,,18060,18060,,5,,,,,,,,,,,,,,,,,"21,36,39","NEW rental,WiMAX HOME 5G L13,バッテリーなし"
3161,23579,3666,1541,None (+ 0 JPY),65-66Days (Value Rental Pack: 2Months Pack + 5Days),1,カート用通常フラグ,new WiMAX HOME 5G L13 Unlimited Data,1,,,,,,,,*,wh/img001.jpg,*,wh/img001.jpg,,,,,,,,,,,,,,,,,,,,,,,0,1,en_wh_065,,1,,18650,18650,,5,,,,,,,,,,,,,,,,,"21,36,39","NEW rental,WiMAX HOME 5G L13,バッテリーなし"
3161,23580,3666,1542,None (+ 0 JPY),66-67Days (Value Rental Pack: 2Months Pack + 6Days),1,カート用通常フラグ,new WiMAX HOME 5G L13 Unlimited Data,1,,,,,,,,*,wh/img001.jpg,*,wh/img001.jpg,,,,,,,,,,,,,,,,,,,,,,,0,1,en_wh_066,,1,,19240,19240,,5,,,,,,,,,,,,,,,,,"21,36,39","NEW rental,WiMAX HOME 5G L13,バッテリーなし"
3161,23581,3666,1543,None (+ 0 JPY),67-68Days (Value Rental Pack: 2Months Pack + 7Days),1,カート用通常フラグ,new WiMAX HOME 5G L13 Unlimited Data,1,,,,,,,,*,wh/img001.jpg,*,wh/img001.jpg,,,,,,,,,,,,,,,,,,,,,,,0,1,en_wh_067,,1,,19830,19830,,5,,,,,,,,,,,,,,,,,"21,36,39","NEW rental,WiMAX HOME 5G L13,バッテリーなし"
3161,23582,3666,1544,None (+ 0 JPY),68-69Days (Value Rental Pack: 2Months Pack + 8Days),1,カート用通常フラグ,new WiMAX HOME 5G L13 Unlimited Data,1,,,,,,,,*,wh/img001.jpg,*,wh/img001.jpg,,,,,,,,,,,,,,,,,,,,,,,0,1,en_wh_068,,1,,20420,20420,,5,,,,,,,,,,,,,,,,,"21,36,39","NEW rental,WiMAX HOME 5G L13,バッテリーなし"
3161,23583,3666,1545,None (+ 0 JPY),69-70Days (Value Rental Pack: 2Months Pack + 9Days),1,カート用通常フラグ,new WiMAX HOME 5G L13 Unlimited Data,1,,,,,,,,*,wh/img001.jpg,*,wh/img001.jpg,,,,,,,,,,,,,,,,,,,,,,,0,1,en_wh_069,,1,,21010,21010,,5,,,,,,,,,,,,,,,,,"21,36,39","NEW rental,WiMAX HOME 5G L13,バッテリーなし"
3161,23584,3666,1546,None (+ 0 JPY),70-71Days (Value Rental Pack: 2Months Pack + 10Days),1,カート用通常フラグ,new WiMAX HOME 5G L13 Unlimited Data,1,,,,,,,,*,wh/img001.jpg,*,wh/img001.jpg,,,,,,,,,,,,,,,,,,,,,,,0,1,en_wh_070,,1,,21600,21600,,5,,,,,,,,,,,,,,,,,"21,36,39","NEW rental,WiMAX HOME 5G L13,バッテリーなし"
3161,23585,3666,1547,None (+ 0 JPY),71-72Days (Value Rental Pack: 3Months Pack),1,カート用通常フラグ,new WiMAX HOME 5G L13 Unlimited Data,1,,,,,,,,*,wh/img001.jpg,*,wh/img001.jpg,,,,,,,,,,,,,,,,,,,,,,,0,1,en_wh_090,,1,,22000,22000,,5,,,,,,,,,,,,,,,,,"21,36,39","NEW rental,WiMAX HOME 5G L13,バッテリーなし"
3161,23586,3666,1548,None (+ 0 JPY),72-73Days (Value Rental Pack: 3Months Pack),1,カート用通常フラグ,new WiMAX HOME 5G L13 Unlimited Data,1,,,,,,,,*,wh/img001.jpg,*,wh/img001.jpg,,,,,,,,,,,,,,,,,,,,,,,0,1,en_wh_090,,1,,22000,22000,,5,,,,,,,,,,,,,,,,,"21,36,39","NEW rental,WiMAX HOME 5G L13,バッテリーなし"
3161,23587,3666,1549,None (+ 0 JPY),73-74Days (Value Rental Pack: 3Months Pack),1,カート用通常フラグ,new WiMAX HOME 5G L13 Unlimited Data,1,,,,,,,,*,wh/img001.jpg,*,wh/img001.jpg,,,,,,,,,,,,,,,,,,,,,,,0,1,en_wh_090,,1,,22000,22000,,5,,,,,,,,,,,,,,,,,"21,36,39","NEW rental,WiMAX HOME 5G L13,バッテリーなし"
3161,23588,3666,1550,None (+ 0 JPY),74-75Days (Value Rental Pack: 3Months Pack),1,カート用通常フラグ,new WiMAX HOME 5G L13 Unlimited Data,1,,,,,,,,*,wh/img001.jpg,*,wh/img001.jpg,,,,,,,,,,,,,,,,,,,,,,,0,1,en_wh_090,,1,,22000,22000,,5,,,,,,,,,,,,,,,,,"21,36,39","NEW rental,WiMAX HOME 5G L13,バッテリーなし"
3161,23589,3666,1551,None (+ 0 JPY),75-76Days (Value Rental Pack: 3Months Pack),1,カート用通常フラグ,new WiMAX HOME 5G L13 Unlimited Data,1,,,,,,,,*,wh/img001.jpg,*,wh/img001.jpg,,,,,,,,,,,,,,,,,,,,,,,0,1,en_wh_090,,1,,22000,22000,,5,,,,,,,,,,,,,,,,,"21,36,39","NEW rental,WiMAX HOME 5G L13,バッテリーなし"
3161,23590,3666,1552,None (+ 0 JPY),76-77Days (Value Rental Pack: 3Months Pack),1,カート用通常フラグ,new WiMAX HOME 5G L13 Unlimited Data,1,,,,,,,,*,wh/img001.jpg,*,wh/img001.jpg,,,,,,,,,,,,,,,,,,,,,,,0,1,en_wh_090,,1,,22000,22000,,5,,,,,,,,,,,,,,,,,"21,36,39","NEW rental,WiMAX HOME 5G L13,バッテリーなし"
3161,23591,3666,1553,None (+ 0 JPY),77-78Days (Value Rental Pack: 3Months Pack),1,カート用通常フラグ,new WiMAX HOME 5G L13 Unlimited Data,1,,,,,,,,*,wh/img001.jpg,*,wh/img001.jpg,,,,,,,,,,,,,,,,,,,,,,,0,1,en_wh_090,,1,,22000,22000,,5,,,,,,,,,,,,,,,,,"21,36,39","NEW rental,WiMAX HOME 5G L13,バッテリーなし"
3161,23592,3666,1554,None (+ 0 JPY),78-79Days (Value Rental Pack: 3Months Pack),1,カート用通常フラグ,new WiMAX HOME 5G L13 Unlimited Data,1,,,,,,,,*,wh/img001.jpg,*,wh/img001.jpg,,,,,,,,,,,,,,,,,,,,,,,0,1,en_wh_090,,1,,22000,22000,,5,,,,,,,,,,,,,,,,,"21,36,39","NEW rental,WiMAX HOME 5G L13,バッテリーなし"
3161,23593,3666,1555,None (+ 0 JPY),79-80Days (Value Rental Pack: 3Months Pack),1,カート用通常フラグ,new WiMAX HOME 5G L13 Unlimited Data,1,,,,,,,,*,wh/img001.jpg,*,wh/img001.jpg,,,,,,,,,,,,,,,,,,,,,,,0,1,en_wh_090,,1,,22000,22000,,5,,,,,,,,,,,,,,,,,"21,36,39","NEW rental,WiMAX HOME 5G L13,バッテリーなし"
3161,23594,3666,1556,None (+ 0 JPY),80-81Days (Value Rental Pack: 3Months Pack),1,カート用通常フラグ,new WiMAX HOME 5G L13 Unlimited Data,1,,,,,,,,*,wh/img001.jpg,*,wh/img001.jpg,,,,,,,,,,,,,,,,,,,,,,,0,1,en_wh_090,,1,,22000,22000,,5,,,,,,,,,,,,,,,,,"21,36,39","NEW rental,WiMAX HOME 5G L13,バッテリーなし"
3161,23595,3666,1557,None (+ 0 JPY),81-82Days (Value Rental Pack: 3Months Pack),1,カート用通常フラグ,new WiMAX HOME 5G L13 Unlimited Data,1,,,,,,,,*,wh/img001.jpg,*,wh/img001.jpg,,,,,,,,,,,,,,,,,,,,,,,0,1,en_wh_090,,1,,22000,22000,,5,,,,,,,,,,,,,,,,,"21,36,39","NEW rental,WiMAX HOME 5G L13,バッテリーなし"
3161,23596,3666,1558,None (+ 0 JPY),82-83Days (Value Rental Pack: 3Months Pack),1,カート用通常フラグ,new WiMAX HOME 5G L13 Unlimited Data,1,,,,,,,,*,wh/img001.jpg,*,wh/img001.jpg,,,,,,,,,,,,,,,,,,,,,,,0,1,en_wh_090,,1,,22000,22000,,5,,,,,,,,,,,,,,,,,"21,36,39","NEW rental,WiMAX HOME 5G L13,バッテリーなし"
3161,23597,3666,1559,None (+ 0 JPY),83-84Days (Value Rental Pack: 3Months Pack),1,カート用通常フラグ,new WiMAX HOME 5G L13 Unlimited Data,1,,,,,,,,*,wh/img001.jpg,*,wh/img001.jpg,,,,,,,,,,,,,,,,,,,,,,,0,1,en_wh_090,,1,,22000,22000,,5,,,,,,,,,,,,,,,,,"21,36,39","NEW rental,WiMAX HOME 5G L13,バッテリーなし"
3161,23598,3666,1560,None (+ 0 JPY),84-85Days (Value Rental Pack: 3Months Pack),1,カート用通常フラグ,new WiMAX HOME 5G L13 Unlimited Data,1,,,,,,,,*,wh/img001.jpg,*,wh/img001.jpg,,,,,,,,,,,,,,,,,,,,,,,0,1,en_wh_090,,1,,22000,22000,,5,,,,,,,,,,,,,,,,,"21,36,39","NEW rental,WiMAX HOME 5G L13,バッテリーなし"
3161,23599,3666,1561,None (+ 0 JPY),85-86Days (Value Rental Pack: 3Months Pack),1,カート用通常フラグ,new WiMAX HOME 5G L13 Unlimited Data,1,,,,,,,,*,wh/img001.jpg,*,wh/img001.jpg,,,,,,,,,,,,,,,,,,,,,,,0,1,en_wh_090,,1,,22000,22000,,5,,,,,,,,,,,,,,,,,"21,36,39","NEW rental,WiMAX HOME 5G L13,バッテリーなし"
3161,23600,3666,1562,None (+ 0 JPY),86-87Days (Value Rental Pack: 3Months Pack),1,カート用通常フラグ,new WiMAX HOME 5G L13 Unlimited Data,1,,,,,,,,*,wh/img001.jpg,*,wh/img001.jpg,,,,,,,,,,,,,,,,,,,,,,,0,1,en_wh_090,,1,,22000,22000,,5,,,,,,,,,,,,,,,,,"21,36,39","NEW rental,WiMAX HOME 5G L13,バッテリーなし"
3161,23601,3666,1563,None (+ 0 JPY),87-88Days (Value Rental Pack: 3Months Pack),1,カート用通常フラグ,new WiMAX HOME 5G L13 Unlimited Data,1,,,,,,,,*,wh/img001.jpg,*,wh/img001.jpg,,,,,,,,,,,,,,,,,,,,,,,0,1,en_wh_090,,1,,22000,22000,,5,,,,,,,,,,,,,,,,,"21,36,39","NEW rental,WiMAX HOME 5G L13,バッテリーなし"
3161,23602,3666,1564,None (+ 0 JPY),88-89Days (Value Rental Pack: 3Months Pack),1,カート用通常フラグ,new WiMAX HOME 5G L13 Unlimited Data,1,,,,,,,,*,wh/img001.jpg,*,wh/img001.jpg,,,,,,,,,,,,,,,,,,,,,,,0,1,en_wh_090,,1,,22000,22000,,5,,,,,,,,,,,,,,,,,"21,36,39","NEW rental,WiMAX HOME 5G L13,バッテリーなし"
3161,23603,3666,1565,None (+ 0 JPY),89-90Days (Value Rental Pack: 3Months Pack),1,カート用通常フラグ,new WiMAX HOME 5G L13 Unlimited Data,1,,,,,,,,*,wh/img001.jpg,*,wh/img001.jpg,,,,,,,,,,,,,,,,,,,,,,,0,1,en_wh_090,,1,,22000,22000,,5,,,,,,,,,,,,,,,,,"21,36,39","NEW rental,WiMAX HOME 5G L13,バッテリーなし"
3161,23604,3666,1566,None (+ 0 JPY),90-91Days (Value Rental Pack: 3Months Pack),1,カート用通常フラグ,new WiMAX HOME 5G L13 Unlimited Data,1,,,,,,,,*,wh/img001.jpg,*,wh/img001.jpg,,,,,,,,,,,,,,,,,,,,,,,0,1,en_wh_090,,1,,22000,22000,,5,,,,,,,,,,,,,,,,,"21,36,39","NEW rental,WiMAX HOME 5G L13,バッテリーなし"
3161,23605,3666,1567,None (+ 0 JPY),91-92Days (Value Rental Pack: 3Months Pack + 1Day),1,カート用通常フラグ,new WiMAX HOME 5G L13 Unlimited Data,1,,,,,,,,*,wh/img001.jpg,*,wh/img001.jpg,,,,,,,,,,,,,,,,,,,,,,,0,1,en_wh_091,,1,,22590,22590,,5,,,,,,,,,,,,,,,,,"21,36,39","NEW rental,WiMAX HOME 5G L13,バッテリーなし"
3161,23606,3666,1568,None (+ 0 JPY),92-93Days (Value Rental Pack: 3Months Pack + 2Days),1,カート用通常フラグ,new WiMAX HOME 5G L13 Unlimited Data,1,,,,,,,,*,wh/img001.jpg,*,wh/img001.jpg,,,,,,,,,,,,,,,,,,,,,,,0,1,en_wh_092,,1,,23180,23180,,5,,,,,,,,,,,,,,,,,"21,36,39","NEW rental,WiMAX HOME 5G L13,バッテリーなし"
3161,23607,3666,1569,None (+ 0 JPY),93-94Days (Value Rental Pack: 3Months Pack + 3Days),1,カート用通常フラグ,new WiMAX HOME 5G L13 Unlimited Data,1,,,,,,,,*,wh/img001.jpg,*,wh/img001.jpg,,,,,,,,,,,,,,,,,,,,,,,0,1,en_wh_093,,1,,23770,23770,,5,,,,,,,,,,,,,,,,,"21,36,39","NEW rental,WiMAX HOME 5G L13,バッテリーなし"
3161,23608,3666,1570,None (+ 0 JPY),94-95Days (Value Rental Pack: 3Months Pack + 4Days),1,カート用通常フラグ,new WiMAX HOME 5G L13 Unlimited Data,1,,,,,,,,*,wh/img001.jpg,*,wh/img001.jpg,,,,,,,,,,,,,,,,,,,,,,,0,1,en_wh_094,,1,,24360,24360,,5,,,,,,,,,,,,,,,,,"21,36,39","NEW rental,WiMAX HOME 5G L13,バッテリーなし"
3161,23609,3666,1571,None (+ 0 JPY),95-96Days (Value Rental Pack: 3Months Pack + 5Days),1,カート用通常フラグ,new WiMAX HOME 5G L13 Unlimited Data,1,,,,,,,,*,wh/img001.jpg,*,wh/img001.jpg,,,,,,,,,,,,,,,,,,,,,,,0,1,en_wh_095,,1,,24950,24950,,5,,,,,,,,,,,,,,,,,"21,36,39","NEW rental,WiMAX HOME 5G L13,バッテリーなし"
3161,23610,3666,1572,None (+ 0 JPY),96-97Days (Value Rental Pack: 3Months Pack + 6Days),1,カート用通常フラグ,new WiMAX HOME 5G L13 Unlimited Data,1,,,,,,,,*,wh/img001.jpg,*,wh/img001.jpg,,,,,,,,,,,,,,,,,,,,,,,0,1,en_wh_096,,1,,25540,25540,,5,,,,,,,,,,,,,,,,,"21,36,39","NEW rental,WiMAX HOME 5G L13,バッテリーなし"
3161,23611,3666,1573,None (+ 0 JPY),97-98Days (Value Rental Pack: 3Months Pack + 7Days),1,カート用通常フラグ,new WiMAX HOME 5G L13 Unlimited Data,1,,,,,,,,*,wh/img001.jpg,*,wh/img001.jpg,,,,,,,,,,,,,,,,,,,,,,,0,1,en_wh_097,,1,,26130,26130,,5,,,,,,,,,,,,,,,,,"21,36,39","NEW rental,WiMAX HOME 5G L13,バッテリーなし"
3161,23612,3666,1574,None (+ 0 JPY),98-99Days (Value Rental Pack: 3Months Pack + 8Days),1,カート用通常フラグ,new WiMAX HOME 5G L13 Unlimited Data,1,,,,,,,,*,wh/img001.jpg,*,wh/img001.jpg,,,,,,,,,,,,,,,,,,,,,,,0,1,en_wh_098,,1,,26720,26720,,5,,,,,,,,,,,,,,,,,"21,36,39","NEW rental,WiMAX HOME 5G L13,バッテリーなし"
3161,23613,3666,1575,None (+ 0 JPY),99-100Days (Value Rental Pack: 3Months Pack + 9Days),1,カート用通常フラグ,new WiMAX HOME 5G L13 Unlimited Data,1,,,,,,,,*,wh/img001.jpg,*,wh/img001.jpg,,,,,,,,,,,,,,,,,,,,,,,0,1,en_wh_099,,1,,27310,27310,,5,,,,,,,,,,,,,,,,,"21,36,39","NEW rental,WiMAX HOME 5G L13,バッテリーなし"
3161,23614,3666,1576,None (+ 0 JPY),100-101Days (Value Rental Pack: 4Months Pack),1,カート用通常フラグ,new WiMAX HOME 5G L13 Unlimited Data,1,,,,,,,,*,wh/img001.jpg,*,wh/img001.jpg,,,,,,,,,,,,,,,,,,,,,,,0,1,en_wh_120,,1,,27600,27600,,5,,,,,,,,,,,,,,,,,"21,36,39","NEW rental,WiMAX HOME 5G L13,バッテリーなし"
3161,23615,3666,1577,None (+ 0 JPY),101-102Days (Value Rental Pack: 4Months Pack),1,カート用通常フラグ,new WiMAX HOME 5G L13 Unlimited Data,1,,,,,,,,*,wh/img001.jpg,*,wh/img001.jpg,,,,,,,,,,,,,,,,,,,,,,,0,1,en_wh_120,,1,,27600,27600,,5,,,,,,,,,,,,,,,,,"21,36,39","NEW rental,WiMAX HOME 5G L13,バッテリーなし"
3161,23616,3666,1578,None (+ 0 JPY),102-103Days (Value Rental Pack: 4Months Pack),1,カート用通常フラグ,new WiMAX HOME 5G L13 Unlimited Data,1,,,,,,,,*,wh/img001.jpg,*,wh/img001.jpg,,,,,,,,,,,,,,,,,,,,,,,0,1,en_wh_120,,1,,27600,27600,,5,,,,,,,,,,,,,,,,,"21,36,39","NEW rental,WiMAX HOME 5G L13,バッテリーなし"
3161,23617,3666,1579,None (+ 0 JPY),103-104Days (Value Rental Pack: 4Months Pack),1,カート用通常フラグ,new WiMAX HOME 5G L13 Unlimited Data,1,,,,,,,,*,wh/img001.jpg,*,wh/img001.jpg,,,,,,,,,,,,,,,,,,,,,,,0,1,en_wh_120,,1,,27600,27600,,5,,,,,,,,,,,,,,,,,"21,36,39","NEW rental,WiMAX HOME 5G L13,バッテリーなし"
3161,23618,3666,1580,None (+ 0 JPY),104-105Days (Value Rental Pack: 4Months Pack),1,カート用通常フラグ,new WiMAX HOME 5G L13 Unlimited Data,1,,,,,,,,*,wh/img001.jpg,*,wh/img001.jpg,,,,,,,,,,,,,,,,,,,,,,,0,1,en_wh_120,,1,,27600,27600,,5,,,,,,,,,,,,,,,,,"21,36,39","NEW rental,WiMAX HOME 5G L13,バッテリーなし"
3161,23619,3666,1581,None (+ 0 JPY),105-106Days (Value Rental Pack: 4Months Pack),1,カート用通常フラグ,new WiMAX HOME 5G L13 Unlimited Data,1,,,,,,,,*,wh/img001.jpg,*,wh/img001.jpg,,,,,,,,,,,,,,,,,,,,,,,0,1,en_wh_120,,1,,27600,27600,,5,,,,,,,,,,,,,,,,,"21,36,39","NEW rental,WiMAX HOME 5G L13,バッテリーなし"
3161,23620,3666,1582,None (+ 0 JPY),106-107Days (Value Rental Pack: 4Months Pack),1,カート用通常フラグ,new WiMAX HOME 5G L13 Unlimited Data,1,,,,,,,,*,wh/img001.jpg,*,wh/img001.jpg,,,,,,,,,,,,,,,,,,,,,,,0,1,en_wh_120,,1,,27600,27600,,5,,,,,,,,,,,,,,,,,"21,36,39","NEW rental,WiMAX HOME 5G L13,バッテリーなし"
3161,23621,3666,1583,None (+ 0 JPY),107-108Days (Value Rental Pack: 4Months Pack),1,カート用通常フラグ,new WiMAX HOME 5G L13 Unlimited Data,1,,,,,,,,*,wh/img001.jpg,*,wh/img001.jpg,,,,,,,,,,,,,,,,,,,,,,,0,1,en_wh_120,,1,,27600,27600,,5,,,,,,,,,,,,,,,,,"21,36,39","NEW rental,WiMAX HOME 5G L13,バッテリーなし"
3161,23622,3666,1584,None (+ 0 JPY),108-109Days (Value Rental Pack: 4Months Pack),1,カート用通常フラグ,new WiMAX HOME 5G L13 Unlimited Data,1,,,,,,,,*,wh/img001.jpg,*,wh/img001.jpg,,,,,,,,,,,,,,,,,,,,,,,0,1,en_wh_120,,1,,27600,27600,,5,,,,,,,,,,,,,,,,,"21,36,39","NEW rental,WiMAX HOME 5G L13,バッテリーなし"
3161,23623,3666,1585,None (+ 0 JPY),109-110Days (Value Rental Pack: 4Months Pack),1,カート用通常フラグ,new WiMAX HOME 5G L13 Unlimited Data,1,,,,,,,,*,wh/img001.jpg,*,wh/img001.jpg,,,,,,,,,,,,,,,,,,,,,,,0,1,en_wh_120,,1,,27600,27600,,5,,,,,,,,,,,,,,,,,"21,36,39","NEW rental,WiMAX HOME 5G L13,バッテリーなし"
3161,23624,3666,1586,None (+ 0 JPY),110-111Days (Value Rental Pack: 4Months Pack),1,カート用通常フラグ,new WiMAX HOME 5G L13 Unlimited Data,1,,,,,,,,*,wh/img001.jpg,*,wh/img001.jpg,,,,,,,,,,,,,,,,,,,,,,,0,1,en_wh_120,,1,,27600,27600,,5,,,,,,,,,,,,,,,,,"21,36,39","NEW rental,WiMAX HOME 5G L13,バッテリーなし"
3161,23625,3666,1587,None (+ 0 JPY),111-112Days (Value Rental Pack: 4Months Pack),1,カート用通常フラグ,new WiMAX HOME 5G L13 Unlimited Data,1,,,,,,,,*,wh/img001.jpg,*,wh/img001.jpg,,,,,,,,,,,,,,,,,,,,,,,0,1,en_wh_120,,1,,27600,27600,,5,,,,,,,,,,,,,,,,,"21,36,39","NEW rental,WiMAX HOME 5G L13,バッテリーなし"
3161,23626,3666,1588,None (+ 0 JPY),112-113Days (Value Rental Pack: 4Months Pack),1,カート用通常フラグ,new WiMAX HOME 5G L13 Unlimited Data,1,,,,,,,,*,wh/img001.jpg,*,wh/img001.jpg,,,,,,,,,,,,,,,,,,,,,,,0,1,en_wh_120,,1,,27600,27600,,5,,,,,,,,,,,,,,,,,"21,36,39","NEW rental,WiMAX HOME 5G L13,バッテリーなし"
3161,23627,3666,1589,None (+ 0 JPY),113-114Days (Value Rental Pack: 4Months Pack),1,カート用通常フラグ,new WiMAX HOME 5G L13 Unlimited Data,1,,,,,,,,*,wh/img001.jpg,*,wh/img001.jpg,,,,,,,,,,,,,,,,,,,,,,,0,1,en_wh_120,,1,,27600,27600,,5,,,,,,,,,,,,,,,,,"21,36,39","NEW rental,WiMAX HOME 5G L13,バッテリーなし"
3161,23628,3666,1590,None (+ 0 JPY),114-115Days (Value Rental Pack: 4Months Pack),1,カート用通常フラグ,new WiMAX HOME 5G L13 Unlimited Data,1,,,,,,,,*,wh/img001.jpg,*,wh/img001.jpg,,,,,,,,,,,,,,,,,,,,,,,0,1,en_wh_120,,1,,27600,27600,,5,,,,,,,,,,,,,,,,,"21,36,39","NEW rental,WiMAX HOME 5G L13,バッテリーなし"
3161,23629,3666,1591,None (+ 0 JPY),115-116Days (Value Rental Pack: 4Months Pack),1,カート用通常フラグ,new WiMAX HOME 5G L13 Unlimited Data,1,,,,,,,,*,wh/img001.jpg,*,wh/img001.jpg,,,,,,,,,,,,,,,,,,,,,,,0,1,en_wh_120,,1,,27600,27600,,5,,,,,,,,,,,,,,,,,"21,36,39","NEW rental,WiMAX HOME 5G L13,バッテリーなし"
3161,23630,3666,1592,None (+ 0 JPY),116-117Days (Value Rental Pack: 4Months Pack),1,カート用通常フラグ,new WiMAX HOME 5G L13 Unlimited Data,1,,,,,,,,*,wh/img001.jpg,*,wh/img001.jpg,,,,,,,,,,,,,,,,,,,,,,,0,1,en_wh_120,,1,,27600,27600,,5,,,,,,,,,,,,,,,,,"21,36,39","NEW rental,WiMAX HOME 5G L13,バッテリーなし"
3161,23631,3666,1593,None (+ 0 JPY),117-118Days (Value Rental Pack: 4Months Pack),1,カート用通常フラグ,new WiMAX HOME 5G L13 Unlimited Data,1,,,,,,,,*,wh/img001.jpg,*,wh/img001.jpg,,,,,,,,,,,,,,,,,,,,,,,0,1,en_wh_120,,1,,27600,27600,,5,,,,,,,,,,,,,,,,,"21,36,39","NEW rental,WiMAX HOME 5G L13,バッテリーなし"
3161,23632,3666,1594,None (+ 0 JPY),118-119Days (Value Rental Pack: 4Months Pack),1,カート用通常フラグ,new WiMAX HOME 5G L13 Unlimited Data,1,,,,,,,,*,wh/img001.jpg,*,wh/img001.jpg,,,,,,,,,,,,,,,,,,,,,,,0,1,en_wh_120,,1,,27600,27600,,5,,,,,,,,,,,,,,,,,"21,36,39","NEW rental,WiMAX HOME 5G L13,バッテリーなし"
3161,23633,3666,1595,None (+ 0 JPY),119-120Days (Value Rental Pack: 4Months Pack),1,カート用通常フラグ,new WiMAX HOME 5G L13 Unlimited Data,1,,,,,,,,*,wh/img001.jpg,*,wh/img001.jpg,,,,,,,,,,,,,,,,,,,,,,,0,1,en_wh_120,,1,,27600,27600,,5,,,,,,,,,,,,,,,,,"21,36,39","NEW rental,WiMAX HOME 5G L13,バッテリーなし"
3161,23634,3666,1596,None (+ 0 JPY),120-121Days (Value Rental Pack: 4Months Pack),1,カート用通常フラグ,new WiMAX HOME 5G L13 Unlimited Data,1,,,,,,,,*,wh/img001.jpg,*,wh/img001.jpg,,,,,,,,,,,,,,,,,,,,,,,0,1,en_wh_120,,1,,27600,27600,,5,,,,,,,,,,,,,,,,,"21,36,39","NEW rental,WiMAX HOME 5G L13,バッテリーなし"
3161,23635,3666,1597,None (+ 0 JPY),121-122Days (Value Rental Pack: 4Months Pack + 1Day),1,カート用通常フラグ,new WiMAX HOME 5G L13 Unlimited Data,1,,,,,,,,*,wh/img001.jpg,*,wh/img001.jpg,,,,,,,,,,,,,,,,,,,,,,,0,1,en_wh_121,,1,,28190,28190,,5,,,,,,,,,,,,,,,,,"21,36,39","NEW rental,WiMAX HOME 5G L13,バッテリーなし"
3161,23636,3666,1598,None (+ 0 JPY),122-123Days (Value Rental Pack: 4Months Pack + 2Days),1,カート用通常フラグ,new WiMAX HOME 5G L13 Unlimited Data,1,,,,,,,,*,wh/img001.jpg,*,wh/img001.jpg,,,,,,,,,,,,,,,,,,,,,,,0,1,en_wh_122,,1,,28780,28780,,5,,,,,,,,,,,,,,,,,"21,36,39","NEW rental,WiMAX HOME 5G L13,バッテリーなし"
3161,23637,3666,1599,None (+ 0 JPY),123-124Days (Value Rental Pack: 4Months Pack + 3Days),1,カート用通常フラグ,new WiMAX HOME 5G L13 Unlimited Data,1,,,,,,,,*,wh/img001.jpg,*,wh/img001.jpg,,,,,,,,,,,,,,,,,,,,,,,0,1,en_wh_123,,1,,29370,29370,,5,,,,,,,,,,,,,,,,,"21,36,39","NEW rental,WiMAX HOME 5G L13,バッテリーなし"
3161,23638,3666,1600,None (+ 0 JPY),124-125Days (Value Rental Pack: 4Months Pack + 4Days),1,カート用通常フラグ,new WiMAX HOME 5G L13 Unlimited Data,1,,,,,,,,*,wh/img001.jpg,*,wh/img001.jpg,,,,,,,,,,,,,,,,,,,,,,,0,1,en_wh_124,,1,,29960,29960,,5,,,,,,,,,,,,,,,,,"21,36,39","NEW rental,WiMAX HOME 5G L13,バッテリーなし"
3161,23639,3666,1601,None (+ 0 JPY),125-126Days (Value Rental Pack: 4Months Pack + 5Days),1,カート用通常フラグ,new WiMAX HOME 5G L13 Unlimited Data,1,,,,,,,,*,wh/img001.jpg,*,wh/img001.jpg,,,,,,,,,,,,,,,,,,,,,,,0,1,en_wh_125,,1,,30550,30550,,5,,,,,,,,,,,,,,,,,"21,36,39","NEW rental,WiMAX HOME 5G L13,バッテリーなし"
3161,23640,3666,1602,None (+ 0 JPY),126-127Days (Value Rental Pack: 5Months Pack),1,カート用通常フラグ,new WiMAX HOME 5G L13 Unlimited Data,1,,,,,,,,*,wh/img001.jpg,*,wh/img001.jpg,,,,,,,,,,,,,,,,,,,,,,,0,1,en_wh_150,,1,,30600,30600,,5,,,,,,,,,,,,,,,,,"21,36,39","NEW rental,WiMAX HOME 5G L13,バッテリーなし"
3161,23641,3666,1603,None (+ 0 JPY),127-128Days (Value Rental Pack: 5Months Pack),1,カート用通常フラグ,new WiMAX HOME 5G L13 Unlimited Data,1,,,,,,,,*,wh/img001.jpg,*,wh/img001.jpg,,,,,,,,,,,,,,,,,,,,,,,0,1,en_wh_150,,1,,30600,30600,,5,,,,,,,,,,,,,,,,,"21,36,39","NEW rental,WiMAX HOME 5G L13,バッテリーなし"
3161,23642,3666,1604,None (+ 0 JPY),128-129Days (Value Rental Pack: 5Months Pack),1,カート用通常フラグ,new WiMAX HOME 5G L13 Unlimited Data,1,,,,,,,,*,wh/img001.jpg,*,wh/img001.jpg,,,,,,,,,,,,,,,,,,,,,,,0,1,en_wh_150,,1,,30600,30600,,5,,,,,,,,,,,,,,,,,"21,36,39","NEW rental,WiMAX HOME 5G L13,バッテリーなし"
3161,23643,3666,1605,None (+ 0 JPY),129-130Days (Value Rental Pack: 5Months Pack),1,カート用通常フラグ,new WiMAX HOME 5G L13 Unlimited Data,1,,,,,,,,*,wh/img001.jpg,*,wh/img001.jpg,,,,,,,,,,,,,,,,,,,,,,,0,1,en_wh_150,,1,,30600,30600,,5,,,,,,,,,,,,,,,,,"21,36,39","NEW rental,WiMAX HOME 5G L13,バッテリーなし"
3161,23644,3666,1606,None (+ 0 JPY),130-131Days (Value Rental Pack: 5Months Pack),1,カート用通常フラグ,new WiMAX HOME 5G L13 Unlimited Data,1,,,,,,,,*,wh/img001.jpg,*,wh/img001.jpg,,,,,,,,,,,,,,,,,,,,,,,0,1,en_wh_150,,1,,30600,30600,,5,,,,,,,,,,,,,,,,,"21,36,39","NEW rental,WiMAX HOME 5G L13,バッテリーなし"
3161,23645,3666,1607,None (+ 0 JPY),131-132Days (Value Rental Pack: 5Months Pack),1,カート用通常フラグ,new WiMAX HOME 5G L13 Unlimited Data,1,,,,,,,,*,wh/img001.jpg,*,wh/img001.jpg,,,,,,,,,,,,,,,,,,,,,,,0,1,en_wh_150,,1,,30600,30600,,5,,,,,,,,,,,,,,,,,"21,36,39","NEW rental,WiMAX HOME 5G L13,バッテリーなし"
3161,23646,3666,1608,None (+ 0 JPY),132-133Days (Value Rental Pack: 5Months Pack),1,カート用通常フラグ,new WiMAX HOME 5G L13 Unlimited Data,1,,,,,,,,*,wh/img001.jpg,*,wh/img001.jpg,,,,,,,,,,,,,,,,,,,,,,,0,1,en_wh_150,,1,,30600,30600,,5,,,,,,,,,,,,,,,,,"21,36,39","NEW rental,WiMAX HOME 5G L13,バッテリーなし"
3161,23647,3666,1609,None (+ 0 JPY),133-134Days (Value Rental Pack: 5Months Pack),1,カート用通常フラグ,new WiMAX HOME 5G L13 Unlimited Data,1,,,,,,,,*,wh/img001.jpg,*,wh/img001.jpg,,,,,,,,,,,,,,,,,,,,,,,0,1,en_wh_150,,1,,30600,30600,,5,,,,,,,,,,,,,,,,,"21,36,39","NEW rental,WiMAX HOME 5G L13,バッテリーなし"
3161,23648,3666,1610,None (+ 0 JPY),134-135Days (Value Rental Pack: 5Months Pack),1,カート用通常フラグ,new WiMAX HOME 5G L13 Unlimited Data,1,,,,,,,,*,wh/img001.jpg,*,wh/img001.jpg,,,,,,,,,,,,,,,,,,,,,,,0,1,en_wh_150,,1,,30600,30600,,5,,,,,,,,,,,,,,,,,"21,36,39","NEW rental,WiMAX HOME 5G L13,バッテリーなし"
3161,23649,3666,1611,None (+ 0 JPY),135-136Days (Value Rental Pack: 5Months Pack),1,カート用通常フラグ,new WiMAX HOME 5G L13 Unlimited Data,1,,,,,,,,*,wh/img001.jpg,*,wh/img001.jpg,,,,,,,,,,,,,,,,,,,,,,,0,1,en_wh_150,,1,,30600,30600,,5,,,,,,,,,,,,,,,,,"21,36,39","NEW rental,WiMAX HOME 5G L13,バッテリーなし"
3161,23650,3666,1612,None (+ 0 JPY),136-137Days (Value Rental Pack: 5Months Pack),1,カート用通常フラグ,new WiMAX HOME 5G L13 Unlimited Data,1,,,,,,,,*,wh/img001.jpg,*,wh/img001.jpg,,,,,,,,,,,,,,,,,,,,,,,0,1,en_wh_150,,1,,30600,30600,,5,,,,,,,,,,,,,,,,,"21,36,39","NEW rental,WiMAX HOME 5G L13,バッテリーなし"
3161,23651,3666,1613,None (+ 0 JPY),137-138Days (Value Rental Pack: 5Months Pack),1,カート用通常フラグ,new WiMAX HOME 5G L13 Unlimited Data,1,,,,,,,,*,wh/img001.jpg,*,wh/img001.jpg,,,,,,,,,,,,,,,,,,,,,,,0,1,en_wh_150,,1,,30600,30600,,5,,,,,,,,,,,,,,,,,"21,36,39","NEW rental,WiMAX HOME 5G L13,バッテリーなし"
3161,23652,3666,1614,None (+ 0 JPY),138-139Days (Value Rental Pack: 5Months Pack),1,カート用通常フラグ,new WiMAX HOME 5G L13 Unlimited Data,1,,,,,,,,*,wh/img001.jpg,*,wh/img001.jpg,,,,,,,,,,,,,,,,,,,,,,,0,1,en_wh_150,,1,,30600,30600,,5,,,,,,,,,,,,,,,,,"21,36,39","NEW rental,WiMAX HOME 5G L13,バッテリーなし"
3161,23653,3666,1615,None (+ 0 JPY),139-140Days (Value Rental Pack: 5Months Pack),1,カート用通常フラグ,new WiMAX HOME 5G L13 Unlimited Data,1,,,,,,,,*,wh/img001.jpg,*,wh/img001.jpg,,,,,,,,,,,,,,,,,,,,,,,0,1,en_wh_150,,1,,30600,30600,,5,,,,,,,,,,,,,,,,,"21,36,39","NEW rental,WiMAX HOME 5G L13,バッテリーなし"
3161,23654,3666,1616,None (+ 0 JPY),140-141Days (Value Rental Pack: 5Months Pack),1,カート用通常フラグ,new WiMAX HOME 5G L13 Unlimited Data,1,,,,,,,,*,wh/img001.jpg,*,wh/img001.jpg,,,,,,,,,,,,,,,,,,,,,,,0,1,en_wh_150,,1,,30600,30600,,5,,,,,,,,,,,,,,,,,"21,36,39","NEW rental,WiMAX HOME 5G L13,バッテリーなし"
3161,23655,3666,1617,None (+ 0 JPY),141-142Days (Value Rental Pack: 5Months Pack),1,カート用通常フラグ,new WiMAX HOME 5G L13 Unlimited Data,1,,,,,,,,*,wh/img001.jpg,*,wh/img001.jpg,,,,,,,,,,,,,,,,,,,,,,,0,1,en_wh_150,,1,,30600,30600,,5,,,,,,,,,,,,,,,,,"21,36,39","NEW rental,WiMAX HOME 5G L13,バッテリーなし"
3161,23656,3666,1618,None (+ 0 JPY),142-143Days (Value Rental Pack: 5Months Pack),1,カート用通常フラグ,new WiMAX HOME 5G L13 Unlimited Data,1,,,,,,,,*,wh/img001.jpg,*,wh/img001.jpg,,,,,,,,,,,,,,,,,,,,,,,0,1,en_wh_150,,1,,30600,30600,,5,,,,,,,,,,,,,,,,,"21,36,39","NEW rental,WiMAX HOME 5G L13,バッテリーなし"
3161,23657,3666,1619,None (+ 0 JPY),143-144Days (Value Rental Pack: 5Months Pack),1,カート用通常フラグ,new WiMAX HOME 5G L13 Unlimited Data,1,,,,,,,,*,wh/img001.jpg,*,wh/img001.jpg,,,,,,,,,,,,,,,,,,,,,,,0,1,en_wh_150,,1,,30600,30600,,5,,,,,,,,,,,,,,,,,"21,36,39","NEW rental,WiMAX HOME 5G L13,バッテリーなし"
3161,23658,3666,1620,None (+ 0 JPY),144-145Days (Value Rental Pack: 5Months Pack),1,カート用通常フラグ,new WiMAX HOME 5G L13 Unlimited Data,1,,,,,,,,*,wh/img001.jpg,*,wh/img001.jpg,,,,,,,,,,,,,,,,,,,,,,,0,1,en_wh_150,,1,,30600,30600,,5,,,,,,,,,,,,,,,,,"21,36,39","NEW rental,WiMAX HOME 5G L13,バッテリーなし"
3161,23659,3666,1621,None (+ 0 JPY),145-146Days (Value Rental Pack: 5Months Pack),1,カート用通常フラグ,new WiMAX HOME 5G L13 Unlimited Data,1,,,,,,,,*,wh/img001.jpg,*,wh/img001.jpg,,,,,,,,,,,,,,,,,,,,,,,0,1,en_wh_150,,1,,30600,30600,,5,,,,,,,,,,,,,,,,,"21,36,39","NEW rental,WiMAX HOME 5G L13,バッテリーなし"
3161,23660,3666,1622,None (+ 0 JPY),146-147Days (Value Rental Pack: 5Months Pack),1,カート用通常フラグ,new WiMAX HOME 5G L13 Unlimited Data,1,,,,,,,,*,wh/img001.jpg,*,wh/img001.jpg,,,,,,,,,,,,,,,,,,,,,,,0,1,en_wh_150,,1,,30600,30600,,5,,,,,,,,,,,,,,,,,"21,36,39","NEW rental,WiMAX HOME 5G L13,バッテリーなし"
3161,23661,3666,1623,None (+ 0 JPY),147-148Days (Value Rental Pack: 5Months Pack),1,カート用通常フラグ,new WiMAX HOME 5G L13 Unlimited Data,1,,,,,,,,*,wh/img001.jpg,*,wh/img001.jpg,,,,,,,,,,,,,,,,,,,,,,,0,1,en_wh_150,,1,,30600,30600,,5,,,,,,,,,,,,,,,,,"21,36,39","NEW rental,WiMAX HOME 5G L13,バッテリーなし"
3161,23662,3666,1624,None (+ 0 JPY),148-149Days (Value Rental Pack: 5Months Pack),1,カート用通常フラグ,new WiMAX HOME 5G L13 Unlimited Data,1,,,,,,,,*,wh/img001.jpg,*,wh/img001.jpg,,,,,,,,,,,,,,,,,,,,,,,0,1,en_wh_150,,1,,30600,30600,,5,,,,,,,,,,,,,,,,,"21,36,39","NEW rental,WiMAX HOME 5G L13,バッテリーなし"
3161,23663,3666,1625,None (+ 0 JPY),149-150Days (Value Rental Pack: 5Months Pack),1,カート用通常フラグ,new WiMAX HOME 5G L13 Unlimited Data,1,,,,,,,,*,wh/img001.jpg,*,wh/img001.jpg,,,,,,,,,,,,,,,,,,,,,,,0,1,en_wh_150,,1,,30600,30600,,5,,,,,,,,,,,,,,,,,"21,36,39","NEW rental,WiMAX HOME 5G L13,バッテリーなし"
3161,23664,3666,1626,None (+ 0 JPY),150-151Days (Value Rental Pack: 5Months Pack),1,カート用通常フラグ,new WiMAX HOME 5G L13 Unlimited Data,1,,,,,,,,*,wh/img001.jpg,*,wh/img001.jpg,,,,,,,,,,,,,,,,,,,,,,,0,1,en_wh_150,,1,,30600,30600,,5,,,,,,,,,,,,,,,,,"21,36,39","NEW rental,WiMAX HOME 5G L13,バッテリーなし"
3161,23665,3666,1627,None (+ 0 JPY),151-152Days (Value Rental Pack: 5Months Pack + 1Day),1,カート用通常フラグ,new WiMAX HOME 5G L13 Unlimited Data,1,,,,,,,,*,wh/img001.jpg,*,wh/img001.jpg,,,,,,,,,,,,,,,,,,,,,,,0,1,en_wh_151,,1,,31190,31190,,5,,,,,,,,,,,,,,,,,"21,36,39","NEW rental,WiMAX HOME 5G L13,バッテリーなし"
3161,23666,3666,1628,None (+ 0 JPY),152-153Days (Value Rental Pack: 5Months Pack + 2Days),1,カート用通常フラグ,new WiMAX HOME 5G L13 Unlimited Data,1,,,,,,,,*,wh/img001.jpg,*,wh/img001.jpg,,,,,,,,,,,,,,,,,,,,,,,0,1,en_wh_152,,1,,31780,31780,,5,,,,,,,,,,,,,,,,,"21,36,39","NEW rental,WiMAX HOME 5G L13,バッテリーなし"
3161,23667,3666,1629,None (+ 0 JPY),153-154Days (Value Rental Pack: 5Months Pack + 3Days),1,カート用通常フラグ,new WiMAX HOME 5G L13 Unlimited Data,1,,,,,,,,*,wh/img001.jpg,*,wh/img001.jpg,,,,,,,,,,,,,,,,,,,,,,,0,1,en_wh_153,,1,,32370,32370,,5,,,,,,,,,,,,,,,,,"21,36,39","NEW rental,WiMAX HOME 5G L13,バッテリーなし"
3161,23668,3666,1630,None (+ 0 JPY),154-155Days (Value Rental Pack: 5Months Pack + 4Days),1,カート用通常フラグ,new WiMAX HOME 5G L13 Unlimited Data,1,,,,,,,,*,wh/img001.jpg,*,wh/img001.jpg,,,,,,,,,,,,,,,,,,,,,,,0,1,en_wh_154,,1,,32960,32960,,5,,,,,,,,,,,,,,,,,"21,36,39","NEW rental,WiMAX HOME 5G L13,バッテリーなし"
3161,23669,3666,1631,None (+ 0 JPY),155-156Days (Value Rental Pack: 5Months Pack + 5Days),1,カート用通常フラグ,new WiMAX HOME 5G L13 Unlimited Data,1,,,,,,,,*,wh/img001.jpg,*,wh/img001.jpg,,,,,,,,,,,,,,,,,,,,,,,0,1,en_wh_155,,1,,33550,33550,,5,,,,,,,,,,,,,,,,,"21,36,39","NEW rental,WiMAX HOME 5G L13,バッテリーなし"
3161,23670,3666,1632,None (+ 0 JPY),156-157Days (Value Rental Pack: 6Months Pack),1,カート用通常フラグ,new WiMAX HOME 5G L13 Unlimited Data,1,,,,,,,,*,wh/img001.jpg,*,wh/img001.jpg,,,,,,,,,,,,,,,,,,,,,,,0,1,en_wh_180,,1,,33600,33600,,5,,,,,,,,,,,,,,,,,"21,36,39","NEW rental,WiMAX HOME 5G L13,バッテリーなし"
3161,23671,3666,1633,None (+ 0 JPY),157-158Days (Value Rental Pack: 6Months Pack),1,カート用通常フラグ,new WiMAX HOME 5G L13 Unlimited Data,1,,,,,,,,*,wh/img001.jpg,*,wh/img001.jpg,,,,,,,,,,,,,,,,,,,,,,,0,1,en_wh_180,,1,,33600,33600,,5,,,,,,,,,,,,,,,,,"21,36,39","NEW rental,WiMAX HOME 5G L13,バッテリーなし"
3161,23672,3666,1634,None (+ 0 JPY),158-159Days (Value Rental Pack: 6Months Pack),1,カート用通常フラグ,new WiMAX HOME 5G L13 Unlimited Data,1,,,,,,,,*,wh/img001.jpg,*,wh/img001.jpg,,,,,,,,,,,,,,,,,,,,,,,0,1,en_wh_180,,1,,33600,33600,,5,,,,,,,,,,,,,,,,,"21,36,39","NEW rental,WiMAX HOME 5G L13,バッテリーなし"
3161,23673,3666,1635,None (+ 0 JPY),159-160Days (Value Rental Pack: 6Months Pack),1,カート用通常フラグ,new WiMAX HOME 5G L13 Unlimited Data,1,,,,,,,,*,wh/img001.jpg,*,wh/img001.jpg,,,,,,,,,,,,,,,,,,,,,,,0,1,en_wh_180,,1,,33600,33600,,5,,,,,,,,,,,,,,,,,"21,36,39","NEW rental,WiMAX HOME 5G L13,バッテリーなし"
3161,23674,3666,1636,None (+ 0 JPY),160-161Days (Value Rental Pack: 6Months Pack),1,カート用通常フラグ,new WiMAX HOME 5G L13 Unlimited Data,1,,,,,,,,*,wh/img001.jpg,*,wh/img001.jpg,,,,,,,,,,,,,,,,,,,,,,,0,1,en_wh_180,,1,,33600,33600,,5,,,,,,,,,,,,,,,,,"21,36,39","NEW rental,WiMAX HOME 5G L13,バッテリーなし"
3161,23675,3666,1637,None (+ 0 JPY),161-162Days (Value Rental Pack: 6Months Pack),1,カート用通常フラグ,new WiMAX HOME 5G L13 Unlimited Data,1,,,,,,,,*,wh/img001.jpg,*,wh/img001.jpg,,,,,,,,,,,,,,,,,,,,,,,0,1,en_wh_180,,1,,33600,33600,,5,,,,,,,,,,,,,,,,,"21,36,39","NEW rental,WiMAX HOME 5G L13,バッテリーなし"
3161,23676,3666,1638,None (+ 0 JPY),162-163Days (Value Rental Pack: 6Months Pack),1,カート用通常フラグ,new WiMAX HOME 5G L13 Unlimited Data,1,,,,,,,,*,wh/img001.jpg,*,wh/img001.jpg,,,,,,,,,,,,,,,,,,,,,,,0,1,en_wh_180,,1,,33600,33600,,5,,,,,,,,,,,,,,,,,"21,36,39","NEW rental,WiMAX HOME 5G L13,バッテリーなし"
3161,23677,3666,1639,None (+ 0 JPY),163-164Days (Value Rental Pack: 6Months Pack),1,カート用通常フラグ,new WiMAX HOME 5G L13 Unlimited Data,1,,,,,,,,*,wh/img001.jpg,*,wh/img001.jpg,,,,,,,,,,,,,,,,,,,,,,,0,1,en_wh_180,,1,,33600,33600,,5,,,,,,,,,,,,,,,,,"21,36,39","NEW rental,WiMAX HOME 5G L13,バッテリーなし"
3161,23678,3666,1640,None (+ 0 JPY),164-165Days (Value Rental Pack: 6Months Pack),1,カート用通常フラグ,new WiMAX HOME 5G L13 Unlimited Data,1,,,,,,,,*,wh/img001.jpg,*,wh/img001.jpg,,,,,,,,,,,,,,,,,,,,,,,0,1,en_wh_180,,1,,33600,33600,,5,,,,,,,,,,,,,,,,,"21,36,39","NEW rental,WiMAX HOME 5G L13,バッテリーなし"
3161,23679,3666,1641,None (+ 0 JPY),165-166Days (Value Rental Pack: 6Months Pack),1,カート用通常フラグ,new WiMAX HOME 5G L13 Unlimited Data,1,,,,,,,,*,wh/img001.jpg,*,wh/img001.jpg,,,,,,,,,,,,,,,,,,,,,,,0,1,en_wh_180,,1,,33600,33600,,5,,,,,,,,,,,,,,,,,"21,36,39","NEW rental,WiMAX HOME 5G L13,バッテリーなし"
3161,23680,3666,1642,None (+ 0 JPY),166-167Days (Value Rental Pack: 6Months Pack),1,カート用通常フラグ,new WiMAX HOME 5G L13 Unlimited Data,1,,,,,,,,*,wh/img001.jpg,*,wh/img001.jpg,,,,,,,,,,,,,,,,,,,,,,,0,1,en_wh_180,,1,,33600,33600,,5,,,,,,,,,,,,,,,,,"21,36,39","NEW rental,WiMAX HOME 5G L13,バッテリーなし"
3161,23681,3666,1643,None (+ 0 JPY),167-168Days (Value Rental Pack: 6Months Pack),1,カート用通常フラグ,new WiMAX HOME 5G L13 Unlimited Data,1,,,,,,,,*,wh/img001.jpg,*,wh/img001.jpg,,,,,,,,,,,,,,,,,,,,,,,0,1,en_wh_180,,1,,33600,33600,,5,,,,,,,,,,,,,,,,,"21,36,39","NEW rental,WiMAX HOME 5G L13,バッテリーなし"
3161,23682,3666,1644,None (+ 0 JPY),168-169Days (Value Rental Pack: 6Months Pack),1,カート用通常フラグ,new WiMAX HOME 5G L13 Unlimited Data,1,,,,,,,,*,wh/img001.jpg,*,wh/img001.jpg,,,,,,,,,,,,,,,,,,,,,,,0,1,en_wh_180,,1,,33600,33600,,5,,,,,,,,,,,,,,,,,"21,36,39","NEW rental,WiMAX HOME 5G L13,バッテリーなし"
3161,23683,3666,1645,None (+ 0 JPY),169-170Days (Value Rental Pack: 6Months Pack),1,カート用通常フラグ,new WiMAX HOME 5G L13 Unlimited Data,1,,,,,,,,*,wh/img001.jpg,*,wh/img001.jpg,,,,,,,,,,,,,,,,,,,,,,,0,1,en_wh_180,,1,,33600,33600,,5,,,,,,,,,,,,,,,,,"21,36,39","NEW rental,WiMAX HOME 5G L13,バッテリーなし"
3161,23684,3666,1646,None (+ 0 JPY),170-171Days (Value Rental Pack: 6Months Pack),1,カート用通常フラグ,new WiMAX HOME 5G L13 Unlimited Data,1,,,,,,,,*,wh/img001.jpg,*,wh/img001.jpg,,,,,,,,,,,,,,,,,,,,,,,0,1,en_wh_180,,1,,33600,33600,,5,,,,,,,,,,,,,,,,,"21,36,39","NEW rental,WiMAX HOME 5G L13,バッテリーなし"
3161,23685,3666,1647,None (+ 0 JPY),171-172Days (Value Rental Pack: 6Months Pack),1,カート用通常フラグ,new WiMAX HOME 5G L13 Unlimited Data,1,,,,,,,,*,wh/img001.jpg,*,wh/img001.jpg,,,,,,,,,,,,,,,,,,,,,,,0,1,en_wh_180,,1,,33600,33600,,5,,,,,,,,,,,,,,,,,"21,36,39","NEW rental,WiMAX HOME 5G L13,バッテリーなし"
3161,23686,3666,1648,None (+ 0 JPY),172-173Days (Value Rental Pack: 6Months Pack),1,カート用通常フラグ,new WiMAX HOME 5G L13 Unlimited Data,1,,,,,,,,*,wh/img001.jpg,*,wh/img001.jpg,,,,,,,,,,,,,,,,,,,,,,,0,1,en_wh_180,,1,,33600,33600,,5,,,,,,,,,,,,,,,,,"21,36,39","NEW rental,WiMAX HOME 5G L13,バッテリーなし"
3161,23687,3666,1649,None (+ 0 JPY),173-174Days (Value Rental Pack: 6Months Pack),1,カート用通常フラグ,new WiMAX HOME 5G L13 Unlimited Data,1,,,,,,,,*,wh/img001.jpg,*,wh/img001.jpg,,,,,,,,,,,,,,,,,,,,,,,0,1,en_wh_180,,1,,33600,33600,,5,,,,,,,,,,,,,,,,,"21,36,39","NEW rental,WiMAX HOME 5G L13,バッテリーなし"
3161,23688,3666,1650,None (+ 0 JPY),174-175Days (Value Rental Pack: 6Months Pack),1,カート用通常フラグ,new WiMAX HOME 5G L13 Unlimited Data,1,,,,,,,,*,wh/img001.jpg,*,wh/img001.jpg,,,,,,,,,,,,,,,,,,,,,,,0,1,en_wh_180,,1,,33600,33600,,5,,,,,,,,,,,,,,,,,"21,36,39","NEW rental,WiMAX HOME 5G L13,バッテリーなし"
3161,23689,3666,1651,None (+ 0 JPY),175-176Days (Value Rental Pack: 6Months Pack),1,カート用通常フラグ,new WiMAX HOME 5G L13 Unlimited Data,1,,,,,,,,*,wh/img001.jpg,*,wh/img001.jpg,,,,,,,,,,,,,,,,,,,,,,,0,1,en_wh_180,,1,,33600,33600,,5,,,,,,,,,,,,,,,,,"21,36,39","NEW rental,WiMAX HOME 5G L13,バッテリーなし"
3161,23690,3666,1652,None (+ 0 JPY),176-177Days (Value Rental Pack: 6Months Pack),1,カート用通常フラグ,new WiMAX HOME 5G L13 Unlimited Data,1,,,,,,,,*,wh/img001.jpg,*,wh/img001.jpg,,,,,,,,,,,,,,,,,,,,,,,0,1,en_wh_180,,1,,33600,33600,,5,,,,,,,,,,,,,,,,,"21,36,39","NEW rental,WiMAX HOME 5G L13,バッテリーなし"
3161,23691,3666,1653,None (+ 0 JPY),177-178Days (Value Rental Pack: 6Months Pack),1,カート用通常フラグ,new WiMAX HOME 5G L13 Unlimited Data,1,,,,,,,,*,wh/img001.jpg,*,wh/img001.jpg,,,,,,,,,,,,,,,,,,,,,,,0,1,en_wh_180,,1,,33600,33600,,5,,,,,,,,,,,,,,,,,"21,36,39","NEW rental,WiMAX HOME 5G L13,バッテリーなし"
3161,23692,3666,1654,None (+ 0 JPY),178-179Days (Value Rental Pack: 6Months Pack),1,カート用通常フラグ,new WiMAX HOME 5G L13 Unlimited Data,1,,,,,,,,*,wh/img001.jpg,*,wh/img001.jpg,,,,,,,,,,,,,,,,,,,,,,,0,1,en_wh_180,,1,,33600,33600,,5,,,,,,,,,,,,,,,,,"21,36,39","NEW rental,WiMAX HOME 5G L13,バッテリーなし"
3161,23693,3666,1655,None (+ 0 JPY),179-180Days (Value Rental Pack: 6Months Pack),1,カート用通常フラグ,new WiMAX HOME 5G L13 Unlimited Data,1,,,,,,,,*,wh/img001.jpg,*,wh/img001.jpg,,,,,,,,,,,,,,,,,,,,,,,0,1,en_wh_180,,1,,33600,33600,,5,,,,,,,,,,,,,,,,,"21,36,39","NEW rental,WiMAX HOME 5G L13,バッテリーなし"
3161,23694,3666,1656,None (+ 0 JPY),180-181Days (Value Rental Pack: 6Months Pack),1,カート用通常フラグ,new WiMAX HOME 5G L13 Unlimited Data,1,,,,,,,,*,wh/img001.jpg,*,wh/img001.jpg,,,,,,,,,,,,,,,,,,,,,,,0,1,en_wh_180,,1,,33600,33600,,5,,,,,,,,,,,,,,,,,"21,36,39","NEW rental,WiMAX HOME 5G L13,バッテリーなし"
3161,23695,3666,1657,None (+ 0 JPY),181-182Days (Value Rental Pack: 6Months Pack + 1Day),1,カート用通常フラグ,new WiMAX HOME 5G L13 Unlimited Data,1,,,,,,,,*,wh/img001.jpg,*,wh/img001.jpg,,,,,,,,,,,,,,,,,,,,,,,0,1,en_wh_181,,1,,34190,34190,,5,,,,,,,,,,,,,,,,,"21,36,39","NEW rental,WiMAX HOME 5G L13,バッテリーなし"
3161,23696,3666,1658,None (+ 0 JPY),182-183Days (Value Rental Pack: 6Months Pack + 2Days),1,カート用通常フラグ,new WiMAX HOME 5G L13 Unlimited Data,1,,,,,,,,*,wh/img001.jpg,*,wh/img001.jpg,,,,,,,,,,,,,,,,,,,,,,,0,1,en_wh_182,,1,,34780,34780,,5,,,,,,,,,,,,,,,,,"21,36,39","NEW rental,WiMAX HOME 5G L13,バッテリーなし"
3161,23697,3666,1659,None (+ 0 JPY),183-184Days (Value Rental Pack: 6Months Pack + 3Days),1,カート用通常フラグ,new WiMAX HOME 5G L13 Unlimited Data,1,,,,,,,,*,wh/img001.jpg,*,wh/img001.jpg,,,,,,,,,,,,,,,,,,,,,,,0,1,en_wh_183,,1,,35370,35370,,5,,,,,,,,,,,,,,,,,"21,36,39","NEW rental,WiMAX HOME 5G L13,バッテリーなし"
3161,23698,3666,1660,None (+ 0 JPY),184-185Days (Value Rental Pack: 6Months Pack + 4Days),1,カート用通常フラグ,new WiMAX HOME 5G L13 Unlimited Data,1,,,,,,,,*,wh/img001.jpg,*,wh/img001.jpg,,,,,,,,,,,,,,,,,,,,,,,0,1,en_wh_184,,1,,35960,35960,,5,,,,,,,,,,,,,,,,,"21,36,39","NEW rental,WiMAX HOME 5G L13,バッテリーなし"
3161,23699,3666,1661,None (+ 0 JPY),185-186Days (Value Rental Pack: 6Months Pack + 5Days),1,カート用通常フラグ,new WiMAX HOME 5G L13 Unlimited Data,1,,,,,,,,*,wh/img001.jpg,*,wh/img001.jpg,,,,,,,,,,,,,,,,,,,,,,,0,1,en_wh_185,,1,,36550,36550,,5,,,,,,,,,,,,,,,,,"21,36,39","NEW rental,WiMAX HOME 5G L13,バッテリーなし"
3161,23700,3666,1662,None (+ 0 JPY),186-187Days (Value Rental Pack: 6Months Pack + 6Days),1,カート用通常フラグ,new WiMAX HOME 5G L13 Unlimited Data,1,,,,,,,,*,wh/img001.jpg,*,wh/img001.jpg,,,,,,,,,,,,,,,,,,,,,,,0,1,en_wh_186,,1,,37140,37140,,5,,,,,,,,,,,,,,,,,"21,36,39","NEW rental,WiMAX HOME 5G L13,バッテリーなし"
3161,23701,3666,1663,None (+ 0 JPY),187-188Days (Value Rental Pack: 6Months Pack + 7Days),1,カート用通常フラグ,new WiMAX HOME 5G L13 Unlimited Data,1,,,,,,,,*,wh/img001.jpg,*,wh/img001.jpg,,,,,,,,,,,,,,,,,,,,,,,0,1,en_wh_187,,1,,37730,37730,,5,,,,,,,,,,,,,,,,,"21,36,39","NEW rental,WiMAX HOME 5G L13,バッテリーなし"
3161,23702,3666,1664,None (+ 0 JPY),188-189Days (Value Rental Pack: 6Months Pack + 8Days),1,カート用通常フラグ,new WiMAX HOME 5G L13 Unlimited Data,1,,,,,,,,*,wh/img001.jpg,*,wh/img001.jpg,,,,,,,,,,,,,,,,,,,,,,,0,1,en_wh_188,,1,,38320,38320,,5,,,,,,,,,,,,,,,,,"21,36,39","NEW rental,WiMAX HOME 5G L13,バッテリーなし"
3161,23703,3666,1665,None (+ 0 JPY),189-190Days (Value Rental Pack: 6Months Pack + 9Days),1,カート用通常フラグ,new WiMAX HOME 5G L13 Unlimited Data,1,,,,,,,,*,wh/img001.jpg,*,wh/img001.jpg,,,,,,,,,,,,,,,,,,,,,,,0,1,en_wh_189,,1,,38910,38910,,5,,,,,,,,,,,,,,,,,"21,36,39","NEW rental,WiMAX HOME 5G L13,バッテリーなし"
3161,23704,3666,1666,None (+ 0 JPY),190-191Days (Value Rental Pack: 6Months Pack + 10Days),1,カート用通常フラグ,new WiMAX HOME 5G L13 Unlimited Data,1,,,,,,,,*,wh/img001.jpg,*,wh/img001.jpg,,,,,,,,,,,,,,,,,,,,,,,0,1,en_wh_190,,1,,39500,39500,,5,,,,,,,,,,,,,,,,,"21,36,39","NEW rental,WiMAX HOME 5G L13,バッテリーなし"
3161,23705,3666,1667,None (+ 0 JPY),191-192Days (Value Rental Pack: 6Months Pack + 11Days),1,カート用通常フラグ,new WiMAX HOME 5G L13 Unlimited Data,1,,,,,,,,*,wh/img001.jpg,*,wh/img001.jpg,,,,,,,,,,,,,,,,,,,,,,,0,1,en_wh_191,,1,,40090,40090,,5,,,,,,,,,,,,,,,,,"21,36,39","NEW rental,WiMAX HOME 5G L13,バッテリーなし"
3161,23706,3666,1668,None (+ 0 JPY),192-193Days (Value Rental Pack: 6Months Pack + 12Days),1,カート用通常フラグ,new WiMAX HOME 5G L13 Unlimited Data,1,,,,,,,,*,wh/img001.jpg,*,wh/img001.jpg,,,,,,,,,,,,,,,,,,,,,,,0,1,en_wh_192,,1,,40680,40680,,5,,,,,,,,,,,,,,,,,"21,36,39","NEW rental,WiMAX HOME 5G L13,バッテリーなし"
3161,23707,3666,1669,None (+ 0 JPY),193-194Days (Value Rental Pack: 6Months Pack + 13Days),1,カート用通常フラグ,new WiMAX HOME 5G L13 Unlimited Data,1,,,,,,,,*,wh/img001.jpg,*,wh/img001.jpg,,,,,,,,,,,,,,,,,,,,,,,0,1,en_wh_193,,1,,41270,41270,,5,,,,,,,,,,,,,,,,,"21,36,39","NEW rental,WiMAX HOME 5G L13,バッテリーなし"
3161,23708,3666,1670,None (+ 0 JPY),194-195Days (Value Rental Pack: 6Months Pack + 14Days),1,カート用通常フラグ,new WiMAX HOME 5G L13 Unlimited Data,1,,,,,,,,*,wh/img001.jpg,*,wh/img001.jpg,,,,,,,,,,,,,,,,,,,,,,,0,1,en_wh_194,,1,,41860,41860,,5,,,,,,,,,,,,,,,,,"21,36,39","NEW rental,WiMAX HOME 5G L13,バッテリーなし"
3161,23709,3666,1671,None (+ 0 JPY),195-196Days (Value Rental Pack: 6Months Pack + 1Month Pack),1,カート用通常フラグ,new WiMAX HOME 5G L13 Unlimited Data,1,,,,,,,,*,wh/img001.jpg,*,wh/img001.jpg,,,,,,,,,,,,,,,,,,,,,,,0,1,en_wh_211,,1,,42450,42450,,5,,,,,,,,,,,,,,,,,"21,36,39","NEW rental,WiMAX HOME 5G L13,バッテリーなし"
3161,23710,3666,1672,None (+ 0 JPY),196-197Days (Value Rental Pack: 6Months Pack + 1Month Pack),1,カート用通常フラグ,new WiMAX HOME 5G L13 Unlimited Data,1,,,,,,,,*,wh/img001.jpg,*,wh/img001.jpg,,,,,,,,,,,,,,,,,,,,,,,0,1,en_wh_211,,1,,42450,42450,,5,,,,,,,,,,,,,,,,,"21,36,39","NEW rental,WiMAX HOME 5G L13,バッテリーなし"
3161,23711,3666,1673,None (+ 0 JPY),197-198Days (Value Rental Pack: 6Months Pack + 1Month Pack),1,カート用通常フラグ,new WiMAX HOME 5G L13 Unlimited Data,1,,,,,,,,*,wh/img001.jpg,*,wh/img001.jpg,,,,,,,,,,,,,,,,,,,,,,,0,1,en_wh_211,,1,,42450,42450,,5,,,,,,,,,,,,,,,,,"21,36,39","NEW rental,WiMAX HOME 5G L13,バッテリーなし"
3161,23712,3666,1674,None (+ 0 JPY),198-199Days (Value Rental Pack: 6Months Pack + 1Month Pack),1,カート用通常フラグ,new WiMAX HOME 5G L13 Unlimited Data,1,,,,,,,,*,wh/img001.jpg,*,wh/img001.jpg,,,,,,,,,,,,,,,,,,,,,,,0,1,en_wh_211,,1,,42450,42450,,5,,,,,,,,,,,,,,,,,"21,36,39","NEW rental,WiMAX HOME 5G L13,バッテリーなし"
3161,23713,3666,1675,None (+ 0 JPY),199-200Days (Value Rental Pack: 6Months Pack + 1Month Pack),1,カート用通常フラグ,new WiMAX HOME 5G L13 Unlimited Data,1,,,,,,,,*,wh/img001.jpg,*,wh/img001.jpg,,,,,,,,,,,,,,,,,,,,,,,0,1,en_wh_211,,1,,42450,42450,,5,,,,,,,,,,,,,,,,,"21,36,39","NEW rental,WiMAX HOME 5G L13,バッテリーなし"
3161,23714,3666,1676,None (+ 0 JPY),200-201Days (Value Rental Pack: 6Months Pack + 1Month Pack),1,カート用通常フラグ,new WiMAX HOME 5G L13 Unlimited Data,1,,,,,,,,*,wh/img001.jpg,*,wh/img001.jpg,,,,,,,,,,,,,,,,,,,,,,,0,1,en_wh_211,,1,,42450,42450,,5,,,,,,,,,,,,,,,,,"21,36,39","NEW rental,WiMAX HOME 5G L13,バッテリーなし"
3161,23715,3666,1677,None (+ 0 JPY),201-202Days (Value Rental Pack: 6Months Pack + 1Month Pack),1,カート用通常フラグ,new WiMAX HOME 5G L13 Unlimited Data,1,,,,,,,,*,wh/img001.jpg,*,wh/img001.jpg,,,,,,,,,,,,,,,,,,,,,,,0,1,en_wh_211,,1,,42450,42450,,5,,,,,,,,,,,,,,,,,"21,36,39","NEW rental,WiMAX HOME 5G L13,バッテリーなし"
3161,23716,3666,1678,None (+ 0 JPY),202-203Days (Value Rental Pack: 6Months Pack + 1Month Pack),1,カート用通常フラグ,new WiMAX HOME 5G L13 Unlimited Data,1,,,,,,,,*,wh/img001.jpg,*,wh/img001.jpg,,,,,,,,,,,,,,,,,,,,,,,0,1,en_wh_211,,1,,42450,42450,,5,,,,,,,,,,,,,,,,,"21,36,39","NEW rental,WiMAX HOME 5G L13,バッテリーなし"
3161,23717,3666,1679,None (+ 0 JPY),203-204Days (Value Rental Pack: 6Months Pack + 1Month Pack),1,カート用通常フラグ,new WiMAX HOME 5G L13 Unlimited Data,1,,,,,,,,*,wh/img001.jpg,*,wh/img001.jpg,,,,,,,,,,,,,,,,,,,,,,,0,1,en_wh_211,,1,,42450,42450,,5,,,,,,,,,,,,,,,,,"21,36,39","NEW rental,WiMAX HOME 5G L13,バッテリーなし"
3161,23718,3666,1680,None (+ 0 JPY),204-205Days (Value Rental Pack: 6Months Pack + 1Month Pack),1,カート用通常フラグ,new WiMAX HOME 5G L13 Unlimited Data,1,,,,,,,,*,wh/img001.jpg,*,wh/img001.jpg,,,,,,,,,,,,,,,,,,,,,,,0,1,en_wh_211,,1,,42450,42450,,5,,,,,,,,,,,,,,,,,"21,36,39","NEW rental,WiMAX HOME 5G L13,バッテリーなし"
3161,23719,3666,1681,None (+ 0 JPY),205-206Days (Value Rental Pack: 6Months Pack + 1Month Pack),1,カート用通常フラグ,new WiMAX HOME 5G L13 Unlimited Data,1,,,,,,,,*,wh/img001.jpg,*,wh/img001.jpg,,,,,,,,,,,,,,,,,,,,,,,0,1,en_wh_211,,1,,42450,42450,,5,,,,,,,,,,,,,,,,,"21,36,39","NEW rental,WiMAX HOME 5G L13,バッテリーなし"
3161,23720,3666,1682,None (+ 0 JPY),206-207Days (Value Rental Pack: 6Months Pack + 1Month Pack),1,カート用通常フラグ,new WiMAX HOME 5G L13 Unlimited Data,1,,,,,,,,*,wh/img001.jpg,*,wh/img001.jpg,,,,,,,,,,,,,,,,,,,,,,,0,1,en_wh_211,,1,,42450,42450,,5,,,,,,,,,,,,,,,,,"21,36,39","NEW rental,WiMAX HOME 5G L13,バッテリーなし"
3161,23721,3666,1683,None (+ 0 JPY),207-208Days (Value Rental Pack: 6Months Pack + 1Month Pack),1,カート用通常フラグ,new WiMAX HOME 5G L13 Unlimited Data,1,,,,,,,,*,wh/img001.jpg,*,wh/img001.jpg,,,,,,,,,,,,,,,,,,,,,,,0,1,en_wh_211,,1,,42450,42450,,5,,,,,,,,,,,,,,,,,"21,36,39","NEW rental,WiMAX HOME 5G L13,バッテリーなし"
3161,23722,3666,1684,None (+ 0 JPY),208-209Days (Value Rental Pack: 6Months Pack + 1Month Pack),1,カート用通常フラグ,new WiMAX HOME 5G L13 Unlimited Data,1,,,,,,,,*,wh/img001.jpg,*,wh/img001.jpg,,,,,,,,,,,,,,,,,,,,,,,0,1,en_wh_211,,1,,42450,42450,,5,,,,,,,,,,,,,,,,,"21,36,39","NEW rental,WiMAX HOME 5G L13,バッテリーなし"
3161,23723,3666,1685,None (+ 0 JPY),209-210Days (Value Rental Pack: 6Months Pack + 1Month Pack),1,カート用通常フラグ,new WiMAX HOME 5G L13 Unlimited Data,1,,,,,,,,*,wh/img001.jpg,*,wh/img001.jpg,,,,,,,,,,,,,,,,,,,,,,,0,1,en_wh_211,,1,,42450,42450,,5,,,,,,,,,,,,,,,,,"21,36,39","NEW rental,WiMAX HOME 5G L13,バッテリーなし"
3161,23724,3666,1686,None (+ 0 JPY),210-211Days (Value Rental Pack: 6Months Pack + 1Month Pack),1,カート用通常フラグ,new WiMAX HOME 5G L13 Unlimited Data,1,,,,,,,,*,wh/img001.jpg,*,wh/img001.jpg,,,,,,,,,,,,,,,,,,,,,,,0,1,en_wh_211,,1,,42450,42450,,5,,,,,,,,,,,,,,,,,"21,36,39","NEW rental,WiMAX HOME 5G L13,バッテリーなし"
3161,23725,3666,1687,None (+ 0 JPY),211-212Days (Value Rental Pack: 6Months Pack + 1Month Pack),1,カート用通常フラグ,new WiMAX HOME 5G L13 Unlimited Data,1,,,,,,,,*,wh/img001.jpg,*,wh/img001.jpg,,,,,,,,,,,,,,,,,,,,,,,0,1,en_wh_211,,1,,42450,42450,,5,,,,,,,,,,,,,,,,,"21,36,39","NEW rental,WiMAX HOME 5G L13,バッテリーなし"
3161,23726,3666,1688,None (+ 0 JPY),212-213Days (Value Rental Pack: 6Months Pack + 1Month Pack + 1Day),1,カート用通常フラグ,new WiMAX HOME 5G L13 Unlimited Data,1,,,,,,,,*,wh/img001.jpg,*,wh/img001.jpg,,,,,,,,,,,,,,,,,,,,,,,0,1,en_wh_212,,1,,43040,43040,,5,,,,,,,,,,,,,,,,,"21,36,39","NEW rental,WiMAX HOME 5G L13,バッテリーなし"
3161,23727,3666,1689,None (+ 0 JPY),213-214Days (Value Rental Pack: 6Months Pack + 1Month Pack + 2Days),1,カート用通常フラグ,new WiMAX HOME 5G L13 Unlimited Data,1,,,,,,,,*,wh/img001.jpg,*,wh/img001.jpg,,,,,,,,,,,,,,,,,,,,,,,0,1,en_wh_213,,1,,43630,43630,,5,,,,,,,,,,,,,,,,,"21,36,39","NEW rental,WiMAX HOME 5G L13,バッテリーなし"
3161,23728,3666,1690,None (+ 0 JPY),214-215Days (Value Rental Pack: 6Months Pack + 1Month Pack + 3Days),1,カート用通常フラグ,new WiMAX HOME 5G L13 Unlimited Data,1,,,,,,,,*,wh/img001.jpg,*,wh/img001.jpg,,,,,,,,,,,,,,,,,,,,,,,0,1,en_wh_214,,1,,44220,44220,,5,,,,,,,,,,,,,,,,,"21,36,39","NEW rental,WiMAX HOME 5G L13,バッテリーなし"
3161,23729,3666,1691,None (+ 0 JPY),215-216Days (Value Rental Pack: 6Months Pack + 1Month Pack + 4Days),1,カート用通常フラグ,new WiMAX HOME 5G L13 Unlimited Data,1,,,,,,,,*,wh/img001.jpg,*,wh/img001.jpg,,,,,,,,,,,,,,,,,,,,,,,0,1,en_wh_215,,1,,44810,44810,,5,,,,,,,,,,,,,,,,,"21,36,39","NEW rental,WiMAX HOME 5G L13,バッテリーなし"
3161,23730,3666,1692,None (+ 0 JPY),216-217Days (Value Rental Pack: 6Months Pack + 1Month Pack + 5Days),1,カート用通常フラグ,new WiMAX HOME 5G L13 Unlimited Data,1,,,,,,,,*,wh/img001.jpg,*,wh/img001.jpg,,,,,,,,,,,,,,,,,,,,,,,0,1,en_wh_216,,1,,45400,45400,,5,,,,,,,,,,,,,,,,,"21,36,39","NEW rental,WiMAX HOME 5G L13,バッテリーなし"
3161,23731,3666,1693,None (+ 0 JPY),217-218Days (Value Rental Pack: 6Months Pack + 1Month Pack + 6Days),1,カート用通常フラグ,new WiMAX HOME 5G L13 Unlimited Data,1,,,,,,,,*,wh/img001.jpg,*,wh/img001.jpg,,,,,,,,,,,,,,,,,,,,,,,0,1,en_wh_217,,1,,45990,45990,,5,,,,,,,,,,,,,,,,,"21,36,39","NEW rental,WiMAX HOME 5G L13,バッテリーなし"
3161,23732,3666,1694,None (+ 0 JPY),218-219Days (Value Rental Pack: 6Months Pack + 1Month Pack + 7Days),1,カート用通常フラグ,new WiMAX HOME 5G L13 Unlimited Data,1,,,,,,,,*,wh/img001.jpg,*,wh/img001.jpg,,,,,,,,,,,,,,,,,,,,,,,0,1,en_wh_218,,1,,46580,46580,,5,,,,,,,,,,,,,,,,,"21,36,39","NEW rental,WiMAX HOME 5G L13,バッテリーなし"
3161,23733,3666,1695,None (+ 0 JPY),219-220Days (Value Rental Pack: 6Months Pack + 1Month Pack + 8Days),1,カート用通常フラグ,new WiMAX HOME 5G L13 Unlimited Data,1,,,,,,,,*,wh/img001.jpg,*,wh/img001.jpg,,,,,,,,,,,,,,,,,,,,,,,0,1,en_wh_219,,1,,47170,47170,,5,,,,,,,,,,,,,,,,,"21,36,39","NEW rental,WiMAX HOME 5G L13,バッテリーなし"
3161,23734,3666,1696,None (+ 0 JPY),220-221Days (Value Rental Pack: 6Months Pack + 1Month Pack + 9Days),1,カート用通常フラグ,new WiMAX HOME 5G L13 Unlimited Data,1,,,,,,,,*,wh/img001.jpg,*,wh/img001.jpg,,,,,,,,,,,,,,,,,,,,,,,0,1,en_wh_220,,1,,47760,47760,,5,,,,,,,,,,,,,,,,,"21,36,39","NEW rental,WiMAX HOME 5G L13,バッテリーなし"
3161,23735,3666,1697,None (+ 0 JPY),221-222Days (Value Rental Pack: 6Months Pack + 1Month Pack + 10Days),1,カート用通常フラグ,new WiMAX HOME 5G L13 Unlimited Data,1,,,,,,,,*,wh/img001.jpg,*,wh/img001.jpg,,,,,,,,,,,,,,,,,,,,,,,0,1,en_wh_221,,1,,48350,48350,,5,,,,,,,,,,,,,,,,,"21,36,39","NEW rental,WiMAX HOME 5G L13,バッテリーなし"
3161,23736,3666,1698,None (+ 0 JPY),222-223Days (Value Rental Pack: 6Months Pack + 1Month Pack + 11Days),1,カート用通常フラグ,new WiMAX HOME 5G L13 Unlimited Data,1,,,,,,,,*,wh/img001.jpg,*,wh/img001.jpg,,,,,,,,,,,,,,,,,,,,,,,0,1,en_wh_222,,1,,48940,48940,,5,,,,,,,,,,,,,,,,,"21,36,39","NEW rental,WiMAX HOME 5G L13,バッテリーなし"
3161,23737,3666,1699,None (+ 0 JPY),223-224Days (Value Rental Pack: 6Months Pack + 2Months Pack),1,カート用通常フラグ,new WiMAX HOME 5G L13 Unlimited Data,1,,,,,,,,*,wh/img001.jpg,*,wh/img001.jpg,,,,,,,,,,,,,,,,,,,,,,,0,1,en_wh_241,,1,,49300,49300,,5,,,,,,,,,,,,,,,,,"21,36,39","NEW rental,WiMAX HOME 5G L13,バッテリーなし"
3161,23738,3666,1700,None (+ 0 JPY),224-225Days (Value Rental Pack: 6Months Pack + 2Months Pack),1,カート用通常フラグ,new WiMAX HOME 5G L13 Unlimited Data,1,,,,,,,,*,wh/img001.jpg,*,wh/img001.jpg,,,,,,,,,,,,,,,,,,,,,,,0,1,en_wh_241,,1,,49300,49300,,5,,,,,,,,,,,,,,,,,"21,36,39","NEW rental,WiMAX HOME 5G L13,バッテリーなし"
3161,23739,3666,1701,None (+ 0 JPY),225-226Days (Value Rental Pack: 6Months Pack + 2Months Pack),1,カート用通常フラグ,new WiMAX HOME 5G L13 Unlimited Data,1,,,,,,,,*,wh/img001.jpg,*,wh/img001.jpg,,,,,,,,,,,,,,,,,,,,,,,0,1,en_wh_241,,1,,49300,49300,,5,,,,,,,,,,,,,,,,,"21,36,39","NEW rental,WiMAX HOME 5G L13,バッテリーなし"
3161,23740,3666,1702,None (+ 0 JPY),226-227Days (Value Rental Pack: 6Months Pack + 2Months Pack),1,カート用通常フラグ,new WiMAX HOME 5G L13 Unlimited Data,1,,,,,,,,*,wh/img001.jpg,*,wh/img001.jpg,,,,,,,,,,,,,,,,,,,,,,,0,1,en_wh_241,,1,,49300,49300,,5,,,,,,,,,,,,,,,,,"21,36,39","NEW rental,WiMAX HOME 5G L13,バッテリーなし"
3161,23741,3666,1703,None (+ 0 JPY),227-228Days (Value Rental Pack: 6Months Pack + 2Months Pack),1,カート用通常フラグ,new WiMAX HOME 5G L13 Unlimited Data,1,,,,,,,,*,wh/img001.jpg,*,wh/img001.jpg,,,,,,,,,,,,,,,,,,,,,,,0,1,en_wh_241,,1,,49300,49300,,5,,,,,,,,,,,,,,,,,"21,36,39","NEW rental,WiMAX HOME 5G L13,バッテリーなし"
3161,23742,3666,1704,None (+ 0 JPY),228-229Days (Value Rental Pack: 6Months Pack + 2Months Pack),1,カート用通常フラグ,new WiMAX HOME 5G L13 Unlimited Data,1,,,,,,,,*,wh/img001.jpg,*,wh/img001.jpg,,,,,,,,,,,,,,,,,,,,,,,0,1,en_wh_241,,1,,49300,49300,,5,,,,,,,,,,,,,,,,,"21,36,39","NEW rental,WiMAX HOME 5G L13,バッテリーなし"
3161,23743,3666,1705,None (+ 0 JPY),229-230Days (Value Rental Pack: 6Months Pack + 2Months Pack),1,カート用通常フラグ,new WiMAX HOME 5G L13 Unlimited Data,1,,,,,,,,*,wh/img001.jpg,*,wh/img001.jpg,,,,,,,,,,,,,,,,,,,,,,,0,1,en_wh_241,,1,,49300,49300,,5,,,,,,,,,,,,,,,,,"21,36,39","NEW rental,WiMAX HOME 5G L13,バッテリーなし"
3161,23744,3666,1706,None (+ 0 JPY),230-231Days (Value Rental Pack: 6Months Pack + 2Months Pack),1,カート用通常フラグ,new WiMAX HOME 5G L13 Unlimited Data,1,,,,,,,,*,wh/img001.jpg,*,wh/img001.jpg,,,,,,,,,,,,,,,,,,,,,,,0,1,en_wh_241,,1,,49300,49300,,5,,,,,,,,,,,,,,,,,"21,36,39","NEW rental,WiMAX HOME 5G L13,バッテリーなし"
3161,23745,3666,1707,None (+ 0 JPY),231-232Days (Value Rental Pack: 6Months Pack + 2Months Pack),1,カート用通常フラグ,new WiMAX HOME 5G L13 Unlimited Data,1,,,,,,,,*,wh/img001.jpg,*,wh/img001.jpg,,,,,,,,,,,,,,,,,,,,,,,0,1,en_wh_241,,1,,49300,49300,,5,,,,,,,,,,,,,,,,,"21,36,39","NEW rental,WiMAX HOME 5G L13,バッテリーなし"
3161,23746,3666,1708,None (+ 0 JPY),232-233Days (Value Rental Pack: 6Months Pack + 2Months Pack),1,カート用通常フラグ,new WiMAX HOME 5G L13 Unlimited Data,1,,,,,,,,*,wh/img001.jpg,*,wh/img001.jpg,,,,,,,,,,,,,,,,,,,,,,,0,1,en_wh_241,,1,,49300,49300,,5,,,,,,,,,,,,,,,,,"21,36,39","NEW rental,WiMAX HOME 5G L13,バッテリーなし"
3161,23747,3666,1709,None (+ 0 JPY),233-234Days (Value Rental Pack: 6Months Pack + 2Months Pack),1,カート用通常フラグ,new WiMAX HOME 5G L13 Unlimited Data,1,,,,,,,,*,wh/img001.jpg,*,wh/img001.jpg,,,,,,,,,,,,,,,,,,,,,,,0,1,en_wh_241,,1,,49300,49300,,5,,,,,,,,,,,,,,,,,"21,36,39","NEW rental,WiMAX HOME 5G L13,バッテリーなし"
3161,23748,3666,1710,None (+ 0 JPY),234-235Days (Value Rental Pack: 6Months Pack + 2Months Pack),1,カート用通常フラグ,new WiMAX HOME 5G L13 Unlimited Data,1,,,,,,,,*,wh/img001.jpg,*,wh/img001.jpg,,,,,,,,,,,,,,,,,,,,,,,0,1,en_wh_241,,1,,49300,49300,,5,,,,,,,,,,,,,,,,,"21,36,39","NEW rental,WiMAX HOME 5G L13,バッテリーなし"
3161,23749,3666,1711,None (+ 0 JPY),235-236Days (Value Rental Pack: 6Months Pack + 2Months Pack),1,カート用通常フラグ,new WiMAX HOME 5G L13 Unlimited Data,1,,,,,,,,*,wh/img001.jpg,*,wh/img001.jpg,,,,,,,,,,,,,,,,,,,,,,,0,1,en_wh_241,,1,,49300,49300,,5,,,,,,,,,,,,,,,,,"21,36,39","NEW rental,WiMAX HOME 5G L13,バッテリーなし"
3161,23750,3666,1712,None (+ 0 JPY),236-237Days (Value Rental Pack: 6Months Pack + 2Months Pack),1,カート用通常フラグ,new WiMAX HOME 5G L13 Unlimited Data,1,,,,,,,,*,wh/img001.jpg,*,wh/img001.jpg,,,,,,,,,,,,,,,,,,,,,,,0,1,en_wh_241,,1,,49300,49300,,5,,,,,,,,,,,,,,,,,"21,36,39","NEW rental,WiMAX HOME 5G L13,バッテリーなし"
3161,23751,3666,1713,None (+ 0 JPY),237-238Days (Value Rental Pack: 6Months Pack + 2Months Pack),1,カート用通常フラグ,new WiMAX HOME 5G L13 Unlimited Data,1,,,,,,,,*,wh/img001.jpg,*,wh/img001.jpg,,,,,,,,,,,,,,,,,,,,,,,0,1,en_wh_241,,1,,49300,49300,,5,,,,,,,,,,,,,,,,,"21,36,39","NEW rental,WiMAX HOME 5G L13,バッテリーなし"
3161,23752,3666,1714,None (+ 0 JPY),238-239Days (Value Rental Pack: 6Months Pack + 2Months Pack),1,カート用通常フラグ,new WiMAX HOME 5G L13 Unlimited Data,1,,,,,,,,*,wh/img001.jpg,*,wh/img001.jpg,,,,,,,,,,,,,,,,,,,,,,,0,1,en_wh_241,,1,,49300,49300,,5,,,,,,,,,,,,,,,,,"21,36,39","NEW rental,WiMAX HOME 5G L13,バッテリーなし"
3161,23753,3666,1715,None (+ 0 JPY),239-240Days (Value Rental Pack: 6Months Pack + 2Months Pack),1,カート用通常フラグ,new WiMAX HOME 5G L13 Unlimited Data,1,,,,,,,,*,wh/img001.jpg,*,wh/img001.jpg,,,,,,,,,,,,,,,,,,,,,,,0,1,en_wh_241,,1,,49300,49300,,5,,,,,,,,,,,,,,,,,"21,36,39","NEW rental,WiMAX HOME 5G L13,バッテリーなし"
3161,23754,3666,1716,None (+ 0 JPY),240-241Days (Value Rental Pack: 6Months Pack + 2Months Pack),1,カート用通常フラグ,new WiMAX HOME 5G L13 Unlimited Data,1,,,,,,,,*,wh/img001.jpg,*,wh/img001.jpg,,,,,,,,,,,,,,,,,,,,,,,0,1,en_wh_241,,1,,49300,49300,,5,,,,,,,,,,,,,,,,,"21,36,39","NEW rental,WiMAX HOME 5G L13,バッテリーなし"
3161,23755,3666,1717,None (+ 0 JPY),241-242Days (Value Rental Pack: 6Months Pack + 2Months Pack),1,カート用通常フラグ,new WiMAX HOME 5G L13 Unlimited Data,1,,,,,,,,*,wh/img001.jpg,*,wh/img001.jpg,,,,,,,,,,,,,,,,,,,,,,,0,1,en_wh_241,,1,,49300,49300,,5,,,,,,,,,,,,,,,,,"21,36,39","NEW rental,WiMAX HOME 5G L13,バッテリーなし"
3161,23756,3666,1718,None (+ 0 JPY),242-243Days (Value Rental Pack: 6Months Pack + 2Months Pack + 1Day),1,カート用通常フラグ,new WiMAX HOME 5G L13 Unlimited Data,1,,,,,,,,*,wh/img001.jpg,*,wh/img001.jpg,,,,,,,,,,,,,,,,,,,,,,,0,1,en_wh_242,,1,,49890,49890,,5,,,,,,,,,,,,,,,,,"21,36,39","NEW rental,WiMAX HOME 5G L13,バッテリーなし"
3161,23757,3666,1719,None (+ 0 JPY),243-244Days (Value Rental Pack: 6Months Pack + 2Months Pack + 2Days),1,カート用通常フラグ,new WiMAX HOME 5G L13 Unlimited Data,1,,,,,,,,*,wh/img001.jpg,*,wh/img001.jpg,,,,,,,,,,,,,,,,,,,,,,,0,1,en_wh_243,,1,,50480,50480,,5,,,,,,,,,,,,,,,,,"21,36,39","NEW rental,WiMAX HOME 5G L13,バッテリーなし"
3161,23758,3666,1720,None (+ 0 JPY),244-245Days (Value Rental Pack: 6Months Pack + 2Months Pack + 3Days),1,カート用通常フラグ,new WiMAX HOME 5G L13 Unlimited Data,1,,,,,,,,*,wh/img001.jpg,*,wh/img001.jpg,,,,,,,,,,,,,,,,,,,,,,,0,1,en_wh_244,,1,,51070,51070,,5,,,,,,,,,,,,,,,,,"21,36,39","NEW rental,WiMAX HOME 5G L13,バッテリーなし"
3161,23759,3666,1721,None (+ 0 JPY),245-246Days (Value Rental Pack: 6Months Pack + 2Months Pack + 4Days),1,カート用通常フラグ,new WiMAX HOME 5G L13 Unlimited Data,1,,,,,,,,*,wh/img001.jpg,*,wh/img001.jpg,,,,,,,,,,,,,,,,,,,,,,,0,1,en_wh_245,,1,,51660,51660,,5,,,,,,,,,,,,,,,,,"21,36,39","NEW rental,WiMAX HOME 5G L13,バッテリーなし"
3161,23760,3666,1722,None (+ 0 JPY),246-247Days (Value Rental Pack: 6Months Pack + 2Months Pack + 5Days),1,カート用通常フラグ,new WiMAX HOME 5G L13 Unlimited Data,1,,,,,,,,*,wh/img001.jpg,*,wh/img001.jpg,,,,,,,,,,,,,,,,,,,,,,,0,1,en_wh_246,,1,,52250,52250,,5,,,,,,,,,,,,,,,,,"21,36,39","NEW rental,WiMAX HOME 5G L13,バッテリーなし"
3161,23761,3666,1723,None (+ 0 JPY),247-248Days (Value Rental Pack: 6Months Pack + 2Months Pack + 6Days),1,カート用通常フラグ,new WiMAX HOME 5G L13 Unlimited Data,1,,,,,,,,*,wh/img001.jpg,*,wh/img001.jpg,,,,,,,,,,,,,,,,,,,,,,,0,1,en_wh_247,,1,,52840,52840,,5,,,,,,,,,,,,,,,,,"21,36,39","NEW rental,WiMAX HOME 5G L13,バッテリーなし"
3161,23762,3666,1724,None (+ 0 JPY),248-249Days (Value Rental Pack: 6Months Pack + 2Months Pack + 7Days),1,カート用通常フラグ,new WiMAX HOME 5G L13 Unlimited Data,1,,,,,,,,*,wh/img001.jpg,*,wh/img001.jpg,,,,,,,,,,,,,,,,,,,,,,,0,1,en_wh_248,,1,,53430,53430,,5,,,,,,,,,,,,,,,,,"21,36,39","NEW rental,WiMAX HOME 5G L13,バッテリーなし"
3161,23763,3666,1725,None (+ 0 JPY),249-250Days (Value Rental Pack: 6Months Pack + 2Months Pack + 8Days),1,カート用通常フラグ,new WiMAX HOME 5G L13 Unlimited Data,1,,,,,,,,*,wh/img001.jpg,*,wh/img001.jpg,,,,,,,,,,,,,,,,,,,,,,,0,1,en_wh_249,,1,,54020,54020,,5,,,,,,,,,,,,,,,,,"21,36,39","NEW rental,WiMAX HOME 5G L13,バッテリーなし"
3161,23764,3666,1726,None (+ 0 JPY),250-251Days (Value Rental Pack: 6Months Pack + 2Months Pack + 9Days),1,カート用通常フラグ,new WiMAX HOME 5G L13 Unlimited Data,1,,,,,,,,*,wh/img001.jpg,*,wh/img001.jpg,,,,,,,,,,,,,,,,,,,,,,,0,1,en_wh_250,,1,,54610,54610,,5,,,,,,,,,,,,,,,,,"21,36,39","NEW rental,WiMAX HOME 5G L13,バッテリーなし"
3161,23765,3666,1727,None (+ 0 JPY),251-252Days (Value Rental Pack: 6Months Pack + 2Months Pack + 10Days),1,カート用通常フラグ,new WiMAX HOME 5G L13 Unlimited Data,1,,,,,,,,*,wh/img001.jpg,*,wh/img001.jpg,,,,,,,,,,,,,,,,,,,,,,,0,1,en_wh_251,,1,,55200,55200,,5,,,,,,,,,,,,,,,,,"21,36,39","NEW rental,WiMAX HOME 5G L13,バッテリーなし"
3161,23766,3666,1728,None (+ 0 JPY),252-253Days (Value Rental Pack: 6Months Pack + 3Months Pack),1,カート用通常フラグ,new WiMAX HOME 5G L13 Unlimited Data,1,,,,,,,,*,wh/img001.jpg,*,wh/img001.jpg,,,,,,,,,,,,,,,,,,,,,,,0,1,en_wh_271,,1,,55600,55600,,5,,,,,,,,,,,,,,,,,"21,36,39","NEW rental,WiMAX HOME 5G L13,バッテリーなし"
3161,23767,3666,1729,None (+ 0 JPY),253-254Days (Value Rental Pack: 6Months Pack + 3Months Pack),1,カート用通常フラグ,new WiMAX HOME 5G L13 Unlimited Data,1,,,,,,,,*,wh/img001.jpg,*,wh/img001.jpg,,,,,,,,,,,,,,,,,,,,,,,0,1,en_wh_271,,1,,55600,55600,,5,,,,,,,,,,,,,,,,,"21,36,39","NEW rental,WiMAX HOME 5G L13,バッテリーなし"
3161,23768,3666,1730,None (+ 0 JPY),254-255Days (Value Rental Pack: 6Months Pack + 3Months Pack),1,カート用通常フラグ,new WiMAX HOME 5G L13 Unlimited Data,1,,,,,,,,*,wh/img001.jpg,*,wh/img001.jpg,,,,,,,,,,,,,,,,,,,,,,,0,1,en_wh_271,,1,,55600,55600,,5,,,,,,,,,,,,,,,,,"21,36,39","NEW rental,WiMAX HOME 5G L13,バッテリーなし"
3161,23769,3666,1731,None (+ 0 JPY),255-256Days (Value Rental Pack: 6Months Pack + 3Months Pack),1,カート用通常フラグ,new WiMAX HOME 5G L13 Unlimited Data,1,,,,,,,,*,wh/img001.jpg,*,wh/img001.jpg,,,,,,,,,,,,,,,,,,,,,,,0,1,en_wh_271,,1,,55600,55600,,5,,,,,,,,,,,,,,,,,"21,36,39","NEW rental,WiMAX HOME 5G L13,バッテリーなし"
3161,23770,3666,1732,None (+ 0 JPY),256-257Days (Value Rental Pack: 6Months Pack + 3Months Pack),1,カート用通常フラグ,new WiMAX HOME 5G L13 Unlimited Data,1,,,,,,,,*,wh/img001.jpg,*,wh/img001.jpg,,,,,,,,,,,,,,,,,,,,,,,0,1,en_wh_271,,1,,55600,55600,,5,,,,,,,,,,,,,,,,,"21,36,39","NEW rental,WiMAX HOME 5G L13,バッテリーなし"
3161,23771,3666,1733,None (+ 0 JPY),257-258Days (Value Rental Pack: 6Months Pack + 3Months Pack),1,カート用通常フラグ,new WiMAX HOME 5G L13 Unlimited Data,1,,,,,,,,*,wh/img001.jpg,*,wh/img001.jpg,,,,,,,,,,,,,,,,,,,,,,,0,1,en_wh_271,,1,,55600,55600,,5,,,,,,,,,,,,,,,,,"21,36,39","NEW rental,WiMAX HOME 5G L13,バッテリーなし"
3161,23772,3666,1734,None (+ 0 JPY),258-259Days (Value Rental Pack: 6Months Pack + 3Months Pack),1,カート用通常フラグ,new WiMAX HOME 5G L13 Unlimited Data,1,,,,,,,,*,wh/img001.jpg,*,wh/img001.jpg,,,,,,,,,,,,,,,,,,,,,,,0,1,en_wh_271,,1,,55600,55600,,5,,,,,,,,,,,,,,,,,"21,36,39","NEW rental,WiMAX HOME 5G L13,バッテリーなし"
3161,23773,3666,1735,None (+ 0 JPY),259-260Days (Value Rental Pack: 6Months Pack + 3Months Pack),1,カート用通常フラグ,new WiMAX HOME 5G L13 Unlimited Data,1,,,,,,,,*,wh/img001.jpg,*,wh/img001.jpg,,,,,,,,,,,,,,,,,,,,,,,0,1,en_wh_271,,1,,55600,55600,,5,,,,,,,,,,,,,,,,,"21,36,39","NEW rental,WiMAX HOME 5G L13,バッテリーなし"
3161,23774,3666,1736,None (+ 0 JPY),260-261Days (Value Rental Pack: 6Months Pack + 3Months Pack),1,カート用通常フラグ,new WiMAX HOME 5G L13 Unlimited Data,1,,,,,,,,*,wh/img001.jpg,*,wh/img001.jpg,,,,,,,,,,,,,,,,,,,,,,,0,1,en_wh_271,,1,,55600,55600,,5,,,,,,,,,,,,,,,,,"21,36,39","NEW rental,WiMAX HOME 5G L13,バッテリーなし"
3161,23775,3666,1737,None (+ 0 JPY),261-262Days (Value Rental Pack: 6Months Pack + 3Months Pack),1,カート用通常フラグ,new WiMAX HOME 5G L13 Unlimited Data,1,,,,,,,,*,wh/img001.jpg,*,wh/img001.jpg,,,,,,,,,,,,,,,,,,,,,,,0,1,en_wh_271,,1,,55600,55600,,5,,,,,,,,,,,,,,,,,"21,36,39","NEW rental,WiMAX HOME 5G L13,バッテリーなし"
3161,23776,3666,1738,None (+ 0 JPY),262-263Days (Value Rental Pack: 6Months Pack + 3Months Pack),1,カート用通常フラグ,new WiMAX HOME 5G L13 Unlimited Data,1,,,,,,,,*,wh/img001.jpg,*,wh/img001.jpg,,,,,,,,,,,,,,,,,,,,,,,0,1,en_wh_271,,1,,55600,55600,,5,,,,,,,,,,,,,,,,,"21,36,39","NEW rental,WiMAX HOME 5G L13,バッテリーなし"
3161,23777,3666,1739,None (+ 0 JPY),263-264Days (Value Rental Pack: 6Months Pack + 3Months Pack),1,カート用通常フラグ,new WiMAX HOME 5G L13 Unlimited Data,1,,,,,,,,*,wh/img001.jpg,*,wh/img001.jpg,,,,,,,,,,,,,,,,,,,,,,,0,1,en_wh_271,,1,,55600,55600,,5,,,,,,,,,,,,,,,,,"21,36,39","NEW rental,WiMAX HOME 5G L13,バッテリーなし"
3161,23778,3666,1740,None (+ 0 JPY),264-265Days (Value Rental Pack: 6Months Pack + 3Months Pack),1,カート用通常フラグ,new WiMAX HOME 5G L13 Unlimited Data,1,,,,,,,,*,wh/img001.jpg,*,wh/img001.jpg,,,,,,,,,,,,,,,,,,,,,,,0,1,en_wh_271,,1,,55600,55600,,5,,,,,,,,,,,,,,,,,"21,36,39","NEW rental,WiMAX HOME 5G L13,バッテリーなし"
3161,23779,3666,1741,None (+ 0 JPY),265-266Days (Value Rental Pack: 6Months Pack + 3Months Pack),1,カート用通常フラグ,new WiMAX HOME 5G L13 Unlimited Data,1,,,,,,,,*,wh/img001.jpg,*,wh/img001.jpg,,,,,,,,,,,,,,,,,,,,,,,0,1,en_wh_271,,1,,55600,55600,,5,,,,,,,,,,,,,,,,,"21,36,39","NEW rental,WiMAX HOME 5G L13,バッテリーなし"
3161,23780,3666,1742,None (+ 0 JPY),266-267Days (Value Rental Pack: 6Months Pack + 3Months Pack),1,カート用通常フラグ,new WiMAX HOME 5G L13 Unlimited Data,1,,,,,,,,*,wh/img001.jpg,*,wh/img001.jpg,,,,,,,,,,,,,,,,,,,,,,,0,1,en_wh_271,,1,,55600,55600,,5,,,,,,,,,,,,,,,,,"21,36,39","NEW rental,WiMAX HOME 5G L13,バッテリーなし"
3161,23781,3666,1743,None (+ 0 JPY),267-268Days (Value Rental Pack: 6Months Pack + 3Months Pack),1,カート用通常フラグ,new WiMAX HOME 5G L13 Unlimited Data,1,,,,,,,,*,wh/img001.jpg,*,wh/img001.jpg,,,,,,,,,,,,,,,,,,,,,,,0,1,en_wh_271,,1,,55600,55600,,5,,,,,,,,,,,,,,,,,"21,36,39","NEW rental,WiMAX HOME 5G L13,バッテリーなし"
3161,23782,3666,1744,None (+ 0 JPY),268-269Days (Value Rental Pack: 6Months Pack + 3Months Pack),1,カート用通常フラグ,new WiMAX HOME 5G L13 Unlimited Data,1,,,,,,,,*,wh/img001.jpg,*,wh/img001.jpg,,,,,,,,,,,,,,,,,,,,,,,0,1,en_wh_271,,1,,55600,55600,,5,,,,,,,,,,,,,,,,,"21,36,39","NEW rental,WiMAX HOME 5G L13,バッテリーなし"
3161,23783,3666,1745,None (+ 0 JPY),269-270Days (Value Rental Pack: 6Months Pack + 3Months Pack),1,カート用通常フラグ,new WiMAX HOME 5G L13 Unlimited Data,1,,,,,,,,*,wh/img001.jpg,*,wh/img001.jpg,,,,,,,,,,,,,,,,,,,,,,,0,1,en_wh_271,,1,,55600,55600,,5,,,,,,,,,,,,,,,,,"21,36,39","NEW rental,WiMAX HOME 5G L13,バッテリーなし"
3161,23784,3666,1746,None (+ 0 JPY),270-271Days (Value Rental Pack: 6Months Pack + 3Months Pack),1,カート用通常フラグ,new WiMAX HOME 5G L13 Unlimited Data,1,,,,,,,,*,wh/img001.jpg,*,wh/img001.jpg,,,,,,,,,,,,,,,,,,,,,,,0,1,en_wh_271,,1,,55600,55600,,5,,,,,,,,,,,,,,,,,"21,36,39","NEW rental,WiMAX HOME 5G L13,バッテリーなし"
3161,23785,3666,1747,None (+ 0 JPY),271-272Days (Value Rental Pack: 6Months Pack + 3Months Pack),1,カート用通常フラグ,new WiMAX HOME 5G L13 Unlimited Data,1,,,,,,,,*,wh/img001.jpg,*,wh/img001.jpg,,,,,,,,,,,,,,,,,,,,,,,0,1,en_wh_271,,1,,55600,55600,,5,,,,,,,,,,,,,,,,,"21,36,39","NEW rental,WiMAX HOME 5G L13,バッテリーなし"
3161,23786,3666,1748,None (+ 0 JPY),272-273Days (Value Rental Pack: 6Months Pack + 3Months Pack + 1Day),1,カート用通常フラグ,new WiMAX HOME 5G L13 Unlimited Data,1,,,,,,,,*,wh/img001.jpg,*,wh/img001.jpg,,,,,,,,,,,,,,,,,,,,,,,0,1,en_wh_272,,1,,56190,56190,,5,,,,,,,,,,,,,,,,,"21,36,39","NEW rental,WiMAX HOME 5G L13,バッテリーなし"
3161,23787,3666,1749,None (+ 0 JPY),273-274Days (Value Rental Pack: 6Months Pack + 3Months Pack + 2Days),1,カート用通常フラグ,new WiMAX HOME 5G L13 Unlimited Data,1,,,,,,,,*,wh/img001.jpg,*,wh/img001.jpg,,,,,,,,,,,,,,,,,,,,,,,0,1,en_wh_273,,1,,56780,56780,,5,,,,,,,,,,,,,,,,,"21,36,39","NEW rental,WiMAX HOME 5G L13,バッテリーなし"
3161,23788,3666,1750,None (+ 0 JPY),274-275Days (Value Rental Pack: 6Months Pack + 3Months Pack + 3Days),1,カート用通常フラグ,new WiMAX HOME 5G L13 Unlimited Data,1,,,,,,,,*,wh/img001.jpg,*,wh/img001.jpg,,,,,,,,,,,,,,,,,,,,,,,0,1,en_wh_274,,1,,57370,57370,,5,,,,,,,,,,,,,,,,,"21,36,39","NEW rental,WiMAX HOME 5G L13,バッテリーなし"
3161,23789,3666,1751,None (+ 0 JPY),275-276Days (Value Rental Pack: 6Months Pack + 3Months Pack + 4Days),1,カート用通常フラグ,new WiMAX HOME 5G L13 Unlimited Data,1,,,,,,,,*,wh/img001.jpg,*,wh/img001.jpg,,,,,,,,,,,,,,,,,,,,,,,0,1,en_wh_275,,1,,57960,57960,,5,,,,,,,,,,,,,,,,,"21,36,39","NEW rental,WiMAX HOME 5G L13,バッテリーなし"
3161,23790,3666,1752,None (+ 0 JPY),276-277Days (Value Rental Pack: 6Months Pack + 3Months Pack + 5Days),1,カート用通常フラグ,new WiMAX HOME 5G L13 Unlimited Data,1,,,,,,,,*,wh/img001.jpg,*,wh/img001.jpg,,,,,,,,,,,,,,,,,,,,,,,0,1,en_wh_276,,1,,58550,58550,,5,,,,,,,,,,,,,,,,,"21,36,39","NEW rental,WiMAX HOME 5G L13,バッテリーなし"
3161,23791,3666,1753,None (+ 0 JPY),277-278Days (Value Rental Pack: 6Months Pack + 3Months Pack + 6Days),1,カート用通常フラグ,new WiMAX HOME 5G L13 Unlimited Data,1,,,,,,,,*,wh/img001.jpg,*,wh/img001.jpg,,,,,,,,,,,,,,,,,,,,,,,0,1,en_wh_277,,1,,59140,59140,,5,,,,,,,,,,,,,,,,,"21,36,39","NEW rental,WiMAX HOME 5G L13,バッテリーなし"
3161,23792,3666,1754,None (+ 0 JPY),278-279Days (Value Rental Pack: 6Months Pack + 3Months Pack + 7Days),1,カート用通常フラグ,new WiMAX HOME 5G L13 Unlimited Data,1,,,,,,,,*,wh/img001.jpg,*,wh/img001.jpg,,,,,,,,,,,,,,,,,,,,,,,0,1,en_wh_278,,1,,59730,59730,,5,,,,,,,,,,,,,,,,,"21,36,39","NEW rental,WiMAX HOME 5G L13,バッテリーなし"
3161,23793,3666,1755,None (+ 0 JPY),279-280Days (Value Rental Pack: 6Months Pack + 3Months Pack + 8Days),1,カート用通常フラグ,new WiMAX HOME 5G L13 Unlimited Data,1,,,,,,,,*,wh/img001.jpg,*,wh/img001.jpg,,,,,,,,,,,,,,,,,,,,,,,0,1,en_wh_279,,1,,60320,60320,,5,,,,,,,,,,,,,,,,,"21,36,39","NEW rental,WiMAX HOME 5G L13,バッテリーなし"
3161,23794,3666,1756,None (+ 0 JPY),280-281Days (Value Rental Pack: 6Months Pack + 3Months Pack + 9Days),1,カート用通常フラグ,new WiMAX HOME 5G L13 Unlimited Data,1,,,,,,,,*,wh/img001.jpg,*,wh/img001.jpg,,,,,,,,,,,,,,,,,,,,,,,0,1,en_wh_280,,1,,60910,60910,,5,,,,,,,,,,,,,,,,,"21,36,39","NEW rental,WiMAX HOME 5G L13,バッテリーなし"
3161,23795,3666,1757,None (+ 0 JPY),281-282Days (Value Rental Pack: 6Months Pack + 4Months Pack),1,カート用通常フラグ,new WiMAX HOME 5G L13 Unlimited Data,1,,,,,,,,*,wh/img001.jpg,*,wh/img001.jpg,,,,,,,,,,,,,,,,,,,,,,,0,1,en_wh_301,,1,,61200,61200,,5,,,,,,,,,,,,,,,,,"21,36,39","NEW rental,WiMAX HOME 5G L13,バッテリーなし"
3161,23796,3666,1758,None (+ 0 JPY),282-283Days (Value Rental Pack: 6Months Pack + 4Months Pack),1,カート用通常フラグ,new WiMAX HOME 5G L13 Unlimited Data,1,,,,,,,,*,wh/img001.jpg,*,wh/img001.jpg,,,,,,,,,,,,,,,,,,,,,,,0,1,en_wh_301,,1,,61200,61200,,5,,,,,,,,,,,,,,,,,"21,36,39","NEW rental,WiMAX HOME 5G L13,バッテリーなし"
3161,23797,3666,1759,None (+ 0 JPY),283-284Days (Value Rental Pack: 6Months Pack + 4Months Pack),1,カート用通常フラグ,new WiMAX HOME 5G L13 Unlimited Data,1,,,,,,,,*,wh/img001.jpg,*,wh/img001.jpg,,,,,,,,,,,,,,,,,,,,,,,0,1,en_wh_301,,1,,61200,61200,,5,,,,,,,,,,,,,,,,,"21,36,39","NEW rental,WiMAX HOME 5G L13,バッテリーなし"
3161,23798,3666,1760,None (+ 0 JPY),284-285Days (Value Rental Pack: 6Months Pack + 4Months Pack),1,カート用通常フラグ,new WiMAX HOME 5G L13 Unlimited Data,1,,,,,,,,*,wh/img001.jpg,*,wh/img001.jpg,,,,,,,,,,,,,,,,,,,,,,,0,1,en_wh_301,,1,,61200,61200,,5,,,,,,,,,,,,,,,,,"21,36,39","NEW rental,WiMAX HOME 5G L13,バッテリーなし"
3161,23799,3666,1761,None (+ 0 JPY),285-286Days (Value Rental Pack: 6Months Pack + 4Months Pack),1,カート用通常フラグ,new WiMAX HOME 5G L13 Unlimited Data,1,,,,,,,,*,wh/img001.jpg,*,wh/img001.jpg,,,,,,,,,,,,,,,,,,,,,,,0,1,en_wh_301,,1,,61200,61200,,5,,,,,,,,,,,,,,,,,"21,36,39","NEW rental,WiMAX HOME 5G L13,バッテリーなし"
3161,23800,3666,1762,None (+ 0 JPY),286-287Days (Value Rental Pack: 6Months Pack + 4Months Pack),1,カート用通常フラグ,new WiMAX HOME 5G L13 Unlimited Data,1,,,,,,,,*,wh/img001.jpg,*,wh/img001.jpg,,,,,,,,,,,,,,,,,,,,,,,0,1,en_wh_301,,1,,61200,61200,,5,,,,,,,,,,,,,,,,,"21,36,39","NEW rental,WiMAX HOME 5G L13,バッテリーなし"
3161,23801,3666,1763,None (+ 0 JPY),287-288Days (Value Rental Pack: 6Months Pack + 4Months Pack),1,カート用通常フラグ,new WiMAX HOME 5G L13 Unlimited Data,1,,,,,,,,*,wh/img001.jpg,*,wh/img001.jpg,,,,,,,,,,,,,,,,,,,,,,,0,1,en_wh_301,,1,,61200,61200,,5,,,,,,,,,,,,,,,,,"21,36,39","NEW rental,WiMAX HOME 5G L13,バッテリーなし"
3161,23802,3666,1764,None (+ 0 JPY),288-289Days (Value Rental Pack: 6Months Pack + 4Months Pack),1,カート用通常フラグ,new WiMAX HOME 5G L13 Unlimited Data,1,,,,,,,,*,wh/img001.jpg,*,wh/img001.jpg,,,,,,,,,,,,,,,,,,,,,,,0,1,en_wh_301,,1,,61200,61200,,5,,,,,,,,,,,,,,,,,"21,36,39","NEW rental,WiMAX HOME 5G L13,バッテリーなし"
3161,23803,3666,1765,None (+ 0 JPY),289-290Days (Value Rental Pack: 6Months Pack + 4Months Pack),1,カート用通常フラグ,new WiMAX HOME 5G L13 Unlimited Data,1,,,,,,,,*,wh/img001.jpg,*,wh/img001.jpg,,,,,,,,,,,,,,,,,,,,,,,0,1,en_wh_301,,1,,61200,61200,,5,,,,,,,,,,,,,,,,,"21,36,39","NEW rental,WiMAX HOME 5G L13,バッテリーなし"
3161,23804,3666,1766,None (+ 0 JPY),290-291Days (Value Rental Pack: 6Months Pack + 4Months Pack),1,カート用通常フラグ,new WiMAX HOME 5G L13 Unlimited Data,1,,,,,,,,*,wh/img001.jpg,*,wh/img001.jpg,,,,,,,,,,,,,,,,,,,,,,,0,1,en_wh_301,,1,,61200,61200,,5,,,,,,,,,,,,,,,,,"21,36,39","NEW rental,WiMAX HOME 5G L13,バッテリーなし"
3161,23805,3666,1767,None (+ 0 JPY),291-292Days (Value Rental Pack: 6Months Pack + 4Months Pack),1,カート用通常フラグ,new WiMAX HOME 5G L13 Unlimited Data,1,,,,,,,,*,wh/img001.jpg,*,wh/img001.jpg,,,,,,,,,,,,,,,,,,,,,,,0,1,en_wh_301,,1,,61200,61200,,5,,,,,,,,,,,,,,,,,"21,36,39","NEW rental,WiMAX HOME 5G L13,バッテリーなし"
3161,23806,3666,1768,None (+ 0 JPY),292-293Days (Value Rental Pack: 6Months Pack + 4Months Pack),1,カート用通常フラグ,new WiMAX HOME 5G L13 Unlimited Data,1,,,,,,,,*,wh/img001.jpg,*,wh/img001.jpg,,,,,,,,,,,,,,,,,,,,,,,0,1,en_wh_301,,1,,61200,61200,,5,,,,,,,,,,,,,,,,,"21,36,39","NEW rental,WiMAX HOME 5G L13,バッテリーなし"
3161,23807,3666,1769,None (+ 0 JPY),293-294Days (Value Rental Pack: 6Months Pack + 4Months Pack),1,カート用通常フラグ,new WiMAX HOME 5G L13 Unlimited Data,1,,,,,,,,*,wh/img001.jpg,*,wh/img001.jpg,,,,,,,,,,,,,,,,,,,,,,,0,1,en_wh_301,,1,,61200,61200,,5,,,,,,,,,,,,,,,,,"21,36,39","NEW rental,WiMAX HOME 5G L13,バッテリーなし"
3161,23808,3666,1770,None (+ 0 JPY),294-295Days (Value Rental Pack: 6Months Pack + 4Months Pack),1,カート用通常フラグ,new WiMAX HOME 5G L13 Unlimited Data,1,,,,,,,,*,wh/img001.jpg,*,wh/img001.jpg,,,,,,,,,,,,,,,,,,,,,,,0,1,en_wh_301,,1,,61200,61200,,5,,,,,,,,,,,,,,,,,"21,36,39","NEW rental,WiMAX HOME 5G L13,バッテリーなし"
3161,23809,3666,1771,None (+ 0 JPY),295-296Days (Value Rental Pack: 6Months Pack + 4Months Pack),1,カート用通常フラグ,new WiMAX HOME 5G L13 Unlimited Data,1,,,,,,,,*,wh/img001.jpg,*,wh/img001.jpg,,,,,,,,,,,,,,,,,,,,,,,0,1,en_wh_301,,1,,61200,61200,,5,,,,,,,,,,,,,,,,,"21,36,39","NEW rental,WiMAX HOME 5G L13,バッテリーなし"
3161,23810,3666,1772,None (+ 0 JPY),296-297Days (Value Rental Pack: 6Months Pack + 4Months Pack),1,カート用通常フラグ,new WiMAX HOME 5G L13 Unlimited Data,1,,,,,,,,*,wh/img001.jpg,*,wh/img001.jpg,,,,,,,,,,,,,,,,,,,,,,,0,1,en_wh_301,,1,,61200,61200,,5,,,,,,,,,,,,,,,,,"21,36,39","NEW rental,WiMAX HOME 5G L13,バッテリーなし"
3161,23811,3666,1773,None (+ 0 JPY),297-298Days (Value Rental Pack: 6Months Pack + 4Months Pack),1,カート用通常フラグ,new WiMAX HOME 5G L13 Unlimited Data,1,,,,,,,,*,wh/img001.jpg,*,wh/img001.jpg,,,,,,,,,,,,,,,,,,,,,,,0,1,en_wh_301,,1,,61200,61200,,5,,,,,,,,,,,,,,,,,"21,36,39","NEW rental,WiMAX HOME 5G L13,バッテリーなし"
3161,23812,3666,1774,None (+ 0 JPY),298-299Days (Value Rental Pack: 6Months Pack + 4Months Pack),1,カート用通常フラグ,new WiMAX HOME 5G L13 Unlimited Data,1,,,,,,,,*,wh/img001.jpg,*,wh/img001.jpg,,,,,,,,,,,,,,,,,,,,,,,0,1,en_wh_301,,1,,61200,61200,,5,,,,,,,,,,,,,,,,,"21,36,39","NEW rental,WiMAX HOME 5G L13,バッテリーなし"
3161,23813,3666,1775,None (+ 0 JPY),299-300Days (Value Rental Pack: 6Months Pack + 4Months Pack),1,カート用通常フラグ,new WiMAX HOME 5G L13 Unlimited Data,1,,,,,,,,*,wh/img001.jpg,*,wh/img001.jpg,,,,,,,,,,,,,,,,,,,,,,,0,1,en_wh_301,,1,,61200,61200,,5,,,,,,,,,,,,,,,,,"21,36,39","NEW rental,WiMAX HOME 5G L13,バッテリーなし"
3161,23814,3666,1776,None (+ 0 JPY),300-301Days (Value Rental Pack: 6Months Pack + 4Months Pack),1,カート用通常フラグ,new WiMAX HOME 5G L13 Unlimited Data,1,,,,,,,,*,wh/img001.jpg,*,wh/img001.jpg,,,,,,,,,,,,,,,,,,,,,,,0,1,en_wh_301,,1,,61200,61200,,5,,,,,,,,,,,,,,,,,"21,36,39","NEW rental,WiMAX HOME 5G L13,バッテリーなし"
3161,23815,3666,1777,None (+ 0 JPY),301-302Days (Value Rental Pack: 6Months Pack + 4Months Pack),1,カート用通常フラグ,new WiMAX HOME 5G L13 Unlimited Data,1,,,,,,,,*,wh/img001.jpg,*,wh/img001.jpg,,,,,,,,,,,,,,,,,,,,,,,0,1,en_wh_301,,1,,61200,61200,,5,,,,,,,,,,,,,,,,,"21,36,39","NEW rental,WiMAX HOME 5G L13,バッテリーなし"
3161,23816,3666,1778,None (+ 0 JPY),302-303Days (Value Rental Pack: 6Months Pack + 4Months Pack + 1Day),1,カート用通常フラグ,new WiMAX HOME 5G L13 Unlimited Data,1,,,,,,,,*,wh/img001.jpg,*,wh/img001.jpg,,,,,,,,,,,,,,,,,,,,,,,0,1,en_wh_302,,1,,61790,61790,,5,,,,,,,,,,,,,,,,,"21,36,39","NEW rental,WiMAX HOME 5G L13,バッテリーなし"
3161,23817,3666,1779,None (+ 0 JPY),303-304Days (Value Rental Pack: 6Months Pack + 4Months Pack + 2Days),1,カート用通常フラグ,new WiMAX HOME 5G L13 Unlimited Data,1,,,,,,,,*,wh/img001.jpg,*,wh/img001.jpg,,,,,,,,,,,,,,,,,,,,,,,0,1,en_wh_303,,1,,62380,62380,,5,,,,,,,,,,,,,,,,,"21,36,39","NEW rental,WiMAX HOME 5G L13,バッテリーなし"
3161,23818,3666,1780,None (+ 0 JPY),304-305Days (Value Rental Pack: 6Months Pack + 4Months Pack + 3Days),1,カート用通常フラグ,new WiMAX HOME 5G L13 Unlimited Data,1,,,,,,,,*,wh/img001.jpg,*,wh/img001.jpg,,,,,,,,,,,,,,,,,,,,,,,0,1,en_wh_304,,1,,62970,62970,,5,,,,,,,,,,,,,,,,,"21,36,39","NEW rental,WiMAX HOME 5G L13,バッテリーなし"
3161,23819,3666,1781,None (+ 0 JPY),305-306Days (Value Rental Pack: 6Months Pack + 4Months Pack + 4Days),1,カート用通常フラグ,new WiMAX HOME 5G L13 Unlimited Data,1,,,,,,,,*,wh/img001.jpg,*,wh/img001.jpg,,,,,,,,,,,,,,,,,,,,,,,0,1,en_wh_305,,1,,63560,63560,,5,,,,,,,,,,,,,,,,,"21,36,39","NEW rental,WiMAX HOME 5G L13,バッテリーなし"
3161,23820,3666,1782,None (+ 0 JPY),306-307Days (Value Rental Pack: 6Months Pack + 4Months Pack + 5Days),1,カート用通常フラグ,new WiMAX HOME 5G L13 Unlimited Data,1,,,,,,,,*,wh/img001.jpg,*,wh/img001.jpg,,,,,,,,,,,,,,,,,,,,,,,0,1,en_wh_306,,1,,64150,64150,,5,,,,,,,,,,,,,,,,,"21,36,39","NEW rental,WiMAX HOME 5G L13,バッテリーなし"
3161,23821,3666,1783,None (+ 0 JPY),307-308Days (Value Rental Pack: 6Months Pack + 5Months Pack),1,カート用通常フラグ,new WiMAX HOME 5G L13 Unlimited Data,1,,,,,,,,*,wh/img001.jpg,*,wh/img001.jpg,,,,,,,,,,,,,,,,,,,,,,,0,1,en_wh_331,,1,,64200,64200,,5,,,,,,,,,,,,,,,,,"21,36,39","NEW rental,WiMAX HOME 5G L13,バッテリーなし"
3161,23822,3666,1784,None (+ 0 JPY),308-309Days (Value Rental Pack: 6Months Pack + 5Months Pack),1,カート用通常フラグ,new WiMAX HOME 5G L13 Unlimited Data,1,,,,,,,,*,wh/img001.jpg,*,wh/img001.jpg,,,,,,,,,,,,,,,,,,,,,,,0,1,en_wh_331,,1,,64200,64200,,5,,,,,,,,,,,,,,,,,"21,36,39","NEW rental,WiMAX HOME 5G L13,バッテリーなし"
3161,23823,3666,1785,None (+ 0 JPY),309-310Days (Value Rental Pack: 6Months Pack + 5Months Pack),1,カート用通常フラグ,new WiMAX HOME 5G L13 Unlimited Data,1,,,,,,,,*,wh/img001.jpg,*,wh/img001.jpg,,,,,,,,,,,,,,,,,,,,,,,0,1,en_wh_331,,1,,64200,64200,,5,,,,,,,,,,,,,,,,,"21,36,39","NEW rental,WiMAX HOME 5G L13,バッテリーなし"
3161,23824,3666,1786,None (+ 0 JPY),310-311Days (Value Rental Pack: 6Months Pack + 5Months Pack),1,カート用通常フラグ,new WiMAX HOME 5G L13 Unlimited Data,1,,,,,,,,*,wh/img001.jpg,*,wh/img001.jpg,,,,,,,,,,,,,,,,,,,,,,,0,1,en_wh_331,,1,,64200,64200,,5,,,,,,,,,,,,,,,,,"21,36,39","NEW rental,WiMAX HOME 5G L13,バッテリーなし"
3161,23825,3666,1787,None (+ 0 JPY),311-312Days (Value Rental Pack: 6Months Pack + 5Months Pack),1,カート用通常フラグ,new WiMAX HOME 5G L13 Unlimited Data,1,,,,,,,,*,wh/img001.jpg,*,wh/img001.jpg,,,,,,,,,,,,,,,,,,,,,,,0,1,en_wh_331,,1,,64200,64200,,5,,,,,,,,,,,,,,,,,"21,36,39","NEW rental,WiMAX HOME 5G L13,バッテリーなし"
3161,23826,3666,1788,None (+ 0 JPY),312-313Days (Value Rental Pack: 6Months Pack + 5Months Pack),1,カート用通常フラグ,new WiMAX HOME 5G L13 Unlimited Data,1,,,,,,,,*,wh/img001.jpg,*,wh/img001.jpg,,,,,,,,,,,,,,,,,,,,,,,0,1,en_wh_331,,1,,64200,64200,,5,,,,,,,,,,,,,,,,,"21,36,39","NEW rental,WiMAX HOME 5G L13,バッテリーなし"
3161,23827,3666,1789,None (+ 0 JPY),313-314Days (Value Rental Pack: 6Months Pack + 5Months Pack),1,カート用通常フラグ,new WiMAX HOME 5G L13 Unlimited Data,1,,,,,,,,*,wh/img001.jpg,*,wh/img001.jpg,,,,,,,,,,,,,,,,,,,,,,,0,1,en_wh_331,,1,,64200,64200,,5,,,,,,,,,,,,,,,,,"21,36,39","NEW rental,WiMAX HOME 5G L13,バッテリーなし"
3161,23828,3666,1790,None (+ 0 JPY),314-315Days (Value Rental Pack: 6Months Pack + 5Months Pack),1,カート用通常フラグ,new WiMAX HOME 5G L13 Unlimited Data,1,,,,,,,,*,wh/img001.jpg,*,wh/img001.jpg,,,,,,,,,,,,,,,,,,,,,,,0,1,en_wh_331,,1,,64200,64200,,5,,,,,,,,,,,,,,,,,"21,36,39","NEW rental,WiMAX HOME 5G L13,バッテリーなし"
3161,23829,3666,1791,None (+ 0 JPY),315-316Days (Value Rental Pack: 6Months Pack + 5Months Pack),1,カート用通常フラグ,new WiMAX HOME 5G L13 Unlimited Data,1,,,,,,,,*,wh/img001.jpg,*,wh/img001.jpg,,,,,,,,,,,,,,,,,,,,,,,0,1,en_wh_331,,1,,64200,64200,,5,,,,,,,,,,,,,,,,,"21,36,39","NEW rental,WiMAX HOME 5G L13,バッテリーなし"
3161,23830,3666,1792,None (+ 0 JPY),316-317Days (Value Rental Pack: 6Months Pack + 5Months Pack),1,カート用通常フラグ,new WiMAX HOME 5G L13 Unlimited Data,1,,,,,,,,*,wh/img001.jpg,*,wh/img001.jpg,,,,,,,,,,,,,,,,,,,,,,,0,1,en_wh_331,,1,,64200,64200,,5,,,,,,,,,,,,,,,,,"21,36,39","NEW rental,WiMAX HOME 5G L13,バッテリーなし"
3161,23831,3666,1793,None (+ 0 JPY),317-318Days (Value Rental Pack: 6Months Pack + 5Months Pack),1,カート用通常フラグ,new WiMAX HOME 5G L13 Unlimited Data,1,,,,,,,,*,wh/img001.jpg,*,wh/img001.jpg,,,,,,,,,,,,,,,,,,,,,,,0,1,en_wh_331,,1,,64200,64200,,5,,,,,,,,,,,,,,,,,"21,36,39","NEW rental,WiMAX HOME 5G L13,バッテリーなし"
3161,23832,3666,1794,None (+ 0 JPY),318-319Days (Value Rental Pack: 6Months Pack + 5Months Pack),1,カート用通常フラグ,new WiMAX HOME 5G L13 Unlimited Data,1,,,,,,,,*,wh/img001.jpg,*,wh/img001.jpg,,,,,,,,,,,,,,,,,,,,,,,0,1,en_wh_331,,1,,64200,64200,,5,,,,,,,,,,,,,,,,,"21,36,39","NEW rental,WiMAX HOME 5G L13,バッテリーなし"
3161,23833,3666,1795,None (+ 0 JPY),319-320Days (Value Rental Pack: 6Months Pack + 5Months Pack),1,カート用通常フラグ,new WiMAX HOME 5G L13 Unlimited Data,1,,,,,,,,*,wh/img001.jpg,*,wh/img001.jpg,,,,,,,,,,,,,,,,,,,,,,,0,1,en_wh_331,,1,,64200,64200,,5,,,,,,,,,,,,,,,,,"21,36,39","NEW rental,WiMAX HOME 5G L13,バッテリーなし"
3161,23834,3666,1796,None (+ 0 JPY),320-321Days (Value Rental Pack: 6Months Pack + 5Months Pack),1,カート用通常フラグ,new WiMAX HOME 5G L13 Unlimited Data,1,,,,,,,,*,wh/img001.jpg,*,wh/img001.jpg,,,,,,,,,,,,,,,,,,,,,,,0,1,en_wh_331,,1,,64200,64200,,5,,,,,,,,,,,,,,,,,"21,36,39","NEW rental,WiMAX HOME 5G L13,バッテリーなし"
3161,23835,3666,1797,None (+ 0 JPY),321-322Days (Value Rental Pack: 6Months Pack + 5Months Pack),1,カート用通常フラグ,new WiMAX HOME 5G L13 Unlimited Data,1,,,,,,,,*,wh/img001.jpg,*,wh/img001.jpg,,,,,,,,,,,,,,,,,,,,,,,0,1,en_wh_331,,1,,64200,64200,,5,,,,,,,,,,,,,,,,,"21,36,39","NEW rental,WiMAX HOME 5G L13,バッテリーなし"
3161,23836,3666,1798,None (+ 0 JPY),322-323Days (Value Rental Pack: 6Months Pack + 5Months Pack),1,カート用通常フラグ,new WiMAX HOME 5G L13 Unlimited Data,1,,,,,,,,*,wh/img001.jpg,*,wh/img001.jpg,,,,,,,,,,,,,,,,,,,,,,,0,1,en_wh_331,,1,,64200,64200,,5,,,,,,,,,,,,,,,,,"21,36,39","NEW rental,WiMAX HOME 5G L13,バッテリーなし"
3161,23837,3666,1799,None (+ 0 JPY),323-324Days (Value Rental Pack: 6Months Pack + 5Months Pack),1,カート用通常フラグ,new WiMAX HOME 5G L13 Unlimited Data,1,,,,,,,,*,wh/img001.jpg,*,wh/img001.jpg,,,,,,,,,,,,,,,,,,,,,,,0,1,en_wh_331,,1,,64200,64200,,5,,,,,,,,,,,,,,,,,"21,36,39","NEW rental,WiMAX HOME 5G L13,バッテリーなし"
3161,23838,3666,1800,None (+ 0 JPY),324-325Days (Value Rental Pack: 6Months Pack + 5Months Pack),1,カート用通常フラグ,new WiMAX HOME 5G L13 Unlimited Data,1,,,,,,,,*,wh/img001.jpg,*,wh/img001.jpg,,,,,,,,,,,,,,,,,,,,,,,0,1,en_wh_331,,1,,64200,64200,,5,,,,,,,,,,,,,,,,,"21,36,39","NEW rental,WiMAX HOME 5G L13,バッテリーなし"
3161,23839,3666,1801,None (+ 0 JPY),325-326Days (Value Rental Pack: 6Months Pack + 5Months Pack),1,カート用通常フラグ,new WiMAX HOME 5G L13 Unlimited Data,1,,,,,,,,*,wh/img001.jpg,*,wh/img001.jpg,,,,,,,,,,,,,,,,,,,,,,,0,1,en_wh_331,,1,,64200,64200,,5,,,,,,,,,,,,,,,,,"21,36,39","NEW rental,WiMAX HOME 5G L13,バッテリーなし"
3161,23840,3666,1802,None (+ 0 JPY),326-327Days (Value Rental Pack: 6Months Pack + 5Months Pack),1,カート用通常フラグ,new WiMAX HOME 5G L13 Unlimited Data,1,,,,,,,,*,wh/img001.jpg,*,wh/img001.jpg,,,,,,,,,,,,,,,,,,,,,,,0,1,en_wh_331,,1,,64200,64200,,5,,,,,,,,,,,,,,,,,"21,36,39","NEW rental,WiMAX HOME 5G L13,バッテリーなし"
3161,23841,3666,1803,None (+ 0 JPY),327-328Days (Value Rental Pack: 6Months Pack + 5Months Pack),1,カート用通常フラグ,new WiMAX HOME 5G L13 Unlimited Data,1,,,,,,,,*,wh/img001.jpg,*,wh/img001.jpg,,,,,,,,,,,,,,,,,,,,,,,0,1,en_wh_331,,1,,64200,64200,,5,,,,,,,,,,,,,,,,,"21,36,39","NEW rental,WiMAX HOME 5G L13,バッテリーなし"
3161,23842,3666,1804,None (+ 0 JPY),328-329Days (Value Rental Pack: 6Months Pack + 5Months Pack),1,カート用通常フラグ,new WiMAX HOME 5G L13 Unlimited Data,1,,,,,,,,*,wh/img001.jpg,*,wh/img001.jpg,,,,,,,,,,,,,,,,,,,,,,,0,1,en_wh_331,,1,,64200,64200,,5,,,,,,,,,,,,,,,,,"21,36,39","NEW rental,WiMAX HOME 5G L13,バッテリーなし"
3161,23843,3666,1805,None (+ 0 JPY),329-330Days (Value Rental Pack: 6Months Pack + 5Months Pack),1,カート用通常フラグ,new WiMAX HOME 5G L13 Unlimited Data,1,,,,,,,,*,wh/img001.jpg,*,wh/img001.jpg,,,,,,,,,,,,,,,,,,,,,,,0,1,en_wh_331,,1,,64200,64200,,5,,,,,,,,,,,,,,,,,"21,36,39","NEW rental,WiMAX HOME 5G L13,バッテリーなし"
3161,23844,3666,1806,None (+ 0 JPY),330-331Days (Value Rental Pack: 6Months Pack + 5Months Pack),1,カート用通常フラグ,new WiMAX HOME 5G L13 Unlimited Data,1,,,,,,,,*,wh/img001.jpg,*,wh/img001.jpg,,,,,,,,,,,,,,,,,,,,,,,0,1,en_wh_331,,1,,64200,64200,,5,,,,,,,,,,,,,,,,,"21,36,39","NEW rental,WiMAX HOME 5G L13,バッテリーなし"
3161,23845,3666,1807,None (+ 0 JPY),331-332Days (Value Rental Pack: 6Months Pack + 5Months Pack),1,カート用通常フラグ,new WiMAX HOME 5G L13 Unlimited Data,1,,,,,,,,*,wh/img001.jpg,*,wh/img001.jpg,,,,,,,,,,,,,,,,,,,,,,,0,1,en_wh_331,,1,,64200,64200,,5,,,,,,,,,,,,,,,,,"21,36,39","NEW rental,WiMAX HOME 5G L13,バッテリーなし"
3161,23846,3666,1808,None (+ 0 JPY),332-333Days (Value Rental Pack: 6Months Pack + 5Months Pack + 1Day),1,カート用通常フラグ,new WiMAX HOME 5G L13 Unlimited Data,1,,,,,,,,*,wh/img001.jpg,*,wh/img001.jpg,,,,,,,,,,,,,,,,,,,,,,,0,1,en_wh_332,,1,,64790,64790,,5,,,,,,,,,,,,,,,,,"21,36,39","NEW rental,WiMAX HOME 5G L13,バッテリーなし"
3161,23847,3666,1809,None (+ 0 JPY),333-334Days (Value Rental Pack: 6Months Pack + 5Months Pack + 2Days),1,カート用通常フラグ,new WiMAX HOME 5G L13 Unlimited Data,1,,,,,,,,*,wh/img001.jpg,*,wh/img001.jpg,,,,,,,,,,,,,,,,,,,,,,,0,1,en_wh_333,,1,,65380,65380,,5,,,,,,,,,,,,,,,,,"21,36,39","NEW rental,WiMAX HOME 5G L13,バッテリーなし"
3161,23848,3666,1810,None (+ 0 JPY),334-335Days (Value Rental Pack: 6Months Pack + 5Months Pack + 3Days),1,カート用通常フラグ,new WiMAX HOME 5G L13 Unlimited Data,1,,,,,,,,*,wh/img001.jpg,*,wh/img001.jpg,,,,,,,,,,,,,,,,,,,,,,,0,1,en_wh_334,,1,,65970,65970,,5,,,,,,,,,,,,,,,,,"21,36,39","NEW rental,WiMAX HOME 5G L13,バッテリーなし"
3161,23849,3666,1811,None (+ 0 JPY),335-336Days (Value Rental Pack: 6Months Pack + 5Months Pack + 4Days),1,カート用通常フラグ,new WiMAX HOME 5G L13 Unlimited Data,1,,,,,,,,*,wh/img001.jpg,*,wh/img001.jpg,,,,,,,,,,,,,,,,,,,,,,,0,1,en_wh_335,,1,,66560,66560,,5,,,,,,,,,,,,,,,,,"21,36,39","NEW rental,WiMAX HOME 5G L13,バッテリーなし"
3161,23850,3666,1812,None (+ 0 JPY),336-337Days (Value Rental Pack: 6Months Pack + 5Months Pack + 5Days),1,カート用通常フラグ,new WiMAX HOME 5G L13 Unlimited Data,1,,,,,,,,*,wh/img001.jpg,*,wh/img001.jpg,,,,,,,,,,,,,,,,,,,,,,,0,1,en_wh_336,,1,,67150,67150,,5,,,,,,,,,,,,,,,,,"21,36,39","NEW rental,WiMAX HOME 5G L13,バッテリーなし"
3161,23851,3666,1813,None (+ 0 JPY),337-338Days (Value Rental Pack: 6Months Pack + 6Months Pack),1,カート用通常フラグ,new WiMAX HOME 5G L13 Unlimited Data,1,,,,,,,,*,wh/img001.jpg,*,wh/img001.jpg,,,,,,,,,,,,,,,,,,,,,,,0,1,en_wh_361,,1,,67200,67200,,5,,,,,,,,,,,,,,,,,"21,36,39","NEW rental,WiMAX HOME 5G L13,バッテリーなし"
3161,23852,3666,1814,None (+ 0 JPY),338-339Days (Value Rental Pack: 6Months Pack + 6Months Pack),1,カート用通常フラグ,new WiMAX HOME 5G L13 Unlimited Data,1,,,,,,,,*,wh/img001.jpg,*,wh/img001.jpg,,,,,,,,,,,,,,,,,,,,,,,0,1,en_wh_361,,1,,67200,67200,,5,,,,,,,,,,,,,,,,,"21,36,39","NEW rental,WiMAX HOME 5G L13,バッテリーなし"
3161,23853,3666,1815,None (+ 0 JPY),339-340Days (Value Rental Pack: 6Months Pack + 6Months Pack),1,カート用通常フラグ,new WiMAX HOME 5G L13 Unlimited Data,1,,,,,,,,*,wh/img001.jpg,*,wh/img001.jpg,,,,,,,,,,,,,,,,,,,,,,,0,1,en_wh_361,,1,,67200,67200,,5,,,,,,,,,,,,,,,,,"21,36,39","NEW rental,WiMAX HOME 5G L13,バッテリーなし"
3161,23854,3666,1816,None (+ 0 JPY),340-341Days (Value Rental Pack: 6Months Pack + 6Months Pack),1,カート用通常フラグ,new WiMAX HOME 5G L13 Unlimited Data,1,,,,,,,,*,wh/img001.jpg,*,wh/img001.jpg,,,,,,,,,,,,,,,,,,,,,,,0,1,en_wh_361,,1,,67200,67200,,5,,,,,,,,,,,,,,,,,"21,36,39","NEW rental,WiMAX HOME 5G L13,バッテリーなし"
3161,23855,3666,1817,None (+ 0 JPY),341-342Days (Value Rental Pack: 6Months Pack + 6Months Pack),1,カート用通常フラグ,new WiMAX HOME 5G L13 Unlimited Data,1,,,,,,,,*,wh/img001.jpg,*,wh/img001.jpg,,,,,,,,,,,,,,,,,,,,,,,0,1,en_wh_361,,1,,67200,67200,,5,,,,,,,,,,,,,,,,,"21,36,39","NEW rental,WiMAX HOME 5G L13,バッテリーなし"
3161,23856,3666,1818,None (+ 0 JPY),342-343Days (Value Rental Pack: 6Months Pack + 6Months Pack),1,カート用通常フラグ,new WiMAX HOME 5G L13 Unlimited Data,1,,,,,,,,*,wh/img001.jpg,*,wh/img001.jpg,,,,,,,,,,,,,,,,,,,,,,,0,1,en_wh_361,,1,,67200,67200,,5,,,,,,,,,,,,,,,,,"21,36,39","NEW rental,WiMAX HOME 5G L13,バッテリーなし"
3161,23857,3666,1819,None (+ 0 JPY),343-344Days (Value Rental Pack: 6Months Pack + 6Months Pack),1,カート用通常フラグ,new WiMAX HOME 5G L13 Unlimited Data,1,,,,,,,,*,wh/img001.jpg,*,wh/img001.jpg,,,,,,,,,,,,,,,,,,,,,,,0,1,en_wh_361,,1,,67200,67200,,5,,,,,,,,,,,,,,,,,"21,36,39","NEW rental,WiMAX HOME 5G L13,バッテリーなし"
3161,23858,3666,1820,None (+ 0 JPY),344-345Days (Value Rental Pack: 6Months Pack + 6Months Pack),1,カート用通常フラグ,new WiMAX HOME 5G L13 Unlimited Data,1,,,,,,,,*,wh/img001.jpg,*,wh/img001.jpg,,,,,,,,,,,,,,,,,,,,,,,0,1,en_wh_361,,1,,67200,67200,,5,,,,,,,,,,,,,,,,,"21,36,39","NEW rental,WiMAX HOME 5G L13,バッテリーなし"
3161,23859,3666,1821,None (+ 0 JPY),345-346Days (Value Rental Pack: 6Months Pack + 6Months Pack),1,カート用通常フラグ,new WiMAX HOME 5G L13 Unlimited Data,1,,,,,,,,*,wh/img001.jpg,*,wh/img001.jpg,,,,,,,,,,,,,,,,,,,,,,,0,1,en_wh_361,,1,,67200,67200,,5,,,,,,,,,,,,,,,,,"21,36,39","NEW rental,WiMAX HOME 5G L13,バッテリーなし"
3161,23860,3666,1822,None (+ 0 JPY),346-347Days (Value Rental Pack: 6Months Pack + 6Months Pack),1,カート用通常フラグ,new WiMAX HOME 5G L13 Unlimited Data,1,,,,,,,,*,wh/img001.jpg,*,wh/img001.jpg,,,,,,,,,,,,,,,,,,,,,,,0,1,en_wh_361,,1,,67200,67200,,5,,,,,,,,,,,,,,,,,"21,36,39","NEW rental,WiMAX HOME 5G L13,バッテリーなし"
3161,23861,3666,1823,None (+ 0 JPY),347-348Days (Value Rental Pack: 6Months Pack + 6Months Pack),1,カート用通常フラグ,new WiMAX HOME 5G L13 Unlimited Data,1,,,,,,,,*,wh/img001.jpg,*,wh/img001.jpg,,,,,,,,,,,,,,,,,,,,,,,0,1,en_wh_361,,1,,67200,67200,,5,,,,,,,,,,,,,,,,,"21,36,39","NEW rental,WiMAX HOME 5G L13,バッテリーなし"
3161,23862,3666,1824,None (+ 0 JPY),348-349Days (Value Rental Pack: 6Months Pack + 6Months Pack),1,カート用通常フラグ,new WiMAX HOME 5G L13 Unlimited Data,1,,,,,,,,*,wh/img001.jpg,*,wh/img001.jpg,,,,,,,,,,,,,,,,,,,,,,,0,1,en_wh_361,,1,,67200,67200,,5,,,,,,,,,,,,,,,,,"21,36,39","NEW rental,WiMAX HOME 5G L13,バッテリーなし"
3161,23863,3666,1825,None (+ 0 JPY),349-350Days (Value Rental Pack: 6Months Pack + 6Months Pack),1,カート用通常フラグ,new WiMAX HOME 5G L13 Unlimited Data,1,,,,,,,,*,wh/img001.jpg,*,wh/img001.jpg,,,,,,,,,,,,,,,,,,,,,,,0,1,en_wh_361,,1,,67200,67200,,5,,,,,,,,,,,,,,,,,"21,36,39","NEW rental,WiMAX HOME 5G L13,バッテリーなし"
3161,23864,3666,1826,None (+ 0 JPY),350-351Days (Value Rental Pack: 6Months Pack + 6Months Pack),1,カート用通常フラグ,new WiMAX HOME 5G L13 Unlimited Data,1,,,,,,,,*,wh/img001.jpg,*,wh/img001.jpg,,,,,,,,,,,,,,,,,,,,,,,0,1,en_wh_361,,1,,67200,67200,,5,,,,,,,,,,,,,,,,,"21,36,39","NEW rental,WiMAX HOME 5G L13,バッテリーなし"
3161,23865,3666,1827,None (+ 0 JPY),351-352Days (Value Rental Pack: 6Months Pack + 6Months Pack),1,カート用通常フラグ,new WiMAX HOME 5G L13 Unlimited Data,1,,,,,,,,*,wh/img001.jpg,*,wh/img001.jpg,,,,,,,,,,,,,,,,,,,,,,,0,1,en_wh_361,,1,,67200,67200,,5,,,,,,,,,,,,,,,,,"21,36,39","NEW rental,WiMAX HOME 5G L13,バッテリーなし"
3161,23866,3666,1828,None (+ 0 JPY),352-353Days (Value Rental Pack: 6Months Pack + 6Months Pack),1,カート用通常フラグ,new WiMAX HOME 5G L13 Unlimited Data,1,,,,,,,,*,wh/img001.jpg,*,wh/img001.jpg,,,,,,,,,,,,,,,,,,,,,,,0,1,en_wh_361,,1,,67200,67200,,5,,,,,,,,,,,,,,,,,"21,36,39","NEW rental,WiMAX HOME 5G L13,バッテリーなし"
3161,23867,3666,1829,None (+ 0 JPY),353-354Days (Value Rental Pack: 6Months Pack + 6Months Pack),1,カート用通常フラグ,new WiMAX HOME 5G L13 Unlimited Data,1,,,,,,,,*,wh/img001.jpg,*,wh/img001.jpg,,,,,,,,,,,,,,,,,,,,,,,0,1,en_wh_361,,1,,67200,67200,,5,,,,,,,,,,,,,,,,,"21,36,39","NEW rental,WiMAX HOME 5G L13,バッテリーなし"
3161,23868,3666,1830,None (+ 0 JPY),354-355Days (Value Rental Pack: 6Months Pack + 6Months Pack),1,カート用通常フラグ,new WiMAX HOME 5G L13 Unlimited Data,1,,,,,,,,*,wh/img001.jpg,*,wh/img001.jpg,,,,,,,,,,,,,,,,,,,,,,,0,1,en_wh_361,,1,,67200,67200,,5,,,,,,,,,,,,,,,,,"21,36,39","NEW rental,WiMAX HOME 5G L13,バッテリーなし"
3161,23869,3666,1831,None (+ 0 JPY),355-356Days (Value Rental Pack: 6Months Pack + 6Months Pack),1,カート用通常フラグ,new WiMAX HOME 5G L13 Unlimited Data,1,,,,,,,,*,wh/img001.jpg,*,wh/img001.jpg,,,,,,,,,,,,,,,,,,,,,,,0,1,en_wh_361,,1,,67200,67200,,5,,,,,,,,,,,,,,,,,"21,36,39","NEW rental,WiMAX HOME 5G L13,バッテリーなし"
3161,23870,3666,1832,None (+ 0 JPY),356-357Days (Value Rental Pack: 6Months Pack + 6Months Pack),1,カート用通常フラグ,new WiMAX HOME 5G L13 Unlimited Data,1,,,,,,,,*,wh/img001.jpg,*,wh/img001.jpg,,,,,,,,,,,,,,,,,,,,,,,0,1,en_wh_361,,1,,67200,67200,,5,,,,,,,,,,,,,,,,,"21,36,39","NEW rental,WiMAX HOME 5G L13,バッテリーなし"
3161,23871,3666,1833,None (+ 0 JPY),357-358Days (Value Rental Pack: 6Months Pack + 6Months Pack),1,カート用通常フラグ,new WiMAX HOME 5G L13 Unlimited Data,1,,,,,,,,*,wh/img001.jpg,*,wh/img001.jpg,,,,,,,,,,,,,,,,,,,,,,,0,1,en_wh_361,,1,,67200,67200,,5,,,,,,,,,,,,,,,,,"21,36,39","NEW rental,WiMAX HOME 5G L13,バッテリーなし"
3161,23872,3666,1834,None (+ 0 JPY),358-359Days (Value Rental Pack: 6Months Pack + 6Months Pack),1,カート用通常フラグ,new WiMAX HOME 5G L13 Unlimited Data,1,,,,,,,,*,wh/img001.jpg,*,wh/img001.jpg,,,,,,,,,,,,,,,,,,,,,,,0,1,en_wh_361,,1,,67200,67200,,5,,,,,,,,,,,,,,,,,"21,36,39","NEW rental,WiMAX HOME 5G L13,バッテリーなし"
3161,23873,3666,1835,None (+ 0 JPY),359-360Days (Value Rental Pack: 6Months Pack + 6Months Pack),1,カート用通常フラグ,new WiMAX HOME 5G L13 Unlimited Data,1,,,,,,,,*,wh/img001.jpg,*,wh/img001.jpg,,,,,,,,,,,,,,,,,,,,,,,0,1,en_wh_361,,1,,67200,67200,,5,,,,,,,,,,,,,,,,,"21,36,39","NEW rental,WiMAX HOME 5G L13,バッテリーなし"
3161,23874,3666,1836,None (+ 0 JPY),360-361Days (Value Rental Pack: 6Months Pack + 6Months Pack),1,カート用通常フラグ,new WiMAX HOME 5G L13 Unlimited Data,1,,,,,,,,*,wh/img001.jpg,*,wh/img001.jpg,,,,,,,,,,,,,,,,,,,,,,,0,1,en_wh_361,,1,,67200,67200,,5,,,,,,,,,,,,,,,,,"21,36,39","NEW rental,WiMAX HOME 5G L13,バッテリーなし"
3161,23875,3666,1837,None (+ 0 JPY),361-362Days (Value Rental Pack: 6Months Pack + 6Months Pack),1,カート用通常フラグ,new WiMAX HOME 5G L13 Unlimited Data,1,,,,,,,,*,wh/img001.jpg,*,wh/img001.jpg,,,,,,,,,,,,,,,,,,,,,,,0,1,en_wh_361,,1,,67200,67200,,5,,,,,,,,,,,,,,,,,"21,36,39","NEW rental,WiMAX HOME 5G L13,バッテリーなし"
3161,23876,3666,1838,None (+ 0 JPY),362-363Days (Value Rental Pack: 6Months Pack + 6Months Pack + 1Day),1,カート用通常フラグ,new WiMAX HOME 5G L13 Unlimited Data,1,,,,,,,,*,wh/img001.jpg,*,wh/img001.jpg,,,,,,,,,,,,,,,,,,,,,,,0,1,en_wh_362,,1,,67790,67790,,5,,,,,,,,,,,,,,,,,"21,36,39","NEW rental,WiMAX HOME 5G L13,バッテリーなし"
3161,23877,3666,1839,None (+ 0 JPY),363-364Days (Value Rental Pack: 6Months Pack + 6Months Pack + 2Days),1,カート用通常フラグ,new WiMAX HOME 5G L13 Unlimited Data,1,,,,,,,,*,wh/img001.jpg,*,wh/img001.jpg,,,,,,,,,,,,,,,,,,,,,,,0,1,en_wh_363,,1,,68380,68380,,5,,,,,,,,,,,,,,,,,"21,36,39","NEW rental,WiMAX HOME 5G L13,バッテリーなし"
3161,23878,3666,1840,None (+ 0 JPY),364-365Days (Value Rental Pack: 6Months Pack + 6Months Pack + 3Days),1,カート用通常フラグ,new WiMAX HOME 5G L13 Unlimited Data,1,,,,,,,,*,wh/img001.jpg,*,wh/img001.jpg,,,,,,,,,,,,,,,,,,,,,,,0,1,en_wh_364,,1,,68970,68970,,5,,,,,,,,,,,,,,,,,"21,36,39","NEW rental,WiMAX HOME 5G L13,バッテリーなし"
3161,23879,3665,1477,Yes (+ 550 JPY),1-2Days,1,カート用通常フラグ,new WiMAX HOME 5G L13 Unlimited Data,1,,,,,,,,*,wh/img001.jpg,*,wh/img001.jpg,,,,,,,,,,,,,,,,,,,,,,,0,1,en_wh_001_in,,1,,1180,1730,,5,,,,,,,,,,,,,,,,,"21,36,39","NEW rental,WiMAX HOME 5G L13,バッテリーなし"
3161,23880,3665,1478,Yes (+ 550 JPY),2-3Days,1,カート用通常フラグ,new WiMAX HOME 5G L13 Unlimited Data,1,,,,,,,,*,wh/img001.jpg,*,wh/img001.jpg,,,,,,,,,,,,,,,,,,,,,,,0,1,en_wh_002_in,,1,,1770,2320,,5,,,,,,,,,,,,,,,,,"21,36,39","NEW rental,WiMAX HOME 5G L13,バッテリーなし"
3161,23881,3665,1479,Yes (+ 550 JPY),3-4Days,1,カート用通常フラグ,new WiMAX HOME 5G L13 Unlimited Data,1,,,,,,,,*,wh/img001.jpg,*,wh/img001.jpg,,,,,,,,,,,,,,,,,,,,,,,0,1,en_wh_003_in,,1,,2360,2910,,5,,,,,,,,,,,,,,,,,"21,36,39","NEW rental,WiMAX HOME 5G L13,バッテリーなし"
3161,23882,3665,1480,Yes (+ 550 JPY),4-5Days,1,カート用通常フラグ,new WiMAX HOME 5G L13 Unlimited Data,1,,,,,,,,*,wh/img001.jpg,*,wh/img001.jpg,,,,,,,,,,,,,,,,,,,,,,,0,1,en_wh_004_in,,1,,2950,3500,,5,,,,,,,,,,,,,,,,,"21,36,39","NEW rental,WiMAX HOME 5G L13,バッテリーなし"
3161,23883,3665,1481,Yes (+ 550 JPY),5-6Days,1,カート用通常フラグ,new WiMAX HOME 5G L13 Unlimited Data,1,,,,,,,,*,wh/img001.jpg,*,wh/img001.jpg,,,,,,,,,,,,,,,,,,,,,,,0,1,en_wh_005_in,,1,,3540,4090,,5,,,,,,,,,,,,,,,,,"21,36,39","NEW rental,WiMAX HOME 5G L13,バッテリーなし"
3161,23884,3665,1482,Yes (+ 550 JPY),6-7Days,1,カート用通常フラグ,new WiMAX HOME 5G L13 Unlimited Data,1,,,,,,,,*,wh/img001.jpg,*,wh/img001.jpg,,,,,,,,,,,,,,,,,,,,,,,0,1,en_wh_006_in,,1,,4130,4680,,5,,,,,,,,,,,,,,,,,"21,36,39","NEW rental,WiMAX HOME 5G L13,バッテリーなし"
3161,23885,3665,1483,Yes (+ 550 JPY),7-8Days,1,カート用通常フラグ,new WiMAX HOME 5G L13 Unlimited Data,1,,,,,,,,*,wh/img001.jpg,*,wh/img001.jpg,,,,,,,,,,,,,,,,,,,,,,,0,1,en_wh_007_in,,1,,4720,5270,,5,,,,,,,,,,,,,,,,,"21,36,39","NEW rental,WiMAX HOME 5G L13,バッテリーなし"
3161,23886,3665,1484,Yes (+ 550 JPY),8-9Days,1,カート用通常フラグ,new WiMAX HOME 5G L13 Unlimited Data,1,,,,,,,,*,wh/img001.jpg,*,wh/img001.jpg,,,,,,,,,,,,,,,,,,,,,,,0,1,en_wh_008_in,,1,,5310,5860,,5,,,,,,,,,,,,,,,,,"21,36,39","NEW rental,WiMAX HOME 5G L13,バッテリーなし"
3161,23887,3665,1485,Yes (+ 550 JPY),9-10Days,1,カート用通常フラグ,new WiMAX HOME 5G L13 Unlimited Data,1,,,,,,,,*,wh/img001.jpg,*,wh/img001.jpg,,,,,,,,,,,,,,,,,,,,,,,0,1,en_wh_009_in,,1,,5900,6450,,5,,,,,,,,,,,,,,,,,"21,36,39","NEW rental,WiMAX HOME 5G L13,バッテリーなし"
3161,23888,3665,1486,Yes (+ 550 JPY),10-11Days,1,カート用通常フラグ,new WiMAX HOME 5G L13 Unlimited Data,1,,,,,,,,*,wh/img001.jpg,*,wh/img001.jpg,,,,,,,,,,,,,,,,,,,,,,,0,1,en_wh_010_in,,1,,6490,7040,,5,,,,,,,,,,,,,,,,,"21,36,39","NEW rental,WiMAX HOME 5G L13,バッテリーなし"
3161,23889,3665,1487,Yes (+ 550 JPY),11-12Days,1,カート用通常フラグ,new WiMAX HOME 5G L13 Unlimited Data,1,,,,,,,,*,wh/img001.jpg,*,wh/img001.jpg,,,,,,,,,,,,,,,,,,,,,,,0,1,en_wh_011_in,,1,,7080,7630,,5,,,,,,,,,,,,,,,,,"21,36,39","NEW rental,WiMAX HOME 5G L13,バッテリーなし"
3161,23890,3665,1488,Yes (+ 550 JPY),12-13Days,1,カート用通常フラグ,new WiMAX HOME 5G L13 Unlimited Data,1,,,,,,,,*,wh/img001.jpg,*,wh/img001.jpg,,,,,,,,,,,,,,,,,,,,,,,0,1,en_wh_012_in,,1,,7670,8220,,5,,,,,,,,,,,,,,,,,"21,36,39","NEW rental,WiMAX HOME 5G L13,バッテリーなし"
3161,23891,3665,1489,Yes (+ 550 JPY),13-14Days,1,カート用通常フラグ,new WiMAX HOME 5G L13 Unlimited Data,1,,,,,,,,*,wh/img001.jpg,*,wh/img001.jpg,,,,,,,,,,,,,,,,,,,,,,,0,1,en_wh_013_in,,1,,8260,8810,,5,,,,,,,,,,,,,,,,,"21,36,39","NEW rental,WiMAX HOME 5G L13,バッテリーなし"
3161,23892,3665,1490,Yes (+ 550 JPY),14-15Days (Value Rental Pack: 1Month Pack),1,カート用通常フラグ,new WiMAX HOME 5G L13 Unlimited Data,1,,,,,,,,*,wh/img001.jpg,*,wh/img001.jpg,,,,,,,,,,,,,,,,,,,,,,,0,1,en_wh_014_in,,1,,8850,9400,,5,,,,,,,,,,,,,,,,,"21,36,39","NEW rental,WiMAX HOME 5G L13,バッテリーなし"
3161,23893,3665,1491,Yes (+ 550 JPY),15-16Days (Value Rental Pack: 1Month Pack),1,カート用通常フラグ,new WiMAX HOME 5G L13 Unlimited Data,1,,,,,,,,*,wh/img001.jpg,*,wh/img001.jpg,,,,,,,,,,,,,,,,,,,,,,,0,1,en_wh_014_in,,1,,8850,9400,,5,,,,,,,,,,,,,,,,,"21,36,39","NEW rental,WiMAX HOME 5G L13,バッテリーなし"
3161,23894,3665,1492,Yes (+ 550 JPY),16-17Days (Value Rental Pack: 1Month Pack),1,カート用通常フラグ,new WiMAX HOME 5G L13 Unlimited Data,1,,,,,,,,*,wh/img001.jpg,*,wh/img001.jpg,,,,,,,,,,,,,,,,,,,,,,,0,1,en_wh_014_in,,1,,8850,9400,,5,,,,,,,,,,,,,,,,,"21,36,39","NEW rental,WiMAX HOME 5G L13,バッテリーなし"
3161,23895,3665,1493,Yes (+ 550 JPY),17-18Days (Value Rental Pack: 1Month Pack),1,カート用通常フラグ,new WiMAX HOME 5G L13 Unlimited Data,1,,,,,,,,*,wh/img001.jpg,*,wh/img001.jpg,,,,,,,,,,,,,,,,,,,,,,,0,1,en_wh_014_in,,1,,8850,9400,,5,,,,,,,,,,,,,,,,,"21,36,39","NEW rental,WiMAX HOME 5G L13,バッテリーなし"
3161,23896,3665,1494,Yes (+ 550 JPY),18-19Days (Value Rental Pack: 1Month Pack),1,カート用通常フラグ,new WiMAX HOME 5G L13 Unlimited Data,1,,,,,,,,*,wh/img001.jpg,*,wh/img001.jpg,,,,,,,,,,,,,,,,,,,,,,,0,1,en_wh_014_in,,1,,8850,9400,,5,,,,,,,,,,,,,,,,,"21,36,39","NEW rental,WiMAX HOME 5G L13,バッテリーなし"
3161,23897,3665,1495,Yes (+ 550 JPY),19-20Days (Value Rental Pack: 1Month Pack),1,カート用通常フラグ,new WiMAX HOME 5G L13 Unlimited Data,1,,,,,,,,*,wh/img001.jpg,*,wh/img001.jpg,,,,,,,,,,,,,,,,,,,,,,,0,1,en_wh_014_in,,1,,8850,9400,,5,,,,,,,,,,,,,,,,,"21,36,39","NEW rental,WiMAX HOME 5G L13,バッテリーなし"
3161,23898,3665,1496,Yes (+ 550 JPY),20-21Days (Value Rental Pack: 1Month Pack),1,カート用通常フラグ,new WiMAX HOME 5G L13 Unlimited Data,1,,,,,,,,*,wh/img001.jpg,*,wh/img001.jpg,,,,,,,,,,,,,,,,,,,,,,,0,1,en_wh_014_in,,1,,8850,9400,,5,,,,,,,,,,,,,,,,,"21,36,39","NEW rental,WiMAX HOME 5G L13,バッテリーなし"
3161,23899,3665,1497,Yes (+ 550 JPY),21-22Days (Value Rental Pack: 1Month Pack),1,カート用通常フラグ,new WiMAX HOME 5G L13 Unlimited Data,1,,,,,,,,*,wh/img001.jpg,*,wh/img001.jpg,,,,,,,,,,,,,,,,,,,,,,,0,1,en_wh_014_in,,1,,8850,9400,,5,,,,,,,,,,,,,,,,,"21,36,39","NEW rental,WiMAX HOME 5G L13,バッテリーなし"
3161,23900,3665,1498,Yes (+ 550 JPY),22-23Days (Value Rental Pack: 1Month Pack),1,カート用通常フラグ,new WiMAX HOME 5G L13 Unlimited Data,1,,,,,,,,*,wh/img001.jpg,*,wh/img001.jpg,,,,,,,,,,,,,,,,,,,,,,,0,1,en_wh_014_in,,1,,8850,9400,,5,,,,,,,,,,,,,,,,,"21,36,39","NEW rental,WiMAX HOME 5G L13,バッテリーなし"
3161,23901,3665,1499,Yes (+ 550 JPY),23-24Days (Value Rental Pack: 1Month Pack),1,カート用通常フラグ,new WiMAX HOME 5G L13 Unlimited Data,1,,,,,,,,*,wh/img001.jpg,*,wh/img001.jpg,,,,,,,,,,,,,,,,,,,,,,,0,1,en_wh_014_in,,1,,8850,9400,,5,,,,,,,,,,,,,,,,,"21,36,39","NEW rental,WiMAX HOME 5G L13,バッテリーなし"
3161,23902,3665,1500,Yes (+ 550 JPY),24-25Days (Value Rental Pack: 1Month Pack),1,カート用通常フラグ,new WiMAX HOME 5G L13 Unlimited Data,1,,,,,,,,*,wh/img001.jpg,*,wh/img001.jpg,,,,,,,,,,,,,,,,,,,,,,,0,1,en_wh_014_in,,1,,8850,9400,,5,,,,,,,,,,,,,,,,,"21,36,39","NEW rental,WiMAX HOME 5G L13,バッテリーなし"
3161,23903,3665,1501,Yes (+ 550 JPY),25-26Days (Value Rental Pack: 1Month Pack),1,カート用通常フラグ,new WiMAX HOME 5G L13 Unlimited Data,1,,,,,,,,*,wh/img001.jpg,*,wh/img001.jpg,,,,,,,,,,,,,,,,,,,,,,,0,1,en_wh_014_in,,1,,8850,9400,,5,,,,,,,,,,,,,,,,,"21,36,39","NEW rental,WiMAX HOME 5G L13,バッテリーなし"
3161,23904,3665,1502,Yes (+ 550 JPY),26-27Days (Value Rental Pack: 1Month Pack),1,カート用通常フラグ,new WiMAX HOME 5G L13 Unlimited Data,1,,,,,,,,*,wh/img001.jpg,*,wh/img001.jpg,,,,,,,,,,,,,,,,,,,,,,,0,1,en_wh_014_in,,1,,8850,9400,,5,,,,,,,,,,,,,,,,,"21,36,39","NEW rental,WiMAX HOME 5G L13,バッテリーなし"
3161,23905,3665,1503,Yes (+ 550 JPY),27-28Days (Value Rental Pack: 1Month Pack),1,カート用通常フラグ,new WiMAX HOME 5G L13 Unlimited Data,1,,,,,,,,*,wh/img001.jpg,*,wh/img001.jpg,,,,,,,,,,,,,,,,,,,,,,,0,1,en_wh_014_in,,1,,8850,9400,,5,,,,,,,,,,,,,,,,,"21,36,39","NEW rental,WiMAX HOME 5G L13,バッテリーなし"
3161,23906,3665,1504,Yes (+ 550 JPY),28-29Days (Value Rental Pack: 1Month Pack),1,カート用通常フラグ,new WiMAX HOME 5G L13 Unlimited Data,1,,,,,,,,*,wh/img001.jpg,*,wh/img001.jpg,,,,,,,,,,,,,,,,,,,,,,,0,1,en_wh_014_in,,1,,8850,9400,,5,,,,,,,,,,,,,,,,,"21,36,39","NEW rental,WiMAX HOME 5G L13,バッテリーなし"
3161,23907,3665,1505,Yes (+ 550 JPY),29-30Days (Value Rental Pack: 1Month Pack),1,カート用通常フラグ,new WiMAX HOME 5G L13 Unlimited Data,1,,,,,,,,*,wh/img001.jpg,*,wh/img001.jpg,,,,,,,,,,,,,,,,,,,,,,,0,1,en_wh_014_in,,1,,8850,9400,,5,,,,,,,,,,,,,,,,,"21,36,39","NEW rental,WiMAX HOME 5G L13,バッテリーなし"
3161,23908,3665,1506,Yes (+ 550 JPY),30-31Days (Value Rental Pack: 1Month Pack),1,カート用通常フラグ,new WiMAX HOME 5G L13 Unlimited Data,1,,,,,,,,*,wh/img001.jpg,*,wh/img001.jpg,,,,,,,,,,,,,,,,,,,,,,,0,1,en_wh_014_in,,1,,8850,9400,,5,,,,,,,,,,,,,,,,,"21,36,39","NEW rental,WiMAX HOME 5G L13,バッテリーなし"
3161,23909,3665,1507,Yes (+ 550 JPY),31-32Days (Value Rental Pack: 1Month Pack + 1Day),1,カート用通常フラグ,new WiMAX HOME 5G L13 Unlimited Data,1,,,,,,,,*,wh/img001.jpg,*,wh/img001.jpg,,,,,,,,,,,,,,,,,,,,,,,0,1,en_wh_031_in,,1,,9440,9990,,5,,,,,,,,,,,,,,,,,"21,36,39","NEW rental,WiMAX HOME 5G L13,バッテリーなし"
3161,23910,3665,1508,Yes (+ 550 JPY),32-33Days (Value Rental Pack: 1Month Pack + 2Days),1,カート用通常フラグ,new WiMAX HOME 5G L13 Unlimited Data,1,,,,,,,,*,wh/img001.jpg,*,wh/img001.jpg,,,,,,,,,,,,,,,,,,,,,,,0,1,en_wh_032_in,,1,,10030,10580,,5,,,,,,,,,,,,,,,,,"21,36,39","NEW rental,WiMAX HOME 5G L13,バッテリーなし"
3161,23911,3665,1509,Yes (+ 550 JPY),33-34Days (Value Rental Pack: 1Month Pack + 3Days),1,カート用通常フラグ,new WiMAX HOME 5G L13 Unlimited Data,1,,,,,,,,*,wh/img001.jpg,*,wh/img001.jpg,,,,,,,,,,,,,,,,,,,,,,,0,1,en_wh_033_in,,1,,10620,11170,,5,,,,,,,,,,,,,,,,,"21,36,39","NEW rental,WiMAX HOME 5G L13,バッテリーなし"
3161,23912,3665,1510,Yes (+ 550 JPY),34-35Days (Value Rental Pack: 1Month Pack + 4Days),1,カート用通常フラグ,new WiMAX HOME 5G L13 Unlimited Data,1,,,,,,,,*,wh/img001.jpg,*,wh/img001.jpg,,,,,,,,,,,,,,,,,,,,,,,0,1,en_wh_034_in,,1,,11210,11760,,5,,,,,,,,,,,,,,,,,"21,36,39","NEW rental,WiMAX HOME 5G L13,バッテリーなし"
3161,23913,3665,1511,Yes (+ 550 JPY),35-36Days (Value Rental Pack: 1Month Pack + 5Days),1,カート用通常フラグ,new WiMAX HOME 5G L13 Unlimited Data,1,,,,,,,,*,wh/img001.jpg,*,wh/img001.jpg,,,,,,,,,,,,,,,,,,,,,,,0,1,en_wh_035_in,,1,,11800,12350,,5,,,,,,,,,,,,,,,,,"21,36,39","NEW rental,WiMAX HOME 5G L13,バッテリーなし"
3161,23914,3665,1512,Yes (+ 550 JPY),36-37Days (Value Rental Pack: 1Month Pack + 6Days),1,カート用通常フラグ,new WiMAX HOME 5G L13 Unlimited Data,1,,,,,,,,*,wh/img001.jpg,*,wh/img001.jpg,,,,,,,,,,,,,,,,,,,,,,,0,1,en_wh_036_in,,1,,12390,12940,,5,,,,,,,,,,,,,,,,,"21,36,39","NEW rental,WiMAX HOME 5G L13,バッテリーなし"
3161,23915,3665,1513,Yes (+ 550 JPY),37-38Days (Value Rental Pack: 1Month Pack + 7Days),1,カート用通常フラグ,new WiMAX HOME 5G L13 Unlimited Data,1,,,,,,,,*,wh/img001.jpg,*,wh/img001.jpg,,,,,,,,,,,,,,,,,,,,,,,0,1,en_wh_037_in,,1,,12980,13530,,5,,,,,,,,,,,,,,,,,"21,36,39","NEW rental,WiMAX HOME 5G L13,バッテリーなし"
3161,23916,3665,1514,Yes (+ 550 JPY),38-39Days (Value Rental Pack: 1Month Pack + 8Days),1,カート用通常フラグ,new WiMAX HOME 5G L13 Unlimited Data,1,,,,,,,,*,wh/img001.jpg,*,wh/img001.jpg,,,,,,,,,,,,,,,,,,,,,,,0,1,en_wh_038_in,,1,,13570,14120,,5,,,,,,,,,,,,,,,,,"21,36,39","NEW rental,WiMAX HOME 5G L13,バッテリーなし"
3161,23917,3665,1515,Yes (+ 550 JPY),39-40Days (Value Rental Pack: 1Month Pack + 9Days),1,カート用通常フラグ,new WiMAX HOME 5G L13 Unlimited Data,1,,,,,,,,*,wh/img001.jpg,*,wh/img001.jpg,,,,,,,,,,,,,,,,,,,,,,,0,1,en_wh_039_in,,1,,14160,14710,,5,,,,,,,,,,,,,,,,,"21,36,39","NEW rental,WiMAX HOME 5G L13,バッテリーなし"
3161,23918,3665,1516,Yes (+ 550 JPY),40-41Days (Value Rental Pack: 1Month Pack + 10Days),1,カート用通常フラグ,new WiMAX HOME 5G L13 Unlimited Data,1,,,,,,,,*,wh/img001.jpg,*,wh/img001.jpg,,,,,,,,,,,,,,,,,,,,,,,0,1,en_wh_040_in,,1,,14750,15300,,5,,,,,,,,,,,,,,,,,"21,36,39","NEW rental,WiMAX HOME 5G L13,バッテリーなし"
3161,23919,3665,1517,Yes (+ 550 JPY),41-42Days (Value Rental Pack: 1Month Pack + 11Days),1,カート用通常フラグ,new WiMAX HOME 5G L13 Unlimited Data,1,,,,,,,,*,wh/img001.jpg,*,wh/img001.jpg,,,,,,,,,,,,,,,,,,,,,,,0,1,en_wh_041_in,,1,,15340,15890,,5,,,,,,,,,,,,,,,,,"21,36,39","NEW rental,WiMAX HOME 5G L13,バッテリーなし"
3161,23920,3665,1518,Yes (+ 550 JPY),42-43Days (Value Rental Pack: 2Months Pack),1,カート用通常フラグ,new WiMAX HOME 5G L13 Unlimited Data,1,,,,,,,,*,wh/img001.jpg,*,wh/img001.jpg,,,,,,,,,,,,,,,,,,,,,,,0,1,en_wh_060_in,,1,,15700,16250,,5,,,,,,,,,,,,,,,,,"21,36,39","NEW rental,WiMAX HOME 5G L13,バッテリーなし"
3161,23921,3665,1519,Yes (+ 550 JPY),43-44Days (Value Rental Pack: 2Months Pack),1,カート用通常フラグ,new WiMAX HOME 5G L13 Unlimited Data,1,,,,,,,,*,wh/img001.jpg,*,wh/img001.jpg,,,,,,,,,,,,,,,,,,,,,,,0,1,en_wh_060_in,,1,,15700,16250,,5,,,,,,,,,,,,,,,,,"21,36,39","NEW rental,WiMAX HOME 5G L13,バッテリーなし"
3161,23922,3665,1520,Yes (+ 550 JPY),44-45Days (Value Rental Pack: 2Months Pack),1,カート用通常フラグ,new WiMAX HOME 5G L13 Unlimited Data,1,,,,,,,,*,wh/img001.jpg,*,wh/img001.jpg,,,,,,,,,,,,,,,,,,,,,,,0,1,en_wh_060_in,,1,,15700,16250,,5,,,,,,,,,,,,,,,,,"21,36,39","NEW rental,WiMAX HOME 5G L13,バッテリーなし"
3161,23923,3665,1521,Yes (+ 550 JPY),45-46Days (Value Rental Pack: 2Months Pack),1,カート用通常フラグ,new WiMAX HOME 5G L13 Unlimited Data,1,,,,,,,,*,wh/img001.jpg,*,wh/img001.jpg,,,,,,,,,,,,,,,,,,,,,,,0,1,en_wh_060_in,,1,,15700,16250,,5,,,,,,,,,,,,,,,,,"21,36,39","NEW rental,WiMAX HOME 5G L13,バッテリーなし"
3161,23924,3665,1522,Yes (+ 550 JPY),46-47Days (Value Rental Pack: 2Months Pack),1,カート用通常フラグ,new WiMAX HOME 5G L13 Unlimited Data,1,,,,,,,,*,wh/img001.jpg,*,wh/img001.jpg,,,,,,,,,,,,,,,,,,,,,,,0,1,en_wh_060_in,,1,,15700,16250,,5,,,,,,,,,,,,,,,,,"21,36,39","NEW rental,WiMAX HOME 5G L13,バッテリーなし"
3161,23925,3665,1523,Yes (+ 550 JPY),47-48Days (Value Rental Pack: 2Months Pack),1,カート用通常フラグ,new WiMAX HOME 5G L13 Unlimited Data,1,,,,,,,,*,wh/img001.jpg,*,wh/img001.jpg,,,,,,,,,,,,,,,,,,,,,,,0,1,en_wh_060_in,,1,,15700,16250,,5,,,,,,,,,,,,,,,,,"21,36,39","NEW rental,WiMAX HOME 5G L13,バッテリーなし"
3161,23926,3665,1524,Yes (+ 550 JPY),48-49Days (Value Rental Pack: 2Months Pack),1,カート用通常フラグ,new WiMAX HOME 5G L13 Unlimited Data,1,,,,,,,,*,wh/img001.jpg,*,wh/img001.jpg,,,,,,,,,,,,,,,,,,,,,,,0,1,en_wh_060_in,,1,,15700,16250,,5,,,,,,,,,,,,,,,,,"21,36,39","NEW rental,WiMAX HOME 5G L13,バッテリーなし"
3161,23927,3665,1525,Yes (+ 550 JPY),49-50Days (Value Rental Pack: 2Months Pack),1,カート用通常フラグ,new WiMAX HOME 5G L13 Unlimited Data,1,,,,,,,,*,wh/img001.jpg,*,wh/img001.jpg,,,,,,,,,,,,,,,,,,,,,,,0,1,en_wh_060_in,,1,,15700,16250,,5,,,,,,,,,,,,,,,,,"21,36,39","NEW rental,WiMAX HOME 5G L13,バッテリーなし"
3161,23928,3665,1526,Yes (+ 550 JPY),50-51Days (Value Rental Pack: 2Months Pack),1,カート用通常フラグ,new WiMAX HOME 5G L13 Unlimited Data,1,,,,,,,,*,wh/img001.jpg,*,wh/img001.jpg,,,,,,,,,,,,,,,,,,,,,,,0,1,en_wh_060_in,,1,,15700,16250,,5,,,,,,,,,,,,,,,,,"21,36,39","NEW rental,WiMAX HOME 5G L13,バッテリーなし"
3161,23929,3665,1527,Yes (+ 550 JPY),51-52Days (Value Rental Pack: 2Months Pack),1,カート用通常フラグ,new WiMAX HOME 5G L13 Unlimited Data,1,,,,,,,,*,wh/img001.jpg,*,wh/img001.jpg,,,,,,,,,,,,,,,,,,,,,,,0,1,en_wh_060_in,,1,,15700,16250,,5,,,,,,,,,,,,,,,,,"21,36,39","NEW rental,WiMAX HOME 5G L13,バッテリーなし"
3161,23930,3665,1528,Yes (+ 550 JPY),52-53Days (Value Rental Pack: 2Months Pack),1,カート用通常フラグ,new WiMAX HOME 5G L13 Unlimited Data,1,,,,,,,,*,wh/img001.jpg,*,wh/img001.jpg,,,,,,,,,,,,,,,,,,,,,,,0,1,en_wh_060_in,,1,,15700,16250,,5,,,,,,,,,,,,,,,,,"21,36,39","NEW rental,WiMAX HOME 5G L13,バッテリーなし"
3161,23931,3665,1529,Yes (+ 550 JPY),53-54Days (Value Rental Pack: 2Months Pack),1,カート用通常フラグ,new WiMAX HOME 5G L13 Unlimited Data,1,,,,,,,,*,wh/img001.jpg,*,wh/img001.jpg,,,,,,,,,,,,,,,,,,,,,,,0,1,en_wh_060_in,,1,,15700,16250,,5,,,,,,,,,,,,,,,,,"21,36,39","NEW rental,WiMAX HOME 5G L13,バッテリーなし"
3161,23932,3665,1530,Yes (+ 550 JPY),54-55Days (Value Rental Pack: 2Months Pack),1,カート用通常フラグ,new WiMAX HOME 5G L13 Unlimited Data,1,,,,,,,,*,wh/img001.jpg,*,wh/img001.jpg,,,,,,,,,,,,,,,,,,,,,,,0,1,en_wh_060_in,,1,,15700,16250,,5,,,,,,,,,,,,,,,,,"21,36,39","NEW rental,WiMAX HOME 5G L13,バッテリーなし"
3161,23933,3665,1531,Yes (+ 550 JPY),55-56Days (Value Rental Pack: 2Months Pack),1,カート用通常フラグ,new WiMAX HOME 5G L13 Unlimited Data,1,,,,,,,,*,wh/img001.jpg,*,wh/img001.jpg,,,,,,,,,,,,,,,,,,,,,,,0,1,en_wh_060_in,,1,,15700,16250,,5,,,,,,,,,,,,,,,,,"21,36,39","NEW rental,WiMAX HOME 5G L13,バッテリーなし"
3161,23934,3665,1532,Yes (+ 550 JPY),56-57Days (Value Rental Pack: 2Months Pack),1,カート用通常フラグ,new WiMAX HOME 5G L13 Unlimited Data,1,,,,,,,,*,wh/img001.jpg,*,wh/img001.jpg,,,,,,,,,,,,,,,,,,,,,,,0,1,en_wh_060_in,,1,,15700,16250,,5,,,,,,,,,,,,,,,,,"21,36,39","NEW rental,WiMAX HOME 5G L13,バッテリーなし"
3161,23935,3665,1533,Yes (+ 550 JPY),57-58Days (Value Rental Pack: 2Months Pack),1,カート用通常フラグ,new WiMAX HOME 5G L13 Unlimited Data,1,,,,,,,,*,wh/img001.jpg,*,wh/img001.jpg,,,,,,,,,,,,,,,,,,,,,,,0,1,en_wh_060_in,,1,,15700,16250,,5,,,,,,,,,,,,,,,,,"21,36,39","NEW rental,WiMAX HOME 5G L13,バッテリーなし"
3161,23936,3665,1534,Yes (+ 550 JPY),58-59Days (Value Rental Pack: 2Months Pack),1,カート用通常フラグ,new WiMAX HOME 5G L13 Unlimited Data,1,,,,,,,,*,wh/img001.jpg,*,wh/img001.jpg,,,,,,,,,,,,,,,,,,,,,,,0,1,en_wh_060_in,,1,,15700,16250,,5,,,,,,,,,,,,,,,,,"21,36,39","NEW rental,WiMAX HOME 5G L13,バッテリーなし"
3161,23937,3665,1535,Yes (+ 550 JPY),59-60Days (Value Rental Pack: 2Months Pack),1,カート用通常フラグ,new WiMAX HOME 5G L13 Unlimited Data,1,,,,,,,,*,wh/img001.jpg,*,wh/img001.jpg,,,,,,,,,,,,,,,,,,,,,,,0,1,en_wh_060_in,,1,,15700,16250,,5,,,,,,,,,,,,,,,,,"21,36,39","NEW rental,WiMAX HOME 5G L13,バッテリーなし"
3161,23938,3665,1536,Yes (+ 550 JPY),60-61Days (Value Rental Pack: 2Months Pack),1,カート用通常フラグ,new WiMAX HOME 5G L13 Unlimited Data,1,,,,,,,,*,wh/img001.jpg,*,wh/img001.jpg,,,,,,,,,,,,,,,,,,,,,,,0,1,en_wh_060_in,,1,,15700,16250,,5,,,,,,,,,,,,,,,,,"21,36,39","NEW rental,WiMAX HOME 5G L13,バッテリーなし"
3161,23939,3665,1537,Yes (+ 550 JPY),61-62Days (Value Rental Pack: 2Months Pack + 1Day),1,カート用通常フラグ,new WiMAX HOME 5G L13 Unlimited Data,1,,,,,,,,*,wh/img001.jpg,*,wh/img001.jpg,,,,,,,,,,,,,,,,,,,,,,,0,1,en_wh_061_in,,1,,16290,16840,,5,,,,,,,,,,,,,,,,,"21,36,39","NEW rental,WiMAX HOME 5G L13,バッテリーなし"
3161,23940,3665,1538,Yes (+ 550 JPY),62-63Days (Value Rental Pack: 2Months Pack + 2Days),1,カート用通常フラグ,new WiMAX HOME 5G L13 Unlimited Data,1,,,,,,,,*,wh/img001.jpg,*,wh/img001.jpg,,,,,,,,,,,,,,,,,,,,,,,0,1,en_wh_062_in,,1,,16880,17430,,5,,,,,,,,,,,,,,,,,"21,36,39","NEW rental,WiMAX HOME 5G L13,バッテリーなし"
3161,23941,3665,1539,Yes (+ 550 JPY),63-64Days (Value Rental Pack: 2Months Pack + 3Days),1,カート用通常フラグ,new WiMAX HOME 5G L13 Unlimited Data,1,,,,,,,,*,wh/img001.jpg,*,wh/img001.jpg,,,,,,,,,,,,,,,,,,,,,,,0,1,en_wh_063_in,,1,,17470,18020,,5,,,,,,,,,,,,,,,,,"21,36,39","NEW rental,WiMAX HOME 5G L13,バッテリーなし"
3161,23942,3665,1540,Yes (+ 550 JPY),64-65Days (Value Rental Pack: 2Months Pack + 4Days),1,カート用通常フラグ,new WiMAX HOME 5G L13 Unlimited Data,1,,,,,,,,*,wh/img001.jpg,*,wh/img001.jpg,,,,,,,,,,,,,,,,,,,,,,,0,1,en_wh_064_in,,1,,18060,18610,,5,,,,,,,,,,,,,,,,,"21,36,39","NEW rental,WiMAX HOME 5G L13,バッテリーなし"
3161,23943,3665,1541,Yes (+ 550 JPY),65-66Days (Value Rental Pack: 2Months Pack + 5Days),1,カート用通常フラグ,new WiMAX HOME 5G L13 Unlimited Data,1,,,,,,,,*,wh/img001.jpg,*,wh/img001.jpg,,,,,,,,,,,,,,,,,,,,,,,0,1,en_wh_065_in,,1,,18650,19200,,5,,,,,,,,,,,,,,,,,"21,36,39","NEW rental,WiMAX HOME 5G L13,バッテリーなし"
3161,23944,3665,1542,Yes (+ 550 JPY),66-67Days (Value Rental Pack: 2Months Pack + 6Days),1,カート用通常フラグ,new WiMAX HOME 5G L13 Unlimited Data,1,,,,,,,,*,wh/img001.jpg,*,wh/img001.jpg,,,,,,,,,,,,,,,,,,,,,,,0,1,en_wh_066_in,,1,,19240,19790,,5,,,,,,,,,,,,,,,,,"21,36,39","NEW rental,WiMAX HOME 5G L13,バッテリーなし"
3161,23945,3665,1543,Yes (+ 550 JPY),67-68Days (Value Rental Pack: 2Months Pack + 7Days),1,カート用通常フラグ,new WiMAX HOME 5G L13 Unlimited Data,1,,,,,,,,*,wh/img001.jpg,*,wh/img001.jpg,,,,,,,,,,,,,,,,,,,,,,,0,1,en_wh_067_in,,1,,19830,20380,,5,,,,,,,,,,,,,,,,,"21,36,39","NEW rental,WiMAX HOME 5G L13,バッテリーなし"
3161,23946,3665,1544,Yes (+ 550 JPY),68-69Days (Value Rental Pack: 2Months Pack + 8Days),1,カート用通常フラグ,new WiMAX HOME 5G L13 Unlimited Data,1,,,,,,,,*,wh/img001.jpg,*,wh/img001.jpg,,,,,,,,,,,,,,,,,,,,,,,0,1,en_wh_068_in,,1,,20420,20970,,5,,,,,,,,,,,,,,,,,"21,36,39","NEW rental,WiMAX HOME 5G L13,バッテリーなし"
3161,23947,3665,1545,Yes (+ 550 JPY),69-70Days (Value Rental Pack: 2Months Pack + 9Days),1,カート用通常フラグ,new WiMAX HOME 5G L13 Unlimited Data,1,,,,,,,,*,wh/img001.jpg,*,wh/img001.jpg,,,,,,,,,,,,,,,,,,,,,,,0,1,en_wh_069_in,,1,,21010,21560,,5,,,,,,,,,,,,,,,,,"21,36,39","NEW rental,WiMAX HOME 5G L13,バッテリーなし"
3161,23948,3665,1546,Yes (+ 550 JPY),70-71Days (Value Rental Pack: 2Months Pack + 10Days),1,カート用通常フラグ,new WiMAX HOME 5G L13 Unlimited Data,1,,,,,,,,*,wh/img001.jpg,*,wh/img001.jpg,,,,,,,,,,,,,,,,,,,,,,,0,1,en_wh_070_in,,1,,21600,22150,,5,,,,,,,,,,,,,,,,,"21,36,39","NEW rental,WiMAX HOME 5G L13,バッテリーなし"
3161,23949,3665,1547,Yes (+ 550 JPY),71-72Days (Value Rental Pack: 3Months Pack),1,カート用通常フラグ,new WiMAX HOME 5G L13 Unlimited Data,1,,,,,,,,*,wh/img001.jpg,*,wh/img001.jpg,,,,,,,,,,,,,,,,,,,,,,,0,1,en_wh_090_in,,1,,22000,22550,,5,,,,,,,,,,,,,,,,,"21,36,39","NEW rental,WiMAX HOME 5G L13,バッテリーなし"
3161,23950,3665,1548,Yes (+ 550 JPY),72-73Days (Value Rental Pack: 3Months Pack),1,カート用通常フラグ,new WiMAX HOME 5G L13 Unlimited Data,1,,,,,,,,*,wh/img001.jpg,*,wh/img001.jpg,,,,,,,,,,,,,,,,,,,,,,,0,1,en_wh_090_in,,1,,22000,22550,,5,,,,,,,,,,,,,,,,,"21,36,39","NEW rental,WiMAX HOME 5G L13,バッテリーなし"
3161,23951,3665,1549,Yes (+ 550 JPY),73-74Days (Value Rental Pack: 3Months Pack),1,カート用通常フラグ,new WiMAX HOME 5G L13 Unlimited Data,1,,,,,,,,*,wh/img001.jpg,*,wh/img001.jpg,,,,,,,,,,,,,,,,,,,,,,,0,1,en_wh_090_in,,1,,22000,22550,,5,,,,,,,,,,,,,,,,,"21,36,39","NEW rental,WiMAX HOME 5G L13,バッテリーなし"
3161,23952,3665,1550,Yes (+ 550 JPY),74-75Days (Value Rental Pack: 3Months Pack),1,カート用通常フラグ,new WiMAX HOME 5G L13 Unlimited Data,1,,,,,,,,*,wh/img001.jpg,*,wh/img001.jpg,,,,,,,,,,,,,,,,,,,,,,,0,1,en_wh_090_in,,1,,22000,22550,,5,,,,,,,,,,,,,,,,,"21,36,39","NEW rental,WiMAX HOME 5G L13,バッテリーなし"
3161,23953,3665,1551,Yes (+ 550 JPY),75-76Days (Value Rental Pack: 3Months Pack),1,カート用通常フラグ,new WiMAX HOME 5G L13 Unlimited Data,1,,,,,,,,*,wh/img001.jpg,*,wh/img001.jpg,,,,,,,,,,,,,,,,,,,,,,,0,1,en_wh_090_in,,1,,22000,22550,,5,,,,,,,,,,,,,,,,,"21,36,39","NEW rental,WiMAX HOME 5G L13,バッテリーなし"
3161,23954,3665,1552,Yes (+ 550 JPY),76-77Days (Value Rental Pack: 3Months Pack),1,カート用通常フラグ,new WiMAX HOME 5G L13 Unlimited Data,1,,,,,,,,*,wh/img001.jpg,*,wh/img001.jpg,,,,,,,,,,,,,,,,,,,,,,,0,1,en_wh_090_in,,1,,22000,22550,,5,,,,,,,,,,,,,,,,,"21,36,39","NEW rental,WiMAX HOME 5G L13,バッテリーなし"
3161,23955,3665,1553,Yes (+ 550 JPY),77-78Days (Value Rental Pack: 3Months Pack),1,カート用通常フラグ,new WiMAX HOME 5G L13 Unlimited Data,1,,,,,,,,*,wh/img001.jpg,*,wh/img001.jpg,,,,,,,,,,,,,,,,,,,,,,,0,1,en_wh_090_in,,1,,22000,22550,,5,,,,,,,,,,,,,,,,,"21,36,39","NEW rental,WiMAX HOME 5G L13,バッテリーなし"
3161,23956,3665,1554,Yes (+ 550 JPY),78-79Days (Value Rental Pack: 3Months Pack),1,カート用通常フラグ,new WiMAX HOME 5G L13 Unlimited Data,1,,,,,,,,*,wh/img001.jpg,*,wh/img001.jpg,,,,,,,,,,,,,,,,,,,,,,,0,1,en_wh_090_in,,1,,22000,22550,,5,,,,,,,,,,,,,,,,,"21,36,39","NEW rental,WiMAX HOME 5G L13,バッテリーなし"
3161,23957,3665,1555,Yes (+ 550 JPY),79-80Days (Value Rental Pack: 3Months Pack),1,カート用通常フラグ,new WiMAX HOME 5G L13 Unlimited Data,1,,,,,,,,*,wh/img001.jpg,*,wh/img001.jpg,,,,,,,,,,,,,,,,,,,,,,,0,1,en_wh_090_in,,1,,22000,22550,,5,,,,,,,,,,,,,,,,,"21,36,39","NEW rental,WiMAX HOME 5G L13,バッテリーなし"
3161,23958,3665,1556,Yes (+ 550 JPY),80-81Days (Value Rental Pack: 3Months Pack),1,カート用通常フラグ,new WiMAX HOME 5G L13 Unlimited Data,1,,,,,,,,*,wh/img001.jpg,*,wh/img001.jpg,,,,,,,,,,,,,,,,,,,,,,,0,1,en_wh_090_in,,1,,22000,22550,,5,,,,,,,,,,,,,,,,,"21,36,39","NEW rental,WiMAX HOME 5G L13,バッテリーなし"
3161,23959,3665,1557,Yes (+ 550 JPY),81-82Days (Value Rental Pack: 3Months Pack),1,カート用通常フラグ,new WiMAX HOME 5G L13 Unlimited Data,1,,,,,,,,*,wh/img001.jpg,*,wh/img001.jpg,,,,,,,,,,,,,,,,,,,,,,,0,1,en_wh_090_in,,1,,22000,22550,,5,,,,,,,,,,,,,,,,,"21,36,39","NEW rental,WiMAX HOME 5G L13,バッテリーなし"
3161,23960,3665,1558,Yes (+ 550 JPY),82-83Days (Value Rental Pack: 3Months Pack),1,カート用通常フラグ,new WiMAX HOME 5G L13 Unlimited Data,1,,,,,,,,*,wh/img001.jpg,*,wh/img001.jpg,,,,,,,,,,,,,,,,,,,,,,,0,1,en_wh_090_in,,1,,22000,22550,,5,,,,,,,,,,,,,,,,,"21,36,39","NEW rental,WiMAX HOME 5G L13,バッテリーなし"
3161,23961,3665,1559,Yes (+ 550 JPY),83-84Days (Value Rental Pack: 3Months Pack),1,カート用通常フラグ,new WiMAX HOME 5G L13 Unlimited Data,1,,,,,,,,*,wh/img001.jpg,*,wh/img001.jpg,,,,,,,,,,,,,,,,,,,,,,,0,1,en_wh_090_in,,1,,22000,22550,,5,,,,,,,,,,,,,,,,,"21,36,39","NEW rental,WiMAX HOME 5G L13,バッテリーなし"
3161,23962,3665,1560,Yes (+ 550 JPY),84-85Days (Value Rental Pack: 3Months Pack),1,カート用通常フラグ,new WiMAX HOME 5G L13 Unlimited Data,1,,,,,,,,*,wh/img001.jpg,*,wh/img001.jpg,,,,,,,,,,,,,,,,,,,,,,,0,1,en_wh_090_in,,1,,22000,22550,,5,,,,,,,,,,,,,,,,,"21,36,39","NEW rental,WiMAX HOME 5G L13,バッテリーなし"
3161,23963,3665,1561,Yes (+ 550 JPY),85-86Days (Value Rental Pack: 3Months Pack),1,カート用通常フラグ,new WiMAX HOME 5G L13 Unlimited Data,1,,,,,,,,*,wh/img001.jpg,*,wh/img001.jpg,,,,,,,,,,,,,,,,,,,,,,,0,1,en_wh_090_in,,1,,22000,22550,,5,,,,,,,,,,,,,,,,,"21,36,39","NEW rental,WiMAX HOME 5G L13,バッテリーなし"
3161,23964,3665,1562,Yes (+ 550 JPY),86-87Days (Value Rental Pack: 3Months Pack),1,カート用通常フラグ,new WiMAX HOME 5G L13 Unlimited Data,1,,,,,,,,*,wh/img001.jpg,*,wh/img001.jpg,,,,,,,,,,,,,,,,,,,,,,,0,1,en_wh_090_in,,1,,22000,22550,,5,,,,,,,,,,,,,,,,,"21,36,39","NEW rental,WiMAX HOME 5G L13,バッテリーなし"
3161,23965,3665,1563,Yes (+ 550 JPY),87-88Days (Value Rental Pack: 3Months Pack),1,カート用通常フラグ,new WiMAX HOME 5G L13 Unlimited Data,1,,,,,,,,*,wh/img001.jpg,*,wh/img001.jpg,,,,,,,,,,,,,,,,,,,,,,,0,1,en_wh_090_in,,1,,22000,22550,,5,,,,,,,,,,,,,,,,,"21,36,39","NEW rental,WiMAX HOME 5G L13,バッテリーなし"
3161,23966,3665,1564,Yes (+ 550 JPY),88-89Days (Value Rental Pack: 3Months Pack),1,カート用通常フラグ,new WiMAX HOME 5G L13 Unlimited Data,1,,,,,,,,*,wh/img001.jpg,*,wh/img001.jpg,,,,,,,,,,,,,,,,,,,,,,,0,1,en_wh_090_in,,1,,22000,22550,,5,,,,,,,,,,,,,,,,,"21,36,39","NEW rental,WiMAX HOME 5G L13,バッテリーなし"
3161,23967,3665,1565,Yes (+ 550 JPY),89-90Days (Value Rental Pack: 3Months Pack),1,カート用通常フラグ,new WiMAX HOME 5G L13 Unlimited Data,1,,,,,,,,*,wh/img001.jpg,*,wh/img001.jpg,,,,,,,,,,,,,,,,,,,,,,,0,1,en_wh_090_in,,1,,22000,22550,,5,,,,,,,,,,,,,,,,,"21,36,39","NEW rental,WiMAX HOME 5G L13,バッテリーなし"
3161,23968,3665,1566,Yes (+ 550 JPY),90-91Days (Value Rental Pack: 3Months Pack),1,カート用通常フラグ,new WiMAX HOME 5G L13 Unlimited Data,1,,,,,,,,*,wh/img001.jpg,*,wh/img001.jpg,,,,,,,,,,,,,,,,,,,,,,,0,1,en_wh_090_in,,1,,22000,22550,,5,,,,,,,,,,,,,,,,,"21,36,39","NEW rental,WiMAX HOME 5G L13,バッテリーなし"
3161,23969,3665,1567,Yes (+ 550 JPY),91-92Days (Value Rental Pack: 3Months Pack + 1Day),1,カート用通常フラグ,new WiMAX HOME 5G L13 Unlimited Data,1,,,,,,,,*,wh/img001.jpg,*,wh/img001.jpg,,,,,,,,,,,,,,,,,,,,,,,0,1,en_wh_091_in,,1,,22590,23140,,5,,,,,,,,,,,,,,,,,"21,36,39","NEW rental,WiMAX HOME 5G L13,バッテリーなし"
3161,23970,3665,1568,Yes (+ 550 JPY),92-93Days (Value Rental Pack: 3Months Pack + 2Days),1,カート用通常フラグ,new WiMAX HOME 5G L13 Unlimited Data,1,,,,,,,,*,wh/img001.jpg,*,wh/img001.jpg,,,,,,,,,,,,,,,,,,,,,,,0,1,en_wh_092_in,,1,,23180,23730,,5,,,,,,,,,,,,,,,,,"21,36,39","NEW rental,WiMAX HOME 5G L13,バッテリーなし"
3161,23971,3665,1569,Yes (+ 550 JPY),93-94Days (Value Rental Pack: 3Months Pack + 3Days),1,カート用通常フラグ,new WiMAX HOME 5G L13 Unlimited Data,1,,,,,,,,*,wh/img001.jpg,*,wh/img001.jpg,,,,,,,,,,,,,,,,,,,,,,,0,1,en_wh_093_in,,1,,23770,24320,,5,,,,,,,,,,,,,,,,,"21,36,39","NEW rental,WiMAX HOME 5G L13,バッテリーなし"
3161,23972,3665,1570,Yes (+ 550 JPY),94-95Days (Value Rental Pack: 3Months Pack + 4Days),1,カート用通常フラグ,new WiMAX HOME 5G L13 Unlimited Data,1,,,,,,,,*,wh/img001.jpg,*,wh/img001.jpg,,,,,,,,,,,,,,,,,,,,,,,0,1,en_wh_094_in,,1,,24360,24910,,5,,,,,,,,,,,,,,,,,"21,36,39","NEW rental,WiMAX HOME 5G L13,バッテリーなし"
3161,23973,3665,1571,Yes (+ 550 JPY),95-96Days (Value Rental Pack: 3Months Pack + 5Days),1,カート用通常フラグ,new WiMAX HOME 5G L13 Unlimited Data,1,,,,,,,,*,wh/img001.jpg,*,wh/img001.jpg,,,,,,,,,,,,,,,,,,,,,,,0,1,en_wh_095_in,,1,,24950,25500,,5,,,,,,,,,,,,,,,,,"21,36,39","NEW rental,WiMAX HOME 5G L13,バッテリーなし"
3161,23974,3665,1572,Yes (+ 550 JPY),96-97Days (Value Rental Pack: 3Months Pack + 6Days),1,カート用通常フラグ,new WiMAX HOME 5G L13 Unlimited Data,1,,,,,,,,*,wh/img001.jpg,*,wh/img001.jpg,,,,,,,,,,,,,,,,,,,,,,,0,1,en_wh_096_in,,1,,25540,26090,,5,,,,,,,,,,,,,,,,,"21,36,39","NEW rental,WiMAX HOME 5G L13,バッテリーなし"
3161,23975,3665,1573,Yes (+ 550 JPY),97-98Days (Value Rental Pack: 3Months Pack + 7Days),1,カート用通常フラグ,new WiMAX HOME 5G L13 Unlimited Data,1,,,,,,,,*,wh/img001.jpg,*,wh/img001.jpg,,,,,,,,,,,,,,,,,,,,,,,0,1,en_wh_097_in,,1,,26130,26680,,5,,,,,,,,,,,,,,,,,"21,36,39","NEW rental,WiMAX HOME 5G L13,バッテリーなし"
3161,23976,3665,1574,Yes (+ 550 JPY),98-99Days (Value Rental Pack: 3Months Pack + 8Days),1,カート用通常フラグ,new WiMAX HOME 5G L13 Unlimited Data,1,,,,,,,,*,wh/img001.jpg,*,wh/img001.jpg,,,,,,,,,,,,,,,,,,,,,,,0,1,en_wh_098_in,,1,,26720,27270,,5,,,,,,,,,,,,,,,,,"21,36,39","NEW rental,WiMAX HOME 5G L13,バッテリーなし"
3161,23977,3665,1575,Yes (+ 550 JPY),99-100Days (Value Rental Pack: 3Months Pack + 9Days),1,カート用通常フラグ,new WiMAX HOME 5G L13 Unlimited Data,1,,,,,,,,*,wh/img001.jpg,*,wh/img001.jpg,,,,,,,,,,,,,,,,,,,,,,,0,1,en_wh_099_in,,1,,27310,27860,,5,,,,,,,,,,,,,,,,,"21,36,39","NEW rental,WiMAX HOME 5G L13,バッテリーなし"
3161,23978,3665,1576,Yes (+ 550 JPY),100-101Days (Value Rental Pack: 4Months Pack),1,カート用通常フラグ,new WiMAX HOME 5G L13 Unlimited Data,1,,,,,,,,*,wh/img001.jpg,*,wh/img001.jpg,,,,,,,,,,,,,,,,,,,,,,,0,1,en_wh_120_in,,1,,27600,28150,,5,,,,,,,,,,,,,,,,,"21,36,39","NEW rental,WiMAX HOME 5G L13,バッテリーなし"
3161,23979,3665,1577,Yes (+ 550 JPY),101-102Days (Value Rental Pack: 4Months Pack),1,カート用通常フラグ,new WiMAX HOME 5G L13 Unlimited Data,1,,,,,,,,*,wh/img001.jpg,*,wh/img001.jpg,,,,,,,,,,,,,,,,,,,,,,,0,1,en_wh_120_in,,1,,27600,28150,,5,,,,,,,,,,,,,,,,,"21,36,39","NEW rental,WiMAX HOME 5G L13,バッテリーなし"
3161,23980,3665,1578,Yes (+ 550 JPY),102-103Days (Value Rental Pack: 4Months Pack),1,カート用通常フラグ,new WiMAX HOME 5G L13 Unlimited Data,1,,,,,,,,*,wh/img001.jpg,*,wh/img001.jpg,,,,,,,,,,,,,,,,,,,,,,,0,1,en_wh_120_in,,1,,27600,28150,,5,,,,,,,,,,,,,,,,,"21,36,39","NEW rental,WiMAX HOME 5G L13,バッテリーなし"
3161,23981,3665,1579,Yes (+ 550 JPY),103-104Days (Value Rental Pack: 4Months Pack),1,カート用通常フラグ,new WiMAX HOME 5G L13 Unlimited Data,1,,,,,,,,*,wh/img001.jpg,*,wh/img001.jpg,,,,,,,,,,,,,,,,,,,,,,,0,1,en_wh_120_in,,1,,27600,28150,,5,,,,,,,,,,,,,,,,,"21,36,39","NEW rental,WiMAX HOME 5G L13,バッテリーなし"
3161,23982,3665,1580,Yes (+ 550 JPY),104-105Days (Value Rental Pack: 4Months Pack),1,カート用通常フラグ,new WiMAX HOME 5G L13 Unlimited Data,1,,,,,,,,*,wh/img001.jpg,*,wh/img001.jpg,,,,,,,,,,,,,,,,,,,,,,,0,1,en_wh_120_in,,1,,27600,28150,,5,,,,,,,,,,,,,,,,,"21,36,39","NEW rental,WiMAX HOME 5G L13,バッテリーなし"
3161,23983,3665,1581,Yes (+ 550 JPY),105-106Days (Value Rental Pack: 4Months Pack),1,カート用通常フラグ,new WiMAX HOME 5G L13 Unlimited Data,1,,,,,,,,*,wh/img001.jpg,*,wh/img001.jpg,,,,,,,,,,,,,,,,,,,,,,,0,1,en_wh_120_in,,1,,27600,28150,,5,,,,,,,,,,,,,,,,,"21,36,39","NEW rental,WiMAX HOME 5G L13,バッテリーなし"
3161,23984,3665,1582,Yes (+ 550 JPY),106-107Days (Value Rental Pack: 4Months Pack),1,カート用通常フラグ,new WiMAX HOME 5G L13 Unlimited Data,1,,,,,,,,*,wh/img001.jpg,*,wh/img001.jpg,,,,,,,,,,,,,,,,,,,,,,,0,1,en_wh_120_in,,1,,27600,28150,,5,,,,,,,,,,,,,,,,,"21,36,39","NEW rental,WiMAX HOME 5G L13,バッテリーなし"
3161,23985,3665,1583,Yes (+ 550 JPY),107-108Days (Value Rental Pack: 4Months Pack),1,カート用通常フラグ,new WiMAX HOME 5G L13 Unlimited Data,1,,,,,,,,*,wh/img001.jpg,*,wh/img001.jpg,,,,,,,,,,,,,,,,,,,,,,,0,1,en_wh_120_in,,1,,27600,28150,,5,,,,,,,,,,,,,,,,,"21,36,39","NEW rental,WiMAX HOME 5G L13,バッテリーなし"
3161,23986,3665,1584,Yes (+ 550 JPY),108-109Days (Value Rental Pack: 4Months Pack),1,カート用通常フラグ,new WiMAX HOME 5G L13 Unlimited Data,1,,,,,,,,*,wh/img001.jpg,*,wh/img001.jpg,,,,,,,,,,,,,,,,,,,,,,,0,1,en_wh_120_in,,1,,27600,28150,,5,,,,,,,,,,,,,,,,,"21,36,39","NEW rental,WiMAX HOME 5G L13,バッテリーなし"
3161,23987,3665,1585,Yes (+ 550 JPY),109-110Days (Value Rental Pack: 4Months Pack),1,カート用通常フラグ,new WiMAX HOME 5G L13 Unlimited Data,1,,,,,,,,*,wh/img001.jpg,*,wh/img001.jpg,,,,,,,,,,,,,,,,,,,,,,,0,1,en_wh_120_in,,1,,27600,28150,,5,,,,,,,,,,,,,,,,,"21,36,39","NEW rental,WiMAX HOME 5G L13,バッテリーなし"
3161,23988,3665,1586,Yes (+ 550 JPY),110-111Days (Value Rental Pack: 4Months Pack),1,カート用通常フラグ,new WiMAX HOME 5G L13 Unlimited Data,1,,,,,,,,*,wh/img001.jpg,*,wh/img001.jpg,,,,,,,,,,,,,,,,,,,,,,,0,1,en_wh_120_in,,1,,27600,28150,,5,,,,,,,,,,,,,,,,,"21,36,39","NEW rental,WiMAX HOME 5G L13,バッテリーなし"
3161,23989,3665,1587,Yes (+ 550 JPY),111-112Days (Value Rental Pack: 4Months Pack),1,カート用通常フラグ,new WiMAX HOME 5G L13 Unlimited Data,1,,,,,,,,*,wh/img001.jpg,*,wh/img001.jpg,,,,,,,,,,,,,,,,,,,,,,,0,1,en_wh_120_in,,1,,27600,28150,,5,,,,,,,,,,,,,,,,,"21,36,39","NEW rental,WiMAX HOME 5G L13,バッテリーなし"
3161,23990,3665,1588,Yes (+ 550 JPY),112-113Days (Value Rental Pack: 4Months Pack),1,カート用通常フラグ,new WiMAX HOME 5G L13 Unlimited Data,1,,,,,,,,*,wh/img001.jpg,*,wh/img001.jpg,,,,,,,,,,,,,,,,,,,,,,,0,1,en_wh_120_in,,1,,27600,28150,,5,,,,,,,,,,,,,,,,,"21,36,39","NEW rental,WiMAX HOME 5G L13,バッテリーなし"
3161,23991,3665,1589,Yes (+ 550 JPY),113-114Days (Value Rental Pack: 4Months Pack),1,カート用通常フラグ,new WiMAX HOME 5G L13 Unlimited Data,1,,,,,,,,*,wh/img001.jpg,*,wh/img001.jpg,,,,,,,,,,,,,,,,,,,,,,,0,1,en_wh_120_in,,1,,27600,28150,,5,,,,,,,,,,,,,,,,,"21,36,39","NEW rental,WiMAX HOME 5G L13,バッテリーなし"
3161,23992,3665,1590,Yes (+ 550 JPY),114-115Days (Value Rental Pack: 4Months Pack),1,カート用通常フラグ,new WiMAX HOME 5G L13 Unlimited Data,1,,,,,,,,*,wh/img001.jpg,*,wh/img001.jpg,,,,,,,,,,,,,,,,,,,,,,,0,1,en_wh_120_in,,1,,27600,28150,,5,,,,,,,,,,,,,,,,,"21,36,39","NEW rental,WiMAX HOME 5G L13,バッテリーなし"
3161,23993,3665,1591,Yes (+ 550 JPY),115-116Days (Value Rental Pack: 4Months Pack),1,カート用通常フラグ,new WiMAX HOME 5G L13 Unlimited Data,1,,,,,,,,*,wh/img001.jpg,*,wh/img001.jpg,,,,,,,,,,,,,,,,,,,,,,,0,1,en_wh_120_in,,1,,27600,28150,,5,,,,,,,,,,,,,,,,,"21,36,39","NEW rental,WiMAX HOME 5G L13,バッテリーなし"
3161,23994,3665,1592,Yes (+ 550 JPY),116-117Days (Value Rental Pack: 4Months Pack),1,カート用通常フラグ,new WiMAX HOME 5G L13 Unlimited Data,1,,,,,,,,*,wh/img001.jpg,*,wh/img001.jpg,,,,,,,,,,,,,,,,,,,,,,,0,1,en_wh_120_in,,1,,27600,28150,,5,,,,,,,,,,,,,,,,,"21,36,39","NEW rental,WiMAX HOME 5G L13,バッテリーなし"
3161,23995,3665,1593,Yes (+ 550 JPY),117-118Days (Value Rental Pack: 4Months Pack),1,カート用通常フラグ,new WiMAX HOME 5G L13 Unlimited Data,1,,,,,,,,*,wh/img001.jpg,*,wh/img001.jpg,,,,,,,,,,,,,,,,,,,,,,,0,1,en_wh_120_in,,1,,27600,28150,,5,,,,,,,,,,,,,,,,,"21,36,39","NEW rental,WiMAX HOME 5G L13,バッテリーなし"
3161,23996,3665,1594,Yes (+ 550 JPY),118-119Days (Value Rental Pack: 4Months Pack),1,カート用通常フラグ,new WiMAX HOME 5G L13 Unlimited Data,1,,,,,,,,*,wh/img001.jpg,*,wh/img001.jpg,,,,,,,,,,,,,,,,,,,,,,,0,1,en_wh_120_in,,1,,27600,28150,,5,,,,,,,,,,,,,,,,,"21,36,39","NEW rental,WiMAX HOME 5G L13,バッテリーなし"
3161,23997,3665,1595,Yes (+ 550 JPY),119-120Days (Value Rental Pack: 4Months Pack),1,カート用通常フラグ,new WiMAX HOME 5G L13 Unlimited Data,1,,,,,,,,*,wh/img001.jpg,*,wh/img001.jpg,,,,,,,,,,,,,,,,,,,,,,,0,1,en_wh_120_in,,1,,27600,28150,,5,,,,,,,,,,,,,,,,,"21,36,39","NEW rental,WiMAX HOME 5G L13,バッテリーなし"
3161,23998,3665,1596,Yes (+ 550 JPY),120-121Days (Value Rental Pack: 4Months Pack),1,カート用通常フラグ,new WiMAX HOME 5G L13 Unlimited Data,1,,,,,,,,*,wh/img001.jpg,*,wh/img001.jpg,,,,,,,,,,,,,,,,,,,,,,,0,1,en_wh_120_in,,1,,27600,28150,,5,,,,,,,,,,,,,,,,,"21,36,39","NEW rental,WiMAX HOME 5G L13,バッテリーなし"
3161,23999,3665,1597,Yes (+ 550 JPY),121-122Days (Value Rental Pack: 4Months Pack + 1Day),1,カート用通常フラグ,new WiMAX HOME 5G L13 Unlimited Data,1,,,,,,,,*,wh/img001.jpg,*,wh/img001.jpg,,,,,,,,,,,,,,,,,,,,,,,0,1,en_wh_121_in,,1,,28190,28740,,5,,,,,,,,,,,,,,,,,"21,36,39","NEW rental,WiMAX HOME 5G L13,バッテリーなし"
3161,24000,3665,1598,Yes (+ 550 JPY),122-123Days (Value Rental Pack: 4Months Pack + 2Days),1,カート用通常フラグ,new WiMAX HOME 5G L13 Unlimited Data,1,,,,,,,,*,wh/img001.jpg,*,wh/img001.jpg,,,,,,,,,,,,,,,,,,,,,,,0,1,en_wh_122_in,,1,,28780,29330,,5,,,,,,,,,,,,,,,,,"21,36,39","NEW rental,WiMAX HOME 5G L13,バッテリーなし"
3161,24001,3665,1599,Yes (+ 550 JPY),123-124Days (Value Rental Pack: 4Months Pack + 3Days),1,カート用通常フラグ,new WiMAX HOME 5G L13 Unlimited Data,1,,,,,,,,*,wh/img001.jpg,*,wh/img001.jpg,,,,,,,,,,,,,,,,,,,,,,,0,1,en_wh_123_in,,1,,29370,29920,,5,,,,,,,,,,,,,,,,,"21,36,39","NEW rental,WiMAX HOME 5G L13,バッテリーなし"
3161,24002,3665,1600,Yes (+ 550 JPY),124-125Days (Value Rental Pack: 4Months Pack + 4Days),1,カート用通常フラグ,new WiMAX HOME 5G L13 Unlimited Data,1,,,,,,,,*,wh/img001.jpg,*,wh/img001.jpg,,,,,,,,,,,,,,,,,,,,,,,0,1,en_wh_124_in,,1,,29960,30510,,5,,,,,,,,,,,,,,,,,"21,36,39","NEW rental,WiMAX HOME 5G L13,バッテリーなし"
3161,24003,3665,1601,Yes (+ 550 JPY),125-126Days (Value Rental Pack: 4Months Pack + 5Days),1,カート用通常フラグ,new WiMAX HOME 5G L13 Unlimited Data,1,,,,,,,,*,wh/img001.jpg,*,wh/img001.jpg,,,,,,,,,,,,,,,,,,,,,,,0,1,en_wh_125_in,,1,,30550,31100,,5,,,,,,,,,,,,,,,,,"21,36,39","NEW rental,WiMAX HOME 5G L13,バッテリーなし"
3161,24004,3665,1602,Yes (+ 550 JPY),126-127Days (Value Rental Pack: 5Months Pack),1,カート用通常フラグ,new WiMAX HOME 5G L13 Unlimited Data,1,,,,,,,,*,wh/img001.jpg,*,wh/img001.jpg,,,,,,,,,,,,,,,,,,,,,,,0,1,en_wh_150_in,,1,,30600,31150,,5,,,,,,,,,,,,,,,,,"21,36,39","NEW rental,WiMAX HOME 5G L13,バッテリーなし"
3161,24005,3665,1603,Yes (+ 550 JPY),127-128Days (Value Rental Pack: 5Months Pack),1,カート用通常フラグ,new WiMAX HOME 5G L13 Unlimited Data,1,,,,,,,,*,wh/img001.jpg,*,wh/img001.jpg,,,,,,,,,,,,,,,,,,,,,,,0,1,en_wh_150_in,,1,,30600,31150,,5,,,,,,,,,,,,,,,,,"21,36,39","NEW rental,WiMAX HOME 5G L13,バッテリーなし"
3161,24006,3665,1604,Yes (+ 550 JPY),128-129Days (Value Rental Pack: 5Months Pack),1,カート用通常フラグ,new WiMAX HOME 5G L13 Unlimited Data,1,,,,,,,,*,wh/img001.jpg,*,wh/img001.jpg,,,,,,,,,,,,,,,,,,,,,,,0,1,en_wh_150_in,,1,,30600,31150,,5,,,,,,,,,,,,,,,,,"21,36,39","NEW rental,WiMAX HOME 5G L13,バッテリーなし"
3161,24007,3665,1605,Yes (+ 550 JPY),129-130Days (Value Rental Pack: 5Months Pack),1,カート用通常フラグ,new WiMAX HOME 5G L13 Unlimited Data,1,,,,,,,,*,wh/img001.jpg,*,wh/img001.jpg,,,,,,,,,,,,,,,,,,,,,,,0,1,en_wh_150_in,,1,,30600,31150,,5,,,,,,,,,,,,,,,,,"21,36,39","NEW rental,WiMAX HOME 5G L13,バッテリーなし"
3161,24008,3665,1606,Yes (+ 550 JPY),130-131Days (Value Rental Pack: 5Months Pack),1,カート用通常フラグ,new WiMAX HOME 5G L13 Unlimited Data,1,,,,,,,,*,wh/img001.jpg,*,wh/img001.jpg,,,,,,,,,,,,,,,,,,,,,,,0,1,en_wh_150_in,,1,,30600,31150,,5,,,,,,,,,,,,,,,,,"21,36,39","NEW rental,WiMAX HOME 5G L13,バッテリーなし"
3161,24009,3665,1607,Yes (+ 550 JPY),131-132Days (Value Rental Pack: 5Months Pack),1,カート用通常フラグ,new WiMAX HOME 5G L13 Unlimited Data,1,,,,,,,,*,wh/img001.jpg,*,wh/img001.jpg,,,,,,,,,,,,,,,,,,,,,,,0,1,en_wh_150_in,,1,,30600,31150,,5,,,,,,,,,,,,,,,,,"21,36,39","NEW rental,WiMAX HOME 5G L13,バッテリーなし"
3161,24010,3665,1608,Yes (+ 550 JPY),132-133Days (Value Rental Pack: 5Months Pack),1,カート用通常フラグ,new WiMAX HOME 5G L13 Unlimited Data,1,,,,,,,,*,wh/img001.jpg,*,wh/img001.jpg,,,,,,,,,,,,,,,,,,,,,,,0,1,en_wh_150_in,,1,,30600,31150,,5,,,,,,,,,,,,,,,,,"21,36,39","NEW rental,WiMAX HOME 5G L13,バッテリーなし"
3161,24011,3665,1609,Yes (+ 550 JPY),133-134Days (Value Rental Pack: 5Months Pack),1,カート用通常フラグ,new WiMAX HOME 5G L13 Unlimited Data,1,,,,,,,,*,wh/img001.jpg,*,wh/img001.jpg,,,,,,,,,,,,,,,,,,,,,,,0,1,en_wh_150_in,,1,,30600,31150,,5,,,,,,,,,,,,,,,,,"21,36,39","NEW rental,WiMAX HOME 5G L13,バッテリーなし"
3161,24012,3665,1610,Yes (+ 550 JPY),134-135Days (Value Rental Pack: 5Months Pack),1,カート用通常フラグ,new WiMAX HOME 5G L13 Unlimited Data,1,,,,,,,,*,wh/img001.jpg,*,wh/img001.jpg,,,,,,,,,,,,,,,,,,,,,,,0,1,en_wh_150_in,,1,,30600,31150,,5,,,,,,,,,,,,,,,,,"21,36,39","NEW rental,WiMAX HOME 5G L13,バッテリーなし"
3161,24013,3665,1611,Yes (+ 550 JPY),135-136Days (Value Rental Pack: 5Months Pack),1,カート用通常フラグ,new WiMAX HOME 5G L13 Unlimited Data,1,,,,,,,,*,wh/img001.jpg,*,wh/img001.jpg,,,,,,,,,,,,,,,,,,,,,,,0,1,en_wh_150_in,,1,,30600,31150,,5,,,,,,,,,,,,,,,,,"21,36,39","NEW rental,WiMAX HOME 5G L13,バッテリーなし"
3161,24014,3665,1612,Yes (+ 550 JPY),136-137Days (Value Rental Pack: 5Months Pack),1,カート用通常フラグ,new WiMAX HOME 5G L13 Unlimited Data,1,,,,,,,,*,wh/img001.jpg,*,wh/img001.jpg,,,,,,,,,,,,,,,,,,,,,,,0,1,en_wh_150_in,,1,,30600,31150,,5,,,,,,,,,,,,,,,,,"21,36,39","NEW rental,WiMAX HOME 5G L13,バッテリーなし"
3161,24015,3665,1613,Yes (+ 550 JPY),137-138Days (Value Rental Pack: 5Months Pack),1,カート用通常フラグ,new WiMAX HOME 5G L13 Unlimited Data,1,,,,,,,,*,wh/img001.jpg,*,wh/img001.jpg,,,,,,,,,,,,,,,,,,,,,,,0,1,en_wh_150_in,,1,,30600,31150,,5,,,,,,,,,,,,,,,,,"21,36,39","NEW rental,WiMAX HOME 5G L13,バッテリーなし"
3161,24016,3665,1614,Yes (+ 550 JPY),138-139Days (Value Rental Pack: 5Months Pack),1,カート用通常フラグ,new WiMAX HOME 5G L13 Unlimited Data,1,,,,,,,,*,wh/img001.jpg,*,wh/img001.jpg,,,,,,,,,,,,,,,,,,,,,,,0,1,en_wh_150_in,,1,,30600,31150,,5,,,,,,,,,,,,,,,,,"21,36,39","NEW rental,WiMAX HOME 5G L13,バッテリーなし"
3161,24017,3665,1615,Yes (+ 550 JPY),139-140Days (Value Rental Pack: 5Months Pack),1,カート用通常フラグ,new WiMAX HOME 5G L13 Unlimited Data,1,,,,,,,,*,wh/img001.jpg,*,wh/img001.jpg,,,,,,,,,,,,,,,,,,,,,,,0,1,en_wh_150_in,,1,,30600,31150,,5,,,,,,,,,,,,,,,,,"21,36,39","NEW rental,WiMAX HOME 5G L13,バッテリーなし"
3161,24018,3665,1616,Yes (+ 550 JPY),140-141Days (Value Rental Pack: 5Months Pack),1,カート用通常フラグ,new WiMAX HOME 5G L13 Unlimited Data,1,,,,,,,,*,wh/img001.jpg,*,wh/img001.jpg,,,,,,,,,,,,,,,,,,,,,,,0,1,en_wh_150_in,,1,,30600,31150,,5,,,,,,,,,,,,,,,,,"21,36,39","NEW rental,WiMAX HOME 5G L13,バッテリーなし"
3161,24019,3665,1617,Yes (+ 550 JPY),141-142Days (Value Rental Pack: 5Months Pack),1,カート用通常フラグ,new WiMAX HOME 5G L13 Unlimited Data,1,,,,,,,,*,wh/img001.jpg,*,wh/img001.jpg,,,,,,,,,,,,,,,,,,,,,,,0,1,en_wh_150_in,,1,,30600,31150,,5,,,,,,,,,,,,,,,,,"21,36,39","NEW rental,WiMAX HOME 5G L13,バッテリーなし"
3161,24020,3665,1618,Yes (+ 550 JPY),142-143Days (Value Rental Pack: 5Months Pack),1,カート用通常フラグ,new WiMAX HOME 5G L13 Unlimited Data,1,,,,,,,,*,wh/img001.jpg,*,wh/img001.jpg,,,,,,,,,,,,,,,,,,,,,,,0,1,en_wh_150_in,,1,,30600,31150,,5,,,,,,,,,,,,,,,,,"21,36,39","NEW rental,WiMAX HOME 5G L13,バッテリーなし"
3161,24021,3665,1619,Yes (+ 550 JPY),143-144Days (Value Rental Pack: 5Months Pack),1,カート用通常フラグ,new WiMAX HOME 5G L13 Unlimited Data,1,,,,,,,,*,wh/img001.jpg,*,wh/img001.jpg,,,,,,,,,,,,,,,,,,,,,,,0,1,en_wh_150_in,,1,,30600,31150,,5,,,,,,,,,,,,,,,,,"21,36,39","NEW rental,WiMAX HOME 5G L13,バッテリーなし"
3161,24022,3665,1620,Yes (+ 550 JPY),144-145Days (Value Rental Pack: 5Months Pack),1,カート用通常フラグ,new WiMAX HOME 5G L13 Unlimited Data,1,,,,,,,,*,wh/img001.jpg,*,wh/img001.jpg,,,,,,,,,,,,,,,,,,,,,,,0,1,en_wh_150_in,,1,,30600,31150,,5,,,,,,,,,,,,,,,,,"21,36,39","NEW rental,WiMAX HOME 5G L13,バッテリーなし"
3161,24023,3665,1621,Yes (+ 550 JPY),145-146Days (Value Rental Pack: 5Months Pack),1,カート用通常フラグ,new WiMAX HOME 5G L13 Unlimited Data,1,,,,,,,,*,wh/img001.jpg,*,wh/img001.jpg,,,,,,,,,,,,,,,,,,,,,,,0,1,en_wh_150_in,,1,,30600,31150,,5,,,,,,,,,,,,,,,,,"21,36,39","NEW rental,WiMAX HOME 5G L13,バッテリーなし"
3161,24024,3665,1622,Yes (+ 550 JPY),146-147Days (Value Rental Pack: 5Months Pack),1,カート用通常フラグ,new WiMAX HOME 5G L13 Unlimited Data,1,,,,,,,,*,wh/img001.jpg,*,wh/img001.jpg,,,,,,,,,,,,,,,,,,,,,,,0,1,en_wh_150_in,,1,,30600,31150,,5,,,,,,,,,,,,,,,,,"21,36,39","NEW rental,WiMAX HOME 5G L13,バッテリーなし"
3161,24025,3665,1623,Yes (+ 550 JPY),147-148Days (Value Rental Pack: 5Months Pack),1,カート用通常フラグ,new WiMAX HOME 5G L13 Unlimited Data,1,,,,,,,,*,wh/img001.jpg,*,wh/img001.jpg,,,,,,,,,,,,,,,,,,,,,,,0,1,en_wh_150_in,,1,,30600,31150,,5,,,,,,,,,,,,,,,,,"21,36,39","NEW rental,WiMAX HOME 5G L13,バッテリーなし"
3161,24026,3665,1624,Yes (+ 550 JPY),148-149Days (Value Rental Pack: 5Months Pack),1,カート用通常フラグ,new WiMAX HOME 5G L13 Unlimited Data,1,,,,,,,,*,wh/img001.jpg,*,wh/img001.jpg,,,,,,,,,,,,,,,,,,,,,,,0,1,en_wh_150_in,,1,,30600,31150,,5,,,,,,,,,,,,,,,,,"21,36,39","NEW rental,WiMAX HOME 5G L13,バッテリーなし"
3161,24027,3665,1625,Yes (+ 550 JPY),149-150Days (Value Rental Pack: 5Months Pack),1,カート用通常フラグ,new WiMAX HOME 5G L13 Unlimited Data,1,,,,,,,,*,wh/img001.jpg,*,wh/img001.jpg,,,,,,,,,,,,,,,,,,,,,,,0,1,en_wh_150_in,,1,,30600,31150,,5,,,,,,,,,,,,,,,,,"21,36,39","NEW rental,WiMAX HOME 5G L13,バッテリーなし"
3161,24028,3665,1626,Yes (+ 550 JPY),150-151Days (Value Rental Pack: 5Months Pack),1,カート用通常フラグ,new WiMAX HOME 5G L13 Unlimited Data,1,,,,,,,,*,wh/img001.jpg,*,wh/img001.jpg,,,,,,,,,,,,,,,,,,,,,,,0,1,en_wh_150_in,,1,,30600,31150,,5,,,,,,,,,,,,,,,,,"21,36,39","NEW rental,WiMAX HOME 5G L13,バッテリーなし"
3161,24029,3665,1627,Yes (+ 550 JPY),151-152Days (Value Rental Pack: 5Months Pack + 1Day),1,カート用通常フラグ,new WiMAX HOME 5G L13 Unlimited Data,1,,,,,,,,*,wh/img001.jpg,*,wh/img001.jpg,,,,,,,,,,,,,,,,,,,,,,,0,1,en_wh_151_in,,1,,31190,31740,,5,,,,,,,,,,,,,,,,,"21,36,39","NEW rental,WiMAX HOME 5G L13,バッテリーなし"
3161,24030,3665,1628,Yes (+ 550 JPY),152-153Days (Value Rental Pack: 5Months Pack + 2Days),1,カート用通常フラグ,new WiMAX HOME 5G L13 Unlimited Data,1,,,,,,,,*,wh/img001.jpg,*,wh/img001.jpg,,,,,,,,,,,,,,,,,,,,,,,0,1,en_wh_152_in,,1,,31780,32330,,5,,,,,,,,,,,,,,,,,"21,36,39","NEW rental,WiMAX HOME 5G L13,バッテリーなし"
3161,24031,3665,1629,Yes (+ 550 JPY),153-154Days (Value Rental Pack: 5Months Pack + 3Days),1,カート用通常フラグ,new WiMAX HOME 5G L13 Unlimited Data,1,,,,,,,,*,wh/img001.jpg,*,wh/img001.jpg,,,,,,,,,,,,,,,,,,,,,,,0,1,en_wh_153_in,,1,,32370,32920,,5,,,,,,,,,,,,,,,,,"21,36,39","NEW rental,WiMAX HOME 5G L13,バッテリーなし"
3161,24032,3665,1630,Yes (+ 550 JPY),154-155Days (Value Rental Pack: 5Months Pack + 4Days),1,カート用通常フラグ,new WiMAX HOME 5G L13 Unlimited Data,1,,,,,,,,*,wh/img001.jpg,*,wh/img001.jpg,,,,,,,,,,,,,,,,,,,,,,,0,1,en_wh_154_in,,1,,32960,33510,,5,,,,,,,,,,,,,,,,,"21,36,39","NEW rental,WiMAX HOME 5G L13,バッテリーなし"
3161,24033,3665,1631,Yes (+ 550 JPY),155-156Days (Value Rental Pack: 5Months Pack + 5Days),1,カート用通常フラグ,new WiMAX HOME 5G L13 Unlimited Data,1,,,,,,,,*,wh/img001.jpg,*,wh/img001.jpg,,,,,,,,,,,,,,,,,,,,,,,0,1,en_wh_155_in,,1,,33550,34100,,5,,,,,,,,,,,,,,,,,"21,36,39","NEW rental,WiMAX HOME 5G L13,バッテリーなし"
3161,24034,3665,1632,Yes (+ 550 JPY),156-157Days (Value Rental Pack: 6Months Pack),1,カート用通常フラグ,new WiMAX HOME 5G L13 Unlimited Data,1,,,,,,,,*,wh/img001.jpg,*,wh/img001.jpg,,,,,,,,,,,,,,,,,,,,,,,0,1,en_wh_180_in,,1,,33600,34150,,5,,,,,,,,,,,,,,,,,"21,36,39","NEW rental,WiMAX HOME 5G L13,バッテリーなし"
3161,24035,3665,1633,Yes (+ 550 JPY),157-158Days (Value Rental Pack: 6Months Pack),1,カート用通常フラグ,new WiMAX HOME 5G L13 Unlimited Data,1,,,,,,,,*,wh/img001.jpg,*,wh/img001.jpg,,,,,,,,,,,,,,,,,,,,,,,0,1,en_wh_180_in,,1,,33600,34150,,5,,,,,,,,,,,,,,,,,"21,36,39","NEW rental,WiMAX HOME 5G L13,バッテリーなし"
3161,24036,3665,1634,Yes (+ 550 JPY),158-159Days (Value Rental Pack: 6Months Pack),1,カート用通常フラグ,new WiMAX HOME 5G L13 Unlimited Data,1,,,,,,,,*,wh/img001.jpg,*,wh/img001.jpg,,,,,,,,,,,,,,,,,,,,,,,0,1,en_wh_180_in,,1,,33600,34150,,5,,,,,,,,,,,,,,,,,"21,36,39","NEW rental,WiMAX HOME 5G L13,バッテリーなし"
3161,24037,3665,1635,Yes (+ 550 JPY),159-160Days (Value Rental Pack: 6Months Pack),1,カート用通常フラグ,new WiMAX HOME 5G L13 Unlimited Data,1,,,,,,,,*,wh/img001.jpg,*,wh/img001.jpg,,,,,,,,,,,,,,,,,,,,,,,0,1,en_wh_180_in,,1,,33600,34150,,5,,,,,,,,,,,,,,,,,"21,36,39","NEW rental,WiMAX HOME 5G L13,バッテリーなし"
3161,24038,3665,1636,Yes (+ 550 JPY),160-161Days (Value Rental Pack: 6Months Pack),1,カート用通常フラグ,new WiMAX HOME 5G L13 Unlimited Data,1,,,,,,,,*,wh/img001.jpg,*,wh/img001.jpg,,,,,,,,,,,,,,,,,,,,,,,0,1,en_wh_180_in,,1,,33600,34150,,5,,,,,,,,,,,,,,,,,"21,36,39","NEW rental,WiMAX HOME 5G L13,バッテリーなし"
3161,24039,3665,1637,Yes (+ 550 JPY),161-162Days (Value Rental Pack: 6Months Pack),1,カート用通常フラグ,new WiMAX HOME 5G L13 Unlimited Data,1,,,,,,,,*,wh/img001.jpg,*,wh/img001.jpg,,,,,,,,,,,,,,,,,,,,,,,0,1,en_wh_180_in,,1,,33600,34150,,5,,,,,,,,,,,,,,,,,"21,36,39","NEW rental,WiMAX HOME 5G L13,バッテリーなし"
3161,24040,3665,1638,Yes (+ 550 JPY),162-163Days (Value Rental Pack: 6Months Pack),1,カート用通常フラグ,new WiMAX HOME 5G L13 Unlimited Data,1,,,,,,,,*,wh/img001.jpg,*,wh/img001.jpg,,,,,,,,,,,,,,,,,,,,,,,0,1,en_wh_180_in,,1,,33600,34150,,5,,,,,,,,,,,,,,,,,"21,36,39","NEW rental,WiMAX HOME 5G L13,バッテリーなし"
3161,24041,3665,1639,Yes (+ 550 JPY),163-164Days (Value Rental Pack: 6Months Pack),1,カート用通常フラグ,new WiMAX HOME 5G L13 Unlimited Data,1,,,,,,,,*,wh/img001.jpg,*,wh/img001.jpg,,,,,,,,,,,,,,,,,,,,,,,0,1,en_wh_180_in,,1,,33600,34150,,5,,,,,,,,,,,,,,,,,"21,36,39","NEW rental,WiMAX HOME 5G L13,バッテリーなし"
3161,24042,3665,1640,Yes (+ 550 JPY),164-165Days (Value Rental Pack: 6Months Pack),1,カート用通常フラグ,new WiMAX HOME 5G L13 Unlimited Data,1,,,,,,,,*,wh/img001.jpg,*,wh/img001.jpg,,,,,,,,,,,,,,,,,,,,,,,0,1,en_wh_180_in,,1,,33600,34150,,5,,,,,,,,,,,,,,,,,"21,36,39","NEW rental,WiMAX HOME 5G L13,バッテリーなし"
3161,24043,3665,1641,Yes (+ 550 JPY),165-166Days (Value Rental Pack: 6Months Pack),1,カート用通常フラグ,new WiMAX HOME 5G L13 Unlimited Data,1,,,,,,,,*,wh/img001.jpg,*,wh/img001.jpg,,,,,,,,,,,,,,,,,,,,,,,0,1,en_wh_180_in,,1,,33600,34150,,5,,,,,,,,,,,,,,,,,"21,36,39","NEW rental,WiMAX HOME 5G L13,バッテリーなし"
3161,24044,3665,1642,Yes (+ 550 JPY),166-167Days (Value Rental Pack: 6Months Pack),1,カート用通常フラグ,new WiMAX HOME 5G L13 Unlimited Data,1,,,,,,,,*,wh/img001.jpg,*,wh/img001.jpg,,,,,,,,,,,,,,,,,,,,,,,0,1,en_wh_180_in,,1,,33600,34150,,5,,,,,,,,,,,,,,,,,"21,36,39","NEW rental,WiMAX HOME 5G L13,バッテリーなし"
3161,24045,3665,1643,Yes (+ 550 JPY),167-168Days (Value Rental Pack: 6Months Pack),1,カート用通常フラグ,new WiMAX HOME 5G L13 Unlimited Data,1,,,,,,,,*,wh/img001.jpg,*,wh/img001.jpg,,,,,,,,,,,,,,,,,,,,,,,0,1,en_wh_180_in,,1,,33600,34150,,5,,,,,,,,,,,,,,,,,"21,36,39","NEW rental,WiMAX HOME 5G L13,バッテリーなし"
3161,24046,3665,1644,Yes (+ 550 JPY),168-169Days (Value Rental Pack: 6Months Pack),1,カート用通常フラグ,new WiMAX HOME 5G L13 Unlimited Data,1,,,,,,,,*,wh/img001.jpg,*,wh/img001.jpg,,,,,,,,,,,,,,,,,,,,,,,0,1,en_wh_180_in,,1,,33600,34150,,5,,,,,,,,,,,,,,,,,"21,36,39","NEW rental,WiMAX HOME 5G L13,バッテリーなし"
3161,24047,3665,1645,Yes (+ 550 JPY),169-170Days (Value Rental Pack: 6Months Pack),1,カート用通常フラグ,new WiMAX HOME 5G L13 Unlimited Data,1,,,,,,,,*,wh/img001.jpg,*,wh/img001.jpg,,,,,,,,,,,,,,,,,,,,,,,0,1,en_wh_180_in,,1,,33600,34150,,5,,,,,,,,,,,,,,,,,"21,36,39","NEW rental,WiMAX HOME 5G L13,バッテリーなし"
3161,24048,3665,1646,Yes (+ 550 JPY),170-171Days (Value Rental Pack: 6Months Pack),1,カート用通常フラグ,new WiMAX HOME 5G L13 Unlimited Data,1,,,,,,,,*,wh/img001.jpg,*,wh/img001.jpg,,,,,,,,,,,,,,,,,,,,,,,0,1,en_wh_180_in,,1,,33600,34150,,5,,,,,,,,,,,,,,,,,"21,36,39","NEW rental,WiMAX HOME 5G L13,バッテリーなし"
3161,24049,3665,1647,Yes (+ 550 JPY),171-172Days (Value Rental Pack: 6Months Pack),1,カート用通常フラグ,new WiMAX HOME 5G L13 Unlimited Data,1,,,,,,,,*,wh/img001.jpg,*,wh/img001.jpg,,,,,,,,,,,,,,,,,,,,,,,0,1,en_wh_180_in,,1,,33600,34150,,5,,,,,,,,,,,,,,,,,"21,36,39","NEW rental,WiMAX HOME 5G L13,バッテリーなし"
3161,24050,3665,1648,Yes (+ 550 JPY),172-173Days (Value Rental Pack: 6Months Pack),1,カート用通常フラグ,new WiMAX HOME 5G L13 Unlimited Data,1,,,,,,,,*,wh/img001.jpg,*,wh/img001.jpg,,,,,,,,,,,,,,,,,,,,,,,0,1,en_wh_180_in,,1,,33600,34150,,5,,,,,,,,,,,,,,,,,"21,36,39","NEW rental,WiMAX HOME 5G L13,バッテリーなし"
3161,24051,3665,1649,Yes (+ 550 JPY),173-174Days (Value Rental Pack: 6Months Pack),1,カート用通常フラグ,new WiMAX HOME 5G L13 Unlimited Data,1,,,,,,,,*,wh/img001.jpg,*,wh/img001.jpg,,,,,,,,,,,,,,,,,,,,,,,0,1,en_wh_180_in,,1,,33600,34150,,5,,,,,,,,,,,,,,,,,"21,36,39","NEW rental,WiMAX HOME 5G L13,バッテリーなし"
3161,24052,3665,1650,Yes (+ 550 JPY),174-175Days (Value Rental Pack: 6Months Pack),1,カート用通常フラグ,new WiMAX HOME 5G L13 Unlimited Data,1,,,,,,,,*,wh/img001.jpg,*,wh/img001.jpg,,,,,,,,,,,,,,,,,,,,,,,0,1,en_wh_180_in,,1,,33600,34150,,5,,,,,,,,,,,,,,,,,"21,36,39","NEW rental,WiMAX HOME 5G L13,バッテリーなし"
3161,24053,3665,1651,Yes (+ 550 JPY),175-176Days (Value Rental Pack: 6Months Pack),1,カート用通常フラグ,new WiMAX HOME 5G L13 Unlimited Data,1,,,,,,,,*,wh/img001.jpg,*,wh/img001.jpg,,,,,,,,,,,,,,,,,,,,,,,0,1,en_wh_180_in,,1,,33600,34150,,5,,,,,,,,,,,,,,,,,"21,36,39","NEW rental,WiMAX HOME 5G L13,バッテリーなし"
3161,24054,3665,1652,Yes (+ 550 JPY),176-177Days (Value Rental Pack: 6Months Pack),1,カート用通常フラグ,new WiMAX HOME 5G L13 Unlimited Data,1,,,,,,,,*,wh/img001.jpg,*,wh/img001.jpg,,,,,,,,,,,,,,,,,,,,,,,0,1,en_wh_180_in,,1,,33600,34150,,5,,,,,,,,,,,,,,,,,"21,36,39","NEW rental,WiMAX HOME 5G L13,バッテリーなし"
3161,24055,3665,1653,Yes (+ 550 JPY),177-178Days (Value Rental Pack: 6Months Pack),1,カート用通常フラグ,new WiMAX HOME 5G L13 Unlimited Data,1,,,,,,,,*,wh/img001.jpg,*,wh/img001.jpg,,,,,,,,,,,,,,,,,,,,,,,0,1,en_wh_180_in,,1,,33600,34150,,5,,,,,,,,,,,,,,,,,"21,36,39","NEW rental,WiMAX HOME 5G L13,バッテリーなし"
3161,24056,3665,1654,Yes (+ 550 JPY),178-179Days (Value Rental Pack: 6Months Pack),1,カート用通常フラグ,new WiMAX HOME 5G L13 Unlimited Data,1,,,,,,,,*,wh/img001.jpg,*,wh/img001.jpg,,,,,,,,,,,,,,,,,,,,,,,0,1,en_wh_180_in,,1,,33600,34150,,5,,,,,,,,,,,,,,,,,"21,36,39","NEW rental,WiMAX HOME 5G L13,バッテリーなし"
3161,24057,3665,1655,Yes (+ 550 JPY),179-180Days (Value Rental Pack: 6Months Pack),1,カート用通常フラグ,new WiMAX HOME 5G L13 Unlimited Data,1,,,,,,,,*,wh/img001.jpg,*,wh/img001.jpg,,,,,,,,,,,,,,,,,,,,,,,0,1,en_wh_180_in,,1,,33600,34150,,5,,,,,,,,,,,,,,,,,"21,36,39","NEW rental,WiMAX HOME 5G L13,バッテリーなし"
3161,24058,3665,1656,Yes (+ 550 JPY),180-181Days (Value Rental Pack: 6Months Pack),1,カート用通常フラグ,new WiMAX HOME 5G L13 Unlimited Data,1,,,,,,,,*,wh/img001.jpg,*,wh/img001.jpg,,,,,,,,,,,,,,,,,,,,,,,0,1,en_wh_180_in,,1,,33600,34150,,5,,,,,,,,,,,,,,,,,"21,36,39","NEW rental,WiMAX HOME 5G L13,バッテリーなし"
3161,24059,3665,1657,Yes (+ 550 JPY),181-182Days (Value Rental Pack: 6Months Pack + 1Day),1,カート用通常フラグ,new WiMAX HOME 5G L13 Unlimited Data,1,,,,,,,,*,wh/img001.jpg,*,wh/img001.jpg,,,,,,,,,,,,,,,,,,,,,,,0,1,en_wh_181_in,,1,,34190,34740,,5,,,,,,,,,,,,,,,,,"21,36,39","NEW rental,WiMAX HOME 5G L13,バッテリーなし"
3161,24060,3665,1658,Yes (+ 550 JPY),182-183Days (Value Rental Pack: 6Months Pack + 2Days),1,カート用通常フラグ,new WiMAX HOME 5G L13 Unlimited Data,1,,,,,,,,*,wh/img001.jpg,*,wh/img001.jpg,,,,,,,,,,,,,,,,,,,,,,,0,1,en_wh_182_in,,1,,34780,35330,,5,,,,,,,,,,,,,,,,,"21,36,39","NEW rental,WiMAX HOME 5G L13,バッテリーなし"
3161,24061,3665,1659,Yes (+ 550 JPY),183-184Days (Value Rental Pack: 6Months Pack + 3Days),1,カート用通常フラグ,new WiMAX HOME 5G L13 Unlimited Data,1,,,,,,,,*,wh/img001.jpg,*,wh/img001.jpg,,,,,,,,,,,,,,,,,,,,,,,0,1,en_wh_183_in,,1,,35370,35920,,5,,,,,,,,,,,,,,,,,"21,36,39","NEW rental,WiMAX HOME 5G L13,バッテリーなし"
3161,24062,3665,1660,Yes (+ 550 JPY),184-185Days (Value Rental Pack: 6Months Pack + 4Days),1,カート用通常フラグ,new WiMAX HOME 5G L13 Unlimited Data,1,,,,,,,,*,wh/img001.jpg,*,wh/img001.jpg,,,,,,,,,,,,,,,,,,,,,,,0,1,en_wh_184_in,,1,,35960,36510,,5,,,,,,,,,,,,,,,,,"21,36,39","NEW rental,WiMAX HOME 5G L13,バッテリーなし"
3161,24063,3665,1661,Yes (+ 550 JPY),185-186Days (Value Rental Pack: 6Months Pack + 5Days),1,カート用通常フラグ,new WiMAX HOME 5G L13 Unlimited Data,1,,,,,,,,*,wh/img001.jpg,*,wh/img001.jpg,,,,,,,,,,,,,,,,,,,,,,,0,1,en_wh_185_in,,1,,36550,37100,,5,,,,,,,,,,,,,,,,,"21,36,39","NEW rental,WiMAX HOME 5G L13,バッテリーなし"
3161,24064,3665,1662,Yes (+ 550 JPY),186-187Days (Value Rental Pack: 6Months Pack + 6Days),1,カート用通常フラグ,new WiMAX HOME 5G L13 Unlimited Data,1,,,,,,,,*,wh/img001.jpg,*,wh/img001.jpg,,,,,,,,,,,,,,,,,,,,,,,0,1,en_wh_186_in,,1,,37140,37690,,5,,,,,,,,,,,,,,,,,"21,36,39","NEW rental,WiMAX HOME 5G L13,バッテリーなし"
3161,24065,3665,1663,Yes (+ 550 JPY),187-188Days (Value Rental Pack: 6Months Pack + 7Days),1,カート用通常フラグ,new WiMAX HOME 5G L13 Unlimited Data,1,,,,,,,,*,wh/img001.jpg,*,wh/img001.jpg,,,,,,,,,,,,,,,,,,,,,,,0,1,en_wh_187_in,,1,,37730,38280,,5,,,,,,,,,,,,,,,,,"21,36,39","NEW rental,WiMAX HOME 5G L13,バッテリーなし"
3161,24066,3665,1664,Yes (+ 550 JPY),188-189Days (Value Rental Pack: 6Months Pack + 8Days),1,カート用通常フラグ,new WiMAX HOME 5G L13 Unlimited Data,1,,,,,,,,*,wh/img001.jpg,*,wh/img001.jpg,,,,,,,,,,,,,,,,,,,,,,,0,1,en_wh_188_in,,1,,38320,38870,,5,,,,,,,,,,,,,,,,,"21,36,39","NEW rental,WiMAX HOME 5G L13,バッテリーなし"
3161,24067,3665,1665,Yes (+ 550 JPY),189-190Days (Value Rental Pack: 6Months Pack + 9Days),1,カート用通常フラグ,new WiMAX HOME 5G L13 Unlimited Data,1,,,,,,,,*,wh/img001.jpg,*,wh/img001.jpg,,,,,,,,,,,,,,,,,,,,,,,0,1,en_wh_189_in,,1,,38910,39460,,5,,,,,,,,,,,,,,,,,"21,36,39","NEW rental,WiMAX HOME 5G L13,バッテリーなし"
3161,24068,3665,1666,Yes (+ 550 JPY),190-191Days (Value Rental Pack: 6Months Pack + 10Days),1,カート用通常フラグ,new WiMAX HOME 5G L13 Unlimited Data,1,,,,,,,,*,wh/img001.jpg,*,wh/img001.jpg,,,,,,,,,,,,,,,,,,,,,,,0,1,en_wh_190_in,,1,,39500,40050,,5,,,,,,,,,,,,,,,,,"21,36,39","NEW rental,WiMAX HOME 5G L13,バッテリーなし"
3161,24069,3665,1667,Yes (+ 550 JPY),191-192Days (Value Rental Pack: 6Months Pack + 11Days),1,カート用通常フラグ,new WiMAX HOME 5G L13 Unlimited Data,1,,,,,,,,*,wh/img001.jpg,*,wh/img001.jpg,,,,,,,,,,,,,,,,,,,,,,,0,1,en_wh_191_in,,1,,40090,40640,,5,,,,,,,,,,,,,,,,,"21,36,39","NEW rental,WiMAX HOME 5G L13,バッテリーなし"
3161,24070,3665,1668,Yes (+ 550 JPY),192-193Days (Value Rental Pack: 6Months Pack + 12Days),1,カート用通常フラグ,new WiMAX HOME 5G L13 Unlimited Data,1,,,,,,,,*,wh/img001.jpg,*,wh/img001.jpg,,,,,,,,,,,,,,,,,,,,,,,0,1,en_wh_192_in,,1,,40680,41230,,5,,,,,,,,,,,,,,,,,"21,36,39","NEW rental,WiMAX HOME 5G L13,バッテリーなし"
3161,24071,3665,1669,Yes (+ 550 JPY),193-194Days (Value Rental Pack: 6Months Pack + 13Days),1,カート用通常フラグ,new WiMAX HOME 5G L13 Unlimited Data,1,,,,,,,,*,wh/img001.jpg,*,wh/img001.jpg,,,,,,,,,,,,,,,,,,,,,,,0,1,en_wh_193_in,,1,,41270,41820,,5,,,,,,,,,,,,,,,,,"21,36,39","NEW rental,WiMAX HOME 5G L13,バッテリーなし"
3161,24072,3665,1670,Yes (+ 550 JPY),194-195Days (Value Rental Pack: 6Months Pack + 14Days),1,カート用通常フラグ,new WiMAX HOME 5G L13 Unlimited Data,1,,,,,,,,*,wh/img001.jpg,*,wh/img001.jpg,,,,,,,,,,,,,,,,,,,,,,,0,1,en_wh_194_in,,1,,41860,42410,,5,,,,,,,,,,,,,,,,,"21,36,39","NEW rental,WiMAX HOME 5G L13,バッテリーなし"
3161,24073,3665,1671,Yes (+ 550 JPY),195-196Days (Value Rental Pack: 6Months Pack + 1Month Pack),1,カート用通常フラグ,new WiMAX HOME 5G L13 Unlimited Data,1,,,,,,,,*,wh/img001.jpg,*,wh/img001.jpg,,,,,,,,,,,,,,,,,,,,,,,0,1,en_wh_211_in,,1,,42450,43000,,5,,,,,,,,,,,,,,,,,"21,36,39","NEW rental,WiMAX HOME 5G L13,バッテリーなし"
3161,24074,3665,1672,Yes (+ 550 JPY),196-197Days (Value Rental Pack: 6Months Pack + 1Month Pack),1,カート用通常フラグ,new WiMAX HOME 5G L13 Unlimited Data,1,,,,,,,,*,wh/img001.jpg,*,wh/img001.jpg,,,,,,,,,,,,,,,,,,,,,,,0,1,en_wh_211_in,,1,,42450,43000,,5,,,,,,,,,,,,,,,,,"21,36,39","NEW rental,WiMAX HOME 5G L13,バッテリーなし"
3161,24075,3665,1673,Yes (+ 550 JPY),197-198Days (Value Rental Pack: 6Months Pack + 1Month Pack),1,カート用通常フラグ,new WiMAX HOME 5G L13 Unlimited Data,1,,,,,,,,*,wh/img001.jpg,*,wh/img001.jpg,,,,,,,,,,,,,,,,,,,,,,,0,1,en_wh_211_in,,1,,42450,43000,,5,,,,,,,,,,,,,,,,,"21,36,39","NEW rental,WiMAX HOME 5G L13,バッテリーなし"
3161,24076,3665,1674,Yes (+ 550 JPY),198-199Days (Value Rental Pack: 6Months Pack + 1Month Pack),1,カート用通常フラグ,new WiMAX HOME 5G L13 Unlimited Data,1,,,,,,,,*,wh/img001.jpg,*,wh/img001.jpg,,,,,,,,,,,,,,,,,,,,,,,0,1,en_wh_211_in,,1,,42450,43000,,5,,,,,,,,,,,,,,,,,"21,36,39","NEW rental,WiMAX HOME 5G L13,バッテリーなし"
3161,24077,3665,1675,Yes (+ 550 JPY),199-200Days (Value Rental Pack: 6Months Pack + 1Month Pack),1,カート用通常フラグ,new WiMAX HOME 5G L13 Unlimited Data,1,,,,,,,,*,wh/img001.jpg,*,wh/img001.jpg,,,,,,,,,,,,,,,,,,,,,,,0,1,en_wh_211_in,,1,,42450,43000,,5,,,,,,,,,,,,,,,,,"21,36,39","NEW rental,WiMAX HOME 5G L13,バッテリーなし"
3161,24078,3665,1676,Yes (+ 550 JPY),200-201Days (Value Rental Pack: 6Months Pack + 1Month Pack),1,カート用通常フラグ,new WiMAX HOME 5G L13 Unlimited Data,1,,,,,,,,*,wh/img001.jpg,*,wh/img001.jpg,,,,,,,,,,,,,,,,,,,,,,,0,1,en_wh_211_in,,1,,42450,43000,,5,,,,,,,,,,,,,,,,,"21,36,39","NEW rental,WiMAX HOME 5G L13,バッテリーなし"
3161,24079,3665,1677,Yes (+ 550 JPY),201-202Days (Value Rental Pack: 6Months Pack + 1Month Pack),1,カート用通常フラグ,new WiMAX HOME 5G L13 Unlimited Data,1,,,,,,,,*,wh/img001.jpg,*,wh/img001.jpg,,,,,,,,,,,,,,,,,,,,,,,0,1,en_wh_211_in,,1,,42450,43000,,5,,,,,,,,,,,,,,,,,"21,36,39","NEW rental,WiMAX HOME 5G L13,バッテリーなし"
3161,24080,3665,1678,Yes (+ 550 JPY),202-203Days (Value Rental Pack: 6Months Pack + 1Month Pack),1,カート用通常フラグ,new WiMAX HOME 5G L13 Unlimited Data,1,,,,,,,,*,wh/img001.jpg,*,wh/img001.jpg,,,,,,,,,,,,,,,,,,,,,,,0,1,en_wh_211_in,,1,,42450,43000,,5,,,,,,,,,,,,,,,,,"21,36,39","NEW rental,WiMAX HOME 5G L13,バッテリーなし"
3161,24081,3665,1679,Yes (+ 550 JPY),203-204Days (Value Rental Pack: 6Months Pack + 1Month Pack),1,カート用通常フラグ,new WiMAX HOME 5G L13 Unlimited Data,1,,,,,,,,*,wh/img001.jpg,*,wh/img001.jpg,,,,,,,,,,,,,,,,,,,,,,,0,1,en_wh_211_in,,1,,42450,43000,,5,,,,,,,,,,,,,,,,,"21,36,39","NEW rental,WiMAX HOME 5G L13,バッテリーなし"
3161,24082,3665,1680,Yes (+ 550 JPY),204-205Days (Value Rental Pack: 6Months Pack + 1Month Pack),1,カート用通常フラグ,new WiMAX HOME 5G L13 Unlimited Data,1,,,,,,,,*,wh/img001.jpg,*,wh/img001.jpg,,,,,,,,,,,,,,,,,,,,,,,0,1,en_wh_211_in,,1,,42450,43000,,5,,,,,,,,,,,,,,,,,"21,36,39","NEW rental,WiMAX HOME 5G L13,バッテリーなし"
3161,24083,3665,1681,Yes (+ 550 JPY),205-206Days (Value Rental Pack: 6Months Pack + 1Month Pack),1,カート用通常フラグ,new WiMAX HOME 5G L13 Unlimited Data,1,,,,,,,,*,wh/img001.jpg,*,wh/img001.jpg,,,,,,,,,,,,,,,,,,,,,,,0,1,en_wh_211_in,,1,,42450,43000,,5,,,,,,,,,,,,,,,,,"21,36,39","NEW rental,WiMAX HOME 5G L13,バッテリーなし"
3161,24084,3665,1682,Yes (+ 550 JPY),206-207Days (Value Rental Pack: 6Months Pack + 1Month Pack),1,カート用通常フラグ,new WiMAX HOME 5G L13 Unlimited Data,1,,,,,,,,*,wh/img001.jpg,*,wh/img001.jpg,,,,,,,,,,,,,,,,,,,,,,,0,1,en_wh_211_in,,1,,42450,43000,,5,,,,,,,,,,,,,,,,,"21,36,39","NEW rental,WiMAX HOME 5G L13,バッテリーなし"
3161,24085,3665,1683,Yes (+ 550 JPY),207-208Days (Value Rental Pack: 6Months Pack + 1Month Pack),1,カート用通常フラグ,new WiMAX HOME 5G L13 Unlimited Data,1,,,,,,,,*,wh/img001.jpg,*,wh/img001.jpg,,,,,,,,,,,,,,,,,,,,,,,0,1,en_wh_211_in,,1,,42450,43000,,5,,,,,,,,,,,,,,,,,"21,36,39","NEW rental,WiMAX HOME 5G L13,バッテリーなし"
3161,24086,3665,1684,Yes (+ 550 JPY),208-209Days (Value Rental Pack: 6Months Pack + 1Month Pack),1,カート用通常フラグ,new WiMAX HOME 5G L13 Unlimited Data,1,,,,,,,,*,wh/img001.jpg,*,wh/img001.jpg,,,,,,,,,,,,,,,,,,,,,,,0,1,en_wh_211_in,,1,,42450,43000,,5,,,,,,,,,,,,,,,,,"21,36,39","NEW rental,WiMAX HOME 5G L13,バッテリーなし"
3161,24087,3665,1685,Yes (+ 550 JPY),209-210Days (Value Rental Pack: 6Months Pack + 1Month Pack),1,カート用通常フラグ,new WiMAX HOME 5G L13 Unlimited Data,1,,,,,,,,*,wh/img001.jpg,*,wh/img001.jpg,,,,,,,,,,,,,,,,,,,,,,,0,1,en_wh_211_in,,1,,42450,43000,,5,,,,,,,,,,,,,,,,,"21,36,39","NEW rental,WiMAX HOME 5G L13,バッテリーなし"
3161,24088,3665,1686,Yes (+ 550 JPY),210-211Days (Value Rental Pack: 6Months Pack + 1Month Pack),1,カート用通常フラグ,new WiMAX HOME 5G L13 Unlimited Data,1,,,,,,,,*,wh/img001.jpg,*,wh/img001.jpg,,,,,,,,,,,,,,,,,,,,,,,0,1,en_wh_211_in,,1,,42450,43000,,5,,,,,,,,,,,,,,,,,"21,36,39","NEW rental,WiMAX HOME 5G L13,バッテリーなし"
3161,24089,3665,1687,Yes (+ 550 JPY),211-212Days (Value Rental Pack: 6Months Pack + 1Month Pack),1,カート用通常フラグ,new WiMAX HOME 5G L13 Unlimited Data,1,,,,,,,,*,wh/img001.jpg,*,wh/img001.jpg,,,,,,,,,,,,,,,,,,,,,,,0,1,en_wh_211_in,,1,,42450,43000,,5,,,,,,,,,,,,,,,,,"21,36,39","NEW rental,WiMAX HOME 5G L13,バッテリーなし"
3161,24090,3665,1688,Yes (+ 550 JPY),212-213Days (Value Rental Pack: 6Months Pack + 1Month Pack + 1Day),1,カート用通常フラグ,new WiMAX HOME 5G L13 Unlimited Data,1,,,,,,,,*,wh/img001.jpg,*,wh/img001.jpg,,,,,,,,,,,,,,,,,,,,,,,0,1,en_wh_212_in,,1,,43040,43590,,5,,,,,,,,,,,,,,,,,"21,36,39","NEW rental,WiMAX HOME 5G L13,バッテリーなし"
3161,24091,3665,1689,Yes (+ 550 JPY),213-214Days (Value Rental Pack: 6Months Pack + 1Month Pack + 2Days),1,カート用通常フラグ,new WiMAX HOME 5G L13 Unlimited Data,1,,,,,,,,*,wh/img001.jpg,*,wh/img001.jpg,,,,,,,,,,,,,,,,,,,,,,,0,1,en_wh_213_in,,1,,43630,44180,,5,,,,,,,,,,,,,,,,,"21,36,39","NEW rental,WiMAX HOME 5G L13,バッテリーなし"
3161,24092,3665,1690,Yes (+ 550 JPY),214-215Days (Value Rental Pack: 6Months Pack + 1Month Pack + 3Days),1,カート用通常フラグ,new WiMAX HOME 5G L13 Unlimited Data,1,,,,,,,,*,wh/img001.jpg,*,wh/img001.jpg,,,,,,,,,,,,,,,,,,,,,,,0,1,en_wh_214_in,,1,,44220,44770,,5,,,,,,,,,,,,,,,,,"21,36,39","NEW rental,WiMAX HOME 5G L13,バッテリーなし"
3161,24093,3665,1691,Yes (+ 550 JPY),215-216Days (Value Rental Pack: 6Months Pack + 1Month Pack + 4Days),1,カート用通常フラグ,new WiMAX HOME 5G L13 Unlimited Data,1,,,,,,,,*,wh/img001.jpg,*,wh/img001.jpg,,,,,,,,,,,,,,,,,,,,,,,0,1,en_wh_215_in,,1,,44810,45360,,5,,,,,,,,,,,,,,,,,"21,36,39","NEW rental,WiMAX HOME 5G L13,バッテリーなし"
3161,24094,3665,1692,Yes (+ 550 JPY),216-217Days (Value Rental Pack: 6Months Pack + 1Month Pack + 5Days),1,カート用通常フラグ,new WiMAX HOME 5G L13 Unlimited Data,1,,,,,,,,*,wh/img001.jpg,*,wh/img001.jpg,,,,,,,,,,,,,,,,,,,,,,,0,1,en_wh_216_in,,1,,45400,45950,,5,,,,,,,,,,,,,,,,,"21,36,39","NEW rental,WiMAX HOME 5G L13,バッテリーなし"
3161,24095,3665,1693,Yes (+ 550 JPY),217-218Days (Value Rental Pack: 6Months Pack + 1Month Pack + 6Days),1,カート用通常フラグ,new WiMAX HOME 5G L13 Unlimited Data,1,,,,,,,,*,wh/img001.jpg,*,wh/img001.jpg,,,,,,,,,,,,,,,,,,,,,,,0,1,en_wh_217_in,,1,,45990,46540,,5,,,,,,,,,,,,,,,,,"21,36,39","NEW rental,WiMAX HOME 5G L13,バッテリーなし"
3161,24096,3665,1694,Yes (+ 550 JPY),218-219Days (Value Rental Pack: 6Months Pack + 1Month Pack + 7Days),1,カート用通常フラグ,new WiMAX HOME 5G L13 Unlimited Data,1,,,,,,,,*,wh/img001.jpg,*,wh/img001.jpg,,,,,,,,,,,,,,,,,,,,,,,0,1,en_wh_218_in,,1,,46580,47130,,5,,,,,,,,,,,,,,,,,"21,36,39","NEW rental,WiMAX HOME 5G L13,バッテリーなし"
3161,24097,3665,1695,Yes (+ 550 JPY),219-220Days (Value Rental Pack: 6Months Pack + 1Month Pack + 8Days),1,カート用通常フラグ,new WiMAX HOME 5G L13 Unlimited Data,1,,,,,,,,*,wh/img001.jpg,*,wh/img001.jpg,,,,,,,,,,,,,,,,,,,,,,,0,1,en_wh_219_in,,1,,47170,47720,,5,,,,,,,,,,,,,,,,,"21,36,39","NEW rental,WiMAX HOME 5G L13,バッテリーなし"
3161,24098,3665,1696,Yes (+ 550 JPY),220-221Days (Value Rental Pack: 6Months Pack + 1Month Pack + 9Days),1,カート用通常フラグ,new WiMAX HOME 5G L13 Unlimited Data,1,,,,,,,,*,wh/img001.jpg,*,wh/img001.jpg,,,,,,,,,,,,,,,,,,,,,,,0,1,en_wh_220_in,,1,,47760,48310,,5,,,,,,,,,,,,,,,,,"21,36,39","NEW rental,WiMAX HOME 5G L13,バッテリーなし"
3161,24099,3665,1697,Yes (+ 550 JPY),221-222Days (Value Rental Pack: 6Months Pack + 1Month Pack + 10Days),1,カート用通常フラグ,new WiMAX HOME 5G L13 Unlimited Data,1,,,,,,,,*,wh/img001.jpg,*,wh/img001.jpg,,,,,,,,,,,,,,,,,,,,,,,0,1,en_wh_221_in,,1,,48350,48900,,5,,,,,,,,,,,,,,,,,"21,36,39","NEW rental,WiMAX HOME 5G L13,バッテリーなし"
3161,24100,3665,1698,Yes (+ 550 JPY),222-223Days (Value Rental Pack: 6Months Pack + 1Month Pack + 11Days),1,カート用通常フラグ,new WiMAX HOME 5G L13 Unlimited Data,1,,,,,,,,*,wh/img001.jpg,*,wh/img001.jpg,,,,,,,,,,,,,,,,,,,,,,,0,1,en_wh_222_in,,1,,48940,49490,,5,,,,,,,,,,,,,,,,,"21,36,39","NEW rental,WiMAX HOME 5G L13,バッテリーなし"
3161,24101,3665,1699,Yes (+ 550 JPY),223-224Days (Value Rental Pack: 6Months Pack + 2Months Pack),1,カート用通常フラグ,new WiMAX HOME 5G L13 Unlimited Data,1,,,,,,,,*,wh/img001.jpg,*,wh/img001.jpg,,,,,,,,,,,,,,,,,,,,,,,0,1,en_wh_241_in,,1,,49300,49850,,5,,,,,,,,,,,,,,,,,"21,36,39","NEW rental,WiMAX HOME 5G L13,バッテリーなし"
3161,24102,3665,1700,Yes (+ 550 JPY),224-225Days (Value Rental Pack: 6Months Pack + 2Months Pack),1,カート用通常フラグ,new WiMAX HOME 5G L13 Unlimited Data,1,,,,,,,,*,wh/img001.jpg,*,wh/img001.jpg,,,,,,,,,,,,,,,,,,,,,,,0,1,en_wh_241_in,,1,,49300,49850,,5,,,,,,,,,,,,,,,,,"21,36,39","NEW rental,WiMAX HOME 5G L13,バッテリーなし"
3161,24103,3665,1701,Yes (+ 550 JPY),225-226Days (Value Rental Pack: 6Months Pack + 2Months Pack),1,カート用通常フラグ,new WiMAX HOME 5G L13 Unlimited Data,1,,,,,,,,*,wh/img001.jpg,*,wh/img001.jpg,,,,,,,,,,,,,,,,,,,,,,,0,1,en_wh_241_in,,1,,49300,49850,,5,,,,,,,,,,,,,,,,,"21,36,39","NEW rental,WiMAX HOME 5G L13,バッテリーなし"
3161,24104,3665,1702,Yes (+ 550 JPY),226-227Days (Value Rental Pack: 6Months Pack + 2Months Pack),1,カート用通常フラグ,new WiMAX HOME 5G L13 Unlimited Data,1,,,,,,,,*,wh/img001.jpg,*,wh/img001.jpg,,,,,,,,,,,,,,,,,,,,,,,0,1,en_wh_241_in,,1,,49300,49850,,5,,,,,,,,,,,,,,,,,"21,36,39","NEW rental,WiMAX HOME 5G L13,バッテリーなし"
3161,24105,3665,1703,Yes (+ 550 JPY),227-228Days (Value Rental Pack: 6Months Pack + 2Months Pack),1,カート用通常フラグ,new WiMAX HOME 5G L13 Unlimited Data,1,,,,,,,,*,wh/img001.jpg,*,wh/img001.jpg,,,,,,,,,,,,,,,,,,,,,,,0,1,en_wh_241_in,,1,,49300,49850,,5,,,,,,,,,,,,,,,,,"21,36,39","NEW rental,WiMAX HOME 5G L13,バッテリーなし"
3161,24106,3665,1704,Yes (+ 550 JPY),228-229Days (Value Rental Pack: 6Months Pack + 2Months Pack),1,カート用通常フラグ,new WiMAX HOME 5G L13 Unlimited Data,1,,,,,,,,*,wh/img001.jpg,*,wh/img001.jpg,,,,,,,,,,,,,,,,,,,,,,,0,1,en_wh_241_in,,1,,49300,49850,,5,,,,,,,,,,,,,,,,,"21,36,39","NEW rental,WiMAX HOME 5G L13,バッテリーなし"
3161,24107,3665,1705,Yes (+ 550 JPY),229-230Days (Value Rental Pack: 6Months Pack + 2Months Pack),1,カート用通常フラグ,new WiMAX HOME 5G L13 Unlimited Data,1,,,,,,,,*,wh/img001.jpg,*,wh/img001.jpg,,,,,,,,,,,,,,,,,,,,,,,0,1,en_wh_241_in,,1,,49300,49850,,5,,,,,,,,,,,,,,,,,"21,36,39","NEW rental,WiMAX HOME 5G L13,バッテリーなし"
3161,24108,3665,1706,Yes (+ 550 JPY),230-231Days (Value Rental Pack: 6Months Pack + 2Months Pack),1,カート用通常フラグ,new WiMAX HOME 5G L13 Unlimited Data,1,,,,,,,,*,wh/img001.jpg,*,wh/img001.jpg,,,,,,,,,,,,,,,,,,,,,,,0,1,en_wh_241_in,,1,,49300,49850,,5,,,,,,,,,,,,,,,,,"21,36,39","NEW rental,WiMAX HOME 5G L13,バッテリーなし"
3161,24109,3665,1707,Yes (+ 550 JPY),231-232Days (Value Rental Pack: 6Months Pack + 2Months Pack),1,カート用通常フラグ,new WiMAX HOME 5G L13 Unlimited Data,1,,,,,,,,*,wh/img001.jpg,*,wh/img001.jpg,,,,,,,,,,,,,,,,,,,,,,,0,1,en_wh_241_in,,1,,49300,49850,,5,,,,,,,,,,,,,,,,,"21,36,39","NEW rental,WiMAX HOME 5G L13,バッテリーなし"
3161,24110,3665,1708,Yes (+ 550 JPY),232-233Days (Value Rental Pack: 6Months Pack + 2Months Pack),1,カート用通常フラグ,new WiMAX HOME 5G L13 Unlimited Data,1,,,,,,,,*,wh/img001.jpg,*,wh/img001.jpg,,,,,,,,,,,,,,,,,,,,,,,0,1,en_wh_241_in,,1,,49300,49850,,5,,,,,,,,,,,,,,,,,"21,36,39","NEW rental,WiMAX HOME 5G L13,バッテリーなし"
3161,24111,3665,1709,Yes (+ 550 JPY),233-234Days (Value Rental Pack: 6Months Pack + 2Months Pack),1,カート用通常フラグ,new WiMAX HOME 5G L13 Unlimited Data,1,,,,,,,,*,wh/img001.jpg,*,wh/img001.jpg,,,,,,,,,,,,,,,,,,,,,,,0,1,en_wh_241_in,,1,,49300,49850,,5,,,,,,,,,,,,,,,,,"21,36,39","NEW rental,WiMAX HOME 5G L13,バッテリーなし"
3161,24112,3665,1710,Yes (+ 550 JPY),234-235Days (Value Rental Pack: 6Months Pack + 2Months Pack),1,カート用通常フラグ,new WiMAX HOME 5G L13 Unlimited Data,1,,,,,,,,*,wh/img001.jpg,*,wh/img001.jpg,,,,,,,,,,,,,,,,,,,,,,,0,1,en_wh_241_in,,1,,49300,49850,,5,,,,,,,,,,,,,,,,,"21,36,39","NEW rental,WiMAX HOME 5G L13,バッテリーなし"
3161,24113,3665,1711,Yes (+ 550 JPY),235-236Days (Value Rental Pack: 6Months Pack + 2Months Pack),1,カート用通常フラグ,new WiMAX HOME 5G L13 Unlimited Data,1,,,,,,,,*,wh/img001.jpg,*,wh/img001.jpg,,,,,,,,,,,,,,,,,,,,,,,0,1,en_wh_241_in,,1,,49300,49850,,5,,,,,,,,,,,,,,,,,"21,36,39","NEW rental,WiMAX HOME 5G L13,バッテリーなし"
3161,24114,3665,1712,Yes (+ 550 JPY),236-237Days (Value Rental Pack: 6Months Pack + 2Months Pack),1,カート用通常フラグ,new WiMAX HOME 5G L13 Unlimited Data,1,,,,,,,,*,wh/img001.jpg,*,wh/img001.jpg,,,,,,,,,,,,,,,,,,,,,,,0,1,en_wh_241_in,,1,,49300,49850,,5,,,,,,,,,,,,,,,,,"21,36,39","NEW rental,WiMAX HOME 5G L13,バッテリーなし"
3161,24115,3665,1713,Yes (+ 550 JPY),237-238Days (Value Rental Pack: 6Months Pack + 2Months Pack),1,カート用通常フラグ,new WiMAX HOME 5G L13 Unlimited Data,1,,,,,,,,*,wh/img001.jpg,*,wh/img001.jpg,,,,,,,,,,,,,,,,,,,,,,,0,1,en_wh_241_in,,1,,49300,49850,,5,,,,,,,,,,,,,,,,,"21,36,39","NEW rental,WiMAX HOME 5G L13,バッテリーなし"
3161,24116,3665,1714,Yes (+ 550 JPY),238-239Days (Value Rental Pack: 6Months Pack + 2Months Pack),1,カート用通常フラグ,new WiMAX HOME 5G L13 Unlimited Data,1,,,,,,,,*,wh/img001.jpg,*,wh/img001.jpg,,,,,,,,,,,,,,,,,,,,,,,0,1,en_wh_241_in,,1,,49300,49850,,5,,,,,,,,,,,,,,,,,"21,36,39","NEW rental,WiMAX HOME 5G L13,バッテリーなし"
3161,24117,3665,1715,Yes (+ 550 JPY),239-240Days (Value Rental Pack: 6Months Pack + 2Months Pack),1,カート用通常フラグ,new WiMAX HOME 5G L13 Unlimited Data,1,,,,,,,,*,wh/img001.jpg,*,wh/img001.jpg,,,,,,,,,,,,,,,,,,,,,,,0,1,en_wh_241_in,,1,,49300,49850,,5,,,,,,,,,,,,,,,,,"21,36,39","NEW rental,WiMAX HOME 5G L13,バッテリーなし"
3161,24118,3665,1716,Yes (+ 550 JPY),240-241Days (Value Rental Pack: 6Months Pack + 2Months Pack),1,カート用通常フラグ,new WiMAX HOME 5G L13 Unlimited Data,1,,,,,,,,*,wh/img001.jpg,*,wh/img001.jpg,,,,,,,,,,,,,,,,,,,,,,,0,1,en_wh_241_in,,1,,49300,49850,,5,,,,,,,,,,,,,,,,,"21,36,39","NEW rental,WiMAX HOME 5G L13,バッテリーなし"
3161,24119,3665,1717,Yes (+ 550 JPY),241-242Days (Value Rental Pack: 6Months Pack + 2Months Pack),1,カート用通常フラグ,new WiMAX HOME 5G L13 Unlimited Data,1,,,,,,,,*,wh/img001.jpg,*,wh/img001.jpg,,,,,,,,,,,,,,,,,,,,,,,0,1,en_wh_241_in,,1,,49300,49850,,5,,,,,,,,,,,,,,,,,"21,36,39","NEW rental,WiMAX HOME 5G L13,バッテリーなし"
3161,24120,3665,1718,Yes (+ 550 JPY),242-243Days (Value Rental Pack: 6Months Pack + 2Months Pack + 1Day),1,カート用通常フラグ,new WiMAX HOME 5G L13 Unlimited Data,1,,,,,,,,*,wh/img001.jpg,*,wh/img001.jpg,,,,,,,,,,,,,,,,,,,,,,,0,1,en_wh_242_in,,1,,49890,50440,,5,,,,,,,,,,,,,,,,,"21,36,39","NEW rental,WiMAX HOME 5G L13,バッテリーなし"
3161,24121,3665,1719,Yes (+ 550 JPY),243-244Days (Value Rental Pack: 6Months Pack + 2Months Pack + 2Days),1,カート用通常フラグ,new WiMAX HOME 5G L13 Unlimited Data,1,,,,,,,,*,wh/img001.jpg,*,wh/img001.jpg,,,,,,,,,,,,,,,,,,,,,,,0,1,en_wh_243_in,,1,,50480,51030,,5,,,,,,,,,,,,,,,,,"21,36,39","NEW rental,WiMAX HOME 5G L13,バッテリーなし"
3161,24122,3665,1720,Yes (+ 550 JPY),244-245Days (Value Rental Pack: 6Months Pack + 2Months Pack + 3Days),1,カート用通常フラグ,new WiMAX HOME 5G L13 Unlimited Data,1,,,,,,,,*,wh/img001.jpg,*,wh/img001.jpg,,,,,,,,,,,,,,,,,,,,,,,0,1,en_wh_244_in,,1,,51070,51620,,5,,,,,,,,,,,,,,,,,"21,36,39","NEW rental,WiMAX HOME 5G L13,バッテリーなし"
3161,24123,3665,1721,Yes (+ 550 JPY),245-246Days (Value Rental Pack: 6Months Pack + 2Months Pack + 4Days),1,カート用通常フラグ,new WiMAX HOME 5G L13 Unlimited Data,1,,,,,,,,*,wh/img001.jpg,*,wh/img001.jpg,,,,,,,,,,,,,,,,,,,,,,,0,1,en_wh_245_in,,1,,51660,52210,,5,,,,,,,,,,,,,,,,,"21,36,39","NEW rental,WiMAX HOME 5G L13,バッテリーなし"
3161,24124,3665,1722,Yes (+ 550 JPY),246-247Days (Value Rental Pack: 6Months Pack + 2Months Pack + 5Days),1,カート用通常フラグ,new WiMAX HOME 5G L13 Unlimited Data,1,,,,,,,,*,wh/img001.jpg,*,wh/img001.jpg,,,,,,,,,,,,,,,,,,,,,,,0,1,en_wh_246_in,,1,,52250,52800,,5,,,,,,,,,,,,,,,,,"21,36,39","NEW rental,WiMAX HOME 5G L13,バッテリーなし"
3161,24125,3665,1723,Yes (+ 550 JPY),247-248Days (Value Rental Pack: 6Months Pack + 2Months Pack + 6Days),1,カート用通常フラグ,new WiMAX HOME 5G L13 Unlimited Data,1,,,,,,,,*,wh/img001.jpg,*,wh/img001.jpg,,,,,,,,,,,,,,,,,,,,,,,0,1,en_wh_247_in,,1,,52840,53390,,5,,,,,,,,,,,,,,,,,"21,36,39","NEW rental,WiMAX HOME 5G L13,バッテリーなし"
3161,24126,3665,1724,Yes (+ 550 JPY),248-249Days (Value Rental Pack: 6Months Pack + 2Months Pack + 7Days),1,カート用通常フラグ,new WiMAX HOME 5G L13 Unlimited Data,1,,,,,,,,*,wh/img001.jpg,*,wh/img001.jpg,,,,,,,,,,,,,,,,,,,,,,,0,1,en_wh_248_in,,1,,53430,53980,,5,,,,,,,,,,,,,,,,,"21,36,39","NEW rental,WiMAX HOME 5G L13,バッテリーなし"
3161,24127,3665,1725,Yes (+ 550 JPY),249-250Days (Value Rental Pack: 6Months Pack + 2Months Pack + 8Days),1,カート用通常フラグ,new WiMAX HOME 5G L13 Unlimited Data,1,,,,,,,,*,wh/img001.jpg,*,wh/img001.jpg,,,,,,,,,,,,,,,,,,,,,,,0,1,en_wh_249_in,,1,,54020,54570,,5,,,,,,,,,,,,,,,,,"21,36,39","NEW rental,WiMAX HOME 5G L13,バッテリーなし"
3161,24128,3665,1726,Yes (+ 550 JPY),250-251Days (Value Rental Pack: 6Months Pack + 2Months Pack + 9Days),1,カート用通常フラグ,new WiMAX HOME 5G L13 Unlimited Data,1,,,,,,,,*,wh/img001.jpg,*,wh/img001.jpg,,,,,,,,,,,,,,,,,,,,,,,0,1,en_wh_250_in,,1,,54610,55160,,5,,,,,,,,,,,,,,,,,"21,36,39","NEW rental,WiMAX HOME 5G L13,バッテリーなし"
3161,24129,3665,1727,Yes (+ 550 JPY),251-252Days (Value Rental Pack: 6Months Pack + 2Months Pack + 10Days),1,カート用通常フラグ,new WiMAX HOME 5G L13 Unlimited Data,1,,,,,,,,*,wh/img001.jpg,*,wh/img001.jpg,,,,,,,,,,,,,,,,,,,,,,,0,1,en_wh_251_in,,1,,55200,55750,,5,,,,,,,,,,,,,,,,,"21,36,39","NEW rental,WiMAX HOME 5G L13,バッテリーなし"
3161,24130,3665,1728,Yes (+ 550 JPY),252-253Days (Value Rental Pack: 6Months Pack + 3Months Pack),1,カート用通常フラグ,new WiMAX HOME 5G L13 Unlimited Data,1,,,,,,,,*,wh/img001.jpg,*,wh/img001.jpg,,,,,,,,,,,,,,,,,,,,,,,0,1,en_wh_271_in,,1,,55600,56150,,5,,,,,,,,,,,,,,,,,"21,36,39","NEW rental,WiMAX HOME 5G L13,バッテリーなし"
3161,24131,3665,1729,Yes (+ 550 JPY),253-254Days (Value Rental Pack: 6Months Pack + 3Months Pack),1,カート用通常フラグ,new WiMAX HOME 5G L13 Unlimited Data,1,,,,,,,,*,wh/img001.jpg,*,wh/img001.jpg,,,,,,,,,,,,,,,,,,,,,,,0,1,en_wh_271_in,,1,,55600,56150,,5,,,,,,,,,,,,,,,,,"21,36,39","NEW rental,WiMAX HOME 5G L13,バッテリーなし"
3161,24132,3665,1730,Yes (+ 550 JPY),254-255Days (Value Rental Pack: 6Months Pack + 3Months Pack),1,カート用通常フラグ,new WiMAX HOME 5G L13 Unlimited Data,1,,,,,,,,*,wh/img001.jpg,*,wh/img001.jpg,,,,,,,,,,,,,,,,,,,,,,,0,1,en_wh_271_in,,1,,55600,56150,,5,,,,,,,,,,,,,,,,,"21,36,39","NEW rental,WiMAX HOME 5G L13,バッテリーなし"
3161,24133,3665,1731,Yes (+ 550 JPY),255-256Days (Value Rental Pack: 6Months Pack + 3Months Pack),1,カート用通常フラグ,new WiMAX HOME 5G L13 Unlimited Data,1,,,,,,,,*,wh/img001.jpg,*,wh/img001.jpg,,,,,,,,,,,,,,,,,,,,,,,0,1,en_wh_271_in,,1,,55600,56150,,5,,,,,,,,,,,,,,,,,"21,36,39","NEW rental,WiMAX HOME 5G L13,バッテリーなし"
3161,24134,3665,1732,Yes (+ 550 JPY),256-257Days (Value Rental Pack: 6Months Pack + 3Months Pack),1,カート用通常フラグ,new WiMAX HOME 5G L13 Unlimited Data,1,,,,,,,,*,wh/img001.jpg,*,wh/img001.jpg,,,,,,,,,,,,,,,,,,,,,,,0,1,en_wh_271_in,,1,,55600,56150,,5,,,,,,,,,,,,,,,,,"21,36,39","NEW rental,WiMAX HOME 5G L13,バッテリーなし"
3161,24135,3665,1733,Yes (+ 550 JPY),257-258Days (Value Rental Pack: 6Months Pack + 3Months Pack),1,カート用通常フラグ,new WiMAX HOME 5G L13 Unlimited Data,1,,,,,,,,*,wh/img001.jpg,*,wh/img001.jpg,,,,,,,,,,,,,,,,,,,,,,,0,1,en_wh_271_in,,1,,55600,56150,,5,,,,,,,,,,,,,,,,,"21,36,39","NEW rental,WiMAX HOME 5G L13,バッテリーなし"
3161,24136,3665,1734,Yes (+ 550 JPY),258-259Days (Value Rental Pack: 6Months Pack + 3Months Pack),1,カート用通常フラグ,new WiMAX HOME 5G L13 Unlimited Data,1,,,,,,,,*,wh/img001.jpg,*,wh/img001.jpg,,,,,,,,,,,,,,,,,,,,,,,0,1,en_wh_271_in,,1,,55600,56150,,5,,,,,,,,,,,,,,,,,"21,36,39","NEW rental,WiMAX HOME 5G L13,バッテリーなし"
3161,24137,3665,1735,Yes (+ 550 JPY),259-260Days (Value Rental Pack: 6Months Pack + 3Months Pack),1,カート用通常フラグ,new WiMAX HOME 5G L13 Unlimited Data,1,,,,,,,,*,wh/img001.jpg,*,wh/img001.jpg,,,,,,,,,,,,,,,,,,,,,,,0,1,en_wh_271_in,,1,,55600,56150,,5,,,,,,,,,,,,,,,,,"21,36,39","NEW rental,WiMAX HOME 5G L13,バッテリーなし"
3161,24138,3665,1736,Yes (+ 550 JPY),260-261Days (Value Rental Pack: 6Months Pack + 3Months Pack),1,カート用通常フラグ,new WiMAX HOME 5G L13 Unlimited Data,1,,,,,,,,*,wh/img001.jpg,*,wh/img001.jpg,,,,,,,,,,,,,,,,,,,,,,,0,1,en_wh_271_in,,1,,55600,56150,,5,,,,,,,,,,,,,,,,,"21,36,39","NEW rental,WiMAX HOME 5G L13,バッテリーなし"
3161,24139,3665,1737,Yes (+ 550 JPY),261-262Days (Value Rental Pack: 6Months Pack + 3Months Pack),1,カート用通常フラグ,new WiMAX HOME 5G L13 Unlimited Data,1,,,,,,,,*,wh/img001.jpg,*,wh/img001.jpg,,,,,,,,,,,,,,,,,,,,,,,0,1,en_wh_271_in,,1,,55600,56150,,5,,,,,,,,,,,,,,,,,"21,36,39","NEW rental,WiMAX HOME 5G L13,バッテリーなし"
3161,24140,3665,1738,Yes (+ 550 JPY),262-263Days (Value Rental Pack: 6Months Pack + 3Months Pack),1,カート用通常フラグ,new WiMAX HOME 5G L13 Unlimited Data,1,,,,,,,,*,wh/img001.jpg,*,wh/img001.jpg,,,,,,,,,,,,,,,,,,,,,,,0,1,en_wh_271_in,,1,,55600,56150,,5,,,,,,,,,,,,,,,,,"21,36,39","NEW rental,WiMAX HOME 5G L13,バッテリーなし"
3161,24141,3665,1739,Yes (+ 550 JPY),263-264Days (Value Rental Pack: 6Months Pack + 3Months Pack),1,カート用通常フラグ,new WiMAX HOME 5G L13 Unlimited Data,1,,,,,,,,*,wh/img001.jpg,*,wh/img001.jpg,,,,,,,,,,,,,,,,,,,,,,,0,1,en_wh_271_in,,1,,55600,56150,,5,,,,,,,,,,,,,,,,,"21,36,39","NEW rental,WiMAX HOME 5G L13,バッテリーなし"
3161,24142,3665,1740,Yes (+ 550 JPY),264-265Days (Value Rental Pack: 6Months Pack + 3Months Pack),1,カート用通常フラグ,new WiMAX HOME 5G L13 Unlimited Data,1,,,,,,,,*,wh/img001.jpg,*,wh/img001.jpg,,,,,,,,,,,,,,,,,,,,,,,0,1,en_wh_271_in,,1,,55600,56150,,5,,,,,,,,,,,,,,,,,"21,36,39","NEW rental,WiMAX HOME 5G L13,バッテリーなし"
3161,24143,3665,1741,Yes (+ 550 JPY),265-266Days (Value Rental Pack: 6Months Pack + 3Months Pack),1,カート用通常フラグ,new WiMAX HOME 5G L13 Unlimited Data,1,,,,,,,,*,wh/img001.jpg,*,wh/img001.jpg,,,,,,,,,,,,,,,,,,,,,,,0,1,en_wh_271_in,,1,,55600,56150,,5,,,,,,,,,,,,,,,,,"21,36,39","NEW rental,WiMAX HOME 5G L13,バッテリーなし"
3161,24144,3665,1742,Yes (+ 550 JPY),266-267Days (Value Rental Pack: 6Months Pack + 3Months Pack),1,カート用通常フラグ,new WiMAX HOME 5G L13 Unlimited Data,1,,,,,,,,*,wh/img001.jpg,*,wh/img001.jpg,,,,,,,,,,,,,,,,,,,,,,,0,1,en_wh_271_in,,1,,55600,56150,,5,,,,,,,,,,,,,,,,,"21,36,39","NEW rental,WiMAX HOME 5G L13,バッテリーなし"
3161,24145,3665,1743,Yes (+ 550 JPY),267-268Days (Value Rental Pack: 6Months Pack + 3Months Pack),1,カート用通常フラグ,new WiMAX HOME 5G L13 Unlimited Data,1,,,,,,,,*,wh/img001.jpg,*,wh/img001.jpg,,,,,,,,,,,,,,,,,,,,,,,0,1,en_wh_271_in,,1,,55600,56150,,5,,,,,,,,,,,,,,,,,"21,36,39","NEW rental,WiMAX HOME 5G L13,バッテリーなし"
3161,24146,3665,1744,Yes (+ 550 JPY),268-269Days (Value Rental Pack: 6Months Pack + 3Months Pack),1,カート用通常フラグ,new WiMAX HOME 5G L13 Unlimited Data,1,,,,,,,,*,wh/img001.jpg,*,wh/img001.jpg,,,,,,,,,,,,,,,,,,,,,,,0,1,en_wh_271_in,,1,,55600,56150,,5,,,,,,,,,,,,,,,,,"21,36,39","NEW rental,WiMAX HOME 5G L13,バッテリーなし"
3161,24147,3665,1745,Yes (+ 550 JPY),269-270Days (Value Rental Pack: 6Months Pack + 3Months Pack),1,カート用通常フラグ,new WiMAX HOME 5G L13 Unlimited Data,1,,,,,,,,*,wh/img001.jpg,*,wh/img001.jpg,,,,,,,,,,,,,,,,,,,,,,,0,1,en_wh_271_in,,1,,55600,56150,,5,,,,,,,,,,,,,,,,,"21,36,39","NEW rental,WiMAX HOME 5G L13,バッテリーなし"
3161,24148,3665,1746,Yes (+ 550 JPY),270-271Days (Value Rental Pack: 6Months Pack + 3Months Pack),1,カート用通常フラグ,new WiMAX HOME 5G L13 Unlimited Data,1,,,,,,,,*,wh/img001.jpg,*,wh/img001.jpg,,,,,,,,,,,,,,,,,,,,,,,0,1,en_wh_271_in,,1,,55600,56150,,5,,,,,,,,,,,,,,,,,"21,36,39","NEW rental,WiMAX HOME 5G L13,バッテリーなし"
3161,24149,3665,1747,Yes (+ 550 JPY),271-272Days (Value Rental Pack: 6Months Pack + 3Months Pack),1,カート用通常フラグ,new WiMAX HOME 5G L13 Unlimited Data,1,,,,,,,,*,wh/img001.jpg,*,wh/img001.jpg,,,,,,,,,,,,,,,,,,,,,,,0,1,en_wh_271_in,,1,,55600,56150,,5,,,,,,,,,,,,,,,,,"21,36,39","NEW rental,WiMAX HOME 5G L13,バッテリーなし"
3161,24150,3665,1748,Yes (+ 550 JPY),272-273Days (Value Rental Pack: 6Months Pack + 3Months Pack + 1Day),1,カート用通常フラグ,new WiMAX HOME 5G L13 Unlimited Data,1,,,,,,,,*,wh/img001.jpg,*,wh/img001.jpg,,,,,,,,,,,,,,,,,,,,,,,0,1,en_wh_272_in,,1,,56190,56740,,5,,,,,,,,,,,,,,,,,"21,36,39","NEW rental,WiMAX HOME 5G L13,バッテリーなし"
3161,24151,3665,1749,Yes (+ 550 JPY),273-274Days (Value Rental Pack: 6Months Pack + 3Months Pack + 2Days),1,カート用通常フラグ,new WiMAX HOME 5G L13 Unlimited Data,1,,,,,,,,*,wh/img001.jpg,*,wh/img001.jpg,,,,,,,,,,,,,,,,,,,,,,,0,1,en_wh_273_in,,1,,56780,57330,,5,,,,,,,,,,,,,,,,,"21,36,39","NEW rental,WiMAX HOME 5G L13,バッテリーなし"
3161,24152,3665,1750,Yes (+ 550 JPY),274-275Days (Value Rental Pack: 6Months Pack + 3Months Pack + 3Days),1,カート用通常フラグ,new WiMAX HOME 5G L13 Unlimited Data,1,,,,,,,,*,wh/img001.jpg,*,wh/img001.jpg,,,,,,,,,,,,,,,,,,,,,,,0,1,en_wh_274_in,,1,,57370,57920,,5,,,,,,,,,,,,,,,,,"21,36,39","NEW rental,WiMAX HOME 5G L13,バッテリーなし"
3161,24153,3665,1751,Yes (+ 550 JPY),275-276Days (Value Rental Pack: 6Months Pack + 3Months Pack + 4Days),1,カート用通常フラグ,new WiMAX HOME 5G L13 Unlimited Data,1,,,,,,,,*,wh/img001.jpg,*,wh/img001.jpg,,,,,,,,,,,,,,,,,,,,,,,0,1,en_wh_275_in,,1,,57960,58510,,5,,,,,,,,,,,,,,,,,"21,36,39","NEW rental,WiMAX HOME 5G L13,バッテリーなし"
3161,24154,3665,1752,Yes (+ 550 JPY),276-277Days (Value Rental Pack: 6Months Pack + 3Months Pack + 5Days),1,カート用通常フラグ,new WiMAX HOME 5G L13 Unlimited Data,1,,,,,,,,*,wh/img001.jpg,*,wh/img001.jpg,,,,,,,,,,,,,,,,,,,,,,,0,1,en_wh_276_in,,1,,58550,59100,,5,,,,,,,,,,,,,,,,,"21,36,39","NEW rental,WiMAX HOME 5G L13,バッテリーなし"
3161,24155,3665,1753,Yes (+ 550 JPY),277-278Days (Value Rental Pack: 6Months Pack + 3Months Pack + 6Days),1,カート用通常フラグ,new WiMAX HOME 5G L13 Unlimited Data,1,,,,,,,,*,wh/img001.jpg,*,wh/img001.jpg,,,,,,,,,,,,,,,,,,,,,,,0,1,en_wh_277_in,,1,,59140,59690,,5,,,,,,,,,,,,,,,,,"21,36,39","NEW rental,WiMAX HOME 5G L13,バッテリーなし"
3161,24156,3665,1754,Yes (+ 550 JPY),278-279Days (Value Rental Pack: 6Months Pack + 3Months Pack + 7Days),1,カート用通常フラグ,new WiMAX HOME 5G L13 Unlimited Data,1,,,,,,,,*,wh/img001.jpg,*,wh/img001.jpg,,,,,,,,,,,,,,,,,,,,,,,0,1,en_wh_278_in,,1,,59730,60280,,5,,,,,,,,,,,,,,,,,"21,36,39","NEW rental,WiMAX HOME 5G L13,バッテリーなし"
3161,24157,3665,1755,Yes (+ 550 JPY),279-280Days (Value Rental Pack: 6Months Pack + 3Months Pack + 8Days),1,カート用通常フラグ,new WiMAX HOME 5G L13 Unlimited Data,1,,,,,,,,*,wh/img001.jpg,*,wh/img001.jpg,,,,,,,,,,,,,,,,,,,,,,,0,1,en_wh_279_in,,1,,60320,60870,,5,,,,,,,,,,,,,,,,,"21,36,39","NEW rental,WiMAX HOME 5G L13,バッテリーなし"
3161,24158,3665,1756,Yes (+ 550 JPY),280-281Days (Value Rental Pack: 6Months Pack + 3Months Pack + 9Days),1,カート用通常フラグ,new WiMAX HOME 5G L13 Unlimited Data,1,,,,,,,,*,wh/img001.jpg,*,wh/img001.jpg,,,,,,,,,,,,,,,,,,,,,,,0,1,en_wh_280_in,,1,,60910,61460,,5,,,,,,,,,,,,,,,,,"21,36,39","NEW rental,WiMAX HOME 5G L13,バッテリーなし"
3161,24159,3665,1757,Yes (+ 550 JPY),281-282Days (Value Rental Pack: 6Months Pack + 4Months Pack),1,カート用通常フラグ,new WiMAX HOME 5G L13 Unlimited Data,1,,,,,,,,*,wh/img001.jpg,*,wh/img001.jpg,,,,,,,,,,,,,,,,,,,,,,,0,1,en_wh_301_in,,1,,61200,61750,,5,,,,,,,,,,,,,,,,,"21,36,39","NEW rental,WiMAX HOME 5G L13,バッテリーなし"
3161,24160,3665,1758,Yes (+ 550 JPY),282-283Days (Value Rental Pack: 6Months Pack + 4Months Pack),1,カート用通常フラグ,new WiMAX HOME 5G L13 Unlimited Data,1,,,,,,,,*,wh/img001.jpg,*,wh/img001.jpg,,,,,,,,,,,,,,,,,,,,,,,0,1,en_wh_301_in,,1,,61200,61750,,5,,,,,,,,,,,,,,,,,"21,36,39","NEW rental,WiMAX HOME 5G L13,バッテリーなし"
3161,24161,3665,1759,Yes (+ 550 JPY),283-284Days (Value Rental Pack: 6Months Pack + 4Months Pack),1,カート用通常フラグ,new WiMAX HOME 5G L13 Unlimited Data,1,,,,,,,,*,wh/img001.jpg,*,wh/img001.jpg,,,,,,,,,,,,,,,,,,,,,,,0,1,en_wh_301_in,,1,,61200,61750,,5,,,,,,,,,,,,,,,,,"21,36,39","NEW rental,WiMAX HOME 5G L13,バッテリーなし"
3161,24162,3665,1760,Yes (+ 550 JPY),284-285Days (Value Rental Pack: 6Months Pack + 4Months Pack),1,カート用通常フラグ,new WiMAX HOME 5G L13 Unlimited Data,1,,,,,,,,*,wh/img001.jpg,*,wh/img001.jpg,,,,,,,,,,,,,,,,,,,,,,,0,1,en_wh_301_in,,1,,61200,61750,,5,,,,,,,,,,,,,,,,,"21,36,39","NEW rental,WiMAX HOME 5G L13,バッテリーなし"
3161,24163,3665,1761,Yes (+ 550 JPY),285-286Days (Value Rental Pack: 6Months Pack + 4Months Pack),1,カート用通常フラグ,new WiMAX HOME 5G L13 Unlimited Data,1,,,,,,,,*,wh/img001.jpg,*,wh/img001.jpg,,,,,,,,,,,,,,,,,,,,,,,0,1,en_wh_301_in,,1,,61200,61750,,5,,,,,,,,,,,,,,,,,"21,36,39","NEW rental,WiMAX HOME 5G L13,バッテリーなし"
3161,24164,3665,1762,Yes (+ 550 JPY),286-287Days (Value Rental Pack: 6Months Pack + 4Months Pack),1,カート用通常フラグ,new WiMAX HOME 5G L13 Unlimited Data,1,,,,,,,,*,wh/img001.jpg,*,wh/img001.jpg,,,,,,,,,,,,,,,,,,,,,,,0,1,en_wh_301_in,,1,,61200,61750,,5,,,,,,,,,,,,,,,,,"21,36,39","NEW rental,WiMAX HOME 5G L13,バッテリーなし"
3161,24165,3665,1763,Yes (+ 550 JPY),287-288Days (Value Rental Pack: 6Months Pack + 4Months Pack),1,カート用通常フラグ,new WiMAX HOME 5G L13 Unlimited Data,1,,,,,,,,*,wh/img001.jpg,*,wh/img001.jpg,,,,,,,,,,,,,,,,,,,,,,,0,1,en_wh_301_in,,1,,61200,61750,,5,,,,,,,,,,,,,,,,,"21,36,39","NEW rental,WiMAX HOME 5G L13,バッテリーなし"
3161,24166,3665,1764,Yes (+ 550 JPY),288-289Days (Value Rental Pack: 6Months Pack + 4Months Pack),1,カート用通常フラグ,new WiMAX HOME 5G L13 Unlimited Data,1,,,,,,,,*,wh/img001.jpg,*,wh/img001.jpg,,,,,,,,,,,,,,,,,,,,,,,0,1,en_wh_301_in,,1,,61200,61750,,5,,,,,,,,,,,,,,,,,"21,36,39","NEW rental,WiMAX HOME 5G L13,バッテリーなし"
3161,24167,3665,1765,Yes (+ 550 JPY),289-290Days (Value Rental Pack: 6Months Pack + 4Months Pack),1,カート用通常フラグ,new WiMAX HOME 5G L13 Unlimited Data,1,,,,,,,,*,wh/img001.jpg,*,wh/img001.jpg,,,,,,,,,,,,,,,,,,,,,,,0,1,en_wh_301_in,,1,,61200,61750,,5,,,,,,,,,,,,,,,,,"21,36,39","NEW rental,WiMAX HOME 5G L13,バッテリーなし"
3161,24168,3665,1766,Yes (+ 550 JPY),290-291Days (Value Rental Pack: 6Months Pack + 4Months Pack),1,カート用通常フラグ,new WiMAX HOME 5G L13 Unlimited Data,1,,,,,,,,*,wh/img001.jpg,*,wh/img001.jpg,,,,,,,,,,,,,,,,,,,,,,,0,1,en_wh_301_in,,1,,61200,61750,,5,,,,,,,,,,,,,,,,,"21,36,39","NEW rental,WiMAX HOME 5G L13,バッテリーなし"
3161,24169,3665,1767,Yes (+ 550 JPY),291-292Days (Value Rental Pack: 6Months Pack + 4Months Pack),1,カート用通常フラグ,new WiMAX HOME 5G L13 Unlimited Data,1,,,,,,,,*,wh/img001.jpg,*,wh/img001.jpg,,,,,,,,,,,,,,,,,,,,,,,0,1,en_wh_301_in,,1,,61200,61750,,5,,,,,,,,,,,,,,,,,"21,36,39","NEW rental,WiMAX HOME 5G L13,バッテリーなし"
3161,24170,3665,1768,Yes (+ 550 JPY),292-293Days (Value Rental Pack: 6Months Pack + 4Months Pack),1,カート用通常フラグ,new WiMAX HOME 5G L13 Unlimited Data,1,,,,,,,,*,wh/img001.jpg,*,wh/img001.jpg,,,,,,,,,,,,,,,,,,,,,,,0,1,en_wh_301_in,,1,,61200,61750,,5,,,,,,,,,,,,,,,,,"21,36,39","NEW rental,WiMAX HOME 5G L13,バッテリーなし"
3161,24171,3665,1769,Yes (+ 550 JPY),293-294Days (Value Rental Pack: 6Months Pack + 4Months Pack),1,カート用通常フラグ,new WiMAX HOME 5G L13 Unlimited Data,1,,,,,,,,*,wh/img001.jpg,*,wh/img001.jpg,,,,,,,,,,,,,,,,,,,,,,,0,1,en_wh_301_in,,1,,61200,61750,,5,,,,,,,,,,,,,,,,,"21,36,39","NEW rental,WiMAX HOME 5G L13,バッテリーなし"
3161,24172,3665,1770,Yes (+ 550 JPY),294-295Days (Value Rental Pack: 6Months Pack + 4Months Pack),1,カート用通常フラグ,new WiMAX HOME 5G L13 Unlimited Data,1,,,,,,,,*,wh/img001.jpg,*,wh/img001.jpg,,,,,,,,,,,,,,,,,,,,,,,0,1,en_wh_301_in,,1,,61200,61750,,5,,,,,,,,,,,,,,,,,"21,36,39","NEW rental,WiMAX HOME 5G L13,バッテリーなし"
3161,24173,3665,1771,Yes (+ 550 JPY),295-296Days (Value Rental Pack: 6Months Pack + 4Months Pack),1,カート用通常フラグ,new WiMAX HOME 5G L13 Unlimited Data,1,,,,,,,,*,wh/img001.jpg,*,wh/img001.jpg,,,,,,,,,,,,,,,,,,,,,,,0,1,en_wh_301_in,,1,,61200,61750,,5,,,,,,,,,,,,,,,,,"21,36,39","NEW rental,WiMAX HOME 5G L13,バッテリーなし"
3161,24174,3665,1772,Yes (+ 550 JPY),296-297Days (Value Rental Pack: 6Months Pack + 4Months Pack),1,カート用通常フラグ,new WiMAX HOME 5G L13 Unlimited Data,1,,,,,,,,*,wh/img001.jpg,*,wh/img001.jpg,,,,,,,,,,,,,,,,,,,,,,,0,1,en_wh_301_in,,1,,61200,61750,,5,,,,,,,,,,,,,,,,,"21,36,39","NEW rental,WiMAX HOME 5G L13,バッテリーなし"
3161,24175,3665,1773,Yes (+ 550 JPY),297-298Days (Value Rental Pack: 6Months Pack + 4Months Pack),1,カート用通常フラグ,new WiMAX HOME 5G L13 Unlimited Data,1,,,,,,,,*,wh/img001.jpg,*,wh/img001.jpg,,,,,,,,,,,,,,,,,,,,,,,0,1,en_wh_301_in,,1,,61200,61750,,5,,,,,,,,,,,,,,,,,"21,36,39","NEW rental,WiMAX HOME 5G L13,バッテリーなし"
3161,24176,3665,1774,Yes (+ 550 JPY),298-299Days (Value Rental Pack: 6Months Pack + 4Months Pack),1,カート用通常フラグ,new WiMAX HOME 5G L13 Unlimited Data,1,,,,,,,,*,wh/img001.jpg,*,wh/img001.jpg,,,,,,,,,,,,,,,,,,,,,,,0,1,en_wh_301_in,,1,,61200,61750,,5,,,,,,,,,,,,,,,,,"21,36,39","NEW rental,WiMAX HOME 5G L13,バッテリーなし"
3161,24177,3665,1775,Yes (+ 550 JPY),299-300Days (Value Rental Pack: 6Months Pack + 4Months Pack),1,カート用通常フラグ,new WiMAX HOME 5G L13 Unlimited Data,1,,,,,,,,*,wh/img001.jpg,*,wh/img001.jpg,,,,,,,,,,,,,,,,,,,,,,,0,1,en_wh_301_in,,1,,61200,61750,,5,,,,,,,,,,,,,,,,,"21,36,39","NEW rental,WiMAX HOME 5G L13,バッテリーなし"
3161,24178,3665,1776,Yes (+ 550 JPY),300-301Days (Value Rental Pack: 6Months Pack + 4Months Pack),1,カート用通常フラグ,new WiMAX HOME 5G L13 Unlimited Data,1,,,,,,,,*,wh/img001.jpg,*,wh/img001.jpg,,,,,,,,,,,,,,,,,,,,,,,0,1,en_wh_301_in,,1,,61200,61750,,5,,,,,,,,,,,,,,,,,"21,36,39","NEW rental,WiMAX HOME 5G L13,バッテリーなし"
3161,24179,3665,1777,Yes (+ 550 JPY),301-302Days (Value Rental Pack: 6Months Pack + 4Months Pack),1,カート用通常フラグ,new WiMAX HOME 5G L13 Unlimited Data,1,,,,,,,,*,wh/img001.jpg,*,wh/img001.jpg,,,,,,,,,,,,,,,,,,,,,,,0,1,en_wh_301_in,,1,,61200,61750,,5,,,,,,,,,,,,,,,,,"21,36,39","NEW rental,WiMAX HOME 5G L13,バッテリーなし"
3161,24180,3665,1778,Yes (+ 550 JPY),302-303Days (Value Rental Pack: 6Months Pack + 4Months Pack + 1Day),1,カート用通常フラグ,new WiMAX HOME 5G L13 Unlimited Data,1,,,,,,,,*,wh/img001.jpg,*,wh/img001.jpg,,,,,,,,,,,,,,,,,,,,,,,0,1,en_wh_302_in,,1,,61790,62340,,5,,,,,,,,,,,,,,,,,"21,36,39","NEW rental,WiMAX HOME 5G L13,バッテリーなし"
3161,24181,3665,1779,Yes (+ 550 JPY),303-304Days (Value Rental Pack: 6Months Pack + 4Months Pack + 2Days),1,カート用通常フラグ,new WiMAX HOME 5G L13 Unlimited Data,1,,,,,,,,*,wh/img001.jpg,*,wh/img001.jpg,,,,,,,,,,,,,,,,,,,,,,,0,1,en_wh_303_in,,1,,62380,62930,,5,,,,,,,,,,,,,,,,,"21,36,39","NEW rental,WiMAX HOME 5G L13,バッテリーなし"
3161,24182,3665,1780,Yes (+ 550 JPY),304-305Days (Value Rental Pack: 6Months Pack + 4Months Pack + 3Days),1,カート用通常フラグ,new WiMAX HOME 5G L13 Unlimited Data,1,,,,,,,,*,wh/img001.jpg,*,wh/img001.jpg,,,,,,,,,,,,,,,,,,,,,,,0,1,en_wh_304_in,,1,,62970,63520,,5,,,,,,,,,,,,,,,,,"21,36,39","NEW rental,WiMAX HOME 5G L13,バッテリーなし"
3161,24183,3665,1781,Yes (+ 550 JPY),305-306Days (Value Rental Pack: 6Months Pack + 4Months Pack + 4Days),1,カート用通常フラグ,new WiMAX HOME 5G L13 Unlimited Data,1,,,,,,,,*,wh/img001.jpg,*,wh/img001.jpg,,,,,,,,,,,,,,,,,,,,,,,0,1,en_wh_305_in,,1,,63560,64110,,5,,,,,,,,,,,,,,,,,"21,36,39","NEW rental,WiMAX HOME 5G L13,バッテリーなし"
3161,24184,3665,1782,Yes (+ 550 JPY),306-307Days (Value Rental Pack: 6Months Pack + 4Months Pack + 5Days),1,カート用通常フラグ,new WiMAX HOME 5G L13 Unlimited Data,1,,,,,,,,*,wh/img001.jpg,*,wh/img001.jpg,,,,,,,,,,,,,,,,,,,,,,,0,1,en_wh_306_in,,1,,64150,64700,,5,,,,,,,,,,,,,,,,,"21,36,39","NEW rental,WiMAX HOME 5G L13,バッテリーなし"
3161,24185,3665,1783,Yes (+ 550 JPY),307-308Days (Value Rental Pack: 6Months Pack + 5Months Pack),1,カート用通常フラグ,new WiMAX HOME 5G L13 Unlimited Data,1,,,,,,,,*,wh/img001.jpg,*,wh/img001.jpg,,,,,,,,,,,,,,,,,,,,,,,0,1,en_wh_331_in,,1,,64200,64750,,5,,,,,,,,,,,,,,,,,"21,36,39","NEW rental,WiMAX HOME 5G L13,バッテリーなし"
3161,24186,3665,1784,Yes (+ 550 JPY),308-309Days (Value Rental Pack: 6Months Pack + 5Months Pack),1,カート用通常フラグ,new WiMAX HOME 5G L13 Unlimited Data,1,,,,,,,,*,wh/img001.jpg,*,wh/img001.jpg,,,,,,,,,,,,,,,,,,,,,,,0,1,en_wh_331_in,,1,,64200,64750,,5,,,,,,,,,,,,,,,,,"21,36,39","NEW rental,WiMAX HOME 5G L13,バッテリーなし"
3161,24187,3665,1785,Yes (+ 550 JPY),309-310Days (Value Rental Pack: 6Months Pack + 5Months Pack),1,カート用通常フラグ,new WiMAX HOME 5G L13 Unlimited Data,1,,,,,,,,*,wh/img001.jpg,*,wh/img001.jpg,,,,,,,,,,,,,,,,,,,,,,,0,1,en_wh_331_in,,1,,64200,64750,,5,,,,,,,,,,,,,,,,,"21,36,39","NEW rental,WiMAX HOME 5G L13,バッテリーなし"
3161,24188,3665,1786,Yes (+ 550 JPY),310-311Days (Value Rental Pack: 6Months Pack + 5Months Pack),1,カート用通常フラグ,new WiMAX HOME 5G L13 Unlimited Data,1,,,,,,,,*,wh/img001.jpg,*,wh/img001.jpg,,,,,,,,,,,,,,,,,,,,,,,0,1,en_wh_331_in,,1,,64200,64750,,5,,,,,,,,,,,,,,,,,"21,36,39","NEW rental,WiMAX HOME 5G L13,バッテリーなし"
3161,24189,3665,1787,Yes (+ 550 JPY),311-312Days (Value Rental Pack: 6Months Pack + 5Months Pack),1,カート用通常フラグ,new WiMAX HOME 5G L13 Unlimited Data,1,,,,,,,,*,wh/img001.jpg,*,wh/img001.jpg,,,,,,,,,,,,,,,,,,,,,,,0,1,en_wh_331_in,,1,,64200,64750,,5,,,,,,,,,,,,,,,,,"21,36,39","NEW rental,WiMAX HOME 5G L13,バッテリーなし"
3161,24190,3665,1788,Yes (+ 550 JPY),312-313Days (Value Rental Pack: 6Months Pack + 5Months Pack),1,カート用通常フラグ,new WiMAX HOME 5G L13 Unlimited Data,1,,,,,,,,*,wh/img001.jpg,*,wh/img001.jpg,,,,,,,,,,,,,,,,,,,,,,,0,1,en_wh_331_in,,1,,64200,64750,,5,,,,,,,,,,,,,,,,,"21,36,39","NEW rental,WiMAX HOME 5G L13,バッテリーなし"
3161,24191,3665,1789,Yes (+ 550 JPY),313-314Days (Value Rental Pack: 6Months Pack + 5Months Pack),1,カート用通常フラグ,new WiMAX HOME 5G L13 Unlimited Data,1,,,,,,,,*,wh/img001.jpg,*,wh/img001.jpg,,,,,,,,,,,,,,,,,,,,,,,0,1,en_wh_331_in,,1,,64200,64750,,5,,,,,,,,,,,,,,,,,"21,36,39","NEW rental,WiMAX HOME 5G L13,バッテリーなし"
3161,24192,3665,1790,Yes (+ 550 JPY),314-315Days (Value Rental Pack: 6Months Pack + 5Months Pack),1,カート用通常フラグ,new WiMAX HOME 5G L13 Unlimited Data,1,,,,,,,,*,wh/img001.jpg,*,wh/img001.jpg,,,,,,,,,,,,,,,,,,,,,,,0,1,en_wh_331_in,,1,,64200,64750,,5,,,,,,,,,,,,,,,,,"21,36,39","NEW rental,WiMAX HOME 5G L13,バッテリーなし"
3161,24193,3665,1791,Yes (+ 550 JPY),315-316Days (Value Rental Pack: 6Months Pack + 5Months Pack),1,カート用通常フラグ,new WiMAX HOME 5G L13 Unlimited Data,1,,,,,,,,*,wh/img001.jpg,*,wh/img001.jpg,,,,,,,,,,,,,,,,,,,,,,,0,1,en_wh_331_in,,1,,64200,64750,,5,,,,,,,,,,,,,,,,,"21,36,39","NEW rental,WiMAX HOME 5G L13,バッテリーなし"
3161,24194,3665,1792,Yes (+ 550 JPY),316-317Days (Value Rental Pack: 6Months Pack + 5Months Pack),1,カート用通常フラグ,new WiMAX HOME 5G L13 Unlimited Data,1,,,,,,,,*,wh/img001.jpg,*,wh/img001.jpg,,,,,,,,,,,,,,,,,,,,,,,0,1,en_wh_331_in,,1,,64200,64750,,5,,,,,,,,,,,,,,,,,"21,36,39","NEW rental,WiMAX HOME 5G L13,バッテリーなし"
3161,24195,3665,1793,Yes (+ 550 JPY),317-318Days (Value Rental Pack: 6Months Pack + 5Months Pack),1,カート用通常フラグ,new WiMAX HOME 5G L13 Unlimited Data,1,,,,,,,,*,wh/img001.jpg,*,wh/img001.jpg,,,,,,,,,,,,,,,,,,,,,,,0,1,en_wh_331_in,,1,,64200,64750,,5,,,,,,,,,,,,,,,,,"21,36,39","NEW rental,WiMAX HOME 5G L13,バッテリーなし"
3161,24196,3665,1794,Yes (+ 550 JPY),318-319Days (Value Rental Pack: 6Months Pack + 5Months Pack),1,カート用通常フラグ,new WiMAX HOME 5G L13 Unlimited Data,1,,,,,,,,*,wh/img001.jpg,*,wh/img001.jpg,,,,,,,,,,,,,,,,,,,,,,,0,1,en_wh_331_in,,1,,64200,64750,,5,,,,,,,,,,,,,,,,,"21,36,39","NEW rental,WiMAX HOME 5G L13,バッテリーなし"
3161,24197,3665,1795,Yes (+ 550 JPY),319-320Days (Value Rental Pack: 6Months Pack + 5Months Pack),1,カート用通常フラグ,new WiMAX HOME 5G L13 Unlimited Data,1,,,,,,,,*,wh/img001.jpg,*,wh/img001.jpg,,,,,,,,,,,,,,,,,,,,,,,0,1,en_wh_331_in,,1,,64200,64750,,5,,,,,,,,,,,,,,,,,"21,36,39","NEW rental,WiMAX HOME 5G L13,バッテリーなし"
3161,24198,3665,1796,Yes (+ 550 JPY),320-321Days (Value Rental Pack: 6Months Pack + 5Months Pack),1,カート用通常フラグ,new WiMAX HOME 5G L13 Unlimited Data,1,,,,,,,,*,wh/img001.jpg,*,wh/img001.jpg,,,,,,,,,,,,,,,,,,,,,,,0,1,en_wh_331_in,,1,,64200,64750,,5,,,,,,,,,,,,,,,,,"21,36,39","NEW rental,WiMAX HOME 5G L13,バッテリーなし"
3161,24199,3665,1797,Yes (+ 550 JPY),321-322Days (Value Rental Pack: 6Months Pack + 5Months Pack),1,カート用通常フラグ,new WiMAX HOME 5G L13 Unlimited Data,1,,,,,,,,*,wh/img001.jpg,*,wh/img001.jpg,,,,,,,,,,,,,,,,,,,,,,,0,1,en_wh_331_in,,1,,64200,64750,,5,,,,,,,,,,,,,,,,,"21,36,39","NEW rental,WiMAX HOME 5G L13,バッテリーなし"
3161,24200,3665,1798,Yes (+ 550 JPY),322-323Days (Value Rental Pack: 6Months Pack + 5Months Pack),1,カート用通常フラグ,new WiMAX HOME 5G L13 Unlimited Data,1,,,,,,,,*,wh/img001.jpg,*,wh/img001.jpg,,,,,,,,,,,,,,,,,,,,,,,0,1,en_wh_331_in,,1,,64200,64750,,5,,,,,,,,,,,,,,,,,"21,36,39","NEW rental,WiMAX HOME 5G L13,バッテリーなし"
3161,24201,3665,1799,Yes (+ 550 JPY),323-324Days (Value Rental Pack: 6Months Pack + 5Months Pack),1,カート用通常フラグ,new WiMAX HOME 5G L13 Unlimited Data,1,,,,,,,,*,wh/img001.jpg,*,wh/img001.jpg,,,,,,,,,,,,,,,,,,,,,,,0,1,en_wh_331_in,,1,,64200,64750,,5,,,,,,,,,,,,,,,,,"21,36,39","NEW rental,WiMAX HOME 5G L13,バッテリーなし"
3161,24202,3665,1800,Yes (+ 550 JPY),324-325Days (Value Rental Pack: 6Months Pack + 5Months Pack),1,カート用通常フラグ,new WiMAX HOME 5G L13 Unlimited Data,1,,,,,,,,*,wh/img001.jpg,*,wh/img001.jpg,,,,,,,,,,,,,,,,,,,,,,,0,1,en_wh_331_in,,1,,64200,64750,,5,,,,,,,,,,,,,,,,,"21,36,39","NEW rental,WiMAX HOME 5G L13,バッテリーなし"
3161,24203,3665,1801,Yes (+ 550 JPY),325-326Days (Value Rental Pack: 6Months Pack + 5Months Pack),1,カート用通常フラグ,new WiMAX HOME 5G L13 Unlimited Data,1,,,,,,,,*,wh/img001.jpg,*,wh/img001.jpg,,,,,,,,,,,,,,,,,,,,,,,0,1,en_wh_331_in,,1,,64200,64750,,5,,,,,,,,,,,,,,,,,"21,36,39","NEW rental,WiMAX HOME 5G L13,バッテリーなし"
3161,24204,3665,1802,Yes (+ 550 JPY),326-327Days (Value Rental Pack: 6Months Pack + 5Months Pack),1,カート用通常フラグ,new WiMAX HOME 5G L13 Unlimited Data,1,,,,,,,,*,wh/img001.jpg,*,wh/img001.jpg,,,,,,,,,,,,,,,,,,,,,,,0,1,en_wh_331_in,,1,,64200,64750,,5,,,,,,,,,,,,,,,,,"21,36,39","NEW rental,WiMAX HOME 5G L13,バッテリーなし"
3161,24205,3665,1803,Yes (+ 550 JPY),327-328Days (Value Rental Pack: 6Months Pack + 5Months Pack),1,カート用通常フラグ,new WiMAX HOME 5G L13 Unlimited Data,1,,,,,,,,*,wh/img001.jpg,*,wh/img001.jpg,,,,,,,,,,,,,,,,,,,,,,,0,1,en_wh_331_in,,1,,64200,64750,,5,,,,,,,,,,,,,,,,,"21,36,39","NEW rental,WiMAX HOME 5G L13,バッテリーなし"
3161,24206,3665,1804,Yes (+ 550 JPY),328-329Days (Value Rental Pack: 6Months Pack + 5Months Pack),1,カート用通常フラグ,new WiMAX HOME 5G L13 Unlimited Data,1,,,,,,,,*,wh/img001.jpg,*,wh/img001.jpg,,,,,,,,,,,,,,,,,,,,,,,0,1,en_wh_331_in,,1,,64200,64750,,5,,,,,,,,,,,,,,,,,"21,36,39","NEW rental,WiMAX HOME 5G L13,バッテリーなし"
3161,24207,3665,1805,Yes (+ 550 JPY),329-330Days (Value Rental Pack: 6Months Pack + 5Months Pack),1,カート用通常フラグ,new WiMAX HOME 5G L13 Unlimited Data,1,,,,,,,,*,wh/img001.jpg,*,wh/img001.jpg,,,,,,,,,,,,,,,,,,,,,,,0,1,en_wh_331_in,,1,,64200,64750,,5,,,,,,,,,,,,,,,,,"21,36,39","NEW rental,WiMAX HOME 5G L13,バッテリーなし"
3161,24208,3665,1806,Yes (+ 550 JPY),330-331Days (Value Rental Pack: 6Months Pack + 5Months Pack),1,カート用通常フラグ,new WiMAX HOME 5G L13 Unlimited Data,1,,,,,,,,*,wh/img001.jpg,*,wh/img001.jpg,,,,,,,,,,,,,,,,,,,,,,,0,1,en_wh_331_in,,1,,64200,64750,,5,,,,,,,,,,,,,,,,,"21,36,39","NEW rental,WiMAX HOME 5G L13,バッテリーなし"
3161,24209,3665,1807,Yes (+ 550 JPY),331-332Days (Value Rental Pack: 6Months Pack + 5Months Pack),1,カート用通常フラグ,new WiMAX HOME 5G L13 Unlimited Data,1,,,,,,,,*,wh/img001.jpg,*,wh/img001.jpg,,,,,,,,,,,,,,,,,,,,,,,0,1,en_wh_331_in,,1,,64200,64750,,5,,,,,,,,,,,,,,,,,"21,36,39","NEW rental,WiMAX HOME 5G L13,バッテリーなし"
3161,24210,3665,1808,Yes (+ 550 JPY),332-333Days (Value Rental Pack: 6Months Pack + 5Months Pack + 1Day),1,カート用通常フラグ,new WiMAX HOME 5G L13 Unlimited Data,1,,,,,,,,*,wh/img001.jpg,*,wh/img001.jpg,,,,,,,,,,,,,,,,,,,,,,,0,1,en_wh_332_in,,1,,64790,65340,,5,,,,,,,,,,,,,,,,,"21,36,39","NEW rental,WiMAX HOME 5G L13,バッテリーなし"
3161,24211,3665,1809,Yes (+ 550 JPY),333-334Days (Value Rental Pack: 6Months Pack + 5Months Pack + 2Days),1,カート用通常フラグ,new WiMAX HOME 5G L13 Unlimited Data,1,,,,,,,,*,wh/img001.jpg,*,wh/img001.jpg,,,,,,,,,,,,,,,,,,,,,,,0,1,en_wh_333_in,,1,,65380,65930,,5,,,,,,,,,,,,,,,,,"21,36,39","NEW rental,WiMAX HOME 5G L13,バッテリーなし"
3161,24212,3665,1810,Yes (+ 550 JPY),334-335Days (Value Rental Pack: 6Months Pack + 5Months Pack + 3Days),1,カート用通常フラグ,new WiMAX HOME 5G L13 Unlimited Data,1,,,,,,,,*,wh/img001.jpg,*,wh/img001.jpg,,,,,,,,,,,,,,,,,,,,,,,0,1,en_wh_334_in,,1,,65970,66520,,5,,,,,,,,,,,,,,,,,"21,36,39","NEW rental,WiMAX HOME 5G L13,バッテリーなし"
3161,24213,3665,1811,Yes (+ 550 JPY),335-336Days (Value Rental Pack: 6Months Pack + 5Months Pack + 4Days),1,カート用通常フラグ,new WiMAX HOME 5G L13 Unlimited Data,1,,,,,,,,*,wh/img001.jpg,*,wh/img001.jpg,,,,,,,,,,,,,,,,,,,,,,,0,1,en_wh_335_in,,1,,66560,67110,,5,,,,,,,,,,,,,,,,,"21,36,39","NEW rental,WiMAX HOME 5G L13,バッテリーなし"
3161,24214,3665,1812,Yes (+ 550 JPY),336-337Days (Value Rental Pack: 6Months Pack + 5Months Pack + 5Days),1,カート用通常フラグ,new WiMAX HOME 5G L13 Unlimited Data,1,,,,,,,,*,wh/img001.jpg,*,wh/img001.jpg,,,,,,,,,,,,,,,,,,,,,,,0,1,en_wh_336_in,,1,,67150,67700,,5,,,,,,,,,,,,,,,,,"21,36,39","NEW rental,WiMAX HOME 5G L13,バッテリーなし"
3161,24215,3665,1813,Yes (+ 550 JPY),337-338Days (Value Rental Pack: 6Months Pack + 6Months Pack),1,カート用通常フラグ,new WiMAX HOME 5G L13 Unlimited Data,1,,,,,,,,*,wh/img001.jpg,*,wh/img001.jpg,,,,,,,,,,,,,,,,,,,,,,,0,1,en_wh_361_in,,1,,67200,67750,,5,,,,,,,,,,,,,,,,,"21,36,39","NEW rental,WiMAX HOME 5G L13,バッテリーなし"
3161,24216,3665,1814,Yes (+ 550 JPY),338-339Days (Value Rental Pack: 6Months Pack + 6Months Pack),1,カート用通常フラグ,new WiMAX HOME 5G L13 Unlimited Data,1,,,,,,,,*,wh/img001.jpg,*,wh/img001.jpg,,,,,,,,,,,,,,,,,,,,,,,0,1,en_wh_361_in,,1,,67200,67750,,5,,,,,,,,,,,,,,,,,"21,36,39","NEW rental,WiMAX HOME 5G L13,バッテリーなし"
3161,24217,3665,1815,Yes (+ 550 JPY),339-340Days (Value Rental Pack: 6Months Pack + 6Months Pack),1,カート用通常フラグ,new WiMAX HOME 5G L13 Unlimited Data,1,,,,,,,,*,wh/img001.jpg,*,wh/img001.jpg,,,,,,,,,,,,,,,,,,,,,,,0,1,en_wh_361_in,,1,,67200,67750,,5,,,,,,,,,,,,,,,,,"21,36,39","NEW rental,WiMAX HOME 5G L13,バッテリーなし"
3161,24218,3665,1816,Yes (+ 550 JPY),340-341Days (Value Rental Pack: 6Months Pack + 6Months Pack),1,カート用通常フラグ,new WiMAX HOME 5G L13 Unlimited Data,1,,,,,,,,*,wh/img001.jpg,*,wh/img001.jpg,,,,,,,,,,,,,,,,,,,,,,,0,1,en_wh_361_in,,1,,67200,67750,,5,,,,,,,,,,,,,,,,,"21,36,39","NEW rental,WiMAX HOME 5G L13,バッテリーなし"
3161,24219,3665,1817,Yes (+ 550 JPY),341-342Days (Value Rental Pack: 6Months Pack + 6Months Pack),1,カート用通常フラグ,new WiMAX HOME 5G L13 Unlimited Data,1,,,,,,,,*,wh/img001.jpg,*,wh/img001.jpg,,,,,,,,,,,,,,,,,,,,,,,0,1,en_wh_361_in,,1,,67200,67750,,5,,,,,,,,,,,,,,,,,"21,36,39","NEW rental,WiMAX HOME 5G L13,バッテリーなし"
3161,24220,3665,1818,Yes (+ 550 JPY),342-343Days (Value Rental Pack: 6Months Pack + 6Months Pack),1,カート用通常フラグ,new WiMAX HOME 5G L13 Unlimited Data,1,,,,,,,,*,wh/img001.jpg,*,wh/img001.jpg,,,,,,,,,,,,,,,,,,,,,,,0,1,en_wh_361_in,,1,,67200,67750,,5,,,,,,,,,,,,,,,,,"21,36,39","NEW rental,WiMAX HOME 5G L13,バッテリーなし"
3161,24221,3665,1819,Yes (+ 550 JPY),343-344Days (Value Rental Pack: 6Months Pack + 6Months Pack),1,カート用通常フラグ,new WiMAX HOME 5G L13 Unlimited Data,1,,,,,,,,*,wh/img001.jpg,*,wh/img001.jpg,,,,,,,,,,,,,,,,,,,,,,,0,1,en_wh_361_in,,1,,67200,67750,,5,,,,,,,,,,,,,,,,,"21,36,39","NEW rental,WiMAX HOME 5G L13,バッテリーなし"
3161,24222,3665,1820,Yes (+ 550 JPY),344-345Days (Value Rental Pack: 6Months Pack + 6Months Pack),1,カート用通常フラグ,new WiMAX HOME 5G L13 Unlimited Data,1,,,,,,,,*,wh/img001.jpg,*,wh/img001.jpg,,,,,,,,,,,,,,,,,,,,,,,0,1,en_wh_361_in,,1,,67200,67750,,5,,,,,,,,,,,,,,,,,"21,36,39","NEW rental,WiMAX HOME 5G L13,バッテリーなし"
3161,24223,3665,1821,Yes (+ 550 JPY),345-346Days (Value Rental Pack: 6Months Pack + 6Months Pack),1,カート用通常フラグ,new WiMAX HOME 5G L13 Unlimited Data,1,,,,,,,,*,wh/img001.jpg,*,wh/img001.jpg,,,,,,,,,,,,,,,,,,,,,,,0,1,en_wh_361_in,,1,,67200,67750,,5,,,,,,,,,,,,,,,,,"21,36,39","NEW rental,WiMAX HOME 5G L13,バッテリーなし"
3161,24224,3665,1822,Yes (+ 550 JPY),346-347Days (Value Rental Pack: 6Months Pack + 6Months Pack),1,カート用通常フラグ,new WiMAX HOME 5G L13 Unlimited Data,1,,,,,,,,*,wh/img001.jpg,*,wh/img001.jpg,,,,,,,,,,,,,,,,,,,,,,,0,1,en_wh_361_in,,1,,67200,67750,,5,,,,,,,,,,,,,,,,,"21,36,39","NEW rental,WiMAX HOME 5G L13,バッテリーなし"
3161,24225,3665,1823,Yes (+ 550 JPY),347-348Days (Value Rental Pack: 6Months Pack + 6Months Pack),1,カート用通常フラグ,new WiMAX HOME 5G L13 Unlimited Data,1,,,,,,,,*,wh/img001.jpg,*,wh/img001.jpg,,,,,,,,,,,,,,,,,,,,,,,0,1,en_wh_361_in,,1,,67200,67750,,5,,,,,,,,,,,,,,,,,"21,36,39","NEW rental,WiMAX HOME 5G L13,バッテリーなし"
3161,24226,3665,1824,Yes (+ 550 JPY),348-349Days (Value Rental Pack: 6Months Pack + 6Months Pack),1,カート用通常フラグ,new WiMAX HOME 5G L13 Unlimited Data,1,,,,,,,,*,wh/img001.jpg,*,wh/img001.jpg,,,,,,,,,,,,,,,,,,,,,,,0,1,en_wh_361_in,,1,,67200,67750,,5,,,,,,,,,,,,,,,,,"21,36,39","NEW rental,WiMAX HOME 5G L13,バッテリーなし"
3161,24227,3665,1825,Yes (+ 550 JPY),349-350Days (Value Rental Pack: 6Months Pack + 6Months Pack),1,カート用通常フラグ,new WiMAX HOME 5G L13 Unlimited Data,1,,,,,,,,*,wh/img001.jpg,*,wh/img001.jpg,,,,,,,,,,,,,,,,,,,,,,,0,1,en_wh_361_in,,1,,67200,67750,,5,,,,,,,,,,,,,,,,,"21,36,39","NEW rental,WiMAX HOME 5G L13,バッテリーなし"
3161,24228,3665,1826,Yes (+ 550 JPY),350-351Days (Value Rental Pack: 6Months Pack + 6Months Pack),1,カート用通常フラグ,new WiMAX HOME 5G L13 Unlimited Data,1,,,,,,,,*,wh/img001.jpg,*,wh/img001.jpg,,,,,,,,,,,,,,,,,,,,,,,0,1,en_wh_361_in,,1,,67200,67750,,5,,,,,,,,,,,,,,,,,"21,36,39","NEW rental,WiMAX HOME 5G L13,バッテリーなし"
3161,24229,3665,1827,Yes (+ 550 JPY),351-352Days (Value Rental Pack: 6Months Pack + 6Months Pack),1,カート用通常フラグ,new WiMAX HOME 5G L13 Unlimited Data,1,,,,,,,,*,wh/img001.jpg,*,wh/img001.jpg,,,,,,,,,,,,,,,,,,,,,,,0,1,en_wh_361_in,,1,,67200,67750,,5,,,,,,,,,,,,,,,,,"21,36,39","NEW rental,WiMAX HOME 5G L13,バッテリーなし"
3161,24230,3665,1828,Yes (+ 550 JPY),352-353Days (Value Rental Pack: 6Months Pack + 6Months Pack),1,カート用通常フラグ,new WiMAX HOME 5G L13 Unlimited Data,1,,,,,,,,*,wh/img001.jpg,*,wh/img001.jpg,,,,,,,,,,,,,,,,,,,,,,,0,1,en_wh_361_in,,1,,67200,67750,,5,,,,,,,,,,,,,,,,,"21,36,39","NEW rental,WiMAX HOME 5G L13,バッテリーなし"
3161,24231,3665,1829,Yes (+ 550 JPY),353-354Days (Value Rental Pack: 6Months Pack + 6Months Pack),1,カート用通常フラグ,new WiMAX HOME 5G L13 Unlimited Data,1,,,,,,,,*,wh/img001.jpg,*,wh/img001.jpg,,,,,,,,,,,,,,,,,,,,,,,0,1,en_wh_361_in,,1,,67200,67750,,5,,,,,,,,,,,,,,,,,"21,36,39","NEW rental,WiMAX HOME 5G L13,バッテリーなし"
3161,24232,3665,1830,Yes (+ 550 JPY),354-355Days (Value Rental Pack: 6Months Pack + 6Months Pack),1,カート用通常フラグ,new WiMAX HOME 5G L13 Unlimited Data,1,,,,,,,,*,wh/img001.jpg,*,wh/img001.jpg,,,,,,,,,,,,,,,,,,,,,,,0,1,en_wh_361_in,,1,,67200,67750,,5,,,,,,,,,,,,,,,,,"21,36,39","NEW rental,WiMAX HOME 5G L13,バッテリーなし"
3161,24233,3665,1831,Yes (+ 550 JPY),355-356Days (Value Rental Pack: 6Months Pack + 6Months Pack),1,カート用通常フラグ,new WiMAX HOME 5G L13 Unlimited Data,1,,,,,,,,*,wh/img001.jpg,*,wh/img001.jpg,,,,,,,,,,,,,,,,,,,,,,,0,1,en_wh_361_in,,1,,67200,67750,,5,,,,,,,,,,,,,,,,,"21,36,39","NEW rental,WiMAX HOME 5G L13,バッテリーなし"
3161,24234,3665,1832,Yes (+ 550 JPY),356-357Days (Value Rental Pack: 6Months Pack + 6Months Pack),1,カート用通常フラグ,new WiMAX HOME 5G L13 Unlimited Data,1,,,,,,,,*,wh/img001.jpg,*,wh/img001.jpg,,,,,,,,,,,,,,,,,,,,,,,0,1,en_wh_361_in,,1,,67200,67750,,5,,,,,,,,,,,,,,,,,"21,36,39","NEW rental,WiMAX HOME 5G L13,バッテリーなし"
3161,24235,3665,1833,Yes (+ 550 JPY),357-358Days (Value Rental Pack: 6Months Pack + 6Months Pack),1,カート用通常フラグ,new WiMAX HOME 5G L13 Unlimited Data,1,,,,,,,,*,wh/img001.jpg,*,wh/img001.jpg,,,,,,,,,,,,,,,,,,,,,,,0,1,en_wh_361_in,,1,,67200,67750,,5,,,,,,,,,,,,,,,,,"21,36,39","NEW rental,WiMAX HOME 5G L13,バッテリーなし"
3161,24236,3665,1834,Yes (+ 550 JPY),358-359Days (Value Rental Pack: 6Months Pack + 6Months Pack),1,カート用通常フラグ,new WiMAX HOME 5G L13 Unlimited Data,1,,,,,,,,*,wh/img001.jpg,*,wh/img001.jpg,,,,,,,,,,,,,,,,,,,,,,,0,1,en_wh_361_in,,1,,67200,67750,,5,,,,,,,,,,,,,,,,,"21,36,39","NEW rental,WiMAX HOME 5G L13,バッテリーなし"
3161,24237,3665,1835,Yes (+ 550 JPY),359-360Days (Value Rental Pack: 6Months Pack + 6Months Pack),1,カート用通常フラグ,new WiMAX HOME 5G L13 Unlimited Data,1,,,,,,,,*,wh/img001.jpg,*,wh/img001.jpg,,,,,,,,,,,,,,,,,,,,,,,0,1,en_wh_361_in,,1,,67200,67750,,5,,,,,,,,,,,,,,,,,"21,36,39","NEW rental,WiMAX HOME 5G L13,バッテリーなし"
3161,24238,3665,1836,Yes (+ 550 JPY),360-361Days (Value Rental Pack: 6Months Pack + 6Months Pack),1,カート用通常フラグ,new WiMAX HOME 5G L13 Unlimited Data,1,,,,,,,,*,wh/img001.jpg,*,wh/img001.jpg,,,,,,,,,,,,,,,,,,,,,,,0,1,en_wh_361_in,,1,,67200,67750,,5,,,,,,,,,,,,,,,,,"21,36,39","NEW rental,WiMAX HOME 5G L13,バッテリーなし"
3161,24239,3665,1837,Yes (+ 550 JPY),361-362Days (Value Rental Pack: 6Months Pack + 6Months Pack),1,カート用通常フラグ,new WiMAX HOME 5G L13 Unlimited Data,1,,,,,,,,*,wh/img001.jpg,*,wh/img001.jpg,,,,,,,,,,,,,,,,,,,,,,,0,1,en_wh_361_in,,1,,67200,67750,,5,,,,,,,,,,,,,,,,,"21,36,39","NEW rental,WiMAX HOME 5G L13,バッテリーなし"
3161,24240,3665,1838,Yes (+ 550 JPY),362-363Days (Value Rental Pack: 6Months Pack + 6Months Pack + 1Day),1,カート用通常フラグ,new WiMAX HOME 5G L13 Unlimited Data,1,,,,,,,,*,wh/img001.jpg,*,wh/img001.jpg,,,,,,,,,,,,,,,,,,,,,,,0,1,en_wh_362_in,,1,,67790,68340,,5,,,,,,,,,,,,,,,,,"21,36,39","NEW rental,WiMAX HOME 5G L13,バッテリーなし"
3161,24241,3665,1839,Yes (+ 550 JPY),363-364Days (Value Rental Pack: 6Months Pack + 6Months Pack + 2Days),1,カート用通常フラグ,new WiMAX HOME 5G L13 Unlimited Data,1,,,,,,,,*,wh/img001.jpg,*,wh/img001.jpg,,,,,,,,,,,,,,,,,,,,,,,0,1,en_wh_363_in,,1,,68380,68930,,5,,,,,,,,,,,,,,,,,"21,36,39","NEW rental,WiMAX HOME 5G L13,バッテリーなし"
3161,24242,3665,1840,Yes (+ 550 JPY),364-365Days (Value Rental Pack: 6Months Pack + 6Months Pack + 3Days),1,カート用通常フラグ,new WiMAX HOME 5G L13 Unlimited Data,1,,,,,,,,*,wh/img001.jpg,*,wh/img001.jpg,,,,,,,,,,,,,,,,,,,,,,,0,1,en_wh_364_in,,1,,68970,69520,,5,,,,,,,,,,,,,,,,,"21,36,39","NEW rental,WiMAX HOME 5G L13,バッテリーなし"