商品ID,商品規格ID,親規格分類ID,規格分類ID,親規格分類名,規格分類名,メーカーID,メーカー名,商品名,表示ステータス(公開・非公開),メーカーURL(コメント1),コメント2,検索ワード(コメント3),コメント4,コメント5,コメント6,備考欄(SHOP専用),一覧-メインコメント,一覧-メイン画像,詳細-メインコメント,詳細-メイン画像,詳細-メイン拡大画像,詳細-サブタイトル(1),詳細-サブコメント(1),詳細-サブ画像(1),詳細-サブ拡大画像(1),詳細-サブタイトル(2),詳細-サブコメント(2),詳細-サブ画像(2),詳細-サブ拡大画像(2),詳細-サブタイトル(3),詳細-サブコメント(3),詳細-サブ画像(3),詳細-サブ拡大画像(3),詳細-サブタイトル(4),詳細-サブコメント(4),詳細-サブ画像(4),詳細-サブ拡大画像(4),詳細-サブタイトル(5),詳細-サブコメント(5),詳細-サブ画像(5),詳細-サブ拡大画像(5),発送日目安ID,削除フラグ,商品種別ID,商品コード,在庫数,在庫無制限フラグ,販売制限数,通常価格,販売価格,送料,ポイント付与率,ダウンロードファイル名,ダウンロード実ファイル,関連商品ID(1),関連商品コメント(1),関連商品ID(2),関連商品コメント(2),関連商品ID(3),関連商品コメント(3),関連商品ID(4),関連商品コメント(4),関連商品ID(5),関連商品コメント(5),関連商品ID(6),関連商品コメント(6),商品ステータス,商品ステータス名,カテゴリID,カテゴリ名
1674,15656,377,2936,Insurance [NONE] / Additional Battery [NONE],1-2Days,,,docomo FS050W Unlimited Data,1,,,,,,,,*,,*,,,,,,,,,,,,,,,,,,,,,,,,0,1,df_001,,1,,,1980,,5,,,,,,,,,,,,,,,,,"21,33","NEW rental,docomo FS050W 無制限"
1674,15660,377,2937,Insurance [NONE] / Additional Battery [NONE],2-3Days,,,docomo FS050W Unlimited Data,1,,,,,,,,*,,*,,,,,,,,,,,,,,,,,,,,,,,,0,1,df_002,,1,,,2970,,5,,,,,,,,,,,,,,,,,"21,33","NEW rental,docomo FS050W 無制限"
1674,15664,377,2938,Insurance [NONE] / Additional Battery [NONE],3-4Days,,,docomo FS050W Unlimited Data,1,,,,,,,,*,,*,,,,,,,,,,,,,,,,,,,,,,,,0,1,df_003,,1,,,3960,,5,,,,,,,,,,,,,,,,,"21,33","NEW rental,docomo FS050W 無制限"
1674,15668,377,2939,Insurance [NONE] / Additional Battery [NONE],4-5Days,,,docomo FS050W Unlimited Data,1,,,,,,,,*,,*,,,,,,,,,,,,,,,,,,,,,,,,0,1,df_004,,1,,,4950,,5,,,,,,,,,,,,,,,,,"21,33","NEW rental,docomo FS050W 無制限"
1674,15672,377,2940,Insurance [NONE] / Additional Battery [NONE],5-6Days,,,docomo FS050W Unlimited Data,1,,,,,,,,*,,*,,,,,,,,,,,,,,,,,,,,,,,,0,1,df_005,,1,,,5940,,5,,,,,,,,,,,,,,,,,"21,33","NEW rental,docomo FS050W 無制限"
1674,15676,377,2941,Insurance [NONE] / Additional Battery [NONE],6-7Days,,,docomo FS050W Unlimited Data,1,,,,,,,,*,,*,,,,,,,,,,,,,,,,,,,,,,,,0,1,df_006,,1,,,6930,,5,,,,,,,,,,,,,,,,,"21,33","NEW rental,docomo FS050W 無制限"
1674,15680,377,2942,Insurance [NONE] / Additional Battery [NONE],7-8Days,,,docomo FS050W Unlimited Data,1,,,,,,,,*,,*,,,,,,,,,,,,,,,,,,,,,,,,0,1,df_007,,1,,,7920,,5,,,,,,,,,,,,,,,,,"21,33","NEW rental,docomo FS050W 無制限"
1674,15684,377,2943,Insurance [NONE] / Additional Battery [NONE],8-9Days,,,docomo FS050W Unlimited Data,1,,,,,,,,*,,*,,,,,,,,,,,,,,,,,,,,,,,,0,1,df_008,,1,,,8910,,5,,,,,,,,,,,,,,,,,"21,33","NEW rental,docomo FS050W 無制限"
1674,15688,377,2944,Insurance [NONE] / Additional Battery [NONE],9-10Days,,,docomo FS050W Unlimited Data,1,,,,,,,,*,,*,,,,,,,,,,,,,,,,,,,,,,,,0,1,df_009,,1,,,9900,,5,,,,,,,,,,,,,,,,,"21,33","NEW rental,docomo FS050W 無制限"
1674,15692,377,2945,Insurance [NONE] / Additional Battery [NONE],10-11Days,,,docomo FS050W Unlimited Data,1,,,,,,,,*,,*,,,,,,,,,,,,,,,,,,,,,,,,0,1,df_010,,1,,,10890,,5,,,,,,,,,,,,,,,,,"21,33","NEW rental,docomo FS050W 無制限"
1674,15696,377,2946,Insurance [NONE] / Additional Battery [NONE],11-12Days,,,docomo FS050W Unlimited Data,1,,,,,,,,*,,*,,,,,,,,,,,,,,,,,,,,,,,,0,1,df_011,,1,,,11880,,5,,,,,,,,,,,,,,,,,"21,33","NEW rental,docomo FS050W 無制限"
1674,15700,377,2947,Insurance [NONE] / Additional Battery [NONE],12-13Days,,,docomo FS050W Unlimited Data,1,,,,,,,,*,,*,,,,,,,,,,,,,,,,,,,,,,,,0,1,df_012,,1,,,12870,,5,,,,,,,,,,,,,,,,,"21,33","NEW rental,docomo FS050W 無制限"
1674,15704,377,2948,Insurance [NONE] / Additional Battery [NONE],13-14Days,,,docomo FS050W Unlimited Data,1,,,,,,,,*,,*,,,,,,,,,,,,,,,,,,,,,,,,0,1,df_013,,1,,,13860,,5,,,,,,,,,,,,,,,,,"21,33","NEW rental,docomo FS050W 無制限"
1674,15708,377,2949,Insurance [NONE] / Additional Battery [NONE],14-15Days (Value Rental Pack:1Month Pack),,,docomo FS050W Unlimited Data,1,,,,,,,,*,,*,,,,,,,,,,,,,,,,,,,,,,,,0,1,df_014,,1,,,14850,,5,,,,,,,,,,,,,,,,,"21,33","NEW rental,docomo FS050W 無制限"
1674,15712,377,2950,Insurance [NONE] / Additional Battery [NONE],15-16Days (Value Rental Pack:1Month Pack),,,docomo FS050W Unlimited Data,1,,,,,,,,*,,*,,,,,,,,,,,,,,,,,,,,,,,,0,1,df_014,,1,,,14850,,5,,,,,,,,,,,,,,,,,"21,33","NEW rental,docomo FS050W 無制限"
1674,15716,377,2951,Insurance [NONE] / Additional Battery [NONE],16-17Days (Value Rental Pack:1Month Pack),,,docomo FS050W Unlimited Data,1,,,,,,,,*,,*,,,,,,,,,,,,,,,,,,,,,,,,0,1,df_014,,1,,,14850,,5,,,,,,,,,,,,,,,,,"21,33","NEW rental,docomo FS050W 無制限"
1674,15720,377,2952,Insurance [NONE] / Additional Battery [NONE],17-18Days (Value Rental Pack:1Month Pack),,,docomo FS050W Unlimited Data,1,,,,,,,,*,,*,,,,,,,,,,,,,,,,,,,,,,,,0,1,df_014,,1,,,14850,,5,,,,,,,,,,,,,,,,,"21,33","NEW rental,docomo FS050W 無制限"
1674,15724,377,2953,Insurance [NONE] / Additional Battery [NONE],18-19Days (Value Rental Pack:1Month Pack),,,docomo FS050W Unlimited Data,1,,,,,,,,*,,*,,,,,,,,,,,,,,,,,,,,,,,,0,1,df_014,,1,,,14850,,5,,,,,,,,,,,,,,,,,"21,33","NEW rental,docomo FS050W 無制限"
1674,15728,377,2954,Insurance [NONE] / Additional Battery [NONE],19-20Days (Value Rental Pack:1Month Pack),,,docomo FS050W Unlimited Data,1,,,,,,,,*,,*,,,,,,,,,,,,,,,,,,,,,,,,0,1,df_014,,1,,,14850,,5,,,,,,,,,,,,,,,,,"21,33","NEW rental,docomo FS050W 無制限"
1674,15732,377,2955,Insurance [NONE] / Additional Battery [NONE],20-21Days (Value Rental Pack:1Month Pack),,,docomo FS050W Unlimited Data,1,,,,,,,,*,,*,,,,,,,,,,,,,,,,,,,,,,,,0,1,df_014,,1,,,14850,,5,,,,,,,,,,,,,,,,,"21,33","NEW rental,docomo FS050W 無制限"
1674,15736,377,2956,Insurance [NONE] / Additional Battery [NONE],21-22Days (Value Rental Pack:1Month Pack),,,docomo FS050W Unlimited Data,1,,,,,,,,*,,*,,,,,,,,,,,,,,,,,,,,,,,,0,1,df_014,,1,,,14850,,5,,,,,,,,,,,,,,,,,"21,33","NEW rental,docomo FS050W 無制限"
1674,15740,377,2957,Insurance [NONE] / Additional Battery [NONE],22-23Days (Value Rental Pack:1Month Pack),,,docomo FS050W Unlimited Data,1,,,,,,,,*,,*,,,,,,,,,,,,,,,,,,,,,,,,0,1,df_014,,1,,,14850,,5,,,,,,,,,,,,,,,,,"21,33","NEW rental,docomo FS050W 無制限"
1674,15744,377,2958,Insurance [NONE] / Additional Battery [NONE],23-24Days (Value Rental Pack:1Month Pack),,,docomo FS050W Unlimited Data,1,,,,,,,,*,,*,,,,,,,,,,,,,,,,,,,,,,,,0,1,df_014,,1,,,14850,,5,,,,,,,,,,,,,,,,,"21,33","NEW rental,docomo FS050W 無制限"
1674,15748,377,2959,Insurance [NONE] / Additional Battery [NONE],24-25Days (Value Rental Pack:1Month Pack),,,docomo FS050W Unlimited Data,1,,,,,,,,*,,*,,,,,,,,,,,,,,,,,,,,,,,,0,1,df_014,,1,,,14850,,5,,,,,,,,,,,,,,,,,"21,33","NEW rental,docomo FS050W 無制限"
1674,15752,377,2960,Insurance [NONE] / Additional Battery [NONE],25-26Days (Value Rental Pack:1Month Pack),,,docomo FS050W Unlimited Data,1,,,,,,,,*,,*,,,,,,,,,,,,,,,,,,,,,,,,0,1,df_014,,1,,,14850,,5,,,,,,,,,,,,,,,,,"21,33","NEW rental,docomo FS050W 無制限"
1674,15756,377,2961,Insurance [NONE] / Additional Battery [NONE],26-27Days (Value Rental Pack:1Month Pack),,,docomo FS050W Unlimited Data,1,,,,,,,,*,,*,,,,,,,,,,,,,,,,,,,,,,,,0,1,df_014,,1,,,14850,,5,,,,,,,,,,,,,,,,,"21,33","NEW rental,docomo FS050W 無制限"
1674,15760,377,2962,Insurance [NONE] / Additional Battery [NONE],27-28Days (Value Rental Pack:1Month Pack),,,docomo FS050W Unlimited Data,1,,,,,,,,*,,*,,,,,,,,,,,,,,,,,,,,,,,,0,1,df_014,,1,,,14850,,5,,,,,,,,,,,,,,,,,"21,33","NEW rental,docomo FS050W 無制限"
1674,15764,377,2963,Insurance [NONE] / Additional Battery [NONE],28-29Days (Value Rental Pack:1Month Pack),,,docomo FS050W Unlimited Data,1,,,,,,,,*,,*,,,,,,,,,,,,,,,,,,,,,,,,0,1,df_014,,1,,,14850,,5,,,,,,,,,,,,,,,,,"21,33","NEW rental,docomo FS050W 無制限"
1674,15768,377,2964,Insurance [NONE] / Additional Battery [NONE],29-30Days (Value Rental Pack:1Month Pack),,,docomo FS050W Unlimited Data,1,,,,,,,,*,,*,,,,,,,,,,,,,,,,,,,,,,,,0,1,df_014,,1,,,14850,,5,,,,,,,,,,,,,,,,,"21,33","NEW rental,docomo FS050W 無制限"
1674,15772,377,2965,Insurance [NONE] / Additional Battery [NONE],30-31Days (Value Rental Pack:1Month Pack),,,docomo FS050W Unlimited Data,1,,,,,,,,*,,*,,,,,,,,,,,,,,,,,,,,,,,,0,1,df_014,,1,,,14850,,5,,,,,,,,,,,,,,,,,"21,33","NEW rental,docomo FS050W 無制限"
1674,15776,377,2966,Insurance [NONE] / Additional Battery [NONE],31-32Days (Value Rental Pack:1Month Pack＋1Day),,,docomo FS050W Unlimited Data,1,,,,,,,,*,,*,,,,,,,,,,,,,,,,,,,,,,,,0,1,df_031,,1,,,15840,,5,,,,,,,,,,,,,,,,,"21,33","NEW rental,docomo FS050W 無制限"
1674,15780,377,2967,Insurance [NONE] / Additional Battery [NONE],32-33Days (Value Rental Pack:1Month Pack＋2Days),,,docomo FS050W Unlimited Data,1,,,,,,,,*,,*,,,,,,,,,,,,,,,,,,,,,,,,0,1,df_032,,1,,,16830,,5,,,,,,,,,,,,,,,,,"21,33","NEW rental,docomo FS050W 無制限"
1674,15784,377,2968,Insurance [NONE] / Additional Battery [NONE],33-34Days (Value Rental Pack:1Month Pack＋3Days),,,docomo FS050W Unlimited Data,1,,,,,,,,*,,*,,,,,,,,,,,,,,,,,,,,,,,,0,1,df_033,,1,,,17820,,5,,,,,,,,,,,,,,,,,"21,33","NEW rental,docomo FS050W 無制限"
1674,15788,377,2969,Insurance [NONE] / Additional Battery [NONE],34-35Days (Value Rental Pack:1Month Pack＋4Days),,,docomo FS050W Unlimited Data,1,,,,,,,,*,,*,,,,,,,,,,,,,,,,,,,,,,,,0,1,df_034,,1,,,18810,,5,,,,,,,,,,,,,,,,,"21,33","NEW rental,docomo FS050W 無制限"
1674,15792,377,2970,Insurance [NONE] / Additional Battery [NONE],35-36Days (Value Rental Pack:1Month Pack＋5Days),,,docomo FS050W Unlimited Data,1,,,,,,,,*,,*,,,,,,,,,,,,,,,,,,,,,,,,0,1,df_035,,1,,,19800,,5,,,,,,,,,,,,,,,,,"21,33","NEW rental,docomo FS050W 無制限"
1674,15796,377,2971,Insurance [NONE] / Additional Battery [NONE],36-37Days (Value Rental Pack:1Month Pack＋6Days),,,docomo FS050W Unlimited Data,1,,,,,,,,*,,*,,,,,,,,,,,,,,,,,,,,,,,,0,1,df_036,,1,,,20790,,5,,,,,,,,,,,,,,,,,"21,33","NEW rental,docomo FS050W 無制限"
1674,15800,377,2972,Insurance [NONE] / Additional Battery [NONE],37-38Days (Value Rental Pack:1Month Pack＋7Days),,,docomo FS050W Unlimited Data,1,,,,,,,,*,,*,,,,,,,,,,,,,,,,,,,,,,,,0,1,df_037,,1,,,21780,,5,,,,,,,,,,,,,,,,,"21,33","NEW rental,docomo FS050W 無制限"
1674,15804,377,2973,Insurance [NONE] / Additional Battery [NONE],38-39Days (Value Rental Pack:1Month Pack＋8Days),,,docomo FS050W Unlimited Data,1,,,,,,,,*,,*,,,,,,,,,,,,,,,,,,,,,,,,0,1,df_038,,1,,,22770,,5,,,,,,,,,,,,,,,,,"21,33","NEW rental,docomo FS050W 無制限"
1674,15808,377,2974,Insurance [NONE] / Additional Battery [NONE],39-40Days (Value Rental Pack:1Month Pack＋9Days),,,docomo FS050W Unlimited Data,1,,,,,,,,*,,*,,,,,,,,,,,,,,,,,,,,,,,,0,1,df_039,,1,,,23760,,5,,,,,,,,,,,,,,,,,"21,33","NEW rental,docomo FS050W 無制限"
1674,15812,377,2975,Insurance [NONE] / Additional Battery [NONE],40-41Days (Value Rental Pack:1Month Pack＋10Days),,,docomo FS050W Unlimited Data,1,,,,,,,,*,,*,,,,,,,,,,,,,,,,,,,,,,,,0,1,df_040,,1,,,24750,,5,,,,,,,,,,,,,,,,,"21,33","NEW rental,docomo FS050W 無制限"
1674,15816,377,2976,Insurance [NONE] / Additional Battery [NONE],41-42Days (Value Rental Pack:1Month Pack＋11Days),,,docomo FS050W Unlimited Data,1,,,,,,,,*,,*,,,,,,,,,,,,,,,,,,,,,,,,0,1,df_041,,1,,,25740,,5,,,,,,,,,,,,,,,,,"21,33","NEW rental,docomo FS050W 無制限"
1674,15820,377,2977,Insurance [NONE] / Additional Battery [NONE],42-43Days (Value Rental Pack:2Months Pack),,,docomo FS050W Unlimited Data,1,,,,,,,,*,,*,,,,,,,,,,,,,,,,,,,,,,,,0,1,df_060,,1,,,26600,,5,,,,,,,,,,,,,,,,,"21,33","NEW rental,docomo FS050W 無制限"
1674,15824,377,2978,Insurance [NONE] / Additional Battery [NONE],43-44Days (Value Rental Pack:2Months Pack),,,docomo FS050W Unlimited Data,1,,,,,,,,*,,*,,,,,,,,,,,,,,,,,,,,,,,,0,1,df_060,,1,,,26600,,5,,,,,,,,,,,,,,,,,"21,33","NEW rental,docomo FS050W 無制限"
1674,15828,377,2979,Insurance [NONE] / Additional Battery [NONE],44-45Days (Value Rental Pack:2Months Pack),,,docomo FS050W Unlimited Data,1,,,,,,,,*,,*,,,,,,,,,,,,,,,,,,,,,,,,0,1,df_060,,1,,,26600,,5,,,,,,,,,,,,,,,,,"21,33","NEW rental,docomo FS050W 無制限"
1674,15832,377,2980,Insurance [NONE] / Additional Battery [NONE],45-46Days (Value Rental Pack:2Months Pack),,,docomo FS050W Unlimited Data,1,,,,,,,,*,,*,,,,,,,,,,,,,,,,,,,,,,,,0,1,df_060,,1,,,26600,,5,,,,,,,,,,,,,,,,,"21,33","NEW rental,docomo FS050W 無制限"
1674,15836,377,2981,Insurance [NONE] / Additional Battery [NONE],46-47Days (Value Rental Pack:2Months Pack),,,docomo FS050W Unlimited Data,1,,,,,,,,*,,*,,,,,,,,,,,,,,,,,,,,,,,,0,1,df_060,,1,,,26600,,5,,,,,,,,,,,,,,,,,"21,33","NEW rental,docomo FS050W 無制限"
1674,15840,377,2982,Insurance [NONE] / Additional Battery [NONE],47-48Days (Value Rental Pack:2Months Pack),,,docomo FS050W Unlimited Data,1,,,,,,,,*,,*,,,,,,,,,,,,,,,,,,,,,,,,0,1,df_060,,1,,,26600,,5,,,,,,,,,,,,,,,,,"21,33","NEW rental,docomo FS050W 無制限"
1674,15844,377,2983,Insurance [NONE] / Additional Battery [NONE],48-49Days (Value Rental Pack:2Months Pack),,,docomo FS050W Unlimited Data,1,,,,,,,,*,,*,,,,,,,,,,,,,,,,,,,,,,,,0,1,df_060,,1,,,26600,,5,,,,,,,,,,,,,,,,,"21,33","NEW rental,docomo FS050W 無制限"
1674,15848,377,2984,Insurance [NONE] / Additional Battery [NONE],49-50Days (Value Rental Pack:2Months Pack),,,docomo FS050W Unlimited Data,1,,,,,,,,*,,*,,,,,,,,,,,,,,,,,,,,,,,,0,1,df_060,,1,,,26600,,5,,,,,,,,,,,,,,,,,"21,33","NEW rental,docomo FS050W 無制限"
1674,15852,377,2985,Insurance [NONE] / Additional Battery [NONE],50-51Days (Value Rental Pack:2Months Pack),,,docomo FS050W Unlimited Data,1,,,,,,,,*,,*,,,,,,,,,,,,,,,,,,,,,,,,0,1,df_060,,1,,,26600,,5,,,,,,,,,,,,,,,,,"21,33","NEW rental,docomo FS050W 無制限"
1674,15856,377,2986,Insurance [NONE] / Additional Battery [NONE],51-52Days (Value Rental Pack:2Months Pack),,,docomo FS050W Unlimited Data,1,,,,,,,,*,,*,,,,,,,,,,,,,,,,,,,,,,,,0,1,df_060,,1,,,26600,,5,,,,,,,,,,,,,,,,,"21,33","NEW rental,docomo FS050W 無制限"
1674,15860,377,2987,Insurance [NONE] / Additional Battery [NONE],52-53Days (Value Rental Pack:2Months Pack),,,docomo FS050W Unlimited Data,1,,,,,,,,*,,*,,,,,,,,,,,,,,,,,,,,,,,,0,1,df_060,,1,,,26600,,5,,,,,,,,,,,,,,,,,"21,33","NEW rental,docomo FS050W 無制限"
1674,15864,377,2988,Insurance [NONE] / Additional Battery [NONE],53-54Days (Value Rental Pack:2Months Pack),,,docomo FS050W Unlimited Data,1,,,,,,,,*,,*,,,,,,,,,,,,,,,,,,,,,,,,0,1,df_060,,1,,,26600,,5,,,,,,,,,,,,,,,,,"21,33","NEW rental,docomo FS050W 無制限"
1674,15868,377,2989,Insurance [NONE] / Additional Battery [NONE],54-55Days (Value Rental Pack:2Months Pack),,,docomo FS050W Unlimited Data,1,,,,,,,,*,,*,,,,,,,,,,,,,,,,,,,,,,,,0,1,df_060,,1,,,26600,,5,,,,,,,,,,,,,,,,,"21,33","NEW rental,docomo FS050W 無制限"
1674,15872,377,2990,Insurance [NONE] / Additional Battery [NONE],55-56Days (Value Rental Pack:2Months Pack),,,docomo FS050W Unlimited Data,1,,,,,,,,*,,*,,,,,,,,,,,,,,,,,,,,,,,,0,1,df_060,,1,,,26600,,5,,,,,,,,,,,,,,,,,"21,33","NEW rental,docomo FS050W 無制限"
1674,15876,377,2991,Insurance [NONE] / Additional Battery [NONE],56-57Days (Value Rental Pack:2Months Pack),,,docomo FS050W Unlimited Data,1,,,,,,,,*,,*,,,,,,,,,,,,,,,,,,,,,,,,0,1,df_060,,1,,,26600,,5,,,,,,,,,,,,,,,,,"21,33","NEW rental,docomo FS050W 無制限"
1674,15880,377,2992,Insurance [NONE] / Additional Battery [NONE],57-58Days (Value Rental Pack:2Months Pack),,,docomo FS050W Unlimited Data,1,,,,,,,,*,,*,,,,,,,,,,,,,,,,,,,,,,,,0,1,df_060,,1,,,26600,,5,,,,,,,,,,,,,,,,,"21,33","NEW rental,docomo FS050W 無制限"
1674,15884,377,2993,Insurance [NONE] / Additional Battery [NONE],58-59Days (Value Rental Pack:2Months Pack),,,docomo FS050W Unlimited Data,1,,,,,,,,*,,*,,,,,,,,,,,,,,,,,,,,,,,,0,1,df_060,,1,,,26600,,5,,,,,,,,,,,,,,,,,"21,33","NEW rental,docomo FS050W 無制限"
1674,15888,377,2994,Insurance [NONE] / Additional Battery [NONE],59-60Days (Value Rental Pack:2Months Pack),,,docomo FS050W Unlimited Data,1,,,,,,,,*,,*,,,,,,,,,,,,,,,,,,,,,,,,0,1,df_060,,1,,,26600,,5,,,,,,,,,,,,,,,,,"21,33","NEW rental,docomo FS050W 無制限"
1674,15892,377,2995,Insurance [NONE] / Additional Battery [NONE],60-61Days (Value Rental Pack:2Months Pack),,,docomo FS050W Unlimited Data,1,,,,,,,,*,,*,,,,,,,,,,,,,,,,,,,,,,,,0,1,df_060,,1,,,26600,,5,,,,,,,,,,,,,,,,,"21,33","NEW rental,docomo FS050W 無制限"
1674,15896,377,2996,Insurance [NONE] / Additional Battery [NONE],61-62Days (Value Rental Pack:2Months Pack＋1Day),,,docomo FS050W Unlimited Data,1,,,,,,,,*,,*,,,,,,,,,,,,,,,,,,,,,,,,0,1,df_061,,1,,,27590,,5,,,,,,,,,,,,,,,,,"21,33","NEW rental,docomo FS050W 無制限"
1674,15900,377,2997,Insurance [NONE] / Additional Battery [NONE],62-63Days (Value Rental Pack:2Months Pack＋2Days),,,docomo FS050W Unlimited Data,1,,,,,,,,*,,*,,,,,,,,,,,,,,,,,,,,,,,,0,1,df_062,,1,,,28580,,5,,,,,,,,,,,,,,,,,"21,33","NEW rental,docomo FS050W 無制限"
1674,15904,377,2998,Insurance [NONE] / Additional Battery [NONE],63-64Days (Value Rental Pack:2Months Pack＋3Days),,,docomo FS050W Unlimited Data,1,,,,,,,,*,,*,,,,,,,,,,,,,,,,,,,,,,,,0,1,df_063,,1,,,29570,,5,,,,,,,,,,,,,,,,,"21,33","NEW rental,docomo FS050W 無制限"
1674,15908,377,2999,Insurance [NONE] / Additional Battery [NONE],64-65Days (Value Rental Pack:2Months Pack＋4Days),,,docomo FS050W Unlimited Data,1,,,,,,,,*,,*,,,,,,,,,,,,,,,,,,,,,,,,0,1,df_064,,1,,,30560,,5,,,,,,,,,,,,,,,,,"21,33","NEW rental,docomo FS050W 無制限"
1674,15912,377,3000,Insurance [NONE] / Additional Battery [NONE],65-66Days (Value Rental Pack:2Months Pack＋5Days),,,docomo FS050W Unlimited Data,1,,,,,,,,*,,*,,,,,,,,,,,,,,,,,,,,,,,,0,1,df_065,,1,,,31550,,5,,,,,,,,,,,,,,,,,"21,33","NEW rental,docomo FS050W 無制限"
1674,15916,377,3001,Insurance [NONE] / Additional Battery [NONE],66-67Days (Value Rental Pack:2Months Pack＋6Days),,,docomo FS050W Unlimited Data,1,,,,,,,,*,,*,,,,,,,,,,,,,,,,,,,,,,,,0,1,df_066,,1,,,32540,,5,,,,,,,,,,,,,,,,,"21,33","NEW rental,docomo FS050W 無制限"
1674,15920,377,3002,Insurance [NONE] / Additional Battery [NONE],67-68Days (Value Rental Pack:2Months Pack＋7Days),,,docomo FS050W Unlimited Data,1,,,,,,,,*,,*,,,,,,,,,,,,,,,,,,,,,,,,0,1,df_067,,1,,,33530,,5,,,,,,,,,,,,,,,,,"21,33","NEW rental,docomo FS050W 無制限"
1674,15924,377,3003,Insurance [NONE] / Additional Battery [NONE],68-69Days (Value Rental Pack:2Months Pack＋8Days),,,docomo FS050W Unlimited Data,1,,,,,,,,*,,*,,,,,,,,,,,,,,,,,,,,,,,,0,1,df_068,,1,,,34520,,5,,,,,,,,,,,,,,,,,"21,33","NEW rental,docomo FS050W 無制限"
1674,15928,377,3004,Insurance [NONE] / Additional Battery [NONE],69-70Days (Value Rental Pack:2Months Pack＋9Days),,,docomo FS050W Unlimited Data,1,,,,,,,,*,,*,,,,,,,,,,,,,,,,,,,,,,,,0,1,df_069,,1,,,35510,,5,,,,,,,,,,,,,,,,,"21,33","NEW rental,docomo FS050W 無制限"
1674,15932,377,3005,Insurance [NONE] / Additional Battery [NONE],70-71Days (Value Rental Pack:2Months Pack＋10Days),,,docomo FS050W Unlimited Data,1,,,,,,,,*,,*,,,,,,,,,,,,,,,,,,,,,,,,0,1,df_070,,1,,,36500,,5,,,,,,,,,,,,,,,,,"21,33","NEW rental,docomo FS050W 無制限"
1674,15936,377,3006,Insurance [NONE] / Additional Battery [NONE],71-72Days (Value Rental Pack:3Months Pack),,,docomo FS050W Unlimited Data,1,,,,,,,,*,,*,,,,,,,,,,,,,,,,,,,,,,,,0,1,df_090,,1,,,37200,,5,,,,,,,,,,,,,,,,,"21,33","NEW rental,docomo FS050W 無制限"
1674,15940,377,3007,Insurance [NONE] / Additional Battery [NONE],72-73Days (Value Rental Pack:3Months Pack),,,docomo FS050W Unlimited Data,1,,,,,,,,*,,*,,,,,,,,,,,,,,,,,,,,,,,,0,1,df_090,,1,,,37200,,5,,,,,,,,,,,,,,,,,"21,33","NEW rental,docomo FS050W 無制限"
1674,15944,377,3008,Insurance [NONE] / Additional Battery [NONE],73-74Days (Value Rental Pack:3Months Pack),,,docomo FS050W Unlimited Data,1,,,,,,,,*,,*,,,,,,,,,,,,,,,,,,,,,,,,0,1,df_090,,1,,,37200,,5,,,,,,,,,,,,,,,,,"21,33","NEW rental,docomo FS050W 無制限"
1674,15948,377,3009,Insurance [NONE] / Additional Battery [NONE],74-75Days (Value Rental Pack:3Months Pack),,,docomo FS050W Unlimited Data,1,,,,,,,,*,,*,,,,,,,,,,,,,,,,,,,,,,,,0,1,df_090,,1,,,37200,,5,,,,,,,,,,,,,,,,,"21,33","NEW rental,docomo FS050W 無制限"
1674,15952,377,3010,Insurance [NONE] / Additional Battery [NONE],75-76Days (Value Rental Pack:3Months Pack),,,docomo FS050W Unlimited Data,1,,,,,,,,*,,*,,,,,,,,,,,,,,,,,,,,,,,,0,1,df_090,,1,,,37200,,5,,,,,,,,,,,,,,,,,"21,33","NEW rental,docomo FS050W 無制限"
1674,15956,377,3011,Insurance [NONE] / Additional Battery [NONE],76-77Days (Value Rental Pack:3Months Pack),,,docomo FS050W Unlimited Data,1,,,,,,,,*,,*,,,,,,,,,,,,,,,,,,,,,,,,0,1,df_090,,1,,,37200,,5,,,,,,,,,,,,,,,,,"21,33","NEW rental,docomo FS050W 無制限"
1674,15960,377,3012,Insurance [NONE] / Additional Battery [NONE],77-78Days (Value Rental Pack:3Months Pack),,,docomo FS050W Unlimited Data,1,,,,,,,,*,,*,,,,,,,,,,,,,,,,,,,,,,,,0,1,df_090,,1,,,37200,,5,,,,,,,,,,,,,,,,,"21,33","NEW rental,docomo FS050W 無制限"
1674,15964,377,3013,Insurance [NONE] / Additional Battery [NONE],78-79Days (Value Rental Pack:3Months Pack),,,docomo FS050W Unlimited Data,1,,,,,,,,*,,*,,,,,,,,,,,,,,,,,,,,,,,,0,1,df_090,,1,,,37200,,5,,,,,,,,,,,,,,,,,"21,33","NEW rental,docomo FS050W 無制限"
1674,15968,377,3014,Insurance [NONE] / Additional Battery [NONE],79-80Days (Value Rental Pack:3Months Pack),,,docomo FS050W Unlimited Data,1,,,,,,,,*,,*,,,,,,,,,,,,,,,,,,,,,,,,0,1,df_090,,1,,,37200,,5,,,,,,,,,,,,,,,,,"21,33","NEW rental,docomo FS050W 無制限"
1674,15972,377,3015,Insurance [NONE] / Additional Battery [NONE],80-81Days (Value Rental Pack:3Months Pack),,,docomo FS050W Unlimited Data,1,,,,,,,,*,,*,,,,,,,,,,,,,,,,,,,,,,,,0,1,df_090,,1,,,37200,,5,,,,,,,,,,,,,,,,,"21,33","NEW rental,docomo FS050W 無制限"
1674,15976,377,3016,Insurance [NONE] / Additional Battery [NONE],81-82Days (Value Rental Pack:3Months Pack),,,docomo FS050W Unlimited Data,1,,,,,,,,*,,*,,,,,,,,,,,,,,,,,,,,,,,,0,1,df_090,,1,,,37200,,5,,,,,,,,,,,,,,,,,"21,33","NEW rental,docomo FS050W 無制限"
1674,15980,377,3017,Insurance [NONE] / Additional Battery [NONE],82-83Days (Value Rental Pack:3Months Pack),,,docomo FS050W Unlimited Data,1,,,,,,,,*,,*,,,,,,,,,,,,,,,,,,,,,,,,0,1,df_090,,1,,,37200,,5,,,,,,,,,,,,,,,,,"21,33","NEW rental,docomo FS050W 無制限"
1674,15984,377,3018,Insurance [NONE] / Additional Battery [NONE],83-84Days (Value Rental Pack:3Months Pack),,,docomo FS050W Unlimited Data,1,,,,,,,,*,,*,,,,,,,,,,,,,,,,,,,,,,,,0,1,df_090,,1,,,37200,,5,,,,,,,,,,,,,,,,,"21,33","NEW rental,docomo FS050W 無制限"
1674,15988,377,3019,Insurance [NONE] / Additional Battery [NONE],84-85Days (Value Rental Pack:3Months Pack),,,docomo FS050W Unlimited Data,1,,,,,,,,*,,*,,,,,,,,,,,,,,,,,,,,,,,,0,1,df_090,,1,,,37200,,5,,,,,,,,,,,,,,,,,"21,33","NEW rental,docomo FS050W 無制限"
1674,15992,377,3020,Insurance [NONE] / Additional Battery [NONE],85-86Days (Value Rental Pack:3Months Pack),,,docomo FS050W Unlimited Data,1,,,,,,,,*,,*,,,,,,,,,,,,,,,,,,,,,,,,0,1,df_090,,1,,,37200,,5,,,,,,,,,,,,,,,,,"21,33","NEW rental,docomo FS050W 無制限"
1674,15996,377,3021,Insurance [NONE] / Additional Battery [NONE],86-87Days (Value Rental Pack:3Months Pack),,,docomo FS050W Unlimited Data,1,,,,,,,,*,,*,,,,,,,,,,,,,,,,,,,,,,,,0,1,df_090,,1,,,37200,,5,,,,,,,,,,,,,,,,,"21,33","NEW rental,docomo FS050W 無制限"
1674,16000,377,3022,Insurance [NONE] / Additional Battery [NONE],87-88Days (Value Rental Pack:3Months Pack),,,docomo FS050W Unlimited Data,1,,,,,,,,*,,*,,,,,,,,,,,,,,,,,,,,,,,,0,1,df_090,,1,,,37200,,5,,,,,,,,,,,,,,,,,"21,33","NEW rental,docomo FS050W 無制限"
1674,16004,377,3023,Insurance [NONE] / Additional Battery [NONE],88-89Days (Value Rental Pack:3Months Pack),,,docomo FS050W Unlimited Data,1,,,,,,,,*,,*,,,,,,,,,,,,,,,,,,,,,,,,0,1,df_090,,1,,,37200,,5,,,,,,,,,,,,,,,,,"21,33","NEW rental,docomo FS050W 無制限"
1674,16008,377,3024,Insurance [NONE] / Additional Battery [NONE],89-90Days (Value Rental Pack:3Months Pack),,,docomo FS050W Unlimited Data,1,,,,,,,,*,,*,,,,,,,,,,,,,,,,,,,,,,,,0,1,df_090,,1,,,37200,,5,,,,,,,,,,,,,,,,,"21,33","NEW rental,docomo FS050W 無制限"
1674,16012,377,3025,Insurance [NONE] / Additional Battery [NONE],90-91Days (Value Rental Pack:3Months Pack),,,docomo FS050W Unlimited Data,1,,,,,,,,*,,*,,,,,,,,,,,,,,,,,,,,,,,,0,1,df_090,,1,,,37200,,5,,,,,,,,,,,,,,,,,"21,33","NEW rental,docomo FS050W 無制限"
1674,16016,377,3026,Insurance [NONE] / Additional Battery [NONE],91-92Days (Value Rental Pack:3Months Pack＋1Day),,,docomo FS050W Unlimited Data,1,,,,,,,,*,,*,,,,,,,,,,,,,,,,,,,,,,,,0,1,df_091,,1,,,38190,,5,,,,,,,,,,,,,,,,,"21,33","NEW rental,docomo FS050W 無制限"
1674,16020,377,3027,Insurance [NONE] / Additional Battery [NONE],92-93Days (Value Rental Pack:3Months Pack＋2Days),,,docomo FS050W Unlimited Data,1,,,,,,,,*,,*,,,,,,,,,,,,,,,,,,,,,,,,0,1,df_092,,1,,,39180,,5,,,,,,,,,,,,,,,,,"21,33","NEW rental,docomo FS050W 無制限"
1674,16024,377,3028,Insurance [NONE] / Additional Battery [NONE],93-94Days (Value Rental Pack:3Months Pack＋3Days),,,docomo FS050W Unlimited Data,1,,,,,,,,*,,*,,,,,,,,,,,,,,,,,,,,,,,,0,1,df_093,,1,,,40170,,5,,,,,,,,,,,,,,,,,"21,33","NEW rental,docomo FS050W 無制限"
1674,16028,377,3029,Insurance [NONE] / Additional Battery [NONE],94-95Days (Value Rental Pack:3Months Pack＋4Days),,,docomo FS050W Unlimited Data,1,,,,,,,,*,,*,,,,,,,,,,,,,,,,,,,,,,,,0,1,df_094,,1,,,41160,,5,,,,,,,,,,,,,,,,,"21,33","NEW rental,docomo FS050W 無制限"
1674,16032,377,3030,Insurance [NONE] / Additional Battery [NONE],95-96Days (Value Rental Pack:3Months Pack＋5Days),,,docomo FS050W Unlimited Data,1,,,,,,,,*,,*,,,,,,,,,,,,,,,,,,,,,,,,0,1,df_095,,1,,,42150,,5,,,,,,,,,,,,,,,,,"21,33","NEW rental,docomo FS050W 無制限"
1674,16036,377,3031,Insurance [NONE] / Additional Battery [NONE],96-97Days (Value Rental Pack:3Months Pack＋6Days),,,docomo FS050W Unlimited Data,1,,,,,,,,*,,*,,,,,,,,,,,,,,,,,,,,,,,,0,1,df_096,,1,,,43140,,5,,,,,,,,,,,,,,,,,"21,33","NEW rental,docomo FS050W 無制限"
1674,16040,377,3032,Insurance [NONE] / Additional Battery [NONE],97-98Days (Value Rental Pack:3Months Pack＋7Days),,,docomo FS050W Unlimited Data,1,,,,,,,,*,,*,,,,,,,,,,,,,,,,,,,,,,,,0,1,df_097,,1,,,44130,,5,,,,,,,,,,,,,,,,,"21,33","NEW rental,docomo FS050W 無制限"
1674,16044,377,3033,Insurance [NONE] / Additional Battery [NONE],98-99Days (Value Rental Pack:3Months Pack＋8Days),,,docomo FS050W Unlimited Data,1,,,,,,,,*,,*,,,,,,,,,,,,,,,,,,,,,,,,0,1,df_098,,1,,,45120,,5,,,,,,,,,,,,,,,,,"21,33","NEW rental,docomo FS050W 無制限"
1674,16048,377,3034,Insurance [NONE] / Additional Battery [NONE],99-100Days (Value Rental Pack:3Months Pack＋9Days),,,docomo FS050W Unlimited Data,1,,,,,,,,*,,*,,,,,,,,,,,,,,,,,,,,,,,,0,1,df_099,,1,,,46110,,5,,,,,,,,,,,,,,,,,"21,33","NEW rental,docomo FS050W 無制限"
1674,16052,377,3035,Insurance [NONE] / Additional Battery [NONE],100-101Days (Value Rental Pack:4Months Pack),,,docomo FS050W Unlimited Data,1,,,,,,,,*,,*,,,,,,,,,,,,,,,,,,,,,,,,0,1,df_120,,1,,,46700,,5,,,,,,,,,,,,,,,,,"21,33","NEW rental,docomo FS050W 無制限"
1674,16056,377,3036,Insurance [NONE] / Additional Battery [NONE],101-102Days (Value Rental Pack:4Months Pack),,,docomo FS050W Unlimited Data,1,,,,,,,,*,,*,,,,,,,,,,,,,,,,,,,,,,,,0,1,df_120,,1,,,46700,,5,,,,,,,,,,,,,,,,,"21,33","NEW rental,docomo FS050W 無制限"
1674,16060,377,3037,Insurance [NONE] / Additional Battery [NONE],102-103Days (Value Rental Pack:4Months Pack),,,docomo FS050W Unlimited Data,1,,,,,,,,*,,*,,,,,,,,,,,,,,,,,,,,,,,,0,1,df_120,,1,,,46700,,5,,,,,,,,,,,,,,,,,"21,33","NEW rental,docomo FS050W 無制限"
1674,16064,377,3038,Insurance [NONE] / Additional Battery [NONE],103-104Days (Value Rental Pack:4Months Pack),,,docomo FS050W Unlimited Data,1,,,,,,,,*,,*,,,,,,,,,,,,,,,,,,,,,,,,0,1,df_120,,1,,,46700,,5,,,,,,,,,,,,,,,,,"21,33","NEW rental,docomo FS050W 無制限"
1674,16068,377,3039,Insurance [NONE] / Additional Battery [NONE],104-105Days (Value Rental Pack:4Months Pack),,,docomo FS050W Unlimited Data,1,,,,,,,,*,,*,,,,,,,,,,,,,,,,,,,,,,,,0,1,df_120,,1,,,46700,,5,,,,,,,,,,,,,,,,,"21,33","NEW rental,docomo FS050W 無制限"
1674,16072,377,3040,Insurance [NONE] / Additional Battery [NONE],105-106Days (Value Rental Pack:4Months Pack),,,docomo FS050W Unlimited Data,1,,,,,,,,*,,*,,,,,,,,,,,,,,,,,,,,,,,,0,1,df_120,,1,,,46700,,5,,,,,,,,,,,,,,,,,"21,33","NEW rental,docomo FS050W 無制限"
1674,16076,377,3041,Insurance [NONE] / Additional Battery [NONE],106-107Days (Value Rental Pack:4Months Pack),,,docomo FS050W Unlimited Data,1,,,,,,,,*,,*,,,,,,,,,,,,,,,,,,,,,,,,0,1,df_120,,1,,,46700,,5,,,,,,,,,,,,,,,,,"21,33","NEW rental,docomo FS050W 無制限"
1674,16080,377,3042,Insurance [NONE] / Additional Battery [NONE],107-108Days (Value Rental Pack:4Months Pack),,,docomo FS050W Unlimited Data,1,,,,,,,,*,,*,,,,,,,,,,,,,,,,,,,,,,,,0,1,df_120,,1,,,46700,,5,,,,,,,,,,,,,,,,,"21,33","NEW rental,docomo FS050W 無制限"
1674,16084,377,3043,Insurance [NONE] / Additional Battery [NONE],108-109Days (Value Rental Pack:4Months Pack),,,docomo FS050W Unlimited Data,1,,,,,,,,*,,*,,,,,,,,,,,,,,,,,,,,,,,,0,1,df_120,,1,,,46700,,5,,,,,,,,,,,,,,,,,"21,33","NEW rental,docomo FS050W 無制限"
1674,16088,377,3044,Insurance [NONE] / Additional Battery [NONE],109-110Days (Value Rental Pack:4Months Pack),,,docomo FS050W Unlimited Data,1,,,,,,,,*,,*,,,,,,,,,,,,,,,,,,,,,,,,0,1,df_120,,1,,,46700,,5,,,,,,,,,,,,,,,,,"21,33","NEW rental,docomo FS050W 無制限"
1674,16092,377,3045,Insurance [NONE] / Additional Battery [NONE],110-111Days (Value Rental Pack:4Months Pack),,,docomo FS050W Unlimited Data,1,,,,,,,,*,,*,,,,,,,,,,,,,,,,,,,,,,,,0,1,df_120,,1,,,46700,,5,,,,,,,,,,,,,,,,,"21,33","NEW rental,docomo FS050W 無制限"
1674,16096,377,3046,Insurance [NONE] / Additional Battery [NONE],111-112Days (Value Rental Pack:4Months Pack),,,docomo FS050W Unlimited Data,1,,,,,,,,*,,*,,,,,,,,,,,,,,,,,,,,,,,,0,1,df_120,,1,,,46700,,5,,,,,,,,,,,,,,,,,"21,33","NEW rental,docomo FS050W 無制限"
1674,16100,377,3047,Insurance [NONE] / Additional Battery [NONE],112-113Days (Value Rental Pack:4Months Pack),,,docomo FS050W Unlimited Data,1,,,,,,,,*,,*,,,,,,,,,,,,,,,,,,,,,,,,0,1,df_120,,1,,,46700,,5,,,,,,,,,,,,,,,,,"21,33","NEW rental,docomo FS050W 無制限"
1674,16104,377,3048,Insurance [NONE] / Additional Battery [NONE],113-114Days (Value Rental Pack:4Months Pack),,,docomo FS050W Unlimited Data,1,,,,,,,,*,,*,,,,,,,,,,,,,,,,,,,,,,,,0,1,df_120,,1,,,46700,,5,,,,,,,,,,,,,,,,,"21,33","NEW rental,docomo FS050W 無制限"
1674,16108,377,3049,Insurance [NONE] / Additional Battery [NONE],114-115Days (Value Rental Pack:4Months Pack),,,docomo FS050W Unlimited Data,1,,,,,,,,*,,*,,,,,,,,,,,,,,,,,,,,,,,,0,1,df_120,,1,,,46700,,5,,,,,,,,,,,,,,,,,"21,33","NEW rental,docomo FS050W 無制限"
1674,16112,377,3050,Insurance [NONE] / Additional Battery [NONE],115-116Days (Value Rental Pack:4Months Pack),,,docomo FS050W Unlimited Data,1,,,,,,,,*,,*,,,,,,,,,,,,,,,,,,,,,,,,0,1,df_120,,1,,,46700,,5,,,,,,,,,,,,,,,,,"21,33","NEW rental,docomo FS050W 無制限"
1674,16116,377,3051,Insurance [NONE] / Additional Battery [NONE],116-117Days (Value Rental Pack:4Months Pack),,,docomo FS050W Unlimited Data,1,,,,,,,,*,,*,,,,,,,,,,,,,,,,,,,,,,,,0,1,df_120,,1,,,46700,,5,,,,,,,,,,,,,,,,,"21,33","NEW rental,docomo FS050W 無制限"
1674,16120,377,3052,Insurance [NONE] / Additional Battery [NONE],117-118Days (Value Rental Pack:4Months Pack),,,docomo FS050W Unlimited Data,1,,,,,,,,*,,*,,,,,,,,,,,,,,,,,,,,,,,,0,1,df_120,,1,,,46700,,5,,,,,,,,,,,,,,,,,"21,33","NEW rental,docomo FS050W 無制限"
1674,16124,377,3053,Insurance [NONE] / Additional Battery [NONE],118-119Days (Value Rental Pack:4Months Pack),,,docomo FS050W Unlimited Data,1,,,,,,,,*,,*,,,,,,,,,,,,,,,,,,,,,,,,0,1,df_120,,1,,,46700,,5,,,,,,,,,,,,,,,,,"21,33","NEW rental,docomo FS050W 無制限"
1674,16128,377,3054,Insurance [NONE] / Additional Battery [NONE],119-120Days (Value Rental Pack:4Months Pack),,,docomo FS050W Unlimited Data,1,,,,,,,,*,,*,,,,,,,,,,,,,,,,,,,,,,,,0,1,df_120,,1,,,46700,,5,,,,,,,,,,,,,,,,,"21,33","NEW rental,docomo FS050W 無制限"
1674,16132,377,3055,Insurance [NONE] / Additional Battery [NONE],120-121Days (Value Rental Pack:4Months Pack),,,docomo FS050W Unlimited Data,1,,,,,,,,*,,*,,,,,,,,,,,,,,,,,,,,,,,,0,1,df_120,,1,,,46700,,5,,,,,,,,,,,,,,,,,"21,33","NEW rental,docomo FS050W 無制限"
1674,16136,377,3056,Insurance [NONE] / Additional Battery [NONE],121-122Days (Value Rental Pack:4Months Pack＋1Day),,,docomo FS050W Unlimited Data,1,,,,,,,,*,,*,,,,,,,,,,,,,,,,,,,,,,,,0,1,df_121,,1,,,47690,,5,,,,,,,,,,,,,,,,,"21,33","NEW rental,docomo FS050W 無制限"
1674,16140,377,3057,Insurance [NONE] / Additional Battery [NONE],122-123Days (Value Rental Pack:4Months Pack＋2Days),,,docomo FS050W Unlimited Data,1,,,,,,,,*,,*,,,,,,,,,,,,,,,,,,,,,,,,0,1,df_122,,1,,,48680,,5,,,,,,,,,,,,,,,,,"21,33","NEW rental,docomo FS050W 無制限"
1674,16144,377,3058,Insurance [NONE] / Additional Battery [NONE],123-124Days (Value Rental Pack:4Months Pack＋3Days),,,docomo FS050W Unlimited Data,1,,,,,,,,*,,*,,,,,,,,,,,,,,,,,,,,,,,,0,1,df_123,,1,,,49670,,5,,,,,,,,,,,,,,,,,"21,33","NEW rental,docomo FS050W 無制限"
1674,16148,377,3059,Insurance [NONE] / Additional Battery [NONE],124-125Days (Value Rental Pack:4Months Pack＋4Days),,,docomo FS050W Unlimited Data,1,,,,,,,,*,,*,,,,,,,,,,,,,,,,,,,,,,,,0,1,df_124,,1,,,50660,,5,,,,,,,,,,,,,,,,,"21,33","NEW rental,docomo FS050W 無制限"
1674,16152,377,3060,Insurance [NONE] / Additional Battery [NONE],125-126Days (Value Rental Pack:4Months Pack＋5Days),,,docomo FS050W Unlimited Data,1,,,,,,,,*,,*,,,,,,,,,,,,,,,,,,,,,,,,0,1,df_125,,1,,,51650,,5,,,,,,,,,,,,,,,,,"21,33","NEW rental,docomo FS050W 無制限"
1674,16156,377,3061,Insurance [NONE] / Additional Battery [NONE],126-127Days (Value Rental Pack:4Months Pack＋6Days),,,docomo FS050W Unlimited Data,1,,,,,,,,*,,*,,,,,,,,,,,,,,,,,,,,,,,,0,1,df_126,,1,,,52640,,5,,,,,,,,,,,,,,,,,"21,33","NEW rental,docomo FS050W 無制限"
1674,16160,377,3062,Insurance [NONE] / Additional Battery [NONE],127-128Days (Value Rental Pack:4Months Pack＋7Days),,,docomo FS050W Unlimited Data,1,,,,,,,,*,,*,,,,,,,,,,,,,,,,,,,,,,,,0,1,df_127,,1,,,53630,,5,,,,,,,,,,,,,,,,,"21,33","NEW rental,docomo FS050W 無制限"
1674,16164,377,3063,Insurance [NONE] / Additional Battery [NONE],128-129Days (Value Rental Pack:4Months Pack＋8Days),,,docomo FS050W Unlimited Data,1,,,,,,,,*,,*,,,,,,,,,,,,,,,,,,,,,,,,0,1,df_128,,1,,,54620,,5,,,,,,,,,,,,,,,,,"21,33","NEW rental,docomo FS050W 無制限"
1674,16168,377,3064,Insurance [NONE] / Additional Battery [NONE],129-130Days (Value Rental Pack:4Months Pack＋9Days),,,docomo FS050W Unlimited Data,1,,,,,,,,*,,*,,,,,,,,,,,,,,,,,,,,,,,,0,1,df_129,,1,,,55610,,5,,,,,,,,,,,,,,,,,"21,33","NEW rental,docomo FS050W 無制限"
1674,16172,377,3065,Insurance [NONE] / Additional Battery [NONE],130-131Days (Value Rental Pack:5Months Pack),,,docomo FS050W Unlimited Data,1,,,,,,,,*,,*,,,,,,,,,,,,,,,,,,,,,,,,0,1,df_150,,1,,,56100,,5,,,,,,,,,,,,,,,,,"21,33","NEW rental,docomo FS050W 無制限"
1674,16176,377,3066,Insurance [NONE] / Additional Battery [NONE],131-132Days (Value Rental Pack:5Months Pack),,,docomo FS050W Unlimited Data,1,,,,,,,,*,,*,,,,,,,,,,,,,,,,,,,,,,,,0,1,df_150,,1,,,56100,,5,,,,,,,,,,,,,,,,,"21,33","NEW rental,docomo FS050W 無制限"
1674,16180,377,3067,Insurance [NONE] / Additional Battery [NONE],132-133Days (Value Rental Pack:5Months Pack),,,docomo FS050W Unlimited Data,1,,,,,,,,*,,*,,,,,,,,,,,,,,,,,,,,,,,,0,1,df_150,,1,,,56100,,5,,,,,,,,,,,,,,,,,"21,33","NEW rental,docomo FS050W 無制限"
1674,16184,377,3068,Insurance [NONE] / Additional Battery [NONE],133-134Days (Value Rental Pack:5Months Pack),,,docomo FS050W Unlimited Data,1,,,,,,,,*,,*,,,,,,,,,,,,,,,,,,,,,,,,0,1,df_150,,1,,,56100,,5,,,,,,,,,,,,,,,,,"21,33","NEW rental,docomo FS050W 無制限"
1674,16188,377,3069,Insurance [NONE] / Additional Battery [NONE],134-135Days (Value Rental Pack:5Months Pack),,,docomo FS050W Unlimited Data,1,,,,,,,,*,,*,,,,,,,,,,,,,,,,,,,,,,,,0,1,df_150,,1,,,56100,,5,,,,,,,,,,,,,,,,,"21,33","NEW rental,docomo FS050W 無制限"
1674,16192,377,3070,Insurance [NONE] / Additional Battery [NONE],135-136Days (Value Rental Pack:5Months Pack),,,docomo FS050W Unlimited Data,1,,,,,,,,*,,*,,,,,,,,,,,,,,,,,,,,,,,,0,1,df_150,,1,,,56100,,5,,,,,,,,,,,,,,,,,"21,33","NEW rental,docomo FS050W 無制限"
1674,16196,377,3071,Insurance [NONE] / Additional Battery [NONE],136-137Days (Value Rental Pack:5Months Pack),,,docomo FS050W Unlimited Data,1,,,,,,,,*,,*,,,,,,,,,,,,,,,,,,,,,,,,0,1,df_150,,1,,,56100,,5,,,,,,,,,,,,,,,,,"21,33","NEW rental,docomo FS050W 無制限"
1674,16200,377,3072,Insurance [NONE] / Additional Battery [NONE],137-138Days (Value Rental Pack:5Months Pack),,,docomo FS050W Unlimited Data,1,,,,,,,,*,,*,,,,,,,,,,,,,,,,,,,,,,,,0,1,df_150,,1,,,56100,,5,,,,,,,,,,,,,,,,,"21,33","NEW rental,docomo FS050W 無制限"
1674,16204,377,3073,Insurance [NONE] / Additional Battery [NONE],138-139Days (Value Rental Pack:5Months Pack),,,docomo FS050W Unlimited Data,1,,,,,,,,*,,*,,,,,,,,,,,,,,,,,,,,,,,,0,1,df_150,,1,,,56100,,5,,,,,,,,,,,,,,,,,"21,33","NEW rental,docomo FS050W 無制限"
1674,16208,377,3074,Insurance [NONE] / Additional Battery [NONE],139-140Days (Value Rental Pack:5Months Pack),,,docomo FS050W Unlimited Data,1,,,,,,,,*,,*,,,,,,,,,,,,,,,,,,,,,,,,0,1,df_150,,1,,,56100,,5,,,,,,,,,,,,,,,,,"21,33","NEW rental,docomo FS050W 無制限"
1674,16212,377,3075,Insurance [NONE] / Additional Battery [NONE],140-141Days (Value Rental Pack:5Months Pack),,,docomo FS050W Unlimited Data,1,,,,,,,,*,,*,,,,,,,,,,,,,,,,,,,,,,,,0,1,df_150,,1,,,56100,,5,,,,,,,,,,,,,,,,,"21,33","NEW rental,docomo FS050W 無制限"
1674,16216,377,3076,Insurance [NONE] / Additional Battery [NONE],141-142Days (Value Rental Pack:5Months Pack),,,docomo FS050W Unlimited Data,1,,,,,,,,*,,*,,,,,,,,,,,,,,,,,,,,,,,,0,1,df_150,,1,,,56100,,5,,,,,,,,,,,,,,,,,"21,33","NEW rental,docomo FS050W 無制限"
1674,16220,377,3077,Insurance [NONE] / Additional Battery [NONE],142-143Days (Value Rental Pack:5Months Pack),,,docomo FS050W Unlimited Data,1,,,,,,,,*,,*,,,,,,,,,,,,,,,,,,,,,,,,0,1,df_150,,1,,,56100,,5,,,,,,,,,,,,,,,,,"21,33","NEW rental,docomo FS050W 無制限"
1674,16224,377,3078,Insurance [NONE] / Additional Battery [NONE],143-144Days (Value Rental Pack:5Months Pack),,,docomo FS050W Unlimited Data,1,,,,,,,,*,,*,,,,,,,,,,,,,,,,,,,,,,,,0,1,df_150,,1,,,56100,,5,,,,,,,,,,,,,,,,,"21,33","NEW rental,docomo FS050W 無制限"
1674,16228,377,3079,Insurance [NONE] / Additional Battery [NONE],144-145Days (Value Rental Pack:5Months Pack),,,docomo FS050W Unlimited Data,1,,,,,,,,*,,*,,,,,,,,,,,,,,,,,,,,,,,,0,1,df_150,,1,,,56100,,5,,,,,,,,,,,,,,,,,"21,33","NEW rental,docomo FS050W 無制限"
1674,16232,377,3080,Insurance [NONE] / Additional Battery [NONE],145-146Days (Value Rental Pack:5Months Pack),,,docomo FS050W Unlimited Data,1,,,,,,,,*,,*,,,,,,,,,,,,,,,,,,,,,,,,0,1,df_150,,1,,,56100,,5,,,,,,,,,,,,,,,,,"21,33","NEW rental,docomo FS050W 無制限"
1674,16236,377,3081,Insurance [NONE] / Additional Battery [NONE],146-147Days (Value Rental Pack:5Months Pack),,,docomo FS050W Unlimited Data,1,,,,,,,,*,,*,,,,,,,,,,,,,,,,,,,,,,,,0,1,df_150,,1,,,56100,,5,,,,,,,,,,,,,,,,,"21,33","NEW rental,docomo FS050W 無制限"
1674,16240,377,3082,Insurance [NONE] / Additional Battery [NONE],147-148Days (Value Rental Pack:5Months Pack),,,docomo FS050W Unlimited Data,1,,,,,,,,*,,*,,,,,,,,,,,,,,,,,,,,,,,,0,1,df_150,,1,,,56100,,5,,,,,,,,,,,,,,,,,"21,33","NEW rental,docomo FS050W 無制限"
1674,16244,377,3083,Insurance [NONE] / Additional Battery [NONE],148-149Days (Value Rental Pack:5Months Pack),,,docomo FS050W Unlimited Data,1,,,,,,,,*,,*,,,,,,,,,,,,,,,,,,,,,,,,0,1,df_150,,1,,,56100,,5,,,,,,,,,,,,,,,,,"21,33","NEW rental,docomo FS050W 無制限"
1674,16248,377,3084,Insurance [NONE] / Additional Battery [NONE],149-150Days (Value Rental Pack:5Months Pack),,,docomo FS050W Unlimited Data,1,,,,,,,,*,,*,,,,,,,,,,,,,,,,,,,,,,,,0,1,df_150,,1,,,56100,,5,,,,,,,,,,,,,,,,,"21,33","NEW rental,docomo FS050W 無制限"
1674,16252,377,3085,Insurance [NONE] / Additional Battery [NONE],150-151Days (Value Rental Pack:5Months Pack),,,docomo FS050W Unlimited Data,1,,,,,,,,*,,*,,,,,,,,,,,,,,,,,,,,,,,,0,1,df_150,,1,,,56100,,5,,,,,,,,,,,,,,,,,"21,33","NEW rental,docomo FS050W 無制限"
1674,16256,377,3086,Insurance [NONE] / Additional Battery [NONE],151-152Days (Value Rental Pack:5Months Pack＋1Day),,,docomo FS050W Unlimited Data,1,,,,,,,,*,,*,,,,,,,,,,,,,,,,,,,,,,,,0,1,df_151,,1,,,57090,,5,,,,,,,,,,,,,,,,,"21,33","NEW rental,docomo FS050W 無制限"
1674,16260,377,3087,Insurance [NONE] / Additional Battery [NONE],152-153Days (Value Rental Pack:5Months Pack＋2Days),,,docomo FS050W Unlimited Data,1,,,,,,,,*,,*,,,,,,,,,,,,,,,,,,,,,,,,0,1,df_152,,1,,,58080,,5,,,,,,,,,,,,,,,,,"21,33","NEW rental,docomo FS050W 無制限"
1674,16264,377,3088,Insurance [NONE] / Additional Battery [NONE],153-154Days (Value Rental Pack:5Months Pack＋3Days),,,docomo FS050W Unlimited Data,1,,,,,,,,*,,*,,,,,,,,,,,,,,,,,,,,,,,,0,1,df_153,,1,,,59070,,5,,,,,,,,,,,,,,,,,"21,33","NEW rental,docomo FS050W 無制限"
1674,16268,377,3089,Insurance [NONE] / Additional Battery [NONE],154-155Days (Value Rental Pack:5Months Pack＋4Days),,,docomo FS050W Unlimited Data,1,,,,,,,,*,,*,,,,,,,,,,,,,,,,,,,,,,,,0,1,df_154,,1,,,60060,,5,,,,,,,,,,,,,,,,,"21,33","NEW rental,docomo FS050W 無制限"
1674,16272,377,3090,Insurance [NONE] / Additional Battery [NONE],155-156Days (Value Rental Pack:5Months Pack＋5Days),,,docomo FS050W Unlimited Data,1,,,,,,,,*,,*,,,,,,,,,,,,,,,,,,,,,,,,0,1,df_155,,1,,,61050,,5,,,,,,,,,,,,,,,,,"21,33","NEW rental,docomo FS050W 無制限"
1674,16276,377,3091,Insurance [NONE] / Additional Battery [NONE],156-157Days (Value Rental Pack:5Months Pack＋6Days),,,docomo FS050W Unlimited Data,1,,,,,,,,*,,*,,,,,,,,,,,,,,,,,,,,,,,,0,1,df_156,,1,,,62040,,5,,,,,,,,,,,,,,,,,"21,33","NEW rental,docomo FS050W 無制限"
1674,16280,377,3092,Insurance [NONE] / Additional Battery [NONE],157-158Days (Value Rental Pack:5Months Pack＋7Days),,,docomo FS050W Unlimited Data,1,,,,,,,,*,,*,,,,,,,,,,,,,,,,,,,,,,,,0,1,df_157,,1,,,63030,,5,,,,,,,,,,,,,,,,,"21,33","NEW rental,docomo FS050W 無制限"
1674,16284,377,3093,Insurance [NONE] / Additional Battery [NONE],158-159Days (Value Rental Pack:5Months Pack＋8Days),,,docomo FS050W Unlimited Data,1,,,,,,,,*,,*,,,,,,,,,,,,,,,,,,,,,,,,0,1,df_158,,1,,,64020,,5,,,,,,,,,,,,,,,,,"21,33","NEW rental,docomo FS050W 無制限"
1674,16288,377,3094,Insurance [NONE] / Additional Battery [NONE],159-160Days (Value Rental Pack:6Months Pack),,,docomo FS050W Unlimited Data,1,,,,,,,,*,,*,,,,,,,,,,,,,,,,,,,,,,,,0,1,df_180,,1,,,64400,,5,,,,,,,,,,,,,,,,,"21,33","NEW rental,docomo FS050W 無制限"
1674,16292,377,3095,Insurance [NONE] / Additional Battery [NONE],160-161Days (Value Rental Pack:6Months Pack),,,docomo FS050W Unlimited Data,1,,,,,,,,*,,*,,,,,,,,,,,,,,,,,,,,,,,,0,1,df_180,,1,,,64400,,5,,,,,,,,,,,,,,,,,"21,33","NEW rental,docomo FS050W 無制限"
1674,16296,377,3096,Insurance [NONE] / Additional Battery [NONE],161-162Days (Value Rental Pack:6Months Pack),,,docomo FS050W Unlimited Data,1,,,,,,,,*,,*,,,,,,,,,,,,,,,,,,,,,,,,0,1,df_180,,1,,,64400,,5,,,,,,,,,,,,,,,,,"21,33","NEW rental,docomo FS050W 無制限"
1674,16300,377,3097,Insurance [NONE] / Additional Battery [NONE],162-163Days (Value Rental Pack:6Months Pack),,,docomo FS050W Unlimited Data,1,,,,,,,,*,,*,,,,,,,,,,,,,,,,,,,,,,,,0,1,df_180,,1,,,64400,,5,,,,,,,,,,,,,,,,,"21,33","NEW rental,docomo FS050W 無制限"
1674,16304,377,3098,Insurance [NONE] / Additional Battery [NONE],163-164Days (Value Rental Pack:6Months Pack),,,docomo FS050W Unlimited Data,1,,,,,,,,*,,*,,,,,,,,,,,,,,,,,,,,,,,,0,1,df_180,,1,,,64400,,5,,,,,,,,,,,,,,,,,"21,33","NEW rental,docomo FS050W 無制限"
1674,16308,377,3099,Insurance [NONE] / Additional Battery [NONE],164-165Days (Value Rental Pack:6Months Pack),,,docomo FS050W Unlimited Data,1,,,,,,,,*,,*,,,,,,,,,,,,,,,,,,,,,,,,0,1,df_180,,1,,,64400,,5,,,,,,,,,,,,,,,,,"21,33","NEW rental,docomo FS050W 無制限"
1674,16312,377,3100,Insurance [NONE] / Additional Battery [NONE],165-166Days (Value Rental Pack:6Months Pack),,,docomo FS050W Unlimited Data,1,,,,,,,,*,,*,,,,,,,,,,,,,,,,,,,,,,,,0,1,df_180,,1,,,64400,,5,,,,,,,,,,,,,,,,,"21,33","NEW rental,docomo FS050W 無制限"
1674,16316,377,3101,Insurance [NONE] / Additional Battery [NONE],166-167Days (Value Rental Pack:6Months Pack),,,docomo FS050W Unlimited Data,1,,,,,,,,*,,*,,,,,,,,,,,,,,,,,,,,,,,,0,1,df_180,,1,,,64400,,5,,,,,,,,,,,,,,,,,"21,33","NEW rental,docomo FS050W 無制限"
1674,16320,377,3102,Insurance [NONE] / Additional Battery [NONE],167-168Days (Value Rental Pack:6Months Pack),,,docomo FS050W Unlimited Data,1,,,,,,,,*,,*,,,,,,,,,,,,,,,,,,,,,,,,0,1,df_180,,1,,,64400,,5,,,,,,,,,,,,,,,,,"21,33","NEW rental,docomo FS050W 無制限"
1674,16324,377,3103,Insurance [NONE] / Additional Battery [NONE],168-169Days (Value Rental Pack:6Months Pack),,,docomo FS050W Unlimited Data,1,,,,,,,,*,,*,,,,,,,,,,,,,,,,,,,,,,,,0,1,df_180,,1,,,64400,,5,,,,,,,,,,,,,,,,,"21,33","NEW rental,docomo FS050W 無制限"
1674,16328,377,3104,Insurance [NONE] / Additional Battery [NONE],169-170Days (Value Rental Pack:6Months Pack),,,docomo FS050W Unlimited Data,1,,,,,,,,*,,*,,,,,,,,,,,,,,,,,,,,,,,,0,1,df_180,,1,,,64400,,5,,,,,,,,,,,,,,,,,"21,33","NEW rental,docomo FS050W 無制限"
1674,16332,377,3105,Insurance [NONE] / Additional Battery [NONE],170-171Days (Value Rental Pack:6Months Pack),,,docomo FS050W Unlimited Data,1,,,,,,,,*,,*,,,,,,,,,,,,,,,,,,,,,,,,0,1,df_180,,1,,,64400,,5,,,,,,,,,,,,,,,,,"21,33","NEW rental,docomo FS050W 無制限"
1674,16336,377,3106,Insurance [NONE] / Additional Battery [NONE],171-172Days (Value Rental Pack:6Months Pack),,,docomo FS050W Unlimited Data,1,,,,,,,,*,,*,,,,,,,,,,,,,,,,,,,,,,,,0,1,df_180,,1,,,64400,,5,,,,,,,,,,,,,,,,,"21,33","NEW rental,docomo FS050W 無制限"
1674,16340,377,3107,Insurance [NONE] / Additional Battery [NONE],172-173Days (Value Rental Pack:6Months Pack),,,docomo FS050W Unlimited Data,1,,,,,,,,*,,*,,,,,,,,,,,,,,,,,,,,,,,,0,1,df_180,,1,,,64400,,5,,,,,,,,,,,,,,,,,"21,33","NEW rental,docomo FS050W 無制限"
1674,16344,377,3108,Insurance [NONE] / Additional Battery [NONE],173-174Days (Value Rental Pack:6Months Pack),,,docomo FS050W Unlimited Data,1,,,,,,,,*,,*,,,,,,,,,,,,,,,,,,,,,,,,0,1,df_180,,1,,,64400,,5,,,,,,,,,,,,,,,,,"21,33","NEW rental,docomo FS050W 無制限"
1674,16348,377,3109,Insurance [NONE] / Additional Battery [NONE],174-175Days (Value Rental Pack:6Months Pack),,,docomo FS050W Unlimited Data,1,,,,,,,,*,,*,,,,,,,,,,,,,,,,,,,,,,,,0,1,df_180,,1,,,64400,,5,,,,,,,,,,,,,,,,,"21,33","NEW rental,docomo FS050W 無制限"
1674,16352,377,3110,Insurance [NONE] / Additional Battery [NONE],175-176Days (Value Rental Pack:6Months Pack),,,docomo FS050W Unlimited Data,1,,,,,,,,*,,*,,,,,,,,,,,,,,,,,,,,,,,,0,1,df_180,,1,,,64400,,5,,,,,,,,,,,,,,,,,"21,33","NEW rental,docomo FS050W 無制限"
1674,16356,377,3111,Insurance [NONE] / Additional Battery [NONE],176-177Days (Value Rental Pack:6Months Pack),,,docomo FS050W Unlimited Data,1,,,,,,,,*,,*,,,,,,,,,,,,,,,,,,,,,,,,0,1,df_180,,1,,,64400,,5,,,,,,,,,,,,,,,,,"21,33","NEW rental,docomo FS050W 無制限"
1674,16360,377,3112,Insurance [NONE] / Additional Battery [NONE],177-178Days (Value Rental Pack:6Months Pack),,,docomo FS050W Unlimited Data,1,,,,,,,,*,,*,,,,,,,,,,,,,,,,,,,,,,,,0,1,df_180,,1,,,64400,,5,,,,,,,,,,,,,,,,,"21,33","NEW rental,docomo FS050W 無制限"
1674,16364,377,3113,Insurance [NONE] / Additional Battery [NONE],178-179Days (Value Rental Pack:6Months Pack),,,docomo FS050W Unlimited Data,1,,,,,,,,*,,*,,,,,,,,,,,,,,,,,,,,,,,,0,1,df_180,,1,,,64400,,5,,,,,,,,,,,,,,,,,"21,33","NEW rental,docomo FS050W 無制限"
1674,16368,377,3114,Insurance [NONE] / Additional Battery [NONE],179-180Days (Value Rental Pack:6Months Pack),,,docomo FS050W Unlimited Data,1,,,,,,,,*,,*,,,,,,,,,,,,,,,,,,,,,,,,0,1,df_180,,1,,,64400,,5,,,,,,,,,,,,,,,,,"21,33","NEW rental,docomo FS050W 無制限"
1674,16372,377,3115,Insurance [NONE] / Additional Battery [NONE],180-181Days (Value Rental Pack:6Months Pack),,,docomo FS050W Unlimited Data,1,,,,,,,,*,,*,,,,,,,,,,,,,,,,,,,,,,,,0,1,df_180,,1,,,64400,,5,,,,,,,,,,,,,,,,,"21,33","NEW rental,docomo FS050W 無制限"
1674,16376,377,3116,Insurance [NONE] / Additional Battery [NONE],181-182Days (Value Rental Pack:6Months Pack＋1Day),,,docomo FS050W Unlimited Data,1,,,,,,,,*,,*,,,,,,,,,,,,,,,,,,,,,,,,0,1,df_181,,1,,,65390,,5,,,,,,,,,,,,,,,,,"21,33","NEW rental,docomo FS050W 無制限"
1674,16380,377,3117,Insurance [NONE] / Additional Battery [NONE],182-183Days (Value Rental Pack:6Months Pack＋2Days),,,docomo FS050W Unlimited Data,1,,,,,,,,*,,*,,,,,,,,,,,,,,,,,,,,,,,,0,1,df_182,,1,,,66380,,5,,,,,,,,,,,,,,,,,"21,33","NEW rental,docomo FS050W 無制限"
1674,16384,377,3118,Insurance [NONE] / Additional Battery [NONE],183-184Days (Value Rental Pack:6Months Pack＋3Days),,,docomo FS050W Unlimited Data,1,,,,,,,,*,,*,,,,,,,,,,,,,,,,,,,,,,,,0,1,df_183,,1,,,67370,,5,,,,,,,,,,,,,,,,,"21,33","NEW rental,docomo FS050W 無制限"
1674,16388,377,3119,Insurance [NONE] / Additional Battery [NONE],184-185Days (Value Rental Pack:6Months Pack＋4Days),,,docomo FS050W Unlimited Data,1,,,,,,,,*,,*,,,,,,,,,,,,,,,,,,,,,,,,0,1,df_184,,1,,,68360,,5,,,,,,,,,,,,,,,,,"21,33","NEW rental,docomo FS050W 無制限"
1674,16392,377,3120,Insurance [NONE] / Additional Battery [NONE],185-186Days (Value Rental Pack:6Months Pack＋5Days),,,docomo FS050W Unlimited Data,1,,,,,,,,*,,*,,,,,,,,,,,,,,,,,,,,,,,,0,1,df_185,,1,,,69350,,5,,,,,,,,,,,,,,,,,"21,33","NEW rental,docomo FS050W 無制限"
1674,16396,377,3121,Insurance [NONE] / Additional Battery [NONE],186-187Days (Value Rental Pack:6Months Pack＋6Days),,,docomo FS050W Unlimited Data,1,,,,,,,,*,,*,,,,,,,,,,,,,,,,,,,,,,,,0,1,df_186,,1,,,70340,,5,,,,,,,,,,,,,,,,,"21,33","NEW rental,docomo FS050W 無制限"
1674,16400,377,3122,Insurance [NONE] / Additional Battery [NONE],187-188Days (Value Rental Pack:6Months Pack＋7Days),,,docomo FS050W Unlimited Data,1,,,,,,,,*,,*,,,,,,,,,,,,,,,,,,,,,,,,0,1,df_187,,1,,,71330,,5,,,,,,,,,,,,,,,,,"21,33","NEW rental,docomo FS050W 無制限"
1674,16404,377,3123,Insurance [NONE] / Additional Battery [NONE],188-189Days (Value Rental Pack:6Months Pack＋8Days),,,docomo FS050W Unlimited Data,1,,,,,,,,*,,*,,,,,,,,,,,,,,,,,,,,,,,,0,1,df_188,,1,,,72320,,5,,,,,,,,,,,,,,,,,"21,33","NEW rental,docomo FS050W 無制限"
1674,16408,377,3124,Insurance [NONE] / Additional Battery [NONE],189-190Days (Value Rental Pack:6Months Pack＋9Days),,,docomo FS050W Unlimited Data,1,,,,,,,,*,,*,,,,,,,,,,,,,,,,,,,,,,,,0,1,df_189,,1,,,73310,,5,,,,,,,,,,,,,,,,,"21,33","NEW rental,docomo FS050W 無制限"
1674,16412,377,3125,Insurance [NONE] / Additional Battery [NONE],190-191Days (Value Rental Pack:6Months Pack＋10Days),,,docomo FS050W Unlimited Data,1,,,,,,,,*,,*,,,,,,,,,,,,,,,,,,,,,,,,0,1,df_190,,1,,,74300,,5,,,,,,,,,,,,,,,,,"21,33","NEW rental,docomo FS050W 無制限"
1674,16416,377,3126,Insurance [NONE] / Additional Battery [NONE],191-192Days (Value Rental Pack:6Months Pack＋11Days),,,docomo FS050W Unlimited Data,1,,,,,,,,*,,*,,,,,,,,,,,,,,,,,,,,,,,,0,1,df_191,,1,,,75290,,5,,,,,,,,,,,,,,,,,"21,33","NEW rental,docomo FS050W 無制限"
1674,16420,377,3127,Insurance [NONE] / Additional Battery [NONE],192-193Days (Value Rental Pack:6Months Pack＋12Days),,,docomo FS050W Unlimited Data,1,,,,,,,,*,,*,,,,,,,,,,,,,,,,,,,,,,,,0,1,df_192,,1,,,76280,,5,,,,,,,,,,,,,,,,,"21,33","NEW rental,docomo FS050W 無制限"
1674,16424,377,3128,Insurance [NONE] / Additional Battery [NONE],193-194Days (Value Rental Pack:6Months Pack＋13Days),,,docomo FS050W Unlimited Data,1,,,,,,,,*,,*,,,,,,,,,,,,,,,,,,,,,,,,0,1,df_193,,1,,,77270,,5,,,,,,,,,,,,,,,,,"21,33","NEW rental,docomo FS050W 無制限"
1674,16428,377,3129,Insurance [NONE] / Additional Battery [NONE],194-195Days (Value Rental Pack:6Months Pack＋14Days),,,docomo FS050W Unlimited Data,1,,,,,,,,*,,*,,,,,,,,,,,,,,,,,,,,,,,,0,1,df_194,,1,,,78260,,5,,,,,,,,,,,,,,,,,"21,33","NEW rental,docomo FS050W 無制限"
1674,16432,377,3130,Insurance [NONE] / Additional Battery [NONE],195-196Days (Value Rental Pack:6Months Pack＋1Month Pack),,,docomo FS050W Unlimited Data,1,,,,,,,,*,,*,,,,,,,,,,,,,,,,,,,,,,,,0,1,df_211,,1,,,79250,,5,,,,,,,,,,,,,,,,,"21,33","NEW rental,docomo FS050W 無制限"
1674,16436,377,3131,Insurance [NONE] / Additional Battery [NONE],196-197Days (Value Rental Pack:6Months Pack＋1Month Pack),,,docomo FS050W Unlimited Data,1,,,,,,,,*,,*,,,,,,,,,,,,,,,,,,,,,,,,0,1,df_211,,1,,,79250,,5,,,,,,,,,,,,,,,,,"21,33","NEW rental,docomo FS050W 無制限"
1674,16440,377,3132,Insurance [NONE] / Additional Battery [NONE],197-198Days (Value Rental Pack:6Months Pack＋1Month Pack),,,docomo FS050W Unlimited Data,1,,,,,,,,*,,*,,,,,,,,,,,,,,,,,,,,,,,,0,1,df_211,,1,,,79250,,5,,,,,,,,,,,,,,,,,"21,33","NEW rental,docomo FS050W 無制限"
1674,16444,377,3133,Insurance [NONE] / Additional Battery [NONE],198-199Days (Value Rental Pack:6Months Pack＋1Month Pack),,,docomo FS050W Unlimited Data,1,,,,,,,,*,,*,,,,,,,,,,,,,,,,,,,,,,,,0,1,df_211,,1,,,79250,,5,,,,,,,,,,,,,,,,,"21,33","NEW rental,docomo FS050W 無制限"
1674,16448,377,3134,Insurance [NONE] / Additional Battery [NONE],199-200Days (Value Rental Pack:6Months Pack＋1Month Pack),,,docomo FS050W Unlimited Data,1,,,,,,,,*,,*,,,,,,,,,,,,,,,,,,,,,,,,0,1,df_211,,1,,,79250,,5,,,,,,,,,,,,,,,,,"21,33","NEW rental,docomo FS050W 無制限"
1674,16452,377,3135,Insurance [NONE] / Additional Battery [NONE],200-201Days (Value Rental Pack:6Months Pack＋1Month Pack),,,docomo FS050W Unlimited Data,1,,,,,,,,*,,*,,,,,,,,,,,,,,,,,,,,,,,,0,1,df_211,,1,,,79250,,5,,,,,,,,,,,,,,,,,"21,33","NEW rental,docomo FS050W 無制限"
1674,16456,377,3136,Insurance [NONE] / Additional Battery [NONE],201-202Days (Value Rental Pack:6Months Pack＋1Month Pack),,,docomo FS050W Unlimited Data,1,,,,,,,,*,,*,,,,,,,,,,,,,,,,,,,,,,,,0,1,df_211,,1,,,79250,,5,,,,,,,,,,,,,,,,,"21,33","NEW rental,docomo FS050W 無制限"
1674,16460,377,3137,Insurance [NONE] / Additional Battery [NONE],202-203Days (Value Rental Pack:6Months Pack＋1Month Pack),,,docomo FS050W Unlimited Data,1,,,,,,,,*,,*,,,,,,,,,,,,,,,,,,,,,,,,0,1,df_211,,1,,,79250,,5,,,,,,,,,,,,,,,,,"21,33","NEW rental,docomo FS050W 無制限"
1674,16464,377,3138,Insurance [NONE] / Additional Battery [NONE],203-204Days (Value Rental Pack:6Months Pack＋1Month Pack),,,docomo FS050W Unlimited Data,1,,,,,,,,*,,*,,,,,,,,,,,,,,,,,,,,,,,,0,1,df_211,,1,,,79250,,5,,,,,,,,,,,,,,,,,"21,33","NEW rental,docomo FS050W 無制限"
1674,16468,377,3139,Insurance [NONE] / Additional Battery [NONE],204-205Days (Value Rental Pack:6Months Pack＋1Month Pack),,,docomo FS050W Unlimited Data,1,,,,,,,,*,,*,,,,,,,,,,,,,,,,,,,,,,,,0,1,df_211,,1,,,79250,,5,,,,,,,,,,,,,,,,,"21,33","NEW rental,docomo FS050W 無制限"
1674,16472,377,3140,Insurance [NONE] / Additional Battery [NONE],205-206Days (Value Rental Pack:6Months Pack＋1Month Pack),,,docomo FS050W Unlimited Data,1,,,,,,,,*,,*,,,,,,,,,,,,,,,,,,,,,,,,0,1,df_211,,1,,,79250,,5,,,,,,,,,,,,,,,,,"21,33","NEW rental,docomo FS050W 無制限"
1674,16476,377,3141,Insurance [NONE] / Additional Battery [NONE],206-207Days (Value Rental Pack:6Months Pack＋1Month Pack),,,docomo FS050W Unlimited Data,1,,,,,,,,*,,*,,,,,,,,,,,,,,,,,,,,,,,,0,1,df_211,,1,,,79250,,5,,,,,,,,,,,,,,,,,"21,33","NEW rental,docomo FS050W 無制限"
1674,16480,377,3142,Insurance [NONE] / Additional Battery [NONE],207-208Days (Value Rental Pack:6Months Pack＋1Month Pack),,,docomo FS050W Unlimited Data,1,,,,,,,,*,,*,,,,,,,,,,,,,,,,,,,,,,,,0,1,df_211,,1,,,79250,,5,,,,,,,,,,,,,,,,,"21,33","NEW rental,docomo FS050W 無制限"
1674,16484,377,3143,Insurance [NONE] / Additional Battery [NONE],208-209Days (Value Rental Pack:6Months Pack＋1Month Pack),,,docomo FS050W Unlimited Data,1,,,,,,,,*,,*,,,,,,,,,,,,,,,,,,,,,,,,0,1,df_211,,1,,,79250,,5,,,,,,,,,,,,,,,,,"21,33","NEW rental,docomo FS050W 無制限"
1674,16488,377,3144,Insurance [NONE] / Additional Battery [NONE],209-210Days (Value Rental Pack:6Months Pack＋1Month Pack),,,docomo FS050W Unlimited Data,1,,,,,,,,*,,*,,,,,,,,,,,,,,,,,,,,,,,,0,1,df_211,,1,,,79250,,5,,,,,,,,,,,,,,,,,"21,33","NEW rental,docomo FS050W 無制限"
1674,16492,377,3145,Insurance [NONE] / Additional Battery [NONE],210-211Days (Value Rental Pack:6Months Pack＋1Month Pack),,,docomo FS050W Unlimited Data,1,,,,,,,,*,,*,,,,,,,,,,,,,,,,,,,,,,,,0,1,df_211,,1,,,79250,,5,,,,,,,,,,,,,,,,,"21,33","NEW rental,docomo FS050W 無制限"
1674,16496,377,3146,Insurance [NONE] / Additional Battery [NONE],211-212Days (Value Rental Pack:6Months Pack＋1Month Pack),,,docomo FS050W Unlimited Data,1,,,,,,,,*,,*,,,,,,,,,,,,,,,,,,,,,,,,0,1,df_211,,1,,,79250,,5,,,,,,,,,,,,,,,,,"21,33","NEW rental,docomo FS050W 無制限"
1674,16500,377,3147,Insurance [NONE] / Additional Battery [NONE],212-213Days (Value Rental Pack:6Months Pack＋1Month Pack＋1Day),,,docomo FS050W Unlimited Data,1,,,,,,,,*,,*,,,,,,,,,,,,,,,,,,,,,,,,0,1,df_212,,1,,,80240,,5,,,,,,,,,,,,,,,,,"21,33","NEW rental,docomo FS050W 無制限"
1674,16504,377,3148,Insurance [NONE] / Additional Battery [NONE],213-214Days (Value Rental Pack:6Months Pack＋1Month Pack＋2Days),,,docomo FS050W Unlimited Data,1,,,,,,,,*,,*,,,,,,,,,,,,,,,,,,,,,,,,0,1,df_213,,1,,,81230,,5,,,,,,,,,,,,,,,,,"21,33","NEW rental,docomo FS050W 無制限"
1674,16508,377,3149,Insurance [NONE] / Additional Battery [NONE],214-215Days (Value Rental Pack:6Months Pack＋1Month Pack＋3Days),,,docomo FS050W Unlimited Data,1,,,,,,,,*,,*,,,,,,,,,,,,,,,,,,,,,,,,0,1,df_214,,1,,,82220,,5,,,,,,,,,,,,,,,,,"21,33","NEW rental,docomo FS050W 無制限"
1674,16512,377,3150,Insurance [NONE] / Additional Battery [NONE],215-216Days (Value Rental Pack:6Months Pack＋1Month Pack＋4Days),,,docomo FS050W Unlimited Data,1,,,,,,,,*,,*,,,,,,,,,,,,,,,,,,,,,,,,0,1,df_215,,1,,,83210,,5,,,,,,,,,,,,,,,,,"21,33","NEW rental,docomo FS050W 無制限"
1674,16516,377,3151,Insurance [NONE] / Additional Battery [NONE],216-217Days (Value Rental Pack:6Months Pack＋1Month Pack＋5Days),,,docomo FS050W Unlimited Data,1,,,,,,,,*,,*,,,,,,,,,,,,,,,,,,,,,,,,0,1,df_216,,1,,,84200,,5,,,,,,,,,,,,,,,,,"21,33","NEW rental,docomo FS050W 無制限"
1674,16520,377,3152,Insurance [NONE] / Additional Battery [NONE],217-218Days (Value Rental Pack:6Months Pack＋1Month Pack＋6Days),,,docomo FS050W Unlimited Data,1,,,,,,,,*,,*,,,,,,,,,,,,,,,,,,,,,,,,0,1,df_217,,1,,,85190,,5,,,,,,,,,,,,,,,,,"21,33","NEW rental,docomo FS050W 無制限"
1674,16524,377,3153,Insurance [NONE] / Additional Battery [NONE],218-219Days (Value Rental Pack:6Months Pack＋1Month Pack＋7Days),,,docomo FS050W Unlimited Data,1,,,,,,,,*,,*,,,,,,,,,,,,,,,,,,,,,,,,0,1,df_218,,1,,,86180,,5,,,,,,,,,,,,,,,,,"21,33","NEW rental,docomo FS050W 無制限"
1674,16528,377,3154,Insurance [NONE] / Additional Battery [NONE],219-220Days (Value Rental Pack:6Months Pack＋1Month Pack＋8Days),,,docomo FS050W Unlimited Data,1,,,,,,,,*,,*,,,,,,,,,,,,,,,,,,,,,,,,0,1,df_219,,1,,,87170,,5,,,,,,,,,,,,,,,,,"21,33","NEW rental,docomo FS050W 無制限"
1674,16532,377,3155,Insurance [NONE] / Additional Battery [NONE],220-221Days (Value Rental Pack:6Months Pack＋1Month Pack＋9Days),,,docomo FS050W Unlimited Data,1,,,,,,,,*,,*,,,,,,,,,,,,,,,,,,,,,,,,0,1,df_220,,1,,,88160,,5,,,,,,,,,,,,,,,,,"21,33","NEW rental,docomo FS050W 無制限"
1674,16536,377,3156,Insurance [NONE] / Additional Battery [NONE],221-222Days (Value Rental Pack:6Months Pack＋1Month Pack＋10Days),,,docomo FS050W Unlimited Data,1,,,,,,,,*,,*,,,,,,,,,,,,,,,,,,,,,,,,0,1,df_221,,1,,,89150,,5,,,,,,,,,,,,,,,,,"21,33","NEW rental,docomo FS050W 無制限"
1674,16540,377,3157,Insurance [NONE] / Additional Battery [NONE],222-223Days (Value Rental Pack:6Months Pack＋1Month Pack＋11Days),,,docomo FS050W Unlimited Data,1,,,,,,,,*,,*,,,,,,,,,,,,,,,,,,,,,,,,0,1,df_222,,1,,,90140,,5,,,,,,,,,,,,,,,,,"21,33","NEW rental,docomo FS050W 無制限"
1674,16544,377,3158,Insurance [NONE] / Additional Battery [NONE],223-224Days (Value Rental Pack:6Months Pack＋2Months Pack),,,docomo FS050W Unlimited Data,1,,,,,,,,*,,*,,,,,,,,,,,,,,,,,,,,,,,,0,1,df_241,,1,,,91000,,5,,,,,,,,,,,,,,,,,"21,33","NEW rental,docomo FS050W 無制限"
1674,16548,377,3159,Insurance [NONE] / Additional Battery [NONE],224-225Days (Value Rental Pack:6Months Pack＋2Months Pack),,,docomo FS050W Unlimited Data,1,,,,,,,,*,,*,,,,,,,,,,,,,,,,,,,,,,,,0,1,df_241,,1,,,91000,,5,,,,,,,,,,,,,,,,,"21,33","NEW rental,docomo FS050W 無制限"
1674,16552,377,3160,Insurance [NONE] / Additional Battery [NONE],225-226Days (Value Rental Pack:6Months Pack＋2Months Pack),,,docomo FS050W Unlimited Data,1,,,,,,,,*,,*,,,,,,,,,,,,,,,,,,,,,,,,0,1,df_241,,1,,,91000,,5,,,,,,,,,,,,,,,,,"21,33","NEW rental,docomo FS050W 無制限"
1674,16556,377,3161,Insurance [NONE] / Additional Battery [NONE],226-227Days (Value Rental Pack:6Months Pack＋2Months Pack),,,docomo FS050W Unlimited Data,1,,,,,,,,*,,*,,,,,,,,,,,,,,,,,,,,,,,,0,1,df_241,,1,,,91000,,5,,,,,,,,,,,,,,,,,"21,33","NEW rental,docomo FS050W 無制限"
1674,16560,377,3162,Insurance [NONE] / Additional Battery [NONE],227-228Days (Value Rental Pack:6Months Pack＋2Months Pack),,,docomo FS050W Unlimited Data,1,,,,,,,,*,,*,,,,,,,,,,,,,,,,,,,,,,,,0,1,df_241,,1,,,91000,,5,,,,,,,,,,,,,,,,,"21,33","NEW rental,docomo FS050W 無制限"
1674,16564,377,3163,Insurance [NONE] / Additional Battery [NONE],228-229Days (Value Rental Pack:6Months Pack＋2Months Pack),,,docomo FS050W Unlimited Data,1,,,,,,,,*,,*,,,,,,,,,,,,,,,,,,,,,,,,0,1,df_241,,1,,,91000,,5,,,,,,,,,,,,,,,,,"21,33","NEW rental,docomo FS050W 無制限"
1674,16568,377,3164,Insurance [NONE] / Additional Battery [NONE],229-230Days (Value Rental Pack:6Months Pack＋2Months Pack),,,docomo FS050W Unlimited Data,1,,,,,,,,*,,*,,,,,,,,,,,,,,,,,,,,,,,,0,1,df_241,,1,,,91000,,5,,,,,,,,,,,,,,,,,"21,33","NEW rental,docomo FS050W 無制限"
1674,16572,377,3165,Insurance [NONE] / Additional Battery [NONE],230-231Days (Value Rental Pack:6Months Pack＋2Months Pack),,,docomo FS050W Unlimited Data,1,,,,,,,,*,,*,,,,,,,,,,,,,,,,,,,,,,,,0,1,df_241,,1,,,91000,,5,,,,,,,,,,,,,,,,,"21,33","NEW rental,docomo FS050W 無制限"
1674,16576,377,3166,Insurance [NONE] / Additional Battery [NONE],231-232Days (Value Rental Pack:6Months Pack＋2Months Pack),,,docomo FS050W Unlimited Data,1,,,,,,,,*,,*,,,,,,,,,,,,,,,,,,,,,,,,0,1,df_241,,1,,,91000,,5,,,,,,,,,,,,,,,,,"21,33","NEW rental,docomo FS050W 無制限"
1674,16580,377,3167,Insurance [NONE] / Additional Battery [NONE],232-233Days (Value Rental Pack:6Months Pack＋2Months Pack),,,docomo FS050W Unlimited Data,1,,,,,,,,*,,*,,,,,,,,,,,,,,,,,,,,,,,,0,1,df_241,,1,,,91000,,5,,,,,,,,,,,,,,,,,"21,33","NEW rental,docomo FS050W 無制限"
1674,16584,377,3168,Insurance [NONE] / Additional Battery [NONE],233-234Days (Value Rental Pack:6Months Pack＋2Months Pack),,,docomo FS050W Unlimited Data,1,,,,,,,,*,,*,,,,,,,,,,,,,,,,,,,,,,,,0,1,df_241,,1,,,91000,,5,,,,,,,,,,,,,,,,,"21,33","NEW rental,docomo FS050W 無制限"
1674,16588,377,3169,Insurance [NONE] / Additional Battery [NONE],234-235Days (Value Rental Pack:6Months Pack＋2Months Pack),,,docomo FS050W Unlimited Data,1,,,,,,,,*,,*,,,,,,,,,,,,,,,,,,,,,,,,0,1,df_241,,1,,,91000,,5,,,,,,,,,,,,,,,,,"21,33","NEW rental,docomo FS050W 無制限"
1674,16592,377,3170,Insurance [NONE] / Additional Battery [NONE],235-236Days (Value Rental Pack:6Months Pack＋2Months Pack),,,docomo FS050W Unlimited Data,1,,,,,,,,*,,*,,,,,,,,,,,,,,,,,,,,,,,,0,1,df_241,,1,,,91000,,5,,,,,,,,,,,,,,,,,"21,33","NEW rental,docomo FS050W 無制限"
1674,16596,377,3171,Insurance [NONE] / Additional Battery [NONE],236-237Days (Value Rental Pack:6Months Pack＋2Months Pack),,,docomo FS050W Unlimited Data,1,,,,,,,,*,,*,,,,,,,,,,,,,,,,,,,,,,,,0,1,df_241,,1,,,91000,,5,,,,,,,,,,,,,,,,,"21,33","NEW rental,docomo FS050W 無制限"
1674,16600,377,3172,Insurance [NONE] / Additional Battery [NONE],237-238Days (Value Rental Pack:6Months Pack＋2Months Pack),,,docomo FS050W Unlimited Data,1,,,,,,,,*,,*,,,,,,,,,,,,,,,,,,,,,,,,0,1,df_241,,1,,,91000,,5,,,,,,,,,,,,,,,,,"21,33","NEW rental,docomo FS050W 無制限"
1674,16604,377,3173,Insurance [NONE] / Additional Battery [NONE],238-239Days (Value Rental Pack:6Months Pack＋2Months Pack),,,docomo FS050W Unlimited Data,1,,,,,,,,*,,*,,,,,,,,,,,,,,,,,,,,,,,,0,1,df_241,,1,,,91000,,5,,,,,,,,,,,,,,,,,"21,33","NEW rental,docomo FS050W 無制限"
1674,16608,377,3174,Insurance [NONE] / Additional Battery [NONE],239-240Days (Value Rental Pack:6Months Pack＋2Months Pack),,,docomo FS050W Unlimited Data,1,,,,,,,,*,,*,,,,,,,,,,,,,,,,,,,,,,,,0,1,df_241,,1,,,91000,,5,,,,,,,,,,,,,,,,,"21,33","NEW rental,docomo FS050W 無制限"
1674,16612,377,3175,Insurance [NONE] / Additional Battery [NONE],240-241Days (Value Rental Pack:6Months Pack＋2Months Pack),,,docomo FS050W Unlimited Data,1,,,,,,,,*,,*,,,,,,,,,,,,,,,,,,,,,,,,0,1,df_241,,1,,,91000,,5,,,,,,,,,,,,,,,,,"21,33","NEW rental,docomo FS050W 無制限"
1674,16616,377,3176,Insurance [NONE] / Additional Battery [NONE],241-242Days (Value Rental Pack:6Months Pack＋2Months Pack),,,docomo FS050W Unlimited Data,1,,,,,,,,*,,*,,,,,,,,,,,,,,,,,,,,,,,,0,1,df_241,,1,,,91000,,5,,,,,,,,,,,,,,,,,"21,33","NEW rental,docomo FS050W 無制限"
1674,16620,377,3177,Insurance [NONE] / Additional Battery [NONE],242-243Days (Value Rental Pack:6Months Pack＋2Months Pack＋1Day),,,docomo FS050W Unlimited Data,1,,,,,,,,*,,*,,,,,,,,,,,,,,,,,,,,,,,,0,1,df_242,,1,,,91990,,5,,,,,,,,,,,,,,,,,"21,33","NEW rental,docomo FS050W 無制限"
1674,16624,377,3178,Insurance [NONE] / Additional Battery [NONE],243-244Days (Value Rental Pack:6Months Pack＋2Months Pack＋2Days),,,docomo FS050W Unlimited Data,1,,,,,,,,*,,*,,,,,,,,,,,,,,,,,,,,,,,,0,1,df_243,,1,,,92980,,5,,,,,,,,,,,,,,,,,"21,33","NEW rental,docomo FS050W 無制限"
1674,16628,377,3179,Insurance [NONE] / Additional Battery [NONE],244-245Days (Value Rental Pack:6Months Pack＋2Months Pack＋3Days),,,docomo FS050W Unlimited Data,1,,,,,,,,*,,*,,,,,,,,,,,,,,,,,,,,,,,,0,1,df_244,,1,,,93970,,5,,,,,,,,,,,,,,,,,"21,33","NEW rental,docomo FS050W 無制限"
1674,16632,377,3180,Insurance [NONE] / Additional Battery [NONE],245-246Days (Value Rental Pack:6Months Pack＋2Months Pack＋4Days),,,docomo FS050W Unlimited Data,1,,,,,,,,*,,*,,,,,,,,,,,,,,,,,,,,,,,,0,1,df_245,,1,,,94960,,5,,,,,,,,,,,,,,,,,"21,33","NEW rental,docomo FS050W 無制限"
1674,16636,377,3181,Insurance [NONE] / Additional Battery [NONE],246-247Days (Value Rental Pack:6Months Pack＋2Months Pack＋5Days),,,docomo FS050W Unlimited Data,1,,,,,,,,*,,*,,,,,,,,,,,,,,,,,,,,,,,,0,1,df_246,,1,,,95950,,5,,,,,,,,,,,,,,,,,"21,33","NEW rental,docomo FS050W 無制限"
1674,16640,377,3182,Insurance [NONE] / Additional Battery [NONE],247-248Days (Value Rental Pack:6Months Pack＋2Months Pack＋6Days),,,docomo FS050W Unlimited Data,1,,,,,,,,*,,*,,,,,,,,,,,,,,,,,,,,,,,,0,1,df_247,,1,,,96940,,5,,,,,,,,,,,,,,,,,"21,33","NEW rental,docomo FS050W 無制限"
1674,16644,377,3183,Insurance [NONE] / Additional Battery [NONE],248-249Days (Value Rental Pack:6Months Pack＋2Months Pack＋7Days),,,docomo FS050W Unlimited Data,1,,,,,,,,*,,*,,,,,,,,,,,,,,,,,,,,,,,,0,1,df_248,,1,,,97930,,5,,,,,,,,,,,,,,,,,"21,33","NEW rental,docomo FS050W 無制限"
1674,16648,377,3184,Insurance [NONE] / Additional Battery [NONE],249-250Days (Value Rental Pack:6Months Pack＋2Months Pack＋8Days),,,docomo FS050W Unlimited Data,1,,,,,,,,*,,*,,,,,,,,,,,,,,,,,,,,,,,,0,1,df_249,,1,,,98920,,5,,,,,,,,,,,,,,,,,"21,33","NEW rental,docomo FS050W 無制限"
1674,16652,377,3185,Insurance [NONE] / Additional Battery [NONE],250-251Days (Value Rental Pack:6Months Pack＋2Months Pack＋9Days),,,docomo FS050W Unlimited Data,1,,,,,,,,*,,*,,,,,,,,,,,,,,,,,,,,,,,,0,1,df_250,,1,,,99910,,5,,,,,,,,,,,,,,,,,"21,33","NEW rental,docomo FS050W 無制限"
1674,16656,377,3186,Insurance [NONE] / Additional Battery [NONE],251-252Days (Value Rental Pack:6Months Pack＋2Months Pack＋10Days),,,docomo FS050W Unlimited Data,1,,,,,,,,*,,*,,,,,,,,,,,,,,,,,,,,,,,,0,1,df_251,,1,,,100900,,5,,,,,,,,,,,,,,,,,"21,33","NEW rental,docomo FS050W 無制限"
1674,16660,377,3187,Insurance [NONE] / Additional Battery [NONE],252-253Days (Value Rental Pack:6Months Pack＋3Months Pack),,,docomo FS050W Unlimited Data,1,,,,,,,,*,,*,,,,,,,,,,,,,,,,,,,,,,,,0,1,df_271,,1,,,101600,,5,,,,,,,,,,,,,,,,,"21,33","NEW rental,docomo FS050W 無制限"
1674,16664,377,3188,Insurance [NONE] / Additional Battery [NONE],253-254Days (Value Rental Pack:6Months Pack＋3Months Pack),,,docomo FS050W Unlimited Data,1,,,,,,,,*,,*,,,,,,,,,,,,,,,,,,,,,,,,0,1,df_271,,1,,,101600,,5,,,,,,,,,,,,,,,,,"21,33","NEW rental,docomo FS050W 無制限"
1674,16668,377,3189,Insurance [NONE] / Additional Battery [NONE],254-255Days (Value Rental Pack:6Months Pack＋3Months Pack),,,docomo FS050W Unlimited Data,1,,,,,,,,*,,*,,,,,,,,,,,,,,,,,,,,,,,,0,1,df_271,,1,,,101600,,5,,,,,,,,,,,,,,,,,"21,33","NEW rental,docomo FS050W 無制限"
1674,16672,377,3190,Insurance [NONE] / Additional Battery [NONE],255-256Days (Value Rental Pack:6Months Pack＋3Months Pack),,,docomo FS050W Unlimited Data,1,,,,,,,,*,,*,,,,,,,,,,,,,,,,,,,,,,,,0,1,df_271,,1,,,101600,,5,,,,,,,,,,,,,,,,,"21,33","NEW rental,docomo FS050W 無制限"
1674,16676,377,3191,Insurance [NONE] / Additional Battery [NONE],256-257Days (Value Rental Pack:6Months Pack＋3Months Pack),,,docomo FS050W Unlimited Data,1,,,,,,,,*,,*,,,,,,,,,,,,,,,,,,,,,,,,0,1,df_271,,1,,,101600,,5,,,,,,,,,,,,,,,,,"21,33","NEW rental,docomo FS050W 無制限"
1674,16680,377,3192,Insurance [NONE] / Additional Battery [NONE],257-258Days (Value Rental Pack:6Months Pack＋3Months Pack),,,docomo FS050W Unlimited Data,1,,,,,,,,*,,*,,,,,,,,,,,,,,,,,,,,,,,,0,1,df_271,,1,,,101600,,5,,,,,,,,,,,,,,,,,"21,33","NEW rental,docomo FS050W 無制限"
1674,16684,377,3193,Insurance [NONE] / Additional Battery [NONE],258-259Days (Value Rental Pack:6Months Pack＋3Months Pack),,,docomo FS050W Unlimited Data,1,,,,,,,,*,,*,,,,,,,,,,,,,,,,,,,,,,,,0,1,df_271,,1,,,101600,,5,,,,,,,,,,,,,,,,,"21,33","NEW rental,docomo FS050W 無制限"
1674,16688,377,3194,Insurance [NONE] / Additional Battery [NONE],259-260Days (Value Rental Pack:6Months Pack＋3Months Pack),,,docomo FS050W Unlimited Data,1,,,,,,,,*,,*,,,,,,,,,,,,,,,,,,,,,,,,0,1,df_271,,1,,,101600,,5,,,,,,,,,,,,,,,,,"21,33","NEW rental,docomo FS050W 無制限"
1674,16692,377,3195,Insurance [NONE] / Additional Battery [NONE],260-261Days (Value Rental Pack:6Months Pack＋3Months Pack),,,docomo FS050W Unlimited Data,1,,,,,,,,*,,*,,,,,,,,,,,,,,,,,,,,,,,,0,1,df_271,,1,,,101600,,5,,,,,,,,,,,,,,,,,"21,33","NEW rental,docomo FS050W 無制限"
1674,16696,377,3196,Insurance [NONE] / Additional Battery [NONE],261-262Days (Value Rental Pack:6Months Pack＋3Months Pack),,,docomo FS050W Unlimited Data,1,,,,,,,,*,,*,,,,,,,,,,,,,,,,,,,,,,,,0,1,df_271,,1,,,101600,,5,,,,,,,,,,,,,,,,,"21,33","NEW rental,docomo FS050W 無制限"
1674,16700,377,3197,Insurance [NONE] / Additional Battery [NONE],262-263Days (Value Rental Pack:6Months Pack＋3Months Pack),,,docomo FS050W Unlimited Data,1,,,,,,,,*,,*,,,,,,,,,,,,,,,,,,,,,,,,0,1,df_271,,1,,,101600,,5,,,,,,,,,,,,,,,,,"21,33","NEW rental,docomo FS050W 無制限"
1674,16704,377,3198,Insurance [NONE] / Additional Battery [NONE],263-264Days (Value Rental Pack:6Months Pack＋3Months Pack),,,docomo FS050W Unlimited Data,1,,,,,,,,*,,*,,,,,,,,,,,,,,,,,,,,,,,,0,1,df_271,,1,,,101600,,5,,,,,,,,,,,,,,,,,"21,33","NEW rental,docomo FS050W 無制限"
1674,16708,377,3199,Insurance [NONE] / Additional Battery [NONE],264-265Days (Value Rental Pack:6Months Pack＋3Months Pack),,,docomo FS050W Unlimited Data,1,,,,,,,,*,,*,,,,,,,,,,,,,,,,,,,,,,,,0,1,df_271,,1,,,101600,,5,,,,,,,,,,,,,,,,,"21,33","NEW rental,docomo FS050W 無制限"
1674,16712,377,3200,Insurance [NONE] / Additional Battery [NONE],265-266Days (Value Rental Pack:6Months Pack＋3Months Pack),,,docomo FS050W Unlimited Data,1,,,,,,,,*,,*,,,,,,,,,,,,,,,,,,,,,,,,0,1,df_271,,1,,,101600,,5,,,,,,,,,,,,,,,,,"21,33","NEW rental,docomo FS050W 無制限"
1674,16716,377,3201,Insurance [NONE] / Additional Battery [NONE],266-267Days (Value Rental Pack:6Months Pack＋3Months Pack),,,docomo FS050W Unlimited Data,1,,,,,,,,*,,*,,,,,,,,,,,,,,,,,,,,,,,,0,1,df_271,,1,,,101600,,5,,,,,,,,,,,,,,,,,"21,33","NEW rental,docomo FS050W 無制限"
1674,16720,377,3202,Insurance [NONE] / Additional Battery [NONE],267-268Days (Value Rental Pack:6Months Pack＋3Months Pack),,,docomo FS050W Unlimited Data,1,,,,,,,,*,,*,,,,,,,,,,,,,,,,,,,,,,,,0,1,df_271,,1,,,101600,,5,,,,,,,,,,,,,,,,,"21,33","NEW rental,docomo FS050W 無制限"
1674,16724,377,3203,Insurance [NONE] / Additional Battery [NONE],268-269Days (Value Rental Pack:6Months Pack＋3Months Pack),,,docomo FS050W Unlimited Data,1,,,,,,,,*,,*,,,,,,,,,,,,,,,,,,,,,,,,0,1,df_271,,1,,,101600,,5,,,,,,,,,,,,,,,,,"21,33","NEW rental,docomo FS050W 無制限"
1674,16728,377,3204,Insurance [NONE] / Additional Battery [NONE],269-270Days (Value Rental Pack:6Months Pack＋3Months Pack),,,docomo FS050W Unlimited Data,1,,,,,,,,*,,*,,,,,,,,,,,,,,,,,,,,,,,,0,1,df_271,,1,,,101600,,5,,,,,,,,,,,,,,,,,"21,33","NEW rental,docomo FS050W 無制限"
1674,16732,377,3205,Insurance [NONE] / Additional Battery [NONE],270-271Days (Value Rental Pack:6Months Pack＋3Months Pack),,,docomo FS050W Unlimited Data,1,,,,,,,,*,,*,,,,,,,,,,,,,,,,,,,,,,,,0,1,df_271,,1,,,101600,,5,,,,,,,,,,,,,,,,,"21,33","NEW rental,docomo FS050W 無制限"
1674,16736,377,3206,Insurance [NONE] / Additional Battery [NONE],271-272Days (Value Rental Pack:6Months Pack＋3Months Pack),,,docomo FS050W Unlimited Data,1,,,,,,,,*,,*,,,,,,,,,,,,,,,,,,,,,,,,0,1,df_271,,1,,,101600,,5,,,,,,,,,,,,,,,,,"21,33","NEW rental,docomo FS050W 無制限"
1674,16740,377,3207,Insurance [NONE] / Additional Battery [NONE],272-273Days (Value Rental Pack:6Months Pack＋3Months Pack＋1Day),,,docomo FS050W Unlimited Data,1,,,,,,,,*,,*,,,,,,,,,,,,,,,,,,,,,,,,0,1,df_272,,1,,,102590,,5,,,,,,,,,,,,,,,,,"21,33","NEW rental,docomo FS050W 無制限"
1674,16744,377,3208,Insurance [NONE] / Additional Battery [NONE],273-274Days (Value Rental Pack:6Months Pack＋3Months Pack＋2Days),,,docomo FS050W Unlimited Data,1,,,,,,,,*,,*,,,,,,,,,,,,,,,,,,,,,,,,0,1,df_273,,1,,,103580,,5,,,,,,,,,,,,,,,,,"21,33","NEW rental,docomo FS050W 無制限"
1674,16748,377,3209,Insurance [NONE] / Additional Battery [NONE],274-275Days (Value Rental Pack:6Months Pack＋3Months Pack＋3Days),,,docomo FS050W Unlimited Data,1,,,,,,,,*,,*,,,,,,,,,,,,,,,,,,,,,,,,0,1,df_274,,1,,,104570,,5,,,,,,,,,,,,,,,,,"21,33","NEW rental,docomo FS050W 無制限"
1674,16752,377,3210,Insurance [NONE] / Additional Battery [NONE],275-276Days (Value Rental Pack:6Months Pack＋3Months Pack＋4Days),,,docomo FS050W Unlimited Data,1,,,,,,,,*,,*,,,,,,,,,,,,,,,,,,,,,,,,0,1,df_275,,1,,,105560,,5,,,,,,,,,,,,,,,,,"21,33","NEW rental,docomo FS050W 無制限"
1674,16756,377,3211,Insurance [NONE] / Additional Battery [NONE],276-277Days (Value Rental Pack:6Months Pack＋3Months Pack＋5Days),,,docomo FS050W Unlimited Data,1,,,,,,,,*,,*,,,,,,,,,,,,,,,,,,,,,,,,0,1,df_276,,1,,,106550,,5,,,,,,,,,,,,,,,,,"21,33","NEW rental,docomo FS050W 無制限"
1674,16760,377,3212,Insurance [NONE] / Additional Battery [NONE],277-278Days (Value Rental Pack:6Months Pack＋3Months Pack＋6Days),,,docomo FS050W Unlimited Data,1,,,,,,,,*,,*,,,,,,,,,,,,,,,,,,,,,,,,0,1,df_277,,1,,,107540,,5,,,,,,,,,,,,,,,,,"21,33","NEW rental,docomo FS050W 無制限"
1674,16764,377,3213,Insurance [NONE] / Additional Battery [NONE],278-279Days (Value Rental Pack:6Months Pack＋3Months Pack＋7Days),,,docomo FS050W Unlimited Data,1,,,,,,,,*,,*,,,,,,,,,,,,,,,,,,,,,,,,0,1,df_278,,1,,,108530,,5,,,,,,,,,,,,,,,,,"21,33","NEW rental,docomo FS050W 無制限"
1674,16768,377,3214,Insurance [NONE] / Additional Battery [NONE],279-280Days (Value Rental Pack:6Months Pack＋3Months Pack＋8Days),,,docomo FS050W Unlimited Data,1,,,,,,,,*,,*,,,,,,,,,,,,,,,,,,,,,,,,0,1,df_279,,1,,,109520,,5,,,,,,,,,,,,,,,,,"21,33","NEW rental,docomo FS050W 無制限"
1674,16772,377,3215,Insurance [NONE] / Additional Battery [NONE],280-281Days (Value Rental Pack:6Months Pack＋3Months Pack＋9Days),,,docomo FS050W Unlimited Data,1,,,,,,,,*,,*,,,,,,,,,,,,,,,,,,,,,,,,0,1,df_280,,1,,,110510,,5,,,,,,,,,,,,,,,,,"21,33","NEW rental,docomo FS050W 無制限"
1674,16776,377,3216,Insurance [NONE] / Additional Battery [NONE],281-282Days (Value Rental Pack:6Months Pack＋4Months Pack),,,docomo FS050W Unlimited Data,1,,,,,,,,*,,*,,,,,,,,,,,,,,,,,,,,,,,,0,1,df_301,,1,,,111100,,5,,,,,,,,,,,,,,,,,"21,33","NEW rental,docomo FS050W 無制限"
1674,16780,377,3217,Insurance [NONE] / Additional Battery [NONE],282-283Days (Value Rental Pack:6Months Pack＋4Months Pack),,,docomo FS050W Unlimited Data,1,,,,,,,,*,,*,,,,,,,,,,,,,,,,,,,,,,,,0,1,df_301,,1,,,111100,,5,,,,,,,,,,,,,,,,,"21,33","NEW rental,docomo FS050W 無制限"
1674,16784,377,3218,Insurance [NONE] / Additional Battery [NONE],283-284Days (Value Rental Pack:6Months Pack＋4Months Pack),,,docomo FS050W Unlimited Data,1,,,,,,,,*,,*,,,,,,,,,,,,,,,,,,,,,,,,0,1,df_301,,1,,,111100,,5,,,,,,,,,,,,,,,,,"21,33","NEW rental,docomo FS050W 無制限"
1674,16788,377,3219,Insurance [NONE] / Additional Battery [NONE],284-285Days (Value Rental Pack:6Months Pack＋4Months Pack),,,docomo FS050W Unlimited Data,1,,,,,,,,*,,*,,,,,,,,,,,,,,,,,,,,,,,,0,1,df_301,,1,,,111100,,5,,,,,,,,,,,,,,,,,"21,33","NEW rental,docomo FS050W 無制限"
1674,16792,377,3220,Insurance [NONE] / Additional Battery [NONE],285-286Days (Value Rental Pack:6Months Pack＋4Months Pack),,,docomo FS050W Unlimited Data,1,,,,,,,,*,,*,,,,,,,,,,,,,,,,,,,,,,,,0,1,df_301,,1,,,111100,,5,,,,,,,,,,,,,,,,,"21,33","NEW rental,docomo FS050W 無制限"
1674,16796,377,3221,Insurance [NONE] / Additional Battery [NONE],286-287Days (Value Rental Pack:6Months Pack＋4Months Pack),,,docomo FS050W Unlimited Data,1,,,,,,,,*,,*,,,,,,,,,,,,,,,,,,,,,,,,0,1,df_301,,1,,,111100,,5,,,,,,,,,,,,,,,,,"21,33","NEW rental,docomo FS050W 無制限"
1674,16800,377,3222,Insurance [NONE] / Additional Battery [NONE],287-288Days (Value Rental Pack:6Months Pack＋4Months Pack),,,docomo FS050W Unlimited Data,1,,,,,,,,*,,*,,,,,,,,,,,,,,,,,,,,,,,,0,1,df_301,,1,,,111100,,5,,,,,,,,,,,,,,,,,"21,33","NEW rental,docomo FS050W 無制限"
1674,16804,377,3223,Insurance [NONE] / Additional Battery [NONE],288-289Days (Value Rental Pack:6Months Pack＋4Months Pack),,,docomo FS050W Unlimited Data,1,,,,,,,,*,,*,,,,,,,,,,,,,,,,,,,,,,,,0,1,df_301,,1,,,111100,,5,,,,,,,,,,,,,,,,,"21,33","NEW rental,docomo FS050W 無制限"
1674,16808,377,3224,Insurance [NONE] / Additional Battery [NONE],289-290Days (Value Rental Pack:6Months Pack＋4Months Pack),,,docomo FS050W Unlimited Data,1,,,,,,,,*,,*,,,,,,,,,,,,,,,,,,,,,,,,0,1,df_301,,1,,,111100,,5,,,,,,,,,,,,,,,,,"21,33","NEW rental,docomo FS050W 無制限"
1674,16812,377,3225,Insurance [NONE] / Additional Battery [NONE],290-291Days (Value Rental Pack:6Months Pack＋4Months Pack),,,docomo FS050W Unlimited Data,1,,,,,,,,*,,*,,,,,,,,,,,,,,,,,,,,,,,,0,1,df_301,,1,,,111100,,5,,,,,,,,,,,,,,,,,"21,33","NEW rental,docomo FS050W 無制限"
1674,16816,377,3226,Insurance [NONE] / Additional Battery [NONE],291-292Days (Value Rental Pack:6Months Pack＋4Months Pack),,,docomo FS050W Unlimited Data,1,,,,,,,,*,,*,,,,,,,,,,,,,,,,,,,,,,,,0,1,df_301,,1,,,111100,,5,,,,,,,,,,,,,,,,,"21,33","NEW rental,docomo FS050W 無制限"
1674,16820,377,3227,Insurance [NONE] / Additional Battery [NONE],292-293Days (Value Rental Pack:6Months Pack＋4Months Pack),,,docomo FS050W Unlimited Data,1,,,,,,,,*,,*,,,,,,,,,,,,,,,,,,,,,,,,0,1,df_301,,1,,,111100,,5,,,,,,,,,,,,,,,,,"21,33","NEW rental,docomo FS050W 無制限"
1674,16824,377,3228,Insurance [NONE] / Additional Battery [NONE],293-294Days (Value Rental Pack:6Months Pack＋4Months Pack),,,docomo FS050W Unlimited Data,1,,,,,,,,*,,*,,,,,,,,,,,,,,,,,,,,,,,,0,1,df_301,,1,,,111100,,5,,,,,,,,,,,,,,,,,"21,33","NEW rental,docomo FS050W 無制限"
1674,16828,377,3229,Insurance [NONE] / Additional Battery [NONE],294-295Days (Value Rental Pack:6Months Pack＋4Months Pack),,,docomo FS050W Unlimited Data,1,,,,,,,,*,,*,,,,,,,,,,,,,,,,,,,,,,,,0,1,df_301,,1,,,111100,,5,,,,,,,,,,,,,,,,,"21,33","NEW rental,docomo FS050W 無制限"
1674,16832,377,3230,Insurance [NONE] / Additional Battery [NONE],295-296Days (Value Rental Pack:6Months Pack＋4Months Pack),,,docomo FS050W Unlimited Data,1,,,,,,,,*,,*,,,,,,,,,,,,,,,,,,,,,,,,0,1,df_301,,1,,,111100,,5,,,,,,,,,,,,,,,,,"21,33","NEW rental,docomo FS050W 無制限"
1674,16836,377,3231,Insurance [NONE] / Additional Battery [NONE],296-297Days (Value Rental Pack:6Months Pack＋4Months Pack),,,docomo FS050W Unlimited Data,1,,,,,,,,*,,*,,,,,,,,,,,,,,,,,,,,,,,,0,1,df_301,,1,,,111100,,5,,,,,,,,,,,,,,,,,"21,33","NEW rental,docomo FS050W 無制限"
1674,16840,377,3232,Insurance [NONE] / Additional Battery [NONE],297-298Days (Value Rental Pack:6Months Pack＋4Months Pack),,,docomo FS050W Unlimited Data,1,,,,,,,,*,,*,,,,,,,,,,,,,,,,,,,,,,,,0,1,df_301,,1,,,111100,,5,,,,,,,,,,,,,,,,,"21,33","NEW rental,docomo FS050W 無制限"
1674,16844,377,3233,Insurance [NONE] / Additional Battery [NONE],298-299Days (Value Rental Pack:6Months Pack＋4Months Pack),,,docomo FS050W Unlimited Data,1,,,,,,,,*,,*,,,,,,,,,,,,,,,,,,,,,,,,0,1,df_301,,1,,,111100,,5,,,,,,,,,,,,,,,,,"21,33","NEW rental,docomo FS050W 無制限"
1674,16848,377,3234,Insurance [NONE] / Additional Battery [NONE],299-300Days (Value Rental Pack:6Months Pack＋4Months Pack),,,docomo FS050W Unlimited Data,1,,,,,,,,*,,*,,,,,,,,,,,,,,,,,,,,,,,,0,1,df_301,,1,,,111100,,5,,,,,,,,,,,,,,,,,"21,33","NEW rental,docomo FS050W 無制限"
1674,16852,377,3235,Insurance [NONE] / Additional Battery [NONE],300-301Days (Value Rental Pack:6Months Pack＋4Months Pack),,,docomo FS050W Unlimited Data,1,,,,,,,,*,,*,,,,,,,,,,,,,,,,,,,,,,,,0,1,df_301,,1,,,111100,,5,,,,,,,,,,,,,,,,,"21,33","NEW rental,docomo FS050W 無制限"
1674,16856,377,3236,Insurance [NONE] / Additional Battery [NONE],301-302Days (Value Rental Pack:6Months Pack＋4Months Pack),,,docomo FS050W Unlimited Data,1,,,,,,,,*,,*,,,,,,,,,,,,,,,,,,,,,,,,0,1,df_301,,1,,,111100,,5,,,,,,,,,,,,,,,,,"21,33","NEW rental,docomo FS050W 無制限"
1674,16860,377,3237,Insurance [NONE] / Additional Battery [NONE],302-303Days (Value Rental Pack:6Months Pack＋4Months Pack＋1Day),,,docomo FS050W Unlimited Data,1,,,,,,,,*,,*,,,,,,,,,,,,,,,,,,,,,,,,0,1,df_302,,1,,,112090,,5,,,,,,,,,,,,,,,,,"21,33","NEW rental,docomo FS050W 無制限"
1674,16864,377,3238,Insurance [NONE] / Additional Battery [NONE],303-304Days (Value Rental Pack:6Months Pack＋4Months Pack＋2Days),,,docomo FS050W Unlimited Data,1,,,,,,,,*,,*,,,,,,,,,,,,,,,,,,,,,,,,0,1,df_303,,1,,,113080,,5,,,,,,,,,,,,,,,,,"21,33","NEW rental,docomo FS050W 無制限"
1674,16868,377,3239,Insurance [NONE] / Additional Battery [NONE],304-305Days (Value Rental Pack:6Months Pack＋4Months Pack＋3Days),,,docomo FS050W Unlimited Data,1,,,,,,,,*,,*,,,,,,,,,,,,,,,,,,,,,,,,0,1,df_304,,1,,,114070,,5,,,,,,,,,,,,,,,,,"21,33","NEW rental,docomo FS050W 無制限"
1674,16872,377,3240,Insurance [NONE] / Additional Battery [NONE],305-306Days (Value Rental Pack:6Months Pack＋4Months Pack＋4Days),,,docomo FS050W Unlimited Data,1,,,,,,,,*,,*,,,,,,,,,,,,,,,,,,,,,,,,0,1,df_305,,1,,,115060,,5,,,,,,,,,,,,,,,,,"21,33","NEW rental,docomo FS050W 無制限"
1674,16876,377,3241,Insurance [NONE] / Additional Battery [NONE],306-307Days (Value Rental Pack:6Months Pack＋4Months Pack＋5Days),,,docomo FS050W Unlimited Data,1,,,,,,,,*,,*,,,,,,,,,,,,,,,,,,,,,,,,0,1,df_306,,1,,,116050,,5,,,,,,,,,,,,,,,,,"21,33","NEW rental,docomo FS050W 無制限"
1674,16880,377,3242,Insurance [NONE] / Additional Battery [NONE],307-308Days (Value Rental Pack:6Months Pack＋4Months Pack＋6Days),,,docomo FS050W Unlimited Data,1,,,,,,,,*,,*,,,,,,,,,,,,,,,,,,,,,,,,0,1,df_307,,1,,,117040,,5,,,,,,,,,,,,,,,,,"21,33","NEW rental,docomo FS050W 無制限"
1674,16884,377,3243,Insurance [NONE] / Additional Battery [NONE],308-309Days (Value Rental Pack:6Months Pack＋4Months Pack＋7Days),,,docomo FS050W Unlimited Data,1,,,,,,,,*,,*,,,,,,,,,,,,,,,,,,,,,,,,0,1,df_308,,1,,,118030,,5,,,,,,,,,,,,,,,,,"21,33","NEW rental,docomo FS050W 無制限"
1674,16888,377,3244,Insurance [NONE] / Additional Battery [NONE],309-310Days (Value Rental Pack:6Months Pack＋4Months Pack＋8Days),,,docomo FS050W Unlimited Data,1,,,,,,,,*,,*,,,,,,,,,,,,,,,,,,,,,,,,0,1,df_309,,1,,,119020,,5,,,,,,,,,,,,,,,,,"21,33","NEW rental,docomo FS050W 無制限"
1674,16892,377,3245,Insurance [NONE] / Additional Battery [NONE],310-311Days (Value Rental Pack:6Months Pack＋4Months Pack＋9Days),,,docomo FS050W Unlimited Data,1,,,,,,,,*,,*,,,,,,,,,,,,,,,,,,,,,,,,0,1,df_310,,1,,,120010,,5,,,,,,,,,,,,,,,,,"21,33","NEW rental,docomo FS050W 無制限"
1674,16896,377,3246,Insurance [NONE] / Additional Battery [NONE],311-312Days (Value Rental Pack:6Months Pack＋5Months Pack),,,docomo FS050W Unlimited Data,1,,,,,,,,*,,*,,,,,,,,,,,,,,,,,,,,,,,,0,1,df_331,,1,,,120500,,5,,,,,,,,,,,,,,,,,"21,33","NEW rental,docomo FS050W 無制限"
1674,16900,377,3247,Insurance [NONE] / Additional Battery [NONE],312-313Days (Value Rental Pack:6Months Pack＋5Months Pack),,,docomo FS050W Unlimited Data,1,,,,,,,,*,,*,,,,,,,,,,,,,,,,,,,,,,,,0,1,df_331,,1,,,120500,,5,,,,,,,,,,,,,,,,,"21,33","NEW rental,docomo FS050W 無制限"
1674,16904,377,3248,Insurance [NONE] / Additional Battery [NONE],313-314Days (Value Rental Pack:6Months Pack＋5Months Pack),,,docomo FS050W Unlimited Data,1,,,,,,,,*,,*,,,,,,,,,,,,,,,,,,,,,,,,0,1,df_331,,1,,,120500,,5,,,,,,,,,,,,,,,,,"21,33","NEW rental,docomo FS050W 無制限"
1674,16908,377,3249,Insurance [NONE] / Additional Battery [NONE],314-315Days (Value Rental Pack:6Months Pack＋5Months Pack),,,docomo FS050W Unlimited Data,1,,,,,,,,*,,*,,,,,,,,,,,,,,,,,,,,,,,,0,1,df_331,,1,,,120500,,5,,,,,,,,,,,,,,,,,"21,33","NEW rental,docomo FS050W 無制限"
1674,16912,377,3250,Insurance [NONE] / Additional Battery [NONE],315-316Days (Value Rental Pack:6Months Pack＋5Months Pack),,,docomo FS050W Unlimited Data,1,,,,,,,,*,,*,,,,,,,,,,,,,,,,,,,,,,,,0,1,df_331,,1,,,120500,,5,,,,,,,,,,,,,,,,,"21,33","NEW rental,docomo FS050W 無制限"
1674,16916,377,3251,Insurance [NONE] / Additional Battery [NONE],316-317Days (Value Rental Pack:6Months Pack＋5Months Pack),,,docomo FS050W Unlimited Data,1,,,,,,,,*,,*,,,,,,,,,,,,,,,,,,,,,,,,0,1,df_331,,1,,,120500,,5,,,,,,,,,,,,,,,,,"21,33","NEW rental,docomo FS050W 無制限"
1674,16920,377,3252,Insurance [NONE] / Additional Battery [NONE],317-318Days (Value Rental Pack:6Months Pack＋5Months Pack),,,docomo FS050W Unlimited Data,1,,,,,,,,*,,*,,,,,,,,,,,,,,,,,,,,,,,,0,1,df_331,,1,,,120500,,5,,,,,,,,,,,,,,,,,"21,33","NEW rental,docomo FS050W 無制限"
1674,16924,377,3253,Insurance [NONE] / Additional Battery [NONE],318-319Days (Value Rental Pack:6Months Pack＋5Months Pack),,,docomo FS050W Unlimited Data,1,,,,,,,,*,,*,,,,,,,,,,,,,,,,,,,,,,,,0,1,df_331,,1,,,120500,,5,,,,,,,,,,,,,,,,,"21,33","NEW rental,docomo FS050W 無制限"
1674,16928,377,3254,Insurance [NONE] / Additional Battery [NONE],319-320Days (Value Rental Pack:6Months Pack＋5Months Pack),,,docomo FS050W Unlimited Data,1,,,,,,,,*,,*,,,,,,,,,,,,,,,,,,,,,,,,0,1,df_331,,1,,,120500,,5,,,,,,,,,,,,,,,,,"21,33","NEW rental,docomo FS050W 無制限"
1674,16932,377,3255,Insurance [NONE] / Additional Battery [NONE],320-321Days (Value Rental Pack:6Months Pack＋5Months Pack),,,docomo FS050W Unlimited Data,1,,,,,,,,*,,*,,,,,,,,,,,,,,,,,,,,,,,,0,1,df_331,,1,,,120500,,5,,,,,,,,,,,,,,,,,"21,33","NEW rental,docomo FS050W 無制限"
1674,16936,377,3256,Insurance [NONE] / Additional Battery [NONE],321-322Days (Value Rental Pack:6Months Pack＋5Months Pack),,,docomo FS050W Unlimited Data,1,,,,,,,,*,,*,,,,,,,,,,,,,,,,,,,,,,,,0,1,df_331,,1,,,120500,,5,,,,,,,,,,,,,,,,,"21,33","NEW rental,docomo FS050W 無制限"
1674,16940,377,3257,Insurance [NONE] / Additional Battery [NONE],322-323Days (Value Rental Pack:6Months Pack＋5Months Pack),,,docomo FS050W Unlimited Data,1,,,,,,,,*,,*,,,,,,,,,,,,,,,,,,,,,,,,0,1,df_331,,1,,,120500,,5,,,,,,,,,,,,,,,,,"21,33","NEW rental,docomo FS050W 無制限"
1674,16944,377,3258,Insurance [NONE] / Additional Battery [NONE],323-324Days (Value Rental Pack:6Months Pack＋5Months Pack),,,docomo FS050W Unlimited Data,1,,,,,,,,*,,*,,,,,,,,,,,,,,,,,,,,,,,,0,1,df_331,,1,,,120500,,5,,,,,,,,,,,,,,,,,"21,33","NEW rental,docomo FS050W 無制限"
1674,16948,377,3259,Insurance [NONE] / Additional Battery [NONE],324-325Days (Value Rental Pack:6Months Pack＋5Months Pack),,,docomo FS050W Unlimited Data,1,,,,,,,,*,,*,,,,,,,,,,,,,,,,,,,,,,,,0,1,df_331,,1,,,120500,,5,,,,,,,,,,,,,,,,,"21,33","NEW rental,docomo FS050W 無制限"
1674,16952,377,3260,Insurance [NONE] / Additional Battery [NONE],325-326Days (Value Rental Pack:6Months Pack＋5Months Pack),,,docomo FS050W Unlimited Data,1,,,,,,,,*,,*,,,,,,,,,,,,,,,,,,,,,,,,0,1,df_331,,1,,,120500,,5,,,,,,,,,,,,,,,,,"21,33","NEW rental,docomo FS050W 無制限"
1674,16956,377,3261,Insurance [NONE] / Additional Battery [NONE],326-327Days (Value Rental Pack:6Months Pack＋5Months Pack),,,docomo FS050W Unlimited Data,1,,,,,,,,*,,*,,,,,,,,,,,,,,,,,,,,,,,,0,1,df_331,,1,,,120500,,5,,,,,,,,,,,,,,,,,"21,33","NEW rental,docomo FS050W 無制限"
1674,16960,377,3262,Insurance [NONE] / Additional Battery [NONE],327-328Days (Value Rental Pack:6Months Pack＋5Months Pack),,,docomo FS050W Unlimited Data,1,,,,,,,,*,,*,,,,,,,,,,,,,,,,,,,,,,,,0,1,df_331,,1,,,120500,,5,,,,,,,,,,,,,,,,,"21,33","NEW rental,docomo FS050W 無制限"
1674,16964,377,3263,Insurance [NONE] / Additional Battery [NONE],328-329Days (Value Rental Pack:6Months Pack＋5Months Pack),,,docomo FS050W Unlimited Data,1,,,,,,,,*,,*,,,,,,,,,,,,,,,,,,,,,,,,0,1,df_331,,1,,,120500,,5,,,,,,,,,,,,,,,,,"21,33","NEW rental,docomo FS050W 無制限"
1674,16968,377,3264,Insurance [NONE] / Additional Battery [NONE],329-330Days (Value Rental Pack:6Months Pack＋5Months Pack),,,docomo FS050W Unlimited Data,1,,,,,,,,*,,*,,,,,,,,,,,,,,,,,,,,,,,,0,1,df_331,,1,,,120500,,5,,,,,,,,,,,,,,,,,"21,33","NEW rental,docomo FS050W 無制限"
1674,16972,377,3265,Insurance [NONE] / Additional Battery [NONE],330-331Days (Value Rental Pack:6Months Pack＋5Months Pack),,,docomo FS050W Unlimited Data,1,,,,,,,,*,,*,,,,,,,,,,,,,,,,,,,,,,,,0,1,df_331,,1,,,120500,,5,,,,,,,,,,,,,,,,,"21,33","NEW rental,docomo FS050W 無制限"
1674,16976,377,3266,Insurance [NONE] / Additional Battery [NONE],331-332Days (Value Rental Pack:6Months Pack＋5Months Pack),,,docomo FS050W Unlimited Data,1,,,,,,,,*,,*,,,,,,,,,,,,,,,,,,,,,,,,0,1,df_331,,1,,,120500,,5,,,,,,,,,,,,,,,,,"21,33","NEW rental,docomo FS050W 無制限"
1674,16980,377,3267,Insurance [NONE] / Additional Battery [NONE],332-333Days (Value Rental Pack:6Months Pack＋5Months Pack＋1Day),,,docomo FS050W Unlimited Data,1,,,,,,,,*,,*,,,,,,,,,,,,,,,,,,,,,,,,0,1,df_332,,1,,,121490,,5,,,,,,,,,,,,,,,,,"21,33","NEW rental,docomo FS050W 無制限"
1674,16984,377,3268,Insurance [NONE] / Additional Battery [NONE],333-334Days (Value Rental Pack:6Months Pack＋5Months Pack＋2Days),,,docomo FS050W Unlimited Data,1,,,,,,,,*,,*,,,,,,,,,,,,,,,,,,,,,,,,0,1,df_333,,1,,,122480,,5,,,,,,,,,,,,,,,,,"21,33","NEW rental,docomo FS050W 無制限"
1674,16988,377,3269,Insurance [NONE] / Additional Battery [NONE],334-335Days (Value Rental Pack:6Months Pack＋5Months Pack＋3Days),,,docomo FS050W Unlimited Data,1,,,,,,,,*,,*,,,,,,,,,,,,,,,,,,,,,,,,0,1,df_334,,1,,,123470,,5,,,,,,,,,,,,,,,,,"21,33","NEW rental,docomo FS050W 無制限"
1674,16992,377,3270,Insurance [NONE] / Additional Battery [NONE],335-336Days (Value Rental Pack:6Months Pack＋5Months Pack＋4Days),,,docomo FS050W Unlimited Data,1,,,,,,,,*,,*,,,,,,,,,,,,,,,,,,,,,,,,0,1,df_335,,1,,,124460,,5,,,,,,,,,,,,,,,,,"21,33","NEW rental,docomo FS050W 無制限"
1674,16996,377,3271,Insurance [NONE] / Additional Battery [NONE],336-337Days (Value Rental Pack:6Months Pack＋5Months Pack＋5Days),,,docomo FS050W Unlimited Data,1,,,,,,,,*,,*,,,,,,,,,,,,,,,,,,,,,,,,0,1,df_336,,1,,,125450,,5,,,,,,,,,,,,,,,,,"21,33","NEW rental,docomo FS050W 無制限"
1674,17000,377,3272,Insurance [NONE] / Additional Battery [NONE],337-338Days (Value Rental Pack:6Months Pack＋5Months Pack＋6Days),,,docomo FS050W Unlimited Data,1,,,,,,,,*,,*,,,,,,,,,,,,,,,,,,,,,,,,0,1,df_337,,1,,,126440,,5,,,,,,,,,,,,,,,,,"21,33","NEW rental,docomo FS050W 無制限"
1674,17004,377,3273,Insurance [NONE] / Additional Battery [NONE],338-339Days (Value Rental Pack:6Months Pack＋5Months Pack＋7Days),,,docomo FS050W Unlimited Data,1,,,,,,,,*,,*,,,,,,,,,,,,,,,,,,,,,,,,0,1,df_338,,1,,,127430,,5,,,,,,,,,,,,,,,,,"21,33","NEW rental,docomo FS050W 無制限"
1674,17008,377,3274,Insurance [NONE] / Additional Battery [NONE],339-340Days (Value Rental Pack:6Months Pack＋5Months Pack＋8Days),,,docomo FS050W Unlimited Data,1,,,,,,,,*,,*,,,,,,,,,,,,,,,,,,,,,,,,0,1,df_339,,1,,,128420,,5,,,,,,,,,,,,,,,,,"21,33","NEW rental,docomo FS050W 無制限"
1674,17012,377,3275,Insurance [NONE] / Additional Battery [NONE],340-341Days (Value Rental Pack:6Months Pack＋6Months Pack),,,docomo FS050W Unlimited Data,1,,,,,,,,*,,*,,,,,,,,,,,,,,,,,,,,,,,,0,1,df_361,,1,,,128800,,5,,,,,,,,,,,,,,,,,"21,33","NEW rental,docomo FS050W 無制限"
1674,17016,377,3276,Insurance [NONE] / Additional Battery [NONE],341-342Days (Value Rental Pack:6Months Pack＋6Months Pack),,,docomo FS050W Unlimited Data,1,,,,,,,,*,,*,,,,,,,,,,,,,,,,,,,,,,,,0,1,df_361,,1,,,128800,,5,,,,,,,,,,,,,,,,,"21,33","NEW rental,docomo FS050W 無制限"
1674,17020,377,3277,Insurance [NONE] / Additional Battery [NONE],342-343Days (Value Rental Pack:6Months Pack＋6Months Pack),,,docomo FS050W Unlimited Data,1,,,,,,,,*,,*,,,,,,,,,,,,,,,,,,,,,,,,0,1,df_361,,1,,,128800,,5,,,,,,,,,,,,,,,,,"21,33","NEW rental,docomo FS050W 無制限"
1674,17024,377,3278,Insurance [NONE] / Additional Battery [NONE],343-344Days (Value Rental Pack:6Months Pack＋6Months Pack),,,docomo FS050W Unlimited Data,1,,,,,,,,*,,*,,,,,,,,,,,,,,,,,,,,,,,,0,1,df_361,,1,,,128800,,5,,,,,,,,,,,,,,,,,"21,33","NEW rental,docomo FS050W 無制限"
1674,17028,377,3279,Insurance [NONE] / Additional Battery [NONE],344-345Days (Value Rental Pack:6Months Pack＋6Months Pack),,,docomo FS050W Unlimited Data,1,,,,,,,,*,,*,,,,,,,,,,,,,,,,,,,,,,,,0,1,df_361,,1,,,128800,,5,,,,,,,,,,,,,,,,,"21,33","NEW rental,docomo FS050W 無制限"
1674,17032,377,3280,Insurance [NONE] / Additional Battery [NONE],345-346Days (Value Rental Pack:6Months Pack＋6Months Pack),,,docomo FS050W Unlimited Data,1,,,,,,,,*,,*,,,,,,,,,,,,,,,,,,,,,,,,0,1,df_361,,1,,,128800,,5,,,,,,,,,,,,,,,,,"21,33","NEW rental,docomo FS050W 無制限"
1674,17036,377,3281,Insurance [NONE] / Additional Battery [NONE],346-347Days (Value Rental Pack:6Months Pack＋6Months Pack),,,docomo FS050W Unlimited Data,1,,,,,,,,*,,*,,,,,,,,,,,,,,,,,,,,,,,,0,1,df_361,,1,,,128800,,5,,,,,,,,,,,,,,,,,"21,33","NEW rental,docomo FS050W 無制限"
1674,17040,377,3282,Insurance [NONE] / Additional Battery [NONE],347-348Days (Value Rental Pack:6Months Pack＋6Months Pack),,,docomo FS050W Unlimited Data,1,,,,,,,,*,,*,,,,,,,,,,,,,,,,,,,,,,,,0,1,df_361,,1,,,128800,,5,,,,,,,,,,,,,,,,,"21,33","NEW rental,docomo FS050W 無制限"
1674,17044,377,3283,Insurance [NONE] / Additional Battery [NONE],348-349Days (Value Rental Pack:6Months Pack＋6Months Pack),,,docomo FS050W Unlimited Data,1,,,,,,,,*,,*,,,,,,,,,,,,,,,,,,,,,,,,0,1,df_361,,1,,,128800,,5,,,,,,,,,,,,,,,,,"21,33","NEW rental,docomo FS050W 無制限"
1674,17048,377,3284,Insurance [NONE] / Additional Battery [NONE],349-350Days (Value Rental Pack:6Months Pack＋6Months Pack),,,docomo FS050W Unlimited Data,1,,,,,,,,*,,*,,,,,,,,,,,,,,,,,,,,,,,,0,1,df_361,,1,,,128800,,5,,,,,,,,,,,,,,,,,"21,33","NEW rental,docomo FS050W 無制限"
1674,17052,377,3285,Insurance [NONE] / Additional Battery [NONE],350-351Days (Value Rental Pack:6Months Pack＋6Months Pack),,,docomo FS050W Unlimited Data,1,,,,,,,,*,,*,,,,,,,,,,,,,,,,,,,,,,,,0,1,df_361,,1,,,128800,,5,,,,,,,,,,,,,,,,,"21,33","NEW rental,docomo FS050W 無制限"
1674,17056,377,3286,Insurance [NONE] / Additional Battery [NONE],351-352Days (Value Rental Pack:6Months Pack＋6Months Pack),,,docomo FS050W Unlimited Data,1,,,,,,,,*,,*,,,,,,,,,,,,,,,,,,,,,,,,0,1,df_361,,1,,,128800,,5,,,,,,,,,,,,,,,,,"21,33","NEW rental,docomo FS050W 無制限"
1674,17060,377,3287,Insurance [NONE] / Additional Battery [NONE],352-353Days (Value Rental Pack:6Months Pack＋6Months Pack),,,docomo FS050W Unlimited Data,1,,,,,,,,*,,*,,,,,,,,,,,,,,,,,,,,,,,,0,1,df_361,,1,,,128800,,5,,,,,,,,,,,,,,,,,"21,33","NEW rental,docomo FS050W 無制限"
1674,17064,377,3288,Insurance [NONE] / Additional Battery [NONE],353-354Days (Value Rental Pack:6Months Pack＋6Months Pack),,,docomo FS050W Unlimited Data,1,,,,,,,,*,,*,,,,,,,,,,,,,,,,,,,,,,,,0,1,df_361,,1,,,128800,,5,,,,,,,,,,,,,,,,,"21,33","NEW rental,docomo FS050W 無制限"
1674,17068,377,3289,Insurance [NONE] / Additional Battery [NONE],354-355Days (Value Rental Pack:6Months Pack＋6Months Pack),,,docomo FS050W Unlimited Data,1,,,,,,,,*,,*,,,,,,,,,,,,,,,,,,,,,,,,0,1,df_361,,1,,,128800,,5,,,,,,,,,,,,,,,,,"21,33","NEW rental,docomo FS050W 無制限"
1674,17072,377,3290,Insurance [NONE] / Additional Battery [NONE],355-356Days (Value Rental Pack:6Months Pack＋6Months Pack),,,docomo FS050W Unlimited Data,1,,,,,,,,*,,*,,,,,,,,,,,,,,,,,,,,,,,,0,1,df_361,,1,,,128800,,5,,,,,,,,,,,,,,,,,"21,33","NEW rental,docomo FS050W 無制限"
1674,17076,377,3291,Insurance [NONE] / Additional Battery [NONE],356-357Days (Value Rental Pack:6Months Pack＋6Months Pack),,,docomo FS050W Unlimited Data,1,,,,,,,,*,,*,,,,,,,,,,,,,,,,,,,,,,,,0,1,df_361,,1,,,128800,,5,,,,,,,,,,,,,,,,,"21,33","NEW rental,docomo FS050W 無制限"
1674,17080,377,3292,Insurance [NONE] / Additional Battery [NONE],357-358Days (Value Rental Pack:6Months Pack＋6Months Pack),,,docomo FS050W Unlimited Data,1,,,,,,,,*,,*,,,,,,,,,,,,,,,,,,,,,,,,0,1,df_361,,1,,,128800,,5,,,,,,,,,,,,,,,,,"21,33","NEW rental,docomo FS050W 無制限"
1674,17084,377,3293,Insurance [NONE] / Additional Battery [NONE],358-359Days (Value Rental Pack:6Months Pack＋6Months Pack),,,docomo FS050W Unlimited Data,1,,,,,,,,*,,*,,,,,,,,,,,,,,,,,,,,,,,,0,1,df_361,,1,,,128800,,5,,,,,,,,,,,,,,,,,"21,33","NEW rental,docomo FS050W 無制限"
1674,17088,377,3294,Insurance [NONE] / Additional Battery [NONE],359-360Days (Value Rental Pack:6Months Pack＋6Months Pack),,,docomo FS050W Unlimited Data,1,,,,,,,,*,,*,,,,,,,,,,,,,,,,,,,,,,,,0,1,df_361,,1,,,128800,,5,,,,,,,,,,,,,,,,,"21,33","NEW rental,docomo FS050W 無制限"
1674,17092,377,3295,Insurance [NONE] / Additional Battery [NONE],360-361Days (Value Rental Pack:6Months Pack＋6Months Pack),,,docomo FS050W Unlimited Data,1,,,,,,,,*,,*,,,,,,,,,,,,,,,,,,,,,,,,0,1,df_361,,1,,,128800,,5,,,,,,,,,,,,,,,,,"21,33","NEW rental,docomo FS050W 無制限"
1674,17096,377,3296,Insurance [NONE] / Additional Battery [NONE],361-362Days (Value Rental Pack:6Months Pack＋6Months Pack),,,docomo FS050W Unlimited Data,1,,,,,,,,*,,*,,,,,,,,,,,,,,,,,,,,,,,,0,1,df_361,,1,,,128800,,5,,,,,,,,,,,,,,,,,"21,33","NEW rental,docomo FS050W 無制限"
1674,17100,377,3297,Insurance [NONE] / Additional Battery [NONE],362-363Days (Value Rental Pack:6Months Pack＋6Months Pack＋1Day),,,docomo FS050W Unlimited Data,1,,,,,,,,*,,*,,,,,,,,,,,,,,,,,,,,,,,,0,1,df_362,,1,,,129790,,5,,,,,,,,,,,,,,,,,"21,33","NEW rental,docomo FS050W 無制限"
1674,17104,377,3298,Insurance [NONE] / Additional Battery [NONE],363-364Days (Value Rental Pack:6Months Pack＋6Months Pack＋2Days),,,docomo FS050W Unlimited Data,1,,,,,,,,*,,*,,,,,,,,,,,,,,,,,,,,,,,,0,1,df_363,,1,,,130780,,5,,,,,,,,,,,,,,,,,"21,33","NEW rental,docomo FS050W 無制限"
1674,17108,377,3299,Insurance [NONE] / Additional Battery [NONE],364-365Days (Value Rental Pack:6Months Pack＋6Months Pack＋3Days),,,docomo FS050W Unlimited Data,1,,,,,,,,*,,*,,,,,,,,,,,,,,,,,,,,,,,,0,1,df_364,,1,,,131770,,5,,,,,,,,,,,,,,,,,"21,33","NEW rental,docomo FS050W 無制限"
1674,15655,378,2936,Insurance [NONE] / Additional Battery [YES],1-2Days,,,docomo FS050W Unlimited Data,1,,,,,,,,*,,*,,,,,,,,,,,,,,,,,,,,,,,,0,1,df_001_bt,,1,,,2080,,5,,,,,,,,,,,,,,,,,"21,33","NEW rental,docomo FS050W 無制限"
1674,15659,378,2937,Insurance [NONE] / Additional Battery [YES],2-3Days,,,docomo FS050W Unlimited Data,1,,,,,,,,*,,*,,,,,,,,,,,,,,,,,,,,,,,,0,1,df_002_bt,,1,,,3120,,5,,,,,,,,,,,,,,,,,"21,33","NEW rental,docomo FS050W 無制限"
1674,15663,378,2938,Insurance [NONE] / Additional Battery [YES],3-4Days,,,docomo FS050W Unlimited Data,1,,,,,,,,*,,*,,,,,,,,,,,,,,,,,,,,,,,,0,1,df_003_bt,,1,,,4160,,5,,,,,,,,,,,,,,,,,"21,33","NEW rental,docomo FS050W 無制限"
1674,15667,378,2939,Insurance [NONE] / Additional Battery [YES],4-5Days,,,docomo FS050W Unlimited Data,1,,,,,,,,*,,*,,,,,,,,,,,,,,,,,,,,,,,,0,1,df_004_bt,,1,,,5200,,5,,,,,,,,,,,,,,,,,"21,33","NEW rental,docomo FS050W 無制限"
1674,15671,378,2940,Insurance [NONE] / Additional Battery [YES],5-6Days,,,docomo FS050W Unlimited Data,1,,,,,,,,*,,*,,,,,,,,,,,,,,,,,,,,,,,,0,1,df_005_bt,,1,,,6240,,5,,,,,,,,,,,,,,,,,"21,33","NEW rental,docomo FS050W 無制限"
1674,15675,378,2941,Insurance [NONE] / Additional Battery [YES],6-7Days,,,docomo FS050W Unlimited Data,1,,,,,,,,*,,*,,,,,,,,,,,,,,,,,,,,,,,,0,1,df_006_bt,,1,,,7280,,5,,,,,,,,,,,,,,,,,"21,33","NEW rental,docomo FS050W 無制限"
1674,15679,378,2942,Insurance [NONE] / Additional Battery [YES],7-8Days,,,docomo FS050W Unlimited Data,1,,,,,,,,*,,*,,,,,,,,,,,,,,,,,,,,,,,,0,1,df_007_bt,,1,,,8320,,5,,,,,,,,,,,,,,,,,"21,33","NEW rental,docomo FS050W 無制限"
1674,15683,378,2943,Insurance [NONE] / Additional Battery [YES],8-9Days,,,docomo FS050W Unlimited Data,1,,,,,,,,*,,*,,,,,,,,,,,,,,,,,,,,,,,,0,1,df_008_bt,,1,,,9360,,5,,,,,,,,,,,,,,,,,"21,33","NEW rental,docomo FS050W 無制限"
1674,15687,378,2944,Insurance [NONE] / Additional Battery [YES],9-10Days,,,docomo FS050W Unlimited Data,1,,,,,,,,*,,*,,,,,,,,,,,,,,,,,,,,,,,,0,1,df_009_bt,,1,,,10400,,5,,,,,,,,,,,,,,,,,"21,33","NEW rental,docomo FS050W 無制限"
1674,15691,378,2945,Insurance [NONE] / Additional Battery [YES],10-11Days,,,docomo FS050W Unlimited Data,1,,,,,,,,*,,*,,,,,,,,,,,,,,,,,,,,,,,,0,1,df_010_bt,,1,,,11440,,5,,,,,,,,,,,,,,,,,"21,33","NEW rental,docomo FS050W 無制限"
1674,15695,378,2946,Insurance [NONE] / Additional Battery [YES],11-12Days,,,docomo FS050W Unlimited Data,1,,,,,,,,*,,*,,,,,,,,,,,,,,,,,,,,,,,,0,1,df_011_bt,,1,,,12480,,5,,,,,,,,,,,,,,,,,"21,33","NEW rental,docomo FS050W 無制限"
1674,15699,378,2947,Insurance [NONE] / Additional Battery [YES],12-13Days,,,docomo FS050W Unlimited Data,1,,,,,,,,*,,*,,,,,,,,,,,,,,,,,,,,,,,,0,1,df_012_bt,,1,,,13520,,5,,,,,,,,,,,,,,,,,"21,33","NEW rental,docomo FS050W 無制限"
1674,15703,378,2948,Insurance [NONE] / Additional Battery [YES],13-14Days,,,docomo FS050W Unlimited Data,1,,,,,,,,*,,*,,,,,,,,,,,,,,,,,,,,,,,,0,1,df_013_bt,,1,,,14560,,5,,,,,,,,,,,,,,,,,"21,33","NEW rental,docomo FS050W 無制限"
1674,15707,378,2949,Insurance [NONE] / Additional Battery [YES],14-15Days (Value Rental Pack:1Month Pack),,,docomo FS050W Unlimited Data,1,,,,,,,,*,,*,,,,,,,,,,,,,,,,,,,,,,,,0,1,df_014_bt,,1,,,15600,,5,,,,,,,,,,,,,,,,,"21,33","NEW rental,docomo FS050W 無制限"
1674,15711,378,2950,Insurance [NONE] / Additional Battery [YES],15-16Days (Value Rental Pack:1Month Pack),,,docomo FS050W Unlimited Data,1,,,,,,,,*,,*,,,,,,,,,,,,,,,,,,,,,,,,0,1,df_014_bt,,1,,,15600,,5,,,,,,,,,,,,,,,,,"21,33","NEW rental,docomo FS050W 無制限"
1674,15715,378,2951,Insurance [NONE] / Additional Battery [YES],16-17Days (Value Rental Pack:1Month Pack),,,docomo FS050W Unlimited Data,1,,,,,,,,*,,*,,,,,,,,,,,,,,,,,,,,,,,,0,1,df_014_bt,,1,,,15600,,5,,,,,,,,,,,,,,,,,"21,33","NEW rental,docomo FS050W 無制限"
1674,15719,378,2952,Insurance [NONE] / Additional Battery [YES],17-18Days (Value Rental Pack:1Month Pack),,,docomo FS050W Unlimited Data,1,,,,,,,,*,,*,,,,,,,,,,,,,,,,,,,,,,,,0,1,df_014_bt,,1,,,15600,,5,,,,,,,,,,,,,,,,,"21,33","NEW rental,docomo FS050W 無制限"
1674,15723,378,2953,Insurance [NONE] / Additional Battery [YES],18-19Days (Value Rental Pack:1Month Pack),,,docomo FS050W Unlimited Data,1,,,,,,,,*,,*,,,,,,,,,,,,,,,,,,,,,,,,0,1,df_014_bt,,1,,,15600,,5,,,,,,,,,,,,,,,,,"21,33","NEW rental,docomo FS050W 無制限"
1674,15727,378,2954,Insurance [NONE] / Additional Battery [YES],19-20Days (Value Rental Pack:1Month Pack),,,docomo FS050W Unlimited Data,1,,,,,,,,*,,*,,,,,,,,,,,,,,,,,,,,,,,,0,1,df_014_bt,,1,,,15600,,5,,,,,,,,,,,,,,,,,"21,33","NEW rental,docomo FS050W 無制限"
1674,15731,378,2955,Insurance [NONE] / Additional Battery [YES],20-21Days (Value Rental Pack:1Month Pack),,,docomo FS050W Unlimited Data,1,,,,,,,,*,,*,,,,,,,,,,,,,,,,,,,,,,,,0,1,df_014_bt,,1,,,15600,,5,,,,,,,,,,,,,,,,,"21,33","NEW rental,docomo FS050W 無制限"
1674,15735,378,2956,Insurance [NONE] / Additional Battery [YES],21-22Days (Value Rental Pack:1Month Pack),,,docomo FS050W Unlimited Data,1,,,,,,,,*,,*,,,,,,,,,,,,,,,,,,,,,,,,0,1,df_014_bt,,1,,,15600,,5,,,,,,,,,,,,,,,,,"21,33","NEW rental,docomo FS050W 無制限"
1674,15739,378,2957,Insurance [NONE] / Additional Battery [YES],22-23Days (Value Rental Pack:1Month Pack),,,docomo FS050W Unlimited Data,1,,,,,,,,*,,*,,,,,,,,,,,,,,,,,,,,,,,,0,1,df_014_bt,,1,,,15600,,5,,,,,,,,,,,,,,,,,"21,33","NEW rental,docomo FS050W 無制限"
1674,15743,378,2958,Insurance [NONE] / Additional Battery [YES],23-24Days (Value Rental Pack:1Month Pack),,,docomo FS050W Unlimited Data,1,,,,,,,,*,,*,,,,,,,,,,,,,,,,,,,,,,,,0,1,df_014_bt,,1,,,15600,,5,,,,,,,,,,,,,,,,,"21,33","NEW rental,docomo FS050W 無制限"
1674,15747,378,2959,Insurance [NONE] / Additional Battery [YES],24-25Days (Value Rental Pack:1Month Pack),,,docomo FS050W Unlimited Data,1,,,,,,,,*,,*,,,,,,,,,,,,,,,,,,,,,,,,0,1,df_014_bt,,1,,,15600,,5,,,,,,,,,,,,,,,,,"21,33","NEW rental,docomo FS050W 無制限"
1674,15751,378,2960,Insurance [NONE] / Additional Battery [YES],25-26Days (Value Rental Pack:1Month Pack),,,docomo FS050W Unlimited Data,1,,,,,,,,*,,*,,,,,,,,,,,,,,,,,,,,,,,,0,1,df_014_bt,,1,,,15600,,5,,,,,,,,,,,,,,,,,"21,33","NEW rental,docomo FS050W 無制限"
1674,15755,378,2961,Insurance [NONE] / Additional Battery [YES],26-27Days (Value Rental Pack:1Month Pack),,,docomo FS050W Unlimited Data,1,,,,,,,,*,,*,,,,,,,,,,,,,,,,,,,,,,,,0,1,df_014_bt,,1,,,15600,,5,,,,,,,,,,,,,,,,,"21,33","NEW rental,docomo FS050W 無制限"
1674,15759,378,2962,Insurance [NONE] / Additional Battery [YES],27-28Days (Value Rental Pack:1Month Pack),,,docomo FS050W Unlimited Data,1,,,,,,,,*,,*,,,,,,,,,,,,,,,,,,,,,,,,0,1,df_014_bt,,1,,,15600,,5,,,,,,,,,,,,,,,,,"21,33","NEW rental,docomo FS050W 無制限"
1674,15763,378,2963,Insurance [NONE] / Additional Battery [YES],28-29Days (Value Rental Pack:1Month Pack),,,docomo FS050W Unlimited Data,1,,,,,,,,*,,*,,,,,,,,,,,,,,,,,,,,,,,,0,1,df_014_bt,,1,,,15600,,5,,,,,,,,,,,,,,,,,"21,33","NEW rental,docomo FS050W 無制限"
1674,15767,378,2964,Insurance [NONE] / Additional Battery [YES],29-30Days (Value Rental Pack:1Month Pack),,,docomo FS050W Unlimited Data,1,,,,,,,,*,,*,,,,,,,,,,,,,,,,,,,,,,,,0,1,df_014_bt,,1,,,15600,,5,,,,,,,,,,,,,,,,,"21,33","NEW rental,docomo FS050W 無制限"
1674,15771,378,2965,Insurance [NONE] / Additional Battery [YES],30-31Days (Value Rental Pack:1Month Pack),,,docomo FS050W Unlimited Data,1,,,,,,,,*,,*,,,,,,,,,,,,,,,,,,,,,,,,0,1,df_014_bt,,1,,,15600,,5,,,,,,,,,,,,,,,,,"21,33","NEW rental,docomo FS050W 無制限"
1674,15775,378,2966,Insurance [NONE] / Additional Battery [YES],31-32Days (Value Rental Pack:1Month Pack＋1Day),,,docomo FS050W Unlimited Data,1,,,,,,,,*,,*,,,,,,,,,,,,,,,,,,,,,,,,0,1,df_031_bt,,1,,,16640,,5,,,,,,,,,,,,,,,,,"21,33","NEW rental,docomo FS050W 無制限"
1674,15779,378,2967,Insurance [NONE] / Additional Battery [YES],32-33Days (Value Rental Pack:1Month Pack＋2Days),,,docomo FS050W Unlimited Data,1,,,,,,,,*,,*,,,,,,,,,,,,,,,,,,,,,,,,0,1,df_032_bt,,1,,,17680,,5,,,,,,,,,,,,,,,,,"21,33","NEW rental,docomo FS050W 無制限"
1674,15783,378,2968,Insurance [NONE] / Additional Battery [YES],33-34Days (Value Rental Pack:1Month Pack＋3Days),,,docomo FS050W Unlimited Data,1,,,,,,,,*,,*,,,,,,,,,,,,,,,,,,,,,,,,0,1,df_033_bt,,1,,,18720,,5,,,,,,,,,,,,,,,,,"21,33","NEW rental,docomo FS050W 無制限"
1674,15787,378,2969,Insurance [NONE] / Additional Battery [YES],34-35Days (Value Rental Pack:1Month Pack＋4Days),,,docomo FS050W Unlimited Data,1,,,,,,,,*,,*,,,,,,,,,,,,,,,,,,,,,,,,0,1,df_034_bt,,1,,,19760,,5,,,,,,,,,,,,,,,,,"21,33","NEW rental,docomo FS050W 無制限"
1674,15791,378,2970,Insurance [NONE] / Additional Battery [YES],35-36Days (Value Rental Pack:1Month Pack＋5Days),,,docomo FS050W Unlimited Data,1,,,,,,,,*,,*,,,,,,,,,,,,,,,,,,,,,,,,0,1,df_035_bt,,1,,,20800,,5,,,,,,,,,,,,,,,,,"21,33","NEW rental,docomo FS050W 無制限"
1674,15795,378,2971,Insurance [NONE] / Additional Battery [YES],36-37Days (Value Rental Pack:1Month Pack＋6Days),,,docomo FS050W Unlimited Data,1,,,,,,,,*,,*,,,,,,,,,,,,,,,,,,,,,,,,0,1,df_036_bt,,1,,,21840,,5,,,,,,,,,,,,,,,,,"21,33","NEW rental,docomo FS050W 無制限"
1674,15799,378,2972,Insurance [NONE] / Additional Battery [YES],37-38Days (Value Rental Pack:1Month Pack＋7Days),,,docomo FS050W Unlimited Data,1,,,,,,,,*,,*,,,,,,,,,,,,,,,,,,,,,,,,0,1,df_037_bt,,1,,,22830,,5,,,,,,,,,,,,,,,,,"21,33","NEW rental,docomo FS050W 無制限"
1674,15803,378,2973,Insurance [NONE] / Additional Battery [YES],38-39Days (Value Rental Pack:1Month Pack＋8Days),,,docomo FS050W Unlimited Data,1,,,,,,,,*,,*,,,,,,,,,,,,,,,,,,,,,,,,0,1,df_038_bt,,1,,,23820,,5,,,,,,,,,,,,,,,,,"21,33","NEW rental,docomo FS050W 無制限"
1674,15807,378,2974,Insurance [NONE] / Additional Battery [YES],39-40Days (Value Rental Pack:1Month Pack＋9Days),,,docomo FS050W Unlimited Data,1,,,,,,,,*,,*,,,,,,,,,,,,,,,,,,,,,,,,0,1,df_039_bt,,1,,,24810,,5,,,,,,,,,,,,,,,,,"21,33","NEW rental,docomo FS050W 無制限"
1674,15811,378,2975,Insurance [NONE] / Additional Battery [YES],40-41Days (Value Rental Pack:1Month Pack＋10Days),,,docomo FS050W Unlimited Data,1,,,,,,,,*,,*,,,,,,,,,,,,,,,,,,,,,,,,0,1,df_040_bt,,1,,,25800,,5,,,,,,,,,,,,,,,,,"21,33","NEW rental,docomo FS050W 無制限"
1674,15815,378,2976,Insurance [NONE] / Additional Battery [YES],41-42Days (Value Rental Pack:1Month Pack＋11Days),,,docomo FS050W Unlimited Data,1,,,,,,,,*,,*,,,,,,,,,,,,,,,,,,,,,,,,0,1,df_041_bt,,1,,,26790,,5,,,,,,,,,,,,,,,,,"21,33","NEW rental,docomo FS050W 無制限"
1674,15819,378,2977,Insurance [NONE] / Additional Battery [YES],42-43Days (Value Rental Pack:2Months Pack),,,docomo FS050W Unlimited Data,1,,,,,,,,*,,*,,,,,,,,,,,,,,,,,,,,,,,,0,1,df_060_bt,,1,,,27650,,5,,,,,,,,,,,,,,,,,"21,33","NEW rental,docomo FS050W 無制限"
1674,15823,378,2978,Insurance [NONE] / Additional Battery [YES],43-44Days (Value Rental Pack:2Months Pack),,,docomo FS050W Unlimited Data,1,,,,,,,,*,,*,,,,,,,,,,,,,,,,,,,,,,,,0,1,df_060_bt,,1,,,27650,,5,,,,,,,,,,,,,,,,,"21,33","NEW rental,docomo FS050W 無制限"
1674,15827,378,2979,Insurance [NONE] / Additional Battery [YES],44-45Days (Value Rental Pack:2Months Pack),,,docomo FS050W Unlimited Data,1,,,,,,,,*,,*,,,,,,,,,,,,,,,,,,,,,,,,0,1,df_060_bt,,1,,,27650,,5,,,,,,,,,,,,,,,,,"21,33","NEW rental,docomo FS050W 無制限"
1674,15831,378,2980,Insurance [NONE] / Additional Battery [YES],45-46Days (Value Rental Pack:2Months Pack),,,docomo FS050W Unlimited Data,1,,,,,,,,*,,*,,,,,,,,,,,,,,,,,,,,,,,,0,1,df_060_bt,,1,,,27650,,5,,,,,,,,,,,,,,,,,"21,33","NEW rental,docomo FS050W 無制限"
1674,15835,378,2981,Insurance [NONE] / Additional Battery [YES],46-47Days (Value Rental Pack:2Months Pack),,,docomo FS050W Unlimited Data,1,,,,,,,,*,,*,,,,,,,,,,,,,,,,,,,,,,,,0,1,df_060_bt,,1,,,27650,,5,,,,,,,,,,,,,,,,,"21,33","NEW rental,docomo FS050W 無制限"
1674,15839,378,2982,Insurance [NONE] / Additional Battery [YES],47-48Days (Value Rental Pack:2Months Pack),,,docomo FS050W Unlimited Data,1,,,,,,,,*,,*,,,,,,,,,,,,,,,,,,,,,,,,0,1,df_060_bt,,1,,,27650,,5,,,,,,,,,,,,,,,,,"21,33","NEW rental,docomo FS050W 無制限"
1674,15843,378,2983,Insurance [NONE] / Additional Battery [YES],48-49Days (Value Rental Pack:2Months Pack),,,docomo FS050W Unlimited Data,1,,,,,,,,*,,*,,,,,,,,,,,,,,,,,,,,,,,,0,1,df_060_bt,,1,,,27650,,5,,,,,,,,,,,,,,,,,"21,33","NEW rental,docomo FS050W 無制限"
1674,15847,378,2984,Insurance [NONE] / Additional Battery [YES],49-50Days (Value Rental Pack:2Months Pack),,,docomo FS050W Unlimited Data,1,,,,,,,,*,,*,,,,,,,,,,,,,,,,,,,,,,,,0,1,df_060_bt,,1,,,27650,,5,,,,,,,,,,,,,,,,,"21,33","NEW rental,docomo FS050W 無制限"
1674,15851,378,2985,Insurance [NONE] / Additional Battery [YES],50-51Days (Value Rental Pack:2Months Pack),,,docomo FS050W Unlimited Data,1,,,,,,,,*,,*,,,,,,,,,,,,,,,,,,,,,,,,0,1,df_060_bt,,1,,,27650,,5,,,,,,,,,,,,,,,,,"21,33","NEW rental,docomo FS050W 無制限"
1674,15855,378,2986,Insurance [NONE] / Additional Battery [YES],51-52Days (Value Rental Pack:2Months Pack),,,docomo FS050W Unlimited Data,1,,,,,,,,*,,*,,,,,,,,,,,,,,,,,,,,,,,,0,1,df_060_bt,,1,,,27650,,5,,,,,,,,,,,,,,,,,"21,33","NEW rental,docomo FS050W 無制限"
1674,15859,378,2987,Insurance [NONE] / Additional Battery [YES],52-53Days (Value Rental Pack:2Months Pack),,,docomo FS050W Unlimited Data,1,,,,,,,,*,,*,,,,,,,,,,,,,,,,,,,,,,,,0,1,df_060_bt,,1,,,27650,,5,,,,,,,,,,,,,,,,,"21,33","NEW rental,docomo FS050W 無制限"
1674,15863,378,2988,Insurance [NONE] / Additional Battery [YES],53-54Days (Value Rental Pack:2Months Pack),,,docomo FS050W Unlimited Data,1,,,,,,,,*,,*,,,,,,,,,,,,,,,,,,,,,,,,0,1,df_060_bt,,1,,,27650,,5,,,,,,,,,,,,,,,,,"21,33","NEW rental,docomo FS050W 無制限"
1674,15867,378,2989,Insurance [NONE] / Additional Battery [YES],54-55Days (Value Rental Pack:2Months Pack),,,docomo FS050W Unlimited Data,1,,,,,,,,*,,*,,,,,,,,,,,,,,,,,,,,,,,,0,1,df_060_bt,,1,,,27650,,5,,,,,,,,,,,,,,,,,"21,33","NEW rental,docomo FS050W 無制限"
1674,15871,378,2990,Insurance [NONE] / Additional Battery [YES],55-56Days (Value Rental Pack:2Months Pack),,,docomo FS050W Unlimited Data,1,,,,,,,,*,,*,,,,,,,,,,,,,,,,,,,,,,,,0,1,df_060_bt,,1,,,27650,,5,,,,,,,,,,,,,,,,,"21,33","NEW rental,docomo FS050W 無制限"
1674,15875,378,2991,Insurance [NONE] / Additional Battery [YES],56-57Days (Value Rental Pack:2Months Pack),,,docomo FS050W Unlimited Data,1,,,,,,,,*,,*,,,,,,,,,,,,,,,,,,,,,,,,0,1,df_060_bt,,1,,,27650,,5,,,,,,,,,,,,,,,,,"21,33","NEW rental,docomo FS050W 無制限"
1674,15879,378,2992,Insurance [NONE] / Additional Battery [YES],57-58Days (Value Rental Pack:2Months Pack),,,docomo FS050W Unlimited Data,1,,,,,,,,*,,*,,,,,,,,,,,,,,,,,,,,,,,,0,1,df_060_bt,,1,,,27650,,5,,,,,,,,,,,,,,,,,"21,33","NEW rental,docomo FS050W 無制限"
1674,15883,378,2993,Insurance [NONE] / Additional Battery [YES],58-59Days (Value Rental Pack:2Months Pack),,,docomo FS050W Unlimited Data,1,,,,,,,,*,,*,,,,,,,,,,,,,,,,,,,,,,,,0,1,df_060_bt,,1,,,27650,,5,,,,,,,,,,,,,,,,,"21,33","NEW rental,docomo FS050W 無制限"
1674,15887,378,2994,Insurance [NONE] / Additional Battery [YES],59-60Days (Value Rental Pack:2Months Pack),,,docomo FS050W Unlimited Data,1,,,,,,,,*,,*,,,,,,,,,,,,,,,,,,,,,,,,0,1,df_060_bt,,1,,,27650,,5,,,,,,,,,,,,,,,,,"21,33","NEW rental,docomo FS050W 無制限"
1674,15891,378,2995,Insurance [NONE] / Additional Battery [YES],60-61Days (Value Rental Pack:2Months Pack),,,docomo FS050W Unlimited Data,1,,,,,,,,*,,*,,,,,,,,,,,,,,,,,,,,,,,,0,1,df_060_bt,,1,,,27650,,5,,,,,,,,,,,,,,,,,"21,33","NEW rental,docomo FS050W 無制限"
1674,15895,378,2996,Insurance [NONE] / Additional Battery [YES],61-62Days (Value Rental Pack:2Months Pack＋1Day),,,docomo FS050W Unlimited Data,1,,,,,,,,*,,*,,,,,,,,,,,,,,,,,,,,,,,,0,1,df_061_bt,,1,,,28690,,5,,,,,,,,,,,,,,,,,"21,33","NEW rental,docomo FS050W 無制限"
1674,15899,378,2997,Insurance [NONE] / Additional Battery [YES],62-63Days (Value Rental Pack:2Months Pack＋2Days),,,docomo FS050W Unlimited Data,1,,,,,,,,*,,*,,,,,,,,,,,,,,,,,,,,,,,,0,1,df_062_bt,,1,,,29730,,5,,,,,,,,,,,,,,,,,"21,33","NEW rental,docomo FS050W 無制限"
1674,15903,378,2998,Insurance [NONE] / Additional Battery [YES],63-64Days (Value Rental Pack:2Months Pack＋3Days),,,docomo FS050W Unlimited Data,1,,,,,,,,*,,*,,,,,,,,,,,,,,,,,,,,,,,,0,1,df_063_bt,,1,,,30770,,5,,,,,,,,,,,,,,,,,"21,33","NEW rental,docomo FS050W 無制限"
1674,15907,378,2999,Insurance [NONE] / Additional Battery [YES],64-65Days (Value Rental Pack:2Months Pack＋4Days),,,docomo FS050W Unlimited Data,1,,,,,,,,*,,*,,,,,,,,,,,,,,,,,,,,,,,,0,1,df_064_bt,,1,,,31810,,5,,,,,,,,,,,,,,,,,"21,33","NEW rental,docomo FS050W 無制限"
1674,15911,378,3000,Insurance [NONE] / Additional Battery [YES],65-66Days (Value Rental Pack:2Months Pack＋5Days),,,docomo FS050W Unlimited Data,1,,,,,,,,*,,*,,,,,,,,,,,,,,,,,,,,,,,,0,1,df_065_bt,,1,,,32850,,5,,,,,,,,,,,,,,,,,"21,33","NEW rental,docomo FS050W 無制限"
1674,15915,378,3001,Insurance [NONE] / Additional Battery [YES],66-67Days (Value Rental Pack:2Months Pack＋6Days),,,docomo FS050W Unlimited Data,1,,,,,,,,*,,*,,,,,,,,,,,,,,,,,,,,,,,,0,1,df_066_bt,,1,,,33890,,5,,,,,,,,,,,,,,,,,"21,33","NEW rental,docomo FS050W 無制限"
1674,15919,378,3002,Insurance [NONE] / Additional Battery [YES],67-68Days (Value Rental Pack:2Months Pack＋7Days),,,docomo FS050W Unlimited Data,1,,,,,,,,*,,*,,,,,,,,,,,,,,,,,,,,,,,,0,1,df_067_bt,,1,,,34880,,5,,,,,,,,,,,,,,,,,"21,33","NEW rental,docomo FS050W 無制限"
1674,15923,378,3003,Insurance [NONE] / Additional Battery [YES],68-69Days (Value Rental Pack:2Months Pack＋8Days),,,docomo FS050W Unlimited Data,1,,,,,,,,*,,*,,,,,,,,,,,,,,,,,,,,,,,,0,1,df_068_bt,,1,,,35870,,5,,,,,,,,,,,,,,,,,"21,33","NEW rental,docomo FS050W 無制限"
1674,15927,378,3004,Insurance [NONE] / Additional Battery [YES],69-70Days (Value Rental Pack:2Months Pack＋9Days),,,docomo FS050W Unlimited Data,1,,,,,,,,*,,*,,,,,,,,,,,,,,,,,,,,,,,,0,1,df_069_bt,,1,,,36860,,5,,,,,,,,,,,,,,,,,"21,33","NEW rental,docomo FS050W 無制限"
1674,15931,378,3005,Insurance [NONE] / Additional Battery [YES],70-71Days (Value Rental Pack:2Months Pack＋10Days),,,docomo FS050W Unlimited Data,1,,,,,,,,*,,*,,,,,,,,,,,,,,,,,,,,,,,,0,1,df_070_bt,,1,,,37850,,5,,,,,,,,,,,,,,,,,"21,33","NEW rental,docomo FS050W 無制限"
1674,15935,378,3006,Insurance [NONE] / Additional Battery [YES],71-72Days (Value Rental Pack:3Months Pack),,,docomo FS050W Unlimited Data,1,,,,,,,,*,,*,,,,,,,,,,,,,,,,,,,,,,,,0,1,df_090_bt,,1,,,38550,,5,,,,,,,,,,,,,,,,,"21,33","NEW rental,docomo FS050W 無制限"
1674,15939,378,3007,Insurance [NONE] / Additional Battery [YES],72-73Days (Value Rental Pack:3Months Pack),,,docomo FS050W Unlimited Data,1,,,,,,,,*,,*,,,,,,,,,,,,,,,,,,,,,,,,0,1,df_090_bt,,1,,,38550,,5,,,,,,,,,,,,,,,,,"21,33","NEW rental,docomo FS050W 無制限"
1674,15943,378,3008,Insurance [NONE] / Additional Battery [YES],73-74Days (Value Rental Pack:3Months Pack),,,docomo FS050W Unlimited Data,1,,,,,,,,*,,*,,,,,,,,,,,,,,,,,,,,,,,,0,1,df_090_bt,,1,,,38550,,5,,,,,,,,,,,,,,,,,"21,33","NEW rental,docomo FS050W 無制限"
1674,15947,378,3009,Insurance [NONE] / Additional Battery [YES],74-75Days (Value Rental Pack:3Months Pack),,,docomo FS050W Unlimited Data,1,,,,,,,,*,,*,,,,,,,,,,,,,,,,,,,,,,,,0,1,df_090_bt,,1,,,38550,,5,,,,,,,,,,,,,,,,,"21,33","NEW rental,docomo FS050W 無制限"
1674,15951,378,3010,Insurance [NONE] / Additional Battery [YES],75-76Days (Value Rental Pack:3Months Pack),,,docomo FS050W Unlimited Data,1,,,,,,,,*,,*,,,,,,,,,,,,,,,,,,,,,,,,0,1,df_090_bt,,1,,,38550,,5,,,,,,,,,,,,,,,,,"21,33","NEW rental,docomo FS050W 無制限"
1674,15955,378,3011,Insurance [NONE] / Additional Battery [YES],76-77Days (Value Rental Pack:3Months Pack),,,docomo FS050W Unlimited Data,1,,,,,,,,*,,*,,,,,,,,,,,,,,,,,,,,,,,,0,1,df_090_bt,,1,,,38550,,5,,,,,,,,,,,,,,,,,"21,33","NEW rental,docomo FS050W 無制限"
1674,15959,378,3012,Insurance [NONE] / Additional Battery [YES],77-78Days (Value Rental Pack:3Months Pack),,,docomo FS050W Unlimited Data,1,,,,,,,,*,,*,,,,,,,,,,,,,,,,,,,,,,,,0,1,df_090_bt,,1,,,38550,,5,,,,,,,,,,,,,,,,,"21,33","NEW rental,docomo FS050W 無制限"
1674,15963,378,3013,Insurance [NONE] / Additional Battery [YES],78-79Days (Value Rental Pack:3Months Pack),,,docomo FS050W Unlimited Data,1,,,,,,,,*,,*,,,,,,,,,,,,,,,,,,,,,,,,0,1,df_090_bt,,1,,,38550,,5,,,,,,,,,,,,,,,,,"21,33","NEW rental,docomo FS050W 無制限"
1674,15967,378,3014,Insurance [NONE] / Additional Battery [YES],79-80Days (Value Rental Pack:3Months Pack),,,docomo FS050W Unlimited Data,1,,,,,,,,*,,*,,,,,,,,,,,,,,,,,,,,,,,,0,1,df_090_bt,,1,,,38550,,5,,,,,,,,,,,,,,,,,"21,33","NEW rental,docomo FS050W 無制限"
1674,15971,378,3015,Insurance [NONE] / Additional Battery [YES],80-81Days (Value Rental Pack:3Months Pack),,,docomo FS050W Unlimited Data,1,,,,,,,,*,,*,,,,,,,,,,,,,,,,,,,,,,,,0,1,df_090_bt,,1,,,38550,,5,,,,,,,,,,,,,,,,,"21,33","NEW rental,docomo FS050W 無制限"
1674,15975,378,3016,Insurance [NONE] / Additional Battery [YES],81-82Days (Value Rental Pack:3Months Pack),,,docomo FS050W Unlimited Data,1,,,,,,,,*,,*,,,,,,,,,,,,,,,,,,,,,,,,0,1,df_090_bt,,1,,,38550,,5,,,,,,,,,,,,,,,,,"21,33","NEW rental,docomo FS050W 無制限"
1674,15979,378,3017,Insurance [NONE] / Additional Battery [YES],82-83Days (Value Rental Pack:3Months Pack),,,docomo FS050W Unlimited Data,1,,,,,,,,*,,*,,,,,,,,,,,,,,,,,,,,,,,,0,1,df_090_bt,,1,,,38550,,5,,,,,,,,,,,,,,,,,"21,33","NEW rental,docomo FS050W 無制限"
1674,15983,378,3018,Insurance [NONE] / Additional Battery [YES],83-84Days (Value Rental Pack:3Months Pack),,,docomo FS050W Unlimited Data,1,,,,,,,,*,,*,,,,,,,,,,,,,,,,,,,,,,,,0,1,df_090_bt,,1,,,38550,,5,,,,,,,,,,,,,,,,,"21,33","NEW rental,docomo FS050W 無制限"
1674,15987,378,3019,Insurance [NONE] / Additional Battery [YES],84-85Days (Value Rental Pack:3Months Pack),,,docomo FS050W Unlimited Data,1,,,,,,,,*,,*,,,,,,,,,,,,,,,,,,,,,,,,0,1,df_090_bt,,1,,,38550,,5,,,,,,,,,,,,,,,,,"21,33","NEW rental,docomo FS050W 無制限"
1674,15991,378,3020,Insurance [NONE] / Additional Battery [YES],85-86Days (Value Rental Pack:3Months Pack),,,docomo FS050W Unlimited Data,1,,,,,,,,*,,*,,,,,,,,,,,,,,,,,,,,,,,,0,1,df_090_bt,,1,,,38550,,5,,,,,,,,,,,,,,,,,"21,33","NEW rental,docomo FS050W 無制限"
1674,15995,378,3021,Insurance [NONE] / Additional Battery [YES],86-87Days (Value Rental Pack:3Months Pack),,,docomo FS050W Unlimited Data,1,,,,,,,,*,,*,,,,,,,,,,,,,,,,,,,,,,,,0,1,df_090_bt,,1,,,38550,,5,,,,,,,,,,,,,,,,,"21,33","NEW rental,docomo FS050W 無制限"
1674,15999,378,3022,Insurance [NONE] / Additional Battery [YES],87-88Days (Value Rental Pack:3Months Pack),,,docomo FS050W Unlimited Data,1,,,,,,,,*,,*,,,,,,,,,,,,,,,,,,,,,,,,0,1,df_090_bt,,1,,,38550,,5,,,,,,,,,,,,,,,,,"21,33","NEW rental,docomo FS050W 無制限"
1674,16003,378,3023,Insurance [NONE] / Additional Battery [YES],88-89Days (Value Rental Pack:3Months Pack),,,docomo FS050W Unlimited Data,1,,,,,,,,*,,*,,,,,,,,,,,,,,,,,,,,,,,,0,1,df_090_bt,,1,,,38550,,5,,,,,,,,,,,,,,,,,"21,33","NEW rental,docomo FS050W 無制限"
1674,16007,378,3024,Insurance [NONE] / Additional Battery [YES],89-90Days (Value Rental Pack:3Months Pack),,,docomo FS050W Unlimited Data,1,,,,,,,,*,,*,,,,,,,,,,,,,,,,,,,,,,,,0,1,df_090_bt,,1,,,38550,,5,,,,,,,,,,,,,,,,,"21,33","NEW rental,docomo FS050W 無制限"
1674,16011,378,3025,Insurance [NONE] / Additional Battery [YES],90-91Days (Value Rental Pack:3Months Pack),,,docomo FS050W Unlimited Data,1,,,,,,,,*,,*,,,,,,,,,,,,,,,,,,,,,,,,0,1,df_090_bt,,1,,,38550,,5,,,,,,,,,,,,,,,,,"21,33","NEW rental,docomo FS050W 無制限"
1674,16015,378,3026,Insurance [NONE] / Additional Battery [YES],91-92Days (Value Rental Pack:3Months Pack＋1Day),,,docomo FS050W Unlimited Data,1,,,,,,,,*,,*,,,,,,,,,,,,,,,,,,,,,,,,0,1,df_091_bt,,1,,,39590,,5,,,,,,,,,,,,,,,,,"21,33","NEW rental,docomo FS050W 無制限"
1674,16019,378,3027,Insurance [NONE] / Additional Battery [YES],92-93Days (Value Rental Pack:3Months Pack＋2Days),,,docomo FS050W Unlimited Data,1,,,,,,,,*,,*,,,,,,,,,,,,,,,,,,,,,,,,0,1,df_092_bt,,1,,,40630,,5,,,,,,,,,,,,,,,,,"21,33","NEW rental,docomo FS050W 無制限"
1674,16023,378,3028,Insurance [NONE] / Additional Battery [YES],93-94Days (Value Rental Pack:3Months Pack＋3Days),,,docomo FS050W Unlimited Data,1,,,,,,,,*,,*,,,,,,,,,,,,,,,,,,,,,,,,0,1,df_093_bt,,1,,,41670,,5,,,,,,,,,,,,,,,,,"21,33","NEW rental,docomo FS050W 無制限"
1674,16027,378,3029,Insurance [NONE] / Additional Battery [YES],94-95Days (Value Rental Pack:3Months Pack＋4Days),,,docomo FS050W Unlimited Data,1,,,,,,,,*,,*,,,,,,,,,,,,,,,,,,,,,,,,0,1,df_094_bt,,1,,,42710,,5,,,,,,,,,,,,,,,,,"21,33","NEW rental,docomo FS050W 無制限"
1674,16031,378,3030,Insurance [NONE] / Additional Battery [YES],95-96Days (Value Rental Pack:3Months Pack＋5Days),,,docomo FS050W Unlimited Data,1,,,,,,,,*,,*,,,,,,,,,,,,,,,,,,,,,,,,0,1,df_095_bt,,1,,,43750,,5,,,,,,,,,,,,,,,,,"21,33","NEW rental,docomo FS050W 無制限"
1674,16035,378,3031,Insurance [NONE] / Additional Battery [YES],96-97Days (Value Rental Pack:3Months Pack＋6Days),,,docomo FS050W Unlimited Data,1,,,,,,,,*,,*,,,,,,,,,,,,,,,,,,,,,,,,0,1,df_096_bt,,1,,,44790,,5,,,,,,,,,,,,,,,,,"21,33","NEW rental,docomo FS050W 無制限"
1674,16039,378,3032,Insurance [NONE] / Additional Battery [YES],97-98Days (Value Rental Pack:3Months Pack＋7Days),,,docomo FS050W Unlimited Data,1,,,,,,,,*,,*,,,,,,,,,,,,,,,,,,,,,,,,0,1,df_097_bt,,1,,,45780,,5,,,,,,,,,,,,,,,,,"21,33","NEW rental,docomo FS050W 無制限"
1674,16043,378,3033,Insurance [NONE] / Additional Battery [YES],98-99Days (Value Rental Pack:3Months Pack＋8Days),,,docomo FS050W Unlimited Data,1,,,,,,,,*,,*,,,,,,,,,,,,,,,,,,,,,,,,0,1,df_098_bt,,1,,,46770,,5,,,,,,,,,,,,,,,,,"21,33","NEW rental,docomo FS050W 無制限"
1674,16047,378,3034,Insurance [NONE] / Additional Battery [YES],99-100Days (Value Rental Pack:3Months Pack＋9Days),,,docomo FS050W Unlimited Data,1,,,,,,,,*,,*,,,,,,,,,,,,,,,,,,,,,,,,0,1,df_099_bt,,1,,,47760,,5,,,,,,,,,,,,,,,,,"21,33","NEW rental,docomo FS050W 無制限"
1674,16051,378,3035,Insurance [NONE] / Additional Battery [YES],100-101Days (Value Rental Pack:4Months Pack),,,docomo FS050W Unlimited Data,1,,,,,,,,*,,*,,,,,,,,,,,,,,,,,,,,,,,,0,1,df_120_bt,,1,,,48350,,5,,,,,,,,,,,,,,,,,"21,33","NEW rental,docomo FS050W 無制限"
1674,16055,378,3036,Insurance [NONE] / Additional Battery [YES],101-102Days (Value Rental Pack:4Months Pack),,,docomo FS050W Unlimited Data,1,,,,,,,,*,,*,,,,,,,,,,,,,,,,,,,,,,,,0,1,df_120_bt,,1,,,48350,,5,,,,,,,,,,,,,,,,,"21,33","NEW rental,docomo FS050W 無制限"
1674,16059,378,3037,Insurance [NONE] / Additional Battery [YES],102-103Days (Value Rental Pack:4Months Pack),,,docomo FS050W Unlimited Data,1,,,,,,,,*,,*,,,,,,,,,,,,,,,,,,,,,,,,0,1,df_120_bt,,1,,,48350,,5,,,,,,,,,,,,,,,,,"21,33","NEW rental,docomo FS050W 無制限"
1674,16063,378,3038,Insurance [NONE] / Additional Battery [YES],103-104Days (Value Rental Pack:4Months Pack),,,docomo FS050W Unlimited Data,1,,,,,,,,*,,*,,,,,,,,,,,,,,,,,,,,,,,,0,1,df_120_bt,,1,,,48350,,5,,,,,,,,,,,,,,,,,"21,33","NEW rental,docomo FS050W 無制限"
1674,16067,378,3039,Insurance [NONE] / Additional Battery [YES],104-105Days (Value Rental Pack:4Months Pack),,,docomo FS050W Unlimited Data,1,,,,,,,,*,,*,,,,,,,,,,,,,,,,,,,,,,,,0,1,df_120_bt,,1,,,48350,,5,,,,,,,,,,,,,,,,,"21,33","NEW rental,docomo FS050W 無制限"
1674,16071,378,3040,Insurance [NONE] / Additional Battery [YES],105-106Days (Value Rental Pack:4Months Pack),,,docomo FS050W Unlimited Data,1,,,,,,,,*,,*,,,,,,,,,,,,,,,,,,,,,,,,0,1,df_120_bt,,1,,,48350,,5,,,,,,,,,,,,,,,,,"21,33","NEW rental,docomo FS050W 無制限"
1674,16075,378,3041,Insurance [NONE] / Additional Battery [YES],106-107Days (Value Rental Pack:4Months Pack),,,docomo FS050W Unlimited Data,1,,,,,,,,*,,*,,,,,,,,,,,,,,,,,,,,,,,,0,1,df_120_bt,,1,,,48350,,5,,,,,,,,,,,,,,,,,"21,33","NEW rental,docomo FS050W 無制限"
1674,16079,378,3042,Insurance [NONE] / Additional Battery [YES],107-108Days (Value Rental Pack:4Months Pack),,,docomo FS050W Unlimited Data,1,,,,,,,,*,,*,,,,,,,,,,,,,,,,,,,,,,,,0,1,df_120_bt,,1,,,48350,,5,,,,,,,,,,,,,,,,,"21,33","NEW rental,docomo FS050W 無制限"
1674,16083,378,3043,Insurance [NONE] / Additional Battery [YES],108-109Days (Value Rental Pack:4Months Pack),,,docomo FS050W Unlimited Data,1,,,,,,,,*,,*,,,,,,,,,,,,,,,,,,,,,,,,0,1,df_120_bt,,1,,,48350,,5,,,,,,,,,,,,,,,,,"21,33","NEW rental,docomo FS050W 無制限"
1674,16087,378,3044,Insurance [NONE] / Additional Battery [YES],109-110Days (Value Rental Pack:4Months Pack),,,docomo FS050W Unlimited Data,1,,,,,,,,*,,*,,,,,,,,,,,,,,,,,,,,,,,,0,1,df_120_bt,,1,,,48350,,5,,,,,,,,,,,,,,,,,"21,33","NEW rental,docomo FS050W 無制限"
1674,16091,378,3045,Insurance [NONE] / Additional Battery [YES],110-111Days (Value Rental Pack:4Months Pack),,,docomo FS050W Unlimited Data,1,,,,,,,,*,,*,,,,,,,,,,,,,,,,,,,,,,,,0,1,df_120_bt,,1,,,48350,,5,,,,,,,,,,,,,,,,,"21,33","NEW rental,docomo FS050W 無制限"
1674,16095,378,3046,Insurance [NONE] / Additional Battery [YES],111-112Days (Value Rental Pack:4Months Pack),,,docomo FS050W Unlimited Data,1,,,,,,,,*,,*,,,,,,,,,,,,,,,,,,,,,,,,0,1,df_120_bt,,1,,,48350,,5,,,,,,,,,,,,,,,,,"21,33","NEW rental,docomo FS050W 無制限"
1674,16099,378,3047,Insurance [NONE] / Additional Battery [YES],112-113Days (Value Rental Pack:4Months Pack),,,docomo FS050W Unlimited Data,1,,,,,,,,*,,*,,,,,,,,,,,,,,,,,,,,,,,,0,1,df_120_bt,,1,,,48350,,5,,,,,,,,,,,,,,,,,"21,33","NEW rental,docomo FS050W 無制限"
1674,16103,378,3048,Insurance [NONE] / Additional Battery [YES],113-114Days (Value Rental Pack:4Months Pack),,,docomo FS050W Unlimited Data,1,,,,,,,,*,,*,,,,,,,,,,,,,,,,,,,,,,,,0,1,df_120_bt,,1,,,48350,,5,,,,,,,,,,,,,,,,,"21,33","NEW rental,docomo FS050W 無制限"
1674,16107,378,3049,Insurance [NONE] / Additional Battery [YES],114-115Days (Value Rental Pack:4Months Pack),,,docomo FS050W Unlimited Data,1,,,,,,,,*,,*,,,,,,,,,,,,,,,,,,,,,,,,0,1,df_120_bt,,1,,,48350,,5,,,,,,,,,,,,,,,,,"21,33","NEW rental,docomo FS050W 無制限"
1674,16111,378,3050,Insurance [NONE] / Additional Battery [YES],115-116Days (Value Rental Pack:4Months Pack),,,docomo FS050W Unlimited Data,1,,,,,,,,*,,*,,,,,,,,,,,,,,,,,,,,,,,,0,1,df_120_bt,,1,,,48350,,5,,,,,,,,,,,,,,,,,"21,33","NEW rental,docomo FS050W 無制限"
1674,16115,378,3051,Insurance [NONE] / Additional Battery [YES],116-117Days (Value Rental Pack:4Months Pack),,,docomo FS050W Unlimited Data,1,,,,,,,,*,,*,,,,,,,,,,,,,,,,,,,,,,,,0,1,df_120_bt,,1,,,48350,,5,,,,,,,,,,,,,,,,,"21,33","NEW rental,docomo FS050W 無制限"
1674,16119,378,3052,Insurance [NONE] / Additional Battery [YES],117-118Days (Value Rental Pack:4Months Pack),,,docomo FS050W Unlimited Data,1,,,,,,,,*,,*,,,,,,,,,,,,,,,,,,,,,,,,0,1,df_120_bt,,1,,,48350,,5,,,,,,,,,,,,,,,,,"21,33","NEW rental,docomo FS050W 無制限"
1674,16123,378,3053,Insurance [NONE] / Additional Battery [YES],118-119Days (Value Rental Pack:4Months Pack),,,docomo FS050W Unlimited Data,1,,,,,,,,*,,*,,,,,,,,,,,,,,,,,,,,,,,,0,1,df_120_bt,,1,,,48350,,5,,,,,,,,,,,,,,,,,"21,33","NEW rental,docomo FS050W 無制限"
1674,16127,378,3054,Insurance [NONE] / Additional Battery [YES],119-120Days (Value Rental Pack:4Months Pack),,,docomo FS050W Unlimited Data,1,,,,,,,,*,,*,,,,,,,,,,,,,,,,,,,,,,,,0,1,df_120_bt,,1,,,48350,,5,,,,,,,,,,,,,,,,,"21,33","NEW rental,docomo FS050W 無制限"
1674,16131,378,3055,Insurance [NONE] / Additional Battery [YES],120-121Days (Value Rental Pack:4Months Pack),,,docomo FS050W Unlimited Data,1,,,,,,,,*,,*,,,,,,,,,,,,,,,,,,,,,,,,0,1,df_120_bt,,1,,,48350,,5,,,,,,,,,,,,,,,,,"21,33","NEW rental,docomo FS050W 無制限"
1674,16135,378,3056,Insurance [NONE] / Additional Battery [YES],121-122Days (Value Rental Pack:4Months Pack＋1Day),,,docomo FS050W Unlimited Data,1,,,,,,,,*,,*,,,,,,,,,,,,,,,,,,,,,,,,0,1,df_121_bt,,1,,,49390,,5,,,,,,,,,,,,,,,,,"21,33","NEW rental,docomo FS050W 無制限"
1674,16139,378,3057,Insurance [NONE] / Additional Battery [YES],122-123Days (Value Rental Pack:4Months Pack＋2Days),,,docomo FS050W Unlimited Data,1,,,,,,,,*,,*,,,,,,,,,,,,,,,,,,,,,,,,0,1,df_122_bt,,1,,,50430,,5,,,,,,,,,,,,,,,,,"21,33","NEW rental,docomo FS050W 無制限"
1674,16143,378,3058,Insurance [NONE] / Additional Battery [YES],123-124Days (Value Rental Pack:4Months Pack＋3Days),,,docomo FS050W Unlimited Data,1,,,,,,,,*,,*,,,,,,,,,,,,,,,,,,,,,,,,0,1,df_123_bt,,1,,,51470,,5,,,,,,,,,,,,,,,,,"21,33","NEW rental,docomo FS050W 無制限"
1674,16147,378,3059,Insurance [NONE] / Additional Battery [YES],124-125Days (Value Rental Pack:4Months Pack＋4Days),,,docomo FS050W Unlimited Data,1,,,,,,,,*,,*,,,,,,,,,,,,,,,,,,,,,,,,0,1,df_124_bt,,1,,,52510,,5,,,,,,,,,,,,,,,,,"21,33","NEW rental,docomo FS050W 無制限"
1674,16151,378,3060,Insurance [NONE] / Additional Battery [YES],125-126Days (Value Rental Pack:4Months Pack＋5Days),,,docomo FS050W Unlimited Data,1,,,,,,,,*,,*,,,,,,,,,,,,,,,,,,,,,,,,0,1,df_125_bt,,1,,,53550,,5,,,,,,,,,,,,,,,,,"21,33","NEW rental,docomo FS050W 無制限"
1674,16155,378,3061,Insurance [NONE] / Additional Battery [YES],126-127Days (Value Rental Pack:4Months Pack＋6Days),,,docomo FS050W Unlimited Data,1,,,,,,,,*,,*,,,,,,,,,,,,,,,,,,,,,,,,0,1,df_126_bt,,1,,,54590,,5,,,,,,,,,,,,,,,,,"21,33","NEW rental,docomo FS050W 無制限"
1674,16159,378,3062,Insurance [NONE] / Additional Battery [YES],127-128Days (Value Rental Pack:4Months Pack＋7Days),,,docomo FS050W Unlimited Data,1,,,,,,,,*,,*,,,,,,,,,,,,,,,,,,,,,,,,0,1,df_127_bt,,1,,,55580,,5,,,,,,,,,,,,,,,,,"21,33","NEW rental,docomo FS050W 無制限"
1674,16163,378,3063,Insurance [NONE] / Additional Battery [YES],128-129Days (Value Rental Pack:4Months Pack＋8Days),,,docomo FS050W Unlimited Data,1,,,,,,,,*,,*,,,,,,,,,,,,,,,,,,,,,,,,0,1,df_128_bt,,1,,,56570,,5,,,,,,,,,,,,,,,,,"21,33","NEW rental,docomo FS050W 無制限"
1674,16167,378,3064,Insurance [NONE] / Additional Battery [YES],129-130Days (Value Rental Pack:4Months Pack＋9Days),,,docomo FS050W Unlimited Data,1,,,,,,,,*,,*,,,,,,,,,,,,,,,,,,,,,,,,0,1,df_129_bt,,1,,,57560,,5,,,,,,,,,,,,,,,,,"21,33","NEW rental,docomo FS050W 無制限"
1674,16171,378,3065,Insurance [NONE] / Additional Battery [YES],130-131Days (Value Rental Pack:5Months Pack),,,docomo FS050W Unlimited Data,1,,,,,,,,*,,*,,,,,,,,,,,,,,,,,,,,,,,,0,1,df_150_bt,,1,,,58050,,5,,,,,,,,,,,,,,,,,"21,33","NEW rental,docomo FS050W 無制限"
1674,16175,378,3066,Insurance [NONE] / Additional Battery [YES],131-132Days (Value Rental Pack:5Months Pack),,,docomo FS050W Unlimited Data,1,,,,,,,,*,,*,,,,,,,,,,,,,,,,,,,,,,,,0,1,df_150_bt,,1,,,58050,,5,,,,,,,,,,,,,,,,,"21,33","NEW rental,docomo FS050W 無制限"
1674,16179,378,3067,Insurance [NONE] / Additional Battery [YES],132-133Days (Value Rental Pack:5Months Pack),,,docomo FS050W Unlimited Data,1,,,,,,,,*,,*,,,,,,,,,,,,,,,,,,,,,,,,0,1,df_150_bt,,1,,,58050,,5,,,,,,,,,,,,,,,,,"21,33","NEW rental,docomo FS050W 無制限"
1674,16183,378,3068,Insurance [NONE] / Additional Battery [YES],133-134Days (Value Rental Pack:5Months Pack),,,docomo FS050W Unlimited Data,1,,,,,,,,*,,*,,,,,,,,,,,,,,,,,,,,,,,,0,1,df_150_bt,,1,,,58050,,5,,,,,,,,,,,,,,,,,"21,33","NEW rental,docomo FS050W 無制限"
1674,16187,378,3069,Insurance [NONE] / Additional Battery [YES],134-135Days (Value Rental Pack:5Months Pack),,,docomo FS050W Unlimited Data,1,,,,,,,,*,,*,,,,,,,,,,,,,,,,,,,,,,,,0,1,df_150_bt,,1,,,58050,,5,,,,,,,,,,,,,,,,,"21,33","NEW rental,docomo FS050W 無制限"
1674,16191,378,3070,Insurance [NONE] / Additional Battery [YES],135-136Days (Value Rental Pack:5Months Pack),,,docomo FS050W Unlimited Data,1,,,,,,,,*,,*,,,,,,,,,,,,,,,,,,,,,,,,0,1,df_150_bt,,1,,,58050,,5,,,,,,,,,,,,,,,,,"21,33","NEW rental,docomo FS050W 無制限"
1674,16195,378,3071,Insurance [NONE] / Additional Battery [YES],136-137Days (Value Rental Pack:5Months Pack),,,docomo FS050W Unlimited Data,1,,,,,,,,*,,*,,,,,,,,,,,,,,,,,,,,,,,,0,1,df_150_bt,,1,,,58050,,5,,,,,,,,,,,,,,,,,"21,33","NEW rental,docomo FS050W 無制限"
1674,16199,378,3072,Insurance [NONE] / Additional Battery [YES],137-138Days (Value Rental Pack:5Months Pack),,,docomo FS050W Unlimited Data,1,,,,,,,,*,,*,,,,,,,,,,,,,,,,,,,,,,,,0,1,df_150_bt,,1,,,58050,,5,,,,,,,,,,,,,,,,,"21,33","NEW rental,docomo FS050W 無制限"
1674,16203,378,3073,Insurance [NONE] / Additional Battery [YES],138-139Days (Value Rental Pack:5Months Pack),,,docomo FS050W Unlimited Data,1,,,,,,,,*,,*,,,,,,,,,,,,,,,,,,,,,,,,0,1,df_150_bt,,1,,,58050,,5,,,,,,,,,,,,,,,,,"21,33","NEW rental,docomo FS050W 無制限"
1674,16207,378,3074,Insurance [NONE] / Additional Battery [YES],139-140Days (Value Rental Pack:5Months Pack),,,docomo FS050W Unlimited Data,1,,,,,,,,*,,*,,,,,,,,,,,,,,,,,,,,,,,,0,1,df_150_bt,,1,,,58050,,5,,,,,,,,,,,,,,,,,"21,33","NEW rental,docomo FS050W 無制限"
1674,16211,378,3075,Insurance [NONE] / Additional Battery [YES],140-141Days (Value Rental Pack:5Months Pack),,,docomo FS050W Unlimited Data,1,,,,,,,,*,,*,,,,,,,,,,,,,,,,,,,,,,,,0,1,df_150_bt,,1,,,58050,,5,,,,,,,,,,,,,,,,,"21,33","NEW rental,docomo FS050W 無制限"
1674,16215,378,3076,Insurance [NONE] / Additional Battery [YES],141-142Days (Value Rental Pack:5Months Pack),,,docomo FS050W Unlimited Data,1,,,,,,,,*,,*,,,,,,,,,,,,,,,,,,,,,,,,0,1,df_150_bt,,1,,,58050,,5,,,,,,,,,,,,,,,,,"21,33","NEW rental,docomo FS050W 無制限"
1674,16219,378,3077,Insurance [NONE] / Additional Battery [YES],142-143Days (Value Rental Pack:5Months Pack),,,docomo FS050W Unlimited Data,1,,,,,,,,*,,*,,,,,,,,,,,,,,,,,,,,,,,,0,1,df_150_bt,,1,,,58050,,5,,,,,,,,,,,,,,,,,"21,33","NEW rental,docomo FS050W 無制限"
1674,16223,378,3078,Insurance [NONE] / Additional Battery [YES],143-144Days (Value Rental Pack:5Months Pack),,,docomo FS050W Unlimited Data,1,,,,,,,,*,,*,,,,,,,,,,,,,,,,,,,,,,,,0,1,df_150_bt,,1,,,58050,,5,,,,,,,,,,,,,,,,,"21,33","NEW rental,docomo FS050W 無制限"
1674,16227,378,3079,Insurance [NONE] / Additional Battery [YES],144-145Days (Value Rental Pack:5Months Pack),,,docomo FS050W Unlimited Data,1,,,,,,,,*,,*,,,,,,,,,,,,,,,,,,,,,,,,0,1,df_150_bt,,1,,,58050,,5,,,,,,,,,,,,,,,,,"21,33","NEW rental,docomo FS050W 無制限"
1674,16231,378,3080,Insurance [NONE] / Additional Battery [YES],145-146Days (Value Rental Pack:5Months Pack),,,docomo FS050W Unlimited Data,1,,,,,,,,*,,*,,,,,,,,,,,,,,,,,,,,,,,,0,1,df_150_bt,,1,,,58050,,5,,,,,,,,,,,,,,,,,"21,33","NEW rental,docomo FS050W 無制限"
1674,16235,378,3081,Insurance [NONE] / Additional Battery [YES],146-147Days (Value Rental Pack:5Months Pack),,,docomo FS050W Unlimited Data,1,,,,,,,,*,,*,,,,,,,,,,,,,,,,,,,,,,,,0,1,df_150_bt,,1,,,58050,,5,,,,,,,,,,,,,,,,,"21,33","NEW rental,docomo FS050W 無制限"
1674,16239,378,3082,Insurance [NONE] / Additional Battery [YES],147-148Days (Value Rental Pack:5Months Pack),,,docomo FS050W Unlimited Data,1,,,,,,,,*,,*,,,,,,,,,,,,,,,,,,,,,,,,0,1,df_150_bt,,1,,,58050,,5,,,,,,,,,,,,,,,,,"21,33","NEW rental,docomo FS050W 無制限"
1674,16243,378,3083,Insurance [NONE] / Additional Battery [YES],148-149Days (Value Rental Pack:5Months Pack),,,docomo FS050W Unlimited Data,1,,,,,,,,*,,*,,,,,,,,,,,,,,,,,,,,,,,,0,1,df_150_bt,,1,,,58050,,5,,,,,,,,,,,,,,,,,"21,33","NEW rental,docomo FS050W 無制限"
1674,16247,378,3084,Insurance [NONE] / Additional Battery [YES],149-150Days (Value Rental Pack:5Months Pack),,,docomo FS050W Unlimited Data,1,,,,,,,,*,,*,,,,,,,,,,,,,,,,,,,,,,,,0,1,df_150_bt,,1,,,58050,,5,,,,,,,,,,,,,,,,,"21,33","NEW rental,docomo FS050W 無制限"
1674,16251,378,3085,Insurance [NONE] / Additional Battery [YES],150-151Days (Value Rental Pack:5Months Pack),,,docomo FS050W Unlimited Data,1,,,,,,,,*,,*,,,,,,,,,,,,,,,,,,,,,,,,0,1,df_150_bt,,1,,,58050,,5,,,,,,,,,,,,,,,,,"21,33","NEW rental,docomo FS050W 無制限"
1674,16255,378,3086,Insurance [NONE] / Additional Battery [YES],151-152Days (Value Rental Pack:5Months Pack＋1Day),,,docomo FS050W Unlimited Data,1,,,,,,,,*,,*,,,,,,,,,,,,,,,,,,,,,,,,0,1,df_151_bt,,1,,,59090,,5,,,,,,,,,,,,,,,,,"21,33","NEW rental,docomo FS050W 無制限"
1674,16259,378,3087,Insurance [NONE] / Additional Battery [YES],152-153Days (Value Rental Pack:5Months Pack＋2Days),,,docomo FS050W Unlimited Data,1,,,,,,,,*,,*,,,,,,,,,,,,,,,,,,,,,,,,0,1,df_152_bt,,1,,,60130,,5,,,,,,,,,,,,,,,,,"21,33","NEW rental,docomo FS050W 無制限"
1674,16263,378,3088,Insurance [NONE] / Additional Battery [YES],153-154Days (Value Rental Pack:5Months Pack＋3Days),,,docomo FS050W Unlimited Data,1,,,,,,,,*,,*,,,,,,,,,,,,,,,,,,,,,,,,0,1,df_153_bt,,1,,,61170,,5,,,,,,,,,,,,,,,,,"21,33","NEW rental,docomo FS050W 無制限"
1674,16267,378,3089,Insurance [NONE] / Additional Battery [YES],154-155Days (Value Rental Pack:5Months Pack＋4Days),,,docomo FS050W Unlimited Data,1,,,,,,,,*,,*,,,,,,,,,,,,,,,,,,,,,,,,0,1,df_154_bt,,1,,,62210,,5,,,,,,,,,,,,,,,,,"21,33","NEW rental,docomo FS050W 無制限"
1674,16271,378,3090,Insurance [NONE] / Additional Battery [YES],155-156Days (Value Rental Pack:5Months Pack＋5Days),,,docomo FS050W Unlimited Data,1,,,,,,,,*,,*,,,,,,,,,,,,,,,,,,,,,,,,0,1,df_155_bt,,1,,,63250,,5,,,,,,,,,,,,,,,,,"21,33","NEW rental,docomo FS050W 無制限"
1674,16275,378,3091,Insurance [NONE] / Additional Battery [YES],156-157Days (Value Rental Pack:5Months Pack＋6Days),,,docomo FS050W Unlimited Data,1,,,,,,,,*,,*,,,,,,,,,,,,,,,,,,,,,,,,0,1,df_156_bt,,1,,,64290,,5,,,,,,,,,,,,,,,,,"21,33","NEW rental,docomo FS050W 無制限"
1674,16279,378,3092,Insurance [NONE] / Additional Battery [YES],157-158Days (Value Rental Pack:5Months Pack＋7Days),,,docomo FS050W Unlimited Data,1,,,,,,,,*,,*,,,,,,,,,,,,,,,,,,,,,,,,0,1,df_157_bt,,1,,,65280,,5,,,,,,,,,,,,,,,,,"21,33","NEW rental,docomo FS050W 無制限"
1674,16283,378,3093,Insurance [NONE] / Additional Battery [YES],158-159Days (Value Rental Pack:5Months Pack＋8Days),,,docomo FS050W Unlimited Data,1,,,,,,,,*,,*,,,,,,,,,,,,,,,,,,,,,,,,0,1,df_158_bt,,1,,,66270,,5,,,,,,,,,,,,,,,,,"21,33","NEW rental,docomo FS050W 無制限"
1674,16287,378,3094,Insurance [NONE] / Additional Battery [YES],159-160Days (Value Rental Pack:6Months Pack),,,docomo FS050W Unlimited Data,1,,,,,,,,*,,*,,,,,,,,,,,,,,,,,,,,,,,,0,1,df_180_bt,,1,,,66650,,5,,,,,,,,,,,,,,,,,"21,33","NEW rental,docomo FS050W 無制限"
1674,16291,378,3095,Insurance [NONE] / Additional Battery [YES],160-161Days (Value Rental Pack:6Months Pack),,,docomo FS050W Unlimited Data,1,,,,,,,,*,,*,,,,,,,,,,,,,,,,,,,,,,,,0,1,df_180_bt,,1,,,66650,,5,,,,,,,,,,,,,,,,,"21,33","NEW rental,docomo FS050W 無制限"
1674,16295,378,3096,Insurance [NONE] / Additional Battery [YES],161-162Days (Value Rental Pack:6Months Pack),,,docomo FS050W Unlimited Data,1,,,,,,,,*,,*,,,,,,,,,,,,,,,,,,,,,,,,0,1,df_180_bt,,1,,,66650,,5,,,,,,,,,,,,,,,,,"21,33","NEW rental,docomo FS050W 無制限"
1674,16299,378,3097,Insurance [NONE] / Additional Battery [YES],162-163Days (Value Rental Pack:6Months Pack),,,docomo FS050W Unlimited Data,1,,,,,,,,*,,*,,,,,,,,,,,,,,,,,,,,,,,,0,1,df_180_bt,,1,,,66650,,5,,,,,,,,,,,,,,,,,"21,33","NEW rental,docomo FS050W 無制限"
1674,16303,378,3098,Insurance [NONE] / Additional Battery [YES],163-164Days (Value Rental Pack:6Months Pack),,,docomo FS050W Unlimited Data,1,,,,,,,,*,,*,,,,,,,,,,,,,,,,,,,,,,,,0,1,df_180_bt,,1,,,66650,,5,,,,,,,,,,,,,,,,,"21,33","NEW rental,docomo FS050W 無制限"
1674,16307,378,3099,Insurance [NONE] / Additional Battery [YES],164-165Days (Value Rental Pack:6Months Pack),,,docomo FS050W Unlimited Data,1,,,,,,,,*,,*,,,,,,,,,,,,,,,,,,,,,,,,0,1,df_180_bt,,1,,,66650,,5,,,,,,,,,,,,,,,,,"21,33","NEW rental,docomo FS050W 無制限"
1674,16311,378,3100,Insurance [NONE] / Additional Battery [YES],165-166Days (Value Rental Pack:6Months Pack),,,docomo FS050W Unlimited Data,1,,,,,,,,*,,*,,,,,,,,,,,,,,,,,,,,,,,,0,1,df_180_bt,,1,,,66650,,5,,,,,,,,,,,,,,,,,"21,33","NEW rental,docomo FS050W 無制限"
1674,16315,378,3101,Insurance [NONE] / Additional Battery [YES],166-167Days (Value Rental Pack:6Months Pack),,,docomo FS050W Unlimited Data,1,,,,,,,,*,,*,,,,,,,,,,,,,,,,,,,,,,,,0,1,df_180_bt,,1,,,66650,,5,,,,,,,,,,,,,,,,,"21,33","NEW rental,docomo FS050W 無制限"
1674,16319,378,3102,Insurance [NONE] / Additional Battery [YES],167-168Days (Value Rental Pack:6Months Pack),,,docomo FS050W Unlimited Data,1,,,,,,,,*,,*,,,,,,,,,,,,,,,,,,,,,,,,0,1,df_180_bt,,1,,,66650,,5,,,,,,,,,,,,,,,,,"21,33","NEW rental,docomo FS050W 無制限"
1674,16323,378,3103,Insurance [NONE] / Additional Battery [YES],168-169Days (Value Rental Pack:6Months Pack),,,docomo FS050W Unlimited Data,1,,,,,,,,*,,*,,,,,,,,,,,,,,,,,,,,,,,,0,1,df_180_bt,,1,,,66650,,5,,,,,,,,,,,,,,,,,"21,33","NEW rental,docomo FS050W 無制限"
1674,16327,378,3104,Insurance [NONE] / Additional Battery [YES],169-170Days (Value Rental Pack:6Months Pack),,,docomo FS050W Unlimited Data,1,,,,,,,,*,,*,,,,,,,,,,,,,,,,,,,,,,,,0,1,df_180_bt,,1,,,66650,,5,,,,,,,,,,,,,,,,,"21,33","NEW rental,docomo FS050W 無制限"
1674,16331,378,3105,Insurance [NONE] / Additional Battery [YES],170-171Days (Value Rental Pack:6Months Pack),,,docomo FS050W Unlimited Data,1,,,,,,,,*,,*,,,,,,,,,,,,,,,,,,,,,,,,0,1,df_180_bt,,1,,,66650,,5,,,,,,,,,,,,,,,,,"21,33","NEW rental,docomo FS050W 無制限"
1674,16335,378,3106,Insurance [NONE] / Additional Battery [YES],171-172Days (Value Rental Pack:6Months Pack),,,docomo FS050W Unlimited Data,1,,,,,,,,*,,*,,,,,,,,,,,,,,,,,,,,,,,,0,1,df_180_bt,,1,,,66650,,5,,,,,,,,,,,,,,,,,"21,33","NEW rental,docomo FS050W 無制限"
1674,16339,378,3107,Insurance [NONE] / Additional Battery [YES],172-173Days (Value Rental Pack:6Months Pack),,,docomo FS050W Unlimited Data,1,,,,,,,,*,,*,,,,,,,,,,,,,,,,,,,,,,,,0,1,df_180_bt,,1,,,66650,,5,,,,,,,,,,,,,,,,,"21,33","NEW rental,docomo FS050W 無制限"
1674,16343,378,3108,Insurance [NONE] / Additional Battery [YES],173-174Days (Value Rental Pack:6Months Pack),,,docomo FS050W Unlimited Data,1,,,,,,,,*,,*,,,,,,,,,,,,,,,,,,,,,,,,0,1,df_180_bt,,1,,,66650,,5,,,,,,,,,,,,,,,,,"21,33","NEW rental,docomo FS050W 無制限"
1674,16347,378,3109,Insurance [NONE] / Additional Battery [YES],174-175Days (Value Rental Pack:6Months Pack),,,docomo FS050W Unlimited Data,1,,,,,,,,*,,*,,,,,,,,,,,,,,,,,,,,,,,,0,1,df_180_bt,,1,,,66650,,5,,,,,,,,,,,,,,,,,"21,33","NEW rental,docomo FS050W 無制限"
1674,16351,378,3110,Insurance [NONE] / Additional Battery [YES],175-176Days (Value Rental Pack:6Months Pack),,,docomo FS050W Unlimited Data,1,,,,,,,,*,,*,,,,,,,,,,,,,,,,,,,,,,,,0,1,df_180_bt,,1,,,66650,,5,,,,,,,,,,,,,,,,,"21,33","NEW rental,docomo FS050W 無制限"
1674,16355,378,3111,Insurance [NONE] / Additional Battery [YES],176-177Days (Value Rental Pack:6Months Pack),,,docomo FS050W Unlimited Data,1,,,,,,,,*,,*,,,,,,,,,,,,,,,,,,,,,,,,0,1,df_180_bt,,1,,,66650,,5,,,,,,,,,,,,,,,,,"21,33","NEW rental,docomo FS050W 無制限"
1674,16359,378,3112,Insurance [NONE] / Additional Battery [YES],177-178Days (Value Rental Pack:6Months Pack),,,docomo FS050W Unlimited Data,1,,,,,,,,*,,*,,,,,,,,,,,,,,,,,,,,,,,,0,1,df_180_bt,,1,,,66650,,5,,,,,,,,,,,,,,,,,"21,33","NEW rental,docomo FS050W 無制限"
1674,16363,378,3113,Insurance [NONE] / Additional Battery [YES],178-179Days (Value Rental Pack:6Months Pack),,,docomo FS050W Unlimited Data,1,,,,,,,,*,,*,,,,,,,,,,,,,,,,,,,,,,,,0,1,df_180_bt,,1,,,66650,,5,,,,,,,,,,,,,,,,,"21,33","NEW rental,docomo FS050W 無制限"
1674,16367,378,3114,Insurance [NONE] / Additional Battery [YES],179-180Days (Value Rental Pack:6Months Pack),,,docomo FS050W Unlimited Data,1,,,,,,,,*,,*,,,,,,,,,,,,,,,,,,,,,,,,0,1,df_180_bt,,1,,,66650,,5,,,,,,,,,,,,,,,,,"21,33","NEW rental,docomo FS050W 無制限"
1674,16371,378,3115,Insurance [NONE] / Additional Battery [YES],180-181Days (Value Rental Pack:6Months Pack),,,docomo FS050W Unlimited Data,1,,,,,,,,*,,*,,,,,,,,,,,,,,,,,,,,,,,,0,1,df_180_bt,,1,,,66650,,5,,,,,,,,,,,,,,,,,"21,33","NEW rental,docomo FS050W 無制限"
1674,16375,378,3116,Insurance [NONE] / Additional Battery [YES],181-182Days (Value Rental Pack:6Months Pack＋1Day),,,docomo FS050W Unlimited Data,1,,,,,,,,*,,*,,,,,,,,,,,,,,,,,,,,,,,,0,1,df_181_bt,,1,,,67690,,5,,,,,,,,,,,,,,,,,"21,33","NEW rental,docomo FS050W 無制限"
1674,16379,378,3117,Insurance [NONE] / Additional Battery [YES],182-183Days (Value Rental Pack:6Months Pack＋2Days),,,docomo FS050W Unlimited Data,1,,,,,,,,*,,*,,,,,,,,,,,,,,,,,,,,,,,,0,1,df_182_bt,,1,,,68730,,5,,,,,,,,,,,,,,,,,"21,33","NEW rental,docomo FS050W 無制限"
1674,16383,378,3118,Insurance [NONE] / Additional Battery [YES],183-184Days (Value Rental Pack:6Months Pack＋3Days),,,docomo FS050W Unlimited Data,1,,,,,,,,*,,*,,,,,,,,,,,,,,,,,,,,,,,,0,1,df_183_bt,,1,,,69770,,5,,,,,,,,,,,,,,,,,"21,33","NEW rental,docomo FS050W 無制限"
1674,16387,378,3119,Insurance [NONE] / Additional Battery [YES],184-185Days (Value Rental Pack:6Months Pack＋4Days),,,docomo FS050W Unlimited Data,1,,,,,,,,*,,*,,,,,,,,,,,,,,,,,,,,,,,,0,1,df_184_bt,,1,,,70810,,5,,,,,,,,,,,,,,,,,"21,33","NEW rental,docomo FS050W 無制限"
1674,16391,378,3120,Insurance [NONE] / Additional Battery [YES],185-186Days (Value Rental Pack:6Months Pack＋5Days),,,docomo FS050W Unlimited Data,1,,,,,,,,*,,*,,,,,,,,,,,,,,,,,,,,,,,,0,1,df_185_bt,,1,,,71850,,5,,,,,,,,,,,,,,,,,"21,33","NEW rental,docomo FS050W 無制限"
1674,16395,378,3121,Insurance [NONE] / Additional Battery [YES],186-187Days (Value Rental Pack:6Months Pack＋6Days),,,docomo FS050W Unlimited Data,1,,,,,,,,*,,*,,,,,,,,,,,,,,,,,,,,,,,,0,1,df_186_bt,,1,,,72890,,5,,,,,,,,,,,,,,,,,"21,33","NEW rental,docomo FS050W 無制限"
1674,16399,378,3122,Insurance [NONE] / Additional Battery [YES],187-188Days (Value Rental Pack:6Months Pack＋7Days),,,docomo FS050W Unlimited Data,1,,,,,,,,*,,*,,,,,,,,,,,,,,,,,,,,,,,,0,1,df_187_bt,,1,,,73930,,5,,,,,,,,,,,,,,,,,"21,33","NEW rental,docomo FS050W 無制限"
1674,16403,378,3123,Insurance [NONE] / Additional Battery [YES],188-189Days (Value Rental Pack:6Months Pack＋8Days),,,docomo FS050W Unlimited Data,1,,,,,,,,*,,*,,,,,,,,,,,,,,,,,,,,,,,,0,1,df_188_bt,,1,,,74970,,5,,,,,,,,,,,,,,,,,"21,33","NEW rental,docomo FS050W 無制限"
1674,16407,378,3124,Insurance [NONE] / Additional Battery [YES],189-190Days (Value Rental Pack:6Months Pack＋9Days),,,docomo FS050W Unlimited Data,1,,,,,,,,*,,*,,,,,,,,,,,,,,,,,,,,,,,,0,1,df_189_bt,,1,,,76010,,5,,,,,,,,,,,,,,,,,"21,33","NEW rental,docomo FS050W 無制限"
1674,16411,378,3125,Insurance [NONE] / Additional Battery [YES],190-191Days (Value Rental Pack:6Months Pack＋10Days),,,docomo FS050W Unlimited Data,1,,,,,,,,*,,*,,,,,,,,,,,,,,,,,,,,,,,,0,1,df_190_bt,,1,,,77050,,5,,,,,,,,,,,,,,,,,"21,33","NEW rental,docomo FS050W 無制限"
1674,16415,378,3126,Insurance [NONE] / Additional Battery [YES],191-192Days (Value Rental Pack:6Months Pack＋11Days),,,docomo FS050W Unlimited Data,1,,,,,,,,*,,*,,,,,,,,,,,,,,,,,,,,,,,,0,1,df_191_bt,,1,,,78090,,5,,,,,,,,,,,,,,,,,"21,33","NEW rental,docomo FS050W 無制限"
1674,16419,378,3127,Insurance [NONE] / Additional Battery [YES],192-193Days (Value Rental Pack:6Months Pack＋12Days),,,docomo FS050W Unlimited Data,1,,,,,,,,*,,*,,,,,,,,,,,,,,,,,,,,,,,,0,1,df_192_bt,,1,,,79130,,5,,,,,,,,,,,,,,,,,"21,33","NEW rental,docomo FS050W 無制限"
1674,16423,378,3128,Insurance [NONE] / Additional Battery [YES],193-194Days (Value Rental Pack:6Months Pack＋13Days),,,docomo FS050W Unlimited Data,1,,,,,,,,*,,*,,,,,,,,,,,,,,,,,,,,,,,,0,1,df_193_bt,,1,,,80170,,5,,,,,,,,,,,,,,,,,"21,33","NEW rental,docomo FS050W 無制限"
1674,16427,378,3129,Insurance [NONE] / Additional Battery [YES],194-195Days (Value Rental Pack:6Months Pack＋14Days),,,docomo FS050W Unlimited Data,1,,,,,,,,*,,*,,,,,,,,,,,,,,,,,,,,,,,,0,1,df_194_bt,,1,,,81210,,5,,,,,,,,,,,,,,,,,"21,33","NEW rental,docomo FS050W 無制限"
1674,16431,378,3130,Insurance [NONE] / Additional Battery [YES],195-196Days (Value Rental Pack:6Months Pack＋1Month Pack),,,docomo FS050W Unlimited Data,1,,,,,,,,*,,*,,,,,,,,,,,,,,,,,,,,,,,,0,1,df_211_bt,,1,,,82250,,5,,,,,,,,,,,,,,,,,"21,33","NEW rental,docomo FS050W 無制限"
1674,16435,378,3131,Insurance [NONE] / Additional Battery [YES],196-197Days (Value Rental Pack:6Months Pack＋1Month Pack),,,docomo FS050W Unlimited Data,1,,,,,,,,*,,*,,,,,,,,,,,,,,,,,,,,,,,,0,1,df_211_bt,,1,,,82250,,5,,,,,,,,,,,,,,,,,"21,33","NEW rental,docomo FS050W 無制限"
1674,16439,378,3132,Insurance [NONE] / Additional Battery [YES],197-198Days (Value Rental Pack:6Months Pack＋1Month Pack),,,docomo FS050W Unlimited Data,1,,,,,,,,*,,*,,,,,,,,,,,,,,,,,,,,,,,,0,1,df_211_bt,,1,,,82250,,5,,,,,,,,,,,,,,,,,"21,33","NEW rental,docomo FS050W 無制限"
1674,16443,378,3133,Insurance [NONE] / Additional Battery [YES],198-199Days (Value Rental Pack:6Months Pack＋1Month Pack),,,docomo FS050W Unlimited Data,1,,,,,,,,*,,*,,,,,,,,,,,,,,,,,,,,,,,,0,1,df_211_bt,,1,,,82250,,5,,,,,,,,,,,,,,,,,"21,33","NEW rental,docomo FS050W 無制限"
1674,16447,378,3134,Insurance [NONE] / Additional Battery [YES],199-200Days (Value Rental Pack:6Months Pack＋1Month Pack),,,docomo FS050W Unlimited Data,1,,,,,,,,*,,*,,,,,,,,,,,,,,,,,,,,,,,,0,1,df_211_bt,,1,,,82250,,5,,,,,,,,,,,,,,,,,"21,33","NEW rental,docomo FS050W 無制限"
1674,16451,378,3135,Insurance [NONE] / Additional Battery [YES],200-201Days (Value Rental Pack:6Months Pack＋1Month Pack),,,docomo FS050W Unlimited Data,1,,,,,,,,*,,*,,,,,,,,,,,,,,,,,,,,,,,,0,1,df_211_bt,,1,,,82250,,5,,,,,,,,,,,,,,,,,"21,33","NEW rental,docomo FS050W 無制限"
1674,16455,378,3136,Insurance [NONE] / Additional Battery [YES],201-202Days (Value Rental Pack:6Months Pack＋1Month Pack),,,docomo FS050W Unlimited Data,1,,,,,,,,*,,*,,,,,,,,,,,,,,,,,,,,,,,,0,1,df_211_bt,,1,,,82250,,5,,,,,,,,,,,,,,,,,"21,33","NEW rental,docomo FS050W 無制限"
1674,16459,378,3137,Insurance [NONE] / Additional Battery [YES],202-203Days (Value Rental Pack:6Months Pack＋1Month Pack),,,docomo FS050W Unlimited Data,1,,,,,,,,*,,*,,,,,,,,,,,,,,,,,,,,,,,,0,1,df_211_bt,,1,,,82250,,5,,,,,,,,,,,,,,,,,"21,33","NEW rental,docomo FS050W 無制限"
1674,16463,378,3138,Insurance [NONE] / Additional Battery [YES],203-204Days (Value Rental Pack:6Months Pack＋1Month Pack),,,docomo FS050W Unlimited Data,1,,,,,,,,*,,*,,,,,,,,,,,,,,,,,,,,,,,,0,1,df_211_bt,,1,,,82250,,5,,,,,,,,,,,,,,,,,"21,33","NEW rental,docomo FS050W 無制限"
1674,16467,378,3139,Insurance [NONE] / Additional Battery [YES],204-205Days (Value Rental Pack:6Months Pack＋1Month Pack),,,docomo FS050W Unlimited Data,1,,,,,,,,*,,*,,,,,,,,,,,,,,,,,,,,,,,,0,1,df_211_bt,,1,,,82250,,5,,,,,,,,,,,,,,,,,"21,33","NEW rental,docomo FS050W 無制限"
1674,16471,378,3140,Insurance [NONE] / Additional Battery [YES],205-206Days (Value Rental Pack:6Months Pack＋1Month Pack),,,docomo FS050W Unlimited Data,1,,,,,,,,*,,*,,,,,,,,,,,,,,,,,,,,,,,,0,1,df_211_bt,,1,,,82250,,5,,,,,,,,,,,,,,,,,"21,33","NEW rental,docomo FS050W 無制限"
1674,16475,378,3141,Insurance [NONE] / Additional Battery [YES],206-207Days (Value Rental Pack:6Months Pack＋1Month Pack),,,docomo FS050W Unlimited Data,1,,,,,,,,*,,*,,,,,,,,,,,,,,,,,,,,,,,,0,1,df_211_bt,,1,,,82250,,5,,,,,,,,,,,,,,,,,"21,33","NEW rental,docomo FS050W 無制限"
1674,16479,378,3142,Insurance [NONE] / Additional Battery [YES],207-208Days (Value Rental Pack:6Months Pack＋1Month Pack),,,docomo FS050W Unlimited Data,1,,,,,,,,*,,*,,,,,,,,,,,,,,,,,,,,,,,,0,1,df_211_bt,,1,,,82250,,5,,,,,,,,,,,,,,,,,"21,33","NEW rental,docomo FS050W 無制限"
1674,16483,378,3143,Insurance [NONE] / Additional Battery [YES],208-209Days (Value Rental Pack:6Months Pack＋1Month Pack),,,docomo FS050W Unlimited Data,1,,,,,,,,*,,*,,,,,,,,,,,,,,,,,,,,,,,,0,1,df_211_bt,,1,,,82250,,5,,,,,,,,,,,,,,,,,"21,33","NEW rental,docomo FS050W 無制限"
1674,16487,378,3144,Insurance [NONE] / Additional Battery [YES],209-210Days (Value Rental Pack:6Months Pack＋1Month Pack),,,docomo FS050W Unlimited Data,1,,,,,,,,*,,*,,,,,,,,,,,,,,,,,,,,,,,,0,1,df_211_bt,,1,,,82250,,5,,,,,,,,,,,,,,,,,"21,33","NEW rental,docomo FS050W 無制限"
1674,16491,378,3145,Insurance [NONE] / Additional Battery [YES],210-211Days (Value Rental Pack:6Months Pack＋1Month Pack),,,docomo FS050W Unlimited Data,1,,,,,,,,*,,*,,,,,,,,,,,,,,,,,,,,,,,,0,1,df_211_bt,,1,,,82250,,5,,,,,,,,,,,,,,,,,"21,33","NEW rental,docomo FS050W 無制限"
1674,16495,378,3146,Insurance [NONE] / Additional Battery [YES],211-212Days (Value Rental Pack:6Months Pack＋1Month Pack),,,docomo FS050W Unlimited Data,1,,,,,,,,*,,*,,,,,,,,,,,,,,,,,,,,,,,,0,1,df_211_bt,,1,,,82250,,5,,,,,,,,,,,,,,,,,"21,33","NEW rental,docomo FS050W 無制限"
1674,16499,378,3147,Insurance [NONE] / Additional Battery [YES],212-213Days (Value Rental Pack:6Months Pack＋1Month Pack＋1Day),,,docomo FS050W Unlimited Data,1,,,,,,,,*,,*,,,,,,,,,,,,,,,,,,,,,,,,0,1,df_212_bt,,1,,,83290,,5,,,,,,,,,,,,,,,,,"21,33","NEW rental,docomo FS050W 無制限"
1674,16503,378,3148,Insurance [NONE] / Additional Battery [YES],213-214Days (Value Rental Pack:6Months Pack＋1Month Pack＋2Days),,,docomo FS050W Unlimited Data,1,,,,,,,,*,,*,,,,,,,,,,,,,,,,,,,,,,,,0,1,df_213_bt,,1,,,84330,,5,,,,,,,,,,,,,,,,,"21,33","NEW rental,docomo FS050W 無制限"
1674,16507,378,3149,Insurance [NONE] / Additional Battery [YES],214-215Days (Value Rental Pack:6Months Pack＋1Month Pack＋3Days),,,docomo FS050W Unlimited Data,1,,,,,,,,*,,*,,,,,,,,,,,,,,,,,,,,,,,,0,1,df_214_bt,,1,,,85370,,5,,,,,,,,,,,,,,,,,"21,33","NEW rental,docomo FS050W 無制限"
1674,16511,378,3150,Insurance [NONE] / Additional Battery [YES],215-216Days (Value Rental Pack:6Months Pack＋1Month Pack＋4Days),,,docomo FS050W Unlimited Data,1,,,,,,,,*,,*,,,,,,,,,,,,,,,,,,,,,,,,0,1,df_215_bt,,1,,,86410,,5,,,,,,,,,,,,,,,,,"21,33","NEW rental,docomo FS050W 無制限"
1674,16515,378,3151,Insurance [NONE] / Additional Battery [YES],216-217Days (Value Rental Pack:6Months Pack＋1Month Pack＋5Days),,,docomo FS050W Unlimited Data,1,,,,,,,,*,,*,,,,,,,,,,,,,,,,,,,,,,,,0,1,df_216_bt,,1,,,87450,,5,,,,,,,,,,,,,,,,,"21,33","NEW rental,docomo FS050W 無制限"
1674,16519,378,3152,Insurance [NONE] / Additional Battery [YES],217-218Days (Value Rental Pack:6Months Pack＋1Month Pack＋6Days),,,docomo FS050W Unlimited Data,1,,,,,,,,*,,*,,,,,,,,,,,,,,,,,,,,,,,,0,1,df_217_bt,,1,,,88490,,5,,,,,,,,,,,,,,,,,"21,33","NEW rental,docomo FS050W 無制限"
1674,16523,378,3153,Insurance [NONE] / Additional Battery [YES],218-219Days (Value Rental Pack:6Months Pack＋1Month Pack＋7Days),,,docomo FS050W Unlimited Data,1,,,,,,,,*,,*,,,,,,,,,,,,,,,,,,,,,,,,0,1,df_218_bt,,1,,,89480,,5,,,,,,,,,,,,,,,,,"21,33","NEW rental,docomo FS050W 無制限"
1674,16527,378,3154,Insurance [NONE] / Additional Battery [YES],219-220Days (Value Rental Pack:6Months Pack＋1Month Pack＋8Days),,,docomo FS050W Unlimited Data,1,,,,,,,,*,,*,,,,,,,,,,,,,,,,,,,,,,,,0,1,df_219_bt,,1,,,90470,,5,,,,,,,,,,,,,,,,,"21,33","NEW rental,docomo FS050W 無制限"
1674,16531,378,3155,Insurance [NONE] / Additional Battery [YES],220-221Days (Value Rental Pack:6Months Pack＋1Month Pack＋9Days),,,docomo FS050W Unlimited Data,1,,,,,,,,*,,*,,,,,,,,,,,,,,,,,,,,,,,,0,1,df_220_bt,,1,,,91460,,5,,,,,,,,,,,,,,,,,"21,33","NEW rental,docomo FS050W 無制限"
1674,16535,378,3156,Insurance [NONE] / Additional Battery [YES],221-222Days (Value Rental Pack:6Months Pack＋1Month Pack＋10Days),,,docomo FS050W Unlimited Data,1,,,,,,,,*,,*,,,,,,,,,,,,,,,,,,,,,,,,0,1,df_221_bt,,1,,,92450,,5,,,,,,,,,,,,,,,,,"21,33","NEW rental,docomo FS050W 無制限"
1674,16539,378,3157,Insurance [NONE] / Additional Battery [YES],222-223Days (Value Rental Pack:6Months Pack＋1Month Pack＋11Days),,,docomo FS050W Unlimited Data,1,,,,,,,,*,,*,,,,,,,,,,,,,,,,,,,,,,,,0,1,df_222_bt,,1,,,93440,,5,,,,,,,,,,,,,,,,,"21,33","NEW rental,docomo FS050W 無制限"
1674,16543,378,3158,Insurance [NONE] / Additional Battery [YES],223-224Days (Value Rental Pack:6Months Pack＋2Months Pack),,,docomo FS050W Unlimited Data,1,,,,,,,,*,,*,,,,,,,,,,,,,,,,,,,,,,,,0,1,df_241_bt,,1,,,94300,,5,,,,,,,,,,,,,,,,,"21,33","NEW rental,docomo FS050W 無制限"
1674,16547,378,3159,Insurance [NONE] / Additional Battery [YES],224-225Days (Value Rental Pack:6Months Pack＋2Months Pack),,,docomo FS050W Unlimited Data,1,,,,,,,,*,,*,,,,,,,,,,,,,,,,,,,,,,,,0,1,df_241_bt,,1,,,94300,,5,,,,,,,,,,,,,,,,,"21,33","NEW rental,docomo FS050W 無制限"
1674,16551,378,3160,Insurance [NONE] / Additional Battery [YES],225-226Days (Value Rental Pack:6Months Pack＋2Months Pack),,,docomo FS050W Unlimited Data,1,,,,,,,,*,,*,,,,,,,,,,,,,,,,,,,,,,,,0,1,df_241_bt,,1,,,94300,,5,,,,,,,,,,,,,,,,,"21,33","NEW rental,docomo FS050W 無制限"
1674,16555,378,3161,Insurance [NONE] / Additional Battery [YES],226-227Days (Value Rental Pack:6Months Pack＋2Months Pack),,,docomo FS050W Unlimited Data,1,,,,,,,,*,,*,,,,,,,,,,,,,,,,,,,,,,,,0,1,df_241_bt,,1,,,94300,,5,,,,,,,,,,,,,,,,,"21,33","NEW rental,docomo FS050W 無制限"
1674,16559,378,3162,Insurance [NONE] / Additional Battery [YES],227-228Days (Value Rental Pack:6Months Pack＋2Months Pack),,,docomo FS050W Unlimited Data,1,,,,,,,,*,,*,,,,,,,,,,,,,,,,,,,,,,,,0,1,df_241_bt,,1,,,94300,,5,,,,,,,,,,,,,,,,,"21,33","NEW rental,docomo FS050W 無制限"
1674,16563,378,3163,Insurance [NONE] / Additional Battery [YES],228-229Days (Value Rental Pack:6Months Pack＋2Months Pack),,,docomo FS050W Unlimited Data,1,,,,,,,,*,,*,,,,,,,,,,,,,,,,,,,,,,,,0,1,df_241_bt,,1,,,94300,,5,,,,,,,,,,,,,,,,,"21,33","NEW rental,docomo FS050W 無制限"
1674,16567,378,3164,Insurance [NONE] / Additional Battery [YES],229-230Days (Value Rental Pack:6Months Pack＋2Months Pack),,,docomo FS050W Unlimited Data,1,,,,,,,,*,,*,,,,,,,,,,,,,,,,,,,,,,,,0,1,df_241_bt,,1,,,94300,,5,,,,,,,,,,,,,,,,,"21,33","NEW rental,docomo FS050W 無制限"
1674,16571,378,3165,Insurance [NONE] / Additional Battery [YES],230-231Days (Value Rental Pack:6Months Pack＋2Months Pack),,,docomo FS050W Unlimited Data,1,,,,,,,,*,,*,,,,,,,,,,,,,,,,,,,,,,,,0,1,df_241_bt,,1,,,94300,,5,,,,,,,,,,,,,,,,,"21,33","NEW rental,docomo FS050W 無制限"
1674,16575,378,3166,Insurance [NONE] / Additional Battery [YES],231-232Days (Value Rental Pack:6Months Pack＋2Months Pack),,,docomo FS050W Unlimited Data,1,,,,,,,,*,,*,,,,,,,,,,,,,,,,,,,,,,,,0,1,df_241_bt,,1,,,94300,,5,,,,,,,,,,,,,,,,,"21,33","NEW rental,docomo FS050W 無制限"
1674,16579,378,3167,Insurance [NONE] / Additional Battery [YES],232-233Days (Value Rental Pack:6Months Pack＋2Months Pack),,,docomo FS050W Unlimited Data,1,,,,,,,,*,,*,,,,,,,,,,,,,,,,,,,,,,,,0,1,df_241_bt,,1,,,94300,,5,,,,,,,,,,,,,,,,,"21,33","NEW rental,docomo FS050W 無制限"
1674,16583,378,3168,Insurance [NONE] / Additional Battery [YES],233-234Days (Value Rental Pack:6Months Pack＋2Months Pack),,,docomo FS050W Unlimited Data,1,,,,,,,,*,,*,,,,,,,,,,,,,,,,,,,,,,,,0,1,df_241_bt,,1,,,94300,,5,,,,,,,,,,,,,,,,,"21,33","NEW rental,docomo FS050W 無制限"
1674,16587,378,3169,Insurance [NONE] / Additional Battery [YES],234-235Days (Value Rental Pack:6Months Pack＋2Months Pack),,,docomo FS050W Unlimited Data,1,,,,,,,,*,,*,,,,,,,,,,,,,,,,,,,,,,,,0,1,df_241_bt,,1,,,94300,,5,,,,,,,,,,,,,,,,,"21,33","NEW rental,docomo FS050W 無制限"
1674,16591,378,3170,Insurance [NONE] / Additional Battery [YES],235-236Days (Value Rental Pack:6Months Pack＋2Months Pack),,,docomo FS050W Unlimited Data,1,,,,,,,,*,,*,,,,,,,,,,,,,,,,,,,,,,,,0,1,df_241_bt,,1,,,94300,,5,,,,,,,,,,,,,,,,,"21,33","NEW rental,docomo FS050W 無制限"
1674,16595,378,3171,Insurance [NONE] / Additional Battery [YES],236-237Days (Value Rental Pack:6Months Pack＋2Months Pack),,,docomo FS050W Unlimited Data,1,,,,,,,,*,,*,,,,,,,,,,,,,,,,,,,,,,,,0,1,df_241_bt,,1,,,94300,,5,,,,,,,,,,,,,,,,,"21,33","NEW rental,docomo FS050W 無制限"
1674,16599,378,3172,Insurance [NONE] / Additional Battery [YES],237-238Days (Value Rental Pack:6Months Pack＋2Months Pack),,,docomo FS050W Unlimited Data,1,,,,,,,,*,,*,,,,,,,,,,,,,,,,,,,,,,,,0,1,df_241_bt,,1,,,94300,,5,,,,,,,,,,,,,,,,,"21,33","NEW rental,docomo FS050W 無制限"
1674,16603,378,3173,Insurance [NONE] / Additional Battery [YES],238-239Days (Value Rental Pack:6Months Pack＋2Months Pack),,,docomo FS050W Unlimited Data,1,,,,,,,,*,,*,,,,,,,,,,,,,,,,,,,,,,,,0,1,df_241_bt,,1,,,94300,,5,,,,,,,,,,,,,,,,,"21,33","NEW rental,docomo FS050W 無制限"
1674,16607,378,3174,Insurance [NONE] / Additional Battery [YES],239-240Days (Value Rental Pack:6Months Pack＋2Months Pack),,,docomo FS050W Unlimited Data,1,,,,,,,,*,,*,,,,,,,,,,,,,,,,,,,,,,,,0,1,df_241_bt,,1,,,94300,,5,,,,,,,,,,,,,,,,,"21,33","NEW rental,docomo FS050W 無制限"
1674,16611,378,3175,Insurance [NONE] / Additional Battery [YES],240-241Days (Value Rental Pack:6Months Pack＋2Months Pack),,,docomo FS050W Unlimited Data,1,,,,,,,,*,,*,,,,,,,,,,,,,,,,,,,,,,,,0,1,df_241_bt,,1,,,94300,,5,,,,,,,,,,,,,,,,,"21,33","NEW rental,docomo FS050W 無制限"
1674,16615,378,3176,Insurance [NONE] / Additional Battery [YES],241-242Days (Value Rental Pack:6Months Pack＋2Months Pack),,,docomo FS050W Unlimited Data,1,,,,,,,,*,,*,,,,,,,,,,,,,,,,,,,,,,,,0,1,df_241_bt,,1,,,94300,,5,,,,,,,,,,,,,,,,,"21,33","NEW rental,docomo FS050W 無制限"
1674,16619,378,3177,Insurance [NONE] / Additional Battery [YES],242-243Days (Value Rental Pack:6Months Pack＋2Months Pack＋1Day),,,docomo FS050W Unlimited Data,1,,,,,,,,*,,*,,,,,,,,,,,,,,,,,,,,,,,,0,1,df_242_bt,,1,,,95340,,5,,,,,,,,,,,,,,,,,"21,33","NEW rental,docomo FS050W 無制限"
1674,16623,378,3178,Insurance [NONE] / Additional Battery [YES],243-244Days (Value Rental Pack:6Months Pack＋2Months Pack＋2Days),,,docomo FS050W Unlimited Data,1,,,,,,,,*,,*,,,,,,,,,,,,,,,,,,,,,,,,0,1,df_243_bt,,1,,,96380,,5,,,,,,,,,,,,,,,,,"21,33","NEW rental,docomo FS050W 無制限"
1674,16627,378,3179,Insurance [NONE] / Additional Battery [YES],244-245Days (Value Rental Pack:6Months Pack＋2Months Pack＋3Days),,,docomo FS050W Unlimited Data,1,,,,,,,,*,,*,,,,,,,,,,,,,,,,,,,,,,,,0,1,df_244_bt,,1,,,97420,,5,,,,,,,,,,,,,,,,,"21,33","NEW rental,docomo FS050W 無制限"
1674,16631,378,3180,Insurance [NONE] / Additional Battery [YES],245-246Days (Value Rental Pack:6Months Pack＋2Months Pack＋4Days),,,docomo FS050W Unlimited Data,1,,,,,,,,*,,*,,,,,,,,,,,,,,,,,,,,,,,,0,1,df_245_bt,,1,,,98460,,5,,,,,,,,,,,,,,,,,"21,33","NEW rental,docomo FS050W 無制限"
1674,16635,378,3181,Insurance [NONE] / Additional Battery [YES],246-247Days (Value Rental Pack:6Months Pack＋2Months Pack＋5Days),,,docomo FS050W Unlimited Data,1,,,,,,,,*,,*,,,,,,,,,,,,,,,,,,,,,,,,0,1,df_246_bt,,1,,,99500,,5,,,,,,,,,,,,,,,,,"21,33","NEW rental,docomo FS050W 無制限"
1674,16639,378,3182,Insurance [NONE] / Additional Battery [YES],247-248Days (Value Rental Pack:6Months Pack＋2Months Pack＋6Days),,,docomo FS050W Unlimited Data,1,,,,,,,,*,,*,,,,,,,,,,,,,,,,,,,,,,,,0,1,df_247_bt,,1,,,100540,,5,,,,,,,,,,,,,,,,,"21,33","NEW rental,docomo FS050W 無制限"
1674,16643,378,3183,Insurance [NONE] / Additional Battery [YES],248-249Days (Value Rental Pack:6Months Pack＋2Months Pack＋7Days),,,docomo FS050W Unlimited Data,1,,,,,,,,*,,*,,,,,,,,,,,,,,,,,,,,,,,,0,1,df_248_bt,,1,,,101530,,5,,,,,,,,,,,,,,,,,"21,33","NEW rental,docomo FS050W 無制限"
1674,16647,378,3184,Insurance [NONE] / Additional Battery [YES],249-250Days (Value Rental Pack:6Months Pack＋2Months Pack＋8Days),,,docomo FS050W Unlimited Data,1,,,,,,,,*,,*,,,,,,,,,,,,,,,,,,,,,,,,0,1,df_249_bt,,1,,,102520,,5,,,,,,,,,,,,,,,,,"21,33","NEW rental,docomo FS050W 無制限"
1674,16651,378,3185,Insurance [NONE] / Additional Battery [YES],250-251Days (Value Rental Pack:6Months Pack＋2Months Pack＋9Days),,,docomo FS050W Unlimited Data,1,,,,,,,,*,,*,,,,,,,,,,,,,,,,,,,,,,,,0,1,df_250_bt,,1,,,103510,,5,,,,,,,,,,,,,,,,,"21,33","NEW rental,docomo FS050W 無制限"
1674,16655,378,3186,Insurance [NONE] / Additional Battery [YES],251-252Days (Value Rental Pack:6Months Pack＋2Months Pack＋10Days),,,docomo FS050W Unlimited Data,1,,,,,,,,*,,*,,,,,,,,,,,,,,,,,,,,,,,,0,1,df_251_bt,,1,,,104500,,5,,,,,,,,,,,,,,,,,"21,33","NEW rental,docomo FS050W 無制限"
1674,16659,378,3187,Insurance [NONE] / Additional Battery [YES],252-253Days (Value Rental Pack:6Months Pack＋3Months Pack),,,docomo FS050W Unlimited Data,1,,,,,,,,*,,*,,,,,,,,,,,,,,,,,,,,,,,,0,1,df_271_bt,,1,,,105200,,5,,,,,,,,,,,,,,,,,"21,33","NEW rental,docomo FS050W 無制限"
1674,16663,378,3188,Insurance [NONE] / Additional Battery [YES],253-254Days (Value Rental Pack:6Months Pack＋3Months Pack),,,docomo FS050W Unlimited Data,1,,,,,,,,*,,*,,,,,,,,,,,,,,,,,,,,,,,,0,1,df_271_bt,,1,,,105200,,5,,,,,,,,,,,,,,,,,"21,33","NEW rental,docomo FS050W 無制限"
1674,16667,378,3189,Insurance [NONE] / Additional Battery [YES],254-255Days (Value Rental Pack:6Months Pack＋3Months Pack),,,docomo FS050W Unlimited Data,1,,,,,,,,*,,*,,,,,,,,,,,,,,,,,,,,,,,,0,1,df_271_bt,,1,,,105200,,5,,,,,,,,,,,,,,,,,"21,33","NEW rental,docomo FS050W 無制限"
1674,16671,378,3190,Insurance [NONE] / Additional Battery [YES],255-256Days (Value Rental Pack:6Months Pack＋3Months Pack),,,docomo FS050W Unlimited Data,1,,,,,,,,*,,*,,,,,,,,,,,,,,,,,,,,,,,,0,1,df_271_bt,,1,,,105200,,5,,,,,,,,,,,,,,,,,"21,33","NEW rental,docomo FS050W 無制限"
1674,16675,378,3191,Insurance [NONE] / Additional Battery [YES],256-257Days (Value Rental Pack:6Months Pack＋3Months Pack),,,docomo FS050W Unlimited Data,1,,,,,,,,*,,*,,,,,,,,,,,,,,,,,,,,,,,,0,1,df_271_bt,,1,,,105200,,5,,,,,,,,,,,,,,,,,"21,33","NEW rental,docomo FS050W 無制限"
1674,16679,378,3192,Insurance [NONE] / Additional Battery [YES],257-258Days (Value Rental Pack:6Months Pack＋3Months Pack),,,docomo FS050W Unlimited Data,1,,,,,,,,*,,*,,,,,,,,,,,,,,,,,,,,,,,,0,1,df_271_bt,,1,,,105200,,5,,,,,,,,,,,,,,,,,"21,33","NEW rental,docomo FS050W 無制限"
1674,16683,378,3193,Insurance [NONE] / Additional Battery [YES],258-259Days (Value Rental Pack:6Months Pack＋3Months Pack),,,docomo FS050W Unlimited Data,1,,,,,,,,*,,*,,,,,,,,,,,,,,,,,,,,,,,,0,1,df_271_bt,,1,,,105200,,5,,,,,,,,,,,,,,,,,"21,33","NEW rental,docomo FS050W 無制限"
1674,16687,378,3194,Insurance [NONE] / Additional Battery [YES],259-260Days (Value Rental Pack:6Months Pack＋3Months Pack),,,docomo FS050W Unlimited Data,1,,,,,,,,*,,*,,,,,,,,,,,,,,,,,,,,,,,,0,1,df_271_bt,,1,,,105200,,5,,,,,,,,,,,,,,,,,"21,33","NEW rental,docomo FS050W 無制限"
1674,16691,378,3195,Insurance [NONE] / Additional Battery [YES],260-261Days (Value Rental Pack:6Months Pack＋3Months Pack),,,docomo FS050W Unlimited Data,1,,,,,,,,*,,*,,,,,,,,,,,,,,,,,,,,,,,,0,1,df_271_bt,,1,,,105200,,5,,,,,,,,,,,,,,,,,"21,33","NEW rental,docomo FS050W 無制限"
1674,16695,378,3196,Insurance [NONE] / Additional Battery [YES],261-262Days (Value Rental Pack:6Months Pack＋3Months Pack),,,docomo FS050W Unlimited Data,1,,,,,,,,*,,*,,,,,,,,,,,,,,,,,,,,,,,,0,1,df_271_bt,,1,,,105200,,5,,,,,,,,,,,,,,,,,"21,33","NEW rental,docomo FS050W 無制限"
1674,16699,378,3197,Insurance [NONE] / Additional Battery [YES],262-263Days (Value Rental Pack:6Months Pack＋3Months Pack),,,docomo FS050W Unlimited Data,1,,,,,,,,*,,*,,,,,,,,,,,,,,,,,,,,,,,,0,1,df_271_bt,,1,,,105200,,5,,,,,,,,,,,,,,,,,"21,33","NEW rental,docomo FS050W 無制限"
1674,16703,378,3198,Insurance [NONE] / Additional Battery [YES],263-264Days (Value Rental Pack:6Months Pack＋3Months Pack),,,docomo FS050W Unlimited Data,1,,,,,,,,*,,*,,,,,,,,,,,,,,,,,,,,,,,,0,1,df_271_bt,,1,,,105200,,5,,,,,,,,,,,,,,,,,"21,33","NEW rental,docomo FS050W 無制限"
1674,16707,378,3199,Insurance [NONE] / Additional Battery [YES],264-265Days (Value Rental Pack:6Months Pack＋3Months Pack),,,docomo FS050W Unlimited Data,1,,,,,,,,*,,*,,,,,,,,,,,,,,,,,,,,,,,,0,1,df_271_bt,,1,,,105200,,5,,,,,,,,,,,,,,,,,"21,33","NEW rental,docomo FS050W 無制限"
1674,16711,378,3200,Insurance [NONE] / Additional Battery [YES],265-266Days (Value Rental Pack:6Months Pack＋3Months Pack),,,docomo FS050W Unlimited Data,1,,,,,,,,*,,*,,,,,,,,,,,,,,,,,,,,,,,,0,1,df_271_bt,,1,,,105200,,5,,,,,,,,,,,,,,,,,"21,33","NEW rental,docomo FS050W 無制限"
1674,16715,378,3201,Insurance [NONE] / Additional Battery [YES],266-267Days (Value Rental Pack:6Months Pack＋3Months Pack),,,docomo FS050W Unlimited Data,1,,,,,,,,*,,*,,,,,,,,,,,,,,,,,,,,,,,,0,1,df_271_bt,,1,,,105200,,5,,,,,,,,,,,,,,,,,"21,33","NEW rental,docomo FS050W 無制限"
1674,16719,378,3202,Insurance [NONE] / Additional Battery [YES],267-268Days (Value Rental Pack:6Months Pack＋3Months Pack),,,docomo FS050W Unlimited Data,1,,,,,,,,*,,*,,,,,,,,,,,,,,,,,,,,,,,,0,1,df_271_bt,,1,,,105200,,5,,,,,,,,,,,,,,,,,"21,33","NEW rental,docomo FS050W 無制限"
1674,16723,378,3203,Insurance [NONE] / Additional Battery [YES],268-269Days (Value Rental Pack:6Months Pack＋3Months Pack),,,docomo FS050W Unlimited Data,1,,,,,,,,*,,*,,,,,,,,,,,,,,,,,,,,,,,,0,1,df_271_bt,,1,,,105200,,5,,,,,,,,,,,,,,,,,"21,33","NEW rental,docomo FS050W 無制限"
1674,16727,378,3204,Insurance [NONE] / Additional Battery [YES],269-270Days (Value Rental Pack:6Months Pack＋3Months Pack),,,docomo FS050W Unlimited Data,1,,,,,,,,*,,*,,,,,,,,,,,,,,,,,,,,,,,,0,1,df_271_bt,,1,,,105200,,5,,,,,,,,,,,,,,,,,"21,33","NEW rental,docomo FS050W 無制限"
1674,16731,378,3205,Insurance [NONE] / Additional Battery [YES],270-271Days (Value Rental Pack:6Months Pack＋3Months Pack),,,docomo FS050W Unlimited Data,1,,,,,,,,*,,*,,,,,,,,,,,,,,,,,,,,,,,,0,1,df_271_bt,,1,,,105200,,5,,,,,,,,,,,,,,,,,"21,33","NEW rental,docomo FS050W 無制限"
1674,16735,378,3206,Insurance [NONE] / Additional Battery [YES],271-272Days (Value Rental Pack:6Months Pack＋3Months Pack),,,docomo FS050W Unlimited Data,1,,,,,,,,*,,*,,,,,,,,,,,,,,,,,,,,,,,,0,1,df_271_bt,,1,,,105200,,5,,,,,,,,,,,,,,,,,"21,33","NEW rental,docomo FS050W 無制限"
1674,16739,378,3207,Insurance [NONE] / Additional Battery [YES],272-273Days (Value Rental Pack:6Months Pack＋3Months Pack＋1Day),,,docomo FS050W Unlimited Data,1,,,,,,,,*,,*,,,,,,,,,,,,,,,,,,,,,,,,0,1,df_272_bt,,1,,,106240,,5,,,,,,,,,,,,,,,,,"21,33","NEW rental,docomo FS050W 無制限"
1674,16743,378,3208,Insurance [NONE] / Additional Battery [YES],273-274Days (Value Rental Pack:6Months Pack＋3Months Pack＋2Days),,,docomo FS050W Unlimited Data,1,,,,,,,,*,,*,,,,,,,,,,,,,,,,,,,,,,,,0,1,df_273_bt,,1,,,107280,,5,,,,,,,,,,,,,,,,,"21,33","NEW rental,docomo FS050W 無制限"
1674,16747,378,3209,Insurance [NONE] / Additional Battery [YES],274-275Days (Value Rental Pack:6Months Pack＋3Months Pack＋3Days),,,docomo FS050W Unlimited Data,1,,,,,,,,*,,*,,,,,,,,,,,,,,,,,,,,,,,,0,1,df_274_bt,,1,,,108320,,5,,,,,,,,,,,,,,,,,"21,33","NEW rental,docomo FS050W 無制限"
1674,16751,378,3210,Insurance [NONE] / Additional Battery [YES],275-276Days (Value Rental Pack:6Months Pack＋3Months Pack＋4Days),,,docomo FS050W Unlimited Data,1,,,,,,,,*,,*,,,,,,,,,,,,,,,,,,,,,,,,0,1,df_275_bt,,1,,,109360,,5,,,,,,,,,,,,,,,,,"21,33","NEW rental,docomo FS050W 無制限"
1674,16755,378,3211,Insurance [NONE] / Additional Battery [YES],276-277Days (Value Rental Pack:6Months Pack＋3Months Pack＋5Days),,,docomo FS050W Unlimited Data,1,,,,,,,,*,,*,,,,,,,,,,,,,,,,,,,,,,,,0,1,df_276_bt,,1,,,110400,,5,,,,,,,,,,,,,,,,,"21,33","NEW rental,docomo FS050W 無制限"
1674,16759,378,3212,Insurance [NONE] / Additional Battery [YES],277-278Days (Value Rental Pack:6Months Pack＋3Months Pack＋6Days),,,docomo FS050W Unlimited Data,1,,,,,,,,*,,*,,,,,,,,,,,,,,,,,,,,,,,,0,1,df_277_bt,,1,,,111440,,5,,,,,,,,,,,,,,,,,"21,33","NEW rental,docomo FS050W 無制限"
1674,16763,378,3213,Insurance [NONE] / Additional Battery [YES],278-279Days (Value Rental Pack:6Months Pack＋3Months Pack＋7Days),,,docomo FS050W Unlimited Data,1,,,,,,,,*,,*,,,,,,,,,,,,,,,,,,,,,,,,0,1,df_278_bt,,1,,,112430,,5,,,,,,,,,,,,,,,,,"21,33","NEW rental,docomo FS050W 無制限"
1674,16767,378,3214,Insurance [NONE] / Additional Battery [YES],279-280Days (Value Rental Pack:6Months Pack＋3Months Pack＋8Days),,,docomo FS050W Unlimited Data,1,,,,,,,,*,,*,,,,,,,,,,,,,,,,,,,,,,,,0,1,df_279_bt,,1,,,113420,,5,,,,,,,,,,,,,,,,,"21,33","NEW rental,docomo FS050W 無制限"
1674,16771,378,3215,Insurance [NONE] / Additional Battery [YES],280-281Days (Value Rental Pack:6Months Pack＋3Months Pack＋9Days),,,docomo FS050W Unlimited Data,1,,,,,,,,*,,*,,,,,,,,,,,,,,,,,,,,,,,,0,1,df_280_bt,,1,,,114410,,5,,,,,,,,,,,,,,,,,"21,33","NEW rental,docomo FS050W 無制限"
1674,16775,378,3216,Insurance [NONE] / Additional Battery [YES],281-282Days (Value Rental Pack:6Months Pack＋4Months Pack),,,docomo FS050W Unlimited Data,1,,,,,,,,*,,*,,,,,,,,,,,,,,,,,,,,,,,,0,1,df_301_bt,,1,,,115000,,5,,,,,,,,,,,,,,,,,"21,33","NEW rental,docomo FS050W 無制限"
1674,16779,378,3217,Insurance [NONE] / Additional Battery [YES],282-283Days (Value Rental Pack:6Months Pack＋4Months Pack),,,docomo FS050W Unlimited Data,1,,,,,,,,*,,*,,,,,,,,,,,,,,,,,,,,,,,,0,1,df_301_bt,,1,,,115000,,5,,,,,,,,,,,,,,,,,"21,33","NEW rental,docomo FS050W 無制限"
1674,16783,378,3218,Insurance [NONE] / Additional Battery [YES],283-284Days (Value Rental Pack:6Months Pack＋4Months Pack),,,docomo FS050W Unlimited Data,1,,,,,,,,*,,*,,,,,,,,,,,,,,,,,,,,,,,,0,1,df_301_bt,,1,,,115000,,5,,,,,,,,,,,,,,,,,"21,33","NEW rental,docomo FS050W 無制限"
1674,16787,378,3219,Insurance [NONE] / Additional Battery [YES],284-285Days (Value Rental Pack:6Months Pack＋4Months Pack),,,docomo FS050W Unlimited Data,1,,,,,,,,*,,*,,,,,,,,,,,,,,,,,,,,,,,,0,1,df_301_bt,,1,,,115000,,5,,,,,,,,,,,,,,,,,"21,33","NEW rental,docomo FS050W 無制限"
1674,16791,378,3220,Insurance [NONE] / Additional Battery [YES],285-286Days (Value Rental Pack:6Months Pack＋4Months Pack),,,docomo FS050W Unlimited Data,1,,,,,,,,*,,*,,,,,,,,,,,,,,,,,,,,,,,,0,1,df_301_bt,,1,,,115000,,5,,,,,,,,,,,,,,,,,"21,33","NEW rental,docomo FS050W 無制限"
1674,16795,378,3221,Insurance [NONE] / Additional Battery [YES],286-287Days (Value Rental Pack:6Months Pack＋4Months Pack),,,docomo FS050W Unlimited Data,1,,,,,,,,*,,*,,,,,,,,,,,,,,,,,,,,,,,,0,1,df_301_bt,,1,,,115000,,5,,,,,,,,,,,,,,,,,"21,33","NEW rental,docomo FS050W 無制限"
1674,16799,378,3222,Insurance [NONE] / Additional Battery [YES],287-288Days (Value Rental Pack:6Months Pack＋4Months Pack),,,docomo FS050W Unlimited Data,1,,,,,,,,*,,*,,,,,,,,,,,,,,,,,,,,,,,,0,1,df_301_bt,,1,,,115000,,5,,,,,,,,,,,,,,,,,"21,33","NEW rental,docomo FS050W 無制限"
1674,16803,378,3223,Insurance [NONE] / Additional Battery [YES],288-289Days (Value Rental Pack:6Months Pack＋4Months Pack),,,docomo FS050W Unlimited Data,1,,,,,,,,*,,*,,,,,,,,,,,,,,,,,,,,,,,,0,1,df_301_bt,,1,,,115000,,5,,,,,,,,,,,,,,,,,"21,33","NEW rental,docomo FS050W 無制限"
1674,16807,378,3224,Insurance [NONE] / Additional Battery [YES],289-290Days (Value Rental Pack:6Months Pack＋4Months Pack),,,docomo FS050W Unlimited Data,1,,,,,,,,*,,*,,,,,,,,,,,,,,,,,,,,,,,,0,1,df_301_bt,,1,,,115000,,5,,,,,,,,,,,,,,,,,"21,33","NEW rental,docomo FS050W 無制限"
1674,16811,378,3225,Insurance [NONE] / Additional Battery [YES],290-291Days (Value Rental Pack:6Months Pack＋4Months Pack),,,docomo FS050W Unlimited Data,1,,,,,,,,*,,*,,,,,,,,,,,,,,,,,,,,,,,,0,1,df_301_bt,,1,,,115000,,5,,,,,,,,,,,,,,,,,"21,33","NEW rental,docomo FS050W 無制限"
1674,16815,378,3226,Insurance [NONE] / Additional Battery [YES],291-292Days (Value Rental Pack:6Months Pack＋4Months Pack),,,docomo FS050W Unlimited Data,1,,,,,,,,*,,*,,,,,,,,,,,,,,,,,,,,,,,,0,1,df_301_bt,,1,,,115000,,5,,,,,,,,,,,,,,,,,"21,33","NEW rental,docomo FS050W 無制限"
1674,16819,378,3227,Insurance [NONE] / Additional Battery [YES],292-293Days (Value Rental Pack:6Months Pack＋4Months Pack),,,docomo FS050W Unlimited Data,1,,,,,,,,*,,*,,,,,,,,,,,,,,,,,,,,,,,,0,1,df_301_bt,,1,,,115000,,5,,,,,,,,,,,,,,,,,"21,33","NEW rental,docomo FS050W 無制限"
1674,16823,378,3228,Insurance [NONE] / Additional Battery [YES],293-294Days (Value Rental Pack:6Months Pack＋4Months Pack),,,docomo FS050W Unlimited Data,1,,,,,,,,*,,*,,,,,,,,,,,,,,,,,,,,,,,,0,1,df_301_bt,,1,,,115000,,5,,,,,,,,,,,,,,,,,"21,33","NEW rental,docomo FS050W 無制限"
1674,16827,378,3229,Insurance [NONE] / Additional Battery [YES],294-295Days (Value Rental Pack:6Months Pack＋4Months Pack),,,docomo FS050W Unlimited Data,1,,,,,,,,*,,*,,,,,,,,,,,,,,,,,,,,,,,,0,1,df_301_bt,,1,,,115000,,5,,,,,,,,,,,,,,,,,"21,33","NEW rental,docomo FS050W 無制限"
1674,16831,378,3230,Insurance [NONE] / Additional Battery [YES],295-296Days (Value Rental Pack:6Months Pack＋4Months Pack),,,docomo FS050W Unlimited Data,1,,,,,,,,*,,*,,,,,,,,,,,,,,,,,,,,,,,,0,1,df_301_bt,,1,,,115000,,5,,,,,,,,,,,,,,,,,"21,33","NEW rental,docomo FS050W 無制限"
1674,16835,378,3231,Insurance [NONE] / Additional Battery [YES],296-297Days (Value Rental Pack:6Months Pack＋4Months Pack),,,docomo FS050W Unlimited Data,1,,,,,,,,*,,*,,,,,,,,,,,,,,,,,,,,,,,,0,1,df_301_bt,,1,,,115000,,5,,,,,,,,,,,,,,,,,"21,33","NEW rental,docomo FS050W 無制限"
1674,16839,378,3232,Insurance [NONE] / Additional Battery [YES],297-298Days (Value Rental Pack:6Months Pack＋4Months Pack),,,docomo FS050W Unlimited Data,1,,,,,,,,*,,*,,,,,,,,,,,,,,,,,,,,,,,,0,1,df_301_bt,,1,,,115000,,5,,,,,,,,,,,,,,,,,"21,33","NEW rental,docomo FS050W 無制限"
1674,16843,378,3233,Insurance [NONE] / Additional Battery [YES],298-299Days (Value Rental Pack:6Months Pack＋4Months Pack),,,docomo FS050W Unlimited Data,1,,,,,,,,*,,*,,,,,,,,,,,,,,,,,,,,,,,,0,1,df_301_bt,,1,,,115000,,5,,,,,,,,,,,,,,,,,"21,33","NEW rental,docomo FS050W 無制限"
1674,16847,378,3234,Insurance [NONE] / Additional Battery [YES],299-300Days (Value Rental Pack:6Months Pack＋4Months Pack),,,docomo FS050W Unlimited Data,1,,,,,,,,*,,*,,,,,,,,,,,,,,,,,,,,,,,,0,1,df_301_bt,,1,,,115000,,5,,,,,,,,,,,,,,,,,"21,33","NEW rental,docomo FS050W 無制限"
1674,16851,378,3235,Insurance [NONE] / Additional Battery [YES],300-301Days (Value Rental Pack:6Months Pack＋4Months Pack),,,docomo FS050W Unlimited Data,1,,,,,,,,*,,*,,,,,,,,,,,,,,,,,,,,,,,,0,1,df_301_bt,,1,,,115000,,5,,,,,,,,,,,,,,,,,"21,33","NEW rental,docomo FS050W 無制限"
1674,16855,378,3236,Insurance [NONE] / Additional Battery [YES],301-302Days (Value Rental Pack:6Months Pack＋4Months Pack),,,docomo FS050W Unlimited Data,1,,,,,,,,*,,*,,,,,,,,,,,,,,,,,,,,,,,,0,1,df_301_bt,,1,,,115000,,5,,,,,,,,,,,,,,,,,"21,33","NEW rental,docomo FS050W 無制限"
1674,16859,378,3237,Insurance [NONE] / Additional Battery [YES],302-303Days (Value Rental Pack:6Months Pack＋4Months Pack＋1Day),,,docomo FS050W Unlimited Data,1,,,,,,,,*,,*,,,,,,,,,,,,,,,,,,,,,,,,0,1,df_302_bt,,1,,,116040,,5,,,,,,,,,,,,,,,,,"21,33","NEW rental,docomo FS050W 無制限"
1674,16863,378,3238,Insurance [NONE] / Additional Battery [YES],303-304Days (Value Rental Pack:6Months Pack＋4Months Pack＋2Days),,,docomo FS050W Unlimited Data,1,,,,,,,,*,,*,,,,,,,,,,,,,,,,,,,,,,,,0,1,df_303_bt,,1,,,117080,,5,,,,,,,,,,,,,,,,,"21,33","NEW rental,docomo FS050W 無制限"
1674,16867,378,3239,Insurance [NONE] / Additional Battery [YES],304-305Days (Value Rental Pack:6Months Pack＋4Months Pack＋3Days),,,docomo FS050W Unlimited Data,1,,,,,,,,*,,*,,,,,,,,,,,,,,,,,,,,,,,,0,1,df_304_bt,,1,,,118120,,5,,,,,,,,,,,,,,,,,"21,33","NEW rental,docomo FS050W 無制限"
1674,16871,378,3240,Insurance [NONE] / Additional Battery [YES],305-306Days (Value Rental Pack:6Months Pack＋4Months Pack＋4Days),,,docomo FS050W Unlimited Data,1,,,,,,,,*,,*,,,,,,,,,,,,,,,,,,,,,,,,0,1,df_305_bt,,1,,,119160,,5,,,,,,,,,,,,,,,,,"21,33","NEW rental,docomo FS050W 無制限"
1674,16875,378,3241,Insurance [NONE] / Additional Battery [YES],306-307Days (Value Rental Pack:6Months Pack＋4Months Pack＋5Days),,,docomo FS050W Unlimited Data,1,,,,,,,,*,,*,,,,,,,,,,,,,,,,,,,,,,,,0,1,df_306_bt,,1,,,120200,,5,,,,,,,,,,,,,,,,,"21,33","NEW rental,docomo FS050W 無制限"
1674,16879,378,3242,Insurance [NONE] / Additional Battery [YES],307-308Days (Value Rental Pack:6Months Pack＋4Months Pack＋6Days),,,docomo FS050W Unlimited Data,1,,,,,,,,*,,*,,,,,,,,,,,,,,,,,,,,,,,,0,1,df_307_bt,,1,,,121240,,5,,,,,,,,,,,,,,,,,"21,33","NEW rental,docomo FS050W 無制限"
1674,16883,378,3243,Insurance [NONE] / Additional Battery [YES],308-309Days (Value Rental Pack:6Months Pack＋4Months Pack＋7Days),,,docomo FS050W Unlimited Data,1,,,,,,,,*,,*,,,,,,,,,,,,,,,,,,,,,,,,0,1,df_308_bt,,1,,,122230,,5,,,,,,,,,,,,,,,,,"21,33","NEW rental,docomo FS050W 無制限"
1674,16887,378,3244,Insurance [NONE] / Additional Battery [YES],309-310Days (Value Rental Pack:6Months Pack＋4Months Pack＋8Days),,,docomo FS050W Unlimited Data,1,,,,,,,,*,,*,,,,,,,,,,,,,,,,,,,,,,,,0,1,df_309_bt,,1,,,123220,,5,,,,,,,,,,,,,,,,,"21,33","NEW rental,docomo FS050W 無制限"
1674,16891,378,3245,Insurance [NONE] / Additional Battery [YES],310-311Days (Value Rental Pack:6Months Pack＋4Months Pack＋9Days),,,docomo FS050W Unlimited Data,1,,,,,,,,*,,*,,,,,,,,,,,,,,,,,,,,,,,,0,1,df_310_bt,,1,,,124210,,5,,,,,,,,,,,,,,,,,"21,33","NEW rental,docomo FS050W 無制限"
1674,16895,378,3246,Insurance [NONE] / Additional Battery [YES],311-312Days (Value Rental Pack:6Months Pack＋5Months Pack),,,docomo FS050W Unlimited Data,1,,,,,,,,*,,*,,,,,,,,,,,,,,,,,,,,,,,,0,1,df_331_bt,,1,,,124700,,5,,,,,,,,,,,,,,,,,"21,33","NEW rental,docomo FS050W 無制限"
1674,16899,378,3247,Insurance [NONE] / Additional Battery [YES],312-313Days (Value Rental Pack:6Months Pack＋5Months Pack),,,docomo FS050W Unlimited Data,1,,,,,,,,*,,*,,,,,,,,,,,,,,,,,,,,,,,,0,1,df_331_bt,,1,,,124700,,5,,,,,,,,,,,,,,,,,"21,33","NEW rental,docomo FS050W 無制限"
1674,16903,378,3248,Insurance [NONE] / Additional Battery [YES],313-314Days (Value Rental Pack:6Months Pack＋5Months Pack),,,docomo FS050W Unlimited Data,1,,,,,,,,*,,*,,,,,,,,,,,,,,,,,,,,,,,,0,1,df_331_bt,,1,,,124700,,5,,,,,,,,,,,,,,,,,"21,33","NEW rental,docomo FS050W 無制限"
1674,16907,378,3249,Insurance [NONE] / Additional Battery [YES],314-315Days (Value Rental Pack:6Months Pack＋5Months Pack),,,docomo FS050W Unlimited Data,1,,,,,,,,*,,*,,,,,,,,,,,,,,,,,,,,,,,,0,1,df_331_bt,,1,,,124700,,5,,,,,,,,,,,,,,,,,"21,33","NEW rental,docomo FS050W 無制限"
1674,16911,378,3250,Insurance [NONE] / Additional Battery [YES],315-316Days (Value Rental Pack:6Months Pack＋5Months Pack),,,docomo FS050W Unlimited Data,1,,,,,,,,*,,*,,,,,,,,,,,,,,,,,,,,,,,,0,1,df_331_bt,,1,,,124700,,5,,,,,,,,,,,,,,,,,"21,33","NEW rental,docomo FS050W 無制限"
1674,16915,378,3251,Insurance [NONE] / Additional Battery [YES],316-317Days (Value Rental Pack:6Months Pack＋5Months Pack),,,docomo FS050W Unlimited Data,1,,,,,,,,*,,*,,,,,,,,,,,,,,,,,,,,,,,,0,1,df_331_bt,,1,,,124700,,5,,,,,,,,,,,,,,,,,"21,33","NEW rental,docomo FS050W 無制限"
1674,16919,378,3252,Insurance [NONE] / Additional Battery [YES],317-318Days (Value Rental Pack:6Months Pack＋5Months Pack),,,docomo FS050W Unlimited Data,1,,,,,,,,*,,*,,,,,,,,,,,,,,,,,,,,,,,,0,1,df_331_bt,,1,,,124700,,5,,,,,,,,,,,,,,,,,"21,33","NEW rental,docomo FS050W 無制限"
1674,16923,378,3253,Insurance [NONE] / Additional Battery [YES],318-319Days (Value Rental Pack:6Months Pack＋5Months Pack),,,docomo FS050W Unlimited Data,1,,,,,,,,*,,*,,,,,,,,,,,,,,,,,,,,,,,,0,1,df_331_bt,,1,,,124700,,5,,,,,,,,,,,,,,,,,"21,33","NEW rental,docomo FS050W 無制限"
1674,16927,378,3254,Insurance [NONE] / Additional Battery [YES],319-320Days (Value Rental Pack:6Months Pack＋5Months Pack),,,docomo FS050W Unlimited Data,1,,,,,,,,*,,*,,,,,,,,,,,,,,,,,,,,,,,,0,1,df_331_bt,,1,,,124700,,5,,,,,,,,,,,,,,,,,"21,33","NEW rental,docomo FS050W 無制限"
1674,16931,378,3255,Insurance [NONE] / Additional Battery [YES],320-321Days (Value Rental Pack:6Months Pack＋5Months Pack),,,docomo FS050W Unlimited Data,1,,,,,,,,*,,*,,,,,,,,,,,,,,,,,,,,,,,,0,1,df_331_bt,,1,,,124700,,5,,,,,,,,,,,,,,,,,"21,33","NEW rental,docomo FS050W 無制限"
1674,16935,378,3256,Insurance [NONE] / Additional Battery [YES],321-322Days (Value Rental Pack:6Months Pack＋5Months Pack),,,docomo FS050W Unlimited Data,1,,,,,,,,*,,*,,,,,,,,,,,,,,,,,,,,,,,,0,1,df_331_bt,,1,,,124700,,5,,,,,,,,,,,,,,,,,"21,33","NEW rental,docomo FS050W 無制限"
1674,16939,378,3257,Insurance [NONE] / Additional Battery [YES],322-323Days (Value Rental Pack:6Months Pack＋5Months Pack),,,docomo FS050W Unlimited Data,1,,,,,,,,*,,*,,,,,,,,,,,,,,,,,,,,,,,,0,1,df_331_bt,,1,,,124700,,5,,,,,,,,,,,,,,,,,"21,33","NEW rental,docomo FS050W 無制限"
1674,16943,378,3258,Insurance [NONE] / Additional Battery [YES],323-324Days (Value Rental Pack:6Months Pack＋5Months Pack),,,docomo FS050W Unlimited Data,1,,,,,,,,*,,*,,,,,,,,,,,,,,,,,,,,,,,,0,1,df_331_bt,,1,,,124700,,5,,,,,,,,,,,,,,,,,"21,33","NEW rental,docomo FS050W 無制限"
1674,16947,378,3259,Insurance [NONE] / Additional Battery [YES],324-325Days (Value Rental Pack:6Months Pack＋5Months Pack),,,docomo FS050W Unlimited Data,1,,,,,,,,*,,*,,,,,,,,,,,,,,,,,,,,,,,,0,1,df_331_bt,,1,,,124700,,5,,,,,,,,,,,,,,,,,"21,33","NEW rental,docomo FS050W 無制限"
1674,16951,378,3260,Insurance [NONE] / Additional Battery [YES],325-326Days (Value Rental Pack:6Months Pack＋5Months Pack),,,docomo FS050W Unlimited Data,1,,,,,,,,*,,*,,,,,,,,,,,,,,,,,,,,,,,,0,1,df_331_bt,,1,,,124700,,5,,,,,,,,,,,,,,,,,"21,33","NEW rental,docomo FS050W 無制限"
1674,16955,378,3261,Insurance [NONE] / Additional Battery [YES],326-327Days (Value Rental Pack:6Months Pack＋5Months Pack),,,docomo FS050W Unlimited Data,1,,,,,,,,*,,*,,,,,,,,,,,,,,,,,,,,,,,,0,1,df_331_bt,,1,,,124700,,5,,,,,,,,,,,,,,,,,"21,33","NEW rental,docomo FS050W 無制限"
1674,16959,378,3262,Insurance [NONE] / Additional Battery [YES],327-328Days (Value Rental Pack:6Months Pack＋5Months Pack),,,docomo FS050W Unlimited Data,1,,,,,,,,*,,*,,,,,,,,,,,,,,,,,,,,,,,,0,1,df_331_bt,,1,,,124700,,5,,,,,,,,,,,,,,,,,"21,33","NEW rental,docomo FS050W 無制限"
1674,16963,378,3263,Insurance [NONE] / Additional Battery [YES],328-329Days (Value Rental Pack:6Months Pack＋5Months Pack),,,docomo FS050W Unlimited Data,1,,,,,,,,*,,*,,,,,,,,,,,,,,,,,,,,,,,,0,1,df_331_bt,,1,,,124700,,5,,,,,,,,,,,,,,,,,"21,33","NEW rental,docomo FS050W 無制限"
1674,16967,378,3264,Insurance [NONE] / Additional Battery [YES],329-330Days (Value Rental Pack:6Months Pack＋5Months Pack),,,docomo FS050W Unlimited Data,1,,,,,,,,*,,*,,,,,,,,,,,,,,,,,,,,,,,,0,1,df_331_bt,,1,,,124700,,5,,,,,,,,,,,,,,,,,"21,33","NEW rental,docomo FS050W 無制限"
1674,16971,378,3265,Insurance [NONE] / Additional Battery [YES],330-331Days (Value Rental Pack:6Months Pack＋5Months Pack),,,docomo FS050W Unlimited Data,1,,,,,,,,*,,*,,,,,,,,,,,,,,,,,,,,,,,,0,1,df_331_bt,,1,,,124700,,5,,,,,,,,,,,,,,,,,"21,33","NEW rental,docomo FS050W 無制限"
1674,16975,378,3266,Insurance [NONE] / Additional Battery [YES],331-332Days (Value Rental Pack:6Months Pack＋5Months Pack),,,docomo FS050W Unlimited Data,1,,,,,,,,*,,*,,,,,,,,,,,,,,,,,,,,,,,,0,1,df_331_bt,,1,,,124700,,5,,,,,,,,,,,,,,,,,"21,33","NEW rental,docomo FS050W 無制限"
1674,16979,378,3267,Insurance [NONE] / Additional Battery [YES],332-333Days (Value Rental Pack:6Months Pack＋5Months Pack＋1Day),,,docomo FS050W Unlimited Data,1,,,,,,,,*,,*,,,,,,,,,,,,,,,,,,,,,,,,0,1,df_332_bt,,1,,,125740,,5,,,,,,,,,,,,,,,,,"21,33","NEW rental,docomo FS050W 無制限"
1674,16983,378,3268,Insurance [NONE] / Additional Battery [YES],333-334Days (Value Rental Pack:6Months Pack＋5Months Pack＋2Days),,,docomo FS050W Unlimited Data,1,,,,,,,,*,,*,,,,,,,,,,,,,,,,,,,,,,,,0,1,df_333_bt,,1,,,126780,,5,,,,,,,,,,,,,,,,,"21,33","NEW rental,docomo FS050W 無制限"
1674,16987,378,3269,Insurance [NONE] / Additional Battery [YES],334-335Days (Value Rental Pack:6Months Pack＋5Months Pack＋3Days),,,docomo FS050W Unlimited Data,1,,,,,,,,*,,*,,,,,,,,,,,,,,,,,,,,,,,,0,1,df_334_bt,,1,,,127820,,5,,,,,,,,,,,,,,,,,"21,33","NEW rental,docomo FS050W 無制限"
1674,16991,378,3270,Insurance [NONE] / Additional Battery [YES],335-336Days (Value Rental Pack:6Months Pack＋5Months Pack＋4Days),,,docomo FS050W Unlimited Data,1,,,,,,,,*,,*,,,,,,,,,,,,,,,,,,,,,,,,0,1,df_335_bt,,1,,,128860,,5,,,,,,,,,,,,,,,,,"21,33","NEW rental,docomo FS050W 無制限"
1674,16995,378,3271,Insurance [NONE] / Additional Battery [YES],336-337Days (Value Rental Pack:6Months Pack＋5Months Pack＋5Days),,,docomo FS050W Unlimited Data,1,,,,,,,,*,,*,,,,,,,,,,,,,,,,,,,,,,,,0,1,df_336_bt,,1,,,129900,,5,,,,,,,,,,,,,,,,,"21,33","NEW rental,docomo FS050W 無制限"
1674,16999,378,3272,Insurance [NONE] / Additional Battery [YES],337-338Days (Value Rental Pack:6Months Pack＋5Months Pack＋6Days),,,docomo FS050W Unlimited Data,1,,,,,,,,*,,*,,,,,,,,,,,,,,,,,,,,,,,,0,1,df_337_bt,,1,,,130940,,5,,,,,,,,,,,,,,,,,"21,33","NEW rental,docomo FS050W 無制限"
1674,17003,378,3273,Insurance [NONE] / Additional Battery [YES],338-339Days (Value Rental Pack:6Months Pack＋5Months Pack＋7Days),,,docomo FS050W Unlimited Data,1,,,,,,,,*,,*,,,,,,,,,,,,,,,,,,,,,,,,0,1,df_338_bt,,1,,,131930,,5,,,,,,,,,,,,,,,,,"21,33","NEW rental,docomo FS050W 無制限"
1674,17007,378,3274,Insurance [NONE] / Additional Battery [YES],339-340Days (Value Rental Pack:6Months Pack＋5Months Pack＋8Days),,,docomo FS050W Unlimited Data,1,,,,,,,,*,,*,,,,,,,,,,,,,,,,,,,,,,,,0,1,df_339_bt,,1,,,132920,,5,,,,,,,,,,,,,,,,,"21,33","NEW rental,docomo FS050W 無制限"
1674,17011,378,3275,Insurance [NONE] / Additional Battery [YES],340-341Days (Value Rental Pack:6Months Pack＋6Months Pack),,,docomo FS050W Unlimited Data,1,,,,,,,,*,,*,,,,,,,,,,,,,,,,,,,,,,,,0,1,df_361_bt,,1,,,133300,,5,,,,,,,,,,,,,,,,,"21,33","NEW rental,docomo FS050W 無制限"
1674,17015,378,3276,Insurance [NONE] / Additional Battery [YES],341-342Days (Value Rental Pack:6Months Pack＋6Months Pack),,,docomo FS050W Unlimited Data,1,,,,,,,,*,,*,,,,,,,,,,,,,,,,,,,,,,,,0,1,df_361_bt,,1,,,133300,,5,,,,,,,,,,,,,,,,,"21,33","NEW rental,docomo FS050W 無制限"
1674,17019,378,3277,Insurance [NONE] / Additional Battery [YES],342-343Days (Value Rental Pack:6Months Pack＋6Months Pack),,,docomo FS050W Unlimited Data,1,,,,,,,,*,,*,,,,,,,,,,,,,,,,,,,,,,,,0,1,df_361_bt,,1,,,133300,,5,,,,,,,,,,,,,,,,,"21,33","NEW rental,docomo FS050W 無制限"
1674,17023,378,3278,Insurance [NONE] / Additional Battery [YES],343-344Days (Value Rental Pack:6Months Pack＋6Months Pack),,,docomo FS050W Unlimited Data,1,,,,,,,,*,,*,,,,,,,,,,,,,,,,,,,,,,,,0,1,df_361_bt,,1,,,133300,,5,,,,,,,,,,,,,,,,,"21,33","NEW rental,docomo FS050W 無制限"
1674,17027,378,3279,Insurance [NONE] / Additional Battery [YES],344-345Days (Value Rental Pack:6Months Pack＋6Months Pack),,,docomo FS050W Unlimited Data,1,,,,,,,,*,,*,,,,,,,,,,,,,,,,,,,,,,,,0,1,df_361_bt,,1,,,133300,,5,,,,,,,,,,,,,,,,,"21,33","NEW rental,docomo FS050W 無制限"
1674,17031,378,3280,Insurance [NONE] / Additional Battery [YES],345-346Days (Value Rental Pack:6Months Pack＋6Months Pack),,,docomo FS050W Unlimited Data,1,,,,,,,,*,,*,,,,,,,,,,,,,,,,,,,,,,,,0,1,df_361_bt,,1,,,133300,,5,,,,,,,,,,,,,,,,,"21,33","NEW rental,docomo FS050W 無制限"
1674,17035,378,3281,Insurance [NONE] / Additional Battery [YES],346-347Days (Value Rental Pack:6Months Pack＋6Months Pack),,,docomo FS050W Unlimited Data,1,,,,,,,,*,,*,,,,,,,,,,,,,,,,,,,,,,,,0,1,df_361_bt,,1,,,133300,,5,,,,,,,,,,,,,,,,,"21,33","NEW rental,docomo FS050W 無制限"
1674,17039,378,3282,Insurance [NONE] / Additional Battery [YES],347-348Days (Value Rental Pack:6Months Pack＋6Months Pack),,,docomo FS050W Unlimited Data,1,,,,,,,,*,,*,,,,,,,,,,,,,,,,,,,,,,,,0,1,df_361_bt,,1,,,133300,,5,,,,,,,,,,,,,,,,,"21,33","NEW rental,docomo FS050W 無制限"
1674,17043,378,3283,Insurance [NONE] / Additional Battery [YES],348-349Days (Value Rental Pack:6Months Pack＋6Months Pack),,,docomo FS050W Unlimited Data,1,,,,,,,,*,,*,,,,,,,,,,,,,,,,,,,,,,,,0,1,df_361_bt,,1,,,133300,,5,,,,,,,,,,,,,,,,,"21,33","NEW rental,docomo FS050W 無制限"
1674,17047,378,3284,Insurance [NONE] / Additional Battery [YES],349-350Days (Value Rental Pack:6Months Pack＋6Months Pack),,,docomo FS050W Unlimited Data,1,,,,,,,,*,,*,,,,,,,,,,,,,,,,,,,,,,,,0,1,df_361_bt,,1,,,133300,,5,,,,,,,,,,,,,,,,,"21,33","NEW rental,docomo FS050W 無制限"
1674,17051,378,3285,Insurance [NONE] / Additional Battery [YES],350-351Days (Value Rental Pack:6Months Pack＋6Months Pack),,,docomo FS050W Unlimited Data,1,,,,,,,,*,,*,,,,,,,,,,,,,,,,,,,,,,,,0,1,df_361_bt,,1,,,133300,,5,,,,,,,,,,,,,,,,,"21,33","NEW rental,docomo FS050W 無制限"
1674,17055,378,3286,Insurance [NONE] / Additional Battery [YES],351-352Days (Value Rental Pack:6Months Pack＋6Months Pack),,,docomo FS050W Unlimited Data,1,,,,,,,,*,,*,,,,,,,,,,,,,,,,,,,,,,,,0,1,df_361_bt,,1,,,133300,,5,,,,,,,,,,,,,,,,,"21,33","NEW rental,docomo FS050W 無制限"
1674,17059,378,3287,Insurance [NONE] / Additional Battery [YES],352-353Days (Value Rental Pack:6Months Pack＋6Months Pack),,,docomo FS050W Unlimited Data,1,,,,,,,,*,,*,,,,,,,,,,,,,,,,,,,,,,,,0,1,df_361_bt,,1,,,133300,,5,,,,,,,,,,,,,,,,,"21,33","NEW rental,docomo FS050W 無制限"
1674,17063,378,3288,Insurance [NONE] / Additional Battery [YES],353-354Days (Value Rental Pack:6Months Pack＋6Months Pack),,,docomo FS050W Unlimited Data,1,,,,,,,,*,,*,,,,,,,,,,,,,,,,,,,,,,,,0,1,df_361_bt,,1,,,133300,,5,,,,,,,,,,,,,,,,,"21,33","NEW rental,docomo FS050W 無制限"
1674,17067,378,3289,Insurance [NONE] / Additional Battery [YES],354-355Days (Value Rental Pack:6Months Pack＋6Months Pack),,,docomo FS050W Unlimited Data,1,,,,,,,,*,,*,,,,,,,,,,,,,,,,,,,,,,,,0,1,df_361_bt,,1,,,133300,,5,,,,,,,,,,,,,,,,,"21,33","NEW rental,docomo FS050W 無制限"
1674,17071,378,3290,Insurance [NONE] / Additional Battery [YES],355-356Days (Value Rental Pack:6Months Pack＋6Months Pack),,,docomo FS050W Unlimited Data,1,,,,,,,,*,,*,,,,,,,,,,,,,,,,,,,,,,,,0,1,df_361_bt,,1,,,133300,,5,,,,,,,,,,,,,,,,,"21,33","NEW rental,docomo FS050W 無制限"
1674,17075,378,3291,Insurance [NONE] / Additional Battery [YES],356-357Days (Value Rental Pack:6Months Pack＋6Months Pack),,,docomo FS050W Unlimited Data,1,,,,,,,,*,,*,,,,,,,,,,,,,,,,,,,,,,,,0,1,df_361_bt,,1,,,133300,,5,,,,,,,,,,,,,,,,,"21,33","NEW rental,docomo FS050W 無制限"
1674,17079,378,3292,Insurance [NONE] / Additional Battery [YES],357-358Days (Value Rental Pack:6Months Pack＋6Months Pack),,,docomo FS050W Unlimited Data,1,,,,,,,,*,,*,,,,,,,,,,,,,,,,,,,,,,,,0,1,df_361_bt,,1,,,133300,,5,,,,,,,,,,,,,,,,,"21,33","NEW rental,docomo FS050W 無制限"
1674,17083,378,3293,Insurance [NONE] / Additional Battery [YES],358-359Days (Value Rental Pack:6Months Pack＋6Months Pack),,,docomo FS050W Unlimited Data,1,,,,,,,,*,,*,,,,,,,,,,,,,,,,,,,,,,,,0,1,df_361_bt,,1,,,133300,,5,,,,,,,,,,,,,,,,,"21,33","NEW rental,docomo FS050W 無制限"
1674,17087,378,3294,Insurance [NONE] / Additional Battery [YES],359-360Days (Value Rental Pack:6Months Pack＋6Months Pack),,,docomo FS050W Unlimited Data,1,,,,,,,,*,,*,,,,,,,,,,,,,,,,,,,,,,,,0,1,df_361_bt,,1,,,133300,,5,,,,,,,,,,,,,,,,,"21,33","NEW rental,docomo FS050W 無制限"
1674,17091,378,3295,Insurance [NONE] / Additional Battery [YES],360-361Days (Value Rental Pack:6Months Pack＋6Months Pack),,,docomo FS050W Unlimited Data,1,,,,,,,,*,,*,,,,,,,,,,,,,,,,,,,,,,,,0,1,df_361_bt,,1,,,133300,,5,,,,,,,,,,,,,,,,,"21,33","NEW rental,docomo FS050W 無制限"
1674,17095,378,3296,Insurance [NONE] / Additional Battery [YES],361-362Days (Value Rental Pack:6Months Pack＋6Months Pack),,,docomo FS050W Unlimited Data,1,,,,,,,,*,,*,,,,,,,,,,,,,,,,,,,,,,,,0,1,df_361_bt,,1,,,133300,,5,,,,,,,,,,,,,,,,,"21,33","NEW rental,docomo FS050W 無制限"
1674,17099,378,3297,Insurance [NONE] / Additional Battery [YES],362-363Days (Value Rental Pack:6Months Pack＋6Months Pack＋1Day),,,docomo FS050W Unlimited Data,1,,,,,,,,*,,*,,,,,,,,,,,,,,,,,,,,,,,,0,1,df_362_bt,,1,,,134340,,5,,,,,,,,,,,,,,,,,"21,33","NEW rental,docomo FS050W 無制限"
1674,17103,378,3298,Insurance [NONE] / Additional Battery [YES],363-364Days (Value Rental Pack:6Months Pack＋6Months Pack＋2Days),,,docomo FS050W Unlimited Data,1,,,,,,,,*,,*,,,,,,,,,,,,,,,,,,,,,,,,0,1,df_363_bt,,1,,,135380,,5,,,,,,,,,,,,,,,,,"21,33","NEW rental,docomo FS050W 無制限"
1674,17107,378,3299,Insurance [NONE] / Additional Battery [YES],364-365Days (Value Rental Pack:6Months Pack＋6Months Pack＋3Days),,,docomo FS050W Unlimited Data,1,,,,,,,,*,,*,,,,,,,,,,,,,,,,,,,,,,,,0,1,df_364_bt,,1,,,136420,,5,,,,,,,,,,,,,,,,,"21,33","NEW rental,docomo FS050W 無制限"
1674,15654,379,2936,Insurance [YES] / Additional Battery [NONE],1-2Days,,,docomo FS050W Unlimited Data,1,,,,,,,,*,,*,,,,,,,,,,,,,,,,,,,,,,,,0,1,df_001_in,,1,,1980,2530,,5,,,,,,,,,,,,,,,,,"21,33","NEW rental,docomo FS050W 無制限"
1674,15658,379,2937,Insurance [YES] / Additional Battery [NONE],2-3Days,,,docomo FS050W Unlimited Data,1,,,,,,,,*,,*,,,,,,,,,,,,,,,,,,,,,,,,0,1,df_002_in,,1,,2970,3520,,5,,,,,,,,,,,,,,,,,"21,33","NEW rental,docomo FS050W 無制限"
1674,15662,379,2938,Insurance [YES] / Additional Battery [NONE],3-4Days,,,docomo FS050W Unlimited Data,1,,,,,,,,*,,*,,,,,,,,,,,,,,,,,,,,,,,,0,1,df_003_in,,1,,3960,4510,,5,,,,,,,,,,,,,,,,,"21,33","NEW rental,docomo FS050W 無制限"
1674,15666,379,2939,Insurance [YES] / Additional Battery [NONE],4-5Days,,,docomo FS050W Unlimited Data,1,,,,,,,,*,,*,,,,,,,,,,,,,,,,,,,,,,,,0,1,df_004_in,,1,,4950,5500,,5,,,,,,,,,,,,,,,,,"21,33","NEW rental,docomo FS050W 無制限"
1674,15670,379,2940,Insurance [YES] / Additional Battery [NONE],5-6Days,,,docomo FS050W Unlimited Data,1,,,,,,,,*,,*,,,,,,,,,,,,,,,,,,,,,,,,0,1,df_005_in,,1,,5940,6490,,5,,,,,,,,,,,,,,,,,"21,33","NEW rental,docomo FS050W 無制限"
1674,15674,379,2941,Insurance [YES] / Additional Battery [NONE],6-7Days,,,docomo FS050W Unlimited Data,1,,,,,,,,*,,*,,,,,,,,,,,,,,,,,,,,,,,,0,1,df_006_in,,1,,6930,7480,,5,,,,,,,,,,,,,,,,,"21,33","NEW rental,docomo FS050W 無制限"
1674,15678,379,2942,Insurance [YES] / Additional Battery [NONE],7-8Days,,,docomo FS050W Unlimited Data,1,,,,,,,,*,,*,,,,,,,,,,,,,,,,,,,,,,,,0,1,df_007_in,,1,,7920,8470,,5,,,,,,,,,,,,,,,,,"21,33","NEW rental,docomo FS050W 無制限"
1674,15682,379,2943,Insurance [YES] / Additional Battery [NONE],8-9Days,,,docomo FS050W Unlimited Data,1,,,,,,,,*,,*,,,,,,,,,,,,,,,,,,,,,,,,0,1,df_008_in,,1,,8910,9460,,5,,,,,,,,,,,,,,,,,"21,33","NEW rental,docomo FS050W 無制限"
1674,15686,379,2944,Insurance [YES] / Additional Battery [NONE],9-10Days,,,docomo FS050W Unlimited Data,1,,,,,,,,*,,*,,,,,,,,,,,,,,,,,,,,,,,,0,1,df_009_in,,1,,9900,10450,,5,,,,,,,,,,,,,,,,,"21,33","NEW rental,docomo FS050W 無制限"
1674,15690,379,2945,Insurance [YES] / Additional Battery [NONE],10-11Days,,,docomo FS050W Unlimited Data,1,,,,,,,,*,,*,,,,,,,,,,,,,,,,,,,,,,,,0,1,df_010_in,,1,,10890,11440,,5,,,,,,,,,,,,,,,,,"21,33","NEW rental,docomo FS050W 無制限"
1674,15694,379,2946,Insurance [YES] / Additional Battery [NONE],11-12Days,,,docomo FS050W Unlimited Data,1,,,,,,,,*,,*,,,,,,,,,,,,,,,,,,,,,,,,0,1,df_011_in,,1,,11880,12430,,5,,,,,,,,,,,,,,,,,"21,33","NEW rental,docomo FS050W 無制限"
1674,15698,379,2947,Insurance [YES] / Additional Battery [NONE],12-13Days,,,docomo FS050W Unlimited Data,1,,,,,,,,*,,*,,,,,,,,,,,,,,,,,,,,,,,,0,1,df_012_in,,1,,12870,13420,,5,,,,,,,,,,,,,,,,,"21,33","NEW rental,docomo FS050W 無制限"
1674,15702,379,2948,Insurance [YES] / Additional Battery [NONE],13-14Days,,,docomo FS050W Unlimited Data,1,,,,,,,,*,,*,,,,,,,,,,,,,,,,,,,,,,,,0,1,df_013_in,,1,,13860,14410,,5,,,,,,,,,,,,,,,,,"21,33","NEW rental,docomo FS050W 無制限"
1674,15706,379,2949,Insurance [YES] / Additional Battery [NONE],14-15Days (Value Rental Pack:1Month Pack),,,docomo FS050W Unlimited Data,1,,,,,,,,*,,*,,,,,,,,,,,,,,,,,,,,,,,,0,1,df_014_in,,1,,14850,15400,,5,,,,,,,,,,,,,,,,,"21,33","NEW rental,docomo FS050W 無制限"
1674,15710,379,2950,Insurance [YES] / Additional Battery [NONE],15-16Days (Value Rental Pack:1Month Pack),,,docomo FS050W Unlimited Data,1,,,,,,,,*,,*,,,,,,,,,,,,,,,,,,,,,,,,0,1,df_014_in,,1,,14850,15400,,5,,,,,,,,,,,,,,,,,"21,33","NEW rental,docomo FS050W 無制限"
1674,15714,379,2951,Insurance [YES] / Additional Battery [NONE],16-17Days (Value Rental Pack:1Month Pack),,,docomo FS050W Unlimited Data,1,,,,,,,,*,,*,,,,,,,,,,,,,,,,,,,,,,,,0,1,df_014_in,,1,,14850,15400,,5,,,,,,,,,,,,,,,,,"21,33","NEW rental,docomo FS050W 無制限"
1674,15718,379,2952,Insurance [YES] / Additional Battery [NONE],17-18Days (Value Rental Pack:1Month Pack),,,docomo FS050W Unlimited Data,1,,,,,,,,*,,*,,,,,,,,,,,,,,,,,,,,,,,,0,1,df_014_in,,1,,14850,15400,,5,,,,,,,,,,,,,,,,,"21,33","NEW rental,docomo FS050W 無制限"
1674,15722,379,2953,Insurance [YES] / Additional Battery [NONE],18-19Days (Value Rental Pack:1Month Pack),,,docomo FS050W Unlimited Data,1,,,,,,,,*,,*,,,,,,,,,,,,,,,,,,,,,,,,0,1,df_014_in,,1,,14850,15400,,5,,,,,,,,,,,,,,,,,"21,33","NEW rental,docomo FS050W 無制限"
1674,15726,379,2954,Insurance [YES] / Additional Battery [NONE],19-20Days (Value Rental Pack:1Month Pack),,,docomo FS050W Unlimited Data,1,,,,,,,,*,,*,,,,,,,,,,,,,,,,,,,,,,,,0,1,df_014_in,,1,,14850,15400,,5,,,,,,,,,,,,,,,,,"21,33","NEW rental,docomo FS050W 無制限"
1674,15730,379,2955,Insurance [YES] / Additional Battery [NONE],20-21Days (Value Rental Pack:1Month Pack),,,docomo FS050W Unlimited Data,1,,,,,,,,*,,*,,,,,,,,,,,,,,,,,,,,,,,,0,1,df_014_in,,1,,14850,15400,,5,,,,,,,,,,,,,,,,,"21,33","NEW rental,docomo FS050W 無制限"
1674,15734,379,2956,Insurance [YES] / Additional Battery [NONE],21-22Days (Value Rental Pack:1Month Pack),,,docomo FS050W Unlimited Data,1,,,,,,,,*,,*,,,,,,,,,,,,,,,,,,,,,,,,0,1,df_014_in,,1,,14850,15400,,5,,,,,,,,,,,,,,,,,"21,33","NEW rental,docomo FS050W 無制限"
1674,15738,379,2957,Insurance [YES] / Additional Battery [NONE],22-23Days (Value Rental Pack:1Month Pack),,,docomo FS050W Unlimited Data,1,,,,,,,,*,,*,,,,,,,,,,,,,,,,,,,,,,,,0,1,df_014_in,,1,,14850,15400,,5,,,,,,,,,,,,,,,,,"21,33","NEW rental,docomo FS050W 無制限"
1674,15742,379,2958,Insurance [YES] / Additional Battery [NONE],23-24Days (Value Rental Pack:1Month Pack),,,docomo FS050W Unlimited Data,1,,,,,,,,*,,*,,,,,,,,,,,,,,,,,,,,,,,,0,1,df_014_in,,1,,14850,15400,,5,,,,,,,,,,,,,,,,,"21,33","NEW rental,docomo FS050W 無制限"
1674,15746,379,2959,Insurance [YES] / Additional Battery [NONE],24-25Days (Value Rental Pack:1Month Pack),,,docomo FS050W Unlimited Data,1,,,,,,,,*,,*,,,,,,,,,,,,,,,,,,,,,,,,0,1,df_014_in,,1,,14850,15400,,5,,,,,,,,,,,,,,,,,"21,33","NEW rental,docomo FS050W 無制限"
1674,15750,379,2960,Insurance [YES] / Additional Battery [NONE],25-26Days (Value Rental Pack:1Month Pack),,,docomo FS050W Unlimited Data,1,,,,,,,,*,,*,,,,,,,,,,,,,,,,,,,,,,,,0,1,df_014_in,,1,,14850,15400,,5,,,,,,,,,,,,,,,,,"21,33","NEW rental,docomo FS050W 無制限"
1674,15754,379,2961,Insurance [YES] / Additional Battery [NONE],26-27Days (Value Rental Pack:1Month Pack),,,docomo FS050W Unlimited Data,1,,,,,,,,*,,*,,,,,,,,,,,,,,,,,,,,,,,,0,1,df_014_in,,1,,14850,15400,,5,,,,,,,,,,,,,,,,,"21,33","NEW rental,docomo FS050W 無制限"
1674,15758,379,2962,Insurance [YES] / Additional Battery [NONE],27-28Days (Value Rental Pack:1Month Pack),,,docomo FS050W Unlimited Data,1,,,,,,,,*,,*,,,,,,,,,,,,,,,,,,,,,,,,0,1,df_014_in,,1,,14850,15400,,5,,,,,,,,,,,,,,,,,"21,33","NEW rental,docomo FS050W 無制限"
1674,15762,379,2963,Insurance [YES] / Additional Battery [NONE],28-29Days (Value Rental Pack:1Month Pack),,,docomo FS050W Unlimited Data,1,,,,,,,,*,,*,,,,,,,,,,,,,,,,,,,,,,,,0,1,df_014_in,,1,,14850,15400,,5,,,,,,,,,,,,,,,,,"21,33","NEW rental,docomo FS050W 無制限"
1674,15766,379,2964,Insurance [YES] / Additional Battery [NONE],29-30Days (Value Rental Pack:1Month Pack),,,docomo FS050W Unlimited Data,1,,,,,,,,*,,*,,,,,,,,,,,,,,,,,,,,,,,,0,1,df_014_in,,1,,14850,15400,,5,,,,,,,,,,,,,,,,,"21,33","NEW rental,docomo FS050W 無制限"
1674,15770,379,2965,Insurance [YES] / Additional Battery [NONE],30-31Days (Value Rental Pack:1Month Pack),,,docomo FS050W Unlimited Data,1,,,,,,,,*,,*,,,,,,,,,,,,,,,,,,,,,,,,0,1,df_014_in,,1,,14850,15400,,5,,,,,,,,,,,,,,,,,"21,33","NEW rental,docomo FS050W 無制限"
1674,15774,379,2966,Insurance [YES] / Additional Battery [NONE],31-32Days (Value Rental Pack:1Month Pack＋1Day),,,docomo FS050W Unlimited Data,1,,,,,,,,*,,*,,,,,,,,,,,,,,,,,,,,,,,,0,1,df_031_in,,1,,15840,16390,,5,,,,,,,,,,,,,,,,,"21,33","NEW rental,docomo FS050W 無制限"
1674,15778,379,2967,Insurance [YES] / Additional Battery [NONE],32-33Days (Value Rental Pack:1Month Pack＋2Days),,,docomo FS050W Unlimited Data,1,,,,,,,,*,,*,,,,,,,,,,,,,,,,,,,,,,,,0,1,df_032_in,,1,,16830,17380,,5,,,,,,,,,,,,,,,,,"21,33","NEW rental,docomo FS050W 無制限"
1674,15782,379,2968,Insurance [YES] / Additional Battery [NONE],33-34Days (Value Rental Pack:1Month Pack＋3Days),,,docomo FS050W Unlimited Data,1,,,,,,,,*,,*,,,,,,,,,,,,,,,,,,,,,,,,0,1,df_033_in,,1,,17820,18370,,5,,,,,,,,,,,,,,,,,"21,33","NEW rental,docomo FS050W 無制限"
1674,15786,379,2969,Insurance [YES] / Additional Battery [NONE],34-35Days (Value Rental Pack:1Month Pack＋4Days),,,docomo FS050W Unlimited Data,1,,,,,,,,*,,*,,,,,,,,,,,,,,,,,,,,,,,,0,1,df_034_in,,1,,18810,19360,,5,,,,,,,,,,,,,,,,,"21,33","NEW rental,docomo FS050W 無制限"
1674,15790,379,2970,Insurance [YES] / Additional Battery [NONE],35-36Days (Value Rental Pack:1Month Pack＋5Days),,,docomo FS050W Unlimited Data,1,,,,,,,,*,,*,,,,,,,,,,,,,,,,,,,,,,,,0,1,df_035_in,,1,,19800,20350,,5,,,,,,,,,,,,,,,,,"21,33","NEW rental,docomo FS050W 無制限"
1674,15794,379,2971,Insurance [YES] / Additional Battery [NONE],36-37Days (Value Rental Pack:1Month Pack＋6Days),,,docomo FS050W Unlimited Data,1,,,,,,,,*,,*,,,,,,,,,,,,,,,,,,,,,,,,0,1,df_036_in,,1,,20790,21340,,5,,,,,,,,,,,,,,,,,"21,33","NEW rental,docomo FS050W 無制限"
1674,15798,379,2972,Insurance [YES] / Additional Battery [NONE],37-38Days (Value Rental Pack:1Month Pack＋7Days),,,docomo FS050W Unlimited Data,1,,,,,,,,*,,*,,,,,,,,,,,,,,,,,,,,,,,,0,1,df_037_in,,1,,21780,22330,,5,,,,,,,,,,,,,,,,,"21,33","NEW rental,docomo FS050W 無制限"
1674,15802,379,2973,Insurance [YES] / Additional Battery [NONE],38-39Days (Value Rental Pack:1Month Pack＋8Days),,,docomo FS050W Unlimited Data,1,,,,,,,,*,,*,,,,,,,,,,,,,,,,,,,,,,,,0,1,df_038_in,,1,,22770,23320,,5,,,,,,,,,,,,,,,,,"21,33","NEW rental,docomo FS050W 無制限"
1674,15806,379,2974,Insurance [YES] / Additional Battery [NONE],39-40Days (Value Rental Pack:1Month Pack＋9Days),,,docomo FS050W Unlimited Data,1,,,,,,,,*,,*,,,,,,,,,,,,,,,,,,,,,,,,0,1,df_039_in,,1,,23760,24310,,5,,,,,,,,,,,,,,,,,"21,33","NEW rental,docomo FS050W 無制限"
1674,15810,379,2975,Insurance [YES] / Additional Battery [NONE],40-41Days (Value Rental Pack:1Month Pack＋10Days),,,docomo FS050W Unlimited Data,1,,,,,,,,*,,*,,,,,,,,,,,,,,,,,,,,,,,,0,1,df_040_in,,1,,24750,25300,,5,,,,,,,,,,,,,,,,,"21,33","NEW rental,docomo FS050W 無制限"
1674,15814,379,2976,Insurance [YES] / Additional Battery [NONE],41-42Days (Value Rental Pack:1Month Pack＋11Days),,,docomo FS050W Unlimited Data,1,,,,,,,,*,,*,,,,,,,,,,,,,,,,,,,,,,,,0,1,df_041_in,,1,,25740,26290,,5,,,,,,,,,,,,,,,,,"21,33","NEW rental,docomo FS050W 無制限"
1674,15818,379,2977,Insurance [YES] / Additional Battery [NONE],42-43Days (Value Rental Pack:2Months Pack),,,docomo FS050W Unlimited Data,1,,,,,,,,*,,*,,,,,,,,,,,,,,,,,,,,,,,,0,1,df_060_in,,1,,26600,27150,,5,,,,,,,,,,,,,,,,,"21,33","NEW rental,docomo FS050W 無制限"
1674,15822,379,2978,Insurance [YES] / Additional Battery [NONE],43-44Days (Value Rental Pack:2Months Pack),,,docomo FS050W Unlimited Data,1,,,,,,,,*,,*,,,,,,,,,,,,,,,,,,,,,,,,0,1,df_060_in,,1,,26600,27150,,5,,,,,,,,,,,,,,,,,"21,33","NEW rental,docomo FS050W 無制限"
1674,15826,379,2979,Insurance [YES] / Additional Battery [NONE],44-45Days (Value Rental Pack:2Months Pack),,,docomo FS050W Unlimited Data,1,,,,,,,,*,,*,,,,,,,,,,,,,,,,,,,,,,,,0,1,df_060_in,,1,,26600,27150,,5,,,,,,,,,,,,,,,,,"21,33","NEW rental,docomo FS050W 無制限"
1674,15830,379,2980,Insurance [YES] / Additional Battery [NONE],45-46Days (Value Rental Pack:2Months Pack),,,docomo FS050W Unlimited Data,1,,,,,,,,*,,*,,,,,,,,,,,,,,,,,,,,,,,,0,1,df_060_in,,1,,26600,27150,,5,,,,,,,,,,,,,,,,,"21,33","NEW rental,docomo FS050W 無制限"
1674,15834,379,2981,Insurance [YES] / Additional Battery [NONE],46-47Days (Value Rental Pack:2Months Pack),,,docomo FS050W Unlimited Data,1,,,,,,,,*,,*,,,,,,,,,,,,,,,,,,,,,,,,0,1,df_060_in,,1,,26600,27150,,5,,,,,,,,,,,,,,,,,"21,33","NEW rental,docomo FS050W 無制限"
1674,15838,379,2982,Insurance [YES] / Additional Battery [NONE],47-48Days (Value Rental Pack:2Months Pack),,,docomo FS050W Unlimited Data,1,,,,,,,,*,,*,,,,,,,,,,,,,,,,,,,,,,,,0,1,df_060_in,,1,,26600,27150,,5,,,,,,,,,,,,,,,,,"21,33","NEW rental,docomo FS050W 無制限"
1674,15842,379,2983,Insurance [YES] / Additional Battery [NONE],48-49Days (Value Rental Pack:2Months Pack),,,docomo FS050W Unlimited Data,1,,,,,,,,*,,*,,,,,,,,,,,,,,,,,,,,,,,,0,1,df_060_in,,1,,26600,27150,,5,,,,,,,,,,,,,,,,,"21,33","NEW rental,docomo FS050W 無制限"
1674,15846,379,2984,Insurance [YES] / Additional Battery [NONE],49-50Days (Value Rental Pack:2Months Pack),,,docomo FS050W Unlimited Data,1,,,,,,,,*,,*,,,,,,,,,,,,,,,,,,,,,,,,0,1,df_060_in,,1,,26600,27150,,5,,,,,,,,,,,,,,,,,"21,33","NEW rental,docomo FS050W 無制限"
1674,15850,379,2985,Insurance [YES] / Additional Battery [NONE],50-51Days (Value Rental Pack:2Months Pack),,,docomo FS050W Unlimited Data,1,,,,,,,,*,,*,,,,,,,,,,,,,,,,,,,,,,,,0,1,df_060_in,,1,,26600,27150,,5,,,,,,,,,,,,,,,,,"21,33","NEW rental,docomo FS050W 無制限"
1674,15854,379,2986,Insurance [YES] / Additional Battery [NONE],51-52Days (Value Rental Pack:2Months Pack),,,docomo FS050W Unlimited Data,1,,,,,,,,*,,*,,,,,,,,,,,,,,,,,,,,,,,,0,1,df_060_in,,1,,26600,27150,,5,,,,,,,,,,,,,,,,,"21,33","NEW rental,docomo FS050W 無制限"
1674,15858,379,2987,Insurance [YES] / Additional Battery [NONE],52-53Days (Value Rental Pack:2Months Pack),,,docomo FS050W Unlimited Data,1,,,,,,,,*,,*,,,,,,,,,,,,,,,,,,,,,,,,0,1,df_060_in,,1,,26600,27150,,5,,,,,,,,,,,,,,,,,"21,33","NEW rental,docomo FS050W 無制限"
1674,15862,379,2988,Insurance [YES] / Additional Battery [NONE],53-54Days (Value Rental Pack:2Months Pack),,,docomo FS050W Unlimited Data,1,,,,,,,,*,,*,,,,,,,,,,,,,,,,,,,,,,,,0,1,df_060_in,,1,,26600,27150,,5,,,,,,,,,,,,,,,,,"21,33","NEW rental,docomo FS050W 無制限"
1674,15866,379,2989,Insurance [YES] / Additional Battery [NONE],54-55Days (Value Rental Pack:2Months Pack),,,docomo FS050W Unlimited Data,1,,,,,,,,*,,*,,,,,,,,,,,,,,,,,,,,,,,,0,1,df_060_in,,1,,26600,27150,,5,,,,,,,,,,,,,,,,,"21,33","NEW rental,docomo FS050W 無制限"
1674,15870,379,2990,Insurance [YES] / Additional Battery [NONE],55-56Days (Value Rental Pack:2Months Pack),,,docomo FS050W Unlimited Data,1,,,,,,,,*,,*,,,,,,,,,,,,,,,,,,,,,,,,0,1,df_060_in,,1,,26600,27150,,5,,,,,,,,,,,,,,,,,"21,33","NEW rental,docomo FS050W 無制限"
1674,15874,379,2991,Insurance [YES] / Additional Battery [NONE],56-57Days (Value Rental Pack:2Months Pack),,,docomo FS050W Unlimited Data,1,,,,,,,,*,,*,,,,,,,,,,,,,,,,,,,,,,,,0,1,df_060_in,,1,,26600,27150,,5,,,,,,,,,,,,,,,,,"21,33","NEW rental,docomo FS050W 無制限"
1674,15878,379,2992,Insurance [YES] / Additional Battery [NONE],57-58Days (Value Rental Pack:2Months Pack),,,docomo FS050W Unlimited Data,1,,,,,,,,*,,*,,,,,,,,,,,,,,,,,,,,,,,,0,1,df_060_in,,1,,26600,27150,,5,,,,,,,,,,,,,,,,,"21,33","NEW rental,docomo FS050W 無制限"
1674,15882,379,2993,Insurance [YES] / Additional Battery [NONE],58-59Days (Value Rental Pack:2Months Pack),,,docomo FS050W Unlimited Data,1,,,,,,,,*,,*,,,,,,,,,,,,,,,,,,,,,,,,0,1,df_060_in,,1,,26600,27150,,5,,,,,,,,,,,,,,,,,"21,33","NEW rental,docomo FS050W 無制限"
1674,15886,379,2994,Insurance [YES] / Additional Battery [NONE],59-60Days (Value Rental Pack:2Months Pack),,,docomo FS050W Unlimited Data,1,,,,,,,,*,,*,,,,,,,,,,,,,,,,,,,,,,,,0,1,df_060_in,,1,,26600,27150,,5,,,,,,,,,,,,,,,,,"21,33","NEW rental,docomo FS050W 無制限"
1674,15890,379,2995,Insurance [YES] / Additional Battery [NONE],60-61Days (Value Rental Pack:2Months Pack),,,docomo FS050W Unlimited Data,1,,,,,,,,*,,*,,,,,,,,,,,,,,,,,,,,,,,,0,1,df_060_in,,1,,26600,27150,,5,,,,,,,,,,,,,,,,,"21,33","NEW rental,docomo FS050W 無制限"
1674,15894,379,2996,Insurance [YES] / Additional Battery [NONE],61-62Days (Value Rental Pack:2Months Pack＋1Day),,,docomo FS050W Unlimited Data,1,,,,,,,,*,,*,,,,,,,,,,,,,,,,,,,,,,,,0,1,df_061_in,,1,,27590,28140,,5,,,,,,,,,,,,,,,,,"21,33","NEW rental,docomo FS050W 無制限"
1674,15898,379,2997,Insurance [YES] / Additional Battery [NONE],62-63Days (Value Rental Pack:2Months Pack＋2Days),,,docomo FS050W Unlimited Data,1,,,,,,,,*,,*,,,,,,,,,,,,,,,,,,,,,,,,0,1,df_062_in,,1,,28580,29130,,5,,,,,,,,,,,,,,,,,"21,33","NEW rental,docomo FS050W 無制限"
1674,15902,379,2998,Insurance [YES] / Additional Battery [NONE],63-64Days (Value Rental Pack:2Months Pack＋3Days),,,docomo FS050W Unlimited Data,1,,,,,,,,*,,*,,,,,,,,,,,,,,,,,,,,,,,,0,1,df_063_in,,1,,29570,30120,,5,,,,,,,,,,,,,,,,,"21,33","NEW rental,docomo FS050W 無制限"
1674,15906,379,2999,Insurance [YES] / Additional Battery [NONE],64-65Days (Value Rental Pack:2Months Pack＋4Days),,,docomo FS050W Unlimited Data,1,,,,,,,,*,,*,,,,,,,,,,,,,,,,,,,,,,,,0,1,df_064_in,,1,,30560,31110,,5,,,,,,,,,,,,,,,,,"21,33","NEW rental,docomo FS050W 無制限"
1674,15910,379,3000,Insurance [YES] / Additional Battery [NONE],65-66Days (Value Rental Pack:2Months Pack＋5Days),,,docomo FS050W Unlimited Data,1,,,,,,,,*,,*,,,,,,,,,,,,,,,,,,,,,,,,0,1,df_065_in,,1,,31550,32100,,5,,,,,,,,,,,,,,,,,"21,33","NEW rental,docomo FS050W 無制限"
1674,15914,379,3001,Insurance [YES] / Additional Battery [NONE],66-67Days (Value Rental Pack:2Months Pack＋6Days),,,docomo FS050W Unlimited Data,1,,,,,,,,*,,*,,,,,,,,,,,,,,,,,,,,,,,,0,1,df_066_in,,1,,32540,33090,,5,,,,,,,,,,,,,,,,,"21,33","NEW rental,docomo FS050W 無制限"
1674,15918,379,3002,Insurance [YES] / Additional Battery [NONE],67-68Days (Value Rental Pack:2Months Pack＋7Days),,,docomo FS050W Unlimited Data,1,,,,,,,,*,,*,,,,,,,,,,,,,,,,,,,,,,,,0,1,df_067_in,,1,,33530,34080,,5,,,,,,,,,,,,,,,,,"21,33","NEW rental,docomo FS050W 無制限"
1674,15922,379,3003,Insurance [YES] / Additional Battery [NONE],68-69Days (Value Rental Pack:2Months Pack＋8Days),,,docomo FS050W Unlimited Data,1,,,,,,,,*,,*,,,,,,,,,,,,,,,,,,,,,,,,0,1,df_068_in,,1,,34520,35070,,5,,,,,,,,,,,,,,,,,"21,33","NEW rental,docomo FS050W 無制限"
1674,15926,379,3004,Insurance [YES] / Additional Battery [NONE],69-70Days (Value Rental Pack:2Months Pack＋9Days),,,docomo FS050W Unlimited Data,1,,,,,,,,*,,*,,,,,,,,,,,,,,,,,,,,,,,,0,1,df_069_in,,1,,35510,36060,,5,,,,,,,,,,,,,,,,,"21,33","NEW rental,docomo FS050W 無制限"
1674,15930,379,3005,Insurance [YES] / Additional Battery [NONE],70-71Days (Value Rental Pack:2Months Pack＋10Days),,,docomo FS050W Unlimited Data,1,,,,,,,,*,,*,,,,,,,,,,,,,,,,,,,,,,,,0,1,df_070_in,,1,,36500,37050,,5,,,,,,,,,,,,,,,,,"21,33","NEW rental,docomo FS050W 無制限"
1674,15934,379,3006,Insurance [YES] / Additional Battery [NONE],71-72Days (Value Rental Pack:3Months Pack),,,docomo FS050W Unlimited Data,1,,,,,,,,*,,*,,,,,,,,,,,,,,,,,,,,,,,,0,1,df_090_in,,1,,37200,37750,,5,,,,,,,,,,,,,,,,,"21,33","NEW rental,docomo FS050W 無制限"
1674,15938,379,3007,Insurance [YES] / Additional Battery [NONE],72-73Days (Value Rental Pack:3Months Pack),,,docomo FS050W Unlimited Data,1,,,,,,,,*,,*,,,,,,,,,,,,,,,,,,,,,,,,0,1,df_090_in,,1,,37200,37750,,5,,,,,,,,,,,,,,,,,"21,33","NEW rental,docomo FS050W 無制限"
1674,15942,379,3008,Insurance [YES] / Additional Battery [NONE],73-74Days (Value Rental Pack:3Months Pack),,,docomo FS050W Unlimited Data,1,,,,,,,,*,,*,,,,,,,,,,,,,,,,,,,,,,,,0,1,df_090_in,,1,,37200,37750,,5,,,,,,,,,,,,,,,,,"21,33","NEW rental,docomo FS050W 無制限"
1674,15946,379,3009,Insurance [YES] / Additional Battery [NONE],74-75Days (Value Rental Pack:3Months Pack),,,docomo FS050W Unlimited Data,1,,,,,,,,*,,*,,,,,,,,,,,,,,,,,,,,,,,,0,1,df_090_in,,1,,37200,37750,,5,,,,,,,,,,,,,,,,,"21,33","NEW rental,docomo FS050W 無制限"
1674,15950,379,3010,Insurance [YES] / Additional Battery [NONE],75-76Days (Value Rental Pack:3Months Pack),,,docomo FS050W Unlimited Data,1,,,,,,,,*,,*,,,,,,,,,,,,,,,,,,,,,,,,0,1,df_090_in,,1,,37200,37750,,5,,,,,,,,,,,,,,,,,"21,33","NEW rental,docomo FS050W 無制限"
1674,15954,379,3011,Insurance [YES] / Additional Battery [NONE],76-77Days (Value Rental Pack:3Months Pack),,,docomo FS050W Unlimited Data,1,,,,,,,,*,,*,,,,,,,,,,,,,,,,,,,,,,,,0,1,df_090_in,,1,,37200,37750,,5,,,,,,,,,,,,,,,,,"21,33","NEW rental,docomo FS050W 無制限"
1674,15958,379,3012,Insurance [YES] / Additional Battery [NONE],77-78Days (Value Rental Pack:3Months Pack),,,docomo FS050W Unlimited Data,1,,,,,,,,*,,*,,,,,,,,,,,,,,,,,,,,,,,,0,1,df_090_in,,1,,37200,37750,,5,,,,,,,,,,,,,,,,,"21,33","NEW rental,docomo FS050W 無制限"
1674,15962,379,3013,Insurance [YES] / Additional Battery [NONE],78-79Days (Value Rental Pack:3Months Pack),,,docomo FS050W Unlimited Data,1,,,,,,,,*,,*,,,,,,,,,,,,,,,,,,,,,,,,0,1,df_090_in,,1,,37200,37750,,5,,,,,,,,,,,,,,,,,"21,33","NEW rental,docomo FS050W 無制限"
1674,15966,379,3014,Insurance [YES] / Additional Battery [NONE],79-80Days (Value Rental Pack:3Months Pack),,,docomo FS050W Unlimited Data,1,,,,,,,,*,,*,,,,,,,,,,,,,,,,,,,,,,,,0,1,df_090_in,,1,,37200,37750,,5,,,,,,,,,,,,,,,,,"21,33","NEW rental,docomo FS050W 無制限"
1674,15970,379,3015,Insurance [YES] / Additional Battery [NONE],80-81Days (Value Rental Pack:3Months Pack),,,docomo FS050W Unlimited Data,1,,,,,,,,*,,*,,,,,,,,,,,,,,,,,,,,,,,,0,1,df_090_in,,1,,37200,37750,,5,,,,,,,,,,,,,,,,,"21,33","NEW rental,docomo FS050W 無制限"
1674,15974,379,3016,Insurance [YES] / Additional Battery [NONE],81-82Days (Value Rental Pack:3Months Pack),,,docomo FS050W Unlimited Data,1,,,,,,,,*,,*,,,,,,,,,,,,,,,,,,,,,,,,0,1,df_090_in,,1,,37200,37750,,5,,,,,,,,,,,,,,,,,"21,33","NEW rental,docomo FS050W 無制限"
1674,15978,379,3017,Insurance [YES] / Additional Battery [NONE],82-83Days (Value Rental Pack:3Months Pack),,,docomo FS050W Unlimited Data,1,,,,,,,,*,,*,,,,,,,,,,,,,,,,,,,,,,,,0,1,df_090_in,,1,,37200,37750,,5,,,,,,,,,,,,,,,,,"21,33","NEW rental,docomo FS050W 無制限"
1674,15982,379,3018,Insurance [YES] / Additional Battery [NONE],83-84Days (Value Rental Pack:3Months Pack),,,docomo FS050W Unlimited Data,1,,,,,,,,*,,*,,,,,,,,,,,,,,,,,,,,,,,,0,1,df_090_in,,1,,37200,37750,,5,,,,,,,,,,,,,,,,,"21,33","NEW rental,docomo FS050W 無制限"
1674,15986,379,3019,Insurance [YES] / Additional Battery [NONE],84-85Days (Value Rental Pack:3Months Pack),,,docomo FS050W Unlimited Data,1,,,,,,,,*,,*,,,,,,,,,,,,,,,,,,,,,,,,0,1,df_090_in,,1,,37200,37750,,5,,,,,,,,,,,,,,,,,"21,33","NEW rental,docomo FS050W 無制限"
1674,15990,379,3020,Insurance [YES] / Additional Battery [NONE],85-86Days (Value Rental Pack:3Months Pack),,,docomo FS050W Unlimited Data,1,,,,,,,,*,,*,,,,,,,,,,,,,,,,,,,,,,,,0,1,df_090_in,,1,,37200,37750,,5,,,,,,,,,,,,,,,,,"21,33","NEW rental,docomo FS050W 無制限"
1674,15994,379,3021,Insurance [YES] / Additional Battery [NONE],86-87Days (Value Rental Pack:3Months Pack),,,docomo FS050W Unlimited Data,1,,,,,,,,*,,*,,,,,,,,,,,,,,,,,,,,,,,,0,1,df_090_in,,1,,37200,37750,,5,,,,,,,,,,,,,,,,,"21,33","NEW rental,docomo FS050W 無制限"
1674,15998,379,3022,Insurance [YES] / Additional Battery [NONE],87-88Days (Value Rental Pack:3Months Pack),,,docomo FS050W Unlimited Data,1,,,,,,,,*,,*,,,,,,,,,,,,,,,,,,,,,,,,0,1,df_090_in,,1,,37200,37750,,5,,,,,,,,,,,,,,,,,"21,33","NEW rental,docomo FS050W 無制限"
1674,16002,379,3023,Insurance [YES] / Additional Battery [NONE],88-89Days (Value Rental Pack:3Months Pack),,,docomo FS050W Unlimited Data,1,,,,,,,,*,,*,,,,,,,,,,,,,,,,,,,,,,,,0,1,df_090_in,,1,,37200,37750,,5,,,,,,,,,,,,,,,,,"21,33","NEW rental,docomo FS050W 無制限"
1674,16006,379,3024,Insurance [YES] / Additional Battery [NONE],89-90Days (Value Rental Pack:3Months Pack),,,docomo FS050W Unlimited Data,1,,,,,,,,*,,*,,,,,,,,,,,,,,,,,,,,,,,,0,1,df_090_in,,1,,37200,37750,,5,,,,,,,,,,,,,,,,,"21,33","NEW rental,docomo FS050W 無制限"
1674,16010,379,3025,Insurance [YES] / Additional Battery [NONE],90-91Days (Value Rental Pack:3Months Pack),,,docomo FS050W Unlimited Data,1,,,,,,,,*,,*,,,,,,,,,,,,,,,,,,,,,,,,0,1,df_090_in,,1,,37200,37750,,5,,,,,,,,,,,,,,,,,"21,33","NEW rental,docomo FS050W 無制限"
1674,16014,379,3026,Insurance [YES] / Additional Battery [NONE],91-92Days (Value Rental Pack:3Months Pack＋1Day),,,docomo FS050W Unlimited Data,1,,,,,,,,*,,*,,,,,,,,,,,,,,,,,,,,,,,,0,1,df_091_in,,1,,38190,38740,,5,,,,,,,,,,,,,,,,,"21,33","NEW rental,docomo FS050W 無制限"
1674,16018,379,3027,Insurance [YES] / Additional Battery [NONE],92-93Days (Value Rental Pack:3Months Pack＋2Days),,,docomo FS050W Unlimited Data,1,,,,,,,,*,,*,,,,,,,,,,,,,,,,,,,,,,,,0,1,df_092_in,,1,,39180,39730,,5,,,,,,,,,,,,,,,,,"21,33","NEW rental,docomo FS050W 無制限"
1674,16022,379,3028,Insurance [YES] / Additional Battery [NONE],93-94Days (Value Rental Pack:3Months Pack＋3Days),,,docomo FS050W Unlimited Data,1,,,,,,,,*,,*,,,,,,,,,,,,,,,,,,,,,,,,0,1,df_093_in,,1,,40170,40720,,5,,,,,,,,,,,,,,,,,"21,33","NEW rental,docomo FS050W 無制限"
1674,16026,379,3029,Insurance [YES] / Additional Battery [NONE],94-95Days (Value Rental Pack:3Months Pack＋4Days),,,docomo FS050W Unlimited Data,1,,,,,,,,*,,*,,,,,,,,,,,,,,,,,,,,,,,,0,1,df_094_in,,1,,41160,41710,,5,,,,,,,,,,,,,,,,,"21,33","NEW rental,docomo FS050W 無制限"
1674,16030,379,3030,Insurance [YES] / Additional Battery [NONE],95-96Days (Value Rental Pack:3Months Pack＋5Days),,,docomo FS050W Unlimited Data,1,,,,,,,,*,,*,,,,,,,,,,,,,,,,,,,,,,,,0,1,df_095_in,,1,,42150,42700,,5,,,,,,,,,,,,,,,,,"21,33","NEW rental,docomo FS050W 無制限"
1674,16034,379,3031,Insurance [YES] / Additional Battery [NONE],96-97Days (Value Rental Pack:3Months Pack＋6Days),,,docomo FS050W Unlimited Data,1,,,,,,,,*,,*,,,,,,,,,,,,,,,,,,,,,,,,0,1,df_096_in,,1,,43140,43690,,5,,,,,,,,,,,,,,,,,"21,33","NEW rental,docomo FS050W 無制限"
1674,16038,379,3032,Insurance [YES] / Additional Battery [NONE],97-98Days (Value Rental Pack:3Months Pack＋7Days),,,docomo FS050W Unlimited Data,1,,,,,,,,*,,*,,,,,,,,,,,,,,,,,,,,,,,,0,1,df_097_in,,1,,44130,44680,,5,,,,,,,,,,,,,,,,,"21,33","NEW rental,docomo FS050W 無制限"
1674,16042,379,3033,Insurance [YES] / Additional Battery [NONE],98-99Days (Value Rental Pack:3Months Pack＋8Days),,,docomo FS050W Unlimited Data,1,,,,,,,,*,,*,,,,,,,,,,,,,,,,,,,,,,,,0,1,df_098_in,,1,,45120,45670,,5,,,,,,,,,,,,,,,,,"21,33","NEW rental,docomo FS050W 無制限"
1674,16046,379,3034,Insurance [YES] / Additional Battery [NONE],99-100Days (Value Rental Pack:3Months Pack＋9Days),,,docomo FS050W Unlimited Data,1,,,,,,,,*,,*,,,,,,,,,,,,,,,,,,,,,,,,0,1,df_099_in,,1,,46110,46660,,5,,,,,,,,,,,,,,,,,"21,33","NEW rental,docomo FS050W 無制限"
1674,16050,379,3035,Insurance [YES] / Additional Battery [NONE],100-101Days (Value Rental Pack:4Months Pack),,,docomo FS050W Unlimited Data,1,,,,,,,,*,,*,,,,,,,,,,,,,,,,,,,,,,,,0,1,df_120_in,,1,,46700,47250,,5,,,,,,,,,,,,,,,,,"21,33","NEW rental,docomo FS050W 無制限"
1674,16054,379,3036,Insurance [YES] / Additional Battery [NONE],101-102Days (Value Rental Pack:4Months Pack),,,docomo FS050W Unlimited Data,1,,,,,,,,*,,*,,,,,,,,,,,,,,,,,,,,,,,,0,1,df_120_in,,1,,46700,47250,,5,,,,,,,,,,,,,,,,,"21,33","NEW rental,docomo FS050W 無制限"
1674,16058,379,3037,Insurance [YES] / Additional Battery [NONE],102-103Days (Value Rental Pack:4Months Pack),,,docomo FS050W Unlimited Data,1,,,,,,,,*,,*,,,,,,,,,,,,,,,,,,,,,,,,0,1,df_120_in,,1,,46700,47250,,5,,,,,,,,,,,,,,,,,"21,33","NEW rental,docomo FS050W 無制限"
1674,16062,379,3038,Insurance [YES] / Additional Battery [NONE],103-104Days (Value Rental Pack:4Months Pack),,,docomo FS050W Unlimited Data,1,,,,,,,,*,,*,,,,,,,,,,,,,,,,,,,,,,,,0,1,df_120_in,,1,,46700,47250,,5,,,,,,,,,,,,,,,,,"21,33","NEW rental,docomo FS050W 無制限"
1674,16066,379,3039,Insurance [YES] / Additional Battery [NONE],104-105Days (Value Rental Pack:4Months Pack),,,docomo FS050W Unlimited Data,1,,,,,,,,*,,*,,,,,,,,,,,,,,,,,,,,,,,,0,1,df_120_in,,1,,46700,47250,,5,,,,,,,,,,,,,,,,,"21,33","NEW rental,docomo FS050W 無制限"
1674,16070,379,3040,Insurance [YES] / Additional Battery [NONE],105-106Days (Value Rental Pack:4Months Pack),,,docomo FS050W Unlimited Data,1,,,,,,,,*,,*,,,,,,,,,,,,,,,,,,,,,,,,0,1,df_120_in,,1,,46700,47250,,5,,,,,,,,,,,,,,,,,"21,33","NEW rental,docomo FS050W 無制限"
1674,16074,379,3041,Insurance [YES] / Additional Battery [NONE],106-107Days (Value Rental Pack:4Months Pack),,,docomo FS050W Unlimited Data,1,,,,,,,,*,,*,,,,,,,,,,,,,,,,,,,,,,,,0,1,df_120_in,,1,,46700,47250,,5,,,,,,,,,,,,,,,,,"21,33","NEW rental,docomo FS050W 無制限"
1674,16078,379,3042,Insurance [YES] / Additional Battery [NONE],107-108Days (Value Rental Pack:4Months Pack),,,docomo FS050W Unlimited Data,1,,,,,,,,*,,*,,,,,,,,,,,,,,,,,,,,,,,,0,1,df_120_in,,1,,46700,47250,,5,,,,,,,,,,,,,,,,,"21,33","NEW rental,docomo FS050W 無制限"
1674,16082,379,3043,Insurance [YES] / Additional Battery [NONE],108-109Days (Value Rental Pack:4Months Pack),,,docomo FS050W Unlimited Data,1,,,,,,,,*,,*,,,,,,,,,,,,,,,,,,,,,,,,0,1,df_120_in,,1,,46700,47250,,5,,,,,,,,,,,,,,,,,"21,33","NEW rental,docomo FS050W 無制限"
1674,16086,379,3044,Insurance [YES] / Additional Battery [NONE],109-110Days (Value Rental Pack:4Months Pack),,,docomo FS050W Unlimited Data,1,,,,,,,,*,,*,,,,,,,,,,,,,,,,,,,,,,,,0,1,df_120_in,,1,,46700,47250,,5,,,,,,,,,,,,,,,,,"21,33","NEW rental,docomo FS050W 無制限"
1674,16090,379,3045,Insurance [YES] / Additional Battery [NONE],110-111Days (Value Rental Pack:4Months Pack),,,docomo FS050W Unlimited Data,1,,,,,,,,*,,*,,,,,,,,,,,,,,,,,,,,,,,,0,1,df_120_in,,1,,46700,47250,,5,,,,,,,,,,,,,,,,,"21,33","NEW rental,docomo FS050W 無制限"
1674,16094,379,3046,Insurance [YES] / Additional Battery [NONE],111-112Days (Value Rental Pack:4Months Pack),,,docomo FS050W Unlimited Data,1,,,,,,,,*,,*,,,,,,,,,,,,,,,,,,,,,,,,0,1,df_120_in,,1,,46700,47250,,5,,,,,,,,,,,,,,,,,"21,33","NEW rental,docomo FS050W 無制限"
1674,16098,379,3047,Insurance [YES] / Additional Battery [NONE],112-113Days (Value Rental Pack:4Months Pack),,,docomo FS050W Unlimited Data,1,,,,,,,,*,,*,,,,,,,,,,,,,,,,,,,,,,,,0,1,df_120_in,,1,,46700,47250,,5,,,,,,,,,,,,,,,,,"21,33","NEW rental,docomo FS050W 無制限"
1674,16102,379,3048,Insurance [YES] / Additional Battery [NONE],113-114Days (Value Rental Pack:4Months Pack),,,docomo FS050W Unlimited Data,1,,,,,,,,*,,*,,,,,,,,,,,,,,,,,,,,,,,,0,1,df_120_in,,1,,46700,47250,,5,,,,,,,,,,,,,,,,,"21,33","NEW rental,docomo FS050W 無制限"
1674,16106,379,3049,Insurance [YES] / Additional Battery [NONE],114-115Days (Value Rental Pack:4Months Pack),,,docomo FS050W Unlimited Data,1,,,,,,,,*,,*,,,,,,,,,,,,,,,,,,,,,,,,0,1,df_120_in,,1,,46700,47250,,5,,,,,,,,,,,,,,,,,"21,33","NEW rental,docomo FS050W 無制限"
1674,16110,379,3050,Insurance [YES] / Additional Battery [NONE],115-116Days (Value Rental Pack:4Months Pack),,,docomo FS050W Unlimited Data,1,,,,,,,,*,,*,,,,,,,,,,,,,,,,,,,,,,,,0,1,df_120_in,,1,,46700,47250,,5,,,,,,,,,,,,,,,,,"21,33","NEW rental,docomo FS050W 無制限"
1674,16114,379,3051,Insurance [YES] / Additional Battery [NONE],116-117Days (Value Rental Pack:4Months Pack),,,docomo FS050W Unlimited Data,1,,,,,,,,*,,*,,,,,,,,,,,,,,,,,,,,,,,,0,1,df_120_in,,1,,46700,47250,,5,,,,,,,,,,,,,,,,,"21,33","NEW rental,docomo FS050W 無制限"
1674,16118,379,3052,Insurance [YES] / Additional Battery [NONE],117-118Days (Value Rental Pack:4Months Pack),,,docomo FS050W Unlimited Data,1,,,,,,,,*,,*,,,,,,,,,,,,,,,,,,,,,,,,0,1,df_120_in,,1,,46700,47250,,5,,,,,,,,,,,,,,,,,"21,33","NEW rental,docomo FS050W 無制限"
1674,16122,379,3053,Insurance [YES] / Additional Battery [NONE],118-119Days (Value Rental Pack:4Months Pack),,,docomo FS050W Unlimited Data,1,,,,,,,,*,,*,,,,,,,,,,,,,,,,,,,,,,,,0,1,df_120_in,,1,,46700,47250,,5,,,,,,,,,,,,,,,,,"21,33","NEW rental,docomo FS050W 無制限"
1674,16126,379,3054,Insurance [YES] / Additional Battery [NONE],119-120Days (Value Rental Pack:4Months Pack),,,docomo FS050W Unlimited Data,1,,,,,,,,*,,*,,,,,,,,,,,,,,,,,,,,,,,,0,1,df_120_in,,1,,46700,47250,,5,,,,,,,,,,,,,,,,,"21,33","NEW rental,docomo FS050W 無制限"
1674,16130,379,3055,Insurance [YES] / Additional Battery [NONE],120-121Days (Value Rental Pack:4Months Pack),,,docomo FS050W Unlimited Data,1,,,,,,,,*,,*,,,,,,,,,,,,,,,,,,,,,,,,0,1,df_120_in,,1,,46700,47250,,5,,,,,,,,,,,,,,,,,"21,33","NEW rental,docomo FS050W 無制限"
1674,16134,379,3056,Insurance [YES] / Additional Battery [NONE],121-122Days (Value Rental Pack:4Months Pack＋1Day),,,docomo FS050W Unlimited Data,1,,,,,,,,*,,*,,,,,,,,,,,,,,,,,,,,,,,,0,1,df_121_in,,1,,47690,48240,,5,,,,,,,,,,,,,,,,,"21,33","NEW rental,docomo FS050W 無制限"
1674,16138,379,3057,Insurance [YES] / Additional Battery [NONE],122-123Days (Value Rental Pack:4Months Pack＋2Days),,,docomo FS050W Unlimited Data,1,,,,,,,,*,,*,,,,,,,,,,,,,,,,,,,,,,,,0,1,df_122_in,,1,,48680,49230,,5,,,,,,,,,,,,,,,,,"21,33","NEW rental,docomo FS050W 無制限"
1674,16142,379,3058,Insurance [YES] / Additional Battery [NONE],123-124Days (Value Rental Pack:4Months Pack＋3Days),,,docomo FS050W Unlimited Data,1,,,,,,,,*,,*,,,,,,,,,,,,,,,,,,,,,,,,0,1,df_123_in,,1,,49670,50220,,5,,,,,,,,,,,,,,,,,"21,33","NEW rental,docomo FS050W 無制限"
1674,16146,379,3059,Insurance [YES] / Additional Battery [NONE],124-125Days (Value Rental Pack:4Months Pack＋4Days),,,docomo FS050W Unlimited Data,1,,,,,,,,*,,*,,,,,,,,,,,,,,,,,,,,,,,,0,1,df_124_in,,1,,50660,51210,,5,,,,,,,,,,,,,,,,,"21,33","NEW rental,docomo FS050W 無制限"
1674,16150,379,3060,Insurance [YES] / Additional Battery [NONE],125-126Days (Value Rental Pack:4Months Pack＋5Days),,,docomo FS050W Unlimited Data,1,,,,,,,,*,,*,,,,,,,,,,,,,,,,,,,,,,,,0,1,df_125_in,,1,,51650,52200,,5,,,,,,,,,,,,,,,,,"21,33","NEW rental,docomo FS050W 無制限"
1674,16154,379,3061,Insurance [YES] / Additional Battery [NONE],126-127Days (Value Rental Pack:4Months Pack＋6Days),,,docomo FS050W Unlimited Data,1,,,,,,,,*,,*,,,,,,,,,,,,,,,,,,,,,,,,0,1,df_126_in,,1,,52640,53190,,5,,,,,,,,,,,,,,,,,"21,33","NEW rental,docomo FS050W 無制限"
1674,16158,379,3062,Insurance [YES] / Additional Battery [NONE],127-128Days (Value Rental Pack:4Months Pack＋7Days),,,docomo FS050W Unlimited Data,1,,,,,,,,*,,*,,,,,,,,,,,,,,,,,,,,,,,,0,1,df_127_in,,1,,53630,54180,,5,,,,,,,,,,,,,,,,,"21,33","NEW rental,docomo FS050W 無制限"
1674,16162,379,3063,Insurance [YES] / Additional Battery [NONE],128-129Days (Value Rental Pack:4Months Pack＋8Days),,,docomo FS050W Unlimited Data,1,,,,,,,,*,,*,,,,,,,,,,,,,,,,,,,,,,,,0,1,df_128_in,,1,,54620,55170,,5,,,,,,,,,,,,,,,,,"21,33","NEW rental,docomo FS050W 無制限"
1674,16166,379,3064,Insurance [YES] / Additional Battery [NONE],129-130Days (Value Rental Pack:4Months Pack＋9Days),,,docomo FS050W Unlimited Data,1,,,,,,,,*,,*,,,,,,,,,,,,,,,,,,,,,,,,0,1,df_129_in,,1,,55610,56160,,5,,,,,,,,,,,,,,,,,"21,33","NEW rental,docomo FS050W 無制限"
1674,16170,379,3065,Insurance [YES] / Additional Battery [NONE],130-131Days (Value Rental Pack:5Months Pack),,,docomo FS050W Unlimited Data,1,,,,,,,,*,,*,,,,,,,,,,,,,,,,,,,,,,,,0,1,df_150_in,,1,,56100,56650,,5,,,,,,,,,,,,,,,,,"21,33","NEW rental,docomo FS050W 無制限"
1674,16174,379,3066,Insurance [YES] / Additional Battery [NONE],131-132Days (Value Rental Pack:5Months Pack),,,docomo FS050W Unlimited Data,1,,,,,,,,*,,*,,,,,,,,,,,,,,,,,,,,,,,,0,1,df_150_in,,1,,56100,56650,,5,,,,,,,,,,,,,,,,,"21,33","NEW rental,docomo FS050W 無制限"
1674,16178,379,3067,Insurance [YES] / Additional Battery [NONE],132-133Days (Value Rental Pack:5Months Pack),,,docomo FS050W Unlimited Data,1,,,,,,,,*,,*,,,,,,,,,,,,,,,,,,,,,,,,0,1,df_150_in,,1,,56100,56650,,5,,,,,,,,,,,,,,,,,"21,33","NEW rental,docomo FS050W 無制限"
1674,16182,379,3068,Insurance [YES] / Additional Battery [NONE],133-134Days (Value Rental Pack:5Months Pack),,,docomo FS050W Unlimited Data,1,,,,,,,,*,,*,,,,,,,,,,,,,,,,,,,,,,,,0,1,df_150_in,,1,,56100,56650,,5,,,,,,,,,,,,,,,,,"21,33","NEW rental,docomo FS050W 無制限"
1674,16186,379,3069,Insurance [YES] / Additional Battery [NONE],134-135Days (Value Rental Pack:5Months Pack),,,docomo FS050W Unlimited Data,1,,,,,,,,*,,*,,,,,,,,,,,,,,,,,,,,,,,,0,1,df_150_in,,1,,56100,56650,,5,,,,,,,,,,,,,,,,,"21,33","NEW rental,docomo FS050W 無制限"
1674,16190,379,3070,Insurance [YES] / Additional Battery [NONE],135-136Days (Value Rental Pack:5Months Pack),,,docomo FS050W Unlimited Data,1,,,,,,,,*,,*,,,,,,,,,,,,,,,,,,,,,,,,0,1,df_150_in,,1,,56100,56650,,5,,,,,,,,,,,,,,,,,"21,33","NEW rental,docomo FS050W 無制限"
1674,16194,379,3071,Insurance [YES] / Additional Battery [NONE],136-137Days (Value Rental Pack:5Months Pack),,,docomo FS050W Unlimited Data,1,,,,,,,,*,,*,,,,,,,,,,,,,,,,,,,,,,,,0,1,df_150_in,,1,,56100,56650,,5,,,,,,,,,,,,,,,,,"21,33","NEW rental,docomo FS050W 無制限"
1674,16198,379,3072,Insurance [YES] / Additional Battery [NONE],137-138Days (Value Rental Pack:5Months Pack),,,docomo FS050W Unlimited Data,1,,,,,,,,*,,*,,,,,,,,,,,,,,,,,,,,,,,,0,1,df_150_in,,1,,56100,56650,,5,,,,,,,,,,,,,,,,,"21,33","NEW rental,docomo FS050W 無制限"
1674,16202,379,3073,Insurance [YES] / Additional Battery [NONE],138-139Days (Value Rental Pack:5Months Pack),,,docomo FS050W Unlimited Data,1,,,,,,,,*,,*,,,,,,,,,,,,,,,,,,,,,,,,0,1,df_150_in,,1,,56100,56650,,5,,,,,,,,,,,,,,,,,"21,33","NEW rental,docomo FS050W 無制限"
1674,16206,379,3074,Insurance [YES] / Additional Battery [NONE],139-140Days (Value Rental Pack:5Months Pack),,,docomo FS050W Unlimited Data,1,,,,,,,,*,,*,,,,,,,,,,,,,,,,,,,,,,,,0,1,df_150_in,,1,,56100,56650,,5,,,,,,,,,,,,,,,,,"21,33","NEW rental,docomo FS050W 無制限"
1674,16210,379,3075,Insurance [YES] / Additional Battery [NONE],140-141Days (Value Rental Pack:5Months Pack),,,docomo FS050W Unlimited Data,1,,,,,,,,*,,*,,,,,,,,,,,,,,,,,,,,,,,,0,1,df_150_in,,1,,56100,56650,,5,,,,,,,,,,,,,,,,,"21,33","NEW rental,docomo FS050W 無制限"
1674,16214,379,3076,Insurance [YES] / Additional Battery [NONE],141-142Days (Value Rental Pack:5Months Pack),,,docomo FS050W Unlimited Data,1,,,,,,,,*,,*,,,,,,,,,,,,,,,,,,,,,,,,0,1,df_150_in,,1,,56100,56650,,5,,,,,,,,,,,,,,,,,"21,33","NEW rental,docomo FS050W 無制限"
1674,16218,379,3077,Insurance [YES] / Additional Battery [NONE],142-143Days (Value Rental Pack:5Months Pack),,,docomo FS050W Unlimited Data,1,,,,,,,,*,,*,,,,,,,,,,,,,,,,,,,,,,,,0,1,df_150_in,,1,,56100,56650,,5,,,,,,,,,,,,,,,,,"21,33","NEW rental,docomo FS050W 無制限"
1674,16222,379,3078,Insurance [YES] / Additional Battery [NONE],143-144Days (Value Rental Pack:5Months Pack),,,docomo FS050W Unlimited Data,1,,,,,,,,*,,*,,,,,,,,,,,,,,,,,,,,,,,,0,1,df_150_in,,1,,56100,56650,,5,,,,,,,,,,,,,,,,,"21,33","NEW rental,docomo FS050W 無制限"
1674,16226,379,3079,Insurance [YES] / Additional Battery [NONE],144-145Days (Value Rental Pack:5Months Pack),,,docomo FS050W Unlimited Data,1,,,,,,,,*,,*,,,,,,,,,,,,,,,,,,,,,,,,0,1,df_150_in,,1,,56100,56650,,5,,,,,,,,,,,,,,,,,"21,33","NEW rental,docomo FS050W 無制限"
1674,16230,379,3080,Insurance [YES] / Additional Battery [NONE],145-146Days (Value Rental Pack:5Months Pack),,,docomo FS050W Unlimited Data,1,,,,,,,,*,,*,,,,,,,,,,,,,,,,,,,,,,,,0,1,df_150_in,,1,,56100,56650,,5,,,,,,,,,,,,,,,,,"21,33","NEW rental,docomo FS050W 無制限"
1674,16234,379,3081,Insurance [YES] / Additional Battery [NONE],146-147Days (Value Rental Pack:5Months Pack),,,docomo FS050W Unlimited Data,1,,,,,,,,*,,*,,,,,,,,,,,,,,,,,,,,,,,,0,1,df_150_in,,1,,56100,56650,,5,,,,,,,,,,,,,,,,,"21,33","NEW rental,docomo FS050W 無制限"
1674,16238,379,3082,Insurance [YES] / Additional Battery [NONE],147-148Days (Value Rental Pack:5Months Pack),,,docomo FS050W Unlimited Data,1,,,,,,,,*,,*,,,,,,,,,,,,,,,,,,,,,,,,0,1,df_150_in,,1,,56100,56650,,5,,,,,,,,,,,,,,,,,"21,33","NEW rental,docomo FS050W 無制限"
1674,16242,379,3083,Insurance [YES] / Additional Battery [NONE],148-149Days (Value Rental Pack:5Months Pack),,,docomo FS050W Unlimited Data,1,,,,,,,,*,,*,,,,,,,,,,,,,,,,,,,,,,,,0,1,df_150_in,,1,,56100,56650,,5,,,,,,,,,,,,,,,,,"21,33","NEW rental,docomo FS050W 無制限"
1674,16246,379,3084,Insurance [YES] / Additional Battery [NONE],149-150Days (Value Rental Pack:5Months Pack),,,docomo FS050W Unlimited Data,1,,,,,,,,*,,*,,,,,,,,,,,,,,,,,,,,,,,,0,1,df_150_in,,1,,56100,56650,,5,,,,,,,,,,,,,,,,,"21,33","NEW rental,docomo FS050W 無制限"
1674,16250,379,3085,Insurance [YES] / Additional Battery [NONE],150-151Days (Value Rental Pack:5Months Pack),,,docomo FS050W Unlimited Data,1,,,,,,,,*,,*,,,,,,,,,,,,,,,,,,,,,,,,0,1,df_150_in,,1,,56100,56650,,5,,,,,,,,,,,,,,,,,"21,33","NEW rental,docomo FS050W 無制限"
1674,16254,379,3086,Insurance [YES] / Additional Battery [NONE],151-152Days (Value Rental Pack:5Months Pack＋1Day),,,docomo FS050W Unlimited Data,1,,,,,,,,*,,*,,,,,,,,,,,,,,,,,,,,,,,,0,1,df_151_in,,1,,57090,57640,,5,,,,,,,,,,,,,,,,,"21,33","NEW rental,docomo FS050W 無制限"
1674,16258,379,3087,Insurance [YES] / Additional Battery [NONE],152-153Days (Value Rental Pack:5Months Pack＋2Days),,,docomo FS050W Unlimited Data,1,,,,,,,,*,,*,,,,,,,,,,,,,,,,,,,,,,,,0,1,df_152_in,,1,,58080,58630,,5,,,,,,,,,,,,,,,,,"21,33","NEW rental,docomo FS050W 無制限"
1674,16262,379,3088,Insurance [YES] / Additional Battery [NONE],153-154Days (Value Rental Pack:5Months Pack＋3Days),,,docomo FS050W Unlimited Data,1,,,,,,,,*,,*,,,,,,,,,,,,,,,,,,,,,,,,0,1,df_153_in,,1,,59070,59620,,5,,,,,,,,,,,,,,,,,"21,33","NEW rental,docomo FS050W 無制限"
1674,16266,379,3089,Insurance [YES] / Additional Battery [NONE],154-155Days (Value Rental Pack:5Months Pack＋4Days),,,docomo FS050W Unlimited Data,1,,,,,,,,*,,*,,,,,,,,,,,,,,,,,,,,,,,,0,1,df_154_in,,1,,60060,60610,,5,,,,,,,,,,,,,,,,,"21,33","NEW rental,docomo FS050W 無制限"
1674,16270,379,3090,Insurance [YES] / Additional Battery [NONE],155-156Days (Value Rental Pack:5Months Pack＋5Days),,,docomo FS050W Unlimited Data,1,,,,,,,,*,,*,,,,,,,,,,,,,,,,,,,,,,,,0,1,df_155_in,,1,,61050,61600,,5,,,,,,,,,,,,,,,,,"21,33","NEW rental,docomo FS050W 無制限"
1674,16274,379,3091,Insurance [YES] / Additional Battery [NONE],156-157Days (Value Rental Pack:5Months Pack＋6Days),,,docomo FS050W Unlimited Data,1,,,,,,,,*,,*,,,,,,,,,,,,,,,,,,,,,,,,0,1,df_156_in,,1,,62040,62590,,5,,,,,,,,,,,,,,,,,"21,33","NEW rental,docomo FS050W 無制限"
1674,16278,379,3092,Insurance [YES] / Additional Battery [NONE],157-158Days (Value Rental Pack:5Months Pack＋7Days),,,docomo FS050W Unlimited Data,1,,,,,,,,*,,*,,,,,,,,,,,,,,,,,,,,,,,,0,1,df_157_in,,1,,63030,63580,,5,,,,,,,,,,,,,,,,,"21,33","NEW rental,docomo FS050W 無制限"
1674,16282,379,3093,Insurance [YES] / Additional Battery [NONE],158-159Days (Value Rental Pack:5Months Pack＋8Days),,,docomo FS050W Unlimited Data,1,,,,,,,,*,,*,,,,,,,,,,,,,,,,,,,,,,,,0,1,df_158_in,,1,,64020,64570,,5,,,,,,,,,,,,,,,,,"21,33","NEW rental,docomo FS050W 無制限"
1674,16286,379,3094,Insurance [YES] / Additional Battery [NONE],159-160Days (Value Rental Pack:6Months Pack),,,docomo FS050W Unlimited Data,1,,,,,,,,*,,*,,,,,,,,,,,,,,,,,,,,,,,,0,1,df_180_in,,1,,64400,64950,,5,,,,,,,,,,,,,,,,,"21,33","NEW rental,docomo FS050W 無制限"
1674,16290,379,3095,Insurance [YES] / Additional Battery [NONE],160-161Days (Value Rental Pack:6Months Pack),,,docomo FS050W Unlimited Data,1,,,,,,,,*,,*,,,,,,,,,,,,,,,,,,,,,,,,0,1,df_180_in,,1,,64400,64950,,5,,,,,,,,,,,,,,,,,"21,33","NEW rental,docomo FS050W 無制限"
1674,16294,379,3096,Insurance [YES] / Additional Battery [NONE],161-162Days (Value Rental Pack:6Months Pack),,,docomo FS050W Unlimited Data,1,,,,,,,,*,,*,,,,,,,,,,,,,,,,,,,,,,,,0,1,df_180_in,,1,,64400,64950,,5,,,,,,,,,,,,,,,,,"21,33","NEW rental,docomo FS050W 無制限"
1674,16298,379,3097,Insurance [YES] / Additional Battery [NONE],162-163Days (Value Rental Pack:6Months Pack),,,docomo FS050W Unlimited Data,1,,,,,,,,*,,*,,,,,,,,,,,,,,,,,,,,,,,,0,1,df_180_in,,1,,64400,64950,,5,,,,,,,,,,,,,,,,,"21,33","NEW rental,docomo FS050W 無制限"
1674,16302,379,3098,Insurance [YES] / Additional Battery [NONE],163-164Days (Value Rental Pack:6Months Pack),,,docomo FS050W Unlimited Data,1,,,,,,,,*,,*,,,,,,,,,,,,,,,,,,,,,,,,0,1,df_180_in,,1,,64400,64950,,5,,,,,,,,,,,,,,,,,"21,33","NEW rental,docomo FS050W 無制限"
1674,16306,379,3099,Insurance [YES] / Additional Battery [NONE],164-165Days (Value Rental Pack:6Months Pack),,,docomo FS050W Unlimited Data,1,,,,,,,,*,,*,,,,,,,,,,,,,,,,,,,,,,,,0,1,df_180_in,,1,,64400,64950,,5,,,,,,,,,,,,,,,,,"21,33","NEW rental,docomo FS050W 無制限"
1674,16310,379,3100,Insurance [YES] / Additional Battery [NONE],165-166Days (Value Rental Pack:6Months Pack),,,docomo FS050W Unlimited Data,1,,,,,,,,*,,*,,,,,,,,,,,,,,,,,,,,,,,,0,1,df_180_in,,1,,64400,64950,,5,,,,,,,,,,,,,,,,,"21,33","NEW rental,docomo FS050W 無制限"
1674,16314,379,3101,Insurance [YES] / Additional Battery [NONE],166-167Days (Value Rental Pack:6Months Pack),,,docomo FS050W Unlimited Data,1,,,,,,,,*,,*,,,,,,,,,,,,,,,,,,,,,,,,0,1,df_180_in,,1,,64400,64950,,5,,,,,,,,,,,,,,,,,"21,33","NEW rental,docomo FS050W 無制限"
1674,16318,379,3102,Insurance [YES] / Additional Battery [NONE],167-168Days (Value Rental Pack:6Months Pack),,,docomo FS050W Unlimited Data,1,,,,,,,,*,,*,,,,,,,,,,,,,,,,,,,,,,,,0,1,df_180_in,,1,,64400,64950,,5,,,,,,,,,,,,,,,,,"21,33","NEW rental,docomo FS050W 無制限"
1674,16322,379,3103,Insurance [YES] / Additional Battery [NONE],168-169Days (Value Rental Pack:6Months Pack),,,docomo FS050W Unlimited Data,1,,,,,,,,*,,*,,,,,,,,,,,,,,,,,,,,,,,,0,1,df_180_in,,1,,64400,64950,,5,,,,,,,,,,,,,,,,,"21,33","NEW rental,docomo FS050W 無制限"
1674,16326,379,3104,Insurance [YES] / Additional Battery [NONE],169-170Days (Value Rental Pack:6Months Pack),,,docomo FS050W Unlimited Data,1,,,,,,,,*,,*,,,,,,,,,,,,,,,,,,,,,,,,0,1,df_180_in,,1,,64400,64950,,5,,,,,,,,,,,,,,,,,"21,33","NEW rental,docomo FS050W 無制限"
1674,16330,379,3105,Insurance [YES] / Additional Battery [NONE],170-171Days (Value Rental Pack:6Months Pack),,,docomo FS050W Unlimited Data,1,,,,,,,,*,,*,,,,,,,,,,,,,,,,,,,,,,,,0,1,df_180_in,,1,,64400,64950,,5,,,,,,,,,,,,,,,,,"21,33","NEW rental,docomo FS050W 無制限"
1674,16334,379,3106,Insurance [YES] / Additional Battery [NONE],171-172Days (Value Rental Pack:6Months Pack),,,docomo FS050W Unlimited Data,1,,,,,,,,*,,*,,,,,,,,,,,,,,,,,,,,,,,,0,1,df_180_in,,1,,64400,64950,,5,,,,,,,,,,,,,,,,,"21,33","NEW rental,docomo FS050W 無制限"
1674,16338,379,3107,Insurance [YES] / Additional Battery [NONE],172-173Days (Value Rental Pack:6Months Pack),,,docomo FS050W Unlimited Data,1,,,,,,,,*,,*,,,,,,,,,,,,,,,,,,,,,,,,0,1,df_180_in,,1,,64400,64950,,5,,,,,,,,,,,,,,,,,"21,33","NEW rental,docomo FS050W 無制限"
1674,16342,379,3108,Insurance [YES] / Additional Battery [NONE],173-174Days (Value Rental Pack:6Months Pack),,,docomo FS050W Unlimited Data,1,,,,,,,,*,,*,,,,,,,,,,,,,,,,,,,,,,,,0,1,df_180_in,,1,,64400,64950,,5,,,,,,,,,,,,,,,,,"21,33","NEW rental,docomo FS050W 無制限"
1674,16346,379,3109,Insurance [YES] / Additional Battery [NONE],174-175Days (Value Rental Pack:6Months Pack),,,docomo FS050W Unlimited Data,1,,,,,,,,*,,*,,,,,,,,,,,,,,,,,,,,,,,,0,1,df_180_in,,1,,64400,64950,,5,,,,,,,,,,,,,,,,,"21,33","NEW rental,docomo FS050W 無制限"
1674,16350,379,3110,Insurance [YES] / Additional Battery [NONE],175-176Days (Value Rental Pack:6Months Pack),,,docomo FS050W Unlimited Data,1,,,,,,,,*,,*,,,,,,,,,,,,,,,,,,,,,,,,0,1,df_180_in,,1,,64400,64950,,5,,,,,,,,,,,,,,,,,"21,33","NEW rental,docomo FS050W 無制限"
1674,16354,379,3111,Insurance [YES] / Additional Battery [NONE],176-177Days (Value Rental Pack:6Months Pack),,,docomo FS050W Unlimited Data,1,,,,,,,,*,,*,,,,,,,,,,,,,,,,,,,,,,,,0,1,df_180_in,,1,,64400,64950,,5,,,,,,,,,,,,,,,,,"21,33","NEW rental,docomo FS050W 無制限"
1674,16358,379,3112,Insurance [YES] / Additional Battery [NONE],177-178Days (Value Rental Pack:6Months Pack),,,docomo FS050W Unlimited Data,1,,,,,,,,*,,*,,,,,,,,,,,,,,,,,,,,,,,,0,1,df_180_in,,1,,64400,64950,,5,,,,,,,,,,,,,,,,,"21,33","NEW rental,docomo FS050W 無制限"
1674,16362,379,3113,Insurance [YES] / Additional Battery [NONE],178-179Days (Value Rental Pack:6Months Pack),,,docomo FS050W Unlimited Data,1,,,,,,,,*,,*,,,,,,,,,,,,,,,,,,,,,,,,0,1,df_180_in,,1,,64400,64950,,5,,,,,,,,,,,,,,,,,"21,33","NEW rental,docomo FS050W 無制限"
1674,16366,379,3114,Insurance [YES] / Additional Battery [NONE],179-180Days (Value Rental Pack:6Months Pack),,,docomo FS050W Unlimited Data,1,,,,,,,,*,,*,,,,,,,,,,,,,,,,,,,,,,,,0,1,df_180_in,,1,,64400,64950,,5,,,,,,,,,,,,,,,,,"21,33","NEW rental,docomo FS050W 無制限"
1674,16370,379,3115,Insurance [YES] / Additional Battery [NONE],180-181Days (Value Rental Pack:6Months Pack),,,docomo FS050W Unlimited Data,1,,,,,,,,*,,*,,,,,,,,,,,,,,,,,,,,,,,,0,1,df_180_in,,1,,64400,64950,,5,,,,,,,,,,,,,,,,,"21,33","NEW rental,docomo FS050W 無制限"
1674,16374,379,3116,Insurance [YES] / Additional Battery [NONE],181-182Days (Value Rental Pack:6Months Pack＋1Day),,,docomo FS050W Unlimited Data,1,,,,,,,,*,,*,,,,,,,,,,,,,,,,,,,,,,,,0,1,df_181_in,,1,,65390,65940,,5,,,,,,,,,,,,,,,,,"21,33","NEW rental,docomo FS050W 無制限"
1674,16378,379,3117,Insurance [YES] / Additional Battery [NONE],182-183Days (Value Rental Pack:6Months Pack＋2Days),,,docomo FS050W Unlimited Data,1,,,,,,,,*,,*,,,,,,,,,,,,,,,,,,,,,,,,0,1,df_182_in,,1,,66380,66930,,5,,,,,,,,,,,,,,,,,"21,33","NEW rental,docomo FS050W 無制限"
1674,16382,379,3118,Insurance [YES] / Additional Battery [NONE],183-184Days (Value Rental Pack:6Months Pack＋3Days),,,docomo FS050W Unlimited Data,1,,,,,,,,*,,*,,,,,,,,,,,,,,,,,,,,,,,,0,1,df_183_in,,1,,67370,67920,,5,,,,,,,,,,,,,,,,,"21,33","NEW rental,docomo FS050W 無制限"
1674,16386,379,3119,Insurance [YES] / Additional Battery [NONE],184-185Days (Value Rental Pack:6Months Pack＋4Days),,,docomo FS050W Unlimited Data,1,,,,,,,,*,,*,,,,,,,,,,,,,,,,,,,,,,,,0,1,df_184_in,,1,,68360,68910,,5,,,,,,,,,,,,,,,,,"21,33","NEW rental,docomo FS050W 無制限"
1674,16390,379,3120,Insurance [YES] / Additional Battery [NONE],185-186Days (Value Rental Pack:6Months Pack＋5Days),,,docomo FS050W Unlimited Data,1,,,,,,,,*,,*,,,,,,,,,,,,,,,,,,,,,,,,0,1,df_185_in,,1,,69350,69900,,5,,,,,,,,,,,,,,,,,"21,33","NEW rental,docomo FS050W 無制限"
1674,16394,379,3121,Insurance [YES] / Additional Battery [NONE],186-187Days (Value Rental Pack:6Months Pack＋6Days),,,docomo FS050W Unlimited Data,1,,,,,,,,*,,*,,,,,,,,,,,,,,,,,,,,,,,,0,1,df_186_in,,1,,70340,70890,,5,,,,,,,,,,,,,,,,,"21,33","NEW rental,docomo FS050W 無制限"
1674,16398,379,3122,Insurance [YES] / Additional Battery [NONE],187-188Days (Value Rental Pack:6Months Pack＋7Days),,,docomo FS050W Unlimited Data,1,,,,,,,,*,,*,,,,,,,,,,,,,,,,,,,,,,,,0,1,df_187_in,,1,,71330,71880,,5,,,,,,,,,,,,,,,,,"21,33","NEW rental,docomo FS050W 無制限"
1674,16402,379,3123,Insurance [YES] / Additional Battery [NONE],188-189Days (Value Rental Pack:6Months Pack＋8Days),,,docomo FS050W Unlimited Data,1,,,,,,,,*,,*,,,,,,,,,,,,,,,,,,,,,,,,0,1,df_188_in,,1,,72320,72870,,5,,,,,,,,,,,,,,,,,"21,33","NEW rental,docomo FS050W 無制限"
1674,16406,379,3124,Insurance [YES] / Additional Battery [NONE],189-190Days (Value Rental Pack:6Months Pack＋9Days),,,docomo FS050W Unlimited Data,1,,,,,,,,*,,*,,,,,,,,,,,,,,,,,,,,,,,,0,1,df_189_in,,1,,73310,73860,,5,,,,,,,,,,,,,,,,,"21,33","NEW rental,docomo FS050W 無制限"
1674,16410,379,3125,Insurance [YES] / Additional Battery [NONE],190-191Days (Value Rental Pack:6Months Pack＋10Days),,,docomo FS050W Unlimited Data,1,,,,,,,,*,,*,,,,,,,,,,,,,,,,,,,,,,,,0,1,df_190_in,,1,,74300,74850,,5,,,,,,,,,,,,,,,,,"21,33","NEW rental,docomo FS050W 無制限"
1674,16414,379,3126,Insurance [YES] / Additional Battery [NONE],191-192Days (Value Rental Pack:6Months Pack＋11Days),,,docomo FS050W Unlimited Data,1,,,,,,,,*,,*,,,,,,,,,,,,,,,,,,,,,,,,0,1,df_191_in,,1,,75290,75840,,5,,,,,,,,,,,,,,,,,"21,33","NEW rental,docomo FS050W 無制限"
1674,16418,379,3127,Insurance [YES] / Additional Battery [NONE],192-193Days (Value Rental Pack:6Months Pack＋12Days),,,docomo FS050W Unlimited Data,1,,,,,,,,*,,*,,,,,,,,,,,,,,,,,,,,,,,,0,1,df_192_in,,1,,76280,76830,,5,,,,,,,,,,,,,,,,,"21,33","NEW rental,docomo FS050W 無制限"
1674,16422,379,3128,Insurance [YES] / Additional Battery [NONE],193-194Days (Value Rental Pack:6Months Pack＋13Days),,,docomo FS050W Unlimited Data,1,,,,,,,,*,,*,,,,,,,,,,,,,,,,,,,,,,,,0,1,df_193_in,,1,,77270,77820,,5,,,,,,,,,,,,,,,,,"21,33","NEW rental,docomo FS050W 無制限"
1674,16426,379,3129,Insurance [YES] / Additional Battery [NONE],194-195Days (Value Rental Pack:6Months Pack＋14Days),,,docomo FS050W Unlimited Data,1,,,,,,,,*,,*,,,,,,,,,,,,,,,,,,,,,,,,0,1,df_194_in,,1,,78260,78810,,5,,,,,,,,,,,,,,,,,"21,33","NEW rental,docomo FS050W 無制限"
1674,16430,379,3130,Insurance [YES] / Additional Battery [NONE],195-196Days (Value Rental Pack:6Months Pack＋1Month Pack),,,docomo FS050W Unlimited Data,1,,,,,,,,*,,*,,,,,,,,,,,,,,,,,,,,,,,,0,1,df_211_in,,1,,79250,79800,,5,,,,,,,,,,,,,,,,,"21,33","NEW rental,docomo FS050W 無制限"
1674,16434,379,3131,Insurance [YES] / Additional Battery [NONE],196-197Days (Value Rental Pack:6Months Pack＋1Month Pack),,,docomo FS050W Unlimited Data,1,,,,,,,,*,,*,,,,,,,,,,,,,,,,,,,,,,,,0,1,df_211_in,,1,,79250,79800,,5,,,,,,,,,,,,,,,,,"21,33","NEW rental,docomo FS050W 無制限"
1674,16438,379,3132,Insurance [YES] / Additional Battery [NONE],197-198Days (Value Rental Pack:6Months Pack＋1Month Pack),,,docomo FS050W Unlimited Data,1,,,,,,,,*,,*,,,,,,,,,,,,,,,,,,,,,,,,0,1,df_211_in,,1,,79250,79800,,5,,,,,,,,,,,,,,,,,"21,33","NEW rental,docomo FS050W 無制限"
1674,16442,379,3133,Insurance [YES] / Additional Battery [NONE],198-199Days (Value Rental Pack:6Months Pack＋1Month Pack),,,docomo FS050W Unlimited Data,1,,,,,,,,*,,*,,,,,,,,,,,,,,,,,,,,,,,,0,1,df_211_in,,1,,79250,79800,,5,,,,,,,,,,,,,,,,,"21,33","NEW rental,docomo FS050W 無制限"
1674,16446,379,3134,Insurance [YES] / Additional Battery [NONE],199-200Days (Value Rental Pack:6Months Pack＋1Month Pack),,,docomo FS050W Unlimited Data,1,,,,,,,,*,,*,,,,,,,,,,,,,,,,,,,,,,,,0,1,df_211_in,,1,,79250,79800,,5,,,,,,,,,,,,,,,,,"21,33","NEW rental,docomo FS050W 無制限"
1674,16450,379,3135,Insurance [YES] / Additional Battery [NONE],200-201Days (Value Rental Pack:6Months Pack＋1Month Pack),,,docomo FS050W Unlimited Data,1,,,,,,,,*,,*,,,,,,,,,,,,,,,,,,,,,,,,0,1,df_211_in,,1,,79250,79800,,5,,,,,,,,,,,,,,,,,"21,33","NEW rental,docomo FS050W 無制限"
1674,16454,379,3136,Insurance [YES] / Additional Battery [NONE],201-202Days (Value Rental Pack:6Months Pack＋1Month Pack),,,docomo FS050W Unlimited Data,1,,,,,,,,*,,*,,,,,,,,,,,,,,,,,,,,,,,,0,1,df_211_in,,1,,79250,79800,,5,,,,,,,,,,,,,,,,,"21,33","NEW rental,docomo FS050W 無制限"
1674,16458,379,3137,Insurance [YES] / Additional Battery [NONE],202-203Days (Value Rental Pack:6Months Pack＋1Month Pack),,,docomo FS050W Unlimited Data,1,,,,,,,,*,,*,,,,,,,,,,,,,,,,,,,,,,,,0,1,df_211_in,,1,,79250,79800,,5,,,,,,,,,,,,,,,,,"21,33","NEW rental,docomo FS050W 無制限"
1674,16462,379,3138,Insurance [YES] / Additional Battery [NONE],203-204Days (Value Rental Pack:6Months Pack＋1Month Pack),,,docomo FS050W Unlimited Data,1,,,,,,,,*,,*,,,,,,,,,,,,,,,,,,,,,,,,0,1,df_211_in,,1,,79250,79800,,5,,,,,,,,,,,,,,,,,"21,33","NEW rental,docomo FS050W 無制限"
1674,16466,379,3139,Insurance [YES] / Additional Battery [NONE],204-205Days (Value Rental Pack:6Months Pack＋1Month Pack),,,docomo FS050W Unlimited Data,1,,,,,,,,*,,*,,,,,,,,,,,,,,,,,,,,,,,,0,1,df_211_in,,1,,79250,79800,,5,,,,,,,,,,,,,,,,,"21,33","NEW rental,docomo FS050W 無制限"
1674,16470,379,3140,Insurance [YES] / Additional Battery [NONE],205-206Days (Value Rental Pack:6Months Pack＋1Month Pack),,,docomo FS050W Unlimited Data,1,,,,,,,,*,,*,,,,,,,,,,,,,,,,,,,,,,,,0,1,df_211_in,,1,,79250,79800,,5,,,,,,,,,,,,,,,,,"21,33","NEW rental,docomo FS050W 無制限"
1674,16474,379,3141,Insurance [YES] / Additional Battery [NONE],206-207Days (Value Rental Pack:6Months Pack＋1Month Pack),,,docomo FS050W Unlimited Data,1,,,,,,,,*,,*,,,,,,,,,,,,,,,,,,,,,,,,0,1,df_211_in,,1,,79250,79800,,5,,,,,,,,,,,,,,,,,"21,33","NEW rental,docomo FS050W 無制限"
1674,16478,379,3142,Insurance [YES] / Additional Battery [NONE],207-208Days (Value Rental Pack:6Months Pack＋1Month Pack),,,docomo FS050W Unlimited Data,1,,,,,,,,*,,*,,,,,,,,,,,,,,,,,,,,,,,,0,1,df_211_in,,1,,79250,79800,,5,,,,,,,,,,,,,,,,,"21,33","NEW rental,docomo FS050W 無制限"
1674,16482,379,3143,Insurance [YES] / Additional Battery [NONE],208-209Days (Value Rental Pack:6Months Pack＋1Month Pack),,,docomo FS050W Unlimited Data,1,,,,,,,,*,,*,,,,,,,,,,,,,,,,,,,,,,,,0,1,df_211_in,,1,,79250,79800,,5,,,,,,,,,,,,,,,,,"21,33","NEW rental,docomo FS050W 無制限"
1674,16486,379,3144,Insurance [YES] / Additional Battery [NONE],209-210Days (Value Rental Pack:6Months Pack＋1Month Pack),,,docomo FS050W Unlimited Data,1,,,,,,,,*,,*,,,,,,,,,,,,,,,,,,,,,,,,0,1,df_211_in,,1,,79250,79800,,5,,,,,,,,,,,,,,,,,"21,33","NEW rental,docomo FS050W 無制限"
1674,16490,379,3145,Insurance [YES] / Additional Battery [NONE],210-211Days (Value Rental Pack:6Months Pack＋1Month Pack),,,docomo FS050W Unlimited Data,1,,,,,,,,*,,*,,,,,,,,,,,,,,,,,,,,,,,,0,1,df_211_in,,1,,79250,79800,,5,,,,,,,,,,,,,,,,,"21,33","NEW rental,docomo FS050W 無制限"
1674,16494,379,3146,Insurance [YES] / Additional Battery [NONE],211-212Days (Value Rental Pack:6Months Pack＋1Month Pack),,,docomo FS050W Unlimited Data,1,,,,,,,,*,,*,,,,,,,,,,,,,,,,,,,,,,,,0,1,df_211_in,,1,,79250,79800,,5,,,,,,,,,,,,,,,,,"21,33","NEW rental,docomo FS050W 無制限"
1674,16498,379,3147,Insurance [YES] / Additional Battery [NONE],212-213Days (Value Rental Pack:6Months Pack＋1Month Pack＋1Day),,,docomo FS050W Unlimited Data,1,,,,,,,,*,,*,,,,,,,,,,,,,,,,,,,,,,,,0,1,df_212_in,,1,,80240,80790,,5,,,,,,,,,,,,,,,,,"21,33","NEW rental,docomo FS050W 無制限"
1674,16502,379,3148,Insurance [YES] / Additional Battery [NONE],213-214Days (Value Rental Pack:6Months Pack＋1Month Pack＋2Days),,,docomo FS050W Unlimited Data,1,,,,,,,,*,,*,,,,,,,,,,,,,,,,,,,,,,,,0,1,df_213_in,,1,,81230,81780,,5,,,,,,,,,,,,,,,,,"21,33","NEW rental,docomo FS050W 無制限"
1674,16506,379,3149,Insurance [YES] / Additional Battery [NONE],214-215Days (Value Rental Pack:6Months Pack＋1Month Pack＋3Days),,,docomo FS050W Unlimited Data,1,,,,,,,,*,,*,,,,,,,,,,,,,,,,,,,,,,,,0,1,df_214_in,,1,,82220,82770,,5,,,,,,,,,,,,,,,,,"21,33","NEW rental,docomo FS050W 無制限"
1674,16510,379,3150,Insurance [YES] / Additional Battery [NONE],215-216Days (Value Rental Pack:6Months Pack＋1Month Pack＋4Days),,,docomo FS050W Unlimited Data,1,,,,,,,,*,,*,,,,,,,,,,,,,,,,,,,,,,,,0,1,df_215_in,,1,,83210,83760,,5,,,,,,,,,,,,,,,,,"21,33","NEW rental,docomo FS050W 無制限"
1674,16514,379,3151,Insurance [YES] / Additional Battery [NONE],216-217Days (Value Rental Pack:6Months Pack＋1Month Pack＋5Days),,,docomo FS050W Unlimited Data,1,,,,,,,,*,,*,,,,,,,,,,,,,,,,,,,,,,,,0,1,df_216_in,,1,,84200,84750,,5,,,,,,,,,,,,,,,,,"21,33","NEW rental,docomo FS050W 無制限"
1674,16518,379,3152,Insurance [YES] / Additional Battery [NONE],217-218Days (Value Rental Pack:6Months Pack＋1Month Pack＋6Days),,,docomo FS050W Unlimited Data,1,,,,,,,,*,,*,,,,,,,,,,,,,,,,,,,,,,,,0,1,df_217_in,,1,,85190,85740,,5,,,,,,,,,,,,,,,,,"21,33","NEW rental,docomo FS050W 無制限"
1674,16522,379,3153,Insurance [YES] / Additional Battery [NONE],218-219Days (Value Rental Pack:6Months Pack＋1Month Pack＋7Days),,,docomo FS050W Unlimited Data,1,,,,,,,,*,,*,,,,,,,,,,,,,,,,,,,,,,,,0,1,df_218_in,,1,,86180,86730,,5,,,,,,,,,,,,,,,,,"21,33","NEW rental,docomo FS050W 無制限"
1674,16526,379,3154,Insurance [YES] / Additional Battery [NONE],219-220Days (Value Rental Pack:6Months Pack＋1Month Pack＋8Days),,,docomo FS050W Unlimited Data,1,,,,,,,,*,,*,,,,,,,,,,,,,,,,,,,,,,,,0,1,df_219_in,,1,,87170,87720,,5,,,,,,,,,,,,,,,,,"21,33","NEW rental,docomo FS050W 無制限"
1674,16530,379,3155,Insurance [YES] / Additional Battery [NONE],220-221Days (Value Rental Pack:6Months Pack＋1Month Pack＋9Days),,,docomo FS050W Unlimited Data,1,,,,,,,,*,,*,,,,,,,,,,,,,,,,,,,,,,,,0,1,df_220_in,,1,,88160,88710,,5,,,,,,,,,,,,,,,,,"21,33","NEW rental,docomo FS050W 無制限"
1674,16534,379,3156,Insurance [YES] / Additional Battery [NONE],221-222Days (Value Rental Pack:6Months Pack＋1Month Pack＋10Days),,,docomo FS050W Unlimited Data,1,,,,,,,,*,,*,,,,,,,,,,,,,,,,,,,,,,,,0,1,df_221_in,,1,,89150,89700,,5,,,,,,,,,,,,,,,,,"21,33","NEW rental,docomo FS050W 無制限"
1674,16538,379,3157,Insurance [YES] / Additional Battery [NONE],222-223Days (Value Rental Pack:6Months Pack＋1Month Pack＋11Days),,,docomo FS050W Unlimited Data,1,,,,,,,,*,,*,,,,,,,,,,,,,,,,,,,,,,,,0,1,df_222_in,,1,,90140,90690,,5,,,,,,,,,,,,,,,,,"21,33","NEW rental,docomo FS050W 無制限"
1674,16542,379,3158,Insurance [YES] / Additional Battery [NONE],223-224Days (Value Rental Pack:6Months Pack＋2Months Pack),,,docomo FS050W Unlimited Data,1,,,,,,,,*,,*,,,,,,,,,,,,,,,,,,,,,,,,0,1,df_241_in,,1,,91000,91550,,5,,,,,,,,,,,,,,,,,"21,33","NEW rental,docomo FS050W 無制限"
1674,16546,379,3159,Insurance [YES] / Additional Battery [NONE],224-225Days (Value Rental Pack:6Months Pack＋2Months Pack),,,docomo FS050W Unlimited Data,1,,,,,,,,*,,*,,,,,,,,,,,,,,,,,,,,,,,,0,1,df_241_in,,1,,91000,91550,,5,,,,,,,,,,,,,,,,,"21,33","NEW rental,docomo FS050W 無制限"
1674,16550,379,3160,Insurance [YES] / Additional Battery [NONE],225-226Days (Value Rental Pack:6Months Pack＋2Months Pack),,,docomo FS050W Unlimited Data,1,,,,,,,,*,,*,,,,,,,,,,,,,,,,,,,,,,,,0,1,df_241_in,,1,,91000,91550,,5,,,,,,,,,,,,,,,,,"21,33","NEW rental,docomo FS050W 無制限"
1674,16554,379,3161,Insurance [YES] / Additional Battery [NONE],226-227Days (Value Rental Pack:6Months Pack＋2Months Pack),,,docomo FS050W Unlimited Data,1,,,,,,,,*,,*,,,,,,,,,,,,,,,,,,,,,,,,0,1,df_241_in,,1,,91000,91550,,5,,,,,,,,,,,,,,,,,"21,33","NEW rental,docomo FS050W 無制限"
1674,16558,379,3162,Insurance [YES] / Additional Battery [NONE],227-228Days (Value Rental Pack:6Months Pack＋2Months Pack),,,docomo FS050W Unlimited Data,1,,,,,,,,*,,*,,,,,,,,,,,,,,,,,,,,,,,,0,1,df_241_in,,1,,91000,91550,,5,,,,,,,,,,,,,,,,,"21,33","NEW rental,docomo FS050W 無制限"
1674,16562,379,3163,Insurance [YES] / Additional Battery [NONE],228-229Days (Value Rental Pack:6Months Pack＋2Months Pack),,,docomo FS050W Unlimited Data,1,,,,,,,,*,,*,,,,,,,,,,,,,,,,,,,,,,,,0,1,df_241_in,,1,,91000,91550,,5,,,,,,,,,,,,,,,,,"21,33","NEW rental,docomo FS050W 無制限"
1674,16566,379,3164,Insurance [YES] / Additional Battery [NONE],229-230Days (Value Rental Pack:6Months Pack＋2Months Pack),,,docomo FS050W Unlimited Data,1,,,,,,,,*,,*,,,,,,,,,,,,,,,,,,,,,,,,0,1,df_241_in,,1,,91000,91550,,5,,,,,,,,,,,,,,,,,"21,33","NEW rental,docomo FS050W 無制限"
1674,16570,379,3165,Insurance [YES] / Additional Battery [NONE],230-231Days (Value Rental Pack:6Months Pack＋2Months Pack),,,docomo FS050W Unlimited Data,1,,,,,,,,*,,*,,,,,,,,,,,,,,,,,,,,,,,,0,1,df_241_in,,1,,91000,91550,,5,,,,,,,,,,,,,,,,,"21,33","NEW rental,docomo FS050W 無制限"
1674,16574,379,3166,Insurance [YES] / Additional Battery [NONE],231-232Days (Value Rental Pack:6Months Pack＋2Months Pack),,,docomo FS050W Unlimited Data,1,,,,,,,,*,,*,,,,,,,,,,,,,,,,,,,,,,,,0,1,df_241_in,,1,,91000,91550,,5,,,,,,,,,,,,,,,,,"21,33","NEW rental,docomo FS050W 無制限"
1674,16578,379,3167,Insurance [YES] / Additional Battery [NONE],232-233Days (Value Rental Pack:6Months Pack＋2Months Pack),,,docomo FS050W Unlimited Data,1,,,,,,,,*,,*,,,,,,,,,,,,,,,,,,,,,,,,0,1,df_241_in,,1,,91000,91550,,5,,,,,,,,,,,,,,,,,"21,33","NEW rental,docomo FS050W 無制限"
1674,16582,379,3168,Insurance [YES] / Additional Battery [NONE],233-234Days (Value Rental Pack:6Months Pack＋2Months Pack),,,docomo FS050W Unlimited Data,1,,,,,,,,*,,*,,,,,,,,,,,,,,,,,,,,,,,,0,1,df_241_in,,1,,91000,91550,,5,,,,,,,,,,,,,,,,,"21,33","NEW rental,docomo FS050W 無制限"
1674,16586,379,3169,Insurance [YES] / Additional Battery [NONE],234-235Days (Value Rental Pack:6Months Pack＋2Months Pack),,,docomo FS050W Unlimited Data,1,,,,,,,,*,,*,,,,,,,,,,,,,,,,,,,,,,,,0,1,df_241_in,,1,,91000,91550,,5,,,,,,,,,,,,,,,,,"21,33","NEW rental,docomo FS050W 無制限"
1674,16590,379,3170,Insurance [YES] / Additional Battery [NONE],235-236Days (Value Rental Pack:6Months Pack＋2Months Pack),,,docomo FS050W Unlimited Data,1,,,,,,,,*,,*,,,,,,,,,,,,,,,,,,,,,,,,0,1,df_241_in,,1,,91000,91550,,5,,,,,,,,,,,,,,,,,"21,33","NEW rental,docomo FS050W 無制限"
1674,16594,379,3171,Insurance [YES] / Additional Battery [NONE],236-237Days (Value Rental Pack:6Months Pack＋2Months Pack),,,docomo FS050W Unlimited Data,1,,,,,,,,*,,*,,,,,,,,,,,,,,,,,,,,,,,,0,1,df_241_in,,1,,91000,91550,,5,,,,,,,,,,,,,,,,,"21,33","NEW rental,docomo FS050W 無制限"
1674,16598,379,3172,Insurance [YES] / Additional Battery [NONE],237-238Days (Value Rental Pack:6Months Pack＋2Months Pack),,,docomo FS050W Unlimited Data,1,,,,,,,,*,,*,,,,,,,,,,,,,,,,,,,,,,,,0,1,df_241_in,,1,,91000,91550,,5,,,,,,,,,,,,,,,,,"21,33","NEW rental,docomo FS050W 無制限"
1674,16602,379,3173,Insurance [YES] / Additional Battery [NONE],238-239Days (Value Rental Pack:6Months Pack＋2Months Pack),,,docomo FS050W Unlimited Data,1,,,,,,,,*,,*,,,,,,,,,,,,,,,,,,,,,,,,0,1,df_241_in,,1,,91000,91550,,5,,,,,,,,,,,,,,,,,"21,33","NEW rental,docomo FS050W 無制限"
1674,16606,379,3174,Insurance [YES] / Additional Battery [NONE],239-240Days (Value Rental Pack:6Months Pack＋2Months Pack),,,docomo FS050W Unlimited Data,1,,,,,,,,*,,*,,,,,,,,,,,,,,,,,,,,,,,,0,1,df_241_in,,1,,91000,91550,,5,,,,,,,,,,,,,,,,,"21,33","NEW rental,docomo FS050W 無制限"
1674,16610,379,3175,Insurance [YES] / Additional Battery [NONE],240-241Days (Value Rental Pack:6Months Pack＋2Months Pack),,,docomo FS050W Unlimited Data,1,,,,,,,,*,,*,,,,,,,,,,,,,,,,,,,,,,,,0,1,df_241_in,,1,,91000,91550,,5,,,,,,,,,,,,,,,,,"21,33","NEW rental,docomo FS050W 無制限"
1674,16614,379,3176,Insurance [YES] / Additional Battery [NONE],241-242Days (Value Rental Pack:6Months Pack＋2Months Pack),,,docomo FS050W Unlimited Data,1,,,,,,,,*,,*,,,,,,,,,,,,,,,,,,,,,,,,0,1,df_241_in,,1,,91000,91550,,5,,,,,,,,,,,,,,,,,"21,33","NEW rental,docomo FS050W 無制限"
1674,16618,379,3177,Insurance [YES] / Additional Battery [NONE],242-243Days (Value Rental Pack:6Months Pack＋2Months Pack＋1Day),,,docomo FS050W Unlimited Data,1,,,,,,,,*,,*,,,,,,,,,,,,,,,,,,,,,,,,0,1,df_242_in,,1,,91990,92540,,5,,,,,,,,,,,,,,,,,"21,33","NEW rental,docomo FS050W 無制限"
1674,16622,379,3178,Insurance [YES] / Additional Battery [NONE],243-244Days (Value Rental Pack:6Months Pack＋2Months Pack＋2Days),,,docomo FS050W Unlimited Data,1,,,,,,,,*,,*,,,,,,,,,,,,,,,,,,,,,,,,0,1,df_243_in,,1,,92980,93530,,5,,,,,,,,,,,,,,,,,"21,33","NEW rental,docomo FS050W 無制限"
1674,16626,379,3179,Insurance [YES] / Additional Battery [NONE],244-245Days (Value Rental Pack:6Months Pack＋2Months Pack＋3Days),,,docomo FS050W Unlimited Data,1,,,,,,,,*,,*,,,,,,,,,,,,,,,,,,,,,,,,0,1,df_244_in,,1,,93970,94520,,5,,,,,,,,,,,,,,,,,"21,33","NEW rental,docomo FS050W 無制限"
1674,16630,379,3180,Insurance [YES] / Additional Battery [NONE],245-246Days (Value Rental Pack:6Months Pack＋2Months Pack＋4Days),,,docomo FS050W Unlimited Data,1,,,,,,,,*,,*,,,,,,,,,,,,,,,,,,,,,,,,0,1,df_245_in,,1,,94960,95510,,5,,,,,,,,,,,,,,,,,"21,33","NEW rental,docomo FS050W 無制限"
1674,16634,379,3181,Insurance [YES] / Additional Battery [NONE],246-247Days (Value Rental Pack:6Months Pack＋2Months Pack＋5Days),,,docomo FS050W Unlimited Data,1,,,,,,,,*,,*,,,,,,,,,,,,,,,,,,,,,,,,0,1,df_246_in,,1,,95950,96500,,5,,,,,,,,,,,,,,,,,"21,33","NEW rental,docomo FS050W 無制限"
1674,16638,379,3182,Insurance [YES] / Additional Battery [NONE],247-248Days (Value Rental Pack:6Months Pack＋2Months Pack＋6Days),,,docomo FS050W Unlimited Data,1,,,,,,,,*,,*,,,,,,,,,,,,,,,,,,,,,,,,0,1,df_247_in,,1,,96940,97490,,5,,,,,,,,,,,,,,,,,"21,33","NEW rental,docomo FS050W 無制限"
1674,16642,379,3183,Insurance [YES] / Additional Battery [NONE],248-249Days (Value Rental Pack:6Months Pack＋2Months Pack＋7Days),,,docomo FS050W Unlimited Data,1,,,,,,,,*,,*,,,,,,,,,,,,,,,,,,,,,,,,0,1,df_248_in,,1,,97930,98480,,5,,,,,,,,,,,,,,,,,"21,33","NEW rental,docomo FS050W 無制限"
1674,16646,379,3184,Insurance [YES] / Additional Battery [NONE],249-250Days (Value Rental Pack:6Months Pack＋2Months Pack＋8Days),,,docomo FS050W Unlimited Data,1,,,,,,,,*,,*,,,,,,,,,,,,,,,,,,,,,,,,0,1,df_249_in,,1,,98920,99470,,5,,,,,,,,,,,,,,,,,"21,33","NEW rental,docomo FS050W 無制限"
1674,16650,379,3185,Insurance [YES] / Additional Battery [NONE],250-251Days (Value Rental Pack:6Months Pack＋2Months Pack＋9Days),,,docomo FS050W Unlimited Data,1,,,,,,,,*,,*,,,,,,,,,,,,,,,,,,,,,,,,0,1,df_250_in,,1,,99910,100460,,5,,,,,,,,,,,,,,,,,"21,33","NEW rental,docomo FS050W 無制限"
1674,16654,379,3186,Insurance [YES] / Additional Battery [NONE],251-252Days (Value Rental Pack:6Months Pack＋2Months Pack＋10Days),,,docomo FS050W Unlimited Data,1,,,,,,,,*,,*,,,,,,,,,,,,,,,,,,,,,,,,0,1,df_251_in,,1,,100900,101450,,5,,,,,,,,,,,,,,,,,"21,33","NEW rental,docomo FS050W 無制限"
1674,16658,379,3187,Insurance [YES] / Additional Battery [NONE],252-253Days (Value Rental Pack:6Months Pack＋3Months Pack),,,docomo FS050W Unlimited Data,1,,,,,,,,*,,*,,,,,,,,,,,,,,,,,,,,,,,,0,1,df_271_in,,1,,101600,102150,,5,,,,,,,,,,,,,,,,,"21,33","NEW rental,docomo FS050W 無制限"
1674,16662,379,3188,Insurance [YES] / Additional Battery [NONE],253-254Days (Value Rental Pack:6Months Pack＋3Months Pack),,,docomo FS050W Unlimited Data,1,,,,,,,,*,,*,,,,,,,,,,,,,,,,,,,,,,,,0,1,df_271_in,,1,,101600,102150,,5,,,,,,,,,,,,,,,,,"21,33","NEW rental,docomo FS050W 無制限"
1674,16666,379,3189,Insurance [YES] / Additional Battery [NONE],254-255Days (Value Rental Pack:6Months Pack＋3Months Pack),,,docomo FS050W Unlimited Data,1,,,,,,,,*,,*,,,,,,,,,,,,,,,,,,,,,,,,0,1,df_271_in,,1,,101600,102150,,5,,,,,,,,,,,,,,,,,"21,33","NEW rental,docomo FS050W 無制限"
1674,16670,379,3190,Insurance [YES] / Additional Battery [NONE],255-256Days (Value Rental Pack:6Months Pack＋3Months Pack),,,docomo FS050W Unlimited Data,1,,,,,,,,*,,*,,,,,,,,,,,,,,,,,,,,,,,,0,1,df_271_in,,1,,101600,102150,,5,,,,,,,,,,,,,,,,,"21,33","NEW rental,docomo FS050W 無制限"
1674,16674,379,3191,Insurance [YES] / Additional Battery [NONE],256-257Days (Value Rental Pack:6Months Pack＋3Months Pack),,,docomo FS050W Unlimited Data,1,,,,,,,,*,,*,,,,,,,,,,,,,,,,,,,,,,,,0,1,df_271_in,,1,,101600,102150,,5,,,,,,,,,,,,,,,,,"21,33","NEW rental,docomo FS050W 無制限"
1674,16678,379,3192,Insurance [YES] / Additional Battery [NONE],257-258Days (Value Rental Pack:6Months Pack＋3Months Pack),,,docomo FS050W Unlimited Data,1,,,,,,,,*,,*,,,,,,,,,,,,,,,,,,,,,,,,0,1,df_271_in,,1,,101600,102150,,5,,,,,,,,,,,,,,,,,"21,33","NEW rental,docomo FS050W 無制限"
1674,16682,379,3193,Insurance [YES] / Additional Battery [NONE],258-259Days (Value Rental Pack:6Months Pack＋3Months Pack),,,docomo FS050W Unlimited Data,1,,,,,,,,*,,*,,,,,,,,,,,,,,,,,,,,,,,,0,1,df_271_in,,1,,101600,102150,,5,,,,,,,,,,,,,,,,,"21,33","NEW rental,docomo FS050W 無制限"
1674,16686,379,3194,Insurance [YES] / Additional Battery [NONE],259-260Days (Value Rental Pack:6Months Pack＋3Months Pack),,,docomo FS050W Unlimited Data,1,,,,,,,,*,,*,,,,,,,,,,,,,,,,,,,,,,,,0,1,df_271_in,,1,,101600,102150,,5,,,,,,,,,,,,,,,,,"21,33","NEW rental,docomo FS050W 無制限"
1674,16690,379,3195,Insurance [YES] / Additional Battery [NONE],260-261Days (Value Rental Pack:6Months Pack＋3Months Pack),,,docomo FS050W Unlimited Data,1,,,,,,,,*,,*,,,,,,,,,,,,,,,,,,,,,,,,0,1,df_271_in,,1,,101600,102150,,5,,,,,,,,,,,,,,,,,"21,33","NEW rental,docomo FS050W 無制限"
1674,16694,379,3196,Insurance [YES] / Additional Battery [NONE],261-262Days (Value Rental Pack:6Months Pack＋3Months Pack),,,docomo FS050W Unlimited Data,1,,,,,,,,*,,*,,,,,,,,,,,,,,,,,,,,,,,,0,1,df_271_in,,1,,101600,102150,,5,,,,,,,,,,,,,,,,,"21,33","NEW rental,docomo FS050W 無制限"
1674,16698,379,3197,Insurance [YES] / Additional Battery [NONE],262-263Days (Value Rental Pack:6Months Pack＋3Months Pack),,,docomo FS050W Unlimited Data,1,,,,,,,,*,,*,,,,,,,,,,,,,,,,,,,,,,,,0,1,df_271_in,,1,,101600,102150,,5,,,,,,,,,,,,,,,,,"21,33","NEW rental,docomo FS050W 無制限"
1674,16702,379,3198,Insurance [YES] / Additional Battery [NONE],263-264Days (Value Rental Pack:6Months Pack＋3Months Pack),,,docomo FS050W Unlimited Data,1,,,,,,,,*,,*,,,,,,,,,,,,,,,,,,,,,,,,0,1,df_271_in,,1,,101600,102150,,5,,,,,,,,,,,,,,,,,"21,33","NEW rental,docomo FS050W 無制限"
1674,16706,379,3199,Insurance [YES] / Additional Battery [NONE],264-265Days (Value Rental Pack:6Months Pack＋3Months Pack),,,docomo FS050W Unlimited Data,1,,,,,,,,*,,*,,,,,,,,,,,,,,,,,,,,,,,,0,1,df_271_in,,1,,101600,102150,,5,,,,,,,,,,,,,,,,,"21,33","NEW rental,docomo FS050W 無制限"
1674,16710,379,3200,Insurance [YES] / Additional Battery [NONE],265-266Days (Value Rental Pack:6Months Pack＋3Months Pack),,,docomo FS050W Unlimited Data,1,,,,,,,,*,,*,,,,,,,,,,,,,,,,,,,,,,,,0,1,df_271_in,,1,,101600,102150,,5,,,,,,,,,,,,,,,,,"21,33","NEW rental,docomo FS050W 無制限"
1674,16714,379,3201,Insurance [YES] / Additional Battery [NONE],266-267Days (Value Rental Pack:6Months Pack＋3Months Pack),,,docomo FS050W Unlimited Data,1,,,,,,,,*,,*,,,,,,,,,,,,,,,,,,,,,,,,0,1,df_271_in,,1,,101600,102150,,5,,,,,,,,,,,,,,,,,"21,33","NEW rental,docomo FS050W 無制限"
1674,16718,379,3202,Insurance [YES] / Additional Battery [NONE],267-268Days (Value Rental Pack:6Months Pack＋3Months Pack),,,docomo FS050W Unlimited Data,1,,,,,,,,*,,*,,,,,,,,,,,,,,,,,,,,,,,,0,1,df_271_in,,1,,101600,102150,,5,,,,,,,,,,,,,,,,,"21,33","NEW rental,docomo FS050W 無制限"
1674,16722,379,3203,Insurance [YES] / Additional Battery [NONE],268-269Days (Value Rental Pack:6Months Pack＋3Months Pack),,,docomo FS050W Unlimited Data,1,,,,,,,,*,,*,,,,,,,,,,,,,,,,,,,,,,,,0,1,df_271_in,,1,,101600,102150,,5,,,,,,,,,,,,,,,,,"21,33","NEW rental,docomo FS050W 無制限"
1674,16726,379,3204,Insurance [YES] / Additional Battery [NONE],269-270Days (Value Rental Pack:6Months Pack＋3Months Pack),,,docomo FS050W Unlimited Data,1,,,,,,,,*,,*,,,,,,,,,,,,,,,,,,,,,,,,0,1,df_271_in,,1,,101600,102150,,5,,,,,,,,,,,,,,,,,"21,33","NEW rental,docomo FS050W 無制限"
1674,16730,379,3205,Insurance [YES] / Additional Battery [NONE],270-271Days (Value Rental Pack:6Months Pack＋3Months Pack),,,docomo FS050W Unlimited Data,1,,,,,,,,*,,*,,,,,,,,,,,,,,,,,,,,,,,,0,1,df_271_in,,1,,101600,102150,,5,,,,,,,,,,,,,,,,,"21,33","NEW rental,docomo FS050W 無制限"
1674,16734,379,3206,Insurance [YES] / Additional Battery [NONE],271-272Days (Value Rental Pack:6Months Pack＋3Months Pack),,,docomo FS050W Unlimited Data,1,,,,,,,,*,,*,,,,,,,,,,,,,,,,,,,,,,,,0,1,df_271_in,,1,,101600,102150,,5,,,,,,,,,,,,,,,,,"21,33","NEW rental,docomo FS050W 無制限"
1674,16738,379,3207,Insurance [YES] / Additional Battery [NONE],272-273Days (Value Rental Pack:6Months Pack＋3Months Pack＋1Day),,,docomo FS050W Unlimited Data,1,,,,,,,,*,,*,,,,,,,,,,,,,,,,,,,,,,,,0,1,df_272_in,,1,,102590,103140,,5,,,,,,,,,,,,,,,,,"21,33","NEW rental,docomo FS050W 無制限"
1674,16742,379,3208,Insurance [YES] / Additional Battery [NONE],273-274Days (Value Rental Pack:6Months Pack＋3Months Pack＋2Days),,,docomo FS050W Unlimited Data,1,,,,,,,,*,,*,,,,,,,,,,,,,,,,,,,,,,,,0,1,df_273_in,,1,,103580,104130,,5,,,,,,,,,,,,,,,,,"21,33","NEW rental,docomo FS050W 無制限"
1674,16746,379,3209,Insurance [YES] / Additional Battery [NONE],274-275Days (Value Rental Pack:6Months Pack＋3Months Pack＋3Days),,,docomo FS050W Unlimited Data,1,,,,,,,,*,,*,,,,,,,,,,,,,,,,,,,,,,,,0,1,df_274_in,,1,,104570,105120,,5,,,,,,,,,,,,,,,,,"21,33","NEW rental,docomo FS050W 無制限"
1674,16750,379,3210,Insurance [YES] / Additional Battery [NONE],275-276Days (Value Rental Pack:6Months Pack＋3Months Pack＋4Days),,,docomo FS050W Unlimited Data,1,,,,,,,,*,,*,,,,,,,,,,,,,,,,,,,,,,,,0,1,df_275_in,,1,,105560,106110,,5,,,,,,,,,,,,,,,,,"21,33","NEW rental,docomo FS050W 無制限"
1674,16754,379,3211,Insurance [YES] / Additional Battery [NONE],276-277Days (Value Rental Pack:6Months Pack＋3Months Pack＋5Days),,,docomo FS050W Unlimited Data,1,,,,,,,,*,,*,,,,,,,,,,,,,,,,,,,,,,,,0,1,df_276_in,,1,,106550,107100,,5,,,,,,,,,,,,,,,,,"21,33","NEW rental,docomo FS050W 無制限"
1674,16758,379,3212,Insurance [YES] / Additional Battery [NONE],277-278Days (Value Rental Pack:6Months Pack＋3Months Pack＋6Days),,,docomo FS050W Unlimited Data,1,,,,,,,,*,,*,,,,,,,,,,,,,,,,,,,,,,,,0,1,df_277_in,,1,,107540,108090,,5,,,,,,,,,,,,,,,,,"21,33","NEW rental,docomo FS050W 無制限"
1674,16762,379,3213,Insurance [YES] / Additional Battery [NONE],278-279Days (Value Rental Pack:6Months Pack＋3Months Pack＋7Days),,,docomo FS050W Unlimited Data,1,,,,,,,,*,,*,,,,,,,,,,,,,,,,,,,,,,,,0,1,df_278_in,,1,,108530,109080,,5,,,,,,,,,,,,,,,,,"21,33","NEW rental,docomo FS050W 無制限"
1674,16766,379,3214,Insurance [YES] / Additional Battery [NONE],279-280Days (Value Rental Pack:6Months Pack＋3Months Pack＋8Days),,,docomo FS050W Unlimited Data,1,,,,,,,,*,,*,,,,,,,,,,,,,,,,,,,,,,,,0,1,df_279_in,,1,,109520,110070,,5,,,,,,,,,,,,,,,,,"21,33","NEW rental,docomo FS050W 無制限"
1674,16770,379,3215,Insurance [YES] / Additional Battery [NONE],280-281Days (Value Rental Pack:6Months Pack＋3Months Pack＋9Days),,,docomo FS050W Unlimited Data,1,,,,,,,,*,,*,,,,,,,,,,,,,,,,,,,,,,,,0,1,df_280_in,,1,,110510,111060,,5,,,,,,,,,,,,,,,,,"21,33","NEW rental,docomo FS050W 無制限"
1674,16774,379,3216,Insurance [YES] / Additional Battery [NONE],281-282Days (Value Rental Pack:6Months Pack＋4Months Pack),,,docomo FS050W Unlimited Data,1,,,,,,,,*,,*,,,,,,,,,,,,,,,,,,,,,,,,0,1,df_301_in,,1,,111100,111650,,5,,,,,,,,,,,,,,,,,"21,33","NEW rental,docomo FS050W 無制限"
1674,16778,379,3217,Insurance [YES] / Additional Battery [NONE],282-283Days (Value Rental Pack:6Months Pack＋4Months Pack),,,docomo FS050W Unlimited Data,1,,,,,,,,*,,*,,,,,,,,,,,,,,,,,,,,,,,,0,1,df_301_in,,1,,111100,111650,,5,,,,,,,,,,,,,,,,,"21,33","NEW rental,docomo FS050W 無制限"
1674,16782,379,3218,Insurance [YES] / Additional Battery [NONE],283-284Days (Value Rental Pack:6Months Pack＋4Months Pack),,,docomo FS050W Unlimited Data,1,,,,,,,,*,,*,,,,,,,,,,,,,,,,,,,,,,,,0,1,df_301_in,,1,,111100,111650,,5,,,,,,,,,,,,,,,,,"21,33","NEW rental,docomo FS050W 無制限"
1674,16786,379,3219,Insurance [YES] / Additional Battery [NONE],284-285Days (Value Rental Pack:6Months Pack＋4Months Pack),,,docomo FS050W Unlimited Data,1,,,,,,,,*,,*,,,,,,,,,,,,,,,,,,,,,,,,0,1,df_301_in,,1,,111100,111650,,5,,,,,,,,,,,,,,,,,"21,33","NEW rental,docomo FS050W 無制限"
1674,16790,379,3220,Insurance [YES] / Additional Battery [NONE],285-286Days (Value Rental Pack:6Months Pack＋4Months Pack),,,docomo FS050W Unlimited Data,1,,,,,,,,*,,*,,,,,,,,,,,,,,,,,,,,,,,,0,1,df_301_in,,1,,111100,111650,,5,,,,,,,,,,,,,,,,,"21,33","NEW rental,docomo FS050W 無制限"
1674,16794,379,3221,Insurance [YES] / Additional Battery [NONE],286-287Days (Value Rental Pack:6Months Pack＋4Months Pack),,,docomo FS050W Unlimited Data,1,,,,,,,,*,,*,,,,,,,,,,,,,,,,,,,,,,,,0,1,df_301_in,,1,,111100,111650,,5,,,,,,,,,,,,,,,,,"21,33","NEW rental,docomo FS050W 無制限"
1674,16798,379,3222,Insurance [YES] / Additional Battery [NONE],287-288Days (Value Rental Pack:6Months Pack＋4Months Pack),,,docomo FS050W Unlimited Data,1,,,,,,,,*,,*,,,,,,,,,,,,,,,,,,,,,,,,0,1,df_301_in,,1,,111100,111650,,5,,,,,,,,,,,,,,,,,"21,33","NEW rental,docomo FS050W 無制限"
1674,16802,379,3223,Insurance [YES] / Additional Battery [NONE],288-289Days (Value Rental Pack:6Months Pack＋4Months Pack),,,docomo FS050W Unlimited Data,1,,,,,,,,*,,*,,,,,,,,,,,,,,,,,,,,,,,,0,1,df_301_in,,1,,111100,111650,,5,,,,,,,,,,,,,,,,,"21,33","NEW rental,docomo FS050W 無制限"
1674,16806,379,3224,Insurance [YES] / Additional Battery [NONE],289-290Days (Value Rental Pack:6Months Pack＋4Months Pack),,,docomo FS050W Unlimited Data,1,,,,,,,,*,,*,,,,,,,,,,,,,,,,,,,,,,,,0,1,df_301_in,,1,,111100,111650,,5,,,,,,,,,,,,,,,,,"21,33","NEW rental,docomo FS050W 無制限"
1674,16810,379,3225,Insurance [YES] / Additional Battery [NONE],290-291Days (Value Rental Pack:6Months Pack＋4Months Pack),,,docomo FS050W Unlimited Data,1,,,,,,,,*,,*,,,,,,,,,,,,,,,,,,,,,,,,0,1,df_301_in,,1,,111100,111650,,5,,,,,,,,,,,,,,,,,"21,33","NEW rental,docomo FS050W 無制限"
1674,16814,379,3226,Insurance [YES] / Additional Battery [NONE],291-292Days (Value Rental Pack:6Months Pack＋4Months Pack),,,docomo FS050W Unlimited Data,1,,,,,,,,*,,*,,,,,,,,,,,,,,,,,,,,,,,,0,1,df_301_in,,1,,111100,111650,,5,,,,,,,,,,,,,,,,,"21,33","NEW rental,docomo FS050W 無制限"
1674,16818,379,3227,Insurance [YES] / Additional Battery [NONE],292-293Days (Value Rental Pack:6Months Pack＋4Months Pack),,,docomo FS050W Unlimited Data,1,,,,,,,,*,,*,,,,,,,,,,,,,,,,,,,,,,,,0,1,df_301_in,,1,,111100,111650,,5,,,,,,,,,,,,,,,,,"21,33","NEW rental,docomo FS050W 無制限"
1674,16822,379,3228,Insurance [YES] / Additional Battery [NONE],293-294Days (Value Rental Pack:6Months Pack＋4Months Pack),,,docomo FS050W Unlimited Data,1,,,,,,,,*,,*,,,,,,,,,,,,,,,,,,,,,,,,0,1,df_301_in,,1,,111100,111650,,5,,,,,,,,,,,,,,,,,"21,33","NEW rental,docomo FS050W 無制限"
1674,16826,379,3229,Insurance [YES] / Additional Battery [NONE],294-295Days (Value Rental Pack:6Months Pack＋4Months Pack),,,docomo FS050W Unlimited Data,1,,,,,,,,*,,*,,,,,,,,,,,,,,,,,,,,,,,,0,1,df_301_in,,1,,111100,111650,,5,,,,,,,,,,,,,,,,,"21,33","NEW rental,docomo FS050W 無制限"
1674,16830,379,3230,Insurance [YES] / Additional Battery [NONE],295-296Days (Value Rental Pack:6Months Pack＋4Months Pack),,,docomo FS050W Unlimited Data,1,,,,,,,,*,,*,,,,,,,,,,,,,,,,,,,,,,,,0,1,df_301_in,,1,,111100,111650,,5,,,,,,,,,,,,,,,,,"21,33","NEW rental,docomo FS050W 無制限"
1674,16834,379,3231,Insurance [YES] / Additional Battery [NONE],296-297Days (Value Rental Pack:6Months Pack＋4Months Pack),,,docomo FS050W Unlimited Data,1,,,,,,,,*,,*,,,,,,,,,,,,,,,,,,,,,,,,0,1,df_301_in,,1,,111100,111650,,5,,,,,,,,,,,,,,,,,"21,33","NEW rental,docomo FS050W 無制限"
1674,16838,379,3232,Insurance [YES] / Additional Battery [NONE],297-298Days (Value Rental Pack:6Months Pack＋4Months Pack),,,docomo FS050W Unlimited Data,1,,,,,,,,*,,*,,,,,,,,,,,,,,,,,,,,,,,,0,1,df_301_in,,1,,111100,111650,,5,,,,,,,,,,,,,,,,,"21,33","NEW rental,docomo FS050W 無制限"
1674,16842,379,3233,Insurance [YES] / Additional Battery [NONE],298-299Days (Value Rental Pack:6Months Pack＋4Months Pack),,,docomo FS050W Unlimited Data,1,,,,,,,,*,,*,,,,,,,,,,,,,,,,,,,,,,,,0,1,df_301_in,,1,,111100,111650,,5,,,,,,,,,,,,,,,,,"21,33","NEW rental,docomo FS050W 無制限"
1674,16846,379,3234,Insurance [YES] / Additional Battery [NONE],299-300Days (Value Rental Pack:6Months Pack＋4Months Pack),,,docomo FS050W Unlimited Data,1,,,,,,,,*,,*,,,,,,,,,,,,,,,,,,,,,,,,0,1,df_301_in,,1,,111100,111650,,5,,,,,,,,,,,,,,,,,"21,33","NEW rental,docomo FS050W 無制限"
1674,16850,379,3235,Insurance [YES] / Additional Battery [NONE],300-301Days (Value Rental Pack:6Months Pack＋4Months Pack),,,docomo FS050W Unlimited Data,1,,,,,,,,*,,*,,,,,,,,,,,,,,,,,,,,,,,,0,1,df_301_in,,1,,111100,111650,,5,,,,,,,,,,,,,,,,,"21,33","NEW rental,docomo FS050W 無制限"
1674,16854,379,3236,Insurance [YES] / Additional Battery [NONE],301-302Days (Value Rental Pack:6Months Pack＋4Months Pack),,,docomo FS050W Unlimited Data,1,,,,,,,,*,,*,,,,,,,,,,,,,,,,,,,,,,,,0,1,df_301_in,,1,,111100,111650,,5,,,,,,,,,,,,,,,,,"21,33","NEW rental,docomo FS050W 無制限"
1674,16858,379,3237,Insurance [YES] / Additional Battery [NONE],302-303Days (Value Rental Pack:6Months Pack＋4Months Pack＋1Day),,,docomo FS050W Unlimited Data,1,,,,,,,,*,,*,,,,,,,,,,,,,,,,,,,,,,,,0,1,df_302_in,,1,,112090,112640,,5,,,,,,,,,,,,,,,,,"21,33","NEW rental,docomo FS050W 無制限"
1674,16862,379,3238,Insurance [YES] / Additional Battery [NONE],303-304Days (Value Rental Pack:6Months Pack＋4Months Pack＋2Days),,,docomo FS050W Unlimited Data,1,,,,,,,,*,,*,,,,,,,,,,,,,,,,,,,,,,,,0,1,df_303_in,,1,,113080,113630,,5,,,,,,,,,,,,,,,,,"21,33","NEW rental,docomo FS050W 無制限"
1674,16866,379,3239,Insurance [YES] / Additional Battery [NONE],304-305Days (Value Rental Pack:6Months Pack＋4Months Pack＋3Days),,,docomo FS050W Unlimited Data,1,,,,,,,,*,,*,,,,,,,,,,,,,,,,,,,,,,,,0,1,df_304_in,,1,,114070,114620,,5,,,,,,,,,,,,,,,,,"21,33","NEW rental,docomo FS050W 無制限"
1674,16870,379,3240,Insurance [YES] / Additional Battery [NONE],305-306Days (Value Rental Pack:6Months Pack＋4Months Pack＋4Days),,,docomo FS050W Unlimited Data,1,,,,,,,,*,,*,,,,,,,,,,,,,,,,,,,,,,,,0,1,df_305_in,,1,,115060,115610,,5,,,,,,,,,,,,,,,,,"21,33","NEW rental,docomo FS050W 無制限"
1674,16874,379,3241,Insurance [YES] / Additional Battery [NONE],306-307Days (Value Rental Pack:6Months Pack＋4Months Pack＋5Days),,,docomo FS050W Unlimited Data,1,,,,,,,,*,,*,,,,,,,,,,,,,,,,,,,,,,,,0,1,df_306_in,,1,,116050,116600,,5,,,,,,,,,,,,,,,,,"21,33","NEW rental,docomo FS050W 無制限"
1674,16878,379,3242,Insurance [YES] / Additional Battery [NONE],307-308Days (Value Rental Pack:6Months Pack＋4Months Pack＋6Days),,,docomo FS050W Unlimited Data,1,,,,,,,,*,,*,,,,,,,,,,,,,,,,,,,,,,,,0,1,df_307_in,,1,,117040,117590,,5,,,,,,,,,,,,,,,,,"21,33","NEW rental,docomo FS050W 無制限"
1674,16882,379,3243,Insurance [YES] / Additional Battery [NONE],308-309Days (Value Rental Pack:6Months Pack＋4Months Pack＋7Days),,,docomo FS050W Unlimited Data,1,,,,,,,,*,,*,,,,,,,,,,,,,,,,,,,,,,,,0,1,df_308_in,,1,,118030,118580,,5,,,,,,,,,,,,,,,,,"21,33","NEW rental,docomo FS050W 無制限"
1674,16886,379,3244,Insurance [YES] / Additional Battery [NONE],309-310Days (Value Rental Pack:6Months Pack＋4Months Pack＋8Days),,,docomo FS050W Unlimited Data,1,,,,,,,,*,,*,,,,,,,,,,,,,,,,,,,,,,,,0,1,df_309_in,,1,,119020,119570,,5,,,,,,,,,,,,,,,,,"21,33","NEW rental,docomo FS050W 無制限"
1674,16890,379,3245,Insurance [YES] / Additional Battery [NONE],310-311Days (Value Rental Pack:6Months Pack＋4Months Pack＋9Days),,,docomo FS050W Unlimited Data,1,,,,,,,,*,,*,,,,,,,,,,,,,,,,,,,,,,,,0,1,df_310_in,,1,,120010,120560,,5,,,,,,,,,,,,,,,,,"21,33","NEW rental,docomo FS050W 無制限"
1674,16894,379,3246,Insurance [YES] / Additional Battery [NONE],311-312Days (Value Rental Pack:6Months Pack＋5Months Pack),,,docomo FS050W Unlimited Data,1,,,,,,,,*,,*,,,,,,,,,,,,,,,,,,,,,,,,0,1,df_331_in,,1,,120500,121050,,5,,,,,,,,,,,,,,,,,"21,33","NEW rental,docomo FS050W 無制限"
1674,16898,379,3247,Insurance [YES] / Additional Battery [NONE],312-313Days (Value Rental Pack:6Months Pack＋5Months Pack),,,docomo FS050W Unlimited Data,1,,,,,,,,*,,*,,,,,,,,,,,,,,,,,,,,,,,,0,1,df_331_in,,1,,120500,121050,,5,,,,,,,,,,,,,,,,,"21,33","NEW rental,docomo FS050W 無制限"
1674,16902,379,3248,Insurance [YES] / Additional Battery [NONE],313-314Days (Value Rental Pack:6Months Pack＋5Months Pack),,,docomo FS050W Unlimited Data,1,,,,,,,,*,,*,,,,,,,,,,,,,,,,,,,,,,,,0,1,df_331_in,,1,,120500,121050,,5,,,,,,,,,,,,,,,,,"21,33","NEW rental,docomo FS050W 無制限"
1674,16906,379,3249,Insurance [YES] / Additional Battery [NONE],314-315Days (Value Rental Pack:6Months Pack＋5Months Pack),,,docomo FS050W Unlimited Data,1,,,,,,,,*,,*,,,,,,,,,,,,,,,,,,,,,,,,0,1,df_331_in,,1,,120500,121050,,5,,,,,,,,,,,,,,,,,"21,33","NEW rental,docomo FS050W 無制限"
1674,16910,379,3250,Insurance [YES] / Additional Battery [NONE],315-316Days (Value Rental Pack:6Months Pack＋5Months Pack),,,docomo FS050W Unlimited Data,1,,,,,,,,*,,*,,,,,,,,,,,,,,,,,,,,,,,,0,1,df_331_in,,1,,120500,121050,,5,,,,,,,,,,,,,,,,,"21,33","NEW rental,docomo FS050W 無制限"
1674,16914,379,3251,Insurance [YES] / Additional Battery [NONE],316-317Days (Value Rental Pack:6Months Pack＋5Months Pack),,,docomo FS050W Unlimited Data,1,,,,,,,,*,,*,,,,,,,,,,,,,,,,,,,,,,,,0,1,df_331_in,,1,,120500,121050,,5,,,,,,,,,,,,,,,,,"21,33","NEW rental,docomo FS050W 無制限"
1674,16918,379,3252,Insurance [YES] / Additional Battery [NONE],317-318Days (Value Rental Pack:6Months Pack＋5Months Pack),,,docomo FS050W Unlimited Data,1,,,,,,,,*,,*,,,,,,,,,,,,,,,,,,,,,,,,0,1,df_331_in,,1,,120500,121050,,5,,,,,,,,,,,,,,,,,"21,33","NEW rental,docomo FS050W 無制限"
1674,16922,379,3253,Insurance [YES] / Additional Battery [NONE],318-319Days (Value Rental Pack:6Months Pack＋5Months Pack),,,docomo FS050W Unlimited Data,1,,,,,,,,*,,*,,,,,,,,,,,,,,,,,,,,,,,,0,1,df_331_in,,1,,120500,121050,,5,,,,,,,,,,,,,,,,,"21,33","NEW rental,docomo FS050W 無制限"
1674,16926,379,3254,Insurance [YES] / Additional Battery [NONE],319-320Days (Value Rental Pack:6Months Pack＋5Months Pack),,,docomo FS050W Unlimited Data,1,,,,,,,,*,,*,,,,,,,,,,,,,,,,,,,,,,,,0,1,df_331_in,,1,,120500,121050,,5,,,,,,,,,,,,,,,,,"21,33","NEW rental,docomo FS050W 無制限"
1674,16930,379,3255,Insurance [YES] / Additional Battery [NONE],320-321Days (Value Rental Pack:6Months Pack＋5Months Pack),,,docomo FS050W Unlimited Data,1,,,,,,,,*,,*,,,,,,,,,,,,,,,,,,,,,,,,0,1,df_331_in,,1,,120500,121050,,5,,,,,,,,,,,,,,,,,"21,33","NEW rental,docomo FS050W 無制限"
1674,16934,379,3256,Insurance [YES] / Additional Battery [NONE],321-322Days (Value Rental Pack:6Months Pack＋5Months Pack),,,docomo FS050W Unlimited Data,1,,,,,,,,*,,*,,,,,,,,,,,,,,,,,,,,,,,,0,1,df_331_in,,1,,120500,121050,,5,,,,,,,,,,,,,,,,,"21,33","NEW rental,docomo FS050W 無制限"
1674,16938,379,3257,Insurance [YES] / Additional Battery [NONE],322-323Days (Value Rental Pack:6Months Pack＋5Months Pack),,,docomo FS050W Unlimited Data,1,,,,,,,,*,,*,,,,,,,,,,,,,,,,,,,,,,,,0,1,df_331_in,,1,,120500,121050,,5,,,,,,,,,,,,,,,,,"21,33","NEW rental,docomo FS050W 無制限"
1674,16942,379,3258,Insurance [YES] / Additional Battery [NONE],323-324Days (Value Rental Pack:6Months Pack＋5Months Pack),,,docomo FS050W Unlimited Data,1,,,,,,,,*,,*,,,,,,,,,,,,,,,,,,,,,,,,0,1,df_331_in,,1,,120500,121050,,5,,,,,,,,,,,,,,,,,"21,33","NEW rental,docomo FS050W 無制限"
1674,16946,379,3259,Insurance [YES] / Additional Battery [NONE],324-325Days (Value Rental Pack:6Months Pack＋5Months Pack),,,docomo FS050W Unlimited Data,1,,,,,,,,*,,*,,,,,,,,,,,,,,,,,,,,,,,,0,1,df_331_in,,1,,120500,121050,,5,,,,,,,,,,,,,,,,,"21,33","NEW rental,docomo FS050W 無制限"
1674,16950,379,3260,Insurance [YES] / Additional Battery [NONE],325-326Days (Value Rental Pack:6Months Pack＋5Months Pack),,,docomo FS050W Unlimited Data,1,,,,,,,,*,,*,,,,,,,,,,,,,,,,,,,,,,,,0,1,df_331_in,,1,,120500,121050,,5,,,,,,,,,,,,,,,,,"21,33","NEW rental,docomo FS050W 無制限"
1674,16954,379,3261,Insurance [YES] / Additional Battery [NONE],326-327Days (Value Rental Pack:6Months Pack＋5Months Pack),,,docomo FS050W Unlimited Data,1,,,,,,,,*,,*,,,,,,,,,,,,,,,,,,,,,,,,0,1,df_331_in,,1,,120500,121050,,5,,,,,,,,,,,,,,,,,"21,33","NEW rental,docomo FS050W 無制限"
1674,16958,379,3262,Insurance [YES] / Additional Battery [NONE],327-328Days (Value Rental Pack:6Months Pack＋5Months Pack),,,docomo FS050W Unlimited Data,1,,,,,,,,*,,*,,,,,,,,,,,,,,,,,,,,,,,,0,1,df_331_in,,1,,120500,121050,,5,,,,,,,,,,,,,,,,,"21,33","NEW rental,docomo FS050W 無制限"
1674,16962,379,3263,Insurance [YES] / Additional Battery [NONE],328-329Days (Value Rental Pack:6Months Pack＋5Months Pack),,,docomo FS050W Unlimited Data,1,,,,,,,,*,,*,,,,,,,,,,,,,,,,,,,,,,,,0,1,df_331_in,,1,,120500,121050,,5,,,,,,,,,,,,,,,,,"21,33","NEW rental,docomo FS050W 無制限"
1674,16966,379,3264,Insurance [YES] / Additional Battery [NONE],329-330Days (Value Rental Pack:6Months Pack＋5Months Pack),,,docomo FS050W Unlimited Data,1,,,,,,,,*,,*,,,,,,,,,,,,,,,,,,,,,,,,0,1,df_331_in,,1,,120500,121050,,5,,,,,,,,,,,,,,,,,"21,33","NEW rental,docomo FS050W 無制限"
1674,16970,379,3265,Insurance [YES] / Additional Battery [NONE],330-331Days (Value Rental Pack:6Months Pack＋5Months Pack),,,docomo FS050W Unlimited Data,1,,,,,,,,*,,*,,,,,,,,,,,,,,,,,,,,,,,,0,1,df_331_in,,1,,120500,121050,,5,,,,,,,,,,,,,,,,,"21,33","NEW rental,docomo FS050W 無制限"
1674,16974,379,3266,Insurance [YES] / Additional Battery [NONE],331-332Days (Value Rental Pack:6Months Pack＋5Months Pack),,,docomo FS050W Unlimited Data,1,,,,,,,,*,,*,,,,,,,,,,,,,,,,,,,,,,,,0,1,df_331_in,,1,,120500,121050,,5,,,,,,,,,,,,,,,,,"21,33","NEW rental,docomo FS050W 無制限"
1674,16978,379,3267,Insurance [YES] / Additional Battery [NONE],332-333Days (Value Rental Pack:6Months Pack＋5Months Pack＋1Day),,,docomo FS050W Unlimited Data,1,,,,,,,,*,,*,,,,,,,,,,,,,,,,,,,,,,,,0,1,df_332_in,,1,,121490,122040,,5,,,,,,,,,,,,,,,,,"21,33","NEW rental,docomo FS050W 無制限"
1674,16982,379,3268,Insurance [YES] / Additional Battery [NONE],333-334Days (Value Rental Pack:6Months Pack＋5Months Pack＋2Days),,,docomo FS050W Unlimited Data,1,,,,,,,,*,,*,,,,,,,,,,,,,,,,,,,,,,,,0,1,df_333_in,,1,,122480,123030,,5,,,,,,,,,,,,,,,,,"21,33","NEW rental,docomo FS050W 無制限"
1674,16986,379,3269,Insurance [YES] / Additional Battery [NONE],334-335Days (Value Rental Pack:6Months Pack＋5Months Pack＋3Days),,,docomo FS050W Unlimited Data,1,,,,,,,,*,,*,,,,,,,,,,,,,,,,,,,,,,,,0,1,df_334_in,,1,,123470,124020,,5,,,,,,,,,,,,,,,,,"21,33","NEW rental,docomo FS050W 無制限"
1674,16990,379,3270,Insurance [YES] / Additional Battery [NONE],335-336Days (Value Rental Pack:6Months Pack＋5Months Pack＋4Days),,,docomo FS050W Unlimited Data,1,,,,,,,,*,,*,,,,,,,,,,,,,,,,,,,,,,,,0,1,df_335_in,,1,,124460,125010,,5,,,,,,,,,,,,,,,,,"21,33","NEW rental,docomo FS050W 無制限"
1674,16994,379,3271,Insurance [YES] / Additional Battery [NONE],336-337Days (Value Rental Pack:6Months Pack＋5Months Pack＋5Days),,,docomo FS050W Unlimited Data,1,,,,,,,,*,,*,,,,,,,,,,,,,,,,,,,,,,,,0,1,df_336_in,,1,,125450,126000,,5,,,,,,,,,,,,,,,,,"21,33","NEW rental,docomo FS050W 無制限"
1674,16998,379,3272,Insurance [YES] / Additional Battery [NONE],337-338Days (Value Rental Pack:6Months Pack＋5Months Pack＋6Days),,,docomo FS050W Unlimited Data,1,,,,,,,,*,,*,,,,,,,,,,,,,,,,,,,,,,,,0,1,df_337_in,,1,,126440,126990,,5,,,,,,,,,,,,,,,,,"21,33","NEW rental,docomo FS050W 無制限"
1674,17002,379,3273,Insurance [YES] / Additional Battery [NONE],338-339Days (Value Rental Pack:6Months Pack＋5Months Pack＋7Days),,,docomo FS050W Unlimited Data,1,,,,,,,,*,,*,,,,,,,,,,,,,,,,,,,,,,,,0,1,df_338_in,,1,,127430,127980,,5,,,,,,,,,,,,,,,,,"21,33","NEW rental,docomo FS050W 無制限"
1674,17006,379,3274,Insurance [YES] / Additional Battery [NONE],339-340Days (Value Rental Pack:6Months Pack＋5Months Pack＋8Days),,,docomo FS050W Unlimited Data,1,,,,,,,,*,,*,,,,,,,,,,,,,,,,,,,,,,,,0,1,df_339_in,,1,,128420,128970,,5,,,,,,,,,,,,,,,,,"21,33","NEW rental,docomo FS050W 無制限"
1674,17010,379,3275,Insurance [YES] / Additional Battery [NONE],340-341Days (Value Rental Pack:6Months Pack＋6Months Pack),,,docomo FS050W Unlimited Data,1,,,,,,,,*,,*,,,,,,,,,,,,,,,,,,,,,,,,0,1,df_361_in,,1,,128800,129350,,5,,,,,,,,,,,,,,,,,"21,33","NEW rental,docomo FS050W 無制限"
1674,17014,379,3276,Insurance [YES] / Additional Battery [NONE],341-342Days (Value Rental Pack:6Months Pack＋6Months Pack),,,docomo FS050W Unlimited Data,1,,,,,,,,*,,*,,,,,,,,,,,,,,,,,,,,,,,,0,1,df_361_in,,1,,128800,129350,,5,,,,,,,,,,,,,,,,,"21,33","NEW rental,docomo FS050W 無制限"
1674,17018,379,3277,Insurance [YES] / Additional Battery [NONE],342-343Days (Value Rental Pack:6Months Pack＋6Months Pack),,,docomo FS050W Unlimited Data,1,,,,,,,,*,,*,,,,,,,,,,,,,,,,,,,,,,,,0,1,df_361_in,,1,,128800,129350,,5,,,,,,,,,,,,,,,,,"21,33","NEW rental,docomo FS050W 無制限"
1674,17022,379,3278,Insurance [YES] / Additional Battery [NONE],343-344Days (Value Rental Pack:6Months Pack＋6Months Pack),,,docomo FS050W Unlimited Data,1,,,,,,,,*,,*,,,,,,,,,,,,,,,,,,,,,,,,0,1,df_361_in,,1,,128800,129350,,5,,,,,,,,,,,,,,,,,"21,33","NEW rental,docomo FS050W 無制限"
1674,17026,379,3279,Insurance [YES] / Additional Battery [NONE],344-345Days (Value Rental Pack:6Months Pack＋6Months Pack),,,docomo FS050W Unlimited Data,1,,,,,,,,*,,*,,,,,,,,,,,,,,,,,,,,,,,,0,1,df_361_in,,1,,128800,129350,,5,,,,,,,,,,,,,,,,,"21,33","NEW rental,docomo FS050W 無制限"
1674,17030,379,3280,Insurance [YES] / Additional Battery [NONE],345-346Days (Value Rental Pack:6Months Pack＋6Months Pack),,,docomo FS050W Unlimited Data,1,,,,,,,,*,,*,,,,,,,,,,,,,,,,,,,,,,,,0,1,df_361_in,,1,,128800,129350,,5,,,,,,,,,,,,,,,,,"21,33","NEW rental,docomo FS050W 無制限"
1674,17034,379,3281,Insurance [YES] / Additional Battery [NONE],346-347Days (Value Rental Pack:6Months Pack＋6Months Pack),,,docomo FS050W Unlimited Data,1,,,,,,,,*,,*,,,,,,,,,,,,,,,,,,,,,,,,0,1,df_361_in,,1,,128800,129350,,5,,,,,,,,,,,,,,,,,"21,33","NEW rental,docomo FS050W 無制限"
1674,17038,379,3282,Insurance [YES] / Additional Battery [NONE],347-348Days (Value Rental Pack:6Months Pack＋6Months Pack),,,docomo FS050W Unlimited Data,1,,,,,,,,*,,*,,,,,,,,,,,,,,,,,,,,,,,,0,1,df_361_in,,1,,128800,129350,,5,,,,,,,,,,,,,,,,,"21,33","NEW rental,docomo FS050W 無制限"
1674,17042,379,3283,Insurance [YES] / Additional Battery [NONE],348-349Days (Value Rental Pack:6Months Pack＋6Months Pack),,,docomo FS050W Unlimited Data,1,,,,,,,,*,,*,,,,,,,,,,,,,,,,,,,,,,,,0,1,df_361_in,,1,,128800,129350,,5,,,,,,,,,,,,,,,,,"21,33","NEW rental,docomo FS050W 無制限"
1674,17046,379,3284,Insurance [YES] / Additional Battery [NONE],349-350Days (Value Rental Pack:6Months Pack＋6Months Pack),,,docomo FS050W Unlimited Data,1,,,,,,,,*,,*,,,,,,,,,,,,,,,,,,,,,,,,0,1,df_361_in,,1,,128800,129350,,5,,,,,,,,,,,,,,,,,"21,33","NEW rental,docomo FS050W 無制限"
1674,17050,379,3285,Insurance [YES] / Additional Battery [NONE],350-351Days (Value Rental Pack:6Months Pack＋6Months Pack),,,docomo FS050W Unlimited Data,1,,,,,,,,*,,*,,,,,,,,,,,,,,,,,,,,,,,,0,1,df_361_in,,1,,128800,129350,,5,,,,,,,,,,,,,,,,,"21,33","NEW rental,docomo FS050W 無制限"
1674,17054,379,3286,Insurance [YES] / Additional Battery [NONE],351-352Days (Value Rental Pack:6Months Pack＋6Months Pack),,,docomo FS050W Unlimited Data,1,,,,,,,,*,,*,,,,,,,,,,,,,,,,,,,,,,,,0,1,df_361_in,,1,,128800,129350,,5,,,,,,,,,,,,,,,,,"21,33","NEW rental,docomo FS050W 無制限"
1674,17058,379,3287,Insurance [YES] / Additional Battery [NONE],352-353Days (Value Rental Pack:6Months Pack＋6Months Pack),,,docomo FS050W Unlimited Data,1,,,,,,,,*,,*,,,,,,,,,,,,,,,,,,,,,,,,0,1,df_361_in,,1,,128800,129350,,5,,,,,,,,,,,,,,,,,"21,33","NEW rental,docomo FS050W 無制限"
1674,17062,379,3288,Insurance [YES] / Additional Battery [NONE],353-354Days (Value Rental Pack:6Months Pack＋6Months Pack),,,docomo FS050W Unlimited Data,1,,,,,,,,*,,*,,,,,,,,,,,,,,,,,,,,,,,,0,1,df_361_in,,1,,128800,129350,,5,,,,,,,,,,,,,,,,,"21,33","NEW rental,docomo FS050W 無制限"
1674,17066,379,3289,Insurance [YES] / Additional Battery [NONE],354-355Days (Value Rental Pack:6Months Pack＋6Months Pack),,,docomo FS050W Unlimited Data,1,,,,,,,,*,,*,,,,,,,,,,,,,,,,,,,,,,,,0,1,df_361_in,,1,,128800,129350,,5,,,,,,,,,,,,,,,,,"21,33","NEW rental,docomo FS050W 無制限"
1674,17070,379,3290,Insurance [YES] / Additional Battery [NONE],355-356Days (Value Rental Pack:6Months Pack＋6Months Pack),,,docomo FS050W Unlimited Data,1,,,,,,,,*,,*,,,,,,,,,,,,,,,,,,,,,,,,0,1,df_361_in,,1,,128800,129350,,5,,,,,,,,,,,,,,,,,"21,33","NEW rental,docomo FS050W 無制限"
1674,17074,379,3291,Insurance [YES] / Additional Battery [NONE],356-357Days (Value Rental Pack:6Months Pack＋6Months Pack),,,docomo FS050W Unlimited Data,1,,,,,,,,*,,*,,,,,,,,,,,,,,,,,,,,,,,,0,1,df_361_in,,1,,128800,129350,,5,,,,,,,,,,,,,,,,,"21,33","NEW rental,docomo FS050W 無制限"
1674,17078,379,3292,Insurance [YES] / Additional Battery [NONE],357-358Days (Value Rental Pack:6Months Pack＋6Months Pack),,,docomo FS050W Unlimited Data,1,,,,,,,,*,,*,,,,,,,,,,,,,,,,,,,,,,,,0,1,df_361_in,,1,,128800,129350,,5,,,,,,,,,,,,,,,,,"21,33","NEW rental,docomo FS050W 無制限"
1674,17082,379,3293,Insurance [YES] / Additional Battery [NONE],358-359Days (Value Rental Pack:6Months Pack＋6Months Pack),,,docomo FS050W Unlimited Data,1,,,,,,,,*,,*,,,,,,,,,,,,,,,,,,,,,,,,0,1,df_361_in,,1,,128800,129350,,5,,,,,,,,,,,,,,,,,"21,33","NEW rental,docomo FS050W 無制限"
1674,17086,379,3294,Insurance [YES] / Additional Battery [NONE],359-360Days (Value Rental Pack:6Months Pack＋6Months Pack),,,docomo FS050W Unlimited Data,1,,,,,,,,*,,*,,,,,,,,,,,,,,,,,,,,,,,,0,1,df_361_in,,1,,128800,129350,,5,,,,,,,,,,,,,,,,,"21,33","NEW rental,docomo FS050W 無制限"
1674,17090,379,3295,Insurance [YES] / Additional Battery [NONE],360-361Days (Value Rental Pack:6Months Pack＋6Months Pack),,,docomo FS050W Unlimited Data,1,,,,,,,,*,,*,,,,,,,,,,,,,,,,,,,,,,,,0,1,df_361_in,,1,,128800,129350,,5,,,,,,,,,,,,,,,,,"21,33","NEW rental,docomo FS050W 無制限"
1674,17094,379,3296,Insurance [YES] / Additional Battery [NONE],361-362Days (Value Rental Pack:6Months Pack＋6Months Pack),,,docomo FS050W Unlimited Data,1,,,,,,,,*,,*,,,,,,,,,,,,,,,,,,,,,,,,0,1,df_361_in,,1,,128800,129350,,5,,,,,,,,,,,,,,,,,"21,33","NEW rental,docomo FS050W 無制限"
1674,17098,379,3297,Insurance [YES] / Additional Battery [NONE],362-363Days (Value Rental Pack:6Months Pack＋6Months Pack＋1Day),,,docomo FS050W Unlimited Data,1,,,,,,,,*,,*,,,,,,,,,,,,,,,,,,,,,,,,0,1,df_362_in,,1,,129790,130340,,5,,,,,,,,,,,,,,,,,"21,33","NEW rental,docomo FS050W 無制限"
1674,17102,379,3298,Insurance [YES] / Additional Battery [NONE],363-364Days (Value Rental Pack:6Months Pack＋6Months Pack＋2Days),,,docomo FS050W Unlimited Data,1,,,,,,,,*,,*,,,,,,,,,,,,,,,,,,,,,,,,0,1,df_363_in,,1,,130780,131330,,5,,,,,,,,,,,,,,,,,"21,33","NEW rental,docomo FS050W 無制限"
1674,17106,379,3299,Insurance [YES] / Additional Battery [NONE],364-365Days (Value Rental Pack:6Months Pack＋6Months Pack＋3Days),,,docomo FS050W Unlimited Data,1,,,,,,,,*,,*,,,,,,,,,,,,,,,,,,,,,,,,0,1,df_364_in,,1,,131770,132320,,5,,,,,,,,,,,,,,,,,"21,33","NEW rental,docomo FS050W 無制限"
1674,15653,380,2936,Insurance [YES] / Additional Battery [YES],1-2Days,,,docomo FS050W Unlimited Data,1,,,,,,,,*,,*,,,,,,,,,,,,,,,,,,,,,,,,0,1,df_001_in_bt,,1,,2080,2630,,5,,,,,,,,,,,,,,,,,"21,33","NEW rental,docomo FS050W 無制限"
1674,15657,380,2937,Insurance [YES] / Additional Battery [YES],2-3Days,,,docomo FS050W Unlimited Data,1,,,,,,,,*,,*,,,,,,,,,,,,,,,,,,,,,,,,0,1,df_002_in_bt,,1,,3120,3670,,5,,,,,,,,,,,,,,,,,"21,33","NEW rental,docomo FS050W 無制限"
1674,15661,380,2938,Insurance [YES] / Additional Battery [YES],3-4Days,,,docomo FS050W Unlimited Data,1,,,,,,,,*,,*,,,,,,,,,,,,,,,,,,,,,,,,0,1,df_003_in_bt,,1,,4160,4710,,5,,,,,,,,,,,,,,,,,"21,33","NEW rental,docomo FS050W 無制限"
1674,15665,380,2939,Insurance [YES] / Additional Battery [YES],4-5Days,,,docomo FS050W Unlimited Data,1,,,,,,,,*,,*,,,,,,,,,,,,,,,,,,,,,,,,0,1,df_004_in_bt,,1,,5200,5750,,5,,,,,,,,,,,,,,,,,"21,33","NEW rental,docomo FS050W 無制限"
1674,15669,380,2940,Insurance [YES] / Additional Battery [YES],5-6Days,,,docomo FS050W Unlimited Data,1,,,,,,,,*,,*,,,,,,,,,,,,,,,,,,,,,,,,0,1,df_005_in_bt,,1,,6240,6790,,5,,,,,,,,,,,,,,,,,"21,33","NEW rental,docomo FS050W 無制限"
1674,15673,380,2941,Insurance [YES] / Additional Battery [YES],6-7Days,,,docomo FS050W Unlimited Data,1,,,,,,,,*,,*,,,,,,,,,,,,,,,,,,,,,,,,0,1,df_006_in_bt,,1,,7280,7830,,5,,,,,,,,,,,,,,,,,"21,33","NEW rental,docomo FS050W 無制限"
1674,15677,380,2942,Insurance [YES] / Additional Battery [YES],7-8Days,,,docomo FS050W Unlimited Data,1,,,,,,,,*,,*,,,,,,,,,,,,,,,,,,,,,,,,0,1,df_007_in_bt,,1,,8320,8870,,5,,,,,,,,,,,,,,,,,"21,33","NEW rental,docomo FS050W 無制限"
1674,15681,380,2943,Insurance [YES] / Additional Battery [YES],8-9Days,,,docomo FS050W Unlimited Data,1,,,,,,,,*,,*,,,,,,,,,,,,,,,,,,,,,,,,0,1,df_008_in_bt,,1,,9360,9910,,5,,,,,,,,,,,,,,,,,"21,33","NEW rental,docomo FS050W 無制限"
1674,15685,380,2944,Insurance [YES] / Additional Battery [YES],9-10Days,,,docomo FS050W Unlimited Data,1,,,,,,,,*,,*,,,,,,,,,,,,,,,,,,,,,,,,0,1,df_009_in_bt,,1,,10400,10950,,5,,,,,,,,,,,,,,,,,"21,33","NEW rental,docomo FS050W 無制限"
1674,15689,380,2945,Insurance [YES] / Additional Battery [YES],10-11Days,,,docomo FS050W Unlimited Data,1,,,,,,,,*,,*,,,,,,,,,,,,,,,,,,,,,,,,0,1,df_010_in_bt,,1,,11440,11990,,5,,,,,,,,,,,,,,,,,"21,33","NEW rental,docomo FS050W 無制限"
1674,15693,380,2946,Insurance [YES] / Additional Battery [YES],11-12Days,,,docomo FS050W Unlimited Data,1,,,,,,,,*,,*,,,,,,,,,,,,,,,,,,,,,,,,0,1,df_011_in_bt,,1,,12480,13030,,5,,,,,,,,,,,,,,,,,"21,33","NEW rental,docomo FS050W 無制限"
1674,15697,380,2947,Insurance [YES] / Additional Battery [YES],12-13Days,,,docomo FS050W Unlimited Data,1,,,,,,,,*,,*,,,,,,,,,,,,,,,,,,,,,,,,0,1,df_012_in_bt,,1,,13520,14070,,5,,,,,,,,,,,,,,,,,"21,33","NEW rental,docomo FS050W 無制限"
1674,15701,380,2948,Insurance [YES] / Additional Battery [YES],13-14Days,,,docomo FS050W Unlimited Data,1,,,,,,,,*,,*,,,,,,,,,,,,,,,,,,,,,,,,0,1,df_013_in_bt,,1,,14560,15110,,5,,,,,,,,,,,,,,,,,"21,33","NEW rental,docomo FS050W 無制限"
1674,15705,380,2949,Insurance [YES] / Additional Battery [YES],14-15Days (Value Rental Pack:1Month Pack),,,docomo FS050W Unlimited Data,1,,,,,,,,*,,*,,,,,,,,,,,,,,,,,,,,,,,,0,1,df_014_in_bt,,1,,15600,16150,,5,,,,,,,,,,,,,,,,,"21,33","NEW rental,docomo FS050W 無制限"
1674,15709,380,2950,Insurance [YES] / Additional Battery [YES],15-16Days (Value Rental Pack:1Month Pack),,,docomo FS050W Unlimited Data,1,,,,,,,,*,,*,,,,,,,,,,,,,,,,,,,,,,,,0,1,df_014_in_bt,,1,,15600,16150,,5,,,,,,,,,,,,,,,,,"21,33","NEW rental,docomo FS050W 無制限"
1674,15713,380,2951,Insurance [YES] / Additional Battery [YES],16-17Days (Value Rental Pack:1Month Pack),,,docomo FS050W Unlimited Data,1,,,,,,,,*,,*,,,,,,,,,,,,,,,,,,,,,,,,0,1,df_014_in_bt,,1,,15600,16150,,5,,,,,,,,,,,,,,,,,"21,33","NEW rental,docomo FS050W 無制限"
1674,15717,380,2952,Insurance [YES] / Additional Battery [YES],17-18Days (Value Rental Pack:1Month Pack),,,docomo FS050W Unlimited Data,1,,,,,,,,*,,*,,,,,,,,,,,,,,,,,,,,,,,,0,1,df_014_in_bt,,1,,15600,16150,,5,,,,,,,,,,,,,,,,,"21,33","NEW rental,docomo FS050W 無制限"
1674,15721,380,2953,Insurance [YES] / Additional Battery [YES],18-19Days (Value Rental Pack:1Month Pack),,,docomo FS050W Unlimited Data,1,,,,,,,,*,,*,,,,,,,,,,,,,,,,,,,,,,,,0,1,df_014_in_bt,,1,,15600,16150,,5,,,,,,,,,,,,,,,,,"21,33","NEW rental,docomo FS050W 無制限"
1674,15725,380,2954,Insurance [YES] / Additional Battery [YES],19-20Days (Value Rental Pack:1Month Pack),,,docomo FS050W Unlimited Data,1,,,,,,,,*,,*,,,,,,,,,,,,,,,,,,,,,,,,0,1,df_014_in_bt,,1,,15600,16150,,5,,,,,,,,,,,,,,,,,"21,33","NEW rental,docomo FS050W 無制限"
1674,15729,380,2955,Insurance [YES] / Additional Battery [YES],20-21Days (Value Rental Pack:1Month Pack),,,docomo FS050W Unlimited Data,1,,,,,,,,*,,*,,,,,,,,,,,,,,,,,,,,,,,,0,1,df_014_in_bt,,1,,15600,16150,,5,,,,,,,,,,,,,,,,,"21,33","NEW rental,docomo FS050W 無制限"
1674,15733,380,2956,Insurance [YES] / Additional Battery [YES],21-22Days (Value Rental Pack:1Month Pack),,,docomo FS050W Unlimited Data,1,,,,,,,,*,,*,,,,,,,,,,,,,,,,,,,,,,,,0,1,df_014_in_bt,,1,,15600,16150,,5,,,,,,,,,,,,,,,,,"21,33","NEW rental,docomo FS050W 無制限"
1674,15737,380,2957,Insurance [YES] / Additional Battery [YES],22-23Days (Value Rental Pack:1Month Pack),,,docomo FS050W Unlimited Data,1,,,,,,,,*,,*,,,,,,,,,,,,,,,,,,,,,,,,0,1,df_014_in_bt,,1,,15600,16150,,5,,,,,,,,,,,,,,,,,"21,33","NEW rental,docomo FS050W 無制限"
1674,15741,380,2958,Insurance [YES] / Additional Battery [YES],23-24Days (Value Rental Pack:1Month Pack),,,docomo FS050W Unlimited Data,1,,,,,,,,*,,*,,,,,,,,,,,,,,,,,,,,,,,,0,1,df_014_in_bt,,1,,15600,16150,,5,,,,,,,,,,,,,,,,,"21,33","NEW rental,docomo FS050W 無制限"
1674,15745,380,2959,Insurance [YES] / Additional Battery [YES],24-25Days (Value Rental Pack:1Month Pack),,,docomo FS050W Unlimited Data,1,,,,,,,,*,,*,,,,,,,,,,,,,,,,,,,,,,,,0,1,df_014_in_bt,,1,,15600,16150,,5,,,,,,,,,,,,,,,,,"21,33","NEW rental,docomo FS050W 無制限"
1674,15749,380,2960,Insurance [YES] / Additional Battery [YES],25-26Days (Value Rental Pack:1Month Pack),,,docomo FS050W Unlimited Data,1,,,,,,,,*,,*,,,,,,,,,,,,,,,,,,,,,,,,0,1,df_014_in_bt,,1,,15600,16150,,5,,,,,,,,,,,,,,,,,"21,33","NEW rental,docomo FS050W 無制限"
1674,15753,380,2961,Insurance [YES] / Additional Battery [YES],26-27Days (Value Rental Pack:1Month Pack),,,docomo FS050W Unlimited Data,1,,,,,,,,*,,*,,,,,,,,,,,,,,,,,,,,,,,,0,1,df_014_in_bt,,1,,15600,16150,,5,,,,,,,,,,,,,,,,,"21,33","NEW rental,docomo FS050W 無制限"
1674,15757,380,2962,Insurance [YES] / Additional Battery [YES],27-28Days (Value Rental Pack:1Month Pack),,,docomo FS050W Unlimited Data,1,,,,,,,,*,,*,,,,,,,,,,,,,,,,,,,,,,,,0,1,df_014_in_bt,,1,,15600,16150,,5,,,,,,,,,,,,,,,,,"21,33","NEW rental,docomo FS050W 無制限"
1674,15761,380,2963,Insurance [YES] / Additional Battery [YES],28-29Days (Value Rental Pack:1Month Pack),,,docomo FS050W Unlimited Data,1,,,,,,,,*,,*,,,,,,,,,,,,,,,,,,,,,,,,0,1,df_014_in_bt,,1,,15600,16150,,5,,,,,,,,,,,,,,,,,"21,33","NEW rental,docomo FS050W 無制限"
1674,15765,380,2964,Insurance [YES] / Additional Battery [YES],29-30Days (Value Rental Pack:1Month Pack),,,docomo FS050W Unlimited Data,1,,,,,,,,*,,*,,,,,,,,,,,,,,,,,,,,,,,,0,1,df_014_in_bt,,1,,15600,16150,,5,,,,,,,,,,,,,,,,,"21,33","NEW rental,docomo FS050W 無制限"
1674,15769,380,2965,Insurance [YES] / Additional Battery [YES],30-31Days (Value Rental Pack:1Month Pack),,,docomo FS050W Unlimited Data,1,,,,,,,,*,,*,,,,,,,,,,,,,,,,,,,,,,,,0,1,df_014_in_bt,,1,,15600,16150,,5,,,,,,,,,,,,,,,,,"21,33","NEW rental,docomo FS050W 無制限"
1674,15773,380,2966,Insurance [YES] / Additional Battery [YES],31-32Days (Value Rental Pack:1Month Pack＋1Day),,,docomo FS050W Unlimited Data,1,,,,,,,,*,,*,,,,,,,,,,,,,,,,,,,,,,,,0,1,df_031_in_bt,,1,,16640,17190,,5,,,,,,,,,,,,,,,,,"21,33","NEW rental,docomo FS050W 無制限"
1674,15777,380,2967,Insurance [YES] / Additional Battery [YES],32-33Days (Value Rental Pack:1Month Pack＋2Days),,,docomo FS050W Unlimited Data,1,,,,,,,,*,,*,,,,,,,,,,,,,,,,,,,,,,,,0,1,df_032_in_bt,,1,,17680,18230,,5,,,,,,,,,,,,,,,,,"21,33","NEW rental,docomo FS050W 無制限"
1674,15781,380,2968,Insurance [YES] / Additional Battery [YES],33-34Days (Value Rental Pack:1Month Pack＋3Days),,,docomo FS050W Unlimited Data,1,,,,,,,,*,,*,,,,,,,,,,,,,,,,,,,,,,,,0,1,df_033_in_bt,,1,,18720,19270,,5,,,,,,,,,,,,,,,,,"21,33","NEW rental,docomo FS050W 無制限"
1674,15785,380,2969,Insurance [YES] / Additional Battery [YES],34-35Days (Value Rental Pack:1Month Pack＋4Days),,,docomo FS050W Unlimited Data,1,,,,,,,,*,,*,,,,,,,,,,,,,,,,,,,,,,,,0,1,df_034_in_bt,,1,,19760,20310,,5,,,,,,,,,,,,,,,,,"21,33","NEW rental,docomo FS050W 無制限"
1674,15789,380,2970,Insurance [YES] / Additional Battery [YES],35-36Days (Value Rental Pack:1Month Pack＋5Days),,,docomo FS050W Unlimited Data,1,,,,,,,,*,,*,,,,,,,,,,,,,,,,,,,,,,,,0,1,df_035_in_bt,,1,,20800,21350,,5,,,,,,,,,,,,,,,,,"21,33","NEW rental,docomo FS050W 無制限"
1674,15793,380,2971,Insurance [YES] / Additional Battery [YES],36-37Days (Value Rental Pack:1Month Pack＋6Days),,,docomo FS050W Unlimited Data,1,,,,,,,,*,,*,,,,,,,,,,,,,,,,,,,,,,,,0,1,df_036_in_bt,,1,,21840,22390,,5,,,,,,,,,,,,,,,,,"21,33","NEW rental,docomo FS050W 無制限"
1674,15797,380,2972,Insurance [YES] / Additional Battery [YES],37-38Days (Value Rental Pack:1Month Pack＋7Days),,,docomo FS050W Unlimited Data,1,,,,,,,,*,,*,,,,,,,,,,,,,,,,,,,,,,,,0,1,df_037_in_bt,,1,,22830,23380,,5,,,,,,,,,,,,,,,,,"21,33","NEW rental,docomo FS050W 無制限"
1674,15801,380,2973,Insurance [YES] / Additional Battery [YES],38-39Days (Value Rental Pack:1Month Pack＋8Days),,,docomo FS050W Unlimited Data,1,,,,,,,,*,,*,,,,,,,,,,,,,,,,,,,,,,,,0,1,df_038_in_bt,,1,,23820,24370,,5,,,,,,,,,,,,,,,,,"21,33","NEW rental,docomo FS050W 無制限"
1674,15805,380,2974,Insurance [YES] / Additional Battery [YES],39-40Days (Value Rental Pack:1Month Pack＋9Days),,,docomo FS050W Unlimited Data,1,,,,,,,,*,,*,,,,,,,,,,,,,,,,,,,,,,,,0,1,df_039_in_bt,,1,,24810,25360,,5,,,,,,,,,,,,,,,,,"21,33","NEW rental,docomo FS050W 無制限"
1674,15809,380,2975,Insurance [YES] / Additional Battery [YES],40-41Days (Value Rental Pack:1Month Pack＋10Days),,,docomo FS050W Unlimited Data,1,,,,,,,,*,,*,,,,,,,,,,,,,,,,,,,,,,,,0,1,df_040_in_bt,,1,,25800,26350,,5,,,,,,,,,,,,,,,,,"21,33","NEW rental,docomo FS050W 無制限"
1674,15813,380,2976,Insurance [YES] / Additional Battery [YES],41-42Days (Value Rental Pack:1Month Pack＋11Days),,,docomo FS050W Unlimited Data,1,,,,,,,,*,,*,,,,,,,,,,,,,,,,,,,,,,,,0,1,df_041_in_bt,,1,,26790,27340,,5,,,,,,,,,,,,,,,,,"21,33","NEW rental,docomo FS050W 無制限"
1674,15817,380,2977,Insurance [YES] / Additional Battery [YES],42-43Days (Value Rental Pack:2Months Pack),,,docomo FS050W Unlimited Data,1,,,,,,,,*,,*,,,,,,,,,,,,,,,,,,,,,,,,0,1,df_060_in_bt,,1,,27650,28200,,5,,,,,,,,,,,,,,,,,"21,33","NEW rental,docomo FS050W 無制限"
1674,15821,380,2978,Insurance [YES] / Additional Battery [YES],43-44Days (Value Rental Pack:2Months Pack),,,docomo FS050W Unlimited Data,1,,,,,,,,*,,*,,,,,,,,,,,,,,,,,,,,,,,,0,1,df_060_in_bt,,1,,27650,28200,,5,,,,,,,,,,,,,,,,,"21,33","NEW rental,docomo FS050W 無制限"
1674,15825,380,2979,Insurance [YES] / Additional Battery [YES],44-45Days (Value Rental Pack:2Months Pack),,,docomo FS050W Unlimited Data,1,,,,,,,,*,,*,,,,,,,,,,,,,,,,,,,,,,,,0,1,df_060_in_bt,,1,,27650,28200,,5,,,,,,,,,,,,,,,,,"21,33","NEW rental,docomo FS050W 無制限"
1674,15829,380,2980,Insurance [YES] / Additional Battery [YES],45-46Days (Value Rental Pack:2Months Pack),,,docomo FS050W Unlimited Data,1,,,,,,,,*,,*,,,,,,,,,,,,,,,,,,,,,,,,0,1,df_060_in_bt,,1,,27650,28200,,5,,,,,,,,,,,,,,,,,"21,33","NEW rental,docomo FS050W 無制限"
1674,15833,380,2981,Insurance [YES] / Additional Battery [YES],46-47Days (Value Rental Pack:2Months Pack),,,docomo FS050W Unlimited Data,1,,,,,,,,*,,*,,,,,,,,,,,,,,,,,,,,,,,,0,1,df_060_in_bt,,1,,27650,28200,,5,,,,,,,,,,,,,,,,,"21,33","NEW rental,docomo FS050W 無制限"
1674,15837,380,2982,Insurance [YES] / Additional Battery [YES],47-48Days (Value Rental Pack:2Months Pack),,,docomo FS050W Unlimited Data,1,,,,,,,,*,,*,,,,,,,,,,,,,,,,,,,,,,,,0,1,df_060_in_bt,,1,,27650,28200,,5,,,,,,,,,,,,,,,,,"21,33","NEW rental,docomo FS050W 無制限"
1674,15841,380,2983,Insurance [YES] / Additional Battery [YES],48-49Days (Value Rental Pack:2Months Pack),,,docomo FS050W Unlimited Data,1,,,,,,,,*,,*,,,,,,,,,,,,,,,,,,,,,,,,0,1,df_060_in_bt,,1,,27650,28200,,5,,,,,,,,,,,,,,,,,"21,33","NEW rental,docomo FS050W 無制限"
1674,15845,380,2984,Insurance [YES] / Additional Battery [YES],49-50Days (Value Rental Pack:2Months Pack),,,docomo FS050W Unlimited Data,1,,,,,,,,*,,*,,,,,,,,,,,,,,,,,,,,,,,,0,1,df_060_in_bt,,1,,27650,28200,,5,,,,,,,,,,,,,,,,,"21,33","NEW rental,docomo FS050W 無制限"
1674,15849,380,2985,Insurance [YES] / Additional Battery [YES],50-51Days (Value Rental Pack:2Months Pack),,,docomo FS050W Unlimited Data,1,,,,,,,,*,,*,,,,,,,,,,,,,,,,,,,,,,,,0,1,df_060_in_bt,,1,,27650,28200,,5,,,,,,,,,,,,,,,,,"21,33","NEW rental,docomo FS050W 無制限"
1674,15853,380,2986,Insurance [YES] / Additional Battery [YES],51-52Days (Value Rental Pack:2Months Pack),,,docomo FS050W Unlimited Data,1,,,,,,,,*,,*,,,,,,,,,,,,,,,,,,,,,,,,0,1,df_060_in_bt,,1,,27650,28200,,5,,,,,,,,,,,,,,,,,"21,33","NEW rental,docomo FS050W 無制限"
1674,15857,380,2987,Insurance [YES] / Additional Battery [YES],52-53Days (Value Rental Pack:2Months Pack),,,docomo FS050W Unlimited Data,1,,,,,,,,*,,*,,,,,,,,,,,,,,,,,,,,,,,,0,1,df_060_in_bt,,1,,27650,28200,,5,,,,,,,,,,,,,,,,,"21,33","NEW rental,docomo FS050W 無制限"
1674,15861,380,2988,Insurance [YES] / Additional Battery [YES],53-54Days (Value Rental Pack:2Months Pack),,,docomo FS050W Unlimited Data,1,,,,,,,,*,,*,,,,,,,,,,,,,,,,,,,,,,,,0,1,df_060_in_bt,,1,,27650,28200,,5,,,,,,,,,,,,,,,,,"21,33","NEW rental,docomo FS050W 無制限"
1674,15865,380,2989,Insurance [YES] / Additional Battery [YES],54-55Days (Value Rental Pack:2Months Pack),,,docomo FS050W Unlimited Data,1,,,,,,,,*,,*,,,,,,,,,,,,,,,,,,,,,,,,0,1,df_060_in_bt,,1,,27650,28200,,5,,,,,,,,,,,,,,,,,"21,33","NEW rental,docomo FS050W 無制限"
1674,15869,380,2990,Insurance [YES] / Additional Battery [YES],55-56Days (Value Rental Pack:2Months Pack),,,docomo FS050W Unlimited Data,1,,,,,,,,*,,*,,,,,,,,,,,,,,,,,,,,,,,,0,1,df_060_in_bt,,1,,27650,28200,,5,,,,,,,,,,,,,,,,,"21,33","NEW rental,docomo FS050W 無制限"
1674,15873,380,2991,Insurance [YES] / Additional Battery [YES],56-57Days (Value Rental Pack:2Months Pack),,,docomo FS050W Unlimited Data,1,,,,,,,,*,,*,,,,,,,,,,,,,,,,,,,,,,,,0,1,df_060_in_bt,,1,,27650,28200,,5,,,,,,,,,,,,,,,,,"21,33","NEW rental,docomo FS050W 無制限"
1674,15877,380,2992,Insurance [YES] / Additional Battery [YES],57-58Days (Value Rental Pack:2Months Pack),,,docomo FS050W Unlimited Data,1,,,,,,,,*,,*,,,,,,,,,,,,,,,,,,,,,,,,0,1,df_060_in_bt,,1,,27650,28200,,5,,,,,,,,,,,,,,,,,"21,33","NEW rental,docomo FS050W 無制限"
1674,15881,380,2993,Insurance [YES] / Additional Battery [YES],58-59Days (Value Rental Pack:2Months Pack),,,docomo FS050W Unlimited Data,1,,,,,,,,*,,*,,,,,,,,,,,,,,,,,,,,,,,,0,1,df_060_in_bt,,1,,27650,28200,,5,,,,,,,,,,,,,,,,,"21,33","NEW rental,docomo FS050W 無制限"
1674,15885,380,2994,Insurance [YES] / Additional Battery [YES],59-60Days (Value Rental Pack:2Months Pack),,,docomo FS050W Unlimited Data,1,,,,,,,,*,,*,,,,,,,,,,,,,,,,,,,,,,,,0,1,df_060_in_bt,,1,,27650,28200,,5,,,,,,,,,,,,,,,,,"21,33","NEW rental,docomo FS050W 無制限"
1674,15889,380,2995,Insurance [YES] / Additional Battery [YES],60-61Days (Value Rental Pack:2Months Pack),,,docomo FS050W Unlimited Data,1,,,,,,,,*,,*,,,,,,,,,,,,,,,,,,,,,,,,0,1,df_060_in_bt,,1,,27650,28200,,5,,,,,,,,,,,,,,,,,"21,33","NEW rental,docomo FS050W 無制限"
1674,15893,380,2996,Insurance [YES] / Additional Battery [YES],61-62Days (Value Rental Pack:2Months Pack＋1Day),,,docomo FS050W Unlimited Data,1,,,,,,,,*,,*,,,,,,,,,,,,,,,,,,,,,,,,0,1,df_061_in_bt,,1,,28690,29240,,5,,,,,,,,,,,,,,,,,"21,33","NEW rental,docomo FS050W 無制限"
1674,15897,380,2997,Insurance [YES] / Additional Battery [YES],62-63Days (Value Rental Pack:2Months Pack＋2Days),,,docomo FS050W Unlimited Data,1,,,,,,,,*,,*,,,,,,,,,,,,,,,,,,,,,,,,0,1,df_062_in_bt,,1,,29730,30280,,5,,,,,,,,,,,,,,,,,"21,33","NEW rental,docomo FS050W 無制限"
1674,15901,380,2998,Insurance [YES] / Additional Battery [YES],63-64Days (Value Rental Pack:2Months Pack＋3Days),,,docomo FS050W Unlimited Data,1,,,,,,,,*,,*,,,,,,,,,,,,,,,,,,,,,,,,0,1,df_063_in_bt,,1,,30770,31320,,5,,,,,,,,,,,,,,,,,"21,33","NEW rental,docomo FS050W 無制限"
1674,15905,380,2999,Insurance [YES] / Additional Battery [YES],64-65Days (Value Rental Pack:2Months Pack＋4Days),,,docomo FS050W Unlimited Data,1,,,,,,,,*,,*,,,,,,,,,,,,,,,,,,,,,,,,0,1,df_064_in_bt,,1,,31810,32360,,5,,,,,,,,,,,,,,,,,"21,33","NEW rental,docomo FS050W 無制限"
1674,15909,380,3000,Insurance [YES] / Additional Battery [YES],65-66Days (Value Rental Pack:2Months Pack＋5Days),,,docomo FS050W Unlimited Data,1,,,,,,,,*,,*,,,,,,,,,,,,,,,,,,,,,,,,0,1,df_065_in_bt,,1,,32850,33400,,5,,,,,,,,,,,,,,,,,"21,33","NEW rental,docomo FS050W 無制限"
1674,15913,380,3001,Insurance [YES] / Additional Battery [YES],66-67Days (Value Rental Pack:2Months Pack＋6Days),,,docomo FS050W Unlimited Data,1,,,,,,,,*,,*,,,,,,,,,,,,,,,,,,,,,,,,0,1,df_066_in_bt,,1,,33890,34440,,5,,,,,,,,,,,,,,,,,"21,33","NEW rental,docomo FS050W 無制限"
1674,15917,380,3002,Insurance [YES] / Additional Battery [YES],67-68Days (Value Rental Pack:2Months Pack＋7Days),,,docomo FS050W Unlimited Data,1,,,,,,,,*,,*,,,,,,,,,,,,,,,,,,,,,,,,0,1,df_067_in_bt,,1,,34880,35430,,5,,,,,,,,,,,,,,,,,"21,33","NEW rental,docomo FS050W 無制限"
1674,15921,380,3003,Insurance [YES] / Additional Battery [YES],68-69Days (Value Rental Pack:2Months Pack＋8Days),,,docomo FS050W Unlimited Data,1,,,,,,,,*,,*,,,,,,,,,,,,,,,,,,,,,,,,0,1,df_068_in_bt,,1,,35870,36420,,5,,,,,,,,,,,,,,,,,"21,33","NEW rental,docomo FS050W 無制限"
1674,15925,380,3004,Insurance [YES] / Additional Battery [YES],69-70Days (Value Rental Pack:2Months Pack＋9Days),,,docomo FS050W Unlimited Data,1,,,,,,,,*,,*,,,,,,,,,,,,,,,,,,,,,,,,0,1,df_069_in_bt,,1,,36860,37410,,5,,,,,,,,,,,,,,,,,"21,33","NEW rental,docomo FS050W 無制限"
1674,15929,380,3005,Insurance [YES] / Additional Battery [YES],70-71Days (Value Rental Pack:2Months Pack＋10Days),,,docomo FS050W Unlimited Data,1,,,,,,,,*,,*,,,,,,,,,,,,,,,,,,,,,,,,0,1,df_070_in_bt,,1,,37850,38400,,5,,,,,,,,,,,,,,,,,"21,33","NEW rental,docomo FS050W 無制限"
1674,15933,380,3006,Insurance [YES] / Additional Battery [YES],71-72Days (Value Rental Pack:3Months Pack),,,docomo FS050W Unlimited Data,1,,,,,,,,*,,*,,,,,,,,,,,,,,,,,,,,,,,,0,1,df_090_in_bt,,1,,38550,39100,,5,,,,,,,,,,,,,,,,,"21,33","NEW rental,docomo FS050W 無制限"
1674,15937,380,3007,Insurance [YES] / Additional Battery [YES],72-73Days (Value Rental Pack:3Months Pack),,,docomo FS050W Unlimited Data,1,,,,,,,,*,,*,,,,,,,,,,,,,,,,,,,,,,,,0,1,df_090_in_bt,,1,,38550,39100,,5,,,,,,,,,,,,,,,,,"21,33","NEW rental,docomo FS050W 無制限"
1674,15941,380,3008,Insurance [YES] / Additional Battery [YES],73-74Days (Value Rental Pack:3Months Pack),,,docomo FS050W Unlimited Data,1,,,,,,,,*,,*,,,,,,,,,,,,,,,,,,,,,,,,0,1,df_090_in_bt,,1,,38550,39100,,5,,,,,,,,,,,,,,,,,"21,33","NEW rental,docomo FS050W 無制限"
1674,15945,380,3009,Insurance [YES] / Additional Battery [YES],74-75Days (Value Rental Pack:3Months Pack),,,docomo FS050W Unlimited Data,1,,,,,,,,*,,*,,,,,,,,,,,,,,,,,,,,,,,,0,1,df_090_in_bt,,1,,38550,39100,,5,,,,,,,,,,,,,,,,,"21,33","NEW rental,docomo FS050W 無制限"
1674,15949,380,3010,Insurance [YES] / Additional Battery [YES],75-76Days (Value Rental Pack:3Months Pack),,,docomo FS050W Unlimited Data,1,,,,,,,,*,,*,,,,,,,,,,,,,,,,,,,,,,,,0,1,df_090_in_bt,,1,,38550,39100,,5,,,,,,,,,,,,,,,,,"21,33","NEW rental,docomo FS050W 無制限"
1674,15953,380,3011,Insurance [YES] / Additional Battery [YES],76-77Days (Value Rental Pack:3Months Pack),,,docomo FS050W Unlimited Data,1,,,,,,,,*,,*,,,,,,,,,,,,,,,,,,,,,,,,0,1,df_090_in_bt,,1,,38550,39100,,5,,,,,,,,,,,,,,,,,"21,33","NEW rental,docomo FS050W 無制限"
1674,15957,380,3012,Insurance [YES] / Additional Battery [YES],77-78Days (Value Rental Pack:3Months Pack),,,docomo FS050W Unlimited Data,1,,,,,,,,*,,*,,,,,,,,,,,,,,,,,,,,,,,,0,1,df_090_in_bt,,1,,38550,39100,,5,,,,,,,,,,,,,,,,,"21,33","NEW rental,docomo FS050W 無制限"
1674,15961,380,3013,Insurance [YES] / Additional Battery [YES],78-79Days (Value Rental Pack:3Months Pack),,,docomo FS050W Unlimited Data,1,,,,,,,,*,,*,,,,,,,,,,,,,,,,,,,,,,,,0,1,df_090_in_bt,,1,,38550,39100,,5,,,,,,,,,,,,,,,,,"21,33","NEW rental,docomo FS050W 無制限"
1674,15965,380,3014,Insurance [YES] / Additional Battery [YES],79-80Days (Value Rental Pack:3Months Pack),,,docomo FS050W Unlimited Data,1,,,,,,,,*,,*,,,,,,,,,,,,,,,,,,,,,,,,0,1,df_090_in_bt,,1,,38550,39100,,5,,,,,,,,,,,,,,,,,"21,33","NEW rental,docomo FS050W 無制限"
1674,15969,380,3015,Insurance [YES] / Additional Battery [YES],80-81Days (Value Rental Pack:3Months Pack),,,docomo FS050W Unlimited Data,1,,,,,,,,*,,*,,,,,,,,,,,,,,,,,,,,,,,,0,1,df_090_in_bt,,1,,38550,39100,,5,,,,,,,,,,,,,,,,,"21,33","NEW rental,docomo FS050W 無制限"
1674,15973,380,3016,Insurance [YES] / Additional Battery [YES],81-82Days (Value Rental Pack:3Months Pack),,,docomo FS050W Unlimited Data,1,,,,,,,,*,,*,,,,,,,,,,,,,,,,,,,,,,,,0,1,df_090_in_bt,,1,,38550,39100,,5,,,,,,,,,,,,,,,,,"21,33","NEW rental,docomo FS050W 無制限"
1674,15977,380,3017,Insurance [YES] / Additional Battery [YES],82-83Days (Value Rental Pack:3Months Pack),,,docomo FS050W Unlimited Data,1,,,,,,,,*,,*,,,,,,,,,,,,,,,,,,,,,,,,0,1,df_090_in_bt,,1,,38550,39100,,5,,,,,,,,,,,,,,,,,"21,33","NEW rental,docomo FS050W 無制限"
1674,15981,380,3018,Insurance [YES] / Additional Battery [YES],83-84Days (Value Rental Pack:3Months Pack),,,docomo FS050W Unlimited Data,1,,,,,,,,*,,*,,,,,,,,,,,,,,,,,,,,,,,,0,1,df_090_in_bt,,1,,38550,39100,,5,,,,,,,,,,,,,,,,,"21,33","NEW rental,docomo FS050W 無制限"
1674,15985,380,3019,Insurance [YES] / Additional Battery [YES],84-85Days (Value Rental Pack:3Months Pack),,,docomo FS050W Unlimited Data,1,,,,,,,,*,,*,,,,,,,,,,,,,,,,,,,,,,,,0,1,df_090_in_bt,,1,,38550,39100,,5,,,,,,,,,,,,,,,,,"21,33","NEW rental,docomo FS050W 無制限"
1674,15989,380,3020,Insurance [YES] / Additional Battery [YES],85-86Days (Value Rental Pack:3Months Pack),,,docomo FS050W Unlimited Data,1,,,,,,,,*,,*,,,,,,,,,,,,,,,,,,,,,,,,0,1,df_090_in_bt,,1,,38550,39100,,5,,,,,,,,,,,,,,,,,"21,33","NEW rental,docomo FS050W 無制限"
1674,15993,380,3021,Insurance [YES] / Additional Battery [YES],86-87Days (Value Rental Pack:3Months Pack),,,docomo FS050W Unlimited Data,1,,,,,,,,*,,*,,,,,,,,,,,,,,,,,,,,,,,,0,1,df_090_in_bt,,1,,38550,39100,,5,,,,,,,,,,,,,,,,,"21,33","NEW rental,docomo FS050W 無制限"
1674,15997,380,3022,Insurance [YES] / Additional Battery [YES],87-88Days (Value Rental Pack:3Months Pack),,,docomo FS050W Unlimited Data,1,,,,,,,,*,,*,,,,,,,,,,,,,,,,,,,,,,,,0,1,df_090_in_bt,,1,,38550,39100,,5,,,,,,,,,,,,,,,,,"21,33","NEW rental,docomo FS050W 無制限"
1674,16001,380,3023,Insurance [YES] / Additional Battery [YES],88-89Days (Value Rental Pack:3Months Pack),,,docomo FS050W Unlimited Data,1,,,,,,,,*,,*,,,,,,,,,,,,,,,,,,,,,,,,0,1,df_090_in_bt,,1,,38550,39100,,5,,,,,,,,,,,,,,,,,"21,33","NEW rental,docomo FS050W 無制限"
1674,16005,380,3024,Insurance [YES] / Additional Battery [YES],89-90Days (Value Rental Pack:3Months Pack),,,docomo FS050W Unlimited Data,1,,,,,,,,*,,*,,,,,,,,,,,,,,,,,,,,,,,,0,1,df_090_in_bt,,1,,38550,39100,,5,,,,,,,,,,,,,,,,,"21,33","NEW rental,docomo FS050W 無制限"
1674,16009,380,3025,Insurance [YES] / Additional Battery [YES],90-91Days (Value Rental Pack:3Months Pack),,,docomo FS050W Unlimited Data,1,,,,,,,,*,,*,,,,,,,,,,,,,,,,,,,,,,,,0,1,df_090_in_bt,,1,,38550,39100,,5,,,,,,,,,,,,,,,,,"21,33","NEW rental,docomo FS050W 無制限"
1674,16013,380,3026,Insurance [YES] / Additional Battery [YES],91-92Days (Value Rental Pack:3Months Pack＋1Day),,,docomo FS050W Unlimited Data,1,,,,,,,,*,,*,,,,,,,,,,,,,,,,,,,,,,,,0,1,df_091_in_bt,,1,,39590,40140,,5,,,,,,,,,,,,,,,,,"21,33","NEW rental,docomo FS050W 無制限"
1674,16017,380,3027,Insurance [YES] / Additional Battery [YES],92-93Days (Value Rental Pack:3Months Pack＋2Days),,,docomo FS050W Unlimited Data,1,,,,,,,,*,,*,,,,,,,,,,,,,,,,,,,,,,,,0,1,df_092_in_bt,,1,,40630,41180,,5,,,,,,,,,,,,,,,,,"21,33","NEW rental,docomo FS050W 無制限"
1674,16021,380,3028,Insurance [YES] / Additional Battery [YES],93-94Days (Value Rental Pack:3Months Pack＋3Days),,,docomo FS050W Unlimited Data,1,,,,,,,,*,,*,,,,,,,,,,,,,,,,,,,,,,,,0,1,df_093_in_bt,,1,,41670,42220,,5,,,,,,,,,,,,,,,,,"21,33","NEW rental,docomo FS050W 無制限"
1674,16025,380,3029,Insurance [YES] / Additional Battery [YES],94-95Days (Value Rental Pack:3Months Pack＋4Days),,,docomo FS050W Unlimited Data,1,,,,,,,,*,,*,,,,,,,,,,,,,,,,,,,,,,,,0,1,df_094_in_bt,,1,,42710,43260,,5,,,,,,,,,,,,,,,,,"21,33","NEW rental,docomo FS050W 無制限"
1674,16029,380,3030,Insurance [YES] / Additional Battery [YES],95-96Days (Value Rental Pack:3Months Pack＋5Days),,,docomo FS050W Unlimited Data,1,,,,,,,,*,,*,,,,,,,,,,,,,,,,,,,,,,,,0,1,df_095_in_bt,,1,,43750,44300,,5,,,,,,,,,,,,,,,,,"21,33","NEW rental,docomo FS050W 無制限"
1674,16033,380,3031,Insurance [YES] / Additional Battery [YES],96-97Days (Value Rental Pack:3Months Pack＋6Days),,,docomo FS050W Unlimited Data,1,,,,,,,,*,,*,,,,,,,,,,,,,,,,,,,,,,,,0,1,df_096_in_bt,,1,,44790,45340,,5,,,,,,,,,,,,,,,,,"21,33","NEW rental,docomo FS050W 無制限"
1674,16037,380,3032,Insurance [YES] / Additional Battery [YES],97-98Days (Value Rental Pack:3Months Pack＋7Days),,,docomo FS050W Unlimited Data,1,,,,,,,,*,,*,,,,,,,,,,,,,,,,,,,,,,,,0,1,df_097_in_bt,,1,,45780,46330,,5,,,,,,,,,,,,,,,,,"21,33","NEW rental,docomo FS050W 無制限"
1674,16041,380,3033,Insurance [YES] / Additional Battery [YES],98-99Days (Value Rental Pack:3Months Pack＋8Days),,,docomo FS050W Unlimited Data,1,,,,,,,,*,,*,,,,,,,,,,,,,,,,,,,,,,,,0,1,df_098_in_bt,,1,,46770,47320,,5,,,,,,,,,,,,,,,,,"21,33","NEW rental,docomo FS050W 無制限"
1674,16045,380,3034,Insurance [YES] / Additional Battery [YES],99-100Days (Value Rental Pack:3Months Pack＋9Days),,,docomo FS050W Unlimited Data,1,,,,,,,,*,,*,,,,,,,,,,,,,,,,,,,,,,,,0,1,df_099_in_bt,,1,,47760,48310,,5,,,,,,,,,,,,,,,,,"21,33","NEW rental,docomo FS050W 無制限"
1674,16049,380,3035,Insurance [YES] / Additional Battery [YES],100-101Days (Value Rental Pack:4Months Pack),,,docomo FS050W Unlimited Data,1,,,,,,,,*,,*,,,,,,,,,,,,,,,,,,,,,,,,0,1,df_120_in_bt,,1,,48350,48900,,5,,,,,,,,,,,,,,,,,"21,33","NEW rental,docomo FS050W 無制限"
1674,16053,380,3036,Insurance [YES] / Additional Battery [YES],101-102Days (Value Rental Pack:4Months Pack),,,docomo FS050W Unlimited Data,1,,,,,,,,*,,*,,,,,,,,,,,,,,,,,,,,,,,,0,1,df_120_in_bt,,1,,48350,48900,,5,,,,,,,,,,,,,,,,,"21,33","NEW rental,docomo FS050W 無制限"
1674,16057,380,3037,Insurance [YES] / Additional Battery [YES],102-103Days (Value Rental Pack:4Months Pack),,,docomo FS050W Unlimited Data,1,,,,,,,,*,,*,,,,,,,,,,,,,,,,,,,,,,,,0,1,df_120_in_bt,,1,,48350,48900,,5,,,,,,,,,,,,,,,,,"21,33","NEW rental,docomo FS050W 無制限"
1674,16061,380,3038,Insurance [YES] / Additional Battery [YES],103-104Days (Value Rental Pack:4Months Pack),,,docomo FS050W Unlimited Data,1,,,,,,,,*,,*,,,,,,,,,,,,,,,,,,,,,,,,0,1,df_120_in_bt,,1,,48350,48900,,5,,,,,,,,,,,,,,,,,"21,33","NEW rental,docomo FS050W 無制限"
1674,16065,380,3039,Insurance [YES] / Additional Battery [YES],104-105Days (Value Rental Pack:4Months Pack),,,docomo FS050W Unlimited Data,1,,,,,,,,*,,*,,,,,,,,,,,,,,,,,,,,,,,,0,1,df_120_in_bt,,1,,48350,48900,,5,,,,,,,,,,,,,,,,,"21,33","NEW rental,docomo FS050W 無制限"
1674,16069,380,3040,Insurance [YES] / Additional Battery [YES],105-106Days (Value Rental Pack:4Months Pack),,,docomo FS050W Unlimited Data,1,,,,,,,,*,,*,,,,,,,,,,,,,,,,,,,,,,,,0,1,df_120_in_bt,,1,,48350,48900,,5,,,,,,,,,,,,,,,,,"21,33","NEW rental,docomo FS050W 無制限"
1674,16073,380,3041,Insurance [YES] / Additional Battery [YES],106-107Days (Value Rental Pack:4Months Pack),,,docomo FS050W Unlimited Data,1,,,,,,,,*,,*,,,,,,,,,,,,,,,,,,,,,,,,0,1,df_120_in_bt,,1,,48350,48900,,5,,,,,,,,,,,,,,,,,"21,33","NEW rental,docomo FS050W 無制限"
1674,16077,380,3042,Insurance [YES] / Additional Battery [YES],107-108Days (Value Rental Pack:4Months Pack),,,docomo FS050W Unlimited Data,1,,,,,,,,*,,*,,,,,,,,,,,,,,,,,,,,,,,,0,1,df_120_in_bt,,1,,48350,48900,,5,,,,,,,,,,,,,,,,,"21,33","NEW rental,docomo FS050W 無制限"
1674,16081,380,3043,Insurance [YES] / Additional Battery [YES],108-109Days (Value Rental Pack:4Months Pack),,,docomo FS050W Unlimited Data,1,,,,,,,,*,,*,,,,,,,,,,,,,,,,,,,,,,,,0,1,df_120_in_bt,,1,,48350,48900,,5,,,,,,,,,,,,,,,,,"21,33","NEW rental,docomo FS050W 無制限"
1674,16085,380,3044,Insurance [YES] / Additional Battery [YES],109-110Days (Value Rental Pack:4Months Pack),,,docomo FS050W Unlimited Data,1,,,,,,,,*,,*,,,,,,,,,,,,,,,,,,,,,,,,0,1,df_120_in_bt,,1,,48350,48900,,5,,,,,,,,,,,,,,,,,"21,33","NEW rental,docomo FS050W 無制限"
1674,16089,380,3045,Insurance [YES] / Additional Battery [YES],110-111Days (Value Rental Pack:4Months Pack),,,docomo FS050W Unlimited Data,1,,,,,,,,*,,*,,,,,,,,,,,,,,,,,,,,,,,,0,1,df_120_in_bt,,1,,48350,48900,,5,,,,,,,,,,,,,,,,,"21,33","NEW rental,docomo FS050W 無制限"
1674,16093,380,3046,Insurance [YES] / Additional Battery [YES],111-112Days (Value Rental Pack:4Months Pack),,,docomo FS050W Unlimited Data,1,,,,,,,,*,,*,,,,,,,,,,,,,,,,,,,,,,,,0,1,df_120_in_bt,,1,,48350,48900,,5,,,,,,,,,,,,,,,,,"21,33","NEW rental,docomo FS050W 無制限"
1674,16097,380,3047,Insurance [YES] / Additional Battery [YES],112-113Days (Value Rental Pack:4Months Pack),,,docomo FS050W Unlimited Data,1,,,,,,,,*,,*,,,,,,,,,,,,,,,,,,,,,,,,0,1,df_120_in_bt,,1,,48350,48900,,5,,,,,,,,,,,,,,,,,"21,33","NEW rental,docomo FS050W 無制限"
1674,16101,380,3048,Insurance [YES] / Additional Battery [YES],113-114Days (Value Rental Pack:4Months Pack),,,docomo FS050W Unlimited Data,1,,,,,,,,*,,*,,,,,,,,,,,,,,,,,,,,,,,,0,1,df_120_in_bt,,1,,48350,48900,,5,,,,,,,,,,,,,,,,,"21,33","NEW rental,docomo FS050W 無制限"
1674,16105,380,3049,Insurance [YES] / Additional Battery [YES],114-115Days (Value Rental Pack:4Months Pack),,,docomo FS050W Unlimited Data,1,,,,,,,,*,,*,,,,,,,,,,,,,,,,,,,,,,,,0,1,df_120_in_bt,,1,,48350,48900,,5,,,,,,,,,,,,,,,,,"21,33","NEW rental,docomo FS050W 無制限"
1674,16109,380,3050,Insurance [YES] / Additional Battery [YES],115-116Days (Value Rental Pack:4Months Pack),,,docomo FS050W Unlimited Data,1,,,,,,,,*,,*,,,,,,,,,,,,,,,,,,,,,,,,0,1,df_120_in_bt,,1,,48350,48900,,5,,,,,,,,,,,,,,,,,"21,33","NEW rental,docomo FS050W 無制限"
1674,16113,380,3051,Insurance [YES] / Additional Battery [YES],116-117Days (Value Rental Pack:4Months Pack),,,docomo FS050W Unlimited Data,1,,,,,,,,*,,*,,,,,,,,,,,,,,,,,,,,,,,,0,1,df_120_in_bt,,1,,48350,48900,,5,,,,,,,,,,,,,,,,,"21,33","NEW rental,docomo FS050W 無制限"
1674,16117,380,3052,Insurance [YES] / Additional Battery [YES],117-118Days (Value Rental Pack:4Months Pack),,,docomo FS050W Unlimited Data,1,,,,,,,,*,,*,,,,,,,,,,,,,,,,,,,,,,,,0,1,df_120_in_bt,,1,,48350,48900,,5,,,,,,,,,,,,,,,,,"21,33","NEW rental,docomo FS050W 無制限"
1674,16121,380,3053,Insurance [YES] / Additional Battery [YES],118-119Days (Value Rental Pack:4Months Pack),,,docomo FS050W Unlimited Data,1,,,,,,,,*,,*,,,,,,,,,,,,,,,,,,,,,,,,0,1,df_120_in_bt,,1,,48350,48900,,5,,,,,,,,,,,,,,,,,"21,33","NEW rental,docomo FS050W 無制限"
1674,16125,380,3054,Insurance [YES] / Additional Battery [YES],119-120Days (Value Rental Pack:4Months Pack),,,docomo FS050W Unlimited Data,1,,,,,,,,*,,*,,,,,,,,,,,,,,,,,,,,,,,,0,1,df_120_in_bt,,1,,48350,48900,,5,,,,,,,,,,,,,,,,,"21,33","NEW rental,docomo FS050W 無制限"
1674,16129,380,3055,Insurance [YES] / Additional Battery [YES],120-121Days (Value Rental Pack:4Months Pack),,,docomo FS050W Unlimited Data,1,,,,,,,,*,,*,,,,,,,,,,,,,,,,,,,,,,,,0,1,df_120_in_bt,,1,,48350,48900,,5,,,,,,,,,,,,,,,,,"21,33","NEW rental,docomo FS050W 無制限"
1674,16133,380,3056,Insurance [YES] / Additional Battery [YES],121-122Days (Value Rental Pack:4Months Pack＋1Day),,,docomo FS050W Unlimited Data,1,,,,,,,,*,,*,,,,,,,,,,,,,,,,,,,,,,,,0,1,df_121_in_bt,,1,,49390,49940,,5,,,,,,,,,,,,,,,,,"21,33","NEW rental,docomo FS050W 無制限"
1674,16137,380,3057,Insurance [YES] / Additional Battery [YES],122-123Days (Value Rental Pack:4Months Pack＋2Days),,,docomo FS050W Unlimited Data,1,,,,,,,,*,,*,,,,,,,,,,,,,,,,,,,,,,,,0,1,df_122_in_bt,,1,,50430,50980,,5,,,,,,,,,,,,,,,,,"21,33","NEW rental,docomo FS050W 無制限"
1674,16141,380,3058,Insurance [YES] / Additional Battery [YES],123-124Days (Value Rental Pack:4Months Pack＋3Days),,,docomo FS050W Unlimited Data,1,,,,,,,,*,,*,,,,,,,,,,,,,,,,,,,,,,,,0,1,df_123_in_bt,,1,,51470,52020,,5,,,,,,,,,,,,,,,,,"21,33","NEW rental,docomo FS050W 無制限"
1674,16145,380,3059,Insurance [YES] / Additional Battery [YES],124-125Days (Value Rental Pack:4Months Pack＋4Days),,,docomo FS050W Unlimited Data,1,,,,,,,,*,,*,,,,,,,,,,,,,,,,,,,,,,,,0,1,df_124_in_bt,,1,,52510,53060,,5,,,,,,,,,,,,,,,,,"21,33","NEW rental,docomo FS050W 無制限"
1674,16149,380,3060,Insurance [YES] / Additional Battery [YES],125-126Days (Value Rental Pack:4Months Pack＋5Days),,,docomo FS050W Unlimited Data,1,,,,,,,,*,,*,,,,,,,,,,,,,,,,,,,,,,,,0,1,df_125_in_bt,,1,,53550,54100,,5,,,,,,,,,,,,,,,,,"21,33","NEW rental,docomo FS050W 無制限"
1674,16153,380,3061,Insurance [YES] / Additional Battery [YES],126-127Days (Value Rental Pack:4Months Pack＋6Days),,,docomo FS050W Unlimited Data,1,,,,,,,,*,,*,,,,,,,,,,,,,,,,,,,,,,,,0,1,df_126_in_bt,,1,,54590,55140,,5,,,,,,,,,,,,,,,,,"21,33","NEW rental,docomo FS050W 無制限"
1674,16157,380,3062,Insurance [YES] / Additional Battery [YES],127-128Days (Value Rental Pack:4Months Pack＋7Days),,,docomo FS050W Unlimited Data,1,,,,,,,,*,,*,,,,,,,,,,,,,,,,,,,,,,,,0,1,df_127_in_bt,,1,,55580,56130,,5,,,,,,,,,,,,,,,,,"21,33","NEW rental,docomo FS050W 無制限"
1674,16161,380,3063,Insurance [YES] / Additional Battery [YES],128-129Days (Value Rental Pack:4Months Pack＋8Days),,,docomo FS050W Unlimited Data,1,,,,,,,,*,,*,,,,,,,,,,,,,,,,,,,,,,,,0,1,df_128_in_bt,,1,,56570,57120,,5,,,,,,,,,,,,,,,,,"21,33","NEW rental,docomo FS050W 無制限"
1674,16165,380,3064,Insurance [YES] / Additional Battery [YES],129-130Days (Value Rental Pack:4Months Pack＋9Days),,,docomo FS050W Unlimited Data,1,,,,,,,,*,,*,,,,,,,,,,,,,,,,,,,,,,,,0,1,df_129_in_bt,,1,,57560,58110,,5,,,,,,,,,,,,,,,,,"21,33","NEW rental,docomo FS050W 無制限"
1674,16169,380,3065,Insurance [YES] / Additional Battery [YES],130-131Days (Value Rental Pack:5Months Pack),,,docomo FS050W Unlimited Data,1,,,,,,,,*,,*,,,,,,,,,,,,,,,,,,,,,,,,0,1,df_150_in_bt,,1,,58050,58600,,5,,,,,,,,,,,,,,,,,"21,33","NEW rental,docomo FS050W 無制限"
1674,16173,380,3066,Insurance [YES] / Additional Battery [YES],131-132Days (Value Rental Pack:5Months Pack),,,docomo FS050W Unlimited Data,1,,,,,,,,*,,*,,,,,,,,,,,,,,,,,,,,,,,,0,1,df_150_in_bt,,1,,58050,58600,,5,,,,,,,,,,,,,,,,,"21,33","NEW rental,docomo FS050W 無制限"
1674,16177,380,3067,Insurance [YES] / Additional Battery [YES],132-133Days (Value Rental Pack:5Months Pack),,,docomo FS050W Unlimited Data,1,,,,,,,,*,,*,,,,,,,,,,,,,,,,,,,,,,,,0,1,df_150_in_bt,,1,,58050,58600,,5,,,,,,,,,,,,,,,,,"21,33","NEW rental,docomo FS050W 無制限"
1674,16181,380,3068,Insurance [YES] / Additional Battery [YES],133-134Days (Value Rental Pack:5Months Pack),,,docomo FS050W Unlimited Data,1,,,,,,,,*,,*,,,,,,,,,,,,,,,,,,,,,,,,0,1,df_150_in_bt,,1,,58050,58600,,5,,,,,,,,,,,,,,,,,"21,33","NEW rental,docomo FS050W 無制限"
1674,16185,380,3069,Insurance [YES] / Additional Battery [YES],134-135Days (Value Rental Pack:5Months Pack),,,docomo FS050W Unlimited Data,1,,,,,,,,*,,*,,,,,,,,,,,,,,,,,,,,,,,,0,1,df_150_in_bt,,1,,58050,58600,,5,,,,,,,,,,,,,,,,,"21,33","NEW rental,docomo FS050W 無制限"
1674,16189,380,3070,Insurance [YES] / Additional Battery [YES],135-136Days (Value Rental Pack:5Months Pack),,,docomo FS050W Unlimited Data,1,,,,,,,,*,,*,,,,,,,,,,,,,,,,,,,,,,,,0,1,df_150_in_bt,,1,,58050,58600,,5,,,,,,,,,,,,,,,,,"21,33","NEW rental,docomo FS050W 無制限"
1674,16193,380,3071,Insurance [YES] / Additional Battery [YES],136-137Days (Value Rental Pack:5Months Pack),,,docomo FS050W Unlimited Data,1,,,,,,,,*,,*,,,,,,,,,,,,,,,,,,,,,,,,0,1,df_150_in_bt,,1,,58050,58600,,5,,,,,,,,,,,,,,,,,"21,33","NEW rental,docomo FS050W 無制限"
1674,16197,380,3072,Insurance [YES] / Additional Battery [YES],137-138Days (Value Rental Pack:5Months Pack),,,docomo FS050W Unlimited Data,1,,,,,,,,*,,*,,,,,,,,,,,,,,,,,,,,,,,,0,1,df_150_in_bt,,1,,58050,58600,,5,,,,,,,,,,,,,,,,,"21,33","NEW rental,docomo FS050W 無制限"
1674,16201,380,3073,Insurance [YES] / Additional Battery [YES],138-139Days (Value Rental Pack:5Months Pack),,,docomo FS050W Unlimited Data,1,,,,,,,,*,,*,,,,,,,,,,,,,,,,,,,,,,,,0,1,df_150_in_bt,,1,,58050,58600,,5,,,,,,,,,,,,,,,,,"21,33","NEW rental,docomo FS050W 無制限"
1674,16205,380,3074,Insurance [YES] / Additional Battery [YES],139-140Days (Value Rental Pack:5Months Pack),,,docomo FS050W Unlimited Data,1,,,,,,,,*,,*,,,,,,,,,,,,,,,,,,,,,,,,0,1,df_150_in_bt,,1,,58050,58600,,5,,,,,,,,,,,,,,,,,"21,33","NEW rental,docomo FS050W 無制限"
1674,16209,380,3075,Insurance [YES] / Additional Battery [YES],140-141Days (Value Rental Pack:5Months Pack),,,docomo FS050W Unlimited Data,1,,,,,,,,*,,*,,,,,,,,,,,,,,,,,,,,,,,,0,1,df_150_in_bt,,1,,58050,58600,,5,,,,,,,,,,,,,,,,,"21,33","NEW rental,docomo FS050W 無制限"
1674,16213,380,3076,Insurance [YES] / Additional Battery [YES],141-142Days (Value Rental Pack:5Months Pack),,,docomo FS050W Unlimited Data,1,,,,,,,,*,,*,,,,,,,,,,,,,,,,,,,,,,,,0,1,df_150_in_bt,,1,,58050,58600,,5,,,,,,,,,,,,,,,,,"21,33","NEW rental,docomo FS050W 無制限"
1674,16217,380,3077,Insurance [YES] / Additional Battery [YES],142-143Days (Value Rental Pack:5Months Pack),,,docomo FS050W Unlimited Data,1,,,,,,,,*,,*,,,,,,,,,,,,,,,,,,,,,,,,0,1,df_150_in_bt,,1,,58050,58600,,5,,,,,,,,,,,,,,,,,"21,33","NEW rental,docomo FS050W 無制限"
1674,16221,380,3078,Insurance [YES] / Additional Battery [YES],143-144Days (Value Rental Pack:5Months Pack),,,docomo FS050W Unlimited Data,1,,,,,,,,*,,*,,,,,,,,,,,,,,,,,,,,,,,,0,1,df_150_in_bt,,1,,58050,58600,,5,,,,,,,,,,,,,,,,,"21,33","NEW rental,docomo FS050W 無制限"
1674,16225,380,3079,Insurance [YES] / Additional Battery [YES],144-145Days (Value Rental Pack:5Months Pack),,,docomo FS050W Unlimited Data,1,,,,,,,,*,,*,,,,,,,,,,,,,,,,,,,,,,,,0,1,df_150_in_bt,,1,,58050,58600,,5,,,,,,,,,,,,,,,,,"21,33","NEW rental,docomo FS050W 無制限"
1674,16229,380,3080,Insurance [YES] / Additional Battery [YES],145-146Days (Value Rental Pack:5Months Pack),,,docomo FS050W Unlimited Data,1,,,,,,,,*,,*,,,,,,,,,,,,,,,,,,,,,,,,0,1,df_150_in_bt,,1,,58050,58600,,5,,,,,,,,,,,,,,,,,"21,33","NEW rental,docomo FS050W 無制限"
1674,16233,380,3081,Insurance [YES] / Additional Battery [YES],146-147Days (Value Rental Pack:5Months Pack),,,docomo FS050W Unlimited Data,1,,,,,,,,*,,*,,,,,,,,,,,,,,,,,,,,,,,,0,1,df_150_in_bt,,1,,58050,58600,,5,,,,,,,,,,,,,,,,,"21,33","NEW rental,docomo FS050W 無制限"
1674,16237,380,3082,Insurance [YES] / Additional Battery [YES],147-148Days (Value Rental Pack:5Months Pack),,,docomo FS050W Unlimited Data,1,,,,,,,,*,,*,,,,,,,,,,,,,,,,,,,,,,,,0,1,df_150_in_bt,,1,,58050,58600,,5,,,,,,,,,,,,,,,,,"21,33","NEW rental,docomo FS050W 無制限"
1674,16241,380,3083,Insurance [YES] / Additional Battery [YES],148-149Days (Value Rental Pack:5Months Pack),,,docomo FS050W Unlimited Data,1,,,,,,,,*,,*,,,,,,,,,,,,,,,,,,,,,,,,0,1,df_150_in_bt,,1,,58050,58600,,5,,,,,,,,,,,,,,,,,"21,33","NEW rental,docomo FS050W 無制限"
1674,16245,380,3084,Insurance [YES] / Additional Battery [YES],149-150Days (Value Rental Pack:5Months Pack),,,docomo FS050W Unlimited Data,1,,,,,,,,*,,*,,,,,,,,,,,,,,,,,,,,,,,,0,1,df_150_in_bt,,1,,58050,58600,,5,,,,,,,,,,,,,,,,,"21,33","NEW rental,docomo FS050W 無制限"
1674,16249,380,3085,Insurance [YES] / Additional Battery [YES],150-151Days (Value Rental Pack:5Months Pack),,,docomo FS050W Unlimited Data,1,,,,,,,,*,,*,,,,,,,,,,,,,,,,,,,,,,,,0,1,df_150_in_bt,,1,,58050,58600,,5,,,,,,,,,,,,,,,,,"21,33","NEW rental,docomo FS050W 無制限"
1674,16253,380,3086,Insurance [YES] / Additional Battery [YES],151-152Days (Value Rental Pack:5Months Pack＋1Day),,,docomo FS050W Unlimited Data,1,,,,,,,,*,,*,,,,,,,,,,,,,,,,,,,,,,,,0,1,df_151_in_bt,,1,,59090,59640,,5,,,,,,,,,,,,,,,,,"21,33","NEW rental,docomo FS050W 無制限"
1674,16257,380,3087,Insurance [YES] / Additional Battery [YES],152-153Days (Value Rental Pack:5Months Pack＋2Days),,,docomo FS050W Unlimited Data,1,,,,,,,,*,,*,,,,,,,,,,,,,,,,,,,,,,,,0,1,df_152_in_bt,,1,,60130,60680,,5,,,,,,,,,,,,,,,,,"21,33","NEW rental,docomo FS050W 無制限"
1674,16261,380,3088,Insurance [YES] / Additional Battery [YES],153-154Days (Value Rental Pack:5Months Pack＋3Days),,,docomo FS050W Unlimited Data,1,,,,,,,,*,,*,,,,,,,,,,,,,,,,,,,,,,,,0,1,df_153_in_bt,,1,,61170,61720,,5,,,,,,,,,,,,,,,,,"21,33","NEW rental,docomo FS050W 無制限"
1674,16265,380,3089,Insurance [YES] / Additional Battery [YES],154-155Days (Value Rental Pack:5Months Pack＋4Days),,,docomo FS050W Unlimited Data,1,,,,,,,,*,,*,,,,,,,,,,,,,,,,,,,,,,,,0,1,df_154_in_bt,,1,,62210,62760,,5,,,,,,,,,,,,,,,,,"21,33","NEW rental,docomo FS050W 無制限"
1674,16269,380,3090,Insurance [YES] / Additional Battery [YES],155-156Days (Value Rental Pack:5Months Pack＋5Days),,,docomo FS050W Unlimited Data,1,,,,,,,,*,,*,,,,,,,,,,,,,,,,,,,,,,,,0,1,df_155_in_bt,,1,,63250,63800,,5,,,,,,,,,,,,,,,,,"21,33","NEW rental,docomo FS050W 無制限"
1674,16273,380,3091,Insurance [YES] / Additional Battery [YES],156-157Days (Value Rental Pack:5Months Pack＋6Days),,,docomo FS050W Unlimited Data,1,,,,,,,,*,,*,,,,,,,,,,,,,,,,,,,,,,,,0,1,df_156_in_bt,,1,,64290,64840,,5,,,,,,,,,,,,,,,,,"21,33","NEW rental,docomo FS050W 無制限"
1674,16277,380,3092,Insurance [YES] / Additional Battery [YES],157-158Days (Value Rental Pack:5Months Pack＋7Days),,,docomo FS050W Unlimited Data,1,,,,,,,,*,,*,,,,,,,,,,,,,,,,,,,,,,,,0,1,df_157_in_bt,,1,,65280,65830,,5,,,,,,,,,,,,,,,,,"21,33","NEW rental,docomo FS050W 無制限"
1674,16281,380,3093,Insurance [YES] / Additional Battery [YES],158-159Days (Value Rental Pack:5Months Pack＋8Days),,,docomo FS050W Unlimited Data,1,,,,,,,,*,,*,,,,,,,,,,,,,,,,,,,,,,,,0,1,df_158_in_bt,,1,,66270,66820,,5,,,,,,,,,,,,,,,,,"21,33","NEW rental,docomo FS050W 無制限"
1674,16285,380,3094,Insurance [YES] / Additional Battery [YES],159-160Days (Value Rental Pack:6Months Pack),,,docomo FS050W Unlimited Data,1,,,,,,,,*,,*,,,,,,,,,,,,,,,,,,,,,,,,0,1,df_180_in_bt,,1,,66650,67200,,5,,,,,,,,,,,,,,,,,"21,33","NEW rental,docomo FS050W 無制限"
1674,16289,380,3095,Insurance [YES] / Additional Battery [YES],160-161Days (Value Rental Pack:6Months Pack),,,docomo FS050W Unlimited Data,1,,,,,,,,*,,*,,,,,,,,,,,,,,,,,,,,,,,,0,1,df_180_in_bt,,1,,66650,67200,,5,,,,,,,,,,,,,,,,,"21,33","NEW rental,docomo FS050W 無制限"
1674,16293,380,3096,Insurance [YES] / Additional Battery [YES],161-162Days (Value Rental Pack:6Months Pack),,,docomo FS050W Unlimited Data,1,,,,,,,,*,,*,,,,,,,,,,,,,,,,,,,,,,,,0,1,df_180_in_bt,,1,,66650,67200,,5,,,,,,,,,,,,,,,,,"21,33","NEW rental,docomo FS050W 無制限"
1674,16297,380,3097,Insurance [YES] / Additional Battery [YES],162-163Days (Value Rental Pack:6Months Pack),,,docomo FS050W Unlimited Data,1,,,,,,,,*,,*,,,,,,,,,,,,,,,,,,,,,,,,0,1,df_180_in_bt,,1,,66650,67200,,5,,,,,,,,,,,,,,,,,"21,33","NEW rental,docomo FS050W 無制限"
1674,16301,380,3098,Insurance [YES] / Additional Battery [YES],163-164Days (Value Rental Pack:6Months Pack),,,docomo FS050W Unlimited Data,1,,,,,,,,*,,*,,,,,,,,,,,,,,,,,,,,,,,,0,1,df_180_in_bt,,1,,66650,67200,,5,,,,,,,,,,,,,,,,,"21,33","NEW rental,docomo FS050W 無制限"
1674,16305,380,3099,Insurance [YES] / Additional Battery [YES],164-165Days (Value Rental Pack:6Months Pack),,,docomo FS050W Unlimited Data,1,,,,,,,,*,,*,,,,,,,,,,,,,,,,,,,,,,,,0,1,df_180_in_bt,,1,,66650,67200,,5,,,,,,,,,,,,,,,,,"21,33","NEW rental,docomo FS050W 無制限"
1674,16309,380,3100,Insurance [YES] / Additional Battery [YES],165-166Days (Value Rental Pack:6Months Pack),,,docomo FS050W Unlimited Data,1,,,,,,,,*,,*,,,,,,,,,,,,,,,,,,,,,,,,0,1,df_180_in_bt,,1,,66650,67200,,5,,,,,,,,,,,,,,,,,"21,33","NEW rental,docomo FS050W 無制限"
1674,16313,380,3101,Insurance [YES] / Additional Battery [YES],166-167Days (Value Rental Pack:6Months Pack),,,docomo FS050W Unlimited Data,1,,,,,,,,*,,*,,,,,,,,,,,,,,,,,,,,,,,,0,1,df_180_in_bt,,1,,66650,67200,,5,,,,,,,,,,,,,,,,,"21,33","NEW rental,docomo FS050W 無制限"
1674,16317,380,3102,Insurance [YES] / Additional Battery [YES],167-168Days (Value Rental Pack:6Months Pack),,,docomo FS050W Unlimited Data,1,,,,,,,,*,,*,,,,,,,,,,,,,,,,,,,,,,,,0,1,df_180_in_bt,,1,,66650,67200,,5,,,,,,,,,,,,,,,,,"21,33","NEW rental,docomo FS050W 無制限"
1674,16321,380,3103,Insurance [YES] / Additional Battery [YES],168-169Days (Value Rental Pack:6Months Pack),,,docomo FS050W Unlimited Data,1,,,,,,,,*,,*,,,,,,,,,,,,,,,,,,,,,,,,0,1,df_180_in_bt,,1,,66650,67200,,5,,,,,,,,,,,,,,,,,"21,33","NEW rental,docomo FS050W 無制限"
1674,16325,380,3104,Insurance [YES] / Additional Battery [YES],169-170Days (Value Rental Pack:6Months Pack),,,docomo FS050W Unlimited Data,1,,,,,,,,*,,*,,,,,,,,,,,,,,,,,,,,,,,,0,1,df_180_in_bt,,1,,66650,67200,,5,,,,,,,,,,,,,,,,,"21,33","NEW rental,docomo FS050W 無制限"
1674,16329,380,3105,Insurance [YES] / Additional Battery [YES],170-171Days (Value Rental Pack:6Months Pack),,,docomo FS050W Unlimited Data,1,,,,,,,,*,,*,,,,,,,,,,,,,,,,,,,,,,,,0,1,df_180_in_bt,,1,,66650,67200,,5,,,,,,,,,,,,,,,,,"21,33","NEW rental,docomo FS050W 無制限"
1674,16333,380,3106,Insurance [YES] / Additional Battery [YES],171-172Days (Value Rental Pack:6Months Pack),,,docomo FS050W Unlimited Data,1,,,,,,,,*,,*,,,,,,,,,,,,,,,,,,,,,,,,0,1,df_180_in_bt,,1,,66650,67200,,5,,,,,,,,,,,,,,,,,"21,33","NEW rental,docomo FS050W 無制限"
1674,16337,380,3107,Insurance [YES] / Additional Battery [YES],172-173Days (Value Rental Pack:6Months Pack),,,docomo FS050W Unlimited Data,1,,,,,,,,*,,*,,,,,,,,,,,,,,,,,,,,,,,,0,1,df_180_in_bt,,1,,66650,67200,,5,,,,,,,,,,,,,,,,,"21,33","NEW rental,docomo FS050W 無制限"
1674,16341,380,3108,Insurance [YES] / Additional Battery [YES],173-174Days (Value Rental Pack:6Months Pack),,,docomo FS050W Unlimited Data,1,,,,,,,,*,,*,,,,,,,,,,,,,,,,,,,,,,,,0,1,df_180_in_bt,,1,,66650,67200,,5,,,,,,,,,,,,,,,,,"21,33","NEW rental,docomo FS050W 無制限"
1674,16345,380,3109,Insurance [YES] / Additional Battery [YES],174-175Days (Value Rental Pack:6Months Pack),,,docomo FS050W Unlimited Data,1,,,,,,,,*,,*,,,,,,,,,,,,,,,,,,,,,,,,0,1,df_180_in_bt,,1,,66650,67200,,5,,,,,,,,,,,,,,,,,"21,33","NEW rental,docomo FS050W 無制限"
1674,16349,380,3110,Insurance [YES] / Additional Battery [YES],175-176Days (Value Rental Pack:6Months Pack),,,docomo FS050W Unlimited Data,1,,,,,,,,*,,*,,,,,,,,,,,,,,,,,,,,,,,,0,1,df_180_in_bt,,1,,66650,67200,,5,,,,,,,,,,,,,,,,,"21,33","NEW rental,docomo FS050W 無制限"
1674,16353,380,3111,Insurance [YES] / Additional Battery [YES],176-177Days (Value Rental Pack:6Months Pack),,,docomo FS050W Unlimited Data,1,,,,,,,,*,,*,,,,,,,,,,,,,,,,,,,,,,,,0,1,df_180_in_bt,,1,,66650,67200,,5,,,,,,,,,,,,,,,,,"21,33","NEW rental,docomo FS050W 無制限"
1674,16357,380,3112,Insurance [YES] / Additional Battery [YES],177-178Days (Value Rental Pack:6Months Pack),,,docomo FS050W Unlimited Data,1,,,,,,,,*,,*,,,,,,,,,,,,,,,,,,,,,,,,0,1,df_180_in_bt,,1,,66650,67200,,5,,,,,,,,,,,,,,,,,"21,33","NEW rental,docomo FS050W 無制限"
1674,16361,380,3113,Insurance [YES] / Additional Battery [YES],178-179Days (Value Rental Pack:6Months Pack),,,docomo FS050W Unlimited Data,1,,,,,,,,*,,*,,,,,,,,,,,,,,,,,,,,,,,,0,1,df_180_in_bt,,1,,66650,67200,,5,,,,,,,,,,,,,,,,,"21,33","NEW rental,docomo FS050W 無制限"
1674,16365,380,3114,Insurance [YES] / Additional Battery [YES],179-180Days (Value Rental Pack:6Months Pack),,,docomo FS050W Unlimited Data,1,,,,,,,,*,,*,,,,,,,,,,,,,,,,,,,,,,,,0,1,df_180_in_bt,,1,,66650,67200,,5,,,,,,,,,,,,,,,,,"21,33","NEW rental,docomo FS050W 無制限"
1674,16369,380,3115,Insurance [YES] / Additional Battery [YES],180-181Days (Value Rental Pack:6Months Pack),,,docomo FS050W Unlimited Data,1,,,,,,,,*,,*,,,,,,,,,,,,,,,,,,,,,,,,0,1,df_180_in_bt,,1,,66650,67200,,5,,,,,,,,,,,,,,,,,"21,33","NEW rental,docomo FS050W 無制限"
1674,16373,380,3116,Insurance [YES] / Additional Battery [YES],181-182Days (Value Rental Pack:6Months Pack＋1Day),,,docomo FS050W Unlimited Data,1,,,,,,,,*,,*,,,,,,,,,,,,,,,,,,,,,,,,0,1,df_181_in_bt,,1,,67690,68240,,5,,,,,,,,,,,,,,,,,"21,33","NEW rental,docomo FS050W 無制限"
1674,16377,380,3117,Insurance [YES] / Additional Battery [YES],182-183Days (Value Rental Pack:6Months Pack＋2Days),,,docomo FS050W Unlimited Data,1,,,,,,,,*,,*,,,,,,,,,,,,,,,,,,,,,,,,0,1,df_182_in_bt,,1,,68730,69280,,5,,,,,,,,,,,,,,,,,"21,33","NEW rental,docomo FS050W 無制限"
1674,16381,380,3118,Insurance [YES] / Additional Battery [YES],183-184Days (Value Rental Pack:6Months Pack＋3Days),,,docomo FS050W Unlimited Data,1,,,,,,,,*,,*,,,,,,,,,,,,,,,,,,,,,,,,0,1,df_183_in_bt,,1,,69770,70320,,5,,,,,,,,,,,,,,,,,"21,33","NEW rental,docomo FS050W 無制限"
1674,16385,380,3119,Insurance [YES] / Additional Battery [YES],184-185Days (Value Rental Pack:6Months Pack＋4Days),,,docomo FS050W Unlimited Data,1,,,,,,,,*,,*,,,,,,,,,,,,,,,,,,,,,,,,0,1,df_184_in_bt,,1,,70810,71360,,5,,,,,,,,,,,,,,,,,"21,33","NEW rental,docomo FS050W 無制限"
1674,16389,380,3120,Insurance [YES] / Additional Battery [YES],185-186Days (Value Rental Pack:6Months Pack＋5Days),,,docomo FS050W Unlimited Data,1,,,,,,,,*,,*,,,,,,,,,,,,,,,,,,,,,,,,0,1,df_185_in_bt,,1,,71850,72400,,5,,,,,,,,,,,,,,,,,"21,33","NEW rental,docomo FS050W 無制限"
1674,16393,380,3121,Insurance [YES] / Additional Battery [YES],186-187Days (Value Rental Pack:6Months Pack＋6Days),,,docomo FS050W Unlimited Data,1,,,,,,,,*,,*,,,,,,,,,,,,,,,,,,,,,,,,0,1,df_186_in_bt,,1,,72890,73440,,5,,,,,,,,,,,,,,,,,"21,33","NEW rental,docomo FS050W 無制限"
1674,16397,380,3122,Insurance [YES] / Additional Battery [YES],187-188Days (Value Rental Pack:6Months Pack＋7Days),,,docomo FS050W Unlimited Data,1,,,,,,,,*,,*,,,,,,,,,,,,,,,,,,,,,,,,0,1,df_187_in_bt,,1,,73930,74480,,5,,,,,,,,,,,,,,,,,"21,33","NEW rental,docomo FS050W 無制限"
1674,16401,380,3123,Insurance [YES] / Additional Battery [YES],188-189Days (Value Rental Pack:6Months Pack＋8Days),,,docomo FS050W Unlimited Data,1,,,,,,,,*,,*,,,,,,,,,,,,,,,,,,,,,,,,0,1,df_188_in_bt,,1,,74970,75520,,5,,,,,,,,,,,,,,,,,"21,33","NEW rental,docomo FS050W 無制限"
1674,16405,380,3124,Insurance [YES] / Additional Battery [YES],189-190Days (Value Rental Pack:6Months Pack＋9Days),,,docomo FS050W Unlimited Data,1,,,,,,,,*,,*,,,,,,,,,,,,,,,,,,,,,,,,0,1,df_189_in_bt,,1,,76010,76560,,5,,,,,,,,,,,,,,,,,"21,33","NEW rental,docomo FS050W 無制限"
1674,16409,380,3125,Insurance [YES] / Additional Battery [YES],190-191Days (Value Rental Pack:6Months Pack＋10Days),,,docomo FS050W Unlimited Data,1,,,,,,,,*,,*,,,,,,,,,,,,,,,,,,,,,,,,0,1,df_190_in_bt,,1,,77050,77600,,5,,,,,,,,,,,,,,,,,"21,33","NEW rental,docomo FS050W 無制限"
1674,16413,380,3126,Insurance [YES] / Additional Battery [YES],191-192Days (Value Rental Pack:6Months Pack＋11Days),,,docomo FS050W Unlimited Data,1,,,,,,,,*,,*,,,,,,,,,,,,,,,,,,,,,,,,0,1,df_191_in_bt,,1,,78090,78640,,5,,,,,,,,,,,,,,,,,"21,33","NEW rental,docomo FS050W 無制限"
1674,16417,380,3127,Insurance [YES] / Additional Battery [YES],192-193Days (Value Rental Pack:6Months Pack＋12Days),,,docomo FS050W Unlimited Data,1,,,,,,,,*,,*,,,,,,,,,,,,,,,,,,,,,,,,0,1,df_192_in_bt,,1,,79130,79680,,5,,,,,,,,,,,,,,,,,"21,33","NEW rental,docomo FS050W 無制限"
1674,16421,380,3128,Insurance [YES] / Additional Battery [YES],193-194Days (Value Rental Pack:6Months Pack＋13Days),,,docomo FS050W Unlimited Data,1,,,,,,,,*,,*,,,,,,,,,,,,,,,,,,,,,,,,0,1,df_193_in_bt,,1,,80170,80720,,5,,,,,,,,,,,,,,,,,"21,33","NEW rental,docomo FS050W 無制限"
1674,16425,380,3129,Insurance [YES] / Additional Battery [YES],194-195Days (Value Rental Pack:6Months Pack＋14Days),,,docomo FS050W Unlimited Data,1,,,,,,,,*,,*,,,,,,,,,,,,,,,,,,,,,,,,0,1,df_194_in_bt,,1,,81210,81760,,5,,,,,,,,,,,,,,,,,"21,33","NEW rental,docomo FS050W 無制限"
1674,16429,380,3130,Insurance [YES] / Additional Battery [YES],195-196Days (Value Rental Pack:6Months Pack＋1Month Pack),,,docomo FS050W Unlimited Data,1,,,,,,,,*,,*,,,,,,,,,,,,,,,,,,,,,,,,0,1,df_211_in_bt,,1,,82250,82800,,5,,,,,,,,,,,,,,,,,"21,33","NEW rental,docomo FS050W 無制限"
1674,16433,380,3131,Insurance [YES] / Additional Battery [YES],196-197Days (Value Rental Pack:6Months Pack＋1Month Pack),,,docomo FS050W Unlimited Data,1,,,,,,,,*,,*,,,,,,,,,,,,,,,,,,,,,,,,0,1,df_211_in_bt,,1,,82250,82800,,5,,,,,,,,,,,,,,,,,"21,33","NEW rental,docomo FS050W 無制限"
1674,16437,380,3132,Insurance [YES] / Additional Battery [YES],197-198Days (Value Rental Pack:6Months Pack＋1Month Pack),,,docomo FS050W Unlimited Data,1,,,,,,,,*,,*,,,,,,,,,,,,,,,,,,,,,,,,0,1,df_211_in_bt,,1,,82250,82800,,5,,,,,,,,,,,,,,,,,"21,33","NEW rental,docomo FS050W 無制限"
1674,16441,380,3133,Insurance [YES] / Additional Battery [YES],198-199Days (Value Rental Pack:6Months Pack＋1Month Pack),,,docomo FS050W Unlimited Data,1,,,,,,,,*,,*,,,,,,,,,,,,,,,,,,,,,,,,0,1,df_211_in_bt,,1,,82250,82800,,5,,,,,,,,,,,,,,,,,"21,33","NEW rental,docomo FS050W 無制限"
1674,16445,380,3134,Insurance [YES] / Additional Battery [YES],199-200Days (Value Rental Pack:6Months Pack＋1Month Pack),,,docomo FS050W Unlimited Data,1,,,,,,,,*,,*,,,,,,,,,,,,,,,,,,,,,,,,0,1,df_211_in_bt,,1,,82250,82800,,5,,,,,,,,,,,,,,,,,"21,33","NEW rental,docomo FS050W 無制限"
1674,16449,380,3135,Insurance [YES] / Additional Battery [YES],200-201Days (Value Rental Pack:6Months Pack＋1Month Pack),,,docomo FS050W Unlimited Data,1,,,,,,,,*,,*,,,,,,,,,,,,,,,,,,,,,,,,0,1,df_211_in_bt,,1,,82250,82800,,5,,,,,,,,,,,,,,,,,"21,33","NEW rental,docomo FS050W 無制限"
1674,16453,380,3136,Insurance [YES] / Additional Battery [YES],201-202Days (Value Rental Pack:6Months Pack＋1Month Pack),,,docomo FS050W Unlimited Data,1,,,,,,,,*,,*,,,,,,,,,,,,,,,,,,,,,,,,0,1,df_211_in_bt,,1,,82250,82800,,5,,,,,,,,,,,,,,,,,"21,33","NEW rental,docomo FS050W 無制限"
1674,16457,380,3137,Insurance [YES] / Additional Battery [YES],202-203Days (Value Rental Pack:6Months Pack＋1Month Pack),,,docomo FS050W Unlimited Data,1,,,,,,,,*,,*,,,,,,,,,,,,,,,,,,,,,,,,0,1,df_211_in_bt,,1,,82250,82800,,5,,,,,,,,,,,,,,,,,"21,33","NEW rental,docomo FS050W 無制限"
1674,16461,380,3138,Insurance [YES] / Additional Battery [YES],203-204Days (Value Rental Pack:6Months Pack＋1Month Pack),,,docomo FS050W Unlimited Data,1,,,,,,,,*,,*,,,,,,,,,,,,,,,,,,,,,,,,0,1,df_211_in_bt,,1,,82250,82800,,5,,,,,,,,,,,,,,,,,"21,33","NEW rental,docomo FS050W 無制限"
1674,16465,380,3139,Insurance [YES] / Additional Battery [YES],204-205Days (Value Rental Pack:6Months Pack＋1Month Pack),,,docomo FS050W Unlimited Data,1,,,,,,,,*,,*,,,,,,,,,,,,,,,,,,,,,,,,0,1,df_211_in_bt,,1,,82250,82800,,5,,,,,,,,,,,,,,,,,"21,33","NEW rental,docomo FS050W 無制限"
1674,16469,380,3140,Insurance [YES] / Additional Battery [YES],205-206Days (Value Rental Pack:6Months Pack＋1Month Pack),,,docomo FS050W Unlimited Data,1,,,,,,,,*,,*,,,,,,,,,,,,,,,,,,,,,,,,0,1,df_211_in_bt,,1,,82250,82800,,5,,,,,,,,,,,,,,,,,"21,33","NEW rental,docomo FS050W 無制限"
1674,16473,380,3141,Insurance [YES] / Additional Battery [YES],206-207Days (Value Rental Pack:6Months Pack＋1Month Pack),,,docomo FS050W Unlimited Data,1,,,,,,,,*,,*,,,,,,,,,,,,,,,,,,,,,,,,0,1,df_211_in_bt,,1,,82250,82800,,5,,,,,,,,,,,,,,,,,"21,33","NEW rental,docomo FS050W 無制限"
1674,16477,380,3142,Insurance [YES] / Additional Battery [YES],207-208Days (Value Rental Pack:6Months Pack＋1Month Pack),,,docomo FS050W Unlimited Data,1,,,,,,,,*,,*,,,,,,,,,,,,,,,,,,,,,,,,0,1,df_211_in_bt,,1,,82250,82800,,5,,,,,,,,,,,,,,,,,"21,33","NEW rental,docomo FS050W 無制限"
1674,16481,380,3143,Insurance [YES] / Additional Battery [YES],208-209Days (Value Rental Pack:6Months Pack＋1Month Pack),,,docomo FS050W Unlimited Data,1,,,,,,,,*,,*,,,,,,,,,,,,,,,,,,,,,,,,0,1,df_211_in_bt,,1,,82250,82800,,5,,,,,,,,,,,,,,,,,"21,33","NEW rental,docomo FS050W 無制限"
1674,16485,380,3144,Insurance [YES] / Additional Battery [YES],209-210Days (Value Rental Pack:6Months Pack＋1Month Pack),,,docomo FS050W Unlimited Data,1,,,,,,,,*,,*,,,,,,,,,,,,,,,,,,,,,,,,0,1,df_211_in_bt,,1,,82250,82800,,5,,,,,,,,,,,,,,,,,"21,33","NEW rental,docomo FS050W 無制限"
1674,16489,380,3145,Insurance [YES] / Additional Battery [YES],210-211Days (Value Rental Pack:6Months Pack＋1Month Pack),,,docomo FS050W Unlimited Data,1,,,,,,,,*,,*,,,,,,,,,,,,,,,,,,,,,,,,0,1,df_211_in_bt,,1,,82250,82800,,5,,,,,,,,,,,,,,,,,"21,33","NEW rental,docomo FS050W 無制限"
1674,16493,380,3146,Insurance [YES] / Additional Battery [YES],211-212Days (Value Rental Pack:6Months Pack＋1Month Pack),,,docomo FS050W Unlimited Data,1,,,,,,,,*,,*,,,,,,,,,,,,,,,,,,,,,,,,0,1,df_211_in_bt,,1,,82250,82800,,5,,,,,,,,,,,,,,,,,"21,33","NEW rental,docomo FS050W 無制限"
1674,16497,380,3147,Insurance [YES] / Additional Battery [YES],212-213Days (Value Rental Pack:6Months Pack＋1Month Pack＋1Day),,,docomo FS050W Unlimited Data,1,,,,,,,,*,,*,,,,,,,,,,,,,,,,,,,,,,,,0,1,df_212_in_bt,,1,,83290,83840,,5,,,,,,,,,,,,,,,,,"21,33","NEW rental,docomo FS050W 無制限"
1674,16501,380,3148,Insurance [YES] / Additional Battery [YES],213-214Days (Value Rental Pack:6Months Pack＋1Month Pack＋2Days),,,docomo FS050W Unlimited Data,1,,,,,,,,*,,*,,,,,,,,,,,,,,,,,,,,,,,,0,1,df_213_in_bt,,1,,84330,84880,,5,,,,,,,,,,,,,,,,,"21,33","NEW rental,docomo FS050W 無制限"
1674,16505,380,3149,Insurance [YES] / Additional Battery [YES],214-215Days (Value Rental Pack:6Months Pack＋1Month Pack＋3Days),,,docomo FS050W Unlimited Data,1,,,,,,,,*,,*,,,,,,,,,,,,,,,,,,,,,,,,0,1,df_214_in_bt,,1,,85370,85920,,5,,,,,,,,,,,,,,,,,"21,33","NEW rental,docomo FS050W 無制限"
1674,16509,380,3150,Insurance [YES] / Additional Battery [YES],215-216Days (Value Rental Pack:6Months Pack＋1Month Pack＋4Days),,,docomo FS050W Unlimited Data,1,,,,,,,,*,,*,,,,,,,,,,,,,,,,,,,,,,,,0,1,df_215_in_bt,,1,,86410,86960,,5,,,,,,,,,,,,,,,,,"21,33","NEW rental,docomo FS050W 無制限"
1674,16513,380,3151,Insurance [YES] / Additional Battery [YES],216-217Days (Value Rental Pack:6Months Pack＋1Month Pack＋5Days),,,docomo FS050W Unlimited Data,1,,,,,,,,*,,*,,,,,,,,,,,,,,,,,,,,,,,,0,1,df_216_in_bt,,1,,87450,88000,,5,,,,,,,,,,,,,,,,,"21,33","NEW rental,docomo FS050W 無制限"
1674,16517,380,3152,Insurance [YES] / Additional Battery [YES],217-218Days (Value Rental Pack:6Months Pack＋1Month Pack＋6Days),,,docomo FS050W Unlimited Data,1,,,,,,,,*,,*,,,,,,,,,,,,,,,,,,,,,,,,0,1,df_217_in_bt,,1,,88490,89040,,5,,,,,,,,,,,,,,,,,"21,33","NEW rental,docomo FS050W 無制限"
1674,16521,380,3153,Insurance [YES] / Additional Battery [YES],218-219Days (Value Rental Pack:6Months Pack＋1Month Pack＋7Days),,,docomo FS050W Unlimited Data,1,,,,,,,,*,,*,,,,,,,,,,,,,,,,,,,,,,,,0,1,df_218_in_bt,,1,,89480,90030,,5,,,,,,,,,,,,,,,,,"21,33","NEW rental,docomo FS050W 無制限"
1674,16525,380,3154,Insurance [YES] / Additional Battery [YES],219-220Days (Value Rental Pack:6Months Pack＋1Month Pack＋8Days),,,docomo FS050W Unlimited Data,1,,,,,,,,*,,*,,,,,,,,,,,,,,,,,,,,,,,,0,1,df_219_in_bt,,1,,90470,91020,,5,,,,,,,,,,,,,,,,,"21,33","NEW rental,docomo FS050W 無制限"
1674,16529,380,3155,Insurance [YES] / Additional Battery [YES],220-221Days (Value Rental Pack:6Months Pack＋1Month Pack＋9Days),,,docomo FS050W Unlimited Data,1,,,,,,,,*,,*,,,,,,,,,,,,,,,,,,,,,,,,0,1,df_220_in_bt,,1,,91460,92010,,5,,,,,,,,,,,,,,,,,"21,33","NEW rental,docomo FS050W 無制限"
1674,16533,380,3156,Insurance [YES] / Additional Battery [YES],221-222Days (Value Rental Pack:6Months Pack＋1Month Pack＋10Days),,,docomo FS050W Unlimited Data,1,,,,,,,,*,,*,,,,,,,,,,,,,,,,,,,,,,,,0,1,df_221_in_bt,,1,,92450,93000,,5,,,,,,,,,,,,,,,,,"21,33","NEW rental,docomo FS050W 無制限"
1674,16537,380,3157,Insurance [YES] / Additional Battery [YES],222-223Days (Value Rental Pack:6Months Pack＋1Month Pack＋11Days),,,docomo FS050W Unlimited Data,1,,,,,,,,*,,*,,,,,,,,,,,,,,,,,,,,,,,,0,1,df_222_in_bt,,1,,93440,93990,,5,,,,,,,,,,,,,,,,,"21,33","NEW rental,docomo FS050W 無制限"
1674,16541,380,3158,Insurance [YES] / Additional Battery [YES],223-224Days (Value Rental Pack:6Months Pack＋2Months Pack),,,docomo FS050W Unlimited Data,1,,,,,,,,*,,*,,,,,,,,,,,,,,,,,,,,,,,,0,1,df_241_in_bt,,1,,94300,94850,,5,,,,,,,,,,,,,,,,,"21,33","NEW rental,docomo FS050W 無制限"
1674,16545,380,3159,Insurance [YES] / Additional Battery [YES],224-225Days (Value Rental Pack:6Months Pack＋2Months Pack),,,docomo FS050W Unlimited Data,1,,,,,,,,*,,*,,,,,,,,,,,,,,,,,,,,,,,,0,1,df_241_in_bt,,1,,94300,94850,,5,,,,,,,,,,,,,,,,,"21,33","NEW rental,docomo FS050W 無制限"
1674,16549,380,3160,Insurance [YES] / Additional Battery [YES],225-226Days (Value Rental Pack:6Months Pack＋2Months Pack),,,docomo FS050W Unlimited Data,1,,,,,,,,*,,*,,,,,,,,,,,,,,,,,,,,,,,,0,1,df_241_in_bt,,1,,94300,94850,,5,,,,,,,,,,,,,,,,,"21,33","NEW rental,docomo FS050W 無制限"
1674,16553,380,3161,Insurance [YES] / Additional Battery [YES],226-227Days (Value Rental Pack:6Months Pack＋2Months Pack),,,docomo FS050W Unlimited Data,1,,,,,,,,*,,*,,,,,,,,,,,,,,,,,,,,,,,,0,1,df_241_in_bt,,1,,94300,94850,,5,,,,,,,,,,,,,,,,,"21,33","NEW rental,docomo FS050W 無制限"
1674,16557,380,3162,Insurance [YES] / Additional Battery [YES],227-228Days (Value Rental Pack:6Months Pack＋2Months Pack),,,docomo FS050W Unlimited Data,1,,,,,,,,*,,*,,,,,,,,,,,,,,,,,,,,,,,,0,1,df_241_in_bt,,1,,94300,94850,,5,,,,,,,,,,,,,,,,,"21,33","NEW rental,docomo FS050W 無制限"
1674,16561,380,3163,Insurance [YES] / Additional Battery [YES],228-229Days (Value Rental Pack:6Months Pack＋2Months Pack),,,docomo FS050W Unlimited Data,1,,,,,,,,*,,*,,,,,,,,,,,,,,,,,,,,,,,,0,1,df_241_in_bt,,1,,94300,94850,,5,,,,,,,,,,,,,,,,,"21,33","NEW rental,docomo FS050W 無制限"
1674,16565,380,3164,Insurance [YES] / Additional Battery [YES],229-230Days (Value Rental Pack:6Months Pack＋2Months Pack),,,docomo FS050W Unlimited Data,1,,,,,,,,*,,*,,,,,,,,,,,,,,,,,,,,,,,,0,1,df_241_in_bt,,1,,94300,94850,,5,,,,,,,,,,,,,,,,,"21,33","NEW rental,docomo FS050W 無制限"
1674,16569,380,3165,Insurance [YES] / Additional Battery [YES],230-231Days (Value Rental Pack:6Months Pack＋2Months Pack),,,docomo FS050W Unlimited Data,1,,,,,,,,*,,*,,,,,,,,,,,,,,,,,,,,,,,,0,1,df_241_in_bt,,1,,94300,94850,,5,,,,,,,,,,,,,,,,,"21,33","NEW rental,docomo FS050W 無制限"
1674,16573,380,3166,Insurance [YES] / Additional Battery [YES],231-232Days (Value Rental Pack:6Months Pack＋2Months Pack),,,docomo FS050W Unlimited Data,1,,,,,,,,*,,*,,,,,,,,,,,,,,,,,,,,,,,,0,1,df_241_in_bt,,1,,94300,94850,,5,,,,,,,,,,,,,,,,,"21,33","NEW rental,docomo FS050W 無制限"
1674,16577,380,3167,Insurance [YES] / Additional Battery [YES],232-233Days (Value Rental Pack:6Months Pack＋2Months Pack),,,docomo FS050W Unlimited Data,1,,,,,,,,*,,*,,,,,,,,,,,,,,,,,,,,,,,,0,1,df_241_in_bt,,1,,94300,94850,,5,,,,,,,,,,,,,,,,,"21,33","NEW rental,docomo FS050W 無制限"
1674,16581,380,3168,Insurance [YES] / Additional Battery [YES],233-234Days (Value Rental Pack:6Months Pack＋2Months Pack),,,docomo FS050W Unlimited Data,1,,,,,,,,*,,*,,,,,,,,,,,,,,,,,,,,,,,,0,1,df_241_in_bt,,1,,94300,94850,,5,,,,,,,,,,,,,,,,,"21,33","NEW rental,docomo FS050W 無制限"
1674,16585,380,3169,Insurance [YES] / Additional Battery [YES],234-235Days (Value Rental Pack:6Months Pack＋2Months Pack),,,docomo FS050W Unlimited Data,1,,,,,,,,*,,*,,,,,,,,,,,,,,,,,,,,,,,,0,1,df_241_in_bt,,1,,94300,94850,,5,,,,,,,,,,,,,,,,,"21,33","NEW rental,docomo FS050W 無制限"
1674,16589,380,3170,Insurance [YES] / Additional Battery [YES],235-236Days (Value Rental Pack:6Months Pack＋2Months Pack),,,docomo FS050W Unlimited Data,1,,,,,,,,*,,*,,,,,,,,,,,,,,,,,,,,,,,,0,1,df_241_in_bt,,1,,94300,94850,,5,,,,,,,,,,,,,,,,,"21,33","NEW rental,docomo FS050W 無制限"
1674,16593,380,3171,Insurance [YES] / Additional Battery [YES],236-237Days (Value Rental Pack:6Months Pack＋2Months Pack),,,docomo FS050W Unlimited Data,1,,,,,,,,*,,*,,,,,,,,,,,,,,,,,,,,,,,,0,1,df_241_in_bt,,1,,94300,94850,,5,,,,,,,,,,,,,,,,,"21,33","NEW rental,docomo FS050W 無制限"
1674,16597,380,3172,Insurance [YES] / Additional Battery [YES],237-238Days (Value Rental Pack:6Months Pack＋2Months Pack),,,docomo FS050W Unlimited Data,1,,,,,,,,*,,*,,,,,,,,,,,,,,,,,,,,,,,,0,1,df_241_in_bt,,1,,94300,94850,,5,,,,,,,,,,,,,,,,,"21,33","NEW rental,docomo FS050W 無制限"
1674,16601,380,3173,Insurance [YES] / Additional Battery [YES],238-239Days (Value Rental Pack:6Months Pack＋2Months Pack),,,docomo FS050W Unlimited Data,1,,,,,,,,*,,*,,,,,,,,,,,,,,,,,,,,,,,,0,1,df_241_in_bt,,1,,94300,94850,,5,,,,,,,,,,,,,,,,,"21,33","NEW rental,docomo FS050W 無制限"
1674,16605,380,3174,Insurance [YES] / Additional Battery [YES],239-240Days (Value Rental Pack:6Months Pack＋2Months Pack),,,docomo FS050W Unlimited Data,1,,,,,,,,*,,*,,,,,,,,,,,,,,,,,,,,,,,,0,1,df_241_in_bt,,1,,94300,94850,,5,,,,,,,,,,,,,,,,,"21,33","NEW rental,docomo FS050W 無制限"
1674,16609,380,3175,Insurance [YES] / Additional Battery [YES],240-241Days (Value Rental Pack:6Months Pack＋2Months Pack),,,docomo FS050W Unlimited Data,1,,,,,,,,*,,*,,,,,,,,,,,,,,,,,,,,,,,,0,1,df_241_in_bt,,1,,94300,94850,,5,,,,,,,,,,,,,,,,,"21,33","NEW rental,docomo FS050W 無制限"
1674,16613,380,3176,Insurance [YES] / Additional Battery [YES],241-242Days (Value Rental Pack:6Months Pack＋2Months Pack),,,docomo FS050W Unlimited Data,1,,,,,,,,*,,*,,,,,,,,,,,,,,,,,,,,,,,,0,1,df_241_in_bt,,1,,94300,94850,,5,,,,,,,,,,,,,,,,,"21,33","NEW rental,docomo FS050W 無制限"
1674,16617,380,3177,Insurance [YES] / Additional Battery [YES],242-243Days (Value Rental Pack:6Months Pack＋2Months Pack＋1Day),,,docomo FS050W Unlimited Data,1,,,,,,,,*,,*,,,,,,,,,,,,,,,,,,,,,,,,0,1,df_242_in_bt,,1,,95340,95890,,5,,,,,,,,,,,,,,,,,"21,33","NEW rental,docomo FS050W 無制限"
1674,16621,380,3178,Insurance [YES] / Additional Battery [YES],243-244Days (Value Rental Pack:6Months Pack＋2Months Pack＋2Days),,,docomo FS050W Unlimited Data,1,,,,,,,,*,,*,,,,,,,,,,,,,,,,,,,,,,,,0,1,df_243_in_bt,,1,,96380,96930,,5,,,,,,,,,,,,,,,,,"21,33","NEW rental,docomo FS050W 無制限"
1674,16625,380,3179,Insurance [YES] / Additional Battery [YES],244-245Days (Value Rental Pack:6Months Pack＋2Months Pack＋3Days),,,docomo FS050W Unlimited Data,1,,,,,,,,*,,*,,,,,,,,,,,,,,,,,,,,,,,,0,1,df_244_in_bt,,1,,97420,97970,,5,,,,,,,,,,,,,,,,,"21,33","NEW rental,docomo FS050W 無制限"
1674,16629,380,3180,Insurance [YES] / Additional Battery [YES],245-246Days (Value Rental Pack:6Months Pack＋2Months Pack＋4Days),,,docomo FS050W Unlimited Data,1,,,,,,,,*,,*,,,,,,,,,,,,,,,,,,,,,,,,0,1,df_245_in_bt,,1,,98460,99010,,5,,,,,,,,,,,,,,,,,"21,33","NEW rental,docomo FS050W 無制限"
1674,16633,380,3181,Insurance [YES] / Additional Battery [YES],246-247Days (Value Rental Pack:6Months Pack＋2Months Pack＋5Days),,,docomo FS050W Unlimited Data,1,,,,,,,,*,,*,,,,,,,,,,,,,,,,,,,,,,,,0,1,df_246_in_bt,,1,,99500,100050,,5,,,,,,,,,,,,,,,,,"21,33","NEW rental,docomo FS050W 無制限"
1674,16637,380,3182,Insurance [YES] / Additional Battery [YES],247-248Days (Value Rental Pack:6Months Pack＋2Months Pack＋6Days),,,docomo FS050W Unlimited Data,1,,,,,,,,*,,*,,,,,,,,,,,,,,,,,,,,,,,,0,1,df_247_in_bt,,1,,100540,101090,,5,,,,,,,,,,,,,,,,,"21,33","NEW rental,docomo FS050W 無制限"
1674,16641,380,3183,Insurance [YES] / Additional Battery [YES],248-249Days (Value Rental Pack:6Months Pack＋2Months Pack＋7Days),,,docomo FS050W Unlimited Data,1,,,,,,,,*,,*,,,,,,,,,,,,,,,,,,,,,,,,0,1,df_248_in_bt,,1,,101530,102080,,5,,,,,,,,,,,,,,,,,"21,33","NEW rental,docomo FS050W 無制限"
1674,16645,380,3184,Insurance [YES] / Additional Battery [YES],249-250Days (Value Rental Pack:6Months Pack＋2Months Pack＋8Days),,,docomo FS050W Unlimited Data,1,,,,,,,,*,,*,,,,,,,,,,,,,,,,,,,,,,,,0,1,df_249_in_bt,,1,,102520,103070,,5,,,,,,,,,,,,,,,,,"21,33","NEW rental,docomo FS050W 無制限"
1674,16649,380,3185,Insurance [YES] / Additional Battery [YES],250-251Days (Value Rental Pack:6Months Pack＋2Months Pack＋9Days),,,docomo FS050W Unlimited Data,1,,,,,,,,*,,*,,,,,,,,,,,,,,,,,,,,,,,,0,1,df_250_in_bt,,1,,103510,104060,,5,,,,,,,,,,,,,,,,,"21,33","NEW rental,docomo FS050W 無制限"
1674,16653,380,3186,Insurance [YES] / Additional Battery [YES],251-252Days (Value Rental Pack:6Months Pack＋2Months Pack＋10Days),,,docomo FS050W Unlimited Data,1,,,,,,,,*,,*,,,,,,,,,,,,,,,,,,,,,,,,0,1,df_251_in_bt,,1,,104500,105050,,5,,,,,,,,,,,,,,,,,"21,33","NEW rental,docomo FS050W 無制限"
1674,16657,380,3187,Insurance [YES] / Additional Battery [YES],252-253Days (Value Rental Pack:6Months Pack＋3Months Pack),,,docomo FS050W Unlimited Data,1,,,,,,,,*,,*,,,,,,,,,,,,,,,,,,,,,,,,0,1,df_271_in_bt,,1,,105200,105750,,5,,,,,,,,,,,,,,,,,"21,33","NEW rental,docomo FS050W 無制限"
1674,16661,380,3188,Insurance [YES] / Additional Battery [YES],253-254Days (Value Rental Pack:6Months Pack＋3Months Pack),,,docomo FS050W Unlimited Data,1,,,,,,,,*,,*,,,,,,,,,,,,,,,,,,,,,,,,0,1,df_271_in_bt,,1,,105200,105750,,5,,,,,,,,,,,,,,,,,"21,33","NEW rental,docomo FS050W 無制限"
1674,16665,380,3189,Insurance [YES] / Additional Battery [YES],254-255Days (Value Rental Pack:6Months Pack＋3Months Pack),,,docomo FS050W Unlimited Data,1,,,,,,,,*,,*,,,,,,,,,,,,,,,,,,,,,,,,0,1,df_271_in_bt,,1,,105200,105750,,5,,,,,,,,,,,,,,,,,"21,33","NEW rental,docomo FS050W 無制限"
1674,16669,380,3190,Insurance [YES] / Additional Battery [YES],255-256Days (Value Rental Pack:6Months Pack＋3Months Pack),,,docomo FS050W Unlimited Data,1,,,,,,,,*,,*,,,,,,,,,,,,,,,,,,,,,,,,0,1,df_271_in_bt,,1,,105200,105750,,5,,,,,,,,,,,,,,,,,"21,33","NEW rental,docomo FS050W 無制限"
1674,16673,380,3191,Insurance [YES] / Additional Battery [YES],256-257Days (Value Rental Pack:6Months Pack＋3Months Pack),,,docomo FS050W Unlimited Data,1,,,,,,,,*,,*,,,,,,,,,,,,,,,,,,,,,,,,0,1,df_271_in_bt,,1,,105200,105750,,5,,,,,,,,,,,,,,,,,"21,33","NEW rental,docomo FS050W 無制限"
1674,16677,380,3192,Insurance [YES] / Additional Battery [YES],257-258Days (Value Rental Pack:6Months Pack＋3Months Pack),,,docomo FS050W Unlimited Data,1,,,,,,,,*,,*,,,,,,,,,,,,,,,,,,,,,,,,0,1,df_271_in_bt,,1,,105200,105750,,5,,,,,,,,,,,,,,,,,"21,33","NEW rental,docomo FS050W 無制限"
1674,16681,380,3193,Insurance [YES] / Additional Battery [YES],258-259Days (Value Rental Pack:6Months Pack＋3Months Pack),,,docomo FS050W Unlimited Data,1,,,,,,,,*,,*,,,,,,,,,,,,,,,,,,,,,,,,0,1,df_271_in_bt,,1,,105200,105750,,5,,,,,,,,,,,,,,,,,"21,33","NEW rental,docomo FS050W 無制限"
1674,16685,380,3194,Insurance [YES] / Additional Battery [YES],259-260Days (Value Rental Pack:6Months Pack＋3Months Pack),,,docomo FS050W Unlimited Data,1,,,,,,,,*,,*,,,,,,,,,,,,,,,,,,,,,,,,0,1,df_271_in_bt,,1,,105200,105750,,5,,,,,,,,,,,,,,,,,"21,33","NEW rental,docomo FS050W 無制限"
1674,16689,380,3195,Insurance [YES] / Additional Battery [YES],260-261Days (Value Rental Pack:6Months Pack＋3Months Pack),,,docomo FS050W Unlimited Data,1,,,,,,,,*,,*,,,,,,,,,,,,,,,,,,,,,,,,0,1,df_271_in_bt,,1,,105200,105750,,5,,,,,,,,,,,,,,,,,"21,33","NEW rental,docomo FS050W 無制限"
1674,16693,380,3196,Insurance [YES] / Additional Battery [YES],261-262Days (Value Rental Pack:6Months Pack＋3Months Pack),,,docomo FS050W Unlimited Data,1,,,,,,,,*,,*,,,,,,,,,,,,,,,,,,,,,,,,0,1,df_271_in_bt,,1,,105200,105750,,5,,,,,,,,,,,,,,,,,"21,33","NEW rental,docomo FS050W 無制限"
1674,16697,380,3197,Insurance [YES] / Additional Battery [YES],262-263Days (Value Rental Pack:6Months Pack＋3Months Pack),,,docomo FS050W Unlimited Data,1,,,,,,,,*,,*,,,,,,,,,,,,,,,,,,,,,,,,0,1,df_271_in_bt,,1,,105200,105750,,5,,,,,,,,,,,,,,,,,"21,33","NEW rental,docomo FS050W 無制限"
1674,16701,380,3198,Insurance [YES] / Additional Battery [YES],263-264Days (Value Rental Pack:6Months Pack＋3Months Pack),,,docomo FS050W Unlimited Data,1,,,,,,,,*,,*,,,,,,,,,,,,,,,,,,,,,,,,0,1,df_271_in_bt,,1,,105200,105750,,5,,,,,,,,,,,,,,,,,"21,33","NEW rental,docomo FS050W 無制限"
1674,16705,380,3199,Insurance [YES] / Additional Battery [YES],264-265Days (Value Rental Pack:6Months Pack＋3Months Pack),,,docomo FS050W Unlimited Data,1,,,,,,,,*,,*,,,,,,,,,,,,,,,,,,,,,,,,0,1,df_271_in_bt,,1,,105200,105750,,5,,,,,,,,,,,,,,,,,"21,33","NEW rental,docomo FS050W 無制限"
1674,16709,380,3200,Insurance [YES] / Additional Battery [YES],265-266Days (Value Rental Pack:6Months Pack＋3Months Pack),,,docomo FS050W Unlimited Data,1,,,,,,,,*,,*,,,,,,,,,,,,,,,,,,,,,,,,0,1,df_271_in_bt,,1,,105200,105750,,5,,,,,,,,,,,,,,,,,"21,33","NEW rental,docomo FS050W 無制限"
1674,16713,380,3201,Insurance [YES] / Additional Battery [YES],266-267Days (Value Rental Pack:6Months Pack＋3Months Pack),,,docomo FS050W Unlimited Data,1,,,,,,,,*,,*,,,,,,,,,,,,,,,,,,,,,,,,0,1,df_271_in_bt,,1,,105200,105750,,5,,,,,,,,,,,,,,,,,"21,33","NEW rental,docomo FS050W 無制限"
1674,16717,380,3202,Insurance [YES] / Additional Battery [YES],267-268Days (Value Rental Pack:6Months Pack＋3Months Pack),,,docomo FS050W Unlimited Data,1,,,,,,,,*,,*,,,,,,,,,,,,,,,,,,,,,,,,0,1,df_271_in_bt,,1,,105200,105750,,5,,,,,,,,,,,,,,,,,"21,33","NEW rental,docomo FS050W 無制限"
1674,16721,380,3203,Insurance [YES] / Additional Battery [YES],268-269Days (Value Rental Pack:6Months Pack＋3Months Pack),,,docomo FS050W Unlimited Data,1,,,,,,,,*,,*,,,,,,,,,,,,,,,,,,,,,,,,0,1,df_271_in_bt,,1,,105200,105750,,5,,,,,,,,,,,,,,,,,"21,33","NEW rental,docomo FS050W 無制限"
1674,16725,380,3204,Insurance [YES] / Additional Battery [YES],269-270Days (Value Rental Pack:6Months Pack＋3Months Pack),,,docomo FS050W Unlimited Data,1,,,,,,,,*,,*,,,,,,,,,,,,,,,,,,,,,,,,0,1,df_271_in_bt,,1,,105200,105750,,5,,,,,,,,,,,,,,,,,"21,33","NEW rental,docomo FS050W 無制限"
1674,16729,380,3205,Insurance [YES] / Additional Battery [YES],270-271Days (Value Rental Pack:6Months Pack＋3Months Pack),,,docomo FS050W Unlimited Data,1,,,,,,,,*,,*,,,,,,,,,,,,,,,,,,,,,,,,0,1,df_271_in_bt,,1,,105200,105750,,5,,,,,,,,,,,,,,,,,"21,33","NEW rental,docomo FS050W 無制限"
1674,16733,380,3206,Insurance [YES] / Additional Battery [YES],271-272Days (Value Rental Pack:6Months Pack＋3Months Pack),,,docomo FS050W Unlimited Data,1,,,,,,,,*,,*,,,,,,,,,,,,,,,,,,,,,,,,0,1,df_271_in_bt,,1,,105200,105750,,5,,,,,,,,,,,,,,,,,"21,33","NEW rental,docomo FS050W 無制限"
1674,16737,380,3207,Insurance [YES] / Additional Battery [YES],272-273Days (Value Rental Pack:6Months Pack＋3Months Pack＋1Day),,,docomo FS050W Unlimited Data,1,,,,,,,,*,,*,,,,,,,,,,,,,,,,,,,,,,,,0,1,df_272_in_bt,,1,,106240,106790,,5,,,,,,,,,,,,,,,,,"21,33","NEW rental,docomo FS050W 無制限"
1674,16741,380,3208,Insurance [YES] / Additional Battery [YES],273-274Days (Value Rental Pack:6Months Pack＋3Months Pack＋2Days),,,docomo FS050W Unlimited Data,1,,,,,,,,*,,*,,,,,,,,,,,,,,,,,,,,,,,,0,1,df_273_in_bt,,1,,107280,107830,,5,,,,,,,,,,,,,,,,,"21,33","NEW rental,docomo FS050W 無制限"
1674,16745,380,3209,Insurance [YES] / Additional Battery [YES],274-275Days (Value Rental Pack:6Months Pack＋3Months Pack＋3Days),,,docomo FS050W Unlimited Data,1,,,,,,,,*,,*,,,,,,,,,,,,,,,,,,,,,,,,0,1,df_274_in_bt,,1,,108320,108870,,5,,,,,,,,,,,,,,,,,"21,33","NEW rental,docomo FS050W 無制限"
1674,16749,380,3210,Insurance [YES] / Additional Battery [YES],275-276Days (Value Rental Pack:6Months Pack＋3Months Pack＋4Days),,,docomo FS050W Unlimited Data,1,,,,,,,,*,,*,,,,,,,,,,,,,,,,,,,,,,,,0,1,df_275_in_bt,,1,,109360,109910,,5,,,,,,,,,,,,,,,,,"21,33","NEW rental,docomo FS050W 無制限"
1674,16753,380,3211,Insurance [YES] / Additional Battery [YES],276-277Days (Value Rental Pack:6Months Pack＋3Months Pack＋5Days),,,docomo FS050W Unlimited Data,1,,,,,,,,*,,*,,,,,,,,,,,,,,,,,,,,,,,,0,1,df_276_in_bt,,1,,110400,110950,,5,,,,,,,,,,,,,,,,,"21,33","NEW rental,docomo FS050W 無制限"
1674,16757,380,3212,Insurance [YES] / Additional Battery [YES],277-278Days (Value Rental Pack:6Months Pack＋3Months Pack＋6Days),,,docomo FS050W Unlimited Data,1,,,,,,,,*,,*,,,,,,,,,,,,,,,,,,,,,,,,0,1,df_277_in_bt,,1,,111440,111990,,5,,,,,,,,,,,,,,,,,"21,33","NEW rental,docomo FS050W 無制限"
1674,16761,380,3213,Insurance [YES] / Additional Battery [YES],278-279Days (Value Rental Pack:6Months Pack＋3Months Pack＋7Days),,,docomo FS050W Unlimited Data,1,,,,,,,,*,,*,,,,,,,,,,,,,,,,,,,,,,,,0,1,df_278_in_bt,,1,,112430,112980,,5,,,,,,,,,,,,,,,,,"21,33","NEW rental,docomo FS050W 無制限"
1674,16765,380,3214,Insurance [YES] / Additional Battery [YES],279-280Days (Value Rental Pack:6Months Pack＋3Months Pack＋8Days),,,docomo FS050W Unlimited Data,1,,,,,,,,*,,*,,,,,,,,,,,,,,,,,,,,,,,,0,1,df_279_in_bt,,1,,113420,113970,,5,,,,,,,,,,,,,,,,,"21,33","NEW rental,docomo FS050W 無制限"
1674,16769,380,3215,Insurance [YES] / Additional Battery [YES],280-281Days (Value Rental Pack:6Months Pack＋3Months Pack＋9Days),,,docomo FS050W Unlimited Data,1,,,,,,,,*,,*,,,,,,,,,,,,,,,,,,,,,,,,0,1,df_280_in_bt,,1,,114410,114960,,5,,,,,,,,,,,,,,,,,"21,33","NEW rental,docomo FS050W 無制限"
1674,16773,380,3216,Insurance [YES] / Additional Battery [YES],281-282Days (Value Rental Pack:6Months Pack＋4Months Pack),,,docomo FS050W Unlimited Data,1,,,,,,,,*,,*,,,,,,,,,,,,,,,,,,,,,,,,0,1,df_301_in_bt,,1,,115000,115550,,5,,,,,,,,,,,,,,,,,"21,33","NEW rental,docomo FS050W 無制限"
1674,16777,380,3217,Insurance [YES] / Additional Battery [YES],282-283Days (Value Rental Pack:6Months Pack＋4Months Pack),,,docomo FS050W Unlimited Data,1,,,,,,,,*,,*,,,,,,,,,,,,,,,,,,,,,,,,0,1,df_301_in_bt,,1,,115000,115550,,5,,,,,,,,,,,,,,,,,"21,33","NEW rental,docomo FS050W 無制限"
1674,16781,380,3218,Insurance [YES] / Additional Battery [YES],283-284Days (Value Rental Pack:6Months Pack＋4Months Pack),,,docomo FS050W Unlimited Data,1,,,,,,,,*,,*,,,,,,,,,,,,,,,,,,,,,,,,0,1,df_301_in_bt,,1,,115000,115550,,5,,,,,,,,,,,,,,,,,"21,33","NEW rental,docomo FS050W 無制限"
1674,16785,380,3219,Insurance [YES] / Additional Battery [YES],284-285Days (Value Rental Pack:6Months Pack＋4Months Pack),,,docomo FS050W Unlimited Data,1,,,,,,,,*,,*,,,,,,,,,,,,,,,,,,,,,,,,0,1,df_301_in_bt,,1,,115000,115550,,5,,,,,,,,,,,,,,,,,"21,33","NEW rental,docomo FS050W 無制限"
1674,16789,380,3220,Insurance [YES] / Additional Battery [YES],285-286Days (Value Rental Pack:6Months Pack＋4Months Pack),,,docomo FS050W Unlimited Data,1,,,,,,,,*,,*,,,,,,,,,,,,,,,,,,,,,,,,0,1,df_301_in_bt,,1,,115000,115550,,5,,,,,,,,,,,,,,,,,"21,33","NEW rental,docomo FS050W 無制限"
1674,16793,380,3221,Insurance [YES] / Additional Battery [YES],286-287Days (Value Rental Pack:6Months Pack＋4Months Pack),,,docomo FS050W Unlimited Data,1,,,,,,,,*,,*,,,,,,,,,,,,,,,,,,,,,,,,0,1,df_301_in_bt,,1,,115000,115550,,5,,,,,,,,,,,,,,,,,"21,33","NEW rental,docomo FS050W 無制限"
1674,16797,380,3222,Insurance [YES] / Additional Battery [YES],287-288Days (Value Rental Pack:6Months Pack＋4Months Pack),,,docomo FS050W Unlimited Data,1,,,,,,,,*,,*,,,,,,,,,,,,,,,,,,,,,,,,0,1,df_301_in_bt,,1,,115000,115550,,5,,,,,,,,,,,,,,,,,"21,33","NEW rental,docomo FS050W 無制限"
1674,16801,380,3223,Insurance [YES] / Additional Battery [YES],288-289Days (Value Rental Pack:6Months Pack＋4Months Pack),,,docomo FS050W Unlimited Data,1,,,,,,,,*,,*,,,,,,,,,,,,,,,,,,,,,,,,0,1,df_301_in_bt,,1,,115000,115550,,5,,,,,,,,,,,,,,,,,"21,33","NEW rental,docomo FS050W 無制限"
1674,16805,380,3224,Insurance [YES] / Additional Battery [YES],289-290Days (Value Rental Pack:6Months Pack＋4Months Pack),,,docomo FS050W Unlimited Data,1,,,,,,,,*,,*,,,,,,,,,,,,,,,,,,,,,,,,0,1,df_301_in_bt,,1,,115000,115550,,5,,,,,,,,,,,,,,,,,"21,33","NEW rental,docomo FS050W 無制限"
1674,16809,380,3225,Insurance [YES] / Additional Battery [YES],290-291Days (Value Rental Pack:6Months Pack＋4Months Pack),,,docomo FS050W Unlimited Data,1,,,,,,,,*,,*,,,,,,,,,,,,,,,,,,,,,,,,0,1,df_301_in_bt,,1,,115000,115550,,5,,,,,,,,,,,,,,,,,"21,33","NEW rental,docomo FS050W 無制限"
1674,16813,380,3226,Insurance [YES] / Additional Battery [YES],291-292Days (Value Rental Pack:6Months Pack＋4Months Pack),,,docomo FS050W Unlimited Data,1,,,,,,,,*,,*,,,,,,,,,,,,,,,,,,,,,,,,0,1,df_301_in_bt,,1,,115000,115550,,5,,,,,,,,,,,,,,,,,"21,33","NEW rental,docomo FS050W 無制限"
1674,16817,380,3227,Insurance [YES] / Additional Battery [YES],292-293Days (Value Rental Pack:6Months Pack＋4Months Pack),,,docomo FS050W Unlimited Data,1,,,,,,,,*,,*,,,,,,,,,,,,,,,,,,,,,,,,0,1,df_301_in_bt,,1,,115000,115550,,5,,,,,,,,,,,,,,,,,"21,33","NEW rental,docomo FS050W 無制限"
1674,16821,380,3228,Insurance [YES] / Additional Battery [YES],293-294Days (Value Rental Pack:6Months Pack＋4Months Pack),,,docomo FS050W Unlimited Data,1,,,,,,,,*,,*,,,,,,,,,,,,,,,,,,,,,,,,0,1,df_301_in_bt,,1,,115000,115550,,5,,,,,,,,,,,,,,,,,"21,33","NEW rental,docomo FS050W 無制限"
1674,16825,380,3229,Insurance [YES] / Additional Battery [YES],294-295Days (Value Rental Pack:6Months Pack＋4Months Pack),,,docomo FS050W Unlimited Data,1,,,,,,,,*,,*,,,,,,,,,,,,,,,,,,,,,,,,0,1,df_301_in_bt,,1,,115000,115550,,5,,,,,,,,,,,,,,,,,"21,33","NEW rental,docomo FS050W 無制限"
1674,16829,380,3230,Insurance [YES] / Additional Battery [YES],295-296Days (Value Rental Pack:6Months Pack＋4Months Pack),,,docomo FS050W Unlimited Data,1,,,,,,,,*,,*,,,,,,,,,,,,,,,,,,,,,,,,0,1,df_301_in_bt,,1,,115000,115550,,5,,,,,,,,,,,,,,,,,"21,33","NEW rental,docomo FS050W 無制限"
1674,16833,380,3231,Insurance [YES] / Additional Battery [YES],296-297Days (Value Rental Pack:6Months Pack＋4Months Pack),,,docomo FS050W Unlimited Data,1,,,,,,,,*,,*,,,,,,,,,,,,,,,,,,,,,,,,0,1,df_301_in_bt,,1,,115000,115550,,5,,,,,,,,,,,,,,,,,"21,33","NEW rental,docomo FS050W 無制限"
1674,16837,380,3232,Insurance [YES] / Additional Battery [YES],297-298Days (Value Rental Pack:6Months Pack＋4Months Pack),,,docomo FS050W Unlimited Data,1,,,,,,,,*,,*,,,,,,,,,,,,,,,,,,,,,,,,0,1,df_301_in_bt,,1,,115000,115550,,5,,,,,,,,,,,,,,,,,"21,33","NEW rental,docomo FS050W 無制限"
1674,16841,380,3233,Insurance [YES] / Additional Battery [YES],298-299Days (Value Rental Pack:6Months Pack＋4Months Pack),,,docomo FS050W Unlimited Data,1,,,,,,,,*,,*,,,,,,,,,,,,,,,,,,,,,,,,0,1,df_301_in_bt,,1,,115000,115550,,5,,,,,,,,,,,,,,,,,"21,33","NEW rental,docomo FS050W 無制限"
1674,16845,380,3234,Insurance [YES] / Additional Battery [YES],299-300Days (Value Rental Pack:6Months Pack＋4Months Pack),,,docomo FS050W Unlimited Data,1,,,,,,,,*,,*,,,,,,,,,,,,,,,,,,,,,,,,0,1,df_301_in_bt,,1,,115000,115550,,5,,,,,,,,,,,,,,,,,"21,33","NEW rental,docomo FS050W 無制限"
1674,16849,380,3235,Insurance [YES] / Additional Battery [YES],300-301Days (Value Rental Pack:6Months Pack＋4Months Pack),,,docomo FS050W Unlimited Data,1,,,,,,,,*,,*,,,,,,,,,,,,,,,,,,,,,,,,0,1,df_301_in_bt,,1,,115000,115550,,5,,,,,,,,,,,,,,,,,"21,33","NEW rental,docomo FS050W 無制限"
1674,16853,380,3236,Insurance [YES] / Additional Battery [YES],301-302Days (Value Rental Pack:6Months Pack＋4Months Pack),,,docomo FS050W Unlimited Data,1,,,,,,,,*,,*,,,,,,,,,,,,,,,,,,,,,,,,0,1,df_301_in_bt,,1,,115000,115550,,5,,,,,,,,,,,,,,,,,"21,33","NEW rental,docomo FS050W 無制限"
1674,16857,380,3237,Insurance [YES] / Additional Battery [YES],302-303Days (Value Rental Pack:6Months Pack＋4Months Pack＋1Day),,,docomo FS050W Unlimited Data,1,,,,,,,,*,,*,,,,,,,,,,,,,,,,,,,,,,,,0,1,df_302_in_bt,,1,,116040,116590,,5,,,,,,,,,,,,,,,,,"21,33","NEW rental,docomo FS050W 無制限"
1674,16861,380,3238,Insurance [YES] / Additional Battery [YES],303-304Days (Value Rental Pack:6Months Pack＋4Months Pack＋2Days),,,docomo FS050W Unlimited Data,1,,,,,,,,*,,*,,,,,,,,,,,,,,,,,,,,,,,,0,1,df_303_in_bt,,1,,117080,117630,,5,,,,,,,,,,,,,,,,,"21,33","NEW rental,docomo FS050W 無制限"
1674,16865,380,3239,Insurance [YES] / Additional Battery [YES],304-305Days (Value Rental Pack:6Months Pack＋4Months Pack＋3Days),,,docomo FS050W Unlimited Data,1,,,,,,,,*,,*,,,,,,,,,,,,,,,,,,,,,,,,0,1,df_304_in_bt,,1,,118120,118670,,5,,,,,,,,,,,,,,,,,"21,33","NEW rental,docomo FS050W 無制限"
1674,16869,380,3240,Insurance [YES] / Additional Battery [YES],305-306Days (Value Rental Pack:6Months Pack＋4Months Pack＋4Days),,,docomo FS050W Unlimited Data,1,,,,,,,,*,,*,,,,,,,,,,,,,,,,,,,,,,,,0,1,df_305_in_bt,,1,,119160,119710,,5,,,,,,,,,,,,,,,,,"21,33","NEW rental,docomo FS050W 無制限"
1674,16873,380,3241,Insurance [YES] / Additional Battery [YES],306-307Days (Value Rental Pack:6Months Pack＋4Months Pack＋5Days),,,docomo FS050W Unlimited Data,1,,,,,,,,*,,*,,,,,,,,,,,,,,,,,,,,,,,,0,1,df_306_in_bt,,1,,120200,120750,,5,,,,,,,,,,,,,,,,,"21,33","NEW rental,docomo FS050W 無制限"
1674,16877,380,3242,Insurance [YES] / Additional Battery [YES],307-308Days (Value Rental Pack:6Months Pack＋4Months Pack＋6Days),,,docomo FS050W Unlimited Data,1,,,,,,,,*,,*,,,,,,,,,,,,,,,,,,,,,,,,0,1,df_307_in_bt,,1,,121240,121790,,5,,,,,,,,,,,,,,,,,"21,33","NEW rental,docomo FS050W 無制限"
1674,16881,380,3243,Insurance [YES] / Additional Battery [YES],308-309Days (Value Rental Pack:6Months Pack＋4Months Pack＋7Days),,,docomo FS050W Unlimited Data,1,,,,,,,,*,,*,,,,,,,,,,,,,,,,,,,,,,,,0,1,df_308_in_bt,,1,,122230,122780,,5,,,,,,,,,,,,,,,,,"21,33","NEW rental,docomo FS050W 無制限"
1674,16885,380,3244,Insurance [YES] / Additional Battery [YES],309-310Days (Value Rental Pack:6Months Pack＋4Months Pack＋8Days),,,docomo FS050W Unlimited Data,1,,,,,,,,*,,*,,,,,,,,,,,,,,,,,,,,,,,,0,1,df_309_in_bt,,1,,123220,123770,,5,,,,,,,,,,,,,,,,,"21,33","NEW rental,docomo FS050W 無制限"
1674,16889,380,3245,Insurance [YES] / Additional Battery [YES],310-311Days (Value Rental Pack:6Months Pack＋4Months Pack＋9Days),,,docomo FS050W Unlimited Data,1,,,,,,,,*,,*,,,,,,,,,,,,,,,,,,,,,,,,0,1,df_310_in_bt,,1,,124210,124760,,5,,,,,,,,,,,,,,,,,"21,33","NEW rental,docomo FS050W 無制限"
1674,16893,380,3246,Insurance [YES] / Additional Battery [YES],311-312Days (Value Rental Pack:6Months Pack＋5Months Pack),,,docomo FS050W Unlimited Data,1,,,,,,,,*,,*,,,,,,,,,,,,,,,,,,,,,,,,0,1,df_331_in_bt,,1,,124700,125250,,5,,,,,,,,,,,,,,,,,"21,33","NEW rental,docomo FS050W 無制限"
1674,16897,380,3247,Insurance [YES] / Additional Battery [YES],312-313Days (Value Rental Pack:6Months Pack＋5Months Pack),,,docomo FS050W Unlimited Data,1,,,,,,,,*,,*,,,,,,,,,,,,,,,,,,,,,,,,0,1,df_331_in_bt,,1,,124700,125250,,5,,,,,,,,,,,,,,,,,"21,33","NEW rental,docomo FS050W 無制限"
1674,16901,380,3248,Insurance [YES] / Additional Battery [YES],313-314Days (Value Rental Pack:6Months Pack＋5Months Pack),,,docomo FS050W Unlimited Data,1,,,,,,,,*,,*,,,,,,,,,,,,,,,,,,,,,,,,0,1,df_331_in_bt,,1,,124700,125250,,5,,,,,,,,,,,,,,,,,"21,33","NEW rental,docomo FS050W 無制限"
1674,16905,380,3249,Insurance [YES] / Additional Battery [YES],314-315Days (Value Rental Pack:6Months Pack＋5Months Pack),,,docomo FS050W Unlimited Data,1,,,,,,,,*,,*,,,,,,,,,,,,,,,,,,,,,,,,0,1,df_331_in_bt,,1,,124700,125250,,5,,,,,,,,,,,,,,,,,"21,33","NEW rental,docomo FS050W 無制限"
1674,16909,380,3250,Insurance [YES] / Additional Battery [YES],315-316Days (Value Rental Pack:6Months Pack＋5Months Pack),,,docomo FS050W Unlimited Data,1,,,,,,,,*,,*,,,,,,,,,,,,,,,,,,,,,,,,0,1,df_331_in_bt,,1,,124700,125250,,5,,,,,,,,,,,,,,,,,"21,33","NEW rental,docomo FS050W 無制限"
1674,16913,380,3251,Insurance [YES] / Additional Battery [YES],316-317Days (Value Rental Pack:6Months Pack＋5Months Pack),,,docomo FS050W Unlimited Data,1,,,,,,,,*,,*,,,,,,,,,,,,,,,,,,,,,,,,0,1,df_331_in_bt,,1,,124700,125250,,5,,,,,,,,,,,,,,,,,"21,33","NEW rental,docomo FS050W 無制限"
1674,16917,380,3252,Insurance [YES] / Additional Battery [YES],317-318Days (Value Rental Pack:6Months Pack＋5Months Pack),,,docomo FS050W Unlimited Data,1,,,,,,,,*,,*,,,,,,,,,,,,,,,,,,,,,,,,0,1,df_331_in_bt,,1,,124700,125250,,5,,,,,,,,,,,,,,,,,"21,33","NEW rental,docomo FS050W 無制限"
1674,16921,380,3253,Insurance [YES] / Additional Battery [YES],318-319Days (Value Rental Pack:6Months Pack＋5Months Pack),,,docomo FS050W Unlimited Data,1,,,,,,,,*,,*,,,,,,,,,,,,,,,,,,,,,,,,0,1,df_331_in_bt,,1,,124700,125250,,5,,,,,,,,,,,,,,,,,"21,33","NEW rental,docomo FS050W 無制限"
1674,16925,380,3254,Insurance [YES] / Additional Battery [YES],319-320Days (Value Rental Pack:6Months Pack＋5Months Pack),,,docomo FS050W Unlimited Data,1,,,,,,,,*,,*,,,,,,,,,,,,,,,,,,,,,,,,0,1,df_331_in_bt,,1,,124700,125250,,5,,,,,,,,,,,,,,,,,"21,33","NEW rental,docomo FS050W 無制限"
1674,16929,380,3255,Insurance [YES] / Additional Battery [YES],320-321Days (Value Rental Pack:6Months Pack＋5Months Pack),,,docomo FS050W Unlimited Data,1,,,,,,,,*,,*,,,,,,,,,,,,,,,,,,,,,,,,0,1,df_331_in_bt,,1,,124700,125250,,5,,,,,,,,,,,,,,,,,"21,33","NEW rental,docomo FS050W 無制限"
1674,16933,380,3256,Insurance [YES] / Additional Battery [YES],321-322Days (Value Rental Pack:6Months Pack＋5Months Pack),,,docomo FS050W Unlimited Data,1,,,,,,,,*,,*,,,,,,,,,,,,,,,,,,,,,,,,0,1,df_331_in_bt,,1,,124700,125250,,5,,,,,,,,,,,,,,,,,"21,33","NEW rental,docomo FS050W 無制限"
1674,16937,380,3257,Insurance [YES] / Additional Battery [YES],322-323Days (Value Rental Pack:6Months Pack＋5Months Pack),,,docomo FS050W Unlimited Data,1,,,,,,,,*,,*,,,,,,,,,,,,,,,,,,,,,,,,0,1,df_331_in_bt,,1,,124700,125250,,5,,,,,,,,,,,,,,,,,"21,33","NEW rental,docomo FS050W 無制限"
1674,16941,380,3258,Insurance [YES] / Additional Battery [YES],323-324Days (Value Rental Pack:6Months Pack＋5Months Pack),,,docomo FS050W Unlimited Data,1,,,,,,,,*,,*,,,,,,,,,,,,,,,,,,,,,,,,0,1,df_331_in_bt,,1,,124700,125250,,5,,,,,,,,,,,,,,,,,"21,33","NEW rental,docomo FS050W 無制限"
1674,16945,380,3259,Insurance [YES] / Additional Battery [YES],324-325Days (Value Rental Pack:6Months Pack＋5Months Pack),,,docomo FS050W Unlimited Data,1,,,,,,,,*,,*,,,,,,,,,,,,,,,,,,,,,,,,0,1,df_331_in_bt,,1,,124700,125250,,5,,,,,,,,,,,,,,,,,"21,33","NEW rental,docomo FS050W 無制限"
1674,16949,380,3260,Insurance [YES] / Additional Battery [YES],325-326Days (Value Rental Pack:6Months Pack＋5Months Pack),,,docomo FS050W Unlimited Data,1,,,,,,,,*,,*,,,,,,,,,,,,,,,,,,,,,,,,0,1,df_331_in_bt,,1,,124700,125250,,5,,,,,,,,,,,,,,,,,"21,33","NEW rental,docomo FS050W 無制限"
1674,16953,380,3261,Insurance [YES] / Additional Battery [YES],326-327Days (Value Rental Pack:6Months Pack＋5Months Pack),,,docomo FS050W Unlimited Data,1,,,,,,,,*,,*,,,,,,,,,,,,,,,,,,,,,,,,0,1,df_331_in_bt,,1,,124700,125250,,5,,,,,,,,,,,,,,,,,"21,33","NEW rental,docomo FS050W 無制限"
1674,16957,380,3262,Insurance [YES] / Additional Battery [YES],327-328Days (Value Rental Pack:6Months Pack＋5Months Pack),,,docomo FS050W Unlimited Data,1,,,,,,,,*,,*,,,,,,,,,,,,,,,,,,,,,,,,0,1,df_331_in_bt,,1,,124700,125250,,5,,,,,,,,,,,,,,,,,"21,33","NEW rental,docomo FS050W 無制限"
1674,16961,380,3263,Insurance [YES] / Additional Battery [YES],328-329Days (Value Rental Pack:6Months Pack＋5Months Pack),,,docomo FS050W Unlimited Data,1,,,,,,,,*,,*,,,,,,,,,,,,,,,,,,,,,,,,0,1,df_331_in_bt,,1,,124700,125250,,5,,,,,,,,,,,,,,,,,"21,33","NEW rental,docomo FS050W 無制限"
1674,16965,380,3264,Insurance [YES] / Additional Battery [YES],329-330Days (Value Rental Pack:6Months Pack＋5Months Pack),,,docomo FS050W Unlimited Data,1,,,,,,,,*,,*,,,,,,,,,,,,,,,,,,,,,,,,0,1,df_331_in_bt,,1,,124700,125250,,5,,,,,,,,,,,,,,,,,"21,33","NEW rental,docomo FS050W 無制限"
1674,16969,380,3265,Insurance [YES] / Additional Battery [YES],330-331Days (Value Rental Pack:6Months Pack＋5Months Pack),,,docomo FS050W Unlimited Data,1,,,,,,,,*,,*,,,,,,,,,,,,,,,,,,,,,,,,0,1,df_331_in_bt,,1,,124700,125250,,5,,,,,,,,,,,,,,,,,"21,33","NEW rental,docomo FS050W 無制限"
1674,16973,380,3266,Insurance [YES] / Additional Battery [YES],331-332Days (Value Rental Pack:6Months Pack＋5Months Pack),,,docomo FS050W Unlimited Data,1,,,,,,,,*,,*,,,,,,,,,,,,,,,,,,,,,,,,0,1,df_331_in_bt,,1,,124700,125250,,5,,,,,,,,,,,,,,,,,"21,33","NEW rental,docomo FS050W 無制限"
1674,16977,380,3267,Insurance [YES] / Additional Battery [YES],332-333Days (Value Rental Pack:6Months Pack＋5Months Pack＋1Day),,,docomo FS050W Unlimited Data,1,,,,,,,,*,,*,,,,,,,,,,,,,,,,,,,,,,,,0,1,df_332_in_bt,,1,,125740,126290,,5,,,,,,,,,,,,,,,,,"21,33","NEW rental,docomo FS050W 無制限"
1674,16981,380,3268,Insurance [YES] / Additional Battery [YES],333-334Days (Value Rental Pack:6Months Pack＋5Months Pack＋2Days),,,docomo FS050W Unlimited Data,1,,,,,,,,*,,*,,,,,,,,,,,,,,,,,,,,,,,,0,1,df_333_in_bt,,1,,126780,127330,,5,,,,,,,,,,,,,,,,,"21,33","NEW rental,docomo FS050W 無制限"
1674,16985,380,3269,Insurance [YES] / Additional Battery [YES],334-335Days (Value Rental Pack:6Months Pack＋5Months Pack＋3Days),,,docomo FS050W Unlimited Data,1,,,,,,,,*,,*,,,,,,,,,,,,,,,,,,,,,,,,0,1,df_334_in_bt,,1,,127820,128370,,5,,,,,,,,,,,,,,,,,"21,33","NEW rental,docomo FS050W 無制限"
1674,16989,380,3270,Insurance [YES] / Additional Battery [YES],335-336Days (Value Rental Pack:6Months Pack＋5Months Pack＋4Days),,,docomo FS050W Unlimited Data,1,,,,,,,,*,,*,,,,,,,,,,,,,,,,,,,,,,,,0,1,df_335_in_bt,,1,,128860,129410,,5,,,,,,,,,,,,,,,,,"21,33","NEW rental,docomo FS050W 無制限"
1674,16993,380,3271,Insurance [YES] / Additional Battery [YES],336-337Days (Value Rental Pack:6Months Pack＋5Months Pack＋5Days),,,docomo FS050W Unlimited Data,1,,,,,,,,*,,*,,,,,,,,,,,,,,,,,,,,,,,,0,1,df_336_in_bt,,1,,129900,130450,,5,,,,,,,,,,,,,,,,,"21,33","NEW rental,docomo FS050W 無制限"
1674,16997,380,3272,Insurance [YES] / Additional Battery [YES],337-338Days (Value Rental Pack:6Months Pack＋5Months Pack＋6Days),,,docomo FS050W Unlimited Data,1,,,,,,,,*,,*,,,,,,,,,,,,,,,,,,,,,,,,0,1,df_337_in_bt,,1,,130940,131490,,5,,,,,,,,,,,,,,,,,"21,33","NEW rental,docomo FS050W 無制限"
1674,17001,380,3273,Insurance [YES] / Additional Battery [YES],338-339Days (Value Rental Pack:6Months Pack＋5Months Pack＋7Days),,,docomo FS050W Unlimited Data,1,,,,,,,,*,,*,,,,,,,,,,,,,,,,,,,,,,,,0,1,df_338_in_bt,,1,,131930,132480,,5,,,,,,,,,,,,,,,,,"21,33","NEW rental,docomo FS050W 無制限"
1674,17005,380,3274,Insurance [YES] / Additional Battery [YES],339-340Days (Value Rental Pack:6Months Pack＋5Months Pack＋8Days),,,docomo FS050W Unlimited Data,1,,,,,,,,*,,*,,,,,,,,,,,,,,,,,,,,,,,,0,1,df_339_in_bt,,1,,132920,133470,,5,,,,,,,,,,,,,,,,,"21,33","NEW rental,docomo FS050W 無制限"
1674,17009,380,3275,Insurance [YES] / Additional Battery [YES],340-341Days (Value Rental Pack:6Months Pack＋6Months Pack),,,docomo FS050W Unlimited Data,1,,,,,,,,*,,*,,,,,,,,,,,,,,,,,,,,,,,,0,1,df_361_in_bt,,1,,133300,133850,,5,,,,,,,,,,,,,,,,,"21,33","NEW rental,docomo FS050W 無制限"
1674,17013,380,3276,Insurance [YES] / Additional Battery [YES],341-342Days (Value Rental Pack:6Months Pack＋6Months Pack),,,docomo FS050W Unlimited Data,1,,,,,,,,*,,*,,,,,,,,,,,,,,,,,,,,,,,,0,1,df_361_in_bt,,1,,133300,133850,,5,,,,,,,,,,,,,,,,,"21,33","NEW rental,docomo FS050W 無制限"
1674,17017,380,3277,Insurance [YES] / Additional Battery [YES],342-343Days (Value Rental Pack:6Months Pack＋6Months Pack),,,docomo FS050W Unlimited Data,1,,,,,,,,*,,*,,,,,,,,,,,,,,,,,,,,,,,,0,1,df_361_in_bt,,1,,133300,133850,,5,,,,,,,,,,,,,,,,,"21,33","NEW rental,docomo FS050W 無制限"
1674,17021,380,3278,Insurance [YES] / Additional Battery [YES],343-344Days (Value Rental Pack:6Months Pack＋6Months Pack),,,docomo FS050W Unlimited Data,1,,,,,,,,*,,*,,,,,,,,,,,,,,,,,,,,,,,,0,1,df_361_in_bt,,1,,133300,133850,,5,,,,,,,,,,,,,,,,,"21,33","NEW rental,docomo FS050W 無制限"
1674,17025,380,3279,Insurance [YES] / Additional Battery [YES],344-345Days (Value Rental Pack:6Months Pack＋6Months Pack),,,docomo FS050W Unlimited Data,1,,,,,,,,*,,*,,,,,,,,,,,,,,,,,,,,,,,,0,1,df_361_in_bt,,1,,133300,133850,,5,,,,,,,,,,,,,,,,,"21,33","NEW rental,docomo FS050W 無制限"
1674,17029,380,3280,Insurance [YES] / Additional Battery [YES],345-346Days (Value Rental Pack:6Months Pack＋6Months Pack),,,docomo FS050W Unlimited Data,1,,,,,,,,*,,*,,,,,,,,,,,,,,,,,,,,,,,,0,1,df_361_in_bt,,1,,133300,133850,,5,,,,,,,,,,,,,,,,,"21,33","NEW rental,docomo FS050W 無制限"
1674,17033,380,3281,Insurance [YES] / Additional Battery [YES],346-347Days (Value Rental Pack:6Months Pack＋6Months Pack),,,docomo FS050W Unlimited Data,1,,,,,,,,*,,*,,,,,,,,,,,,,,,,,,,,,,,,0,1,df_361_in_bt,,1,,133300,133850,,5,,,,,,,,,,,,,,,,,"21,33","NEW rental,docomo FS050W 無制限"
1674,17037,380,3282,Insurance [YES] / Additional Battery [YES],347-348Days (Value Rental Pack:6Months Pack＋6Months Pack),,,docomo FS050W Unlimited Data,1,,,,,,,,*,,*,,,,,,,,,,,,,,,,,,,,,,,,0,1,df_361_in_bt,,1,,133300,133850,,5,,,,,,,,,,,,,,,,,"21,33","NEW rental,docomo FS050W 無制限"
1674,17041,380,3283,Insurance [YES] / Additional Battery [YES],348-349Days (Value Rental Pack:6Months Pack＋6Months Pack),,,docomo FS050W Unlimited Data,1,,,,,,,,*,,*,,,,,,,,,,,,,,,,,,,,,,,,0,1,df_361_in_bt,,1,,133300,133850,,5,,,,,,,,,,,,,,,,,"21,33","NEW rental,docomo FS050W 無制限"
1674,17045,380,3284,Insurance [YES] / Additional Battery [YES],349-350Days (Value Rental Pack:6Months Pack＋6Months Pack),,,docomo FS050W Unlimited Data,1,,,,,,,,*,,*,,,,,,,,,,,,,,,,,,,,,,,,0,1,df_361_in_bt,,1,,133300,133850,,5,,,,,,,,,,,,,,,,,"21,33","NEW rental,docomo FS050W 無制限"
1674,17049,380,3285,Insurance [YES] / Additional Battery [YES],350-351Days (Value Rental Pack:6Months Pack＋6Months Pack),,,docomo FS050W Unlimited Data,1,,,,,,,,*,,*,,,,,,,,,,,,,,,,,,,,,,,,0,1,df_361_in_bt,,1,,133300,133850,,5,,,,,,,,,,,,,,,,,"21,33","NEW rental,docomo FS050W 無制限"
1674,17053,380,3286,Insurance [YES] / Additional Battery [YES],351-352Days (Value Rental Pack:6Months Pack＋6Months Pack),,,docomo FS050W Unlimited Data,1,,,,,,,,*,,*,,,,,,,,,,,,,,,,,,,,,,,,0,1,df_361_in_bt,,1,,133300,133850,,5,,,,,,,,,,,,,,,,,"21,33","NEW rental,docomo FS050W 無制限"
1674,17057,380,3287,Insurance [YES] / Additional Battery [YES],352-353Days (Value Rental Pack:6Months Pack＋6Months Pack),,,docomo FS050W Unlimited Data,1,,,,,,,,*,,*,,,,,,,,,,,,,,,,,,,,,,,,0,1,df_361_in_bt,,1,,133300,133850,,5,,,,,,,,,,,,,,,,,"21,33","NEW rental,docomo FS050W 無制限"
1674,17061,380,3288,Insurance [YES] / Additional Battery [YES],353-354Days (Value Rental Pack:6Months Pack＋6Months Pack),,,docomo FS050W Unlimited Data,1,,,,,,,,*,,*,,,,,,,,,,,,,,,,,,,,,,,,0,1,df_361_in_bt,,1,,133300,133850,,5,,,,,,,,,,,,,,,,,"21,33","NEW rental,docomo FS050W 無制限"
1674,17065,380,3289,Insurance [YES] / Additional Battery [YES],354-355Days (Value Rental Pack:6Months Pack＋6Months Pack),,,docomo FS050W Unlimited Data,1,,,,,,,,*,,*,,,,,,,,,,,,,,,,,,,,,,,,0,1,df_361_in_bt,,1,,133300,133850,,5,,,,,,,,,,,,,,,,,"21,33","NEW rental,docomo FS050W 無制限"
1674,17069,380,3290,Insurance [YES] / Additional Battery [YES],355-356Days (Value Rental Pack:6Months Pack＋6Months Pack),,,docomo FS050W Unlimited Data,1,,,,,,,,*,,*,,,,,,,,,,,,,,,,,,,,,,,,0,1,df_361_in_bt,,1,,133300,133850,,5,,,,,,,,,,,,,,,,,"21,33","NEW rental,docomo FS050W 無制限"
1674,17073,380,3291,Insurance [YES] / Additional Battery [YES],356-357Days (Value Rental Pack:6Months Pack＋6Months Pack),,,docomo FS050W Unlimited Data,1,,,,,,,,*,,*,,,,,,,,,,,,,,,,,,,,,,,,0,1,df_361_in_bt,,1,,133300,133850,,5,,,,,,,,,,,,,,,,,"21,33","NEW rental,docomo FS050W 無制限"
1674,17077,380,3292,Insurance [YES] / Additional Battery [YES],357-358Days (Value Rental Pack:6Months Pack＋6Months Pack),,,docomo FS050W Unlimited Data,1,,,,,,,,*,,*,,,,,,,,,,,,,,,,,,,,,,,,0,1,df_361_in_bt,,1,,133300,133850,,5,,,,,,,,,,,,,,,,,"21,33","NEW rental,docomo FS050W 無制限"
1674,17081,380,3293,Insurance [YES] / Additional Battery [YES],358-359Days (Value Rental Pack:6Months Pack＋6Months Pack),,,docomo FS050W Unlimited Data,1,,,,,,,,*,,*,,,,,,,,,,,,,,,,,,,,,,,,0,1,df_361_in_bt,,1,,133300,133850,,5,,,,,,,,,,,,,,,,,"21,33","NEW rental,docomo FS050W 無制限"
1674,17085,380,3294,Insurance [YES] / Additional Battery [YES],359-360Days (Value Rental Pack:6Months Pack＋6Months Pack),,,docomo FS050W Unlimited Data,1,,,,,,,,*,,*,,,,,,,,,,,,,,,,,,,,,,,,0,1,df_361_in_bt,,1,,133300,133850,,5,,,,,,,,,,,,,,,,,"21,33","NEW rental,docomo FS050W 無制限"
1674,17089,380,3295,Insurance [YES] / Additional Battery [YES],360-361Days (Value Rental Pack:6Months Pack＋6Months Pack),,,docomo FS050W Unlimited Data,1,,,,,,,,*,,*,,,,,,,,,,,,,,,,,,,,,,,,0,1,df_361_in_bt,,1,,133300,133850,,5,,,,,,,,,,,,,,,,,"21,33","NEW rental,docomo FS050W 無制限"
1674,17093,380,3296,Insurance [YES] / Additional Battery [YES],361-362Days (Value Rental Pack:6Months Pack＋6Months Pack),,,docomo FS050W Unlimited Data,1,,,,,,,,*,,*,,,,,,,,,,,,,,,,,,,,,,,,0,1,df_361_in_bt,,1,,133300,133850,,5,,,,,,,,,,,,,,,,,"21,33","NEW rental,docomo FS050W 無制限"
1674,17097,380,3297,Insurance [YES] / Additional Battery [YES],362-363Days (Value Rental Pack:6Months Pack＋6Months Pack＋1Day),,,docomo FS050W Unlimited Data,1,,,,,,,,*,,*,,,,,,,,,,,,,,,,,,,,,,,,0,1,df_362_in_bt,,1,,134340,134890,,5,,,,,,,,,,,,,,,,,"21,33","NEW rental,docomo FS050W 無制限"
1674,17101,380,3298,Insurance [YES] / Additional Battery [YES],363-364Days (Value Rental Pack:6Months Pack＋6Months Pack＋2Days),,,docomo FS050W Unlimited Data,1,,,,,,,,*,,*,,,,,,,,,,,,,,,,,,,,,,,,0,1,df_363_in_bt,,1,,135380,135930,,5,,,,,,,,,,,,,,,,,"21,33","NEW rental,docomo FS050W 無制限"
1674,17105,380,3299,Insurance [YES] / Additional Battery [YES],364-365Days (Value Rental Pack:6Months Pack＋6Months Pack＋3Days),,,docomo FS050W Unlimited Data,1,,,,,,,,*,,*,,,,,,,,,,,,,,,,,,,,,,,,0,1,df_364_in_bt,,1,,136420,136970,,5,,,,,,,,,,,,,,,,,"21,33","NEW rental,docomo FS050W 無制限"