商品ID,商品規格ID,親規格分類ID,規格分類ID,親規格分類名,規格分類名,メーカーID,メーカー名,商品名,表示ステータス(公開・非公開),メーカーURL(コメント1),コメント2,検索ワード(コメント3),コメント4,コメント5,コメント6,備考欄(SHOP専用),一覧-メインコメント,一覧-メイン画像,詳細-メインコメント,詳細-メイン画像,詳細-メイン拡大画像,詳細-サブタイトル(1),詳細-サブコメント(1),詳細-サブ画像(1),詳細-サブ拡大画像(1),詳細-サブタイトル(2),詳細-サブコメント(2),詳細-サブ画像(2),詳細-サブ拡大画像(2),詳細-サブタイトル(3),詳細-サブコメント(3),詳細-サブ画像(3),詳細-サブ拡大画像(3),詳細-サブタイトル(4),詳細-サブコメント(4),詳細-サブ画像(4),詳細-サブ拡大画像(4),詳細-サブタイトル(5),詳細-サブコメント(5),詳細-サブ画像(5),詳細-サブ拡大画像(5),発送日目安ID,削除フラグ,商品種別ID,商品コード,在庫数,在庫無制限フラグ,販売制限数,通常価格,販売価格,送料,ポイント付与率,ダウンロードファイル名,ダウンロード実ファイル,関連商品ID(1),関連商品コメント(1),関連商品ID(2),関連商品コメント(2),関連商品ID(3),関連商品コメント(3),関連商品ID(4),関連商品コメント(4),関連商品ID(5),関連商品コメント(5),関連商品ID(6),関連商品コメント(6),商品ステータス,商品ステータス名,カテゴリID,カテゴリ名
869,,10,8,None (+ 0 JPY),None (+ 0 JPY),,,[1 Days RENTAL] SoftBank 601HW [WHITE] Premium 50GB,1,,,,,,,,[1 Days RENTAL] SoftBank 601HW [WHITE] Premium 50GB,sl.jpg,*,sl.jpg,sl.jpg,,,,,,,,,,,,,,,,,,,,,,0,1,sl_000,,1,,550,550,,5,,,,,,,,,,,,,,,,,17,SoftBank 601HW プレミアム50GB
870,,10,8,None (+ 0 JPY),None (+ 0 JPY),,,[2 Days RENTAL] SoftBank 601HW [WHITE] Premium 50GB,1,,,,,,,,[2 Days RENTAL] SoftBank 601HW [WHITE] Premium 50GB,sl.jpg,*,sl.jpg,sl.jpg,,,,,,,,,,,,,,,,,,,,,,0,1,sl_001,,1,,1100,1100,,5,,,,,,,,,,,,,,,,,17,SoftBank 601HW プレミアム50GB
871,,10,8,None (+ 0 JPY),None (+ 0 JPY),,,[3 Days RENTAL] SoftBank 601HW [WHITE] Premium 50GB,1,,,,,,,,[3 Days RENTAL] SoftBank 601HW [WHITE] Premium 50GB,sl.jpg,*,sl.jpg,sl.jpg,,,,,,,,,,,,,,,,,,,,,,0,1,sl_002,,1,,1650,1650,,5,,,,,,,,,,,,,,,,,17,SoftBank 601HW プレミアム50GB
872,,10,8,None (+ 0 JPY),None (+ 0 JPY),,,[4 Days RENTAL] SoftBank 601HW [WHITE] Premium 50GB,1,,,,,,,,[4 Days RENTAL] SoftBank 601HW [WHITE] Premium 50GB,sl.jpg,*,sl.jpg,sl.jpg,,,,,,,,,,,,,,,,,,,,,,0,1,sl_003,,1,,2200,2200,,5,,,,,,,,,,,,,,,,,17,SoftBank 601HW プレミアム50GB
873,,10,8,None (+ 0 JPY),None (+ 0 JPY),,,[5 Days RENTAL] SoftBank 601HW [WHITE] Premium 50GB,1,,,,,,,,[5 Days RENTAL] SoftBank 601HW [WHITE] Premium 50GB,sl.jpg,*,sl.jpg,sl.jpg,,,,,,,,,,,,,,,,,,,,,,0,1,sl_004,,1,,2750,2750,,5,,,,,,,,,,,,,,,,,17,SoftBank 601HW プレミアム50GB
874,,10,8,None (+ 0 JPY),None (+ 0 JPY),,,[6 Days RENTAL] SoftBank 601HW [WHITE] Premium 50GB,1,,,,,,,,[6 Days RENTAL] SoftBank 601HW [WHITE] Premium 50GB,sl.jpg,*,sl.jpg,sl.jpg,,,,,,,,,,,,,,,,,,,,,,0,1,sl_005,,1,,3300,3300,,5,,,,,,,,,,,,,,,,,17,SoftBank 601HW プレミアム50GB
875,,10,8,None (+ 0 JPY),None (+ 0 JPY),,,[7 Days RENTAL] SoftBank 601HW [WHITE] Premium 50GB,1,,,,,,,,[7 Days RENTAL] SoftBank 601HW [WHITE] Premium 50GB,sl.jpg,*,sl.jpg,sl.jpg,,,,,,,,,,,,,,,,,,,,,,0,1,sl_006,,1,,3850,3850,,5,,,,,,,,,,,,,,,,,17,SoftBank 601HW プレミアム50GB
876,,10,8,None (+ 0 JPY),None (+ 0 JPY),,,[8 Days RENTAL] SoftBank 601HW [WHITE] Premium 50GB,1,,,,,,,,[8 Days RENTAL] SoftBank 601HW [WHITE] Premium 50GB,sl.jpg,*,sl.jpg,sl.jpg,,,,,,,,,,,,,,,,,,,,,,0,1,sl_007,,1,,4400,4400,,5,,,,,,,,,,,,,,,,,17,SoftBank 601HW プレミアム50GB
877,,10,8,None (+ 0 JPY),None (+ 0 JPY),,,[9 Days RENTAL] SoftBank 601HW [WHITE] Premium 50GB,1,,,,,,,,[9 Days RENTAL] SoftBank 601HW [WHITE] Premium 50GB,sl.jpg,*,sl.jpg,sl.jpg,,,,,,,,,,,,,,,,,,,,,,0,1,sl_008,,1,,4950,4950,,5,,,,,,,,,,,,,,,,,17,SoftBank 601HW プレミアム50GB
878,,10,8,None (+ 0 JPY),None (+ 0 JPY),,,[10 Days RENTAL] SoftBank 601HW [WHITE] Premium 50GB,1,,,,,,,,[10 Days RENTAL] SoftBank 601HW [WHITE] Premium 50GB,sl.jpg,*,sl.jpg,sl.jpg,,,,,,,,,,,,,,,,,,,,,,0,1,sl_009,,1,,5500,5500,,5,,,,,,,,,,,,,,,,,17,SoftBank 601HW プレミアム50GB
879,,10,8,None (+ 0 JPY),None (+ 0 JPY),,,[11 Days RENTAL] SoftBank 601HW [WHITE] Premium 50GB,1,,,,,,,,[11 Days RENTAL] SoftBank 601HW [WHITE] Premium 50GB,sl.jpg,*,sl.jpg,sl.jpg,,,,,,,,,,,,,,,,,,,,,,0,1,sl_010,,1,,6050,6050,,5,,,,,,,,,,,,,,,,,17,SoftBank 601HW プレミアム50GB
880,,10,8,None (+ 0 JPY),None (+ 0 JPY),,,[12 Days RENTAL] SoftBank 601HW [WHITE] Premium 50GB,1,,,,,,,,[12 Days RENTAL] SoftBank 601HW [WHITE] Premium 50GB,sl.jpg,*,sl.jpg,sl.jpg,,,,,,,,,,,,,,,,,,,,,,0,1,sl_011,,1,,6600,6600,,5,,,,,,,,,,,,,,,,,17,SoftBank 601HW プレミアム50GB
881,,10,8,None (+ 0 JPY),None (+ 0 JPY),,,[13 Days RENTAL] SoftBank 601HW [WHITE] Premium 50GB,1,,,,,,,,[13 Days RENTAL] SoftBank 601HW [WHITE] Premium 50GB,sl.jpg,*,sl.jpg,sl.jpg,,,,,,,,,,,,,,,,,,,,,,0,1,sl_012,,1,,7150,7150,,5,,,,,,,,,,,,,,,,,17,SoftBank 601HW プレミアム50GB
882,,10,8,None (+ 0 JPY),None (+ 0 JPY),,,[14 Days RENTAL] SoftBank 601HW [WHITE] Premium 50GB,1,,,,,,,,[14 Days RENTAL] SoftBank 601HW [WHITE] Premium 50GB,sl.jpg,*,sl.jpg,sl.jpg,,,,,,,,,,,,,,,,,,,,,,0,1,sl_013,,1,,7700,7700,,5,,,,,,,,,,,,,,,,,17,SoftBank 601HW プレミアム50GB
883,,10,8,None (+ 0 JPY),None (+ 0 JPY),,,[15 Days RENTAL] SoftBank 601HW [WHITE] Premium 50GB,1,,,,,,,,[15 Days RENTAL] SoftBank 601HW [WHITE] Premium 50GB,sl.jpg,*,sl.jpg,sl.jpg,,,,,,,,,,,,,,,,,,,,,,0,1,sl_014,,1,,8250,8250,,5,,,,,,,,,,,,,,,,,17,SoftBank 601HW プレミアム50GB
884,,10,8,None (+ 0 JPY),None (+ 0 JPY),,,[16 Days RENTAL] SoftBank 601HW [WHITE] Premium 50GB,1,,,,,,,,[16 Days RENTAL] SoftBank 601HW [WHITE] Premium 50GB,sl.jpg,*,sl.jpg,sl.jpg,,,,,,,,,,,,,,,,,,,,,,0,1,sl_015,,1,,8250,8250,,5,,,,,,,,,,,,,,,,,17,SoftBank 601HW プレミアム50GB
885,,10,8,None (+ 0 JPY),None (+ 0 JPY),,,[17 Days RENTAL] SoftBank 601HW [WHITE] Premium 50GB,1,,,,,,,,[17 Days RENTAL] SoftBank 601HW [WHITE] Premium 50GB,sl.jpg,*,sl.jpg,sl.jpg,,,,,,,,,,,,,,,,,,,,,,0,1,sl_016,,1,,8250,8250,,5,,,,,,,,,,,,,,,,,17,SoftBank 601HW プレミアム50GB
886,,10,8,None (+ 0 JPY),None (+ 0 JPY),,,[18 Days RENTAL] SoftBank 601HW [WHITE] Premium 50GB,1,,,,,,,,[18 Days RENTAL] SoftBank 601HW [WHITE] Premium 50GB,sl.jpg,*,sl.jpg,sl.jpg,,,,,,,,,,,,,,,,,,,,,,0,1,sl_017,,1,,8250,8250,,5,,,,,,,,,,,,,,,,,17,SoftBank 601HW プレミアム50GB
887,,10,8,None (+ 0 JPY),None (+ 0 JPY),,,[19 Days RENTAL] SoftBank 601HW [WHITE] Premium 50GB,1,,,,,,,,[19 Days RENTAL] SoftBank 601HW [WHITE] Premium 50GB,sl.jpg,*,sl.jpg,sl.jpg,,,,,,,,,,,,,,,,,,,,,,0,1,sl_018,,1,,8250,8250,,5,,,,,,,,,,,,,,,,,17,SoftBank 601HW プレミアム50GB
888,,10,8,None (+ 0 JPY),None (+ 0 JPY),,,[20 Days RENTAL] SoftBank 601HW [WHITE] Premium 50GB,1,,,,,,,,[20 Days RENTAL] SoftBank 601HW [WHITE] Premium 50GB,sl.jpg,*,sl.jpg,sl.jpg,,,,,,,,,,,,,,,,,,,,,,0,1,sl_019,,1,,8250,8250,,5,,,,,,,,,,,,,,,,,17,SoftBank 601HW プレミアム50GB
889,,10,8,None (+ 0 JPY),None (+ 0 JPY),,,[21 Days RENTAL] SoftBank 601HW [WHITE] Premium 50GB,1,,,,,,,,[21 Days RENTAL] SoftBank 601HW [WHITE] Premium 50GB,sl.jpg,*,sl.jpg,sl.jpg,,,,,,,,,,,,,,,,,,,,,,0,1,sl_020,,1,,8250,8250,,5,,,,,,,,,,,,,,,,,17,SoftBank 601HW プレミアム50GB
890,,10,8,None (+ 0 JPY),None (+ 0 JPY),,,[22 Days RENTAL] SoftBank 601HW [WHITE] Premium 50GB,1,,,,,,,,[22 Days RENTAL] SoftBank 601HW [WHITE] Premium 50GB,sl.jpg,*,sl.jpg,sl.jpg,,,,,,,,,,,,,,,,,,,,,,0,1,sl_021,,1,,8250,8250,,5,,,,,,,,,,,,,,,,,17,SoftBank 601HW プレミアム50GB
891,,10,8,None (+ 0 JPY),None (+ 0 JPY),,,[23 Days RENTAL] SoftBank 601HW [WHITE] Premium 50GB,1,,,,,,,,[23 Days RENTAL] SoftBank 601HW [WHITE] Premium 50GB,sl.jpg,*,sl.jpg,sl.jpg,,,,,,,,,,,,,,,,,,,,,,0,1,sl_022,,1,,8250,8250,,5,,,,,,,,,,,,,,,,,17,SoftBank 601HW プレミアム50GB
892,,10,8,None (+ 0 JPY),None (+ 0 JPY),,,[24 Days RENTAL] SoftBank 601HW [WHITE] Premium 50GB,1,,,,,,,,[24 Days RENTAL] SoftBank 601HW [WHITE] Premium 50GB,sl.jpg,*,sl.jpg,sl.jpg,,,,,,,,,,,,,,,,,,,,,,0,1,sl_023,,1,,8250,8250,,5,,,,,,,,,,,,,,,,,17,SoftBank 601HW プレミアム50GB
893,,10,8,None (+ 0 JPY),None (+ 0 JPY),,,[25 Days RENTAL] SoftBank 601HW [WHITE] Premium 50GB,1,,,,,,,,[25 Days RENTAL] SoftBank 601HW [WHITE] Premium 50GB,sl.jpg,*,sl.jpg,sl.jpg,,,,,,,,,,,,,,,,,,,,,,0,1,sl_024,,1,,8250,8250,,5,,,,,,,,,,,,,,,,,17,SoftBank 601HW プレミアム50GB
894,,10,8,None (+ 0 JPY),None (+ 0 JPY),,,[26 Days RENTAL] SoftBank 601HW [WHITE] Premium 50GB,1,,,,,,,,[26 Days RENTAL] SoftBank 601HW [WHITE] Premium 50GB,sl.jpg,*,sl.jpg,sl.jpg,,,,,,,,,,,,,,,,,,,,,,0,1,sl_025,,1,,8250,8250,,5,,,,,,,,,,,,,,,,,17,SoftBank 601HW プレミアム50GB
895,,10,8,None (+ 0 JPY),None (+ 0 JPY),,,[27 Days RENTAL] SoftBank 601HW [WHITE] Premium 50GB,1,,,,,,,,[27 Days RENTAL] SoftBank 601HW [WHITE] Premium 50GB,sl.jpg,*,sl.jpg,sl.jpg,,,,,,,,,,,,,,,,,,,,,,0,1,sl_026,,1,,8250,8250,,5,,,,,,,,,,,,,,,,,17,SoftBank 601HW プレミアム50GB
896,,10,8,None (+ 0 JPY),None (+ 0 JPY),,,[28 Days RENTAL] SoftBank 601HW [WHITE] Premium 50GB,1,,,,,,,,[28 Days RENTAL] SoftBank 601HW [WHITE] Premium 50GB,sl.jpg,*,sl.jpg,sl.jpg,,,,,,,,,,,,,,,,,,,,,,0,1,sl_027,,1,,8250,8250,,5,,,,,,,,,,,,,,,,,17,SoftBank 601HW プレミアム50GB
897,,10,8,None (+ 0 JPY),None (+ 0 JPY),,,[29 Days RENTAL] SoftBank 601HW [WHITE] Premium 50GB,1,,,,,,,,[29 Days RENTAL] SoftBank 601HW [WHITE] Premium 50GB,sl.jpg,*,sl.jpg,sl.jpg,,,,,,,,,,,,,,,,,,,,,,0,1,sl_028,,1,,8250,8250,,5,,,,,,,,,,,,,,,,,17,SoftBank 601HW プレミアム50GB
898,,10,8,None (+ 0 JPY),None (+ 0 JPY),,,[30 Days RENTAL] SoftBank 601HW [WHITE] Premium 50GB,1,,,,,,,,[30 Days RENTAL] SoftBank 601HW [WHITE] Premium 50GB,sl.jpg,*,sl.jpg,sl.jpg,,,,,,,,,,,,,,,,,,,,,,0,1,sl_029,,1,,8250,8250,,5,,,,,,,,,,,,,,,,,17,SoftBank 601HW プレミアム50GB
899,,10,8,None (+ 0 JPY),None (+ 0 JPY),,,[31 Days RENTAL] SoftBank 601HW [WHITE] Premium 50GB,1,,,,,,,,[31 Days RENTAL] SoftBank 601HW [WHITE] Premium 50GB,sl.jpg,*,sl.jpg,sl.jpg,,,,,,,,,,,,,,,,,,,,,,0,1,sl_030,,1,,8250,8250,,5,,,,,,,,,,,,,,,,,17,SoftBank 601HW プレミアム50GB
900,,10,8,None (+ 0 JPY),None (+ 0 JPY),,,[32 Days RENTAL] SoftBank 601HW [WHITE] Premium 50GB,1,,,,,,,,[32 Days RENTAL] SoftBank 601HW [WHITE] Premium 50GB,sl.jpg,*,sl.jpg,sl.jpg,,,,,,,,,,,,,,,,,,,,,,0,1,sl_031,,1,,8800,8800,,5,,,,,,,,,,,,,,,,,17,SoftBank 601HW プレミアム50GB
901,,10,8,None (+ 0 JPY),None (+ 0 JPY),,,[33 Days RENTAL] SoftBank 601HW [WHITE] Premium 50GB,1,,,,,,,,[33 Days RENTAL] SoftBank 601HW [WHITE] Premium 50GB,sl.jpg,*,sl.jpg,sl.jpg,,,,,,,,,,,,,,,,,,,,,,0,1,sl_032,,1,,9350,9350,,5,,,,,,,,,,,,,,,,,17,SoftBank 601HW プレミアム50GB
902,,10,8,None (+ 0 JPY),None (+ 0 JPY),,,[34 Days RENTAL] SoftBank 601HW [WHITE] Premium 50GB,1,,,,,,,,[34 Days RENTAL] SoftBank 601HW [WHITE] Premium 50GB,sl.jpg,*,sl.jpg,sl.jpg,,,,,,,,,,,,,,,,,,,,,,0,1,sl_033,,1,,9900,9900,,5,,,,,,,,,,,,,,,,,17,SoftBank 601HW プレミアム50GB
903,,10,8,None (+ 0 JPY),None (+ 0 JPY),,,[35 Days RENTAL] SoftBank 601HW [WHITE] Premium 50GB,1,,,,,,,,[35 Days RENTAL] SoftBank 601HW [WHITE] Premium 50GB,sl.jpg,*,sl.jpg,sl.jpg,,,,,,,,,,,,,,,,,,,,,,0,1,sl_034,,1,,10450,10450,,5,,,,,,,,,,,,,,,,,17,SoftBank 601HW プレミアム50GB
904,,10,8,None (+ 0 JPY),None (+ 0 JPY),,,[36 Days RENTAL] SoftBank 601HW [WHITE] Premium 50GB,1,,,,,,,,[36 Days RENTAL] SoftBank 601HW [WHITE] Premium 50GB,sl.jpg,*,sl.jpg,sl.jpg,,,,,,,,,,,,,,,,,,,,,,0,1,sl_035,,1,,11000,11000,,5,,,,,,,,,,,,,,,,,17,SoftBank 601HW プレミアム50GB
905,,10,8,None (+ 0 JPY),None (+ 0 JPY),,,[37 Days RENTAL] SoftBank 601HW [WHITE] Premium 50GB,1,,,,,,,,[37 Days RENTAL] SoftBank 601HW [WHITE] Premium 50GB,sl.jpg,*,sl.jpg,sl.jpg,,,,,,,,,,,,,,,,,,,,,,0,1,sl_036,,1,,11550,11550,,5,,,,,,,,,,,,,,,,,17,SoftBank 601HW プレミアム50GB
906,,10,8,None (+ 0 JPY),None (+ 0 JPY),,,[38 Days RENTAL] SoftBank 601HW [WHITE] Premium 50GB,1,,,,,,,,[38 Days RENTAL] SoftBank 601HW [WHITE] Premium 50GB,sl.jpg,*,sl.jpg,sl.jpg,,,,,,,,,,,,,,,,,,,,,,0,1,sl_037,,1,,12100,12100,,5,,,,,,,,,,,,,,,,,17,SoftBank 601HW プレミアム50GB
907,,10,8,None (+ 0 JPY),None (+ 0 JPY),,,[39 Days RENTAL] SoftBank 601HW [WHITE] Premium 50GB,1,,,,,,,,[39 Days RENTAL] SoftBank 601HW [WHITE] Premium 50GB,sl.jpg,*,sl.jpg,sl.jpg,,,,,,,,,,,,,,,,,,,,,,0,1,sl_038,,1,,12650,12650,,5,,,,,,,,,,,,,,,,,17,SoftBank 601HW プレミアム50GB
908,,10,8,None (+ 0 JPY),None (+ 0 JPY),,,[40 Days RENTAL] SoftBank 601HW [WHITE] Premium 50GB,1,,,,,,,,[40 Days RENTAL] SoftBank 601HW [WHITE] Premium 50GB,sl.jpg,*,sl.jpg,sl.jpg,,,,,,,,,,,,,,,,,,,,,,0,1,sl_039,,1,,13200,13200,,5,,,,,,,,,,,,,,,,,17,SoftBank 601HW プレミアム50GB
909,,10,8,None (+ 0 JPY),None (+ 0 JPY),,,[41 Days RENTAL] SoftBank 601HW [WHITE] Premium 50GB,1,,,,,,,,[41 Days RENTAL] SoftBank 601HW [WHITE] Premium 50GB,sl.jpg,*,sl.jpg,sl.jpg,,,,,,,,,,,,,,,,,,,,,,0,1,sl_040,,1,,13750,13750,,5,,,,,,,,,,,,,,,,,17,SoftBank 601HW プレミアム50GB
910,,10,8,None (+ 0 JPY),None (+ 0 JPY),,,[42 Days RENTAL] SoftBank 601HW [WHITE] Premium 50GB,1,,,,,,,,[42 Days RENTAL] SoftBank 601HW [WHITE] Premium 50GB,sl.jpg,*,sl.jpg,sl.jpg,,,,,,,,,,,,,,,,,,,,,,0,1,sl_041,,1,,14300,14300,,5,,,,,,,,,,,,,,,,,17,SoftBank 601HW プレミアム50GB
911,,10,8,None (+ 0 JPY),None (+ 0 JPY),,,[43 Days RENTAL] SoftBank 601HW [WHITE] Premium 50GB,1,,,,,,,,[43 Days RENTAL] SoftBank 601HW [WHITE] Premium 50GB,sl.jpg,*,sl.jpg,sl.jpg,,,,,,,,,,,,,,,,,,,,,,0,1,sl_042,,1,,14650,14650,,5,,,,,,,,,,,,,,,,,17,SoftBank 601HW プレミアム50GB
912,,10,8,None (+ 0 JPY),None (+ 0 JPY),,,[44 Days RENTAL] SoftBank 601HW [WHITE] Premium 50GB,1,,,,,,,,[44 Days RENTAL] SoftBank 601HW [WHITE] Premium 50GB,sl.jpg,*,sl.jpg,sl.jpg,,,,,,,,,,,,,,,,,,,,,,0,1,sl_043,,1,,14650,14650,,5,,,,,,,,,,,,,,,,,17,SoftBank 601HW プレミアム50GB
913,,10,8,None (+ 0 JPY),None (+ 0 JPY),,,[45 Days RENTAL] SoftBank 601HW [WHITE] Premium 50GB,1,,,,,,,,[45 Days RENTAL] SoftBank 601HW [WHITE] Premium 50GB,sl.jpg,*,sl.jpg,sl.jpg,,,,,,,,,,,,,,,,,,,,,,0,1,sl_044,,1,,14650,14650,,5,,,,,,,,,,,,,,,,,17,SoftBank 601HW プレミアム50GB
914,,10,8,None (+ 0 JPY),None (+ 0 JPY),,,[46 Days RENTAL] SoftBank 601HW [WHITE] Premium 50GB,1,,,,,,,,[46 Days RENTAL] SoftBank 601HW [WHITE] Premium 50GB,sl.jpg,*,sl.jpg,sl.jpg,,,,,,,,,,,,,,,,,,,,,,0,1,sl_045,,1,,14650,14650,,5,,,,,,,,,,,,,,,,,17,SoftBank 601HW プレミアム50GB
915,,10,8,None (+ 0 JPY),None (+ 0 JPY),,,[47 Days RENTAL] SoftBank 601HW [WHITE] Premium 50GB,1,,,,,,,,[47 Days RENTAL] SoftBank 601HW [WHITE] Premium 50GB,sl.jpg,*,sl.jpg,sl.jpg,,,,,,,,,,,,,,,,,,,,,,0,1,sl_046,,1,,14650,14650,,5,,,,,,,,,,,,,,,,,17,SoftBank 601HW プレミアム50GB
916,,10,8,None (+ 0 JPY),None (+ 0 JPY),,,[48 Days RENTAL] SoftBank 601HW [WHITE] Premium 50GB,1,,,,,,,,[48 Days RENTAL] SoftBank 601HW [WHITE] Premium 50GB,sl.jpg,*,sl.jpg,sl.jpg,,,,,,,,,,,,,,,,,,,,,,0,1,sl_047,,1,,14650,14650,,5,,,,,,,,,,,,,,,,,17,SoftBank 601HW プレミアム50GB
917,,10,8,None (+ 0 JPY),None (+ 0 JPY),,,[49 Days RENTAL] SoftBank 601HW [WHITE] Premium 50GB,1,,,,,,,,[49 Days RENTAL] SoftBank 601HW [WHITE] Premium 50GB,sl.jpg,*,sl.jpg,sl.jpg,,,,,,,,,,,,,,,,,,,,,,0,1,sl_048,,1,,14650,14650,,5,,,,,,,,,,,,,,,,,17,SoftBank 601HW プレミアム50GB
918,,10,8,None (+ 0 JPY),None (+ 0 JPY),,,[50 Days RENTAL] SoftBank 601HW [WHITE] Premium 50GB,1,,,,,,,,[50 Days RENTAL] SoftBank 601HW [WHITE] Premium 50GB,sl.jpg,*,sl.jpg,sl.jpg,,,,,,,,,,,,,,,,,,,,,,0,1,sl_049,,1,,14650,14650,,5,,,,,,,,,,,,,,,,,17,SoftBank 601HW プレミアム50GB
919,,10,8,None (+ 0 JPY),None (+ 0 JPY),,,[51 Days RENTAL] SoftBank 601HW [WHITE] Premium 50GB,1,,,,,,,,[51 Days RENTAL] SoftBank 601HW [WHITE] Premium 50GB,sl.jpg,*,sl.jpg,sl.jpg,,,,,,,,,,,,,,,,,,,,,,0,1,sl_050,,1,,14650,14650,,5,,,,,,,,,,,,,,,,,17,SoftBank 601HW プレミアム50GB
920,,10,8,None (+ 0 JPY),None (+ 0 JPY),,,[52 Days RENTAL] SoftBank 601HW [WHITE] Premium 50GB,1,,,,,,,,[52 Days RENTAL] SoftBank 601HW [WHITE] Premium 50GB,sl.jpg,*,sl.jpg,sl.jpg,,,,,,,,,,,,,,,,,,,,,,0,1,sl_051,,1,,14650,14650,,5,,,,,,,,,,,,,,,,,17,SoftBank 601HW プレミアム50GB
921,,10,8,None (+ 0 JPY),None (+ 0 JPY),,,[53 Days RENTAL] SoftBank 601HW [WHITE] Premium 50GB,1,,,,,,,,[53 Days RENTAL] SoftBank 601HW [WHITE] Premium 50GB,sl.jpg,*,sl.jpg,sl.jpg,,,,,,,,,,,,,,,,,,,,,,0,1,sl_052,,1,,14650,14650,,5,,,,,,,,,,,,,,,,,17,SoftBank 601HW プレミアム50GB
922,,10,8,None (+ 0 JPY),None (+ 0 JPY),,,[54 Days RENTAL] SoftBank 601HW [WHITE] Premium 50GB,1,,,,,,,,[54 Days RENTAL] SoftBank 601HW [WHITE] Premium 50GB,sl.jpg,*,sl.jpg,sl.jpg,,,,,,,,,,,,,,,,,,,,,,0,1,sl_053,,1,,14650,14650,,5,,,,,,,,,,,,,,,,,17,SoftBank 601HW プレミアム50GB
923,,10,8,None (+ 0 JPY),None (+ 0 JPY),,,[55 Days RENTAL] SoftBank 601HW [WHITE] Premium 50GB,1,,,,,,,,[55 Days RENTAL] SoftBank 601HW [WHITE] Premium 50GB,sl.jpg,*,sl.jpg,sl.jpg,,,,,,,,,,,,,,,,,,,,,,0,1,sl_054,,1,,14650,14650,,5,,,,,,,,,,,,,,,,,17,SoftBank 601HW プレミアム50GB
924,,10,8,None (+ 0 JPY),None (+ 0 JPY),,,[56 Days RENTAL] SoftBank 601HW [WHITE] Premium 50GB,1,,,,,,,,[56 Days RENTAL] SoftBank 601HW [WHITE] Premium 50GB,sl.jpg,*,sl.jpg,sl.jpg,,,,,,,,,,,,,,,,,,,,,,0,1,sl_055,,1,,14650,14650,,5,,,,,,,,,,,,,,,,,17,SoftBank 601HW プレミアム50GB
925,,10,8,None (+ 0 JPY),None (+ 0 JPY),,,[57 Days RENTAL] SoftBank 601HW [WHITE] Premium 50GB,1,,,,,,,,[57 Days RENTAL] SoftBank 601HW [WHITE] Premium 50GB,sl.jpg,*,sl.jpg,sl.jpg,,,,,,,,,,,,,,,,,,,,,,0,1,sl_056,,1,,14650,14650,,5,,,,,,,,,,,,,,,,,17,SoftBank 601HW プレミアム50GB
926,,10,8,None (+ 0 JPY),None (+ 0 JPY),,,[58 Days RENTAL] SoftBank 601HW [WHITE] Premium 50GB,1,,,,,,,,[58 Days RENTAL] SoftBank 601HW [WHITE] Premium 50GB,sl.jpg,*,sl.jpg,sl.jpg,,,,,,,,,,,,,,,,,,,,,,0,1,sl_057,,1,,14650,14650,,5,,,,,,,,,,,,,,,,,17,SoftBank 601HW プレミアム50GB
927,,10,8,None (+ 0 JPY),None (+ 0 JPY),,,[59 Days RENTAL] SoftBank 601HW [WHITE] Premium 50GB,1,,,,,,,,[59 Days RENTAL] SoftBank 601HW [WHITE] Premium 50GB,sl.jpg,*,sl.jpg,sl.jpg,,,,,,,,,,,,,,,,,,,,,,0,1,sl_058,,1,,14650,14650,,5,,,,,,,,,,,,,,,,,17,SoftBank 601HW プレミアム50GB
928,,10,8,None (+ 0 JPY),None (+ 0 JPY),,,[60 Days RENTAL] SoftBank 601HW [WHITE] Premium 50GB,1,,,,,,,,[60 Days RENTAL] SoftBank 601HW [WHITE] Premium 50GB,sl.jpg,*,sl.jpg,sl.jpg,,,,,,,,,,,,,,,,,,,,,,0,1,sl_059,,1,,14650,14650,,5,,,,,,,,,,,,,,,,,17,SoftBank 601HW プレミアム50GB
929,,10,8,None (+ 0 JPY),None (+ 0 JPY),,,[61 Days RENTAL] SoftBank 601HW [WHITE] Premium 50GB,1,,,,,,,,[61 Days RENTAL] SoftBank 601HW [WHITE] Premium 50GB,sl.jpg,*,sl.jpg,sl.jpg,,,,,,,,,,,,,,,,,,,,,,0,1,sl_060,,1,,14650,14650,,5,,,,,,,,,,,,,,,,,17,SoftBank 601HW プレミアム50GB
930,,10,8,None (+ 0 JPY),None (+ 0 JPY),,,[62 Days RENTAL] SoftBank 601HW [WHITE] Premium 50GB,1,,,,,,,,[62 Days RENTAL] SoftBank 601HW [WHITE] Premium 50GB,sl.jpg,*,sl.jpg,sl.jpg,,,,,,,,,,,,,,,,,,,,,,0,1,sl_061,,1,,15200,15200,,5,,,,,,,,,,,,,,,,,17,SoftBank 601HW プレミアム50GB
931,,10,8,None (+ 0 JPY),None (+ 0 JPY),,,[63 Days RENTAL] SoftBank 601HW [WHITE] Premium 50GB,1,,,,,,,,[63 Days RENTAL] SoftBank 601HW [WHITE] Premium 50GB,sl.jpg,*,sl.jpg,sl.jpg,,,,,,,,,,,,,,,,,,,,,,0,1,sl_062,,1,,15750,15750,,5,,,,,,,,,,,,,,,,,17,SoftBank 601HW プレミアム50GB
932,,10,8,None (+ 0 JPY),None (+ 0 JPY),,,[64 Days RENTAL] SoftBank 601HW [WHITE] Premium 50GB,1,,,,,,,,[64 Days RENTAL] SoftBank 601HW [WHITE] Premium 50GB,sl.jpg,*,sl.jpg,sl.jpg,,,,,,,,,,,,,,,,,,,,,,0,1,sl_063,,1,,16300,16300,,5,,,,,,,,,,,,,,,,,17,SoftBank 601HW プレミアム50GB
933,,10,8,None (+ 0 JPY),None (+ 0 JPY),,,[65 Days RENTAL] SoftBank 601HW [WHITE] Premium 50GB,1,,,,,,,,[65 Days RENTAL] SoftBank 601HW [WHITE] Premium 50GB,sl.jpg,*,sl.jpg,sl.jpg,,,,,,,,,,,,,,,,,,,,,,0,1,sl_064,,1,,16850,16850,,5,,,,,,,,,,,,,,,,,17,SoftBank 601HW プレミアム50GB
934,,10,8,None (+ 0 JPY),None (+ 0 JPY),,,[66 Days RENTAL] SoftBank 601HW [WHITE] Premium 50GB,1,,,,,,,,[66 Days RENTAL] SoftBank 601HW [WHITE] Premium 50GB,sl.jpg,*,sl.jpg,sl.jpg,,,,,,,,,,,,,,,,,,,,,,0,1,sl_065,,1,,17400,17400,,5,,,,,,,,,,,,,,,,,17,SoftBank 601HW プレミアム50GB
935,,10,8,None (+ 0 JPY),None (+ 0 JPY),,,[67 Days RENTAL] SoftBank 601HW [WHITE] Premium 50GB,1,,,,,,,,[67 Days RENTAL] SoftBank 601HW [WHITE] Premium 50GB,sl.jpg,*,sl.jpg,sl.jpg,,,,,,,,,,,,,,,,,,,,,,0,1,sl_066,,1,,17950,17950,,5,,,,,,,,,,,,,,,,,17,SoftBank 601HW プレミアム50GB
936,,10,8,None (+ 0 JPY),None (+ 0 JPY),,,[68 Days RENTAL] SoftBank 601HW [WHITE] Premium 50GB,1,,,,,,,,[68 Days RENTAL] SoftBank 601HW [WHITE] Premium 50GB,sl.jpg,*,sl.jpg,sl.jpg,,,,,,,,,,,,,,,,,,,,,,0,1,sl_067,,1,,18500,18500,,5,,,,,,,,,,,,,,,,,17,SoftBank 601HW プレミアム50GB
937,,10,8,None (+ 0 JPY),None (+ 0 JPY),,,[69 Days RENTAL] SoftBank 601HW [WHITE] Premium 50GB,1,,,,,,,,[69 Days RENTAL] SoftBank 601HW [WHITE] Premium 50GB,sl.jpg,*,sl.jpg,sl.jpg,,,,,,,,,,,,,,,,,,,,,,0,1,sl_068,,1,,19050,19050,,5,,,,,,,,,,,,,,,,,17,SoftBank 601HW プレミアム50GB
938,,10,8,None (+ 0 JPY),None (+ 0 JPY),,,[70 Days RENTAL] SoftBank 601HW [WHITE] Premium 50GB,1,,,,,,,,[70 Days RENTAL] SoftBank 601HW [WHITE] Premium 50GB,sl.jpg,*,sl.jpg,sl.jpg,,,,,,,,,,,,,,,,,,,,,,0,1,sl_069,,1,,19600,19600,,5,,,,,,,,,,,,,,,,,17,SoftBank 601HW プレミアム50GB
939,,10,8,None (+ 0 JPY),None (+ 0 JPY),,,[71 Days RENTAL] SoftBank 601HW [WHITE] Premium 50GB,1,,,,,,,,[71 Days RENTAL] SoftBank 601HW [WHITE] Premium 50GB,sl.jpg,*,sl.jpg,sl.jpg,,,,,,,,,,,,,,,,,,,,,,0,1,sl_070,,1,,20150,20150,,5,,,,,,,,,,,,,,,,,17,SoftBank 601HW プレミアム50GB
940,,10,8,None (+ 0 JPY),None (+ 0 JPY),,,[72 Days RENTAL] SoftBank 601HW [WHITE] Premium 50GB,1,,,,,,,,[72 Days RENTAL] SoftBank 601HW [WHITE] Premium 50GB,sl.jpg,*,sl.jpg,sl.jpg,,,,,,,,,,,,,,,,,,,,,,0,1,sl_071,,1,,20500,20500,,5,,,,,,,,,,,,,,,,,17,SoftBank 601HW プレミアム50GB
941,,10,8,None (+ 0 JPY),None (+ 0 JPY),,,[73 Days RENTAL] SoftBank 601HW [WHITE] Premium 50GB,1,,,,,,,,[73 Days RENTAL] SoftBank 601HW [WHITE] Premium 50GB,sl.jpg,*,sl.jpg,sl.jpg,,,,,,,,,,,,,,,,,,,,,,0,1,sl_072,,1,,20500,20500,,5,,,,,,,,,,,,,,,,,17,SoftBank 601HW プレミアム50GB
942,,10,8,None (+ 0 JPY),None (+ 0 JPY),,,[74 Days RENTAL] SoftBank 601HW [WHITE] Premium 50GB,1,,,,,,,,[74 Days RENTAL] SoftBank 601HW [WHITE] Premium 50GB,sl.jpg,*,sl.jpg,sl.jpg,,,,,,,,,,,,,,,,,,,,,,0,1,sl_073,,1,,20500,20500,,5,,,,,,,,,,,,,,,,,17,SoftBank 601HW プレミアム50GB
943,,10,8,None (+ 0 JPY),None (+ 0 JPY),,,[75 Days RENTAL] SoftBank 601HW [WHITE] Premium 50GB,1,,,,,,,,[75 Days RENTAL] SoftBank 601HW [WHITE] Premium 50GB,sl.jpg,*,sl.jpg,sl.jpg,,,,,,,,,,,,,,,,,,,,,,0,1,sl_074,,1,,20500,20500,,5,,,,,,,,,,,,,,,,,17,SoftBank 601HW プレミアム50GB
944,,10,8,None (+ 0 JPY),None (+ 0 JPY),,,[76 Days RENTAL] SoftBank 601HW [WHITE] Premium 50GB,1,,,,,,,,[76 Days RENTAL] SoftBank 601HW [WHITE] Premium 50GB,sl.jpg,*,sl.jpg,sl.jpg,,,,,,,,,,,,,,,,,,,,,,0,1,sl_075,,1,,20500,20500,,5,,,,,,,,,,,,,,,,,17,SoftBank 601HW プレミアム50GB
945,,10,8,None (+ 0 JPY),None (+ 0 JPY),,,[77 Days RENTAL] SoftBank 601HW [WHITE] Premium 50GB,1,,,,,,,,[77 Days RENTAL] SoftBank 601HW [WHITE] Premium 50GB,sl.jpg,*,sl.jpg,sl.jpg,,,,,,,,,,,,,,,,,,,,,,0,1,sl_076,,1,,20500,20500,,5,,,,,,,,,,,,,,,,,17,SoftBank 601HW プレミアム50GB
946,,10,8,None (+ 0 JPY),None (+ 0 JPY),,,[78 Days RENTAL] SoftBank 601HW [WHITE] Premium 50GB,1,,,,,,,,[78 Days RENTAL] SoftBank 601HW [WHITE] Premium 50GB,sl.jpg,*,sl.jpg,sl.jpg,,,,,,,,,,,,,,,,,,,,,,0,1,sl_077,,1,,20500,20500,,5,,,,,,,,,,,,,,,,,17,SoftBank 601HW プレミアム50GB
947,,10,8,None (+ 0 JPY),None (+ 0 JPY),,,[79 Days RENTAL] SoftBank 601HW [WHITE] Premium 50GB,1,,,,,,,,[79 Days RENTAL] SoftBank 601HW [WHITE] Premium 50GB,sl.jpg,*,sl.jpg,sl.jpg,,,,,,,,,,,,,,,,,,,,,,0,1,sl_078,,1,,20500,20500,,5,,,,,,,,,,,,,,,,,17,SoftBank 601HW プレミアム50GB
948,,10,8,None (+ 0 JPY),None (+ 0 JPY),,,[80 Days RENTAL] SoftBank 601HW [WHITE] Premium 50GB,1,,,,,,,,[80 Days RENTAL] SoftBank 601HW [WHITE] Premium 50GB,sl.jpg,*,sl.jpg,sl.jpg,,,,,,,,,,,,,,,,,,,,,,0,1,sl_079,,1,,20500,20500,,5,,,,,,,,,,,,,,,,,17,SoftBank 601HW プレミアム50GB
949,,10,8,None (+ 0 JPY),None (+ 0 JPY),,,[81 Days RENTAL] SoftBank 601HW [WHITE] Premium 50GB,1,,,,,,,,[81 Days RENTAL] SoftBank 601HW [WHITE] Premium 50GB,sl.jpg,*,sl.jpg,sl.jpg,,,,,,,,,,,,,,,,,,,,,,0,1,sl_080,,1,,20500,20500,,5,,,,,,,,,,,,,,,,,17,SoftBank 601HW プレミアム50GB
950,,10,8,None (+ 0 JPY),None (+ 0 JPY),,,[82 Days RENTAL] SoftBank 601HW [WHITE] Premium 50GB,1,,,,,,,,[82 Days RENTAL] SoftBank 601HW [WHITE] Premium 50GB,sl.jpg,*,sl.jpg,sl.jpg,,,,,,,,,,,,,,,,,,,,,,0,1,sl_081,,1,,20500,20500,,5,,,,,,,,,,,,,,,,,17,SoftBank 601HW プレミアム50GB
951,,10,8,None (+ 0 JPY),None (+ 0 JPY),,,[83 Days RENTAL] SoftBank 601HW [WHITE] Premium 50GB,1,,,,,,,,[83 Days RENTAL] SoftBank 601HW [WHITE] Premium 50GB,sl.jpg,*,sl.jpg,sl.jpg,,,,,,,,,,,,,,,,,,,,,,0,1,sl_082,,1,,20500,20500,,5,,,,,,,,,,,,,,,,,17,SoftBank 601HW プレミアム50GB
952,,10,8,None (+ 0 JPY),None (+ 0 JPY),,,[84 Days RENTAL] SoftBank 601HW [WHITE] Premium 50GB,1,,,,,,,,[84 Days RENTAL] SoftBank 601HW [WHITE] Premium 50GB,sl.jpg,*,sl.jpg,sl.jpg,,,,,,,,,,,,,,,,,,,,,,0,1,sl_083,,1,,20500,20500,,5,,,,,,,,,,,,,,,,,17,SoftBank 601HW プレミアム50GB
953,,10,8,None (+ 0 JPY),None (+ 0 JPY),,,[85 Days RENTAL] SoftBank 601HW [WHITE] Premium 50GB,1,,,,,,,,[85 Days RENTAL] SoftBank 601HW [WHITE] Premium 50GB,sl.jpg,*,sl.jpg,sl.jpg,,,,,,,,,,,,,,,,,,,,,,0,1,sl_084,,1,,20500,20500,,5,,,,,,,,,,,,,,,,,17,SoftBank 601HW プレミアム50GB
954,,10,8,None (+ 0 JPY),None (+ 0 JPY),,,[86 Days RENTAL] SoftBank 601HW [WHITE] Premium 50GB,1,,,,,,,,[86 Days RENTAL] SoftBank 601HW [WHITE] Premium 50GB,sl.jpg,*,sl.jpg,sl.jpg,,,,,,,,,,,,,,,,,,,,,,0,1,sl_085,,1,,20500,20500,,5,,,,,,,,,,,,,,,,,17,SoftBank 601HW プレミアム50GB
955,,10,8,None (+ 0 JPY),None (+ 0 JPY),,,[87 Days RENTAL] SoftBank 601HW [WHITE] Premium 50GB,1,,,,,,,,[87 Days RENTAL] SoftBank 601HW [WHITE] Premium 50GB,sl.jpg,*,sl.jpg,sl.jpg,,,,,,,,,,,,,,,,,,,,,,0,1,sl_086,,1,,20500,20500,,5,,,,,,,,,,,,,,,,,17,SoftBank 601HW プレミアム50GB
956,,10,8,None (+ 0 JPY),None (+ 0 JPY),,,[88 Days RENTAL] SoftBank 601HW [WHITE] Premium 50GB,1,,,,,,,,[88 Days RENTAL] SoftBank 601HW [WHITE] Premium 50GB,sl.jpg,*,sl.jpg,sl.jpg,,,,,,,,,,,,,,,,,,,,,,0,1,sl_087,,1,,20500,20500,,5,,,,,,,,,,,,,,,,,17,SoftBank 601HW プレミアム50GB
957,,10,8,None (+ 0 JPY),None (+ 0 JPY),,,[89 Days RENTAL] SoftBank 601HW [WHITE] Premium 50GB,1,,,,,,,,[89 Days RENTAL] SoftBank 601HW [WHITE] Premium 50GB,sl.jpg,*,sl.jpg,sl.jpg,,,,,,,,,,,,,,,,,,,,,,0,1,sl_088,,1,,20500,20500,,5,,,,,,,,,,,,,,,,,17,SoftBank 601HW プレミアム50GB
958,,10,8,None (+ 0 JPY),None (+ 0 JPY),,,[90 Days RENTAL] SoftBank 601HW [WHITE] Premium 50GB,1,,,,,,,,[90 Days RENTAL] SoftBank 601HW [WHITE] Premium 50GB,sl.jpg,*,sl.jpg,sl.jpg,,,,,,,,,,,,,,,,,,,,,,0,1,sl_089,,1,,20500,20500,,5,,,,,,,,,,,,,,,,,17,SoftBank 601HW プレミアム50GB
959,,10,8,None (+ 0 JPY),None (+ 0 JPY),,,[91 Days RENTAL] SoftBank 601HW [WHITE] Premium 50GB,1,,,,,,,,[91 Days RENTAL] SoftBank 601HW [WHITE] Premium 50GB,sl.jpg,*,sl.jpg,sl.jpg,,,,,,,,,,,,,,,,,,,,,,0,1,sl_090,,1,,20500,20500,,5,,,,,,,,,,,,,,,,,17,SoftBank 601HW プレミアム50GB
960,,10,8,None (+ 0 JPY),None (+ 0 JPY),,,[92 Days RENTAL] SoftBank 601HW [WHITE] Premium 50GB,1,,,,,,,,[92 Days RENTAL] SoftBank 601HW [WHITE] Premium 50GB,sl.jpg,*,sl.jpg,sl.jpg,,,,,,,,,,,,,,,,,,,,,,0,1,sl_091,,1,,21050,21050,,5,,,,,,,,,,,,,,,,,17,SoftBank 601HW プレミアム50GB
961,,10,8,None (+ 0 JPY),None (+ 0 JPY),,,[93 Days RENTAL] SoftBank 601HW [WHITE] Premium 50GB,1,,,,,,,,[93 Days RENTAL] SoftBank 601HW [WHITE] Premium 50GB,sl.jpg,*,sl.jpg,sl.jpg,,,,,,,,,,,,,,,,,,,,,,0,1,sl_092,,1,,21600,21600,,5,,,,,,,,,,,,,,,,,17,SoftBank 601HW プレミアム50GB
962,,10,8,None (+ 0 JPY),None (+ 0 JPY),,,[94 Days RENTAL] SoftBank 601HW [WHITE] Premium 50GB,1,,,,,,,,[94 Days RENTAL] SoftBank 601HW [WHITE] Premium 50GB,sl.jpg,*,sl.jpg,sl.jpg,,,,,,,,,,,,,,,,,,,,,,0,1,sl_093,,1,,22150,22150,,5,,,,,,,,,,,,,,,,,17,SoftBank 601HW プレミアム50GB
963,,10,8,None (+ 0 JPY),None (+ 0 JPY),,,[95 Days RENTAL] SoftBank 601HW [WHITE] Premium 50GB,1,,,,,,,,[95 Days RENTAL] SoftBank 601HW [WHITE] Premium 50GB,sl.jpg,*,sl.jpg,sl.jpg,,,,,,,,,,,,,,,,,,,,,,0,1,sl_094,,1,,22700,22700,,5,,,,,,,,,,,,,,,,,17,SoftBank 601HW プレミアム50GB
964,,10,8,None (+ 0 JPY),None (+ 0 JPY),,,[96 Days RENTAL] SoftBank 601HW [WHITE] Premium 50GB,1,,,,,,,,[96 Days RENTAL] SoftBank 601HW [WHITE] Premium 50GB,sl.jpg,*,sl.jpg,sl.jpg,,,,,,,,,,,,,,,,,,,,,,0,1,sl_095,,1,,23000,23000,,5,,,,,,,,,,,,,,,,,17,SoftBank 601HW プレミアム50GB
965,,10,8,None (+ 0 JPY),None (+ 0 JPY),,,[97 Days RENTAL] SoftBank 601HW [WHITE] Premium 50GB,1,,,,,,,,[97 Days RENTAL] SoftBank 601HW [WHITE] Premium 50GB,sl.jpg,*,sl.jpg,sl.jpg,,,,,,,,,,,,,,,,,,,,,,0,1,sl_096,,1,,23000,23000,,5,,,,,,,,,,,,,,,,,17,SoftBank 601HW プレミアム50GB
966,,10,8,None (+ 0 JPY),None (+ 0 JPY),,,[98 Days RENTAL] SoftBank 601HW [WHITE] Premium 50GB,1,,,,,,,,[98 Days RENTAL] SoftBank 601HW [WHITE] Premium 50GB,sl.jpg,*,sl.jpg,sl.jpg,,,,,,,,,,,,,,,,,,,,,,0,1,sl_097,,1,,23000,23000,,5,,,,,,,,,,,,,,,,,17,SoftBank 601HW プレミアム50GB
967,,10,8,None (+ 0 JPY),None (+ 0 JPY),,,[99 Days RENTAL] SoftBank 601HW [WHITE] Premium 50GB,1,,,,,,,,[99 Days RENTAL] SoftBank 601HW [WHITE] Premium 50GB,sl.jpg,*,sl.jpg,sl.jpg,,,,,,,,,,,,,,,,,,,,,,0,1,sl_098,,1,,23000,23000,,5,,,,,,,,,,,,,,,,,17,SoftBank 601HW プレミアム50GB
968,,10,8,None (+ 0 JPY),None (+ 0 JPY),,,[100 Days RENTAL] SoftBank 601HW [WHITE] Premium 50GB,1,,,,,,,,[100 Days RENTAL] SoftBank 601HW [WHITE] Premium 50GB,sl.jpg,*,sl.jpg,sl.jpg,,,,,,,,,,,,,,,,,,,,,,0,1,sl_099,,1,,23000,23000,,5,,,,,,,,,,,,,,,,,17,SoftBank 601HW プレミアム50GB
969,,10,8,None (+ 0 JPY),None (+ 0 JPY),,,[101 Days RENTAL] SoftBank 601HW [WHITE] Premium 50GB,1,,,,,,,,[101 Days RENTAL] SoftBank 601HW [WHITE] Premium 50GB,sl.jpg,*,sl.jpg,sl.jpg,,,,,,,,,,,,,,,,,,,,,,0,1,sl_100,,1,,23000,23000,,5,,,,,,,,,,,,,,,,,17,SoftBank 601HW プレミアム50GB
970,,10,8,None (+ 0 JPY),None (+ 0 JPY),,,[102 Days RENTAL] SoftBank 601HW [WHITE] Premium 50GB,1,,,,,,,,[102 Days RENTAL] SoftBank 601HW [WHITE] Premium 50GB,sl.jpg,*,sl.jpg,sl.jpg,,,,,,,,,,,,,,,,,,,,,,0,1,sl_101,,1,,23000,23000,,5,,,,,,,,,,,,,,,,,17,SoftBank 601HW プレミアム50GB
971,,10,8,None (+ 0 JPY),None (+ 0 JPY),,,[103 Days RENTAL] SoftBank 601HW [WHITE] Premium 50GB,1,,,,,,,,[103 Days RENTAL] SoftBank 601HW [WHITE] Premium 50GB,sl.jpg,*,sl.jpg,sl.jpg,,,,,,,,,,,,,,,,,,,,,,0,1,sl_102,,1,,23000,23000,,5,,,,,,,,,,,,,,,,,17,SoftBank 601HW プレミアム50GB
972,,10,8,None (+ 0 JPY),None (+ 0 JPY),,,[104 Days RENTAL] SoftBank 601HW [WHITE] Premium 50GB,1,,,,,,,,[104 Days RENTAL] SoftBank 601HW [WHITE] Premium 50GB,sl.jpg,*,sl.jpg,sl.jpg,,,,,,,,,,,,,,,,,,,,,,0,1,sl_103,,1,,23000,23000,,5,,,,,,,,,,,,,,,,,17,SoftBank 601HW プレミアム50GB
973,,10,8,None (+ 0 JPY),None (+ 0 JPY),,,[105 Days RENTAL] SoftBank 601HW [WHITE] Premium 50GB,1,,,,,,,,[105 Days RENTAL] SoftBank 601HW [WHITE] Premium 50GB,sl.jpg,*,sl.jpg,sl.jpg,,,,,,,,,,,,,,,,,,,,,,0,1,sl_104,,1,,23000,23000,,5,,,,,,,,,,,,,,,,,17,SoftBank 601HW プレミアム50GB
974,,10,8,None (+ 0 JPY),None (+ 0 JPY),,,[106 Days RENTAL] SoftBank 601HW [WHITE] Premium 50GB,1,,,,,,,,[106 Days RENTAL] SoftBank 601HW [WHITE] Premium 50GB,sl.jpg,*,sl.jpg,sl.jpg,,,,,,,,,,,,,,,,,,,,,,0,1,sl_105,,1,,23000,23000,,5,,,,,,,,,,,,,,,,,17,SoftBank 601HW プレミアム50GB
975,,10,8,None (+ 0 JPY),None (+ 0 JPY),,,[107 Days RENTAL] SoftBank 601HW [WHITE] Premium 50GB,1,,,,,,,,[107 Days RENTAL] SoftBank 601HW [WHITE] Premium 50GB,sl.jpg,*,sl.jpg,sl.jpg,,,,,,,,,,,,,,,,,,,,,,0,1,sl_106,,1,,23000,23000,,5,,,,,,,,,,,,,,,,,17,SoftBank 601HW プレミアム50GB
976,,10,8,None (+ 0 JPY),None (+ 0 JPY),,,[108 Days RENTAL] SoftBank 601HW [WHITE] Premium 50GB,1,,,,,,,,[108 Days RENTAL] SoftBank 601HW [WHITE] Premium 50GB,sl.jpg,*,sl.jpg,sl.jpg,,,,,,,,,,,,,,,,,,,,,,0,1,sl_107,,1,,23000,23000,,5,,,,,,,,,,,,,,,,,17,SoftBank 601HW プレミアム50GB
977,,10,8,None (+ 0 JPY),None (+ 0 JPY),,,[109 Days RENTAL] SoftBank 601HW [WHITE] Premium 50GB,1,,,,,,,,[109 Days RENTAL] SoftBank 601HW [WHITE] Premium 50GB,sl.jpg,*,sl.jpg,sl.jpg,,,,,,,,,,,,,,,,,,,,,,0,1,sl_108,,1,,23000,23000,,5,,,,,,,,,,,,,,,,,17,SoftBank 601HW プレミアム50GB
978,,10,8,None (+ 0 JPY),None (+ 0 JPY),,,[110 Days RENTAL] SoftBank 601HW [WHITE] Premium 50GB,1,,,,,,,,[110 Days RENTAL] SoftBank 601HW [WHITE] Premium 50GB,sl.jpg,*,sl.jpg,sl.jpg,,,,,,,,,,,,,,,,,,,,,,0,1,sl_109,,1,,23000,23000,,5,,,,,,,,,,,,,,,,,17,SoftBank 601HW プレミアム50GB
979,,10,8,None (+ 0 JPY),None (+ 0 JPY),,,[111 Days RENTAL] SoftBank 601HW [WHITE] Premium 50GB,1,,,,,,,,[111 Days RENTAL] SoftBank 601HW [WHITE] Premium 50GB,sl.jpg,*,sl.jpg,sl.jpg,,,,,,,,,,,,,,,,,,,,,,0,1,sl_110,,1,,23000,23000,,5,,,,,,,,,,,,,,,,,17,SoftBank 601HW プレミアム50GB
980,,10,8,None (+ 0 JPY),None (+ 0 JPY),,,[112 Days RENTAL] SoftBank 601HW [WHITE] Premium 50GB,1,,,,,,,,[112 Days RENTAL] SoftBank 601HW [WHITE] Premium 50GB,sl.jpg,*,sl.jpg,sl.jpg,,,,,,,,,,,,,,,,,,,,,,0,1,sl_111,,1,,23000,23000,,5,,,,,,,,,,,,,,,,,17,SoftBank 601HW プレミアム50GB
981,,10,8,None (+ 0 JPY),None (+ 0 JPY),,,[113 Days RENTAL] SoftBank 601HW [WHITE] Premium 50GB,1,,,,,,,,[113 Days RENTAL] SoftBank 601HW [WHITE] Premium 50GB,sl.jpg,*,sl.jpg,sl.jpg,,,,,,,,,,,,,,,,,,,,,,0,1,sl_112,,1,,23000,23000,,5,,,,,,,,,,,,,,,,,17,SoftBank 601HW プレミアム50GB
982,,10,8,None (+ 0 JPY),None (+ 0 JPY),,,[114 Days RENTAL] SoftBank 601HW [WHITE] Premium 50GB,1,,,,,,,,[114 Days RENTAL] SoftBank 601HW [WHITE] Premium 50GB,sl.jpg,*,sl.jpg,sl.jpg,,,,,,,,,,,,,,,,,,,,,,0,1,sl_113,,1,,23000,23000,,5,,,,,,,,,,,,,,,,,17,SoftBank 601HW プレミアム50GB
983,,10,8,None (+ 0 JPY),None (+ 0 JPY),,,[115 Days RENTAL] SoftBank 601HW [WHITE] Premium 50GB,1,,,,,,,,[115 Days RENTAL] SoftBank 601HW [WHITE] Premium 50GB,sl.jpg,*,sl.jpg,sl.jpg,,,,,,,,,,,,,,,,,,,,,,0,1,sl_114,,1,,23000,23000,,5,,,,,,,,,,,,,,,,,17,SoftBank 601HW プレミアム50GB
984,,10,8,None (+ 0 JPY),None (+ 0 JPY),,,[116 Days RENTAL] SoftBank 601HW [WHITE] Premium 50GB,1,,,,,,,,[116 Days RENTAL] SoftBank 601HW [WHITE] Premium 50GB,sl.jpg,*,sl.jpg,sl.jpg,,,,,,,,,,,,,,,,,,,,,,0,1,sl_115,,1,,23000,23000,,5,,,,,,,,,,,,,,,,,17,SoftBank 601HW プレミアム50GB
985,,10,8,None (+ 0 JPY),None (+ 0 JPY),,,[117 Days RENTAL] SoftBank 601HW [WHITE] Premium 50GB,1,,,,,,,,[117 Days RENTAL] SoftBank 601HW [WHITE] Premium 50GB,sl.jpg,*,sl.jpg,sl.jpg,,,,,,,,,,,,,,,,,,,,,,0,1,sl_116,,1,,23000,23000,,5,,,,,,,,,,,,,,,,,17,SoftBank 601HW プレミアム50GB
986,,10,8,None (+ 0 JPY),None (+ 0 JPY),,,[118 Days RENTAL] SoftBank 601HW [WHITE] Premium 50GB,1,,,,,,,,[118 Days RENTAL] SoftBank 601HW [WHITE] Premium 50GB,sl.jpg,*,sl.jpg,sl.jpg,,,,,,,,,,,,,,,,,,,,,,0,1,sl_117,,1,,23000,23000,,5,,,,,,,,,,,,,,,,,17,SoftBank 601HW プレミアム50GB
987,,10,8,None (+ 0 JPY),None (+ 0 JPY),,,[119 Days RENTAL] SoftBank 601HW [WHITE] Premium 50GB,1,,,,,,,,[119 Days RENTAL] SoftBank 601HW [WHITE] Premium 50GB,sl.jpg,*,sl.jpg,sl.jpg,,,,,,,,,,,,,,,,,,,,,,0,1,sl_118,,1,,23000,23000,,5,,,,,,,,,,,,,,,,,17,SoftBank 601HW プレミアム50GB
988,,10,8,None (+ 0 JPY),None (+ 0 JPY),,,[120 Days RENTAL] SoftBank 601HW [WHITE] Premium 50GB,1,,,,,,,,[120 Days RENTAL] SoftBank 601HW [WHITE] Premium 50GB,sl.jpg,*,sl.jpg,sl.jpg,,,,,,,,,,,,,,,,,,,,,,0,1,sl_119,,1,,23000,23000,,5,,,,,,,,,,,,,,,,,17,SoftBank 601HW プレミアム50GB
989,,10,8,None (+ 0 JPY),None (+ 0 JPY),,,[121 Days RENTAL] SoftBank 601HW [WHITE] Premium 50GB,1,,,,,,,,[121 Days RENTAL] SoftBank 601HW [WHITE] Premium 50GB,sl.jpg,*,sl.jpg,sl.jpg,,,,,,,,,,,,,,,,,,,,,,0,1,sl_120,,1,,23000,23000,,5,,,,,,,,,,,,,,,,,17,SoftBank 601HW プレミアム50GB
990,,10,8,None (+ 0 JPY),None (+ 0 JPY),,,[122 Days RENTAL] SoftBank 601HW [WHITE] Premium 50GB,1,,,,,,,,[122 Days RENTAL] SoftBank 601HW [WHITE] Premium 50GB,sl.jpg,*,sl.jpg,sl.jpg,,,,,,,,,,,,,,,,,,,,,,0,1,sl_121,,1,,23550,23550,,5,,,,,,,,,,,,,,,,,17,SoftBank 601HW プレミアム50GB
991,,10,8,None (+ 0 JPY),None (+ 0 JPY),,,[123 Days RENTAL] SoftBank 601HW [WHITE] Premium 50GB,1,,,,,,,,[123 Days RENTAL] SoftBank 601HW [WHITE] Premium 50GB,sl.jpg,*,sl.jpg,sl.jpg,,,,,,,,,,,,,,,,,,,,,,0,1,sl_122,,1,,24100,24100,,5,,,,,,,,,,,,,,,,,17,SoftBank 601HW プレミアム50GB
992,,10,8,None (+ 0 JPY),None (+ 0 JPY),,,[124 Days RENTAL] SoftBank 601HW [WHITE] Premium 50GB,1,,,,,,,,[124 Days RENTAL] SoftBank 601HW [WHITE] Premium 50GB,sl.jpg,*,sl.jpg,sl.jpg,,,,,,,,,,,,,,,,,,,,,,0,1,sl_123,,1,,24650,24650,,5,,,,,,,,,,,,,,,,,17,SoftBank 601HW プレミアム50GB
993,,10,8,None (+ 0 JPY),None (+ 0 JPY),,,[125 Days RENTAL] SoftBank 601HW [WHITE] Premium 50GB,1,,,,,,,,[125 Days RENTAL] SoftBank 601HW [WHITE] Premium 50GB,sl.jpg,*,sl.jpg,sl.jpg,,,,,,,,,,,,,,,,,,,,,,0,1,sl_124,,1,,25200,25200,,5,,,,,,,,,,,,,,,,,17,SoftBank 601HW プレミアム50GB
994,,10,8,None (+ 0 JPY),None (+ 0 JPY),,,[126 Days RENTAL] SoftBank 601HW [WHITE] Premium 50GB,1,,,,,,,,[126 Days RENTAL] SoftBank 601HW [WHITE] Premium 50GB,sl.jpg,*,sl.jpg,sl.jpg,,,,,,,,,,,,,,,,,,,,,,0,1,sl_125,,1,,25500,25500,,5,,,,,,,,,,,,,,,,,17,SoftBank 601HW プレミアム50GB
995,,10,8,None (+ 0 JPY),None (+ 0 JPY),,,[127 Days RENTAL] SoftBank 601HW [WHITE] Premium 50GB,1,,,,,,,,[127 Days RENTAL] SoftBank 601HW [WHITE] Premium 50GB,sl.jpg,*,sl.jpg,sl.jpg,,,,,,,,,,,,,,,,,,,,,,0,1,sl_126,,1,,25500,25500,,5,,,,,,,,,,,,,,,,,17,SoftBank 601HW プレミアム50GB
996,,10,8,None (+ 0 JPY),None (+ 0 JPY),,,[128 Days RENTAL] SoftBank 601HW [WHITE] Premium 50GB,1,,,,,,,,[128 Days RENTAL] SoftBank 601HW [WHITE] Premium 50GB,sl.jpg,*,sl.jpg,sl.jpg,,,,,,,,,,,,,,,,,,,,,,0,1,sl_127,,1,,25500,25500,,5,,,,,,,,,,,,,,,,,17,SoftBank 601HW プレミアム50GB
997,,10,8,None (+ 0 JPY),None (+ 0 JPY),,,[129 Days RENTAL] SoftBank 601HW [WHITE] Premium 50GB,1,,,,,,,,[129 Days RENTAL] SoftBank 601HW [WHITE] Premium 50GB,sl.jpg,*,sl.jpg,sl.jpg,,,,,,,,,,,,,,,,,,,,,,0,1,sl_128,,1,,25500,25500,,5,,,,,,,,,,,,,,,,,17,SoftBank 601HW プレミアム50GB
998,,10,8,None (+ 0 JPY),None (+ 0 JPY),,,[130 Days RENTAL] SoftBank 601HW [WHITE] Premium 50GB,1,,,,,,,,[130 Days RENTAL] SoftBank 601HW [WHITE] Premium 50GB,sl.jpg,*,sl.jpg,sl.jpg,,,,,,,,,,,,,,,,,,,,,,0,1,sl_129,,1,,25500,25500,,5,,,,,,,,,,,,,,,,,17,SoftBank 601HW プレミアム50GB
999,,10,8,None (+ 0 JPY),None (+ 0 JPY),,,[131 Days RENTAL] SoftBank 601HW [WHITE] Premium 50GB,1,,,,,,,,[131 Days RENTAL] SoftBank 601HW [WHITE] Premium 50GB,sl.jpg,*,sl.jpg,sl.jpg,,,,,,,,,,,,,,,,,,,,,,0,1,sl_130,,1,,25500,25500,,5,,,,,,,,,,,,,,,,,17,SoftBank 601HW プレミアム50GB
1000,,10,8,None (+ 0 JPY),None (+ 0 JPY),,,[132 Days RENTAL] SoftBank 601HW [WHITE] Premium 50GB,1,,,,,,,,[132 Days RENTAL] SoftBank 601HW [WHITE] Premium 50GB,sl.jpg,*,sl.jpg,sl.jpg,,,,,,,,,,,,,,,,,,,,,,0,1,sl_131,,1,,25500,25500,,5,,,,,,,,,,,,,,,,,17,SoftBank 601HW プレミアム50GB
1001,,10,8,None (+ 0 JPY),None (+ 0 JPY),,,[133 Days RENTAL] SoftBank 601HW [WHITE] Premium 50GB,1,,,,,,,,[133 Days RENTAL] SoftBank 601HW [WHITE] Premium 50GB,sl.jpg,*,sl.jpg,sl.jpg,,,,,,,,,,,,,,,,,,,,,,0,1,sl_132,,1,,25500,25500,,5,,,,,,,,,,,,,,,,,17,SoftBank 601HW プレミアム50GB
1002,,10,8,None (+ 0 JPY),None (+ 0 JPY),,,[134 Days RENTAL] SoftBank 601HW [WHITE] Premium 50GB,1,,,,,,,,[134 Days RENTAL] SoftBank 601HW [WHITE] Premium 50GB,sl.jpg,*,sl.jpg,sl.jpg,,,,,,,,,,,,,,,,,,,,,,0,1,sl_133,,1,,25500,25500,,5,,,,,,,,,,,,,,,,,17,SoftBank 601HW プレミアム50GB
1003,,10,8,None (+ 0 JPY),None (+ 0 JPY),,,[135 Days RENTAL] SoftBank 601HW [WHITE] Premium 50GB,1,,,,,,,,[135 Days RENTAL] SoftBank 601HW [WHITE] Premium 50GB,sl.jpg,*,sl.jpg,sl.jpg,,,,,,,,,,,,,,,,,,,,,,0,1,sl_134,,1,,25500,25500,,5,,,,,,,,,,,,,,,,,17,SoftBank 601HW プレミアム50GB
1004,,10,8,None (+ 0 JPY),None (+ 0 JPY),,,[136 Days RENTAL] SoftBank 601HW [WHITE] Premium 50GB,1,,,,,,,,[136 Days RENTAL] SoftBank 601HW [WHITE] Premium 50GB,sl.jpg,*,sl.jpg,sl.jpg,,,,,,,,,,,,,,,,,,,,,,0,1,sl_135,,1,,25500,25500,,5,,,,,,,,,,,,,,,,,17,SoftBank 601HW プレミアム50GB
1005,,10,8,None (+ 0 JPY),None (+ 0 JPY),,,[137 Days RENTAL] SoftBank 601HW [WHITE] Premium 50GB,1,,,,,,,,[137 Days RENTAL] SoftBank 601HW [WHITE] Premium 50GB,sl.jpg,*,sl.jpg,sl.jpg,,,,,,,,,,,,,,,,,,,,,,0,1,sl_136,,1,,25500,25500,,5,,,,,,,,,,,,,,,,,17,SoftBank 601HW プレミアム50GB
1006,,10,8,None (+ 0 JPY),None (+ 0 JPY),,,[138 Days RENTAL] SoftBank 601HW [WHITE] Premium 50GB,1,,,,,,,,[138 Days RENTAL] SoftBank 601HW [WHITE] Premium 50GB,sl.jpg,*,sl.jpg,sl.jpg,,,,,,,,,,,,,,,,,,,,,,0,1,sl_137,,1,,25500,25500,,5,,,,,,,,,,,,,,,,,17,SoftBank 601HW プレミアム50GB
1007,,10,8,None (+ 0 JPY),None (+ 0 JPY),,,[139 Days RENTAL] SoftBank 601HW [WHITE] Premium 50GB,1,,,,,,,,[139 Days RENTAL] SoftBank 601HW [WHITE] Premium 50GB,sl.jpg,*,sl.jpg,sl.jpg,,,,,,,,,,,,,,,,,,,,,,0,1,sl_138,,1,,25500,25500,,5,,,,,,,,,,,,,,,,,17,SoftBank 601HW プレミアム50GB
1008,,10,8,None (+ 0 JPY),None (+ 0 JPY),,,[140 Days RENTAL] SoftBank 601HW [WHITE] Premium 50GB,1,,,,,,,,[140 Days RENTAL] SoftBank 601HW [WHITE] Premium 50GB,sl.jpg,*,sl.jpg,sl.jpg,,,,,,,,,,,,,,,,,,,,,,0,1,sl_139,,1,,25500,25500,,5,,,,,,,,,,,,,,,,,17,SoftBank 601HW プレミアム50GB
1009,,10,8,None (+ 0 JPY),None (+ 0 JPY),,,[141 Days RENTAL] SoftBank 601HW [WHITE] Premium 50GB,1,,,,,,,,[141 Days RENTAL] SoftBank 601HW [WHITE] Premium 50GB,sl.jpg,*,sl.jpg,sl.jpg,,,,,,,,,,,,,,,,,,,,,,0,1,sl_140,,1,,25500,25500,,5,,,,,,,,,,,,,,,,,17,SoftBank 601HW プレミアム50GB
1010,,10,8,None (+ 0 JPY),None (+ 0 JPY),,,[142 Days RENTAL] SoftBank 601HW [WHITE] Premium 50GB,1,,,,,,,,[142 Days RENTAL] SoftBank 601HW [WHITE] Premium 50GB,sl.jpg,*,sl.jpg,sl.jpg,,,,,,,,,,,,,,,,,,,,,,0,1,sl_141,,1,,25500,25500,,5,,,,,,,,,,,,,,,,,17,SoftBank 601HW プレミアム50GB
1011,,10,8,None (+ 0 JPY),None (+ 0 JPY),,,[143 Days RENTAL] SoftBank 601HW [WHITE] Premium 50GB,1,,,,,,,,[143 Days RENTAL] SoftBank 601HW [WHITE] Premium 50GB,sl.jpg,*,sl.jpg,sl.jpg,,,,,,,,,,,,,,,,,,,,,,0,1,sl_142,,1,,25500,25500,,5,,,,,,,,,,,,,,,,,17,SoftBank 601HW プレミアム50GB
1012,,10,8,None (+ 0 JPY),None (+ 0 JPY),,,[144 Days RENTAL] SoftBank 601HW [WHITE] Premium 50GB,1,,,,,,,,[144 Days RENTAL] SoftBank 601HW [WHITE] Premium 50GB,sl.jpg,*,sl.jpg,sl.jpg,,,,,,,,,,,,,,,,,,,,,,0,1,sl_143,,1,,25500,25500,,5,,,,,,,,,,,,,,,,,17,SoftBank 601HW プレミアム50GB
1013,,10,8,None (+ 0 JPY),None (+ 0 JPY),,,[145 Days RENTAL] SoftBank 601HW [WHITE] Premium 50GB,1,,,,,,,,[145 Days RENTAL] SoftBank 601HW [WHITE] Premium 50GB,sl.jpg,*,sl.jpg,sl.jpg,,,,,,,,,,,,,,,,,,,,,,0,1,sl_144,,1,,25500,25500,,5,,,,,,,,,,,,,,,,,17,SoftBank 601HW プレミアム50GB
1014,,10,8,None (+ 0 JPY),None (+ 0 JPY),,,[146 Days RENTAL] SoftBank 601HW [WHITE] Premium 50GB,1,,,,,,,,[146 Days RENTAL] SoftBank 601HW [WHITE] Premium 50GB,sl.jpg,*,sl.jpg,sl.jpg,,,,,,,,,,,,,,,,,,,,,,0,1,sl_145,,1,,25500,25500,,5,,,,,,,,,,,,,,,,,17,SoftBank 601HW プレミアム50GB
1015,,10,8,None (+ 0 JPY),None (+ 0 JPY),,,[147 Days RENTAL] SoftBank 601HW [WHITE] Premium 50GB,1,,,,,,,,[147 Days RENTAL] SoftBank 601HW [WHITE] Premium 50GB,sl.jpg,*,sl.jpg,sl.jpg,,,,,,,,,,,,,,,,,,,,,,0,1,sl_146,,1,,25500,25500,,5,,,,,,,,,,,,,,,,,17,SoftBank 601HW プレミアム50GB
1016,,10,8,None (+ 0 JPY),None (+ 0 JPY),,,[148 Days RENTAL] SoftBank 601HW [WHITE] Premium 50GB,1,,,,,,,,[148 Days RENTAL] SoftBank 601HW [WHITE] Premium 50GB,sl.jpg,*,sl.jpg,sl.jpg,,,,,,,,,,,,,,,,,,,,,,0,1,sl_147,,1,,25500,25500,,5,,,,,,,,,,,,,,,,,17,SoftBank 601HW プレミアム50GB
1017,,10,8,None (+ 0 JPY),None (+ 0 JPY),,,[149 Days RENTAL] SoftBank 601HW [WHITE] Premium 50GB,1,,,,,,,,[149 Days RENTAL] SoftBank 601HW [WHITE] Premium 50GB,sl.jpg,*,sl.jpg,sl.jpg,,,,,,,,,,,,,,,,,,,,,,0,1,sl_148,,1,,25500,25500,,5,,,,,,,,,,,,,,,,,17,SoftBank 601HW プレミアム50GB
1018,,10,8,None (+ 0 JPY),None (+ 0 JPY),,,[150 Days RENTAL] SoftBank 601HW [WHITE] Premium 50GB,1,,,,,,,,[150 Days RENTAL] SoftBank 601HW [WHITE] Premium 50GB,sl.jpg,*,sl.jpg,sl.jpg,,,,,,,,,,,,,,,,,,,,,,0,1,sl_149,,1,,25500,25500,,5,,,,,,,,,,,,,,,,,17,SoftBank 601HW プレミアム50GB
1019,,10,8,None (+ 0 JPY),None (+ 0 JPY),,,[151 Days RENTAL] SoftBank 601HW [WHITE] Premium 50GB,1,,,,,,,,[151 Days RENTAL] SoftBank 601HW [WHITE] Premium 50GB,sl.jpg,*,sl.jpg,sl.jpg,,,,,,,,,,,,,,,,,,,,,,0,1,sl_150,,1,,25500,25500,,5,,,,,,,,,,,,,,,,,17,SoftBank 601HW プレミアム50GB
1020,,10,8,None (+ 0 JPY),None (+ 0 JPY),,,[152 Days RENTAL] SoftBank 601HW [WHITE] Premium 50GB,1,,,,,,,,[152 Days RENTAL] SoftBank 601HW [WHITE] Premium 50GB,sl.jpg,*,sl.jpg,sl.jpg,,,,,,,,,,,,,,,,,,,,,,0,1,sl_151,,1,,26050,26050,,5,,,,,,,,,,,,,,,,,17,SoftBank 601HW プレミアム50GB
1021,,10,8,None (+ 0 JPY),None (+ 0 JPY),,,[153 Days RENTAL] SoftBank 601HW [WHITE] Premium 50GB,1,,,,,,,,[153 Days RENTAL] SoftBank 601HW [WHITE] Premium 50GB,sl.jpg,*,sl.jpg,sl.jpg,,,,,,,,,,,,,,,,,,,,,,0,1,sl_152,,1,,26600,26600,,5,,,,,,,,,,,,,,,,,17,SoftBank 601HW プレミアム50GB
1022,,10,8,None (+ 0 JPY),None (+ 0 JPY),,,[154 Days RENTAL] SoftBank 601HW [WHITE] Premium 50GB,1,,,,,,,,[154 Days RENTAL] SoftBank 601HW [WHITE] Premium 50GB,sl.jpg,*,sl.jpg,sl.jpg,,,,,,,,,,,,,,,,,,,,,,0,1,sl_153,,1,,27150,27150,,5,,,,,,,,,,,,,,,,,17,SoftBank 601HW プレミアム50GB
1023,,10,8,None (+ 0 JPY),None (+ 0 JPY),,,[155 Days RENTAL] SoftBank 601HW [WHITE] Premium 50GB,1,,,,,,,,[155 Days RENTAL] SoftBank 601HW [WHITE] Premium 50GB,sl.jpg,*,sl.jpg,sl.jpg,,,,,,,,,,,,,,,,,,,,,,0,1,sl_154,,1,,27700,27700,,5,,,,,,,,,,,,,,,,,17,SoftBank 601HW プレミアム50GB
1024,,10,8,None (+ 0 JPY),None (+ 0 JPY),,,[156 Days RENTAL] SoftBank 601HW [WHITE] Premium 50GB,1,,,,,,,,[156 Days RENTAL] SoftBank 601HW [WHITE] Premium 50GB,sl.jpg,*,sl.jpg,sl.jpg,,,,,,,,,,,,,,,,,,,,,,0,1,sl_155,,1,,28000,28000,,5,,,,,,,,,,,,,,,,,17,SoftBank 601HW プレミアム50GB
1025,,10,8,None (+ 0 JPY),None (+ 0 JPY),,,[157 Days RENTAL] SoftBank 601HW [WHITE] Premium 50GB,1,,,,,,,,[157 Days RENTAL] SoftBank 601HW [WHITE] Premium 50GB,sl.jpg,*,sl.jpg,sl.jpg,,,,,,,,,,,,,,,,,,,,,,0,1,sl_156,,1,,28000,28000,,5,,,,,,,,,,,,,,,,,17,SoftBank 601HW プレミアム50GB
1026,,10,8,None (+ 0 JPY),None (+ 0 JPY),,,[158 Days RENTAL] SoftBank 601HW [WHITE] Premium 50GB,1,,,,,,,,[158 Days RENTAL] SoftBank 601HW [WHITE] Premium 50GB,sl.jpg,*,sl.jpg,sl.jpg,,,,,,,,,,,,,,,,,,,,,,0,1,sl_157,,1,,28000,28000,,5,,,,,,,,,,,,,,,,,17,SoftBank 601HW プレミアム50GB
1027,,10,8,None (+ 0 JPY),None (+ 0 JPY),,,[159 Days RENTAL] SoftBank 601HW [WHITE] Premium 50GB,1,,,,,,,,[159 Days RENTAL] SoftBank 601HW [WHITE] Premium 50GB,sl.jpg,*,sl.jpg,sl.jpg,,,,,,,,,,,,,,,,,,,,,,0,1,sl_158,,1,,28000,28000,,5,,,,,,,,,,,,,,,,,17,SoftBank 601HW プレミアム50GB
1028,,10,8,None (+ 0 JPY),None (+ 0 JPY),,,[160 Days RENTAL] SoftBank 601HW [WHITE] Premium 50GB,1,,,,,,,,[160 Days RENTAL] SoftBank 601HW [WHITE] Premium 50GB,sl.jpg,*,sl.jpg,sl.jpg,,,,,,,,,,,,,,,,,,,,,,0,1,sl_159,,1,,28000,28000,,5,,,,,,,,,,,,,,,,,17,SoftBank 601HW プレミアム50GB
1029,,10,8,None (+ 0 JPY),None (+ 0 JPY),,,[161 Days RENTAL] SoftBank 601HW [WHITE] Premium 50GB,1,,,,,,,,[161 Days RENTAL] SoftBank 601HW [WHITE] Premium 50GB,sl.jpg,*,sl.jpg,sl.jpg,,,,,,,,,,,,,,,,,,,,,,0,1,sl_160,,1,,28000,28000,,5,,,,,,,,,,,,,,,,,17,SoftBank 601HW プレミアム50GB
1030,,10,8,None (+ 0 JPY),None (+ 0 JPY),,,[162 Days RENTAL] SoftBank 601HW [WHITE] Premium 50GB,1,,,,,,,,[162 Days RENTAL] SoftBank 601HW [WHITE] Premium 50GB,sl.jpg,*,sl.jpg,sl.jpg,,,,,,,,,,,,,,,,,,,,,,0,1,sl_161,,1,,28000,28000,,5,,,,,,,,,,,,,,,,,17,SoftBank 601HW プレミアム50GB
1031,,10,8,None (+ 0 JPY),None (+ 0 JPY),,,[163 Days RENTAL] SoftBank 601HW [WHITE] Premium 50GB,1,,,,,,,,[163 Days RENTAL] SoftBank 601HW [WHITE] Premium 50GB,sl.jpg,*,sl.jpg,sl.jpg,,,,,,,,,,,,,,,,,,,,,,0,1,sl_162,,1,,28000,28000,,5,,,,,,,,,,,,,,,,,17,SoftBank 601HW プレミアム50GB
1032,,10,8,None (+ 0 JPY),None (+ 0 JPY),,,[164 Days RENTAL] SoftBank 601HW [WHITE] Premium 50GB,1,,,,,,,,[164 Days RENTAL] SoftBank 601HW [WHITE] Premium 50GB,sl.jpg,*,sl.jpg,sl.jpg,,,,,,,,,,,,,,,,,,,,,,0,1,sl_163,,1,,28000,28000,,5,,,,,,,,,,,,,,,,,17,SoftBank 601HW プレミアム50GB
1033,,10,8,None (+ 0 JPY),None (+ 0 JPY),,,[165 Days RENTAL] SoftBank 601HW [WHITE] Premium 50GB,1,,,,,,,,[165 Days RENTAL] SoftBank 601HW [WHITE] Premium 50GB,sl.jpg,*,sl.jpg,sl.jpg,,,,,,,,,,,,,,,,,,,,,,0,1,sl_164,,1,,28000,28000,,5,,,,,,,,,,,,,,,,,17,SoftBank 601HW プレミアム50GB
1034,,10,8,None (+ 0 JPY),None (+ 0 JPY),,,[166 Days RENTAL] SoftBank 601HW [WHITE] Premium 50GB,1,,,,,,,,[166 Days RENTAL] SoftBank 601HW [WHITE] Premium 50GB,sl.jpg,*,sl.jpg,sl.jpg,,,,,,,,,,,,,,,,,,,,,,0,1,sl_165,,1,,28000,28000,,5,,,,,,,,,,,,,,,,,17,SoftBank 601HW プレミアム50GB
1035,,10,8,None (+ 0 JPY),None (+ 0 JPY),,,[167 Days RENTAL] SoftBank 601HW [WHITE] Premium 50GB,1,,,,,,,,[167 Days RENTAL] SoftBank 601HW [WHITE] Premium 50GB,sl.jpg,*,sl.jpg,sl.jpg,,,,,,,,,,,,,,,,,,,,,,0,1,sl_166,,1,,28000,28000,,5,,,,,,,,,,,,,,,,,17,SoftBank 601HW プレミアム50GB
1036,,10,8,None (+ 0 JPY),None (+ 0 JPY),,,[168 Days RENTAL] SoftBank 601HW [WHITE] Premium 50GB,1,,,,,,,,[168 Days RENTAL] SoftBank 601HW [WHITE] Premium 50GB,sl.jpg,*,sl.jpg,sl.jpg,,,,,,,,,,,,,,,,,,,,,,0,1,sl_167,,1,,28000,28000,,5,,,,,,,,,,,,,,,,,17,SoftBank 601HW プレミアム50GB
1037,,10,8,None (+ 0 JPY),None (+ 0 JPY),,,[169 Days RENTAL] SoftBank 601HW [WHITE] Premium 50GB,1,,,,,,,,[169 Days RENTAL] SoftBank 601HW [WHITE] Premium 50GB,sl.jpg,*,sl.jpg,sl.jpg,,,,,,,,,,,,,,,,,,,,,,0,1,sl_168,,1,,28000,28000,,5,,,,,,,,,,,,,,,,,17,SoftBank 601HW プレミアム50GB
1038,,10,8,None (+ 0 JPY),None (+ 0 JPY),,,[170 Days RENTAL] SoftBank 601HW [WHITE] Premium 50GB,1,,,,,,,,[170 Days RENTAL] SoftBank 601HW [WHITE] Premium 50GB,sl.jpg,*,sl.jpg,sl.jpg,,,,,,,,,,,,,,,,,,,,,,0,1,sl_169,,1,,28000,28000,,5,,,,,,,,,,,,,,,,,17,SoftBank 601HW プレミアム50GB
1039,,10,8,None (+ 0 JPY),None (+ 0 JPY),,,[171 Days RENTAL] SoftBank 601HW [WHITE] Premium 50GB,1,,,,,,,,[171 Days RENTAL] SoftBank 601HW [WHITE] Premium 50GB,sl.jpg,*,sl.jpg,sl.jpg,,,,,,,,,,,,,,,,,,,,,,0,1,sl_170,,1,,28000,28000,,5,,,,,,,,,,,,,,,,,17,SoftBank 601HW プレミアム50GB
1040,,10,8,None (+ 0 JPY),None (+ 0 JPY),,,[172 Days RENTAL] SoftBank 601HW [WHITE] Premium 50GB,1,,,,,,,,[172 Days RENTAL] SoftBank 601HW [WHITE] Premium 50GB,sl.jpg,*,sl.jpg,sl.jpg,,,,,,,,,,,,,,,,,,,,,,0,1,sl_171,,1,,28000,28000,,5,,,,,,,,,,,,,,,,,17,SoftBank 601HW プレミアム50GB
1041,,10,8,None (+ 0 JPY),None (+ 0 JPY),,,[173 Days RENTAL] SoftBank 601HW [WHITE] Premium 50GB,1,,,,,,,,[173 Days RENTAL] SoftBank 601HW [WHITE] Premium 50GB,sl.jpg,*,sl.jpg,sl.jpg,,,,,,,,,,,,,,,,,,,,,,0,1,sl_172,,1,,28000,28000,,5,,,,,,,,,,,,,,,,,17,SoftBank 601HW プレミアム50GB
1042,,10,8,None (+ 0 JPY),None (+ 0 JPY),,,[174 Days RENTAL] SoftBank 601HW [WHITE] Premium 50GB,1,,,,,,,,[174 Days RENTAL] SoftBank 601HW [WHITE] Premium 50GB,sl.jpg,*,sl.jpg,sl.jpg,,,,,,,,,,,,,,,,,,,,,,0,1,sl_173,,1,,28000,28000,,5,,,,,,,,,,,,,,,,,17,SoftBank 601HW プレミアム50GB
1043,,10,8,None (+ 0 JPY),None (+ 0 JPY),,,[175 Days RENTAL] SoftBank 601HW [WHITE] Premium 50GB,1,,,,,,,,[175 Days RENTAL] SoftBank 601HW [WHITE] Premium 50GB,sl.jpg,*,sl.jpg,sl.jpg,,,,,,,,,,,,,,,,,,,,,,0,1,sl_174,,1,,28000,28000,,5,,,,,,,,,,,,,,,,,17,SoftBank 601HW プレミアム50GB
1044,,10,8,None (+ 0 JPY),None (+ 0 JPY),,,[176 Days RENTAL] SoftBank 601HW [WHITE] Premium 50GB,1,,,,,,,,[176 Days RENTAL] SoftBank 601HW [WHITE] Premium 50GB,sl.jpg,*,sl.jpg,sl.jpg,,,,,,,,,,,,,,,,,,,,,,0,1,sl_175,,1,,28000,28000,,5,,,,,,,,,,,,,,,,,17,SoftBank 601HW プレミアム50GB
1045,,10,8,None (+ 0 JPY),None (+ 0 JPY),,,[177 Days RENTAL] SoftBank 601HW [WHITE] Premium 50GB,1,,,,,,,,[177 Days RENTAL] SoftBank 601HW [WHITE] Premium 50GB,sl.jpg,*,sl.jpg,sl.jpg,,,,,,,,,,,,,,,,,,,,,,0,1,sl_176,,1,,28000,28000,,5,,,,,,,,,,,,,,,,,17,SoftBank 601HW プレミアム50GB
1046,,10,8,None (+ 0 JPY),None (+ 0 JPY),,,[178 Days RENTAL] SoftBank 601HW [WHITE] Premium 50GB,1,,,,,,,,[178 Days RENTAL] SoftBank 601HW [WHITE] Premium 50GB,sl.jpg,*,sl.jpg,sl.jpg,,,,,,,,,,,,,,,,,,,,,,0,1,sl_177,,1,,28000,28000,,5,,,,,,,,,,,,,,,,,17,SoftBank 601HW プレミアム50GB
1047,,10,8,None (+ 0 JPY),None (+ 0 JPY),,,[179 Days RENTAL] SoftBank 601HW [WHITE] Premium 50GB,1,,,,,,,,[179 Days RENTAL] SoftBank 601HW [WHITE] Premium 50GB,sl.jpg,*,sl.jpg,sl.jpg,,,,,,,,,,,,,,,,,,,,,,0,1,sl_178,,1,,28000,28000,,5,,,,,,,,,,,,,,,,,17,SoftBank 601HW プレミアム50GB
1048,,10,8,None (+ 0 JPY),None (+ 0 JPY),,,[180 Days RENTAL] SoftBank 601HW [WHITE] Premium 50GB,1,,,,,,,,[180 Days RENTAL] SoftBank 601HW [WHITE] Premium 50GB,sl.jpg,*,sl.jpg,sl.jpg,,,,,,,,,,,,,,,,,,,,,,0,1,sl_179,,1,,28000,28000,,5,,,,,,,,,,,,,,,,,17,SoftBank 601HW プレミアム50GB
1049,,10,8,None (+ 0 JPY),None (+ 0 JPY),,,[181 Days RENTAL] SoftBank 601HW [WHITE] Premium 50GB,1,,,,,,,,[181 Days RENTAL] SoftBank 601HW [WHITE] Premium 50GB,sl.jpg,*,sl.jpg,sl.jpg,,,,,,,,,,,,,,,,,,,,,,0,1,sl_180,,1,,28000,28000,,5,,,,,,,,,,,,,,,,,17,SoftBank 601HW プレミアム50GB
1050,,10,8,None (+ 0 JPY),None (+ 0 JPY),,,[182 Days RENTAL] SoftBank 601HW [WHITE] Premium 50GB,1,,,,,,,,[182 Days RENTAL] SoftBank 601HW [WHITE] Premium 50GB,sl.jpg,*,sl.jpg,sl.jpg,,,,,,,,,,,,,,,,,,,,,,0,1,sl_181,,1,,28550,28550,,5,,,,,,,,,,,,,,,,,17,SoftBank 601HW プレミアム50GB
1051,,10,8,None (+ 0 JPY),None (+ 0 JPY),,,[183 Days RENTAL] SoftBank 601HW [WHITE] Premium 50GB,1,,,,,,,,[183 Days RENTAL] SoftBank 601HW [WHITE] Premium 50GB,sl.jpg,*,sl.jpg,sl.jpg,,,,,,,,,,,,,,,,,,,,,,0,1,sl_182,,1,,29100,29100,,5,,,,,,,,,,,,,,,,,17,SoftBank 601HW プレミアム50GB
1052,,10,8,None (+ 0 JPY),None (+ 0 JPY),,,[184 Days RENTAL] SoftBank 601HW [WHITE] Premium 50GB,1,,,,,,,,[184 Days RENTAL] SoftBank 601HW [WHITE] Premium 50GB,sl.jpg,*,sl.jpg,sl.jpg,,,,,,,,,,,,,,,,,,,,,,0,1,sl_183,,1,,29650,29650,,5,,,,,,,,,,,,,,,,,17,SoftBank 601HW プレミアム50GB
1053,,10,8,None (+ 0 JPY),None (+ 0 JPY),,,[185 Days RENTAL] SoftBank 601HW [WHITE] Premium 50GB,1,,,,,,,,[185 Days RENTAL] SoftBank 601HW [WHITE] Premium 50GB,sl.jpg,*,sl.jpg,sl.jpg,,,,,,,,,,,,,,,,,,,,,,0,1,sl_184,,1,,30200,30200,,5,,,,,,,,,,,,,,,,,17,SoftBank 601HW プレミアム50GB
1054,,10,8,None (+ 0 JPY),None (+ 0 JPY),,,[186 Days RENTAL] SoftBank 601HW [WHITE] Premium 50GB,1,,,,,,,,[186 Days RENTAL] SoftBank 601HW [WHITE] Premium 50GB,sl.jpg,*,sl.jpg,sl.jpg,,,,,,,,,,,,,,,,,,,,,,0,1,sl_185,,1,,30750,30750,,5,,,,,,,,,,,,,,,,,17,SoftBank 601HW プレミアム50GB
1055,,10,8,None (+ 0 JPY),None (+ 0 JPY),,,[187 Days RENTAL] SoftBank 601HW [WHITE] Premium 50GB,1,,,,,,,,[187 Days RENTAL] SoftBank 601HW [WHITE] Premium 50GB,sl.jpg,*,sl.jpg,sl.jpg,,,,,,,,,,,,,,,,,,,,,,0,1,sl_186,,1,,31300,31300,,5,,,,,,,,,,,,,,,,,17,SoftBank 601HW プレミアム50GB
1056,,10,8,None (+ 0 JPY),None (+ 0 JPY),,,[188 Days RENTAL] SoftBank 601HW [WHITE] Premium 50GB,1,,,,,,,,[188 Days RENTAL] SoftBank 601HW [WHITE] Premium 50GB,sl.jpg,*,sl.jpg,sl.jpg,,,,,,,,,,,,,,,,,,,,,,0,1,sl_187,,1,,31850,31850,,5,,,,,,,,,,,,,,,,,17,SoftBank 601HW プレミアム50GB
1057,,10,8,None (+ 0 JPY),None (+ 0 JPY),,,[189 Days RENTAL] SoftBank 601HW [WHITE] Premium 50GB,1,,,,,,,,[189 Days RENTAL] SoftBank 601HW [WHITE] Premium 50GB,sl.jpg,*,sl.jpg,sl.jpg,,,,,,,,,,,,,,,,,,,,,,0,1,sl_188,,1,,32400,32400,,5,,,,,,,,,,,,,,,,,17,SoftBank 601HW プレミアム50GB
1058,,10,8,None (+ 0 JPY),None (+ 0 JPY),,,[190 Days RENTAL] SoftBank 601HW [WHITE] Premium 50GB,1,,,,,,,,[190 Days RENTAL] SoftBank 601HW [WHITE] Premium 50GB,sl.jpg,*,sl.jpg,sl.jpg,,,,,,,,,,,,,,,,,,,,,,0,1,sl_189,,1,,32950,32950,,5,,,,,,,,,,,,,,,,,17,SoftBank 601HW プレミアム50GB
1059,,10,8,None (+ 0 JPY),None (+ 0 JPY),,,[191 Days RENTAL] SoftBank 601HW [WHITE] Premium 50GB,1,,,,,,,,[191 Days RENTAL] SoftBank 601HW [WHITE] Premium 50GB,sl.jpg,*,sl.jpg,sl.jpg,,,,,,,,,,,,,,,,,,,,,,0,1,sl_190,,1,,33500,33500,,5,,,,,,,,,,,,,,,,,17,SoftBank 601HW プレミアム50GB
1060,,10,8,None (+ 0 JPY),None (+ 0 JPY),,,[192 Days RENTAL] SoftBank 601HW [WHITE] Premium 50GB,1,,,,,,,,[192 Days RENTAL] SoftBank 601HW [WHITE] Premium 50GB,sl.jpg,*,sl.jpg,sl.jpg,,,,,,,,,,,,,,,,,,,,,,0,1,sl_191,,1,,34050,34050,,5,,,,,,,,,,,,,,,,,17,SoftBank 601HW プレミアム50GB
1061,,10,8,None (+ 0 JPY),None (+ 0 JPY),,,[193 Days RENTAL] SoftBank 601HW [WHITE] Premium 50GB,1,,,,,,,,[193 Days RENTAL] SoftBank 601HW [WHITE] Premium 50GB,sl.jpg,*,sl.jpg,sl.jpg,,,,,,,,,,,,,,,,,,,,,,0,1,sl_192,,1,,34600,34600,,5,,,,,,,,,,,,,,,,,17,SoftBank 601HW プレミアム50GB
1062,,10,8,None (+ 0 JPY),None (+ 0 JPY),,,[194 Days RENTAL] SoftBank 601HW [WHITE] Premium 50GB,1,,,,,,,,[194 Days RENTAL] SoftBank 601HW [WHITE] Premium 50GB,sl.jpg,*,sl.jpg,sl.jpg,,,,,,,,,,,,,,,,,,,,,,0,1,sl_193,,1,,35150,35150,,5,,,,,,,,,,,,,,,,,17,SoftBank 601HW プレミアム50GB
1063,,10,8,None (+ 0 JPY),None (+ 0 JPY),,,[195 Days RENTAL] SoftBank 601HW [WHITE] Premium 50GB,1,,,,,,,,[195 Days RENTAL] SoftBank 601HW [WHITE] Premium 50GB,sl.jpg,*,sl.jpg,sl.jpg,,,,,,,,,,,,,,,,,,,,,,0,1,sl_194,,1,,35700,35700,,5,,,,,,,,,,,,,,,,,17,SoftBank 601HW プレミアム50GB
1064,,10,8,None (+ 0 JPY),None (+ 0 JPY),,,[196 Days RENTAL] SoftBank 601HW [WHITE] Premium 50GB,1,,,,,,,,[196 Days RENTAL] SoftBank 601HW [WHITE] Premium 50GB,sl.jpg,*,sl.jpg,sl.jpg,,,,,,,,,,,,,,,,,,,,,,0,1,sl_195,,1,,36250,36250,,5,,,,,,,,,,,,,,,,,17,SoftBank 601HW プレミアム50GB
1065,,10,8,None (+ 0 JPY),None (+ 0 JPY),,,[197 Days RENTAL] SoftBank 601HW [WHITE] Premium 50GB,1,,,,,,,,[197 Days RENTAL] SoftBank 601HW [WHITE] Premium 50GB,sl.jpg,*,sl.jpg,sl.jpg,,,,,,,,,,,,,,,,,,,,,,0,1,sl_196,,1,,36250,36250,,5,,,,,,,,,,,,,,,,,17,SoftBank 601HW プレミアム50GB
1066,,10,8,None (+ 0 JPY),None (+ 0 JPY),,,[198 Days RENTAL] SoftBank 601HW [WHITE] Premium 50GB,1,,,,,,,,[198 Days RENTAL] SoftBank 601HW [WHITE] Premium 50GB,sl.jpg,*,sl.jpg,sl.jpg,,,,,,,,,,,,,,,,,,,,,,0,1,sl_197,,1,,36250,36250,,5,,,,,,,,,,,,,,,,,17,SoftBank 601HW プレミアム50GB
1067,,10,8,None (+ 0 JPY),None (+ 0 JPY),,,[199 Days RENTAL] SoftBank 601HW [WHITE] Premium 50GB,1,,,,,,,,[199 Days RENTAL] SoftBank 601HW [WHITE] Premium 50GB,sl.jpg,*,sl.jpg,sl.jpg,,,,,,,,,,,,,,,,,,,,,,0,1,sl_198,,1,,36250,36250,,5,,,,,,,,,,,,,,,,,17,SoftBank 601HW プレミアム50GB
1068,,10,8,None (+ 0 JPY),None (+ 0 JPY),,,[200 Days RENTAL] SoftBank 601HW [WHITE] Premium 50GB,1,,,,,,,,[200 Days RENTAL] SoftBank 601HW [WHITE] Premium 50GB,sl.jpg,*,sl.jpg,sl.jpg,,,,,,,,,,,,,,,,,,,,,,0,1,sl_199,,1,,36250,36250,,5,,,,,,,,,,,,,,,,,17,SoftBank 601HW プレミアム50GB
1069,,10,8,None (+ 0 JPY),None (+ 0 JPY),,,[201 Days RENTAL] SoftBank 601HW [WHITE] Premium 50GB,1,,,,,,,,[201 Days RENTAL] SoftBank 601HW [WHITE] Premium 50GB,sl.jpg,*,sl.jpg,sl.jpg,,,,,,,,,,,,,,,,,,,,,,0,1,sl_200,,1,,36250,36250,,5,,,,,,,,,,,,,,,,,17,SoftBank 601HW プレミアム50GB
1070,,10,8,None (+ 0 JPY),None (+ 0 JPY),,,[202 Days RENTAL] SoftBank 601HW [WHITE] Premium 50GB,1,,,,,,,,[202 Days RENTAL] SoftBank 601HW [WHITE] Premium 50GB,sl.jpg,*,sl.jpg,sl.jpg,,,,,,,,,,,,,,,,,,,,,,0,1,sl_201,,1,,36250,36250,,5,,,,,,,,,,,,,,,,,17,SoftBank 601HW プレミアム50GB
1071,,10,8,None (+ 0 JPY),None (+ 0 JPY),,,[203 Days RENTAL] SoftBank 601HW [WHITE] Premium 50GB,1,,,,,,,,[203 Days RENTAL] SoftBank 601HW [WHITE] Premium 50GB,sl.jpg,*,sl.jpg,sl.jpg,,,,,,,,,,,,,,,,,,,,,,0,1,sl_202,,1,,36250,36250,,5,,,,,,,,,,,,,,,,,17,SoftBank 601HW プレミアム50GB
1072,,10,8,None (+ 0 JPY),None (+ 0 JPY),,,[204 Days RENTAL] SoftBank 601HW [WHITE] Premium 50GB,1,,,,,,,,[204 Days RENTAL] SoftBank 601HW [WHITE] Premium 50GB,sl.jpg,*,sl.jpg,sl.jpg,,,,,,,,,,,,,,,,,,,,,,0,1,sl_203,,1,,36250,36250,,5,,,,,,,,,,,,,,,,,17,SoftBank 601HW プレミアム50GB
1073,,10,8,None (+ 0 JPY),None (+ 0 JPY),,,[205 Days RENTAL] SoftBank 601HW [WHITE] Premium 50GB,1,,,,,,,,[205 Days RENTAL] SoftBank 601HW [WHITE] Premium 50GB,sl.jpg,*,sl.jpg,sl.jpg,,,,,,,,,,,,,,,,,,,,,,0,1,sl_204,,1,,36250,36250,,5,,,,,,,,,,,,,,,,,17,SoftBank 601HW プレミアム50GB
1074,,10,8,None (+ 0 JPY),None (+ 0 JPY),,,[206 Days RENTAL] SoftBank 601HW [WHITE] Premium 50GB,1,,,,,,,,[206 Days RENTAL] SoftBank 601HW [WHITE] Premium 50GB,sl.jpg,*,sl.jpg,sl.jpg,,,,,,,,,,,,,,,,,,,,,,0,1,sl_205,,1,,36250,36250,,5,,,,,,,,,,,,,,,,,17,SoftBank 601HW プレミアム50GB
1075,,10,8,None (+ 0 JPY),None (+ 0 JPY),,,[207 Days RENTAL] SoftBank 601HW [WHITE] Premium 50GB,1,,,,,,,,[207 Days RENTAL] SoftBank 601HW [WHITE] Premium 50GB,sl.jpg,*,sl.jpg,sl.jpg,,,,,,,,,,,,,,,,,,,,,,0,1,sl_206,,1,,36250,36250,,5,,,,,,,,,,,,,,,,,17,SoftBank 601HW プレミアム50GB
1076,,10,8,None (+ 0 JPY),None (+ 0 JPY),,,[208 Days RENTAL] SoftBank 601HW [WHITE] Premium 50GB,1,,,,,,,,[208 Days RENTAL] SoftBank 601HW [WHITE] Premium 50GB,sl.jpg,*,sl.jpg,sl.jpg,,,,,,,,,,,,,,,,,,,,,,0,1,sl_207,,1,,36250,36250,,5,,,,,,,,,,,,,,,,,17,SoftBank 601HW プレミアム50GB
1077,,10,8,None (+ 0 JPY),None (+ 0 JPY),,,[209 Days RENTAL] SoftBank 601HW [WHITE] Premium 50GB,1,,,,,,,,[209 Days RENTAL] SoftBank 601HW [WHITE] Premium 50GB,sl.jpg,*,sl.jpg,sl.jpg,,,,,,,,,,,,,,,,,,,,,,0,1,sl_208,,1,,36250,36250,,5,,,,,,,,,,,,,,,,,17,SoftBank 601HW プレミアム50GB
1078,,10,8,None (+ 0 JPY),None (+ 0 JPY),,,[210 Days RENTAL] SoftBank 601HW [WHITE] Premium 50GB,1,,,,,,,,[210 Days RENTAL] SoftBank 601HW [WHITE] Premium 50GB,sl.jpg,*,sl.jpg,sl.jpg,,,,,,,,,,,,,,,,,,,,,,0,1,sl_209,,1,,36250,36250,,5,,,,,,,,,,,,,,,,,17,SoftBank 601HW プレミアム50GB
1079,,10,8,None (+ 0 JPY),None (+ 0 JPY),,,[211 Days RENTAL] SoftBank 601HW [WHITE] Premium 50GB,1,,,,,,,,[211 Days RENTAL] SoftBank 601HW [WHITE] Premium 50GB,sl.jpg,*,sl.jpg,sl.jpg,,,,,,,,,,,,,,,,,,,,,,0,1,sl_210,,1,,36250,36250,,5,,,,,,,,,,,,,,,,,17,SoftBank 601HW プレミアム50GB
1080,,10,8,None (+ 0 JPY),None (+ 0 JPY),,,[212 Days RENTAL] SoftBank 601HW [WHITE] Premium 50GB,1,,,,,,,,[212 Days RENTAL] SoftBank 601HW [WHITE] Premium 50GB,sl.jpg,*,sl.jpg,sl.jpg,,,,,,,,,,,,,,,,,,,,,,0,1,sl_211,,1,,36250,36250,,5,,,,,,,,,,,,,,,,,17,SoftBank 601HW プレミアム50GB
1081,,10,8,None (+ 0 JPY),None (+ 0 JPY),,,[213 Days RENTAL] SoftBank 601HW [WHITE] Premium 50GB,1,,,,,,,,[213 Days RENTAL] SoftBank 601HW [WHITE] Premium 50GB,sl.jpg,*,sl.jpg,sl.jpg,,,,,,,,,,,,,,,,,,,,,,0,1,sl_212,,1,,36800,36800,,5,,,,,,,,,,,,,,,,,17,SoftBank 601HW プレミアム50GB
1082,,10,8,None (+ 0 JPY),None (+ 0 JPY),,,[214 Days RENTAL] SoftBank 601HW [WHITE] Premium 50GB,1,,,,,,,,[214 Days RENTAL] SoftBank 601HW [WHITE] Premium 50GB,sl.jpg,*,sl.jpg,sl.jpg,,,,,,,,,,,,,,,,,,,,,,0,1,sl_213,,1,,37350,37350,,5,,,,,,,,,,,,,,,,,17,SoftBank 601HW プレミアム50GB
1083,,10,8,None (+ 0 JPY),None (+ 0 JPY),,,[215 Days RENTAL] SoftBank 601HW [WHITE] Premium 50GB,1,,,,,,,,[215 Days RENTAL] SoftBank 601HW [WHITE] Premium 50GB,sl.jpg,*,sl.jpg,sl.jpg,,,,,,,,,,,,,,,,,,,,,,0,1,sl_214,,1,,37900,37900,,5,,,,,,,,,,,,,,,,,17,SoftBank 601HW プレミアム50GB
1084,,10,8,None (+ 0 JPY),None (+ 0 JPY),,,[216 Days RENTAL] SoftBank 601HW [WHITE] Premium 50GB,1,,,,,,,,[216 Days RENTAL] SoftBank 601HW [WHITE] Premium 50GB,sl.jpg,*,sl.jpg,sl.jpg,,,,,,,,,,,,,,,,,,,,,,0,1,sl_215,,1,,38450,38450,,5,,,,,,,,,,,,,,,,,17,SoftBank 601HW プレミアム50GB
1085,,10,8,None (+ 0 JPY),None (+ 0 JPY),,,[217 Days RENTAL] SoftBank 601HW [WHITE] Premium 50GB,1,,,,,,,,[217 Days RENTAL] SoftBank 601HW [WHITE] Premium 50GB,sl.jpg,*,sl.jpg,sl.jpg,,,,,,,,,,,,,,,,,,,,,,0,1,sl_216,,1,,39000,39000,,5,,,,,,,,,,,,,,,,,17,SoftBank 601HW プレミアム50GB
1086,,10,8,None (+ 0 JPY),None (+ 0 JPY),,,[218 Days RENTAL] SoftBank 601HW [WHITE] Premium 50GB,1,,,,,,,,[218 Days RENTAL] SoftBank 601HW [WHITE] Premium 50GB,sl.jpg,*,sl.jpg,sl.jpg,,,,,,,,,,,,,,,,,,,,,,0,1,sl_217,,1,,39550,39550,,5,,,,,,,,,,,,,,,,,17,SoftBank 601HW プレミアム50GB
1087,,10,8,None (+ 0 JPY),None (+ 0 JPY),,,[219 Days RENTAL] SoftBank 601HW [WHITE] Premium 50GB,1,,,,,,,,[219 Days RENTAL] SoftBank 601HW [WHITE] Premium 50GB,sl.jpg,*,sl.jpg,sl.jpg,,,,,,,,,,,,,,,,,,,,,,0,1,sl_218,,1,,40100,40100,,5,,,,,,,,,,,,,,,,,17,SoftBank 601HW プレミアム50GB
1088,,10,8,None (+ 0 JPY),None (+ 0 JPY),,,[220 Days RENTAL] SoftBank 601HW [WHITE] Premium 50GB,1,,,,,,,,[220 Days RENTAL] SoftBank 601HW [WHITE] Premium 50GB,sl.jpg,*,sl.jpg,sl.jpg,,,,,,,,,,,,,,,,,,,,,,0,1,sl_219,,1,,40650,40650,,5,,,,,,,,,,,,,,,,,17,SoftBank 601HW プレミアム50GB
1089,,10,8,None (+ 0 JPY),None (+ 0 JPY),,,[221 Days RENTAL] SoftBank 601HW [WHITE] Premium 50GB,1,,,,,,,,[221 Days RENTAL] SoftBank 601HW [WHITE] Premium 50GB,sl.jpg,*,sl.jpg,sl.jpg,,,,,,,,,,,,,,,,,,,,,,0,1,sl_220,,1,,41200,41200,,5,,,,,,,,,,,,,,,,,17,SoftBank 601HW プレミアム50GB
1090,,10,8,None (+ 0 JPY),None (+ 0 JPY),,,[222 Days RENTAL] SoftBank 601HW [WHITE] Premium 50GB,1,,,,,,,,[222 Days RENTAL] SoftBank 601HW [WHITE] Premium 50GB,sl.jpg,*,sl.jpg,sl.jpg,,,,,,,,,,,,,,,,,,,,,,0,1,sl_221,,1,,41750,41750,,5,,,,,,,,,,,,,,,,,17,SoftBank 601HW プレミアム50GB
1091,,10,8,None (+ 0 JPY),None (+ 0 JPY),,,[223 Days RENTAL] SoftBank 601HW [WHITE] Premium 50GB,1,,,,,,,,[223 Days RENTAL] SoftBank 601HW [WHITE] Premium 50GB,sl.jpg,*,sl.jpg,sl.jpg,,,,,,,,,,,,,,,,,,,,,,0,1,sl_222,,1,,42300,42300,,5,,,,,,,,,,,,,,,,,17,SoftBank 601HW プレミアム50GB
1092,,10,8,None (+ 0 JPY),None (+ 0 JPY),,,[224 Days RENTAL] SoftBank 601HW [WHITE] Premium 50GB,1,,,,,,,,[224 Days RENTAL] SoftBank 601HW [WHITE] Premium 50GB,sl.jpg,*,sl.jpg,sl.jpg,,,,,,,,,,,,,,,,,,,,,,0,1,sl_223,,1,,42650,42650,,5,,,,,,,,,,,,,,,,,17,SoftBank 601HW プレミアム50GB
1093,,10,8,None (+ 0 JPY),None (+ 0 JPY),,,[225 Days RENTAL] SoftBank 601HW [WHITE] Premium 50GB,1,,,,,,,,[225 Days RENTAL] SoftBank 601HW [WHITE] Premium 50GB,sl.jpg,*,sl.jpg,sl.jpg,,,,,,,,,,,,,,,,,,,,,,0,1,sl_224,,1,,42650,42650,,5,,,,,,,,,,,,,,,,,17,SoftBank 601HW プレミアム50GB
1094,,10,8,None (+ 0 JPY),None (+ 0 JPY),,,[226 Days RENTAL] SoftBank 601HW [WHITE] Premium 50GB,1,,,,,,,,[226 Days RENTAL] SoftBank 601HW [WHITE] Premium 50GB,sl.jpg,*,sl.jpg,sl.jpg,,,,,,,,,,,,,,,,,,,,,,0,1,sl_225,,1,,42650,42650,,5,,,,,,,,,,,,,,,,,17,SoftBank 601HW プレミアム50GB
1095,,10,8,None (+ 0 JPY),None (+ 0 JPY),,,[227 Days RENTAL] SoftBank 601HW [WHITE] Premium 50GB,1,,,,,,,,[227 Days RENTAL] SoftBank 601HW [WHITE] Premium 50GB,sl.jpg,*,sl.jpg,sl.jpg,,,,,,,,,,,,,,,,,,,,,,0,1,sl_226,,1,,42650,42650,,5,,,,,,,,,,,,,,,,,17,SoftBank 601HW プレミアム50GB
1096,,10,8,None (+ 0 JPY),None (+ 0 JPY),,,[228 Days RENTAL] SoftBank 601HW [WHITE] Premium 50GB,1,,,,,,,,[228 Days RENTAL] SoftBank 601HW [WHITE] Premium 50GB,sl.jpg,*,sl.jpg,sl.jpg,,,,,,,,,,,,,,,,,,,,,,0,1,sl_227,,1,,42650,42650,,5,,,,,,,,,,,,,,,,,17,SoftBank 601HW プレミアム50GB
1097,,10,8,None (+ 0 JPY),None (+ 0 JPY),,,[229 Days RENTAL] SoftBank 601HW [WHITE] Premium 50GB,1,,,,,,,,[229 Days RENTAL] SoftBank 601HW [WHITE] Premium 50GB,sl.jpg,*,sl.jpg,sl.jpg,,,,,,,,,,,,,,,,,,,,,,0,1,sl_228,,1,,42650,42650,,5,,,,,,,,,,,,,,,,,17,SoftBank 601HW プレミアム50GB
1098,,10,8,None (+ 0 JPY),None (+ 0 JPY),,,[230 Days RENTAL] SoftBank 601HW [WHITE] Premium 50GB,1,,,,,,,,[230 Days RENTAL] SoftBank 601HW [WHITE] Premium 50GB,sl.jpg,*,sl.jpg,sl.jpg,,,,,,,,,,,,,,,,,,,,,,0,1,sl_229,,1,,42650,42650,,5,,,,,,,,,,,,,,,,,17,SoftBank 601HW プレミアム50GB
1099,,10,8,None (+ 0 JPY),None (+ 0 JPY),,,[231 Days RENTAL] SoftBank 601HW [WHITE] Premium 50GB,1,,,,,,,,[231 Days RENTAL] SoftBank 601HW [WHITE] Premium 50GB,sl.jpg,*,sl.jpg,sl.jpg,,,,,,,,,,,,,,,,,,,,,,0,1,sl_230,,1,,42650,42650,,5,,,,,,,,,,,,,,,,,17,SoftBank 601HW プレミアム50GB
1100,,10,8,None (+ 0 JPY),None (+ 0 JPY),,,[232 Days RENTAL] SoftBank 601HW [WHITE] Premium 50GB,1,,,,,,,,[232 Days RENTAL] SoftBank 601HW [WHITE] Premium 50GB,sl.jpg,*,sl.jpg,sl.jpg,,,,,,,,,,,,,,,,,,,,,,0,1,sl_231,,1,,42650,42650,,5,,,,,,,,,,,,,,,,,17,SoftBank 601HW プレミアム50GB
1101,,10,8,None (+ 0 JPY),None (+ 0 JPY),,,[233 Days RENTAL] SoftBank 601HW [WHITE] Premium 50GB,1,,,,,,,,[233 Days RENTAL] SoftBank 601HW [WHITE] Premium 50GB,sl.jpg,*,sl.jpg,sl.jpg,,,,,,,,,,,,,,,,,,,,,,0,1,sl_232,,1,,42650,42650,,5,,,,,,,,,,,,,,,,,17,SoftBank 601HW プレミアム50GB
1102,,10,8,None (+ 0 JPY),None (+ 0 JPY),,,[234 Days RENTAL] SoftBank 601HW [WHITE] Premium 50GB,1,,,,,,,,[234 Days RENTAL] SoftBank 601HW [WHITE] Premium 50GB,sl.jpg,*,sl.jpg,sl.jpg,,,,,,,,,,,,,,,,,,,,,,0,1,sl_233,,1,,42650,42650,,5,,,,,,,,,,,,,,,,,17,SoftBank 601HW プレミアム50GB
1103,,10,8,None (+ 0 JPY),None (+ 0 JPY),,,[235 Days RENTAL] SoftBank 601HW [WHITE] Premium 50GB,1,,,,,,,,[235 Days RENTAL] SoftBank 601HW [WHITE] Premium 50GB,sl.jpg,*,sl.jpg,sl.jpg,,,,,,,,,,,,,,,,,,,,,,0,1,sl_234,,1,,42650,42650,,5,,,,,,,,,,,,,,,,,17,SoftBank 601HW プレミアム50GB
1104,,10,8,None (+ 0 JPY),None (+ 0 JPY),,,[236 Days RENTAL] SoftBank 601HW [WHITE] Premium 50GB,1,,,,,,,,[236 Days RENTAL] SoftBank 601HW [WHITE] Premium 50GB,sl.jpg,*,sl.jpg,sl.jpg,,,,,,,,,,,,,,,,,,,,,,0,1,sl_235,,1,,42650,42650,,5,,,,,,,,,,,,,,,,,17,SoftBank 601HW プレミアム50GB
1105,,10,8,None (+ 0 JPY),None (+ 0 JPY),,,[237 Days RENTAL] SoftBank 601HW [WHITE] Premium 50GB,1,,,,,,,,[237 Days RENTAL] SoftBank 601HW [WHITE] Premium 50GB,sl.jpg,*,sl.jpg,sl.jpg,,,,,,,,,,,,,,,,,,,,,,0,1,sl_236,,1,,42650,42650,,5,,,,,,,,,,,,,,,,,17,SoftBank 601HW プレミアム50GB
1106,,10,8,None (+ 0 JPY),None (+ 0 JPY),,,[238 Days RENTAL] SoftBank 601HW [WHITE] Premium 50GB,1,,,,,,,,[238 Days RENTAL] SoftBank 601HW [WHITE] Premium 50GB,sl.jpg,*,sl.jpg,sl.jpg,,,,,,,,,,,,,,,,,,,,,,0,1,sl_237,,1,,42650,42650,,5,,,,,,,,,,,,,,,,,17,SoftBank 601HW プレミアム50GB
1107,,10,8,None (+ 0 JPY),None (+ 0 JPY),,,[239 Days RENTAL] SoftBank 601HW [WHITE] Premium 50GB,1,,,,,,,,[239 Days RENTAL] SoftBank 601HW [WHITE] Premium 50GB,sl.jpg,*,sl.jpg,sl.jpg,,,,,,,,,,,,,,,,,,,,,,0,1,sl_238,,1,,42650,42650,,5,,,,,,,,,,,,,,,,,17,SoftBank 601HW プレミアム50GB
1108,,10,8,None (+ 0 JPY),None (+ 0 JPY),,,[240 Days RENTAL] SoftBank 601HW [WHITE] Premium 50GB,1,,,,,,,,[240 Days RENTAL] SoftBank 601HW [WHITE] Premium 50GB,sl.jpg,*,sl.jpg,sl.jpg,,,,,,,,,,,,,,,,,,,,,,0,1,sl_239,,1,,42650,42650,,5,,,,,,,,,,,,,,,,,17,SoftBank 601HW プレミアム50GB
1109,,10,8,None (+ 0 JPY),None (+ 0 JPY),,,[241 Days RENTAL] SoftBank 601HW [WHITE] Premium 50GB,1,,,,,,,,[241 Days RENTAL] SoftBank 601HW [WHITE] Premium 50GB,sl.jpg,*,sl.jpg,sl.jpg,,,,,,,,,,,,,,,,,,,,,,0,1,sl_240,,1,,42650,42650,,5,,,,,,,,,,,,,,,,,17,SoftBank 601HW プレミアム50GB
1110,,10,8,None (+ 0 JPY),None (+ 0 JPY),,,[242 Days RENTAL] SoftBank 601HW [WHITE] Premium 50GB,1,,,,,,,,[242 Days RENTAL] SoftBank 601HW [WHITE] Premium 50GB,sl.jpg,*,sl.jpg,sl.jpg,,,,,,,,,,,,,,,,,,,,,,0,1,sl_241,,1,,42650,42650,,5,,,,,,,,,,,,,,,,,17,SoftBank 601HW プレミアム50GB
1111,,10,8,None (+ 0 JPY),None (+ 0 JPY),,,[243 Days RENTAL] SoftBank 601HW [WHITE] Premium 50GB,1,,,,,,,,[243 Days RENTAL] SoftBank 601HW [WHITE] Premium 50GB,sl.jpg,*,sl.jpg,sl.jpg,,,,,,,,,,,,,,,,,,,,,,0,1,sl_242,,1,,43200,43200,,5,,,,,,,,,,,,,,,,,17,SoftBank 601HW プレミアム50GB
1112,,10,8,None (+ 0 JPY),None (+ 0 JPY),,,[244 Days RENTAL] SoftBank 601HW [WHITE] Premium 50GB,1,,,,,,,,[244 Days RENTAL] SoftBank 601HW [WHITE] Premium 50GB,sl.jpg,*,sl.jpg,sl.jpg,,,,,,,,,,,,,,,,,,,,,,0,1,sl_243,,1,,43750,43750,,5,,,,,,,,,,,,,,,,,17,SoftBank 601HW プレミアム50GB
1113,,10,8,None (+ 0 JPY),None (+ 0 JPY),,,[245 Days RENTAL] SoftBank 601HW [WHITE] Premium 50GB,1,,,,,,,,[245 Days RENTAL] SoftBank 601HW [WHITE] Premium 50GB,sl.jpg,*,sl.jpg,sl.jpg,,,,,,,,,,,,,,,,,,,,,,0,1,sl_244,,1,,44300,44300,,5,,,,,,,,,,,,,,,,,17,SoftBank 601HW プレミアム50GB
1114,,10,8,None (+ 0 JPY),None (+ 0 JPY),,,[246 Days RENTAL] SoftBank 601HW [WHITE] Premium 50GB,1,,,,,,,,[246 Days RENTAL] SoftBank 601HW [WHITE] Premium 50GB,sl.jpg,*,sl.jpg,sl.jpg,,,,,,,,,,,,,,,,,,,,,,0,1,sl_245,,1,,44850,44850,,5,,,,,,,,,,,,,,,,,17,SoftBank 601HW プレミアム50GB
1115,,10,8,None (+ 0 JPY),None (+ 0 JPY),,,[247 Days RENTAL] SoftBank 601HW [WHITE] Premium 50GB,1,,,,,,,,[247 Days RENTAL] SoftBank 601HW [WHITE] Premium 50GB,sl.jpg,*,sl.jpg,sl.jpg,,,,,,,,,,,,,,,,,,,,,,0,1,sl_246,,1,,45400,45400,,5,,,,,,,,,,,,,,,,,17,SoftBank 601HW プレミアム50GB
1116,,10,8,None (+ 0 JPY),None (+ 0 JPY),,,[248 Days RENTAL] SoftBank 601HW [WHITE] Premium 50GB,1,,,,,,,,[248 Days RENTAL] SoftBank 601HW [WHITE] Premium 50GB,sl.jpg,*,sl.jpg,sl.jpg,,,,,,,,,,,,,,,,,,,,,,0,1,sl_247,,1,,45950,45950,,5,,,,,,,,,,,,,,,,,17,SoftBank 601HW プレミアム50GB
1117,,10,8,None (+ 0 JPY),None (+ 0 JPY),,,[249 Days RENTAL] SoftBank 601HW [WHITE] Premium 50GB,1,,,,,,,,[249 Days RENTAL] SoftBank 601HW [WHITE] Premium 50GB,sl.jpg,*,sl.jpg,sl.jpg,,,,,,,,,,,,,,,,,,,,,,0,1,sl_248,,1,,46500,46500,,5,,,,,,,,,,,,,,,,,17,SoftBank 601HW プレミアム50GB
1118,,10,8,None (+ 0 JPY),None (+ 0 JPY),,,[250 Days RENTAL] SoftBank 601HW [WHITE] Premium 50GB,1,,,,,,,,[250 Days RENTAL] SoftBank 601HW [WHITE] Premium 50GB,sl.jpg,*,sl.jpg,sl.jpg,,,,,,,,,,,,,,,,,,,,,,0,1,sl_249,,1,,47050,47050,,5,,,,,,,,,,,,,,,,,17,SoftBank 601HW プレミアム50GB
1119,,10,8,None (+ 0 JPY),None (+ 0 JPY),,,[251 Days RENTAL] SoftBank 601HW [WHITE] Premium 50GB,1,,,,,,,,[251 Days RENTAL] SoftBank 601HW [WHITE] Premium 50GB,sl.jpg,*,sl.jpg,sl.jpg,,,,,,,,,,,,,,,,,,,,,,0,1,sl_250,,1,,47600,47600,,5,,,,,,,,,,,,,,,,,17,SoftBank 601HW プレミアム50GB
1120,,10,8,None (+ 0 JPY),None (+ 0 JPY),,,[252 Days RENTAL] SoftBank 601HW [WHITE] Premium 50GB,1,,,,,,,,[252 Days RENTAL] SoftBank 601HW [WHITE] Premium 50GB,sl.jpg,*,sl.jpg,sl.jpg,,,,,,,,,,,,,,,,,,,,,,0,1,sl_251,,1,,48150,48150,,5,,,,,,,,,,,,,,,,,17,SoftBank 601HW プレミアム50GB
1121,,10,8,None (+ 0 JPY),None (+ 0 JPY),,,[253 Days RENTAL] SoftBank 601HW [WHITE] Premium 50GB,1,,,,,,,,[253 Days RENTAL] SoftBank 601HW [WHITE] Premium 50GB,sl.jpg,*,sl.jpg,sl.jpg,,,,,,,,,,,,,,,,,,,,,,0,1,sl_252,,1,,48500,48500,,5,,,,,,,,,,,,,,,,,17,SoftBank 601HW プレミアム50GB
1122,,10,8,None (+ 0 JPY),None (+ 0 JPY),,,[254 Days RENTAL] SoftBank 601HW [WHITE] Premium 50GB,1,,,,,,,,[254 Days RENTAL] SoftBank 601HW [WHITE] Premium 50GB,sl.jpg,*,sl.jpg,sl.jpg,,,,,,,,,,,,,,,,,,,,,,0,1,sl_253,,1,,48500,48500,,5,,,,,,,,,,,,,,,,,17,SoftBank 601HW プレミアム50GB
1123,,10,8,None (+ 0 JPY),None (+ 0 JPY),,,[255 Days RENTAL] SoftBank 601HW [WHITE] Premium 50GB,1,,,,,,,,[255 Days RENTAL] SoftBank 601HW [WHITE] Premium 50GB,sl.jpg,*,sl.jpg,sl.jpg,,,,,,,,,,,,,,,,,,,,,,0,1,sl_254,,1,,48500,48500,,5,,,,,,,,,,,,,,,,,17,SoftBank 601HW プレミアム50GB
1124,,10,8,None (+ 0 JPY),None (+ 0 JPY),,,[256 Days RENTAL] SoftBank 601HW [WHITE] Premium 50GB,1,,,,,,,,[256 Days RENTAL] SoftBank 601HW [WHITE] Premium 50GB,sl.jpg,*,sl.jpg,sl.jpg,,,,,,,,,,,,,,,,,,,,,,0,1,sl_255,,1,,48500,48500,,5,,,,,,,,,,,,,,,,,17,SoftBank 601HW プレミアム50GB
1125,,10,8,None (+ 0 JPY),None (+ 0 JPY),,,[257 Days RENTAL] SoftBank 601HW [WHITE] Premium 50GB,1,,,,,,,,[257 Days RENTAL] SoftBank 601HW [WHITE] Premium 50GB,sl.jpg,*,sl.jpg,sl.jpg,,,,,,,,,,,,,,,,,,,,,,0,1,sl_256,,1,,48500,48500,,5,,,,,,,,,,,,,,,,,17,SoftBank 601HW プレミアム50GB
1126,,10,8,None (+ 0 JPY),None (+ 0 JPY),,,[258 Days RENTAL] SoftBank 601HW [WHITE] Premium 50GB,1,,,,,,,,[258 Days RENTAL] SoftBank 601HW [WHITE] Premium 50GB,sl.jpg,*,sl.jpg,sl.jpg,,,,,,,,,,,,,,,,,,,,,,0,1,sl_257,,1,,48500,48500,,5,,,,,,,,,,,,,,,,,17,SoftBank 601HW プレミアム50GB
1127,,10,8,None (+ 0 JPY),None (+ 0 JPY),,,[259 Days RENTAL] SoftBank 601HW [WHITE] Premium 50GB,1,,,,,,,,[259 Days RENTAL] SoftBank 601HW [WHITE] Premium 50GB,sl.jpg,*,sl.jpg,sl.jpg,,,,,,,,,,,,,,,,,,,,,,0,1,sl_258,,1,,48500,48500,,5,,,,,,,,,,,,,,,,,17,SoftBank 601HW プレミアム50GB
1128,,10,8,None (+ 0 JPY),None (+ 0 JPY),,,[260 Days RENTAL] SoftBank 601HW [WHITE] Premium 50GB,1,,,,,,,,[260 Days RENTAL] SoftBank 601HW [WHITE] Premium 50GB,sl.jpg,*,sl.jpg,sl.jpg,,,,,,,,,,,,,,,,,,,,,,0,1,sl_259,,1,,48500,48500,,5,,,,,,,,,,,,,,,,,17,SoftBank 601HW プレミアム50GB
1129,,10,8,None (+ 0 JPY),None (+ 0 JPY),,,[261 Days RENTAL] SoftBank 601HW [WHITE] Premium 50GB,1,,,,,,,,[261 Days RENTAL] SoftBank 601HW [WHITE] Premium 50GB,sl.jpg,*,sl.jpg,sl.jpg,,,,,,,,,,,,,,,,,,,,,,0,1,sl_260,,1,,48500,48500,,5,,,,,,,,,,,,,,,,,17,SoftBank 601HW プレミアム50GB
1130,,10,8,None (+ 0 JPY),None (+ 0 JPY),,,[262 Days RENTAL] SoftBank 601HW [WHITE] Premium 50GB,1,,,,,,,,[262 Days RENTAL] SoftBank 601HW [WHITE] Premium 50GB,sl.jpg,*,sl.jpg,sl.jpg,,,,,,,,,,,,,,,,,,,,,,0,1,sl_261,,1,,48500,48500,,5,,,,,,,,,,,,,,,,,17,SoftBank 601HW プレミアム50GB
1131,,10,8,None (+ 0 JPY),None (+ 0 JPY),,,[263 Days RENTAL] SoftBank 601HW [WHITE] Premium 50GB,1,,,,,,,,[263 Days RENTAL] SoftBank 601HW [WHITE] Premium 50GB,sl.jpg,*,sl.jpg,sl.jpg,,,,,,,,,,,,,,,,,,,,,,0,1,sl_262,,1,,48500,48500,,5,,,,,,,,,,,,,,,,,17,SoftBank 601HW プレミアム50GB
1132,,10,8,None (+ 0 JPY),None (+ 0 JPY),,,[264 Days RENTAL] SoftBank 601HW [WHITE] Premium 50GB,1,,,,,,,,[264 Days RENTAL] SoftBank 601HW [WHITE] Premium 50GB,sl.jpg,*,sl.jpg,sl.jpg,,,,,,,,,,,,,,,,,,,,,,0,1,sl_263,,1,,48500,48500,,5,,,,,,,,,,,,,,,,,17,SoftBank 601HW プレミアム50GB
1133,,10,8,None (+ 0 JPY),None (+ 0 JPY),,,[265 Days RENTAL] SoftBank 601HW [WHITE] Premium 50GB,1,,,,,,,,[265 Days RENTAL] SoftBank 601HW [WHITE] Premium 50GB,sl.jpg,*,sl.jpg,sl.jpg,,,,,,,,,,,,,,,,,,,,,,0,1,sl_264,,1,,48500,48500,,5,,,,,,,,,,,,,,,,,17,SoftBank 601HW プレミアム50GB
1134,,10,8,None (+ 0 JPY),None (+ 0 JPY),,,[266 Days RENTAL] SoftBank 601HW [WHITE] Premium 50GB,1,,,,,,,,[266 Days RENTAL] SoftBank 601HW [WHITE] Premium 50GB,sl.jpg,*,sl.jpg,sl.jpg,,,,,,,,,,,,,,,,,,,,,,0,1,sl_265,,1,,48500,48500,,5,,,,,,,,,,,,,,,,,17,SoftBank 601HW プレミアム50GB
1135,,10,8,None (+ 0 JPY),None (+ 0 JPY),,,[267 Days RENTAL] SoftBank 601HW [WHITE] Premium 50GB,1,,,,,,,,[267 Days RENTAL] SoftBank 601HW [WHITE] Premium 50GB,sl.jpg,*,sl.jpg,sl.jpg,,,,,,,,,,,,,,,,,,,,,,0,1,sl_266,,1,,48500,48500,,5,,,,,,,,,,,,,,,,,17,SoftBank 601HW プレミアム50GB
1136,,10,8,None (+ 0 JPY),None (+ 0 JPY),,,[268 Days RENTAL] SoftBank 601HW [WHITE] Premium 50GB,1,,,,,,,,[268 Days RENTAL] SoftBank 601HW [WHITE] Premium 50GB,sl.jpg,*,sl.jpg,sl.jpg,,,,,,,,,,,,,,,,,,,,,,0,1,sl_267,,1,,48500,48500,,5,,,,,,,,,,,,,,,,,17,SoftBank 601HW プレミアム50GB
1137,,10,8,None (+ 0 JPY),None (+ 0 JPY),,,[269 Days RENTAL] SoftBank 601HW [WHITE] Premium 50GB,1,,,,,,,,[269 Days RENTAL] SoftBank 601HW [WHITE] Premium 50GB,sl.jpg,*,sl.jpg,sl.jpg,,,,,,,,,,,,,,,,,,,,,,0,1,sl_268,,1,,48500,48500,,5,,,,,,,,,,,,,,,,,17,SoftBank 601HW プレミアム50GB
1138,,10,8,None (+ 0 JPY),None (+ 0 JPY),,,[270 Days RENTAL] SoftBank 601HW [WHITE] Premium 50GB,1,,,,,,,,[270 Days RENTAL] SoftBank 601HW [WHITE] Premium 50GB,sl.jpg,*,sl.jpg,sl.jpg,,,,,,,,,,,,,,,,,,,,,,0,1,sl_269,,1,,48500,48500,,5,,,,,,,,,,,,,,,,,17,SoftBank 601HW プレミアム50GB
1139,,10,8,None (+ 0 JPY),None (+ 0 JPY),,,[271 Days RENTAL] SoftBank 601HW [WHITE] Premium 50GB,1,,,,,,,,[271 Days RENTAL] SoftBank 601HW [WHITE] Premium 50GB,sl.jpg,*,sl.jpg,sl.jpg,,,,,,,,,,,,,,,,,,,,,,0,1,sl_270,,1,,48500,48500,,5,,,,,,,,,,,,,,,,,17,SoftBank 601HW プレミアム50GB
1140,,10,8,None (+ 0 JPY),None (+ 0 JPY),,,[272 Days RENTAL] SoftBank 601HW [WHITE] Premium 50GB,1,,,,,,,,[272 Days RENTAL] SoftBank 601HW [WHITE] Premium 50GB,sl.jpg,*,sl.jpg,sl.jpg,,,,,,,,,,,,,,,,,,,,,,0,1,sl_271,,1,,48500,48500,,5,,,,,,,,,,,,,,,,,17,SoftBank 601HW プレミアム50GB
1141,,10,8,None (+ 0 JPY),None (+ 0 JPY),,,[273 Days RENTAL] SoftBank 601HW [WHITE] Premium 50GB,1,,,,,,,,[273 Days RENTAL] SoftBank 601HW [WHITE] Premium 50GB,sl.jpg,*,sl.jpg,sl.jpg,,,,,,,,,,,,,,,,,,,,,,0,1,sl_272,,1,,49050,49050,,5,,,,,,,,,,,,,,,,,17,SoftBank 601HW プレミアム50GB
1142,,10,8,None (+ 0 JPY),None (+ 0 JPY),,,[274 Days RENTAL] SoftBank 601HW [WHITE] Premium 50GB,1,,,,,,,,[274 Days RENTAL] SoftBank 601HW [WHITE] Premium 50GB,sl.jpg,*,sl.jpg,sl.jpg,,,,,,,,,,,,,,,,,,,,,,0,1,sl_273,,1,,49600,49600,,5,,,,,,,,,,,,,,,,,17,SoftBank 601HW プレミアム50GB
1143,,10,8,None (+ 0 JPY),None (+ 0 JPY),,,[275 Days RENTAL] SoftBank 601HW [WHITE] Premium 50GB,1,,,,,,,,[275 Days RENTAL] SoftBank 601HW [WHITE] Premium 50GB,sl.jpg,*,sl.jpg,sl.jpg,,,,,,,,,,,,,,,,,,,,,,0,1,sl_274,,1,,50150,50150,,5,,,,,,,,,,,,,,,,,17,SoftBank 601HW プレミアム50GB
1144,,10,8,None (+ 0 JPY),None (+ 0 JPY),,,[276 Days RENTAL] SoftBank 601HW [WHITE] Premium 50GB,1,,,,,,,,[276 Days RENTAL] SoftBank 601HW [WHITE] Premium 50GB,sl.jpg,*,sl.jpg,sl.jpg,,,,,,,,,,,,,,,,,,,,,,0,1,sl_275,,1,,50700,50700,,5,,,,,,,,,,,,,,,,,17,SoftBank 601HW プレミアム50GB
1145,,10,8,None (+ 0 JPY),None (+ 0 JPY),,,[277 Days RENTAL] SoftBank 601HW [WHITE] Premium 50GB,1,,,,,,,,[277 Days RENTAL] SoftBank 601HW [WHITE] Premium 50GB,sl.jpg,*,sl.jpg,sl.jpg,,,,,,,,,,,,,,,,,,,,,,0,1,sl_276,,1,,51000,51000,,5,,,,,,,,,,,,,,,,,17,SoftBank 601HW プレミアム50GB
1146,,10,8,None (+ 0 JPY),None (+ 0 JPY),,,[278 Days RENTAL] SoftBank 601HW [WHITE] Premium 50GB,1,,,,,,,,[278 Days RENTAL] SoftBank 601HW [WHITE] Premium 50GB,sl.jpg,*,sl.jpg,sl.jpg,,,,,,,,,,,,,,,,,,,,,,0,1,sl_277,,1,,51000,51000,,5,,,,,,,,,,,,,,,,,17,SoftBank 601HW プレミアム50GB
1147,,10,8,None (+ 0 JPY),None (+ 0 JPY),,,[279 Days RENTAL] SoftBank 601HW [WHITE] Premium 50GB,1,,,,,,,,[279 Days RENTAL] SoftBank 601HW [WHITE] Premium 50GB,sl.jpg,*,sl.jpg,sl.jpg,,,,,,,,,,,,,,,,,,,,,,0,1,sl_278,,1,,51000,51000,,5,,,,,,,,,,,,,,,,,17,SoftBank 601HW プレミアム50GB
1148,,10,8,None (+ 0 JPY),None (+ 0 JPY),,,[280 Days RENTAL] SoftBank 601HW [WHITE] Premium 50GB,1,,,,,,,,[280 Days RENTAL] SoftBank 601HW [WHITE] Premium 50GB,sl.jpg,*,sl.jpg,sl.jpg,,,,,,,,,,,,,,,,,,,,,,0,1,sl_279,,1,,51000,51000,,5,,,,,,,,,,,,,,,,,17,SoftBank 601HW プレミアム50GB
1149,,10,8,None (+ 0 JPY),None (+ 0 JPY),,,[281 Days RENTAL] SoftBank 601HW [WHITE] Premium 50GB,1,,,,,,,,[281 Days RENTAL] SoftBank 601HW [WHITE] Premium 50GB,sl.jpg,*,sl.jpg,sl.jpg,,,,,,,,,,,,,,,,,,,,,,0,1,sl_280,,1,,51000,51000,,5,,,,,,,,,,,,,,,,,17,SoftBank 601HW プレミアム50GB
1150,,10,8,None (+ 0 JPY),None (+ 0 JPY),,,[282 Days RENTAL] SoftBank 601HW [WHITE] Premium 50GB,1,,,,,,,,[282 Days RENTAL] SoftBank 601HW [WHITE] Premium 50GB,sl.jpg,*,sl.jpg,sl.jpg,,,,,,,,,,,,,,,,,,,,,,0,1,sl_281,,1,,51000,51000,,5,,,,,,,,,,,,,,,,,17,SoftBank 601HW プレミアム50GB
1151,,10,8,None (+ 0 JPY),None (+ 0 JPY),,,[283 Days RENTAL] SoftBank 601HW [WHITE] Premium 50GB,1,,,,,,,,[283 Days RENTAL] SoftBank 601HW [WHITE] Premium 50GB,sl.jpg,*,sl.jpg,sl.jpg,,,,,,,,,,,,,,,,,,,,,,0,1,sl_282,,1,,51000,51000,,5,,,,,,,,,,,,,,,,,17,SoftBank 601HW プレミアム50GB
1152,,10,8,None (+ 0 JPY),None (+ 0 JPY),,,[284 Days RENTAL] SoftBank 601HW [WHITE] Premium 50GB,1,,,,,,,,[284 Days RENTAL] SoftBank 601HW [WHITE] Premium 50GB,sl.jpg,*,sl.jpg,sl.jpg,,,,,,,,,,,,,,,,,,,,,,0,1,sl_283,,1,,51000,51000,,5,,,,,,,,,,,,,,,,,17,SoftBank 601HW プレミアム50GB
1153,,10,8,None (+ 0 JPY),None (+ 0 JPY),,,[285 Days RENTAL] SoftBank 601HW [WHITE] Premium 50GB,1,,,,,,,,[285 Days RENTAL] SoftBank 601HW [WHITE] Premium 50GB,sl.jpg,*,sl.jpg,sl.jpg,,,,,,,,,,,,,,,,,,,,,,0,1,sl_284,,1,,51000,51000,,5,,,,,,,,,,,,,,,,,17,SoftBank 601HW プレミアム50GB
1154,,10,8,None (+ 0 JPY),None (+ 0 JPY),,,[286 Days RENTAL] SoftBank 601HW [WHITE] Premium 50GB,1,,,,,,,,[286 Days RENTAL] SoftBank 601HW [WHITE] Premium 50GB,sl.jpg,*,sl.jpg,sl.jpg,,,,,,,,,,,,,,,,,,,,,,0,1,sl_285,,1,,51000,51000,,5,,,,,,,,,,,,,,,,,17,SoftBank 601HW プレミアム50GB
1155,,10,8,None (+ 0 JPY),None (+ 0 JPY),,,[287 Days RENTAL] SoftBank 601HW [WHITE] Premium 50GB,1,,,,,,,,[287 Days RENTAL] SoftBank 601HW [WHITE] Premium 50GB,sl.jpg,*,sl.jpg,sl.jpg,,,,,,,,,,,,,,,,,,,,,,0,1,sl_286,,1,,51000,51000,,5,,,,,,,,,,,,,,,,,17,SoftBank 601HW プレミアム50GB
1156,,10,8,None (+ 0 JPY),None (+ 0 JPY),,,[288 Days RENTAL] SoftBank 601HW [WHITE] Premium 50GB,1,,,,,,,,[288 Days RENTAL] SoftBank 601HW [WHITE] Premium 50GB,sl.jpg,*,sl.jpg,sl.jpg,,,,,,,,,,,,,,,,,,,,,,0,1,sl_287,,1,,51000,51000,,5,,,,,,,,,,,,,,,,,17,SoftBank 601HW プレミアム50GB
1157,,10,8,None (+ 0 JPY),None (+ 0 JPY),,,[289 Days RENTAL] SoftBank 601HW [WHITE] Premium 50GB,1,,,,,,,,[289 Days RENTAL] SoftBank 601HW [WHITE] Premium 50GB,sl.jpg,*,sl.jpg,sl.jpg,,,,,,,,,,,,,,,,,,,,,,0,1,sl_288,,1,,51000,51000,,5,,,,,,,,,,,,,,,,,17,SoftBank 601HW プレミアム50GB
1158,,10,8,None (+ 0 JPY),None (+ 0 JPY),,,[290 Days RENTAL] SoftBank 601HW [WHITE] Premium 50GB,1,,,,,,,,[290 Days RENTAL] SoftBank 601HW [WHITE] Premium 50GB,sl.jpg,*,sl.jpg,sl.jpg,,,,,,,,,,,,,,,,,,,,,,0,1,sl_289,,1,,51000,51000,,5,,,,,,,,,,,,,,,,,17,SoftBank 601HW プレミアム50GB
1159,,10,8,None (+ 0 JPY),None (+ 0 JPY),,,[291 Days RENTAL] SoftBank 601HW [WHITE] Premium 50GB,1,,,,,,,,[291 Days RENTAL] SoftBank 601HW [WHITE] Premium 50GB,sl.jpg,*,sl.jpg,sl.jpg,,,,,,,,,,,,,,,,,,,,,,0,1,sl_290,,1,,51000,51000,,5,,,,,,,,,,,,,,,,,17,SoftBank 601HW プレミアム50GB
1160,,10,8,None (+ 0 JPY),None (+ 0 JPY),,,[292 Days RENTAL] SoftBank 601HW [WHITE] Premium 50GB,1,,,,,,,,[292 Days RENTAL] SoftBank 601HW [WHITE] Premium 50GB,sl.jpg,*,sl.jpg,sl.jpg,,,,,,,,,,,,,,,,,,,,,,0,1,sl_291,,1,,51000,51000,,5,,,,,,,,,,,,,,,,,17,SoftBank 601HW プレミアム50GB
1161,,10,8,None (+ 0 JPY),None (+ 0 JPY),,,[293 Days RENTAL] SoftBank 601HW [WHITE] Premium 50GB,1,,,,,,,,[293 Days RENTAL] SoftBank 601HW [WHITE] Premium 50GB,sl.jpg,*,sl.jpg,sl.jpg,,,,,,,,,,,,,,,,,,,,,,0,1,sl_292,,1,,51000,51000,,5,,,,,,,,,,,,,,,,,17,SoftBank 601HW プレミアム50GB
1162,,10,8,None (+ 0 JPY),None (+ 0 JPY),,,[294 Days RENTAL] SoftBank 601HW [WHITE] Premium 50GB,1,,,,,,,,[294 Days RENTAL] SoftBank 601HW [WHITE] Premium 50GB,sl.jpg,*,sl.jpg,sl.jpg,,,,,,,,,,,,,,,,,,,,,,0,1,sl_293,,1,,51000,51000,,5,,,,,,,,,,,,,,,,,17,SoftBank 601HW プレミアム50GB
1163,,10,8,None (+ 0 JPY),None (+ 0 JPY),,,[295 Days RENTAL] SoftBank 601HW [WHITE] Premium 50GB,1,,,,,,,,[295 Days RENTAL] SoftBank 601HW [WHITE] Premium 50GB,sl.jpg,*,sl.jpg,sl.jpg,,,,,,,,,,,,,,,,,,,,,,0,1,sl_294,,1,,51000,51000,,5,,,,,,,,,,,,,,,,,17,SoftBank 601HW プレミアム50GB
1164,,10,8,None (+ 0 JPY),None (+ 0 JPY),,,[296 Days RENTAL] SoftBank 601HW [WHITE] Premium 50GB,1,,,,,,,,[296 Days RENTAL] SoftBank 601HW [WHITE] Premium 50GB,sl.jpg,*,sl.jpg,sl.jpg,,,,,,,,,,,,,,,,,,,,,,0,1,sl_295,,1,,51000,51000,,5,,,,,,,,,,,,,,,,,17,SoftBank 601HW プレミアム50GB
1165,,10,8,None (+ 0 JPY),None (+ 0 JPY),,,[297 Days RENTAL] SoftBank 601HW [WHITE] Premium 50GB,1,,,,,,,,[297 Days RENTAL] SoftBank 601HW [WHITE] Premium 50GB,sl.jpg,*,sl.jpg,sl.jpg,,,,,,,,,,,,,,,,,,,,,,0,1,sl_296,,1,,51000,51000,,5,,,,,,,,,,,,,,,,,17,SoftBank 601HW プレミアム50GB
1166,,10,8,None (+ 0 JPY),None (+ 0 JPY),,,[298 Days RENTAL] SoftBank 601HW [WHITE] Premium 50GB,1,,,,,,,,[298 Days RENTAL] SoftBank 601HW [WHITE] Premium 50GB,sl.jpg,*,sl.jpg,sl.jpg,,,,,,,,,,,,,,,,,,,,,,0,1,sl_297,,1,,51000,51000,,5,,,,,,,,,,,,,,,,,17,SoftBank 601HW プレミアム50GB
1167,,10,8,None (+ 0 JPY),None (+ 0 JPY),,,[299 Days RENTAL] SoftBank 601HW [WHITE] Premium 50GB,1,,,,,,,,[299 Days RENTAL] SoftBank 601HW [WHITE] Premium 50GB,sl.jpg,*,sl.jpg,sl.jpg,,,,,,,,,,,,,,,,,,,,,,0,1,sl_298,,1,,51000,51000,,5,,,,,,,,,,,,,,,,,17,SoftBank 601HW プレミアム50GB
1168,,10,8,None (+ 0 JPY),None (+ 0 JPY),,,[300 Days RENTAL] SoftBank 601HW [WHITE] Premium 50GB,1,,,,,,,,[300 Days RENTAL] SoftBank 601HW [WHITE] Premium 50GB,sl.jpg,*,sl.jpg,sl.jpg,,,,,,,,,,,,,,,,,,,,,,0,1,sl_299,,1,,51000,51000,,5,,,,,,,,,,,,,,,,,17,SoftBank 601HW プレミアム50GB
1169,,10,8,None (+ 0 JPY),None (+ 0 JPY),,,[301 Days RENTAL] SoftBank 601HW [WHITE] Premium 50GB,1,,,,,,,,[301 Days RENTAL] SoftBank 601HW [WHITE] Premium 50GB,sl.jpg,*,sl.jpg,sl.jpg,,,,,,,,,,,,,,,,,,,,,,0,1,sl_300,,1,,51000,51000,,5,,,,,,,,,,,,,,,,,17,SoftBank 601HW プレミアム50GB
1170,,10,8,None (+ 0 JPY),None (+ 0 JPY),,,[302 Days RENTAL] SoftBank 601HW [WHITE] Premium 50GB,1,,,,,,,,[302 Days RENTAL] SoftBank 601HW [WHITE] Premium 50GB,sl.jpg,*,sl.jpg,sl.jpg,,,,,,,,,,,,,,,,,,,,,,0,1,sl_301,,1,,51000,51000,,5,,,,,,,,,,,,,,,,,17,SoftBank 601HW プレミアム50GB
1171,,10,8,None (+ 0 JPY),None (+ 0 JPY),,,[303 Days RENTAL] SoftBank 601HW [WHITE] Premium 50GB,1,,,,,,,,[303 Days RENTAL] SoftBank 601HW [WHITE] Premium 50GB,sl.jpg,*,sl.jpg,sl.jpg,,,,,,,,,,,,,,,,,,,,,,0,1,sl_302,,1,,51550,51550,,5,,,,,,,,,,,,,,,,,17,SoftBank 601HW プレミアム50GB
1172,,10,8,None (+ 0 JPY),None (+ 0 JPY),,,[304 Days RENTAL] SoftBank 601HW [WHITE] Premium 50GB,1,,,,,,,,[304 Days RENTAL] SoftBank 601HW [WHITE] Premium 50GB,sl.jpg,*,sl.jpg,sl.jpg,,,,,,,,,,,,,,,,,,,,,,0,1,sl_303,,1,,52100,52100,,5,,,,,,,,,,,,,,,,,17,SoftBank 601HW プレミアム50GB
1173,,10,8,None (+ 0 JPY),None (+ 0 JPY),,,[305 Days RENTAL] SoftBank 601HW [WHITE] Premium 50GB,1,,,,,,,,[305 Days RENTAL] SoftBank 601HW [WHITE] Premium 50GB,sl.jpg,*,sl.jpg,sl.jpg,,,,,,,,,,,,,,,,,,,,,,0,1,sl_304,,1,,52650,52650,,5,,,,,,,,,,,,,,,,,17,SoftBank 601HW プレミアム50GB
1174,,10,8,None (+ 0 JPY),None (+ 0 JPY),,,[306 Days RENTAL] SoftBank 601HW [WHITE] Premium 50GB,1,,,,,,,,[306 Days RENTAL] SoftBank 601HW [WHITE] Premium 50GB,sl.jpg,*,sl.jpg,sl.jpg,,,,,,,,,,,,,,,,,,,,,,0,1,sl_305,,1,,53200,53200,,5,,,,,,,,,,,,,,,,,17,SoftBank 601HW プレミアム50GB
1175,,10,8,None (+ 0 JPY),None (+ 0 JPY),,,[307 Days RENTAL] SoftBank 601HW [WHITE] Premium 50GB,1,,,,,,,,[307 Days RENTAL] SoftBank 601HW [WHITE] Premium 50GB,sl.jpg,*,sl.jpg,sl.jpg,,,,,,,,,,,,,,,,,,,,,,0,1,sl_306,,1,,53500,53500,,5,,,,,,,,,,,,,,,,,17,SoftBank 601HW プレミアム50GB
1176,,10,8,None (+ 0 JPY),None (+ 0 JPY),,,[308 Days RENTAL] SoftBank 601HW [WHITE] Premium 50GB,1,,,,,,,,[308 Days RENTAL] SoftBank 601HW [WHITE] Premium 50GB,sl.jpg,*,sl.jpg,sl.jpg,,,,,,,,,,,,,,,,,,,,,,0,1,sl_307,,1,,53500,53500,,5,,,,,,,,,,,,,,,,,17,SoftBank 601HW プレミアム50GB
1177,,10,8,None (+ 0 JPY),None (+ 0 JPY),,,[309 Days RENTAL] SoftBank 601HW [WHITE] Premium 50GB,1,,,,,,,,[309 Days RENTAL] SoftBank 601HW [WHITE] Premium 50GB,sl.jpg,*,sl.jpg,sl.jpg,,,,,,,,,,,,,,,,,,,,,,0,1,sl_308,,1,,53500,53500,,5,,,,,,,,,,,,,,,,,17,SoftBank 601HW プレミアム50GB
1178,,10,8,None (+ 0 JPY),None (+ 0 JPY),,,[310 Days RENTAL] SoftBank 601HW [WHITE] Premium 50GB,1,,,,,,,,[310 Days RENTAL] SoftBank 601HW [WHITE] Premium 50GB,sl.jpg,*,sl.jpg,sl.jpg,,,,,,,,,,,,,,,,,,,,,,0,1,sl_309,,1,,53500,53500,,5,,,,,,,,,,,,,,,,,17,SoftBank 601HW プレミアム50GB
1179,,10,8,None (+ 0 JPY),None (+ 0 JPY),,,[311 Days RENTAL] SoftBank 601HW [WHITE] Premium 50GB,1,,,,,,,,[311 Days RENTAL] SoftBank 601HW [WHITE] Premium 50GB,sl.jpg,*,sl.jpg,sl.jpg,,,,,,,,,,,,,,,,,,,,,,0,1,sl_310,,1,,53500,53500,,5,,,,,,,,,,,,,,,,,17,SoftBank 601HW プレミアム50GB
1180,,10,8,None (+ 0 JPY),None (+ 0 JPY),,,[312 Days RENTAL] SoftBank 601HW [WHITE] Premium 50GB,1,,,,,,,,[312 Days RENTAL] SoftBank 601HW [WHITE] Premium 50GB,sl.jpg,*,sl.jpg,sl.jpg,,,,,,,,,,,,,,,,,,,,,,0,1,sl_311,,1,,53500,53500,,5,,,,,,,,,,,,,,,,,17,SoftBank 601HW プレミアム50GB
1181,,10,8,None (+ 0 JPY),None (+ 0 JPY),,,[313 Days RENTAL] SoftBank 601HW [WHITE] Premium 50GB,1,,,,,,,,[313 Days RENTAL] SoftBank 601HW [WHITE] Premium 50GB,sl.jpg,*,sl.jpg,sl.jpg,,,,,,,,,,,,,,,,,,,,,,0,1,sl_312,,1,,53500,53500,,5,,,,,,,,,,,,,,,,,17,SoftBank 601HW プレミアム50GB
1182,,10,8,None (+ 0 JPY),None (+ 0 JPY),,,[314 Days RENTAL] SoftBank 601HW [WHITE] Premium 50GB,1,,,,,,,,[314 Days RENTAL] SoftBank 601HW [WHITE] Premium 50GB,sl.jpg,*,sl.jpg,sl.jpg,,,,,,,,,,,,,,,,,,,,,,0,1,sl_313,,1,,53500,53500,,5,,,,,,,,,,,,,,,,,17,SoftBank 601HW プレミアム50GB
1183,,10,8,None (+ 0 JPY),None (+ 0 JPY),,,[315 Days RENTAL] SoftBank 601HW [WHITE] Premium 50GB,1,,,,,,,,[315 Days RENTAL] SoftBank 601HW [WHITE] Premium 50GB,sl.jpg,*,sl.jpg,sl.jpg,,,,,,,,,,,,,,,,,,,,,,0,1,sl_314,,1,,53500,53500,,5,,,,,,,,,,,,,,,,,17,SoftBank 601HW プレミアム50GB
1184,,10,8,None (+ 0 JPY),None (+ 0 JPY),,,[316 Days RENTAL] SoftBank 601HW [WHITE] Premium 50GB,1,,,,,,,,[316 Days RENTAL] SoftBank 601HW [WHITE] Premium 50GB,sl.jpg,*,sl.jpg,sl.jpg,,,,,,,,,,,,,,,,,,,,,,0,1,sl_315,,1,,53500,53500,,5,,,,,,,,,,,,,,,,,17,SoftBank 601HW プレミアム50GB
1185,,10,8,None (+ 0 JPY),None (+ 0 JPY),,,[317 Days RENTAL] SoftBank 601HW [WHITE] Premium 50GB,1,,,,,,,,[317 Days RENTAL] SoftBank 601HW [WHITE] Premium 50GB,sl.jpg,*,sl.jpg,sl.jpg,,,,,,,,,,,,,,,,,,,,,,0,1,sl_316,,1,,53500,53500,,5,,,,,,,,,,,,,,,,,17,SoftBank 601HW プレミアム50GB
1186,,10,8,None (+ 0 JPY),None (+ 0 JPY),,,[318 Days RENTAL] SoftBank 601HW [WHITE] Premium 50GB,1,,,,,,,,[318 Days RENTAL] SoftBank 601HW [WHITE] Premium 50GB,sl.jpg,*,sl.jpg,sl.jpg,,,,,,,,,,,,,,,,,,,,,,0,1,sl_317,,1,,53500,53500,,5,,,,,,,,,,,,,,,,,17,SoftBank 601HW プレミアム50GB
1187,,10,8,None (+ 0 JPY),None (+ 0 JPY),,,[319 Days RENTAL] SoftBank 601HW [WHITE] Premium 50GB,1,,,,,,,,[319 Days RENTAL] SoftBank 601HW [WHITE] Premium 50GB,sl.jpg,*,sl.jpg,sl.jpg,,,,,,,,,,,,,,,,,,,,,,0,1,sl_318,,1,,53500,53500,,5,,,,,,,,,,,,,,,,,17,SoftBank 601HW プレミアム50GB
1188,,10,8,None (+ 0 JPY),None (+ 0 JPY),,,[320 Days RENTAL] SoftBank 601HW [WHITE] Premium 50GB,1,,,,,,,,[320 Days RENTAL] SoftBank 601HW [WHITE] Premium 50GB,sl.jpg,*,sl.jpg,sl.jpg,,,,,,,,,,,,,,,,,,,,,,0,1,sl_319,,1,,53500,53500,,5,,,,,,,,,,,,,,,,,17,SoftBank 601HW プレミアム50GB
1189,,10,8,None (+ 0 JPY),None (+ 0 JPY),,,[321 Days RENTAL] SoftBank 601HW [WHITE] Premium 50GB,1,,,,,,,,[321 Days RENTAL] SoftBank 601HW [WHITE] Premium 50GB,sl.jpg,*,sl.jpg,sl.jpg,,,,,,,,,,,,,,,,,,,,,,0,1,sl_320,,1,,53500,53500,,5,,,,,,,,,,,,,,,,,17,SoftBank 601HW プレミアム50GB
1190,,10,8,None (+ 0 JPY),None (+ 0 JPY),,,[322 Days RENTAL] SoftBank 601HW [WHITE] Premium 50GB,1,,,,,,,,[322 Days RENTAL] SoftBank 601HW [WHITE] Premium 50GB,sl.jpg,*,sl.jpg,sl.jpg,,,,,,,,,,,,,,,,,,,,,,0,1,sl_321,,1,,53500,53500,,5,,,,,,,,,,,,,,,,,17,SoftBank 601HW プレミアム50GB
1191,,10,8,None (+ 0 JPY),None (+ 0 JPY),,,[323 Days RENTAL] SoftBank 601HW [WHITE] Premium 50GB,1,,,,,,,,[323 Days RENTAL] SoftBank 601HW [WHITE] Premium 50GB,sl.jpg,*,sl.jpg,sl.jpg,,,,,,,,,,,,,,,,,,,,,,0,1,sl_322,,1,,53500,53500,,5,,,,,,,,,,,,,,,,,17,SoftBank 601HW プレミアム50GB
1192,,10,8,None (+ 0 JPY),None (+ 0 JPY),,,[324 Days RENTAL] SoftBank 601HW [WHITE] Premium 50GB,1,,,,,,,,[324 Days RENTAL] SoftBank 601HW [WHITE] Premium 50GB,sl.jpg,*,sl.jpg,sl.jpg,,,,,,,,,,,,,,,,,,,,,,0,1,sl_323,,1,,53500,53500,,5,,,,,,,,,,,,,,,,,17,SoftBank 601HW プレミアム50GB
1193,,10,8,None (+ 0 JPY),None (+ 0 JPY),,,[325 Days RENTAL] SoftBank 601HW [WHITE] Premium 50GB,1,,,,,,,,[325 Days RENTAL] SoftBank 601HW [WHITE] Premium 50GB,sl.jpg,*,sl.jpg,sl.jpg,,,,,,,,,,,,,,,,,,,,,,0,1,sl_324,,1,,53500,53500,,5,,,,,,,,,,,,,,,,,17,SoftBank 601HW プレミアム50GB
1194,,10,8,None (+ 0 JPY),None (+ 0 JPY),,,[326 Days RENTAL] SoftBank 601HW [WHITE] Premium 50GB,1,,,,,,,,[326 Days RENTAL] SoftBank 601HW [WHITE] Premium 50GB,sl.jpg,*,sl.jpg,sl.jpg,,,,,,,,,,,,,,,,,,,,,,0,1,sl_325,,1,,53500,53500,,5,,,,,,,,,,,,,,,,,17,SoftBank 601HW プレミアム50GB
1195,,10,8,None (+ 0 JPY),None (+ 0 JPY),,,[327 Days RENTAL] SoftBank 601HW [WHITE] Premium 50GB,1,,,,,,,,[327 Days RENTAL] SoftBank 601HW [WHITE] Premium 50GB,sl.jpg,*,sl.jpg,sl.jpg,,,,,,,,,,,,,,,,,,,,,,0,1,sl_326,,1,,53500,53500,,5,,,,,,,,,,,,,,,,,17,SoftBank 601HW プレミアム50GB
1196,,10,8,None (+ 0 JPY),None (+ 0 JPY),,,[328 Days RENTAL] SoftBank 601HW [WHITE] Premium 50GB,1,,,,,,,,[328 Days RENTAL] SoftBank 601HW [WHITE] Premium 50GB,sl.jpg,*,sl.jpg,sl.jpg,,,,,,,,,,,,,,,,,,,,,,0,1,sl_327,,1,,53500,53500,,5,,,,,,,,,,,,,,,,,17,SoftBank 601HW プレミアム50GB
1197,,10,8,None (+ 0 JPY),None (+ 0 JPY),,,[329 Days RENTAL] SoftBank 601HW [WHITE] Premium 50GB,1,,,,,,,,[329 Days RENTAL] SoftBank 601HW [WHITE] Premium 50GB,sl.jpg,*,sl.jpg,sl.jpg,,,,,,,,,,,,,,,,,,,,,,0,1,sl_328,,1,,53500,53500,,5,,,,,,,,,,,,,,,,,17,SoftBank 601HW プレミアム50GB
1198,,10,8,None (+ 0 JPY),None (+ 0 JPY),,,[330 Days RENTAL] SoftBank 601HW [WHITE] Premium 50GB,1,,,,,,,,[330 Days RENTAL] SoftBank 601HW [WHITE] Premium 50GB,sl.jpg,*,sl.jpg,sl.jpg,,,,,,,,,,,,,,,,,,,,,,0,1,sl_329,,1,,53500,53500,,5,,,,,,,,,,,,,,,,,17,SoftBank 601HW プレミアム50GB
1199,,10,8,None (+ 0 JPY),None (+ 0 JPY),,,[331 Days RENTAL] SoftBank 601HW [WHITE] Premium 50GB,1,,,,,,,,[331 Days RENTAL] SoftBank 601HW [WHITE] Premium 50GB,sl.jpg,*,sl.jpg,sl.jpg,,,,,,,,,,,,,,,,,,,,,,0,1,sl_330,,1,,53500,53500,,5,,,,,,,,,,,,,,,,,17,SoftBank 601HW プレミアム50GB
1200,,10,8,None (+ 0 JPY),None (+ 0 JPY),,,[332 Days RENTAL] SoftBank 601HW [WHITE] Premium 50GB,1,,,,,,,,[332 Days RENTAL] SoftBank 601HW [WHITE] Premium 50GB,sl.jpg,*,sl.jpg,sl.jpg,,,,,,,,,,,,,,,,,,,,,,0,1,sl_331,,1,,53500,53500,,5,,,,,,,,,,,,,,,,,17,SoftBank 601HW プレミアム50GB
1201,,10,8,None (+ 0 JPY),None (+ 0 JPY),,,[333 Days RENTAL] SoftBank 601HW [WHITE] Premium 50GB,1,,,,,,,,[333 Days RENTAL] SoftBank 601HW [WHITE] Premium 50GB,sl.jpg,*,sl.jpg,sl.jpg,,,,,,,,,,,,,,,,,,,,,,0,1,sl_332,,1,,54050,54050,,5,,,,,,,,,,,,,,,,,17,SoftBank 601HW プレミアム50GB
1202,,10,8,None (+ 0 JPY),None (+ 0 JPY),,,[334 Days RENTAL] SoftBank 601HW [WHITE] Premium 50GB,1,,,,,,,,[334 Days RENTAL] SoftBank 601HW [WHITE] Premium 50GB,sl.jpg,*,sl.jpg,sl.jpg,,,,,,,,,,,,,,,,,,,,,,0,1,sl_333,,1,,54600,54600,,5,,,,,,,,,,,,,,,,,17,SoftBank 601HW プレミアム50GB
1203,,10,8,None (+ 0 JPY),None (+ 0 JPY),,,[335 Days RENTAL] SoftBank 601HW [WHITE] Premium 50GB,1,,,,,,,,[335 Days RENTAL] SoftBank 601HW [WHITE] Premium 50GB,sl.jpg,*,sl.jpg,sl.jpg,,,,,,,,,,,,,,,,,,,,,,0,1,sl_334,,1,,55150,55150,,5,,,,,,,,,,,,,,,,,17,SoftBank 601HW プレミアム50GB
1204,,10,8,None (+ 0 JPY),None (+ 0 JPY),,,[336 Days RENTAL] SoftBank 601HW [WHITE] Premium 50GB,1,,,,,,,,[336 Days RENTAL] SoftBank 601HW [WHITE] Premium 50GB,sl.jpg,*,sl.jpg,sl.jpg,,,,,,,,,,,,,,,,,,,,,,0,1,sl_335,,1,,55700,55700,,5,,,,,,,,,,,,,,,,,17,SoftBank 601HW プレミアム50GB
1205,,10,8,None (+ 0 JPY),None (+ 0 JPY),,,[337 Days RENTAL] SoftBank 601HW [WHITE] Premium 50GB,1,,,,,,,,[337 Days RENTAL] SoftBank 601HW [WHITE] Premium 50GB,sl.jpg,*,sl.jpg,sl.jpg,,,,,,,,,,,,,,,,,,,,,,0,1,sl_336,,1,,56000,56000,,5,,,,,,,,,,,,,,,,,17,SoftBank 601HW プレミアム50GB
1206,,10,8,None (+ 0 JPY),None (+ 0 JPY),,,[338 Days RENTAL] SoftBank 601HW [WHITE] Premium 50GB,1,,,,,,,,[338 Days RENTAL] SoftBank 601HW [WHITE] Premium 50GB,sl.jpg,*,sl.jpg,sl.jpg,,,,,,,,,,,,,,,,,,,,,,0,1,sl_337,,1,,56000,56000,,5,,,,,,,,,,,,,,,,,17,SoftBank 601HW プレミアム50GB
1207,,10,8,None (+ 0 JPY),None (+ 0 JPY),,,[339 Days RENTAL] SoftBank 601HW [WHITE] Premium 50GB,1,,,,,,,,[339 Days RENTAL] SoftBank 601HW [WHITE] Premium 50GB,sl.jpg,*,sl.jpg,sl.jpg,,,,,,,,,,,,,,,,,,,,,,0,1,sl_338,,1,,56000,56000,,5,,,,,,,,,,,,,,,,,17,SoftBank 601HW プレミアム50GB
1208,,10,8,None (+ 0 JPY),None (+ 0 JPY),,,[340 Days RENTAL] SoftBank 601HW [WHITE] Premium 50GB,1,,,,,,,,[340 Days RENTAL] SoftBank 601HW [WHITE] Premium 50GB,sl.jpg,*,sl.jpg,sl.jpg,,,,,,,,,,,,,,,,,,,,,,0,1,sl_339,,1,,56000,56000,,5,,,,,,,,,,,,,,,,,17,SoftBank 601HW プレミアム50GB
1209,,10,8,None (+ 0 JPY),None (+ 0 JPY),,,[341 Days RENTAL] SoftBank 601HW [WHITE] Premium 50GB,1,,,,,,,,[341 Days RENTAL] SoftBank 601HW [WHITE] Premium 50GB,sl.jpg,*,sl.jpg,sl.jpg,,,,,,,,,,,,,,,,,,,,,,0,1,sl_340,,1,,56000,56000,,5,,,,,,,,,,,,,,,,,17,SoftBank 601HW プレミアム50GB
1210,,10,8,None (+ 0 JPY),None (+ 0 JPY),,,[342 Days RENTAL] SoftBank 601HW [WHITE] Premium 50GB,1,,,,,,,,[342 Days RENTAL] SoftBank 601HW [WHITE] Premium 50GB,sl.jpg,*,sl.jpg,sl.jpg,,,,,,,,,,,,,,,,,,,,,,0,1,sl_341,,1,,56000,56000,,5,,,,,,,,,,,,,,,,,17,SoftBank 601HW プレミアム50GB
1211,,10,8,None (+ 0 JPY),None (+ 0 JPY),,,[343 Days RENTAL] SoftBank 601HW [WHITE] Premium 50GB,1,,,,,,,,[343 Days RENTAL] SoftBank 601HW [WHITE] Premium 50GB,sl.jpg,*,sl.jpg,sl.jpg,,,,,,,,,,,,,,,,,,,,,,0,1,sl_342,,1,,56000,56000,,5,,,,,,,,,,,,,,,,,17,SoftBank 601HW プレミアム50GB
1212,,10,8,None (+ 0 JPY),None (+ 0 JPY),,,[344 Days RENTAL] SoftBank 601HW [WHITE] Premium 50GB,1,,,,,,,,[344 Days RENTAL] SoftBank 601HW [WHITE] Premium 50GB,sl.jpg,*,sl.jpg,sl.jpg,,,,,,,,,,,,,,,,,,,,,,0,1,sl_343,,1,,56000,56000,,5,,,,,,,,,,,,,,,,,17,SoftBank 601HW プレミアム50GB
1213,,10,8,None (+ 0 JPY),None (+ 0 JPY),,,[345 Days RENTAL] SoftBank 601HW [WHITE] Premium 50GB,1,,,,,,,,[345 Days RENTAL] SoftBank 601HW [WHITE] Premium 50GB,sl.jpg,*,sl.jpg,sl.jpg,,,,,,,,,,,,,,,,,,,,,,0,1,sl_344,,1,,56000,56000,,5,,,,,,,,,,,,,,,,,17,SoftBank 601HW プレミアム50GB
1214,,10,8,None (+ 0 JPY),None (+ 0 JPY),,,[346 Days RENTAL] SoftBank 601HW [WHITE] Premium 50GB,1,,,,,,,,[346 Days RENTAL] SoftBank 601HW [WHITE] Premium 50GB,sl.jpg,*,sl.jpg,sl.jpg,,,,,,,,,,,,,,,,,,,,,,0,1,sl_345,,1,,56000,56000,,5,,,,,,,,,,,,,,,,,17,SoftBank 601HW プレミアム50GB
1215,,10,8,None (+ 0 JPY),None (+ 0 JPY),,,[347 Days RENTAL] SoftBank 601HW [WHITE] Premium 50GB,1,,,,,,,,[347 Days RENTAL] SoftBank 601HW [WHITE] Premium 50GB,sl.jpg,*,sl.jpg,sl.jpg,,,,,,,,,,,,,,,,,,,,,,0,1,sl_346,,1,,56000,56000,,5,,,,,,,,,,,,,,,,,17,SoftBank 601HW プレミアム50GB
1216,,10,8,None (+ 0 JPY),None (+ 0 JPY),,,[348 Days RENTAL] SoftBank 601HW [WHITE] Premium 50GB,1,,,,,,,,[348 Days RENTAL] SoftBank 601HW [WHITE] Premium 50GB,sl.jpg,*,sl.jpg,sl.jpg,,,,,,,,,,,,,,,,,,,,,,0,1,sl_347,,1,,56000,56000,,5,,,,,,,,,,,,,,,,,17,SoftBank 601HW プレミアム50GB
1217,,10,8,None (+ 0 JPY),None (+ 0 JPY),,,[349 Days RENTAL] SoftBank 601HW [WHITE] Premium 50GB,1,,,,,,,,[349 Days RENTAL] SoftBank 601HW [WHITE] Premium 50GB,sl.jpg,*,sl.jpg,sl.jpg,,,,,,,,,,,,,,,,,,,,,,0,1,sl_348,,1,,56000,56000,,5,,,,,,,,,,,,,,,,,17,SoftBank 601HW プレミアム50GB
1218,,10,8,None (+ 0 JPY),None (+ 0 JPY),,,[350 Days RENTAL] SoftBank 601HW [WHITE] Premium 50GB,1,,,,,,,,[350 Days RENTAL] SoftBank 601HW [WHITE] Premium 50GB,sl.jpg,*,sl.jpg,sl.jpg,,,,,,,,,,,,,,,,,,,,,,0,1,sl_349,,1,,56000,56000,,5,,,,,,,,,,,,,,,,,17,SoftBank 601HW プレミアム50GB
1219,,10,8,None (+ 0 JPY),None (+ 0 JPY),,,[351 Days RENTAL] SoftBank 601HW [WHITE] Premium 50GB,1,,,,,,,,[351 Days RENTAL] SoftBank 601HW [WHITE] Premium 50GB,sl.jpg,*,sl.jpg,sl.jpg,,,,,,,,,,,,,,,,,,,,,,0,1,sl_350,,1,,56000,56000,,5,,,,,,,,,,,,,,,,,17,SoftBank 601HW プレミアム50GB
1220,,10,8,None (+ 0 JPY),None (+ 0 JPY),,,[352 Days RENTAL] SoftBank 601HW [WHITE] Premium 50GB,1,,,,,,,,[352 Days RENTAL] SoftBank 601HW [WHITE] Premium 50GB,sl.jpg,*,sl.jpg,sl.jpg,,,,,,,,,,,,,,,,,,,,,,0,1,sl_351,,1,,56000,56000,,5,,,,,,,,,,,,,,,,,17,SoftBank 601HW プレミアム50GB
1221,,10,8,None (+ 0 JPY),None (+ 0 JPY),,,[353 Days RENTAL] SoftBank 601HW [WHITE] Premium 50GB,1,,,,,,,,[353 Days RENTAL] SoftBank 601HW [WHITE] Premium 50GB,sl.jpg,*,sl.jpg,sl.jpg,,,,,,,,,,,,,,,,,,,,,,0,1,sl_352,,1,,56000,56000,,5,,,,,,,,,,,,,,,,,17,SoftBank 601HW プレミアム50GB
1222,,10,8,None (+ 0 JPY),None (+ 0 JPY),,,[354 Days RENTAL] SoftBank 601HW [WHITE] Premium 50GB,1,,,,,,,,[354 Days RENTAL] SoftBank 601HW [WHITE] Premium 50GB,sl.jpg,*,sl.jpg,sl.jpg,,,,,,,,,,,,,,,,,,,,,,0,1,sl_353,,1,,56000,56000,,5,,,,,,,,,,,,,,,,,17,SoftBank 601HW プレミアム50GB
1223,,10,8,None (+ 0 JPY),None (+ 0 JPY),,,[355 Days RENTAL] SoftBank 601HW [WHITE] Premium 50GB,1,,,,,,,,[355 Days RENTAL] SoftBank 601HW [WHITE] Premium 50GB,sl.jpg,*,sl.jpg,sl.jpg,,,,,,,,,,,,,,,,,,,,,,0,1,sl_354,,1,,56000,56000,,5,,,,,,,,,,,,,,,,,17,SoftBank 601HW プレミアム50GB
1224,,10,8,None (+ 0 JPY),None (+ 0 JPY),,,[356 Days RENTAL] SoftBank 601HW [WHITE] Premium 50GB,1,,,,,,,,[356 Days RENTAL] SoftBank 601HW [WHITE] Premium 50GB,sl.jpg,*,sl.jpg,sl.jpg,,,,,,,,,,,,,,,,,,,,,,0,1,sl_355,,1,,56000,56000,,5,,,,,,,,,,,,,,,,,17,SoftBank 601HW プレミアム50GB
1225,,10,8,None (+ 0 JPY),None (+ 0 JPY),,,[357 Days RENTAL] SoftBank 601HW [WHITE] Premium 50GB,1,,,,,,,,[357 Days RENTAL] SoftBank 601HW [WHITE] Premium 50GB,sl.jpg,*,sl.jpg,sl.jpg,,,,,,,,,,,,,,,,,,,,,,0,1,sl_356,,1,,56000,56000,,5,,,,,,,,,,,,,,,,,17,SoftBank 601HW プレミアム50GB
1226,,10,8,None (+ 0 JPY),None (+ 0 JPY),,,[358 Days RENTAL] SoftBank 601HW [WHITE] Premium 50GB,1,,,,,,,,[358 Days RENTAL] SoftBank 601HW [WHITE] Premium 50GB,sl.jpg,*,sl.jpg,sl.jpg,,,,,,,,,,,,,,,,,,,,,,0,1,sl_357,,1,,56000,56000,,5,,,,,,,,,,,,,,,,,17,SoftBank 601HW プレミアム50GB
1227,,10,8,None (+ 0 JPY),None (+ 0 JPY),,,[359 Days RENTAL] SoftBank 601HW [WHITE] Premium 50GB,1,,,,,,,,[359 Days RENTAL] SoftBank 601HW [WHITE] Premium 50GB,sl.jpg,*,sl.jpg,sl.jpg,,,,,,,,,,,,,,,,,,,,,,0,1,sl_358,,1,,56000,56000,,5,,,,,,,,,,,,,,,,,17,SoftBank 601HW プレミアム50GB
1228,,10,8,None (+ 0 JPY),None (+ 0 JPY),,,[360 Days RENTAL] SoftBank 601HW [WHITE] Premium 50GB,1,,,,,,,,[360 Days RENTAL] SoftBank 601HW [WHITE] Premium 50GB,sl.jpg,*,sl.jpg,sl.jpg,,,,,,,,,,,,,,,,,,,,,,0,1,sl_359,,1,,56000,56000,,5,,,,,,,,,,,,,,,,,17,SoftBank 601HW プレミアム50GB
1229,,10,8,None (+ 0 JPY),None (+ 0 JPY),,,[361 Days RENTAL] SoftBank 601HW [WHITE] Premium 50GB,1,,,,,,,,[361 Days RENTAL] SoftBank 601HW [WHITE] Premium 50GB,sl.jpg,*,sl.jpg,sl.jpg,,,,,,,,,,,,,,,,,,,,,,0,1,sl_360,,1,,56000,56000,,5,,,,,,,,,,,,,,,,,17,SoftBank 601HW プレミアム50GB
1230,,10,8,None (+ 0 JPY),None (+ 0 JPY),,,[362 Days RENTAL] SoftBank 601HW [WHITE] Premium 50GB,1,,,,,,,,[362 Days RENTAL] SoftBank 601HW [WHITE] Premium 50GB,sl.jpg,*,sl.jpg,sl.jpg,,,,,,,,,,,,,,,,,,,,,,0,1,sl_361,,1,,56000,56000,,5,,,,,,,,,,,,,,,,,17,SoftBank 601HW プレミアム50GB
1231,,10,8,None (+ 0 JPY),None (+ 0 JPY),,,[363 Days RENTAL] SoftBank 601HW [WHITE] Premium 50GB,1,,,,,,,,[363 Days RENTAL] SoftBank 601HW [WHITE] Premium 50GB,sl.jpg,*,sl.jpg,sl.jpg,,,,,,,,,,,,,,,,,,,,,,0,1,sl_362,,1,,56550,56550,,5,,,,,,,,,,,,,,,,,17,SoftBank 601HW プレミアム50GB
1232,,10,8,None (+ 0 JPY),None (+ 0 JPY),,,[364 Days RENTAL] SoftBank 601HW [WHITE] Premium 50GB,1,,,,,,,,[364 Days RENTAL] SoftBank 601HW [WHITE] Premium 50GB,sl.jpg,*,sl.jpg,sl.jpg,,,,,,,,,,,,,,,,,,,,,,0,1,sl_363,,1,,57100,57100,,5,,,,,,,,,,,,,,,,,17,SoftBank 601HW プレミアム50GB
1233,,10,8,None (+ 0 JPY),None (+ 0 JPY),,,[365 Days RENTAL] SoftBank 601HW [WHITE] Premium 50GB,1,,,,,,,,[365 Days RENTAL] SoftBank 601HW [WHITE] Premium 50GB,sl.jpg,*,sl.jpg,sl.jpg,,,,,,,,,,,,,,,,,,,,,,0,1,sl_364,,1,,57650,57650,,5,,,,,,,,,,,,,,,,,17,SoftBank 601HW プレミアム50GB
869,,9,8,Yes (+ 50 JPY / Day),None (+ 0 JPY),,,[1 Days RENTAL] SoftBank 601HW [WHITE] Premium 50GB,1,,,,,,,,[1 Days RENTAL] SoftBank 601HW [WHITE] Premium 50GB,sl.jpg,*,sl.jpg,sl.jpg,,,,,,,,,,,,,,,,,,,,,,0,1,sl_000_bt,,1,,550,600,,5,,,,,,,,,,,,,,,,,17,SoftBank 601HW プレミアム50GB
870,,9,8,Yes (+ 50 JPY / Day),None (+ 0 JPY),,,[2 Days RENTAL] SoftBank 601HW [WHITE] Premium 50GB,1,,,,,,,,[2 Days RENTAL] SoftBank 601HW [WHITE] Premium 50GB,sl.jpg,*,sl.jpg,sl.jpg,,,,,,,,,,,,,,,,,,,,,,0,1,sl_001_bt,,1,,1100,1200,,5,,,,,,,,,,,,,,,,,17,SoftBank 601HW プレミアム50GB
871,,9,8,Yes (+ 50 JPY / Day),None (+ 0 JPY),,,[3 Days RENTAL] SoftBank 601HW [WHITE] Premium 50GB,1,,,,,,,,[3 Days RENTAL] SoftBank 601HW [WHITE] Premium 50GB,sl.jpg,*,sl.jpg,sl.jpg,,,,,,,,,,,,,,,,,,,,,,0,1,sl_002_bt,,1,,1650,1800,,5,,,,,,,,,,,,,,,,,17,SoftBank 601HW プレミアム50GB
872,,9,8,Yes (+ 50 JPY / Day),None (+ 0 JPY),,,[4 Days RENTAL] SoftBank 601HW [WHITE] Premium 50GB,1,,,,,,,,[4 Days RENTAL] SoftBank 601HW [WHITE] Premium 50GB,sl.jpg,*,sl.jpg,sl.jpg,,,,,,,,,,,,,,,,,,,,,,0,1,sl_003_bt,,1,,2200,2400,,5,,,,,,,,,,,,,,,,,17,SoftBank 601HW プレミアム50GB
873,,9,8,Yes (+ 50 JPY / Day),None (+ 0 JPY),,,[5 Days RENTAL] SoftBank 601HW [WHITE] Premium 50GB,1,,,,,,,,[5 Days RENTAL] SoftBank 601HW [WHITE] Premium 50GB,sl.jpg,*,sl.jpg,sl.jpg,,,,,,,,,,,,,,,,,,,,,,0,1,sl_004_bt,,1,,2750,3000,,5,,,,,,,,,,,,,,,,,17,SoftBank 601HW プレミアム50GB
874,,9,8,Yes (+ 50 JPY / Day),None (+ 0 JPY),,,[6 Days RENTAL] SoftBank 601HW [WHITE] Premium 50GB,1,,,,,,,,[6 Days RENTAL] SoftBank 601HW [WHITE] Premium 50GB,sl.jpg,*,sl.jpg,sl.jpg,,,,,,,,,,,,,,,,,,,,,,0,1,sl_005_bt,,1,,3300,3600,,5,,,,,,,,,,,,,,,,,17,SoftBank 601HW プレミアム50GB
875,,9,8,Yes (+ 50 JPY / Day),None (+ 0 JPY),,,[7 Days RENTAL] SoftBank 601HW [WHITE] Premium 50GB,1,,,,,,,,[7 Days RENTAL] SoftBank 601HW [WHITE] Premium 50GB,sl.jpg,*,sl.jpg,sl.jpg,,,,,,,,,,,,,,,,,,,,,,0,1,sl_006_bt,,1,,3850,4200,,5,,,,,,,,,,,,,,,,,17,SoftBank 601HW プレミアム50GB
876,,9,8,Yes (+ 50 JPY / Day),None (+ 0 JPY),,,[8 Days RENTAL] SoftBank 601HW [WHITE] Premium 50GB,1,,,,,,,,[8 Days RENTAL] SoftBank 601HW [WHITE] Premium 50GB,sl.jpg,*,sl.jpg,sl.jpg,,,,,,,,,,,,,,,,,,,,,,0,1,sl_007_bt,,1,,4400,4800,,5,,,,,,,,,,,,,,,,,17,SoftBank 601HW プレミアム50GB
877,,9,8,Yes (+ 50 JPY / Day),None (+ 0 JPY),,,[9 Days RENTAL] SoftBank 601HW [WHITE] Premium 50GB,1,,,,,,,,[9 Days RENTAL] SoftBank 601HW [WHITE] Premium 50GB,sl.jpg,*,sl.jpg,sl.jpg,,,,,,,,,,,,,,,,,,,,,,0,1,sl_008_bt,,1,,4950,5400,,5,,,,,,,,,,,,,,,,,17,SoftBank 601HW プレミアム50GB
878,,9,8,Yes (+ 50 JPY / Day),None (+ 0 JPY),,,[10 Days RENTAL] SoftBank 601HW [WHITE] Premium 50GB,1,,,,,,,,[10 Days RENTAL] SoftBank 601HW [WHITE] Premium 50GB,sl.jpg,*,sl.jpg,sl.jpg,,,,,,,,,,,,,,,,,,,,,,0,1,sl_009_bt,,1,,5500,6000,,5,,,,,,,,,,,,,,,,,17,SoftBank 601HW プレミアム50GB
879,,9,8,Yes (+ 50 JPY / Day),None (+ 0 JPY),,,[11 Days RENTAL] SoftBank 601HW [WHITE] Premium 50GB,1,,,,,,,,[11 Days RENTAL] SoftBank 601HW [WHITE] Premium 50GB,sl.jpg,*,sl.jpg,sl.jpg,,,,,,,,,,,,,,,,,,,,,,0,1,sl_010_bt,,1,,6050,6600,,5,,,,,,,,,,,,,,,,,17,SoftBank 601HW プレミアム50GB
880,,9,8,Yes (+ 50 JPY / Day),None (+ 0 JPY),,,[12 Days RENTAL] SoftBank 601HW [WHITE] Premium 50GB,1,,,,,,,,[12 Days RENTAL] SoftBank 601HW [WHITE] Premium 50GB,sl.jpg,*,sl.jpg,sl.jpg,,,,,,,,,,,,,,,,,,,,,,0,1,sl_011_bt,,1,,6600,7200,,5,,,,,,,,,,,,,,,,,17,SoftBank 601HW プレミアム50GB
881,,9,8,Yes (+ 50 JPY / Day),None (+ 0 JPY),,,[13 Days RENTAL] SoftBank 601HW [WHITE] Premium 50GB,1,,,,,,,,[13 Days RENTAL] SoftBank 601HW [WHITE] Premium 50GB,sl.jpg,*,sl.jpg,sl.jpg,,,,,,,,,,,,,,,,,,,,,,0,1,sl_012_bt,,1,,7150,7800,,5,,,,,,,,,,,,,,,,,17,SoftBank 601HW プレミアム50GB
882,,9,8,Yes (+ 50 JPY / Day),None (+ 0 JPY),,,[14 Days RENTAL] SoftBank 601HW [WHITE] Premium 50GB,1,,,,,,,,[14 Days RENTAL] SoftBank 601HW [WHITE] Premium 50GB,sl.jpg,*,sl.jpg,sl.jpg,,,,,,,,,,,,,,,,,,,,,,0,1,sl_013_bt,,1,,7700,8400,,5,,,,,,,,,,,,,,,,,17,SoftBank 601HW プレミアム50GB
883,,9,8,Yes (+ 50 JPY / Day),None (+ 0 JPY),,,[15 Days RENTAL] SoftBank 601HW [WHITE] Premium 50GB,1,,,,,,,,[15 Days RENTAL] SoftBank 601HW [WHITE] Premium 50GB,sl.jpg,*,sl.jpg,sl.jpg,,,,,,,,,,,,,,,,,,,,,,0,1,sl_014_bt,,1,,8250,9000,,5,,,,,,,,,,,,,,,,,17,SoftBank 601HW プレミアム50GB
884,,9,8,Yes (+ 50 JPY / Day),None (+ 0 JPY),,,[16 Days RENTAL] SoftBank 601HW [WHITE] Premium 50GB,1,,,,,,,,[16 Days RENTAL] SoftBank 601HW [WHITE] Premium 50GB,sl.jpg,*,sl.jpg,sl.jpg,,,,,,,,,,,,,,,,,,,,,,0,1,sl_015_bt,,1,,8250,9000,,5,,,,,,,,,,,,,,,,,17,SoftBank 601HW プレミアム50GB
885,,9,8,Yes (+ 50 JPY / Day),None (+ 0 JPY),,,[17 Days RENTAL] SoftBank 601HW [WHITE] Premium 50GB,1,,,,,,,,[17 Days RENTAL] SoftBank 601HW [WHITE] Premium 50GB,sl.jpg,*,sl.jpg,sl.jpg,,,,,,,,,,,,,,,,,,,,,,0,1,sl_016_bt,,1,,8250,9000,,5,,,,,,,,,,,,,,,,,17,SoftBank 601HW プレミアム50GB
886,,9,8,Yes (+ 50 JPY / Day),None (+ 0 JPY),,,[18 Days RENTAL] SoftBank 601HW [WHITE] Premium 50GB,1,,,,,,,,[18 Days RENTAL] SoftBank 601HW [WHITE] Premium 50GB,sl.jpg,*,sl.jpg,sl.jpg,,,,,,,,,,,,,,,,,,,,,,0,1,sl_017_bt,,1,,8250,9000,,5,,,,,,,,,,,,,,,,,17,SoftBank 601HW プレミアム50GB
887,,9,8,Yes (+ 50 JPY / Day),None (+ 0 JPY),,,[19 Days RENTAL] SoftBank 601HW [WHITE] Premium 50GB,1,,,,,,,,[19 Days RENTAL] SoftBank 601HW [WHITE] Premium 50GB,sl.jpg,*,sl.jpg,sl.jpg,,,,,,,,,,,,,,,,,,,,,,0,1,sl_018_bt,,1,,8250,9000,,5,,,,,,,,,,,,,,,,,17,SoftBank 601HW プレミアム50GB
888,,9,8,Yes (+ 50 JPY / Day),None (+ 0 JPY),,,[20 Days RENTAL] SoftBank 601HW [WHITE] Premium 50GB,1,,,,,,,,[20 Days RENTAL] SoftBank 601HW [WHITE] Premium 50GB,sl.jpg,*,sl.jpg,sl.jpg,,,,,,,,,,,,,,,,,,,,,,0,1,sl_019_bt,,1,,8250,9000,,5,,,,,,,,,,,,,,,,,17,SoftBank 601HW プレミアム50GB
889,,9,8,Yes (+ 50 JPY / Day),None (+ 0 JPY),,,[21 Days RENTAL] SoftBank 601HW [WHITE] Premium 50GB,1,,,,,,,,[21 Days RENTAL] SoftBank 601HW [WHITE] Premium 50GB,sl.jpg,*,sl.jpg,sl.jpg,,,,,,,,,,,,,,,,,,,,,,0,1,sl_020_bt,,1,,8250,9000,,5,,,,,,,,,,,,,,,,,17,SoftBank 601HW プレミアム50GB
890,,9,8,Yes (+ 50 JPY / Day),None (+ 0 JPY),,,[22 Days RENTAL] SoftBank 601HW [WHITE] Premium 50GB,1,,,,,,,,[22 Days RENTAL] SoftBank 601HW [WHITE] Premium 50GB,sl.jpg,*,sl.jpg,sl.jpg,,,,,,,,,,,,,,,,,,,,,,0,1,sl_021_bt,,1,,8250,9000,,5,,,,,,,,,,,,,,,,,17,SoftBank 601HW プレミアム50GB
891,,9,8,Yes (+ 50 JPY / Day),None (+ 0 JPY),,,[23 Days RENTAL] SoftBank 601HW [WHITE] Premium 50GB,1,,,,,,,,[23 Days RENTAL] SoftBank 601HW [WHITE] Premium 50GB,sl.jpg,*,sl.jpg,sl.jpg,,,,,,,,,,,,,,,,,,,,,,0,1,sl_022_bt,,1,,8250,9000,,5,,,,,,,,,,,,,,,,,17,SoftBank 601HW プレミアム50GB
892,,9,8,Yes (+ 50 JPY / Day),None (+ 0 JPY),,,[24 Days RENTAL] SoftBank 601HW [WHITE] Premium 50GB,1,,,,,,,,[24 Days RENTAL] SoftBank 601HW [WHITE] Premium 50GB,sl.jpg,*,sl.jpg,sl.jpg,,,,,,,,,,,,,,,,,,,,,,0,1,sl_023_bt,,1,,8250,9000,,5,,,,,,,,,,,,,,,,,17,SoftBank 601HW プレミアム50GB
893,,9,8,Yes (+ 50 JPY / Day),None (+ 0 JPY),,,[25 Days RENTAL] SoftBank 601HW [WHITE] Premium 50GB,1,,,,,,,,[25 Days RENTAL] SoftBank 601HW [WHITE] Premium 50GB,sl.jpg,*,sl.jpg,sl.jpg,,,,,,,,,,,,,,,,,,,,,,0,1,sl_024_bt,,1,,8250,9000,,5,,,,,,,,,,,,,,,,,17,SoftBank 601HW プレミアム50GB
894,,9,8,Yes (+ 50 JPY / Day),None (+ 0 JPY),,,[26 Days RENTAL] SoftBank 601HW [WHITE] Premium 50GB,1,,,,,,,,[26 Days RENTAL] SoftBank 601HW [WHITE] Premium 50GB,sl.jpg,*,sl.jpg,sl.jpg,,,,,,,,,,,,,,,,,,,,,,0,1,sl_025_bt,,1,,8250,9000,,5,,,,,,,,,,,,,,,,,17,SoftBank 601HW プレミアム50GB
895,,9,8,Yes (+ 50 JPY / Day),None (+ 0 JPY),,,[27 Days RENTAL] SoftBank 601HW [WHITE] Premium 50GB,1,,,,,,,,[27 Days RENTAL] SoftBank 601HW [WHITE] Premium 50GB,sl.jpg,*,sl.jpg,sl.jpg,,,,,,,,,,,,,,,,,,,,,,0,1,sl_026_bt,,1,,8250,9000,,5,,,,,,,,,,,,,,,,,17,SoftBank 601HW プレミアム50GB
896,,9,8,Yes (+ 50 JPY / Day),None (+ 0 JPY),,,[28 Days RENTAL] SoftBank 601HW [WHITE] Premium 50GB,1,,,,,,,,[28 Days RENTAL] SoftBank 601HW [WHITE] Premium 50GB,sl.jpg,*,sl.jpg,sl.jpg,,,,,,,,,,,,,,,,,,,,,,0,1,sl_027_bt,,1,,8250,9000,,5,,,,,,,,,,,,,,,,,17,SoftBank 601HW プレミアム50GB
897,,9,8,Yes (+ 50 JPY / Day),None (+ 0 JPY),,,[29 Days RENTAL] SoftBank 601HW [WHITE] Premium 50GB,1,,,,,,,,[29 Days RENTAL] SoftBank 601HW [WHITE] Premium 50GB,sl.jpg,*,sl.jpg,sl.jpg,,,,,,,,,,,,,,,,,,,,,,0,1,sl_028_bt,,1,,8250,9000,,5,,,,,,,,,,,,,,,,,17,SoftBank 601HW プレミアム50GB
898,,9,8,Yes (+ 50 JPY / Day),None (+ 0 JPY),,,[30 Days RENTAL] SoftBank 601HW [WHITE] Premium 50GB,1,,,,,,,,[30 Days RENTAL] SoftBank 601HW [WHITE] Premium 50GB,sl.jpg,*,sl.jpg,sl.jpg,,,,,,,,,,,,,,,,,,,,,,0,1,sl_029_bt,,1,,8250,9000,,5,,,,,,,,,,,,,,,,,17,SoftBank 601HW プレミアム50GB
899,,9,8,Yes (+ 50 JPY / Day),None (+ 0 JPY),,,[31 Days RENTAL] SoftBank 601HW [WHITE] Premium 50GB,1,,,,,,,,[31 Days RENTAL] SoftBank 601HW [WHITE] Premium 50GB,sl.jpg,*,sl.jpg,sl.jpg,,,,,,,,,,,,,,,,,,,,,,0,1,sl_030_bt,,1,,8250,9000,,5,,,,,,,,,,,,,,,,,17,SoftBank 601HW プレミアム50GB
900,,9,8,Yes (+ 50 JPY / Day),None (+ 0 JPY),,,[32 Days RENTAL] SoftBank 601HW [WHITE] Premium 50GB,1,,,,,,,,[32 Days RENTAL] SoftBank 601HW [WHITE] Premium 50GB,sl.jpg,*,sl.jpg,sl.jpg,,,,,,,,,,,,,,,,,,,,,,0,1,sl_031_bt,,1,,8800,9600,,5,,,,,,,,,,,,,,,,,17,SoftBank 601HW プレミアム50GB
901,,9,8,Yes (+ 50 JPY / Day),None (+ 0 JPY),,,[33 Days RENTAL] SoftBank 601HW [WHITE] Premium 50GB,1,,,,,,,,[33 Days RENTAL] SoftBank 601HW [WHITE] Premium 50GB,sl.jpg,*,sl.jpg,sl.jpg,,,,,,,,,,,,,,,,,,,,,,0,1,sl_032_bt,,1,,9350,10200,,5,,,,,,,,,,,,,,,,,17,SoftBank 601HW プレミアム50GB
902,,9,8,Yes (+ 50 JPY / Day),None (+ 0 JPY),,,[34 Days RENTAL] SoftBank 601HW [WHITE] Premium 50GB,1,,,,,,,,[34 Days RENTAL] SoftBank 601HW [WHITE] Premium 50GB,sl.jpg,*,sl.jpg,sl.jpg,,,,,,,,,,,,,,,,,,,,,,0,1,sl_033_bt,,1,,9900,10800,,5,,,,,,,,,,,,,,,,,17,SoftBank 601HW プレミアム50GB
903,,9,8,Yes (+ 50 JPY / Day),None (+ 0 JPY),,,[35 Days RENTAL] SoftBank 601HW [WHITE] Premium 50GB,1,,,,,,,,[35 Days RENTAL] SoftBank 601HW [WHITE] Premium 50GB,sl.jpg,*,sl.jpg,sl.jpg,,,,,,,,,,,,,,,,,,,,,,0,1,sl_034_bt,,1,,10450,11400,,5,,,,,,,,,,,,,,,,,17,SoftBank 601HW プレミアム50GB
904,,9,8,Yes (+ 50 JPY / Day),None (+ 0 JPY),,,[36 Days RENTAL] SoftBank 601HW [WHITE] Premium 50GB,1,,,,,,,,[36 Days RENTAL] SoftBank 601HW [WHITE] Premium 50GB,sl.jpg,*,sl.jpg,sl.jpg,,,,,,,,,,,,,,,,,,,,,,0,1,sl_035_bt,,1,,11000,12000,,5,,,,,,,,,,,,,,,,,17,SoftBank 601HW プレミアム50GB
905,,9,8,Yes (+ 50 JPY / Day),None (+ 0 JPY),,,[37 Days RENTAL] SoftBank 601HW [WHITE] Premium 50GB,1,,,,,,,,[37 Days RENTAL] SoftBank 601HW [WHITE] Premium 50GB,sl.jpg,*,sl.jpg,sl.jpg,,,,,,,,,,,,,,,,,,,,,,0,1,sl_036_bt,,1,,11550,12600,,5,,,,,,,,,,,,,,,,,17,SoftBank 601HW プレミアム50GB
906,,9,8,Yes (+ 50 JPY / Day),None (+ 0 JPY),,,[38 Days RENTAL] SoftBank 601HW [WHITE] Premium 50GB,1,,,,,,,,[38 Days RENTAL] SoftBank 601HW [WHITE] Premium 50GB,sl.jpg,*,sl.jpg,sl.jpg,,,,,,,,,,,,,,,,,,,,,,0,1,sl_037_bt,,1,,12100,13200,,5,,,,,,,,,,,,,,,,,17,SoftBank 601HW プレミアム50GB
907,,9,8,Yes (+ 50 JPY / Day),None (+ 0 JPY),,,[39 Days RENTAL] SoftBank 601HW [WHITE] Premium 50GB,1,,,,,,,,[39 Days RENTAL] SoftBank 601HW [WHITE] Premium 50GB,sl.jpg,*,sl.jpg,sl.jpg,,,,,,,,,,,,,,,,,,,,,,0,1,sl_038_bt,,1,,12650,13800,,5,,,,,,,,,,,,,,,,,17,SoftBank 601HW プレミアム50GB
908,,9,8,Yes (+ 50 JPY / Day),None (+ 0 JPY),,,[40 Days RENTAL] SoftBank 601HW [WHITE] Premium 50GB,1,,,,,,,,[40 Days RENTAL] SoftBank 601HW [WHITE] Premium 50GB,sl.jpg,*,sl.jpg,sl.jpg,,,,,,,,,,,,,,,,,,,,,,0,1,sl_039_bt,,1,,13200,14400,,5,,,,,,,,,,,,,,,,,17,SoftBank 601HW プレミアム50GB
909,,9,8,Yes (+ 50 JPY / Day),None (+ 0 JPY),,,[41 Days RENTAL] SoftBank 601HW [WHITE] Premium 50GB,1,,,,,,,,[41 Days RENTAL] SoftBank 601HW [WHITE] Premium 50GB,sl.jpg,*,sl.jpg,sl.jpg,,,,,,,,,,,,,,,,,,,,,,0,1,sl_040_bt,,1,,13750,15000,,5,,,,,,,,,,,,,,,,,17,SoftBank 601HW プレミアム50GB
910,,9,8,Yes (+ 50 JPY / Day),None (+ 0 JPY),,,[42 Days RENTAL] SoftBank 601HW [WHITE] Premium 50GB,1,,,,,,,,[42 Days RENTAL] SoftBank 601HW [WHITE] Premium 50GB,sl.jpg,*,sl.jpg,sl.jpg,,,,,,,,,,,,,,,,,,,,,,0,1,sl_041_bt,,1,,14300,15600,,5,,,,,,,,,,,,,,,,,17,SoftBank 601HW プレミアム50GB
911,,9,8,Yes (+ 50 JPY / Day),None (+ 0 JPY),,,[43 Days RENTAL] SoftBank 601HW [WHITE] Premium 50GB,1,,,,,,,,[43 Days RENTAL] SoftBank 601HW [WHITE] Premium 50GB,sl.jpg,*,sl.jpg,sl.jpg,,,,,,,,,,,,,,,,,,,,,,0,1,sl_042_bt,,1,,14650,15700,,5,,,,,,,,,,,,,,,,,17,SoftBank 601HW プレミアム50GB
912,,9,8,Yes (+ 50 JPY / Day),None (+ 0 JPY),,,[44 Days RENTAL] SoftBank 601HW [WHITE] Premium 50GB,1,,,,,,,,[44 Days RENTAL] SoftBank 601HW [WHITE] Premium 50GB,sl.jpg,*,sl.jpg,sl.jpg,,,,,,,,,,,,,,,,,,,,,,0,1,sl_043_bt,,1,,14650,15700,,5,,,,,,,,,,,,,,,,,17,SoftBank 601HW プレミアム50GB
913,,9,8,Yes (+ 50 JPY / Day),None (+ 0 JPY),,,[45 Days RENTAL] SoftBank 601HW [WHITE] Premium 50GB,1,,,,,,,,[45 Days RENTAL] SoftBank 601HW [WHITE] Premium 50GB,sl.jpg,*,sl.jpg,sl.jpg,,,,,,,,,,,,,,,,,,,,,,0,1,sl_044_bt,,1,,14650,15700,,5,,,,,,,,,,,,,,,,,17,SoftBank 601HW プレミアム50GB
914,,9,8,Yes (+ 50 JPY / Day),None (+ 0 JPY),,,[46 Days RENTAL] SoftBank 601HW [WHITE] Premium 50GB,1,,,,,,,,[46 Days RENTAL] SoftBank 601HW [WHITE] Premium 50GB,sl.jpg,*,sl.jpg,sl.jpg,,,,,,,,,,,,,,,,,,,,,,0,1,sl_045_bt,,1,,14650,15700,,5,,,,,,,,,,,,,,,,,17,SoftBank 601HW プレミアム50GB
915,,9,8,Yes (+ 50 JPY / Day),None (+ 0 JPY),,,[47 Days RENTAL] SoftBank 601HW [WHITE] Premium 50GB,1,,,,,,,,[47 Days RENTAL] SoftBank 601HW [WHITE] Premium 50GB,sl.jpg,*,sl.jpg,sl.jpg,,,,,,,,,,,,,,,,,,,,,,0,1,sl_046_bt,,1,,14650,15700,,5,,,,,,,,,,,,,,,,,17,SoftBank 601HW プレミアム50GB
916,,9,8,Yes (+ 50 JPY / Day),None (+ 0 JPY),,,[48 Days RENTAL] SoftBank 601HW [WHITE] Premium 50GB,1,,,,,,,,[48 Days RENTAL] SoftBank 601HW [WHITE] Premium 50GB,sl.jpg,*,sl.jpg,sl.jpg,,,,,,,,,,,,,,,,,,,,,,0,1,sl_047_bt,,1,,14650,15700,,5,,,,,,,,,,,,,,,,,17,SoftBank 601HW プレミアム50GB
917,,9,8,Yes (+ 50 JPY / Day),None (+ 0 JPY),,,[49 Days RENTAL] SoftBank 601HW [WHITE] Premium 50GB,1,,,,,,,,[49 Days RENTAL] SoftBank 601HW [WHITE] Premium 50GB,sl.jpg,*,sl.jpg,sl.jpg,,,,,,,,,,,,,,,,,,,,,,0,1,sl_048_bt,,1,,14650,15700,,5,,,,,,,,,,,,,,,,,17,SoftBank 601HW プレミアム50GB
918,,9,8,Yes (+ 50 JPY / Day),None (+ 0 JPY),,,[50 Days RENTAL] SoftBank 601HW [WHITE] Premium 50GB,1,,,,,,,,[50 Days RENTAL] SoftBank 601HW [WHITE] Premium 50GB,sl.jpg,*,sl.jpg,sl.jpg,,,,,,,,,,,,,,,,,,,,,,0,1,sl_049_bt,,1,,14650,15700,,5,,,,,,,,,,,,,,,,,17,SoftBank 601HW プレミアム50GB
919,,9,8,Yes (+ 50 JPY / Day),None (+ 0 JPY),,,[51 Days RENTAL] SoftBank 601HW [WHITE] Premium 50GB,1,,,,,,,,[51 Days RENTAL] SoftBank 601HW [WHITE] Premium 50GB,sl.jpg,*,sl.jpg,sl.jpg,,,,,,,,,,,,,,,,,,,,,,0,1,sl_050_bt,,1,,14650,15700,,5,,,,,,,,,,,,,,,,,17,SoftBank 601HW プレミアム50GB
920,,9,8,Yes (+ 50 JPY / Day),None (+ 0 JPY),,,[52 Days RENTAL] SoftBank 601HW [WHITE] Premium 50GB,1,,,,,,,,[52 Days RENTAL] SoftBank 601HW [WHITE] Premium 50GB,sl.jpg,*,sl.jpg,sl.jpg,,,,,,,,,,,,,,,,,,,,,,0,1,sl_051_bt,,1,,14650,15700,,5,,,,,,,,,,,,,,,,,17,SoftBank 601HW プレミアム50GB
921,,9,8,Yes (+ 50 JPY / Day),None (+ 0 JPY),,,[53 Days RENTAL] SoftBank 601HW [WHITE] Premium 50GB,1,,,,,,,,[53 Days RENTAL] SoftBank 601HW [WHITE] Premium 50GB,sl.jpg,*,sl.jpg,sl.jpg,,,,,,,,,,,,,,,,,,,,,,0,1,sl_052_bt,,1,,14650,15700,,5,,,,,,,,,,,,,,,,,17,SoftBank 601HW プレミアム50GB
922,,9,8,Yes (+ 50 JPY / Day),None (+ 0 JPY),,,[54 Days RENTAL] SoftBank 601HW [WHITE] Premium 50GB,1,,,,,,,,[54 Days RENTAL] SoftBank 601HW [WHITE] Premium 50GB,sl.jpg,*,sl.jpg,sl.jpg,,,,,,,,,,,,,,,,,,,,,,0,1,sl_053_bt,,1,,14650,15700,,5,,,,,,,,,,,,,,,,,17,SoftBank 601HW プレミアム50GB
923,,9,8,Yes (+ 50 JPY / Day),None (+ 0 JPY),,,[55 Days RENTAL] SoftBank 601HW [WHITE] Premium 50GB,1,,,,,,,,[55 Days RENTAL] SoftBank 601HW [WHITE] Premium 50GB,sl.jpg,*,sl.jpg,sl.jpg,,,,,,,,,,,,,,,,,,,,,,0,1,sl_054_bt,,1,,14650,15700,,5,,,,,,,,,,,,,,,,,17,SoftBank 601HW プレミアム50GB
924,,9,8,Yes (+ 50 JPY / Day),None (+ 0 JPY),,,[56 Days RENTAL] SoftBank 601HW [WHITE] Premium 50GB,1,,,,,,,,[56 Days RENTAL] SoftBank 601HW [WHITE] Premium 50GB,sl.jpg,*,sl.jpg,sl.jpg,,,,,,,,,,,,,,,,,,,,,,0,1,sl_055_bt,,1,,14650,15700,,5,,,,,,,,,,,,,,,,,17,SoftBank 601HW プレミアム50GB
925,,9,8,Yes (+ 50 JPY / Day),None (+ 0 JPY),,,[57 Days RENTAL] SoftBank 601HW [WHITE] Premium 50GB,1,,,,,,,,[57 Days RENTAL] SoftBank 601HW [WHITE] Premium 50GB,sl.jpg,*,sl.jpg,sl.jpg,,,,,,,,,,,,,,,,,,,,,,0,1,sl_056_bt,,1,,14650,15700,,5,,,,,,,,,,,,,,,,,17,SoftBank 601HW プレミアム50GB
926,,9,8,Yes (+ 50 JPY / Day),None (+ 0 JPY),,,[58 Days RENTAL] SoftBank 601HW [WHITE] Premium 50GB,1,,,,,,,,[58 Days RENTAL] SoftBank 601HW [WHITE] Premium 50GB,sl.jpg,*,sl.jpg,sl.jpg,,,,,,,,,,,,,,,,,,,,,,0,1,sl_057_bt,,1,,14650,15700,,5,,,,,,,,,,,,,,,,,17,SoftBank 601HW プレミアム50GB
927,,9,8,Yes (+ 50 JPY / Day),None (+ 0 JPY),,,[59 Days RENTAL] SoftBank 601HW [WHITE] Premium 50GB,1,,,,,,,,[59 Days RENTAL] SoftBank 601HW [WHITE] Premium 50GB,sl.jpg,*,sl.jpg,sl.jpg,,,,,,,,,,,,,,,,,,,,,,0,1,sl_058_bt,,1,,14650,15700,,5,,,,,,,,,,,,,,,,,17,SoftBank 601HW プレミアム50GB
928,,9,8,Yes (+ 50 JPY / Day),None (+ 0 JPY),,,[60 Days RENTAL] SoftBank 601HW [WHITE] Premium 50GB,1,,,,,,,,[60 Days RENTAL] SoftBank 601HW [WHITE] Premium 50GB,sl.jpg,*,sl.jpg,sl.jpg,,,,,,,,,,,,,,,,,,,,,,0,1,sl_059_bt,,1,,14650,15700,,5,,,,,,,,,,,,,,,,,17,SoftBank 601HW プレミアム50GB
929,,9,8,Yes (+ 50 JPY / Day),None (+ 0 JPY),,,[61 Days RENTAL] SoftBank 601HW [WHITE] Premium 50GB,1,,,,,,,,[61 Days RENTAL] SoftBank 601HW [WHITE] Premium 50GB,sl.jpg,*,sl.jpg,sl.jpg,,,,,,,,,,,,,,,,,,,,,,0,1,sl_060_bt,,1,,14650,15700,,5,,,,,,,,,,,,,,,,,17,SoftBank 601HW プレミアム50GB
930,,9,8,Yes (+ 50 JPY / Day),None (+ 0 JPY),,,[62 Days RENTAL] SoftBank 601HW [WHITE] Premium 50GB,1,,,,,,,,[62 Days RENTAL] SoftBank 601HW [WHITE] Premium 50GB,sl.jpg,*,sl.jpg,sl.jpg,,,,,,,,,,,,,,,,,,,,,,0,1,sl_061_bt,,1,,15200,16300,,5,,,,,,,,,,,,,,,,,17,SoftBank 601HW プレミアム50GB
931,,9,8,Yes (+ 50 JPY / Day),None (+ 0 JPY),,,[63 Days RENTAL] SoftBank 601HW [WHITE] Premium 50GB,1,,,,,,,,[63 Days RENTAL] SoftBank 601HW [WHITE] Premium 50GB,sl.jpg,*,sl.jpg,sl.jpg,,,,,,,,,,,,,,,,,,,,,,0,1,sl_062_bt,,1,,15750,16900,,5,,,,,,,,,,,,,,,,,17,SoftBank 601HW プレミアム50GB
932,,9,8,Yes (+ 50 JPY / Day),None (+ 0 JPY),,,[64 Days RENTAL] SoftBank 601HW [WHITE] Premium 50GB,1,,,,,,,,[64 Days RENTAL] SoftBank 601HW [WHITE] Premium 50GB,sl.jpg,*,sl.jpg,sl.jpg,,,,,,,,,,,,,,,,,,,,,,0,1,sl_063_bt,,1,,16300,17500,,5,,,,,,,,,,,,,,,,,17,SoftBank 601HW プレミアム50GB
933,,9,8,Yes (+ 50 JPY / Day),None (+ 0 JPY),,,[65 Days RENTAL] SoftBank 601HW [WHITE] Premium 50GB,1,,,,,,,,[65 Days RENTAL] SoftBank 601HW [WHITE] Premium 50GB,sl.jpg,*,sl.jpg,sl.jpg,,,,,,,,,,,,,,,,,,,,,,0,1,sl_064_bt,,1,,16850,18100,,5,,,,,,,,,,,,,,,,,17,SoftBank 601HW プレミアム50GB
934,,9,8,Yes (+ 50 JPY / Day),None (+ 0 JPY),,,[66 Days RENTAL] SoftBank 601HW [WHITE] Premium 50GB,1,,,,,,,,[66 Days RENTAL] SoftBank 601HW [WHITE] Premium 50GB,sl.jpg,*,sl.jpg,sl.jpg,,,,,,,,,,,,,,,,,,,,,,0,1,sl_065_bt,,1,,17400,18700,,5,,,,,,,,,,,,,,,,,17,SoftBank 601HW プレミアム50GB
935,,9,8,Yes (+ 50 JPY / Day),None (+ 0 JPY),,,[67 Days RENTAL] SoftBank 601HW [WHITE] Premium 50GB,1,,,,,,,,[67 Days RENTAL] SoftBank 601HW [WHITE] Premium 50GB,sl.jpg,*,sl.jpg,sl.jpg,,,,,,,,,,,,,,,,,,,,,,0,1,sl_066_bt,,1,,17950,19300,,5,,,,,,,,,,,,,,,,,17,SoftBank 601HW プレミアム50GB
936,,9,8,Yes (+ 50 JPY / Day),None (+ 0 JPY),,,[68 Days RENTAL] SoftBank 601HW [WHITE] Premium 50GB,1,,,,,,,,[68 Days RENTAL] SoftBank 601HW [WHITE] Premium 50GB,sl.jpg,*,sl.jpg,sl.jpg,,,,,,,,,,,,,,,,,,,,,,0,1,sl_067_bt,,1,,18500,19900,,5,,,,,,,,,,,,,,,,,17,SoftBank 601HW プレミアム50GB
937,,9,8,Yes (+ 50 JPY / Day),None (+ 0 JPY),,,[69 Days RENTAL] SoftBank 601HW [WHITE] Premium 50GB,1,,,,,,,,[69 Days RENTAL] SoftBank 601HW [WHITE] Premium 50GB,sl.jpg,*,sl.jpg,sl.jpg,,,,,,,,,,,,,,,,,,,,,,0,1,sl_068_bt,,1,,19050,20500,,5,,,,,,,,,,,,,,,,,17,SoftBank 601HW プレミアム50GB
938,,9,8,Yes (+ 50 JPY / Day),None (+ 0 JPY),,,[70 Days RENTAL] SoftBank 601HW [WHITE] Premium 50GB,1,,,,,,,,[70 Days RENTAL] SoftBank 601HW [WHITE] Premium 50GB,sl.jpg,*,sl.jpg,sl.jpg,,,,,,,,,,,,,,,,,,,,,,0,1,sl_069_bt,,1,,19600,21100,,5,,,,,,,,,,,,,,,,,17,SoftBank 601HW プレミアム50GB
939,,9,8,Yes (+ 50 JPY / Day),None (+ 0 JPY),,,[71 Days RENTAL] SoftBank 601HW [WHITE] Premium 50GB,1,,,,,,,,[71 Days RENTAL] SoftBank 601HW [WHITE] Premium 50GB,sl.jpg,*,sl.jpg,sl.jpg,,,,,,,,,,,,,,,,,,,,,,0,1,sl_070_bt,,1,,20150,21700,,5,,,,,,,,,,,,,,,,,17,SoftBank 601HW プレミアム50GB
940,,9,8,Yes (+ 50 JPY / Day),None (+ 0 JPY),,,[72 Days RENTAL] SoftBank 601HW [WHITE] Premium 50GB,1,,,,,,,,[72 Days RENTAL] SoftBank 601HW [WHITE] Premium 50GB,sl.jpg,*,sl.jpg,sl.jpg,,,,,,,,,,,,,,,,,,,,,,0,1,sl_071_bt,,1,,20500,21850,,5,,,,,,,,,,,,,,,,,17,SoftBank 601HW プレミアム50GB
941,,9,8,Yes (+ 50 JPY / Day),None (+ 0 JPY),,,[73 Days RENTAL] SoftBank 601HW [WHITE] Premium 50GB,1,,,,,,,,[73 Days RENTAL] SoftBank 601HW [WHITE] Premium 50GB,sl.jpg,*,sl.jpg,sl.jpg,,,,,,,,,,,,,,,,,,,,,,0,1,sl_072_bt,,1,,20500,21850,,5,,,,,,,,,,,,,,,,,17,SoftBank 601HW プレミアム50GB
942,,9,8,Yes (+ 50 JPY / Day),None (+ 0 JPY),,,[74 Days RENTAL] SoftBank 601HW [WHITE] Premium 50GB,1,,,,,,,,[74 Days RENTAL] SoftBank 601HW [WHITE] Premium 50GB,sl.jpg,*,sl.jpg,sl.jpg,,,,,,,,,,,,,,,,,,,,,,0,1,sl_073_bt,,1,,20500,21850,,5,,,,,,,,,,,,,,,,,17,SoftBank 601HW プレミアム50GB
943,,9,8,Yes (+ 50 JPY / Day),None (+ 0 JPY),,,[75 Days RENTAL] SoftBank 601HW [WHITE] Premium 50GB,1,,,,,,,,[75 Days RENTAL] SoftBank 601HW [WHITE] Premium 50GB,sl.jpg,*,sl.jpg,sl.jpg,,,,,,,,,,,,,,,,,,,,,,0,1,sl_074_bt,,1,,20500,21850,,5,,,,,,,,,,,,,,,,,17,SoftBank 601HW プレミアム50GB
944,,9,8,Yes (+ 50 JPY / Day),None (+ 0 JPY),,,[76 Days RENTAL] SoftBank 601HW [WHITE] Premium 50GB,1,,,,,,,,[76 Days RENTAL] SoftBank 601HW [WHITE] Premium 50GB,sl.jpg,*,sl.jpg,sl.jpg,,,,,,,,,,,,,,,,,,,,,,0,1,sl_075_bt,,1,,20500,21850,,5,,,,,,,,,,,,,,,,,17,SoftBank 601HW プレミアム50GB
945,,9,8,Yes (+ 50 JPY / Day),None (+ 0 JPY),,,[77 Days RENTAL] SoftBank 601HW [WHITE] Premium 50GB,1,,,,,,,,[77 Days RENTAL] SoftBank 601HW [WHITE] Premium 50GB,sl.jpg,*,sl.jpg,sl.jpg,,,,,,,,,,,,,,,,,,,,,,0,1,sl_076_bt,,1,,20500,21850,,5,,,,,,,,,,,,,,,,,17,SoftBank 601HW プレミアム50GB
946,,9,8,Yes (+ 50 JPY / Day),None (+ 0 JPY),,,[78 Days RENTAL] SoftBank 601HW [WHITE] Premium 50GB,1,,,,,,,,[78 Days RENTAL] SoftBank 601HW [WHITE] Premium 50GB,sl.jpg,*,sl.jpg,sl.jpg,,,,,,,,,,,,,,,,,,,,,,0,1,sl_077_bt,,1,,20500,21850,,5,,,,,,,,,,,,,,,,,17,SoftBank 601HW プレミアム50GB
947,,9,8,Yes (+ 50 JPY / Day),None (+ 0 JPY),,,[79 Days RENTAL] SoftBank 601HW [WHITE] Premium 50GB,1,,,,,,,,[79 Days RENTAL] SoftBank 601HW [WHITE] Premium 50GB,sl.jpg,*,sl.jpg,sl.jpg,,,,,,,,,,,,,,,,,,,,,,0,1,sl_078_bt,,1,,20500,21850,,5,,,,,,,,,,,,,,,,,17,SoftBank 601HW プレミアム50GB
948,,9,8,Yes (+ 50 JPY / Day),None (+ 0 JPY),,,[80 Days RENTAL] SoftBank 601HW [WHITE] Premium 50GB,1,,,,,,,,[80 Days RENTAL] SoftBank 601HW [WHITE] Premium 50GB,sl.jpg,*,sl.jpg,sl.jpg,,,,,,,,,,,,,,,,,,,,,,0,1,sl_079_bt,,1,,20500,21850,,5,,,,,,,,,,,,,,,,,17,SoftBank 601HW プレミアム50GB
949,,9,8,Yes (+ 50 JPY / Day),None (+ 0 JPY),,,[81 Days RENTAL] SoftBank 601HW [WHITE] Premium 50GB,1,,,,,,,,[81 Days RENTAL] SoftBank 601HW [WHITE] Premium 50GB,sl.jpg,*,sl.jpg,sl.jpg,,,,,,,,,,,,,,,,,,,,,,0,1,sl_080_bt,,1,,20500,21850,,5,,,,,,,,,,,,,,,,,17,SoftBank 601HW プレミアム50GB
950,,9,8,Yes (+ 50 JPY / Day),None (+ 0 JPY),,,[82 Days RENTAL] SoftBank 601HW [WHITE] Premium 50GB,1,,,,,,,,[82 Days RENTAL] SoftBank 601HW [WHITE] Premium 50GB,sl.jpg,*,sl.jpg,sl.jpg,,,,,,,,,,,,,,,,,,,,,,0,1,sl_081_bt,,1,,20500,21850,,5,,,,,,,,,,,,,,,,,17,SoftBank 601HW プレミアム50GB
951,,9,8,Yes (+ 50 JPY / Day),None (+ 0 JPY),,,[83 Days RENTAL] SoftBank 601HW [WHITE] Premium 50GB,1,,,,,,,,[83 Days RENTAL] SoftBank 601HW [WHITE] Premium 50GB,sl.jpg,*,sl.jpg,sl.jpg,,,,,,,,,,,,,,,,,,,,,,0,1,sl_082_bt,,1,,20500,21850,,5,,,,,,,,,,,,,,,,,17,SoftBank 601HW プレミアム50GB
952,,9,8,Yes (+ 50 JPY / Day),None (+ 0 JPY),,,[84 Days RENTAL] SoftBank 601HW [WHITE] Premium 50GB,1,,,,,,,,[84 Days RENTAL] SoftBank 601HW [WHITE] Premium 50GB,sl.jpg,*,sl.jpg,sl.jpg,,,,,,,,,,,,,,,,,,,,,,0,1,sl_083_bt,,1,,20500,21850,,5,,,,,,,,,,,,,,,,,17,SoftBank 601HW プレミアム50GB
953,,9,8,Yes (+ 50 JPY / Day),None (+ 0 JPY),,,[85 Days RENTAL] SoftBank 601HW [WHITE] Premium 50GB,1,,,,,,,,[85 Days RENTAL] SoftBank 601HW [WHITE] Premium 50GB,sl.jpg,*,sl.jpg,sl.jpg,,,,,,,,,,,,,,,,,,,,,,0,1,sl_084_bt,,1,,20500,21850,,5,,,,,,,,,,,,,,,,,17,SoftBank 601HW プレミアム50GB
954,,9,8,Yes (+ 50 JPY / Day),None (+ 0 JPY),,,[86 Days RENTAL] SoftBank 601HW [WHITE] Premium 50GB,1,,,,,,,,[86 Days RENTAL] SoftBank 601HW [WHITE] Premium 50GB,sl.jpg,*,sl.jpg,sl.jpg,,,,,,,,,,,,,,,,,,,,,,0,1,sl_085_bt,,1,,20500,21850,,5,,,,,,,,,,,,,,,,,17,SoftBank 601HW プレミアム50GB
955,,9,8,Yes (+ 50 JPY / Day),None (+ 0 JPY),,,[87 Days RENTAL] SoftBank 601HW [WHITE] Premium 50GB,1,,,,,,,,[87 Days RENTAL] SoftBank 601HW [WHITE] Premium 50GB,sl.jpg,*,sl.jpg,sl.jpg,,,,,,,,,,,,,,,,,,,,,,0,1,sl_086_bt,,1,,20500,21850,,5,,,,,,,,,,,,,,,,,17,SoftBank 601HW プレミアム50GB
956,,9,8,Yes (+ 50 JPY / Day),None (+ 0 JPY),,,[88 Days RENTAL] SoftBank 601HW [WHITE] Premium 50GB,1,,,,,,,,[88 Days RENTAL] SoftBank 601HW [WHITE] Premium 50GB,sl.jpg,*,sl.jpg,sl.jpg,,,,,,,,,,,,,,,,,,,,,,0,1,sl_087_bt,,1,,20500,21850,,5,,,,,,,,,,,,,,,,,17,SoftBank 601HW プレミアム50GB
957,,9,8,Yes (+ 50 JPY / Day),None (+ 0 JPY),,,[89 Days RENTAL] SoftBank 601HW [WHITE] Premium 50GB,1,,,,,,,,[89 Days RENTAL] SoftBank 601HW [WHITE] Premium 50GB,sl.jpg,*,sl.jpg,sl.jpg,,,,,,,,,,,,,,,,,,,,,,0,1,sl_088_bt,,1,,20500,21850,,5,,,,,,,,,,,,,,,,,17,SoftBank 601HW プレミアム50GB
958,,9,8,Yes (+ 50 JPY / Day),None (+ 0 JPY),,,[90 Days RENTAL] SoftBank 601HW [WHITE] Premium 50GB,1,,,,,,,,[90 Days RENTAL] SoftBank 601HW [WHITE] Premium 50GB,sl.jpg,*,sl.jpg,sl.jpg,,,,,,,,,,,,,,,,,,,,,,0,1,sl_089_bt,,1,,20500,21850,,5,,,,,,,,,,,,,,,,,17,SoftBank 601HW プレミアム50GB
959,,9,8,Yes (+ 50 JPY / Day),None (+ 0 JPY),,,[91 Days RENTAL] SoftBank 601HW [WHITE] Premium 50GB,1,,,,,,,,[91 Days RENTAL] SoftBank 601HW [WHITE] Premium 50GB,sl.jpg,*,sl.jpg,sl.jpg,,,,,,,,,,,,,,,,,,,,,,0,1,sl_090_bt,,1,,20500,21850,,5,,,,,,,,,,,,,,,,,17,SoftBank 601HW プレミアム50GB
960,,9,8,Yes (+ 50 JPY / Day),None (+ 0 JPY),,,[92 Days RENTAL] SoftBank 601HW [WHITE] Premium 50GB,1,,,,,,,,[92 Days RENTAL] SoftBank 601HW [WHITE] Premium 50GB,sl.jpg,*,sl.jpg,sl.jpg,,,,,,,,,,,,,,,,,,,,,,0,1,sl_091_bt,,1,,21050,22450,,5,,,,,,,,,,,,,,,,,17,SoftBank 601HW プレミアム50GB
961,,9,8,Yes (+ 50 JPY / Day),None (+ 0 JPY),,,[93 Days RENTAL] SoftBank 601HW [WHITE] Premium 50GB,1,,,,,,,,[93 Days RENTAL] SoftBank 601HW [WHITE] Premium 50GB,sl.jpg,*,sl.jpg,sl.jpg,,,,,,,,,,,,,,,,,,,,,,0,1,sl_092_bt,,1,,21600,23050,,5,,,,,,,,,,,,,,,,,17,SoftBank 601HW プレミアム50GB
962,,9,8,Yes (+ 50 JPY / Day),None (+ 0 JPY),,,[94 Days RENTAL] SoftBank 601HW [WHITE] Premium 50GB,1,,,,,,,,[94 Days RENTAL] SoftBank 601HW [WHITE] Premium 50GB,sl.jpg,*,sl.jpg,sl.jpg,,,,,,,,,,,,,,,,,,,,,,0,1,sl_093_bt,,1,,22150,23650,,5,,,,,,,,,,,,,,,,,17,SoftBank 601HW プレミアム50GB
963,,9,8,Yes (+ 50 JPY / Day),None (+ 0 JPY),,,[95 Days RENTAL] SoftBank 601HW [WHITE] Premium 50GB,1,,,,,,,,[95 Days RENTAL] SoftBank 601HW [WHITE] Premium 50GB,sl.jpg,*,sl.jpg,sl.jpg,,,,,,,,,,,,,,,,,,,,,,0,1,sl_094_bt,,1,,22700,24250,,5,,,,,,,,,,,,,,,,,17,SoftBank 601HW プレミアム50GB
964,,9,8,Yes (+ 50 JPY / Day),None (+ 0 JPY),,,[96 Days RENTAL] SoftBank 601HW [WHITE] Premium 50GB,1,,,,,,,,[96 Days RENTAL] SoftBank 601HW [WHITE] Premium 50GB,sl.jpg,*,sl.jpg,sl.jpg,,,,,,,,,,,,,,,,,,,,,,0,1,sl_095_bt,,1,,23000,24650,,5,,,,,,,,,,,,,,,,,17,SoftBank 601HW プレミアム50GB
965,,9,8,Yes (+ 50 JPY / Day),None (+ 0 JPY),,,[97 Days RENTAL] SoftBank 601HW [WHITE] Premium 50GB,1,,,,,,,,[97 Days RENTAL] SoftBank 601HW [WHITE] Premium 50GB,sl.jpg,*,sl.jpg,sl.jpg,,,,,,,,,,,,,,,,,,,,,,0,1,sl_096_bt,,1,,23000,24650,,5,,,,,,,,,,,,,,,,,17,SoftBank 601HW プレミアム50GB
966,,9,8,Yes (+ 50 JPY / Day),None (+ 0 JPY),,,[98 Days RENTAL] SoftBank 601HW [WHITE] Premium 50GB,1,,,,,,,,[98 Days RENTAL] SoftBank 601HW [WHITE] Premium 50GB,sl.jpg,*,sl.jpg,sl.jpg,,,,,,,,,,,,,,,,,,,,,,0,1,sl_097_bt,,1,,23000,24650,,5,,,,,,,,,,,,,,,,,17,SoftBank 601HW プレミアム50GB
967,,9,8,Yes (+ 50 JPY / Day),None (+ 0 JPY),,,[99 Days RENTAL] SoftBank 601HW [WHITE] Premium 50GB,1,,,,,,,,[99 Days RENTAL] SoftBank 601HW [WHITE] Premium 50GB,sl.jpg,*,sl.jpg,sl.jpg,,,,,,,,,,,,,,,,,,,,,,0,1,sl_098_bt,,1,,23000,24650,,5,,,,,,,,,,,,,,,,,17,SoftBank 601HW プレミアム50GB
968,,9,8,Yes (+ 50 JPY / Day),None (+ 0 JPY),,,[100 Days RENTAL] SoftBank 601HW [WHITE] Premium 50GB,1,,,,,,,,[100 Days RENTAL] SoftBank 601HW [WHITE] Premium 50GB,sl.jpg,*,sl.jpg,sl.jpg,,,,,,,,,,,,,,,,,,,,,,0,1,sl_099_bt,,1,,23000,24650,,5,,,,,,,,,,,,,,,,,17,SoftBank 601HW プレミアム50GB
969,,9,8,Yes (+ 50 JPY / Day),None (+ 0 JPY),,,[101 Days RENTAL] SoftBank 601HW [WHITE] Premium 50GB,1,,,,,,,,[101 Days RENTAL] SoftBank 601HW [WHITE] Premium 50GB,sl.jpg,*,sl.jpg,sl.jpg,,,,,,,,,,,,,,,,,,,,,,0,1,sl_100_bt,,1,,23000,24650,,5,,,,,,,,,,,,,,,,,17,SoftBank 601HW プレミアム50GB
970,,9,8,Yes (+ 50 JPY / Day),None (+ 0 JPY),,,[102 Days RENTAL] SoftBank 601HW [WHITE] Premium 50GB,1,,,,,,,,[102 Days RENTAL] SoftBank 601HW [WHITE] Premium 50GB,sl.jpg,*,sl.jpg,sl.jpg,,,,,,,,,,,,,,,,,,,,,,0,1,sl_101_bt,,1,,23000,24650,,5,,,,,,,,,,,,,,,,,17,SoftBank 601HW プレミアム50GB
971,,9,8,Yes (+ 50 JPY / Day),None (+ 0 JPY),,,[103 Days RENTAL] SoftBank 601HW [WHITE] Premium 50GB,1,,,,,,,,[103 Days RENTAL] SoftBank 601HW [WHITE] Premium 50GB,sl.jpg,*,sl.jpg,sl.jpg,,,,,,,,,,,,,,,,,,,,,,0,1,sl_102_bt,,1,,23000,24650,,5,,,,,,,,,,,,,,,,,17,SoftBank 601HW プレミアム50GB
972,,9,8,Yes (+ 50 JPY / Day),None (+ 0 JPY),,,[104 Days RENTAL] SoftBank 601HW [WHITE] Premium 50GB,1,,,,,,,,[104 Days RENTAL] SoftBank 601HW [WHITE] Premium 50GB,sl.jpg,*,sl.jpg,sl.jpg,,,,,,,,,,,,,,,,,,,,,,0,1,sl_103_bt,,1,,23000,24650,,5,,,,,,,,,,,,,,,,,17,SoftBank 601HW プレミアム50GB
973,,9,8,Yes (+ 50 JPY / Day),None (+ 0 JPY),,,[105 Days RENTAL] SoftBank 601HW [WHITE] Premium 50GB,1,,,,,,,,[105 Days RENTAL] SoftBank 601HW [WHITE] Premium 50GB,sl.jpg,*,sl.jpg,sl.jpg,,,,,,,,,,,,,,,,,,,,,,0,1,sl_104_bt,,1,,23000,24650,,5,,,,,,,,,,,,,,,,,17,SoftBank 601HW プレミアム50GB
974,,9,8,Yes (+ 50 JPY / Day),None (+ 0 JPY),,,[106 Days RENTAL] SoftBank 601HW [WHITE] Premium 50GB,1,,,,,,,,[106 Days RENTAL] SoftBank 601HW [WHITE] Premium 50GB,sl.jpg,*,sl.jpg,sl.jpg,,,,,,,,,,,,,,,,,,,,,,0,1,sl_105_bt,,1,,23000,24650,,5,,,,,,,,,,,,,,,,,17,SoftBank 601HW プレミアム50GB
975,,9,8,Yes (+ 50 JPY / Day),None (+ 0 JPY),,,[107 Days RENTAL] SoftBank 601HW [WHITE] Premium 50GB,1,,,,,,,,[107 Days RENTAL] SoftBank 601HW [WHITE] Premium 50GB,sl.jpg,*,sl.jpg,sl.jpg,,,,,,,,,,,,,,,,,,,,,,0,1,sl_106_bt,,1,,23000,24650,,5,,,,,,,,,,,,,,,,,17,SoftBank 601HW プレミアム50GB
976,,9,8,Yes (+ 50 JPY / Day),None (+ 0 JPY),,,[108 Days RENTAL] SoftBank 601HW [WHITE] Premium 50GB,1,,,,,,,,[108 Days RENTAL] SoftBank 601HW [WHITE] Premium 50GB,sl.jpg,*,sl.jpg,sl.jpg,,,,,,,,,,,,,,,,,,,,,,0,1,sl_107_bt,,1,,23000,24650,,5,,,,,,,,,,,,,,,,,17,SoftBank 601HW プレミアム50GB
977,,9,8,Yes (+ 50 JPY / Day),None (+ 0 JPY),,,[109 Days RENTAL] SoftBank 601HW [WHITE] Premium 50GB,1,,,,,,,,[109 Days RENTAL] SoftBank 601HW [WHITE] Premium 50GB,sl.jpg,*,sl.jpg,sl.jpg,,,,,,,,,,,,,,,,,,,,,,0,1,sl_108_bt,,1,,23000,24650,,5,,,,,,,,,,,,,,,,,17,SoftBank 601HW プレミアム50GB
978,,9,8,Yes (+ 50 JPY / Day),None (+ 0 JPY),,,[110 Days RENTAL] SoftBank 601HW [WHITE] Premium 50GB,1,,,,,,,,[110 Days RENTAL] SoftBank 601HW [WHITE] Premium 50GB,sl.jpg,*,sl.jpg,sl.jpg,,,,,,,,,,,,,,,,,,,,,,0,1,sl_109_bt,,1,,23000,24650,,5,,,,,,,,,,,,,,,,,17,SoftBank 601HW プレミアム50GB
979,,9,8,Yes (+ 50 JPY / Day),None (+ 0 JPY),,,[111 Days RENTAL] SoftBank 601HW [WHITE] Premium 50GB,1,,,,,,,,[111 Days RENTAL] SoftBank 601HW [WHITE] Premium 50GB,sl.jpg,*,sl.jpg,sl.jpg,,,,,,,,,,,,,,,,,,,,,,0,1,sl_110_bt,,1,,23000,24650,,5,,,,,,,,,,,,,,,,,17,SoftBank 601HW プレミアム50GB
980,,9,8,Yes (+ 50 JPY / Day),None (+ 0 JPY),,,[112 Days RENTAL] SoftBank 601HW [WHITE] Premium 50GB,1,,,,,,,,[112 Days RENTAL] SoftBank 601HW [WHITE] Premium 50GB,sl.jpg,*,sl.jpg,sl.jpg,,,,,,,,,,,,,,,,,,,,,,0,1,sl_111_bt,,1,,23000,24650,,5,,,,,,,,,,,,,,,,,17,SoftBank 601HW プレミアム50GB
981,,9,8,Yes (+ 50 JPY / Day),None (+ 0 JPY),,,[113 Days RENTAL] SoftBank 601HW [WHITE] Premium 50GB,1,,,,,,,,[113 Days RENTAL] SoftBank 601HW [WHITE] Premium 50GB,sl.jpg,*,sl.jpg,sl.jpg,,,,,,,,,,,,,,,,,,,,,,0,1,sl_112_bt,,1,,23000,24650,,5,,,,,,,,,,,,,,,,,17,SoftBank 601HW プレミアム50GB
982,,9,8,Yes (+ 50 JPY / Day),None (+ 0 JPY),,,[114 Days RENTAL] SoftBank 601HW [WHITE] Premium 50GB,1,,,,,,,,[114 Days RENTAL] SoftBank 601HW [WHITE] Premium 50GB,sl.jpg,*,sl.jpg,sl.jpg,,,,,,,,,,,,,,,,,,,,,,0,1,sl_113_bt,,1,,23000,24650,,5,,,,,,,,,,,,,,,,,17,SoftBank 601HW プレミアム50GB
983,,9,8,Yes (+ 50 JPY / Day),None (+ 0 JPY),,,[115 Days RENTAL] SoftBank 601HW [WHITE] Premium 50GB,1,,,,,,,,[115 Days RENTAL] SoftBank 601HW [WHITE] Premium 50GB,sl.jpg,*,sl.jpg,sl.jpg,,,,,,,,,,,,,,,,,,,,,,0,1,sl_114_bt,,1,,23000,24650,,5,,,,,,,,,,,,,,,,,17,SoftBank 601HW プレミアム50GB
984,,9,8,Yes (+ 50 JPY / Day),None (+ 0 JPY),,,[116 Days RENTAL] SoftBank 601HW [WHITE] Premium 50GB,1,,,,,,,,[116 Days RENTAL] SoftBank 601HW [WHITE] Premium 50GB,sl.jpg,*,sl.jpg,sl.jpg,,,,,,,,,,,,,,,,,,,,,,0,1,sl_115_bt,,1,,23000,24650,,5,,,,,,,,,,,,,,,,,17,SoftBank 601HW プレミアム50GB
985,,9,8,Yes (+ 50 JPY / Day),None (+ 0 JPY),,,[117 Days RENTAL] SoftBank 601HW [WHITE] Premium 50GB,1,,,,,,,,[117 Days RENTAL] SoftBank 601HW [WHITE] Premium 50GB,sl.jpg,*,sl.jpg,sl.jpg,,,,,,,,,,,,,,,,,,,,,,0,1,sl_116_bt,,1,,23000,24650,,5,,,,,,,,,,,,,,,,,17,SoftBank 601HW プレミアム50GB
986,,9,8,Yes (+ 50 JPY / Day),None (+ 0 JPY),,,[118 Days RENTAL] SoftBank 601HW [WHITE] Premium 50GB,1,,,,,,,,[118 Days RENTAL] SoftBank 601HW [WHITE] Premium 50GB,sl.jpg,*,sl.jpg,sl.jpg,,,,,,,,,,,,,,,,,,,,,,0,1,sl_117_bt,,1,,23000,24650,,5,,,,,,,,,,,,,,,,,17,SoftBank 601HW プレミアム50GB
987,,9,8,Yes (+ 50 JPY / Day),None (+ 0 JPY),,,[119 Days RENTAL] SoftBank 601HW [WHITE] Premium 50GB,1,,,,,,,,[119 Days RENTAL] SoftBank 601HW [WHITE] Premium 50GB,sl.jpg,*,sl.jpg,sl.jpg,,,,,,,,,,,,,,,,,,,,,,0,1,sl_118_bt,,1,,23000,24650,,5,,,,,,,,,,,,,,,,,17,SoftBank 601HW プレミアム50GB
988,,9,8,Yes (+ 50 JPY / Day),None (+ 0 JPY),,,[120 Days RENTAL] SoftBank 601HW [WHITE] Premium 50GB,1,,,,,,,,[120 Days RENTAL] SoftBank 601HW [WHITE] Premium 50GB,sl.jpg,*,sl.jpg,sl.jpg,,,,,,,,,,,,,,,,,,,,,,0,1,sl_119_bt,,1,,23000,24650,,5,,,,,,,,,,,,,,,,,17,SoftBank 601HW プレミアム50GB
989,,9,8,Yes (+ 50 JPY / Day),None (+ 0 JPY),,,[121 Days RENTAL] SoftBank 601HW [WHITE] Premium 50GB,1,,,,,,,,[121 Days RENTAL] SoftBank 601HW [WHITE] Premium 50GB,sl.jpg,*,sl.jpg,sl.jpg,,,,,,,,,,,,,,,,,,,,,,0,1,sl_120_bt,,1,,23000,24650,,5,,,,,,,,,,,,,,,,,17,SoftBank 601HW プレミアム50GB
990,,9,8,Yes (+ 50 JPY / Day),None (+ 0 JPY),,,[122 Days RENTAL] SoftBank 601HW [WHITE] Premium 50GB,1,,,,,,,,[122 Days RENTAL] SoftBank 601HW [WHITE] Premium 50GB,sl.jpg,*,sl.jpg,sl.jpg,,,,,,,,,,,,,,,,,,,,,,0,1,sl_121_bt,,1,,23550,25250,,5,,,,,,,,,,,,,,,,,17,SoftBank 601HW プレミアム50GB
991,,9,8,Yes (+ 50 JPY / Day),None (+ 0 JPY),,,[123 Days RENTAL] SoftBank 601HW [WHITE] Premium 50GB,1,,,,,,,,[123 Days RENTAL] SoftBank 601HW [WHITE] Premium 50GB,sl.jpg,*,sl.jpg,sl.jpg,,,,,,,,,,,,,,,,,,,,,,0,1,sl_122_bt,,1,,24100,25850,,5,,,,,,,,,,,,,,,,,17,SoftBank 601HW プレミアム50GB
992,,9,8,Yes (+ 50 JPY / Day),None (+ 0 JPY),,,[124 Days RENTAL] SoftBank 601HW [WHITE] Premium 50GB,1,,,,,,,,[124 Days RENTAL] SoftBank 601HW [WHITE] Premium 50GB,sl.jpg,*,sl.jpg,sl.jpg,,,,,,,,,,,,,,,,,,,,,,0,1,sl_123_bt,,1,,24650,26450,,5,,,,,,,,,,,,,,,,,17,SoftBank 601HW プレミアム50GB
993,,9,8,Yes (+ 50 JPY / Day),None (+ 0 JPY),,,[125 Days RENTAL] SoftBank 601HW [WHITE] Premium 50GB,1,,,,,,,,[125 Days RENTAL] SoftBank 601HW [WHITE] Premium 50GB,sl.jpg,*,sl.jpg,sl.jpg,,,,,,,,,,,,,,,,,,,,,,0,1,sl_124_bt,,1,,25200,27050,,5,,,,,,,,,,,,,,,,,17,SoftBank 601HW プレミアム50GB
994,,9,8,Yes (+ 50 JPY / Day),None (+ 0 JPY),,,[126 Days RENTAL] SoftBank 601HW [WHITE] Premium 50GB,1,,,,,,,,[126 Days RENTAL] SoftBank 601HW [WHITE] Premium 50GB,sl.jpg,*,sl.jpg,sl.jpg,,,,,,,,,,,,,,,,,,,,,,0,1,sl_125_bt,,1,,25500,27450,,5,,,,,,,,,,,,,,,,,17,SoftBank 601HW プレミアム50GB
995,,9,8,Yes (+ 50 JPY / Day),None (+ 0 JPY),,,[127 Days RENTAL] SoftBank 601HW [WHITE] Premium 50GB,1,,,,,,,,[127 Days RENTAL] SoftBank 601HW [WHITE] Premium 50GB,sl.jpg,*,sl.jpg,sl.jpg,,,,,,,,,,,,,,,,,,,,,,0,1,sl_126_bt,,1,,25500,27450,,5,,,,,,,,,,,,,,,,,17,SoftBank 601HW プレミアム50GB
996,,9,8,Yes (+ 50 JPY / Day),None (+ 0 JPY),,,[128 Days RENTAL] SoftBank 601HW [WHITE] Premium 50GB,1,,,,,,,,[128 Days RENTAL] SoftBank 601HW [WHITE] Premium 50GB,sl.jpg,*,sl.jpg,sl.jpg,,,,,,,,,,,,,,,,,,,,,,0,1,sl_127_bt,,1,,25500,27450,,5,,,,,,,,,,,,,,,,,17,SoftBank 601HW プレミアム50GB
997,,9,8,Yes (+ 50 JPY / Day),None (+ 0 JPY),,,[129 Days RENTAL] SoftBank 601HW [WHITE] Premium 50GB,1,,,,,,,,[129 Days RENTAL] SoftBank 601HW [WHITE] Premium 50GB,sl.jpg,*,sl.jpg,sl.jpg,,,,,,,,,,,,,,,,,,,,,,0,1,sl_128_bt,,1,,25500,27450,,5,,,,,,,,,,,,,,,,,17,SoftBank 601HW プレミアム50GB
998,,9,8,Yes (+ 50 JPY / Day),None (+ 0 JPY),,,[130 Days RENTAL] SoftBank 601HW [WHITE] Premium 50GB,1,,,,,,,,[130 Days RENTAL] SoftBank 601HW [WHITE] Premium 50GB,sl.jpg,*,sl.jpg,sl.jpg,,,,,,,,,,,,,,,,,,,,,,0,1,sl_129_bt,,1,,25500,27450,,5,,,,,,,,,,,,,,,,,17,SoftBank 601HW プレミアム50GB
999,,9,8,Yes (+ 50 JPY / Day),None (+ 0 JPY),,,[131 Days RENTAL] SoftBank 601HW [WHITE] Premium 50GB,1,,,,,,,,[131 Days RENTAL] SoftBank 601HW [WHITE] Premium 50GB,sl.jpg,*,sl.jpg,sl.jpg,,,,,,,,,,,,,,,,,,,,,,0,1,sl_130_bt,,1,,25500,27450,,5,,,,,,,,,,,,,,,,,17,SoftBank 601HW プレミアム50GB
1000,,9,8,Yes (+ 50 JPY / Day),None (+ 0 JPY),,,[132 Days RENTAL] SoftBank 601HW [WHITE] Premium 50GB,1,,,,,,,,[132 Days RENTAL] SoftBank 601HW [WHITE] Premium 50GB,sl.jpg,*,sl.jpg,sl.jpg,,,,,,,,,,,,,,,,,,,,,,0,1,sl_131_bt,,1,,25500,27450,,5,,,,,,,,,,,,,,,,,17,SoftBank 601HW プレミアム50GB
1001,,9,8,Yes (+ 50 JPY / Day),None (+ 0 JPY),,,[133 Days RENTAL] SoftBank 601HW [WHITE] Premium 50GB,1,,,,,,,,[133 Days RENTAL] SoftBank 601HW [WHITE] Premium 50GB,sl.jpg,*,sl.jpg,sl.jpg,,,,,,,,,,,,,,,,,,,,,,0,1,sl_132_bt,,1,,25500,27450,,5,,,,,,,,,,,,,,,,,17,SoftBank 601HW プレミアム50GB
1002,,9,8,Yes (+ 50 JPY / Day),None (+ 0 JPY),,,[134 Days RENTAL] SoftBank 601HW [WHITE] Premium 50GB,1,,,,,,,,[134 Days RENTAL] SoftBank 601HW [WHITE] Premium 50GB,sl.jpg,*,sl.jpg,sl.jpg,,,,,,,,,,,,,,,,,,,,,,0,1,sl_133_bt,,1,,25500,27450,,5,,,,,,,,,,,,,,,,,17,SoftBank 601HW プレミアム50GB
1003,,9,8,Yes (+ 50 JPY / Day),None (+ 0 JPY),,,[135 Days RENTAL] SoftBank 601HW [WHITE] Premium 50GB,1,,,,,,,,[135 Days RENTAL] SoftBank 601HW [WHITE] Premium 50GB,sl.jpg,*,sl.jpg,sl.jpg,,,,,,,,,,,,,,,,,,,,,,0,1,sl_134_bt,,1,,25500,27450,,5,,,,,,,,,,,,,,,,,17,SoftBank 601HW プレミアム50GB
1004,,9,8,Yes (+ 50 JPY / Day),None (+ 0 JPY),,,[136 Days RENTAL] SoftBank 601HW [WHITE] Premium 50GB,1,,,,,,,,[136 Days RENTAL] SoftBank 601HW [WHITE] Premium 50GB,sl.jpg,*,sl.jpg,sl.jpg,,,,,,,,,,,,,,,,,,,,,,0,1,sl_135_bt,,1,,25500,27450,,5,,,,,,,,,,,,,,,,,17,SoftBank 601HW プレミアム50GB
1005,,9,8,Yes (+ 50 JPY / Day),None (+ 0 JPY),,,[137 Days RENTAL] SoftBank 601HW [WHITE] Premium 50GB,1,,,,,,,,[137 Days RENTAL] SoftBank 601HW [WHITE] Premium 50GB,sl.jpg,*,sl.jpg,sl.jpg,,,,,,,,,,,,,,,,,,,,,,0,1,sl_136_bt,,1,,25500,27450,,5,,,,,,,,,,,,,,,,,17,SoftBank 601HW プレミアム50GB
1006,,9,8,Yes (+ 50 JPY / Day),None (+ 0 JPY),,,[138 Days RENTAL] SoftBank 601HW [WHITE] Premium 50GB,1,,,,,,,,[138 Days RENTAL] SoftBank 601HW [WHITE] Premium 50GB,sl.jpg,*,sl.jpg,sl.jpg,,,,,,,,,,,,,,,,,,,,,,0,1,sl_137_bt,,1,,25500,27450,,5,,,,,,,,,,,,,,,,,17,SoftBank 601HW プレミアム50GB
1007,,9,8,Yes (+ 50 JPY / Day),None (+ 0 JPY),,,[139 Days RENTAL] SoftBank 601HW [WHITE] Premium 50GB,1,,,,,,,,[139 Days RENTAL] SoftBank 601HW [WHITE] Premium 50GB,sl.jpg,*,sl.jpg,sl.jpg,,,,,,,,,,,,,,,,,,,,,,0,1,sl_138_bt,,1,,25500,27450,,5,,,,,,,,,,,,,,,,,17,SoftBank 601HW プレミアム50GB
1008,,9,8,Yes (+ 50 JPY / Day),None (+ 0 JPY),,,[140 Days RENTAL] SoftBank 601HW [WHITE] Premium 50GB,1,,,,,,,,[140 Days RENTAL] SoftBank 601HW [WHITE] Premium 50GB,sl.jpg,*,sl.jpg,sl.jpg,,,,,,,,,,,,,,,,,,,,,,0,1,sl_139_bt,,1,,25500,27450,,5,,,,,,,,,,,,,,,,,17,SoftBank 601HW プレミアム50GB
1009,,9,8,Yes (+ 50 JPY / Day),None (+ 0 JPY),,,[141 Days RENTAL] SoftBank 601HW [WHITE] Premium 50GB,1,,,,,,,,[141 Days RENTAL] SoftBank 601HW [WHITE] Premium 50GB,sl.jpg,*,sl.jpg,sl.jpg,,,,,,,,,,,,,,,,,,,,,,0,1,sl_140_bt,,1,,25500,27450,,5,,,,,,,,,,,,,,,,,17,SoftBank 601HW プレミアム50GB
1010,,9,8,Yes (+ 50 JPY / Day),None (+ 0 JPY),,,[142 Days RENTAL] SoftBank 601HW [WHITE] Premium 50GB,1,,,,,,,,[142 Days RENTAL] SoftBank 601HW [WHITE] Premium 50GB,sl.jpg,*,sl.jpg,sl.jpg,,,,,,,,,,,,,,,,,,,,,,0,1,sl_141_bt,,1,,25500,27450,,5,,,,,,,,,,,,,,,,,17,SoftBank 601HW プレミアム50GB
1011,,9,8,Yes (+ 50 JPY / Day),None (+ 0 JPY),,,[143 Days RENTAL] SoftBank 601HW [WHITE] Premium 50GB,1,,,,,,,,[143 Days RENTAL] SoftBank 601HW [WHITE] Premium 50GB,sl.jpg,*,sl.jpg,sl.jpg,,,,,,,,,,,,,,,,,,,,,,0,1,sl_142_bt,,1,,25500,27450,,5,,,,,,,,,,,,,,,,,17,SoftBank 601HW プレミアム50GB
1012,,9,8,Yes (+ 50 JPY / Day),None (+ 0 JPY),,,[144 Days RENTAL] SoftBank 601HW [WHITE] Premium 50GB,1,,,,,,,,[144 Days RENTAL] SoftBank 601HW [WHITE] Premium 50GB,sl.jpg,*,sl.jpg,sl.jpg,,,,,,,,,,,,,,,,,,,,,,0,1,sl_143_bt,,1,,25500,27450,,5,,,,,,,,,,,,,,,,,17,SoftBank 601HW プレミアム50GB
1013,,9,8,Yes (+ 50 JPY / Day),None (+ 0 JPY),,,[145 Days RENTAL] SoftBank 601HW [WHITE] Premium 50GB,1,,,,,,,,[145 Days RENTAL] SoftBank 601HW [WHITE] Premium 50GB,sl.jpg,*,sl.jpg,sl.jpg,,,,,,,,,,,,,,,,,,,,,,0,1,sl_144_bt,,1,,25500,27450,,5,,,,,,,,,,,,,,,,,17,SoftBank 601HW プレミアム50GB
1014,,9,8,Yes (+ 50 JPY / Day),None (+ 0 JPY),,,[146 Days RENTAL] SoftBank 601HW [WHITE] Premium 50GB,1,,,,,,,,[146 Days RENTAL] SoftBank 601HW [WHITE] Premium 50GB,sl.jpg,*,sl.jpg,sl.jpg,,,,,,,,,,,,,,,,,,,,,,0,1,sl_145_bt,,1,,25500,27450,,5,,,,,,,,,,,,,,,,,17,SoftBank 601HW プレミアム50GB
1015,,9,8,Yes (+ 50 JPY / Day),None (+ 0 JPY),,,[147 Days RENTAL] SoftBank 601HW [WHITE] Premium 50GB,1,,,,,,,,[147 Days RENTAL] SoftBank 601HW [WHITE] Premium 50GB,sl.jpg,*,sl.jpg,sl.jpg,,,,,,,,,,,,,,,,,,,,,,0,1,sl_146_bt,,1,,25500,27450,,5,,,,,,,,,,,,,,,,,17,SoftBank 601HW プレミアム50GB
1016,,9,8,Yes (+ 50 JPY / Day),None (+ 0 JPY),,,[148 Days RENTAL] SoftBank 601HW [WHITE] Premium 50GB,1,,,,,,,,[148 Days RENTAL] SoftBank 601HW [WHITE] Premium 50GB,sl.jpg,*,sl.jpg,sl.jpg,,,,,,,,,,,,,,,,,,,,,,0,1,sl_147_bt,,1,,25500,27450,,5,,,,,,,,,,,,,,,,,17,SoftBank 601HW プレミアム50GB
1017,,9,8,Yes (+ 50 JPY / Day),None (+ 0 JPY),,,[149 Days RENTAL] SoftBank 601HW [WHITE] Premium 50GB,1,,,,,,,,[149 Days RENTAL] SoftBank 601HW [WHITE] Premium 50GB,sl.jpg,*,sl.jpg,sl.jpg,,,,,,,,,,,,,,,,,,,,,,0,1,sl_148_bt,,1,,25500,27450,,5,,,,,,,,,,,,,,,,,17,SoftBank 601HW プレミアム50GB
1018,,9,8,Yes (+ 50 JPY / Day),None (+ 0 JPY),,,[150 Days RENTAL] SoftBank 601HW [WHITE] Premium 50GB,1,,,,,,,,[150 Days RENTAL] SoftBank 601HW [WHITE] Premium 50GB,sl.jpg,*,sl.jpg,sl.jpg,,,,,,,,,,,,,,,,,,,,,,0,1,sl_149_bt,,1,,25500,27450,,5,,,,,,,,,,,,,,,,,17,SoftBank 601HW プレミアム50GB
1019,,9,8,Yes (+ 50 JPY / Day),None (+ 0 JPY),,,[151 Days RENTAL] SoftBank 601HW [WHITE] Premium 50GB,1,,,,,,,,[151 Days RENTAL] SoftBank 601HW [WHITE] Premium 50GB,sl.jpg,*,sl.jpg,sl.jpg,,,,,,,,,,,,,,,,,,,,,,0,1,sl_150_bt,,1,,25500,27450,,5,,,,,,,,,,,,,,,,,17,SoftBank 601HW プレミアム50GB
1020,,9,8,Yes (+ 50 JPY / Day),None (+ 0 JPY),,,[152 Days RENTAL] SoftBank 601HW [WHITE] Premium 50GB,1,,,,,,,,[152 Days RENTAL] SoftBank 601HW [WHITE] Premium 50GB,sl.jpg,*,sl.jpg,sl.jpg,,,,,,,,,,,,,,,,,,,,,,0,1,sl_151_bt,,1,,26050,28050,,5,,,,,,,,,,,,,,,,,17,SoftBank 601HW プレミアム50GB
1021,,9,8,Yes (+ 50 JPY / Day),None (+ 0 JPY),,,[153 Days RENTAL] SoftBank 601HW [WHITE] Premium 50GB,1,,,,,,,,[153 Days RENTAL] SoftBank 601HW [WHITE] Premium 50GB,sl.jpg,*,sl.jpg,sl.jpg,,,,,,,,,,,,,,,,,,,,,,0,1,sl_152_bt,,1,,26600,28650,,5,,,,,,,,,,,,,,,,,17,SoftBank 601HW プレミアム50GB
1022,,9,8,Yes (+ 50 JPY / Day),None (+ 0 JPY),,,[154 Days RENTAL] SoftBank 601HW [WHITE] Premium 50GB,1,,,,,,,,[154 Days RENTAL] SoftBank 601HW [WHITE] Premium 50GB,sl.jpg,*,sl.jpg,sl.jpg,,,,,,,,,,,,,,,,,,,,,,0,1,sl_153_bt,,1,,27150,29250,,5,,,,,,,,,,,,,,,,,17,SoftBank 601HW プレミアム50GB
1023,,9,8,Yes (+ 50 JPY / Day),None (+ 0 JPY),,,[155 Days RENTAL] SoftBank 601HW [WHITE] Premium 50GB,1,,,,,,,,[155 Days RENTAL] SoftBank 601HW [WHITE] Premium 50GB,sl.jpg,*,sl.jpg,sl.jpg,,,,,,,,,,,,,,,,,,,,,,0,1,sl_154_bt,,1,,27700,29850,,5,,,,,,,,,,,,,,,,,17,SoftBank 601HW プレミアム50GB
1024,,9,8,Yes (+ 50 JPY / Day),None (+ 0 JPY),,,[156 Days RENTAL] SoftBank 601HW [WHITE] Premium 50GB,1,,,,,,,,[156 Days RENTAL] SoftBank 601HW [WHITE] Premium 50GB,sl.jpg,*,sl.jpg,sl.jpg,,,,,,,,,,,,,,,,,,,,,,0,1,sl_155_bt,,1,,28000,30250,,5,,,,,,,,,,,,,,,,,17,SoftBank 601HW プレミアム50GB
1025,,9,8,Yes (+ 50 JPY / Day),None (+ 0 JPY),,,[157 Days RENTAL] SoftBank 601HW [WHITE] Premium 50GB,1,,,,,,,,[157 Days RENTAL] SoftBank 601HW [WHITE] Premium 50GB,sl.jpg,*,sl.jpg,sl.jpg,,,,,,,,,,,,,,,,,,,,,,0,1,sl_156_bt,,1,,28000,30250,,5,,,,,,,,,,,,,,,,,17,SoftBank 601HW プレミアム50GB
1026,,9,8,Yes (+ 50 JPY / Day),None (+ 0 JPY),,,[158 Days RENTAL] SoftBank 601HW [WHITE] Premium 50GB,1,,,,,,,,[158 Days RENTAL] SoftBank 601HW [WHITE] Premium 50GB,sl.jpg,*,sl.jpg,sl.jpg,,,,,,,,,,,,,,,,,,,,,,0,1,sl_157_bt,,1,,28000,30250,,5,,,,,,,,,,,,,,,,,17,SoftBank 601HW プレミアム50GB
1027,,9,8,Yes (+ 50 JPY / Day),None (+ 0 JPY),,,[159 Days RENTAL] SoftBank 601HW [WHITE] Premium 50GB,1,,,,,,,,[159 Days RENTAL] SoftBank 601HW [WHITE] Premium 50GB,sl.jpg,*,sl.jpg,sl.jpg,,,,,,,,,,,,,,,,,,,,,,0,1,sl_158_bt,,1,,28000,30250,,5,,,,,,,,,,,,,,,,,17,SoftBank 601HW プレミアム50GB
1028,,9,8,Yes (+ 50 JPY / Day),None (+ 0 JPY),,,[160 Days RENTAL] SoftBank 601HW [WHITE] Premium 50GB,1,,,,,,,,[160 Days RENTAL] SoftBank 601HW [WHITE] Premium 50GB,sl.jpg,*,sl.jpg,sl.jpg,,,,,,,,,,,,,,,,,,,,,,0,1,sl_159_bt,,1,,28000,30250,,5,,,,,,,,,,,,,,,,,17,SoftBank 601HW プレミアム50GB
1029,,9,8,Yes (+ 50 JPY / Day),None (+ 0 JPY),,,[161 Days RENTAL] SoftBank 601HW [WHITE] Premium 50GB,1,,,,,,,,[161 Days RENTAL] SoftBank 601HW [WHITE] Premium 50GB,sl.jpg,*,sl.jpg,sl.jpg,,,,,,,,,,,,,,,,,,,,,,0,1,sl_160_bt,,1,,28000,30250,,5,,,,,,,,,,,,,,,,,17,SoftBank 601HW プレミアム50GB
1030,,9,8,Yes (+ 50 JPY / Day),None (+ 0 JPY),,,[162 Days RENTAL] SoftBank 601HW [WHITE] Premium 50GB,1,,,,,,,,[162 Days RENTAL] SoftBank 601HW [WHITE] Premium 50GB,sl.jpg,*,sl.jpg,sl.jpg,,,,,,,,,,,,,,,,,,,,,,0,1,sl_161_bt,,1,,28000,30250,,5,,,,,,,,,,,,,,,,,17,SoftBank 601HW プレミアム50GB
1031,,9,8,Yes (+ 50 JPY / Day),None (+ 0 JPY),,,[163 Days RENTAL] SoftBank 601HW [WHITE] Premium 50GB,1,,,,,,,,[163 Days RENTAL] SoftBank 601HW [WHITE] Premium 50GB,sl.jpg,*,sl.jpg,sl.jpg,,,,,,,,,,,,,,,,,,,,,,0,1,sl_162_bt,,1,,28000,30250,,5,,,,,,,,,,,,,,,,,17,SoftBank 601HW プレミアム50GB
1032,,9,8,Yes (+ 50 JPY / Day),None (+ 0 JPY),,,[164 Days RENTAL] SoftBank 601HW [WHITE] Premium 50GB,1,,,,,,,,[164 Days RENTAL] SoftBank 601HW [WHITE] Premium 50GB,sl.jpg,*,sl.jpg,sl.jpg,,,,,,,,,,,,,,,,,,,,,,0,1,sl_163_bt,,1,,28000,30250,,5,,,,,,,,,,,,,,,,,17,SoftBank 601HW プレミアム50GB
1033,,9,8,Yes (+ 50 JPY / Day),None (+ 0 JPY),,,[165 Days RENTAL] SoftBank 601HW [WHITE] Premium 50GB,1,,,,,,,,[165 Days RENTAL] SoftBank 601HW [WHITE] Premium 50GB,sl.jpg,*,sl.jpg,sl.jpg,,,,,,,,,,,,,,,,,,,,,,0,1,sl_164_bt,,1,,28000,30250,,5,,,,,,,,,,,,,,,,,17,SoftBank 601HW プレミアム50GB
1034,,9,8,Yes (+ 50 JPY / Day),None (+ 0 JPY),,,[166 Days RENTAL] SoftBank 601HW [WHITE] Premium 50GB,1,,,,,,,,[166 Days RENTAL] SoftBank 601HW [WHITE] Premium 50GB,sl.jpg,*,sl.jpg,sl.jpg,,,,,,,,,,,,,,,,,,,,,,0,1,sl_165_bt,,1,,28000,30250,,5,,,,,,,,,,,,,,,,,17,SoftBank 601HW プレミアム50GB
1035,,9,8,Yes (+ 50 JPY / Day),None (+ 0 JPY),,,[167 Days RENTAL] SoftBank 601HW [WHITE] Premium 50GB,1,,,,,,,,[167 Days RENTAL] SoftBank 601HW [WHITE] Premium 50GB,sl.jpg,*,sl.jpg,sl.jpg,,,,,,,,,,,,,,,,,,,,,,0,1,sl_166_bt,,1,,28000,30250,,5,,,,,,,,,,,,,,,,,17,SoftBank 601HW プレミアム50GB
1036,,9,8,Yes (+ 50 JPY / Day),None (+ 0 JPY),,,[168 Days RENTAL] SoftBank 601HW [WHITE] Premium 50GB,1,,,,,,,,[168 Days RENTAL] SoftBank 601HW [WHITE] Premium 50GB,sl.jpg,*,sl.jpg,sl.jpg,,,,,,,,,,,,,,,,,,,,,,0,1,sl_167_bt,,1,,28000,30250,,5,,,,,,,,,,,,,,,,,17,SoftBank 601HW プレミアム50GB
1037,,9,8,Yes (+ 50 JPY / Day),None (+ 0 JPY),,,[169 Days RENTAL] SoftBank 601HW [WHITE] Premium 50GB,1,,,,,,,,[169 Days RENTAL] SoftBank 601HW [WHITE] Premium 50GB,sl.jpg,*,sl.jpg,sl.jpg,,,,,,,,,,,,,,,,,,,,,,0,1,sl_168_bt,,1,,28000,30250,,5,,,,,,,,,,,,,,,,,17,SoftBank 601HW プレミアム50GB
1038,,9,8,Yes (+ 50 JPY / Day),None (+ 0 JPY),,,[170 Days RENTAL] SoftBank 601HW [WHITE] Premium 50GB,1,,,,,,,,[170 Days RENTAL] SoftBank 601HW [WHITE] Premium 50GB,sl.jpg,*,sl.jpg,sl.jpg,,,,,,,,,,,,,,,,,,,,,,0,1,sl_169_bt,,1,,28000,30250,,5,,,,,,,,,,,,,,,,,17,SoftBank 601HW プレミアム50GB
1039,,9,8,Yes (+ 50 JPY / Day),None (+ 0 JPY),,,[171 Days RENTAL] SoftBank 601HW [WHITE] Premium 50GB,1,,,,,,,,[171 Days RENTAL] SoftBank 601HW [WHITE] Premium 50GB,sl.jpg,*,sl.jpg,sl.jpg,,,,,,,,,,,,,,,,,,,,,,0,1,sl_170_bt,,1,,28000,30250,,5,,,,,,,,,,,,,,,,,17,SoftBank 601HW プレミアム50GB
1040,,9,8,Yes (+ 50 JPY / Day),None (+ 0 JPY),,,[172 Days RENTAL] SoftBank 601HW [WHITE] Premium 50GB,1,,,,,,,,[172 Days RENTAL] SoftBank 601HW [WHITE] Premium 50GB,sl.jpg,*,sl.jpg,sl.jpg,,,,,,,,,,,,,,,,,,,,,,0,1,sl_171_bt,,1,,28000,30250,,5,,,,,,,,,,,,,,,,,17,SoftBank 601HW プレミアム50GB
1041,,9,8,Yes (+ 50 JPY / Day),None (+ 0 JPY),,,[173 Days RENTAL] SoftBank 601HW [WHITE] Premium 50GB,1,,,,,,,,[173 Days RENTAL] SoftBank 601HW [WHITE] Premium 50GB,sl.jpg,*,sl.jpg,sl.jpg,,,,,,,,,,,,,,,,,,,,,,0,1,sl_172_bt,,1,,28000,30250,,5,,,,,,,,,,,,,,,,,17,SoftBank 601HW プレミアム50GB
1042,,9,8,Yes (+ 50 JPY / Day),None (+ 0 JPY),,,[174 Days RENTAL] SoftBank 601HW [WHITE] Premium 50GB,1,,,,,,,,[174 Days RENTAL] SoftBank 601HW [WHITE] Premium 50GB,sl.jpg,*,sl.jpg,sl.jpg,,,,,,,,,,,,,,,,,,,,,,0,1,sl_173_bt,,1,,28000,30250,,5,,,,,,,,,,,,,,,,,17,SoftBank 601HW プレミアム50GB
1043,,9,8,Yes (+ 50 JPY / Day),None (+ 0 JPY),,,[175 Days RENTAL] SoftBank 601HW [WHITE] Premium 50GB,1,,,,,,,,[175 Days RENTAL] SoftBank 601HW [WHITE] Premium 50GB,sl.jpg,*,sl.jpg,sl.jpg,,,,,,,,,,,,,,,,,,,,,,0,1,sl_174_bt,,1,,28000,30250,,5,,,,,,,,,,,,,,,,,17,SoftBank 601HW プレミアム50GB
1044,,9,8,Yes (+ 50 JPY / Day),None (+ 0 JPY),,,[176 Days RENTAL] SoftBank 601HW [WHITE] Premium 50GB,1,,,,,,,,[176 Days RENTAL] SoftBank 601HW [WHITE] Premium 50GB,sl.jpg,*,sl.jpg,sl.jpg,,,,,,,,,,,,,,,,,,,,,,0,1,sl_175_bt,,1,,28000,30250,,5,,,,,,,,,,,,,,,,,17,SoftBank 601HW プレミアム50GB
1045,,9,8,Yes (+ 50 JPY / Day),None (+ 0 JPY),,,[177 Days RENTAL] SoftBank 601HW [WHITE] Premium 50GB,1,,,,,,,,[177 Days RENTAL] SoftBank 601HW [WHITE] Premium 50GB,sl.jpg,*,sl.jpg,sl.jpg,,,,,,,,,,,,,,,,,,,,,,0,1,sl_176_bt,,1,,28000,30250,,5,,,,,,,,,,,,,,,,,17,SoftBank 601HW プレミアム50GB
1046,,9,8,Yes (+ 50 JPY / Day),None (+ 0 JPY),,,[178 Days RENTAL] SoftBank 601HW [WHITE] Premium 50GB,1,,,,,,,,[178 Days RENTAL] SoftBank 601HW [WHITE] Premium 50GB,sl.jpg,*,sl.jpg,sl.jpg,,,,,,,,,,,,,,,,,,,,,,0,1,sl_177_bt,,1,,28000,30250,,5,,,,,,,,,,,,,,,,,17,SoftBank 601HW プレミアム50GB
1047,,9,8,Yes (+ 50 JPY / Day),None (+ 0 JPY),,,[179 Days RENTAL] SoftBank 601HW [WHITE] Premium 50GB,1,,,,,,,,[179 Days RENTAL] SoftBank 601HW [WHITE] Premium 50GB,sl.jpg,*,sl.jpg,sl.jpg,,,,,,,,,,,,,,,,,,,,,,0,1,sl_178_bt,,1,,28000,30250,,5,,,,,,,,,,,,,,,,,17,SoftBank 601HW プレミアム50GB
1048,,9,8,Yes (+ 50 JPY / Day),None (+ 0 JPY),,,[180 Days RENTAL] SoftBank 601HW [WHITE] Premium 50GB,1,,,,,,,,[180 Days RENTAL] SoftBank 601HW [WHITE] Premium 50GB,sl.jpg,*,sl.jpg,sl.jpg,,,,,,,,,,,,,,,,,,,,,,0,1,sl_179_bt,,1,,28000,30250,,5,,,,,,,,,,,,,,,,,17,SoftBank 601HW プレミアム50GB
1049,,9,8,Yes (+ 50 JPY / Day),None (+ 0 JPY),,,[181 Days RENTAL] SoftBank 601HW [WHITE] Premium 50GB,1,,,,,,,,[181 Days RENTAL] SoftBank 601HW [WHITE] Premium 50GB,sl.jpg,*,sl.jpg,sl.jpg,,,,,,,,,,,,,,,,,,,,,,0,1,sl_180_bt,,1,,28000,30250,,5,,,,,,,,,,,,,,,,,17,SoftBank 601HW プレミアム50GB
1050,,9,8,Yes (+ 50 JPY / Day),None (+ 0 JPY),,,[182 Days RENTAL] SoftBank 601HW [WHITE] Premium 50GB,1,,,,,,,,[182 Days RENTAL] SoftBank 601HW [WHITE] Premium 50GB,sl.jpg,*,sl.jpg,sl.jpg,,,,,,,,,,,,,,,,,,,,,,0,1,sl_181_bt,,1,,28550,30850,,5,,,,,,,,,,,,,,,,,17,SoftBank 601HW プレミアム50GB
1051,,9,8,Yes (+ 50 JPY / Day),None (+ 0 JPY),,,[183 Days RENTAL] SoftBank 601HW [WHITE] Premium 50GB,1,,,,,,,,[183 Days RENTAL] SoftBank 601HW [WHITE] Premium 50GB,sl.jpg,*,sl.jpg,sl.jpg,,,,,,,,,,,,,,,,,,,,,,0,1,sl_182_bt,,1,,29100,31450,,5,,,,,,,,,,,,,,,,,17,SoftBank 601HW プレミアム50GB
1052,,9,8,Yes (+ 50 JPY / Day),None (+ 0 JPY),,,[184 Days RENTAL] SoftBank 601HW [WHITE] Premium 50GB,1,,,,,,,,[184 Days RENTAL] SoftBank 601HW [WHITE] Premium 50GB,sl.jpg,*,sl.jpg,sl.jpg,,,,,,,,,,,,,,,,,,,,,,0,1,sl_183_bt,,1,,29650,32050,,5,,,,,,,,,,,,,,,,,17,SoftBank 601HW プレミアム50GB
1053,,9,8,Yes (+ 50 JPY / Day),None (+ 0 JPY),,,[185 Days RENTAL] SoftBank 601HW [WHITE] Premium 50GB,1,,,,,,,,[185 Days RENTAL] SoftBank 601HW [WHITE] Premium 50GB,sl.jpg,*,sl.jpg,sl.jpg,,,,,,,,,,,,,,,,,,,,,,0,1,sl_184_bt,,1,,30200,32650,,5,,,,,,,,,,,,,,,,,17,SoftBank 601HW プレミアム50GB
1054,,9,8,Yes (+ 50 JPY / Day),None (+ 0 JPY),,,[186 Days RENTAL] SoftBank 601HW [WHITE] Premium 50GB,1,,,,,,,,[186 Days RENTAL] SoftBank 601HW [WHITE] Premium 50GB,sl.jpg,*,sl.jpg,sl.jpg,,,,,,,,,,,,,,,,,,,,,,0,1,sl_185_bt,,1,,30750,33250,,5,,,,,,,,,,,,,,,,,17,SoftBank 601HW プレミアム50GB
1055,,9,8,Yes (+ 50 JPY / Day),None (+ 0 JPY),,,[187 Days RENTAL] SoftBank 601HW [WHITE] Premium 50GB,1,,,,,,,,[187 Days RENTAL] SoftBank 601HW [WHITE] Premium 50GB,sl.jpg,*,sl.jpg,sl.jpg,,,,,,,,,,,,,,,,,,,,,,0,1,sl_186_bt,,1,,31300,33850,,5,,,,,,,,,,,,,,,,,17,SoftBank 601HW プレミアム50GB
1056,,9,8,Yes (+ 50 JPY / Day),None (+ 0 JPY),,,[188 Days RENTAL] SoftBank 601HW [WHITE] Premium 50GB,1,,,,,,,,[188 Days RENTAL] SoftBank 601HW [WHITE] Premium 50GB,sl.jpg,*,sl.jpg,sl.jpg,,,,,,,,,,,,,,,,,,,,,,0,1,sl_187_bt,,1,,31850,34450,,5,,,,,,,,,,,,,,,,,17,SoftBank 601HW プレミアム50GB
1057,,9,8,Yes (+ 50 JPY / Day),None (+ 0 JPY),,,[189 Days RENTAL] SoftBank 601HW [WHITE] Premium 50GB,1,,,,,,,,[189 Days RENTAL] SoftBank 601HW [WHITE] Premium 50GB,sl.jpg,*,sl.jpg,sl.jpg,,,,,,,,,,,,,,,,,,,,,,0,1,sl_188_bt,,1,,32400,35050,,5,,,,,,,,,,,,,,,,,17,SoftBank 601HW プレミアム50GB
1058,,9,8,Yes (+ 50 JPY / Day),None (+ 0 JPY),,,[190 Days RENTAL] SoftBank 601HW [WHITE] Premium 50GB,1,,,,,,,,[190 Days RENTAL] SoftBank 601HW [WHITE] Premium 50GB,sl.jpg,*,sl.jpg,sl.jpg,,,,,,,,,,,,,,,,,,,,,,0,1,sl_189_bt,,1,,32950,35650,,5,,,,,,,,,,,,,,,,,17,SoftBank 601HW プレミアム50GB
1059,,9,8,Yes (+ 50 JPY / Day),None (+ 0 JPY),,,[191 Days RENTAL] SoftBank 601HW [WHITE] Premium 50GB,1,,,,,,,,[191 Days RENTAL] SoftBank 601HW [WHITE] Premium 50GB,sl.jpg,*,sl.jpg,sl.jpg,,,,,,,,,,,,,,,,,,,,,,0,1,sl_190_bt,,1,,33500,36250,,5,,,,,,,,,,,,,,,,,17,SoftBank 601HW プレミアム50GB
1060,,9,8,Yes (+ 50 JPY / Day),None (+ 0 JPY),,,[192 Days RENTAL] SoftBank 601HW [WHITE] Premium 50GB,1,,,,,,,,[192 Days RENTAL] SoftBank 601HW [WHITE] Premium 50GB,sl.jpg,*,sl.jpg,sl.jpg,,,,,,,,,,,,,,,,,,,,,,0,1,sl_191_bt,,1,,34050,36850,,5,,,,,,,,,,,,,,,,,17,SoftBank 601HW プレミアム50GB
1061,,9,8,Yes (+ 50 JPY / Day),None (+ 0 JPY),,,[193 Days RENTAL] SoftBank 601HW [WHITE] Premium 50GB,1,,,,,,,,[193 Days RENTAL] SoftBank 601HW [WHITE] Premium 50GB,sl.jpg,*,sl.jpg,sl.jpg,,,,,,,,,,,,,,,,,,,,,,0,1,sl_192_bt,,1,,34600,37450,,5,,,,,,,,,,,,,,,,,17,SoftBank 601HW プレミアム50GB
1062,,9,8,Yes (+ 50 JPY / Day),None (+ 0 JPY),,,[194 Days RENTAL] SoftBank 601HW [WHITE] Premium 50GB,1,,,,,,,,[194 Days RENTAL] SoftBank 601HW [WHITE] Premium 50GB,sl.jpg,*,sl.jpg,sl.jpg,,,,,,,,,,,,,,,,,,,,,,0,1,sl_193_bt,,1,,35150,38050,,5,,,,,,,,,,,,,,,,,17,SoftBank 601HW プレミアム50GB
1063,,9,8,Yes (+ 50 JPY / Day),None (+ 0 JPY),,,[195 Days RENTAL] SoftBank 601HW [WHITE] Premium 50GB,1,,,,,,,,[195 Days RENTAL] SoftBank 601HW [WHITE] Premium 50GB,sl.jpg,*,sl.jpg,sl.jpg,,,,,,,,,,,,,,,,,,,,,,0,1,sl_194_bt,,1,,35700,38650,,5,,,,,,,,,,,,,,,,,17,SoftBank 601HW プレミアム50GB
1064,,9,8,Yes (+ 50 JPY / Day),None (+ 0 JPY),,,[196 Days RENTAL] SoftBank 601HW [WHITE] Premium 50GB,1,,,,,,,,[196 Days RENTAL] SoftBank 601HW [WHITE] Premium 50GB,sl.jpg,*,sl.jpg,sl.jpg,,,,,,,,,,,,,,,,,,,,,,0,1,sl_195_bt,,1,,36250,39250,,5,,,,,,,,,,,,,,,,,17,SoftBank 601HW プレミアム50GB
1065,,9,8,Yes (+ 50 JPY / Day),None (+ 0 JPY),,,[197 Days RENTAL] SoftBank 601HW [WHITE] Premium 50GB,1,,,,,,,,[197 Days RENTAL] SoftBank 601HW [WHITE] Premium 50GB,sl.jpg,*,sl.jpg,sl.jpg,,,,,,,,,,,,,,,,,,,,,,0,1,sl_196_bt,,1,,36250,39250,,5,,,,,,,,,,,,,,,,,17,SoftBank 601HW プレミアム50GB
1066,,9,8,Yes (+ 50 JPY / Day),None (+ 0 JPY),,,[198 Days RENTAL] SoftBank 601HW [WHITE] Premium 50GB,1,,,,,,,,[198 Days RENTAL] SoftBank 601HW [WHITE] Premium 50GB,sl.jpg,*,sl.jpg,sl.jpg,,,,,,,,,,,,,,,,,,,,,,0,1,sl_197_bt,,1,,36250,39250,,5,,,,,,,,,,,,,,,,,17,SoftBank 601HW プレミアム50GB
1067,,9,8,Yes (+ 50 JPY / Day),None (+ 0 JPY),,,[199 Days RENTAL] SoftBank 601HW [WHITE] Premium 50GB,1,,,,,,,,[199 Days RENTAL] SoftBank 601HW [WHITE] Premium 50GB,sl.jpg,*,sl.jpg,sl.jpg,,,,,,,,,,,,,,,,,,,,,,0,1,sl_198_bt,,1,,36250,39250,,5,,,,,,,,,,,,,,,,,17,SoftBank 601HW プレミアム50GB
1068,,9,8,Yes (+ 50 JPY / Day),None (+ 0 JPY),,,[200 Days RENTAL] SoftBank 601HW [WHITE] Premium 50GB,1,,,,,,,,[200 Days RENTAL] SoftBank 601HW [WHITE] Premium 50GB,sl.jpg,*,sl.jpg,sl.jpg,,,,,,,,,,,,,,,,,,,,,,0,1,sl_199_bt,,1,,36250,39250,,5,,,,,,,,,,,,,,,,,17,SoftBank 601HW プレミアム50GB
1069,,9,8,Yes (+ 50 JPY / Day),None (+ 0 JPY),,,[201 Days RENTAL] SoftBank 601HW [WHITE] Premium 50GB,1,,,,,,,,[201 Days RENTAL] SoftBank 601HW [WHITE] Premium 50GB,sl.jpg,*,sl.jpg,sl.jpg,,,,,,,,,,,,,,,,,,,,,,0,1,sl_200_bt,,1,,36250,39250,,5,,,,,,,,,,,,,,,,,17,SoftBank 601HW プレミアム50GB
1070,,9,8,Yes (+ 50 JPY / Day),None (+ 0 JPY),,,[202 Days RENTAL] SoftBank 601HW [WHITE] Premium 50GB,1,,,,,,,,[202 Days RENTAL] SoftBank 601HW [WHITE] Premium 50GB,sl.jpg,*,sl.jpg,sl.jpg,,,,,,,,,,,,,,,,,,,,,,0,1,sl_201_bt,,1,,36250,39250,,5,,,,,,,,,,,,,,,,,17,SoftBank 601HW プレミアム50GB
1071,,9,8,Yes (+ 50 JPY / Day),None (+ 0 JPY),,,[203 Days RENTAL] SoftBank 601HW [WHITE] Premium 50GB,1,,,,,,,,[203 Days RENTAL] SoftBank 601HW [WHITE] Premium 50GB,sl.jpg,*,sl.jpg,sl.jpg,,,,,,,,,,,,,,,,,,,,,,0,1,sl_202_bt,,1,,36250,39250,,5,,,,,,,,,,,,,,,,,17,SoftBank 601HW プレミアム50GB
1072,,9,8,Yes (+ 50 JPY / Day),None (+ 0 JPY),,,[204 Days RENTAL] SoftBank 601HW [WHITE] Premium 50GB,1,,,,,,,,[204 Days RENTAL] SoftBank 601HW [WHITE] Premium 50GB,sl.jpg,*,sl.jpg,sl.jpg,,,,,,,,,,,,,,,,,,,,,,0,1,sl_203_bt,,1,,36250,39250,,5,,,,,,,,,,,,,,,,,17,SoftBank 601HW プレミアム50GB
1073,,9,8,Yes (+ 50 JPY / Day),None (+ 0 JPY),,,[205 Days RENTAL] SoftBank 601HW [WHITE] Premium 50GB,1,,,,,,,,[205 Days RENTAL] SoftBank 601HW [WHITE] Premium 50GB,sl.jpg,*,sl.jpg,sl.jpg,,,,,,,,,,,,,,,,,,,,,,0,1,sl_204_bt,,1,,36250,39250,,5,,,,,,,,,,,,,,,,,17,SoftBank 601HW プレミアム50GB
1074,,9,8,Yes (+ 50 JPY / Day),None (+ 0 JPY),,,[206 Days RENTAL] SoftBank 601HW [WHITE] Premium 50GB,1,,,,,,,,[206 Days RENTAL] SoftBank 601HW [WHITE] Premium 50GB,sl.jpg,*,sl.jpg,sl.jpg,,,,,,,,,,,,,,,,,,,,,,0,1,sl_205_bt,,1,,36250,39250,,5,,,,,,,,,,,,,,,,,17,SoftBank 601HW プレミアム50GB
1075,,9,8,Yes (+ 50 JPY / Day),None (+ 0 JPY),,,[207 Days RENTAL] SoftBank 601HW [WHITE] Premium 50GB,1,,,,,,,,[207 Days RENTAL] SoftBank 601HW [WHITE] Premium 50GB,sl.jpg,*,sl.jpg,sl.jpg,,,,,,,,,,,,,,,,,,,,,,0,1,sl_206_bt,,1,,36250,39250,,5,,,,,,,,,,,,,,,,,17,SoftBank 601HW プレミアム50GB
1076,,9,8,Yes (+ 50 JPY / Day),None (+ 0 JPY),,,[208 Days RENTAL] SoftBank 601HW [WHITE] Premium 50GB,1,,,,,,,,[208 Days RENTAL] SoftBank 601HW [WHITE] Premium 50GB,sl.jpg,*,sl.jpg,sl.jpg,,,,,,,,,,,,,,,,,,,,,,0,1,sl_207_bt,,1,,36250,39250,,5,,,,,,,,,,,,,,,,,17,SoftBank 601HW プレミアム50GB
1077,,9,8,Yes (+ 50 JPY / Day),None (+ 0 JPY),,,[209 Days RENTAL] SoftBank 601HW [WHITE] Premium 50GB,1,,,,,,,,[209 Days RENTAL] SoftBank 601HW [WHITE] Premium 50GB,sl.jpg,*,sl.jpg,sl.jpg,,,,,,,,,,,,,,,,,,,,,,0,1,sl_208_bt,,1,,36250,39250,,5,,,,,,,,,,,,,,,,,17,SoftBank 601HW プレミアム50GB
1078,,9,8,Yes (+ 50 JPY / Day),None (+ 0 JPY),,,[210 Days RENTAL] SoftBank 601HW [WHITE] Premium 50GB,1,,,,,,,,[210 Days RENTAL] SoftBank 601HW [WHITE] Premium 50GB,sl.jpg,*,sl.jpg,sl.jpg,,,,,,,,,,,,,,,,,,,,,,0,1,sl_209_bt,,1,,36250,39250,,5,,,,,,,,,,,,,,,,,17,SoftBank 601HW プレミアム50GB
1079,,9,8,Yes (+ 50 JPY / Day),None (+ 0 JPY),,,[211 Days RENTAL] SoftBank 601HW [WHITE] Premium 50GB,1,,,,,,,,[211 Days RENTAL] SoftBank 601HW [WHITE] Premium 50GB,sl.jpg,*,sl.jpg,sl.jpg,,,,,,,,,,,,,,,,,,,,,,0,1,sl_210_bt,,1,,36250,39250,,5,,,,,,,,,,,,,,,,,17,SoftBank 601HW プレミアム50GB
1080,,9,8,Yes (+ 50 JPY / Day),None (+ 0 JPY),,,[212 Days RENTAL] SoftBank 601HW [WHITE] Premium 50GB,1,,,,,,,,[212 Days RENTAL] SoftBank 601HW [WHITE] Premium 50GB,sl.jpg,*,sl.jpg,sl.jpg,,,,,,,,,,,,,,,,,,,,,,0,1,sl_211_bt,,1,,36250,39250,,5,,,,,,,,,,,,,,,,,17,SoftBank 601HW プレミアム50GB
1081,,9,8,Yes (+ 50 JPY / Day),None (+ 0 JPY),,,[213 Days RENTAL] SoftBank 601HW [WHITE] Premium 50GB,1,,,,,,,,[213 Days RENTAL] SoftBank 601HW [WHITE] Premium 50GB,sl.jpg,*,sl.jpg,sl.jpg,,,,,,,,,,,,,,,,,,,,,,0,1,sl_212_bt,,1,,36800,39850,,5,,,,,,,,,,,,,,,,,17,SoftBank 601HW プレミアム50GB
1082,,9,8,Yes (+ 50 JPY / Day),None (+ 0 JPY),,,[214 Days RENTAL] SoftBank 601HW [WHITE] Premium 50GB,1,,,,,,,,[214 Days RENTAL] SoftBank 601HW [WHITE] Premium 50GB,sl.jpg,*,sl.jpg,sl.jpg,,,,,,,,,,,,,,,,,,,,,,0,1,sl_213_bt,,1,,37350,40450,,5,,,,,,,,,,,,,,,,,17,SoftBank 601HW プレミアム50GB
1083,,9,8,Yes (+ 50 JPY / Day),None (+ 0 JPY),,,[215 Days RENTAL] SoftBank 601HW [WHITE] Premium 50GB,1,,,,,,,,[215 Days RENTAL] SoftBank 601HW [WHITE] Premium 50GB,sl.jpg,*,sl.jpg,sl.jpg,,,,,,,,,,,,,,,,,,,,,,0,1,sl_214_bt,,1,,37900,41050,,5,,,,,,,,,,,,,,,,,17,SoftBank 601HW プレミアム50GB
1084,,9,8,Yes (+ 50 JPY / Day),None (+ 0 JPY),,,[216 Days RENTAL] SoftBank 601HW [WHITE] Premium 50GB,1,,,,,,,,[216 Days RENTAL] SoftBank 601HW [WHITE] Premium 50GB,sl.jpg,*,sl.jpg,sl.jpg,,,,,,,,,,,,,,,,,,,,,,0,1,sl_215_bt,,1,,38450,41650,,5,,,,,,,,,,,,,,,,,17,SoftBank 601HW プレミアム50GB
1085,,9,8,Yes (+ 50 JPY / Day),None (+ 0 JPY),,,[217 Days RENTAL] SoftBank 601HW [WHITE] Premium 50GB,1,,,,,,,,[217 Days RENTAL] SoftBank 601HW [WHITE] Premium 50GB,sl.jpg,*,sl.jpg,sl.jpg,,,,,,,,,,,,,,,,,,,,,,0,1,sl_216_bt,,1,,39000,42250,,5,,,,,,,,,,,,,,,,,17,SoftBank 601HW プレミアム50GB
1086,,9,8,Yes (+ 50 JPY / Day),None (+ 0 JPY),,,[218 Days RENTAL] SoftBank 601HW [WHITE] Premium 50GB,1,,,,,,,,[218 Days RENTAL] SoftBank 601HW [WHITE] Premium 50GB,sl.jpg,*,sl.jpg,sl.jpg,,,,,,,,,,,,,,,,,,,,,,0,1,sl_217_bt,,1,,39550,42850,,5,,,,,,,,,,,,,,,,,17,SoftBank 601HW プレミアム50GB
1087,,9,8,Yes (+ 50 JPY / Day),None (+ 0 JPY),,,[219 Days RENTAL] SoftBank 601HW [WHITE] Premium 50GB,1,,,,,,,,[219 Days RENTAL] SoftBank 601HW [WHITE] Premium 50GB,sl.jpg,*,sl.jpg,sl.jpg,,,,,,,,,,,,,,,,,,,,,,0,1,sl_218_bt,,1,,40100,43450,,5,,,,,,,,,,,,,,,,,17,SoftBank 601HW プレミアム50GB
1088,,9,8,Yes (+ 50 JPY / Day),None (+ 0 JPY),,,[220 Days RENTAL] SoftBank 601HW [WHITE] Premium 50GB,1,,,,,,,,[220 Days RENTAL] SoftBank 601HW [WHITE] Premium 50GB,sl.jpg,*,sl.jpg,sl.jpg,,,,,,,,,,,,,,,,,,,,,,0,1,sl_219_bt,,1,,40650,44050,,5,,,,,,,,,,,,,,,,,17,SoftBank 601HW プレミアム50GB
1089,,9,8,Yes (+ 50 JPY / Day),None (+ 0 JPY),,,[221 Days RENTAL] SoftBank 601HW [WHITE] Premium 50GB,1,,,,,,,,[221 Days RENTAL] SoftBank 601HW [WHITE] Premium 50GB,sl.jpg,*,sl.jpg,sl.jpg,,,,,,,,,,,,,,,,,,,,,,0,1,sl_220_bt,,1,,41200,44650,,5,,,,,,,,,,,,,,,,,17,SoftBank 601HW プレミアム50GB
1090,,9,8,Yes (+ 50 JPY / Day),None (+ 0 JPY),,,[222 Days RENTAL] SoftBank 601HW [WHITE] Premium 50GB,1,,,,,,,,[222 Days RENTAL] SoftBank 601HW [WHITE] Premium 50GB,sl.jpg,*,sl.jpg,sl.jpg,,,,,,,,,,,,,,,,,,,,,,0,1,sl_221_bt,,1,,41750,45250,,5,,,,,,,,,,,,,,,,,17,SoftBank 601HW プレミアム50GB
1091,,9,8,Yes (+ 50 JPY / Day),None (+ 0 JPY),,,[223 Days RENTAL] SoftBank 601HW [WHITE] Premium 50GB,1,,,,,,,,[223 Days RENTAL] SoftBank 601HW [WHITE] Premium 50GB,sl.jpg,*,sl.jpg,sl.jpg,,,,,,,,,,,,,,,,,,,,,,0,1,sl_222_bt,,1,,42300,45850,,5,,,,,,,,,,,,,,,,,17,SoftBank 601HW プレミアム50GB
1092,,9,8,Yes (+ 50 JPY / Day),None (+ 0 JPY),,,[224 Days RENTAL] SoftBank 601HW [WHITE] Premium 50GB,1,,,,,,,,[224 Days RENTAL] SoftBank 601HW [WHITE] Premium 50GB,sl.jpg,*,sl.jpg,sl.jpg,,,,,,,,,,,,,,,,,,,,,,0,1,sl_223_bt,,1,,42650,45950,,5,,,,,,,,,,,,,,,,,17,SoftBank 601HW プレミアム50GB
1093,,9,8,Yes (+ 50 JPY / Day),None (+ 0 JPY),,,[225 Days RENTAL] SoftBank 601HW [WHITE] Premium 50GB,1,,,,,,,,[225 Days RENTAL] SoftBank 601HW [WHITE] Premium 50GB,sl.jpg,*,sl.jpg,sl.jpg,,,,,,,,,,,,,,,,,,,,,,0,1,sl_224_bt,,1,,42650,45950,,5,,,,,,,,,,,,,,,,,17,SoftBank 601HW プレミアム50GB
1094,,9,8,Yes (+ 50 JPY / Day),None (+ 0 JPY),,,[226 Days RENTAL] SoftBank 601HW [WHITE] Premium 50GB,1,,,,,,,,[226 Days RENTAL] SoftBank 601HW [WHITE] Premium 50GB,sl.jpg,*,sl.jpg,sl.jpg,,,,,,,,,,,,,,,,,,,,,,0,1,sl_225_bt,,1,,42650,45950,,5,,,,,,,,,,,,,,,,,17,SoftBank 601HW プレミアム50GB
1095,,9,8,Yes (+ 50 JPY / Day),None (+ 0 JPY),,,[227 Days RENTAL] SoftBank 601HW [WHITE] Premium 50GB,1,,,,,,,,[227 Days RENTAL] SoftBank 601HW [WHITE] Premium 50GB,sl.jpg,*,sl.jpg,sl.jpg,,,,,,,,,,,,,,,,,,,,,,0,1,sl_226_bt,,1,,42650,45950,,5,,,,,,,,,,,,,,,,,17,SoftBank 601HW プレミアム50GB
1096,,9,8,Yes (+ 50 JPY / Day),None (+ 0 JPY),,,[228 Days RENTAL] SoftBank 601HW [WHITE] Premium 50GB,1,,,,,,,,[228 Days RENTAL] SoftBank 601HW [WHITE] Premium 50GB,sl.jpg,*,sl.jpg,sl.jpg,,,,,,,,,,,,,,,,,,,,,,0,1,sl_227_bt,,1,,42650,45950,,5,,,,,,,,,,,,,,,,,17,SoftBank 601HW プレミアム50GB
1097,,9,8,Yes (+ 50 JPY / Day),None (+ 0 JPY),,,[229 Days RENTAL] SoftBank 601HW [WHITE] Premium 50GB,1,,,,,,,,[229 Days RENTAL] SoftBank 601HW [WHITE] Premium 50GB,sl.jpg,*,sl.jpg,sl.jpg,,,,,,,,,,,,,,,,,,,,,,0,1,sl_228_bt,,1,,42650,45950,,5,,,,,,,,,,,,,,,,,17,SoftBank 601HW プレミアム50GB
1098,,9,8,Yes (+ 50 JPY / Day),None (+ 0 JPY),,,[230 Days RENTAL] SoftBank 601HW [WHITE] Premium 50GB,1,,,,,,,,[230 Days RENTAL] SoftBank 601HW [WHITE] Premium 50GB,sl.jpg,*,sl.jpg,sl.jpg,,,,,,,,,,,,,,,,,,,,,,0,1,sl_229_bt,,1,,42650,45950,,5,,,,,,,,,,,,,,,,,17,SoftBank 601HW プレミアム50GB
1099,,9,8,Yes (+ 50 JPY / Day),None (+ 0 JPY),,,[231 Days RENTAL] SoftBank 601HW [WHITE] Premium 50GB,1,,,,,,,,[231 Days RENTAL] SoftBank 601HW [WHITE] Premium 50GB,sl.jpg,*,sl.jpg,sl.jpg,,,,,,,,,,,,,,,,,,,,,,0,1,sl_230_bt,,1,,42650,45950,,5,,,,,,,,,,,,,,,,,17,SoftBank 601HW プレミアム50GB
1100,,9,8,Yes (+ 50 JPY / Day),None (+ 0 JPY),,,[232 Days RENTAL] SoftBank 601HW [WHITE] Premium 50GB,1,,,,,,,,[232 Days RENTAL] SoftBank 601HW [WHITE] Premium 50GB,sl.jpg,*,sl.jpg,sl.jpg,,,,,,,,,,,,,,,,,,,,,,0,1,sl_231_bt,,1,,42650,45950,,5,,,,,,,,,,,,,,,,,17,SoftBank 601HW プレミアム50GB
1101,,9,8,Yes (+ 50 JPY / Day),None (+ 0 JPY),,,[233 Days RENTAL] SoftBank 601HW [WHITE] Premium 50GB,1,,,,,,,,[233 Days RENTAL] SoftBank 601HW [WHITE] Premium 50GB,sl.jpg,*,sl.jpg,sl.jpg,,,,,,,,,,,,,,,,,,,,,,0,1,sl_232_bt,,1,,42650,45950,,5,,,,,,,,,,,,,,,,,17,SoftBank 601HW プレミアム50GB
1102,,9,8,Yes (+ 50 JPY / Day),None (+ 0 JPY),,,[234 Days RENTAL] SoftBank 601HW [WHITE] Premium 50GB,1,,,,,,,,[234 Days RENTAL] SoftBank 601HW [WHITE] Premium 50GB,sl.jpg,*,sl.jpg,sl.jpg,,,,,,,,,,,,,,,,,,,,,,0,1,sl_233_bt,,1,,42650,45950,,5,,,,,,,,,,,,,,,,,17,SoftBank 601HW プレミアム50GB
1103,,9,8,Yes (+ 50 JPY / Day),None (+ 0 JPY),,,[235 Days RENTAL] SoftBank 601HW [WHITE] Premium 50GB,1,,,,,,,,[235 Days RENTAL] SoftBank 601HW [WHITE] Premium 50GB,sl.jpg,*,sl.jpg,sl.jpg,,,,,,,,,,,,,,,,,,,,,,0,1,sl_234_bt,,1,,42650,45950,,5,,,,,,,,,,,,,,,,,17,SoftBank 601HW プレミアム50GB
1104,,9,8,Yes (+ 50 JPY / Day),None (+ 0 JPY),,,[236 Days RENTAL] SoftBank 601HW [WHITE] Premium 50GB,1,,,,,,,,[236 Days RENTAL] SoftBank 601HW [WHITE] Premium 50GB,sl.jpg,*,sl.jpg,sl.jpg,,,,,,,,,,,,,,,,,,,,,,0,1,sl_235_bt,,1,,42650,45950,,5,,,,,,,,,,,,,,,,,17,SoftBank 601HW プレミアム50GB
1105,,9,8,Yes (+ 50 JPY / Day),None (+ 0 JPY),,,[237 Days RENTAL] SoftBank 601HW [WHITE] Premium 50GB,1,,,,,,,,[237 Days RENTAL] SoftBank 601HW [WHITE] Premium 50GB,sl.jpg,*,sl.jpg,sl.jpg,,,,,,,,,,,,,,,,,,,,,,0,1,sl_236_bt,,1,,42650,45950,,5,,,,,,,,,,,,,,,,,17,SoftBank 601HW プレミアム50GB
1106,,9,8,Yes (+ 50 JPY / Day),None (+ 0 JPY),,,[238 Days RENTAL] SoftBank 601HW [WHITE] Premium 50GB,1,,,,,,,,[238 Days RENTAL] SoftBank 601HW [WHITE] Premium 50GB,sl.jpg,*,sl.jpg,sl.jpg,,,,,,,,,,,,,,,,,,,,,,0,1,sl_237_bt,,1,,42650,45950,,5,,,,,,,,,,,,,,,,,17,SoftBank 601HW プレミアム50GB
1107,,9,8,Yes (+ 50 JPY / Day),None (+ 0 JPY),,,[239 Days RENTAL] SoftBank 601HW [WHITE] Premium 50GB,1,,,,,,,,[239 Days RENTAL] SoftBank 601HW [WHITE] Premium 50GB,sl.jpg,*,sl.jpg,sl.jpg,,,,,,,,,,,,,,,,,,,,,,0,1,sl_238_bt,,1,,42650,45950,,5,,,,,,,,,,,,,,,,,17,SoftBank 601HW プレミアム50GB
1108,,9,8,Yes (+ 50 JPY / Day),None (+ 0 JPY),,,[240 Days RENTAL] SoftBank 601HW [WHITE] Premium 50GB,1,,,,,,,,[240 Days RENTAL] SoftBank 601HW [WHITE] Premium 50GB,sl.jpg,*,sl.jpg,sl.jpg,,,,,,,,,,,,,,,,,,,,,,0,1,sl_239_bt,,1,,42650,45950,,5,,,,,,,,,,,,,,,,,17,SoftBank 601HW プレミアム50GB
1109,,9,8,Yes (+ 50 JPY / Day),None (+ 0 JPY),,,[241 Days RENTAL] SoftBank 601HW [WHITE] Premium 50GB,1,,,,,,,,[241 Days RENTAL] SoftBank 601HW [WHITE] Premium 50GB,sl.jpg,*,sl.jpg,sl.jpg,,,,,,,,,,,,,,,,,,,,,,0,1,sl_240_bt,,1,,42650,45950,,5,,,,,,,,,,,,,,,,,17,SoftBank 601HW プレミアム50GB
1110,,9,8,Yes (+ 50 JPY / Day),None (+ 0 JPY),,,[242 Days RENTAL] SoftBank 601HW [WHITE] Premium 50GB,1,,,,,,,,[242 Days RENTAL] SoftBank 601HW [WHITE] Premium 50GB,sl.jpg,*,sl.jpg,sl.jpg,,,,,,,,,,,,,,,,,,,,,,0,1,sl_241_bt,,1,,42650,45950,,5,,,,,,,,,,,,,,,,,17,SoftBank 601HW プレミアム50GB
1111,,9,8,Yes (+ 50 JPY / Day),None (+ 0 JPY),,,[243 Days RENTAL] SoftBank 601HW [WHITE] Premium 50GB,1,,,,,,,,[243 Days RENTAL] SoftBank 601HW [WHITE] Premium 50GB,sl.jpg,*,sl.jpg,sl.jpg,,,,,,,,,,,,,,,,,,,,,,0,1,sl_242_bt,,1,,43200,46550,,5,,,,,,,,,,,,,,,,,17,SoftBank 601HW プレミアム50GB
1112,,9,8,Yes (+ 50 JPY / Day),None (+ 0 JPY),,,[244 Days RENTAL] SoftBank 601HW [WHITE] Premium 50GB,1,,,,,,,,[244 Days RENTAL] SoftBank 601HW [WHITE] Premium 50GB,sl.jpg,*,sl.jpg,sl.jpg,,,,,,,,,,,,,,,,,,,,,,0,1,sl_243_bt,,1,,43750,47150,,5,,,,,,,,,,,,,,,,,17,SoftBank 601HW プレミアム50GB
1113,,9,8,Yes (+ 50 JPY / Day),None (+ 0 JPY),,,[245 Days RENTAL] SoftBank 601HW [WHITE] Premium 50GB,1,,,,,,,,[245 Days RENTAL] SoftBank 601HW [WHITE] Premium 50GB,sl.jpg,*,sl.jpg,sl.jpg,,,,,,,,,,,,,,,,,,,,,,0,1,sl_244_bt,,1,,44300,47750,,5,,,,,,,,,,,,,,,,,17,SoftBank 601HW プレミアム50GB
1114,,9,8,Yes (+ 50 JPY / Day),None (+ 0 JPY),,,[246 Days RENTAL] SoftBank 601HW [WHITE] Premium 50GB,1,,,,,,,,[246 Days RENTAL] SoftBank 601HW [WHITE] Premium 50GB,sl.jpg,*,sl.jpg,sl.jpg,,,,,,,,,,,,,,,,,,,,,,0,1,sl_245_bt,,1,,44850,48350,,5,,,,,,,,,,,,,,,,,17,SoftBank 601HW プレミアム50GB
1115,,9,8,Yes (+ 50 JPY / Day),None (+ 0 JPY),,,[247 Days RENTAL] SoftBank 601HW [WHITE] Premium 50GB,1,,,,,,,,[247 Days RENTAL] SoftBank 601HW [WHITE] Premium 50GB,sl.jpg,*,sl.jpg,sl.jpg,,,,,,,,,,,,,,,,,,,,,,0,1,sl_246_bt,,1,,45400,48950,,5,,,,,,,,,,,,,,,,,17,SoftBank 601HW プレミアム50GB
1116,,9,8,Yes (+ 50 JPY / Day),None (+ 0 JPY),,,[248 Days RENTAL] SoftBank 601HW [WHITE] Premium 50GB,1,,,,,,,,[248 Days RENTAL] SoftBank 601HW [WHITE] Premium 50GB,sl.jpg,*,sl.jpg,sl.jpg,,,,,,,,,,,,,,,,,,,,,,0,1,sl_247_bt,,1,,45950,49550,,5,,,,,,,,,,,,,,,,,17,SoftBank 601HW プレミアム50GB
1117,,9,8,Yes (+ 50 JPY / Day),None (+ 0 JPY),,,[249 Days RENTAL] SoftBank 601HW [WHITE] Premium 50GB,1,,,,,,,,[249 Days RENTAL] SoftBank 601HW [WHITE] Premium 50GB,sl.jpg,*,sl.jpg,sl.jpg,,,,,,,,,,,,,,,,,,,,,,0,1,sl_248_bt,,1,,46500,50150,,5,,,,,,,,,,,,,,,,,17,SoftBank 601HW プレミアム50GB
1118,,9,8,Yes (+ 50 JPY / Day),None (+ 0 JPY),,,[250 Days RENTAL] SoftBank 601HW [WHITE] Premium 50GB,1,,,,,,,,[250 Days RENTAL] SoftBank 601HW [WHITE] Premium 50GB,sl.jpg,*,sl.jpg,sl.jpg,,,,,,,,,,,,,,,,,,,,,,0,1,sl_249_bt,,1,,47050,50750,,5,,,,,,,,,,,,,,,,,17,SoftBank 601HW プレミアム50GB
1119,,9,8,Yes (+ 50 JPY / Day),None (+ 0 JPY),,,[251 Days RENTAL] SoftBank 601HW [WHITE] Premium 50GB,1,,,,,,,,[251 Days RENTAL] SoftBank 601HW [WHITE] Premium 50GB,sl.jpg,*,sl.jpg,sl.jpg,,,,,,,,,,,,,,,,,,,,,,0,1,sl_250_bt,,1,,47600,51350,,5,,,,,,,,,,,,,,,,,17,SoftBank 601HW プレミアム50GB
1120,,9,8,Yes (+ 50 JPY / Day),None (+ 0 JPY),,,[252 Days RENTAL] SoftBank 601HW [WHITE] Premium 50GB,1,,,,,,,,[252 Days RENTAL] SoftBank 601HW [WHITE] Premium 50GB,sl.jpg,*,sl.jpg,sl.jpg,,,,,,,,,,,,,,,,,,,,,,0,1,sl_251_bt,,1,,48150,51950,,5,,,,,,,,,,,,,,,,,17,SoftBank 601HW プレミアム50GB
1121,,9,8,Yes (+ 50 JPY / Day),None (+ 0 JPY),,,[253 Days RENTAL] SoftBank 601HW [WHITE] Premium 50GB,1,,,,,,,,[253 Days RENTAL] SoftBank 601HW [WHITE] Premium 50GB,sl.jpg,*,sl.jpg,sl.jpg,,,,,,,,,,,,,,,,,,,,,,0,1,sl_252_bt,,1,,48500,52100,,5,,,,,,,,,,,,,,,,,17,SoftBank 601HW プレミアム50GB
1122,,9,8,Yes (+ 50 JPY / Day),None (+ 0 JPY),,,[254 Days RENTAL] SoftBank 601HW [WHITE] Premium 50GB,1,,,,,,,,[254 Days RENTAL] SoftBank 601HW [WHITE] Premium 50GB,sl.jpg,*,sl.jpg,sl.jpg,,,,,,,,,,,,,,,,,,,,,,0,1,sl_253_bt,,1,,48500,52100,,5,,,,,,,,,,,,,,,,,17,SoftBank 601HW プレミアム50GB
1123,,9,8,Yes (+ 50 JPY / Day),None (+ 0 JPY),,,[255 Days RENTAL] SoftBank 601HW [WHITE] Premium 50GB,1,,,,,,,,[255 Days RENTAL] SoftBank 601HW [WHITE] Premium 50GB,sl.jpg,*,sl.jpg,sl.jpg,,,,,,,,,,,,,,,,,,,,,,0,1,sl_254_bt,,1,,48500,52100,,5,,,,,,,,,,,,,,,,,17,SoftBank 601HW プレミアム50GB
1124,,9,8,Yes (+ 50 JPY / Day),None (+ 0 JPY),,,[256 Days RENTAL] SoftBank 601HW [WHITE] Premium 50GB,1,,,,,,,,[256 Days RENTAL] SoftBank 601HW [WHITE] Premium 50GB,sl.jpg,*,sl.jpg,sl.jpg,,,,,,,,,,,,,,,,,,,,,,0,1,sl_255_bt,,1,,48500,52100,,5,,,,,,,,,,,,,,,,,17,SoftBank 601HW プレミアム50GB
1125,,9,8,Yes (+ 50 JPY / Day),None (+ 0 JPY),,,[257 Days RENTAL] SoftBank 601HW [WHITE] Premium 50GB,1,,,,,,,,[257 Days RENTAL] SoftBank 601HW [WHITE] Premium 50GB,sl.jpg,*,sl.jpg,sl.jpg,,,,,,,,,,,,,,,,,,,,,,0,1,sl_256_bt,,1,,48500,52100,,5,,,,,,,,,,,,,,,,,17,SoftBank 601HW プレミアム50GB
1126,,9,8,Yes (+ 50 JPY / Day),None (+ 0 JPY),,,[258 Days RENTAL] SoftBank 601HW [WHITE] Premium 50GB,1,,,,,,,,[258 Days RENTAL] SoftBank 601HW [WHITE] Premium 50GB,sl.jpg,*,sl.jpg,sl.jpg,,,,,,,,,,,,,,,,,,,,,,0,1,sl_257_bt,,1,,48500,52100,,5,,,,,,,,,,,,,,,,,17,SoftBank 601HW プレミアム50GB
1127,,9,8,Yes (+ 50 JPY / Day),None (+ 0 JPY),,,[259 Days RENTAL] SoftBank 601HW [WHITE] Premium 50GB,1,,,,,,,,[259 Days RENTAL] SoftBank 601HW [WHITE] Premium 50GB,sl.jpg,*,sl.jpg,sl.jpg,,,,,,,,,,,,,,,,,,,,,,0,1,sl_258_bt,,1,,48500,52100,,5,,,,,,,,,,,,,,,,,17,SoftBank 601HW プレミアム50GB
1128,,9,8,Yes (+ 50 JPY / Day),None (+ 0 JPY),,,[260 Days RENTAL] SoftBank 601HW [WHITE] Premium 50GB,1,,,,,,,,[260 Days RENTAL] SoftBank 601HW [WHITE] Premium 50GB,sl.jpg,*,sl.jpg,sl.jpg,,,,,,,,,,,,,,,,,,,,,,0,1,sl_259_bt,,1,,48500,52100,,5,,,,,,,,,,,,,,,,,17,SoftBank 601HW プレミアム50GB
1129,,9,8,Yes (+ 50 JPY / Day),None (+ 0 JPY),,,[261 Days RENTAL] SoftBank 601HW [WHITE] Premium 50GB,1,,,,,,,,[261 Days RENTAL] SoftBank 601HW [WHITE] Premium 50GB,sl.jpg,*,sl.jpg,sl.jpg,,,,,,,,,,,,,,,,,,,,,,0,1,sl_260_bt,,1,,48500,52100,,5,,,,,,,,,,,,,,,,,17,SoftBank 601HW プレミアム50GB
1130,,9,8,Yes (+ 50 JPY / Day),None (+ 0 JPY),,,[262 Days RENTAL] SoftBank 601HW [WHITE] Premium 50GB,1,,,,,,,,[262 Days RENTAL] SoftBank 601HW [WHITE] Premium 50GB,sl.jpg,*,sl.jpg,sl.jpg,,,,,,,,,,,,,,,,,,,,,,0,1,sl_261_bt,,1,,48500,52100,,5,,,,,,,,,,,,,,,,,17,SoftBank 601HW プレミアム50GB
1131,,9,8,Yes (+ 50 JPY / Day),None (+ 0 JPY),,,[263 Days RENTAL] SoftBank 601HW [WHITE] Premium 50GB,1,,,,,,,,[263 Days RENTAL] SoftBank 601HW [WHITE] Premium 50GB,sl.jpg,*,sl.jpg,sl.jpg,,,,,,,,,,,,,,,,,,,,,,0,1,sl_262_bt,,1,,48500,52100,,5,,,,,,,,,,,,,,,,,17,SoftBank 601HW プレミアム50GB
1132,,9,8,Yes (+ 50 JPY / Day),None (+ 0 JPY),,,[264 Days RENTAL] SoftBank 601HW [WHITE] Premium 50GB,1,,,,,,,,[264 Days RENTAL] SoftBank 601HW [WHITE] Premium 50GB,sl.jpg,*,sl.jpg,sl.jpg,,,,,,,,,,,,,,,,,,,,,,0,1,sl_263_bt,,1,,48500,52100,,5,,,,,,,,,,,,,,,,,17,SoftBank 601HW プレミアム50GB
1133,,9,8,Yes (+ 50 JPY / Day),None (+ 0 JPY),,,[265 Days RENTAL] SoftBank 601HW [WHITE] Premium 50GB,1,,,,,,,,[265 Days RENTAL] SoftBank 601HW [WHITE] Premium 50GB,sl.jpg,*,sl.jpg,sl.jpg,,,,,,,,,,,,,,,,,,,,,,0,1,sl_264_bt,,1,,48500,52100,,5,,,,,,,,,,,,,,,,,17,SoftBank 601HW プレミアム50GB
1134,,9,8,Yes (+ 50 JPY / Day),None (+ 0 JPY),,,[266 Days RENTAL] SoftBank 601HW [WHITE] Premium 50GB,1,,,,,,,,[266 Days RENTAL] SoftBank 601HW [WHITE] Premium 50GB,sl.jpg,*,sl.jpg,sl.jpg,,,,,,,,,,,,,,,,,,,,,,0,1,sl_265_bt,,1,,48500,52100,,5,,,,,,,,,,,,,,,,,17,SoftBank 601HW プレミアム50GB
1135,,9,8,Yes (+ 50 JPY / Day),None (+ 0 JPY),,,[267 Days RENTAL] SoftBank 601HW [WHITE] Premium 50GB,1,,,,,,,,[267 Days RENTAL] SoftBank 601HW [WHITE] Premium 50GB,sl.jpg,*,sl.jpg,sl.jpg,,,,,,,,,,,,,,,,,,,,,,0,1,sl_266_bt,,1,,48500,52100,,5,,,,,,,,,,,,,,,,,17,SoftBank 601HW プレミアム50GB
1136,,9,8,Yes (+ 50 JPY / Day),None (+ 0 JPY),,,[268 Days RENTAL] SoftBank 601HW [WHITE] Premium 50GB,1,,,,,,,,[268 Days RENTAL] SoftBank 601HW [WHITE] Premium 50GB,sl.jpg,*,sl.jpg,sl.jpg,,,,,,,,,,,,,,,,,,,,,,0,1,sl_267_bt,,1,,48500,52100,,5,,,,,,,,,,,,,,,,,17,SoftBank 601HW プレミアム50GB
1137,,9,8,Yes (+ 50 JPY / Day),None (+ 0 JPY),,,[269 Days RENTAL] SoftBank 601HW [WHITE] Premium 50GB,1,,,,,,,,[269 Days RENTAL] SoftBank 601HW [WHITE] Premium 50GB,sl.jpg,*,sl.jpg,sl.jpg,,,,,,,,,,,,,,,,,,,,,,0,1,sl_268_bt,,1,,48500,52100,,5,,,,,,,,,,,,,,,,,17,SoftBank 601HW プレミアム50GB
1138,,9,8,Yes (+ 50 JPY / Day),None (+ 0 JPY),,,[270 Days RENTAL] SoftBank 601HW [WHITE] Premium 50GB,1,,,,,,,,[270 Days RENTAL] SoftBank 601HW [WHITE] Premium 50GB,sl.jpg,*,sl.jpg,sl.jpg,,,,,,,,,,,,,,,,,,,,,,0,1,sl_269_bt,,1,,48500,52100,,5,,,,,,,,,,,,,,,,,17,SoftBank 601HW プレミアム50GB
1139,,9,8,Yes (+ 50 JPY / Day),None (+ 0 JPY),,,[271 Days RENTAL] SoftBank 601HW [WHITE] Premium 50GB,1,,,,,,,,[271 Days RENTAL] SoftBank 601HW [WHITE] Premium 50GB,sl.jpg,*,sl.jpg,sl.jpg,,,,,,,,,,,,,,,,,,,,,,0,1,sl_270_bt,,1,,48500,52100,,5,,,,,,,,,,,,,,,,,17,SoftBank 601HW プレミアム50GB
1140,,9,8,Yes (+ 50 JPY / Day),None (+ 0 JPY),,,[272 Days RENTAL] SoftBank 601HW [WHITE] Premium 50GB,1,,,,,,,,[272 Days RENTAL] SoftBank 601HW [WHITE] Premium 50GB,sl.jpg,*,sl.jpg,sl.jpg,,,,,,,,,,,,,,,,,,,,,,0,1,sl_271_bt,,1,,48500,52100,,5,,,,,,,,,,,,,,,,,17,SoftBank 601HW プレミアム50GB
1141,,9,8,Yes (+ 50 JPY / Day),None (+ 0 JPY),,,[273 Days RENTAL] SoftBank 601HW [WHITE] Premium 50GB,1,,,,,,,,[273 Days RENTAL] SoftBank 601HW [WHITE] Premium 50GB,sl.jpg,*,sl.jpg,sl.jpg,,,,,,,,,,,,,,,,,,,,,,0,1,sl_272_bt,,1,,49050,52700,,5,,,,,,,,,,,,,,,,,17,SoftBank 601HW プレミアム50GB
1142,,9,8,Yes (+ 50 JPY / Day),None (+ 0 JPY),,,[274 Days RENTAL] SoftBank 601HW [WHITE] Premium 50GB,1,,,,,,,,[274 Days RENTAL] SoftBank 601HW [WHITE] Premium 50GB,sl.jpg,*,sl.jpg,sl.jpg,,,,,,,,,,,,,,,,,,,,,,0,1,sl_273_bt,,1,,49600,53300,,5,,,,,,,,,,,,,,,,,17,SoftBank 601HW プレミアム50GB
1143,,9,8,Yes (+ 50 JPY / Day),None (+ 0 JPY),,,[275 Days RENTAL] SoftBank 601HW [WHITE] Premium 50GB,1,,,,,,,,[275 Days RENTAL] SoftBank 601HW [WHITE] Premium 50GB,sl.jpg,*,sl.jpg,sl.jpg,,,,,,,,,,,,,,,,,,,,,,0,1,sl_274_bt,,1,,50150,53900,,5,,,,,,,,,,,,,,,,,17,SoftBank 601HW プレミアム50GB
1144,,9,8,Yes (+ 50 JPY / Day),None (+ 0 JPY),,,[276 Days RENTAL] SoftBank 601HW [WHITE] Premium 50GB,1,,,,,,,,[276 Days RENTAL] SoftBank 601HW [WHITE] Premium 50GB,sl.jpg,*,sl.jpg,sl.jpg,,,,,,,,,,,,,,,,,,,,,,0,1,sl_275_bt,,1,,50700,54500,,5,,,,,,,,,,,,,,,,,17,SoftBank 601HW プレミアム50GB
1145,,9,8,Yes (+ 50 JPY / Day),None (+ 0 JPY),,,[277 Days RENTAL] SoftBank 601HW [WHITE] Premium 50GB,1,,,,,,,,[277 Days RENTAL] SoftBank 601HW [WHITE] Premium 50GB,sl.jpg,*,sl.jpg,sl.jpg,,,,,,,,,,,,,,,,,,,,,,0,1,sl_276_bt,,1,,51000,54900,,5,,,,,,,,,,,,,,,,,17,SoftBank 601HW プレミアム50GB
1146,,9,8,Yes (+ 50 JPY / Day),None (+ 0 JPY),,,[278 Days RENTAL] SoftBank 601HW [WHITE] Premium 50GB,1,,,,,,,,[278 Days RENTAL] SoftBank 601HW [WHITE] Premium 50GB,sl.jpg,*,sl.jpg,sl.jpg,,,,,,,,,,,,,,,,,,,,,,0,1,sl_277_bt,,1,,51000,54900,,5,,,,,,,,,,,,,,,,,17,SoftBank 601HW プレミアム50GB
1147,,9,8,Yes (+ 50 JPY / Day),None (+ 0 JPY),,,[279 Days RENTAL] SoftBank 601HW [WHITE] Premium 50GB,1,,,,,,,,[279 Days RENTAL] SoftBank 601HW [WHITE] Premium 50GB,sl.jpg,*,sl.jpg,sl.jpg,,,,,,,,,,,,,,,,,,,,,,0,1,sl_278_bt,,1,,51000,54900,,5,,,,,,,,,,,,,,,,,17,SoftBank 601HW プレミアム50GB
1148,,9,8,Yes (+ 50 JPY / Day),None (+ 0 JPY),,,[280 Days RENTAL] SoftBank 601HW [WHITE] Premium 50GB,1,,,,,,,,[280 Days RENTAL] SoftBank 601HW [WHITE] Premium 50GB,sl.jpg,*,sl.jpg,sl.jpg,,,,,,,,,,,,,,,,,,,,,,0,1,sl_279_bt,,1,,51000,54900,,5,,,,,,,,,,,,,,,,,17,SoftBank 601HW プレミアム50GB
1149,,9,8,Yes (+ 50 JPY / Day),None (+ 0 JPY),,,[281 Days RENTAL] SoftBank 601HW [WHITE] Premium 50GB,1,,,,,,,,[281 Days RENTAL] SoftBank 601HW [WHITE] Premium 50GB,sl.jpg,*,sl.jpg,sl.jpg,,,,,,,,,,,,,,,,,,,,,,0,1,sl_280_bt,,1,,51000,54900,,5,,,,,,,,,,,,,,,,,17,SoftBank 601HW プレミアム50GB
1150,,9,8,Yes (+ 50 JPY / Day),None (+ 0 JPY),,,[282 Days RENTAL] SoftBank 601HW [WHITE] Premium 50GB,1,,,,,,,,[282 Days RENTAL] SoftBank 601HW [WHITE] Premium 50GB,sl.jpg,*,sl.jpg,sl.jpg,,,,,,,,,,,,,,,,,,,,,,0,1,sl_281_bt,,1,,51000,54900,,5,,,,,,,,,,,,,,,,,17,SoftBank 601HW プレミアム50GB
1151,,9,8,Yes (+ 50 JPY / Day),None (+ 0 JPY),,,[283 Days RENTAL] SoftBank 601HW [WHITE] Premium 50GB,1,,,,,,,,[283 Days RENTAL] SoftBank 601HW [WHITE] Premium 50GB,sl.jpg,*,sl.jpg,sl.jpg,,,,,,,,,,,,,,,,,,,,,,0,1,sl_282_bt,,1,,51000,54900,,5,,,,,,,,,,,,,,,,,17,SoftBank 601HW プレミアム50GB
1152,,9,8,Yes (+ 50 JPY / Day),None (+ 0 JPY),,,[284 Days RENTAL] SoftBank 601HW [WHITE] Premium 50GB,1,,,,,,,,[284 Days RENTAL] SoftBank 601HW [WHITE] Premium 50GB,sl.jpg,*,sl.jpg,sl.jpg,,,,,,,,,,,,,,,,,,,,,,0,1,sl_283_bt,,1,,51000,54900,,5,,,,,,,,,,,,,,,,,17,SoftBank 601HW プレミアム50GB
1153,,9,8,Yes (+ 50 JPY / Day),None (+ 0 JPY),,,[285 Days RENTAL] SoftBank 601HW [WHITE] Premium 50GB,1,,,,,,,,[285 Days RENTAL] SoftBank 601HW [WHITE] Premium 50GB,sl.jpg,*,sl.jpg,sl.jpg,,,,,,,,,,,,,,,,,,,,,,0,1,sl_284_bt,,1,,51000,54900,,5,,,,,,,,,,,,,,,,,17,SoftBank 601HW プレミアム50GB
1154,,9,8,Yes (+ 50 JPY / Day),None (+ 0 JPY),,,[286 Days RENTAL] SoftBank 601HW [WHITE] Premium 50GB,1,,,,,,,,[286 Days RENTAL] SoftBank 601HW [WHITE] Premium 50GB,sl.jpg,*,sl.jpg,sl.jpg,,,,,,,,,,,,,,,,,,,,,,0,1,sl_285_bt,,1,,51000,54900,,5,,,,,,,,,,,,,,,,,17,SoftBank 601HW プレミアム50GB
1155,,9,8,Yes (+ 50 JPY / Day),None (+ 0 JPY),,,[287 Days RENTAL] SoftBank 601HW [WHITE] Premium 50GB,1,,,,,,,,[287 Days RENTAL] SoftBank 601HW [WHITE] Premium 50GB,sl.jpg,*,sl.jpg,sl.jpg,,,,,,,,,,,,,,,,,,,,,,0,1,sl_286_bt,,1,,51000,54900,,5,,,,,,,,,,,,,,,,,17,SoftBank 601HW プレミアム50GB
1156,,9,8,Yes (+ 50 JPY / Day),None (+ 0 JPY),,,[288 Days RENTAL] SoftBank 601HW [WHITE] Premium 50GB,1,,,,,,,,[288 Days RENTAL] SoftBank 601HW [WHITE] Premium 50GB,sl.jpg,*,sl.jpg,sl.jpg,,,,,,,,,,,,,,,,,,,,,,0,1,sl_287_bt,,1,,51000,54900,,5,,,,,,,,,,,,,,,,,17,SoftBank 601HW プレミアム50GB
1157,,9,8,Yes (+ 50 JPY / Day),None (+ 0 JPY),,,[289 Days RENTAL] SoftBank 601HW [WHITE] Premium 50GB,1,,,,,,,,[289 Days RENTAL] SoftBank 601HW [WHITE] Premium 50GB,sl.jpg,*,sl.jpg,sl.jpg,,,,,,,,,,,,,,,,,,,,,,0,1,sl_288_bt,,1,,51000,54900,,5,,,,,,,,,,,,,,,,,17,SoftBank 601HW プレミアム50GB
1158,,9,8,Yes (+ 50 JPY / Day),None (+ 0 JPY),,,[290 Days RENTAL] SoftBank 601HW [WHITE] Premium 50GB,1,,,,,,,,[290 Days RENTAL] SoftBank 601HW [WHITE] Premium 50GB,sl.jpg,*,sl.jpg,sl.jpg,,,,,,,,,,,,,,,,,,,,,,0,1,sl_289_bt,,1,,51000,54900,,5,,,,,,,,,,,,,,,,,17,SoftBank 601HW プレミアム50GB
1159,,9,8,Yes (+ 50 JPY / Day),None (+ 0 JPY),,,[291 Days RENTAL] SoftBank 601HW [WHITE] Premium 50GB,1,,,,,,,,[291 Days RENTAL] SoftBank 601HW [WHITE] Premium 50GB,sl.jpg,*,sl.jpg,sl.jpg,,,,,,,,,,,,,,,,,,,,,,0,1,sl_290_bt,,1,,51000,54900,,5,,,,,,,,,,,,,,,,,17,SoftBank 601HW プレミアム50GB
1160,,9,8,Yes (+ 50 JPY / Day),None (+ 0 JPY),,,[292 Days RENTAL] SoftBank 601HW [WHITE] Premium 50GB,1,,,,,,,,[292 Days RENTAL] SoftBank 601HW [WHITE] Premium 50GB,sl.jpg,*,sl.jpg,sl.jpg,,,,,,,,,,,,,,,,,,,,,,0,1,sl_291_bt,,1,,51000,54900,,5,,,,,,,,,,,,,,,,,17,SoftBank 601HW プレミアム50GB
1161,,9,8,Yes (+ 50 JPY / Day),None (+ 0 JPY),,,[293 Days RENTAL] SoftBank 601HW [WHITE] Premium 50GB,1,,,,,,,,[293 Days RENTAL] SoftBank 601HW [WHITE] Premium 50GB,sl.jpg,*,sl.jpg,sl.jpg,,,,,,,,,,,,,,,,,,,,,,0,1,sl_292_bt,,1,,51000,54900,,5,,,,,,,,,,,,,,,,,17,SoftBank 601HW プレミアム50GB
1162,,9,8,Yes (+ 50 JPY / Day),None (+ 0 JPY),,,[294 Days RENTAL] SoftBank 601HW [WHITE] Premium 50GB,1,,,,,,,,[294 Days RENTAL] SoftBank 601HW [WHITE] Premium 50GB,sl.jpg,*,sl.jpg,sl.jpg,,,,,,,,,,,,,,,,,,,,,,0,1,sl_293_bt,,1,,51000,54900,,5,,,,,,,,,,,,,,,,,17,SoftBank 601HW プレミアム50GB
1163,,9,8,Yes (+ 50 JPY / Day),None (+ 0 JPY),,,[295 Days RENTAL] SoftBank 601HW [WHITE] Premium 50GB,1,,,,,,,,[295 Days RENTAL] SoftBank 601HW [WHITE] Premium 50GB,sl.jpg,*,sl.jpg,sl.jpg,,,,,,,,,,,,,,,,,,,,,,0,1,sl_294_bt,,1,,51000,54900,,5,,,,,,,,,,,,,,,,,17,SoftBank 601HW プレミアム50GB
1164,,9,8,Yes (+ 50 JPY / Day),None (+ 0 JPY),,,[296 Days RENTAL] SoftBank 601HW [WHITE] Premium 50GB,1,,,,,,,,[296 Days RENTAL] SoftBank 601HW [WHITE] Premium 50GB,sl.jpg,*,sl.jpg,sl.jpg,,,,,,,,,,,,,,,,,,,,,,0,1,sl_295_bt,,1,,51000,54900,,5,,,,,,,,,,,,,,,,,17,SoftBank 601HW プレミアム50GB
1165,,9,8,Yes (+ 50 JPY / Day),None (+ 0 JPY),,,[297 Days RENTAL] SoftBank 601HW [WHITE] Premium 50GB,1,,,,,,,,[297 Days RENTAL] SoftBank 601HW [WHITE] Premium 50GB,sl.jpg,*,sl.jpg,sl.jpg,,,,,,,,,,,,,,,,,,,,,,0,1,sl_296_bt,,1,,51000,54900,,5,,,,,,,,,,,,,,,,,17,SoftBank 601HW プレミアム50GB
1166,,9,8,Yes (+ 50 JPY / Day),None (+ 0 JPY),,,[298 Days RENTAL] SoftBank 601HW [WHITE] Premium 50GB,1,,,,,,,,[298 Days RENTAL] SoftBank 601HW [WHITE] Premium 50GB,sl.jpg,*,sl.jpg,sl.jpg,,,,,,,,,,,,,,,,,,,,,,0,1,sl_297_bt,,1,,51000,54900,,5,,,,,,,,,,,,,,,,,17,SoftBank 601HW プレミアム50GB
1167,,9,8,Yes (+ 50 JPY / Day),None (+ 0 JPY),,,[299 Days RENTAL] SoftBank 601HW [WHITE] Premium 50GB,1,,,,,,,,[299 Days RENTAL] SoftBank 601HW [WHITE] Premium 50GB,sl.jpg,*,sl.jpg,sl.jpg,,,,,,,,,,,,,,,,,,,,,,0,1,sl_298_bt,,1,,51000,54900,,5,,,,,,,,,,,,,,,,,17,SoftBank 601HW プレミアム50GB
1168,,9,8,Yes (+ 50 JPY / Day),None (+ 0 JPY),,,[300 Days RENTAL] SoftBank 601HW [WHITE] Premium 50GB,1,,,,,,,,[300 Days RENTAL] SoftBank 601HW [WHITE] Premium 50GB,sl.jpg,*,sl.jpg,sl.jpg,,,,,,,,,,,,,,,,,,,,,,0,1,sl_299_bt,,1,,51000,54900,,5,,,,,,,,,,,,,,,,,17,SoftBank 601HW プレミアム50GB
1169,,9,8,Yes (+ 50 JPY / Day),None (+ 0 JPY),,,[301 Days RENTAL] SoftBank 601HW [WHITE] Premium 50GB,1,,,,,,,,[301 Days RENTAL] SoftBank 601HW [WHITE] Premium 50GB,sl.jpg,*,sl.jpg,sl.jpg,,,,,,,,,,,,,,,,,,,,,,0,1,sl_300_bt,,1,,51000,54900,,5,,,,,,,,,,,,,,,,,17,SoftBank 601HW プレミアム50GB
1170,,9,8,Yes (+ 50 JPY / Day),None (+ 0 JPY),,,[302 Days RENTAL] SoftBank 601HW [WHITE] Premium 50GB,1,,,,,,,,[302 Days RENTAL] SoftBank 601HW [WHITE] Premium 50GB,sl.jpg,*,sl.jpg,sl.jpg,,,,,,,,,,,,,,,,,,,,,,0,1,sl_301_bt,,1,,51000,54900,,5,,,,,,,,,,,,,,,,,17,SoftBank 601HW プレミアム50GB
1171,,9,8,Yes (+ 50 JPY / Day),None (+ 0 JPY),,,[303 Days RENTAL] SoftBank 601HW [WHITE] Premium 50GB,1,,,,,,,,[303 Days RENTAL] SoftBank 601HW [WHITE] Premium 50GB,sl.jpg,*,sl.jpg,sl.jpg,,,,,,,,,,,,,,,,,,,,,,0,1,sl_302_bt,,1,,51550,55500,,5,,,,,,,,,,,,,,,,,17,SoftBank 601HW プレミアム50GB
1172,,9,8,Yes (+ 50 JPY / Day),None (+ 0 JPY),,,[304 Days RENTAL] SoftBank 601HW [WHITE] Premium 50GB,1,,,,,,,,[304 Days RENTAL] SoftBank 601HW [WHITE] Premium 50GB,sl.jpg,*,sl.jpg,sl.jpg,,,,,,,,,,,,,,,,,,,,,,0,1,sl_303_bt,,1,,52100,56100,,5,,,,,,,,,,,,,,,,,17,SoftBank 601HW プレミアム50GB
1173,,9,8,Yes (+ 50 JPY / Day),None (+ 0 JPY),,,[305 Days RENTAL] SoftBank 601HW [WHITE] Premium 50GB,1,,,,,,,,[305 Days RENTAL] SoftBank 601HW [WHITE] Premium 50GB,sl.jpg,*,sl.jpg,sl.jpg,,,,,,,,,,,,,,,,,,,,,,0,1,sl_304_bt,,1,,52650,56700,,5,,,,,,,,,,,,,,,,,17,SoftBank 601HW プレミアム50GB
1174,,9,8,Yes (+ 50 JPY / Day),None (+ 0 JPY),,,[306 Days RENTAL] SoftBank 601HW [WHITE] Premium 50GB,1,,,,,,,,[306 Days RENTAL] SoftBank 601HW [WHITE] Premium 50GB,sl.jpg,*,sl.jpg,sl.jpg,,,,,,,,,,,,,,,,,,,,,,0,1,sl_305_bt,,1,,53200,57300,,5,,,,,,,,,,,,,,,,,17,SoftBank 601HW プレミアム50GB
1175,,9,8,Yes (+ 50 JPY / Day),None (+ 0 JPY),,,[307 Days RENTAL] SoftBank 601HW [WHITE] Premium 50GB,1,,,,,,,,[307 Days RENTAL] SoftBank 601HW [WHITE] Premium 50GB,sl.jpg,*,sl.jpg,sl.jpg,,,,,,,,,,,,,,,,,,,,,,0,1,sl_306_bt,,1,,53500,57700,,5,,,,,,,,,,,,,,,,,17,SoftBank 601HW プレミアム50GB
1176,,9,8,Yes (+ 50 JPY / Day),None (+ 0 JPY),,,[308 Days RENTAL] SoftBank 601HW [WHITE] Premium 50GB,1,,,,,,,,[308 Days RENTAL] SoftBank 601HW [WHITE] Premium 50GB,sl.jpg,*,sl.jpg,sl.jpg,,,,,,,,,,,,,,,,,,,,,,0,1,sl_307_bt,,1,,53500,57700,,5,,,,,,,,,,,,,,,,,17,SoftBank 601HW プレミアム50GB
1177,,9,8,Yes (+ 50 JPY / Day),None (+ 0 JPY),,,[309 Days RENTAL] SoftBank 601HW [WHITE] Premium 50GB,1,,,,,,,,[309 Days RENTAL] SoftBank 601HW [WHITE] Premium 50GB,sl.jpg,*,sl.jpg,sl.jpg,,,,,,,,,,,,,,,,,,,,,,0,1,sl_308_bt,,1,,53500,57700,,5,,,,,,,,,,,,,,,,,17,SoftBank 601HW プレミアム50GB
1178,,9,8,Yes (+ 50 JPY / Day),None (+ 0 JPY),,,[310 Days RENTAL] SoftBank 601HW [WHITE] Premium 50GB,1,,,,,,,,[310 Days RENTAL] SoftBank 601HW [WHITE] Premium 50GB,sl.jpg,*,sl.jpg,sl.jpg,,,,,,,,,,,,,,,,,,,,,,0,1,sl_309_bt,,1,,53500,57700,,5,,,,,,,,,,,,,,,,,17,SoftBank 601HW プレミアム50GB
1179,,9,8,Yes (+ 50 JPY / Day),None (+ 0 JPY),,,[311 Days RENTAL] SoftBank 601HW [WHITE] Premium 50GB,1,,,,,,,,[311 Days RENTAL] SoftBank 601HW [WHITE] Premium 50GB,sl.jpg,*,sl.jpg,sl.jpg,,,,,,,,,,,,,,,,,,,,,,0,1,sl_310_bt,,1,,53500,57700,,5,,,,,,,,,,,,,,,,,17,SoftBank 601HW プレミアム50GB
1180,,9,8,Yes (+ 50 JPY / Day),None (+ 0 JPY),,,[312 Days RENTAL] SoftBank 601HW [WHITE] Premium 50GB,1,,,,,,,,[312 Days RENTAL] SoftBank 601HW [WHITE] Premium 50GB,sl.jpg,*,sl.jpg,sl.jpg,,,,,,,,,,,,,,,,,,,,,,0,1,sl_311_bt,,1,,53500,57700,,5,,,,,,,,,,,,,,,,,17,SoftBank 601HW プレミアム50GB
1181,,9,8,Yes (+ 50 JPY / Day),None (+ 0 JPY),,,[313 Days RENTAL] SoftBank 601HW [WHITE] Premium 50GB,1,,,,,,,,[313 Days RENTAL] SoftBank 601HW [WHITE] Premium 50GB,sl.jpg,*,sl.jpg,sl.jpg,,,,,,,,,,,,,,,,,,,,,,0,1,sl_312_bt,,1,,53500,57700,,5,,,,,,,,,,,,,,,,,17,SoftBank 601HW プレミアム50GB
1182,,9,8,Yes (+ 50 JPY / Day),None (+ 0 JPY),,,[314 Days RENTAL] SoftBank 601HW [WHITE] Premium 50GB,1,,,,,,,,[314 Days RENTAL] SoftBank 601HW [WHITE] Premium 50GB,sl.jpg,*,sl.jpg,sl.jpg,,,,,,,,,,,,,,,,,,,,,,0,1,sl_313_bt,,1,,53500,57700,,5,,,,,,,,,,,,,,,,,17,SoftBank 601HW プレミアム50GB
1183,,9,8,Yes (+ 50 JPY / Day),None (+ 0 JPY),,,[315 Days RENTAL] SoftBank 601HW [WHITE] Premium 50GB,1,,,,,,,,[315 Days RENTAL] SoftBank 601HW [WHITE] Premium 50GB,sl.jpg,*,sl.jpg,sl.jpg,,,,,,,,,,,,,,,,,,,,,,0,1,sl_314_bt,,1,,53500,57700,,5,,,,,,,,,,,,,,,,,17,SoftBank 601HW プレミアム50GB
1184,,9,8,Yes (+ 50 JPY / Day),None (+ 0 JPY),,,[316 Days RENTAL] SoftBank 601HW [WHITE] Premium 50GB,1,,,,,,,,[316 Days RENTAL] SoftBank 601HW [WHITE] Premium 50GB,sl.jpg,*,sl.jpg,sl.jpg,,,,,,,,,,,,,,,,,,,,,,0,1,sl_315_bt,,1,,53500,57700,,5,,,,,,,,,,,,,,,,,17,SoftBank 601HW プレミアム50GB
1185,,9,8,Yes (+ 50 JPY / Day),None (+ 0 JPY),,,[317 Days RENTAL] SoftBank 601HW [WHITE] Premium 50GB,1,,,,,,,,[317 Days RENTAL] SoftBank 601HW [WHITE] Premium 50GB,sl.jpg,*,sl.jpg,sl.jpg,,,,,,,,,,,,,,,,,,,,,,0,1,sl_316_bt,,1,,53500,57700,,5,,,,,,,,,,,,,,,,,17,SoftBank 601HW プレミアム50GB
1186,,9,8,Yes (+ 50 JPY / Day),None (+ 0 JPY),,,[318 Days RENTAL] SoftBank 601HW [WHITE] Premium 50GB,1,,,,,,,,[318 Days RENTAL] SoftBank 601HW [WHITE] Premium 50GB,sl.jpg,*,sl.jpg,sl.jpg,,,,,,,,,,,,,,,,,,,,,,0,1,sl_317_bt,,1,,53500,57700,,5,,,,,,,,,,,,,,,,,17,SoftBank 601HW プレミアム50GB
1187,,9,8,Yes (+ 50 JPY / Day),None (+ 0 JPY),,,[319 Days RENTAL] SoftBank 601HW [WHITE] Premium 50GB,1,,,,,,,,[319 Days RENTAL] SoftBank 601HW [WHITE] Premium 50GB,sl.jpg,*,sl.jpg,sl.jpg,,,,,,,,,,,,,,,,,,,,,,0,1,sl_318_bt,,1,,53500,57700,,5,,,,,,,,,,,,,,,,,17,SoftBank 601HW プレミアム50GB
1188,,9,8,Yes (+ 50 JPY / Day),None (+ 0 JPY),,,[320 Days RENTAL] SoftBank 601HW [WHITE] Premium 50GB,1,,,,,,,,[320 Days RENTAL] SoftBank 601HW [WHITE] Premium 50GB,sl.jpg,*,sl.jpg,sl.jpg,,,,,,,,,,,,,,,,,,,,,,0,1,sl_319_bt,,1,,53500,57700,,5,,,,,,,,,,,,,,,,,17,SoftBank 601HW プレミアム50GB
1189,,9,8,Yes (+ 50 JPY / Day),None (+ 0 JPY),,,[321 Days RENTAL] SoftBank 601HW [WHITE] Premium 50GB,1,,,,,,,,[321 Days RENTAL] SoftBank 601HW [WHITE] Premium 50GB,sl.jpg,*,sl.jpg,sl.jpg,,,,,,,,,,,,,,,,,,,,,,0,1,sl_320_bt,,1,,53500,57700,,5,,,,,,,,,,,,,,,,,17,SoftBank 601HW プレミアム50GB
1190,,9,8,Yes (+ 50 JPY / Day),None (+ 0 JPY),,,[322 Days RENTAL] SoftBank 601HW [WHITE] Premium 50GB,1,,,,,,,,[322 Days RENTAL] SoftBank 601HW [WHITE] Premium 50GB,sl.jpg,*,sl.jpg,sl.jpg,,,,,,,,,,,,,,,,,,,,,,0,1,sl_321_bt,,1,,53500,57700,,5,,,,,,,,,,,,,,,,,17,SoftBank 601HW プレミアム50GB
1191,,9,8,Yes (+ 50 JPY / Day),None (+ 0 JPY),,,[323 Days RENTAL] SoftBank 601HW [WHITE] Premium 50GB,1,,,,,,,,[323 Days RENTAL] SoftBank 601HW [WHITE] Premium 50GB,sl.jpg,*,sl.jpg,sl.jpg,,,,,,,,,,,,,,,,,,,,,,0,1,sl_322_bt,,1,,53500,57700,,5,,,,,,,,,,,,,,,,,17,SoftBank 601HW プレミアム50GB
1192,,9,8,Yes (+ 50 JPY / Day),None (+ 0 JPY),,,[324 Days RENTAL] SoftBank 601HW [WHITE] Premium 50GB,1,,,,,,,,[324 Days RENTAL] SoftBank 601HW [WHITE] Premium 50GB,sl.jpg,*,sl.jpg,sl.jpg,,,,,,,,,,,,,,,,,,,,,,0,1,sl_323_bt,,1,,53500,57700,,5,,,,,,,,,,,,,,,,,17,SoftBank 601HW プレミアム50GB
1193,,9,8,Yes (+ 50 JPY / Day),None (+ 0 JPY),,,[325 Days RENTAL] SoftBank 601HW [WHITE] Premium 50GB,1,,,,,,,,[325 Days RENTAL] SoftBank 601HW [WHITE] Premium 50GB,sl.jpg,*,sl.jpg,sl.jpg,,,,,,,,,,,,,,,,,,,,,,0,1,sl_324_bt,,1,,53500,57700,,5,,,,,,,,,,,,,,,,,17,SoftBank 601HW プレミアム50GB
1194,,9,8,Yes (+ 50 JPY / Day),None (+ 0 JPY),,,[326 Days RENTAL] SoftBank 601HW [WHITE] Premium 50GB,1,,,,,,,,[326 Days RENTAL] SoftBank 601HW [WHITE] Premium 50GB,sl.jpg,*,sl.jpg,sl.jpg,,,,,,,,,,,,,,,,,,,,,,0,1,sl_325_bt,,1,,53500,57700,,5,,,,,,,,,,,,,,,,,17,SoftBank 601HW プレミアム50GB
1195,,9,8,Yes (+ 50 JPY / Day),None (+ 0 JPY),,,[327 Days RENTAL] SoftBank 601HW [WHITE] Premium 50GB,1,,,,,,,,[327 Days RENTAL] SoftBank 601HW [WHITE] Premium 50GB,sl.jpg,*,sl.jpg,sl.jpg,,,,,,,,,,,,,,,,,,,,,,0,1,sl_326_bt,,1,,53500,57700,,5,,,,,,,,,,,,,,,,,17,SoftBank 601HW プレミアム50GB
1196,,9,8,Yes (+ 50 JPY / Day),None (+ 0 JPY),,,[328 Days RENTAL] SoftBank 601HW [WHITE] Premium 50GB,1,,,,,,,,[328 Days RENTAL] SoftBank 601HW [WHITE] Premium 50GB,sl.jpg,*,sl.jpg,sl.jpg,,,,,,,,,,,,,,,,,,,,,,0,1,sl_327_bt,,1,,53500,57700,,5,,,,,,,,,,,,,,,,,17,SoftBank 601HW プレミアム50GB
1197,,9,8,Yes (+ 50 JPY / Day),None (+ 0 JPY),,,[329 Days RENTAL] SoftBank 601HW [WHITE] Premium 50GB,1,,,,,,,,[329 Days RENTAL] SoftBank 601HW [WHITE] Premium 50GB,sl.jpg,*,sl.jpg,sl.jpg,,,,,,,,,,,,,,,,,,,,,,0,1,sl_328_bt,,1,,53500,57700,,5,,,,,,,,,,,,,,,,,17,SoftBank 601HW プレミアム50GB
1198,,9,8,Yes (+ 50 JPY / Day),None (+ 0 JPY),,,[330 Days RENTAL] SoftBank 601HW [WHITE] Premium 50GB,1,,,,,,,,[330 Days RENTAL] SoftBank 601HW [WHITE] Premium 50GB,sl.jpg,*,sl.jpg,sl.jpg,,,,,,,,,,,,,,,,,,,,,,0,1,sl_329_bt,,1,,53500,57700,,5,,,,,,,,,,,,,,,,,17,SoftBank 601HW プレミアム50GB
1199,,9,8,Yes (+ 50 JPY / Day),None (+ 0 JPY),,,[331 Days RENTAL] SoftBank 601HW [WHITE] Premium 50GB,1,,,,,,,,[331 Days RENTAL] SoftBank 601HW [WHITE] Premium 50GB,sl.jpg,*,sl.jpg,sl.jpg,,,,,,,,,,,,,,,,,,,,,,0,1,sl_330_bt,,1,,53500,57700,,5,,,,,,,,,,,,,,,,,17,SoftBank 601HW プレミアム50GB
1200,,9,8,Yes (+ 50 JPY / Day),None (+ 0 JPY),,,[332 Days RENTAL] SoftBank 601HW [WHITE] Premium 50GB,1,,,,,,,,[332 Days RENTAL] SoftBank 601HW [WHITE] Premium 50GB,sl.jpg,*,sl.jpg,sl.jpg,,,,,,,,,,,,,,,,,,,,,,0,1,sl_331_bt,,1,,53500,57700,,5,,,,,,,,,,,,,,,,,17,SoftBank 601HW プレミアム50GB
1201,,9,8,Yes (+ 50 JPY / Day),None (+ 0 JPY),,,[333 Days RENTAL] SoftBank 601HW [WHITE] Premium 50GB,1,,,,,,,,[333 Days RENTAL] SoftBank 601HW [WHITE] Premium 50GB,sl.jpg,*,sl.jpg,sl.jpg,,,,,,,,,,,,,,,,,,,,,,0,1,sl_332_bt,,1,,54050,58300,,5,,,,,,,,,,,,,,,,,17,SoftBank 601HW プレミアム50GB
1202,,9,8,Yes (+ 50 JPY / Day),None (+ 0 JPY),,,[334 Days RENTAL] SoftBank 601HW [WHITE] Premium 50GB,1,,,,,,,,[334 Days RENTAL] SoftBank 601HW [WHITE] Premium 50GB,sl.jpg,*,sl.jpg,sl.jpg,,,,,,,,,,,,,,,,,,,,,,0,1,sl_333_bt,,1,,54600,58900,,5,,,,,,,,,,,,,,,,,17,SoftBank 601HW プレミアム50GB
1203,,9,8,Yes (+ 50 JPY / Day),None (+ 0 JPY),,,[335 Days RENTAL] SoftBank 601HW [WHITE] Premium 50GB,1,,,,,,,,[335 Days RENTAL] SoftBank 601HW [WHITE] Premium 50GB,sl.jpg,*,sl.jpg,sl.jpg,,,,,,,,,,,,,,,,,,,,,,0,1,sl_334_bt,,1,,55150,59500,,5,,,,,,,,,,,,,,,,,17,SoftBank 601HW プレミアム50GB
1204,,9,8,Yes (+ 50 JPY / Day),None (+ 0 JPY),,,[336 Days RENTAL] SoftBank 601HW [WHITE] Premium 50GB,1,,,,,,,,[336 Days RENTAL] SoftBank 601HW [WHITE] Premium 50GB,sl.jpg,*,sl.jpg,sl.jpg,,,,,,,,,,,,,,,,,,,,,,0,1,sl_335_bt,,1,,55700,60100,,5,,,,,,,,,,,,,,,,,17,SoftBank 601HW プレミアム50GB
1205,,9,8,Yes (+ 50 JPY / Day),None (+ 0 JPY),,,[337 Days RENTAL] SoftBank 601HW [WHITE] Premium 50GB,1,,,,,,,,[337 Days RENTAL] SoftBank 601HW [WHITE] Premium 50GB,sl.jpg,*,sl.jpg,sl.jpg,,,,,,,,,,,,,,,,,,,,,,0,1,sl_336_bt,,1,,56000,60500,,5,,,,,,,,,,,,,,,,,17,SoftBank 601HW プレミアム50GB
1206,,9,8,Yes (+ 50 JPY / Day),None (+ 0 JPY),,,[338 Days RENTAL] SoftBank 601HW [WHITE] Premium 50GB,1,,,,,,,,[338 Days RENTAL] SoftBank 601HW [WHITE] Premium 50GB,sl.jpg,*,sl.jpg,sl.jpg,,,,,,,,,,,,,,,,,,,,,,0,1,sl_337_bt,,1,,56000,60500,,5,,,,,,,,,,,,,,,,,17,SoftBank 601HW プレミアム50GB
1207,,9,8,Yes (+ 50 JPY / Day),None (+ 0 JPY),,,[339 Days RENTAL] SoftBank 601HW [WHITE] Premium 50GB,1,,,,,,,,[339 Days RENTAL] SoftBank 601HW [WHITE] Premium 50GB,sl.jpg,*,sl.jpg,sl.jpg,,,,,,,,,,,,,,,,,,,,,,0,1,sl_338_bt,,1,,56000,60500,,5,,,,,,,,,,,,,,,,,17,SoftBank 601HW プレミアム50GB
1208,,9,8,Yes (+ 50 JPY / Day),None (+ 0 JPY),,,[340 Days RENTAL] SoftBank 601HW [WHITE] Premium 50GB,1,,,,,,,,[340 Days RENTAL] SoftBank 601HW [WHITE] Premium 50GB,sl.jpg,*,sl.jpg,sl.jpg,,,,,,,,,,,,,,,,,,,,,,0,1,sl_339_bt,,1,,56000,60500,,5,,,,,,,,,,,,,,,,,17,SoftBank 601HW プレミアム50GB
1209,,9,8,Yes (+ 50 JPY / Day),None (+ 0 JPY),,,[341 Days RENTAL] SoftBank 601HW [WHITE] Premium 50GB,1,,,,,,,,[341 Days RENTAL] SoftBank 601HW [WHITE] Premium 50GB,sl.jpg,*,sl.jpg,sl.jpg,,,,,,,,,,,,,,,,,,,,,,0,1,sl_340_bt,,1,,56000,60500,,5,,,,,,,,,,,,,,,,,17,SoftBank 601HW プレミアム50GB
1210,,9,8,Yes (+ 50 JPY / Day),None (+ 0 JPY),,,[342 Days RENTAL] SoftBank 601HW [WHITE] Premium 50GB,1,,,,,,,,[342 Days RENTAL] SoftBank 601HW [WHITE] Premium 50GB,sl.jpg,*,sl.jpg,sl.jpg,,,,,,,,,,,,,,,,,,,,,,0,1,sl_341_bt,,1,,56000,60500,,5,,,,,,,,,,,,,,,,,17,SoftBank 601HW プレミアム50GB
1211,,9,8,Yes (+ 50 JPY / Day),None (+ 0 JPY),,,[343 Days RENTAL] SoftBank 601HW [WHITE] Premium 50GB,1,,,,,,,,[343 Days RENTAL] SoftBank 601HW [WHITE] Premium 50GB,sl.jpg,*,sl.jpg,sl.jpg,,,,,,,,,,,,,,,,,,,,,,0,1,sl_342_bt,,1,,56000,60500,,5,,,,,,,,,,,,,,,,,17,SoftBank 601HW プレミアム50GB
1212,,9,8,Yes (+ 50 JPY / Day),None (+ 0 JPY),,,[344 Days RENTAL] SoftBank 601HW [WHITE] Premium 50GB,1,,,,,,,,[344 Days RENTAL] SoftBank 601HW [WHITE] Premium 50GB,sl.jpg,*,sl.jpg,sl.jpg,,,,,,,,,,,,,,,,,,,,,,0,1,sl_343_bt,,1,,56000,60500,,5,,,,,,,,,,,,,,,,,17,SoftBank 601HW プレミアム50GB
1213,,9,8,Yes (+ 50 JPY / Day),None (+ 0 JPY),,,[345 Days RENTAL] SoftBank 601HW [WHITE] Premium 50GB,1,,,,,,,,[345 Days RENTAL] SoftBank 601HW [WHITE] Premium 50GB,sl.jpg,*,sl.jpg,sl.jpg,,,,,,,,,,,,,,,,,,,,,,0,1,sl_344_bt,,1,,56000,60500,,5,,,,,,,,,,,,,,,,,17,SoftBank 601HW プレミアム50GB
1214,,9,8,Yes (+ 50 JPY / Day),None (+ 0 JPY),,,[346 Days RENTAL] SoftBank 601HW [WHITE] Premium 50GB,1,,,,,,,,[346 Days RENTAL] SoftBank 601HW [WHITE] Premium 50GB,sl.jpg,*,sl.jpg,sl.jpg,,,,,,,,,,,,,,,,,,,,,,0,1,sl_345_bt,,1,,56000,60500,,5,,,,,,,,,,,,,,,,,17,SoftBank 601HW プレミアム50GB
1215,,9,8,Yes (+ 50 JPY / Day),None (+ 0 JPY),,,[347 Days RENTAL] SoftBank 601HW [WHITE] Premium 50GB,1,,,,,,,,[347 Days RENTAL] SoftBank 601HW [WHITE] Premium 50GB,sl.jpg,*,sl.jpg,sl.jpg,,,,,,,,,,,,,,,,,,,,,,0,1,sl_346_bt,,1,,56000,60500,,5,,,,,,,,,,,,,,,,,17,SoftBank 601HW プレミアム50GB
1216,,9,8,Yes (+ 50 JPY / Day),None (+ 0 JPY),,,[348 Days RENTAL] SoftBank 601HW [WHITE] Premium 50GB,1,,,,,,,,[348 Days RENTAL] SoftBank 601HW [WHITE] Premium 50GB,sl.jpg,*,sl.jpg,sl.jpg,,,,,,,,,,,,,,,,,,,,,,0,1,sl_347_bt,,1,,56000,60500,,5,,,,,,,,,,,,,,,,,17,SoftBank 601HW プレミアム50GB
1217,,9,8,Yes (+ 50 JPY / Day),None (+ 0 JPY),,,[349 Days RENTAL] SoftBank 601HW [WHITE] Premium 50GB,1,,,,,,,,[349 Days RENTAL] SoftBank 601HW [WHITE] Premium 50GB,sl.jpg,*,sl.jpg,sl.jpg,,,,,,,,,,,,,,,,,,,,,,0,1,sl_348_bt,,1,,56000,60500,,5,,,,,,,,,,,,,,,,,17,SoftBank 601HW プレミアム50GB
1218,,9,8,Yes (+ 50 JPY / Day),None (+ 0 JPY),,,[350 Days RENTAL] SoftBank 601HW [WHITE] Premium 50GB,1,,,,,,,,[350 Days RENTAL] SoftBank 601HW [WHITE] Premium 50GB,sl.jpg,*,sl.jpg,sl.jpg,,,,,,,,,,,,,,,,,,,,,,0,1,sl_349_bt,,1,,56000,60500,,5,,,,,,,,,,,,,,,,,17,SoftBank 601HW プレミアム50GB
1219,,9,8,Yes (+ 50 JPY / Day),None (+ 0 JPY),,,[351 Days RENTAL] SoftBank 601HW [WHITE] Premium 50GB,1,,,,,,,,[351 Days RENTAL] SoftBank 601HW [WHITE] Premium 50GB,sl.jpg,*,sl.jpg,sl.jpg,,,,,,,,,,,,,,,,,,,,,,0,1,sl_350_bt,,1,,56000,60500,,5,,,,,,,,,,,,,,,,,17,SoftBank 601HW プレミアム50GB
1220,,9,8,Yes (+ 50 JPY / Day),None (+ 0 JPY),,,[352 Days RENTAL] SoftBank 601HW [WHITE] Premium 50GB,1,,,,,,,,[352 Days RENTAL] SoftBank 601HW [WHITE] Premium 50GB,sl.jpg,*,sl.jpg,sl.jpg,,,,,,,,,,,,,,,,,,,,,,0,1,sl_351_bt,,1,,56000,60500,,5,,,,,,,,,,,,,,,,,17,SoftBank 601HW プレミアム50GB
1221,,9,8,Yes (+ 50 JPY / Day),None (+ 0 JPY),,,[353 Days RENTAL] SoftBank 601HW [WHITE] Premium 50GB,1,,,,,,,,[353 Days RENTAL] SoftBank 601HW [WHITE] Premium 50GB,sl.jpg,*,sl.jpg,sl.jpg,,,,,,,,,,,,,,,,,,,,,,0,1,sl_352_bt,,1,,56000,60500,,5,,,,,,,,,,,,,,,,,17,SoftBank 601HW プレミアム50GB
1222,,9,8,Yes (+ 50 JPY / Day),None (+ 0 JPY),,,[354 Days RENTAL] SoftBank 601HW [WHITE] Premium 50GB,1,,,,,,,,[354 Days RENTAL] SoftBank 601HW [WHITE] Premium 50GB,sl.jpg,*,sl.jpg,sl.jpg,,,,,,,,,,,,,,,,,,,,,,0,1,sl_353_bt,,1,,56000,60500,,5,,,,,,,,,,,,,,,,,17,SoftBank 601HW プレミアム50GB
1223,,9,8,Yes (+ 50 JPY / Day),None (+ 0 JPY),,,[355 Days RENTAL] SoftBank 601HW [WHITE] Premium 50GB,1,,,,,,,,[355 Days RENTAL] SoftBank 601HW [WHITE] Premium 50GB,sl.jpg,*,sl.jpg,sl.jpg,,,,,,,,,,,,,,,,,,,,,,0,1,sl_354_bt,,1,,56000,60500,,5,,,,,,,,,,,,,,,,,17,SoftBank 601HW プレミアム50GB
1224,,9,8,Yes (+ 50 JPY / Day),None (+ 0 JPY),,,[356 Days RENTAL] SoftBank 601HW [WHITE] Premium 50GB,1,,,,,,,,[356 Days RENTAL] SoftBank 601HW [WHITE] Premium 50GB,sl.jpg,*,sl.jpg,sl.jpg,,,,,,,,,,,,,,,,,,,,,,0,1,sl_355_bt,,1,,56000,60500,,5,,,,,,,,,,,,,,,,,17,SoftBank 601HW プレミアム50GB
1225,,9,8,Yes (+ 50 JPY / Day),None (+ 0 JPY),,,[357 Days RENTAL] SoftBank 601HW [WHITE] Premium 50GB,1,,,,,,,,[357 Days RENTAL] SoftBank 601HW [WHITE] Premium 50GB,sl.jpg,*,sl.jpg,sl.jpg,,,,,,,,,,,,,,,,,,,,,,0,1,sl_356_bt,,1,,56000,60500,,5,,,,,,,,,,,,,,,,,17,SoftBank 601HW プレミアム50GB
1226,,9,8,Yes (+ 50 JPY / Day),None (+ 0 JPY),,,[358 Days RENTAL] SoftBank 601HW [WHITE] Premium 50GB,1,,,,,,,,[358 Days RENTAL] SoftBank 601HW [WHITE] Premium 50GB,sl.jpg,*,sl.jpg,sl.jpg,,,,,,,,,,,,,,,,,,,,,,0,1,sl_357_bt,,1,,56000,60500,,5,,,,,,,,,,,,,,,,,17,SoftBank 601HW プレミアム50GB
1227,,9,8,Yes (+ 50 JPY / Day),None (+ 0 JPY),,,[359 Days RENTAL] SoftBank 601HW [WHITE] Premium 50GB,1,,,,,,,,[359 Days RENTAL] SoftBank 601HW [WHITE] Premium 50GB,sl.jpg,*,sl.jpg,sl.jpg,,,,,,,,,,,,,,,,,,,,,,0,1,sl_358_bt,,1,,56000,60500,,5,,,,,,,,,,,,,,,,,17,SoftBank 601HW プレミアム50GB
1228,,9,8,Yes (+ 50 JPY / Day),None (+ 0 JPY),,,[360 Days RENTAL] SoftBank 601HW [WHITE] Premium 50GB,1,,,,,,,,[360 Days RENTAL] SoftBank 601HW [WHITE] Premium 50GB,sl.jpg,*,sl.jpg,sl.jpg,,,,,,,,,,,,,,,,,,,,,,0,1,sl_359_bt,,1,,56000,60500,,5,,,,,,,,,,,,,,,,,17,SoftBank 601HW プレミアム50GB
1229,,9,8,Yes (+ 50 JPY / Day),None (+ 0 JPY),,,[361 Days RENTAL] SoftBank 601HW [WHITE] Premium 50GB,1,,,,,,,,[361 Days RENTAL] SoftBank 601HW [WHITE] Premium 50GB,sl.jpg,*,sl.jpg,sl.jpg,,,,,,,,,,,,,,,,,,,,,,0,1,sl_360_bt,,1,,56000,60500,,5,,,,,,,,,,,,,,,,,17,SoftBank 601HW プレミアム50GB
1230,,9,8,Yes (+ 50 JPY / Day),None (+ 0 JPY),,,[362 Days RENTAL] SoftBank 601HW [WHITE] Premium 50GB,1,,,,,,,,[362 Days RENTAL] SoftBank 601HW [WHITE] Premium 50GB,sl.jpg,*,sl.jpg,sl.jpg,,,,,,,,,,,,,,,,,,,,,,0,1,sl_361_bt,,1,,56000,60500,,5,,,,,,,,,,,,,,,,,17,SoftBank 601HW プレミアム50GB
1231,,9,8,Yes (+ 50 JPY / Day),None (+ 0 JPY),,,[363 Days RENTAL] SoftBank 601HW [WHITE] Premium 50GB,1,,,,,,,,[363 Days RENTAL] SoftBank 601HW [WHITE] Premium 50GB,sl.jpg,*,sl.jpg,sl.jpg,,,,,,,,,,,,,,,,,,,,,,0,1,sl_362_bt,,1,,56550,61100,,5,,,,,,,,,,,,,,,,,17,SoftBank 601HW プレミアム50GB
1232,,9,8,Yes (+ 50 JPY / Day),None (+ 0 JPY),,,[364 Days RENTAL] SoftBank 601HW [WHITE] Premium 50GB,1,,,,,,,,[364 Days RENTAL] SoftBank 601HW [WHITE] Premium 50GB,sl.jpg,*,sl.jpg,sl.jpg,,,,,,,,,,,,,,,,,,,,,,0,1,sl_363_bt,,1,,57100,61700,,5,,,,,,,,,,,,,,,,,17,SoftBank 601HW プレミアム50GB
1233,,9,8,Yes (+ 50 JPY / Day),None (+ 0 JPY),,,[365 Days RENTAL] SoftBank 601HW [WHITE] Premium 50GB,1,,,,,,,,[365 Days RENTAL] SoftBank 601HW [WHITE] Premium 50GB,sl.jpg,*,sl.jpg,sl.jpg,,,,,,,,,,,,,,,,,,,,,,0,1,sl_364_bt,,1,,57650,62300,,5,,,,,,,,,,,,,,,,,17,SoftBank 601HW プレミアム50GB
869,,10,7,None (+ 0 JPY),Yes (+ 540 JPY),,,[1 Days RENTAL] SoftBank 601HW [WHITE] Premium 50GB,1,,,,,,,,[1 Days RENTAL] SoftBank 601HW [WHITE] Premium 50GB,sl.jpg,*,sl.jpg,sl.jpg,,,,,,,,,,,,,,,,,,,,,,0,1,sl_000_in,,1,,550,1090,,5,,,,,,,,,,,,,,,,,17,SoftBank 601HW プレミアム50GB
870,,10,7,None (+ 0 JPY),Yes (+ 540 JPY),,,[2 Days RENTAL] SoftBank 601HW [WHITE] Premium 50GB,1,,,,,,,,[2 Days RENTAL] SoftBank 601HW [WHITE] Premium 50GB,sl.jpg,*,sl.jpg,sl.jpg,,,,,,,,,,,,,,,,,,,,,,0,1,sl_001_in,,1,,1100,1640,,5,,,,,,,,,,,,,,,,,17,SoftBank 601HW プレミアム50GB
871,,10,7,None (+ 0 JPY),Yes (+ 540 JPY),,,[3 Days RENTAL] SoftBank 601HW [WHITE] Premium 50GB,1,,,,,,,,[3 Days RENTAL] SoftBank 601HW [WHITE] Premium 50GB,sl.jpg,*,sl.jpg,sl.jpg,,,,,,,,,,,,,,,,,,,,,,0,1,sl_002_in,,1,,1650,2190,,5,,,,,,,,,,,,,,,,,17,SoftBank 601HW プレミアム50GB
872,,10,7,None (+ 0 JPY),Yes (+ 540 JPY),,,[4 Days RENTAL] SoftBank 601HW [WHITE] Premium 50GB,1,,,,,,,,[4 Days RENTAL] SoftBank 601HW [WHITE] Premium 50GB,sl.jpg,*,sl.jpg,sl.jpg,,,,,,,,,,,,,,,,,,,,,,0,1,sl_003_in,,1,,2200,2740,,5,,,,,,,,,,,,,,,,,17,SoftBank 601HW プレミアム50GB
873,,10,7,None (+ 0 JPY),Yes (+ 540 JPY),,,[5 Days RENTAL] SoftBank 601HW [WHITE] Premium 50GB,1,,,,,,,,[5 Days RENTAL] SoftBank 601HW [WHITE] Premium 50GB,sl.jpg,*,sl.jpg,sl.jpg,,,,,,,,,,,,,,,,,,,,,,0,1,sl_004_in,,1,,2750,3290,,5,,,,,,,,,,,,,,,,,17,SoftBank 601HW プレミアム50GB
874,,10,7,None (+ 0 JPY),Yes (+ 540 JPY),,,[6 Days RENTAL] SoftBank 601HW [WHITE] Premium 50GB,1,,,,,,,,[6 Days RENTAL] SoftBank 601HW [WHITE] Premium 50GB,sl.jpg,*,sl.jpg,sl.jpg,,,,,,,,,,,,,,,,,,,,,,0,1,sl_005_in,,1,,3300,3840,,5,,,,,,,,,,,,,,,,,17,SoftBank 601HW プレミアム50GB
875,,10,7,None (+ 0 JPY),Yes (+ 540 JPY),,,[7 Days RENTAL] SoftBank 601HW [WHITE] Premium 50GB,1,,,,,,,,[7 Days RENTAL] SoftBank 601HW [WHITE] Premium 50GB,sl.jpg,*,sl.jpg,sl.jpg,,,,,,,,,,,,,,,,,,,,,,0,1,sl_006_in,,1,,3850,4390,,5,,,,,,,,,,,,,,,,,17,SoftBank 601HW プレミアム50GB
876,,10,7,None (+ 0 JPY),Yes (+ 540 JPY),,,[8 Days RENTAL] SoftBank 601HW [WHITE] Premium 50GB,1,,,,,,,,[8 Days RENTAL] SoftBank 601HW [WHITE] Premium 50GB,sl.jpg,*,sl.jpg,sl.jpg,,,,,,,,,,,,,,,,,,,,,,0,1,sl_007_in,,1,,4400,4940,,5,,,,,,,,,,,,,,,,,17,SoftBank 601HW プレミアム50GB
877,,10,7,None (+ 0 JPY),Yes (+ 540 JPY),,,[9 Days RENTAL] SoftBank 601HW [WHITE] Premium 50GB,1,,,,,,,,[9 Days RENTAL] SoftBank 601HW [WHITE] Premium 50GB,sl.jpg,*,sl.jpg,sl.jpg,,,,,,,,,,,,,,,,,,,,,,0,1,sl_008_in,,1,,4950,5490,,5,,,,,,,,,,,,,,,,,17,SoftBank 601HW プレミアム50GB
878,,10,7,None (+ 0 JPY),Yes (+ 540 JPY),,,[10 Days RENTAL] SoftBank 601HW [WHITE] Premium 50GB,1,,,,,,,,[10 Days RENTAL] SoftBank 601HW [WHITE] Premium 50GB,sl.jpg,*,sl.jpg,sl.jpg,,,,,,,,,,,,,,,,,,,,,,0,1,sl_009_in,,1,,5500,6040,,5,,,,,,,,,,,,,,,,,17,SoftBank 601HW プレミアム50GB
879,,10,7,None (+ 0 JPY),Yes (+ 540 JPY),,,[11 Days RENTAL] SoftBank 601HW [WHITE] Premium 50GB,1,,,,,,,,[11 Days RENTAL] SoftBank 601HW [WHITE] Premium 50GB,sl.jpg,*,sl.jpg,sl.jpg,,,,,,,,,,,,,,,,,,,,,,0,1,sl_010_in,,1,,6050,6590,,5,,,,,,,,,,,,,,,,,17,SoftBank 601HW プレミアム50GB
880,,10,7,None (+ 0 JPY),Yes (+ 540 JPY),,,[12 Days RENTAL] SoftBank 601HW [WHITE] Premium 50GB,1,,,,,,,,[12 Days RENTAL] SoftBank 601HW [WHITE] Premium 50GB,sl.jpg,*,sl.jpg,sl.jpg,,,,,,,,,,,,,,,,,,,,,,0,1,sl_011_in,,1,,6600,7140,,5,,,,,,,,,,,,,,,,,17,SoftBank 601HW プレミアム50GB
881,,10,7,None (+ 0 JPY),Yes (+ 540 JPY),,,[13 Days RENTAL] SoftBank 601HW [WHITE] Premium 50GB,1,,,,,,,,[13 Days RENTAL] SoftBank 601HW [WHITE] Premium 50GB,sl.jpg,*,sl.jpg,sl.jpg,,,,,,,,,,,,,,,,,,,,,,0,1,sl_012_in,,1,,7150,7690,,5,,,,,,,,,,,,,,,,,17,SoftBank 601HW プレミアム50GB
882,,10,7,None (+ 0 JPY),Yes (+ 540 JPY),,,[14 Days RENTAL] SoftBank 601HW [WHITE] Premium 50GB,1,,,,,,,,[14 Days RENTAL] SoftBank 601HW [WHITE] Premium 50GB,sl.jpg,*,sl.jpg,sl.jpg,,,,,,,,,,,,,,,,,,,,,,0,1,sl_013_in,,1,,7700,8240,,5,,,,,,,,,,,,,,,,,17,SoftBank 601HW プレミアム50GB
883,,10,7,None (+ 0 JPY),Yes (+ 540 JPY),,,[15 Days RENTAL] SoftBank 601HW [WHITE] Premium 50GB,1,,,,,,,,[15 Days RENTAL] SoftBank 601HW [WHITE] Premium 50GB,sl.jpg,*,sl.jpg,sl.jpg,,,,,,,,,,,,,,,,,,,,,,0,1,sl_014_in,,1,,8250,8790,,5,,,,,,,,,,,,,,,,,17,SoftBank 601HW プレミアム50GB
884,,10,7,None (+ 0 JPY),Yes (+ 540 JPY),,,[16 Days RENTAL] SoftBank 601HW [WHITE] Premium 50GB,1,,,,,,,,[16 Days RENTAL] SoftBank 601HW [WHITE] Premium 50GB,sl.jpg,*,sl.jpg,sl.jpg,,,,,,,,,,,,,,,,,,,,,,0,1,sl_015_in,,1,,8250,8790,,5,,,,,,,,,,,,,,,,,17,SoftBank 601HW プレミアム50GB
885,,10,7,None (+ 0 JPY),Yes (+ 540 JPY),,,[17 Days RENTAL] SoftBank 601HW [WHITE] Premium 50GB,1,,,,,,,,[17 Days RENTAL] SoftBank 601HW [WHITE] Premium 50GB,sl.jpg,*,sl.jpg,sl.jpg,,,,,,,,,,,,,,,,,,,,,,0,1,sl_016_in,,1,,8250,8790,,5,,,,,,,,,,,,,,,,,17,SoftBank 601HW プレミアム50GB
886,,10,7,None (+ 0 JPY),Yes (+ 540 JPY),,,[18 Days RENTAL] SoftBank 601HW [WHITE] Premium 50GB,1,,,,,,,,[18 Days RENTAL] SoftBank 601HW [WHITE] Premium 50GB,sl.jpg,*,sl.jpg,sl.jpg,,,,,,,,,,,,,,,,,,,,,,0,1,sl_017_in,,1,,8250,8790,,5,,,,,,,,,,,,,,,,,17,SoftBank 601HW プレミアム50GB
887,,10,7,None (+ 0 JPY),Yes (+ 540 JPY),,,[19 Days RENTAL] SoftBank 601HW [WHITE] Premium 50GB,1,,,,,,,,[19 Days RENTAL] SoftBank 601HW [WHITE] Premium 50GB,sl.jpg,*,sl.jpg,sl.jpg,,,,,,,,,,,,,,,,,,,,,,0,1,sl_018_in,,1,,8250,8790,,5,,,,,,,,,,,,,,,,,17,SoftBank 601HW プレミアム50GB
888,,10,7,None (+ 0 JPY),Yes (+ 540 JPY),,,[20 Days RENTAL] SoftBank 601HW [WHITE] Premium 50GB,1,,,,,,,,[20 Days RENTAL] SoftBank 601HW [WHITE] Premium 50GB,sl.jpg,*,sl.jpg,sl.jpg,,,,,,,,,,,,,,,,,,,,,,0,1,sl_019_in,,1,,8250,8790,,5,,,,,,,,,,,,,,,,,17,SoftBank 601HW プレミアム50GB
889,,10,7,None (+ 0 JPY),Yes (+ 540 JPY),,,[21 Days RENTAL] SoftBank 601HW [WHITE] Premium 50GB,1,,,,,,,,[21 Days RENTAL] SoftBank 601HW [WHITE] Premium 50GB,sl.jpg,*,sl.jpg,sl.jpg,,,,,,,,,,,,,,,,,,,,,,0,1,sl_020_in,,1,,8250,8790,,5,,,,,,,,,,,,,,,,,17,SoftBank 601HW プレミアム50GB
890,,10,7,None (+ 0 JPY),Yes (+ 540 JPY),,,[22 Days RENTAL] SoftBank 601HW [WHITE] Premium 50GB,1,,,,,,,,[22 Days RENTAL] SoftBank 601HW [WHITE] Premium 50GB,sl.jpg,*,sl.jpg,sl.jpg,,,,,,,,,,,,,,,,,,,,,,0,1,sl_021_in,,1,,8250,8790,,5,,,,,,,,,,,,,,,,,17,SoftBank 601HW プレミアム50GB
891,,10,7,None (+ 0 JPY),Yes (+ 540 JPY),,,[23 Days RENTAL] SoftBank 601HW [WHITE] Premium 50GB,1,,,,,,,,[23 Days RENTAL] SoftBank 601HW [WHITE] Premium 50GB,sl.jpg,*,sl.jpg,sl.jpg,,,,,,,,,,,,,,,,,,,,,,0,1,sl_022_in,,1,,8250,8790,,5,,,,,,,,,,,,,,,,,17,SoftBank 601HW プレミアム50GB
892,,10,7,None (+ 0 JPY),Yes (+ 540 JPY),,,[24 Days RENTAL] SoftBank 601HW [WHITE] Premium 50GB,1,,,,,,,,[24 Days RENTAL] SoftBank 601HW [WHITE] Premium 50GB,sl.jpg,*,sl.jpg,sl.jpg,,,,,,,,,,,,,,,,,,,,,,0,1,sl_023_in,,1,,8250,8790,,5,,,,,,,,,,,,,,,,,17,SoftBank 601HW プレミアム50GB
893,,10,7,None (+ 0 JPY),Yes (+ 540 JPY),,,[25 Days RENTAL] SoftBank 601HW [WHITE] Premium 50GB,1,,,,,,,,[25 Days RENTAL] SoftBank 601HW [WHITE] Premium 50GB,sl.jpg,*,sl.jpg,sl.jpg,,,,,,,,,,,,,,,,,,,,,,0,1,sl_024_in,,1,,8250,8790,,5,,,,,,,,,,,,,,,,,17,SoftBank 601HW プレミアム50GB
894,,10,7,None (+ 0 JPY),Yes (+ 540 JPY),,,[26 Days RENTAL] SoftBank 601HW [WHITE] Premium 50GB,1,,,,,,,,[26 Days RENTAL] SoftBank 601HW [WHITE] Premium 50GB,sl.jpg,*,sl.jpg,sl.jpg,,,,,,,,,,,,,,,,,,,,,,0,1,sl_025_in,,1,,8250,8790,,5,,,,,,,,,,,,,,,,,17,SoftBank 601HW プレミアム50GB
895,,10,7,None (+ 0 JPY),Yes (+ 540 JPY),,,[27 Days RENTAL] SoftBank 601HW [WHITE] Premium 50GB,1,,,,,,,,[27 Days RENTAL] SoftBank 601HW [WHITE] Premium 50GB,sl.jpg,*,sl.jpg,sl.jpg,,,,,,,,,,,,,,,,,,,,,,0,1,sl_026_in,,1,,8250,8790,,5,,,,,,,,,,,,,,,,,17,SoftBank 601HW プレミアム50GB
896,,10,7,None (+ 0 JPY),Yes (+ 540 JPY),,,[28 Days RENTAL] SoftBank 601HW [WHITE] Premium 50GB,1,,,,,,,,[28 Days RENTAL] SoftBank 601HW [WHITE] Premium 50GB,sl.jpg,*,sl.jpg,sl.jpg,,,,,,,,,,,,,,,,,,,,,,0,1,sl_027_in,,1,,8250,8790,,5,,,,,,,,,,,,,,,,,17,SoftBank 601HW プレミアム50GB
897,,10,7,None (+ 0 JPY),Yes (+ 540 JPY),,,[29 Days RENTAL] SoftBank 601HW [WHITE] Premium 50GB,1,,,,,,,,[29 Days RENTAL] SoftBank 601HW [WHITE] Premium 50GB,sl.jpg,*,sl.jpg,sl.jpg,,,,,,,,,,,,,,,,,,,,,,0,1,sl_028_in,,1,,8250,8790,,5,,,,,,,,,,,,,,,,,17,SoftBank 601HW プレミアム50GB
898,,10,7,None (+ 0 JPY),Yes (+ 540 JPY),,,[30 Days RENTAL] SoftBank 601HW [WHITE] Premium 50GB,1,,,,,,,,[30 Days RENTAL] SoftBank 601HW [WHITE] Premium 50GB,sl.jpg,*,sl.jpg,sl.jpg,,,,,,,,,,,,,,,,,,,,,,0,1,sl_029_in,,1,,8250,8790,,5,,,,,,,,,,,,,,,,,17,SoftBank 601HW プレミアム50GB
899,,10,7,None (+ 0 JPY),Yes (+ 540 JPY),,,[31 Days RENTAL] SoftBank 601HW [WHITE] Premium 50GB,1,,,,,,,,[31 Days RENTAL] SoftBank 601HW [WHITE] Premium 50GB,sl.jpg,*,sl.jpg,sl.jpg,,,,,,,,,,,,,,,,,,,,,,0,1,sl_030_in,,1,,8250,8790,,5,,,,,,,,,,,,,,,,,17,SoftBank 601HW プレミアム50GB
900,,10,7,None (+ 0 JPY),Yes (+ 540 JPY),,,[32 Days RENTAL] SoftBank 601HW [WHITE] Premium 50GB,1,,,,,,,,[32 Days RENTAL] SoftBank 601HW [WHITE] Premium 50GB,sl.jpg,*,sl.jpg,sl.jpg,,,,,,,,,,,,,,,,,,,,,,0,1,sl_031_in,,1,,8800,9340,,5,,,,,,,,,,,,,,,,,17,SoftBank 601HW プレミアム50GB
901,,10,7,None (+ 0 JPY),Yes (+ 540 JPY),,,[33 Days RENTAL] SoftBank 601HW [WHITE] Premium 50GB,1,,,,,,,,[33 Days RENTAL] SoftBank 601HW [WHITE] Premium 50GB,sl.jpg,*,sl.jpg,sl.jpg,,,,,,,,,,,,,,,,,,,,,,0,1,sl_032_in,,1,,9350,9890,,5,,,,,,,,,,,,,,,,,17,SoftBank 601HW プレミアム50GB
902,,10,7,None (+ 0 JPY),Yes (+ 540 JPY),,,[34 Days RENTAL] SoftBank 601HW [WHITE] Premium 50GB,1,,,,,,,,[34 Days RENTAL] SoftBank 601HW [WHITE] Premium 50GB,sl.jpg,*,sl.jpg,sl.jpg,,,,,,,,,,,,,,,,,,,,,,0,1,sl_033_in,,1,,9900,10440,,5,,,,,,,,,,,,,,,,,17,SoftBank 601HW プレミアム50GB
903,,10,7,None (+ 0 JPY),Yes (+ 540 JPY),,,[35 Days RENTAL] SoftBank 601HW [WHITE] Premium 50GB,1,,,,,,,,[35 Days RENTAL] SoftBank 601HW [WHITE] Premium 50GB,sl.jpg,*,sl.jpg,sl.jpg,,,,,,,,,,,,,,,,,,,,,,0,1,sl_034_in,,1,,10450,10990,,5,,,,,,,,,,,,,,,,,17,SoftBank 601HW プレミアム50GB
904,,10,7,None (+ 0 JPY),Yes (+ 540 JPY),,,[36 Days RENTAL] SoftBank 601HW [WHITE] Premium 50GB,1,,,,,,,,[36 Days RENTAL] SoftBank 601HW [WHITE] Premium 50GB,sl.jpg,*,sl.jpg,sl.jpg,,,,,,,,,,,,,,,,,,,,,,0,1,sl_035_in,,1,,11000,11540,,5,,,,,,,,,,,,,,,,,17,SoftBank 601HW プレミアム50GB
905,,10,7,None (+ 0 JPY),Yes (+ 540 JPY),,,[37 Days RENTAL] SoftBank 601HW [WHITE] Premium 50GB,1,,,,,,,,[37 Days RENTAL] SoftBank 601HW [WHITE] Premium 50GB,sl.jpg,*,sl.jpg,sl.jpg,,,,,,,,,,,,,,,,,,,,,,0,1,sl_036_in,,1,,11550,12090,,5,,,,,,,,,,,,,,,,,17,SoftBank 601HW プレミアム50GB
906,,10,7,None (+ 0 JPY),Yes (+ 540 JPY),,,[38 Days RENTAL] SoftBank 601HW [WHITE] Premium 50GB,1,,,,,,,,[38 Days RENTAL] SoftBank 601HW [WHITE] Premium 50GB,sl.jpg,*,sl.jpg,sl.jpg,,,,,,,,,,,,,,,,,,,,,,0,1,sl_037_in,,1,,12100,12640,,5,,,,,,,,,,,,,,,,,17,SoftBank 601HW プレミアム50GB
907,,10,7,None (+ 0 JPY),Yes (+ 540 JPY),,,[39 Days RENTAL] SoftBank 601HW [WHITE] Premium 50GB,1,,,,,,,,[39 Days RENTAL] SoftBank 601HW [WHITE] Premium 50GB,sl.jpg,*,sl.jpg,sl.jpg,,,,,,,,,,,,,,,,,,,,,,0,1,sl_038_in,,1,,12650,13190,,5,,,,,,,,,,,,,,,,,17,SoftBank 601HW プレミアム50GB
908,,10,7,None (+ 0 JPY),Yes (+ 540 JPY),,,[40 Days RENTAL] SoftBank 601HW [WHITE] Premium 50GB,1,,,,,,,,[40 Days RENTAL] SoftBank 601HW [WHITE] Premium 50GB,sl.jpg,*,sl.jpg,sl.jpg,,,,,,,,,,,,,,,,,,,,,,0,1,sl_039_in,,1,,13200,13740,,5,,,,,,,,,,,,,,,,,17,SoftBank 601HW プレミアム50GB
909,,10,7,None (+ 0 JPY),Yes (+ 540 JPY),,,[41 Days RENTAL] SoftBank 601HW [WHITE] Premium 50GB,1,,,,,,,,[41 Days RENTAL] SoftBank 601HW [WHITE] Premium 50GB,sl.jpg,*,sl.jpg,sl.jpg,,,,,,,,,,,,,,,,,,,,,,0,1,sl_040_in,,1,,13750,14290,,5,,,,,,,,,,,,,,,,,17,SoftBank 601HW プレミアム50GB
910,,10,7,None (+ 0 JPY),Yes (+ 540 JPY),,,[42 Days RENTAL] SoftBank 601HW [WHITE] Premium 50GB,1,,,,,,,,[42 Days RENTAL] SoftBank 601HW [WHITE] Premium 50GB,sl.jpg,*,sl.jpg,sl.jpg,,,,,,,,,,,,,,,,,,,,,,0,1,sl_041_in,,1,,14300,14840,,5,,,,,,,,,,,,,,,,,17,SoftBank 601HW プレミアム50GB
911,,10,7,None (+ 0 JPY),Yes (+ 540 JPY),,,[43 Days RENTAL] SoftBank 601HW [WHITE] Premium 50GB,1,,,,,,,,[43 Days RENTAL] SoftBank 601HW [WHITE] Premium 50GB,sl.jpg,*,sl.jpg,sl.jpg,,,,,,,,,,,,,,,,,,,,,,0,1,sl_042_in,,1,,14650,15190,,5,,,,,,,,,,,,,,,,,17,SoftBank 601HW プレミアム50GB
912,,10,7,None (+ 0 JPY),Yes (+ 540 JPY),,,[44 Days RENTAL] SoftBank 601HW [WHITE] Premium 50GB,1,,,,,,,,[44 Days RENTAL] SoftBank 601HW [WHITE] Premium 50GB,sl.jpg,*,sl.jpg,sl.jpg,,,,,,,,,,,,,,,,,,,,,,0,1,sl_043_in,,1,,14650,15190,,5,,,,,,,,,,,,,,,,,17,SoftBank 601HW プレミアム50GB
913,,10,7,None (+ 0 JPY),Yes (+ 540 JPY),,,[45 Days RENTAL] SoftBank 601HW [WHITE] Premium 50GB,1,,,,,,,,[45 Days RENTAL] SoftBank 601HW [WHITE] Premium 50GB,sl.jpg,*,sl.jpg,sl.jpg,,,,,,,,,,,,,,,,,,,,,,0,1,sl_044_in,,1,,14650,15190,,5,,,,,,,,,,,,,,,,,17,SoftBank 601HW プレミアム50GB
914,,10,7,None (+ 0 JPY),Yes (+ 540 JPY),,,[46 Days RENTAL] SoftBank 601HW [WHITE] Premium 50GB,1,,,,,,,,[46 Days RENTAL] SoftBank 601HW [WHITE] Premium 50GB,sl.jpg,*,sl.jpg,sl.jpg,,,,,,,,,,,,,,,,,,,,,,0,1,sl_045_in,,1,,14650,15190,,5,,,,,,,,,,,,,,,,,17,SoftBank 601HW プレミアム50GB
915,,10,7,None (+ 0 JPY),Yes (+ 540 JPY),,,[47 Days RENTAL] SoftBank 601HW [WHITE] Premium 50GB,1,,,,,,,,[47 Days RENTAL] SoftBank 601HW [WHITE] Premium 50GB,sl.jpg,*,sl.jpg,sl.jpg,,,,,,,,,,,,,,,,,,,,,,0,1,sl_046_in,,1,,14650,15190,,5,,,,,,,,,,,,,,,,,17,SoftBank 601HW プレミアム50GB
916,,10,7,None (+ 0 JPY),Yes (+ 540 JPY),,,[48 Days RENTAL] SoftBank 601HW [WHITE] Premium 50GB,1,,,,,,,,[48 Days RENTAL] SoftBank 601HW [WHITE] Premium 50GB,sl.jpg,*,sl.jpg,sl.jpg,,,,,,,,,,,,,,,,,,,,,,0,1,sl_047_in,,1,,14650,15190,,5,,,,,,,,,,,,,,,,,17,SoftBank 601HW プレミアム50GB
917,,10,7,None (+ 0 JPY),Yes (+ 540 JPY),,,[49 Days RENTAL] SoftBank 601HW [WHITE] Premium 50GB,1,,,,,,,,[49 Days RENTAL] SoftBank 601HW [WHITE] Premium 50GB,sl.jpg,*,sl.jpg,sl.jpg,,,,,,,,,,,,,,,,,,,,,,0,1,sl_048_in,,1,,14650,15190,,5,,,,,,,,,,,,,,,,,17,SoftBank 601HW プレミアム50GB
918,,10,7,None (+ 0 JPY),Yes (+ 540 JPY),,,[50 Days RENTAL] SoftBank 601HW [WHITE] Premium 50GB,1,,,,,,,,[50 Days RENTAL] SoftBank 601HW [WHITE] Premium 50GB,sl.jpg,*,sl.jpg,sl.jpg,,,,,,,,,,,,,,,,,,,,,,0,1,sl_049_in,,1,,14650,15190,,5,,,,,,,,,,,,,,,,,17,SoftBank 601HW プレミアム50GB
919,,10,7,None (+ 0 JPY),Yes (+ 540 JPY),,,[51 Days RENTAL] SoftBank 601HW [WHITE] Premium 50GB,1,,,,,,,,[51 Days RENTAL] SoftBank 601HW [WHITE] Premium 50GB,sl.jpg,*,sl.jpg,sl.jpg,,,,,,,,,,,,,,,,,,,,,,0,1,sl_050_in,,1,,14650,15190,,5,,,,,,,,,,,,,,,,,17,SoftBank 601HW プレミアム50GB
920,,10,7,None (+ 0 JPY),Yes (+ 540 JPY),,,[52 Days RENTAL] SoftBank 601HW [WHITE] Premium 50GB,1,,,,,,,,[52 Days RENTAL] SoftBank 601HW [WHITE] Premium 50GB,sl.jpg,*,sl.jpg,sl.jpg,,,,,,,,,,,,,,,,,,,,,,0,1,sl_051_in,,1,,14650,15190,,5,,,,,,,,,,,,,,,,,17,SoftBank 601HW プレミアム50GB
921,,10,7,None (+ 0 JPY),Yes (+ 540 JPY),,,[53 Days RENTAL] SoftBank 601HW [WHITE] Premium 50GB,1,,,,,,,,[53 Days RENTAL] SoftBank 601HW [WHITE] Premium 50GB,sl.jpg,*,sl.jpg,sl.jpg,,,,,,,,,,,,,,,,,,,,,,0,1,sl_052_in,,1,,14650,15190,,5,,,,,,,,,,,,,,,,,17,SoftBank 601HW プレミアム50GB
922,,10,7,None (+ 0 JPY),Yes (+ 540 JPY),,,[54 Days RENTAL] SoftBank 601HW [WHITE] Premium 50GB,1,,,,,,,,[54 Days RENTAL] SoftBank 601HW [WHITE] Premium 50GB,sl.jpg,*,sl.jpg,sl.jpg,,,,,,,,,,,,,,,,,,,,,,0,1,sl_053_in,,1,,14650,15190,,5,,,,,,,,,,,,,,,,,17,SoftBank 601HW プレミアム50GB
923,,10,7,None (+ 0 JPY),Yes (+ 540 JPY),,,[55 Days RENTAL] SoftBank 601HW [WHITE] Premium 50GB,1,,,,,,,,[55 Days RENTAL] SoftBank 601HW [WHITE] Premium 50GB,sl.jpg,*,sl.jpg,sl.jpg,,,,,,,,,,,,,,,,,,,,,,0,1,sl_054_in,,1,,14650,15190,,5,,,,,,,,,,,,,,,,,17,SoftBank 601HW プレミアム50GB
924,,10,7,None (+ 0 JPY),Yes (+ 540 JPY),,,[56 Days RENTAL] SoftBank 601HW [WHITE] Premium 50GB,1,,,,,,,,[56 Days RENTAL] SoftBank 601HW [WHITE] Premium 50GB,sl.jpg,*,sl.jpg,sl.jpg,,,,,,,,,,,,,,,,,,,,,,0,1,sl_055_in,,1,,14650,15190,,5,,,,,,,,,,,,,,,,,17,SoftBank 601HW プレミアム50GB
925,,10,7,None (+ 0 JPY),Yes (+ 540 JPY),,,[57 Days RENTAL] SoftBank 601HW [WHITE] Premium 50GB,1,,,,,,,,[57 Days RENTAL] SoftBank 601HW [WHITE] Premium 50GB,sl.jpg,*,sl.jpg,sl.jpg,,,,,,,,,,,,,,,,,,,,,,0,1,sl_056_in,,1,,14650,15190,,5,,,,,,,,,,,,,,,,,17,SoftBank 601HW プレミアム50GB
926,,10,7,None (+ 0 JPY),Yes (+ 540 JPY),,,[58 Days RENTAL] SoftBank 601HW [WHITE] Premium 50GB,1,,,,,,,,[58 Days RENTAL] SoftBank 601HW [WHITE] Premium 50GB,sl.jpg,*,sl.jpg,sl.jpg,,,,,,,,,,,,,,,,,,,,,,0,1,sl_057_in,,1,,14650,15190,,5,,,,,,,,,,,,,,,,,17,SoftBank 601HW プレミアム50GB
927,,10,7,None (+ 0 JPY),Yes (+ 540 JPY),,,[59 Days RENTAL] SoftBank 601HW [WHITE] Premium 50GB,1,,,,,,,,[59 Days RENTAL] SoftBank 601HW [WHITE] Premium 50GB,sl.jpg,*,sl.jpg,sl.jpg,,,,,,,,,,,,,,,,,,,,,,0,1,sl_058_in,,1,,14650,15190,,5,,,,,,,,,,,,,,,,,17,SoftBank 601HW プレミアム50GB
928,,10,7,None (+ 0 JPY),Yes (+ 540 JPY),,,[60 Days RENTAL] SoftBank 601HW [WHITE] Premium 50GB,1,,,,,,,,[60 Days RENTAL] SoftBank 601HW [WHITE] Premium 50GB,sl.jpg,*,sl.jpg,sl.jpg,,,,,,,,,,,,,,,,,,,,,,0,1,sl_059_in,,1,,14650,15190,,5,,,,,,,,,,,,,,,,,17,SoftBank 601HW プレミアム50GB
929,,10,7,None (+ 0 JPY),Yes (+ 540 JPY),,,[61 Days RENTAL] SoftBank 601HW [WHITE] Premium 50GB,1,,,,,,,,[61 Days RENTAL] SoftBank 601HW [WHITE] Premium 50GB,sl.jpg,*,sl.jpg,sl.jpg,,,,,,,,,,,,,,,,,,,,,,0,1,sl_060_in,,1,,14650,15190,,5,,,,,,,,,,,,,,,,,17,SoftBank 601HW プレミアム50GB
930,,10,7,None (+ 0 JPY),Yes (+ 540 JPY),,,[62 Days RENTAL] SoftBank 601HW [WHITE] Premium 50GB,1,,,,,,,,[62 Days RENTAL] SoftBank 601HW [WHITE] Premium 50GB,sl.jpg,*,sl.jpg,sl.jpg,,,,,,,,,,,,,,,,,,,,,,0,1,sl_061_in,,1,,15200,15740,,5,,,,,,,,,,,,,,,,,17,SoftBank 601HW プレミアム50GB
931,,10,7,None (+ 0 JPY),Yes (+ 540 JPY),,,[63 Days RENTAL] SoftBank 601HW [WHITE] Premium 50GB,1,,,,,,,,[63 Days RENTAL] SoftBank 601HW [WHITE] Premium 50GB,sl.jpg,*,sl.jpg,sl.jpg,,,,,,,,,,,,,,,,,,,,,,0,1,sl_062_in,,1,,15750,16290,,5,,,,,,,,,,,,,,,,,17,SoftBank 601HW プレミアム50GB
932,,10,7,None (+ 0 JPY),Yes (+ 540 JPY),,,[64 Days RENTAL] SoftBank 601HW [WHITE] Premium 50GB,1,,,,,,,,[64 Days RENTAL] SoftBank 601HW [WHITE] Premium 50GB,sl.jpg,*,sl.jpg,sl.jpg,,,,,,,,,,,,,,,,,,,,,,0,1,sl_063_in,,1,,16300,16840,,5,,,,,,,,,,,,,,,,,17,SoftBank 601HW プレミアム50GB
933,,10,7,None (+ 0 JPY),Yes (+ 540 JPY),,,[65 Days RENTAL] SoftBank 601HW [WHITE] Premium 50GB,1,,,,,,,,[65 Days RENTAL] SoftBank 601HW [WHITE] Premium 50GB,sl.jpg,*,sl.jpg,sl.jpg,,,,,,,,,,,,,,,,,,,,,,0,1,sl_064_in,,1,,16850,17390,,5,,,,,,,,,,,,,,,,,17,SoftBank 601HW プレミアム50GB
934,,10,7,None (+ 0 JPY),Yes (+ 540 JPY),,,[66 Days RENTAL] SoftBank 601HW [WHITE] Premium 50GB,1,,,,,,,,[66 Days RENTAL] SoftBank 601HW [WHITE] Premium 50GB,sl.jpg,*,sl.jpg,sl.jpg,,,,,,,,,,,,,,,,,,,,,,0,1,sl_065_in,,1,,17400,17940,,5,,,,,,,,,,,,,,,,,17,SoftBank 601HW プレミアム50GB
935,,10,7,None (+ 0 JPY),Yes (+ 540 JPY),,,[67 Days RENTAL] SoftBank 601HW [WHITE] Premium 50GB,1,,,,,,,,[67 Days RENTAL] SoftBank 601HW [WHITE] Premium 50GB,sl.jpg,*,sl.jpg,sl.jpg,,,,,,,,,,,,,,,,,,,,,,0,1,sl_066_in,,1,,17950,18490,,5,,,,,,,,,,,,,,,,,17,SoftBank 601HW プレミアム50GB
936,,10,7,None (+ 0 JPY),Yes (+ 540 JPY),,,[68 Days RENTAL] SoftBank 601HW [WHITE] Premium 50GB,1,,,,,,,,[68 Days RENTAL] SoftBank 601HW [WHITE] Premium 50GB,sl.jpg,*,sl.jpg,sl.jpg,,,,,,,,,,,,,,,,,,,,,,0,1,sl_067_in,,1,,18500,19040,,5,,,,,,,,,,,,,,,,,17,SoftBank 601HW プレミアム50GB
937,,10,7,None (+ 0 JPY),Yes (+ 540 JPY),,,[69 Days RENTAL] SoftBank 601HW [WHITE] Premium 50GB,1,,,,,,,,[69 Days RENTAL] SoftBank 601HW [WHITE] Premium 50GB,sl.jpg,*,sl.jpg,sl.jpg,,,,,,,,,,,,,,,,,,,,,,0,1,sl_068_in,,1,,19050,19590,,5,,,,,,,,,,,,,,,,,17,SoftBank 601HW プレミアム50GB
938,,10,7,None (+ 0 JPY),Yes (+ 540 JPY),,,[70 Days RENTAL] SoftBank 601HW [WHITE] Premium 50GB,1,,,,,,,,[70 Days RENTAL] SoftBank 601HW [WHITE] Premium 50GB,sl.jpg,*,sl.jpg,sl.jpg,,,,,,,,,,,,,,,,,,,,,,0,1,sl_069_in,,1,,19600,20140,,5,,,,,,,,,,,,,,,,,17,SoftBank 601HW プレミアム50GB
939,,10,7,None (+ 0 JPY),Yes (+ 540 JPY),,,[71 Days RENTAL] SoftBank 601HW [WHITE] Premium 50GB,1,,,,,,,,[71 Days RENTAL] SoftBank 601HW [WHITE] Premium 50GB,sl.jpg,*,sl.jpg,sl.jpg,,,,,,,,,,,,,,,,,,,,,,0,1,sl_070_in,,1,,20150,20690,,5,,,,,,,,,,,,,,,,,17,SoftBank 601HW プレミアム50GB
940,,10,7,None (+ 0 JPY),Yes (+ 540 JPY),,,[72 Days RENTAL] SoftBank 601HW [WHITE] Premium 50GB,1,,,,,,,,[72 Days RENTAL] SoftBank 601HW [WHITE] Premium 50GB,sl.jpg,*,sl.jpg,sl.jpg,,,,,,,,,,,,,,,,,,,,,,0,1,sl_071_in,,1,,20500,21040,,5,,,,,,,,,,,,,,,,,17,SoftBank 601HW プレミアム50GB
941,,10,7,None (+ 0 JPY),Yes (+ 540 JPY),,,[73 Days RENTAL] SoftBank 601HW [WHITE] Premium 50GB,1,,,,,,,,[73 Days RENTAL] SoftBank 601HW [WHITE] Premium 50GB,sl.jpg,*,sl.jpg,sl.jpg,,,,,,,,,,,,,,,,,,,,,,0,1,sl_072_in,,1,,20500,21040,,5,,,,,,,,,,,,,,,,,17,SoftBank 601HW プレミアム50GB
942,,10,7,None (+ 0 JPY),Yes (+ 540 JPY),,,[74 Days RENTAL] SoftBank 601HW [WHITE] Premium 50GB,1,,,,,,,,[74 Days RENTAL] SoftBank 601HW [WHITE] Premium 50GB,sl.jpg,*,sl.jpg,sl.jpg,,,,,,,,,,,,,,,,,,,,,,0,1,sl_073_in,,1,,20500,21040,,5,,,,,,,,,,,,,,,,,17,SoftBank 601HW プレミアム50GB
943,,10,7,None (+ 0 JPY),Yes (+ 540 JPY),,,[75 Days RENTAL] SoftBank 601HW [WHITE] Premium 50GB,1,,,,,,,,[75 Days RENTAL] SoftBank 601HW [WHITE] Premium 50GB,sl.jpg,*,sl.jpg,sl.jpg,,,,,,,,,,,,,,,,,,,,,,0,1,sl_074_in,,1,,20500,21040,,5,,,,,,,,,,,,,,,,,17,SoftBank 601HW プレミアム50GB
944,,10,7,None (+ 0 JPY),Yes (+ 540 JPY),,,[76 Days RENTAL] SoftBank 601HW [WHITE] Premium 50GB,1,,,,,,,,[76 Days RENTAL] SoftBank 601HW [WHITE] Premium 50GB,sl.jpg,*,sl.jpg,sl.jpg,,,,,,,,,,,,,,,,,,,,,,0,1,sl_075_in,,1,,20500,21040,,5,,,,,,,,,,,,,,,,,17,SoftBank 601HW プレミアム50GB
945,,10,7,None (+ 0 JPY),Yes (+ 540 JPY),,,[77 Days RENTAL] SoftBank 601HW [WHITE] Premium 50GB,1,,,,,,,,[77 Days RENTAL] SoftBank 601HW [WHITE] Premium 50GB,sl.jpg,*,sl.jpg,sl.jpg,,,,,,,,,,,,,,,,,,,,,,0,1,sl_076_in,,1,,20500,21040,,5,,,,,,,,,,,,,,,,,17,SoftBank 601HW プレミアム50GB
946,,10,7,None (+ 0 JPY),Yes (+ 540 JPY),,,[78 Days RENTAL] SoftBank 601HW [WHITE] Premium 50GB,1,,,,,,,,[78 Days RENTAL] SoftBank 601HW [WHITE] Premium 50GB,sl.jpg,*,sl.jpg,sl.jpg,,,,,,,,,,,,,,,,,,,,,,0,1,sl_077_in,,1,,20500,21040,,5,,,,,,,,,,,,,,,,,17,SoftBank 601HW プレミアム50GB
947,,10,7,None (+ 0 JPY),Yes (+ 540 JPY),,,[79 Days RENTAL] SoftBank 601HW [WHITE] Premium 50GB,1,,,,,,,,[79 Days RENTAL] SoftBank 601HW [WHITE] Premium 50GB,sl.jpg,*,sl.jpg,sl.jpg,,,,,,,,,,,,,,,,,,,,,,0,1,sl_078_in,,1,,20500,21040,,5,,,,,,,,,,,,,,,,,17,SoftBank 601HW プレミアム50GB
948,,10,7,None (+ 0 JPY),Yes (+ 540 JPY),,,[80 Days RENTAL] SoftBank 601HW [WHITE] Premium 50GB,1,,,,,,,,[80 Days RENTAL] SoftBank 601HW [WHITE] Premium 50GB,sl.jpg,*,sl.jpg,sl.jpg,,,,,,,,,,,,,,,,,,,,,,0,1,sl_079_in,,1,,20500,21040,,5,,,,,,,,,,,,,,,,,17,SoftBank 601HW プレミアム50GB
949,,10,7,None (+ 0 JPY),Yes (+ 540 JPY),,,[81 Days RENTAL] SoftBank 601HW [WHITE] Premium 50GB,1,,,,,,,,[81 Days RENTAL] SoftBank 601HW [WHITE] Premium 50GB,sl.jpg,*,sl.jpg,sl.jpg,,,,,,,,,,,,,,,,,,,,,,0,1,sl_080_in,,1,,20500,21040,,5,,,,,,,,,,,,,,,,,17,SoftBank 601HW プレミアム50GB
950,,10,7,None (+ 0 JPY),Yes (+ 540 JPY),,,[82 Days RENTAL] SoftBank 601HW [WHITE] Premium 50GB,1,,,,,,,,[82 Days RENTAL] SoftBank 601HW [WHITE] Premium 50GB,sl.jpg,*,sl.jpg,sl.jpg,,,,,,,,,,,,,,,,,,,,,,0,1,sl_081_in,,1,,20500,21040,,5,,,,,,,,,,,,,,,,,17,SoftBank 601HW プレミアム50GB
951,,10,7,None (+ 0 JPY),Yes (+ 540 JPY),,,[83 Days RENTAL] SoftBank 601HW [WHITE] Premium 50GB,1,,,,,,,,[83 Days RENTAL] SoftBank 601HW [WHITE] Premium 50GB,sl.jpg,*,sl.jpg,sl.jpg,,,,,,,,,,,,,,,,,,,,,,0,1,sl_082_in,,1,,20500,21040,,5,,,,,,,,,,,,,,,,,17,SoftBank 601HW プレミアム50GB
952,,10,7,None (+ 0 JPY),Yes (+ 540 JPY),,,[84 Days RENTAL] SoftBank 601HW [WHITE] Premium 50GB,1,,,,,,,,[84 Days RENTAL] SoftBank 601HW [WHITE] Premium 50GB,sl.jpg,*,sl.jpg,sl.jpg,,,,,,,,,,,,,,,,,,,,,,0,1,sl_083_in,,1,,20500,21040,,5,,,,,,,,,,,,,,,,,17,SoftBank 601HW プレミアム50GB
953,,10,7,None (+ 0 JPY),Yes (+ 540 JPY),,,[85 Days RENTAL] SoftBank 601HW [WHITE] Premium 50GB,1,,,,,,,,[85 Days RENTAL] SoftBank 601HW [WHITE] Premium 50GB,sl.jpg,*,sl.jpg,sl.jpg,,,,,,,,,,,,,,,,,,,,,,0,1,sl_084_in,,1,,20500,21040,,5,,,,,,,,,,,,,,,,,17,SoftBank 601HW プレミアム50GB
954,,10,7,None (+ 0 JPY),Yes (+ 540 JPY),,,[86 Days RENTAL] SoftBank 601HW [WHITE] Premium 50GB,1,,,,,,,,[86 Days RENTAL] SoftBank 601HW [WHITE] Premium 50GB,sl.jpg,*,sl.jpg,sl.jpg,,,,,,,,,,,,,,,,,,,,,,0,1,sl_085_in,,1,,20500,21040,,5,,,,,,,,,,,,,,,,,17,SoftBank 601HW プレミアム50GB
955,,10,7,None (+ 0 JPY),Yes (+ 540 JPY),,,[87 Days RENTAL] SoftBank 601HW [WHITE] Premium 50GB,1,,,,,,,,[87 Days RENTAL] SoftBank 601HW [WHITE] Premium 50GB,sl.jpg,*,sl.jpg,sl.jpg,,,,,,,,,,,,,,,,,,,,,,0,1,sl_086_in,,1,,20500,21040,,5,,,,,,,,,,,,,,,,,17,SoftBank 601HW プレミアム50GB
956,,10,7,None (+ 0 JPY),Yes (+ 540 JPY),,,[88 Days RENTAL] SoftBank 601HW [WHITE] Premium 50GB,1,,,,,,,,[88 Days RENTAL] SoftBank 601HW [WHITE] Premium 50GB,sl.jpg,*,sl.jpg,sl.jpg,,,,,,,,,,,,,,,,,,,,,,0,1,sl_087_in,,1,,20500,21040,,5,,,,,,,,,,,,,,,,,17,SoftBank 601HW プレミアム50GB
957,,10,7,None (+ 0 JPY),Yes (+ 540 JPY),,,[89 Days RENTAL] SoftBank 601HW [WHITE] Premium 50GB,1,,,,,,,,[89 Days RENTAL] SoftBank 601HW [WHITE] Premium 50GB,sl.jpg,*,sl.jpg,sl.jpg,,,,,,,,,,,,,,,,,,,,,,0,1,sl_088_in,,1,,20500,21040,,5,,,,,,,,,,,,,,,,,17,SoftBank 601HW プレミアム50GB
958,,10,7,None (+ 0 JPY),Yes (+ 540 JPY),,,[90 Days RENTAL] SoftBank 601HW [WHITE] Premium 50GB,1,,,,,,,,[90 Days RENTAL] SoftBank 601HW [WHITE] Premium 50GB,sl.jpg,*,sl.jpg,sl.jpg,,,,,,,,,,,,,,,,,,,,,,0,1,sl_089_in,,1,,20500,21040,,5,,,,,,,,,,,,,,,,,17,SoftBank 601HW プレミアム50GB
959,,10,7,None (+ 0 JPY),Yes (+ 540 JPY),,,[91 Days RENTAL] SoftBank 601HW [WHITE] Premium 50GB,1,,,,,,,,[91 Days RENTAL] SoftBank 601HW [WHITE] Premium 50GB,sl.jpg,*,sl.jpg,sl.jpg,,,,,,,,,,,,,,,,,,,,,,0,1,sl_090_in,,1,,20500,21040,,5,,,,,,,,,,,,,,,,,17,SoftBank 601HW プレミアム50GB
960,,10,7,None (+ 0 JPY),Yes (+ 540 JPY),,,[92 Days RENTAL] SoftBank 601HW [WHITE] Premium 50GB,1,,,,,,,,[92 Days RENTAL] SoftBank 601HW [WHITE] Premium 50GB,sl.jpg,*,sl.jpg,sl.jpg,,,,,,,,,,,,,,,,,,,,,,0,1,sl_091_in,,1,,21050,21590,,5,,,,,,,,,,,,,,,,,17,SoftBank 601HW プレミアム50GB
961,,10,7,None (+ 0 JPY),Yes (+ 540 JPY),,,[93 Days RENTAL] SoftBank 601HW [WHITE] Premium 50GB,1,,,,,,,,[93 Days RENTAL] SoftBank 601HW [WHITE] Premium 50GB,sl.jpg,*,sl.jpg,sl.jpg,,,,,,,,,,,,,,,,,,,,,,0,1,sl_092_in,,1,,21600,22140,,5,,,,,,,,,,,,,,,,,17,SoftBank 601HW プレミアム50GB
962,,10,7,None (+ 0 JPY),Yes (+ 540 JPY),,,[94 Days RENTAL] SoftBank 601HW [WHITE] Premium 50GB,1,,,,,,,,[94 Days RENTAL] SoftBank 601HW [WHITE] Premium 50GB,sl.jpg,*,sl.jpg,sl.jpg,,,,,,,,,,,,,,,,,,,,,,0,1,sl_093_in,,1,,22150,22690,,5,,,,,,,,,,,,,,,,,17,SoftBank 601HW プレミアム50GB
963,,10,7,None (+ 0 JPY),Yes (+ 540 JPY),,,[95 Days RENTAL] SoftBank 601HW [WHITE] Premium 50GB,1,,,,,,,,[95 Days RENTAL] SoftBank 601HW [WHITE] Premium 50GB,sl.jpg,*,sl.jpg,sl.jpg,,,,,,,,,,,,,,,,,,,,,,0,1,sl_094_in,,1,,22700,23240,,5,,,,,,,,,,,,,,,,,17,SoftBank 601HW プレミアム50GB
964,,10,7,None (+ 0 JPY),Yes (+ 540 JPY),,,[96 Days RENTAL] SoftBank 601HW [WHITE] Premium 50GB,1,,,,,,,,[96 Days RENTAL] SoftBank 601HW [WHITE] Premium 50GB,sl.jpg,*,sl.jpg,sl.jpg,,,,,,,,,,,,,,,,,,,,,,0,1,sl_095_in,,1,,23000,23540,,5,,,,,,,,,,,,,,,,,17,SoftBank 601HW プレミアム50GB
965,,10,7,None (+ 0 JPY),Yes (+ 540 JPY),,,[97 Days RENTAL] SoftBank 601HW [WHITE] Premium 50GB,1,,,,,,,,[97 Days RENTAL] SoftBank 601HW [WHITE] Premium 50GB,sl.jpg,*,sl.jpg,sl.jpg,,,,,,,,,,,,,,,,,,,,,,0,1,sl_096_in,,1,,23000,23540,,5,,,,,,,,,,,,,,,,,17,SoftBank 601HW プレミアム50GB
966,,10,7,None (+ 0 JPY),Yes (+ 540 JPY),,,[98 Days RENTAL] SoftBank 601HW [WHITE] Premium 50GB,1,,,,,,,,[98 Days RENTAL] SoftBank 601HW [WHITE] Premium 50GB,sl.jpg,*,sl.jpg,sl.jpg,,,,,,,,,,,,,,,,,,,,,,0,1,sl_097_in,,1,,23000,23540,,5,,,,,,,,,,,,,,,,,17,SoftBank 601HW プレミアム50GB
967,,10,7,None (+ 0 JPY),Yes (+ 540 JPY),,,[99 Days RENTAL] SoftBank 601HW [WHITE] Premium 50GB,1,,,,,,,,[99 Days RENTAL] SoftBank 601HW [WHITE] Premium 50GB,sl.jpg,*,sl.jpg,sl.jpg,,,,,,,,,,,,,,,,,,,,,,0,1,sl_098_in,,1,,23000,23540,,5,,,,,,,,,,,,,,,,,17,SoftBank 601HW プレミアム50GB
968,,10,7,None (+ 0 JPY),Yes (+ 540 JPY),,,[100 Days RENTAL] SoftBank 601HW [WHITE] Premium 50GB,1,,,,,,,,[100 Days RENTAL] SoftBank 601HW [WHITE] Premium 50GB,sl.jpg,*,sl.jpg,sl.jpg,,,,,,,,,,,,,,,,,,,,,,0,1,sl_099_in,,1,,23000,23540,,5,,,,,,,,,,,,,,,,,17,SoftBank 601HW プレミアム50GB
969,,10,7,None (+ 0 JPY),Yes (+ 540 JPY),,,[101 Days RENTAL] SoftBank 601HW [WHITE] Premium 50GB,1,,,,,,,,[101 Days RENTAL] SoftBank 601HW [WHITE] Premium 50GB,sl.jpg,*,sl.jpg,sl.jpg,,,,,,,,,,,,,,,,,,,,,,0,1,sl_100_in,,1,,23000,23540,,5,,,,,,,,,,,,,,,,,17,SoftBank 601HW プレミアム50GB
970,,10,7,None (+ 0 JPY),Yes (+ 540 JPY),,,[102 Days RENTAL] SoftBank 601HW [WHITE] Premium 50GB,1,,,,,,,,[102 Days RENTAL] SoftBank 601HW [WHITE] Premium 50GB,sl.jpg,*,sl.jpg,sl.jpg,,,,,,,,,,,,,,,,,,,,,,0,1,sl_101_in,,1,,23000,23540,,5,,,,,,,,,,,,,,,,,17,SoftBank 601HW プレミアム50GB
971,,10,7,None (+ 0 JPY),Yes (+ 540 JPY),,,[103 Days RENTAL] SoftBank 601HW [WHITE] Premium 50GB,1,,,,,,,,[103 Days RENTAL] SoftBank 601HW [WHITE] Premium 50GB,sl.jpg,*,sl.jpg,sl.jpg,,,,,,,,,,,,,,,,,,,,,,0,1,sl_102_in,,1,,23000,23540,,5,,,,,,,,,,,,,,,,,17,SoftBank 601HW プレミアム50GB
972,,10,7,None (+ 0 JPY),Yes (+ 540 JPY),,,[104 Days RENTAL] SoftBank 601HW [WHITE] Premium 50GB,1,,,,,,,,[104 Days RENTAL] SoftBank 601HW [WHITE] Premium 50GB,sl.jpg,*,sl.jpg,sl.jpg,,,,,,,,,,,,,,,,,,,,,,0,1,sl_103_in,,1,,23000,23540,,5,,,,,,,,,,,,,,,,,17,SoftBank 601HW プレミアム50GB
973,,10,7,None (+ 0 JPY),Yes (+ 540 JPY),,,[105 Days RENTAL] SoftBank 601HW [WHITE] Premium 50GB,1,,,,,,,,[105 Days RENTAL] SoftBank 601HW [WHITE] Premium 50GB,sl.jpg,*,sl.jpg,sl.jpg,,,,,,,,,,,,,,,,,,,,,,0,1,sl_104_in,,1,,23000,23540,,5,,,,,,,,,,,,,,,,,17,SoftBank 601HW プレミアム50GB
974,,10,7,None (+ 0 JPY),Yes (+ 540 JPY),,,[106 Days RENTAL] SoftBank 601HW [WHITE] Premium 50GB,1,,,,,,,,[106 Days RENTAL] SoftBank 601HW [WHITE] Premium 50GB,sl.jpg,*,sl.jpg,sl.jpg,,,,,,,,,,,,,,,,,,,,,,0,1,sl_105_in,,1,,23000,23540,,5,,,,,,,,,,,,,,,,,17,SoftBank 601HW プレミアム50GB
975,,10,7,None (+ 0 JPY),Yes (+ 540 JPY),,,[107 Days RENTAL] SoftBank 601HW [WHITE] Premium 50GB,1,,,,,,,,[107 Days RENTAL] SoftBank 601HW [WHITE] Premium 50GB,sl.jpg,*,sl.jpg,sl.jpg,,,,,,,,,,,,,,,,,,,,,,0,1,sl_106_in,,1,,23000,23540,,5,,,,,,,,,,,,,,,,,17,SoftBank 601HW プレミアム50GB
976,,10,7,None (+ 0 JPY),Yes (+ 540 JPY),,,[108 Days RENTAL] SoftBank 601HW [WHITE] Premium 50GB,1,,,,,,,,[108 Days RENTAL] SoftBank 601HW [WHITE] Premium 50GB,sl.jpg,*,sl.jpg,sl.jpg,,,,,,,,,,,,,,,,,,,,,,0,1,sl_107_in,,1,,23000,23540,,5,,,,,,,,,,,,,,,,,17,SoftBank 601HW プレミアム50GB
977,,10,7,None (+ 0 JPY),Yes (+ 540 JPY),,,[109 Days RENTAL] SoftBank 601HW [WHITE] Premium 50GB,1,,,,,,,,[109 Days RENTAL] SoftBank 601HW [WHITE] Premium 50GB,sl.jpg,*,sl.jpg,sl.jpg,,,,,,,,,,,,,,,,,,,,,,0,1,sl_108_in,,1,,23000,23540,,5,,,,,,,,,,,,,,,,,17,SoftBank 601HW プレミアム50GB
978,,10,7,None (+ 0 JPY),Yes (+ 540 JPY),,,[110 Days RENTAL] SoftBank 601HW [WHITE] Premium 50GB,1,,,,,,,,[110 Days RENTAL] SoftBank 601HW [WHITE] Premium 50GB,sl.jpg,*,sl.jpg,sl.jpg,,,,,,,,,,,,,,,,,,,,,,0,1,sl_109_in,,1,,23000,23540,,5,,,,,,,,,,,,,,,,,17,SoftBank 601HW プレミアム50GB
979,,10,7,None (+ 0 JPY),Yes (+ 540 JPY),,,[111 Days RENTAL] SoftBank 601HW [WHITE] Premium 50GB,1,,,,,,,,[111 Days RENTAL] SoftBank 601HW [WHITE] Premium 50GB,sl.jpg,*,sl.jpg,sl.jpg,,,,,,,,,,,,,,,,,,,,,,0,1,sl_110_in,,1,,23000,23540,,5,,,,,,,,,,,,,,,,,17,SoftBank 601HW プレミアム50GB
980,,10,7,None (+ 0 JPY),Yes (+ 540 JPY),,,[112 Days RENTAL] SoftBank 601HW [WHITE] Premium 50GB,1,,,,,,,,[112 Days RENTAL] SoftBank 601HW [WHITE] Premium 50GB,sl.jpg,*,sl.jpg,sl.jpg,,,,,,,,,,,,,,,,,,,,,,0,1,sl_111_in,,1,,23000,23540,,5,,,,,,,,,,,,,,,,,17,SoftBank 601HW プレミアム50GB
981,,10,7,None (+ 0 JPY),Yes (+ 540 JPY),,,[113 Days RENTAL] SoftBank 601HW [WHITE] Premium 50GB,1,,,,,,,,[113 Days RENTAL] SoftBank 601HW [WHITE] Premium 50GB,sl.jpg,*,sl.jpg,sl.jpg,,,,,,,,,,,,,,,,,,,,,,0,1,sl_112_in,,1,,23000,23540,,5,,,,,,,,,,,,,,,,,17,SoftBank 601HW プレミアム50GB
982,,10,7,None (+ 0 JPY),Yes (+ 540 JPY),,,[114 Days RENTAL] SoftBank 601HW [WHITE] Premium 50GB,1,,,,,,,,[114 Days RENTAL] SoftBank 601HW [WHITE] Premium 50GB,sl.jpg,*,sl.jpg,sl.jpg,,,,,,,,,,,,,,,,,,,,,,0,1,sl_113_in,,1,,23000,23540,,5,,,,,,,,,,,,,,,,,17,SoftBank 601HW プレミアム50GB
983,,10,7,None (+ 0 JPY),Yes (+ 540 JPY),,,[115 Days RENTAL] SoftBank 601HW [WHITE] Premium 50GB,1,,,,,,,,[115 Days RENTAL] SoftBank 601HW [WHITE] Premium 50GB,sl.jpg,*,sl.jpg,sl.jpg,,,,,,,,,,,,,,,,,,,,,,0,1,sl_114_in,,1,,23000,23540,,5,,,,,,,,,,,,,,,,,17,SoftBank 601HW プレミアム50GB
984,,10,7,None (+ 0 JPY),Yes (+ 540 JPY),,,[116 Days RENTAL] SoftBank 601HW [WHITE] Premium 50GB,1,,,,,,,,[116 Days RENTAL] SoftBank 601HW [WHITE] Premium 50GB,sl.jpg,*,sl.jpg,sl.jpg,,,,,,,,,,,,,,,,,,,,,,0,1,sl_115_in,,1,,23000,23540,,5,,,,,,,,,,,,,,,,,17,SoftBank 601HW プレミアム50GB
985,,10,7,None (+ 0 JPY),Yes (+ 540 JPY),,,[117 Days RENTAL] SoftBank 601HW [WHITE] Premium 50GB,1,,,,,,,,[117 Days RENTAL] SoftBank 601HW [WHITE] Premium 50GB,sl.jpg,*,sl.jpg,sl.jpg,,,,,,,,,,,,,,,,,,,,,,0,1,sl_116_in,,1,,23000,23540,,5,,,,,,,,,,,,,,,,,17,SoftBank 601HW プレミアム50GB
986,,10,7,None (+ 0 JPY),Yes (+ 540 JPY),,,[118 Days RENTAL] SoftBank 601HW [WHITE] Premium 50GB,1,,,,,,,,[118 Days RENTAL] SoftBank 601HW [WHITE] Premium 50GB,sl.jpg,*,sl.jpg,sl.jpg,,,,,,,,,,,,,,,,,,,,,,0,1,sl_117_in,,1,,23000,23540,,5,,,,,,,,,,,,,,,,,17,SoftBank 601HW プレミアム50GB
987,,10,7,None (+ 0 JPY),Yes (+ 540 JPY),,,[119 Days RENTAL] SoftBank 601HW [WHITE] Premium 50GB,1,,,,,,,,[119 Days RENTAL] SoftBank 601HW [WHITE] Premium 50GB,sl.jpg,*,sl.jpg,sl.jpg,,,,,,,,,,,,,,,,,,,,,,0,1,sl_118_in,,1,,23000,23540,,5,,,,,,,,,,,,,,,,,17,SoftBank 601HW プレミアム50GB
988,,10,7,None (+ 0 JPY),Yes (+ 540 JPY),,,[120 Days RENTAL] SoftBank 601HW [WHITE] Premium 50GB,1,,,,,,,,[120 Days RENTAL] SoftBank 601HW [WHITE] Premium 50GB,sl.jpg,*,sl.jpg,sl.jpg,,,,,,,,,,,,,,,,,,,,,,0,1,sl_119_in,,1,,23000,23540,,5,,,,,,,,,,,,,,,,,17,SoftBank 601HW プレミアム50GB
989,,10,7,None (+ 0 JPY),Yes (+ 540 JPY),,,[121 Days RENTAL] SoftBank 601HW [WHITE] Premium 50GB,1,,,,,,,,[121 Days RENTAL] SoftBank 601HW [WHITE] Premium 50GB,sl.jpg,*,sl.jpg,sl.jpg,,,,,,,,,,,,,,,,,,,,,,0,1,sl_120_in,,1,,23000,23540,,5,,,,,,,,,,,,,,,,,17,SoftBank 601HW プレミアム50GB
990,,10,7,None (+ 0 JPY),Yes (+ 540 JPY),,,[122 Days RENTAL] SoftBank 601HW [WHITE] Premium 50GB,1,,,,,,,,[122 Days RENTAL] SoftBank 601HW [WHITE] Premium 50GB,sl.jpg,*,sl.jpg,sl.jpg,,,,,,,,,,,,,,,,,,,,,,0,1,sl_121_in,,1,,23550,24090,,5,,,,,,,,,,,,,,,,,17,SoftBank 601HW プレミアム50GB
991,,10,7,None (+ 0 JPY),Yes (+ 540 JPY),,,[123 Days RENTAL] SoftBank 601HW [WHITE] Premium 50GB,1,,,,,,,,[123 Days RENTAL] SoftBank 601HW [WHITE] Premium 50GB,sl.jpg,*,sl.jpg,sl.jpg,,,,,,,,,,,,,,,,,,,,,,0,1,sl_122_in,,1,,24100,24640,,5,,,,,,,,,,,,,,,,,17,SoftBank 601HW プレミアム50GB
992,,10,7,None (+ 0 JPY),Yes (+ 540 JPY),,,[124 Days RENTAL] SoftBank 601HW [WHITE] Premium 50GB,1,,,,,,,,[124 Days RENTAL] SoftBank 601HW [WHITE] Premium 50GB,sl.jpg,*,sl.jpg,sl.jpg,,,,,,,,,,,,,,,,,,,,,,0,1,sl_123_in,,1,,24650,25190,,5,,,,,,,,,,,,,,,,,17,SoftBank 601HW プレミアム50GB
993,,10,7,None (+ 0 JPY),Yes (+ 540 JPY),,,[125 Days RENTAL] SoftBank 601HW [WHITE] Premium 50GB,1,,,,,,,,[125 Days RENTAL] SoftBank 601HW [WHITE] Premium 50GB,sl.jpg,*,sl.jpg,sl.jpg,,,,,,,,,,,,,,,,,,,,,,0,1,sl_124_in,,1,,25200,25740,,5,,,,,,,,,,,,,,,,,17,SoftBank 601HW プレミアム50GB
994,,10,7,None (+ 0 JPY),Yes (+ 540 JPY),,,[126 Days RENTAL] SoftBank 601HW [WHITE] Premium 50GB,1,,,,,,,,[126 Days RENTAL] SoftBank 601HW [WHITE] Premium 50GB,sl.jpg,*,sl.jpg,sl.jpg,,,,,,,,,,,,,,,,,,,,,,0,1,sl_125_in,,1,,25500,26040,,5,,,,,,,,,,,,,,,,,17,SoftBank 601HW プレミアム50GB
995,,10,7,None (+ 0 JPY),Yes (+ 540 JPY),,,[127 Days RENTAL] SoftBank 601HW [WHITE] Premium 50GB,1,,,,,,,,[127 Days RENTAL] SoftBank 601HW [WHITE] Premium 50GB,sl.jpg,*,sl.jpg,sl.jpg,,,,,,,,,,,,,,,,,,,,,,0,1,sl_126_in,,1,,25500,26040,,5,,,,,,,,,,,,,,,,,17,SoftBank 601HW プレミアム50GB
996,,10,7,None (+ 0 JPY),Yes (+ 540 JPY),,,[128 Days RENTAL] SoftBank 601HW [WHITE] Premium 50GB,1,,,,,,,,[128 Days RENTAL] SoftBank 601HW [WHITE] Premium 50GB,sl.jpg,*,sl.jpg,sl.jpg,,,,,,,,,,,,,,,,,,,,,,0,1,sl_127_in,,1,,25500,26040,,5,,,,,,,,,,,,,,,,,17,SoftBank 601HW プレミアム50GB
997,,10,7,None (+ 0 JPY),Yes (+ 540 JPY),,,[129 Days RENTAL] SoftBank 601HW [WHITE] Premium 50GB,1,,,,,,,,[129 Days RENTAL] SoftBank 601HW [WHITE] Premium 50GB,sl.jpg,*,sl.jpg,sl.jpg,,,,,,,,,,,,,,,,,,,,,,0,1,sl_128_in,,1,,25500,26040,,5,,,,,,,,,,,,,,,,,17,SoftBank 601HW プレミアム50GB
998,,10,7,None (+ 0 JPY),Yes (+ 540 JPY),,,[130 Days RENTAL] SoftBank 601HW [WHITE] Premium 50GB,1,,,,,,,,[130 Days RENTAL] SoftBank 601HW [WHITE] Premium 50GB,sl.jpg,*,sl.jpg,sl.jpg,,,,,,,,,,,,,,,,,,,,,,0,1,sl_129_in,,1,,25500,26040,,5,,,,,,,,,,,,,,,,,17,SoftBank 601HW プレミアム50GB
999,,10,7,None (+ 0 JPY),Yes (+ 540 JPY),,,[131 Days RENTAL] SoftBank 601HW [WHITE] Premium 50GB,1,,,,,,,,[131 Days RENTAL] SoftBank 601HW [WHITE] Premium 50GB,sl.jpg,*,sl.jpg,sl.jpg,,,,,,,,,,,,,,,,,,,,,,0,1,sl_130_in,,1,,25500,26040,,5,,,,,,,,,,,,,,,,,17,SoftBank 601HW プレミアム50GB
1000,,10,7,None (+ 0 JPY),Yes (+ 540 JPY),,,[132 Days RENTAL] SoftBank 601HW [WHITE] Premium 50GB,1,,,,,,,,[132 Days RENTAL] SoftBank 601HW [WHITE] Premium 50GB,sl.jpg,*,sl.jpg,sl.jpg,,,,,,,,,,,,,,,,,,,,,,0,1,sl_131_in,,1,,25500,26040,,5,,,,,,,,,,,,,,,,,17,SoftBank 601HW プレミアム50GB
1001,,10,7,None (+ 0 JPY),Yes (+ 540 JPY),,,[133 Days RENTAL] SoftBank 601HW [WHITE] Premium 50GB,1,,,,,,,,[133 Days RENTAL] SoftBank 601HW [WHITE] Premium 50GB,sl.jpg,*,sl.jpg,sl.jpg,,,,,,,,,,,,,,,,,,,,,,0,1,sl_132_in,,1,,25500,26040,,5,,,,,,,,,,,,,,,,,17,SoftBank 601HW プレミアム50GB
1002,,10,7,None (+ 0 JPY),Yes (+ 540 JPY),,,[134 Days RENTAL] SoftBank 601HW [WHITE] Premium 50GB,1,,,,,,,,[134 Days RENTAL] SoftBank 601HW [WHITE] Premium 50GB,sl.jpg,*,sl.jpg,sl.jpg,,,,,,,,,,,,,,,,,,,,,,0,1,sl_133_in,,1,,25500,26040,,5,,,,,,,,,,,,,,,,,17,SoftBank 601HW プレミアム50GB
1003,,10,7,None (+ 0 JPY),Yes (+ 540 JPY),,,[135 Days RENTAL] SoftBank 601HW [WHITE] Premium 50GB,1,,,,,,,,[135 Days RENTAL] SoftBank 601HW [WHITE] Premium 50GB,sl.jpg,*,sl.jpg,sl.jpg,,,,,,,,,,,,,,,,,,,,,,0,1,sl_134_in,,1,,25500,26040,,5,,,,,,,,,,,,,,,,,17,SoftBank 601HW プレミアム50GB
1004,,10,7,None (+ 0 JPY),Yes (+ 540 JPY),,,[136 Days RENTAL] SoftBank 601HW [WHITE] Premium 50GB,1,,,,,,,,[136 Days RENTAL] SoftBank 601HW [WHITE] Premium 50GB,sl.jpg,*,sl.jpg,sl.jpg,,,,,,,,,,,,,,,,,,,,,,0,1,sl_135_in,,1,,25500,26040,,5,,,,,,,,,,,,,,,,,17,SoftBank 601HW プレミアム50GB
1005,,10,7,None (+ 0 JPY),Yes (+ 540 JPY),,,[137 Days RENTAL] SoftBank 601HW [WHITE] Premium 50GB,1,,,,,,,,[137 Days RENTAL] SoftBank 601HW [WHITE] Premium 50GB,sl.jpg,*,sl.jpg,sl.jpg,,,,,,,,,,,,,,,,,,,,,,0,1,sl_136_in,,1,,25500,26040,,5,,,,,,,,,,,,,,,,,17,SoftBank 601HW プレミアム50GB
1006,,10,7,None (+ 0 JPY),Yes (+ 540 JPY),,,[138 Days RENTAL] SoftBank 601HW [WHITE] Premium 50GB,1,,,,,,,,[138 Days RENTAL] SoftBank 601HW [WHITE] Premium 50GB,sl.jpg,*,sl.jpg,sl.jpg,,,,,,,,,,,,,,,,,,,,,,0,1,sl_137_in,,1,,25500,26040,,5,,,,,,,,,,,,,,,,,17,SoftBank 601HW プレミアム50GB
1007,,10,7,None (+ 0 JPY),Yes (+ 540 JPY),,,[139 Days RENTAL] SoftBank 601HW [WHITE] Premium 50GB,1,,,,,,,,[139 Days RENTAL] SoftBank 601HW [WHITE] Premium 50GB,sl.jpg,*,sl.jpg,sl.jpg,,,,,,,,,,,,,,,,,,,,,,0,1,sl_138_in,,1,,25500,26040,,5,,,,,,,,,,,,,,,,,17,SoftBank 601HW プレミアム50GB
1008,,10,7,None (+ 0 JPY),Yes (+ 540 JPY),,,[140 Days RENTAL] SoftBank 601HW [WHITE] Premium 50GB,1,,,,,,,,[140 Days RENTAL] SoftBank 601HW [WHITE] Premium 50GB,sl.jpg,*,sl.jpg,sl.jpg,,,,,,,,,,,,,,,,,,,,,,0,1,sl_139_in,,1,,25500,26040,,5,,,,,,,,,,,,,,,,,17,SoftBank 601HW プレミアム50GB
1009,,10,7,None (+ 0 JPY),Yes (+ 540 JPY),,,[141 Days RENTAL] SoftBank 601HW [WHITE] Premium 50GB,1,,,,,,,,[141 Days RENTAL] SoftBank 601HW [WHITE] Premium 50GB,sl.jpg,*,sl.jpg,sl.jpg,,,,,,,,,,,,,,,,,,,,,,0,1,sl_140_in,,1,,25500,26040,,5,,,,,,,,,,,,,,,,,17,SoftBank 601HW プレミアム50GB
1010,,10,7,None (+ 0 JPY),Yes (+ 540 JPY),,,[142 Days RENTAL] SoftBank 601HW [WHITE] Premium 50GB,1,,,,,,,,[142 Days RENTAL] SoftBank 601HW [WHITE] Premium 50GB,sl.jpg,*,sl.jpg,sl.jpg,,,,,,,,,,,,,,,,,,,,,,0,1,sl_141_in,,1,,25500,26040,,5,,,,,,,,,,,,,,,,,17,SoftBank 601HW プレミアム50GB
1011,,10,7,None (+ 0 JPY),Yes (+ 540 JPY),,,[143 Days RENTAL] SoftBank 601HW [WHITE] Premium 50GB,1,,,,,,,,[143 Days RENTAL] SoftBank 601HW [WHITE] Premium 50GB,sl.jpg,*,sl.jpg,sl.jpg,,,,,,,,,,,,,,,,,,,,,,0,1,sl_142_in,,1,,25500,26040,,5,,,,,,,,,,,,,,,,,17,SoftBank 601HW プレミアム50GB
1012,,10,7,None (+ 0 JPY),Yes (+ 540 JPY),,,[144 Days RENTAL] SoftBank 601HW [WHITE] Premium 50GB,1,,,,,,,,[144 Days RENTAL] SoftBank 601HW [WHITE] Premium 50GB,sl.jpg,*,sl.jpg,sl.jpg,,,,,,,,,,,,,,,,,,,,,,0,1,sl_143_in,,1,,25500,26040,,5,,,,,,,,,,,,,,,,,17,SoftBank 601HW プレミアム50GB
1013,,10,7,None (+ 0 JPY),Yes (+ 540 JPY),,,[145 Days RENTAL] SoftBank 601HW [WHITE] Premium 50GB,1,,,,,,,,[145 Days RENTAL] SoftBank 601HW [WHITE] Premium 50GB,sl.jpg,*,sl.jpg,sl.jpg,,,,,,,,,,,,,,,,,,,,,,0,1,sl_144_in,,1,,25500,26040,,5,,,,,,,,,,,,,,,,,17,SoftBank 601HW プレミアム50GB
1014,,10,7,None (+ 0 JPY),Yes (+ 540 JPY),,,[146 Days RENTAL] SoftBank 601HW [WHITE] Premium 50GB,1,,,,,,,,[146 Days RENTAL] SoftBank 601HW [WHITE] Premium 50GB,sl.jpg,*,sl.jpg,sl.jpg,,,,,,,,,,,,,,,,,,,,,,0,1,sl_145_in,,1,,25500,26040,,5,,,,,,,,,,,,,,,,,17,SoftBank 601HW プレミアム50GB
1015,,10,7,None (+ 0 JPY),Yes (+ 540 JPY),,,[147 Days RENTAL] SoftBank 601HW [WHITE] Premium 50GB,1,,,,,,,,[147 Days RENTAL] SoftBank 601HW [WHITE] Premium 50GB,sl.jpg,*,sl.jpg,sl.jpg,,,,,,,,,,,,,,,,,,,,,,0,1,sl_146_in,,1,,25500,26040,,5,,,,,,,,,,,,,,,,,17,SoftBank 601HW プレミアム50GB
1016,,10,7,None (+ 0 JPY),Yes (+ 540 JPY),,,[148 Days RENTAL] SoftBank 601HW [WHITE] Premium 50GB,1,,,,,,,,[148 Days RENTAL] SoftBank 601HW [WHITE] Premium 50GB,sl.jpg,*,sl.jpg,sl.jpg,,,,,,,,,,,,,,,,,,,,,,0,1,sl_147_in,,1,,25500,26040,,5,,,,,,,,,,,,,,,,,17,SoftBank 601HW プレミアム50GB
1017,,10,7,None (+ 0 JPY),Yes (+ 540 JPY),,,[149 Days RENTAL] SoftBank 601HW [WHITE] Premium 50GB,1,,,,,,,,[149 Days RENTAL] SoftBank 601HW [WHITE] Premium 50GB,sl.jpg,*,sl.jpg,sl.jpg,,,,,,,,,,,,,,,,,,,,,,0,1,sl_148_in,,1,,25500,26040,,5,,,,,,,,,,,,,,,,,17,SoftBank 601HW プレミアム50GB
1018,,10,7,None (+ 0 JPY),Yes (+ 540 JPY),,,[150 Days RENTAL] SoftBank 601HW [WHITE] Premium 50GB,1,,,,,,,,[150 Days RENTAL] SoftBank 601HW [WHITE] Premium 50GB,sl.jpg,*,sl.jpg,sl.jpg,,,,,,,,,,,,,,,,,,,,,,0,1,sl_149_in,,1,,25500,26040,,5,,,,,,,,,,,,,,,,,17,SoftBank 601HW プレミアム50GB
1019,,10,7,None (+ 0 JPY),Yes (+ 540 JPY),,,[151 Days RENTAL] SoftBank 601HW [WHITE] Premium 50GB,1,,,,,,,,[151 Days RENTAL] SoftBank 601HW [WHITE] Premium 50GB,sl.jpg,*,sl.jpg,sl.jpg,,,,,,,,,,,,,,,,,,,,,,0,1,sl_150_in,,1,,25500,26040,,5,,,,,,,,,,,,,,,,,17,SoftBank 601HW プレミアム50GB
1020,,10,7,None (+ 0 JPY),Yes (+ 540 JPY),,,[152 Days RENTAL] SoftBank 601HW [WHITE] Premium 50GB,1,,,,,,,,[152 Days RENTAL] SoftBank 601HW [WHITE] Premium 50GB,sl.jpg,*,sl.jpg,sl.jpg,,,,,,,,,,,,,,,,,,,,,,0,1,sl_151_in,,1,,26050,26590,,5,,,,,,,,,,,,,,,,,17,SoftBank 601HW プレミアム50GB
1021,,10,7,None (+ 0 JPY),Yes (+ 540 JPY),,,[153 Days RENTAL] SoftBank 601HW [WHITE] Premium 50GB,1,,,,,,,,[153 Days RENTAL] SoftBank 601HW [WHITE] Premium 50GB,sl.jpg,*,sl.jpg,sl.jpg,,,,,,,,,,,,,,,,,,,,,,0,1,sl_152_in,,1,,26600,27140,,5,,,,,,,,,,,,,,,,,17,SoftBank 601HW プレミアム50GB
1022,,10,7,None (+ 0 JPY),Yes (+ 540 JPY),,,[154 Days RENTAL] SoftBank 601HW [WHITE] Premium 50GB,1,,,,,,,,[154 Days RENTAL] SoftBank 601HW [WHITE] Premium 50GB,sl.jpg,*,sl.jpg,sl.jpg,,,,,,,,,,,,,,,,,,,,,,0,1,sl_153_in,,1,,27150,27690,,5,,,,,,,,,,,,,,,,,17,SoftBank 601HW プレミアム50GB
1023,,10,7,None (+ 0 JPY),Yes (+ 540 JPY),,,[155 Days RENTAL] SoftBank 601HW [WHITE] Premium 50GB,1,,,,,,,,[155 Days RENTAL] SoftBank 601HW [WHITE] Premium 50GB,sl.jpg,*,sl.jpg,sl.jpg,,,,,,,,,,,,,,,,,,,,,,0,1,sl_154_in,,1,,27700,28240,,5,,,,,,,,,,,,,,,,,17,SoftBank 601HW プレミアム50GB
1024,,10,7,None (+ 0 JPY),Yes (+ 540 JPY),,,[156 Days RENTAL] SoftBank 601HW [WHITE] Premium 50GB,1,,,,,,,,[156 Days RENTAL] SoftBank 601HW [WHITE] Premium 50GB,sl.jpg,*,sl.jpg,sl.jpg,,,,,,,,,,,,,,,,,,,,,,0,1,sl_155_in,,1,,28000,28540,,5,,,,,,,,,,,,,,,,,17,SoftBank 601HW プレミアム50GB
1025,,10,7,None (+ 0 JPY),Yes (+ 540 JPY),,,[157 Days RENTAL] SoftBank 601HW [WHITE] Premium 50GB,1,,,,,,,,[157 Days RENTAL] SoftBank 601HW [WHITE] Premium 50GB,sl.jpg,*,sl.jpg,sl.jpg,,,,,,,,,,,,,,,,,,,,,,0,1,sl_156_in,,1,,28000,28540,,5,,,,,,,,,,,,,,,,,17,SoftBank 601HW プレミアム50GB
1026,,10,7,None (+ 0 JPY),Yes (+ 540 JPY),,,[158 Days RENTAL] SoftBank 601HW [WHITE] Premium 50GB,1,,,,,,,,[158 Days RENTAL] SoftBank 601HW [WHITE] Premium 50GB,sl.jpg,*,sl.jpg,sl.jpg,,,,,,,,,,,,,,,,,,,,,,0,1,sl_157_in,,1,,28000,28540,,5,,,,,,,,,,,,,,,,,17,SoftBank 601HW プレミアム50GB
1027,,10,7,None (+ 0 JPY),Yes (+ 540 JPY),,,[159 Days RENTAL] SoftBank 601HW [WHITE] Premium 50GB,1,,,,,,,,[159 Days RENTAL] SoftBank 601HW [WHITE] Premium 50GB,sl.jpg,*,sl.jpg,sl.jpg,,,,,,,,,,,,,,,,,,,,,,0,1,sl_158_in,,1,,28000,28540,,5,,,,,,,,,,,,,,,,,17,SoftBank 601HW プレミアム50GB
1028,,10,7,None (+ 0 JPY),Yes (+ 540 JPY),,,[160 Days RENTAL] SoftBank 601HW [WHITE] Premium 50GB,1,,,,,,,,[160 Days RENTAL] SoftBank 601HW [WHITE] Premium 50GB,sl.jpg,*,sl.jpg,sl.jpg,,,,,,,,,,,,,,,,,,,,,,0,1,sl_159_in,,1,,28000,28540,,5,,,,,,,,,,,,,,,,,17,SoftBank 601HW プレミアム50GB
1029,,10,7,None (+ 0 JPY),Yes (+ 540 JPY),,,[161 Days RENTAL] SoftBank 601HW [WHITE] Premium 50GB,1,,,,,,,,[161 Days RENTAL] SoftBank 601HW [WHITE] Premium 50GB,sl.jpg,*,sl.jpg,sl.jpg,,,,,,,,,,,,,,,,,,,,,,0,1,sl_160_in,,1,,28000,28540,,5,,,,,,,,,,,,,,,,,17,SoftBank 601HW プレミアム50GB
1030,,10,7,None (+ 0 JPY),Yes (+ 540 JPY),,,[162 Days RENTAL] SoftBank 601HW [WHITE] Premium 50GB,1,,,,,,,,[162 Days RENTAL] SoftBank 601HW [WHITE] Premium 50GB,sl.jpg,*,sl.jpg,sl.jpg,,,,,,,,,,,,,,,,,,,,,,0,1,sl_161_in,,1,,28000,28540,,5,,,,,,,,,,,,,,,,,17,SoftBank 601HW プレミアム50GB
1031,,10,7,None (+ 0 JPY),Yes (+ 540 JPY),,,[163 Days RENTAL] SoftBank 601HW [WHITE] Premium 50GB,1,,,,,,,,[163 Days RENTAL] SoftBank 601HW [WHITE] Premium 50GB,sl.jpg,*,sl.jpg,sl.jpg,,,,,,,,,,,,,,,,,,,,,,0,1,sl_162_in,,1,,28000,28540,,5,,,,,,,,,,,,,,,,,17,SoftBank 601HW プレミアム50GB
1032,,10,7,None (+ 0 JPY),Yes (+ 540 JPY),,,[164 Days RENTAL] SoftBank 601HW [WHITE] Premium 50GB,1,,,,,,,,[164 Days RENTAL] SoftBank 601HW [WHITE] Premium 50GB,sl.jpg,*,sl.jpg,sl.jpg,,,,,,,,,,,,,,,,,,,,,,0,1,sl_163_in,,1,,28000,28540,,5,,,,,,,,,,,,,,,,,17,SoftBank 601HW プレミアム50GB
1033,,10,7,None (+ 0 JPY),Yes (+ 540 JPY),,,[165 Days RENTAL] SoftBank 601HW [WHITE] Premium 50GB,1,,,,,,,,[165 Days RENTAL] SoftBank 601HW [WHITE] Premium 50GB,sl.jpg,*,sl.jpg,sl.jpg,,,,,,,,,,,,,,,,,,,,,,0,1,sl_164_in,,1,,28000,28540,,5,,,,,,,,,,,,,,,,,17,SoftBank 601HW プレミアム50GB
1034,,10,7,None (+ 0 JPY),Yes (+ 540 JPY),,,[166 Days RENTAL] SoftBank 601HW [WHITE] Premium 50GB,1,,,,,,,,[166 Days RENTAL] SoftBank 601HW [WHITE] Premium 50GB,sl.jpg,*,sl.jpg,sl.jpg,,,,,,,,,,,,,,,,,,,,,,0,1,sl_165_in,,1,,28000,28540,,5,,,,,,,,,,,,,,,,,17,SoftBank 601HW プレミアム50GB
1035,,10,7,None (+ 0 JPY),Yes (+ 540 JPY),,,[167 Days RENTAL] SoftBank 601HW [WHITE] Premium 50GB,1,,,,,,,,[167 Days RENTAL] SoftBank 601HW [WHITE] Premium 50GB,sl.jpg,*,sl.jpg,sl.jpg,,,,,,,,,,,,,,,,,,,,,,0,1,sl_166_in,,1,,28000,28540,,5,,,,,,,,,,,,,,,,,17,SoftBank 601HW プレミアム50GB
1036,,10,7,None (+ 0 JPY),Yes (+ 540 JPY),,,[168 Days RENTAL] SoftBank 601HW [WHITE] Premium 50GB,1,,,,,,,,[168 Days RENTAL] SoftBank 601HW [WHITE] Premium 50GB,sl.jpg,*,sl.jpg,sl.jpg,,,,,,,,,,,,,,,,,,,,,,0,1,sl_167_in,,1,,28000,28540,,5,,,,,,,,,,,,,,,,,17,SoftBank 601HW プレミアム50GB
1037,,10,7,None (+ 0 JPY),Yes (+ 540 JPY),,,[169 Days RENTAL] SoftBank 601HW [WHITE] Premium 50GB,1,,,,,,,,[169 Days RENTAL] SoftBank 601HW [WHITE] Premium 50GB,sl.jpg,*,sl.jpg,sl.jpg,,,,,,,,,,,,,,,,,,,,,,0,1,sl_168_in,,1,,28000,28540,,5,,,,,,,,,,,,,,,,,17,SoftBank 601HW プレミアム50GB
1038,,10,7,None (+ 0 JPY),Yes (+ 540 JPY),,,[170 Days RENTAL] SoftBank 601HW [WHITE] Premium 50GB,1,,,,,,,,[170 Days RENTAL] SoftBank 601HW [WHITE] Premium 50GB,sl.jpg,*,sl.jpg,sl.jpg,,,,,,,,,,,,,,,,,,,,,,0,1,sl_169_in,,1,,28000,28540,,5,,,,,,,,,,,,,,,,,17,SoftBank 601HW プレミアム50GB
1039,,10,7,None (+ 0 JPY),Yes (+ 540 JPY),,,[171 Days RENTAL] SoftBank 601HW [WHITE] Premium 50GB,1,,,,,,,,[171 Days RENTAL] SoftBank 601HW [WHITE] Premium 50GB,sl.jpg,*,sl.jpg,sl.jpg,,,,,,,,,,,,,,,,,,,,,,0,1,sl_170_in,,1,,28000,28540,,5,,,,,,,,,,,,,,,,,17,SoftBank 601HW プレミアム50GB
1040,,10,7,None (+ 0 JPY),Yes (+ 540 JPY),,,[172 Days RENTAL] SoftBank 601HW [WHITE] Premium 50GB,1,,,,,,,,[172 Days RENTAL] SoftBank 601HW [WHITE] Premium 50GB,sl.jpg,*,sl.jpg,sl.jpg,,,,,,,,,,,,,,,,,,,,,,0,1,sl_171_in,,1,,28000,28540,,5,,,,,,,,,,,,,,,,,17,SoftBank 601HW プレミアム50GB
1041,,10,7,None (+ 0 JPY),Yes (+ 540 JPY),,,[173 Days RENTAL] SoftBank 601HW [WHITE] Premium 50GB,1,,,,,,,,[173 Days RENTAL] SoftBank 601HW [WHITE] Premium 50GB,sl.jpg,*,sl.jpg,sl.jpg,,,,,,,,,,,,,,,,,,,,,,0,1,sl_172_in,,1,,28000,28540,,5,,,,,,,,,,,,,,,,,17,SoftBank 601HW プレミアム50GB
1042,,10,7,None (+ 0 JPY),Yes (+ 540 JPY),,,[174 Days RENTAL] SoftBank 601HW [WHITE] Premium 50GB,1,,,,,,,,[174 Days RENTAL] SoftBank 601HW [WHITE] Premium 50GB,sl.jpg,*,sl.jpg,sl.jpg,,,,,,,,,,,,,,,,,,,,,,0,1,sl_173_in,,1,,28000,28540,,5,,,,,,,,,,,,,,,,,17,SoftBank 601HW プレミアム50GB
1043,,10,7,None (+ 0 JPY),Yes (+ 540 JPY),,,[175 Days RENTAL] SoftBank 601HW [WHITE] Premium 50GB,1,,,,,,,,[175 Days RENTAL] SoftBank 601HW [WHITE] Premium 50GB,sl.jpg,*,sl.jpg,sl.jpg,,,,,,,,,,,,,,,,,,,,,,0,1,sl_174_in,,1,,28000,28540,,5,,,,,,,,,,,,,,,,,17,SoftBank 601HW プレミアム50GB
1044,,10,7,None (+ 0 JPY),Yes (+ 540 JPY),,,[176 Days RENTAL] SoftBank 601HW [WHITE] Premium 50GB,1,,,,,,,,[176 Days RENTAL] SoftBank 601HW [WHITE] Premium 50GB,sl.jpg,*,sl.jpg,sl.jpg,,,,,,,,,,,,,,,,,,,,,,0,1,sl_175_in,,1,,28000,28540,,5,,,,,,,,,,,,,,,,,17,SoftBank 601HW プレミアム50GB
1045,,10,7,None (+ 0 JPY),Yes (+ 540 JPY),,,[177 Days RENTAL] SoftBank 601HW [WHITE] Premium 50GB,1,,,,,,,,[177 Days RENTAL] SoftBank 601HW [WHITE] Premium 50GB,sl.jpg,*,sl.jpg,sl.jpg,,,,,,,,,,,,,,,,,,,,,,0,1,sl_176_in,,1,,28000,28540,,5,,,,,,,,,,,,,,,,,17,SoftBank 601HW プレミアム50GB
1046,,10,7,None (+ 0 JPY),Yes (+ 540 JPY),,,[178 Days RENTAL] SoftBank 601HW [WHITE] Premium 50GB,1,,,,,,,,[178 Days RENTAL] SoftBank 601HW [WHITE] Premium 50GB,sl.jpg,*,sl.jpg,sl.jpg,,,,,,,,,,,,,,,,,,,,,,0,1,sl_177_in,,1,,28000,28540,,5,,,,,,,,,,,,,,,,,17,SoftBank 601HW プレミアム50GB
1047,,10,7,None (+ 0 JPY),Yes (+ 540 JPY),,,[179 Days RENTAL] SoftBank 601HW [WHITE] Premium 50GB,1,,,,,,,,[179 Days RENTAL] SoftBank 601HW [WHITE] Premium 50GB,sl.jpg,*,sl.jpg,sl.jpg,,,,,,,,,,,,,,,,,,,,,,0,1,sl_178_in,,1,,28000,28540,,5,,,,,,,,,,,,,,,,,17,SoftBank 601HW プレミアム50GB
1048,,10,7,None (+ 0 JPY),Yes (+ 540 JPY),,,[180 Days RENTAL] SoftBank 601HW [WHITE] Premium 50GB,1,,,,,,,,[180 Days RENTAL] SoftBank 601HW [WHITE] Premium 50GB,sl.jpg,*,sl.jpg,sl.jpg,,,,,,,,,,,,,,,,,,,,,,0,1,sl_179_in,,1,,28000,28540,,5,,,,,,,,,,,,,,,,,17,SoftBank 601HW プレミアム50GB
1049,,10,7,None (+ 0 JPY),Yes (+ 540 JPY),,,[181 Days RENTAL] SoftBank 601HW [WHITE] Premium 50GB,1,,,,,,,,[181 Days RENTAL] SoftBank 601HW [WHITE] Premium 50GB,sl.jpg,*,sl.jpg,sl.jpg,,,,,,,,,,,,,,,,,,,,,,0,1,sl_180_in,,1,,28000,28540,,5,,,,,,,,,,,,,,,,,17,SoftBank 601HW プレミアム50GB
1050,,10,7,None (+ 0 JPY),Yes (+ 540 JPY),,,[182 Days RENTAL] SoftBank 601HW [WHITE] Premium 50GB,1,,,,,,,,[182 Days RENTAL] SoftBank 601HW [WHITE] Premium 50GB,sl.jpg,*,sl.jpg,sl.jpg,,,,,,,,,,,,,,,,,,,,,,0,1,sl_181_in,,1,,28550,29090,,5,,,,,,,,,,,,,,,,,17,SoftBank 601HW プレミアム50GB
1051,,10,7,None (+ 0 JPY),Yes (+ 540 JPY),,,[183 Days RENTAL] SoftBank 601HW [WHITE] Premium 50GB,1,,,,,,,,[183 Days RENTAL] SoftBank 601HW [WHITE] Premium 50GB,sl.jpg,*,sl.jpg,sl.jpg,,,,,,,,,,,,,,,,,,,,,,0,1,sl_182_in,,1,,29100,29640,,5,,,,,,,,,,,,,,,,,17,SoftBank 601HW プレミアム50GB
1052,,10,7,None (+ 0 JPY),Yes (+ 540 JPY),,,[184 Days RENTAL] SoftBank 601HW [WHITE] Premium 50GB,1,,,,,,,,[184 Days RENTAL] SoftBank 601HW [WHITE] Premium 50GB,sl.jpg,*,sl.jpg,sl.jpg,,,,,,,,,,,,,,,,,,,,,,0,1,sl_183_in,,1,,29650,30190,,5,,,,,,,,,,,,,,,,,17,SoftBank 601HW プレミアム50GB
1053,,10,7,None (+ 0 JPY),Yes (+ 540 JPY),,,[185 Days RENTAL] SoftBank 601HW [WHITE] Premium 50GB,1,,,,,,,,[185 Days RENTAL] SoftBank 601HW [WHITE] Premium 50GB,sl.jpg,*,sl.jpg,sl.jpg,,,,,,,,,,,,,,,,,,,,,,0,1,sl_184_in,,1,,30200,30740,,5,,,,,,,,,,,,,,,,,17,SoftBank 601HW プレミアム50GB
1054,,10,7,None (+ 0 JPY),Yes (+ 540 JPY),,,[186 Days RENTAL] SoftBank 601HW [WHITE] Premium 50GB,1,,,,,,,,[186 Days RENTAL] SoftBank 601HW [WHITE] Premium 50GB,sl.jpg,*,sl.jpg,sl.jpg,,,,,,,,,,,,,,,,,,,,,,0,1,sl_185_in,,1,,30750,31290,,5,,,,,,,,,,,,,,,,,17,SoftBank 601HW プレミアム50GB
1055,,10,7,None (+ 0 JPY),Yes (+ 540 JPY),,,[187 Days RENTAL] SoftBank 601HW [WHITE] Premium 50GB,1,,,,,,,,[187 Days RENTAL] SoftBank 601HW [WHITE] Premium 50GB,sl.jpg,*,sl.jpg,sl.jpg,,,,,,,,,,,,,,,,,,,,,,0,1,sl_186_in,,1,,31300,31840,,5,,,,,,,,,,,,,,,,,17,SoftBank 601HW プレミアム50GB
1056,,10,7,None (+ 0 JPY),Yes (+ 540 JPY),,,[188 Days RENTAL] SoftBank 601HW [WHITE] Premium 50GB,1,,,,,,,,[188 Days RENTAL] SoftBank 601HW [WHITE] Premium 50GB,sl.jpg,*,sl.jpg,sl.jpg,,,,,,,,,,,,,,,,,,,,,,0,1,sl_187_in,,1,,31850,32390,,5,,,,,,,,,,,,,,,,,17,SoftBank 601HW プレミアム50GB
1057,,10,7,None (+ 0 JPY),Yes (+ 540 JPY),,,[189 Days RENTAL] SoftBank 601HW [WHITE] Premium 50GB,1,,,,,,,,[189 Days RENTAL] SoftBank 601HW [WHITE] Premium 50GB,sl.jpg,*,sl.jpg,sl.jpg,,,,,,,,,,,,,,,,,,,,,,0,1,sl_188_in,,1,,32400,32940,,5,,,,,,,,,,,,,,,,,17,SoftBank 601HW プレミアム50GB
1058,,10,7,None (+ 0 JPY),Yes (+ 540 JPY),,,[190 Days RENTAL] SoftBank 601HW [WHITE] Premium 50GB,1,,,,,,,,[190 Days RENTAL] SoftBank 601HW [WHITE] Premium 50GB,sl.jpg,*,sl.jpg,sl.jpg,,,,,,,,,,,,,,,,,,,,,,0,1,sl_189_in,,1,,32950,33490,,5,,,,,,,,,,,,,,,,,17,SoftBank 601HW プレミアム50GB
1059,,10,7,None (+ 0 JPY),Yes (+ 540 JPY),,,[191 Days RENTAL] SoftBank 601HW [WHITE] Premium 50GB,1,,,,,,,,[191 Days RENTAL] SoftBank 601HW [WHITE] Premium 50GB,sl.jpg,*,sl.jpg,sl.jpg,,,,,,,,,,,,,,,,,,,,,,0,1,sl_190_in,,1,,33500,34040,,5,,,,,,,,,,,,,,,,,17,SoftBank 601HW プレミアム50GB
1060,,10,7,None (+ 0 JPY),Yes (+ 540 JPY),,,[192 Days RENTAL] SoftBank 601HW [WHITE] Premium 50GB,1,,,,,,,,[192 Days RENTAL] SoftBank 601HW [WHITE] Premium 50GB,sl.jpg,*,sl.jpg,sl.jpg,,,,,,,,,,,,,,,,,,,,,,0,1,sl_191_in,,1,,34050,34590,,5,,,,,,,,,,,,,,,,,17,SoftBank 601HW プレミアム50GB
1061,,10,7,None (+ 0 JPY),Yes (+ 540 JPY),,,[193 Days RENTAL] SoftBank 601HW [WHITE] Premium 50GB,1,,,,,,,,[193 Days RENTAL] SoftBank 601HW [WHITE] Premium 50GB,sl.jpg,*,sl.jpg,sl.jpg,,,,,,,,,,,,,,,,,,,,,,0,1,sl_192_in,,1,,34600,35140,,5,,,,,,,,,,,,,,,,,17,SoftBank 601HW プレミアム50GB
1062,,10,7,None (+ 0 JPY),Yes (+ 540 JPY),,,[194 Days RENTAL] SoftBank 601HW [WHITE] Premium 50GB,1,,,,,,,,[194 Days RENTAL] SoftBank 601HW [WHITE] Premium 50GB,sl.jpg,*,sl.jpg,sl.jpg,,,,,,,,,,,,,,,,,,,,,,0,1,sl_193_in,,1,,35150,35690,,5,,,,,,,,,,,,,,,,,17,SoftBank 601HW プレミアム50GB
1063,,10,7,None (+ 0 JPY),Yes (+ 540 JPY),,,[195 Days RENTAL] SoftBank 601HW [WHITE] Premium 50GB,1,,,,,,,,[195 Days RENTAL] SoftBank 601HW [WHITE] Premium 50GB,sl.jpg,*,sl.jpg,sl.jpg,,,,,,,,,,,,,,,,,,,,,,0,1,sl_194_in,,1,,35700,36240,,5,,,,,,,,,,,,,,,,,17,SoftBank 601HW プレミアム50GB
1064,,10,7,None (+ 0 JPY),Yes (+ 540 JPY),,,[196 Days RENTAL] SoftBank 601HW [WHITE] Premium 50GB,1,,,,,,,,[196 Days RENTAL] SoftBank 601HW [WHITE] Premium 50GB,sl.jpg,*,sl.jpg,sl.jpg,,,,,,,,,,,,,,,,,,,,,,0,1,sl_195_in,,1,,36250,36790,,5,,,,,,,,,,,,,,,,,17,SoftBank 601HW プレミアム50GB
1065,,10,7,None (+ 0 JPY),Yes (+ 540 JPY),,,[197 Days RENTAL] SoftBank 601HW [WHITE] Premium 50GB,1,,,,,,,,[197 Days RENTAL] SoftBank 601HW [WHITE] Premium 50GB,sl.jpg,*,sl.jpg,sl.jpg,,,,,,,,,,,,,,,,,,,,,,0,1,sl_196_in,,1,,36250,36790,,5,,,,,,,,,,,,,,,,,17,SoftBank 601HW プレミアム50GB
1066,,10,7,None (+ 0 JPY),Yes (+ 540 JPY),,,[198 Days RENTAL] SoftBank 601HW [WHITE] Premium 50GB,1,,,,,,,,[198 Days RENTAL] SoftBank 601HW [WHITE] Premium 50GB,sl.jpg,*,sl.jpg,sl.jpg,,,,,,,,,,,,,,,,,,,,,,0,1,sl_197_in,,1,,36250,36790,,5,,,,,,,,,,,,,,,,,17,SoftBank 601HW プレミアム50GB
1067,,10,7,None (+ 0 JPY),Yes (+ 540 JPY),,,[199 Days RENTAL] SoftBank 601HW [WHITE] Premium 50GB,1,,,,,,,,[199 Days RENTAL] SoftBank 601HW [WHITE] Premium 50GB,sl.jpg,*,sl.jpg,sl.jpg,,,,,,,,,,,,,,,,,,,,,,0,1,sl_198_in,,1,,36250,36790,,5,,,,,,,,,,,,,,,,,17,SoftBank 601HW プレミアム50GB
1068,,10,7,None (+ 0 JPY),Yes (+ 540 JPY),,,[200 Days RENTAL] SoftBank 601HW [WHITE] Premium 50GB,1,,,,,,,,[200 Days RENTAL] SoftBank 601HW [WHITE] Premium 50GB,sl.jpg,*,sl.jpg,sl.jpg,,,,,,,,,,,,,,,,,,,,,,0,1,sl_199_in,,1,,36250,36790,,5,,,,,,,,,,,,,,,,,17,SoftBank 601HW プレミアム50GB
1069,,10,7,None (+ 0 JPY),Yes (+ 540 JPY),,,[201 Days RENTAL] SoftBank 601HW [WHITE] Premium 50GB,1,,,,,,,,[201 Days RENTAL] SoftBank 601HW [WHITE] Premium 50GB,sl.jpg,*,sl.jpg,sl.jpg,,,,,,,,,,,,,,,,,,,,,,0,1,sl_200_in,,1,,36250,36790,,5,,,,,,,,,,,,,,,,,17,SoftBank 601HW プレミアム50GB
1070,,10,7,None (+ 0 JPY),Yes (+ 540 JPY),,,[202 Days RENTAL] SoftBank 601HW [WHITE] Premium 50GB,1,,,,,,,,[202 Days RENTAL] SoftBank 601HW [WHITE] Premium 50GB,sl.jpg,*,sl.jpg,sl.jpg,,,,,,,,,,,,,,,,,,,,,,0,1,sl_201_in,,1,,36250,36790,,5,,,,,,,,,,,,,,,,,17,SoftBank 601HW プレミアム50GB
1071,,10,7,None (+ 0 JPY),Yes (+ 540 JPY),,,[203 Days RENTAL] SoftBank 601HW [WHITE] Premium 50GB,1,,,,,,,,[203 Days RENTAL] SoftBank 601HW [WHITE] Premium 50GB,sl.jpg,*,sl.jpg,sl.jpg,,,,,,,,,,,,,,,,,,,,,,0,1,sl_202_in,,1,,36250,36790,,5,,,,,,,,,,,,,,,,,17,SoftBank 601HW プレミアム50GB
1072,,10,7,None (+ 0 JPY),Yes (+ 540 JPY),,,[204 Days RENTAL] SoftBank 601HW [WHITE] Premium 50GB,1,,,,,,,,[204 Days RENTAL] SoftBank 601HW [WHITE] Premium 50GB,sl.jpg,*,sl.jpg,sl.jpg,,,,,,,,,,,,,,,,,,,,,,0,1,sl_203_in,,1,,36250,36790,,5,,,,,,,,,,,,,,,,,17,SoftBank 601HW プレミアム50GB
1073,,10,7,None (+ 0 JPY),Yes (+ 540 JPY),,,[205 Days RENTAL] SoftBank 601HW [WHITE] Premium 50GB,1,,,,,,,,[205 Days RENTAL] SoftBank 601HW [WHITE] Premium 50GB,sl.jpg,*,sl.jpg,sl.jpg,,,,,,,,,,,,,,,,,,,,,,0,1,sl_204_in,,1,,36250,36790,,5,,,,,,,,,,,,,,,,,17,SoftBank 601HW プレミアム50GB
1074,,10,7,None (+ 0 JPY),Yes (+ 540 JPY),,,[206 Days RENTAL] SoftBank 601HW [WHITE] Premium 50GB,1,,,,,,,,[206 Days RENTAL] SoftBank 601HW [WHITE] Premium 50GB,sl.jpg,*,sl.jpg,sl.jpg,,,,,,,,,,,,,,,,,,,,,,0,1,sl_205_in,,1,,36250,36790,,5,,,,,,,,,,,,,,,,,17,SoftBank 601HW プレミアム50GB
1075,,10,7,None (+ 0 JPY),Yes (+ 540 JPY),,,[207 Days RENTAL] SoftBank 601HW [WHITE] Premium 50GB,1,,,,,,,,[207 Days RENTAL] SoftBank 601HW [WHITE] Premium 50GB,sl.jpg,*,sl.jpg,sl.jpg,,,,,,,,,,,,,,,,,,,,,,0,1,sl_206_in,,1,,36250,36790,,5,,,,,,,,,,,,,,,,,17,SoftBank 601HW プレミアム50GB
1076,,10,7,None (+ 0 JPY),Yes (+ 540 JPY),,,[208 Days RENTAL] SoftBank 601HW [WHITE] Premium 50GB,1,,,,,,,,[208 Days RENTAL] SoftBank 601HW [WHITE] Premium 50GB,sl.jpg,*,sl.jpg,sl.jpg,,,,,,,,,,,,,,,,,,,,,,0,1,sl_207_in,,1,,36250,36790,,5,,,,,,,,,,,,,,,,,17,SoftBank 601HW プレミアム50GB
1077,,10,7,None (+ 0 JPY),Yes (+ 540 JPY),,,[209 Days RENTAL] SoftBank 601HW [WHITE] Premium 50GB,1,,,,,,,,[209 Days RENTAL] SoftBank 601HW [WHITE] Premium 50GB,sl.jpg,*,sl.jpg,sl.jpg,,,,,,,,,,,,,,,,,,,,,,0,1,sl_208_in,,1,,36250,36790,,5,,,,,,,,,,,,,,,,,17,SoftBank 601HW プレミアム50GB
1078,,10,7,None (+ 0 JPY),Yes (+ 540 JPY),,,[210 Days RENTAL] SoftBank 601HW [WHITE] Premium 50GB,1,,,,,,,,[210 Days RENTAL] SoftBank 601HW [WHITE] Premium 50GB,sl.jpg,*,sl.jpg,sl.jpg,,,,,,,,,,,,,,,,,,,,,,0,1,sl_209_in,,1,,36250,36790,,5,,,,,,,,,,,,,,,,,17,SoftBank 601HW プレミアム50GB
1079,,10,7,None (+ 0 JPY),Yes (+ 540 JPY),,,[211 Days RENTAL] SoftBank 601HW [WHITE] Premium 50GB,1,,,,,,,,[211 Days RENTAL] SoftBank 601HW [WHITE] Premium 50GB,sl.jpg,*,sl.jpg,sl.jpg,,,,,,,,,,,,,,,,,,,,,,0,1,sl_210_in,,1,,36250,36790,,5,,,,,,,,,,,,,,,,,17,SoftBank 601HW プレミアム50GB
1080,,10,7,None (+ 0 JPY),Yes (+ 540 JPY),,,[212 Days RENTAL] SoftBank 601HW [WHITE] Premium 50GB,1,,,,,,,,[212 Days RENTAL] SoftBank 601HW [WHITE] Premium 50GB,sl.jpg,*,sl.jpg,sl.jpg,,,,,,,,,,,,,,,,,,,,,,0,1,sl_211_in,,1,,36250,36790,,5,,,,,,,,,,,,,,,,,17,SoftBank 601HW プレミアム50GB
1081,,10,7,None (+ 0 JPY),Yes (+ 540 JPY),,,[213 Days RENTAL] SoftBank 601HW [WHITE] Premium 50GB,1,,,,,,,,[213 Days RENTAL] SoftBank 601HW [WHITE] Premium 50GB,sl.jpg,*,sl.jpg,sl.jpg,,,,,,,,,,,,,,,,,,,,,,0,1,sl_212_in,,1,,36800,37340,,5,,,,,,,,,,,,,,,,,17,SoftBank 601HW プレミアム50GB
1082,,10,7,None (+ 0 JPY),Yes (+ 540 JPY),,,[214 Days RENTAL] SoftBank 601HW [WHITE] Premium 50GB,1,,,,,,,,[214 Days RENTAL] SoftBank 601HW [WHITE] Premium 50GB,sl.jpg,*,sl.jpg,sl.jpg,,,,,,,,,,,,,,,,,,,,,,0,1,sl_213_in,,1,,37350,37890,,5,,,,,,,,,,,,,,,,,17,SoftBank 601HW プレミアム50GB
1083,,10,7,None (+ 0 JPY),Yes (+ 540 JPY),,,[215 Days RENTAL] SoftBank 601HW [WHITE] Premium 50GB,1,,,,,,,,[215 Days RENTAL] SoftBank 601HW [WHITE] Premium 50GB,sl.jpg,*,sl.jpg,sl.jpg,,,,,,,,,,,,,,,,,,,,,,0,1,sl_214_in,,1,,37900,38440,,5,,,,,,,,,,,,,,,,,17,SoftBank 601HW プレミアム50GB
1084,,10,7,None (+ 0 JPY),Yes (+ 540 JPY),,,[216 Days RENTAL] SoftBank 601HW [WHITE] Premium 50GB,1,,,,,,,,[216 Days RENTAL] SoftBank 601HW [WHITE] Premium 50GB,sl.jpg,*,sl.jpg,sl.jpg,,,,,,,,,,,,,,,,,,,,,,0,1,sl_215_in,,1,,38450,38990,,5,,,,,,,,,,,,,,,,,17,SoftBank 601HW プレミアム50GB
1085,,10,7,None (+ 0 JPY),Yes (+ 540 JPY),,,[217 Days RENTAL] SoftBank 601HW [WHITE] Premium 50GB,1,,,,,,,,[217 Days RENTAL] SoftBank 601HW [WHITE] Premium 50GB,sl.jpg,*,sl.jpg,sl.jpg,,,,,,,,,,,,,,,,,,,,,,0,1,sl_216_in,,1,,39000,39540,,5,,,,,,,,,,,,,,,,,17,SoftBank 601HW プレミアム50GB
1086,,10,7,None (+ 0 JPY),Yes (+ 540 JPY),,,[218 Days RENTAL] SoftBank 601HW [WHITE] Premium 50GB,1,,,,,,,,[218 Days RENTAL] SoftBank 601HW [WHITE] Premium 50GB,sl.jpg,*,sl.jpg,sl.jpg,,,,,,,,,,,,,,,,,,,,,,0,1,sl_217_in,,1,,39550,40090,,5,,,,,,,,,,,,,,,,,17,SoftBank 601HW プレミアム50GB
1087,,10,7,None (+ 0 JPY),Yes (+ 540 JPY),,,[219 Days RENTAL] SoftBank 601HW [WHITE] Premium 50GB,1,,,,,,,,[219 Days RENTAL] SoftBank 601HW [WHITE] Premium 50GB,sl.jpg,*,sl.jpg,sl.jpg,,,,,,,,,,,,,,,,,,,,,,0,1,sl_218_in,,1,,40100,40640,,5,,,,,,,,,,,,,,,,,17,SoftBank 601HW プレミアム50GB
1088,,10,7,None (+ 0 JPY),Yes (+ 540 JPY),,,[220 Days RENTAL] SoftBank 601HW [WHITE] Premium 50GB,1,,,,,,,,[220 Days RENTAL] SoftBank 601HW [WHITE] Premium 50GB,sl.jpg,*,sl.jpg,sl.jpg,,,,,,,,,,,,,,,,,,,,,,0,1,sl_219_in,,1,,40650,41190,,5,,,,,,,,,,,,,,,,,17,SoftBank 601HW プレミアム50GB
1089,,10,7,None (+ 0 JPY),Yes (+ 540 JPY),,,[221 Days RENTAL] SoftBank 601HW [WHITE] Premium 50GB,1,,,,,,,,[221 Days RENTAL] SoftBank 601HW [WHITE] Premium 50GB,sl.jpg,*,sl.jpg,sl.jpg,,,,,,,,,,,,,,,,,,,,,,0,1,sl_220_in,,1,,41200,41740,,5,,,,,,,,,,,,,,,,,17,SoftBank 601HW プレミアム50GB
1090,,10,7,None (+ 0 JPY),Yes (+ 540 JPY),,,[222 Days RENTAL] SoftBank 601HW [WHITE] Premium 50GB,1,,,,,,,,[222 Days RENTAL] SoftBank 601HW [WHITE] Premium 50GB,sl.jpg,*,sl.jpg,sl.jpg,,,,,,,,,,,,,,,,,,,,,,0,1,sl_221_in,,1,,41750,42290,,5,,,,,,,,,,,,,,,,,17,SoftBank 601HW プレミアム50GB
1091,,10,7,None (+ 0 JPY),Yes (+ 540 JPY),,,[223 Days RENTAL] SoftBank 601HW [WHITE] Premium 50GB,1,,,,,,,,[223 Days RENTAL] SoftBank 601HW [WHITE] Premium 50GB,sl.jpg,*,sl.jpg,sl.jpg,,,,,,,,,,,,,,,,,,,,,,0,1,sl_222_in,,1,,42300,42840,,5,,,,,,,,,,,,,,,,,17,SoftBank 601HW プレミアム50GB
1092,,10,7,None (+ 0 JPY),Yes (+ 540 JPY),,,[224 Days RENTAL] SoftBank 601HW [WHITE] Premium 50GB,1,,,,,,,,[224 Days RENTAL] SoftBank 601HW [WHITE] Premium 50GB,sl.jpg,*,sl.jpg,sl.jpg,,,,,,,,,,,,,,,,,,,,,,0,1,sl_223_in,,1,,42650,43190,,5,,,,,,,,,,,,,,,,,17,SoftBank 601HW プレミアム50GB
1093,,10,7,None (+ 0 JPY),Yes (+ 540 JPY),,,[225 Days RENTAL] SoftBank 601HW [WHITE] Premium 50GB,1,,,,,,,,[225 Days RENTAL] SoftBank 601HW [WHITE] Premium 50GB,sl.jpg,*,sl.jpg,sl.jpg,,,,,,,,,,,,,,,,,,,,,,0,1,sl_224_in,,1,,42650,43190,,5,,,,,,,,,,,,,,,,,17,SoftBank 601HW プレミアム50GB
1094,,10,7,None (+ 0 JPY),Yes (+ 540 JPY),,,[226 Days RENTAL] SoftBank 601HW [WHITE] Premium 50GB,1,,,,,,,,[226 Days RENTAL] SoftBank 601HW [WHITE] Premium 50GB,sl.jpg,*,sl.jpg,sl.jpg,,,,,,,,,,,,,,,,,,,,,,0,1,sl_225_in,,1,,42650,43190,,5,,,,,,,,,,,,,,,,,17,SoftBank 601HW プレミアム50GB
1095,,10,7,None (+ 0 JPY),Yes (+ 540 JPY),,,[227 Days RENTAL] SoftBank 601HW [WHITE] Premium 50GB,1,,,,,,,,[227 Days RENTAL] SoftBank 601HW [WHITE] Premium 50GB,sl.jpg,*,sl.jpg,sl.jpg,,,,,,,,,,,,,,,,,,,,,,0,1,sl_226_in,,1,,42650,43190,,5,,,,,,,,,,,,,,,,,17,SoftBank 601HW プレミアム50GB
1096,,10,7,None (+ 0 JPY),Yes (+ 540 JPY),,,[228 Days RENTAL] SoftBank 601HW [WHITE] Premium 50GB,1,,,,,,,,[228 Days RENTAL] SoftBank 601HW [WHITE] Premium 50GB,sl.jpg,*,sl.jpg,sl.jpg,,,,,,,,,,,,,,,,,,,,,,0,1,sl_227_in,,1,,42650,43190,,5,,,,,,,,,,,,,,,,,17,SoftBank 601HW プレミアム50GB
1097,,10,7,None (+ 0 JPY),Yes (+ 540 JPY),,,[229 Days RENTAL] SoftBank 601HW [WHITE] Premium 50GB,1,,,,,,,,[229 Days RENTAL] SoftBank 601HW [WHITE] Premium 50GB,sl.jpg,*,sl.jpg,sl.jpg,,,,,,,,,,,,,,,,,,,,,,0,1,sl_228_in,,1,,42650,43190,,5,,,,,,,,,,,,,,,,,17,SoftBank 601HW プレミアム50GB
1098,,10,7,None (+ 0 JPY),Yes (+ 540 JPY),,,[230 Days RENTAL] SoftBank 601HW [WHITE] Premium 50GB,1,,,,,,,,[230 Days RENTAL] SoftBank 601HW [WHITE] Premium 50GB,sl.jpg,*,sl.jpg,sl.jpg,,,,,,,,,,,,,,,,,,,,,,0,1,sl_229_in,,1,,42650,43190,,5,,,,,,,,,,,,,,,,,17,SoftBank 601HW プレミアム50GB
1099,,10,7,None (+ 0 JPY),Yes (+ 540 JPY),,,[231 Days RENTAL] SoftBank 601HW [WHITE] Premium 50GB,1,,,,,,,,[231 Days RENTAL] SoftBank 601HW [WHITE] Premium 50GB,sl.jpg,*,sl.jpg,sl.jpg,,,,,,,,,,,,,,,,,,,,,,0,1,sl_230_in,,1,,42650,43190,,5,,,,,,,,,,,,,,,,,17,SoftBank 601HW プレミアム50GB
1100,,10,7,None (+ 0 JPY),Yes (+ 540 JPY),,,[232 Days RENTAL] SoftBank 601HW [WHITE] Premium 50GB,1,,,,,,,,[232 Days RENTAL] SoftBank 601HW [WHITE] Premium 50GB,sl.jpg,*,sl.jpg,sl.jpg,,,,,,,,,,,,,,,,,,,,,,0,1,sl_231_in,,1,,42650,43190,,5,,,,,,,,,,,,,,,,,17,SoftBank 601HW プレミアム50GB
1101,,10,7,None (+ 0 JPY),Yes (+ 540 JPY),,,[233 Days RENTAL] SoftBank 601HW [WHITE] Premium 50GB,1,,,,,,,,[233 Days RENTAL] SoftBank 601HW [WHITE] Premium 50GB,sl.jpg,*,sl.jpg,sl.jpg,,,,,,,,,,,,,,,,,,,,,,0,1,sl_232_in,,1,,42650,43190,,5,,,,,,,,,,,,,,,,,17,SoftBank 601HW プレミアム50GB
1102,,10,7,None (+ 0 JPY),Yes (+ 540 JPY),,,[234 Days RENTAL] SoftBank 601HW [WHITE] Premium 50GB,1,,,,,,,,[234 Days RENTAL] SoftBank 601HW [WHITE] Premium 50GB,sl.jpg,*,sl.jpg,sl.jpg,,,,,,,,,,,,,,,,,,,,,,0,1,sl_233_in,,1,,42650,43190,,5,,,,,,,,,,,,,,,,,17,SoftBank 601HW プレミアム50GB
1103,,10,7,None (+ 0 JPY),Yes (+ 540 JPY),,,[235 Days RENTAL] SoftBank 601HW [WHITE] Premium 50GB,1,,,,,,,,[235 Days RENTAL] SoftBank 601HW [WHITE] Premium 50GB,sl.jpg,*,sl.jpg,sl.jpg,,,,,,,,,,,,,,,,,,,,,,0,1,sl_234_in,,1,,42650,43190,,5,,,,,,,,,,,,,,,,,17,SoftBank 601HW プレミアム50GB
1104,,10,7,None (+ 0 JPY),Yes (+ 540 JPY),,,[236 Days RENTAL] SoftBank 601HW [WHITE] Premium 50GB,1,,,,,,,,[236 Days RENTAL] SoftBank 601HW [WHITE] Premium 50GB,sl.jpg,*,sl.jpg,sl.jpg,,,,,,,,,,,,,,,,,,,,,,0,1,sl_235_in,,1,,42650,43190,,5,,,,,,,,,,,,,,,,,17,SoftBank 601HW プレミアム50GB
1105,,10,7,None (+ 0 JPY),Yes (+ 540 JPY),,,[237 Days RENTAL] SoftBank 601HW [WHITE] Premium 50GB,1,,,,,,,,[237 Days RENTAL] SoftBank 601HW [WHITE] Premium 50GB,sl.jpg,*,sl.jpg,sl.jpg,,,,,,,,,,,,,,,,,,,,,,0,1,sl_236_in,,1,,42650,43190,,5,,,,,,,,,,,,,,,,,17,SoftBank 601HW プレミアム50GB
1106,,10,7,None (+ 0 JPY),Yes (+ 540 JPY),,,[238 Days RENTAL] SoftBank 601HW [WHITE] Premium 50GB,1,,,,,,,,[238 Days RENTAL] SoftBank 601HW [WHITE] Premium 50GB,sl.jpg,*,sl.jpg,sl.jpg,,,,,,,,,,,,,,,,,,,,,,0,1,sl_237_in,,1,,42650,43190,,5,,,,,,,,,,,,,,,,,17,SoftBank 601HW プレミアム50GB
1107,,10,7,None (+ 0 JPY),Yes (+ 540 JPY),,,[239 Days RENTAL] SoftBank 601HW [WHITE] Premium 50GB,1,,,,,,,,[239 Days RENTAL] SoftBank 601HW [WHITE] Premium 50GB,sl.jpg,*,sl.jpg,sl.jpg,,,,,,,,,,,,,,,,,,,,,,0,1,sl_238_in,,1,,42650,43190,,5,,,,,,,,,,,,,,,,,17,SoftBank 601HW プレミアム50GB
1108,,10,7,None (+ 0 JPY),Yes (+ 540 JPY),,,[240 Days RENTAL] SoftBank 601HW [WHITE] Premium 50GB,1,,,,,,,,[240 Days RENTAL] SoftBank 601HW [WHITE] Premium 50GB,sl.jpg,*,sl.jpg,sl.jpg,,,,,,,,,,,,,,,,,,,,,,0,1,sl_239_in,,1,,42650,43190,,5,,,,,,,,,,,,,,,,,17,SoftBank 601HW プレミアム50GB
1109,,10,7,None (+ 0 JPY),Yes (+ 540 JPY),,,[241 Days RENTAL] SoftBank 601HW [WHITE] Premium 50GB,1,,,,,,,,[241 Days RENTAL] SoftBank 601HW [WHITE] Premium 50GB,sl.jpg,*,sl.jpg,sl.jpg,,,,,,,,,,,,,,,,,,,,,,0,1,sl_240_in,,1,,42650,43190,,5,,,,,,,,,,,,,,,,,17,SoftBank 601HW プレミアム50GB
1110,,10,7,None (+ 0 JPY),Yes (+ 540 JPY),,,[242 Days RENTAL] SoftBank 601HW [WHITE] Premium 50GB,1,,,,,,,,[242 Days RENTAL] SoftBank 601HW [WHITE] Premium 50GB,sl.jpg,*,sl.jpg,sl.jpg,,,,,,,,,,,,,,,,,,,,,,0,1,sl_241_in,,1,,42650,43190,,5,,,,,,,,,,,,,,,,,17,SoftBank 601HW プレミアム50GB
1111,,10,7,None (+ 0 JPY),Yes (+ 540 JPY),,,[243 Days RENTAL] SoftBank 601HW [WHITE] Premium 50GB,1,,,,,,,,[243 Days RENTAL] SoftBank 601HW [WHITE] Premium 50GB,sl.jpg,*,sl.jpg,sl.jpg,,,,,,,,,,,,,,,,,,,,,,0,1,sl_242_in,,1,,43200,43740,,5,,,,,,,,,,,,,,,,,17,SoftBank 601HW プレミアム50GB
1112,,10,7,None (+ 0 JPY),Yes (+ 540 JPY),,,[244 Days RENTAL] SoftBank 601HW [WHITE] Premium 50GB,1,,,,,,,,[244 Days RENTAL] SoftBank 601HW [WHITE] Premium 50GB,sl.jpg,*,sl.jpg,sl.jpg,,,,,,,,,,,,,,,,,,,,,,0,1,sl_243_in,,1,,43750,44290,,5,,,,,,,,,,,,,,,,,17,SoftBank 601HW プレミアム50GB
1113,,10,7,None (+ 0 JPY),Yes (+ 540 JPY),,,[245 Days RENTAL] SoftBank 601HW [WHITE] Premium 50GB,1,,,,,,,,[245 Days RENTAL] SoftBank 601HW [WHITE] Premium 50GB,sl.jpg,*,sl.jpg,sl.jpg,,,,,,,,,,,,,,,,,,,,,,0,1,sl_244_in,,1,,44300,44840,,5,,,,,,,,,,,,,,,,,17,SoftBank 601HW プレミアム50GB
1114,,10,7,None (+ 0 JPY),Yes (+ 540 JPY),,,[246 Days RENTAL] SoftBank 601HW [WHITE] Premium 50GB,1,,,,,,,,[246 Days RENTAL] SoftBank 601HW [WHITE] Premium 50GB,sl.jpg,*,sl.jpg,sl.jpg,,,,,,,,,,,,,,,,,,,,,,0,1,sl_245_in,,1,,44850,45390,,5,,,,,,,,,,,,,,,,,17,SoftBank 601HW プレミアム50GB
1115,,10,7,None (+ 0 JPY),Yes (+ 540 JPY),,,[247 Days RENTAL] SoftBank 601HW [WHITE] Premium 50GB,1,,,,,,,,[247 Days RENTAL] SoftBank 601HW [WHITE] Premium 50GB,sl.jpg,*,sl.jpg,sl.jpg,,,,,,,,,,,,,,,,,,,,,,0,1,sl_246_in,,1,,45400,45940,,5,,,,,,,,,,,,,,,,,17,SoftBank 601HW プレミアム50GB
1116,,10,7,None (+ 0 JPY),Yes (+ 540 JPY),,,[248 Days RENTAL] SoftBank 601HW [WHITE] Premium 50GB,1,,,,,,,,[248 Days RENTAL] SoftBank 601HW [WHITE] Premium 50GB,sl.jpg,*,sl.jpg,sl.jpg,,,,,,,,,,,,,,,,,,,,,,0,1,sl_247_in,,1,,45950,46490,,5,,,,,,,,,,,,,,,,,17,SoftBank 601HW プレミアム50GB
1117,,10,7,None (+ 0 JPY),Yes (+ 540 JPY),,,[249 Days RENTAL] SoftBank 601HW [WHITE] Premium 50GB,1,,,,,,,,[249 Days RENTAL] SoftBank 601HW [WHITE] Premium 50GB,sl.jpg,*,sl.jpg,sl.jpg,,,,,,,,,,,,,,,,,,,,,,0,1,sl_248_in,,1,,46500,47040,,5,,,,,,,,,,,,,,,,,17,SoftBank 601HW プレミアム50GB
1118,,10,7,None (+ 0 JPY),Yes (+ 540 JPY),,,[250 Days RENTAL] SoftBank 601HW [WHITE] Premium 50GB,1,,,,,,,,[250 Days RENTAL] SoftBank 601HW [WHITE] Premium 50GB,sl.jpg,*,sl.jpg,sl.jpg,,,,,,,,,,,,,,,,,,,,,,0,1,sl_249_in,,1,,47050,47590,,5,,,,,,,,,,,,,,,,,17,SoftBank 601HW プレミアム50GB
1119,,10,7,None (+ 0 JPY),Yes (+ 540 JPY),,,[251 Days RENTAL] SoftBank 601HW [WHITE] Premium 50GB,1,,,,,,,,[251 Days RENTAL] SoftBank 601HW [WHITE] Premium 50GB,sl.jpg,*,sl.jpg,sl.jpg,,,,,,,,,,,,,,,,,,,,,,0,1,sl_250_in,,1,,47600,48140,,5,,,,,,,,,,,,,,,,,17,SoftBank 601HW プレミアム50GB
1120,,10,7,None (+ 0 JPY),Yes (+ 540 JPY),,,[252 Days RENTAL] SoftBank 601HW [WHITE] Premium 50GB,1,,,,,,,,[252 Days RENTAL] SoftBank 601HW [WHITE] Premium 50GB,sl.jpg,*,sl.jpg,sl.jpg,,,,,,,,,,,,,,,,,,,,,,0,1,sl_251_in,,1,,48150,48690,,5,,,,,,,,,,,,,,,,,17,SoftBank 601HW プレミアム50GB
1121,,10,7,None (+ 0 JPY),Yes (+ 540 JPY),,,[253 Days RENTAL] SoftBank 601HW [WHITE] Premium 50GB,1,,,,,,,,[253 Days RENTAL] SoftBank 601HW [WHITE] Premium 50GB,sl.jpg,*,sl.jpg,sl.jpg,,,,,,,,,,,,,,,,,,,,,,0,1,sl_252_in,,1,,48500,49040,,5,,,,,,,,,,,,,,,,,17,SoftBank 601HW プレミアム50GB
1122,,10,7,None (+ 0 JPY),Yes (+ 540 JPY),,,[254 Days RENTAL] SoftBank 601HW [WHITE] Premium 50GB,1,,,,,,,,[254 Days RENTAL] SoftBank 601HW [WHITE] Premium 50GB,sl.jpg,*,sl.jpg,sl.jpg,,,,,,,,,,,,,,,,,,,,,,0,1,sl_253_in,,1,,48500,49040,,5,,,,,,,,,,,,,,,,,17,SoftBank 601HW プレミアム50GB
1123,,10,7,None (+ 0 JPY),Yes (+ 540 JPY),,,[255 Days RENTAL] SoftBank 601HW [WHITE] Premium 50GB,1,,,,,,,,[255 Days RENTAL] SoftBank 601HW [WHITE] Premium 50GB,sl.jpg,*,sl.jpg,sl.jpg,,,,,,,,,,,,,,,,,,,,,,0,1,sl_254_in,,1,,48500,49040,,5,,,,,,,,,,,,,,,,,17,SoftBank 601HW プレミアム50GB
1124,,10,7,None (+ 0 JPY),Yes (+ 540 JPY),,,[256 Days RENTAL] SoftBank 601HW [WHITE] Premium 50GB,1,,,,,,,,[256 Days RENTAL] SoftBank 601HW [WHITE] Premium 50GB,sl.jpg,*,sl.jpg,sl.jpg,,,,,,,,,,,,,,,,,,,,,,0,1,sl_255_in,,1,,48500,49040,,5,,,,,,,,,,,,,,,,,17,SoftBank 601HW プレミアム50GB
1125,,10,7,None (+ 0 JPY),Yes (+ 540 JPY),,,[257 Days RENTAL] SoftBank 601HW [WHITE] Premium 50GB,1,,,,,,,,[257 Days RENTAL] SoftBank 601HW [WHITE] Premium 50GB,sl.jpg,*,sl.jpg,sl.jpg,,,,,,,,,,,,,,,,,,,,,,0,1,sl_256_in,,1,,48500,49040,,5,,,,,,,,,,,,,,,,,17,SoftBank 601HW プレミアム50GB
1126,,10,7,None (+ 0 JPY),Yes (+ 540 JPY),,,[258 Days RENTAL] SoftBank 601HW [WHITE] Premium 50GB,1,,,,,,,,[258 Days RENTAL] SoftBank 601HW [WHITE] Premium 50GB,sl.jpg,*,sl.jpg,sl.jpg,,,,,,,,,,,,,,,,,,,,,,0,1,sl_257_in,,1,,48500,49040,,5,,,,,,,,,,,,,,,,,17,SoftBank 601HW プレミアム50GB
1127,,10,7,None (+ 0 JPY),Yes (+ 540 JPY),,,[259 Days RENTAL] SoftBank 601HW [WHITE] Premium 50GB,1,,,,,,,,[259 Days RENTAL] SoftBank 601HW [WHITE] Premium 50GB,sl.jpg,*,sl.jpg,sl.jpg,,,,,,,,,,,,,,,,,,,,,,0,1,sl_258_in,,1,,48500,49040,,5,,,,,,,,,,,,,,,,,17,SoftBank 601HW プレミアム50GB
1128,,10,7,None (+ 0 JPY),Yes (+ 540 JPY),,,[260 Days RENTAL] SoftBank 601HW [WHITE] Premium 50GB,1,,,,,,,,[260 Days RENTAL] SoftBank 601HW [WHITE] Premium 50GB,sl.jpg,*,sl.jpg,sl.jpg,,,,,,,,,,,,,,,,,,,,,,0,1,sl_259_in,,1,,48500,49040,,5,,,,,,,,,,,,,,,,,17,SoftBank 601HW プレミアム50GB
1129,,10,7,None (+ 0 JPY),Yes (+ 540 JPY),,,[261 Days RENTAL] SoftBank 601HW [WHITE] Premium 50GB,1,,,,,,,,[261 Days RENTAL] SoftBank 601HW [WHITE] Premium 50GB,sl.jpg,*,sl.jpg,sl.jpg,,,,,,,,,,,,,,,,,,,,,,0,1,sl_260_in,,1,,48500,49040,,5,,,,,,,,,,,,,,,,,17,SoftBank 601HW プレミアム50GB
1130,,10,7,None (+ 0 JPY),Yes (+ 540 JPY),,,[262 Days RENTAL] SoftBank 601HW [WHITE] Premium 50GB,1,,,,,,,,[262 Days RENTAL] SoftBank 601HW [WHITE] Premium 50GB,sl.jpg,*,sl.jpg,sl.jpg,,,,,,,,,,,,,,,,,,,,,,0,1,sl_261_in,,1,,48500,49040,,5,,,,,,,,,,,,,,,,,17,SoftBank 601HW プレミアム50GB
1131,,10,7,None (+ 0 JPY),Yes (+ 540 JPY),,,[263 Days RENTAL] SoftBank 601HW [WHITE] Premium 50GB,1,,,,,,,,[263 Days RENTAL] SoftBank 601HW [WHITE] Premium 50GB,sl.jpg,*,sl.jpg,sl.jpg,,,,,,,,,,,,,,,,,,,,,,0,1,sl_262_in,,1,,48500,49040,,5,,,,,,,,,,,,,,,,,17,SoftBank 601HW プレミアム50GB
1132,,10,7,None (+ 0 JPY),Yes (+ 540 JPY),,,[264 Days RENTAL] SoftBank 601HW [WHITE] Premium 50GB,1,,,,,,,,[264 Days RENTAL] SoftBank 601HW [WHITE] Premium 50GB,sl.jpg,*,sl.jpg,sl.jpg,,,,,,,,,,,,,,,,,,,,,,0,1,sl_263_in,,1,,48500,49040,,5,,,,,,,,,,,,,,,,,17,SoftBank 601HW プレミアム50GB
1133,,10,7,None (+ 0 JPY),Yes (+ 540 JPY),,,[265 Days RENTAL] SoftBank 601HW [WHITE] Premium 50GB,1,,,,,,,,[265 Days RENTAL] SoftBank 601HW [WHITE] Premium 50GB,sl.jpg,*,sl.jpg,sl.jpg,,,,,,,,,,,,,,,,,,,,,,0,1,sl_264_in,,1,,48500,49040,,5,,,,,,,,,,,,,,,,,17,SoftBank 601HW プレミアム50GB
1134,,10,7,None (+ 0 JPY),Yes (+ 540 JPY),,,[266 Days RENTAL] SoftBank 601HW [WHITE] Premium 50GB,1,,,,,,,,[266 Days RENTAL] SoftBank 601HW [WHITE] Premium 50GB,sl.jpg,*,sl.jpg,sl.jpg,,,,,,,,,,,,,,,,,,,,,,0,1,sl_265_in,,1,,48500,49040,,5,,,,,,,,,,,,,,,,,17,SoftBank 601HW プレミアム50GB
1135,,10,7,None (+ 0 JPY),Yes (+ 540 JPY),,,[267 Days RENTAL] SoftBank 601HW [WHITE] Premium 50GB,1,,,,,,,,[267 Days RENTAL] SoftBank 601HW [WHITE] Premium 50GB,sl.jpg,*,sl.jpg,sl.jpg,,,,,,,,,,,,,,,,,,,,,,0,1,sl_266_in,,1,,48500,49040,,5,,,,,,,,,,,,,,,,,17,SoftBank 601HW プレミアム50GB
1136,,10,7,None (+ 0 JPY),Yes (+ 540 JPY),,,[268 Days RENTAL] SoftBank 601HW [WHITE] Premium 50GB,1,,,,,,,,[268 Days RENTAL] SoftBank 601HW [WHITE] Premium 50GB,sl.jpg,*,sl.jpg,sl.jpg,,,,,,,,,,,,,,,,,,,,,,0,1,sl_267_in,,1,,48500,49040,,5,,,,,,,,,,,,,,,,,17,SoftBank 601HW プレミアム50GB
1137,,10,7,None (+ 0 JPY),Yes (+ 540 JPY),,,[269 Days RENTAL] SoftBank 601HW [WHITE] Premium 50GB,1,,,,,,,,[269 Days RENTAL] SoftBank 601HW [WHITE] Premium 50GB,sl.jpg,*,sl.jpg,sl.jpg,,,,,,,,,,,,,,,,,,,,,,0,1,sl_268_in,,1,,48500,49040,,5,,,,,,,,,,,,,,,,,17,SoftBank 601HW プレミアム50GB
1138,,10,7,None (+ 0 JPY),Yes (+ 540 JPY),,,[270 Days RENTAL] SoftBank 601HW [WHITE] Premium 50GB,1,,,,,,,,[270 Days RENTAL] SoftBank 601HW [WHITE] Premium 50GB,sl.jpg,*,sl.jpg,sl.jpg,,,,,,,,,,,,,,,,,,,,,,0,1,sl_269_in,,1,,48500,49040,,5,,,,,,,,,,,,,,,,,17,SoftBank 601HW プレミアム50GB
1139,,10,7,None (+ 0 JPY),Yes (+ 540 JPY),,,[271 Days RENTAL] SoftBank 601HW [WHITE] Premium 50GB,1,,,,,,,,[271 Days RENTAL] SoftBank 601HW [WHITE] Premium 50GB,sl.jpg,*,sl.jpg,sl.jpg,,,,,,,,,,,,,,,,,,,,,,0,1,sl_270_in,,1,,48500,49040,,5,,,,,,,,,,,,,,,,,17,SoftBank 601HW プレミアム50GB
1140,,10,7,None (+ 0 JPY),Yes (+ 540 JPY),,,[272 Days RENTAL] SoftBank 601HW [WHITE] Premium 50GB,1,,,,,,,,[272 Days RENTAL] SoftBank 601HW [WHITE] Premium 50GB,sl.jpg,*,sl.jpg,sl.jpg,,,,,,,,,,,,,,,,,,,,,,0,1,sl_271_in,,1,,48500,49040,,5,,,,,,,,,,,,,,,,,17,SoftBank 601HW プレミアム50GB
1141,,10,7,None (+ 0 JPY),Yes (+ 540 JPY),,,[273 Days RENTAL] SoftBank 601HW [WHITE] Premium 50GB,1,,,,,,,,[273 Days RENTAL] SoftBank 601HW [WHITE] Premium 50GB,sl.jpg,*,sl.jpg,sl.jpg,,,,,,,,,,,,,,,,,,,,,,0,1,sl_272_in,,1,,49050,49590,,5,,,,,,,,,,,,,,,,,17,SoftBank 601HW プレミアム50GB
1142,,10,7,None (+ 0 JPY),Yes (+ 540 JPY),,,[274 Days RENTAL] SoftBank 601HW [WHITE] Premium 50GB,1,,,,,,,,[274 Days RENTAL] SoftBank 601HW [WHITE] Premium 50GB,sl.jpg,*,sl.jpg,sl.jpg,,,,,,,,,,,,,,,,,,,,,,0,1,sl_273_in,,1,,49600,50140,,5,,,,,,,,,,,,,,,,,17,SoftBank 601HW プレミアム50GB
1143,,10,7,None (+ 0 JPY),Yes (+ 540 JPY),,,[275 Days RENTAL] SoftBank 601HW [WHITE] Premium 50GB,1,,,,,,,,[275 Days RENTAL] SoftBank 601HW [WHITE] Premium 50GB,sl.jpg,*,sl.jpg,sl.jpg,,,,,,,,,,,,,,,,,,,,,,0,1,sl_274_in,,1,,50150,50690,,5,,,,,,,,,,,,,,,,,17,SoftBank 601HW プレミアム50GB
1144,,10,7,None (+ 0 JPY),Yes (+ 540 JPY),,,[276 Days RENTAL] SoftBank 601HW [WHITE] Premium 50GB,1,,,,,,,,[276 Days RENTAL] SoftBank 601HW [WHITE] Premium 50GB,sl.jpg,*,sl.jpg,sl.jpg,,,,,,,,,,,,,,,,,,,,,,0,1,sl_275_in,,1,,50700,51240,,5,,,,,,,,,,,,,,,,,17,SoftBank 601HW プレミアム50GB
1145,,10,7,None (+ 0 JPY),Yes (+ 540 JPY),,,[277 Days RENTAL] SoftBank 601HW [WHITE] Premium 50GB,1,,,,,,,,[277 Days RENTAL] SoftBank 601HW [WHITE] Premium 50GB,sl.jpg,*,sl.jpg,sl.jpg,,,,,,,,,,,,,,,,,,,,,,0,1,sl_276_in,,1,,51000,51540,,5,,,,,,,,,,,,,,,,,17,SoftBank 601HW プレミアム50GB
1146,,10,7,None (+ 0 JPY),Yes (+ 540 JPY),,,[278 Days RENTAL] SoftBank 601HW [WHITE] Premium 50GB,1,,,,,,,,[278 Days RENTAL] SoftBank 601HW [WHITE] Premium 50GB,sl.jpg,*,sl.jpg,sl.jpg,,,,,,,,,,,,,,,,,,,,,,0,1,sl_277_in,,1,,51000,51540,,5,,,,,,,,,,,,,,,,,17,SoftBank 601HW プレミアム50GB
1147,,10,7,None (+ 0 JPY),Yes (+ 540 JPY),,,[279 Days RENTAL] SoftBank 601HW [WHITE] Premium 50GB,1,,,,,,,,[279 Days RENTAL] SoftBank 601HW [WHITE] Premium 50GB,sl.jpg,*,sl.jpg,sl.jpg,,,,,,,,,,,,,,,,,,,,,,0,1,sl_278_in,,1,,51000,51540,,5,,,,,,,,,,,,,,,,,17,SoftBank 601HW プレミアム50GB
1148,,10,7,None (+ 0 JPY),Yes (+ 540 JPY),,,[280 Days RENTAL] SoftBank 601HW [WHITE] Premium 50GB,1,,,,,,,,[280 Days RENTAL] SoftBank 601HW [WHITE] Premium 50GB,sl.jpg,*,sl.jpg,sl.jpg,,,,,,,,,,,,,,,,,,,,,,0,1,sl_279_in,,1,,51000,51540,,5,,,,,,,,,,,,,,,,,17,SoftBank 601HW プレミアム50GB
1149,,10,7,None (+ 0 JPY),Yes (+ 540 JPY),,,[281 Days RENTAL] SoftBank 601HW [WHITE] Premium 50GB,1,,,,,,,,[281 Days RENTAL] SoftBank 601HW [WHITE] Premium 50GB,sl.jpg,*,sl.jpg,sl.jpg,,,,,,,,,,,,,,,,,,,,,,0,1,sl_280_in,,1,,51000,51540,,5,,,,,,,,,,,,,,,,,17,SoftBank 601HW プレミアム50GB
1150,,10,7,None (+ 0 JPY),Yes (+ 540 JPY),,,[282 Days RENTAL] SoftBank 601HW [WHITE] Premium 50GB,1,,,,,,,,[282 Days RENTAL] SoftBank 601HW [WHITE] Premium 50GB,sl.jpg,*,sl.jpg,sl.jpg,,,,,,,,,,,,,,,,,,,,,,0,1,sl_281_in,,1,,51000,51540,,5,,,,,,,,,,,,,,,,,17,SoftBank 601HW プレミアム50GB
1151,,10,7,None (+ 0 JPY),Yes (+ 540 JPY),,,[283 Days RENTAL] SoftBank 601HW [WHITE] Premium 50GB,1,,,,,,,,[283 Days RENTAL] SoftBank 601HW [WHITE] Premium 50GB,sl.jpg,*,sl.jpg,sl.jpg,,,,,,,,,,,,,,,,,,,,,,0,1,sl_282_in,,1,,51000,51540,,5,,,,,,,,,,,,,,,,,17,SoftBank 601HW プレミアム50GB
1152,,10,7,None (+ 0 JPY),Yes (+ 540 JPY),,,[284 Days RENTAL] SoftBank 601HW [WHITE] Premium 50GB,1,,,,,,,,[284 Days RENTAL] SoftBank 601HW [WHITE] Premium 50GB,sl.jpg,*,sl.jpg,sl.jpg,,,,,,,,,,,,,,,,,,,,,,0,1,sl_283_in,,1,,51000,51540,,5,,,,,,,,,,,,,,,,,17,SoftBank 601HW プレミアム50GB
1153,,10,7,None (+ 0 JPY),Yes (+ 540 JPY),,,[285 Days RENTAL] SoftBank 601HW [WHITE] Premium 50GB,1,,,,,,,,[285 Days RENTAL] SoftBank 601HW [WHITE] Premium 50GB,sl.jpg,*,sl.jpg,sl.jpg,,,,,,,,,,,,,,,,,,,,,,0,1,sl_284_in,,1,,51000,51540,,5,,,,,,,,,,,,,,,,,17,SoftBank 601HW プレミアム50GB
1154,,10,7,None (+ 0 JPY),Yes (+ 540 JPY),,,[286 Days RENTAL] SoftBank 601HW [WHITE] Premium 50GB,1,,,,,,,,[286 Days RENTAL] SoftBank 601HW [WHITE] Premium 50GB,sl.jpg,*,sl.jpg,sl.jpg,,,,,,,,,,,,,,,,,,,,,,0,1,sl_285_in,,1,,51000,51540,,5,,,,,,,,,,,,,,,,,17,SoftBank 601HW プレミアム50GB
1155,,10,7,None (+ 0 JPY),Yes (+ 540 JPY),,,[287 Days RENTAL] SoftBank 601HW [WHITE] Premium 50GB,1,,,,,,,,[287 Days RENTAL] SoftBank 601HW [WHITE] Premium 50GB,sl.jpg,*,sl.jpg,sl.jpg,,,,,,,,,,,,,,,,,,,,,,0,1,sl_286_in,,1,,51000,51540,,5,,,,,,,,,,,,,,,,,17,SoftBank 601HW プレミアム50GB
1156,,10,7,None (+ 0 JPY),Yes (+ 540 JPY),,,[288 Days RENTAL] SoftBank 601HW [WHITE] Premium 50GB,1,,,,,,,,[288 Days RENTAL] SoftBank 601HW [WHITE] Premium 50GB,sl.jpg,*,sl.jpg,sl.jpg,,,,,,,,,,,,,,,,,,,,,,0,1,sl_287_in,,1,,51000,51540,,5,,,,,,,,,,,,,,,,,17,SoftBank 601HW プレミアム50GB
1157,,10,7,None (+ 0 JPY),Yes (+ 540 JPY),,,[289 Days RENTAL] SoftBank 601HW [WHITE] Premium 50GB,1,,,,,,,,[289 Days RENTAL] SoftBank 601HW [WHITE] Premium 50GB,sl.jpg,*,sl.jpg,sl.jpg,,,,,,,,,,,,,,,,,,,,,,0,1,sl_288_in,,1,,51000,51540,,5,,,,,,,,,,,,,,,,,17,SoftBank 601HW プレミアム50GB
1158,,10,7,None (+ 0 JPY),Yes (+ 540 JPY),,,[290 Days RENTAL] SoftBank 601HW [WHITE] Premium 50GB,1,,,,,,,,[290 Days RENTAL] SoftBank 601HW [WHITE] Premium 50GB,sl.jpg,*,sl.jpg,sl.jpg,,,,,,,,,,,,,,,,,,,,,,0,1,sl_289_in,,1,,51000,51540,,5,,,,,,,,,,,,,,,,,17,SoftBank 601HW プレミアム50GB
1159,,10,7,None (+ 0 JPY),Yes (+ 540 JPY),,,[291 Days RENTAL] SoftBank 601HW [WHITE] Premium 50GB,1,,,,,,,,[291 Days RENTAL] SoftBank 601HW [WHITE] Premium 50GB,sl.jpg,*,sl.jpg,sl.jpg,,,,,,,,,,,,,,,,,,,,,,0,1,sl_290_in,,1,,51000,51540,,5,,,,,,,,,,,,,,,,,17,SoftBank 601HW プレミアム50GB
1160,,10,7,None (+ 0 JPY),Yes (+ 540 JPY),,,[292 Days RENTAL] SoftBank 601HW [WHITE] Premium 50GB,1,,,,,,,,[292 Days RENTAL] SoftBank 601HW [WHITE] Premium 50GB,sl.jpg,*,sl.jpg,sl.jpg,,,,,,,,,,,,,,,,,,,,,,0,1,sl_291_in,,1,,51000,51540,,5,,,,,,,,,,,,,,,,,17,SoftBank 601HW プレミアム50GB
1161,,10,7,None (+ 0 JPY),Yes (+ 540 JPY),,,[293 Days RENTAL] SoftBank 601HW [WHITE] Premium 50GB,1,,,,,,,,[293 Days RENTAL] SoftBank 601HW [WHITE] Premium 50GB,sl.jpg,*,sl.jpg,sl.jpg,,,,,,,,,,,,,,,,,,,,,,0,1,sl_292_in,,1,,51000,51540,,5,,,,,,,,,,,,,,,,,17,SoftBank 601HW プレミアム50GB
1162,,10,7,None (+ 0 JPY),Yes (+ 540 JPY),,,[294 Days RENTAL] SoftBank 601HW [WHITE] Premium 50GB,1,,,,,,,,[294 Days RENTAL] SoftBank 601HW [WHITE] Premium 50GB,sl.jpg,*,sl.jpg,sl.jpg,,,,,,,,,,,,,,,,,,,,,,0,1,sl_293_in,,1,,51000,51540,,5,,,,,,,,,,,,,,,,,17,SoftBank 601HW プレミアム50GB
1163,,10,7,None (+ 0 JPY),Yes (+ 540 JPY),,,[295 Days RENTAL] SoftBank 601HW [WHITE] Premium 50GB,1,,,,,,,,[295 Days RENTAL] SoftBank 601HW [WHITE] Premium 50GB,sl.jpg,*,sl.jpg,sl.jpg,,,,,,,,,,,,,,,,,,,,,,0,1,sl_294_in,,1,,51000,51540,,5,,,,,,,,,,,,,,,,,17,SoftBank 601HW プレミアム50GB
1164,,10,7,None (+ 0 JPY),Yes (+ 540 JPY),,,[296 Days RENTAL] SoftBank 601HW [WHITE] Premium 50GB,1,,,,,,,,[296 Days RENTAL] SoftBank 601HW [WHITE] Premium 50GB,sl.jpg,*,sl.jpg,sl.jpg,,,,,,,,,,,,,,,,,,,,,,0,1,sl_295_in,,1,,51000,51540,,5,,,,,,,,,,,,,,,,,17,SoftBank 601HW プレミアム50GB
1165,,10,7,None (+ 0 JPY),Yes (+ 540 JPY),,,[297 Days RENTAL] SoftBank 601HW [WHITE] Premium 50GB,1,,,,,,,,[297 Days RENTAL] SoftBank 601HW [WHITE] Premium 50GB,sl.jpg,*,sl.jpg,sl.jpg,,,,,,,,,,,,,,,,,,,,,,0,1,sl_296_in,,1,,51000,51540,,5,,,,,,,,,,,,,,,,,17,SoftBank 601HW プレミアム50GB
1166,,10,7,None (+ 0 JPY),Yes (+ 540 JPY),,,[298 Days RENTAL] SoftBank 601HW [WHITE] Premium 50GB,1,,,,,,,,[298 Days RENTAL] SoftBank 601HW [WHITE] Premium 50GB,sl.jpg,*,sl.jpg,sl.jpg,,,,,,,,,,,,,,,,,,,,,,0,1,sl_297_in,,1,,51000,51540,,5,,,,,,,,,,,,,,,,,17,SoftBank 601HW プレミアム50GB
1167,,10,7,None (+ 0 JPY),Yes (+ 540 JPY),,,[299 Days RENTAL] SoftBank 601HW [WHITE] Premium 50GB,1,,,,,,,,[299 Days RENTAL] SoftBank 601HW [WHITE] Premium 50GB,sl.jpg,*,sl.jpg,sl.jpg,,,,,,,,,,,,,,,,,,,,,,0,1,sl_298_in,,1,,51000,51540,,5,,,,,,,,,,,,,,,,,17,SoftBank 601HW プレミアム50GB
1168,,10,7,None (+ 0 JPY),Yes (+ 540 JPY),,,[300 Days RENTAL] SoftBank 601HW [WHITE] Premium 50GB,1,,,,,,,,[300 Days RENTAL] SoftBank 601HW [WHITE] Premium 50GB,sl.jpg,*,sl.jpg,sl.jpg,,,,,,,,,,,,,,,,,,,,,,0,1,sl_299_in,,1,,51000,51540,,5,,,,,,,,,,,,,,,,,17,SoftBank 601HW プレミアム50GB
1169,,10,7,None (+ 0 JPY),Yes (+ 540 JPY),,,[301 Days RENTAL] SoftBank 601HW [WHITE] Premium 50GB,1,,,,,,,,[301 Days RENTAL] SoftBank 601HW [WHITE] Premium 50GB,sl.jpg,*,sl.jpg,sl.jpg,,,,,,,,,,,,,,,,,,,,,,0,1,sl_300_in,,1,,51000,51540,,5,,,,,,,,,,,,,,,,,17,SoftBank 601HW プレミアム50GB
1170,,10,7,None (+ 0 JPY),Yes (+ 540 JPY),,,[302 Days RENTAL] SoftBank 601HW [WHITE] Premium 50GB,1,,,,,,,,[302 Days RENTAL] SoftBank 601HW [WHITE] Premium 50GB,sl.jpg,*,sl.jpg,sl.jpg,,,,,,,,,,,,,,,,,,,,,,0,1,sl_301_in,,1,,51000,51540,,5,,,,,,,,,,,,,,,,,17,SoftBank 601HW プレミアム50GB
1171,,10,7,None (+ 0 JPY),Yes (+ 540 JPY),,,[303 Days RENTAL] SoftBank 601HW [WHITE] Premium 50GB,1,,,,,,,,[303 Days RENTAL] SoftBank 601HW [WHITE] Premium 50GB,sl.jpg,*,sl.jpg,sl.jpg,,,,,,,,,,,,,,,,,,,,,,0,1,sl_302_in,,1,,51550,52090,,5,,,,,,,,,,,,,,,,,17,SoftBank 601HW プレミアム50GB
1172,,10,7,None (+ 0 JPY),Yes (+ 540 JPY),,,[304 Days RENTAL] SoftBank 601HW [WHITE] Premium 50GB,1,,,,,,,,[304 Days RENTAL] SoftBank 601HW [WHITE] Premium 50GB,sl.jpg,*,sl.jpg,sl.jpg,,,,,,,,,,,,,,,,,,,,,,0,1,sl_303_in,,1,,52100,52640,,5,,,,,,,,,,,,,,,,,17,SoftBank 601HW プレミアム50GB
1173,,10,7,None (+ 0 JPY),Yes (+ 540 JPY),,,[305 Days RENTAL] SoftBank 601HW [WHITE] Premium 50GB,1,,,,,,,,[305 Days RENTAL] SoftBank 601HW [WHITE] Premium 50GB,sl.jpg,*,sl.jpg,sl.jpg,,,,,,,,,,,,,,,,,,,,,,0,1,sl_304_in,,1,,52650,53190,,5,,,,,,,,,,,,,,,,,17,SoftBank 601HW プレミアム50GB
1174,,10,7,None (+ 0 JPY),Yes (+ 540 JPY),,,[306 Days RENTAL] SoftBank 601HW [WHITE] Premium 50GB,1,,,,,,,,[306 Days RENTAL] SoftBank 601HW [WHITE] Premium 50GB,sl.jpg,*,sl.jpg,sl.jpg,,,,,,,,,,,,,,,,,,,,,,0,1,sl_305_in,,1,,53200,53740,,5,,,,,,,,,,,,,,,,,17,SoftBank 601HW プレミアム50GB
1175,,10,7,None (+ 0 JPY),Yes (+ 540 JPY),,,[307 Days RENTAL] SoftBank 601HW [WHITE] Premium 50GB,1,,,,,,,,[307 Days RENTAL] SoftBank 601HW [WHITE] Premium 50GB,sl.jpg,*,sl.jpg,sl.jpg,,,,,,,,,,,,,,,,,,,,,,0,1,sl_306_in,,1,,53500,54040,,5,,,,,,,,,,,,,,,,,17,SoftBank 601HW プレミアム50GB
1176,,10,7,None (+ 0 JPY),Yes (+ 540 JPY),,,[308 Days RENTAL] SoftBank 601HW [WHITE] Premium 50GB,1,,,,,,,,[308 Days RENTAL] SoftBank 601HW [WHITE] Premium 50GB,sl.jpg,*,sl.jpg,sl.jpg,,,,,,,,,,,,,,,,,,,,,,0,1,sl_307_in,,1,,53500,54040,,5,,,,,,,,,,,,,,,,,17,SoftBank 601HW プレミアム50GB
1177,,10,7,None (+ 0 JPY),Yes (+ 540 JPY),,,[309 Days RENTAL] SoftBank 601HW [WHITE] Premium 50GB,1,,,,,,,,[309 Days RENTAL] SoftBank 601HW [WHITE] Premium 50GB,sl.jpg,*,sl.jpg,sl.jpg,,,,,,,,,,,,,,,,,,,,,,0,1,sl_308_in,,1,,53500,54040,,5,,,,,,,,,,,,,,,,,17,SoftBank 601HW プレミアム50GB
1178,,10,7,None (+ 0 JPY),Yes (+ 540 JPY),,,[310 Days RENTAL] SoftBank 601HW [WHITE] Premium 50GB,1,,,,,,,,[310 Days RENTAL] SoftBank 601HW [WHITE] Premium 50GB,sl.jpg,*,sl.jpg,sl.jpg,,,,,,,,,,,,,,,,,,,,,,0,1,sl_309_in,,1,,53500,54040,,5,,,,,,,,,,,,,,,,,17,SoftBank 601HW プレミアム50GB
1179,,10,7,None (+ 0 JPY),Yes (+ 540 JPY),,,[311 Days RENTAL] SoftBank 601HW [WHITE] Premium 50GB,1,,,,,,,,[311 Days RENTAL] SoftBank 601HW [WHITE] Premium 50GB,sl.jpg,*,sl.jpg,sl.jpg,,,,,,,,,,,,,,,,,,,,,,0,1,sl_310_in,,1,,53500,54040,,5,,,,,,,,,,,,,,,,,17,SoftBank 601HW プレミアム50GB
1180,,10,7,None (+ 0 JPY),Yes (+ 540 JPY),,,[312 Days RENTAL] SoftBank 601HW [WHITE] Premium 50GB,1,,,,,,,,[312 Days RENTAL] SoftBank 601HW [WHITE] Premium 50GB,sl.jpg,*,sl.jpg,sl.jpg,,,,,,,,,,,,,,,,,,,,,,0,1,sl_311_in,,1,,53500,54040,,5,,,,,,,,,,,,,,,,,17,SoftBank 601HW プレミアム50GB
1181,,10,7,None (+ 0 JPY),Yes (+ 540 JPY),,,[313 Days RENTAL] SoftBank 601HW [WHITE] Premium 50GB,1,,,,,,,,[313 Days RENTAL] SoftBank 601HW [WHITE] Premium 50GB,sl.jpg,*,sl.jpg,sl.jpg,,,,,,,,,,,,,,,,,,,,,,0,1,sl_312_in,,1,,53500,54040,,5,,,,,,,,,,,,,,,,,17,SoftBank 601HW プレミアム50GB
1182,,10,7,None (+ 0 JPY),Yes (+ 540 JPY),,,[314 Days RENTAL] SoftBank 601HW [WHITE] Premium 50GB,1,,,,,,,,[314 Days RENTAL] SoftBank 601HW [WHITE] Premium 50GB,sl.jpg,*,sl.jpg,sl.jpg,,,,,,,,,,,,,,,,,,,,,,0,1,sl_313_in,,1,,53500,54040,,5,,,,,,,,,,,,,,,,,17,SoftBank 601HW プレミアム50GB
1183,,10,7,None (+ 0 JPY),Yes (+ 540 JPY),,,[315 Days RENTAL] SoftBank 601HW [WHITE] Premium 50GB,1,,,,,,,,[315 Days RENTAL] SoftBank 601HW [WHITE] Premium 50GB,sl.jpg,*,sl.jpg,sl.jpg,,,,,,,,,,,,,,,,,,,,,,0,1,sl_314_in,,1,,53500,54040,,5,,,,,,,,,,,,,,,,,17,SoftBank 601HW プレミアム50GB
1184,,10,7,None (+ 0 JPY),Yes (+ 540 JPY),,,[316 Days RENTAL] SoftBank 601HW [WHITE] Premium 50GB,1,,,,,,,,[316 Days RENTAL] SoftBank 601HW [WHITE] Premium 50GB,sl.jpg,*,sl.jpg,sl.jpg,,,,,,,,,,,,,,,,,,,,,,0,1,sl_315_in,,1,,53500,54040,,5,,,,,,,,,,,,,,,,,17,SoftBank 601HW プレミアム50GB
1185,,10,7,None (+ 0 JPY),Yes (+ 540 JPY),,,[317 Days RENTAL] SoftBank 601HW [WHITE] Premium 50GB,1,,,,,,,,[317 Days RENTAL] SoftBank 601HW [WHITE] Premium 50GB,sl.jpg,*,sl.jpg,sl.jpg,,,,,,,,,,,,,,,,,,,,,,0,1,sl_316_in,,1,,53500,54040,,5,,,,,,,,,,,,,,,,,17,SoftBank 601HW プレミアム50GB
1186,,10,7,None (+ 0 JPY),Yes (+ 540 JPY),,,[318 Days RENTAL] SoftBank 601HW [WHITE] Premium 50GB,1,,,,,,,,[318 Days RENTAL] SoftBank 601HW [WHITE] Premium 50GB,sl.jpg,*,sl.jpg,sl.jpg,,,,,,,,,,,,,,,,,,,,,,0,1,sl_317_in,,1,,53500,54040,,5,,,,,,,,,,,,,,,,,17,SoftBank 601HW プレミアム50GB
1187,,10,7,None (+ 0 JPY),Yes (+ 540 JPY),,,[319 Days RENTAL] SoftBank 601HW [WHITE] Premium 50GB,1,,,,,,,,[319 Days RENTAL] SoftBank 601HW [WHITE] Premium 50GB,sl.jpg,*,sl.jpg,sl.jpg,,,,,,,,,,,,,,,,,,,,,,0,1,sl_318_in,,1,,53500,54040,,5,,,,,,,,,,,,,,,,,17,SoftBank 601HW プレミアム50GB
1188,,10,7,None (+ 0 JPY),Yes (+ 540 JPY),,,[320 Days RENTAL] SoftBank 601HW [WHITE] Premium 50GB,1,,,,,,,,[320 Days RENTAL] SoftBank 601HW [WHITE] Premium 50GB,sl.jpg,*,sl.jpg,sl.jpg,,,,,,,,,,,,,,,,,,,,,,0,1,sl_319_in,,1,,53500,54040,,5,,,,,,,,,,,,,,,,,17,SoftBank 601HW プレミアム50GB
1189,,10,7,None (+ 0 JPY),Yes (+ 540 JPY),,,[321 Days RENTAL] SoftBank 601HW [WHITE] Premium 50GB,1,,,,,,,,[321 Days RENTAL] SoftBank 601HW [WHITE] Premium 50GB,sl.jpg,*,sl.jpg,sl.jpg,,,,,,,,,,,,,,,,,,,,,,0,1,sl_320_in,,1,,53500,54040,,5,,,,,,,,,,,,,,,,,17,SoftBank 601HW プレミアム50GB
1190,,10,7,None (+ 0 JPY),Yes (+ 540 JPY),,,[322 Days RENTAL] SoftBank 601HW [WHITE] Premium 50GB,1,,,,,,,,[322 Days RENTAL] SoftBank 601HW [WHITE] Premium 50GB,sl.jpg,*,sl.jpg,sl.jpg,,,,,,,,,,,,,,,,,,,,,,0,1,sl_321_in,,1,,53500,54040,,5,,,,,,,,,,,,,,,,,17,SoftBank 601HW プレミアム50GB
1191,,10,7,None (+ 0 JPY),Yes (+ 540 JPY),,,[323 Days RENTAL] SoftBank 601HW [WHITE] Premium 50GB,1,,,,,,,,[323 Days RENTAL] SoftBank 601HW [WHITE] Premium 50GB,sl.jpg,*,sl.jpg,sl.jpg,,,,,,,,,,,,,,,,,,,,,,0,1,sl_322_in,,1,,53500,54040,,5,,,,,,,,,,,,,,,,,17,SoftBank 601HW プレミアム50GB
1192,,10,7,None (+ 0 JPY),Yes (+ 540 JPY),,,[324 Days RENTAL] SoftBank 601HW [WHITE] Premium 50GB,1,,,,,,,,[324 Days RENTAL] SoftBank 601HW [WHITE] Premium 50GB,sl.jpg,*,sl.jpg,sl.jpg,,,,,,,,,,,,,,,,,,,,,,0,1,sl_323_in,,1,,53500,54040,,5,,,,,,,,,,,,,,,,,17,SoftBank 601HW プレミアム50GB
1193,,10,7,None (+ 0 JPY),Yes (+ 540 JPY),,,[325 Days RENTAL] SoftBank 601HW [WHITE] Premium 50GB,1,,,,,,,,[325 Days RENTAL] SoftBank 601HW [WHITE] Premium 50GB,sl.jpg,*,sl.jpg,sl.jpg,,,,,,,,,,,,,,,,,,,,,,0,1,sl_324_in,,1,,53500,54040,,5,,,,,,,,,,,,,,,,,17,SoftBank 601HW プレミアム50GB
1194,,10,7,None (+ 0 JPY),Yes (+ 540 JPY),,,[326 Days RENTAL] SoftBank 601HW [WHITE] Premium 50GB,1,,,,,,,,[326 Days RENTAL] SoftBank 601HW [WHITE] Premium 50GB,sl.jpg,*,sl.jpg,sl.jpg,,,,,,,,,,,,,,,,,,,,,,0,1,sl_325_in,,1,,53500,54040,,5,,,,,,,,,,,,,,,,,17,SoftBank 601HW プレミアム50GB
1195,,10,7,None (+ 0 JPY),Yes (+ 540 JPY),,,[327 Days RENTAL] SoftBank 601HW [WHITE] Premium 50GB,1,,,,,,,,[327 Days RENTAL] SoftBank 601HW [WHITE] Premium 50GB,sl.jpg,*,sl.jpg,sl.jpg,,,,,,,,,,,,,,,,,,,,,,0,1,sl_326_in,,1,,53500,54040,,5,,,,,,,,,,,,,,,,,17,SoftBank 601HW プレミアム50GB
1196,,10,7,None (+ 0 JPY),Yes (+ 540 JPY),,,[328 Days RENTAL] SoftBank 601HW [WHITE] Premium 50GB,1,,,,,,,,[328 Days RENTAL] SoftBank 601HW [WHITE] Premium 50GB,sl.jpg,*,sl.jpg,sl.jpg,,,,,,,,,,,,,,,,,,,,,,0,1,sl_327_in,,1,,53500,54040,,5,,,,,,,,,,,,,,,,,17,SoftBank 601HW プレミアム50GB
1197,,10,7,None (+ 0 JPY),Yes (+ 540 JPY),,,[329 Days RENTAL] SoftBank 601HW [WHITE] Premium 50GB,1,,,,,,,,[329 Days RENTAL] SoftBank 601HW [WHITE] Premium 50GB,sl.jpg,*,sl.jpg,sl.jpg,,,,,,,,,,,,,,,,,,,,,,0,1,sl_328_in,,1,,53500,54040,,5,,,,,,,,,,,,,,,,,17,SoftBank 601HW プレミアム50GB
1198,,10,7,None (+ 0 JPY),Yes (+ 540 JPY),,,[330 Days RENTAL] SoftBank 601HW [WHITE] Premium 50GB,1,,,,,,,,[330 Days RENTAL] SoftBank 601HW [WHITE] Premium 50GB,sl.jpg,*,sl.jpg,sl.jpg,,,,,,,,,,,,,,,,,,,,,,0,1,sl_329_in,,1,,53500,54040,,5,,,,,,,,,,,,,,,,,17,SoftBank 601HW プレミアム50GB
1199,,10,7,None (+ 0 JPY),Yes (+ 540 JPY),,,[331 Days RENTAL] SoftBank 601HW [WHITE] Premium 50GB,1,,,,,,,,[331 Days RENTAL] SoftBank 601HW [WHITE] Premium 50GB,sl.jpg,*,sl.jpg,sl.jpg,,,,,,,,,,,,,,,,,,,,,,0,1,sl_330_in,,1,,53500,54040,,5,,,,,,,,,,,,,,,,,17,SoftBank 601HW プレミアム50GB
1200,,10,7,None (+ 0 JPY),Yes (+ 540 JPY),,,[332 Days RENTAL] SoftBank 601HW [WHITE] Premium 50GB,1,,,,,,,,[332 Days RENTAL] SoftBank 601HW [WHITE] Premium 50GB,sl.jpg,*,sl.jpg,sl.jpg,,,,,,,,,,,,,,,,,,,,,,0,1,sl_331_in,,1,,53500,54040,,5,,,,,,,,,,,,,,,,,17,SoftBank 601HW プレミアム50GB
1201,,10,7,None (+ 0 JPY),Yes (+ 540 JPY),,,[333 Days RENTAL] SoftBank 601HW [WHITE] Premium 50GB,1,,,,,,,,[333 Days RENTAL] SoftBank 601HW [WHITE] Premium 50GB,sl.jpg,*,sl.jpg,sl.jpg,,,,,,,,,,,,,,,,,,,,,,0,1,sl_332_in,,1,,54050,54590,,5,,,,,,,,,,,,,,,,,17,SoftBank 601HW プレミアム50GB
1202,,10,7,None (+ 0 JPY),Yes (+ 540 JPY),,,[334 Days RENTAL] SoftBank 601HW [WHITE] Premium 50GB,1,,,,,,,,[334 Days RENTAL] SoftBank 601HW [WHITE] Premium 50GB,sl.jpg,*,sl.jpg,sl.jpg,,,,,,,,,,,,,,,,,,,,,,0,1,sl_333_in,,1,,54600,55140,,5,,,,,,,,,,,,,,,,,17,SoftBank 601HW プレミアム50GB
1203,,10,7,None (+ 0 JPY),Yes (+ 540 JPY),,,[335 Days RENTAL] SoftBank 601HW [WHITE] Premium 50GB,1,,,,,,,,[335 Days RENTAL] SoftBank 601HW [WHITE] Premium 50GB,sl.jpg,*,sl.jpg,sl.jpg,,,,,,,,,,,,,,,,,,,,,,0,1,sl_334_in,,1,,55150,55690,,5,,,,,,,,,,,,,,,,,17,SoftBank 601HW プレミアム50GB
1204,,10,7,None (+ 0 JPY),Yes (+ 540 JPY),,,[336 Days RENTAL] SoftBank 601HW [WHITE] Premium 50GB,1,,,,,,,,[336 Days RENTAL] SoftBank 601HW [WHITE] Premium 50GB,sl.jpg,*,sl.jpg,sl.jpg,,,,,,,,,,,,,,,,,,,,,,0,1,sl_335_in,,1,,55700,56240,,5,,,,,,,,,,,,,,,,,17,SoftBank 601HW プレミアム50GB
1205,,10,7,None (+ 0 JPY),Yes (+ 540 JPY),,,[337 Days RENTAL] SoftBank 601HW [WHITE] Premium 50GB,1,,,,,,,,[337 Days RENTAL] SoftBank 601HW [WHITE] Premium 50GB,sl.jpg,*,sl.jpg,sl.jpg,,,,,,,,,,,,,,,,,,,,,,0,1,sl_336_in,,1,,56000,56540,,5,,,,,,,,,,,,,,,,,17,SoftBank 601HW プレミアム50GB
1206,,10,7,None (+ 0 JPY),Yes (+ 540 JPY),,,[338 Days RENTAL] SoftBank 601HW [WHITE] Premium 50GB,1,,,,,,,,[338 Days RENTAL] SoftBank 601HW [WHITE] Premium 50GB,sl.jpg,*,sl.jpg,sl.jpg,,,,,,,,,,,,,,,,,,,,,,0,1,sl_337_in,,1,,56000,56540,,5,,,,,,,,,,,,,,,,,17,SoftBank 601HW プレミアム50GB
1207,,10,7,None (+ 0 JPY),Yes (+ 540 JPY),,,[339 Days RENTAL] SoftBank 601HW [WHITE] Premium 50GB,1,,,,,,,,[339 Days RENTAL] SoftBank 601HW [WHITE] Premium 50GB,sl.jpg,*,sl.jpg,sl.jpg,,,,,,,,,,,,,,,,,,,,,,0,1,sl_338_in,,1,,56000,56540,,5,,,,,,,,,,,,,,,,,17,SoftBank 601HW プレミアム50GB
1208,,10,7,None (+ 0 JPY),Yes (+ 540 JPY),,,[340 Days RENTAL] SoftBank 601HW [WHITE] Premium 50GB,1,,,,,,,,[340 Days RENTAL] SoftBank 601HW [WHITE] Premium 50GB,sl.jpg,*,sl.jpg,sl.jpg,,,,,,,,,,,,,,,,,,,,,,0,1,sl_339_in,,1,,56000,56540,,5,,,,,,,,,,,,,,,,,17,SoftBank 601HW プレミアム50GB
1209,,10,7,None (+ 0 JPY),Yes (+ 540 JPY),,,[341 Days RENTAL] SoftBank 601HW [WHITE] Premium 50GB,1,,,,,,,,[341 Days RENTAL] SoftBank 601HW [WHITE] Premium 50GB,sl.jpg,*,sl.jpg,sl.jpg,,,,,,,,,,,,,,,,,,,,,,0,1,sl_340_in,,1,,56000,56540,,5,,,,,,,,,,,,,,,,,17,SoftBank 601HW プレミアム50GB
1210,,10,7,None (+ 0 JPY),Yes (+ 540 JPY),,,[342 Days RENTAL] SoftBank 601HW [WHITE] Premium 50GB,1,,,,,,,,[342 Days RENTAL] SoftBank 601HW [WHITE] Premium 50GB,sl.jpg,*,sl.jpg,sl.jpg,,,,,,,,,,,,,,,,,,,,,,0,1,sl_341_in,,1,,56000,56540,,5,,,,,,,,,,,,,,,,,17,SoftBank 601HW プレミアム50GB
1211,,10,7,None (+ 0 JPY),Yes (+ 540 JPY),,,[343 Days RENTAL] SoftBank 601HW [WHITE] Premium 50GB,1,,,,,,,,[343 Days RENTAL] SoftBank 601HW [WHITE] Premium 50GB,sl.jpg,*,sl.jpg,sl.jpg,,,,,,,,,,,,,,,,,,,,,,0,1,sl_342_in,,1,,56000,56540,,5,,,,,,,,,,,,,,,,,17,SoftBank 601HW プレミアム50GB
1212,,10,7,None (+ 0 JPY),Yes (+ 540 JPY),,,[344 Days RENTAL] SoftBank 601HW [WHITE] Premium 50GB,1,,,,,,,,[344 Days RENTAL] SoftBank 601HW [WHITE] Premium 50GB,sl.jpg,*,sl.jpg,sl.jpg,,,,,,,,,,,,,,,,,,,,,,0,1,sl_343_in,,1,,56000,56540,,5,,,,,,,,,,,,,,,,,17,SoftBank 601HW プレミアム50GB
1213,,10,7,None (+ 0 JPY),Yes (+ 540 JPY),,,[345 Days RENTAL] SoftBank 601HW [WHITE] Premium 50GB,1,,,,,,,,[345 Days RENTAL] SoftBank 601HW [WHITE] Premium 50GB,sl.jpg,*,sl.jpg,sl.jpg,,,,,,,,,,,,,,,,,,,,,,0,1,sl_344_in,,1,,56000,56540,,5,,,,,,,,,,,,,,,,,17,SoftBank 601HW プレミアム50GB
1214,,10,7,None (+ 0 JPY),Yes (+ 540 JPY),,,[346 Days RENTAL] SoftBank 601HW [WHITE] Premium 50GB,1,,,,,,,,[346 Days RENTAL] SoftBank 601HW [WHITE] Premium 50GB,sl.jpg,*,sl.jpg,sl.jpg,,,,,,,,,,,,,,,,,,,,,,0,1,sl_345_in,,1,,56000,56540,,5,,,,,,,,,,,,,,,,,17,SoftBank 601HW プレミアム50GB
1215,,10,7,None (+ 0 JPY),Yes (+ 540 JPY),,,[347 Days RENTAL] SoftBank 601HW [WHITE] Premium 50GB,1,,,,,,,,[347 Days RENTAL] SoftBank 601HW [WHITE] Premium 50GB,sl.jpg,*,sl.jpg,sl.jpg,,,,,,,,,,,,,,,,,,,,,,0,1,sl_346_in,,1,,56000,56540,,5,,,,,,,,,,,,,,,,,17,SoftBank 601HW プレミアム50GB
1216,,10,7,None (+ 0 JPY),Yes (+ 540 JPY),,,[348 Days RENTAL] SoftBank 601HW [WHITE] Premium 50GB,1,,,,,,,,[348 Days RENTAL] SoftBank 601HW [WHITE] Premium 50GB,sl.jpg,*,sl.jpg,sl.jpg,,,,,,,,,,,,,,,,,,,,,,0,1,sl_347_in,,1,,56000,56540,,5,,,,,,,,,,,,,,,,,17,SoftBank 601HW プレミアム50GB
1217,,10,7,None (+ 0 JPY),Yes (+ 540 JPY),,,[349 Days RENTAL] SoftBank 601HW [WHITE] Premium 50GB,1,,,,,,,,[349 Days RENTAL] SoftBank 601HW [WHITE] Premium 50GB,sl.jpg,*,sl.jpg,sl.jpg,,,,,,,,,,,,,,,,,,,,,,0,1,sl_348_in,,1,,56000,56540,,5,,,,,,,,,,,,,,,,,17,SoftBank 601HW プレミアム50GB
1218,,10,7,None (+ 0 JPY),Yes (+ 540 JPY),,,[350 Days RENTAL] SoftBank 601HW [WHITE] Premium 50GB,1,,,,,,,,[350 Days RENTAL] SoftBank 601HW [WHITE] Premium 50GB,sl.jpg,*,sl.jpg,sl.jpg,,,,,,,,,,,,,,,,,,,,,,0,1,sl_349_in,,1,,56000,56540,,5,,,,,,,,,,,,,,,,,17,SoftBank 601HW プレミアム50GB
1219,,10,7,None (+ 0 JPY),Yes (+ 540 JPY),,,[351 Days RENTAL] SoftBank 601HW [WHITE] Premium 50GB,1,,,,,,,,[351 Days RENTAL] SoftBank 601HW [WHITE] Premium 50GB,sl.jpg,*,sl.jpg,sl.jpg,,,,,,,,,,,,,,,,,,,,,,0,1,sl_350_in,,1,,56000,56540,,5,,,,,,,,,,,,,,,,,17,SoftBank 601HW プレミアム50GB
1220,,10,7,None (+ 0 JPY),Yes (+ 540 JPY),,,[352 Days RENTAL] SoftBank 601HW [WHITE] Premium 50GB,1,,,,,,,,[352 Days RENTAL] SoftBank 601HW [WHITE] Premium 50GB,sl.jpg,*,sl.jpg,sl.jpg,,,,,,,,,,,,,,,,,,,,,,0,1,sl_351_in,,1,,56000,56540,,5,,,,,,,,,,,,,,,,,17,SoftBank 601HW プレミアム50GB
1221,,10,7,None (+ 0 JPY),Yes (+ 540 JPY),,,[353 Days RENTAL] SoftBank 601HW [WHITE] Premium 50GB,1,,,,,,,,[353 Days RENTAL] SoftBank 601HW [WHITE] Premium 50GB,sl.jpg,*,sl.jpg,sl.jpg,,,,,,,,,,,,,,,,,,,,,,0,1,sl_352_in,,1,,56000,56540,,5,,,,,,,,,,,,,,,,,17,SoftBank 601HW プレミアム50GB
1222,,10,7,None (+ 0 JPY),Yes (+ 540 JPY),,,[354 Days RENTAL] SoftBank 601HW [WHITE] Premium 50GB,1,,,,,,,,[354 Days RENTAL] SoftBank 601HW [WHITE] Premium 50GB,sl.jpg,*,sl.jpg,sl.jpg,,,,,,,,,,,,,,,,,,,,,,0,1,sl_353_in,,1,,56000,56540,,5,,,,,,,,,,,,,,,,,17,SoftBank 601HW プレミアム50GB
1223,,10,7,None (+ 0 JPY),Yes (+ 540 JPY),,,[355 Days RENTAL] SoftBank 601HW [WHITE] Premium 50GB,1,,,,,,,,[355 Days RENTAL] SoftBank 601HW [WHITE] Premium 50GB,sl.jpg,*,sl.jpg,sl.jpg,,,,,,,,,,,,,,,,,,,,,,0,1,sl_354_in,,1,,56000,56540,,5,,,,,,,,,,,,,,,,,17,SoftBank 601HW プレミアム50GB
1224,,10,7,None (+ 0 JPY),Yes (+ 540 JPY),,,[356 Days RENTAL] SoftBank 601HW [WHITE] Premium 50GB,1,,,,,,,,[356 Days RENTAL] SoftBank 601HW [WHITE] Premium 50GB,sl.jpg,*,sl.jpg,sl.jpg,,,,,,,,,,,,,,,,,,,,,,0,1,sl_355_in,,1,,56000,56540,,5,,,,,,,,,,,,,,,,,17,SoftBank 601HW プレミアム50GB
1225,,10,7,None (+ 0 JPY),Yes (+ 540 JPY),,,[357 Days RENTAL] SoftBank 601HW [WHITE] Premium 50GB,1,,,,,,,,[357 Days RENTAL] SoftBank 601HW [WHITE] Premium 50GB,sl.jpg,*,sl.jpg,sl.jpg,,,,,,,,,,,,,,,,,,,,,,0,1,sl_356_in,,1,,56000,56540,,5,,,,,,,,,,,,,,,,,17,SoftBank 601HW プレミアム50GB
1226,,10,7,None (+ 0 JPY),Yes (+ 540 JPY),,,[358 Days RENTAL] SoftBank 601HW [WHITE] Premium 50GB,1,,,,,,,,[358 Days RENTAL] SoftBank 601HW [WHITE] Premium 50GB,sl.jpg,*,sl.jpg,sl.jpg,,,,,,,,,,,,,,,,,,,,,,0,1,sl_357_in,,1,,56000,56540,,5,,,,,,,,,,,,,,,,,17,SoftBank 601HW プレミアム50GB
1227,,10,7,None (+ 0 JPY),Yes (+ 540 JPY),,,[359 Days RENTAL] SoftBank 601HW [WHITE] Premium 50GB,1,,,,,,,,[359 Days RENTAL] SoftBank 601HW [WHITE] Premium 50GB,sl.jpg,*,sl.jpg,sl.jpg,,,,,,,,,,,,,,,,,,,,,,0,1,sl_358_in,,1,,56000,56540,,5,,,,,,,,,,,,,,,,,17,SoftBank 601HW プレミアム50GB
1228,,10,7,None (+ 0 JPY),Yes (+ 540 JPY),,,[360 Days RENTAL] SoftBank 601HW [WHITE] Premium 50GB,1,,,,,,,,[360 Days RENTAL] SoftBank 601HW [WHITE] Premium 50GB,sl.jpg,*,sl.jpg,sl.jpg,,,,,,,,,,,,,,,,,,,,,,0,1,sl_359_in,,1,,56000,56540,,5,,,,,,,,,,,,,,,,,17,SoftBank 601HW プレミアム50GB
1229,,10,7,None (+ 0 JPY),Yes (+ 540 JPY),,,[361 Days RENTAL] SoftBank 601HW [WHITE] Premium 50GB,1,,,,,,,,[361 Days RENTAL] SoftBank 601HW [WHITE] Premium 50GB,sl.jpg,*,sl.jpg,sl.jpg,,,,,,,,,,,,,,,,,,,,,,0,1,sl_360_in,,1,,56000,56540,,5,,,,,,,,,,,,,,,,,17,SoftBank 601HW プレミアム50GB
1230,,10,7,None (+ 0 JPY),Yes (+ 540 JPY),,,[362 Days RENTAL] SoftBank 601HW [WHITE] Premium 50GB,1,,,,,,,,[362 Days RENTAL] SoftBank 601HW [WHITE] Premium 50GB,sl.jpg,*,sl.jpg,sl.jpg,,,,,,,,,,,,,,,,,,,,,,0,1,sl_361_in,,1,,56000,56540,,5,,,,,,,,,,,,,,,,,17,SoftBank 601HW プレミアム50GB
1231,,10,7,None (+ 0 JPY),Yes (+ 540 JPY),,,[363 Days RENTAL] SoftBank 601HW [WHITE] Premium 50GB,1,,,,,,,,[363 Days RENTAL] SoftBank 601HW [WHITE] Premium 50GB,sl.jpg,*,sl.jpg,sl.jpg,,,,,,,,,,,,,,,,,,,,,,0,1,sl_362_in,,1,,56550,57090,,5,,,,,,,,,,,,,,,,,17,SoftBank 601HW プレミアム50GB
1232,,10,7,None (+ 0 JPY),Yes (+ 540 JPY),,,[364 Days RENTAL] SoftBank 601HW [WHITE] Premium 50GB,1,,,,,,,,[364 Days RENTAL] SoftBank 601HW [WHITE] Premium 50GB,sl.jpg,*,sl.jpg,sl.jpg,,,,,,,,,,,,,,,,,,,,,,0,1,sl_363_in,,1,,57100,57640,,5,,,,,,,,,,,,,,,,,17,SoftBank 601HW プレミアム50GB
1233,,10,7,None (+ 0 JPY),Yes (+ 540 JPY),,,[365 Days RENTAL] SoftBank 601HW [WHITE] Premium 50GB,1,,,,,,,,[365 Days RENTAL] SoftBank 601HW [WHITE] Premium 50GB,sl.jpg,*,sl.jpg,sl.jpg,,,,,,,,,,,,,,,,,,,,,,0,1,sl_364_in,,1,,57650,58190,,5,,,,,,,,,,,,,,,,,17,SoftBank 601HW プレミアム50GB
869,,9,7,Yes (+ 50 JPY / Day),Yes (+ 540 JPY),,,[1 Days RENTAL] SoftBank 601HW [WHITE] Premium 50GB,1,,,,,,,,[1 Days RENTAL] SoftBank 601HW [WHITE] Premium 50GB,sl.jpg,*,sl.jpg,sl.jpg,,,,,,,,,,,,,,,,,,,,,,0,1,sl_000_in_bt,,1,,550,1140,,5,,,,,,,,,,,,,,,,,17,SoftBank 601HW プレミアム50GB
870,,9,7,Yes (+ 50 JPY / Day),Yes (+ 540 JPY),,,[2 Days RENTAL] SoftBank 601HW [WHITE] Premium 50GB,1,,,,,,,,[2 Days RENTAL] SoftBank 601HW [WHITE] Premium 50GB,sl.jpg,*,sl.jpg,sl.jpg,,,,,,,,,,,,,,,,,,,,,,0,1,sl_001_in_bt,,1,,1100,1740,,5,,,,,,,,,,,,,,,,,17,SoftBank 601HW プレミアム50GB
871,,9,7,Yes (+ 50 JPY / Day),Yes (+ 540 JPY),,,[3 Days RENTAL] SoftBank 601HW [WHITE] Premium 50GB,1,,,,,,,,[3 Days RENTAL] SoftBank 601HW [WHITE] Premium 50GB,sl.jpg,*,sl.jpg,sl.jpg,,,,,,,,,,,,,,,,,,,,,,0,1,sl_002_in_bt,,1,,1650,2340,,5,,,,,,,,,,,,,,,,,17,SoftBank 601HW プレミアム50GB
872,,9,7,Yes (+ 50 JPY / Day),Yes (+ 540 JPY),,,[4 Days RENTAL] SoftBank 601HW [WHITE] Premium 50GB,1,,,,,,,,[4 Days RENTAL] SoftBank 601HW [WHITE] Premium 50GB,sl.jpg,*,sl.jpg,sl.jpg,,,,,,,,,,,,,,,,,,,,,,0,1,sl_003_in_bt,,1,,2200,2940,,5,,,,,,,,,,,,,,,,,17,SoftBank 601HW プレミアム50GB
873,,9,7,Yes (+ 50 JPY / Day),Yes (+ 540 JPY),,,[5 Days RENTAL] SoftBank 601HW [WHITE] Premium 50GB,1,,,,,,,,[5 Days RENTAL] SoftBank 601HW [WHITE] Premium 50GB,sl.jpg,*,sl.jpg,sl.jpg,,,,,,,,,,,,,,,,,,,,,,0,1,sl_004_in_bt,,1,,2750,3540,,5,,,,,,,,,,,,,,,,,17,SoftBank 601HW プレミアム50GB
874,,9,7,Yes (+ 50 JPY / Day),Yes (+ 540 JPY),,,[6 Days RENTAL] SoftBank 601HW [WHITE] Premium 50GB,1,,,,,,,,[6 Days RENTAL] SoftBank 601HW [WHITE] Premium 50GB,sl.jpg,*,sl.jpg,sl.jpg,,,,,,,,,,,,,,,,,,,,,,0,1,sl_005_in_bt,,1,,3300,4140,,5,,,,,,,,,,,,,,,,,17,SoftBank 601HW プレミアム50GB
875,,9,7,Yes (+ 50 JPY / Day),Yes (+ 540 JPY),,,[7 Days RENTAL] SoftBank 601HW [WHITE] Premium 50GB,1,,,,,,,,[7 Days RENTAL] SoftBank 601HW [WHITE] Premium 50GB,sl.jpg,*,sl.jpg,sl.jpg,,,,,,,,,,,,,,,,,,,,,,0,1,sl_006_in_bt,,1,,3850,4740,,5,,,,,,,,,,,,,,,,,17,SoftBank 601HW プレミアム50GB
876,,9,7,Yes (+ 50 JPY / Day),Yes (+ 540 JPY),,,[8 Days RENTAL] SoftBank 601HW [WHITE] Premium 50GB,1,,,,,,,,[8 Days RENTAL] SoftBank 601HW [WHITE] Premium 50GB,sl.jpg,*,sl.jpg,sl.jpg,,,,,,,,,,,,,,,,,,,,,,0,1,sl_007_in_bt,,1,,4400,5340,,5,,,,,,,,,,,,,,,,,17,SoftBank 601HW プレミアム50GB
877,,9,7,Yes (+ 50 JPY / Day),Yes (+ 540 JPY),,,[9 Days RENTAL] SoftBank 601HW [WHITE] Premium 50GB,1,,,,,,,,[9 Days RENTAL] SoftBank 601HW [WHITE] Premium 50GB,sl.jpg,*,sl.jpg,sl.jpg,,,,,,,,,,,,,,,,,,,,,,0,1,sl_008_in_bt,,1,,4950,5940,,5,,,,,,,,,,,,,,,,,17,SoftBank 601HW プレミアム50GB
878,,9,7,Yes (+ 50 JPY / Day),Yes (+ 540 JPY),,,[10 Days RENTAL] SoftBank 601HW [WHITE] Premium 50GB,1,,,,,,,,[10 Days RENTAL] SoftBank 601HW [WHITE] Premium 50GB,sl.jpg,*,sl.jpg,sl.jpg,,,,,,,,,,,,,,,,,,,,,,0,1,sl_009_in_bt,,1,,5500,6540,,5,,,,,,,,,,,,,,,,,17,SoftBank 601HW プレミアム50GB
879,,9,7,Yes (+ 50 JPY / Day),Yes (+ 540 JPY),,,[11 Days RENTAL] SoftBank 601HW [WHITE] Premium 50GB,1,,,,,,,,[11 Days RENTAL] SoftBank 601HW [WHITE] Premium 50GB,sl.jpg,*,sl.jpg,sl.jpg,,,,,,,,,,,,,,,,,,,,,,0,1,sl_010_in_bt,,1,,6050,7140,,5,,,,,,,,,,,,,,,,,17,SoftBank 601HW プレミアム50GB
880,,9,7,Yes (+ 50 JPY / Day),Yes (+ 540 JPY),,,[12 Days RENTAL] SoftBank 601HW [WHITE] Premium 50GB,1,,,,,,,,[12 Days RENTAL] SoftBank 601HW [WHITE] Premium 50GB,sl.jpg,*,sl.jpg,sl.jpg,,,,,,,,,,,,,,,,,,,,,,0,1,sl_011_in_bt,,1,,6600,7740,,5,,,,,,,,,,,,,,,,,17,SoftBank 601HW プレミアム50GB
881,,9,7,Yes (+ 50 JPY / Day),Yes (+ 540 JPY),,,[13 Days RENTAL] SoftBank 601HW [WHITE] Premium 50GB,1,,,,,,,,[13 Days RENTAL] SoftBank 601HW [WHITE] Premium 50GB,sl.jpg,*,sl.jpg,sl.jpg,,,,,,,,,,,,,,,,,,,,,,0,1,sl_012_in_bt,,1,,7150,8340,,5,,,,,,,,,,,,,,,,,17,SoftBank 601HW プレミアム50GB
882,,9,7,Yes (+ 50 JPY / Day),Yes (+ 540 JPY),,,[14 Days RENTAL] SoftBank 601HW [WHITE] Premium 50GB,1,,,,,,,,[14 Days RENTAL] SoftBank 601HW [WHITE] Premium 50GB,sl.jpg,*,sl.jpg,sl.jpg,,,,,,,,,,,,,,,,,,,,,,0,1,sl_013_in_bt,,1,,7700,8940,,5,,,,,,,,,,,,,,,,,17,SoftBank 601HW プレミアム50GB
883,,9,7,Yes (+ 50 JPY / Day),Yes (+ 540 JPY),,,[15 Days RENTAL] SoftBank 601HW [WHITE] Premium 50GB,1,,,,,,,,[15 Days RENTAL] SoftBank 601HW [WHITE] Premium 50GB,sl.jpg,*,sl.jpg,sl.jpg,,,,,,,,,,,,,,,,,,,,,,0,1,sl_014_in_bt,,1,,8250,9540,,5,,,,,,,,,,,,,,,,,17,SoftBank 601HW プレミアム50GB
884,,9,7,Yes (+ 50 JPY / Day),Yes (+ 540 JPY),,,[16 Days RENTAL] SoftBank 601HW [WHITE] Premium 50GB,1,,,,,,,,[16 Days RENTAL] SoftBank 601HW [WHITE] Premium 50GB,sl.jpg,*,sl.jpg,sl.jpg,,,,,,,,,,,,,,,,,,,,,,0,1,sl_015_in_bt,,1,,8250,9540,,5,,,,,,,,,,,,,,,,,17,SoftBank 601HW プレミアム50GB
885,,9,7,Yes (+ 50 JPY / Day),Yes (+ 540 JPY),,,[17 Days RENTAL] SoftBank 601HW [WHITE] Premium 50GB,1,,,,,,,,[17 Days RENTAL] SoftBank 601HW [WHITE] Premium 50GB,sl.jpg,*,sl.jpg,sl.jpg,,,,,,,,,,,,,,,,,,,,,,0,1,sl_016_in_bt,,1,,8250,9540,,5,,,,,,,,,,,,,,,,,17,SoftBank 601HW プレミアム50GB
886,,9,7,Yes (+ 50 JPY / Day),Yes (+ 540 JPY),,,[18 Days RENTAL] SoftBank 601HW [WHITE] Premium 50GB,1,,,,,,,,[18 Days RENTAL] SoftBank 601HW [WHITE] Premium 50GB,sl.jpg,*,sl.jpg,sl.jpg,,,,,,,,,,,,,,,,,,,,,,0,1,sl_017_in_bt,,1,,8250,9540,,5,,,,,,,,,,,,,,,,,17,SoftBank 601HW プレミアム50GB
887,,9,7,Yes (+ 50 JPY / Day),Yes (+ 540 JPY),,,[19 Days RENTAL] SoftBank 601HW [WHITE] Premium 50GB,1,,,,,,,,[19 Days RENTAL] SoftBank 601HW [WHITE] Premium 50GB,sl.jpg,*,sl.jpg,sl.jpg,,,,,,,,,,,,,,,,,,,,,,0,1,sl_018_in_bt,,1,,8250,9540,,5,,,,,,,,,,,,,,,,,17,SoftBank 601HW プレミアム50GB
888,,9,7,Yes (+ 50 JPY / Day),Yes (+ 540 JPY),,,[20 Days RENTAL] SoftBank 601HW [WHITE] Premium 50GB,1,,,,,,,,[20 Days RENTAL] SoftBank 601HW [WHITE] Premium 50GB,sl.jpg,*,sl.jpg,sl.jpg,,,,,,,,,,,,,,,,,,,,,,0,1,sl_019_in_bt,,1,,8250,9540,,5,,,,,,,,,,,,,,,,,17,SoftBank 601HW プレミアム50GB
889,,9,7,Yes (+ 50 JPY / Day),Yes (+ 540 JPY),,,[21 Days RENTAL] SoftBank 601HW [WHITE] Premium 50GB,1,,,,,,,,[21 Days RENTAL] SoftBank 601HW [WHITE] Premium 50GB,sl.jpg,*,sl.jpg,sl.jpg,,,,,,,,,,,,,,,,,,,,,,0,1,sl_020_in_bt,,1,,8250,9540,,5,,,,,,,,,,,,,,,,,17,SoftBank 601HW プレミアム50GB
890,,9,7,Yes (+ 50 JPY / Day),Yes (+ 540 JPY),,,[22 Days RENTAL] SoftBank 601HW [WHITE] Premium 50GB,1,,,,,,,,[22 Days RENTAL] SoftBank 601HW [WHITE] Premium 50GB,sl.jpg,*,sl.jpg,sl.jpg,,,,,,,,,,,,,,,,,,,,,,0,1,sl_021_in_bt,,1,,8250,9540,,5,,,,,,,,,,,,,,,,,17,SoftBank 601HW プレミアム50GB
891,,9,7,Yes (+ 50 JPY / Day),Yes (+ 540 JPY),,,[23 Days RENTAL] SoftBank 601HW [WHITE] Premium 50GB,1,,,,,,,,[23 Days RENTAL] SoftBank 601HW [WHITE] Premium 50GB,sl.jpg,*,sl.jpg,sl.jpg,,,,,,,,,,,,,,,,,,,,,,0,1,sl_022_in_bt,,1,,8250,9540,,5,,,,,,,,,,,,,,,,,17,SoftBank 601HW プレミアム50GB
892,,9,7,Yes (+ 50 JPY / Day),Yes (+ 540 JPY),,,[24 Days RENTAL] SoftBank 601HW [WHITE] Premium 50GB,1,,,,,,,,[24 Days RENTAL] SoftBank 601HW [WHITE] Premium 50GB,sl.jpg,*,sl.jpg,sl.jpg,,,,,,,,,,,,,,,,,,,,,,0,1,sl_023_in_bt,,1,,8250,9540,,5,,,,,,,,,,,,,,,,,17,SoftBank 601HW プレミアム50GB
893,,9,7,Yes (+ 50 JPY / Day),Yes (+ 540 JPY),,,[25 Days RENTAL] SoftBank 601HW [WHITE] Premium 50GB,1,,,,,,,,[25 Days RENTAL] SoftBank 601HW [WHITE] Premium 50GB,sl.jpg,*,sl.jpg,sl.jpg,,,,,,,,,,,,,,,,,,,,,,0,1,sl_024_in_bt,,1,,8250,9540,,5,,,,,,,,,,,,,,,,,17,SoftBank 601HW プレミアム50GB
894,,9,7,Yes (+ 50 JPY / Day),Yes (+ 540 JPY),,,[26 Days RENTAL] SoftBank 601HW [WHITE] Premium 50GB,1,,,,,,,,[26 Days RENTAL] SoftBank 601HW [WHITE] Premium 50GB,sl.jpg,*,sl.jpg,sl.jpg,,,,,,,,,,,,,,,,,,,,,,0,1,sl_025_in_bt,,1,,8250,9540,,5,,,,,,,,,,,,,,,,,17,SoftBank 601HW プレミアム50GB
895,,9,7,Yes (+ 50 JPY / Day),Yes (+ 540 JPY),,,[27 Days RENTAL] SoftBank 601HW [WHITE] Premium 50GB,1,,,,,,,,[27 Days RENTAL] SoftBank 601HW [WHITE] Premium 50GB,sl.jpg,*,sl.jpg,sl.jpg,,,,,,,,,,,,,,,,,,,,,,0,1,sl_026_in_bt,,1,,8250,9540,,5,,,,,,,,,,,,,,,,,17,SoftBank 601HW プレミアム50GB
896,,9,7,Yes (+ 50 JPY / Day),Yes (+ 540 JPY),,,[28 Days RENTAL] SoftBank 601HW [WHITE] Premium 50GB,1,,,,,,,,[28 Days RENTAL] SoftBank 601HW [WHITE] Premium 50GB,sl.jpg,*,sl.jpg,sl.jpg,,,,,,,,,,,,,,,,,,,,,,0,1,sl_027_in_bt,,1,,8250,9540,,5,,,,,,,,,,,,,,,,,17,SoftBank 601HW プレミアム50GB
897,,9,7,Yes (+ 50 JPY / Day),Yes (+ 540 JPY),,,[29 Days RENTAL] SoftBank 601HW [WHITE] Premium 50GB,1,,,,,,,,[29 Days RENTAL] SoftBank 601HW [WHITE] Premium 50GB,sl.jpg,*,sl.jpg,sl.jpg,,,,,,,,,,,,,,,,,,,,,,0,1,sl_028_in_bt,,1,,8250,9540,,5,,,,,,,,,,,,,,,,,17,SoftBank 601HW プレミアム50GB
898,,9,7,Yes (+ 50 JPY / Day),Yes (+ 540 JPY),,,[30 Days RENTAL] SoftBank 601HW [WHITE] Premium 50GB,1,,,,,,,,[30 Days RENTAL] SoftBank 601HW [WHITE] Premium 50GB,sl.jpg,*,sl.jpg,sl.jpg,,,,,,,,,,,,,,,,,,,,,,0,1,sl_029_in_bt,,1,,8250,9540,,5,,,,,,,,,,,,,,,,,17,SoftBank 601HW プレミアム50GB
899,,9,7,Yes (+ 50 JPY / Day),Yes (+ 540 JPY),,,[31 Days RENTAL] SoftBank 601HW [WHITE] Premium 50GB,1,,,,,,,,[31 Days RENTAL] SoftBank 601HW [WHITE] Premium 50GB,sl.jpg,*,sl.jpg,sl.jpg,,,,,,,,,,,,,,,,,,,,,,0,1,sl_030_in_bt,,1,,8250,9540,,5,,,,,,,,,,,,,,,,,17,SoftBank 601HW プレミアム50GB
900,,9,7,Yes (+ 50 JPY / Day),Yes (+ 540 JPY),,,[32 Days RENTAL] SoftBank 601HW [WHITE] Premium 50GB,1,,,,,,,,[32 Days RENTAL] SoftBank 601HW [WHITE] Premium 50GB,sl.jpg,*,sl.jpg,sl.jpg,,,,,,,,,,,,,,,,,,,,,,0,1,sl_031_in_bt,,1,,8800,10140,,5,,,,,,,,,,,,,,,,,17,SoftBank 601HW プレミアム50GB
901,,9,7,Yes (+ 50 JPY / Day),Yes (+ 540 JPY),,,[33 Days RENTAL] SoftBank 601HW [WHITE] Premium 50GB,1,,,,,,,,[33 Days RENTAL] SoftBank 601HW [WHITE] Premium 50GB,sl.jpg,*,sl.jpg,sl.jpg,,,,,,,,,,,,,,,,,,,,,,0,1,sl_032_in_bt,,1,,9350,10740,,5,,,,,,,,,,,,,,,,,17,SoftBank 601HW プレミアム50GB
902,,9,7,Yes (+ 50 JPY / Day),Yes (+ 540 JPY),,,[34 Days RENTAL] SoftBank 601HW [WHITE] Premium 50GB,1,,,,,,,,[34 Days RENTAL] SoftBank 601HW [WHITE] Premium 50GB,sl.jpg,*,sl.jpg,sl.jpg,,,,,,,,,,,,,,,,,,,,,,0,1,sl_033_in_bt,,1,,9900,11340,,5,,,,,,,,,,,,,,,,,17,SoftBank 601HW プレミアム50GB
903,,9,7,Yes (+ 50 JPY / Day),Yes (+ 540 JPY),,,[35 Days RENTAL] SoftBank 601HW [WHITE] Premium 50GB,1,,,,,,,,[35 Days RENTAL] SoftBank 601HW [WHITE] Premium 50GB,sl.jpg,*,sl.jpg,sl.jpg,,,,,,,,,,,,,,,,,,,,,,0,1,sl_034_in_bt,,1,,10450,11940,,5,,,,,,,,,,,,,,,,,17,SoftBank 601HW プレミアム50GB
904,,9,7,Yes (+ 50 JPY / Day),Yes (+ 540 JPY),,,[36 Days RENTAL] SoftBank 601HW [WHITE] Premium 50GB,1,,,,,,,,[36 Days RENTAL] SoftBank 601HW [WHITE] Premium 50GB,sl.jpg,*,sl.jpg,sl.jpg,,,,,,,,,,,,,,,,,,,,,,0,1,sl_035_in_bt,,1,,11000,12540,,5,,,,,,,,,,,,,,,,,17,SoftBank 601HW プレミアム50GB
905,,9,7,Yes (+ 50 JPY / Day),Yes (+ 540 JPY),,,[37 Days RENTAL] SoftBank 601HW [WHITE] Premium 50GB,1,,,,,,,,[37 Days RENTAL] SoftBank 601HW [WHITE] Premium 50GB,sl.jpg,*,sl.jpg,sl.jpg,,,,,,,,,,,,,,,,,,,,,,0,1,sl_036_in_bt,,1,,11550,13140,,5,,,,,,,,,,,,,,,,,17,SoftBank 601HW プレミアム50GB
906,,9,7,Yes (+ 50 JPY / Day),Yes (+ 540 JPY),,,[38 Days RENTAL] SoftBank 601HW [WHITE] Premium 50GB,1,,,,,,,,[38 Days RENTAL] SoftBank 601HW [WHITE] Premium 50GB,sl.jpg,*,sl.jpg,sl.jpg,,,,,,,,,,,,,,,,,,,,,,0,1,sl_037_in_bt,,1,,12100,13740,,5,,,,,,,,,,,,,,,,,17,SoftBank 601HW プレミアム50GB
907,,9,7,Yes (+ 50 JPY / Day),Yes (+ 540 JPY),,,[39 Days RENTAL] SoftBank 601HW [WHITE] Premium 50GB,1,,,,,,,,[39 Days RENTAL] SoftBank 601HW [WHITE] Premium 50GB,sl.jpg,*,sl.jpg,sl.jpg,,,,,,,,,,,,,,,,,,,,,,0,1,sl_038_in_bt,,1,,12650,14340,,5,,,,,,,,,,,,,,,,,17,SoftBank 601HW プレミアム50GB
908,,9,7,Yes (+ 50 JPY / Day),Yes (+ 540 JPY),,,[40 Days RENTAL] SoftBank 601HW [WHITE] Premium 50GB,1,,,,,,,,[40 Days RENTAL] SoftBank 601HW [WHITE] Premium 50GB,sl.jpg,*,sl.jpg,sl.jpg,,,,,,,,,,,,,,,,,,,,,,0,1,sl_039_in_bt,,1,,13200,14940,,5,,,,,,,,,,,,,,,,,17,SoftBank 601HW プレミアム50GB
909,,9,7,Yes (+ 50 JPY / Day),Yes (+ 540 JPY),,,[41 Days RENTAL] SoftBank 601HW [WHITE] Premium 50GB,1,,,,,,,,[41 Days RENTAL] SoftBank 601HW [WHITE] Premium 50GB,sl.jpg,*,sl.jpg,sl.jpg,,,,,,,,,,,,,,,,,,,,,,0,1,sl_040_in_bt,,1,,13750,15540,,5,,,,,,,,,,,,,,,,,17,SoftBank 601HW プレミアム50GB
910,,9,7,Yes (+ 50 JPY / Day),Yes (+ 540 JPY),,,[42 Days RENTAL] SoftBank 601HW [WHITE] Premium 50GB,1,,,,,,,,[42 Days RENTAL] SoftBank 601HW [WHITE] Premium 50GB,sl.jpg,*,sl.jpg,sl.jpg,,,,,,,,,,,,,,,,,,,,,,0,1,sl_041_in_bt,,1,,14300,16140,,5,,,,,,,,,,,,,,,,,17,SoftBank 601HW プレミアム50GB
911,,9,7,Yes (+ 50 JPY / Day),Yes (+ 540 JPY),,,[43 Days RENTAL] SoftBank 601HW [WHITE] Premium 50GB,1,,,,,,,,[43 Days RENTAL] SoftBank 601HW [WHITE] Premium 50GB,sl.jpg,*,sl.jpg,sl.jpg,,,,,,,,,,,,,,,,,,,,,,0,1,sl_042_in_bt,,1,,14650,16240,,5,,,,,,,,,,,,,,,,,17,SoftBank 601HW プレミアム50GB
912,,9,7,Yes (+ 50 JPY / Day),Yes (+ 540 JPY),,,[44 Days RENTAL] SoftBank 601HW [WHITE] Premium 50GB,1,,,,,,,,[44 Days RENTAL] SoftBank 601HW [WHITE] Premium 50GB,sl.jpg,*,sl.jpg,sl.jpg,,,,,,,,,,,,,,,,,,,,,,0,1,sl_043_in_bt,,1,,14650,16240,,5,,,,,,,,,,,,,,,,,17,SoftBank 601HW プレミアム50GB
913,,9,7,Yes (+ 50 JPY / Day),Yes (+ 540 JPY),,,[45 Days RENTAL] SoftBank 601HW [WHITE] Premium 50GB,1,,,,,,,,[45 Days RENTAL] SoftBank 601HW [WHITE] Premium 50GB,sl.jpg,*,sl.jpg,sl.jpg,,,,,,,,,,,,,,,,,,,,,,0,1,sl_044_in_bt,,1,,14650,16240,,5,,,,,,,,,,,,,,,,,17,SoftBank 601HW プレミアム50GB
914,,9,7,Yes (+ 50 JPY / Day),Yes (+ 540 JPY),,,[46 Days RENTAL] SoftBank 601HW [WHITE] Premium 50GB,1,,,,,,,,[46 Days RENTAL] SoftBank 601HW [WHITE] Premium 50GB,sl.jpg,*,sl.jpg,sl.jpg,,,,,,,,,,,,,,,,,,,,,,0,1,sl_045_in_bt,,1,,14650,16240,,5,,,,,,,,,,,,,,,,,17,SoftBank 601HW プレミアム50GB
915,,9,7,Yes (+ 50 JPY / Day),Yes (+ 540 JPY),,,[47 Days RENTAL] SoftBank 601HW [WHITE] Premium 50GB,1,,,,,,,,[47 Days RENTAL] SoftBank 601HW [WHITE] Premium 50GB,sl.jpg,*,sl.jpg,sl.jpg,,,,,,,,,,,,,,,,,,,,,,0,1,sl_046_in_bt,,1,,14650,16240,,5,,,,,,,,,,,,,,,,,17,SoftBank 601HW プレミアム50GB
916,,9,7,Yes (+ 50 JPY / Day),Yes (+ 540 JPY),,,[48 Days RENTAL] SoftBank 601HW [WHITE] Premium 50GB,1,,,,,,,,[48 Days RENTAL] SoftBank 601HW [WHITE] Premium 50GB,sl.jpg,*,sl.jpg,sl.jpg,,,,,,,,,,,,,,,,,,,,,,0,1,sl_047_in_bt,,1,,14650,16240,,5,,,,,,,,,,,,,,,,,17,SoftBank 601HW プレミアム50GB
917,,9,7,Yes (+ 50 JPY / Day),Yes (+ 540 JPY),,,[49 Days RENTAL] SoftBank 601HW [WHITE] Premium 50GB,1,,,,,,,,[49 Days RENTAL] SoftBank 601HW [WHITE] Premium 50GB,sl.jpg,*,sl.jpg,sl.jpg,,,,,,,,,,,,,,,,,,,,,,0,1,sl_048_in_bt,,1,,14650,16240,,5,,,,,,,,,,,,,,,,,17,SoftBank 601HW プレミアム50GB
918,,9,7,Yes (+ 50 JPY / Day),Yes (+ 540 JPY),,,[50 Days RENTAL] SoftBank 601HW [WHITE] Premium 50GB,1,,,,,,,,[50 Days RENTAL] SoftBank 601HW [WHITE] Premium 50GB,sl.jpg,*,sl.jpg,sl.jpg,,,,,,,,,,,,,,,,,,,,,,0,1,sl_049_in_bt,,1,,14650,16240,,5,,,,,,,,,,,,,,,,,17,SoftBank 601HW プレミアム50GB
919,,9,7,Yes (+ 50 JPY / Day),Yes (+ 540 JPY),,,[51 Days RENTAL] SoftBank 601HW [WHITE] Premium 50GB,1,,,,,,,,[51 Days RENTAL] SoftBank 601HW [WHITE] Premium 50GB,sl.jpg,*,sl.jpg,sl.jpg,,,,,,,,,,,,,,,,,,,,,,0,1,sl_050_in_bt,,1,,14650,16240,,5,,,,,,,,,,,,,,,,,17,SoftBank 601HW プレミアム50GB
920,,9,7,Yes (+ 50 JPY / Day),Yes (+ 540 JPY),,,[52 Days RENTAL] SoftBank 601HW [WHITE] Premium 50GB,1,,,,,,,,[52 Days RENTAL] SoftBank 601HW [WHITE] Premium 50GB,sl.jpg,*,sl.jpg,sl.jpg,,,,,,,,,,,,,,,,,,,,,,0,1,sl_051_in_bt,,1,,14650,16240,,5,,,,,,,,,,,,,,,,,17,SoftBank 601HW プレミアム50GB
921,,9,7,Yes (+ 50 JPY / Day),Yes (+ 540 JPY),,,[53 Days RENTAL] SoftBank 601HW [WHITE] Premium 50GB,1,,,,,,,,[53 Days RENTAL] SoftBank 601HW [WHITE] Premium 50GB,sl.jpg,*,sl.jpg,sl.jpg,,,,,,,,,,,,,,,,,,,,,,0,1,sl_052_in_bt,,1,,14650,16240,,5,,,,,,,,,,,,,,,,,17,SoftBank 601HW プレミアム50GB
922,,9,7,Yes (+ 50 JPY / Day),Yes (+ 540 JPY),,,[54 Days RENTAL] SoftBank 601HW [WHITE] Premium 50GB,1,,,,,,,,[54 Days RENTAL] SoftBank 601HW [WHITE] Premium 50GB,sl.jpg,*,sl.jpg,sl.jpg,,,,,,,,,,,,,,,,,,,,,,0,1,sl_053_in_bt,,1,,14650,16240,,5,,,,,,,,,,,,,,,,,17,SoftBank 601HW プレミアム50GB
923,,9,7,Yes (+ 50 JPY / Day),Yes (+ 540 JPY),,,[55 Days RENTAL] SoftBank 601HW [WHITE] Premium 50GB,1,,,,,,,,[55 Days RENTAL] SoftBank 601HW [WHITE] Premium 50GB,sl.jpg,*,sl.jpg,sl.jpg,,,,,,,,,,,,,,,,,,,,,,0,1,sl_054_in_bt,,1,,14650,16240,,5,,,,,,,,,,,,,,,,,17,SoftBank 601HW プレミアム50GB
924,,9,7,Yes (+ 50 JPY / Day),Yes (+ 540 JPY),,,[56 Days RENTAL] SoftBank 601HW [WHITE] Premium 50GB,1,,,,,,,,[56 Days RENTAL] SoftBank 601HW [WHITE] Premium 50GB,sl.jpg,*,sl.jpg,sl.jpg,,,,,,,,,,,,,,,,,,,,,,0,1,sl_055_in_bt,,1,,14650,16240,,5,,,,,,,,,,,,,,,,,17,SoftBank 601HW プレミアム50GB
925,,9,7,Yes (+ 50 JPY / Day),Yes (+ 540 JPY),,,[57 Days RENTAL] SoftBank 601HW [WHITE] Premium 50GB,1,,,,,,,,[57 Days RENTAL] SoftBank 601HW [WHITE] Premium 50GB,sl.jpg,*,sl.jpg,sl.jpg,,,,,,,,,,,,,,,,,,,,,,0,1,sl_056_in_bt,,1,,14650,16240,,5,,,,,,,,,,,,,,,,,17,SoftBank 601HW プレミアム50GB
926,,9,7,Yes (+ 50 JPY / Day),Yes (+ 540 JPY),,,[58 Days RENTAL] SoftBank 601HW [WHITE] Premium 50GB,1,,,,,,,,[58 Days RENTAL] SoftBank 601HW [WHITE] Premium 50GB,sl.jpg,*,sl.jpg,sl.jpg,,,,,,,,,,,,,,,,,,,,,,0,1,sl_057_in_bt,,1,,14650,16240,,5,,,,,,,,,,,,,,,,,17,SoftBank 601HW プレミアム50GB
927,,9,7,Yes (+ 50 JPY / Day),Yes (+ 540 JPY),,,[59 Days RENTAL] SoftBank 601HW [WHITE] Premium 50GB,1,,,,,,,,[59 Days RENTAL] SoftBank 601HW [WHITE] Premium 50GB,sl.jpg,*,sl.jpg,sl.jpg,,,,,,,,,,,,,,,,,,,,,,0,1,sl_058_in_bt,,1,,14650,16240,,5,,,,,,,,,,,,,,,,,17,SoftBank 601HW プレミアム50GB
928,,9,7,Yes (+ 50 JPY / Day),Yes (+ 540 JPY),,,[60 Days RENTAL] SoftBank 601HW [WHITE] Premium 50GB,1,,,,,,,,[60 Days RENTAL] SoftBank 601HW [WHITE] Premium 50GB,sl.jpg,*,sl.jpg,sl.jpg,,,,,,,,,,,,,,,,,,,,,,0,1,sl_059_in_bt,,1,,14650,16240,,5,,,,,,,,,,,,,,,,,17,SoftBank 601HW プレミアム50GB
929,,9,7,Yes (+ 50 JPY / Day),Yes (+ 540 JPY),,,[61 Days RENTAL] SoftBank 601HW [WHITE] Premium 50GB,1,,,,,,,,[61 Days RENTAL] SoftBank 601HW [WHITE] Premium 50GB,sl.jpg,*,sl.jpg,sl.jpg,,,,,,,,,,,,,,,,,,,,,,0,1,sl_060_in_bt,,1,,14650,16240,,5,,,,,,,,,,,,,,,,,17,SoftBank 601HW プレミアム50GB
930,,9,7,Yes (+ 50 JPY / Day),Yes (+ 540 JPY),,,[62 Days RENTAL] SoftBank 601HW [WHITE] Premium 50GB,1,,,,,,,,[62 Days RENTAL] SoftBank 601HW [WHITE] Premium 50GB,sl.jpg,*,sl.jpg,sl.jpg,,,,,,,,,,,,,,,,,,,,,,0,1,sl_061_in_bt,,1,,15200,16840,,5,,,,,,,,,,,,,,,,,17,SoftBank 601HW プレミアム50GB
931,,9,7,Yes (+ 50 JPY / Day),Yes (+ 540 JPY),,,[63 Days RENTAL] SoftBank 601HW [WHITE] Premium 50GB,1,,,,,,,,[63 Days RENTAL] SoftBank 601HW [WHITE] Premium 50GB,sl.jpg,*,sl.jpg,sl.jpg,,,,,,,,,,,,,,,,,,,,,,0,1,sl_062_in_bt,,1,,15750,17440,,5,,,,,,,,,,,,,,,,,17,SoftBank 601HW プレミアム50GB
932,,9,7,Yes (+ 50 JPY / Day),Yes (+ 540 JPY),,,[64 Days RENTAL] SoftBank 601HW [WHITE] Premium 50GB,1,,,,,,,,[64 Days RENTAL] SoftBank 601HW [WHITE] Premium 50GB,sl.jpg,*,sl.jpg,sl.jpg,,,,,,,,,,,,,,,,,,,,,,0,1,sl_063_in_bt,,1,,16300,18040,,5,,,,,,,,,,,,,,,,,17,SoftBank 601HW プレミアム50GB
933,,9,7,Yes (+ 50 JPY / Day),Yes (+ 540 JPY),,,[65 Days RENTAL] SoftBank 601HW [WHITE] Premium 50GB,1,,,,,,,,[65 Days RENTAL] SoftBank 601HW [WHITE] Premium 50GB,sl.jpg,*,sl.jpg,sl.jpg,,,,,,,,,,,,,,,,,,,,,,0,1,sl_064_in_bt,,1,,16850,18640,,5,,,,,,,,,,,,,,,,,17,SoftBank 601HW プレミアム50GB
934,,9,7,Yes (+ 50 JPY / Day),Yes (+ 540 JPY),,,[66 Days RENTAL] SoftBank 601HW [WHITE] Premium 50GB,1,,,,,,,,[66 Days RENTAL] SoftBank 601HW [WHITE] Premium 50GB,sl.jpg,*,sl.jpg,sl.jpg,,,,,,,,,,,,,,,,,,,,,,0,1,sl_065_in_bt,,1,,17400,19240,,5,,,,,,,,,,,,,,,,,17,SoftBank 601HW プレミアム50GB
935,,9,7,Yes (+ 50 JPY / Day),Yes (+ 540 JPY),,,[67 Days RENTAL] SoftBank 601HW [WHITE] Premium 50GB,1,,,,,,,,[67 Days RENTAL] SoftBank 601HW [WHITE] Premium 50GB,sl.jpg,*,sl.jpg,sl.jpg,,,,,,,,,,,,,,,,,,,,,,0,1,sl_066_in_bt,,1,,17950,19840,,5,,,,,,,,,,,,,,,,,17,SoftBank 601HW プレミアム50GB
936,,9,7,Yes (+ 50 JPY / Day),Yes (+ 540 JPY),,,[68 Days RENTAL] SoftBank 601HW [WHITE] Premium 50GB,1,,,,,,,,[68 Days RENTAL] SoftBank 601HW [WHITE] Premium 50GB,sl.jpg,*,sl.jpg,sl.jpg,,,,,,,,,,,,,,,,,,,,,,0,1,sl_067_in_bt,,1,,18500,20440,,5,,,,,,,,,,,,,,,,,17,SoftBank 601HW プレミアム50GB
937,,9,7,Yes (+ 50 JPY / Day),Yes (+ 540 JPY),,,[69 Days RENTAL] SoftBank 601HW [WHITE] Premium 50GB,1,,,,,,,,[69 Days RENTAL] SoftBank 601HW [WHITE] Premium 50GB,sl.jpg,*,sl.jpg,sl.jpg,,,,,,,,,,,,,,,,,,,,,,0,1,sl_068_in_bt,,1,,19050,21040,,5,,,,,,,,,,,,,,,,,17,SoftBank 601HW プレミアム50GB
938,,9,7,Yes (+ 50 JPY / Day),Yes (+ 540 JPY),,,[70 Days RENTAL] SoftBank 601HW [WHITE] Premium 50GB,1,,,,,,,,[70 Days RENTAL] SoftBank 601HW [WHITE] Premium 50GB,sl.jpg,*,sl.jpg,sl.jpg,,,,,,,,,,,,,,,,,,,,,,0,1,sl_069_in_bt,,1,,19600,21640,,5,,,,,,,,,,,,,,,,,17,SoftBank 601HW プレミアム50GB
939,,9,7,Yes (+ 50 JPY / Day),Yes (+ 540 JPY),,,[71 Days RENTAL] SoftBank 601HW [WHITE] Premium 50GB,1,,,,,,,,[71 Days RENTAL] SoftBank 601HW [WHITE] Premium 50GB,sl.jpg,*,sl.jpg,sl.jpg,,,,,,,,,,,,,,,,,,,,,,0,1,sl_070_in_bt,,1,,20150,22240,,5,,,,,,,,,,,,,,,,,17,SoftBank 601HW プレミアム50GB
940,,9,7,Yes (+ 50 JPY / Day),Yes (+ 540 JPY),,,[72 Days RENTAL] SoftBank 601HW [WHITE] Premium 50GB,1,,,,,,,,[72 Days RENTAL] SoftBank 601HW [WHITE] Premium 50GB,sl.jpg,*,sl.jpg,sl.jpg,,,,,,,,,,,,,,,,,,,,,,0,1,sl_071_in_bt,,1,,20500,22390,,5,,,,,,,,,,,,,,,,,17,SoftBank 601HW プレミアム50GB
941,,9,7,Yes (+ 50 JPY / Day),Yes (+ 540 JPY),,,[73 Days RENTAL] SoftBank 601HW [WHITE] Premium 50GB,1,,,,,,,,[73 Days RENTAL] SoftBank 601HW [WHITE] Premium 50GB,sl.jpg,*,sl.jpg,sl.jpg,,,,,,,,,,,,,,,,,,,,,,0,1,sl_072_in_bt,,1,,20500,22390,,5,,,,,,,,,,,,,,,,,17,SoftBank 601HW プレミアム50GB
942,,9,7,Yes (+ 50 JPY / Day),Yes (+ 540 JPY),,,[74 Days RENTAL] SoftBank 601HW [WHITE] Premium 50GB,1,,,,,,,,[74 Days RENTAL] SoftBank 601HW [WHITE] Premium 50GB,sl.jpg,*,sl.jpg,sl.jpg,,,,,,,,,,,,,,,,,,,,,,0,1,sl_073_in_bt,,1,,20500,22390,,5,,,,,,,,,,,,,,,,,17,SoftBank 601HW プレミアム50GB
943,,9,7,Yes (+ 50 JPY / Day),Yes (+ 540 JPY),,,[75 Days RENTAL] SoftBank 601HW [WHITE] Premium 50GB,1,,,,,,,,[75 Days RENTAL] SoftBank 601HW [WHITE] Premium 50GB,sl.jpg,*,sl.jpg,sl.jpg,,,,,,,,,,,,,,,,,,,,,,0,1,sl_074_in_bt,,1,,20500,22390,,5,,,,,,,,,,,,,,,,,17,SoftBank 601HW プレミアム50GB
944,,9,7,Yes (+ 50 JPY / Day),Yes (+ 540 JPY),,,[76 Days RENTAL] SoftBank 601HW [WHITE] Premium 50GB,1,,,,,,,,[76 Days RENTAL] SoftBank 601HW [WHITE] Premium 50GB,sl.jpg,*,sl.jpg,sl.jpg,,,,,,,,,,,,,,,,,,,,,,0,1,sl_075_in_bt,,1,,20500,22390,,5,,,,,,,,,,,,,,,,,17,SoftBank 601HW プレミアム50GB
945,,9,7,Yes (+ 50 JPY / Day),Yes (+ 540 JPY),,,[77 Days RENTAL] SoftBank 601HW [WHITE] Premium 50GB,1,,,,,,,,[77 Days RENTAL] SoftBank 601HW [WHITE] Premium 50GB,sl.jpg,*,sl.jpg,sl.jpg,,,,,,,,,,,,,,,,,,,,,,0,1,sl_076_in_bt,,1,,20500,22390,,5,,,,,,,,,,,,,,,,,17,SoftBank 601HW プレミアム50GB
946,,9,7,Yes (+ 50 JPY / Day),Yes (+ 540 JPY),,,[78 Days RENTAL] SoftBank 601HW [WHITE] Premium 50GB,1,,,,,,,,[78 Days RENTAL] SoftBank 601HW [WHITE] Premium 50GB,sl.jpg,*,sl.jpg,sl.jpg,,,,,,,,,,,,,,,,,,,,,,0,1,sl_077_in_bt,,1,,20500,22390,,5,,,,,,,,,,,,,,,,,17,SoftBank 601HW プレミアム50GB
947,,9,7,Yes (+ 50 JPY / Day),Yes (+ 540 JPY),,,[79 Days RENTAL] SoftBank 601HW [WHITE] Premium 50GB,1,,,,,,,,[79 Days RENTAL] SoftBank 601HW [WHITE] Premium 50GB,sl.jpg,*,sl.jpg,sl.jpg,,,,,,,,,,,,,,,,,,,,,,0,1,sl_078_in_bt,,1,,20500,22390,,5,,,,,,,,,,,,,,,,,17,SoftBank 601HW プレミアム50GB
948,,9,7,Yes (+ 50 JPY / Day),Yes (+ 540 JPY),,,[80 Days RENTAL] SoftBank 601HW [WHITE] Premium 50GB,1,,,,,,,,[80 Days RENTAL] SoftBank 601HW [WHITE] Premium 50GB,sl.jpg,*,sl.jpg,sl.jpg,,,,,,,,,,,,,,,,,,,,,,0,1,sl_079_in_bt,,1,,20500,22390,,5,,,,,,,,,,,,,,,,,17,SoftBank 601HW プレミアム50GB
949,,9,7,Yes (+ 50 JPY / Day),Yes (+ 540 JPY),,,[81 Days RENTAL] SoftBank 601HW [WHITE] Premium 50GB,1,,,,,,,,[81 Days RENTAL] SoftBank 601HW [WHITE] Premium 50GB,sl.jpg,*,sl.jpg,sl.jpg,,,,,,,,,,,,,,,,,,,,,,0,1,sl_080_in_bt,,1,,20500,22390,,5,,,,,,,,,,,,,,,,,17,SoftBank 601HW プレミアム50GB
950,,9,7,Yes (+ 50 JPY / Day),Yes (+ 540 JPY),,,[82 Days RENTAL] SoftBank 601HW [WHITE] Premium 50GB,1,,,,,,,,[82 Days RENTAL] SoftBank 601HW [WHITE] Premium 50GB,sl.jpg,*,sl.jpg,sl.jpg,,,,,,,,,,,,,,,,,,,,,,0,1,sl_081_in_bt,,1,,20500,22390,,5,,,,,,,,,,,,,,,,,17,SoftBank 601HW プレミアム50GB
951,,9,7,Yes (+ 50 JPY / Day),Yes (+ 540 JPY),,,[83 Days RENTAL] SoftBank 601HW [WHITE] Premium 50GB,1,,,,,,,,[83 Days RENTAL] SoftBank 601HW [WHITE] Premium 50GB,sl.jpg,*,sl.jpg,sl.jpg,,,,,,,,,,,,,,,,,,,,,,0,1,sl_082_in_bt,,1,,20500,22390,,5,,,,,,,,,,,,,,,,,17,SoftBank 601HW プレミアム50GB
952,,9,7,Yes (+ 50 JPY / Day),Yes (+ 540 JPY),,,[84 Days RENTAL] SoftBank 601HW [WHITE] Premium 50GB,1,,,,,,,,[84 Days RENTAL] SoftBank 601HW [WHITE] Premium 50GB,sl.jpg,*,sl.jpg,sl.jpg,,,,,,,,,,,,,,,,,,,,,,0,1,sl_083_in_bt,,1,,20500,22390,,5,,,,,,,,,,,,,,,,,17,SoftBank 601HW プレミアム50GB
953,,9,7,Yes (+ 50 JPY / Day),Yes (+ 540 JPY),,,[85 Days RENTAL] SoftBank 601HW [WHITE] Premium 50GB,1,,,,,,,,[85 Days RENTAL] SoftBank 601HW [WHITE] Premium 50GB,sl.jpg,*,sl.jpg,sl.jpg,,,,,,,,,,,,,,,,,,,,,,0,1,sl_084_in_bt,,1,,20500,22390,,5,,,,,,,,,,,,,,,,,17,SoftBank 601HW プレミアム50GB
954,,9,7,Yes (+ 50 JPY / Day),Yes (+ 540 JPY),,,[86 Days RENTAL] SoftBank 601HW [WHITE] Premium 50GB,1,,,,,,,,[86 Days RENTAL] SoftBank 601HW [WHITE] Premium 50GB,sl.jpg,*,sl.jpg,sl.jpg,,,,,,,,,,,,,,,,,,,,,,0,1,sl_085_in_bt,,1,,20500,22390,,5,,,,,,,,,,,,,,,,,17,SoftBank 601HW プレミアム50GB
955,,9,7,Yes (+ 50 JPY / Day),Yes (+ 540 JPY),,,[87 Days RENTAL] SoftBank 601HW [WHITE] Premium 50GB,1,,,,,,,,[87 Days RENTAL] SoftBank 601HW [WHITE] Premium 50GB,sl.jpg,*,sl.jpg,sl.jpg,,,,,,,,,,,,,,,,,,,,,,0,1,sl_086_in_bt,,1,,20500,22390,,5,,,,,,,,,,,,,,,,,17,SoftBank 601HW プレミアム50GB
956,,9,7,Yes (+ 50 JPY / Day),Yes (+ 540 JPY),,,[88 Days RENTAL] SoftBank 601HW [WHITE] Premium 50GB,1,,,,,,,,[88 Days RENTAL] SoftBank 601HW [WHITE] Premium 50GB,sl.jpg,*,sl.jpg,sl.jpg,,,,,,,,,,,,,,,,,,,,,,0,1,sl_087_in_bt,,1,,20500,22390,,5,,,,,,,,,,,,,,,,,17,SoftBank 601HW プレミアム50GB
957,,9,7,Yes (+ 50 JPY / Day),Yes (+ 540 JPY),,,[89 Days RENTAL] SoftBank 601HW [WHITE] Premium 50GB,1,,,,,,,,[89 Days RENTAL] SoftBank 601HW [WHITE] Premium 50GB,sl.jpg,*,sl.jpg,sl.jpg,,,,,,,,,,,,,,,,,,,,,,0,1,sl_088_in_bt,,1,,20500,22390,,5,,,,,,,,,,,,,,,,,17,SoftBank 601HW プレミアム50GB
958,,9,7,Yes (+ 50 JPY / Day),Yes (+ 540 JPY),,,[90 Days RENTAL] SoftBank 601HW [WHITE] Premium 50GB,1,,,,,,,,[90 Days RENTAL] SoftBank 601HW [WHITE] Premium 50GB,sl.jpg,*,sl.jpg,sl.jpg,,,,,,,,,,,,,,,,,,,,,,0,1,sl_089_in_bt,,1,,20500,22390,,5,,,,,,,,,,,,,,,,,17,SoftBank 601HW プレミアム50GB
959,,9,7,Yes (+ 50 JPY / Day),Yes (+ 540 JPY),,,[91 Days RENTAL] SoftBank 601HW [WHITE] Premium 50GB,1,,,,,,,,[91 Days RENTAL] SoftBank 601HW [WHITE] Premium 50GB,sl.jpg,*,sl.jpg,sl.jpg,,,,,,,,,,,,,,,,,,,,,,0,1,sl_090_in_bt,,1,,20500,22390,,5,,,,,,,,,,,,,,,,,17,SoftBank 601HW プレミアム50GB
960,,9,7,Yes (+ 50 JPY / Day),Yes (+ 540 JPY),,,[92 Days RENTAL] SoftBank 601HW [WHITE] Premium 50GB,1,,,,,,,,[92 Days RENTAL] SoftBank 601HW [WHITE] Premium 50GB,sl.jpg,*,sl.jpg,sl.jpg,,,,,,,,,,,,,,,,,,,,,,0,1,sl_091_in_bt,,1,,21050,22990,,5,,,,,,,,,,,,,,,,,17,SoftBank 601HW プレミアム50GB
961,,9,7,Yes (+ 50 JPY / Day),Yes (+ 540 JPY),,,[93 Days RENTAL] SoftBank 601HW [WHITE] Premium 50GB,1,,,,,,,,[93 Days RENTAL] SoftBank 601HW [WHITE] Premium 50GB,sl.jpg,*,sl.jpg,sl.jpg,,,,,,,,,,,,,,,,,,,,,,0,1,sl_092_in_bt,,1,,21600,23590,,5,,,,,,,,,,,,,,,,,17,SoftBank 601HW プレミアム50GB
962,,9,7,Yes (+ 50 JPY / Day),Yes (+ 540 JPY),,,[94 Days RENTAL] SoftBank 601HW [WHITE] Premium 50GB,1,,,,,,,,[94 Days RENTAL] SoftBank 601HW [WHITE] Premium 50GB,sl.jpg,*,sl.jpg,sl.jpg,,,,,,,,,,,,,,,,,,,,,,0,1,sl_093_in_bt,,1,,22150,24190,,5,,,,,,,,,,,,,,,,,17,SoftBank 601HW プレミアム50GB
963,,9,7,Yes (+ 50 JPY / Day),Yes (+ 540 JPY),,,[95 Days RENTAL] SoftBank 601HW [WHITE] Premium 50GB,1,,,,,,,,[95 Days RENTAL] SoftBank 601HW [WHITE] Premium 50GB,sl.jpg,*,sl.jpg,sl.jpg,,,,,,,,,,,,,,,,,,,,,,0,1,sl_094_in_bt,,1,,22700,24790,,5,,,,,,,,,,,,,,,,,17,SoftBank 601HW プレミアム50GB
964,,9,7,Yes (+ 50 JPY / Day),Yes (+ 540 JPY),,,[96 Days RENTAL] SoftBank 601HW [WHITE] Premium 50GB,1,,,,,,,,[96 Days RENTAL] SoftBank 601HW [WHITE] Premium 50GB,sl.jpg,*,sl.jpg,sl.jpg,,,,,,,,,,,,,,,,,,,,,,0,1,sl_095_in_bt,,1,,23000,25190,,5,,,,,,,,,,,,,,,,,17,SoftBank 601HW プレミアム50GB
965,,9,7,Yes (+ 50 JPY / Day),Yes (+ 540 JPY),,,[97 Days RENTAL] SoftBank 601HW [WHITE] Premium 50GB,1,,,,,,,,[97 Days RENTAL] SoftBank 601HW [WHITE] Premium 50GB,sl.jpg,*,sl.jpg,sl.jpg,,,,,,,,,,,,,,,,,,,,,,0,1,sl_096_in_bt,,1,,23000,25190,,5,,,,,,,,,,,,,,,,,17,SoftBank 601HW プレミアム50GB
966,,9,7,Yes (+ 50 JPY / Day),Yes (+ 540 JPY),,,[98 Days RENTAL] SoftBank 601HW [WHITE] Premium 50GB,1,,,,,,,,[98 Days RENTAL] SoftBank 601HW [WHITE] Premium 50GB,sl.jpg,*,sl.jpg,sl.jpg,,,,,,,,,,,,,,,,,,,,,,0,1,sl_097_in_bt,,1,,23000,25190,,5,,,,,,,,,,,,,,,,,17,SoftBank 601HW プレミアム50GB
967,,9,7,Yes (+ 50 JPY / Day),Yes (+ 540 JPY),,,[99 Days RENTAL] SoftBank 601HW [WHITE] Premium 50GB,1,,,,,,,,[99 Days RENTAL] SoftBank 601HW [WHITE] Premium 50GB,sl.jpg,*,sl.jpg,sl.jpg,,,,,,,,,,,,,,,,,,,,,,0,1,sl_098_in_bt,,1,,23000,25190,,5,,,,,,,,,,,,,,,,,17,SoftBank 601HW プレミアム50GB
968,,9,7,Yes (+ 50 JPY / Day),Yes (+ 540 JPY),,,[100 Days RENTAL] SoftBank 601HW [WHITE] Premium 50GB,1,,,,,,,,[100 Days RENTAL] SoftBank 601HW [WHITE] Premium 50GB,sl.jpg,*,sl.jpg,sl.jpg,,,,,,,,,,,,,,,,,,,,,,0,1,sl_099_in_bt,,1,,23000,25190,,5,,,,,,,,,,,,,,,,,17,SoftBank 601HW プレミアム50GB
969,,9,7,Yes (+ 50 JPY / Day),Yes (+ 540 JPY),,,[101 Days RENTAL] SoftBank 601HW [WHITE] Premium 50GB,1,,,,,,,,[101 Days RENTAL] SoftBank 601HW [WHITE] Premium 50GB,sl.jpg,*,sl.jpg,sl.jpg,,,,,,,,,,,,,,,,,,,,,,0,1,sl_100_in_bt,,1,,23000,25190,,5,,,,,,,,,,,,,,,,,17,SoftBank 601HW プレミアム50GB
970,,9,7,Yes (+ 50 JPY / Day),Yes (+ 540 JPY),,,[102 Days RENTAL] SoftBank 601HW [WHITE] Premium 50GB,1,,,,,,,,[102 Days RENTAL] SoftBank 601HW [WHITE] Premium 50GB,sl.jpg,*,sl.jpg,sl.jpg,,,,,,,,,,,,,,,,,,,,,,0,1,sl_101_in_bt,,1,,23000,25190,,5,,,,,,,,,,,,,,,,,17,SoftBank 601HW プレミアム50GB
971,,9,7,Yes (+ 50 JPY / Day),Yes (+ 540 JPY),,,[103 Days RENTAL] SoftBank 601HW [WHITE] Premium 50GB,1,,,,,,,,[103 Days RENTAL] SoftBank 601HW [WHITE] Premium 50GB,sl.jpg,*,sl.jpg,sl.jpg,,,,,,,,,,,,,,,,,,,,,,0,1,sl_102_in_bt,,1,,23000,25190,,5,,,,,,,,,,,,,,,,,17,SoftBank 601HW プレミアム50GB
972,,9,7,Yes (+ 50 JPY / Day),Yes (+ 540 JPY),,,[104 Days RENTAL] SoftBank 601HW [WHITE] Premium 50GB,1,,,,,,,,[104 Days RENTAL] SoftBank 601HW [WHITE] Premium 50GB,sl.jpg,*,sl.jpg,sl.jpg,,,,,,,,,,,,,,,,,,,,,,0,1,sl_103_in_bt,,1,,23000,25190,,5,,,,,,,,,,,,,,,,,17,SoftBank 601HW プレミアム50GB
973,,9,7,Yes (+ 50 JPY / Day),Yes (+ 540 JPY),,,[105 Days RENTAL] SoftBank 601HW [WHITE] Premium 50GB,1,,,,,,,,[105 Days RENTAL] SoftBank 601HW [WHITE] Premium 50GB,sl.jpg,*,sl.jpg,sl.jpg,,,,,,,,,,,,,,,,,,,,,,0,1,sl_104_in_bt,,1,,23000,25190,,5,,,,,,,,,,,,,,,,,17,SoftBank 601HW プレミアム50GB
974,,9,7,Yes (+ 50 JPY / Day),Yes (+ 540 JPY),,,[106 Days RENTAL] SoftBank 601HW [WHITE] Premium 50GB,1,,,,,,,,[106 Days RENTAL] SoftBank 601HW [WHITE] Premium 50GB,sl.jpg,*,sl.jpg,sl.jpg,,,,,,,,,,,,,,,,,,,,,,0,1,sl_105_in_bt,,1,,23000,25190,,5,,,,,,,,,,,,,,,,,17,SoftBank 601HW プレミアム50GB
975,,9,7,Yes (+ 50 JPY / Day),Yes (+ 540 JPY),,,[107 Days RENTAL] SoftBank 601HW [WHITE] Premium 50GB,1,,,,,,,,[107 Days RENTAL] SoftBank 601HW [WHITE] Premium 50GB,sl.jpg,*,sl.jpg,sl.jpg,,,,,,,,,,,,,,,,,,,,,,0,1,sl_106_in_bt,,1,,23000,25190,,5,,,,,,,,,,,,,,,,,17,SoftBank 601HW プレミアム50GB
976,,9,7,Yes (+ 50 JPY / Day),Yes (+ 540 JPY),,,[108 Days RENTAL] SoftBank 601HW [WHITE] Premium 50GB,1,,,,,,,,[108 Days RENTAL] SoftBank 601HW [WHITE] Premium 50GB,sl.jpg,*,sl.jpg,sl.jpg,,,,,,,,,,,,,,,,,,,,,,0,1,sl_107_in_bt,,1,,23000,25190,,5,,,,,,,,,,,,,,,,,17,SoftBank 601HW プレミアム50GB
977,,9,7,Yes (+ 50 JPY / Day),Yes (+ 540 JPY),,,[109 Days RENTAL] SoftBank 601HW [WHITE] Premium 50GB,1,,,,,,,,[109 Days RENTAL] SoftBank 601HW [WHITE] Premium 50GB,sl.jpg,*,sl.jpg,sl.jpg,,,,,,,,,,,,,,,,,,,,,,0,1,sl_108_in_bt,,1,,23000,25190,,5,,,,,,,,,,,,,,,,,17,SoftBank 601HW プレミアム50GB
978,,9,7,Yes (+ 50 JPY / Day),Yes (+ 540 JPY),,,[110 Days RENTAL] SoftBank 601HW [WHITE] Premium 50GB,1,,,,,,,,[110 Days RENTAL] SoftBank 601HW [WHITE] Premium 50GB,sl.jpg,*,sl.jpg,sl.jpg,,,,,,,,,,,,,,,,,,,,,,0,1,sl_109_in_bt,,1,,23000,25190,,5,,,,,,,,,,,,,,,,,17,SoftBank 601HW プレミアム50GB
979,,9,7,Yes (+ 50 JPY / Day),Yes (+ 540 JPY),,,[111 Days RENTAL] SoftBank 601HW [WHITE] Premium 50GB,1,,,,,,,,[111 Days RENTAL] SoftBank 601HW [WHITE] Premium 50GB,sl.jpg,*,sl.jpg,sl.jpg,,,,,,,,,,,,,,,,,,,,,,0,1,sl_110_in_bt,,1,,23000,25190,,5,,,,,,,,,,,,,,,,,17,SoftBank 601HW プレミアム50GB
980,,9,7,Yes (+ 50 JPY / Day),Yes (+ 540 JPY),,,[112 Days RENTAL] SoftBank 601HW [WHITE] Premium 50GB,1,,,,,,,,[112 Days RENTAL] SoftBank 601HW [WHITE] Premium 50GB,sl.jpg,*,sl.jpg,sl.jpg,,,,,,,,,,,,,,,,,,,,,,0,1,sl_111_in_bt,,1,,23000,25190,,5,,,,,,,,,,,,,,,,,17,SoftBank 601HW プレミアム50GB
981,,9,7,Yes (+ 50 JPY / Day),Yes (+ 540 JPY),,,[113 Days RENTAL] SoftBank 601HW [WHITE] Premium 50GB,1,,,,,,,,[113 Days RENTAL] SoftBank 601HW [WHITE] Premium 50GB,sl.jpg,*,sl.jpg,sl.jpg,,,,,,,,,,,,,,,,,,,,,,0,1,sl_112_in_bt,,1,,23000,25190,,5,,,,,,,,,,,,,,,,,17,SoftBank 601HW プレミアム50GB
982,,9,7,Yes (+ 50 JPY / Day),Yes (+ 540 JPY),,,[114 Days RENTAL] SoftBank 601HW [WHITE] Premium 50GB,1,,,,,,,,[114 Days RENTAL] SoftBank 601HW [WHITE] Premium 50GB,sl.jpg,*,sl.jpg,sl.jpg,,,,,,,,,,,,,,,,,,,,,,0,1,sl_113_in_bt,,1,,23000,25190,,5,,,,,,,,,,,,,,,,,17,SoftBank 601HW プレミアム50GB
983,,9,7,Yes (+ 50 JPY / Day),Yes (+ 540 JPY),,,[115 Days RENTAL] SoftBank 601HW [WHITE] Premium 50GB,1,,,,,,,,[115 Days RENTAL] SoftBank 601HW [WHITE] Premium 50GB,sl.jpg,*,sl.jpg,sl.jpg,,,,,,,,,,,,,,,,,,,,,,0,1,sl_114_in_bt,,1,,23000,25190,,5,,,,,,,,,,,,,,,,,17,SoftBank 601HW プレミアム50GB
984,,9,7,Yes (+ 50 JPY / Day),Yes (+ 540 JPY),,,[116 Days RENTAL] SoftBank 601HW [WHITE] Premium 50GB,1,,,,,,,,[116 Days RENTAL] SoftBank 601HW [WHITE] Premium 50GB,sl.jpg,*,sl.jpg,sl.jpg,,,,,,,,,,,,,,,,,,,,,,0,1,sl_115_in_bt,,1,,23000,25190,,5,,,,,,,,,,,,,,,,,17,SoftBank 601HW プレミアム50GB
985,,9,7,Yes (+ 50 JPY / Day),Yes (+ 540 JPY),,,[117 Days RENTAL] SoftBank 601HW [WHITE] Premium 50GB,1,,,,,,,,[117 Days RENTAL] SoftBank 601HW [WHITE] Premium 50GB,sl.jpg,*,sl.jpg,sl.jpg,,,,,,,,,,,,,,,,,,,,,,0,1,sl_116_in_bt,,1,,23000,25190,,5,,,,,,,,,,,,,,,,,17,SoftBank 601HW プレミアム50GB
986,,9,7,Yes (+ 50 JPY / Day),Yes (+ 540 JPY),,,[118 Days RENTAL] SoftBank 601HW [WHITE] Premium 50GB,1,,,,,,,,[118 Days RENTAL] SoftBank 601HW [WHITE] Premium 50GB,sl.jpg,*,sl.jpg,sl.jpg,,,,,,,,,,,,,,,,,,,,,,0,1,sl_117_in_bt,,1,,23000,25190,,5,,,,,,,,,,,,,,,,,17,SoftBank 601HW プレミアム50GB
987,,9,7,Yes (+ 50 JPY / Day),Yes (+ 540 JPY),,,[119 Days RENTAL] SoftBank 601HW [WHITE] Premium 50GB,1,,,,,,,,[119 Days RENTAL] SoftBank 601HW [WHITE] Premium 50GB,sl.jpg,*,sl.jpg,sl.jpg,,,,,,,,,,,,,,,,,,,,,,0,1,sl_118_in_bt,,1,,23000,25190,,5,,,,,,,,,,,,,,,,,17,SoftBank 601HW プレミアム50GB
988,,9,7,Yes (+ 50 JPY / Day),Yes (+ 540 JPY),,,[120 Days RENTAL] SoftBank 601HW [WHITE] Premium 50GB,1,,,,,,,,[120 Days RENTAL] SoftBank 601HW [WHITE] Premium 50GB,sl.jpg,*,sl.jpg,sl.jpg,,,,,,,,,,,,,,,,,,,,,,0,1,sl_119_in_bt,,1,,23000,25190,,5,,,,,,,,,,,,,,,,,17,SoftBank 601HW プレミアム50GB
989,,9,7,Yes (+ 50 JPY / Day),Yes (+ 540 JPY),,,[121 Days RENTAL] SoftBank 601HW [WHITE] Premium 50GB,1,,,,,,,,[121 Days RENTAL] SoftBank 601HW [WHITE] Premium 50GB,sl.jpg,*,sl.jpg,sl.jpg,,,,,,,,,,,,,,,,,,,,,,0,1,sl_120_in_bt,,1,,23000,25190,,5,,,,,,,,,,,,,,,,,17,SoftBank 601HW プレミアム50GB
990,,9,7,Yes (+ 50 JPY / Day),Yes (+ 540 JPY),,,[122 Days RENTAL] SoftBank 601HW [WHITE] Premium 50GB,1,,,,,,,,[122 Days RENTAL] SoftBank 601HW [WHITE] Premium 50GB,sl.jpg,*,sl.jpg,sl.jpg,,,,,,,,,,,,,,,,,,,,,,0,1,sl_121_in_bt,,1,,23550,25790,,5,,,,,,,,,,,,,,,,,17,SoftBank 601HW プレミアム50GB
991,,9,7,Yes (+ 50 JPY / Day),Yes (+ 540 JPY),,,[123 Days RENTAL] SoftBank 601HW [WHITE] Premium 50GB,1,,,,,,,,[123 Days RENTAL] SoftBank 601HW [WHITE] Premium 50GB,sl.jpg,*,sl.jpg,sl.jpg,,,,,,,,,,,,,,,,,,,,,,0,1,sl_122_in_bt,,1,,24100,26390,,5,,,,,,,,,,,,,,,,,17,SoftBank 601HW プレミアム50GB
992,,9,7,Yes (+ 50 JPY / Day),Yes (+ 540 JPY),,,[124 Days RENTAL] SoftBank 601HW [WHITE] Premium 50GB,1,,,,,,,,[124 Days RENTAL] SoftBank 601HW [WHITE] Premium 50GB,sl.jpg,*,sl.jpg,sl.jpg,,,,,,,,,,,,,,,,,,,,,,0,1,sl_123_in_bt,,1,,24650,26990,,5,,,,,,,,,,,,,,,,,17,SoftBank 601HW プレミアム50GB
993,,9,7,Yes (+ 50 JPY / Day),Yes (+ 540 JPY),,,[125 Days RENTAL] SoftBank 601HW [WHITE] Premium 50GB,1,,,,,,,,[125 Days RENTAL] SoftBank 601HW [WHITE] Premium 50GB,sl.jpg,*,sl.jpg,sl.jpg,,,,,,,,,,,,,,,,,,,,,,0,1,sl_124_in_bt,,1,,25200,27590,,5,,,,,,,,,,,,,,,,,17,SoftBank 601HW プレミアム50GB
994,,9,7,Yes (+ 50 JPY / Day),Yes (+ 540 JPY),,,[126 Days RENTAL] SoftBank 601HW [WHITE] Premium 50GB,1,,,,,,,,[126 Days RENTAL] SoftBank 601HW [WHITE] Premium 50GB,sl.jpg,*,sl.jpg,sl.jpg,,,,,,,,,,,,,,,,,,,,,,0,1,sl_125_in_bt,,1,,25500,27990,,5,,,,,,,,,,,,,,,,,17,SoftBank 601HW プレミアム50GB
995,,9,7,Yes (+ 50 JPY / Day),Yes (+ 540 JPY),,,[127 Days RENTAL] SoftBank 601HW [WHITE] Premium 50GB,1,,,,,,,,[127 Days RENTAL] SoftBank 601HW [WHITE] Premium 50GB,sl.jpg,*,sl.jpg,sl.jpg,,,,,,,,,,,,,,,,,,,,,,0,1,sl_126_in_bt,,1,,25500,27990,,5,,,,,,,,,,,,,,,,,17,SoftBank 601HW プレミアム50GB
996,,9,7,Yes (+ 50 JPY / Day),Yes (+ 540 JPY),,,[128 Days RENTAL] SoftBank 601HW [WHITE] Premium 50GB,1,,,,,,,,[128 Days RENTAL] SoftBank 601HW [WHITE] Premium 50GB,sl.jpg,*,sl.jpg,sl.jpg,,,,,,,,,,,,,,,,,,,,,,0,1,sl_127_in_bt,,1,,25500,27990,,5,,,,,,,,,,,,,,,,,17,SoftBank 601HW プレミアム50GB
997,,9,7,Yes (+ 50 JPY / Day),Yes (+ 540 JPY),,,[129 Days RENTAL] SoftBank 601HW [WHITE] Premium 50GB,1,,,,,,,,[129 Days RENTAL] SoftBank 601HW [WHITE] Premium 50GB,sl.jpg,*,sl.jpg,sl.jpg,,,,,,,,,,,,,,,,,,,,,,0,1,sl_128_in_bt,,1,,25500,27990,,5,,,,,,,,,,,,,,,,,17,SoftBank 601HW プレミアム50GB
998,,9,7,Yes (+ 50 JPY / Day),Yes (+ 540 JPY),,,[130 Days RENTAL] SoftBank 601HW [WHITE] Premium 50GB,1,,,,,,,,[130 Days RENTAL] SoftBank 601HW [WHITE] Premium 50GB,sl.jpg,*,sl.jpg,sl.jpg,,,,,,,,,,,,,,,,,,,,,,0,1,sl_129_in_bt,,1,,25500,27990,,5,,,,,,,,,,,,,,,,,17,SoftBank 601HW プレミアム50GB
999,,9,7,Yes (+ 50 JPY / Day),Yes (+ 540 JPY),,,[131 Days RENTAL] SoftBank 601HW [WHITE] Premium 50GB,1,,,,,,,,[131 Days RENTAL] SoftBank 601HW [WHITE] Premium 50GB,sl.jpg,*,sl.jpg,sl.jpg,,,,,,,,,,,,,,,,,,,,,,0,1,sl_130_in_bt,,1,,25500,27990,,5,,,,,,,,,,,,,,,,,17,SoftBank 601HW プレミアム50GB
1000,,9,7,Yes (+ 50 JPY / Day),Yes (+ 540 JPY),,,[132 Days RENTAL] SoftBank 601HW [WHITE] Premium 50GB,1,,,,,,,,[132 Days RENTAL] SoftBank 601HW [WHITE] Premium 50GB,sl.jpg,*,sl.jpg,sl.jpg,,,,,,,,,,,,,,,,,,,,,,0,1,sl_131_in_bt,,1,,25500,27990,,5,,,,,,,,,,,,,,,,,17,SoftBank 601HW プレミアム50GB
1001,,9,7,Yes (+ 50 JPY / Day),Yes (+ 540 JPY),,,[133 Days RENTAL] SoftBank 601HW [WHITE] Premium 50GB,1,,,,,,,,[133 Days RENTAL] SoftBank 601HW [WHITE] Premium 50GB,sl.jpg,*,sl.jpg,sl.jpg,,,,,,,,,,,,,,,,,,,,,,0,1,sl_132_in_bt,,1,,25500,27990,,5,,,,,,,,,,,,,,,,,17,SoftBank 601HW プレミアム50GB
1002,,9,7,Yes (+ 50 JPY / Day),Yes (+ 540 JPY),,,[134 Days RENTAL] SoftBank 601HW [WHITE] Premium 50GB,1,,,,,,,,[134 Days RENTAL] SoftBank 601HW [WHITE] Premium 50GB,sl.jpg,*,sl.jpg,sl.jpg,,,,,,,,,,,,,,,,,,,,,,0,1,sl_133_in_bt,,1,,25500,27990,,5,,,,,,,,,,,,,,,,,17,SoftBank 601HW プレミアム50GB
1003,,9,7,Yes (+ 50 JPY / Day),Yes (+ 540 JPY),,,[135 Days RENTAL] SoftBank 601HW [WHITE] Premium 50GB,1,,,,,,,,[135 Days RENTAL] SoftBank 601HW [WHITE] Premium 50GB,sl.jpg,*,sl.jpg,sl.jpg,,,,,,,,,,,,,,,,,,,,,,0,1,sl_134_in_bt,,1,,25500,27990,,5,,,,,,,,,,,,,,,,,17,SoftBank 601HW プレミアム50GB
1004,,9,7,Yes (+ 50 JPY / Day),Yes (+ 540 JPY),,,[136 Days RENTAL] SoftBank 601HW [WHITE] Premium 50GB,1,,,,,,,,[136 Days RENTAL] SoftBank 601HW [WHITE] Premium 50GB,sl.jpg,*,sl.jpg,sl.jpg,,,,,,,,,,,,,,,,,,,,,,0,1,sl_135_in_bt,,1,,25500,27990,,5,,,,,,,,,,,,,,,,,17,SoftBank 601HW プレミアム50GB
1005,,9,7,Yes (+ 50 JPY / Day),Yes (+ 540 JPY),,,[137 Days RENTAL] SoftBank 601HW [WHITE] Premium 50GB,1,,,,,,,,[137 Days RENTAL] SoftBank 601HW [WHITE] Premium 50GB,sl.jpg,*,sl.jpg,sl.jpg,,,,,,,,,,,,,,,,,,,,,,0,1,sl_136_in_bt,,1,,25500,27990,,5,,,,,,,,,,,,,,,,,17,SoftBank 601HW プレミアム50GB
1006,,9,7,Yes (+ 50 JPY / Day),Yes (+ 540 JPY),,,[138 Days RENTAL] SoftBank 601HW [WHITE] Premium 50GB,1,,,,,,,,[138 Days RENTAL] SoftBank 601HW [WHITE] Premium 50GB,sl.jpg,*,sl.jpg,sl.jpg,,,,,,,,,,,,,,,,,,,,,,0,1,sl_137_in_bt,,1,,25500,27990,,5,,,,,,,,,,,,,,,,,17,SoftBank 601HW プレミアム50GB
1007,,9,7,Yes (+ 50 JPY / Day),Yes (+ 540 JPY),,,[139 Days RENTAL] SoftBank 601HW [WHITE] Premium 50GB,1,,,,,,,,[139 Days RENTAL] SoftBank 601HW [WHITE] Premium 50GB,sl.jpg,*,sl.jpg,sl.jpg,,,,,,,,,,,,,,,,,,,,,,0,1,sl_138_in_bt,,1,,25500,27990,,5,,,,,,,,,,,,,,,,,17,SoftBank 601HW プレミアム50GB
1008,,9,7,Yes (+ 50 JPY / Day),Yes (+ 540 JPY),,,[140 Days RENTAL] SoftBank 601HW [WHITE] Premium 50GB,1,,,,,,,,[140 Days RENTAL] SoftBank 601HW [WHITE] Premium 50GB,sl.jpg,*,sl.jpg,sl.jpg,,,,,,,,,,,,,,,,,,,,,,0,1,sl_139_in_bt,,1,,25500,27990,,5,,,,,,,,,,,,,,,,,17,SoftBank 601HW プレミアム50GB
1009,,9,7,Yes (+ 50 JPY / Day),Yes (+ 540 JPY),,,[141 Days RENTAL] SoftBank 601HW [WHITE] Premium 50GB,1,,,,,,,,[141 Days RENTAL] SoftBank 601HW [WHITE] Premium 50GB,sl.jpg,*,sl.jpg,sl.jpg,,,,,,,,,,,,,,,,,,,,,,0,1,sl_140_in_bt,,1,,25500,27990,,5,,,,,,,,,,,,,,,,,17,SoftBank 601HW プレミアム50GB
1010,,9,7,Yes (+ 50 JPY / Day),Yes (+ 540 JPY),,,[142 Days RENTAL] SoftBank 601HW [WHITE] Premium 50GB,1,,,,,,,,[142 Days RENTAL] SoftBank 601HW [WHITE] Premium 50GB,sl.jpg,*,sl.jpg,sl.jpg,,,,,,,,,,,,,,,,,,,,,,0,1,sl_141_in_bt,,1,,25500,27990,,5,,,,,,,,,,,,,,,,,17,SoftBank 601HW プレミアム50GB
1011,,9,7,Yes (+ 50 JPY / Day),Yes (+ 540 JPY),,,[143 Days RENTAL] SoftBank 601HW [WHITE] Premium 50GB,1,,,,,,,,[143 Days RENTAL] SoftBank 601HW [WHITE] Premium 50GB,sl.jpg,*,sl.jpg,sl.jpg,,,,,,,,,,,,,,,,,,,,,,0,1,sl_142_in_bt,,1,,25500,27990,,5,,,,,,,,,,,,,,,,,17,SoftBank 601HW プレミアム50GB
1012,,9,7,Yes (+ 50 JPY / Day),Yes (+ 540 JPY),,,[144 Days RENTAL] SoftBank 601HW [WHITE] Premium 50GB,1,,,,,,,,[144 Days RENTAL] SoftBank 601HW [WHITE] Premium 50GB,sl.jpg,*,sl.jpg,sl.jpg,,,,,,,,,,,,,,,,,,,,,,0,1,sl_143_in_bt,,1,,25500,27990,,5,,,,,,,,,,,,,,,,,17,SoftBank 601HW プレミアム50GB
1013,,9,7,Yes (+ 50 JPY / Day),Yes (+ 540 JPY),,,[145 Days RENTAL] SoftBank 601HW [WHITE] Premium 50GB,1,,,,,,,,[145 Days RENTAL] SoftBank 601HW [WHITE] Premium 50GB,sl.jpg,*,sl.jpg,sl.jpg,,,,,,,,,,,,,,,,,,,,,,0,1,sl_144_in_bt,,1,,25500,27990,,5,,,,,,,,,,,,,,,,,17,SoftBank 601HW プレミアム50GB
1014,,9,7,Yes (+ 50 JPY / Day),Yes (+ 540 JPY),,,[146 Days RENTAL] SoftBank 601HW [WHITE] Premium 50GB,1,,,,,,,,[146 Days RENTAL] SoftBank 601HW [WHITE] Premium 50GB,sl.jpg,*,sl.jpg,sl.jpg,,,,,,,,,,,,,,,,,,,,,,0,1,sl_145_in_bt,,1,,25500,27990,,5,,,,,,,,,,,,,,,,,17,SoftBank 601HW プレミアム50GB
1015,,9,7,Yes (+ 50 JPY / Day),Yes (+ 540 JPY),,,[147 Days RENTAL] SoftBank 601HW [WHITE] Premium 50GB,1,,,,,,,,[147 Days RENTAL] SoftBank 601HW [WHITE] Premium 50GB,sl.jpg,*,sl.jpg,sl.jpg,,,,,,,,,,,,,,,,,,,,,,0,1,sl_146_in_bt,,1,,25500,27990,,5,,,,,,,,,,,,,,,,,17,SoftBank 601HW プレミアム50GB
1016,,9,7,Yes (+ 50 JPY / Day),Yes (+ 540 JPY),,,[148 Days RENTAL] SoftBank 601HW [WHITE] Premium 50GB,1,,,,,,,,[148 Days RENTAL] SoftBank 601HW [WHITE] Premium 50GB,sl.jpg,*,sl.jpg,sl.jpg,,,,,,,,,,,,,,,,,,,,,,0,1,sl_147_in_bt,,1,,25500,27990,,5,,,,,,,,,,,,,,,,,17,SoftBank 601HW プレミアム50GB
1017,,9,7,Yes (+ 50 JPY / Day),Yes (+ 540 JPY),,,[149 Days RENTAL] SoftBank 601HW [WHITE] Premium 50GB,1,,,,,,,,[149 Days RENTAL] SoftBank 601HW [WHITE] Premium 50GB,sl.jpg,*,sl.jpg,sl.jpg,,,,,,,,,,,,,,,,,,,,,,0,1,sl_148_in_bt,,1,,25500,27990,,5,,,,,,,,,,,,,,,,,17,SoftBank 601HW プレミアム50GB
1018,,9,7,Yes (+ 50 JPY / Day),Yes (+ 540 JPY),,,[150 Days RENTAL] SoftBank 601HW [WHITE] Premium 50GB,1,,,,,,,,[150 Days RENTAL] SoftBank 601HW [WHITE] Premium 50GB,sl.jpg,*,sl.jpg,sl.jpg,,,,,,,,,,,,,,,,,,,,,,0,1,sl_149_in_bt,,1,,25500,27990,,5,,,,,,,,,,,,,,,,,17,SoftBank 601HW プレミアム50GB
1019,,9,7,Yes (+ 50 JPY / Day),Yes (+ 540 JPY),,,[151 Days RENTAL] SoftBank 601HW [WHITE] Premium 50GB,1,,,,,,,,[151 Days RENTAL] SoftBank 601HW [WHITE] Premium 50GB,sl.jpg,*,sl.jpg,sl.jpg,,,,,,,,,,,,,,,,,,,,,,0,1,sl_150_in_bt,,1,,25500,27990,,5,,,,,,,,,,,,,,,,,17,SoftBank 601HW プレミアム50GB
1020,,9,7,Yes (+ 50 JPY / Day),Yes (+ 540 JPY),,,[152 Days RENTAL] SoftBank 601HW [WHITE] Premium 50GB,1,,,,,,,,[152 Days RENTAL] SoftBank 601HW [WHITE] Premium 50GB,sl.jpg,*,sl.jpg,sl.jpg,,,,,,,,,,,,,,,,,,,,,,0,1,sl_151_in_bt,,1,,26050,28590,,5,,,,,,,,,,,,,,,,,17,SoftBank 601HW プレミアム50GB
1021,,9,7,Yes (+ 50 JPY / Day),Yes (+ 540 JPY),,,[153 Days RENTAL] SoftBank 601HW [WHITE] Premium 50GB,1,,,,,,,,[153 Days RENTAL] SoftBank 601HW [WHITE] Premium 50GB,sl.jpg,*,sl.jpg,sl.jpg,,,,,,,,,,,,,,,,,,,,,,0,1,sl_152_in_bt,,1,,26600,29190,,5,,,,,,,,,,,,,,,,,17,SoftBank 601HW プレミアム50GB
1022,,9,7,Yes (+ 50 JPY / Day),Yes (+ 540 JPY),,,[154 Days RENTAL] SoftBank 601HW [WHITE] Premium 50GB,1,,,,,,,,[154 Days RENTAL] SoftBank 601HW [WHITE] Premium 50GB,sl.jpg,*,sl.jpg,sl.jpg,,,,,,,,,,,,,,,,,,,,,,0,1,sl_153_in_bt,,1,,27150,29790,,5,,,,,,,,,,,,,,,,,17,SoftBank 601HW プレミアム50GB
1023,,9,7,Yes (+ 50 JPY / Day),Yes (+ 540 JPY),,,[155 Days RENTAL] SoftBank 601HW [WHITE] Premium 50GB,1,,,,,,,,[155 Days RENTAL] SoftBank 601HW [WHITE] Premium 50GB,sl.jpg,*,sl.jpg,sl.jpg,,,,,,,,,,,,,,,,,,,,,,0,1,sl_154_in_bt,,1,,27700,30390,,5,,,,,,,,,,,,,,,,,17,SoftBank 601HW プレミアム50GB
1024,,9,7,Yes (+ 50 JPY / Day),Yes (+ 540 JPY),,,[156 Days RENTAL] SoftBank 601HW [WHITE] Premium 50GB,1,,,,,,,,[156 Days RENTAL] SoftBank 601HW [WHITE] Premium 50GB,sl.jpg,*,sl.jpg,sl.jpg,,,,,,,,,,,,,,,,,,,,,,0,1,sl_155_in_bt,,1,,28000,30790,,5,,,,,,,,,,,,,,,,,17,SoftBank 601HW プレミアム50GB
1025,,9,7,Yes (+ 50 JPY / Day),Yes (+ 540 JPY),,,[157 Days RENTAL] SoftBank 601HW [WHITE] Premium 50GB,1,,,,,,,,[157 Days RENTAL] SoftBank 601HW [WHITE] Premium 50GB,sl.jpg,*,sl.jpg,sl.jpg,,,,,,,,,,,,,,,,,,,,,,0,1,sl_156_in_bt,,1,,28000,30790,,5,,,,,,,,,,,,,,,,,17,SoftBank 601HW プレミアム50GB
1026,,9,7,Yes (+ 50 JPY / Day),Yes (+ 540 JPY),,,[158 Days RENTAL] SoftBank 601HW [WHITE] Premium 50GB,1,,,,,,,,[158 Days RENTAL] SoftBank 601HW [WHITE] Premium 50GB,sl.jpg,*,sl.jpg,sl.jpg,,,,,,,,,,,,,,,,,,,,,,0,1,sl_157_in_bt,,1,,28000,30790,,5,,,,,,,,,,,,,,,,,17,SoftBank 601HW プレミアム50GB
1027,,9,7,Yes (+ 50 JPY / Day),Yes (+ 540 JPY),,,[159 Days RENTAL] SoftBank 601HW [WHITE] Premium 50GB,1,,,,,,,,[159 Days RENTAL] SoftBank 601HW [WHITE] Premium 50GB,sl.jpg,*,sl.jpg,sl.jpg,,,,,,,,,,,,,,,,,,,,,,0,1,sl_158_in_bt,,1,,28000,30790,,5,,,,,,,,,,,,,,,,,17,SoftBank 601HW プレミアム50GB
1028,,9,7,Yes (+ 50 JPY / Day),Yes (+ 540 JPY),,,[160 Days RENTAL] SoftBank 601HW [WHITE] Premium 50GB,1,,,,,,,,[160 Days RENTAL] SoftBank 601HW [WHITE] Premium 50GB,sl.jpg,*,sl.jpg,sl.jpg,,,,,,,,,,,,,,,,,,,,,,0,1,sl_159_in_bt,,1,,28000,30790,,5,,,,,,,,,,,,,,,,,17,SoftBank 601HW プレミアム50GB
1029,,9,7,Yes (+ 50 JPY / Day),Yes (+ 540 JPY),,,[161 Days RENTAL] SoftBank 601HW [WHITE] Premium 50GB,1,,,,,,,,[161 Days RENTAL] SoftBank 601HW [WHITE] Premium 50GB,sl.jpg,*,sl.jpg,sl.jpg,,,,,,,,,,,,,,,,,,,,,,0,1,sl_160_in_bt,,1,,28000,30790,,5,,,,,,,,,,,,,,,,,17,SoftBank 601HW プレミアム50GB
1030,,9,7,Yes (+ 50 JPY / Day),Yes (+ 540 JPY),,,[162 Days RENTAL] SoftBank 601HW [WHITE] Premium 50GB,1,,,,,,,,[162 Days RENTAL] SoftBank 601HW [WHITE] Premium 50GB,sl.jpg,*,sl.jpg,sl.jpg,,,,,,,,,,,,,,,,,,,,,,0,1,sl_161_in_bt,,1,,28000,30790,,5,,,,,,,,,,,,,,,,,17,SoftBank 601HW プレミアム50GB
1031,,9,7,Yes (+ 50 JPY / Day),Yes (+ 540 JPY),,,[163 Days RENTAL] SoftBank 601HW [WHITE] Premium 50GB,1,,,,,,,,[163 Days RENTAL] SoftBank 601HW [WHITE] Premium 50GB,sl.jpg,*,sl.jpg,sl.jpg,,,,,,,,,,,,,,,,,,,,,,0,1,sl_162_in_bt,,1,,28000,30790,,5,,,,,,,,,,,,,,,,,17,SoftBank 601HW プレミアム50GB
1032,,9,7,Yes (+ 50 JPY / Day),Yes (+ 540 JPY),,,[164 Days RENTAL] SoftBank 601HW [WHITE] Premium 50GB,1,,,,,,,,[164 Days RENTAL] SoftBank 601HW [WHITE] Premium 50GB,sl.jpg,*,sl.jpg,sl.jpg,,,,,,,,,,,,,,,,,,,,,,0,1,sl_163_in_bt,,1,,28000,30790,,5,,,,,,,,,,,,,,,,,17,SoftBank 601HW プレミアム50GB
1033,,9,7,Yes (+ 50 JPY / Day),Yes (+ 540 JPY),,,[165 Days RENTAL] SoftBank 601HW [WHITE] Premium 50GB,1,,,,,,,,[165 Days RENTAL] SoftBank 601HW [WHITE] Premium 50GB,sl.jpg,*,sl.jpg,sl.jpg,,,,,,,,,,,,,,,,,,,,,,0,1,sl_164_in_bt,,1,,28000,30790,,5,,,,,,,,,,,,,,,,,17,SoftBank 601HW プレミアム50GB
1034,,9,7,Yes (+ 50 JPY / Day),Yes (+ 540 JPY),,,[166 Days RENTAL] SoftBank 601HW [WHITE] Premium 50GB,1,,,,,,,,[166 Days RENTAL] SoftBank 601HW [WHITE] Premium 50GB,sl.jpg,*,sl.jpg,sl.jpg,,,,,,,,,,,,,,,,,,,,,,0,1,sl_165_in_bt,,1,,28000,30790,,5,,,,,,,,,,,,,,,,,17,SoftBank 601HW プレミアム50GB
1035,,9,7,Yes (+ 50 JPY / Day),Yes (+ 540 JPY),,,[167 Days RENTAL] SoftBank 601HW [WHITE] Premium 50GB,1,,,,,,,,[167 Days RENTAL] SoftBank 601HW [WHITE] Premium 50GB,sl.jpg,*,sl.jpg,sl.jpg,,,,,,,,,,,,,,,,,,,,,,0,1,sl_166_in_bt,,1,,28000,30790,,5,,,,,,,,,,,,,,,,,17,SoftBank 601HW プレミアム50GB
1036,,9,7,Yes (+ 50 JPY / Day),Yes (+ 540 JPY),,,[168 Days RENTAL] SoftBank 601HW [WHITE] Premium 50GB,1,,,,,,,,[168 Days RENTAL] SoftBank 601HW [WHITE] Premium 50GB,sl.jpg,*,sl.jpg,sl.jpg,,,,,,,,,,,,,,,,,,,,,,0,1,sl_167_in_bt,,1,,28000,30790,,5,,,,,,,,,,,,,,,,,17,SoftBank 601HW プレミアム50GB
1037,,9,7,Yes (+ 50 JPY / Day),Yes (+ 540 JPY),,,[169 Days RENTAL] SoftBank 601HW [WHITE] Premium 50GB,1,,,,,,,,[169 Days RENTAL] SoftBank 601HW [WHITE] Premium 50GB,sl.jpg,*,sl.jpg,sl.jpg,,,,,,,,,,,,,,,,,,,,,,0,1,sl_168_in_bt,,1,,28000,30790,,5,,,,,,,,,,,,,,,,,17,SoftBank 601HW プレミアム50GB
1038,,9,7,Yes (+ 50 JPY / Day),Yes (+ 540 JPY),,,[170 Days RENTAL] SoftBank 601HW [WHITE] Premium 50GB,1,,,,,,,,[170 Days RENTAL] SoftBank 601HW [WHITE] Premium 50GB,sl.jpg,*,sl.jpg,sl.jpg,,,,,,,,,,,,,,,,,,,,,,0,1,sl_169_in_bt,,1,,28000,30790,,5,,,,,,,,,,,,,,,,,17,SoftBank 601HW プレミアム50GB
1039,,9,7,Yes (+ 50 JPY / Day),Yes (+ 540 JPY),,,[171 Days RENTAL] SoftBank 601HW [WHITE] Premium 50GB,1,,,,,,,,[171 Days RENTAL] SoftBank 601HW [WHITE] Premium 50GB,sl.jpg,*,sl.jpg,sl.jpg,,,,,,,,,,,,,,,,,,,,,,0,1,sl_170_in_bt,,1,,28000,30790,,5,,,,,,,,,,,,,,,,,17,SoftBank 601HW プレミアム50GB
1040,,9,7,Yes (+ 50 JPY / Day),Yes (+ 540 JPY),,,[172 Days RENTAL] SoftBank 601HW [WHITE] Premium 50GB,1,,,,,,,,[172 Days RENTAL] SoftBank 601HW [WHITE] Premium 50GB,sl.jpg,*,sl.jpg,sl.jpg,,,,,,,,,,,,,,,,,,,,,,0,1,sl_171_in_bt,,1,,28000,30790,,5,,,,,,,,,,,,,,,,,17,SoftBank 601HW プレミアム50GB
1041,,9,7,Yes (+ 50 JPY / Day),Yes (+ 540 JPY),,,[173 Days RENTAL] SoftBank 601HW [WHITE] Premium 50GB,1,,,,,,,,[173 Days RENTAL] SoftBank 601HW [WHITE] Premium 50GB,sl.jpg,*,sl.jpg,sl.jpg,,,,,,,,,,,,,,,,,,,,,,0,1,sl_172_in_bt,,1,,28000,30790,,5,,,,,,,,,,,,,,,,,17,SoftBank 601HW プレミアム50GB
1042,,9,7,Yes (+ 50 JPY / Day),Yes (+ 540 JPY),,,[174 Days RENTAL] SoftBank 601HW [WHITE] Premium 50GB,1,,,,,,,,[174 Days RENTAL] SoftBank 601HW [WHITE] Premium 50GB,sl.jpg,*,sl.jpg,sl.jpg,,,,,,,,,,,,,,,,,,,,,,0,1,sl_173_in_bt,,1,,28000,30790,,5,,,,,,,,,,,,,,,,,17,SoftBank 601HW プレミアム50GB
1043,,9,7,Yes (+ 50 JPY / Day),Yes (+ 540 JPY),,,[175 Days RENTAL] SoftBank 601HW [WHITE] Premium 50GB,1,,,,,,,,[175 Days RENTAL] SoftBank 601HW [WHITE] Premium 50GB,sl.jpg,*,sl.jpg,sl.jpg,,,,,,,,,,,,,,,,,,,,,,0,1,sl_174_in_bt,,1,,28000,30790,,5,,,,,,,,,,,,,,,,,17,SoftBank 601HW プレミアム50GB
1044,,9,7,Yes (+ 50 JPY / Day),Yes (+ 540 JPY),,,[176 Days RENTAL] SoftBank 601HW [WHITE] Premium 50GB,1,,,,,,,,[176 Days RENTAL] SoftBank 601HW [WHITE] Premium 50GB,sl.jpg,*,sl.jpg,sl.jpg,,,,,,,,,,,,,,,,,,,,,,0,1,sl_175_in_bt,,1,,28000,30790,,5,,,,,,,,,,,,,,,,,17,SoftBank 601HW プレミアム50GB
1045,,9,7,Yes (+ 50 JPY / Day),Yes (+ 540 JPY),,,[177 Days RENTAL] SoftBank 601HW [WHITE] Premium 50GB,1,,,,,,,,[177 Days RENTAL] SoftBank 601HW [WHITE] Premium 50GB,sl.jpg,*,sl.jpg,sl.jpg,,,,,,,,,,,,,,,,,,,,,,0,1,sl_176_in_bt,,1,,28000,30790,,5,,,,,,,,,,,,,,,,,17,SoftBank 601HW プレミアム50GB
1046,,9,7,Yes (+ 50 JPY / Day),Yes (+ 540 JPY),,,[178 Days RENTAL] SoftBank 601HW [WHITE] Premium 50GB,1,,,,,,,,[178 Days RENTAL] SoftBank 601HW [WHITE] Premium 50GB,sl.jpg,*,sl.jpg,sl.jpg,,,,,,,,,,,,,,,,,,,,,,0,1,sl_177_in_bt,,1,,28000,30790,,5,,,,,,,,,,,,,,,,,17,SoftBank 601HW プレミアム50GB
1047,,9,7,Yes (+ 50 JPY / Day),Yes (+ 540 JPY),,,[179 Days RENTAL] SoftBank 601HW [WHITE] Premium 50GB,1,,,,,,,,[179 Days RENTAL] SoftBank 601HW [WHITE] Premium 50GB,sl.jpg,*,sl.jpg,sl.jpg,,,,,,,,,,,,,,,,,,,,,,0,1,sl_178_in_bt,,1,,28000,30790,,5,,,,,,,,,,,,,,,,,17,SoftBank 601HW プレミアム50GB
1048,,9,7,Yes (+ 50 JPY / Day),Yes (+ 540 JPY),,,[180 Days RENTAL] SoftBank 601HW [WHITE] Premium 50GB,1,,,,,,,,[180 Days RENTAL] SoftBank 601HW [WHITE] Premium 50GB,sl.jpg,*,sl.jpg,sl.jpg,,,,,,,,,,,,,,,,,,,,,,0,1,sl_179_in_bt,,1,,28000,30790,,5,,,,,,,,,,,,,,,,,17,SoftBank 601HW プレミアム50GB
1049,,9,7,Yes (+ 50 JPY / Day),Yes (+ 540 JPY),,,[181 Days RENTAL] SoftBank 601HW [WHITE] Premium 50GB,1,,,,,,,,[181 Days RENTAL] SoftBank 601HW [WHITE] Premium 50GB,sl.jpg,*,sl.jpg,sl.jpg,,,,,,,,,,,,,,,,,,,,,,0,1,sl_180_in_bt,,1,,28000,30790,,5,,,,,,,,,,,,,,,,,17,SoftBank 601HW プレミアム50GB
1050,,9,7,Yes (+ 50 JPY / Day),Yes (+ 540 JPY),,,[182 Days RENTAL] SoftBank 601HW [WHITE] Premium 50GB,1,,,,,,,,[182 Days RENTAL] SoftBank 601HW [WHITE] Premium 50GB,sl.jpg,*,sl.jpg,sl.jpg,,,,,,,,,,,,,,,,,,,,,,0,1,sl_181_in_bt,,1,,28550,31390,,5,,,,,,,,,,,,,,,,,17,SoftBank 601HW プレミアム50GB
1051,,9,7,Yes (+ 50 JPY / Day),Yes (+ 540 JPY),,,[183 Days RENTAL] SoftBank 601HW [WHITE] Premium 50GB,1,,,,,,,,[183 Days RENTAL] SoftBank 601HW [WHITE] Premium 50GB,sl.jpg,*,sl.jpg,sl.jpg,,,,,,,,,,,,,,,,,,,,,,0,1,sl_182_in_bt,,1,,29100,31990,,5,,,,,,,,,,,,,,,,,17,SoftBank 601HW プレミアム50GB
1052,,9,7,Yes (+ 50 JPY / Day),Yes (+ 540 JPY),,,[184 Days RENTAL] SoftBank 601HW [WHITE] Premium 50GB,1,,,,,,,,[184 Days RENTAL] SoftBank 601HW [WHITE] Premium 50GB,sl.jpg,*,sl.jpg,sl.jpg,,,,,,,,,,,,,,,,,,,,,,0,1,sl_183_in_bt,,1,,29650,32590,,5,,,,,,,,,,,,,,,,,17,SoftBank 601HW プレミアム50GB
1053,,9,7,Yes (+ 50 JPY / Day),Yes (+ 540 JPY),,,[185 Days RENTAL] SoftBank 601HW [WHITE] Premium 50GB,1,,,,,,,,[185 Days RENTAL] SoftBank 601HW [WHITE] Premium 50GB,sl.jpg,*,sl.jpg,sl.jpg,,,,,,,,,,,,,,,,,,,,,,0,1,sl_184_in_bt,,1,,30200,33190,,5,,,,,,,,,,,,,,,,,17,SoftBank 601HW プレミアム50GB
1054,,9,7,Yes (+ 50 JPY / Day),Yes (+ 540 JPY),,,[186 Days RENTAL] SoftBank 601HW [WHITE] Premium 50GB,1,,,,,,,,[186 Days RENTAL] SoftBank 601HW [WHITE] Premium 50GB,sl.jpg,*,sl.jpg,sl.jpg,,,,,,,,,,,,,,,,,,,,,,0,1,sl_185_in_bt,,1,,30750,33790,,5,,,,,,,,,,,,,,,,,17,SoftBank 601HW プレミアム50GB
1055,,9,7,Yes (+ 50 JPY / Day),Yes (+ 540 JPY),,,[187 Days RENTAL] SoftBank 601HW [WHITE] Premium 50GB,1,,,,,,,,[187 Days RENTAL] SoftBank 601HW [WHITE] Premium 50GB,sl.jpg,*,sl.jpg,sl.jpg,,,,,,,,,,,,,,,,,,,,,,0,1,sl_186_in_bt,,1,,31300,34390,,5,,,,,,,,,,,,,,,,,17,SoftBank 601HW プレミアム50GB
1056,,9,7,Yes (+ 50 JPY / Day),Yes (+ 540 JPY),,,[188 Days RENTAL] SoftBank 601HW [WHITE] Premium 50GB,1,,,,,,,,[188 Days RENTAL] SoftBank 601HW [WHITE] Premium 50GB,sl.jpg,*,sl.jpg,sl.jpg,,,,,,,,,,,,,,,,,,,,,,0,1,sl_187_in_bt,,1,,31850,34990,,5,,,,,,,,,,,,,,,,,17,SoftBank 601HW プレミアム50GB
1057,,9,7,Yes (+ 50 JPY / Day),Yes (+ 540 JPY),,,[189 Days RENTAL] SoftBank 601HW [WHITE] Premium 50GB,1,,,,,,,,[189 Days RENTAL] SoftBank 601HW [WHITE] Premium 50GB,sl.jpg,*,sl.jpg,sl.jpg,,,,,,,,,,,,,,,,,,,,,,0,1,sl_188_in_bt,,1,,32400,35590,,5,,,,,,,,,,,,,,,,,17,SoftBank 601HW プレミアム50GB
1058,,9,7,Yes (+ 50 JPY / Day),Yes (+ 540 JPY),,,[190 Days RENTAL] SoftBank 601HW [WHITE] Premium 50GB,1,,,,,,,,[190 Days RENTAL] SoftBank 601HW [WHITE] Premium 50GB,sl.jpg,*,sl.jpg,sl.jpg,,,,,,,,,,,,,,,,,,,,,,0,1,sl_189_in_bt,,1,,32950,36190,,5,,,,,,,,,,,,,,,,,17,SoftBank 601HW プレミアム50GB
1059,,9,7,Yes (+ 50 JPY / Day),Yes (+ 540 JPY),,,[191 Days RENTAL] SoftBank 601HW [WHITE] Premium 50GB,1,,,,,,,,[191 Days RENTAL] SoftBank 601HW [WHITE] Premium 50GB,sl.jpg,*,sl.jpg,sl.jpg,,,,,,,,,,,,,,,,,,,,,,0,1,sl_190_in_bt,,1,,33500,36790,,5,,,,,,,,,,,,,,,,,17,SoftBank 601HW プレミアム50GB
1060,,9,7,Yes (+ 50 JPY / Day),Yes (+ 540 JPY),,,[192 Days RENTAL] SoftBank 601HW [WHITE] Premium 50GB,1,,,,,,,,[192 Days RENTAL] SoftBank 601HW [WHITE] Premium 50GB,sl.jpg,*,sl.jpg,sl.jpg,,,,,,,,,,,,,,,,,,,,,,0,1,sl_191_in_bt,,1,,34050,37390,,5,,,,,,,,,,,,,,,,,17,SoftBank 601HW プレミアム50GB
1061,,9,7,Yes (+ 50 JPY / Day),Yes (+ 540 JPY),,,[193 Days RENTAL] SoftBank 601HW [WHITE] Premium 50GB,1,,,,,,,,[193 Days RENTAL] SoftBank 601HW [WHITE] Premium 50GB,sl.jpg,*,sl.jpg,sl.jpg,,,,,,,,,,,,,,,,,,,,,,0,1,sl_192_in_bt,,1,,34600,37990,,5,,,,,,,,,,,,,,,,,17,SoftBank 601HW プレミアム50GB
1062,,9,7,Yes (+ 50 JPY / Day),Yes (+ 540 JPY),,,[194 Days RENTAL] SoftBank 601HW [WHITE] Premium 50GB,1,,,,,,,,[194 Days RENTAL] SoftBank 601HW [WHITE] Premium 50GB,sl.jpg,*,sl.jpg,sl.jpg,,,,,,,,,,,,,,,,,,,,,,0,1,sl_193_in_bt,,1,,35150,38590,,5,,,,,,,,,,,,,,,,,17,SoftBank 601HW プレミアム50GB
1063,,9,7,Yes (+ 50 JPY / Day),Yes (+ 540 JPY),,,[195 Days RENTAL] SoftBank 601HW [WHITE] Premium 50GB,1,,,,,,,,[195 Days RENTAL] SoftBank 601HW [WHITE] Premium 50GB,sl.jpg,*,sl.jpg,sl.jpg,,,,,,,,,,,,,,,,,,,,,,0,1,sl_194_in_bt,,1,,35700,39190,,5,,,,,,,,,,,,,,,,,17,SoftBank 601HW プレミアム50GB
1064,,9,7,Yes (+ 50 JPY / Day),Yes (+ 540 JPY),,,[196 Days RENTAL] SoftBank 601HW [WHITE] Premium 50GB,1,,,,,,,,[196 Days RENTAL] SoftBank 601HW [WHITE] Premium 50GB,sl.jpg,*,sl.jpg,sl.jpg,,,,,,,,,,,,,,,,,,,,,,0,1,sl_195_in_bt,,1,,36250,39790,,5,,,,,,,,,,,,,,,,,17,SoftBank 601HW プレミアム50GB
1065,,9,7,Yes (+ 50 JPY / Day),Yes (+ 540 JPY),,,[197 Days RENTAL] SoftBank 601HW [WHITE] Premium 50GB,1,,,,,,,,[197 Days RENTAL] SoftBank 601HW [WHITE] Premium 50GB,sl.jpg,*,sl.jpg,sl.jpg,,,,,,,,,,,,,,,,,,,,,,0,1,sl_196_in_bt,,1,,36250,39790,,5,,,,,,,,,,,,,,,,,17,SoftBank 601HW プレミアム50GB
1066,,9,7,Yes (+ 50 JPY / Day),Yes (+ 540 JPY),,,[198 Days RENTAL] SoftBank 601HW [WHITE] Premium 50GB,1,,,,,,,,[198 Days RENTAL] SoftBank 601HW [WHITE] Premium 50GB,sl.jpg,*,sl.jpg,sl.jpg,,,,,,,,,,,,,,,,,,,,,,0,1,sl_197_in_bt,,1,,36250,39790,,5,,,,,,,,,,,,,,,,,17,SoftBank 601HW プレミアム50GB
1067,,9,7,Yes (+ 50 JPY / Day),Yes (+ 540 JPY),,,[199 Days RENTAL] SoftBank 601HW [WHITE] Premium 50GB,1,,,,,,,,[199 Days RENTAL] SoftBank 601HW [WHITE] Premium 50GB,sl.jpg,*,sl.jpg,sl.jpg,,,,,,,,,,,,,,,,,,,,,,0,1,sl_198_in_bt,,1,,36250,39790,,5,,,,,,,,,,,,,,,,,17,SoftBank 601HW プレミアム50GB
1068,,9,7,Yes (+ 50 JPY / Day),Yes (+ 540 JPY),,,[200 Days RENTAL] SoftBank 601HW [WHITE] Premium 50GB,1,,,,,,,,[200 Days RENTAL] SoftBank 601HW [WHITE] Premium 50GB,sl.jpg,*,sl.jpg,sl.jpg,,,,,,,,,,,,,,,,,,,,,,0,1,sl_199_in_bt,,1,,36250,39790,,5,,,,,,,,,,,,,,,,,17,SoftBank 601HW プレミアム50GB
1069,,9,7,Yes (+ 50 JPY / Day),Yes (+ 540 JPY),,,[201 Days RENTAL] SoftBank 601HW [WHITE] Premium 50GB,1,,,,,,,,[201 Days RENTAL] SoftBank 601HW [WHITE] Premium 50GB,sl.jpg,*,sl.jpg,sl.jpg,,,,,,,,,,,,,,,,,,,,,,0,1,sl_200_in_bt,,1,,36250,39790,,5,,,,,,,,,,,,,,,,,17,SoftBank 601HW プレミアム50GB
1070,,9,7,Yes (+ 50 JPY / Day),Yes (+ 540 JPY),,,[202 Days RENTAL] SoftBank 601HW [WHITE] Premium 50GB,1,,,,,,,,[202 Days RENTAL] SoftBank 601HW [WHITE] Premium 50GB,sl.jpg,*,sl.jpg,sl.jpg,,,,,,,,,,,,,,,,,,,,,,0,1,sl_201_in_bt,,1,,36250,39790,,5,,,,,,,,,,,,,,,,,17,SoftBank 601HW プレミアム50GB
1071,,9,7,Yes (+ 50 JPY / Day),Yes (+ 540 JPY),,,[203 Days RENTAL] SoftBank 601HW [WHITE] Premium 50GB,1,,,,,,,,[203 Days RENTAL] SoftBank 601HW [WHITE] Premium 50GB,sl.jpg,*,sl.jpg,sl.jpg,,,,,,,,,,,,,,,,,,,,,,0,1,sl_202_in_bt,,1,,36250,39790,,5,,,,,,,,,,,,,,,,,17,SoftBank 601HW プレミアム50GB
1072,,9,7,Yes (+ 50 JPY / Day),Yes (+ 540 JPY),,,[204 Days RENTAL] SoftBank 601HW [WHITE] Premium 50GB,1,,,,,,,,[204 Days RENTAL] SoftBank 601HW [WHITE] Premium 50GB,sl.jpg,*,sl.jpg,sl.jpg,,,,,,,,,,,,,,,,,,,,,,0,1,sl_203_in_bt,,1,,36250,39790,,5,,,,,,,,,,,,,,,,,17,SoftBank 601HW プレミアム50GB
1073,,9,7,Yes (+ 50 JPY / Day),Yes (+ 540 JPY),,,[205 Days RENTAL] SoftBank 601HW [WHITE] Premium 50GB,1,,,,,,,,[205 Days RENTAL] SoftBank 601HW [WHITE] Premium 50GB,sl.jpg,*,sl.jpg,sl.jpg,,,,,,,,,,,,,,,,,,,,,,0,1,sl_204_in_bt,,1,,36250,39790,,5,,,,,,,,,,,,,,,,,17,SoftBank 601HW プレミアム50GB
1074,,9,7,Yes (+ 50 JPY / Day),Yes (+ 540 JPY),,,[206 Days RENTAL] SoftBank 601HW [WHITE] Premium 50GB,1,,,,,,,,[206 Days RENTAL] SoftBank 601HW [WHITE] Premium 50GB,sl.jpg,*,sl.jpg,sl.jpg,,,,,,,,,,,,,,,,,,,,,,0,1,sl_205_in_bt,,1,,36250,39790,,5,,,,,,,,,,,,,,,,,17,SoftBank 601HW プレミアム50GB
1075,,9,7,Yes (+ 50 JPY / Day),Yes (+ 540 JPY),,,[207 Days RENTAL] SoftBank 601HW [WHITE] Premium 50GB,1,,,,,,,,[207 Days RENTAL] SoftBank 601HW [WHITE] Premium 50GB,sl.jpg,*,sl.jpg,sl.jpg,,,,,,,,,,,,,,,,,,,,,,0,1,sl_206_in_bt,,1,,36250,39790,,5,,,,,,,,,,,,,,,,,17,SoftBank 601HW プレミアム50GB
1076,,9,7,Yes (+ 50 JPY / Day),Yes (+ 540 JPY),,,[208 Days RENTAL] SoftBank 601HW [WHITE] Premium 50GB,1,,,,,,,,[208 Days RENTAL] SoftBank 601HW [WHITE] Premium 50GB,sl.jpg,*,sl.jpg,sl.jpg,,,,,,,,,,,,,,,,,,,,,,0,1,sl_207_in_bt,,1,,36250,39790,,5,,,,,,,,,,,,,,,,,17,SoftBank 601HW プレミアム50GB
1077,,9,7,Yes (+ 50 JPY / Day),Yes (+ 540 JPY),,,[209 Days RENTAL] SoftBank 601HW [WHITE] Premium 50GB,1,,,,,,,,[209 Days RENTAL] SoftBank 601HW [WHITE] Premium 50GB,sl.jpg,*,sl.jpg,sl.jpg,,,,,,,,,,,,,,,,,,,,,,0,1,sl_208_in_bt,,1,,36250,39790,,5,,,,,,,,,,,,,,,,,17,SoftBank 601HW プレミアム50GB
1078,,9,7,Yes (+ 50 JPY / Day),Yes (+ 540 JPY),,,[210 Days RENTAL] SoftBank 601HW [WHITE] Premium 50GB,1,,,,,,,,[210 Days RENTAL] SoftBank 601HW [WHITE] Premium 50GB,sl.jpg,*,sl.jpg,sl.jpg,,,,,,,,,,,,,,,,,,,,,,0,1,sl_209_in_bt,,1,,36250,39790,,5,,,,,,,,,,,,,,,,,17,SoftBank 601HW プレミアム50GB
1079,,9,7,Yes (+ 50 JPY / Day),Yes (+ 540 JPY),,,[211 Days RENTAL] SoftBank 601HW [WHITE] Premium 50GB,1,,,,,,,,[211 Days RENTAL] SoftBank 601HW [WHITE] Premium 50GB,sl.jpg,*,sl.jpg,sl.jpg,,,,,,,,,,,,,,,,,,,,,,0,1,sl_210_in_bt,,1,,36250,39790,,5,,,,,,,,,,,,,,,,,17,SoftBank 601HW プレミアム50GB
1080,,9,7,Yes (+ 50 JPY / Day),Yes (+ 540 JPY),,,[212 Days RENTAL] SoftBank 601HW [WHITE] Premium 50GB,1,,,,,,,,[212 Days RENTAL] SoftBank 601HW [WHITE] Premium 50GB,sl.jpg,*,sl.jpg,sl.jpg,,,,,,,,,,,,,,,,,,,,,,0,1,sl_211_in_bt,,1,,36250,39790,,5,,,,,,,,,,,,,,,,,17,SoftBank 601HW プレミアム50GB
1081,,9,7,Yes (+ 50 JPY / Day),Yes (+ 540 JPY),,,[213 Days RENTAL] SoftBank 601HW [WHITE] Premium 50GB,1,,,,,,,,[213 Days RENTAL] SoftBank 601HW [WHITE] Premium 50GB,sl.jpg,*,sl.jpg,sl.jpg,,,,,,,,,,,,,,,,,,,,,,0,1,sl_212_in_bt,,1,,36800,40390,,5,,,,,,,,,,,,,,,,,17,SoftBank 601HW プレミアム50GB
1082,,9,7,Yes (+ 50 JPY / Day),Yes (+ 540 JPY),,,[214 Days RENTAL] SoftBank 601HW [WHITE] Premium 50GB,1,,,,,,,,[214 Days RENTAL] SoftBank 601HW [WHITE] Premium 50GB,sl.jpg,*,sl.jpg,sl.jpg,,,,,,,,,,,,,,,,,,,,,,0,1,sl_213_in_bt,,1,,37350,40990,,5,,,,,,,,,,,,,,,,,17,SoftBank 601HW プレミアム50GB
1083,,9,7,Yes (+ 50 JPY / Day),Yes (+ 540 JPY),,,[215 Days RENTAL] SoftBank 601HW [WHITE] Premium 50GB,1,,,,,,,,[215 Days RENTAL] SoftBank 601HW [WHITE] Premium 50GB,sl.jpg,*,sl.jpg,sl.jpg,,,,,,,,,,,,,,,,,,,,,,0,1,sl_214_in_bt,,1,,37900,41590,,5,,,,,,,,,,,,,,,,,17,SoftBank 601HW プレミアム50GB
1084,,9,7,Yes (+ 50 JPY / Day),Yes (+ 540 JPY),,,[216 Days RENTAL] SoftBank 601HW [WHITE] Premium 50GB,1,,,,,,,,[216 Days RENTAL] SoftBank 601HW [WHITE] Premium 50GB,sl.jpg,*,sl.jpg,sl.jpg,,,,,,,,,,,,,,,,,,,,,,0,1,sl_215_in_bt,,1,,38450,42190,,5,,,,,,,,,,,,,,,,,17,SoftBank 601HW プレミアム50GB
1085,,9,7,Yes (+ 50 JPY / Day),Yes (+ 540 JPY),,,[217 Days RENTAL] SoftBank 601HW [WHITE] Premium 50GB,1,,,,,,,,[217 Days RENTAL] SoftBank 601HW [WHITE] Premium 50GB,sl.jpg,*,sl.jpg,sl.jpg,,,,,,,,,,,,,,,,,,,,,,0,1,sl_216_in_bt,,1,,39000,42790,,5,,,,,,,,,,,,,,,,,17,SoftBank 601HW プレミアム50GB
1086,,9,7,Yes (+ 50 JPY / Day),Yes (+ 540 JPY),,,[218 Days RENTAL] SoftBank 601HW [WHITE] Premium 50GB,1,,,,,,,,[218 Days RENTAL] SoftBank 601HW [WHITE] Premium 50GB,sl.jpg,*,sl.jpg,sl.jpg,,,,,,,,,,,,,,,,,,,,,,0,1,sl_217_in_bt,,1,,39550,43390,,5,,,,,,,,,,,,,,,,,17,SoftBank 601HW プレミアム50GB
1087,,9,7,Yes (+ 50 JPY / Day),Yes (+ 540 JPY),,,[219 Days RENTAL] SoftBank 601HW [WHITE] Premium 50GB,1,,,,,,,,[219 Days RENTAL] SoftBank 601HW [WHITE] Premium 50GB,sl.jpg,*,sl.jpg,sl.jpg,,,,,,,,,,,,,,,,,,,,,,0,1,sl_218_in_bt,,1,,40100,43990,,5,,,,,,,,,,,,,,,,,17,SoftBank 601HW プレミアム50GB
1088,,9,7,Yes (+ 50 JPY / Day),Yes (+ 540 JPY),,,[220 Days RENTAL] SoftBank 601HW [WHITE] Premium 50GB,1,,,,,,,,[220 Days RENTAL] SoftBank 601HW [WHITE] Premium 50GB,sl.jpg,*,sl.jpg,sl.jpg,,,,,,,,,,,,,,,,,,,,,,0,1,sl_219_in_bt,,1,,40650,44590,,5,,,,,,,,,,,,,,,,,17,SoftBank 601HW プレミアム50GB
1089,,9,7,Yes (+ 50 JPY / Day),Yes (+ 540 JPY),,,[221 Days RENTAL] SoftBank 601HW [WHITE] Premium 50GB,1,,,,,,,,[221 Days RENTAL] SoftBank 601HW [WHITE] Premium 50GB,sl.jpg,*,sl.jpg,sl.jpg,,,,,,,,,,,,,,,,,,,,,,0,1,sl_220_in_bt,,1,,41200,45190,,5,,,,,,,,,,,,,,,,,17,SoftBank 601HW プレミアム50GB
1090,,9,7,Yes (+ 50 JPY / Day),Yes (+ 540 JPY),,,[222 Days RENTAL] SoftBank 601HW [WHITE] Premium 50GB,1,,,,,,,,[222 Days RENTAL] SoftBank 601HW [WHITE] Premium 50GB,sl.jpg,*,sl.jpg,sl.jpg,,,,,,,,,,,,,,,,,,,,,,0,1,sl_221_in_bt,,1,,41750,45790,,5,,,,,,,,,,,,,,,,,17,SoftBank 601HW プレミアム50GB
1091,,9,7,Yes (+ 50 JPY / Day),Yes (+ 540 JPY),,,[223 Days RENTAL] SoftBank 601HW [WHITE] Premium 50GB,1,,,,,,,,[223 Days RENTAL] SoftBank 601HW [WHITE] Premium 50GB,sl.jpg,*,sl.jpg,sl.jpg,,,,,,,,,,,,,,,,,,,,,,0,1,sl_222_in_bt,,1,,42300,46390,,5,,,,,,,,,,,,,,,,,17,SoftBank 601HW プレミアム50GB
1092,,9,7,Yes (+ 50 JPY / Day),Yes (+ 540 JPY),,,[224 Days RENTAL] SoftBank 601HW [WHITE] Premium 50GB,1,,,,,,,,[224 Days RENTAL] SoftBank 601HW [WHITE] Premium 50GB,sl.jpg,*,sl.jpg,sl.jpg,,,,,,,,,,,,,,,,,,,,,,0,1,sl_223_in_bt,,1,,42650,46490,,5,,,,,,,,,,,,,,,,,17,SoftBank 601HW プレミアム50GB
1093,,9,7,Yes (+ 50 JPY / Day),Yes (+ 540 JPY),,,[225 Days RENTAL] SoftBank 601HW [WHITE] Premium 50GB,1,,,,,,,,[225 Days RENTAL] SoftBank 601HW [WHITE] Premium 50GB,sl.jpg,*,sl.jpg,sl.jpg,,,,,,,,,,,,,,,,,,,,,,0,1,sl_224_in_bt,,1,,42650,46490,,5,,,,,,,,,,,,,,,,,17,SoftBank 601HW プレミアム50GB
1094,,9,7,Yes (+ 50 JPY / Day),Yes (+ 540 JPY),,,[226 Days RENTAL] SoftBank 601HW [WHITE] Premium 50GB,1,,,,,,,,[226 Days RENTAL] SoftBank 601HW [WHITE] Premium 50GB,sl.jpg,*,sl.jpg,sl.jpg,,,,,,,,,,,,,,,,,,,,,,0,1,sl_225_in_bt,,1,,42650,46490,,5,,,,,,,,,,,,,,,,,17,SoftBank 601HW プレミアム50GB
1095,,9,7,Yes (+ 50 JPY / Day),Yes (+ 540 JPY),,,[227 Days RENTAL] SoftBank 601HW [WHITE] Premium 50GB,1,,,,,,,,[227 Days RENTAL] SoftBank 601HW [WHITE] Premium 50GB,sl.jpg,*,sl.jpg,sl.jpg,,,,,,,,,,,,,,,,,,,,,,0,1,sl_226_in_bt,,1,,42650,46490,,5,,,,,,,,,,,,,,,,,17,SoftBank 601HW プレミアム50GB
1096,,9,7,Yes (+ 50 JPY / Day),Yes (+ 540 JPY),,,[228 Days RENTAL] SoftBank 601HW [WHITE] Premium 50GB,1,,,,,,,,[228 Days RENTAL] SoftBank 601HW [WHITE] Premium 50GB,sl.jpg,*,sl.jpg,sl.jpg,,,,,,,,,,,,,,,,,,,,,,0,1,sl_227_in_bt,,1,,42650,46490,,5,,,,,,,,,,,,,,,,,17,SoftBank 601HW プレミアム50GB
1097,,9,7,Yes (+ 50 JPY / Day),Yes (+ 540 JPY),,,[229 Days RENTAL] SoftBank 601HW [WHITE] Premium 50GB,1,,,,,,,,[229 Days RENTAL] SoftBank 601HW [WHITE] Premium 50GB,sl.jpg,*,sl.jpg,sl.jpg,,,,,,,,,,,,,,,,,,,,,,0,1,sl_228_in_bt,,1,,42650,46490,,5,,,,,,,,,,,,,,,,,17,SoftBank 601HW プレミアム50GB
1098,,9,7,Yes (+ 50 JPY / Day),Yes (+ 540 JPY),,,[230 Days RENTAL] SoftBank 601HW [WHITE] Premium 50GB,1,,,,,,,,[230 Days RENTAL] SoftBank 601HW [WHITE] Premium 50GB,sl.jpg,*,sl.jpg,sl.jpg,,,,,,,,,,,,,,,,,,,,,,0,1,sl_229_in_bt,,1,,42650,46490,,5,,,,,,,,,,,,,,,,,17,SoftBank 601HW プレミアム50GB
1099,,9,7,Yes (+ 50 JPY / Day),Yes (+ 540 JPY),,,[231 Days RENTAL] SoftBank 601HW [WHITE] Premium 50GB,1,,,,,,,,[231 Days RENTAL] SoftBank 601HW [WHITE] Premium 50GB,sl.jpg,*,sl.jpg,sl.jpg,,,,,,,,,,,,,,,,,,,,,,0,1,sl_230_in_bt,,1,,42650,46490,,5,,,,,,,,,,,,,,,,,17,SoftBank 601HW プレミアム50GB
1100,,9,7,Yes (+ 50 JPY / Day),Yes (+ 540 JPY),,,[232 Days RENTAL] SoftBank 601HW [WHITE] Premium 50GB,1,,,,,,,,[232 Days RENTAL] SoftBank 601HW [WHITE] Premium 50GB,sl.jpg,*,sl.jpg,sl.jpg,,,,,,,,,,,,,,,,,,,,,,0,1,sl_231_in_bt,,1,,42650,46490,,5,,,,,,,,,,,,,,,,,17,SoftBank 601HW プレミアム50GB
1101,,9,7,Yes (+ 50 JPY / Day),Yes (+ 540 JPY),,,[233 Days RENTAL] SoftBank 601HW [WHITE] Premium 50GB,1,,,,,,,,[233 Days RENTAL] SoftBank 601HW [WHITE] Premium 50GB,sl.jpg,*,sl.jpg,sl.jpg,,,,,,,,,,,,,,,,,,,,,,0,1,sl_232_in_bt,,1,,42650,46490,,5,,,,,,,,,,,,,,,,,17,SoftBank 601HW プレミアム50GB
1102,,9,7,Yes (+ 50 JPY / Day),Yes (+ 540 JPY),,,[234 Days RENTAL] SoftBank 601HW [WHITE] Premium 50GB,1,,,,,,,,[234 Days RENTAL] SoftBank 601HW [WHITE] Premium 50GB,sl.jpg,*,sl.jpg,sl.jpg,,,,,,,,,,,,,,,,,,,,,,0,1,sl_233_in_bt,,1,,42650,46490,,5,,,,,,,,,,,,,,,,,17,SoftBank 601HW プレミアム50GB
1103,,9,7,Yes (+ 50 JPY / Day),Yes (+ 540 JPY),,,[235 Days RENTAL] SoftBank 601HW [WHITE] Premium 50GB,1,,,,,,,,[235 Days RENTAL] SoftBank 601HW [WHITE] Premium 50GB,sl.jpg,*,sl.jpg,sl.jpg,,,,,,,,,,,,,,,,,,,,,,0,1,sl_234_in_bt,,1,,42650,46490,,5,,,,,,,,,,,,,,,,,17,SoftBank 601HW プレミアム50GB
1104,,9,7,Yes (+ 50 JPY / Day),Yes (+ 540 JPY),,,[236 Days RENTAL] SoftBank 601HW [WHITE] Premium 50GB,1,,,,,,,,[236 Days RENTAL] SoftBank 601HW [WHITE] Premium 50GB,sl.jpg,*,sl.jpg,sl.jpg,,,,,,,,,,,,,,,,,,,,,,0,1,sl_235_in_bt,,1,,42650,46490,,5,,,,,,,,,,,,,,,,,17,SoftBank 601HW プレミアム50GB
1105,,9,7,Yes (+ 50 JPY / Day),Yes (+ 540 JPY),,,[237 Days RENTAL] SoftBank 601HW [WHITE] Premium 50GB,1,,,,,,,,[237 Days RENTAL] SoftBank 601HW [WHITE] Premium 50GB,sl.jpg,*,sl.jpg,sl.jpg,,,,,,,,,,,,,,,,,,,,,,0,1,sl_236_in_bt,,1,,42650,46490,,5,,,,,,,,,,,,,,,,,17,SoftBank 601HW プレミアム50GB
1106,,9,7,Yes (+ 50 JPY / Day),Yes (+ 540 JPY),,,[238 Days RENTAL] SoftBank 601HW [WHITE] Premium 50GB,1,,,,,,,,[238 Days RENTAL] SoftBank 601HW [WHITE] Premium 50GB,sl.jpg,*,sl.jpg,sl.jpg,,,,,,,,,,,,,,,,,,,,,,0,1,sl_237_in_bt,,1,,42650,46490,,5,,,,,,,,,,,,,,,,,17,SoftBank 601HW プレミアム50GB
1107,,9,7,Yes (+ 50 JPY / Day),Yes (+ 540 JPY),,,[239 Days RENTAL] SoftBank 601HW [WHITE] Premium 50GB,1,,,,,,,,[239 Days RENTAL] SoftBank 601HW [WHITE] Premium 50GB,sl.jpg,*,sl.jpg,sl.jpg,,,,,,,,,,,,,,,,,,,,,,0,1,sl_238_in_bt,,1,,42650,46490,,5,,,,,,,,,,,,,,,,,17,SoftBank 601HW プレミアム50GB
1108,,9,7,Yes (+ 50 JPY / Day),Yes (+ 540 JPY),,,[240 Days RENTAL] SoftBank 601HW [WHITE] Premium 50GB,1,,,,,,,,[240 Days RENTAL] SoftBank 601HW [WHITE] Premium 50GB,sl.jpg,*,sl.jpg,sl.jpg,,,,,,,,,,,,,,,,,,,,,,0,1,sl_239_in_bt,,1,,42650,46490,,5,,,,,,,,,,,,,,,,,17,SoftBank 601HW プレミアム50GB
1109,,9,7,Yes (+ 50 JPY / Day),Yes (+ 540 JPY),,,[241 Days RENTAL] SoftBank 601HW [WHITE] Premium 50GB,1,,,,,,,,[241 Days RENTAL] SoftBank 601HW [WHITE] Premium 50GB,sl.jpg,*,sl.jpg,sl.jpg,,,,,,,,,,,,,,,,,,,,,,0,1,sl_240_in_bt,,1,,42650,46490,,5,,,,,,,,,,,,,,,,,17,SoftBank 601HW プレミアム50GB
1110,,9,7,Yes (+ 50 JPY / Day),Yes (+ 540 JPY),,,[242 Days RENTAL] SoftBank 601HW [WHITE] Premium 50GB,1,,,,,,,,[242 Days RENTAL] SoftBank 601HW [WHITE] Premium 50GB,sl.jpg,*,sl.jpg,sl.jpg,,,,,,,,,,,,,,,,,,,,,,0,1,sl_241_in_bt,,1,,42650,46490,,5,,,,,,,,,,,,,,,,,17,SoftBank 601HW プレミアム50GB
1111,,9,7,Yes (+ 50 JPY / Day),Yes (+ 540 JPY),,,[243 Days RENTAL] SoftBank 601HW [WHITE] Premium 50GB,1,,,,,,,,[243 Days RENTAL] SoftBank 601HW [WHITE] Premium 50GB,sl.jpg,*,sl.jpg,sl.jpg,,,,,,,,,,,,,,,,,,,,,,0,1,sl_242_in_bt,,1,,43200,47090,,5,,,,,,,,,,,,,,,,,17,SoftBank 601HW プレミアム50GB
1112,,9,7,Yes (+ 50 JPY / Day),Yes (+ 540 JPY),,,[244 Days RENTAL] SoftBank 601HW [WHITE] Premium 50GB,1,,,,,,,,[244 Days RENTAL] SoftBank 601HW [WHITE] Premium 50GB,sl.jpg,*,sl.jpg,sl.jpg,,,,,,,,,,,,,,,,,,,,,,0,1,sl_243_in_bt,,1,,43750,47690,,5,,,,,,,,,,,,,,,,,17,SoftBank 601HW プレミアム50GB
1113,,9,7,Yes (+ 50 JPY / Day),Yes (+ 540 JPY),,,[245 Days RENTAL] SoftBank 601HW [WHITE] Premium 50GB,1,,,,,,,,[245 Days RENTAL] SoftBank 601HW [WHITE] Premium 50GB,sl.jpg,*,sl.jpg,sl.jpg,,,,,,,,,,,,,,,,,,,,,,0,1,sl_244_in_bt,,1,,44300,48290,,5,,,,,,,,,,,,,,,,,17,SoftBank 601HW プレミアム50GB
1114,,9,7,Yes (+ 50 JPY / Day),Yes (+ 540 JPY),,,[246 Days RENTAL] SoftBank 601HW [WHITE] Premium 50GB,1,,,,,,,,[246 Days RENTAL] SoftBank 601HW [WHITE] Premium 50GB,sl.jpg,*,sl.jpg,sl.jpg,,,,,,,,,,,,,,,,,,,,,,0,1,sl_245_in_bt,,1,,44850,48890,,5,,,,,,,,,,,,,,,,,17,SoftBank 601HW プレミアム50GB
1115,,9,7,Yes (+ 50 JPY / Day),Yes (+ 540 JPY),,,[247 Days RENTAL] SoftBank 601HW [WHITE] Premium 50GB,1,,,,,,,,[247 Days RENTAL] SoftBank 601HW [WHITE] Premium 50GB,sl.jpg,*,sl.jpg,sl.jpg,,,,,,,,,,,,,,,,,,,,,,0,1,sl_246_in_bt,,1,,45400,49490,,5,,,,,,,,,,,,,,,,,17,SoftBank 601HW プレミアム50GB
1116,,9,7,Yes (+ 50 JPY / Day),Yes (+ 540 JPY),,,[248 Days RENTAL] SoftBank 601HW [WHITE] Premium 50GB,1,,,,,,,,[248 Days RENTAL] SoftBank 601HW [WHITE] Premium 50GB,sl.jpg,*,sl.jpg,sl.jpg,,,,,,,,,,,,,,,,,,,,,,0,1,sl_247_in_bt,,1,,45950,50090,,5,,,,,,,,,,,,,,,,,17,SoftBank 601HW プレミアム50GB
1117,,9,7,Yes (+ 50 JPY / Day),Yes (+ 540 JPY),,,[249 Days RENTAL] SoftBank 601HW [WHITE] Premium 50GB,1,,,,,,,,[249 Days RENTAL] SoftBank 601HW [WHITE] Premium 50GB,sl.jpg,*,sl.jpg,sl.jpg,,,,,,,,,,,,,,,,,,,,,,0,1,sl_248_in_bt,,1,,46500,50690,,5,,,,,,,,,,,,,,,,,17,SoftBank 601HW プレミアム50GB
1118,,9,7,Yes (+ 50 JPY / Day),Yes (+ 540 JPY),,,[250 Days RENTAL] SoftBank 601HW [WHITE] Premium 50GB,1,,,,,,,,[250 Days RENTAL] SoftBank 601HW [WHITE] Premium 50GB,sl.jpg,*,sl.jpg,sl.jpg,,,,,,,,,,,,,,,,,,,,,,0,1,sl_249_in_bt,,1,,47050,51290,,5,,,,,,,,,,,,,,,,,17,SoftBank 601HW プレミアム50GB
1119,,9,7,Yes (+ 50 JPY / Day),Yes (+ 540 JPY),,,[251 Days RENTAL] SoftBank 601HW [WHITE] Premium 50GB,1,,,,,,,,[251 Days RENTAL] SoftBank 601HW [WHITE] Premium 50GB,sl.jpg,*,sl.jpg,sl.jpg,,,,,,,,,,,,,,,,,,,,,,0,1,sl_250_in_bt,,1,,47600,51890,,5,,,,,,,,,,,,,,,,,17,SoftBank 601HW プレミアム50GB
1120,,9,7,Yes (+ 50 JPY / Day),Yes (+ 540 JPY),,,[252 Days RENTAL] SoftBank 601HW [WHITE] Premium 50GB,1,,,,,,,,[252 Days RENTAL] SoftBank 601HW [WHITE] Premium 50GB,sl.jpg,*,sl.jpg,sl.jpg,,,,,,,,,,,,,,,,,,,,,,0,1,sl_251_in_bt,,1,,48150,52490,,5,,,,,,,,,,,,,,,,,17,SoftBank 601HW プレミアム50GB
1121,,9,7,Yes (+ 50 JPY / Day),Yes (+ 540 JPY),,,[253 Days RENTAL] SoftBank 601HW [WHITE] Premium 50GB,1,,,,,,,,[253 Days RENTAL] SoftBank 601HW [WHITE] Premium 50GB,sl.jpg,*,sl.jpg,sl.jpg,,,,,,,,,,,,,,,,,,,,,,0,1,sl_252_in_bt,,1,,48500,52640,,5,,,,,,,,,,,,,,,,,17,SoftBank 601HW プレミアム50GB
1122,,9,7,Yes (+ 50 JPY / Day),Yes (+ 540 JPY),,,[254 Days RENTAL] SoftBank 601HW [WHITE] Premium 50GB,1,,,,,,,,[254 Days RENTAL] SoftBank 601HW [WHITE] Premium 50GB,sl.jpg,*,sl.jpg,sl.jpg,,,,,,,,,,,,,,,,,,,,,,0,1,sl_253_in_bt,,1,,48500,52640,,5,,,,,,,,,,,,,,,,,17,SoftBank 601HW プレミアム50GB
1123,,9,7,Yes (+ 50 JPY / Day),Yes (+ 540 JPY),,,[255 Days RENTAL] SoftBank 601HW [WHITE] Premium 50GB,1,,,,,,,,[255 Days RENTAL] SoftBank 601HW [WHITE] Premium 50GB,sl.jpg,*,sl.jpg,sl.jpg,,,,,,,,,,,,,,,,,,,,,,0,1,sl_254_in_bt,,1,,48500,52640,,5,,,,,,,,,,,,,,,,,17,SoftBank 601HW プレミアム50GB
1124,,9,7,Yes (+ 50 JPY / Day),Yes (+ 540 JPY),,,[256 Days RENTAL] SoftBank 601HW [WHITE] Premium 50GB,1,,,,,,,,[256 Days RENTAL] SoftBank 601HW [WHITE] Premium 50GB,sl.jpg,*,sl.jpg,sl.jpg,,,,,,,,,,,,,,,,,,,,,,0,1,sl_255_in_bt,,1,,48500,52640,,5,,,,,,,,,,,,,,,,,17,SoftBank 601HW プレミアム50GB
1125,,9,7,Yes (+ 50 JPY / Day),Yes (+ 540 JPY),,,[257 Days RENTAL] SoftBank 601HW [WHITE] Premium 50GB,1,,,,,,,,[257 Days RENTAL] SoftBank 601HW [WHITE] Premium 50GB,sl.jpg,*,sl.jpg,sl.jpg,,,,,,,,,,,,,,,,,,,,,,0,1,sl_256_in_bt,,1,,48500,52640,,5,,,,,,,,,,,,,,,,,17,SoftBank 601HW プレミアム50GB
1126,,9,7,Yes (+ 50 JPY / Day),Yes (+ 540 JPY),,,[258 Days RENTAL] SoftBank 601HW [WHITE] Premium 50GB,1,,,,,,,,[258 Days RENTAL] SoftBank 601HW [WHITE] Premium 50GB,sl.jpg,*,sl.jpg,sl.jpg,,,,,,,,,,,,,,,,,,,,,,0,1,sl_257_in_bt,,1,,48500,52640,,5,,,,,,,,,,,,,,,,,17,SoftBank 601HW プレミアム50GB
1127,,9,7,Yes (+ 50 JPY / Day),Yes (+ 540 JPY),,,[259 Days RENTAL] SoftBank 601HW [WHITE] Premium 50GB,1,,,,,,,,[259 Days RENTAL] SoftBank 601HW [WHITE] Premium 50GB,sl.jpg,*,sl.jpg,sl.jpg,,,,,,,,,,,,,,,,,,,,,,0,1,sl_258_in_bt,,1,,48500,52640,,5,,,,,,,,,,,,,,,,,17,SoftBank 601HW プレミアム50GB
1128,,9,7,Yes (+ 50 JPY / Day),Yes (+ 540 JPY),,,[260 Days RENTAL] SoftBank 601HW [WHITE] Premium 50GB,1,,,,,,,,[260 Days RENTAL] SoftBank 601HW [WHITE] Premium 50GB,sl.jpg,*,sl.jpg,sl.jpg,,,,,,,,,,,,,,,,,,,,,,0,1,sl_259_in_bt,,1,,48500,52640,,5,,,,,,,,,,,,,,,,,17,SoftBank 601HW プレミアム50GB
1129,,9,7,Yes (+ 50 JPY / Day),Yes (+ 540 JPY),,,[261 Days RENTAL] SoftBank 601HW [WHITE] Premium 50GB,1,,,,,,,,[261 Days RENTAL] SoftBank 601HW [WHITE] Premium 50GB,sl.jpg,*,sl.jpg,sl.jpg,,,,,,,,,,,,,,,,,,,,,,0,1,sl_260_in_bt,,1,,48500,52640,,5,,,,,,,,,,,,,,,,,17,SoftBank 601HW プレミアム50GB
1130,,9,7,Yes (+ 50 JPY / Day),Yes (+ 540 JPY),,,[262 Days RENTAL] SoftBank 601HW [WHITE] Premium 50GB,1,,,,,,,,[262 Days RENTAL] SoftBank 601HW [WHITE] Premium 50GB,sl.jpg,*,sl.jpg,sl.jpg,,,,,,,,,,,,,,,,,,,,,,0,1,sl_261_in_bt,,1,,48500,52640,,5,,,,,,,,,,,,,,,,,17,SoftBank 601HW プレミアム50GB
1131,,9,7,Yes (+ 50 JPY / Day),Yes (+ 540 JPY),,,[263 Days RENTAL] SoftBank 601HW [WHITE] Premium 50GB,1,,,,,,,,[263 Days RENTAL] SoftBank 601HW [WHITE] Premium 50GB,sl.jpg,*,sl.jpg,sl.jpg,,,,,,,,,,,,,,,,,,,,,,0,1,sl_262_in_bt,,1,,48500,52640,,5,,,,,,,,,,,,,,,,,17,SoftBank 601HW プレミアム50GB
1132,,9,7,Yes (+ 50 JPY / Day),Yes (+ 540 JPY),,,[264 Days RENTAL] SoftBank 601HW [WHITE] Premium 50GB,1,,,,,,,,[264 Days RENTAL] SoftBank 601HW [WHITE] Premium 50GB,sl.jpg,*,sl.jpg,sl.jpg,,,,,,,,,,,,,,,,,,,,,,0,1,sl_263_in_bt,,1,,48500,52640,,5,,,,,,,,,,,,,,,,,17,SoftBank 601HW プレミアム50GB
1133,,9,7,Yes (+ 50 JPY / Day),Yes (+ 540 JPY),,,[265 Days RENTAL] SoftBank 601HW [WHITE] Premium 50GB,1,,,,,,,,[265 Days RENTAL] SoftBank 601HW [WHITE] Premium 50GB,sl.jpg,*,sl.jpg,sl.jpg,,,,,,,,,,,,,,,,,,,,,,0,1,sl_264_in_bt,,1,,48500,52640,,5,,,,,,,,,,,,,,,,,17,SoftBank 601HW プレミアム50GB
1134,,9,7,Yes (+ 50 JPY / Day),Yes (+ 540 JPY),,,[266 Days RENTAL] SoftBank 601HW [WHITE] Premium 50GB,1,,,,,,,,[266 Days RENTAL] SoftBank 601HW [WHITE] Premium 50GB,sl.jpg,*,sl.jpg,sl.jpg,,,,,,,,,,,,,,,,,,,,,,0,1,sl_265_in_bt,,1,,48500,52640,,5,,,,,,,,,,,,,,,,,17,SoftBank 601HW プレミアム50GB
1135,,9,7,Yes (+ 50 JPY / Day),Yes (+ 540 JPY),,,[267 Days RENTAL] SoftBank 601HW [WHITE] Premium 50GB,1,,,,,,,,[267 Days RENTAL] SoftBank 601HW [WHITE] Premium 50GB,sl.jpg,*,sl.jpg,sl.jpg,,,,,,,,,,,,,,,,,,,,,,0,1,sl_266_in_bt,,1,,48500,52640,,5,,,,,,,,,,,,,,,,,17,SoftBank 601HW プレミアム50GB
1136,,9,7,Yes (+ 50 JPY / Day),Yes (+ 540 JPY),,,[268 Days RENTAL] SoftBank 601HW [WHITE] Premium 50GB,1,,,,,,,,[268 Days RENTAL] SoftBank 601HW [WHITE] Premium 50GB,sl.jpg,*,sl.jpg,sl.jpg,,,,,,,,,,,,,,,,,,,,,,0,1,sl_267_in_bt,,1,,48500,52640,,5,,,,,,,,,,,,,,,,,17,SoftBank 601HW プレミアム50GB
1137,,9,7,Yes (+ 50 JPY / Day),Yes (+ 540 JPY),,,[269 Days RENTAL] SoftBank 601HW [WHITE] Premium 50GB,1,,,,,,,,[269 Days RENTAL] SoftBank 601HW [WHITE] Premium 50GB,sl.jpg,*,sl.jpg,sl.jpg,,,,,,,,,,,,,,,,,,,,,,0,1,sl_268_in_bt,,1,,48500,52640,,5,,,,,,,,,,,,,,,,,17,SoftBank 601HW プレミアム50GB
1138,,9,7,Yes (+ 50 JPY / Day),Yes (+ 540 JPY),,,[270 Days RENTAL] SoftBank 601HW [WHITE] Premium 50GB,1,,,,,,,,[270 Days RENTAL] SoftBank 601HW [WHITE] Premium 50GB,sl.jpg,*,sl.jpg,sl.jpg,,,,,,,,,,,,,,,,,,,,,,0,1,sl_269_in_bt,,1,,48500,52640,,5,,,,,,,,,,,,,,,,,17,SoftBank 601HW プレミアム50GB
1139,,9,7,Yes (+ 50 JPY / Day),Yes (+ 540 JPY),,,[271 Days RENTAL] SoftBank 601HW [WHITE] Premium 50GB,1,,,,,,,,[271 Days RENTAL] SoftBank 601HW [WHITE] Premium 50GB,sl.jpg,*,sl.jpg,sl.jpg,,,,,,,,,,,,,,,,,,,,,,0,1,sl_270_in_bt,,1,,48500,52640,,5,,,,,,,,,,,,,,,,,17,SoftBank 601HW プレミアム50GB
1140,,9,7,Yes (+ 50 JPY / Day),Yes (+ 540 JPY),,,[272 Days RENTAL] SoftBank 601HW [WHITE] Premium 50GB,1,,,,,,,,[272 Days RENTAL] SoftBank 601HW [WHITE] Premium 50GB,sl.jpg,*,sl.jpg,sl.jpg,,,,,,,,,,,,,,,,,,,,,,0,1,sl_271_in_bt,,1,,48500,52640,,5,,,,,,,,,,,,,,,,,17,SoftBank 601HW プレミアム50GB
1141,,9,7,Yes (+ 50 JPY / Day),Yes (+ 540 JPY),,,[273 Days RENTAL] SoftBank 601HW [WHITE] Premium 50GB,1,,,,,,,,[273 Days RENTAL] SoftBank 601HW [WHITE] Premium 50GB,sl.jpg,*,sl.jpg,sl.jpg,,,,,,,,,,,,,,,,,,,,,,0,1,sl_272_in_bt,,1,,49050,53240,,5,,,,,,,,,,,,,,,,,17,SoftBank 601HW プレミアム50GB
1142,,9,7,Yes (+ 50 JPY / Day),Yes (+ 540 JPY),,,[274 Days RENTAL] SoftBank 601HW [WHITE] Premium 50GB,1,,,,,,,,[274 Days RENTAL] SoftBank 601HW [WHITE] Premium 50GB,sl.jpg,*,sl.jpg,sl.jpg,,,,,,,,,,,,,,,,,,,,,,0,1,sl_273_in_bt,,1,,49600,53840,,5,,,,,,,,,,,,,,,,,17,SoftBank 601HW プレミアム50GB
1143,,9,7,Yes (+ 50 JPY / Day),Yes (+ 540 JPY),,,[275 Days RENTAL] SoftBank 601HW [WHITE] Premium 50GB,1,,,,,,,,[275 Days RENTAL] SoftBank 601HW [WHITE] Premium 50GB,sl.jpg,*,sl.jpg,sl.jpg,,,,,,,,,,,,,,,,,,,,,,0,1,sl_274_in_bt,,1,,50150,54440,,5,,,,,,,,,,,,,,,,,17,SoftBank 601HW プレミアム50GB
1144,,9,7,Yes (+ 50 JPY / Day),Yes (+ 540 JPY),,,[276 Days RENTAL] SoftBank 601HW [WHITE] Premium 50GB,1,,,,,,,,[276 Days RENTAL] SoftBank 601HW [WHITE] Premium 50GB,sl.jpg,*,sl.jpg,sl.jpg,,,,,,,,,,,,,,,,,,,,,,0,1,sl_275_in_bt,,1,,50700,55040,,5,,,,,,,,,,,,,,,,,17,SoftBank 601HW プレミアム50GB
1145,,9,7,Yes (+ 50 JPY / Day),Yes (+ 540 JPY),,,[277 Days RENTAL] SoftBank 601HW [WHITE] Premium 50GB,1,,,,,,,,[277 Days RENTAL] SoftBank 601HW [WHITE] Premium 50GB,sl.jpg,*,sl.jpg,sl.jpg,,,,,,,,,,,,,,,,,,,,,,0,1,sl_276_in_bt,,1,,51000,55440,,5,,,,,,,,,,,,,,,,,17,SoftBank 601HW プレミアム50GB
1146,,9,7,Yes (+ 50 JPY / Day),Yes (+ 540 JPY),,,[278 Days RENTAL] SoftBank 601HW [WHITE] Premium 50GB,1,,,,,,,,[278 Days RENTAL] SoftBank 601HW [WHITE] Premium 50GB,sl.jpg,*,sl.jpg,sl.jpg,,,,,,,,,,,,,,,,,,,,,,0,1,sl_277_in_bt,,1,,51000,55440,,5,,,,,,,,,,,,,,,,,17,SoftBank 601HW プレミアム50GB
1147,,9,7,Yes (+ 50 JPY / Day),Yes (+ 540 JPY),,,[279 Days RENTAL] SoftBank 601HW [WHITE] Premium 50GB,1,,,,,,,,[279 Days RENTAL] SoftBank 601HW [WHITE] Premium 50GB,sl.jpg,*,sl.jpg,sl.jpg,,,,,,,,,,,,,,,,,,,,,,0,1,sl_278_in_bt,,1,,51000,55440,,5,,,,,,,,,,,,,,,,,17,SoftBank 601HW プレミアム50GB
1148,,9,7,Yes (+ 50 JPY / Day),Yes (+ 540 JPY),,,[280 Days RENTAL] SoftBank 601HW [WHITE] Premium 50GB,1,,,,,,,,[280 Days RENTAL] SoftBank 601HW [WHITE] Premium 50GB,sl.jpg,*,sl.jpg,sl.jpg,,,,,,,,,,,,,,,,,,,,,,0,1,sl_279_in_bt,,1,,51000,55440,,5,,,,,,,,,,,,,,,,,17,SoftBank 601HW プレミアム50GB
1149,,9,7,Yes (+ 50 JPY / Day),Yes (+ 540 JPY),,,[281 Days RENTAL] SoftBank 601HW [WHITE] Premium 50GB,1,,,,,,,,[281 Days RENTAL] SoftBank 601HW [WHITE] Premium 50GB,sl.jpg,*,sl.jpg,sl.jpg,,,,,,,,,,,,,,,,,,,,,,0,1,sl_280_in_bt,,1,,51000,55440,,5,,,,,,,,,,,,,,,,,17,SoftBank 601HW プレミアム50GB
1150,,9,7,Yes (+ 50 JPY / Day),Yes (+ 540 JPY),,,[282 Days RENTAL] SoftBank 601HW [WHITE] Premium 50GB,1,,,,,,,,[282 Days RENTAL] SoftBank 601HW [WHITE] Premium 50GB,sl.jpg,*,sl.jpg,sl.jpg,,,,,,,,,,,,,,,,,,,,,,0,1,sl_281_in_bt,,1,,51000,55440,,5,,,,,,,,,,,,,,,,,17,SoftBank 601HW プレミアム50GB
1151,,9,7,Yes (+ 50 JPY / Day),Yes (+ 540 JPY),,,[283 Days RENTAL] SoftBank 601HW [WHITE] Premium 50GB,1,,,,,,,,[283 Days RENTAL] SoftBank 601HW [WHITE] Premium 50GB,sl.jpg,*,sl.jpg,sl.jpg,,,,,,,,,,,,,,,,,,,,,,0,1,sl_282_in_bt,,1,,51000,55440,,5,,,,,,,,,,,,,,,,,17,SoftBank 601HW プレミアム50GB
1152,,9,7,Yes (+ 50 JPY / Day),Yes (+ 540 JPY),,,[284 Days RENTAL] SoftBank 601HW [WHITE] Premium 50GB,1,,,,,,,,[284 Days RENTAL] SoftBank 601HW [WHITE] Premium 50GB,sl.jpg,*,sl.jpg,sl.jpg,,,,,,,,,,,,,,,,,,,,,,0,1,sl_283_in_bt,,1,,51000,55440,,5,,,,,,,,,,,,,,,,,17,SoftBank 601HW プレミアム50GB
1153,,9,7,Yes (+ 50 JPY / Day),Yes (+ 540 JPY),,,[285 Days RENTAL] SoftBank 601HW [WHITE] Premium 50GB,1,,,,,,,,[285 Days RENTAL] SoftBank 601HW [WHITE] Premium 50GB,sl.jpg,*,sl.jpg,sl.jpg,,,,,,,,,,,,,,,,,,,,,,0,1,sl_284_in_bt,,1,,51000,55440,,5,,,,,,,,,,,,,,,,,17,SoftBank 601HW プレミアム50GB
1154,,9,7,Yes (+ 50 JPY / Day),Yes (+ 540 JPY),,,[286 Days RENTAL] SoftBank 601HW [WHITE] Premium 50GB,1,,,,,,,,[286 Days RENTAL] SoftBank 601HW [WHITE] Premium 50GB,sl.jpg,*,sl.jpg,sl.jpg,,,,,,,,,,,,,,,,,,,,,,0,1,sl_285_in_bt,,1,,51000,55440,,5,,,,,,,,,,,,,,,,,17,SoftBank 601HW プレミアム50GB
1155,,9,7,Yes (+ 50 JPY / Day),Yes (+ 540 JPY),,,[287 Days RENTAL] SoftBank 601HW [WHITE] Premium 50GB,1,,,,,,,,[287 Days RENTAL] SoftBank 601HW [WHITE] Premium 50GB,sl.jpg,*,sl.jpg,sl.jpg,,,,,,,,,,,,,,,,,,,,,,0,1,sl_286_in_bt,,1,,51000,55440,,5,,,,,,,,,,,,,,,,,17,SoftBank 601HW プレミアム50GB
1156,,9,7,Yes (+ 50 JPY / Day),Yes (+ 540 JPY),,,[288 Days RENTAL] SoftBank 601HW [WHITE] Premium 50GB,1,,,,,,,,[288 Days RENTAL] SoftBank 601HW [WHITE] Premium 50GB,sl.jpg,*,sl.jpg,sl.jpg,,,,,,,,,,,,,,,,,,,,,,0,1,sl_287_in_bt,,1,,51000,55440,,5,,,,,,,,,,,,,,,,,17,SoftBank 601HW プレミアム50GB
1157,,9,7,Yes (+ 50 JPY / Day),Yes (+ 540 JPY),,,[289 Days RENTAL] SoftBank 601HW [WHITE] Premium 50GB,1,,,,,,,,[289 Days RENTAL] SoftBank 601HW [WHITE] Premium 50GB,sl.jpg,*,sl.jpg,sl.jpg,,,,,,,,,,,,,,,,,,,,,,0,1,sl_288_in_bt,,1,,51000,55440,,5,,,,,,,,,,,,,,,,,17,SoftBank 601HW プレミアム50GB
1158,,9,7,Yes (+ 50 JPY / Day),Yes (+ 540 JPY),,,[290 Days RENTAL] SoftBank 601HW [WHITE] Premium 50GB,1,,,,,,,,[290 Days RENTAL] SoftBank 601HW [WHITE] Premium 50GB,sl.jpg,*,sl.jpg,sl.jpg,,,,,,,,,,,,,,,,,,,,,,0,1,sl_289_in_bt,,1,,51000,55440,,5,,,,,,,,,,,,,,,,,17,SoftBank 601HW プレミアム50GB
1159,,9,7,Yes (+ 50 JPY / Day),Yes (+ 540 JPY),,,[291 Days RENTAL] SoftBank 601HW [WHITE] Premium 50GB,1,,,,,,,,[291 Days RENTAL] SoftBank 601HW [WHITE] Premium 50GB,sl.jpg,*,sl.jpg,sl.jpg,,,,,,,,,,,,,,,,,,,,,,0,1,sl_290_in_bt,,1,,51000,55440,,5,,,,,,,,,,,,,,,,,17,SoftBank 601HW プレミアム50GB
1160,,9,7,Yes (+ 50 JPY / Day),Yes (+ 540 JPY),,,[292 Days RENTAL] SoftBank 601HW [WHITE] Premium 50GB,1,,,,,,,,[292 Days RENTAL] SoftBank 601HW [WHITE] Premium 50GB,sl.jpg,*,sl.jpg,sl.jpg,,,,,,,,,,,,,,,,,,,,,,0,1,sl_291_in_bt,,1,,51000,55440,,5,,,,,,,,,,,,,,,,,17,SoftBank 601HW プレミアム50GB
1161,,9,7,Yes (+ 50 JPY / Day),Yes (+ 540 JPY),,,[293 Days RENTAL] SoftBank 601HW [WHITE] Premium 50GB,1,,,,,,,,[293 Days RENTAL] SoftBank 601HW [WHITE] Premium 50GB,sl.jpg,*,sl.jpg,sl.jpg,,,,,,,,,,,,,,,,,,,,,,0,1,sl_292_in_bt,,1,,51000,55440,,5,,,,,,,,,,,,,,,,,17,SoftBank 601HW プレミアム50GB
1162,,9,7,Yes (+ 50 JPY / Day),Yes (+ 540 JPY),,,[294 Days RENTAL] SoftBank 601HW [WHITE] Premium 50GB,1,,,,,,,,[294 Days RENTAL] SoftBank 601HW [WHITE] Premium 50GB,sl.jpg,*,sl.jpg,sl.jpg,,,,,,,,,,,,,,,,,,,,,,0,1,sl_293_in_bt,,1,,51000,55440,,5,,,,,,,,,,,,,,,,,17,SoftBank 601HW プレミアム50GB
1163,,9,7,Yes (+ 50 JPY / Day),Yes (+ 540 JPY),,,[295 Days RENTAL] SoftBank 601HW [WHITE] Premium 50GB,1,,,,,,,,[295 Days RENTAL] SoftBank 601HW [WHITE] Premium 50GB,sl.jpg,*,sl.jpg,sl.jpg,,,,,,,,,,,,,,,,,,,,,,0,1,sl_294_in_bt,,1,,51000,55440,,5,,,,,,,,,,,,,,,,,17,SoftBank 601HW プレミアム50GB
1164,,9,7,Yes (+ 50 JPY / Day),Yes (+ 540 JPY),,,[296 Days RENTAL] SoftBank 601HW [WHITE] Premium 50GB,1,,,,,,,,[296 Days RENTAL] SoftBank 601HW [WHITE] Premium 50GB,sl.jpg,*,sl.jpg,sl.jpg,,,,,,,,,,,,,,,,,,,,,,0,1,sl_295_in_bt,,1,,51000,55440,,5,,,,,,,,,,,,,,,,,17,SoftBank 601HW プレミアム50GB
1165,,9,7,Yes (+ 50 JPY / Day),Yes (+ 540 JPY),,,[297 Days RENTAL] SoftBank 601HW [WHITE] Premium 50GB,1,,,,,,,,[297 Days RENTAL] SoftBank 601HW [WHITE] Premium 50GB,sl.jpg,*,sl.jpg,sl.jpg,,,,,,,,,,,,,,,,,,,,,,0,1,sl_296_in_bt,,1,,51000,55440,,5,,,,,,,,,,,,,,,,,17,SoftBank 601HW プレミアム50GB
1166,,9,7,Yes (+ 50 JPY / Day),Yes (+ 540 JPY),,,[298 Days RENTAL] SoftBank 601HW [WHITE] Premium 50GB,1,,,,,,,,[298 Days RENTAL] SoftBank 601HW [WHITE] Premium 50GB,sl.jpg,*,sl.jpg,sl.jpg,,,,,,,,,,,,,,,,,,,,,,0,1,sl_297_in_bt,,1,,51000,55440,,5,,,,,,,,,,,,,,,,,17,SoftBank 601HW プレミアム50GB
1167,,9,7,Yes (+ 50 JPY / Day),Yes (+ 540 JPY),,,[299 Days RENTAL] SoftBank 601HW [WHITE] Premium 50GB,1,,,,,,,,[299 Days RENTAL] SoftBank 601HW [WHITE] Premium 50GB,sl.jpg,*,sl.jpg,sl.jpg,,,,,,,,,,,,,,,,,,,,,,0,1,sl_298_in_bt,,1,,51000,55440,,5,,,,,,,,,,,,,,,,,17,SoftBank 601HW プレミアム50GB
1168,,9,7,Yes (+ 50 JPY / Day),Yes (+ 540 JPY),,,[300 Days RENTAL] SoftBank 601HW [WHITE] Premium 50GB,1,,,,,,,,[300 Days RENTAL] SoftBank 601HW [WHITE] Premium 50GB,sl.jpg,*,sl.jpg,sl.jpg,,,,,,,,,,,,,,,,,,,,,,0,1,sl_299_in_bt,,1,,51000,55440,,5,,,,,,,,,,,,,,,,,17,SoftBank 601HW プレミアム50GB
1169,,9,7,Yes (+ 50 JPY / Day),Yes (+ 540 JPY),,,[301 Days RENTAL] SoftBank 601HW [WHITE] Premium 50GB,1,,,,,,,,[301 Days RENTAL] SoftBank 601HW [WHITE] Premium 50GB,sl.jpg,*,sl.jpg,sl.jpg,,,,,,,,,,,,,,,,,,,,,,0,1,sl_300_in_bt,,1,,51000,55440,,5,,,,,,,,,,,,,,,,,17,SoftBank 601HW プレミアム50GB
1170,,9,7,Yes (+ 50 JPY / Day),Yes (+ 540 JPY),,,[302 Days RENTAL] SoftBank 601HW [WHITE] Premium 50GB,1,,,,,,,,[302 Days RENTAL] SoftBank 601HW [WHITE] Premium 50GB,sl.jpg,*,sl.jpg,sl.jpg,,,,,,,,,,,,,,,,,,,,,,0,1,sl_301_in_bt,,1,,51000,55440,,5,,,,,,,,,,,,,,,,,17,SoftBank 601HW プレミアム50GB
1171,,9,7,Yes (+ 50 JPY / Day),Yes (+ 540 JPY),,,[303 Days RENTAL] SoftBank 601HW [WHITE] Premium 50GB,1,,,,,,,,[303 Days RENTAL] SoftBank 601HW [WHITE] Premium 50GB,sl.jpg,*,sl.jpg,sl.jpg,,,,,,,,,,,,,,,,,,,,,,0,1,sl_302_in_bt,,1,,51550,56040,,5,,,,,,,,,,,,,,,,,17,SoftBank 601HW プレミアム50GB
1172,,9,7,Yes (+ 50 JPY / Day),Yes (+ 540 JPY),,,[304 Days RENTAL] SoftBank 601HW [WHITE] Premium 50GB,1,,,,,,,,[304 Days RENTAL] SoftBank 601HW [WHITE] Premium 50GB,sl.jpg,*,sl.jpg,sl.jpg,,,,,,,,,,,,,,,,,,,,,,0,1,sl_303_in_bt,,1,,52100,56640,,5,,,,,,,,,,,,,,,,,17,SoftBank 601HW プレミアム50GB
1173,,9,7,Yes (+ 50 JPY / Day),Yes (+ 540 JPY),,,[305 Days RENTAL] SoftBank 601HW [WHITE] Premium 50GB,1,,,,,,,,[305 Days RENTAL] SoftBank 601HW [WHITE] Premium 50GB,sl.jpg,*,sl.jpg,sl.jpg,,,,,,,,,,,,,,,,,,,,,,0,1,sl_304_in_bt,,1,,52650,57240,,5,,,,,,,,,,,,,,,,,17,SoftBank 601HW プレミアム50GB
1174,,9,7,Yes (+ 50 JPY / Day),Yes (+ 540 JPY),,,[306 Days RENTAL] SoftBank 601HW [WHITE] Premium 50GB,1,,,,,,,,[306 Days RENTAL] SoftBank 601HW [WHITE] Premium 50GB,sl.jpg,*,sl.jpg,sl.jpg,,,,,,,,,,,,,,,,,,,,,,0,1,sl_305_in_bt,,1,,53200,57840,,5,,,,,,,,,,,,,,,,,17,SoftBank 601HW プレミアム50GB
1175,,9,7,Yes (+ 50 JPY / Day),Yes (+ 540 JPY),,,[307 Days RENTAL] SoftBank 601HW [WHITE] Premium 50GB,1,,,,,,,,[307 Days RENTAL] SoftBank 601HW [WHITE] Premium 50GB,sl.jpg,*,sl.jpg,sl.jpg,,,,,,,,,,,,,,,,,,,,,,0,1,sl_306_in_bt,,1,,53500,58240,,5,,,,,,,,,,,,,,,,,17,SoftBank 601HW プレミアム50GB
1176,,9,7,Yes (+ 50 JPY / Day),Yes (+ 540 JPY),,,[308 Days RENTAL] SoftBank 601HW [WHITE] Premium 50GB,1,,,,,,,,[308 Days RENTAL] SoftBank 601HW [WHITE] Premium 50GB,sl.jpg,*,sl.jpg,sl.jpg,,,,,,,,,,,,,,,,,,,,,,0,1,sl_307_in_bt,,1,,53500,58240,,5,,,,,,,,,,,,,,,,,17,SoftBank 601HW プレミアム50GB
1177,,9,7,Yes (+ 50 JPY / Day),Yes (+ 540 JPY),,,[309 Days RENTAL] SoftBank 601HW [WHITE] Premium 50GB,1,,,,,,,,[309 Days RENTAL] SoftBank 601HW [WHITE] Premium 50GB,sl.jpg,*,sl.jpg,sl.jpg,,,,,,,,,,,,,,,,,,,,,,0,1,sl_308_in_bt,,1,,53500,58240,,5,,,,,,,,,,,,,,,,,17,SoftBank 601HW プレミアム50GB
1178,,9,7,Yes (+ 50 JPY / Day),Yes (+ 540 JPY),,,[310 Days RENTAL] SoftBank 601HW [WHITE] Premium 50GB,1,,,,,,,,[310 Days RENTAL] SoftBank 601HW [WHITE] Premium 50GB,sl.jpg,*,sl.jpg,sl.jpg,,,,,,,,,,,,,,,,,,,,,,0,1,sl_309_in_bt,,1,,53500,58240,,5,,,,,,,,,,,,,,,,,17,SoftBank 601HW プレミアム50GB
1179,,9,7,Yes (+ 50 JPY / Day),Yes (+ 540 JPY),,,[311 Days RENTAL] SoftBank 601HW [WHITE] Premium 50GB,1,,,,,,,,[311 Days RENTAL] SoftBank 601HW [WHITE] Premium 50GB,sl.jpg,*,sl.jpg,sl.jpg,,,,,,,,,,,,,,,,,,,,,,0,1,sl_310_in_bt,,1,,53500,58240,,5,,,,,,,,,,,,,,,,,17,SoftBank 601HW プレミアム50GB
1180,,9,7,Yes (+ 50 JPY / Day),Yes (+ 540 JPY),,,[312 Days RENTAL] SoftBank 601HW [WHITE] Premium 50GB,1,,,,,,,,[312 Days RENTAL] SoftBank 601HW [WHITE] Premium 50GB,sl.jpg,*,sl.jpg,sl.jpg,,,,,,,,,,,,,,,,,,,,,,0,1,sl_311_in_bt,,1,,53500,58240,,5,,,,,,,,,,,,,,,,,17,SoftBank 601HW プレミアム50GB
1181,,9,7,Yes (+ 50 JPY / Day),Yes (+ 540 JPY),,,[313 Days RENTAL] SoftBank 601HW [WHITE] Premium 50GB,1,,,,,,,,[313 Days RENTAL] SoftBank 601HW [WHITE] Premium 50GB,sl.jpg,*,sl.jpg,sl.jpg,,,,,,,,,,,,,,,,,,,,,,0,1,sl_312_in_bt,,1,,53500,58240,,5,,,,,,,,,,,,,,,,,17,SoftBank 601HW プレミアム50GB
1182,,9,7,Yes (+ 50 JPY / Day),Yes (+ 540 JPY),,,[314 Days RENTAL] SoftBank 601HW [WHITE] Premium 50GB,1,,,,,,,,[314 Days RENTAL] SoftBank 601HW [WHITE] Premium 50GB,sl.jpg,*,sl.jpg,sl.jpg,,,,,,,,,,,,,,,,,,,,,,0,1,sl_313_in_bt,,1,,53500,58240,,5,,,,,,,,,,,,,,,,,17,SoftBank 601HW プレミアム50GB
1183,,9,7,Yes (+ 50 JPY / Day),Yes (+ 540 JPY),,,[315 Days RENTAL] SoftBank 601HW [WHITE] Premium 50GB,1,,,,,,,,[315 Days RENTAL] SoftBank 601HW [WHITE] Premium 50GB,sl.jpg,*,sl.jpg,sl.jpg,,,,,,,,,,,,,,,,,,,,,,0,1,sl_314_in_bt,,1,,53500,58240,,5,,,,,,,,,,,,,,,,,17,SoftBank 601HW プレミアム50GB
1184,,9,7,Yes (+ 50 JPY / Day),Yes (+ 540 JPY),,,[316 Days RENTAL] SoftBank 601HW [WHITE] Premium 50GB,1,,,,,,,,[316 Days RENTAL] SoftBank 601HW [WHITE] Premium 50GB,sl.jpg,*,sl.jpg,sl.jpg,,,,,,,,,,,,,,,,,,,,,,0,1,sl_315_in_bt,,1,,53500,58240,,5,,,,,,,,,,,,,,,,,17,SoftBank 601HW プレミアム50GB
1185,,9,7,Yes (+ 50 JPY / Day),Yes (+ 540 JPY),,,[317 Days RENTAL] SoftBank 601HW [WHITE] Premium 50GB,1,,,,,,,,[317 Days RENTAL] SoftBank 601HW [WHITE] Premium 50GB,sl.jpg,*,sl.jpg,sl.jpg,,,,,,,,,,,,,,,,,,,,,,0,1,sl_316_in_bt,,1,,53500,58240,,5,,,,,,,,,,,,,,,,,17,SoftBank 601HW プレミアム50GB
1186,,9,7,Yes (+ 50 JPY / Day),Yes (+ 540 JPY),,,[318 Days RENTAL] SoftBank 601HW [WHITE] Premium 50GB,1,,,,,,,,[318 Days RENTAL] SoftBank 601HW [WHITE] Premium 50GB,sl.jpg,*,sl.jpg,sl.jpg,,,,,,,,,,,,,,,,,,,,,,0,1,sl_317_in_bt,,1,,53500,58240,,5,,,,,,,,,,,,,,,,,17,SoftBank 601HW プレミアム50GB
1187,,9,7,Yes (+ 50 JPY / Day),Yes (+ 540 JPY),,,[319 Days RENTAL] SoftBank 601HW [WHITE] Premium 50GB,1,,,,,,,,[319 Days RENTAL] SoftBank 601HW [WHITE] Premium 50GB,sl.jpg,*,sl.jpg,sl.jpg,,,,,,,,,,,,,,,,,,,,,,0,1,sl_318_in_bt,,1,,53500,58240,,5,,,,,,,,,,,,,,,,,17,SoftBank 601HW プレミアム50GB
1188,,9,7,Yes (+ 50 JPY / Day),Yes (+ 540 JPY),,,[320 Days RENTAL] SoftBank 601HW [WHITE] Premium 50GB,1,,,,,,,,[320 Days RENTAL] SoftBank 601HW [WHITE] Premium 50GB,sl.jpg,*,sl.jpg,sl.jpg,,,,,,,,,,,,,,,,,,,,,,0,1,sl_319_in_bt,,1,,53500,58240,,5,,,,,,,,,,,,,,,,,17,SoftBank 601HW プレミアム50GB
1189,,9,7,Yes (+ 50 JPY / Day),Yes (+ 540 JPY),,,[321 Days RENTAL] SoftBank 601HW [WHITE] Premium 50GB,1,,,,,,,,[321 Days RENTAL] SoftBank 601HW [WHITE] Premium 50GB,sl.jpg,*,sl.jpg,sl.jpg,,,,,,,,,,,,,,,,,,,,,,0,1,sl_320_in_bt,,1,,53500,58240,,5,,,,,,,,,,,,,,,,,17,SoftBank 601HW プレミアム50GB
1190,,9,7,Yes (+ 50 JPY / Day),Yes (+ 540 JPY),,,[322 Days RENTAL] SoftBank 601HW [WHITE] Premium 50GB,1,,,,,,,,[322 Days RENTAL] SoftBank 601HW [WHITE] Premium 50GB,sl.jpg,*,sl.jpg,sl.jpg,,,,,,,,,,,,,,,,,,,,,,0,1,sl_321_in_bt,,1,,53500,58240,,5,,,,,,,,,,,,,,,,,17,SoftBank 601HW プレミアム50GB
1191,,9,7,Yes (+ 50 JPY / Day),Yes (+ 540 JPY),,,[323 Days RENTAL] SoftBank 601HW [WHITE] Premium 50GB,1,,,,,,,,[323 Days RENTAL] SoftBank 601HW [WHITE] Premium 50GB,sl.jpg,*,sl.jpg,sl.jpg,,,,,,,,,,,,,,,,,,,,,,0,1,sl_322_in_bt,,1,,53500,58240,,5,,,,,,,,,,,,,,,,,17,SoftBank 601HW プレミアム50GB
1192,,9,7,Yes (+ 50 JPY / Day),Yes (+ 540 JPY),,,[324 Days RENTAL] SoftBank 601HW [WHITE] Premium 50GB,1,,,,,,,,[324 Days RENTAL] SoftBank 601HW [WHITE] Premium 50GB,sl.jpg,*,sl.jpg,sl.jpg,,,,,,,,,,,,,,,,,,,,,,0,1,sl_323_in_bt,,1,,53500,58240,,5,,,,,,,,,,,,,,,,,17,SoftBank 601HW プレミアム50GB
1193,,9,7,Yes (+ 50 JPY / Day),Yes (+ 540 JPY),,,[325 Days RENTAL] SoftBank 601HW [WHITE] Premium 50GB,1,,,,,,,,[325 Days RENTAL] SoftBank 601HW [WHITE] Premium 50GB,sl.jpg,*,sl.jpg,sl.jpg,,,,,,,,,,,,,,,,,,,,,,0,1,sl_324_in_bt,,1,,53500,58240,,5,,,,,,,,,,,,,,,,,17,SoftBank 601HW プレミアム50GB
1194,,9,7,Yes (+ 50 JPY / Day),Yes (+ 540 JPY),,,[326 Days RENTAL] SoftBank 601HW [WHITE] Premium 50GB,1,,,,,,,,[326 Days RENTAL] SoftBank 601HW [WHITE] Premium 50GB,sl.jpg,*,sl.jpg,sl.jpg,,,,,,,,,,,,,,,,,,,,,,0,1,sl_325_in_bt,,1,,53500,58240,,5,,,,,,,,,,,,,,,,,17,SoftBank 601HW プレミアム50GB
1195,,9,7,Yes (+ 50 JPY / Day),Yes (+ 540 JPY),,,[327 Days RENTAL] SoftBank 601HW [WHITE] Premium 50GB,1,,,,,,,,[327 Days RENTAL] SoftBank 601HW [WHITE] Premium 50GB,sl.jpg,*,sl.jpg,sl.jpg,,,,,,,,,,,,,,,,,,,,,,0,1,sl_326_in_bt,,1,,53500,58240,,5,,,,,,,,,,,,,,,,,17,SoftBank 601HW プレミアム50GB
1196,,9,7,Yes (+ 50 JPY / Day),Yes (+ 540 JPY),,,[328 Days RENTAL] SoftBank 601HW [WHITE] Premium 50GB,1,,,,,,,,[328 Days RENTAL] SoftBank 601HW [WHITE] Premium 50GB,sl.jpg,*,sl.jpg,sl.jpg,,,,,,,,,,,,,,,,,,,,,,0,1,sl_327_in_bt,,1,,53500,58240,,5,,,,,,,,,,,,,,,,,17,SoftBank 601HW プレミアム50GB
1197,,9,7,Yes (+ 50 JPY / Day),Yes (+ 540 JPY),,,[329 Days RENTAL] SoftBank 601HW [WHITE] Premium 50GB,1,,,,,,,,[329 Days RENTAL] SoftBank 601HW [WHITE] Premium 50GB,sl.jpg,*,sl.jpg,sl.jpg,,,,,,,,,,,,,,,,,,,,,,0,1,sl_328_in_bt,,1,,53500,58240,,5,,,,,,,,,,,,,,,,,17,SoftBank 601HW プレミアム50GB
1198,,9,7,Yes (+ 50 JPY / Day),Yes (+ 540 JPY),,,[330 Days RENTAL] SoftBank 601HW [WHITE] Premium 50GB,1,,,,,,,,[330 Days RENTAL] SoftBank 601HW [WHITE] Premium 50GB,sl.jpg,*,sl.jpg,sl.jpg,,,,,,,,,,,,,,,,,,,,,,0,1,sl_329_in_bt,,1,,53500,58240,,5,,,,,,,,,,,,,,,,,17,SoftBank 601HW プレミアム50GB
1199,,9,7,Yes (+ 50 JPY / Day),Yes (+ 540 JPY),,,[331 Days RENTAL] SoftBank 601HW [WHITE] Premium 50GB,1,,,,,,,,[331 Days RENTAL] SoftBank 601HW [WHITE] Premium 50GB,sl.jpg,*,sl.jpg,sl.jpg,,,,,,,,,,,,,,,,,,,,,,0,1,sl_330_in_bt,,1,,53500,58240,,5,,,,,,,,,,,,,,,,,17,SoftBank 601HW プレミアム50GB
1200,,9,7,Yes (+ 50 JPY / Day),Yes (+ 540 JPY),,,[332 Days RENTAL] SoftBank 601HW [WHITE] Premium 50GB,1,,,,,,,,[332 Days RENTAL] SoftBank 601HW [WHITE] Premium 50GB,sl.jpg,*,sl.jpg,sl.jpg,,,,,,,,,,,,,,,,,,,,,,0,1,sl_331_in_bt,,1,,53500,58240,,5,,,,,,,,,,,,,,,,,17,SoftBank 601HW プレミアム50GB
1201,,9,7,Yes (+ 50 JPY / Day),Yes (+ 540 JPY),,,[333 Days RENTAL] SoftBank 601HW [WHITE] Premium 50GB,1,,,,,,,,[333 Days RENTAL] SoftBank 601HW [WHITE] Premium 50GB,sl.jpg,*,sl.jpg,sl.jpg,,,,,,,,,,,,,,,,,,,,,,0,1,sl_332_in_bt,,1,,54050,58840,,5,,,,,,,,,,,,,,,,,17,SoftBank 601HW プレミアム50GB
1202,,9,7,Yes (+ 50 JPY / Day),Yes (+ 540 JPY),,,[334 Days RENTAL] SoftBank 601HW [WHITE] Premium 50GB,1,,,,,,,,[334 Days RENTAL] SoftBank 601HW [WHITE] Premium 50GB,sl.jpg,*,sl.jpg,sl.jpg,,,,,,,,,,,,,,,,,,,,,,0,1,sl_333_in_bt,,1,,54600,59440,,5,,,,,,,,,,,,,,,,,17,SoftBank 601HW プレミアム50GB
1203,,9,7,Yes (+ 50 JPY / Day),Yes (+ 540 JPY),,,[335 Days RENTAL] SoftBank 601HW [WHITE] Premium 50GB,1,,,,,,,,[335 Days RENTAL] SoftBank 601HW [WHITE] Premium 50GB,sl.jpg,*,sl.jpg,sl.jpg,,,,,,,,,,,,,,,,,,,,,,0,1,sl_334_in_bt,,1,,55150,60040,,5,,,,,,,,,,,,,,,,,17,SoftBank 601HW プレミアム50GB
1204,,9,7,Yes (+ 50 JPY / Day),Yes (+ 540 JPY),,,[336 Days RENTAL] SoftBank 601HW [WHITE] Premium 50GB,1,,,,,,,,[336 Days RENTAL] SoftBank 601HW [WHITE] Premium 50GB,sl.jpg,*,sl.jpg,sl.jpg,,,,,,,,,,,,,,,,,,,,,,0,1,sl_335_in_bt,,1,,55700,60640,,5,,,,,,,,,,,,,,,,,17,SoftBank 601HW プレミアム50GB
1205,,9,7,Yes (+ 50 JPY / Day),Yes (+ 540 JPY),,,[337 Days RENTAL] SoftBank 601HW [WHITE] Premium 50GB,1,,,,,,,,[337 Days RENTAL] SoftBank 601HW [WHITE] Premium 50GB,sl.jpg,*,sl.jpg,sl.jpg,,,,,,,,,,,,,,,,,,,,,,0,1,sl_336_in_bt,,1,,56000,61040,,5,,,,,,,,,,,,,,,,,17,SoftBank 601HW プレミアム50GB
1206,,9,7,Yes (+ 50 JPY / Day),Yes (+ 540 JPY),,,[338 Days RENTAL] SoftBank 601HW [WHITE] Premium 50GB,1,,,,,,,,[338 Days RENTAL] SoftBank 601HW [WHITE] Premium 50GB,sl.jpg,*,sl.jpg,sl.jpg,,,,,,,,,,,,,,,,,,,,,,0,1,sl_337_in_bt,,1,,56000,61040,,5,,,,,,,,,,,,,,,,,17,SoftBank 601HW プレミアム50GB
1207,,9,7,Yes (+ 50 JPY / Day),Yes (+ 540 JPY),,,[339 Days RENTAL] SoftBank 601HW [WHITE] Premium 50GB,1,,,,,,,,[339 Days RENTAL] SoftBank 601HW [WHITE] Premium 50GB,sl.jpg,*,sl.jpg,sl.jpg,,,,,,,,,,,,,,,,,,,,,,0,1,sl_338_in_bt,,1,,56000,61040,,5,,,,,,,,,,,,,,,,,17,SoftBank 601HW プレミアム50GB
1208,,9,7,Yes (+ 50 JPY / Day),Yes (+ 540 JPY),,,[340 Days RENTAL] SoftBank 601HW [WHITE] Premium 50GB,1,,,,,,,,[340 Days RENTAL] SoftBank 601HW [WHITE] Premium 50GB,sl.jpg,*,sl.jpg,sl.jpg,,,,,,,,,,,,,,,,,,,,,,0,1,sl_339_in_bt,,1,,56000,61040,,5,,,,,,,,,,,,,,,,,17,SoftBank 601HW プレミアム50GB
1209,,9,7,Yes (+ 50 JPY / Day),Yes (+ 540 JPY),,,[341 Days RENTAL] SoftBank 601HW [WHITE] Premium 50GB,1,,,,,,,,[341 Days RENTAL] SoftBank 601HW [WHITE] Premium 50GB,sl.jpg,*,sl.jpg,sl.jpg,,,,,,,,,,,,,,,,,,,,,,0,1,sl_340_in_bt,,1,,56000,61040,,5,,,,,,,,,,,,,,,,,17,SoftBank 601HW プレミアム50GB
1210,,9,7,Yes (+ 50 JPY / Day),Yes (+ 540 JPY),,,[342 Days RENTAL] SoftBank 601HW [WHITE] Premium 50GB,1,,,,,,,,[342 Days RENTAL] SoftBank 601HW [WHITE] Premium 50GB,sl.jpg,*,sl.jpg,sl.jpg,,,,,,,,,,,,,,,,,,,,,,0,1,sl_341_in_bt,,1,,56000,61040,,5,,,,,,,,,,,,,,,,,17,SoftBank 601HW プレミアム50GB
1211,,9,7,Yes (+ 50 JPY / Day),Yes (+ 540 JPY),,,[343 Days RENTAL] SoftBank 601HW [WHITE] Premium 50GB,1,,,,,,,,[343 Days RENTAL] SoftBank 601HW [WHITE] Premium 50GB,sl.jpg,*,sl.jpg,sl.jpg,,,,,,,,,,,,,,,,,,,,,,0,1,sl_342_in_bt,,1,,56000,61040,,5,,,,,,,,,,,,,,,,,17,SoftBank 601HW プレミアム50GB
1212,,9,7,Yes (+ 50 JPY / Day),Yes (+ 540 JPY),,,[344 Days RENTAL] SoftBank 601HW [WHITE] Premium 50GB,1,,,,,,,,[344 Days RENTAL] SoftBank 601HW [WHITE] Premium 50GB,sl.jpg,*,sl.jpg,sl.jpg,,,,,,,,,,,,,,,,,,,,,,0,1,sl_343_in_bt,,1,,56000,61040,,5,,,,,,,,,,,,,,,,,17,SoftBank 601HW プレミアム50GB
1213,,9,7,Yes (+ 50 JPY / Day),Yes (+ 540 JPY),,,[345 Days RENTAL] SoftBank 601HW [WHITE] Premium 50GB,1,,,,,,,,[345 Days RENTAL] SoftBank 601HW [WHITE] Premium 50GB,sl.jpg,*,sl.jpg,sl.jpg,,,,,,,,,,,,,,,,,,,,,,0,1,sl_344_in_bt,,1,,56000,61040,,5,,,,,,,,,,,,,,,,,17,SoftBank 601HW プレミアム50GB
1214,,9,7,Yes (+ 50 JPY / Day),Yes (+ 540 JPY),,,[346 Days RENTAL] SoftBank 601HW [WHITE] Premium 50GB,1,,,,,,,,[346 Days RENTAL] SoftBank 601HW [WHITE] Premium 50GB,sl.jpg,*,sl.jpg,sl.jpg,,,,,,,,,,,,,,,,,,,,,,0,1,sl_345_in_bt,,1,,56000,61040,,5,,,,,,,,,,,,,,,,,17,SoftBank 601HW プレミアム50GB
1215,,9,7,Yes (+ 50 JPY / Day),Yes (+ 540 JPY),,,[347 Days RENTAL] SoftBank 601HW [WHITE] Premium 50GB,1,,,,,,,,[347 Days RENTAL] SoftBank 601HW [WHITE] Premium 50GB,sl.jpg,*,sl.jpg,sl.jpg,,,,,,,,,,,,,,,,,,,,,,0,1,sl_346_in_bt,,1,,56000,61040,,5,,,,,,,,,,,,,,,,,17,SoftBank 601HW プレミアム50GB
1216,,9,7,Yes (+ 50 JPY / Day),Yes (+ 540 JPY),,,[348 Days RENTAL] SoftBank 601HW [WHITE] Premium 50GB,1,,,,,,,,[348 Days RENTAL] SoftBank 601HW [WHITE] Premium 50GB,sl.jpg,*,sl.jpg,sl.jpg,,,,,,,,,,,,,,,,,,,,,,0,1,sl_347_in_bt,,1,,56000,61040,,5,,,,,,,,,,,,,,,,,17,SoftBank 601HW プレミアム50GB
1217,,9,7,Yes (+ 50 JPY / Day),Yes (+ 540 JPY),,,[349 Days RENTAL] SoftBank 601HW [WHITE] Premium 50GB,1,,,,,,,,[349 Days RENTAL] SoftBank 601HW [WHITE] Premium 50GB,sl.jpg,*,sl.jpg,sl.jpg,,,,,,,,,,,,,,,,,,,,,,0,1,sl_348_in_bt,,1,,56000,61040,,5,,,,,,,,,,,,,,,,,17,SoftBank 601HW プレミアム50GB
1218,,9,7,Yes (+ 50 JPY / Day),Yes (+ 540 JPY),,,[350 Days RENTAL] SoftBank 601HW [WHITE] Premium 50GB,1,,,,,,,,[350 Days RENTAL] SoftBank 601HW [WHITE] Premium 50GB,sl.jpg,*,sl.jpg,sl.jpg,,,,,,,,,,,,,,,,,,,,,,0,1,sl_349_in_bt,,1,,56000,61040,,5,,,,,,,,,,,,,,,,,17,SoftBank 601HW プレミアム50GB
1219,,9,7,Yes (+ 50 JPY / Day),Yes (+ 540 JPY),,,[351 Days RENTAL] SoftBank 601HW [WHITE] Premium 50GB,1,,,,,,,,[351 Days RENTAL] SoftBank 601HW [WHITE] Premium 50GB,sl.jpg,*,sl.jpg,sl.jpg,,,,,,,,,,,,,,,,,,,,,,0,1,sl_350_in_bt,,1,,56000,61040,,5,,,,,,,,,,,,,,,,,17,SoftBank 601HW プレミアム50GB
1220,,9,7,Yes (+ 50 JPY / Day),Yes (+ 540 JPY),,,[352 Days RENTAL] SoftBank 601HW [WHITE] Premium 50GB,1,,,,,,,,[352 Days RENTAL] SoftBank 601HW [WHITE] Premium 50GB,sl.jpg,*,sl.jpg,sl.jpg,,,,,,,,,,,,,,,,,,,,,,0,1,sl_351_in_bt,,1,,56000,61040,,5,,,,,,,,,,,,,,,,,17,SoftBank 601HW プレミアム50GB
1221,,9,7,Yes (+ 50 JPY / Day),Yes (+ 540 JPY),,,[353 Days RENTAL] SoftBank 601HW [WHITE] Premium 50GB,1,,,,,,,,[353 Days RENTAL] SoftBank 601HW [WHITE] Premium 50GB,sl.jpg,*,sl.jpg,sl.jpg,,,,,,,,,,,,,,,,,,,,,,0,1,sl_352_in_bt,,1,,56000,61040,,5,,,,,,,,,,,,,,,,,17,SoftBank 601HW プレミアム50GB
1222,,9,7,Yes (+ 50 JPY / Day),Yes (+ 540 JPY),,,[354 Days RENTAL] SoftBank 601HW [WHITE] Premium 50GB,1,,,,,,,,[354 Days RENTAL] SoftBank 601HW [WHITE] Premium 50GB,sl.jpg,*,sl.jpg,sl.jpg,,,,,,,,,,,,,,,,,,,,,,0,1,sl_353_in_bt,,1,,56000,61040,,5,,,,,,,,,,,,,,,,,17,SoftBank 601HW プレミアム50GB
1223,,9,7,Yes (+ 50 JPY / Day),Yes (+ 540 JPY),,,[355 Days RENTAL] SoftBank 601HW [WHITE] Premium 50GB,1,,,,,,,,[355 Days RENTAL] SoftBank 601HW [WHITE] Premium 50GB,sl.jpg,*,sl.jpg,sl.jpg,,,,,,,,,,,,,,,,,,,,,,0,1,sl_354_in_bt,,1,,56000,61040,,5,,,,,,,,,,,,,,,,,17,SoftBank 601HW プレミアム50GB
1224,,9,7,Yes (+ 50 JPY / Day),Yes (+ 540 JPY),,,[356 Days RENTAL] SoftBank 601HW [WHITE] Premium 50GB,1,,,,,,,,[356 Days RENTAL] SoftBank 601HW [WHITE] Premium 50GB,sl.jpg,*,sl.jpg,sl.jpg,,,,,,,,,,,,,,,,,,,,,,0,1,sl_355_in_bt,,1,,56000,61040,,5,,,,,,,,,,,,,,,,,17,SoftBank 601HW プレミアム50GB
1225,,9,7,Yes (+ 50 JPY / Day),Yes (+ 540 JPY),,,[357 Days RENTAL] SoftBank 601HW [WHITE] Premium 50GB,1,,,,,,,,[357 Days RENTAL] SoftBank 601HW [WHITE] Premium 50GB,sl.jpg,*,sl.jpg,sl.jpg,,,,,,,,,,,,,,,,,,,,,,0,1,sl_356_in_bt,,1,,56000,61040,,5,,,,,,,,,,,,,,,,,17,SoftBank 601HW プレミアム50GB
1226,,9,7,Yes (+ 50 JPY / Day),Yes (+ 540 JPY),,,[358 Days RENTAL] SoftBank 601HW [WHITE] Premium 50GB,1,,,,,,,,[358 Days RENTAL] SoftBank 601HW [WHITE] Premium 50GB,sl.jpg,*,sl.jpg,sl.jpg,,,,,,,,,,,,,,,,,,,,,,0,1,sl_357_in_bt,,1,,56000,61040,,5,,,,,,,,,,,,,,,,,17,SoftBank 601HW プレミアム50GB
1227,,9,7,Yes (+ 50 JPY / Day),Yes (+ 540 JPY),,,[359 Days RENTAL] SoftBank 601HW [WHITE] Premium 50GB,1,,,,,,,,[359 Days RENTAL] SoftBank 601HW [WHITE] Premium 50GB,sl.jpg,*,sl.jpg,sl.jpg,,,,,,,,,,,,,,,,,,,,,,0,1,sl_358_in_bt,,1,,56000,61040,,5,,,,,,,,,,,,,,,,,17,SoftBank 601HW プレミアム50GB
1228,,9,7,Yes (+ 50 JPY / Day),Yes (+ 540 JPY),,,[360 Days RENTAL] SoftBank 601HW [WHITE] Premium 50GB,1,,,,,,,,[360 Days RENTAL] SoftBank 601HW [WHITE] Premium 50GB,sl.jpg,*,sl.jpg,sl.jpg,,,,,,,,,,,,,,,,,,,,,,0,1,sl_359_in_bt,,1,,56000,61040,,5,,,,,,,,,,,,,,,,,17,SoftBank 601HW プレミアム50GB
1229,,9,7,Yes (+ 50 JPY / Day),Yes (+ 540 JPY),,,[361 Days RENTAL] SoftBank 601HW [WHITE] Premium 50GB,1,,,,,,,,[361 Days RENTAL] SoftBank 601HW [WHITE] Premium 50GB,sl.jpg,*,sl.jpg,sl.jpg,,,,,,,,,,,,,,,,,,,,,,0,1,sl_360_in_bt,,1,,56000,61040,,5,,,,,,,,,,,,,,,,,17,SoftBank 601HW プレミアム50GB
1230,,9,7,Yes (+ 50 JPY / Day),Yes (+ 540 JPY),,,[362 Days RENTAL] SoftBank 601HW [WHITE] Premium 50GB,1,,,,,,,,[362 Days RENTAL] SoftBank 601HW [WHITE] Premium 50GB,sl.jpg,*,sl.jpg,sl.jpg,,,,,,,,,,,,,,,,,,,,,,0,1,sl_361_in_bt,,1,,56000,61040,,5,,,,,,,,,,,,,,,,,17,SoftBank 601HW プレミアム50GB
1231,,9,7,Yes (+ 50 JPY / Day),Yes (+ 540 JPY),,,[363 Days RENTAL] SoftBank 601HW [WHITE] Premium 50GB,1,,,,,,,,[363 Days RENTAL] SoftBank 601HW [WHITE] Premium 50GB,sl.jpg,*,sl.jpg,sl.jpg,,,,,,,,,,,,,,,,,,,,,,0,1,sl_362_in_bt,,1,,56550,61640,,5,,,,,,,,,,,,,,,,,17,SoftBank 601HW プレミアム50GB
1232,,9,7,Yes (+ 50 JPY / Day),Yes (+ 540 JPY),,,[364 Days RENTAL] SoftBank 601HW [WHITE] Premium 50GB,1,,,,,,,,[364 Days RENTAL] SoftBank 601HW [WHITE] Premium 50GB,sl.jpg,*,sl.jpg,sl.jpg,,,,,,,,,,,,,,,,,,,,,,0,1,sl_363_in_bt,,1,,57100,62240,,5,,,,,,,,,,,,,,,,,17,SoftBank 601HW プレミアム50GB
1233,,9,7,Yes (+ 50 JPY / Day),Yes (+ 540 JPY),,,[365 Days RENTAL] SoftBank 601HW [WHITE] Premium 50GB,1,,,,,,,,[365 Days RENTAL] SoftBank 601HW [WHITE] Premium 50GB,sl.jpg,*,sl.jpg,sl.jpg,,,,,,,,,,,,,,,,,,,,,,0,1,sl_364_in_bt,,1,,57650,62840,,5,,,,,,,,,,,,,,,,,17,SoftBank 601HW プレミアム50GB