商品ID,商品規格ID,親規格分類ID,規格分類ID,親規格分類名,規格分類名,メーカーID,メーカー名,商品名,表示ステータス(公開・非公開),メーカーURL(コメント1),コメント2,検索ワード(コメント3),コメント4,コメント5,コメント6,備考欄(SHOP専用),一覧-メインコメント,一覧-メイン画像,詳細-メインコメント,詳細-メイン画像,詳細-メイン拡大画像,詳細-サブタイトル(1),詳細-サブコメント(1),詳細-サブ画像(1),詳細-サブ拡大画像(1),詳細-サブタイトル(2),詳細-サブコメント(2),詳細-サブ画像(2),詳細-サブ拡大画像(2),詳細-サブタイトル(3),詳細-サブコメント(3),詳細-サブ画像(3),詳細-サブ拡大画像(3),詳細-サブタイトル(4),詳細-サブコメント(4),詳細-サブ画像(4),詳細-サブ拡大画像(4),詳細-サブタイトル(5),詳細-サブコメント(5),詳細-サブ画像(5),詳細-サブ拡大画像(5),発送日目安ID,削除フラグ,商品種別ID,商品コード,在庫数,在庫無制限フラグ,販売制限数,通常価格,販売価格,送料,ポイント付与率,ダウンロードファイル名,ダウンロード実ファイル,関連商品ID(1),関連商品コメント(1),関連商品ID(2),関連商品コメント(2),関連商品ID(3),関連商品コメント(3),関連商品ID(4),関連商品コメント(4),関連商品ID(5),関連商品コメント(5),関連商品ID(6),関連商品コメント(6),商品ステータス,商品ステータス名,カテゴリID,カテゴリ名
21,29,0,0,,,,,【2days/1night RENTAL】WiMAX Aterm3800R,1,,,,,,,,【2days/1night RENTAL】WiMAX Wi-Fi Aterm WM3800R,03191116_550a3161427d4.jpg,*,03191116_550a31613fd2e.jpg,03191116_550a31613cdbc.jpg,,,,,,,,,,,,,,,,,,,,,,0,1,7066,,1,,,900,,5,,,,,,,,,,,,,,,,,1,WiMAX
22,30,0,0,,,,,【3days/2nights RENTAL】WiMAX Aterm3800R,1,,,,,,,,【3days/2nights RENTAL】WiMAX Wi-Fi Aterm WM3800R,03191058_550a2d2c8c9d0.jpg,*,03191058_550a2d2c89d90.jpg,03191058_550a2d2c86ba6.jpg,,,,,,,,,,,,,,,,,,,,,,0,1,7067,,1,,,1350,,5,,,,,,,,,,,,,,,,,1,WiMAX
23,31,0,0,,,,,【4days/3nights RENTAL】WiMAX Aterm3800R,1,,,,,,,,【4days/3nights RENTAL】WiMAX Wi-Fi Aterm WM3800R,03191058_550a2d46de058.jpg,*,03191058_550a2d46db513.jpg,03191058_550a2d46d84c9.jpg,,,,,,,,,,,,,,,,,,,,,,0,1,7068,,1,,,1800,,5,,,,,,,,,,,,,,,,,1,WiMAX
24,32,0,0,,,,,【5days/4nights RENTAL】WiMAX Aterm3800R,1,,,,,,,,【5days/4nights RENTAL】WiMAX Wi-Fi Aterm WM3800R,03191058_550a2d5c9b0f3.jpg,*,03191058_550a2d5c98554.jpg,03191058_550a2d5c95430.jpg,,,,,,,,,,,,,,,,,,,,,,0,1,7069,,1,,,2250,,5,,,,,,,,,,,,,,,,,1,WiMAX
25,33,0,0,,,,,【6days/5nights RENTAL】WiMAX Aterm3800R,1,,,,,,,,【6days/5nights RENTAL】WiMAX Wi-Fi Aterm WM3800R,03191059_550a2d7baeb81.jpg,*,03191059_550a2d7bac167.jpg,03191059_550a2d7ba9246.jpg,,,,,,,,,,,,,,,,,,,,,,0,1,7070,,1,,,2700,,5,,,,,,,,,,,,,,,,,1,WiMAX
26,34,0,0,,,,,【7days/6nights RENTAL】WiMAX Aterm3800R,1,,,,,,,,【7days/6nights RENTAL】WiMAX Wi-Fi Aterm WM3800R,03191059_550a2d9a9fe6f.jpg,*,03191059_550a2d9a9d375.jpg,03191059_550a2d9a9a3bf.jpg,,,,,,,,,,,,,,,,,,,,,,0,1,7071,,1,,,3150,,5,,,,,,,,,,,,,,,,,1,WiMAX
27,35,0,0,,,,,【8days/7nights RENTAL】WiMAX Aterm3800R,1,,,,,,,,【8days/7nights RENTAL】WiMAX Wi-Fi Aterm WM3800R,03191100_550a2dae40281.jpg,*,03191100_550a2dae3d903.jpg,03191100_550a2dae3ad3a.jpg,,,,,,,,,,,,,,,,,,,,,,0,1,7072,,1,,,3600,,5,,,,,,,,,,,,,,,,,1,WiMAX
28,36,0,0,,,,,【9days/8nights RENTAL】WiMAX Aterm3800R,1,,,,,,,,【9days/8nights RENTAL】WiMAX Wi-Fi Aterm WM3800R,03191102_550a2e2bcda2f.jpg,*,03191102_550a2e2bcad3c.jpg,03191102_550a2e2bc7af5.jpg,,,,,,,,,,,,,,,,,,,,,,0,1,7073,,1,,,4050,,5,,,,,,,,,,,,,,,,,1,WiMAX
29,37,0,0,,,,,【10days/9nights RENTAL】WiMAX Aterm3800R,1,,,,,,,,【10days/9nights RENTAL】WiMAX Wi-Fi Aterm WM3800R,03191102_550a2e476f916.jpg,*,03191102_550a2e476cf16.jpg,03191102_550a2e476a092.jpg,,,,,,,,,,,,,,,,,,,,,,0,1,7074,,1,,,4500,,5,,,,,,,,,,,,,,,,,1,WiMAX
30,38,0,0,,,,,【11days/10nights RENTAL】WiMAX Aterm3800R,1,,,,,,,,【11days/10nights RENTAL】WiMAX Wi-Fi Aterm WM3800R,03191116_550a317fed129.jpg,*,03191116_550a317fea6b4.jpg,03191116_550a317fe7819.jpg,,,,,,,,,,,,,,,,,,,,,,0,1,7075,,1,,,4950,,5,,,,,,,,,,,,,,,,,1,WiMAX
31,39,0,0,,,,,【12days/11nights RENTAL】WiMAX Aterm3800R,1,,,,,,,,【12days/11nights RENTAL】WiMAX Wi-Fi Aterm WM3800R,03191117_550a31a13f68d.jpg,*,03191117_550a31a13c7da.jpg,03191117_550a31a13969f.jpg,,,,,,,,,,,,,,,,,,,,,,0,1,7076,,1,,,5400,,5,,,,,,,,,,,,,,,,,1,WiMAX
32,40,0,0,,,,,【13days/12nights RENTAL】WiMAX Aterm3800R,1,,,,,,,,【13days/12nights RENTAL】WiMAX Wi-Fi Aterm WM3800R,03191117_550a31b7c673b.jpg,*,03191117_550a31b7c3e51.jpg,03191117_550a31b7c13ff.jpg,,,,,,,,,,,,,,,,,,,,,,0,1,7077,,1,,,5850,,5,,,,,,,,,,,,,,,,,1,WiMAX
33,41,0,0,,,,,【14days/13nights RENTAL】WiMAX Aterm3800R,1,,,,,,,,【14days/13nights RENTAL】WiMAX Wi-Fi Aterm WM3800R,03191117_550a31d439bb4.jpg,*,03191117_550a31d43735d.jpg,03191117_550a31d434616.jpg,,,,,,,,,,,,,,,,,,,,,,0,1,7078,,1,,,6300,,5,,,,,,,,,,,,,,,,,1,WiMAX
34,42,0,0,,,,,【15days/14nights〜1-month RENTAL】WiMAX  Aterm3800R,1,,,,,,,,【15days/14nights〜1-month RENTAL】WiMAX Wi-Fi Aterm WM3800R,03191118_550a31eb9b7cf.jpg,*,03191118_550a31eb98d09.jpg,03191118_550a31eb95df6.jpg,,,,,,,,,,,,,,,,,,,,,,0,1,7079,,1,,,6750,,5,,,,,,,,,,,,,,,,,1,WiMAX
35,43,0,0,,,,,【2-month(61days/60nights) RENTAL】WiMAX Aterm3800R,1,,,,,,,,【2-month(61days/60nights) RENTAL】WiMAX Wi-Fi Aterm WM3800R,03191118_550a320823acb.jpg,*,03191118_550a3208210d7.jpg,03191118_550a32081e2a3.jpg,,,,,,,,,,,,,,,,,,,,,,0,1,7080,,1,,,12000,,5,,,,,,,,,,,,,,,,,1,WiMAX
36,44,0,0,,,,,【3-month(91days/90nights) RENTAL】WiMAX Aterm3800R,1,,,,,,,,【3-month(91days/90nights) RENTAL】WiMAX Wi-Fi Aterm WM3800R,03191119_550a32204cfe2.jpg,*,03191119_550a32204a2b6.jpg,03191119_550a322047322.jpg,,,,,,,,,,,,,,,,,,,,,,0,1,7081,,1,,,16800,,5,,,,,,,,,,,,,,,,,1,WiMAX
53,61,0,0,,,,,【2days/1night RENTAL】WiMAX Aterm3800R+Insurance,1,,,,,,,,【2days/1night RENTAL】WiMAX Wi-Fi Aterm WM3800R+Insurance,03191106_550a2f2556935.jpg,*,03191106_550a2f2553f7f.jpg,03191106_550a2f2551086.jpg,,,,,,,,,,,,,,,,,,,,,,0,1,7085,,1,,,1440,,5,,,,,,,,,,,,,,,,,1,WiMAX
54,62,0,0,,,,,【3days/2nights RENTAL】WiMAX Aterm3800R+Insurance,1,,,,,,,,【3days/2nights RENTAL】WiMAX Wi-Fi Aterm WM3800R+Insurance,03191106_550a2f3b5d989.jpg,*,03191106_550a2f3b5af8c.jpg,03191106_550a2f3b581da.jpg,,,,,,,,,,,,,,,,,,,,,,0,1,7086,,1,,,1890,,5,,,,,,,,,,,,,,,,,1,WiMAX
55,63,0,0,,,,,【4days/3nights】RENTALWiMAX Aterm3800R+Insurance,1,,,,,,,,【4days/3nights RENTAL】WiMAX Wi-Fi Aterm WM3800R+Insurance,03191107_550a2f54eefab.jpg,*,03191107_550a2f54ec431.jpg,03191107_550a2f54e9547.jpg,,,,,,,,,,,,,,,,,,,,,,0,1,7087,,1,,,2340,,5,,,,,,,,,,,,,,,,,1,WiMAX
56,64,0,0,,,,,【5days/4nights RENTAL】WiMAX Aterm3800R+Insurance,1,,,,,,,,【5days/4nights RENTAL】WiMAX Wi-Fi Aterm WM3800R+Insurance,03191107_550a2f7307d6c.jpg,*,03191107_550a2f7305471.jpg,03191107_550a2f73027c4.jpg,,,,,,,,,,,,,,,,,,,,,,0,1,7088,,1,,,2790,,5,,,,,,,,,,,,,,,,,1,WiMAX
57,65,0,0,,,,,【6days/5nights RENTAL】WiMAX Aterm3800R+Insurance,1,,,,,,,,【6days/5nights RENTAL】WiMAX Wi-Fi Aterm WM3800R+Insurance,03191108_550a2f880a8d8.jpg,*,03191108_550a2f8807e86.jpg,03191108_550a2f88051e2.jpg,,,,,,,,,,,,,,,,,,,,,,0,1,7089,,1,,,3240,,5,,,,,,,,,,,,,,,,,1,WiMAX
58,66,0,0,,,,,【7days/6nights RENTAL】WiMAX Aterm3800R+Insurance,1,,,,,,,,【7days/6nights RENTAL】WiMAX Wi-Fi Aterm WM3800R+Insurance,03191108_550a2f9ca469e.jpg,*,03191108_550a2f9ca1a10.jpg,03191108_550a2f9c9e8e4.jpg,,,,,,,,,,,,,,,,,,,,,,0,1,7090,,1,,,3690,,5,,,,,,,,,,,,,,,,,1,WiMAX
59,67,0,0,,,,,【8days/7nights RENTAL】WiMAX Aterm3800R+Insurance,1,,,,,,,,【8days/7nights RENTAL】WiMAX Wi-Fi Aterm WM3800R+Insurance,03191108_550a2fb75f4e2.jpg,*,03191108_550a2fb75cd80.jpg,03191108_550a2fb75a343.jpg,,,,,,,,,,,,,,,,,,,,,,0,1,7091,,1,,,4140,,5,,,,,,,,,,,,,,,,,1,WiMAX
60,68,0,0,,,,,【9days/8nights RENTAL】WiMAX Aterm3800R+Insurance,1,,,,,,,,【9days/8nights RENTAL】WiMAX Wi-Fi Aterm WM3800R+Insurance,03191109_550a2fcc7f6bc.jpg,*,03191109_550a2fcc7c9bc.jpg,03191109_550a2fcc7994b.jpg,,,,,,,,,,,,,,,,,,,,,,0,1,7092,,1,,,4590,,5,,,,,,,,,,,,,,,1,NEW,1,WiMAX
61,69,0,0,,,,,【10days/9nights RENTAL】WiMAX Aterm3800R+Insurance,1,,,,,,,,【10days/9nights RENTAL】WiMAX Wi-Fi Aterm WM3800R+Insurance,03191109_550a2fe1af920.jpg,*,03191109_550a2fe1ace90.jpg,03191109_550a2fe1a9efb.jpg,,,,,,,,,,,,,,,,,,,,,,0,1,7093,,1,,,5040,,5,,,,,,,,,,,,,,,,,1,WiMAX
62,70,0,0,,,,,【11days/10nights RENTAL】WiMAX Aterm3800R+Insurance,1,,,,,,,,【11days/10nights RENTAL】WiMAX Wi-Fi Aterm WM3800R+Insurance,03191110_550a2ffd5226f.jpg,*,03191110_550a2ffd4f5fa.jpg,03191110_550a2ffd4c678.jpg,,,,,,,,,,,,,,,,,,,,,,0,1,7094,,1,,,5490,,5,,,,,,,,,,,,,,,,,1,WiMAX
63,71,0,0,,,,,【13days/12nights RENTAL】WiMAX Aterm3800R+Insurance,1,,,,,,,,【13days/12nights RENTAL】WiMAX Wi-Fi Aterm WM3800R+Insurance,03191111_550a30395e3d7.jpg,*,03191111_550a30395b5ea.jpg,03191111_550a3039586fe.jpg,,,,,,,,,,,,,,,,,,,,,,0,1,7096,,1,,,6390,,5,,,,,,,,,,,,,,,,,1,WiMAX
64,72,0,0,,,,,【14days/13nights RENTAL】WiMAX Aterm3800R+Insurance,1,,,,,,,,【14days/13nights RENTAL】WiMAX Wi-Fi Aterm WM3800R+Insurance,03191119_550a323648b36.jpg,*,03191119_550a323645ed0.jpg,03191119_550a323642e7c.jpg,,,,,,,,,,,,,,,,,,,,,,0,1,7097,,1,,,6840,,5,,,,,,,,,,,,,,,,,1,WiMAX
65,73,0,0,,,,,【15days/14nights〜1-month RENTAL】WiMAX+Insurance,1,,,,,,,,【15days/14nights〜1-month RENTAL】WiMAX Wi-Fi Aterm WM3800R+Insurance,03191120_550a32584efe0.jpg,*,03191120_550a32584c402.jpg,03191120_550a325849350.jpg,,,,,,,,,,,,,,,,,,,,,,0,1,7098,,1,,,7290,,5,,,,,,,,,,,,,,,,,1,WiMAX
66,74,0,0,,,,,【2-month(61days/60nights) RENTAL】WiMAX +Insurance,1,,,,,,,,【2-month(61days/60nights) RENTAL】WiMAX Wi-Fi Aterm WM3800R+Insurance,03191111_550a3066ecc16.jpg,*,03191111_550a3066e9eae.jpg,03191111_550a3066e6e5d.jpg,,,,,,,,,,,,,,,,,,,,,,0,1,7099,,1,,,12540,,5,,,,,,,,,,,,,,,,,1,WiMAX
67,75,0,0,,,,,【3-month(91days/90nights) RENTAL】WiMAX +Insurance,1,,,,,,,,【3-month(91days/90nights) RENTAL】WiMAX Wi-Fi Aterm WM3800R+Insurance,03191112_550a307e4b2d7.jpg,*,03191112_550a307e48670.jpg,03191112_550a307e457c8.jpg,,,,,,,,,,,,,,,,,,,,,,0,1,7100,,1,,,17340,,5,,,,,,,,,,,,,,,,,1,WiMAX
68,76,0,0,,,,,【12days/11nights RENTAL】WiMAX Aterm3800R+Insurance,1,,,,,,,,【12days/11nights RENTAL】WiMAX Wi-Fi Aterm WM3800R+Insurance,03191120_550a3273e0070.jpg,*,03191120_550a3273dd36e.jpg,03191120_550a3273da258.jpg,,,,,,,,,,,,,,,,,,,,,,0,1,7095,,1,,,5940,,5,,,,,,,,,,,,,,,,,1,WiMAX
69,77,0,0,,,,,Change to WiMAX,1,,,,,,,,This is the fee to change to WiMAX,08181238_53f175220b32b.jpg,*,08181245_53f176f33bb4f.jpg,,,,,,,,,,,,,,,,,,,,,,,0,1,WiMAXCH,,1,,540,500,,5,,,,,,,,,,,,,,,,,1,WiMAX
70,78,0,0,,,,,【1day RENTAL】EMOBILE GL06P,1,,,,,,,,*,08201031_53f3fa6d60fa2.jpg,*,08201031_53f3fa7747a65.jpg,,,,,,,,,,,,,,,,,,,,,,,0,1,7049,,1,,,450,,5,,,,,,,,,,,,,,,,,2,Y!mobile
71,79,0,0,,,,,【4-month(121days/120nights) 】WiMAX Aterm3800R,1,,,,,,,,【4-month(121days/120nights) RENTAL】WiMAX Wi-Fi Aterm WM3800R,03191112_550a3098d7fec.jpg,*,03191112_550a3098d536b.jpg,03191112_550a3098d230a.jpg,,,,,,,,,,,,,,,,,,,,,,0,1,7082,,1,,,18800,,5,,,,,,,,,,,,,,,,,1,WiMAX
72,80,0,0,,,,,【4-month(121days/120nights) 】WiMAX+Insurance,1,,,,,,,,【4-month(121days/120nights) RENTAL】WiMAX Wi-Fi Aterm WM3800R,03191113_550a30b63c2a8.jpg,*,03191113_550a30b6397c4.jpg,03191113_550a30b63684c.jpg,,,,,,,,,,,,,,,,,,,,,,0,1,7101,,1,,,19340,,5,,,,,,,,,,,,,,,,,1,WiMAX
73,81,0,0,,,,,【5-month(151days/150nights) 】WiMAX Aterm3800R,1,,,,,,,,【5-month(151days/150nights) RENTAL】WiMAX Wi-Fi Aterm WM3800R,03191113_550a30ce538bf.jpg,*,03191113_550a30ce50e24.jpg,03191113_550a30ce4e148.jpg,,,,,,,,,,,,,,,,,,,,,,0,1,7083,,1,,,20800,,5,,,,,,,,,,,,,,,,,1,WiMAX
74,82,0,0,,,,,【5-month(151days/150nights) 】WiMAX+Insurance,1,,,,,,,,【5-month(151days/150nights) RENTAL】WiMAX Wi-Fi Aterm WM3800R+Insurance,03191114_550a30e8d0340.jpg,*,03191114_550a30e8cd26c.jpg,03191114_550a30e8c9f43.jpg,,,,,,,,,,,,,,,,,,,,,,0,1,7102,,1,,,21340,,5,,,,,,,,,,,,,,,,,1,WiMAX
75,83,0,0,,,,,【6-month(181days/180nights) 】WiMAX Aterm3800R,1,,,,,,,,【6-month(181days/180nights) RENTAL】WiMAX Wi-Fi Aterm WM3800R,03191114_550a311aa651b.jpg,*,03191114_550a311aa398d.jpg,03191114_550a311a9ff02.jpg,,,,,,,,,,,,,,,,,,,,,,0,1,7084,,1,,,22800,,5,,,,,,,,,,,,,,,,,1,WiMAX
76,84,0,0,,,,,【6-month(181days/180nights) 】WiMAX+Insurance,1,,,,,,,,【6-month(181days/180nights) RENTAL】WiMAX Wi-Fi Aterm WM3800R+Insurance,03191115_550a3144b1039.jpg,*,03191115_550a3144ae5c1.jpg,03191115_550a3144ab5a4.jpg,,,,,,,,,,,,,,,,,,,,,,0,1,7103,,1,,,23340,,5,,,,,,,,,,,,,,,,,1,WiMAX
109,117,0,0,,,,,【1day extension of rental】Y!mobile,1,,,,,,,,【1day extension of rental】Y!mobile,03201042_550b7b07e7e63.jpg,*,03201042_550b7b07e5191.jpg,03201042_550b7b07e1eb7.jpg,,,,,,,,,,,,,,,,,,,,,,0,1,em_1day_ex,,1,,,450,,5,,,,,,,,,,,,,,,,,8,Ymobile_extension
110,118,0,0,,,,,【2days/1nights extension of rental】Y!mobile,1,,,,,,,,【2days/1nights extension of rental】Y!mobile,03201042_550b7af30384a.jpg,*,03201042_550b7af300b00.jpg,03201042_550b7af2f193d.jpg,,,,,,,,,,,,,,,,,,,,,,0,1,em_01_02_ex,,1,,,900,,5,,,,,,,,,,,,,,,,,8,Ymobile_extension
111,119,0,0,,,,,【3days/2nights extension of rental】Y!mobile,1,,,,,,,,【3days/2nights extension of rental】Y!mobile,03201041_550b7ae679170.jpg,*,03201041_550b7ae676601.jpg,03201041_550b7ae673a4f.jpg,,,,,,,,,,,,,,,,,,,,,,0,1,em_02_03_ex,,1,,,1350,,5,,,,,,,,,,,,,,,,,8,Ymobile_extension
112,120,0,0,,,,,【4days/3nights extension of rental】Y!mobile,1,,,,,,,,【4days/3nights extension of rental】Y!mobile,03201041_550b7ada7be2c.jpg,*,03201041_550b7ada79379.jpg,03201041_550b7ada76617.jpg,,,,,,,,,,,,,,,,,,,,,,0,1,em_03_04_ex,,1,,,1800,,5,,,,,,,,,,,,,,,,,8,Ymobile_extension
113,121,0,0,,,,,【5days/4nights extension of rental】Y!mobile,1,,,,,,,,【5days/4nights extension of rental】Y!mobile,03201041_550b7acde8db4.jpg,*,03201041_550b7acde6275.jpg,03201041_550b7acde3328.jpg,,,,,,,,,,,,,,,,,,,,,,0,1,em_04_05_ex,,1,,,2250,,5,,,,,,,,,,,,,,,,,8,Ymobile_extension
114,122,0,0,,,,,【6days/5nights extension of rental】Y!mobile,1,,,,,,,,【6days/5nights extension of rental】Y!mobile,03201041_550b7ac204592.jpg,*,03201041_550b7ac20197a.jpg,03201041_550b7ac1f29ae.jpg,,,,,,,,,,,,,,,,,,,,,,0,1,em_05_06_ex,,1,,,2700,,5,,,,,,,,,,,,,,,,,8,Ymobile_extension
115,123,0,0,,,,,【7days/6nights extension of rental】Y!mobile,1,,,,,,,,【7days/6nights extension of rental】Y!mobile,03201041_550b7ab32ac2f.jpg,*,03201041_550b7ab3284d2.jpg,03201041_550b7ab325a3a.jpg,,,,,,,,,,,,,,,,,,,,,,0,1,em_06_07_ex,,1,,,3150,,5,,,,,,,,,,,,,,,,,8,Ymobile_extension
116,124,0,0,,,,,【8days/7nights extension of rental】Y!mobile,1,,,,,,,,【8days/7nights extension of rental】Y!mobile,03201040_550b7aa61e3ec.jpg,*,03201040_550b7aa61b69f.jpg,03201040_550b7aa618519.jpg,,,,,,,,,,,,,,,,,,,,,,0,1,em_07_08_ex,,1,,,3600,,5,,,,,,,,,,,,,,,,,8,Ymobile_extension
117,125,0,0,,,,,【9days/8nights extension of rental】Y!mobile,1,,,,,,,,【9days/8nights extension of rental】Y!mobile,03201040_550b7a99139d6.jpg,*,03201040_550b7a9910f19.jpg,03201040_550b7a990dfc5.jpg,,,,,,,,,,,,,,,,,,,,,,0,1,em_08_09_ex,,1,,,4050,,5,,,,,,,,,,,,,,,,,8,Ymobile_extension
118,126,0,0,,,,,【10days/9nights extension of rental】Y!mobile,1,,,,,,,,【10days/9nights extension of rental】Y!mobile,03201040_550b7a8da6e67.jpg,*,03201040_550b7a8da4464.jpg,03201040_550b7a8da15e7.jpg,,,,,,,,,,,,,,,,,,,,,,0,1,em_09_10_ex,,1,,,4500,,5,,,,,,,,,,,,,,,,,8,Ymobile_extension
119,127,0,0,,,,,【11days/10nights extension of rental】Y!mobile,1,,,,,,,,【11days/10nights extension of rental】Y!mobile,03201040_550b7a8351ae0.jpg,*,03201040_550b7a834f149.jpg,03201040_550b7a834c271.jpg,,,,,,,,,,,,,,,,,,,,,,0,1,em_10_11_ex,,1,,,4950,,5,,,,,,,,,,,,,,,,,8,Ymobile_extension
120,128,0,0,,,,,【12days/11nights extension of rental】Y!mobile,1,,,,,,,,【12days/11nights extension of rental】Y!mobile,03201040_550b7a78ab6e9.jpg,*,03201040_550b7a78a8cd5.jpg,03201040_550b7a78a5e9d.jpg,,,,,,,,,,,,,,,,,,,,,,0,1,em_11_12_ex,,1,,,5400,,5,,,,,,,,,,,,,,,,,8,Ymobile_extension
121,129,0,0,,,,,【13days/12nights extension of rental】Y!mobile,1,,,,,,,,【13days/12nights extension of rental】Y!mobile,03201039_550b7a6be26d8.jpg,*,03201039_550b7a6bdf78c.jpg,03201039_550b7a6bdc5d1.jpg,,,,,,,,,,,,,,,,,,,,,,0,1,em_12_13_ex,,1,,,5850,,5,,,,,,,,,,,,,,,,,8,Ymobile_extension
122,130,0,0,,,,,【14days/13nights extension of rental】Y!mobile,1,,,,,,,,【14days/13nights extension of rental】Y!mobile,03201039_550b7a6067ded.jpg,*,03201039_550b7a6065186.jpg,03201039_550b7a606201a.jpg,,,,,,,,,,,,,,,,,,,,,,0,1,em_13_14_ex,,1,,,6300,,5,,,,,,,,,,,,,,,,,8,Ymobile_extension
123,131,0,0,,,,,【15days/14nights〜1month extension of rental】Y!mobile,1,,,,,,,,【15days/14nights〜1month extension of rental】Y!mobile,03201039_550b7a516545f.jpg,*,03201039_550b7a51626bd.jpg,03201039_550b7a515f5d1.jpg,,,,,,,,,,,,,,,,,,,,,,0,1,em_30_31_ex,,1,,,6750,,5,,,,,,,,,,,,,,,,,8,Ymobile_extension
124,132,0,0,,,,,【2month extension of rental】Y!mobile,1,,,,,,,,【2month extension of rental】Y!mobile,03201039_550b7a428cfba.jpg,*,03201039_550b7a428a61e.jpg,03201039_550b7a4287728.jpg,,,,,,,,,,,,,,,,,,,,,,0,1,em_60_61_ex,,1,,,12000,,5,,,,,,,,,,,,,,,,,8,Ymobile_extension
125,133,0,0,,,,,【3month extension of rental】Y!mobile,1,,,,,,,,【3month extension of rental】Y!mobile,03201039_550b7a372d839.jpg,*,03201039_550b7a372a638.jpg,03201039_550b7a372724c.jpg,,,,,,,,,,,,,,,,,,,,,,0,1,em_90_91_ex,,1,,,16800,,5,,,,,,,,,,,,,,,,,8,Ymobile_extension
126,134,0,0,,,,,【1day extension of rental】Y!mobile+Insurance,1,,,,,,,,【1day extension of rental】Y!mobile+Insurance,03201038_550b7a16749b0.jpg,*,03201038_550b7a1671eb7.jpg,03201038_550b7a166edec.jpg,,,,,,,,,,,,,,,,,,,,,,0,1,em_1day_ex+Insurance,,1,,,990,,5,,,,,,,,,,,,,,,,,8,Ymobile_extension
127,135,0,0,,,,,【2days/1nights extension of rental】Y!mobile+Insurance,1,,,,,,,,【2days/1nights extension of rental】Y!mobile+Insurance,03201038_550b7a07266c1.jpg,*,03201038_550b7a0723ada.jpg,03201038_550b7a0720c6f.jpg,,,,,,,,,,,,,,,,,,,,,,0,1,em_01_02_ex+Insurance,,1,,,1440,,5,,,,,,,,,,,,,,,,,8,Ymobile_extension
128,136,0,0,,,,,【3days/2nights extension of rental】Y!mobile+Insurance,1,,,,,,,,【3days/2nights extension of rental】Y!mobile+Insurance,03201038_550b79f93b1c6.jpg,*,03201038_550b79f938689.jpg,03201038_550b79f935806.jpg,,,,,,,,,,,,,,,,,,,,,,0,1,em_02_03_ex+Insurance,,1,,,1890,,5,,,,,,,,,,,,,,,,,8,Ymobile_extension
129,137,0,0,,,,,【4days/3nights extension of rental】Y!mobile+Insurance,1,,,,,,,,【4days/3nights extension of rental】Y!mobile+Insurance,03201037_550b79eb2d3c5.jpg,*,03201037_550b79eb2ab20.jpg,03201037_550b79eb27eb3.jpg,,,,,,,,,,,,,,,,,,,,,,0,1,em_03_04_ex+Insurance,,1,,,2340,,5,,,,,,,,,,,,,,,,,8,Ymobile_extension
130,138,0,0,,,,,【5days/4nights extension of rental】Y!mobile+Insurance,1,,,,,,,,【5days/4nights extension of rental】Y!mobile+Insurance,03201037_550b79d98d8a0.jpg,*,03201037_550b79d98abd1.jpg,03201037_550b79d987cf2.jpg,,,,,,,,,,,,,,,,,,,,,,0,1,em_04_05_ex+Insurance,,1,,,2790,,5,,,,,,,,,,,,,,,,,8,Ymobile_extension
131,139,0,0,,,,,【6days/5nights extension of rental】Y!mobile+Insurance,1,,,,,,,,【6days/5nights extension of rental】Y!mobile+Insurance,03201037_550b79cbbdf2c.jpg,*,03201037_550b79cbbb1e0.jpg,03201037_550b79cbb7e93.jpg,,,,,,,,,,,,,,,,,,,,,,0,1,em_05_06_ex+Insurance,,1,,,3240,,5,,,,,,,,,,,,,,,,,8,Ymobile_extension
132,140,0,0,,,,,【7days/6nights extension of rental】Y!mobile+Insurance,1,,,,,,,,【7days/6nights extension of rental】Y!mobile+Insurance,03201036_550b79b721ee6.jpg,*,03201036_550b79b71f4f2.jpg,03201036_550b79b71c67d.jpg,,,,,,,,,,,,,,,,,,,,,,0,1,em_06_07_ex+Insurance,,1,,,3690,,5,,,,,,,,,,,,,,,,,8,Ymobile_extension
133,141,0,0,,,,,【8days/7nights extension of rental】Y!mobile+Insurance,1,,,,,,,,【8days/7nights extension of rental】Y!mobile+Insurance,03201036_550b79aa06406.jpg,*,03201036_550b79aa03965.jpg,03201036_550b79aa00abb.jpg,,,,,,,,,,,,,,,,,,,,,,0,1,em_07_08_ex+Insurance,,1,,,4140,,5,,,,,,,,,,,,,,,,,8,Ymobile_extension
134,142,0,0,,,,,【9days/8nights extension of rental】Y!mobile+Insurance,1,,,,,,,,【9days/8nights extension of rental】Y!mobile+Insurance,03201036_550b799c6ffd2.jpg,*,03201036_550b799c6d526.jpg,03201036_550b799c6a647.jpg,,,,,,,,,,,,,,,,,,,,,,0,1,em_08_09_ex+Insurance,,1,,,4590,,5,,,,,,,,,,,,,,,,,8,Ymobile_extension
135,143,0,0,,,,,【10days/9nights extension of rental】Y!mobile+Insurance,1,,,,,,,,【10days/9nights extension of rental】Y!mobile+Insurance,03201036_550b798dc9a0d.jpg,*,03201036_550b798dc6e08.jpg,03201036_550b798dc3e34.jpg,,,,,,,,,,,,,,,,,,,,,,0,1,em_09_10_ex+Insurance,,1,,,5040,,5,,,,,,,,,,,,,,,,,8,Ymobile_extension
136,144,0,0,,,,,【11days/10nights extension of rental】Y!mobile+Insurance,1,,,,,,,,【11days/10nights extension of rental】Y!mobile+Insurance,03201035_550b797cd99c8.jpg,*,03201035_550b797cd6f37.jpg,03201035_550b797cd3ce3.jpg,,,,,,,,,,,,,,,,,,,,,,0,1,em_10_11_ex+Insurance,,1,,,5490,,5,,,,,,,,,,,,,,,,,8,Ymobile_extension
137,145,0,0,,,,,【12days/11nights extension of rental】Y!mobile+Insurance,1,,,,,,,,【12days/11nights extension of rental】Y!mobile+Insurance,03201035_550b796e5d569.jpg,*,03201035_550b796e5aa58.jpg,03201035_550b796e57abb.jpg,,,,,,,,,,,,,,,,,,,,,,0,1,em_11_12_ex+Insurance,,1,,,5940,,5,,,,,,,,,,,,,,,,,8,Ymobile_extension
138,146,0,0,,,,,【13days/12nights extension of rental】Y!mobile+Insurance,1,,,,,,,,【13days/12nights extension of rental】Y!mobile+Insurance,03201035_550b795966c30.jpg,*,03201035_550b795963ed7.jpg,03201035_550b795960d23.jpg,,,,,,,,,,,,,,,,,,,,,,0,1,em_12_13_ex+Insurance,,1,,,6390,,5,,,,,,,,,,,,,,,,,8,Ymobile_extension
139,147,0,0,,,,,【14days/13nights extension of rental】Y!mobile+Insurance,1,,,,,,,,【14days/13nights extension of rental】Y!mobile+Insurance,03201035_550b794d5a525.jpg,*,03201035_550b794d5792e.jpg,03201035_550b794d54980.jpg,,,,,,,,,,,,,,,,,,,,,,0,1,em_13_14_ex+Insurance,,1,,,6840,,5,,,,,,,,,,,,,,,,,8,Ymobile_extension
140,148,0,0,,,,,【15days/14nights〜1month extension of rental】Y!mobile+Insurance,1,,,,,,,,【15days/14nights〜1month extension of rental】Y!mobile+Insurance,03201034_550b793e173ce.jpg,*,03201034_550b793e14886.jpg,03201034_550b793e11565.jpg,,,,,,,,,,,,,,,,,,,,,,0,1,em_30_31_ex+Insurance,,1,,,7290,,5,,,,,,,,,,,,,,,,,8,Ymobile_extension
141,149,0,0,,,,,【2month extension of rental】Y!mobile+Insurance,1,,,,,,,,【2month extension of rental】Y!mobile+Insurance,03201034_550b792e10882.jpg,*,03201034_550b792e0de4d.jpg,03201034_550b792e0b125.jpg,,,,,,,,,,,,,,,,,,,,,,0,1,em_60_61_ex+Insurance,,1,,,12540,,5,,,,,,,,,,,,,,,,,8,Ymobile_extension
142,150,0,0,,,,,【3month extension of rental】Y!mobile+Insurance,1,,,,,,,,【3month extension of rental】Y!mobile+Insurance,03201034_550b791c85aea.jpg,*,03201034_550b791c832f5.jpg,03201034_550b791c80621.jpg,,,,,,,,,,,,,,,,,,,,,,0,1,em_90_91_ex+Insurance,,1,,,17340,,5,,,,,,,,,,,,,,,,,8,Ymobile_extension
143,151,0,0,,,,,【1day extension of rental】WiMAX,1,,,,,,,,【1day extension of rental】WiMAX,03201101_550b7f9479568.jpg,*,03201101_550b7f947682a.jpg,03201101_550b7f9473775.jpg,,,,,,,,,,,,,,,,,,,,,,0,1,wm_1day_ex,,1,,,450,,5,,,,,,,,,,,,,,,,,9,WiMAX_extension
144,152,0,0,,,,,【2days/1nights extension of rental】WiMAX,1,,,,,,,,【2days/1nights extension of rental】WiMAX,03201101_550b7f884691c.jpg,*,03201101_550b7f8843c53.jpg,03201101_550b7f8840b36.jpg,,,,,,,,,,,,,,,,,,,,,,0,1,wm_01_02_ex,,1,,,900,,5,,,,,,,,,,,,,,,,,9,WiMAX_extension
145,153,0,0,,,,,【3days/2nights extension of rental】WiMAX,1,,,,,,,,【3days/2nights extension of rental】WiMAX,03201101_550b7f7a07d6a.jpg,*,03201101_550b7f7a0502b.jpg,03201101_550b7f7a01f61.jpg,,,,,,,,,,,,,,,,,,,,,,0,1,wm_02_03_ex,,1,,,1350,,5,,,,,,,,,,,,,,,,,9,WiMAX_extension
146,154,0,0,,,,,【4days/3nights extension of rental】WiMAX,1,,,,,,,,【4days/3nights extension of rental】WiMAX,03201101_550b7f6ad12b9.jpg,*,03201101_550b7f6ace601.jpg,03201101_550b7f6acb55d.jpg,,,,,,,,,,,,,,,,,,,,,,0,1,wm_03_04_ex,,1,,,1800,,5,,,,,,,,,,,,,,,,,9,WiMAX_extension
147,155,0,0,,,,,【5days/4nights extension of rental】WiMAX,1,,,,,,,,【5days/4nights extension of rental】WiMAX,03201101_550b7f5da7386.jpg,*,03201101_550b7f5da47ee.jpg,03201101_550b7f5da18c8.jpg,,,,,,,,,,,,,,,,,,,,,,0,1,wm_04_05_ex,,1,,,2250,,5,,,,,,,,,,,,,,,,,9,WiMAX_extension
148,156,0,0,,,,,【6days/5nights extension of rental】WiMAX,1,,,,,,,,【6days/5nights extension of rental】WiMAX,03201100_550b7f4e008ec.jpg,*,03201100_550b7f4df1dd1.jpg,03201100_550b7f4deeeeb.jpg,,,,,,,,,,,,,,,,,,,,,,0,1,wm_05_06_ex,,1,,,2700,,5,,,,,,,,,,,,,,,,,9,WiMAX_extension
149,157,0,0,,,,,【7days/6nights extension of rental】WiMAX,1,,,,,,,,【7days/6nights extension of rental】WiMAX,03201100_550b7f41197df.jpg,*,03201100_550b7f4116b8b.jpg,03201100_550b7f4113a68.jpg,,,,,,,,,,,,,,,,,,,,,,0,1,wm_06_07_ex,,1,,,3150,,5,,,,,,,,,,,,,,,,,9,WiMAX_extension
150,158,0,0,,,,,【8days/7nights extension of rental】WiMAX,1,,,,,,,,【8days/7nights extension of rental】WiMAX,03201100_550b7f33cfd9a.jpg,*,03201100_550b7f33cd1ef.jpg,03201100_550b7f33ca2b5.jpg,,,,,,,,,,,,,,,,,,,,,,0,1,wm_07_08_ex,,1,,,3600,,5,,,,,,,,,,,,,,,,,9,WiMAX_extension
151,159,0,0,,,,,【9days/8nights extension of rental】WiMAX,1,,,,,,,,【9days/8nights extension of rental】WiMAX,03201045_550b7b9c75694.jpg,*,03201045_550b7b9c72c87.jpg,03201045_550b7b9c6f72e.jpg,,,,,,,,,,,,,,,,,,,,,,0,1,wm_08_09_ex,,1,,,4050,,5,,,,,,,,,,,,,,,,,9,WiMAX_extension
152,160,0,0,,,,,【10days/9nights extension of rental】WiMAX,1,,,,,,,,【10days/9nights extension of rental】WiMAX,03201044_550b7b8cca75f.jpg,*,03201044_550b7b8cc7355.jpg,03201044_550b7b8cc4489.jpg,,,,,,,,,,,,,,,,,,,,,,0,1,wm_09_10_ex,,1,,,4500,,5,,,,,,,,,,,,,,,,,9,WiMAX_extension
153,161,0,0,,,,,【11days/10nights extension of rental】WiMAX,1,,,,,,,,【11days/10nights extension of rental】WiMAX,03201044_550b7b7f54568.jpg,*,03201044_550b7b7f518b5.jpg,03201044_550b7b7f4d796.jpg,,,,,,,,,,,,,,,,,,,,,,0,1,wm_10_11_ex,,1,,,4950,,5,,,,,,,,,,,,,,,,,9,WiMAX_extension
154,162,0,0,,,,,【12days/11nights extension of rental】WiMAX,1,,,,,,,,【12days/11nights extension of rental】WiMAX,03201059_550b7f1fea34c.jpg,*,03201059_550b7f1fe7644.jpg,03201059_550b7f1fe4363.jpg,,,,,,,,,,,,,,,,,,,,,,0,1,wm_11_12_ex,,1,,,5400,,5,,,,,,,,,,,,,,,,,9,WiMAX_extension
155,163,0,0,,,,,【13days/12nights extension of rental】WiMAX,1,,,,,,,,【13days/12nights extension of rental】WiMAX,03201059_550b7f1187ac6.jpg,*,03201059_550b7f1184dfa.jpg,03201059_550b7f118182d.jpg,,,,,,,,,,,,,,,,,,,,,,0,1,wm_12_13_ex,,1,,,5850,,5,,,,,,,,,,,,,,,,,9,WiMAX_extension
156,164,0,0,,,,,【14days/13nights extension of rental】WiMAX,1,,,,,,,,【14days/13nights extension of rental】WiMAX,03201058_550b7edc3c152.jpg,*,03201058_550b7edc39531.jpg,03201058_550b7edc36587.jpg,,,,,,,,,,,,,,,,,,,,,,0,1,wm_13_14_ex,,1,,,6300,,5,,,,,,,,,,,,,,,,,9,WiMAX_extension
157,165,0,0,,,,,【15days/14nights〜1month extension of rental】WiMAX,1,,,,,,,,【15days/14nights〜1month extension of rental】WiMAX,03201058_550b7ecd87b90.jpg,*,03201058_550b7ecd84fce.jpg,03201058_550b7ecd82069.jpg,,,,,,,,,,,,,,,,,,,,,,0,1,wm_30_31_ex,,1,,,6750,,5,,,,,,,,,,,,,,,,,9,WiMAX_extension
158,166,0,0,,,,,【2month extension of rental】WiMAX,1,,,,,,,,【2month extension of rental】WiMAX,03201058_550b7ec0acb79.jpg,*,03201058_550b7ec0aa1f9.jpg,03201058_550b7ec0a7353.jpg,,,,,,,,,,,,,,,,,,,,,,0,1,wm_60_61_ex,,1,,,12000,,5,,,,,,,,,,,,,,,,,9,WiMAX_extension
159,167,0,0,,,,,【3month extension of rental】WiMAX,1,,,,,,,,【3month extension of rental】WiMAX,03201058_550b7eb40f80f.jpg,*,03201058_550b7eb40c5ae.jpg,03201058_550b7eb4092e5.jpg,,,,,,,,,,,,,,,,,,,,,,0,1,wm_90_91_ex,,1,,,16800,,5,,,,,,,,,,,,,,,,,9,WiMAX_extension
160,168,0,0,,,,,【4month extension of rental】WiMAX,1,,,,,,,,【4month extension of rental】WiMAX,03201059_550b7efa253c6.jpg,*,03201059_550b7efa2264e.jpg,03201059_550b7efa1f51e.jpg,,,,,,,,,,,,,,,,,,,,,,0,1,wm_120_121_ex,,1,,,18800,,5,,,,,,,,,,,,,,,,,9,WiMAX_extension
161,169,0,0,,,,,【5month extension of rental】WiMAX,1,,,,,,,,【5month extension of rental】WiMAX,03201057_550b7e86af4f2.jpg,*,03201057_550b7e86aca2f.jpg,03201057_550b7e86a9cac.jpg,,,,,,,,,,,,,,,,,,,,,,0,1,wm_150_151_ex,,1,,,20800,,5,,,,,,,,,,,,,,,,,9,WiMAX_extension
162,170,0,0,,,,,【6month extension of rental】WiMAX,1,,,,,,,,【6month extension of rental】WiMAX,03201057_550b7e7aa26e4.jpg,*,03201057_550b7e7a9fbc5.jpg,03201057_550b7e7a9cd9b.jpg,,,,,,,,,,,,,,,,,,,,,,0,1,wm_180_181_ex,,1,,,22800,,5,,,,,,,,,,,,,,,,,9,WiMAX_extension
163,171,0,0,,,,,【1day extension of rental】WiMAX+Insurance,1,,,,,,,,【1day extension of rental】WiMAX+Insurance,03201056_550b7e6a6c5b5.jpg,*,03201056_550b7e6a69b99.jpg,03201056_550b7e6a66c9a.jpg,,,,,,,,,,,,,,,,,,,,,,0,1,wm_1day_ex+Insurance,,1,,,990,,5,,,,,,,,,,,,,,,,,9,WiMAX_extension
164,172,0,0,,,,,【2days/1nights extension of rental】WiMAX+Insurance,1,,,,,,,,【2days/1nights extension of rental】WiMAX+Insurance,03201056_550b7e5a61701.jpg,*,03201056_550b7e5a5eb90.jpg,03201056_550b7e5a5bb02.jpg,,,,,,,,,,,,,,,,,,,,,,0,1,wm_01_02_ex+Insurance,,1,,,1440,,5,,,,,,,,,,,,,,,,,9,WiMAX_extension
165,173,0,0,,,,,【3days/2nights extension of rental】WiMAX+Insurance,1,,,,,,,,【3days/2nights extension of rental】WiMAX+Insurance,03201056_550b7e4a6542e.jpg,*,03201056_550b7e4a62633.jpg,03201056_550b7e4a5f520.jpg,,,,,,,,,,,,,,,,,,,,,,0,1,wm_02_03_ex+Insurance,,1,,,1890,,5,,,,,,,,,,,,,,,,,9,WiMAX_extension
166,174,0,0,,,,,【4days/3nights extension of rental】WiMAX+Insurance,1,,,,,,,,【4days/3nights extension of rental】WiMAX+Insurance,03201056_550b7e3c0603c.jpg,*,03201056_550b7e3c03394.jpg,03201056_550b7e3c0011a.jpg,,,,,,,,,,,,,,,,,,,,,,0,1,wm_03_04_ex+Insurance,,1,,,2340,,5,,,,,,,,,,,,,,,,,9,WiMAX_extension
167,175,0,0,,,,,【5days/4nights extension of rental】WiMAX+Insurance,1,,,,,,,,【5days/4nights extension of rental】WiMAX+Insurance,03201055_550b7e2d9fa6b.jpg,*,03201055_550b7e2d9cf02.jpg,03201055_550b7e2d9a096.jpg,,,,,,,,,,,,,,,,,,,,,,0,1,wm_04_05_ex+Insurance,,1,,,2790,,5,,,,,,,,,,,,,,,,,9,WiMAX_extension
168,176,0,0,,,,,【6days/5nights extension of rental】WiMAX+Insurance,1,,,,,,,,【6days/5nights extension of rental】WiMAX+Insurance,03201055_550b7e0e4bf17.jpg,*,03201055_550b7e0e4925f.jpg,03201055_550b7e0e461df.jpg,,,,,,,,,,,,,,,,,,,,,,0,1,wm_05_06_ex+Insurance,,1,,,3240,,5,,,,,,,,,,,,,,,,,9,WiMAX_extension
169,177,0,0,,,,,【7days/6nights extension of rental】WiMAX+Insurance,1,,,,,,,,【7days/6nights extension of rental】WiMAX+Insurance,03201055_550b7dfcd4d19.jpg,*,03201055_550b7dfcd2073.jpg,03201055_550b7dfccf077.jpg,,,,,,,,,,,,,,,,,,,,,,0,1,wm_06_07_ex+Insurance,,1,,,3690,,5,,,,,,,,,,,,,,,,,9,WiMAX_extension
170,178,0,0,,,,,【8days/7nights extension of rental】WiMAX+Insurance,1,,,,,,,,【8days/7nights extension of rental】WiMAX+Insurance,03201054_550b7df07e52a.jpg,*,03201054_550b7df07b7db.jpg,03201054_550b7df0785d1.jpg,,,,,,,,,,,,,,,,,,,,,,0,1,wm_07_08_ex+Insurance,,1,,,4140,,5,,,,,,,,,,,,,,,,,9,WiMAX_extension
171,179,0,0,,,,,【9days/8nights extension of rental】WiMAX+Insurance,1,,,,,,,,【9days/8nights extension of rental】WiMAX+Insurance,03201047_550b7c4f1cb62.jpg,*,03201047_550b7c4f19e0f.jpg,03201047_550b7c4f16cdb.jpg,,,,,,,,,,,,,,,,,,,,,,0,1,wm_08_09_ex+Insurance,,1,,,4590,,5,,,,,,,,,,,,,,,,,9,WiMAX_extension
172,180,0,0,,,,,【10days/9nights extension of rental】WiMAX+Insurance,1,,,,,,,,【10days/9nights extension of rental】WiMAX+Insurance,03201047_550b7c3fdbd55.jpg,*,03201047_550b7c3fd96b2.jpg,03201047_550b7c3fd6d8b.jpg,,,,,,,,,,,,,,,,,,,,,,0,1,wm_09_10_ex+Insurance,,1,,,5040,,5,,,,,,,,,,,,,,,,,9,WiMAX_extension
173,181,0,0,,,,,【11days/10nights extension of rental】WiMAX+Insurance,1,,,,,,,,【11days/10nights extension of rental】WiMAX+Insurance,03201047_550b7c335f831.jpg,*,03201047_550b7c335cbd8.jpg,03201047_550b7c3359a78.jpg,,,,,,,,,,,,,,,,,,,,,,0,1,wm_10_11_ex+Insurance,,1,,,5490,,5,,,,,,,,,,,,,,,,,9,WiMAX_extension
174,182,0,0,,,,,【12days/11nights extension of rental】WiMAX+Insurance,1,,,,,,,,【12days/11nights extension of rental】WiMAX+Insurance,03201047_550b7c25b6563.jpg,*,03201047_550b7c25b3909.jpg,03201047_550b7c25b011b.jpg,,,,,,,,,,,,,,,,,,,,,,0,1,wm_11_12_ex+Insurance,,1,,,5940,,5,,,,,,,,,,,,,,,,,9,WiMAX_extension
175,183,0,0,,,,,【13days/12nights extension of rental】WiMAX+Insurance,1,,,,,,,,【13days/12nights extension of rental】WiMAX+Insurance,03201047_550b7c184f743.jpg,*,03201047_550b7c184cd83.jpg,03201047_550b7c1849eb2.jpg,,,,,,,,,,,,,,,,,,,,,,0,1,wm_12_13_ex+Insurance,,1,,,6390,,5,,,,,,,,,,,,,,,,,9,WiMAX_extension
176,184,0,0,,,,,【14days/13nights extension of rental】WiMAX+Insurance,1,,,,,,,,【14days/13nights extension of rental】WiMAX+Insurance,03201046_550b7c0b179ff.jpg,*,03201046_550b7c0b14d45.jpg,03201046_550b7c0b119e9.jpg,,,,,,,,,,,,,,,,,,,,,,0,1,wm_13_14_ex+Insurance,,1,,,6840,,5,,,,,,,,,,,,,,,,,9,WiMAX_extension
177,185,0,0,,,,,【15days/14nights〜1month extension of rental】WiMAX+Insurance,1,,,,,,,,【15days/14nights〜1month extension of rental】WiMAX+Insurance,03201046_550b7bfb5d8f3.jpg,*,03201046_550b7bfb5aa0a.jpg,03201046_550b7bfb56ec6.jpg,,,,,,,,,,,,,,,,,,,,,,0,1,wm_30_31_ex+Insurance,,1,,,7290,,5,,,,,,,,,,,,,,,,,9,WiMAX_extension
178,186,0,0,,,,,【2month extension of rental】WiMAX+Insurance,1,,,,,,,,【2month extension of rental】WiMAX+Insurance,03201046_550b7bed4355b.jpg,*,03201046_550b7bed408db.jpg,03201046_550b7bed3d849.jpg,,,,,,,,,,,,,,,,,,,,,,0,1,wm_60_61_ex+Insurance,,1,,,12540,,5,,,,,,,,,,,,,,,,,9,WiMAX_extension
179,187,0,0,,,,,【3month extension of rental】WiMAX+Insurance,1,,,,,,,,【3month extension of rental】WiMAX+Insurance,03201046_550b7bdc3c54b.jpg,*,03201046_550b7bdc39932.jpg,03201046_550b7bdc36b15.jpg,,,,,,,,,,,,,,,,,,,,,,0,1,wm_90_91_ex+Insurance,,1,,,17340,,5,,,,,,,,,,,,,,,,,9,WiMAX_extension
180,188,0,0,,,,,【4month extension of rental】WiMAX+Insurance,1,,,,,,,,【4month extension of rental】WiMAX+Insurance,03201045_550b7bcc5c003.jpg,*,03201045_550b7bcc592bb.jpg,03201045_550b7bcc5616c.jpg,,,,,,,,,,,,,,,,,,,,,,0,1,wm_120_121_ex+Insurance,,1,,,19340,,5,,,,,,,,,,,,,,,,,9,WiMAX_extension
181,189,0,0,,,,,【5month extension of rental】WiMAX+Insurance,1,,,,,,,,【5month extension of rental】WiMAX+Insurance,03201045_550b7bbbaf27e.jpg,*,03201045_550b7bbbac66b.jpg,03201045_550b7bbba94c6.jpg,,,,,,,,,,,,,,,,,,,,,,0,1,wm_150_151_ex+Insurance,,1,,,21340,,5,,,,,,,,,,,,,,,,,9,WiMAX_extension
182,190,0,0,,,,,【6month extension of rental】WiMAX+Insurance,1,,,,,,,,【6month extension of rental】WiMAX+Insurance,03201045_550b7badb8b26.jpg,*,03201045_550b7badb5dc8.jpg,03201045_550b7badb2d72.jpg,,,,,,,,,,,,,,,,,,,,,,0,1,wm_180_181_ex+Insurance,,1,,,23340,,5,,,,,,,,,,,,,,,,,9,WiMAX_extension
183,191,0,0,,,,,【1day extension of rental】au KDDI,1,,,,,,,,【1day extension of rental】au KDDI,au_ex-00.jpg,*,au_ex-00.jpg,au_ex-00.jpg,,,,,,,,,,,,,,,,,,,,,,0,1,7033,,1,,,650,,5,,,,,,,,,,,,,,,,,10,au_extension
184,192,0,0,,,,,【2days/1nights extension of rental】au KDDI,1,,,,,,,,【2days/1nights extension of rental】au KDDI,au_ex-01.jpg,*,au_ex-01.jpg,au_ex-01.jpg,,,,,,,,,,,,,,,,,,,,,,0,1,7034,,1,,,1300,,5,,,,,,,,,,,,,,,,,10,au_extension
185,193,0,0,,,,,【3days/2nights extension of rental】au KDDI,1,,,,,,,,【3days/2nights extension of rental】au KDDI,au_ex-02.jpg,*,au_ex-02.jpg,au_ex-02.jpg,,,,,,,,,,,,,,,,,,,,,,0,1,7035,,1,,,1950,,5,,,,,,,,,,,,,,,,,10,au_extension
186,194,0,0,,,,,【4days/3nights extension of rental】au KDDI,1,,,,,,,,【4days/3nights extension of rental】au KDDI,au_ex-03.jpg,*,au_ex-03.jpg,au_ex-03.jpg,,,,,,,,,,,,,,,,,,,,,,0,1,7036,,1,,,2600,,5,,,,,,,,,,,,,,,,,10,au_extension
187,195,0,0,,,,,【5days/4nights extension of rental】au KDDI,1,,,,,,,,【5days/4nights extension of rental】au KDDI,au_ex-04.jpg,*,au_ex-04.jpg,au_ex-04.jpg,,,,,,,,,,,,,,,,,,,,,,0,1,7037,,1,,,3250,,5,,,,,,,,,,,,,,,,,10,au_extension
188,196,0,0,,,,,【6days/5nights extension of rental】au KDDI,1,,,,,,,,【6days/5nights extension of rental】au KDDI,au_ex-05.jpg,*,au_ex-05.jpg,au_ex-05.jpg,,,,,,,,,,,,,,,,,,,,,,0,1,7038,,1,,,3900,,5,,,,,,,,,,,,,,,,,10,au_extension
189,197,0,0,,,,,【7days/6nights extension of rental】au KDDI,1,,,,,,,,【7days/6nights extension of rental】au KDDI,au_ex-06.jpg,*,au_ex-06.jpg,au_ex-06.jpg,,,,,,,,,,,,,,,,,,,,,,0,1,7039,,1,,,4550,,5,,,,,,,,,,,,,,,,,10,au_extension
190,198,0,0,,,,,【8days/7nights extension of rental】au KDDI,1,,,,,,,,【8days/7nights extension of rental】au KDDI,au_ex-07.jpg,*,au_ex-07.jpg,au_ex-07.jpg,,,,,,,,,,,,,,,,,,,,,,0,1,7049,,1,,,5200,,5,,,,,,,,,,,,,,,,,10,au_extension
191,199,0,0,,,,,【9days/8nights extension of rental】au KDDI,1,,,,,,,,【9days/8nights extension of rental】au KDDI,au_ex-08.jpg,*,au_ex-08.jpg,au_ex-08.jpg,,,,,,,,,,,,,,,,,,,,,,0,1,7050,,1,,,5850,,5,,,,,,,,,,,,,,,,,10,au_extension
192,200,0,0,,,,,【10days/9nights extension of rental】au KDDI,1,,,,,,,,【10days/9nights extension of rental】au KDDI,au_ex-09.jpg,*,au_ex-09.jpg,au_ex-09.jpg,,,,,,,,,,,,,,,,,,,,,,0,1,7051,,1,,,6500,,5,,,,,,,,,,,,,,,,,10,au_extension
193,201,0,0,,,,,【11days/10nights extension of rental】au KDDI,1,,,,,,,,【11days/10nights extension of rental】au KDDI,au_ex-10.jpg,*,au_ex-10.jpg,au_ex-10.jpg,,,,,,,,,,,,,,,,,,,,,,0,1,7052,,1,,,7150,,5,,,,,,,,,,,,,,,,,10,au_extension
194,202,0,0,,,,,【12days/11nights extension of rental】au KDDI,1,,,,,,,,【12days/11nights extension of rental】au KDDI,au_ex-11.jpg,*,au_ex-11.jpg,au_ex-11.jpg,,,,,,,,,,,,,,,,,,,,,,0,1,7053,,1,,,7800,,5,,,,,,,,,,,,,,,,,10,au_extension
195,203,0,0,,,,,【13days/12nights extension of rental】au KDDI,1,,,,,,,,【13days/12nights extension of rental】au KDDI,au_ex-12.jpg,*,au_ex-12.jpg,au_ex-12.jpg,,,,,,,,,,,,,,,,,,,,,,0,1,7054,,1,,,8450,,5,,,,,,,,,,,,,,,,,10,au_extension
196,204,0,0,,,,,【14days/13nights extension of rental】au KDDI,1,,,,,,,,【14days/13nights extension of rental】au KDDI,au_ex-13.jpg,*,au_ex-13.jpg,au_ex-13.jpg,,,,,,,,,,,,,,,,,,,,,,0,1,7055,,1,,,9100,,5,,,,,,,,,,,,,,,,,10,au_extension
197,205,0,0,,,,,【15days/14nights〜1month extension of rental】au KDDI,1,,,,,,,,【15days/14nights〜1month extension of rental】au KDDI,au_ex-14.jpg,*,au_ex-14.jpg,au_ex-14.jpg,,,,,,,,,,,,,,,,,,,,,,0,1,7056,,1,,,9750,,5,,,,,,,,,,,,,,,,,10,au_extension
198,206,0,0,,,,,【2month extension of rental】au KDDI,1,,,,,,,,【2month extension of rental】au KDDI,au_ex-15.jpg,*,au_ex-15.jpg,au_ex-15.jpg,,,,,,,,,,,,,,,,,,,,,,0,1,7057,,1,,,17300,,5,,,,,,,,,,,,,,,,,10,au_extension
199,207,0,0,,,,,【3month extension of rental】au KDDI,1,,,,,,,,【3month extension of rental】au KDDI,au_ex-16.jpg,*,au_ex-16.jpg,au_ex-16.jpg,,,,,,,,,,,,,,,,,,,,,,0,1,7058,,1,,,24200,,5,,,,,,,,,,,,,,,,,10,au_extension
200,208,0,0,,,,,【1day extension of rental】au KDDI+Insurance,1,,,,,,,,【1day extension of rental】au KDDI+Insurance,au_ex-00.jpg,*,au_ex-00.jpg,au_ex-00.jpg,,,,,,,,,,,,,,,,,,,,,,0,1,7059,,1,,,1190,,5,,,,,,,,,,,,,,,,,10,au_extension
201,209,0,0,,,,,【2days/1nights extension of rental】au KDDI+Insurance,1,,,,,,,,【2days/1nights extension of rental】au KDDI+Insurance,au_ex-01.jpg,*,au_ex-01.jpg,au_ex-01.jpg,,,,,,,,,,,,,,,,,,,,,,0,1,7060,,1,,,1840,,5,,,,,,,,,,,,,,,,,10,au_extension
202,210,0,0,,,,,【3days/2nights extension of rental】au KDDI+Insurance,1,,,,,,,,【3days/2nights extension of rental】au KDDI+Insurance,au_ex-02.jpg,*,au_ex-02.jpg,au_ex-02.jpg,,,,,,,,,,,,,,,,,,,,,,0,1,7061,,1,,,2490,,5,,,,,,,,,,,,,,,,,10,au_extension
203,211,0,0,,,,,【4days/3nights extension of rental】au KDDI+Insurance,1,,,,,,,,【4days/3nights extension of rental】au KDDI+Insurance,au_ex-03.jpg,*,au_ex-03.jpg,au_ex-03.jpg,,,,,,,,,,,,,,,,,,,,,,0,1,7062,,1,,,3140,,5,,,,,,,,,,,,,,,,,10,au_extension
204,212,0,0,,,,,【5days/4nights extension of rental】au KDDI+Insurance,1,,,,,,,,【5days/4nights extension of rental】au KDDI+Insurance,au_ex-04.jpg,*,au_ex-04.jpg,au_ex-04.jpg,,,,,,,,,,,,,,,,,,,,,,0,1,7063,,1,,,3790,,5,,,,,,,,,,,,,,,,,10,au_extension
205,213,0,0,,,,,【6days/5nights extension of rental】au KDDI+Insurance,1,,,,,,,,【6days/5nights extension of rental】au KDDI+Insurance,au_ex-05.jpg,*,au_ex-05.jpg,au_ex-05.jpg,,,,,,,,,,,,,,,,,,,,,,0,1,7064,,1,,,4440,,5,,,,,,,,,,,,,,,,,10,au_extension
206,214,0,0,,,,,【7days/6nights extension of rental】au KDDI+Insurance,1,,,,,,,,【7days/6nights extension of rental】au KDDI+Insurance,au_ex-06.jpg,*,au_ex-06.jpg,au_ex-06.jpg,,,,,,,,,,,,,,,,,,,,,,0,1,7065,,1,,,5090,,5,,,,,,,,,,,,,,,,,10,au_extension
207,215,0,0,,,,,【8days/7nights extension of rental】au KDDI+Insurance,1,,,,,,,,【8days/7nights extension of rental】au KDDI+Insurance,au_ex-07.jpg,*,au_ex-07.jpg,au_ex-07.jpg,,,,,,,,,,,,,,,,,,,,,,0,1,7066,,1,,,5740,,5,,,,,,,,,,,,,,,,,10,au_extension
208,216,0,0,,,,,【9days/8nights extension of rental】au KDDI+Insurance,1,,,,,,,,【9days/8nights extension of rental】au KDDI+Insurance,au_ex-08.jpg,*,au_ex-08.jpg,au_ex-08.jpg,,,,,,,,,,,,,,,,,,,,,,0,1,7067,,1,,,6390,,5,,,,,,,,,,,,,,,,,10,au_extension
209,217,0,0,,,,,【10days/9nights extension of rental】au KDDI+Insurance,1,,,,,,,,【10days/9nights extension of rental】au KDDI+Insurance,au_ex-09.jpg,*,au_ex-09.jpg,au_ex-09.jpg,,,,,,,,,,,,,,,,,,,,,,0,1,7068,,1,,,7040,,5,,,,,,,,,,,,,,,,,10,au_extension
210,218,0,0,,,,,【11days/10nights extension of rental】au KDDI+Insurance,1,,,,,,,,【11days/10nights extension of rental】au KDDI+Insurance,au_ex-10.jpg,*,au_ex-10.jpg,au_ex-10.jpg,,,,,,,,,,,,,,,,,,,,,,0,1,7069,,1,,,7690,,5,,,,,,,,,,,,,,,,,10,au_extension
211,219,0,0,,,,,【12days/11nights extension of rental】au KDDI+Insurance,1,,,,,,,,【12days/11nights extension of rental】au KDDI+Insurance,au_ex-11.jpg,*,au_ex-11.jpg,au_ex-11.jpg,,,,,,,,,,,,,,,,,,,,,,0,1,7070,,1,,,8340,,5,,,,,,,,,,,,,,,,,10,au_extension
212,220,0,0,,,,,【13days/12nights extension of rental】au KDDI+Insurance,1,,,,,,,,【13days/12nights extension of rental】au KDDI+Insurance,au_ex-12.jpg,*,au_ex-12.jpg,au_ex-12.jpg,,,,,,,,,,,,,,,,,,,,,,0,1,7071,,1,,,8990,,5,,,,,,,,,,,,,,,,,10,au_extension
213,221,0,0,,,,,【14days/13nights extension of rental】au KDDI+Insurance,1,,,,,,,,【14days/13nights extension of rental】au KDDI+Insurance,au_ex-13.jpg,*,au_ex-13.jpg,au_ex-13.jpg,,,,,,,,,,,,,,,,,,,,,,0,1,7072,,1,,,9640,,5,,,,,,,,,,,,,,,,,10,au_extension
214,222,0,0,,,,,【15days/14nights〜1month extension of rental】au KDDI+Insurance,1,,,,,,,,【15days/14nights〜1month extension of rental】au KDDI+Insurance,au_ex-14.jpg,*,au_ex-14.jpg,au_ex-14.jpg,,,,,,,,,,,,,,,,,,,,,,0,1,7073,,1,,,10290,,5,,,,,,,,,,,,,,,,,10,au_extension
215,223,0,0,,,,,【2month extension of rental】au KDDI+Insurance,1,,,,,,,,【2month extension of rental】au KDDI+Insurance,au_ex-15.jpg,*,au_ex-15.jpg,au_ex-15.jpg,,,,,,,,,,,,,,,,,,,,,,0,1,7074,,1,,,17840,,5,,,,,,,,,,,,,,,,,10,au_extension
216,224,0,0,,,,,【3month extension of rental】au KDDI+Insurance,1,,,,,,,,【3month extension of rental】au KDDI+Insurance,au_ex-16.jpg,*,au_ex-16.jpg,au_ex-16.jpg,,,,,,,,,,,,,,,,,,,,,,0,1,7075,,1,,,24740,,5,,,,,,,,,,,,,,,,,10,au_extension
220,228,0,0,,,,,addcharge,1,,,,,,,,*,,*,,,,,,,,,,,,,,,,,,,,,,,,0,1,addcharge,,1,,,1080,,0,,,,,,,,,,,,,,,,,"8,9,10","Ymobile_extension,WiMAX_extension,au_extension"
254,262,0,0,,,,,【1day extension of rental】SoftBank,1,,,,,,,,【1day extension of rental】SoftBank,sb_ex/ex-00.jpg,*,sb_ex/ex-00.jpg,sb_ex/ex-00.jpg,,,,,,,,,,,,,,,,,,,,,,0,1,7142,,1,,,550,,5,,,,,,,,,,,,,,,,,12,SoftBank_extension
255,263,0,0,,,,,【2days/1nights extension of rental】SoftBank,1,,,,,,,,【2days/1nights extension of rental】SoftBank,sb_ex/ex-01.jpg,*,sb_ex/ex-01.jpg,sb_ex/ex-01.jpg,,,,,,,,,,,,,,,,,,,,,,0,1,7143,,1,,,1100,,5,,,,,,,,,,,,,,,,,12,SoftBank_extension
256,264,0,0,,,,,【3days/2nights extension of rental】SoftBank,1,,,,,,,,【3days/2nights extension of rental】SoftBank,sb_ex/ex-02.jpg,*,sb_ex/ex-02.jpg,sb_ex/ex-02.jpg,,,,,,,,,,,,,,,,,,,,,,0,1,7144,,1,,,1650,,5,,,,,,,,,,,,,,,,,12,SoftBank_extension
257,265,0,0,,,,,【4days/3nights extension of rental】SoftBank,1,,,,,,,,【4days/3nights extension of rental】SoftBank,sb_ex/ex-03.jpg,*,sb_ex/ex-03.jpg,sb_ex/ex-03.jpg,,,,,,,,,,,,,,,,,,,,,,0,1,7145,,1,,,2200,,5,,,,,,,,,,,,,,,,,12,SoftBank_extension
258,266,0,0,,,,,【5days/4nights extension of rental】SoftBank,1,,,,,,,,【5days/4nights extension of rental】SoftBank,sb_ex/ex-04.jpg,*,sb_ex/ex-04.jpg,sb_ex/ex-04.jpg,,,,,,,,,,,,,,,,,,,,,,0,1,7146,,1,,,2750,,5,,,,,,,,,,,,,,,,,12,SoftBank_extension
259,267,0,0,,,,,【6days/5nights extension of rental】SoftBank,1,,,,,,,,【6days/5nights extension of rental】SoftBank,sb_ex/ex-05.jpg,*,sb_ex/ex-05.jpg,sb_ex/ex-05.jpg,,,,,,,,,,,,,,,,,,,,,,0,1,7147,,1,,,3300,,5,,,,,,,,,,,,,,,,,12,SoftBank_extension
260,268,0,0,,,,,【7days/6nights extension of rental】SoftBank,1,,,,,,,,【7days/6nights extension of rental】SoftBank,sb_ex/ex-06.jpg,*,sb_ex/ex-06.jpg,sb_ex/ex-06.jpg,,,,,,,,,,,,,,,,,,,,,,0,1,7148,,1,,,3850,,5,,,,,,,,,,,,,,,,,12,SoftBank_extension
261,269,0,0,,,,,【8days/7nights extension of rental】SoftBank,1,,,,,,,,【8days/7nights extension of rental】SoftBank,sb_ex/ex-07.jpg,*,sb_ex/ex-07.jpg,sb_ex/ex-07.jpg,,,,,,,,,,,,,,,,,,,,,,0,1,7149,,1,,,4400,,5,,,,,,,,,,,,,,,,,12,SoftBank_extension
262,270,0,0,,,,,【9days/8nights extension of rental】SoftBank,1,,,,,,,,【9days/8nights extension of rental】SoftBank,sb_ex/ex-08.jpg,*,sb_ex/ex-08.jpg,sb_ex/ex-08.jpg,,,,,,,,,,,,,,,,,,,,,,0,1,7150,,1,,,4950,,5,,,,,,,,,,,,,,,,,12,SoftBank_extension
263,271,0,0,,,,,【10days/9nights extension of rental】SoftBank,1,,,,,,,,【10days/9nights extension of rental】SoftBank,sb_ex/ex-09.jpg,*,sb_ex/ex-09.jpg,sb_ex/ex-09.jpg,,,,,,,,,,,,,,,,,,,,,,0,1,7151,,1,,,5500,,5,,,,,,,,,,,,,,,,,12,SoftBank_extension
264,272,0,0,,,,,【11days/10nights extension of rental】SoftBank,1,,,,,,,,【11days/10nights extension of rental】SoftBank,sb_ex/ex-10.jpg,*,sb_ex/ex-10.jpg,sb_ex/ex-10.jpg,,,,,,,,,,,,,,,,,,,,,,0,1,7152,,1,,,6050,,5,,,,,,,,,,,,,,,,,12,SoftBank_extension
265,273,0,0,,,,,【12days/11nights extension of rental】SoftBank,1,,,,,,,,【12days/11nights extension of rental】SoftBank,sb_ex/ex-11.jpg,*,sb_ex/ex-11.jpg,sb_ex/ex-11.jpg,,,,,,,,,,,,,,,,,,,,,,0,1,7153,,1,,,6600,,5,,,,,,,,,,,,,,,,,12,SoftBank_extension
266,274,0,0,,,,,【13days/12nights extension of rental】SoftBank,1,,,,,,,,【13days/12nights extension of rental】SoftBank,sb_ex/ex-12.jpg,*,sb_ex/ex-12.jpg,sb_ex/ex-12.jpg,,,,,,,,,,,,,,,,,,,,,,0,1,7154,,1,,,7150,,5,,,,,,,,,,,,,,,,,12,SoftBank_extension
267,275,0,0,,,,,【14days/13nights extension of rental】SoftBank,1,,,,,,,,【14days/13nights extension of rental】SoftBank,sb_ex/ex-13.jpg,*,sb_ex/ex-13.jpg,sb_ex/ex-13.jpg,,,,,,,,,,,,,,,,,,,,,,0,1,7155,,1,,,7700,,5,,,,,,,,,,,,,,,,,12,SoftBank_extension
268,276,0,0,,,,,【15days/14nights〜1month extension of rental】SoftBank,1,,,,,,,,【15days/14nights〜1month extension of rental】SoftBank,sb_ex/ex-14.jpg,*,sb_ex/ex-14.jpg,sb_ex/ex-14.jpg,,,,,,,,,,,,,,,,,,,,,,0,1,7156,,1,,,8250,,5,,,,,,,,,,,,,,,,,12,SoftBank_extension
269,277,0,0,,,,,【2month extension of rental】SoftBank,1,,,,,,,,【2month extension of rental】SoftBank,sb_ex/ex-15.jpg,*,sb_ex/ex-15.jpg,sb_ex/ex-15.jpg,,,,,,,,,,,,,,,,,,,,,,0,1,7157,,1,,,14650,,5,,,,,,,,,,,,,,,,,12,SoftBank_extension
270,278,0,0,,,,,【3month extension of rental】SoftBank,1,,,,,,,,【3month extension of rental】SoftBank,sb_ex/ex-16.jpg,*,sb_ex/ex-16.jpg,sb_ex/ex-16.jpg,,,,,,,,,,,,,,,,,,,,,,0,1,7158,,1,,,20500,,5,,,,,,,,,,,,,,,,,12,SoftBank_extension
277,285,0,0,,,,,【4month extension of rental】SoftBank,1,,,,,,,,【4month extension of rental】SoftBank,sb_ex/ex-17.jpg,*,sb_ex/ex-17.jpg,sb_ex/ex-17.jpg,,,,,,,,,,,,,,,,,,,,,,0,1,7159,,1,,,23000,,5,,,,,,,,,,,,,,,,,12,SoftBank_extension
278,286,0,0,,,,,【5month extension of rental】SoftBank,1,,,,,,,,【5month extension of rental】SoftBank,sb_ex/ex-18.jpg,*,sb_ex/ex-18.jpg,sb_ex/ex-18.jpg,,,,,,,,,,,,,,,,,,,,,,0,1,7160,,1,,,25500,,5,,,,,,,,,,,,,,,,,12,SoftBank_extension
279,287,0,0,,,,,【6month extension of rental】SoftBank,1,,,,,,,,【6month extension of rental】SoftBank,sb_ex/ex-19.jpg,*,sb_ex/ex-19.jpg,sb_ex/ex-19.jpg,,,,,,,,,,,,,,,,,,,,,,0,1,7161,,1,,,28000,,5,,,,,,,,,,,,,,,,,12,SoftBank_extension
286,294,0,0,,,,,【4month extension of rental】Y!mobile,1,,,,,,,,【4month extension of rental】Y!mobile,ym_ex/ym_ex-17.jpg,*,ym_ex/ym_ex-17.jpg,ym_ex/ym_ex-17.jpg,,,,,,,,,,,,,,,,,,,,,,0,1,7168,,1,,,18800,,5,,,,,,,,,,,,,,,,,8,Ymobile_extension
287,295,0,0,,,,,【5month extension of rental】Y!mobile,1,,,,,,,,【5month extension of rental】Y!mobile,ym_ex/ym_ex-18.jpg,*,ym_ex/ym_ex-18.jpg,ym_ex/ym_ex-18.jpg,,,,,,,,,,,,,,,,,,,,,,0,1,7169,,1,,,20800,,5,,,,,,,,,,,,,,,,,8,Ymobile_extension
288,296,0,0,,,,,【6month extension of rental】Y!mobile,1,,,,,,,,【6month extension of rental】Y!mobile,ym_ex/ym_ex-19.jpg,*,ym_ex/ym_ex-19.jpg,ym_ex/ym_ex-19.jpg,,,,,,,,,,,,,,,,,,,,,,0,1,7170,,1,,,22800,,5,,,,,,,,,,,,,,,,,8,Ymobile_extension
289,297,0,0,,,,,【1day RENTAL】SoftBank 303ZT,1,,,,,,,,【1day RENTAL】SoftBank 303ZT,sb/sb-00.jpg,*,sb/sb-00.jpg,sb/sb-00.jpg,,,,,,,,,,,,,,,,,,,,,,0,1,7171,,1,,,550,,5,,,,,,,,,,,,,,,,,11,SoftBank
290,298,0,0,,,,,【1day RENTAL】au KDDI HWD11,1,,,,,,,,【1day RENTAL】au KDDI HWD11,au/au-00.jpg,*,au/au-00.jpg,au/au-00.jpg,,,,,,,,,,,,,,,,,,,,,,0,1,7172,,1,,,650,,5,,,,,,,,,,,,,,,,,7,au
292,414,9,7,Request(+￥50/1day),Sign up (+￥540),,,【2days/1night RENTAL】Y!mobile Pocket Wi-Fi  GL06P,1,,,,,,,,【2days/1night RENTAL】EMOBILE Pocket Wi-Fi LTE GL06P,03191055_550a2ca96b12f.jpg,*,03191055_550a2ca9685eb.jpg,03191055_550a2ca96578d.jpg,,,,,,,,,,,,,,,,,,,,,,0,1,en_ym_001_in_bt,,1,,900,1540,,5,,,,,,,,,,,,,,,,,2,Y!mobile
292,413,10,7,Not request(+￥0),Sign up (+￥540),,,【2days/1night RENTAL】Y!mobile Pocket Wi-Fi  GL06P,1,,,,,,,,【2days/1night RENTAL】EMOBILE Pocket Wi-Fi LTE GL06P,03191055_550a2ca96b12f.jpg,*,03191055_550a2ca9685eb.jpg,03191055_550a2ca96578d.jpg,,,,,,,,,,,,,,,,,,,,,,0,1,en_ym_001_in,,1,,900,1440,,5,,,,,,,,,,,,,,,,,2,Y!mobile
292,412,9,8,Request(+￥50/1day),Not sign up (+￥0),,,【2days/1night RENTAL】Y!mobile Pocket Wi-Fi  GL06P,1,,,,,,,,【2days/1night RENTAL】EMOBILE Pocket Wi-Fi LTE GL06P,03191055_550a2ca96b12f.jpg,*,03191055_550a2ca9685eb.jpg,03191055_550a2ca96578d.jpg,,,,,,,,,,,,,,,,,,,,,,0,1,en_ym_001_bt,,1,,900,1000,,5,,,,,,,,,,,,,,,,,2,Y!mobile
292,411,10,8,Not request(+￥0),Not sign up (+￥0),,,【2days/1night RENTAL】Y!mobile Pocket Wi-Fi  GL06P,1,,,,,,,,【2days/1night RENTAL】EMOBILE Pocket Wi-Fi LTE GL06P,03191055_550a2ca96b12f.jpg,*,03191055_550a2ca9685eb.jpg,03191055_550a2ca96578d.jpg,,,,,,,,,,,,,,,,,,,,,,0,1,en_ym_001,,1,,900,900,,5,,,,,,,,,,,,,,,,,2,Y!mobile
293,417,9,7,Request(+￥50/1day),Sign up (+￥540),,,【3days/2nights RENTAL】Y!mobile Pocket Wi-Fi  GL06P,1,,,,,,,,【3days/2nights RENTAL】EMOBILE Pocket Wi-Fi LTE GL06P,03191055_550a2c9025a5b.jpg,*,03191055_550a2c9023293.jpg,03191055_550a2c9020635.jpg,,,,,,,,,,,,,,,,,,,,,,0,1,en_ym_002_in_bt,,1,,1350,2040,,5,,,,,,,,,,,,,,,,,2,Y!mobile
293,416,10,7,Not request(+￥0),Sign up (+￥540),,,【3days/2nights RENTAL】Y!mobile Pocket Wi-Fi  GL06P,1,,,,,,,,【3days/2nights RENTAL】EMOBILE Pocket Wi-Fi LTE GL06P,03191055_550a2c9025a5b.jpg,*,03191055_550a2c9023293.jpg,03191055_550a2c9020635.jpg,,,,,,,,,,,,,,,,,,,,,,0,1,en_ym_002_in,,1,,1350,1890,,5,,,,,,,,,,,,,,,,,2,Y!mobile
293,415,9,8,Request(+￥50/1day),Not sign up (+￥0),,,【3days/2nights RENTAL】Y!mobile Pocket Wi-Fi  GL06P,1,,,,,,,,【3days/2nights RENTAL】EMOBILE Pocket Wi-Fi LTE GL06P,03191055_550a2c9025a5b.jpg,*,03191055_550a2c9023293.jpg,03191055_550a2c9020635.jpg,,,,,,,,,,,,,,,,,,,,,,0,1,en_ym_002_bt,,1,,1350,1500,,5,,,,,,,,,,,,,,,,,2,Y!mobile
293,301,10,8,Not request(+￥0),Not sign up (+￥0),,,【3days/2nights RENTAL】Y!mobile Pocket Wi-Fi  GL06P,1,,,,,,,,【3days/2nights RENTAL】EMOBILE Pocket Wi-Fi LTE GL06P,03191055_550a2c9025a5b.jpg,*,03191055_550a2c9023293.jpg,03191055_550a2c9020635.jpg,,,,,,,,,,,,,,,,,,,,,,0,1,en_ym_002,,1,,1350,1350,,5,,,,,,,,,,,,,,,,,2,Y!mobile
294,420,9,7,Request(+￥50/1day),Sign up (+￥540),,,【4days/3nights RENTAL】Y!mobile Pocket Wi-Fi  GL06P,1,,,,,,,,【4days/3nights RENTAL】EMOBILE Pocket Wi-Fi LTE GL06P,03191055_550a2c7821bc1.jpg,*,03191055_550a2c781ed69.jpg,03191055_550a2c781b92d.jpg,,,,,,,,,,,,,,,,,,,,,,0,1,en_ym_003_in_bt,,1,,1800,2540,,5,,,,,,,,,,,,,,,,,2,Y!mobile
294,419,10,7,Not request(+￥0),Sign up (+￥540),,,【4days/3nights RENTAL】Y!mobile Pocket Wi-Fi  GL06P,1,,,,,,,,【4days/3nights RENTAL】EMOBILE Pocket Wi-Fi LTE GL06P,03191055_550a2c7821bc1.jpg,*,03191055_550a2c781ed69.jpg,03191055_550a2c781b92d.jpg,,,,,,,,,,,,,,,,,,,,,,0,1,en_ym_003_in,,1,,1800,2340,,5,,,,,,,,,,,,,,,,,2,Y!mobile
294,418,9,8,Request(+￥50/1day),Not sign up (+￥0),,,【4days/3nights RENTAL】Y!mobile Pocket Wi-Fi  GL06P,1,,,,,,,,【4days/3nights RENTAL】EMOBILE Pocket Wi-Fi LTE GL06P,03191055_550a2c7821bc1.jpg,*,03191055_550a2c781ed69.jpg,03191055_550a2c781b92d.jpg,,,,,,,,,,,,,,,,,,,,,,0,1,en_ym_003_bt,,1,,1800,2000,,5,,,,,,,,,,,,,,,,,2,Y!mobile
294,302,10,8,Not request(+￥0),Not sign up (+￥0),,,【4days/3nights RENTAL】Y!mobile Pocket Wi-Fi  GL06P,1,,,,,,,,【4days/3nights RENTAL】EMOBILE Pocket Wi-Fi LTE GL06P,03191055_550a2c7821bc1.jpg,*,03191055_550a2c781ed69.jpg,03191055_550a2c781b92d.jpg,,,,,,,,,,,,,,,,,,,,,,0,1,en_ym_003,,1,,1800,1800,,5,,,,,,,,,,,,,,,,,2,Y!mobile
295,423,9,7,Request(+￥50/1day),Sign up (+￥540),,,【5days/4nights RENTAL】Y!mobile Pocket Wi-Fi  GL06P,1,,,,,,,,【5days/4nights RENTAL】EMOBILE Pocket Wi-Fi LTE GL06P,03191054_550a2c6580eff.jpg,*,03191054_550a2c657e355.jpg,03191054_550a2c657b3b9.jpg,,,,,,,,,,,,,,,,,,,,,,0,1,en_ym_004_in_bt,,1,,2250,3040,,5,,,,,,,,,,,,,,,,,2,Y!mobile
295,422,10,7,Not request(+￥0),Sign up (+￥540),,,【5days/4nights RENTAL】Y!mobile Pocket Wi-Fi  GL06P,1,,,,,,,,【5days/4nights RENTAL】EMOBILE Pocket Wi-Fi LTE GL06P,03191054_550a2c6580eff.jpg,*,03191054_550a2c657e355.jpg,03191054_550a2c657b3b9.jpg,,,,,,,,,,,,,,,,,,,,,,0,1,en_ym_004_in,,1,,2250,2790,,5,,,,,,,,,,,,,,,,,2,Y!mobile
295,421,9,8,Request(+￥50/1day),Not sign up (+￥0),,,【5days/4nights RENTAL】Y!mobile Pocket Wi-Fi  GL06P,1,,,,,,,,【5days/4nights RENTAL】EMOBILE Pocket Wi-Fi LTE GL06P,03191054_550a2c6580eff.jpg,*,03191054_550a2c657e355.jpg,03191054_550a2c657b3b9.jpg,,,,,,,,,,,,,,,,,,,,,,0,1,en_ym_004_bt,,1,,2250,2500,,5,,,,,,,,,,,,,,,,,2,Y!mobile
295,303,10,8,Not request(+￥0),Not sign up (+￥0),,,【5days/4nights RENTAL】Y!mobile Pocket Wi-Fi  GL06P,1,,,,,,,,【5days/4nights RENTAL】EMOBILE Pocket Wi-Fi LTE GL06P,03191054_550a2c6580eff.jpg,*,03191054_550a2c657e355.jpg,03191054_550a2c657b3b9.jpg,,,,,,,,,,,,,,,,,,,,,,0,1,en_ym_004,,1,,2250,2250,,5,,,,,,,,,,,,,,,,,2,Y!mobile
296,426,9,7,Request(+￥50/1day),Sign up (+￥540),,,【6days/5nights RENTAL】Y!mobile Pocket Wi-Fi  GL06P,1,,,,,,,,【6days/5nights RENTAL】EMOBILE Pocket Wi-Fi LTE GL06P,03191052_550a2bf1a44c0.jpg,*,03191052_550a2bf1a1965.jpg,03191052_550a2bf19e9eb.jpg,,,,,,,,,,,,,,,,,,,,,,0,1,en_ym_005_in_bt,,1,,2700,3540,,5,,,,,,,,,,,,,,,,,2,Y!mobile
296,425,10,7,Not request(+￥0),Sign up (+￥540),,,【6days/5nights RENTAL】Y!mobile Pocket Wi-Fi  GL06P,1,,,,,,,,【6days/5nights RENTAL】EMOBILE Pocket Wi-Fi LTE GL06P,03191052_550a2bf1a44c0.jpg,*,03191052_550a2bf1a1965.jpg,03191052_550a2bf19e9eb.jpg,,,,,,,,,,,,,,,,,,,,,,0,1,en_ym_005_in,,1,,2700,3240,,5,,,,,,,,,,,,,,,,,2,Y!mobile
296,424,9,8,Request(+￥50/1day),Not sign up (+￥0),,,【6days/5nights RENTAL】Y!mobile Pocket Wi-Fi  GL06P,1,,,,,,,,【6days/5nights RENTAL】EMOBILE Pocket Wi-Fi LTE GL06P,03191052_550a2bf1a44c0.jpg,*,03191052_550a2bf1a1965.jpg,03191052_550a2bf19e9eb.jpg,,,,,,,,,,,,,,,,,,,,,,0,1,en_ym_005_bt,,1,,2700,3000,,5,,,,,,,,,,,,,,,,,2,Y!mobile
296,304,10,8,Not request(+￥0),Not sign up (+￥0),,,【6days/5nights RENTAL】Y!mobile Pocket Wi-Fi  GL06P,1,,,,,,,,【6days/5nights RENTAL】EMOBILE Pocket Wi-Fi LTE GL06P,03191052_550a2bf1a44c0.jpg,*,03191052_550a2bf1a1965.jpg,03191052_550a2bf19e9eb.jpg,,,,,,,,,,,,,,,,,,,,,,0,1,en_ym_005,,1,,2700,2700,,5,,,,,,,,,,,,,,,,,2,Y!mobile
297,429,9,7,Request(+￥50/1day),Sign up (+￥540),,,【7days/6nights RENTAL】Y!mobile Pocket Wi-Fi  GL06P,1,,,,,,,,【7days/6nights RENTAL】EMOBILE Pocket Wi-Fi LTE GL06P,03191052_550a2bdb2707e.jpg,*,03191052_550a2bdb2456d.jpg,03191052_550a2bdb21688.jpg,,,,,,,,,,,,,,,,,,,,,,0,1,en_ym_006_in_bt,,1,,3150,4040,,5,,,,,,,,,,,,,,,,,2,Y!mobile
297,428,10,7,Not request(+￥0),Sign up (+￥540),,,【7days/6nights RENTAL】Y!mobile Pocket Wi-Fi  GL06P,1,,,,,,,,【7days/6nights RENTAL】EMOBILE Pocket Wi-Fi LTE GL06P,03191052_550a2bdb2707e.jpg,*,03191052_550a2bdb2456d.jpg,03191052_550a2bdb21688.jpg,,,,,,,,,,,,,,,,,,,,,,0,1,en_ym_006_in,,1,,3150,3690,,5,,,,,,,,,,,,,,,,,2,Y!mobile
297,427,9,8,Request(+￥50/1day),Not sign up (+￥0),,,【7days/6nights RENTAL】Y!mobile Pocket Wi-Fi  GL06P,1,,,,,,,,【7days/6nights RENTAL】EMOBILE Pocket Wi-Fi LTE GL06P,03191052_550a2bdb2707e.jpg,*,03191052_550a2bdb2456d.jpg,03191052_550a2bdb21688.jpg,,,,,,,,,,,,,,,,,,,,,,0,1,en_ym_006_bt,,1,,3150,3500,,5,,,,,,,,,,,,,,,,,2,Y!mobile
297,305,10,8,Not request(+￥0),Not sign up (+￥0),,,【7days/6nights RENTAL】Y!mobile Pocket Wi-Fi  GL06P,1,,,,,,,,【7days/6nights RENTAL】EMOBILE Pocket Wi-Fi LTE GL06P,03191052_550a2bdb2707e.jpg,*,03191052_550a2bdb2456d.jpg,03191052_550a2bdb21688.jpg,,,,,,,,,,,,,,,,,,,,,,0,1,en_ym_006,,1,,3150,3150,,5,,,,,,,,,,,,,,,,,2,Y!mobile
298,432,9,7,Request(+￥50/1day),Sign up (+￥540),,,【8days/7nights RENTAL】Y!mobile Pocket Wi-Fi  GL06P,1,,,,,,,,【8days/7nights RENTAL】EMOBILE Pocket Wi-Fi LTE GL06P,03191052_550a2bc62288c.jpg,*,03191052_550a2bc61fc34.jpg,03191052_550a2bc61cd07.jpg,,,,,,,,,,,,,,,,,,,,,,0,1,en_ym_007_in_bt,,1,,3600,4540,,5,,,,,,,,,,,,,,,,,2,Y!mobile
298,431,10,7,Not request(+￥0),Sign up (+￥540),,,【8days/7nights RENTAL】Y!mobile Pocket Wi-Fi  GL06P,1,,,,,,,,【8days/7nights RENTAL】EMOBILE Pocket Wi-Fi LTE GL06P,03191052_550a2bc62288c.jpg,*,03191052_550a2bc61fc34.jpg,03191052_550a2bc61cd07.jpg,,,,,,,,,,,,,,,,,,,,,,0,1,en_ym_007_in,,1,,3600,4140,,5,,,,,,,,,,,,,,,,,2,Y!mobile
298,430,9,8,Request(+￥50/1day),Not sign up (+￥0),,,【8days/7nights RENTAL】Y!mobile Pocket Wi-Fi  GL06P,1,,,,,,,,【8days/7nights RENTAL】EMOBILE Pocket Wi-Fi LTE GL06P,03191052_550a2bc62288c.jpg,*,03191052_550a2bc61fc34.jpg,03191052_550a2bc61cd07.jpg,,,,,,,,,,,,,,,,,,,,,,0,1,en_ym_007_bt,,1,,3600,4000,,5,,,,,,,,,,,,,,,,,2,Y!mobile
298,306,10,8,Not request(+￥0),Not sign up (+￥0),,,【8days/7nights RENTAL】Y!mobile Pocket Wi-Fi  GL06P,1,,,,,,,,【8days/7nights RENTAL】EMOBILE Pocket Wi-Fi LTE GL06P,03191052_550a2bc62288c.jpg,*,03191052_550a2bc61fc34.jpg,03191052_550a2bc61cd07.jpg,,,,,,,,,,,,,,,,,,,,,,0,1,en_ym_007,,1,,3600,3600,,5,,,,,,,,,,,,,,,,,2,Y!mobile
299,435,9,7,Request(+￥50/1day),Sign up (+￥540),,,【9days/8nights RENTAL】Y!mobile Pocket Wi-Fi  GL06P,1,,,,,,,,【9days/8nights RENTAL】EMOBILE Pocket Wi-Fi LTE GL06P,03191051_550a2baf4be24.jpg,*,03191051_550a2baf494db.jpg,03191051_550a2baf46740.jpg,,,,,,,,,,,,,,,,,,,,,,0,1,en_ym_008_in_bt,,1,,4050,5040,,5,,,,,,,,,,,,,,,,,2,Y!mobile
299,434,10,7,Not request(+￥0),Sign up (+￥540),,,【9days/8nights RENTAL】Y!mobile Pocket Wi-Fi  GL06P,1,,,,,,,,【9days/8nights RENTAL】EMOBILE Pocket Wi-Fi LTE GL06P,03191051_550a2baf4be24.jpg,*,03191051_550a2baf494db.jpg,03191051_550a2baf46740.jpg,,,,,,,,,,,,,,,,,,,,,,0,1,en_ym_008_in,,1,,4050,4590,,5,,,,,,,,,,,,,,,,,2,Y!mobile
299,433,9,8,Request(+￥50/1day),Not sign up (+￥0),,,【9days/8nights RENTAL】Y!mobile Pocket Wi-Fi  GL06P,1,,,,,,,,【9days/8nights RENTAL】EMOBILE Pocket Wi-Fi LTE GL06P,03191051_550a2baf4be24.jpg,*,03191051_550a2baf494db.jpg,03191051_550a2baf46740.jpg,,,,,,,,,,,,,,,,,,,,,,0,1,en_ym_008_bt,,1,,4050,4500,,5,,,,,,,,,,,,,,,,,2,Y!mobile
299,307,10,8,Not request(+￥0),Not sign up (+￥0),,,【9days/8nights RENTAL】Y!mobile Pocket Wi-Fi  GL06P,1,,,,,,,,【9days/8nights RENTAL】EMOBILE Pocket Wi-Fi LTE GL06P,03191051_550a2baf4be24.jpg,*,03191051_550a2baf494db.jpg,03191051_550a2baf46740.jpg,,,,,,,,,,,,,,,,,,,,,,0,1,en_ym_008,,1,,4050,4050,,5,,,,,,,,,,,,,,,,,2,Y!mobile
300,438,9,7,Request(+￥50/1day),Sign up (+￥540),,,【10days/9nights RENTAL】Y!mobile Pocket Wi-Fi  GL06P,1,,,,,,,,【10days/9nights RENTAL】EMOBILE Pocket Wi-Fi LTE GL06P,03191051_550a2b9983e7d.jpg,*,03191051_550a2b99813d5.jpg,03191051_550a2b997e60a.jpg,,,,,,,,,,,,,,,,,,,,,,0,1,en_ym_009_in_bt,,1,,4500,5540,,5,,,,,,,,,,,,,,,,,2,Y!mobile
300,437,10,7,Not request(+￥0),Sign up (+￥540),,,【10days/9nights RENTAL】Y!mobile Pocket Wi-Fi  GL06P,1,,,,,,,,【10days/9nights RENTAL】EMOBILE Pocket Wi-Fi LTE GL06P,03191051_550a2b9983e7d.jpg,*,03191051_550a2b99813d5.jpg,03191051_550a2b997e60a.jpg,,,,,,,,,,,,,,,,,,,,,,0,1,en_ym_009_in,,1,,4500,5040,,5,,,,,,,,,,,,,,,,,2,Y!mobile
300,436,9,8,Request(+￥50/1day),Not sign up (+￥0),,,【10days/9nights RENTAL】Y!mobile Pocket Wi-Fi  GL06P,1,,,,,,,,【10days/9nights RENTAL】EMOBILE Pocket Wi-Fi LTE GL06P,03191051_550a2b9983e7d.jpg,*,03191051_550a2b99813d5.jpg,03191051_550a2b997e60a.jpg,,,,,,,,,,,,,,,,,,,,,,0,1,en_ym_009_bt,,1,,4500,5000,,5,,,,,,,,,,,,,,,,,2,Y!mobile
300,308,10,8,Not request(+￥0),Not sign up (+￥0),,,【10days/9nights RENTAL】Y!mobile Pocket Wi-Fi  GL06P,1,,,,,,,,【10days/9nights RENTAL】EMOBILE Pocket Wi-Fi LTE GL06P,03191051_550a2b9983e7d.jpg,*,03191051_550a2b99813d5.jpg,03191051_550a2b997e60a.jpg,,,,,,,,,,,,,,,,,,,,,,0,1,en_ym_009,,1,,4500,4500,,5,,,,,,,,,,,,,,,,,2,Y!mobile
301,441,9,7,Request(+￥50/1day),Sign up (+￥540),,,【11days/10nights RENTAL】Y!mobile Pocket Wi-Fi  GL06P,1,,,,,,,,【11days/10nights RENTAL】EMOBILE Pocket Wi-Fi LTE GL06P,03191054_550a2c4923902.jpg,*,03191054_550a2c4920d75.jpg,03191054_550a2c491dec0.jpg,,,,,,,,,,,,,,,,,,,,,,0,1,en_ym_010_in_bt,,1,,4950,6040,,5,,,,,,,,,,,,,,,,,2,Y!mobile
301,440,10,7,Not request(+￥0),Sign up (+￥540),,,【11days/10nights RENTAL】Y!mobile Pocket Wi-Fi  GL06P,1,,,,,,,,【11days/10nights RENTAL】EMOBILE Pocket Wi-Fi LTE GL06P,03191054_550a2c4923902.jpg,*,03191054_550a2c4920d75.jpg,03191054_550a2c491dec0.jpg,,,,,,,,,,,,,,,,,,,,,,0,1,en_ym_010_in,,1,,4950,5490,,5,,,,,,,,,,,,,,,,,2,Y!mobile
301,439,9,8,Request(+￥50/1day),Not sign up (+￥0),,,【11days/10nights RENTAL】Y!mobile Pocket Wi-Fi  GL06P,1,,,,,,,,【11days/10nights RENTAL】EMOBILE Pocket Wi-Fi LTE GL06P,03191054_550a2c4923902.jpg,*,03191054_550a2c4920d75.jpg,03191054_550a2c491dec0.jpg,,,,,,,,,,,,,,,,,,,,,,0,1,en_ym_010_bt,,1,,4950,5500,,5,,,,,,,,,,,,,,,,,2,Y!mobile
301,309,10,8,Not request(+￥0),Not sign up (+￥0),,,【11days/10nights RENTAL】Y!mobile Pocket Wi-Fi  GL06P,1,,,,,,,,【11days/10nights RENTAL】EMOBILE Pocket Wi-Fi LTE GL06P,03191054_550a2c4923902.jpg,*,03191054_550a2c4920d75.jpg,03191054_550a2c491dec0.jpg,,,,,,,,,,,,,,,,,,,,,,0,1,en_ym_010,,1,,4950,4950,,5,,,,,,,,,,,,,,,,,2,Y!mobile
302,444,9,7,Request(+￥50/1day),Sign up (+￥540),,,【12days/11nights RENTAL】Y!mobile Pocket Wi-Fi  GL06P,1,,,,,,,,【12days/11nights RENTAL】EMOBILE Pocket Wi-Fi LTE GL06P,03191051_550a2b854d68c.jpg,*,03191051_550a2b854aeaa.jpg,03191051_550a2b85481f5.jpg,,,,,,,,,,,,,,,,,,,,,,0,1,en_ym_011_in_bt,,1,,5400,6540,,5,,,,,,,,,,,,,,,,,2,Y!mobile
302,443,10,7,Not request(+￥0),Sign up (+￥540),,,【12days/11nights RENTAL】Y!mobile Pocket Wi-Fi  GL06P,1,,,,,,,,【12days/11nights RENTAL】EMOBILE Pocket Wi-Fi LTE GL06P,03191051_550a2b854d68c.jpg,*,03191051_550a2b854aeaa.jpg,03191051_550a2b85481f5.jpg,,,,,,,,,,,,,,,,,,,,,,0,1,en_ym_011_in,,1,,5400,5940,,5,,,,,,,,,,,,,,,,,2,Y!mobile
302,442,9,8,Request(+￥50/1day),Not sign up (+￥0),,,【12days/11nights RENTAL】Y!mobile Pocket Wi-Fi  GL06P,1,,,,,,,,【12days/11nights RENTAL】EMOBILE Pocket Wi-Fi LTE GL06P,03191051_550a2b854d68c.jpg,*,03191051_550a2b854aeaa.jpg,03191051_550a2b85481f5.jpg,,,,,,,,,,,,,,,,,,,,,,0,1,en_ym_011_bt,,1,,5400,6000,,5,,,,,,,,,,,,,,,,,2,Y!mobile
302,310,10,8,Not request(+￥0),Not sign up (+￥0),,,【12days/11nights RENTAL】Y!mobile Pocket Wi-Fi  GL06P,1,,,,,,,,【12days/11nights RENTAL】EMOBILE Pocket Wi-Fi LTE GL06P,03191051_550a2b854d68c.jpg,*,03191051_550a2b854aeaa.jpg,03191051_550a2b85481f5.jpg,,,,,,,,,,,,,,,,,,,,,,0,1,en_ym_011,,1,,5400,5400,,5,,,,,,,,,,,,,,,,,2,Y!mobile
303,447,9,7,Request(+￥50/1day),Sign up (+￥540),,,【13days/12nights RENTAL】Y!mobile Pocket Wi-Fi  GL06P,1,,,,,,,,【13days/12nights RENTAL】EMOBILE Pocket Wi-Fi LTE GL06P,03191050_550a2b7340f55.jpg,*,03191050_550a2b733e650.jpg,03191050_550a2b733b7ad.jpg,,,,,,,,,,,,,,,,,,,,,,0,1,en_ym_012_in_bt,,1,,5850,7040,,5,,,,,,,,,,,,,,,,,2,Y!mobile
303,446,10,7,Not request(+￥0),Sign up (+￥540),,,【13days/12nights RENTAL】Y!mobile Pocket Wi-Fi  GL06P,1,,,,,,,,【13days/12nights RENTAL】EMOBILE Pocket Wi-Fi LTE GL06P,03191050_550a2b7340f55.jpg,*,03191050_550a2b733e650.jpg,03191050_550a2b733b7ad.jpg,,,,,,,,,,,,,,,,,,,,,,0,1,en_ym_012_in,,1,,5850,6390,,5,,,,,,,,,,,,,,,,,2,Y!mobile
303,445,9,8,Request(+￥50/1day),Not sign up (+￥0),,,【13days/12nights RENTAL】Y!mobile Pocket Wi-Fi  GL06P,1,,,,,,,,【13days/12nights RENTAL】EMOBILE Pocket Wi-Fi LTE GL06P,03191050_550a2b7340f55.jpg,*,03191050_550a2b733e650.jpg,03191050_550a2b733b7ad.jpg,,,,,,,,,,,,,,,,,,,,,,0,1,en_ym_012_bt,,1,,5850,6500,,5,,,,,,,,,,,,,,,,,2,Y!mobile
303,311,10,8,Not request(+￥0),Not sign up (+￥0),,,【13days/12nights RENTAL】Y!mobile Pocket Wi-Fi  GL06P,1,,,,,,,,【13days/12nights RENTAL】EMOBILE Pocket Wi-Fi LTE GL06P,03191050_550a2b7340f55.jpg,*,03191050_550a2b733e650.jpg,03191050_550a2b733b7ad.jpg,,,,,,,,,,,,,,,,,,,,,,0,1,en_ym_012,,1,,5850,5850,,5,,,,,,,,,,,,,,,,,2,Y!mobile
304,450,9,7,Request(+￥50/1day),Sign up (+￥540),,,【14days/13nights RENTAL】Y!mobile Pocket Wi-Fi  GL06P,1,,,,,,,,【14days/13nights RENTAL】EMOBILE Pocket Wi-Fi LTE GL06P,03191050_550a2b5cb9f0d.jpg,*,03191050_550a2b5cb75da.jpg,03191050_550a2b5cb4539.jpg,,,,,,,,,,,,,,,,,,,,,,0,1,en_ym_013_in_bt,,1,,6300,7540,,5,,,,,,,,,,,,,,,,,2,Y!mobile
304,449,10,7,Not request(+￥0),Sign up (+￥540),,,【14days/13nights RENTAL】Y!mobile Pocket Wi-Fi  GL06P,1,,,,,,,,【14days/13nights RENTAL】EMOBILE Pocket Wi-Fi LTE GL06P,03191050_550a2b5cb9f0d.jpg,*,03191050_550a2b5cb75da.jpg,03191050_550a2b5cb4539.jpg,,,,,,,,,,,,,,,,,,,,,,0,1,en_ym_013_in,,1,,6300,6840,,5,,,,,,,,,,,,,,,,,2,Y!mobile
304,448,9,8,Request(+￥50/1day),Not sign up (+￥0),,,【14days/13nights RENTAL】Y!mobile Pocket Wi-Fi  GL06P,1,,,,,,,,【14days/13nights RENTAL】EMOBILE Pocket Wi-Fi LTE GL06P,03191050_550a2b5cb9f0d.jpg,*,03191050_550a2b5cb75da.jpg,03191050_550a2b5cb4539.jpg,,,,,,,,,,,,,,,,,,,,,,0,1,en_ym_013_bt,,1,,6300,7000,,5,,,,,,,,,,,,,,,,,2,Y!mobile
304,312,10,8,Not request(+￥0),Not sign up (+￥0),,,【14days/13nights RENTAL】Y!mobile Pocket Wi-Fi  GL06P,1,,,,,,,,【14days/13nights RENTAL】EMOBILE Pocket Wi-Fi LTE GL06P,03191050_550a2b5cb9f0d.jpg,*,03191050_550a2b5cb75da.jpg,03191050_550a2b5cb4539.jpg,,,,,,,,,,,,,,,,,,,,,,0,1,en_ym_013,,1,,6300,6300,,5,,,,,,,,,,,,,,,,,2,Y!mobile
305,453,9,7,Request(+￥50/1day),Sign up (+￥540),,,【15days/14nights〜1month RENTAL】Y!mobile Pocket Wi-Fi  GL06P,1,,,,,,,,【15days/14nights〜1month RENTAL】EMOBILE Pocket Wi-Fi LTE GL06P,03191049_550a2b463df9b.jpg,*,03191049_550a2b463b4b2.jpg,03191049_550a2b46385c4.jpg,,,,,,,,,,,,,,,,,,,,,,0,1,en_ym_014_in_bt,,1,,6750,8040,,5,,,,,,,,,,,,,,,,,2,Y!mobile
305,452,10,7,Not request(+￥0),Sign up (+￥540),,,【15days/14nights〜1month RENTAL】Y!mobile Pocket Wi-Fi  GL06P,1,,,,,,,,【15days/14nights〜1month RENTAL】EMOBILE Pocket Wi-Fi LTE GL06P,03191049_550a2b463df9b.jpg,*,03191049_550a2b463b4b2.jpg,03191049_550a2b46385c4.jpg,,,,,,,,,,,,,,,,,,,,,,0,1,en_ym_014_in,,1,,6750,7290,,5,,,,,,,,,,,,,,,,,2,Y!mobile
305,451,9,8,Request(+￥50/1day),Not sign up (+￥0),,,【15days/14nights〜1month RENTAL】Y!mobile Pocket Wi-Fi  GL06P,1,,,,,,,,【15days/14nights〜1month RENTAL】EMOBILE Pocket Wi-Fi LTE GL06P,03191049_550a2b463df9b.jpg,*,03191049_550a2b463b4b2.jpg,03191049_550a2b46385c4.jpg,,,,,,,,,,,,,,,,,,,,,,0,1,en_ym_014_bt,,1,,6750,7500,,5,,,,,,,,,,,,,,,,,2,Y!mobile
305,313,10,8,Not request(+￥0),Not sign up (+￥0),,,【15days/14nights〜1month RENTAL】Y!mobile Pocket Wi-Fi  GL06P,1,,,,,,,,【15days/14nights〜1month RENTAL】EMOBILE Pocket Wi-Fi LTE GL06P,03191049_550a2b463df9b.jpg,*,03191049_550a2b463b4b2.jpg,03191049_550a2b46385c4.jpg,,,,,,,,,,,,,,,,,,,,,,0,1,en_ym_014,,1,,6750,6750,,5,,,,,,,,,,,,,,,,,2,Y!mobile
306,456,9,7,Request(+￥50/1day),Sign up (+￥540),,,【2-month RENTAL】Y!mobile Pocket Wi-Fi  GL06P,1,,,,,,,,【2-month RENTAL】EMOBILE Pocket Wi-Fi LTE GL06P,03191049_550a2b309c673.jpg,*,03191049_550a2b3099c5a.jpg,03191049_550a2b3096cb2.jpg,,,,,,,,,,,,,,,,,,,,,,0,1,en_ym_060_in_bt,,1,,12000,13590,,5,,,,,,,,,,,,,,,,,2,Y!mobile
306,455,10,7,Not request(+￥0),Sign up (+￥540),,,【2-month RENTAL】Y!mobile Pocket Wi-Fi  GL06P,1,,,,,,,,【2-month RENTAL】EMOBILE Pocket Wi-Fi LTE GL06P,03191049_550a2b309c673.jpg,*,03191049_550a2b3099c5a.jpg,03191049_550a2b3096cb2.jpg,,,,,,,,,,,,,,,,,,,,,,0,1,en_ym_060_in,,1,,12000,12540,,5,,,,,,,,,,,,,,,,,2,Y!mobile
306,454,9,8,Request(+￥50/1day),Not sign up (+￥0),,,【2-month RENTAL】Y!mobile Pocket Wi-Fi  GL06P,1,,,,,,,,【2-month RENTAL】EMOBILE Pocket Wi-Fi LTE GL06P,03191049_550a2b309c673.jpg,*,03191049_550a2b3099c5a.jpg,03191049_550a2b3096cb2.jpg,,,,,,,,,,,,,,,,,,,,,,0,1,en_ym_060_bt,,1,,12000,13050,,5,,,,,,,,,,,,,,,,,2,Y!mobile
306,314,10,8,Not request(+￥0),Not sign up (+￥0),,,【2-month RENTAL】Y!mobile Pocket Wi-Fi  GL06P,1,,,,,,,,【2-month RENTAL】EMOBILE Pocket Wi-Fi LTE GL06P,03191049_550a2b309c673.jpg,*,03191049_550a2b3099c5a.jpg,03191049_550a2b3096cb2.jpg,,,,,,,,,,,,,,,,,,,,,,0,1,en_ym_060,,1,,12000,12000,,5,,,,,,,,,,,,,,,,,2,Y!mobile
307,459,9,7,Request(+￥50/1day),Sign up (+￥540),,,【3-month RENTAL】Y!mobile Pocket Wi-Fi  GL06P,1,,,,,,,,【3-month RENTAL】EMOBILE Pocket Wi-Fi LTE GL06P,03191049_550a2b172ba9b.jpg,*,03191049_550a2b1729120.jpg,03191049_550a2b172617a.jpg,,,,,,,,,,,,,,,,,,,,,,0,1,en_ym_090_in_bt,,1,,16800,18690,,5,,,,,,,,,,,,,,,,,2,Y!mobile
307,458,10,7,Not request(+￥0),Sign up (+￥540),,,【3-month RENTAL】Y!mobile Pocket Wi-Fi  GL06P,1,,,,,,,,【3-month RENTAL】EMOBILE Pocket Wi-Fi LTE GL06P,03191049_550a2b172ba9b.jpg,*,03191049_550a2b1729120.jpg,03191049_550a2b172617a.jpg,,,,,,,,,,,,,,,,,,,,,,0,1,en_ym_090_in,,1,,16800,17340,,5,,,,,,,,,,,,,,,,,2,Y!mobile
307,457,9,8,Request(+￥50/1day),Not sign up (+￥0),,,【3-month RENTAL】Y!mobile Pocket Wi-Fi  GL06P,1,,,,,,,,【3-month RENTAL】EMOBILE Pocket Wi-Fi LTE GL06P,03191049_550a2b172ba9b.jpg,*,03191049_550a2b1729120.jpg,03191049_550a2b172617a.jpg,,,,,,,,,,,,,,,,,,,,,,0,1,en_ym_090_bt,,1,,16800,18150,,5,,,,,,,,,,,,,,,,,2,Y!mobile
307,315,10,8,Not request(+￥0),Not sign up (+￥0),,,【3-month RENTAL】Y!mobile Pocket Wi-Fi  GL06P,1,,,,,,,,【3-month RENTAL】EMOBILE Pocket Wi-Fi LTE GL06P,03191049_550a2b172ba9b.jpg,*,03191049_550a2b1729120.jpg,03191049_550a2b172617a.jpg,,,,,,,,,,,,,,,,,,,,,,0,1,en_ym_090,,1,,16800,16800,,5,,,,,,,,,,,,,,,,,2,Y!mobile
308,462,9,7,Request(+￥50/1day),Sign up (+￥540),,,【4-month RENTAL】Y!mobile Pocket Wi-Fi  GL06P,1,,,,,,,,【4-month RENTAL】EMOBILE Pocket Wi-Fi LTE GL06P,ym/ym-17.jpg,*,ym/ym-17.jpg,ym/ym-17.jpg,,,,,,,,,,,,,,,,,,,,,,0,1,en_ym_120_in_bt,,1,,18800,20990,,5,,,,,,,,,,,,,,,,,2,Y!mobile
308,461,10,7,Not request(+￥0),Sign up (+￥540),,,【4-month RENTAL】Y!mobile Pocket Wi-Fi  GL06P,1,,,,,,,,【4-month RENTAL】EMOBILE Pocket Wi-Fi LTE GL06P,ym/ym-17.jpg,*,ym/ym-17.jpg,ym/ym-17.jpg,,,,,,,,,,,,,,,,,,,,,,0,1,en_ym_120_in,,1,,18800,19340,,5,,,,,,,,,,,,,,,,,2,Y!mobile
308,460,9,8,Request(+￥50/1day),Not sign up (+￥0),,,【4-month RENTAL】Y!mobile Pocket Wi-Fi  GL06P,1,,,,,,,,【4-month RENTAL】EMOBILE Pocket Wi-Fi LTE GL06P,ym/ym-17.jpg,*,ym/ym-17.jpg,ym/ym-17.jpg,,,,,,,,,,,,,,,,,,,,,,0,1,en_ym_120_bt,,1,,18800,20450,,5,,,,,,,,,,,,,,,,,2,Y!mobile
308,316,10,8,Not request(+￥0),Not sign up (+￥0),,,【4-month RENTAL】Y!mobile Pocket Wi-Fi  GL06P,1,,,,,,,,【4-month RENTAL】EMOBILE Pocket Wi-Fi LTE GL06P,ym/ym-17.jpg,*,ym/ym-17.jpg,ym/ym-17.jpg,,,,,,,,,,,,,,,,,,,,,,0,1,en_ym_120,,1,,18800,18800,,5,,,,,,,,,,,,,,,,,2,Y!mobile
309,465,9,7,Request(+￥50/1day),Sign up (+￥540),,,【5-month RENTAL】Y!mobile Pocket Wi-Fi  GL06P,1,,,,,,,,【5-month RENTAL】EMOBILE Pocket Wi-Fi LTE GL06P,ym/ym-18.jpg,*,ym/ym-18.jpg,ym/ym-18.jpg,,,,,,,,,,,,,,,,,,,,,,0,1,en_ym_150_in_bt,,1,,20800,23290,,5,,,,,,,,,,,,,,,,,2,Y!mobile
309,464,10,7,Not request(+￥0),Sign up (+￥540),,,【5-month RENTAL】Y!mobile Pocket Wi-Fi  GL06P,1,,,,,,,,【5-month RENTAL】EMOBILE Pocket Wi-Fi LTE GL06P,ym/ym-18.jpg,*,ym/ym-18.jpg,ym/ym-18.jpg,,,,,,,,,,,,,,,,,,,,,,0,1,en_ym_150_in,,1,,20800,21340,,5,,,,,,,,,,,,,,,,,2,Y!mobile
309,463,9,8,Request(+￥50/1day),Not sign up (+￥0),,,【5-month RENTAL】Y!mobile Pocket Wi-Fi  GL06P,1,,,,,,,,【5-month RENTAL】EMOBILE Pocket Wi-Fi LTE GL06P,ym/ym-18.jpg,*,ym/ym-18.jpg,ym/ym-18.jpg,,,,,,,,,,,,,,,,,,,,,,0,1,en_ym_150_bt,,1,,20800,22750,,5,,,,,,,,,,,,,,,,,2,Y!mobile
309,317,10,8,Not request(+￥0),Not sign up (+￥0),,,【5-month RENTAL】Y!mobile Pocket Wi-Fi  GL06P,1,,,,,,,,【5-month RENTAL】EMOBILE Pocket Wi-Fi LTE GL06P,ym/ym-18.jpg,*,ym/ym-18.jpg,ym/ym-18.jpg,,,,,,,,,,,,,,,,,,,,,,0,1,en_ym_150,,1,,20800,20800,,5,,,,,,,,,,,,,,,,,2,Y!mobile
310,468,9,7,Request(+￥50/1day),Sign up (+￥540),,,【6-month RENTAL】Y!mobile Pocket Wi-Fi  GL06P,1,,,,,,,,【6-month RENTAL】EMOBILE Pocket Wi-Fi LTE GL06P,ym/ym-19.jpg,*,ym/ym-19.jpg,ym/ym-19.jpg,,,,,,,,,,,,,,,,,,,,,,0,1,en_ym_180_in_bt,,1,,22800,25590,,5,,,,,,,,,,,,,,,,,2,Y!mobile
310,467,10,7,Not request(+￥0),Sign up (+￥540),,,【6-month RENTAL】Y!mobile Pocket Wi-Fi  GL06P,1,,,,,,,,【6-month RENTAL】EMOBILE Pocket Wi-Fi LTE GL06P,ym/ym-19.jpg,*,ym/ym-19.jpg,ym/ym-19.jpg,,,,,,,,,,,,,,,,,,,,,,0,1,en_ym_180_in,,1,,22800,23340,,5,,,,,,,,,,,,,,,,,2,Y!mobile
310,466,9,8,Request(+￥50/1day),Not sign up (+￥0),,,【6-month RENTAL】Y!mobile Pocket Wi-Fi  GL06P,1,,,,,,,,【6-month RENTAL】EMOBILE Pocket Wi-Fi LTE GL06P,ym/ym-19.jpg,*,ym/ym-19.jpg,ym/ym-19.jpg,,,,,,,,,,,,,,,,,,,,,,0,1,en_ym_180_bt,,1,,22800,25050,,5,,,,,,,,,,,,,,,,,2,Y!mobile
310,318,10,8,Not request(+￥0),Not sign up (+￥0),,,【6-month RENTAL】Y!mobile Pocket Wi-Fi  GL06P,1,,,,,,,,【6-month RENTAL】EMOBILE Pocket Wi-Fi LTE GL06P,ym/ym-19.jpg,*,ym/ym-19.jpg,ym/ym-19.jpg,,,,,,,,,,,,,,,,,,,,,,0,1,en_ym_180,,1,,22800,22800,,5,,,,,,,,,,,,,,,,,2,Y!mobile
311,470,0,11,,"Yes, I rent a battery as well.",,,【1day extension of rental】Y!mobile,1,,,,,,,,【1day extension of rental】Y!mobile,03201042_550b7b07e7e63.jpg,*,03201042_550b7b07e5191.jpg,03201042_550b7b07e1eb7.jpg,,,,,,,,,,,,,,,,,,,,,,0,1,en_ym_ex_000_bt,,1,,450,500,,5,,,,,,,,,,,,,,,,,8,Ymobile_extension
311,469,0,12,,"No, I rent a Wi-Fi router only.",,,【1day extension of rental】Y!mobile,1,,,,,,,,【1day extension of rental】Y!mobile,03201042_550b7b07e7e63.jpg,*,03201042_550b7b07e5191.jpg,03201042_550b7b07e1eb7.jpg,,,,,,,,,,,,,,,,,,,,,,0,1,en_ym_ex_000,,1,,450,450,,5,,,,,,,,,,,,,,,,,8,Ymobile_extension
312,320,0,11,,"Yes, I rent a battery as well.",,,【2days/1nights extension of rental】Y!mobile,1,,,,,,,,【2days/1nights extension of rental】Y!mobile,03201042_550b7af30384a.jpg,*,03201042_550b7af300b00.jpg,03201042_550b7af2f193d.jpg,,,,,,,,,,,,,,,,,,,,,,0,1,en_ym_ex_001_bt,,1,,900,1000,,5,,,,,,,,,,,,,,,,,8,Ymobile_extension
312,471,0,12,,"No, I rent a Wi-Fi router only.",,,【2days/1nights extension of rental】Y!mobile,1,,,,,,,,【2days/1nights extension of rental】Y!mobile,03201042_550b7af30384a.jpg,*,03201042_550b7af300b00.jpg,03201042_550b7af2f193d.jpg,,,,,,,,,,,,,,,,,,,,,,0,1,en_ym_ex_001,,1,,900,900,,5,,,,,,,,,,,,,,,,,8,Ymobile_extension
313,321,0,11,,"Yes, I rent a battery as well.",,,【3days/2nights extension of rental】Y!mobile,1,,,,,,,,【3days/2nights extension of rental】Y!mobile,03201041_550b7ae679170.jpg,*,03201041_550b7ae676601.jpg,03201041_550b7ae673a4f.jpg,,,,,,,,,,,,,,,,,,,,,,0,1,en_ym_ex_002_bt,,1,,1350,1500,,5,,,,,,,,,,,,,,,,,8,Ymobile_extension
313,472,0,12,,"No, I rent a Wi-Fi router only.",,,【3days/2nights extension of rental】Y!mobile,1,,,,,,,,【3days/2nights extension of rental】Y!mobile,03201041_550b7ae679170.jpg,*,03201041_550b7ae676601.jpg,03201041_550b7ae673a4f.jpg,,,,,,,,,,,,,,,,,,,,,,0,1,en_ym_ex_002,,1,,1350,1350,,5,,,,,,,,,,,,,,,,,8,Ymobile_extension
314,322,0,11,,"Yes, I rent a battery as well.",,,【4days/3nights extension of rental】Y!mobile,1,,,,,,,,【4days/3nights extension of rental】Y!mobile,03201041_550b7ada7be2c.jpg,*,03201041_550b7ada79379.jpg,03201041_550b7ada76617.jpg,,,,,,,,,,,,,,,,,,,,,,0,1,en_ym_ex_003_bt,,1,,1800,2000,,5,,,,,,,,,,,,,,,,,8,Ymobile_extension
314,473,0,12,,"No, I rent a Wi-Fi router only.",,,【4days/3nights extension of rental】Y!mobile,1,,,,,,,,【4days/3nights extension of rental】Y!mobile,03201041_550b7ada7be2c.jpg,*,03201041_550b7ada79379.jpg,03201041_550b7ada76617.jpg,,,,,,,,,,,,,,,,,,,,,,0,1,en_ym_ex_003,,1,,1800,1800,,5,,,,,,,,,,,,,,,,,8,Ymobile_extension
315,323,0,11,,"Yes, I rent a battery as well.",,,【5days/4nights extension of rental】Y!mobile,1,,,,,,,,【5days/4nights extension of rental】Y!mobile,03201041_550b7acde8db4.jpg,*,03201041_550b7acde6275.jpg,03201041_550b7acde3328.jpg,,,,,,,,,,,,,,,,,,,,,,0,1,en_ym_ex_004_bt,,1,,2250,2500,,5,,,,,,,,,,,,,,,,,8,Ymobile_extension
315,474,0,12,,"No, I rent a Wi-Fi router only.",,,【5days/4nights extension of rental】Y!mobile,1,,,,,,,,【5days/4nights extension of rental】Y!mobile,03201041_550b7acde8db4.jpg,*,03201041_550b7acde6275.jpg,03201041_550b7acde3328.jpg,,,,,,,,,,,,,,,,,,,,,,0,1,en_ym_ex_004,,1,,2250,2250,,5,,,,,,,,,,,,,,,,,8,Ymobile_extension
316,324,0,11,,"Yes, I rent a battery as well.",,,【6days/5nights extension of rental】Y!mobile,1,,,,,,,,【6days/5nights extension of rental】Y!mobile,03201041_550b7ac204592.jpg,*,03201041_550b7ac20197a.jpg,03201041_550b7ac1f29ae.jpg,,,,,,,,,,,,,,,,,,,,,,0,1,en_ym_ex_005_bt,,1,,2700,3000,,5,,,,,,,,,,,,,,,,,8,Ymobile_extension
316,475,0,12,,"No, I rent a Wi-Fi router only.",,,【6days/5nights extension of rental】Y!mobile,1,,,,,,,,【6days/5nights extension of rental】Y!mobile,03201041_550b7ac204592.jpg,*,03201041_550b7ac20197a.jpg,03201041_550b7ac1f29ae.jpg,,,,,,,,,,,,,,,,,,,,,,0,1,en_ym_ex_005,,1,,2700,2700,,5,,,,,,,,,,,,,,,,,8,Ymobile_extension
317,325,0,11,,"Yes, I rent a battery as well.",,,【7days/6nights extension of rental】Y!mobile,1,,,,,,,,【7days/6nights extension of rental】Y!mobile,03201041_550b7ab32ac2f.jpg,*,03201041_550b7ab3284d2.jpg,03201041_550b7ab325a3a.jpg,,,,,,,,,,,,,,,,,,,,,,0,1,en_ym_ex_006_bt,,1,,3150,3500,,5,,,,,,,,,,,,,,,,,8,Ymobile_extension
317,476,0,12,,"No, I rent a Wi-Fi router only.",,,【7days/6nights extension of rental】Y!mobile,1,,,,,,,,【7days/6nights extension of rental】Y!mobile,03201041_550b7ab32ac2f.jpg,*,03201041_550b7ab3284d2.jpg,03201041_550b7ab325a3a.jpg,,,,,,,,,,,,,,,,,,,,,,0,1,en_ym_ex_006,,1,,3150,3150,,5,,,,,,,,,,,,,,,,,8,Ymobile_extension
318,326,0,11,,"Yes, I rent a battery as well.",,,【8days/7nights extension of rental】Y!mobile,1,,,,,,,,【8days/7nights extension of rental】Y!mobile,03201040_550b7aa61e3ec.jpg,*,03201040_550b7aa61b69f.jpg,03201040_550b7aa618519.jpg,,,,,,,,,,,,,,,,,,,,,,0,1,en_ym_ex_007_bt,,1,,3600,4000,,5,,,,,,,,,,,,,,,,,8,Ymobile_extension
318,477,0,12,,"No, I rent a Wi-Fi router only.",,,【8days/7nights extension of rental】Y!mobile,1,,,,,,,,【8days/7nights extension of rental】Y!mobile,03201040_550b7aa61e3ec.jpg,*,03201040_550b7aa61b69f.jpg,03201040_550b7aa618519.jpg,,,,,,,,,,,,,,,,,,,,,,0,1,en_ym_ex_007,,1,,3600,3600,,5,,,,,,,,,,,,,,,,,8,Ymobile_extension
319,327,0,11,,"Yes, I rent a battery as well.",,,【9days/8nights extension of rental】Y!mobile,1,,,,,,,,【9days/8nights extension of rental】Y!mobile,03201040_550b7a99139d6.jpg,*,03201040_550b7a9910f19.jpg,03201040_550b7a990dfc5.jpg,,,,,,,,,,,,,,,,,,,,,,0,1,en_ym_ex_008_bt,,1,,4050,4500,,5,,,,,,,,,,,,,,,,,8,Ymobile_extension
319,478,0,12,,"No, I rent a Wi-Fi router only.",,,【9days/8nights extension of rental】Y!mobile,1,,,,,,,,【9days/8nights extension of rental】Y!mobile,03201040_550b7a99139d6.jpg,*,03201040_550b7a9910f19.jpg,03201040_550b7a990dfc5.jpg,,,,,,,,,,,,,,,,,,,,,,0,1,en_ym_ex_008,,1,,4050,4050,,5,,,,,,,,,,,,,,,,,8,Ymobile_extension
320,328,0,11,,"Yes, I rent a battery as well.",,,【10days/9nights extension of rental】Y!mobile,1,,,,,,,,【10days/9nights extension of rental】Y!mobile,03201040_550b7a8da6e67.jpg,*,03201040_550b7a8da4464.jpg,03201040_550b7a8da15e7.jpg,,,,,,,,,,,,,,,,,,,,,,0,1,en_ym_ex_009_bt,,1,,4500,5000,,5,,,,,,,,,,,,,,,,,8,Ymobile_extension
320,479,0,12,,"No, I rent a Wi-Fi router only.",,,【10days/9nights extension of rental】Y!mobile,1,,,,,,,,【10days/9nights extension of rental】Y!mobile,03201040_550b7a8da6e67.jpg,*,03201040_550b7a8da4464.jpg,03201040_550b7a8da15e7.jpg,,,,,,,,,,,,,,,,,,,,,,0,1,en_ym_ex_009,,1,,4500,4500,,5,,,,,,,,,,,,,,,,,8,Ymobile_extension
321,329,0,11,,"Yes, I rent a battery as well.",,,【11days/10nights extension of rental】Y!mobile,1,,,,,,,,【11days/10nights extension of rental】Y!mobile,03201040_550b7a8351ae0.jpg,*,03201040_550b7a834f149.jpg,03201040_550b7a834c271.jpg,,,,,,,,,,,,,,,,,,,,,,0,1,en_ym_ex_010_bt,,1,,4950,5500,,5,,,,,,,,,,,,,,,,,8,Ymobile_extension
321,480,0,12,,"No, I rent a Wi-Fi router only.",,,【11days/10nights extension of rental】Y!mobile,1,,,,,,,,【11days/10nights extension of rental】Y!mobile,03201040_550b7a8351ae0.jpg,*,03201040_550b7a834f149.jpg,03201040_550b7a834c271.jpg,,,,,,,,,,,,,,,,,,,,,,0,1,en_ym_ex_010,,1,,4950,4950,,5,,,,,,,,,,,,,,,,,8,Ymobile_extension
322,330,0,11,,"Yes, I rent a battery as well.",,,【12days/11nights extension of rental】Y!mobile,1,,,,,,,,【12days/11nights extension of rental】Y!mobile,03201040_550b7a78ab6e9.jpg,*,03201040_550b7a78a8cd5.jpg,03201040_550b7a78a5e9d.jpg,,,,,,,,,,,,,,,,,,,,,,0,1,en_ym_ex_011_bt,,1,,5400,6000,,5,,,,,,,,,,,,,,,,,8,Ymobile_extension
322,481,0,12,,"No, I rent a Wi-Fi router only.",,,【12days/11nights extension of rental】Y!mobile,1,,,,,,,,【12days/11nights extension of rental】Y!mobile,03201040_550b7a78ab6e9.jpg,*,03201040_550b7a78a8cd5.jpg,03201040_550b7a78a5e9d.jpg,,,,,,,,,,,,,,,,,,,,,,0,1,en_ym_ex_011,,1,,5400,5400,,5,,,,,,,,,,,,,,,,,8,Ymobile_extension
323,331,0,11,,"Yes, I rent a battery as well.",,,【13days/12nights extension of rental】Y!mobile,1,,,,,,,,【13days/12nights extension of rental】Y!mobile,03201039_550b7a6be26d8.jpg,*,03201039_550b7a6bdf78c.jpg,03201039_550b7a6bdc5d1.jpg,,,,,,,,,,,,,,,,,,,,,,0,1,en_ym_ex_012_bt,,1,,5850,6500,,5,,,,,,,,,,,,,,,,,8,Ymobile_extension
323,482,0,12,,"No, I rent a Wi-Fi router only.",,,【13days/12nights extension of rental】Y!mobile,1,,,,,,,,【13days/12nights extension of rental】Y!mobile,03201039_550b7a6be26d8.jpg,*,03201039_550b7a6bdf78c.jpg,03201039_550b7a6bdc5d1.jpg,,,,,,,,,,,,,,,,,,,,,,0,1,en_ym_ex_012,,1,,5850,5850,,5,,,,,,,,,,,,,,,,,8,Ymobile_extension
324,332,0,11,,"Yes, I rent a battery as well.",,,【14days/13nights extension of rental】Y!mobile,1,,,,,,,,【14days/13nights extension of rental】Y!mobile,03201039_550b7a6067ded.jpg,*,03201039_550b7a6065186.jpg,03201039_550b7a606201a.jpg,,,,,,,,,,,,,,,,,,,,,,0,1,en_ym_ex_013_bt,,1,,6300,7000,,5,,,,,,,,,,,,,,,,,8,Ymobile_extension
324,483,0,12,,"No, I rent a Wi-Fi router only.",,,【14days/13nights extension of rental】Y!mobile,1,,,,,,,,【14days/13nights extension of rental】Y!mobile,03201039_550b7a6067ded.jpg,*,03201039_550b7a6065186.jpg,03201039_550b7a606201a.jpg,,,,,,,,,,,,,,,,,,,,,,0,1,en_ym_ex_013,,1,,6300,6300,,5,,,,,,,,,,,,,,,,,8,Ymobile_extension
325,333,0,11,,"Yes, I rent a battery as well.",,,【15days/14nights〜1month extension of rental】Y!mobile,1,,,,,,,,【15days/14nights〜1month extension of rental】Y!mobile,03201039_550b7a516545f.jpg,*,03201039_550b7a51626bd.jpg,03201039_550b7a515f5d1.jpg,,,,,,,,,,,,,,,,,,,,,,0,1,en_ym_ex_014_bt,,1,,6750,7500,,5,,,,,,,,,,,,,,,,,8,Ymobile_extension
325,484,0,12,,"No, I rent a Wi-Fi router only.",,,【15days/14nights〜1month extension of rental】Y!mobile,1,,,,,,,,【15days/14nights〜1month extension of rental】Y!mobile,03201039_550b7a516545f.jpg,*,03201039_550b7a51626bd.jpg,03201039_550b7a515f5d1.jpg,,,,,,,,,,,,,,,,,,,,,,0,1,en_ym_ex_014,,1,,6750,6750,,5,,,,,,,,,,,,,,,,,8,Ymobile_extension
326,334,0,11,,"Yes, I rent a battery as well.",,,【2month extension of rental】Y!mobile,1,,,,,,,,【2month extension of rental】Y!mobile,03201039_550b7a428cfba.jpg,*,03201039_550b7a428a61e.jpg,03201039_550b7a4287728.jpg,,,,,,,,,,,,,,,,,,,,,,0,1,en_ym_ex_060_bt,,1,,12000,13050,,5,,,,,,,,,,,,,,,,,8,Ymobile_extension
326,485,0,12,,"No, I rent a Wi-Fi router only.",,,【2month extension of rental】Y!mobile,1,,,,,,,,【2month extension of rental】Y!mobile,03201039_550b7a428cfba.jpg,*,03201039_550b7a428a61e.jpg,03201039_550b7a4287728.jpg,,,,,,,,,,,,,,,,,,,,,,0,1,en_ym_ex_060,,1,,12000,12000,,5,,,,,,,,,,,,,,,,,8,Ymobile_extension
327,335,0,11,,"Yes, I rent a battery as well.",,,【3month extension of rental】Y!mobile,1,,,,,,,,【3month extension of rental】Y!mobile,03201039_550b7a372d839.jpg,*,03201039_550b7a372a638.jpg,03201039_550b7a372724c.jpg,,,,,,,,,,,,,,,,,,,,,,0,1,en_ym_ex_090_bt,,1,,16800,18150,,5,,,,,,,,,,,,,,,,,8,Ymobile_extension
327,486,0,12,,"No, I rent a Wi-Fi router only.",,,【3month extension of rental】Y!mobile,1,,,,,,,,【3month extension of rental】Y!mobile,03201039_550b7a372d839.jpg,*,03201039_550b7a372a638.jpg,03201039_550b7a372724c.jpg,,,,,,,,,,,,,,,,,,,,,,0,1,en_ym_ex_090,,1,,16800,16800,,5,,,,,,,,,,,,,,,,,8,Ymobile_extension
328,336,0,11,,"Yes, I rent a battery as well.",,,【4month extension of rental】Y!mobile,1,,,,,,,,【4month extension of rental】Y!mobile,ym_ex/ym_ex-17.jpg,*,ym_ex/ym_ex-17.jpg,ym_ex/ym_ex-17.jpg,,,,,,,,,,,,,,,,,,,,,,0,1,en_ym_ex_120_bt,,1,,18800,20450,,5,,,,,,,,,,,,,,,,,8,Ymobile_extension
328,487,0,12,,"No, I rent a Wi-Fi router only.",,,【4month extension of rental】Y!mobile,1,,,,,,,,【4month extension of rental】Y!mobile,ym_ex/ym_ex-17.jpg,*,ym_ex/ym_ex-17.jpg,ym_ex/ym_ex-17.jpg,,,,,,,,,,,,,,,,,,,,,,0,1,en_ym_ex_120,,1,,18800,18800,,5,,,,,,,,,,,,,,,,,8,Ymobile_extension
329,337,0,11,,"Yes, I rent a battery as well.",,,【5month extension of rental】Y!mobile,1,,,,,,,,【5month extension of rental】Y!mobile,ym_ex/ym_ex-18.jpg,*,ym_ex/ym_ex-18.jpg,ym_ex/ym_ex-18.jpg,,,,,,,,,,,,,,,,,,,,,,0,1,en_ym_ex_150_bt,,1,,20800,22750,,5,,,,,,,,,,,,,,,,,8,Ymobile_extension
329,488,0,12,,"No, I rent a Wi-Fi router only.",,,【5month extension of rental】Y!mobile,1,,,,,,,,【5month extension of rental】Y!mobile,ym_ex/ym_ex-18.jpg,*,ym_ex/ym_ex-18.jpg,ym_ex/ym_ex-18.jpg,,,,,,,,,,,,,,,,,,,,,,0,1,en_ym_ex_150,,1,,20800,20800,,5,,,,,,,,,,,,,,,,,8,Ymobile_extension
330,338,0,11,,"Yes, I rent a battery as well.",,,【6month extension of rental】Y!mobile,1,,,,,,,,【6month extension of rental】Y!mobile,ym_ex/ym_ex-19.jpg,*,ym_ex/ym_ex-19.jpg,ym_ex/ym_ex-19.jpg,,,,,,,,,,,,,,,,,,,,,,0,1,en_ym_ex_180_bt,,1,,22800,25050,,5,,,,,,,,,,,,,,,,,8,Ymobile_extension
330,489,0,12,,"No, I rent a Wi-Fi router only.",,,【6month extension of rental】Y!mobile,1,,,,,,,,【6month extension of rental】Y!mobile,ym_ex/ym_ex-19.jpg,*,ym_ex/ym_ex-19.jpg,ym_ex/ym_ex-19.jpg,,,,,,,,,,,,,,,,,,,,,,0,1,en_ym_ex_180,,1,,22800,22800,,5,,,,,,,,,,,,,,,,,8,Ymobile_extension
331,492,9,7,Request(+￥50/1day),Sign up (+￥540),,,【2days/1nights RENTAL】au KDDI HWD11,1,,,,,,,,【2days/1nights RENTAL】au KDDI HWD11,03151248_550500f63487f.jpg,*,03151248_550500f631e8c.jpg,03151248_550500f62ed7d.jpg,,,,,,,,,,,,,,,,,,,,,,0,1,en_au_001_in_bt,,1,,1300,1940,,5,,,,,,,,,,,,,,,,,7,au
331,491,10,7,Not request(+￥0),Sign up (+￥540),,,【2days/1nights RENTAL】au KDDI HWD11,1,,,,,,,,【2days/1nights RENTAL】au KDDI HWD11,03151248_550500f63487f.jpg,*,03151248_550500f631e8c.jpg,03151248_550500f62ed7d.jpg,,,,,,,,,,,,,,,,,,,,,,0,1,en_au_001_in,,1,,1300,1840,,5,,,,,,,,,,,,,,,,,7,au
331,490,9,8,Request(+￥50/1day),Not sign up (+￥0),,,【2days/1nights RENTAL】au KDDI HWD11,1,,,,,,,,【2days/1nights RENTAL】au KDDI HWD11,03151248_550500f63487f.jpg,*,03151248_550500f631e8c.jpg,03151248_550500f62ed7d.jpg,,,,,,,,,,,,,,,,,,,,,,0,1,en_au_001_bt,,1,,1300,1400,,5,,,,,,,,,,,,,,,,,7,au
331,339,10,8,Not request(+￥0),Not sign up (+￥0),,,【2days/1nights RENTAL】au KDDI HWD11,1,,,,,,,,【2days/1nights RENTAL】au KDDI HWD11,03151248_550500f63487f.jpg,*,03151248_550500f631e8c.jpg,03151248_550500f62ed7d.jpg,,,,,,,,,,,,,,,,,,,,,,0,1,en_au_001,,1,,1300,1300,,5,,,,,,,,,,,,,,,,,7,au
332,495,9,7,Request(+￥50/1day),Sign up (+￥540),,,【3days/2nights RENTAL】au KDDI HWD11,1,,,,,,,,【3days/2nights RENTAL】au KDDI HWD11,03151238_5504feb192510.jpg,*,03151238_5504feb18fa7f.jpg,03151238_5504feb18c96e.jpg,,,,,,,,,,,,,,,,,,,,,,0,1,en_au_002_in_bt,,1,,1950,2640,,5,,,,,,,,,,,,,,,,,7,au
332,494,10,7,Not request(+￥0),Sign up (+￥540),,,【3days/2nights RENTAL】au KDDI HWD11,1,,,,,,,,【3days/2nights RENTAL】au KDDI HWD11,03151238_5504feb192510.jpg,*,03151238_5504feb18fa7f.jpg,03151238_5504feb18c96e.jpg,,,,,,,,,,,,,,,,,,,,,,0,1,en_au_002_in,,1,,1950,2490,,5,,,,,,,,,,,,,,,,,7,au
332,493,9,8,Request(+￥50/1day),Not sign up (+￥0),,,【3days/2nights RENTAL】au KDDI HWD11,1,,,,,,,,【3days/2nights RENTAL】au KDDI HWD11,03151238_5504feb192510.jpg,*,03151238_5504feb18fa7f.jpg,03151238_5504feb18c96e.jpg,,,,,,,,,,,,,,,,,,,,,,0,1,en_au_002_bt,,1,,1950,2100,,5,,,,,,,,,,,,,,,,,7,au
332,340,10,8,Not request(+￥0),Not sign up (+￥0),,,【3days/2nights RENTAL】au KDDI HWD11,1,,,,,,,,【3days/2nights RENTAL】au KDDI HWD11,03151238_5504feb192510.jpg,*,03151238_5504feb18fa7f.jpg,03151238_5504feb18c96e.jpg,,,,,,,,,,,,,,,,,,,,,,0,1,en_au_002,,1,,1950,1950,,5,,,,,,,,,,,,,,,,,7,au
333,498,9,7,Request(+￥50/1day),Sign up (+￥540),,,【4days/3nights RENTAL】au KDDI HWD11,1,,,,,,,,【4days/3nights RENTAL】au KDDI HWD11,03151237_5504fe91d7fda.jpg,*,03151237_5504fe91d5630.jpg,03151237_5504fe91d22e5.jpg,,,,,,,,,,,,,,,,,,,,,,0,1,en_au_003_in_bt,,1,,2600,3340,,5,,,,,,,,,,,,,,,,,7,au
333,497,10,7,Not request(+￥0),Sign up (+￥540),,,【4days/3nights RENTAL】au KDDI HWD11,1,,,,,,,,【4days/3nights RENTAL】au KDDI HWD11,03151237_5504fe91d7fda.jpg,*,03151237_5504fe91d5630.jpg,03151237_5504fe91d22e5.jpg,,,,,,,,,,,,,,,,,,,,,,0,1,en_au_003_in,,1,,2600,3140,,5,,,,,,,,,,,,,,,,,7,au
333,496,9,8,Request(+￥50/1day),Not sign up (+￥0),,,【4days/3nights RENTAL】au KDDI HWD11,1,,,,,,,,【4days/3nights RENTAL】au KDDI HWD11,03151237_5504fe91d7fda.jpg,*,03151237_5504fe91d5630.jpg,03151237_5504fe91d22e5.jpg,,,,,,,,,,,,,,,,,,,,,,0,1,en_au_003_bt,,1,,2600,2800,,5,,,,,,,,,,,,,,,,,7,au
333,341,10,8,Not request(+￥0),Not sign up (+￥0),,,【4days/3nights RENTAL】au KDDI HWD11,1,,,,,,,,【4days/3nights RENTAL】au KDDI HWD11,03151237_5504fe91d7fda.jpg,*,03151237_5504fe91d5630.jpg,03151237_5504fe91d22e5.jpg,,,,,,,,,,,,,,,,,,,,,,0,1,en_au_003,,1,,2600,2600,,5,,,,,,,,,,,,,,,,,7,au
334,501,9,7,Request(+￥50/1day),Sign up (+￥540),,,【5days/4nights RENTAL】au KDDI HWD11,1,,,,,,,,【5days/4nights RENTAL】au KDDI HWD11,03151237_5504fe7babfe3.jpg,*,03151237_5504fe7ba9607.jpg,03151237_5504fe7ba5dd1.jpg,,,,,,,,,,,,,,,,,,,,,,0,1,en_au_004_in_bt,,1,,3250,4040,,5,,,,,,,,,,,,,,,,,7,au
334,500,10,7,Not request(+￥0),Sign up (+￥540),,,【5days/4nights RENTAL】au KDDI HWD11,1,,,,,,,,【5days/4nights RENTAL】au KDDI HWD11,03151237_5504fe7babfe3.jpg,*,03151237_5504fe7ba9607.jpg,03151237_5504fe7ba5dd1.jpg,,,,,,,,,,,,,,,,,,,,,,0,1,en_au_004_in,,1,,3250,3790,,5,,,,,,,,,,,,,,,,,7,au
334,499,9,8,Request(+￥50/1day),Not sign up (+￥0),,,【5days/4nights RENTAL】au KDDI HWD11,1,,,,,,,,【5days/4nights RENTAL】au KDDI HWD11,03151237_5504fe7babfe3.jpg,*,03151237_5504fe7ba9607.jpg,03151237_5504fe7ba5dd1.jpg,,,,,,,,,,,,,,,,,,,,,,0,1,en_au_004_bt,,1,,3250,3500,,5,,,,,,,,,,,,,,,,,7,au
334,342,10,8,Not request(+￥0),Not sign up (+￥0),,,【5days/4nights RENTAL】au KDDI HWD11,1,,,,,,,,【5days/4nights RENTAL】au KDDI HWD11,03151237_5504fe7babfe3.jpg,*,03151237_5504fe7ba9607.jpg,03151237_5504fe7ba5dd1.jpg,,,,,,,,,,,,,,,,,,,,,,0,1,en_au_004,,1,,3250,3250,,5,,,,,,,,,,,,,,,,,7,au
335,504,9,7,Request(+￥50/1day),Sign up (+￥540),,,【6days/5nights RENTAL】au KDDI HWD11,1,,,,,,,,【6days/5nights RENTAL】au KDDI HWD11,03151237_5504fe6771bc6.jpg,*,03151237_5504fe676f176.jpg,03151237_5504fe676c040.jpg,,,,,,,,,,,,,,,,,,,,,,0,1,en_au_005_in_bt,,1,,3900,4740,,5,,,,,,,,,,,,,,,,,7,au
335,503,10,7,Not request(+￥0),Sign up (+￥540),,,【6days/5nights RENTAL】au KDDI HWD11,1,,,,,,,,【6days/5nights RENTAL】au KDDI HWD11,03151237_5504fe6771bc6.jpg,*,03151237_5504fe676f176.jpg,03151237_5504fe676c040.jpg,,,,,,,,,,,,,,,,,,,,,,0,1,en_au_005_in,,1,,3900,4440,,5,,,,,,,,,,,,,,,,,7,au
335,502,9,8,Request(+￥50/1day),Not sign up (+￥0),,,【6days/5nights RENTAL】au KDDI HWD11,1,,,,,,,,【6days/5nights RENTAL】au KDDI HWD11,03151237_5504fe6771bc6.jpg,*,03151237_5504fe676f176.jpg,03151237_5504fe676c040.jpg,,,,,,,,,,,,,,,,,,,,,,0,1,en_au_005_bt,,1,,3900,4200,,5,,,,,,,,,,,,,,,,,7,au
335,343,10,8,Not request(+￥0),Not sign up (+￥0),,,【6days/5nights RENTAL】au KDDI HWD11,1,,,,,,,,【6days/5nights RENTAL】au KDDI HWD11,03151237_5504fe6771bc6.jpg,*,03151237_5504fe676f176.jpg,03151237_5504fe676c040.jpg,,,,,,,,,,,,,,,,,,,,,,0,1,en_au_005,,1,,3900,3900,,5,,,,,,,,,,,,,,,,,7,au
336,507,9,7,Request(+￥50/1day),Sign up (+￥540),,,【7days/6nights RENTAL】au KDDI HWD11,1,,,,,,,,【7days/6nights RENTAL】au KDDI HWD11,03151236_5504fe5027b82.jpg,*,03151236_5504fe502538c.jpg,03151236_5504fe5022508.jpg,,,,,,,,,,,,,,,,,,,,,,0,1,en_au_006_in_bt,,1,,4550,5440,,5,,,,,,,,,,,,,,,,,7,au
336,506,10,7,Not request(+￥0),Sign up (+￥540),,,【7days/6nights RENTAL】au KDDI HWD11,1,,,,,,,,【7days/6nights RENTAL】au KDDI HWD11,03151236_5504fe5027b82.jpg,*,03151236_5504fe502538c.jpg,03151236_5504fe5022508.jpg,,,,,,,,,,,,,,,,,,,,,,0,1,en_au_006_in,,1,,4550,5090,,5,,,,,,,,,,,,,,,,,7,au
336,505,9,8,Request(+￥50/1day),Not sign up (+￥0),,,【7days/6nights RENTAL】au KDDI HWD11,1,,,,,,,,【7days/6nights RENTAL】au KDDI HWD11,03151236_5504fe5027b82.jpg,*,03151236_5504fe502538c.jpg,03151236_5504fe5022508.jpg,,,,,,,,,,,,,,,,,,,,,,0,1,en_au_006_bt,,1,,4550,4900,,5,,,,,,,,,,,,,,,,,7,au
336,344,10,8,Not request(+￥0),Not sign up (+￥0),,,【7days/6nights RENTAL】au KDDI HWD11,1,,,,,,,,【7days/6nights RENTAL】au KDDI HWD11,03151236_5504fe5027b82.jpg,*,03151236_5504fe502538c.jpg,03151236_5504fe5022508.jpg,,,,,,,,,,,,,,,,,,,,,,0,1,en_au_006,,1,,4550,4550,,5,,,,,,,,,,,,,,,,,7,au
337,510,9,7,Request(+￥50/1day),Sign up (+￥540),,,【8days/7nights RENTAL】au KDDI HWD11,1,,,,,,,,【8days/7nights RENTAL】au KDDI HWD11,03151236_5504fe3c06981.jpg,*,03151236_5504fe3c03ed9.jpg,03151236_5504fe3c00e55.jpg,,,,,,,,,,,,,,,,,,,,,,0,1,en_au_007_in_bt,,1,,5200,6140,,5,,,,,,,,,,,,,,,,,7,au
337,509,10,7,Not request(+￥0),Sign up (+￥540),,,【8days/7nights RENTAL】au KDDI HWD11,1,,,,,,,,【8days/7nights RENTAL】au KDDI HWD11,03151236_5504fe3c06981.jpg,*,03151236_5504fe3c03ed9.jpg,03151236_5504fe3c00e55.jpg,,,,,,,,,,,,,,,,,,,,,,0,1,en_au_007_in,,1,,5200,5740,,5,,,,,,,,,,,,,,,,,7,au
337,508,9,8,Request(+￥50/1day),Not sign up (+￥0),,,【8days/7nights RENTAL】au KDDI HWD11,1,,,,,,,,【8days/7nights RENTAL】au KDDI HWD11,03151236_5504fe3c06981.jpg,*,03151236_5504fe3c03ed9.jpg,03151236_5504fe3c00e55.jpg,,,,,,,,,,,,,,,,,,,,,,0,1,en_au_007_bt,,1,,5200,5600,,5,,,,,,,,,,,,,,,,,7,au
337,345,10,8,Not request(+￥0),Not sign up (+￥0),,,【8days/7nights RENTAL】au KDDI HWD11,1,,,,,,,,【8days/7nights RENTAL】au KDDI HWD11,03151236_5504fe3c06981.jpg,*,03151236_5504fe3c03ed9.jpg,03151236_5504fe3c00e55.jpg,,,,,,,,,,,,,,,,,,,,,,0,1,en_au_007,,1,,5200,5200,,5,,,,,,,,,,,,,,,,,7,au
338,513,9,7,Request(+￥50/1day),Sign up (+￥540),,,【9days/8nights RENTAL】au KDDI HWD11,1,,,,,,,,【9days/8nights RENTAL】au KDDI HWD11,03151236_5504fe28b3e26.jpg,*,03151236_5504fe28b15cf.jpg,03151236_5504fe28ae69d.jpg,,,,,,,,,,,,,,,,,,,,,,0,1,en_au_008_in_bt,,1,,5850,6840,,5,,,,,,,,,,,,,,,,,7,au
338,512,10,7,Not request(+￥0),Sign up (+￥540),,,【9days/8nights RENTAL】au KDDI HWD11,1,,,,,,,,【9days/8nights RENTAL】au KDDI HWD11,03151236_5504fe28b3e26.jpg,*,03151236_5504fe28b15cf.jpg,03151236_5504fe28ae69d.jpg,,,,,,,,,,,,,,,,,,,,,,0,1,en_au_008_in,,1,,5850,6390,,5,,,,,,,,,,,,,,,,,7,au
338,511,9,8,Request(+￥50/1day),Not sign up (+￥0),,,【9days/8nights RENTAL】au KDDI HWD11,1,,,,,,,,【9days/8nights RENTAL】au KDDI HWD11,03151236_5504fe28b3e26.jpg,*,03151236_5504fe28b15cf.jpg,03151236_5504fe28ae69d.jpg,,,,,,,,,,,,,,,,,,,,,,0,1,en_au_008_bt,,1,,5850,6300,,5,,,,,,,,,,,,,,,,,7,au
338,346,10,8,Not request(+￥0),Not sign up (+￥0),,,【9days/8nights RENTAL】au KDDI HWD11,1,,,,,,,,【9days/8nights RENTAL】au KDDI HWD11,03151236_5504fe28b3e26.jpg,*,03151236_5504fe28b15cf.jpg,03151236_5504fe28ae69d.jpg,,,,,,,,,,,,,,,,,,,,,,0,1,en_au_008,,1,,5850,5850,,5,,,,,,,,,,,,,,,,,7,au
339,516,9,7,Request(+￥50/1day),Sign up (+￥540),,,【10days/9nights RENTAL】au KDDI HWD11,1,,,,,,,,【10days/9nights RENTAL】au KDDI HWD11,03151235_5504fe13b2772.jpg,*,03151235_5504fe13b0020.jpg,03151235_5504fe13ad223.jpg,,,,,,,,,,,,,,,,,,,,,,0,1,en_au_009_in_bt,,1,,6500,7540,,5,,,,,,,,,,,,,,,,,7,au
339,515,10,7,Not request(+￥0),Sign up (+￥540),,,【10days/9nights RENTAL】au KDDI HWD11,1,,,,,,,,【10days/9nights RENTAL】au KDDI HWD11,03151235_5504fe13b2772.jpg,*,03151235_5504fe13b0020.jpg,03151235_5504fe13ad223.jpg,,,,,,,,,,,,,,,,,,,,,,0,1,en_au_009_in,,1,,6500,7040,,5,,,,,,,,,,,,,,,,,7,au
339,514,9,8,Request(+￥50/1day),Not sign up (+￥0),,,【10days/9nights RENTAL】au KDDI HWD11,1,,,,,,,,【10days/9nights RENTAL】au KDDI HWD11,03151235_5504fe13b2772.jpg,*,03151235_5504fe13b0020.jpg,03151235_5504fe13ad223.jpg,,,,,,,,,,,,,,,,,,,,,,0,1,en_au_009_bt,,1,,6500,7000,,5,,,,,,,,,,,,,,,,,7,au
339,347,10,8,Not request(+￥0),Not sign up (+￥0),,,【10days/9nights RENTAL】au KDDI HWD11,1,,,,,,,,【10days/9nights RENTAL】au KDDI HWD11,03151235_5504fe13b2772.jpg,*,03151235_5504fe13b0020.jpg,03151235_5504fe13ad223.jpg,,,,,,,,,,,,,,,,,,,,,,0,1,en_au_009,,1,,6500,6500,,5,,,,,,,,,,,,,,,,,7,au
340,519,9,7,Request(+￥50/1day),Sign up (+￥540),,,【11days/10nights RENTAL】au KDDI HWD11,1,,,,,,,,【11days/10nights RENTAL】au KDDI HWD11,03151235_5504fdfe1fee8.jpg,*,03151235_5504fdfe1d53e.jpg,03151235_5504fdfe1a390.jpg,,,,,,,,,,,,,,,,,,,,,,0,1,en_au_010_in_bt,,1,,7150,8240,,5,,,,,,,,,,,,,,,,,7,au
340,518,10,7,Not request(+￥0),Sign up (+￥540),,,【11days/10nights RENTAL】au KDDI HWD11,1,,,,,,,,【11days/10nights RENTAL】au KDDI HWD11,03151235_5504fdfe1fee8.jpg,*,03151235_5504fdfe1d53e.jpg,03151235_5504fdfe1a390.jpg,,,,,,,,,,,,,,,,,,,,,,0,1,en_au_010_in,,1,,7150,7690,,5,,,,,,,,,,,,,,,,,7,au
340,517,9,8,Request(+￥50/1day),Not sign up (+￥0),,,【11days/10nights RENTAL】au KDDI HWD11,1,,,,,,,,【11days/10nights RENTAL】au KDDI HWD11,03151235_5504fdfe1fee8.jpg,*,03151235_5504fdfe1d53e.jpg,03151235_5504fdfe1a390.jpg,,,,,,,,,,,,,,,,,,,,,,0,1,en_au_010_bt,,1,,7150,7700,,5,,,,,,,,,,,,,,,,,7,au
340,348,10,8,Not request(+￥0),Not sign up (+￥0),,,【11days/10nights RENTAL】au KDDI HWD11,1,,,,,,,,【11days/10nights RENTAL】au KDDI HWD11,03151235_5504fdfe1fee8.jpg,*,03151235_5504fdfe1d53e.jpg,03151235_5504fdfe1a390.jpg,,,,,,,,,,,,,,,,,,,,,,0,1,en_au_010,,1,,7150,7150,,5,,,,,,,,,,,,,,,,,7,au
341,522,9,7,Request(+￥50/1day),Sign up (+￥540),,,【12days/11nights RENTAL】au KDDI HWD11,1,,,,,,,,【12days/11nights RENTAL】au KDDI HWD11,03151234_5504fde2a1ffd.jpg,*,03151234_5504fde29f485.jpg,03151234_5504fde29c3fa.jpg,,,,,,,,,,,,,,,,,,,,,,0,1,en_au_011_in_bt,,1,,7800,8940,,5,,,,,,,,,,,,,,,,,7,au
341,521,10,7,Not request(+￥0),Sign up (+￥540),,,【12days/11nights RENTAL】au KDDI HWD11,1,,,,,,,,【12days/11nights RENTAL】au KDDI HWD11,03151234_5504fde2a1ffd.jpg,*,03151234_5504fde29f485.jpg,03151234_5504fde29c3fa.jpg,,,,,,,,,,,,,,,,,,,,,,0,1,en_au_011_in,,1,,7800,8340,,5,,,,,,,,,,,,,,,,,7,au
341,520,9,8,Request(+￥50/1day),Not sign up (+￥0),,,【12days/11nights RENTAL】au KDDI HWD11,1,,,,,,,,【12days/11nights RENTAL】au KDDI HWD11,03151234_5504fde2a1ffd.jpg,*,03151234_5504fde29f485.jpg,03151234_5504fde29c3fa.jpg,,,,,,,,,,,,,,,,,,,,,,0,1,en_au_011_bt,,1,,7800,8400,,5,,,,,,,,,,,,,,,,,7,au
341,349,10,8,Not request(+￥0),Not sign up (+￥0),,,【12days/11nights RENTAL】au KDDI HWD11,1,,,,,,,,【12days/11nights RENTAL】au KDDI HWD11,03151234_5504fde2a1ffd.jpg,*,03151234_5504fde29f485.jpg,03151234_5504fde29c3fa.jpg,,,,,,,,,,,,,,,,,,,,,,0,1,en_au_011,,1,,7800,7800,,5,,,,,,,,,,,,,,,,,7,au
342,525,9,7,Request(+￥50/1day),Sign up (+￥540),,,【13days/12nights RENTAL】au KDDI HWD11,1,,,,,,,,【13days/12nights RENTAL】au KDDI HWD11,03151234_5504fdcc7a1ee.jpg,*,03151234_5504fdcc771c1.jpg,03151234_5504fdcc733f5.jpg,,,,,,,,,,,,,,,,,,,,,,0,1,en_au_012_in_bt,,1,,8450,9640,,5,,,,,,,,,,,,,,,,,7,au
342,524,10,7,Not request(+￥0),Sign up (+￥540),,,【13days/12nights RENTAL】au KDDI HWD11,1,,,,,,,,【13days/12nights RENTAL】au KDDI HWD11,03151234_5504fdcc7a1ee.jpg,*,03151234_5504fdcc771c1.jpg,03151234_5504fdcc733f5.jpg,,,,,,,,,,,,,,,,,,,,,,0,1,en_au_012_in,,1,,8450,8990,,5,,,,,,,,,,,,,,,,,7,au
342,523,9,8,Request(+￥50/1day),Not sign up (+￥0),,,【13days/12nights RENTAL】au KDDI HWD11,1,,,,,,,,【13days/12nights RENTAL】au KDDI HWD11,03151234_5504fdcc7a1ee.jpg,*,03151234_5504fdcc771c1.jpg,03151234_5504fdcc733f5.jpg,,,,,,,,,,,,,,,,,,,,,,0,1,en_au_012_bt,,1,,8450,9100,,5,,,,,,,,,,,,,,,,,7,au
342,350,10,8,Not request(+￥0),Not sign up (+￥0),,,【13days/12nights RENTAL】au KDDI HWD11,1,,,,,,,,【13days/12nights RENTAL】au KDDI HWD11,03151234_5504fdcc7a1ee.jpg,*,03151234_5504fdcc771c1.jpg,03151234_5504fdcc733f5.jpg,,,,,,,,,,,,,,,,,,,,,,0,1,en_au_012,,1,,8450,8450,,5,,,,,,,,,,,,,,,,,7,au
343,528,9,7,Request(+￥50/1day),Sign up (+￥540),,,【14days/13nights RENTAL】au KDDI HWD11,1,,,,,,,,【14days/13nights RENTAL】au KDDI HWD11,03151233_5504fda1d241d.jpg,*,03151233_5504fda1cf9ba.jpg,03151233_5504fda1cc895.jpg,,,,,,,,,,,,,,,,,,,,,,0,1,en_au_013_in_bt,,1,,9100,10340,,5,,,,,,,,,,,,,,,,,7,au
343,527,10,7,Not request(+￥0),Sign up (+￥540),,,【14days/13nights RENTAL】au KDDI HWD11,1,,,,,,,,【14days/13nights RENTAL】au KDDI HWD11,03151233_5504fda1d241d.jpg,*,03151233_5504fda1cf9ba.jpg,03151233_5504fda1cc895.jpg,,,,,,,,,,,,,,,,,,,,,,0,1,en_au_013_in,,1,,9100,9640,,5,,,,,,,,,,,,,,,,,7,au
343,526,9,8,Request(+￥50/1day),Not sign up (+￥0),,,【14days/13nights RENTAL】au KDDI HWD11,1,,,,,,,,【14days/13nights RENTAL】au KDDI HWD11,03151233_5504fda1d241d.jpg,*,03151233_5504fda1cf9ba.jpg,03151233_5504fda1cc895.jpg,,,,,,,,,,,,,,,,,,,,,,0,1,en_au_013_bt,,1,,9100,9800,,5,,,,,,,,,,,,,,,,,7,au
343,351,10,8,Not request(+￥0),Not sign up (+￥0),,,【14days/13nights RENTAL】au KDDI HWD11,1,,,,,,,,【14days/13nights RENTAL】au KDDI HWD11,03151233_5504fda1d241d.jpg,*,03151233_5504fda1cf9ba.jpg,03151233_5504fda1cc895.jpg,,,,,,,,,,,,,,,,,,,,,,0,1,en_au_013,,1,,9100,9100,,5,,,,,,,,,,,,,,,,,7,au
344,531,9,7,Request(+￥50/1day),Sign up (+￥540),,,【15days/14nights〜1month RENTAL】au KDDI HWD11,1,,,,,,,,【15days/14nights〜1month RENTAL】au KDDI HWD11,03151247_550500b50526e.jpg,*,03151247_550500b502883.jpg,03151247_550500b4f3824.jpg,,,,,,,,,,,,,,,,,,,,,,0,1,en_au_014_in_bt,,1,,9750,11040,,5,,,,,,,,,,,,,,,,,7,au
344,530,10,7,Not request(+￥0),Sign up (+￥540),,,【15days/14nights〜1month RENTAL】au KDDI HWD11,1,,,,,,,,【15days/14nights〜1month RENTAL】au KDDI HWD11,03151247_550500b50526e.jpg,*,03151247_550500b502883.jpg,03151247_550500b4f3824.jpg,,,,,,,,,,,,,,,,,,,,,,0,1,en_au_014_in,,1,,9750,10290,,5,,,,,,,,,,,,,,,,,7,au
344,529,9,8,Request(+￥50/1day),Not sign up (+￥0),,,【15days/14nights〜1month RENTAL】au KDDI HWD11,1,,,,,,,,【15days/14nights〜1month RENTAL】au KDDI HWD11,03151247_550500b50526e.jpg,*,03151247_550500b502883.jpg,03151247_550500b4f3824.jpg,,,,,,,,,,,,,,,,,,,,,,0,1,en_au_014_bt,,1,,9750,10500,,5,,,,,,,,,,,,,,,,,7,au
344,352,10,8,Not request(+￥0),Not sign up (+￥0),,,【15days/14nights〜1month RENTAL】au KDDI HWD11,1,,,,,,,,【15days/14nights〜1month RENTAL】au KDDI HWD11,03151247_550500b50526e.jpg,*,03151247_550500b502883.jpg,03151247_550500b4f3824.jpg,,,,,,,,,,,,,,,,,,,,,,0,1,en_au_014,,1,,9750,9750,,5,,,,,,,,,,,,,,,,,7,au
345,534,9,7,Request(+￥50/1day),Sign up (+￥540),,,【2-month(61days/60nights) RENTAL】au KDDI HWD11,1,,,,,,,,【2-month(61days/60nights) RENTAL】au KDDI HWD11,03151246_5505009e5780e.jpg,*,03151246_5505009e54fcb.jpg,03151246_5505009e51ce5.jpg,,,,,,,,,,,,,,,,,,,,,,0,1,en_au_060_in_bt,,1,,17300,18890,,5,,,,,,,,,,,,,,,,,7,au
345,533,10,7,Not request(+￥0),Sign up (+￥540),,,【2-month(61days/60nights) RENTAL】au KDDI HWD11,1,,,,,,,,【2-month(61days/60nights) RENTAL】au KDDI HWD11,03151246_5505009e5780e.jpg,*,03151246_5505009e54fcb.jpg,03151246_5505009e51ce5.jpg,,,,,,,,,,,,,,,,,,,,,,0,1,en_au_060_in,,1,,17300,17840,,5,,,,,,,,,,,,,,,,,7,au
345,532,9,8,Request(+￥50/1day),Not sign up (+￥0),,,【2-month(61days/60nights) RENTAL】au KDDI HWD11,1,,,,,,,,【2-month(61days/60nights) RENTAL】au KDDI HWD11,03151246_5505009e5780e.jpg,*,03151246_5505009e54fcb.jpg,03151246_5505009e51ce5.jpg,,,,,,,,,,,,,,,,,,,,,,0,1,en_au_060_bt,,1,,17300,18350,,5,,,,,,,,,,,,,,,,,7,au
345,353,10,8,Not request(+￥0),Not sign up (+￥0),,,【2-month(61days/60nights) RENTAL】au KDDI HWD11,1,,,,,,,,【2-month(61days/60nights) RENTAL】au KDDI HWD11,03151246_5505009e5780e.jpg,*,03151246_5505009e54fcb.jpg,03151246_5505009e51ce5.jpg,,,,,,,,,,,,,,,,,,,,,,0,1,en_au_060,,1,,17300,17300,,5,,,,,,,,,,,,,,,,,7,au
346,537,9,7,Request(+￥50/1day),Sign up (+￥540),,,【3-month(91days/90nights) RENTAL】au KDDI HWD11,1,,,,,,,,【3-month(91days/90nights) RENTAL】au KDDI HWD11,03151246_550500824f76e.jpg,*,03151246_550500824c667.jpg,03151246_5505008249602.jpg,,,,,,,,,,,,,,,,,,,,,,0,1,en_au_090_in_bt,,1,,24200,26090,,5,,,,,,,,,,,,,,,,,7,au
346,536,10,7,Not request(+￥0),Sign up (+￥540),,,【3-month(91days/90nights) RENTAL】au KDDI HWD11,1,,,,,,,,【3-month(91days/90nights) RENTAL】au KDDI HWD11,03151246_550500824f76e.jpg,*,03151246_550500824c667.jpg,03151246_5505008249602.jpg,,,,,,,,,,,,,,,,,,,,,,0,1,en_au_090_in,,1,,24200,24740,,5,,,,,,,,,,,,,,,,,7,au
346,535,9,8,Request(+￥50/1day),Not sign up (+￥0),,,【3-month(91days/90nights) RENTAL】au KDDI HWD11,1,,,,,,,,【3-month(91days/90nights) RENTAL】au KDDI HWD11,03151246_550500824f76e.jpg,*,03151246_550500824c667.jpg,03151246_5505008249602.jpg,,,,,,,,,,,,,,,,,,,,,,0,1,en_au_090_bt,,1,,24200,25550,,5,,,,,,,,,,,,,,,,,7,au
346,354,10,8,Not request(+￥0),Not sign up (+￥0),,,【3-month(91days/90nights) RENTAL】au KDDI HWD11,1,,,,,,,,【3-month(91days/90nights) RENTAL】au KDDI HWD11,03151246_550500824f76e.jpg,*,03151246_550500824c667.jpg,03151246_5505008249602.jpg,,,,,,,,,,,,,,,,,,,,,,0,1,en_au_090,,1,,24200,24200,,5,,,,,,,,,,,,,,,,,7,au
347,355,0,11,,"Yes, I rent a battery as well.",,,【1day extension of rental】au KDDI,1,,,,,,,,【1day extension of rental】au KDDI,au_ex-00.jpg,*,au_ex-00.jpg,au_ex-00.jpg,,,,,,,,,,,,,,,,,,,,,,0,1,en_au_ex_000_bt,,1,,650,700,,5,,,,,,,,,,,,,,,,,10,au_extension
347,538,0,12,,"No, I rent a Wi-Fi router only.",,,【1day extension of rental】au KDDI,1,,,,,,,,【1day extension of rental】au KDDI,au_ex-00.jpg,*,au_ex-00.jpg,au_ex-00.jpg,,,,,,,,,,,,,,,,,,,,,,0,1,en_au_ex_000,,1,,650,650,,5,,,,,,,,,,,,,,,,,10,au_extension
348,356,0,11,,"Yes, I rent a battery as well.",,,【2days/1nights extension of rental】au KDDI,1,,,,,,,,【2days/1nights extension of rental】au KDDI,au_ex-01.jpg,*,au_ex-01.jpg,au_ex-01.jpg,,,,,,,,,,,,,,,,,,,,,,0,1,en_au_ex_001_bt,,1,,1300,1400,,5,,,,,,,,,,,,,,,,,10,au_extension
348,539,0,12,,"No, I rent a Wi-Fi router only.",,,【2days/1nights extension of rental】au KDDI,1,,,,,,,,【2days/1nights extension of rental】au KDDI,au_ex-01.jpg,*,au_ex-01.jpg,au_ex-01.jpg,,,,,,,,,,,,,,,,,,,,,,0,1,en_au_ex_001,,1,,1300,1300,,5,,,,,,,,,,,,,,,,,10,au_extension
349,357,0,11,,"Yes, I rent a battery as well.",,,【3days/2nights extension of rental】au KDDI,1,,,,,,,,【3days/2nights extension of rental】au KDDI,au_ex-02.jpg,*,au_ex-02.jpg,au_ex-02.jpg,,,,,,,,,,,,,,,,,,,,,,0,1,en_au_ex_002_bt,,1,,1950,2100,,5,,,,,,,,,,,,,,,,,10,au_extension
349,540,0,12,,"No, I rent a Wi-Fi router only.",,,【3days/2nights extension of rental】au KDDI,1,,,,,,,,【3days/2nights extension of rental】au KDDI,au_ex-02.jpg,*,au_ex-02.jpg,au_ex-02.jpg,,,,,,,,,,,,,,,,,,,,,,0,1,en_au_ex_002,,1,,1950,1950,,5,,,,,,,,,,,,,,,,,10,au_extension
350,358,0,11,,"Yes, I rent a battery as well.",,,【4days/3nights extension of rental】au KDDI,1,,,,,,,,【4days/3nights extension of rental】au KDDI,au_ex-03.jpg,*,au_ex-03.jpg,au_ex-03.jpg,,,,,,,,,,,,,,,,,,,,,,0,1,en_au_ex_003_bt,,1,,2600,2800,,5,,,,,,,,,,,,,,,,,10,au_extension
350,541,0,12,,"No, I rent a Wi-Fi router only.",,,【4days/3nights extension of rental】au KDDI,1,,,,,,,,【4days/3nights extension of rental】au KDDI,au_ex-03.jpg,*,au_ex-03.jpg,au_ex-03.jpg,,,,,,,,,,,,,,,,,,,,,,0,1,en_au_ex_003,,1,,2600,2600,,5,,,,,,,,,,,,,,,,,10,au_extension
351,359,0,11,,"Yes, I rent a battery as well.",,,【5days/4nights extension of rental】au KDDI,1,,,,,,,,【5days/4nights extension of rental】au KDDI,au_ex-04.jpg,*,au_ex-04.jpg,au_ex-04.jpg,,,,,,,,,,,,,,,,,,,,,,0,1,en_au_ex_004_bt,,1,,3250,3500,,5,,,,,,,,,,,,,,,,,10,au_extension
351,542,0,12,,"No, I rent a Wi-Fi router only.",,,【5days/4nights extension of rental】au KDDI,1,,,,,,,,【5days/4nights extension of rental】au KDDI,au_ex-04.jpg,*,au_ex-04.jpg,au_ex-04.jpg,,,,,,,,,,,,,,,,,,,,,,0,1,en_au_ex_004,,1,,3250,3250,,5,,,,,,,,,,,,,,,,,10,au_extension
352,360,0,11,,"Yes, I rent a battery as well.",,,【6days/5nights extension of rental】au KDDI,1,,,,,,,,【6days/5nights extension of rental】au KDDI,au_ex-05.jpg,*,au_ex-05.jpg,au_ex-05.jpg,,,,,,,,,,,,,,,,,,,,,,0,1,en_au_ex_005_bt,,1,,3900,4200,,5,,,,,,,,,,,,,,,,,10,au_extension
352,543,0,12,,"No, I rent a Wi-Fi router only.",,,【6days/5nights extension of rental】au KDDI,1,,,,,,,,【6days/5nights extension of rental】au KDDI,au_ex-05.jpg,*,au_ex-05.jpg,au_ex-05.jpg,,,,,,,,,,,,,,,,,,,,,,0,1,en_au_ex_005,,1,,3900,3900,,5,,,,,,,,,,,,,,,,,10,au_extension
353,361,0,11,,"Yes, I rent a battery as well.",,,【7days/6nights extension of rental】au KDDI,1,,,,,,,,【7days/6nights extension of rental】au KDDI,au_ex-06.jpg,*,au_ex-06.jpg,au_ex-06.jpg,,,,,,,,,,,,,,,,,,,,,,0,1,en_au_ex_006_bt,,1,,4550,4900,,5,,,,,,,,,,,,,,,,,10,au_extension
353,544,0,12,,"No, I rent a Wi-Fi router only.",,,【7days/6nights extension of rental】au KDDI,1,,,,,,,,【7days/6nights extension of rental】au KDDI,au_ex-06.jpg,*,au_ex-06.jpg,au_ex-06.jpg,,,,,,,,,,,,,,,,,,,,,,0,1,en_au_ex_006,,1,,4550,4550,,5,,,,,,,,,,,,,,,,,10,au_extension
354,362,0,11,,"Yes, I rent a battery as well.",,,【8days/7nights extension of rental】au KDDI,1,,,,,,,,【8days/7nights extension of rental】au KDDI,au_ex-07.jpg,*,au_ex-07.jpg,au_ex-07.jpg,,,,,,,,,,,,,,,,,,,,,,0,1,en_au_ex_007_bt,,1,,5200,5600,,5,,,,,,,,,,,,,,,,,10,au_extension
354,545,0,12,,"No, I rent a Wi-Fi router only.",,,【8days/7nights extension of rental】au KDDI,1,,,,,,,,【8days/7nights extension of rental】au KDDI,au_ex-07.jpg,*,au_ex-07.jpg,au_ex-07.jpg,,,,,,,,,,,,,,,,,,,,,,0,1,en_au_ex_007,,1,,5200,5200,,5,,,,,,,,,,,,,,,,,10,au_extension
355,363,0,11,,"Yes, I rent a battery as well.",,,【9days/8nights extension of rental】au KDDI,1,,,,,,,,【9days/8nights extension of rental】au KDDI,au_ex-08.jpg,*,au_ex-08.jpg,au_ex-08.jpg,,,,,,,,,,,,,,,,,,,,,,0,1,en_au_ex_008_bt,,1,,5850,6300,,5,,,,,,,,,,,,,,,,,10,au_extension
355,546,0,12,,"No, I rent a Wi-Fi router only.",,,【9days/8nights extension of rental】au KDDI,1,,,,,,,,【9days/8nights extension of rental】au KDDI,au_ex-08.jpg,*,au_ex-08.jpg,au_ex-08.jpg,,,,,,,,,,,,,,,,,,,,,,0,1,en_au_ex_008,,1,,5850,5850,,5,,,,,,,,,,,,,,,,,10,au_extension
356,364,0,11,,"Yes, I rent a battery as well.",,,【10days/9nights extension of rental】au KDDI,1,,,,,,,,【10days/9nights extension of rental】au KDDI,au_ex-09.jpg,*,au_ex-09.jpg,au_ex-09.jpg,,,,,,,,,,,,,,,,,,,,,,0,1,en_au_ex_009_bt,,1,,6500,7000,,5,,,,,,,,,,,,,,,,,10,au_extension
356,547,0,12,,"No, I rent a Wi-Fi router only.",,,【10days/9nights extension of rental】au KDDI,1,,,,,,,,【10days/9nights extension of rental】au KDDI,au_ex-09.jpg,*,au_ex-09.jpg,au_ex-09.jpg,,,,,,,,,,,,,,,,,,,,,,0,1,en_au_ex_009,,1,,6500,6500,,5,,,,,,,,,,,,,,,,,10,au_extension
357,365,0,11,,"Yes, I rent a battery as well.",,,【11days/10nights extension of rental】au KDDI,1,,,,,,,,【11days/10nights extension of rental】au KDDI,au_ex-10.jpg,*,au_ex-10.jpg,au_ex-10.jpg,,,,,,,,,,,,,,,,,,,,,,0,1,en_au_ex_010_bt,,1,,7150,7700,,5,,,,,,,,,,,,,,,,,10,au_extension
357,548,0,12,,"No, I rent a Wi-Fi router only.",,,【11days/10nights extension of rental】au KDDI,1,,,,,,,,【11days/10nights extension of rental】au KDDI,au_ex-10.jpg,*,au_ex-10.jpg,au_ex-10.jpg,,,,,,,,,,,,,,,,,,,,,,0,1,en_au_ex_010,,1,,7150,7150,,5,,,,,,,,,,,,,,,,,10,au_extension
358,366,0,11,,"Yes, I rent a battery as well.",,,【12days/11nights extension of rental】au KDDI,1,,,,,,,,【12days/11nights extension of rental】au KDDI,au_ex-11.jpg,*,au_ex-11.jpg,au_ex-11.jpg,,,,,,,,,,,,,,,,,,,,,,0,1,en_au_ex_011_bt,,1,,7800,8400,,5,,,,,,,,,,,,,,,,,10,au_extension
358,549,0,12,,"No, I rent a Wi-Fi router only.",,,【12days/11nights extension of rental】au KDDI,1,,,,,,,,【12days/11nights extension of rental】au KDDI,au_ex-11.jpg,*,au_ex-11.jpg,au_ex-11.jpg,,,,,,,,,,,,,,,,,,,,,,0,1,en_au_ex_011,,1,,7800,7800,,5,,,,,,,,,,,,,,,,,10,au_extension
359,367,0,11,,"Yes, I rent a battery as well.",,,【13days/12nights extension of rental】au KDDI,1,,,,,,,,【13days/12nights extension of rental】au KDDI,au_ex-12.jpg,*,au_ex-12.jpg,au_ex-12.jpg,,,,,,,,,,,,,,,,,,,,,,0,1,en_au_ex_012_bt,,1,,8450,9100,,5,,,,,,,,,,,,,,,,,10,au_extension
359,550,0,12,,"No, I rent a Wi-Fi router only.",,,【13days/12nights extension of rental】au KDDI,1,,,,,,,,【13days/12nights extension of rental】au KDDI,au_ex-12.jpg,*,au_ex-12.jpg,au_ex-12.jpg,,,,,,,,,,,,,,,,,,,,,,0,1,en_au_ex_012,,1,,8450,8450,,5,,,,,,,,,,,,,,,,,10,au_extension
360,368,0,11,,"Yes, I rent a battery as well.",,,【14days/13nights extension of rental】au KDDI,1,,,,,,,,【14days/13nights extension of rental】au KDDI,au_ex-13.jpg,*,au_ex-13.jpg,au_ex-13.jpg,,,,,,,,,,,,,,,,,,,,,,0,1,en_au_ex_013_bt,,1,,9100,9800,,5,,,,,,,,,,,,,,,,,10,au_extension
360,551,0,12,,"No, I rent a Wi-Fi router only.",,,【14days/13nights extension of rental】au KDDI,1,,,,,,,,【14days/13nights extension of rental】au KDDI,au_ex-13.jpg,*,au_ex-13.jpg,au_ex-13.jpg,,,,,,,,,,,,,,,,,,,,,,0,1,en_au_ex_013,,1,,9100,9100,,5,,,,,,,,,,,,,,,,,10,au_extension
361,369,0,11,,"Yes, I rent a battery as well.",,,【15days/14nights〜1month extension of rental】au KDDI,1,,,,,,,,【15days/14nights〜1month extension of rental】au KDDI,au_ex-14.jpg,*,au_ex-14.jpg,au_ex-14.jpg,,,,,,,,,,,,,,,,,,,,,,0,1,en_au_ex_014_bt,,1,,9750,10500,,5,,,,,,,,,,,,,,,,,10,au_extension
361,552,0,12,,"No, I rent a Wi-Fi router only.",,,【15days/14nights〜1month extension of rental】au KDDI,1,,,,,,,,【15days/14nights〜1month extension of rental】au KDDI,au_ex-14.jpg,*,au_ex-14.jpg,au_ex-14.jpg,,,,,,,,,,,,,,,,,,,,,,0,1,en_au_ex_014,,1,,9750,9750,,5,,,,,,,,,,,,,,,,,10,au_extension
362,370,0,11,,"Yes, I rent a battery as well.",,,【2month extension of rental】au KDDI,1,,,,,,,,【2month extension of rental】au KDDI,au_ex-15.jpg,*,au_ex-15.jpg,au_ex-15.jpg,,,,,,,,,,,,,,,,,,,,,,0,1,en_au_ex_060_bt,,1,,17300,18350,,5,,,,,,,,,,,,,,,,,10,au_extension
362,553,0,12,,"No, I rent a Wi-Fi router only.",,,【2month extension of rental】au KDDI,1,,,,,,,,【2month extension of rental】au KDDI,au_ex-15.jpg,*,au_ex-15.jpg,au_ex-15.jpg,,,,,,,,,,,,,,,,,,,,,,0,1,en_au_ex_060,,1,,17300,17300,,5,,,,,,,,,,,,,,,,,10,au_extension
363,371,0,11,,"Yes, I rent a battery as well.",,,【3month extension of rental】au KDDI,1,,,,,,,,【3month extension of rental】au KDDI,au_ex-16.jpg,*,au_ex-16.jpg,au_ex-16.jpg,,,,,,,,,,,,,,,,,,,,,,0,1,en_au_ex_090_bt,,1,,24200,25550,,5,,,,,,,,,,,,,,,,,10,au_extension
363,554,0,12,,"No, I rent a Wi-Fi router only.",,,【3month extension of rental】au KDDI,1,,,,,,,,【3month extension of rental】au KDDI,au_ex-16.jpg,*,au_ex-16.jpg,au_ex-16.jpg,,,,,,,,,,,,,,,,,,,,,,0,1,en_au_ex_090,,1,,24200,24200,,5,,,,,,,,,,,,,,,,,10,au_extension
364,557,9,7,Request(+￥50/1day),Sign up (+￥540),,,【2days/1nights RENTAL】SoftBank 303ZT,1,,,,,,,,【2days/1nights RENTAL】SoftBank 303ZT,sb/sb.jpg,*,sb/sb.jpg,sb/sb.jpg,,,,,,,,,,,,,,,,,,,,,,0,1,en_sb_001_in_bt,,1,,1100,1740,,5,,,,,,,,,,,,,,,,,11,SoftBank
364,556,10,7,Not request(+￥0),Sign up (+￥540),,,【2days/1nights RENTAL】SoftBank 303ZT,1,,,,,,,,【2days/1nights RENTAL】SoftBank 303ZT,sb/sb.jpg,*,sb/sb.jpg,sb/sb.jpg,,,,,,,,,,,,,,,,,,,,,,0,1,en_sb_001_in,,1,,1100,1640,,5,,,,,,,,,,,,,,,,,11,SoftBank
364,555,9,8,Request(+￥50/1day),Not sign up (+￥0),,,【2days/1nights RENTAL】SoftBank 303ZT,1,,,,,,,,【2days/1nights RENTAL】SoftBank 303ZT,sb/sb.jpg,*,sb/sb.jpg,sb/sb.jpg,,,,,,,,,,,,,,,,,,,,,,0,1,en_sb_001_bt,,1,,1100,1200,,5,,,,,,,,,,,,,,,,,11,SoftBank
364,372,10,8,Not request(+￥0),Not sign up (+￥0),,,【2days/1nights RENTAL】SoftBank 303ZT,1,,,,,,,,【2days/1nights RENTAL】SoftBank 303ZT,sb/sb.jpg,*,sb/sb.jpg,sb/sb.jpg,,,,,,,,,,,,,,,,,,,,,,0,1,en_sb_001,,1,,1100,1100,,5,,,,,,,,,,,,,,,,,11,SoftBank
365,560,9,7,Request(+￥50/1day),Sign up (+￥540),,,【3days/2nights RENTAL】SoftBank 303ZT,1,,,,,,,,【3days/2nights RENTAL】SoftBank 303ZT,sb/sb.jpg,*,sb/sb.jpg,sb/sb.jpg,,,,,,,,,,,,,,,,,,,,,,0,1,en_sb_002_in_bt,,1,,1650,2340,,5,,,,,,,,,,,,,,,,,11,SoftBank
365,559,10,7,Not request(+￥0),Sign up (+￥540),,,【3days/2nights RENTAL】SoftBank 303ZT,1,,,,,,,,【3days/2nights RENTAL】SoftBank 303ZT,sb/sb.jpg,*,sb/sb.jpg,sb/sb.jpg,,,,,,,,,,,,,,,,,,,,,,0,1,en_sb_002_in,,1,,1650,2190,,5,,,,,,,,,,,,,,,,,11,SoftBank
365,558,9,8,Request(+￥50/1day),Not sign up (+￥0),,,【3days/2nights RENTAL】SoftBank 303ZT,1,,,,,,,,【3days/2nights RENTAL】SoftBank 303ZT,sb/sb.jpg,*,sb/sb.jpg,sb/sb.jpg,,,,,,,,,,,,,,,,,,,,,,0,1,en_sb_002_bt,,1,,1650,1800,,5,,,,,,,,,,,,,,,,,11,SoftBank
365,373,10,8,Not request(+￥0),Not sign up (+￥0),,,【3days/2nights RENTAL】SoftBank 303ZT,1,,,,,,,,【3days/2nights RENTAL】SoftBank 303ZT,sb/sb.jpg,*,sb/sb.jpg,sb/sb.jpg,,,,,,,,,,,,,,,,,,,,,,0,1,en_sb_002,,1,,1650,1650,,5,,,,,,,,,,,,,,,,,11,SoftBank
366,563,9,7,Request(+￥50/1day),Sign up (+￥540),,,【4days/3nights RENTAL】SoftBank 303ZT,1,,,,,,,,【4days/3nights RENTAL】SoftBank 303ZT,sb/sb.jpg,*,sb/sb.jpg,sb/sb.jpg,,,,,,,,,,,,,,,,,,,,,,0,1,en_sb_003_in_bt,,1,,2200,2940,,5,,,,,,,,,,,,,,,,,11,SoftBank
366,562,10,7,Not request(+￥0),Sign up (+￥540),,,【4days/3nights RENTAL】SoftBank 303ZT,1,,,,,,,,【4days/3nights RENTAL】SoftBank 303ZT,sb/sb.jpg,*,sb/sb.jpg,sb/sb.jpg,,,,,,,,,,,,,,,,,,,,,,0,1,en_sb_003_in,,1,,2200,2740,,5,,,,,,,,,,,,,,,,,11,SoftBank
366,561,9,8,Request(+￥50/1day),Not sign up (+￥0),,,【4days/3nights RENTAL】SoftBank 303ZT,1,,,,,,,,【4days/3nights RENTAL】SoftBank 303ZT,sb/sb.jpg,*,sb/sb.jpg,sb/sb.jpg,,,,,,,,,,,,,,,,,,,,,,0,1,en_sb_003_bt,,1,,2200,2400,,5,,,,,,,,,,,,,,,,,11,SoftBank
366,374,10,8,Not request(+￥0),Not sign up (+￥0),,,【4days/3nights RENTAL】SoftBank 303ZT,1,,,,,,,,【4days/3nights RENTAL】SoftBank 303ZT,sb/sb.jpg,*,sb/sb.jpg,sb/sb.jpg,,,,,,,,,,,,,,,,,,,,,,0,1,en_sb_003,,1,,2200,2200,,5,,,,,,,,,,,,,,,,,11,SoftBank
367,566,9,7,Request(+￥50/1day),Sign up (+￥540),,,【5days/4nights RENTAL】SoftBank 303ZT,1,,,,,,,,【5days/4nights RENTAL】SoftBank 303ZT,sb/sb.jpg,*,sb/sb.jpg,sb/sb.jpg,,,,,,,,,,,,,,,,,,,,,,0,1,en_sb_004_in_bt,,1,,2750,3540,,5,,,,,,,,,,,,,,,,,11,SoftBank
367,565,10,7,Not request(+￥0),Sign up (+￥540),,,【5days/4nights RENTAL】SoftBank 303ZT,1,,,,,,,,【5days/4nights RENTAL】SoftBank 303ZT,sb/sb.jpg,*,sb/sb.jpg,sb/sb.jpg,,,,,,,,,,,,,,,,,,,,,,0,1,en_sb_004_in,,1,,2750,3290,,5,,,,,,,,,,,,,,,,,11,SoftBank
367,564,9,8,Request(+￥50/1day),Not sign up (+￥0),,,【5days/4nights RENTAL】SoftBank 303ZT,1,,,,,,,,【5days/4nights RENTAL】SoftBank 303ZT,sb/sb.jpg,*,sb/sb.jpg,sb/sb.jpg,,,,,,,,,,,,,,,,,,,,,,0,1,en_sb_004_bt,,1,,2750,3000,,5,,,,,,,,,,,,,,,,,11,SoftBank
367,375,10,8,Not request(+￥0),Not sign up (+￥0),,,【5days/4nights RENTAL】SoftBank 303ZT,1,,,,,,,,【5days/4nights RENTAL】SoftBank 303ZT,sb/sb.jpg,*,sb/sb.jpg,sb/sb.jpg,,,,,,,,,,,,,,,,,,,,,,0,1,en_sb_004,,1,,2750,2750,,5,,,,,,,,,,,,,,,,,11,SoftBank
368,569,9,7,Request(+￥50/1day),Sign up (+￥540),,,【6days/5nights RENTAL】SoftBank 303ZT,1,,,,,,,,【6days/5nights RENTAL】SoftBank 303ZT,sb/sb.jpg,*,sb/sb.jpg,sb/sb.jpg,,,,,,,,,,,,,,,,,,,,,,0,1,en_sb_005_in_bt,,1,,3300,4140,,5,,,,,,,,,,,,,,,,,11,SoftBank
368,568,10,7,Not request(+￥0),Sign up (+￥540),,,【6days/5nights RENTAL】SoftBank 303ZT,1,,,,,,,,【6days/5nights RENTAL】SoftBank 303ZT,sb/sb.jpg,*,sb/sb.jpg,sb/sb.jpg,,,,,,,,,,,,,,,,,,,,,,0,1,en_sb_005_in,,1,,3300,3840,,5,,,,,,,,,,,,,,,,,11,SoftBank
368,567,9,8,Request(+￥50/1day),Not sign up (+￥0),,,【6days/5nights RENTAL】SoftBank 303ZT,1,,,,,,,,【6days/5nights RENTAL】SoftBank 303ZT,sb/sb.jpg,*,sb/sb.jpg,sb/sb.jpg,,,,,,,,,,,,,,,,,,,,,,0,1,en_sb_005_bt,,1,,3300,3600,,5,,,,,,,,,,,,,,,,,11,SoftBank
368,376,10,8,Not request(+￥0),Not sign up (+￥0),,,【6days/5nights RENTAL】SoftBank 303ZT,1,,,,,,,,【6days/5nights RENTAL】SoftBank 303ZT,sb/sb.jpg,*,sb/sb.jpg,sb/sb.jpg,,,,,,,,,,,,,,,,,,,,,,0,1,en_sb_005,,1,,3300,3300,,5,,,,,,,,,,,,,,,,,11,SoftBank
369,572,9,7,Request(+￥50/1day),Sign up (+￥540),,,【7days/6nights RENTAL】SoftBank 303ZT,1,,,,,,,,【7days/6nights RENTAL】SoftBank 303ZT,sb/sb.jpg,*,sb/sb.jpg,sb/sb.jpg,,,,,,,,,,,,,,,,,,,,,,0,1,en_sb_006_in_bt,,1,,3850,4740,,5,,,,,,,,,,,,,,,,,11,SoftBank
369,571,10,7,Not request(+￥0),Sign up (+￥540),,,【7days/6nights RENTAL】SoftBank 303ZT,1,,,,,,,,【7days/6nights RENTAL】SoftBank 303ZT,sb/sb.jpg,*,sb/sb.jpg,sb/sb.jpg,,,,,,,,,,,,,,,,,,,,,,0,1,en_sb_006_in,,1,,3850,4390,,5,,,,,,,,,,,,,,,,,11,SoftBank
369,570,9,8,Request(+￥50/1day),Not sign up (+￥0),,,【7days/6nights RENTAL】SoftBank 303ZT,1,,,,,,,,【7days/6nights RENTAL】SoftBank 303ZT,sb/sb.jpg,*,sb/sb.jpg,sb/sb.jpg,,,,,,,,,,,,,,,,,,,,,,0,1,en_sb_006_bt,,1,,3850,4200,,5,,,,,,,,,,,,,,,,,11,SoftBank
369,377,10,8,Not request(+￥0),Not sign up (+￥0),,,【7days/6nights RENTAL】SoftBank 303ZT,1,,,,,,,,【7days/6nights RENTAL】SoftBank 303ZT,sb/sb.jpg,*,sb/sb.jpg,sb/sb.jpg,,,,,,,,,,,,,,,,,,,,,,0,1,en_sb_006,,1,,3850,3850,,5,,,,,,,,,,,,,,,,,11,SoftBank
370,575,9,7,Request(+￥50/1day),Sign up (+￥540),,,【8days/7nights RENTAL】SoftBank 303ZT,1,,,,,,,,【8days/7nights RENTAL】SoftBank 303ZT,sb/sb.jpg,*,sb/sb.jpg,sb/sb.jpg,,,,,,,,,,,,,,,,,,,,,,0,1,en_sb_007_in_bt,,1,,4400,5340,,5,,,,,,,,,,,,,,,,,11,SoftBank
370,574,10,7,Not request(+￥0),Sign up (+￥540),,,【8days/7nights RENTAL】SoftBank 303ZT,1,,,,,,,,【8days/7nights RENTAL】SoftBank 303ZT,sb/sb.jpg,*,sb/sb.jpg,sb/sb.jpg,,,,,,,,,,,,,,,,,,,,,,0,1,en_sb_007_in,,1,,4400,4940,,5,,,,,,,,,,,,,,,,,11,SoftBank
370,573,9,8,Request(+￥50/1day),Not sign up (+￥0),,,【8days/7nights RENTAL】SoftBank 303ZT,1,,,,,,,,【8days/7nights RENTAL】SoftBank 303ZT,sb/sb.jpg,*,sb/sb.jpg,sb/sb.jpg,,,,,,,,,,,,,,,,,,,,,,0,1,en_sb_007_bt,,1,,4400,4800,,5,,,,,,,,,,,,,,,,,11,SoftBank
370,378,10,8,Not request(+￥0),Not sign up (+￥0),,,【8days/7nights RENTAL】SoftBank 303ZT,1,,,,,,,,【8days/7nights RENTAL】SoftBank 303ZT,sb/sb.jpg,*,sb/sb.jpg,sb/sb.jpg,,,,,,,,,,,,,,,,,,,,,,0,1,en_sb_007,,1,,4400,4400,,5,,,,,,,,,,,,,,,,,11,SoftBank
371,578,9,7,Request(+￥50/1day),Sign up (+￥540),,,【9days/8nights RENTAL】SoftBank 303ZT,1,,,,,,,,【9days/8nights RENTAL】SoftBank 303ZT,sb/sb.jpg,*,sb/sb.jpg,sb/sb.jpg,,,,,,,,,,,,,,,,,,,,,,0,1,en_sb_008_in_bt,,1,,4950,5940,,5,,,,,,,,,,,,,,,,,11,SoftBank
371,577,10,7,Not request(+￥0),Sign up (+￥540),,,【9days/8nights RENTAL】SoftBank 303ZT,1,,,,,,,,【9days/8nights RENTAL】SoftBank 303ZT,sb/sb.jpg,*,sb/sb.jpg,sb/sb.jpg,,,,,,,,,,,,,,,,,,,,,,0,1,en_sb_008_in,,1,,4950,5490,,5,,,,,,,,,,,,,,,,,11,SoftBank
371,576,9,8,Request(+￥50/1day),Not sign up (+￥0),,,【9days/8nights RENTAL】SoftBank 303ZT,1,,,,,,,,【9days/8nights RENTAL】SoftBank 303ZT,sb/sb.jpg,*,sb/sb.jpg,sb/sb.jpg,,,,,,,,,,,,,,,,,,,,,,0,1,en_sb_008_bt,,1,,4950,5400,,5,,,,,,,,,,,,,,,,,11,SoftBank
371,379,10,8,Not request(+￥0),Not sign up (+￥0),,,【9days/8nights RENTAL】SoftBank 303ZT,1,,,,,,,,【9days/8nights RENTAL】SoftBank 303ZT,sb/sb.jpg,*,sb/sb.jpg,sb/sb.jpg,,,,,,,,,,,,,,,,,,,,,,0,1,en_sb_008,,1,,4950,4950,,5,,,,,,,,,,,,,,,,,11,SoftBank
372,581,9,7,Request(+￥50/1day),Sign up (+￥540),,,【10days/9nights RENTAL】SoftBank 303ZT,1,,,,,,,,【10days/9nights RENTAL】SoftBank 303ZT,sb/sb.jpg,*,sb/sb.jpg,sb/sb.jpg,,,,,,,,,,,,,,,,,,,,,,0,1,en_sb_009_in_bt,,1,,5500,6540,,5,,,,,,,,,,,,,,,,,11,SoftBank
372,580,10,7,Not request(+￥0),Sign up (+￥540),,,【10days/9nights RENTAL】SoftBank 303ZT,1,,,,,,,,【10days/9nights RENTAL】SoftBank 303ZT,sb/sb.jpg,*,sb/sb.jpg,sb/sb.jpg,,,,,,,,,,,,,,,,,,,,,,0,1,en_sb_009_in,,1,,5500,6040,,5,,,,,,,,,,,,,,,,,11,SoftBank
372,579,9,8,Request(+￥50/1day),Not sign up (+￥0),,,【10days/9nights RENTAL】SoftBank 303ZT,1,,,,,,,,【10days/9nights RENTAL】SoftBank 303ZT,sb/sb.jpg,*,sb/sb.jpg,sb/sb.jpg,,,,,,,,,,,,,,,,,,,,,,0,1,en_sb_009_bt,,1,,5500,6000,,5,,,,,,,,,,,,,,,,,11,SoftBank
372,380,10,8,Not request(+￥0),Not sign up (+￥0),,,【10days/9nights RENTAL】SoftBank 303ZT,1,,,,,,,,【10days/9nights RENTAL】SoftBank 303ZT,sb/sb.jpg,*,sb/sb.jpg,sb/sb.jpg,,,,,,,,,,,,,,,,,,,,,,0,1,en_sb_009,,1,,5500,5500,,5,,,,,,,,,,,,,,,,,11,SoftBank
373,584,9,7,Request(+￥50/1day),Sign up (+￥540),,,【11days/10nights RENTAL】SoftBank 303ZT,1,,,,,,,,【11days/10nights RENTAL】SoftBank 303ZT,sb/sb.jpg,*,sb/sb.jpg,sb/sb.jpg,,,,,,,,,,,,,,,,,,,,,,0,1,en_sb_010_in_bt,,1,,6050,7140,,5,,,,,,,,,,,,,,,,,11,SoftBank
373,583,10,7,Not request(+￥0),Sign up (+￥540),,,【11days/10nights RENTAL】SoftBank 303ZT,1,,,,,,,,【11days/10nights RENTAL】SoftBank 303ZT,sb/sb.jpg,*,sb/sb.jpg,sb/sb.jpg,,,,,,,,,,,,,,,,,,,,,,0,1,en_sb_010_in,,1,,6050,6590,,5,,,,,,,,,,,,,,,,,11,SoftBank
373,582,9,8,Request(+￥50/1day),Not sign up (+￥0),,,【11days/10nights RENTAL】SoftBank 303ZT,1,,,,,,,,【11days/10nights RENTAL】SoftBank 303ZT,sb/sb.jpg,*,sb/sb.jpg,sb/sb.jpg,,,,,,,,,,,,,,,,,,,,,,0,1,en_sb_010_bt,,1,,6050,6600,,5,,,,,,,,,,,,,,,,,11,SoftBank
373,381,10,8,Not request(+￥0),Not sign up (+￥0),,,【11days/10nights RENTAL】SoftBank 303ZT,1,,,,,,,,【11days/10nights RENTAL】SoftBank 303ZT,sb/sb.jpg,*,sb/sb.jpg,sb/sb.jpg,,,,,,,,,,,,,,,,,,,,,,0,1,en_sb_010,,1,,6050,6050,,5,,,,,,,,,,,,,,,,,11,SoftBank
374,587,9,7,Request(+￥50/1day),Sign up (+￥540),,,【12days/11nights RENTAL】SoftBank 303ZT,1,,,,,,,,【12days/11nights RENTAL】SoftBank 303ZT,sb/sb.jpg,*,sb/sb.jpg,sb/sb.jpg,,,,,,,,,,,,,,,,,,,,,,0,1,en_sb_011_in_bt,,1,,6600,7740,,5,,,,,,,,,,,,,,,,,11,SoftBank
374,586,10,7,Not request(+￥0),Sign up (+￥540),,,【12days/11nights RENTAL】SoftBank 303ZT,1,,,,,,,,【12days/11nights RENTAL】SoftBank 303ZT,sb/sb.jpg,*,sb/sb.jpg,sb/sb.jpg,,,,,,,,,,,,,,,,,,,,,,0,1,en_sb_011_in,,1,,6600,7140,,5,,,,,,,,,,,,,,,,,11,SoftBank
374,585,9,8,Request(+￥50/1day),Not sign up (+￥0),,,【12days/11nights RENTAL】SoftBank 303ZT,1,,,,,,,,【12days/11nights RENTAL】SoftBank 303ZT,sb/sb.jpg,*,sb/sb.jpg,sb/sb.jpg,,,,,,,,,,,,,,,,,,,,,,0,1,en_sb_011_bt,,1,,6600,7200,,5,,,,,,,,,,,,,,,,,11,SoftBank
374,382,10,8,Not request(+￥0),Not sign up (+￥0),,,【12days/11nights RENTAL】SoftBank 303ZT,1,,,,,,,,【12days/11nights RENTAL】SoftBank 303ZT,sb/sb.jpg,*,sb/sb.jpg,sb/sb.jpg,,,,,,,,,,,,,,,,,,,,,,0,1,en_sb_011,,1,,6600,6600,,5,,,,,,,,,,,,,,,,,11,SoftBank
375,590,9,7,Request(+￥50/1day),Sign up (+￥540),,,【13days/12nights RENTAL】SoftBank 303ZT,1,,,,,,,,【13days/12nights RENTAL】SoftBank 303ZT,sb/sb.jpg,*,sb/sb.jpg,sb/sb.jpg,,,,,,,,,,,,,,,,,,,,,,0,1,en_sb_012_in_bt,,1,,7150,8340,,5,,,,,,,,,,,,,,,,,11,SoftBank
375,589,10,7,Not request(+￥0),Sign up (+￥540),,,【13days/12nights RENTAL】SoftBank 303ZT,1,,,,,,,,【13days/12nights RENTAL】SoftBank 303ZT,sb/sb.jpg,*,sb/sb.jpg,sb/sb.jpg,,,,,,,,,,,,,,,,,,,,,,0,1,en_sb_012_in,,1,,7150,7690,,5,,,,,,,,,,,,,,,,,11,SoftBank
375,588,9,8,Request(+￥50/1day),Not sign up (+￥0),,,【13days/12nights RENTAL】SoftBank 303ZT,1,,,,,,,,【13days/12nights RENTAL】SoftBank 303ZT,sb/sb.jpg,*,sb/sb.jpg,sb/sb.jpg,,,,,,,,,,,,,,,,,,,,,,0,1,en_sb_012_bt,,1,,7150,7800,,5,,,,,,,,,,,,,,,,,11,SoftBank
375,383,10,8,Not request(+￥0),Not sign up (+￥0),,,【13days/12nights RENTAL】SoftBank 303ZT,1,,,,,,,,【13days/12nights RENTAL】SoftBank 303ZT,sb/sb.jpg,*,sb/sb.jpg,sb/sb.jpg,,,,,,,,,,,,,,,,,,,,,,0,1,en_sb_012,,1,,7150,7150,,5,,,,,,,,,,,,,,,,,11,SoftBank
376,593,9,7,Request(+￥50/1day),Sign up (+￥540),,,【14days/13nights RENTAL】SoftBank 303ZT,1,,,,,,,,【14days/13nights RENTAL】SoftBank 303ZT,sb/sb.jpg,*,sb/sb.jpg,sb/sb.jpg,,,,,,,,,,,,,,,,,,,,,,0,1,en_sb_013_in_bt,,1,,7700,8940,,5,,,,,,,,,,,,,,,,,11,SoftBank
376,592,10,7,Not request(+￥0),Sign up (+￥540),,,【14days/13nights RENTAL】SoftBank 303ZT,1,,,,,,,,【14days/13nights RENTAL】SoftBank 303ZT,sb/sb.jpg,*,sb/sb.jpg,sb/sb.jpg,,,,,,,,,,,,,,,,,,,,,,0,1,en_sb_013_in,,1,,7700,8240,,5,,,,,,,,,,,,,,,,,11,SoftBank
376,591,9,8,Request(+￥50/1day),Not sign up (+￥0),,,【14days/13nights RENTAL】SoftBank 303ZT,1,,,,,,,,【14days/13nights RENTAL】SoftBank 303ZT,sb/sb.jpg,*,sb/sb.jpg,sb/sb.jpg,,,,,,,,,,,,,,,,,,,,,,0,1,en_sb_013_bt,,1,,7700,8400,,5,,,,,,,,,,,,,,,,,11,SoftBank
376,384,10,8,Not request(+￥0),Not sign up (+￥0),,,【14days/13nights RENTAL】SoftBank 303ZT,1,,,,,,,,【14days/13nights RENTAL】SoftBank 303ZT,sb/sb.jpg,*,sb/sb.jpg,sb/sb.jpg,,,,,,,,,,,,,,,,,,,,,,0,1,en_sb_013,,1,,7700,7700,,5,,,,,,,,,,,,,,,,,11,SoftBank
377,596,9,7,Request(+￥50/1day),Sign up (+￥540),,,【15days/14nights〜1month RENTAL】SoftBank 303ZT,1,,,,,,,,【15days/14nights〜1month RENTAL】SoftBank 303ZT,sb/sb.jpg,*,sb/sb.jpg,sb/sb.jpg,,,,,,,,,,,,,,,,,,,,,,0,1,en_sb_014_in_bt,,1,,8250,9540,,5,,,,,,,,,,,,,,,,,11,SoftBank
377,595,10,7,Not request(+￥0),Sign up (+￥540),,,【15days/14nights〜1month RENTAL】SoftBank 303ZT,1,,,,,,,,【15days/14nights〜1month RENTAL】SoftBank 303ZT,sb/sb.jpg,*,sb/sb.jpg,sb/sb.jpg,,,,,,,,,,,,,,,,,,,,,,0,1,en_sb_014_in,,1,,8250,8790,,5,,,,,,,,,,,,,,,,,11,SoftBank
377,594,9,8,Request(+￥50/1day),Not sign up (+￥0),,,【15days/14nights〜1month RENTAL】SoftBank 303ZT,1,,,,,,,,【15days/14nights〜1month RENTAL】SoftBank 303ZT,sb/sb.jpg,*,sb/sb.jpg,sb/sb.jpg,,,,,,,,,,,,,,,,,,,,,,0,1,en_sb_014_bt,,1,,8250,9000,,5,,,,,,,,,,,,,,,,,11,SoftBank
377,385,10,8,Not request(+￥0),Not sign up (+￥0),,,【15days/14nights〜1month RENTAL】SoftBank 303ZT,1,,,,,,,,【15days/14nights〜1month RENTAL】SoftBank 303ZT,sb/sb.jpg,*,sb/sb.jpg,sb/sb.jpg,,,,,,,,,,,,,,,,,,,,,,0,1,en_sb_014,,1,,8250,8250,,5,,,,,,,,,,,,,,,,,11,SoftBank
378,599,9,7,Request(+￥50/1day),Sign up (+￥540),,,【2-month(61days/60nights) RENTAL】SoftBank 303ZT,1,,,,,,,,【2-month(61days/60nights) RENTAL】SoftBank 303ZT,sb/sb.jpg,*,sb/sb.jpg,sb/sb.jpg,,,,,,,,,,,,,,,,,,,,,,0,1,en_sb_060_in_bt,,1,,14650,16240,,5,,,,,,,,,,,,,,,,,11,SoftBank
378,598,10,7,Not request(+￥0),Sign up (+￥540),,,【2-month(61days/60nights) RENTAL】SoftBank 303ZT,1,,,,,,,,【2-month(61days/60nights) RENTAL】SoftBank 303ZT,sb/sb.jpg,*,sb/sb.jpg,sb/sb.jpg,,,,,,,,,,,,,,,,,,,,,,0,1,en_sb_060_in,,1,,14650,15190,,5,,,,,,,,,,,,,,,,,11,SoftBank
378,597,9,8,Request(+￥50/1day),Not sign up (+￥0),,,【2-month(61days/60nights) RENTAL】SoftBank 303ZT,1,,,,,,,,【2-month(61days/60nights) RENTAL】SoftBank 303ZT,sb/sb.jpg,*,sb/sb.jpg,sb/sb.jpg,,,,,,,,,,,,,,,,,,,,,,0,1,en_sb_060_bt,,1,,14650,15700,,5,,,,,,,,,,,,,,,,,11,SoftBank
378,386,10,8,Not request(+￥0),Not sign up (+￥0),,,【2-month(61days/60nights) RENTAL】SoftBank 303ZT,1,,,,,,,,【2-month(61days/60nights) RENTAL】SoftBank 303ZT,sb/sb.jpg,*,sb/sb.jpg,sb/sb.jpg,,,,,,,,,,,,,,,,,,,,,,0,1,en_sb_060,,1,,14650,14650,,5,,,,,,,,,,,,,,,,,11,SoftBank
379,602,9,7,Request(+￥50/1day),Sign up (+￥540),,,【3-month(91days/90nights) RENTAL】SoftBank 303ZT,1,,,,,,,,【3-month(91days/90nights) RENTAL】SoftBank 303ZT,sb/sb.jpg,*,sb/sb.jpg,sb/sb.jpg,,,,,,,,,,,,,,,,,,,,,,0,1,en_sb_090_in_bt,,1,,20500,22390,,5,,,,,,,,,,,,,,,,,11,SoftBank
379,601,10,7,Not request(+￥0),Sign up (+￥540),,,【3-month(91days/90nights) RENTAL】SoftBank 303ZT,1,,,,,,,,【3-month(91days/90nights) RENTAL】SoftBank 303ZT,sb/sb.jpg,*,sb/sb.jpg,sb/sb.jpg,,,,,,,,,,,,,,,,,,,,,,0,1,en_sb_090_in,,1,,20500,21040,,5,,,,,,,,,,,,,,,,,11,SoftBank
379,600,9,8,Request(+￥50/1day),Not sign up (+￥0),,,【3-month(91days/90nights) RENTAL】SoftBank 303ZT,1,,,,,,,,【3-month(91days/90nights) RENTAL】SoftBank 303ZT,sb/sb.jpg,*,sb/sb.jpg,sb/sb.jpg,,,,,,,,,,,,,,,,,,,,,,0,1,en_sb_090_bt,,1,,20500,21850,,5,,,,,,,,,,,,,,,,,11,SoftBank
379,387,10,8,Not request(+￥0),Not sign up (+￥0),,,【3-month(91days/90nights) RENTAL】SoftBank 303ZT,1,,,,,,,,【3-month(91days/90nights) RENTAL】SoftBank 303ZT,sb/sb.jpg,*,sb/sb.jpg,sb/sb.jpg,,,,,,,,,,,,,,,,,,,,,,0,1,en_sb_090,,1,,20500,20500,,5,,,,,,,,,,,,,,,,,11,SoftBank
380,605,9,7,Request(+￥50/1day),Sign up (+￥540),,,【4-month(121days/120nights) RENTAL】SoftBank 303ZT,1,,,,,,,,【4-month(121days/120nights) RENTAL】SoftBank 303ZT,sb/sb.jpg,*,sb/sb.jpg,sb/sb.jpg,,,,,,,,,,,,,,,,,,,,,,0,1,en_sb_120_in_bt,,1,,23000,25190,,5,,,,,,,,,,,,,,,,,11,SoftBank
380,604,10,7,Not request(+￥0),Sign up (+￥540),,,【4-month(121days/120nights) RENTAL】SoftBank 303ZT,1,,,,,,,,【4-month(121days/120nights) RENTAL】SoftBank 303ZT,sb/sb.jpg,*,sb/sb.jpg,sb/sb.jpg,,,,,,,,,,,,,,,,,,,,,,0,1,en_sb_120_in,,1,,23000,23540,,5,,,,,,,,,,,,,,,,,11,SoftBank
380,603,9,8,Request(+￥50/1day),Not sign up (+￥0),,,【4-month(121days/120nights) RENTAL】SoftBank 303ZT,1,,,,,,,,【4-month(121days/120nights) RENTAL】SoftBank 303ZT,sb/sb.jpg,*,sb/sb.jpg,sb/sb.jpg,,,,,,,,,,,,,,,,,,,,,,0,1,en_sb_120_bt,,1,,23000,24650,,5,,,,,,,,,,,,,,,,,11,SoftBank
380,388,10,8,Not request(+￥0),Not sign up (+￥0),,,【4-month(121days/120nights) RENTAL】SoftBank 303ZT,1,,,,,,,,【4-month(121days/120nights) RENTAL】SoftBank 303ZT,sb/sb.jpg,*,sb/sb.jpg,sb/sb.jpg,,,,,,,,,,,,,,,,,,,,,,0,1,en_sb_120,,1,,23000,23000,,5,,,,,,,,,,,,,,,,,11,SoftBank
381,608,9,7,Request(+￥50/1day),Sign up (+￥540),,,【5-month(151days/150nights) RENTAL】SoftBank 303ZT,1,,,,,,,,【5-month(151days/150nights) RENTAL】SoftBank 303ZT,sb/sb.jpg,*,sb/sb.jpg,sb/sb.jpg,,,,,,,,,,,,,,,,,,,,,,0,1,en_sb_150_in_bt,,1,,25500,27990,,5,,,,,,,,,,,,,,,,,11,SoftBank
381,607,10,7,Not request(+￥0),Sign up (+￥540),,,【5-month(151days/150nights) RENTAL】SoftBank 303ZT,1,,,,,,,,【5-month(151days/150nights) RENTAL】SoftBank 303ZT,sb/sb.jpg,*,sb/sb.jpg,sb/sb.jpg,,,,,,,,,,,,,,,,,,,,,,0,1,en_sb_150_in,,1,,25500,26040,,5,,,,,,,,,,,,,,,,,11,SoftBank
381,606,9,8,Request(+￥50/1day),Not sign up (+￥0),,,【5-month(151days/150nights) RENTAL】SoftBank 303ZT,1,,,,,,,,【5-month(151days/150nights) RENTAL】SoftBank 303ZT,sb/sb.jpg,*,sb/sb.jpg,sb/sb.jpg,,,,,,,,,,,,,,,,,,,,,,0,1,en_sb_150_bt,,1,,25500,27450,,5,,,,,,,,,,,,,,,,,11,SoftBank
381,389,10,8,Not request(+￥0),Not sign up (+￥0),,,【5-month(151days/150nights) RENTAL】SoftBank 303ZT,1,,,,,,,,【5-month(151days/150nights) RENTAL】SoftBank 303ZT,sb/sb.jpg,*,sb/sb.jpg,sb/sb.jpg,,,,,,,,,,,,,,,,,,,,,,0,1,en_sb_150,,1,,25500,25500,,5,,,,,,,,,,,,,,,,,11,SoftBank
382,611,9,7,Request(+￥50/1day),Sign up (+￥540),,,【6-month(181days/180nights) RENTAL】SoftBank 303ZT,1,,,,,,,,【6-month(181days/180nights) RENTAL】SoftBank 303ZT,sb/sb.jpg,*,sb/sb.jpg,sb/sb.jpg,,,,,,,,,,,,,,,,,,,,,,0,1,en_sb_180_in_bt,,1,,28000,30790,,5,,,,,,,,,,,,,,,,,11,SoftBank
382,610,10,7,Not request(+￥0),Sign up (+￥540),,,【6-month(181days/180nights) RENTAL】SoftBank 303ZT,1,,,,,,,,【6-month(181days/180nights) RENTAL】SoftBank 303ZT,sb/sb.jpg,*,sb/sb.jpg,sb/sb.jpg,,,,,,,,,,,,,,,,,,,,,,0,1,en_sb_180_in,,1,,28000,28540,,5,,,,,,,,,,,,,,,,,11,SoftBank
382,609,9,8,Request(+￥50/1day),Not sign up (+￥0),,,【6-month(181days/180nights) RENTAL】SoftBank 303ZT,1,,,,,,,,【6-month(181days/180nights) RENTAL】SoftBank 303ZT,sb/sb.jpg,*,sb/sb.jpg,sb/sb.jpg,,,,,,,,,,,,,,,,,,,,,,0,1,en_sb_180_bt,,1,,28000,30250,,5,,,,,,,,,,,,,,,,,11,SoftBank
382,390,10,8,Not request(+￥0),Not sign up (+￥0),,,【6-month(181days/180nights) RENTAL】SoftBank 303ZT,1,,,,,,,,【6-month(181days/180nights) RENTAL】SoftBank 303ZT,sb/sb.jpg,*,sb/sb.jpg,sb/sb.jpg,,,,,,,,,,,,,,,,,,,,,,0,1,en_sb_180,,1,,28000,28000,,5,,,,,,,,,,,,,,,,,11,SoftBank
383,391,0,11,,"Yes, I rent a battery as well.",,,【1day extension of rental】SoftBank,1,,,,,,,,【1day extension of rental】SoftBank,sb_ex/ex.jpg,*,sb_ex/ex.jpg,sb_ex/ex.jpg,,,,,,,,,,,,,,,,,,,,,,0,1,en_sb_ex_000_bt,,1,,550,600,,5,,,,,,,,,,,,,,,,,12,SoftBank_extension
383,612,0,12,,"No, I rent a Wi-Fi router only.",,,【1day extension of rental】SoftBank,1,,,,,,,,【1day extension of rental】SoftBank,sb_ex/ex.jpg,*,sb_ex/ex.jpg,sb_ex/ex.jpg,,,,,,,,,,,,,,,,,,,,,,0,1,en_sb_ex_000,,1,,550,550,,5,,,,,,,,,,,,,,,,,12,SoftBank_extension
384,392,0,11,,"Yes, I rent a battery as well.",,,【2days/1nights extension of rental】SoftBank,1,,,,,,,,【2days/1nights extension of rental】SoftBank,sb_ex/ex.jpg,*,sb_ex/ex.jpg,sb_ex/ex.jpg,,,,,,,,,,,,,,,,,,,,,,0,1,en_sb_ex_001_bt,,1,,1100,1200,,5,,,,,,,,,,,,,,,,,12,SoftBank_extension
384,613,0,12,,"No, I rent a Wi-Fi router only.",,,【2days/1nights extension of rental】SoftBank,1,,,,,,,,【2days/1nights extension of rental】SoftBank,sb_ex/ex.jpg,*,sb_ex/ex.jpg,sb_ex/ex.jpg,,,,,,,,,,,,,,,,,,,,,,0,1,en_sb_ex_001,,1,,1100,1100,,5,,,,,,,,,,,,,,,,,12,SoftBank_extension
385,393,0,11,,"Yes, I rent a battery as well.",,,【3days/2nights extension of rental】SoftBank,1,,,,,,,,【3days/2nights extension of rental】SoftBank,sb_ex/ex.jpg,*,sb_ex/ex.jpg,sb_ex/ex.jpg,,,,,,,,,,,,,,,,,,,,,,0,1,en_sb_ex_002_bt,,1,,1650,1800,,5,,,,,,,,,,,,,,,,,12,SoftBank_extension
385,614,0,12,,"No, I rent a Wi-Fi router only.",,,【3days/2nights extension of rental】SoftBank,1,,,,,,,,【3days/2nights extension of rental】SoftBank,sb_ex/ex.jpg,*,sb_ex/ex.jpg,sb_ex/ex.jpg,,,,,,,,,,,,,,,,,,,,,,0,1,en_sb_ex_002,,1,,1650,1650,,5,,,,,,,,,,,,,,,,,12,SoftBank_extension
386,394,0,11,,"Yes, I rent a battery as well.",,,【4days/3nights extension of rental】SoftBank,1,,,,,,,,【4days/3nights extension of rental】SoftBank,sb_ex/ex.jpg,*,sb_ex/ex.jpg,sb_ex/ex.jpg,,,,,,,,,,,,,,,,,,,,,,0,1,en_sb_ex_003_bt,,1,,2200,2400,,5,,,,,,,,,,,,,,,,,12,SoftBank_extension
386,615,0,12,,"No, I rent a Wi-Fi router only.",,,【4days/3nights extension of rental】SoftBank,1,,,,,,,,【4days/3nights extension of rental】SoftBank,sb_ex/ex.jpg,*,sb_ex/ex.jpg,sb_ex/ex.jpg,,,,,,,,,,,,,,,,,,,,,,0,1,en_sb_ex_003,,1,,2200,2200,,5,,,,,,,,,,,,,,,,,12,SoftBank_extension
387,395,0,11,,"Yes, I rent a battery as well.",,,【5days/4nights extension of rental】SoftBank,1,,,,,,,,【5days/4nights extension of rental】SoftBank,sb_ex/ex.jpg,*,sb_ex/ex.jpg,sb_ex/ex.jpg,,,,,,,,,,,,,,,,,,,,,,0,1,en_sb_ex_004_bt,,1,,2750,3000,,5,,,,,,,,,,,,,,,,,12,SoftBank_extension
387,616,0,12,,"No, I rent a Wi-Fi router only.",,,【5days/4nights extension of rental】SoftBank,1,,,,,,,,【5days/4nights extension of rental】SoftBank,sb_ex/ex.jpg,*,sb_ex/ex.jpg,sb_ex/ex.jpg,,,,,,,,,,,,,,,,,,,,,,0,1,en_sb_ex_004,,1,,2750,2750,,5,,,,,,,,,,,,,,,,,12,SoftBank_extension
388,396,0,11,,"Yes, I rent a battery as well.",,,【6days/5nights extension of rental】SoftBank,1,,,,,,,,【6days/5nights extension of rental】SoftBank,sb_ex/ex.jpg,*,sb_ex/ex.jpg,sb_ex/ex.jpg,,,,,,,,,,,,,,,,,,,,,,0,1,en_sb_ex_005_bt,,1,,3300,3600,,5,,,,,,,,,,,,,,,,,12,SoftBank_extension
388,617,0,12,,"No, I rent a Wi-Fi router only.",,,【6days/5nights extension of rental】SoftBank,1,,,,,,,,【6days/5nights extension of rental】SoftBank,sb_ex/ex.jpg,*,sb_ex/ex.jpg,sb_ex/ex.jpg,,,,,,,,,,,,,,,,,,,,,,0,1,en_sb_ex_005,,1,,3300,3300,,5,,,,,,,,,,,,,,,,,12,SoftBank_extension
389,397,0,11,,"Yes, I rent a battery as well.",,,【7days/6nights extension of rental】SoftBank,1,,,,,,,,【7days/6nights extension of rental】SoftBank,sb_ex/ex.jpg,*,sb_ex/ex.jpg,sb_ex/ex.jpg,,,,,,,,,,,,,,,,,,,,,,0,1,en_sb_ex_006_bt,,1,,3850,4200,,5,,,,,,,,,,,,,,,,,12,SoftBank_extension
389,618,0,12,,"No, I rent a Wi-Fi router only.",,,【7days/6nights extension of rental】SoftBank,1,,,,,,,,【7days/6nights extension of rental】SoftBank,sb_ex/ex.jpg,*,sb_ex/ex.jpg,sb_ex/ex.jpg,,,,,,,,,,,,,,,,,,,,,,0,1,en_sb_ex_006,,1,,3850,3850,,5,,,,,,,,,,,,,,,,,12,SoftBank_extension
390,398,0,11,,"Yes, I rent a battery as well.",,,【8days/7nights extension of rental】SoftBank,1,,,,,,,,【8days/7nights extension of rental】SoftBank,sb_ex/ex.jpg,*,sb_ex/ex.jpg,sb_ex/ex.jpg,,,,,,,,,,,,,,,,,,,,,,0,1,en_sb_ex_007_bt,,1,,4400,4800,,5,,,,,,,,,,,,,,,,,12,SoftBank_extension
390,619,0,12,,"No, I rent a Wi-Fi router only.",,,【8days/7nights extension of rental】SoftBank,1,,,,,,,,【8days/7nights extension of rental】SoftBank,sb_ex/ex.jpg,*,sb_ex/ex.jpg,sb_ex/ex.jpg,,,,,,,,,,,,,,,,,,,,,,0,1,en_sb_ex_007,,1,,4400,4400,,5,,,,,,,,,,,,,,,,,12,SoftBank_extension
391,399,0,11,,"Yes, I rent a battery as well.",,,【9days/8nights extension of rental】SoftBank,1,,,,,,,,【9days/8nights extension of rental】SoftBank,sb_ex/ex.jpg,*,sb_ex/ex.jpg,sb_ex/ex.jpg,,,,,,,,,,,,,,,,,,,,,,0,1,en_sb_ex_008_bt,,1,,4950,5400,,5,,,,,,,,,,,,,,,,,12,SoftBank_extension
391,620,0,12,,"No, I rent a Wi-Fi router only.",,,【9days/8nights extension of rental】SoftBank,1,,,,,,,,【9days/8nights extension of rental】SoftBank,sb_ex/ex.jpg,*,sb_ex/ex.jpg,sb_ex/ex.jpg,,,,,,,,,,,,,,,,,,,,,,0,1,en_sb_ex_008,,1,,4950,4950,,5,,,,,,,,,,,,,,,,,12,SoftBank_extension
392,400,0,11,,"Yes, I rent a battery as well.",,,【10days/9nights extension of rental】SoftBank,1,,,,,,,,【10days/9nights extension of rental】SoftBank,sb_ex/ex.jpg,*,sb_ex/ex.jpg,sb_ex/ex.jpg,,,,,,,,,,,,,,,,,,,,,,0,1,en_sb_ex_009_bt,,1,,5500,6000,,5,,,,,,,,,,,,,,,,,12,SoftBank_extension
392,621,0,12,,"No, I rent a Wi-Fi router only.",,,【10days/9nights extension of rental】SoftBank,1,,,,,,,,【10days/9nights extension of rental】SoftBank,sb_ex/ex.jpg,*,sb_ex/ex.jpg,sb_ex/ex.jpg,,,,,,,,,,,,,,,,,,,,,,0,1,en_sb_ex_009,,1,,5500,5500,,5,,,,,,,,,,,,,,,,,12,SoftBank_extension
393,401,0,11,,"Yes, I rent a battery as well.",,,【11days/10nights extension of rental】SoftBank,1,,,,,,,,【11days/10nights extension of rental】SoftBank,sb_ex/ex.jpg,*,sb_ex/ex.jpg,sb_ex/ex.jpg,,,,,,,,,,,,,,,,,,,,,,0,1,en_sb_ex_010_bt,,1,,6050,6600,,5,,,,,,,,,,,,,,,,,12,SoftBank_extension
393,622,0,12,,"No, I rent a Wi-Fi router only.",,,【11days/10nights extension of rental】SoftBank,1,,,,,,,,【11days/10nights extension of rental】SoftBank,sb_ex/ex.jpg,*,sb_ex/ex.jpg,sb_ex/ex.jpg,,,,,,,,,,,,,,,,,,,,,,0,1,en_sb_ex_010,,1,,6050,6050,,5,,,,,,,,,,,,,,,,,12,SoftBank_extension
394,402,0,11,,"Yes, I rent a battery as well.",,,【12days/11nights extension of rental】SoftBank,1,,,,,,,,【12days/11nights extension of rental】SoftBank,sb_ex/ex.jpg,*,sb_ex/ex.jpg,sb_ex/ex.jpg,,,,,,,,,,,,,,,,,,,,,,0,1,en_sb_ex_011_bt,,1,,6600,7200,,5,,,,,,,,,,,,,,,,,12,SoftBank_extension
394,623,0,12,,"No, I rent a Wi-Fi router only.",,,【12days/11nights extension of rental】SoftBank,1,,,,,,,,【12days/11nights extension of rental】SoftBank,sb_ex/ex.jpg,*,sb_ex/ex.jpg,sb_ex/ex.jpg,,,,,,,,,,,,,,,,,,,,,,0,1,en_sb_ex_011,,1,,6600,6600,,5,,,,,,,,,,,,,,,,,12,SoftBank_extension
395,403,0,11,,"Yes, I rent a battery as well.",,,【13days/12nights extension of rental】SoftBank,1,,,,,,,,【13days/12nights extension of rental】SoftBank,sb_ex/ex.jpg,*,sb_ex/ex.jpg,sb_ex/ex.jpg,,,,,,,,,,,,,,,,,,,,,,0,1,en_sb_ex_012_bt,,1,,7150,7800,,5,,,,,,,,,,,,,,,,,12,SoftBank_extension
395,624,0,12,,"No, I rent a Wi-Fi router only.",,,【13days/12nights extension of rental】SoftBank,1,,,,,,,,【13days/12nights extension of rental】SoftBank,sb_ex/ex.jpg,*,sb_ex/ex.jpg,sb_ex/ex.jpg,,,,,,,,,,,,,,,,,,,,,,0,1,en_sb_ex_012,,1,,7150,7150,,5,,,,,,,,,,,,,,,,,12,SoftBank_extension
396,404,0,11,,"Yes, I rent a battery as well.",,,【14days/13nights extension of rental】SoftBank,1,,,,,,,,【14days/13nights extension of rental】SoftBank,sb_ex/ex.jpg,*,sb_ex/ex.jpg,sb_ex/ex.jpg,,,,,,,,,,,,,,,,,,,,,,0,1,en_sb_ex_013_bt,,1,,7700,8400,,5,,,,,,,,,,,,,,,,,12,SoftBank_extension
396,625,0,12,,"No, I rent a Wi-Fi router only.",,,【14days/13nights extension of rental】SoftBank,1,,,,,,,,【14days/13nights extension of rental】SoftBank,sb_ex/ex.jpg,*,sb_ex/ex.jpg,sb_ex/ex.jpg,,,,,,,,,,,,,,,,,,,,,,0,1,en_sb_ex_013,,1,,7700,7700,,5,,,,,,,,,,,,,,,,,12,SoftBank_extension
397,405,0,11,,"Yes, I rent a battery as well.",,,【15days/14nights〜1month extension of rental】SoftBank,1,,,,,,,,【15days/14nights〜1month extension of rental】SoftBank,sb_ex/ex.jpg,*,sb_ex/ex.jpg,sb_ex/ex.jpg,,,,,,,,,,,,,,,,,,,,,,0,1,en_sb_ex_014_bt,,1,,8250,9000,,5,,,,,,,,,,,,,,,,,12,SoftBank_extension
397,626,0,12,,"No, I rent a Wi-Fi router only.",,,【15days/14nights〜1month extension of rental】SoftBank,1,,,,,,,,【15days/14nights〜1month extension of rental】SoftBank,sb_ex/ex.jpg,*,sb_ex/ex.jpg,sb_ex/ex.jpg,,,,,,,,,,,,,,,,,,,,,,0,1,en_sb_ex_014,,1,,8250,8250,,5,,,,,,,,,,,,,,,,,12,SoftBank_extension
398,406,0,11,,"Yes, I rent a battery as well.",,,【2month extension of rental】SoftBank,1,,,,,,,,【2month extension of rental】SoftBank,sb_ex/ex.jpg,*,sb_ex/ex.jpg,sb_ex/ex.jpg,,,,,,,,,,,,,,,,,,,,,,0,1,en_sb_ex_060_bt,,1,,14650,15700,,5,,,,,,,,,,,,,,,,,12,SoftBank_extension
398,627,0,12,,"No, I rent a Wi-Fi router only.",,,【2month extension of rental】SoftBank,1,,,,,,,,【2month extension of rental】SoftBank,sb_ex/ex.jpg,*,sb_ex/ex.jpg,sb_ex/ex.jpg,,,,,,,,,,,,,,,,,,,,,,0,1,en_sb_ex_060,,1,,14650,14650,,5,,,,,,,,,,,,,,,,,12,SoftBank_extension
399,407,0,11,,"Yes, I rent a battery as well.",,,【3month extension of rental】SoftBank,1,,,,,,,,【3month extension of rental】SoftBank,sb_ex/ex.jpg,*,sb_ex/ex.jpg,sb_ex/ex.jpg,,,,,,,,,,,,,,,,,,,,,,0,1,en_sb_ex_090_bt,,1,,20500,21850,,5,,,,,,,,,,,,,,,,,12,SoftBank_extension
399,628,0,12,,"No, I rent a Wi-Fi router only.",,,【3month extension of rental】SoftBank,1,,,,,,,,【3month extension of rental】SoftBank,sb_ex/ex.jpg,*,sb_ex/ex.jpg,sb_ex/ex.jpg,,,,,,,,,,,,,,,,,,,,,,0,1,en_sb_ex_090,,1,,20500,20500,,5,,,,,,,,,,,,,,,,,12,SoftBank_extension
400,408,0,11,,"Yes, I rent a battery as well.",,,【4month extension of rental】SoftBank,1,,,,,,,,【4month extension of rental】SoftBank,sb_ex/ex.jpg,*,sb_ex/ex.jpg,sb_ex/ex.jpg,,,,,,,,,,,,,,,,,,,,,,0,1,en_sb_ex_120_bt,,1,,23000,24650,,5,,,,,,,,,,,,,,,,,12,SoftBank_extension
400,629,0,12,,"No, I rent a Wi-Fi router only.",,,【4month extension of rental】SoftBank,1,,,,,,,,【4month extension of rental】SoftBank,sb_ex/ex.jpg,*,sb_ex/ex.jpg,sb_ex/ex.jpg,,,,,,,,,,,,,,,,,,,,,,0,1,en_sb_ex_120,,1,,23000,23000,,5,,,,,,,,,,,,,,,,,12,SoftBank_extension
401,409,0,11,,"Yes, I rent a battery as well.",,,【5month extension of rental】SoftBank,1,,,,,,,,【5month extension of rental】SoftBank,sb_ex/ex.jpg,*,sb_ex/ex.jpg,sb_ex/ex.jpg,,,,,,,,,,,,,,,,,,,,,,0,1,en_sb_ex_150_bt,,1,,25500,27450,,5,,,,,,,,,,,,,,,,,12,SoftBank_extension
401,630,0,12,,"No, I rent a Wi-Fi router only.",,,【5month extension of rental】SoftBank,1,,,,,,,,【5month extension of rental】SoftBank,sb_ex/ex.jpg,*,sb_ex/ex.jpg,sb_ex/ex.jpg,,,,,,,,,,,,,,,,,,,,,,0,1,en_sb_ex_150,,1,,25500,25500,,5,,,,,,,,,,,,,,,,,12,SoftBank_extension
402,410,0,11,,"Yes, I rent a battery as well.",,,【6month extension of rental】SoftBank,1,,,,,,,,【6month extension of rental】SoftBank,sb_ex/ex.jpg,*,sb_ex/ex.jpg,sb_ex/ex.jpg,,,,,,,,,,,,,,,,,,,,,,0,1,en_sb_ex_180_bt,,1,,28000,30250,,5,,,,,,,,,,,,,,,,,12,SoftBank_extension
402,631,0,12,,"No, I rent a Wi-Fi router only.",,,【6month extension of rental】SoftBank,1,,,,,,,,【6month extension of rental】SoftBank,sb_ex/ex.jpg,*,sb_ex/ex.jpg,sb_ex/ex.jpg,,,,,,,,,,,,,,,,,,,,,,0,1,en_sb_ex_180,,1,,28000,28000,,5,,,,,,,,,,,,,,,,,12,SoftBank_extension
403,632,0,0,,,,,Quickly Delivery,1,,,,,,,,Quickly Delivery,option/quick_deli-01.jpg,"Please put this item into your shopping cart once and go back and then put a rental item into your shopping cart.

※Please place an order after contacting us <font color=""red""><font size=""3""><b>in advance </b></font> </font>by email or calling.",option/quick_deli-01.jpg,option/quick_deli-01.jpg,,,,,,,,,,,,,,,,,,,,,,0,1,quick_deli_540,,1,,540,540,,5,,,,,,,,,,,,,,,,,13,Option
404,633,0,0,,,,,The loss fee under insurance,1,,,,,,,,*,,*,,,,,,,,,,,,,,,,,,,,,,,,0,1,0,,1,,890,890,0,0,,,,,,,,,,,,,,,,,8,Ymobile_extension
405,634,0,0,,,,,A late fee for 10 days,1,,,,,,,,*,,*,,,,,,,,,,,,,,,,,,,,,,,,0,1,8888,,1,,8640,8640,0,0,,,,,,,,,,,,,,,,,11,SoftBank
406,635,0,0,,,,,The loss fee of Y!mobile GL06P,1,,,,,,,,*,,*,,,,,,,,,,,,,,,,,,,,,,,,0,1,20161027,0,0,,34560,34560,,0,,,,,,,,,,,,,,,,,8,Ymobile_extension
408,637,0,0,,,,,Delivery fee and commission for the alternative router,1,,,,,,,Delivery fee and commission for the alternative router,*,,*,,,,,,,,,,,,,,,,,,,,,,,,0,1,op_0001,,1,,,1620,,0,,,,,,,,,,,,,,,,,13,Option